work,tlg,book,n,text,text_clean,source
The Taking of Ilios,tlg001,1,1,τέρμα πολυκμήτοιο μεταχρόνιον πολέμοιο,τέρμα πολυκμήτοιο μεταχρόνιον πολέμοιο,tlg0647.tlg001.perseus-grc2.xml
The Taking of Ilios,tlg001,1,2,"καὶ λόχον, Ἀργείης ἱππήλατον ἔργον Ἀθήνης,","καὶ λόχον, Ἀργείης ἱππήλατον ἔργον Ἀθήνης,",tlg0647.tlg001.perseus-grc2.xml
The Taking of Ilios,tlg001,1,3,αὐτίκα μοι σπεύδοντι πολὺν διὰ μῦθον ἀνεῖσα,αὐτίκα μοι σπεύδοντι πολὺν διὰ μῦθον ἀνεῖσα,tlg0647.tlg001.perseus-grc2.xml
The Taking of Ilios,tlg001,1,4,"ἔννεπε, Καλλιόπεια, καὶ ἀρχαίην ἔριν ἀνδρῶν","ἔννεπε, Καλλιόπεια, καὶ ἀρχαίην ἔριν ἀνδρῶν",tlg0647.tlg001.perseus-grc2.xml
The Taking of Ilios,tlg001,1,5,κεκριμένου πολέμοιο ταχείῃ λῦσον ἀοιδῇ.,κεκριμένου πολέμοιο ταχείῃ λῦσον ἀοιδῇ.,tlg0647.tlg001.perseus-grc2.xml
The Taking of Ilios,tlg001,1,6,ἤδη μὲν δεκάτοιο κυλινδομένου λυκάβαντος,ἤδη μὲν δεκάτοιο κυλινδομένου λυκάβαντος,tlg0647.tlg001.perseus-grc2.xml
The Taking of Ilios,tlg001,1,7,γηραλέη τετάνυστο φόνων ἀκόρητος Ἐνυὼ,γηραλέη τετάνυστο φόνων ἀκόρητος Ἐνυὼ,tlg0647.tlg001.perseus-grc2.xml
The Taking of Ilios,tlg001,1,8,Τρωσί τε καὶ Δαναοῖσιν· ἐναιρομένων δʼ ἄρα φωτῶν,Τρωσί τε καὶ Δαναοῖσιν· ἐναιρομένων δ’ ἄρα φωτῶν,tlg0647.tlg001.perseus-grc2.xml
The Taking of Ilios,tlg001,1,9,"δούρατα κεκμήκει, ξιφέων δʼ ἔθνῃσκον ἀπειλαί,","δούρατα κεκμήκει, ξιφέων δ’ ἔθνῃσκον ἀπειλαί,",tlg0647.tlg001.perseus-grc2.xml
The Taking of Ilios,tlg001,1,10,"σβέννυτο θωρήκων ἐνοπή, μινύθεσκε δʼ ἑλικτὴ","σβέννυτο θωρήκων ἐνοπή, μινύθεσκε δ’ ἑλικτὴ",tlg0647.tlg001.perseus-grc2.xml
The Taking of Ilios,tlg001,1,11,"ἁρμονίη ῥηχθεῖσα φερεσσακέων τελαμώνων,","ἁρμονίη ῥηχθεῖσα φερεσσακέων τελαμώνων,",tlg0647.tlg001.perseus-grc2.xml
The Taking of Ilios,tlg001,1,12,"ἀσπίδες οὐκ ἀνέχοντο μένειν ἔτι δοῦπον ἀκόντων,","ἀσπίδες οὐκ ἀνέχοντο μένειν ἔτι δοῦπον ἀκόντων,",tlg0647.tlg001.perseus-grc2.xml
The Taking of Ilios,tlg001,1,13,"λύετο καμπύλα τόξα, κατέρρεον ὠκέες ἰοί.","λύετο καμπύλα τόξα, κατέρρεον ὠκέες ἰοί.",tlg0647.tlg001.perseus-grc2.xml
The Taking of Ilios,tlg001,1,14,ἵπποι δʼ οἱ μὲν ἄνευθεν ἀεργηλῆς ἐπὶ φάτνης,ἵπποι δ’ οἱ μὲν ἄνευθεν ἀεργηλῆς ἐπὶ φάτνης,tlg0647.tlg001.perseus-grc2.xml
The Taking of Ilios,tlg001,1,15,"οἰκτρὰ κάτω μύοντες ὁμόζυγας ἔστενον ἵππους,","οἰκτρὰ κάτω μύοντες ὁμόζυγας ἔστενον ἵππους,",tlg0647.tlg001.perseus-grc2.xml
The Taking of Ilios,tlg001,1,16,οἱ δʼ αὐτοὺς ποθέοντες ὀλωλότας ἡνιοχῆας.,οἱ δ’ αὐτοὺς ποθέοντες ὀλωλότας ἡνιοχῆας.,tlg0647.tlg001.perseus-grc2.xml
The Taking of Ilios,tlg001,1,17,"κεῖτο δὲ Πηλείδης μὲν ἔχων ἅμα νεκρὸν ἑταῖρον,","κεῖτο δὲ Πηλείδης μὲν ἔχων ἅμα νεκρὸν ἑταῖρον,",tlg0647.tlg001.perseus-grc2.xml
The Taking of Ilios,tlg001,1,18,"Ἀντιλόχῳ δʼ ἐπὶ παιδὶ γέρων ὠδύρετο Νέστωρ,","Ἀντιλόχῳ δ’ ἐπὶ παιδὶ γέρων ὠδύρετο Νέστωρ,",tlg0647.tlg001.perseus-grc2.xml
The Taking of Ilios,tlg001,1,19,Αἴας δʼ αὐτοφόνῳ βριαρὸν δέμας ἕλκεϊ λύσας,Αἴας δ’ αὐτοφόνῳ βριαρὸν δέμας ἕλκεϊ λύσας,tlg0647.tlg001.perseus-grc2.xml
The Taking of Ilios,tlg001,1,20,φάσγανον ἐχθρὸν ἔλουσε μεμηνότος αἵματος ὄμβρῳ.,φάσγανον ἐχθρὸν ἔλουσε μεμηνότος αἵματος ὄμβρῳ.,tlg0647.tlg001.perseus-grc2.xml
The Taking of Ilios,tlg001,1,21,Τρωσὶ δὲ λωβητῆρσιν ἐφʼ Ἕκτορος ἑλκυθμοῖσι,Τρωσὶ δὲ λωβητῆρσιν ἐφ’ Ἕκτορος ἑλκυθμοῖσι,tlg0647.tlg001.perseus-grc2.xml
The Taking of Ilios,tlg001,1,22,"μυρομένοις οὐ μοῦνον ἔην ἐπιδήμιον ἄλγος,","μυρομένοις οὐ μοῦνον ἔην ἐπιδήμιον ἄλγος,",tlg0647.tlg001.perseus-grc2.xml
The Taking of Ilios,tlg001,1,23,ἀλλὰ καὶ ἀλλοθρόοις ἐπὶ πένθεσι κωκύοντες,ἀλλὰ καὶ ἀλλοθρόοις ἐπὶ πένθεσι κωκύοντες,tlg0647.tlg001.perseus-grc2.xml
The Taking of Ilios,tlg001,1,24,δάκρυσιν ἠμείβοντο πολυγλώσσων ἐπικούρων.,δάκρυσιν ἠμείβοντο πολυγλώσσων ἐπικούρων.,tlg0647.tlg001.perseus-grc2.xml
The Taking of Ilios,tlg001,1,25,"κλαῖον μὲν Λύκιοι Σαρπηδόνα, τόν ποτε μήτηρ","κλαῖον μὲν Λύκιοι Σαρπηδόνα, τόν ποτε μήτηρ",tlg0647.tlg001.perseus-grc2.xml
The Taking of Ilios,tlg001,1,26,"ἐς Τροίην μὲν ἔπεμψεν ἀγαλλομένη Διὸς εὐνῇ,","ἐς Τροίην μὲν ἔπεμψεν ἀγαλλομένη Διὸς εὐνῇ,",tlg0647.tlg001.perseus-grc2.xml
The Taking of Ilios,tlg001,1,27,δουρὶ δὲ Πατρόκλοιο Μενοιτιάδαο πεσόντα,δουρὶ δὲ Πατρόκλοιο Μενοιτιάδαο πεσόντα,tlg0647.tlg001.perseus-grc2.xml
The Taking of Ilios,tlg001,1,28,αἵματι δακρύσας ἐχύθη πατρώιος ἀήρ.,αἵματι δακρύσας ἐχύθη πατρώιος ἀήρ.,tlg0647.tlg001.perseus-grc2.xml
The Taking of Ilios,tlg001,1,29,καὶ δολίην ὑπὸ νύκτα κακῷ πεπεδημένον ὕπνῳ,καὶ δολίην ὑπὸ νύκτα κακῷ πεπεδημένον ὕπνῳ,tlg0647.tlg001.perseus-grc2.xml
The Taking of Ilios,tlg001,1,30,Ῥῆσον μὲν Θρήικες ἐκώκυον· ἡ δʼ ἐπὶ πότμῳ,Ῥῆσον μὲν Θρήικες ἐκώκυον· ἡ δ’ ἐπὶ πότμῳ,tlg0647.tlg001.perseus-grc2.xml
The Taking of Ilios,tlg001,1,31,Μέμνονος οὐρανίην νεφέλην ἀνεδήσατο μήτηρ,Μέμνονος οὐρανίην νεφέλην ἀνεδήσατο μήτηρ,tlg0647.tlg001.perseus-grc2.xml
The Taking of Ilios,tlg001,1,32,φέγγος ὑποκλέψασα κατηφέος ἤματος Ἠώς.,φέγγος ὑποκλέψασα κατηφέος ἤματος Ἠώς.,tlg0647.tlg001.perseus-grc2.xml
The Taking of Ilios,tlg001,1,33,αἱ δʼ ἀπὸ Θερμώδοντος ἀρηιφίλοιο γυναῖκες,αἱ δ’ ἀπὸ Θερμώδοντος ἀρηιφίλοιο γυναῖκες,tlg0647.tlg001.perseus-grc2.xml
The Taking of Ilios,tlg001,1,34,κοπτόμεναι περίκυκλον ἀθηλέος ὄμφακα μαζοῦ,κοπτόμεναι περίκυκλον ἀθηλέος ὄμφακα μαζοῦ,tlg0647.tlg001.perseus-grc2.xml
The Taking of Ilios,tlg001,1,35,"παρθένον ὠδύροντο δαΐφρονα Πενθεσίλειαν,","παρθένον ὠδύροντο δαΐφρονα Πενθεσίλειαν,",tlg0647.tlg001.perseus-grc2.xml
The Taking of Ilios,tlg001,1,36,ἥτε πολυξείνοιο χορὸν πολέμοιο μολοῦσα,ἥτε πολυξείνοιο χορὸν πολέμοιο μολοῦσα,tlg0647.tlg001.perseus-grc2.xml
The Taking of Ilios,tlg001,1,37,θηλείης ὑπὸ χειρὸς ἀπεσκέδασεν νέφος ἀνδρῶν,θηλείης ὑπὸ χειρὸς ἀπεσκέδασεν νέφος ἀνδρῶν,tlg0647.tlg001.perseus-grc2.xml
The Taking of Ilios,tlg001,1,38,νῆας ἐς ἀγχιάλους· μελίῃ δέ ἑ μοῦνος ὑποστὰς,νῆας ἐς ἀγχιάλους· μελίῃ δέ ἑ μοῦνος ὑποστὰς,tlg0647.tlg001.perseus-grc2.xml
The Taking of Ilios,tlg001,1,39,καὶ κτάνε καὶ σύλησε καὶ ἐκτερέιξεν Ἀχιλλεύς.,καὶ κτάνε καὶ σύλησε καὶ ἐκτερέιξεν Ἀχιλλεύς.,tlg0647.tlg001.perseus-grc2.xml
The Taking of Ilios,tlg001,1,40,εἱστήκει δʼ ἔτι πᾶσα θεοδμήτων ὑπὸ πύργων,εἱστήκει δ’ ἔτι πᾶσα θεοδμήτων ὑπὸ πύργων,tlg0647.tlg001.perseus-grc2.xml
The Taking of Ilios,tlg001,1,41,"Ἴλιος ἀκλινέεσσιν ἐπεμβεβαυῖα θεμέθλοις,","Ἴλιος ἀκλινέεσσιν ἐπεμβεβαυῖα θεμέθλοις,",tlg0647.tlg001.perseus-grc2.xml
The Taking of Ilios,tlg001,1,42,ἀμβολίῃ δʼ ἤσχαλλε δυσαχθέι λαὸς Ἀχαιῶν.,ἀμβολίῃ δ’ ἤσχαλλε δυσαχθέι λαὸς Ἀχαιῶν.,tlg0647.tlg001.perseus-grc2.xml
The Taking of Ilios,tlg001,1,43,καί νύ κεν ὑστατίοισιν ἐποκνήσασα πόνοισιν,καί νύ κεν ὑστατίοισιν ἐποκνήσασα πόνοισιν,tlg0647.tlg001.perseus-grc2.xml
The Taking of Ilios,tlg001,1,44,"ἀκάματός περ ἐοῦσα μάτην ἵδρωσεν Ἀθήνη,","ἀκάματός περ ἐοῦσα μάτην ἵδρωσεν Ἀθήνη,",tlg0647.tlg001.perseus-grc2.xml
The Taking of Ilios,tlg001,1,45,εἰ μὴ Δηιφόβοιο γαμοκλόπον ὕβριν ἐάσας,εἰ μὴ Δηιφόβοιο γαμοκλόπον ὕβριν ἐάσας,tlg0647.tlg001.perseus-grc2.xml
The Taking of Ilios,tlg001,1,46,"Ἰλιόθεν Δαναοῖσιν ἐπὶ ξένος ἤλυθε μάντις,","Ἰλιόθεν Δαναοῖσιν ἐπὶ ξένος ἤλυθε μάντις,",tlg0647.tlg001.perseus-grc2.xml
The Taking of Ilios,tlg001,1,47,οἷα δέ που μογέοντι χαριζόμενος Μενελάῳ,οἷα δέ που μογέοντι χαριζόμενος Μενελάῳ,tlg0647.tlg001.perseus-grc2.xml
The Taking of Ilios,tlg001,1,48,ὀψιτέλεστον ὄλεθρον ἑῇ μαντεύσατο πάτρῃ.,ὀψιτέλεστον ὄλεθρον ἑῇ μαντεύσατο πάτρῃ.,tlg0647.tlg001.perseus-grc2.xml
The Taking of Ilios,tlg001,1,49,οἱ δὲ βαρυζήλοιο θεοπροπίῃς Ἑλένοιο,οἱ δὲ βαρυζήλοιο θεοπροπίῃς Ἑλένοιο,tlg0647.tlg001.perseus-grc2.xml
The Taking of Ilios,tlg001,1,50,αὐτίκα μηκεδανοῖο μόθου τέλος ἠρτύναντο.,αὐτίκα μηκεδανοῖο μόθου τέλος ἠρτύναντο.,tlg0647.tlg001.perseus-grc2.xml
The Taking of Ilios,tlg001,1,51,καὶ Σκῦρον μὲν ἔβαινε λιπὼν εὐπάρθενον ἄστυ,καὶ Σκῦρον μὲν ἔβαινε λιπὼν εὐπάρθενον ἄστυ,tlg0647.tlg001.perseus-grc2.xml
The Taking of Ilios,tlg001,1,52,υἱὸς Ἀχιλλῆος καὶ ἐπαινῆς Δηιδαμείης·,υἱὸς Ἀχιλλῆος καὶ ἐπαινῆς Δηιδαμείης·,tlg0647.tlg001.perseus-grc2.xml
The Taking of Ilios,tlg001,1,53,μήπω δʼ εὐφυέεσσιν ἰουλίζων κροτάφοισιν,μήπω δ’ εὐφυέεσσιν ἰουλίζων κροτάφοισιν,tlg0647.tlg001.perseus-grc2.xml
The Taking of Ilios,tlg001,1,54,ἀλκὴν πατρὸς ἔφαινε νέος περ ἐὼν πολεμιστής.,ἀλκὴν πατρὸς ἔφαινε νέος περ ἐὼν πολεμιστής.,tlg0647.tlg001.perseus-grc2.xml
The Taking of Ilios,tlg001,1,55,ἦλθε δὲ καὶ Δαναοῖσιν ἑὸν βρέτας ἁγνὸν ἄγουσα,ἦλθε δὲ καὶ Δαναοῖσιν ἑὸν βρέτας ἁγνὸν ἄγουσα,tlg0647.tlg001.perseus-grc2.xml
The Taking of Ilios,tlg001,1,56,"ληιστὴ μὲν ἐοῦσα, φίλοις δʼ ἐπίκουρος Ἀθήνη.","ληιστὴ μὲν ἐοῦσα, φίλοις δ’ ἐπίκουρος Ἀθήνη.",tlg0647.tlg001.perseus-grc2.xml
The Taking of Ilios,tlg001,1,57,ἤδη καὶ βουλῇσι θεῆς ὑποεργὸς Ἐπειὸς,ἤδη καὶ βουλῇσι θεῆς ὑποεργὸς Ἐπειὸς,tlg0647.tlg001.perseus-grc2.xml
The Taking of Ilios,tlg001,1,58,Τροίης ἐχθρὸν ἄγαλμα πελώριον ἵππον ἐποίει.,Τροίης ἐχθρὸν ἄγαλμα πελώριον ἵππον ἐποίει.,tlg0647.tlg001.perseus-grc2.xml
The Taking of Ilios,tlg001,1,59,καὶ δὴ τέμνετο δοῦρα καὶ ἐς πεδίον κατέβαινεν,καὶ δὴ τέμνετο δοῦρα καὶ ἐς πεδίον κατέβαινεν,tlg0647.tlg001.perseus-grc2.xml
The Taking of Ilios,tlg001,1,60,"Ἴδης ἐξ αὐτῆς, ὁπόθεν καὶ πρόσθε Φέρεκλος","Ἴδης ἐξ αὐτῆς, ὁπόθεν καὶ πρόσθε Φέρεκλος",tlg0647.tlg001.perseus-grc2.xml
The Taking of Ilios,tlg001,1,61,"νῆας Ἀλεξάνδρῳ τεκτήνατο, πήματος ἀρχήν.","νῆας Ἀλεξάνδρῳ τεκτήνατο, πήματος ἀρχήν.",tlg0647.tlg001.perseus-grc2.xml
The Taking of Ilios,tlg001,1,62,ποίει δʼ εὐρυτάτῃς μὲν ἐπὶ πλευρῇς ἀραρυῖαν,ποίει δ’ εὐρυτάτῃς μὲν ἐπὶ πλευρῇς ἀραρυῖαν,tlg0647.tlg001.perseus-grc2.xml
The Taking of Ilios,tlg001,1,63,"γαστέρα κοιλήνας, ὁπόσον νεὸς ἀμφιελίσσης","γαστέρα κοιλήνας, ὁπόσον νεὸς ἀμφιελίσσης",tlg0647.tlg001.perseus-grc2.xml
The Taking of Ilios,tlg001,1,64,ὀρθὸν ἐπὶ στάθμην μέγεθος τορνώσατο τέκτων.,ὀρθὸν ἐπὶ στάθμην μέγεθος τορνώσατο τέκτων.,tlg0647.tlg001.perseus-grc2.xml
The Taking of Ilios,tlg001,1,65,αὐχένα δὲ γλαφυροῖσιν ἐπὶ στήθεσσιν ἔπηξε,αὐχένα δὲ γλαφυροῖσιν ἐπὶ στήθεσσιν ἔπηξε,tlg0647.tlg001.perseus-grc2.xml
The Taking of Ilios,tlg001,1,66,ξανθῷ πορφυρόπεζαν ἐπιρρήνας τρίχα χρυσῷ·,ξανθῷ πορφυρόπεζαν ἐπιρρήνας τρίχα χρυσῷ·,tlg0647.tlg001.perseus-grc2.xml
The Taking of Ilios,tlg001,1,67,ἡ δʼ ἐπικυμαίνουσα μετήορος αὐχένι κυρτῷ,ἡ δ’ ἐπικυμαίνουσα μετήορος αὐχένι κυρτῷ,tlg0647.tlg001.perseus-grc2.xml
The Taking of Ilios,tlg001,1,68,ἐκ κορυφῆς λοφόεντι κατεσφρηγίζετο δεσμῷ.,ἐκ κορυφῆς λοφόεντι κατεσφρηγίζετο δεσμῷ.,tlg0647.tlg001.perseus-grc2.xml
The Taking of Ilios,tlg001,1,69,ὀφθαλμοὺς δʼ ἐνέθηκε λιθώπεας ἐν δυσὶ κύκλοις,ὀφθαλμοὺς δ’ ἐνέθηκε λιθώπεας ἐν δυσὶ κύκλοις,tlg0647.tlg001.perseus-grc2.xml
The Taking of Ilios,tlg001,1,70,γλαυκῆς βηρύλλοιο καὶ αἱμαλέης ἀμεθύσσου·,γλαυκῆς βηρύλλοιο καὶ αἱμαλέης ἀμεθύσσου·,tlg0647.tlg001.perseus-grc2.xml
The Taking of Ilios,tlg001,1,71,τῶν δʼ ἐπιμισγομένων διδύμης ἀμαρύγματι χροιῆς,τῶν δ’ ἐπιμισγομένων διδύμης ἀμαρύγματι χροιῆς,tlg0647.tlg001.perseus-grc2.xml
The Taking of Ilios,tlg001,1,72,γλαυκῶν φοινίσσοντο λίθων ἑλίκεσσιν ὀπωπαί.,γλαυκῶν φοινίσσοντο λίθων ἑλίκεσσιν ὀπωπαί.,tlg0647.tlg001.perseus-grc2.xml
The Taking of Ilios,tlg001,1,73,ἀργυφέους δʼ ἐχάραξεν ἐπὶ γναθμοῖσιν ὀδόντας,ἀργυφέους δ’ ἐχάραξεν ἐπὶ γναθμοῖσιν ὀδόντας,tlg0647.tlg001.perseus-grc2.xml
The Taking of Ilios,tlg001,1,74,ἄκρα δακεῖν σπεύδοντας ἐυστρέπτοιο χαλινοῦ·,ἄκρα δακεῖν σπεύδοντας ἐυστρέπτοιο χαλινοῦ·,tlg0647.tlg001.perseus-grc2.xml
The Taking of Ilios,tlg001,1,75,καὶ στόματος μεγάλοιο λαθὼν ἀνέῳξε κελεύθους,καὶ στόματος μεγάλοιο λαθὼν ἀνέῳξε κελεύθους,tlg0647.tlg001.perseus-grc2.xml
The Taking of Ilios,tlg001,1,76,"ἀνδράσι κευθομένοισι παλίρροον ἆσθμα φυλάσσων,","ἀνδράσι κευθομένοισι παλίρροον ἆσθμα φυλάσσων,",tlg0647.tlg001.perseus-grc2.xml
The Taking of Ilios,tlg001,1,77,καὶ διὰ μυκτήρων φυσίζοος ἔρρεεν ἀήρ.,καὶ διὰ μυκτήρων φυσίζοος ἔρρεεν ἀήρ.,tlg0647.tlg001.perseus-grc2.xml
The Taking of Ilios,tlg001,1,78,οὔατα δʼ ἀκροτάτοισιν ἐπὶ κροτάφοισιν ἄρηρεν,οὔατα δ’ ἀκροτάτοισιν ἐπὶ κροτάφοισιν ἄρηρεν,tlg0647.tlg001.perseus-grc2.xml
The Taking of Ilios,tlg001,1,79,"ὀρθὰ μάλʼ, αἰὲν ἑτοῖμα μένειν σάλπιγγος ἀκουήν.","ὀρθὰ μάλ’, αἰὲν ἑτοῖμα μένειν σάλπιγγος ἀκουήν.",tlg0647.tlg001.perseus-grc2.xml
The Taking of Ilios,tlg001,1,80,"νῶτα δʼ ὁμοῦ λαγόνεσσι συνήρμοσε καὶ ῥάχιν ὑγρήν,","νῶτα δ’ ὁμοῦ λαγόνεσσι συνήρμοσε καὶ ῥάχιν ὑγρήν,",tlg0647.tlg001.perseus-grc2.xml
The Taking of Ilios,tlg001,1,81,ἰσχία δὲ γλουτοῖσιν ὀλισθηροῖσι συνῆψε.,ἰσχία δὲ γλουτοῖσιν ὀλισθηροῖσι συνῆψε.,tlg0647.tlg001.perseus-grc2.xml
The Taking of Ilios,tlg001,1,82,σύρετο δὲ πρυμνοῖσιν ἐπʼ ἴχνεσιν ἔκλυτος οὐρὴ,σύρετο δὲ πρυμνοῖσιν ἐπ’ ἴχνεσιν ἔκλυτος οὐρὴ,tlg0647.tlg001.perseus-grc2.xml
The Taking of Ilios,tlg001,1,83,ἄμπελος ὣς γναμπτοῖσι καθελκομένη θυσάνοισιν.,ἄμπελος ὣς γναμπτοῖσι καθελκομένη θυσάνοισιν.,tlg0647.tlg001.perseus-grc2.xml
The Taking of Ilios,tlg001,1,84,οἱ δὲ πόδες βαλίοισιν ἐπερχόμενοι γονάτεσσιν,οἱ δὲ πόδες βαλίοισιν ἐπερχόμενοι γονάτεσσιν,tlg0647.tlg001.perseus-grc2.xml
The Taking of Ilios,tlg001,1,85,"εὔπτερον ὥσπερ ἔμελλον ἐπὶ δρόμον ὁπλίζεσθαι,","εὔπτερον ὥσπερ ἔμελλον ἐπὶ δρόμον ὁπλίζεσθαι,",tlg0647.tlg001.perseus-grc2.xml
The Taking of Ilios,tlg001,1,86,οὕτως ἠπείγοντο· μένειν δʼ ἐκέλευεν ἀνάγκη.,οὕτως ἠπείγοντο· μένειν δ’ ἐκέλευεν ἀνάγκη.,tlg0647.tlg001.perseus-grc2.xml
The Taking of Ilios,tlg001,1,87,"οὐ μὲν ὑπὸ κνήμῃσιν ἀχαλκέες ἔξεχον ὁπλαί,","οὐ μὲν ὑπὸ κνήμῃσιν ἀχαλκέες ἔξεχον ὁπλαί,",tlg0647.tlg001.perseus-grc2.xml
The Taking of Ilios,tlg001,1,88,μαρμαρέης δʼ ἑλίκεσσι κατεσφήκωντο χελώνης,μαρμαρέης δ’ ἑλίκεσσι κατεσφήκωντο χελώνης,tlg0647.tlg001.perseus-grc2.xml
The Taking of Ilios,tlg001,1,89,ἁπτόμεναι πεδίοιο μόγις κρατερώνυχι χαλκῷ.,ἁπτόμεναι πεδίοιο μόγις κρατερώνυχι χαλκῷ.,tlg0647.tlg001.perseus-grc2.xml
The Taking of Ilios,tlg001,1,90,"κληιστὴν δʼ ἐνέθηκε θύρην καὶ κλίμακα τυκτήν,","κληιστὴν δ’ ἐνέθηκε θύρην καὶ κλίμακα τυκτήν,",tlg0647.tlg001.perseus-grc2.xml
The Taking of Ilios,tlg001,1,91,ἡ μὲν ὅπως ἀίδηλος ἐπὶ πλευρῇς ἀραρυῖα,ἡ μὲν ὅπως ἀίδηλος ἐπὶ πλευρῇς ἀραρυῖα,tlg0647.tlg001.perseus-grc2.xml
The Taking of Ilios,tlg001,1,92,"ἔνθα καὶ ἔνθα φέρῃσι λόχον κλυτόπωλον Ἀχαιῶν,","ἔνθα καὶ ἔνθα φέρῃσι λόχον κλυτόπωλον Ἀχαιῶν,",tlg0647.tlg001.perseus-grc2.xml
The Taking of Ilios,tlg001,1,93,ἡ δʼ ἵνα λυομένη τε καὶ ἔμπεδον εἰς ἓν ἰοῦσα,ἡ δ’ ἵνα λυομένη τε καὶ ἔμπεδον εἰς ἓν ἰοῦσα,tlg0647.tlg001.perseus-grc2.xml
The Taking of Ilios,tlg001,1,94,εἴη σφιν καθύπερθεν ὁδὸς καὶ νέρθεν ὀροῦσαι.,εἴη σφιν καθύπερθεν ὁδὸς καὶ νέρθεν ὀροῦσαι.,tlg0647.tlg001.perseus-grc2.xml
The Taking of Ilios,tlg001,1,95,ἀμφὶ δέ μιν λευκοῖο κατʼ αὐχένος ἠδὲ γενείων,ἀμφὶ δέ μιν λευκοῖο κατ’ αὐχένος ἠδὲ γενείων,tlg0647.tlg001.perseus-grc2.xml
The Taking of Ilios,tlg001,1,96,ἄνθεσι πορφυρέοισι πέριξ ἔζωσεν ἱμάντων,ἄνθεσι πορφυρέοισι πέριξ ἔζωσεν ἱμάντων,tlg0647.tlg001.perseus-grc2.xml
The Taking of Ilios,tlg001,1,97,καὶ σκολιῇς ἑλίκεσσιν ἀναγκαίοιο χαλινοῦ,καὶ σκολιῇς ἑλίκεσσιν ἀναγκαίοιο χαλινοῦ,tlg0647.tlg001.perseus-grc2.xml
The Taking of Ilios,tlg001,1,98,κολλήσας ἐλέφαντι καὶ ἀργυροδίνεϊ χαλκῷ.,κολλήσας ἐλέφαντι καὶ ἀργυροδίνεϊ χαλκῷ.,tlg0647.tlg001.perseus-grc2.xml
The Taking of Ilios,tlg001,1,99,"αὐτὰρ ἐπειδὴ πάντα κάμεν μενεδήιον ἵππον,","αὐτὰρ ἐπειδὴ πάντα κάμεν μενεδήιον ἵππον,",tlg0647.tlg001.perseus-grc2.xml
The Taking of Ilios,tlg001,1,100,κύκλον ἐυκνήμιδα ποδῶν ὑπέθηκεν ἑκάστῳ,κύκλον ἐυκνήμιδα ποδῶν ὑπέθηκεν ἑκάστῳ,tlg0647.tlg001.perseus-grc2.xml
The Taking of Ilios,tlg001,1,101,ἑλκόμενος πεδίοισιν ὅπως πειθήνιος εἴη,ἑλκόμενος πεδίοισιν ὅπως πειθήνιος εἴη,tlg0647.tlg001.perseus-grc2.xml
The Taking of Ilios,tlg001,1,102,μηδὲ βιαζομένοισι δυσέμβατον οἶμον ὁδεύῃ.,μηδὲ βιαζομένοισι δυσέμβατον οἶμον ὁδεύῃ.,tlg0647.tlg001.perseus-grc2.xml
The Taking of Ilios,tlg001,1,103,ὣς ὁ μὲν ἐξήστραπτε φόβῳ καὶ κάλλεϊ πολλῷ,ὣς ὁ μὲν ἐξήστραπτε φόβῳ καὶ κάλλεϊ πολλῷ,tlg0647.tlg001.perseus-grc2.xml
The Taking of Ilios,tlg001,1,104,"εὐρύς θʼ ὑψηλός τε· τὸν οὐδέ κεν ἀρνήσαιτο,","εὐρύς θ’ ὑψηλός τε· τὸν οὐδέ κεν ἀρνήσαιτο,",tlg0647.tlg001.perseus-grc2.xml
The Taking of Ilios,tlg001,1,105,"εἴ μιν ζωὸν ἔτετμεν, ἐλαυνέμεν ἵππιος Ἄρης.","εἴ μιν ζωὸν ἔτετμεν, ἐλαυνέμεν ἵππιος Ἄρης.",tlg0647.tlg001.perseus-grc2.xml
The Taking of Ilios,tlg001,1,106,"ἀμφὶ δέ μιν μέγα τεῖχος ἐλήλατο, μή τις Ἀχαιῶν","ἀμφὶ δέ μιν μέγα τεῖχος ἐλήλατο, μή τις Ἀχαιῶν",tlg0647.tlg001.perseus-grc2.xml
The Taking of Ilios,tlg001,1,107,"πρίν μιν ἐσαθρήσειε, δόλον δʼ ἀνάπυστον ἀνάψῃ.","πρίν μιν ἐσαθρήσειε, δόλον δ’ ἀνάπυστον ἀνάψῃ.",tlg0647.tlg001.perseus-grc2.xml
The Taking of Ilios,tlg001,1,108,οἱ δὲ Μυκηναίης Ἀγαμέμνονος ἐγγύθι νηὸς,οἱ δὲ Μυκηναίης Ἀγαμέμνονος ἐγγύθι νηὸς,tlg0647.tlg001.perseus-grc2.xml
The Taking of Ilios,tlg001,1,109,λαῶν ὀρνυμένων ὅμαδον καὶ κῦμα φυγόντες,λαῶν ὀρνυμένων ὅμαδον καὶ κῦμα φυγόντες,tlg0647.tlg001.perseus-grc2.xml
The Taking of Ilios,tlg001,1,110,ἐς βουλὴν βασιλῆες ἀολλίσθησαν Ἀχαιῶν.,ἐς βουλὴν βασιλῆες ἀολλίσθησαν Ἀχαιῶν.,tlg0647.tlg001.perseus-grc2.xml
The Taking of Ilios,tlg001,1,111,ἡ δὲ τανυφθόγγοιο δέμας κήρυκος ἑλοῦσα,ἡ δὲ τανυφθόγγοιο δέμας κήρυκος ἑλοῦσα,tlg0647.tlg001.perseus-grc2.xml
The Taking of Ilios,tlg001,1,112,συμφράδμων Ὀδυσῆι παρίστατο θοῦρις Ἀθήνη,συμφράδμων Ὀδυσῆι παρίστατο θοῦρις Ἀθήνη,tlg0647.tlg001.perseus-grc2.xml
The Taking of Ilios,tlg001,1,113,ἀνδρὸς ἐπιχρίουσα μελίχροϊ νέκταρι φωνήν.,ἀνδρὸς ἐπιχρίουσα μελίχροϊ νέκταρι φωνήν.,tlg0647.tlg001.perseus-grc2.xml
The Taking of Ilios,tlg001,1,114,αὐτὰρ ὁ δαιμονίῃσι νόον βουλῇσιν ἑλίσσων,αὐτὰρ ὁ δαιμονίῃσι νόον βουλῇσιν ἑλίσσων,tlg0647.tlg001.perseus-grc2.xml
The Taking of Ilios,tlg001,1,115,πρῶτα μὲν εἱστήκει κενεόφρονι φωτὶ ἐοικὼς,πρῶτα μὲν εἱστήκει κενεόφρονι φωτὶ ἐοικὼς,tlg0647.tlg001.perseus-grc2.xml
The Taking of Ilios,tlg001,1,116,"ὄμματος ἀτρέπτοιο βολὴν ἐπὶ γαῖαν ἐρείσας,","ὄμματος ἀτρέπτοιο βολὴν ἐπὶ γαῖαν ἐρείσας,",tlg0647.tlg001.perseus-grc2.xml
The Taking of Ilios,tlg001,1,117,ἄφνω δʼ ἀενάων ἐπέων ὠδῖνας ἀνοίξας,ἄφνω δ’ ἀενάων ἐπέων ὠδῖνας ἀνοίξας,tlg0647.tlg001.perseus-grc2.xml
The Taking of Ilios,tlg001,1,118,δεινὸν ἀνεβρόντησε καὶ ἠερίης ἅτε πηγῆς,δεινὸν ἀνεβρόντησε καὶ ἠερίης ἅτε πηγῆς,tlg0647.tlg001.perseus-grc2.xml
The Taking of Ilios,tlg001,1,119,ἐξέχεεν μέγα λαῖτμα μελισταγέος νιφετοῖο·,ἐξέχεεν μέγα λαῖτμα μελισταγέος νιφετοῖο·,tlg0647.tlg001.perseus-grc2.xml
The Taking of Ilios,tlg001,1,120,"ὦ φίλοι, ἤδη μὲν κρύφιος λόχος ἐκτετέλεσται","ὦ φίλοι, ἤδη μὲν κρύφιος λόχος ἐκτετέλεσται",tlg0647.tlg001.perseus-grc2.xml
The Taking of Ilios,tlg001,1,121,"χερσὶ μὲν ἀνδρομέῃσιν, ἀτὰρ βουλῇσιν Ἀθήνης.","χερσὶ μὲν ἀνδρομέῃσιν, ἀτὰρ βουλῇσιν Ἀθήνης.",tlg0647.tlg001.perseus-grc2.xml
The Taking of Ilios,tlg001,1,122,"ὑμεῖς δʼ, οἵτε μάλιστα πεποίθατε κάρτεϊ χειρῶν,","ὑμεῖς δ’, οἵτε μάλιστα πεποίθατε κάρτεϊ χειρῶν,",tlg0647.tlg001.perseus-grc2.xml
The Taking of Ilios,tlg001,1,123,πρόφρονες ἀλκήεντι νόῳ καὶ τλήμονι θυμῷ,πρόφρονες ἀλκήεντι νόῳ καὶ τλήμονι θυμῷ,tlg0647.tlg001.perseus-grc2.xml
The Taking of Ilios,tlg001,1,124,σπέσθε μοι· οὐ γὰρ ἔοικε πολὺν χρόνον ἐνθάδʼ ἐόντας,σπέσθε μοι· οὐ γὰρ ἔοικε πολὺν χρόνον ἐνθάδ’ ἐόντας,tlg0647.tlg001.perseus-grc2.xml
The Taking of Ilios,tlg001,1,125,"μοχθίζειν ἀτέλεστα καὶ ἀχρέα γηράσκοντας,","μοχθίζειν ἀτέλεστα καὶ ἀχρέα γηράσκοντας,",tlg0647.tlg001.perseus-grc2.xml
The Taking of Ilios,tlg001,1,126,ἀλλὰ χρὴ ζώοντας ἀοίδιμον ἔργον ἀνύσσαι,ἀλλὰ χρὴ ζώοντας ἀοίδιμον ἔργον ἀνύσσαι,tlg0647.tlg001.perseus-grc2.xml
The Taking of Ilios,tlg001,1,127,ἢ θανάτῳ βροτόεντι κακοκλεὲς αἶσχος ἀλύξαι.,ἢ θανάτῳ βροτόεντι κακοκλεὲς αἶσχος ἀλύξαι.,tlg0647.tlg001.perseus-grc2.xml
The Taking of Ilios,tlg001,1,128,"ἡμῖν θαλπωραὶ προφερέστεραι ἤπερ ἐκείνοις,","ἡμῖν θαλπωραὶ προφερέστεραι ἤπερ ἐκείνοις,",tlg0647.tlg001.perseus-grc2.xml
The Taking of Ilios,tlg001,1,129,εἰ μήπω στρουθοῖο καὶ ἀρχαίοιο δράκοντος,εἰ μήπω στρουθοῖο καὶ ἀρχαίοιο δράκοντος,tlg0647.tlg001.perseus-grc2.xml
The Taking of Ilios,tlg001,1,130,καὶ καλῆς πλατάνοιο καὶ ὠκυμόροις ἐπὶ τέκνοις,καὶ καλῆς πλατάνοιο καὶ ὠκυμόροις ἐπὶ τέκνοις,tlg0647.tlg001.perseus-grc2.xml
The Taking of Ilios,tlg001,1,131,μητέρος ἑλκομένης ἁπαλῶν τʼ ἐλάθεσθε νεοσσῶν.,μητέρος ἑλκομένης ἁπαλῶν τ’ ἐλάθεσθε νεοσσῶν.,tlg0647.tlg001.perseus-grc2.xml
The Taking of Ilios,tlg001,1,132,"εἰ δὲ θεοπροπίῃσι γέρων ἀνεβάλλετο Κάλχας,","εἰ δὲ θεοπροπίῃσι γέρων ἀνεβάλλετο Κάλχας,",tlg0647.tlg001.perseus-grc2.xml
The Taking of Ilios,tlg001,1,133,ἀλλὰ καὶ ὣς Ἑλένοιο μετήλυδος ὀμφητῆρος,ἀλλὰ καὶ ὣς Ἑλένοιο μετήλυδος ὀμφητῆρος,tlg0647.tlg001.perseus-grc2.xml
The Taking of Ilios,tlg001,1,134,μαντοσύναι καλέουσιν ἑτοιμοτάτην ἐπὶ νίκην.,μαντοσύναι καλέουσιν ἑτοιμοτάτην ἐπὶ νίκην.,tlg0647.tlg001.perseus-grc2.xml
The Taking of Ilios,tlg001,1,135,"τούνεκά μοι πείθεσθε, καὶ ἱππείην ἐπὶ νηδὺν","τούνεκά μοι πείθεσθε, καὶ ἱππείην ἐπὶ νηδὺν",tlg0647.tlg001.perseus-grc2.xml
The Taking of Ilios,tlg001,1,136,"θαρσαλέοι σπεύδωμεν, ὅπως αὐτάγρετον ἄλγος","θαρσαλέοι σπεύδωμεν, ὅπως αὐτάγρετον ἄλγος",tlg0647.tlg001.perseus-grc2.xml
The Taking of Ilios,tlg001,1,137,Τρῶες ἀταρβήτοιο θεῆς ἀπατήνορα τέχνην,Τρῶες ἀταρβήτοιο θεῆς ἀπατήνορα τέχνην,tlg0647.tlg001.perseus-grc2.xml
The Taking of Ilios,tlg001,1,138,Ἴλιον εἰσανάγωσιν ἑὸν κακὸν ἀμφαγαπῶντες.,Ἴλιον εἰσανάγωσιν ἑὸν κακὸν ἀμφαγαπῶντες.,tlg0647.tlg001.perseus-grc2.xml
The Taking of Ilios,tlg001,1,139,οἱ δʼ ἄλλοι πρυμναῖα μεθίετε πείσματα νηῶν,οἱ δ’ ἄλλοι πρυμναῖα μεθίετε πείσματα νηῶν,tlg0647.tlg001.perseus-grc2.xml
The Taking of Ilios,tlg001,1,140,πῦρ ἴδιον πλεκτῇσιν ἐνὶ κλισίῃσι βαλόντες·,πῦρ ἴδιον πλεκτῇσιν ἐνὶ κλισίῃσι βαλόντες·,tlg0647.tlg001.perseus-grc2.xml
The Taking of Ilios,tlg001,1,141,Ἰλιάδος δὲ λιπόντες ἐρημαίην χθονὸς ἀκτὴν,Ἰλιάδος δὲ λιπόντες ἐρημαίην χθονὸς ἀκτὴν,tlg0647.tlg001.perseus-grc2.xml
The Taking of Ilios,tlg001,1,142,"πλώετε πασσυδίῃ ψευδώνυμον οἴκαδε νόστον,","πλώετε πασσυδίῃ ψευδώνυμον οἴκαδε νόστον,",tlg0647.tlg001.perseus-grc2.xml
The Taking of Ilios,tlg001,1,143,εἰσόκεν εὐόρμου τετανυσμένον ὲκ περιωπῆς,εἰσόκεν εὐόρμου τετανυσμένον ὲκ περιωπῆς,tlg0647.tlg001.perseus-grc2.xml
The Taking of Ilios,tlg001,1,144,ὔμμι συναγρομένοις ἐπὶ γείτονος αἰγιαλοῖο,ὔμμι συναγρομένοις ἐπὶ γείτονος αἰγιαλοῖο,tlg0647.tlg001.perseus-grc2.xml
The Taking of Ilios,tlg001,1,145,σημαίνῃ παλίνορσον ἐπὶ πλόον ἑσπέριον πῦρ.,σημαίνῃ παλίνορσον ἐπὶ πλόον ἑσπέριον πῦρ.,tlg0647.tlg001.perseus-grc2.xml
The Taking of Ilios,tlg001,1,146,καὶ τότε μήτε τις ὄκνος ἐπειγομένων ἐρετάων,καὶ τότε μήτε τις ὄκνος ἐπειγομένων ἐρετάων,tlg0647.tlg001.perseus-grc2.xml
The Taking of Ilios,tlg001,1,147,"γινέσθω μήτʼ ἄλλο φόβου νέφος, οἷά τε νύκτες","γινέσθω μήτ’ ἄλλο φόβου νέφος, οἷά τε νύκτες",tlg0647.tlg001.perseus-grc2.xml
The Taking of Ilios,tlg001,1,148,ἀνθρώποισι φέρουσιν ἐλαφροῦ δείματα θυμοῦ.,ἀνθρώποισι φέρουσιν ἐλαφροῦ δείματα θυμοῦ.,tlg0647.tlg001.perseus-grc2.xml
The Taking of Ilios,tlg001,1,149,"ἔστω δὲ προτέρης ἀρετῆς ἐμφύλιος αἰδώς,","ἔστω δὲ προτέρης ἀρετῆς ἐμφύλιος αἰδώς,",tlg0647.tlg001.perseus-grc2.xml
The Taking of Ilios,tlg001,1,150,"μηδέ τις αἰσχύνειεν ἑὸν κλέος, ὥς κεν ἕκαστος","μηδέ τις αἰσχύνειεν ἑὸν κλέος, ὥς κεν ἕκαστος",tlg0647.tlg001.perseus-grc2.xml
The Taking of Ilios,tlg001,1,151,ἄξιον ὧν ἐμόγησε λάβῃ γέρας ἱπποσυνάων.,ἄξιον ὧν ἐμόγησε λάβῃ γέρας ἱπποσυνάων.,tlg0647.tlg001.perseus-grc2.xml
The Taking of Ilios,tlg001,1,152,ὣς φάμενος βουλῆς ἐξήρχετο· τοῖο δὲ μύθοις,ὣς φάμενος βουλῆς ἐξήρχετο· τοῖο δὲ μύθοις,tlg0647.tlg001.perseus-grc2.xml
The Taking of Ilios,tlg001,1,153,"πρῶτος ἐφωμάρτησε Νεοπτόλεμος θεοειδής,","πρῶτος ἐφωμάρτησε Νεοπτόλεμος θεοειδής,",tlg0647.tlg001.perseus-grc2.xml
The Taking of Ilios,tlg001,1,154,"πῶλος ἅτε δροσόεντος ἐπειγόμενος πεδίοιο,","πῶλος ἅτε δροσόεντος ἐπειγόμενος πεδίοιο,",tlg0647.tlg001.perseus-grc2.xml
The Taking of Ilios,tlg001,1,155,ὅστε νεοζυγέεσσιν ἀγαλλόμενος φαλάροισιν,ὅστε νεοζυγέεσσιν ἀγαλλόμενος φαλάροισιν,tlg0647.tlg001.perseus-grc2.xml
The Taking of Ilios,tlg001,1,156,ἔφθασε καὶ μάστιγα καὶ ἡνιοχῆος ἀπειλήν.,ἔφθασε καὶ μάστιγα καὶ ἡνιοχῆος ἀπειλήν.,tlg0647.tlg001.perseus-grc2.xml
The Taking of Ilios,tlg001,1,157,Τυδείδης δʼ ἐπόρουσε Νεοπτολέμῳ Διομήδης,Τυδείδης δ’ ἐπόρουσε Νεοπτολέμῳ Διομήδης,tlg0647.tlg001.perseus-grc2.xml
The Taking of Ilios,tlg001,1,158,"θαυμάζων, ὅτι τοῖος ὄην καὶ πρόσθεν Ἀχιλλεύς.","θαυμάζων, ὅτι τοῖος ὄην καὶ πρόσθεν Ἀχιλλεύς.",tlg0647.tlg001.perseus-grc2.xml
The Taking of Ilios,tlg001,1,159,"ἕσπετο καὶ Κυάνιππος, ὃν εὐπατέρεια Κομαιθὼ","ἕσπετο καὶ Κυάνιππος, ὃν εὐπατέρεια Κομαιθὼ",tlg0647.tlg001.perseus-grc2.xml
The Taking of Ilios,tlg001,1,160,Τυδηὶς θαλάμοιο μινυνθαδίοιο τυχοῦσα,Τυδηὶς θαλάμοιο μινυνθαδίοιο τυχοῦσα,tlg0647.tlg001.perseus-grc2.xml
The Taking of Ilios,tlg001,1,161,ὠκυμόρῳ τέκε παῖδα σακεσπάλῳ Αἰγιαλῆι.,ὠκυμόρῳ τέκε παῖδα σακεσπάλῳ Αἰγιαλῆι.,tlg0647.tlg001.perseus-grc2.xml
The Taking of Ilios,tlg001,1,162,ἔστη καὶ Μενέλαος· ἄγεν δέ μιν ἄγριος ὁρμὴ,ἔστη καὶ Μενέλαος· ἄγεν δέ μιν ἄγριος ὁρμὴ,tlg0647.tlg001.perseus-grc2.xml
The Taking of Ilios,tlg001,1,163,"Δηιφόβου ποτὶ δῆριν, ἀπηνέι δʼ ἔζεε θυμῷ","Δηιφόβου ποτὶ δῆριν, ἀπηνέι δ’ ἔζεε θυμῷ",tlg0647.tlg001.perseus-grc2.xml
The Taking of Ilios,tlg001,1,164,δεύτερον ἁρπακτῆρα γάμου λελιημένος εὑρεῖν.,δεύτερον ἁρπακτῆρα γάμου λελιημένος εὑρεῖν.,tlg0647.tlg001.perseus-grc2.xml
The Taking of Ilios,tlg001,1,165,"τῷ δʼ ἐπὶ Λοκρὸς ὄρουσεν Ὀιλῆος ταχὺς Αἴας,","τῷ δ’ ἐπὶ Λοκρὸς ὄρουσεν Ὀιλῆος ταχὺς Αἴας,",tlg0647.tlg001.perseus-grc2.xml
The Taking of Ilios,tlg001,1,166,εἰσέτι θυμὸν ἔχων πεπνυμένον οὐδʼ ἐπὶ κούραις,εἰσέτι θυμὸν ἔχων πεπνυμένον οὐδ’ ἐπὶ κούραις,tlg0647.tlg001.perseus-grc2.xml
The Taking of Ilios,tlg001,1,167,"μαργαίνων ἀθέμιστον· ἀνέστησεν δὲ καὶ ἄλλον,","μαργαίνων ἀθέμιστον· ἀνέστησεν δὲ καὶ ἄλλον,",tlg0647.tlg001.perseus-grc2.xml
The Taking of Ilios,tlg001,1,168,Κρητῶν Ἰδομενῆα μεσαιπόλιον βασιλῆα.,Κρητῶν Ἰδομενῆα μεσαιπόλιον βασιλῆα.,tlg0647.tlg001.perseus-grc2.xml
The Taking of Ilios,tlg001,1,169,"Νεστορίδης δʼ ἅμα τοῖσιν ἔβη κρατερὸς Θρασυμήδης,","Νεστορίδης δ’ ἅμα τοῖσιν ἔβη κρατερὸς Θρασυμήδης,",tlg0647.tlg001.perseus-grc2.xml
The Taking of Ilios,tlg001,1,170,καὶ Τελαμώνιος υἱὸς ἑκηβόλος ἤιε Τεῦκρος,καὶ Τελαμώνιος υἱὸς ἑκηβόλος ἤιε Τεῦκρος,tlg0647.tlg001.perseus-grc2.xml
The Taking of Ilios,tlg001,1,171,τοῖσι δʼ ἐπʼ Ἀδμήτοιο πάις πολύιππος ἀνέστη,τοῖσι δ’ ἐπ’ Ἀδμήτοιο πάις πολύιππος ἀνέστη,tlg0647.tlg001.perseus-grc2.xml
The Taking of Ilios,tlg001,1,172,Εὔμηλος· μετὰ τὸν δὲ θεοπρόπος ἔσσυτο Κάλχας,Εὔμηλος· μετὰ τὸν δὲ θεοπρόπος ἔσσυτο Κάλχας,tlg0647.tlg001.perseus-grc2.xml
The Taking of Ilios,tlg001,1,173,"εὖ εἰδώς, ὅτι μόχθον ἀμήχανον ἐκτελέσαντες","εὖ εἰδώς, ὅτι μόχθον ἀμήχανον ἐκτελέσαντες",tlg0647.tlg001.perseus-grc2.xml
The Taking of Ilios,tlg001,1,174,ἤδη Τρώιον ἄστυ καθιππεύσουσιν Ἀχαιοί.,ἤδη Τρώιον ἄστυ καθιππεύσουσιν Ἀχαιοί.,tlg0647.tlg001.perseus-grc2.xml
The Taking of Ilios,tlg001,1,175,οὐδὲ μὲν οὐδʼ οἳ ἔλειφθεν ἀποστρεφθέντες ἀρωγῆς,οὐδὲ μὲν οὐδ’ οἳ ἔλειφθεν ἀποστρεφθέντες ἀρωγῆς,tlg0647.tlg001.perseus-grc2.xml
The Taking of Ilios,tlg001,1,176,"Εὐρύπυλός τʼ Εὐαιμονίδης ἀγαθός τε Λεοντεύς,","Εὐρύπυλός τ’ Εὐαιμονίδης ἀγαθός τε Λεοντεύς,",tlg0647.tlg001.perseus-grc2.xml
The Taking of Ilios,tlg001,1,177,"Δημοφόων τʼ Ἀκάμας τε, δύω Θησήια τέκνα,","Δημοφόων τ’ Ἀκάμας τε, δύω Θησήια τέκνα,",tlg0647.tlg001.perseus-grc2.xml
The Taking of Ilios,tlg001,1,178,"Ὀρτυγίδης τʼ Ἄντικλος, ὃν αὐτόθι τεθνειῶτα","Ὀρτυγίδης τ’ Ἄντικλος, ὃν αὐτόθι τεθνειῶτα",tlg0647.tlg001.perseus-grc2.xml
The Taking of Ilios,tlg001,1,179,"ἵππῳ δακρύσαντες ἐνεκτερέιξαν Ἀχαιοί,","ἵππῳ δακρύσαντες ἐνεκτερέιξαν Ἀχαιοί,",tlg0647.tlg001.perseus-grc2.xml
The Taking of Ilios,tlg001,1,180,Πηνέλεώς τε Μέγης τε καὶ Ἀντιφάτης ἀγαπήνωρ,Πηνέλεώς τε Μέγης τε καὶ Ἀντιφάτης ἀγαπήνωρ,tlg0647.tlg001.perseus-grc2.xml
The Taking of Ilios,tlg001,1,181,"Ἰφιδάμας τε καὶ Εὐρυδάμας, Πελίαο γενέθλη,","Ἰφιδάμας τε καὶ Εὐρυδάμας, Πελίαο γενέθλη,",tlg0647.tlg001.perseus-grc2.xml
The Taking of Ilios,tlg001,1,182,τόξῳ δʼ Ἀμφιδάμας κεκορυθμένος· ὕστατος αὖτε,τόξῳ δ’ Ἀμφιδάμας κεκορυθμένος· ὕστατος αὖτε,tlg0647.tlg001.perseus-grc2.xml
The Taking of Ilios,tlg001,1,183,τέχνης ἀγλαόμητις ἑῆς ἐπέβαινεν Ἐπειός.,τέχνης ἀγλαόμητις ἑῆς ἐπέβαινεν Ἐπειός.,tlg0647.tlg001.perseus-grc2.xml
The Taking of Ilios,tlg001,1,184,εὐξάμενοι δὴ ἔπειτα Διὸς γλαυκώπιδι κούρῃ,εὐξάμενοι δὴ ἔπειτα Διὸς γλαυκώπιδι κούρῃ,tlg0647.tlg001.perseus-grc2.xml
The Taking of Ilios,tlg001,1,185,ἱππείην ἔσπευδον ἐς ὁλκάδα· τοῖσι δʼ Ἀθήνη,ἱππείην ἔσπευδον ἐς ὁλκάδα· τοῖσι δ’ Ἀθήνη,tlg0647.tlg001.perseus-grc2.xml
The Taking of Ilios,tlg001,1,186,ἀμβροσίῃ κεράσασα θεῶν ἐκόμισσεν ἐδωδὴν,ἀμβροσίῃ κεράσασα θεῶν ἐκόμισσεν ἐδωδὴν,tlg0647.tlg001.perseus-grc2.xml
The Taking of Ilios,tlg001,1,187,"δεῖπνον ἔχειν, ἵνα μή τι πανημέριοι λοχόωντες","δεῖπνον ἔχειν, ἵνα μή τι πανημέριοι λοχόωντες",tlg0647.tlg001.perseus-grc2.xml
The Taking of Ilios,tlg001,1,188,τειρόμενοι βαρύθοιεν ἀτερπέι γούνατα λιμῷ.,τειρόμενοι βαρύθοιεν ἀτερπέι γούνατα λιμῷ.,tlg0647.tlg001.perseus-grc2.xml
The Taking of Ilios,tlg001,1,189,ὣς δʼ ὁπότε κρυμοῖσιν ἀελλοπόδων νεφελάων,ὣς δ’ ὁπότε κρυμοῖσιν ἀελλοπόδων νεφελάων,tlg0647.tlg001.perseus-grc2.xml
The Taking of Ilios,tlg001,1,190,"ἠέρα παχνώσασα χιὼν ἐπάλυνεν ἀρούρας,","ἠέρα παχνώσασα χιὼν ἐπάλυνεν ἀρούρας,",tlg0647.tlg001.perseus-grc2.xml
The Taking of Ilios,tlg001,1,191,τηκομένη δʼ ἀνέηκε πολὺν ῥόον· οἱ δʼ ἀπὸ πέτρης,τηκομένη δ’ ἀνέηκε πολὺν ῥόον· οἱ δ’ ἀπὸ πέτρης,tlg0647.tlg001.perseus-grc2.xml
The Taking of Ilios,tlg001,1,192,ὀξὺ καταθρῴσκοντα κυβιστητῆρι κυδοιμῷ,ὀξὺ καταθρῴσκοντα κυβιστητῆρι κυδοιμῷ,tlg0647.tlg001.perseus-grc2.xml
The Taking of Ilios,tlg001,1,193,δοῦπον ὑποπτήξαντες ὀριτρεφέος ποταμοῖο,δοῦπον ὑποπτήξαντες ὀριτρεφέος ποταμοῖο,tlg0647.tlg001.perseus-grc2.xml
The Taking of Ilios,tlg001,1,194,θῆρες ἐρωήσαντες ὑπὸ πτύχα κοιλάδος εὐνῆς,θῆρες ἐρωήσαντες ὑπὸ πτύχα κοιλάδος εὐνῆς,tlg0647.tlg001.perseus-grc2.xml
The Taking of Ilios,tlg001,1,195,"σιγῇ φρικαλέῃσιν ἐπὶ πλευρῇσι μένουσι,","σιγῇ φρικαλέῃσιν ἐπὶ πλευρῇσι μένουσι,",tlg0647.tlg001.perseus-grc2.xml
The Taking of Ilios,tlg001,1,196,πικρὰ δὲ πεινάοντες ὀιζυρῆς ὑπʼ ἀνάγκης,πικρὰ δὲ πεινάοντες ὀιζυρῆς ὑπ’ ἀνάγκης,tlg0647.tlg001.perseus-grc2.xml
The Taking of Ilios,tlg001,1,197,"τλήμονες ἐκδέχαται, πότε παύεται ὄβριμον ὕδωρ·","τλήμονες ἐκδέχαται, πότε παύεται ὄβριμον ὕδωρ·",tlg0647.tlg001.perseus-grc2.xml
The Taking of Ilios,tlg001,1,198,ὣς οἵγε γλαφυροῖο διὰ ξυλόχοιο θορόντες,ὣς οἵγε γλαφυροῖο διὰ ξυλόχοιο θορόντες,tlg0647.tlg001.perseus-grc2.xml
The Taking of Ilios,tlg001,1,199,ἀτλήτους ἀνέχοντο πόνους ἀκμῆτες Ἀχαιοί.,ἀτλήτους ἀνέχοντο πόνους ἀκμῆτες Ἀχαιοί.,tlg0647.tlg001.perseus-grc2.xml
The Taking of Ilios,tlg001,1,200,τοῖσι δʼ ἐπεκλήισσε θύρην ἐγκύμονος ἵππου,τοῖσι δ’ ἐπεκλήισσε θύρην ἐγκύμονος ἵππου,tlg0647.tlg001.perseus-grc2.xml
The Taking of Ilios,tlg001,1,201,πιστὸς ἀτεκμάρτοιο δόλου πυλαωρὸς Ὀδυσσεύς.,πιστὸς ἀτεκμάρτοιο δόλου πυλαωρὸς Ὀδυσσεύς.,tlg0647.tlg001.perseus-grc2.xml
The Taking of Ilios,tlg001,1,202,αὐτὸς δʼ ἐν κεφαλῇ σκοπὸς ἕζετο· τὼ δέ οἱ ἄμφω,αὐτὸς δ’ ἐν κεφαλῇ σκοπὸς ἕζετο· τὼ δέ οἱ ἄμφω,tlg0647.tlg001.perseus-grc2.xml
The Taking of Ilios,tlg001,1,203,ὀφθαλμὼ ποθέοντες ἐλάνθανον ἐκτὸς ἐόντας.,ὀφθαλμὼ ποθέοντες ἐλάνθανον ἐκτὸς ἐόντας.,tlg0647.tlg001.perseus-grc2.xml
The Taking of Ilios,tlg001,1,204,Ἀτρείδης δʼ ἐκέλευσεν ὑποδρηστῆρας Ἀχαιοὺς,Ἀτρείδης δ’ ἐκέλευσεν ὑποδρηστῆρας Ἀχαιοὺς,tlg0647.tlg001.perseus-grc2.xml
The Taking of Ilios,tlg001,1,205,"λῦσαι λάινον ἕρκος ἐυγνάμπτοισι μακέλλαις,","λῦσαι λάινον ἕρκος ἐυγνάμπτοισι μακέλλαις,",tlg0647.tlg001.perseus-grc2.xml
The Taking of Ilios,tlg001,1,206,"ἵππος ὅπερ κεκάλυπτο· θέλεν δέ ἑ γυμνὸν ἀᾶσαι,","ἵππος ὅπερ κεκάλυπτο· θέλεν δέ ἑ γυμνὸν ἀᾶσαι,",tlg0647.tlg001.perseus-grc2.xml
The Taking of Ilios,tlg001,1,207,τηλεφανὴς ἴνα πᾶσιν ἑὴν χάριν ἀνδράσι πέμποι.,τηλεφανὴς ἴνα πᾶσιν ἑὴν χάριν ἀνδράσι πέμποι.,tlg0647.tlg001.perseus-grc2.xml
The Taking of Ilios,tlg001,1,208,καὶ τὸ μὲν ἐξελάχαινον ἐφημοσύνῃ βασιλῆος.,καὶ τὸ μὲν ἐξελάχαινον ἐφημοσύνῃ βασιλῆος.,tlg0647.tlg001.perseus-grc2.xml
The Taking of Ilios,tlg001,1,209,ἠέλιος δʼ ὅτε νύκτα παλίνσκιον ἀνδράσιν ἕλκων,ἠέλιος δ’ ὅτε νύκτα παλίνσκιον ἀνδράσιν ἕλκων,tlg0647.tlg001.perseus-grc2.xml
The Taking of Ilios,tlg001,1,210,"ἐς δύσιν ἀχλυόπεζαν ἑκηβόλον ἔτραπεν ἠῶ,","ἐς δύσιν ἀχλυόπεζαν ἑκηβόλον ἔτραπεν ἠῶ,",tlg0647.tlg001.perseus-grc2.xml
The Taking of Ilios,tlg001,1,211,δὴ τότε κηρύκων ἀπεκίδνατο λαὸν ἀυτὴ,δὴ τότε κηρύκων ἀπεκίδνατο λαὸν ἀυτὴ,tlg0647.tlg001.perseus-grc2.xml
The Taking of Ilios,tlg001,1,212,φεύγειν ἀγγελέουσα καὶ ἑλκέμεν εἰς ἅλα κοίλην,φεύγειν ἀγγελέουσα καὶ ἑλκέμεν εἰς ἅλα κοίλην,tlg0647.tlg001.perseus-grc2.xml
The Taking of Ilios,tlg001,1,213,νῆας ἐυκραίρους ἀνά τε πρυμνήσια λῦσαι.,νῆας ἐυκραίρους ἀνά τε πρυμνήσια λῦσαι.,tlg0647.tlg001.perseus-grc2.xml
The Taking of Ilios,tlg001,1,214,ἔνθα δὲ πευκήεντος ἀνασχόμενοι πυρὸς ὁρμὴν,ἔνθα δὲ πευκήεντος ἀνασχόμενοι πυρὸς ὁρμὴν,tlg0647.tlg001.perseus-grc2.xml
The Taking of Ilios,tlg001,1,215,ἕρκεά τε πρήσαντες ἐυσταθέων κλισιάων,ἕρκεά τε πρήσαντες ἐυσταθέων κλισιάων,tlg0647.tlg001.perseus-grc2.xml
The Taking of Ilios,tlg001,1,216,νηυσὶν ἀνεπλώεσκον ἀπὸ Ῥοιτειάδος ἀκτῆς,νηυσὶν ἀνεπλώεσκον ἀπὸ Ῥοιτειάδος ἀκτῆς,tlg0647.tlg001.perseus-grc2.xml
The Taking of Ilios,tlg001,1,217,ὅρμον ἐς ἀντιπέραιον ἐυστεφάνου Τενέδοιο,ὅρμον ἐς ἀντιπέραιον ἐυστεφάνου Τενέδοιο,tlg0647.tlg001.perseus-grc2.xml
The Taking of Ilios,tlg001,1,218,γλαυκὸν ἀναπτύσσοντες ὕδωρ Ἀθαμαντίδος Ἕλλης.,γλαυκὸν ἀναπτύσσοντες ὕδωρ Ἀθαμαντίδος Ἕλλης.,tlg0647.tlg001.perseus-grc2.xml
The Taking of Ilios,tlg001,1,219,μοῦνος δὲ πληγῇσιν ἑκούσια γυῖα χαραχθεὶς,μοῦνος δὲ πληγῇσιν ἑκούσια γυῖα χαραχθεὶς,tlg0647.tlg001.perseus-grc2.xml
The Taking of Ilios,tlg001,1,220,"Αἰσιμίδης ἐλέλειπτο Σίνων, ἀπατήλιος ἥρως,","Αἰσιμίδης ἐλέλειπτο Σίνων, ἀπατήλιος ἥρως,",tlg0647.tlg001.perseus-grc2.xml
The Taking of Ilios,tlg001,1,221,κρυπτὸν ἐπὶ Τρώεσσι δόλον καὶ πήματα κεύθων.,κρυπτὸν ἐπὶ Τρώεσσι δόλον καὶ πήματα κεύθων.,tlg0647.tlg001.perseus-grc2.xml
The Taking of Ilios,tlg001,1,222,ὡς δʼ ὁπότε σταλίκεσσι λίνον περικυκλώσαντες,ὡς δ’ ὁπότε σταλίκεσσι λίνον περικυκλώσαντες,tlg0647.tlg001.perseus-grc2.xml
The Taking of Ilios,tlg001,1,223,θηρσὶν ὀριπλανέεσσι λόχον πολυωπὸν ἔπηξαν,θηρσὶν ὀριπλανέεσσι λόχον πολυωπὸν ἔπηξαν,tlg0647.tlg001.perseus-grc2.xml
The Taking of Ilios,tlg001,1,224,"ἀνέρες ἀγρευτῆρες· ὁ δʼ ἐκκριδὸν οἶος ἀπʼ ἄλλων,","ἀνέρες ἀγρευτῆρες· ὁ δ’ ἐκκριδὸν οἶος ἀπ’ ἄλλων,",tlg0647.tlg001.perseus-grc2.xml
The Taking of Ilios,tlg001,1,225,"λαθρίδιος πυκινοῖσιν ὑπὸ πτόρθοισι δεδυκώς,","λαθρίδιος πυκινοῖσιν ὑπὸ πτόρθοισι δεδυκώς,",tlg0647.tlg001.perseus-grc2.xml
The Taking of Ilios,tlg001,1,226,δίκτυα παπταίνων ἔλαθεν θηροσκόπος ἀνήρ·,δίκτυα παπταίνων ἔλαθεν θηροσκόπος ἀνήρ·,tlg0647.tlg001.perseus-grc2.xml
The Taking of Ilios,tlg001,1,227,ὣς τότε λωβητοῖσι περίστικτος μελέεσσι,ὣς τότε λωβητοῖσι περίστικτος μελέεσσι,tlg0647.tlg001.perseus-grc2.xml
The Taking of Ilios,tlg001,1,228,Τροίῃ λυγρὸν ὄλεθρον ἐμήδετο. κὰδ δέ οἱ ὤμους,Τροίῃ λυγρὸν ὄλεθρον ἐμήδετο. κὰδ δέ οἱ ὤμους,tlg0647.tlg001.perseus-grc2.xml
The Taking of Ilios,tlg001,1,229,ἕλκεσι ποιητοῖσι κατέρρεε νήχυτον αἷμα.,ἕλκεσι ποιητοῖσι κατέρρεε νήχυτον αἷμα.,tlg0647.tlg001.perseus-grc2.xml
The Taking of Ilios,tlg001,1,230,ἡ δὲ περὶ κλισίῃσιν ἐμαίνετο παννυχίη φλὸξ,ἡ δὲ περὶ κλισίῃσιν ἐμαίνετο παννυχίη φλὸξ,tlg0647.tlg001.perseus-grc2.xml
The Taking of Ilios,tlg001,1,231,καπνὸν ἐρευγομένη περιδινέα φοιτάδι ῥιπῇ·,καπνὸν ἐρευγομένη περιδινέα φοιτάδι ῥιπῇ·,tlg0647.tlg001.perseus-grc2.xml
The Taking of Ilios,tlg001,1,232,Ἥφαιστος δʼ ἐκέλευεν ἐρίβρομος· ἐκ δὲ θυέλλας,Ἥφαιστος δ’ ἐκέλευεν ἐρίβρομος· ἐκ δὲ θυέλλας,tlg0647.tlg001.perseus-grc2.xml
The Taking of Ilios,tlg001,1,233,"παντοίας ἐτίνασσεν ἐπιπνείουσα καὶ αὐτή,","παντοίας ἐτίνασσεν ἐπιπνείουσα καὶ αὐτή,",tlg0647.tlg001.perseus-grc2.xml
The Taking of Ilios,tlg001,1,234,"μήτηρ ἀθανάτοιο πυρός, φαεσίμβροτος Ἥρη.","μήτηρ ἀθανάτοιο πυρός, φαεσίμβροτος Ἥρη.",tlg0647.tlg001.perseus-grc2.xml
The Taking of Ilios,tlg001,1,235,ἤδη δὲ Τρώεσσι καὶ Ἰλιάδεσσι γυναιξὶν,ἤδη δὲ Τρώεσσι καὶ Ἰλιάδεσσι γυναιξὶν,tlg0647.tlg001.perseus-grc2.xml
The Taking of Ilios,tlg001,1,236,ὄρθρον ὑπὸ σκιόεντα πολύθροος ἤλυθε φήμη,ὄρθρον ὑπὸ σκιόεντα πολύθροος ἤλυθε φήμη,tlg0647.tlg001.perseus-grc2.xml
The Taking of Ilios,tlg001,1,237,δήιον ἀγγέλλουσα φόβον σημάντορι καπνῷ.,δήιον ἀγγέλλουσα φόβον σημάντορι καπνῷ.,tlg0647.tlg001.perseus-grc2.xml
The Taking of Ilios,tlg001,1,238,αὐτίκα δʼ ἐξέθορον πυλέων πετάσαντες ὀχῆας,αὐτίκα δ’ ἐξέθορον πυλέων πετάσαντες ὀχῆας,tlg0647.tlg001.perseus-grc2.xml
The Taking of Ilios,tlg001,1,239,πεζοί θʼ ἱππῆές τε καὶ ἐς πεδίον προχέοντο,πεζοί θ’ ἱππῆές τε καὶ ἐς πεδίον προχέοντο,tlg0647.tlg001.perseus-grc2.xml
The Taking of Ilios,tlg001,1,240,"διζόμενοι, μή τού τις ἔην δόλος ἄλλος Ἀχαιῶν.","διζόμενοι, μή τού τις ἔην δόλος ἄλλος Ἀχαιῶν.",tlg0647.tlg001.perseus-grc2.xml
The Taking of Ilios,tlg001,1,241,οἱ δὲ θοοὺς οὐρῆας ὑποζεύξαντες ἀπήναις,οἱ δὲ θοοὺς οὐρῆας ὑποζεύξαντες ἀπήναις,tlg0647.tlg001.perseus-grc2.xml
The Taking of Ilios,tlg001,1,242,ἐκ πόλιος κατέβαινον ἅμα Πριάμῳ βασιλῆι,ἐκ πόλιος κατέβαινον ἅμα Πριάμῳ βασιλῆι,tlg0647.tlg001.perseus-grc2.xml
The Taking of Ilios,tlg001,1,243,ἄλλοι δημογέροντες· ἐλαφρότατοι δʼ ἐγένοντο,ἄλλοι δημογέροντες· ἐλαφρότατοι δ’ ἐγένοντο,tlg0647.tlg001.perseus-grc2.xml
The Taking of Ilios,tlg001,1,244,"θαλπόμενοι περὶ παισίν, ὅσους λίπε φοίνιος Ἄρης,","θαλπόμενοι περὶ παισίν, ὅσους λίπε φοίνιος Ἄρης,",tlg0647.tlg001.perseus-grc2.xml
The Taking of Ilios,tlg001,1,245,ὀσσόμενοι καὶ γῆρας ἐλεύθερον· οὐ μὲν ἔμελλον,ὀσσόμενοι καὶ γῆρας ἐλεύθερον· οὐ μὲν ἔμελλον,tlg0647.tlg001.perseus-grc2.xml
The Taking of Ilios,tlg001,1,246,"γηθήσειν ἐπὶ δηρόν, ἐπεὶ Διὸς ἤθελε βουλή.","γηθήσειν ἐπὶ δηρόν, ἐπεὶ Διὸς ἤθελε βουλή.",tlg0647.tlg001.perseus-grc2.xml
The Taking of Ilios,tlg001,1,247,"οἱ δʼ ὅτε τεχνήεντος ἴδον δέμας αἰόλον ἵππου,","οἱ δ’ ὅτε τεχνήεντος ἴδον δέμας αἰόλον ἵππου,",tlg0647.tlg001.perseus-grc2.xml
The Taking of Ilios,tlg001,1,248,"θαύμασαν ἀμφιχυθέντες, ἅτʼ ἠχήεντες ἰδόντες","θαύμασαν ἀμφιχυθέντες, ἅτ’ ἠχήεντες ἰδόντες",tlg0647.tlg001.perseus-grc2.xml
The Taking of Ilios,tlg001,1,249,αἰετὸν ἀλκήεντα περικλάζουσι κολοιοί.,αἰετὸν ἀλκήεντα περικλάζουσι κολοιοί.,tlg0647.tlg001.perseus-grc2.xml
The Taking of Ilios,tlg001,1,250,τοῖσι δὲ τετρηχυῖα καὶ ἄκριτος ἔμπεσε βουλή·,τοῖσι δὲ τετρηχυῖα καὶ ἄκριτος ἔμπεσε βουλή·,tlg0647.tlg001.perseus-grc2.xml
The Taking of Ilios,tlg001,1,251,"οἱ μὲν γὰρ πολέμῳ βαρυπενθέι κεκμηῶτες,","οἱ μὲν γὰρ πολέμῳ βαρυπενθέι κεκμηῶτες,",tlg0647.tlg001.perseus-grc2.xml
The Taking of Ilios,tlg001,1,252,"ἵππον ἀπεχθήραντες, ἐπεὶ πέλεν ἔργον Ἀχαιῶν,","ἵππον ἀπεχθήραντες, ἐπεὶ πέλεν ἔργον Ἀχαιῶν,",tlg0647.tlg001.perseus-grc2.xml
The Taking of Ilios,tlg001,1,253,ἤθελον ἢ δολιχοῖσιν ἐπὶ κρημνοῖσιν ἀράξαι,ἤθελον ἢ δολιχοῖσιν ἐπὶ κρημνοῖσιν ἀράξαι,tlg0647.tlg001.perseus-grc2.xml
The Taking of Ilios,tlg001,1,254,ἠὲ καὶ ἀμφιτόμοισι διαρρῆξαι πελέκεσσιν·,ἠὲ καὶ ἀμφιτόμοισι διαρρῆξαι πελέκεσσιν·,tlg0647.tlg001.perseus-grc2.xml
The Taking of Ilios,tlg001,1,255,οἱ δὲ νεοξέστοιο πεποιθότες ἔργμασι τέχνης,οἱ δὲ νεοξέστοιο πεποιθότες ἔργμασι τέχνης,tlg0647.tlg001.perseus-grc2.xml
The Taking of Ilios,tlg001,1,256,"ἀθανάτοις ἐκέλευον ἀρήιον ἵππον ἀνάψαι,","ἀθανάτοις ἐκέλευον ἀρήιον ἵππον ἀνάψαι,",tlg0647.tlg001.perseus-grc2.xml
The Taking of Ilios,tlg001,1,257,ὕστερον Ἀργείοιο μόθου σημήιον εἶναι.,ὕστερον Ἀργείοιο μόθου σημήιον εἶναι.,tlg0647.tlg001.perseus-grc2.xml
The Taking of Ilios,tlg001,1,258,φραζομένοις δʼ ἐπὶ τοῖσι παναίολα γυῖα κομίζων,φραζομένοις δ’ ἐπὶ τοῖσι παναίολα γυῖα κομίζων,tlg0647.tlg001.perseus-grc2.xml
The Taking of Ilios,tlg001,1,259,γυμνὸς ὑπὲρ πεδίοιο φάνη κεκακωμένος ἀνήρ·,γυμνὸς ὑπὲρ πεδίοιο φάνη κεκακωμένος ἀνήρ·,tlg0647.tlg001.perseus-grc2.xml
The Taking of Ilios,tlg001,1,260,αἵματι δὲ σμώδιγγες ἀεικέϊ βεβριθυῖαι,αἵματι δὲ σμώδιγγες ἀεικέϊ βεβριθυῖαι,tlg0647.tlg001.perseus-grc2.xml
The Taking of Ilios,tlg001,1,261,ἴχνια λωβήεντα θοῶν ἀνέφαινον ἱμάντων.,ἴχνια λωβήεντα θοῶν ἀνέφαινον ἱμάντων.,tlg0647.tlg001.perseus-grc2.xml
The Taking of Ilios,tlg001,1,262,αὐτίκα δὲ Πριάμοιο ποδῶν προπάροιθεν ἐλυσθεὶς,αὐτίκα δὲ Πριάμοιο ποδῶν προπάροιθεν ἐλυσθεὶς,tlg0647.tlg001.perseus-grc2.xml
The Taking of Ilios,tlg001,1,263,"ἱκεσίαις παλάμῃσι παλαιῶν ἥψατο γούνων,","ἱκεσίαις παλάμῃσι παλαιῶν ἥψατο γούνων,",tlg0647.tlg001.perseus-grc2.xml
The Taking of Ilios,tlg001,1,264,λισσόμενος δὲ γέροντα δολοπλόκον ἴαχε μῦθον·,λισσόμενος δὲ γέροντα δολοπλόκον ἴαχε μῦθον·,tlg0647.tlg001.perseus-grc2.xml
The Taking of Ilios,tlg001,1,265,"ἄνδρα μὲν Ἀργείοισιν ὁμόπλοον εἴ μʼ ἐλεαίρεις,","ἄνδρα μὲν Ἀργείοισιν ὁμόπλοον εἴ μ’ ἐλεαίρεις,",tlg0647.tlg001.perseus-grc2.xml
The Taking of Ilios,tlg001,1,266,"Τρώων δὲ ῥυστῆρα καὶ ἄστεος εἴ με σαώσεις,","Τρώων δὲ ῥυστῆρα καὶ ἄστεος εἴ με σαώσεις,",tlg0647.tlg001.perseus-grc2.xml
The Taking of Ilios,tlg001,1,267,"Δαρδανίδη σκηπτοῦχε, καὶ ὕστατον ἐχθρὸν Ἀχαιῶν—","Δαρδανίδη σκηπτοῦχε, καὶ ὕστατον ἐχθρὸν Ἀχαιῶν—",tlg0647.tlg001.perseus-grc2.xml
The Taking of Ilios,tlg001,1,268,οἷά με λωβήσαντο θεῶν ὄπιν οὐκ ἀλέγοντες,οἷά με λωβήσαντο θεῶν ὄπιν οὐκ ἀλέγοντες,tlg0647.tlg001.perseus-grc2.xml
The Taking of Ilios,tlg001,1,269,"οὐδὲν ἀλιτραίνοντα, κακοὶ καὶ ἀπηνέες αἰεί·","οὐδὲν ἀλιτραίνοντα, κακοὶ καὶ ἀπηνέες αἰεί·",tlg0647.tlg001.perseus-grc2.xml
The Taking of Ilios,tlg001,1,270,"ὣς μέν Ἀχιλλῆος γέρας ἥρπασαν Αἰακίδαο,","ὣς μέν Ἀχιλλῆος γέρας ἥρπασαν Αἰακίδαο,",tlg0647.tlg001.perseus-grc2.xml
The Taking of Ilios,tlg001,1,271,"ὣς δὲ Φιλοκτήτην ἔλιπον πεπεδημένον ὕδρῳ,","ὣς δὲ Φιλοκτήτην ἔλιπον πεπεδημένον ὕδρῳ,",tlg0647.tlg001.perseus-grc2.xml
The Taking of Ilios,tlg001,1,272,ἔκτειναν δὲ καὶ αὐτὸν ἀγασσάμενοι Παλαμήδην.,ἔκτειναν δὲ καὶ αὐτὸν ἀγασσάμενοι Παλαμήδην.,tlg0647.tlg001.perseus-grc2.xml
The Taking of Ilios,tlg001,1,273,"καὶ νῦν οἷά μʼ ἔρεξαν ἀτάσθαλοι, οὕνεκα φεύγειν","καὶ νῦν οἷά μ’ ἔρεξαν ἀτάσθαλοι, οὕνεκα φεύγειν",tlg0647.tlg001.perseus-grc2.xml
The Taking of Ilios,tlg001,1,274,"οὐκ ἔθελον σὺν τοῖσι, μένειν δʼ ἐκέλευον ἑταίρους·","οὐκ ἔθελον σὺν τοῖσι, μένειν δ’ ἐκέλευον ἑταίρους·",tlg0647.tlg001.perseus-grc2.xml
The Taking of Ilios,tlg001,1,275,οἱ δὲ νοοπλήγεσσιν ἀτασθαλίῃσι δαμέντες,οἱ δὲ νοοπλήγεσσιν ἀτασθαλίῃσι δαμέντες,tlg0647.tlg001.perseus-grc2.xml
The Taking of Ilios,tlg001,1,276,"εἵματα μέν μʼ ἀπέδυσαν, ἀεικελίῃσι δʼ ἱμάσθλαις","εἵματα μέν μ’ ἀπέδυσαν, ἀεικελίῃσι δ’ ἱμάσθλαις",tlg0647.tlg001.perseus-grc2.xml
The Taking of Ilios,tlg001,1,277,πᾶν δέμας οὐτήσαντες ἐπὶ ξείνῃ λίπον ἀκτῇ.,πᾶν δέμας οὐτήσαντες ἐπὶ ξείνῃ λίπον ἀκτῇ.,tlg0647.tlg001.perseus-grc2.xml
The Taking of Ilios,tlg001,1,278,"ἀλλά, μάκαρ, πεφύλαξο Διὸς σέβας ἱκεσίοιο·","ἀλλά, μάκαρ, πεφύλαξο Διὸς σέβας ἱκεσίοιο·",tlg0647.tlg001.perseus-grc2.xml
The Taking of Ilios,tlg001,1,279,"χάρμα γὰρ Ἀργείοισι γενήσομαι, εἴ κεν ἐάσῃς","χάρμα γὰρ Ἀργείοισι γενήσομαι, εἴ κεν ἐάσῃς",tlg0647.tlg001.perseus-grc2.xml
The Taking of Ilios,tlg001,1,280,χερσὶν ὕπο Τρώων ἱκέτην καὶ ξεῖνον ὀλέσθαι.,χερσὶν ὕπο Τρώων ἱκέτην καὶ ξεῖνον ὀλέσθαι.,tlg0647.tlg001.perseus-grc2.xml
The Taking of Ilios,tlg001,1,281,αὐτὰρ ἐγὼ πάντεσσιν ἐπάρκιος ἔσσομαι ὑμῖν,αὐτὰρ ἐγὼ πάντεσσιν ἐπάρκιος ἔσσομαι ὑμῖν,tlg0647.tlg001.perseus-grc2.xml
The Taking of Ilios,tlg001,1,282,μηκέτι δειμαίνειν πόλεμον παλίνορσον Ἀχαιῶν.,μηκέτι δειμαίνειν πόλεμον παλίνορσον Ἀχαιῶν.,tlg0647.tlg001.perseus-grc2.xml
The Taking of Ilios,tlg001,1,283,ὣς φάτο· τὸν δʼ ὁ γέρων ἀγανῇ μειλίξατο φωνῇ·,ὣς φάτο· τὸν δ’ ὁ γέρων ἀγανῇ μειλίξατο φωνῇ·,tlg0647.tlg001.perseus-grc2.xml
The Taking of Ilios,tlg001,1,284,"ξεῖνε, σὲ μὲν Τρώεσσι μεμιγμένον οὐκέτʼ ἔοικε","ξεῖνε, σὲ μὲν Τρώεσσι μεμιγμένον οὐκέτ’ ἔοικε",tlg0647.tlg001.perseus-grc2.xml
The Taking of Ilios,tlg001,1,285,τάρβος ἔχειν· ἔφυγες γὰρ ἀνάρσιον ὕβριν Ἀχαιῶν.,τάρβος ἔχειν· ἔφυγες γὰρ ἀνάρσιον ὕβριν Ἀχαιῶν.,tlg0647.tlg001.perseus-grc2.xml
The Taking of Ilios,tlg001,1,286,"αἰεὶ δʼ ἡμέτερος φίλος ἔσσεαι, οὐδέ σε πάτρης","αἰεὶ δ’ ἡμέτερος φίλος ἔσσεαι, οὐδέ σε πάτρης",tlg0647.tlg001.perseus-grc2.xml
The Taking of Ilios,tlg001,1,287,οὐδὲ πολυκτεάνων θαλάμων γλυκὺς ἵμερος αἱρεῖ.,οὐδὲ πολυκτεάνων θαλάμων γλυκὺς ἵμερος αἱρεῖ.,tlg0647.tlg001.perseus-grc2.xml
The Taking of Ilios,tlg001,1,288,"ἀλλʼ ἄγε καὶ σύ μοι εἰπέ, τί τοι τόδε θαῦμα τέτυκται,","ἀλλ’ ἄγε καὶ σύ μοι εἰπέ, τί τοι τόδε θαῦμα τέτυκται,",tlg0647.tlg001.perseus-grc2.xml
The Taking of Ilios,tlg001,1,289,"ἵππος, ἀμειλίκτοιο φόβου τέρας· εἰπὲ δὲ σεῖο","ἵππος, ἀμειλίκτοιο φόβου τέρας· εἰπὲ δὲ σεῖο",tlg0647.tlg001.perseus-grc2.xml
The Taking of Ilios,tlg001,1,290,"οὔνομα καὶ γενεήν, ὁπόθεν δέ σε νῆες ἔνεικαν.","οὔνομα καὶ γενεήν, ὁπόθεν δέ σε νῆες ἔνεικαν.",tlg0647.tlg001.perseus-grc2.xml
The Taking of Ilios,tlg001,1,291,τὸν δʼ ἐπιθαρσήσας προσέφη πολυμήχανος ἥρως·,τὸν δ’ ἐπιθαρσήσας προσέφη πολυμήχανος ἥρως·,tlg0647.tlg001.perseus-grc2.xml
The Taking of Ilios,tlg001,1,292,ἐξερέω καὶ ταῦτα· σὺ γάρ μʼ ἐθέλοντα κελεύεις.,ἐξερέω καὶ ταῦτα· σὺ γάρ μ’ ἐθέλοντα κελεύεις.,tlg0647.tlg001.perseus-grc2.xml
The Taking of Ilios,tlg001,1,293,"ἄργός μοι πόλις ἐστί, Σίνων δέ μοι οὔνομα κεῖται·","ἄργός μοι πόλις ἐστί, Σίνων δέ μοι οὔνομα κεῖται·",tlg0647.tlg001.perseus-grc2.xml
The Taking of Ilios,tlg001,1,294,αἴσιμον αὖ καλέουσιν ἐμὸν πολιὸν γενετῆρα·,αἴσιμον αὖ καλέουσιν ἐμὸν πολιὸν γενετῆρα·,tlg0647.tlg001.perseus-grc2.xml
The Taking of Ilios,tlg001,1,295,ἵππον δʼ Ἀργείοισι παλαίφατον εὗρεν Ἐπειός·,ἵππον δ’ Ἀργείοισι παλαίφατον εὗρεν Ἐπειός·,tlg0647.tlg001.perseus-grc2.xml
The Taking of Ilios,tlg001,1,296,"εἰ μὲν γάρ μιν ἐᾶτε μένειν αὐτοῦ ἐνὶ χώρῃ,","εἰ μὲν γάρ μιν ἐᾶτε μένειν αὐτοῦ ἐνὶ χώρῃ,",tlg0647.tlg001.perseus-grc2.xml
The Taking of Ilios,tlg001,1,297,Τροίην θέσφατόν ἐστιν ἑλεῖν πόλιν ἔγχος Ἀχαιῶν·,Τροίην θέσφατόν ἐστιν ἑλεῖν πόλιν ἔγχος Ἀχαιῶν·,tlg0647.tlg001.perseus-grc2.xml
The Taking of Ilios,tlg001,1,298,"εἰ δέ μιν ἁγνὸν ἄγαλμα λάβῃ νηοῖσιν Ἀθήνη,","εἰ δέ μιν ἁγνὸν ἄγαλμα λάβῃ νηοῖσιν Ἀθήνη,",tlg0647.tlg001.perseus-grc2.xml
The Taking of Ilios,tlg001,1,299,φεύξονται προφυγόντες ἀνηνύστοις ἐπʼ ἀέθλοις.,φεύξονται προφυγόντες ἀνηνύστοις ἐπ’ ἀέθλοις.,tlg0647.tlg001.perseus-grc2.xml
The Taking of Ilios,tlg001,1,300,ἀλλʼ ἄγε δὴ σειρῇσι περίπλοκον ἀμφιβαλόντες,ἀλλ’ ἄγε δὴ σειρῇσι περίπλοκον ἀμφιβαλόντες,tlg0647.tlg001.perseus-grc2.xml
The Taking of Ilios,tlg001,1,301,ἕλκετʼ ἐς ἀκρόπολιν μεγάλην χρυσήνιον ἵππον·,ἕλκετ’ ἐς ἀκρόπολιν μεγάλην χρυσήνιον ἵππον·,tlg0647.tlg001.perseus-grc2.xml
The Taking of Ilios,tlg001,1,302,ἄμμι δʼ Ἀθηναίη ἐρυσίπτολις ἡγεμονεύοι,ἄμμι δ’ Ἀθηναίη ἐρυσίπτολις ἡγεμονεύοι,tlg0647.tlg001.perseus-grc2.xml
The Taking of Ilios,tlg001,1,303,δαιδάλεον σπεύδουσα λαβεῖν ἀνάθημα καὶ αὐτή.,δαιδάλεον σπεύδουσα λαβεῖν ἀνάθημα καὶ αὐτή.,tlg0647.tlg001.perseus-grc2.xml
The Taking of Ilios,tlg001,1,304,ὣς ἄρʼ ἔφη· καὶ τὸν μὲν ἄναξ ἐκέλευσε λαβόντα,ὣς ἄρ’ ἔφη· καὶ τὸν μὲν ἄναξ ἐκέλευσε λαβόντα,tlg0647.tlg001.perseus-grc2.xml
The Taking of Ilios,tlg001,1,305,"ἕσσασθαι χλαῖνάν τε χιτῶνά τε, τοὶ δέ, βοείαις","ἕσσασθαι χλαῖνάν τε χιτῶνά τε, τοὶ δέ, βοείαις",tlg0647.tlg001.perseus-grc2.xml
The Taking of Ilios,tlg001,1,306,"δησάμενοι σειρῇσιν, ἐυπλέκτοισι κάλωσιν","δησάμενοι σειρῇσιν, ἐυπλέκτοισι κάλωσιν",tlg0647.tlg001.perseus-grc2.xml
The Taking of Ilios,tlg001,1,307,"εἷλκον ὑπὲρ πεδίοιο, θοῶν ἐπιβήτορα κύκλων,","εἷλκον ὑπὲρ πεδίοιο, θοῶν ἐπιβήτορα κύκλων,",tlg0647.tlg001.perseus-grc2.xml
The Taking of Ilios,tlg001,1,308,ἵππον ἀριστήεσσι βεβυσμένον· οἱ δὲ πάροιθεν,ἵππον ἀριστήεσσι βεβυσμένον· οἱ δὲ πάροιθεν,tlg0647.tlg001.perseus-grc2.xml
The Taking of Ilios,tlg001,1,309,αὐλοὶ καὶ φόρμιγγες ὁμὴν ἐλίγαινον ἀοιδήν.,αὐλοὶ καὶ φόρμιγγες ὁμὴν ἐλίγαινον ἀοιδήν.,tlg0647.tlg001.perseus-grc2.xml
The Taking of Ilios,tlg001,1,310,"σχέτλιον ἀφραδέων μερόπων γένος, οἷσιν ὁμίχλη","σχέτλιον ἀφραδέων μερόπων γένος, οἷσιν ὁμίχλη",tlg0647.tlg001.perseus-grc2.xml
The Taking of Ilios,tlg001,1,311,ἄσκοπος ἐσσομένων· κενεῷ δʼ ὑπὸ χάρματι πολλοὶ,ἄσκοπος ἐσσομένων· κενεῷ δ’ ὑπὸ χάρματι πολλοὶ,tlg0647.tlg001.perseus-grc2.xml
The Taking of Ilios,tlg001,1,312,πολλάκις ἀγνώσσουσι περιπταίοντες ὀλέθρῳ.,πολλάκις ἀγνώσσουσι περιπταίοντες ὀλέθρῳ.,tlg0647.tlg001.perseus-grc2.xml
The Taking of Ilios,tlg001,1,313,οἵη καὶ Τρώεσσι τότε φθισίμβροτος ἄτη,οἵη καὶ Τρώεσσι τότε φθισίμβροτος ἄτη,tlg0647.tlg001.perseus-grc2.xml
The Taking of Ilios,tlg001,1,314,ἐς πόλιν αὐτοκέλευθος ἐκώμασεν· οὐδέ τις ἀνδρῶν,ἐς πόλιν αὐτοκέλευθος ἐκώμασεν· οὐδέ τις ἀνδρῶν,tlg0647.tlg001.perseus-grc2.xml
The Taking of Ilios,tlg001,1,315,"ᾔδεεν, οὕνεκα λάβρον ἐφέλκετο πένθος ἄλαστον.","ᾔδεεν, οὕνεκα λάβρον ἐφέλκετο πένθος ἄλαστον.",tlg0647.tlg001.perseus-grc2.xml
The Taking of Ilios,tlg001,1,316,ἄνθεα δὲ δροσόεντος ἀμησάμενοι ποταμοῖο,ἄνθεα δὲ δροσόεντος ἀμησάμενοι ποταμοῖο,tlg0647.tlg001.perseus-grc2.xml
The Taking of Ilios,tlg001,1,317,ἔστεφον αὐχενίους πλοκάμους σφετέροιο φονῆος.,ἔστεφον αὐχενίους πλοκάμους σφετέροιο φονῆος.,tlg0647.tlg001.perseus-grc2.xml
The Taking of Ilios,tlg001,1,318,γαῖα δὲ χαλκείοισιν ἐρεικομένη περὶ κύκλοις,γαῖα δὲ χαλκείοισιν ἐρεικομένη περὶ κύκλοις,tlg0647.tlg001.perseus-grc2.xml
The Taking of Ilios,tlg001,1,319,"δεινὸν ὑπεβρυχᾶτο, σιδήρειοι δὲ διʼ αὐτῶν","δεινὸν ὑπεβρυχᾶτο, σιδήρειοι δὲ δι’ αὐτῶν",tlg0647.tlg001.perseus-grc2.xml
The Taking of Ilios,tlg001,1,320,τριβόμενοι τρηχεῖαν ἀνέστενον ἄξονες ἠχήν·,τριβόμενοι τρηχεῖαν ἀνέστενον ἄξονες ἠχήν·,tlg0647.tlg001.perseus-grc2.xml
The Taking of Ilios,tlg001,1,321,"τετρίγει δὲ κάλων ξυνοχή, καὶ πᾶσα ταθεῖσα","τετρίγει δὲ κάλων ξυνοχή, καὶ πᾶσα ταθεῖσα",tlg0647.tlg001.perseus-grc2.xml
The Taking of Ilios,tlg001,1,322,λιγνὺν αἰθαλόεσσαν ἕλιξ ἀνεκήκιε σειρή.,λιγνὺν αἰθαλόεσσαν ἕλιξ ἀνεκήκιε σειρή.,tlg0647.tlg001.perseus-grc2.xml
The Taking of Ilios,tlg001,1,323,πολλὴ δʼ ἑλκόντων ἐνοπὴ καὶ κόμπος ὀρώρει·,πολλὴ δ’ ἑλκόντων ἐνοπὴ καὶ κόμπος ὀρώρει·,tlg0647.tlg001.perseus-grc2.xml
The Taking of Ilios,tlg001,1,324,"ἔβρεμε νυμφαίῃσιν ἅμα δρυσὶ δάσκιος Ἴδη,","ἔβρεμε νυμφαίῃσιν ἅμα δρυσὶ δάσκιος Ἴδη,",tlg0647.tlg001.perseus-grc2.xml
The Taking of Ilios,tlg001,1,325,"ἴαχε καὶ Ξάνθου ποταμοῦ κυκλούμενον ὕδωρ,","ἴαχε καὶ Ξάνθου ποταμοῦ κυκλούμενον ὕδωρ,",tlg0647.tlg001.perseus-grc2.xml
The Taking of Ilios,tlg001,1,326,καὶ στόμα κεκλήγει Σιμοείσιον· οὐρανίη δὲ,καὶ στόμα κεκλήγει Σιμοείσιον· οὐρανίη δὲ,tlg0647.tlg001.perseus-grc2.xml
The Taking of Ilios,tlg001,1,327,ἐκ Διὸς ἑλκόμενον πόλεμον μαντεύετο σάλπιγξ.,ἐκ Διὸς ἑλκόμενον πόλεμον μαντεύετο σάλπιγξ.,tlg0647.tlg001.perseus-grc2.xml
The Taking of Ilios,tlg001,1,328,οἱ δʼ ἦγον προπάροιθεν· ὁδὸς δʼ ἐβαρύνετο μακρὴ,οἱ δ’ ἦγον προπάροιθεν· ὁδὸς δ’ ἐβαρύνετο μακρὴ,tlg0647.tlg001.perseus-grc2.xml
The Taking of Ilios,tlg001,1,329,σχιζομένη ποταμοῖσι καὶ οὐ πεδίοισιν ὁμοίη.,σχιζομένη ποταμοῖσι καὶ οὐ πεδίοισιν ὁμοίη.,tlg0647.tlg001.perseus-grc2.xml
The Taking of Ilios,tlg001,1,330,εἵπετο δʼ αἰόλος ἵππος ἀρηιφίλους ἐπὶ βωμοὺς,εἵπετο δ’ αἰόλος ἵππος ἀρηιφίλους ἐπὶ βωμοὺς,tlg0647.tlg001.perseus-grc2.xml
The Taking of Ilios,tlg001,1,331,"κυδιόων ὑπέροπλα, βίην δʼ ἐπέρεισεν Ἀθήνη","κυδιόων ὑπέροπλα, βίην δ’ ἐπέρεισεν Ἀθήνη",tlg0647.tlg001.perseus-grc2.xml
The Taking of Ilios,tlg001,1,332,χεῖρας ἐπιβρίσασα νεογλυφέων ἐπὶ μηρῶν.,χεῖρας ἐπιβρίσασα νεογλυφέων ἐπὶ μηρῶν.,tlg0647.tlg001.perseus-grc2.xml
The Taking of Ilios,tlg001,1,333,ὧδε θέων ἀκίχητος ἐπέδραμε θᾶσσον ὀιστοῦ,ὧδε θέων ἀκίχητος ἐπέδραμε θᾶσσον ὀιστοῦ,tlg0647.tlg001.perseus-grc2.xml
The Taking of Ilios,tlg001,1,334,"Τρῶας ἐυσκάρθμοισιν ὁδοιπορίῃσι διώκων,","Τρῶας ἐυσκάρθμοισιν ὁδοιπορίῃσι διώκων,",tlg0647.tlg001.perseus-grc2.xml
The Taking of Ilios,tlg001,1,335,εἰσόκε δὴ πυλέων ἐπεβήσατο Δαρδανιάων.,εἰσόκε δὴ πυλέων ἐπεβήσατο Δαρδανιάων.,tlg0647.tlg001.perseus-grc2.xml
The Taking of Ilios,tlg001,1,336,αἱ δέ οἱ ἐρχομένῳ θυρέων πτύχες ἐστείνοντο·,αἱ δέ οἱ ἐρχομένῳ θυρέων πτύχες ἐστείνοντο·,tlg0647.tlg001.perseus-grc2.xml
The Taking of Ilios,tlg001,1,337,ἀλλʼ Ἥρη μὲν ἔλυσεν ἐπὶ δρόμον αὖθις ὁδοῖο,ἀλλ’ Ἥρη μὲν ἔλυσεν ἐπὶ δρόμον αὖθις ὁδοῖο,tlg0647.tlg001.perseus-grc2.xml
The Taking of Ilios,tlg001,1,338,"πρόσθεν ἀναστέλλουσα, Ποσειδάων δʼ ἀπὸ πύργων","πρόσθεν ἀναστέλλουσα, Ποσειδάων δ’ ἀπὸ πύργων",tlg0647.tlg001.perseus-grc2.xml
The Taking of Ilios,tlg001,1,339,σταθμὸν ἀνοιγομένων πυλέων ἀνέκοπτε τριαίνῃ.,σταθμὸν ἀνοιγομένων πυλέων ἀνέκοπτε τριαίνῃ.,tlg0647.tlg001.perseus-grc2.xml
The Taking of Ilios,tlg001,1,340,"Τρωιάδες δὲ γυναῖκες ἀνὰ πτόλιν ἄλλοθεν ἄλλαι,","Τρωιάδες δὲ γυναῖκες ἀνὰ πτόλιν ἄλλοθεν ἄλλαι,",tlg0647.tlg001.perseus-grc2.xml
The Taking of Ilios,tlg001,1,341,"νύμφαι τε πρόγαμοί τε καὶ ἴδμονες Εἰλειθυίης,","νύμφαι τε πρόγαμοί τε καὶ ἴδμονες Εἰλειθυίης,",tlg0647.tlg001.perseus-grc2.xml
The Taking of Ilios,tlg001,1,342,μολπῇ τʼ ὀρχηθμῷ τε περὶ βρέτας εἱλίσσοντο·,μολπῇ τ’ ὀρχηθμῷ τε περὶ βρέτας εἱλίσσοντο·,tlg0647.tlg001.perseus-grc2.xml
The Taking of Ilios,tlg001,1,343,ἄλλαι δὲ χνοόωσαν ἀμελγόεναι χάριν ὄμβρου,ἄλλαι δὲ χνοόωσαν ἀμελγόεναι χάριν ὄμβρου,tlg0647.tlg001.perseus-grc2.xml
The Taking of Ilios,tlg001,1,344,ὁλκῷ δουρατέῳ ῥοδέους στορέσαντο τάπητας.,ὁλκῷ δουρατέῳ ῥοδέους στορέσαντο τάπητας.,tlg0647.tlg001.perseus-grc2.xml
The Taking of Ilios,tlg001,1,345,αἱ δὲ θαλασσαίης ἐπιμάζια νήματα μίτρης,αἱ δὲ θαλασσαίης ἐπιμάζια νήματα μίτρης,tlg0647.tlg001.perseus-grc2.xml
The Taking of Ilios,tlg001,1,346,λυσάμεναι κλωστοῖσι κατέπλεκον ἄνθεσιν ἵππον.,λυσάμεναι κλωστοῖσι κατέπλεκον ἄνθεσιν ἵππον.,tlg0647.tlg001.perseus-grc2.xml
The Taking of Ilios,tlg001,1,347,καί τις ἀπειρεσίοιο πίθου κρήδεμνον ἀνεῖσα,καί τις ἀπειρεσίοιο πίθου κρήδεμνον ἀνεῖσα,tlg0647.tlg001.perseus-grc2.xml
The Taking of Ilios,tlg001,1,348,χρυσείῳ προχέουσα κρόκῳ κεκερασμένον οἶνον,χρυσείῳ προχέουσα κρόκῳ κεκερασμένον οἶνον,tlg0647.tlg001.perseus-grc2.xml
The Taking of Ilios,tlg001,1,349,γαῖαν ἀνεκνίσσωσε χυτὴν εὐώδεϊ πηλῷ.,γαῖαν ἀνεκνίσσωσε χυτὴν εὐώδεϊ πηλῷ.,tlg0647.tlg001.perseus-grc2.xml
The Taking of Ilios,tlg001,1,350,"ἀνδρομέῃ δὲ βοῇ συνεβάλλετο θῆλυς ἰωή,","ἀνδρομέῃ δὲ βοῇ συνεβάλλετο θῆλυς ἰωή,",tlg0647.tlg001.perseus-grc2.xml
The Taking of Ilios,tlg001,1,351,καὶ παίδων ἀλαλητὸς ἐμίσγετο γήραος ἠχῇ.,καὶ παίδων ἀλαλητὸς ἐμίσγετο γήραος ἠχῇ.,tlg0647.tlg001.perseus-grc2.xml
The Taking of Ilios,tlg001,1,352,"οἷαι δʼ ἀφνειοῖο μετήλυδες Ὠκεανοῖο,","οἷαι δ’ ἀφνειοῖο μετήλυδες Ὠκεανοῖο,",tlg0647.tlg001.perseus-grc2.xml
The Taking of Ilios,tlg001,1,353,"χείματος ἀμφίπολοι, γεράνων στίχες ἠεροφώνων,","χείματος ἀμφίπολοι, γεράνων στίχες ἠεροφώνων,",tlg0647.tlg001.perseus-grc2.xml
The Taking of Ilios,tlg001,1,354,κύκλον ἐπογμεύουσιν ἀλήμονος ὀρχηθμοῖο,κύκλον ἐπογμεύουσιν ἀλήμονος ὀρχηθμοῖο,tlg0647.tlg001.perseus-grc2.xml
The Taking of Ilios,tlg001,1,355,γειοπόνοις ἀρότῃσιν ἀπεχθέα κεκληγυῖαι·,γειοπόνοις ἀρότῃσιν ἀπεχθέα κεκληγυῖαι·,tlg0647.tlg001.perseus-grc2.xml
The Taking of Ilios,tlg001,1,356,ὣς οἵγε κλαγγῇ τε διʼ ἄστεος ἠδὲ κυδοιμῷ,ὣς οἵγε κλαγγῇ τε δι’ ἄστεος ἠδὲ κυδοιμῷ,tlg0647.tlg001.perseus-grc2.xml
The Taking of Ilios,tlg001,1,357,ἦγον ἐς ἀκρόπολιν βεβαρημένον ἔνδοθεν ἵππον.,ἦγον ἐς ἀκρόπολιν βεβαρημένον ἔνδοθεν ἵππον.,tlg0647.tlg001.perseus-grc2.xml
The Taking of Ilios,tlg001,1,358,κούρη δὲ Πριάμοιο θεήλατος οὐκέτι μίμνειν,κούρη δὲ Πριάμοιο θεήλατος οὐκέτι μίμνειν,tlg0647.tlg001.perseus-grc2.xml
The Taking of Ilios,tlg001,1,359,ἤθελεν ἐν θαλάμοισι· διαρρήξασα δʼ ὀχῆας,ἤθελεν ἐν θαλάμοισι· διαρρήξασα δ’ ὀχῆας,tlg0647.tlg001.perseus-grc2.xml
The Taking of Ilios,tlg001,1,360,"ἔδραμεν ἠύτε πόρτις ἀήσυρος, ἥντε τυπεῖσαν","ἔδραμεν ἠύτε πόρτις ἀήσυρος, ἥντε τυπεῖσαν",tlg0647.tlg001.perseus-grc2.xml
The Taking of Ilios,tlg001,1,361,κέντρον ἀνεπτοίησε βοορραίσταο μύωπος·,κέντρον ἀνεπτοίησε βοορραίσταο μύωπος·,tlg0647.tlg001.perseus-grc2.xml
The Taking of Ilios,tlg001,1,362,ἡ δʼ οὐκ εἰς ἀγέλην ποτιδέρκεται οὐδὲ βοτῆρι,ἡ δ’ οὐκ εἰς ἀγέλην ποτιδέρκεται οὐδὲ βοτῆρι,tlg0647.tlg001.perseus-grc2.xml
The Taking of Ilios,tlg001,1,363,"πείθεται οὐδὲ νομοῖο λιλαίεται, ἀλλὰ βελέμνῳ","πείθεται οὐδὲ νομοῖο λιλαίεται, ἀλλὰ βελέμνῳ",tlg0647.tlg001.perseus-grc2.xml
The Taking of Ilios,tlg001,1,364,ὀξέι θηγομένη βοέων ἐξήλυθε θεσμῶν·,ὀξέι θηγομένη βοέων ἐξήλυθε θεσμῶν·,tlg0647.tlg001.perseus-grc2.xml
The Taking of Ilios,tlg001,1,365,τοίη μαντιπόλοιο βολῆς ὑπὸ νύγματι κούρη,τοίη μαντιπόλοιο βολῆς ὑπὸ νύγματι κούρη,tlg0647.tlg001.perseus-grc2.xml
The Taking of Ilios,tlg001,1,366,πλαζομένη κραδίην ἱερὴν ἀνεσείετο δάφνην.,πλαζομένη κραδίην ἱερὴν ἀνεσείετο δάφνην.,tlg0647.tlg001.perseus-grc2.xml
The Taking of Ilios,tlg001,1,367,πάντη δʼ ἐβρυχᾶτο κατὰ πτόλιν· οὐδὲ τοκήων,πάντη δ’ ἐβρυχᾶτο κατὰ πτόλιν· οὐδὲ τοκήων,tlg0647.tlg001.perseus-grc2.xml
The Taking of Ilios,tlg001,1,368,οὐδὲ φίλων ἀλέγιζε· λίπεν δέ ἑ παρθένος αἰδώς.,οὐδὲ φίλων ἀλέγιζε· λίπεν δέ ἑ παρθένος αἰδώς.,tlg0647.tlg001.perseus-grc2.xml
The Taking of Ilios,tlg001,1,369,οὐχ οὕτω Θρήισσαν ἐνὶ δρυμοῖσι γυναῖκα,οὐχ οὕτω Θρήισσαν ἐνὶ δρυμοῖσι γυναῖκα,tlg0647.tlg001.perseus-grc2.xml
The Taking of Ilios,tlg001,1,370,"νήδυμος αὐλὸς ἔτυψεν ὀρειμανέος Διονύσου,","νήδυμος αὐλὸς ἔτυψεν ὀρειμανέος Διονύσου,",tlg0647.tlg001.perseus-grc2.xml
The Taking of Ilios,tlg001,1,371,ἥτε θεῷ πληγεῖσα παρήορον ὄμμα τιταίνει,ἥτε θεῷ πληγεῖσα παρήορον ὄμμα τιταίνει,tlg0647.tlg001.perseus-grc2.xml
The Taking of Ilios,tlg001,1,372,"γυμνὸν ἐπισσείουσα κάρη κυανάμπυκι κισσῷ,","γυμνὸν ἐπισσείουσα κάρη κυανάμπυκι κισσῷ,",tlg0647.tlg001.perseus-grc2.xml
The Taking of Ilios,tlg001,1,373,ὡς ἥγε πτερόεντος ἀναΐξασα νόοιο,ὡς ἥγε πτερόεντος ἀναΐξασα νόοιο,tlg0647.tlg001.perseus-grc2.xml
The Taking of Ilios,tlg001,1,374,Κασσάνδρη θεόφοιτος ἐμαίνετο· πυκνὰ δὲ χαίτην,Κασσάνδρη θεόφοιτος ἐμαίνετο· πυκνὰ δὲ χαίτην,tlg0647.tlg001.perseus-grc2.xml
The Taking of Ilios,tlg001,1,375,κοπτομένη καὶ στέρνον ἀνίαχε μαινάδι φωνῇ·,κοπτομένη καὶ στέρνον ἀνίαχε μαινάδι φωνῇ·,tlg0647.tlg001.perseus-grc2.xml
The Taking of Ilios,tlg001,1,376,"ὦ μέλεοι, τίνα τοῦτον ἀνάρσιον ἵππον ἄγοντες","ὦ μέλεοι, τίνα τοῦτον ἀνάρσιον ἵππον ἄγοντες",tlg0647.tlg001.perseus-grc2.xml
The Taking of Ilios,tlg001,1,377,δαιμόνιοι μαίνεσθε καὶ ὑστατίην ἐπὶ νύκτα,δαιμόνιοι μαίνεσθε καὶ ὑστατίην ἐπὶ νύκτα,tlg0647.tlg001.perseus-grc2.xml
The Taking of Ilios,tlg001,1,378,σπεύδετε καὶ πολέμοιο πέρας καὶ νήγρετον ὕπνον;,σπεύδετε καὶ πολέμοιο πέρας καὶ νήγρετον ὕπνον;,tlg0647.tlg001.perseus-grc2.xml
The Taking of Ilios,tlg001,1,379,δυσμενέων ὅδε κῶμος ἀρήιος· αἱ δέ που ἤδη,δυσμενέων ὅδε κῶμος ἀρήιος· αἱ δέ που ἤδη,tlg0647.tlg001.perseus-grc2.xml
The Taking of Ilios,tlg001,1,380,"τίκτουσιν μογερῆς Ἑκάβης ὠδῖνες ὀνείρων,","τίκτουσιν μογερῆς Ἑκάβης ὠδῖνες ὀνείρων,",tlg0647.tlg001.perseus-grc2.xml
The Taking of Ilios,tlg001,1,381,λήγει δʼ ἀμβολιεργὸν ἔτος πολέμοιο λυθέντος.,λήγει δ’ ἀμβολιεργὸν ἔτος πολέμοιο λυθέντος.,tlg0647.tlg001.perseus-grc2.xml
The Taking of Ilios,tlg001,1,382,"τοῖος ἀριστήων λόχος ἔρχεται, οὓς ἐπὶ χάρμην","τοῖος ἀριστήων λόχος ἔρχεται, οὓς ἐπὶ χάρμην",tlg0647.tlg001.perseus-grc2.xml
The Taking of Ilios,tlg001,1,383,τεύχεσιν ἀστράπτοντας ἀμαυροτάτην ὑπὸ νύκτα,τεύχεσιν ἀστράπτοντας ἀμαυροτάτην ὑπὸ νύκτα,tlg0647.tlg001.perseus-grc2.xml
The Taking of Ilios,tlg001,1,384,τέξεται ὄβριμος ἵππος· ἐπὶ χθόνα δʼ ἄρτι θορόντες,τέξεται ὄβριμος ἵππος· ἐπὶ χθόνα δ’ ἄρτι θορόντες,tlg0647.tlg001.perseus-grc2.xml
The Taking of Ilios,tlg001,1,385,ἐς μόθον ὁρμήσουσι τελειότατοι πολεμισταί.,ἐς μόθον ὁρμήσουσι τελειότατοι πολεμισταί.,tlg0647.tlg001.perseus-grc2.xml
The Taking of Ilios,tlg001,1,386,οὐ γὰρ ἐπʼ ὠδίνεσσι μογοστόκον ἵππον ἀνεῖσαι,οὐ γὰρ ἐπ’ ὠδίνεσσι μογοστόκον ἵππον ἀνεῖσαι,tlg0647.tlg001.perseus-grc2.xml
The Taking of Ilios,tlg001,1,387,"ἀνδράσι τικτομένοισιν ἐπισχήσουσι γυναῖκες,","ἀνδράσι τικτομένοισιν ἐπισχήσουσι γυναῖκες,",tlg0647.tlg001.perseus-grc2.xml
The Taking of Ilios,tlg001,1,388,"αὐτὴ δʼ Εἰλείθυια γενήσεται, ἥ μιν ἔτευξε·","αὐτὴ δ’ Εἰλείθυια γενήσεται, ἥ μιν ἔτευξε·",tlg0647.tlg001.perseus-grc2.xml
The Taking of Ilios,tlg001,1,389,γαστέρα δὲ πλήθουσαν ἀνακλίνασα βοήσει,γαστέρα δὲ πλήθουσαν ἀνακλίνασα βοήσει,tlg0647.tlg001.perseus-grc2.xml
The Taking of Ilios,tlg001,1,390,μαῖα πολυκλαύτοιο τόκου πτολίπορθος Ἀθήνη.,μαῖα πολυκλαύτοιο τόκου πτολίπορθος Ἀθήνη.,tlg0647.tlg001.perseus-grc2.xml
The Taking of Ilios,tlg001,1,391,καὶ δὴ πορφύρεον μὲν ἑλίσσεται ἔνδοθι πύργων,καὶ δὴ πορφύρεον μὲν ἑλίσσεται ἔνδοθι πύργων,tlg0647.tlg001.perseus-grc2.xml
The Taking of Ilios,tlg001,1,392,"αἵματος ἐκχυμένου πέλαγος καὶ κῦμα φόνοιο,","αἵματος ἐκχυμένου πέλαγος καὶ κῦμα φόνοιο,",tlg0647.tlg001.perseus-grc2.xml
The Taking of Ilios,tlg001,1,393,δεσμά τε συμπαθέων πλέκεται περὶ χερσὶ γυναικῶν,δεσμά τε συμπαθέων πλέκεται περὶ χερσὶ γυναικῶν,tlg0647.tlg001.perseus-grc2.xml
The Taking of Ilios,tlg001,1,394,"νυμφία, φωλεύει δʼ ὑπὸ δούρασι κευθόμενον πῦρ.","νυμφία, φωλεύει δ’ ὑπὸ δούρασι κευθόμενον πῦρ.",tlg0647.tlg001.perseus-grc2.xml
The Taking of Ilios,tlg001,1,395,"ὤμοι ἐμῶν ἀχέων, ὤμοι σέο, πάτριον ἄστυ,","ὤμοι ἐμῶν ἀχέων, ὤμοι σέο, πάτριον ἄστυ,",tlg0647.tlg001.perseus-grc2.xml
The Taking of Ilios,tlg001,1,396,"αὐτίκα λεπταλέη κόνις ἔσσεαι, οἴχεται ἔργον","αὐτίκα λεπταλέη κόνις ἔσσεαι, οἴχεται ἔργον",tlg0647.tlg001.perseus-grc2.xml
The Taking of Ilios,tlg001,1,397,"ἀθανάτων, προθέλυμνα θεμείλια Λαομέδοντος.","ἀθανάτων, προθέλυμνα θεμείλια Λαομέδοντος.",tlg0647.tlg001.perseus-grc2.xml
The Taking of Ilios,tlg001,1,398,"καὶ σέ, πάτερ, καὶ μῆτερ, ὀδύρομαι, οἷά μοι ἤδη","καὶ σέ, πάτερ, καὶ μῆτερ, ὀδύρομαι, οἷά μοι ἤδη",tlg0647.tlg001.perseus-grc2.xml
The Taking of Ilios,tlg001,1,399,"ἀμφότεροι πείσεσθε· σὺ μέν, πάτερ, οἰκτρὰ δεδουπὼς","ἀμφότεροι πείσεσθε· σὺ μέν, πάτερ, οἰκτρὰ δεδουπὼς",tlg0647.tlg001.perseus-grc2.xml
The Taking of Ilios,tlg001,1,400,κείσεαι Ἑρκείοιο Διὸς μεγάλου παρὰ βωμῷ·,κείσεαι Ἑρκείοιο Διὸς μεγάλου παρὰ βωμῷ·,tlg0647.tlg001.perseus-grc2.xml
The Taking of Ilios,tlg001,1,401,"μῆτερ ἀριστοτόκεια, σὲ δὲ βροτέης ἀπὸ μορφῆς","μῆτερ ἀριστοτόκεια, σὲ δὲ βροτέης ἀπὸ μορφῆς",tlg0647.tlg001.perseus-grc2.xml
The Taking of Ilios,tlg001,1,402,λυσσαλέην ἐπὶ παισὶ θεοὶ κύνα ποιήσουσι.,λυσσαλέην ἐπὶ παισὶ θεοὶ κύνα ποιήσουσι.,tlg0647.tlg001.perseus-grc2.xml
The Taking of Ilios,tlg001,1,403,"δῖα Πολυξείνη, σὲ δὲ πατρίδος ἐγγύθι γαίης","δῖα Πολυξείνη, σὲ δὲ πατρίδος ἐγγύθι γαίης",tlg0647.tlg001.perseus-grc2.xml
The Taking of Ilios,tlg001,1,404,κεκλιμένην ὀλίγον δακρύσομαι· ὡς ὄφελέν τις,κεκλιμένην ὀλίγον δακρύσομαι· ὡς ὄφελέν τις,tlg0647.tlg001.perseus-grc2.xml
The Taking of Ilios,tlg001,1,405,Ἀργείων ἐπὶ σοῖσι γόοις ὀλέσαι με καὶ αὐτήν.,Ἀργείων ἐπὶ σοῖσι γόοις ὀλέσαι με καὶ αὐτήν.,tlg0647.tlg001.perseus-grc2.xml
The Taking of Ilios,tlg001,1,406,"τίς γάρ μοι χρειὼ βιότου πλέον, εἴ με φυλάσσει","τίς γάρ μοι χρειὼ βιότου πλέον, εἴ με φυλάσσει",tlg0647.tlg001.perseus-grc2.xml
The Taking of Ilios,tlg001,1,407,"οἰκτροτάτῳ θανάτῳ, ξείνη δέ με γαῖα καλύψει;","οἰκτροτάτῳ θανάτῳ, ξείνη δέ με γαῖα καλύψει;",tlg0647.tlg001.perseus-grc2.xml
The Taking of Ilios,tlg001,1,408,τοιάδε μοι δέσποινα καὶ αὐτῷ δῶρον ἄνακτι,τοιάδε μοι δέσποινα καὶ αὐτῷ δῶρον ἄνακτι,tlg0647.tlg001.perseus-grc2.xml
The Taking of Ilios,tlg001,1,409,ἀντὶ τόσων καμάτων Ἀγαμέμνονι πότμον ὑφαίνει.,ἀντὶ τόσων καμάτων Ἀγαμέμνονι πότμον ὑφαίνει.,tlg0647.tlg001.perseus-grc2.xml
The Taking of Ilios,tlg001,1,410,ἀλλʼ ἤδη φράζεσθε—τὰ δὲ γνώσεσθε παθόντες—,ἀλλ’ ἤδη φράζεσθε—τὰ δὲ γνώσεσθε παθόντες—,tlg0647.tlg001.perseus-grc2.xml
The Taking of Ilios,tlg001,1,411,"καὶ νεφέλην ἀπόθεσθε, φίλοι, βλαψίφρονος ἄτης.","καὶ νεφέλην ἀπόθεσθε, φίλοι, βλαψίφρονος ἄτης.",tlg0647.tlg001.perseus-grc2.xml
The Taking of Ilios,tlg001,1,412,ῥηγνύσθω πελέκεσσι δέμας πολυχανδέος ἵππου,ῥηγνύσθω πελέκεσσι δέμας πολυχανδέος ἵππου,tlg0647.tlg001.perseus-grc2.xml
The Taking of Ilios,tlg001,1,413,ἢ πυρὶ καιέσθω· δολόεντα δὲ σώματα κεῦθον,ἢ πυρὶ καιέσθω· δολόεντα δὲ σώματα κεῦθον,tlg0647.tlg001.perseus-grc2.xml
The Taking of Ilios,tlg001,1,414,"ὀλλύσθω, μεγάλη δὲ ποθὴ Δαναοῖσι γενέσθω.","ὀλλύσθω, μεγάλη δὲ ποθὴ Δαναοῖσι γενέσθω.",tlg0647.tlg001.perseus-grc2.xml
The Taking of Ilios,tlg001,1,415,καὶ τότε μοι δαίνυσθε καὶ ἐς χορὸν ὀτρύνεσθε,καὶ τότε μοι δαίνυσθε καὶ ἐς χορὸν ὀτρύνεσθε,tlg0647.tlg001.perseus-grc2.xml
The Taking of Ilios,tlg001,1,416,στησάμενοι κρητῆρας ἐλευθερίης ἐρατεινῆς.,στησάμενοι κρητῆρας ἐλευθερίης ἐρατεινῆς.,tlg0647.tlg001.perseus-grc2.xml
The Taking of Ilios,tlg001,1,417,ἡ μὲν ἔφη· τῇ δʼ οὔτις ἐπείθετο· τὴν γὰρ Ἀπόλλων,ἡ μὲν ἔφη· τῇ δ’ οὔτις ἐπείθετο· τὴν γὰρ Ἀπόλλων,tlg0647.tlg001.perseus-grc2.xml
The Taking of Ilios,tlg001,1,418,ἀμφότερον μάντιν τʼ ἀγαθὴν καὶ ἄπιστον ἔθηκεν.,ἀμφότερον μάντιν τ’ ἀγαθὴν καὶ ἄπιστον ἔθηκεν.,tlg0647.tlg001.perseus-grc2.xml
The Taking of Ilios,tlg001,1,419,τὴν δὲ πατὴρ ἐνένιπεν ὁμοκλήσας ἐπέεσσι·,τὴν δὲ πατὴρ ἐνένιπεν ὁμοκλήσας ἐπέεσσι·,tlg0647.tlg001.perseus-grc2.xml
The Taking of Ilios,tlg001,1,420,"τίς σε πάλιν, κακόμαντι, δυσώνυμος ἤγαγε δαίμων,","τίς σε πάλιν, κακόμαντι, δυσώνυμος ἤγαγε δαίμων,",tlg0647.tlg001.perseus-grc2.xml
The Taking of Ilios,tlg001,1,421,θαρσαλέη κυνόμυια; μάτην ὑλάουσʼ ἀπερύκεις.,θαρσαλέη κυνόμυια; μάτην ὑλάουσ’ ἀπερύκεις.,tlg0647.tlg001.perseus-grc2.xml
The Taking of Ilios,tlg001,1,422,"οὔπω σοι κέκμηκε νόος λυσσώδεϊ νούσῳ,","οὔπω σοι κέκμηκε νόος λυσσώδεϊ νούσῳ,",tlg0647.tlg001.perseus-grc2.xml
The Taking of Ilios,tlg001,1,423,οὐδὲ παλιμφήμων ἐκορέσσαο λαβροσυνάων;,οὐδὲ παλιμφήμων ἐκορέσσαο λαβροσυνάων;,tlg0647.tlg001.perseus-grc2.xml
The Taking of Ilios,tlg001,1,424,ἀλλὰ καὶ ἡμετέρῃσιν ἐπαχνυμένη θαλίῃσιν,ἀλλὰ καὶ ἡμετέρῃσιν ἐπαχνυμένη θαλίῃσιν,tlg0647.tlg001.perseus-grc2.xml
The Taking of Ilios,tlg001,1,425,"ἤλυθες, ὁππότε πᾶσιν ἐλεύθερον ἦμαρ ἀνῆψεν","ἤλυθες, ὁππότε πᾶσιν ἐλεύθερον ἦμαρ ἀνῆψεν",tlg0647.tlg001.perseus-grc2.xml
The Taking of Ilios,tlg001,1,426,"ἡμῖν Ζεὺς Κρονίδης, ἐκέδασσε δὲ νῆας Ἀχαιῶν.","ἡμῖν Ζεὺς Κρονίδης, ἐκέδασσε δὲ νῆας Ἀχαιῶν.",tlg0647.tlg001.perseus-grc2.xml
The Taking of Ilios,tlg001,1,427,"οὐδʼ ἔτι δούρατα μακρὰ τινάσσεται, οὐδʼ ἔτι τόξα","οὐδ’ ἔτι δούρατα μακρὰ τινάσσεται, οὐδ’ ἔτι τόξα",tlg0647.tlg001.perseus-grc2.xml
The Taking of Ilios,tlg001,1,428,"ἕλκεται, οὐ ξιφέων σελαγή, σιγῶσι δʼ ὀιστοί,","ἕλκεται, οὐ ξιφέων σελαγή, σιγῶσι δ’ ὀιστοί,",tlg0647.tlg001.perseus-grc2.xml
The Taking of Ilios,tlg001,1,429,"ἀλλὰ χοροὶ καὶ μοῦσα μελίπνοος, οὐδʼ ἔτι νείκη,","ἀλλὰ χοροὶ καὶ μοῦσα μελίπνοος, οὐδ’ ἔτι νείκη,",tlg0647.tlg001.perseus-grc2.xml
The Taking of Ilios,tlg001,1,430,"οὐ μήτηρ ἐπὶ παιδὶ κινύρεται, οὐδʼ ἐπὶ δῆριν","οὐ μήτηρ ἐπὶ παιδὶ κινύρεται, οὐδ’ ἐπὶ δῆριν",tlg0647.tlg001.perseus-grc2.xml
The Taking of Ilios,tlg001,1,431,ἄνδρα γυνὴ πέμψασα νέκυν δακρύσατο χήρη·,ἄνδρα γυνὴ πέμψασα νέκυν δακρύσατο χήρη·,tlg0647.tlg001.perseus-grc2.xml
The Taking of Ilios,tlg001,1,432,ἵππον ἀνελκόμενον δέχεται πολιοῦχος Ἀθήνη.,ἵππον ἀνελκόμενον δέχεται πολιοῦχος Ἀθήνη.,tlg0647.tlg001.perseus-grc2.xml
The Taking of Ilios,tlg001,1,433,"παρθένε τολμήεσσα, σὺ δὲ πρὸ δόμοιο θοροῦσα","παρθένε τολμήεσσα, σὺ δὲ πρὸ δόμοιο θοροῦσα",tlg0647.tlg001.perseus-grc2.xml
The Taking of Ilios,tlg001,1,434,ψεύδεα θεσπίζουσα καὶ ἄγρια μαργαίνουσα,ψεύδεα θεσπίζουσα καὶ ἄγρια μαργαίνουσα,tlg0647.tlg001.perseus-grc2.xml
The Taking of Ilios,tlg001,1,435,μοχθίζεις ἀτέλεστα καὶ ἱερὸν ἄστυ μιαίνεις.,μοχθίζεις ἀτέλεστα καὶ ἱερὸν ἄστυ μιαίνεις.,tlg0647.tlg001.perseus-grc2.xml
The Taking of Ilios,tlg001,1,436,ἔρρʼ οὕτως· ἡμῖν δὲ χοροὶ θαλίαι τε μέλονται.,ἔρρ’ οὕτως· ἡμῖν δὲ χοροὶ θαλίαι τε μέλονται.,tlg0647.tlg001.perseus-grc2.xml
The Taking of Ilios,tlg001,1,437,"οὐ γὰρ ἔτι Τροίης ὑπὸ τείχεσι δεῖμα λέλειπται,","οὐ γὰρ ἔτι Τροίης ὑπὸ τείχεσι δεῖμα λέλειπται,",tlg0647.tlg001.perseus-grc2.xml
The Taking of Ilios,tlg001,1,438,οὐδʼ ἔτι μαντιπόλοιο τεῆς κεχρήμεθα φωνῆς.,οὐδ’ ἔτι μαντιπόλοιο τεῆς κεχρήμεθα φωνῆς.,tlg0647.tlg001.perseus-grc2.xml
The Taking of Ilios,tlg001,1,439,ὣς εἰπὼν ἐκέλευσεν ἄγειν ἑτερόφρονα κούρην,ὣς εἰπὼν ἐκέλευσεν ἄγειν ἑτερόφρονα κούρην,tlg0647.tlg001.perseus-grc2.xml
The Taking of Ilios,tlg001,1,440,κεύθων ἐν θαλάμοισι· μόγις δʼ ἀέκουσα τοκῆι,κεύθων ἐν θαλάμοισι· μόγις δ’ ἀέκουσα τοκῆι,tlg0647.tlg001.perseus-grc2.xml
The Taking of Ilios,tlg001,1,441,"πείθετο, παρθενίῳ δὲ περὶ κλιντῆρι πεσοῦσα","πείθετο, παρθενίῳ δὲ περὶ κλιντῆρι πεσοῦσα",tlg0647.tlg001.perseus-grc2.xml
The Taking of Ilios,tlg001,1,442,κλαῖεν ἐπισταμένη τὸν ἑὸν μόρον· ἔβλεπε δʼ ἤδη,κλαῖεν ἐπισταμένη τὸν ἑὸν μόρον· ἔβλεπε δ’ ἤδη,tlg0647.tlg001.perseus-grc2.xml
The Taking of Ilios,tlg001,1,443,πατρίδος αἰθομένης ἐπὶ τείχεσι μαρνάμενον πῦρ.,πατρίδος αἰθομένης ἐπὶ τείχεσι μαρνάμενον πῦρ.,tlg0647.tlg001.perseus-grc2.xml
The Taking of Ilios,tlg001,1,444,οἱ δὲ πολισσούχοιο θεῆς ὑπὸ νηὸν Ἀθήνης,οἱ δὲ πολισσούχοιο θεῆς ὑπὸ νηὸν Ἀθήνης,tlg0647.tlg001.perseus-grc2.xml
The Taking of Ilios,tlg001,1,445,ἵππον ἀναστήσαντες ἐυξέστων ἐπὶ βάθρων,ἵππον ἀναστήσαντες ἐυξέστων ἐπὶ βάθρων,tlg0647.tlg001.perseus-grc2.xml
The Taking of Ilios,tlg001,1,446,ἔφλεγον ἱερὰ καλὰ πολυκνίσσων ἐπὶ βωμῶν·,ἔφλεγον ἱερὰ καλὰ πολυκνίσσων ἐπὶ βωμῶν·,tlg0647.tlg001.perseus-grc2.xml
The Taking of Ilios,tlg001,1,447,ἀθάνατοι δʼ ἀνένευον ἀνηνύστους ἑκατόμβας.,ἀθάνατοι δ’ ἀνένευον ἀνηνύστους ἑκατόμβας.,tlg0647.tlg001.perseus-grc2.xml
The Taking of Ilios,tlg001,1,448,"εἰλαπίνη δʼ ἐπίδημος ἔην καὶ ἀμήχανος ὕβρις,","εἰλαπίνη δ’ ἐπίδημος ἔην καὶ ἀμήχανος ὕβρις,",tlg0647.tlg001.perseus-grc2.xml
The Taking of Ilios,tlg001,1,449,ὕβρις ἐλαφρίζουσα μέθην λυσήνορος οἴνου.,ὕβρις ἐλαφρίζουσα μέθην λυσήνορος οἴνου.,tlg0647.tlg001.perseus-grc2.xml
The Taking of Ilios,tlg001,1,450,"ἀφραδίῃ τε βέβυστο, μεθημοσύνῃ τε κεχήνει","ἀφραδίῃ τε βέβυστο, μεθημοσύνῃ τε κεχήνει",tlg0647.tlg001.perseus-grc2.xml
The Taking of Ilios,tlg001,1,451,"πᾶσα πόλις, πυλέων δʼ ὀλίγοις φυλάκεσσι μεμήλει·","πᾶσα πόλις, πυλέων δ’ ὀλίγοις φυλάκεσσι μεμήλει·",tlg0647.tlg001.perseus-grc2.xml
The Taking of Ilios,tlg001,1,452,"ἤδη γὰρ καὶ φέγγος ἐδύετο, δαιμονίη δὲ","ἤδη γὰρ καὶ φέγγος ἐδύετο, δαιμονίη δὲ",tlg0647.tlg001.perseus-grc2.xml
The Taking of Ilios,tlg001,1,453,Ἴλιον αἰπεινὴν ὀλεσίπτολις ἀμφέβαλεν νύξ.,Ἴλιον αἰπεινὴν ὀλεσίπτολις ἀμφέβαλεν νύξ.,tlg0647.tlg001.perseus-grc2.xml
The Taking of Ilios,tlg001,1,454,Ἀργείῃ δʼ Ἑλένῃ πολιὸν δέμας ἀσκήσασα,Ἀργείῃ δ’ Ἑλένῃ πολιὸν δέμας ἀσκήσασα,tlg0647.tlg001.perseus-grc2.xml
The Taking of Ilios,tlg001,1,455,"ἦλθε δολοφρονέουσα πολυφράδμων Ἀφροδίτη,","ἦλθε δολοφρονέουσα πολυφράδμων Ἀφροδίτη,",tlg0647.tlg001.perseus-grc2.xml
The Taking of Ilios,tlg001,1,456,ἐκ δὲ καλεσσαμένη προσέφη πειθήμονι φωνῇ·,ἐκ δὲ καλεσσαμένη προσέφη πειθήμονι φωνῇ·,tlg0647.tlg001.perseus-grc2.xml
The Taking of Ilios,tlg001,1,457,"νύμφα φίλη, καλέει σε πόσις Μενέλαος ἀγήνωρ","νύμφα φίλη, καλέει σε πόσις Μενέλαος ἀγήνωρ",tlg0647.tlg001.perseus-grc2.xml
The Taking of Ilios,tlg001,1,458,"ἵππῳ δουρατέῳ κεκαλυμμένος, ἀμφὶ δʼ Ἀχαιῶν","ἵππῳ δουρατέῳ κεκαλυμμένος, ἀμφὶ δ’ Ἀχαιῶν",tlg0647.tlg001.perseus-grc2.xml
The Taking of Ilios,tlg001,1,459,ἡγεμόνες λοχόωσι τεῶν μνηστῆρες ἀέθλων.,ἡγεμόνες λοχόωσι τεῶν μνηστῆρες ἀέθλων.,tlg0647.tlg001.perseus-grc2.xml
The Taking of Ilios,tlg001,1,460,"ἀλλʼ ἴθι, μηδʼ ἔτι τοι μελέτω Πριάμοιο γέροντος","ἀλλ’ ἴθι, μηδ’ ἔτι τοι μελέτω Πριάμοιο γέροντος",tlg0647.tlg001.perseus-grc2.xml
The Taking of Ilios,tlg001,1,461,μήτʼ ἄλλων Τρώων μήτʼ αὐτοῦ Δηιφόβοιο·,μήτ’ ἄλλων Τρώων μήτ’ αὐτοῦ Δηιφόβοιο·,tlg0647.tlg001.perseus-grc2.xml
The Taking of Ilios,tlg001,1,462,ἤδη γάρ σε δίδωμι πολυτλήτῳ Μενελάῳ.,ἤδη γάρ σε δίδωμι πολυτλήτῳ Μενελάῳ.,tlg0647.tlg001.perseus-grc2.xml
The Taking of Ilios,tlg001,1,463,ὣς φαμένη θεὸς αὖθις ἀνέδραμεν· ἡ δὲ δόλοισι,ὣς φαμένη θεὸς αὖθις ἀνέδραμεν· ἡ δὲ δόλοισι,tlg0647.tlg001.perseus-grc2.xml
The Taking of Ilios,tlg001,1,464,"θελγομένη κραδίην θάλαμον λίπε κηώεντα,","θελγομένη κραδίην θάλαμον λίπε κηώεντα,",tlg0647.tlg001.perseus-grc2.xml
The Taking of Ilios,tlg001,1,465,καί οἱ Δηίφοβος πόσις εἴπετο· τὴν δὲ κιοῦσαν,καί οἱ Δηίφοβος πόσις εἴπετο· τὴν δὲ κιοῦσαν,tlg0647.tlg001.perseus-grc2.xml
The Taking of Ilios,tlg001,1,466,Τρῳάδες ἑλκεχίτωνες ἐθηήσαντο γυναῖκες.,Τρῳάδες ἑλκεχίτωνες ἐθηήσαντο γυναῖκες.,tlg0647.tlg001.perseus-grc2.xml
The Taking of Ilios,tlg001,1,467,"ἡ δʼ ὁπόθʼ ὑψιμέλαθρον ἐς ἱερὸν ἦλθεν Ἀθήνης,","ἡ δ’ ὁπόθ’ ὑψιμέλαθρον ἐς ἱερὸν ἦλθεν Ἀθήνης,",tlg0647.tlg001.perseus-grc2.xml
The Taking of Ilios,tlg001,1,468,ἔστη παπταίνουσα φυὴν εὐήνορος ἵππου.,ἔστη παπταίνουσα φυὴν εὐήνορος ἵππου.,tlg0647.tlg001.perseus-grc2.xml
The Taking of Ilios,tlg001,1,469,τρὶς δὲ περιστείχουσα καὶ Ἀργείους ἐρέθουσα,τρὶς δὲ περιστείχουσα καὶ Ἀργείους ἐρέθουσα,tlg0647.tlg001.perseus-grc2.xml
The Taking of Ilios,tlg001,1,470,πάσας ἠυκόμους ἀλόχους ὀνόμαζεν Ἀχαιῶν,πάσας ἠυκόμους ἀλόχους ὀνόμαζεν Ἀχαιῶν,tlg0647.tlg001.perseus-grc2.xml
The Taking of Ilios,tlg001,1,471,φωνῇ λεπταλέῃ· τοὶ δʼ ἔνδοθι θυμὸν ἄμυσσον,φωνῇ λεπταλέῃ· τοὶ δ’ ἔνδοθι θυμὸν ἄμυσσον,tlg0647.tlg001.perseus-grc2.xml
The Taking of Ilios,tlg001,1,472,ἀλγεινοὶ κατέχοντες ἐεργμένα δάκρυα σιγῇ.,ἀλγεινοὶ κατέχοντες ἐεργμένα δάκρυα σιγῇ.,tlg0647.tlg001.perseus-grc2.xml
The Taking of Ilios,tlg001,1,473,"ἔστενε μὲν Μενέλαος, ἐπεὶ κλύε Τυνδαρεώνης,","ἔστενε μὲν Μενέλαος, ἐπεὶ κλύε Τυνδαρεώνης,",tlg0647.tlg001.perseus-grc2.xml
The Taking of Ilios,tlg001,1,474,"κλαῖε δὲ Τυδείδης μεμνημένος Αἰγιαλείης,","κλαῖε δὲ Τυδείδης μεμνημένος Αἰγιαλείης,",tlg0647.tlg001.perseus-grc2.xml
The Taking of Ilios,tlg001,1,475,"οὔνομα δʼ ἐπτοίησεν Ὀδυσσέα Πηνελοπείης,","οὔνομα δ’ ἐπτοίησεν Ὀδυσσέα Πηνελοπείης,",tlg0647.tlg001.perseus-grc2.xml
The Taking of Ilios,tlg001,1,476,"Ἄντικλος δʼ ὅτε κέντρον ἐδέξατο Λαοδαμείης,","Ἄντικλος δ’ ὅτε κέντρον ἐδέξατο Λαοδαμείης,",tlg0647.tlg001.perseus-grc2.xml
The Taking of Ilios,tlg001,1,477,μοῦνος ἀμοιβαίην ἀνεβάλλετο γῆρυν ἀνοίξας·,μοῦνος ἀμοιβαίην ἀνεβάλλετο γῆρυν ἀνοίξας·,tlg0647.tlg001.perseus-grc2.xml
The Taking of Ilios,tlg001,1,478,ἀλλʼ Ὀδυσεὺς κατέπαλτο καὶ ἀμφοτέρῃς παλάμῃσιν,ἀλλ’ Ὀδυσεὺς κατέπαλτο καὶ ἀμφοτέρῃς παλάμῃσιν,tlg0647.tlg001.perseus-grc2.xml
The Taking of Ilios,tlg001,1,479,ἀμφιπεσὼν ἐπίεζεν ἐπειγόμενον στόμα λῦσαι.,ἀμφιπεσὼν ἐπίεζεν ἐπειγόμενον στόμα λῦσαι.,tlg0647.tlg001.perseus-grc2.xml
The Taking of Ilios,tlg001,1,480,μάστακα δʼ ἀρρήκτοισιν ἀλυκτοπέδῃσι μεμαρπὼς,μάστακα δ’ ἀρρήκτοισιν ἀλυκτοπέδῃσι μεμαρπὼς,tlg0647.tlg001.perseus-grc2.xml
The Taking of Ilios,tlg001,1,481,"εἶχεν ἐπικρατέως· ὁ δʼ ἐπάλλετο χερσὶ πιεσθείς,","εἶχεν ἐπικρατέως· ὁ δ’ ἐπάλλετο χερσὶ πιεσθείς,",tlg0647.tlg001.perseus-grc2.xml
The Taking of Ilios,tlg001,1,482,φεύγων ἀνδροφόνοιο πελώρια δεσμὰ σιωπῆς.,φεύγων ἀνδροφόνοιο πελώρια δεσμὰ σιωπῆς.,tlg0647.tlg001.perseus-grc2.xml
The Taking of Ilios,tlg001,1,483,καὶ τὸν μὲν λίπεν ἆσθμα φερέσβιον· οἱ δέ μιν ἄλλοι,καὶ τὸν μὲν λίπεν ἆσθμα φερέσβιον· οἱ δέ μιν ἄλλοι,tlg0647.tlg001.perseus-grc2.xml
The Taking of Ilios,tlg001,1,484,δάκρυσι λαθριδίοισι κατακλαύσαντες Ἀχαιοὶ,δάκρυσι λαθριδίοισι κατακλαύσαντες Ἀχαιοὶ,tlg0647.tlg001.perseus-grc2.xml
The Taking of Ilios,tlg001,1,485,κοῖλον ἀποκρύψαντες ἐς ἰσχίον ἔνθεσαν ἵππου,κοῖλον ἀποκρύψαντες ἐς ἰσχίον ἔνθεσαν ἵππου,tlg0647.tlg001.perseus-grc2.xml
The Taking of Ilios,tlg001,1,486,καὶ χλαῖναν μελέεσσιν ἐπὶ ψυχροῖσι βαλόντες.,καὶ χλαῖναν μελέεσσιν ἐπὶ ψυχροῖσι βαλόντες.,tlg0647.tlg001.perseus-grc2.xml
The Taking of Ilios,tlg001,1,487,"καί νύ κεν ἄλλον ἔθελγε γυνὴ δολόμητις Ἀχαιῶν,","καί νύ κεν ἄλλον ἔθελγε γυνὴ δολόμητις Ἀχαιῶν,",tlg0647.tlg001.perseus-grc2.xml
The Taking of Ilios,tlg001,1,488,εἰ μή οἱ βλοσυρῶπις ἀπʼ αἰθέρος ἀντήσασα,εἰ μή οἱ βλοσυρῶπις ἀπ’ αἰθέρος ἀντήσασα,tlg0647.tlg001.perseus-grc2.xml
The Taking of Ilios,tlg001,1,489,"Παλλὰς ἐπηπείλησε, φίλου δʼ ἐξήγαγε νηοῦ","Παλλὰς ἐπηπείλησε, φίλου δ’ ἐξήγαγε νηοῦ",tlg0647.tlg001.perseus-grc2.xml
The Taking of Ilios,tlg001,1,490,"μούνῃ φαινομένη, στερεῇ δʼ ἀπεπέμψατο φωνῇ·","μούνῃ φαινομένη, στερεῇ δ’ ἀπεπέμψατο φωνῇ·",tlg0647.tlg001.perseus-grc2.xml
The Taking of Ilios,tlg001,1,491,"δειλαίη, τέο μέχρις ἀλιτροσύναι σε φέρουσι","δειλαίη, τέο μέχρις ἀλιτροσύναι σε φέρουσι",tlg0647.tlg001.perseus-grc2.xml
The Taking of Ilios,tlg001,1,492,καὶ πόθος ἀλλοτρίων λεχέων καὶ Κύπριδος ἄτη;,καὶ πόθος ἀλλοτρίων λεχέων καὶ Κύπριδος ἄτη;,tlg0647.tlg001.perseus-grc2.xml
The Taking of Ilios,tlg001,1,493,οὔποτε δʼ οἰκτείρεις πρότερον πόσιν οὐδὲ θύγατρα,οὔποτε δ’ οἰκτείρεις πρότερον πόσιν οὐδὲ θύγατρα,tlg0647.tlg001.perseus-grc2.xml
The Taking of Ilios,tlg001,1,494,Ἑρμιόνην ποθέεις; ἔτι δὲ Τρώεσσιν ἀρήγεις;,Ἑρμιόνην ποθέεις; ἔτι δὲ Τρώεσσιν ἀρήγεις;,tlg0647.tlg001.perseus-grc2.xml
The Taking of Ilios,tlg001,1,495,χάζεο καὶ θαλάμων ὑπερώιον εἰσαναβᾶσα,χάζεο καὶ θαλάμων ὑπερώιον εἰσαναβᾶσα,tlg0647.tlg001.perseus-grc2.xml
The Taking of Ilios,tlg001,1,496,σὺν πυρὶ μειλιχίῳ ποτιδέχνυσο νῆας Ἀχαιῶν.,σὺν πυρὶ μειλιχίῳ ποτιδέχνυσο νῆας Ἀχαιῶν.,tlg0647.tlg001.perseus-grc2.xml
The Taking of Ilios,tlg001,1,497,ὣς φαμένη κενεὴν ἀπάτην ἐκέδασσε γυναικός.,ὣς φαμένη κενεὴν ἀπάτην ἐκέδασσε γυναικός.,tlg0647.tlg001.perseus-grc2.xml
The Taking of Ilios,tlg001,1,498,καὶ τὴν μὲν θαλαμόνδε πόδες φέρον· οἱ δὲ χοροῖο,καὶ τὴν μὲν θαλαμόνδε πόδες φέρον· οἱ δὲ χοροῖο,tlg0647.tlg001.perseus-grc2.xml
The Taking of Ilios,tlg001,1,499,παυσάμενοι καμάτῳ ἀδδηκότες ἤριπον ὕπνῳ.,παυσάμενοι καμάτῳ ἀδδηκότες ἤριπον ὕπνῳ.,tlg0647.tlg001.perseus-grc2.xml
The Taking of Ilios,tlg001,1,500,"καὶ δή που φόρμιγξ ἀνεπαύσατο, κεῖτο δὲ κάμνων","καὶ δή που φόρμιγξ ἀνεπαύσατο, κεῖτο δὲ κάμνων",tlg0647.tlg001.perseus-grc2.xml
The Taking of Ilios,tlg001,1,501,"αὐλὸς ἐπὶ κρητῆρι, κύπελλα δὲ πολλὰ χυθέντα","αὐλὸς ἐπὶ κρητῆρι, κύπελλα δὲ πολλὰ χυθέντα",tlg0647.tlg001.perseus-grc2.xml
The Taking of Ilios,tlg001,1,502,αὐτομάτως ῥείεσκε καθελκομένων ἀπὸ χειρῶν.,αὐτομάτως ῥείεσκε καθελκομένων ἀπὸ χειρῶν.,tlg0647.tlg001.perseus-grc2.xml
The Taking of Ilios,tlg001,1,503,"ἡσυχίη δὲ πόλιν κατεβόσκετο, νυκτὸς ἑταίρη,","ἡσυχίη δὲ πόλιν κατεβόσκετο, νυκτὸς ἑταίρη,",tlg0647.tlg001.perseus-grc2.xml
The Taking of Ilios,tlg001,1,504,"οὐδʼ ὑλακὴ σκυλάκων ἠκούετο, πᾶσα δὲ σιγὴ","οὐδ’ ὑλακὴ σκυλάκων ἠκούετο, πᾶσα δὲ σιγὴ",tlg0647.tlg001.perseus-grc2.xml
The Taking of Ilios,tlg001,1,505,εἱστήκει καλέουσα φόνον πνείουσαν ἀυτήν.,εἱστήκει καλέουσα φόνον πνείουσαν ἀυτήν.,tlg0647.tlg001.perseus-grc2.xml
The Taking of Ilios,tlg001,1,506,ἤδη δὲ Τρώεσσιν ὀλέθριον εἷλκε τάλαντον,ἤδη δὲ Τρώεσσιν ὀλέθριον εἷλκε τάλαντον,tlg0647.tlg001.perseus-grc2.xml
The Taking of Ilios,tlg001,1,507,"Ζεὺς ταμίης πολέμοιο, μόγις δʼ ἐλέλιξεν Ἀχαιούς·","Ζεὺς ταμίης πολέμοιο, μόγις δ’ ἐλέλιξεν Ἀχαιούς·",tlg0647.tlg001.perseus-grc2.xml
The Taking of Ilios,tlg001,1,508,χάζετο δʼ Ἰλιόθεν Λυκίης ἐπὶ πίονα νηὸν,χάζετο δ’ Ἰλιόθεν Λυκίης ἐπὶ πίονα νηὸν,tlg0647.tlg001.perseus-grc2.xml
The Taking of Ilios,tlg001,1,509,ἀχνύμενος μεγάλοις ἐπὶ τείχεσι Φοῖβος Ἀπάλλων.,ἀχνύμενος μεγάλοις ἐπὶ τείχεσι Φοῖβος Ἀπάλλων.,tlg0647.tlg001.perseus-grc2.xml
The Taking of Ilios,tlg001,1,510,αὐτίκα δ Ἀργείοισιν Ἀχιλλῆος παρὰ τύμβον,αὐτίκα δ Ἀργείοισιν Ἀχιλλῆος παρὰ τύμβον,tlg0647.tlg001.perseus-grc2.xml
The Taking of Ilios,tlg001,1,511,ἀγγελίην ἀνάφαινε Σίνων εὐφεγγέι δαλῷ,ἀγγελίην ἀνάφαινε Σίνων εὐφεγγέι δαλῷ,tlg0647.tlg001.perseus-grc2.xml
The Taking of Ilios,tlg001,1,512,παννυχίη δʼ ἑτάροισιν ὑπὲρ θαλάμοιο καὶ αὐτὴ,παννυχίη δ’ ἑτάροισιν ὑπὲρ θαλάμοιο καὶ αὐτὴ,tlg0647.tlg001.perseus-grc2.xml
The Taking of Ilios,tlg001,1,513,εὐειδής Ἑλένη χρυσέην ἐπεδείκνυτο πεύκην.,εὐειδής Ἑλένη χρυσέην ἐπεδείκνυτο πεύκην.,tlg0647.tlg001.perseus-grc2.xml
The Taking of Ilios,tlg001,1,514,ὡς δʼ ὁπότε πλήθουσα πυρὸς γλαυκοῖο σελήνη,ὡς δ’ ὁπότε πλήθουσα πυρὸς γλαυκοῖο σελήνη,tlg0647.tlg001.perseus-grc2.xml
The Taking of Ilios,tlg001,1,515,οὐρανὸν αἰγλήεντα κατεχρύσωσε προσώπῳ·,οὐρανὸν αἰγλήεντα κατεχρύσωσε προσώπῳ·,tlg0647.tlg001.perseus-grc2.xml
The Taking of Ilios,tlg001,1,516,οὐχ ὅτε που γλωχῖνας ἀποξύνουσα κεραίης,οὐχ ὅτε που γλωχῖνας ἀποξύνουσα κεραίης,tlg0647.tlg001.perseus-grc2.xml
The Taking of Ilios,tlg001,1,517,"πρωτοφαὴς ὑπὸ μηνὸς ἀνίσταται ἄσκιον ἀχλύν,","πρωτοφαὴς ὑπὸ μηνὸς ἀνίσταται ἄσκιον ἀχλύν,",tlg0647.tlg001.perseus-grc2.xml
The Taking of Ilios,tlg001,1,518,ἀλλʼ ὅτε κυκλώσασα περίτροχον ὄμματος αὐγὴν,ἀλλ’ ὅτε κυκλώσασα περίτροχον ὄμματος αὐγὴν,tlg0647.tlg001.perseus-grc2.xml
The Taking of Ilios,tlg001,1,519,ἀντιτύπους ἀκτῖνας ἐφέλκεται ἠελίοιο·,ἀντιτύπους ἀκτῖνας ἐφέλκεται ἠελίοιο·,tlg0647.tlg001.perseus-grc2.xml
The Taking of Ilios,tlg001,1,520,τοίη μαρμαίρουσα Θεραπναίη τότε νύμφη,τοίη μαρμαίρουσα Θεραπναίη τότε νύμφη,tlg0647.tlg001.perseus-grc2.xml
The Taking of Ilios,tlg001,1,521,"οἴνοπα πῆχυν ἀνεῖλκε, φίλου πυρὸς ἡνιοχῆα.","οἴνοπα πῆχυν ἀνεῖλκε, φίλου πυρὸς ἡνιοχῆα.",tlg0647.tlg001.perseus-grc2.xml
The Taking of Ilios,tlg001,1,522,οἱ δὲ σέλας πυρσοῖο μετήορον ἀθρήσαντες,οἱ δὲ σέλας πυρσοῖο μετήορον ἀθρήσαντες,tlg0647.tlg001.perseus-grc2.xml
The Taking of Ilios,tlg001,1,523,νῆας ἀνεκρούσαντο παλιγγνάμπτοισι κελεύθοις,νῆας ἀνεκρούσαντο παλιγγνάμπτοισι κελεύθοις,tlg0647.tlg001.perseus-grc2.xml
The Taking of Ilios,tlg001,1,524,"Ἀργεῖοι σπεύδοντες, ἅπας δʼ ἠπείγετο ναύτης","Ἀργεῖοι σπεύδοντες, ἅπας δ’ ἠπείγετο ναύτης",tlg0647.tlg001.perseus-grc2.xml
The Taking of Ilios,tlg001,1,525,δηναιοῦ πολέμοιο τέλος διζήμενος εὑρεῖν.,δηναιοῦ πολέμοιο τέλος διζήμενος εὑρεῖν.,tlg0647.tlg001.perseus-grc2.xml
The Taking of Ilios,tlg001,1,526,οἱ δʼ αὐτοὶ πλωτῆρες ἔσαν κρατεροί τε μαχηταὶ,οἱ δ’ αὐτοὶ πλωτῆρες ἔσαν κρατεροί τε μαχηταὶ,tlg0647.tlg001.perseus-grc2.xml
The Taking of Ilios,tlg001,1,527,ἀλλήλοις τʼ ἐκέλευον ἐλαυνέμεν· αἱ δʼ ἄρα νῆες,ἀλλήλοις τ’ ἐκέλευον ἐλαυνέμεν· αἱ δ’ ἄρα νῆες,tlg0647.tlg001.perseus-grc2.xml
The Taking of Ilios,tlg001,1,528,ὠκύτεραι κραιπνῶν ἀνέμων ἀνέμων ταχυπειθέι ῥιπῇ,ὠκύτεραι κραιπνῶν ἀνέμων ἀνέμων ταχυπειθέι ῥιπῇ,tlg0647.tlg001.perseus-grc2.xml
The Taking of Ilios,tlg001,1,529,Ἴλιον εἰσανάγοντο Ποσειδάωνος ἀρωγῇ.,Ἴλιον εἰσανάγοντο Ποσειδάωνος ἀρωγῇ.,tlg0647.tlg001.perseus-grc2.xml
The Taking of Ilios,tlg001,1,530,"ἐνθάδε δὴ πεζοί πρότεροι κίον, οἱ δʼ ἐπέλειφθεν","ἐνθάδε δὴ πεζοί πρότεροι κίον, οἱ δ’ ἐπέλειφθεν",tlg0647.tlg001.perseus-grc2.xml
The Taking of Ilios,tlg001,1,531,"ἱππῆες κατόπισθεν, ὅπως μὴ Τρώιον ἵπποι","ἱππῆες κατόπισθεν, ὅπως μὴ Τρώιον ἵπποι",tlg0647.tlg001.perseus-grc2.xml
The Taking of Ilios,tlg001,1,532,λαὸν ἀναστήσωσιν ἀειρομένῳ χρεμετισμῷ.,λαὸν ἀναστήσωσιν ἀειρομένῳ χρεμετισμῷ.,tlg0647.tlg001.perseus-grc2.xml
The Taking of Ilios,tlg001,1,533,"οἱ δʼ ἕτεροι γλαφυρῆς ἀπὸ γαστέρος ἔρρεον ἵππου,","οἱ δ’ ἕτεροι γλαφυρῆς ἀπὸ γαστέρος ἔρρεον ἵππου,",tlg0647.tlg001.perseus-grc2.xml
The Taking of Ilios,tlg001,1,534,"τευχησταὶ βασιλῆες, ἀπὸ δρυὸς οἶα μέλισσαι,","τευχησταὶ βασιλῆες, ἀπὸ δρυὸς οἶα μέλισσαι,",tlg0647.tlg001.perseus-grc2.xml
The Taking of Ilios,tlg001,1,535,αἵτʼ ἐπεὶ οὖν ἔκαμον πολυχανδέος ἔνδοθι σίμβλου,αἵτ’ ἐπεὶ οὖν ἔκαμον πολυχανδέος ἔνδοθι σίμβλου,tlg0647.tlg001.perseus-grc2.xml
The Taking of Ilios,tlg001,1,536,"κηρὸν ὑφαίνουσαι μελιηδέα ποικιλοτέχναι,","κηρὸν ὑφαίνουσαι μελιηδέα ποικιλοτέχναι,",tlg0647.tlg001.perseus-grc2.xml
The Taking of Ilios,tlg001,1,537,ἐς νομὸν εὐγυάλοιο κατʼ ἄγγεος ἀμφιχυθεῖσαι,ἐς νομὸν εὐγυάλοιο κατ’ ἄγγεος ἀμφιχυθεῖσαι,tlg0647.tlg001.perseus-grc2.xml
The Taking of Ilios,tlg001,1,538,νύγμασι πημαίνουσι παραστείχοντας ὁδίτας·,νύγμασι πημαίνουσι παραστείχοντας ὁδίτας·,tlg0647.tlg001.perseus-grc2.xml
The Taking of Ilios,tlg001,1,539,ὣς Δαναοὶ κρυφίοιο λόχου κληῖδας ἀνέντες,ὣς Δαναοὶ κρυφίοιο λόχου κληῖδας ἀνέντες,tlg0647.tlg001.perseus-grc2.xml
The Taking of Ilios,tlg001,1,540,θρῷσκον ἐπὶ Τρώεσσι καὶ εἰσέτι κοῖτον ἔχοντας,θρῷσκον ἐπὶ Τρώεσσι καὶ εἰσέτι κοῖτον ἔχοντας,tlg0647.tlg001.perseus-grc2.xml
The Taking of Ilios,tlg001,1,541,χαλκείου θανάτοιο κακοῖς ἐκάλυψαν ὀνείροις.,χαλκείου θανάτοιο κακοῖς ἐκάλυψαν ὀνείροις.,tlg0647.tlg001.perseus-grc2.xml
The Taking of Ilios,tlg001,1,542,"νήχετο δʼ αἵματι γαῖα, βοὴ δʼ ἄλληκτος ὀρώρει","νήχετο δ’ αἵματι γαῖα, βοὴ δ’ ἄλληκτος ὀρώρει",tlg0647.tlg001.perseus-grc2.xml
The Taking of Ilios,tlg001,1,543,"Τρώων φευγόντων, ἐστείνετο δʼ Ἴλιος ἱρὴ","Τρώων φευγόντων, ἐστείνετο δ’ Ἴλιος ἱρὴ",tlg0647.tlg001.perseus-grc2.xml
The Taking of Ilios,tlg001,1,544,"πιπτόντων νεκύων, οἱ δʼ ἀνδροφόνῳ κολοσυρτῷ","πιπτόντων νεκύων, οἱ δ’ ἀνδροφόνῳ κολοσυρτῷ",tlg0647.tlg001.perseus-grc2.xml
The Taking of Ilios,tlg001,1,545,ἔζεον ἔνθα καὶ ἔνθα μεμηνότες οἶα λέοντες,ἔζεον ἔνθα καὶ ἔνθα μεμηνότες οἶα λέοντες,tlg0647.tlg001.perseus-grc2.xml
The Taking of Ilios,tlg001,1,546,σώμασιν ἀρτιφάτοισι γεφυρώσαντες ἀγυιάς.,σώμασιν ἀρτιφάτοισι γεφυρώσαντες ἀγυιάς.,tlg0647.tlg001.perseus-grc2.xml
The Taking of Ilios,tlg001,1,547,Τρωιάδες δὲ γυναῖκες ὑπέρ τεγέων ἀίουσαι,Τρωιάδες δὲ γυναῖκες ὑπέρ τεγέων ἀίουσαι,tlg0647.tlg001.perseus-grc2.xml
The Taking of Ilios,tlg001,1,548,αἱ μὲν ἐλευθερίης ἐρατῆς ἔτι διψώουσαι,αἱ μὲν ἐλευθερίης ἐρατῆς ἔτι διψώουσαι,tlg0647.tlg001.perseus-grc2.xml
The Taking of Ilios,tlg001,1,549,"αὐχένας ἐς θάνατον δειλοῖς ὑπέβαλλον ἀκοίταις,","αὐχένας ἐς θάνατον δειλοῖς ὑπέβαλλον ἀκοίταις,",tlg0647.tlg001.perseus-grc2.xml
The Taking of Ilios,tlg001,1,550,"αἱ δὲ φίλοις ἐπὶ παισί, χελιδόνες οἷάτε κοῦφαι,","αἱ δὲ φίλοις ἐπὶ παισί, χελιδόνες οἷάτε κοῦφαι,",tlg0647.tlg001.perseus-grc2.xml
The Taking of Ilios,tlg001,1,551,μητέρες ὠδύροντο· νέη δέ τις ἀσπαίροντα,μητέρες ὠδύροντο· νέη δέ τις ἀσπαίροντα,tlg0647.tlg001.perseus-grc2.xml
The Taking of Ilios,tlg001,1,552,ἠίθεον κλαύσασα θανεῖν ἔσπευδε καὶ αὐτὴ,ἠίθεον κλαύσασα θανεῖν ἔσπευδε καὶ αὐτὴ,tlg0647.tlg001.perseus-grc2.xml
The Taking of Ilios,tlg001,1,553,οὐδὲ δορυκτήτοισιν ὁμοῦ δεσμοῖσιν ἕπεσθαι,οὐδὲ δορυκτήτοισιν ὁμοῦ δεσμοῖσιν ἕπεσθαι,tlg0647.tlg001.perseus-grc2.xml
The Taking of Ilios,tlg001,1,554,"ἤθελεν, ἀλλʼ ἐχόλωσε καὶ οὐκ ἐθέλοντα φονῆα","ἤθελεν, ἀλλ’ ἐχόλωσε καὶ οὐκ ἐθέλοντα φονῆα",tlg0647.tlg001.perseus-grc2.xml
The Taking of Ilios,tlg001,1,555,καὶ ξυνὸν λέχος ἔσχεν ὀφειλόμενον παρακοίτῃ.,καὶ ξυνὸν λέχος ἔσχεν ὀφειλόμενον παρακοίτῃ.,tlg0647.tlg001.perseus-grc2.xml
The Taking of Ilios,tlg001,1,556,πολλαὶ δʼ ἠλιτόμηνα καὶ ἄπνοα τέκνα φέρουσαι,πολλαὶ δ’ ἠλιτόμηνα καὶ ἄπνοα τέκνα φέρουσαι,tlg0647.tlg001.perseus-grc2.xml
The Taking of Ilios,tlg001,1,557,γαστέρος ὠμοτόκοιο χύδην ὠδῖνα μεθεῖσαι,γαστέρος ὠμοτόκοιο χύδην ὠδῖνα μεθεῖσαι,tlg0647.tlg001.perseus-grc2.xml
The Taking of Ilios,tlg001,1,558,ῥιγεδανῶς σὺν παισὶν ἀπεψύχοντο καὶ αὐταί.,ῥιγεδανῶς σὺν παισὶν ἀπεψύχοντο καὶ αὐταί.,tlg0647.tlg001.perseus-grc2.xml
The Taking of Ilios,tlg001,1,559,"παννυχίη δʼ ἐχόρευσεν ἀνὰ πτόλιν, οἷα θύελλα,","παννυχίη δ’ ἐχόρευσεν ἀνὰ πτόλιν, οἷα θύελλα,",tlg0647.tlg001.perseus-grc2.xml
The Taking of Ilios,tlg001,1,560,κύμασι παφλάζουσα πολυφλοίσβου πολέμοιο,κύμασι παφλάζουσα πολυφλοίσβου πολέμοιο,tlg0647.tlg001.perseus-grc2.xml
The Taking of Ilios,tlg001,1,561,αἵματος ἀκρήτοιο μέθης ἐπίκωμος Ἐνυώ.,αἵματος ἀκρήτοιο μέθης ἐπίκωμος Ἐνυώ.,tlg0647.tlg001.perseus-grc2.xml
The Taking of Ilios,tlg001,1,562,σὺν δʼ Ἔρις οὐρανόμηκες ἀναστήσασα κάρηνον,σὺν δ’ Ἔρις οὐρανόμηκες ἀναστήσασα κάρηνον,tlg0647.tlg001.perseus-grc2.xml
The Taking of Ilios,tlg001,1,563,"Ἀργείους ὀρόθυνεν, ἐπεὶ καὶ φοίνιος Ἄρης","Ἀργείους ὀρόθυνεν, ἐπεὶ καὶ φοίνιος Ἄρης",tlg0647.tlg001.perseus-grc2.xml
The Taking of Ilios,tlg001,1,564,ὀψὲ μὲν ἀλλὰ καὶ ὣς πολέμων ἑτεραλκέα νίκην,ὀψὲ μὲν ἀλλὰ καὶ ὣς πολέμων ἑτεραλκέα νίκην,tlg0647.tlg001.perseus-grc2.xml
The Taking of Ilios,tlg001,1,565,ἦλθε φέρων Δαναοῖσι καὶ ἀλλοπρόσαλλον ἀρωγήν.,ἦλθε φέρων Δαναοῖσι καὶ ἀλλοπρόσαλλον ἀρωγήν.,tlg0647.tlg001.perseus-grc2.xml
The Taking of Ilios,tlg001,1,566,ἴαχε δὲ γλαυκῶπις ἐπʼ ἀκροπόληος Ἀθήνη,ἴαχε δὲ γλαυκῶπις ἐπ’ ἀκροπόληος Ἀθήνη,tlg0647.tlg001.perseus-grc2.xml
The Taking of Ilios,tlg001,1,567,"αἰγίδα κινήσασα, Διὸς σάκος, ἔτρεμε δʼ αἰθὴρ","αἰγίδα κινήσασα, Διὸς σάκος, ἔτρεμε δ’ αἰθὴρ",tlg0647.tlg001.perseus-grc2.xml
The Taking of Ilios,tlg001,1,568,"Ἥρης σπερχομένης, ἐπὶ δʼ ἔβραχε γαῖα βαρεῖα","Ἥρης σπερχομένης, ἐπὶ δ’ ἔβραχε γαῖα βαρεῖα",tlg0647.tlg001.perseus-grc2.xml
The Taking of Ilios,tlg001,1,569,"παλλομένη τριόδοντι Ποσειδάωνος ἀκωκῇ,","παλλομένη τριόδοντι Ποσειδάωνος ἀκωκῇ,",tlg0647.tlg001.perseus-grc2.xml
The Taking of Ilios,tlg001,1,570,"ἔφριξεν δʼ Ἀίδης, χθονίων δʼ ἐξέδρακε θώκων","ἔφριξεν δ’ Ἀίδης, χθονίων δ’ ἐξέδρακε θώκων",tlg0647.tlg001.perseus-grc2.xml
The Taking of Ilios,tlg001,1,571,"ταρβήσας, μή πού τι Διὸς μέγα χωσαμένοιο","ταρβήσας, μή πού τι Διὸς μέγα χωσαμένοιο",tlg0647.tlg001.perseus-grc2.xml
The Taking of Ilios,tlg001,1,572,πᾶν γένος ἀνθρώπων κατάγοι ψυχοστόλος Ἑρμῆς.,πᾶν γένος ἀνθρώπων κατάγοι ψυχοστόλος Ἑρμῆς.,tlg0647.tlg001.perseus-grc2.xml
The Taking of Ilios,tlg001,1,573,"πάντα δʼ ὁμοῦ κεκύκητο, φόνος δέ τις ἄκριτος ἦεν·","πάντα δ’ ὁμοῦ κεκύκητο, φόνος δέ τις ἄκριτος ἦεν·",tlg0647.tlg001.perseus-grc2.xml
The Taking of Ilios,tlg001,1,574,τοὺς μὲν γὰρ φεύγοντας ἐπὶ Σκαιῇσι πύλῃσι,τοὺς μὲν γὰρ φεύγοντας ἐπὶ Σκαιῇσι πύλῃσι,tlg0647.tlg001.perseus-grc2.xml
The Taking of Ilios,tlg001,1,575,"κτεῖνον ἐφεστηῶτες, ὁ δʼ ἐξ εὐνῆς ἀνορούσας","κτεῖνον ἐφεστηῶτες, ὁ δ’ ἐξ εὐνῆς ἀνορούσας",tlg0647.tlg001.perseus-grc2.xml
The Taking of Ilios,tlg001,1,576,τεύχεα μαστεύων δνοφερῇ περικάππεσεν αἰχμῇ.,τεύχεα μαστεύων δνοφερῇ περικάππεσεν αἰχμῇ.,tlg0647.tlg001.perseus-grc2.xml
The Taking of Ilios,tlg001,1,577,"καί τις ὑπὸ σκιόεντι δόμῳ κεκρυμμένος ἀνήρ,","καί τις ὑπὸ σκιόεντι δόμῳ κεκρυμμένος ἀνήρ,",tlg0647.tlg001.perseus-grc2.xml
The Taking of Ilios,tlg001,1,578,"ξεῖνος ἐών, ἐκάλεσσεν ὀιόμενος φίλον εἶναι·","ξεῖνος ἐών, ἐκάλεσσεν ὀιόμενος φίλον εἶναι·",tlg0647.tlg001.perseus-grc2.xml
The Taking of Ilios,tlg001,1,579,"νήπιος, οὐ μὲν ἔμελλεν ἐνηέι φωτὶ μιγῆναι,","νήπιος, οὐ μὲν ἔμελλεν ἐνηέι φωτὶ μιγῆναι,",tlg0647.tlg001.perseus-grc2.xml
The Taking of Ilios,tlg001,1,580,ξείνια δʼ ἐχθρὰ κόμισσεν· ὑπέρ τέγεος δέ τις ἄλλος,ξείνια δ’ ἐχθρὰ κόμισσεν· ὑπέρ τέγεος δέ τις ἄλλος,tlg0647.tlg001.perseus-grc2.xml
The Taking of Ilios,tlg001,1,581,μήπω παπταίνων τι θοῷ διέπιπτεν ὀιστῷ.,μήπω παπταίνων τι θοῷ διέπιπτεν ὀιστῷ.,tlg0647.tlg001.perseus-grc2.xml
The Taking of Ilios,tlg001,1,582,"καί τινες ἀλγεινῷ κραδίην βεβαρηότες οἴνῳ,","καί τινες ἀλγεινῷ κραδίην βεβαρηότες οἴνῳ,",tlg0647.tlg001.perseus-grc2.xml
The Taking of Ilios,tlg001,1,583,"ἐκπλαγέες ποτὶ δοῦπον, ἐπειγόμενοι καταβῆναι,","ἐκπλαγέες ποτὶ δοῦπον, ἐπειγόμενοι καταβῆναι,",tlg0647.tlg001.perseus-grc2.xml
The Taking of Ilios,tlg001,1,584,κλίμακος ἐξελάθοντο καθʼ ὑψηλῶν τε μελάθρων,κλίμακος ἐξελάθοντο καθ’ ὑψηλῶν τε μελάθρων,tlg0647.tlg001.perseus-grc2.xml
The Taking of Ilios,tlg001,1,585,"ἔκπεσον ἀγνώσσοντες, ἐπαυχενίους δὲ λυθέντες","ἔκπεσον ἀγνώσσοντες, ἐπαυχενίους δὲ λυθέντες",tlg0647.tlg001.perseus-grc2.xml
The Taking of Ilios,tlg001,1,586,"ἀστραγάλους ἐάγησαν, ὁμοῦ δʼ ἐξήρυγον οἶνον.","ἀστραγάλους ἐάγησαν, ὁμοῦ δ’ ἐξήρυγον οἶνον.",tlg0647.tlg001.perseus-grc2.xml
The Taking of Ilios,tlg001,1,587,πολλοὶ δʼ εἰς ἕνα χῶρον ἀολλέες ἐκτείνοντο,πολλοὶ δ’ εἰς ἕνα χῶρον ἀολλέες ἐκτείνοντο,tlg0647.tlg001.perseus-grc2.xml
The Taking of Ilios,tlg001,1,588,"μαρνάμενοι, πολλοὶ δὲ διωκόμενοι κατὰ πύργων","μαρνάμενοι, πολλοὶ δὲ διωκόμενοι κατὰ πύργων",tlg0647.tlg001.perseus-grc2.xml
The Taking of Ilios,tlg001,1,589,ἤριπον εἰς Ἀίδαο πανύστατον ἅλμα θορόντες.,ἤριπον εἰς Ἀίδαο πανύστατον ἅλμα θορόντες.,tlg0647.tlg001.perseus-grc2.xml
The Taking of Ilios,tlg001,1,590,"παῦροι δὲ στεινῆς διὰ κοιλάδος, οἷάτε φῶρες,","παῦροι δὲ στεινῆς διὰ κοιλάδος, οἷάτε φῶρες,",tlg0647.tlg001.perseus-grc2.xml
The Taking of Ilios,tlg001,1,591,πατρίδος ὀλλυμένης ἔλαθον χειμῶνα φυγόντες.,πατρίδος ὀλλυμένης ἔλαθον χειμῶνα φυγόντες.,tlg0647.tlg001.perseus-grc2.xml
The Taking of Ilios,tlg001,1,592,"οἱ δʼ ἔνδον πολέμῳ τε καὶ ἀχλύι κυμαίνοντες,","οἱ δ’ ἔνδον πολέμῳ τε καὶ ἀχλύι κυμαίνοντες,",tlg0647.tlg001.perseus-grc2.xml
The Taking of Ilios,tlg001,1,593,"ἀνδράσιν οἰχομένοισι καὶ οὐ φεύγουσιν ὁμοῖοι,","ἀνδράσιν οἰχομένοισι καὶ οὐ φεύγουσιν ὁμοῖοι,",tlg0647.tlg001.perseus-grc2.xml
The Taking of Ilios,tlg001,1,594,πίπτον ἐπʼ ἀλλήλοισι· πόλις δʼ οὐ χάνδανε λύθρον,πίπτον ἐπ’ ἀλλήλοισι· πόλις δ’ οὐ χάνδανε λύθρον,tlg0647.tlg001.perseus-grc2.xml
The Taking of Ilios,tlg001,1,595,"ἀνδρῶν χηρεύουσα, περιπλήθουσα δὲ νεκρῶν.","ἀνδρῶν χηρεύουσα, περιπλήθουσα δὲ νεκρῶν.",tlg0647.tlg001.perseus-grc2.xml
The Taking of Ilios,tlg001,1,596,οὐδέ τι φειδωλή τις ἐγίνετο· φοιταλέῃ δὲ,οὐδέ τι φειδωλή τις ἐγίνετο· φοιταλέῃ δὲ,tlg0647.tlg001.perseus-grc2.xml
The Taking of Ilios,tlg001,1,597,σπερχόμενοι μάστιγι φιλαγρύπνοιο κυδοιμοῦ,σπερχόμενοι μάστιγι φιλαγρύπνοιο κυδοιμοῦ,tlg0647.tlg001.perseus-grc2.xml
The Taking of Ilios,tlg001,1,598,"οὐδὲ θεῶν ὄπιν εἶχον, ἀθεσμοτάτης δʼ ὑπὸ ῥιπῆς","οὐδὲ θεῶν ὄπιν εἶχον, ἀθεσμοτάτης δ’ ὑπὸ ῥιπῆς",tlg0647.tlg001.perseus-grc2.xml
The Taking of Ilios,tlg001,1,599,ἀθανάτων ἔχραινον ἀπενθέας αἵματι βωμούς.,ἀθανάτων ἔχραινον ἀπενθέας αἵματι βωμούς.,tlg0647.tlg001.perseus-grc2.xml
The Taking of Ilios,tlg001,1,600,οἰκτρότατοι δὲ γέροντες ἀτιμοτάτοισι φόνοισιν,οἰκτρότατοι δὲ γέροντες ἀτιμοτάτοισι φόνοισιν,tlg0647.tlg001.perseus-grc2.xml
The Taking of Ilios,tlg001,1,601,"οὐδʼ ὀρθοὶ κτείνοντο, χαμαὶ δʼ ἱκετήσια γυῖα","οὐδ’ ὀρθοὶ κτείνοντο, χαμαὶ δ’ ἱκετήσια γυῖα",tlg0647.tlg001.perseus-grc2.xml
The Taking of Ilios,tlg001,1,602,τεινάμενοι πολιοῖσι κατεκλίνοντο καρήνοις.,τεινάμενοι πολιοῖσι κατεκλίνοντο καρήνοις.,tlg0647.tlg001.perseus-grc2.xml
The Taking of Ilios,tlg001,1,603,πολλὰ δὲ νήπια τέκνα μινυνθαδίων ἀπὸ μαζῶν,πολλὰ δὲ νήπια τέκνα μινυνθαδίων ἀπὸ μαζῶν,tlg0647.tlg001.perseus-grc2.xml
The Taking of Ilios,tlg001,1,604,μητέρος ἡρπάζοντο καὶ οὐ νοέοντα τοκήων,μητέρος ἡρπάζοντο καὶ οὐ νοέοντα τοκήων,tlg0647.tlg001.perseus-grc2.xml
The Taking of Ilios,tlg001,1,605,"ἀμπλακίας ἀπέτινον, ἀνημέλκτου δὲ γάλακτος","ἀμπλακίας ἀπέτινον, ἀνημέλκτου δὲ γάλακτος",tlg0647.tlg001.perseus-grc2.xml
The Taking of Ilios,tlg001,1,606,παιδὶ μάτην ὀρέγουσα χοὰς ἐκόμισσε τιθήνη.,παιδὶ μάτην ὀρέγουσα χοὰς ἐκόμισσε τιθήνη.,tlg0647.tlg001.perseus-grc2.xml
The Taking of Ilios,tlg001,1,607,"οἰωνοί τε κύνες τε κατὰ πτόλιν ἄλλοθεν ἄλλοι,","οἰωνοί τε κύνες τε κατὰ πτόλιν ἄλλοθεν ἄλλοι,",tlg0647.tlg001.perseus-grc2.xml
The Taking of Ilios,tlg001,1,608,"ἠέριοι πεζοί τε συνέστιοι εἰλαπινασταί,","ἠέριοι πεζοί τε συνέστιοι εἰλαπινασταί,",tlg0647.tlg001.perseus-grc2.xml
The Taking of Ilios,tlg001,1,609,"αἷμα μέλαν πίνοντες ἀμείλιχον εἶχον ἐδωδήν,","αἷμα μέλαν πίνοντες ἀμείλιχον εἶχον ἐδωδήν,",tlg0647.tlg001.perseus-grc2.xml
The Taking of Ilios,tlg001,1,610,"καὶ τῶν μὲν κλαγγὴ φόνον ἔπνεεν, οἱ δʼ ὑλάοντες","καὶ τῶν μὲν κλαγγὴ φόνον ἔπνεεν, οἱ δ’ ὑλάοντες",tlg0647.tlg001.perseus-grc2.xml
The Taking of Ilios,tlg001,1,611,"ἄγρια κοπτομένοισιν ἐπʼ ἀνδράσιν ὠρύοντο,","ἄγρια κοπτομένοισιν ἐπ’ ἀνδράσιν ὠρύοντο,",tlg0647.tlg001.perseus-grc2.xml
The Taking of Ilios,tlg001,1,612,"νηλέες, οὐδʼ ἀλέγιζον ἑοὺς ἐρύοντες ἄνακτας.","νηλέες, οὐδ’ ἀλέγιζον ἑοὺς ἐρύοντες ἄνακτας.",tlg0647.tlg001.perseus-grc2.xml
The Taking of Ilios,tlg001,1,613,τὼ δὲ γυναιμανέος ποτὶ δώματα Δηιφόβοιο,τὼ δὲ γυναιμανέος ποτὶ δώματα Δηιφόβοιο,tlg0647.tlg001.perseus-grc2.xml
The Taking of Ilios,tlg001,1,614,στελλέσθην Ὀδυσσεύς τε καὶ εὐχαίτης Μενέλαος,στελλέσθην Ὀδυσσεύς τε καὶ εὐχαίτης Μενέλαος,tlg0647.tlg001.perseus-grc2.xml
The Taking of Ilios,tlg001,1,615,"καρχαλέοισι λύκοισιν ἐοικότες, οἵθʼ ὑπὸ νύκτα","καρχαλέοισι λύκοισιν ἐοικότες, οἵθ’ ὑπὸ νύκτα",tlg0647.tlg001.perseus-grc2.xml
The Taking of Ilios,tlg001,1,616,χειμερίην φονόωντες ἀσημάντοις ἐπὶ μήλοις,χειμερίην φονόωντες ἀσημάντοις ἐπὶ μήλοις,tlg0647.tlg001.perseus-grc2.xml
The Taking of Ilios,tlg001,1,617,"οἴχονται, κάματον δὲ κατατρύχουσι νομήων.","οἴχονται, κάματον δὲ κατατρύχουσι νομήων.",tlg0647.tlg001.perseus-grc2.xml
The Taking of Ilios,tlg001,1,618,ἔνθα δύω περ ἐόντες ἀπειρεσίοισιν ἔμιχθεν,ἔνθα δύω περ ἐόντες ἀπειρεσίοισιν ἔμιχθεν,tlg0647.tlg001.perseus-grc2.xml
The Taking of Ilios,tlg001,1,619,ἀνδράσι δυσμενέεσσι· νέη δʼ ἠγείρετο χάρμη,ἀνδράσι δυσμενέεσσι· νέη δ’ ἠγείρετο χάρμη,tlg0647.tlg001.perseus-grc2.xml
The Taking of Ilios,tlg001,1,620,"τῶν μὲν ἐπορνυμένων, τῶν δʼ ὑψόθεν ἐκ θαλάμοιο","τῶν μὲν ἐπορνυμένων, τῶν δ’ ὑψόθεν ἐκ θαλάμοιο",tlg0647.tlg001.perseus-grc2.xml
The Taking of Ilios,tlg001,1,621,βαλλόντων λιθάκεσσι καὶ ὠκυμόροισιν ὀιστοῖς.,βαλλόντων λιθάκεσσι καὶ ὠκυμόροισιν ὀιστοῖς.,tlg0647.tlg001.perseus-grc2.xml
The Taking of Ilios,tlg001,1,622,ἀλλὰ καὶ ὣς ὑπέροπλα καρήατα πυργώσαντες,ἀλλὰ καὶ ὣς ὑπέροπλα καρήατα πυργώσαντες,tlg0647.tlg001.perseus-grc2.xml
The Taking of Ilios,tlg001,1,623,ἀρρήκτοις κορύθεσσι καὶ ἀσπίσι κυκλώσαντες,ἀρρήκτοις κορύθεσσι καὶ ἀσπίσι κυκλώσαντες,tlg0647.tlg001.perseus-grc2.xml
The Taking of Ilios,tlg001,1,624,"εἰσέθορον μέγα δῶμα· καὶ ἀντίβιον μὲν ὅμιλον,","εἰσέθορον μέγα δῶμα· καὶ ἀντίβιον μὲν ὅμιλον,",tlg0647.tlg001.perseus-grc2.xml
The Taking of Ilios,tlg001,1,625,"θῆρας δειμαλέους, ἐλάων ἐδάιξεν Ὀδυσσεύς,","θῆρας δειμαλέους, ἐλάων ἐδάιξεν Ὀδυσσεύς,",tlg0647.tlg001.perseus-grc2.xml
The Taking of Ilios,tlg001,1,626,Ἀτρείδης δʼ ἑτέρωθεν ὑποπτήξαντα διώξας,Ἀτρείδης δ’ ἑτέρωθεν ὑποπτήξαντα διώξας,tlg0647.tlg001.perseus-grc2.xml
The Taking of Ilios,tlg001,1,627,"Δηίφοβον κατέμαρψε, μέσην κατὰ γαστέρα τύψας","Δηίφοβον κατέμαρψε, μέσην κατὰ γαστέρα τύψας",tlg0647.tlg001.perseus-grc2.xml
The Taking of Ilios,tlg001,1,628,ἧπαρ ὀλισθηρῇσι συνεξέχεεν χολάδεσσιν.,ἧπαρ ὀλισθηρῇσι συνεξέχεεν χολάδεσσιν.,tlg0647.tlg001.perseus-grc2.xml
The Taking of Ilios,tlg001,1,629,"ὣς ὁ μὲν αὐτόθι κεῖτο λελασμένος ἱπποσυνάων,","ὣς ὁ μὲν αὐτόθι κεῖτο λελασμένος ἱπποσυνάων,",tlg0647.tlg001.perseus-grc2.xml
The Taking of Ilios,tlg001,1,630,τῷ δʼ ἕπετο τρομέουσα δορυκτήτη παράκοιτις,τῷ δ’ ἕπετο τρομέουσα δορυκτήτη παράκοιτις,tlg0647.tlg001.perseus-grc2.xml
The Taking of Ilios,tlg001,1,631,"ἄλλοτε μὲν χαίρουσα κακῶν ἐπὶ τέρματι μόχθων,","ἄλλοτε μὲν χαίρουσα κακῶν ἐπὶ τέρματι μόχθων,",tlg0647.tlg001.perseus-grc2.xml
The Taking of Ilios,tlg001,1,632,"ἄλλοτε δʼ αἰδομένη, τοτὲ δʼ ὀψέ περ ὡς ἐν ὀνείρῳ","ἄλλοτε δ’ αἰδομένη, τοτὲ δ’ ὀψέ περ ὡς ἐν ὀνείρῳ",tlg0647.tlg001.perseus-grc2.xml
The Taking of Ilios,tlg001,1,633,λαθρίδιον στενάχουσα φίλης μιμνῄσκετο πάτρης.,λαθρίδιον στενάχουσα φίλης μιμνῄσκετο πάτρης.,tlg0647.tlg001.perseus-grc2.xml
The Taking of Ilios,tlg001,1,634,Αἰακίδης δὲ γέροντα Νεοπτόλεμος βασιλῆα,Αἰακίδης δὲ γέροντα Νεοπτόλεμος βασιλῆα,tlg0647.tlg001.perseus-grc2.xml
The Taking of Ilios,tlg001,1,635,πήμασι κεκμηῶτα παρʼ Ἑρκείῳ κτάνε βωμῷ,πήμασι κεκμηῶτα παρ’ Ἑρκείῳ κτάνε βωμῷ,tlg0647.tlg001.perseus-grc2.xml
The Taking of Ilios,tlg001,1,636,οἶκτον ἀπωσάμενος πατρώιον· οὐδὲ λιτάων,οἶκτον ἀπωσάμενος πατρώιον· οὐδὲ λιτάων,tlg0647.tlg001.perseus-grc2.xml
The Taking of Ilios,tlg001,1,637,"ἔκλυεν, οὐ Πηλῆος ὁρώμενος ἥλικα χαίτην","ἔκλυεν, οὐ Πηλῆος ὁρώμενος ἥλικα χαίτην",tlg0647.tlg001.perseus-grc2.xml
The Taking of Ilios,tlg001,1,638,"ᾐδέσαθʼ, ἧς ὕπο θυμὸν ἀπέκλασεν ἠδὲ γέροντος","ᾐδέσαθ’, ἧς ὕπο θυμὸν ἀπέκλασεν ἠδὲ γέροντος",tlg0647.tlg001.perseus-grc2.xml
The Taking of Ilios,tlg001,1,639,καίπερ ἐὼν βαρύμηνις ἐφείσατο τὸ πρὶν Ἀχιλλεύς.,καίπερ ἐὼν βαρύμηνις ἐφείσατο τὸ πρὶν Ἀχιλλεύς.,tlg0647.tlg001.perseus-grc2.xml
The Taking of Ilios,tlg001,1,640,"σχέτλιος, ἦ μὲν ἔμελλε καὶ αὐτῷ πότμος ὁμοῖος","σχέτλιος, ἦ μὲν ἔμελλε καὶ αὐτῷ πότμος ὁμοῖος",tlg0647.tlg001.perseus-grc2.xml
The Taking of Ilios,tlg001,1,641,ἑσπέσθαι παρὰ βωμὸν ἀληθέος Ἀπόλλωνος,ἑσπέσθαι παρὰ βωμὸν ἀληθέος Ἀπόλλωνος,tlg0647.tlg001.perseus-grc2.xml
The Taking of Ilios,tlg001,1,642,"ὕστερον, ὁππότε μιν ζαθέου δηλήμονα νηοῦ","ὕστερον, ὁππότε μιν ζαθέου δηλήμονα νηοῦ",tlg0647.tlg001.perseus-grc2.xml
The Taking of Ilios,tlg001,1,643,Δελφὸς ἀνὴρ ἐλάσας ἱερῇ κατέπεφνε μαχαίρῃ.,Δελφὸς ἀνὴρ ἐλάσας ἱερῇ κατέπεφνε μαχαίρῃ.,tlg0647.tlg001.perseus-grc2.xml
The Taking of Ilios,tlg001,1,644,ἡ δὲ κυβιστήσαντα διηερίων ἀπὸ πύργων—,ἡ δὲ κυβιστήσαντα διηερίων ἀπὸ πύργων—,tlg0647.tlg001.perseus-grc2.xml
The Taking of Ilios,tlg001,1,645,χειρὸς Ὀδυσσείης ὀλοὸν βέλος—ἀθρήσασα,χειρὸς Ὀδυσσείης ὀλοὸν βέλος—ἀθρήσασα,tlg0647.tlg001.perseus-grc2.xml
The Taking of Ilios,tlg001,1,646,Ἀνδρομάχη μινύωρον ἐκώκυεν Ἀστυάνακτα.,Ἀνδρομάχη μινύωρον ἐκώκυεν Ἀστυάνακτα.,tlg0647.tlg001.perseus-grc2.xml
The Taking of Ilios,tlg001,1,647,Κασσάνδρην δʼ ᾔσχυνεν Ὀιλῆος ταχὺς Αἴας,Κασσάνδρην δ’ ᾔσχυνεν Ὀιλῆος ταχὺς Αἴας,tlg0647.tlg001.perseus-grc2.xml
The Taking of Ilios,tlg001,1,648,Παλλάδος ἀχράντοιο θεῆς ὑπὸ γοῦνα πεσοῦσαν·,Παλλάδος ἀχράντοιο θεῆς ὑπὸ γοῦνα πεσοῦσαν·,tlg0647.tlg001.perseus-grc2.xml
The Taking of Ilios,tlg001,1,649,"ἡ δὲ βίην ἀνένευσε θεή, τὸ πρόσθεν ἀρηγὼν","ἡ δὲ βίην ἀνένευσε θεή, τὸ πρόσθεν ἀρηγὼν",tlg0647.tlg001.perseus-grc2.xml
The Taking of Ilios,tlg001,1,650,ἀνθʼ ἑνὸς Ἀργείοισιν ἐχώσατο πᾶσιν Ἀθήνη.,ἀνθ’ ἑνὸς Ἀργείοισιν ἐχώσατο πᾶσιν Ἀθήνη.,tlg0647.tlg001.perseus-grc2.xml
The Taking of Ilios,tlg001,1,651,Αἰνείαν δʼ ἔκλεψε καὶ Ἀγχίσην Ἀφροδίτη,Αἰνείαν δ’ ἔκλεψε καὶ Ἀγχίσην Ἀφροδίτη,tlg0647.tlg001.perseus-grc2.xml
The Taking of Ilios,tlg001,1,652,"οἰκτείρουσα γέροντα καὶ υἱέα, τῆλε δὲ πάτρης","οἰκτείρουσα γέροντα καὶ υἱέα, τῆλε δὲ πάτρης",tlg0647.tlg001.perseus-grc2.xml
The Taking of Ilios,tlg001,1,653,Αὐσονίην ἀπένασσε· θεῶν δʼ ἐτελείετο βουλὴ,Αὐσονίην ἀπένασσε· θεῶν δ’ ἐτελείετο βουλὴ,tlg0647.tlg001.perseus-grc2.xml
The Taking of Ilios,tlg001,1,654,"Ζηνὸς ἐπαινήσαντος, ἵνα κράτος ἄφθιτον εἴη","Ζηνὸς ἐπαινήσαντος, ἵνα κράτος ἄφθιτον εἴη",tlg0647.tlg001.perseus-grc2.xml
The Taking of Ilios,tlg001,1,655,παισὶ καὶ υἱωνοῖσιν ἀρηιφίλης Ἀφροδίτης.,παισὶ καὶ υἱωνοῖσιν ἀρηιφίλης Ἀφροδίτης.,tlg0647.tlg001.perseus-grc2.xml
The Taking of Ilios,tlg001,1,656,τέκνα δὲ καὶ γενεὴν Ἀντήνορος ἀντιθέοιο,τέκνα δὲ καὶ γενεὴν Ἀντήνορος ἀντιθέοιο,tlg0647.tlg001.perseus-grc2.xml
The Taking of Ilios,tlg001,1,657,"Ἀτρείδης ἐφύλαξε, φιλοξείνοιο γέροντος,","Ἀτρείδης ἐφύλαξε, φιλοξείνοιο γέροντος,",tlg0647.tlg001.perseus-grc2.xml
The Taking of Ilios,tlg001,1,658,μειλιχίης προτέρης τίνων χάριν ἠδὲ τραπέζης,μειλιχίης προτέρης τίνων χάριν ἠδὲ τραπέζης,tlg0647.tlg001.perseus-grc2.xml
The Taking of Ilios,tlg001,1,659,"κείνης, ᾗ μιν ἔδεκτο γυνὴ πρηεῖα Θεανώ.","κείνης, ᾗ μιν ἔδεκτο γυνὴ πρηεῖα Θεανώ.",tlg0647.tlg001.perseus-grc2.xml
The Taking of Ilios,tlg001,1,660,"δειλὴ Λαοδίκη, σὲ δὲ πατρίδος ἐγγύθι γαίης","δειλὴ Λαοδίκη, σὲ δὲ πατρίδος ἐγγύθι γαίης",tlg0647.tlg001.perseus-grc2.xml
The Taking of Ilios,tlg001,1,661,γαῖα περιπτύξασα κεχηνότι δέξατο κόλπῳ·,γαῖα περιπτύξασα κεχηνότι δέξατο κόλπῳ·,tlg0647.tlg001.perseus-grc2.xml
The Taking of Ilios,tlg001,1,662,οὐδέ σε Θησείδης Ἀκάμας οὐδʼ ἄλλος Ἀχαιῶν,οὐδέ σε Θησείδης Ἀκάμας οὐδ’ ἄλλος Ἀχαιῶν,tlg0647.tlg001.perseus-grc2.xml
The Taking of Ilios,tlg001,1,663,"ἤγαγε ληιδίην, ἔθανες δʼ ἅμα πατρίδι γαίῃ.","ἤγαγε ληιδίην, ἔθανες δ’ ἅμα πατρίδι γαίῃ.",tlg0647.tlg001.perseus-grc2.xml
The Taking of Ilios,tlg001,1,664,πᾶσαν δʼ οὐκ ἂν ἔγωγε μόθου χύσιν ἀείσαιμι,πᾶσαν δ’ οὐκ ἂν ἔγωγε μόθου χύσιν ἀείσαιμι,tlg0647.tlg001.perseus-grc2.xml
The Taking of Ilios,tlg001,1,665,κρινάμενος τὰ ἕκαστα καὶ ἄλγεα νυκτὸς ἐκείνης·,κρινάμενος τὰ ἕκαστα καὶ ἄλγεα νυκτὸς ἐκείνης·,tlg0647.tlg001.perseus-grc2.xml
The Taking of Ilios,tlg001,1,666,"Μουσάων ὅδε μόχθος, ἐγὼ δʼ ἅπερ ἵππον ἐλάσσω","Μουσάων ὅδε μόχθος, ἐγὼ δ’ ἅπερ ἵππον ἐλάσσω",tlg0647.tlg001.perseus-grc2.xml
The Taking of Ilios,tlg001,1,667,τέρματος ἀμφιέλισσαν ἐπιψαύουσαν ἀοιδήν.,τέρματος ἀμφιέλισσαν ἐπιψαύουσαν ἀοιδήν.,tlg0647.tlg001.perseus-grc2.xml
The Taking of Ilios,tlg001,1,668,ἄρτι γὰρ ἀντολίηθεν ἀπόσσυτος Ὠκεανοῖο,ἄρτι γὰρ ἀντολίηθεν ἀπόσσυτος Ὠκεανοῖο,tlg0647.tlg001.perseus-grc2.xml
The Taking of Ilios,tlg001,1,669,"ἠρέμα λευκαίνουσα κατέγραφεν ἠέρα πολλήν,","ἠρέμα λευκαίνουσα κατέγραφεν ἠέρα πολλήν,",tlg0647.tlg001.perseus-grc2.xml
The Taking of Ilios,tlg001,1,670,νύκτα διαρρήξασα μιαιφόνον ἱππότις Ἠώς·,νύκτα διαρρήξασα μιαιφόνον ἱππότις Ἠώς·,tlg0647.tlg001.perseus-grc2.xml
The Taking of Ilios,tlg001,1,671,οἱ δʼ ἐπαγαλλόμενοι πολέμων ὑπεραυχέι νίκῃ,οἱ δ’ ἐπαγαλλόμενοι πολέμων ὑπεραυχέι νίκῃ,tlg0647.tlg001.perseus-grc2.xml
The Taking of Ilios,tlg001,1,672,"πάντοσε παπταίνεσκον ἀνὰ πτόλιν, εἴ τινες ἄλλοι","πάντοσε παπταίνεσκον ἀνὰ πτόλιν, εἴ τινες ἄλλοι",tlg0647.tlg001.perseus-grc2.xml
The Taking of Ilios,tlg001,1,673,κλεπτόμενοι φεύγουσι φόνου πάνδημον ἀυτήν.,κλεπτόμενοι φεύγουσι φόνου πάνδημον ἀυτήν.,tlg0647.tlg001.perseus-grc2.xml
The Taking of Ilios,tlg001,1,674,"ἀλλʼ οἱ μὲν δέδμηντο λίνῳ θανάτοιο πανάγρῳ,","ἀλλ’ οἱ μὲν δέδμηντο λίνῳ θανάτοιο πανάγρῳ,",tlg0647.tlg001.perseus-grc2.xml
The Taking of Ilios,tlg001,1,675,"ἰχθύες ὡς ἁλίῃσιν ἐπὶ ψαμάθοισι χυθέντες,","ἰχθύες ὡς ἁλίῃσιν ἐπὶ ψαμάθοισι χυθέντες,",tlg0647.tlg001.perseus-grc2.xml
The Taking of Ilios,tlg001,1,676,Ἀργεῖοι δʼ ἀπὸ μὲν μεγάρων νεοτευχέα κόσμον,Ἀργεῖοι δ’ ἀπὸ μὲν μεγάρων νεοτευχέα κόσμον,tlg0647.tlg001.perseus-grc2.xml
The Taking of Ilios,tlg001,1,677,"ἐξέφερον, νηῶν ἀναθήματα, πολλὰ δʼ ἐρήμων","ἐξέφερον, νηῶν ἀναθήματα, πολλὰ δ’ ἐρήμων",tlg0647.tlg001.perseus-grc2.xml
The Taking of Ilios,tlg001,1,678,ἥρπαζον θαλάμων κειμήλια· σὺν δὲ γυναῖκας,ἥρπαζον θαλάμων κειμήλια· σὺν δὲ γυναῖκας,tlg0647.tlg001.perseus-grc2.xml
The Taking of Ilios,tlg001,1,679,ληιδίας σὺν παισὶν ἄγον ποτὶ νῆας ἀνάγκῃ.,ληιδίας σὺν παισὶν ἄγον ποτὶ νῆας ἀνάγκῃ.,tlg0647.tlg001.perseus-grc2.xml
The Taking of Ilios,tlg001,1,680,τείχεσι δὲ πτολίπορθον ἐπὶ φλόγα θωρήξαντες,τείχεσι δὲ πτολίπορθον ἐπὶ φλόγα θωρήξαντες,tlg0647.tlg001.perseus-grc2.xml
The Taking of Ilios,tlg001,1,681,ἔργα Ποσειδάωνος ἰῇ συνέχευον ἀυτμῇ.,ἔργα Ποσειδάωνος ἰῇ συνέχευον ἀυτμῇ.,tlg0647.tlg001.perseus-grc2.xml
The Taking of Ilios,tlg001,1,682,αὐτοῦ καὶ μέγα σῆμα φίλοις ἀστοῖσιν ἐτύχθη,αὐτοῦ καὶ μέγα σῆμα φίλοις ἀστοῖσιν ἐτύχθη,tlg0647.tlg001.perseus-grc2.xml
The Taking of Ilios,tlg001,1,683,Ἴλιος αἰθαλόεσσα· πυρὸς δʼ ὀλεσίπτολιν ἄτην,Ἴλιος αἰθαλόεσσα· πυρὸς δ’ ὀλεσίπτολιν ἄτην,tlg0647.tlg001.perseus-grc2.xml
The Taking of Ilios,tlg001,1,684,"Ξάνθος ἰδὼν ἔκλαυσε γόων ἁλιμυρέι πηγῇ,","Ξάνθος ἰδὼν ἔκλαυσε γόων ἁλιμυρέι πηγῇ,",tlg0647.tlg001.perseus-grc2.xml
The Taking of Ilios,tlg001,1,685,Ἡφαίστῳ δʼ ὑπόεικεν ἀτυζόμενος χόλον Ἥρης.,Ἡφαίστῳ δ’ ὑπόεικεν ἀτυζόμενος χόλον Ἥρης.,tlg0647.tlg001.perseus-grc2.xml
The Taking of Ilios,tlg001,1,686,"οἱ δὲ Πολυξείνης ἐπιτύμβιον αἷμα χέαντες,","οἱ δὲ Πολυξείνης ἐπιτύμβιον αἷμα χέαντες,",tlg0647.tlg001.perseus-grc2.xml
The Taking of Ilios,tlg001,1,687,υῆνιν ἱλασσάμενοι τεθνειότος Αἰακίδαο,υῆνιν ἱλασσάμενοι τεθνειότος Αἰακίδαο,tlg0647.tlg001.perseus-grc2.xml
The Taking of Ilios,tlg001,1,688,"Τρωιάδας τε γυναῖκας ἐλάγχανον, ἄλλα τε πάντα","Τρωιάδας τε γυναῖκας ἐλάγχανον, ἄλλα τε πάντα",tlg0647.tlg001.perseus-grc2.xml
The Taking of Ilios,tlg001,1,689,χρυσὸν ἐμοιρήσαντο καὶ ἄργυρον· οἷσι βαθείας,χρυσὸν ἐμοιρήσαντο καὶ ἄργυρον· οἷσι βαθείας,tlg0647.tlg001.perseus-grc2.xml
The Taking of Ilios,tlg001,1,690,νῆας ἐπαχθήσαντες ἐριγδούπου διὰ πόντου,νῆας ἐπαχθήσαντες ἐριγδούπου διὰ πόντου,tlg0647.tlg001.perseus-grc2.xml
The Taking of Ilios,tlg001,1,691,ἐκ Τροίης ἀνάγοντο μόθον τελέσαντες Ἀχαιοί.,ἐκ Τροίης ἀνάγοντο μόθον τελέσαντες Ἀχαιοί.,tlg0647.tlg001.perseus-grc2.xml
