work,book,n,ok,pattern,quantities,cost,alternatives,unknown_nuclei,flags,nuclei,text
The Taking of Ilios,1,1,True,LSSLLLSSLSSLSSLL,LSSLLLSSLSSLSSLL,0.0,1,1,,ε:L:position α:S:lexicon ο:S:nature υ:L:position η:L:nature οι:L:nature ο:S:nature ε:S:nature α:L:position ο:S:nature ι:S:unknown ο:L:position ο:S:nature ε:S:nature οι:L:nature ο:L:line_final,τέρμα πολυκμήτοιο μεταχρόνιον πολέμοιο
The Taking of Ilios,1,2,True,LSSLLLLLSSLSSLL,LSSLLLLLSSLSSLL,0.0,1,1,,αι:L:nature ο:S:nature ο:S:nature α:L:position ει:L:nature η:L:nature ι:L:position η:L:nature α:S:unknown ο:S:nature ε:L:position ο:S:nature α:S:lexicon η:L:nature η:L:line_final,"καὶ λόχον, Ἀργείης ἱππήλατον ἔργον Ἀθήνης,"
The Taking of Ilios,1,3,True,LSSLLLSSLSSLSSLL,LSSLLLSSLSSLSSLL,0.0,1,1,,αυ:L:nature ι:S:lexicon α:S:lexicon οι:L:nature+position ευ:L:nature ο:L:position ι:S:lexicon ο:S:nature υ:L:lexicon ι:S:lexicon α:S:lexicon υ:L:lexicon ο:S:nature α:S:unknown ει:L:nature α:L:properispomenon,αὐτίκα μοι σπεύδοντι πολὺν διὰ μῦθον ἀνεῖσα
The Taking of Ilios,1,4,True,LSSLSSLSSLLLSSLL,LSSLSSLSSLLLSSLL,0.5,1,1,correption,ε:L:position ε:S:nature ε:S:nature α:L:position ι:S:unknown ο:S:nature ει:L:nature α:S:antepenult_accent αι:S:nature α:L:position αι:L:nature η:L:nature ε:S:nature ι:S:lexicon α:L:lexicon ω:L:line_final,"ἔννεπε, Καλλιόπεια, καὶ ἀρχαίην ἔριν ἀνδρῶν"
The Taking of Ilios,1,5,True,LSSLSSLSSLLLSSLL,LSSLSSLSSLLLSSLL,0.0,1,2,,ε:L:position ι:S:unknown ε:S:nature ου:L:nature ο:S:nature ε:S:nature οι:L:nature ο:S:nature α:S:unknown ει:L:nature η:L:nature υ:L:lexicon ο:S:nature α:S:lexicon οι:L:nature η:L:line_final,κεκριμένου πολέμοιο ταχείῃ λῦσον ἀοιδῇ.
The Taking of Ilios,1,6,True,LLLSSLSSLSSLSSLL,LLLSSLSSLSSLSSLL,0.0,1,4,,η:L:nature η:L:nature ε:L:position ε:S:nature α:S:unknown οι:L:nature ο:S:nature υ:S:unknown ι:L:position ο:S:nature ε:S:nature ου:L:nature υ:S:unknown α:S:unknown α:L:position ο:L:line_final,ἤδη μὲν δεκάτοιο κυλινδομένου λυκάβαντος
The Taking of Ilios,1,7,True,LSSLSSLSSLSSLSSLL,LSSLSSLSSLSSLSSLL,0.0,1,2,,η:L:nature α:S:unknown ε:S:nature η:L:nature ε:S:nature α:S:lexicon υ:L:position ο:S:nature ο:S:nature ω:L:nature α:S:lexicon ο:S:nature η:L:nature ο:S:nature ε:S:nature υ:L:unknown ω:L:line_final,γηραλέη τετάνυστο φόνων ἀκόρητος Ἐνυὼ
The Taking of Ilios,1,8,True,LSSLSSLSSLSSLSSLL,LSSLSSLSSLSSLSSLL,0.0,1,0,,ω:L:nature ι:S:lexicon ε:S:nature αι:L:nature α:S:lexicon α:S:lexicon οι:L:nature ι:S:lexicon ε:S:nature αι:L:nature ο:S:nature ε:S:nature ω:L:nature+position α:S:lexicon α:S:lexicon ω:L:nature ω:L:line_final,Τρωσί τε καὶ Δαναοῖσιν· ἐναιρομένων δ’ ἄρα φωτῶν
The Taking of Ilios,1,9,True,LSSLLLSSLLLSSLL,LSSLLLSSLLLSSLL,0.0,1,2,,ου:L:nature α:S:lexicon α:S:lexicon ε:L:position η:L:nature ει:L:nature+position ι:S:unknown ε:S:nature ω:L:nature+position ε:L:position η:L:nature+position ο:S:nature α:S:unknown ει:L:nature αι:L:line_final,"δούρατα κεκμήκει, ξιφέων δ’ ἔθνῃσκον ἀπειλαί,"
The Taking of Ilios,1,10,True,LSSLLLSSLSSLSSLL,LSSLLLSSLSSLSSLL,0.0,1,3,,ε:L:position υ:S:unknown ο:S:nature ω:L:nature η:L:nature ω:L:nature ε:S:nature ο:S:nature η:L:nature ι:S:unknown υ:S:unknown ε:L:position ε:S:nature ε:S:nature ι:L:position η:L:line_final,"σβέννυτο θωρήκων ἐνοπή, μινύθεσκε δ’ ἑλικτὴ"
The Taking of Ilios,1,11,True,LSSLLLSSLSSLSSLL,LSSLLLSSLSSLSSLL,0.0,1,1,,α:L:position ο:S:nature ι:S:lexicon η:L:nature η:L:nature+position ει:L:nature α:S:properispomenon ε:S:nature ε:L:position α:S:unknown ε:S:nature ω:L:nature+position ε:S:nature α:S:lexicon ω:L:nature ω:L:line_final,"ἁρμονίη ῥηχθεῖσα φερεσσακέων τελαμώνων,"
The Taking of Ilios,1,12,True,LSSLSSLSSLSSLSSLL,LSSLSSLSSLSSLSSLL,0.0,1,1,,α:L:position ι:S:lexicon ε:S:nature ου:L:nature α:S:unknown ε:S:nature ο:L:position ο:S:nature ε:S:nature ει:L:nature ε:S:nature ι:S:lexicon ου:L:nature ο:S:nature α:S:lexicon ο:L:position ω:L:line_final,"ἀσπίδες οὐκ ἀνέχοντο μένειν ἔτι δοῦπον ἀκόντων,"
The Taking of Ilios,1,13,True,LSSLSSLSSLSSLSSLL,LSSLSSLSSLSSLSSLL,0.0,1,2,,υ:L:unknown ε:S:nature ο:S:nature α:L:position υ:S:lexicon α:S:lexicon ο:L:position α:S:lexicon α:S:unknown ε:L:position ε:S:nature ο:S:nature ω:L:nature ε:S:nature ε:S:nature ι:L:lexicon οι:L:line_final,"λύετο καμπύλα τόξα, κατέρρεον ὠκέες ἰοί."
The Taking of Ilios,1,14,True,LLLSSLSSLLLSSLL,LLLSSLSSLLLSSLL,0.0,1,1,,ι:L:paroxytone_short_ultima οι:L:nature οι:L:nature ε:S:nature α:S:lexicon ευ:L:nature ε:S:nature α:S:unknown ε:L:position η:L:nature η:L:nature ε:S:nature ι:S:lexicon α:L:position η:L:line_final,ἵπποι δ’ οἱ μὲν ἄνευθεν ἀεργηλῆς ἐπὶ φάτνης
The Taking of Ilios,1,15,True,LSSLLLSSLSSLSSLL,LSSLLLSSLSSLSSLL,0.0,1,3,,οι:L:nature+position α:S:unknown α:S:lexicon ω:L:nature υ:L:unknown ο:L:position ε:S:nature ο:S:nature ο:L:position υ:S:unknown α:S:antepenult_accent ε:L:position ε:S:nature ο:S:nature ι:L:position ου:L:line_final,"οἰκτρὰ κάτω μύοντες ὁμόζυγας ἔστενον ἵππους,"
The Taking of Ilios,1,16,True,LLLSSLSSLSSLSSLL,LLLSSLSSLSSLSSLL,0.0,1,2,,οι:L:nature αυ:L:nature ου:L:nature+position ο:S:nature ε:S:nature ο:L:position ε:S:nature ο:S:nature ω:L:nature ο:S:nature α:S:unknown η:L:nature ι:S:unknown ο:S:nature η:L:nature α:L:properispomenon,οἱ δ’ αὐτοὺς ποθέοντες ὀλωλότας ἡνιοχῆας.
The Taking of Ilios,1,17,True,LSSLLLSSLSSLSSLL,LSSLLLSSLSSLSSLL,0.0,1,0,,ει:L:nature ο:S:nature ε:S:nature η:L:nature ει:L:nature η:L:nature+position ε:S:nature ε:S:nature ω:L:nature α:S:lexicon α:S:lexicon ε:L:position ο:S:nature ε:S:nature αι:L:nature ο:L:line_final,"κεῖτο δὲ Πηλείδης μὲν ἔχων ἅμα νεκρὸν ἑταῖρον,"
The Taking of Ilios,1,18,True,LSSLSSLSSLLLSSLL,LSSLSSLSSLLLSSLL,0.0,1,1,,α:L:position ι:S:lexicon ο:S:nature ω:L:nature ε:S:nature ι:S:lexicon αι:L:nature ι:S:lexicon ε:S:nature ω:L:nature ω:L:nature υ:L:unknown ε:S:nature ο:S:nature ε:L:position ω:L:line_final,"Ἀντιλόχῳ δ’ ἐπὶ παιδὶ γέρων ὠδύρετο Νέστωρ,"
The Taking of Ilios,1,19,True,LLLSSLSSLSSLSSLL,LLLSSLSSLSSLSSLL,0.0,1,2,,αι:L:nature α:L:lexicon αυ:L:nature ο:S:nature ο:S:nature ω:L:nature+position ι:S:unknown α:S:unknown ο:L:position ε:S:nature α:S:lexicon ε:L:position ε:S:nature ι:S:lexicon υ:L:lexicon α:L:lexicon,Αἴας δ’ αὐτοφόνῳ βριαρὸν δέμας ἕλκεϊ λύσας
The Taking of Ilios,1,20,True,LSSLSSLSSLSSLSSLL,LSSLSSLSSLSSLSSLL,0.0,1,0,,α:L:position α:S:lexicon ο:S:nature ε:L:position ο:S:nature ε:S:nature ου:L:nature ε:S:nature ε:S:nature η:L:nature ο:S:nature ο:S:nature αι:L:nature α:S:lexicon ο:S:nature ο:L:position ω:L:line_final,φάσγανον ἐχθρὸν ἔλουσε μεμηνότος αἵματος ὄμβρῳ.
The Taking of Ilios,1,21,True,LSSLLLSSLSSLLLL,LSSLLLSSLSSLLLL,1.5,1,0,,ω:L:nature ι:S:lexicon ε:S:nature ω:L:nature η:L:nature η:L:nature+position ι:S:properispomenon ε:S:nature ε:L:position ο:S:nature ο:S:nature ε:L:position υ:L:position οι:L:nature ι:L:properispomenon,Τρωσὶ δὲ λωβητῆρσιν ἐφ’ Ἕκτορος ἑλκυθμοῖσι
The Taking of Ilios,1,22,True,LSSLLLSSLSSLSSLL,LSSLLLSSLSSLSSLL,0.0,1,3,,υ:L:unknown ο:S:nature ε:S:nature οι:L:nature ου:L:nature ου:L:nature ο:S:nature ε:S:nature η:L:nature ε:S:nature ι:S:unknown η:L:nature ι:S:unknown ο:S:nature α:L:paroxytone_short_ultima ο:L:line_final,"μυρομένοις οὐ μοῦνον ἔην ἐπιδήμιον ἄλγος,"
The Taking of Ilios,1,23,True,LSSLSSLSSLSSLLLL,LSSLSSLSSLSSLLLL,3.0,1,1,cluster_short;correption,α:L:position α:S:lexicon αι:S:nature α:L:position ο:S:position ο:S:nature οι:L:nature ε:S:nature ι:S:lexicon ε:L:position ε:S:nature ι:S:antepenult_accent ω:L:nature υ:L:unknown ο:L:position ε:L:line_final,ἀλλὰ καὶ ἀλλοθρόοις ἐπὶ πένθεσι κωκύοντες
The Taking of Ilios,1,24,True,LSSLLLSSLLLSSLL,LSSLLLSSLLLSSLL,0.0,1,0,,α:L:position υ:S:lexicon ι:S:lexicon η:L:nature ει:L:nature ο:L:position ο:S:nature ο:S:nature υ:L:position ω:L:nature+position ω:L:nature ε:S:nature ι:S:lexicon ου:L:nature ω:L:line_final,δάκρυσιν ἠμείβοντο πολυγλώσσων ἐπικούρων.
The Taking of Ilios,1,25,True,LLLSSLLLSSLSSLL,LLLSSLLLSSLSSLL,0.0,1,0,,αι:L:nature ο:L:position ε:L:position υ:S:lexicon ι:S:lexicon οι:L:nature α:L:position η:L:nature ο:S:nature α:S:lexicon ο:L:position ο:S:nature ε:S:nature η:L:nature η:L:line_final,"κλαῖον μὲν Λύκιοι Σαρπηδόνα, τόν ποτε μήτηρ"
The Taking of Ilios,1,26,True,LLLSSLSSLSSLSSLL,LLLSSLSSLSSLSSLL,0.0,1,1,,ε:L:position οι:L:nature η:L:nature+position ε:S:nature ε:S:nature ε:L:position ε:S:nature α:S:unknown α:L:position ο:S:nature ε:S:nature η:L:nature ι:S:lexicon ο:S:nature ευ:L:nature η:L:line_final,"ἐς Τροίην μὲν ἔπεμψεν ἀγαλλομένη Διὸς εὐνῇ,"
The Taking of Ilios,1,27,True,LSSLLLSSLSSLSSLL,LSSLLLSSLSSLSSLL,0.0,1,0,,ου:L:nature ι:S:lexicon ε:S:nature α:L:position ο:L:position οι:L:nature ο:S:nature ε:S:nature οι:L:nature ι:S:lexicon α:S:lexicon α:L:lexicon ο:S:nature ε:S:nature ο:L:position α:L:lexicon,δουρὶ δὲ Πατρόκλοιο Μενοιτιάδαο πεσόντα
The Taking of Ilios,1,28,True,LSSLLLSSLLLSSLL,LSSLLLSSLLLSSLL,0.0,1,3,,αι:L:nature α:S:lexicon ι:S:lexicon α:L:position υ:L:lexicon α:L:lexicon ε:S:nature υ:S:unknown η:L:nature α:L:position ω:L:nature ι:S:unknown ο:S:nature α:L:unknown η:L:line_final,αἵματι δακρύσας ἐχύθη πατρώιος ἀήρ.
The Taking of Ilios,1,29,True,LSSLSSLSSLSSLSSLL,LSSLSSLSSLSSLSSLL,0.0,1,0,,αι:L:nature ο:S:nature ι:S:lexicon η:L:nature υ:S:lexicon ο:S:nature υ:L:paroxytone_short_ultima α:S:lexicon α:S:lexicon ω:L:nature ε:S:nature ε:S:nature η:L:nature ε:S:nature ο:S:nature υ:L:position ω:L:line_final,καὶ δολίην ὑπὸ νύκτα κακῷ πεπεδημένον ὕπνῳ
The Taking of Ilios,1,30,True,LLLLLSSLSSLSSLL,LLLLLSSLSSLSSLL,0.0,1,2,,η:L:nature ο:L:position ε:L:position η:L:nature ι:L:unknown ε:S:nature ε:S:nature ω:L:nature υ:S:unknown ο:S:nature η:L:nature ε:S:nature ι:S:lexicon ο:L:position ω:L:line_final,Ῥῆσον μὲν Θρήικες ἐκώκυον· ἡ δ’ ἐπὶ πότμῳ
The Taking of Ilios,1,31,True,LSSLSSLSSLSSLSSLL,LSSLSSLSSLSSLSSLL,0.0,1,4,,ε:L:position ο:S:nature ο:S:nature ου:L:nature α:S:unknown ι:S:unknown η:L:nature+position ε:S:nature ε:S:nature η:L:nature α:S:unknown ε:S:nature η:L:nature α:S:unknown ο:S:nature η:L:nature η:L:line_final,Μέμνονος οὐρανίην νεφέλην ἀνεδήσατο μήτηρ
The Taking of Ilios,1,32,True,LSSLLLSSLSSLSSLL,LSSLLLSSLSSLSSLL,0.0,1,3,,ε:L:position ο:S:nature υ:S:unknown ο:L:position ε:L:position α:L:unknown α:S:antepenult_accent α:S:unknown η:L:nature ε:S:nature ο:S:nature η:L:nature α:S:lexicon ο:S:nature η:L:nature ω:L:line_final,φέγγος ὑποκλέψασα κατηφέος ἤματος Ἠώς.
The Taking of Ilios,1,33,True,LSSLLLSSLSSLSSLL,LSSLLLSSLSSLSSLL,0.0,1,3,,αι:L:nature α:S:lexicon ο:S:nature ε:L:position ω:L:nature ο:L:position ο:S:nature α:S:unknown η:L:nature ι:S:unknown ι:S:unknown οι:L:nature ο:S:nature υ:S:lexicon αι:L:nature ε:L:line_final,αἱ δ’ ἀπὸ Θερμώδοντος ἀρηιφίλοιο γυναῖκες
The Taking of Ilios,1,34,True,LSSLSSLSSLSSLSSLL,LSSLSSLSSLSSLSSLL,0.0,1,3,,ο:L:position ο:S:nature ε:S:nature αι:L:nature ε:S:nature ι:S:unknown υ:L:position ο:S:nature α:S:unknown η:L:nature ε:S:nature ο:S:nature ο:L:position α:S:unknown α:S:antepenult_accent α:L:position ου:L:line_final,κοπτόμεναι περίκυκλον ἀθηλέος ὄμφακα μαζοῦ
The Taking of Ilios,1,35,True,LSSLLLSSLSSLSSLL,LSSLLLSSLSSLSSLL,0.0,1,1,,α:L:position ε:S:nature ο:S:nature ω:L:nature υ:L:lexicon ο:L:position ο:S:nature α:S:lexicon ι:L:position ο:S:nature α:S:lexicon ε:L:position ε:S:nature ι:S:unknown ει:L:nature α:L:antepenult_accent,"παρθένον ὠδύροντο δαΐφρονα Πενθεσίλειαν,"
The Taking of Ilios,1,36,True,LSSLLLSSLSSLSSLL,LSSLLLSSLSSLSSLL,0.0,1,0,,η:L:nature ε:S:nature ο:S:nature υ:L:position ει:L:nature οι:L:nature ο:S:nature ο:S:nature ο:L:position ο:S:nature ε:S:nature οι:L:nature ο:S:nature ο:S:nature ου:L:nature α:L:lexicon,ἥτε πολυξείνοιο χορὸν πολέμοιο μολοῦσα
The Taking of Ilios,1,37,True,LLLSSLSSLSSLSSLL,LLLSSLSSLSSLSSLL,0.0,1,0,,η:L:nature ει:L:nature η:L:nature υ:S:lexicon ο:S:nature ει:L:nature ο:S:nature α:S:lexicon ε:L:position ε:S:nature α:S:lexicon ε:L:position ε:S:nature ο:S:nature α:L:lexicon ω:L:line_final,θηλείης ὑπὸ χειρὸς ἀπεσκέδασεν νέφος ἀνδρῶν
The Taking of Ilios,1,38,True,LSSLSSLSSLSSLSSLL,LSSLSSLSSLSSLSSLL,0.0,1,3,,η:L:nature α:S:lexicon ε:S:nature α:L:position ι:S:unknown α:S:unknown ου:L:nature+position ε:S:nature ι:S:unknown η:L:nature ε:S:nature ε:S:nature ου:L:nature ο:S:nature υ:S:lexicon ο:L:position α:L:lexicon,νῆας ἐς ἀγχιάλους· μελίῃ δέ ἑ μοῦνος ὑποστὰς
The Taking of Ilios,1,39,True,LSSLLLSSLSSLSSLL,LSSLLLSSLSSLSSLL,1.5,1,1,correption,αι:L:nature+position α:S:lexicon ε:S:nature αι:L:nature υ:L:unknown η:L:nature ε:S:nature αι:S:nature ε:L:position ε:S:nature ε:S:nature ι:L:position ε:S:nature α:S:lexicon ι:L:lexicon ευ:L:line_final,καὶ κτάνε καὶ σύλησε καὶ ἐκτερέιξεν Ἀχιλλεύς.
The Taking of Ilios,1,40,True,LLLSSLSSLLLSSLL,LLLSSLSSLLLSSLL,0.0,1,0,,ει:L:nature+position η:L:nature ει:L:nature ε:S:nature ι:S:lexicon α:L:lexicon α:S:lexicon ε:S:nature ο:L:position η:L:nature ω:L:nature υ:S:lexicon ο:S:nature υ:L:position ω:L:line_final,εἱστήκει δ’ ἔτι πᾶσα θεοδμήτων ὑπὸ πύργων
The Taking of Ilios,1,41,True,LSSLSSLSSLSSLSSLL,LSSLSSLSSLSSLSSLL,0.0,1,2,,ι:L:lexicon ι:S:lexicon ο:S:nature α:L:position ι:S:unknown ε:S:nature ε:L:position ι:S:antepenult_accent ε:S:nature ε:L:position ε:S:nature α:S:unknown υι:L:nature α:S:properispomenon ε:S:nature ε:L:position οι:L:line_final,"Ἴλιος ἀκλινέεσσιν ἐπεμβεβαυῖα θεμέθλοις,"
The Taking of Ilios,1,42,True,LSSLLLSSLSSLSSLL,LSSLLLSSLSSLSSLL,0.0,1,3,,α:L:position ο:S:nature ι:S:unknown η:L:nature η:L:nature+position α:L:position ε:S:nature υ:S:unknown α:L:position ε:S:nature ι:S:unknown α:L:lexicon ο:S:nature α:S:lexicon αι:L:nature ω:L:line_final,ἀμβολίῃ δ’ ἤσχαλλε δυσαχθέι λαὸς Ἀχαιῶν.
The Taking of Ilios,1,43,True,LSSLSSLSSLLLSSLL,LSSLSSLSSLLLSSLL,0.0,1,3,,αι:L:nature υ:S:lexicon ε:S:nature υ:L:position α:S:unknown ι:S:unknown οι:L:nature ι:S:antepenult_accent ε:S:nature ο:L:position η:L:nature α:L:unknown α:S:antepenult_accent ο:S:nature οι:L:nature ι:L:antepenult_accent,καί νύ κεν ὑστατίοισιν ἐποκνήσασα πόνοισιν
The Taking of Ilios,1,44,True,LSSLSSLSSLLLSSLL,LSSLSSLSSLLLSSLL,0.0,1,4,,α:L:unknown α:S:unknown α:S:unknown ο:L:position ε:S:nature ε:S:nature ου:L:nature α:S:lexicon α:S:unknown η:L:nature ι:L:position ω:L:nature ε:S:nature α:S:lexicon η:L:nature η:L:line_final,"ἀκάματός περ ἐοῦσα μάτην ἵδρωσεν Ἀθήνη,"
The Taking of Ilios,1,45,True,LLLSSLSSLSSLSSLL,LLLSSLSSLSSLSSLL,0.0,1,3,,ει:L:nature η:L:nature η:L:nature ι:S:unknown ο:S:nature οι:L:nature ο:S:nature α:S:unknown ο:L:position ο:S:nature ο:S:nature υ:L:paroxytone_short_ultima ι:S:lexicon ε:S:nature α:L:unknown α:L:line_final,εἰ μὴ Δηιφόβοιο γαμοκλόπον ὕβριν ἐάσας
The Taking of Ilios,1,46,True,LSSLSSLSSLSSLSSLL,LSSLSSLSSLSSLSSLL,0.0,1,0,,ι:L:lexicon ι:S:lexicon ο:S:nature ε:L:position α:S:lexicon α:S:lexicon οι:L:nature ι:S:lexicon ε:S:nature ι:L:lexicon ε:S:nature ο:S:nature η:L:nature υ:S:lexicon ε:S:nature α:L:paroxytone_short_ultima ι:L:lexicon,"Ἰλιόθεν Δαναοῖσιν ἐπὶ ξένος ἤλυθε μάντις,"
The Taking of Ilios,1,47,True,LSSLSSLSSLSSLSSLL,LSSLSSLSSLSSLSSLL,0.0,1,0,,οι:L:nature α:S:lexicon ε:S:nature ου:L:nature ο:S:nature ε:S:nature ο:L:position ι:S:antepenult_accent α:S:lexicon ι:L:lexicon ο:S:nature ε:S:nature ο:L:position ε:S:nature ε:S:nature α:L:lexicon ω:L:line_final,οἷα δέ που μογέοντι χαριζόμενος Μενελάῳ
The Taking of Ilios,1,48,True,LSSLSSLSSLLLSSLL,LSSLSSLSSLLLSSLL,0.0,1,1,,ο:L:position ι:S:lexicon ε:S:nature ε:L:position ο:S:nature ο:S:nature ε:L:position ο:S:nature ε:S:nature η:L:nature α:L:position ευ:L:nature α:S:unknown ο:S:nature α:L:position η:L:line_final,ὀψιτέλεστον ὄλεθρον ἑῇ μαντεύσατο πάτρῃ.
The Taking of Ilios,1,49,True,LSSLLLSSLSSLSSLL,LSSLLLSSLSSLSSLL,0.0,1,2,,οι:L:nature ε:S:nature α:S:unknown υ:L:position η:L:nature οι:L:nature ο:S:nature ε:S:nature ο:L:position ο:S:nature ι:S:unknown η:L:nature ε:S:nature ε:S:nature οι:L:nature ο:L:line_final,οἱ δὲ βαρυζήλοιο θεοπροπίῃς Ἑλένοιο
The Taking of Ilios,1,50,True,LSSLSSLSSLSSLLLL,LSSLSSLSSLSSLLLL,1.5,1,2,,αυ:L:nature ι:S:lexicon α:S:lexicon η:L:nature ε:S:nature α:S:unknown οι:L:nature ο:S:nature ο:S:nature ου:L:nature ε:S:nature ο:S:nature η:L:nature+position υ:L:unknown α:L:position ο:L:line_final,αὐτίκα μηκεδανοῖο μόθου τέλος ἠρτύναντο.
The Taking of Ilios,1,51,True,LLLSSLSSLLLSSLL,LLLSSLSSLLLSSLL,0.0,1,0,,αι:L:nature+position υ:L:lexicon ο:L:position ε:S:nature ε:S:nature αι:L:nature ε:S:nature ι:S:lexicon ω:L:nature ευ:L:nature α:L:position ε:S:nature ο:S:nature α:L:paroxytone_short_ultima υ:L:lexicon,καὶ Σκῦρον μὲν ἔβαινε λιπὼν εὐπάρθενον ἄστυ
The Taking of Ilios,1,52,True,LSSLLLSSLLLSSLL,LSSLLLSSLLLSSLL,1.5,1,2,correption,υι:L:nature ο:S:nature α:S:lexicon ι:L:lexicon η:L:nature ο:L:position αι:S:nature ε:S:nature αι:L:nature η:L:nature+position η:L:nature ι:S:unknown α:S:unknown ει:L:nature η:L:line_final,υἱὸς Ἀχιλλῆος καὶ ἐπαινῆς Δηιδαμείης·
The Taking of Ilios,1,53,True,LLLSSLSSLLLSSLL,LLLSSLSSLLLSSLL,0.0,1,2,,η:L:nature ω:L:nature ευ:L:nature υ:S:unknown ε:S:nature ε:L:position ι:S:antepenult_accent ι:S:unknown ου:L:nature ι:L:position ω:L:nature+position ο:S:nature α:S:lexicon οι:L:nature ι:L:lexicon,μήπω δ’ εὐφυέεσσιν ἰουλίζων κροτάφοισιν
The Taking of Ilios,1,54,True,LLLSSLSSLSSLSSLL,LLLSSLSSLSSLSSLL,0.0,1,0,,α:L:position η:L:nature+position α:L:lexicon ο:S:nature ε:S:nature αι:L:nature ε:S:nature ε:S:nature ο:L:position ε:S:nature ε:S:nature ω:L:nature+position ο:S:nature ε:S:nature ι:L:position η:L:line_final,ἀλκὴν πατρὸς ἔφαινε νέος περ ἐὼν πολεμιστής.
The Taking of Ilios,1,55,True,LSSLSSLSSLSSLSSLL,LSSLSSLSSLSSLSSLL,0.0,1,2,,η:L:nature+position ε:S:nature ε:S:nature αι:L:nature α:S:lexicon α:S:lexicon οι:L:nature ι:S:lexicon ε:S:nature ο:L:position ε:S:nature α:S:unknown α:L:position ο:S:nature α:S:unknown ου:L:nature α:L:antepenult_accent,ἦλθε δὲ καὶ Δαναοῖσιν ἑὸν βρέτας ἁγνὸν ἄγουσα
The Taking of Ilios,1,56,True,LLLSSLSSLSSLSSLL,LLLSSLSSLSSLSSLL,0.0,1,0,,η:L:nature ι:L:position η:L:nature ε:S:nature ε:S:nature ου:L:nature α:S:lexicon ι:S:lexicon οι:L:nature+position ε:S:nature ι:S:lexicon ου:L:nature ο:S:nature α:S:lexicon η:L:nature η:L:line_final,"ληιστὴ μὲν ἐοῦσα, φίλοις δ’ ἐπίκουρος Ἀθήνη."
The Taking of Ilios,1,57,True,LLLLLSSLSSLSSLL,LLLLLSSLSSLSSLL,0.0,1,1,,η:L:nature η:L:nature αι:L:nature ου:L:nature η:L:nature ι:S:lexicon ε:S:nature η:L:nature υ:S:unknown ο:S:nature ε:L:position ο:S:nature ε:S:nature ει:L:nature ο:L:line_final,ἤδη καὶ βουλῇσι θεῆς ὑποεργὸς Ἐπειὸς
The Taking of Ilios,1,58,True,LLLSSLSSLSSLSSLL,LLLSSLSSLSSLSSLL,0.0,1,0,,οι:L:nature η:L:nature ε:L:position ο:S:nature α:S:lexicon α:L:position α:S:lexicon ε:S:nature ω:L:nature ι:S:lexicon ο:S:nature ι:L:paroxytone_short_ultima ο:S:nature ε:S:nature οι:L:nature ει:L:line_final,Τροίης ἐχθρὸν ἄγαλμα πελώριον ἵππον ἐποίει.
The Taking of Ilios,1,59,True,LLLSSLSSLSSLSSLL,LLLSSLSSLSSLSSLL,1.5,1,1,correption,αι:L:nature η:L:nature ε:L:position ε:S:nature ο:S:nature ου:L:nature α:S:lexicon αι:S:nature ε:L:position ε:S:nature ι:S:lexicon ο:L:position α:S:unknown ε:S:nature αι:L:nature ε:L:line_final,καὶ δὴ τέμνετο δοῦρα καὶ ἐς πεδίον κατέβαινεν
The Taking of Ilios,1,60,True,LLLLLSSLLLSSLL,LLLLLSSLLLSSLL,0.0,1,0,,ι:L:lexicon η:L:nature ε:L:position αυ:L:nature η:L:nature ο:S:nature ο:S:nature ε:L:position αι:L:nature+position ο:L:position ε:S:nature ε:S:nature ε:L:position ο:L:line_final,"Ἴδης ἐξ αὐτῆς, ὁπόθεν καὶ πρόσθε Φέρεκλος"
The Taking of Ilios,1,61,True,LSSLLLLLSSLSSLL,LSSLLLLLSSLSSLL,0.0,1,1,,η:L:nature α:S:lexicon α:S:lexicon ε:L:position α:L:position ω:L:nature ε:L:position η:L:nature α:S:lexicon ο:S:nature η:L:nature α:S:unknown ο:S:nature α:L:position η:L:line_final,"νῆας Ἀλεξάνδρῳ τεκτήνατο, πήματος ἀρχήν."
The Taking of Ilios,1,62,True,LLLSSLSSLLLSSLL,LLLSSLSSLLLSSLL,0.0,1,2,,οι:L:nature ει:L:nature ευ:L:nature υ:S:unknown α:S:unknown η:L:nature+position ε:S:nature ε:S:nature ι:L:lexicon ευ:L:nature η:L:nature α:S:lexicon α:S:lexicon υι:L:nature α:L:lexicon,ποίει δ’ εὐρυτάτῃς μὲν ἐπὶ πλευρῇς ἀραρυῖαν
The Taking of Ilios,1,63,True,LSSLLLSSLSSLSSLL,LSSLLLSSLSSLSSLL,0.0,1,2,,α:L:position ε:S:nature α:S:lexicon οι:L:nature η:L:nature α:L:unknown ο:S:nature ο:S:nature ο:L:position ε:S:nature ο:S:nature α:L:position ι:S:unknown ε:S:nature ι:L:position η:L:line_final,"γαστέρα κοιλήνας, ὁπόσον νεὸς ἀμφιελίσσης"
The Taking of Ilios,1,64,True,LSSLLLSSLLLSSLL,LSSLLLSSLLLSSLL,0.0,1,1,,ο:L:position ο:S:nature ε:S:nature ι:L:lexicon α:L:position η:L:nature+position ε:S:nature ε:S:nature ο:L:position ο:L:position ω:L:nature α:S:unknown ο:S:nature ε:L:position ω:L:line_final,ὀρθὸν ἐπὶ στάθμην μέγεθος τορνώσατο τέκτων.
The Taking of Ilios,1,65,True,LSSLSSLSSLLLSSLL,LSSLSSLSSLLLSSLL,0.0,1,2,,αυ:L:nature ε:S:nature α:S:lexicon ε:L:position α:S:unknown υ:S:unknown οι:L:nature ι:S:properispomenon ε:S:nature ι:L:lexicon η:L:nature ε:L:position ι:S:lexicon ε:S:nature η:L:nature+position ε:L:line_final,αὐχένα δὲ γλαφυροῖσιν ἐπὶ στήθεσσιν ἔπηξε
The Taking of Ilios,1,66,True,LLLSSLSSLLLSSLL,LLLSSLSSLLLSSLL,1.0,1,1,lexicon_overridden,α:L:position ω:L:nature ο:L:position υ:S:unknown ο:S:nature ε:L:position α:S:antepenult_accent ε:S:nature ι:L:position η:L:nature α:L:position ι:S:lexicon α:S:lexicon υ:L:lexicon ω:L:line_final,ξανθῷ πορφυρόπεζαν ἐπιρρήνας τρίχα χρυσῷ·
The Taking of Ilios,1,67,True,LSSLLLSSLSSLSSLL,LSSLLLSSLSSLSSLL,0.0,1,2,,η:L:nature ε:S:nature ι:S:unknown υ:L:unknown αι:L:nature ου:L:nature α:S:antepenult_accent ε:S:nature η:L:nature ο:S:nature ο:S:nature αυ:L:nature ε:S:nature ι:S:lexicon υ:L:position ω:L:line_final,ἡ δ’ ἐπικυμαίνουσα μετήορος αὐχένι κυρτῷ
The Taking of Ilios,1,68,True,LSSLSSLSSLLLSSLL,LSSLSSLSSLLLSSLL,0.0,1,1,,ε:L:position ο:S:nature υ:S:lexicon η:L:nature+position ο:S:nature ο:S:nature ε:L:position ι:S:antepenult_accent α:S:unknown ε:L:position η:L:nature ι:L:position ε:S:nature ο:S:nature ε:L:position ω:L:line_final,ἐκ κορυφῆς λοφόεντι κατεσφρηγίζετο δεσμῷ.
The Taking of Ilios,1,69,True,LLLSSLSSLSSLSSLL,LLLSSLSSLSSLSSLL,0.0,1,3,,ο:L:position α:L:position ου:L:nature+position ε:S:nature ε:S:nature η:L:nature ε:S:nature ι:S:unknown ω:L:nature ε:S:nature α:S:antepenult_accent ε:L:position υ:S:unknown ι:S:unknown υ:L:paroxytone_short_ultima οι:L:line_final,ὀφθαλμοὺς δ’ ἐνέθηκε λιθώπεας ἐν δυσὶ κύκλοις
The Taking of Ilios,1,70,True,LLLLLSSLSSLSSLL,LLLLLSSLSSLSSLL,0.5,1,2,correption,αυ:L:nature η:L:nature+position η:L:nature υ:L:position οι:L:nature ο:S:nature αι:S:nature αι:L:nature α:S:unknown ε:S:nature η:L:nature α:S:unknown ε:S:nature υ:L:position ου:L:line_final,γλαυκῆς βηρύλλοιο καὶ αἱμαλέης ἀμεθύσσου·
The Taking of Ilios,1,71,True,LSSLSSLSSLSSLSSLL,LSSLSSLSSLSSLSSLL,1.0,1,5,override,ω:L:nature+position ε:S:nature ι:S:lexicon ι:L:position ο:S:nature ε:S:nature ω:L:nature+position ι:S:unknown υ:S:unknown η:L:nature α:S:unknown α:S:unknown υ:L:position α:S:unknown ι:S:antepenult_accent οι:L:nature η:L:line_final,τῶν δ’ ἐπιμισγομένων διδύμης ἀμαρύγματι χροιῆς
The Taking of Ilios,1,72,True,LLLLLSSLSSLSSLL,LLLLLSSLSSLSSLL,0.0,1,1,,αυ:L:nature ω:L:nature+position οι:L:nature ι:L:position ο:L:position ο:S:nature ι:S:unknown ω:L:nature ε:S:nature ι:S:lexicon ε:L:position ι:S:lexicon ο:S:nature ω:L:nature αι:L:line_final,γλαυκῶν φοινίσσοντο λίθων ἑλίκεσσιν ὀπωπαί.
The Taking of Ilios,1,73,True,LSSLSSLSSLLLSSLL,LSSLSSLSSLLLSSLL,0.0,1,2,,α:L:position υ:S:unknown ε:S:nature ου:L:nature+position ε:S:nature α:S:unknown α:L:position ε:S:nature ε:S:nature ι:L:lexicon α:L:position οι:L:nature ι:S:properispomenon ο:S:nature ο:L:position α:L:lexicon,ἀργυφέους δ’ ἐχάραξεν ἐπὶ γναθμοῖσιν ὀδόντας
The Taking of Ilios,1,74,True,LSSLLLSSLLLSSLL,LSSLLLSSLLLSSLL,0.0,1,3,,α:L:paroxytone_short_ultima α:S:lexicon α:S:unknown ει:L:nature+position ευ:L:nature ο:L:position α:S:lexicon ε:S:nature υ:L:position ε:L:position οι:L:nature ο:S:nature α:S:unknown ι:L:unknown ου:L:line_final,ἄκρα δακεῖν σπεύδοντας ἐυστρέπτοιο χαλινοῦ·
The Taking of Ilios,1,75,True,LSSLSSLSSLSSLSSLL,LSSLSSLSSLSSLSSLL,0.0,1,1,,αι:L:nature+position ο:S:nature α:S:lexicon ο:L:position ε:S:nature α:S:lexicon οι:L:nature ο:S:nature α:S:lexicon ω:L:nature α:S:unknown ε:S:nature ω:L:nature+position ε:S:nature ε:S:nature ευ:L:nature ου:L:line_final,καὶ στόματος μεγάλοιο λαθὼν ἀνέῳξε κελεύθους
The Taking of Ilios,1,76,True,LSSLSSLSSLSSLSSLL,LSSLSSLSSLSSLSSLL,0.0,1,1,,α:L:lexicon α:S:lexicon ι:S:lexicon ευ:L:nature ο:S:nature ε:S:nature οι:L:nature ι:S:antepenult_accent α:S:unknown ι:L:position ο:S:nature ο:S:nature α:L:circumflex α:S:lexicon υ:S:lexicon α:L:position ω:L:line_final,"ἀνδράσι κευθομένοισι παλίρροον ἆσθμα φυλάσσων,"
The Taking of Ilios,1,77,True,LSSLLLLLSSLSSLL,LSSLLLLLSSLSSLL,0.0,1,1,,αι:L:nature ι:S:lexicon α:S:lexicon υ:L:position η:L:nature ω:L:nature+position υ:L:lexicon ι:L:position ο:S:nature ο:S:nature ε:L:position ε:S:nature ε:S:nature α:L:unknown η:L:line_final,καὶ διὰ μυκτήρων φυσίζοος ἔρρεεν ἀήρ.
The Taking of Ilios,1,78,True,LSSLSSLSSLSSLSSLL,LSSLSSLSSLSSLSSLL,0.0,1,2,,ου:L:nature α:S:lexicon α:S:lexicon α:L:position ο:S:nature α:S:unknown οι:L:nature ι:S:antepenult_accent ε:S:nature ι:L:lexicon ο:S:nature α:S:lexicon οι:L:nature ι:S:lexicon α:S:unknown η:L:nature ε:L:line_final,οὔατα δ’ ἀκροτάτοισιν ἐπὶ κροτάφοισιν ἄρηρεν
The Taking of Ilios,1,79,True,LSSLSSLSSLLLSSLL,LSSLSSLSSLLLSSLL,0.0,1,2,,ο:L:position α:S:unknown α:S:lexicon αι:L:nature ε:S:nature ε:S:nature οι:L:nature α:S:lexicon ε:S:nature ει:L:nature+position α:L:position ι:L:position ο:S:nature α:S:unknown ου:L:nature η:L:line_final,"ὀρθὰ μάλ’, αἰὲν ἑτοῖμα μένειν σάλπιγγος ἀκουήν."
The Taking of Ilios,1,80,True,LSSLSSLSSLSSLSSLL,LSSLSSLSSLSSLSSLL,0.0,1,2,,ω:L:nature α:S:lexicon ο:S:nature ου:L:nature α:S:unknown ο:S:nature ε:L:position ι:S:antepenult_accent υ:S:unknown η:L:nature+position ο:S:nature ε:S:nature αι:L:nature α:S:lexicon ι:S:lexicon υ:L:position η:L:line_final,"νῶτα δ’ ὁμοῦ λαγόνεσσι συνήρμοσε καὶ ῥάχιν ὑγρήν,"
The Taking of Ilios,1,81,True,LSSLLLSSLLLSSLL,LSSLLLSSLLLSSLL,0.0,1,1,,ι:L:position ι:S:lexicon α:S:lexicon ε:L:position ου:L:nature οι:L:nature ι:S:properispomenon ο:S:nature ι:L:position η:L:nature οι:L:nature ι:S:properispomenon υ:S:unknown η:L:nature+position ε:L:line_final,ἰσχία δὲ γλουτοῖσιν ὀλισθηροῖσι συνῆψε.
The Taking of Ilios,1,82,True,LSSLLLSSLSSLSSLL,LSSLLLSSLSSLSSLL,0.0,1,2,,υ:L:unknown ε:S:nature ο:S:nature ε:L:position υ:L:position οι:L:nature ι:S:lexicon ε:S:nature ι:L:position ε:S:nature ι:S:antepenult_accent ε:L:position υ:S:unknown ο:S:nature ου:L:nature η:L:line_final,σύρετο δὲ πρυμνοῖσιν ἐπ’ ἴχνεσιν ἔκλυτος οὐρὴ
The Taking of Ilios,1,83,True,LSSLLLSSLSSLSSLL,LSSLLLSSLSSLSSLL,0.0,1,3,,α:L:position ε:S:nature ο:S:nature ω:L:nature+position α:L:position οι:L:nature ι:S:lexicon α:S:unknown ε:L:position ο:S:nature ε:S:nature η:L:nature υ:S:unknown α:S:unknown οι:L:nature ι:L:antepenult_accent,ἄμπελος ὣς γναμπτοῖσι καθελκομένη θυσάνοισιν.
The Taking of Ilios,1,84,True,LSSLSSLSSLSSLSSLL,LSSLSSLSSLSSLSSLL,0.0,1,3,,οι:L:nature ε:S:nature ο:S:nature ε:L:position α:S:unknown ι:S:unknown οι:L:nature ι:S:antepenult_accent ε:S:nature ε:L:position ο:S:nature ε:S:nature οι:L:nature ο:S:nature α:S:unknown ε:L:position ι:L:antepenult_accent,οἱ δὲ πόδες βαλίοισιν ἐπερχόμενοι γονάτεσσιν
The Taking of Ilios,1,85,True,LSSLSSLSSLSSLLLL,LSSLSSLSSLSSLLLL,1.5,1,0,,ευ:L:nature+position ε:S:nature ο:S:nature ω:L:nature+position ε:S:nature ε:S:nature ε:L:position ο:S:nature ε:S:nature ι:L:lexicon ο:S:nature ο:S:nature ο:L:position ι:L:position ε:L:position αι:L:line_final,"εὔπτερον ὥσπερ ἔμελλον ἐπὶ δρόμον ὁπλίζεσθαι,"
The Taking of Ilios,1,86,True,LLLLLSSLSSLSSLL,LLLLLSSLSSLSSLL,0.0,1,0,,ου:L:nature ω:L:nature η:L:nature ει:L:nature ο:L:position ο:S:nature ε:S:nature ει:L:nature+position ε:S:nature ε:S:nature ευ:L:nature ε:S:nature α:S:lexicon α:L:position η:L:line_final,οὕτως ἠπείγοντο· μένειν δ’ ἐκέλευεν ἀνάγκη.
The Taking of Ilios,1,87,True,LSSLLLSSLSSLSSLL,LSSLLLSSLSSLSSLL,0.0,1,1,,ου:L:nature ε:S:nature υ:S:lexicon ο:L:position η:L:nature η:L:nature ι:S:lexicon α:S:unknown α:L:position ε:S:nature ε:S:nature ε:L:position ε:S:nature ο:S:nature ο:L:position αι:L:line_final,"οὐ μὲν ὑπὸ κνήμῃσιν ἀχαλκέες ἔξεχον ὁπλαί,"
The Taking of Ilios,1,88,True,LSSLSSLSSLLLSSLL,LSSLSSLSSLLLSSLL,0.0,1,3,,α:L:position α:S:unknown ε:S:nature η:L:nature+position ε:S:nature ι:S:unknown ε:L:position ι:S:antepenult_accent α:S:unknown ε:L:position η:L:nature ω:L:nature+position ο:S:nature ε:S:nature ω:L:nature η:L:line_final,μαρμαρέης δ’ ἑλίκεσσι κατεσφήκωντο χελώνης
The Taking of Ilios,1,89,True,LSSLSSLSSLSSLSSLL,LSSLSSLSSLSSLSSLL,0.0,1,2,,α:L:position ο:S:nature ε:S:nature αι:L:nature ε:S:nature ι:S:lexicon οι:L:nature ο:S:nature ο:S:nature ι:L:lexicon α:S:unknown ε:S:nature ω:L:nature υ:S:unknown ι:S:antepenult_accent α:L:position ω:L:line_final,ἁπτόμεναι πεδίοιο μόγις κρατερώνυχι χαλκῷ.
The Taking of Ilios,1,90,True,LLLSSLSSLLLSSLL,LLLSSLSSLLLSSLL,0.0,1,2,,η:L:nature ι:L:position η:L:nature+position ε:S:nature ε:S:nature η:L:nature ε:S:nature υ:S:lexicon η:L:nature+position αι:L:nature+position ι:L:unknown α:S:unknown α:S:antepenult_accent υ:L:position η:L:line_final,"κληιστὴν δ’ ἐνέθηκε θύρην καὶ κλίμακα τυκτήν,"
The Taking of Ilios,1,91,True,LSSLSSLSSLLLSSLL,LSSLSSLSSLLLSSLL,0.0,1,2,,η:L:nature ε:S:nature ο:S:nature ω:L:nature α:S:unknown ι:S:unknown η:L:nature ο:S:nature ε:S:nature ι:L:lexicon ευ:L:nature η:L:nature α:S:lexicon α:S:lexicon υι:L:nature α:L:lexicon,ἡ μὲν ὅπως ἀίδηλος ἐπὶ πλευρῇς ἀραρυῖα
The Taking of Ilios,1,92,True,LSSLSSLSSLSSLSSLL,LSSLSSLSSLSSLSSLL,1.5,1,1,correption,ε:L:position α:S:lexicon αι:S:nature ε:L:position α:S:lexicon ε:S:nature η:L:nature ι:S:lexicon ο:S:nature ο:L:position υ:S:unknown ο:S:nature ω:L:nature ο:S:nature α:S:lexicon αι:L:nature ω:L:line_final,"ἔνθα καὶ ἔνθα φέρῃσι λόχον κλυτόπωλον Ἀχαιῶν,"
The Taking of Ilios,1,93,True,LSSLSSLSSLSSLSSLL,LSSLSSLSSLSSLSSLL,1.5,1,1,correption,η:L:nature ι:S:lexicon α:S:lexicon υ:L:unknown ο:S:nature ε:S:nature η:L:nature ε:S:nature αι:S:nature ε:L:position ε:S:nature ο:S:nature ει:L:nature ε:S:nature ι:S:lexicon ου:L:nature α:L:lexicon,ἡ δ’ ἵνα λυομένη τε καὶ ἔμπεδον εἰς ἓν ἰοῦσα
The Taking of Ilios,1,94,True,LLLSSLSSLLLSSLL,LLLSSLSSLLLSSLL,0.0,1,0,,ει:L:nature η:L:nature+position ι:L:lexicon α:S:lexicon υ:S:lexicon ε:L:position ε:S:nature ο:S:nature ο:L:position αι:L:nature ε:L:position ε:S:nature ο:S:nature ου:L:nature αι:L:line_final,εἴη σφιν καθύπερθεν ὁδὸς καὶ νέρθεν ὀροῦσαι.
The Taking of Ilios,1,95,True,LSSLLLSSLSSLSSLL,LSSLLLSSLSSLSSLL,0.0,1,0,,α:L:position ι:S:lexicon ε:S:nature ι:L:lexicon ευ:L:nature οι:L:nature ο:S:nature α:S:lexicon αυ:L:nature ε:S:nature ο:S:nature η:L:nature ε:S:nature ε:S:nature ει:L:nature ω:L:line_final,ἀμφὶ δέ μιν λευκοῖο κατ’ αὐχένος ἠδὲ γενείων
The Taking of Ilios,1,96,True,LSSLSSLSSLLLSSLL,LSSLSSLSSLLLSSLL,0.0,1,2,,α:L:position ε:S:nature ι:S:lexicon ο:L:position υ:S:unknown ε:S:nature οι:L:nature ι:S:antepenult_accent ε:S:nature ι:L:position ε:L:position ω:L:nature ε:S:nature ι:S:unknown α:L:position ω:L:line_final,ἄνθεσι πορφυρέοισι πέριξ ἔζωσεν ἱμάντων
The Taking of Ilios,1,97,True,LSSLSSLSSLLLSSLL,LSSLSSLSSLLLSSLL,0.0,1,3,,αι:L:nature+position ο:S:nature ι:S:lexicon η:L:nature ε:S:nature ι:S:lexicon ε:L:position ι:S:lexicon α:S:unknown α:L:position αι:L:nature οι:L:nature ο:S:nature α:S:unknown ι:L:unknown ου:L:line_final,καὶ σκολιῇς ἑλίκεσσιν ἀναγκαίοιο χαλινοῦ
The Taking of Ilios,1,98,True,LLLSSLSSLSSLSSLL,LLLSSLSSLSSLSSLL,0.5,1,3,correption,ο:L:position η:L:nature α:L:unknown ε:S:nature ε:S:nature α:L:position ι:S:lexicon αι:S:nature α:L:position υ:S:unknown ο:S:nature ι:L:unknown ε:S:nature ι:S:antepenult_accent α:L:position ω:L:line_final,κολλήσας ἐλέφαντι καὶ ἀργυροδίνεϊ χαλκῷ.
The Taking of Ilios,1,99,True,LSSLLLSSLSSLSSLL,LSSLLLSSLSSLSSLL,0.0,1,1,,αυ:L:nature α:S:lexicon ε:S:nature ει:L:nature η:L:nature α:L:lexicon α:S:lexicon α:S:paroxytone_short_ultima ε:L:position ε:S:nature ε:S:nature η:L:nature ι:S:unknown ο:S:nature ι:L:paroxytone_short_ultima ο:L:line_final,"αὐτὰρ ἐπειδὴ πάντα κάμεν μενεδήιον ἵππον,"
The Taking of Ilios,1,100,True,LSSLLLSSLSSLSSLL,LSSLLLSSLSSLSSLL,0.0,1,2,,υ:L:paroxytone_short_ultima ο:S:nature ε:S:nature υ:L:position η:L:nature ι:L:unknown α:S:antepenult_accent ο:S:nature ω:L:nature υ:S:unknown ε:S:nature η:L:nature ε:S:nature ε:S:nature α:L:position ω:L:line_final,κύκλον ἐυκνήμιδα ποδῶν ὑπέθηκεν ἑκάστῳ
The Taking of Ilios,1,101,True,LSSLSSLSSLLLSSLL,LSSLSSLSSLLLSSLL,0.0,1,2,,ε:L:position ο:S:nature ε:S:nature ο:L:position ε:S:nature ι:S:unknown οι:L:nature ι:S:antepenult_accent ο:S:nature ω:L:nature+position ει:L:nature η:L:nature ι:S:unknown ο:S:nature ει:L:nature η:L:line_final,ἑλκόμενος πεδίοισιν ὅπως πειθήνιος εἴη
The Taking of Ilios,1,102,True,LSSLSSLSSLSSLSSLL,LSSLSSLSSLSSLSSLL,0.0,1,3,,η:L:nature ε:S:nature ι:S:unknown α:L:position ο:S:nature ε:S:nature οι:L:nature ι:S:antepenult_accent υ:S:unknown ε:L:position α:S:unknown ο:S:nature οι:L:nature ο:S:nature ο:S:nature ευ:L:nature η:L:line_final,μηδὲ βιαζομένοισι δυσέμβατον οἶμον ὁδεύῃ.
The Taking of Ilios,1,103,True,LSSLLLSSLLLSSLL,LSSLLLSSLLLSSLL,0.0,1,0,,ω:L:nature ο:S:nature ε:S:nature ε:L:position η:L:nature+position α:L:position ε:S:nature ο:S:nature ω:L:nature αι:L:nature α:L:position ε:S:nature ι:S:lexicon ο:L:position ω:L:line_final,ὣς ὁ μὲν ἐξήστραπτε φόβῳ καὶ κάλλεϊ πολλῷ
The Taking of Ilios,1,104,True,LLLLLSSLSSLLLL,LLLLLSSLSSLLLL,1.5,1,0,,ευ:L:nature υ:L:lexicon υ:L:position η:L:nature ο:L:position ε:S:nature ο:S:nature ου:L:nature ε:S:nature ε:S:nature α:L:position η:L:nature αι:L:nature ο:L:line_final,"εὐρύς θ’ ὑψηλός τε· τὸν οὐδέ κεν ἀρνήσαιτο,"
The Taking of Ilios,1,105,True,LLLSSLSSLSSLSSLL,LLLSSLSSLSSLSSLL,1.0,1,1,lexicon_overridden,ει:L:nature ι:L:lexicon ω:L:nature ο:S:nature ε:S:nature ε:L:position ε:S:nature ε:S:nature αυ:L:nature ε:S:nature ε:S:nature ι:L:position ι:S:unknown ο:S:nature α:L:lexicon η:L:line_final,"εἴ μιν ζωὸν ἔτετμεν, ἐλαυνέμεν ἵππιος Ἄρης."
The Taking of Ilios,1,106,True,LSSLSSLSSLSSLSSLL,LSSLSSLSSLSSLSSLL,0.0,1,0,,α:L:position ι:S:lexicon ε:S:nature ι:L:lexicon ε:S:nature α:S:lexicon ει:L:nature ο:S:nature ε:S:nature η:L:nature α:S:lexicon ο:S:nature η:L:nature ι:S:lexicon α:S:lexicon αι:L:nature ω:L:line_final,"ἀμφὶ δέ μιν μέγα τεῖχος ἐλήλατο, μή τις Ἀχαιῶν"
The Taking of Ilios,1,107,True,LSSLLLSSLSSLSSLL,LSSLLLSSLSSLSSLL,0.0,1,3,,ι:L:lexicon ι:S:lexicon ε:S:nature α:L:position η:L:nature ει:L:nature ε:S:nature ο:S:nature ο:L:position α:S:unknown α:S:unknown υ:L:position ο:S:nature α:S:unknown α:L:position η:L:line_final,"πρίν μιν ἐσαθρήσειε, δόλον δ’ ἀνάπυστον ἀνάψῃ."
The Taking of Ilios,1,108,True,LSSLLLSSLSSLSSLL,LSSLLLSSLSSLSSLL,0.0,1,1,,οι:L:nature ε:S:nature υ:S:unknown η:L:nature αι:L:nature η:L:nature α:S:lexicon α:S:lexicon ε:L:position ο:S:nature ο:S:nature ε:L:position υ:S:lexicon ι:S:lexicon η:L:nature ο:L:line_final,οἱ δὲ Μυκηναίης Ἀγαμέμνονος ἐγγύθι νηὸς
The Taking of Ilios,1,109,True,LLLSSLSSLLLSSLL,LLLSSLSSLLLSSLL,0.0,1,1,,α:L:lexicon ω:L:nature ο:L:position υ:S:lexicon ε:S:nature ω:L:nature ο:S:nature α:S:lexicon ο:L:position αι:L:nature υ:L:lexicon α:S:lexicon υ:S:unknown ο:L:position ε:L:line_final,λαῶν ὀρνυμένων ὅμαδον καὶ κῦμα φυγόντες
The Taking of Ilios,1,110,True,LLLSSLSSLLLSSLL,LLLSSLSSLLLSSLL,0.0,1,0,,ε:L:position ου:L:nature η:L:nature+position α:S:lexicon ι:S:lexicon η:L:nature ε:S:nature α:S:lexicon ο:L:position ι:L:position η:L:nature α:S:lexicon α:S:lexicon αι:L:nature ω:L:line_final,ἐς βουλὴν βασιλῆες ἀολλίσθησαν Ἀχαιῶν.
The Taking of Ilios,1,111,True,LSSLLLSSLLLSSLL,LSSLLLSSLLLSSLL,0.0,1,1,,η:L:nature ε:S:nature α:S:unknown υ:L:position ο:L:position οι:L:nature ο:S:nature ε:S:nature α:L:lexicon η:L:nature υ:L:lexicon ο:S:nature ε:S:nature ου:L:nature α:L:lexicon,ἡ δὲ τανυφθόγγοιο δέμας κήρυκος ἑλοῦσα
The Taking of Ilios,1,112,True,LLLSSLSSLSSLSSLL,LLLSSLSSLSSLSSLL,0.0,1,0,,υ:L:position α:L:position ω:L:nature ο:S:nature υ:S:lexicon η:L:nature ι:S:lexicon α:S:lexicon ι:L:position α:S:lexicon ο:S:nature ου:L:nature ι:S:properispomenon α:S:lexicon η:L:nature η:L:line_final,συμφράδμων Ὀδυσῆι παρίστατο θοῦρις Ἀθήνη
The Taking of Ilios,1,113,True,LSSLLLSSLSSLSSLL,LSSLLLSSLSSLSSLL,0.0,1,2,,α:L:lexicon ο:S:nature ε:S:nature ι:L:position ι:L:unknown ου:L:nature α:S:antepenult_accent ε:S:nature ι:L:position ο:S:nature ι:S:antepenult_accent ε:L:position α:S:unknown ι:S:antepenult_accent ω:L:nature η:L:line_final,ἀνδρὸς ἐπιχρίουσα μελίχροϊ νέκταρι φωνήν.
The Taking of Ilios,1,114,True,LSSLSSLSSLLLSSLL,LSSLSSLSSLLLSSLL,0.0,1,1,,αυ:L:nature α:S:lexicon ο:S:nature αι:L:nature ο:S:nature ι:S:unknown η:L:nature ι:S:antepenult_accent ο:S:nature ο:L:position ου:L:nature η:L:nature ι:S:lexicon ε:S:nature ι:L:position ω:L:line_final,αὐτὰρ ὁ δαιμονίῃσι νόον βουλῇσιν ἑλίσσων
The Taking of Ilios,1,115,True,LSSLLLSSLSSLSSLL,LSSLLLSSLSSLSSLL,0.0,1,0,,ω:L:nature α:S:lexicon ε:S:nature ει:L:nature+position η:L:nature ει:L:nature ε:S:nature ε:S:nature ο:L:position ο:S:nature ι:S:antepenult_accent ω:L:nature ι:S:lexicon ε:S:nature οι:L:nature ω:L:line_final,πρῶτα μὲν εἱστήκει κενεόφρονι φωτὶ ἐοικὼς
The Taking of Ilios,1,116,True,LSSLLLSSLSSLSSLL,LSSLLLSSLSSLSSLL,0.0,1,1,,ο:L:position α:S:unknown ο:S:nature α:L:position ε:L:position οι:L:nature ο:S:nature ο:S:nature η:L:nature ε:S:nature ι:S:lexicon αι:L:nature α:S:lexicon ε:S:nature ει:L:nature α:L:lexicon,"ὄμματος ἀτρέπτοιο βολὴν ἐπὶ γαῖαν ἐρείσας,"
The Taking of Ilios,1,117,True,LLLSSLSSLLLSSLL,LLLSSLSSLLLSSLL,0.0,1,3,,α:L:position ω:L:nature α:L:unknown ε:S:nature α:S:unknown ω:L:nature ε:S:nature ε:S:nature ω:L:nature ω:L:nature ι:L:lexicon α:S:lexicon α:S:unknown οι:L:nature+position α:L:line_final,ἄφνω δ’ ἀενάων ἐπέων ὠδῖνας ἀνοίξας
The Taking of Ilios,1,118,True,LSSLLLSSLSSLSSLL,LSSLLLSSLSSLSSLL,0.5,1,2,correption,ει:L:nature ο:S:nature α:S:unknown ε:L:position ο:L:position η:L:nature ε:S:nature αι:S:nature η:L:nature ε:S:nature ι:S:unknown η:L:nature α:S:paroxytone_short_ultima ε:S:nature η:L:nature η:L:line_final,δεινὸν ἀνεβρόντησε καὶ ἠερίης ἅτε πηγῆς
The Taking of Ilios,1,119,True,LSSLSSLSSLSSLSSLL,LSSLSSLSSLSSLSSLL,0.0,1,2,,ε:L:position ε:S:nature ε:S:nature ε:L:position ε:S:nature α:S:lexicon αι:L:nature+position α:S:lexicon ε:S:nature ι:L:position α:S:unknown ε:S:nature ο:L:position ι:S:unknown ε:S:nature οι:L:nature ο:L:line_final,ἐξέχεεν μέγα λαῖτμα μελισταγέος νιφετοῖο·
The Taking of Ilios,1,120,True,LSSLLLSSLSSLSSLL,LSSLLLSSLSSLSSLL,0.5,1,2,correption,ω:L:nature ι:S:lexicon οι:S:nature η:L:nature η:L:nature ε:L:position υ:S:unknown ι:S:unknown ο:L:position ο:S:nature ο:S:nature ε:L:position ε:S:nature ε:S:nature ε:L:position αι:L:line_final,"ὦ φίλοι, ἤδη μὲν κρύφιος λόχος ἐκτετέλεσται"
The Taking of Ilios,1,121,True,LSSLSSLSSLLLSSLL,LSSLSSLSSLLLSSLL,0.0,1,0,,ε:L:position ι:S:lexicon ε:S:nature α:L:position ο:S:nature ε:S:nature η:L:nature ι:S:antepenult_accent α:S:lexicon α:L:lexicon ου:L:nature η:L:nature ι:S:lexicon α:S:lexicon η:L:nature η:L:line_final,"χερσὶ μὲν ἀνδρομέῃσιν, ἀτὰρ βουλῇσιν Ἀθήνης."
The Taking of Ilios,1,122,True,LLLSSLSSLSSLSSLL,LLLSSLSSLSSLSSLL,0.0,1,1,,υ:L:lexicon ει:L:nature+position οι:L:nature ε:S:nature α:S:lexicon ι:L:position α:S:lexicon ε:S:nature οι:L:nature α:S:unknown ε:S:nature α:L:position ε:S:nature ι:S:lexicon ει:L:nature ω:L:line_final,"ὑμεῖς δ’, οἵτε μάλιστα πεποίθατε κάρτεϊ χειρῶν,"
The Taking of Ilios,1,123,True,LSSLLLSSLLLSSLL,LSSLLLSSLLLSSLL,0.0,1,0,,ο:L:position ο:S:nature ε:S:nature α:L:position η:L:nature ε:L:position ι:S:antepenult_accent ο:S:nature ω:L:nature αι:L:nature+position η:L:nature ο:S:nature ι:S:antepenult_accent υ:L:lexicon ω:L:line_final,πρόφρονες ἀλκήεντι νόῳ καὶ τλήμονι θυμῷ
The Taking of Ilios,1,124,True,LSSLSSLSSLSSLSSLL,LSSLSSLSSLSSLSSLL,0.5,1,0,correption,ε:L:position ε:S:nature οι:S:nature ου:L:nature α:S:lexicon ε:S:nature οι:L:nature ε:S:nature ο:S:nature υ:L:lexicon ο:S:nature ο:S:nature ε:L:position α:S:lexicon ε:S:nature ο:L:position α:L:lexicon,σπέσθε μοι· οὐ γὰρ ἔοικε πολὺν χρόνον ἐνθάδ’ ἐόντας
The Taking of Ilios,1,125,True,LLLSSLSSLSSLLLL,LLLSSLSSLSSLLLL,2.0,1,1,correption,ο:L:position ι:L:position ει:L:nature α:S:lexicon ε:S:nature ε:L:position α:S:lexicon αι:S:nature α:L:position ε:S:nature α:S:unknown η:L:nature α:L:lexicon ο:L:position α:L:lexicon,"μοχθίζειν ἀτέλεστα καὶ ἀχρέα γηράσκοντας,"
The Taking of Ilios,1,126,True,LLLLLSSLSSLSSLL,LLLLLSSLSSLSSLL,0.0,1,3,,α:L:position α:L:lexicon η:L:nature+position ω:L:nature ο:L:position α:S:antepenult_accent α:S:unknown οι:L:nature ι:S:unknown ο:S:nature ε:L:position ο:S:nature α:S:unknown υ:L:paroxytone_short_ultima αι:L:line_final,ἀλλὰ χρὴ ζώοντας ἀοίδιμον ἔργον ἀνύσσαι
The Taking of Ilios,1,127,True,LSSLSSLSSLSSLSSLL,LSSLSSLSSLSSLSSLL,0.0,1,1,,η:L:nature α:S:lexicon α:S:lexicon ω:L:nature+position ο:S:nature ο:S:nature ε:L:position ι:S:antepenult_accent α:S:unknown ο:L:position ε:S:nature ε:S:nature αι:L:nature+position ο:S:nature α:S:lexicon υ:L:paroxytone_short_ultima αι:L:line_final,ἢ θανάτῳ βροτόεντι κακοκλεὲς αἶσχος ἀλύξαι.
The Taking of Ilios,1,128,True,LLLLLSSLSSLSSLL,LLLLLSSLSSLSSLL,0.5,1,0,correption,η:L:nature ι:L:lexicon α:L:position ω:L:nature αι:L:nature+position ο:S:nature ε:S:nature ε:L:position ε:S:nature αι:S:nature η:L:nature ε:S:nature ε:S:nature ει:L:nature οι:L:line_final,"ἡμῖν θαλπωραὶ προφερέστεραι ἤπερ ἐκείνοις,"
The Taking of Ilios,1,129,True,LLLLLSSLLLSSLL,LLLLLSSLLLSSLL,1.5,1,0,cluster_short;correption,ει:L:nature η:L:nature ω:L:nature+position ου:L:nature οι:L:nature ο:S:nature αι:S:nature α:L:position αι:L:nature οι:L:nature ο:S:position α:S:lexicon ο:L:position ο:L:line_final,εἰ μήπω στρουθοῖο καὶ ἀρχαίοιο δράκοντος
The Taking of Ilios,1,130,True,LLLSSLSSLSSLSSLL,LLLSSLSSLSSLSSLL,0.5,1,3,correption,αι:L:nature α:L:lexicon η:L:nature+position α:S:unknown α:S:unknown οι:L:nature ο:S:nature αι:S:nature ω:L:nature υ:S:unknown ο:S:nature οι:L:nature ε:S:nature ι:S:lexicon ε:L:position οι:L:line_final,καὶ καλῆς πλατάνοιο καὶ ὠκυμόροις ἐπὶ τέκνοις
The Taking of Ilios,1,131,True,LSSLSSLSSLSSLSSLL,LSSLSSLSSLSSLSSLL,0.0,1,1,,η:L:nature ε:S:nature ο:S:nature ε:L:position ο:S:nature ε:S:nature η:L:nature α:S:lexicon α:S:lexicon ω:L:nature+position ε:S:nature α:S:unknown ε:L:position ε:S:nature ε:S:nature ο:L:position ω:L:line_final,μητέρος ἑλκομένης ἁπαλῶν τ’ ἐλάθεσθε νεοσσῶν.
The Taking of Ilios,1,132,True,LSSLSSLSSLSSLSSLL,LSSLSSLSSLSSLSSLL,0.0,1,2,,ει:L:nature ε:S:nature ε:S:nature ο:L:position ο:S:nature ι:S:unknown η:L:nature ι:S:antepenult_accent ε:S:nature ω:L:nature α:S:unknown ε:S:nature α:L:position ε:S:nature ο:S:nature α:L:position α:L:lexicon,"εἰ δὲ θεοπροπίῃσι γέρων ἀνεβάλλετο Κάλχας,"
The Taking of Ilios,1,133,True,LSSLSSLSSLSSLLLL,LSSLSSLSSLSSLLLL,2.0,1,1,correption,α:L:position α:S:lexicon αι:S:nature ω:L:nature ε:S:nature ε:S:nature οι:L:nature ο:S:nature ε:S:nature η:L:nature υ:S:unknown ο:S:nature ο:L:position η:L:nature η:L:nature ο:L:line_final,ἀλλὰ καὶ ὣς Ἑλένοιο μετήλυδος ὀμφητῆρος
The Taking of Ilios,1,134,True,LSSLSSLSSLSSLSSLL,LSSLSSLSSLSSLSSLL,0.0,1,1,,α:L:position ο:S:nature υ:S:paroxytone_short_ultima αι:L:nature α:S:lexicon ε:S:nature ου:L:nature ι:S:lexicon ε:S:nature οι:L:nature ο:S:nature α:S:unknown η:L:nature ε:S:nature ι:S:lexicon ι:L:lexicon η:L:line_final,μαντοσύναι καλέουσιν ἑτοιμοτάτην ἐπὶ νίκην.
The Taking of Ilios,1,135,True,LSSLLLSSLLLSSLL,LSSLLLSSLLLSSLL,0.5,1,1,correption,ου:L:nature ε:S:nature α:S:unknown οι:L:nature ει:L:nature ε:L:position ε:S:nature αι:S:nature ι:L:position ει:L:nature η:L:nature ε:S:nature ι:S:lexicon η:L:nature υ:L:lexicon,"τούνεκά μοι πείθεσθε, καὶ ἱππείην ἐπὶ νηδὺν"
The Taking of Ilios,1,136,True,LSSLLLSSLLLSSLL,LSSLLLSSLLLSSLL,0.0,1,0,,α:L:position α:S:lexicon ε:S:nature οι:L:nature+position ευ:L:nature ω:L:nature ε:S:nature ο:S:nature ω:L:nature αυ:L:nature α:L:position ε:S:nature ο:S:nature α:L:paroxytone_short_ultima ο:L:line_final,"θαρσαλέοι σπεύδωμεν, ὅπως αὐτάγρετον ἄλγος"
The Taking of Ilios,1,137,True,LSSLLLSSLSSLSSLL,LSSLLLSSLSSLSSLL,0.0,1,3,,ω:L:nature ε:S:nature α:S:unknown α:L:position η:L:nature οι:L:nature ο:S:nature ε:S:nature η:L:nature α:S:unknown α:S:unknown η:L:nature ο:S:nature α:S:antepenult_accent ε:L:position η:L:line_final,Τρῶες ἀταρβήτοιο θεῆς ἀπατήνορα τέχνην
The Taking of Ilios,1,138,True,LSSLSSLSSLSSLSSLL,LSSLSSLSSLSSLSSLL,0.0,1,2,,ι:L:lexicon ι:S:lexicon ο:S:nature ει:L:nature α:S:unknown α:S:unknown ω:L:nature ι:S:antepenult_accent ε:S:nature ο:L:position α:S:lexicon ο:S:nature α:L:position α:S:lexicon α:S:lexicon ω:L:nature+position ε:L:line_final,Ἴλιον εἰσανάγωσιν ἑὸν κακὸν ἀμφαγαπῶντες.
The Taking of Ilios,1,139,True,LLLLLSSLSSLSSLL,LLLLLSSLSSLSSLL,0.0,1,1,,οι:L:nature α:L:paroxytone_short_ultima οι:L:nature+position υ:L:position αι:L:nature α:S:properispomenon ε:S:nature ι:L:lexicon ε:S:nature ε:S:nature ει:L:nature+position α:S:unknown α:S:antepenult_accent η:L:nature ω:L:line_final,οἱ δ’ ἄλλοι πρυμναῖα μεθίετε πείσματα νηῶν
The Taking of Ilios,1,140,True,LSSLLLSSLSSLSSLL,LSSLLLSSLSSLSSLL,0.0,1,2,,υ:L:lexicon ι:S:unknown ι:S:unknown ο:L:position ε:L:position η:L:nature ι:S:properispomenon ε:S:nature ι:L:lexicon ι:S:lexicon ι:S:lexicon η:L:nature ι:S:lexicon α:S:lexicon ο:L:position ε:L:line_final,πῦρ ἴδιον πλεκτῇσιν ἐνὶ κλισίῃσι βαλόντες·
The Taking of Ilios,1,141,True,LSSLSSLSSLLLSSLL,LSSLSSLSSLLLSSLL,0.0,1,3,,ι:L:unknown ι:S:unknown α:S:paroxytone_short_ultima ο:L:position ε:S:nature ι:S:unknown ο:L:position ε:S:nature ε:S:nature η:L:nature αι:L:nature η:L:nature+position ο:S:nature ο:S:nature α:L:position η:L:line_final,Ἰλιάδος δὲ λιπόντες ἐρημαίην χθονὸς ἀκτὴν
The Taking of Ilios,1,142,True,LSSLSSLLLSSLSSLL,LSSLSSLLLSSLSSLL,0.0,1,3,,ω:L:nature ε:S:nature ε:S:nature α:L:position υ:S:unknown ι:S:unknown η:L:nature+position ευ:L:nature ω:L:nature υ:S:unknown ο:S:nature οι:L:nature α:S:lexicon ε:S:nature ο:L:position ο:L:line_final,"πλώετε πασσυδίῃ ψευδώνυμον οἴκαδε νόστον,"
The Taking of Ilios,1,143,True,LSSLLLSSLSSLSSLL,LSSLLLSSLSSLSSLL,0.0,1,2,,ει:L:nature ο:S:nature ε:S:nature ευ:L:nature ο:L:position ου:L:nature ε:S:nature α:S:unknown υ:L:position ε:S:nature ο:S:nature ε:L:position ε:S:nature ι:S:unknown ω:L:nature η:L:line_final,εἰσόκεν εὐόρμου τετανυσμένον ὲκ περιωπῆς
The Taking of Ilios,1,144,True,LSSLSSLSSLSSLSSLL,LSSLSSLSSLSSLSSLL,0.0,1,3,,υ:L:lexicon ι:S:lexicon υ:S:unknown α:L:position ο:S:nature ε:S:nature οι:L:nature ε:S:nature ι:S:lexicon ει:L:nature ο:S:nature ο:S:nature αι:L:nature ι:S:unknown α:S:unknown οι:L:nature ο:L:line_final,ὔμμι συναγρομένοις ἐπὶ γείτονος αἰγιαλοῖο
The Taking of Ilios,1,145,True,LLLSSLSSLSSLSSLL,LLLSSLSSLSSLSSLL,0.0,1,3,,η:L:nature αι:L:nature η:L:nature α:S:unknown ι:S:unknown ο:L:position ο:S:nature ε:S:nature ι:L:lexicon ο:S:nature ο:S:nature ε:L:position ε:S:nature ι:S:unknown ο:L:position υ:L:lexicon,σημαίνῃ παλίνορσον ἐπὶ πλόον ἑσπέριον πῦρ.
The Taking of Ilios,1,146,True,LSSLSSLSSLSSLSSLL,LSSLSSLSSLSSLSSLL,0.0,1,1,,αι:L:nature ο:S:nature ε:S:nature η:L:nature ε:S:nature ι:S:lexicon ο:L:position ο:S:nature ε:S:nature ει:L:nature ο:S:nature ε:S:nature ω:L:nature ε:S:nature ε:S:nature α:L:unknown ω:L:line_final,καὶ τότε μήτε τις ὄκνος ἐπειγομένων ἐρετάων
The Taking of Ilios,1,147,True,LLLLLSSLSSLSSLL,LLLLLSSLSSLSSLL,0.0,1,1,,ι:L:unknown ε:L:position ω:L:nature η:L:nature α:L:paroxytone_short_ultima ο:S:nature ο:S:nature ου:L:nature ε:S:nature ο:S:nature οι:L:nature α:S:lexicon ε:S:nature υ:L:paroxytone_short_ultima ε:L:line_final,"γινέσθω μήτ’ ἄλλο φόβου νέφος, οἷά τε νύκτες"
The Taking of Ilios,1,148,True,LLLSSLSSLLLSSLL,LLLSSLSSLLLSSLL,0.0,1,1,,α:L:position ω:L:nature οι:L:nature ι:S:lexicon ε:S:nature ου:L:nature ι:S:lexicon ε:S:nature α:L:position ου:L:nature ει:L:nature α:S:unknown α:S:antepenult_accent υ:L:lexicon ου:L:line_final,ἀνθρώποισι φέρουσιν ἐλαφροῦ δείματα θυμοῦ.
The Taking of Ilios,1,149,True,LLLSSLSSLLLSSLL,LLLSSLSSLLLSSLL,0.0,1,2,,ε:L:position ω:L:nature ε:L:position ο:S:nature ε:S:nature η:L:nature α:S:lexicon ε:S:nature η:L:nature ε:L:position υ:L:unknown ι:S:unknown ο:S:nature αι:L:nature ω:L:line_final,"ἔστω δὲ προτέρης ἀρετῆς ἐμφύλιος αἰδώς,"
The Taking of Ilios,1,150,True,LSSLLLSSLSSLSSLL,LSSLLLSSLSSLSSLL,0.0,1,1,,η:L:nature ε:S:nature ι:S:lexicon αι:L:nature+position υ:L:unknown ει:L:nature ε:S:nature ε:S:nature ο:L:position ε:S:nature ο:S:nature ω:L:nature+position ε:S:nature ε:S:nature α:L:position ο:L:line_final,"μηδέ τις αἰσχύνειεν ἑὸν κλέος, ὥς κεν ἕκαστος"
The Taking of Ilios,1,151,True,LSSLSSLSSLSSLSSLL,LSSLSSLSSLSSLSSLL,0.0,1,0,,α:L:position ι:S:lexicon ο:S:nature ω:L:nature ε:S:nature ο:S:nature η:L:nature ε:S:nature α:S:lexicon η:L:nature ε:S:nature α:S:lexicon ι:L:position ο:S:nature υ:S:lexicon α:L:lexicon ω:L:line_final,ἄξιον ὧν ἐμόγησε λάβῃ γέρας ἱπποσυνάων.
The Taking of Ilios,1,152,True,LSSLLLLLSSLSSLL,LSSLLLLLSSLSSLL,0.0,1,0,,ω:L:nature+position α:S:lexicon ε:S:nature ο:L:position ου:L:nature η:L:nature ε:L:position η:L:nature+position ε:S:nature ο:S:nature οι:L:nature ο:S:nature ε:S:nature υ:L:lexicon οι:L:line_final,ὣς φάμενος βουλῆς ἐξήρχετο· τοῖο δὲ μύθοις
The Taking of Ilios,1,153,True,LSSLLLSSLSSLSSLL,LSSLLLSSLSSLSSLL,0.0,1,0,,ω:L:nature ο:S:nature ε:S:nature ω:L:nature α:L:position η:L:nature ε:S:nature ε:S:nature ο:L:position ο:S:nature ε:S:nature ο:L:position ε:S:nature ο:S:nature ει:L:nature η:L:line_final,"πρῶτος ἐφωμάρτησε Νεοπτόλεμος θεοειδής,"
The Taking of Ilios,1,154,True,LSSLSSLSSLSSLSSLL,LSSLSSLSSLSSLSSLL,0.0,1,0,,ω:L:nature ο:S:nature α:S:paroxytone_short_ultima ε:L:position ο:S:nature ο:S:nature ε:L:position ο:S:nature ε:S:nature ει:L:nature ο:S:nature ε:S:nature ο:L:position ε:S:nature ι:S:lexicon οι:L:nature ο:L:line_final,"πῶλος ἅτε δροσόεντος ἐπειγόμενος πεδίοιο,"
The Taking of Ilios,1,155,True,LSSLSSLSSLSSLSSLL,LSSLSSLSSLSSLSSLL,0.0,1,3,,ο:L:position ε:S:nature ε:S:nature ο:L:position υ:S:unknown ε:S:nature ε:L:position ι:S:antepenult_accent α:S:lexicon α:L:position ο:S:nature ε:S:nature ο:L:position α:S:unknown α:S:unknown οι:L:nature ι:L:antepenult_accent,ὅστε νεοζυγέεσσιν ἀγαλλόμενος φαλάροισιν
The Taking of Ilios,1,156,True,LSSLLLSSLSSLSSLL,LSSLLLSSLSSLSSLL,0.5,1,3,correption,ε:L:position α:S:unknown ε:S:nature αι:L:nature α:L:position ι:L:lexicon α:S:lexicon αι:S:nature η:L:nature ι:S:unknown ο:S:nature η:L:nature ο:S:nature α:S:unknown ει:L:nature η:L:line_final,ἔφθασε καὶ μάστιγα καὶ ἡνιοχῆος ἀπειλήν.
The Taking of Ilios,1,157,True,LLLSSLSSLSSLSSLL,LLLSSLSSLSSLSSLL,0.0,1,1,,υ:L:unknown ει:L:nature η:L:nature+position ε:S:nature ο:S:nature ου:L:nature ε:S:nature ε:S:nature ο:L:position ο:S:nature ε:S:nature ω:L:nature ι:S:lexicon ο:S:nature η:L:nature η:L:line_final,Τυδείδης δ’ ἐπόρουσε Νεοπτολέμῳ Διομήδης
The Taking of Ilios,1,158,True,LLLSSLSSLLLSSLL,LLLSSLSSLLLSSLL,0.0,1,0,,αυ:L:nature α:L:position ω:L:nature ο:S:nature ι:S:lexicon οι:L:nature ο:S:nature ο:S:nature η:L:nature+position αι:L:nature+position ο:L:position ε:S:nature α:S:lexicon ι:L:lexicon ευ:L:line_final,"θαυμάζων, ὅτι τοῖος ὄην καὶ πρόσθεν Ἀχιλλεύς."
The Taking of Ilios,1,159,True,LSSLSSLSSLSSLSSLL,LSSLSSLSSLSSLSSLL,0.0,1,3,,ε:L:position ε:S:nature ο:S:nature αι:L:nature υ:S:unknown α:S:unknown ι:L:position ο:S:nature ο:S:nature ευ:L:nature α:S:unknown ε:S:nature ει:L:nature α:S:antepenult_accent ο:S:nature αι:L:nature ω:L:line_final,"ἕσπετο καὶ Κυάνιππος, ὃν εὐπατέρεια Κομαιθὼ"
The Taking of Ilios,1,160,True,LLLSSLSSLSSLSSLL,LLLSSLSSLSSLSSLL,0.0,1,5,,υ:L:unknown η:L:nature ι:L:position α:S:lexicon α:S:lexicon οι:L:nature ο:S:nature ι:S:unknown υ:L:position α:S:unknown ι:S:unknown οι:L:nature ο:S:nature υ:S:unknown ου:L:nature α:L:properispomenon,Τυδηὶς θαλάμοιο μινυνθαδίοιο τυχοῦσα
The Taking of Ilios,1,161,True,LSSLSSLSSLSSLSSLL,LSSLSSLSSLSSLSSLL,0.5,1,4,correption,ω:L:nature υ:S:lexicon ο:S:nature ω:L:nature ε:S:nature ε:S:nature αι:L:nature α:S:lexicon α:S:unknown ε:L:position α:S:unknown ω:S:nature αι:L:nature ι:S:unknown α:S:unknown η:L:nature ι:L:properispomenon,ὠκυμόρῳ τέκε παῖδα σακεσπάλῳ Αἰγιαλῆι.
The Taking of Ilios,1,162,True,LLLSSLSSLSSLSSLL,LLLSSLSSLSSLSSLL,0.0,1,0,,ε:L:position η:L:nature αι:L:nature ε:S:nature ε:S:nature α:L:lexicon ο:S:nature α:S:lexicon ε:L:position ε:S:nature ι:S:lexicon α:L:position ι:S:lexicon ο:S:nature ο:L:position η:L:line_final,ἔστη καὶ Μενέλαος· ἄγεν δέ μιν ἄγριος ὁρμὴ
The Taking of Ilios,1,163,True,LSSLSSLSSLSSLSSLL,LSSLSSLSSLSSLSSLL,0.0,1,3,,η:L:nature ι:S:unknown ο:S:nature ου:L:nature ο:S:nature ι:S:lexicon η:L:nature ι:S:lexicon α:S:unknown η:L:nature ε:S:nature ι:S:unknown ε:L:position ε:S:nature ε:S:nature υ:L:lexicon ω:L:line_final,"Δηιφόβου ποτὶ δῆριν, ἀπηνέι δ’ ἔζεε θυμῷ"
The Taking of Ilios,1,164,True,LSSLLLSSLSSLSSLL,LSSLLLSSLSSLSSLL,0.0,1,0,,ευ:L:nature ε:S:nature ο:S:nature α:L:position α:L:position η:L:nature α:S:properispomenon α:S:lexicon ου:L:nature ε:S:nature ι:S:lexicon η:L:nature ε:S:nature ο:S:nature ευ:L:nature ει:L:line_final,δεύτερον ἁρπακτῆρα γάμου λελιημένος εὑρεῖν.
The Taking of Ilios,1,165,True,LSSLSSLSSLLLSSLL,LSSLSSLSSLLLSSLL,0.0,1,1,,ω:L:nature ε:S:nature ι:S:lexicon ο:L:position ο:S:nature ο:S:nature ου:L:nature ε:S:nature ο:S:nature ι:L:unknown η:L:nature ο:L:position α:S:lexicon υ:S:lexicon αι:L:nature α:L:lexicon,"τῷ δ’ ἐπὶ Λοκρὸς ὄρουσεν Ὀιλῆος ταχὺς Αἴας,"
The Taking of Ilios,1,166,True,LSSLSSLLLSSLSSLL,LSSLSSLLLSSLSSLL,0.0,1,2,,ει:L:nature ε:S:nature ι:S:unknown υ:L:lexicon ο:S:nature ε:S:nature ω:L:nature+position ε:L:position υ:L:unknown ε:S:nature ο:S:nature ου:L:nature ε:S:nature ι:S:lexicon ου:L:nature αι:L:line_final,εἰσέτι θυμὸν ἔχων πεπνυμένον οὐδ’ ἐπὶ κούραις
The Taking of Ilios,1,167,True,LLLSSLSSLLLSSLL,LLLSSLSSLLLSSLL,0.5,1,1,correption,α:L:position αι:L:nature ω:L:nature α:S:unknown ε:S:nature ι:L:position ο:S:nature α:S:lexicon ε:L:position η:L:nature ε:L:position ε:S:nature αι:S:nature α:L:paroxytone_short_ultima ο:L:line_final,"μαργαίνων ἀθέμιστον· ἀνέστησεν δὲ καὶ ἄλλον,"
The Taking of Ilios,1,168,True,LLLSSLSSLSSLSSLL,LLLSSLSSLSSLSSLL,0.0,1,1,,η:L:nature ω:L:nature ι:L:lexicon ο:S:nature ε:S:nature η:L:nature α:S:lexicon ε:S:nature αι:L:nature ο:S:nature ι:S:unknown ο:L:position α:S:lexicon ι:S:lexicon η:L:nature α:L:lexicon,Κρητῶν Ἰδομενῆα μεσαιπόλιον βασιλῆα.
The Taking of Ilios,1,169,True,LSSLSSLSSLSSLSSLL,LSSLSSLSSLSSLSSLL,0.0,1,0,,ε:L:position ο:S:nature ι:S:lexicon η:L:nature+position α:S:lexicon α:S:lexicon οι:L:nature ι:S:lexicon ε:S:nature η:L:nature+position α:S:lexicon ε:S:nature ο:L:position α:S:lexicon υ:S:lexicon η:L:nature η:L:line_final,"Νεστορίδης δ’ ἅμα τοῖσιν ἔβη κρατερὸς Θρασυμήδης,"
The Taking of Ilios,1,170,True,LSSLSSLSSLSSLSSLL,LSSLSSLSSLSSLSSLL,0.0,1,1,,αι:L:nature ε:S:nature α:S:lexicon ω:L:nature ι:S:lexicon ο:S:nature υι:L:nature ο:S:nature ε:S:nature η:L:nature ο:S:nature ο:S:nature η:L:nature ι:S:unknown ε:S:nature ευ:L:nature+position ο:L:line_final,καὶ Τελαμώνιος υἱὸς ἑκηβόλος ἤιε Τεῦκρος
The Taking of Ilios,1,171,True,LSSLLLSSLSSLSSLL,LSSLLLSSLSSLSSLL,0.0,1,1,,οι:L:nature ι:S:lexicon ε:S:nature α:L:position η:L:nature οι:L:nature ο:S:nature α:S:lexicon ι:L:lexicon ο:S:nature υ:S:unknown ι:L:position ο:S:nature α:S:lexicon ε:L:position η:L:line_final,τοῖσι δ’ ἐπ’ Ἀδμήτοιο πάις πολύιππος ἀνέστη
The Taking of Ilios,1,172,True,LLLSSLSSLSSLSSLL,LLLSSLSSLSSLSSLL,0.0,1,0,,ευ:L:nature η:L:nature ο:L:position ε:S:nature α:S:lexicon ο:L:position ε:S:nature ε:S:nature ο:L:position ο:S:nature ο:S:nature ε:L:position υ:S:lexicon ο:S:nature α:L:position α:L:lexicon,Εὔμηλος· μετὰ τὸν δὲ θεοπρόπος ἔσσυτο Κάλχας
The Taking of Ilios,1,173,True,LLLSSLSSLSSLSSLL,LLLSSLSSLSSLSSLL,0.0,1,0,,ευ:L:nature ει:L:nature ω:L:nature ο:S:nature ι:S:lexicon ο:L:position ο:S:nature α:S:lexicon η:L:nature α:S:lexicon ο:S:nature ε:L:position ε:S:nature ε:S:nature α:L:position ε:L:line_final,"εὖ εἰδώς, ὅτι μόχθον ἀμήχανον ἐκτελέσαντες"
The Taking of Ilios,1,174,True,LLLSSLSSLLLSSLL,LLLSSLSSLLLSSLL,0.0,1,2,,η:L:nature η:L:nature+position ω:L:nature ι:S:unknown ο:S:nature α:L:paroxytone_short_ultima υ:S:lexicon α:S:unknown ι:L:position ευ:L:nature ου:L:nature ι:S:antepenult_accent α:S:lexicon αι:L:nature οι:L:line_final,ἤδη Τρώιον ἄστυ καθιππεύσουσιν Ἀχαιοί.
The Taking of Ilios,1,175,True,LSSLSSLSSLLLSSLL,LSSLSSLSSLLLSSLL,1.5,1,1,correption,ου:L:nature ε:S:nature ε:S:nature ου:L:nature οι:S:nature ε:S:nature ει:L:nature+position ε:S:nature α:S:unknown ο:L:position ε:L:position ε:L:position ε:S:nature α:S:lexicon ω:L:nature η:L:line_final,οὐδὲ μὲν οὐδ’ οἳ ἔλειφθεν ἀποστρεφθέντες ἀρωγῆς
The Taking of Ilios,1,176,True,LSSLLLSSLSSLSSLL,LSSLLLSSLSSLSSLL,0.0,1,2,,ευ:L:nature υ:S:unknown υ:S:unknown ο:L:position ευ:L:nature αι:L:nature ο:S:nature ι:S:lexicon η:L:nature α:S:lexicon α:S:lexicon ο:L:position ε:S:nature ε:S:nature ο:L:position ευ:L:line_final,"Εὐρύπυλός τ’ Εὐαιμονίδης ἀγαθός τε Λεοντεύς,"
The Taking of Ilios,1,177,True,LSSLSSLSSLLLSSLL,LSSLSSLSSLLLSSLL,0.0,1,1,,η:L:nature ο:S:nature ο:S:nature ω:L:nature+position α:S:lexicon α:S:lexicon α:L:lexicon ε:S:nature υ:S:lexicon ω:L:nature η:L:nature η:L:nature ι:S:unknown α:S:antepenult_accent ε:L:position α:L:lexicon,"Δημοφόων τ’ Ἀκάμας τε, δύω Θησήια τέκνα,"
The Taking of Ilios,1,178,True,LSSLLLSSLSSLLLL,LSSLLLSSLSSLLLL,1.5,1,2,,ο:L:position υ:S:unknown ι:S:unknown η:L:nature+position α:L:position ι:L:position ο:S:nature ο:S:nature αυ:L:nature ο:S:nature ι:S:lexicon ε:L:position ει:L:nature ω:L:nature α:L:properispomenon,"Ὀρτυγίδης τ’ Ἄντικλος, ὃν αὐτόθι τεθνειῶτα"
The Taking of Ilios,1,179,True,LLLLLSSLSSLSSLL,LLLLLSSLSSLSSLL,0.0,1,1,,ι:L:position ω:L:nature α:L:position υ:L:unknown α:L:position ε:S:nature ε:S:nature ε:L:position ε:S:nature ε:S:nature ι:L:position α:S:antepenult_accent α:S:lexicon αι:L:nature οι:L:line_final,"ἵππῳ δακρύσαντες ἐνεκτερέιξαν Ἀχαιοί,"
The Taking of Ilios,1,180,True,LSSLSSLSSLSSLSSLL,LSSLSSLSSLSSLSSLL,0.5,1,2,correption,η:L:nature ε:S:nature ε:S:nature ω:L:nature+position ε:S:nature ε:S:nature η:L:nature+position ε:S:nature αι:S:nature α:L:position ι:S:unknown α:S:unknown η:L:nature α:S:lexicon α:S:lexicon η:L:nature ω:L:line_final,Πηνέλεώς τε Μέγης τε καὶ Ἀντιφάτης ἀγαπήνωρ
The Taking of Ilios,1,181,True,LSSLSSLSSLSSLSSLL,LSSLSSLSSLSSLSSLL,1.5,1,2,correption,ι:L:lexicon ι:S:lexicon α:S:lexicon α:L:lexicon ε:S:nature αι:S:nature ευ:L:nature υ:S:unknown α:S:unknown α:L:position ε:S:nature ι:S:lexicon α:L:lexicon ο:S:nature ε:S:nature ε:L:position η:L:line_final,"Ἰφιδάμας τε καὶ Εὐρυδάμας, Πελίαο γενέθλη,"
The Taking of Ilios,1,182,True,LLLSSLSSLSSLSSLL,LLLSSLSSLSSLSSLL,0.0,1,0,,ο:L:position ω:L:nature α:L:position ι:S:lexicon α:S:lexicon α:L:lexicon ε:S:nature ο:S:nature υ:L:position ε:S:nature ο:S:nature υ:L:position α:S:lexicon ο:S:nature αυ:L:nature ε:L:line_final,τόξῳ δ’ Ἀμφιδάμας κεκορυθμένος· ὕστατος αὖτε
The Taking of Ilios,1,183,True,LLLSSLSSLSSLSSLL,LLLSSLSSLSSLSSLL,0.0,1,1,,ε:L:position η:L:nature α:L:position α:S:unknown ο:S:nature η:L:nature ι:S:antepenult_accent ε:S:nature η:L:nature ε:S:nature ε:S:nature αι:L:nature ε:S:nature ε:S:nature ει:L:nature ο:L:line_final,τέχνης ἀγλαόμητις ἑῆς ἐπέβαινεν Ἐπειός.
The Taking of Ilios,1,184,True,LSSLSSLSSLLLSSLL,LSSLSSLSSLLLSSLL,1.5,1,1,correption,ευ:L:nature+position α:S:unknown ε:S:nature οι:L:nature η:S:nature ε:S:nature ει:L:nature α:S:lexicon ι:S:lexicon ο:L:position αυ:L:nature ω:L:nature ι:S:lexicon ι:S:lexicon ου:L:nature η:L:line_final,εὐξάμενοι δὴ ἔπειτα Διὸς γλαυκώπιδι κούρῃ
The Taking of Ilios,1,185,True,LLLLLSSLSSLSSLL,LLLLLSSLSSLSSLL,0.0,1,2,,ι:L:position ει:L:nature η:L:nature ε:L:position ευ:L:nature ο:S:nature ε:S:nature ο:L:position α:S:unknown α:S:unknown οι:L:nature ι:S:lexicon α:S:lexicon η:L:nature η:L:line_final,ἱππείην ἔσπευδον ἐς ὁλκάδα· τοῖσι δ’ Ἀθήνη
The Taking of Ilios,1,186,True,LSSLSSLSSLSSLSSLL,LSSLSSLSSLSSLSSLL,0.0,1,2,,α:L:position ο:S:nature ι:S:lexicon η:L:nature ε:S:nature α:S:unknown α:L:unknown α:S:antepenult_accent ε:S:nature ω:L:nature ε:S:nature ο:S:nature ι:L:position ε:S:nature ε:S:nature ω:L:nature η:L:line_final,ἀμβροσίῃ κεράσασα θεῶν ἐκόμισσεν ἐδωδὴν
The Taking of Ilios,1,187,True,LSSLSSLSSLSSLSSLL,LSSLSSLSSLSSLSSLL,0.0,1,0,,ει:L:nature+position ο:S:nature ε:S:nature ει:L:nature ι:S:lexicon α:S:lexicon η:L:nature ι:S:lexicon α:S:lexicon η:L:nature ε:S:nature ι:S:lexicon οι:L:nature ο:S:nature ο:S:nature ω:L:nature+position ε:L:line_final,"δεῖπνον ἔχειν, ἵνα μή τι πανημέριοι λοχόωντες"
The Taking of Ilios,1,188,True,LSSLSSLSSLSSLSSLL,LSSLSSLSSLSSLSSLL,0.0,1,4,,ει:L:nature ο:S:nature ε:S:nature οι:L:nature α:S:unknown υ:S:unknown οι:L:nature ε:S:nature α:S:unknown ε:L:position ε:S:nature ι:S:unknown ου:L:nature α:S:lexicon α:S:lexicon ι:L:lexicon ω:L:line_final,τειρόμενοι βαρύθοιεν ἀτερπέι γούνατα λιμῷ.
The Taking of Ilios,1,189,True,LSSLLLSSLSSLSSLL,LSSLLLSSLSSLSSLL,0.0,1,2,,ω:L:nature+position ο:S:nature ο:S:nature ε:L:position υ:L:unknown οι:L:nature ι:S:properispomenon α:S:unknown ε:L:position ο:S:nature ο:S:nature ω:L:nature+position ε:S:nature ε:S:nature α:L:lexicon ω:L:line_final,ὣς δ’ ὁπότε κρυμοῖσιν ἀελλοπόδων νεφελάων
The Taking of Ilios,1,190,True,LSSLLLSSLSSLSSLL,LSSLLLSSLSSLSSLL,0.0,1,1,,η:L:nature ε:S:nature α:S:lexicon α:L:position ω:L:nature α:L:unknown α:S:antepenult_accent ι:S:lexicon ω:L:nature ε:S:nature α:S:lexicon υ:L:lexicon ε:S:nature α:S:lexicon ου:L:nature α:L:lexicon,"ἠέρα παχνώσασα χιὼν ἐπάλυνεν ἀρούρας,"
The Taking of Ilios,1,191,True,LSSLSSLSSLSSLSSLL,LSSLSSLSSLSSLSSLL,0.0,1,0,,η:L:nature ο:S:nature ε:S:nature η:L:nature α:S:lexicon ε:S:nature η:L:nature ε:S:nature ο:S:nature υ:L:lexicon ο:S:nature ο:S:nature οι:L:nature α:S:lexicon ο:S:nature ε:L:position η:L:line_final,τηκομένη δ’ ἀνέηκε πολὺν ῥόον· οἱ δ’ ἀπὸ πέτρης
The Taking of Ilios,1,192,True,LSSLLLSSLLLSSLL,LSSLLLSSLLLSSLL,0.0,1,3,,ο:L:position υ:S:lexicon α:S:unknown α:L:position ω:L:nature+position ο:L:position α:S:antepenult_accent υ:S:unknown ι:L:position η:L:nature η:L:nature ι:S:properispomenon υ:S:unknown οι:L:nature ω:L:line_final,ὀξὺ καταθρῴσκοντα κυβιστητῆρι κυδοιμῷ
The Taking of Ilios,1,193,True,LSSLLLSSLSSLSSLL,LSSLLLSSLSSLSSLL,0.0,1,1,,ου:L:nature ο:S:nature υ:S:unknown ο:L:position η:L:nature+position α:L:position ε:S:nature ο:S:nature ι:L:position ε:S:nature ε:S:nature ο:L:position ο:S:nature α:S:lexicon οι:L:nature ο:L:line_final,δοῦπον ὑποπτήξαντες ὀριτρεφέος ποταμοῖο
The Taking of Ilios,1,194,True,LSSLLLSSLSSLSSLL,LSSLLLSSLSSLSSLL,0.0,1,2,,η:L:nature ε:S:nature ε:S:nature ω:L:nature η:L:nature α:L:position ε:S:nature υ:S:lexicon ο:L:position υ:S:unknown α:S:unknown οι:L:nature α:S:paroxytone_short_ultima ο:S:nature ευ:L:nature η:L:line_final,θῆρες ἐρωήσαντες ὑπὸ πτύχα κοιλάδος εὐνῆς
The Taking of Ilios,1,195,True,LLLSSLSSLLLSSLL,LLLSSLSSLLLSSLL,0.0,1,2,,ι:L:lexicon η:L:nature+position ι:L:unknown α:S:unknown ε:S:nature η:L:nature ι:S:antepenult_accent ε:S:nature ι:L:lexicon ευ:L:nature η:L:nature ι:S:properispomenon ε:S:nature ου:L:nature ι:L:lexicon,"σιγῇ φρικαλέῃσιν ἐπὶ πλευρῇσι μένουσι,"
The Taking of Ilios,1,196,True,LSSLLLSSLLLSSLL,LSSLLLSSLLLSSLL,0.0,1,2,,ι:L:position α:S:lexicon ε:S:nature ει:L:nature α:L:unknown ο:L:position ε:S:nature ο:S:nature ι:L:position υ:L:unknown η:L:nature υ:S:lexicon α:S:lexicon α:L:position η:L:line_final,πικρὰ δὲ πεινάοντες ὀιζυρῆς ὑπ’ ἀνάγκης
The Taking of Ilios,1,197,True,LSSLSSLSSLSSLSSLL,LSSLSSLSSLSSLSSLL,0.5,1,1,correption,η:L:nature ο:S:nature ε:S:nature ε:L:position ε:S:nature α:S:unknown αι:L:nature ο:S:nature ε:S:nature αυ:L:nature ε:S:nature αι:S:nature ο:L:position ι:S:lexicon ο:S:nature υ:L:lexicon ω:L:line_final,"τλήμονες ἐκδέχαται, πότε παύεται ὄβριμον ὕδωρ·"
The Taking of Ilios,1,198,True,LLLSSLSSLSSLSSLL,LLLSSLSSLSSLSSLL,0.0,1,2,,ω:L:nature οι:L:nature ε:L:position α:S:unknown υ:S:unknown οι:L:nature ο:S:nature ι:S:lexicon α:L:lexicon υ:S:lexicon ο:S:nature οι:L:nature ο:S:nature ο:S:nature ο:L:position ε:L:line_final,ὣς οἵγε γλαφυροῖο διὰ ξυλόχοιο θορόντες
The Taking of Ilios,1,199,True,LLLSSLSSLLLSSLL,LLLSSLSSLLLSSLL,0.0,1,1,,α:L:position η:L:nature ου:L:nature α:S:unknown ε:S:nature ο:L:position ο:S:nature ο:S:nature ου:L:nature α:L:position η:L:nature ε:S:nature α:S:lexicon αι:L:nature οι:L:line_final,ἀτλήτους ἀνέχοντο πόνους ἀκμῆτες Ἀχαιοί.
The Taking of Ilios,1,200,True,LSSLLLSSLLLSSLL,LSSLLLSSLLLSSLL,0.0,1,1,,οι:L:nature ι:S:lexicon ε:S:nature ε:L:position η:L:nature ι:L:position ε:S:nature υ:S:lexicon η:L:nature ε:L:position υ:L:unknown ο:S:nature ο:S:nature ι:L:position ου:L:line_final,τοῖσι δ’ ἐπεκλήισσε θύρην ἐγκύμονος ἵππου
The Taking of Ilios,1,201,True,LSSLLLSSLSSLSSLL,LSSLLLSSLSSLSSLL,0.0,1,3,,ι:L:position ο:S:nature α:S:unknown ε:L:position α:L:position οι:L:nature ο:S:nature ο:S:nature ου:L:nature υ:S:unknown α:S:unknown ω:L:nature ο:S:nature ο:S:nature υ:L:lexicon ευ:L:line_final,πιστὸς ἀτεκμάρτοιο δόλου πυλαωρὸς Ὀδυσσεύς.
The Taking of Ilios,1,202,True,LLLSSLSSLSSLSSLL,LLLSSLSSLSSLSSLL,0.5,1,0,correption,αυ:L:nature ο:L:position ε:L:position ε:S:nature α:S:lexicon η:L:nature+position ο:S:nature ο:S:nature ε:L:position ε:S:nature ο:S:nature ω:L:nature ε:S:nature οι:S:nature α:L:position ω:L:line_final,αὐτὸς δ’ ἐν κεφαλῇ σκοπὸς ἕζετο· τὼ δέ οἱ ἄμφω
The Taking of Ilios,1,203,True,LLLSSLSSLSSLSSLL,LLLSSLSSLSSLSSLL,0.0,1,0,,ο:L:position α:L:position ω:L:nature ο:S:nature ε:S:nature ο:L:position ε:S:nature ε:S:nature α:L:lexicon α:S:lexicon ο:S:nature ε:L:position ο:S:nature ε:S:nature ο:L:position α:L:lexicon,ὀφθαλμὼ ποθέοντες ἐλάνθανον ἐκτὸς ἐόντας.
The Taking of Ilios,1,204,True,LLLSSLSSLLLSSLL,LLLSSLSSLLLSSLL,0.0,1,1,,α:L:position ει:L:nature η:L:nature+position ε:S:nature ε:S:nature ευ:L:nature ε:S:nature υ:S:unknown ο:L:position η:L:nature+position η:L:nature α:S:properispomenon α:S:lexicon αι:L:nature ου:L:line_final,Ἀτρείδης δ’ ἐκέλευσεν ὑποδρηστῆρας Ἀχαιοὺς
The Taking of Ilios,1,205,True,LLLSSLSSLLLSSLL,LLLSSLSSLLLSSLL,0.0,1,3,,υ:L:lexicon αι:L:nature α:L:unknown ι:S:unknown ο:S:nature ε:L:position ο:S:nature ε:S:nature υ:L:position α:L:position οι:L:nature ι:S:antepenult_accent α:S:unknown ε:L:position αι:L:line_final,"λῦσαι λάινον ἕρκος ἐυγνάμπτοισι μακέλλαις,"
The Taking of Ilios,1,206,True,LSSLSSLSSLSSLSSLL,LSSLSSLSSLSSLSSLL,0.0,1,1,,ι:L:paroxytone_short_ultima ο:S:nature ο:S:nature ε:L:position ε:S:nature α:S:lexicon υ:L:position ο:S:nature ε:S:nature ε:L:position ε:S:nature ε:S:nature υ:L:position ο:S:nature α:S:unknown α:L:circumflex αι:L:line_final,"ἵππος ὅπερ κεκάλυπτο· θέλεν δέ ἑ γυμνὸν ἀᾶσαι,"
The Taking of Ilios,1,207,True,LSSLSSLSSLSSLSSLL,LSSLSSLSSLSSLSSLL,0.0,1,3,,η:L:nature ε:S:nature α:S:unknown η:L:nature ι:S:unknown α:S:unknown α:L:lexicon ι:S:lexicon ε:S:nature η:L:nature+position α:S:lexicon ι:S:lexicon α:L:lexicon α:S:lexicon ι:S:lexicon ε:L:position οι:L:line_final,τηλεφανὴς ἴνα πᾶσιν ἑὴν χάριν ἀνδράσι πέμποι.
The Taking of Ilios,1,208,True,LSSLSSLSSLSSLSSLL,LSSLSSLSSLSSLSSLL,0.0,1,2,,αι:L:nature ο:S:nature ε:S:nature ε:L:position ε:S:nature α:S:unknown αι:L:nature ο:S:nature ε:S:nature η:L:nature ο:S:nature υ:S:unknown η:L:nature α:S:lexicon ι:S:lexicon η:L:nature ο:L:line_final,καὶ τὸ μὲν ἐξελάχαινον ἐφημοσύνῃ βασιλῆος.
The Taking of Ilios,1,209,True,LSSLSSLSSLSSLSSLL,LSSLSSLSSLSSLSSLL,0.0,1,2,,η:L:nature ε:S:nature ι:S:lexicon ο:L:position ο:S:nature ε:S:nature υ:L:paroxytone_short_ultima α:S:lexicon α:S:unknown ι:L:position ι:S:unknown ο:S:nature α:L:lexicon α:S:lexicon ι:S:lexicon ε:L:position ω:L:line_final,ἠέλιος δ’ ὅτε νύκτα παλίνσκιον ἀνδράσιν ἕλκων
The Taking of Ilios,1,210,True,LSSLSSLSSLSSLSSLL,LSSLSSLSSLSSLSSLL,0.0,1,3,,ε:L:position υ:S:unknown ι:S:unknown α:L:position υ:S:unknown ο:S:nature ε:L:position α:S:antepenult_accent ε:S:nature η:L:nature ο:S:nature ο:S:nature ε:L:position α:S:lexicon ε:S:nature η:L:nature ω:L:line_final,"ἐς δύσιν ἀχλυόπεζαν ἑκηβόλον ἔτραπεν ἠῶ,"
The Taking of Ilios,1,211,True,LSSLLLSSLSSLSSLL,LSSLLLSSLSSLSSLL,0.0,1,4,,η:L:nature ο:S:nature ε:S:nature η:L:nature υ:L:lexicon ω:L:nature α:S:unknown ε:S:nature ι:L:position α:S:unknown ο:S:nature α:L:lexicon ο:S:nature α:S:unknown υ:L:unknown η:L:line_final,δὴ τότε κηρύκων ἀπεκίδνατο λαὸν ἀυτὴ
The Taking of Ilios,1,212,True,LLLSSLSSLSSLSSLL,LLLSSLSSLSSLSSLL,1.5,1,0,correption,ευ:L:nature ει:L:nature α:L:position ε:S:nature ε:S:nature ου:L:nature α:S:lexicon αι:S:nature ε:L:position ε:S:nature ε:S:nature ει:L:nature α:S:lexicon α:S:lexicon οι:L:nature η:L:line_final,φεύγειν ἀγγελέουσα καὶ ἑλκέμεν εἰς ἅλα κοίλην
The Taking of Ilios,1,213,True,LSSLLLSSLLLSSLL,LSSLLLSSLLLSSLL,0.0,1,0,,η:L:nature α:S:lexicon ε:S:nature υ:L:position αι:L:nature ου:L:nature α:S:lexicon α:S:lexicon ε:L:position υ:L:position η:L:nature ι:S:lexicon α:S:lexicon υ:L:lexicon αι:L:line_final,νῆας ἐυκραίρους ἀνά τε πρυμνήσια λῦσαι.
The Taking of Ilios,1,214,True,LSSLLLSSLSSLSSLL,LSSLLLSSLSSLSSLL,0.0,1,0,,ε:L:position α:S:lexicon ε:S:nature ευ:L:nature η:L:nature ε:L:position ο:S:nature α:S:lexicon α:L:position ο:S:nature ε:S:nature οι:L:nature υ:S:lexicon ο:S:nature ο:L:position η:L:line_final,ἔνθα δὲ πευκήεντος ἀνασχόμενοι πυρὸς ὁρμὴν
The Taking of Ilios,1,215,True,LSSLLLSSLSSLSSLL,LSSLLLSSLSSLSSLL,0.0,1,2,,ε:L:position ε:S:nature α:S:unknown ε:L:position η:L:nature α:L:position ε:S:nature ε:S:nature υ:L:position α:S:unknown ε:S:nature ω:L:nature+position ι:S:lexicon ι:S:lexicon α:L:lexicon ω:L:line_final,ἕρκεά τε πρήσαντες ἐυσταθέων κλισιάων
The Taking of Ilios,1,216,True,LSSLLLSSLLLSSLL,LSSLLLSSLLLSSLL,1.0,1,1,metrical_lengthening,ηυ:L:nature ι:S:lexicon α:S:unknown ε:L:position ω:L:nature ε:L:position ο:S:nature α:S:lexicon ο:L:nature οι:L:nature ει:L:nature α:S:paroxytone_short_ultima ο:S:nature α:L:position η:L:line_final,νηυσὶν ἀνεπλώεσκον ἀπὸ Ῥοιτειάδος ἀκτῆς
The Taking of Ilios,1,217,True,LSSLSSLSSLSSLSSLL,LSSLSSLSSLSSLSSLL,0.0,1,2,,ο:L:position ο:S:nature ε:S:nature α:L:position ι:S:unknown ε:S:nature αι:L:nature ο:S:nature ε:S:nature υ:L:position ε:S:nature α:S:unknown ου:L:nature ε:S:nature ε:S:nature οι:L:nature ο:L:line_final,ὅρμον ἐς ἀντιπέραιον ἐυστεφάνου Τενέδοιο
The Taking of Ilios,1,218,True,LSSLLLSSLSSLSSLL,LSSLLLSSLSSLSSLL,1.0,1,3,lexicon_overridden,αυ:L:nature ο:S:nature α:S:unknown α:L:position υ:L:position ο:L:position ε:S:nature υ:S:lexicon ω:L:nature α:S:unknown α:S:unknown α:L:position ι:S:paroxytone_short_ultima ο:S:nature ε:L:position η:L:line_final,γλαυκὸν ἀναπτύσσοντες ὕδωρ Ἀθαμαντίδος Ἕλλης.
The Taking of Ilios,1,219,True,LLLLLSSLSSLSSLL,LLLLLSSLSSLSSLL,0.0,1,2,,ου:L:nature ο:L:position ε:L:position η:L:nature η:L:nature ι:S:lexicon ε:S:nature ου:L:nature ι:S:unknown α:S:antepenult_accent υι:L:nature α:S:lexicon α:S:unknown α:L:position ει:L:line_final,μοῦνος δὲ πληγῇσιν ἑκούσια γυῖα χαραχθεὶς
The Taking of Ilios,1,220,True,LSSLSSLSSLSSLSSLL,LSSLSSLSSLSSLSSLL,0.0,1,6,,αι:L:nature ι:S:unknown ι:S:unknown η:L:nature ε:S:nature ε:S:nature ει:L:nature+position ο:S:nature ι:S:unknown ω:L:nature α:S:unknown α:S:unknown η:L:nature ι:S:unknown ο:S:nature η:L:nature ω:L:line_final,"Αἰσιμίδης ἐλέλειπτο Σίνων, ἀπατήλιος ἥρως,"
The Taking of Ilios,1,221,True,LSSLLLSSLLLSSLL,LSSLLLSSLLLSSLL,0.0,1,0,,υ:L:position ο:S:nature ε:S:nature ι:L:lexicon ω:L:nature ε:L:position ι:S:lexicon ο:S:nature ο:L:position αι:L:nature η:L:nature α:S:lexicon α:S:lexicon ευ:L:nature ω:L:line_final,κρυπτὸν ἐπὶ Τρώεσσι δόλον καὶ πήματα κεύθων.
The Taking of Ilios,1,222,True,LSSLSSLSSLSSLLLL,LSSLSSLSSLSSLLLL,1.5,1,3,,ω:L:nature+position ο:S:nature ο:S:nature ε:L:position α:S:unknown ι:S:unknown ε:L:position ι:S:antepenult_accent ι:S:lexicon ο:L:position ε:S:nature ι:S:unknown υ:L:position ω:L:nature α:L:position ε:L:line_final,ὡς δ’ ὁπότε σταλίκεσσι λίνον περικυκλώσαντες
The Taking of Ilios,1,223,True,LSSLSSLSSLSSLSSLL,LSSLSSLSSLSSLSSLL,0.0,1,3,,η:L:nature+position ι:S:unknown ο:S:nature ι:L:position α:S:unknown ε:S:nature ε:L:position ι:S:antepenult_accent ο:S:nature ο:L:position ο:S:nature υ:S:unknown ω:L:nature ο:S:nature ε:S:nature η:L:nature+position α:L:antepenult_accent,θηρσὶν ὀριπλανέεσσι λόχον πολυωπὸν ἔπηξαν
The Taking of Ilios,1,224,True,LSSLLLSSLSSLSSLL,LSSLLLSSLSSLSSLL,0.0,1,1,,α:L:lexicon ε:S:nature ε:S:nature α:L:position ευ:L:nature η:L:nature ε:S:nature ο:S:nature ε:L:position ι:S:unknown ο:S:nature οι:L:nature ο:S:nature α:S:lexicon α:L:position ω:L:line_final,"ἀνέρες ἀγρευτῆρες· ὁ δ’ ἐκκριδὸν οἶος ἀπ’ ἄλλων,"
The Taking of Ilios,1,225,True,LSSLSSLSSLLLSSLL,LSSLSSLSSLLLSSLL,0.0,1,5,,α:L:position ι:S:unknown ι:S:unknown ο:L:position υ:S:unknown ι:S:unknown οι:L:nature ι:S:properispomenon υ:S:lexicon ο:L:position ο:L:position οι:L:nature ι:S:antepenult_accent ε:S:nature υ:L:unknown ω:L:line_final,"λαθρίδιος πυκινοῖσιν ὑπὸ πτόρθοισι δεδυκώς,"
The Taking of Ilios,1,226,True,LSSLLLSSLLLSSLL,LSSLLLSSLLLSSLL,1.0,1,1,lexicon_overridden,ι:L:position υ:S:unknown α:S:antepenult_accent α:L:position αι:L:nature ω:L:nature ε:S:nature α:S:lexicon ε:L:position η:L:nature ο:L:position ο:S:nature ο:S:nature α:L:lexicon η:L:line_final,δίκτυα παπταίνων ἔλαθεν θηροσκόπος ἀνήρ·
The Taking of Ilios,1,227,True,LSSLLLSSLLLSSLL,LSSLLLSSLLLSSLL,0.0,1,0,,ω:L:nature+position ο:S:nature ε:S:nature ω:L:nature η:L:nature οι:L:nature ι:S:properispomenon ε:S:nature ι:L:position ι:L:position ο:L:position ε:S:nature ε:S:nature ε:L:position ι:L:antepenult_accent,ὣς τότε λωβητοῖσι περίστικτος μελέεσσι
The Taking of Ilios,1,228,True,LLLSSLSSLSSLSSLL,LLLSSLSSLSSLSSLL,0.5,1,0,correption,οι:L:nature η:L:nature υ:L:position ο:S:nature ο:S:nature ε:L:position ο:S:nature ε:S:nature η:L:nature ε:S:nature ο:S:nature α:L:lexicon ε:S:nature οι:S:nature ω:L:nature ου:L:line_final,Τροίῃ λυγρὸν ὄλεθρον ἐμήδετο. κὰδ δέ οἱ ὤμους
The Taking of Ilios,1,229,True,LSSLLLSSLSSLSSLL,LSSLLLSSLSSLSSLL,0.0,1,2,,ε:L:position ε:S:nature ι:S:antepenult_accent οι:L:nature η:L:nature οι:L:nature ι:S:properispomenon α:S:unknown ε:L:position ε:S:nature ε:S:nature η:L:nature υ:S:unknown ο:S:nature αι:L:nature α:L:lexicon,ἕλκεσι ποιητοῖσι κατέρρεε νήχυτον αἷμα.
The Taking of Ilios,1,230,True,LSSLSSLSSLSSLSSLL,LSSLSSLSSLSSLSSLL,0.0,1,0,,η:L:nature ε:S:nature ε:S:nature ι:L:lexicon ι:S:lexicon ι:S:lexicon η:L:nature ι:S:lexicon ε:S:nature αι:L:nature ε:S:nature ο:S:nature α:L:position υ:S:lexicon ι:S:lexicon η:L:nature+position ο:L:line_final,ἡ δὲ περὶ κλισίῃσιν ἐμαίνετο παννυχίη φλὸξ
The Taking of Ilios,1,231,True,LSSLSSLSSLSSLSSLL,LSSLSSLSSLSSLSSLL,0.0,1,5,,α:L:position ο:S:nature ε:S:nature ευ:L:nature ο:S:nature ε:S:nature η:L:nature ε:S:nature ι:S:unknown ι:L:unknown ε:S:nature α:S:unknown οι:L:nature α:S:unknown ι:S:unknown ι:L:lexicon η:L:line_final,καπνὸν ἐρευγομένη περιδινέα φοιτάδι ῥιπῇ·
The Taking of Ilios,1,232,True,LLLSSLSSLSSLSSLL,LLLSSLSSLSSLSSLL,0.0,1,0,,η:L:nature αι:L:nature+position ο:L:position ε:S:nature ε:S:nature ευ:L:nature ε:S:nature ε:S:nature ι:L:position ο:S:nature ο:S:nature ε:L:position ε:S:nature υ:S:lexicon ε:L:position α:L:line_final,Ἥφαιστος δ’ ἐκέλευεν ἐρίβρομος· ἐκ δὲ θυέλλας
The Taking of Ilios,1,233,True,LLLSSLSSLLLSSLL,LLLSSLSSLLLSSLL,0.5,1,1,correption,α:L:position οι:L:nature α:L:lexicon ε:S:nature ι:S:unknown α:L:position ε:S:nature ε:S:nature ι:L:position ει:L:nature ου:L:nature α:S:lexicon αι:S:nature αυ:L:nature η:L:line_final,"παντοίας ἐτίνασσεν ἐπιπνείουσα καὶ αὐτή,"
The Taking of Ilios,1,234,True,LLLSSLSSLSSLSSLL,LLLSSLSSLSSLSSLL,0.0,1,0,,η:L:nature η:L:nature α:L:lexicon α:S:lexicon α:S:lexicon οι:L:nature ο:S:nature υ:S:lexicon ο:L:position α:S:lexicon ε:S:nature ι:L:position ο:S:nature ο:S:nature η:L:nature η:L:line_final,"μήτηρ ἀθανάτοιο πυρός, φαεσίμβροτος Ἥρη."
The Taking of Ilios,1,235,True,LLLLLSSLSSLSSLL,LLLLLSSLSSLSSLL,0.5,1,3,correption,η:L:nature η:L:nature ε:L:position ω:L:nature ε:L:position ι:S:lexicon αι:S:nature ι:L:unknown ι:S:unknown α:S:unknown ε:L:position ι:S:antepenult_accent υ:S:lexicon αι:L:nature+position ι:L:lexicon,ἤδη δὲ Τρώεσσι καὶ Ἰλιάδεσσι γυναιξὶν
The Taking of Ilios,1,236,True,LSSLSSLSSLSSLSSLL,LSSLSSLSSLSSLSSLL,0.0,1,0,,ο:L:position ο:S:nature υ:S:lexicon ο:L:position ι:S:lexicon ο:S:nature ε:L:position α:S:lexicon ο:S:nature υ:L:position ο:S:nature ο:S:nature η:L:nature υ:S:lexicon ε:S:nature η:L:nature η:L:line_final,ὄρθρον ὑπὸ σκιόεντα πολύθροος ἤλυθε φήμη
The Taking of Ilios,1,237,True,LSSLLLSSLLLSSLL,LSSLLLSSLLLSSLL,0.0,1,1,,η:L:nature ι:S:unknown ο:S:nature α:L:position ε:L:position ου:L:nature α:S:antepenult_accent ο:S:nature ο:L:position η:L:nature α:L:position ο:S:nature ι:S:lexicon α:L:position ω:L:line_final,δήιον ἀγγέλλουσα φόβον σημάντορι καπνῷ.
The Taking of Ilios,1,238,True,LSSLSSLSSLSSLSSLL,LSSLSSLSSLSSLSSLL,1.0,1,1,lexicon_overridden,αυ:L:nature ι:S:lexicon α:S:lexicon ε:L:position ε:S:nature ο:S:nature ο:L:position υ:S:lexicon ε:S:nature ω:L:nature+position ε:S:nature α:S:unknown α:L:position ε:S:nature ο:S:nature η:L:nature α:L:lexicon,αὐτίκα δ’ ἐξέθορον πυλέων πετάσαντες ὀχῆας
The Taking of Ilios,1,239,True,LLLLLSSLSSLSSLL,LLLLLSSLSSLSSLL,1.5,1,0,correption,ε:L:position οι:L:nature ι:L:position η:L:nature ε:L:position ε:S:nature αι:S:nature ε:L:position ε:S:nature ι:S:lexicon ο:L:position ο:S:nature ε:S:nature ο:L:position ο:L:line_final,πεζοί θ’ ἱππῆές τε καὶ ἐς πεδίον προχέοντο
The Taking of Ilios,1,240,True,LSSLLLSSLSSLSSLL,LSSLLLSSLSSLSSLL,0.0,1,0,,ι:L:position ο:S:nature ε:S:nature οι:L:nature η:L:nature ου:L:nature ι:S:lexicon ε:S:nature η:L:nature+position ο:S:nature ο:S:nature α:L:paroxytone_short_ultima ο:S:nature α:S:lexicon αι:L:nature ω:L:line_final,"διζόμενοι, μή τού τις ἔην δόλος ἄλλος Ἀχαιῶν."
The Taking of Ilios,1,241,True,LSSLLLSSLLLSSLL,LSSLLLSSLLLSSLL,0.0,1,2,,οι:L:nature ε:S:nature ο:S:nature ου:L:nature ου:L:nature η:L:nature α:S:lexicon υ:S:unknown ο:L:position ευ:L:nature+position α:L:position ε:S:nature α:S:unknown η:L:nature αι:L:line_final,οἱ δὲ θοοὺς οὐρῆας ὑποζεύξαντες ἀπήναις
The Taking of Ilios,1,242,True,LSSLSSLSSLSSLSSLL,LSSLSSLSSLSSLSSLL,0.0,1,1,,ε:L:position ο:S:nature ι:S:lexicon ο:L:position α:S:unknown ε:S:nature αι:L:nature ο:S:nature α:S:lexicon α:L:lexicon ι:S:lexicon α:S:lexicon ω:L:nature α:S:lexicon ι:S:lexicon η:L:nature ι:L:lexicon,ἐκ πόλιος κατέβαινον ἅμα Πριάμῳ βασιλῆι
The Taking of Ilios,1,243,True,LLLSSLSSLSSLSSLL,LLLSSLSSLSSLSSLL,0.0,1,1,,α:L:paroxytone_short_ultima οι:L:nature η:L:nature ο:S:nature ε:S:nature ο:L:position ε:S:nature ε:S:nature α:L:position ο:S:nature α:S:unknown οι:L:nature ε:S:nature ε:S:nature ο:L:position ο:L:line_final,ἄλλοι δημογέροντες· ἐλαφρότατοι δ’ ἐγένοντο
The Taking of Ilios,1,244,True,LSSLSSLSSLSSLSSLL,LSSLSSLSSLSSLSSLL,1.0,1,1,lexicon_overridden,α:L:position ο:S:nature ε:S:nature οι:L:nature ε:S:nature ι:S:lexicon αι:L:nature ι:S:lexicon ο:S:nature ου:L:nature+position ι:S:lexicon ε:S:nature οι:L:nature ι:S:unknown ο:S:nature α:L:lexicon η:L:line_final,"θαλπόμενοι περὶ παισίν, ὅσους λίπε φοίνιος Ἄρης,"
The Taking of Ilios,1,245,True,LSSLLLSSLSSLSSLL,LSSLLLSSLSSLSSLL,0.0,1,0,,ο:L:position ο:S:nature ε:S:nature οι:L:nature αι:L:nature η:L:nature α:S:lexicon ε:S:nature ευ:L:nature ε:S:nature ο:S:nature ου:L:nature ε:S:nature ε:S:nature ε:L:position ο:L:line_final,ὀσσόμενοι καὶ γῆρας ἐλεύθερον· οὐ μὲν ἔμελλον
The Taking of Ilios,1,246,True,LLLSSLSSLSSLSSLL,LLLSSLSSLSSLSSLL,0.0,1,0,,η:L:nature η:L:nature ει:L:nature ε:S:nature ι:S:lexicon η:L:nature ο:S:nature ε:S:nature ει:L:nature ι:S:lexicon ο:S:nature η:L:nature ε:S:nature ε:S:nature ου:L:nature η:L:line_final,"γηθήσειν ἐπὶ δηρόν, ἐπεὶ Διὸς ἤθελε βουλή."
The Taking of Ilios,1,247,True,LSSLLLSSLSSLSSLL,LSSLLLSSLSSLSSLL,0.0,1,0,,οι:L:nature ο:S:nature ε:S:nature ε:L:position η:L:nature ε:L:position ο:S:nature ι:S:lexicon ο:L:position ε:S:nature α:S:lexicon αι:L:nature ο:S:nature ο:S:nature ι:L:position ου:L:line_final,"οἱ δ’ ὅτε τεχνήεντος ἴδον δέμας αἰόλον ἵππου,"
The Taking of Ilios,1,248,True,LSSLSSLSSLLLSSLL,LSSLSSLSSLLLSSLL,0.0,1,4,,αυ:L:nature α:S:unknown α:S:antepenult_accent α:L:position ι:S:unknown υ:S:unknown ε:L:position ε:S:nature α:S:unknown η:L:nature η:L:nature ε:L:position ε:S:nature ι:S:lexicon ο:L:position ε:L:line_final,"θαύμασαν ἀμφιχυθέντες, ἅτ’ ἠχήεντες ἰδόντες"
The Taking of Ilios,1,249,True,LSSLLLSSLLLSSLL,LSSLLLSSLLLSSLL,0.0,1,0,,αι:L:nature ε:S:nature ο:S:nature α:L:position η:L:nature ε:L:position α:S:antepenult_accent ε:S:nature ι:L:position α:L:position ου:L:nature ι:S:antepenult_accent ο:S:nature οι:L:nature οι:L:line_final,αἰετὸν ἀλκήεντα περικλάζουσι κολοιοί.
The Taking of Ilios,1,250,True,LSSLLLSSLSSLSSLL,LSSLLLSSLSSLSSLL,0.5,1,1,correption,οι:L:nature ι:S:lexicon ε:S:nature ε:L:position η:L:nature υι:L:nature α:S:lexicon αι:S:nature α:L:position ι:S:unknown ο:S:nature ε:L:position ε:S:nature ε:S:nature ου:L:nature η:L:line_final,τοῖσι δὲ τετρηχυῖα καὶ ἄκριτος ἔμπεσε βουλή·
The Taking of Ilios,1,251,True,LLLSSLSSLSSLLLL,LLLSSLSSLSSLLLL,1.5,1,3,,οι:L:nature ε:L:position α:L:lexicon ο:S:nature ε:S:nature ω:L:nature α:S:unknown υ:S:unknown ε:L:position ε:S:nature ι:S:unknown ε:L:position η:L:nature ω:L:nature ε:L:line_final,"οἱ μὲν γὰρ πολέμῳ βαρυπενθέι κεκμηῶτες,"
The Taking of Ilios,1,252,True,LSSLLLSSLSSLSSLL,LSSLLLSSLSSLSSLL,0.0,1,1,,ι:L:paroxytone_short_ultima ο:S:nature α:S:unknown ε:L:position η:L:nature α:L:position ε:S:nature ε:S:nature ει:L:nature ε:S:nature ε:S:nature ε:L:position ο:S:nature α:S:lexicon αι:L:nature ω:L:line_final,"ἵππον ἀπεχθήραντες, ἐπεὶ πέλεν ἔργον Ἀχαιῶν,"
The Taking of Ilios,1,253,True,LSSLSSLSSLLLSSLL,LSSLSSLSSLLLSSLL,0.0,1,2,,η:L:nature ε:S:nature ο:S:nature η:L:nature ο:S:nature ι:S:unknown οι:L:nature ι:S:properispomenon ε:S:nature ι:L:lexicon η:L:nature+position οι:L:nature ι:S:properispomenon α:S:unknown α:L:paroxytone_short_ultima αι:L:line_final,ἤθελον ἢ δολιχοῖσιν ἐπὶ κρημνοῖσιν ἀράξαι
The Taking of Ilios,1,254,True,LSSLSSLSSLLLSSLL,LSSLSSLSSLLLSSLL,0.5,1,2,correption,η:L:nature ε:S:nature αι:S:nature α:L:position ι:S:unknown ο:S:nature οι:L:nature ι:S:antepenult_accent ι:S:unknown α:L:position η:L:nature+position αι:L:nature ε:S:nature ε:S:nature ε:L:position ι:L:antepenult_accent,ἠὲ καὶ ἀμφιτόμοισι διαρρῆξαι πελέκεσσιν·
The Taking of Ilios,1,255,True,LSSLLLSSLSSLSSLL,LSSLLLSSLSSLSSLL,0.0,1,1,,οι:L:nature ε:S:nature ε:S:nature ο:L:position ε:L:position οι:L:nature ο:S:nature ε:S:nature οι:L:nature ο:S:nature ε:S:nature ε:L:position α:S:unknown ι:S:antepenult_accent ε:L:position η:L:line_final,οἱ δὲ νεοξέστοιο πεποιθότες ἔργμασι τέχνης
The Taking of Ilios,1,256,True,LSSLSSLSSLSSLSSLL,LSSLSSLSSLSSLSSLL,0.0,1,1,,α:L:lexicon α:S:lexicon α:S:lexicon οι:L:nature ε:S:nature ε:S:nature ευ:L:nature ο:S:nature α:S:lexicon η:L:nature ι:S:lexicon ο:S:nature ι:L:paroxytone_short_ultima ο:S:nature α:S:unknown α:L:paroxytone_short_ultima αι:L:line_final,"ἀθανάτοις ἐκέλευον ἀρήιον ἵππον ἀνάψαι,"
The Taking of Ilios,1,257,True,LSSLLLSSLLLSSLL,LSSLLLSSLLLSSLL,0.0,1,1,,υ:L:position ε:S:nature ο:S:nature α:L:position ει:L:nature οι:L:nature ο:S:nature ο:S:nature ου:L:nature η:L:nature η:L:nature ι:S:unknown ο:S:nature ει:L:nature αι:L:line_final,ὕστερον Ἀργείοιο μόθου σημήιον εἶναι.
The Taking of Ilios,1,258,True,LSSLSSLSSLSSLSSLL,LSSLSSLSSLSSLSSLL,0.0,1,1,,α:L:position ο:S:nature ε:S:nature οι:L:nature+position ε:S:nature ι:S:lexicon οι:L:nature ι:S:lexicon α:S:unknown αι:L:nature ο:S:nature α:S:antepenult_accent υι:L:nature α:S:lexicon ο:S:nature ι:L:position ω:L:line_final,φραζομένοις δ’ ἐπὶ τοῖσι παναίολα γυῖα κομίζων
The Taking of Ilios,1,259,True,LSSLSSLSSLSSLSSLL,LSSLSSLSSLSSLSSLL,1.0,1,1,lexicon_overridden,υ:L:position ο:S:nature υ:S:lexicon ε:L:position ε:S:nature ι:S:lexicon οι:L:nature ο:S:nature α:S:lexicon η:L:nature ε:S:nature α:S:unknown ω:L:nature ε:S:nature ο:S:nature α:L:lexicon η:L:line_final,γυμνὸς ὑπὲρ πεδίοιο φάνη κεκακωμένος ἀνήρ·
The Taking of Ilios,1,260,True,LSSLLLSSLSSLLLL,LSSLLLSSLSSLLLL,1.5,1,3,,αι:L:nature α:S:lexicon ι:S:lexicon ε:L:position ω:L:nature ι:L:position ε:S:nature α:S:unknown ει:L:nature ε:S:nature ι:S:unknown ε:L:position ι:L:unknown υι:L:nature αι:L:line_final,αἵματι δὲ σμώδιγγες ἀεικέϊ βεβριθυῖαι
The Taking of Ilios,1,261,True,LSSLLLSSLSSLSSLL,LSSLLLSSLSSLSSLL,0.0,1,2,,ι:L:position ι:S:lexicon α:S:lexicon ω:L:nature η:L:nature ε:L:position α:S:antepenult_accent ο:S:nature ω:L:nature α:S:unknown ε:S:nature αι:L:nature ο:S:nature ι:S:unknown α:L:position ω:L:line_final,ἴχνια λωβήεντα θοῶν ἀνέφαινον ἱμάντων.
The Taking of Ilios,1,262,True,LSSLSSLSSLSSLSSLL,LSSLSSLSSLSSLSSLL,0.0,1,0,,αυ:L:nature ι:S:lexicon α:S:lexicon ε:L:position ι:S:lexicon α:S:lexicon οι:L:nature ο:S:nature ο:S:nature ω:L:nature+position ο:S:nature α:S:lexicon οι:L:nature ε:S:nature ε:S:nature υ:L:position ει:L:line_final,αὐτίκα δὲ Πριάμοιο ποδῶν προπάροιθεν ἐλυσθεὶς
The Taking of Ilios,1,263,True,LSSLSSLSSLLLSSLL,LSSLSSLSSLLLSSLL,0.0,1,2,,ι:L:unknown ε:S:nature ι:S:paroxytone_short_ultima αι:L:nature+position α:S:lexicon α:S:lexicon η:L:nature ι:S:lexicon α:S:unknown αι:L:nature ω:L:nature η:L:nature+position α:S:lexicon ο:S:nature ου:L:nature ω:L:line_final,"ἱκεσίαις παλάμῃσι παλαιῶν ἥψατο γούνων,"
The Taking of Ilios,1,264,True,LSSLSSLSSLSSLSSLL,LSSLSSLSSLSSLSSLL,0.0,1,0,,ι:L:lexicon ο:S:nature ε:S:nature ο:L:position ε:S:nature ε:S:nature ο:L:position α:S:lexicon ο:S:nature ο:L:position ο:S:nature ο:S:nature ι:L:lexicon α:S:lexicon ε:S:nature υ:L:lexicon ο:L:line_final,λισσόμενος δὲ γέροντα δολοπλόκον ἴαχε μῦθον·
The Taking of Ilios,1,265,True,LSSLLLSSLSSLSSLL,LSSLLLSSLSSLSSLL,0.0,1,0,,α:L:lexicon α:S:lexicon ε:S:nature α:L:position ει:L:nature οι:L:nature ι:S:lexicon ο:S:nature ο:L:position ο:S:nature ο:S:nature ει:L:nature ε:S:nature ε:S:nature αι:L:nature ει:L:line_final,"ἄνδρα μὲν Ἀργείοισιν ὁμόπλοον εἴ μ’ ἐλεαίρεις,"
The Taking of Ilios,1,266,True,LLLLLSSLSSLSSLL,LLLLLSSLSSLSSLL,1.5,1,0,correption;metrical_lengthening,ω:L:nature ω:L:nature+position ε:L:nature υ:L:position η:L:nature α:S:properispomenon αι:S:nature α:L:position ε:S:nature ο:S:nature ει:L:nature ε:S:nature α:S:lexicon ω:L:nature ει:L:line_final,"Τρώων δὲ ῥυστῆρα καὶ ἄστεος εἴ με σαώσεις,"
The Taking of Ilios,1,267,True,LSSLLLSSLSSLSSLL,LSSLLLSSLSSLSSLL,0.5,1,0,correption,α:L:position α:S:lexicon ι:S:lexicon η:L:nature+position η:L:nature+position ου:L:nature ε:S:nature αι:S:nature υ:L:position α:S:lexicon ο:S:nature ε:L:position ο:S:nature α:S:lexicon αι:L:nature ω:L:line_final,"Δαρδανίδη σκηπτοῦχε, καὶ ὕστατον ἐχθρὸν Ἀχαιῶν—"
The Taking of Ilios,1,268,True,LSSLLLSSLSSLSSLL,LSSLLLSSLSSLSSLL,0.0,1,0,,οι:L:nature α:S:lexicon ε:S:nature ω:L:nature η:L:nature α:L:position ο:S:nature ε:S:nature ω:L:nature ο:S:nature ι:S:lexicon ου:L:nature α:S:lexicon ε:S:nature ο:L:position ε:L:line_final,οἷά με λωβήσαντο θεῶν ὄπιν οὐκ ἀλέγοντες
The Taking of Ilios,1,269,True,LSSLLLSSLSSLSSLL,LSSLLLSSLSSLSSLL,0.5,1,2,correption,ου:L:nature ε:S:nature α:S:unknown ι:L:position αι:L:nature ο:L:position α:S:antepenult_accent α:S:lexicon οι:L:nature αι:S:nature α:S:unknown η:L:nature ε:S:nature ε:S:nature αι:L:nature ει:L:line_final,"οὐδὲν ἀλιτραίνοντα, κακοὶ καὶ ἀπηνέες αἰεί·"
The Taking of Ilios,1,270,True,LSSLLLSSLSSLSSLL,LSSLLLSSLSSLSSLL,0.0,1,1,,ω:L:nature+position ε:S:nature α:S:lexicon ι:L:lexicon η:L:nature ο:L:position ε:S:nature α:S:lexicon η:L:nature+position α:S:unknown α:S:antepenult_accent αι:L:nature α:S:lexicon ι:S:lexicon α:L:lexicon ο:L:line_final,"ὣς μέν Ἀχιλλῆος γέρας ἥρπασαν Αἰακίδαο,"
The Taking of Ilios,1,271,True,LSSLLLSSLSSLSSLL,LSSLLLSSLSSLSSLL,0.0,1,1,,ω:L:nature+position ε:S:nature ι:S:unknown ο:L:position η:L:nature η:L:nature ε:S:nature ι:S:lexicon ο:L:position ε:S:nature ε:S:nature η:L:nature ε:S:nature ο:S:nature υ:L:position ω:L:line_final,"ὣς δὲ Φιλοκτήτην ἔλιπον πεπεδημένον ὕδρῳ,"
The Taking of Ilios,1,272,True,LLLSSLSSLSSLSSLL,LLLSSLSSLSSLSSLL,0.5,1,2,correption,ε:L:position ει:L:nature α:L:antepenult_accent ε:S:nature αι:S:nature αυ:L:nature ο:S:nature α:S:lexicon α:L:lexicon α:S:lexicon ε:S:nature οι:L:nature α:S:unknown α:S:unknown η:L:nature η:L:line_final,ἔκτειναν δὲ καὶ αὐτὸν ἀγασσάμενοι Παλαμήδην.
The Taking of Ilios,1,273,True,LLLSSLSSLSSLSSLL,LLLSSLSSLSSLSSLL,0.5,1,2,correption,αι:L:nature υ:L:lexicon οι:L:nature α:S:lexicon ε:S:nature ε:L:position α:S:antepenult_accent α:S:unknown α:L:position α:S:unknown οι:S:nature ου:L:nature ε:S:nature α:S:lexicon ευ:L:nature ει:L:line_final,"καὶ νῦν οἷά μ’ ἔρεξαν ἀτάσθαλοι, οὕνεκα φεύγειν"
The Taking of Ilios,1,274,True,LSSLLLSSLSSLSSLL,LSSLLLSSLSSLSSLL,0.0,1,0,,ου:L:nature ε:S:nature ε:S:nature ο:L:position υ:L:lexicon οι:L:nature ι:S:lexicon ε:S:nature ει:L:nature+position ε:S:nature ε:S:nature ευ:L:nature ο:S:nature ε:S:nature αι:L:nature ου:L:line_final,"οὐκ ἔθελον σὺν τοῖσι, μένειν δ’ ἐκέλευον ἑταίρους·"
The Taking of Ilios,1,275,True,LSSLLLSSLSSLSSLL,LSSLLLSSLSSLSSLL,0.0,1,3,,οι:L:nature ε:S:nature ο:S:nature ο:L:position η:L:nature ε:L:position ι:S:antepenult_accent α:S:unknown α:L:position α:S:unknown ι:S:unknown η:L:nature ι:S:antepenult_accent α:S:lexicon ε:L:position ε:L:line_final,οἱ δὲ νοοπλήγεσσιν ἀτασθαλίῃσι δαμέντες
The Taking of Ilios,1,276,True,LSSLSSLSSLSSLSSLL,LSSLSSLSSLSSLSSLL,0.0,1,5,,ει:L:nature α:S:lexicon α:S:lexicon ε:L:position α:S:unknown ε:S:nature υ:L:unknown α:S:antepenult_accent α:S:unknown ει:L:nature ε:S:nature ι:S:unknown η:L:nature ι:S:antepenult_accent ι:S:unknown α:L:paroxytone_short_ultima αι:L:line_final,"εἵματα μέν μ’ ἀπέδυσαν, ἀεικελίῃσι δ’ ἱμάσθλαις"
The Taking of Ilios,1,277,True,LSSLLLSSLLLSSLL,LSSLLLSSLLLSSLL,0.0,1,0,,α:L:lexicon ε:S:nature α:S:lexicon ου:L:nature η:L:nature α:L:position ε:S:nature ε:S:nature ι:L:lexicon ει:L:nature η:L:nature ι:S:lexicon ο:S:nature α:L:position η:L:line_final,πᾶν δέμας οὐτήσαντες ἐπὶ ξείνῃ λίπον ἀκτῇ.
The Taking of Ilios,1,278,True,LSSLSSLSSLSSLSSLL,LSSLSSLSSLSSLSSLL,0.0,1,2,,α:L:position α:S:lexicon α:S:lexicon α:L:lexicon ε:S:nature υ:S:lexicon α:L:position ο:S:nature ι:S:lexicon ο:L:position ε:S:nature α:S:lexicon ι:L:unknown ε:S:nature ι:S:unknown οι:L:nature ο:L:line_final,"ἀλλά, μάκαρ, πεφύλαξο Διὸς σέβας ἱκεσίοιο·"
The Taking of Ilios,1,279,True,LSSLLLSSLSSLSSLL,LSSLLLSSLSSLSSLL,1.5,1,0,correption,α:L:paroxytone_short_ultima α:S:lexicon α:S:lexicon α:L:position ει:L:nature οι:L:nature ι:S:lexicon ε:S:nature η:L:nature ο:S:nature αι:S:nature ει:L:nature ε:S:nature ε:S:nature α:L:lexicon η:L:line_final,"χάρμα γὰρ Ἀργείοισι γενήσομαι, εἴ κεν ἐάσῃς"
The Taking of Ilios,1,280,True,LSSLLLSSLLLSSLL,LSSLLLSSLLLSSLL,0.0,1,0,,ε:L:position ι:S:lexicon υ:S:lexicon ο:L:position ω:L:nature ω:L:nature ι:S:lexicon ε:S:nature η:L:nature+position αι:L:nature+position ει:L:nature ο:S:nature ο:S:nature ε:L:position αι:L:line_final,χερσὶν ὕπο Τρώων ἱκέτην καὶ ξεῖνον ὀλέσθαι.
The Taking of Ilios,1,281,True,LSSLLLSSLSSLSSLL,LSSLLLSSLSSLSSLL,0.5,1,1,correption,αυ:L:nature α:S:lexicon ε:S:nature ω:L:nature α:L:lexicon ε:L:position ι:S:lexicon ε:S:nature α:L:position ι:S:unknown ο:S:nature ε:L:position ο:S:nature αι:S:nature υ:L:lexicon ι:L:lexicon,αὐτὰρ ἐγὼ πάντεσσιν ἐπάρκιος ἔσσομαι ὑμῖν
The Taking of Ilios,1,282,True,LSSLLLSSLSSLSSLL,LSSLLLSSLSSLSSLL,0.0,1,2,,η:L:nature ε:S:nature ι:S:lexicon ει:L:nature αι:L:nature ει:L:nature+position ο:S:nature ε:S:nature ο:L:position α:S:unknown ι:S:unknown ο:L:position ο:S:nature α:S:lexicon αι:L:nature ω:L:line_final,μηκέτι δειμαίνειν πόλεμον παλίνορσον Ἀχαιῶν.
The Taking of Ilios,1,283,True,LSSLSSLSSLLLSSLL,LSSLSSLSSLLLSSLL,0.0,1,3,,ω:L:nature+position α:S:lexicon ο:S:nature ο:L:position ο:S:nature ε:S:nature ω:L:nature α:S:unknown α:S:unknown η:L:nature ει:L:nature ι:L:position α:S:unknown ο:S:nature ω:L:nature η:L:line_final,ὣς φάτο· τὸν δ’ ὁ γέρων ἀγανῇ μειλίξατο φωνῇ·
The Taking of Ilios,1,284,True,LSSLLLSSLSSLSSLL,LSSLLLSSLSSLSSLL,0.0,1,0,,ει:L:nature ε:S:nature ε:S:nature ε:L:position ω:L:nature ε:L:position ι:S:lexicon ε:S:nature ι:L:position ε:S:nature ο:S:nature ου:L:nature ε:S:nature ε:S:nature οι:L:nature ε:L:line_final,"ξεῖνε, σὲ μὲν Τρώεσσι μεμιγμένον οὐκέτ’ ἔοικε"
The Taking of Ilios,1,285,True,LSSLSSLSSLSSLSSLL,LSSLSSLSSLSSLSSLL,0.0,1,2,,α:L:paroxytone_short_ultima ο:S:nature ε:S:nature ει:L:nature ε:S:nature υ:S:lexicon ε:L:position α:S:lexicon α:S:unknown α:L:position ι:S:unknown ο:S:nature υ:L:paroxytone_short_ultima ι:S:lexicon α:S:lexicon αι:L:nature ω:L:line_final,τάρβος ἔχειν· ἔφυγες γὰρ ἀνάρσιον ὕβριν Ἀχαιῶν.
The Taking of Ilios,1,286,True,LLLSSLSSLSSLSSLL,LLLSSLSSLSSLSSLL,0.5,1,0,correption,αι:L:nature ει:L:nature η:L:nature ε:S:nature ε:S:nature ο:L:position ι:S:lexicon ο:S:nature ε:L:position ε:S:nature αι:S:nature ου:L:nature ε:S:nature ε:S:nature α:L:position η:L:line_final,"αἰεὶ δ’ ἡμέτερος φίλος ἔσσεαι, οὐδέ σε πάτρης"
The Taking of Ilios,1,287,True,LSSLSSLSSLSSLSSLL,LSSLSSLSSLSSLSSLL,0.0,1,1,,ου:L:nature ε:S:nature ο:S:nature υ:L:position ε:S:nature α:S:unknown ω:L:nature+position α:S:lexicon α:S:lexicon ω:L:nature+position υ:S:lexicon υ:S:lexicon ι:L:lexicon ε:S:nature ο:S:nature αι:L:nature ει:L:line_final,οὐδὲ πολυκτεάνων θαλάμων γλυκὺς ἵμερος αἱρεῖ.
The Taking of Ilios,1,288,True,LSSLSSLSSLSSLSSLL,LSSLSSLSSLSSLSSLL,1.5,1,0,correption,α:L:position α:S:lexicon ε:S:nature αι:L:nature υ:S:lexicon οι:S:nature ει:L:nature ε:S:nature ι:S:lexicon οι:L:nature ο:S:nature ε:S:nature αυ:L:nature α:S:lexicon ε:S:nature υ:L:lexicon αι:L:line_final,"ἀλλ’ ἄγε καὶ σύ μοι εἰπέ, τί τοι τόδε θαῦμα τέτυκται,"
The Taking of Ilios,1,289,True,LSSLLLSSLSSLSSLL,LSSLLLSSLSSLSSLL,0.0,1,1,,ι:L:paroxytone_short_ultima ο:S:nature α:S:unknown ει:L:nature ι:L:position οι:L:nature ο:S:nature ο:S:nature ου:L:nature ε:S:nature α:S:lexicon ει:L:nature ε:S:nature ε:S:nature ει:L:nature ο:L:line_final,"ἵππος, ἀμειλίκτοιο φόβου τέρας· εἰπὲ δὲ σεῖο"
The Taking of Ilios,1,290,True,LSSLSSLSSLSSLSSLL,LSSLSSLSSLSSLSSLL,0.0,1,0,,ου:L:nature ο:S:nature α:S:lexicon αι:L:nature ε:S:nature ε:S:nature η:L:nature ο:S:nature ο:S:nature ε:L:position ε:S:nature ε:S:nature η:L:nature ε:S:nature ε:S:nature ει:L:nature α:L:lexicon,"οὔνομα καὶ γενεήν, ὁπόθεν δέ σε νῆες ἔνεικαν."
The Taking of Ilios,1,291,True,LSSLLLSSLSSLSSLL,LSSLLLSSLSSLSSLL,0.0,1,3,,ο:L:position ε:S:nature ι:S:unknown α:L:position η:L:nature α:L:position ο:S:nature ε:S:nature η:L:nature ο:S:nature υ:S:unknown η:L:nature α:S:unknown ο:S:nature η:L:nature ω:L:line_final,τὸν δ’ ἐπιθαρσήσας προσέφη πολυμήχανος ἥρως·
The Taking of Ilios,1,292,True,LSSLLLSSLSSLSSLL,LSSLLLSSLSSLSSLL,0.0,1,0,,ε:L:position ε:S:nature ε:S:nature ω:L:nature αι:L:nature αυ:L:nature α:S:lexicon υ:S:lexicon α:L:lexicon ε:S:nature ε:S:nature ο:L:position α:S:lexicon ε:S:nature ευ:L:nature ει:L:line_final,ἐξερέω καὶ ταῦτα· σὺ γάρ μ’ ἐθέλοντα κελεύεις.
The Taking of Ilios,1,293,True,LLLSSLSSLSSLSSLL,LLLSSLSSLSSLSSLL,0.5,1,1,correption,α:L:position ο:L:position οι:L:nature ο:S:nature ι:S:lexicon ε:L:position ι:S:lexicon ι:S:unknown ω:L:nature+position ε:S:nature οι:S:nature ου:L:nature ο:S:nature α:S:lexicon ει:L:nature αι:L:line_final,"ἄργός μοι πόλις ἐστί, Σίνων δέ μοι οὔνομα κεῖται·"
The Taking of Ilios,1,294,True,LSSLSSLSSLSSLSSLL,LSSLSSLSSLSSLSSLL,0.0,1,0,,αι:L:nature ι:S:lexicon ο:S:nature αυ:L:nature α:S:lexicon ε:S:nature ου:L:nature ι:S:lexicon ε:S:nature ο:L:position ο:S:nature ι:S:lexicon ο:L:position ε:S:nature ε:S:nature η:L:nature α:L:properispomenon,αἴσιμον αὖ καλέουσιν ἐμὸν πολιὸν γενετῆρα·
The Taking of Ilios,1,295,True,LLLLLSSLSSLSSLL,LLLLLSSLSSLSSLL,0.0,1,2,,ι:L:paroxytone_short_ultima ο:L:position α:L:position ει:L:nature οι:L:nature ι:S:lexicon α:S:unknown αι:L:nature α:S:unknown ο:S:nature ευ:L:nature ε:S:nature ε:S:nature ει:L:nature ο:L:line_final,ἵππον δ’ Ἀργείοισι παλαίφατον εὗρεν Ἐπειός·
The Taking of Ilios,1,296,True,LLLSSLSSLLLSSLL,LLLSSLSSLLLSSLL,0.0,1,0,,ει:L:nature ε:L:position α:L:lexicon ι:S:lexicon ε:S:nature α:L:circumflex ε:S:nature ε:S:nature ει:L:nature αυ:L:nature ου:L:nature ε:S:nature ι:S:lexicon ω:L:nature η:L:line_final,"εἰ μὲν γάρ μιν ἐᾶτε μένειν αὐτοῦ ἐνὶ χώρῃ,"
The Taking of Ilios,1,297,True,LLLSSLSSLSSLSSLL,LLLSSLSSLSSLSSLL,0.0,1,0,,οι:L:nature η:L:nature+position ε:L:position α:S:lexicon ο:S:nature ε:L:position ι:S:lexicon ε:S:nature ει:L:nature+position ο:S:nature ι:S:lexicon ε:L:position ο:S:nature α:S:lexicon αι:L:nature ω:L:line_final,Τροίην θέσφατόν ἐστιν ἑλεῖν πόλιν ἔγχος Ἀχαιῶν·
The Taking of Ilios,1,298,True,LSSLSSLSSLLLSSLL,LSSLSSLSSLLLSSLL,0.0,1,0,,ει:L:nature ε:S:nature ι:S:lexicon α:L:position ο:S:nature α:S:lexicon α:L:position α:S:lexicon α:S:lexicon η:L:nature η:L:nature οι:L:nature ι:S:properispomenon α:S:lexicon η:L:nature η:L:line_final,"εἰ δέ μιν ἁγνὸν ἄγαλμα λάβῃ νηοῖσιν Ἀθήνη,"
The Taking of Ilios,1,299,True,LLLSSLSSLLLSSLL,LLLSSLSSLLLSSLL,0.0,1,3,,ευ:L:nature+position ο:L:position αι:L:nature+position ο:S:nature υ:S:unknown ο:L:position ε:S:nature α:S:unknown η:L:nature υ:L:paroxytone_short_ultima οι:L:nature ε:S:nature α:S:unknown ε:L:position οι:L:line_final,φεύξονται προφυγόντες ἀνηνύστοις ἐπ’ ἀέθλοις.
The Taking of Ilios,1,300,True,LSSLLLSSLSSLSSLL,LSSLLLSSLSSLSSLL,0.0,1,0,,α:L:position α:S:lexicon ε:S:nature η:L:nature ει:L:nature η:L:nature ι:S:properispomenon ε:S:nature ι:L:position ο:S:nature ο:S:nature α:L:position ι:S:lexicon α:S:lexicon ο:L:position ε:L:line_final,ἀλλ’ ἄγε δὴ σειρῇσι περίπλοκον ἀμφιβαλόντες
The Taking of Ilios,1,301,True,LSSLSSLSSLLLSSLL,LSSLSSLSSLLLSSLL,0.0,1,2,,ε:L:position ε:S:nature ε:S:nature α:L:position ο:S:nature ο:S:nature ι:L:antepenult_accent ε:S:nature α:S:lexicon η:L:nature+position υ:L:unknown η:L:nature ι:S:unknown ο:S:nature ι:L:paroxytone_short_ultima ο:L:line_final,ἕλκετ’ ἐς ἀκρόπολιν μεγάλην χρυσήνιον ἵππον·
The Taking of Ilios,1,302,True,LSSLLLSSLSSLSSLL,LSSLLLSSLSSLSSLL,0.0,1,1,,α:L:paroxytone_short_ultima ι:S:lexicon α:S:lexicon η:L:nature αι:L:nature η:L:nature ε:S:nature υ:S:unknown ι:L:position ο:S:nature ι:S:antepenult_accent η:L:nature ε:S:nature ο:S:nature ευ:L:nature οι:L:line_final,ἄμμι δ’ Ἀθηναίη ἐρυσίπτολις ἡγεμονεύοι
The Taking of Ilios,1,303,True,LSSLLLSSLSSLSSLL,LSSLLLSSLSSLSSLL,0.5,1,3,correption,αι:L:nature α:S:lexicon ε:S:nature ο:L:position ευ:L:nature ου:L:nature α:S:antepenult_accent α:S:unknown ει:L:nature α:S:unknown α:S:unknown η:L:nature α:S:antepenult_accent αι:S:nature αυ:L:nature η:L:line_final,δαιδάλεον σπεύδουσα λαβεῖν ἀνάθημα καὶ αὐτή.
The Taking of Ilios,1,304,True,LSSLLLSSLSSLSSLL,LSSLLLSSLSSLSSLL,0.0,1,1,,ω:L:nature α:S:lexicon ε:S:nature η:L:nature αι:L:nature ο:L:position ε:S:nature α:S:lexicon α:L:lexicon ε:S:nature ε:S:nature ευ:L:nature ε:S:nature α:S:unknown ο:L:position α:L:line_final,ὣς ἄρ’ ἔφη· καὶ τὸν μὲν ἄναξ ἐκέλευσε λαβόντα
The Taking of Ilios,1,305,True,LLLLLSSLSSLSSLL,LLLLLSSLSSLSSLL,0.0,1,2,,ε:L:position α:L:lexicon αι:L:nature+position αι:L:nature α:L:lexicon ε:S:nature ι:S:unknown ω:L:nature α:S:unknown ε:S:nature οι:L:nature ε:S:nature ο:S:nature ει:L:nature αι:L:line_final,"ἕσσασθαι χλαῖνάν τε χιτῶνά τε, τοὶ δέ, βοείαις"
The Taking of Ilios,1,306,True,LSSLLLSSLLLSSLL,LSSLLLSSLLLSSLL,0.0,1,2,,η:L:nature α:S:unknown ε:S:nature οι:L:nature ει:L:nature η:L:nature ι:S:properispomenon ε:S:nature υ:L:position ε:L:position οι:L:nature ι:S:antepenult_accent α:S:unknown ω:L:nature ι:L:antepenult_accent,"δησάμενοι σειρῇσιν, ἐυπλέκτοισι κάλωσιν"
The Taking of Ilios,1,307,True,LSSLSSLSSLSSLSSLL,LSSLSSLSSLSSLSSLL,0.0,1,1,,ει:L:nature+position ο:S:nature υ:S:lexicon ε:L:position ε:S:nature ι:S:lexicon οι:L:nature ο:S:nature ο:S:nature ω:L:nature ε:S:nature ι:S:unknown η:L:nature ο:S:nature α:S:antepenult_accent υ:L:position ω:L:line_final,"εἷλκον ὑπὲρ πεδίοιο, θοῶν ἐπιβήτορα κύκλων,"
The Taking of Ilios,1,308,True,LSSLLLSSLSSLSSLL,LSSLLLSSLSSLSSLL,0.0,1,0,,ι:L:paroxytone_short_ultima ο:S:nature α:S:lexicon ι:L:position η:L:nature ε:L:position ι:S:lexicon ε:S:nature υ:L:position ε:S:nature ο:S:nature οι:L:nature ε:S:nature α:S:lexicon οι:L:nature ε:L:line_final,ἵππον ἀριστήεσσι βεβυσμένον· οἱ δὲ πάροιθεν
The Taking of Ilios,1,309,True,LLLLLSSLSSLSSLL,LLLLLSSLSSLSSLL,0.0,1,1,,αυ:L:nature οι:L:nature αι:L:nature ο:L:position ι:L:position ε:S:nature ο:S:nature η:L:nature ε:S:nature ι:S:unknown αι:L:nature ο:S:nature α:S:lexicon οι:L:nature η:L:line_final,αὐλοὶ καὶ φόρμιγγες ὁμὴν ἐλίγαινον ἀοιδήν.
The Taking of Ilios,1,310,True,LSSLSSLSSLSSLSSLL,LSSLSSLSSLSSLSSLL,0.0,1,2,,ε:L:position ι:S:unknown ο:S:nature α:L:position α:S:unknown ε:S:nature ω:L:nature+position ε:S:nature ο:S:nature ω:L:nature+position ε:S:nature ο:S:nature οι:L:nature ι:S:lexicon ο:S:nature ι:L:position η:L:line_final,"σχέτλιον ἀφραδέων μερόπων γένος, οἷσιν ὁμίχλη"
The Taking of Ilios,1,311,True,LSSLSSLSSLSSLSSLL,LSSLSSLSSLSSLSSLL,0.0,1,1,,α:L:position ο:S:nature ο:S:nature ε:L:position ο:S:nature ε:S:nature ω:L:nature+position ε:S:nature ε:S:nature ω:L:nature υ:S:lexicon ο:S:nature α:L:position α:S:unknown ι:S:antepenult_accent ο:L:position οι:L:line_final,ἄσκοπος ἐσσομένων· κενεῷ δ’ ὑπὸ χάρματι πολλοὶ
The Taking of Ilios,1,312,True,LSSLLLSSLLLSSLL,LSSLLLSSLLLSSLL,0.0,1,0,,ο:L:position α:S:lexicon ι:S:lexicon α:L:position ω:L:nature+position ου:L:nature ι:S:antepenult_accent ε:S:nature ι:L:position αι:L:nature ο:L:position ε:S:nature ο:S:nature ε:L:position ω:L:line_final,πολλάκις ἀγνώσσουσι περιπταίοντες ὀλέθρῳ.
The Taking of Ilios,1,313,True,LLLLLSSLLLSSLL,LLLLLSSLLLSSLL,0.0,1,0,,οι:L:nature η:L:nature αι:L:nature+position ω:L:nature ε:L:position ι:S:lexicon ο:S:nature ε:L:position ι:L:lexicon ι:L:position ο:S:nature ο:S:nature α:L:lexicon η:L:line_final,οἵη καὶ Τρώεσσι τότε φθισίμβροτος ἄτη
The Taking of Ilios,1,314,True,LSSLSSLSSLSSLSSLL,LSSLSSLSSLSSLSSLL,0.0,1,1,,ε:L:position ο:S:nature ι:S:lexicon αυ:L:nature ο:S:nature ε:S:nature ευ:L:nature ο:S:nature ε:S:nature ω:L:nature α:S:unknown ε:S:nature ου:L:nature ε:S:nature ι:S:lexicon α:L:lexicon ω:L:line_final,ἐς πόλιν αὐτοκέλευθος ἐκώμασεν· οὐδέ τις ἀνδρῶν
The Taking of Ilios,1,315,True,LSSLSSLSSLSSLSSLL,LSSLSSLSSLSSLSSLL,0.0,1,0,,η:L:nature ε:S:nature ε:S:nature ου:L:nature ε:S:nature α:S:lexicon α:L:paroxytone_short_ultima ο:S:nature ε:S:nature ε:L:position ε:S:nature ο:S:nature ε:L:position ο:S:nature α:S:lexicon α:L:position ο:L:line_final,"ᾔδεεν, οὕνεκα λάβρον ἐφέλκετο πένθος ἄλαστον."
The Taking of Ilios,1,316,True,LSSLSSLSSLSSLSSLL,LSSLSSLSSLSSLSSLL,0.0,1,2,,α:L:position ε:S:nature α:S:lexicon ε:L:position ο:S:nature ο:S:nature ε:L:position ο:S:nature α:S:unknown η:L:nature α:S:unknown ε:S:nature οι:L:nature ο:S:nature α:S:lexicon οι:L:nature ο:L:line_final,ἄνθεα δὲ δροσόεντος ἀμησάμενοι ποταμοῖο
The Taking of Ilios,1,317,True,LSSLSSLSSLSSLSSLL,LSSLSSLSSLSSLSSLL,0.0,1,1,,ε:L:position ε:S:nature ο:S:nature αυ:L:nature ε:S:nature ι:S:unknown ου:L:nature+position ο:S:nature α:S:lexicon ου:L:nature+position ε:S:nature ε:S:nature οι:L:nature ο:S:nature ο:S:nature η:L:nature ο:L:line_final,ἔστεφον αὐχενίους πλοκάμους σφετέροιο φονῆος.
The Taking of Ilios,1,318,True,LSSLLLSSLSSLSSLL,LSSLLLSSLSSLSSLL,0.0,1,0,,αι:L:nature α:S:lexicon ε:S:nature α:L:position ει:L:nature οι:L:nature ι:S:antepenult_accent ε:S:nature ει:L:nature ο:S:nature ε:S:nature η:L:nature ε:S:nature ι:S:lexicon υ:L:paroxytone_short_ultima οι:L:line_final,γαῖα δὲ χαλκείοισιν ἐρεικομένη περὶ κύκλοις
The Taking of Ilios,1,319,True,LSSLLLSSLLLSSLL,LSSLLLSSLLLSSLL,0.0,1,3,,ει:L:nature ο:S:nature υ:S:unknown ε:L:position υ:L:unknown α:L:circumflex ο:S:nature ι:S:unknown η:L:nature ει:L:nature οι:L:nature ε:S:nature ι:S:lexicon αυ:L:nature ω:L:line_final,"δεινὸν ὑπεβρυχᾶτο, σιδήρειοι δὲ δι’ αὐτῶν"
The Taking of Ilios,1,320,True,LSSLLLSSLSSLSSLL,LSSLLLSSLSSLSSLL,0.0,1,2,,ι:L:unknown ο:S:nature ε:S:nature οι:L:nature+position η:L:nature ει:L:nature α:S:lexicon α:S:unknown ε:L:position ε:S:nature ο:S:nature α:L:position ο:S:nature ε:S:nature η:L:nature η:L:line_final,τριβόμενοι τρηχεῖαν ἀνέστενον ἄξονες ἠχήν·
The Taking of Ilios,1,321,True,LLLSSLSSLLLSSLL,LLLSSLSSLLLSSLL,0.0,1,3,,ε:L:position ι:L:lexicon ει:L:nature ε:S:nature α:S:unknown ω:L:nature+position υ:S:unknown ο:S:nature η:L:nature αι:L:nature α:L:lexicon α:S:lexicon α:S:unknown ει:L:nature α:L:properispomenon,"τετρίγει δὲ κάλων ξυνοχή, καὶ πᾶσα ταθεῖσα"
The Taking of Ilios,1,322,True,LLLSSLSSLSSLSSLL,LLLSSLSSLSSLSSLL,0.0,1,3,,ι:L:position υ:L:unknown αι:L:nature α:S:lexicon ο:S:nature ε:L:position α:S:lexicon ε:S:nature ι:L:position α:S:unknown ε:S:nature η:L:nature ι:S:unknown ε:S:nature ει:L:nature η:L:line_final,λιγνὺν αἰθαλόεσσαν ἕλιξ ἀνεκήκιε σειρή.
The Taking of Ilios,1,323,True,LLLLLSSLLLSSLL,LLLLLSSLLLSSLL,0.0,1,0,,ο:L:position η:L:nature ε:L:position ο:L:position ω:L:nature ε:S:nature ο:S:nature η:L:nature αι:L:nature ο:L:position ο:S:nature ο:S:nature ω:L:nature ει:L:line_final,πολλὴ δ’ ἑλκόντων ἐνοπὴ καὶ κόμπος ὀρώρει·
The Taking of Ilios,1,324,True,LSSLLLSSLSSLSSLL,LSSLLLSSLSSLSSLL,0.0,1,2,,ε:L:position ε:S:nature ε:S:nature υ:L:position αι:L:nature η:L:nature ι:S:antepenult_accent α:S:lexicon α:L:lexicon υ:S:unknown ι:S:unknown α:L:position ι:S:lexicon ο:S:nature ι:L:lexicon η:L:line_final,"ἔβρεμε νυμφαίῃσιν ἅμα δρυσὶ δάσκιος Ἴδη,"
The Taking of Ilios,1,325,True,LSSLLLSSLLLSSLL,LSSLLLSSLLLSSLL,0.0,1,0,,ι:L:lexicon α:S:lexicon ε:S:nature αι:L:nature+position α:L:position ου:L:nature ο:S:nature α:S:lexicon ου:L:nature υ:L:position ου:L:nature ε:S:nature ο:S:nature υ:L:lexicon ω:L:line_final,"ἴαχε καὶ Ξάνθου ποταμοῦ κυκλούμενον ὕδωρ,"
The Taking of Ilios,1,326,True,LSSLLLSSLSSLSSLL,LSSLLLSSLSSLSSLL,0.0,1,1,,αι:L:nature+position ο:S:nature α:S:lexicon ε:L:position η:L:nature ει:L:nature ι:S:lexicon ο:S:nature ει:L:nature ι:S:lexicon ο:S:nature ου:L:nature α:S:unknown ι:S:lexicon η:L:nature ε:L:line_final,καὶ στόμα κεκλήγει Σιμοείσιον· οὐρανίη δὲ
The Taking of Ilios,1,327,True,LSSLSSLSSLLLSSLL,LSSLSSLSSLLLSSLL,0.0,1,0,,ε:L:position ι:S:lexicon ο:S:nature ε:L:position ο:S:nature ε:S:nature ο:L:position ο:S:nature ε:S:nature ο:L:position α:L:position ευ:L:nature ε:S:nature ο:S:nature α:L:position ι:L:line_final,ἐκ Διὸς ἑλκόμενον πόλεμον μαντεύετο σάλπιγξ.
The Taking of Ilios,1,328,True,LLLSSLSSLSSLSSLL,LLLSSLSSLSSLSSLL,0.0,1,2,,οι:L:nature η:L:nature ο:L:position ο:S:nature α:S:lexicon οι:L:nature ε:S:nature ο:S:nature ο:L:position ε:S:nature α:S:unknown υ:L:unknown ε:S:nature ο:S:nature α:L:position η:L:line_final,οἱ δ’ ἦγον προπάροιθεν· ὁδὸς δ’ ἐβαρύνετο μακρὴ
The Taking of Ilios,1,329,True,LSSLSSLSSLSSLSSLL,LSSLSSLSSLSSLSSLL,0.5,1,2,correption,ι:L:position ο:S:nature ε:S:nature η:L:nature ο:S:nature α:S:unknown οι:L:nature ι:S:properispomenon αι:S:nature ου:L:nature ε:S:nature ι:S:unknown οι:L:nature ι:S:antepenult_accent ο:S:nature οι:L:nature η:L:line_final,σχιζομένη ποταμοῖσι καὶ οὐ πεδίοισιν ὁμοίη.
The Taking of Ilios,1,330,True,LSSLSSLSSLSSLSSLL,LSSLSSLSSLSSLSSLL,0.0,1,3,,ει:L:nature ε:S:nature ο:S:nature αι:L:nature ο:S:nature ο:S:nature ι:L:paroxytone_short_ultima ο:S:nature α:S:unknown η:L:nature ι:S:unknown ι:S:unknown ου:L:nature ε:S:nature ι:S:lexicon ω:L:nature ου:L:line_final,εἵπετο δ’ αἰόλος ἵππος ἀρηιφίλους ἐπὶ βωμοὺς
The Taking of Ilios,1,331,True,LSSLSSLSSLSSLSSLL,LSSLSSLSSLSSLSSLL,0.0,1,1,,υ:L:lexicon ι:S:lexicon ο:S:nature ω:L:nature υ:S:unknown ε:S:nature ο:L:position α:S:antepenult_accent ι:S:lexicon η:L:nature+position ε:S:nature ε:S:nature ει:L:nature ε:S:nature α:S:lexicon η:L:nature η:L:line_final,"κυδιόων ὑπέροπλα, βίην δ’ ἐπέρεισεν Ἀθήνη"
The Taking of Ilios,1,332,True,LSSLLLSSLSSLSSLL,LSSLLLSSLSSLSSLL,0.0,1,3,,ει:L:nature α:S:lexicon ε:S:nature ι:L:position ι:L:unknown α:L:unknown α:S:antepenult_accent ε:S:nature ο:L:position υ:S:unknown ε:S:nature ω:L:nature ε:S:nature ι:S:lexicon η:L:nature ω:L:line_final,χεῖρας ἐπιβρίσασα νεογλυφέων ἐπὶ μηρῶν.
The Taking of Ilios,1,333,True,LSSLSSLSSLSSLSSLL,LSSLSSLSSLSSLSSLL,0.0,1,2,,ω:L:nature ε:S:nature ε:S:nature ω:L:nature α:S:unknown ι:S:unknown η:L:nature ο:S:nature ε:S:nature ε:L:position α:S:lexicon ε:S:nature α:L:circumflex ο:S:nature ο:S:nature ι:L:position ου:L:line_final,ὧδε θέων ἀκίχητος ἐπέδραμε θᾶσσον ὀιστοῦ
The Taking of Ilios,1,334,True,LSSLLLSSLSSLSSLL,LSSLLLSSLSSLSSLL,0.0,1,1,,ω:L:nature α:S:lexicon ε:S:nature υ:L:position α:L:position οι:L:nature ι:S:antepenult_accent ο:S:nature οι:L:nature ο:S:nature ι:S:unknown η:L:nature ι:S:antepenult_accent ι:S:lexicon ω:L:nature ω:L:line_final,"Τρῶας ἐυσκάρθμοισιν ὁδοιπορίῃσι διώκων,"
The Taking of Ilios,1,335,True,LSSLSSLSSLSSLSSLL,LSSLSSLSSLSSLSSLL,1.0,1,1,lexicon_overridden,ει:L:nature ο:S:nature ε:S:nature η:L:nature υ:S:lexicon ε:S:nature ω:L:nature ε:S:nature ε:S:nature η:L:nature α:S:unknown ο:S:nature α:L:position α:S:lexicon ι:S:lexicon α:L:lexicon ω:L:line_final,εἰσόκε δὴ πυλέων ἐπεβήσατο Δαρδανιάων.
The Taking of Ilios,1,336,True,LSSLSSLSSLSSLLLL,LSSLSSLSSLSSLLLL,3.0,1,1,correption,αι:L:nature ε:S:nature οι:S:nature ε:L:position ο:S:nature ε:S:nature ω:L:nature υ:S:unknown ε:S:nature ω:L:nature+position υ:S:lexicon ε:S:nature ε:L:position ει:L:nature ο:L:position ο:L:line_final,αἱ δέ οἱ ἐρχομένῳ θυρέων πτύχες ἐστείνοντο·
The Taking of Ilios,1,337,True,LLLSSLSSLSSLSSLL,LLLSSLSSLSSLSSLL,0.0,1,0,,α:L:position η:L:nature η:L:nature ε:S:nature ε:S:nature υ:L:lexicon ε:S:nature ε:S:nature ι:L:lexicon ο:S:nature ο:S:nature αυ:L:nature ι:S:properispomenon ο:S:nature οι:L:nature ο:L:line_final,ἀλλ’ Ἥρη μὲν ἔλυσεν ἐπὶ δρόμον αὖθις ὁδοῖο
The Taking of Ilios,1,338,True,LSSLLLSSLLLSSLL,LSSLLLSSLLLSSLL,0.0,1,1,,ο:L:position ε:S:nature α:S:unknown α:L:position ε:L:position ου:L:nature α:S:antepenult_accent ο:S:nature ει:L:nature α:L:lexicon ω:L:nature+position α:S:lexicon ο:S:nature υ:L:position ω:L:line_final,"πρόσθεν ἀναστέλλουσα, Ποσειδάων δ’ ἀπὸ πύργων"
The Taking of Ilios,1,339,True,LSSLSSLSSLSSLSSLL,LSSLSSLSSLSSLSSLL,2.0,1,3,cluster_short;lexicon_overridden,α:L:position ο:S:nature α:S:unknown οι:L:nature ο:S:nature ε:S:nature ω:L:nature+position υ:S:lexicon ε:S:nature ω:L:nature α:S:unknown ε:S:nature ο:L:position ε:S:position ι:S:unknown αι:L:nature η:L:line_final,σταθμὸν ἀνοιγομένων πυλέων ἀνέκοπτε τριαίνῃ.
The Taking of Ilios,1,340,True,LSSLSSLSSLSSLSSLL,LSSLSSLSSLSSLSSLL,0.0,1,1,,ω:L:nature ι:S:unknown α:S:paroxytone_short_ultima ε:L:position ε:S:nature υ:S:lexicon αι:L:nature ε:S:nature α:S:lexicon α:L:lexicon ο:S:nature ι:S:lexicon α:L:position ο:S:nature ε:S:nature α:L:paroxytone_short_ultima αι:L:line_final,"Τρωιάδες δὲ γυναῖκες ἀνὰ πτόλιν ἄλλοθεν ἄλλαι,"
The Taking of Ilios,1,341,True,LLLSSLSSLSSLLLL,LLLSSLSSLSSLLLL,3.0,1,1,correption,υ:L:paroxytone_short_ultima αι:L:nature ε:L:position ο:S:nature α:S:unknown οι:L:nature ε:S:nature αι:S:nature ι:L:position ο:S:nature ε:S:nature ει:L:nature ει:L:nature υι:L:nature η:L:line_final,"νύμφαι τε πρόγαμοί τε καὶ ἴδμονες Εἰλειθυίης,"
The Taking of Ilios,1,342,True,LLLLLSSLSSLLLL,LLLLLSSLSSLLLL,1.5,1,1,,ο:L:position η:L:nature ο:L:position η:L:nature+position ω:L:nature ε:S:nature ε:S:nature ι:L:lexicon ε:S:nature α:S:unknown ει:L:nature ι:L:position ο:L:position ο:L:line_final,μολπῇ τ’ ὀρχηθμῷ τε περὶ βρέτας εἱλίσσοντο·
The Taking of Ilios,1,343,True,LLLSSLSSLSSLSSLL,LLLSSLSSLSSLSSLL,0.0,1,1,,α:L:paroxytone_short_ultima αι:L:nature ε:L:position ο:S:nature ο:S:nature ω:L:nature α:S:antepenult_accent α:S:unknown ε:L:position ο:S:nature ε:S:nature αι:L:nature α:S:lexicon ι:S:lexicon ο:L:position ου:L:line_final,ἄλλαι δὲ χνοόωσαν ἀμελγόεναι χάριν ὄμβρου
The Taking of Ilios,1,344,True,LLLSSLSSLSSLSSLL,LLLSSLSSLSSLSSLL,0.0,1,1,,ο:L:position ω:L:nature ου:L:nature α:S:unknown ε:S:nature ω:L:nature ο:S:nature ε:S:nature ου:L:nature+position ο:S:nature ε:S:nature α:L:position ο:S:nature α:S:lexicon η:L:nature α:L:lexicon,ὁλκῷ δουρατέῳ ῥοδέους στορέσαντο τάπητας.
The Taking of Ilios,1,345,True,LSSLLLSSLSSLSSLL,LSSLLLSSLSSLSSLL,0.0,1,4,,αι:L:nature ε:S:nature α:S:unknown α:L:position αι:L:nature η:L:nature ε:S:nature ι:S:unknown α:L:position ι:S:unknown α:S:antepenult_accent η:L:nature α:S:unknown α:S:antepenult_accent ι:L:position η:L:line_final,αἱ δὲ θαλασσαίης ἐπιμάζια νήματα μίτρης
The Taking of Ilios,1,346,True,LSSLLLSSLSSLSSLL,LSSLLLSSLSSLSSLL,0.0,1,3,,υ:L:unknown α:S:unknown ε:S:nature αι:L:nature+position ω:L:nature+position οι:L:nature ι:S:properispomenon α:S:unknown ε:L:position ε:S:nature ο:S:nature α:L:position ε:S:nature ι:S:lexicon ι:L:paroxytone_short_ultima ο:L:line_final,λυσάμεναι κλωστοῖσι κατέπλεκον ἄνθεσιν ἵππον.
The Taking of Ilios,1,347,True,LSSLSSLSSLLLSSLL,LSSLSSLSSLLLSSLL,0.0,1,3,,αι:L:nature ι:S:lexicon α:S:unknown ει:L:nature ε:S:nature ι:S:unknown οι:L:nature ο:S:nature ι:S:lexicon ου:L:nature+position η:L:nature ε:L:position ο:S:nature α:S:unknown ει:L:nature α:L:properispomenon,καί τις ἀπειρεσίοιο πίθου κρήδεμνον ἀνεῖσα
The Taking of Ilios,1,348,True,LLLSSLSSLSSLSSLL,LLLSSLSSLSSLSSLL,1.0,1,1,override,υ:L:unknown ει:L:nature ω:L:nature+position ο:S:nature ε:S:nature ου:L:nature α:S:antepenult_accent ο:S:nature ω:L:nature ε:S:nature ε:S:nature α:L:position ε:S:nature ο:S:nature οι:L:nature ο:L:line_final,χρυσείῳ προχέουσα κρόκῳ κεκερασμένον οἶνον
The Taking of Ilios,1,349,True,LSSLLLSSLLLSSLL,LSSLLLSSLLLSSLL,0.0,1,1,,αι:L:nature α:S:lexicon α:S:unknown ε:L:position ι:L:position ω:L:nature ε:S:nature υ:S:lexicon η:L:nature ευ:L:nature ω:L:nature ε:S:nature ι:S:lexicon η:L:nature ω:L:line_final,γαῖαν ἀνεκνίσσωσε χυτὴν εὐώδεϊ πηλῷ.
The Taking of Ilios,1,350,True,LSSLSSLSSLSSLSSLL,LSSLSSLSSLSSLSSLL,0.0,1,1,,α:L:position ο:S:nature ε:S:nature η:L:nature ε:S:nature ο:S:nature η:L:nature υ:S:unknown ε:S:nature α:L:position ε:S:nature ο:S:nature η:L:nature υ:S:lexicon ι:S:lexicon ω:L:nature η:L:line_final,"ἀνδρομέῃ δὲ βοῇ συνεβάλλετο θῆλυς ἰωή,"
The Taking of Ilios,1,351,True,LLLSSLSSLSSLSSLL,LLLSSLSSLSSLSSLL,0.0,1,0,,αι:L:nature αι:L:nature ω:L:nature α:S:lexicon α:S:lexicon η:L:nature ο:S:nature ε:S:nature ι:L:lexicon ε:S:nature ο:S:nature η:L:nature α:S:lexicon ο:S:nature η:L:nature η:L:line_final,καὶ παίδων ἀλαλητὸς ἐμίσγετο γήραος ἠχῇ.
The Taking of Ilios,1,352,True,LLLLLSSLSSLSSLL,LLLLLSSLSSLSSLL,0.0,1,1,,οι:L:nature αι:L:nature α:L:position ει:L:nature οι:L:nature ο:S:nature ε:S:nature η:L:nature υ:S:unknown ε:S:nature ω:L:nature ε:S:nature α:S:lexicon οι:L:nature ο:L:line_final,"οἷαι δ’ ἀφνειοῖο μετήλυδες Ὠκεανοῖο,"
The Taking of Ilios,1,353,True,LSSLSSLSSLSSLSSLL,LSSLSSLSSLSSLSSLL,0.0,1,0,,ει:L:nature α:S:lexicon ο:S:nature α:L:position ι:S:lexicon ο:S:nature οι:L:nature ε:S:nature α:S:lexicon ω:L:nature+position ι:S:lexicon ε:S:nature η:L:nature ε:S:nature ο:S:nature ω:L:nature ω:L:line_final,"χείματος ἀμφίπολοι, γεράνων στίχες ἠεροφώνων,"
The Taking of Ilios,1,354,True,LSSLLLSSLSSLLLL,LSSLLLSSLSSLLLL,1.5,1,1,,υ:L:paroxytone_short_ultima ο:S:nature ε:S:nature ο:L:position ευ:L:nature ου:L:nature ι:S:antepenult_accent α:S:unknown η:L:nature ο:S:nature ο:S:nature ο:L:position η:L:nature+position οι:L:nature ο:L:line_final,κύκλον ἐπογμεύουσιν ἀλήμονος ὀρχηθμοῖο
The Taking of Ilios,1,355,True,LSSLSSLSSLSSLLLL,LSSLSSLSSLSSLLLL,1.5,1,3,,ει:L:nature ο:S:nature ο:S:nature οι:L:nature α:S:unknown ο:S:nature η:L:nature ι:S:antepenult_accent α:S:unknown ε:L:position ε:S:nature α:S:unknown ε:L:position η:L:nature υι:L:nature αι:L:line_final,γειοπόνοις ἀρότῃσιν ἀπεχθέα κεκληγυῖαι·
The Taking of Ilios,1,356,True,LLLLLSSLSSLSSLL,LLLLLSSLSSLSSLL,0.0,1,1,,ω:L:nature οι:L:nature ε:L:position α:L:position η:L:nature ε:S:nature ι:S:lexicon α:L:position ε:S:nature ο:S:nature η:L:nature ε:S:nature υ:S:unknown οι:L:nature ω:L:line_final,ὣς οἵγε κλαγγῇ τε δι’ ἄστεος ἠδὲ κυδοιμῷ
The Taking of Ilios,1,357,True,LSSLSSLSSLSSLSSLL,LSSLSSLSSLSSLSSLL,0.0,1,1,,η:L:nature ο:S:nature ε:S:nature α:L:position ο:S:nature ο:S:nature ι:L:antepenult_accent ε:S:nature α:S:unknown η:L:nature ε:S:nature ο:S:nature ε:L:position ο:S:nature ε:S:nature ι:L:paroxytone_short_ultima ο:L:line_final,ἦγον ἐς ἀκρόπολιν βεβαρημένον ἔνδοθεν ἵππον.
The Taking of Ilios,1,358,True,LLLSSLSSLSSLSSLL,LLLSSLSSLSSLSSLL,0.0,1,1,,ου:L:nature η:L:nature ε:L:position ι:S:lexicon α:S:lexicon οι:L:nature ο:S:nature ε:S:nature η:L:nature α:S:unknown ο:S:nature ου:L:nature ε:S:nature ι:S:lexicon ι:L:position ει:L:line_final,κούρη δὲ Πριάμοιο θεήλατος οὐκέτι μίμνειν
The Taking of Ilios,1,359,True,LSSLSSLSSLLLSSLL,LSSLSSLSSLLLSSLL,0.0,1,4,,η:L:nature ε:S:nature ε:S:nature ε:L:position α:S:unknown α:S:unknown οι:L:nature ι:S:antepenult_accent ι:S:unknown α:L:position η:L:nature+position α:L:unknown α:S:antepenult_accent ο:S:nature η:L:nature α:L:lexicon,ἤθελεν ἐν θαλάμοισι· διαρρήξασα δ’ ὀχῆας
The Taking of Ilios,1,360,True,LSSLSSLSSLSSLSSLL,LSSLSSLSSLSSLSSLL,0.0,1,5,,ε:L:position α:S:unknown ε:S:nature η:L:nature υ:S:paroxytone_short_ultima ε:S:nature ο:L:position ι:S:unknown α:S:unknown η:L:nature υ:S:unknown ο:S:nature η:L:nature+position ε:S:nature υ:S:unknown ει:L:nature α:L:properispomenon,"ἔδραμεν ἠύτε πόρτις ἀήσυρος, ἥντε τυπεῖσαν"
The Taking of Ilios,1,361,True,LSSLLLSSLLLSSLL,LSSLLLSSLLLSSLL,0.0,1,3,,ε:L:position ο:S:nature α:S:unknown ε:L:position οι:L:nature η:L:nature ε:S:nature ο:S:nature ο:L:position αι:L:nature+position α:L:unknown ο:S:nature υ:S:unknown ω:L:nature ο:L:line_final,κέντρον ἀνεπτοίησε βοορραίσταο μύωπος·
The Taking of Ilios,1,362,True,LLLSSLSSLSSLSSLL,LLLSSLSSLSSLSSLL,0.5,1,0,correption,η:L:nature ου:L:nature ει:L:nature α:S:lexicon ε:S:nature η:L:nature+position ο:S:nature ι:S:lexicon ε:L:position ε:S:nature αι:S:nature ου:L:nature ε:S:nature ο:S:nature η:L:nature ι:L:properispomenon,ἡ δ’ οὐκ εἰς ἀγέλην ποτιδέρκεται οὐδὲ βοτῆρι
The Taking of Ilios,1,363,True,LSSLSSLSSLSSLSSLL,LSSLSSLSSLSSLSSLL,1.0,1,1,correption,ει:L:nature ε:S:nature αι:S:nature ου:L:nature ε:S:nature ο:S:nature οι:L:nature ο:S:nature ι:S:unknown αι:L:nature ε:S:nature αι:S:nature α:L:position α:S:lexicon ε:S:nature ε:L:position ω:L:line_final,"πείθεται οὐδὲ νομοῖο λιλαίεται, ἀλλὰ βελέμνῳ"
The Taking of Ilios,1,364,True,LSSLSSLSSLLLSSLL,LSSLSSLSSLLLSSLL,0.0,1,1,,ο:L:position ε:S:nature ι:S:lexicon η:L:nature ο:S:nature ε:S:nature η:L:nature ο:S:nature ε:S:nature ω:L:nature ε:L:position η:L:nature υ:S:unknown ε:S:nature ε:L:position ω:L:line_final,ὀξέι θηγομένη βοέων ἐξήλυθε θεσμῶν·
The Taking of Ilios,1,365,True,LLLSSLSSLSSLSSLL,LLLSSLSSLSSLSSLL,0.0,1,2,,οι:L:nature η:L:nature α:L:position ι:S:unknown ο:S:nature οι:L:nature ο:S:nature ο:S:nature η:L:nature υ:S:lexicon ο:S:nature υ:L:position α:S:unknown ι:S:antepenult_accent ου:L:nature η:L:line_final,τοίη μαντιπόλοιο βολῆς ὑπὸ νύγματι κούρη
The Taking of Ilios,1,366,True,LSSLSSLSSLSSLSSLL,LSSLSSLSSLSSLSSLL,0.0,1,1,,α:L:position ο:S:nature ε:S:nature η:L:nature+position α:S:lexicon ι:S:lexicon η:L:nature ι:S:lexicon ε:S:nature η:L:nature α:S:unknown ε:S:nature ει:L:nature ε:S:nature ο:S:nature α:L:position η:L:line_final,πλαζομένη κραδίην ἱερὴν ἀνεσείετο δάφνην.
The Taking of Ilios,1,367,True,LLLLLSSLSSLSSLL,LLLLLSSLSSLSSLL,0.0,1,1,,α:L:position η:L:nature ε:L:position υ:L:unknown α:L:circumflex ο:S:nature α:S:lexicon α:L:lexicon ο:S:nature ι:S:lexicon ου:L:nature ε:S:nature ο:S:nature η:L:nature ω:L:line_final,πάντη δ’ ἐβρυχᾶτο κατὰ πτόλιν· οὐδὲ τοκήων
The Taking of Ilios,1,368,True,LSSLSSLSSLSSLSSLL,LSSLSSLSSLSSLSSLL,0.0,1,0,,ου:L:nature ε:S:nature ι:S:lexicon ω:L:nature α:S:lexicon ε:S:nature ι:L:position ε:S:nature ι:S:lexicon ε:L:position ε:S:nature ε:S:nature α:L:position ε:S:nature ο:S:nature αι:L:nature ω:L:line_final,οὐδὲ φίλων ἀλέγιζε· λίπεν δέ ἑ παρθένος αἰδώς.
The Taking of Ilios,1,369,True,LLLLLSSLLLSSLL,LLLLLSSLLLSSLL,0.0,1,1,,ου:L:nature ου:L:nature ω:L:nature+position η:L:nature ι:L:position α:S:antepenult_accent ε:S:nature ι:L:lexicon υ:L:unknown οι:L:nature ι:S:properispomenon υ:S:lexicon αι:L:nature α:L:lexicon,οὐχ οὕτω Θρήισσαν ἐνὶ δρυμοῖσι γυναῖκα
The Taking of Ilios,1,370,True,LSSLSSLSSLSSLSSLL,LSSLSSLSSLSSLSSLL,0.0,1,3,,η:L:nature υ:S:lexicon ο:S:nature αυ:L:nature ο:S:nature ε:S:nature υ:L:position ε:S:nature ο:S:nature ει:L:nature α:S:unknown ε:S:nature ο:L:position ι:S:unknown ο:S:nature υ:L:unknown ου:L:line_final,"νήδυμος αὐλὸς ἔτυψεν ὀρειμανέος Διονύσου,"
The Taking of Ilios,1,371,True,LSSLLLSSLSSLSSLL,LSSLLLSSLSSLSSLL,0.0,1,2,,η:L:nature ε:S:nature ε:S:nature ω:L:nature+position η:L:nature ει:L:nature α:S:lexicon α:S:lexicon η:L:nature ο:S:nature ο:S:nature ο:L:position α:S:unknown ι:S:unknown αι:L:nature ει:L:line_final,ἥτε θεῷ πληγεῖσα παρήορον ὄμμα τιταίνει
The Taking of Ilios,1,372,True,LSSLLLSSLSSLSSLL,LSSLLLSSLSSLSSLL,0.0,1,3,,υ:L:position ο:S:nature ε:S:nature ι:L:position ει:L:nature ου:L:nature α:S:antepenult_accent α:S:lexicon η:L:nature υ:S:unknown α:S:unknown α:L:position υ:S:unknown ι:S:antepenult_accent ι:L:position ω:L:line_final,"γυμνὸν ἐπισσείουσα κάρη κυανάμπυκι κισσῷ,"
The Taking of Ilios,1,373,True,LLLSSLSSLLLSSLL,LLLSSLSSLLLSSLL,0.0,1,3,,ω:L:nature η:L:nature ε:L:position ε:S:nature ο:S:nature ε:L:position ο:S:nature α:S:unknown α:L:unknown ι:L:position α:L:unknown α:S:antepenult_accent ο:S:nature οι:L:nature ο:L:line_final,ὡς ἥγε πτερόεντος ἀναΐξασα νόοιο
The Taking of Ilios,1,374,True,LLLSSLSSLSSLSSLL,LLLSSLSSLSSLSSLL,0.0,1,0,,α:L:position α:L:position η:L:nature ε:S:nature ο:S:nature οι:L:nature ο:S:nature ε:S:nature αι:L:nature ε:S:nature ο:S:nature υ:L:lexicon α:S:lexicon ε:S:nature αι:L:nature η:L:line_final,Κασσάνδρη θεόφοιτος ἐμαίνετο· πυκνὰ δὲ χαίτην
The Taking of Ilios,1,375,True,LSSLLLSSLSSLSSLL,LSSLLLSSLSSLSSLL,0.0,1,3,,ο:L:position ο:S:nature ε:S:nature η:L:nature αι:L:nature+position ε:L:position ο:S:nature α:S:unknown ι:L:unknown α:S:unknown ε:S:nature αι:L:nature α:S:lexicon ι:S:lexicon ω:L:nature η:L:line_final,κοπτομένη καὶ στέρνον ἀνίαχε μαινάδι φωνῇ·
The Taking of Ilios,1,376,True,LSSLSSLSSLSSLSSLL,LSSLSSLSSLSSLSSLL,0.0,1,2,,ω:L:nature ε:S:nature ε:S:nature οι:L:nature ι:S:lexicon α:S:lexicon ου:L:nature ο:S:nature α:S:unknown α:L:position ι:S:unknown ο:S:nature ι:L:paroxytone_short_ultima ο:S:nature α:S:lexicon ο:L:position ε:L:line_final,"ὦ μέλεοι, τίνα τοῦτον ἀνάρσιον ἵππον ἄγοντες"
The Taking of Ilios,1,377,True,LSSLLLSSLSSLSSLL,LSSLLLSSLSSLSSLL,0.5,1,3,correption,αι:L:nature ο:S:nature ι:S:unknown οι:L:nature αι:L:nature ε:L:position ε:S:nature αι:S:nature υ:L:position α:S:unknown ι:S:unknown η:L:nature ε:S:nature ι:S:lexicon υ:L:paroxytone_short_ultima α:L:lexicon,δαιμόνιοι μαίνεσθε καὶ ὑστατίην ἐπὶ νύκτα
The Taking of Ilios,1,378,True,LSSLSSLSSLLLSSLL,LSSLSSLSSLLLSSLL,0.0,1,0,,ευ:L:nature ε:S:nature ε:S:nature αι:L:nature ο:S:nature ε:S:nature οι:L:nature ο:S:nature ε:S:nature α:L:position αι:L:nature η:L:nature+position ε:S:nature ο:S:nature υ:L:paroxytone_short_ultima ο:L:line_final,σπεύδετε καὶ πολέμοιο πέρας καὶ νήγρετον ὕπνον;
The Taking of Ilios,1,379,True,LSSLSSLSSLSSLSSLL,LSSLSSLSSLSSLSSLL,0.5,1,2,correption,υ:L:position ε:S:nature ε:S:nature ω:L:nature ο:S:nature ε:S:nature ω:L:nature ο:S:nature α:S:unknown η:L:nature ι:S:unknown ο:S:nature αι:L:nature ε:S:nature ου:S:nature η:L:nature η:L:line_final,δυσμενέων ὅδε κῶμος ἀρήιος· αἱ δέ που ἤδη
The Taking of Ilios,1,380,True,LLLSSLSSLLLSSLL,LLLSSLSSLLLSSLL,0.0,1,0,,ι:L:position ου:L:nature ι:L:lexicon ο:S:nature ε:S:nature η:L:nature ε:S:nature α:S:lexicon η:L:nature ω:L:nature ι:L:circumflex ε:S:nature ο:S:nature ει:L:nature ω:L:line_final,"τίκτουσιν μογερῆς Ἑκάβης ὠδῖνες ὀνείρων,"
The Taking of Ilios,1,381,True,LLLSSLSSLSSLSSLL,LLLSSLSSLSSLSSLL,0.0,1,2,,η:L:nature ει:L:nature α:L:position ο:S:nature ι:S:unknown ε:L:position ο:S:nature ε:S:nature ο:L:position ο:S:nature ε:S:nature οι:L:nature ο:S:nature υ:S:unknown ε:L:position ο:L:line_final,λήγει δ’ ἀμβολιεργὸν ἔτος πολέμοιο λυθέντος.
The Taking of Ilios,1,382,True,LSSLLLSSLSSLSSLL,LSSLLLSSLSSLSSLL,1.5,1,0,correption;lexicon_overridden,οι:L:nature ο:S:nature α:S:lexicon ι:L:position η:L:nature ω:L:nature+position ο:S:nature ο:S:nature ε:L:position ε:S:nature αι:S:nature ου:L:nature ε:S:nature ι:S:lexicon α:L:position η:L:line_final,"τοῖος ἀριστήων λόχος ἔρχεται, οὓς ἐπὶ χάρμην"
The Taking of Ilios,1,383,True,LSSLLLSSLSSLSSLL,LSSLLLSSLSSLSSLL,0.0,1,2,,ευ:L:nature ε:S:nature ι:S:lexicon α:L:position α:L:position ο:L:position α:S:antepenult_accent α:S:unknown αυ:L:nature ο:S:nature α:S:unknown η:L:nature υ:S:lexicon ο:S:nature υ:L:paroxytone_short_ultima α:L:lexicon,τεύχεσιν ἀστράπτοντας ἀμαυροτάτην ὑπὸ νύκτα
The Taking of Ilios,1,384,True,LSSLSSLSSLSSLSSLL,LSSLSSLSSLSSLSSLL,0.5,1,1,correption,ε:L:position ε:S:nature αι:S:nature ο:L:position ι:S:lexicon ο:S:nature ι:L:paroxytone_short_ultima ο:S:nature ε:S:nature ι:L:lexicon ο:S:nature α:S:lexicon α:L:position ι:S:unknown ο:S:nature ο:L:position ε:L:line_final,τέξεται ὄβριμος ἵππος· ἐπὶ χθόνα δ’ ἄρτι θορόντες
The Taking of Ilios,1,385,True,LSSLLLSSLSSLSSLL,LSSLLLSSLSSLSSLL,0.0,1,1,,ε:L:position ο:S:nature ο:S:nature ο:L:position η:L:nature ου:L:nature ι:S:antepenult_accent ε:S:nature ει:L:nature ο:S:nature α:S:unknown οι:L:nature ο:S:nature ε:S:nature ι:L:position αι:L:line_final,ἐς μόθον ὁρμήσουσι τελειότατοι πολεμισταί.
The Taking of Ilios,1,386,True,LSSLLLSSLSSLSSLL,LSSLLLSSLSSLSSLL,0.0,1,2,,ου:L:nature α:S:lexicon ε:S:nature ω:L:nature ι:L:unknown ε:L:position ι:S:antepenult_accent ο:S:nature ο:L:position ο:S:nature ο:S:nature ι:L:paroxytone_short_ultima ο:S:nature α:S:unknown ει:L:nature αι:L:line_final,οὐ γὰρ ἐπ’ ὠδίνεσσι μογοστόκον ἵππον ἀνεῖσαι
The Taking of Ilios,1,387,True,LSSLSSLSSLLLSSLL,LSSLSSLSSLLLSSLL,0.0,1,0,,α:L:lexicon α:S:lexicon ι:S:lexicon ι:L:position ο:S:nature ε:S:nature οι:L:nature ι:S:antepenult_accent ε:S:nature ι:L:position η:L:nature ου:L:nature ι:S:antepenult_accent υ:S:lexicon αι:L:nature ε:L:line_final,"ἀνδράσι τικτομένοισιν ἐπισχήσουσι γυναῖκες,"
The Taking of Ilios,1,388,True,LLLLLSSLSSLSSLL,LLLLLSSLSSLSSLL,0.5,1,0,correption,αυ:L:nature η:L:nature ει:L:nature ει:L:nature υι:L:nature α:S:lexicon ε:S:nature η:L:nature ε:S:nature αι:S:nature η:L:nature ι:S:lexicon ε:S:nature ευ:L:nature+position ε:L:line_final,"αὐτὴ δ’ Εἰλείθυια γενήσεται, ἥ μιν ἔτευξε·"
The Taking of Ilios,1,389,True,LSSLLLSSLLLSSLL,LSSLLLSSLLLSSLL,0.0,1,3,,α:L:position ε:S:nature α:S:lexicon ε:L:position η:L:nature ου:L:nature α:S:lexicon α:S:unknown α:L:position ι:L:unknown α:L:unknown α:S:antepenult_accent ο:S:nature η:L:nature ει:L:line_final,γαστέρα δὲ πλήθουσαν ἀνακλίνασα βοήσει
The Taking of Ilios,1,390,True,LSSLLLSSLSSLSSLL,LSSLLLSSLSSLSSLL,0.0,1,0,,αι:L:nature α:S:properispomenon ο:S:nature υ:L:position αυ:L:nature οι:L:nature ο:S:nature ο:S:nature ου:L:nature+position ο:S:nature ι:S:lexicon ο:L:position ο:S:nature α:S:lexicon η:L:nature η:L:line_final,μαῖα πολυκλαύτοιο τόκου πτολίπορθος Ἀθήνη.
The Taking of Ilios,1,391,True,LLLSSLSSLSSLSSLL,LLLSSLSSLSSLSSLL,1.5,1,0,correption,αι:L:nature η:L:nature ο:L:position υ:S:lexicon ε:S:nature ο:L:position ε:S:nature ε:S:nature ι:L:position ε:S:nature αι:S:nature ε:L:position ο:S:nature ι:S:lexicon υ:L:position ω:L:line_final,καὶ δὴ πορφύρεον μὲν ἑλίσσεται ἔνδοθι πύργων
The Taking of Ilios,1,392,True,LSSLSSLSSLLLSSLL,LSSLSSLSSLLLSSLL,0.0,1,1,,αι:L:nature α:S:lexicon ο:S:nature ε:L:position υ:S:unknown ε:S:nature ου:L:nature ε:S:nature α:S:lexicon ο:L:position αι:L:nature υ:L:lexicon α:S:lexicon ο:S:nature οι:L:nature ο:L:line_final,"αἵματος ἐκχυμένου πέλαγος καὶ κῦμα φόνοιο,"
The Taking of Ilios,1,393,True,LSSLSSLSSLSSLSSLL,LSSLSSLSSLSSLSSLL,0.0,1,2,,ε:L:position α:S:unknown ε:S:nature υ:L:position α:S:unknown ε:S:nature ω:L:nature+position ε:S:nature ε:S:nature αι:L:nature ε:S:nature ι:S:lexicon ε:L:position ι:S:lexicon υ:S:lexicon αι:L:nature ω:L:line_final,δεσμά τε συμπαθέων πλέκεται περὶ χερσὶ γυναικῶν
The Taking of Ilios,1,394,True,LSSLLLSSLSSLSSLL,LSSLLLSSLSSLSSLL,0.0,1,3,,υ:L:position ι:S:unknown α:S:unknown ω:L:nature ευ:L:nature ει:L:nature υ:S:lexicon ο:S:nature ου:L:nature α:S:unknown ι:S:antepenult_accent ευ:L:nature ο:S:nature ε:S:nature ο:L:position υ:L:lexicon,"νυμφία, φωλεύει δ’ ὑπὸ δούρασι κευθόμενον πῦρ."
The Taking of Ilios,1,395,True,LSSLSSLLLSSLSSLL,LSSLSSLLLSSLSSLL,1.5,1,1,correption,ω:L:nature οι:S:nature ε:S:nature ω:L:nature α:S:lexicon ε:S:nature ω:L:nature ω:L:nature οι:L:nature ε:S:nature ο:S:nature α:L:position ι:S:unknown ο:S:nature α:L:paroxytone_short_ultima υ:L:lexicon,"ὤμοι ἐμῶν ἀχέων, ὤμοι σέο, πάτριον ἄστυ,"
The Taking of Ilios,1,396,True,LSSLSSLSSLSSLSSLL,LSSLSSLSSLSSLSSLL,3.0,1,1,correption,αυ:L:nature ι:S:lexicon α:S:lexicon ε:L:position α:S:unknown ε:S:nature η:L:nature ο:S:nature ι:S:lexicon ε:L:position ε:S:nature αι:S:nature οι:L:nature ε:S:nature αι:S:nature ε:L:position ο:L:line_final,"αὐτίκα λεπταλέη κόνις ἔσσεαι, οἴχεται ἔργον"
The Taking of Ilios,1,397,True,LSSLSSLSSLSSLSSLL,LSSLSSLSSLSSLSSLL,0.0,1,0,,α:L:lexicon α:S:lexicon α:S:lexicon ω:L:nature+position ο:S:nature ε:S:nature υ:L:position α:S:lexicon ε:S:nature ει:L:nature ι:S:lexicon α:S:lexicon α:L:lexicon ο:S:nature ε:S:nature ο:L:position ο:L:line_final,"ἀθανάτων, προθέλυμνα θεμείλια Λαομέδοντος."
The Taking of Ilios,1,398,True,LSSLLLSSLSSLSSLL,LSSLLLSSLSSLSSLL,2.0,1,0,correption,αι:L:nature ε:S:nature α:S:lexicon ε:L:position αι:L:nature η:L:nature ε:S:nature ο:S:nature υ:L:lexicon ο:S:nature αι:S:nature οι:L:nature α:S:lexicon οι:S:nature η:L:nature η:L:line_final,"καὶ σέ, πάτερ, καὶ μῆτερ, ὀδύρομαι, οἷά μοι ἤδη"
The Taking of Ilios,1,399,True,LSSLLLSSLSSLSSLL,LSSLLLSSLSSLSSLL,0.0,1,1,,α:L:position ο:S:nature ε:S:nature οι:L:nature ει:L:nature ε:L:position ε:S:nature υ:S:lexicon ε:L:position α:S:lexicon ε:S:nature οι:L:nature+position α:S:unknown ε:S:nature ου:L:nature ω:L:line_final,"ἀμφότεροι πείσεσθε· σὺ μέν, πάτερ, οἰκτρὰ δεδουπὼς"
The Taking of Ilios,1,400,True,LSSLLLSSLSSLSSLL,LSSLLLSSLSSLSSLL,1.5,1,0,correption,ει:L:nature ε:S:nature αι:S:nature ε:L:position ει:L:nature οι:L:nature ο:S:nature ι:S:lexicon ο:L:position ε:S:nature α:S:lexicon ου:L:nature α:S:lexicon α:S:lexicon ω:L:nature ω:L:line_final,κείσεαι Ἑρκείοιο Διὸς μεγάλου παρὰ βωμῷ·
The Taking of Ilios,1,401,True,LSSLSSLSSLSSLSSLL,LSSLSSLSSLSSLSSLL,0.0,1,1,,η:L:nature ε:S:nature α:S:unknown ι:L:position ο:S:nature ο:S:nature ει:L:nature α:S:antepenult_accent ε:S:nature ε:L:position ο:S:nature ε:S:nature η:L:nature α:S:lexicon ο:S:nature ο:L:position η:L:line_final,"μῆτερ ἀριστοτόκεια, σὲ δὲ βροτέης ἀπὸ μορφῆς"
The Taking of Ilios,1,402,True,LSSLSSLSSLSSLLLL,LSSLSSLSSLSSLLLL,1.5,1,1,,υ:L:position α:S:unknown ε:S:nature η:L:nature ε:S:nature ι:S:lexicon αι:L:nature ι:S:lexicon ε:S:nature οι:L:nature υ:S:lexicon α:S:lexicon οι:L:nature η:L:nature ου:L:nature ι:L:antepenult_accent,λυσσαλέην ἐπὶ παισὶ θεοὶ κύνα ποιήσουσι.
The Taking of Ilios,1,403,True,LSSLLLSSLSSLSSLL,LSSLLLSSLSSLSSLL,0.0,1,0,,ι:L:lexicon α:S:lexicon ο:S:nature υ:L:position ει:L:nature η:L:nature ε:S:nature ε:S:nature α:L:position ι:S:lexicon ο:S:nature ε:L:position υ:S:lexicon ι:S:lexicon αι:L:nature η:L:line_final,"δῖα Πολυξείνη, σὲ δὲ πατρίδος ἐγγύθι γαίης"
The Taking of Ilios,1,404,True,LSSLSSLLLSSLSSLL,LSSLSSLLLSSLSSLL,0.5,1,2,correption,ε:L:position ι:S:unknown ε:S:nature η:L:nature ο:S:nature ι:S:lexicon ο:L:position α:L:position υ:L:unknown ο:S:nature αι:S:nature ω:L:nature ο:S:nature ε:S:nature ε:L:position ι:L:lexicon,κεκλιμένην ὀλίγον δακρύσομαι· ὡς ὄφελέν τις
The Taking of Ilios,1,405,True,LLLSSLSSLSSLSSLL,LLLSSLSSLSSLSSLL,0.5,1,0,correption,α:L:position ει:L:nature ω:L:nature ε:S:nature ι:S:lexicon οι:L:nature ι:S:lexicon ο:S:nature οι:L:nature ο:S:nature ε:S:nature αι:L:nature ε:S:nature αι:S:nature αυ:L:nature η:L:line_final,Ἀργείων ἐπὶ σοῖσι γόοις ὀλέσαι με καὶ αὐτήν.
The Taking of Ilios,1,406,True,LLLLLSSLSSLSSLL,LLLLLSSLSSLSSLL,0.0,1,0,,ι:L:lexicon α:L:lexicon οι:L:nature+position ει:L:nature ω:L:nature ι:S:lexicon ο:S:nature ου:L:nature+position ε:S:nature ο:S:nature ει:L:nature ε:S:nature υ:S:lexicon α:L:position ει:L:line_final,"τίς γάρ μοι χρειὼ βιότου πλέον, εἴ με φυλάσσει"
The Taking of Ilios,1,407,True,LSSLSSLLLSSLSSLL,LSSLSSLLLSSLSSLL,0.0,1,2,,οι:L:nature+position ο:S:nature α:S:unknown ω:L:nature α:S:lexicon α:S:lexicon ω:L:nature+position ει:L:nature η:L:nature ε:S:nature ε:S:nature αι:L:nature α:S:lexicon α:S:unknown υ:L:position ει:L:line_final,"οἰκτροτάτῳ θανάτῳ, ξείνη δέ με γαῖα καλύψει;"
The Taking of Ilios,1,408,True,LSSLLLSSLLLSSLL,LSSLLLSSLLLSSLL,0.5,1,0,correption,οι:L:nature α:S:paroxytone_short_ultima ε:S:nature οι:L:nature ε:L:position οι:L:nature α:S:antepenult_accent αι:S:nature αυ:L:nature ω:L:nature ω:L:nature ο:S:nature α:S:lexicon α:L:lexicon ι:L:lexicon,τοιάδε μοι δέσποινα καὶ αὐτῷ δῶρον ἄνακτι
The Taking of Ilios,1,409,True,LSSLSSLSSLSSLSSLL,LSSLSSLSSLSSLSSLL,0.0,1,3,,α:L:position ι:S:lexicon ο:S:nature ω:L:nature+position α:S:unknown α:S:unknown ω:L:nature α:S:lexicon α:S:lexicon ε:L:position ο:S:nature ι:S:lexicon ο:L:position ο:S:nature υ:S:unknown αι:L:nature ει:L:line_final,ἀντὶ τόσων καμάτων Ἀγαμέμνονι πότμον ὑφαίνει.
The Taking of Ilios,1,410,True,LLLLLSSLLLSSLL,LLLLLSSLLLSSLL,0.0,1,1,,α:L:position η:L:nature η:L:nature+position α:L:position ε:L:position ε:S:nature α:S:unknown ε:L:position ω:L:nature ε:L:position ε:S:nature α:S:lexicon ο:L:position ε:L:line_final,ἀλλ’ ἤδη φράζεσθε—τὰ δὲ γνώσεσθε παθόντες—
The Taking of Ilios,1,411,True,LSSLSSLSSLLLSSLL,LSSLSSLSSLLLSSLL,0.0,1,1,,αι:L:nature ε:S:nature ε:S:nature η:L:nature α:S:unknown ο:S:nature ε:L:position ε:S:nature ι:S:lexicon οι:L:nature+position α:L:position ι:L:position ο:S:nature ο:S:nature α:L:lexicon η:L:line_final,"καὶ νεφέλην ἀπόθεσθε, φίλοι, βλαψίφρονος ἄτης."
The Taking of Ilios,1,412,True,LLLSSLSSLSSLSSLL,LLLSSLSSLSSLSSLL,0.0,1,1,,η:L:nature+position υ:L:position ω:L:nature ε:S:nature ε:S:nature ε:L:position ι:S:lexicon ε:S:nature α:L:lexicon ο:S:nature υ:S:unknown α:L:position ε:S:nature ο:S:nature ι:L:position ου:L:line_final,ῥηγνύσθω πελέκεσσι δέμας πολυχανδέος ἵππου
The Taking of Ilios,1,413,True,LSSLLLSSLSSLSSLL,LSSLLLSSLSSLSSLL,0.0,1,0,,η:L:nature υ:S:lexicon ι:S:lexicon αι:L:nature ε:L:position ω:L:nature ο:S:nature ο:S:nature ε:L:position α:S:antepenult_accent ε:S:nature ω:L:nature α:S:lexicon α:S:lexicon ευ:L:nature ο:L:line_final,ἢ πυρὶ καιέσθω· δολόεντα δὲ σώματα κεῦθον
The Taking of Ilios,1,414,True,LLLSSLSSLSSLSSLL,LLLSSLSSLSSLSSLL,0.0,1,0,,ο:L:position υ:L:position ω:L:nature ε:S:nature α:S:lexicon η:L:nature ε:S:nature ο:S:nature η:L:nature α:S:lexicon α:S:lexicon οι:L:nature ι:S:lexicon ε:S:nature ε:L:position ω:L:line_final,"ὀλλύσθω, μεγάλη δὲ ποθὴ Δαναοῖσι γενέσθω."
The Taking of Ilios,1,415,True,LSSLLLSSLSSLLLL,LSSLLLSSLSSLLLL,3.0,1,1,correption,αι:L:nature ο:S:nature ε:S:nature οι:L:nature αι:L:nature υ:L:position ε:S:nature αι:S:nature ε:L:position ο:S:nature ο:S:nature ο:L:position υ:L:unknown ε:L:position ε:L:line_final,καὶ τότε μοι δαίνυσθε καὶ ἐς χορὸν ὀτρύνεσθε
The Taking of Ilios,1,416,True,LSSLLLSSLSSLSSLL,LSSLLLSSLSSLSSLL,0.0,1,1,,η:L:nature α:S:lexicon ε:S:nature οι:L:nature+position η:L:nature η:L:nature α:S:lexicon ε:S:nature ευ:L:nature ε:S:nature ι:S:unknown η:L:nature ε:S:nature α:S:lexicon ει:L:nature η:L:line_final,στησάμενοι κρητῆρας ἐλευθερίης ἐρατεινῆς.
The Taking of Ilios,1,417,True,LSSLLLSSLSSLSSLL,LSSLLLSSLSSLSSLL,0.0,1,1,,η:L:nature ε:S:nature ε:S:nature η:L:nature η:L:nature ου:L:nature ι:S:unknown ε:S:nature ει:L:nature ε:S:nature ο:S:nature η:L:nature+position α:S:lexicon α:S:lexicon ο:L:position ω:L:line_final,ἡ μὲν ἔφη· τῇ δ’ οὔτις ἐπείθετο· τὴν γὰρ Ἀπόλλων
The Taking of Ilios,1,418,True,LSSLLLSSLSSLSSLL,LSSLLLSSLSSLSSLL,0.5,1,1,correption,α:L:position ο:S:nature ε:S:nature ο:L:position α:L:paroxytone_short_ultima ι:L:lexicon α:S:lexicon α:S:lexicon η:L:nature+position αι:S:nature α:S:unknown ι:L:position ο:S:nature ε:S:nature η:L:nature ε:L:line_final,ἀμφότερον μάντιν τ’ ἀγαθὴν καὶ ἄπιστον ἔθηκεν.
The Taking of Ilios,1,419,True,LSSLSSLSSLLLSSLL,LSSLSSLSSLLLSSLL,0.0,1,0,,η:L:nature+position ε:S:nature α:S:lexicon η:L:nature ε:S:nature ε:S:nature ι:L:lexicon ε:S:nature ο:S:nature ο:L:position η:L:nature α:L:lexicon ε:S:nature ε:S:nature ε:L:position ι:L:lexicon,τὴν δὲ πατὴρ ἐνένιπεν ὁμοκλήσας ἐπέεσσι·
The Taking of Ilios,1,420,True,LSSLSSLSSLSSLSSLL,LSSLSSLSSLSSLSSLL,0.0,1,1,,ι:L:lexicon ε:S:nature α:S:lexicon ι:L:lexicon α:S:unknown ο:S:nature α:L:position ι:S:antepenult_accent υ:S:lexicon ω:L:nature υ:S:lexicon ο:S:nature η:L:nature α:S:lexicon ε:S:nature αι:L:nature ω:L:line_final,"τίς σε πάλιν, κακόμαντι, δυσώνυμος ἤγαγε δαίμων,"
The Taking of Ilios,1,421,True,LSSLSSLSSLSSLSSLL,LSSLSSLSSLSSLSSLL,0.0,1,7,,α:L:position α:S:unknown ε:S:nature η:L:nature υ:S:unknown ο:S:nature υι:L:nature α:S:antepenult_accent α:S:unknown η:L:nature υ:S:unknown α:S:unknown ου:L:nature α:S:unknown ε:S:nature υ:L:unknown ει:L:line_final,θαρσαλέη κυνόμυια; μάτην ὑλάουσ’ ἀπερύκεις.
The Taking of Ilios,1,422,True,LLLLLSSLLLSSLL,LLLLLSSLLLSSLL,0.0,1,0,,ου:L:nature ω:L:nature οι:L:nature ε:L:position η:L:nature ε:S:nature ο:S:nature ο:L:position υ:L:position ω:L:nature ε:S:nature ι:S:antepenult_accent ου:L:nature ω:L:line_final,"οὔπω σοι κέκμηκε νόος λυσσώδεϊ νούσῳ,"
The Taking of Ilios,1,423,True,LSSLLLSSLSSLSSLL,LSSLLLSSLSSLSSLL,0.0,1,4,,ου:L:nature ε:S:nature α:S:unknown ι:L:position η:L:nature ω:L:nature ε:S:nature ο:S:nature ε:L:position α:S:unknown ο:S:nature α:L:position ο:S:nature υ:S:unknown α:L:unknown ω:L:line_final,οὐδὲ παλιμφήμων ἐκορέσσαο λαβροσυνάων;
The Taking of Ilios,1,424,True,LSSLSSLSSLSSLSSLL,LSSLSSLSSLSSLSSLL,0.5,1,3,correption,α:L:position α:S:lexicon αι:S:nature η:L:nature ε:S:nature ε:S:nature η:L:nature ι:S:lexicon ε:S:nature α:L:position υ:S:unknown ε:S:nature η:L:nature α:S:unknown ι:S:unknown η:L:nature ι:L:antepenult_accent,ἀλλὰ καὶ ἡμετέρῃσιν ἐπαχνυμένη θαλίῃσιν
The Taking of Ilios,1,425,True,LSSLSSLSSLSSLSSLL,LSSLSSLSSLSSLSSLL,0.0,1,1,,η:L:nature υ:S:lexicon ε:S:nature ο:L:position ο:S:nature ε:S:nature α:L:lexicon ι:S:lexicon ε:S:nature ευ:L:nature ε:S:nature ο:S:nature η:L:nature α:S:lexicon α:S:unknown η:L:nature+position ε:L:line_final,"ἤλυθες, ὁππότε πᾶσιν ἐλεύθερον ἦμαρ ἀνῆψεν"
The Taking of Ilios,1,426,True,LLLSSLSSLSSLSSLL,LLLSSLSSLSSLSSLL,0.0,1,0,,η:L:nature ι:L:lexicon ευ:L:nature+position ο:S:nature ι:S:lexicon η:L:nature ε:S:nature ε:S:nature α:L:position ε:S:nature ε:S:nature η:L:nature α:S:lexicon α:S:lexicon αι:L:nature ω:L:line_final,"ἡμῖν Ζεὺς Κρονίδης, ἐκέδασσε δὲ νῆας Ἀχαιῶν."
The Taking of Ilios,1,427,True,LSSLSSLSSLSSLSSLL,LSSLSSLSSLSSLSSLL,0.5,1,1,correption,ου:L:nature ε:S:nature ι:S:lexicon ου:L:nature α:S:lexicon α:S:lexicon α:L:position α:S:lexicon ι:S:unknown α:L:position ε:S:nature αι:S:nature ου:L:nature ε:S:nature ι:S:lexicon ο:L:position α:L:lexicon,"οὐδ’ ἔτι δούρατα μακρὰ τινάσσεται, οὐδ’ ἔτι τόξα"
The Taking of Ilios,1,428,True,LSSLSSLSSLLLSSLL,LSSLSSLSSLLLSSLL,0.5,1,3,correption,ε:L:position ε:S:nature αι:S:nature ου:L:nature+position ι:S:unknown ε:S:nature ω:L:nature+position ε:S:nature α:S:unknown η:L:nature ι:L:unknown ω:L:nature ι:S:properispomenon ο:S:nature ι:L:position οι:L:line_final,"ἕλκεται, οὐ ξιφέων σελαγή, σιγῶσι δ’ ὀιστοί,"
The Taking of Ilios,1,429,True,LSSLLLSSLSSLSSLL,LSSLLLSSLSSLSSLL,1.0,1,0,lexicon_overridden,α:L:position α:S:lexicon ο:S:nature οι:L:nature αι:L:nature ου:L:nature α:S:lexicon ε:S:nature ι:L:position ο:S:nature ο:S:nature ου:L:nature ε:S:nature ι:S:lexicon ει:L:nature η:L:line_final,"ἀλλὰ χοροὶ καὶ μοῦσα μελίπνοος, οὐδ’ ἔτι νείκη,"
The Taking of Ilios,1,430,True,LLLSSLSSLSSLSSLL,LLLSSLSSLSSLSSLL,0.5,1,2,correption,ου:L:nature η:L:nature η:L:nature ε:S:nature ι:S:lexicon αι:L:nature ι:S:lexicon ι:S:unknown υ:L:unknown ε:S:nature αι:S:nature ου:L:nature ε:S:nature ι:S:lexicon η:L:nature ι:L:lexicon,"οὐ μήτηρ ἐπὶ παιδὶ κινύρεται, οὐδ’ ἐπὶ δῆριν"
The Taking of Ilios,1,431,True,LSSLLLSSLLLSSLL,LSSLLLSSLLLSSLL,0.0,1,3,,α:L:lexicon α:S:lexicon υ:S:lexicon η:L:nature ε:L:position α:L:unknown α:S:antepenult_accent ε:S:nature υ:L:lexicon α:L:position υ:L:unknown α:S:unknown ο:S:nature η:L:nature η:L:line_final,ἄνδρα γυνὴ πέμψασα νέκυν δακρύσατο χήρη·
The Taking of Ilios,1,432,True,LSSLSSLSSLSSLSSLL,LSSLSSLSSLSSLSSLL,0.0,1,2,,ι:L:paroxytone_short_ultima ο:S:nature α:S:unknown ε:L:position ο:S:nature ε:S:nature ο:L:position ε:S:nature ε:S:nature αι:L:nature ο:S:nature ι:S:unknown ου:L:nature ο:S:nature α:S:lexicon η:L:nature η:L:line_final,ἵππον ἀνελκόμενον δέχεται πολιοῦχος Ἀθήνη.
The Taking of Ilios,1,433,True,LSSLLLSSLSSLSSLL,LSSLLLSSLSSLSSLL,0.0,1,0,,α:L:position ε:S:nature ε:S:nature ο:L:position η:L:nature ε:L:position α:S:antepenult_accent υ:S:lexicon ε:L:position ο:S:nature ο:S:nature οι:L:nature ο:S:nature ο:S:nature ου:L:nature α:L:properispomenon,"παρθένε τολμήεσσα, σὺ δὲ πρὸ δόμοιο θοροῦσα"
The Taking of Ilios,1,434,True,LSSLLLSSLSSLLLL,LSSLLLSSLSSLLLL,2.0,1,0,correption,ευ:L:nature ε:S:nature α:S:lexicon ε:L:position ι:L:position ου:L:nature α:S:antepenult_accent αι:S:nature α:L:position ι:S:lexicon α:S:lexicon α:L:position αι:L:nature ου:L:nature α:L:antepenult_accent,ψεύδεα θεσπίζουσα καὶ ἄγρια μαργαίνουσα
The Taking of Ilios,1,435,True,LLLSSLSSLSSLSSLL,LLLSSLSSLSSLSSLL,0.5,1,1,correption,ο:L:position ι:L:position ει:L:nature α:S:lexicon ε:S:nature ε:L:position α:S:lexicon αι:S:nature ι:L:lexicon ε:S:nature ο:S:nature α:L:paroxytone_short_ultima υ:S:lexicon ι:S:unknown αι:L:nature ει:L:line_final,μοχθίζεις ἀτέλεστα καὶ ἱερὸν ἄστυ μιαίνεις.
The Taking of Ilios,1,436,True,LLLLLSSLSSLSSLL,LLLLLSSLSSLSSLL,0.0,1,0,,ε:L:position ου:L:nature ω:L:nature η:L:nature ι:L:lexicon ε:S:nature ο:S:nature οι:L:nature α:S:lexicon ι:S:lexicon αι:L:nature ε:S:nature ε:S:nature ο:L:position αι:L:line_final,ἔρρ’ οὕτως· ἡμῖν δὲ χοροὶ θαλίαι τε μέλονται.
The Taking of Ilios,1,437,True,LSSLLLSSLSSLSSLL,LSSLLLSSLSSLSSLL,0.0,1,0,,ου:L:nature α:S:lexicon ε:S:nature ι:L:lexicon οι:L:nature η:L:nature υ:S:lexicon ο:S:nature ει:L:nature ε:S:nature ι:S:antepenult_accent ει:L:nature α:S:lexicon ε:S:nature ει:L:nature+position αι:L:line_final,"οὐ γὰρ ἔτι Τροίης ὑπὸ τείχεσι δεῖμα λέλειπται,"
The Taking of Ilios,1,438,True,LSSLSSLSSLLLSSLL,LSSLSSLSSLLLSSLL,0.0,1,1,,ου:L:nature ε:S:nature ι:S:lexicon α:L:position ι:S:unknown ο:S:nature οι:L:nature ο:S:nature ε:S:nature η:L:nature+position ε:L:position η:L:nature ε:S:nature α:S:antepenult_accent ω:L:nature η:L:line_final,οὐδ’ ἔτι μαντιπόλοιο τεῆς κεχρήμεθα φωνῆς.
The Taking of Ilios,1,439,True,LLLSSLSSLSSLSSLL,LLLSSLSSLSSLSSLL,0.0,1,0,,ω:L:nature ει:L:nature ω:L:nature ε:S:nature ε:S:nature ευ:L:nature ε:S:nature α:S:lexicon ει:L:nature ε:S:nature ε:S:nature ο:L:position ο:S:nature α:S:antepenult_accent ου:L:nature η:L:line_final,ὣς εἰπὼν ἐκέλευσεν ἄγειν ἑτερόφρονα κούρην
The Taking of Ilios,1,440,True,LLLSSLSSLSSLSSLL,LLLSSLSSLSSLSSLL,0.0,1,3,,ευ:L:nature ω:L:nature ε:L:position α:S:unknown α:S:unknown οι:L:nature ι:S:antepenult_accent ο:S:nature ι:L:lexicon α:S:unknown ε:S:nature ου:L:nature α:S:antepenult_accent ο:S:nature η:L:nature ι:L:lexicon,κεύθων ἐν θαλάμοισι· μόγις δ’ ἀέκουσα τοκῆι
The Taking of Ilios,1,441,True,LSSLSSLSSLLLSSLL,LSSLSSLSSLLLSSLL,0.0,1,1,,ει:L:nature ε:S:nature ο:S:nature α:L:position ε:S:nature ι:S:unknown ω:L:nature ε:S:nature ε:S:nature ι:L:lexicon ι:L:position η:L:nature ι:S:properispomenon ε:S:nature ου:L:nature α:L:lexicon,"πείθετο, παρθενίῳ δὲ περὶ κλιντῆρι πεσοῦσα"
The Taking of Ilios,1,442,True,LSSLSSLSSLSSLSSLL,LSSLSSLSSLSSLSSLL,0.0,1,1,,αι:L:nature ε:S:nature ε:S:nature ι:L:position α:S:unknown ε:S:nature η:L:nature ο:S:nature ε:S:nature ο:L:position ο:S:nature ο:S:nature ε:L:position ε:S:nature ε:S:nature η:L:nature η:L:line_final,κλαῖεν ἐπισταμένη τὸν ἑὸν μόρον· ἔβλεπε δ’ ἤδη
The Taking of Ilios,1,443,True,LSSLSSLSSLSSLSSLL,LSSLSSLSSLSSLSSLL,0.0,1,0,,α:L:position ι:S:lexicon ο:S:nature αι:L:nature ο:S:nature ε:S:nature η:L:nature ε:S:nature ι:S:lexicon ει:L:nature ε:S:nature ι:S:antepenult_accent α:L:position α:S:lexicon ε:S:nature ο:L:position υ:L:lexicon,πατρίδος αἰθομένης ἐπὶ τείχεσι μαρνάμενον πῦρ.
The Taking of Ilios,1,444,True,LSSLLLSSLSSLSSLL,LSSLLLSSLSSLSSLL,0.0,1,0,,οι:L:nature ε:S:nature ο:S:nature ι:L:position ου:L:nature οι:L:nature ο:S:nature ε:S:nature η:L:nature υ:S:lexicon ο:S:nature η:L:nature ο:S:nature α:S:lexicon η:L:nature η:L:line_final,οἱ δὲ πολισσούχοιο θεῆς ὑπὸ νηὸν Ἀθήνης
The Taking of Ilios,1,445,True,LSSLLLSSLLLSSLL,LSSLLLSSLLLSSLL,0.0,1,1,,ι:L:paroxytone_short_ultima ο:S:nature α:S:unknown α:L:position η:L:nature α:L:position ε:S:nature ε:S:nature υ:L:position ε:L:position ω:L:nature ε:S:nature ι:S:lexicon α:L:position ω:L:line_final,ἵππον ἀναστήσαντες ἐυξέστων ἐπὶ βάθρων
The Taking of Ilios,1,446,True,LSSLSSLSSLLLSSLL,LSSLSSLSSLLLSSLL,0.0,1,0,,ε:L:position ε:S:nature ο:S:nature ι:L:lexicon ε:S:nature α:S:lexicon α:L:lexicon α:S:lexicon ο:S:nature υ:L:position ι:L:position ω:L:nature ε:S:nature ι:S:lexicon ω:L:nature ω:L:line_final,ἔφλεγον ἱερὰ καλὰ πολυκνίσσων ἐπὶ βωμῶν·
The Taking of Ilios,1,447,True,LSSLSSLSSLLLSSLL,LSSLSSLSSLLLSSLL,0.0,1,2,,α:L:lexicon α:S:lexicon α:S:lexicon οι:L:nature α:S:unknown ε:S:nature ευ:L:nature ο:S:nature α:S:unknown η:L:nature υ:L:position ου:L:nature ε:S:nature α:S:lexicon ο:L:position α:L:line_final,ἀθάνατοι δ’ ἀνένευον ἀνηνύστους ἑκατόμβας.
The Taking of Ilios,1,448,True,LSSLSSLSSLSSLSSLL,LSSLSSLSSLSSLSSLL,0.5,1,3,correption,ει:L:nature α:S:unknown ι:S:unknown η:L:nature ε:S:nature ι:S:unknown η:L:nature ο:S:nature ε:S:nature η:L:nature+position αι:S:nature α:S:lexicon η:L:nature α:S:lexicon ο:S:nature υ:L:paroxytone_short_ultima ι:L:lexicon,"εἰλαπίνη δ’ ἐπίδημος ἔην καὶ ἀμήχανος ὕβρις,"
The Taking of Ilios,1,449,True,LSSLLLSSLLLSSLL,LSSLLLSSLLLSSLL,0.0,1,1,,υ:L:paroxytone_short_ultima ι:S:lexicon ε:S:nature α:L:position ι:L:position ου:L:nature α:S:antepenult_accent ε:S:nature η:L:nature+position υ:L:unknown η:L:nature ο:S:nature ο:S:nature οι:L:nature ου:L:line_final,ὕβρις ἐλαφρίζουσα μέθην λυσήνορος οἴνου.
The Taking of Ilios,1,450,True,LSSLSSLSSLSSLSSLL,LSSLSSLSSLSSLSSLL,0.0,1,0,,α:L:position α:S:lexicon ι:S:lexicon η:L:nature ε:S:nature ε:S:nature υ:L:position ο:S:nature ε:S:nature η:L:nature ο:S:nature υ:S:lexicon η:L:nature ε:S:nature ε:S:nature η:L:nature ει:L:line_final,"ἀφραδίῃ τε βέβυστο, μεθημοσύνῃ τε κεχήνει"
The Taking of Ilios,1,451,True,LSSLSSLSSLSSLSSLL,LSSLSSLSSLSSLSSLL,1.0,1,0,lexicon_overridden,α:L:lexicon α:S:lexicon ο:S:nature ι:L:lexicon υ:S:lexicon ε:S:nature ω:L:nature+position ο:S:nature ι:S:paroxytone_short_ultima οι:L:nature+position υ:S:lexicon α:S:lexicon ε:L:position ι:S:lexicon ε:S:nature η:L:nature ει:L:line_final,"πᾶσα πόλις, πυλέων δ’ ὀλίγοις φυλάκεσσι μεμήλει·"
The Taking of Ilios,1,452,True,LLLLLSSLSSLSSLL,LLLLLSSLSSLSSLL,0.0,1,1,,η:L:nature η:L:nature α:L:lexicon αι:L:nature ε:L:position ο:S:nature ε:S:nature υ:L:unknown ε:S:nature ο:S:nature αι:L:nature ο:S:nature ι:S:lexicon η:L:nature ε:L:line_final,"ἤδη γὰρ καὶ φέγγος ἐδύετο, δαιμονίη δὲ"
The Taking of Ilios,1,453,True,LSSLLLSSLSSLSSLL,LSSLLLSSLSSLSSLL,0.0,1,1,,ι:L:lexicon ι:S:lexicon ο:S:nature αι:L:nature ει:L:nature η:L:nature ο:S:nature ε:S:nature ι:L:position ο:S:nature ι:S:antepenult_accent α:L:position ε:S:nature α:S:unknown ε:L:position υ:L:line_final,Ἴλιον αἰπεινὴν ὀλεσίπτολις ἀμφέβαλεν νύξ.
The Taking of Ilios,1,454,True,LLLSSLSSLSSLLLL,LLLSSLSSLSSLLLL,1.5,1,0,,α:L:position ει:L:nature η:L:nature ε:S:nature ε:S:nature η:L:nature ο:S:nature ι:S:lexicon ο:L:position ε:S:nature α:S:lexicon α:L:position η:L:nature α:L:lexicon α:L:lexicon,Ἀργείῃ δ’ Ἑλένῃ πολιὸν δέμας ἀσκήσασα
The Taking of Ilios,1,455,True,LSSLSSLSSLLLSSLL,LSSLSSLSSLLLSSLL,1.0,1,0,lexicon_overridden,η:L:nature+position ε:S:nature ο:S:nature ο:L:position ο:S:nature ε:S:nature ου:L:nature α:S:lexicon ο:S:nature υ:L:position α:L:position ω:L:nature α:S:lexicon ο:S:nature ι:L:lexicon η:L:line_final,"ἦλθε δολοφρονέουσα πολυφράδμων Ἀφροδίτη,"
The Taking of Ilios,1,456,True,LSSLSSLSSLLLSSLL,LSSLSSLSSLLLSSLL,0.0,1,0,,ε:L:position ε:S:nature α:S:lexicon ε:L:position α:S:lexicon ε:S:nature η:L:nature+position ο:S:nature ε:S:nature η:L:nature ει:L:nature η:L:nature ο:S:nature ι:S:antepenult_accent ω:L:nature η:L:line_final,ἐκ δὲ καλεσσαμένη προσέφη πειθήμονι φωνῇ·
The Taking of Ilios,1,457,True,LSSLSSLSSLSSLSSLL,LSSLSSLSSLSSLSSLL,0.0,1,0,,υ:L:paroxytone_short_ultima α:S:lexicon ι:S:lexicon η:L:nature α:S:lexicon ε:S:nature ει:L:nature ε:S:nature ο:S:nature ι:L:lexicon ε:S:nature ε:S:nature α:L:lexicon ο:S:nature α:S:lexicon η:L:nature ω:L:line_final,"νύμφα φίλη, καλέει σε πόσις Μενέλαος ἀγήνωρ"
The Taking of Ilios,1,458,True,LLLSSLSSLSSLSSLL,LLLSSLSSLSSLSSLL,0.0,1,1,,ι:L:position ω:L:nature ου:L:nature α:S:unknown ε:S:nature ω:L:nature ε:S:nature α:S:lexicon υ:L:position ε:S:nature ο:S:nature α:L:position ι:S:lexicon α:S:lexicon αι:L:nature ω:L:line_final,"ἵππῳ δουρατέῳ κεκαλυμμένος, ἀμφὶ δ’ Ἀχαιῶν"
The Taking of Ilios,1,459,True,LSSLSSLSSLLLSSLL,LSSLSSLSSLLLSSLL,0.0,1,0,,η:L:nature ε:S:nature ο:S:nature ε:L:position ο:S:nature ο:S:nature ω:L:nature ι:S:antepenult_accent ε:S:nature ω:L:nature+position η:L:nature+position η:L:nature ε:S:nature α:S:lexicon ε:L:position ω:L:line_final,ἡγεμόνες λοχόωσι τεῶν μνηστῆρες ἀέθλων.
The Taking of Ilios,1,460,True,LSSLSSLSSLSSLSSLL,LSSLSSLSSLSSLSSLL,0.0,1,0,,α:L:position ι:S:lexicon ι:S:lexicon η:L:nature ε:S:nature ι:S:lexicon οι:L:nature ε:S:nature ε:S:nature ω:L:nature+position ι:S:lexicon α:S:lexicon οι:L:nature ο:S:nature ε:S:nature ο:L:position ο:L:line_final,"ἀλλ’ ἴθι, μηδ’ ἔτι τοι μελέτω Πριάμοιο γέροντος"
The Taking of Ilios,1,461,True,LLLLLLLLLSSLL,LLLLLLLLLSSLL,0.0,1,1,,η:L:nature α:L:position ω:L:nature+position ω:L:nature ω:L:nature+position η:L:nature αυ:L:nature ου:L:nature η:L:nature ι:S:unknown ο:S:nature οι:L:nature ο:L:line_final,μήτ’ ἄλλων Τρώων μήτ’ αὐτοῦ Δηιφόβοιο·
The Taking of Ilios,1,462,True,LLLSSLSSLLLSSLL,LLLSSLSSLLLSSLL,0.0,1,0,,η:L:nature η:L:nature α:L:lexicon ε:S:nature ι:S:lexicon ω:L:nature ι:S:lexicon ο:S:nature υ:L:position η:L:nature ω:L:nature ε:S:nature ε:S:nature α:L:lexicon ω:L:line_final,ἤδη γάρ σε δίδωμι πολυτλήτῳ Μενελάῳ.
The Taking of Ilios,1,463,True,LSSLSSLSSLSSLSSLL,LSSLSSLSSLSSLSSLL,0.0,1,0,,ω:L:nature+position α:S:lexicon ε:S:nature η:L:nature ε:S:nature ο:S:nature αυ:L:nature ι:S:properispomenon α:S:lexicon ε:L:position α:S:lexicon ε:S:nature η:L:nature ε:S:nature ο:S:nature οι:L:nature ι:L:lexicon,ὣς φαμένη θεὸς αὖθις ἀνέδραμεν· ἡ δὲ δόλοισι
The Taking of Ilios,1,464,True,LSSLSSLSSLSSLLLL,LSSLSSLSSLSSLLLL,1.5,1,0,,ε:L:position ο:S:nature ε:S:nature η:L:nature+position α:S:lexicon ι:S:lexicon η:L:nature+position α:S:lexicon α:S:lexicon ο:L:position ι:S:lexicon ε:S:nature η:L:nature ω:L:nature ε:L:position α:L:lexicon,"θελγομένη κραδίην θάλαμον λίπε κηώεντα,"
The Taking of Ilios,1,465,True,LLLSSLSSLSSLSSLL,LLLSSLSSLSSLSSLL,0.0,1,2,,αι:L:nature οι:L:nature η:L:nature ι:S:unknown ο:S:nature ο:L:position ο:S:nature ι:S:lexicon ει:L:nature ε:S:nature ο:S:nature η:L:nature+position ε:S:nature ι:S:unknown ου:L:nature α:L:properispomenon,καί οἱ Δηίφοβος πόσις εἴπετο· τὴν δὲ κιοῦσαν
The Taking of Ilios,1,466,True,LSSLSSLSSLLLSSLL,LSSLSSLSSLLLSSLL,0.0,1,0,,ω:L:nature α:S:lexicon ε:S:nature ε:L:position ε:S:nature ι:S:lexicon ω:L:nature ε:S:nature ε:S:nature η:L:nature η:L:nature α:L:position ο:S:nature υ:S:lexicon αι:L:nature ε:L:line_final,Τρῳάδες ἑλκεχίτωνες ἐθηήσαντο γυναῖκες.
The Taking of Ilios,1,467,True,LSSLSSLSSLSSLSSLL,LSSLSSLSSLSSLSSLL,0.0,1,1,,η:L:nature ο:S:nature ο:S:nature υ:L:position ι:S:unknown ε:S:nature α:L:position ο:S:nature ε:S:nature ι:L:lexicon ε:S:nature ο:S:nature η:L:nature+position ε:S:nature α:S:lexicon η:L:nature η:L:line_final,"ἡ δ’ ὁπόθ’ ὑψιμέλαθρον ἐς ἱερὸν ἦλθεν Ἀθήνης,"
The Taking of Ilios,1,468,True,LLLLLSSLLLSSLL,LLLLLSSLLLSSLL,0.0,1,0,,ε:L:position η:L:nature α:L:position αι:L:nature ου:L:nature α:S:antepenult_accent υ:S:lexicon η:L:nature ευ:L:nature η:L:nature ο:S:nature ο:S:nature ι:L:position ου:L:line_final,ἔστη παπταίνουσα φυὴν εὐήνορος ἵππου.
The Taking of Ilios,1,469,True,LSSLLLSSLLLSSLL,LSSLLLSSLLLSSLL,0.5,1,0,correption,ι:L:lexicon ε:S:nature ε:S:nature ι:L:position ει:L:nature ου:L:nature α:S:antepenult_accent αι:S:nature α:L:position ει:L:nature ου:L:nature ε:S:nature ε:S:nature ου:L:nature α:L:antepenult_accent,τρὶς δὲ περιστείχουσα καὶ Ἀργείους ἐρέθουσα
The Taking of Ilios,1,470,True,LLLSSLSSLSSLSSLL,LLLSSLSSLSSLSSLL,0.0,1,0,,α:L:lexicon α:L:lexicon η:L:nature υ:S:lexicon ο:S:nature ου:L:nature α:S:lexicon ο:S:nature ου:L:nature ο:S:nature ο:S:nature α:L:position ε:S:nature α:S:lexicon αι:L:nature ω:L:line_final,πάσας ἠυκόμους ἀλόχους ὀνόμαζεν Ἀχαιῶν
The Taking of Ilios,1,471,True,LLLSSLLLSSLSSLL,LLLSSLLLSSLSSLL,0.0,1,1,,ω:L:nature η:L:nature ε:L:position α:S:lexicon ε:S:nature η:L:nature οι:L:nature ε:L:position ο:S:nature ι:S:lexicon υ:L:lexicon ο:S:nature α:S:unknown υ:L:position ο:L:line_final,φωνῇ λεπταλέῃ· τοὶ δ’ ἔνδοθι θυμὸν ἄμυσσον
The Taking of Ilios,1,472,True,LLLSSLSSLSSLSSLL,LLLSSLSSLSSLSSLL,0.0,1,2,,α:L:position ει:L:nature οι:L:nature α:S:unknown ε:S:nature ο:L:position ε:S:nature ε:S:nature ε:L:position ε:S:nature α:S:unknown α:L:position υ:S:lexicon α:S:lexicon ι:L:lexicon η:L:line_final,ἀλγεινοὶ κατέχοντες ἐεργμένα δάκρυα σιγῇ.
The Taking of Ilios,1,473,True,LSSLSSLSSLSSLSSLL,LSSLSSLSSLSSLSSLL,0.0,1,1,,ε:L:position ε:S:nature ε:S:nature ε:L:position ε:S:nature ε:S:nature α:L:lexicon ο:S:nature ε:S:nature ει:L:nature+position υ:S:paroxytone_short_ultima ε:S:nature υ:L:position α:S:unknown ε:S:nature ω:L:nature η:L:line_final,"ἔστενε μὲν Μενέλαος, ἐπεὶ κλύε Τυνδαρεώνης,"
The Taking of Ilios,1,474,True,LSSLLLLLSSLSSLL,LSSLLLLLSSLSSLL,0.0,1,3,,αι:L:nature ε:S:nature ε:S:nature υ:L:unknown ει:L:nature η:L:nature+position ε:L:position η:L:nature ε:S:nature ο:S:nature αι:L:nature ι:S:unknown α:S:unknown ει:L:nature η:L:line_final,"κλαῖε δὲ Τυδείδης μεμνημένος Αἰγιαλείης,"
The Taking of Ilios,1,475,True,LSSLLLSSLSSLSSLL,LSSLLLSSLSSLSSLL,0.0,1,1,,ου:L:nature ο:S:nature α:S:lexicon ε:L:position οι:L:nature η:L:nature ε:S:nature ο:S:nature υ:L:position ε:S:nature α:S:unknown η:L:nature ε:S:nature ο:S:nature ει:L:nature η:L:line_final,"οὔνομα δ’ ἐπτοίησεν Ὀδυσσέα Πηνελοπείης,"
The Taking of Ilios,1,476,True,LLLSSLSSLSSLSSLL,LLLSSLSSLSSLSSLL,0.0,1,2,,α:L:position ι:L:position ο:L:position ο:S:nature ε:S:nature ε:L:position ο:S:nature ε:S:nature ε:L:position α:S:lexicon ο:S:nature α:L:unknown ο:S:nature α:S:unknown ει:L:nature η:L:line_final,"Ἄντικλος δ’ ὅτε κέντρον ἐδέξατο Λαοδαμείης,"
The Taking of Ilios,1,477,True,LSSLLLSSLSSLSSLL,LSSLLLSSLSSLSSLL,0.0,1,3,,ου:L:nature ο:S:nature α:S:unknown οι:L:nature αι:L:nature η:L:nature α:S:unknown ε:S:nature α:L:position ε:S:nature ο:S:nature η:L:nature υ:S:properispomenon α:S:unknown οι:L:nature+position α:L:line_final,μοῦνος ἀμοιβαίην ἀνεβάλλετο γῆρυν ἀνοίξας·
The Taking of Ilios,1,478,True,LSSLSSLSSLSSLSSLL,LSSLSSLSSLSSLSSLL,0.5,1,1,correption,α:L:position ο:S:nature υ:S:lexicon ευ:L:nature+position α:S:unknown ε:S:nature α:L:position ο:S:nature αι:S:nature α:L:position ο:S:nature ε:S:nature η:L:nature+position α:S:lexicon α:S:lexicon η:L:nature ι:L:lexicon,ἀλλ’ Ὀδυσεὺς κατέπαλτο καὶ ἀμφοτέρῃς παλάμῃσιν
The Taking of Ilios,1,479,True,LSSLSSLSSLSSLSSLL,LSSLSSLSSLSSLSSLL,0.0,1,2,,α:L:position ι:S:unknown ε:S:nature ω:L:nature ε:S:nature ι:S:unknown ε:L:position ε:S:nature ε:S:nature ει:L:nature ο:S:nature ε:S:nature ο:L:position ο:S:nature α:S:lexicon υ:L:lexicon αι:L:line_final,ἀμφιπεσὼν ἐπίεζεν ἐπειγόμενον στόμα λῦσαι.
The Taking of Ilios,1,480,True,LSSLLLSSLSSLSSLL,LSSLLLSSLSSLSSLL,0.0,1,2,,α:L:position α:S:unknown α:S:antepenult_accent α:L:position η:L:nature+position οι:L:nature ι:S:antepenult_accent α:S:unknown υ:L:position ο:S:nature ε:S:nature η:L:nature ι:S:lexicon ε:S:nature α:L:position ω:L:line_final,μάστακα δ’ ἀρρήκτοισιν ἀλυκτοπέδῃσι μεμαρπὼς
The Taking of Ilios,1,481,True,LSSLSSLSSLSSLSSLL,LSSLSSLSSLSSLSSLL,0.0,1,1,,ει:L:nature ε:S:nature ε:S:nature ι:L:position α:S:lexicon ε:S:nature ω:L:nature ο:S:nature ε:S:nature α:L:position ε:S:nature ο:S:nature ε:L:position ι:S:lexicon ι:S:unknown ε:L:position ει:L:line_final,"εἶχεν ἐπικρατέως· ὁ δ’ ἐπάλλετο χερσὶ πιεσθείς,"
The Taking of Ilios,1,482,True,LLLSSLSSLSSLSSLL,LLLSSLSSLSSLSSLL,0.0,1,2,,ευ:L:nature ω:L:nature α:L:position ο:S:nature ο:S:nature οι:L:nature ο:S:nature ε:S:nature ω:L:nature ι:S:lexicon α:S:lexicon ε:L:position α:S:unknown ι:S:unknown ω:L:nature η:L:line_final,φεύγων ἀνδροφόνοιο πελώρια δεσμὰ σιωπῆς.
The Taking of Ilios,1,483,True,LLLSSLSSLSSLSSLL,LLLSSLSSLSSLSSLL,0.0,1,1,,αι:L:nature ο:L:position ε:L:position ι:S:lexicon ε:S:nature α:L:circumflex α:S:lexicon ε:S:nature ε:L:position ι:S:unknown ο:S:nature οι:L:nature ε:S:nature ι:S:lexicon α:L:paroxytone_short_ultima οι:L:line_final,καὶ τὸν μὲν λίπεν ἆσθμα φερέσβιον· οἱ δέ μιν ἄλλοι
The Taking of Ilios,1,484,True,LSSLSSLSSLLLSSLL,LSSLSSLSSLLLSSLL,0.0,1,3,,α:L:position υ:S:lexicon ι:S:lexicon α:L:position ι:S:unknown ι:S:unknown οι:L:nature ι:S:antepenult_accent α:S:unknown α:L:position αυ:L:nature α:L:position ε:S:nature α:S:lexicon αι:L:nature οι:L:line_final,δάκρυσι λαθριδίοισι κατακλαύσαντες Ἀχαιοὶ
The Taking of Ilios,1,485,True,LSSLLLSSLSSLSSLL,LSSLLLSSLSSLSSLL,0.0,1,1,,οι:L:nature ο:S:nature α:S:unknown ο:L:position υ:L:position α:L:position ε:S:nature ε:S:nature ι:L:position ι:S:lexicon ο:S:nature ε:L:position ε:S:nature α:S:antepenult_accent ι:L:position ου:L:line_final,κοῖλον ἀποκρύψαντες ἐς ἰσχίον ἔνθεσαν ἵππου
The Taking of Ilios,1,486,True,LLLSSLSSLLLSSLL,LLLSSLSSLLLSSLL,0.0,1,0,,αι:L:nature+position αι:L:nature α:L:lexicon ε:S:nature ε:S:nature ε:L:position ι:S:antepenult_accent ε:S:nature ι:L:lexicon υ:L:position οι:L:nature ι:S:properispomenon α:S:lexicon ο:L:position ε:L:line_final,καὶ χλαῖναν μελέεσσιν ἐπὶ ψυχροῖσι βαλόντες.
The Taking of Ilios,1,487,True,LSSLSSLSSLSSLSSLL,LSSLSSLSSLSSLSSLL,0.0,1,0,,αι:L:nature υ:S:lexicon ε:S:nature α:L:paroxytone_short_ultima ο:S:nature ε:S:nature ε:L:position ε:S:nature υ:S:lexicon η:L:nature ο:S:nature ο:S:nature η:L:nature ι:S:antepenult_accent α:S:lexicon αι:L:nature ω:L:line_final,"καί νύ κεν ἄλλον ἔθελγε γυνὴ δολόμητις Ἀχαιῶν,"
The Taking of Ilios,1,488,True,LLLSSLSSLSSLLLL,LLLSSLSSLSSLLLL,2.5,1,1,lexicon_overridden,ει:L:nature η:L:nature οι:L:nature+position ο:S:nature υ:S:lexicon ω:L:nature ι:S:lexicon α:S:lexicon αι:L:nature ε:S:nature ο:S:nature α:L:position η:L:nature α:L:unknown α:L:antepenult_accent,εἰ μή οἱ βλοσυρῶπις ἀπ’ αἰθέρος ἀντήσασα
The Taking of Ilios,1,489,True,LSSLLLSSLLLSSLL,LSSLLLSSLLLSSLL,0.0,1,0,,α:L:position α:S:lexicon ε:S:nature η:L:nature ει:L:nature η:L:nature ε:S:nature ι:S:lexicon ου:L:nature ε:L:position η:L:nature α:S:lexicon ε:S:nature η:L:nature ου:L:line_final,"Παλλὰς ἐπηπείλησε, φίλου δ’ ἐξήγαγε νηοῦ"
The Taking of Ilios,1,490,True,LLLSSLSSLSSLSSLL,LLLSSLSSLSSLSSLL,0.0,1,2,,ου:L:nature η:L:nature αι:L:nature ο:S:nature ε:S:nature η:L:nature+position ε:S:nature ε:S:nature η:L:nature α:S:unknown ε:S:nature ε:L:position α:S:unknown ο:S:nature ω:L:nature η:L:line_final,"μούνῃ φαινομένη, στερεῇ δ’ ἀπεπέμψατο φωνῇ·"
The Taking of Ilios,1,491,True,LLLSSLSSLSSLSSLL,LLLSSLSSLSSLSSLL,0.0,1,1,,ει:L:nature αι:L:nature η:L:nature ε:S:nature ο:S:nature ε:L:position ι:S:lexicon α:S:unknown ι:L:position ο:S:nature υ:S:paroxytone_short_ultima αι:L:nature ε:S:nature ε:S:nature ου:L:nature ι:L:antepenult_accent,"δειλαίη, τέο μέχρις ἀλιτροσύναι σε φέρουσι"
The Taking of Ilios,1,492,True,LSSLSSLSSLLLSSLL,LSSLSSLSSLLLSSLL,1.0,1,1,cluster_short,αι:L:nature ο:S:nature ο:S:nature α:L:position ο:S:position ι:S:lexicon ω:L:nature+position ε:S:nature ε:S:nature ω:L:nature+position αι:L:nature υ:L:position ι:S:unknown ο:S:nature α:L:lexicon η:L:line_final,καὶ πόθος ἀλλοτρίων λεχέων καὶ Κύπριδος ἄτη;
The Taking of Ilios,1,493,True,LSSLLLSSLSSLSSLL,LSSLLLSSLSSLSSLL,0.0,1,0,,ου:L:nature ο:S:nature ε:S:nature οι:L:nature+position ει:L:nature ει:L:nature+position ο:S:nature ε:S:nature ο:L:position ο:S:nature ι:S:lexicon ου:L:nature ε:S:nature υ:S:lexicon α:L:lexicon α:L:lexicon,οὔποτε δ’ οἰκτείρεις πρότερον πόσιν οὐδὲ θύγατρα
The Taking of Ilios,1,494,True,LSSLSSLSSLLLSSLL,LSSLSSLSSLLLSSLL,0.0,1,0,,ε:L:position ι:S:lexicon ο:S:nature η:L:nature+position ο:S:nature ε:S:nature ει:L:nature ε:S:nature ι:S:lexicon ε:L:position ω:L:nature ε:L:position ι:S:lexicon α:S:lexicon η:L:nature ει:L:line_final,Ἑρμιόνην ποθέεις; ἔτι δὲ Τρώεσσιν ἀρήγεις;
The Taking of Ilios,1,495,True,LSSLSSLSSLSSLSSLL,LSSLSSLSSLSSLSSLL,0.0,1,2,,α:L:position ε:S:nature ο:S:nature αι:L:nature α:S:lexicon α:S:lexicon ω:L:nature υ:S:unknown ε:S:nature ω:L:nature ι:S:unknown ο:S:nature ει:L:nature α:S:lexicon α:S:lexicon α:L:lexicon α:L:lexicon,χάζεο καὶ θαλάμων ὑπερώιον εἰσαναβᾶσα
The Taking of Ilios,1,496,True,LSSLSSLSSLSSLSSLL,LSSLSSLSSLSSLSSLL,0.0,1,4,,υ:L:lexicon υ:S:lexicon ι:S:lexicon ει:L:nature ι:S:unknown ι:S:unknown ω:L:nature ο:S:nature ι:S:unknown ε:L:position υ:S:unknown ο:S:nature η:L:nature α:S:lexicon α:S:lexicon αι:L:nature ω:L:line_final,σὺν πυρὶ μειλιχίῳ ποτιδέχνυσο νῆας Ἀχαιῶν.
The Taking of Ilios,1,497,True,LSSLSSLSSLSSLSSLL,LSSLSSLSSLSSLSSLL,0.0,1,0,,ω:L:nature+position α:S:lexicon ε:S:nature η:L:nature ε:S:nature ε:S:nature η:L:nature α:S:lexicon α:S:lexicon η:L:nature ε:S:nature ε:S:nature α:L:position ε:S:nature υ:S:lexicon αι:L:nature ο:L:line_final,ὣς φαμένη κενεὴν ἀπάτην ἐκέδασσε γυναικός.
The Taking of Ilios,1,498,True,LLLSSLSSLSSLSSLL,LLLSSLSSLSSLSSLL,0.0,1,2,,αι:L:nature η:L:nature+position ε:L:position α:S:unknown α:S:unknown ο:L:position ε:S:nature ο:S:nature ε:L:position ε:S:nature ο:S:nature οι:L:nature ε:S:nature ο:S:nature οι:L:nature ο:L:line_final,καὶ τὴν μὲν θαλαμόνδε πόδες φέρον· οἱ δὲ χοροῖο
The Taking of Ilios,1,499,True,LSSLSSLLLSSLSSLL,LSSLSSLLLSSLSSLL,0.0,1,1,,αυ:L:nature α:S:lexicon ε:S:nature οι:L:nature α:S:lexicon α:S:lexicon ω:L:nature α:L:position η:L:nature ο:S:nature ε:S:nature η:L:nature ι:S:unknown ο:S:nature υ:L:position ω:L:line_final,παυσάμενοι καμάτῳ ἀδδηκότες ἤριπον ὕπνῳ.
The Taking of Ilios,1,500,True,LLLLLSSLSSLSSLL,LLLLLSSLSSLSSLL,0.0,1,2,,αι:L:nature η:L:nature ου:L:nature ο:L:position ι:L:position α:S:unknown ε:S:nature αυ:L:nature α:S:unknown ο:S:nature ει:L:nature ο:S:nature ε:S:nature α:L:position ω:L:line_final,"καὶ δή που φόρμιγξ ἀνεπαύσατο, κεῖτο δὲ κάμνων"
The Taking of Ilios,1,501,True,LSSLLLSSLSSLSSLL,LSSLLLSSLSSLSSLL,0.0,1,1,,αυ:L:nature ο:S:nature ε:S:nature ι:L:lexicon η:L:nature η:L:nature ι:S:lexicon υ:S:lexicon ε:L:position α:S:lexicon ε:S:nature ο:L:position α:S:lexicon υ:S:unknown ε:L:position α:L:line_final,"αὐλὸς ἐπὶ κρητῆρι, κύπελλα δὲ πολλὰ χυθέντα"
The Taking of Ilios,1,502,True,LSSLLLSSLSSLSSLL,LSSLLLSSLSSLSSLL,0.0,1,2,,αυ:L:nature ο:S:nature α:S:unknown ω:L:nature+position ει:L:nature ε:L:position ε:S:nature α:S:unknown ε:L:position ο:S:nature ε:S:nature ω:L:nature α:S:lexicon ο:S:nature ει:L:nature ω:L:line_final,αὐτομάτως ῥείεσκε καθελκομένων ἀπὸ χειρῶν.
The Taking of Ilios,1,503,True,LSSLSSLSSLSSLSSLL,LSSLSSLSSLSSLSSLL,0.0,1,3,,η:L:nature υ:S:unknown ι:S:unknown η:L:nature ε:S:nature ο:S:nature ι:L:lexicon α:S:unknown ε:S:nature ο:L:position ε:S:nature ο:S:nature υ:L:position ο:S:nature ε:S:nature αι:L:nature η:L:line_final,"ἡσυχίη δὲ πόλιν κατεβόσκετο, νυκτὸς ἑταίρη,"
The Taking of Ilios,1,504,True,LSSLSSLLLSSLSSLL,LSSLSSLLLSSLSSLL,0.0,1,5,,ου:L:nature υ:S:unknown α:S:unknown η:L:nature+position υ:S:unknown α:S:unknown ω:L:nature η:L:nature ου:L:nature ε:S:nature ο:S:nature α:L:lexicon α:S:lexicon ε:S:nature ι:L:unknown η:L:line_final,"οὐδ’ ὑλακὴ σκυλάκων ἠκούετο, πᾶσα δὲ σιγὴ"
The Taking of Ilios,1,505,True,LLLSSLSSLLLSSLL,LLLSSLSSLLLSSLL,0.0,1,3,,ει:L:nature+position η:L:nature ει:L:nature α:S:unknown ε:S:nature ου:L:nature α:S:antepenult_accent ο:S:nature ο:L:position ει:L:nature ου:L:nature α:S:antepenult_accent α:S:unknown υ:L:unknown η:L:line_final,εἱστήκει καλέουσα φόνον πνείουσαν ἀυτήν.
The Taking of Ilios,1,506,True,LLLLLSSLSSLSSLL,LLLLLSSLSSLSSLL,0.0,1,1,,η:L:nature η:L:nature ε:L:position ω:L:nature ε:L:position ι:S:lexicon ο:S:nature ε:L:position ι:S:lexicon ο:S:nature ει:L:nature+position ε:S:nature α:S:unknown α:L:position ο:L:line_final,ἤδη δὲ Τρώεσσιν ὀλέθριον εἷλκε τάλαντον
The Taking of Ilios,1,507,True,LSSLSSLSSLSSLSSLL,LSSLSSLSSLSSLSSLL,0.0,1,0,,ευ:L:nature+position α:S:lexicon ι:S:lexicon η:L:nature+position ο:S:nature ε:S:nature οι:L:nature ο:S:nature ο:S:nature ι:L:lexicon ε:S:nature ε:S:nature ι:L:position ε:S:nature α:S:lexicon αι:L:nature ου:L:line_final,"Ζεὺς ταμίης πολέμοιο, μόγις δ’ ἐλέλιξεν Ἀχαιούς·"
The Taking of Ilios,1,508,True,LSSLSSLSSLSSLSSLL,LSSLSSLSSLSSLSSLL,0.0,1,0,,α:L:position ε:S:nature ο:S:nature ι:L:lexicon ι:S:lexicon ο:S:nature ε:L:position υ:S:lexicon ι:S:lexicon η:L:nature ε:S:nature ι:S:lexicon ι:L:lexicon ο:S:nature α:S:lexicon η:L:nature ο:L:line_final,χάζετο δ’ Ἰλιόθεν Λυκίης ἐπὶ πίονα νηὸν
The Taking of Ilios,1,509,True,LSSLSSLSSLSSLSSLL,LSSLSSLSSLSSLSSLL,0.0,1,1,,α:L:lexicon υ:S:lexicon ε:S:nature ο:L:position ε:S:nature α:S:lexicon οι:L:nature ε:S:nature ι:S:lexicon ει:L:nature ε:S:nature ι:S:antepenult_accent οι:L:nature ο:S:nature α:S:unknown α:L:position ω:L:line_final,ἀχνύμενος μεγάλοις ἐπὶ τείχεσι Φοῖβος Ἀπάλλων.
The Taking of Ilios,1,510,True,LSSLLLSSLLLSSLL,LSSLLLSSLLLSSLL,0.0,1,0,,αυ:L:nature ι:S:lexicon α:S:lexicon α:L:position ει:L:nature οι:L:nature ι:S:lexicon α:S:lexicon ι:L:lexicon η:L:nature ο:L:position α:S:lexicon α:S:lexicon υ:L:paroxytone_short_ultima ο:L:line_final,αὐτίκα δ Ἀργείοισιν Ἀχιλλῆος παρὰ τύμβον
The Taking of Ilios,1,511,True,LSSLSSLSSLLLSSLL,LSSLSSLSSLLLSSLL,0.0,1,5,,α:L:position ε:S:nature ι:S:lexicon η:L:nature α:S:unknown α:S:unknown αι:L:nature ε:S:nature ι:S:unknown ω:L:nature ευ:L:nature ε:L:position ε:S:nature ι:S:unknown α:L:unknown ω:L:line_final,ἀγγελίην ἀνάφαινε Σίνων εὐφεγγέι δαλῷ
The Taking of Ilios,1,512,True,LSSLSSLSSLSSLSSLL,LSSLSSLSSLSSLSSLL,0.5,1,0,correption,α:L:position υ:S:lexicon ι:S:lexicon η:L:nature ε:S:nature α:S:lexicon οι:L:nature ι:S:lexicon υ:S:lexicon ε:L:position α:S:lexicon α:S:lexicon οι:L:nature ο:S:nature αι:S:nature αυ:L:nature η:L:line_final,παννυχίη δ’ ἑτάροισιν ὑπὲρ θαλάμοιο καὶ αὐτὴ
The Taking of Ilios,1,513,True,LLLSSLSSLSSLSSLL,LLLSSLSSLSSLSSLL,0.0,1,1,,ευ:L:nature ει:L:nature η:L:nature ε:S:nature ε:S:nature η:L:nature+position υ:S:lexicon ε:S:nature η:L:nature ε:S:nature ε:S:nature ει:L:nature+position υ:S:unknown ο:S:nature ευ:L:nature η:L:line_final,εὐειδής Ἑλένη χρυσέην ἐπεδείκνυτο πεύκην.
The Taking of Ilios,1,514,True,LSSLLLSSLLLSSLL,LSSLLLSSLLLSSLL,0.0,1,0,,ω:L:nature+position ο:S:nature ο:S:nature ε:L:position η:L:nature ου:L:nature α:S:antepenult_accent υ:S:lexicon ο:L:position αυ:L:nature οι:L:nature ο:S:nature ε:S:nature η:L:nature η:L:line_final,ὡς δ’ ὁπότε πλήθουσα πυρὸς γλαυκοῖο σελήνη
The Taking of Ilios,1,515,True,LSSLLLSSLLLSSLL,LSSLLLSSLLLSSLL,1.0,1,2,cluster_short,ου:L:nature α:S:lexicon ο:S:nature αι:L:nature+position η:L:nature ε:L:position α:S:antepenult_accent α:S:unknown ε:L:position υ:L:unknown ω:L:nature ε:S:position ο:S:nature ω:L:nature ω:L:line_final,οὐρανὸν αἰγλήεντα κατεχρύσωσε προσώπῳ·
The Taking of Ilios,1,516,True,LSSLLLSSLLLSSLL,LSSLLLSSLLLSSLL,0.0,1,2,,ου:L:nature ο:S:nature ε:S:nature ου:L:nature+position ω:L:nature ι:L:circumflex α:S:properispomenon α:S:unknown ο:L:position υ:L:unknown ου:L:nature α:S:antepenult_accent ε:S:nature αι:L:nature η:L:line_final,οὐχ ὅτε που γλωχῖνας ἀποξύνουσα κεραίης
The Taking of Ilios,1,517,True,LSSLSSLSSLSSLSSLL,LSSLSSLSSLSSLSSLL,0.5,1,4,correption,ω:L:nature ο:S:nature α:S:unknown η:L:nature υ:S:lexicon ο:S:nature η:L:nature ο:S:nature α:S:unknown ι:L:position α:S:unknown αι:S:nature α:L:position ι:S:unknown ο:S:nature α:L:position υ:L:line_final,"πρωτοφαὴς ὑπὸ μηνὸς ἀνίσταται ἄσκιον ἀχλύν,"
The Taking of Ilios,1,518,True,LSSLLLSSLSSLSSLL,LSSLLLSSLSSLSSLL,0.0,1,2,,α:L:position ο:S:nature ε:S:nature υ:L:position ω:L:nature α:L:unknown α:S:antepenult_accent ε:S:nature ι:L:position ο:S:nature ο:S:nature ο:L:position α:S:unknown ο:S:nature αυ:L:nature η:L:line_final,ἀλλ’ ὅτε κυκλώσασα περίτροχον ὄμματος αὐγὴν
The Taking of Ilios,1,519,True,LSSLLLSSLSSLSSLL,LSSLLLSSLSSLSSLL,0.5,1,2,correption,α:L:position ι:S:unknown υ:S:unknown ου:L:nature α:L:position ι:L:circumflex α:S:properispomenon ε:S:nature ε:L:position ε:S:nature αι:S:nature η:L:nature ε:S:nature ι:S:lexicon οι:L:nature ο:L:line_final,ἀντιτύπους ἀκτῖνας ἐφέλκεται ἠελίοιο·
The Taking of Ilios,1,520,True,LLLLLSSLLLSSLL,LLLLLSSLLLSSLL,0.0,1,0,,οι:L:nature η:L:nature α:L:position αι:L:nature ου:L:nature α:S:lexicon ε:S:nature α:L:position αι:L:nature η:L:nature ο:S:nature ε:S:nature υ:L:position η:L:line_final,τοίη μαρμαίρουσα Θεραπναίη τότε νύμφη
The Taking of Ilios,1,521,True,LSSLSSLSSLSSLSSLL,LSSLSSLSSLSSLSSLL,0.0,1,1,,οι:L:nature ο:S:nature α:S:lexicon η:L:nature υ:S:lexicon α:S:unknown ει:L:nature+position ε:S:nature ι:S:lexicon ου:L:nature υ:S:lexicon ο:S:nature η:L:nature ι:S:lexicon ο:S:nature η:L:nature α:L:lexicon,"οἴνοπα πῆχυν ἀνεῖλκε, φίλου πυρὸς ἡνιοχῆα."
The Taking of Ilios,1,522,True,LSSLLLSSLSSLLLL,LSSLLLSSLSSLLLL,1.5,1,0,,οι:L:nature ε:S:nature ε:S:nature α:L:lexicon υ:L:position οι:L:nature ο:S:nature ε:S:nature η:L:nature ο:S:nature ο:S:nature α:L:position η:L:nature α:L:position ε:L:line_final,οἱ δὲ σέλας πυρσοῖο μετήορον ἀθρήσαντες
The Taking of Ilios,1,523,True,LSSLLLSSLLLSSLL,LSSLLLSSLLLSSLL,0.0,1,2,,η:L:nature α:S:lexicon α:S:unknown ε:L:position ου:L:nature α:L:position ο:S:nature α:S:unknown ι:L:position α:L:position οι:L:nature ι:S:antepenult_accent ε:S:nature ευ:L:nature οι:L:line_final,νῆας ἀνεκρούσαντο παλιγγνάμπτοισι κελεύθοις
The Taking of Ilios,1,524,True,LLLLLSSLLLSSLL,LLLLLSSLLLSSLL,0.0,1,0,,α:L:position ει:L:nature οι:L:nature+position ευ:L:nature ο:L:position ε:S:nature α:S:lexicon α:L:lexicon η:L:nature ει:L:nature ε:S:nature ο:S:nature αυ:L:nature η:L:line_final,"Ἀργεῖοι σπεύδοντες, ἅπας δ’ ἠπείγετο ναύτης"
The Taking of Ilios,1,525,True,LLLSSLSSLLLSSLL,LLLSSLSSLLLSSLL,0.0,1,0,,η:L:nature αι:L:nature ου:L:nature ο:S:nature ε:S:nature οι:L:nature ο:S:nature ε:S:nature ο:L:position ι:L:position η:L:nature ε:S:nature ο:S:nature ευ:L:nature ει:L:line_final,δηναιοῦ πολέμοιο τέλος διζήμενος εὑρεῖν.
The Taking of Ilios,1,526,True,LLLLLSSLSSLSSLL,LLLLLSSLSSLSSLL,0.0,1,1,,οι:L:nature αυ:L:nature οι:L:nature+position ω:L:nature η:L:nature ε:S:nature ε:S:nature α:L:lexicon α:S:lexicon ε:S:nature οι:L:nature ε:S:nature α:S:unknown η:L:nature αι:L:line_final,οἱ δ’ αὐτοὶ πλωτῆρες ἔσαν κρατεροί τε μαχηταὶ
The Taking of Ilios,1,527,True,LLLSSLSSLSSLSSLL,LLLSSLSSLSSLSSLL,0.0,1,0,,α:L:position η:L:nature οι:L:nature+position ε:S:nature ε:S:nature ευ:L:nature ο:S:nature ε:S:nature αυ:L:nature ε:S:nature ε:S:nature αι:L:nature α:S:lexicon α:S:lexicon η:L:nature ε:L:line_final,ἀλλήλοις τ’ ἐκέλευον ἐλαυνέμεν· αἱ δ’ ἄρα νῆες
The Taking of Ilios,1,528,True,LSSLLLSSLSSLSSLSSLL,LSSLLLSSLSSLSSLSSLL,99.0,0,4,unmetrical,ω:L:nature υ:S:unknown ε:S:nature αι:L:nature+position αι:L:nature+position ω:L:nature α:S:lexicon ε:S:nature ω:L:nature α:S:lexicon ε:S:nature ω:L:nature+position α:S:unknown υ:S:unknown ει:L:nature ε:S:nature ι:S:unknown ι:L:lexicon η:L:line_final,ὠκύτεραι κραιπνῶν ἀνέμων ἀνέμων ταχυπειθέι ῥιπῇ
The Taking of Ilios,1,529,True,LSSLSSLSSLLLSSLL,LSSLSSLSSLLLSSLL,0.0,1,2,,ι:L:lexicon ι:S:lexicon ο:S:nature ει:L:nature α:S:unknown α:S:unknown ο:L:position ο:S:nature ο:S:nature ει:L:nature α:L:lexicon ω:L:nature ο:S:nature α:S:lexicon ω:L:nature η:L:line_final,Ἴλιον εἰσανάγοντο Ποσειδάωνος ἀρωγῇ.
The Taking of Ilios,1,530,True,LSSLLLSSLSSLSSLL,LSSLLLSSLSSLSSLL,0.0,1,0,,ε:L:position α:S:lexicon ε:S:nature η:L:nature ε:L:position οι:L:nature+position ο:S:nature ε:S:nature οι:L:nature ι:S:lexicon ο:S:nature οι:L:nature ε:S:nature ε:S:nature ει:L:nature+position ε:L:line_final,"ἐνθάδε δὴ πεζοί πρότεροι κίον, οἱ δ’ ἐπέλειφθεν"
The Taking of Ilios,1,531,True,LLLSSLSSLLLSSLL,LLLSSLSSLLLSSLL,0.0,1,1,,ι:L:position η:L:nature ε:L:position α:S:lexicon ο:S:nature ι:L:position ε:S:nature ο:S:nature ω:L:nature+position η:L:nature+position ω:L:nature ι:S:unknown ο:S:nature ι:L:paroxytone_short_ultima οι:L:line_final,"ἱππῆες κατόπισθεν, ὅπως μὴ Τρώιον ἵπποι"
The Taking of Ilios,1,532,True,LSSLLLSSLSSLSSLL,LSSLLLSSLSSLSSLL,0.0,1,2,,α:L:lexicon ο:S:nature α:S:unknown α:L:position η:L:nature ω:L:nature ι:S:antepenult_accent α:S:unknown ει:L:nature ο:S:nature ε:S:nature ω:L:nature+position ε:S:nature ε:S:nature ι:L:position ω:L:line_final,λαὸν ἀναστήσωσιν ἀειρομένῳ χρεμετισμῷ.
The Taking of Ilios,1,533,True,LSSLSSLSSLSSLSSLL,LSSLSSLSSLSSLSSLL,0.0,1,0,,οι:L:nature ε:S:nature ε:S:nature οι:L:nature+position α:S:lexicon υ:S:lexicon η:L:nature α:S:lexicon ο:S:nature α:L:position ε:S:nature ο:S:nature ε:L:position ε:S:nature ο:S:nature ι:L:position ου:L:line_final,"οἱ δ’ ἕτεροι γλαφυρῆς ἀπὸ γαστέρος ἔρρεον ἵππου,"
The Taking of Ilios,1,534,True,LLLSSLSSLSSLSSLL,LLLSSLSSLSSLSSLL,0.0,1,0,,ευ:L:nature η:L:nature+position αι:L:nature α:S:lexicon ι:S:lexicon η:L:nature ε:S:nature α:S:lexicon ο:L:position υ:S:lexicon ο:S:nature οι:L:nature α:S:properispomenon ε:S:nature ι:L:position αι:L:line_final,"τευχησταὶ βασιλῆες, ἀπὸ δρυὸς οἶα μέλισσαι,"
The Taking of Ilios,1,535,True,LSSLSSLSSLSSLSSLL,LSSLSSLSSLSSLSSLL,0.5,1,1,correption,αι:L:nature ε:S:nature ει:S:nature ου:L:nature ε:S:nature α:S:lexicon ο:L:position ο:S:nature υ:S:unknown α:L:position ε:S:nature ο:S:nature ε:L:position ο:S:nature ι:S:lexicon ι:L:position ου:L:line_final,αἵτ’ ἐπεὶ οὖν ἔκαμον πολυχανδέος ἔνδοθι σίμβλου
The Taking of Ilios,1,536,True,LSSLLLSSLSSLSSLL,LSSLLLSSLSSLSSLL,0.0,1,2,,η:L:nature ο:S:nature υ:S:unknown αι:L:nature ου:L:nature αι:L:nature ε:S:nature ι:S:lexicon η:L:nature ε:S:nature α:S:lexicon οι:L:nature ι:S:unknown ο:S:nature ε:L:position αι:L:line_final,"κηρὸν ὑφαίνουσαι μελιηδέα ποικιλοτέχναι,"
The Taking of Ilios,1,537,True,LSSLSSLSSLSSLSSLL,LSSLSSLSSLSSLSSLL,0.0,1,4,,ε:L:position ο:S:nature ο:S:nature ευ:L:nature υ:S:unknown α:S:unknown οι:L:nature ο:S:nature α:S:lexicon α:L:position ε:S:nature ο:S:nature α:L:position ι:S:unknown υ:S:unknown ει:L:nature αι:L:line_final,ἐς νομὸν εὐγυάλοιο κατ’ ἄγγεος ἀμφιχυθεῖσαι
The Taking of Ilios,1,538,True,LSSLLLSSLLLSSLL,LSSLLLSSLLLSSLL,0.0,1,3,,υ:L:position α:S:unknown ι:S:antepenult_accent η:L:nature αι:L:nature ου:L:nature ι:S:antepenult_accent α:S:unknown α:L:position ει:L:nature ο:L:position α:S:antepenult_accent ο:S:nature ι:L:unknown α:L:line_final,νύγμασι πημαίνουσι παραστείχοντας ὁδίτας·
The Taking of Ilios,1,539,True,LSSLSSLSSLLLSSLL,LSSLSSLSSLLLSSLL,0.0,1,2,,ω:L:nature+position α:S:lexicon α:S:lexicon οι:L:nature+position υ:S:unknown ι:S:unknown οι:L:nature ο:S:nature ο:S:nature ου:L:nature+position η:L:nature ι:L:circumflex α:S:properispomenon α:S:lexicon ε:L:position ε:L:line_final,ὣς Δαναοὶ κρυφίοιο λόχου κληῖδας ἀνέντες
The Taking of Ilios,1,540,True,LSSLLLSSLSSLSSLL,LSSLLLSSLSSLSSLL,1.5,1,1,correption,ω:L:nature+position ο:S:nature ε:S:nature ι:L:lexicon ω:L:nature ε:L:position ι:S:lexicon αι:S:nature ει:L:nature ε:S:nature ι:S:unknown οι:L:nature ο:S:nature ε:S:nature ο:L:position α:L:lexicon,θρῷσκον ἐπὶ Τρώεσσι καὶ εἰσέτι κοῖτον ἔχοντας
The Taking of Ilios,1,541,True,LLLSSLSSLSSLSSLL,LLLSSLSSLSSLSSLL,0.0,1,0,,α:L:position ει:L:nature ου:L:nature α:S:lexicon α:S:lexicon οι:L:nature ο:S:nature α:S:lexicon οι:L:nature ε:S:nature α:S:lexicon υ:L:position α:S:lexicon ο:S:nature ει:L:nature οι:L:line_final,χαλκείου θανάτοιο κακοῖς ἐκάλυψαν ὀνείροις.
The Taking of Ilios,1,542,True,LSSLSSLSSLLLSSLL,LSSLSSLSSLLLSSLL,0.0,1,0,,η:L:nature ε:S:nature ο:S:nature αι:L:nature α:S:lexicon ι:S:lexicon αι:L:nature α:S:lexicon ο:S:nature η:L:nature α:L:position η:L:nature+position ο:S:nature ο:S:nature ω:L:nature ει:L:line_final,"νήχετο δ’ αἵματι γαῖα, βοὴ δ’ ἄλληκτος ὀρώρει"
The Taking of Ilios,1,543,True,LLLLLLLSSLSSLL,LLLLLLLSSLSSLL,0.0,1,0,,ω:L:nature ω:L:nature+position ευ:L:nature ο:L:position ω:L:nature ε:L:position ει:L:nature ε:S:nature ο:S:nature ι:L:lexicon ι:S:lexicon ο:S:nature ι:L:lexicon η:L:line_final,"Τρώων φευγόντων, ἐστείνετο δ’ Ἴλιος ἱρὴ"
The Taking of Ilios,1,544,True,LLLSSLLLSSLSSLL,LLLSSLLLSSLSSLL,0.0,1,0,,ι:L:position ο:L:position ω:L:nature+position ε:S:nature υ:S:lexicon ω:L:nature οι:L:nature α:L:position ο:S:nature ο:S:nature ω:L:nature ο:S:nature ο:S:nature υ:L:position ω:L:line_final,"πιπτόντων νεκύων, οἱ δ’ ἀνδροφόνῳ κολοσυρτῷ"
The Taking of Ilios,1,545,True,LSSLSSLSSLSSLSSLL,LSSLSSLSSLSSLSSLL,1.5,1,0,correption,ε:L:position ε:S:nature ο:S:nature ε:L:position α:S:lexicon αι:S:nature ε:L:position α:S:lexicon ε:S:nature η:L:nature ο:S:nature ε:S:nature οι:L:nature α:S:properispomenon ε:S:nature ο:L:position ε:L:line_final,ἔζεον ἔνθα καὶ ἔνθα μεμηνότες οἶα λέοντες
The Taking of Ilios,1,546,True,LSSLSSLSSLLLSSLL,LSSLSSLSSLLLSSLL,0.0,1,4,,ω:L:nature α:S:unknown ι:S:antepenult_accent α:L:position ι:S:unknown α:S:unknown οι:L:nature ι:S:antepenult_accent ε:S:nature υ:L:unknown ω:L:nature α:L:position ε:S:nature α:S:lexicon υι:L:nature α:L:lexicon,σώμασιν ἀρτιφάτοισι γεφυρώσαντες ἀγυιάς.
The Taking of Ilios,1,547,True,LSSLSSLSSLSSLSSLL,LSSLSSLSSLSSLSSLL,0.0,1,4,,ω:L:nature ι:S:unknown α:S:paroxytone_short_ultima ε:L:position ε:S:nature υ:S:lexicon αι:L:nature ε:S:nature υ:S:unknown ε:L:position ε:S:nature ε:S:nature ω:L:nature α:S:unknown ι:S:unknown ου:L:nature αι:L:line_final,Τρωιάδες δὲ γυναῖκες ὑπέρ τεγέων ἀίουσαι
The Taking of Ilios,1,548,True,LSSLSSLSSLSSLLLL,LSSLSSLSSLSSLLLL,1.5,1,2,,αι:L:nature ε:S:nature ε:S:nature ευ:L:nature ε:S:nature ι:S:unknown η:L:nature ε:S:nature α:S:unknown η:L:nature ε:S:nature ι:S:lexicon ι:L:position ω:L:nature ου:L:nature αι:L:line_final,αἱ μὲν ἐλευθερίης ἐρατῆς ἔτι διψώουσαι
The Taking of Ilios,1,549,True,LSSLSSLLLSSLSSLL,LSSLSSLLLSSLSSLL,0.0,1,2,,αυ:L:nature ε:S:nature α:S:lexicon ε:L:position α:S:lexicon α:S:lexicon ο:L:position ει:L:nature οι:L:nature υ:S:unknown ε:S:nature α:L:position ο:S:nature α:S:unknown οι:L:nature αι:L:line_final,"αὐχένας ἐς θάνατον δειλοῖς ὑπέβαλλον ἀκοίταις,"
The Taking of Ilios,1,550,True,LSSLSSLSSLSSLSSLL,LSSLSSLSSLSSLSSLL,0.0,1,2,,αι:L:nature ε:S:nature ι:S:lexicon οι:L:nature ε:S:nature ι:S:lexicon αι:L:nature ι:S:unknown ε:S:nature ι:L:unknown ο:S:nature ε:S:nature οι:L:nature α:S:paroxytone_short_ultima ε:S:nature ου:L:nature αι:L:line_final,"αἱ δὲ φίλοις ἐπὶ παισί, χελιδόνες οἷάτε κοῦφαι,"
The Taking of Ilios,1,551,True,LSSLLLSSLSSLLLL,LSSLLLSSLSSLLLL,1.5,1,0,,η:L:nature ε:S:nature ε:S:nature ω:L:nature υ:L:lexicon ο:L:position ο:S:nature ε:S:nature η:L:nature ε:S:nature ι:S:lexicon α:L:position αι:L:nature ο:L:position α:L:lexicon,μητέρες ὠδύροντο· νέη δέ τις ἀσπαίροντα
The Taking of Ilios,1,552,True,LSSLLLSSLLLSSLL,LSSLLLSSLLLSSLL,0.5,1,2,correption,η:L:nature ι:S:unknown ε:S:nature ο:L:position αυ:L:nature α:L:unknown α:S:antepenult_accent α:S:lexicon ει:L:nature ε:L:position ευ:L:nature ε:S:nature αι:S:nature αυ:L:nature η:L:line_final,ἠίθεον κλαύσασα θανεῖν ἔσπευδε καὶ αὐτὴ
The Taking of Ilios,1,553,True,LSSLLLSSLLLSSLL,LSSLLLSSLLLSSLL,0.0,1,0,,ου:L:nature ε:S:nature ο:S:nature υ:L:position η:L:nature οι:L:nature ι:S:antepenult_accent ο:S:nature ου:L:nature ε:L:position οι:L:nature ι:S:lexicon ε:S:nature ε:L:position αι:L:line_final,οὐδὲ δορυκτήτοισιν ὁμοῦ δεσμοῖσιν ἕπεσθαι
The Taking of Ilios,1,554,True,LSSLSSLSSLSSLSSLL,LSSLSSLSSLSSLSSLL,0.5,1,0,correption,η:L:nature ε:S:nature ε:S:nature α:L:position ε:S:nature ο:S:nature ω:L:nature ε:S:nature αι:S:nature ου:L:nature ε:S:nature ε:S:nature ο:L:position α:S:lexicon ο:S:nature η:L:nature α:L:properispomenon,"ἤθελεν, ἀλλ’ ἐχόλωσε καὶ οὐκ ἐθέλοντα φονῆα"
The Taking of Ilios,1,555,True,LLLSSLSSLSSLSSLL,LLLSSLSSLSSLSSLL,0.0,1,0,,αι:L:nature+position υ:L:lexicon ο:L:position ε:S:nature ο:S:nature ε:L:position ε:S:nature ο:S:nature ει:L:nature ο:S:nature ε:S:nature ο:L:position α:S:lexicon α:S:lexicon οι:L:nature η:L:line_final,καὶ ξυνὸν λέχος ἔσχεν ὀφειλόμενον παρακοίτῃ.
The Taking of Ilios,1,556,True,LLLSSLSSLSSLSSLL,LLLSSLSSLSSLSSLL,0.5,1,1,correption,ο:L:position αι:L:nature η:L:nature ι:S:unknown ο:S:nature η:L:nature α:S:antepenult_accent αι:S:nature α:L:position ο:S:nature α:S:antepenult_accent ε:L:position α:S:lexicon ε:S:nature ου:L:nature αι:L:line_final,πολλαὶ δ’ ἠλιτόμηνα καὶ ἄπνοα τέκνα φέρουσαι
The Taking of Ilios,1,557,True,LSSLSSLSSLLLSSLL,LSSLSSLSSLLLSSLL,0.0,1,1,,α:L:position ε:S:nature ο:S:nature ω:L:nature ο:S:nature ο:S:nature οι:L:nature ο:S:nature υ:S:unknown η:L:nature ω:L:nature ι:L:circumflex α:S:properispomenon ε:S:nature ει:L:nature αι:L:line_final,γαστέρος ὠμοτόκοιο χύδην ὠδῖνα μεθεῖσαι
The Taking of Ilios,1,558,True,LSSLLLSSLLLSSLL,LSSLLLSSLLLSSLL,0.5,1,2,correption,ι:L:unknown ε:S:nature α:S:unknown ω:L:nature+position υ:L:lexicon αι:L:nature ι:S:lexicon α:S:lexicon ε:L:position υ:L:lexicon ο:L:position ο:S:nature αι:S:nature αυ:L:nature αι:L:line_final,ῥιγεδανῶς σὺν παισὶν ἀπεψύχοντο καὶ αὐταί.
The Taking of Ilios,1,559,True,LSSLSSLSSLSSLSSLL,LSSLSSLSSLSSLSSLL,0.0,1,0,,α:L:position υ:S:lexicon ι:S:lexicon η:L:nature ε:S:nature ο:S:nature ευ:L:nature ε:S:nature α:S:lexicon α:L:lexicon ο:S:nature ι:S:lexicon οι:L:nature α:S:lexicon υ:S:lexicon ε:L:position α:L:lexicon,"παννυχίη δ’ ἐχόρευσεν ἀνὰ πτόλιν, οἷα θύελλα,"
The Taking of Ilios,1,560,True,LSSLLLSSLLLSSLL,LSSLLLSSLLLSSLL,0.0,1,0,,υ:L:lexicon α:S:lexicon ι:S:lexicon α:L:position α:L:position ου:L:nature α:S:antepenult_accent ο:S:nature υ:L:position οι:L:nature+position ου:L:nature ο:S:nature ε:S:nature οι:L:nature ο:L:line_final,κύμασι παφλάζουσα πολυφλοίσβου πολέμοιο
The Taking of Ilios,1,561,True,LSSLLLSSLSSLSSLL,LSSLLLSSLSSLSSLL,0.0,1,1,,αι:L:nature α:S:lexicon ο:S:nature α:L:position η:L:nature οι:L:nature ο:S:nature ε:S:nature η:L:nature ε:S:nature ι:S:unknown ω:L:nature ο:S:nature ε:S:nature υ:L:lexicon ω:L:line_final,αἵματος ἀκρήτοιο μέθης ἐπίκωμος Ἐνυώ.
The Taking of Ilios,1,562,True,LSSLSSLSSLLLSSLL,LSSLSSLSSLLLSSLL,0.0,1,4,,υ:L:lexicon ε:S:nature ι:S:lexicon ου:L:nature α:S:unknown ο:S:nature η:L:nature ε:S:nature α:S:unknown α:L:position η:L:nature α:L:unknown α:S:antepenult_accent α:S:unknown η:L:nature ο:L:line_final,σὺν δ’ Ἔρις οὐρανόμηκες ἀναστήσασα κάρηνον
The Taking of Ilios,1,563,True,LLLSSLSSLLLSSLL,LLLSSLSSLLLSSLL,1.0,1,1,lexicon_overridden,α:L:position ει:L:nature ου:L:nature ο:S:nature ο:S:nature υ:L:lexicon ε:S:nature ε:S:nature ει:L:nature αι:L:nature οι:L:nature ι:S:unknown ο:S:nature α:L:lexicon η:L:line_final,"Ἀργείους ὀρόθυνεν, ἐπεὶ καὶ φοίνιος Ἄρης"
The Taking of Ilios,1,564,True,LSSLSSLSSLSSLSSLL,LSSLSSLSSLSSLSSLL,0.5,1,0,correption,ο:L:position ε:S:nature ε:S:nature α:L:position α:S:lexicon αι:S:nature ω:L:nature+position ο:S:nature ε:S:nature ω:L:nature ε:S:nature ε:S:nature α:L:position ε:S:nature α:S:lexicon ι:L:lexicon η:L:line_final,ὀψὲ μὲν ἀλλὰ καὶ ὣς πολέμων ἑτεραλκέα νίκην
The Taking of Ilios,1,565,True,LSSLSSLSSLSSLSSLL,LSSLSSLSSLSSLSSLL,1.5,1,1,cluster_short;correption,η:L:nature+position ε:S:nature ε:S:nature ω:L:nature+position α:S:lexicon α:S:lexicon οι:L:nature ι:S:lexicon αι:S:nature α:L:position ο:S:position ο:S:nature α:L:position ο:S:nature α:S:unknown ω:L:nature η:L:line_final,ἦλθε φέρων Δαναοῖσι καὶ ἀλλοπρόσαλλον ἀρωγήν.
The Taking of Ilios,1,566,True,LSSLLLSSLSSLSSLL,LSSLLLSSLSSLSSLL,0.0,1,0,,ι:L:lexicon α:S:lexicon ε:S:nature ε:L:position αυ:L:nature ω:L:nature ι:S:lexicon ε:S:nature α:L:position ο:S:nature ο:S:nature η:L:nature ο:S:nature α:S:lexicon η:L:nature η:L:line_final,ἴαχε δὲ γλαυκῶπις ἐπ’ ἀκροπόληος Ἀθήνη
The Taking of Ilios,1,567,True,LSSLLLSSLSSLSSLL,LSSLLLSSLSSLSSLL,0.0,1,2,,αι:L:nature ι:S:lexicon α:S:lexicon ι:L:unknown η:L:nature α:L:unknown α:S:antepenult_accent ι:S:lexicon ο:L:position α:S:lexicon ο:S:nature ε:L:position ε:S:nature ε:S:nature αι:L:nature η:L:line_final,"αἰγίδα κινήσασα, Διὸς σάκος, ἔτρεμε δ’ αἰθὴρ"
The Taking of Ilios,1,568,True,LLLSSLSSLSSLSSLL,LLLSSLSSLSSLSSLL,0.0,1,0,,η:L:nature η:L:nature+position ε:L:position ο:S:nature ε:S:nature η:L:nature ε:S:nature ι:S:lexicon ε:L:position α:S:lexicon ε:S:nature αι:L:nature α:S:lexicon α:S:lexicon ει:L:nature α:L:lexicon,"Ἥρης σπερχομένης, ἐπὶ δ’ ἔβραχε γαῖα βαρεῖα"
The Taking of Ilios,1,569,True,LSSLSSLSSLLLSSLL,LSSLSSLSSLLLSSLL,0.0,1,1,,α:L:position ο:S:nature ε:S:nature η:L:nature+position ι:S:unknown ο:S:nature ο:L:position ι:S:antepenult_accent ο:S:nature ει:L:nature α:L:lexicon ω:L:nature ο:S:nature α:S:lexicon ω:L:nature η:L:line_final,"παλλομένη τριόδοντι Ποσειδάωνος ἀκωκῇ,"
The Taking of Ilios,1,570,True,LLLSSLSSLLLSSLL,LLLSSLSSLLLSSLL,0.0,1,2,,ε:L:position ι:L:position ε:L:position α:S:lexicon ι:S:lexicon η:L:nature+position ο:S:nature ι:S:unknown ω:L:nature+position ε:L:position ε:L:position α:S:unknown ε:S:nature ω:L:nature ω:L:line_final,"ἔφριξεν δ’ Ἀίδης, χθονίων δ’ ἐξέδρακε θώκων"
The Taking of Ilios,1,571,True,LLLLLSSLSSLSSLL,LLLLLSSLSSLSSLL,0.0,1,1,,α:L:position η:L:nature α:L:lexicon η:L:nature ου:L:nature ι:S:lexicon ι:S:lexicon ο:L:position ε:S:nature α:S:lexicon ω:L:nature α:S:unknown ε:S:nature οι:L:nature ο:L:line_final,"ταρβήσας, μή πού τι Διὸς μέγα χωσαμένοιο"
The Taking of Ilios,1,572,True,LSSLLLSSLLLSSLL,LSSLLLSSLLLSSLL,0.0,1,2,,α:L:lexicon ε:S:nature ο:S:nature α:L:position ω:L:nature ω:L:nature+position α:S:unknown α:S:paroxytone_short_ultima οι:L:nature+position υ:L:unknown ο:L:position ο:S:nature ο:S:nature ε:L:position η:L:line_final,πᾶν γένος ἀνθρώπων κατάγοι ψυχοστόλος Ἑρμῆς.
The Taking of Ilios,1,573,True,LSSLSSLSSLSSLSSLL,LSSLSSLSSLSSLSSLL,0.0,1,2,,α:L:lexicon α:S:lexicon ο:S:nature ου:L:nature ε:S:nature υ:S:unknown η:L:nature ο:S:nature ο:S:nature ο:L:position ε:S:nature ι:S:lexicon α:L:position ι:S:unknown ο:S:nature η:L:nature ε:L:line_final,"πάντα δ’ ὁμοῦ κεκύκητο, φόνος δέ τις ἄκριτος ἦεν·"
The Taking of Ilios,1,574,True,LLLLLSSLLLSSLL,LLLLLSSLLLSSLL,0.0,1,0,,ου:L:nature+position ε:L:position α:L:lexicon ευ:L:nature ο:L:position α:S:lexicon ε:S:nature ι:L:lexicon αι:L:nature η:L:nature ι:S:lexicon υ:S:lexicon η:L:nature ι:L:lexicon,τοὺς μὲν γὰρ φεύγοντας ἐπὶ Σκαιῇσι πύλῃσι
The Taking of Ilios,1,575,True,LSSLLLSSLLLSSLL,LSSLLLSSLLLSSLL,0.0,1,0,,ει:L:nature ο:S:nature ε:S:nature ε:L:position η:L:nature ω:L:nature ε:S:nature ο:S:nature ε:L:position ευ:L:nature η:L:nature α:S:lexicon ο:S:nature ου:L:nature α:L:lexicon,"κτεῖνον ἐφεστηῶτες, ὁ δ’ ἐξ εὐνῆς ἀνορούσας"
The Taking of Ilios,1,576,True,LSSLLLSSLSSLSSLL,LSSLLLSSLSSLSSLL,0.0,1,1,,ευ:L:nature ε:S:nature α:S:lexicon α:L:position ευ:L:nature ω:L:nature+position ο:S:nature ε:S:nature η:L:nature ε:S:nature ι:S:unknown α:L:position ε:S:nature ε:S:nature αι:L:nature+position η:L:line_final,τεύχεα μαστεύων δνοφερῇ περικάππεσεν αἰχμῇ.
The Taking of Ilios,1,577,True,LSSLSSLSSLLLSSLL,LSSLSSLSSLLLSSLL,1.0,1,1,lexicon_overridden,αι:L:nature ι:S:lexicon υ:S:lexicon ο:L:position ι:S:unknown ο:S:nature ε:L:position ι:S:antepenult_accent ο:S:nature ω:L:nature ε:L:position υ:L:position ε:S:nature ο:S:nature α:L:lexicon η:L:line_final,"καί τις ὑπὸ σκιόεντι δόμῳ κεκρυμμένος ἀνήρ,"
The Taking of Ilios,1,578,True,LSSLSSLSSLSSLSSLL,LSSLSSLSSLSSLSSLL,0.0,1,2,,ει:L:nature ο:S:nature ε:S:nature ω:L:nature ε:S:nature α:S:unknown ε:L:position ε:S:nature ο:S:nature ι:L:unknown ο:S:nature ε:S:nature ο:L:position ι:S:lexicon ο:S:nature ει:L:nature αι:L:line_final,"ξεῖνος ἐών, ἐκάλεσσεν ὀιόμενος φίλον εἶναι·"
The Taking of Ilios,1,579,True,LSSLSSLSSLSSLSSLL,LSSLSSLSSLSSLSSLL,0.0,1,1,,η:L:nature ι:S:lexicon ο:S:nature ου:L:nature ε:S:nature ε:S:nature ε:L:position ε:S:nature ε:S:nature η:L:nature ε:S:nature ι:S:unknown ω:L:nature ι:S:lexicon ι:S:lexicon η:L:nature αι:L:line_final,"νήπιος, οὐ μὲν ἔμελλεν ἐνηέι φωτὶ μιγῆναι,"
The Taking of Ilios,1,580,True,LSSLSSLSSLSSLSSLL,LSSLSSLSSLSSLSSLL,0.0,1,1,,ει:L:nature ι:S:lexicon α:S:lexicon ε:L:position α:S:lexicon ο:S:nature ι:L:position ε:S:nature υ:S:unknown ε:L:position ε:S:nature ε:S:nature ο:L:position ε:S:nature ι:S:lexicon α:L:paroxytone_short_ultima ο:L:line_final,ξείνια δ’ ἐχθρὰ κόμισσεν· ὑπέρ τέγεος δέ τις ἄλλος
The Taking of Ilios,1,581,True,LLLLLSSLSSLSSLL,LLLLLSSLSSLSSLL,0.0,1,1,,η:L:nature ω:L:nature α:L:position αι:L:nature ω:L:nature+position ι:S:lexicon ο:S:nature ω:L:nature ι:S:unknown ε:S:nature ι:L:position ε:S:nature ο:S:nature ι:L:position ω:L:line_final,μήπω παπταίνων τι θοῷ διέπιπτεν ὀιστῷ.
The Taking of Ilios,1,582,True,LSSLLLSSLSSLSSLL,LSSLLLSSLSSLSSLL,0.0,1,1,,αι:L:nature ι:S:lexicon ε:S:nature α:L:position ει:L:nature ω:L:nature+position α:S:lexicon ι:S:lexicon η:L:nature+position ε:S:nature α:S:unknown η:L:nature ο:S:nature ε:S:nature οι:L:nature ω:L:line_final,"καί τινες ἀλγεινῷ κραδίην βεβαρηότες οἴνῳ,"
The Taking of Ilios,1,583,True,LSSLSSLSSLSSLSSLL,LSSLSSLSSLSSLSSLL,0.0,1,1,,ε:L:position α:S:unknown ε:S:nature ε:L:position ο:S:nature ι:S:lexicon ου:L:nature ο:S:nature ε:S:nature ει:L:nature ο:S:nature ε:S:nature οι:L:nature α:S:lexicon α:S:lexicon η:L:nature αι:L:line_final,"ἐκπλαγέες ποτὶ δοῦπον, ἐπειγόμενοι καταβῆναι,"
The Taking of Ilios,1,584,True,LSSLSSLSSLLLSSLL,LSSLSSLSSLLLSSLL,0.0,1,2,,ι:L:unknown α:S:unknown ο:S:nature ε:L:position ε:S:nature α:S:lexicon ο:L:position ο:S:nature α:S:lexicon υ:L:position η:L:nature ω:L:nature+position ε:S:nature ε:S:nature α:L:position ω:L:line_final,κλίμακος ἐξελάθοντο καθ’ ὑψηλῶν τε μελάθρων
The Taking of Ilios,1,585,True,LSSLLLSSLSSLSSLL,LSSLLLSSLSSLSSLL,0.0,1,2,,ε:L:position ε:S:nature ο:S:nature α:L:position ω:L:nature+position ο:L:position ε:S:nature ε:S:nature αυ:L:nature ε:S:nature ι:S:unknown ου:L:nature+position ε:S:nature υ:S:unknown ε:L:position ε:L:line_final,"ἔκπεσον ἀγνώσσοντες, ἐπαυχενίους δὲ λυθέντες"
The Taking of Ilios,1,586,True,LSSLSSLSSLLLSSLL,LSSLSSLSSLLLSSLL,0.0,1,4,,α:L:position α:S:unknown α:S:unknown ου:L:nature ε:S:nature α:S:unknown η:L:nature α:S:antepenult_accent ο:S:nature ου:L:nature ε:L:position η:L:nature υ:S:unknown ο:S:nature οι:L:nature ο:L:line_final,"ἀστραγάλους ἐάγησαν, ὁμοῦ δ’ ἐξήρυγον οἶνον."
The Taking of Ilios,1,587,True,LLLSSLSSLSSLLLL,LLLSSLSSLSSLLLL,1.5,1,0,,ο:L:position οι:L:nature ει:L:nature ε:S:nature α:S:lexicon ω:L:nature ο:S:nature α:S:lexicon ο:L:position ε:S:nature ε:S:nature ε:L:position ει:L:nature ο:L:position ο:L:line_final,πολλοὶ δ’ εἰς ἕνα χῶρον ἀολλέες ἐκτείνοντο
The Taking of Ilios,1,588,True,LSSLLLSSLSSLSSLL,LSSLLLSSLSSLSSLL,0.0,1,1,,α:L:position α:S:lexicon ε:S:nature οι:L:nature ο:L:position οι:L:nature ε:S:nature ι:S:unknown ω:L:nature ο:S:nature ε:S:nature οι:L:nature α:S:lexicon α:S:lexicon υ:L:position ω:L:line_final,"μαρνάμενοι, πολλοὶ δὲ διωκόμενοι κατὰ πύργων"
The Taking of Ilios,1,589,True,LSSLSSLSSLSSLSSLL,LSSLSSLSSLSSLSSLL,0.0,1,7,,η:L:nature ι:S:unknown ο:S:nature ει:L:nature α:S:unknown ι:S:unknown α:L:unknown ο:S:nature α:S:unknown υ:L:position α:S:unknown ο:S:nature α:L:position α:S:unknown ο:S:nature ο:L:position ε:L:line_final,ἤριπον εἰς Ἀίδαο πανύστατον ἅλμα θορόντες.
The Taking of Ilios,1,590,True,LLLLLSSLSSLSSLL,LLLLLSSLSSLSSLL,0.0,1,0,,αυ:L:nature οι:L:nature ε:L:position ει:L:nature η:L:nature+position ι:S:lexicon α:S:lexicon οι:L:nature α:S:paroxytone_short_ultima ο:S:nature οι:L:nature α:S:paroxytone_short_ultima ε:S:nature ω:L:nature ε:L:line_final,"παῦροι δὲ στεινῆς διὰ κοιλάδος, οἷάτε φῶρες,"
The Taking of Ilios,1,591,True,LSSLSSLSSLLLSSLL,LSSLSSLSSLLLSSLL,0.0,1,3,,α:L:position ι:S:lexicon ο:S:nature ο:L:position υ:S:unknown ε:S:nature η:L:nature ε:S:nature α:S:unknown ο:L:position ει:L:nature ω:L:nature α:S:lexicon υ:S:unknown ο:L:position ε:L:line_final,πατρίδος ὀλλυμένης ἔλαθον χειμῶνα φυγόντες.
The Taking of Ilios,1,592,True,LLLSSLSSLSSLLLL,LLLSSLSSLSSLLLL,2.0,1,3,correption,οι:L:nature ε:L:position ο:L:position ο:S:nature ε:S:nature ω:L:nature ε:S:nature αι:S:nature α:L:position υ:S:unknown ι:S:unknown υ:L:unknown αι:L:nature ο:L:position ε:L:line_final,"οἱ δ’ ἔνδον πολέμῳ τε καὶ ἀχλύι κυμαίνοντες,"
The Taking of Ilios,1,593,True,LSSLSSLSSLLLSSLL,LSSLSSLSSLLLSSLL,0.5,1,0,correption,α:L:lexicon α:S:lexicon ι:S:lexicon οι:L:nature ο:S:nature ε:S:nature οι:L:nature ι:S:antepenult_accent αι:S:nature ου:L:nature ευ:L:nature ου:L:nature ι:S:lexicon ο:S:nature οι:L:nature οι:L:line_final,"ἀνδράσιν οἰχομένοισι καὶ οὐ φεύγουσιν ὁμοῖοι,"
The Taking of Ilios,1,594,True,LSSLLLSSLLLSSLL,LSSLLLSSLLLSSLL,0.0,1,1,,ι:L:paroxytone_short_ultima ο:S:nature ε:S:nature α:L:position η:L:nature οι:L:nature ι:S:lexicon ο:S:nature ι:L:lexicon ου:L:nature α:L:position α:S:unknown ε:S:nature υ:L:paroxytone_short_ultima ο:L:line_final,πίπτον ἐπ’ ἀλλήλοισι· πόλις δ’ οὐ χάνδανε λύθρον
The Taking of Ilios,1,595,True,LLLLLSSLLLSSLL,LLLLLSSLLLSSLL,0.0,1,0,,α:L:lexicon ω:L:nature+position η:L:nature ευ:L:nature ου:L:nature α:S:antepenult_accent ε:S:nature ι:L:position η:L:nature ου:L:nature α:S:antepenult_accent ε:S:nature ε:L:position ω:L:line_final,"ἀνδρῶν χηρεύουσα, περιπλήθουσα δὲ νεκρῶν."
The Taking of Ilios,1,596,True,LSSLLLSSLSSLSSLL,LSSLLLSSLSSLSSLL,0.0,1,2,,ου:L:nature ε:S:nature ι:S:lexicon ει:L:nature ω:L:nature η:L:nature ι:S:lexicon ε:S:nature ι:L:unknown ε:S:nature ο:S:nature οι:L:nature α:S:unknown ε:S:nature η:L:nature ε:L:line_final,οὐδέ τι φειδωλή τις ἐγίνετο· φοιταλέῃ δὲ
The Taking of Ilios,1,597,True,LSSLLLSSLLLSSLL,LSSLLLSSLLLSSLL,0.0,1,1,,ε:L:position ο:S:nature ε:S:nature οι:L:nature α:L:position ι:L:lexicon ι:S:lexicon ι:S:unknown α:L:position υ:L:position οι:L:nature ο:S:nature υ:S:lexicon οι:L:nature ου:L:line_final,σπερχόμενοι μάστιγι φιλαγρύπνοιο κυδοιμοῦ
The Taking of Ilios,1,598,True,LSSLSSLSSLSSLSSLL,LSSLSSLSSLSSLSSLL,0.0,1,2,,ου:L:nature ε:S:nature ε:S:nature ω:L:nature ο:S:nature ι:S:lexicon ει:L:nature ο:S:nature α:S:unknown ε:L:position ο:S:nature α:S:unknown η:L:nature+position υ:S:lexicon ο:S:nature ι:L:lexicon η:L:line_final,"οὐδὲ θεῶν ὄπιν εἶχον, ἀθεσμοτάτης δ’ ὑπὸ ῥιπῆς"
The Taking of Ilios,1,599,True,LSSLLLSSLSSLSSLL,LSSLLLSSLSSLSSLL,0.0,1,2,,α:L:lexicon α:S:lexicon α:S:lexicon ω:L:nature ε:L:position αι:L:nature ο:S:nature α:S:unknown ε:L:position ε:S:nature α:S:unknown αι:L:nature α:S:lexicon ι:S:lexicon ω:L:nature ου:L:line_final,ἀθανάτων ἔχραινον ἀπενθέας αἵματι βωμούς.
The Taking of Ilios,1,600,True,LSSLSSLSSLSSLSSLL,LSSLSSLSSLSSLSSLL,0.0,1,4,,οι:L:nature+position ο:S:nature α:S:unknown οι:L:nature ε:S:nature ε:S:nature ο:L:position ε:S:nature α:S:unknown ι:L:unknown ο:S:nature α:S:unknown οι:L:nature ι:S:antepenult_accent ο:S:nature οι:L:nature ι:L:antepenult_accent,οἰκτρότατοι δὲ γέροντες ἀτιμοτάτοισι φόνοισιν
The Taking of Ilios,1,601,True,LLLLLSSLSSLSSLL,LLLLLSSLSSLSSLL,0.0,1,2,,ου:L:nature ο:L:position οι:L:nature+position ει:L:nature ο:L:position ο:S:nature α:S:lexicon αι:L:nature ι:S:unknown ε:S:nature η:L:nature ι:S:unknown α:S:antepenult_accent υι:L:nature α:L:lexicon,"οὐδ’ ὀρθοὶ κτείνοντο, χαμαὶ δ’ ἱκετήσια γυῖα"
The Taking of Ilios,1,602,True,LSSLSSLSSLLLSSLL,LSSLSSLSSLLLSSLL,0.0,1,4,,ει:L:nature α:S:unknown ε:S:nature οι:L:nature ο:S:nature ι:S:unknown οι:L:nature ι:S:properispomenon α:S:unknown ε:L:position ι:L:unknown ο:L:position ο:S:nature α:S:lexicon η:L:nature οι:L:line_final,τεινάμενοι πολιοῖσι κατεκλίνοντο καρήνοις.
The Taking of Ilios,1,603,True,LSSLSSLSSLSSLSSLL,LSSLSSLSSLSSLSSLL,0.0,1,3,,ο:L:position α:S:lexicon ε:S:nature η:L:nature ι:S:lexicon α:S:lexicon ε:L:position α:S:lexicon ι:S:unknown υ:L:position α:S:unknown ι:S:unknown ω:L:nature α:S:lexicon ο:S:nature α:L:position ω:L:line_final,πολλὰ δὲ νήπια τέκνα μινυνθαδίων ἀπὸ μαζῶν
The Taking of Ilios,1,604,True,LSSLLLSSLSSLSSLL,LSSLLLSSLSSLSSLL,0.5,1,0,correption,η:L:nature ε:S:nature ο:S:nature η:L:nature+position α:L:position ο:L:position ο:S:nature αι:S:nature ου:L:nature ο:S:nature ε:S:nature ο:L:position α:S:antepenult_accent ο:S:nature η:L:nature ω:L:line_final,μητέρος ἡρπάζοντο καὶ οὐ νοέοντα τοκήων
The Taking of Ilios,1,605,True,LSSLSSLSSLLLSSLL,LSSLSSLSSLLLSSLL,0.0,1,7,,α:L:position α:S:unknown ι:S:unknown α:L:unknown α:S:unknown ε:S:nature ι:L:unknown ο:S:nature α:S:unknown η:L:nature ε:L:position ου:L:nature ε:S:nature α:S:unknown α:L:position ο:L:line_final,"ἀμπλακίας ἀπέτινον, ἀνημέλκτου δὲ γάλακτος"
The Taking of Ilios,1,606,True,LSSLSSLSSLSSLSSLL,LSSLSSLSSLSSLSSLL,0.0,1,2,,αι:L:nature ι:S:lexicon α:S:unknown η:L:nature ο:S:nature ε:S:nature ου:L:nature α:S:antepenult_accent ο:S:nature α:L:unknown ε:S:nature ο:S:nature ι:L:position ε:S:nature ι:S:lexicon η:L:nature η:L:line_final,παιδὶ μάτην ὀρέγουσα χοὰς ἐκόμισσε τιθήνη.
The Taking of Ilios,1,607,True,LLLSSLSSLSSLSSLL,LLLSSLSSLSSLSSLL,0.0,1,0,,οι:L:nature ω:L:nature οι:L:nature ε:S:nature υ:S:lexicon ε:L:position ε:S:nature α:S:lexicon α:L:lexicon ο:S:nature ι:S:lexicon α:L:position ο:S:nature ε:S:nature α:L:paroxytone_short_ultima οι:L:line_final,"οἰωνοί τε κύνες τε κατὰ πτόλιν ἄλλοθεν ἄλλοι,"
The Taking of Ilios,1,608,True,LSSLLLSSLSSLSSLL,LSSLLLSSLSSLSSLL,1.5,1,5,correption,η:L:nature ε:S:nature ι:S:unknown οι:L:nature ε:L:position οι:L:nature ε:S:nature υ:S:unknown ε:L:position ι:S:unknown οι:S:nature ει:L:nature α:S:unknown ι:S:unknown α:L:position αι:L:line_final,"ἠέριοι πεζοί τε συνέστιοι εἰλαπινασταί,"
The Taking of Ilios,1,609,True,LSSLLLSSLSSLSSLL,LSSLLLSSLSSLSSLL,0.0,1,0,,αι:L:nature α:S:lexicon ε:S:nature α:L:lexicon ι:L:lexicon ο:L:position ε:S:nature α:S:lexicon ει:L:nature ι:S:lexicon ο:S:nature ει:L:nature ο:S:nature ε:S:nature ω:L:nature η:L:line_final,"αἷμα μέλαν πίνοντες ἀμείλιχον εἶχον ἐδωδήν,"
The Taking of Ilios,1,610,True,LLLLLSSLSSLSSLL,LLLLLSSLSSLSSLL,0.0,1,2,,αι:L:nature ω:L:nature+position ε:L:position α:L:position η:L:nature ο:S:nature ο:S:nature ε:L:position ε:S:nature ε:S:nature οι:L:nature υ:S:unknown α:S:unknown ο:L:position ε:L:line_final,"καὶ τῶν μὲν κλαγγὴ φόνον ἔπνεεν, οἱ δ’ ὑλάοντες"
The Taking of Ilios,1,611,True,LSSLSSLSSLSSLLLL,LSSLSSLSSLSSLLLL,1.5,1,1,,α:L:position ι:S:lexicon α:S:lexicon ο:L:position ο:S:nature ε:S:nature οι:L:nature ι:S:antepenult_accent ε:S:nature α:L:lexicon α:S:lexicon ι:S:lexicon ω:L:nature υ:L:unknown ο:L:position ο:L:line_final,"ἄγρια κοπτομένοισιν ἐπ’ ἀνδράσιν ὠρύοντο,"
The Taking of Ilios,1,612,True,LSSLSSLSSLSSLSSLL,LSSLSSLSSLSSLSSLL,0.0,1,3,,η:L:nature ε:S:nature ε:S:nature ου:L:nature α:S:unknown ε:S:nature ι:L:position ο:S:nature ε:S:nature ου:L:nature ε:S:nature υ:S:unknown ο:L:position ε:S:nature α:S:unknown α:L:position α:L:antepenult_accent,"νηλέες, οὐδ’ ἀλέγιζον ἑοὺς ἐρύοντες ἄνακτας."
The Taking of Ilios,1,613,True,LSSLSSLSSLSSLSSLL,LSSLSSLSSLSSLSSLL,0.0,1,3,,ω:L:nature ε:S:nature υ:S:unknown αι:L:nature α:S:unknown ε:S:nature ο:L:position ο:S:nature ι:S:lexicon ω:L:nature α:S:lexicon α:S:lexicon η:L:nature ι:S:unknown ο:S:nature οι:L:nature ο:L:line_final,τὼ δὲ γυναιμανέος ποτὶ δώματα Δηιφόβοιο
The Taking of Ilios,1,614,True,LLLSLLSLLLLSSLL,LLLSLLSLLLLSSLL,99.0,0,0,unmetrical,ε:L:position ε:L:position η:L:nature ο:S:nature υ:L:lexicon ευ:L:nature+position ε:S:nature αι:L:nature ευ:L:nature αι:L:nature η:L:nature+position ε:S:nature ε:S:nature α:L:lexicon ο:L:line_final,στελλέσθην Ὀδυσσεύς τε καὶ εὐχαίτης Μενέλαος
The Taking of Ilios,1,615,True,LSSLSSLSSLSSLSSLL,LSSLSSLSSLSSLSSLL,0.0,1,2,,α:L:position α:S:unknown ε:S:nature οι:L:nature ι:S:antepenult_accent υ:S:unknown οι:L:nature ι:S:antepenult_accent ε:S:nature οι:L:nature ο:S:nature ε:S:nature οι:L:nature υ:S:lexicon ο:S:nature υ:L:paroxytone_short_ultima α:L:lexicon,"καρχαλέοισι λύκοισιν ἐοικότες, οἵθ’ ὑπὸ νύκτα"
The Taking of Ilios,1,616,True,LSSLSSLSSLLLSSLL,LSSLSSLSSLLLSSLL,0.0,1,2,,ει:L:nature ε:S:nature ι:S:unknown η:L:nature+position ο:S:nature ο:S:nature ω:L:nature+position ε:S:nature α:S:unknown η:L:nature α:L:paroxytone_short_ultima οι:L:nature ε:S:nature ι:S:lexicon η:L:nature οι:L:line_final,χειμερίην φονόωντες ἀσημάντοις ἐπὶ μήλοις
The Taking of Ilios,1,617,True,LLLSSLSSLLLSSLL,LLLSSLSSLLLSSLL,0.0,1,2,,οι:L:nature ο:L:position αι:L:nature α:S:lexicon α:S:lexicon ο:L:position ε:S:nature α:S:unknown α:L:position υ:L:unknown ου:L:nature ι:S:antepenult_accent ο:S:nature η:L:nature ω:L:line_final,"οἴχονται, κάματον δὲ κατατρύχουσι νομήων."
The Taking of Ilios,1,618,True,LSSLSSLSSLSSLSSLL,LSSLSSLSSLSSLSSLL,0.0,1,2,,ε:L:position α:S:lexicon υ:S:lexicon ω:L:nature ε:S:nature ε:S:nature ο:L:position ε:S:nature α:S:unknown ει:L:nature ε:S:nature ι:S:unknown οι:L:nature ι:S:antepenult_accent ε:S:nature ι:L:lexicon ε:L:line_final,ἔνθα δύω περ ἐόντες ἀπειρεσίοισιν ἔμιχθεν
The Taking of Ilios,1,619,True,LSSLSSLSSLLLSSLL,LSSLSSLSSLLLSSLL,0.0,1,0,,α:L:lexicon α:S:lexicon ι:S:lexicon υ:L:position ε:S:nature ε:S:nature ε:L:position ι:S:lexicon ε:S:nature η:L:nature η:L:nature ει:L:nature ε:S:nature ο:S:nature α:L:position η:L:line_final,ἀνδράσι δυσμενέεσσι· νέη δ’ ἠγείρετο χάρμη
The Taking of Ilios,1,620,True,LSSLSSLLLSSLSSLL,LSSLSSLLLSSLSSLL,0.0,1,1,,ω:L:nature+position ε:S:nature ε:S:nature ο:L:position υ:S:unknown ε:S:nature ω:L:nature+position ω:L:nature+position υ:L:position ο:S:nature ε:S:nature ε:L:position α:S:lexicon α:S:lexicon οι:L:nature ο:L:line_final,"τῶν μὲν ἐπορνυμένων, τῶν δ’ ὑψόθεν ἐκ θαλάμοιο"
The Taking of Ilios,1,621,True,LLLSSLSSLSSLSSLL,LLLSSLSSLSSLSSLL,0.5,1,3,correption,α:L:position ο:L:position ω:L:nature+position ι:S:unknown α:S:unknown ε:L:position ι:S:antepenult_accent αι:S:nature ω:L:nature υ:S:unknown ο:S:nature οι:L:nature ι:S:antepenult_accent ο:S:nature ι:L:position οι:L:line_final,βαλλόντων λιθάκεσσι καὶ ὠκυμόροισιν ὀιστοῖς.
The Taking of Ilios,1,622,True,LSSLSSLSSLSSLLLL,LSSLSSLSSLSSLLLL,2.0,1,1,correption,α:L:position α:S:lexicon αι:S:nature ω:L:nature υ:S:unknown ε:S:nature ο:L:position α:S:antepenult_accent α:S:lexicon η:L:nature α:S:lexicon α:S:lexicon υ:L:position ω:L:nature α:L:position ε:L:line_final,ἀλλὰ καὶ ὣς ὑπέροπλα καρήατα πυργώσαντες
The Taking of Ilios,1,623,True,LLLSSLSSLSSLLLL,LLLSSLSSLSSLLLL,2.0,1,0,correption,α:L:position η:L:nature+position οι:L:nature+position ο:S:nature υ:S:lexicon ε:L:position ι:S:lexicon αι:S:nature α:L:position ι:S:lexicon ι:S:lexicon υ:L:position ω:L:nature α:L:position ε:L:line_final,ἀρρήκτοις κορύθεσσι καὶ ἀσπίσι κυκλώσαντες
The Taking of Ilios,1,624,True,LSSLSSLSSLSSLSSLL,LSSLSSLSSLSSLSSLL,0.5,1,0,correption,ει:L:nature ε:S:nature ο:S:nature ο:L:position ε:S:nature α:S:lexicon ω:L:nature α:S:lexicon αι:S:nature α:L:position ι:S:lexicon ι:S:lexicon ο:L:position ε:S:nature ο:S:nature ι:L:lexicon ο:L:line_final,"εἰσέθορον μέγα δῶμα· καὶ ἀντίβιον μὲν ὅμιλον,"
The Taking of Ilios,1,625,True,LLLSSLSSLSSLSSLL,LLLSSLSSLSSLSSLL,0.0,1,3,,η:L:nature α:L:lexicon ει:L:nature α:S:unknown ε:S:nature ου:L:nature ε:S:nature α:S:unknown ω:L:nature ε:S:nature α:S:unknown ι:L:position ε:S:nature ο:S:nature υ:L:lexicon ευ:L:line_final,"θῆρας δειμαλέους, ἐλάων ἐδάιξεν Ὀδυσσεύς,"
The Taking of Ilios,1,626,True,LLLSSLSSLLLSSLL,LLLSSLSSLLLSSLL,0.0,1,2,,α:L:position ει:L:nature η:L:nature+position ε:S:nature ε:S:nature ω:L:nature ε:S:nature υ:S:unknown ο:L:position η:L:nature+position α:L:position α:S:antepenult_accent ι:S:unknown ω:L:nature+position α:L:line_final,Ἀτρείδης δ’ ἑτέρωθεν ὑποπτήξαντα διώξας
The Taking of Ilios,1,627,True,LSSLSSLSSLSSLSSLL,LSSLSSLSSLSSLSSLL,0.0,1,2,,η:L:nature ι:S:unknown ο:S:nature ο:L:position α:S:unknown ε:S:nature α:L:position ε:S:nature ε:S:nature η:L:nature+position α:S:lexicon α:S:lexicon α:L:position ε:S:nature α:S:lexicon υ:L:lexicon α:L:lexicon,"Δηίφοβον κατέμαρψε, μέσην κατὰ γαστέρα τύψας"
The Taking of Ilios,1,628,True,LSSLLLSSLSSLSSLL,LSSLLLSSLSSLSSLL,0.0,1,2,,η:L:nature α:S:lexicon ο:S:nature ι:L:position η:L:nature η:L:nature ι:S:properispomenon υ:S:unknown ε:L:position ε:S:nature ε:S:nature ε:L:position ο:S:nature α:S:unknown ε:L:position ι:L:antepenult_accent,ἧπαρ ὀλισθηρῇσι συνεξέχεεν χολάδεσσιν.
The Taking of Ilios,1,629,True,LSSLSSLSSLSSLSSLL,LSSLSSLSSLSSLSSLL,0.0,1,0,,ω:L:nature ο:S:nature ε:S:nature αυ:L:nature ο:S:nature ι:S:lexicon ει:L:nature ο:S:nature ε:S:nature α:L:lexicon ε:S:nature ο:S:nature ι:L:position ο:S:nature υ:S:lexicon α:L:lexicon ω:L:line_final,"ὣς ὁ μὲν αὐτόθι κεῖτο λελασμένος ἱπποσυνάων,"
The Taking of Ilios,1,630,True,LSSLSSLSSLLLSSLL,LSSLSSLSSLLLSSLL,0.0,1,0,,ω:L:nature ε:S:nature ε:S:nature ο:L:position ο:S:nature ε:S:nature ου:L:nature α:S:antepenult_accent ο:S:nature υ:L:position η:L:nature η:L:nature α:S:lexicon α:S:lexicon οι:L:nature ι:L:lexicon,τῷ δ’ ἕπετο τρομέουσα δορυκτήτη παράκοιτις
The Taking of Ilios,1,631,True,LSSLLLSSLSSLSSLL,LSSLLLSSLSSLSSLL,0.0,1,1,,α:L:position ο:S:nature ε:S:nature ε:L:position αι:L:nature ου:L:nature α:S:antepenult_accent α:S:lexicon ω:L:nature ε:S:nature ι:S:lexicon ε:L:position α:S:unknown ι:S:antepenult_accent ο:L:position ω:L:line_final,"ἄλλοτε μὲν χαίρουσα κακῶν ἐπὶ τέρματι μόχθων,"
The Taking of Ilios,1,632,True,LSSLSSLSSLSSLSSLL,LSSLSSLSSLSSLSSLL,0.0,1,0,,α:L:position ο:S:nature ε:S:nature αι:L:nature ο:S:nature ε:S:nature η:L:nature ο:S:nature ε:S:nature ο:L:position ε:S:nature ε:S:nature ω:L:nature ε:S:nature ο:S:nature ει:L:nature ω:L:line_final,"ἄλλοτε δ’ αἰδομένη, τοτὲ δ’ ὀψέ περ ὡς ἐν ὀνείρῳ"
The Taking of Ilios,1,633,True,LSSLSSLSSLLLSSLL,LSSLSSLSSLLLSSLL,0.0,1,3,,α:L:position ι:S:unknown ι:S:unknown ο:L:position ε:S:nature α:S:unknown ου:L:nature α:S:antepenult_accent ι:S:lexicon η:L:nature+position ι:L:position η:L:nature+position ε:S:nature ο:S:nature α:L:position η:L:line_final,λαθρίδιον στενάχουσα φίλης μιμνῄσκετο πάτρης.
The Taking of Ilios,1,634,True,LSSLSSLSSLSSLSSLL,LSSLSSLSSLSSLSSLL,0.0,1,0,,αι:L:nature α:S:lexicon ι:S:lexicon η:L:nature+position ε:S:nature ε:S:nature ο:L:position α:S:lexicon ε:S:nature ο:L:position ο:S:nature ε:S:nature ο:L:position α:S:lexicon ι:S:lexicon η:L:nature α:L:lexicon,Αἰακίδης δὲ γέροντα Νεοπτόλεμος βασιλῆα
The Taking of Ilios,1,635,True,LSSLLLSSLLLSSLL,LSSLLLSSLLLSSLL,0.0,1,1,,η:L:nature α:S:unknown ι:S:antepenult_accent ε:L:position η:L:nature ω:L:nature α:S:properispomenon α:S:lexicon ε:L:position ει:L:nature ω:L:nature+position α:S:lexicon ε:S:nature ω:L:nature ω:L:line_final,πήμασι κεκμηῶτα παρ’ Ἑρκείῳ κτάνε βωμῷ
The Taking of Ilios,1,636,True,LSSLSSLLLSSLSSLL,LSSLSSLLLSSLSSLL,0.0,1,4,,οι:L:nature+position ο:S:nature α:S:unknown ω:L:nature α:S:unknown ε:S:nature ο:L:position α:L:position ω:L:nature ι:S:lexicon ο:S:nature ου:L:nature ε:S:nature ι:S:unknown α:L:unknown ω:L:line_final,οἶκτον ἀπωσάμενος πατρώιον· οὐδὲ λιτάων
The Taking of Ilios,1,637,True,LSSLLLSSLSSLSSLL,LSSLLLSSLSSLSSLL,0.0,1,1,,ε:L:position υ:S:lexicon ε:S:nature ου:L:nature η:L:nature η:L:nature ο:S:nature ο:S:nature ω:L:nature ε:S:nature ο:S:nature η:L:nature ι:S:unknown α:S:antepenult_accent αι:L:nature η:L:line_final,"ἔκλυεν, οὐ Πηλῆος ὁρώμενος ἥλικα χαίτην"
The Taking of Ilios,1,638,True,LSSLSSLSSLSSLSSLL,LSSLSSLSSLSSLSSLL,0.0,1,3,,η:L:nature ε:S:nature α:S:unknown η:L:nature υ:S:lexicon ο:S:nature υ:L:lexicon ο:S:nature α:S:unknown ε:L:position α:S:unknown ε:S:nature η:L:nature ε:S:nature ε:S:nature ο:L:position ο:L:line_final,"ᾐδέσαθ’, ἧς ὕπο θυμὸν ἀπέκλασεν ἠδὲ γέροντος"
The Taking of Ilios,1,639,True,LSSLSSLSSLSSLSSLL,LSSLSSLSSLSSLSSLL,1.0,1,3,lexicon_overridden,αι:L:nature ε:S:nature ε:S:nature ω:L:nature+position α:S:unknown υ:S:unknown η:L:nature ι:S:antepenult_accent ε:S:nature ει:L:nature α:S:unknown ο:S:nature ο:L:position ι:S:lexicon α:S:lexicon ι:L:lexicon ευ:L:line_final,καίπερ ἐὼν βαρύμηνις ἐφείσατο τὸ πρὶν Ἀχιλλεύς.
The Taking of Ilios,1,640,True,LSSLSSLSSLLLSSLL,LSSLSSLSSLLLSSLL,0.5,1,0,correption,ε:L:position ι:S:lexicon ο:S:nature η:L:nature ε:S:nature ε:S:nature ε:L:position ε:S:nature αι:S:nature αυ:L:nature ω:L:nature ο:L:position ο:S:nature ο:S:nature οι:L:nature ο:L:line_final,"σχέτλιος, ἦ μὲν ἔμελλε καὶ αὐτῷ πότμος ὁμοῖος"
The Taking of Ilios,1,641,True,LLLSSLSSLSSLLLL,LLLSSLSSLSSLLLL,2.5,1,1,lexicon_overridden,ε:L:position ε:L:position αι:L:nature α:S:lexicon α:S:lexicon ω:L:nature ο:S:nature α:S:unknown η:L:nature ε:S:nature ο:S:nature α:L:lexicon ο:L:position ω:L:nature ο:L:line_final,ἑσπέσθαι παρὰ βωμὸν ἀληθέος Ἀπόλλωνος
The Taking of Ilios,1,642,True,LSSLSSLSSLLLSSLL,LSSLSSLSSLLLSSLL,0.0,1,1,,υ:L:position ε:S:nature ο:S:nature ο:L:position ο:S:nature ε:S:nature ι:L:lexicon α:S:unknown ε:S:nature ου:L:nature η:L:nature η:L:nature ο:S:nature α:S:antepenult_accent η:L:nature ου:L:line_final,"ὕστερον, ὁππότε μιν ζαθέου δηλήμονα νηοῦ"
The Taking of Ilios,1,643,True,LSSLSSLSSLSSLSSLL,LSSLSSLSSLSSLSSLL,0.0,1,0,,ε:L:position ο:S:nature α:S:lexicon η:L:nature ε:S:nature α:S:lexicon α:L:lexicon ι:S:lexicon ε:S:nature η:L:nature α:S:lexicon ε:S:nature ε:L:position ε:S:nature α:S:lexicon αι:L:nature η:L:line_final,Δελφὸς ἀνὴρ ἐλάσας ἱερῇ κατέπεφνε μαχαίρῃ.
The Taking of Ilios,1,644,True,LSSLLLSSLSSLSSLL,LSSLLLSSLSSLSSLL,0.0,1,3,,η:L:nature ε:S:nature υ:S:unknown ι:L:position η:L:nature α:L:position α:S:antepenult_accent ι:S:unknown η:L:nature ε:S:nature ι:S:unknown ω:L:nature α:S:lexicon ο:S:nature υ:L:position ω:L:line_final,ἡ δὲ κυβιστήσαντα διηερίων ἀπὸ πύργων—
The Taking of Ilios,1,645,True,LSSLLLSSLSSLLLL,LSSLLLSSLSSLLLL,1.5,1,1,,ει:L:nature ο:S:nature ο:S:nature υ:L:position ει:L:nature η:L:nature ο:S:nature ο:S:nature ο:L:position ε:S:nature ο:S:nature α:L:position η:L:nature α:L:unknown α:L:antepenult_accent,χειρὸς Ὀδυσσείης ὀλοὸν βέλος—ἀθρήσασα
The Taking of Ilios,1,646,True,LSSLSSLSSLSSLSSLL,LSSLSSLSSLSSLSSLL,0.0,1,5,,α:L:position ο:S:nature α:S:lexicon η:L:nature ι:S:unknown υ:S:unknown ω:L:nature ο:S:nature ε:S:nature ω:L:nature υ:S:unknown ε:S:nature α:L:position υ:S:unknown α:S:unknown α:L:position α:L:antepenult_accent,Ἀνδρομάχη μινύωρον ἐκώκυεν Ἀστυάνακτα.
The Taking of Ilios,1,647,True,LLLLLSSLLLSSLL,LLLLLSSLLLSSLL,0.0,1,2,,α:L:position α:L:position η:L:nature+position η:L:nature+position υ:L:unknown ε:S:nature ο:S:nature ι:L:unknown η:L:nature ο:L:position α:S:lexicon υ:S:lexicon αι:L:nature α:L:lexicon,Κασσάνδρην δ’ ᾔσχυνεν Ὀιλῆος ταχὺς Αἴας
The Taking of Ilios,1,648,True,LSSLLLSSLSSLSSLL,LSSLLLSSLSSLSSLL,0.0,1,0,,α:L:position α:S:paroxytone_short_ultima ο:S:nature α:L:position α:L:position οι:L:nature ο:S:nature ε:S:nature η:L:nature υ:S:lexicon ο:S:nature ου:L:nature α:S:lexicon ε:S:nature ου:L:nature α:L:properispomenon,Παλλάδος ἀχράντοιο θεῆς ὑπὸ γοῦνα πεσοῦσαν·
The Taking of Ilios,1,649,True,LSSLSSLSSLLLSSLL,LSSLSSLSSLLLSSLL,0.0,1,1,,η:L:nature ε:S:nature ι:S:lexicon η:L:nature α:S:lexicon ε:S:nature ευ:L:nature ε:S:nature ε:S:nature η:L:nature ο:L:position ο:L:position ε:S:nature α:S:unknown η:L:nature ω:L:line_final,"ἡ δὲ βίην ἀνένευσε θεή, τὸ πρόσθεν ἀρηγὼν"
The Taking of Ilios,1,650,True,LSSLLLSSLSSLSSLL,LSSLLLSSLSSLSSLL,0.0,1,0,,α:L:position ε:S:nature ο:S:nature α:L:position ει:L:nature οι:L:nature ι:S:lexicon ε:S:nature ω:L:nature α:S:lexicon ο:S:nature α:L:lexicon ι:S:lexicon α:S:lexicon η:L:nature η:L:line_final,ἀνθ’ ἑνὸς Ἀργείοισιν ἐχώσατο πᾶσιν Ἀθήνη.
The Taking of Ilios,1,651,True,LLLLLSSLLLSSLL,LLLLLSSLLLSSLL,1.5,1,0,correption;lexicon_overridden,αι:L:nature ει:L:nature α:L:lexicon ε:L:position ε:L:position ε:S:nature αι:S:nature α:L:position ι:L:lexicon η:L:nature α:S:lexicon ο:S:nature ι:L:lexicon η:L:line_final,Αἰνείαν δ’ ἔκλεψε καὶ Ἀγχίσην Ἀφροδίτη
The Taking of Ilios,1,652,True,LLLSSLSSLSSLSSLL,LLLSSLSSLSSLSSLL,0.5,1,0,correption,οι:L:nature+position ει:L:nature ου:L:nature α:S:antepenult_accent ε:S:nature ο:L:position α:S:lexicon αι:S:nature υι:L:nature ε:S:nature α:S:lexicon η:L:nature ε:S:nature ε:S:nature α:L:position η:L:line_final,"οἰκτείρουσα γέροντα καὶ υἱέα, τῆλε δὲ πάτρης"
The Taking of Ilios,1,653,True,LSSLSSLSSLSSLSSLL,LSSLSSLSSLSSLSSLL,0.0,1,2,,αυ:L:nature ο:S:nature ι:S:unknown η:L:nature α:S:unknown ε:S:nature α:L:position ε:S:nature ε:S:nature ω:L:nature+position ε:S:nature ε:S:nature ει:L:nature ε:S:nature ο:S:nature ου:L:nature η:L:line_final,Αὐσονίην ἀπένασσε· θεῶν δ’ ἐτελείετο βουλὴ
The Taking of Ilios,1,654,True,LSSLLLSSLSSLSSLL,LSSLLLSSLSSLSSLL,0.0,1,0,,η:L:nature ο:S:nature ε:S:nature αι:L:nature η:L:nature α:L:position ο:S:nature ι:S:lexicon α:L:lexicon α:S:lexicon ο:S:nature α:L:position ι:S:lexicon ο:S:nature ει:L:nature η:L:line_final,"Ζηνὸς ἐπαινήσαντος, ἵνα κράτος ἄφθιτον εἴη"
The Taking of Ilios,1,655,True,LSSLLLSSLSSLSSLL,LSSLLLSSLSSLSSLL,1.5,1,3,correption;lexicon_overridden,αι:L:nature ι:S:lexicon αι:S:nature υι:L:nature ω:L:nature οι:L:nature ι:S:properispomenon α:S:unknown η:L:nature ι:S:unknown ι:S:unknown η:L:nature α:S:lexicon ο:S:nature ι:L:lexicon η:L:line_final,παισὶ καὶ υἱωνοῖσιν ἀρηιφίλης Ἀφροδίτης.
The Taking of Ilios,1,656,True,LSSLSSLLLSSLSSLL,LSSLSSLLLSSLSSLL,0.0,1,0,,ε:L:position α:S:lexicon ε:S:nature αι:L:nature ε:S:nature ε:S:nature η:L:nature α:L:position η:L:nature ο:S:nature ο:S:nature α:L:position ι:S:lexicon ε:S:nature οι:L:nature ο:L:line_final,τέκνα δὲ καὶ γενεὴν Ἀντήνορος ἀντιθέοιο
The Taking of Ilios,1,657,True,LLLSSLSSLLLSSLL,LLLSSLSSLLLSSLL,0.0,1,2,,α:L:position ει:L:nature η:L:nature ε:S:nature υ:S:unknown α:L:position ε:S:nature ι:S:unknown ο:L:position ει:L:nature οι:L:nature ο:S:nature ε:S:nature ο:L:position ο:L:line_final,"Ἀτρείδης ἐφύλαξε, φιλοξείνοιο γέροντος,"
The Taking of Ilios,1,658,True,LSSLSSLLLSSLSSLL,LSSLSSLLLSSLSSLL,1.0,1,3,cluster_short,ει:L:nature ι:S:unknown ι:S:unknown η:L:nature+position ο:S:nature ε:S:nature η:L:nature+position ι:L:unknown ω:L:nature+position α:S:lexicon ι:S:lexicon η:L:nature ε:S:position α:S:lexicon ε:L:position η:L:line_final,μειλιχίης προτέρης τίνων χάριν ἠδὲ τραπέζης
The Taking of Ilios,1,659,True,LLLSSLSSLLLSSLL,LLLSSLSSLLLSSLL,0.0,1,1,,ει:L:nature η:L:nature η:L:nature ι:S:lexicon ε:S:nature ε:L:position ο:S:nature υ:S:lexicon η:L:nature+position η:L:nature ει:L:nature α:S:properispomenon ε:S:nature α:L:unknown ω:L:line_final,"κείνης, ᾗ μιν ἔδεκτο γυνὴ πρηεῖα Θεανώ."
The Taking of Ilios,1,660,True,LLLSSLSSLSSLSSLL,LLLSSLSSLSSLSSLL,0.0,1,0,,ει:L:nature η:L:nature α:L:lexicon ο:S:nature ι:S:lexicon η:L:nature ε:S:nature ε:S:nature α:L:position ι:S:lexicon ο:S:nature ε:L:position υ:S:lexicon ι:S:lexicon αι:L:nature η:L:line_final,"δειλὴ Λαοδίκη, σὲ δὲ πατρίδος ἐγγύθι γαίης"
The Taking of Ilios,1,661,True,LSSLLLSSLSSLSSLL,LSSLLLSSLSSLSSLL,0.0,1,2,,αι:L:nature α:S:lexicon ε:S:nature ι:L:position υ:L:position α:L:unknown α:S:antepenult_accent ε:S:nature η:L:nature ο:S:nature ι:S:unknown ε:L:position α:S:lexicon ο:S:nature ο:L:position ω:L:line_final,γαῖα περιπτύξασα κεχηνότι δέξατο κόλπῳ·
The Taking of Ilios,1,662,True,LSSLLLSSLLLSSLL,LSSLLLSSLLLSSLL,0.0,1,0,,ου:L:nature ε:S:nature ε:S:nature η:L:nature ει:L:nature η:L:nature α:S:lexicon α:S:lexicon α:L:lexicon ου:L:nature α:L:paroxytone_short_ultima ο:S:nature α:S:lexicon αι:L:nature ω:L:line_final,οὐδέ σε Θησείδης Ἀκάμας οὐδ’ ἄλλος Ἀχαιῶν
The Taking of Ilios,1,663,True,LSSLSSLSSLSSLSSLL,LSSLSSLSSLSSLSSLL,0.0,1,3,,η:L:nature α:S:lexicon ε:S:nature η:L:nature ι:S:unknown ι:S:unknown η:L:nature ε:S:nature α:S:unknown ε:L:position α:S:lexicon α:S:lexicon α:L:position ι:S:lexicon ι:S:lexicon αι:L:nature η:L:line_final,"ἤγαγε ληιδίην, ἔθανες δ’ ἅμα πατρίδι γαίῃ."
The Taking of Ilios,1,664,True,LLLSSLSSLSSLLLL,LLLSSLSSLSSLLLL,1.5,1,3,,α:L:lexicon α:L:lexicon ου:L:nature α:S:lexicon ε:S:nature ω:L:nature ε:S:nature ο:S:nature ου:L:nature υ:S:unknown ι:S:unknown α:L:unknown ει:L:nature αι:L:nature ι:L:antepenult_accent,πᾶσαν δ’ οὐκ ἂν ἔγωγε μόθου χύσιν ἀείσαιμι
The Taking of Ilios,1,665,True,LSSLSSLSSLSSLSSLL,LSSLSSLSSLSSLSSLL,0.5,1,0,correption,ι:L:lexicon α:S:lexicon ε:S:nature ο:L:position α:S:lexicon ε:S:nature α:L:position α:S:lexicon αι:S:nature α:L:position ε:S:nature α:S:lexicon υ:L:position ο:S:nature ε:S:nature ει:L:nature η:L:line_final,κρινάμενος τὰ ἕκαστα καὶ ἄλγεα νυκτὸς ἐκείνης·
The Taking of Ilios,1,666,True,LLLSSLSSLSSLSSLL,LLLSSLSSLSSLSSLL,0.0,1,0,,ου:L:nature α:L:lexicon ω:L:nature ο:S:nature ε:S:nature ο:L:position ο:S:nature ε:S:nature ω:L:nature α:S:paroxytone_short_ultima ε:S:nature ι:L:paroxytone_short_ultima ο:S:nature ε:S:nature α:L:position ω:L:line_final,"Μουσάων ὅδε μόχθος, ἐγὼ δ’ ἅπερ ἵππον ἐλάσσω"
The Taking of Ilios,1,667,True,LSSLSSLSSLLLSSLL,LSSLSSLSSLLLSSLL,0.0,1,2,,ε:L:position α:S:unknown ο:S:nature α:L:position ι:S:unknown ε:S:nature ι:L:position α:S:antepenult_accent ε:S:nature ι:L:position αυ:L:nature ου:L:nature α:S:antepenult_accent α:S:lexicon οι:L:nature η:L:line_final,τέρματος ἀμφιέλισσαν ἐπιψαύουσαν ἀοιδήν.
The Taking of Ilios,1,668,True,LSSLSSLSSLSSLSSLL,LSSLSSLSSLSSLSSLL,0.0,1,4,,α:L:position ι:S:unknown α:S:lexicon α:L:position ο:S:nature ι:S:unknown η:L:nature ε:S:nature α:S:unknown ο:L:position υ:S:unknown ο:S:nature ω:L:nature ε:S:nature α:S:lexicon οι:L:nature ο:L:line_final,ἄρτι γὰρ ἀντολίηθεν ἀπόσσυτος Ὠκεανοῖο
The Taking of Ilios,1,669,True,LSSLLLSSLSSLSSLL,LSSLLLSSLSSLSSLL,0.0,1,3,,η:L:nature ε:S:nature α:S:unknown ευ:L:nature αι:L:nature ου:L:nature α:S:antepenult_accent α:S:unknown ε:L:position α:S:unknown ε:S:nature η:L:nature ε:S:nature α:S:lexicon ο:L:position η:L:line_final,"ἠρέμα λευκαίνουσα κατέγραφεν ἠέρα πολλήν,"
The Taking of Ilios,1,670,True,LSSLLLSSLSSLSSLL,LSSLLLSSLSSLSSLL,0.0,1,4,,υ:L:paroxytone_short_ultima α:S:lexicon ι:S:unknown α:L:position η:L:nature+position α:L:unknown α:S:antepenult_accent ι:S:unknown αι:L:nature ο:S:nature ο:S:nature ι:L:position ο:S:nature ι:S:unknown η:L:nature ω:L:line_final,νύκτα διαρρήξασα μιαιφόνον ἱππότις Ἠώς·
The Taking of Ilios,1,671,True,LSSLSSLSSLSSLSSLL,LSSLSSLSSLSSLSSLL,0.0,1,3,,οι:L:nature ε:S:nature α:S:unknown α:L:position ο:S:nature ε:S:nature οι:L:nature ο:S:nature ε:S:nature ω:L:nature υ:S:unknown ε:S:nature αυ:L:nature ε:S:nature ι:S:unknown ι:L:lexicon η:L:line_final,οἱ δ’ ἐπαγαλλόμενοι πολέμων ὑπεραυχέι νίκῃ
The Taking of Ilios,1,672,True,LSSLLLSSLSSLSSLL,LSSLLLSSLSSLSSLL,0.0,1,0,,α:L:position ο:S:nature ε:S:nature α:L:position αι:L:nature ε:L:position ο:S:nature α:S:lexicon α:L:lexicon ο:S:nature ι:S:lexicon ει:L:nature ι:S:lexicon ε:S:nature α:L:paroxytone_short_ultima οι:L:line_final,"πάντοσε παπταίνεσκον ἀνὰ πτόλιν, εἴ τινες ἄλλοι"
The Taking of Ilios,1,673,True,LSSLLLSSLLLSSLL,LSSLLLSSLLLSSLL,0.0,1,2,,ε:L:position ο:S:nature ε:S:nature οι:L:nature ευ:L:nature ου:L:nature ι:S:antepenult_accent ο:S:nature ου:L:nature α:L:position η:L:nature ο:S:nature α:S:unknown υ:L:unknown η:L:line_final,κλεπτόμενοι φεύγουσι φόνου πάνδημον ἀυτήν.
The Taking of Ilios,1,674,True,LLLLLSSLSSLSSLL,LLLLLSSLSSLSSLL,0.0,1,1,,α:L:position οι:L:nature ε:L:position ε:L:position η:L:nature+position ο:S:nature ι:S:lexicon ω:L:nature α:S:lexicon α:S:lexicon οι:L:nature ο:S:nature α:S:unknown α:L:position ω:L:line_final,"ἀλλ’ οἱ μὲν δέδμηντο λίνῳ θανάτοιο πανάγρῳ,"
The Taking of Ilios,1,675,True,LSSLSSLSSLSSLSSLL,LSSLSSLSSLSSLSSLL,0.0,1,3,,ι:L:position υ:S:lexicon ε:S:nature ω:L:nature α:S:unknown ι:S:unknown η:L:nature ι:S:antepenult_accent ε:S:nature ι:L:lexicon α:S:lexicon α:S:lexicon οι:L:nature ι:S:lexicon υ:S:unknown ε:L:position ε:L:line_final,"ἰχθύες ὡς ἁλίῃσιν ἐπὶ ψαμάθοισι χυθέντες,"
The Taking of Ilios,1,676,True,LLLSSLSSLSSLSSLL,LLLSSLSSLSSLSSLL,0.0,1,1,,α:L:position ει:L:nature οι:L:nature α:S:lexicon ο:S:nature ε:L:position ε:S:nature α:S:lexicon ω:L:nature+position ε:S:nature ο:S:nature ευ:L:nature ε:S:nature α:S:unknown ο:L:position ο:L:line_final,Ἀργεῖοι δ’ ἀπὸ μὲν μεγάρων νεοτευχέα κόσμον
The Taking of Ilios,1,677,True,LSSLLLSSLSSLSSLL,LSSLLLSSLSSLSSLL,0.0,1,3,,ε:L:position ε:S:nature ε:S:nature ο:L:position η:L:nature ω:L:nature α:S:unknown α:S:unknown η:L:nature α:S:unknown α:S:antepenult_accent ο:L:position α:S:lexicon ε:S:nature η:L:nature ω:L:line_final,"ἐξέφερον, νηῶν ἀναθήματα, πολλὰ δ’ ἐρήμων"
The Taking of Ilios,1,678,True,LLLSSLLLSSLSSLL,LLLSSLLLSSLSSLL,0.0,1,0,,η:L:nature+position α:L:position ο:L:position α:S:lexicon α:S:lexicon ω:L:nature+position ει:L:nature η:L:nature ι:S:lexicon α:S:lexicon υ:L:lexicon ε:S:nature υ:S:lexicon αι:L:nature α:L:lexicon,ἥρπαζον θαλάμων κειμήλια· σὺν δὲ γυναῖκας
The Taking of Ilios,1,679,True,LSSLLLSSLSSLSSLL,LSSLLLSSLSSLSSLL,0.0,1,2,,η:L:nature ι:S:unknown ι:S:unknown α:L:position υ:L:lexicon αι:L:nature ι:S:lexicon α:S:lexicon ο:L:position ο:S:nature ι:S:lexicon η:L:nature α:S:lexicon α:S:lexicon α:L:position η:L:line_final,ληιδίας σὺν παισὶν ἄγον ποτὶ νῆας ἀνάγκῃ.
The Taking of Ilios,1,680,True,LSSLSSLSSLSSLLLL,LSSLSSLSSLSSLLLL,1.5,1,0,,ει:L:nature ε:S:nature ι:S:antepenult_accent ε:L:position ο:S:nature ι:S:lexicon ο:L:position ο:S:nature ε:S:nature ι:L:lexicon ο:S:nature α:S:lexicon ω:L:nature η:L:nature+position α:L:position ε:L:line_final,τείχεσι δὲ πτολίπορθον ἐπὶ φλόγα θωρήξαντες
The Taking of Ilios,1,681,True,LSSLLLSSLSSLSSLL,LSSLLLSSLSSLSSLL,0.0,1,2,,ε:L:position α:S:lexicon ο:S:nature ει:L:nature α:L:lexicon ω:L:nature ο:S:nature ι:S:lexicon η:L:nature υ:S:unknown ε:S:nature ευ:L:nature ο:S:nature α:S:unknown υ:L:position η:L:line_final,ἔργα Ποσειδάωνος ἰῇ συνέχευον ἀυτμῇ.
The Taking of Ilios,1,682,True,LLLSSLSSLLLSSLL,LLLSSLSSLLLSSLL,0.0,1,0,,αυ:L:nature ου:L:nature αι:L:nature ε:S:nature α:S:lexicon η:L:nature α:S:lexicon ι:S:lexicon οι:L:nature α:L:position οι:L:nature ι:S:lexicon ε:S:nature υ:L:position η:L:line_final,αὐτοῦ καὶ μέγα σῆμα φίλοις ἀστοῖσιν ἐτύχθη
The Taking of Ilios,1,683,True,LSSLSSLSSLSSLSSLL,LSSLSSLSSLSSLSSLL,0.0,1,1,,ι:L:lexicon ι:S:lexicon ο:S:nature αι:L:nature α:S:unknown ο:S:nature ε:L:position α:S:antepenult_accent υ:S:lexicon ο:L:position ο:S:nature ε:S:nature ι:L:position ο:S:nature ι:S:antepenult_accent α:L:lexicon η:L:line_final,Ἴλιος αἰθαλόεσσα· πυρὸς δ’ ὀλεσίπτολιν ἄτην
The Taking of Ilios,1,684,True,LSSLLLSSLSSLSSLL,LSSLLLSSLSSLSSLL,0.0,1,4,,α:L:paroxytone_short_ultima ο:S:nature ι:S:lexicon ω:L:nature ε:L:position αυ:L:nature ε:S:nature ο:S:nature ω:L:nature α:S:unknown ι:S:unknown υ:L:unknown ε:S:nature ι:S:unknown η:L:nature η:L:line_final,"Ξάνθος ἰδὼν ἔκλαυσε γόων ἁλιμυρέι πηγῇ,"
The Taking of Ilios,1,685,True,LLLSSLSSLSSLSSLL,LLLSSLSSLSSLSSLL,0.0,1,2,,η:L:nature αι:L:nature+position ω:L:nature υ:S:unknown ο:S:nature ει:L:nature ε:S:nature α:S:unknown υ:L:position ο:S:nature ε:S:nature ο:L:position ο:S:nature ο:S:nature η:L:nature η:L:line_final,Ἡφαίστῳ δ’ ὑπόεικεν ἀτυζόμενος χόλον Ἥρης.
The Taking of Ilios,1,686,True,LSSLLLSSLSSLSSLL,LSSLLLSSLSSLSSLL,0.0,1,2,,οι:L:nature ε:S:nature ο:S:nature υ:L:position ει:L:nature η:L:nature ε:S:nature ι:S:unknown υ:L:position ι:S:unknown ο:S:nature αι:L:nature α:S:lexicon ε:S:nature α:L:position ε:L:line_final,"οἱ δὲ Πολυξείνης ἐπιτύμβιον αἷμα χέαντες,"
The Taking of Ilios,1,687,True,SLSSLSSLLLSSLSSLL,SLSSLSSLLLSSLSSLL,99.0,0,1,unmetrical,υ:S:unknown η:L:nature ι:S:properispomenon ι:S:lexicon α:L:lexicon α:S:lexicon ε:S:nature οι:L:nature ε:L:position ει:L:nature ο:S:nature ο:S:nature αι:L:nature α:S:lexicon ι:S:lexicon α:L:lexicon ο:L:line_final,υῆνιν ἱλασσάμενοι τεθνειότος Αἰακίδαο
The Taking of Ilios,1,688,True,LSSLSSLSSLSSLSSLL,LSSLSSLSSLSSLSSLL,0.0,1,3,,ω:L:nature ι:S:unknown α:S:unknown α:L:position ε:S:nature υ:S:lexicon αι:L:nature α:S:lexicon ε:S:nature α:L:position α:S:unknown ο:S:nature α:L:paroxytone_short_ultima α:S:lexicon ε:S:nature α:L:lexicon α:L:lexicon,"Τρωιάδας τε γυναῖκας ἐλάγχανον, ἄλλα τε πάντα"
The Taking of Ilios,1,689,True,LSSLLLSSLSSLSSLL,LSSLLLSSLSSLSSLL,0.5,1,1,correption,υ:L:lexicon ο:S:nature ε:S:nature οι:L:nature η:L:nature α:L:position ο:S:nature αι:S:nature α:L:position υ:S:lexicon ο:S:nature οι:L:nature ι:S:lexicon α:S:unknown ει:L:nature α:L:line_final,χρυσὸν ἐμοιρήσαντο καὶ ἄργυρον· οἷσι βαθείας
The Taking of Ilios,1,690,True,LSSLLLSSLLLSSLL,LSSLLLSSLLLSSLL,0.0,1,0,,η:L:nature α:S:lexicon ε:S:nature α:L:position η:L:nature α:L:position ε:S:nature ε:S:nature ι:L:position ου:L:nature ου:L:nature ι:S:lexicon α:S:lexicon ο:L:position ου:L:line_final,νῆας ἐπαχθήσαντες ἐριγδούπου διὰ πόντου
The Taking of Ilios,1,691,True,LLLSSLSSLSSLSSLL,LLLSSLSSLSSLSSLL,0.0,1,0,,ε:L:position οι:L:nature η:L:nature α:S:lexicon α:S:lexicon ο:L:position ο:S:nature ο:S:nature ο:L:position ε:S:nature ε:S:nature α:L:position ε:S:nature α:S:lexicon αι:L:nature οι:L:line_final,ἐκ Τροίης ἀνάγοντο μόθον τελέσαντες Ἀχαιοί.
