book,idx,perseus_n,sim
1,1,1,1.0
1,2,2,0.968
1,3,3,0.985
1,4,4,1.0
1,5,5,0.985
1,6,6,1.0
1,7,7,1.0
1,8,8,0.986
1,9,9,1.0
1,10,10,1.0
1,11,11,1.0
1,12,12,1.0
1,13,13,0.974
1,14,14,0.986
1,15,15,1.0
1,16,16,1.0
1,17,17,1.0
1,18,18,0.986
1,19,19,0.973
1,20,20,0.975
1,21,21,1.0
1,22,22,0.986
1,23,23,0.986
1,24,24,0.985
1,25,25,0.987
1,26,26,1.0
1,27,27,0.984
1,28,28,1.0
1,29,29,0.986
1,30,30,1.0
1,31,31,1.0
1,32,32,0.971
1,33,33,0.972
1,34,34,0.987
1,35,35,0.959
1,36,36,1.0
1,37,37,0.986
1,38,38,1.0
1,39,39,0.986
1,40,40,0.983
1,41,41,0.985
1,42,42,1.0
1,43,43,0.974
1,44,44,0.986
1,45,45,0.985
1,46,46,0.955
1,47,47,0.984
1,48,48,0.957
1,49,49,0.985
1,50,50,1.0
1,51,51,0.987
1,52,52,0.986
1,53,53,1.0
1,54,54,0.987
1,55,55,1.0
1,56,56,1.0
1,57,57,0.986
1,58,58,0.988
1,59,59,1.0
1,60,60,1.0
1,61,61,1.0
1,62,62,0.985
1,63,63,0.987
1,64,64,0.987
1,65,65,0.947
1,66,66,1.0
1,67,67,1.0
1,68,68,0.946
1,69,69,0.986
1,70,70,0.957
1,71,71,0.967
1,72,72,1.0
1,73,73,1.0
1,74,74,1.0
1,75,75,1.0
1,76,76,1.0
1,77,77,1.0
1,78,78,1.0
1,79,79,1.0
1,80,80,1.0
1,81,81,1.0
1,82,82,1.0
1,83,83,1.0
1,84,84,0.988
1,85,85,1.0
1,86,86,1.0
1,87,87,1.0
1,88,88,1.0
1,89,89,1.0
1,90,90,0.986
1,91,91,1.0
1,92,92,1.0
1,93,93,0.961
1,94,94,0.955
1,95,95,0.974
1,96,96,0.947
1,97,97,0.987
1,98,98,0.987
1,99,99,0.987
1,100,100,1.0
1,101,101,0.946
1,102,102,1.0
1,103,103,1.0
1,104,104,0.987
1,105,105,0.987
1,106,106,1.0
1,107,107,0.986
1,108,108,0.973
1,109,109,1.0
1,110,110,0.986
1,111,111,0.971
1,112,112,1.0
1,113,113,1.0
1,114,114,1.0
1,115,115,0.986
1,116,116,0.987
1,117,117,0.985
1,118,118,0.974
1,119,119,1.0
1,120,120,1.0
1,121,121,0.974
1,122,122,1.0
1,123,123,1.0
1,124,124,1.0
1,125,125,1.0
1,126,126,0.975
1,127,127,1.0
1,128,128,0.987
1,129,129,1.0
1,130,130,0.987
1,131,131,0.972
1,132,132,1.0
1,133,133,0.974
1,134,134,0.987
1,135,135,0.986
1,136,136,1.0
1,137,137,1.0
1,138,138,1.0
1,139,139,1.0
1,140,140,0.987
1,141,141,0.987
1,142,142,0.974
1,143,143,0.986
1,144,144,1.0
1,145,145,1.0
1,146,146,0.985
1,147,147,0.985
1,148,148,0.976
1,149,149,1.0
1,150,150,1.0
1,151,151,1.0
1,152,152,0.985
1,153,153,1.0
1,154,154,0.987
1,155,155,0.985
1,156,156,0.986
1,157,157,1.0
1,158,158,0.963
1,159,159,1.0
1,160,160,0.987
1,161,161,1.0
1,162,162,1.0
1,163,163,0.986
1,164,164,0.986
1,165,165,1.0
1,166,166,0.987
1,167,167,0.987
1,168,168,0.986
1,169,169,0.973
1,170,170,0.971
1,171,171,0.987
1,172,172,0.973
1,173,173,0.974
1,174,174,0.976
1,175,175,1.0
1,176,176,1.0
1,177,177,1.0
1,178,178,0.987
1,179,179,0.986
1,180,180,0.987
1,181,181,0.986
1,182,182,0.986
1,183,183,0.986
1,184,184,0.985
1,185,185,0.987
1,186,186,1.0
1,187,187,1.0
1,188,188,0.971
1,189,189,1.0
1,190,190,1.0
1,191,191,0.986
1,192,192,1.0
1,193,193,0.986
1,194,194,0.972
1,195,195,1.0
1,196,196,1.0
1,197,197,0.986
1,198,198,0.984
1,199,199,0.951
1,200,200,0.986
1,201,201,1.0
1,202,202,0.972
1,203,203,1.0
1,204,204,0.984
1,205,205,0.985
1,206,206,0.986
1,207,207,1.0
1,208,208,0.986
1,209,209,1.0
1,210,210,0.971
1,211,211,0.986
1,212,212,1.0
1,213,213,1.0
1,214,214,0.973
1,215,215,0.988
1,216,216,1.0
1,217,217,1.0
1,218,218,0.986
1,219,219,0.986
1,220,220,0.971
1,221,221,0.984
1,222,222,0.987
1,223,223,0.986
1,224,224,1.0
1,225,225,0.974
1,226,226,0.985
1,227,227,0.986
1,228,228,1.0
1,229,229,1.0
1,230,230,0.986
1,231,231,1.0
1,232,232,1.0
1,233,233,0.986
1,234,234,1.0
1,235,235,1.0
1,236,236,0.986
1,237,237,1.0
1,238,238,1.0
1,239,239,1.0
1,240,240,0.985
1,241,241,0.987
1,242,242,0.976
1,243,243,0.987
1,244,244,0.986
1,245,245,1.0
1,246,246,0.986
1,247,247,0.986
1,248,248,1.0
1,249,249,1.0
1,250,250,0.985
1,251,251,0.973
1,252,252,1.0
1,253,253,1.0
1,254,254,1.0
1,255,255,1.0
1,256,256,1.0
1,257,257,1.0
1,258,258,0.987
1,259,259,0.985
1,260,260,0.985
1,261,261,0.973
1,262,262,1.0
1,263,263,1.0
1,264,264,0.986
1,265,265,0.986
1,266,266,1.0
1,267,267,1.0
1,268,268,1.0
1,269,269,1.0
1,270,270,1.0
1,271,271,0.963
1,272,272,1.0
1,273,273,1.0
1,274,274,1.0
1,275,275,0.986
1,276,276,0.986
1,277,277,0.971
1,278,278,0.986
1,279,279,1.0
1,280,280,1.0
1,281,281,0.988
1,282,282,1.0
1,283,283,0.986
1,284,284,1.0
1,285,285,0.987
1,286,286,1.0
1,287,287,0.974
1,288,288,0.988
1,289,289,0.985
1,290,290,1.0
1,291,291,1.0
1,292,292,0.972
1,293,293,1.0
1,294,294,1.0
1,295,295,0.986
1,296,296,0.971
1,297,297,0.986
1,298,298,1.0
1,299,299,0.987
1,300,300,0.986
1,301,301,1.0
1,302,302,0.985
1,303,303,1.0
1,304,304,0.986
1,305,305,0.986
1,306,306,1.0
1,307,307,1.0
1,308,308,0.986
1,309,309,0.973
1,310,310,0.176
1,311,311,0.987
1,312,312,0.987
1,313,313,0.986
1,314,314,0.987
1,315,315,0.985
1,316,316,0.971
1,317,317,0.986
1,318,318,0.987
1,319,319,0.971
1,320,320,0.987
1,321,321,1.0
1,322,322,1.0
1,323,323,0.986
1,324,324,1.0
1,325,325,1.0
1,326,326,0.986
1,327,327,0.973
1,328,328,0.987
1,329,329,0.986
1,330,330,0.986
1,331,331,1.0
1,332,332,0.986
1,333,333,1.0
1,334,334,1.0
1,335,335,0.975
1,336,336,1.0
1,337,337,0.986
1,338,338,0.986
1,339,339,1.0
1,340,340,0.986
1,341,341,1.0
1,342,342,0.985
1,343,343,1.0
1,344,344,1.0
1,345,345,0.986
1,346,346,0.986
1,347,347,0.973
1,348,348,0.974
1,349,349,1.0
1,350,350,0.96
1,351,351,1.0
1,352,352,0.987
1,353,353,1.0
1,354,354,0.987
1,355,355,0.985
1,356,356,1.0
1,357,357,0.986
1,358,358,1.0
1,359,359,0.972
1,360,360,0.987
1,361,361,0.962
1,362,362,1.0
1,363,363,1.0
1,364,364,1.0
1,365,365,0.985
1,366,366,0.984
1,367,367,1.0
1,368,368,1.0
1,369,369,0.985
1,370,370,0.972
1,371,371,1.0
1,372,372,0.974
1,373,373,0.986
1,374,374,1.0
1,375,375,1.0
1,376,376,0.986
1,377,377,0.986
1,378,378,0.985
1,379,379,0.987
1,380,380,0.974
1,381,381,1.0
1,382,382,0.972
1,383,383,0.987
1,384,384,1.0
1,385,385,1.0
1,386,386,0.986
1,387,387,0.974
1,388,388,1.0
1,389,389,1.0
1,390,390,1.0
1,391,391,1.0
1,392,392,1.0
1,393,393,1.0
1,394,394,0.986
1,395,395,1.0
1,396,396,1.0
1,397,397,0.986
1,398,398,1.0
1,399,399,1.0
1,400,400,0.984
1,401,401,0.986
1,402,402,0.973
1,403,403,1.0
1,404,404,0.986
1,405,405,1.0
1,406,406,0.974
1,407,407,1.0
1,408,408,1.0
1,409,409,0.988
1,410,410,1.0
1,411,411,1.0
1,412,412,0.985
1,413,413,0.974
1,414,414,0.987
1,415,415,0.987
1,416,416,1.0
1,417,417,0.973
1,418,418,1.0
1,419,419,1.0
1,420,420,0.987
1,421,421,1.0
1,422,422,0.972
1,423,423,0.986
1,424,424,0.987
1,425,425,1.0
1,426,426,0.987
1,427,427,1.0
1,428,428,0.971
1,429,429,1.0
1,430,430,1.0
1,431,431,1.0
1,432,432,0.987
1,433,433,0.986
1,434,434,0.987
1,435,435,0.988
1,436,436,0.971
1,437,437,1.0
1,438,438,0.985
1,439,439,1.0
1,440,440,0.988
1,441,441,1.0
1,442,442,0.986
1,443,443,0.986
1,444,444,0.986
1,445,445,0.985
1,446,446,1.0
1,447,447,0.986
1,448,448,1.0
1,449,449,0.987
1,450,450,0.987
1,451,451,0.986
1,452,452,1.0
1,453,453,0.986
1,454,454,0.985
1,455,455,0.971
1,456,456,1.0
1,457,457,0.974
1,458,458,0.987
1,459,459,1.0
1,460,460,0.986
1,461,461,0.972
1,462,462,0.972
1,463,463,0.987
1,464,464,1.0
1,465,465,0.976
1,466,466,1.0
1,467,467,1.0
1,468,468,0.986
1,469,469,1.0
1,470,470,1.0
1,471,471,0.986
1,472,472,1.0
1,473,473,1.0
1,474,474,0.987
1,475,475,0.985
1,476,476,1.0
1,477,477,0.985
1,478,478,0.976
1,479,479,0.987
1,480,480,0.961
1,481,481,0.986
1,482,482,0.986
1,483,483,0.986
1,484,484,0.987
1,485,485,0.986
1,486,486,0.987
1,487,487,0.986
1,488,488,1.0
1,489,489,1.0
1,490,490,0.986
1,491,491,0.987
1,492,492,0.986
1,493,493,0.955
1,494,494,1.0
1,495,495,0.963
1,496,496,0.972
1,497,497,0.985
1,498,498,0.986
1,499,499,1.0
1,500,500,0.987
1,501,501,0.958
1,502,502,1.0
1,503,503,0.987
1,504,504,1.0
1,505,505,1.0
1,506,506,0.986
1,507,507,1.0
1,508,508,1.0
1,509,509,0.974
1,510,510,1.0
1,511,511,0.987
1,512,512,0.971
1,513,513,0.987
1,514,514,1.0
1,515,515,0.971
1,516,516,1.0
1,517,517,0.987
1,518,518,0.971
1,519,519,0.971
1,520,520,0.986
1,521,521,1.0
1,522,522,1.0
1,523,523,1.0
1,524,524,0.987
1,525,525,0.987
1,526,526,0.987
1,527,527,0.986
1,528,528,0.985
1,529,529,0.987
1,530,530,0.974
1,531,531,0.986
1,532,532,0.986
1,533,533,0.987
1,534,534,1.0
1,535,535,0.987
1,536,536,0.986
1,537,537,0.986
1,538,538,1.0
1,539,539,1.0
1,540,540,0.987
1,541,541,1.0
1,542,542,1.0
1,543,543,1.0
1,544,544,0.973
1,545,545,1.0
1,546,546,0.986
1,547,547,0.973
1,548,548,0.987
1,549,549,0.986
1,550,550,1.0
1,551,551,0.97
1,552,552,1.0
1,553,553,0.973
1,554,554,0.971
1,555,555,0.987
1,556,556,1.0
1,557,557,1.0
1,558,558,0.985
1,559,559,1.0
1,560,560,0.988
1,561,561,1.0
1,562,562,0.972
1,563,563,1.0
1,564,564,0.973
1,565,565,0.971
1,566,566,0.987
1,567,567,0.986
1,568,568,0.984
1,569,569,0.987
1,570,570,0.985
1,571,571,0.974
1,572,572,1.0
1,573,573,0.958
1,574,574,1.0
1,575,575,1.0
1,576,576,1.0
1,577,577,0.986
1,578,578,1.0
1,579,579,0.985
1,580,580,0.986
1,581,581,1.0
1,582,582,1.0
1,583,583,0.971
1,584,584,0.986
1,585,585,1.0
1,586,586,1.0
1,587,587,1.0
1,588,588,0.988
1,589,589,1.0
1,590,590,0.985
1,591,591,1.0
1,592,592,0.971
1,593,593,0.986
1,594,594,1.0
1,595,595,1.0
1,596,596,1.0
1,597,597,1.0
1,598,598,1.0
1,599,599,0.974
1,600,600,1.0
1,601,601,1.0
1,602,602,0.986
1,603,603,0.986
1,604,604,0.986
1,605,605,1.0
1,606,606,1.0
1,607,607,1.0
1,608,608,1.0
1,609,609,0.987
1,610,610,0.987
1,611,611,0.986
2,1,1,1.0
2,2,2,0.986
2,3,3,0.985
2,4,4,1.0
2,5,5,1.0
2,6,6,0.987
2,7,7,1.0
2,8,8,0.986
2,9,9,1.0
2,10,10,0.986
2,11,11,1.0
2,12,12,1.0
2,13,13,0.973
2,14,14,1.0
2,15,15,0.985
2,16,16,0.973
2,17,17,0.985
2,18,18,0.961
2,19,19,0.962
2,20,20,0.97
2,21,21,0.987
2,22,22,1.0
2,23,23,1.0
2,24,24,1.0
2,25,25,0.985
2,26,26,0.987
2,27,27,0.986
2,28,28,1.0
2,29,29,1.0
2,30,30,0.973
2,31,31,1.0
2,32,32,0.985
2,33,33,1.0
2,34,34,0.984
2,35,35,0.986
2,36,36,0.974
2,37,37,0.987
2,38,38,1.0
2,39,39,0.974
2,40,40,1.0
2,41,41,0.971
2,42,42,0.971
2,43,43,1.0
2,44,44,0.986
2,45,45,0.972
2,46,46,1.0
2,47,47,1.0
2,48,48,1.0
2,49,49,1.0
2,50,50,1.0
2,51,51,1.0
2,52,52,0.971
2,53,53,1.0
2,54,54,1.0
2,55,55,1.0
2,56,56,1.0
2,57,57,1.0
2,58,58,0.985
2,59,59,0.974
2,60,60,1.0
2,61,61,1.0
2,62,62,0.985
2,63,63,0.987
2,64,64,0.986
2,65,65,1.0
2,66,66,1.0
2,67,67,0.973
2,68,68,1.0
2,69,69,0.985
2,70,70,1.0
2,71,71,0.987
2,72,72,0.971
2,73,73,0.986
2,74,74,1.0
2,75,75,0.986
2,76,76,0.946
2,77,77,1.0
2,78,78,1.0
2,79,79,1.0
2,80,80,1.0
2,81,81,1.0
2,82,82,0.974
2,83,83,0.971
2,84,84,1.0
2,85,85,0.986
2,86,86,1.0
2,87,87,1.0
2,88,88,1.0
2,89,89,0.987
2,90,90,0.986
2,91,91,1.0
2,92,92,1.0
2,93,93,1.0
2,94,94,0.972
2,95,95,0.986
2,96,96,0.985
2,97,97,0.985
2,98,98,0.986
2,99,99,0.971
2,100,100,1.0
2,101,101,1.0
2,102,102,1.0
2,103,103,1.0
2,104,104,1.0
2,105,105,0.986
2,106,106,1.0
2,107,107,0.987
2,108,108,1.0
2,109,109,0.971
2,110,110,1.0
2,111,111,1.0
2,112,112,1.0
2,113,113,0.985
2,114,114,1.0
2,115,115,1.0
2,116,116,1.0
2,117,117,1.0
2,118,118,0.987
2,119,119,0.988
2,120,120,1.0
2,121,121,1.0
2,122,122,0.987
2,123,123,0.985
2,124,124,1.0
2,125,125,1.0
2,126,126,0.986
2,127,127,0.987
2,128,128,1.0
2,129,129,1.0
2,130,130,0.986
2,131,131,1.0
2,132,132,0.986
2,133,133,1.0
2,134,134,1.0
2,135,135,1.0
2,136,136,0.986
2,137,137,0.987
2,138,138,0.986
2,139,139,0.971
2,140,140,1.0
2,141,141,1.0
2,142,142,1.0
2,143,143,1.0
2,144,144,0.985
2,145,145,0.986
2,146,146,0.984
2,147,147,0.985
2,148,148,0.986
2,149,149,0.968
2,150,150,0.971
2,151,151,0.971
2,152,152,0.984
2,153,153,0.971
2,154,154,0.985
2,155,155,1.0
2,156,156,1.0
2,157,157,1.0
2,158,158,1.0
2,159,159,0.986
2,160,160,1.0
2,161,161,1.0
2,162,162,1.0
2,163,163,0.986
2,164,164,1.0
2,165,165,0.985
2,166,166,0.971
2,167,167,0.983
2,168,168,0.985
2,169,169,0.985
2,170,170,0.971
2,171,171,0.987
2,172,172,0.986
2,173,173,0.985
2,174,174,1.0
2,175,175,0.985
2,176,176,1.0
2,177,177,1.0
2,178,178,1.0
2,179,179,0.957
2,180,180,0.987
2,181,181,0.985
2,182,182,0.984
2,183,183,1.0
2,184,184,1.0
2,185,185,0.986
2,186,186,1.0
2,187,187,1.0
2,188,188,1.0
2,189,189,0.987
2,190,190,0.986
2,191,191,0.986
2,192,192,0.985
2,193,193,0.986
2,194,194,0.986
2,195,195,1.0
2,196,196,1.0
2,197,197,0.986
2,198,198,0.959
2,199,199,1.0
2,200,200,0.986
2,201,201,0.987
2,202,202,0.973
2,203,203,0.987
2,204,204,1.0
2,205,205,1.0
2,206,206,0.987
2,207,207,0.987
2,208,208,1.0
2,209,209,1.0
2,210,210,1.0
2,211,211,0.971
2,212,212,0.986
2,213,213,1.0
2,214,214,1.0
2,215,215,0.985
2,216,216,1.0
2,217,217,0.986
2,218,218,1.0
2,219,219,0.986
2,220,220,0.954
2,221,221,0.971
2,222,222,0.957
2,223,223,0.986
2,224,224,1.0
2,225,225,0.972
2,226,226,1.0
2,227,227,1.0
2,228,228,0.986
2,229,229,1.0
2,230,230,1.0
2,231,231,1.0
2,232,232,1.0
2,233,233,0.986
2,234,234,1.0
2,235,235,0.96
2,236,236,0.986
2,237,237,1.0
2,238,238,1.0
2,239,239,0.984
2,240,240,1.0
2,241,241,0.987
2,242,242,1.0
2,243,243,1.0
2,244,244,0.986
2,245,245,1.0
2,246,246,0.986
2,247,247,0.973
2,248,248,1.0
2,249,249,0.986
2,250,250,0.986
2,251,251,1.0
2,252,252,1.0
2,253,253,1.0
2,254,254,1.0
2,255,255,1.0
2,256,256,1.0
2,257,257,0.986
2,258,258,0.973
2,259,259,0.97
2,260,260,0.986
2,261,261,1.0
2,262,262,0.973
2,263,263,1.0
2,264,264,1.0
2,265,265,0.986
2,266,266,0.986
2,267,267,0.987
2,268,268,0.974
2,269,269,0.986
2,270,270,0.986
2,271,271,1.0
2,272,272,0.984
2,273,273,0.987
2,274,274,0.987
2,275,275,0.985
2,276,276,1.0
2,277,277,1.0
2,278,278,0.987
2,279,279,1.0
2,280,280,1.0
2,281,281,0.986
2,282,282,1.0
2,283,283,1.0
2,284,284,1.0
2,285,285,1.0
2,286,286,1.0
2,287,287,0.973
2,288,288,0.985
2,289,289,1.0
2,290,290,1.0
2,291,291,1.0
2,292,292,0.986
2,293,293,1.0
2,294,294,1.0
2,295,295,0.986
2,296,296,0.987
2,297,297,1.0
2,298,298,1.0
2,299,299,0.987
2,300,300,1.0
2,301,301,1.0
2,302,302,1.0
2,303,303,0.972
2,304,304,1.0
2,305,305,0.986
2,306,306,1.0
2,307,307,1.0
2,308,308,0.987
2,309,309,0.986
2,310,310,1.0
2,311,311,0.986
2,312,312,0.985
2,313,313,1.0
2,314,314,0.986
2,315,315,0.986
2,316,316,0.987
2,317,317,1.0
2,318,318,1.0
2,319,319,1.0
2,320,320,0.986
2,321,321,0.986
2,322,322,0.972
2,323,323,0.986
2,324,324,0.986
2,325,325,0.987
2,326,326,1.0
2,327,327,1.0
2,328,328,0.986
2,329,329,1.0
2,330,330,1.0
2,331,331,0.986
2,332,332,1.0
2,333,333,0.971
2,334,334,0.986
2,335,335,1.0
2,336,336,1.0
2,337,337,1.0
2,338,338,1.0
2,339,339,1.0
2,340,340,0.986
2,341,341,0.986
2,342,342,0.986
2,343,343,0.988
2,344,344,0.973
2,345,345,0.985
2,346,346,0.987
2,347,347,0.973
2,348,348,0.986
2,349,349,1.0
2,350,350,1.0
2,351,351,1.0
2,352,352,1.0
2,353,353,0.986
2,354,354,1.0
2,355,355,1.0
2,356,356,0.986
2,357,357,1.0
2,358,358,1.0
2,359,359,0.986
2,360,360,0.97
2,361,361,1.0
2,362,362,0.987
2,363,363,1.0
2,364,364,1.0
2,365,365,0.973
2,366,366,0.973
2,367,367,0.987
2,368,368,1.0
2,369,369,0.987
2,370,370,0.985
2,371,371,1.0
2,372,372,1.0
2,373,373,0.986
2,374,374,0.987
2,375,375,0.987
2,376,376,0.987
2,377,377,0.988
2,378,378,0.986
2,379,379,0.974
2,380,380,0.986
2,381,381,0.973
2,382,382,0.985
2,383,383,1.0
2,384,384,1.0
2,385,385,0.985
2,386,386,0.985
2,387,387,1.0
2,388,388,1.0
2,389,389,0.988
2,390,390,1.0
2,391,391,0.986
2,392,392,1.0
2,393,393,0.986
2,394,394,0.97
2,395,395,0.984
2,396,396,0.987
2,397,397,0.971
2,398,398,0.986
2,399,399,1.0
2,400,400,0.984
2,401,401,1.0
2,402,402,1.0
2,403,403,1.0
2,404,404,1.0
2,405,405,1.0
2,406,406,0.985
2,407,407,0.97
2,408,408,1.0
2,409,409,1.0
2,410,410,1.0
2,411,411,0.987
2,412,412,1.0
2,413,413,0.987
2,414,414,1.0
2,415,415,1.0
2,416,416,1.0
2,417,417,0.972
2,418,418,1.0
2,419,419,0.971
2,420,420,0.975
2,421,421,0.987
2,422,422,1.0
2,423,423,0.986
2,424,424,0.972
2,425,425,1.0
2,426,426,0.976
2,427,427,1.0
2,428,428,0.976
2,429,429,1.0
2,430,430,1.0
2,431,431,0.986
2,432,432,1.0
2,433,433,1.0
2,434,434,1.0
2,435,435,0.972
2,436,436,1.0
2,437,437,0.986
2,438,438,1.0
2,439,439,0.987
2,440,440,1.0
2,441,441,0.973
2,442,442,1.0
2,443,443,1.0
2,444,444,0.971
2,445,445,0.97
2,446,446,1.0
2,447,447,0.971
2,448,448,1.0
2,449,449,1.0
2,450,450,1.0
2,451,451,0.986
2,452,452,1.0
2,453,453,0.974
2,454,454,1.0
2,455,455,1.0
2,456,456,1.0
2,457,457,1.0
2,458,458,0.986
2,459,459,0.97
2,460,460,1.0
2,461,461,1.0
2,462,462,1.0
2,463,463,1.0
2,464,464,1.0
2,465,465,1.0
2,466,466,1.0
2,467,467,0.986
2,468,468,1.0
2,469,469,1.0
2,470,470,1.0
2,471,471,1.0
2,472,472,1.0
2,473,473,1.0
2,474,474,0.962
2,475,475,1.0
2,476,476,1.0
2,477,477,0.986
2,478,478,1.0
2,479,479,1.0
2,480,480,0.986
2,481,481,1.0
2,482,482,0.985
2,483,483,0.986
2,484,484,0.987
2,485,485,1.0
2,486,486,1.0
2,487,487,1.0
2,488,488,0.971
2,489,489,0.974
2,490,490,0.986
2,491,491,1.0
2,492,492,0.986
2,493,493,1.0
2,494,494,1.0
2,495,495,1.0
2,496,496,0.986
2,497,497,0.986
2,498,498,1.0
2,499,499,0.962
2,500,500,0.951
2,501,501,0.986
2,502,502,1.0
2,503,503,0.984
2,504,504,0.972
2,505,505,0.986
2,506,506,0.986
2,507,507,1.0
2,508,508,0.985
2,509,509,1.0
2,510,510,1.0
2,511,511,0.973
2,512,512,0.986
2,513,513,1.0
2,514,514,1.0
2,515,515,1.0
2,516,516,1.0
2,517,517,1.0
2,518,518,1.0
2,519,519,1.0
2,520,520,1.0
2,521,521,0.986
2,522,522,0.985
2,523,523,1.0
2,524,524,0.987
2,525,525,1.0
2,526,526,0.971
2,527,527,0.985
2,528,528,1.0
2,529,529,1.0
2,530,530,0.986
2,531,531,0.972
2,532,532,1.0
2,533,533,1.0
2,534,534,0.986
2,535,535,1.0
2,536,536,0.986
2,537,537,0.976
2,538,538,0.971
2,539,539,0.986
2,540,540,0.969
2,541,541,1.0
2,542,542,0.974
2,543,543,1.0
2,544,544,1.0
2,545,545,0.986
2,546,546,0.973
2,547,547,0.986
2,548,548,1.0
2,549,549,0.983
2,550,550,1.0
2,551,551,1.0
2,552,552,0.971
2,553,553,0.972
2,554,554,1.0
2,555,555,1.0
2,556,556,0.986
2,557,557,0.986
2,558,558,0.972
2,559,559,0.971
2,560,560,1.0
2,561,561,0.973
2,562,562,0.986
2,563,563,0.985
2,564,564,1.0
2,565,565,0.974
2,566,566,1.0
2,567,567,0.986
2,568,568,0.972
2,569,569,1.0
2,570,570,1.0
2,571,571,0.973
2,572,572,0.947
2,573,573,0.986
2,574,574,0.971
2,575,575,0.973
2,576,576,1.0
2,577,577,1.0
2,578,578,0.973
2,579,579,1.0
2,580,580,0.987
2,581,581,0.986
2,582,582,1.0
2,583,583,0.986
2,584,584,0.962
2,585,585,0.985
2,586,586,1.0
2,587,587,1.0
2,588,588,0.985
2,589,589,1.0
2,590,590,1.0
2,591,591,0.986
2,592,592,1.0
2,593,593,1.0
2,594,594,1.0
2,595,595,1.0
2,596,596,0.986
2,597,597,1.0
2,598,598,1.0
2,599,599,1.0
2,600,600,1.0
2,601,601,0.986
2,602,602,0.986
2,603,603,0.986
2,604,604,0.987
2,605,605,0.987
2,606,606,1.0
2,607,607,1.0
2,608,608,0.986
2,609,609,0.985
2,610,610,0.984
2,611,611,1.0
2,612,612,1.0
2,613,613,1.0
2,614,614,1.0
2,615,615,0.986
2,616,616,0.985
2,617,617,0.985
2,618,618,0.987
2,619,619,0.986
2,620,620,0.986
2,621,621,0.972
2,622,622,0.986
2,623,623,1.0
2,624,624,1.0
2,625,625,0.967
2,626,626,1.0
2,627,627,0.985
2,628,628,1.0
2,629,629,0.987
2,630,630,0.986
2,631,631,1.0
2,632,632,0.986
2,633,633,0.987
2,634,634,0.986
2,635,635,0.957
2,636,636,1.0
2,637,637,0.986
2,638,638,0.985
2,639,639,0.986
2,640,640,0.986
2,641,641,0.985
2,642,642,0.96
2,643,643,0.973
2,644,644,0.986
2,645,645,0.987
2,646,646,0.986
2,647,647,1.0
2,648,648,1.0
2,649,649,0.986
2,650,650,0.987
2,651,651,0.986
2,652,652,0.972
2,653,653,0.985
2,654,654,1.0
2,655,655,1.0
2,656,656,1.0
2,657,657,1.0
2,658,658,1.0
2,659,659,0.986
2,660,660,1.0
2,661,661,0.974
2,662,662,1.0
2,663,663,1.0
2,664,664,0.986
2,665,665,1.0
2,666,666,1.0
2,667,667,0.987
2,668,668,1.0
2,669,669,1.0
2,670,670,1.0
2,671,671,1.0
2,672,672,0.985
2,673,673,1.0
2,674,674,0.985
2,675,675,0.986
2,676,676,0.973
2,677,677,1.0
2,678,678,1.0
2,679,679,1.0
2,680,680,1.0
2,681,681,1.0
2,682,682,0.971
2,683,683,0.971
2,684,684,1.0
2,685,685,1.0
2,686,686,0.97
2,687,687,1.0
2,688,688,1.0
2,689,689,1.0
2,690,690,1.0
2,691,691,1.0
2,692,692,0.988
2,693,693,1.0
2,694,694,0.974
2,695,695,0.986
2,696,696,1.0
2,697,697,0.986
2,698,698,1.0
2,699,699,0.986
2,700,700,1.0
2,701,701,0.987
2,702,702,1.0
2,703,703,0.987
2,704,704,1.0
2,705,705,1.0
2,706,706,1.0
2,707,707,0.986
2,708,708,1.0
2,709,709,0.986
2,710,710,0.986
2,711,711,1.0
2,712,712,1.0
2,713,713,0.985
2,714,714,0.985
2,715,715,1.0
2,716,716,0.985
2,717,717,1.0
2,718,718,1.0
2,719,719,0.985
2,720,720,1.0
2,721,721,0.972
2,722,722,1.0
2,723,723,1.0
2,724,724,0.974
2,725,725,1.0
2,726,726,0.987
2,727,727,1.0
2,728,728,0.969
2,729,729,0.986
2,730,730,0.986
2,731,731,0.984
2,732,732,0.984
2,733,733,1.0
2,734,734,0.985
2,735,735,0.986
2,736,736,0.986
2,737,737,0.986
2,738,738,0.986
2,739,739,0.986
2,740,740,0.987
2,741,741,1.0
2,742,742,0.987
2,743,743,1.0
2,744,744,0.986
2,745,745,1.0
2,746,746,1.0
2,747,747,0.987
2,748,748,0.986
2,749,749,0.987
2,750,750,0.986
2,751,751,0.971
2,752,752,0.985
2,753,753,0.985
2,754,754,0.986
2,755,755,1.0
2,756,756,0.986
2,757,757,1.0
2,758,758,1.0
2,759,759,0.986
2,760,760,0.986
2,761,761,0.987
2,762,762,0.97
2,763,763,0.985
2,764,764,1.0
2,765,765,0.986
2,766,766,0.985
2,767,767,1.0
2,768,768,0.986
2,769,769,0.986
2,770,770,0.985
2,771,771,0.986
2,772,772,0.986
2,773,773,1.0
2,774,774,1.0
2,775,775,0.974
2,776,776,1.0
2,777,777,0.987
2,778,778,0.986
2,779,779,1.0
2,780,780,0.971
2,781,781,0.986
2,782,782,0.985
2,783,783,1.0
2,784,784,1.0
2,785,785,0.986
2,786,786,0.986
2,787,787,1.0
2,788,788,0.986
2,789,789,1.0
2,790,790,0.986
2,791,791,1.0
2,792,792,1.0
2,793,793,0.984
2,794,794,1.0
2,795,795,1.0
2,796,796,1.0
2,797,797,0.96
2,798,798,1.0
2,799,799,0.985
2,800,800,1.0
2,801,801,1.0
2,802,802,0.987
2,803,803,1.0
2,804,804,0.986
2,805,805,1.0
2,806,806,0.985
2,807,807,0.971
2,808,808,0.958
2,809,809,0.97
2,810,810,0.972
2,811,811,0.973
2,812,812,1.0
2,813,813,1.0
2,814,814,1.0
2,815,815,0.986
2,816,816,1.0
2,817,817,1.0
2,818,818,1.0
2,819,819,0.984
2,820,820,0.97
2,821,821,1.0
2,822,822,1.0
2,823,823,0.986
2,824,824,1.0
2,825,825,1.0
2,826,826,0.985
2,827,827,1.0
2,828,828,0.971
2,829,829,1.0
2,830,830,0.986
2,831,831,1.0
2,832,832,1.0
2,833,833,1.0
2,834,834,1.0
2,835,835,0.986
2,836,836,1.0
2,837,837,0.973
2,838,838,1.0
2,839,839,1.0
2,840,840,0.986
2,841,841,1.0
2,842,842,0.971
2,843,843,1.0
2,844,844,0.986
2,845,845,1.0
2,846,846,0.984
2,847,847,1.0
2,848,848,1.0
2,849,849,0.986
2,850,850,1.0
2,851,851,0.987
2,852,852,1.0
2,853,853,1.0
2,854,854,0.987
2,855,855,0.987
2,856,856,1.0
2,857,857,1.0
2,858,858,1.0
2,859,859,0.986
2,860,860,0.985
2,861,861,1.0
2,862,862,1.0
2,863,863,0.972
2,864,864,1.0
2,865,865,1.0
2,866,866,1.0
2,867,867,1.0
2,868,868,0.986
2,869,869,0.986
2,870,870,0.986
2,871,871,1.0
2,872,872,0.986
2,873,873,0.987
2,874,874,0.985
2,875,875,0.987
2,876,876,0.986
2,877,877,1.0
3,1,1,0.987
3,2,2,0.971
3,3,3,1.0
3,4,4,0.988
3,5,5,0.986
3,6,6,1.0
3,7,7,0.986
3,8,8,0.971
3,9,9,1.0
3,10,10,0.987
3,11,11,1.0
3,12,12,0.974
3,13,13,0.986
3,14,14,0.986
3,15,15,0.973
3,16,16,1.0
3,17,17,1.0
3,18,18,1.0
3,19,19,1.0
3,20,20,1.0
3,21,21,0.985
3,22,22,1.0
3,23,23,1.0
3,24,24,1.0
3,25,25,1.0
3,26,26,0.986
3,27,27,1.0
3,28,28,1.0
3,29,29,0.986
3,30,30,0.986
3,31,31,1.0
3,32,32,0.972
3,33,33,0.987
3,34,34,1.0
3,35,35,0.986
3,36,36,0.985
3,37,37,1.0
3,38,38,0.987
3,39,39,1.0
3,40,40,0.962
3,41,41,1.0
3,42,42,0.985
3,43,43,1.0
3,44,44,1.0
3,45,45,0.974
3,46,46,1.0
3,47,47,1.0
3,48,48,0.973
3,49,49,1.0
3,50,50,1.0
3,51,51,1.0
3,52,52,1.0
3,53,53,0.987
3,54,54,0.987
3,55,55,0.986
3,56,56,1.0
3,57,57,0.986
3,58,58,0.986
3,59,59,0.976
3,60,60,1.0
3,61,61,0.973
3,62,62,0.986
3,63,63,1.0
3,64,64,0.986
3,65,65,0.985
3,66,66,0.986
3,67,67,0.974
3,68,68,1.0
3,69,69,0.986
3,70,70,0.974
3,71,71,1.0
3,72,72,0.974
3,73,73,0.987
3,74,74,1.0
3,75,75,1.0
3,76,76,0.96
3,77,77,0.986
3,78,78,0.987
3,79,79,0.986
3,80,80,0.986
3,81,81,1.0
3,82,82,0.986
3,83,83,1.0
3,84,84,0.958
3,85,85,0.986
3,86,86,1.0
3,87,87,1.0
3,88,88,1.0
3,89,89,0.987
3,90,90,0.985
3,91,91,0.986
3,92,92,1.0
3,93,93,0.974
3,94,94,0.986
3,95,95,0.972
3,96,96,1.0
3,97,97,1.0
3,98,98,1.0
3,99,99,1.0
3,100,100,0.974
3,101,101,0.987
3,102,102,1.0
3,103,103,0.987
3,104,104,0.985
3,105,105,0.985
3,106,106,1.0
3,107,107,1.0
3,108,108,0.986
3,109,109,0.986
3,110,110,0.976
3,111,111,0.97
3,112,112,1.0
3,113,113,0.976
3,114,114,0.973
3,115,115,0.985
3,116,116,1.0
3,117,117,1.0
3,118,118,1.0
3,119,119,0.971
3,120,120,0.959
3,121,121,0.971
3,122,122,1.0
3,123,123,1.0
3,124,124,1.0
3,125,125,0.971
3,126,126,0.987
3,127,127,0.986
3,128,128,0.971
3,129,129,0.986
3,130,130,0.986
3,131,131,0.986
3,132,132,0.986
3,133,133,1.0
3,134,134,1.0
3,135,135,0.987
3,136,136,1.0
3,137,137,1.0
3,138,138,1.0
3,139,139,1.0
3,140,140,1.0
3,141,141,0.986
3,142,142,0.986
3,143,143,0.985
3,144,144,1.0
3,145,145,0.971
3,146,146,0.986
3,147,147,0.971
3,148,148,1.0
3,149,149,1.0
3,150,150,0.986
3,151,151,0.986
3,152,152,1.0
3,153,153,0.985
3,154,154,0.972
3,155,155,0.986
3,156,156,1.0
3,157,157,0.987
3,158,158,1.0
3,159,159,0.985
3,160,160,0.971
3,161,161,0.973
3,162,162,0.987
3,163,163,1.0
3,164,164,1.0
3,165,165,1.0
3,166,166,0.986
3,167,167,0.986
3,168,168,1.0
3,169,169,0.985
3,170,170,0.986
3,171,171,0.986
3,172,172,1.0
3,173,173,1.0
3,174,174,1.0
3,175,175,1.0
3,176,176,0.987
3,177,177,0.986
3,178,178,0.985
3,179,179,0.976
3,180,180,0.971
3,181,181,0.985
3,182,182,1.0
3,183,183,1.0
3,184,184,1.0
3,185,185,1.0
3,186,186,1.0
3,187,187,0.973
3,188,188,1.0
3,189,189,0.986
3,190,190,0.972
3,191,191,0.972
3,192,192,0.974
3,193,193,1.0
3,194,194,0.987
3,195,195,1.0
3,196,196,1.0
3,197,197,1.0
3,198,198,0.985
3,199,199,0.958
3,200,200,0.986
3,201,201,1.0
3,202,202,1.0
3,203,203,0.971
3,204,204,1.0
3,205,205,0.986
3,206,206,0.985
3,207,207,0.987
3,208,208,1.0
3,209,209,0.987
3,210,210,1.0
3,211,211,0.986
3,212,212,0.986
3,213,213,1.0
3,214,214,1.0
3,215,215,0.986
3,216,216,0.986
3,217,217,1.0
3,218,218,0.972
3,219,219,0.986
3,220,220,0.974
3,221,221,0.985
3,222,222,1.0
3,223,223,0.973
3,224,224,0.961
3,225,225,0.972
3,226,226,0.986
3,227,227,1.0
3,228,228,0.987
3,229,229,0.985
3,230,230,0.986
3,231,231,0.986
3,232,232,1.0
3,233,233,1.0
3,234,234,0.987
3,235,235,0.986
3,236,236,0.985
3,237,237,0.987
3,238,238,1.0
3,239,239,1.0
3,240,240,0.986
3,241,241,0.987
3,242,242,0.987
3,243,243,0.985
3,244,244,1.0
3,245,245,0.986
3,246,246,1.0
3,247,247,1.0
3,248,248,1.0
3,249,249,1.0
3,250,250,1.0
3,251,251,0.986
3,252,252,0.986
3,253,253,1.0
3,254,254,0.985
3,255,255,0.986
3,256,256,0.987
3,257,257,1.0
3,258,258,1.0
3,259,259,0.974
3,260,260,0.987
3,261,261,0.96
3,262,262,1.0
3,263,263,0.986
3,264,264,0.971
3,265,265,1.0
3,266,266,1.0
3,267,267,0.974
3,268,268,0.986
3,269,269,1.0
3,270,270,1.0
3,271,271,1.0
3,272,272,1.0
3,273,273,1.0
3,274,274,1.0
3,275,275,0.975
3,276,276,1.0
3,277,277,0.959
3,278,278,1.0
3,279,279,0.986
3,280,280,0.987
3,281,281,1.0
3,282,282,0.986
3,283,283,0.986
3,284,284,0.986
3,285,285,0.975
3,286,286,0.972
3,287,287,0.987
3,288,288,0.987
3,289,289,1.0
3,290,290,1.0
3,291,291,1.0
3,292,292,1.0
3,293,293,1.0
3,294,294,1.0
3,295,295,0.986
3,296,296,0.985
3,297,297,1.0
3,298,298,1.0
3,299,299,1.0
3,300,300,0.986
3,301,301,0.986
3,302,302,0.986
3,303,303,1.0
3,304,304,1.0
3,305,305,1.0
3,306,306,0.986
3,307,307,1.0
3,308,308,1.0
3,309,309,1.0
3,310,310,1.0
3,311,311,0.947
3,312,312,1.0
3,313,313,0.985
3,314,314,1.0
3,315,315,1.0
3,316,316,1.0
3,317,317,1.0
3,318,318,0.986
3,319,319,1.0
3,320,320,1.0
3,321,321,0.987
3,322,322,1.0
3,323,323,0.986
3,324,324,0.987
3,325,325,1.0
3,326,326,0.986
3,327,327,0.986
3,328,328,0.971
3,329,329,1.0
3,330,330,1.0
3,331,331,1.0
3,332,332,1.0
3,333,333,0.985
3,334,334,0.972
3,335,335,1.0
3,336,336,0.971
3,337,337,1.0
3,338,338,0.987
3,339,339,0.97
3,340,340,0.986
3,341,341,1.0
3,342,342,0.987
3,343,343,0.986
3,344,344,0.985
3,345,345,0.984
3,346,346,0.987
3,347,347,0.986
3,348,348,0.986
3,349,349,0.987
3,350,350,1.0
3,351,351,0.986
3,352,352,1.0
3,353,353,1.0
3,354,354,1.0
3,355,355,1.0
3,356,356,0.986
3,357,357,1.0
3,358,358,1.0
3,359,359,1.0
3,360,360,0.986
3,361,361,1.0
3,362,362,0.976
3,363,363,1.0
3,364,364,0.986
3,365,365,1.0
3,366,366,0.986
3,367,367,1.0
3,368,368,0.985
3,369,369,1.0
3,370,370,0.972
3,371,371,1.0
3,372,372,0.987
3,373,373,1.0
3,374,374,0.985
3,375,375,1.0
3,376,376,0.986
3,377,377,0.972
3,378,378,0.972
3,379,379,1.0
3,380,380,0.969
3,381,381,0.958
3,382,382,0.966
3,383,383,0.971
3,384,384,0.984
3,385,385,1.0
3,386,386,1.0
3,387,387,1.0
3,388,388,1.0
3,389,389,0.986
3,390,390,0.974
3,391,391,0.986
3,392,392,1.0
3,393,393,0.987
3,394,394,0.985
3,395,395,0.986
3,396,396,0.986
3,397,397,0.986
3,398,398,0.935
3,399,399,1.0
3,400,400,1.0
3,401,401,1.0
3,402,402,1.0
3,403,403,1.0
3,404,404,0.986
3,405,405,1.0
3,406,406,0.973
3,407,407,0.987
3,408,408,0.985
3,409,409,0.985
3,410,410,0.986
3,411,411,0.986
3,412,412,0.97
3,413,413,0.986
3,414,414,0.985
3,415,415,0.97
3,416,416,0.986
3,417,417,1.0
3,418,418,0.97
3,419,419,1.0
3,420,420,1.0
3,421,421,0.96
3,422,422,1.0
3,423,423,0.986
3,424,424,0.986
3,425,425,0.985
3,426,426,0.985
3,427,427,0.985
3,428,428,0.986
3,429,429,1.0
3,430,430,0.97
3,431,431,1.0
3,432,432,0.987
3,433,433,0.986
3,434,434,1.0
3,435,435,1.0
3,436,436,0.971
3,437,437,1.0
3,438,438,1.0
3,439,439,1.0
3,440,440,0.987
3,441,441,0.986
3,442,442,0.974
3,443,443,0.987
3,444,444,1.0
3,445,445,0.986
3,446,446,1.0
3,447,447,0.974
3,448,448,0.987
3,449,449,0.971
3,450,450,1.0
3,451,451,0.973
3,452,452,0.986
3,453,453,0.987
3,454,454,1.0
3,455,455,1.0
3,456,456,0.987
3,457,457,0.985
3,458,458,0.958
3,459,459,0.986
3,460,460,0.987
3,461,461,0.971
4,1,1,1.0
4,2,2,1.0
4,3,3,1.0
4,4,4,0.987
4,5,5,0.986
4,6,6,1.0
4,7,7,1.0
4,8,8,0.984
4,9,9,0.986
4,10,10,0.986
4,11,11,1.0
4,12,12,1.0
4,13,13,0.984
4,14,14,0.985
4,15,15,0.986
4,16,16,0.987
4,17,17,0.986
4,18,18,1.0
4,19,19,0.985
4,20,20,0.97
4,21,21,0.986
4,22,22,1.0
4,23,23,1.0
4,24,24,0.986
4,25,25,1.0
4,26,26,0.987
4,27,27,0.986
4,28,28,1.0
4,29,29,0.987
4,30,30,0.987
4,31,31,1.0
4,32,32,0.987
4,33,33,1.0
4,34,34,0.986
4,35,35,1.0
4,36,36,1.0
4,37,37,1.0
4,38,38,0.976
4,39,39,0.986
4,40,40,1.0
4,41,41,1.0
4,42,42,0.986
4,43,43,1.0
4,44,44,0.985
4,45,45,1.0
4,46,46,1.0
4,47,47,1.0
4,48,48,1.0
4,49,49,1.0
4,50,50,0.97
4,51,51,1.0
4,52,52,1.0
4,53,53,0.987
4,54,54,0.986
4,55,55,1.0
4,56,56,0.986
4,57,57,1.0
4,58,58,1.0
4,59,59,1.0
4,60,60,1.0
4,61,61,0.987
4,62,62,0.971
4,63,63,0.973
4,64,64,1.0
4,65,65,1.0
4,66,66,0.986
4,67,67,1.0
4,68,68,0.972
4,69,69,0.986
4,70,70,0.987
4,71,71,0.986
4,72,72,1.0
4,73,73,1.0
4,74,74,0.983
4,75,75,0.986
4,76,76,1.0
4,77,77,1.0
4,78,78,0.984
4,79,79,0.962
4,80,80,0.986
4,81,81,1.0
4,82,82,0.986
4,83,83,0.986
4,84,84,0.987
4,85,85,1.0
4,86,86,0.97
4,87,87,1.0
4,88,88,1.0
4,89,89,1.0
4,90,90,0.987
4,91,91,0.983
4,92,92,0.986
4,93,93,1.0
4,94,94,1.0
4,95,95,1.0
4,96,96,1.0
4,97,97,0.986
4,98,98,1.0
4,99,99,0.986
4,100,100,0.97
4,101,101,0.985
4,102,102,1.0
4,103,103,1.0
4,104,104,0.986
4,105,105,0.985
4,106,106,0.986
4,107,107,1.0
4,108,108,0.987
4,109,109,1.0
4,110,110,1.0
4,111,111,0.986
4,112,112,1.0
4,113,113,1.0
4,114,114,1.0
4,115,115,1.0
4,116,116,0.97
4,117,117,0.986
4,118,118,0.986
4,119,119,0.985
4,120,120,1.0
4,121,121,1.0
4,122,122,0.987
4,123,123,1.0
4,124,124,1.0
4,125,125,0.972
4,126,126,0.986
4,127,127,1.0
4,128,128,1.0
4,129,129,1.0
4,130,130,1.0
4,131,131,0.985
4,132,132,0.968
4,133,133,1.0
4,134,134,0.986
4,135,135,1.0
4,136,136,1.0
4,137,137,0.987
4,138,138,1.0
4,139,139,0.972
4,140,140,0.986
4,141,141,0.971
4,142,142,1.0
4,143,143,0.986
4,144,144,1.0
4,145,145,0.986
4,146,146,1.0
4,147,147,0.986
4,148,148,0.972
4,149,149,1.0
4,150,150,1.0
4,151,151,1.0
4,152,152,1.0
4,153,153,1.0
4,154,154,0.987
4,155,155,0.986
4,156,156,1.0
4,157,157,0.973
4,158,158,1.0
4,159,159,0.986
4,160,160,0.987
4,161,161,1.0
4,162,162,1.0
4,163,163,1.0
4,164,164,0.969
4,165,165,1.0
4,166,166,1.0
4,167,167,1.0
4,168,168,0.987
4,169,169,1.0
4,170,170,1.0
4,171,171,1.0
4,172,172,1.0
4,173,173,1.0
4,174,174,0.985
4,175,175,1.0
4,176,176,0.986
4,177,177,1.0
4,178,178,0.973
4,179,179,0.987
4,180,180,1.0
4,181,181,1.0
4,182,182,1.0
4,183,183,0.986
4,184,184,1.0
4,185,185,1.0
4,186,186,0.986
4,187,187,1.0
4,188,188,0.987
4,189,189,1.0
4,190,190,0.97
4,191,191,0.985
4,192,192,1.0
4,193,193,0.987
4,194,194,0.984
4,195,195,1.0
4,196,196,1.0
4,197,197,1.0
4,198,198,0.971
4,199,199,0.986
4,200,200,1.0
4,201,201,0.987
4,202,202,1.0
4,203,203,0.986
4,204,204,0.986
4,205,205,1.0
4,206,206,1.0
4,207,207,1.0
4,208,208,0.986
4,209,209,0.975
4,210,210,0.97
4,211,211,0.976
4,212,212,0.974
4,213,213,0.986
4,214,214,0.986
4,215,215,0.986
4,216,216,1.0
4,217,217,0.987
4,218,218,0.955
4,219,219,1.0
4,220,220,1.0
4,221,221,0.986
4,222,222,0.974
4,223,223,0.986
4,224,224,0.974
4,225,225,1.0
4,226,226,1.0
4,227,227,0.987
4,228,228,1.0
4,229,229,0.988
4,230,230,1.0
4,231,231,1.0
4,232,232,0.987
4,233,233,1.0
4,234,234,1.0
4,235,235,0.986
4,236,236,0.986
4,237,237,1.0
4,238,238,0.986
4,239,239,1.0
4,240,240,1.0
4,241,241,1.0
4,242,242,1.0
4,243,243,0.986
4,244,244,0.986
4,245,245,0.974
4,246,246,1.0
4,247,247,1.0
4,248,248,0.986
4,249,249,0.972
4,250,250,1.0
4,251,251,0.986
4,252,252,0.97
4,253,253,1.0
4,254,254,0.986
4,255,255,1.0
4,256,256,0.986
4,257,257,1.0
4,258,258,0.983
4,259,259,0.973
4,260,260,1.0
4,261,261,0.986
4,262,262,1.0
4,263,263,0.986
4,264,264,0.973
4,265,265,0.973
4,266,266,1.0
4,267,267,1.0
4,268,268,0.986
4,269,269,0.96
4,270,270,0.971
4,271,271,0.986
4,272,272,0.986
4,273,273,0.973
4,274,274,1.0
4,275,275,0.973
4,276,276,1.0
4,277,277,0.986
4,278,278,0.988
4,279,279,1.0
4,280,280,0.985
4,281,281,1.0
4,282,282,1.0
4,283,283,1.0
4,284,284,1.0
4,285,285,0.984
4,286,286,0.986
4,287,287,1.0
4,288,288,1.0
4,289,289,1.0
4,290,290,0.986
4,291,291,0.987
4,292,292,0.987
4,293,293,0.974
4,294,294,1.0
4,295,295,1.0
4,296,296,1.0
4,297,297,1.0
4,298,298,0.987
4,299,299,0.987
4,300,300,1.0
4,301,301,0.987
4,302,302,1.0
4,303,303,1.0
4,304,304,0.986
4,305,305,0.986
4,306,306,0.958
4,307,307,1.0
4,308,308,0.987
4,309,309,1.0
4,310,310,1.0
4,311,311,1.0
4,312,312,1.0
4,313,313,0.986
4,314,314,0.986
4,315,315,1.0
4,316,316,1.0
4,317,317,0.974
4,318,318,1.0
4,319,319,1.0
4,320,320,0.986
4,321,321,1.0
4,322,322,1.0
4,323,323,1.0
4,324,324,0.986
4,325,325,1.0
4,326,326,0.986
4,327,327,0.984
4,328,328,0.97
4,329,329,1.0
4,330,330,1.0
4,331,331,1.0
4,332,332,1.0
4,333,333,1.0
4,334,334,1.0
4,335,335,1.0
4,336,336,1.0
4,337,337,1.0
4,338,338,1.0
4,339,339,1.0
4,340,340,0.988
4,341,341,0.986
4,342,342,1.0
4,343,343,1.0
4,344,344,1.0
4,345,345,0.986
4,346,346,0.986
4,347,347,0.987
4,348,348,1.0
4,349,349,0.976
4,350,350,1.0
4,351,351,0.986
4,352,352,0.987
4,353,353,0.986
4,354,354,1.0
4,355,355,0.986
4,356,356,0.987
4,357,357,0.986
4,358,358,0.985
4,359,359,1.0
4,360,360,1.0
4,361,361,0.986
4,362,362,0.964
4,363,363,1.0
4,364,364,0.987
4,365,365,1.0
4,366,366,0.972
4,367,367,1.0
4,368,368,1.0
4,369,369,1.0
4,370,370,1.0
4,371,371,0.987
4,372,372,0.985
4,373,373,1.0
4,374,374,1.0
4,375,375,0.972
4,376,376,1.0
4,377,377,0.986
4,378,378,0.973
4,379,379,1.0
4,380,380,0.986
4,381,381,1.0
4,382,382,0.986
4,383,383,0.985
4,384,384,0.971
4,385,385,1.0
4,386,386,1.0
4,387,387,0.985
4,388,388,1.0
4,389,389,0.96
4,390,390,1.0
4,391,391,1.0
4,392,392,0.987
4,393,393,0.985
4,394,394,1.0
4,395,395,0.987
4,396,396,1.0
4,397,397,0.973
4,398,398,0.986
4,399,399,1.0
4,400,400,0.986
4,401,401,0.987
4,402,402,1.0
4,403,403,0.986
4,404,404,0.986
4,405,405,0.975
4,406,406,1.0
4,407,407,0.986
4,408,408,1.0
4,409,409,1.0
4,410,410,0.984
4,411,411,0.975
4,412,412,0.984
4,413,413,1.0
4,414,414,1.0
4,415,415,0.986
4,416,416,1.0
4,417,417,0.985
4,418,418,0.986
4,419,419,1.0
4,420,420,0.987
4,421,421,1.0
4,422,422,0.971
4,423,423,0.986
4,424,424,1.0
4,425,425,0.987
4,426,426,0.987
4,427,427,0.987
4,428,428,1.0
4,429,429,0.986
4,430,430,0.987
4,431,431,1.0
4,432,432,0.987
4,433,433,0.973
4,434,434,1.0
4,435,435,1.0
4,436,436,1.0
4,437,437,0.985
4,438,438,0.987
4,439,439,1.0
4,440,440,0.986
4,441,441,1.0
4,442,442,0.986
4,443,443,1.0
4,444,444,1.0
4,445,445,0.987
4,446,446,0.971
4,447,447,0.962
4,448,448,1.0
4,449,449,0.972
4,450,450,0.972
4,451,451,0.986
4,452,452,0.974
4,453,453,1.0
4,454,454,1.0
4,455,455,1.0
4,456,456,1.0
4,457,457,0.987
4,458,458,1.0
4,459,459,0.987
4,460,460,0.971
4,461,461,1.0
4,462,462,0.985
4,463,463,1.0
4,464,464,1.0
4,465,465,0.973
4,466,466,0.986
4,467,467,1.0
4,468,468,0.986
4,469,469,1.0
4,470,470,0.972
4,471,471,1.0
4,472,472,0.974
4,473,473,0.972
4,474,474,1.0
4,475,475,0.985
4,476,476,0.975
4,477,477,1.0
4,478,478,1.0
4,479,479,0.972
4,480,480,1.0
4,481,481,0.985
4,482,482,0.986
4,483,483,0.985
4,484,484,0.985
4,485,485,0.986
4,486,486,0.986
4,487,487,0.971
4,488,488,0.986
4,489,489,0.985
4,490,490,0.986
4,491,491,0.988
4,492,492,0.985
4,493,493,0.972
4,494,494,0.987
4,495,495,1.0
4,496,496,0.987
4,497,497,1.0
4,498,498,0.987
4,499,499,0.986
4,500,500,0.984
4,501,501,0.987
4,502,502,0.986
4,503,503,1.0
4,504,504,0.972
4,505,505,0.987
4,506,506,1.0
4,507,507,0.986
4,508,508,0.987
4,509,509,0.972
4,510,510,1.0
4,511,511,1.0
4,512,512,0.986
4,513,513,0.987
4,514,514,0.987
4,515,515,1.0
4,516,516,0.986
4,517,517,0.985
4,518,518,1.0
4,519,519,1.0
4,520,520,0.987
4,521,521,1.0
4,522,522,0.985
4,523,523,1.0
4,524,524,0.974
4,525,525,0.975
4,526,526,1.0
4,527,527,1.0
4,528,528,0.987
4,529,529,0.986
4,530,530,1.0
4,531,531,0.986
4,532,532,0.987
4,533,533,0.987
4,534,534,1.0
4,535,535,1.0
4,536,536,0.971
4,537,537,0.986
4,538,538,1.0
4,539,539,1.0
4,540,540,0.986
4,541,541,1.0
4,542,542,0.986
4,543,543,1.0
4,544,544,0.986
5,1,1,0.984
5,2,2,0.986
5,3,3,1.0
5,4,4,1.0
5,5,5,0.985
5,6,6,1.0
5,7,7,1.0
5,8,8,1.0
5,9,9,1.0
5,10,10,1.0
5,11,11,1.0
5,12,12,1.0
5,13,13,0.973
5,14,14,0.973
5,15,15,1.0
5,16,16,0.972
5,17,17,0.962
5,18,18,0.987
5,19,19,0.959
5,20,20,0.986
5,21,21,0.986
5,22,22,1.0
5,23,23,0.986
5,24,24,1.0
5,25,25,0.986
5,26,26,1.0
5,27,27,1.0
5,28,28,0.987
5,29,29,1.0
5,30,30,0.986
5,31,31,1.0
5,32,32,1.0
5,33,33,0.987
5,34,34,0.985
5,35,35,1.0
5,36,36,0.987
5,37,37,0.972
5,38,38,1.0
5,39,39,1.0
5,40,40,1.0
5,41,41,1.0
5,42,42,0.972
5,43,43,0.987
5,44,44,1.0
5,45,45,0.987
5,46,46,0.986
5,47,47,0.974
5,48,48,0.986
5,49,49,1.0
5,50,50,0.984
5,51,51,1.0
5,52,52,1.0
5,53,53,0.971
5,54,54,1.0
5,55,55,1.0
5,56,56,1.0
5,57,57,1.0
5,58,58,0.971
5,59,59,1.0
5,60,60,1.0
5,61,61,1.0
5,62,62,1.0
5,63,63,1.0
5,64,64,0.984
5,65,65,1.0
5,66,66,1.0
5,67,67,0.971
5,68,68,0.974
5,69,69,0.971
5,70,70,0.986
5,71,71,1.0
5,72,72,1.0
5,73,73,1.0
5,74,74,0.974
5,75,75,0.973
5,76,76,0.985
5,77,77,1.0
5,78,78,0.984
5,79,79,0.986
5,80,80,0.987
5,81,81,0.985
5,82,82,0.987
5,83,83,1.0
5,84,84,1.0
5,85,85,0.986
5,86,86,0.985
5,87,87,1.0
5,88,88,0.985
5,89,89,0.974
5,90,90,0.984
5,91,91,0.971
5,92,92,0.958
5,93,93,1.0
5,94,94,0.986
5,95,95,0.985
5,96,96,0.987
5,97,97,0.986
5,98,98,0.986
5,99,99,0.986
5,100,100,0.986
5,101,101,0.986
5,102,102,1.0
5,103,103,1.0
5,104,104,0.986
5,105,105,1.0
5,106,106,0.974
5,107,107,0.972
5,108,108,1.0
5,109,109,1.0
5,110,110,1.0
5,111,111,0.972
5,112,112,0.986
5,113,113,0.986
5,114,114,0.971
5,115,115,1.0
5,116,116,1.0
5,117,117,0.984
5,118,118,0.988
5,119,119,0.987
5,120,120,0.985
5,121,121,0.972
5,122,122,0.987
5,123,123,0.986
5,124,124,1.0
5,125,125,1.0
5,126,126,1.0
5,127,127,0.972
5,128,128,0.985
5,129,129,0.986
5,130,130,0.987
5,131,131,1.0
5,132,132,0.971
5,133,133,0.971
5,134,134,0.986
5,135,135,1.0
5,136,136,1.0
5,137,137,0.986
5,138,138,0.987
5,139,139,0.988
5,140,140,0.987
5,141,141,0.971
5,142,142,1.0
5,143,143,1.0
5,144,144,0.987
5,145,145,1.0
5,146,146,0.971
5,147,147,0.961
5,148,148,0.974
5,149,149,1.0
5,150,150,0.987
5,151,151,1.0
5,152,152,1.0
5,153,153,1.0
5,154,154,0.974
5,155,155,0.973
5,156,156,1.0
5,157,157,0.985
5,158,158,1.0
5,159,159,0.985
5,160,160,1.0
5,161,161,1.0
5,162,162,1.0
5,163,163,1.0
5,164,164,0.986
5,165,165,0.987
5,166,166,0.987
5,167,167,0.986
5,168,168,1.0
5,169,169,1.0
5,170,170,0.986
5,171,171,1.0
5,172,172,0.986
5,173,173,0.987
5,174,174,0.975
5,175,175,1.0
5,176,176,0.987
5,177,177,1.0
5,178,178,1.0
5,179,179,0.986
5,180,180,1.0
5,181,181,1.0
5,182,182,1.0
5,183,183,0.961
5,184,184,0.97
5,185,185,0.987
5,186,186,0.985
5,187,187,1.0
5,188,188,1.0
5,189,189,1.0
5,190,190,0.985
5,191,191,0.987
5,192,192,0.973
5,193,193,1.0
5,194,194,1.0
5,195,195,1.0
5,196,196,1.0
5,197,197,1.0
5,198,198,1.0
5,199,199,0.986
5,200,200,1.0
5,201,201,0.971
5,202,202,1.0
5,203,203,1.0
5,204,204,1.0
5,205,205,0.975
5,206,206,1.0
5,207,207,0.985
5,208,208,0.986
5,209,209,1.0
5,210,210,1.0
5,211,211,1.0
5,212,212,1.0
5,213,213,0.987
5,214,214,0.962
5,215,215,1.0
5,216,216,1.0
5,217,217,0.971
5,218,218,0.973
5,219,219,0.975
5,220,220,1.0
5,221,221,0.969
5,222,222,1.0
5,223,223,0.988
5,224,224,1.0
5,225,225,1.0
5,226,226,0.985
5,227,227,0.986
5,228,228,0.986
5,229,229,0.986
5,230,230,0.985
5,231,231,0.985
5,232,232,1.0
5,233,233,0.986
5,234,234,1.0
5,235,235,0.984
5,236,236,1.0
5,237,237,0.973
5,238,238,0.986
5,239,239,1.0
5,240,240,0.985
5,241,241,1.0
5,242,242,1.0
5,243,243,1.0
5,244,244,0.986
5,245,245,0.986
5,246,246,0.987
5,247,247,0.984
5,248,248,0.986
5,249,249,0.957
5,250,250,1.0
5,251,251,0.975
5,252,252,0.974
5,253,253,1.0
5,254,254,1.0
5,255,255,0.986
5,256,256,0.973
5,257,257,0.987
5,258,258,0.971
5,259,259,0.986
5,260,260,1.0
5,261,261,1.0
5,262,262,1.0
5,263,263,0.984
5,264,264,0.971
5,265,265,1.0
5,266,266,0.972
5,267,267,0.966
5,268,268,1.0
5,269,269,1.0
5,270,270,1.0
5,271,271,0.987
5,272,272,0.984
5,273,273,1.0
5,274,274,1.0
5,275,275,0.974
5,276,276,1.0
5,277,277,1.0
5,278,278,0.987
5,279,279,0.985
5,280,280,1.0
5,281,281,0.986
5,282,282,1.0
5,283,283,0.986
5,284,284,0.984
5,285,285,0.974
5,286,286,0.987
5,287,287,0.971
5,288,288,0.974
5,289,289,1.0
5,290,290,0.985
5,291,291,0.974
5,292,292,0.988
5,293,293,0.985
5,294,294,0.957
5,295,295,1.0
5,296,296,0.985
5,297,297,0.987
5,298,298,1.0
5,299,299,0.971
5,300,300,0.975
5,301,301,0.987
5,302,302,1.0
5,303,303,0.986
5,304,304,0.987
5,305,305,0.986
5,306,306,1.0
5,307,307,0.987
5,308,308,0.971
5,309,309,1.0
5,310,310,1.0
5,311,311,0.986
5,312,312,0.985
5,313,313,0.985
5,314,314,0.986
5,315,315,1.0
5,316,316,1.0
5,317,317,1.0
5,318,318,1.0
5,319,319,0.985
5,320,320,1.0
5,321,321,0.987
5,322,322,1.0
5,323,323,0.985
5,324,324,0.985
5,325,325,1.0
5,326,326,1.0
5,327,327,0.987
5,328,328,0.984
5,329,329,1.0
5,330,330,1.0
5,331,331,0.986
5,332,332,0.986
5,333,333,0.969
5,334,334,0.96
5,335,335,0.986
5,336,336,1.0
5,337,337,1.0
5,338,338,1.0
5,339,339,0.987
5,340,340,1.0
5,341,341,0.971
5,342,342,0.987
5,343,343,1.0
5,344,344,1.0
5,345,345,1.0
5,346,346,1.0
5,347,347,0.986
5,348,348,1.0
5,349,349,1.0
5,350,350,0.969
5,351,351,0.986
5,352,352,0.947
5,353,353,0.974
5,354,354,1.0
5,355,355,0.986
5,356,356,0.972
5,357,357,1.0
5,358,358,1.0
5,359,359,1.0
5,360,360,0.973
5,361,361,1.0
5,362,362,1.0
5,363,363,0.973
5,364,364,0.986
5,365,365,1.0
5,366,366,0.972
5,367,367,0.973
5,368,368,0.985
5,369,369,0.973
5,370,370,0.97
5,371,371,0.985
5,372,372,0.962
5,373,373,0.987
5,374,374,1.0
5,375,375,0.973
5,376,376,1.0
5,377,377,0.986
5,378,378,1.0
5,379,379,1.0
5,380,380,0.986
5,381,381,0.968
5,382,382,1.0
5,383,383,0.986
5,384,384,0.96
5,385,385,0.987
5,386,386,1.0
5,387,387,0.987
5,388,388,0.986
5,389,389,1.0
5,390,390,0.984
5,391,391,1.0
5,392,392,0.986
5,393,393,1.0
5,394,394,1.0
5,395,395,0.986
5,396,396,1.0
5,397,397,1.0
5,398,398,1.0
5,399,399,1.0
5,400,400,1.0
5,401,401,0.986
5,402,402,0.986
5,403,403,0.987
5,404,404,1.0
5,405,405,0.986
5,406,406,1.0
5,407,407,0.986
5,408,408,1.0
5,409,409,0.985
5,410,410,1.0
5,411,411,1.0
5,412,412,1.0
5,413,413,1.0
5,414,414,1.0
5,415,415,1.0
5,416,416,0.986
5,417,417,1.0
5,418,418,0.969
5,419,419,1.0
5,420,420,1.0
5,421,421,1.0
5,422,422,1.0
5,423,423,1.0
5,424,424,1.0
5,425,425,1.0
5,426,426,1.0
5,427,427,1.0
5,428,428,1.0
5,429,429,0.986
5,430,430,0.985
5,431,431,1.0
5,432,432,0.985
5,433,433,1.0
5,434,434,0.944
5,435,435,1.0
5,436,436,0.988
5,437,437,0.987
5,438,438,0.987
5,439,439,0.987
5,440,440,1.0
5,441,441,0.986
5,442,442,0.987
5,443,443,0.986
5,444,444,1.0
5,445,445,0.986
5,446,446,1.0
5,447,447,1.0
5,448,448,1.0
5,449,449,0.986
5,450,450,0.985
5,451,451,0.969
5,452,452,1.0
5,453,453,1.0
5,454,454,1.0
5,455,455,1.0
5,456,456,0.986
5,457,457,1.0
5,458,458,0.987
5,459,459,0.986
5,460,460,1.0
5,461,461,1.0
5,462,462,1.0
5,463,463,1.0
5,464,464,1.0
5,465,465,1.0
5,466,466,1.0
5,467,467,1.0
5,468,468,1.0
5,469,469,0.975
5,470,470,1.0
5,471,471,0.986
5,472,472,1.0
5,473,473,0.986
5,474,474,1.0
5,475,475,0.972
5,476,476,1.0
5,477,477,0.974
5,478,478,1.0
5,479,479,1.0
5,480,480,0.986
5,481,481,0.987
5,482,482,0.986
5,483,483,1.0
5,484,484,0.984
5,485,485,0.971
5,486,486,1.0
5,487,487,1.0
5,488,488,1.0
5,489,489,0.973
5,490,490,1.0
5,491,491,1.0
5,492,492,0.987
5,493,493,1.0
5,494,494,0.986
5,495,495,0.987
5,496,496,1.0
5,497,497,0.986
5,498,498,0.986
5,499,499,0.971
5,500,500,1.0
5,501,501,1.0
5,502,502,0.974
5,503,503,0.987
5,504,504,1.0
5,505,505,0.986
5,506,506,1.0
5,507,507,1.0
5,508,508,0.974
5,509,509,1.0
5,510,510,0.987
5,511,511,1.0
5,512,512,0.985
5,513,513,1.0
5,514,514,0.987
5,515,515,1.0
5,516,516,1.0
5,517,517,1.0
5,518,518,0.986
5,519,519,0.986
5,520,520,1.0
5,521,521,1.0
5,522,522,0.987
5,523,523,0.986
5,524,524,0.986
5,525,525,1.0
5,526,526,1.0
5,527,527,1.0
5,528,528,0.972
5,529,529,1.0
5,530,530,0.986
5,531,531,1.0
5,532,532,0.974
5,533,533,1.0
5,534,534,1.0
5,535,535,1.0
5,536,536,1.0
5,537,537,0.987
5,538,538,0.986
5,539,539,0.985
5,540,540,0.972
5,541,541,0.974
5,542,542,1.0
5,543,543,1.0
5,544,544,0.985
5,545,545,0.985
5,546,546,0.974
5,547,547,0.971
5,548,548,1.0
5,549,549,1.0
5,550,550,0.984
5,551,551,0.986
5,552,552,1.0
5,553,553,0.986
5,554,554,1.0
5,555,555,1.0
5,556,556,0.984
5,557,557,1.0
5,558,558,1.0
5,559,559,0.984
5,560,560,1.0
5,561,561,0.986
5,562,562,1.0
5,563,563,0.985
5,564,564,0.985
5,565,565,0.987
5,566,566,1.0
5,567,567,1.0
5,568,568,1.0
5,569,569,1.0
5,570,570,0.987
5,571,571,0.986
5,572,572,0.985
5,573,573,0.987
5,574,574,1.0
5,575,575,1.0
5,576,576,1.0
5,577,577,1.0
5,578,578,0.986
5,579,579,0.985
5,580,580,0.986
5,581,581,0.988
5,582,582,0.986
5,583,583,0.986
5,584,584,0.972
5,585,585,0.986
5,586,586,1.0
5,587,587,0.973
5,588,588,0.986
5,589,589,0.976
5,590,590,0.963
5,591,591,1.0
5,592,592,0.973
5,593,593,1.0
5,594,594,0.985
5,595,595,0.962
5,596,596,1.0
5,597,597,0.971
5,598,598,0.985
5,599,599,0.971
5,600,600,1.0
5,601,601,1.0
5,602,602,0.987
5,603,603,0.986
5,604,604,1.0
5,605,605,1.0
5,606,606,1.0
5,607,607,0.986
5,608,608,0.987
5,609,609,1.0
5,610,610,0.986
5,611,611,0.987
5,612,612,0.972
5,613,613,1.0
5,614,614,0.986
5,615,615,1.0
5,616,616,0.986
5,617,617,0.987
5,618,618,0.971
5,619,619,0.986
5,620,620,1.0
5,621,621,0.947
5,622,622,1.0
5,623,623,0.974
5,624,624,0.987
5,625,625,1.0
5,626,626,1.0
5,627,627,1.0
5,628,628,0.985
5,629,629,0.986
5,630,630,0.973
5,631,631,0.984
5,632,632,1.0
5,633,633,1.0
5,634,634,0.986
5,635,635,1.0
5,636,636,1.0
5,637,637,1.0
5,638,638,0.983
5,639,639,1.0
5,640,640,0.972
5,641,641,1.0
5,642,642,0.985
5,643,643,1.0
5,644,644,1.0
5,645,645,0.972
5,646,646,0.972
5,647,647,0.986
5,648,648,0.986
5,649,649,1.0
5,650,650,1.0
5,651,651,0.971
5,652,652,0.987
5,653,653,0.986
5,654,654,0.986
5,655,655,0.987
5,656,656,1.0
5,657,657,1.0
5,658,658,0.986
5,659,659,0.986
5,660,660,0.987
5,661,661,1.0
5,662,662,0.987
5,663,663,0.986
5,664,664,1.0
5,665,665,0.987
5,666,666,0.986
5,667,667,1.0
5,668,668,0.986
5,669,669,1.0
5,670,670,1.0
5,671,671,0.987
5,672,672,1.0
5,673,673,1.0
5,674,674,0.971
5,675,675,1.0
5,676,676,1.0
5,677,677,0.987
5,678,678,0.986
5,679,679,0.987
5,680,680,0.986
5,681,681,1.0
5,682,682,0.987
5,683,683,0.986
5,684,684,1.0
5,685,685,0.987
5,686,686,0.986
5,687,687,1.0
5,688,688,1.0
5,689,689,0.987
5,690,690,1.0
5,691,691,0.971
5,692,692,0.986
5,693,693,0.986
5,694,694,0.986
5,695,695,1.0
5,696,696,0.96
5,697,697,0.984
5,698,698,1.0
5,699,699,0.972
5,700,700,1.0
5,701,701,0.972
5,702,702,0.985
5,703,703,0.986
5,704,704,1.0
5,705,705,0.987
5,706,706,0.985
5,707,707,0.987
5,708,708,0.986
5,709,709,1.0
5,710,710,1.0
5,711,711,0.985
5,712,712,1.0
5,713,713,0.986
5,714,714,1.0
5,715,715,0.984
5,716,716,0.985
5,717,717,1.0
5,718,718,0.986
5,719,719,0.971
5,720,720,1.0
5,721,721,1.0
5,722,722,0.971
5,723,723,1.0
5,724,724,1.0
5,725,725,0.987
5,726,726,0.988
5,727,727,1.0
5,728,728,1.0
5,729,729,0.972
5,730,730,1.0
5,731,731,0.971
5,732,732,0.986
5,733,733,1.0
5,734,734,0.986
5,735,735,0.986
5,736,736,0.984
5,737,737,1.0
5,738,738,0.961
5,739,739,1.0
5,740,740,0.968
5,741,741,1.0
5,742,742,1.0
5,743,743,0.975
5,744,744,0.986
5,745,745,0.972
5,746,746,1.0
5,747,747,1.0
5,748,748,0.97
5,749,749,1.0
5,750,750,1.0
5,751,751,0.986
5,752,752,0.986
5,753,753,1.0
5,754,754,1.0
5,755,755,0.985
5,756,756,0.987
5,757,757,1.0
5,758,758,1.0
5,759,759,0.987
5,760,760,1.0
5,761,761,1.0
5,762,762,1.0
5,763,763,1.0
5,764,764,0.988
5,765,765,1.0
5,766,766,0.985
5,767,767,0.97
5,768,768,0.973
5,769,769,1.0
5,770,770,0.986
5,771,771,1.0
5,772,772,1.0
5,773,773,0.985
5,774,774,1.0
5,775,775,0.984
5,776,776,0.97
5,777,777,0.987
5,778,778,0.986
5,779,779,1.0
5,780,780,0.973
5,781,781,1.0
5,782,782,1.0
5,783,783,1.0
5,784,784,0.982
5,785,785,1.0
5,786,786,0.986
5,787,787,0.985
5,788,788,1.0
5,789,789,1.0
5,790,790,1.0
5,791,791,1.0
5,792,792,0.986
5,793,793,0.985
5,794,794,0.987
5,795,795,1.0
5,796,796,1.0
5,797,797,1.0
5,798,798,0.974
5,799,799,1.0
5,800,800,1.0
5,801,801,1.0
5,802,802,0.986
5,803,803,0.973
5,804,804,1.0
5,805,805,1.0
5,806,806,1.0
5,807,807,0.987
5,808,808,1.0
5,809,809,0.973
5,810,810,1.0
5,811,811,1.0
5,812,812,0.986
5,813,813,1.0
5,814,814,0.988
5,815,815,1.0
5,816,816,0.986
5,817,817,1.0
5,818,818,0.959
5,819,819,0.986
5,820,820,1.0
5,821,821,0.971
5,822,822,0.987
5,823,823,1.0
5,824,824,1.0
5,825,825,0.971
5,826,826,1.0
5,827,827,0.971
5,828,828,1.0
5,829,829,0.955
5,830,830,0.984
5,831,831,1.0
5,832,832,0.986
5,833,833,1.0
5,834,834,1.0
5,835,835,0.986
5,836,836,0.961
5,837,837,0.985
5,838,838,0.986
5,839,839,0.987
5,840,840,1.0
5,841,841,0.97
5,842,842,1.0
5,843,843,0.985
5,844,844,1.0
5,845,845,0.986
5,846,846,1.0
5,847,847,0.986
5,848,848,1.0
5,849,849,0.985
5,850,850,0.973
5,851,851,0.973
5,852,852,1.0
5,853,853,1.0
5,854,854,1.0
5,855,855,0.986
5,856,856,1.0
5,857,857,1.0
5,858,858,1.0
5,859,859,0.987
5,860,860,0.985
5,861,861,1.0
5,862,862,0.974
5,863,863,0.986
5,864,864,0.984
5,865,865,1.0
5,866,866,1.0
5,867,867,0.987
5,868,868,0.986
5,869,869,1.0
5,870,870,0.987
5,871,871,0.987
5,872,872,1.0
5,873,873,1.0
5,874,874,1.0
5,875,875,1.0
5,876,876,0.985
5,877,877,0.986
5,878,878,0.986
5,879,879,0.973
5,880,880,0.973
5,881,881,1.0
5,882,882,0.986
5,883,883,0.988
5,884,884,0.986
5,885,885,0.986
5,886,886,0.986
5,887,887,1.0
5,888,888,0.975
5,889,889,1.0
5,890,890,1.0
5,891,891,1.0
5,892,892,1.0
5,893,893,0.985
5,894,894,0.985
5,895,895,0.959
5,896,896,1.0
5,897,897,0.986
5,898,898,1.0
5,899,899,0.984
5,900,900,0.986
5,901,901,0.972
5,902,902,0.975
5,903,903,0.986
5,904,904,1.0
5,905,905,0.985
5,906,906,1.0
5,907,907,0.986
5,908,908,0.984
5,909,909,0.986
6,1,1,0.984
6,2,2,0.958
6,3,3,1.0
6,4,4,1.0
6,5,5,1.0
6,6,6,0.986
6,7,7,1.0
6,8,8,0.984
6,9,9,0.987
6,10,10,0.971
6,11,11,1.0
6,12,12,0.971
6,13,13,1.0
6,14,14,0.985
6,15,15,1.0
6,16,16,0.987
6,17,17,0.986
6,18,18,0.987
6,19,19,0.985
6,20,20,0.986
6,21,21,0.986
6,22,22,0.985
6,23,23,0.985
6,24,24,1.0
6,25,25,0.973
6,26,26,0.986
6,27,27,1.0
6,28,28,0.969
6,29,29,0.975
6,30,30,0.986
6,31,31,0.985
6,32,32,0.986
6,33,33,1.0
6,34,34,0.986
6,35,35,0.986
6,36,36,0.987
6,37,37,0.972
6,38,38,0.984
6,39,39,1.0
6,40,40,0.983
6,41,41,1.0
6,42,42,0.986
6,43,43,1.0
6,44,44,1.0
6,45,45,0.973
6,46,46,0.985
6,47,47,0.986
6,48,48,1.0
6,49,49,0.987
6,50,50,0.986
6,51,51,0.986
6,52,52,0.986
6,53,53,0.987
6,54,54,1.0
6,55,55,1.0
6,56,56,1.0
6,57,57,1.0
6,58,58,0.973
6,59,59,0.974
6,60,60,0.986
6,61,61,1.0
6,62,62,0.985
6,63,63,0.984
6,64,64,0.973
6,65,65,1.0
6,66,66,0.986
6,67,67,1.0
6,68,68,1.0
6,69,69,1.0
6,70,70,0.987
6,71,71,1.0
6,72,72,1.0
6,73,73,0.985
6,74,74,1.0
6,75,75,0.986
6,76,76,0.986
6,77,77,1.0
6,78,78,0.986
6,79,79,0.986
6,80,80,0.986
6,81,81,0.987
6,82,82,1.0
6,83,83,1.0
6,84,84,0.987
6,85,85,1.0
6,86,86,0.987
6,87,87,1.0
6,88,88,1.0
6,89,89,1.0
6,90,90,1.0
6,91,91,1.0
6,92,92,1.0
6,93,93,1.0
6,94,94,0.984
6,95,95,1.0
6,96,96,1.0
6,97,97,1.0
6,98,98,1.0
6,99,99,0.962
6,100,100,0.985
6,101,101,1.0
6,102,102,0.971
6,103,103,0.986
6,104,104,0.987
6,105,105,1.0
6,106,106,0.986
6,107,107,0.984
6,108,108,0.986
6,109,109,1.0
6,110,110,1.0
6,111,111,0.986
6,112,112,1.0
6,113,113,0.985
6,114,114,1.0
6,115,115,0.987
6,116,116,1.0
6,117,117,1.0
6,118,118,1.0
6,119,119,0.986
6,120,120,1.0
6,121,121,0.972
6,122,122,1.0
6,123,123,1.0
6,124,124,0.985
6,125,125,1.0
6,126,126,0.987
6,127,127,1.0
6,128,128,0.987
6,129,129,1.0
6,130,130,1.0
6,131,131,1.0
6,132,132,1.0
6,133,133,0.97
6,134,134,0.988
6,135,135,1.0
6,136,136,0.974
6,137,137,1.0
6,138,138,0.985
6,139,139,0.974
6,140,140,1.0
6,141,141,0.987
6,142,142,1.0
6,143,143,0.973
6,144,144,0.974
6,145,145,1.0
6,146,146,1.0
6,147,147,0.974
6,148,148,0.985
6,149,149,0.984
6,150,150,0.973
6,151,151,1.0
6,152,152,1.0
6,153,153,0.987
6,154,154,0.973
6,155,155,1.0
6,156,156,1.0
6,157,157,1.0
6,158,158,0.986
6,159,159,1.0
6,160,160,0.985
6,161,161,1.0
6,162,162,0.987
6,163,163,1.0
6,164,164,0.986
6,165,165,0.987
6,166,166,1.0
6,167,167,0.987
6,168,168,0.987
6,169,169,1.0
6,170,170,0.971
6,171,171,0.986
6,172,172,0.984
6,173,173,1.0
6,174,174,1.0
6,175,175,0.986
6,176,176,1.0
6,177,177,1.0
6,178,178,1.0
6,179,179,1.0
6,180,180,0.96
6,181,181,1.0
6,182,182,1.0
6,183,183,1.0
6,184,184,1.0
6,185,185,1.0
6,186,186,1.0
6,187,187,0.974
6,188,188,1.0
6,189,189,0.986
6,190,190,1.0
6,191,191,0.985
6,192,192,0.986
6,193,193,1.0
6,194,194,1.0
6,195,195,1.0
6,196,196,0.986
6,197,197,1.0
6,198,198,1.0
6,199,199,0.973
6,200,200,0.986
6,201,201,1.0
6,202,202,1.0
6,203,203,1.0
6,204,204,1.0
6,205,205,1.0
6,206,206,0.987
6,207,207,0.975
6,208,208,1.0
6,209,209,0.987
6,210,210,0.985
6,211,211,1.0
6,212,212,1.0
6,213,213,1.0
6,214,214,1.0
6,215,215,1.0
6,216,216,1.0
6,217,217,0.974
6,218,218,1.0
6,219,219,1.0
6,220,220,1.0
6,221,221,0.986
6,222,222,0.972
6,223,223,0.971
6,224,224,1.0
6,225,225,0.986
6,226,226,0.97
6,227,227,0.987
6,228,228,1.0
6,229,229,0.987
6,230,230,0.987
6,231,231,0.986
6,232,232,0.983
6,233,233,0.986
6,234,234,0.987
6,235,235,0.985
6,236,236,0.985
6,237,237,0.986
6,238,238,0.986
6,239,239,1.0
6,240,240,0.986
6,241,241,0.984
6,242,242,0.972
6,243,243,1.0
6,244,244,0.986
6,245,245,1.0
6,246,246,1.0
6,247,247,0.986
6,248,248,0.986
6,249,249,1.0
6,250,250,0.986
6,251,251,1.0
6,252,252,1.0
6,253,253,0.944
6,254,254,1.0
6,255,255,1.0
6,256,256,0.987
6,257,257,0.986
6,258,258,0.986
6,259,259,1.0
6,260,260,1.0
6,261,261,1.0
6,262,262,1.0
6,263,263,0.974
6,264,264,1.0
6,265,265,0.985
6,266,266,0.987
6,267,267,1.0
6,268,268,1.0
6,269,269,1.0
6,270,270,1.0
6,271,271,0.987
6,272,272,1.0
6,273,273,1.0
6,274,274,1.0
6,275,275,0.984
6,276,276,1.0
6,277,277,1.0
6,278,278,1.0
6,279,279,1.0
6,280,280,1.0
6,281,281,0.972
6,282,282,1.0
6,283,283,1.0
6,284,284,0.986
6,285,285,0.986
6,286,286,0.973
6,287,287,0.974
6,288,288,0.984
6,289,289,0.987
6,290,290,1.0
6,291,291,1.0
6,292,292,1.0
6,293,293,0.985
6,294,294,1.0
6,295,295,0.987
6,296,296,0.986
6,297,297,0.985
6,298,298,1.0
6,299,299,1.0
6,300,300,1.0
6,301,301,0.985
6,302,302,0.985
6,303,303,1.0
6,304,304,0.984
6,305,305,0.984
6,306,306,1.0
6,307,307,1.0
6,308,308,1.0
6,309,309,0.984
6,310,310,1.0
6,311,311,0.986
6,312,312,0.985
6,313,313,0.986
6,314,314,0.976
6,315,315,1.0
6,316,316,1.0
6,317,317,1.0
6,318,318,0.971
6,319,319,0.987
6,320,320,1.0
6,321,321,0.96
6,322,322,0.986
6,323,323,0.97
6,324,324,1.0
6,325,325,0.987
6,326,326,0.971
6,327,327,1.0
6,328,328,0.972
6,329,329,0.973
6,330,330,1.0
6,331,331,0.986
6,332,332,0.986
6,333,333,0.976
6,334,334,1.0
6,335,335,1.0
6,336,336,0.986
6,337,337,0.987
6,338,338,0.986
6,339,339,0.986
6,340,340,0.985
6,341,341,0.969
6,342,342,0.987
6,343,343,0.986
6,344,344,1.0
6,345,345,0.971
6,346,346,1.0
6,347,347,1.0
6,348,348,0.987
6,349,349,0.986
6,350,350,0.987
6,351,351,0.986
6,352,352,0.95
6,353,353,1.0
6,354,354,0.971
6,355,355,1.0
6,356,356,0.973
6,357,357,1.0
6,358,358,0.986
6,359,359,0.974
6,360,360,0.987
6,361,361,0.985
6,362,362,0.973
6,363,363,0.987
6,364,364,0.986
6,365,365,1.0
6,366,366,1.0
6,367,367,0.987
6,368,368,0.984
6,369,369,1.0
6,370,370,0.971
6,371,371,0.974
6,372,372,0.985
6,373,373,1.0
6,374,374,0.986
6,375,375,0.985
6,376,376,0.984
6,377,377,1.0
6,378,378,1.0
6,379,379,1.0
6,380,380,1.0
6,381,381,0.971
6,382,382,0.986
6,383,383,0.986
6,384,384,0.986
6,385,385,1.0
6,386,386,0.973
6,387,387,1.0
6,388,388,1.0
6,389,389,0.986
6,390,390,0.986
6,391,391,0.986
6,392,392,1.0
6,393,393,0.986
6,394,394,0.986
6,395,395,1.0
6,396,396,1.0
6,397,397,0.987
6,398,398,0.987
6,399,399,0.958
6,400,400,0.974
6,401,401,1.0
6,402,402,0.988
6,403,403,0.985
6,404,404,1.0
6,405,405,1.0
6,406,406,0.944
6,407,407,0.987
6,408,408,0.986
6,409,409,1.0
6,410,410,1.0
6,411,411,0.987
6,412,412,1.0
6,413,413,0.973
6,414,414,0.986
6,415,415,1.0
6,416,416,0.985
6,417,417,1.0
6,418,418,0.987
6,419,419,0.972
6,420,420,1.0
6,421,421,1.0
6,422,422,1.0
6,423,423,1.0
6,424,424,0.986
6,425,425,0.985
6,426,426,0.96
6,427,427,0.986
6,428,428,0.973
6,429,429,1.0
6,430,430,1.0
6,431,431,0.973
6,432,432,0.985
6,433,433,0.985
6,434,434,1.0
6,435,435,0.974
6,436,436,0.985
6,437,437,0.971
6,438,438,1.0
6,439,439,1.0
6,440,440,0.987
6,441,441,0.987
6,442,442,1.0
6,443,443,1.0
6,444,444,1.0
6,445,445,1.0
6,446,446,0.987
6,447,447,1.0
6,448,448,0.969
6,449,449,1.0
6,450,450,0.986
6,451,451,0.985
6,452,452,1.0
6,453,453,0.987
6,454,454,1.0
6,455,455,1.0
6,456,456,1.0
6,457,457,1.0
6,458,458,0.961
6,459,459,1.0
6,460,460,1.0
6,461,461,1.0
6,462,462,0.986
6,463,463,0.986
6,464,464,1.0
6,465,465,0.987
6,466,466,1.0
6,467,467,0.985
6,468,468,1.0
6,469,469,1.0
6,470,470,0.987
6,471,471,0.987
6,472,472,0.974
6,473,473,1.0
6,474,474,0.987
6,475,475,0.973
6,476,476,1.0
6,477,477,0.986
6,478,478,0.985
6,479,479,0.987
6,480,480,0.986
6,481,481,1.0
6,482,482,1.0
6,483,483,0.97
6,484,484,0.986
6,485,485,0.962
6,486,486,1.0
6,487,487,0.986
6,488,488,0.988
6,489,489,1.0
6,490,490,0.971
6,491,491,0.986
6,492,492,0.987
6,493,493,0.985
6,494,494,0.986
6,495,495,1.0
6,496,496,1.0
6,497,497,0.971
6,498,498,0.987
6,499,499,1.0
6,500,500,1.0
6,501,501,0.986
6,502,502,1.0
6,503,503,1.0
6,504,504,0.974
6,505,505,0.975
6,506,506,0.987
6,507,507,1.0
6,508,508,1.0
6,509,509,1.0
6,510,510,0.985
6,511,511,0.987
6,512,512,1.0
6,513,513,0.986
6,514,514,0.987
6,515,515,0.973
6,516,516,0.985
6,517,517,1.0
6,518,518,0.985
6,519,519,0.986
6,520,520,0.988
6,521,521,0.986
6,522,522,1.0
6,523,523,0.988
6,524,524,0.971
6,525,525,1.0
6,526,526,0.963
6,527,527,1.0
6,528,528,1.0
6,529,529,1.0
7,1,1,1.0
7,2,2,0.946
7,3,3,1.0
7,4,4,1.0
7,5,5,1.0
7,6,6,0.987
7,7,7,1.0
7,8,8,0.985
7,9,9,1.0
7,10,10,0.986
7,11,11,0.966
7,12,12,0.986
7,13,13,0.987
7,14,14,1.0
7,15,15,1.0
7,16,16,0.986
7,17,17,0.985
7,18,18,1.0
7,19,19,0.983
7,20,20,0.971
7,21,21,1.0
7,22,22,1.0
7,23,23,1.0
7,24,24,0.986
7,25,25,0.986
7,26,26,1.0
7,27,27,1.0
7,28,28,0.986
7,29,29,1.0
7,30,30,0.987
7,31,31,1.0
7,32,32,1.0
7,33,33,0.986
7,34,34,0.986
7,35,35,0.986
7,36,36,0.988
7,37,37,0.987
7,38,38,1.0
7,39,39,1.0
7,40,40,1.0
7,41,41,0.986
7,42,42,1.0
7,43,43,0.971
7,44,44,0.987
7,45,45,1.0
7,46,46,0.974
7,47,47,1.0
7,48,48,1.0
7,49,49,1.0
7,50,50,1.0
7,51,51,1.0
7,52,52,1.0
7,53,53,0.985
7,54,54,0.973
7,55,55,0.986
7,56,56,0.986
7,57,57,0.986
7,58,58,0.973
7,59,59,1.0
7,60,60,0.984
7,61,61,1.0
7,62,62,1.0
7,63,63,1.0
7,64,64,0.987
7,65,65,0.985
7,66,66,0.986
7,67,67,1.0
7,68,68,0.986
7,69,69,1.0
7,70,70,1.0
7,71,71,1.0
7,72,72,1.0
7,73,73,0.985
7,74,74,1.0
7,75,75,0.987
7,76,76,0.973
7,77,77,1.0
7,78,78,1.0
7,79,79,0.987
7,80,80,1.0
7,81,81,0.986
7,82,82,1.0
7,83,83,1.0
7,84,84,1.0
7,85,85,1.0
7,86,86,1.0
7,87,87,1.0
7,88,88,1.0
7,89,89,1.0
7,90,90,0.987
7,91,91,0.974
7,92,92,0.972
7,93,93,0.986
7,94,94,1.0
7,95,95,1.0
7,96,96,0.986
7,97,97,0.986
7,98,98,1.0
7,99,99,0.986
7,100,100,1.0
7,101,101,0.986
7,102,102,0.987
7,103,103,1.0
7,104,104,1.0
7,105,105,1.0
7,106,106,1.0
7,107,107,0.985
7,108,108,0.962
7,109,109,1.0
7,110,110,1.0
7,111,111,0.974
7,112,112,1.0
7,113,113,0.986
7,114,114,0.986
7,115,115,1.0
7,116,116,1.0
7,117,117,0.974
7,118,118,1.0
7,119,119,1.0
7,120,120,1.0
7,121,121,0.986
7,122,122,0.973
7,123,123,0.987
7,124,124,1.0
7,125,125,0.985
7,126,126,0.986
7,127,127,0.971
7,128,128,1.0
7,129,129,0.988
7,130,130,1.0
7,131,131,1.0
7,132,132,1.0
7,133,133,0.955
7,134,134,1.0
7,135,135,1.0
7,136,136,0.987
7,137,137,0.985
7,138,138,1.0
7,139,139,1.0
7,140,140,0.974
7,141,141,1.0
7,142,142,1.0
7,143,143,0.971
7,144,144,1.0
7,145,145,0.987
7,146,146,0.986
7,147,147,1.0
7,148,148,1.0
7,149,149,0.986
7,150,150,0.988
7,151,151,0.987
7,152,152,0.986
7,153,153,1.0
7,154,154,1.0
7,155,155,1.0
7,156,156,1.0
7,157,157,0.984
7,158,158,0.986
7,159,159,0.985
7,160,160,0.975
7,161,161,0.973
7,162,162,1.0
7,163,163,0.986
7,164,164,0.973
7,165,165,0.971
7,166,166,1.0
7,167,167,0.973
7,168,168,1.0
7,169,169,0.973
7,170,170,0.987
7,171,171,1.0
7,172,172,1.0
7,173,173,0.986
7,174,174,1.0
7,175,175,0.985
7,176,176,0.985
7,177,177,0.986
7,178,178,1.0
7,179,179,1.0
7,180,180,1.0
7,181,181,0.986
7,182,182,0.972
7,183,183,0.985
7,184,184,0.985
7,185,185,0.986
7,186,186,0.972
7,187,187,1.0
7,188,188,0.963
7,189,189,1.0
7,190,190,0.986
7,191,191,1.0
7,192,192,1.0
7,193,193,0.955
7,194,194,0.985
7,195,195,0.985
7,196,196,1.0
7,197,197,1.0
7,198,198,0.971
7,199,199,1.0
7,200,200,0.971
7,201,201,1.0
7,202,202,1.0
7,203,203,1.0
7,204,204,1.0
7,205,205,1.0
7,206,206,0.986
7,207,207,1.0
7,208,208,0.972
7,209,209,0.974
7,210,210,1.0
7,211,211,0.986
7,212,212,1.0
7,213,213,1.0
7,214,214,1.0
7,215,215,1.0
7,216,216,0.986
7,217,217,0.973
7,218,218,1.0
7,219,219,0.986
7,220,220,1.0
7,221,221,0.986
7,222,222,1.0
7,223,223,0.986
7,224,224,1.0
7,225,225,0.987
7,226,226,1.0
7,227,227,1.0
7,228,228,0.984
7,229,229,0.986
7,230,230,0.986
7,231,231,0.986
7,232,232,0.985
7,233,233,0.987
7,234,234,1.0
7,235,235,1.0
7,236,236,1.0
7,237,237,0.986
7,238,238,0.958
7,239,239,1.0
7,240,240,0.983
7,241,241,0.984
7,242,242,0.971
7,243,243,0.986
7,244,244,1.0
7,245,245,1.0
7,246,246,0.986
7,247,247,1.0
7,248,248,0.986
7,249,249,1.0
7,250,250,0.973
7,251,251,1.0
7,252,252,1.0
7,253,253,1.0
7,254,254,0.986
7,255,255,0.961
7,256,256,0.987
7,257,257,1.0
7,258,258,1.0
7,259,259,0.986
7,260,260,0.986
7,261,261,1.0
7,262,262,0.961
7,263,263,0.973
7,264,264,0.987
7,265,265,1.0
7,266,266,1.0
7,267,267,0.986
7,268,268,0.986
7,269,269,0.971
7,270,270,0.971
7,271,271,0.974
7,272,272,0.974
7,273,273,0.986
7,274,274,1.0
7,275,275,0.986
7,276,276,1.0
7,277,277,0.987
7,278,278,1.0
7,279,279,1.0
7,280,280,1.0
7,281,281,0.985
7,282,282,0.986
7,283,283,0.987
7,284,284,0.985
7,285,285,1.0
7,286,286,1.0
7,287,287,0.987
7,288,288,1.0
7,289,289,0.987
7,290,290,1.0
7,291,291,0.987
7,292,292,0.984
7,293,293,0.986
7,294,294,0.986
7,295,295,1.0
7,296,296,1.0
7,297,297,1.0
7,298,298,1.0
7,299,299,0.972
7,300,300,0.984
7,301,301,1.0
7,302,302,0.971
7,303,303,1.0
7,304,304,1.0
7,305,305,1.0
7,306,306,1.0
7,307,307,0.97
7,308,308,1.0
7,309,309,1.0
7,310,310,0.987
7,311,311,0.97
7,312,312,1.0
7,313,313,0.986
7,314,314,1.0
7,315,315,1.0
7,316,316,0.987
7,317,317,0.963
7,318,318,1.0
7,319,319,1.0
7,320,320,0.986
7,321,321,0.986
7,322,322,1.0
7,323,323,1.0
7,324,324,1.0
7,325,325,1.0
7,326,326,1.0
7,327,327,1.0
7,328,328,1.0
7,329,329,1.0
7,330,330,0.973
7,331,331,0.986
7,332,332,0.987
7,333,333,1.0
7,334,334,0.987
7,335,335,0.972
7,336,336,0.987
7,337,337,0.986
7,338,338,1.0
7,339,339,0.986
7,340,340,0.982
7,341,341,1.0
7,342,342,0.985
7,343,343,0.985
7,344,344,0.971
7,345,345,0.971
7,346,346,1.0
7,347,347,0.973
7,348,348,0.987
7,349,349,0.986
7,350,350,0.947
7,351,351,0.986
7,352,352,1.0
7,353,353,1.0
7,354,354,0.946
7,355,355,1.0
7,356,356,1.0
7,357,357,0.974
7,358,358,1.0
7,359,359,0.986
7,360,360,1.0
7,361,361,0.986
7,362,362,0.986
7,363,363,0.972
7,364,364,0.974
7,365,365,0.946
7,366,366,1.0
7,367,367,1.0
7,368,368,0.987
7,369,369,0.986
7,370,370,1.0
7,371,371,1.0
7,372,372,0.982
7,373,373,1.0
7,374,374,1.0
7,375,375,0.974
7,376,376,1.0
7,377,377,0.987
7,378,378,0.984
7,379,379,0.961
7,380,380,0.988
7,381,381,0.982
7,382,382,0.974
7,383,383,1.0
7,384,384,1.0
7,385,385,1.0
7,386,386,1.0
7,387,387,1.0
7,388,388,1.0
7,389,389,0.987
7,390,390,0.971
7,391,391,0.975
7,392,392,0.986
7,393,393,1.0
7,394,394,0.972
7,395,395,1.0
7,396,396,0.987
7,397,397,0.984
7,398,398,0.972
7,399,399,1.0
7,400,400,0.972
7,401,401,0.987
7,402,402,0.985
7,403,403,0.972
7,404,404,1.0
7,405,405,0.973
7,406,406,0.984
7,407,407,0.987
7,408,408,1.0
7,409,409,1.0
7,410,410,0.987
7,411,411,1.0
7,412,412,1.0
7,413,413,0.984
7,414,414,0.971
7,415,415,0.975
7,416,416,0.97
7,417,417,0.971
7,418,418,0.974
7,419,419,0.985
7,420,420,0.973
7,421,421,1.0
7,422,422,1.0
7,423,423,0.986
7,424,424,1.0
7,425,425,0.986
7,426,426,1.0
7,427,427,0.986
7,428,428,1.0
7,429,429,1.0
7,430,430,0.985
7,431,431,1.0
7,432,432,1.0
7,433,433,0.952
7,434,434,0.987
7,435,435,0.972
7,436,436,0.987
7,437,437,0.986
7,438,438,0.986
7,439,439,0.982
7,440,440,0.986
7,441,441,1.0
7,442,442,1.0
7,443,443,1.0
7,444,444,1.0
7,445,445,1.0
7,446,446,0.987
7,447,447,0.986
7,448,448,0.986
7,449,449,1.0
7,450,450,1.0
7,451,451,0.974
7,452,452,0.986
7,453,453,1.0
7,454,454,0.987
7,455,455,0.986
7,456,456,1.0
7,457,457,1.0
7,458,458,0.974
7,459,459,0.986
7,460,460,1.0
7,461,461,1.0
7,462,462,0.986
7,463,463,1.0
7,464,464,1.0
7,465,465,0.986
7,466,466,1.0
7,467,467,0.986
7,468,468,1.0
7,469,469,0.958
7,470,470,0.986
7,471,471,1.0
7,472,472,1.0
7,473,473,0.984
7,474,474,0.985
7,475,475,0.987
7,476,476,1.0
7,477,477,0.986
7,478,478,1.0
7,479,479,1.0
7,480,480,0.986
7,481,481,1.0
7,482,482,0.973
8,1,1,0.986
8,2,2,1.0
8,3,3,1.0
8,4,4,0.973
8,5,5,1.0
8,6,6,0.986
8,7,7,1.0
8,8,8,0.986
8,9,9,0.986
8,10,10,0.986
8,11,11,0.985
8,12,12,1.0
8,13,13,1.0
8,14,14,0.987
8,15,15,1.0
8,16,16,0.974
8,17,17,0.975
8,18,18,0.986
8,19,19,1.0
8,20,20,0.986
8,21,21,0.971
8,22,22,0.96
8,23,23,0.986
8,24,24,0.984
8,25,25,1.0
8,26,26,0.986
8,27,27,0.962
8,28,28,0.972
8,29,29,1.0
8,30,30,1.0
8,31,31,1.0
8,32,32,1.0
8,33,33,0.971
8,34,34,1.0
8,35,35,0.974
8,36,36,0.972
8,37,37,1.0
8,38,38,0.987
8,39,39,1.0
8,40,40,1.0
8,41,41,0.973
8,42,42,1.0
8,43,43,0.975
8,44,44,0.986
8,45,45,0.972
8,46,46,1.0
8,47,47,0.985
8,48,48,1.0
8,49,49,0.986
8,50,50,0.985
8,51,51,0.986
8,52,52,1.0
8,53,53,0.987
8,54,54,0.986
8,55,55,0.972
8,56,56,1.0
8,57,57,1.0
8,58,58,0.97
8,59,59,0.972
8,60,60,0.971
8,61,61,0.962
8,62,62,1.0
8,63,63,0.972
8,64,64,0.972
8,65,65,0.986
8,66,66,1.0
8,67,67,0.974
8,68,68,0.986
8,69,69,1.0
8,70,70,0.986
8,71,71,0.986
8,72,72,0.987
8,73,73,1.0
8,74,74,1.0
8,75,75,0.971
8,76,76,1.0
8,77,77,1.0
8,78,78,0.961
8,79,79,0.986
8,80,80,1.0
8,81,81,0.986
8,82,82,1.0
8,83,83,1.0
8,84,84,1.0
8,85,85,0.973
8,86,86,0.987
8,87,87,0.985
8,88,88,0.986
8,89,89,0.986
8,90,90,0.987
8,91,91,0.985
8,92,92,0.985
8,93,93,0.985
8,94,94,1.0
8,95,95,1.0
8,96,96,0.987
8,97,97,0.974
8,98,98,1.0
8,99,99,0.987
8,100,100,0.985
8,101,101,1.0
8,102,102,1.0
8,103,103,1.0
8,104,104,1.0
8,105,105,0.969
8,106,106,1.0
8,107,107,0.988
8,108,108,0.971
8,109,109,1.0
8,110,110,0.987
8,111,111,1.0
8,112,112,0.973
8,113,113,0.988
8,114,114,1.0
8,115,115,0.986
8,116,116,0.971
8,117,117,0.974
8,118,118,0.986
8,119,119,0.974
8,120,120,1.0
8,121,121,0.985
8,122,122,0.984
8,123,123,0.985
8,124,124,0.986
8,125,125,0.987
8,126,126,0.963
8,127,127,1.0
8,128,128,0.987
8,129,129,1.0
8,130,130,1.0
8,131,131,1.0
8,132,132,0.985
8,133,133,0.974
8,134,134,0.985
8,135,135,1.0
8,136,136,0.971
8,137,137,0.986
8,138,138,0.971
8,139,139,0.974
8,140,140,0.986
8,141,141,1.0
8,142,142,0.986
8,143,143,1.0
8,144,144,0.986
8,145,145,0.972
8,146,146,1.0
8,147,147,0.987
8,148,148,0.986
8,149,149,0.986
8,150,150,0.986
8,151,151,0.974
8,152,152,1.0
8,153,153,0.987
8,154,154,0.985
8,155,155,1.0
8,156,156,1.0
8,157,157,1.0
8,158,158,0.985
8,159,159,1.0
8,160,160,0.987
8,161,161,1.0
8,162,162,1.0
8,163,163,0.973
8,164,164,1.0
8,165,165,1.0
8,166,166,1.0
8,167,167,1.0
8,168,168,1.0
8,169,169,1.0
8,170,170,0.96
8,171,171,1.0
8,172,172,1.0
8,173,173,1.0
8,174,174,1.0
8,175,175,0.987
8,176,176,1.0
8,177,177,1.0
8,178,178,0.973
8,179,179,1.0
8,180,180,0.986
8,181,181,1.0
8,182,182,1.0
8,183,183,1.0
8,184,184,1.0
8,185,185,1.0
8,186,186,1.0
8,187,187,1.0
8,188,188,1.0
8,189,189,0.986
8,190,190,1.0
8,191,191,0.987
8,192,192,1.0
8,193,193,1.0
8,194,194,0.985
8,195,195,1.0
8,196,196,1.0
8,197,197,1.0
8,198,198,0.986
8,199,199,0.987
8,200,200,1.0
8,201,201,0.987
8,202,202,1.0
8,203,203,0.987
8,204,204,1.0
8,205,205,0.987
8,206,206,1.0
8,207,207,0.972
8,208,208,0.987
8,209,209,1.0
8,210,210,0.986
8,211,211,1.0
8,212,212,1.0
8,213,213,0.986
8,214,214,1.0
8,215,215,1.0
8,216,216,1.0
8,217,217,0.985
8,218,218,0.986
8,219,219,1.0
8,220,220,0.986
8,221,221,1.0
8,222,222,0.971
8,223,223,0.986
8,224,224,0.985
8,225,225,0.954
8,226,226,1.0
8,227,227,1.0
8,228,228,0.985
8,229,229,1.0
8,230,230,0.985
8,231,231,1.0
8,232,232,1.0
8,233,233,0.986
8,234,234,0.96
8,235,235,1.0
8,236,236,0.986
8,237,237,0.985
8,238,238,1.0
8,239,239,1.0
8,240,240,0.968
8,241,241,1.0
8,242,242,1.0
8,243,243,1.0
8,244,244,0.985
8,245,245,1.0
8,246,246,0.986
8,247,247,0.986
8,248,248,0.987
8,249,249,1.0
8,250,250,1.0
8,251,251,0.946
8,252,252,1.0
8,253,253,0.987
8,254,254,1.0
8,255,255,0.987
8,256,256,1.0
8,257,257,0.988
8,258,258,1.0
8,259,259,1.0
8,260,260,0.957
8,261,261,0.986
8,262,262,0.973
8,263,263,0.971
8,264,264,1.0
8,265,265,0.973
8,266,266,0.988
8,267,267,0.955
8,268,268,0.973
8,269,269,0.985
8,270,270,1.0
8,271,271,1.0
8,272,272,0.986
8,273,273,1.0
8,274,274,0.987
8,275,275,1.0
8,276,276,1.0
8,277,277,1.0
8,278,278,1.0
8,279,279,1.0
8,280,280,0.986
8,281,281,1.0
8,282,282,0.986
8,283,283,0.986
8,284,284,1.0
8,285,285,0.985
8,286,286,0.986
8,287,287,0.985
8,288,288,1.0
8,289,289,0.985
8,290,290,0.985
8,291,291,0.986
8,292,292,0.988
8,293,293,1.0
8,294,294,1.0
8,295,295,0.973
8,296,296,1.0
8,297,297,1.0
8,298,298,0.955
8,299,299,0.986
8,300,300,1.0
8,301,301,1.0
8,302,302,0.96
8,303,303,0.969
8,304,304,0.985
8,305,305,1.0
8,306,306,0.971
8,307,307,0.97
8,308,308,0.984
8,309,309,0.986
8,310,310,1.0
8,311,311,0.974
8,312,312,0.986
8,313,313,1.0
8,314,314,0.984
8,315,315,0.985
8,316,316,0.986
8,317,317,0.987
8,318,318,0.987
8,319,319,0.959
8,320,320,0.986
8,321,321,1.0
8,322,322,0.958
8,323,323,1.0
8,324,324,0.972
8,325,325,0.954
8,326,326,1.0
8,327,327,0.985
8,328,328,1.0
8,329,329,1.0
8,330,330,0.986
8,331,331,1.0
8,332,332,0.986
8,333,333,1.0
8,334,334,1.0
8,335,335,0.986
8,336,336,0.985
8,337,337,0.986
8,338,338,0.986
8,339,339,1.0
8,340,340,1.0
8,341,341,1.0
8,342,342,1.0
8,343,343,1.0
8,344,344,1.0
8,345,345,1.0
8,346,346,1.0
8,347,347,0.987
8,348,348,0.987
8,349,349,0.986
8,350,350,0.985
8,351,351,0.986
8,352,352,1.0
8,353,353,0.987
8,354,354,1.0
8,355,355,0.987
8,356,356,1.0
8,357,357,0.986
8,358,358,0.985
8,359,359,0.986
8,360,360,1.0
8,361,361,1.0
8,362,362,1.0
8,363,363,0.986
8,364,364,1.0
8,365,365,0.986
8,366,366,0.986
8,367,367,1.0
8,368,368,1.0
8,369,369,1.0
8,370,370,0.974
8,371,371,0.986
8,372,372,1.0
8,373,373,0.986
8,374,374,0.972
8,375,375,0.986
8,376,376,1.0
8,377,377,1.0
8,378,378,1.0
8,379,379,0.985
8,380,380,1.0
8,381,381,0.97
8,382,382,1.0
8,383,383,1.0
8,384,384,1.0
8,385,385,0.986
8,386,386,0.986
8,387,387,0.984
8,388,388,1.0
8,389,389,0.972
8,390,390,1.0
8,391,391,1.0
8,392,392,0.97
8,393,393,1.0
8,394,394,1.0
8,395,395,0.986
8,396,396,0.986
8,397,397,0.973
8,398,398,0.985
8,399,399,0.973
8,400,400,0.986
8,401,401,1.0
8,402,402,0.986
8,403,403,0.971
8,404,404,1.0
8,405,405,0.986
8,406,406,0.985
8,407,407,0.986
8,408,408,1.0
8,409,409,0.986
8,410,410,0.984
8,411,411,1.0
8,412,412,0.986
8,413,413,1.0
8,414,414,1.0
8,415,415,1.0
8,416,416,0.986
8,417,417,0.974
8,418,418,1.0
8,419,419,0.986
8,420,420,0.985
8,421,421,0.986
8,422,422,1.0
8,423,423,0.985
8,424,424,1.0
8,425,425,0.97
8,426,426,1.0
8,427,427,0.986
8,428,428,1.0
8,429,429,1.0
8,430,430,1.0
8,431,431,1.0
8,432,432,1.0
8,433,433,0.986
8,434,434,0.987
8,435,435,0.986
8,436,436,1.0
8,437,437,0.986
8,438,438,1.0
8,439,439,0.985
8,440,440,1.0
8,441,441,0.987
8,442,442,1.0
8,443,443,0.974
8,444,444,0.984
8,445,445,0.986
8,446,446,1.0
8,447,447,0.985
8,448,448,1.0
8,449,449,1.0
8,450,450,1.0
8,451,451,0.986
8,452,452,1.0
8,453,453,1.0
8,454,454,1.0
8,455,455,0.986
8,456,456,0.987
8,457,457,0.97
8,458,458,0.986
8,459,459,1.0
8,460,460,1.0
8,461,461,0.986
8,462,462,1.0
8,463,463,1.0
8,464,464,0.971
8,465,465,1.0
8,466,466,0.974
8,467,467,0.972
8,468,468,1.0
8,469,469,0.988
8,470,470,1.0
8,471,471,0.984
8,472,472,0.986
8,473,473,1.0
8,474,474,1.0
8,475,475,0.986
8,476,476,1.0
8,477,477,0.986
8,478,478,0.971
8,479,479,0.986
8,480,480,0.984
8,481,481,0.976
8,482,482,0.97
8,483,483,1.0
8,484,484,0.986
8,485,485,0.969
8,486,486,1.0
8,487,487,0.987
8,488,488,1.0
8,489,489,0.986
8,490,490,1.0
8,491,491,1.0
8,492,492,0.986
8,493,493,0.972
8,494,494,0.987
8,495,495,1.0
8,496,496,0.985
8,497,497,0.987
8,498,498,0.986
8,499,499,1.0
8,500,500,1.0
8,501,501,1.0
8,502,502,0.986
8,503,503,0.988
8,504,504,0.974
8,505,505,0.984
8,506,506,1.0
8,507,507,0.986
8,508,508,0.985
8,509,509,0.986
8,510,510,1.0
8,511,511,0.986
8,512,512,1.0
8,513,513,0.986
8,514,514,1.0
8,515,515,1.0
8,516,516,0.987
8,517,517,0.986
8,518,518,1.0
8,519,519,1.0
8,520,520,1.0
8,521,521,1.0
8,522,522,1.0
8,523,523,0.984
8,524,524,0.985
8,525,525,0.973
8,526,526,0.987
8,527,527,1.0
8,528,528,1.0
8,529,529,0.986
8,530,530,0.985
8,531,531,1.0
8,532,532,0.987
8,533,533,1.0
8,534,534,1.0
8,535,535,0.986
8,536,536,0.985
8,537,537,0.974
8,538,538,1.0
8,539,539,1.0
8,540,540,0.969
8,541,541,1.0
8,542,542,0.985
8,543,543,0.986
8,544,544,0.974
8,545,545,0.984
8,546,546,1.0
8,547,547,0.986
8,548,549,0.987
8,549,553,1.0
8,550,554,1.0
8,551,555,0.973
8,552,556,0.974
8,553,557,0.986
8,554,558,0.976
8,555,559,1.0
8,556,560,1.0
8,557,561,1.0
8,558,562,0.971
8,559,563,1.0
8,560,564,1.0
8,561,565,0.986
9,1,1,1.0
9,2,2,1.0
9,3,3,0.986
9,4,4,0.986
9,5,5,1.0
9,6,6,0.986
9,7,7,1.0
9,8,8,1.0
9,9,9,0.986
9,10,10,1.0
9,11,11,1.0
9,12,12,1.0
9,13,13,0.971
9,14,14,1.0
9,15,15,0.987
9,16,16,0.986
9,17,17,1.0
9,18,18,1.0
9,19,19,1.0
9,20,20,0.985
9,21,21,1.0
9,22,22,1.0
9,23,23,1.0
9,24,24,1.0
9,25,25,0.987
9,26,26,0.971
9,27,27,1.0
9,28,28,1.0
9,29,29,0.972
9,30,30,0.984
9,31,31,1.0
9,32,32,1.0
9,33,33,1.0
9,34,34,1.0
9,35,35,1.0
9,36,36,0.984
9,37,37,1.0
9,38,38,1.0
9,39,39,0.987
9,40,40,0.986
9,41,41,0.988
9,42,42,1.0
9,43,43,1.0
9,44,44,0.986
9,45,45,0.986
9,46,46,1.0
9,47,47,1.0
9,48,48,0.974
9,49,49,1.0
9,50,50,0.972
9,51,51,1.0
9,52,52,0.987
9,53,53,1.0
9,54,54,1.0
9,55,55,1.0
9,56,56,1.0
9,57,57,1.0
9,58,58,1.0
9,59,59,1.0
9,60,60,0.974
9,61,61,1.0
9,62,62,0.985
9,63,63,1.0
9,64,64,1.0
9,65,65,0.986
9,66,66,0.987
9,67,67,1.0
9,68,68,0.987
9,69,69,1.0
9,70,70,1.0
9,71,71,1.0
9,72,72,0.986
9,73,73,0.972
9,74,74,0.987
9,75,75,1.0
9,76,76,1.0
9,77,77,1.0
9,78,78,0.971
9,79,79,0.974
9,80,80,1.0
9,81,81,1.0
9,82,82,0.971
9,83,83,1.0
9,84,84,0.985
9,85,85,0.986
9,86,86,0.987
9,87,87,1.0
9,88,88,1.0
9,89,89,1.0
9,90,90,1.0
9,91,91,0.963
9,92,92,1.0
9,93,93,1.0
9,94,94,1.0
9,95,95,1.0
9,96,96,1.0
9,97,97,0.986
9,98,98,1.0
9,99,99,0.987
9,100,100,0.986
9,101,101,0.986
9,102,102,0.986
9,103,103,1.0
9,104,104,1.0
9,105,105,0.984
9,106,106,1.0
9,107,107,1.0
9,108,108,0.986
9,109,109,0.986
9,110,110,1.0
9,111,111,0.987
9,112,112,0.987
9,113,113,0.987
9,114,114,0.987
9,115,115,1.0
9,116,116,0.986
9,117,117,1.0
9,118,118,1.0
9,119,119,0.986
9,120,120,0.972
9,121,121,0.971
9,122,122,0.987
9,123,123,0.986
9,124,124,1.0
9,125,125,1.0
9,126,126,1.0
9,127,127,1.0
9,128,128,0.986
9,129,129,1.0
9,130,130,1.0
9,131,131,0.973
9,132,132,1.0
9,133,133,1.0
9,134,134,1.0
9,135,135,1.0
9,136,136,0.985
9,137,137,1.0
9,138,138,0.985
9,139,139,1.0
9,140,140,0.986
9,141,141,0.987
9,142,142,1.0
9,143,143,1.0
9,144,144,1.0
9,145,145,1.0
9,146,146,0.985
9,147,147,0.985
9,148,148,0.971
9,149,149,1.0
9,150,150,1.0
9,151,151,0.985
9,152,152,0.986
9,153,153,0.986
9,154,154,0.986
9,155,155,1.0
9,156,156,1.0
9,157,157,1.0
9,158,158,0.986
9,159,159,1.0
9,160,160,1.0
9,161,161,0.987
9,162,162,0.974
9,163,163,1.0
9,164,164,0.986
9,165,165,0.986
9,166,166,0.984
9,167,167,0.986
9,168,168,1.0
9,169,169,0.986
9,170,170,0.973
9,171,171,1.0
9,172,172,0.969
9,173,173,1.0
9,174,174,1.0
9,175,175,1.0
9,176,176,0.986
9,177,177,0.974
9,178,178,0.986
9,179,179,0.987
9,180,180,1.0
9,181,181,1.0
9,182,182,1.0
9,183,183,0.985
9,184,184,1.0
9,185,185,0.987
9,186,186,0.987
9,187,187,0.985
9,188,188,0.986
9,189,189,0.986
9,190,190,1.0
9,191,191,1.0
9,192,192,1.0
9,193,193,0.976
9,194,194,1.0
9,195,195,0.986
9,196,196,1.0
9,197,197,1.0
9,198,198,1.0
9,199,199,1.0
9,200,200,0.987
9,201,201,1.0
9,202,202,1.0
9,203,203,0.986
9,204,204,1.0
9,205,205,0.986
9,206,206,1.0
9,207,207,0.971
9,208,208,1.0
9,209,209,0.974
9,210,210,0.987
9,211,211,1.0
9,212,212,1.0
9,213,213,1.0
9,214,214,0.986
9,215,215,0.986
9,216,216,1.0
9,217,217,1.0
9,218,218,0.984
9,219,219,1.0
9,220,220,0.987
9,221,221,0.963
9,222,222,1.0
9,223,223,0.986
9,224,224,0.972
9,225,225,0.986
9,226,226,1.0
9,227,227,1.0
9,228,228,0.974
9,229,229,1.0
9,230,230,1.0
9,231,231,1.0
9,232,232,1.0
9,233,233,0.986
9,234,234,0.987
9,235,235,0.973
9,236,236,1.0
9,237,237,1.0
9,238,238,1.0
9,239,239,1.0
9,240,240,1.0
9,241,241,1.0
9,242,242,0.987
9,243,243,1.0
9,244,244,0.987
9,245,245,1.0
9,246,246,1.0
9,247,247,0.986
9,248,248,1.0
9,249,249,0.987
9,250,250,0.987
9,251,251,1.0
9,252,252,1.0
9,253,253,0.985
9,254,254,1.0
9,255,255,0.972
9,256,256,1.0
9,257,257,0.987
9,258,258,0.984
9,259,259,0.974
9,260,260,0.971
9,261,261,1.0
9,262,262,1.0
9,263,263,0.987
9,264,264,0.987
9,265,265,0.986
9,266,266,1.0
9,267,267,1.0
9,268,268,1.0
9,269,269,0.987
9,270,270,0.986
9,271,271,1.0
9,272,272,0.986
9,273,273,0.974
9,274,274,1.0
9,275,275,1.0
9,276,276,0.986
9,277,277,1.0
9,278,278,0.985
9,279,279,1.0
9,280,280,0.985
9,281,281,1.0
9,282,282,0.986
9,283,283,0.987
9,284,284,1.0
9,285,285,1.0
9,286,286,1.0
9,287,287,1.0
9,288,288,0.986
9,289,289,0.971
9,290,290,0.971
9,291,291,1.0
9,292,292,1.0
9,293,293,0.985
9,294,294,0.986
9,295,295,0.986
9,296,296,0.986
9,297,297,1.0
9,298,298,1.0
9,299,299,1.0
9,300,300,1.0
9,301,301,0.987
9,302,302,1.0
9,303,303,0.985
9,304,304,0.976
9,305,305,1.0
9,306,306,1.0
9,307,307,0.988
9,308,308,0.985
9,309,309,1.0
9,310,310,1.0
9,311,311,1.0
9,312,312,1.0
9,313,313,0.986
9,314,314,1.0
9,315,315,0.973
9,316,316,0.987
9,317,317,0.987
9,318,318,1.0
9,319,319,1.0
9,320,320,0.973
9,321,321,1.0
9,322,322,1.0
9,323,323,0.985
9,324,324,0.974
9,325,325,1.0
9,326,326,0.986
9,327,327,1.0
9,328,328,0.986
9,329,329,0.986
9,330,330,1.0
9,331,331,1.0
9,332,332,0.986
9,333,333,0.987
9,334,334,0.986
9,335,335,0.988
9,336,336,0.971
9,337,337,1.0
9,338,338,0.986
9,339,339,0.984
9,340,340,0.986
9,341,341,1.0
9,342,342,1.0
9,343,343,1.0
9,344,344,0.974
9,345,345,1.0
9,346,346,0.987
9,347,347,1.0
9,348,348,1.0
9,349,349,0.987
9,350,350,1.0
9,351,351,0.975
9,352,352,0.972
9,353,353,1.0
9,354,354,0.986
9,355,355,0.987
9,356,356,0.986
9,357,357,1.0
9,358,358,1.0
9,359,359,0.986
9,360,360,0.973
9,361,361,0.986
9,362,362,1.0
9,363,363,1.0
9,364,364,1.0
9,365,365,0.986
9,366,366,1.0
9,367,367,0.987
9,368,368,1.0
9,369,369,0.986
9,370,370,1.0
9,371,371,1.0
9,372,372,0.986
9,373,373,1.0
9,374,374,1.0
9,375,375,0.96
9,376,376,0.986
9,377,377,1.0
9,378,378,1.0
9,379,379,0.987
9,380,380,1.0
9,381,381,0.962
9,382,382,1.0
9,383,383,0.961
9,384,384,1.0
9,385,385,0.986
9,386,386,0.986
9,387,387,0.987
9,388,388,0.985
9,389,389,0.985
9,390,390,0.985
9,391,391,0.985
9,392,392,0.987
9,393,393,0.985
9,394,394,1.0
9,395,395,0.986
9,396,396,1.0
9,397,397,0.971
9,398,398,1.0
9,399,399,1.0
9,400,400,1.0
9,401,401,0.985
9,402,402,1.0
9,403,403,0.986
9,404,404,0.986
9,405,405,1.0
9,406,406,1.0
9,407,407,1.0
9,408,408,1.0
9,409,409,0.987
9,410,410,1.0
9,411,411,1.0
9,412,412,0.986
9,413,413,1.0
9,414,414,0.986
9,415,415,1.0
9,416,416,0.986
9,417,417,0.986
9,418,418,0.986
9,419,419,1.0
9,420,420,1.0
9,421,421,0.986
9,422,422,1.0
9,423,423,0.986
9,424,424,1.0
9,425,425,0.987
9,426,426,1.0
9,427,427,0.973
9,428,428,0.986
9,429,429,0.985
9,430,430,0.972
9,431,431,1.0
9,432,432,1.0
9,433,433,0.986
9,434,434,0.987
9,435,435,1.0
9,436,436,1.0
9,437,437,0.987
9,438,438,0.986
9,439,439,0.985
9,440,440,0.984
9,441,441,0.975
9,442,442,1.0
9,443,443,0.985
9,444,444,0.987
9,445,445,0.972
9,446,446,1.0
9,447,447,1.0
9,448,448,1.0
9,449,449,1.0
9,450,450,0.986
9,451,451,0.971
9,452,452,0.986
9,453,453,0.975
9,454,454,0.974
9,455,455,1.0
9,456,456,0.986
9,457,457,1.0
9,458,462,0.974
9,459,463,1.0
9,460,464,1.0
9,461,465,1.0
9,462,466,1.0
9,463,467,1.0
9,464,468,1.0
9,465,469,0.987
9,466,470,0.986
9,467,471,0.987
9,468,472,0.986
9,469,473,0.986
9,470,474,0.986
9,471,475,0.987
9,472,476,1.0
9,473,477,0.987
9,474,478,0.974
9,475,479,0.986
9,476,480,0.985
9,477,481,0.971
9,478,482,1.0
9,479,483,0.986
9,480,484,0.986
9,481,485,0.987
9,482,486,0.986
9,483,487,0.96
9,484,488,0.963
9,485,489,0.986
9,486,490,1.0
9,487,491,1.0
9,488,492,1.0
9,489,493,1.0
9,490,494,0.987
9,491,495,0.986
9,492,496,0.987
9,493,497,1.0
9,494,498,1.0
9,495,499,1.0
9,496,500,0.985
9,497,501,1.0
9,498,502,1.0
9,499,503,0.985
9,500,504,0.986
9,501,505,0.986
9,502,506,0.987
9,503,507,0.973
9,504,508,0.986
9,505,509,0.971
9,506,510,0.985
9,507,511,0.986
9,508,512,0.985
9,509,513,0.987
9,510,514,0.986
9,511,515,0.972
9,512,516,0.986
9,513,517,1.0
9,514,518,1.0
9,515,519,0.964
9,516,520,1.0
9,517,521,1.0
9,518,522,1.0
9,519,523,0.987
9,520,524,1.0
9,521,525,0.985
9,522,526,0.986
9,523,527,1.0
9,524,528,0.984
9,525,529,0.987
9,526,530,1.0
9,527,531,1.0
9,528,532,1.0
9,529,533,1.0
9,530,534,1.0
9,531,535,0.973
9,532,536,0.984
9,533,537,0.985
9,534,538,1.0
9,535,539,1.0
9,536,540,0.985
9,537,541,0.988
9,538,542,1.0
9,539,543,0.985
9,540,544,1.0
9,541,545,1.0
9,542,546,0.987
9,543,547,0.971
9,544,548,1.0
9,545,549,1.0
9,546,550,1.0
9,547,551,1.0
9,548,552,1.0
9,549,553,0.987
9,550,554,1.0
9,551,555,1.0
9,552,556,1.0
9,553,557,1.0
9,554,558,0.974
9,555,559,1.0
9,556,560,1.0
9,557,561,0.987
9,558,562,0.974
9,559,563,1.0
9,560,564,1.0
9,561,565,1.0
9,562,566,1.0
9,563,567,0.97
9,564,568,1.0
9,565,569,0.987
9,566,570,1.0
9,567,571,0.987
9,568,572,1.0
9,569,573,0.987
9,570,574,1.0
9,571,575,1.0
9,572,576,1.0
9,573,577,1.0
9,574,578,1.0
9,575,579,1.0
9,576,580,1.0
9,577,581,1.0
9,578,582,1.0
9,579,583,1.0
9,580,584,1.0
9,581,585,0.975
9,582,586,1.0
9,583,587,0.972
9,584,588,0.965
9,585,589,1.0
9,586,590,1.0
9,587,591,0.986
9,588,592,0.97
9,589,593,1.0
9,590,594,0.987
9,591,595,0.985
9,592,596,0.959
9,593,597,1.0
9,594,598,0.984
9,595,599,0.987
9,596,600,1.0
9,597,601,1.0
9,598,602,0.986
9,599,603,1.0
9,600,604,0.986
9,601,605,0.986
9,602,606,0.988
9,603,607,1.0
9,604,608,1.0
9,605,609,0.971
9,606,610,0.986
9,607,611,0.986
9,608,612,1.0
9,609,613,1.0
9,610,614,1.0
9,611,615,0.986
9,612,616,1.0
9,613,617,0.973
9,614,618,0.984
9,615,619,0.947
9,616,620,0.97
9,617,621,1.0
9,618,622,0.973
9,619,623,1.0
9,620,624,0.985
9,621,625,1.0
9,622,626,0.987
9,623,627,1.0
9,624,628,1.0
9,625,629,1.0
9,626,630,1.0
9,627,631,1.0
9,628,632,1.0
9,629,633,1.0
9,630,634,0.973
9,631,635,0.986
9,632,636,0.986
9,633,637,1.0
9,634,638,0.987
9,635,639,0.972
9,636,640,1.0
9,637,641,1.0
9,638,642,0.987
9,639,643,0.988
9,640,644,1.0
9,641,645,1.0
9,642,646,1.0
9,643,647,0.987
9,644,648,0.985
9,645,649,0.986
9,646,650,1.0
9,647,651,0.986
9,648,652,1.0
9,649,653,0.986
9,650,654,1.0
9,651,655,1.0
9,652,656,0.987
9,653,657,0.988
9,654,658,0.986
9,655,659,1.0
9,656,660,0.987
9,657,661,1.0
9,658,662,0.986
9,659,663,1.0
9,660,664,0.986
9,661,665,1.0
9,662,666,0.974
9,663,667,1.0
9,664,668,1.0
9,665,669,0.986
9,666,670,1.0
9,667,671,0.975
9,668,672,0.986
9,669,673,0.96
9,670,674,0.985
9,671,675,0.972
9,672,676,0.987
9,673,677,1.0
9,674,678,0.976
9,675,679,0.987
9,676,680,1.0
9,677,681,1.0
9,678,682,0.969
9,679,683,0.986
9,680,684,0.986
9,681,685,0.986
9,682,686,1.0
9,683,687,1.0
9,684,688,0.974
9,685,689,1.0
9,686,690,0.974
9,687,691,0.985
9,688,692,0.986
9,689,693,0.972
9,690,694,1.0
9,691,695,0.984
9,692,696,1.0
9,693,697,1.0
9,694,698,1.0
9,695,699,0.986
9,696,700,1.0
9,697,701,0.985
9,698,702,0.987
9,699,703,1.0
9,700,704,0.971
9,701,705,1.0
9,702,706,1.0
9,703,707,1.0
9,704,708,1.0
9,705,709,0.986
9,706,710,0.971
9,707,711,1.0
9,708,712,1.0
9,709,713,1.0
10,1,1,1.0
10,2,2,1.0
10,3,3,0.986
10,4,4,1.0
10,5,5,0.97
10,6,6,1.0
10,7,7,1.0
10,8,8,1.0
10,9,9,0.974
10,10,10,1.0
10,11,11,0.984
10,12,12,1.0
10,13,13,0.972
10,14,14,0.985
10,15,15,1.0
10,16,16,0.972
10,17,17,1.0
10,18,18,0.986
10,19,19,1.0
10,20,20,1.0
10,21,21,0.985
10,22,22,0.986
10,23,23,0.987
10,24,24,0.986
10,25,25,0.986
10,26,26,1.0
10,27,27,0.986
10,28,28,1.0
10,29,29,1.0
10,30,30,1.0
10,31,31,0.986
10,32,32,0.987
10,33,33,0.983
10,34,34,0.958
10,35,35,0.971
10,36,36,1.0
10,37,37,0.971
10,38,38,0.987
10,39,39,1.0
10,40,40,1.0
10,41,41,0.988
10,42,42,0.987
10,43,43,1.0
10,44,44,1.0
10,45,45,1.0
10,46,46,0.987
10,47,47,0.985
10,48,48,0.961
10,49,49,0.985
10,50,50,1.0
10,51,51,0.971
10,52,52,0.987
10,53,53,0.986
10,54,54,0.986
10,55,55,0.986
10,56,56,0.986
10,57,57,1.0
10,58,58,1.0
10,59,59,1.0
10,60,60,0.972
10,61,61,1.0
10,62,62,1.0
10,63,63,0.985
10,64,64,0.987
10,65,65,1.0
10,66,66,1.0
10,67,67,0.986
10,68,68,1.0
10,69,69,1.0
10,70,70,1.0
10,71,71,1.0
10,72,72,1.0
10,73,73,0.986
10,74,74,0.986
10,75,75,0.972
10,76,76,1.0
10,77,77,0.986
10,78,78,0.973
10,79,79,1.0
10,80,80,0.959
10,81,81,1.0
10,82,82,0.987
10,83,83,0.974
10,84,84,0.969
10,85,85,0.961
10,86,86,0.973
10,87,87,1.0
10,88,88,1.0
10,89,89,0.986
10,90,90,0.986
10,91,91,0.975
10,92,92,0.986
10,93,93,1.0
10,94,94,0.986
10,95,95,0.987
10,96,96,0.974
10,97,97,0.987
10,98,98,1.0
10,99,99,1.0
10,100,100,0.987
10,101,101,1.0
10,102,102,0.974
10,103,103,1.0
10,104,104,1.0
10,105,105,1.0
10,106,106,1.0
10,107,107,1.0
10,108,108,0.964
10,109,109,0.984
10,110,110,0.985
10,111,111,0.987
10,112,112,0.985
10,113,113,0.986
10,114,114,1.0
10,115,115,0.986
10,116,116,0.985
10,117,117,1.0
10,118,118,0.987
10,119,119,0.987
10,120,120,1.0
10,121,121,1.0
10,122,122,0.967
10,123,123,0.975
10,124,124,0.975
10,125,125,1.0
10,126,126,0.986
10,127,127,0.988
10,128,128,0.974
10,129,129,0.986
10,130,130,0.985
10,131,131,1.0
10,132,132,0.986
10,133,133,0.987
10,134,134,0.985
10,135,135,0.987
10,136,136,0.986
10,137,137,0.986
10,138,138,1.0
10,139,139,0.973
10,140,140,0.986
10,141,141,0.986
10,142,142,0.986
10,143,143,0.974
10,144,144,0.985
10,145,145,1.0
10,146,146,0.961
10,147,147,1.0
10,148,148,0.987
10,149,149,0.975
10,150,150,0.986
10,151,151,0.987
10,152,152,0.987
10,153,153,0.986
10,154,154,0.973
10,155,155,0.97
10,156,156,1.0
10,157,157,1.0
10,158,158,0.986
10,159,159,1.0
10,160,160,1.0
10,161,161,0.986
10,162,162,0.972
10,163,163,1.0
10,164,164,1.0
10,165,165,1.0
10,166,166,1.0
10,167,167,0.987
10,168,168,0.987
10,169,169,1.0
10,170,170,1.0
10,171,171,1.0
10,172,172,1.0
10,173,173,1.0
10,174,174,1.0
10,175,175,0.985
10,176,176,0.987
10,177,177,0.96
10,178,178,0.986
10,179,179,0.972
10,180,180,0.987
10,181,181,1.0
10,182,182,0.986
10,183,183,1.0
10,184,184,0.987
10,185,185,0.96
10,186,186,1.0
10,187,187,1.0
10,188,188,1.0
10,189,189,0.971
10,190,190,0.986
10,191,191,1.0
10,192,192,0.987
10,193,193,1.0
10,194,194,0.971
10,195,195,1.0
10,196,196,0.987
10,197,197,1.0
10,198,198,0.986
10,199,199,1.0
10,200,200,0.987
10,201,201,1.0
10,202,202,0.986
10,203,203,1.0
10,204,204,0.986
10,205,205,1.0
10,206,206,1.0
10,207,207,1.0
10,208,208,1.0
10,209,209,1.0
10,210,210,0.986
10,211,211,1.0
10,212,212,1.0
10,213,213,0.987
10,214,214,1.0
10,215,215,1.0
10,216,216,1.0
10,217,217,0.986
10,218,218,0.972
10,219,219,1.0
10,220,220,0.986
10,221,221,1.0
10,222,222,0.973
10,223,223,1.0
10,224,224,0.986
10,225,225,0.985
10,226,226,1.0
10,227,227,0.973
10,228,228,1.0
10,229,229,0.986
10,230,230,0.986
10,231,231,0.986
10,232,232,1.0
10,233,233,1.0
10,234,234,1.0
10,235,235,0.971
10,236,236,1.0
10,237,237,0.986
10,238,238,0.987
10,239,239,0.986
10,240,240,0.984
10,241,241,0.986
10,242,242,0.986
10,243,243,0.986
10,244,244,1.0
10,245,245,1.0
10,246,246,0.987
10,247,247,1.0
10,248,248,0.987
10,249,249,0.971
10,250,250,0.987
10,251,251,0.971
10,252,252,1.0
10,253,253,0.987
10,254,254,0.986
10,255,255,1.0
10,256,256,0.986
10,257,257,1.0
10,258,258,1.0
10,259,259,1.0
10,260,260,0.986
10,261,261,1.0
10,262,262,0.986
10,263,263,1.0
10,264,264,1.0
10,265,265,0.986
10,266,266,0.986
10,267,267,0.987
10,268,268,0.986
10,269,269,1.0
10,270,270,1.0
10,271,271,0.986
10,272,272,0.986
10,273,273,0.976
10,274,274,1.0
10,275,275,0.986
10,276,276,0.986
10,277,277,0.97
10,278,278,1.0
10,279,279,1.0
10,280,280,1.0
10,281,281,1.0
10,282,282,1.0
10,283,283,0.986
10,284,284,1.0
10,285,285,0.985
10,286,286,1.0
10,287,287,0.961
10,288,288,1.0
10,289,289,0.986
10,290,290,1.0
10,291,291,1.0
10,292,292,0.985
10,293,293,1.0
10,294,294,1.0
10,295,295,0.986
10,296,296,0.985
10,297,297,0.987
10,298,298,0.986
10,299,299,1.0
10,300,300,0.987
10,301,301,1.0
10,302,302,1.0
10,303,303,1.0
10,304,304,1.0
10,305,305,0.986
10,306,306,1.0
10,307,307,0.984
10,308,308,1.0
10,309,309,1.0
10,310,310,0.985
10,311,311,0.986
10,312,312,1.0
10,313,313,0.972
10,314,314,1.0
10,315,315,1.0
10,316,316,1.0
10,317,317,1.0
10,318,318,1.0
10,319,319,0.986
10,320,320,1.0
10,321,321,0.987
10,322,322,1.0
10,323,323,1.0
10,324,324,0.975
10,325,325,0.988
10,326,326,0.986
10,327,327,1.0
10,328,328,0.974
10,329,329,1.0
10,330,330,1.0
10,331,331,1.0
10,332,332,0.974
10,333,333,0.973
10,334,334,0.985
10,335,335,0.973
10,336,336,0.963
10,337,337,1.0
10,338,338,0.961
10,339,339,0.973
10,340,340,1.0
10,341,341,1.0
10,342,342,0.985
10,343,343,1.0
10,344,344,0.986
10,345,345,0.987
10,346,346,0.986
10,347,347,1.0
10,348,348,1.0
10,349,349,1.0
10,350,350,0.973
10,351,351,0.959
10,352,352,1.0
10,353,353,1.0
10,354,354,0.974
10,355,355,1.0
10,356,356,1.0
10,357,357,0.973
10,358,358,0.973
10,359,359,0.986
10,360,360,0.986
10,361,361,0.986
10,362,362,0.971
10,363,363,0.986
10,364,364,1.0
10,365,365,0.973
10,366,366,0.985
10,367,367,1.0
10,368,368,1.0
10,369,369,0.987
10,370,370,0.985
10,371,371,1.0
10,372,372,0.986
10,373,373,0.986
10,374,374,0.967
10,375,375,0.987
10,376,376,0.987
10,377,377,0.985
10,378,378,0.987
10,379,379,1.0
10,380,380,0.974
10,381,381,0.986
10,382,382,0.988
10,383,383,1.0
10,384,384,0.987
10,385,385,1.0
10,386,386,0.974
10,387,387,1.0
10,388,388,0.985
10,389,389,0.985
10,390,390,0.96
10,391,391,0.986
10,392,392,1.0
10,393,393,1.0
10,394,394,0.986
10,395,395,1.0
10,396,396,1.0
10,397,397,0.985
10,398,398,0.986
10,399,399,1.0
10,400,400,0.987
10,401,401,1.0
10,402,402,0.986
10,403,403,0.986
10,404,404,0.984
10,405,405,0.987
10,406,406,1.0
10,407,407,1.0
10,408,408,1.0
10,409,409,1.0
10,410,410,1.0
10,411,411,0.986
10,412,412,0.986
10,413,413,0.986
10,414,414,1.0
10,415,415,1.0
10,416,416,0.987
10,417,417,1.0
10,418,418,1.0
10,419,419,0.986
10,420,420,1.0
10,421,421,1.0
10,422,422,1.0
10,423,423,0.988
10,424,424,1.0
10,425,425,0.985
10,426,426,0.971
10,427,427,0.986
10,428,428,1.0
10,429,429,1.0
10,430,430,0.974
10,431,431,1.0
10,432,432,1.0
10,433,433,1.0
10,434,434,0.987
10,435,435,1.0
10,436,436,1.0
10,437,437,0.987
10,438,438,1.0
10,439,439,1.0
10,440,440,0.986
10,441,441,0.986
10,442,442,0.987
10,443,443,0.985
10,444,444,1.0
10,445,445,0.984
10,446,446,0.975
10,447,447,1.0
10,448,448,1.0
10,449,449,1.0
10,450,450,1.0
10,451,451,1.0
10,452,452,0.987
10,453,453,0.973
10,454,454,1.0
10,455,455,0.987
10,456,456,0.985
10,457,457,0.987
10,458,458,0.987
10,459,459,1.0
10,460,460,0.985
10,461,461,0.987
10,462,462,1.0
10,463,463,0.986
10,464,464,1.0
10,465,465,0.97
10,466,466,0.972
10,467,467,0.987
10,468,468,1.0
10,469,469,0.987
10,470,470,0.986
10,471,471,0.985
10,472,472,0.987
10,473,473,1.0
10,474,474,0.958
10,475,475,1.0
10,476,476,0.988
10,477,477,1.0
10,478,478,1.0
10,479,479,0.987
10,480,480,0.987
10,481,481,0.974
10,482,482,0.986
10,483,483,0.976
10,484,484,0.986
10,485,485,1.0
10,486,486,1.0
10,487,487,1.0
10,488,488,0.987
10,489,489,1.0
10,490,490,0.988
10,491,491,1.0
10,492,492,1.0
10,493,493,0.986
10,494,494,0.985
10,495,495,1.0
10,496,496,1.0
10,497,497,0.985
10,498,498,0.974
10,499,499,0.985
10,500,500,1.0
10,501,501,1.0
10,502,502,0.985
10,503,503,1.0
10,504,504,0.986
10,505,505,0.984
10,506,506,1.0
10,507,507,0.973
10,508,508,1.0
10,509,509,1.0
10,510,510,1.0
10,511,511,1.0
10,512,512,0.984
10,513,513,0.974
10,514,514,0.985
10,515,515,0.972
10,516,516,0.985
10,517,517,1.0
10,518,518,1.0
10,519,519,0.986
10,520,520,0.986
10,521,521,0.986
10,522,522,0.96
10,523,523,1.0
10,524,524,1.0
10,525,525,0.986
10,526,526,0.973
10,527,527,0.987
10,528,528,1.0
10,529,529,0.972
10,530,530,0.973
10,531,531,1.0
10,532,532,1.0
10,533,533,1.0
10,534,534,1.0
10,535,535,0.986
10,536,536,1.0
10,537,537,0.986
10,538,538,0.986
10,539,539,1.0
10,540,540,0.97
10,541,541,0.987
10,542,542,1.0
10,543,543,0.986
10,544,544,0.96
10,545,545,0.987
10,546,546,1.0
10,547,547,1.0
10,548,548,0.986
10,549,549,1.0
10,550,550,0.985
10,551,551,0.971
10,552,552,1.0
10,553,553,0.985
10,554,554,0.988
10,555,555,1.0
10,556,556,0.986
10,557,557,0.986
10,558,558,0.986
10,559,559,0.986
10,560,560,0.988
10,561,561,1.0
10,562,562,1.0
10,563,563,1.0
10,564,564,1.0
10,565,565,0.987
10,566,566,0.986
10,567,567,1.0
10,568,568,0.985
10,569,569,1.0
10,570,570,0.986
10,571,571,0.958
10,572,572,0.985
10,573,573,1.0
10,574,574,1.0
10,575,575,1.0
10,576,576,0.986
10,577,577,0.986
10,578,578,1.0
10,579,579,1.0
11,1,1,0.967
11,2,2,0.974
11,3,3,0.986
11,4,4,1.0
11,5,5,0.971
11,6,6,0.986
11,7,7,0.985
11,8,8,0.954
11,9,9,1.0
11,10,10,0.983
11,11,11,0.973
11,12,12,1.0
11,13,13,0.974
11,14,14,1.0
11,15,15,0.986
11,16,16,0.986
11,17,17,1.0
11,18,18,1.0
11,19,19,1.0
11,20,20,1.0
11,21,21,0.987
11,22,22,1.0
11,23,23,1.0
11,24,24,0.986
11,25,25,1.0
11,26,26,1.0
11,27,27,0.987
11,28,28,1.0
11,29,29,0.972
11,30,30,1.0
11,31,31,1.0
11,32,32,0.976
11,33,33,1.0
11,34,34,1.0
11,35,35,1.0
11,36,36,0.986
11,37,37,1.0
11,38,38,0.972
11,39,39,1.0
11,40,40,1.0
11,41,41,0.975
11,42,42,1.0
11,43,43,0.987
11,44,44,0.986
11,45,45,0.971
11,46,46,1.0
11,47,47,1.0
11,48,48,0.987
11,49,49,1.0
11,50,50,0.968
11,51,51,0.986
11,52,52,0.986
11,53,53,0.987
11,54,54,0.986
11,55,55,1.0
11,56,56,0.971
11,57,57,0.987
11,58,58,0.984
11,59,59,0.987
11,60,60,0.972
11,61,61,0.96
11,62,62,0.986
11,63,63,0.986
11,64,64,1.0
11,65,65,0.974
11,66,66,0.986
11,67,67,0.97
11,68,68,0.987
11,69,69,1.0
11,70,70,0.986
11,71,71,0.97
11,72,72,0.985
11,73,73,0.974
11,74,74,1.0
11,75,75,0.986
11,76,76,1.0
11,77,77,1.0
11,78,78,0.985
11,79,79,0.986
11,80,80,0.987
11,81,81,1.0
11,82,82,1.0
11,83,83,0.987
11,84,84,1.0
11,85,85,0.974
11,86,86,1.0
11,87,87,0.987
11,88,88,1.0
11,89,89,1.0
11,90,90,1.0
11,91,91,0.988
11,92,92,0.974
11,93,93,0.985
11,94,94,0.986
11,95,95,0.985
11,96,96,0.986
11,97,97,0.986
11,98,98,1.0
11,99,99,1.0
11,100,100,1.0
11,101,101,1.0
11,102,102,1.0
11,103,103,1.0
11,104,104,0.988
11,105,105,1.0
11,106,106,0.974
11,107,107,0.986
11,108,108,1.0
11,109,109,0.974
11,110,110,0.986
11,111,111,1.0
11,112,112,0.986
11,113,113,1.0
11,114,114,1.0
11,115,115,0.985
11,116,116,0.987
11,117,117,1.0
11,118,118,0.986
11,119,119,0.973
11,120,120,1.0
11,121,121,0.986
11,122,122,1.0
11,123,123,1.0
11,124,124,1.0
11,125,125,0.985
11,126,126,1.0
11,127,127,0.987
11,128,128,1.0
11,129,129,0.985
11,130,130,0.971
11,131,131,0.985
11,132,132,0.987
11,133,133,1.0
11,134,134,0.987
11,135,135,0.985
11,136,136,1.0
11,137,137,0.974
11,138,138,1.0
11,139,139,0.985
11,140,140,1.0
11,141,141,0.986
11,142,142,1.0
11,143,143,0.985
11,144,144,0.988
11,145,145,0.987
11,146,146,0.986
11,147,147,0.971
11,148,148,0.976
11,149,149,0.959
11,150,150,1.0
11,151,151,0.985
11,152,152,1.0
11,153,153,1.0
11,154,154,0.986
11,155,155,0.985
11,156,156,0.987
11,157,157,1.0
11,158,158,0.971
11,159,159,0.986
11,160,160,0.987
11,161,161,0.986
11,162,162,1.0
11,163,163,0.986
11,164,164,0.974
11,165,165,0.987
11,166,166,0.985
11,167,167,0.986
11,168,168,0.985
11,169,169,1.0
11,170,170,0.986
11,171,171,0.986
11,172,172,0.986
11,173,173,1.0
11,174,174,0.986
11,175,175,0.974
11,176,176,0.988
11,177,177,1.0
11,178,178,0.987
11,179,179,1.0
11,180,180,1.0
11,181,181,0.975
11,182,182,1.0
11,183,183,1.0
11,184,184,0.987
11,185,185,0.985
11,186,186,0.987
11,187,187,0.986
11,188,188,0.988
11,189,189,0.971
11,190,190,1.0
11,191,191,0.985
11,192,192,1.0
11,193,193,1.0
11,194,194,0.984
11,195,195,0.971
11,196,196,0.984
11,197,197,0.986
11,198,198,0.973
11,199,199,0.986
11,200,200,1.0
11,201,201,1.0
11,202,202,0.986
11,203,203,0.988
11,204,204,0.972
11,205,205,1.0
11,206,206,0.985
11,207,207,1.0
11,208,208,1.0
11,209,209,0.984
11,210,210,0.97
11,211,211,0.986
11,212,212,0.987
11,213,213,1.0
11,214,214,0.986
11,215,215,0.986
11,216,216,0.973
11,217,217,0.988
11,218,218,0.987
11,219,219,1.0
11,220,220,1.0
11,221,221,1.0
11,222,222,1.0
11,223,223,0.986
11,224,224,1.0
11,225,225,0.986
11,226,226,0.986
11,227,227,0.972
11,228,228,1.0
11,229,229,0.985
11,230,230,1.0
11,231,231,0.987
11,232,232,0.973
11,233,233,0.987
11,234,234,1.0
11,235,235,0.973
11,236,236,0.986
11,237,237,0.986
11,238,238,1.0
11,239,239,0.971
11,240,240,0.973
11,241,241,1.0
11,242,242,1.0
11,243,243,0.986
11,244,244,0.974
11,245,245,1.0
11,246,246,0.985
11,247,247,0.985
11,248,248,0.986
11,249,249,1.0
11,250,250,1.0
11,251,251,0.986
11,252,252,1.0
11,253,253,1.0
11,254,254,0.972
11,255,255,0.97
11,256,256,0.986
11,257,257,1.0
11,258,258,1.0
11,259,259,0.95
11,260,260,1.0
11,261,261,0.973
11,262,262,0.97
11,263,263,1.0
11,264,264,1.0
11,265,265,0.986
11,266,266,0.986
11,267,267,0.987
11,268,268,0.984
11,269,269,0.971
11,270,270,1.0
11,271,271,1.0
11,272,272,0.984
11,273,273,0.986
11,274,274,1.0
11,275,275,1.0
11,276,276,1.0
11,277,277,1.0
11,278,278,1.0
11,279,279,1.0
11,280,280,0.974
11,281,281,0.986
11,282,282,1.0
11,283,283,1.0
11,284,284,0.971
11,285,285,1.0
11,286,286,1.0
11,287,287,1.0
11,288,288,0.972
11,289,289,0.988
11,290,290,0.986
11,291,291,1.0
11,292,292,0.986
11,293,293,0.984
11,294,294,0.985
11,295,295,1.0
11,296,296,0.986
11,297,297,0.967
11,298,298,1.0
11,299,299,0.986
11,300,300,1.0
11,301,301,1.0
11,302,302,0.987
11,303,303,0.986
11,304,304,0.974
11,305,305,1.0
11,306,306,1.0
11,307,307,0.987
11,308,308,1.0
11,309,309,0.972
11,310,310,1.0
11,311,311,1.0
11,312,312,0.985
11,313,313,1.0
11,314,314,0.962
11,315,315,1.0
11,316,316,0.988
11,317,317,1.0
11,318,318,1.0
11,319,319,1.0
11,320,320,0.985
11,321,321,1.0
11,322,322,1.0
11,323,323,0.987
11,324,324,0.972
11,325,325,1.0
11,326,326,1.0
11,327,327,1.0
11,328,328,0.986
11,329,329,1.0
11,330,330,1.0
11,331,331,1.0
11,332,332,1.0
11,333,333,1.0
11,334,334,0.986
11,335,335,0.987
11,336,336,1.0
11,337,337,0.985
11,338,338,1.0
11,339,339,0.985
11,340,340,1.0
11,341,341,0.987
11,342,342,1.0
11,343,343,0.961
11,344,344,1.0
11,345,345,1.0
11,346,346,0.985
11,347,347,1.0
11,348,348,0.986
11,349,349,1.0
11,350,350,0.988
11,351,351,0.987
11,352,352,0.986
11,353,353,1.0
11,354,354,0.96
11,355,355,1.0
11,356,356,1.0
11,357,357,0.986
11,358,358,1.0
11,359,359,0.986
11,360,360,0.986
11,361,361,0.987
11,362,362,1.0
11,363,363,0.987
11,364,364,1.0
11,365,365,0.986
11,366,366,1.0
11,367,367,1.0
11,368,368,1.0
11,369,369,1.0
11,370,370,1.0
11,371,371,1.0
11,372,372,1.0
11,373,373,1.0
11,374,374,0.973
11,375,375,1.0
11,376,376,0.987
11,377,377,0.986
11,378,378,1.0
11,379,379,1.0
11,380,380,0.987
11,381,381,1.0
11,382,382,1.0
11,383,383,0.986
11,384,384,0.987
11,385,385,1.0
11,386,386,1.0
11,387,387,1.0
11,388,388,0.987
11,389,389,1.0
11,390,390,1.0
11,391,391,0.959
11,392,392,1.0
11,393,393,0.987
11,394,394,0.974
11,395,395,1.0
11,396,396,0.988
11,397,397,0.973
11,398,398,0.973
11,399,399,0.986
11,400,400,1.0
11,401,401,0.986
11,402,402,1.0
11,403,403,0.986
11,404,404,1.0
11,405,405,1.0
11,406,406,0.987
11,407,407,1.0
11,408,408,1.0
11,409,409,0.986
11,410,410,0.946
11,411,411,0.987
11,412,412,0.986
11,413,413,0.987
11,414,414,0.973
11,415,415,0.985
11,416,416,1.0
11,417,417,0.987
11,418,418,1.0
11,419,419,0.971
11,420,420,1.0
11,421,421,1.0
11,422,422,1.0
11,423,423,0.971
11,424,424,0.987
11,425,425,0.986
11,426,426,0.951
11,427,427,1.0
11,428,428,0.985
11,429,429,0.987
11,430,430,0.984
11,431,431,1.0
11,432,432,0.973
11,433,433,1.0
11,434,434,0.971
11,435,435,1.0
11,436,436,1.0
11,437,437,0.96
11,438,438,1.0
11,439,439,0.987
11,440,440,0.985
11,441,441,0.986
11,442,442,0.972
11,443,443,0.987
11,444,444,0.972
11,445,445,0.986
11,446,446,0.986
11,447,447,1.0
11,448,448,1.0
11,449,449,0.987
11,450,450,0.985
11,451,451,0.987
11,452,452,0.986
11,453,453,0.986
11,454,454,1.0
11,455,455,0.986
11,456,456,1.0
11,457,457,1.0
11,458,458,1.0
11,459,459,0.986
11,460,460,0.974
11,461,461,0.972
11,462,462,0.986
11,463,463,0.986
11,464,464,0.971
11,465,465,1.0
11,466,466,0.971
11,467,467,1.0
11,468,468,1.0
11,469,469,0.974
11,470,470,1.0
11,471,471,1.0
11,472,472,0.958
11,473,473,0.96
11,474,474,0.986
11,475,475,0.96
11,476,476,0.984
11,477,477,0.971
11,478,478,1.0
11,479,479,1.0
11,480,480,1.0
11,481,481,1.0
11,482,482,0.973
11,483,483,0.987
11,484,484,1.0
11,485,485,0.986
11,486,486,1.0
11,487,487,0.984
11,488,488,1.0
11,489,489,1.0
11,490,490,1.0
11,491,491,1.0
11,492,492,0.986
11,493,493,0.987
11,494,494,1.0
11,495,495,0.987
11,496,496,1.0
11,497,497,1.0
11,498,498,0.975
11,499,499,1.0
11,500,500,0.986
11,501,501,0.986
11,502,502,1.0
11,503,503,0.973
11,504,504,0.985
11,505,505,1.0
11,506,506,1.0
11,507,507,1.0
11,508,508,1.0
11,509,509,1.0
11,510,510,0.987
11,511,511,1.0
11,512,512,1.0
11,513,513,0.987
11,514,514,1.0
11,515,515,0.973
11,516,516,0.973
11,517,517,0.986
11,518,518,0.985
11,519,519,0.973
11,520,520,1.0
11,521,521,1.0
11,522,522,1.0
11,523,523,0.986
11,524,524,1.0
11,525,525,1.0
11,526,526,1.0
11,527,527,0.987
11,528,528,0.974
11,529,529,1.0
11,530,530,0.986
11,531,531,1.0
11,532,532,1.0
11,533,533,0.987
11,534,534,0.987
11,535,535,1.0
11,536,536,0.973
11,537,537,0.971
11,538,538,1.0
11,539,539,1.0
11,540,540,1.0
11,541,541,0.986
11,542,542,0.985
11,543,544,0.986
11,544,545,1.0
11,545,546,0.986
11,546,547,1.0
11,547,548,0.985
11,548,549,1.0
11,549,550,1.0
11,550,551,1.0
11,551,552,0.986
11,552,553,1.0
11,553,554,1.0
11,554,555,0.984
11,555,556,0.984
11,556,557,0.986
11,557,558,0.96
11,558,559,0.984
11,559,560,0.986
11,560,561,1.0
11,561,562,0.974
11,562,563,0.972
11,563,564,0.986
11,564,565,1.0
11,565,566,0.987
11,566,567,1.0
11,567,568,1.0
11,568,569,1.0
11,569,570,1.0
11,570,571,1.0
11,571,572,1.0
11,572,573,1.0
11,573,574,1.0
11,574,575,0.971
11,575,576,1.0
11,576,577,0.987
11,577,578,1.0
11,578,579,0.973
11,579,580,0.962
11,580,581,0.986
11,581,582,0.986
11,582,583,0.972
11,583,584,1.0
11,584,585,0.972
11,585,586,1.0
11,586,587,1.0
11,587,588,0.986
11,588,589,0.985
11,589,590,0.974
11,590,591,0.971
11,591,592,0.974
11,592,593,0.985
11,593,594,0.974
11,594,595,1.0
11,595,596,1.0
11,596,597,0.986
11,597,598,1.0
11,598,599,1.0
11,599,600,1.0
11,600,601,1.0
11,601,602,0.985
11,602,603,1.0
11,603,604,0.986
11,604,605,1.0
11,605,606,1.0
11,606,607,0.988
11,607,608,1.0
11,608,609,0.986
11,609,610,0.987
11,610,611,0.972
11,611,612,1.0
11,612,613,0.985
11,613,614,1.0
11,614,615,1.0
11,615,616,0.986
11,616,617,1.0
11,617,618,0.985
11,618,619,0.987
11,619,620,0.987
11,620,621,0.985
11,621,622,0.987
11,622,623,1.0
11,623,624,1.0
11,624,625,0.987
11,625,626,0.986
11,626,627,1.0
11,627,628,1.0
11,628,629,0.985
11,629,630,1.0
11,630,631,0.986
11,631,632,0.987
11,632,633,0.986
11,633,634,0.987
11,634,635,0.986
11,635,636,1.0
11,636,637,0.986
11,637,638,1.0
11,638,639,0.984
11,639,640,0.986
11,640,641,0.974
11,641,642,0.974
11,642,643,1.0
11,643,644,1.0
11,644,645,1.0
11,645,646,0.973
11,646,647,0.987
11,647,648,1.0
11,648,649,1.0
11,649,650,1.0
11,650,651,1.0
11,651,652,0.986
11,652,653,1.0
11,653,654,1.0
11,654,655,0.974
11,655,656,0.987
11,656,657,1.0
11,657,658,1.0
11,658,659,1.0
11,659,660,1.0
11,660,661,0.974
11,661,662,1.0
11,662,663,0.986
11,663,664,1.0
11,664,665,0.986
11,665,666,1.0
11,666,667,1.0
11,667,668,0.986
11,668,669,0.987
11,669,670,0.984
11,670,671,0.985
11,671,672,0.984
11,672,673,1.0
11,673,674,0.971
11,674,675,0.986
11,675,676,0.986
11,676,677,0.987
11,677,678,1.0
11,678,679,0.973
11,679,680,1.0
11,680,681,1.0
11,681,682,1.0
11,682,683,1.0
11,683,684,1.0
11,684,685,0.971
11,685,686,0.986
11,686,687,1.0
11,687,688,1.0
11,688,689,1.0
11,689,690,0.982
11,690,691,0.988
11,691,692,1.0
11,692,693,0.986
11,693,694,0.986
11,694,695,1.0
11,695,696,0.971
11,696,697,0.985
11,697,698,0.971
11,698,699,1.0
11,699,700,0.987
11,700,701,0.986
11,701,702,0.974
11,702,703,1.0
11,703,704,0.959
11,704,705,1.0
11,705,706,1.0
11,706,707,1.0
11,707,708,1.0
11,708,709,1.0
11,709,710,0.961
11,710,711,1.0
11,711,712,0.985
11,712,713,1.0
11,713,714,0.972
11,714,715,0.973
11,715,716,0.987
11,716,717,0.987
11,717,718,1.0
11,718,719,0.984
11,719,720,1.0
11,720,721,1.0
11,721,722,1.0
11,722,723,1.0
11,723,724,0.985
11,724,725,1.0
11,725,726,0.984
11,726,727,1.0
11,727,728,0.984
11,728,729,1.0
11,729,730,0.988
11,730,731,1.0
11,731,732,1.0
11,732,733,1.0
11,733,734,1.0
11,734,735,1.0
11,735,736,0.987
11,736,737,0.986
11,737,738,1.0
11,738,739,0.985
11,739,740,0.987
11,740,741,1.0
11,741,742,1.0
11,742,743,0.972
11,743,744,1.0
11,744,745,1.0
11,745,746,0.985
11,746,747,1.0
11,747,748,0.974
11,748,749,1.0
11,749,750,0.986
11,750,751,1.0
11,751,752,1.0
11,752,753,1.0
11,753,754,1.0
11,754,755,0.974
11,755,756,0.987
11,756,757,0.986
11,757,758,1.0
11,758,759,0.987
11,759,760,0.987
11,760,761,0.974
11,761,762,0.975
11,762,763,1.0
11,763,764,0.987
11,764,765,0.986
11,765,766,0.985
11,766,767,0.986
11,767,768,0.986
11,768,769,0.986
11,769,770,0.987
11,770,771,0.972
11,771,772,0.972
11,772,773,1.0
11,773,774,1.0
11,774,775,0.987
11,775,776,0.986
11,776,777,0.988
11,777,778,0.973
11,778,779,0.987
11,779,780,1.0
11,780,781,0.971
11,781,782,0.96
11,782,783,0.985
11,783,784,1.0
11,784,785,0.961
11,785,786,1.0
11,786,787,0.987
11,787,788,0.972
11,788,789,1.0
11,789,790,0.974
11,790,791,0.986
11,791,792,0.973
11,792,793,1.0
11,793,794,1.0
11,794,795,1.0
11,795,796,0.986
11,796,797,1.0
11,797,798,1.0
11,798,799,1.0
11,799,800,0.985
11,800,801,0.986
11,801,802,0.985
11,802,803,1.0
11,803,804,0.986
11,804,805,0.985
11,805,806,0.984
11,806,807,0.986
11,807,808,1.0
11,808,809,1.0
11,809,810,1.0
11,810,811,1.0
11,811,812,0.985
11,812,813,1.0
11,813,814,1.0
11,814,815,0.987
11,815,816,1.0
11,816,817,0.986
11,817,818,1.0
11,818,819,0.974
11,819,820,0.972
11,820,821,0.985
11,821,822,0.973
11,822,823,1.0
11,823,824,0.986
11,824,825,1.0
11,825,826,1.0
11,826,827,1.0
11,827,828,0.986
11,828,829,0.949
11,829,830,0.971
11,830,831,1.0
11,831,832,1.0
11,832,833,1.0
11,833,834,1.0
11,834,835,1.0
11,835,836,0.986
11,836,837,0.987
11,837,838,0.987
11,838,839,0.986
11,839,840,1.0
11,840,841,0.97
11,841,842,1.0
11,842,843,1.0
11,843,844,1.0
11,844,845,0.974
11,845,846,0.985
11,846,847,1.0
11,847,848,0.975
12,1,1,1.0
12,2,2,0.985
12,3,3,0.971
12,4,4,1.0
12,5,5,1.0
12,6,6,1.0
12,7,7,1.0
12,8,8,0.985
12,9,9,1.0
12,10,10,0.986
12,11,11,1.0
12,12,12,1.0
12,13,13,1.0
12,14,14,0.986
12,15,15,1.0
12,16,16,0.971
12,17,17,1.0
12,18,18,1.0
12,19,19,0.985
12,20,20,0.986
12,21,21,1.0
12,22,22,1.0
12,23,23,1.0
12,24,24,0.987
12,25,25,0.971
12,26,26,1.0
12,27,27,0.987
12,28,28,0.972
12,29,29,1.0
12,30,30,0.972
12,31,31,0.985
12,32,32,0.987
12,33,33,1.0
12,34,34,0.986
12,35,35,0.986
12,36,36,1.0
12,37,37,0.986
12,38,38,1.0
12,39,39,1.0
12,40,40,0.986
12,41,41,0.974
12,42,42,1.0
12,43,43,1.0
12,44,44,1.0
12,45,45,0.986
12,46,46,1.0
12,47,47,1.0
12,48,48,0.984
12,49,49,0.971
12,50,50,1.0
12,51,51,0.986
12,52,52,1.0
12,53,53,0.962
12,54,54,1.0
12,55,55,1.0
12,56,56,1.0
12,57,57,1.0
12,58,58,0.986
12,59,59,1.0
12,60,60,1.0
12,61,61,0.957
12,62,62,1.0
12,63,63,0.986
12,64,64,0.986
12,65,65,0.986
12,66,66,1.0
12,67,67,1.0
12,68,68,0.986
12,69,69,0.974
12,70,70,0.974
12,71,71,0.985
12,72,72,1.0
12,73,73,0.957
12,74,74,0.986
12,75,75,0.971
12,76,76,1.0
12,77,77,1.0
12,78,78,0.986
12,79,79,0.974
12,80,80,0.987
12,81,81,0.986
12,82,82,0.986
12,83,83,0.987
12,84,84,1.0
12,85,85,0.987
12,86,86,1.0
12,87,87,0.987
12,88,88,0.974
12,89,89,1.0
12,90,90,1.0
12,91,91,0.976
12,92,92,1.0
12,93,93,0.987
12,94,94,1.0
12,95,95,0.985
12,96,96,1.0
12,97,97,1.0
12,98,98,1.0
12,99,99,1.0
12,100,100,0.986
12,101,101,0.971
12,102,102,0.987
12,103,103,1.0
12,104,104,0.974
12,105,105,0.986
12,106,106,0.959
12,107,107,0.973
12,108,108,0.971
12,109,109,1.0
12,110,110,0.974
12,111,111,1.0
12,112,112,1.0
12,113,113,0.973
12,114,114,1.0
12,115,115,1.0
12,116,116,1.0
12,117,117,1.0
12,118,118,0.986
12,119,119,1.0
12,120,120,0.987
12,121,121,0.986
12,122,122,0.974
12,123,123,1.0
12,124,124,0.959
12,125,125,0.986
12,126,126,0.973
12,127,127,0.987
12,128,128,1.0
12,129,129,1.0
12,130,130,1.0
12,131,131,1.0
12,132,132,1.0
12,133,133,0.986
12,134,134,0.985
12,135,135,1.0
12,136,136,1.0
12,137,137,0.985
12,138,138,0.985
12,139,139,1.0
12,140,140,0.985
12,141,141,0.984
12,142,142,1.0
12,143,143,1.0
12,144,144,1.0
12,145,145,1.0
12,146,146,0.987
12,147,147,1.0
12,148,148,0.986
12,149,149,1.0
12,150,150,1.0
12,151,151,1.0
12,152,152,1.0
12,153,153,1.0
12,154,154,0.986
12,155,155,0.987
12,156,156,0.971
12,157,157,0.985
12,158,158,1.0
12,159,159,1.0
12,160,160,0.971
12,161,161,1.0
12,162,162,0.984
12,163,163,1.0
12,164,164,1.0
12,165,165,0.972
12,166,166,1.0
12,167,167,0.986
12,168,168,1.0
12,169,169,0.987
12,170,170,1.0
12,171,171,0.97
12,172,172,0.986
12,173,173,0.973
12,174,174,1.0
12,175,175,0.972
12,176,176,0.986
12,177,177,1.0
12,178,178,1.0
12,179,179,0.984
12,180,180,1.0
12,181,181,0.986
12,182,182,0.986
12,183,183,1.0
12,184,184,0.986
12,185,185,0.985
12,186,186,1.0
12,187,187,1.0
12,188,188,0.985
12,189,189,1.0
12,190,190,0.986
12,191,191,0.985
12,192,192,0.961
12,193,193,1.0
12,194,194,1.0
12,195,195,0.972
12,196,196,0.987
12,197,197,1.0
12,198,198,1.0
12,199,199,0.986
12,200,200,1.0
12,201,201,0.986
12,202,202,1.0
12,203,203,0.986
12,204,204,1.0
12,205,205,0.984
12,206,206,0.971
12,207,207,1.0
12,208,208,0.985
12,209,209,1.0
12,210,210,1.0
12,211,211,1.0
12,212,212,1.0
12,213,213,0.986
12,214,214,0.986
12,215,215,0.985
12,216,216,1.0
12,217,217,1.0
12,218,218,0.986
12,219,219,0.986
12,220,220,1.0
12,221,221,0.972
12,222,222,0.987
12,223,223,1.0
12,224,224,0.985
12,225,225,0.987
12,226,226,1.0
12,227,227,1.0
12,228,228,0.986
12,229,229,1.0
12,230,230,0.975
12,231,231,0.976
12,232,232,1.0
12,233,233,0.986
12,234,234,1.0
12,235,235,1.0
12,236,236,1.0
12,237,237,0.986
12,238,238,0.973
12,239,239,0.951
12,240,240,0.972
12,241,241,1.0
12,242,242,1.0
12,243,243,1.0
12,244,244,1.0
12,245,245,0.986
12,246,246,0.961
12,247,247,1.0
12,248,248,0.985
12,249,249,1.0
12,250,250,0.987
12,251,251,0.969
12,252,252,1.0
12,253,253,0.985
12,254,254,0.985
12,255,255,1.0
12,256,256,1.0
12,257,257,1.0
12,258,258,1.0
12,259,259,0.986
12,260,260,1.0
12,261,261,0.986
12,262,262,1.0
12,263,263,0.986
12,264,264,0.986
12,265,265,0.972
12,266,266,1.0
12,267,267,1.0
12,268,268,1.0
12,269,269,0.985
12,270,270,1.0
12,271,271,1.0
12,272,272,0.987
12,273,273,1.0
12,274,274,1.0
12,275,275,1.0
12,276,276,1.0
12,277,277,1.0
12,278,278,0.986
12,279,279,0.985
12,280,280,1.0
12,281,281,0.987
12,282,282,1.0
12,283,283,1.0
12,284,284,0.976
12,285,285,1.0
12,286,286,0.972
12,287,287,1.0
12,288,288,0.971
12,289,289,1.0
12,290,290,0.986
12,291,291,1.0
12,292,292,0.985
12,293,293,0.972
12,294,294,0.962
12,295,295,1.0
12,296,296,1.0
12,297,297,1.0
12,298,298,0.987
12,299,299,0.974
12,300,300,1.0
12,301,301,1.0
12,302,302,0.974
12,303,303,1.0
12,304,304,0.986
12,305,305,0.958
12,306,306,0.986
12,307,307,0.986
12,308,308,1.0
12,309,309,0.986
12,310,310,1.0
12,311,311,1.0
12,312,312,1.0
12,313,313,0.987
12,314,314,1.0
12,315,315,1.0
12,316,316,1.0
12,317,317,0.985
12,318,318,1.0
12,319,319,1.0
12,320,320,0.97
12,321,321,1.0
12,322,322,1.0
12,323,323,0.984
12,324,324,0.987
12,325,325,1.0
12,326,326,0.986
12,327,327,0.987
12,328,328,1.0
12,329,329,0.96
12,330,330,0.985
12,331,331,0.986
12,332,332,1.0
12,333,333,0.972
12,334,334,1.0
12,335,335,0.969
12,336,336,1.0
12,337,337,0.986
12,338,338,0.985
12,339,339,1.0
12,340,340,0.987
12,341,341,1.0
12,342,342,0.969
12,343,343,1.0
12,344,344,0.974
12,345,345,1.0
12,346,346,1.0
12,347,347,1.0
12,348,348,1.0
12,349,349,1.0
12,350,350,1.0
12,351,351,0.971
12,352,352,1.0
12,353,353,0.986
12,354,354,0.984
12,355,355,1.0
12,356,356,0.987
12,357,357,0.974
12,358,358,1.0
12,359,359,1.0
12,360,360,1.0
12,361,361,1.0
12,362,362,1.0
12,363,363,1.0
12,364,364,0.972
12,365,365,0.986
12,366,366,1.0
12,367,367,1.0
12,368,368,0.985
12,369,369,0.986
12,370,370,1.0
12,371,371,0.986
12,372,372,0.987
12,373,373,1.0
12,374,374,0.987
12,375,375,0.973
12,376,376,1.0
12,377,377,0.974
12,378,378,1.0
12,379,379,1.0
12,380,380,1.0
12,381,381,0.988
12,382,382,0.972
12,383,383,0.949
12,384,384,0.974
12,385,385,0.96
12,386,386,0.959
12,387,387,0.987
12,388,388,1.0
12,389,389,0.986
12,390,390,0.986
12,391,391,0.986
12,392,392,0.986
12,393,393,0.96
12,394,394,0.986
12,395,395,0.962
12,396,396,1.0
12,397,397,0.974
12,398,398,0.972
12,399,399,1.0
12,400,400,0.971
12,401,401,1.0
12,402,402,1.0
12,403,403,1.0
12,404,404,0.986
12,405,405,1.0
12,406,406,0.974
12,407,407,0.986
12,408,408,0.987
12,409,409,0.972
12,410,410,1.0
12,411,411,1.0
12,412,412,0.987
12,413,413,0.986
12,414,414,1.0
12,415,415,0.986
12,416,416,1.0
12,417,417,1.0
12,418,418,1.0
12,419,419,0.986
12,420,420,1.0
12,421,421,0.943
12,422,422,0.986
12,423,423,0.984
12,424,424,0.987
12,425,425,1.0
12,426,426,1.0
12,427,427,0.986
12,428,428,1.0
12,429,429,1.0
12,430,430,1.0
12,431,431,0.986
12,432,432,0.971
12,433,433,0.986
12,434,434,1.0
12,435,435,0.986
12,436,436,1.0
12,437,437,0.987
12,438,438,1.0
12,439,439,1.0
12,440,440,0.986
12,441,441,1.0
12,442,442,0.971
12,443,443,0.986
12,444,444,0.987
12,445,445,0.985
12,446,446,1.0
12,447,447,0.971
12,448,448,0.971
12,449,449,0.987
12,450,450,1.0
12,451,451,0.987
12,452,452,1.0
12,453,453,1.0
12,454,454,1.0
12,455,455,0.985
12,456,456,1.0
12,457,457,0.988
12,458,458,1.0
12,459,459,0.975
12,460,460,0.962
12,461,461,1.0
12,462,462,0.972
12,463,463,1.0
12,464,464,1.0
12,465,465,0.987
12,466,466,0.974
12,467,467,0.986
12,468,468,0.987
12,469,469,0.975
12,470,470,1.0
12,471,471,0.986
13,1,1,0.988
13,2,2,0.987
13,3,3,1.0
13,4,4,0.987
13,5,5,0.986
13,6,6,1.0
13,7,7,0.986
13,8,8,0.986
13,9,9,0.985
13,10,10,0.985
13,11,11,1.0
13,12,12,0.986
13,13,13,1.0
13,14,14,1.0
13,15,15,0.933
13,16,16,1.0
13,17,17,0.986
13,18,18,0.988
13,19,19,0.986
13,20,20,0.987
13,21,21,1.0
13,22,22,1.0
13,23,23,0.961
13,24,24,1.0
13,25,25,0.975
13,26,26,0.986
13,27,27,0.946
13,28,28,0.986
13,29,29,1.0
13,30,30,0.974
13,31,31,0.986
13,32,32,1.0
13,33,33,1.0
13,34,34,0.985
13,35,35,0.986
13,36,36,1.0
13,37,37,0.987
13,38,38,0.974
13,39,39,1.0
13,40,40,1.0
13,41,41,1.0
13,42,42,0.988
13,43,43,1.0
13,44,44,1.0
13,45,45,1.0
13,46,46,1.0
13,47,47,1.0
13,48,48,1.0
13,49,49,0.986
13,50,50,1.0
13,51,51,1.0
13,52,52,1.0
13,53,53,0.972
13,54,54,0.986
13,55,55,0.985
13,56,56,0.987
13,57,57,0.986
13,58,58,1.0
13,59,59,1.0
13,60,60,0.972
13,61,61,0.987
13,62,62,0.971
13,63,63,0.974
13,64,64,1.0
13,65,65,1.0
13,66,66,0.985
13,67,67,0.971
13,68,68,1.0
13,69,69,1.0
13,70,70,0.986
13,71,71,1.0
13,72,72,0.986
13,73,73,0.986
13,74,74,1.0
13,75,75,0.986
13,76,76,0.987
13,77,77,1.0
13,78,78,1.0
13,79,79,1.0
13,80,80,1.0
13,81,81,1.0
13,82,82,1.0
13,83,83,1.0
13,84,84,1.0
13,85,85,0.973
13,86,86,1.0
13,87,87,1.0
13,88,88,0.974
13,89,89,0.975
13,90,90,1.0
13,91,91,1.0
13,92,92,0.984
13,93,93,1.0
13,94,94,0.986
13,95,95,1.0
13,96,96,1.0
13,97,97,0.986
13,98,98,1.0
13,99,99,0.986
13,100,100,0.987
13,101,101,0.986
13,102,102,0.987
13,103,103,0.985
13,104,104,0.986
13,105,105,1.0
13,106,106,0.986
13,107,107,1.0
13,108,108,1.0
13,109,109,1.0
13,110,110,0.985
13,111,111,0.986
13,112,112,1.0
13,113,113,0.983
13,114,114,0.985
13,115,115,0.987
13,116,116,0.986
13,117,117,0.987
13,118,118,1.0
13,119,119,1.0
13,120,120,1.0
13,121,121,0.986
13,122,122,1.0
13,123,123,1.0
13,124,124,1.0
13,125,125,1.0
13,126,126,0.972
13,127,127,0.987
13,128,128,0.985
13,129,129,1.0
13,130,130,1.0
13,131,131,0.962
13,132,132,0.987
13,133,133,1.0
13,134,134,0.986
13,135,135,0.974
13,136,136,0.972
13,137,137,1.0
13,138,138,1.0
13,139,139,1.0
13,140,140,0.962
13,141,141,0.986
13,142,142,0.987
13,143,143,1.0
13,144,144,1.0
13,145,145,0.987
13,146,146,0.974
13,147,147,1.0
13,148,148,1.0
13,149,149,1.0
13,150,150,1.0
13,151,151,0.986
13,152,152,1.0
13,153,153,0.97
13,154,154,1.0
13,155,155,1.0
13,156,156,0.986
13,157,157,0.974
13,158,158,1.0
13,159,159,0.986
13,160,160,0.963
13,161,161,0.986
13,162,162,1.0
13,163,163,0.986
13,164,164,0.985
13,165,165,0.986
13,166,166,1.0
13,167,167,0.986
13,168,168,1.0
13,169,169,0.971
13,170,170,1.0
13,171,171,1.0
13,172,172,1.0
13,173,173,1.0
13,174,174,1.0
13,175,175,1.0
13,176,176,1.0
13,177,177,0.972
13,178,178,0.947
13,179,179,0.986
13,180,180,1.0
13,181,181,1.0
13,182,182,0.986
13,183,183,0.986
13,184,184,0.986
13,185,185,0.973
13,186,186,1.0
13,187,187,0.972
13,188,188,0.986
13,189,189,1.0
13,190,190,0.985
13,191,191,0.974
13,192,192,0.963
13,193,193,0.986
13,194,194,0.986
13,195,195,1.0
13,196,196,1.0
13,197,197,0.986
13,198,198,0.987
13,199,199,1.0
13,200,200,1.0
13,201,201,1.0
13,202,202,0.986
13,203,203,1.0
13,204,204,0.986
13,205,205,1.0
13,206,206,1.0
13,207,207,1.0
13,208,208,0.986
13,209,209,1.0
13,210,210,0.987
13,211,211,0.986
13,212,212,0.985
13,213,213,0.987
13,214,214,1.0
13,215,215,1.0
13,216,216,1.0
13,217,217,1.0
13,218,218,0.985
13,219,219,1.0
13,220,220,1.0
13,221,221,0.973
13,222,222,0.986
13,223,223,1.0
13,224,224,1.0
13,225,225,1.0
13,226,226,1.0
13,227,227,0.974
13,228,228,1.0
13,229,229,1.0
13,230,230,0.985
13,231,231,0.972
13,232,232,1.0
13,233,233,0.986
13,234,234,0.986
13,235,235,0.974
13,236,236,0.974
13,237,237,0.987
13,238,238,0.987
13,239,239,1.0
13,240,240,0.986
13,241,241,1.0
13,242,242,0.986
13,243,243,0.987
13,244,244,1.0
13,245,245,1.0
13,246,246,0.986
13,247,247,1.0
13,248,248,1.0
13,249,249,0.987
13,250,250,0.986
13,251,251,1.0
13,252,252,0.973
13,253,253,1.0
13,254,254,0.986
13,255,255,1.0
13,256,256,1.0
13,257,257,1.0
13,258,258,1.0
13,259,259,0.973
13,260,260,0.974
13,261,261,0.986
13,262,262,1.0
13,263,263,1.0
13,264,264,0.987
13,265,265,1.0
13,266,266,0.986
13,267,267,1.0
13,268,268,0.974
13,269,269,0.987
13,270,270,1.0
13,271,271,1.0
13,272,272,1.0
13,273,273,1.0
13,274,274,0.973
13,275,275,0.987
13,276,276,1.0
13,277,277,0.987
13,278,278,0.972
13,279,279,1.0
13,280,280,0.987
13,281,281,0.987
13,282,282,1.0
13,283,283,0.986
13,284,284,0.974
13,285,285,1.0
13,286,286,1.0
13,287,287,1.0
13,288,288,1.0
13,289,289,0.974
13,290,290,1.0
13,291,291,1.0
13,292,292,0.986
13,293,293,1.0
13,294,294,1.0
13,295,295,1.0
13,296,296,1.0
13,297,297,0.986
13,298,298,1.0
13,299,299,1.0
13,300,300,0.987
13,301,301,0.987
13,302,302,0.986
13,303,303,1.0
13,304,304,1.0
13,305,305,1.0
13,306,306,1.0
13,307,307,1.0
13,308,308,1.0
13,309,309,0.986
13,310,310,1.0
13,311,311,0.973
13,312,312,1.0
13,313,313,0.986
13,314,314,1.0
13,315,315,1.0
13,316,316,1.0
13,317,317,1.0
13,318,318,1.0
13,319,319,1.0
13,320,320,1.0
13,321,321,0.986
13,322,322,0.985
13,323,323,1.0
13,324,324,0.983
13,325,325,0.972
13,326,326,0.949
13,327,327,1.0
13,328,328,1.0
13,329,329,0.975
13,330,330,0.986
13,331,331,1.0
13,332,332,0.974
13,333,333,0.987
13,334,334,0.972
13,335,335,1.0
13,336,336,0.986
13,337,337,0.972
13,338,338,0.986
13,339,339,1.0
13,340,340,0.986
13,341,341,1.0
13,342,342,1.0
13,343,343,1.0
13,344,344,0.986
13,345,345,0.986
13,346,346,1.0
13,347,347,1.0
13,348,348,1.0
13,349,349,1.0
13,350,350,1.0
13,351,351,1.0
13,352,352,1.0
13,353,353,1.0
13,354,354,0.986
13,355,355,1.0
13,356,356,1.0
13,357,357,0.987
13,358,358,0.987
13,359,359,0.987
13,360,360,0.974
13,361,361,1.0
13,362,362,1.0
13,363,363,1.0
13,364,364,1.0
13,365,365,1.0
13,366,366,1.0
13,367,367,1.0
13,368,368,0.974
13,369,369,0.986
13,370,370,0.986
13,371,371,0.987
13,372,372,0.986
13,373,373,0.986
13,374,374,0.986
13,375,375,0.986
13,376,376,0.986
13,377,377,0.988
13,378,378,0.986
13,379,379,1.0
13,380,380,1.0
13,381,381,0.962
13,382,382,1.0
13,383,383,1.0
13,384,384,0.971
13,385,385,0.971
13,386,386,0.984
13,387,387,1.0
13,388,388,0.987
13,389,389,0.985
13,390,390,0.987
13,391,391,1.0
13,392,392,0.986
13,393,393,1.0
13,394,394,1.0
13,395,395,0.971
13,396,396,0.987
13,397,397,0.987
13,398,398,0.986
13,399,399,1.0
13,400,400,0.987
13,401,401,0.985
13,402,402,1.0
13,403,403,1.0
13,404,404,0.986
13,405,405,0.973
13,406,406,0.985
13,407,407,0.986
13,408,408,0.986
13,409,409,1.0
13,410,410,0.986
13,411,411,0.971
13,412,412,0.972
13,413,413,0.986
13,414,414,0.97
13,415,415,1.0
13,416,416,1.0
13,417,417,0.959
13,418,418,1.0
13,419,419,0.973
13,420,420,1.0
13,421,421,0.986
13,422,422,1.0
13,423,423,1.0
13,424,424,0.971
13,425,425,1.0
13,426,426,1.0
13,427,427,0.984
13,428,428,0.966
13,429,429,0.986
13,430,430,1.0
13,431,431,1.0
13,432,432,1.0
13,433,433,1.0
13,434,434,0.971
13,435,435,1.0
13,436,436,0.974
13,437,437,0.985
13,438,438,1.0
13,439,439,1.0
13,440,440,1.0
13,441,441,0.986
13,442,442,0.986
13,443,443,1.0
13,444,444,0.974
13,445,445,0.987
13,446,446,0.985
13,447,447,1.0
13,448,448,0.974
13,449,449,0.984
13,450,450,1.0
13,451,451,0.971
13,452,452,0.975
13,453,453,0.986
13,454,454,1.0
13,455,455,1.0
13,456,456,1.0
13,457,457,1.0
13,458,458,1.0
13,459,459,0.973
13,460,460,0.984
13,461,461,0.964
13,462,462,0.986
13,463,463,1.0
13,464,464,1.0
13,465,465,0.986
13,466,466,1.0
13,467,467,1.0
13,468,468,0.986
13,469,469,0.986
13,470,470,0.986
13,471,471,0.974
13,472,472,1.0
13,473,473,1.0
13,474,474,0.987
13,475,475,1.0
13,476,476,0.987
13,477,477,0.985
13,478,478,0.986
13,479,479,1.0
13,480,480,0.986
13,481,481,0.973
13,482,482,1.0
13,483,483,1.0
13,484,484,0.987
13,485,485,0.986
13,486,486,1.0
13,487,487,0.974
13,488,488,0.985
13,489,489,0.986
13,490,490,0.986
13,491,491,0.986
13,492,492,0.986
13,493,493,0.975
13,494,494,1.0
13,495,495,1.0
13,496,496,0.97
13,497,497,1.0
13,498,498,0.987
13,499,499,0.986
13,500,500,1.0
13,501,501,0.985
13,502,502,1.0
13,503,503,0.986
13,504,504,0.986
13,505,505,0.974
13,506,506,0.987
13,507,507,0.986
13,508,508,0.971
13,509,509,0.987
13,510,510,0.947
13,511,511,1.0
13,512,512,0.985
13,513,513,0.944
13,514,514,1.0
13,515,515,0.987
13,516,516,1.0
13,517,517,1.0
13,518,518,0.963
13,519,519,0.97
13,520,520,0.986
13,521,521,0.986
13,522,522,1.0
13,523,523,0.961
13,524,524,1.0
13,525,525,1.0
13,526,526,0.971
13,527,527,0.986
13,528,528,1.0
13,529,529,0.987
13,530,530,1.0
13,531,531,0.986
13,532,532,1.0
13,533,533,0.986
13,534,534,1.0
13,535,535,0.972
13,536,536,1.0
13,537,537,0.987
13,538,538,1.0
13,539,539,0.987
13,540,540,0.971
13,541,541,0.986
13,542,542,0.986
13,543,543,0.971
13,544,544,1.0
13,545,545,1.0
13,546,546,0.986
13,547,547,0.972
13,548,548,0.986
13,549,549,1.0
13,550,550,0.962
13,551,551,1.0
13,552,552,1.0
13,553,553,1.0
13,554,554,1.0
13,555,555,1.0
13,556,556,0.972
13,557,557,0.962
13,558,558,1.0
13,559,559,1.0
13,560,560,0.961
13,561,561,1.0
13,562,562,1.0
13,563,563,1.0
13,564,564,0.987
13,565,565,0.974
13,566,566,0.972
13,567,567,0.987
13,568,568,1.0
13,569,569,0.987
13,570,570,0.987
13,571,571,0.975
13,572,572,1.0
13,573,573,1.0
13,574,574,0.987
13,575,575,1.0
13,576,576,0.987
13,577,577,1.0
13,578,578,1.0
13,579,579,1.0
13,580,580,0.986
13,581,581,0.986
13,582,582,0.983
13,583,583,1.0
13,584,584,0.969
13,585,585,0.969
13,586,586,1.0
13,587,587,0.986
13,588,588,0.961
13,589,589,1.0
13,590,590,1.0
13,591,591,1.0
13,592,592,1.0
13,593,593,0.986
13,594,594,0.971
13,595,595,1.0
13,596,596,0.972
13,597,597,0.988
13,598,598,1.0
13,599,599,1.0
13,600,600,1.0
13,601,601,0.985
13,602,602,0.986
13,603,603,1.0
13,604,604,0.973
13,605,605,0.987
13,606,606,1.0
13,607,607,1.0
13,608,608,0.987
13,609,609,1.0
13,610,610,1.0
13,611,611,0.961
13,612,612,1.0
13,613,613,0.984
13,614,614,1.0
13,615,615,1.0
13,616,616,0.986
13,617,617,1.0
13,618,618,1.0
13,619,619,0.986
13,620,620,1.0
13,621,621,1.0
13,622,622,1.0
13,623,623,1.0
13,624,624,1.0
13,625,625,0.987
13,626,626,1.0
13,627,627,0.974
13,628,628,0.986
13,629,629,0.986
13,630,630,1.0
13,631,631,1.0
13,632,632,0.986
13,633,633,1.0
13,634,634,1.0
13,635,635,1.0
13,636,636,1.0
13,637,637,1.0
13,638,638,1.0
13,639,639,1.0
13,640,640,0.986
13,641,641,1.0
13,642,642,0.973
13,643,643,1.0
13,644,644,1.0
13,645,645,0.986
13,646,646,0.986
13,647,647,1.0
13,648,648,0.972
13,649,649,1.0
13,650,650,0.971
13,651,651,0.987
13,652,652,0.986
13,653,653,0.987
13,654,654,1.0
13,655,655,0.987
13,656,656,1.0
13,657,657,0.986
13,658,658,1.0
13,659,659,0.986
13,660,660,1.0
13,661,661,1.0
13,662,662,0.985
13,663,663,1.0
13,664,664,0.986
13,665,665,0.969
13,666,666,1.0
13,667,667,0.986
13,668,668,0.985
13,669,669,0.971
13,670,670,1.0
13,671,671,0.986
13,672,672,0.975
13,673,673,1.0
13,674,674,0.986
13,675,675,0.984
13,676,676,0.971
13,677,677,1.0
13,678,678,0.986
13,679,679,0.986
13,680,680,1.0
13,681,681,0.986
13,682,682,0.972
13,683,683,1.0
13,684,684,1.0
13,685,685,1.0
13,686,686,1.0
13,687,687,1.0
13,688,688,1.0
13,689,689,0.987
13,690,690,0.957
13,691,691,0.986
13,692,692,1.0
13,693,693,1.0
13,694,694,1.0
13,695,695,1.0
13,696,696,1.0
13,697,697,0.985
13,698,698,1.0
13,699,699,1.0
13,700,700,1.0
13,701,701,0.985
13,702,702,0.957
13,703,703,0.971
13,704,704,0.986
13,705,705,1.0
13,706,706,1.0
13,707,707,1.0
13,708,708,0.985
13,709,709,0.986
13,710,710,0.986
13,711,711,0.987
13,712,712,0.971
13,713,713,1.0
13,714,714,1.0
13,715,715,0.987
13,716,716,0.986
13,717,717,0.987
13,718,718,1.0
13,719,719,0.987
13,720,720,1.0
13,721,721,0.987
13,722,722,1.0
13,723,723,1.0
13,724,724,1.0
13,725,725,1.0
13,726,726,1.0
13,727,727,1.0
13,728,728,1.0
13,729,729,0.986
13,730,730,1.0
13,731,731,0.986
13,732,732,0.986
13,733,733,0.987
13,734,734,1.0
13,735,735,1.0
13,736,736,1.0
13,737,737,1.0
13,738,738,1.0
13,739,739,1.0
13,740,740,0.988
13,741,741,0.987
13,742,742,1.0
13,743,743,0.987
13,744,744,1.0
13,745,745,1.0
13,746,746,1.0
13,747,747,1.0
13,748,748,0.987
13,749,749,0.986
13,750,750,1.0
13,751,751,1.0
13,752,752,0.985
13,753,753,0.987
13,754,754,1.0
13,755,755,0.971
13,756,756,0.986
13,757,757,0.987
13,758,758,0.986
13,759,759,0.986
13,760,760,1.0
13,761,761,0.965
13,762,762,0.986
13,763,763,0.986
13,764,764,0.986
13,765,765,0.974
13,766,766,1.0
13,767,767,0.987
13,768,768,0.987
13,769,769,1.0
13,770,770,0.986
13,771,771,0.97
13,772,772,0.987
13,773,773,1.0
13,774,774,0.986
13,775,775,1.0
13,776,776,1.0
13,777,777,0.988
13,778,778,1.0
13,779,779,0.971
13,780,780,1.0
13,781,781,0.984
13,782,782,1.0
13,783,783,0.986
13,784,784,0.971
13,785,785,0.958
13,786,786,1.0
13,787,787,0.988
13,788,788,1.0
13,789,789,0.986
13,790,790,1.0
13,791,791,1.0
13,792,792,0.959
13,793,793,0.986
13,794,794,1.0
13,795,795,0.986
13,796,796,0.986
13,797,797,0.986
13,798,798,1.0
13,799,799,0.961
13,800,800,0.987
13,801,801,0.986
13,802,802,0.984
13,803,803,0.974
13,804,804,0.987
13,805,805,1.0
13,806,806,0.986
13,807,807,1.0
13,808,808,0.986
13,809,809,1.0
13,810,810,1.0
13,811,811,1.0
13,812,812,1.0
13,813,813,1.0
13,814,814,1.0
13,815,815,1.0
13,816,816,0.987
13,817,817,0.987
13,818,818,1.0
13,819,819,1.0
13,820,820,0.985
13,821,821,1.0
13,822,822,0.985
13,823,823,0.986
13,824,824,1.0
13,825,825,1.0
13,826,826,1.0
13,827,827,0.969
13,828,828,1.0
13,829,829,0.987
13,830,830,1.0
13,831,831,0.986
13,832,832,1.0
13,833,833,0.969
13,834,834,0.984
13,835,835,0.986
13,836,836,0.986
13,837,837,0.972
13,838,,0.0
14,1,1,0.986
14,2,2,0.986
14,3,3,1.0
14,4,4,1.0
14,5,5,1.0
14,6,6,1.0
14,7,7,1.0
14,8,8,1.0
14,9,9,1.0
14,10,10,1.0
14,11,11,0.971
14,12,12,0.987
14,13,13,0.975
14,14,14,1.0
14,15,15,1.0
14,16,16,0.986
14,17,17,1.0
14,18,18,0.986
14,19,19,1.0
14,20,20,1.0
14,21,21,0.972
14,22,22,0.986
14,23,23,1.0
14,24,24,0.971
14,25,25,1.0
14,26,26,1.0
14,27,27,1.0
14,28,28,1.0
14,29,29,1.0
14,30,30,0.986
14,31,31,0.972
14,32,32,1.0
14,33,33,0.986
14,34,34,1.0
14,35,35,1.0
14,36,36,1.0
14,37,37,0.969
14,38,38,1.0
14,39,39,1.0
14,40,40,1.0
14,41,41,1.0
14,42,42,1.0
14,43,43,0.987
14,44,44,1.0
14,45,45,0.971
14,46,46,1.0
14,47,47,1.0
14,48,48,1.0
14,49,49,1.0
14,50,50,1.0
14,51,51,0.986
14,52,52,0.974
14,53,53,0.987
14,54,54,1.0
14,55,55,1.0
14,56,56,1.0
14,57,57,0.986
14,58,58,0.987
14,59,59,1.0
14,60,60,0.986
14,61,61,0.985
14,62,62,0.986
14,63,63,1.0
14,64,64,0.987
14,65,65,1.0
14,66,66,0.988
14,67,67,1.0
14,68,68,1.0
14,69,69,1.0
14,70,70,0.974
14,71,71,1.0
14,72,72,1.0
14,73,73,1.0
14,74,74,0.971
14,75,75,1.0
14,76,76,1.0
14,77,77,0.971
14,78,78,1.0
14,79,79,1.0
14,80,80,0.987
14,81,81,1.0
14,82,82,0.976
14,83,83,1.0
14,84,84,0.974
14,85,85,0.987
14,86,86,1.0
14,87,87,1.0
14,88,88,1.0
14,89,89,0.986
14,90,90,0.985
14,91,91,1.0
14,92,92,1.0
14,93,93,0.985
14,94,94,0.974
14,95,95,1.0
14,96,96,1.0
14,97,97,0.974
14,98,98,1.0
14,99,99,0.986
14,100,100,0.986
14,101,101,0.986
14,102,102,1.0
14,103,103,0.973
14,104,104,1.0
14,105,105,1.0
14,106,106,0.986
14,107,107,0.972
14,108,108,1.0
14,109,109,1.0
14,110,110,0.986
14,111,111,1.0
14,112,112,0.986
14,113,113,0.987
14,114,114,1.0
14,115,115,1.0
14,116,116,0.986
14,117,117,0.987
14,118,118,0.986
14,119,119,0.974
14,120,120,1.0
14,121,121,0.985
14,122,122,1.0
14,123,123,1.0
14,124,124,0.988
14,125,125,0.986
14,126,126,1.0
14,127,127,0.986
14,128,128,0.987
14,129,129,0.971
14,130,130,0.986
14,131,131,0.987
14,132,132,0.986
14,133,133,0.974
14,134,134,0.975
14,135,135,0.986
14,136,136,0.985
14,137,137,0.973
14,138,138,1.0
14,139,139,1.0
14,140,140,1.0
14,141,141,0.986
14,142,142,0.985
14,143,143,0.987
14,144,144,0.985
14,145,145,0.986
14,146,146,1.0
14,147,147,0.985
14,148,148,0.985
14,149,149,1.0
14,150,150,1.0
14,151,151,0.986
14,152,152,1.0
14,153,153,0.985
14,154,154,0.971
14,155,155,1.0
14,156,156,1.0
14,157,157,0.974
14,158,158,1.0
14,159,159,0.984
14,160,160,1.0
14,161,161,1.0
14,162,162,1.0
14,163,163,1.0
14,164,164,0.984
14,165,165,1.0
14,166,166,0.987
14,167,167,1.0
14,168,168,0.985
14,169,169,0.971
14,170,170,1.0
14,171,171,0.986
14,172,172,1.0
14,173,173,1.0
14,174,174,0.985
14,175,175,0.986
14,176,176,1.0
14,177,177,1.0
14,178,178,0.958
14,179,179,0.971
14,180,180,0.986
14,181,181,1.0
14,182,182,0.985
14,183,183,0.987
14,184,184,0.985
14,185,185,0.982
14,186,186,0.986
14,187,187,1.0
14,188,188,0.974
14,189,189,1.0
14,190,190,1.0
14,191,191,1.0
14,192,192,0.986
14,193,193,0.973
14,194,194,1.0
14,195,195,1.0
14,196,196,1.0
14,197,197,1.0
14,198,198,1.0
14,199,199,1.0
14,200,200,1.0
14,201,201,1.0
14,202,202,0.974
14,203,203,1.0
14,204,204,1.0
14,205,205,0.972
14,206,206,1.0
14,207,207,1.0
14,208,208,1.0
14,209,209,1.0
14,210,210,1.0
14,211,211,0.986
14,212,212,0.985
14,213,213,1.0
14,214,214,1.0
14,215,215,1.0
14,216,216,0.96
14,217,217,0.987
14,218,218,0.962
14,219,219,1.0
14,220,220,1.0
14,221,221,1.0
14,222,222,1.0
14,223,223,0.985
14,224,224,1.0
14,225,225,0.982
14,226,226,0.986
14,227,227,0.971
14,228,228,1.0
14,229,229,0.985
14,230,230,0.986
14,231,231,0.985
14,232,232,0.946
14,233,233,0.986
14,234,234,0.971
14,235,235,1.0
14,236,236,0.986
14,237,237,0.986
14,238,238,1.0
14,239,239,0.986
14,240,240,0.985
14,241,241,1.0
14,242,242,0.987
14,243,243,1.0
14,244,244,1.0
14,245,245,1.0
14,246,246,1.0
14,247,247,0.987
14,248,248,0.986
14,249,249,1.0
14,250,250,1.0
14,251,251,1.0
14,252,252,1.0
14,253,253,1.0
14,254,254,0.985
14,255,255,0.987
14,256,256,0.987
14,257,257,0.986
14,258,258,0.974
14,259,259,1.0
14,260,260,0.986
14,261,261,1.0
14,262,262,0.987
14,263,263,0.985
14,264,264,1.0
14,265,265,1.0
14,266,266,1.0
14,267,267,0.973
14,268,268,1.0
14,269,270,0.987
14,270,271,1.0
14,271,272,1.0
14,272,273,0.986
14,273,274,0.987
14,274,275,1.0
14,275,276,0.986
14,276,277,0.97
14,277,278,0.973
14,278,279,1.0
14,279,280,0.987
14,280,281,1.0
14,281,282,1.0
14,282,283,0.985
14,283,284,0.987
14,284,285,1.0
14,285,286,0.987
14,286,287,0.986
14,287,288,0.971
14,288,289,0.974
14,289,290,0.985
14,290,291,1.0
14,291,292,1.0
14,292,293,1.0
14,293,294,0.988
14,294,295,1.0
14,295,296,1.0
14,296,297,0.952
14,297,298,0.971
14,298,299,0.973
14,299,300,1.0
14,300,301,1.0
14,301,302,1.0
14,302,303,0.987
14,303,304,0.972
14,304,305,1.0
14,305,306,1.0
14,306,307,0.985
14,307,308,0.974
14,308,309,0.974
14,309,310,1.0
14,310,311,1.0
14,311,312,0.988
14,312,313,1.0
14,313,314,0.972
14,314,315,0.986
14,315,316,1.0
14,316,317,0.968
14,317,318,0.986
14,318,319,0.986
14,319,320,1.0
14,320,321,0.985
14,321,322,1.0
14,322,323,0.971
14,323,324,0.985
14,324,325,1.0
14,325,326,0.986
14,326,327,0.986
14,327,328,1.0
14,328,329,1.0
14,329,330,1.0
14,330,331,1.0
14,331,332,1.0
14,332,333,0.984
14,333,334,0.986
14,334,335,1.0
14,335,336,1.0
14,336,337,0.973
14,337,338,1.0
14,338,339,1.0
14,339,340,0.986
14,340,341,0.988
14,341,342,0.986
14,342,343,1.0
14,343,344,0.985
14,344,345,1.0
14,345,346,1.0
14,346,347,0.985
14,347,348,0.971
14,348,349,0.986
14,349,350,1.0
14,350,351,0.987
14,351,352,1.0
14,352,353,0.987
14,353,354,1.0
14,354,355,1.0
14,355,356,0.986
14,356,357,1.0
14,357,358,0.987
14,358,359,0.986
14,359,360,0.985
14,360,361,0.971
14,361,362,0.987
14,362,363,0.987
14,363,364,0.986
14,364,365,1.0
14,365,366,0.974
14,366,367,1.0
14,367,368,0.987
14,368,369,0.985
14,369,370,0.971
14,370,371,1.0
14,371,372,1.0
14,372,373,0.974
14,373,374,0.985
14,374,375,1.0
14,375,376,0.974
14,376,377,0.986
14,377,378,0.974
14,378,379,0.987
14,379,380,1.0
14,380,381,0.973
14,381,382,1.0
14,382,383,0.987
14,383,384,0.974
14,384,385,1.0
14,385,386,0.986
14,386,387,1.0
14,387,388,0.974
14,388,389,0.987
14,389,390,1.0
14,390,391,0.986
14,391,392,1.0
14,392,393,1.0
14,393,394,1.0
14,394,395,1.0
14,395,396,1.0
14,396,397,0.986
14,397,398,0.987
14,398,399,1.0
14,399,400,1.0
14,400,401,0.972
14,401,402,1.0
14,402,403,0.987
14,403,404,1.0
14,404,405,1.0
14,405,406,0.986
14,406,407,1.0
14,407,408,0.972
14,408,409,0.987
14,409,410,1.0
14,410,411,1.0
14,411,412,1.0
14,412,413,0.974
14,413,414,0.972
14,414,415,1.0
14,415,416,0.987
14,416,417,1.0
14,417,418,0.986
14,418,419,0.96
14,419,420,1.0
14,420,421,1.0
14,421,422,1.0
14,422,423,0.986
14,423,424,1.0
14,424,425,1.0
14,425,426,0.986
14,426,427,0.986
14,427,428,0.976
14,428,429,0.976
14,429,430,1.0
14,430,431,0.987
14,431,432,1.0
14,432,433,0.985
14,433,434,1.0
14,434,435,1.0
14,435,436,0.987
14,436,437,0.975
14,437,438,0.985
14,438,439,0.987
14,439,440,0.986
14,440,441,1.0
14,441,442,1.0
14,442,443,1.0
14,443,444,1.0
14,444,445,0.986
14,445,446,1.0
14,446,447,0.949
14,447,448,1.0
14,448,449,0.987
14,449,450,1.0
14,450,451,0.971
14,451,452,0.986
14,452,453,0.987
14,453,454,0.983
14,454,455,1.0
14,455,456,1.0
14,456,457,1.0
14,457,458,0.959
14,458,459,1.0
14,459,460,1.0
14,460,461,0.987
14,461,462,0.987
14,462,463,0.986
14,463,464,1.0
14,464,465,0.987
14,465,466,0.987
14,466,467,1.0
14,467,468,0.986
14,468,469,0.972
14,469,470,1.0
14,470,471,0.987
14,471,472,1.0
14,472,473,1.0
14,473,474,1.0
14,474,475,0.971
14,475,476,0.986
14,476,477,0.986
14,477,478,0.986
14,478,479,1.0
14,479,480,0.986
14,480,481,0.986
14,481,482,0.986
14,482,483,1.0
14,483,484,1.0
14,484,485,1.0
14,485,486,0.959
14,486,487,1.0
14,487,488,0.972
14,488,489,0.984
14,489,490,1.0
14,490,491,1.0
14,491,492,0.969
14,492,493,0.961
14,493,494,0.97
14,494,495,0.986
14,495,496,1.0
14,496,497,1.0
14,497,498,0.985
14,498,499,1.0
14,499,500,1.0
14,500,501,1.0
14,501,502,1.0
14,502,503,1.0
14,503,504,1.0
14,504,505,1.0
14,505,506,0.987
14,506,507,1.0
14,507,508,0.987
14,508,509,0.972
14,509,510,0.974
14,510,511,1.0
14,511,512,1.0
14,512,513,0.986
14,513,514,1.0
14,514,515,0.987
14,515,516,0.96
14,516,517,0.987
14,517,518,0.984
14,518,519,0.986
14,519,520,0.986
14,520,521,1.0
14,521,522,1.0
15,1,1,1.0
15,2,2,1.0
15,3,3,0.986
15,4,4,1.0
15,5,5,1.0
15,6,6,0.971
15,7,7,1.0
15,8,8,1.0
15,9,9,0.974
15,10,10,0.96
15,11,11,0.974
15,12,12,1.0
15,13,13,0.986
15,14,14,1.0
15,15,15,1.0
15,16,16,0.986
15,17,17,1.0
15,18,18,0.986
15,19,19,1.0
15,20,20,0.987
15,21,21,1.0
15,22,22,0.987
15,23,23,0.986
15,24,24,0.971
15,25,25,1.0
15,26,26,1.0
15,27,27,0.986
15,28,28,0.987
15,29,29,1.0
15,30,30,1.0
15,31,31,0.97
15,32,32,1.0
15,33,33,0.986
15,34,34,1.0
15,35,35,0.986
15,36,36,1.0
15,37,37,1.0
15,38,38,1.0
15,39,39,0.986
15,40,40,1.0
15,41,41,0.985
15,42,42,0.986
15,43,43,1.0
15,44,44,0.987
15,45,45,1.0
15,46,46,1.0
15,47,47,1.0
15,48,48,1.0
15,49,49,0.984
15,50,50,0.987
15,51,51,1.0
15,52,52,1.0
15,53,53,0.972
15,54,54,1.0
15,55,55,0.986
15,56,56,0.985
15,57,57,1.0
15,58,58,0.987
15,59,59,0.986
15,60,60,0.972
15,61,61,1.0
15,62,62,1.0
15,63,63,0.985
15,64,64,0.986
15,65,65,1.0
15,66,66,0.986
15,67,67,0.986
15,68,68,1.0
15,69,69,0.985
15,70,70,0.986
15,71,71,1.0
15,72,72,0.947
15,73,73,0.986
15,74,74,1.0
15,75,75,0.986
15,76,76,0.985
15,77,77,1.0
15,78,78,0.97
15,79,79,0.984
15,80,80,0.957
15,81,81,1.0
15,82,82,0.983
15,83,83,1.0
15,84,84,0.974
15,85,85,1.0
15,86,86,1.0
15,87,87,0.986
15,88,88,1.0
15,89,89,0.986
15,90,90,1.0
15,91,91,0.987
15,92,92,0.971
15,93,93,1.0
15,94,94,1.0
15,95,95,0.987
15,96,96,1.0
15,97,97,1.0
15,98,98,1.0
15,99,99,1.0
15,100,100,0.985
15,101,101,0.971
15,102,102,0.986
15,103,103,1.0
15,104,104,1.0
15,105,105,1.0
15,106,106,0.984
15,107,107,0.986
15,108,108,1.0
15,109,109,0.986
15,110,110,0.985
15,111,111,1.0
15,112,112,1.0
15,113,113,0.986
15,114,114,0.974
15,115,115,0.973
15,116,116,0.986
15,117,117,1.0
15,118,118,0.987
15,119,119,0.987
15,120,120,0.974
15,121,121,0.986
15,122,122,1.0
15,123,123,1.0
15,124,124,1.0
15,125,125,0.976
15,126,126,0.986
15,127,127,0.986
15,128,128,1.0
15,129,129,0.973
15,130,130,1.0
15,131,131,1.0
15,132,132,1.0
15,133,133,1.0
15,134,134,1.0
15,135,135,1.0
15,136,136,0.986
15,137,137,0.971
15,138,138,0.986
15,139,139,1.0
15,140,140,0.986
15,141,141,1.0
15,142,142,0.985
15,143,143,0.985
15,144,144,0.986
15,145,145,0.986
15,146,146,0.987
15,147,147,0.985
15,148,148,1.0
15,149,149,0.985
15,150,150,0.971
15,151,151,0.985
15,152,152,0.986
15,153,153,1.0
15,154,154,0.986
15,155,155,1.0
15,156,156,0.986
15,157,157,1.0
15,158,158,0.985
15,159,159,0.986
15,160,160,1.0
15,161,161,1.0
15,162,162,0.974
15,163,163,1.0
15,164,164,0.986
15,165,165,1.0
15,166,166,0.987
15,167,167,1.0
15,168,168,0.971
15,169,169,0.984
15,170,170,0.971
15,171,171,1.0
15,172,172,1.0
15,173,173,0.987
15,174,174,1.0
15,175,175,1.0
15,176,176,0.986
15,177,177,1.0
15,178,178,0.974
15,179,179,1.0
15,180,180,0.972
15,181,181,1.0
15,182,182,0.987
15,183,183,1.0
15,184,184,0.987
15,185,185,0.986
15,186,186,0.985
15,187,187,0.988
15,188,188,0.988
15,189,189,0.988
15,190,190,1.0
15,191,191,0.986
15,192,192,0.976
15,193,193,0.986
15,194,194,1.0
15,195,195,1.0
15,196,196,1.0
15,197,197,1.0
15,198,198,1.0
15,199,199,1.0
15,200,200,0.971
15,201,201,1.0
15,202,202,1.0
15,203,203,1.0
15,204,204,0.987
15,205,205,0.986
15,206,206,1.0
15,207,207,0.987
15,208,208,0.987
15,209,209,0.986
15,210,210,1.0
15,211,211,0.985
15,212,212,1.0
15,213,213,1.0
15,214,214,1.0
15,215,215,0.986
15,216,216,1.0
15,217,217,0.986
15,218,218,1.0
15,219,219,0.986
15,220,220,0.987
15,221,221,0.987
15,222,222,1.0
15,223,223,1.0
15,224,224,1.0
15,225,225,1.0
15,226,226,0.986
15,227,227,1.0
15,228,228,0.986
15,229,229,0.974
15,230,230,0.985
15,231,231,0.986
15,232,232,0.987
15,233,233,1.0
15,234,234,0.986
15,235,235,1.0
15,236,236,0.974
15,237,237,0.983
15,238,238,0.984
15,239,239,0.986
15,240,240,0.974
15,241,241,1.0
15,242,242,0.986
15,243,243,0.987
15,244,244,0.986
15,245,245,0.985
15,246,246,0.987
15,247,247,0.986
15,248,248,1.0
15,249,249,1.0
15,250,250,1.0
15,251,251,0.97
15,252,252,0.985
15,253,253,0.987
15,254,254,1.0
15,255,255,1.0
15,256,256,1.0
15,257,257,0.986
15,258,258,0.986
15,259,259,1.0
15,260,260,1.0
15,261,261,0.984
15,262,262,1.0
15,263,263,0.987
15,264,264,1.0
15,265,265,1.0
15,266,266,1.0
15,267,267,0.985
15,268,268,0.987
15,269,269,0.985
15,270,270,1.0
15,271,271,0.968
15,272,272,1.0
15,273,273,0.985
15,274,274,0.974
15,275,275,0.984
15,276,276,1.0
15,277,277,1.0
15,278,278,1.0
15,279,279,0.988
15,280,280,1.0
15,281,281,0.974
15,282,282,0.986
15,283,283,0.986
15,284,284,1.0
15,285,285,1.0
15,286,286,0.986
15,287,287,0.97
15,288,288,1.0
15,289,289,0.986
15,290,290,1.0
15,291,291,0.972
15,292,292,1.0
15,293,293,1.0
15,294,294,0.971
15,295,295,1.0
15,296,296,0.975
15,297,297,1.0
15,298,298,0.971
15,299,299,1.0
15,300,300,0.974
15,301,301,0.971
15,302,302,0.986
15,303,303,1.0
15,304,304,1.0
15,305,305,1.0
15,306,306,0.972
15,307,307,0.987
15,308,308,0.986
15,309,309,0.987
15,310,310,1.0
15,311,311,0.971
15,312,312,0.971
15,313,313,0.97
15,314,314,1.0
15,315,315,0.985
15,316,316,1.0
15,317,317,1.0
15,318,318,0.988
15,319,319,0.974
15,320,320,0.986
15,321,321,0.974
15,322,322,1.0
15,323,323,0.951
15,324,324,1.0
15,325,325,0.986
15,326,326,1.0
15,327,327,1.0
15,328,328,0.986
15,329,329,1.0
15,330,330,1.0
15,331,331,1.0
15,332,332,1.0
15,333,333,1.0
15,334,334,1.0
15,335,335,1.0
15,336,336,0.985
15,337,337,0.985
15,338,338,1.0
15,339,339,0.986
15,340,340,0.986
15,341,341,1.0
15,342,342,0.988
15,343,343,0.96
15,344,344,1.0
15,345,345,1.0
15,346,346,1.0
15,347,347,0.986
15,348,348,0.985
15,349,349,1.0
15,350,350,1.0
15,351,351,1.0
15,352,352,1.0
15,353,353,1.0
15,354,354,1.0
15,355,355,1.0
15,356,356,0.986
15,357,357,1.0
15,358,358,0.971
15,359,359,0.987
15,360,360,0.974
15,361,361,0.987
15,362,362,0.987
15,363,363,0.985
15,364,364,1.0
15,365,365,1.0
15,366,366,1.0
15,367,367,1.0
15,368,368,1.0
15,369,369,0.987
15,370,370,1.0
15,371,371,0.986
15,372,372,1.0
15,373,373,1.0
15,374,374,0.987
15,375,375,1.0
15,376,376,0.985
15,377,377,0.974
15,378,378,1.0
15,379,379,0.986
15,380,380,0.987
15,381,381,0.985
15,382,382,0.986
15,383,383,0.986
15,384,384,1.0
15,385,385,0.987
15,386,386,0.987
15,387,387,0.984
15,388,388,0.987
15,389,389,1.0
15,390,390,0.985
15,391,391,1.0
15,392,392,0.972
15,393,393,0.987
15,394,394,0.972
15,395,395,1.0
15,396,396,1.0
15,397,397,0.97
15,398,398,0.974
15,399,399,0.975
15,400,400,1.0
15,401,401,1.0
15,402,402,0.986
15,403,403,0.971
15,404,404,1.0
15,405,405,0.987
15,406,406,0.988
15,407,407,1.0
15,408,408,1.0
15,409,409,1.0
15,410,410,0.984
15,411,411,1.0
15,412,412,1.0
15,413,413,1.0
15,414,414,0.972
15,415,415,0.971
15,416,416,1.0
15,417,417,0.986
15,418,418,0.974
15,419,419,0.986
15,420,420,1.0
15,421,421,1.0
15,422,422,0.985
15,423,423,1.0
15,424,424,1.0
15,425,425,1.0
15,426,426,1.0
15,427,427,0.985
15,428,428,1.0
15,429,429,1.0
15,430,430,0.976
15,431,431,0.986
15,432,432,0.986
15,433,433,0.986
15,434,434,0.957
15,435,435,1.0
15,436,436,0.985
15,437,437,1.0
15,438,438,1.0
15,439,439,1.0
15,440,440,0.987
15,441,441,1.0
15,442,442,0.986
15,443,443,1.0
15,444,444,0.985
15,445,445,0.986
15,446,446,1.0
15,447,447,0.987
15,448,448,0.987
15,449,449,0.986
15,450,450,1.0
15,451,451,1.0
15,452,452,0.984
15,453,453,0.973
15,454,454,1.0
15,455,455,0.986
15,456,456,0.986
15,457,457,0.987
15,458,458,0.975
15,459,459,1.0
15,460,460,1.0
15,461,461,0.973
15,462,462,0.987
15,463,463,1.0
15,464,464,0.986
15,465,465,1.0
15,466,466,0.986
15,467,467,1.0
15,468,468,1.0
15,469,469,0.986
15,470,470,0.987
15,471,471,0.973
15,472,472,1.0
15,473,473,1.0
15,474,474,1.0
15,475,475,1.0
15,476,476,1.0
15,477,477,1.0
15,478,478,0.986
15,479,479,0.974
15,480,480,0.971
15,481,481,1.0
15,482,482,0.987
15,483,483,0.971
15,484,484,0.986
15,485,485,1.0
15,486,486,1.0
15,487,487,1.0
15,488,488,1.0
15,489,489,1.0
15,490,490,0.987
15,491,491,1.0
15,492,492,0.987
15,493,493,0.986
15,494,494,0.987
15,495,495,1.0
15,496,496,1.0
15,497,497,0.987
15,498,498,1.0
15,499,499,1.0
15,500,500,1.0
15,501,501,0.973
15,502,502,1.0
15,503,503,1.0
15,504,504,0.985
15,505,505,1.0
15,506,506,1.0
15,507,507,1.0
15,508,508,0.987
15,509,509,0.986
15,510,510,1.0
15,511,511,1.0
15,512,512,1.0
15,513,513,0.975
15,514,514,1.0
15,515,515,0.986
15,516,516,0.983
15,517,517,1.0
15,518,518,0.985
15,519,519,1.0
15,520,520,0.986
15,521,521,1.0
15,522,522,1.0
15,523,523,1.0
15,524,524,0.957
15,525,525,1.0
15,526,526,1.0
15,527,527,1.0
15,528,528,1.0
15,529,529,1.0
15,530,530,0.987
15,531,531,1.0
15,532,532,1.0
15,533,533,1.0
15,534,534,0.987
15,535,535,1.0
15,536,536,0.985
15,537,537,0.972
15,538,538,1.0
15,539,539,0.986
15,540,540,1.0
15,541,541,0.974
15,542,542,1.0
15,543,543,0.984
15,544,544,0.971
15,545,545,1.0
15,546,546,0.986
15,547,547,0.987
15,548,548,0.985
15,549,549,1.0
15,550,550,1.0
15,551,551,1.0
15,552,552,0.949
15,553,553,1.0
15,554,554,1.0
15,555,555,0.986
15,556,556,0.974
15,557,557,0.973
15,558,558,1.0
15,559,559,0.958
15,560,560,0.986
15,561,561,0.986
15,562,562,0.986
15,563,563,0.987
15,564,564,0.974
15,565,565,0.986
15,566,566,0.985
15,567,567,1.0
15,568,568,0.986
15,569,569,0.986
15,570,570,0.987
15,571,571,1.0
15,572,572,0.986
15,573,573,0.987
15,574,574,1.0
15,575,575,0.987
15,576,576,0.986
15,577,577,1.0
15,578,578,1.0
15,579,579,0.972
15,580,580,0.984
15,581,581,1.0
15,582,582,0.987
15,583,583,0.985
15,584,584,1.0
15,585,585,0.987
15,586,586,0.959
15,587,587,1.0
15,588,588,1.0
15,589,589,1.0
15,590,590,1.0
15,591,591,1.0
15,592,592,1.0
15,593,593,0.987
15,594,594,1.0
15,595,595,0.986
15,596,596,1.0
15,597,597,1.0
15,598,598,0.986
15,599,599,1.0
15,600,600,1.0
15,601,601,1.0
15,602,602,1.0
15,603,603,1.0
15,604,604,1.0
15,605,605,0.972
15,606,606,1.0
15,607,607,1.0
15,608,608,0.987
15,609,609,1.0
15,610,610,0.986
15,611,611,0.987
15,612,612,1.0
15,613,613,0.985
15,614,614,1.0
15,615,615,0.987
15,616,616,0.986
15,617,617,0.972
15,618,618,1.0
15,619,619,1.0
15,620,620,1.0
15,621,621,1.0
15,622,622,1.0
15,623,623,0.987
15,624,624,0.968
15,625,625,1.0
15,626,626,1.0
15,627,627,1.0
15,628,628,0.987
15,629,629,1.0
15,630,630,0.986
15,631,631,0.986
15,632,632,1.0
15,633,633,1.0
15,634,634,1.0
15,635,635,0.986
15,636,636,0.987
15,637,637,0.986
15,638,638,0.986
15,639,639,1.0
15,640,640,1.0
15,641,641,0.987
15,642,642,1.0
15,643,643,1.0
15,644,644,0.986
15,645,645,1.0
15,646,646,0.986
15,647,647,0.987
15,648,648,1.0
15,649,649,0.985
15,650,650,0.987
15,651,651,0.976
15,652,652,1.0
15,653,653,0.974
15,654,654,0.985
15,655,655,1.0
15,656,656,1.0
15,657,657,1.0
15,658,658,1.0
15,659,659,1.0
15,660,660,0.987
15,661,661,0.986
15,662,662,1.0
15,663,663,0.985
15,664,664,1.0
15,665,665,0.986
15,666,666,1.0
15,667,667,1.0
15,668,668,0.973
15,669,669,0.987
15,670,670,1.0
15,671,671,1.0
15,672,672,1.0
15,673,673,0.986
15,674,674,0.957
15,675,675,1.0
15,676,676,0.971
15,677,677,1.0
15,678,678,1.0
15,679,679,0.971
15,680,680,0.987
15,681,681,1.0
15,682,682,0.985
15,683,683,0.987
15,684,684,0.976
15,685,685,1.0
15,686,686,0.986
15,687,687,1.0
15,688,688,1.0
15,689,689,1.0
15,690,690,0.97
15,691,691,1.0
15,692,692,1.0
15,693,693,1.0
15,694,694,1.0
15,695,695,0.985
15,696,696,1.0
15,697,697,0.986
15,698,698,0.985
15,699,699,0.987
15,700,700,0.974
15,701,701,0.987
15,702,702,0.986
15,703,703,1.0
15,704,704,1.0
15,705,705,1.0
15,706,706,0.986
15,707,707,1.0
15,708,708,0.986
15,709,709,0.97
15,710,710,0.974
15,711,711,1.0
15,712,712,1.0
15,713,713,1.0
15,714,714,0.974
15,715,715,0.987
15,716,716,1.0
15,717,717,1.0
15,718,718,0.972
15,719,719,1.0
15,720,720,1.0
15,721,721,1.0
15,722,722,0.987
15,723,723,0.985
15,724,724,0.986
15,725,725,1.0
15,726,726,0.961
15,727,727,0.972
15,728,728,0.986
15,729,729,0.973
15,730,730,0.946
15,731,731,1.0
15,732,732,1.0
15,733,733,1.0
15,734,734,1.0
15,735,735,1.0
15,736,736,0.987
15,737,737,1.0
15,738,738,0.972
15,739,739,0.984
15,740,740,1.0
15,741,741,1.0
15,742,742,0.982
15,743,743,1.0
15,744,744,1.0
15,745,745,0.986
15,746,746,1.0
16,1,1,1.0
16,2,2,0.986
16,3,3,1.0
16,4,4,0.987
16,5,5,1.0
16,6,6,1.0
16,7,7,1.0
16,8,8,0.972
16,9,9,0.986
16,10,10,0.987
16,11,11,1.0
16,12,12,1.0
16,13,13,0.984
16,14,14,1.0
16,15,15,0.986
16,16,16,0.986
16,17,17,0.985
16,18,18,1.0
16,19,19,1.0
16,20,20,1.0
16,21,21,0.985
16,22,22,1.0
16,23,23,1.0
16,24,24,1.0
16,25,25,1.0
16,26,26,0.974
16,27,27,1.0
16,28,28,0.987
16,29,29,0.974
16,30,30,0.987
16,31,31,1.0
16,32,32,1.0
16,33,33,1.0
16,34,34,1.0
16,35,35,0.986
16,36,36,1.0
16,37,37,1.0
16,38,38,0.96
16,39,39,1.0
16,40,40,1.0
16,41,41,0.986
16,42,42,0.985
16,43,43,0.986
16,44,44,0.985
16,45,45,1.0
16,46,46,1.0
16,47,47,1.0
16,48,48,0.987
16,49,49,1.0
16,50,50,1.0
16,51,51,1.0
16,52,52,0.987
16,53,53,1.0
16,54,54,1.0
16,55,55,1.0
16,56,56,1.0
16,57,57,0.987
16,58,58,1.0
16,59,59,0.985
16,60,60,0.987
16,61,61,1.0
16,62,62,0.974
16,63,63,1.0
16,64,64,0.985
16,65,65,1.0
16,66,66,1.0
16,67,67,1.0
16,68,68,1.0
16,69,69,1.0
16,70,70,1.0
16,71,71,1.0
16,72,72,1.0
16,73,73,1.0
16,74,74,1.0
16,75,75,1.0
16,76,76,1.0
16,77,77,0.986
16,78,78,0.986
16,79,79,1.0
16,80,80,1.0
16,81,81,0.986
16,82,82,0.986
16,83,83,0.986
16,84,84,1.0
16,85,85,1.0
16,86,86,0.986
16,87,87,1.0
16,88,88,1.0
16,89,89,0.987
16,90,90,1.0
16,91,91,0.985
16,92,92,1.0
16,93,93,0.985
16,94,94,1.0
16,95,95,1.0
16,96,96,0.971
16,97,97,1.0
16,98,98,1.0
16,99,99,0.985
16,100,100,0.984
16,101,101,1.0
16,102,102,0.971
16,103,103,1.0
16,104,104,1.0
16,105,105,0.986
16,106,106,0.961
16,107,107,1.0
16,108,108,0.986
16,109,109,0.972
16,110,110,1.0
16,111,111,1.0
16,112,112,0.987
16,113,113,1.0
16,114,114,1.0
16,115,115,0.987
16,116,116,0.986
16,117,117,0.96
16,118,118,1.0
16,119,119,0.985
16,120,120,1.0
16,121,121,1.0
16,122,122,0.974
16,123,123,0.971
16,124,124,1.0
16,125,125,1.0
16,126,126,1.0
16,127,127,1.0
16,128,128,1.0
16,129,129,1.0
16,130,130,1.0
16,131,131,1.0
16,132,132,1.0
16,133,133,1.0
16,134,134,1.0
16,135,135,0.972
16,136,136,1.0
16,137,137,0.971
16,138,138,1.0
16,139,139,0.987
16,140,140,0.971
16,141,141,0.988
16,142,142,1.0
16,143,143,1.0
16,144,144,1.0
16,145,145,0.986
16,146,146,0.984
16,147,147,1.0
16,148,148,1.0
16,149,149,1.0
16,150,150,1.0
16,151,151,1.0
16,152,152,1.0
16,153,153,0.974
16,154,154,0.986
16,155,155,0.975
16,156,156,1.0
16,157,157,1.0
16,158,158,0.986
16,159,159,1.0
16,160,160,0.986
16,161,161,1.0
16,162,162,1.0
16,163,163,1.0
16,164,164,1.0
16,165,165,0.986
16,166,166,0.96
16,167,167,1.0
16,168,168,0.985
16,169,169,1.0
16,170,170,0.986
16,171,171,0.974
16,172,172,1.0
16,173,173,1.0
16,174,174,1.0
16,175,175,1.0
16,176,176,1.0
16,177,177,1.0
16,178,178,0.986
16,179,179,0.985
16,180,180,1.0
16,181,181,1.0
16,182,182,0.987
16,183,183,1.0
16,184,184,0.973
16,185,185,1.0
16,186,186,1.0
16,187,187,1.0
16,188,188,1.0
16,189,189,1.0
16,190,190,0.985
16,191,191,0.972
16,192,192,0.985
16,193,193,1.0
16,194,194,1.0
16,195,195,1.0
16,196,196,1.0
16,197,197,0.986
16,198,198,0.987
16,199,199,0.987
16,200,200,1.0
16,201,201,1.0
16,202,202,0.971
16,203,203,0.986
16,204,204,1.0
16,205,205,1.0
16,206,206,1.0
16,207,207,0.976
16,208,208,0.986
16,209,209,1.0
16,210,210,1.0
16,211,211,1.0
16,212,212,0.987
16,213,213,1.0
16,214,214,1.0
16,215,215,0.962
16,216,216,0.987
16,217,217,1.0
16,218,218,0.986
16,219,219,1.0
16,220,220,1.0
16,221,221,0.958
16,222,222,1.0
16,223,223,0.985
16,224,224,0.986
16,225,225,1.0
16,226,226,0.972
16,227,227,1.0
16,228,228,0.985
16,229,229,0.971
16,230,230,0.974
16,231,231,0.986
16,232,232,0.987
16,233,233,1.0
16,234,234,1.0
16,235,235,0.987
16,236,236,0.985
16,237,237,0.985
16,238,238,0.971
16,239,239,1.0
16,240,240,0.987
16,241,241,1.0
16,242,242,1.0
16,243,243,1.0
16,244,244,1.0
16,245,245,0.971
16,246,246,0.987
16,247,247,1.0
16,248,248,1.0
16,249,249,0.972
16,250,250,0.974
16,251,251,1.0
16,252,252,0.986
16,253,253,1.0
16,254,254,0.972
16,255,255,0.973
16,256,256,1.0
16,257,257,0.986
16,258,258,0.987
16,259,259,1.0
16,260,260,1.0
16,261,261,0.985
16,262,262,1.0
16,263,263,0.987
16,264,264,0.985
16,265,265,1.0
16,266,266,1.0
16,267,267,0.984
16,268,268,0.987
16,269,269,1.0
16,270,270,1.0
16,271,271,0.985
16,272,272,1.0
16,273,273,1.0
16,274,274,0.985
16,275,275,1.0
16,276,276,0.986
16,277,277,0.986
16,278,278,0.986
16,279,279,1.0
16,280,280,1.0
16,281,281,1.0
16,282,282,0.986
16,283,283,1.0
16,284,284,1.0
16,285,285,1.0
16,286,286,1.0
16,287,287,1.0
16,288,288,0.986
16,289,289,0.986
16,290,290,1.0
16,291,291,1.0
16,292,292,1.0
16,293,293,0.974
16,294,294,0.974
16,295,295,0.985
16,296,296,0.986
16,297,297,0.957
16,298,298,1.0
16,299,299,0.986
16,300,300,0.976
16,301,301,1.0
16,302,302,0.973
16,303,303,0.984
16,304,304,1.0
16,305,305,0.947
16,306,306,0.986
16,307,307,1.0
16,308,308,0.987
16,309,309,1.0
16,310,310,0.985
16,311,311,0.986
16,312,312,0.986
16,313,313,0.986
16,314,314,1.0
16,315,315,0.986
16,316,316,1.0
16,317,317,0.974
16,318,318,1.0
16,319,319,0.987
16,320,320,1.0
16,321,321,0.987
16,322,322,0.987
16,323,323,1.0
16,324,324,0.971
16,325,325,1.0
16,326,326,1.0
16,327,327,1.0
16,328,328,1.0
16,329,329,1.0
16,330,330,1.0
16,331,331,1.0
16,332,332,1.0
16,333,333,0.974
16,334,334,1.0
16,335,335,1.0
16,336,336,0.986
16,337,337,0.987
16,338,338,1.0
16,339,339,0.974
16,340,340,0.972
16,341,341,1.0
16,342,342,0.987
16,343,343,0.986
16,344,344,0.96
16,345,345,0.987
16,346,346,0.986
16,347,347,0.961
16,348,348,0.987
16,349,349,0.987
16,350,350,1.0
16,351,351,0.987
16,352,352,1.0
16,353,353,0.973
16,354,354,1.0
16,355,355,1.0
16,356,356,1.0
16,357,357,1.0
16,358,358,0.972
16,359,359,0.984
16,360,360,1.0
16,361,361,0.987
16,362,362,1.0
16,363,363,0.986
16,364,364,0.962
16,365,365,1.0
16,366,366,1.0
16,367,367,0.987
16,368,368,1.0
16,369,369,1.0
16,370,370,0.986
16,371,371,0.971
16,372,372,0.987
16,373,373,1.0
16,374,374,0.987
16,375,375,0.987
16,376,376,1.0
16,377,377,0.986
16,378,378,0.959
16,379,379,0.986
16,380,380,0.986
16,381,381,1.0
16,382,382,0.986
16,383,383,0.986
16,384,384,0.986
16,385,385,0.985
16,386,386,0.987
16,387,387,1.0
16,388,388,1.0
16,389,389,1.0
16,390,390,0.986
16,391,391,0.987
16,392,392,0.986
16,393,393,1.0
16,394,394,0.987
16,395,395,1.0
16,396,396,1.0
16,397,397,1.0
16,398,398,0.987
16,399,399,0.986
16,400,400,0.986
16,401,401,1.0
16,402,402,1.0
16,403,403,0.987
16,404,404,0.984
16,405,405,0.987
16,406,406,1.0
16,407,407,1.0
16,408,408,1.0
16,409,409,0.985
16,410,410,0.962
16,411,411,0.987
16,412,412,0.986
16,413,413,0.985
16,414,414,1.0
16,415,415,0.988
16,416,416,1.0
16,417,417,0.986
16,418,418,1.0
16,419,419,0.974
16,420,420,0.986
16,421,421,0.975
16,422,422,1.0
16,423,423,0.984
16,424,424,1.0
16,425,425,0.987
16,426,426,1.0
16,427,427,0.987
16,428,428,0.973
16,429,429,0.986
16,430,430,0.986
16,431,431,1.0
16,432,432,1.0
16,433,433,1.0
16,434,434,0.986
16,435,435,1.0
16,436,436,1.0
16,437,437,1.0
16,438,438,1.0
16,439,439,0.97
16,440,440,1.0
16,441,441,1.0
16,442,442,1.0
16,443,443,0.987
16,444,444,0.986
16,445,445,1.0
16,446,446,1.0
16,447,447,1.0
16,448,448,1.0
16,449,449,1.0
16,450,450,0.973
16,451,451,1.0
16,452,452,0.986
16,453,453,1.0
16,454,454,1.0
16,455,455,1.0
16,456,456,1.0
16,457,457,1.0
16,458,458,0.972
16,459,459,1.0
16,460,460,1.0
16,461,461,1.0
16,462,462,0.973
16,463,463,0.986
16,464,464,0.985
16,465,465,1.0
16,466,466,0.987
16,467,467,1.0
16,468,468,0.986
16,469,469,0.961
16,470,470,1.0
16,471,471,0.986
16,472,472,1.0
16,473,473,1.0
16,474,474,0.984
16,475,475,0.984
16,476,476,0.986
16,477,477,0.986
16,478,478,0.973
16,479,479,0.962
16,480,480,0.987
16,481,481,0.952
16,482,482,0.985
16,483,483,0.987
16,484,484,1.0
16,485,485,0.986
16,486,486,1.0
16,487,487,1.0
16,488,488,1.0
16,489,489,1.0
16,490,490,1.0
16,491,491,0.988
16,492,492,0.988
16,493,493,0.987
16,494,494,1.0
16,495,495,1.0
16,496,496,1.0
16,497,497,1.0
16,498,498,1.0
16,499,499,0.987
16,500,500,1.0
16,501,501,0.985
16,502,502,1.0
16,503,503,0.986
16,504,504,1.0
16,505,505,0.973
16,506,506,0.987
16,507,507,0.987
16,508,508,0.986
16,509,509,0.986
16,510,510,0.987
16,511,511,1.0
16,512,512,1.0
16,513,513,0.985
16,514,514,1.0
16,515,515,0.986
16,516,516,1.0
16,517,517,1.0
16,518,518,1.0
16,519,519,0.987
16,520,520,0.987
16,521,521,0.986
16,522,522,0.986
16,523,523,1.0
16,524,524,0.974
16,525,525,1.0
16,526,526,0.986
16,527,527,0.974
16,528,528,0.972
16,529,529,1.0
16,530,530,0.985
16,531,531,0.985
16,532,532,1.0
16,533,533,1.0
16,534,534,1.0
16,535,535,0.987
16,536,536,0.987
16,537,537,0.986
16,538,538,1.0
16,539,539,1.0
16,540,540,0.988
16,541,541,1.0
16,542,542,1.0
16,543,543,0.973
16,544,544,1.0
16,545,545,0.986
16,546,546,1.0
16,547,547,1.0
16,548,548,1.0
16,549,549,1.0
16,550,550,0.987
16,551,551,0.973
16,552,552,0.973
16,553,553,1.0
16,554,554,1.0
16,555,555,1.0
16,556,556,1.0
16,557,557,0.987
16,558,558,1.0
16,559,559,0.972
16,560,560,0.973
16,561,561,1.0
16,562,562,0.986
16,563,563,0.987
16,564,564,1.0
16,565,565,1.0
16,566,566,0.986
16,567,567,0.973
16,568,568,1.0
16,569,569,1.0
16,570,570,1.0
16,571,571,1.0
16,572,572,0.982
16,573,573,0.987
16,574,574,0.986
16,575,575,0.971
16,576,576,1.0
16,577,577,0.988
16,578,578,0.985
16,579,579,0.985
16,580,580,1.0
16,581,581,0.973
16,582,582,1.0
16,583,583,0.984
16,584,584,1.0
16,585,585,1.0
16,586,586,0.987
16,587,587,0.986
16,588,588,0.987
16,589,589,0.985
16,590,590,0.984
16,591,591,1.0
16,592,592,0.985
16,593,593,1.0
16,594,594,0.986
16,595,595,1.0
16,596,596,1.0
16,597,597,1.0
16,598,598,1.0
16,599,599,0.975
16,600,600,0.986
16,601,601,0.949
16,602,602,0.986
16,603,603,0.986
16,604,604,1.0
16,605,605,0.984
16,606,606,0.986
16,607,607,0.975
16,608,608,0.985
16,609,609,1.0
16,610,610,0.986
16,611,611,0.987
16,612,612,0.986
16,613,613,0.974
16,614,614,0.986
16,615,615,0.974
16,616,616,0.985
16,617,617,1.0
16,618,618,0.987
16,619,619,0.986
16,620,620,1.0
16,621,621,1.0
16,622,622,1.0
16,623,623,1.0
16,624,624,1.0
16,625,625,0.985
16,626,626,0.987
16,627,627,1.0
16,628,628,1.0
16,629,629,1.0
16,630,630,0.986
16,631,631,1.0
16,632,632,0.958
16,633,633,0.987
16,634,634,0.986
16,635,635,1.0
16,636,636,0.984
16,637,637,1.0
16,638,638,0.986
16,639,639,1.0
16,640,640,1.0
16,641,641,0.986
16,642,642,1.0
16,643,643,1.0
16,644,644,1.0
16,645,645,1.0
16,646,646,0.986
16,647,647,0.986
16,648,648,1.0
16,649,649,0.986
16,650,650,0.967
16,651,651,1.0
16,652,652,1.0
16,653,653,0.983
16,654,654,1.0
16,655,655,0.986
16,656,656,1.0
16,657,657,0.964
16,658,658,1.0
16,659,659,0.972
16,660,660,1.0
16,661,661,0.987
16,662,662,0.987
16,663,663,0.943
16,664,664,1.0
16,665,665,1.0
16,666,666,0.987
16,667,667,0.987
16,668,668,1.0
16,669,669,1.0
16,670,670,0.974
16,671,671,1.0
16,672,672,1.0
16,673,673,0.984
16,674,674,1.0
16,675,675,1.0
16,676,676,0.974
16,677,677,0.985
16,678,678,0.986
16,679,679,1.0
16,680,680,0.974
16,681,681,1.0
16,682,682,1.0
16,683,683,1.0
16,684,684,0.987
16,685,685,0.986
16,686,686,1.0
16,687,687,0.986
16,688,688,0.986
16,689,689,1.0
16,690,690,0.986
16,691,691,1.0
16,692,692,0.986
16,693,693,1.0
16,694,694,1.0
16,695,695,1.0
16,696,696,0.987
16,697,697,0.986
16,698,698,1.0
16,699,699,1.0
16,700,700,1.0
16,701,701,0.984
16,702,702,0.985
16,703,703,0.987
16,704,704,0.986
16,705,705,0.987
16,706,706,0.986
16,707,707,1.0
16,708,708,1.0
16,709,709,0.971
16,710,710,0.987
16,711,711,1.0
16,712,712,0.986
16,713,713,1.0
16,714,714,1.0
16,715,715,0.988
16,716,716,1.0
16,717,717,1.0
16,718,718,1.0
16,719,719,1.0
16,720,720,1.0
16,721,721,1.0
16,722,722,0.986
16,723,723,1.0
16,724,724,0.987
16,725,725,1.0
16,726,726,1.0
16,727,727,0.987
16,728,728,1.0
16,729,729,0.986
16,730,730,1.0
16,731,731,0.972
16,732,732,1.0
16,733,733,0.972
16,734,734,1.0
16,735,735,1.0
16,736,736,0.985
16,737,737,0.971
16,738,738,1.0
16,739,739,0.983
16,740,740,0.987
16,741,741,1.0
16,742,742,0.972
16,743,743,0.961
16,744,744,0.987
16,745,745,0.986
16,746,746,1.0
16,747,747,1.0
16,748,748,1.0
16,749,749,1.0
16,750,750,1.0
16,751,751,1.0
16,752,752,1.0
16,753,753,1.0
16,754,754,1.0
16,755,755,0.958
16,756,756,0.985
16,757,757,0.986
16,758,758,1.0
16,759,759,1.0
16,760,760,1.0
16,761,761,0.985
16,762,762,1.0
16,763,763,0.987
16,764,764,1.0
16,765,765,0.973
16,766,766,1.0
16,767,767,1.0
16,768,768,1.0
16,769,769,1.0
16,770,770,0.986
16,771,771,0.97
16,772,772,0.986
16,773,773,1.0
16,774,774,0.987
16,775,775,0.975
16,776,776,1.0
16,777,777,1.0
16,778,778,0.974
16,779,779,0.984
16,780,780,0.987
16,781,781,1.0
16,782,782,0.971
16,783,783,1.0
16,784,784,0.986
16,785,785,0.986
16,786,786,0.987
16,787,787,0.986
16,788,788,1.0
16,789,789,1.0
16,790,790,1.0
16,791,791,0.974
16,792,792,1.0
16,793,793,0.987
16,794,794,0.987
16,795,795,1.0
16,796,796,1.0
16,797,797,1.0
16,798,798,0.986
16,799,799,0.985
16,800,800,1.0
16,801,801,1.0
16,802,802,0.988
16,803,803,1.0
16,804,804,1.0
16,805,805,0.974
16,806,806,1.0
16,807,807,1.0
16,808,808,1.0
16,809,809,0.987
16,810,810,0.986
16,811,811,0.987
16,812,812,1.0
16,813,813,0.974
16,814,814,0.987
16,815,815,0.985
16,816,816,1.0
16,817,817,0.986
16,818,818,0.984
16,819,819,1.0
16,820,820,1.0
16,821,821,1.0
16,822,822,0.986
16,823,823,0.986
16,824,824,0.986
16,825,825,0.986
16,826,826,0.987
16,827,827,1.0
16,828,828,1.0
16,829,829,1.0
16,830,830,0.986
16,831,831,1.0
16,832,832,1.0
16,833,833,0.985
16,834,834,0.987
16,835,835,1.0
16,836,836,0.986
16,837,837,0.987
16,838,838,0.986
16,839,839,1.0
16,840,840,1.0
16,841,841,1.0
16,842,842,1.0
16,843,843,0.987
16,844,844,0.985
16,845,845,1.0
16,846,846,0.97
16,847,847,0.986
16,848,848,0.974
16,849,849,0.986
16,850,850,0.987
16,851,851,0.986
16,852,852,0.984
16,853,853,1.0
16,854,854,0.986
16,855,855,1.0
16,856,856,0.986
16,857,857,0.986
16,858,858,1.0
16,859,859,1.0
16,860,860,0.96
16,861,861,1.0
16,862,862,1.0
16,863,863,0.974
16,864,864,0.987
16,865,865,1.0
16,866,866,0.986
16,867,867,1.0
17,1,1,0.971
17,2,2,1.0
17,3,3,1.0
17,4,4,0.96
17,5,5,1.0
17,6,6,1.0
17,7,7,0.975
17,8,8,0.987
17,9,9,0.985
17,10,10,0.974
17,11,11,1.0
17,12,12,1.0
17,13,13,0.986
17,14,14,0.987
17,15,15,1.0
17,16,16,1.0
17,17,17,1.0
17,18,18,0.986
17,19,19,1.0
17,20,20,0.987
17,21,21,1.0
17,22,22,1.0
17,23,23,1.0
17,24,24,1.0
17,25,25,0.957
17,26,26,0.975
17,27,27,1.0
17,28,28,1.0
17,29,29,1.0
17,30,30,0.97
17,31,31,0.97
17,32,32,1.0
17,33,33,0.987
17,34,34,1.0
17,35,35,0.988
17,36,36,1.0
17,37,37,1.0
17,38,38,1.0
17,39,39,0.986
17,40,40,1.0
17,41,41,0.986
17,42,42,0.951
17,43,43,0.971
17,44,44,0.986
17,45,45,0.987
17,46,46,1.0
17,47,47,0.986
17,48,48,0.973
17,49,49,0.957
17,50,50,0.972
17,51,51,1.0
17,52,52,0.986
17,53,53,1.0
17,54,54,0.986
17,55,55,1.0
17,56,56,1.0
17,57,57,0.986
17,58,58,0.972
17,59,59,1.0
17,60,60,0.986
17,61,61,0.987
17,62,62,1.0
17,63,63,0.974
17,64,64,0.988
17,65,65,0.986
17,66,66,0.974
17,67,67,1.0
17,68,68,1.0
17,69,69,1.0
17,70,70,1.0
17,71,71,1.0
17,72,72,0.985
17,73,73,1.0
17,74,74,1.0
17,75,75,1.0
17,76,76,0.986
17,77,77,0.986
17,78,78,0.984
17,79,79,1.0
17,80,80,1.0
17,81,81,1.0
17,82,82,1.0
17,83,83,0.988
17,84,84,0.962
17,85,85,0.987
17,86,86,0.974
17,87,87,1.0
17,88,88,1.0
17,89,89,0.986
17,90,90,0.986
17,91,91,1.0
17,92,92,0.974
17,93,93,1.0
17,94,94,1.0
17,95,95,0.986
17,96,96,0.987
17,97,97,1.0
17,98,98,0.987
17,99,99,1.0
17,100,100,0.986
17,101,101,0.986
17,102,102,1.0
17,103,103,0.986
17,104,104,1.0
17,105,105,1.0
17,106,106,0.987
17,107,107,0.962
17,108,108,0.986
17,109,109,1.0
17,110,110,1.0
17,111,111,0.986
17,112,112,0.985
17,113,113,1.0
17,114,114,1.0
17,115,115,1.0
17,116,116,0.961
17,117,117,0.987
17,118,118,1.0
17,119,119,1.0
17,120,120,1.0
17,121,121,1.0
17,122,122,0.987
17,123,123,0.985
17,124,124,1.0
17,125,125,0.987
17,126,126,0.958
17,127,127,1.0
17,128,128,0.986
17,129,129,0.971
17,130,130,0.973
17,131,131,1.0
17,132,132,0.986
17,133,133,1.0
17,134,134,0.985
17,135,135,1.0
17,136,136,0.987
17,137,137,1.0
17,138,138,0.986
17,139,139,1.0
17,140,140,0.987
17,141,141,0.985
17,142,142,1.0
17,143,143,0.986
17,144,144,1.0
17,145,145,1.0
17,146,146,1.0
17,147,147,1.0
17,148,148,0.987
17,149,149,0.986
17,150,150,0.974
17,151,151,1.0
17,152,152,0.986
17,153,153,0.986
17,154,154,1.0
17,155,155,0.987
17,156,156,1.0
17,157,157,0.987
17,158,158,1.0
17,159,159,1.0
17,160,160,0.986
17,161,161,1.0
17,162,162,1.0
17,163,163,0.985
17,164,164,0.974
17,165,165,1.0
17,166,166,0.987
17,167,167,0.986
17,168,168,0.986
17,169,169,0.975
17,170,170,1.0
17,171,171,0.987
17,172,172,1.0
17,173,173,1.0
17,174,174,1.0
17,175,175,1.0
17,176,176,0.986
17,177,177,1.0
17,178,178,0.986
17,179,179,0.962
17,180,180,1.0
17,181,181,1.0
17,182,182,1.0
17,183,183,1.0
17,184,184,1.0
17,185,185,1.0
17,186,186,0.985
17,187,187,1.0
17,188,188,1.0
17,189,189,0.986
17,190,190,0.986
17,191,191,1.0
17,192,192,0.976
17,193,193,1.0
17,194,194,0.987
17,195,195,1.0
17,196,196,0.985
17,197,197,0.986
17,198,198,0.987
17,199,199,1.0
17,200,200,1.0
17,201,201,0.986
17,202,202,0.987
17,203,203,1.0
17,204,204,1.0
17,205,205,0.987
17,206,206,1.0
17,207,207,1.0
17,208,208,1.0
17,209,209,0.985
17,210,210,0.973
17,211,211,0.973
17,212,212,1.0
17,213,213,1.0
17,214,214,1.0
17,215,215,1.0
17,216,216,1.0
17,217,217,0.985
17,218,218,1.0
17,219,219,0.986
17,220,220,1.0
17,221,221,1.0
17,222,222,0.971
17,223,223,0.986
17,224,224,0.987
17,225,225,1.0
17,226,226,1.0
17,227,227,1.0
17,228,228,1.0
17,229,229,1.0
17,230,230,1.0
17,231,231,0.986
17,232,232,1.0
17,233,233,0.971
17,234,234,0.988
17,235,235,0.985
17,236,236,0.986
17,237,237,0.971
17,238,238,1.0
17,239,239,1.0
17,240,240,1.0
17,241,241,0.985
17,242,242,1.0
17,243,243,1.0
17,244,244,0.973
17,245,245,0.972
17,246,246,0.971
17,247,247,1.0
17,248,248,1.0
17,249,249,0.986
17,250,250,1.0
17,251,251,1.0
17,252,252,1.0
17,253,253,1.0
17,254,254,0.986
17,255,255,1.0
17,256,256,0.97
17,257,257,0.985
17,258,258,0.986
17,259,259,1.0
17,260,260,0.973
17,261,261,1.0
17,262,262,0.972
17,263,263,0.971
17,264,264,0.986
17,265,265,1.0
17,266,266,1.0
17,267,267,1.0
17,268,268,0.987
17,269,269,1.0
17,270,270,0.986
17,271,271,1.0
17,272,272,0.986
17,273,273,1.0
17,274,274,1.0
17,275,275,0.988
17,276,276,1.0
17,277,277,1.0
17,278,278,0.987
17,279,279,0.986
17,280,280,0.985
17,281,281,1.0
17,282,282,0.974
17,283,283,1.0
17,284,284,1.0
17,285,285,1.0
17,286,286,1.0
17,287,287,1.0
17,288,288,1.0
17,289,289,1.0
17,290,290,1.0
17,291,291,0.986
17,292,292,1.0
17,293,293,0.97
17,294,294,0.986
17,295,295,0.986
17,296,296,0.986
17,297,297,0.987
17,298,298,0.974
17,299,299,1.0
17,300,300,0.973
17,301,301,0.986
17,302,302,1.0
17,303,303,0.972
17,304,304,0.972
17,305,305,0.986
17,306,306,1.0
17,307,307,0.985
17,308,308,0.987
17,309,309,0.972
17,310,310,1.0
17,311,311,0.972
17,312,312,0.986
17,313,313,1.0
17,314,314,0.986
17,315,315,0.971
17,316,316,0.987
17,317,317,1.0
17,318,318,0.96
17,319,319,0.985
17,320,320,1.0
17,321,321,1.0
17,322,322,0.987
17,323,323,1.0
17,324,324,1.0
17,325,325,1.0
17,326,326,1.0
17,327,327,1.0
17,328,328,1.0
17,329,329,1.0
17,330,330,1.0
17,331,331,1.0
17,332,332,0.973
17,333,333,0.97
17,334,334,0.986
17,335,335,0.957
17,336,336,0.97
17,337,337,1.0
17,338,338,0.986
17,339,339,0.987
17,340,340,0.969
17,341,341,1.0
17,342,342,1.0
17,343,343,0.986
17,344,344,0.971
17,345,345,1.0
17,346,346,0.986
17,347,347,0.987
17,348,348,1.0
17,349,349,0.973
17,350,350,0.985
17,351,351,0.987
17,352,352,0.986
17,353,353,1.0
17,354,354,0.986
17,355,355,0.987
17,356,356,1.0
17,357,357,0.986
17,358,358,1.0
17,359,359,0.975
17,360,360,1.0
17,361,361,0.986
17,362,362,1.0
17,363,363,0.986
17,364,364,1.0
17,365,365,0.986
17,366,366,1.0
17,367,367,0.986
17,368,368,0.987
17,369,369,1.0
17,370,370,0.985
17,371,371,0.973
17,372,372,0.984
17,373,373,0.986
17,374,374,1.0
17,375,375,0.974
17,376,376,1.0
17,377,377,0.986
17,378,378,1.0
17,379,379,0.974
17,380,380,1.0
17,381,381,0.986
17,382,382,1.0
17,383,383,1.0
17,384,384,1.0
17,385,385,1.0
17,386,386,0.987
17,387,387,0.987
17,388,388,0.986
17,389,389,0.971
17,390,390,1.0
17,391,391,0.986
17,392,392,0.973
17,393,393,1.0
17,394,394,0.985
17,395,395,1.0
17,396,396,1.0
17,397,397,0.986
17,398,398,0.971
17,399,399,0.962
17,400,400,1.0
17,401,401,0.986
17,402,402,1.0
17,403,403,0.986
17,404,404,1.0
17,405,405,1.0
17,406,406,1.0
17,407,407,1.0
17,408,408,1.0
17,409,409,1.0
17,410,410,0.987
17,411,411,0.986
17,412,412,0.974
17,413,413,1.0
17,414,414,1.0
17,415,415,1.0
17,416,416,0.986
17,417,417,1.0
17,418,418,1.0
17,419,419,1.0
17,420,420,1.0
17,421,421,0.986
17,422,422,1.0
17,423,423,0.986
17,424,424,0.986
17,425,425,0.986
17,426,426,0.986
17,427,427,1.0
17,428,428,0.987
17,429,429,1.0
17,430,430,1.0
17,431,431,0.987
17,432,432,0.972
17,433,433,0.972
17,434,434,0.971
17,435,435,1.0
17,436,436,1.0
17,437,437,1.0
17,438,438,1.0
17,439,439,0.985
17,440,440,1.0
17,441,441,0.985
17,442,442,1.0
17,443,443,1.0
17,444,444,0.969
17,445,445,0.972
17,446,446,1.0
17,447,447,1.0
17,448,448,0.986
17,449,449,1.0
17,450,450,0.987
17,451,451,0.971
17,452,452,1.0
17,453,453,1.0
17,454,454,1.0
17,455,455,0.984
17,456,456,1.0
17,457,457,0.985
17,458,458,1.0
17,459,459,0.965
17,460,460,0.985
17,461,461,0.986
17,462,462,0.971
17,463,463,0.985
17,464,464,0.984
17,465,465,1.0
17,466,466,1.0
17,467,467,1.0
17,468,468,0.987
17,469,469,1.0
17,470,470,1.0
17,471,471,1.0
17,472,472,0.988
17,473,473,1.0
17,474,474,0.971
17,475,475,1.0
17,476,476,1.0
17,477,477,1.0
17,478,478,1.0
17,479,479,1.0
17,480,480,0.986
17,481,481,0.973
17,482,482,1.0
17,483,483,0.987
17,484,484,0.986
17,485,485,1.0
17,486,486,0.983
17,487,487,1.0
17,488,488,1.0
17,489,489,1.0
17,490,490,1.0
17,491,491,0.969
17,492,492,0.984
17,493,493,0.986
17,494,494,0.986
17,495,495,1.0
17,496,496,0.986
17,497,497,0.972
17,498,498,0.974
17,499,499,1.0
17,500,500,0.987
17,501,501,1.0
17,502,502,0.986
17,503,503,1.0
17,504,504,0.973
17,505,505,1.0
17,506,506,0.984
17,507,507,1.0
17,508,508,0.983
17,509,509,0.987
17,510,510,0.987
17,511,511,1.0
17,512,512,1.0
17,513,513,0.985
17,514,514,0.986
17,515,515,1.0
17,516,516,1.0
17,517,517,0.972
17,518,518,0.986
17,519,519,0.986
17,520,520,0.971
17,521,521,1.0
17,522,522,1.0
17,523,523,0.987
17,524,524,0.986
17,525,525,0.987
17,526,526,0.986
17,527,527,0.987
17,528,528,0.986
17,529,529,0.974
17,530,530,0.986
17,531,531,0.983
17,532,532,0.973
17,533,533,1.0
17,534,534,0.984
17,535,535,0.986
17,536,536,1.0
17,537,537,0.986
17,538,538,1.0
17,539,539,1.0
17,540,540,1.0
17,541,541,0.974
17,542,542,1.0
17,543,543,0.985
17,544,544,1.0
17,545,545,1.0
17,546,546,0.987
17,547,547,1.0
17,548,548,1.0
17,549,549,1.0
17,550,550,1.0
17,551,551,1.0
17,552,552,0.986
17,553,553,0.986
17,554,554,1.0
17,555,555,1.0
17,556,556,1.0
17,557,557,0.986
17,558,558,1.0
17,559,559,0.985
17,560,560,0.986
17,561,561,1.0
17,562,562,0.986
17,563,563,0.987
17,564,564,1.0
17,565,565,0.974
17,566,566,1.0
17,567,567,1.0
17,568,568,1.0
17,569,569,1.0
17,570,570,1.0
17,571,571,1.0
17,572,572,0.986
17,573,573,1.0
17,574,574,0.986
17,575,575,0.985
17,576,576,0.987
17,577,577,1.0
17,578,578,1.0
17,579,579,1.0
17,580,580,1.0
17,581,581,0.987
17,582,582,0.987
17,583,583,1.0
17,584,584,1.0
17,585,585,1.0
17,586,586,0.971
17,587,587,1.0
17,588,588,0.987
17,589,589,0.974
17,590,590,1.0
17,591,591,0.986
17,592,592,1.0
17,593,593,0.975
17,594,594,1.0
17,595,595,0.986
17,596,596,0.986
17,597,597,1.0
17,598,598,1.0
17,599,599,1.0
17,600,600,0.987
17,601,601,0.974
17,602,602,1.0
17,603,603,1.0
17,604,604,1.0
17,605,605,0.986
17,606,606,1.0
17,607,607,0.986
17,608,608,0.986
17,609,609,0.987
17,610,610,0.984
17,611,611,0.974
17,612,612,1.0
17,613,613,1.0
17,614,614,1.0
17,615,615,1.0
17,616,616,0.973
17,617,617,0.962
17,618,618,1.0
17,619,619,0.97
17,620,620,1.0
17,621,621,1.0
17,622,622,1.0
17,623,623,0.988
17,624,624,0.975
17,625,625,1.0
17,626,626,0.971
17,627,627,1.0
17,628,628,1.0
17,629,629,1.0
17,630,630,1.0
17,631,631,0.986
17,632,632,0.971
17,633,633,0.985
17,634,634,0.973
17,635,635,1.0
17,636,636,1.0
17,637,637,0.96
17,638,638,1.0
17,639,639,0.973
17,640,640,0.986
17,641,641,1.0
17,642,642,0.986
17,643,643,0.986
17,644,644,1.0
17,645,645,0.986
17,646,646,0.973
17,647,647,1.0
17,648,648,1.0
17,649,649,0.987
17,650,650,0.971
17,651,651,0.971
17,652,652,1.0
17,653,653,0.986
17,654,654,0.985
17,655,655,0.987
17,656,656,0.971
17,657,657,0.985
17,658,658,0.962
17,659,659,1.0
17,660,660,1.0
17,661,661,0.986
17,662,662,1.0
17,663,663,1.0
17,664,664,0.984
17,665,665,1.0
17,666,666,0.985
17,667,667,1.0
17,668,668,0.986
17,669,669,0.982
17,670,670,1.0
17,671,671,1.0
17,672,672,1.0
17,673,673,1.0
17,674,674,0.986
17,675,675,1.0
17,676,676,0.987
17,677,677,0.962
17,678,678,1.0
17,679,679,1.0
17,680,680,1.0
17,681,681,1.0
17,682,682,0.961
17,683,683,0.987
17,684,684,0.986
17,685,685,0.974
17,686,686,1.0
17,687,687,1.0
17,688,688,1.0
17,689,689,0.985
17,690,690,1.0
17,691,691,0.971
17,692,692,1.0
17,693,693,0.987
17,694,694,0.987
17,695,695,1.0
17,696,696,1.0
17,697,697,0.971
17,698,698,0.986
17,699,699,1.0
17,700,700,1.0
17,701,701,1.0
17,702,702,0.986
17,703,703,1.0
17,704,704,1.0
17,705,705,0.986
17,706,706,0.969
17,707,707,0.986
17,708,708,1.0
17,709,709,1.0
17,710,710,1.0
17,711,711,1.0
17,712,712,0.986
17,713,713,1.0
17,714,714,1.0
17,715,715,0.973
17,716,716,0.986
17,717,717,0.986
17,718,718,0.987
17,719,719,1.0
17,720,720,1.0
17,721,721,0.986
17,722,722,0.973
17,723,723,0.985
17,724,724,1.0
17,725,725,0.986
17,726,726,1.0
17,727,727,1.0
17,728,728,0.974
17,729,729,0.973
17,730,730,1.0
17,731,731,1.0
17,732,732,0.962
17,733,733,1.0
17,734,734,1.0
17,735,735,0.986
17,736,736,1.0
17,737,737,0.987
17,738,738,1.0
17,739,739,0.986
17,740,740,1.0
17,741,741,1.0
17,742,742,0.974
17,743,743,0.986
17,744,744,1.0
17,745,745,0.987
17,746,746,0.986
17,747,747,0.985
17,748,748,1.0
17,749,749,1.0
17,750,750,1.0
17,751,751,1.0
17,752,752,1.0
17,753,753,0.958
17,754,754,0.986
17,755,755,0.986
17,756,756,1.0
17,757,757,1.0
17,758,758,0.972
17,759,759,1.0
17,760,760,0.987
17,761,761,0.972
18,1,1,1.0
18,2,2,0.987
18,3,3,0.986
18,4,4,0.986
18,5,5,0.986
18,6,6,0.972
18,7,7,1.0
18,8,8,1.0
18,9,9,1.0
18,10,10,1.0
18,11,11,1.0
18,12,12,1.0
18,13,13,0.986
18,14,14,0.985
18,15,15,0.987
18,16,16,1.0
18,17,17,0.987
18,18,18,1.0
18,19,19,1.0
18,20,20,1.0
18,21,21,0.987
18,22,22,0.986
18,23,23,1.0
18,24,24,0.987
18,25,25,0.986
18,26,26,0.987
18,27,27,1.0
18,28,28,0.986
18,29,29,0.986
18,30,30,0.986
18,31,31,0.986
18,32,32,0.987
18,33,33,0.987
18,34,34,1.0
18,35,35,0.986
18,36,36,1.0
18,37,37,0.973
18,38,38,1.0
18,39,39,0.971
18,40,40,0.983
18,41,41,1.0
18,42,42,1.0
18,43,43,1.0
18,44,44,1.0
18,45,45,1.0
18,46,46,1.0
18,47,47,0.986
18,48,48,0.986
18,49,49,0.986
18,50,50,0.987
18,51,51,0.985
18,52,52,0.985
18,53,53,0.969
18,54,54,1.0
18,55,55,0.986
18,56,56,0.984
18,57,57,1.0
18,58,58,1.0
18,59,59,0.987
18,60,60,1.0
18,61,61,1.0
18,62,62,1.0
18,63,63,0.959
18,64,64,1.0
18,65,65,1.0
18,66,66,1.0
18,67,67,0.986
18,68,68,1.0
18,69,69,0.986
18,70,70,1.0
18,71,71,1.0
18,72,72,0.986
18,73,73,1.0
18,74,74,1.0
18,75,75,0.986
18,76,76,1.0
18,77,77,0.986
18,78,78,1.0
18,79,79,1.0
18,80,80,0.986
18,81,81,1.0
18,82,82,0.986
18,83,83,1.0
18,84,84,1.0
18,85,85,1.0
18,86,86,0.972
18,87,87,1.0
18,88,88,0.986
18,89,89,1.0
18,90,90,0.972
18,91,91,0.987
18,92,92,1.0
18,93,93,0.986
18,94,94,0.987
18,95,95,0.986
18,96,96,0.988
18,97,97,0.987
18,98,98,0.986
18,99,99,1.0
18,100,100,0.986
18,101,101,0.987
18,102,102,0.986
18,103,103,1.0
18,104,104,0.986
18,105,105,0.971
18,106,106,0.987
18,107,107,0.985
18,108,108,0.987
18,109,109,1.0
18,110,110,1.0
18,111,111,1.0
18,112,112,1.0
18,113,113,1.0
18,114,114,0.973
18,115,115,0.986
18,116,116,0.986
18,117,117,1.0
18,118,118,1.0
18,119,119,1.0
18,120,120,1.0
18,121,121,0.987
18,122,122,1.0
18,123,123,1.0
18,124,124,0.987
18,125,125,0.986
18,126,126,0.987
18,127,127,0.972
18,128,128,1.0
18,129,129,1.0
18,130,130,1.0
18,131,131,1.0
18,132,132,1.0
18,133,133,1.0
18,134,134,1.0
18,135,135,0.974
18,136,136,0.982
18,137,137,0.986
18,138,138,0.985
18,139,139,0.986
18,140,140,1.0
18,141,141,0.986
18,142,142,0.961
18,143,143,0.974
18,144,144,1.0
18,145,145,0.959
18,146,146,0.971
18,147,147,0.986
18,148,148,0.987
18,149,149,0.986
18,150,150,1.0
18,151,151,1.0
18,152,152,0.986
18,153,153,1.0
18,154,154,1.0
18,155,155,1.0
18,156,156,1.0
18,157,157,0.986
18,158,158,0.988
18,159,159,0.971
18,160,160,0.986
18,161,161,0.973
18,162,162,1.0
18,163,163,1.0
18,164,164,1.0
18,165,165,1.0
18,166,166,1.0
18,167,167,0.973
18,168,168,1.0
18,169,169,0.986
18,170,170,0.986
18,171,171,1.0
18,172,172,0.985
18,173,173,1.0
18,174,174,1.0
18,175,175,1.0
18,176,176,1.0
18,177,177,0.987
18,178,178,0.974
18,179,179,1.0
18,180,180,1.0
18,181,181,0.974
18,182,182,1.0
18,183,183,0.986
18,184,184,1.0
18,185,185,0.986
18,186,186,1.0
18,187,187,0.988
18,188,188,0.987
18,189,189,0.971
18,190,190,0.987
18,191,191,0.987
18,192,192,0.986
18,193,193,1.0
18,194,194,0.974
18,195,195,1.0
18,196,196,0.986
18,197,197,0.987
18,198,198,0.985
18,199,199,0.986
18,200,200,0.985
18,201,201,0.986
18,202,202,0.97
18,203,203,0.986
18,204,204,0.986
18,205,205,1.0
18,206,206,0.986
18,207,207,0.971
18,208,208,1.0
18,209,209,1.0
18,210,210,0.986
18,211,211,0.987
18,212,212,1.0
18,213,213,1.0
18,214,214,0.971
18,215,215,0.974
18,216,216,0.986
18,217,217,0.985
18,218,218,0.988
18,219,219,0.954
18,220,220,1.0
18,221,221,0.967
18,222,222,0.984
18,223,223,1.0
18,224,224,1.0
18,225,225,0.986
18,226,226,1.0
18,227,227,1.0
18,228,228,0.987
18,229,229,0.987
18,230,230,0.987
18,231,231,1.0
18,232,232,0.986
18,233,233,0.987
18,234,234,0.987
18,235,235,1.0
18,236,236,1.0
18,237,237,0.987
18,238,238,0.986
18,239,239,0.984
18,240,240,0.986
18,241,241,1.0
18,242,242,1.0
18,243,243,0.972
18,244,244,0.986
18,245,245,0.987
18,246,246,0.972
18,247,247,0.987
18,248,248,0.986
18,249,249,0.987
18,250,250,1.0
18,251,251,0.971
18,252,252,0.972
18,253,253,1.0
18,254,254,1.0
18,255,255,1.0
18,256,256,0.987
18,257,257,1.0
18,258,258,1.0
18,259,259,1.0
18,260,260,1.0
18,261,261,0.985
18,262,262,1.0
18,263,263,1.0
18,264,264,1.0
18,265,265,1.0
18,266,266,0.987
18,267,267,1.0
18,268,268,0.972
18,269,269,1.0
18,270,270,1.0
18,271,271,1.0
18,272,272,0.985
18,273,273,0.987
18,274,274,1.0
18,275,275,0.986
18,276,276,1.0
18,277,277,0.985
18,278,278,0.961
18,279,279,1.0
18,280,280,0.974
18,281,281,1.0
18,282,282,0.984
18,283,283,0.987
18,284,284,0.975
18,285,285,0.976
18,286,286,1.0
18,287,287,1.0
18,288,288,1.0
18,289,289,1.0
18,290,290,1.0
18,291,291,1.0
18,292,292,0.987
18,293,293,0.987
18,294,294,0.974
18,295,295,0.986
18,296,296,1.0
18,297,297,0.971
18,298,298,1.0
18,299,299,1.0
18,300,300,0.986
18,301,301,1.0
18,302,302,1.0
18,303,303,0.985
18,304,304,1.0
18,305,305,0.986
18,306,306,0.986
18,307,307,0.987
18,308,308,1.0
18,309,309,1.0
18,310,310,0.985
18,311,311,1.0
18,312,312,1.0
18,313,313,0.976
18,314,314,0.988
18,315,315,1.0
18,316,316,1.0
18,317,317,0.988
18,318,318,1.0
18,319,319,0.986
18,320,320,0.986
18,321,321,0.95
18,322,322,1.0
18,323,323,1.0
18,324,324,0.986
18,325,325,1.0
18,326,326,1.0
18,327,327,1.0
18,328,328,0.986
18,329,329,1.0
18,330,330,0.985
18,331,331,1.0
18,332,332,0.985
18,333,333,0.976
18,334,334,0.974
18,335,335,1.0
18,336,336,1.0
18,337,337,1.0
18,338,338,1.0
18,339,339,1.0
18,340,340,1.0
18,341,341,1.0
18,342,342,1.0
18,343,343,1.0
18,344,344,1.0
18,345,345,1.0
18,346,346,0.987
18,347,347,0.972
18,348,348,0.987
18,349,349,1.0
18,350,350,0.986
18,351,351,0.986
18,352,352,1.0
18,353,353,1.0
18,354,354,0.987
18,355,355,1.0
18,356,356,0.986
18,357,357,1.0
18,358,358,0.985
18,359,359,1.0
18,360,360,0.97
18,361,361,1.0
18,362,362,1.0
18,363,363,0.986
18,364,364,0.984
18,365,365,1.0
18,366,366,0.987
18,367,367,1.0
18,368,368,1.0
18,369,369,0.986
18,370,370,0.986
18,371,371,0.986
18,372,372,0.972
18,373,373,1.0
18,374,374,1.0
18,375,375,0.986
18,376,376,0.985
18,377,377,0.986
18,378,378,0.972
18,379,379,0.988
18,380,380,0.972
18,381,381,1.0
18,382,382,1.0
18,383,383,1.0
18,384,384,0.944
18,385,385,1.0
18,386,386,1.0
18,387,387,0.985
18,388,388,1.0
18,389,389,1.0
18,390,390,1.0
18,391,391,0.987
18,392,392,0.986
18,393,393,0.974
18,394,394,1.0
18,395,395,0.958
18,396,396,0.986
18,397,397,0.986
18,398,398,0.972
18,399,399,1.0
18,400,400,0.986
18,401,401,0.988
18,402,402,1.0
18,403,403,1.0
18,404,404,1.0
18,405,405,0.986
18,406,406,1.0
18,407,407,1.0
18,408,408,1.0
18,409,409,0.986
18,410,410,0.985
18,411,411,1.0
18,412,412,0.987
18,413,413,0.987
18,414,414,0.974
18,415,415,1.0
18,416,416,0.986
18,417,417,0.985
18,418,418,1.0
18,419,419,1.0
18,420,420,1.0
18,421,421,1.0
18,422,422,1.0
18,423,423,0.944
18,424,424,1.0
18,425,425,1.0
18,426,426,1.0
18,427,427,1.0
18,428,428,0.974
18,429,429,0.971
18,430,430,0.987
18,431,431,0.974
18,432,432,0.984
18,433,433,1.0
18,434,434,0.986
18,435,435,1.0
18,436,436,1.0
18,437,437,0.984
18,438,438,1.0
18,439,439,1.0
18,440,440,0.987
18,441,441,1.0
18,442,442,1.0
18,443,443,1.0
18,444,444,1.0
18,445,445,1.0
18,446,446,1.0
18,447,447,1.0
18,448,448,1.0
18,449,449,0.986
18,450,450,0.973
18,451,451,1.0
18,452,452,0.987
18,453,453,0.985
18,454,454,1.0
18,455,455,1.0
18,456,456,0.987
18,457,457,0.975
18,458,458,1.0
18,459,459,1.0
18,460,460,0.986
18,461,461,1.0
18,462,462,0.974
18,463,463,1.0
18,464,464,1.0
18,465,465,1.0
18,466,466,1.0
18,467,467,1.0
18,468,468,0.986
18,469,469,0.986
18,470,470,0.986
18,471,471,1.0
18,472,472,0.987
18,473,473,0.986
18,474,474,0.987
18,475,475,1.0
18,476,476,1.0
18,477,477,1.0
18,478,478,1.0
18,479,479,0.987
18,480,480,0.986
18,481,481,0.976
18,482,482,1.0
18,483,483,0.974
18,484,484,0.985
18,485,485,0.987
18,486,486,0.985
18,487,487,0.986
18,488,488,0.971
18,489,489,0.984
18,490,490,1.0
18,491,491,0.986
18,492,492,0.986
18,493,493,0.986
18,494,494,0.973
18,495,495,1.0
18,496,496,1.0
18,497,497,0.986
18,498,498,0.986
18,499,499,0.988
18,500,500,0.986
18,501,501,0.985
18,502,502,0.986
18,503,503,0.986
18,504,504,0.985
18,505,505,0.986
18,506,506,0.986
18,507,507,0.972
18,508,508,1.0
18,509,509,0.987
18,510,510,1.0
18,511,511,1.0
18,512,512,1.0
18,513,513,0.971
18,514,514,0.986
18,515,515,0.973
18,516,516,0.974
18,517,517,1.0
18,518,518,1.0
18,519,519,0.984
18,520,520,0.972
18,521,521,0.987
18,522,522,0.959
18,523,523,0.974
18,524,524,1.0
18,525,525,0.973
18,526,526,0.986
18,527,527,0.986
18,528,528,0.985
18,529,529,0.986
18,530,530,0.987
18,531,531,0.974
18,532,532,0.987
18,533,533,0.976
18,534,534,0.986
18,535,535,0.973
18,536,536,1.0
18,537,537,1.0
18,538,538,0.96
18,539,539,0.97
18,540,540,0.985
18,541,541,0.986
18,542,542,0.986
18,543,543,1.0
18,544,544,0.987
18,545,545,0.974
18,546,546,0.987
18,547,547,1.0
18,548,548,0.986
18,549,549,1.0
18,550,550,0.973
18,551,551,1.0
18,552,552,0.976
18,553,553,0.987
18,554,554,0.976
18,555,555,1.0
18,556,556,0.986
18,557,557,0.987
18,558,558,0.986
18,559,559,0.988
18,560,560,0.987
18,561,561,0.986
18,562,562,0.986
18,563,563,1.0
18,564,564,0.986
18,565,565,0.973
18,566,566,1.0
18,567,567,1.0
18,568,568,1.0
18,569,569,0.986
18,570,570,0.986
18,571,571,1.0
18,572,572,0.985
18,573,573,0.984
18,574,574,1.0
18,575,575,0.986
18,576,576,1.0
18,577,577,0.986
18,578,578,1.0
18,579,579,0.986
18,580,580,1.0
18,581,581,0.986
18,582,582,1.0
18,583,583,1.0
18,584,584,1.0
18,585,585,0.986
18,586,586,0.974
18,587,587,1.0
18,588,588,1.0
18,589,589,1.0
18,590,590,1.0
18,591,591,0.983
18,592,592,1.0
18,593,593,1.0
18,594,594,0.986
18,595,595,0.986
18,596,596,0.984
18,597,597,0.987
18,598,598,1.0
18,599,599,0.987
18,600,600,0.987
18,601,601,1.0
18,602,602,0.986
18,603,603,0.973
18,604,605,0.829
18,605,606,1.0
18,606,607,0.986
18,607,608,1.0
18,608,609,1.0
18,609,610,0.986
18,610,611,1.0
18,611,612,1.0
18,612,613,1.0
18,613,614,0.987
18,614,615,1.0
18,615,616,0.97
18,616,617,0.986
19,1,1,0.985
19,2,2,0.974
19,3,3,0.985
19,4,4,1.0
19,5,5,0.973
19,6,6,0.97
19,7,7,0.944
19,8,8,1.0
19,9,9,1.0
19,10,10,0.985
19,11,11,0.971
19,12,12,0.984
19,13,13,0.987
19,14,14,0.988
19,15,15,0.987
19,16,16,0.986
19,17,17,1.0
19,18,18,0.986
19,19,19,1.0
19,20,20,1.0
19,21,21,0.986
19,22,22,0.987
19,23,23,0.972
19,24,24,1.0
19,25,25,1.0
19,26,26,1.0
19,27,27,0.986
19,28,28,0.972
19,29,29,1.0
19,30,30,1.0
19,31,31,1.0
19,32,32,1.0
19,33,33,0.985
19,34,34,0.986
19,35,35,1.0
19,36,36,0.972
19,37,37,1.0
19,38,38,0.974
19,39,39,1.0
19,40,40,1.0
19,41,41,0.985
19,42,42,0.987
19,43,43,1.0
19,44,44,1.0
19,45,45,0.975
19,46,46,0.986
19,47,47,1.0
19,48,48,1.0
19,49,49,1.0
19,50,50,1.0
19,51,51,1.0
19,52,52,1.0
19,53,53,1.0
19,54,54,1.0
19,55,55,0.988
19,56,56,0.985
19,57,57,1.0
19,58,58,1.0
19,59,59,0.986
19,60,60,0.986
19,61,61,0.987
19,62,62,1.0
19,63,63,1.0
19,64,64,1.0
19,65,65,1.0
19,66,66,1.0
19,67,67,0.986
19,68,68,0.986
19,69,69,1.0
19,70,70,0.986
19,71,71,0.958
19,72,72,1.0
19,73,73,0.985
19,74,74,0.971
19,75,75,1.0
19,76,76,1.0
19,77,77,0.986
19,78,78,1.0
19,79,79,1.0
19,80,80,1.0
19,81,81,0.986
19,82,82,1.0
19,83,83,1.0
19,84,84,0.971
19,85,85,1.0
19,86,86,0.986
19,87,87,1.0
19,88,88,1.0
19,89,89,0.986
19,90,90,1.0
19,91,91,1.0
19,92,92,0.974
19,93,93,0.974
19,94,94,0.975
19,95,95,1.0
19,96,96,0.972
19,97,97,1.0
19,98,98,0.983
19,99,99,1.0
19,100,100,0.986
19,101,101,1.0
19,102,102,0.986
19,103,103,1.0
19,104,104,1.0
19,105,105,0.986
19,106,106,1.0
19,107,107,0.986
19,108,108,0.987
19,109,109,1.0
19,110,110,0.987
19,111,111,1.0
19,112,112,0.986
19,113,113,0.987
19,114,114,0.982
19,115,115,0.961
19,116,116,1.0
19,117,117,0.973
19,118,118,0.986
19,119,119,0.974
19,120,120,0.986
19,121,121,1.0
19,122,122,0.986
19,123,123,1.0
19,124,124,1.0
19,125,125,0.987
19,126,126,0.973
19,127,127,1.0
19,128,128,0.987
19,129,129,1.0
19,130,130,0.986
19,131,131,0.974
19,132,132,0.972
19,133,133,0.986
19,134,134,0.987
19,135,135,1.0
19,136,136,0.986
19,137,137,0.987
19,138,138,0.972
19,139,139,0.987
19,140,140,0.987
19,141,141,1.0
19,142,142,0.987
19,143,143,1.0
19,144,144,0.985
19,145,145,0.988
19,146,146,1.0
19,147,147,0.987
19,148,148,0.986
19,149,149,0.974
19,150,150,1.0
19,151,151,0.986
19,152,152,1.0
19,153,153,1.0
19,154,154,0.988
19,155,155,0.972
19,156,156,1.0
19,157,157,1.0
19,158,158,0.986
19,159,159,1.0
19,160,160,1.0
19,161,161,1.0
19,162,162,1.0
19,163,163,1.0
19,164,164,1.0
19,165,165,1.0
19,166,166,0.987
19,167,167,0.986
19,168,168,1.0
19,169,169,1.0
19,170,170,1.0
19,171,171,0.987
19,172,172,1.0
19,173,173,1.0
19,174,174,1.0
19,175,175,1.0
19,176,176,1.0
19,177,177,0.986
19,178,178,1.0
19,179,179,1.0
19,180,180,1.0
19,181,181,0.973
19,182,182,1.0
19,183,183,0.987
19,184,184,0.987
19,185,185,1.0
19,186,186,1.0
19,187,187,0.987
19,188,188,0.987
19,189,189,1.0
19,190,190,0.986
19,191,191,1.0
19,192,192,0.972
19,193,193,1.0
19,194,194,0.986
19,195,195,1.0
19,196,196,1.0
19,197,197,0.986
19,198,198,0.988
19,199,199,1.0
19,200,200,1.0
19,201,201,1.0
19,202,202,1.0
19,203,203,0.987
19,204,204,1.0
19,205,205,0.97
19,206,206,1.0
19,207,207,0.985
19,208,208,1.0
19,209,209,0.987
19,210,210,1.0
19,211,211,1.0
19,212,212,0.988
19,213,213,1.0
19,214,214,1.0
19,215,215,0.988
19,216,216,0.985
19,217,217,1.0
19,218,218,1.0
19,219,219,1.0
19,220,220,1.0
19,221,221,1.0
19,222,222,1.0
19,223,223,0.986
19,224,224,0.987
19,225,225,0.987
19,226,226,1.0
19,227,227,1.0
19,228,228,1.0
19,229,229,0.986
19,230,230,0.987
19,231,231,0.987
19,232,232,1.0
19,233,233,1.0
19,234,234,1.0
19,235,235,1.0
19,236,236,0.971
19,237,237,0.987
19,238,238,1.0
19,239,239,1.0
19,240,240,1.0
19,241,241,0.986
19,242,242,0.974
19,243,243,1.0
19,244,244,0.986
19,245,245,0.986
19,246,246,0.986
19,247,247,1.0
19,248,248,0.972
19,249,249,0.987
19,250,250,1.0
19,251,251,1.0
19,252,252,1.0
19,253,253,1.0
19,254,254,1.0
19,255,255,0.974
19,256,256,1.0
19,257,257,0.987
19,258,258,1.0
19,259,259,0.986
19,260,260,0.986
19,261,261,0.985
19,262,262,0.987
19,263,263,0.974
19,264,264,0.986
19,265,265,0.976
19,266,266,1.0
19,267,267,1.0
19,268,268,0.987
19,269,269,1.0
19,270,270,1.0
19,271,271,1.0
19,272,272,1.0
19,273,273,1.0
19,274,274,0.986
19,275,275,0.973
19,276,276,0.969
19,277,277,0.985
19,278,278,1.0
19,279,279,0.985
19,280,280,1.0
19,281,281,0.987
19,282,282,0.958
19,283,283,1.0
19,284,284,0.958
19,285,285,0.972
19,286,286,0.984
19,287,287,1.0
19,288,288,1.0
19,289,289,1.0
19,290,290,0.986
19,291,291,1.0
19,292,292,1.0
19,293,293,1.0
19,294,294,1.0
19,295,295,0.964
19,296,296,1.0
19,297,297,0.985
19,298,298,0.986
19,299,299,1.0
19,300,300,0.986
19,301,301,0.987
19,302,302,0.974
19,303,303,0.986
19,304,304,0.987
19,305,305,0.988
19,306,306,1.0
19,307,307,0.986
19,308,308,0.986
19,309,309,1.0
19,310,310,0.986
19,311,311,0.987
19,312,312,1.0
19,313,313,1.0
19,314,314,0.986
19,315,315,0.987
19,316,316,1.0
19,317,317,0.986
19,318,318,0.987
19,319,319,1.0
19,320,320,1.0
19,321,321,1.0
19,322,322,0.987
19,323,323,1.0
19,324,324,0.97
19,325,325,1.0
19,326,326,1.0
19,327,327,1.0
19,328,328,1.0
19,329,329,0.986
19,330,330,1.0
19,331,331,1.0
19,332,332,1.0
19,333,333,1.0
19,334,334,0.983
19,335,335,0.986
19,336,336,1.0
19,337,337,0.986
19,338,338,1.0
19,339,339,1.0
19,340,340,0.987
19,341,341,0.986
19,342,342,1.0
19,343,343,0.988
19,344,344,1.0
19,345,345,1.0
19,346,346,0.987
19,347,347,0.987
19,348,348,0.986
19,349,349,1.0
19,350,350,0.984
19,351,351,0.987
19,352,352,0.986
19,353,353,1.0
19,354,354,0.973
19,355,355,1.0
19,356,356,0.985
19,357,357,0.986
19,358,358,1.0
19,359,359,1.0
19,360,360,1.0
19,361,361,1.0
19,362,362,0.987
19,363,363,1.0
19,364,364,1.0
19,365,365,1.0
19,366,366,1.0
19,367,367,0.971
19,368,368,1.0
19,369,369,1.0
19,370,370,1.0
19,371,371,1.0
19,372,372,0.972
19,373,373,1.0
19,374,374,0.974
19,375,375,0.971
19,376,376,0.986
19,377,377,0.987
19,378,378,0.987
19,379,379,0.971
19,380,380,1.0
19,381,381,0.986
19,382,382,0.987
19,383,383,1.0
19,384,384,0.986
19,385,385,1.0
19,386,386,0.973
19,387,387,0.971
19,388,388,0.988
19,389,389,1.0
19,390,390,1.0
19,391,391,1.0
19,392,392,0.987
19,393,393,0.988
19,394,394,0.986
19,395,395,1.0
19,396,396,0.986
19,397,397,1.0
19,398,398,0.985
19,399,399,0.987
19,400,400,1.0
19,401,401,1.0
19,402,402,0.986
19,403,403,0.971
19,404,404,0.974
19,405,405,0.986
19,406,406,1.0
19,407,407,0.984
19,408,408,0.973
19,409,409,1.0
19,410,410,1.0
19,411,411,1.0
19,412,412,0.971
19,413,413,1.0
19,414,414,0.987
19,415,415,1.0
19,416,416,0.987
19,417,417,1.0
19,418,418,1.0
19,419,419,0.987
19,420,420,1.0
19,421,421,0.987
19,422,422,1.0
19,423,423,1.0
19,424,424,1.0
20,1,1,1.0
20,2,2,1.0
20,3,3,0.971
20,4,4,1.0
20,5,5,0.974
20,6,6,1.0
20,7,7,0.986
20,8,8,0.971
20,9,9,1.0
20,10,10,0.985
20,11,11,1.0
20,12,12,1.0
20,13,13,0.973
20,14,14,0.973
20,15,15,0.959
20,16,16,0.975
20,17,17,1.0
20,18,18,1.0
20,19,19,0.988
20,20,20,1.0
20,21,21,1.0
20,22,22,0.985
20,23,23,0.987
20,24,24,0.973
20,25,25,0.974
20,26,26,1.0
20,27,27,0.984
20,28,28,1.0
20,29,29,0.986
20,30,30,1.0
20,31,31,0.987
20,32,32,0.987
20,33,33,0.985
20,34,34,0.984
20,35,35,1.0
20,36,36,0.986
20,37,37,1.0
20,38,38,0.986
20,39,39,0.986
20,40,40,0.985
20,41,41,0.986
20,42,42,0.987
20,43,43,0.986
20,44,44,1.0
20,45,45,0.985
20,46,46,1.0
20,47,47,0.987
20,48,48,0.971
20,49,49,0.987
20,50,50,0.971
20,51,51,0.985
20,52,52,0.986
20,53,53,1.0
20,54,54,1.0
20,55,55,0.987
20,56,56,1.0
20,57,57,1.0
20,58,58,0.986
20,59,59,0.986
20,60,60,1.0
20,61,61,0.986
20,62,62,0.986
20,63,63,1.0
20,64,64,1.0
20,65,65,0.986
20,66,66,1.0
20,67,67,1.0
20,68,68,0.985
20,69,69,0.984
20,70,70,0.985
20,71,71,1.0
20,72,72,0.985
20,73,73,0.974
20,74,74,1.0
20,75,75,1.0
20,76,76,1.0
20,77,77,1.0
20,78,78,1.0
20,79,79,0.985
20,80,80,1.0
20,81,81,1.0
20,82,82,1.0
20,83,83,1.0
20,84,84,1.0
20,85,85,1.0
20,86,86,0.973
20,87,87,1.0
20,88,88,1.0
20,89,89,0.986
20,90,90,0.987
20,91,91,1.0
20,92,92,1.0
20,93,93,0.987
20,94,94,0.986
20,95,95,0.986
20,96,96,1.0
20,97,97,0.986
20,98,98,1.0
20,99,99,0.949
20,100,100,1.0
20,101,101,1.0
20,102,102,0.971
20,103,103,0.987
20,104,104,0.985
20,105,105,1.0
20,106,106,1.0
20,107,107,0.97
20,108,108,0.986
20,109,109,1.0
20,110,110,1.0
20,111,111,1.0
20,112,112,0.97
20,113,113,1.0
20,114,114,0.986
20,115,115,1.0
20,116,116,1.0
20,117,117,0.986
20,118,118,1.0
20,119,119,0.972
20,120,120,1.0
20,121,121,1.0
20,122,122,1.0
20,123,123,0.972
20,124,124,1.0
20,125,125,0.986
20,126,126,1.0
20,127,127,1.0
20,128,128,1.0
20,129,129,0.986
20,130,130,0.974
20,131,131,1.0
20,132,132,0.972
20,133,133,0.986
20,134,134,0.987
20,135,135,1.0
20,136,136,0.986
20,137,137,0.987
20,138,138,0.986
20,139,139,0.984
20,140,140,0.976
20,141,141,0.985
20,142,142,0.986
20,143,143,1.0
20,144,144,1.0
20,145,145,1.0
20,146,146,1.0
20,147,147,1.0
20,148,148,0.985
20,149,149,0.972
20,150,150,0.972
20,151,151,0.974
20,152,152,1.0
20,153,153,0.985
20,154,154,1.0
20,155,155,0.986
20,156,156,0.986
20,157,157,0.986
20,158,158,0.973
20,159,159,1.0
20,160,160,0.985
20,161,161,1.0
20,162,162,1.0
20,163,163,1.0
20,164,164,0.986
20,165,165,1.0
20,166,166,1.0
20,167,167,0.985
20,168,168,0.987
20,169,169,1.0
20,170,170,1.0
20,171,171,0.986
20,172,172,0.987
20,173,173,1.0
20,174,174,0.985
20,175,175,1.0
20,176,176,0.973
20,177,177,1.0
20,178,178,1.0
20,179,179,1.0
20,180,180,1.0
20,181,181,0.986
20,182,182,1.0
20,183,183,0.973
20,184,184,1.0
20,185,185,1.0
20,186,186,0.987
20,187,187,1.0
20,188,188,1.0
20,189,189,0.985
20,190,190,0.987
20,191,191,0.987
20,192,192,1.0
20,193,193,1.0
20,194,194,1.0
20,195,195,0.984
20,196,196,0.971
20,197,197,0.97
20,198,198,1.0
20,199,199,0.971
20,200,200,1.0
20,201,201,1.0
20,202,202,0.984
20,203,203,0.985
20,204,204,0.986
20,205,205,0.946
20,206,206,1.0
20,207,207,0.987
20,208,208,1.0
20,209,209,0.987
20,210,210,1.0
20,211,211,0.986
20,212,212,1.0
20,213,213,0.973
20,214,214,1.0
20,215,215,1.0
20,216,216,1.0
20,217,217,1.0
20,218,218,0.971
20,219,219,0.986
20,220,220,1.0
20,221,221,1.0
20,222,222,1.0
20,223,223,1.0
20,224,224,0.986
20,225,225,0.987
20,226,226,0.986
20,227,227,0.987
20,228,228,0.972
20,229,229,1.0
20,230,230,0.986
20,231,231,0.987
20,232,232,0.986
20,233,233,1.0
20,234,234,1.0
20,235,235,0.986
20,236,236,0.971
20,237,237,0.986
20,238,238,0.971
20,239,239,0.973
20,240,240,0.96
20,241,241,1.0
20,242,242,0.987
20,243,243,1.0
20,244,244,0.986
20,245,245,0.982
20,246,246,1.0
20,247,247,0.974
20,248,248,0.975
20,249,249,1.0
20,250,250,0.972
20,251,251,1.0
20,252,252,1.0
20,253,253,1.0
20,254,254,0.986
20,255,255,0.987
20,256,256,0.971
20,257,257,0.987
20,258,258,0.986
20,259,259,1.0
20,260,260,0.987
20,261,261,1.0
20,262,262,1.0
20,263,263,1.0
20,264,264,0.986
20,265,265,0.983
20,266,266,0.987
20,267,267,0.986
20,268,268,1.0
20,269,269,0.974
20,270,270,1.0
20,271,271,0.986
20,272,272,0.987
20,273,273,0.988
20,274,274,0.972
20,275,275,0.986
20,276,276,0.985
20,277,277,0.971
20,278,278,0.971
20,279,279,0.969
20,280,280,0.986
20,281,281,0.987
20,282,282,0.986
20,283,283,1.0
20,284,284,1.0
20,285,285,1.0
20,286,286,0.986
20,287,287,0.987
20,288,288,1.0
20,289,289,0.986
20,290,290,1.0
20,291,291,0.985
20,292,292,0.987
20,293,293,1.0
20,294,294,1.0
20,295,295,1.0
20,296,296,1.0
20,297,297,1.0
20,298,298,0.974
20,299,299,1.0
20,300,300,0.974
20,301,301,1.0
20,302,302,0.987
20,303,303,1.0
20,304,304,1.0
20,305,305,1.0
20,306,306,1.0
20,307,307,1.0
20,308,308,1.0
20,309,309,0.97
20,310,310,0.986
20,311,311,1.0
20,312,312,1.0
20,313,313,1.0
20,314,314,0.986
20,315,315,0.986
20,316,316,0.971
20,317,317,0.984
20,318,318,0.986
20,319,319,0.986
20,320,320,0.957
20,321,321,0.987
20,322,322,1.0
20,323,323,1.0
20,324,324,1.0
20,325,325,0.971
20,326,326,1.0
20,327,327,1.0
20,328,328,0.969
20,329,329,1.0
20,330,330,0.986
20,331,331,1.0
20,332,332,0.984
20,333,333,1.0
20,334,334,1.0
20,335,335,0.985
20,336,336,1.0
20,337,337,0.987
20,338,338,1.0
20,339,339,0.985
20,340,340,0.986
20,341,341,0.95
20,342,342,0.974
20,343,343,0.986
20,344,344,0.986
20,345,345,1.0
20,346,346,1.0
20,347,347,1.0
20,348,348,1.0
20,349,349,1.0
20,350,350,1.0
20,351,351,0.987
20,352,352,1.0
20,353,353,1.0
20,354,354,1.0
20,355,355,0.961
20,356,356,1.0
20,357,357,0.987
20,358,358,0.973
20,359,359,0.986
20,360,360,0.986
20,361,361,0.974
20,362,362,0.987
20,363,363,1.0
20,364,364,0.986
20,365,365,0.96
20,366,366,1.0
20,367,367,1.0
20,368,368,0.986
20,369,369,0.987
20,370,370,1.0
20,371,371,0.987
20,372,372,0.986
20,373,373,0.957
20,374,374,0.971
20,375,375,0.975
20,376,376,1.0
20,377,377,1.0
20,378,378,0.982
20,379,379,0.974
20,380,380,0.985
20,381,381,0.987
20,382,382,0.985
20,383,383,1.0
20,384,384,1.0
20,385,385,1.0
20,386,386,0.972
20,387,387,0.986
20,388,388,0.987
20,389,389,0.987
20,390,390,0.987
20,391,391,1.0
20,392,392,0.984
20,393,393,0.986
20,394,394,1.0
20,395,395,0.969
20,396,396,1.0
20,397,397,1.0
20,398,398,0.973
20,399,399,0.984
20,400,400,1.0
20,401,401,0.971
20,402,402,1.0
20,403,403,1.0
20,404,404,1.0
20,405,405,1.0
20,406,406,0.973
20,407,407,0.986
20,408,408,0.986
20,409,409,1.0
20,410,410,1.0
20,411,411,1.0
20,412,412,1.0
20,413,413,1.0
20,414,414,1.0
20,415,415,1.0
20,416,416,0.986
20,417,417,0.974
20,418,418,0.974
20,419,419,0.985
20,420,420,1.0
20,421,421,0.947
20,422,422,0.959
20,423,423,1.0
20,424,424,0.986
20,425,425,0.987
20,426,426,0.987
20,427,427,1.0
20,428,428,1.0
20,429,429,0.973
20,430,430,0.987
20,431,431,1.0
20,432,432,1.0
20,433,433,0.984
20,434,434,0.987
20,435,435,0.986
20,436,436,1.0
20,437,437,1.0
20,438,438,0.986
20,439,439,1.0
20,440,440,0.97
20,441,441,1.0
20,442,442,1.0
20,443,443,0.986
20,444,444,0.958
20,445,445,0.988
20,446,446,0.985
20,447,447,0.987
20,448,448,0.986
20,449,449,1.0
20,450,450,0.987
20,451,451,1.0
20,452,452,0.986
20,453,453,1.0
20,454,454,1.0
20,455,455,0.974
20,456,456,1.0
20,457,457,1.0
20,458,458,1.0
20,459,459,1.0
20,460,460,1.0
20,461,461,1.0
20,462,462,1.0
20,463,463,0.987
20,464,464,1.0
20,465,465,1.0
20,466,466,1.0
20,467,467,0.986
20,468,468,0.987
20,469,469,0.972
20,470,470,0.987
20,471,471,1.0
20,472,472,1.0
20,473,473,0.96
20,474,474,0.985
20,475,475,1.0
20,476,476,0.974
20,477,477,1.0
20,478,478,0.974
20,479,479,1.0
20,480,480,1.0
20,481,481,0.987
20,482,482,0.984
20,483,483,0.976
20,484,484,0.971
20,485,485,1.0
20,486,486,0.987
20,487,487,0.97
20,488,488,1.0
20,489,489,0.972
20,490,490,0.971
20,491,491,1.0
20,492,492,1.0
20,493,493,1.0
20,494,494,0.987
20,495,495,0.987
20,496,496,1.0
20,497,497,0.974
20,498,498,0.985
20,499,499,0.988
20,500,500,1.0
20,501,501,0.973
20,502,502,0.971
20,503,503,1.0
21,1,1,0.985
21,2,2,1.0
21,3,3,1.0
21,4,4,1.0
21,5,5,1.0
21,6,6,0.971
21,7,7,1.0
21,8,8,1.0
21,9,9,0.974
21,10,10,0.958
21,11,11,1.0
21,12,12,0.972
21,13,13,1.0
21,14,14,0.986
21,15,15,0.984
21,16,16,1.0
21,17,17,0.987
21,18,18,0.987
21,19,19,1.0
21,20,20,0.976
21,21,21,0.986
21,22,22,0.986
21,23,23,1.0
21,24,24,1.0
21,25,25,1.0
21,26,26,0.988
21,27,27,1.0
21,28,28,1.0
21,29,29,1.0
21,30,30,0.985
21,31,31,1.0
21,32,32,0.986
21,33,33,1.0
21,34,34,0.985
21,35,35,0.987
21,36,36,1.0
21,37,37,0.986
21,38,38,0.987
21,39,39,0.972
21,40,40,1.0
21,41,41,1.0
21,42,42,0.986
21,43,43,0.985
21,44,44,1.0
21,45,45,0.987
21,46,46,1.0
21,47,47,1.0
21,48,48,1.0
21,49,49,0.986
21,50,50,0.988
21,51,51,0.988
21,52,52,0.963
21,53,53,0.986
21,54,54,0.986
21,55,55,1.0
21,56,56,1.0
21,57,57,0.985
21,58,58,1.0
21,59,59,1.0
21,60,60,0.985
21,61,61,1.0
21,62,62,0.986
21,63,63,1.0
21,64,64,1.0
21,65,65,0.985
21,66,66,1.0
21,67,67,1.0
21,68,68,0.987
21,69,69,0.968
21,70,70,1.0
21,71,71,1.0
21,72,72,0.986
21,73,73,1.0
21,74,74,0.961
21,75,75,0.985
21,76,76,1.0
21,77,77,0.984
21,78,78,0.987
21,79,79,1.0
21,80,80,1.0
21,81,81,0.984
21,82,82,1.0
21,83,83,0.986
21,84,84,1.0
21,85,85,1.0
21,86,86,1.0
21,87,87,1.0
21,88,88,0.987
21,89,89,0.987
21,90,90,1.0
21,91,91,1.0
21,92,92,0.986
21,93,93,0.987
21,94,94,0.986
21,95,95,0.987
21,96,96,1.0
21,97,97,1.0
21,98,98,0.974
21,99,99,0.986
21,100,100,1.0
21,101,101,1.0
21,102,102,0.986
21,103,103,0.973
21,104,104,1.0
21,105,105,0.987
21,106,106,1.0
21,107,107,1.0
21,108,108,1.0
21,109,109,0.973
21,110,110,0.987
21,111,111,1.0
21,112,112,1.0
21,113,113,1.0
21,114,114,0.987
21,115,115,0.973
21,116,116,1.0
21,117,117,0.986
21,118,118,0.985
21,119,119,0.987
21,120,120,0.988
21,121,121,0.986
21,122,122,0.973
21,123,123,0.986
21,124,124,1.0
21,125,125,1.0
21,126,126,0.987
21,127,127,1.0
21,128,128,0.987
21,129,129,0.986
21,130,130,0.986
21,131,131,1.0
21,132,132,0.986
21,133,133,1.0
21,134,134,1.0
21,135,135,1.0
21,136,136,0.986
21,137,137,0.985
21,138,138,1.0
21,139,139,1.0
21,140,140,1.0
21,141,141,0.985
21,142,142,1.0
21,143,143,1.0
21,144,144,0.974
21,145,145,1.0
21,146,146,1.0
21,147,147,0.986
21,148,148,0.973
21,149,149,1.0
21,150,150,1.0
21,151,151,1.0
21,152,152,0.987
21,153,153,1.0
21,154,154,0.97
21,155,155,1.0
21,156,156,1.0
21,157,157,1.0
21,158,158,1.0
21,159,159,0.986
21,160,160,0.987
21,161,161,0.973
21,162,162,0.986
21,163,163,1.0
21,164,164,0.987
21,165,165,1.0
21,166,166,0.986
21,167,167,0.975
21,168,168,1.0
21,169,169,0.985
21,170,170,1.0
21,171,171,0.974
21,172,172,0.963
21,173,173,0.986
21,174,174,0.97
21,175,175,0.986
21,176,176,1.0
21,177,177,1.0
21,178,178,1.0
21,179,179,1.0
21,180,180,0.974
21,181,181,1.0
21,182,182,0.963
21,183,183,0.986
21,184,184,0.987
21,185,185,1.0
21,186,186,1.0
21,187,187,1.0
21,188,188,0.987
21,189,189,0.971
21,190,190,1.0
21,191,191,1.0
21,192,192,1.0
21,193,193,0.987
21,194,194,1.0
21,195,195,1.0
21,196,196,1.0
21,197,197,1.0
21,198,198,1.0
21,199,199,0.974
21,200,200,1.0
21,201,201,0.987
21,202,202,1.0
21,203,203,0.987
21,204,204,1.0
21,205,205,0.987
21,206,206,0.985
21,207,207,1.0
21,208,208,0.985
21,209,209,0.987
21,210,210,0.987
21,211,211,0.988
21,212,212,1.0
21,213,213,0.986
21,214,214,0.987
21,215,215,1.0
21,216,216,1.0
21,217,217,0.986
21,218,218,1.0
21,219,219,1.0
21,220,220,1.0
21,221,221,0.971
21,222,222,0.988
21,223,223,1.0
21,224,224,0.986
21,225,225,1.0
21,226,226,1.0
21,227,227,1.0
21,228,228,0.987
21,229,229,1.0
21,230,230,0.986
21,231,231,1.0
21,232,232,0.986
21,233,233,1.0
21,234,234,0.986
21,235,235,0.987
21,236,236,0.977
21,237,237,1.0
21,238,238,1.0
21,239,239,1.0
21,240,240,0.972
21,241,241,0.986
21,242,242,1.0
21,243,243,0.984
21,244,244,1.0
21,245,245,1.0
21,246,246,0.944
21,247,247,1.0
21,248,248,0.96
21,249,249,1.0
21,250,250,1.0
21,251,251,0.973
21,252,252,0.986
21,253,253,0.986
21,254,254,1.0
21,255,255,1.0
21,256,256,0.972
21,257,257,0.973
21,258,258,1.0
21,259,259,1.0
21,260,260,1.0
21,261,261,0.987
21,262,262,1.0
21,263,263,1.0
21,264,264,1.0
21,265,265,0.986
21,266,266,1.0
21,267,267,1.0
21,268,268,1.0
21,269,269,0.974
21,270,270,0.971
21,271,271,0.987
21,272,272,0.986
21,273,273,1.0
21,274,274,1.0
21,275,275,0.986
21,276,276,1.0
21,277,277,0.984
21,278,278,1.0
21,279,279,0.952
21,280,280,0.974
21,281,281,1.0
21,282,282,0.986
21,283,283,0.985
21,284,284,0.985
21,285,285,0.987
21,286,286,0.987
21,287,287,1.0
21,288,288,0.986
21,289,289,1.0
21,290,290,1.0
21,291,291,1.0
21,292,292,0.986
21,293,293,0.986
21,294,294,1.0
21,295,295,1.0
21,296,296,0.987
21,297,297,1.0
21,298,298,0.973
21,299,299,1.0
21,300,300,0.986
21,301,301,1.0
21,302,302,0.971
21,303,303,0.986
21,304,304,0.987
21,305,305,0.988
21,306,306,1.0
21,307,307,0.972
21,308,308,1.0
21,309,309,1.0
21,310,310,1.0
21,311,311,0.986
21,312,312,0.987
21,313,313,0.986
21,314,314,1.0
21,315,315,0.986
21,316,316,1.0
21,317,317,1.0
21,318,318,0.974
21,319,319,1.0
21,320,320,0.986
21,321,321,1.0
21,322,322,1.0
21,323,323,1.0
21,324,324,0.985
21,325,325,1.0
21,326,326,0.986
21,327,327,0.97
21,328,328,0.966
21,329,329,1.0
21,330,330,0.987
21,331,331,1.0
21,332,332,1.0
21,333,333,0.987
21,334,334,1.0
21,335,335,1.0
21,336,336,1.0
21,337,337,0.987
21,338,338,0.974
21,339,339,1.0
21,340,340,0.972
21,341,341,0.987
21,342,342,0.987
21,343,343,1.0
21,344,344,0.977
21,345,345,0.971
21,346,346,0.954
21,347,347,0.985
21,348,348,0.985
21,349,349,0.986
21,350,350,1.0
21,351,351,1.0
21,352,352,1.0
21,353,353,0.987
21,354,354,1.0
21,355,355,1.0
21,356,356,0.949
21,357,357,0.974
21,358,358,0.974
21,359,359,0.987
21,360,360,1.0
21,361,361,0.986
21,362,362,1.0
21,363,363,1.0
21,364,364,1.0
21,365,365,0.986
21,366,366,0.96
21,367,367,0.986
21,368,368,1.0
21,369,369,1.0
21,370,370,1.0
21,371,371,1.0
21,372,372,0.987
21,373,373,0.974
21,374,374,0.986
21,375,375,0.971
21,376,376,0.984
21,377,377,0.986
21,378,378,0.974
21,379,379,1.0
21,380,380,1.0
21,381,381,0.987
21,382,382,0.986
21,383,383,1.0
21,384,384,1.0
21,385,385,0.986
21,386,386,1.0
21,387,387,0.974
21,388,388,1.0
21,389,389,1.0
21,390,390,0.986
21,391,391,0.974
21,392,392,1.0
21,393,393,1.0
21,394,394,0.974
21,395,395,1.0
21,396,396,0.985
21,397,397,1.0
21,398,398,1.0
21,399,399,0.984
21,400,400,0.986
21,401,401,1.0
21,402,402,1.0
21,403,403,0.986
21,404,404,1.0
21,405,405,0.988
21,406,406,0.986
21,407,407,0.987
21,408,408,0.987
21,409,409,1.0
21,410,410,0.986
21,411,411,0.987
21,412,412,1.0
21,413,413,0.986
21,414,414,1.0
21,415,415,1.0
21,416,416,0.987
21,417,417,0.988
21,418,418,0.984
21,419,419,0.986
21,420,420,1.0
21,421,421,0.972
21,422,422,1.0
21,423,423,0.986
21,424,424,0.986
21,425,425,0.987
21,426,426,0.987
21,427,427,0.957
21,428,428,1.0
21,429,429,0.985
21,430,430,1.0
21,431,431,1.0
21,432,432,1.0
21,433,433,1.0
21,434,434,1.0
21,435,435,1.0
21,436,436,1.0
21,437,437,0.986
21,438,438,1.0
21,439,439,1.0
21,440,440,1.0
21,441,441,0.986
21,442,442,1.0
21,443,443,0.985
21,444,444,1.0
21,445,445,1.0
21,446,446,1.0
21,447,447,0.986
21,448,448,0.987
21,449,449,1.0
21,450,450,0.986
21,451,451,1.0
21,452,452,0.986
21,453,453,0.986
21,454,454,1.0
21,455,455,0.974
21,456,456,1.0
21,457,457,1.0
21,458,458,0.987
21,459,459,1.0
21,460,460,1.0
21,461,461,0.987
21,462,462,0.985
21,463,463,1.0
21,464,464,1.0
21,465,465,1.0
21,466,466,1.0
21,467,467,0.985
21,468,468,0.986
21,469,469,1.0
21,470,470,1.0
21,471,471,1.0
21,472,472,1.0
21,473,473,1.0
21,474,474,1.0
21,475,475,1.0
21,476,476,1.0
21,477,477,1.0
21,478,478,0.986
21,479,479,1.0
21,480,480,1.0
21,481,481,0.986
21,482,482,1.0
21,483,483,1.0
21,484,484,0.987
21,485,485,0.987
21,486,486,0.987
21,487,487,0.973
21,488,488,0.987
21,489,489,1.0
21,490,490,0.955
21,491,491,0.958
21,492,492,0.987
21,493,493,0.986
21,494,494,0.971
21,495,495,0.986
21,496,496,0.985
21,497,497,1.0
21,498,498,1.0
21,499,499,0.986
21,500,500,0.987
21,501,501,1.0
21,502,502,0.985
21,503,503,0.987
21,504,504,1.0
21,505,505,0.973
21,506,506,1.0
21,507,507,0.974
21,508,508,1.0
21,509,509,0.987
21,510,510,1.0
21,511,511,0.987
21,512,512,0.986
21,513,513,1.0
21,514,514,1.0
21,515,515,1.0
21,516,516,1.0
21,517,517,1.0
21,518,518,0.987
21,519,519,1.0
21,520,520,0.988
21,521,521,0.987
21,522,522,0.986
21,523,523,1.0
21,524,524,0.972
21,525,525,0.986
21,526,526,0.986
21,527,527,0.958
21,528,528,1.0
21,529,529,0.972
21,530,530,1.0
21,531,531,0.986
21,532,532,1.0
21,533,533,0.985
21,534,534,0.987
21,535,535,1.0
21,536,536,1.0
21,537,537,0.973
21,538,538,1.0
21,539,539,1.0
21,540,540,0.984
21,541,541,1.0
21,542,542,0.987
21,543,543,1.0
21,544,544,1.0
21,545,545,1.0
21,546,546,0.986
21,547,547,1.0
21,548,548,1.0
21,549,549,0.972
21,550,550,0.986
21,551,551,1.0
21,552,552,0.986
21,553,553,1.0
21,554,554,1.0
21,555,555,1.0
21,556,556,0.986
21,557,557,0.985
21,558,558,0.985
21,559,559,1.0
21,560,560,0.986
21,561,561,1.0
21,562,562,1.0
21,563,563,0.986
21,564,564,1.0
21,565,565,0.973
21,566,566,0.986
21,567,567,1.0
21,568,568,1.0
21,569,569,0.984
21,570,570,1.0
21,571,571,1.0
21,572,572,1.0
21,573,573,1.0
21,574,574,1.0
21,575,575,1.0
21,576,576,1.0
21,577,577,1.0
21,578,578,0.985
21,579,579,1.0
21,580,580,0.986
21,581,581,0.938
21,582,582,0.971
21,583,583,0.973
21,584,584,1.0
21,585,585,0.947
21,586,586,1.0
21,587,587,1.0
21,588,588,0.987
21,589,589,0.986
21,590,590,1.0
21,591,591,0.974
21,592,592,1.0
21,593,593,0.987
21,594,594,0.971
21,595,595,0.971
21,596,596,0.974
21,597,597,0.971
21,598,598,0.986
21,599,599,1.0
21,600,600,1.0
21,601,601,0.987
21,602,602,1.0
21,603,603,1.0
21,604,604,0.976
21,605,605,1.0
21,606,606,0.986
21,607,607,0.987
21,608,608,0.973
21,609,609,0.987
21,610,610,0.959
21,611,611,1.0
22,1,1,1.0
22,2,2,0.985
22,3,3,1.0
22,4,4,0.986
22,5,5,0.986
22,6,6,1.0
22,7,7,1.0
22,8,8,1.0
22,9,9,1.0
22,10,10,0.986
22,11,11,1.0
22,12,12,1.0
22,13,13,1.0
22,14,14,0.987
22,15,15,0.985
22,16,16,0.986
22,17,17,1.0
22,18,18,0.987
22,19,19,0.986
22,20,20,0.985
22,21,21,1.0
22,22,22,0.987
22,23,23,1.0
22,24,24,0.986
22,25,25,0.987
22,26,26,0.96
22,27,27,0.985
22,28,28,0.987
22,29,29,0.984
22,30,30,0.988
22,31,31,1.0
22,32,32,1.0
22,33,33,0.973
22,34,34,0.972
22,35,35,1.0
22,36,36,1.0
22,37,37,0.987
22,38,38,1.0
22,39,39,0.986
22,40,40,1.0
22,41,41,1.0
22,42,42,1.0
22,43,43,1.0
22,44,44,0.986
22,45,45,1.0
22,46,46,1.0
22,47,47,1.0
22,48,48,1.0
22,49,49,0.971
22,50,50,0.974
22,51,51,1.0
22,52,52,0.985
22,53,53,1.0
22,54,54,0.986
22,55,55,1.0
22,56,56,0.986
22,57,57,1.0
22,58,58,1.0
22,59,59,0.974
22,60,60,1.0
22,61,61,0.986
22,62,62,0.986
22,63,63,1.0
22,64,64,1.0
22,65,65,1.0
22,66,66,0.986
22,67,67,1.0
22,68,68,1.0
22,69,69,1.0
22,70,70,0.986
22,71,71,0.974
22,72,72,1.0
22,73,73,1.0
22,74,74,0.986
22,75,75,0.986
22,76,76,1.0
22,77,77,0.961
22,78,78,0.986
22,79,79,0.972
22,80,80,1.0
22,81,81,0.987
22,82,82,0.973
22,83,83,1.0
22,84,84,1.0
22,85,85,1.0
22,86,86,0.974
22,87,87,1.0
22,88,88,0.986
22,89,89,1.0
22,90,90,1.0
22,91,91,0.986
22,92,92,0.971
22,93,93,1.0
22,94,94,0.987
22,95,95,1.0
22,96,96,1.0
22,97,97,0.986
22,98,98,0.986
22,99,99,1.0
22,100,100,1.0
22,101,101,0.986
22,102,102,0.961
22,103,103,0.971
22,104,104,0.986
22,105,105,1.0
22,106,106,1.0
22,107,107,1.0
22,108,108,0.986
22,109,109,1.0
22,110,110,1.0
22,111,111,1.0
22,112,112,1.0
22,113,113,1.0
22,114,114,0.972
22,115,115,0.974
22,116,116,0.971
22,117,117,0.987
22,118,118,0.986
22,119,119,0.987
22,120,120,0.987
22,121,121,1.0
22,122,122,1.0
22,123,123,0.986
22,124,124,0.987
22,125,125,0.985
22,126,126,0.986
22,127,127,1.0
22,128,128,0.985
22,129,129,0.987
22,130,130,1.0
22,131,131,1.0
22,132,132,1.0
22,133,133,1.0
22,134,134,1.0
22,135,135,1.0
22,136,136,0.947
22,137,137,1.0
22,138,138,0.987
22,139,139,1.0
22,140,140,1.0
22,141,141,0.974
22,142,142,0.985
22,143,143,0.959
22,144,144,0.986
22,145,145,1.0
22,146,146,0.972
22,147,147,0.985
22,148,148,1.0
22,149,149,0.986
22,150,150,1.0
22,151,151,0.984
22,152,152,1.0
22,153,153,0.971
22,154,154,1.0
22,155,155,1.0
22,156,156,0.986
22,157,157,0.986
22,158,158,0.988
22,159,159,1.0
22,160,160,1.0
22,161,161,1.0
22,162,162,0.974
22,163,163,1.0
22,164,164,1.0
22,165,165,1.0
22,166,166,0.987
22,167,167,1.0
22,168,168,1.0
22,169,169,0.986
22,170,170,0.985
22,171,171,0.986
22,172,172,1.0
22,173,173,1.0
22,174,174,0.985
22,175,175,1.0
22,176,176,1.0
22,177,177,0.986
22,178,178,1.0
22,179,179,1.0
22,180,180,1.0
22,181,181,0.987
22,182,182,0.988
22,183,183,1.0
22,184,184,1.0
22,185,185,0.971
22,186,186,1.0
22,187,187,0.983
22,188,188,0.974
22,189,189,0.986
22,190,190,0.985
22,191,191,0.986
22,192,192,0.986
22,193,193,1.0
22,194,194,0.984
22,195,195,1.0
22,196,196,1.0
22,197,197,1.0
22,198,198,0.987
22,199,199,0.986
22,200,200,0.961
22,201,201,0.986
22,202,202,1.0
22,203,203,0.987
22,204,204,1.0
22,205,205,0.986
22,206,206,0.985
22,207,207,1.0
22,208,208,0.987
22,209,209,1.0
22,210,210,0.986
22,211,211,0.986
22,212,212,0.987
22,213,213,0.986
22,214,214,0.984
22,215,215,0.986
22,216,216,0.985
22,217,217,1.0
22,218,218,1.0
22,219,219,0.987
22,220,220,0.987
22,221,221,1.0
22,222,222,0.987
22,223,223,1.0
22,224,224,0.971
22,225,225,0.974
22,226,226,0.973
22,227,227,1.0
22,228,228,0.986
22,229,229,0.985
22,230,230,1.0
22,231,231,0.986
22,232,232,0.987
22,233,233,0.986
22,234,234,1.0
22,235,235,0.986
22,236,236,0.986
22,237,237,0.986
22,238,238,0.986
22,239,239,0.985
22,240,240,0.973
22,241,241,1.0
22,242,242,0.987
22,243,243,0.986
22,244,244,1.0
22,245,245,1.0
22,246,246,1.0
22,247,247,0.984
22,248,248,0.973
22,249,249,1.0
22,250,250,0.986
22,251,251,0.987
22,252,252,1.0
22,253,253,1.0
22,254,254,0.987
22,255,255,1.0
22,256,256,0.986
22,257,257,1.0
22,258,258,0.973
22,259,259,1.0
22,260,260,0.976
22,261,261,1.0
22,262,262,1.0
22,263,263,1.0
22,264,264,1.0
22,265,265,0.986
22,266,266,0.986
22,267,267,1.0
22,268,268,1.0
22,269,269,0.987
22,270,270,0.974
22,271,271,0.972
22,272,272,0.985
22,273,273,1.0
22,274,274,1.0
22,275,275,0.987
22,276,276,0.971
22,277,277,0.973
22,278,278,1.0
22,279,279,0.974
22,280,280,1.0
22,281,281,1.0
22,282,282,0.986
22,283,283,1.0
22,284,284,0.985
22,285,285,0.986
22,286,286,1.0
22,287,287,1.0
22,288,288,1.0
22,289,289,1.0
22,290,290,0.986
22,291,291,0.974
22,292,292,1.0
22,293,293,0.973
22,294,294,0.986
22,295,295,0.986
22,296,296,0.984
22,297,297,1.0
22,298,298,0.985
22,299,299,0.971
22,300,300,0.976
22,301,301,0.985
22,302,302,1.0
22,303,303,1.0
22,304,304,1.0
22,305,305,1.0
22,306,306,1.0
22,307,307,1.0
22,308,308,0.985
22,309,309,0.986
22,310,310,0.983
22,311,311,1.0
22,312,312,0.972
22,313,313,1.0
22,314,314,0.986
22,315,315,1.0
22,316,316,1.0
22,317,317,0.973
22,318,318,1.0
22,319,319,0.971
22,320,320,1.0
22,321,321,1.0
22,322,322,1.0
22,323,323,1.0
22,324,324,0.957
22,325,325,1.0
22,326,326,0.959
22,327,327,0.957
22,328,328,0.96
22,329,329,1.0
22,330,330,0.973
22,331,331,0.986
22,332,332,0.972
22,333,333,0.972
22,334,334,1.0
22,335,335,0.971
22,336,336,0.986
22,337,337,0.987
22,338,338,0.986
22,339,339,1.0
22,340,340,1.0
22,341,341,1.0
22,342,342,0.987
22,343,343,1.0
22,344,344,0.976
22,345,345,1.0
22,346,346,1.0
22,347,347,0.986
22,348,348,0.986
22,349,349,0.974
22,350,350,0.974
22,351,351,0.971
22,352,352,0.987
22,353,353,1.0
22,354,354,1.0
22,355,355,1.0
22,356,356,0.961
22,357,357,1.0
22,358,358,1.0
22,359,359,1.0
22,360,360,0.986
22,361,361,1.0
22,362,362,0.986
22,363,363,0.986
22,364,364,1.0
22,365,365,0.987
22,366,366,0.986
22,367,367,1.0
22,368,368,0.933
22,369,369,0.986
22,370,370,1.0
22,371,371,0.986
22,372,372,1.0
22,373,373,1.0
22,374,374,1.0
22,375,375,1.0
22,376,376,0.987
22,377,377,0.986
22,378,378,1.0
22,379,379,0.958
22,380,380,0.974
22,381,381,0.973
22,382,382,0.972
22,383,383,1.0
22,384,384,0.986
22,385,385,1.0
22,386,386,1.0
22,387,387,0.973
22,388,388,0.985
22,389,389,0.985
22,390,390,0.986
22,391,391,0.971
22,392,392,0.987
22,393,393,1.0
22,394,394,1.0
22,395,395,1.0
22,396,396,1.0
22,397,397,0.987
22,398,398,0.971
22,399,399,0.973
22,400,400,0.972
22,401,401,0.987
22,402,402,0.985
22,403,403,1.0
22,404,404,1.0
22,405,405,1.0
22,406,406,1.0
22,407,407,0.986
22,408,408,0.986
22,409,409,0.984
22,410,410,0.971
22,411,411,0.986
22,412,412,1.0
22,413,413,1.0
22,414,414,0.987
22,415,415,1.0
22,416,416,0.987
22,417,417,0.985
22,418,418,0.987
22,419,419,0.984
22,420,420,1.0
22,421,421,1.0
22,422,422,0.973
22,423,423,1.0
22,424,424,1.0
22,425,425,0.986
22,426,426,1.0
22,427,427,1.0
22,428,428,0.973
22,429,429,1.0
22,430,430,0.984
22,431,431,1.0
22,432,432,1.0
22,433,433,0.985
22,434,434,1.0
22,435,435,0.986
22,436,436,1.0
22,437,437,0.971
22,438,438,1.0
22,439,439,0.986
22,440,440,0.97
22,441,441,0.987
22,442,442,0.987
22,443,443,1.0
22,444,444,1.0
22,445,445,0.986
22,446,446,1.0
22,447,447,0.985
22,448,448,0.987
22,449,449,0.985
22,450,450,0.974
22,451,451,0.986
22,452,452,1.0
22,453,453,1.0
22,454,454,0.973
22,455,455,1.0
22,456,456,1.0
22,457,457,1.0
22,458,458,0.974
22,459,459,1.0
22,460,460,1.0
22,461,461,0.987
22,462,462,1.0
22,463,463,0.985
22,464,464,1.0
22,465,465,1.0
22,466,466,0.986
22,467,467,0.984
22,468,468,0.986
22,469,469,1.0
22,470,470,0.985
22,471,471,0.986
22,472,472,1.0
22,473,473,1.0
22,474,474,1.0
22,475,475,0.987
22,476,476,1.0
22,477,477,0.985
22,478,478,1.0
22,479,479,1.0
22,480,480,0.986
22,481,481,1.0
22,482,482,1.0
22,483,483,1.0
22,484,484,0.986
22,485,485,0.987
22,486,486,1.0
22,487,487,1.0
22,488,488,0.985
22,489,489,0.986
22,490,490,0.986
22,491,491,0.986
22,492,492,0.987
22,493,493,1.0
22,494,494,0.986
22,495,495,0.955
22,496,496,1.0
22,497,497,1.0
22,498,498,0.986
22,499,499,0.986
22,500,500,1.0
22,501,501,1.0
22,502,502,0.986
22,503,503,0.987
22,504,504,1.0
22,505,505,0.987
22,506,506,1.0
22,507,507,1.0
22,508,508,1.0
22,509,509,1.0
22,510,510,0.987
22,511,511,1.0
22,512,512,0.986
22,513,513,0.987
22,514,514,1.0
22,515,515,0.987
23,1,1,1.0
23,2,2,0.985
23,3,3,0.985
23,4,4,0.987
23,5,5,0.987
23,6,6,1.0
23,7,7,0.986
23,8,8,0.987
23,9,9,1.0
23,10,10,0.985
23,11,11,1.0
23,12,12,0.959
23,13,13,1.0
23,14,14,1.0
23,15,15,1.0
23,16,16,1.0
23,17,17,1.0
23,18,18,0.988
23,19,19,1.0
23,20,20,1.0
23,21,21,0.987
23,22,22,1.0
23,23,23,1.0
23,24,24,1.0
23,25,25,1.0
23,26,26,0.971
23,27,27,0.986
23,28,28,0.984
23,29,29,1.0
23,30,30,1.0
23,31,31,0.986
23,32,32,0.987
23,33,33,1.0
23,34,34,0.986
23,35,35,1.0
23,36,36,1.0
23,37,37,1.0
23,38,38,0.986
23,39,39,1.0
23,40,40,1.0
23,41,41,1.0
23,42,42,0.974
23,43,43,0.986
23,44,44,1.0
23,45,45,0.987
23,46,46,0.987
23,47,47,0.984
23,48,48,0.986
23,49,49,0.985
23,50,50,0.972
23,51,51,1.0
23,52,52,0.986
23,53,53,0.974
23,54,54,0.974
23,55,55,0.987
23,56,56,0.986
23,57,57,1.0
23,58,58,1.0
23,59,59,0.987
23,60,60,1.0
23,61,61,0.971
23,62,62,1.0
23,63,63,1.0
23,64,64,0.985
23,65,65,0.983
23,66,66,0.972
23,67,67,1.0
23,68,68,0.974
23,69,69,1.0
23,70,70,1.0
23,71,71,1.0
23,72,72,1.0
23,73,73,1.0
23,74,74,0.971
23,75,75,0.974
23,76,76,1.0
23,77,77,1.0
23,78,78,0.987
23,79,79,1.0
23,80,80,0.987
23,81,81,1.0
23,82,82,1.0
23,83,83,0.986
23,84,84,0.987
23,85,85,1.0
23,86,86,0.986
23,87,87,1.0
23,88,88,0.987
23,89,89,1.0
23,90,90,0.974
23,91,91,1.0
23,92,92,1.0
23,93,93,0.988
23,94,94,0.985
23,95,95,0.987
23,96,96,0.987
23,97,97,1.0
23,98,98,1.0
23,99,99,1.0
23,100,100,0.986
23,101,101,0.987
23,102,102,0.988
23,103,103,1.0
23,104,104,1.0
23,105,105,1.0
23,106,106,1.0
23,107,107,0.987
23,108,108,0.986
23,109,109,1.0
23,110,110,1.0
23,111,111,0.985
23,112,112,0.987
23,113,113,1.0
23,114,114,0.987
23,115,115,0.962
23,116,116,0.976
23,117,117,0.987
23,118,118,0.986
23,119,119,1.0
23,120,120,1.0
23,121,121,1.0
23,122,122,1.0
23,123,123,0.987
23,124,124,1.0
23,125,125,0.941
23,126,126,1.0
23,127,127,1.0
23,128,128,0.974
23,129,129,1.0
23,130,130,0.974
23,131,131,0.986
23,132,132,0.986
23,133,133,1.0
23,134,134,1.0
23,135,135,1.0
23,136,136,1.0
23,137,137,0.986
23,138,138,0.975
23,139,139,1.0
23,140,140,0.959
23,141,141,1.0
23,142,142,1.0
23,143,143,0.986
23,144,144,0.986
23,145,145,1.0
23,146,146,0.987
23,147,147,0.962
23,148,148,1.0
23,149,149,0.986
23,150,150,0.987
23,151,151,1.0
23,152,152,1.0
23,153,153,0.986
23,154,154,0.985
23,155,155,0.987
23,156,156,1.0
23,157,157,1.0
23,158,158,0.987
23,159,159,0.974
23,160,160,0.975
23,161,161,0.987
23,162,162,1.0
23,163,163,0.986
23,164,164,1.0
23,165,165,1.0
23,166,166,1.0
23,167,167,0.988
23,168,168,1.0
23,169,169,1.0
23,170,170,0.987
23,171,171,0.987
23,172,172,1.0
23,173,173,1.0
23,174,174,1.0
23,175,175,1.0
23,176,176,1.0
23,177,177,1.0
23,178,178,0.96
23,179,179,1.0
23,180,180,1.0
23,181,181,1.0
23,182,182,0.986
23,183,183,1.0
23,184,184,0.973
23,185,185,1.0
23,186,186,1.0
23,187,187,1.0
23,188,188,0.986
23,189,189,1.0
23,190,190,1.0
23,191,191,0.986
23,192,192,1.0
23,193,193,0.959
23,194,194,0.986
23,195,195,1.0
23,196,196,1.0
23,197,197,1.0
23,198,198,1.0
23,199,199,0.985
23,200,200,1.0
23,201,201,1.0
23,202,202,0.985
23,203,203,1.0
23,204,204,0.971
23,205,205,0.986
23,206,206,0.985
23,207,207,1.0
23,208,208,0.986
23,209,209,1.0
23,210,210,1.0
23,211,211,1.0
23,212,212,0.958
23,213,213,1.0
23,214,214,1.0
23,215,215,0.986
23,216,216,0.986
23,217,217,0.976
23,218,218,1.0
23,219,219,1.0
23,220,220,1.0
23,221,221,1.0
23,222,222,1.0
23,223,223,1.0
23,224,224,1.0
23,225,225,1.0
23,226,226,0.986
23,227,227,1.0
23,228,228,1.0
23,229,229,0.987
23,230,230,0.987
23,231,231,0.986
23,232,232,1.0
23,233,233,0.969
23,234,234,1.0
23,235,235,0.987
23,236,236,1.0
23,237,237,0.987
23,238,238,1.0
23,239,239,1.0
23,240,240,1.0
23,241,241,0.986
23,242,242,0.986
23,243,243,1.0
23,244,244,1.0
23,245,245,0.986
23,246,246,0.986
23,247,247,0.985
23,248,248,1.0
23,249,249,0.97
23,250,250,1.0
23,251,251,1.0
23,252,252,0.985
23,253,253,1.0
23,254,254,1.0
23,255,255,1.0
23,256,256,1.0
23,257,257,1.0
23,258,258,1.0
23,259,259,0.971
23,260,260,0.971
23,261,261,1.0
23,262,262,0.986
23,263,263,1.0
23,264,264,0.986
23,265,265,1.0
23,266,266,0.985
23,267,267,1.0
23,268,268,0.987
23,269,269,1.0
23,270,270,0.986
23,271,271,0.986
23,272,272,1.0
23,273,273,0.971
23,274,274,1.0
23,275,275,0.986
23,276,276,1.0
23,277,277,0.987
23,278,278,0.97
23,279,279,0.985
23,280,280,1.0
23,281,281,1.0
23,282,282,1.0
23,283,283,0.986
23,284,284,0.987
23,285,285,1.0
23,286,286,1.0
23,287,287,0.986
23,288,288,1.0
23,289,289,1.0
23,290,290,0.986
23,291,291,0.986
23,292,292,1.0
23,293,293,0.957
23,294,294,1.0
23,295,295,1.0
23,296,296,0.986
23,297,297,0.971
23,298,298,0.986
23,299,299,0.972
23,300,300,0.986
23,301,301,0.988
23,302,302,1.0
23,303,303,1.0
23,304,304,1.0
23,305,305,0.986
23,306,306,0.972
23,307,307,1.0
23,308,308,1.0
23,309,309,0.988
23,310,310,0.971
23,311,311,0.987
23,312,312,1.0
23,313,313,0.985
23,314,314,1.0
23,315,315,0.985
23,316,316,0.985
23,317,317,1.0
23,318,318,0.985
23,319,319,0.974
23,320,320,1.0
23,321,321,1.0
23,322,322,1.0
23,323,323,0.987
23,324,324,1.0
23,325,325,0.987
23,326,326,0.986
23,327,327,0.971
23,328,328,1.0
23,329,329,1.0
23,330,330,0.986
23,331,331,1.0
23,332,332,1.0
23,333,333,0.987
23,334,334,0.988
23,335,335,1.0
23,336,336,0.972
23,337,337,1.0
23,338,338,1.0
23,339,339,1.0
23,340,340,0.986
23,341,341,0.986
23,342,342,1.0
23,343,343,1.0
23,344,344,0.986
23,345,345,0.974
23,346,346,0.986
23,347,347,1.0
23,348,348,0.987
23,349,349,1.0
23,350,350,0.97
23,351,351,0.976
23,352,352,0.986
23,353,353,0.986
23,354,354,0.986
23,355,355,0.959
23,356,356,0.974
23,357,357,0.974
23,358,358,0.987
23,359,359,1.0
23,360,360,1.0
23,361,361,1.0
23,362,362,0.972
23,363,363,0.971
23,364,364,0.985
23,365,365,1.0
23,366,366,0.984
23,367,367,0.985
23,368,368,0.988
23,369,369,0.971
23,370,370,1.0
23,371,371,1.0
23,372,372,0.985
23,373,373,0.987
23,374,374,0.986
23,375,375,0.962
23,376,376,1.0
23,377,377,0.987
23,378,378,0.975
23,379,379,1.0
23,380,380,0.971
23,381,381,0.975
23,382,382,0.986
23,383,383,1.0
23,384,384,1.0
23,385,385,0.971
23,386,386,1.0
23,387,387,1.0
23,388,388,0.959
23,389,389,0.986
23,390,390,0.986
23,391,391,0.97
23,392,392,1.0
23,393,393,0.987
23,394,394,0.986
23,395,395,1.0
23,396,396,0.986
23,397,397,1.0
23,398,398,1.0
23,399,399,1.0
23,400,400,0.985
23,401,401,0.957
23,402,402,0.986
23,403,403,1.0
23,404,404,1.0
23,405,405,1.0
23,406,406,0.985
23,407,407,0.986
23,408,408,1.0
23,409,409,1.0
23,410,410,1.0
23,411,411,1.0
23,412,412,0.987
23,413,413,0.986
23,414,414,0.987
23,415,415,0.985
23,416,416,1.0
23,417,417,0.986
23,418,418,0.988
23,419,419,1.0
23,420,420,1.0
23,421,421,1.0
23,422,422,0.986
23,423,423,1.0
23,424,424,1.0
23,425,425,0.986
23,426,426,0.96
23,427,427,0.987
23,428,428,1.0
23,429,429,0.974
23,430,430,1.0
23,431,431,1.0
23,432,432,0.985
23,433,433,0.985
23,434,434,1.0
23,435,435,1.0
23,436,436,0.974
23,437,437,1.0
23,438,438,1.0
23,439,439,0.986
23,440,440,0.974
23,441,441,0.97
23,442,442,1.0
23,443,443,0.986
23,444,444,1.0
23,445,445,1.0
23,446,446,0.986
23,447,447,1.0
23,448,448,0.986
23,449,449,1.0
23,450,450,0.975
23,451,451,1.0
23,452,452,0.986
23,453,453,0.986
23,454,454,1.0
23,455,455,1.0
23,456,456,0.986
23,457,457,1.0
23,458,458,1.0
23,459,459,1.0
23,460,460,0.986
23,461,461,1.0
23,462,462,1.0
23,463,463,0.986
23,464,464,1.0
23,465,465,1.0
23,466,466,1.0
23,467,467,0.985
23,468,468,0.985
23,469,469,1.0
23,470,470,1.0
23,471,471,0.986
23,472,472,1.0
23,473,473,0.986
23,474,474,0.986
23,475,475,1.0
23,476,476,0.986
23,477,477,1.0
23,478,478,0.985
23,479,479,1.0
23,480,480,0.987
23,481,481,0.984
23,482,482,1.0
23,483,483,1.0
23,484,484,1.0
23,485,485,1.0
23,486,486,0.986
23,487,487,0.986
23,488,488,0.957
23,489,489,1.0
23,490,490,0.975
23,491,491,1.0
23,492,492,1.0
23,493,493,1.0
23,494,494,0.986
23,495,495,0.986
23,496,496,0.987
23,497,497,0.986
23,498,498,1.0
23,499,499,1.0
23,500,500,0.986
23,501,501,0.986
23,502,502,0.986
23,503,503,1.0
23,504,504,1.0
23,505,505,0.986
23,506,506,1.0
23,507,507,0.986
23,508,508,1.0
23,509,509,0.986
23,510,510,0.986
23,511,511,0.973
23,512,512,0.987
23,513,513,0.961
23,514,514,0.959
23,515,515,1.0
23,516,516,0.987
23,517,517,1.0
23,518,518,1.0
23,519,519,1.0
23,520,520,0.986
23,521,521,1.0
23,522,522,1.0
23,523,523,0.987
23,524,524,1.0
23,525,525,1.0
23,526,526,0.987
23,527,527,0.972
23,528,528,1.0
23,529,529,0.985
23,530,530,1.0
23,531,531,0.971
23,532,532,0.986
23,533,533,1.0
23,534,534,1.0
23,535,535,0.96
23,536,536,1.0
23,537,537,0.985
23,538,538,0.986
23,539,539,0.971
23,540,540,1.0
23,541,541,0.986
23,542,542,0.985
23,543,543,1.0
23,544,544,1.0
23,545,545,0.987
23,546,546,0.972
23,547,547,1.0
23,548,548,1.0
23,549,549,1.0
23,550,550,0.987
23,551,551,0.987
23,552,552,0.985
23,553,553,0.97
23,554,554,0.987
23,555,555,1.0
23,556,556,1.0
23,557,557,1.0
23,558,558,0.986
23,559,559,1.0
23,560,560,1.0
23,561,561,1.0
23,562,562,1.0
23,563,563,1.0
23,564,564,0.987
23,565,565,0.986
23,566,566,1.0
23,567,567,0.986
23,568,568,1.0
23,569,569,0.985
23,570,570,1.0
23,571,571,1.0
23,572,572,1.0
23,573,573,0.971
23,574,574,0.974
23,575,575,1.0
23,576,576,1.0
23,577,577,1.0
23,578,578,1.0
23,579,579,0.958
23,580,580,1.0
23,581,581,0.974
23,582,582,1.0
23,583,583,1.0
23,584,584,1.0
23,585,585,1.0
23,586,586,0.973
23,587,587,1.0
23,588,588,1.0
23,589,589,0.987
23,590,590,1.0
23,591,591,1.0
23,592,592,1.0
23,593,593,1.0
23,594,594,1.0
23,595,595,1.0
23,596,596,1.0
23,597,597,1.0
23,598,598,1.0
23,599,599,1.0
23,600,600,1.0
23,601,601,1.0
23,602,602,1.0
23,603,603,0.986
23,604,604,1.0
23,605,605,0.987
23,606,606,0.987
23,607,607,1.0
23,608,608,0.987
23,609,609,1.0
23,610,610,1.0
23,611,611,1.0
23,612,612,1.0
23,613,613,0.974
23,614,614,0.985
23,615,615,0.975
23,616,616,1.0
23,617,617,0.986
23,618,618,1.0
23,619,619,0.974
23,620,620,0.986
23,621,621,1.0
23,622,622,0.971
23,623,623,1.0
23,624,624,0.986
23,625,625,1.0
23,626,626,1.0
23,627,627,0.987
23,628,628,1.0
23,629,629,0.984
23,630,630,0.986
23,631,631,0.986
23,632,632,0.949
23,633,633,0.971
23,634,634,1.0
23,635,635,1.0
23,636,636,1.0
23,637,637,0.986
23,638,638,0.985
23,639,639,1.0
23,640,640,0.974
23,641,641,0.973
23,642,642,0.971
23,643,643,0.985
23,644,644,1.0
23,645,645,0.986
23,646,646,0.986
23,647,647,0.987
23,648,648,1.0
23,649,649,0.972
23,650,650,0.986
23,651,651,0.986
23,652,652,0.97
23,653,653,1.0
23,654,654,0.986
23,655,655,0.969
23,656,656,0.987
23,657,657,0.986
23,658,658,1.0
23,659,659,1.0
23,660,660,0.974
23,661,661,1.0
23,662,662,1.0
23,663,663,1.0
23,664,664,0.958
23,665,665,1.0
23,666,666,0.984
23,667,667,1.0
23,668,668,0.971
23,669,669,0.986
23,670,670,0.987
23,671,671,0.986
23,672,672,1.0
23,673,673,0.968
23,674,674,0.987
23,675,675,1.0
23,676,676,0.972
23,677,677,1.0
23,678,678,1.0
23,679,679,0.986
23,680,680,1.0
23,681,681,1.0
23,682,682,0.986
23,683,683,1.0
23,684,684,1.0
23,685,685,1.0
23,686,686,0.973
23,687,687,0.987
23,688,688,0.974
23,689,689,0.986
23,690,690,0.971
23,691,691,1.0
23,692,692,0.972
23,693,693,0.985
23,694,694,0.986
23,695,695,0.987
23,696,696,0.987
23,697,697,0.985
23,698,698,0.987
23,699,699,0.987
23,700,700,0.972
23,701,701,1.0
23,702,702,0.986
23,703,703,1.0
23,704,704,0.986
23,705,705,0.987
23,706,706,0.986
23,707,707,0.986
23,708,708,0.973
23,709,709,0.987
23,710,710,0.986
23,711,711,0.986
23,712,712,0.987
23,713,713,1.0
23,714,714,0.986
23,715,715,1.0
23,716,716,1.0
23,717,717,0.987
23,718,718,1.0
23,719,719,0.987
23,720,720,0.971
23,721,721,0.971
23,722,722,1.0
23,723,723,0.985
23,724,724,0.958
23,725,725,0.972
23,726,726,0.985
23,727,727,0.974
23,728,728,0.985
23,729,729,0.987
23,730,730,0.961
23,731,731,1.0
23,732,732,1.0
23,733,733,0.986
23,734,734,1.0
23,735,735,0.986
23,736,736,0.959
23,737,737,0.986
23,738,738,0.974
23,739,739,0.986
23,740,740,0.972
23,741,741,0.986
23,742,742,0.986
23,743,743,1.0
23,744,744,0.973
23,745,745,0.987
23,746,746,1.0
23,747,747,1.0
23,748,748,1.0
23,749,749,1.0
23,750,750,1.0
23,751,751,0.984
23,752,752,0.986
23,753,753,0.985
23,754,754,0.957
23,755,755,0.987
23,756,756,1.0
23,757,757,0.987
23,758,758,0.974
23,759,759,0.972
23,760,760,0.985
23,761,761,0.987
23,762,762,0.987
23,763,763,1.0
23,764,764,1.0
23,765,765,0.974
23,766,766,0.986
23,767,767,1.0
23,768,768,0.976
23,769,769,0.985
23,770,770,1.0
23,771,771,0.972
23,772,772,0.987
23,773,773,0.971
23,774,774,0.986
23,775,775,0.987
23,776,776,1.0
23,777,777,0.985
23,778,778,0.973
23,779,779,1.0
23,780,780,1.0
23,781,781,0.986
23,782,782,0.985
23,783,783,0.985
23,784,784,0.959
23,785,785,0.972
23,786,786,1.0
23,787,787,0.986
23,788,788,1.0
23,789,789,0.987
23,790,790,0.987
23,791,791,0.986
23,792,792,1.0
23,793,793,1.0
23,794,794,0.988
23,795,795,0.986
23,796,796,1.0
23,797,797,0.986
23,798,798,1.0
23,799,799,0.975
23,800,800,1.0
23,801,801,0.986
23,802,802,1.0
23,803,803,1.0
23,804,804,1.0
23,805,805,1.0
23,806,806,0.971
23,807,807,1.0
23,808,808,1.0
23,809,809,0.986
23,810,810,0.987
23,811,811,0.973
23,812,812,0.986
23,813,813,0.986
23,814,814,1.0
23,815,815,0.987
23,816,816,0.973
23,817,817,1.0
23,818,818,0.96
23,819,819,0.972
23,820,820,0.972
23,821,821,0.986
23,822,822,0.986
23,823,823,0.987
23,824,824,1.0
23,825,825,1.0
23,826,826,1.0
23,827,827,1.0
23,828,828,0.986
23,829,829,0.972
23,830,830,0.986
23,831,831,0.985
23,832,832,1.0
23,833,833,1.0
23,834,834,1.0
23,835,835,0.973
23,836,836,0.975
23,837,837,1.0
23,838,838,0.985
23,839,839,0.971
23,840,840,0.986
23,841,841,0.986
23,842,842,0.986
23,843,843,1.0
23,844,844,0.987
23,845,845,0.986
23,846,846,0.986
23,847,847,1.0
23,848,848,0.986
23,849,849,1.0
23,850,850,1.0
23,851,851,0.976
23,852,852,0.983
23,853,853,1.0
23,854,854,0.985
23,855,855,1.0
23,856,856,1.0
23,857,857,1.0
23,858,858,0.986
23,859,859,0.972
23,860,860,0.985
23,861,861,0.986
23,862,862,0.986
23,863,863,0.985
23,864,864,1.0
23,865,865,0.987
23,866,866,0.987
23,867,867,0.986
23,868,868,0.986
23,869,869,1.0
23,870,870,0.987
23,871,871,1.0
23,872,872,0.984
23,873,873,1.0
23,874,874,0.984
23,875,875,0.987
23,876,876,1.0
23,877,877,1.0
23,878,878,1.0
23,879,879,0.987
23,880,880,0.959
23,881,881,0.985
23,882,882,0.987
23,883,883,0.986
23,884,884,1.0
23,885,885,0.986
23,886,886,0.974
23,887,887,0.986
23,888,888,0.985
23,889,889,1.0
23,890,890,1.0
23,891,891,0.987
23,892,892,0.986
23,893,893,1.0
23,894,894,1.0
23,895,895,0.973
23,896,896,0.986
23,897,897,1.0
24,1,1,0.985
24,2,2,0.986
24,3,3,1.0
24,4,4,1.0
24,5,5,0.973
24,6,6,1.0
24,7,7,0.986
24,8,8,1.0
24,9,9,1.0
24,10,10,0.974
24,11,11,0.987
24,12,12,0.971
24,13,13,0.986
24,14,14,0.961
24,15,15,0.987
24,16,16,0.987
24,17,17,0.986
24,18,18,0.986
24,19,19,0.985
24,20,20,0.987
24,21,21,1.0
24,22,22,1.0
24,23,23,0.987
24,24,24,0.986
24,25,25,0.972
24,26,26,0.985
24,27,27,0.986
24,28,28,0.986
24,29,29,1.0
24,30,30,0.971
24,31,31,0.955
24,32,32,0.974
24,33,33,0.986
24,34,34,0.984
24,35,35,1.0
24,36,36,0.984
24,37,37,1.0
24,38,38,1.0
24,39,39,0.971
24,40,40,0.986
24,41,41,0.986
24,42,42,0.986
24,43,43,0.986
24,44,44,1.0
24,45,45,0.973
24,46,46,1.0
24,47,47,1.0
24,48,48,0.986
24,49,49,1.0
24,50,50,0.986
24,51,51,0.985
24,52,52,0.986
24,53,53,1.0
24,54,54,1.0
24,55,55,1.0
24,56,56,1.0
24,57,57,1.0
24,58,58,1.0
24,59,59,1.0
24,60,60,1.0
24,61,61,0.986
24,62,62,0.986
24,63,63,0.973
24,64,64,0.988
24,65,65,1.0
24,66,66,0.986
24,67,67,1.0
24,68,68,0.986
24,69,69,1.0
24,70,70,1.0
24,71,71,0.985
24,72,72,1.0
24,73,73,1.0
24,74,74,0.986
24,75,75,1.0
24,76,76,0.985
24,77,77,0.986
24,78,78,1.0
24,79,79,1.0
24,80,80,1.0
24,81,81,0.985
24,82,82,0.986
24,83,83,0.96
24,84,84,0.971
24,85,85,1.0
24,86,86,0.986
24,87,87,0.986
24,88,88,1.0
24,89,89,0.972
24,90,90,1.0
24,91,91,0.959
24,92,92,0.987
24,93,93,0.984
24,94,94,0.986
24,95,95,0.986
24,96,96,0.972
24,97,97,0.985
24,98,98,0.974
24,99,99,0.986
24,100,100,0.971
24,101,101,1.0
24,102,102,0.958
24,103,103,1.0
24,104,104,1.0
24,105,105,1.0
24,106,106,0.986
24,107,107,1.0
24,108,108,1.0
24,109,109,0.986
24,110,110,1.0
24,111,111,1.0
24,112,112,0.987
24,113,113,0.986
24,114,114,1.0
24,115,115,0.974
24,116,116,0.985
24,117,117,1.0
24,118,118,0.986
24,119,119,0.985
24,120,120,0.971
24,121,121,0.983
24,122,122,0.97
24,123,123,0.963
24,124,124,1.0
24,125,125,0.986
24,126,126,0.971
24,127,127,0.962
24,128,128,1.0
24,129,129,1.0
24,130,130,0.986
24,131,131,0.985
24,132,132,1.0
24,133,133,0.987
24,134,134,0.986
24,135,135,1.0
24,136,136,0.975
24,137,137,0.985
24,138,138,0.988
24,139,139,0.986
24,140,140,1.0
24,141,141,0.984
24,142,142,0.987
24,143,143,0.984
24,144,144,0.972
24,145,145,1.0
24,146,146,0.986
24,147,147,0.985
24,148,148,1.0
24,149,149,0.986
24,150,150,1.0
24,151,151,1.0
24,152,152,1.0
24,153,153,1.0
24,154,154,1.0
24,155,155,1.0
24,156,156,0.974
24,157,157,0.96
24,158,158,0.987
24,159,159,0.986
24,160,160,0.972
24,161,161,0.987
24,162,162,0.974
24,163,163,1.0
24,164,164,1.0
24,165,165,1.0
24,166,166,0.971
24,167,167,1.0
24,168,168,0.986
24,169,169,1.0
24,170,170,1.0
24,171,171,1.0
24,172,172,0.986
24,173,173,0.987
24,174,174,0.986
24,175,175,0.986
24,176,176,0.985
24,177,177,1.0
24,178,178,0.986
24,179,179,1.0
24,180,180,1.0
24,181,181,1.0
24,182,182,0.986
24,183,183,0.984
24,184,184,1.0
24,185,185,0.974
24,186,186,0.96
24,187,187,0.987
24,188,188,0.97
24,189,189,0.986
24,190,190,0.986
24,191,191,0.985
24,192,192,1.0
24,193,193,0.986
24,194,194,1.0
24,195,195,0.986
24,196,196,0.985
24,197,197,0.988
24,198,198,0.986
24,199,199,0.987
24,200,200,1.0
24,201,201,0.986
24,202,202,0.961
24,203,203,1.0
24,204,204,1.0
24,205,205,1.0
24,206,206,0.986
24,207,207,0.986
24,208,208,0.986
24,209,209,0.986
24,210,210,1.0
24,211,211,1.0
24,212,212,1.0
24,213,213,0.987
24,214,214,1.0
24,215,215,1.0
24,216,216,0.972
24,217,217,0.987
24,218,218,0.973
24,219,219,1.0
24,220,220,0.986
24,221,221,1.0
24,222,222,1.0
24,223,223,0.987
24,224,224,1.0
24,225,225,1.0
24,226,226,1.0
24,227,227,0.986
24,228,228,0.984
24,229,229,1.0
24,230,230,0.987
24,231,231,0.987
24,232,232,1.0
24,233,233,0.987
24,234,234,1.0
24,235,235,1.0
24,236,236,0.974
24,237,237,1.0
24,238,238,0.987
24,239,239,1.0
24,240,240,0.986
24,241,241,0.972
24,242,242,0.988
24,243,243,1.0
24,244,244,1.0
24,245,245,1.0
24,246,246,1.0
24,247,247,0.97
24,248,248,0.987
24,249,249,0.986
24,250,250,0.987
24,251,251,1.0
24,252,252,1.0
24,253,253,0.988
24,254,254,0.987
24,255,255,1.0
24,256,256,0.986
24,257,257,0.987
24,258,258,0.974
24,259,259,1.0
24,260,260,0.976
24,261,261,0.987
24,262,262,0.985
24,263,263,1.0
24,264,264,0.986
24,265,265,0.974
24,266,266,1.0
24,267,267,0.987
24,268,268,0.986
24,269,269,1.0
24,270,270,0.986
24,271,271,1.0
24,272,272,1.0
24,273,273,0.976
24,274,274,0.985
24,275,275,0.986
24,276,276,0.986
24,277,277,0.987
24,278,278,1.0
24,279,279,1.0
24,280,280,1.0
24,281,281,1.0
24,282,282,0.987
24,283,283,0.971
24,284,284,0.986
24,285,285,1.0
24,286,286,0.951
24,287,287,0.987
24,288,288,1.0
24,289,289,1.0
24,290,290,0.972
24,291,291,1.0
24,292,292,0.986
24,293,293,1.0
24,294,294,1.0
24,295,295,1.0
24,296,296,1.0
24,297,297,0.986
24,298,298,0.985
24,299,299,0.987
24,300,300,0.985
24,301,301,0.986
24,302,302,0.986
24,303,303,1.0
24,304,304,0.988
24,305,305,1.0
24,306,306,0.986
24,307,307,1.0
24,308,308,1.0
24,309,309,0.972
24,310,310,0.986
24,311,311,1.0
24,312,312,1.0
24,313,313,1.0
24,314,314,0.972
24,315,315,0.986
24,316,316,0.986
24,317,317,0.986
24,318,318,0.982
24,319,319,0.987
24,320,320,1.0
24,321,321,1.0
24,322,322,0.987
24,323,323,0.987
24,324,324,1.0
24,325,325,1.0
24,326,326,1.0
24,327,327,0.987
24,328,328,0.986
24,329,329,0.974
24,330,330,0.985
24,331,331,0.986
24,332,332,0.986
24,333,333,0.971
24,334,334,1.0
24,335,335,0.972
24,336,336,0.986
24,337,337,0.954
24,338,338,0.986
24,339,339,0.973
24,340,340,0.973
24,341,341,0.986
24,342,342,0.971
24,343,343,0.986
24,344,344,0.986
24,345,345,1.0
24,346,346,0.986
24,347,347,0.984
24,348,348,1.0
24,349,349,0.986
24,350,350,0.987
24,351,351,1.0
24,352,352,0.986
24,353,353,1.0
24,354,354,1.0
24,355,355,0.971
24,356,356,0.971
24,357,357,0.986
24,358,358,0.987
24,359,359,1.0
24,360,360,0.987
24,361,361,1.0
24,362,362,0.986
24,363,363,0.974
24,364,364,0.986
24,365,365,1.0
24,366,366,1.0
24,367,367,0.972
24,368,368,0.987
24,369,369,0.987
24,370,370,0.986
24,371,371,1.0
24,372,372,0.974
24,373,373,0.986
24,374,374,0.986
24,375,375,0.986
24,376,376,1.0
24,377,377,0.985
24,378,378,0.987
24,379,379,1.0
24,380,380,0.987
24,381,381,1.0
24,382,382,1.0
24,383,383,1.0
24,384,384,1.0
24,385,385,0.986
24,386,386,0.974
24,387,387,0.986
24,388,388,1.0
24,389,389,0.987
24,390,390,1.0
24,391,391,1.0
24,392,392,0.987
24,393,393,1.0
24,394,394,0.987
24,395,395,1.0
24,396,396,0.986
24,397,397,0.987
24,398,398,0.986
24,399,399,1.0
24,400,400,0.987
24,401,401,0.969
24,402,402,1.0
24,403,403,1.0
24,404,404,1.0
24,405,405,0.974
24,406,406,1.0
24,407,407,1.0
24,408,408,1.0
24,409,409,1.0
24,410,410,0.987
24,411,411,0.986
24,412,412,0.985
24,413,413,1.0
24,414,414,1.0
24,415,415,0.987
24,416,416,1.0
24,417,417,1.0
24,418,418,1.0
24,419,419,0.986
24,420,420,0.986
24,421,421,0.986
24,422,422,1.0
24,423,423,1.0
24,424,424,0.986
24,425,425,0.987
24,426,426,0.973
24,427,427,0.986
24,428,428,1.0
24,429,429,0.987
24,430,430,1.0
24,431,431,1.0
24,432,432,0.987
24,433,433,1.0
24,434,434,1.0
24,435,435,1.0
24,436,436,1.0
24,437,437,0.987
24,438,438,1.0
24,439,439,1.0
24,440,440,1.0
24,441,441,1.0
24,442,442,0.971
24,443,443,0.986
24,444,444,1.0
24,445,445,0.974
24,446,446,0.985
24,447,447,0.96
24,448,448,0.985
24,449,449,1.0
24,450,450,0.987
24,451,451,0.985
24,452,452,1.0
24,453,453,0.988
24,454,454,1.0
24,455,455,0.986
24,456,456,0.974
24,457,457,0.985
24,458,458,0.985
24,459,459,0.986
24,460,460,1.0
24,461,461,1.0
24,462,462,0.972
24,463,463,1.0
24,464,464,1.0
24,465,465,0.985
24,466,466,1.0
24,467,467,1.0
24,468,468,1.0
24,469,469,0.985
24,470,470,0.986
24,471,471,0.986
24,472,472,0.986
24,473,473,0.958
24,474,474,1.0
24,475,475,0.986
24,476,476,1.0
24,477,477,0.965
24,478,478,1.0
24,479,479,1.0
24,480,480,0.946
24,481,481,1.0
24,482,482,0.987
24,483,483,1.0
24,484,484,1.0
24,485,485,1.0
24,486,486,0.986
24,487,487,1.0
24,488,488,1.0
24,489,489,0.987
24,490,490,0.985
24,491,491,0.971
24,492,492,1.0
24,493,493,1.0
24,494,494,0.986
24,495,495,0.986
24,496,496,1.0
24,497,497,0.988
24,498,498,0.987
24,499,499,1.0
24,500,500,1.0
24,501,501,0.985
24,502,502,0.973
24,503,503,0.971
24,504,504,0.987
24,505,505,0.973
24,506,506,0.987
24,507,507,0.972
24,508,508,0.986
24,509,509,1.0
24,510,510,0.987
24,511,511,0.974
24,512,512,0.986
24,513,513,1.0
24,514,514,0.972
24,515,515,0.987
24,516,516,1.0
24,517,517,1.0
24,518,518,0.971
24,519,519,1.0
24,520,520,1.0
24,521,521,1.0
24,522,522,0.949
24,523,523,1.0
24,524,524,1.0
24,525,525,1.0
24,526,526,0.986
24,527,527,1.0
24,528,528,1.0
24,529,529,0.985
24,530,530,0.987
24,531,531,1.0
24,532,532,1.0
24,533,533,0.987
24,534,534,1.0
24,535,535,0.987
24,536,536,1.0
24,537,537,1.0
24,538,538,0.986
24,539,539,1.0
24,540,540,0.986
24,541,541,1.0
24,542,542,1.0
24,543,543,1.0
24,544,544,1.0
24,545,545,1.0
24,546,546,1.0
24,547,547,0.986
24,548,548,0.986
24,549,549,0.986
24,550,550,1.0
24,551,551,1.0
24,552,552,0.974
24,553,553,0.987
24,554,554,1.0
24,555,555,0.986
24,556,556,0.988
24,557,557,1.0
24,558,558,1.0
24,559,559,0.976
24,560,560,0.986
24,561,561,1.0
24,562,562,0.986
24,563,563,1.0
24,564,564,0.985
24,565,565,0.986
24,566,566,0.988
24,567,567,1.0
24,568,568,1.0
24,569,569,0.985
24,570,570,0.987
24,571,571,0.972
24,572,572,0.984
24,573,573,1.0
24,574,574,0.986
24,575,575,0.987
24,576,576,0.986
24,577,577,0.986
24,578,578,0.959
24,579,579,0.986
24,580,580,0.971
24,581,581,1.0
24,582,582,0.962
24,583,583,1.0
24,584,584,1.0
24,585,585,0.985
24,586,586,0.986
24,587,587,0.986
24,588,588,1.0
24,589,589,0.986
24,590,590,0.97
24,591,591,0.96
24,592,592,1.0
24,593,593,1.0
24,594,594,1.0
24,595,595,0.962
24,596,596,1.0
24,597,597,0.986
24,598,598,1.0
24,599,599,1.0
24,600,600,0.959
24,601,601,1.0
24,602,602,0.985
24,603,603,1.0
24,604,604,0.984
24,605,605,0.986
24,606,606,0.985
24,607,607,0.984
24,608,608,0.985
24,609,609,0.973
24,610,610,0.971
24,611,611,1.0
24,612,612,0.986
24,613,613,0.972
24,614,614,1.0
24,615,615,1.0
24,616,616,0.968
24,617,617,1.0
24,618,618,0.984
24,619,619,1.0
24,620,620,1.0
24,621,621,1.0
24,622,622,0.976
24,623,623,0.963
24,624,624,1.0
24,625,625,0.987
24,626,626,1.0
24,627,627,0.963
24,628,628,1.0
24,629,629,0.985
24,630,630,1.0
24,631,631,1.0
24,632,632,0.985
24,633,633,1.0
24,634,634,1.0
24,635,635,1.0
24,636,636,1.0
24,637,637,1.0
24,638,638,1.0
24,639,639,0.985
24,640,640,1.0
24,641,641,1.0
24,642,642,1.0
24,643,643,0.972
24,644,644,0.971
24,645,645,0.976
24,646,646,0.987
24,647,647,0.987
24,648,648,0.972
24,649,649,0.988
24,650,650,1.0
24,651,651,0.986
24,652,652,1.0
24,653,653,1.0
24,654,654,0.986
24,655,655,1.0
24,656,656,0.987
24,657,657,1.0
24,658,658,1.0
24,659,659,0.974
24,660,660,0.986
24,661,661,1.0
24,662,662,0.986
24,663,663,1.0
24,664,664,0.986
24,665,665,1.0
24,666,666,0.986
24,667,667,1.0
24,668,668,0.987
24,669,669,0.987
24,670,670,1.0
24,671,671,1.0
24,672,672,0.985
24,673,673,0.987
24,674,674,0.987
24,675,675,1.0
24,676,676,1.0
24,677,677,1.0
24,678,678,1.0
24,679,679,0.986
24,680,680,0.986
24,681,681,1.0
24,682,682,0.974
24,683,683,0.987
24,684,684,0.987
24,685,685,0.986
24,686,686,1.0
24,687,687,0.988
24,688,688,0.985
24,689,689,0.957
24,690,690,0.971
24,691,691,0.976
24,692,692,0.985
24,693,693,1.0
24,694,694,0.987
24,695,695,0.986
24,696,696,0.984
24,697,697,1.0
24,698,698,0.986
24,699,699,0.985
24,700,700,0.987
24,701,701,0.984
24,702,702,0.96
24,703,703,0.972
24,704,704,0.985
24,705,705,1.0
24,706,706,0.974
24,707,707,0.96
24,708,708,1.0
24,709,709,1.0
24,710,710,0.986
24,711,711,0.985
24,712,712,0.974
24,713,713,1.0
24,714,714,1.0
24,715,715,0.985
24,716,716,1.0
24,717,717,1.0
24,718,718,0.985
24,719,719,0.987
24,720,720,0.987
24,721,721,1.0
24,722,722,0.987
24,723,723,0.986
24,724,724,1.0
24,725,725,0.985
24,726,726,0.987
24,727,727,0.987
24,728,728,0.986
24,729,729,1.0
24,730,730,0.987
24,731,731,1.0
24,732,732,0.986
24,733,733,1.0
24,734,734,1.0
24,735,735,1.0
24,736,736,1.0
24,737,737,0.986
24,738,738,1.0
24,739,739,1.0
24,740,740,1.0
24,741,741,1.0
24,742,742,1.0
24,743,743,1.0
24,744,744,1.0
24,745,745,1.0
24,746,746,0.987
24,747,747,0.969
24,748,748,1.0
24,749,749,1.0
24,750,750,0.986
24,751,751,1.0
24,752,752,0.974
24,753,753,0.987
24,754,754,0.985
24,755,755,0.985
24,756,756,0.987
24,757,757,1.0
24,758,758,0.986
24,759,759,1.0
24,760,760,0.985
24,761,761,0.971
24,762,762,1.0
24,763,763,1.0
24,764,764,0.972
24,765,765,1.0
24,766,766,1.0
24,767,767,0.973
24,768,768,0.987
24,769,769,1.0
24,770,770,1.0
24,771,771,1.0
24,772,772,0.986
24,773,773,0.973
24,774,774,0.985
24,775,775,1.0
24,776,776,0.973
24,777,777,0.986
24,778,778,1.0
24,779,779,0.987
24,780,780,0.971
24,781,781,1.0
24,782,782,0.957
24,783,783,0.987
24,784,784,1.0
24,785,785,0.986
24,786,786,0.976
24,787,787,0.986
24,788,788,0.985
24,789,789,0.987
24,790,790,0.972
24,791,791,1.0
24,792,792,1.0
24,793,793,0.986
24,794,794,1.0
24,795,795,1.0
24,796,796,1.0
24,797,797,0.974
24,798,798,1.0
24,799,799,0.986
24,800,800,1.0
24,801,801,1.0
24,802,802,0.986
24,803,803,1.0
24,804,804,0.986
