work,tlg,book,n,text,text_clean,source
Hymn 1,tlg001,1,1,"οἳ μὲν γὰρ Δρακάνῳ σʼ, οἳ δʼ Ἰκάρῳ ἠνεμοέσσῃ","οἳ μὲν γὰρ Δρακάνῳ σ’, οἳ δ’ Ἰκάρῳ ἠνεμοέσσῃ",tlg0013.tlg001.perseus-grc2.xml
Hymn 1,tlg001,1,2,"φάσʼ, οἳ δʼ ἐν Νάξῳ, δῖον γένος, εἰραφιῶτα,","φάσ’, οἳ δ’ ἐν Νάξῳ, δῖον γένος, εἰραφιῶτα,",tlg0013.tlg001.perseus-grc2.xml
Hymn 1,tlg001,1,3,οἳ δέ σʼ ἐπʼ Ἀλφειῷ ποταμῷ βαθυδινήεντι,οἳ δέ σ’ ἐπ’ Ἀλφειῷ ποταμῷ βαθυδινήεντι,tlg0013.tlg001.perseus-grc2.xml
Hymn 1,tlg001,1,4,κυσαμένην Σεμέλην τεκέειν Διὶ τερπικεραύνῳ·,κυσαμένην Σεμέλην τεκέειν Διὶ τερπικεραύνῳ·,tlg0013.tlg001.perseus-grc2.xml
Hymn 1,tlg001,1,5,"ἄλλοι δʼ ἐν Θήβῃσιν, ἄναξ, σε λέγουσι γενέσθαι,","ἄλλοι δ’ ἐν Θήβῃσιν, ἄναξ, σε λέγουσι γενέσθαι,",tlg0013.tlg001.perseus-grc2.xml
Hymn 1,tlg001,1,6,ψευδόμενοι· σὲ δʼ ἔτικτε πατὴρ ἀνδρῶν τε θεῶν τε,ψευδόμενοι· σὲ δ’ ἔτικτε πατὴρ ἀνδρῶν τε θεῶν τε,tlg0013.tlg001.perseus-grc2.xml
Hymn 1,tlg001,1,7,"πολλὸν ἀπʼ ἀνθρώπων, κρύπτων λευκώλενον Ἥρην.","πολλὸν ἀπ’ ἀνθρώπων, κρύπτων λευκώλενον Ἥρην.",tlg0013.tlg001.perseus-grc2.xml
Hymn 1,tlg001,1,8,"ἔστι δέ τις Νύση, ὕπατον ὄρος, ἀνθέον ὕλῃ,","ἔστι δέ τις Νύση, ὕπατον ὄρος, ἀνθέον ὕλῃ,",tlg0013.tlg001.perseus-grc2.xml
Hymn 1,tlg001,1,9,"τηλοῦ Φοινίκης, σχεδὸν Αἰγύπτοιο ῥοάων,","τηλοῦ Φοινίκης, σχεδὸν Αἰγύπτοιο ῥοάων,",tlg0013.tlg001.perseus-grc2.xml
Hymn 1,tlg001,1,10,καί οἱ ἀναστήσουσιν ἀγάλματα πόλλʼ ἐνὶ νηοῖς.,καί οἱ ἀναστήσουσιν ἀγάλματα πόλλ’ ἐνὶ νηοῖς.,tlg0013.tlg001.perseus-grc2.xml
Hymn 1,tlg001,1,11,"ὣς δὲ τὰ μὲν τρία, σοὶ πάντως τριετηρίσιν αἰεὶ","ὣς δὲ τὰ μὲν τρία, σοὶ πάντως τριετηρίσιν αἰεὶ",tlg0013.tlg001.perseus-grc2.xml
Hymn 1,tlg001,1,12,ἄνθρωποι ῥέξουσι τεληέσσας ἑκατόμβας.,ἄνθρωποι ῥέξουσι τεληέσσας ἑκατόμβας.,tlg0013.tlg001.perseus-grc2.xml
Hymn 1,tlg001,1,13,ἦ καὶ κυανέῃσιν ἐπʼ ὀφρύσι νεῦσε Κρονίων·,ἦ καὶ κυανέῃσιν ἐπ’ ὀφρύσι νεῦσε Κρονίων·,tlg0013.tlg001.perseus-grc2.xml
Hymn 1,tlg001,1,14,ἀμβρόσιαι δʼ ἄρα χαῖται ἐπερρώσαντο ἄνακτος,ἀμβρόσιαι δ’ ἄρα χαῖται ἐπερρώσαντο ἄνακτος,tlg0013.tlg001.perseus-grc2.xml
Hymn 1,tlg001,1,15,κρατὸς ἀπʼ ἀθανάτοιο· μέγαν δʼ ἐλέλιξεν Ὄλυμπον.,κρατὸς ἀπ’ ἀθανάτοιο· μέγαν δ’ ἐλέλιξεν Ὄλυμπον.,tlg0013.tlg001.perseus-grc2.xml
Hymn 1,tlg001,1,16,ὣς εἰπὼν ἐπένευσε καρήατι μητίετα Ζεύς.,ὣς εἰπὼν ἐπένευσε καρήατι μητίετα Ζεύς.,tlg0013.tlg001.perseus-grc2.xml
Hymn 1,tlg001,1,17,"ἵληθʼ, εἰραφιῶτα, γυναιμανές· οἱ δέ σʼ ἀοιδοὶ","ἵληθ’, εἰραφιῶτα, γυναιμανές· οἱ δέ σ’ ἀοιδοὶ",tlg0013.tlg001.perseus-grc2.xml
Hymn 1,tlg001,1,18,ᾄδομεν ἀρχόμενοι λήγοντές τʼ· οὐδέ πῃ ἔστι,ᾄδομεν ἀρχόμενοι λήγοντές τ’· οὐδέ πῃ ἔστι,tlg0013.tlg001.perseus-grc2.xml
Hymn 1,tlg001,1,19,σεῖʼ ἐπιληθομένῳ ἱερῆς μεμνῆσθαι ἀοιδῆς.,σεῖ’ ἐπιληθομένῳ ἱερῆς μεμνῆσθαι ἀοιδῆς.,tlg0013.tlg001.perseus-grc2.xml
Hymn 1,tlg001,1,20,"καὶ σὺ μὲν οὕτω χαῖρε, Διώνυσʼ εἰραφιῶτα,","καὶ σὺ μὲν οὕτω χαῖρε, Διώνυσ’ εἰραφιῶτα,",tlg0013.tlg001.perseus-grc2.xml
Hymn 1,tlg001,1,21,"σὺν μητρὶ Σεμέλῃ, ἥν περ καλέουσι Θυώνην.","σὺν μητρὶ Σεμέλῃ, ἥν περ καλέουσι Θυώνην.",tlg0013.tlg001.perseus-grc2.xml
Hymn 2,tlg002,1,1,"Δήμητρʼ ἠύκομον, σεμνὴν θεόν, ἄρχομʼ ἀείδειν,","Δήμητρ’ ἠύκομον, σεμνὴν θεόν, ἄρχομ’ ἀείδειν,",tlg0013.tlg002.perseus-grc2.xml
Hymn 2,tlg002,1,2,"αὐτὴν ἠδὲ θύγατρα τανύσφυρον, ἣν Ἀιδωνεὺς","αὐτὴν ἠδὲ θύγατρα τανύσφυρον, ἣν Ἀιδωνεὺς",tlg0013.tlg002.perseus-grc2.xml
Hymn 2,tlg002,1,3,"ἥρπαξεν, δῶκεν δὲ βαρύκτυπος εὐρύοπα Ζεύς,","ἥρπαξεν, δῶκεν δὲ βαρύκτυπος εὐρύοπα Ζεύς,",tlg0013.tlg002.perseus-grc2.xml
Hymn 2,tlg002,1,4,"νόσφιν Δήμητρος χρυσαόρου, ἀγλαοκάρπου,","νόσφιν Δήμητρος χρυσαόρου, ἀγλαοκάρπου,",tlg0013.tlg002.perseus-grc2.xml
Hymn 2,tlg002,1,5,παίζουσαν κούρῃσι σὺν Ὠκεανοῦ βαθυκόλποις,παίζουσαν κούρῃσι σὺν Ὠκεανοῦ βαθυκόλποις,tlg0013.tlg002.perseus-grc2.xml
Hymn 2,tlg002,1,6,"ἄνθεά τʼ αἰνυμένην, ῥόδα καὶ κρόκον ἠδʼ ἴα καλὰ","ἄνθεά τ’ αἰνυμένην, ῥόδα καὶ κρόκον ἠδ’ ἴα καλὰ",tlg0013.tlg002.perseus-grc2.xml
Hymn 2,tlg002,1,7,λειμῶνʼ ἂμ μαλακὸν καὶ ἀγαλλίδας ἠδʼ ὑάκινθον,λειμῶν’ ἂμ μαλακὸν καὶ ἀγαλλίδας ἠδ’ ὑάκινθον,tlg0013.tlg002.perseus-grc2.xml
Hymn 2,tlg002,1,8,"νάρκισσόν θʼ, ὃν φῦσε δόλον καλυκώπιδι κούρῃ","νάρκισσόν θ’, ὃν φῦσε δόλον καλυκώπιδι κούρῃ",tlg0013.tlg002.perseus-grc2.xml
Hymn 2,tlg002,1,9,"Γαῖα Διὸς βουλῇσι χαριζομένη Πολυδέκτῃ,","Γαῖα Διὸς βουλῇσι χαριζομένη Πολυδέκτῃ,",tlg0013.tlg002.perseus-grc2.xml
Hymn 2,tlg002,1,10,θαυμαστὸν γανόωντα· σέβας τό γε πᾶσιν ἰδέσθαι,θαυμαστὸν γανόωντα· σέβας τό γε πᾶσιν ἰδέσθαι,tlg0013.tlg002.perseus-grc2.xml
Hymn 2,tlg002,1,11,ἀθανάτοις τε θεοῖς ἠδὲ θνητοῖς ἀνθρώποις·,ἀθανάτοις τε θεοῖς ἠδὲ θνητοῖς ἀνθρώποις·,tlg0013.tlg002.perseus-grc2.xml
Hymn 2,tlg002,1,12,τοῦ καὶ ἀπὸ ῥίζης ἑκατὸν κάρα ἐξεπεφύκει·,τοῦ καὶ ἀπὸ ῥίζης ἑκατὸν κάρα ἐξεπεφύκει·,tlg0013.tlg002.perseus-grc2.xml
Hymn 2,tlg002,1,13,"κὦζʼ ἥδιστʼ ὀδμή, πᾶς τʼ οὐρανὸς εὐρὺς ὕπερθεν","κὦζ’ ἥδιστ’ ὀδμή, πᾶς τ’ οὐρανὸς εὐρὺς ὕπερθεν",tlg0013.tlg002.perseus-grc2.xml
Hymn 2,tlg002,1,14,γαῖά τε πᾶσʼ ἐγελάσσε καὶ ἁλμυρὸν οἶδμα θαλάσσης.,γαῖά τε πᾶσ’ ἐγελάσσε καὶ ἁλμυρὸν οἶδμα θαλάσσης.,tlg0013.tlg002.perseus-grc2.xml
Hymn 2,tlg002,1,15,ἣ δʼ ἄρα θαμβήσασʼ ὠρέξατο χερσὶν ἅμʼ ἄμφω,ἣ δ’ ἄρα θαμβήσασ’ ὠρέξατο χερσὶν ἅμ’ ἄμφω,tlg0013.tlg002.perseus-grc2.xml
Hymn 2,tlg002,1,16,καλὸν ἄθυρμα λαβεῖν· χάνε δὲ χθὼν εὐρυάγυια,καλὸν ἄθυρμα λαβεῖν· χάνε δὲ χθὼν εὐρυάγυια,tlg0013.tlg002.perseus-grc2.xml
Hymn 2,tlg002,1,17,"Νύσιον ἂμ πεδίον, τῇ ὄρουσεν ἄναξ Πολυδέγμων","Νύσιον ἂμ πεδίον, τῇ ὄρουσεν ἄναξ Πολυδέγμων",tlg0013.tlg002.perseus-grc2.xml
Hymn 2,tlg002,1,18,"ἵπποις ἀθανάτοισι, Κρόνου πολυώνυμος υἱός.","ἵπποις ἀθανάτοισι, Κρόνου πολυώνυμος υἱός.",tlg0013.tlg002.perseus-grc2.xml
Hymn 2,tlg002,1,19,ἁρπάξας δʼ ἀέκουσαν ἐπὶ χρυσέοισιν ὄχοισιν,ἁρπάξας δ’ ἀέκουσαν ἐπὶ χρυσέοισιν ὄχοισιν,tlg0013.tlg002.perseus-grc2.xml
Hymn 2,tlg002,1,20,"ἦγʼ ὀλοφυρομένην· ἰάχησε δʼ ἄρʼ ὄρθια φωνῇ,","ἦγ’ ὀλοφυρομένην· ἰάχησε δ’ ἄρ’ ὄρθια φωνῇ,",tlg0013.tlg002.perseus-grc2.xml
Hymn 2,tlg002,1,21,κεκλομένη πατέρα Κρονίδην ὕπατον καὶ ἄριστον.,κεκλομένη πατέρα Κρονίδην ὕπατον καὶ ἄριστον.,tlg0013.tlg002.perseus-grc2.xml
Hymn 2,tlg002,1,22,οὐδέ τις ἀθανάτων οὐδὲ θνητῶν ἀνθρώπων,οὐδέ τις ἀθανάτων οὐδὲ θνητῶν ἀνθρώπων,tlg0013.tlg002.perseus-grc2.xml
Hymn 2,tlg002,1,23,"ἤκουσεν φωνῆς, οὐδʼ ἀγλαόκαρποι ἐλαῖαι","ἤκουσεν φωνῆς, οὐδ’ ἀγλαόκαρποι ἐλαῖαι",tlg0013.tlg002.perseus-grc2.xml
Hymn 2,tlg002,1,24,εἰ μὴ Περσαίου θυγάτηρ ἀταλὰ φρονέουσα,εἰ μὴ Περσαίου θυγάτηρ ἀταλὰ φρονέουσα,tlg0013.tlg002.perseus-grc2.xml
Hymn 2,tlg002,1,25,"ἄιεν ἐξ ἄντρου, Ἑκάτη λιπαροκρήδεμνος,","ἄιεν ἐξ ἄντρου, Ἑκάτη λιπαροκρήδεμνος,",tlg0013.tlg002.perseus-grc2.xml
Hymn 2,tlg002,1,26,"Ἠέλιός τε ἄναξ, Ὑπερίονος ἀγλαὸς υἱός,","Ἠέλιός τε ἄναξ, Ὑπερίονος ἀγλαὸς υἱός,",tlg0013.tlg002.perseus-grc2.xml
Hymn 2,tlg002,1,27,κούρης κεκλομένης πατέρα Κρονίδην· ὃ δὲ νόσφιν,κούρης κεκλομένης πατέρα Κρονίδην· ὃ δὲ νόσφιν,tlg0013.tlg002.perseus-grc2.xml
Hymn 2,tlg002,1,28,"ἧστο θεῶν ἀπάνευθε πολυλλίστῳ ἐνὶ νηῷ,","ἧστο θεῶν ἀπάνευθε πολυλλίστῳ ἐνὶ νηῷ,",tlg0013.tlg002.perseus-grc2.xml
Hymn 2,tlg002,1,29,δέγμενος ἱερὰ καλὰ παρὰ θνητῶν ἀνθρώπων.,δέγμενος ἱερὰ καλὰ παρὰ θνητῶν ἀνθρώπων.,tlg0013.tlg002.perseus-grc2.xml
Hymn 2,tlg002,1,30,τὴν δʼ ἀεκαζομένην ἦγεν Διὸς ἐννεσίῃσι,τὴν δ’ ἀεκαζομένην ἦγεν Διὸς ἐννεσίῃσι,tlg0013.tlg002.perseus-grc2.xml
Hymn 2,tlg002,1,31,"πατροκασίγνητος, Πολυσημάντωρ Πολυδέγμων,","πατροκασίγνητος, Πολυσημάντωρ Πολυδέγμων,",tlg0013.tlg002.perseus-grc2.xml
Hymn 2,tlg002,1,32,"ἵπποις ἀθανάτοισι, Κρόνου πολυώνυμος υἱός.","ἵπποις ἀθανάτοισι, Κρόνου πολυώνυμος υἱός.",tlg0013.tlg002.perseus-grc2.xml
Hymn 2,tlg002,1,33,ὄφρα μὲν οὖν γαῖάν τε καὶ οὐρανὸν ἀστερόεντα,ὄφρα μὲν οὖν γαῖάν τε καὶ οὐρανὸν ἀστερόεντα,tlg0013.tlg002.perseus-grc2.xml
Hymn 2,tlg002,1,34,λεῦσσε θεὰ καὶ πόντον ἀγάρροον ἰχθυόεντα,λεῦσσε θεὰ καὶ πόντον ἀγάρροον ἰχθυόεντα,tlg0013.tlg002.perseus-grc2.xml
Hymn 2,tlg002,1,35,"αὐγάς τʼ ἠελίου, ἔτι δʼ ἤλπετο μητέρα κεδνὴν","αὐγάς τ’ ἠελίου, ἔτι δ’ ἤλπετο μητέρα κεδνὴν",tlg0013.tlg002.perseus-grc2.xml
Hymn 2,tlg002,1,36,"ὄψεσθαι καὶ φῦλα θεῶν αἰειγενετάων,","ὄψεσθαι καὶ φῦλα θεῶν αἰειγενετάων,",tlg0013.tlg002.perseus-grc2.xml
Hymn 2,tlg002,1,37,τόφρα οἱ ἐλπὶς ἔθελγε μέγαν νόον ἀχνυμένης περ·,τόφρα οἱ ἐλπὶς ἔθελγε μέγαν νόον ἀχνυμένης περ·,tlg0013.tlg002.perseus-grc2.xml
Hymn 2,tlg002,1,38,ἤχησαν δʼ ὀρέων κορυφαὶ καὶ βένθεα πόντου,ἤχησαν δ’ ὀρέων κορυφαὶ καὶ βένθεα πόντου,tlg0013.tlg002.perseus-grc2.xml
Hymn 2,tlg002,1,39,φωνῇ ὑπʼ ἀθανάτῃ· τῆς δʼ ἔκλυε πότνια μήτηρ.,φωνῇ ὑπ’ ἀθανάτῃ· τῆς δ’ ἔκλυε πότνια μήτηρ.,tlg0013.tlg002.perseus-grc2.xml
Hymn 2,tlg002,1,40,"ὀξὺ δέ μιν κραδίην ἄχος ἔλλαβεν, ἀμφὶ δὲ χαίταις","ὀξὺ δέ μιν κραδίην ἄχος ἔλλαβεν, ἀμφὶ δὲ χαίταις",tlg0013.tlg002.perseus-grc2.xml
Hymn 2,tlg002,1,41,"ἀμβροσίαις κρήδεμνα δαΐζετο χερσὶ φίλῃσι,","ἀμβροσίαις κρήδεμνα δαΐζετο χερσὶ φίλῃσι,",tlg0013.tlg002.perseus-grc2.xml
Hymn 2,tlg002,1,42,"κυάνεον δὲ κάλυμμα κατʼ ἀμφοτέρων βάλετʼ ὤμων,","κυάνεον δὲ κάλυμμα κατ’ ἀμφοτέρων βάλετ’ ὤμων,",tlg0013.tlg002.perseus-grc2.xml
Hymn 2,tlg002,1,43,"σεύατο δʼ ὥστʼ οἰωνός, ἐπὶ τραφερήν τε καὶ ὑγρὴν","σεύατο δ’ ὥστ’ οἰωνός, ἐπὶ τραφερήν τε καὶ ὑγρὴν",tlg0013.tlg002.perseus-grc2.xml
Hymn 2,tlg002,1,44,μαιομένη· τῇ δʼ οὔτις ἐτήτυμα μυθήσασθαι,μαιομένη· τῇ δ’ οὔτις ἐτήτυμα μυθήσασθαι,tlg0013.tlg002.perseus-grc2.xml
Hymn 2,tlg002,1,45,"ἤθελεν οὔτε θεῶν οὔτε θνητῶν ἀνθρώπων,","ἤθελεν οὔτε θεῶν οὔτε θνητῶν ἀνθρώπων,",tlg0013.tlg002.perseus-grc2.xml
Hymn 2,tlg002,1,46,οὔτʼ οἰωνῶν τις τῇ ἐτήτυμος ἄγγελος ἦλθεν.,οὔτ’ οἰωνῶν τις τῇ ἐτήτυμος ἄγγελος ἦλθεν.,tlg0013.tlg002.perseus-grc2.xml
Hymn 2,tlg002,1,47,ἐννῆμαρ μὲν ἔπειτα κατὰ χθόνα πότνια Δηὼ,ἐννῆμαρ μὲν ἔπειτα κατὰ χθόνα πότνια Δηὼ,tlg0013.tlg002.perseus-grc2.xml
Hymn 2,tlg002,1,48,"στρωφᾶτʼ αἰθομένας δαΐδας μετὰ χερσὶν ἔχουσα,","στρωφᾶτ’ αἰθομένας δαΐδας μετὰ χερσὶν ἔχουσα,",tlg0013.tlg002.perseus-grc2.xml
Hymn 2,tlg002,1,49,οὐδέ ποτʼ ἀμβροσίης καὶ νέκταρος ἡδυπότοιο,οὐδέ ποτ’ ἀμβροσίης καὶ νέκταρος ἡδυπότοιο,tlg0013.tlg002.perseus-grc2.xml
Hymn 2,tlg002,1,50,"πάσσατʼ ἀκηχεμένη, οὐδὲ χρόα βάλλετο λουτροῖς.","πάσσατ’ ἀκηχεμένη, οὐδὲ χρόα βάλλετο λουτροῖς.",tlg0013.tlg002.perseus-grc2.xml
Hymn 2,tlg002,1,51,"ἀλλʼ ὅτε δὴ δεκάτη οἱ ἐπήλυθε φαινολὶς ἠώς,","ἀλλ’ ὅτε δὴ δεκάτη οἱ ἐπήλυθε φαινολὶς ἠώς,",tlg0013.tlg002.perseus-grc2.xml
Hymn 2,tlg002,1,52,"ἤντετό οἱ Ἑκάτη, σέλας ἐν χείρεσσιν ἔχουσα","ἤντετό οἱ Ἑκάτη, σέλας ἐν χείρεσσιν ἔχουσα",tlg0013.tlg002.perseus-grc2.xml
Hymn 2,tlg002,1,53,καί ῥά οἱ ἀγγελέουσα ἔπος φάτο φώνησέν τε·,καί ῥά οἱ ἀγγελέουσα ἔπος φάτο φώνησέν τε·,tlg0013.tlg002.perseus-grc2.xml
Hymn 2,tlg002,1,54,"πότνια Δημήτηρ, ὡρηφόρε, ἀγλαόδωρε,","πότνια Δημήτηρ, ὡρηφόρε, ἀγλαόδωρε,",tlg0013.tlg002.perseus-grc2.xml
Hymn 2,tlg002,1,55,τίς θεῶν οὐρανίων ἠὲ θνητῶν ἀνθρώπων,τίς θεῶν οὐρανίων ἠὲ θνητῶν ἀνθρώπων,tlg0013.tlg002.perseus-grc2.xml
Hymn 2,tlg002,1,56,ἥρπασε Περσεφόνην καὶ σὸν φίλον ἤκαχε θυμόν;,ἥρπασε Περσεφόνην καὶ σὸν φίλον ἤκαχε θυμόν;,tlg0013.tlg002.perseus-grc2.xml
Hymn 2,tlg002,1,57,"φωνῆς γὰρ ἤκουσʼ, ἀτὰρ οὐκ ἴδον ὀφθαλμοῖσιν,","φωνῆς γὰρ ἤκουσ’, ἀτὰρ οὐκ ἴδον ὀφθαλμοῖσιν,",tlg0013.tlg002.perseus-grc2.xml
Hymn 2,tlg002,1,58,ὅστις ἔην· σοὶ δʼ ὦκα λέγω νημερτέα πάντα.,ὅστις ἔην· σοὶ δ’ ὦκα λέγω νημερτέα πάντα.,tlg0013.tlg002.perseus-grc2.xml
Hymn 2,tlg002,1,59,ὣς ἄρʼ ἔφη Ἑκάτη· τὴν δʼ οὐκ ἠμείβετο μύθῳ,ὣς ἄρ’ ἔφη Ἑκάτη· τὴν δ’ οὐκ ἠμείβετο μύθῳ,tlg0013.tlg002.perseus-grc2.xml
Hymn 2,tlg002,1,60,"Ῥείης ἠυκόμου θυγάτηρ, ἀλλʼ ὦκα σὺν αὐτῇ","Ῥείης ἠυκόμου θυγάτηρ, ἀλλ’ ὦκα σὺν αὐτῇ",tlg0013.tlg002.perseus-grc2.xml
Hymn 2,tlg002,1,61,ἤιξʼ αἰθομένας δαΐδας μετὰ χερσὶν ἔχουσα.,ἤιξ’ αἰθομένας δαΐδας μετὰ χερσὶν ἔχουσα.,tlg0013.tlg002.perseus-grc2.xml
Hymn 2,tlg002,1,62,"Ἠέλιον δʼ ἵκοντο, θεῶν σκοπὸν ἠδὲ καὶ ἀνδρῶν,","Ἠέλιον δ’ ἵκοντο, θεῶν σκοπὸν ἠδὲ καὶ ἀνδρῶν,",tlg0013.tlg002.perseus-grc2.xml
Hymn 2,tlg002,1,63,στὰν δʼ ἵππων προπάροιθε καὶ εἴρετο δῖα θεάων·,στὰν δ’ ἵππων προπάροιθε καὶ εἴρετο δῖα θεάων·,tlg0013.tlg002.perseus-grc2.xml
Hymn 2,tlg002,1,64,"ἠέλιʼ, αἴδεσσαί με θεὰν σύ περ, εἴ ποτε δή σευ","ἠέλι’, αἴδεσσαί με θεὰν σύ περ, εἴ ποτε δή σευ",tlg0013.tlg002.perseus-grc2.xml
Hymn 2,tlg002,1,65,ἢ ἔπει ἢ ἔργῳ κραδίην καὶ θυμὸν ἴηνα·,ἢ ἔπει ἢ ἔργῳ κραδίην καὶ θυμὸν ἴηνα·,tlg0013.tlg002.perseus-grc2.xml
Hymn 2,tlg002,1,66,"κούρην τὴν ἔτεκον, γλυκερὸν θάλος, εἴδεϊ κυδρήν,","κούρην τὴν ἔτεκον, γλυκερὸν θάλος, εἴδεϊ κυδρήν,",tlg0013.tlg002.perseus-grc2.xml
Hymn 2,tlg002,1,67,τῆς ἀδινὴν ὄπʼ ἄκουσα διʼ αἰθέρος ἀτρυγέτοιο,τῆς ἀδινὴν ὄπ’ ἄκουσα δι’ αἰθέρος ἀτρυγέτοιο,tlg0013.tlg002.perseus-grc2.xml
Hymn 2,tlg002,1,68,"ὥστε βιαζομένης, ἀτὰρ οὐκ ἴδον ὀφθαλμοῖσιν.","ὥστε βιαζομένης, ἀτὰρ οὐκ ἴδον ὀφθαλμοῖσιν.",tlg0013.tlg002.perseus-grc2.xml
Hymn 2,tlg002,1,69,"ἀλλά, σὺ γὰρ δὴ πᾶσαν ἐπὶ χθόνα καὶ κατὰ πόντον","ἀλλά, σὺ γὰρ δὴ πᾶσαν ἐπὶ χθόνα καὶ κατὰ πόντον",tlg0013.tlg002.perseus-grc2.xml
Hymn 2,tlg002,1,70,"αἰθέρος ἐκ δίης καταδέρκεαι ἀκτίνεσσι,","αἰθέρος ἐκ δίης καταδέρκεαι ἀκτίνεσσι,",tlg0013.tlg002.perseus-grc2.xml
Hymn 2,tlg002,1,71,"νημερτέως μοι ἔνισπε φίλον τέκος, εἴ που ὄπωπας,","νημερτέως μοι ἔνισπε φίλον τέκος, εἴ που ὄπωπας,",tlg0013.tlg002.perseus-grc2.xml
Hymn 2,tlg002,1,72,ὅστις νόσφιν ἐμεῖο λαβὼν ἀέκουσαν ἀνάγκῃ,ὅστις νόσφιν ἐμεῖο λαβὼν ἀέκουσαν ἀνάγκῃ,tlg0013.tlg002.perseus-grc2.xml
Hymn 2,tlg002,1,73,οἴχεται ἠὲ θεῶν ἢ καὶ θνητῶν ἀνθρώπων.,οἴχεται ἠὲ θεῶν ἢ καὶ θνητῶν ἀνθρώπων.,tlg0013.tlg002.perseus-grc2.xml
Hymn 2,tlg002,1,74,ὣς φάτο· τὴν δʼ Ὑπεριονίδης ἠμείβετο μύθῳ·,ὣς φάτο· τὴν δ’ Ὑπεριονίδης ἠμείβετο μύθῳ·,tlg0013.tlg002.perseus-grc2.xml
Hymn 2,tlg002,1,75,"Ῥείης ἠυκόμου θύγατερ, Δήμητερ ἄνασσα,","Ῥείης ἠυκόμου θύγατερ, Δήμητερ ἄνασσα,",tlg0013.tlg002.perseus-grc2.xml
Hymn 2,tlg002,1,76,εἰδήσεις· δὴ γὰρ μέγα σʼ ἅζομαι ἠδʼ ἐλεαίρω,εἰδήσεις· δὴ γὰρ μέγα σ’ ἅζομαι ἠδ’ ἐλεαίρω,tlg0013.tlg002.perseus-grc2.xml
Hymn 2,tlg002,1,77,ἀχνυμένην περὶ παιδὶ τανυσφύρῳ· οὐδέ τις ἄλλος,ἀχνυμένην περὶ παιδὶ τανυσφύρῳ· οὐδέ τις ἄλλος,tlg0013.tlg002.perseus-grc2.xml
Hymn 2,tlg002,1,78,"αἴτιος ἀθανάτων, εἰ μὴ νεφεληγερέτα Ζεύς,","αἴτιος ἀθανάτων, εἰ μὴ νεφεληγερέτα Ζεύς,",tlg0013.tlg002.perseus-grc2.xml
Hymn 2,tlg002,1,79,ὅς μιν ἔδωκʼ Ἀίδῃ θαλερὴν κεκλῆσθαι ἄκοιτιν,ὅς μιν ἔδωκ’ Ἀίδῃ θαλερὴν κεκλῆσθαι ἄκοιτιν,tlg0013.tlg002.perseus-grc2.xml
Hymn 2,tlg002,1,80,αὐτοκασιγνήτῳ· ὃ δʼ ὑπὸ ζόφον ἠερόεντα,αὐτοκασιγνήτῳ· ὃ δ’ ὑπὸ ζόφον ἠερόεντα,tlg0013.tlg002.perseus-grc2.xml
Hymn 2,tlg002,1,81,ἁρπάξας ἵπποισιν ἄγεν μεγάλα ἰάχουσαν.,ἁρπάξας ἵπποισιν ἄγεν μεγάλα ἰάχουσαν.,tlg0013.tlg002.perseus-grc2.xml
Hymn 2,tlg002,1,82,"ἀλλά, θεά, κατάπαυε μέγαν γόον· οὐδέ τί σε χρὴ","ἀλλά, θεά, κατάπαυε μέγαν γόον· οὐδέ τί σε χρὴ",tlg0013.tlg002.perseus-grc2.xml
Hymn 2,tlg002,1,83,μὰψ αὔτως ἄπλητον ἔχειν χόλον· οὔ τοι ἀεικὴς,μὰψ αὔτως ἄπλητον ἔχειν χόλον· οὔ τοι ἀεικὴς,tlg0013.tlg002.perseus-grc2.xml
Hymn 2,tlg002,1,84,"γαμβρὸς ἐν ἀθανάτοις Πολυσημάντωρ Ἀιδωνεύς,","γαμβρὸς ἐν ἀθανάτοις Πολυσημάντωρ Ἀιδωνεύς,",tlg0013.tlg002.perseus-grc2.xml
Hymn 2,tlg002,1,85,αὐτοκασίγνητος καὶ ὁμόσπορος· ἀμφὶ δὲ τιμὴν,αὐτοκασίγνητος καὶ ὁμόσπορος· ἀμφὶ δὲ τιμὴν,tlg0013.tlg002.perseus-grc2.xml
Hymn 2,tlg002,1,86,"ἔλλαχεν ὡς τὰ πρῶτα διάτριχα δασμὸς ἐτύχθη,","ἔλλαχεν ὡς τὰ πρῶτα διάτριχα δασμὸς ἐτύχθη,",tlg0013.tlg002.perseus-grc2.xml
Hymn 2,tlg002,1,87,"τοῖς μεταναιετάειν, τῶν ἔλλαχε κοίρανος εἶναι.","τοῖς μεταναιετάειν, τῶν ἔλλαχε κοίρανος εἶναι.",tlg0013.tlg002.perseus-grc2.xml
Hymn 2,tlg002,1,88,ὣς εἰπὼν ἵπποισιν ἐκέκλετο· τοὶ δʼ ὑπʼ ὀμοκλῆς,ὣς εἰπὼν ἵπποισιν ἐκέκλετο· τοὶ δ’ ὑπ’ ὀμοκλῆς,tlg0013.tlg002.perseus-grc2.xml
Hymn 2,tlg002,1,89,ῥίμφα φέρον θοὸν ἅρμα τανύπτεροι ὥστʼ οἰωνοί.,ῥίμφα φέρον θοὸν ἅρμα τανύπτεροι ὥστ’ οἰωνοί.,tlg0013.tlg002.perseus-grc2.xml
Hymn 2,tlg002,1,90,Τὴν δʼ ἄχος αἰνότερον καὶ κύντερον ἵκετο θυμόν·,Τὴν δ’ ἄχος αἰνότερον καὶ κύντερον ἵκετο θυμόν·,tlg0013.tlg002.perseus-grc2.xml
Hymn 2,tlg002,1,91,χωσαμένη δὴ ἔπειτα κελαινεφέι Κρονίωνι,χωσαμένη δὴ ἔπειτα κελαινεφέι Κρονίωνι,tlg0013.tlg002.perseus-grc2.xml
Hymn 2,tlg002,1,92,νοσφισθεῖσα θεῶν ἀγορὴν καὶ μακρὸν Ὄλυμπον,νοσφισθεῖσα θεῶν ἀγορὴν καὶ μακρὸν Ὄλυμπον,tlg0013.tlg002.perseus-grc2.xml
Hymn 2,tlg002,1,93,ᾤχετʼ ἐπʼ ἀνθρώπων πόλιας καὶ πίονα ἔργα,ᾤχετ’ ἐπ’ ἀνθρώπων πόλιας καὶ πίονα ἔργα,tlg0013.tlg002.perseus-grc2.xml
Hymn 2,tlg002,1,94,εἶδος ἀμαλδύνουσα πολὺν χρόνον· οὐδέ τις ἀνδρῶν,εἶδος ἀμαλδύνουσα πολὺν χρόνον· οὐδέ τις ἀνδρῶν,tlg0013.tlg002.perseus-grc2.xml
Hymn 2,tlg002,1,95,"εἰσορόων γίγνωσκε βαθυζώνων τε γυναικῶν,","εἰσορόων γίγνωσκε βαθυζώνων τε γυναικῶν,",tlg0013.tlg002.perseus-grc2.xml
Hymn 2,tlg002,1,96,"πρίν γʼ ὅτε δὴ Κελεοῖο δαΐφρονος ἵκετο δῶμα,","πρίν γ’ ὅτε δὴ Κελεοῖο δαΐφρονος ἵκετο δῶμα,",tlg0013.tlg002.perseus-grc2.xml
Hymn 2,tlg002,1,97,ὃς τότʼ Ἐλευσῖνος θυοέσσης κοίρανος ἦεν.,ὃς τότ’ Ἐλευσῖνος θυοέσσης κοίρανος ἦεν.,tlg0013.tlg002.perseus-grc2.xml
Hymn 2,tlg002,1,98,"ἕζετο δʼ ἐγγὺς ὁδοῖο φίλον τετιημένη ἦτορ,","ἕζετο δ’ ἐγγὺς ὁδοῖο φίλον τετιημένη ἦτορ,",tlg0013.tlg002.perseus-grc2.xml
Hymn 2,tlg002,1,99,"Παρθενίῳ φρέατι, ὅθεν ὑδρεύοντο πολῖται,","Παρθενίῳ φρέατι, ὅθεν ὑδρεύοντο πολῖται,",tlg0013.tlg002.perseus-grc2.xml
Hymn 2,tlg002,1,100,"ἐν σκιῇ, αὐτὰρ ὕπερθε πεφύκει θάμνος ἐλαίης,","ἐν σκιῇ, αὐτὰρ ὕπερθε πεφύκει θάμνος ἐλαίης,",tlg0013.tlg002.perseus-grc2.xml
Hymn 2,tlg002,1,101,"γρηὶ παλαιγενέι ἐναλίγκιος, ἥτε τόκοιο","γρηὶ παλαιγενέι ἐναλίγκιος, ἥτε τόκοιο",tlg0013.tlg002.perseus-grc2.xml
Hymn 2,tlg002,1,102,"εἴργηται δώρων τε φιλοστεφάνου Ἀφροδίτης,","εἴργηται δώρων τε φιλοστεφάνου Ἀφροδίτης,",tlg0013.tlg002.perseus-grc2.xml
Hymn 2,tlg002,1,103,οἷαί τε τροφοί εἰσι θεμιστοπόλων βασιλήων,οἷαί τε τροφοί εἰσι θεμιστοπόλων βασιλήων,tlg0013.tlg002.perseus-grc2.xml
Hymn 2,tlg002,1,104,παίδων καὶ ταμίαι κατὰ δώματα ἠχήεντα.,παίδων καὶ ταμίαι κατὰ δώματα ἠχήεντα.,tlg0013.tlg002.perseus-grc2.xml
Hymn 2,tlg002,1,105,τὴν δὲ ἴδον Κελεοῖο Ἐλευσινίδαο θύγατρες,τὴν δὲ ἴδον Κελεοῖο Ἐλευσινίδαο θύγατρες,tlg0013.tlg002.perseus-grc2.xml
Hymn 2,tlg002,1,106,"ἐρχόμεναι μεθʼ ὕδωρ εὐήρυτον, ὄφρα φέροιεν","ἐρχόμεναι μεθ’ ὕδωρ εὐήρυτον, ὄφρα φέροιεν",tlg0013.tlg002.perseus-grc2.xml
Hymn 2,tlg002,1,107,"κάλπισι χαλκείῃσι φίλα πρὸς δώματα πατρός,","κάλπισι χαλκείῃσι φίλα πρὸς δώματα πατρός,",tlg0013.tlg002.perseus-grc2.xml
Hymn 2,tlg002,1,108,"τέσσαρες, ὥστε θεαί, κουρήιον ἄνθος ἔχουσαι,","τέσσαρες, ὥστε θεαί, κουρήιον ἄνθος ἔχουσαι,",tlg0013.tlg002.perseus-grc2.xml
Hymn 2,tlg002,1,109,Καλλιδίκη καὶ Κλεισιδίκη Δημώ τʼ ἐρόεσσα,Καλλιδίκη καὶ Κλεισιδίκη Δημώ τ’ ἐρόεσσα,tlg0013.tlg002.perseus-grc2.xml
Hymn 2,tlg002,1,110,"Καλλιθόη θʼ, ἣ τῶν προγενεστάτη ἦεν ἁπασῶν·","Καλλιθόη θ’, ἣ τῶν προγενεστάτη ἦεν ἁπασῶν·",tlg0013.tlg002.perseus-grc2.xml
Hymn 2,tlg002,1,111,οὐδʼ ἔγνον· χαλεποὶ δὲ θεοὶ θνητοῖσιν ὁρᾶσθαι.,οὐδ’ ἔγνον· χαλεποὶ δὲ θεοὶ θνητοῖσιν ὁρᾶσθαι.,tlg0013.tlg002.perseus-grc2.xml
Hymn 2,tlg002,1,112,ἀγχοῦ δʼ ἱστάμεναι ἔπεα πτερόεντα προσηύδων·,ἀγχοῦ δ’ ἱστάμεναι ἔπεα πτερόεντα προσηύδων·,tlg0013.tlg002.perseus-grc2.xml
Hymn 2,tlg002,1,113,"τίς πόθεν ἐσσί, γρῆυ, παλαιγενέων ἀνθρώπων;","τίς πόθεν ἐσσί, γρῆυ, παλαιγενέων ἀνθρώπων;",tlg0013.tlg002.perseus-grc2.xml
Hymn 2,tlg002,1,114,"τίπτε δὲ νόσφι πόληος ἀπέστιχες, οὐδὲ δόμοισι","τίπτε δὲ νόσφι πόληος ἀπέστιχες, οὐδὲ δόμοισι",tlg0013.tlg002.perseus-grc2.xml
Hymn 2,tlg002,1,115,πίλνασαι; ἔνθα γυναῖκες ἀνὰ μέγαρα σκιόεντα,πίλνασαι; ἔνθα γυναῖκες ἀνὰ μέγαρα σκιόεντα,tlg0013.tlg002.perseus-grc2.xml
Hymn 2,tlg002,1,116,"τηλίκαι, ὡς σύ περ ὧδε καὶ ὁπλότεραι γεγάασιν,","τηλίκαι, ὡς σύ περ ὧδε καὶ ὁπλότεραι γεγάασιν,",tlg0013.tlg002.perseus-grc2.xml
Hymn 2,tlg002,1,117,αἵ κέ σε φίλωνται ἠμὲν ἔπει ἠδὲ καὶ ἔργῳ.,αἵ κέ σε φίλωνται ἠμὲν ἔπει ἠδὲ καὶ ἔργῳ.,tlg0013.tlg002.perseus-grc2.xml
Hymn 2,tlg002,1,118,ὣς ἔφαν· ἣ δʼ ἐπέεσσιν ἀμείβετο πότνα θεάων·,ὣς ἔφαν· ἣ δ’ ἐπέεσσιν ἀμείβετο πότνα θεάων·,tlg0013.tlg002.perseus-grc2.xml
Hymn 2,tlg002,1,119,"τέκνα φίλʼ, αἵ τινές ἐστε γυναικῶν θηλυτεράων,","τέκνα φίλ’, αἵ τινές ἐστε γυναικῶν θηλυτεράων,",tlg0013.tlg002.perseus-grc2.xml
Hymn 2,tlg002,1,120,χαίρετʼ· ἐγὼ δʼ ὑμῖν μυθήσομαι· οὔ τοι ἀεικὲς,χαίρετ’· ἐγὼ δ’ ὑμῖν μυθήσομαι· οὔ τοι ἀεικὲς,tlg0013.tlg002.perseus-grc2.xml
Hymn 2,tlg002,1,121,ὑμῖν εἰρομένῃσιν ἀληθέα μυθήσασθαι.,ὑμῖν εἰρομένῃσιν ἀληθέα μυθήσασθαι.,tlg0013.tlg002.perseus-grc2.xml
Hymn 2,tlg002,1,122,Δωσὼ ἐμοί γʼ ὄνομʼ ἐστί· τὸ γὰρ θέτο πότνια μήτηρ.,Δωσὼ ἐμοί γ’ ὄνομ’ ἐστί· τὸ γὰρ θέτο πότνια μήτηρ.,tlg0013.tlg002.perseus-grc2.xml
Hymn 2,tlg002,1,123,νῦν αὖτε Κρήτηθεν ἐπʼ εὐρέα νῶτα θαλάσσης,νῦν αὖτε Κρήτηθεν ἐπ’ εὐρέα νῶτα θαλάσσης,tlg0013.tlg002.perseus-grc2.xml
Hymn 2,tlg002,1,124,"ἤλυθον οὐκ ἐθέλουσα, βίῃ δʼ ἀέκουσαν ἀνάγκῃ","ἤλυθον οὐκ ἐθέλουσα, βίῃ δ’ ἀέκουσαν ἀνάγκῃ",tlg0013.tlg002.perseus-grc2.xml
Hymn 2,tlg002,1,125,ἄνδρες ληιστῆρες ἀπήγαγον. οἳ μὲν ἔπειτα,ἄνδρες ληιστῆρες ἀπήγαγον. οἳ μὲν ἔπειτα,tlg0013.tlg002.perseus-grc2.xml
Hymn 2,tlg002,1,126,"νηὶ θοῇ Θόρικόνδε κατέσχεθον, ἔνθα γυναῖκες","νηὶ θοῇ Θόρικόνδε κατέσχεθον, ἔνθα γυναῖκες",tlg0013.tlg002.perseus-grc2.xml
Hymn 2,tlg002,1,127,"ἠπείρου ἐπέβησαν ἀολλέες ἠδὲ καὶ αὐτοί,","ἠπείρου ἐπέβησαν ἀολλέες ἠδὲ καὶ αὐτοί,",tlg0013.tlg002.perseus-grc2.xml
Hymn 2,tlg002,1,128,δεῖπνόν τʼ ἐπηρτύνοντο παρὰ πρυμνήσια νηός·,δεῖπνόν τ’ ἐπηρτύνοντο παρὰ πρυμνήσια νηός·,tlg0013.tlg002.perseus-grc2.xml
Hymn 2,tlg002,1,129,ἀλλʼ ἐμοὶ οὐ δόρποιο μελίφρονος ἤρατο θυμός·,ἀλλ’ ἐμοὶ οὐ δόρποιο μελίφρονος ἤρατο θυμός·,tlg0013.tlg002.perseus-grc2.xml
Hymn 2,tlg002,1,130,λάθρη δʼ ὁρμηθεῖσα διʼ ἠπείροιο μελαίνης,λάθρη δ’ ὁρμηθεῖσα δι’ ἠπείροιο μελαίνης,tlg0013.tlg002.perseus-grc2.xml
Hymn 2,tlg002,1,131,"φεῦγον ὑπερφιάλους σημάντορας, ὄφρα κε μή με","φεῦγον ὑπερφιάλους σημάντορας, ὄφρα κε μή με",tlg0013.tlg002.perseus-grc2.xml
Hymn 2,tlg002,1,132,ἀπριάτην περάσαντες ἐμῆς ἀποναίατο τιμῆς.,ἀπριάτην περάσαντες ἐμῆς ἀποναίατο τιμῆς.,tlg0013.tlg002.perseus-grc2.xml
Hymn 2,tlg002,1,133,"οὕτω δεῦρʼ ἱκόμην ἀλαλημένη, οὐδέ τι οἶδα,","οὕτω δεῦρ’ ἱκόμην ἀλαλημένη, οὐδέ τι οἶδα,",tlg0013.tlg002.perseus-grc2.xml
Hymn 2,tlg002,1,134,ἥ τις δὴ γαῖʼ ἐστι καὶ οἵ τινες ἐγγεγάασιν.,ἥ τις δὴ γαῖ’ ἐστι καὶ οἵ τινες ἐγγεγάασιν.,tlg0013.tlg002.perseus-grc2.xml
Hymn 2,tlg002,1,135,ἀλλʼ ὑμῖν μὲν πάντες Ὀλύμπια δώματʼ ἔχοντες,ἀλλ’ ὑμῖν μὲν πάντες Ὀλύμπια δώματ’ ἔχοντες,tlg0013.tlg002.perseus-grc2.xml
Hymn 2,tlg002,1,136,"δοῖεν κουριδίους ἄνδρας, καὶ τέκνα τεκέσθαι,","δοῖεν κουριδίους ἄνδρας, καὶ τέκνα τεκέσθαι,",tlg0013.tlg002.perseus-grc2.xml
Hymn 2,tlg002,1,137,"ὡς ἐθέλουσι τοκῆες· ἐμὲ δʼ αὖτʼ οἰκτείρατε, κοῦραι.","ὡς ἐθέλουσι τοκῆες· ἐμὲ δ’ αὖτ’ οἰκτείρατε, κοῦραι.",tlg0013.tlg002.perseus-grc2.xml
Hymn 2,tlg002,1,137a,"τοῦτο δέ μοι σαφέως ὑποθήκατε, ὄφρα πύθωμαι,","τοῦτο δέ μοι σαφέως ὑποθήκατε, ὄφρα πύθωμαι,",tlg0013.tlg002.perseus-grc2.xml
Hymn 2,tlg002,1,138,"προφρονέως, φίλα τέκνα, τέων πρὸς δώμαθʼ ἵκωμαι","προφρονέως, φίλα τέκνα, τέων πρὸς δώμαθ’ ἵκωμαι",tlg0013.tlg002.perseus-grc2.xml
Hymn 2,tlg002,1,139,"ἀνέρος ἠδὲ γυναικός, ἵνα σφίσιν ἐργάζωμαι","ἀνέρος ἠδὲ γυναικός, ἵνα σφίσιν ἐργάζωμαι",tlg0013.tlg002.perseus-grc2.xml
Hymn 2,tlg002,1,140,"πρόφρων, οἷα γυναικὸς ἀφήλικος ἔργα τέτυκται·","πρόφρων, οἷα γυναικὸς ἀφήλικος ἔργα τέτυκται·",tlg0013.tlg002.perseus-grc2.xml
Hymn 2,tlg002,1,141,καὶ κεν παῖδα νεογνὸν ἐν ἀγκοίνῃσιν ἔχουσα,καὶ κεν παῖδα νεογνὸν ἐν ἀγκοίνῃσιν ἔχουσα,tlg0013.tlg002.perseus-grc2.xml
Hymn 2,tlg002,1,142,καλὰ τιθηνοίμην καὶ δώματα τηρήσαιμι,καλὰ τιθηνοίμην καὶ δώματα τηρήσαιμι,tlg0013.tlg002.perseus-grc2.xml
Hymn 2,tlg002,1,143,καί κε λέχος στορέσαιμι μυχῷ θαλάμων εὐπήκτων,καί κε λέχος στορέσαιμι μυχῷ θαλάμων εὐπήκτων,tlg0013.tlg002.perseus-grc2.xml
Hymn 2,tlg002,1,144,δεσπόσυνον καί κʼ ἔργα διδασκήσαιμι γυναῖκας.,δεσπόσυνον καί κ’ ἔργα διδασκήσαιμι γυναῖκας.,tlg0013.tlg002.perseus-grc2.xml
Hymn 2,tlg002,1,145,"φῆ ῥα θεά· τὴν δʼ αὐτίκʼ ἀμείβετο παρθένος ἀδμής,","φῆ ῥα θεά· τὴν δ’ αὐτίκ’ ἀμείβετο παρθένος ἀδμής,",tlg0013.tlg002.perseus-grc2.xml
Hymn 2,tlg002,1,146,"Καλλιδίκη, Κελεοῖο θυγατρῶν εἶδος ἀρίστη·","Καλλιδίκη, Κελεοῖο θυγατρῶν εἶδος ἀρίστη·",tlg0013.tlg002.perseus-grc2.xml
Hymn 2,tlg002,1,147,"μαῖα, θεῶν μὲν δῶρα καὶ ἀχνύμενοί περ ἀνάγκῃ","μαῖα, θεῶν μὲν δῶρα καὶ ἀχνύμενοί περ ἀνάγκῃ",tlg0013.tlg002.perseus-grc2.xml
Hymn 2,tlg002,1,148,τέτλαμεν ἄνθρωποι· δὴ γὰρ πολὺ φέρτεροί εἰσι.,τέτλαμεν ἄνθρωποι· δὴ γὰρ πολὺ φέρτεροί εἰσι.,tlg0013.tlg002.perseus-grc2.xml
Hymn 2,tlg002,1,149,ταῦτα δέ τοι σαφέως ὑποθήσομαι ἠδʼ ὀνομήνω,ταῦτα δέ τοι σαφέως ὑποθήσομαι ἠδ’ ὀνομήνω,tlg0013.tlg002.perseus-grc2.xml
Hymn 2,tlg002,1,150,ἀνέρας οἷσιν ἔπεστι μέγα κράτος ἐνθάδε τιμῆς,ἀνέρας οἷσιν ἔπεστι μέγα κράτος ἐνθάδε τιμῆς,tlg0013.tlg002.perseus-grc2.xml
Hymn 2,tlg002,1,151,δήμου τε προὔχουσιν ἰδὲ κρήδεμνα πόληος,δήμου τε προὔχουσιν ἰδὲ κρήδεμνα πόληος,tlg0013.tlg002.perseus-grc2.xml
Hymn 2,tlg002,1,152,εἰρύαται βουλῇσι καὶ ἰθείῃσι δίκῃσιν·,εἰρύαται βουλῇσι καὶ ἰθείῃσι δίκῃσιν·,tlg0013.tlg002.perseus-grc2.xml
Hymn 2,tlg002,1,153,ἠμὲν Τριπτολέμου πυκιμήδεος ἠδὲ Διόκλου,ἠμὲν Τριπτολέμου πυκιμήδεος ἠδὲ Διόκλου,tlg0013.tlg002.perseus-grc2.xml
Hymn 2,tlg002,1,154,ἠδὲ Πολυξείνου καὶ ἀμύμονος Εὐμόλποιο,ἠδὲ Πολυξείνου καὶ ἀμύμονος Εὐμόλποιο,tlg0013.tlg002.perseus-grc2.xml
Hymn 2,tlg002,1,155,"καὶ Δολίχου καὶ πατρὸς ἀγήνορος ἡμετέροιο,","καὶ Δολίχου καὶ πατρὸς ἀγήνορος ἡμετέροιο,",tlg0013.tlg002.perseus-grc2.xml
Hymn 2,tlg002,1,156,τῶν πάντων ἄλοχοι κατὰ δώματα πορσαίνουσι·,τῶν πάντων ἄλοχοι κατὰ δώματα πορσαίνουσι·,tlg0013.tlg002.perseus-grc2.xml
Hymn 2,tlg002,1,157,τάων οὐκ ἄν τίς σε κατὰ πρώτιστον ὀπωπὴν,τάων οὐκ ἄν τίς σε κατὰ πρώτιστον ὀπωπὴν,tlg0013.tlg002.perseus-grc2.xml
Hymn 2,tlg002,1,158,"εἶδος ἀτιμήσασα δόμων ἀπονοσφίσσειεν,","εἶδος ἀτιμήσασα δόμων ἀπονοσφίσσειεν,",tlg0013.tlg002.perseus-grc2.xml
Hymn 2,tlg002,1,159,ἀλλά σε δέξονται· δὴ γὰρ θεοείκελός ἐσσι.,ἀλλά σε δέξονται· δὴ γὰρ θεοείκελός ἐσσι.,tlg0013.tlg002.perseus-grc2.xml
Hymn 2,tlg002,1,160,"εἰ δʼ ἐθέλεις, ἐπίμεινον, ἵνα πρὸς δώματα πατρὸς","εἰ δ’ ἐθέλεις, ἐπίμεινον, ἵνα πρὸς δώματα πατρὸς",tlg0013.tlg002.perseus-grc2.xml
Hymn 2,tlg002,1,161,ἔλθωμεν καὶ μητρὶ βαθυζώνῳ Μετανείρῃ,ἔλθωμεν καὶ μητρὶ βαθυζώνῳ Μετανείρῃ,tlg0013.tlg002.perseus-grc2.xml
Hymn 2,tlg002,1,162,"εἴπωμεν τάδε πάντα διαμπερές, αἴ κέ σʼ ἀνώγῃ","εἴπωμεν τάδε πάντα διαμπερές, αἴ κέ σ’ ἀνώγῃ",tlg0013.tlg002.perseus-grc2.xml
Hymn 2,tlg002,1,163,ἡμέτερόνδʼ ἰέναι μηδʼ ἄλλων δώματʼ ἐρευνᾶν.,ἡμέτερόνδ’ ἰέναι μηδ’ ἄλλων δώματ’ ἐρευνᾶν.,tlg0013.tlg002.perseus-grc2.xml
Hymn 2,tlg002,1,164,τηλύγετος δέ οἱ υἱὸς ἐνὶ μεγάρῳ εὐπήκτῳ,τηλύγετος δέ οἱ υἱὸς ἐνὶ μεγάρῳ εὐπήκτῳ,tlg0013.tlg002.perseus-grc2.xml
Hymn 2,tlg002,1,165,"ὀψίγονος τρέφεται, πολυεύχετος ἀσπάσιός τε.","ὀψίγονος τρέφεται, πολυεύχετος ἀσπάσιός τε.",tlg0013.tlg002.perseus-grc2.xml
Hymn 2,tlg002,1,166,"εἰ τόν γʼ ἐκθρέψαιο καὶ ἥβης μέτρον ἵκοιτο,","εἰ τόν γ’ ἐκθρέψαιο καὶ ἥβης μέτρον ἵκοιτο,",tlg0013.tlg002.perseus-grc2.xml
Hymn 2,tlg002,1,167,ῥεῖά κέ τίς σε ἰδοῦσα γυναικῶν θηλυτεράων,ῥεῖά κέ τίς σε ἰδοῦσα γυναικῶν θηλυτεράων,tlg0013.tlg002.perseus-grc2.xml
Hymn 2,tlg002,1,168,ζηλώσαι· τόσα κέν τοι ἀπὸ θρεπτήρια δοίη.,ζηλώσαι· τόσα κέν τοι ἀπὸ θρεπτήρια δοίη.,tlg0013.tlg002.perseus-grc2.xml
Hymn 2,tlg002,1,169,ὣς ἔφαθʼ· ἣ δʼ ἐπένευσε καρήατι· ταὶ δὲ φαεινὰ,ὣς ἔφαθ’· ἣ δ’ ἐπένευσε καρήατι· ταὶ δὲ φαεινὰ,tlg0013.tlg002.perseus-grc2.xml
Hymn 2,tlg002,1,170,πλησάμεναι ὕδατος φέρον ἄγγεα κυδιάουσαι.,πλησάμεναι ὕδατος φέρον ἄγγεα κυδιάουσαι.,tlg0013.tlg002.perseus-grc2.xml
Hymn 2,tlg002,1,171,"ῥίμφα δὲ πατρὸς ἵκοντο μέγαν δόμον, ὦκα δὲ μητρὶ","ῥίμφα δὲ πατρὸς ἵκοντο μέγαν δόμον, ὦκα δὲ μητρὶ",tlg0013.tlg002.perseus-grc2.xml
Hymn 2,tlg002,1,172,"ἔννεπον, ὡς εἶδόν τε καὶ ἔκλυον. ἣ δὲ μάλʼ ὦκα","ἔννεπον, ὡς εἶδόν τε καὶ ἔκλυον. ἣ δὲ μάλ’ ὦκα",tlg0013.tlg002.perseus-grc2.xml
Hymn 2,tlg002,1,173,ἐλθούσας ἐκέλευε καλεῖν ἐπʼ ἀπείρονι μισθῷ.,ἐλθούσας ἐκέλευε καλεῖν ἐπ’ ἀπείρονι μισθῷ.,tlg0013.tlg002.perseus-grc2.xml
Hymn 2,tlg002,1,174,αἳ δʼ ὥστʼ ἢ ἔλαφοι ἢ πόρτιες εἴαρος ὥρῃ,αἳ δ’ ὥστ’ ἢ ἔλαφοι ἢ πόρτιες εἴαρος ὥρῃ,tlg0013.tlg002.perseus-grc2.xml
Hymn 2,tlg002,1,175,"ἅλλοντʼ ἂν λειμῶνα κορεσσάμεναι φρένα φορβῇ,","ἅλλοντ’ ἂν λειμῶνα κορεσσάμεναι φρένα φορβῇ,",tlg0013.tlg002.perseus-grc2.xml
Hymn 2,tlg002,1,176,ὣς αἳ ἐπισχόμεναι ἑανῶν πτύχας ἱμεροέντων,ὣς αἳ ἐπισχόμεναι ἑανῶν πτύχας ἱμεροέντων,tlg0013.tlg002.perseus-grc2.xml
Hymn 2,tlg002,1,177,ἤιξαν κοίλην κατʼ ἀμαξιτόν· ἀμφὶ δὲ χαῖται,ἤιξαν κοίλην κατ’ ἀμαξιτόν· ἀμφὶ δὲ χαῖται,tlg0013.tlg002.perseus-grc2.xml
Hymn 2,tlg002,1,178,ὤμοις ἀίσσοντο κροκηίῳ ἄνθει ὁμοῖαι.,ὤμοις ἀίσσοντο κροκηίῳ ἄνθει ὁμοῖαι.,tlg0013.tlg002.perseus-grc2.xml
Hymn 2,tlg002,1,179,"τέτμον δʼ ἐγγὺς ὁδοῦ κυδρὴν θεόν, ἔνθα πάρος περ","τέτμον δ’ ἐγγὺς ὁδοῦ κυδρὴν θεόν, ἔνθα πάρος περ",tlg0013.tlg002.perseus-grc2.xml
Hymn 2,tlg002,1,180,κάλλιπον· αὐτὰρ ἔπειτα φίλου πρὸς δώματα πατρὸς,κάλλιπον· αὐτὰρ ἔπειτα φίλου πρὸς δώματα πατρὸς,tlg0013.tlg002.perseus-grc2.xml
Hymn 2,tlg002,1,181,ἡγεῦνθʼ· ἣ δʼ ἄρʼ ὄπισθε φίλον τετιημένη ἦτορ,ἡγεῦνθ’· ἣ δ’ ἄρ’ ὄπισθε φίλον τετιημένη ἦτορ,tlg0013.tlg002.perseus-grc2.xml
Hymn 2,tlg002,1,182,στεῖχε κατὰ κρῆθεν κεκαλυμμένη· ἀμφὶ δὲ πέπλος,στεῖχε κατὰ κρῆθεν κεκαλυμμένη· ἀμφὶ δὲ πέπλος,tlg0013.tlg002.perseus-grc2.xml
Hymn 2,tlg002,1,183,κυάνεος ῥαδινοῖσι θεᾶς ἐλελίζετο ποσσίν.,κυάνεος ῥαδινοῖσι θεᾶς ἐλελίζετο ποσσίν.,tlg0013.tlg002.perseus-grc2.xml
Hymn 2,tlg002,1,184,"αἶψα δὲ δώμαθʼ ἵκοντο διοτρεφέος Κελεοῖο,","αἶψα δὲ δώμαθ’ ἵκοντο διοτρεφέος Κελεοῖο,",tlg0013.tlg002.perseus-grc2.xml
Hymn 2,tlg002,1,185,"βὰν δὲ διʼ αἰθούσης, ἔνθα σφίσι πότνια μήτηρ","βὰν δὲ δι’ αἰθούσης, ἔνθα σφίσι πότνια μήτηρ",tlg0013.tlg002.perseus-grc2.xml
Hymn 2,tlg002,1,186,ἧστο παρὰ σταθμὸν τέγεος πύκα ποιητοῖο,ἧστο παρὰ σταθμὸν τέγεος πύκα ποιητοῖο,tlg0013.tlg002.perseus-grc2.xml
Hymn 2,tlg002,1,187,"παῖδʼ ὑπὸ κόλπῳ ἔχουσα, νέον θάλος· αἳ δὲ πὰρ αὐτὴν","παῖδ’ ὑπὸ κόλπῳ ἔχουσα, νέον θάλος· αἳ δὲ πὰρ αὐτὴν",tlg0013.tlg002.perseus-grc2.xml
Hymn 2,tlg002,1,188,ἔδραμον· ἣ δʼ ἄρʼ ἐπʼ οὐδὸν ἔβη ποσὶ καὶ ῥα μελάθρου,ἔδραμον· ἣ δ’ ἄρ’ ἐπ’ οὐδὸν ἔβη ποσὶ καὶ ῥα μελάθρου,tlg0013.tlg002.perseus-grc2.xml
Hymn 2,tlg002,1,189,"κῦρε κάρη, πλῆσεν δὲ θύρας σέλαος θείοιο.","κῦρε κάρη, πλῆσεν δὲ θύρας σέλαος θείοιο.",tlg0013.tlg002.perseus-grc2.xml
Hymn 2,tlg002,1,190,τὴν δʼ αἰδώς τε σέβας τε ἰδὲ χλωρὸν δέος εἷλεν·,τὴν δ’ αἰδώς τε σέβας τε ἰδὲ χλωρὸν δέος εἷλεν·,tlg0013.tlg002.perseus-grc2.xml
Hymn 2,tlg002,1,191,εἶξε δέ οἱ κλισμοῖο καὶ ἑδριάασθαι ἄνωγεν.,εἶξε δέ οἱ κλισμοῖο καὶ ἑδριάασθαι ἄνωγεν.,tlg0013.tlg002.perseus-grc2.xml
Hymn 2,tlg002,1,192,"ἀλλʼ οὐ Δημήτηρ ὡρηφόρος, ἀγλαόδωρος,","ἀλλ’ οὐ Δημήτηρ ὡρηφόρος, ἀγλαόδωρος,",tlg0013.tlg002.perseus-grc2.xml
Hymn 2,tlg002,1,193,"ἤθελεν ἑδριάασθαι ἐπὶ κλισμοῖο φαεινοῦ,","ἤθελεν ἑδριάασθαι ἐπὶ κλισμοῖο φαεινοῦ,",tlg0013.tlg002.perseus-grc2.xml
Hymn 2,tlg002,1,194,"ἀλλʼ ἀκέουσʼ ἀνέμιμνε κατʼ ὄμματα καλὰ βαλοῦσα,","ἀλλ’ ἀκέουσ’ ἀνέμιμνε κατ’ ὄμματα καλὰ βαλοῦσα,",tlg0013.tlg002.perseus-grc2.xml
Hymn 2,tlg002,1,195,πρίν γʼ ὅτε δή οἱ ἔθηκεν Ἰάμβη κέδνʼ εἰδυῖα,πρίν γ’ ὅτε δή οἱ ἔθηκεν Ἰάμβη κέδν’ εἰδυῖα,tlg0013.tlg002.perseus-grc2.xml
Hymn 2,tlg002,1,196,"πηκτὸν ἕδος, καθύπερθε δʼ ἐπʼ ἀργύφεον βάλε κῶας.","πηκτὸν ἕδος, καθύπερθε δ’ ἐπ’ ἀργύφεον βάλε κῶας.",tlg0013.tlg002.perseus-grc2.xml
Hymn 2,tlg002,1,197,ἔνθα καθεζομένη προκατέσχετο χερσὶ καλύπτρην·,ἔνθα καθεζομένη προκατέσχετο χερσὶ καλύπτρην·,tlg0013.tlg002.perseus-grc2.xml
Hymn 2,tlg002,1,198,"δηρὸν δʼ ἄφθογγος τετιημένη ἧστʼ ἐπὶ δίφρου,","δηρὸν δ’ ἄφθογγος τετιημένη ἧστ’ ἐπὶ δίφρου,",tlg0013.tlg002.perseus-grc2.xml
Hymn 2,tlg002,1,199,"οὐδέ τινʼ οὔτʼ ἔπεϊ προσπτύσσετο οὔτε τι ἔργῳ,","οὐδέ τιν’ οὔτ’ ἔπεϊ προσπτύσσετο οὔτε τι ἔργῳ,",tlg0013.tlg002.perseus-grc2.xml
Hymn 2,tlg002,1,200,"ἀλλʼ ἀγέλαστος, ἄπαστος ἐδητύος ἠδὲ ποτῆτος","ἀλλ’ ἀγέλαστος, ἄπαστος ἐδητύος ἠδὲ ποτῆτος",tlg0013.tlg002.perseus-grc2.xml
Hymn 2,tlg002,1,201,"ἧστο πόθῳ μινύθουσα βαθυζώνοιο θυγατρός,","ἧστο πόθῳ μινύθουσα βαθυζώνοιο θυγατρός,",tlg0013.tlg002.perseus-grc2.xml
Hymn 2,tlg002,1,202,πρίν γʼ ὅτε δὴ χλεύῃς μιν Ἰάμβη κέδνʼ εἰδυῖα,πρίν γ’ ὅτε δὴ χλεύῃς μιν Ἰάμβη κέδν’ εἰδυῖα,tlg0013.tlg002.perseus-grc2.xml
Hymn 2,tlg002,1,203,"πολλὰ παρασκώπτουσʼ ἐτρέψατο πότνιαν ἁγνήν,","πολλὰ παρασκώπτουσ’ ἐτρέψατο πότνιαν ἁγνήν,",tlg0013.tlg002.perseus-grc2.xml
Hymn 2,tlg002,1,204,μειδῆσαι γελάσαι τε καὶ ἵλαον σχεῖν θυμόν·,μειδῆσαι γελάσαι τε καὶ ἵλαον σχεῖν θυμόν·,tlg0013.tlg002.perseus-grc2.xml
Hymn 2,tlg002,1,205,ἣ δή οἱ καὶ ἔπειτα μεθύστερον εὔαδεν ὀργαῖς.,ἣ δή οἱ καὶ ἔπειτα μεθύστερον εὔαδεν ὀργαῖς.,tlg0013.tlg002.perseus-grc2.xml
Hymn 2,tlg002,1,206,τῇ δὲ δέπας Μετάνειρα δίδου μελιηδέος οἴνου,τῇ δὲ δέπας Μετάνειρα δίδου μελιηδέος οἴνου,tlg0013.tlg002.perseus-grc2.xml
Hymn 2,tlg002,1,207,πλήσασʼ· ἣ δʼ ἀνένευσʼ· οὐ γὰρ θεμιτόν οἱ ἔφασκε,πλήσασ’· ἣ δ’ ἀνένευσ’· οὐ γὰρ θεμιτόν οἱ ἔφασκε,tlg0013.tlg002.perseus-grc2.xml
Hymn 2,tlg002,1,208,πίνειν οἶνον ἐρυθρόν· ἄνωγε δʼ ἄρʼ ἄλφι καὶ ὕδωρ,πίνειν οἶνον ἐρυθρόν· ἄνωγε δ’ ἄρ’ ἄλφι καὶ ὕδωρ,tlg0013.tlg002.perseus-grc2.xml
Hymn 2,tlg002,1,209,δοῦναι μίξασαν πιέμεν γλήχωνι τερείνῃ.,δοῦναι μίξασαν πιέμεν γλήχωνι τερείνῃ.,tlg0013.tlg002.perseus-grc2.xml
Hymn 2,tlg002,1,210,"ἣ δὲ κυκεῶ τεύξασα θεᾷ πόρεν, ὡς ἐκέλευε·","ἣ δὲ κυκεῶ τεύξασα θεᾷ πόρεν, ὡς ἐκέλευε·",tlg0013.tlg002.perseus-grc2.xml
Hymn 2,tlg002,1,211,δεξαμένη δʼ ὁσίης ἕνεκεν πολυπότνια Δηώ,δεξαμένη δ’ ὁσίης ἕνεκεν πολυπότνια Δηώ,tlg0013.tlg002.perseus-grc2.xml
Hymn 2,tlg002,1,212,τῇσι δὲ μύθων ἦρχεν ἐύζωνος Μετάνειρα·,τῇσι δὲ μύθων ἦρχεν ἐύζωνος Μετάνειρα·,tlg0013.tlg002.perseus-grc2.xml
Hymn 2,tlg002,1,213,"χαῖρε, γύναι, ἐπεὶ οὔ σε κακῶν ἄπʼ ἔολπα τοκήων","χαῖρε, γύναι, ἐπεὶ οὔ σε κακῶν ἄπ’ ἔολπα τοκήων",tlg0013.tlg002.perseus-grc2.xml
Hymn 2,tlg002,1,214,"ἔμμεναι, ἀλλʼ ἀγαθῶν· ἐπί τοι πρέπει ὄμμασιν αἰδὼς","ἔμμεναι, ἀλλ’ ἀγαθῶν· ἐπί τοι πρέπει ὄμμασιν αἰδὼς",tlg0013.tlg002.perseus-grc2.xml
Hymn 2,tlg002,1,215,"καὶ χάρις, ὡς εἴ πέρ τε θεμιστοπόλων βασιλήων.","καὶ χάρις, ὡς εἴ πέρ τε θεμιστοπόλων βασιλήων.",tlg0013.tlg002.perseus-grc2.xml
Hymn 2,tlg002,1,216,ἀλλὰ θεῶν μὲν δῶρα καὶ ἀχνύμενοί περ ἀνάγκῃ,ἀλλὰ θεῶν μὲν δῶρα καὶ ἀχνύμενοί περ ἀνάγκῃ,tlg0013.tlg002.perseus-grc2.xml
Hymn 2,tlg002,1,217,τέτλαμεν ἄνθρωποι· ἐπὶ γὰρ ζυγὸς αὐχένι κεῖται.,τέτλαμεν ἄνθρωποι· ἐπὶ γὰρ ζυγὸς αὐχένι κεῖται.,tlg0013.tlg002.perseus-grc2.xml
Hymn 2,tlg002,1,218,"νῦν δʼ, ἐπεὶ ἵκεο δεῦρο, παρέσσεται ὅσσα τʼ ἐμοί περ.","νῦν δ’, ἐπεὶ ἵκεο δεῦρο, παρέσσεται ὅσσα τ’ ἐμοί περ.",tlg0013.tlg002.perseus-grc2.xml
Hymn 2,tlg002,1,219,"παῖδα δέ μοι τρέφε τόνδε, τὸν ὀψίγονον καὶ ἄελπτον","παῖδα δέ μοι τρέφε τόνδε, τὸν ὀψίγονον καὶ ἄελπτον",tlg0013.tlg002.perseus-grc2.xml
Hymn 2,tlg002,1,220,"ὤπασαν ἀθάνατοι, πολυάρητος δέ μοί ἐστιν.","ὤπασαν ἀθάνατοι, πολυάρητος δέ μοί ἐστιν.",tlg0013.tlg002.perseus-grc2.xml
Hymn 2,tlg002,1,221,"εἰ τόν γε θρέψαιο καὶ ἥβης μέτρον ἵκοιτο,","εἰ τόν γε θρέψαιο καὶ ἥβης μέτρον ἵκοιτο,",tlg0013.tlg002.perseus-grc2.xml
Hymn 2,tlg002,1,222,ῥεῖά κέ τίς σε ἰδοῦσα γυναικῶν θηλυτεράων,ῥεῖά κέ τίς σε ἰδοῦσα γυναικῶν θηλυτεράων,tlg0013.tlg002.perseus-grc2.xml
Hymn 2,tlg002,1,223,ζηλώσαι· τόσα κέν τοι ἀπὸ θρεπτήρια δοίην.,ζηλώσαι· τόσα κέν τοι ἀπὸ θρεπτήρια δοίην.,tlg0013.tlg002.perseus-grc2.xml
Hymn 2,tlg002,1,224,τὴν δʼ αὖτε προσέειπεν ἐυστέφανος Δημήτηρ·,τὴν δ’ αὖτε προσέειπεν ἐυστέφανος Δημήτηρ·,tlg0013.tlg002.perseus-grc2.xml
Hymn 2,tlg002,1,225,"καὶ σύ, γύναι, μάλα χαῖρε, θεοὶ δέ τοι ἐσθλὰ πόροιεν·","καὶ σύ, γύναι, μάλα χαῖρε, θεοὶ δέ τοι ἐσθλὰ πόροιεν·",tlg0013.tlg002.perseus-grc2.xml
Hymn 2,tlg002,1,226,"παῖδα δέ τοι πρόφρων ὑποδέξομαι, ὥς με κελεύεις,","παῖδα δέ τοι πρόφρων ὑποδέξομαι, ὥς με κελεύεις,",tlg0013.tlg002.perseus-grc2.xml
Hymn 2,tlg002,1,227,"θρέψω κοὔ μιν, ἔολπα, κακοφραδίῃσι τιθήνης","θρέψω κοὔ μιν, ἔολπα, κακοφραδίῃσι τιθήνης",tlg0013.tlg002.perseus-grc2.xml
Hymn 2,tlg002,1,228,οὔτʼ ἄρʼ ἐπηλυσίη δηλήσεται οὔθʼ ὑποτάμνον·,οὔτ’ ἄρ’ ἐπηλυσίη δηλήσεται οὔθ’ ὑποτάμνον·,tlg0013.tlg002.perseus-grc2.xml
Hymn 2,tlg002,1,229,"οἶδα γὰρ ἀντίτομον μέγα φέρτερον ὑλοτόμοιο,","οἶδα γὰρ ἀντίτομον μέγα φέρτερον ὑλοτόμοιο,",tlg0013.tlg002.perseus-grc2.xml
Hymn 2,tlg002,1,230,οἶδα δʼ ἐπηλυσίης πολυπήμονος ἐσθλὸν ἐρυσμόν.,οἶδα δ’ ἐπηλυσίης πολυπήμονος ἐσθλὸν ἐρυσμόν.,tlg0013.tlg002.perseus-grc2.xml
Hymn 2,tlg002,1,231,ὣς ἄρα φωνήσασα θυώδεϊ δέξατο κόλπῳ,ὣς ἄρα φωνήσασα θυώδεϊ δέξατο κόλπῳ,tlg0013.tlg002.perseus-grc2.xml
Hymn 2,tlg002,1,232,χείρεσσʼ ἀθανάτῃσι· γεγήθει δὲ φρένα μήτηρ.,χείρεσσ’ ἀθανάτῃσι· γεγήθει δὲ φρένα μήτηρ.,tlg0013.tlg002.perseus-grc2.xml
Hymn 2,tlg002,1,233,ὣς ἣ μὲν Κελεοῖο δαΐφρονος ἀγλαὸν υἱὸν,ὣς ἣ μὲν Κελεοῖο δαΐφρονος ἀγλαὸν υἱὸν,tlg0013.tlg002.perseus-grc2.xml
Hymn 2,tlg002,1,234,"Δημοφόωνθʼ, ὃν ἔτικτεν ἐύζωνος Μετάνειρα,","Δημοφόωνθ’, ὃν ἔτικτεν ἐύζωνος Μετάνειρα,",tlg0013.tlg002.perseus-grc2.xml
Hymn 2,tlg002,1,235,"ἔτρεφεν ἐν μεγάροις· ὃ δʼ ἀέξετο δαίμονι ἶσος,","ἔτρεφεν ἐν μεγάροις· ὃ δ’ ἀέξετο δαίμονι ἶσος,",tlg0013.tlg002.perseus-grc2.xml
Hymn 2,tlg002,1,236,"οὔτʼ οὖν σῖτον ἔδων, οὐ θησάμενος γάλα μητρὸς","οὔτ’ οὖν σῖτον ἔδων, οὐ θησάμενος γάλα μητρὸς",tlg0013.tlg002.perseus-grc2.xml
Hymn 2,tlg002,1,236a,ἠματίη μὲν γὰρ καλλιστέφανος Δημήτηρ,ἠματίη μὲν γὰρ καλλιστέφανος Δημήτηρ,tlg0013.tlg002.perseus-grc2.xml
Hymn 2,tlg002,1,237,χρίεσκʼ ἀμβροσίῃ ὡσεὶ θεοῦ ἐκγεγαῶτα,χρίεσκ’ ἀμβροσίῃ ὡσεὶ θεοῦ ἐκγεγαῶτα,tlg0013.tlg002.perseus-grc2.xml
Hymn 2,tlg002,1,238,ἡδὺ καταπνείουσα καὶ ἐν κόλποισιν ἔχουσα·,ἡδὺ καταπνείουσα καὶ ἐν κόλποισιν ἔχουσα·,tlg0013.tlg002.perseus-grc2.xml
Hymn 2,tlg002,1,239,νύκτας δὲ κρύπτεσκε πυρὸς μένει ἠύτε δαλὸν,νύκτας δὲ κρύπτεσκε πυρὸς μένει ἠύτε δαλὸν,tlg0013.tlg002.perseus-grc2.xml
Hymn 2,tlg002,1,240,"λάθρα φίλων γονέων· τοῖς δὲ μέγα θαῦμʼ ἐτέτυκτο,","λάθρα φίλων γονέων· τοῖς δὲ μέγα θαῦμ’ ἐτέτυκτο,",tlg0013.tlg002.perseus-grc2.xml
Hymn 2,tlg002,1,241,ὡς προθαλὴς τελέθεσκε· θεοῖσι γὰρ ἄντα ἐῴκει.,ὡς προθαλὴς τελέθεσκε· θεοῖσι γὰρ ἄντα ἐῴκει.,tlg0013.tlg002.perseus-grc2.xml
Hymn 2,tlg002,1,242,"καί κέν μιν ποίησεν ἀγήρων τʼ ἀθάνατόν τε,","καί κέν μιν ποίησεν ἀγήρων τ’ ἀθάνατόν τε,",tlg0013.tlg002.perseus-grc2.xml
Hymn 2,tlg002,1,243,εἰ μὴ ἄρʼ ἀφραδίῃσιν ἐύζωνος Μετάνειρα,εἰ μὴ ἄρ’ ἀφραδίῃσιν ἐύζωνος Μετάνειρα,tlg0013.tlg002.perseus-grc2.xml
Hymn 2,tlg002,1,244,νύκτʼ ἐπιτηρήσασα θυώδεος ἐκ θαλάμοιο,νύκτ’ ἐπιτηρήσασα θυώδεος ἐκ θαλάμοιο,tlg0013.tlg002.perseus-grc2.xml
Hymn 2,tlg002,1,245,σκέψατο· κώκυσεν δὲ καὶ ἄμφω πλήξατο μηρὼ,σκέψατο· κώκυσεν δὲ καὶ ἄμφω πλήξατο μηρὼ,tlg0013.tlg002.perseus-grc2.xml
Hymn 2,tlg002,1,246,δείσασʼ ᾧ περὶ παιδὶ καὶ ἀάσθη μέγα θυμῷ,δείσασ’ ᾧ περὶ παιδὶ καὶ ἀάσθη μέγα θυμῷ,tlg0013.tlg002.perseus-grc2.xml
Hymn 2,tlg002,1,247,καί ῥʼ ὀλοφυρομένη ἔπεα πτερόεντα προσηύδα·,καί ῥ’ ὀλοφυρομένη ἔπεα πτερόεντα προσηύδα·,tlg0013.tlg002.perseus-grc2.xml
Hymn 2,tlg002,1,248,"τέκνον Δημοφόων, ξείνη σε πυρὶ ἔνι πολλῷ","τέκνον Δημοφόων, ξείνη σε πυρὶ ἔνι πολλῷ",tlg0013.tlg002.perseus-grc2.xml
Hymn 2,tlg002,1,249,"κρύπτει, ἐμοὶ δὲ γόον καὶ κήδεα λυγρὰ τίθησιν.","κρύπτει, ἐμοὶ δὲ γόον καὶ κήδεα λυγρὰ τίθησιν.",tlg0013.tlg002.perseus-grc2.xml
Hymn 2,tlg002,1,250,ὣς φάτʼ ὀδυρομένη· τῆς δʼ ἄιε δῖα θεάων.,ὣς φάτ’ ὀδυρομένη· τῆς δ’ ἄιε δῖα θεάων.,tlg0013.tlg002.perseus-grc2.xml
Hymn 2,tlg002,1,251,τῇ δὲ χολωσαμένη καλλιστέφανος Δημήτηρ,τῇ δὲ χολωσαμένη καλλιστέφανος Δημήτηρ,tlg0013.tlg002.perseus-grc2.xml
Hymn 2,tlg002,1,252,"παῖδα φίλον, τὸν ἄελπτον ἐνὶ μεγάροισιν ἔτικτε,","παῖδα φίλον, τὸν ἄελπτον ἐνὶ μεγάροισιν ἔτικτε,",tlg0013.tlg002.perseus-grc2.xml
Hymn 2,tlg002,1,253,"χείρεσσʼ ἀθανάτῃσιν ἀπὸ ἕθεν ἧκε πέδονδε,","χείρεσσ’ ἀθανάτῃσιν ἀπὸ ἕθεν ἧκε πέδονδε,",tlg0013.tlg002.perseus-grc2.xml
Hymn 2,tlg002,1,254,"ἐξανελοῦσα πυρός, θυμῷ κοτέσασα μάλʼ αἰνῶς,","ἐξανελοῦσα πυρός, θυμῷ κοτέσασα μάλ’ αἰνῶς,",tlg0013.tlg002.perseus-grc2.xml
Hymn 2,tlg002,1,255,καί ῥʼ ἄμυδις προσέειπεν ἐύζωνον Μετάνειραν·,καί ῥ’ ἄμυδις προσέειπεν ἐύζωνον Μετάνειραν·,tlg0013.tlg002.perseus-grc2.xml
Hymn 2,tlg002,1,256,νήιδες ἄνθρωποι καὶ ἀφράδμονες οὔτʼ ἀγαθοῖο,νήιδες ἄνθρωποι καὶ ἀφράδμονες οὔτ’ ἀγαθοῖο,tlg0013.tlg002.perseus-grc2.xml
Hymn 2,tlg002,1,257,αἶσαν ἐπερχομένου προγνώμεναι οὔτε κακοῖο·,αἶσαν ἐπερχομένου προγνώμεναι οὔτε κακοῖο·,tlg0013.tlg002.perseus-grc2.xml
Hymn 2,tlg002,1,258,καὶ σὺ γὰρ ἀφραδίῃσι τεῇς νήκεστον ἀάσθης.,καὶ σὺ γὰρ ἀφραδίῃσι τεῇς νήκεστον ἀάσθης.,tlg0013.tlg002.perseus-grc2.xml
Hymn 2,tlg002,1,259,"ἴστω γὰρ θεῶν ὅρκος, ἀμείλικτον Στυγὸς ὕδωρ,","ἴστω γὰρ θεῶν ὅρκος, ἀμείλικτον Στυγὸς ὕδωρ,",tlg0013.tlg002.perseus-grc2.xml
Hymn 2,tlg002,1,260,ἀθάνατόν κέν τοι καὶ ἀγήραον ἤματα πάντα,ἀθάνατόν κέν τοι καὶ ἀγήραον ἤματα πάντα,tlg0013.tlg002.perseus-grc2.xml
Hymn 2,tlg002,1,261,παῖδα φίλον ποίησα καὶ ἄφθιτον ὤπασα τιμήν·,παῖδα φίλον ποίησα καὶ ἄφθιτον ὤπασα τιμήν·,tlg0013.tlg002.perseus-grc2.xml
Hymn 2,tlg002,1,262,νῦν δʼ οὐκ ἔσθʼ ὥς κεν θάνατον καὶ κῆρας ἀλύξαι·,νῦν δ’ οὐκ ἔσθ’ ὥς κεν θάνατον καὶ κῆρας ἀλύξαι·,tlg0013.tlg002.perseus-grc2.xml
Hymn 2,tlg002,1,263,"τιμὴ δʼ ἄφθιτος αἰὲν ἐπέσσεται, οὕνεκα γούνων","τιμὴ δ’ ἄφθιτος αἰὲν ἐπέσσεται, οὕνεκα γούνων",tlg0013.tlg002.perseus-grc2.xml
Hymn 2,tlg002,1,264,ἡμετέρων ἐπέβη καὶ ἐν ἀγκοίνῃσιν ἴαυσεν.,ἡμετέρων ἐπέβη καὶ ἐν ἀγκοίνῃσιν ἴαυσεν.,tlg0013.tlg002.perseus-grc2.xml
Hymn 2,tlg002,1,265,ὥρῃσιν δʼ ἄρα τῷ γε περιπλομένων ἐνιαυτῶν,ὥρῃσιν δ’ ἄρα τῷ γε περιπλομένων ἐνιαυτῶν,tlg0013.tlg002.perseus-grc2.xml
Hymn 2,tlg002,1,266,παῖδες Ἐλευσινίων πόλεμον καὶ φύλοπιν αἰνὴν,παῖδες Ἐλευσινίων πόλεμον καὶ φύλοπιν αἰνὴν,tlg0013.tlg002.perseus-grc2.xml
Hymn 2,tlg002,1,267,αἰὲν ἐν ἀλλήλοισιν συνάξουσʼ ἤματα πάντα.,αἰὲν ἐν ἀλλήλοισιν συνάξουσ’ ἤματα πάντα.,tlg0013.tlg002.perseus-grc2.xml
Hymn 2,tlg002,1,268,"εἰμὶ δὲ Δημήτηρ τιμάοχος, ἥτε μέγιστον","εἰμὶ δὲ Δημήτηρ τιμάοχος, ἥτε μέγιστον",tlg0013.tlg002.perseus-grc2.xml
Hymn 2,tlg002,1,269,ἀθανάτοις θνητοῖς τʼ ὄνεαρ καὶ χάρμα τέτυκται.,ἀθανάτοις θνητοῖς τ’ ὄνεαρ καὶ χάρμα τέτυκται.,tlg0013.tlg002.perseus-grc2.xml
Hymn 2,tlg002,1,270,ἀλλʼ ἄγε μοι νηόν τε μέγαν καὶ βωμὸν ὑπʼ αὐτῷ,ἀλλ’ ἄγε μοι νηόν τε μέγαν καὶ βωμὸν ὑπ’ αὐτῷ,tlg0013.tlg002.perseus-grc2.xml
Hymn 2,tlg002,1,271,τευχόντων πᾶς δῆμος ὑπαὶ πόλιν αἰπύ τε τεῖχος,τευχόντων πᾶς δῆμος ὑπαὶ πόλιν αἰπύ τε τεῖχος,tlg0013.tlg002.perseus-grc2.xml
Hymn 2,tlg002,1,272,Καλλιχόρου καθύπερθεν ἐπὶ προὔχοντι κολωνῷ.,Καλλιχόρου καθύπερθεν ἐπὶ προὔχοντι κολωνῷ.,tlg0013.tlg002.perseus-grc2.xml
Hymn 2,tlg002,1,273,"ὄργια δʼ αὐτὴ ἐγὼν ὑποθήσομαι, ὡς ἂν ἔπειτα","ὄργια δ’ αὐτὴ ἐγὼν ὑποθήσομαι, ὡς ἂν ἔπειτα",tlg0013.tlg002.perseus-grc2.xml
Hymn 2,tlg002,1,274,εὐαγέως ἔρδοντες ἐμὸν νόον ἱλάσκοισθε.,εὐαγέως ἔρδοντες ἐμὸν νόον ἱλάσκοισθε.,tlg0013.tlg002.perseus-grc2.xml
Hymn 2,tlg002,1,275,ὣς εἰποῦσα θεὰ μέγεθος καὶ εἶδος ἄμειψε,ὣς εἰποῦσα θεὰ μέγεθος καὶ εἶδος ἄμειψε,tlg0013.tlg002.perseus-grc2.xml
Hymn 2,tlg002,1,276,γῆρας ἀπωσαμένη· περί τʼ ἀμφί τε κάλλος ἄητο·,γῆρας ἀπωσαμένη· περί τ’ ἀμφί τε κάλλος ἄητο·,tlg0013.tlg002.perseus-grc2.xml
Hymn 2,tlg002,1,277,ὀδμὴ δʼ ἱμερόεσσα θυηέντων ἀπὸ πέπλων,ὀδμὴ δ’ ἱμερόεσσα θυηέντων ἀπὸ πέπλων,tlg0013.tlg002.perseus-grc2.xml
Hymn 2,tlg002,1,278,"σκίδνατο, τῆλε δὲ φέγγος ἀπὸ χροὸς ἀθανάτοιο","σκίδνατο, τῆλε δὲ φέγγος ἀπὸ χροὸς ἀθανάτοιο",tlg0013.tlg002.perseus-grc2.xml
Hymn 2,tlg002,1,279,"λάμπε θεᾶς, ξανθαὶ δὲ κόμαι κατενήνοθεν ὤμους,","λάμπε θεᾶς, ξανθαὶ δὲ κόμαι κατενήνοθεν ὤμους,",tlg0013.tlg002.perseus-grc2.xml
Hymn 2,tlg002,1,280,αὐγῆς δʼ ἐπλήσθη πυκινὸς δόμος ἀστεροπῆς ὥς·,αὐγῆς δ’ ἐπλήσθη πυκινὸς δόμος ἀστεροπῆς ὥς·,tlg0013.tlg002.perseus-grc2.xml
Hymn 2,tlg002,1,281,"βῆ δὲ διὲκ μεγάρων· τῆς δʼ αὐτίκα γούνατʼ ἔλυντο,","βῆ δὲ διὲκ μεγάρων· τῆς δ’ αὐτίκα γούνατ’ ἔλυντο,",tlg0013.tlg002.perseus-grc2.xml
Hymn 2,tlg002,1,282,"δηρὸν δʼ ἄφθογγος γένετο χρόνον, οὐδέ τι παιδὸς","δηρὸν δ’ ἄφθογγος γένετο χρόνον, οὐδέ τι παιδὸς",tlg0013.tlg002.perseus-grc2.xml
Hymn 2,tlg002,1,283,μνήσατο τηλυγέτοιο ἀπὸ δαπέδου ἀνελέσθαι.,μνήσατο τηλυγέτοιο ἀπὸ δαπέδου ἀνελέσθαι.,tlg0013.tlg002.perseus-grc2.xml
Hymn 2,tlg002,1,284,"τοῦ δὲ κασίγνηται φωνὴν ἐσάκουσαν ἐλεινήν,","τοῦ δὲ κασίγνηται φωνὴν ἐσάκουσαν ἐλεινήν,",tlg0013.tlg002.perseus-grc2.xml
Hymn 2,tlg002,1,285,κὰδ δʼ ἄρʼ ἀπʼ εὐστρώτων λεχέων θόρον· ἣ μὲν ἔπειτα,κὰδ δ’ ἄρ’ ἀπ’ εὐστρώτων λεχέων θόρον· ἣ μὲν ἔπειτα,tlg0013.tlg002.perseus-grc2.xml
Hymn 2,tlg002,1,286,παῖδʼ ἀνὰ χερσὶν ἑλοῦσα ἑῷ ἐγκάτθετο κόλπῳ·,παῖδ’ ἀνὰ χερσὶν ἑλοῦσα ἑῷ ἐγκάτθετο κόλπῳ·,tlg0013.tlg002.perseus-grc2.xml
Hymn 2,tlg002,1,287,ἣ δʼ ἄρα πῦρ ἀνέκαιʼ· ἣ δʼ ἔσσυτο πόσσʼ ἁπαλοῖσι,ἣ δ’ ἄρα πῦρ ἀνέκαι’· ἣ δ’ ἔσσυτο πόσσ’ ἁπαλοῖσι,tlg0013.tlg002.perseus-grc2.xml
Hymn 2,tlg002,1,288,μητέρʼ ἀναστήσουσα θυώδεος ἐκ θαλάμοιο.,μητέρ’ ἀναστήσουσα θυώδεος ἐκ θαλάμοιο.,tlg0013.tlg002.perseus-grc2.xml
Hymn 2,tlg002,1,289,ἀγρόμεναι δέ μιν ἀμφὶς ἐλούεον ἀσπαίροντα,ἀγρόμεναι δέ μιν ἀμφὶς ἐλούεον ἀσπαίροντα,tlg0013.tlg002.perseus-grc2.xml
Hymn 2,tlg002,1,290,ἀμφαγαπαζόμεναι· τοῦ δʼ οὐ μειλίσσετο θυμός·,ἀμφαγαπαζόμεναι· τοῦ δ’ οὐ μειλίσσετο θυμός·,tlg0013.tlg002.perseus-grc2.xml
Hymn 2,tlg002,1,291,χειρότεραι γὰρ δή μιν ἔχον τροφοὶ ἠδὲ τιθῆναι.,χειρότεραι γὰρ δή μιν ἔχον τροφοὶ ἠδὲ τιθῆναι.,tlg0013.tlg002.perseus-grc2.xml
Hymn 2,tlg002,1,292,αἳ μὲν παννύχιαι κυδρὴν θεὸν ἱλάσκοντο,αἳ μὲν παννύχιαι κυδρὴν θεὸν ἱλάσκοντο,tlg0013.tlg002.perseus-grc2.xml
Hymn 2,tlg002,1,293,"δείματι παλλόμεναι, ἅμα δʼ ἠοῖ φαινομένηφιν","δείματι παλλόμεναι, ἅμα δ’ ἠοῖ φαινομένηφιν",tlg0013.tlg002.perseus-grc2.xml
Hymn 2,tlg002,1,294,"εὐρυβίῃ Κελεῷ νημερτέα μυθήσαντο,","εὐρυβίῃ Κελεῷ νημερτέα μυθήσαντο,",tlg0013.tlg002.perseus-grc2.xml
Hymn 2,tlg002,1,295,"ὡς ἐπέτελλε θεά, καλλιστέφανος Δημήτηρ.","ὡς ἐπέτελλε θεά, καλλιστέφανος Δημήτηρ.",tlg0013.tlg002.perseus-grc2.xml
Hymn 2,tlg002,1,296,αὐτὰρ ὅ γʼ εἰς ἀγορὴν καλέσας πολυπείρονα λαὸν,αὐτὰρ ὅ γ’ εἰς ἀγορὴν καλέσας πολυπείρονα λαὸν,tlg0013.tlg002.perseus-grc2.xml
Hymn 2,tlg002,1,297,ἤνωγʼ ἠυκόμῳ Δημήτερι πίονα νηὸν,ἤνωγ’ ἠυκόμῳ Δημήτερι πίονα νηὸν,tlg0013.tlg002.perseus-grc2.xml
Hymn 2,tlg002,1,298,ποιῆσαι καὶ βωμὸν ἐπὶ προὔχοντι κολωνῷ.,ποιῆσαι καὶ βωμὸν ἐπὶ προὔχοντι κολωνῷ.,tlg0013.tlg002.perseus-grc2.xml
Hymn 2,tlg002,1,299,"οἳ δὲ μάλʼ αἶψʼ ἐπίθοντο καὶ ἔκλυον αὐδήσαντος,","οἳ δὲ μάλ’ αἶψ’ ἐπίθοντο καὶ ἔκλυον αὐδήσαντος,",tlg0013.tlg002.perseus-grc2.xml
Hymn 2,tlg002,1,300,"τεῦχον δʼ, ὡς ἐπέτελλʼ. ὃ δʼ ἀέξετο δαίμονι ἶσος.","τεῦχον δ’, ὡς ἐπέτελλ’. ὃ δ’ ἀέξετο δαίμονι ἶσος.",tlg0013.tlg002.perseus-grc2.xml
Hymn 2,tlg002,1,301,"αὐτὰρ ἐπεὶ τέλεσαν καὶ ἐρώησαν καμάτοιο,","αὐτὰρ ἐπεὶ τέλεσαν καὶ ἐρώησαν καμάτοιο,",tlg0013.tlg002.perseus-grc2.xml
Hymn 2,tlg002,1,302,βάν ῥʼ ἴμεν οἴκαδʼ ἕκαστος· ἀτὰρ ξανθὴ Δημήτηρ,βάν ῥ’ ἴμεν οἴκαδ’ ἕκαστος· ἀτὰρ ξανθὴ Δημήτηρ,tlg0013.tlg002.perseus-grc2.xml
Hymn 2,tlg002,1,303,ἔνθα καθεζομένη μακάρων ἀπὸ νόσφιν ἁπάντων,ἔνθα καθεζομένη μακάρων ἀπὸ νόσφιν ἁπάντων,tlg0013.tlg002.perseus-grc2.xml
Hymn 2,tlg002,1,304,μίμνε πόθῳ μινύθουσα βαθυζώνοιο θυγατρός.,μίμνε πόθῳ μινύθουσα βαθυζώνοιο θυγατρός.,tlg0013.tlg002.perseus-grc2.xml
Hymn 2,tlg002,1,305,αἰνότατον δʼ ἐνιαυτὸν ἐπὶ χθόνα πουλυβότειραν,αἰνότατον δ’ ἐνιαυτὸν ἐπὶ χθόνα πουλυβότειραν,tlg0013.tlg002.perseus-grc2.xml
Hymn 2,tlg002,1,306,ποίησʼ ἀνθρώποις καὶ κύντατον· οὐδέ τι γαῖα,ποίησ’ ἀνθρώποις καὶ κύντατον· οὐδέ τι γαῖα,tlg0013.tlg002.perseus-grc2.xml
Hymn 2,tlg002,1,307,"σπέρμʼ ἀνίει, κρύπτεν γὰρ ἐυστέφανος Δημήτηρ·","σπέρμ’ ἀνίει, κρύπτεν γὰρ ἐυστέφανος Δημήτηρ·",tlg0013.tlg002.perseus-grc2.xml
Hymn 2,tlg002,1,308,πολλὰ δὲ καμπύλʼ ἄροτρα μάτην βόες εἷλκον ἀρούραις·,πολλὰ δὲ καμπύλ’ ἄροτρα μάτην βόες εἷλκον ἀρούραις·,tlg0013.tlg002.perseus-grc2.xml
Hymn 2,tlg002,1,309,πολλὸν δὲ κρῖ λευκὸν ἐτώσιον ἔμπεσε γαίῃ·,πολλὸν δὲ κρῖ λευκὸν ἐτώσιον ἔμπεσε γαίῃ·,tlg0013.tlg002.perseus-grc2.xml
Hymn 2,tlg002,1,310,καί νύ κε πάμπαν ὄλεσσε γένος μερόπων ἀνθρώπων,καί νύ κε πάμπαν ὄλεσσε γένος μερόπων ἀνθρώπων,tlg0013.tlg002.perseus-grc2.xml
Hymn 2,tlg002,1,311,"λιμοῦ ὑπʼ ἀργαλέης, γεράων τʼ ἐρικυδέα τιμὴν","λιμοῦ ὑπ’ ἀργαλέης, γεράων τ’ ἐρικυδέα τιμὴν",tlg0013.tlg002.perseus-grc2.xml
Hymn 2,tlg002,1,312,"καὶ θυσιῶν ἤμερσεν Ὀλύμπια δώματʼ ἔχοντας,","καὶ θυσιῶν ἤμερσεν Ὀλύμπια δώματ’ ἔχοντας,",tlg0013.tlg002.perseus-grc2.xml
Hymn 2,tlg002,1,313,εἰ μὴ Ζεὺς ἐνόησεν ἑῷ τʼ ἐφράσσατο θυμῷ.,εἰ μὴ Ζεὺς ἐνόησεν ἑῷ τ’ ἐφράσσατο θυμῷ.,tlg0013.tlg002.perseus-grc2.xml
Hymn 2,tlg002,1,314,Ἶριν δὲ πρῶτον χρυσόπτερον ὦρσε καλέσσαι,Ἶριν δὲ πρῶτον χρυσόπτερον ὦρσε καλέσσαι,tlg0013.tlg002.perseus-grc2.xml
Hymn 2,tlg002,1,315,"Δήμητρʼ ἠύκομον, πολυήρατον εἶδος ἔχουσαν.","Δήμητρ’ ἠύκομον, πολυήρατον εἶδος ἔχουσαν.",tlg0013.tlg002.perseus-grc2.xml
Hymn 2,tlg002,1,316,ὣς ἔφαθʼ· ἣ δὲ Ζηνὶ κελαινεφέι Κρονίωνι,ὣς ἔφαθ’· ἣ δὲ Ζηνὶ κελαινεφέι Κρονίωνι,tlg0013.tlg002.perseus-grc2.xml
Hymn 2,tlg002,1,317,πείθετο καὶ τὸ μεσηγὺ διέδραμεν ὦκα πόδεσσιν.,πείθετο καὶ τὸ μεσηγὺ διέδραμεν ὦκα πόδεσσιν.,tlg0013.tlg002.perseus-grc2.xml
Hymn 2,tlg002,1,318,"ἵκετο δὲ πτολίεθρον Ἐλευσῖνος θυοέσσης,","ἵκετο δὲ πτολίεθρον Ἐλευσῖνος θυοέσσης,",tlg0013.tlg002.perseus-grc2.xml
Hymn 2,tlg002,1,319,εὗρεν δʼ ἐν νηῷ Δημήτερα κυανόπεπλον,εὗρεν δ’ ἐν νηῷ Δημήτερα κυανόπεπλον,tlg0013.tlg002.perseus-grc2.xml
Hymn 2,tlg002,1,320,καί μιν φωνήσασʼ ἔπεα πτερόεντα προσηύδα·,καί μιν φωνήσασ’ ἔπεα πτερόεντα προσηύδα·,tlg0013.tlg002.perseus-grc2.xml
Hymn 2,tlg002,1,321,"Δήμητερ, καλέει σε πατὴρ Ζεὺς ἄφθιτα εἰδὼς","Δήμητερ, καλέει σε πατὴρ Ζεὺς ἄφθιτα εἰδὼς",tlg0013.tlg002.perseus-grc2.xml
Hymn 2,tlg002,1,322,ἐλθέμεναι μετὰ φῦλα θεῶν αἰειγενετάων.,ἐλθέμεναι μετὰ φῦλα θεῶν αἰειγενετάων.,tlg0013.tlg002.perseus-grc2.xml
Hymn 2,tlg002,1,323,"ἄλλʼ ἴθι, μηδʼ ἀτέλεστον ἐμὸν ἔπος ἐκ Διὸς ἔστω.","ἄλλ’ ἴθι, μηδ’ ἀτέλεστον ἐμὸν ἔπος ἐκ Διὸς ἔστω.",tlg0013.tlg002.perseus-grc2.xml
Hymn 2,tlg002,1,324,ὣς φάτο λισσομένη· τῇ δʼ οὐκ ἐπεπείθετο θυμός.,ὣς φάτο λισσομένη· τῇ δ’ οὐκ ἐπεπείθετο θυμός.,tlg0013.tlg002.perseus-grc2.xml
Hymn 2,tlg002,1,325,αὖτις ἔπειτα πατὴρ μάκαρας θεοὺς αἰὲν ἐόντας,αὖτις ἔπειτα πατὴρ μάκαρας θεοὺς αἰὲν ἐόντας,tlg0013.tlg002.perseus-grc2.xml
Hymn 2,tlg002,1,326,πάντας ἐπιπροΐαλλεν· ἀμοιβηδὶς δὲ κιόντες,πάντας ἐπιπροΐαλλεν· ἀμοιβηδὶς δὲ κιόντες,tlg0013.tlg002.perseus-grc2.xml
Hymn 2,tlg002,1,327,κίκλησκον καὶ πολλὰ δίδον περικαλλέα δῶρα,κίκλησκον καὶ πολλὰ δίδον περικαλλέα δῶρα,tlg0013.tlg002.perseus-grc2.xml
Hymn 2,tlg002,1,328,"τιμάς θʼ, ἅς κʼ ἐθέλοιτο μετʼ ἀθανάτοισιν ἑλέσθαι.","τιμάς θ’, ἅς κ’ ἐθέλοιτο μετ’ ἀθανάτοισιν ἑλέσθαι.",tlg0013.tlg002.perseus-grc2.xml
Hymn 2,tlg002,1,329,ἀλλʼ οὔτις πεῖσαι δύνατο φρένας οὐδὲ νόημα,ἀλλ’ οὔτις πεῖσαι δύνατο φρένας οὐδὲ νόημα,tlg0013.tlg002.perseus-grc2.xml
Hymn 2,tlg002,1,330,θυμῷ χωομένης· στερεῶς δʼ ἠναίνετο μύθους.,θυμῷ χωομένης· στερεῶς δ’ ἠναίνετο μύθους.,tlg0013.tlg002.perseus-grc2.xml
Hymn 2,tlg002,1,331,οὐ μὲν γάρ ποτʼ ἔφασκε θυώδεος Οὐλύμποιο,οὐ μὲν γάρ ποτ’ ἔφασκε θυώδεος Οὐλύμποιο,tlg0013.tlg002.perseus-grc2.xml
Hymn 2,tlg002,1,332,"πρίν γʼ ἐπιβήσεσθαι, οὐ πρὶν γῆς καρπὸν ἀνήσειν,","πρίν γ’ ἐπιβήσεσθαι, οὐ πρὶν γῆς καρπὸν ἀνήσειν,",tlg0013.tlg002.perseus-grc2.xml
Hymn 2,tlg002,1,333,πρὶν ἴδοι ὀφθαλμοῖσιν ἑὴν εὐώπιδα κούρην.,πρὶν ἴδοι ὀφθαλμοῖσιν ἑὴν εὐώπιδα κούρην.,tlg0013.tlg002.perseus-grc2.xml
Hymn 2,tlg002,1,334,"αὐτὰρ ἐπεὶ τό γʼ ἄκουσε βαρύκτυπος εὐρύοπα Ζεύς,","αὐτὰρ ἐπεὶ τό γ’ ἄκουσε βαρύκτυπος εὐρύοπα Ζεύς,",tlg0013.tlg002.perseus-grc2.xml
Hymn 2,tlg002,1,335,"εἰς Ἔρεβος πέμψε χρυσόρραπιν Ἀργειφόντην,","εἰς Ἔρεβος πέμψε χρυσόρραπιν Ἀργειφόντην,",tlg0013.tlg002.perseus-grc2.xml
Hymn 2,tlg002,1,336,ὄφρʼ Ἀίδην μαλακοῖσι παραιφάμενος ἐπέεσσιν,ὄφρ’ Ἀίδην μαλακοῖσι παραιφάμενος ἐπέεσσιν,tlg0013.tlg002.perseus-grc2.xml
Hymn 2,tlg002,1,337,ἁγνὴν Περσεφόνειαν ὑπὸ ζόφου ἠερόεντος,ἁγνὴν Περσεφόνειαν ὑπὸ ζόφου ἠερόεντος,tlg0013.tlg002.perseus-grc2.xml
Hymn 2,tlg002,1,338,"ἐς φάος ἐξαγάγοι μετὰ δαίμονας, ὄφρα ἑ μήτηρ","ἐς φάος ἐξαγάγοι μετὰ δαίμονας, ὄφρα ἑ μήτηρ",tlg0013.tlg002.perseus-grc2.xml
Hymn 2,tlg002,1,339,ὀφθαλμοῖσιν ἰδοῦσα μεταλήξειε χόλοιο.,ὀφθαλμοῖσιν ἰδοῦσα μεταλήξειε χόλοιο.,tlg0013.tlg002.perseus-grc2.xml
Hymn 2,tlg002,1,340,"Ἑρμῆς δʼ οὐκ ἀπίθησεν, ἄφαρ δʼ ὑπὸ κεύθεα γαίης","Ἑρμῆς δ’ οὐκ ἀπίθησεν, ἄφαρ δ’ ὑπὸ κεύθεα γαίης",tlg0013.tlg002.perseus-grc2.xml
Hymn 2,tlg002,1,341,ἐσσυμένως κατόρουσε λιπὼν ἕδος Οὐλύμποιο.,ἐσσυμένως κατόρουσε λιπὼν ἕδος Οὐλύμποιο.,tlg0013.tlg002.perseus-grc2.xml
Hymn 2,tlg002,1,342,"τέτμε δὲ τόν γε ἄνακτα δόμων ἔντοσθεν ἐόντα,","τέτμε δὲ τόν γε ἄνακτα δόμων ἔντοσθεν ἐόντα,",tlg0013.tlg002.perseus-grc2.xml
Hymn 2,tlg002,1,343,"ἥμενον ἐν λεχέεσσι σὺν αἰδοίῃ παρακοίτι,","ἥμενον ἐν λεχέεσσι σὺν αἰδοίῃ παρακοίτι,",tlg0013.tlg002.perseus-grc2.xml
Hymn 2,tlg002,1,344,πόλλʼ ἀεκαζομένῃ μητρὸς πόθῳ· ἣ δʼ ἀποτηλοῦ,πόλλ’ ἀεκαζομένῃ μητρὸς πόθῳ· ἣ δ’ ἀποτηλοῦ,tlg0013.tlg002.perseus-grc2.xml
Hymn 2,tlg002,1,345,ἔργοις θεῶν μακάρων δεινὴν μητίσετο βουλήν.,ἔργοις θεῶν μακάρων δεινὴν μητίσετο βουλήν.,tlg0013.tlg002.perseus-grc2.xml
Hymn 2,tlg002,1,346,ἀγχοῦ δʼ ἱστάμενος προσέφη κρατὺς Ἀργειφόντης·,ἀγχοῦ δ’ ἱστάμενος προσέφη κρατὺς Ἀργειφόντης·,tlg0013.tlg002.perseus-grc2.xml
Hymn 2,tlg002,1,347,"Ἅιδη κυανοχαῖτα, καταφθιμένοισιν ἀνάσσων,","Ἅιδη κυανοχαῖτα, καταφθιμένοισιν ἀνάσσων,",tlg0013.tlg002.perseus-grc2.xml
Hymn 2,tlg002,1,348,Ζεύς με πατὴρ ἤνωγεν ἀγαυὴν Περσεφόνειαν,Ζεύς με πατὴρ ἤνωγεν ἀγαυὴν Περσεφόνειαν,tlg0013.tlg002.perseus-grc2.xml
Hymn 2,tlg002,1,349,"ἐξαγαγεῖν Ἐρέβευσφι μετὰ σφέας, ὄφρα ἑ μήτηρ","ἐξαγαγεῖν Ἐρέβευσφι μετὰ σφέας, ὄφρα ἑ μήτηρ",tlg0013.tlg002.perseus-grc2.xml
Hymn 2,tlg002,1,350,ὀφθαλμοῖσιν ἰδοῦσα χόλου καὶ μήνιος αἰνῆς,ὀφθαλμοῖσιν ἰδοῦσα χόλου καὶ μήνιος αἰνῆς,tlg0013.tlg002.perseus-grc2.xml
Hymn 2,tlg002,1,351,"ἀθανάτοις λήξειεν· ἐπεὶ μέγα μήδεται ἔργον,","ἀθανάτοις λήξειεν· ἐπεὶ μέγα μήδεται ἔργον,",tlg0013.tlg002.perseus-grc2.xml
Hymn 2,tlg002,1,352,"φθῖσαι φῦλʼ ἀμενηνὰ χαμαιγενέων ἀνθρώπων,","φθῖσαι φῦλ’ ἀμενηνὰ χαμαιγενέων ἀνθρώπων,",tlg0013.tlg002.perseus-grc2.xml
Hymn 2,tlg002,1,353,"σπέρμʼ ὑπὸ γῆς κρύπτουσα, καταφθινύθουσα δὲ τιμὰς","σπέρμ’ ὑπὸ γῆς κρύπτουσα, καταφθινύθουσα δὲ τιμὰς",tlg0013.tlg002.perseus-grc2.xml
Hymn 2,tlg002,1,354,"ἀθανάτων· ἣ δʼ αἰνὸν ἔχει χόλον, οὐδὲ θεοῖσι","ἀθανάτων· ἣ δ’ αἰνὸν ἔχει χόλον, οὐδὲ θεοῖσι",tlg0013.tlg002.perseus-grc2.xml
Hymn 2,tlg002,1,355,"μίσγεται, ἀλλʼ ἀπάνευθε θυώδεος ἔνδοθι νηοῦ","μίσγεται, ἀλλ’ ἀπάνευθε θυώδεος ἔνδοθι νηοῦ",tlg0013.tlg002.perseus-grc2.xml
Hymn 2,tlg002,1,356,ἧσται Ἐλευσῖνος κραναὸν πτολίεθρον ἔχουσα.,ἧσται Ἐλευσῖνος κραναὸν πτολίεθρον ἔχουσα.,tlg0013.tlg002.perseus-grc2.xml
Hymn 2,tlg002,1,357,ὣς φάτο· μείδησεν δὲ ἄναξ ἐνέρων Ἀιδωνεὺς,ὣς φάτο· μείδησεν δὲ ἄναξ ἐνέρων Ἀιδωνεὺς,tlg0013.tlg002.perseus-grc2.xml
Hymn 2,tlg002,1,358,"ὀφρύσιν, οὐδʼ ἀπίθησε Διὸς βασιλῆος ἐφετμῇς·","ὀφρύσιν, οὐδ’ ἀπίθησε Διὸς βασιλῆος ἐφετμῇς·",tlg0013.tlg002.perseus-grc2.xml
Hymn 2,tlg002,1,359,ἐσσυμένως δʼ ἐκέλευσε δαΐφρονι Περσεφονείῃ·,ἐσσυμένως δ’ ἐκέλευσε δαΐφρονι Περσεφονείῃ·,tlg0013.tlg002.perseus-grc2.xml
Hymn 2,tlg002,1,360,"ἔρχεο, Περσεφόνη, παρὰ μητέρα κυανόπεπλον","ἔρχεο, Περσεφόνη, παρὰ μητέρα κυανόπεπλον",tlg0013.tlg002.perseus-grc2.xml
Hymn 2,tlg002,1,361,"ἤπιον ἐν στήθεσσι μένος καὶ θυμὸν ἔχουσα,","ἤπιον ἐν στήθεσσι μένος καὶ θυμὸν ἔχουσα,",tlg0013.tlg002.perseus-grc2.xml
Hymn 2,tlg002,1,362,μηδέ τι δυσθύμαινε λίην περιώσιον ἄλλων·,μηδέ τι δυσθύμαινε λίην περιώσιον ἄλλων·,tlg0013.tlg002.perseus-grc2.xml
Hymn 2,tlg002,1,363,"οὔ τοι ἐν ἀθανάτοισιν ἀεικὴς ἔσσομʼ ἀκοίτης,","οὔ τοι ἐν ἀθανάτοισιν ἀεικὴς ἔσσομ’ ἀκοίτης,",tlg0013.tlg002.perseus-grc2.xml
Hymn 2,tlg002,1,364,αὐτοκασίγνητος πατρὸς Διός· ἔνθα δʼ ἐοῦσα,αὐτοκασίγνητος πατρὸς Διός· ἔνθα δ’ ἐοῦσα,tlg0013.tlg002.perseus-grc2.xml
Hymn 2,tlg002,1,365,"δεσπόσσεις πάντων ὁπόσα ζώει τε καὶ ἕρπει,","δεσπόσσεις πάντων ὁπόσα ζώει τε καὶ ἕρπει,",tlg0013.tlg002.perseus-grc2.xml
Hymn 2,tlg002,1,366,τιμὰς δὲ σχήσησθα μετʼ ἀθανάτοισι μεγίστας.,τιμὰς δὲ σχήσησθα μετ’ ἀθανάτοισι μεγίστας.,tlg0013.tlg002.perseus-grc2.xml
Hymn 2,tlg002,1,367,"τῶν δʼ ἀδικησάντων τίσις ἔσσεται ἤματα πάντα,","τῶν δ’ ἀδικησάντων τίσις ἔσσεται ἤματα πάντα,",tlg0013.tlg002.perseus-grc2.xml
Hymn 2,tlg002,1,368,οἵ κεν μὴ θυσίῃσι τεὸν μένος ἱλάσκωνται,οἵ κεν μὴ θυσίῃσι τεὸν μένος ἱλάσκωνται,tlg0013.tlg002.perseus-grc2.xml
Hymn 2,tlg002,1,369,"εὐαγέως ἔρδοντες, ἐναίσιμα δῶρα τελοῦντες.","εὐαγέως ἔρδοντες, ἐναίσιμα δῶρα τελοῦντες.",tlg0013.tlg002.perseus-grc2.xml
Hymn 2,tlg002,1,370,"ὣς φάτο· γήθησεν δὲ περίφρων Περσεφόνεια,","ὣς φάτο· γήθησεν δὲ περίφρων Περσεφόνεια,",tlg0013.tlg002.perseus-grc2.xml
Hymn 2,tlg002,1,371,καρπαλίμως δʼ ἀνόρουσʼ ὑπὸ χάρματος· αὐτὰρ ὅ γʼ αὐτὸς,καρπαλίμως δ’ ἀνόρουσ’ ὑπὸ χάρματος· αὐτὰρ ὅ γ’ αὐτὸς,tlg0013.tlg002.perseus-grc2.xml
Hymn 2,tlg002,1,372,"ῥοιῆς κόκκον ἔδωκε φαγεῖν μελιηδέα λάθρῃ,","ῥοιῆς κόκκον ἔδωκε φαγεῖν μελιηδέα λάθρῃ,",tlg0013.tlg002.perseus-grc2.xml
Hymn 2,tlg002,1,373,"ἀμφὶ ἓ νωμήσας, ἵνα μὴ μένοι ἤματα πάντα","ἀμφὶ ἓ νωμήσας, ἵνα μὴ μένοι ἤματα πάντα",tlg0013.tlg002.perseus-grc2.xml
Hymn 2,tlg002,1,374,αὖθι παρʼ αἰδοίῃ Δημήτερι κυανοπέπλῳ.,αὖθι παρ’ αἰδοίῃ Δημήτερι κυανοπέπλῳ.,tlg0013.tlg002.perseus-grc2.xml
Hymn 2,tlg002,1,375,ἵππους δὲ προπάροιθεν ὑπὸ χρυσέοισιν ὄχεσφιν,ἵππους δὲ προπάροιθεν ὑπὸ χρυσέοισιν ὄχεσφιν,tlg0013.tlg002.perseus-grc2.xml
Hymn 2,tlg002,1,376,ἔντυεν ἀθανάτους Πολυσημάντωρ Ἀιδωνευς.,ἔντυεν ἀθανάτους Πολυσημάντωρ Ἀιδωνευς.,tlg0013.tlg002.perseus-grc2.xml
Hymn 2,tlg002,1,377,"ἣ δʼ ὀχέων ἐπέβη, πάρα δὲ κρατὺς Ἀργειφόντης","ἣ δ’ ὀχέων ἐπέβη, πάρα δὲ κρατὺς Ἀργειφόντης",tlg0013.tlg002.perseus-grc2.xml
Hymn 2,tlg002,1,378,ἡνία καὶ μάστιγα λαβὼν μετὰ χερσὶ φίλῃσι,ἡνία καὶ μάστιγα λαβὼν μετὰ χερσὶ φίλῃσι,tlg0013.tlg002.perseus-grc2.xml
Hymn 2,tlg002,1,379,σεῦε διὲκ μεγάρων· τὼ δʼ οὐκ ἀέκοντε πετέσθην.,σεῦε διὲκ μεγάρων· τὼ δ’ οὐκ ἀέκοντε πετέσθην.,tlg0013.tlg002.perseus-grc2.xml
Hymn 2,tlg002,1,380,ῥίμφα δὲ μακρὰ κέλευθα διήνυσαν· οὐδὲ θάλασσα,ῥίμφα δὲ μακρὰ κέλευθα διήνυσαν· οὐδὲ θάλασσα,tlg0013.tlg002.perseus-grc2.xml
Hymn 2,tlg002,1,381,οὔθʼ ὕδωρ ποταμῶν οὔτʼ ἄγκεα ποιήεντα,οὔθ’ ὕδωρ ποταμῶν οὔτ’ ἄγκεα ποιήεντα,tlg0013.tlg002.perseus-grc2.xml
Hymn 2,tlg002,1,382,"ἵππων ἀθανάτων οὔτʼ ἄκριες ἔσχεθον ὁρμήν,","ἵππων ἀθανάτων οὔτ’ ἄκριες ἔσχεθον ὁρμήν,",tlg0013.tlg002.perseus-grc2.xml
Hymn 2,tlg002,1,383,ἀλλʼ ὑπὲρ αὐτάων βαθὺν ἠέρα τέμνον ἰόντες.,ἀλλ’ ὑπὲρ αὐτάων βαθὺν ἠέρα τέμνον ἰόντες.,tlg0013.tlg002.perseus-grc2.xml
Hymn 2,tlg002,1,384,"στῆσε δʼ ἄγων, ὅθι μίμνεν ἐυστέφανος Δημήτηρ,","στῆσε δ’ ἄγων, ὅθι μίμνεν ἐυστέφανος Δημήτηρ,",tlg0013.tlg002.perseus-grc2.xml
Hymn 2,tlg002,1,385,νηοῖο προπάροιθε θυώδεος· ἣ δὲ ἰδοῦσα,νηοῖο προπάροιθε θυώδεος· ἣ δὲ ἰδοῦσα,tlg0013.tlg002.perseus-grc2.xml
Hymn 2,tlg002,1,386,"ἤιξʼ, ἠύτε μαινὰς ὄρος κάτα δάσκιον ὕλῃ.","ἤιξ’, ἠύτε μαινὰς ὄρος κάτα δάσκιον ὕλῃ.",tlg0013.tlg002.perseus-grc2.xml
Hymn 2,tlg002,1,387,Περσεφόνη δʼ ἑτέρωθεν ἐπεὶ ἴδεν ὄμματα καλὰ,Περσεφόνη δ’ ἑτέρωθεν ἐπεὶ ἴδεν ὄμματα καλὰ,tlg0013.tlg002.perseus-grc2.xml
Hymn 2,tlg002,1,388,μητρὸς ἑῆς κατʼ ἄρʼ ἥ γʼ ὄχεα προλιποῦσα καὶ ἵππους,μητρὸς ἑῆς κατ’ ἄρ’ ἥ γ’ ὄχεα προλιποῦσα καὶ ἵππους,tlg0013.tlg002.perseus-grc2.xml
Hymn 2,tlg002,1,389,"ἆλτο θέειν, δειρῇ δέ οἱ ἔμπεσε ἀμφιχυθεῖσα·","ἆλτο θέειν, δειρῇ δέ οἱ ἔμπεσε ἀμφιχυθεῖσα·",tlg0013.tlg002.perseus-grc2.xml
Hymn 2,tlg002,1,390,τῇ δὲ φίλην ἔτι παῖδα ἑῇς μετὰ χερσὶν ἐχούσῃ,τῇ δὲ φίλην ἔτι παῖδα ἑῇς μετὰ χερσὶν ἐχούσῃ,tlg0013.tlg002.perseus-grc2.xml
Hymn 2,tlg002,1,391,"αἶψα δόλον θυμός τινʼ ὀίσατο, τρέσσε δʼ ἄρʼ αἰνῶς","αἶψα δόλον θυμός τιν’ ὀίσατο, τρέσσε δ’ ἄρ’ αἰνῶς",tlg0013.tlg002.perseus-grc2.xml
Hymn 2,tlg002,1,392,"παυομένη φιλότητος, ἄφαρ δʼ ἐρεείνετο μύθῳ·","παυομένη φιλότητος, ἄφαρ δ’ ἐρεείνετο μύθῳ·",tlg0013.tlg002.perseus-grc2.xml
Hymn 2,tlg002,1,393,"τέκνον, μή ῥά τι μοι σύ γε πάσσαο νέρθεν ἐοῦσα","τέκνον, μή ῥά τι μοι σύ γε πάσσαο νέρθεν ἐοῦσα",tlg0013.tlg002.perseus-grc2.xml
Hymn 2,tlg002,1,394,"βρώμης; ἐξαύδα, μὴ κεῦθʼ, ἵνα εἴδομεν ἄμφω·","βρώμης; ἐξαύδα, μὴ κεῦθ’, ἵνα εἴδομεν ἄμφω·",tlg0013.tlg002.perseus-grc2.xml
Hymn 2,tlg002,1,395,ὣς μὲν γάρ κεν ἐοῦσα παρὰ στυγεροῦ Ἀίδαο,ὣς μὲν γάρ κεν ἐοῦσα παρὰ στυγεροῦ Ἀίδαο,tlg0013.tlg002.perseus-grc2.xml
Hymn 2,tlg002,1,396,καὶ παρʼ ἐμοὶ καὶ πατρὶ κελαινεφέϊ Κρονίωνι,καὶ παρ’ ἐμοὶ καὶ πατρὶ κελαινεφέϊ Κρονίωνι,tlg0013.tlg002.perseus-grc2.xml
Hymn 2,tlg002,1,397,ναιετάοις πάντεσσι τετιμένη ἀθανάτοισιν.,ναιετάοις πάντεσσι τετιμένη ἀθανάτοισιν.,tlg0013.tlg002.perseus-grc2.xml
Hymn 2,tlg002,1,398,"εἰ δʼ ἐπάσω, πάλιν αὖτις ἰοῦσʼ ὑπὸ κεύθεσι γαίης","εἰ δ’ ἐπάσω, πάλιν αὖτις ἰοῦσ’ ὑπὸ κεύθεσι γαίης",tlg0013.tlg002.perseus-grc2.xml
Hymn 2,tlg002,1,399,"οἰκήσεις ὡρέων τρίτατον μέρος εἰς ἐνιαυτόν,","οἰκήσεις ὡρέων τρίτατον μέρος εἰς ἐνιαυτόν,",tlg0013.tlg002.perseus-grc2.xml
Hymn 2,tlg002,1,400,τὰς δὲ δύω παρʼ ἐμοί τε καὶ ἄλλοις ἀθανάτοισιν.,τὰς δὲ δύω παρ’ ἐμοί τε καὶ ἄλλοις ἀθανάτοισιν.,tlg0013.tlg002.perseus-grc2.xml
Hymn 2,tlg002,1,401,ὁππότε δʼ ἄνθεσι γαῖʼ εὐώδεσιν εἰαρινοῖσι,ὁππότε δ’ ἄνθεσι γαῖ’ εὐώδεσιν εἰαρινοῖσι,tlg0013.tlg002.perseus-grc2.xml
Hymn 2,tlg002,1,402,"παντοδαποῖς θάλλῃ, τόθʼ ὑπὸ ζόφου ἠερόεντος","παντοδαποῖς θάλλῃ, τόθ’ ὑπὸ ζόφου ἠερόεντος",tlg0013.tlg002.perseus-grc2.xml
Hymn 2,tlg002,1,403,αὖτις ἄνει μέγα θαῦμα θεοῖς θνητοῖς τʼ ἀνθρώποις.,αὖτις ἄνει μέγα θαῦμα θεοῖς θνητοῖς τ’ ἀνθρώποις.,tlg0013.tlg002.perseus-grc2.xml
Hymn 2,tlg002,1,403a,εἶπε δὲ πῶς σʼ ἥρπαξεν ὑπὸ ζόφον ἠερόεντα,εἶπε δὲ πῶς σ’ ἥρπαξεν ὑπὸ ζόφον ἠερόεντα,tlg0013.tlg002.perseus-grc2.xml
Hymn 2,tlg002,1,404,καὶ τίνι σʼ ἐξαπάτησε δόλῳ κρατερὸς Πολυδέγμων;,καὶ τίνι σ’ ἐξαπάτησε δόλῳ κρατερὸς Πολυδέγμων;,tlg0013.tlg002.perseus-grc2.xml
Hymn 2,tlg002,1,405,τὴν δʼ αὖ Περσεφόνη περικαλλὴς ἀντίον ηὔδα·,τὴν δ’ αὖ Περσεφόνη περικαλλὴς ἀντίον ηὔδα·,tlg0013.tlg002.perseus-grc2.xml
Hymn 2,tlg002,1,406,"τοιγὰρ ἐγώ τοι, μῆτερ, ἐρέω νημερτέα πάντα·","τοιγὰρ ἐγώ τοι, μῆτερ, ἐρέω νημερτέα πάντα·",tlg0013.tlg002.perseus-grc2.xml
Hymn 2,tlg002,1,407,εὖτέ μοι Ἑρμῆς ἦλθʼ ἐριούνιος ἄγγελος ὠκὺς,εὖτέ μοι Ἑρμῆς ἦλθ’ ἐριούνιος ἄγγελος ὠκὺς,tlg0013.tlg002.perseus-grc2.xml
Hymn 2,tlg002,1,408,"πὰρ πατέρος Κρονιδαο καὶ ἄλλων Οὐρανιώνων,","πὰρ πατέρος Κρονιδαο καὶ ἄλλων Οὐρανιώνων,",tlg0013.tlg002.perseus-grc2.xml
Hymn 2,tlg002,1,409,"ἐλθεῖν ἐξ Ἐρέβευς, ἵνα ὀφθαλμοῖσιν ἰδοῦσα","ἐλθεῖν ἐξ Ἐρέβευς, ἵνα ὀφθαλμοῖσιν ἰδοῦσα",tlg0013.tlg002.perseus-grc2.xml
Hymn 2,tlg002,1,410,"λήξαις ἀθανάτοισι χόλου καὶ μήνιος αἰνῆς,","λήξαις ἀθανάτοισι χόλου καὶ μήνιος αἰνῆς,",tlg0013.tlg002.perseus-grc2.xml
Hymn 2,tlg002,1,411,αὐτίκʼ ἐγὼν ἀνόρουσʼ ὑπὸ χάρματος· αὐτὰρ ὃ λάθρῃ,αὐτίκ’ ἐγὼν ἀνόρουσ’ ὑπὸ χάρματος· αὐτὰρ ὃ λάθρῃ,tlg0013.tlg002.perseus-grc2.xml
Hymn 2,tlg002,1,412,"ἔμβαλέ μοι ῥοιῆς κόκκον, μελιηδέʼ ἐδωδήν,","ἔμβαλέ μοι ῥοιῆς κόκκον, μελιηδέ’ ἐδωδήν,",tlg0013.tlg002.perseus-grc2.xml
Hymn 2,tlg002,1,413,ἄκουσαν δὲ βίῃ με προσηνάγκασσε πάσασθαι.,ἄκουσαν δὲ βίῃ με προσηνάγκασσε πάσασθαι.,tlg0013.tlg002.perseus-grc2.xml
Hymn 2,tlg002,1,414,ὡς δέ μʼ ἀναρπάξας Κρονίδεω πυκινὴν διὰ μῆτιν,ὡς δέ μ’ ἀναρπάξας Κρονίδεω πυκινὴν διὰ μῆτιν,tlg0013.tlg002.perseus-grc2.xml
Hymn 2,tlg002,1,415,"ᾤχετο πατρὸς ἐμοῖο, φέρων ὑπὸ κεύθεα γαίης,","ᾤχετο πατρὸς ἐμοῖο, φέρων ὑπὸ κεύθεα γαίης,",tlg0013.tlg002.perseus-grc2.xml
Hymn 2,tlg002,1,416,"ἐξερέω, καὶ πάντα διίξομαι, ὡς ἐρεείνεις.","ἐξερέω, καὶ πάντα διίξομαι, ὡς ἐρεείνεις.",tlg0013.tlg002.perseus-grc2.xml
Hymn 2,tlg002,1,417,"ἡμεῖς μὲν μάλα πᾶσαι ἀνʼ ἱμερτὸν λειμῶνα,","ἡμεῖς μὲν μάλα πᾶσαι ἀν’ ἱμερτὸν λειμῶνα,",tlg0013.tlg002.perseus-grc2.xml
Hymn 2,tlg002,1,418,Λευκίππη Φαινώ τε καὶ Ἠλέκτρη καὶ Ἰάνθη,Λευκίππη Φαινώ τε καὶ Ἠλέκτρη καὶ Ἰάνθη,tlg0013.tlg002.perseus-grc2.xml
Hymn 2,tlg002,1,419,καὶ Μελίτη Ἰάχη τε Ῥόδειά τε Καλλιρόη τε,καὶ Μελίτη Ἰάχη τε Ῥόδειά τε Καλλιρόη τε,tlg0013.tlg002.perseus-grc2.xml
Hymn 2,tlg002,1,420,Μηλόβοσίς τε Τύχη τε καὶ Ὠκυρόη καλυκῶπις,Μηλόβοσίς τε Τύχη τε καὶ Ὠκυρόη καλυκῶπις,tlg0013.tlg002.perseus-grc2.xml
Hymn 2,tlg002,1,421,Χρυσηίς τʼ Ἰάνειρά τʼ Ἀκάστη τʼ Ἀδμήτη τε,Χρυσηίς τ’ Ἰάνειρά τ’ Ἀκάστη τ’ Ἀδμήτη τε,tlg0013.tlg002.perseus-grc2.xml
Hymn 2,tlg002,1,422,καὶ Ῥοδόπη Πλουτώ τε καὶ ἱμερόεσσα Καλυψὼ,καὶ Ῥοδόπη Πλουτώ τε καὶ ἱμερόεσσα Καλυψὼ,tlg0013.tlg002.perseus-grc2.xml
Hymn 2,tlg002,1,423,καὶ Στὺξ Οὐρανίη τε Γαλαξαύρη τʼ ἐρατεινὴ,καὶ Στὺξ Οὐρανίη τε Γαλαξαύρη τ’ ἐρατεινὴ,tlg0013.tlg002.perseus-grc2.xml
Hymn 2,tlg002,1,424,"Παλλάς τʼ ἐγρεμάχη καὶ Ἄρτεμις ἰοχέαιρα,","Παλλάς τ’ ἐγρεμάχη καὶ Ἄρτεμις ἰοχέαιρα,",tlg0013.tlg002.perseus-grc2.xml
Hymn 2,tlg002,1,425,"παίζομεν ἠδʼ ἄνθεα δρέπομεν χείρεσσʼ ἐρόεντα,","παίζομεν ἠδ’ ἄνθεα δρέπομεν χείρεσσ’ ἐρόεντα,",tlg0013.tlg002.perseus-grc2.xml
Hymn 2,tlg002,1,426,μίγδα κρόκον τʼ ἀγανὸν καὶ ἀγαλλίδας ἠδʼ ὑάκινθον,μίγδα κρόκον τ’ ἀγανὸν καὶ ἀγαλλίδας ἠδ’ ὑάκινθον,tlg0013.tlg002.perseus-grc2.xml
Hymn 2,tlg002,1,427,"καὶ ῥοδέας κάλυκας καὶ λείρια, θαῦμα ἰδέσθαι,","καὶ ῥοδέας κάλυκας καὶ λείρια, θαῦμα ἰδέσθαι,",tlg0013.tlg002.perseus-grc2.xml
Hymn 2,tlg002,1,428,"νάρκισσόν θʼ, ὃν ἔφυσʼ ὥς περ κρόκον εὐρεῖα χθών.","νάρκισσόν θ’, ὃν ἔφυσ’ ὥς περ κρόκον εὐρεῖα χθών.",tlg0013.tlg002.perseus-grc2.xml
Hymn 2,tlg002,1,429,αὐτὰρ ἐγὼ δρεπόμην περὶ χάρματι· γαῖα δʼ ἔνερθε,αὐτὰρ ἐγὼ δρεπόμην περὶ χάρματι· γαῖα δ’ ἔνερθε,tlg0013.tlg002.perseus-grc2.xml
Hymn 2,tlg002,1,430,χώρησεν· τῇ δʼ ἔκθορʼ ἄναξ κρατερὸς Πολυδέγμων·,χώρησεν· τῇ δ’ ἔκθορ’ ἄναξ κρατερὸς Πολυδέγμων·,tlg0013.tlg002.perseus-grc2.xml
Hymn 2,tlg002,1,431,βῆ δὲ φέρων ὑπὸ γαῖαν ἐν ἅρμασι χρυσείοισι,βῆ δὲ φέρων ὑπὸ γαῖαν ἐν ἅρμασι χρυσείοισι,tlg0013.tlg002.perseus-grc2.xml
Hymn 2,tlg002,1,432,πόλλʼ ἀεκαζομένην· ἐβόησα δʼ ἄρʼ ὄρθια φωνῇ.,πόλλ’ ἀεκαζομένην· ἐβόησα δ’ ἄρ’ ὄρθια φωνῇ.,tlg0013.tlg002.perseus-grc2.xml
Hymn 2,tlg002,1,433,ταῦτά τοι ἀχνυμένη περ ἀληθέα πάντʼ ἀγορεύω.,ταῦτά τοι ἀχνυμένη περ ἀληθέα πάντ’ ἀγορεύω.,tlg0013.tlg002.perseus-grc2.xml
Hymn 2,tlg002,1,434,ὣς τότε μὲν πρόπαν ἦμαρ ὁμόφρονα θυμὸν ἔχουσαι,ὣς τότε μὲν πρόπαν ἦμαρ ὁμόφρονα θυμὸν ἔχουσαι,tlg0013.tlg002.perseus-grc2.xml
Hymn 2,tlg002,1,435,πολλὰ μάλʼ ἀλλήλων κραδίην καὶ θυμὸν ἴαινον,πολλὰ μάλ’ ἀλλήλων κραδίην καὶ θυμὸν ἴαινον,tlg0013.tlg002.perseus-grc2.xml
Hymn 2,tlg002,1,436,ἀμφαγαπαζόμεναι· ἀχέων δʼ ἀπεπαύετο θυμός.,ἀμφαγαπαζόμεναι· ἀχέων δ’ ἀπεπαύετο θυμός.,tlg0013.tlg002.perseus-grc2.xml
Hymn 2,tlg002,1,437,γηθοσύνας δʼ ἐδέχοντο παρʼ ἀλλήλων ἔδιδόν τε.,γηθοσύνας δ’ ἐδέχοντο παρ’ ἀλλήλων ἔδιδόν τε.,tlg0013.tlg002.perseus-grc2.xml
Hymn 2,tlg002,1,438,τῇσιν δʼ ἐγγύθεν ἦλθʼ Ἑκάτη λιπαροκρήδεμνος·,τῇσιν δ’ ἐγγύθεν ἦλθ’ Ἑκάτη λιπαροκρήδεμνος·,tlg0013.tlg002.perseus-grc2.xml
Hymn 2,tlg002,1,439,πολλὰ δʼ ἄρʼ ἀμφαγάπησε κόρην Δημήτερος ἁγνήν·,πολλὰ δ’ ἄρ’ ἀμφαγάπησε κόρην Δημήτερος ἁγνήν·,tlg0013.tlg002.perseus-grc2.xml
Hymn 2,tlg002,1,440,ἐκ τοῦ οἱ πρόπολος καὶ ὀπάων ἔπλετʼ ἄνασσα.,ἐκ τοῦ οἱ πρόπολος καὶ ὀπάων ἔπλετ’ ἄνασσα.,tlg0013.tlg002.perseus-grc2.xml
Hymn 2,tlg002,1,441,ταῖς δὲ μέτʼ ἄγγελον ἧκε βαρύκτυπος εὐρύοπα Ζεὺς,ταῖς δὲ μέτ’ ἄγγελον ἧκε βαρύκτυπος εὐρύοπα Ζεὺς,tlg0013.tlg002.perseus-grc2.xml
Hymn 2,tlg002,1,442,"Ῥείην ἠύκομον, Δημήτερα κυανόπεπλον","Ῥείην ἠύκομον, Δημήτερα κυανόπεπλον",tlg0013.tlg002.perseus-grc2.xml
Hymn 2,tlg002,1,443,"ἀξέμεναι μετὰ φῦλα θεῶν, ὑπέδεκτο δὲ τιμὰς","ἀξέμεναι μετὰ φῦλα θεῶν, ὑπέδεκτο δὲ τιμὰς",tlg0013.tlg002.perseus-grc2.xml
Hymn 2,tlg002,1,444,"δωσέμεν, ἅς κεν ἕλοιτο μετʼ ἀθανάτοισι θεοῖσι·","δωσέμεν, ἅς κεν ἕλοιτο μετ’ ἀθανάτοισι θεοῖσι·",tlg0013.tlg002.perseus-grc2.xml
Hymn 2,tlg002,1,445,νεῦσε δέ οἱ κούρην ἔτεος περιτελλομένοιο,νεῦσε δέ οἱ κούρην ἔτεος περιτελλομένοιο,tlg0013.tlg002.perseus-grc2.xml
Hymn 2,tlg002,1,446,"τὴν τριτάτην μὲν μοῖραν ὑπὸ ζόφον ἠερόεντα,","τὴν τριτάτην μὲν μοῖραν ὑπὸ ζόφον ἠερόεντα,",tlg0013.tlg002.perseus-grc2.xml
Hymn 2,tlg002,1,447,τὰς δὲ δύω παρὰ μητρὶ καὶ ἄλλοις ἀθανάτοισιν.,τὰς δὲ δύω παρὰ μητρὶ καὶ ἄλλοις ἀθανάτοισιν.,tlg0013.tlg002.perseus-grc2.xml
Hymn 2,tlg002,1,448,ὣς ἔφατʼ· οὐδʼ ἀπίθησε θεὰ Διὸς ἀγγελιάων.,ὣς ἔφατ’· οὐδ’ ἀπίθησε θεὰ Διὸς ἀγγελιάων.,tlg0013.tlg002.perseus-grc2.xml
Hymn 2,tlg002,1,449,"ἐσσυμένως δʼ ἤιξε κατʼ Οὐλύμποιο καρήνων,","ἐσσυμένως δ’ ἤιξε κατ’ Οὐλύμποιο καρήνων,",tlg0013.tlg002.perseus-grc2.xml
Hymn 2,tlg002,1,450,"ἐς δʼ ἄρα Ῥάριον ἷξε, φερέσβιον οὖθαρ ἀρούρης","ἐς δ’ ἄρα Ῥάριον ἷξε, φερέσβιον οὖθαρ ἀρούρης",tlg0013.tlg002.perseus-grc2.xml
Hymn 2,tlg002,1,451,"τὸ πρίν, ἀτὰρ τότε γʼ οὔτι φερέσβιον, ἀλλὰ ἕκηλον","τὸ πρίν, ἀτὰρ τότε γ’ οὔτι φερέσβιον, ἀλλὰ ἕκηλον",tlg0013.tlg002.perseus-grc2.xml
Hymn 2,tlg002,1,452,ἑστήκει πανάφυλλον· ἔκευθε δʼ ἄρα κρῖ λευκὸν,ἑστήκει πανάφυλλον· ἔκευθε δ’ ἄρα κρῖ λευκὸν,tlg0013.tlg002.perseus-grc2.xml
Hymn 2,tlg002,1,453,μήδεσι Δήμητρος καλλισφύρου· αὐτὰρ ἔπειτα,μήδεσι Δήμητρος καλλισφύρου· αὐτὰρ ἔπειτα,tlg0013.tlg002.perseus-grc2.xml
Hymn 2,tlg002,1,454,μέλλεν ἄφαρ ταναοῖσι κομήσειν ἀσταχύεσσιν,μέλλεν ἄφαρ ταναοῖσι κομήσειν ἀσταχύεσσιν,tlg0013.tlg002.perseus-grc2.xml
Hymn 2,tlg002,1,455,"ἦρος ἀεξομένοιο, πέδῳ δʼ ἄρα πίονες ὄγμοι","ἦρος ἀεξομένοιο, πέδῳ δ’ ἄρα πίονες ὄγμοι",tlg0013.tlg002.perseus-grc2.xml
Hymn 2,tlg002,1,456,"βρισέμεν ἀσταχύων, τὰ δʼ ἐν ἐλλεδανοῖσι δεδέσθαι.","βρισέμεν ἀσταχύων, τὰ δ’ ἐν ἐλλεδανοῖσι δεδέσθαι.",tlg0013.tlg002.perseus-grc2.xml
Hymn 2,tlg002,1,457,ἔνθʼ ἐπέβη πρώτιστον ἀπʼ αἰθέρος ἀτρυγέτοιο·,ἔνθ’ ἐπέβη πρώτιστον ἀπ’ αἰθέρος ἀτρυγέτοιο·,tlg0013.tlg002.perseus-grc2.xml
Hymn 2,tlg002,1,458,"ἀσπασίως δʼ ἴδον ἀλλήλας, κεχάρηντο δὲ θυμῷ.","ἀσπασίως δ’ ἴδον ἀλλήλας, κεχάρηντο δὲ θυμῷ.",tlg0013.tlg002.perseus-grc2.xml
Hymn 2,tlg002,1,459,τὴν δʼ ὧδε προσέειπε Ῥέη λιπαροκρήδεμνος·,τὴν δ’ ὧδε προσέειπε Ῥέη λιπαροκρήδεμνος·,tlg0013.tlg002.perseus-grc2.xml
Hymn 2,tlg002,1,460,"δεῦρο τέκος, καλέει σε βαρύκτυπος εὐρύοπα Ζεὺς","δεῦρο τέκος, καλέει σε βαρύκτυπος εὐρύοπα Ζεὺς",tlg0013.tlg002.perseus-grc2.xml
Hymn 2,tlg002,1,461,"ἐλθέμεναι μετὰ φῦλα θεῶν, ὑπέδεκτο δὲ τιμὰς","ἐλθέμεναι μετὰ φῦλα θεῶν, ὑπέδεκτο δὲ τιμὰς",tlg0013.tlg002.perseus-grc2.xml
Hymn 2,tlg002,1,462,"δωσέμεν, ἅς κʼ ἐθέλῃσθα μετʼ ἀθανάτοισι θεοῖσι.","δωσέμεν, ἅς κ’ ἐθέλῃσθα μετ’ ἀθανάτοισι θεοῖσι.",tlg0013.tlg002.perseus-grc2.xml
Hymn 2,tlg002,1,463,νεῦσε δέ σοι κούρην ἔτεος περιτελλομένοιο,νεῦσε δέ σοι κούρην ἔτεος περιτελλομένοιο,tlg0013.tlg002.perseus-grc2.xml
Hymn 2,tlg002,1,464,"τὴν τριτάτην μὲν μοῖραν ὑπὸ ζόφον ἠερόεντα,","τὴν τριτάτην μὲν μοῖραν ὑπὸ ζόφον ἠερόεντα,",tlg0013.tlg002.perseus-grc2.xml
Hymn 2,tlg002,1,465,τὰς δὲ δύω παρὰ σοί τε καὶ ἄλλοις ἀθανάτοισιν.,τὰς δὲ δύω παρὰ σοί τε καὶ ἄλλοις ἀθανάτοισιν.,tlg0013.tlg002.perseus-grc2.xml
Hymn 2,tlg002,1,466,ὣς ἄρʼ ἔφη τελέεσθαι· ἑῷ δʼ ἐπένευσε κάρητι.,ὣς ἄρ’ ἔφη τελέεσθαι· ἑῷ δ’ ἐπένευσε κάρητι.,tlg0013.tlg002.perseus-grc2.xml
Hymn 2,tlg002,1,467,"ἀλλʼ ἴθι, τέκνον ἐμόν, καὶ πείθεο, μηδέ τι λίην","ἀλλ’ ἴθι, τέκνον ἐμόν, καὶ πείθεο, μηδέ τι λίην",tlg0013.tlg002.perseus-grc2.xml
Hymn 2,tlg002,1,468,ἀζηχὲς μενέαινε κελαινεφέι Κρονίωνι.,ἀζηχὲς μενέαινε κελαινεφέι Κρονίωνι.,tlg0013.tlg002.perseus-grc2.xml
Hymn 2,tlg002,1,469,αἶψα δὲ καρπὸν ἄεξε φερέσβιον ἀνθρώποισιν.,αἶψα δὲ καρπὸν ἄεξε φερέσβιον ἀνθρώποισιν.,tlg0013.tlg002.perseus-grc2.xml
Hymn 2,tlg002,1,470,ὣς ἔφατʼ. οὐδʼ ἀπίθησεν ἐυστέφανος Δημήτηρ·,ὣς ἔφατ’. οὐδ’ ἀπίθησεν ἐυστέφανος Δημήτηρ·,tlg0013.tlg002.perseus-grc2.xml
Hymn 2,tlg002,1,471,αἶψα δὲ καρπὸν ἀνῆκεν ἀρουράων ἐριβώλων·,αἶψα δὲ καρπὸν ἀνῆκεν ἀρουράων ἐριβώλων·,tlg0013.tlg002.perseus-grc2.xml
Hymn 2,tlg002,1,472,πᾶσα δὲ φύλλοισίν τε καὶ ἄνθεσιν εὐρεῖα χθὼν,πᾶσα δὲ φύλλοισίν τε καὶ ἄνθεσιν εὐρεῖα χθὼν,tlg0013.tlg002.perseus-grc2.xml
Hymn 2,tlg002,1,473,ἔβρισʼ· ἣ δὲ κιοῦσα θεμιστοπόλοις βασιλεῦσι,ἔβρισ’· ἣ δὲ κιοῦσα θεμιστοπόλοις βασιλεῦσι,tlg0013.tlg002.perseus-grc2.xml
Hymn 2,tlg002,1,474,δεῖξεν Τριπτολέμῳ τε Διοκλεῖ τε πληξίππῳ,δεῖξεν Τριπτολέμῳ τε Διοκλεῖ τε πληξίππῳ,tlg0013.tlg002.perseus-grc2.xml
Hymn 2,tlg002,1,475,Εὐμόλπου τε βίῃ Κελεῷ θʼ ἡγήτορι λαῶν,Εὐμόλπου τε βίῃ Κελεῷ θ’ ἡγήτορι λαῶν,tlg0013.tlg002.perseus-grc2.xml
Hymn 2,tlg002,1,476,"δρησμοσύνην θʼ ἱερῶν καὶ ἐπέφραδεν ὄργια πᾶσι,","δρησμοσύνην θ’ ἱερῶν καὶ ἐπέφραδεν ὄργια πᾶσι,",tlg0013.tlg002.perseus-grc2.xml
Hymn 2,tlg002,1,477,"Τριπτολέμῳ τε Πολυξείνῳ, ἐπὶ τοῖς δὲ Διοκλεῖ","Τριπτολέμῳ τε Πολυξείνῳ, ἐπὶ τοῖς δὲ Διοκλεῖ",tlg0013.tlg002.perseus-grc2.xml
Hymn 2,tlg002,1,478,"σεμνά, τά τʼ οὔπως ἔστι παρεξίμεν οὔτε πυθέσθαι","σεμνά, τά τ’ οὔπως ἔστι παρεξίμεν οὔτε πυθέσθαι",tlg0013.tlg002.perseus-grc2.xml
Hymn 2,tlg002,1,479,οὔτʼ ἀχέειν· μέγα γάρ τι θεῶν σέβας ἰσχάνει αὐδήν.,οὔτ’ ἀχέειν· μέγα γάρ τι θεῶν σέβας ἰσχάνει αὐδήν.,tlg0013.tlg002.perseus-grc2.xml
Hymn 2,tlg002,1,480,"ὄλβιος, ὃς τάδʼ ὄπωπεν ἐπιχθονίων ἀνθρώπων·","ὄλβιος, ὃς τάδ’ ὄπωπεν ἐπιχθονίων ἀνθρώπων·",tlg0013.tlg002.perseus-grc2.xml
Hymn 2,tlg002,1,481,"ὃς δʼ ἀτελὴς ἱερῶν ὅς τʼ ἄμμορος, οὔποθʼ ὁμοίων","ὃς δ’ ἀτελὴς ἱερῶν ὅς τ’ ἄμμορος, οὔποθ’ ὁμοίων",tlg0013.tlg002.perseus-grc2.xml
Hymn 2,tlg002,1,482,αἶσαν ἔχει φθίμενός περ ὑπὸ ζόφῳ ἠερόεντι.,αἶσαν ἔχει φθίμενός περ ὑπὸ ζόφῳ ἠερόεντι.,tlg0013.tlg002.perseus-grc2.xml
Hymn 2,tlg002,1,483,"αὐτὰρ ἐπειδὴ πάνθʼ ὑπεθήκατο δῖα θεάων,","αὐτὰρ ἐπειδὴ πάνθ’ ὑπεθήκατο δῖα θεάων,",tlg0013.tlg002.perseus-grc2.xml
Hymn 2,tlg002,1,484,βάν ῥʼ ἴμεν Οὔλυμπόνδε θεῶν μεθʼ ὁμήγυριν ἄλλων.,βάν ῥ’ ἴμεν Οὔλυμπόνδε θεῶν μεθ’ ὁμήγυριν ἄλλων.,tlg0013.tlg002.perseus-grc2.xml
Hymn 2,tlg002,1,485,ἔνθα δὲ ναιετάουσι παραὶ Διὶ τερπικεραύνῳ,ἔνθα δὲ ναιετάουσι παραὶ Διὶ τερπικεραύνῳ,tlg0013.tlg002.perseus-grc2.xml
Hymn 2,tlg002,1,486,"σεμναί τʼ αἰδοῖαι τε· μέγʼ ὄλβιος, ὅν τινʼ ἐκεῖναι","σεμναί τ’ αἰδοῖαι τε· μέγ’ ὄλβιος, ὅν τιν’ ἐκεῖναι",tlg0013.tlg002.perseus-grc2.xml
Hymn 2,tlg002,1,487,προφρονέως φίλωνται ἐπιχθονίων ἀνθρώπων·,προφρονέως φίλωνται ἐπιχθονίων ἀνθρώπων·,tlg0013.tlg002.perseus-grc2.xml
Hymn 2,tlg002,1,488,αἶψα δέ οἱ πέμπουσιν ἐφέστιον ἐς μέγα δῶμα,αἶψα δέ οἱ πέμπουσιν ἐφέστιον ἐς μέγα δῶμα,tlg0013.tlg002.perseus-grc2.xml
Hymn 2,tlg002,1,489,"Πλοῦτον, ὃς ἀνθρώποις ἄφενος θνητοῖσι δίδωσιν.","Πλοῦτον, ὃς ἀνθρώποις ἄφενος θνητοῖσι δίδωσιν.",tlg0013.tlg002.perseus-grc2.xml
Hymn 2,tlg002,1,490,ἀλλʼ ἄγʼ Ἐλευσῖνος θυοέσσης δῆμον ἔχουσα,ἀλλ’ ἄγ’ Ἐλευσῖνος θυοέσσης δῆμον ἔχουσα,tlg0013.tlg002.perseus-grc2.xml
Hymn 2,tlg002,1,491,"καὶ Πάρον ἀμφιρύτην Ἀντρῶνά τε πετρήεντα,","καὶ Πάρον ἀμφιρύτην Ἀντρῶνά τε πετρήεντα,",tlg0013.tlg002.perseus-grc2.xml
Hymn 2,tlg002,1,492,"πότνια, ἀγλαόδωρʼ, ὡρηφόρε, Δηοῖ ἄνασσα,","πότνια, ἀγλαόδωρ’, ὡρηφόρε, Δηοῖ ἄνασσα,",tlg0013.tlg002.perseus-grc2.xml
Hymn 2,tlg002,1,493,αὐτὴ καὶ κούρη περικαλλὴς Περσεφόνεια·,αὐτὴ καὶ κούρη περικαλλὴς Περσεφόνεια·,tlg0013.tlg002.perseus-grc2.xml
Hymn 2,tlg002,1,494,πρόφρονες ἀντʼ ᾠδῆς βίοτον θυμήρεʼ ὄπαζε.,πρόφρονες ἀντ’ ᾠδῆς βίοτον θυμήρε’ ὄπαζε.,tlg0013.tlg002.perseus-grc2.xml
Hymn 2,tlg002,1,495,αὐτὰρ ἐγὼ καὶ σεῖο καὶ ἄλλης μνήσομʼ ἀοιδῆς.,αὐτὰρ ἐγὼ καὶ σεῖο καὶ ἄλλης μνήσομ’ ἀοιδῆς.,tlg0013.tlg002.perseus-grc2.xml
Hymn 3,tlg003,1,1,"μνήσομαι οὐδὲ λάθωμαι Ἀπόλλωνος ἑκάτοιο,","μνήσομαι οὐδὲ λάθωμαι Ἀπόλλωνος ἑκάτοιο,",tlg0013.tlg003.perseus-grc2.xml
Hymn 3,tlg003,1,2,ὅντε θεοὶ κατὰ δῶμα Διὸς τρομέουσιν ἰόντα·,ὅντε θεοὶ κατὰ δῶμα Διὸς τρομέουσιν ἰόντα·,tlg0013.tlg003.perseus-grc2.xml
Hymn 3,tlg003,1,3,καί ῥά τʼ ἀναΐσσουσιν ἐπὶ σχεδὸν ἐρχομένοιο,καί ῥά τ’ ἀναΐσσουσιν ἐπὶ σχεδὸν ἐρχομένοιο,tlg0013.tlg003.perseus-grc2.xml
Hymn 3,tlg003,1,4,"πάντες ἀφʼ ἑδράων, ὅτε φαίδιμα τόξα τιταίνει.","πάντες ἀφ’ ἑδράων, ὅτε φαίδιμα τόξα τιταίνει.",tlg0013.tlg003.perseus-grc2.xml
Hymn 3,tlg003,1,5,"Λητὼ δʼ οἴη μίμνε παραὶ Διὶ τερπικεραύνῳ,","Λητὼ δ’ οἴη μίμνε παραὶ Διὶ τερπικεραύνῳ,",tlg0013.tlg003.perseus-grc2.xml
Hymn 3,tlg003,1,6,"ἥ ῥα βιόν τʼ ἐχάλασσε καὶ ἐκλήισσε φαρέτρην,","ἥ ῥα βιόν τ’ ἐχάλασσε καὶ ἐκλήισσε φαρέτρην,",tlg0013.tlg003.perseus-grc2.xml
Hymn 3,tlg003,1,7,καί οἱ ἀπʼ ἰφθίμων ὤμων χείρεσσιν ἑλοῦσα,καί οἱ ἀπ’ ἰφθίμων ὤμων χείρεσσιν ἑλοῦσα,tlg0013.tlg003.perseus-grc2.xml
Hymn 3,tlg003,1,8,τόξα κατεκρέμασε πρὸς κίονα πατρὸς ἑοῖο,τόξα κατεκρέμασε πρὸς κίονα πατρὸς ἑοῖο,tlg0013.tlg003.perseus-grc2.xml
Hymn 3,tlg003,1,9,πασσάλου ἐκ χρυσέου· τὸν δʼ ἐς θρόνον εἷσεν ἄγουσα.,πασσάλου ἐκ χρυσέου· τὸν δ’ ἐς θρόνον εἷσεν ἄγουσα.,tlg0013.tlg003.perseus-grc2.xml
Hymn 3,tlg003,1,10,τῷ δʼ ἄρα νέκταρ ἔδωκε πατὴρ δέπαϊ χρυσείῳ,τῷ δ’ ἄρα νέκταρ ἔδωκε πατὴρ δέπαϊ χρυσείῳ,tlg0013.tlg003.perseus-grc2.xml
Hymn 3,tlg003,1,11,δεικνύμενος φίλον υἱόν· ἔπειτα δὲ δαίμονες ἄλλοι,δεικνύμενος φίλον υἱόν· ἔπειτα δὲ δαίμονες ἄλλοι,tlg0013.tlg003.perseus-grc2.xml
Hymn 3,tlg003,1,12,"ἔνθα καθίζουσιν· χαίρει δέ τε πότνια Λητώ,","ἔνθα καθίζουσιν· χαίρει δέ τε πότνια Λητώ,",tlg0013.tlg003.perseus-grc2.xml
Hymn 3,tlg003,1,13,οὕνεκα τοξοφόρον καὶ καρτερὸν υἱὸν ἔτικτε.,οὕνεκα τοξοφόρον καὶ καρτερὸν υἱὸν ἔτικτε.,tlg0013.tlg003.perseus-grc2.xml
Hymn 3,tlg003,1,14,"χαῖρε, μάκαιρʼ ὦ Λητοῖ, ἐπεὶ τέκες ἀγλαὰ τέκνα,","χαῖρε, μάκαιρ’ ὦ Λητοῖ, ἐπεὶ τέκες ἀγλαὰ τέκνα,",tlg0013.tlg003.perseus-grc2.xml
Hymn 3,tlg003,1,15,"Ἀπόλλωνά τʼ ἄνακτα καὶ Ἄρτεμιν ἰοχέαιραν,","Ἀπόλλωνά τ’ ἄνακτα καὶ Ἄρτεμιν ἰοχέαιραν,",tlg0013.tlg003.perseus-grc2.xml
Hymn 3,tlg003,1,16,"τὴν μὲν ἐν Ὀρτυγίῃ, τὸν δὲ κραναῇ ἐνὶ Δήλῳ,","τὴν μὲν ἐν Ὀρτυγίῃ, τὸν δὲ κραναῇ ἐνὶ Δήλῳ,",tlg0013.tlg003.perseus-grc2.xml
Hymn 3,tlg003,1,17,"κεκλιμένη πρὸς μακρὸν ὄρος καὶ Κύνθιον ὄχθον,","κεκλιμένη πρὸς μακρὸν ὄρος καὶ Κύνθιον ὄχθον,",tlg0013.tlg003.perseus-grc2.xml
Hymn 3,tlg003,1,18,"ἀγχοτάτω φοίνικος, ἐπʼ Ἰνωποῖο ῥεέθροις.","ἀγχοτάτω φοίνικος, ἐπ’ Ἰνωποῖο ῥεέθροις.",tlg0013.tlg003.perseus-grc2.xml
Hymn 3,tlg003,1,19,πῶς τʼ ἄρ σʼ ὑμνήσω πάντως εὔυμνον ἐόντα;,πῶς τ’ ἄρ σ’ ὑμνήσω πάντως εὔυμνον ἐόντα;,tlg0013.tlg003.perseus-grc2.xml
Hymn 3,tlg003,1,20,"πάντη γάρ τοι, Φοῖβε, νόμοι βεβλήατʼ ἀοιδῆς,","πάντη γάρ τοι, Φοῖβε, νόμοι βεβλήατ’ ἀοιδῆς,",tlg0013.tlg003.perseus-grc2.xml
Hymn 3,tlg003,1,21,ἠμὲν ἀνʼ ἤπειρον πορτιτρόφον ἠδʼ ἀνὰ νήσους·,ἠμὲν ἀν’ ἤπειρον πορτιτρόφον ἠδ’ ἀνὰ νήσους·,tlg0013.tlg003.perseus-grc2.xml
Hymn 3,tlg003,1,22,πᾶσαι δὲ σκοπιαί τοι ἅδον καὶ πρώονες ἄκροι,πᾶσαι δὲ σκοπιαί τοι ἅδον καὶ πρώονες ἄκροι,tlg0013.tlg003.perseus-grc2.xml
Hymn 3,tlg003,1,23,ὑψηλῶν ὀρέων ποταμοί θʼ ἅλαδε προρέοντες,ὑψηλῶν ὀρέων ποταμοί θ’ ἅλαδε προρέοντες,tlg0013.tlg003.perseus-grc2.xml
Hymn 3,tlg003,1,24,ἀκταί τʼ εἰς ἅλα κεκλιμέναι λιμένες τε θαλάσσης.,ἀκταί τ’ εἰς ἅλα κεκλιμέναι λιμένες τε θαλάσσης.,tlg0013.tlg003.perseus-grc2.xml
Hymn 3,tlg003,1,25,"ἦ ὥς σε πρῶτον Λητὼ τέκε, χάρμα βροτοῖσι,","ἦ ὥς σε πρῶτον Λητὼ τέκε, χάρμα βροτοῖσι,",tlg0013.tlg003.perseus-grc2.xml
Hymn 3,tlg003,1,26,"κλινθεῖσα πρὸς Κύνθου ὄρος κραναῇ ἐνὶ νήσῳ,","κλινθεῖσα πρὸς Κύνθου ὄρος κραναῇ ἐνὶ νήσῳ,",tlg0013.tlg003.perseus-grc2.xml
Hymn 3,tlg003,1,27,Δήλῳ ἐν ἀμφιρύτῃ; ἑκάτερθε δὲ κῦμα κελαινὸν,Δήλῳ ἐν ἀμφιρύτῃ; ἑκάτερθε δὲ κῦμα κελαινὸν,tlg0013.tlg003.perseus-grc2.xml
Hymn 3,tlg003,1,28,"ἐξῄει χέρσονδε λιγυπνοίοις ἀνέμοισιν,","ἐξῄει χέρσονδε λιγυπνοίοις ἀνέμοισιν,",tlg0013.tlg003.perseus-grc2.xml
Hymn 3,tlg003,1,29,ἔνθεν ἀπορνύμενος πᾶσι θνητοῖσιν ἀνάσσεις.,ἔνθεν ἀπορνύμενος πᾶσι θνητοῖσιν ἀνάσσεις.,tlg0013.tlg003.perseus-grc2.xml
Hymn 3,tlg003,1,30,ὅσσους Κρήτη τʼ ἐντὸς ἔχει καὶ δῆμος Ἀθηνῶν,ὅσσους Κρήτη τ’ ἐντὸς ἔχει καὶ δῆμος Ἀθηνῶν,tlg0013.tlg003.perseus-grc2.xml
Hymn 3,tlg003,1,31,"νῆσός τʼ Αἰγίνη ναυσικλειτή τʼ Εὔβοια,","νῆσός τ’ Αἰγίνη ναυσικλειτή τ’ Εὔβοια,",tlg0013.tlg003.perseus-grc2.xml
Hymn 3,tlg003,1,32,"Αἰγαί, Πειρεσίαι τε καὶ ἀγχιάλη Πεπάρηθος","Αἰγαί, Πειρεσίαι τε καὶ ἀγχιάλη Πεπάρηθος",tlg0013.tlg003.perseus-grc2.xml
Hymn 3,tlg003,1,33,Θρηίκιός τʼ Ἀθόως καὶ Πηλίου ἄκρα κάρηνα,Θρηίκιός τ’ Ἀθόως καὶ Πηλίου ἄκρα κάρηνα,tlg0013.tlg003.perseus-grc2.xml
Hymn 3,tlg003,1,34,"Θρηικίη τε Σάμος Ἴδης τʼ ὄρεα σκιόεντα,","Θρηικίη τε Σάμος Ἴδης τ’ ὄρεα σκιόεντα,",tlg0013.tlg003.perseus-grc2.xml
Hymn 3,tlg003,1,35,"Σκῦρος καὶ Φώκαια καὶ Αὐτοκάνης ὄρος αἰπύ,","Σκῦρος καὶ Φώκαια καὶ Αὐτοκάνης ὄρος αἰπύ,",tlg0013.tlg003.perseus-grc2.xml
Hymn 3,tlg003,1,36,Ἴμβρος τʼ εὐκτιμένη καὶ Λῆμνος ἀμιχθαλόεσσα,Ἴμβρος τ’ εὐκτιμένη καὶ Λῆμνος ἀμιχθαλόεσσα,tlg0013.tlg003.perseus-grc2.xml
Hymn 3,tlg003,1,37,"Λέσβος τʼ ἠγαθέη, Μάκαρος ἕδος Αἰολίωνος,","Λέσβος τ’ ἠγαθέη, Μάκαρος ἕδος Αἰολίωνος,",tlg0013.tlg003.perseus-grc2.xml
Hymn 3,tlg003,1,38,"καὶ Χίος, ἣ νήσων λιπαρωτάτη εἰν ἁλὶ κεῖται,","καὶ Χίος, ἣ νήσων λιπαρωτάτη εἰν ἁλὶ κεῖται,",tlg0013.tlg003.perseus-grc2.xml
Hymn 3,tlg003,1,39,παιπαλόεις τε Μίμας καὶ Κωρύκου ἄκρα κάρηνα,παιπαλόεις τε Μίμας καὶ Κωρύκου ἄκρα κάρηνα,tlg0013.tlg003.perseus-grc2.xml
Hymn 3,tlg003,1,40,καὶ Κλάρος αἰγλήεσσα καὶ Αἰσαγέης ὄρος αἰπὺ,καὶ Κλάρος αἰγλήεσσα καὶ Αἰσαγέης ὄρος αἰπὺ,tlg0013.tlg003.perseus-grc2.xml
Hymn 3,tlg003,1,41,καὶ Σάμος ὑδρηλὴ Μυκάλης τʼ αἰπεινὰ κάρηνα,καὶ Σάμος ὑδρηλὴ Μυκάλης τ’ αἰπεινὰ κάρηνα,tlg0013.tlg003.perseus-grc2.xml
Hymn 3,tlg003,1,42,"Μίλητός τε Κόως τε, πόλις Μερόπων ἀνθρώπων,","Μίλητός τε Κόως τε, πόλις Μερόπων ἀνθρώπων,",tlg0013.tlg003.perseus-grc2.xml
Hymn 3,tlg003,1,43,καὶ Κνίδος αἰπεινὴ καὶ Κάρπαθος ἠνεμόεσσα,καὶ Κνίδος αἰπεινὴ καὶ Κάρπαθος ἠνεμόεσσα,tlg0013.tlg003.perseus-grc2.xml
Hymn 3,tlg003,1,44,"Νάξος τʼ ἠδὲ Πάρος Ῥήναιά τε πετρήεσσα,","Νάξος τ’ ἠδὲ Πάρος Ῥήναιά τε πετρήεσσα,",tlg0013.tlg003.perseus-grc2.xml
Hymn 3,tlg003,1,45,"τόσσον ἔπʼ ὠδίνουσα Ἑκηβόλον ἵκετο Λητώ,","τόσσον ἔπ’ ὠδίνουσα Ἑκηβόλον ἵκετο Λητώ,",tlg0013.tlg003.perseus-grc2.xml
Hymn 3,tlg003,1,46,εἴ τίς οἱ γαιέων υἱεῖ θέλοι οἰκία θέσθαι.,εἴ τίς οἱ γαιέων υἱεῖ θέλοι οἰκία θέσθαι.,tlg0013.tlg003.perseus-grc2.xml
Hymn 3,tlg003,1,47,"αἳ δὲ μάλʼ ἐτρόμεον καὶ ἐδείδισαν, οὐδέ τις ἔτλη","αἳ δὲ μάλ’ ἐτρόμεον καὶ ἐδείδισαν, οὐδέ τις ἔτλη",tlg0013.tlg003.perseus-grc2.xml
Hymn 3,tlg003,1,48,"Φοῖβον δέξασθαι, καὶ πιοτέρη περ ἐοῦσα·","Φοῖβον δέξασθαι, καὶ πιοτέρη περ ἐοῦσα·",tlg0013.tlg003.perseus-grc2.xml
Hymn 3,tlg003,1,49,πρίν γʼ ὅτε δή ῥʼ ἐπὶ Δήλου ἐβήσατο πότνια Λητὼ,πρίν γ’ ὅτε δή ῥ’ ἐπὶ Δήλου ἐβήσατο πότνια Λητὼ,tlg0013.tlg003.perseus-grc2.xml
Hymn 3,tlg003,1,50,καί μιν ἀνειρομένη ἔπεα πτερόεντα προσηύδα·,καί μιν ἀνειρομένη ἔπεα πτερόεντα προσηύδα·,tlg0013.tlg003.perseus-grc2.xml
Hymn 3,tlg003,1,51,"δῆλʼ, εἰ γάρ κʼ ἐθέλοις ἕδος ἔμμεναι υἷος ἐμοῖο,","δῆλ’, εἰ γάρ κ’ ἐθέλοις ἕδος ἔμμεναι υἷος ἐμοῖο,",tlg0013.tlg003.perseus-grc2.xml
Hymn 3,tlg003,1,52,"Φοίβου Ἀπόλλωνος, θέσθαι τʼ ἔνι πίονα νηόν, —","Φοίβου Ἀπόλλωνος, θέσθαι τ’ ἔνι πίονα νηόν, —",tlg0013.tlg003.perseus-grc2.xml
Hymn 3,tlg003,1,53,"ἄλλος δʼ οὔτις σεῖό ποθʼ ἅψεται, οὐδέ σε λήσει·","ἄλλος δ’ οὔτις σεῖό ποθ’ ἅψεται, οὐδέ σε λήσει·",tlg0013.tlg003.perseus-grc2.xml
Hymn 3,tlg003,1,54,"οὐδʼ εὔβων σέ γʼ ἔσεσθαι ὀίομαι οὔτʼ εὔμηλον,","οὐδ’ εὔβων σέ γ’ ἔσεσθαι ὀίομαι οὔτ’ εὔμηλον,",tlg0013.tlg003.perseus-grc2.xml
Hymn 3,tlg003,1,55,οὐδὲ τρύγην οἴσεις οὔτʼ ἂρ φυτὰ μυρία φύσεις.,οὐδὲ τρύγην οἴσεις οὔτ’ ἂρ φυτὰ μυρία φύσεις.,tlg0013.tlg003.perseus-grc2.xml
Hymn 3,tlg003,1,56,"εἰ δέ κʼ Ἀπόλλωνος ἑκαέργου νηὸν ἔχῃσθα,","εἰ δέ κ’ Ἀπόλλωνος ἑκαέργου νηὸν ἔχῃσθα,",tlg0013.tlg003.perseus-grc2.xml
Hymn 3,tlg003,1,57,ἄνθρωποί τοι πάντες ἀγινήσουσʼ ἑκατόμβας,ἄνθρωποί τοι πάντες ἀγινήσουσ’ ἑκατόμβας,tlg0013.tlg003.perseus-grc2.xml
Hymn 3,tlg003,1,58,"ἐνθάδʼ ἀγειρόμενοι, κνίσση δέ τοι ἄσπετος αἰεὶ","ἐνθάδ’ ἀγειρόμενοι, κνίσση δέ τοι ἄσπετος αἰεὶ",tlg0013.tlg003.perseus-grc2.xml
Hymn 3,tlg003,1,59,δημοῦ ἀναΐξει βοσκήσεις θʼ οἵ κέ σʼ ἔχωσι,δημοῦ ἀναΐξει βοσκήσεις θ’ οἵ κέ σ’ ἔχωσι,tlg0013.tlg003.perseus-grc2.xml
Hymn 3,tlg003,1,60,"χειρὸς ἀπʼ ἀλλοτρίης, ἐπεὶ οὔ τοι πῖαρ ὑπʼ οὖδας.","χειρὸς ἀπ’ ἀλλοτρίης, ἐπεὶ οὔ τοι πῖαρ ὑπ’ οὖδας.",tlg0013.tlg003.perseus-grc2.xml
Hymn 3,tlg003,1,61,"ὣς φάτο· χαῖρε δὲ Δῆλος, ἀμειβομένη δὲ προσηύδα·","ὣς φάτο· χαῖρε δὲ Δῆλος, ἀμειβομένη δὲ προσηύδα·",tlg0013.tlg003.perseus-grc2.xml
Hymn 3,tlg003,1,62,"Λητοῖ, κυδίστη θύγατερ μεγάλου Κοίοιο,","Λητοῖ, κυδίστη θύγατερ μεγάλου Κοίοιο,",tlg0013.tlg003.perseus-grc2.xml
Hymn 3,tlg003,1,63,ἀσπασίη κεν ἐγώ γε γονὴν ἑκάτοιο ἄνακτος,ἀσπασίη κεν ἐγώ γε γονὴν ἑκάτοιο ἄνακτος,tlg0013.tlg003.perseus-grc2.xml
Hymn 3,tlg003,1,64,δεξαίμην· αἰνῶς γὰρ ἐτήτυμόν εἰμι δυσηχὴς,δεξαίμην· αἰνῶς γὰρ ἐτήτυμόν εἰμι δυσηχὴς,tlg0013.tlg003.perseus-grc2.xml
Hymn 3,tlg003,1,65,ἀνδράσιν· ὧδε δέ κεν περιτιμήεσσα γενοίμην.,ἀνδράσιν· ὧδε δέ κεν περιτιμήεσσα γενοίμην.,tlg0013.tlg003.perseus-grc2.xml
Hymn 3,tlg003,1,66,"ἀλλὰ τόδε τρομέω, Λητοῖ, ἔπος, οὐδέ σε κεύσω·","ἀλλὰ τόδε τρομέω, Λητοῖ, ἔπος, οὐδέ σε κεύσω·",tlg0013.tlg003.perseus-grc2.xml
Hymn 3,tlg003,1,67,λίην γάρ τινά φασιν ἀτάσθαλον Ἀπόλλωνα,λίην γάρ τινά φασιν ἀτάσθαλον Ἀπόλλωνα,tlg0013.tlg003.perseus-grc2.xml
Hymn 3,tlg003,1,68,"ἔσσεσθαι, μέγα δὲ πρυτανευσέμεν ἀθανάτοισι","ἔσσεσθαι, μέγα δὲ πρυτανευσέμεν ἀθανάτοισι",tlg0013.tlg003.perseus-grc2.xml
Hymn 3,tlg003,1,69,καὶ θνητοῖσι βροτοῖσιν ἐπὶ ζείδωρον ἄρουραν.,καὶ θνητοῖσι βροτοῖσιν ἐπὶ ζείδωρον ἄρουραν.,tlg0013.tlg003.perseus-grc2.xml
Hymn 3,tlg003,1,70,"τῷ ῥʼ αἰνῶς δείδοικα κατὰ φρένα καὶ κατὰ θυμόν,","τῷ ῥ’ αἰνῶς δείδοικα κατὰ φρένα καὶ κατὰ θυμόν,",tlg0013.tlg003.perseus-grc2.xml
Hymn 3,tlg003,1,71,"μή, ὁπότʼ ἂν τὸ πρῶτον ἴδῃ φάος ἠελίοιο,","μή, ὁπότ’ ἂν τὸ πρῶτον ἴδῃ φάος ἠελίοιο,",tlg0013.tlg003.perseus-grc2.xml
Hymn 3,tlg003,1,72,"νῆσον ἀτιμήσας, ἐπεὶ ἦ κραναήπεδός εἰμι,","νῆσον ἀτιμήσας, ἐπεὶ ἦ κραναήπεδός εἰμι,",tlg0013.tlg003.perseus-grc2.xml
Hymn 3,tlg003,1,73,"ποσσὶ καταστρέψας ὤσῃ ἁλὸς ἐν πελάγεσσιν,","ποσσὶ καταστρέψας ὤσῃ ἁλὸς ἐν πελάγεσσιν,",tlg0013.tlg003.perseus-grc2.xml
Hymn 3,tlg003,1,74,ἔνθʼ ἐμὲ μὲν μέγα κῦμα κατὰ κρατὸς ἅλις αἰεὶ,ἔνθ’ ἐμὲ μὲν μέγα κῦμα κατὰ κρατὸς ἅλις αἰεὶ,tlg0013.tlg003.perseus-grc2.xml
Hymn 3,tlg003,1,75,"κλύσσει· ὃ δʼ ἄλλην γαῖαν ἀφίξεται, ἥ κεν ἅδῃ οἱ,","κλύσσει· ὃ δ’ ἄλλην γαῖαν ἀφίξεται, ἥ κεν ἅδῃ οἱ,",tlg0013.tlg003.perseus-grc2.xml
Hymn 3,tlg003,1,76,τεύξασθαι νηόν τε καὶ ἄλσεα δενδρήεντα·,τεύξασθαι νηόν τε καὶ ἄλσεα δενδρήεντα·,tlg0013.tlg003.perseus-grc2.xml
Hymn 3,tlg003,1,77,πουλύποδες δʼ ἐν ἐμοὶ θαλάμας φῶκαί τε μέλαιναι,πουλύποδες δ’ ἐν ἐμοὶ θαλάμας φῶκαί τε μέλαιναι,tlg0013.tlg003.perseus-grc2.xml
Hymn 3,tlg003,1,78,"οἰκία ποιήσονται ἀκηδέα, χήτεϊ λαῶν.","οἰκία ποιήσονται ἀκηδέα, χήτεϊ λαῶν.",tlg0013.tlg003.perseus-grc2.xml
Hymn 3,tlg003,1,79,"ἀλλʼ εἴ μοι τλαίης γε, θεά, μέγαν ὅρκον ὀμόσσαι,","ἀλλ’ εἴ μοι τλαίης γε, θεά, μέγαν ὅρκον ὀμόσσαι,",tlg0013.tlg003.perseus-grc2.xml
Hymn 3,tlg003,1,80,ἐνθάδε μιν πρῶτον τεύξειν περικαλλέα νηὸν,ἐνθάδε μιν πρῶτον τεύξειν περικαλλέα νηὸν,tlg0013.tlg003.perseus-grc2.xml
Hymn 3,tlg003,1,81,"ἔμμεναι ἀνθρώπων χρηστήριον, αὐτὰρ ἔπειτα","ἔμμεναι ἀνθρώπων χρηστήριον, αὐτὰρ ἔπειτα",tlg0013.tlg003.perseus-grc2.xml
Hymn 3,tlg003,1,81a,τεύξασθαι νηούς τε καὶ ἄλσεα δενδρηέντα,τεύξασθαι νηούς τε καὶ ἄλσεα δενδρηέντα,tlg0013.tlg003.perseus-grc2.xml
Hymn 3,tlg003,1,82,"πάντας ἐπʼ ἀνθρώπους, ἐπεὶ ἦ πολυώνυμος ἔσται.","πάντας ἐπ’ ἀνθρώπους, ἐπεὶ ἦ πολυώνυμος ἔσται.",tlg0013.tlg003.perseus-grc2.xml
Hymn 3,tlg003,1,83,ὣς ἄρ ἔφη· Λητὼ δὲ θεῶν μέγαν ὅρκον ὄμοσσε·,ὣς ἄρ ἔφη· Λητὼ δὲ θεῶν μέγαν ὅρκον ὄμοσσε·,tlg0013.tlg003.perseus-grc2.xml
Hymn 3,tlg003,1,84,ἴστω νῦν τάδε Γαῖα καὶ Οὐρανὸς εὐρὺς ὕπερθεν,ἴστω νῦν τάδε Γαῖα καὶ Οὐρανὸς εὐρὺς ὕπερθεν,tlg0013.tlg003.perseus-grc2.xml
Hymn 3,tlg003,1,85,"καὶ τὸ κατειβόμενον Στυγὸς ὕδωρ, ὅστε μέγιστος","καὶ τὸ κατειβόμενον Στυγὸς ὕδωρ, ὅστε μέγιστος",tlg0013.tlg003.perseus-grc2.xml
Hymn 3,tlg003,1,86,ὅρκος δεινότατός τε πέλει μακάρεσσι θεοῖσιν·,ὅρκος δεινότατός τε πέλει μακάρεσσι θεοῖσιν·,tlg0013.tlg003.perseus-grc2.xml
Hymn 3,tlg003,1,87,ἦ μὴν Φοίβου τῇδε θυώδης ἔσσεται αἰεὶ,ἦ μὴν Φοίβου τῇδε θυώδης ἔσσεται αἰεὶ,tlg0013.tlg003.perseus-grc2.xml
Hymn 3,tlg003,1,88,"βωμὸς καὶ τέμενος, τίσει δέ σέ γʼ ἔξοχα πάντων.","βωμὸς καὶ τέμενος, τίσει δέ σέ γ’ ἔξοχα πάντων.",tlg0013.tlg003.perseus-grc2.xml
Hymn 3,tlg003,1,89,"αὐτὰρ ἐπεί ῥʼ ὄμοσέν τε τελεύτησέν τε τὸν ὅρκον,","αὐτὰρ ἐπεί ῥ’ ὄμοσέν τε τελεύτησέν τε τὸν ὅρκον,",tlg0013.tlg003.perseus-grc2.xml
Hymn 3,tlg003,1,90,Δῆλος μὲν μάλα χαῖρε γονῇ ἑκάτοιο ἄνακτος·,Δῆλος μὲν μάλα χαῖρε γονῇ ἑκάτοιο ἄνακτος·,tlg0013.tlg003.perseus-grc2.xml
Hymn 3,tlg003,1,91,Λητὼ δʼ ἐννῆμάρ τε καὶ ἐννέα νύκτας ἀέλπτοις,Λητὼ δ’ ἐννῆμάρ τε καὶ ἐννέα νύκτας ἀέλπτοις,tlg0013.tlg003.perseus-grc2.xml
Hymn 3,tlg003,1,92,"ὠδίνεσσι πέπαρτο. θεαὶ δʼ ἔσαν ἔνδοθι πᾶσαι,","ὠδίνεσσι πέπαρτο. θεαὶ δ’ ἔσαν ἔνδοθι πᾶσαι,",tlg0013.tlg003.perseus-grc2.xml
Hymn 3,tlg003,1,93,"ὅσσαι ἄρισται ἔασι, Διώνη τε Ῥείη τε","ὅσσαι ἄρισται ἔασι, Διώνη τε Ῥείη τε",tlg0013.tlg003.perseus-grc2.xml
Hymn 3,tlg003,1,94,Ἰχναίη τε Θέμις καὶ ἀγάστονος Ἀμφιτρίτη,Ἰχναίη τε Θέμις καὶ ἀγάστονος Ἀμφιτρίτη,tlg0013.tlg003.perseus-grc2.xml
Hymn 3,tlg003,1,95,ἄλλαι τʼ ἀθάναται νόσφιν λευκωλένου Ἥρης·,ἄλλαι τ’ ἀθάναται νόσφιν λευκωλένου Ἥρης·,tlg0013.tlg003.perseus-grc2.xml
Hymn 3,tlg003,1,96,ἧστο γὰρ ἐν μεγάροισι Διὸς νεφεληγερέταο·,ἧστο γὰρ ἐν μεγάροισι Διὸς νεφεληγερέταο·,tlg0013.tlg003.perseus-grc2.xml
Hymn 3,tlg003,1,97,μούνη δʼ οὐκ ἐπέπυστο μογοστόκος Εἰλείθυια·,μούνη δ’ οὐκ ἐπέπυστο μογοστόκος Εἰλείθυια·,tlg0013.tlg003.perseus-grc2.xml
Hymn 3,tlg003,1,98,"ἧστο γὰρ ἄκρῳ Ὀλύμπῳ ὑπὸ χρυσέοισι νέφεσσιν,","ἧστο γὰρ ἄκρῳ Ὀλύμπῳ ὑπὸ χρυσέοισι νέφεσσιν,",tlg0013.tlg003.perseus-grc2.xml
Hymn 3,tlg003,1,99,"Ἥρης φραδμοσύνης λευκωλένου, ἥ μιν ἔρυκε","Ἥρης φραδμοσύνης λευκωλένου, ἥ μιν ἔρυκε",tlg0013.tlg003.perseus-grc2.xml
Hymn 3,tlg003,1,100,"ζηλοσύνῃ, ὅτʼ ἄρʼ υἱὸν ἀμύμονά τε κρατερόν τε","ζηλοσύνῃ, ὅτ’ ἄρ’ υἱὸν ἀμύμονά τε κρατερόν τε",tlg0013.tlg003.perseus-grc2.xml
Hymn 3,tlg003,1,101,Λητὼ τέξεσθαι καλλιπλόκαμος τότʼ ἔμελλεν.,Λητὼ τέξεσθαι καλλιπλόκαμος τότ’ ἔμελλεν.,tlg0013.tlg003.perseus-grc2.xml
Hymn 3,tlg003,1,102,"αἳ δʼ Ἶριν προὔπεμψαν ἐυκτιμένης ἀπὸ νήσου,","αἳ δ’ Ἶριν προὔπεμψαν ἐυκτιμένης ἀπὸ νήσου,",tlg0013.tlg003.perseus-grc2.xml
Hymn 3,tlg003,1,103,"ἀξέμεν Εἰλείθυιαν, ὑποσχόμεναι μέγαν ὅρμον,","ἀξέμεν Εἰλείθυιαν, ὑποσχόμεναι μέγαν ὅρμον,",tlg0013.tlg003.perseus-grc2.xml
Hymn 3,tlg003,1,104,"χρυσείοισι λίνοισιν ἐερμένον, ἐννεάπηχυν·","χρυσείοισι λίνοισιν ἐερμένον, ἐννεάπηχυν·",tlg0013.tlg003.perseus-grc2.xml
Hymn 3,tlg003,1,105,"νόσφιν δʼ ἤνωγον καλέειν λευκωλένου Ἥρης,","νόσφιν δ’ ἤνωγον καλέειν λευκωλένου Ἥρης,",tlg0013.tlg003.perseus-grc2.xml
Hymn 3,tlg003,1,106,νή μιν ἔπειτʼ ἐπέεσσιν ἀποστρέψειεν ἰοῦσαν.,νή μιν ἔπειτ’ ἐπέεσσιν ἀποστρέψειεν ἰοῦσαν.,tlg0013.tlg003.perseus-grc2.xml
Hymn 3,tlg003,1,107,"αὐτὰρ ἐπεὶ τό γʼ ἄκουσε ποδήνεμος ὠκέα Ἶρις,","αὐτὰρ ἐπεὶ τό γ’ ἄκουσε ποδήνεμος ὠκέα Ἶρις,",tlg0013.tlg003.perseus-grc2.xml
Hymn 3,tlg003,1,108,"βῆ ῥα θέειν, ταχέως δὲ διήνυσε πᾶν τὸ μεσηγύ.","βῆ ῥα θέειν, ταχέως δὲ διήνυσε πᾶν τὸ μεσηγύ.",tlg0013.tlg003.perseus-grc2.xml
Hymn 3,tlg003,1,109,"αὐτὰρ ἐπεί ῥʼ ἵκανε θεῶν ἕδος, αἰπὺν Ὄλυμπον,","αὐτὰρ ἐπεί ῥ’ ἵκανε θεῶν ἕδος, αἰπὺν Ὄλυμπον,",tlg0013.tlg003.perseus-grc2.xml
Hymn 3,tlg003,1,110,αὐτίκʼ ἄρʼ Εἰλείθυιαν ἀπὲκ μεγάροιο θύραζε,αὐτίκ’ ἄρ’ Εἰλείθυιαν ἀπὲκ μεγάροιο θύραζε,tlg0013.tlg003.perseus-grc2.xml
Hymn 3,tlg003,1,111,"ἐκπροκαλεσσαμένη ἔπεα πτερόεντα προσηύδα,","ἐκπροκαλεσσαμένη ἔπεα πτερόεντα προσηύδα,",tlg0013.tlg003.perseus-grc2.xml
Hymn 3,tlg003,1,112,"πάντα μάλʼ, ὡς ἐπέτελλον Ὀλύμπια δώματʼ ἔχουσαι.","πάντα μάλ’, ὡς ἐπέτελλον Ὀλύμπια δώματ’ ἔχουσαι.",tlg0013.tlg003.perseus-grc2.xml
Hymn 3,tlg003,1,113,τῇ δʼ ἄρα θυμὸν ἔπειθεν ἐνὶ στήθεσσι φίλοισι·,τῇ δ’ ἄρα θυμὸν ἔπειθεν ἐνὶ στήθεσσι φίλοισι·,tlg0013.tlg003.perseus-grc2.xml
Hymn 3,tlg003,1,114,βὰν δὲ ποσὶ τρήρωσι πελειάσιν ἴθμαθʼ ὁμοῖαι.,βὰν δὲ ποσὶ τρήρωσι πελειάσιν ἴθμαθ’ ὁμοῖαι.,tlg0013.tlg003.perseus-grc2.xml
Hymn 3,tlg003,1,115,"εὖτʼ ἐπὶ Δήλου ἔβαινε μογοστόκος Εἰλείθυια,","εὖτ’ ἐπὶ Δήλου ἔβαινε μογοστόκος Εἰλείθυια,",tlg0013.tlg003.perseus-grc2.xml
Hymn 3,tlg003,1,116,"δὴ τότε τὴν τόκος εἷλε, μενοίνησεν δὲ τεκέσθαι.","δὴ τότε τὴν τόκος εἷλε, μενοίνησεν δὲ τεκέσθαι.",tlg0013.tlg003.perseus-grc2.xml
Hymn 3,tlg003,1,117,"ἀμφὶ δὲ φοίνικι βάλε πήχεε, γοῦνα δʼ ἔρεισε","ἀμφὶ δὲ φοίνικι βάλε πήχεε, γοῦνα δ’ ἔρεισε",tlg0013.tlg003.perseus-grc2.xml
Hymn 3,tlg003,1,118,λειμῶνι μαλακῷ· μείδησε δὲ γαῖʼ ὑπένερθεν·,λειμῶνι μαλακῷ· μείδησε δὲ γαῖ’ ὑπένερθεν·,tlg0013.tlg003.perseus-grc2.xml
Hymn 3,tlg003,1,119,ἐκ δʼ ἔθορε πρὸ φόωσδε· θεαὶ δʼ ὀλόλυξαν ἅπασαι.,ἐκ δ’ ἔθορε πρὸ φόωσδε· θεαὶ δ’ ὀλόλυξαν ἅπασαι.,tlg0013.tlg003.perseus-grc2.xml
Hymn 3,tlg003,1,120,"ἔνθα σέ, ἤιε Φοῖβε, θεαὶ λόον ὕδατι καλῷ","ἔνθα σέ, ἤιε Φοῖβε, θεαὶ λόον ὕδατι καλῷ",tlg0013.tlg003.perseus-grc2.xml
Hymn 3,tlg003,1,121,"ἁγνῶς καὶ καθαρῶς, σπάρξαν δʼ ἐν φάρεϊ λευκῷ,","ἁγνῶς καὶ καθαρῶς, σπάρξαν δ’ ἐν φάρεϊ λευκῷ,",tlg0013.tlg003.perseus-grc2.xml
Hymn 3,tlg003,1,122,"λεπτῷ, νηγατέῳ· περὶ δὲ χρύσεον στρόφον ἧκαν.","λεπτῷ, νηγατέῳ· περὶ δὲ χρύσεον στρόφον ἧκαν.",tlg0013.tlg003.perseus-grc2.xml
Hymn 3,tlg003,1,123,"οὐδʼ ἄρʼ Ἀπόλλωνα χρυσάορα θήσατο μήτηρ,","οὐδ’ ἄρ’ Ἀπόλλωνα χρυσάορα θήσατο μήτηρ,",tlg0013.tlg003.perseus-grc2.xml
Hymn 3,tlg003,1,124,ἀλλὰ Θέμις νέκταρ τε καὶ ἀμβροσίην ἐρατεινὴν,ἀλλὰ Θέμις νέκταρ τε καὶ ἀμβροσίην ἐρατεινὴν,tlg0013.tlg003.perseus-grc2.xml
Hymn 3,tlg003,1,125,"ἀθανάτῃσιν χερσὶν ἐπήρξατο· χαῖρε δὲ Λητώ,","ἀθανάτῃσιν χερσὶν ἐπήρξατο· χαῖρε δὲ Λητώ,",tlg0013.tlg003.perseus-grc2.xml
Hymn 3,tlg003,1,126,οὕνεκα τοξοφόρον καὶ καρτερὸν υἱὸν ἔτικτεν.,οὕνεκα τοξοφόρον καὶ καρτερὸν υἱὸν ἔτικτεν.,tlg0013.tlg003.perseus-grc2.xml
Hymn 3,tlg003,1,127,"αὐτὰρ ἐπεὶ δή, Φοῖβε, κατέβρως ἄμβροτον εἶδαρ,","αὐτὰρ ἐπεὶ δή, Φοῖβε, κατέβρως ἄμβροτον εἶδαρ,",tlg0013.tlg003.perseus-grc2.xml
Hymn 3,tlg003,1,128,"οὔ σέ γʼ ἔπειτʼ ἴσχον χρύσεοι στρόφοι ἀσπαίροντα,","οὔ σέ γ’ ἔπειτ’ ἴσχον χρύσεοι στρόφοι ἀσπαίροντα,",tlg0013.tlg003.perseus-grc2.xml
Hymn 3,tlg003,1,129,"οὐδʼ ἔτι δέσματʼ ἔρυκε, λύοντο δὲ πείρατα πάντα.","οὐδ’ ἔτι δέσματ’ ἔρυκε, λύοντο δὲ πείρατα πάντα.",tlg0013.tlg003.perseus-grc2.xml
Hymn 3,tlg003,1,130,αὐτίκα δʼ ἀθανάτῃσι μετηύδα Φοῖβος Ἀπόλλων·,αὐτίκα δ’ ἀθανάτῃσι μετηύδα Φοῖβος Ἀπόλλων·,tlg0013.tlg003.perseus-grc2.xml
Hymn 3,tlg003,1,131,"εἴη μοι κίθαρίς τε φίλη καὶ καμπύλα τόξα,","εἴη μοι κίθαρίς τε φίλη καὶ καμπύλα τόξα,",tlg0013.tlg003.perseus-grc2.xml
Hymn 3,tlg003,1,132,χρήσω δʼ ἀνθρώποισι Διὸς νημερτέα βουλήν.,χρήσω δ’ ἀνθρώποισι Διὸς νημερτέα βουλήν.,tlg0013.tlg003.perseus-grc2.xml
Hymn 3,tlg003,1,133,ὣς εἰπὼν ἐβίβασκεν ἐπὶ χθονὸς εὐρυοδείης,ὣς εἰπὼν ἐβίβασκεν ἐπὶ χθονὸς εὐρυοδείης,tlg0013.tlg003.perseus-grc2.xml
Hymn 3,tlg003,1,134,"Φοῖβος ἀκερσεκόμης, ἑκατηβόλος· αἳ δʼ ἄρα πᾶσαι","Φοῖβος ἀκερσεκόμης, ἑκατηβόλος· αἳ δ’ ἄρα πᾶσαι",tlg0013.tlg003.perseus-grc2.xml
Hymn 3,tlg003,1,135,θάμβεον ἀθάναται· χρυσῷ δʼ ἄρα Δῆλος ἅπασα,θάμβεον ἀθάναται· χρυσῷ δ’ ἄρα Δῆλος ἅπασα,tlg0013.tlg003.perseus-grc2.xml
Hymn 3,tlg003,1,136,"βεβρίθει, καθορῶσα Διὸς Λητοὺς τε γενέθλην,","βεβρίθει, καθορῶσα Διὸς Λητοὺς τε γενέθλην,",tlg0013.tlg003.perseus-grc2.xml
Hymn 3,tlg003,1,137,"γηθοσύνῃ, ὅτι μιν θεὸς εἵλετο οἰκία θέσθαι","γηθοσύνῃ, ὅτι μιν θεὸς εἵλετο οἰκία θέσθαι",tlg0013.tlg003.perseus-grc2.xml
Hymn 3,tlg003,1,138,"νήσων ἠπείρου τε, φίλησε δὲ κηρόθι μᾶλλον.","νήσων ἠπείρου τε, φίλησε δὲ κηρόθι μᾶλλον.",tlg0013.tlg003.perseus-grc2.xml
Hymn 3,tlg003,1,139,"ἤνθησʼ, ὡς ὅτε τε ῥίον οὔρεος ἄνθεσιν ὕλης.","ἤνθησ’, ὡς ὅτε τε ῥίον οὔρεος ἄνθεσιν ὕλης.",tlg0013.tlg003.perseus-grc2.xml
Hymn 3,tlg003,1,140,"αὐτὸς δʼ, ἀργυρότοξε, ἄναξ ἑκατηβόλʼ Ἄπολλον,","αὐτὸς δ’, ἀργυρότοξε, ἄναξ ἑκατηβόλ’ Ἄπολλον,",tlg0013.tlg003.perseus-grc2.xml
Hymn 3,tlg003,1,141,"ἄλλοτε μέν τʼ ἐπὶ Κύνθου ἐβήσαο παιπαλόεντος,","ἄλλοτε μέν τ’ ἐπὶ Κύνθου ἐβήσαο παιπαλόεντος,",tlg0013.tlg003.perseus-grc2.xml
Hymn 3,tlg003,1,142,ἄλλοτε δʼ ἂν νήσους τε καὶ ἀνέρας ἠλάσκαζες.,ἄλλοτε δ’ ἂν νήσους τε καὶ ἀνέρας ἠλάσκαζες.,tlg0013.tlg003.perseus-grc2.xml
Hymn 3,tlg003,1,143,πολλοί τοι νηοί τε καὶ ἄλσεα δενδρήεντα·,πολλοί τοι νηοί τε καὶ ἄλσεα δενδρήεντα·,tlg0013.tlg003.perseus-grc2.xml
Hymn 3,tlg003,1,144,πᾶσαι δὲ σκοπιαί τε φίλαι καὶ πρώονες ἄκροι,πᾶσαι δὲ σκοπιαί τε φίλαι καὶ πρώονες ἄκροι,tlg0013.tlg003.perseus-grc2.xml
Hymn 3,tlg003,1,145,ὑψηλῶν ὀρέων ποταμοί θʼ ἅλαδε προρέοντες·,ὑψηλῶν ὀρέων ποταμοί θ’ ἅλαδε προρέοντες·,tlg0013.tlg003.perseus-grc2.xml
Hymn 3,tlg003,1,146,"ἀλλὰ σὺ Δήλῳ, Φοῖβε, μάλιστʼ ἐπιτέρπεαι ἦτορ,","ἀλλὰ σὺ Δήλῳ, Φοῖβε, μάλιστ’ ἐπιτέρπεαι ἦτορ,",tlg0013.tlg003.perseus-grc2.xml
Hymn 3,tlg003,1,147,ἔνθα τοι ἑλκεχίτωνες Ἰάονες ἠγερέθονται,ἔνθα τοι ἑλκεχίτωνες Ἰάονες ἠγερέθονται,tlg0013.tlg003.perseus-grc2.xml
Hymn 3,tlg003,1,148,αὐτοῖς σὺν παίδεσσι καὶ αἰδοίῃς ἀλόχοισιν.,αὐτοῖς σὺν παίδεσσι καὶ αἰδοίῃς ἀλόχοισιν.,tlg0013.tlg003.perseus-grc2.xml
Hymn 3,tlg003,1,149,οἱ δέ σε πυγμαχίῃ τε καὶ ὀρχηθμῷ καὶ ἀοιδῇ,οἱ δέ σε πυγμαχίῃ τε καὶ ὀρχηθμῷ καὶ ἀοιδῇ,tlg0013.tlg003.perseus-grc2.xml
Hymn 3,tlg003,1,150,"μνησάμενοι τέρπουσιν, ὅτʼ ἄν στήσωνται ἀγῶνα.","μνησάμενοι τέρπουσιν, ὅτ’ ἄν στήσωνται ἀγῶνα.",tlg0013.tlg003.perseus-grc2.xml
Hymn 3,tlg003,1,151,"φαίη κʼ ἀθανάτους καὶ ἀγήρως ἔμμεναι αἰεί,","φαίη κ’ ἀθανάτους καὶ ἀγήρως ἔμμεναι αἰεί,",tlg0013.tlg003.perseus-grc2.xml
Hymn 3,tlg003,1,152,"ὃς τόθʼ ὑπαντιάσειʼ, ὅτʼ Ἰάονες ἀθρόοι εἶεν·","ὃς τόθ’ ὑπαντιάσει’, ὅτ’ Ἰάονες ἀθρόοι εἶεν·",tlg0013.tlg003.perseus-grc2.xml
Hymn 3,tlg003,1,153,"πάντων γάρ κεν ἴδοιτο χάριν, τέρψαιτο δὲ θυμὸν","πάντων γάρ κεν ἴδοιτο χάριν, τέρψαιτο δὲ θυμὸν",tlg0013.tlg003.perseus-grc2.xml
Hymn 3,tlg003,1,154,ἄνδρας τʼ εἰσορόων καλλιζώνους τε γυναῖκας,ἄνδρας τ’ εἰσορόων καλλιζώνους τε γυναῖκας,tlg0013.tlg003.perseus-grc2.xml
Hymn 3,tlg003,1,155,νῆάς τʼ ὠκείας ἠδʼ αὐτῶν κτήματα πολλά.,νῆάς τ’ ὠκείας ἠδ’ αὐτῶν κτήματα πολλά.,tlg0013.tlg003.perseus-grc2.xml
Hymn 3,tlg003,1,156,"πρὸς δὲ τόδε μέγα θαῦμα, ὅου κλέος οὔποτʼ ὀλεῖται,","πρὸς δὲ τόδε μέγα θαῦμα, ὅου κλέος οὔποτ’ ὀλεῖται,",tlg0013.tlg003.perseus-grc2.xml
Hymn 3,tlg003,1,157,"κοῦραι Δηλιάδες, ἑκατηβελέταο θεράπναι·","κοῦραι Δηλιάδες, ἑκατηβελέταο θεράπναι·",tlg0013.tlg003.perseus-grc2.xml
Hymn 3,tlg003,1,158,"αἵ τʼ ἐπεὶ ἂρ πρῶτον μὲν Ἀπόλλωνʼ ὑμνήσωσιν,","αἵ τ’ ἐπεὶ ἂρ πρῶτον μὲν Ἀπόλλων’ ὑμνήσωσιν,",tlg0013.tlg003.perseus-grc2.xml
Hymn 3,tlg003,1,159,"αὖτις δʼ αὖ Λητώ τε καὶ Ἄρτεμιν ἰοχέαιραν,","αὖτις δ’ αὖ Λητώ τε καὶ Ἄρτεμιν ἰοχέαιραν,",tlg0013.tlg003.perseus-grc2.xml
Hymn 3,tlg003,1,160,μνησάμεναι ἀνδρῶν τε παλαιῶν ἠδὲ γυναικῶν,μνησάμεναι ἀνδρῶν τε παλαιῶν ἠδὲ γυναικῶν,tlg0013.tlg003.perseus-grc2.xml
Hymn 3,tlg003,1,161,"ὕμνον ἀείδουσιν, θέλγουσι δὲ φῦλʼ ἀνθρώπων.","ὕμνον ἀείδουσιν, θέλγουσι δὲ φῦλ’ ἀνθρώπων.",tlg0013.tlg003.perseus-grc2.xml
Hymn 3,tlg003,1,162,πάντων δʼ ἀνθρώπων φωνὰς καὶ βαμβαλιαστὺν,πάντων δ’ ἀνθρώπων φωνὰς καὶ βαμβαλιαστὺν,tlg0013.tlg003.perseus-grc2.xml
Hymn 3,tlg003,1,163,μιμεῖσθʼ ἴσασιν· φαίη δέ κεν αὐτὸς ἕκαστος,μιμεῖσθ’ ἴσασιν· φαίη δέ κεν αὐτὸς ἕκαστος,tlg0013.tlg003.perseus-grc2.xml
Hymn 3,tlg003,1,164,φθέγγεσθʼ· οὕτω σφιν καλὴ συνάρηρεν ἀοιδή.,φθέγγεσθ’· οὕτω σφιν καλὴ συνάρηρεν ἀοιδή.,tlg0013.tlg003.perseus-grc2.xml
Hymn 3,tlg003,1,165,"ἀλλʼ ἄγεθʼ ἱλήκοι μὲν Ἀπόλλων Ἀρτέμιδι ξύν,","ἀλλ’ ἄγεθ’ ἱλήκοι μὲν Ἀπόλλων Ἀρτέμιδι ξύν,",tlg0013.tlg003.perseus-grc2.xml
Hymn 3,tlg003,1,166,χαίρετε δʼ ὑμεῖς πᾶσαι· ἐμεῖο δὲ καὶ μετόπισθεν,χαίρετε δ’ ὑμεῖς πᾶσαι· ἐμεῖο δὲ καὶ μετόπισθεν,tlg0013.tlg003.perseus-grc2.xml
Hymn 3,tlg003,1,167,"μνήσασθʼ, ὁππότε κέν τις ἐπιχθονίων ἀνθρώπων","μνήσασθ’, ὁππότε κέν τις ἐπιχθονίων ἀνθρώπων",tlg0013.tlg003.perseus-grc2.xml
Hymn 3,tlg003,1,168,ἐνθάδ’ ἀνείρηται ξεῖνος ταλαπείριος ἐλθών·,ἐνθάδ’ ἀνείρηται ξεῖνος ταλαπείριος ἐλθών·,tlg0013.tlg003.perseus-grc2.xml
Hymn 3,tlg003,1,169,"ὦ κοῦραι, τίς δʼ ὔμμιν ἀνὴρ ἥδιστος ἀοιδῶν","ὦ κοῦραι, τίς δ’ ὔμμιν ἀνὴρ ἥδιστος ἀοιδῶν",tlg0013.tlg003.perseus-grc2.xml
Hymn 3,tlg003,1,170,"ἐνθάδε πωλεῖται, καὶ τέῳ τέρπεσθε μάλιστα;","ἐνθάδε πωλεῖται, καὶ τέῳ τέρπεσθε μάλιστα;",tlg0013.tlg003.perseus-grc2.xml
Hymn 3,tlg003,1,171,ὑμεῖς δʼ εὖ μάλα πᾶσαι ὑποκρίνασθαι ἀφήμως·,ὑμεῖς δ’ εὖ μάλα πᾶσαι ὑποκρίνασθαι ἀφήμως·,tlg0013.tlg003.perseus-grc2.xml
Hymn 3,tlg003,1,172,"τυφλὸς ἀνήρ, οἰκεῖ δὲ Χίῳ ἔνι παιπαλοέσσῃ","τυφλὸς ἀνήρ, οἰκεῖ δὲ Χίῳ ἔνι παιπαλοέσσῃ",tlg0013.tlg003.perseus-grc2.xml
Hymn 3,tlg003,1,173,τοῦ πᾶσαι μετόπισθεν ἀριστεύσουσιν ἀοιδαί.,τοῦ πᾶσαι μετόπισθεν ἀριστεύσουσιν ἀοιδαί.,tlg0013.tlg003.perseus-grc2.xml
Hymn 3,tlg003,1,174,"ἡμεῖς δʼ ὑμέτερον κλέος οἴσομεν, ὅσσον ἐπʼ αἶαν","ἡμεῖς δ’ ὑμέτερον κλέος οἴσομεν, ὅσσον ἐπ’ αἶαν",tlg0013.tlg003.perseus-grc2.xml
Hymn 3,tlg003,1,175,ἀνθρώπων στρεφόμεσθα πόλεις εὖ ναιεταώσας·,ἀνθρώπων στρεφόμεσθα πόλεις εὖ ναιεταώσας·,tlg0013.tlg003.perseus-grc2.xml
Hymn 3,tlg003,1,176,"οἳ δʼ ἐπὶ δὴ πείσονται, ἐπεὶ καὶ ἐτήτυμόν ἐστιν.","οἳ δ’ ἐπὶ δὴ πείσονται, ἐπεὶ καὶ ἐτήτυμόν ἐστιν.",tlg0013.tlg003.perseus-grc2.xml
Hymn 3,tlg003,1,177,αὐτὰρ ἐγὼν οὐ λήξω ἑκηβόλον Ἀπόλλωνα,αὐτὰρ ἐγὼν οὐ λήξω ἑκηβόλον Ἀπόλλωνα,tlg0013.tlg003.perseus-grc2.xml
Hymn 3,tlg003,1,178,"ὑμνέων ἀργυρότοξον, ὃν ἠύκομος τέκε Λητώ.","ὑμνέων ἀργυρότοξον, ὃν ἠύκομος τέκε Λητώ.",tlg0013.tlg003.perseus-grc2.xml
Hymn 3,tlg003,1,179,"ὦ ἄνα, καὶ Λυκίην καὶ Μῃονίην ἐρατεινὴν","ὦ ἄνα, καὶ Λυκίην καὶ Μῃονίην ἐρατεινὴν",tlg0013.tlg003.perseus-grc2.xml
Hymn 3,tlg003,1,180,"καὶ Μίλητον ἔχεις, ἔναλον πόλιν ἱμερόεσσαν,","καὶ Μίλητον ἔχεις, ἔναλον πόλιν ἱμερόεσσαν,",tlg0013.tlg003.perseus-grc2.xml
Hymn 3,tlg003,1,181,αὐτὸς δʼ αὖ Δήλοιο περικλύστοιο μέγʼ ἀνάσσεις.,αὐτὸς δ’ αὖ Δήλοιο περικλύστοιο μέγ’ ἀνάσσεις.,tlg0013.tlg003.perseus-grc2.xml
Hymn 3,tlg003,1,182,εἶσι δὲ φορμίζων Λητοῦς ἐρικυδέος υἱὸς,εἶσι δὲ φορμίζων Λητοῦς ἐρικυδέος υἱὸς,tlg0013.tlg003.perseus-grc2.xml
Hymn 3,tlg003,1,183,"φόρμιγγι γλαφυρῇ πρὸς Πυθὼ πετρήεσσαν,","φόρμιγγι γλαφυρῇ πρὸς Πυθὼ πετρήεσσαν,",tlg0013.tlg003.perseus-grc2.xml
Hymn 3,tlg003,1,184,ἄμβροτα εἵματʼ ἔχων τεθυωμένα· τοῖο δὲ φόρμιγξ,ἄμβροτα εἵματ’ ἔχων τεθυωμένα· τοῖο δὲ φόρμιγξ,tlg0013.tlg003.perseus-grc2.xml
Hymn 3,tlg003,1,185,χρυσέου ὑπὸ πλήκτρου καναχὴν ἔχει ἱμερόεσσαν.,χρυσέου ὑπὸ πλήκτρου καναχὴν ἔχει ἱμερόεσσαν.,tlg0013.tlg003.perseus-grc2.xml
Hymn 3,tlg003,1,186,"ἔνθεν δὲ πρὸς Ὄλυμπον ἀπὸ χθονός, ὥστε νόημα,","ἔνθεν δὲ πρὸς Ὄλυμπον ἀπὸ χθονός, ὥστε νόημα,",tlg0013.tlg003.perseus-grc2.xml
Hymn 3,tlg003,1,187,εἶσι Διὸς πρὸς δῶμα θεῶν μεθʼ ὁμήγυριν ἄλλων.,εἶσι Διὸς πρὸς δῶμα θεῶν μεθ’ ὁμήγυριν ἄλλων.,tlg0013.tlg003.perseus-grc2.xml
Hymn 3,tlg003,1,188,αὐτίκα δʼ ἀθανάτοισι μέλει κίθαρις καὶ ἀοιδή·,αὐτίκα δ’ ἀθανάτοισι μέλει κίθαρις καὶ ἀοιδή·,tlg0013.tlg003.perseus-grc2.xml
Hymn 3,tlg003,1,189,Μοῦσαι μέν θʼ ἅμα πᾶσαι ἀμειβόμεναι ὀπὶ καλῇ,Μοῦσαι μέν θ’ ἅμα πᾶσαι ἀμειβόμεναι ὀπὶ καλῇ,tlg0013.tlg003.perseus-grc2.xml
Hymn 3,tlg003,1,190,ὑμνεῦσίν ῥα θεῶν δῶρʼ ἄμβροτα ἠδʼ ἀνθρώπων,ὑμνεῦσίν ῥα θεῶν δῶρ’ ἄμβροτα ἠδ’ ἀνθρώπων,tlg0013.tlg003.perseus-grc2.xml
Hymn 3,tlg003,1,191,"τλημοσύνας, ὅσʼ ἔχοντες ὑπʼ ἀθανάτοισι θεοῖσι","τλημοσύνας, ὅσ’ ἔχοντες ὑπ’ ἀθανάτοισι θεοῖσι",tlg0013.tlg003.perseus-grc2.xml
Hymn 3,tlg003,1,192,"ζώουσʼ ἀφραδέες καὶ ἀμήχανοι, οὐδὲ δύνανται","ζώουσ’ ἀφραδέες καὶ ἀμήχανοι, οὐδὲ δύνανται",tlg0013.tlg003.perseus-grc2.xml
Hymn 3,tlg003,1,193,εὑρέμεναι θανάτοιό τʼ ἄκος καὶ γήραος ἄλκαρ·,εὑρέμεναι θανάτοιό τ’ ἄκος καὶ γήραος ἄλκαρ·,tlg0013.tlg003.perseus-grc2.xml
Hymn 3,tlg003,1,194,αὐτὰρ ἐυπλόκαμοι Χάριτες καὶ ἐύφρονες Ὧραι,αὐτὰρ ἐυπλόκαμοι Χάριτες καὶ ἐύφρονες Ὧραι,tlg0013.tlg003.perseus-grc2.xml
Hymn 3,tlg003,1,195,Ἁρμονίη θʼ Ἥβη τε Διὸς θυγάτηρ τʼ Ἀφροδίτη,Ἁρμονίη θ’ Ἥβη τε Διὸς θυγάτηρ τ’ Ἀφροδίτη,tlg0013.tlg003.perseus-grc2.xml
Hymn 3,tlg003,1,196,ὀρχεῦντʼ ἀλλήλων ἐπὶ καρπῷ χεῖρας ἔχουσαι·,ὀρχεῦντ’ ἀλλήλων ἐπὶ καρπῷ χεῖρας ἔχουσαι·,tlg0013.tlg003.perseus-grc2.xml
Hymn 3,tlg003,1,197,"τῇσι μὲν οὔτʼ αἰσχρὴ μεταμέλπεται οὔτʼ ἐλάχεια,","τῇσι μὲν οὔτ’ αἰσχρὴ μεταμέλπεται οὔτ’ ἐλάχεια,",tlg0013.tlg003.perseus-grc2.xml
Hymn 3,tlg003,1,198,"ἀλλὰ μάλα μεγάλη τε ἰδεῖν καὶ εἶδος ἀγητή,","ἀλλὰ μάλα μεγάλη τε ἰδεῖν καὶ εἶδος ἀγητή,",tlg0013.tlg003.perseus-grc2.xml
Hymn 3,tlg003,1,199,Ἄρτεμις ἰοχέαιρα ὁμότροφος Ἀπόλλωνι.,Ἄρτεμις ἰοχέαιρα ὁμότροφος Ἀπόλλωνι.,tlg0013.tlg003.perseus-grc2.xml
Hymn 3,tlg003,1,200,ἐν δʼ αὖ τῇσιν Ἄρης καὶ ἐύσκοπος Ἀργειφόντης,ἐν δ’ αὖ τῇσιν Ἄρης καὶ ἐύσκοπος Ἀργειφόντης,tlg0013.tlg003.perseus-grc2.xml
Hymn 3,tlg003,1,201,παίζουσʼ· αὐτὰρ ὁ Φοῖβος Ἀπόλλων ἐγκιθαρίζει,παίζουσ’· αὐτὰρ ὁ Φοῖβος Ἀπόλλων ἐγκιθαρίζει,tlg0013.tlg003.perseus-grc2.xml
Hymn 3,tlg003,1,202,καλὰ καὶ ὕψι βιβάς· αἴγλη δέ μιν ἀμφιφαείνει,καλὰ καὶ ὕψι βιβάς· αἴγλη δέ μιν ἀμφιφαείνει,tlg0013.tlg003.perseus-grc2.xml
Hymn 3,tlg003,1,203,μαρμαρυγαί τε ποδῶν καὶ ἐυκλώστοιο χιτῶνος.,μαρμαρυγαί τε ποδῶν καὶ ἐυκλώστοιο χιτῶνος.,tlg0013.tlg003.perseus-grc2.xml
Hymn 3,tlg003,1,204,οἳ δʼ ἐπιτέρπονται θυμὸν μέγαν εἰσορόωντες,οἳ δ’ ἐπιτέρπονται θυμὸν μέγαν εἰσορόωντες,tlg0013.tlg003.perseus-grc2.xml
Hymn 3,tlg003,1,205,Λητώ τε χρυσοπλόκαμος καὶ μητίετα Ζεὺς,Λητώ τε χρυσοπλόκαμος καὶ μητίετα Ζεὺς,tlg0013.tlg003.perseus-grc2.xml
Hymn 3,tlg003,1,206,υἷα φίλον παίζοντα μετʼ ἀθανάτοισι θεοῖσι.,υἷα φίλον παίζοντα μετ’ ἀθανάτοισι θεοῖσι.,tlg0013.tlg003.perseus-grc2.xml
Hymn 3,tlg003,1,207,πῶς τʼ ἄρ σʼ ὑμνήσω πάντως εὔυμνον ἐόντα;,πῶς τ’ ἄρ σ’ ὑμνήσω πάντως εὔυμνον ἐόντα;,tlg0013.tlg003.perseus-grc2.xml
Hymn 3,tlg003,1,208,"ἠέ σʼ ἐνὶ μνηστῆρσιν ἀείδω καὶ φιλότητι,","ἠέ σ’ ἐνὶ μνηστῆρσιν ἀείδω καὶ φιλότητι,",tlg0013.tlg003.perseus-grc2.xml
Hymn 3,tlg003,1,209,ὅππως μνωόμενος ἔκιες Ἀζαντίδα κούρην,ὅππως μνωόμενος ἔκιες Ἀζαντίδα κούρην,tlg0013.tlg003.perseus-grc2.xml
Hymn 3,tlg003,1,210,Ἴσχυʼ ἅμʼ ἀντιθέῳ Ἐλατιονίδη εὐίππῳ;,Ἴσχυ’ ἅμ’ ἀντιθέῳ Ἐλατιονίδη εὐίππῳ;,tlg0013.tlg003.perseus-grc2.xml
Hymn 3,tlg003,1,211,"ἢ ἅμα Θόρβαντι Τριοπέῳ γένος, ἢ ἅμʼ Ἐρευθεῖ;","ἢ ἅμα Θόρβαντι Τριοπέῳ γένος, ἢ ἅμ’ Ἐρευθεῖ;",tlg0013.tlg003.perseus-grc2.xml
Hymn 3,tlg003,1,212,ἢ ἅμα Λευκίππῳ καὶ Λευκίπποιο δάμαρτι,ἢ ἅμα Λευκίππῳ καὶ Λευκίπποιο δάμαρτι,tlg0013.tlg003.perseus-grc2.xml
Hymn 3,tlg003,1,213,"πεζός, ὃ δʼ ἵπποισιν· οὐ μὴν Τρίοπός γʼ ἐνέλειπεν.","πεζός, ὃ δ’ ἵπποισιν· οὐ μὴν Τρίοπός γ’ ἐνέλειπεν.",tlg0013.tlg003.perseus-grc2.xml
Hymn 3,tlg003,1,214,ἢ ὡς τὸ πρῶτον χρηστήριον ἀνθρώποισι,ἢ ὡς τὸ πρῶτον χρηστήριον ἀνθρώποισι,tlg0013.tlg003.perseus-grc2.xml
Hymn 3,tlg003,1,215,"ζητεύων κατὰ γαῖαν ἔβης, ἑκατηβόλʼ Ἄπολλον;","ζητεύων κατὰ γαῖαν ἔβης, ἑκατηβόλ’ Ἄπολλον;",tlg0013.tlg003.perseus-grc2.xml
Hymn 3,tlg003,1,216,Πιερίην μὲν πρῶτον ἀπʼ Οὐλύμποιο κατῆλθες·,Πιερίην μὲν πρῶτον ἀπ’ Οὐλύμποιο κατῆλθες·,tlg0013.tlg003.perseus-grc2.xml
Hymn 3,tlg003,1,217,Λέκτον τʼ ἠμαθοέντα παρέστιχες ἠδʼ Ἐνιῆνας,Λέκτον τ’ ἠμαθοέντα παρέστιχες ἠδ’ Ἐνιῆνας,tlg0013.tlg003.perseus-grc2.xml
Hymn 3,tlg003,1,218,"καὶ διὰ Περραιβούς· τάχα δʼ εἰς Ἰαωλκὸν ἵκανες,","καὶ διὰ Περραιβούς· τάχα δ’ εἰς Ἰαωλκὸν ἵκανες,",tlg0013.tlg003.perseus-grc2.xml
Hymn 3,tlg003,1,219,Κηναίου τʼ ἐπέβης ναυσικλειτῆς Εὐβοίης.,Κηναίου τ’ ἐπέβης ναυσικλειτῆς Εὐβοίης.,tlg0013.tlg003.perseus-grc2.xml
Hymn 3,tlg003,1,220,στῆς δʼ ἐπὶ Ληλάντῳ πεδίῳ· τό τοι οὐχ ἅδε θυμῷ,στῆς δ’ ἐπὶ Ληλάντῳ πεδίῳ· τό τοι οὐχ ἅδε θυμῷ,tlg0013.tlg003.perseus-grc2.xml
Hymn 3,tlg003,1,221,τεύξασθαι νηόν τε καὶ ἄλσεα δενδρήεντα.,τεύξασθαι νηόν τε καὶ ἄλσεα δενδρήεντα.,tlg0013.tlg003.perseus-grc2.xml
Hymn 3,tlg003,1,222,"ἔνθεν δʼ Εὔριπον διαβάς, ἑκατηβόλʼ Ἄπολλον,","ἔνθεν δ’ Εὔριπον διαβάς, ἑκατηβόλ’ Ἄπολλον,",tlg0013.tlg003.perseus-grc2.xml
Hymn 3,tlg003,1,223,"βῆς ἄνʼ ὄρος ζάθεον, χλωρόν· τάχα δʼ ἷξες ἀπʼ αὐτοῦ","βῆς ἄν’ ὄρος ζάθεον, χλωρόν· τάχα δ’ ἷξες ἀπ’ αὐτοῦ",tlg0013.tlg003.perseus-grc2.xml
Hymn 3,tlg003,1,224,ἐς Μυκαλησσὸν ἰὼν καὶ Τευμησσὸν λεχεποίην.,ἐς Μυκαλησσὸν ἰὼν καὶ Τευμησσὸν λεχεποίην.,tlg0013.tlg003.perseus-grc2.xml
Hymn 3,tlg003,1,225,Θήβης δʼ εἰσαφίκανες ἕδος καταειμένον ὕλῃ·,Θήβης δ’ εἰσαφίκανες ἕδος καταειμένον ὕλῃ·,tlg0013.tlg003.perseus-grc2.xml
Hymn 3,tlg003,1,226,"οὐ γάρ πώ τις ἔναιε βροτῶν ἱερῇ ἐνὶ Θήβῃ,","οὐ γάρ πώ τις ἔναιε βροτῶν ἱερῇ ἐνὶ Θήβῃ,",tlg0013.tlg003.perseus-grc2.xml
Hymn 3,tlg003,1,227,οὐδʼ ἄρα πω τότε γʼ ἦσαν ἀταρπιτοὶ οὐδὲ κέλευθοι,οὐδ’ ἄρα πω τότε γ’ ἦσαν ἀταρπιτοὶ οὐδὲ κέλευθοι,tlg0013.tlg003.perseus-grc2.xml
Hymn 3,tlg003,1,228,"Θήβης ἂμ πεδίον πυρηφόρον, ἀλλʼ ἔχεν ὕλη.","Θήβης ἂμ πεδίον πυρηφόρον, ἀλλ’ ἔχεν ὕλη.",tlg0013.tlg003.perseus-grc2.xml
Hymn 3,tlg003,1,229,"ἔνθεν δὲ προτέρω ἔκιες, ἑκατηβόλʼ Ἄπολλον,","ἔνθεν δὲ προτέρω ἔκιες, ἑκατηβόλ’ Ἄπολλον,",tlg0013.tlg003.perseus-grc2.xml
Hymn 3,tlg003,1,230,"Ὀγχηστὸν δʼ ἷξες, Ποσιδήιον ἀγλαὸν ἄλσος·","Ὀγχηστὸν δ’ ἷξες, Ποσιδήιον ἀγλαὸν ἄλσος·",tlg0013.tlg003.perseus-grc2.xml
Hymn 3,tlg003,1,231,ἔνθα νεοδμὴς πῶλος ἀναπνέει ἀχθόμενός περ,ἔνθα νεοδμὴς πῶλος ἀναπνέει ἀχθόμενός περ,tlg0013.tlg003.perseus-grc2.xml
Hymn 3,tlg003,1,232,ἕλκων ἅρματα καλά· χαμαὶ δʼ ἐλατὴρ ἀγαθός περ,ἕλκων ἅρματα καλά· χαμαὶ δ’ ἐλατὴρ ἀγαθός περ,tlg0013.tlg003.perseus-grc2.xml
Hymn 3,tlg003,1,233,ἐκ δίφροιο θορὼν ὁδὸν ἔρχεται· οἳ δὲ τέως μὲν,ἐκ δίφροιο θορὼν ὁδὸν ἔρχεται· οἳ δὲ τέως μὲν,tlg0013.tlg003.perseus-grc2.xml
Hymn 3,tlg003,1,234,κείνʼ ὄχεα κροτέουσι ἀνακτορίην ἀφιέντες.,κείν’ ὄχεα κροτέουσι ἀνακτορίην ἀφιέντες.,tlg0013.tlg003.perseus-grc2.xml
Hymn 3,tlg003,1,235,"εἰ δέ κεν ἅρματʼ ἀγῇσιν ἐν ἄλσεϊ δενδρήεντι,","εἰ δέ κεν ἅρματ’ ἀγῇσιν ἐν ἄλσεϊ δενδρήεντι,",tlg0013.tlg003.perseus-grc2.xml
Hymn 3,tlg003,1,236,"ἵππους μὲν κομέουσι, τὰ δὲ κλίναντες ἐῶσιν·","ἵππους μὲν κομέουσι, τὰ δὲ κλίναντες ἐῶσιν·",tlg0013.tlg003.perseus-grc2.xml
Hymn 3,tlg003,1,237,ὣς γὰρ τὰ πρώτισθʼ ὁσίη γένεθʼ· οἳ δὲ ἄνακτι,ὣς γὰρ τὰ πρώτισθ’ ὁσίη γένεθ’· οἳ δὲ ἄνακτι,tlg0013.tlg003.perseus-grc2.xml
Hymn 3,tlg003,1,238,"εὔχονται, δίφρον δὲ θεοῦ τότε μοῖρα φυλάσσει.","εὔχονται, δίφρον δὲ θεοῦ τότε μοῖρα φυλάσσει.",tlg0013.tlg003.perseus-grc2.xml
Hymn 3,tlg003,1,239,"ἔνθεν δὲ προτέρω ἔκιες, ἑκατηβόλʼ Ἄπολλον·","ἔνθεν δὲ προτέρω ἔκιες, ἑκατηβόλ’ Ἄπολλον·",tlg0013.tlg003.perseus-grc2.xml
Hymn 3,tlg003,1,240,"Κηφισσὸν δʼ ἄρʼ ἔπειτα κιχήσαο καλλιρέεθρον,","Κηφισσὸν δ’ ἄρ’ ἔπειτα κιχήσαο καλλιρέεθρον,",tlg0013.tlg003.perseus-grc2.xml
Hymn 3,tlg003,1,241,ὅς τε Λιλαίηθεν προχέει καλλίρροον ὕδωρ.,ὅς τε Λιλαίηθεν προχέει καλλίρροον ὕδωρ.,tlg0013.tlg003.perseus-grc2.xml
Hymn 3,tlg003,1,242,"τὸν διαβάς, Ἑκάεργε, καὶ Ὠκαλέην πολύπυργον","τὸν διαβάς, Ἑκάεργε, καὶ Ὠκαλέην πολύπυργον",tlg0013.tlg003.perseus-grc2.xml
Hymn 3,tlg003,1,243,ἔνθεν ἄρʼ εἰς Ἁλίαρτον ἀφίκεο ποιήεντα.,ἔνθεν ἄρ’ εἰς Ἁλίαρτον ἀφίκεο ποιήεντα.,tlg0013.tlg003.perseus-grc2.xml
Hymn 3,tlg003,1,244,βῆς δʼ ἐπὶ Τελφούσης· τόθι τοι ἅδε χῶρος ἀπήμων,βῆς δ’ ἐπὶ Τελφούσης· τόθι τοι ἅδε χῶρος ἀπήμων,tlg0013.tlg003.perseus-grc2.xml
Hymn 3,tlg003,1,245,τεύξασθαι νηόν τε καὶ ἄλσεα δενδρήεντα·,τεύξασθαι νηόν τε καὶ ἄλσεα δενδρήεντα·,tlg0013.tlg003.perseus-grc2.xml
Hymn 3,tlg003,1,246,στῆς δὲ μάλʼ ἄγχʼ αὐτῆς καὶ μιν πρὸς μῦθον ἔειπες·,στῆς δὲ μάλ’ ἄγχ’ αὐτῆς καὶ μιν πρὸς μῦθον ἔειπες·,tlg0013.tlg003.perseus-grc2.xml
Hymn 3,tlg003,1,247,"Τελφοῦσʼ, ἐνθάδε δὴ φρονέω περικαλλέα νηὸν","Τελφοῦσ’, ἐνθάδε δὴ φρονέω περικαλλέα νηὸν",tlg0013.tlg003.perseus-grc2.xml
Hymn 3,tlg003,1,248,"ἀνθρώπων τεῦξαι χρηστήριον, οἵτε μοι αἰεὶ","ἀνθρώπων τεῦξαι χρηστήριον, οἵτε μοι αἰεὶ",tlg0013.tlg003.perseus-grc2.xml
Hymn 3,tlg003,1,249,"ἐνθάδʼ ἀγινήσουσι τεληέσσας ἑκατόμβας,","ἐνθάδ’ ἀγινήσουσι τεληέσσας ἑκατόμβας,",tlg0013.tlg003.perseus-grc2.xml
Hymn 3,tlg003,1,250,ἠμὲν ὅσοι Πελοπόννησον πίειραν ἔχουσιν,ἠμὲν ὅσοι Πελοπόννησον πίειραν ἔχουσιν,tlg0013.tlg003.perseus-grc2.xml
Hymn 3,tlg003,1,251,"ἠδʼ ὅσοι Εὐρώπην τε καὶ ἀμφιρύτας κατὰ νήσους,","ἠδ’ ὅσοι Εὐρώπην τε καὶ ἀμφιρύτας κατὰ νήσους,",tlg0013.tlg003.perseus-grc2.xml
Hymn 3,tlg003,1,252,χρησόμενοι· τοῖσιν δέ κʼ ἐγὼ νημερτέα βουλὴν,χρησόμενοι· τοῖσιν δέ κ’ ἐγὼ νημερτέα βουλὴν,tlg0013.tlg003.perseus-grc2.xml
Hymn 3,tlg003,1,253,πᾶσι θεμιστεύοιμι χρέων ἐνὶ πίονι νηῷ.,πᾶσι θεμιστεύοιμι χρέων ἐνὶ πίονι νηῷ.,tlg0013.tlg003.perseus-grc2.xml
Hymn 3,tlg003,1,254,ὣς εἰπὼν διέθηκε θεμείλια Φοῖβος Ἀπόλλων,ὣς εἰπὼν διέθηκε θεμείλια Φοῖβος Ἀπόλλων,tlg0013.tlg003.perseus-grc2.xml
Hymn 3,tlg003,1,255,εὐρέα καὶ μάλα μακρὰ διηνεκές· ἣ δὲ ἰδοῦσα,εὐρέα καὶ μάλα μακρὰ διηνεκές· ἣ δὲ ἰδοῦσα,tlg0013.tlg003.perseus-grc2.xml
Hymn 3,tlg003,1,256,Τελφοῦσα κραδίην ἐχολώσατο εἶπέ τε μῦθον·,Τελφοῦσα κραδίην ἐχολώσατο εἶπέ τε μῦθον·,tlg0013.tlg003.perseus-grc2.xml
Hymn 3,tlg003,1,257,"φοῖβε ἄναξ ἑκάεργε, ἔπος τί τοι ἐν φρεσὶ θήσω.","φοῖβε ἄναξ ἑκάεργε, ἔπος τί τοι ἐν φρεσὶ θήσω.",tlg0013.tlg003.perseus-grc2.xml
Hymn 3,tlg003,1,258,ἐνθάδʼ ἐπεὶ φρονέεις τεῦξαι περικαλλέα νηὸν,ἐνθάδ’ ἐπεὶ φρονέεις τεῦξαι περικαλλέα νηὸν,tlg0013.tlg003.perseus-grc2.xml
Hymn 3,tlg003,1,259,"ἔμμεναι ἀνθρώποις χρηστήριον, οἵτε τοι αἰεὶ","ἔμμεναι ἀνθρώποις χρηστήριον, οἵτε τοι αἰεὶ",tlg0013.tlg003.perseus-grc2.xml
Hymn 3,tlg003,1,260,ἐνθάδʼ ἀγινήσουσι τεληέσσας ἑκατόμβας·,ἐνθάδ’ ἀγινήσουσι τεληέσσας ἑκατόμβας·,tlg0013.tlg003.perseus-grc2.xml
Hymn 3,tlg003,1,261,"ἀλλʼ ἔκ τοι ἐρέω, σὺ δʼ ἐνὶ φρεσὶ βάλλεο σῇσι,","ἀλλ’ ἔκ τοι ἐρέω, σὺ δ’ ἐνὶ φρεσὶ βάλλεο σῇσι,",tlg0013.tlg003.perseus-grc2.xml
Hymn 3,tlg003,1,262,πημανέει σʼ αἰεὶ κτύπος ἵππων ὠκειάων,πημανέει σ’ αἰεὶ κτύπος ἵππων ὠκειάων,tlg0013.tlg003.perseus-grc2.xml
Hymn 3,tlg003,1,263,ἀρδόμενοί τʼ οὐρῆες ἐμῶν ἱερῶν ἀπὸ πηγέων·,ἀρδόμενοί τ’ οὐρῆες ἐμῶν ἱερῶν ἀπὸ πηγέων·,tlg0013.tlg003.perseus-grc2.xml
Hymn 3,tlg003,1,264,ἔνθα τις ἀνθρώπων βουλήσεται εἰσοράασθαι,ἔνθα τις ἀνθρώπων βουλήσεται εἰσοράασθαι,tlg0013.tlg003.perseus-grc2.xml
Hymn 3,tlg003,1,265,ἅρματά τʼ εὐποίητα καὶ ὠκυπόδων κτύπον ἵππων,ἅρματά τ’ εὐποίητα καὶ ὠκυπόδων κτύπον ἵππων,tlg0013.tlg003.perseus-grc2.xml
Hymn 3,tlg003,1,266,ἢ νηόν τε μέγαν καὶ κτήματα πόλλʼ ἐνεόντα.,ἢ νηόν τε μέγαν καὶ κτήματα πόλλ’ ἐνεόντα.,tlg0013.tlg003.perseus-grc2.xml
Hymn 3,tlg003,1,267,"ἀλλʼ εἰ δή τι πίθοιο, σὺ δὲ κρείσσων καὶ ἀρείων","ἀλλ’ εἰ δή τι πίθοιο, σὺ δὲ κρείσσων καὶ ἀρείων",tlg0013.tlg003.perseus-grc2.xml
Hymn 3,tlg003,1,268,"ἐσσί, ἄναξ, ἐμέθεν, σεῦ δὲ σθένος ἐστὶ μέγιστον,","ἐσσί, ἄναξ, ἐμέθεν, σεῦ δὲ σθένος ἐστὶ μέγιστον,",tlg0013.tlg003.perseus-grc2.xml
Hymn 3,tlg003,1,269,ἐν Κρίσῃ ποίησαι ὑπὸ πτυχὶ Παρνησοῖο.,ἐν Κρίσῃ ποίησαι ὑπὸ πτυχὶ Παρνησοῖο.,tlg0013.tlg003.perseus-grc2.xml
Hymn 3,tlg003,1,270,ἔνθʼ οὔθʼ ἅρματα καλὰ δονήσεται οὔτε τοι ἵππων,ἔνθ’ οὔθ’ ἅρματα καλὰ δονήσεται οὔτε τοι ἵππων,tlg0013.tlg003.perseus-grc2.xml
Hymn 3,tlg003,1,271,"ὠκυπόδων κτύπος ἔσται ἐύδμητον περὶ βωμόν,","ὠκυπόδων κτύπος ἔσται ἐύδμητον περὶ βωμόν,",tlg0013.tlg003.perseus-grc2.xml
Hymn 3,tlg003,1,272,ἀλλά τοι ὣς προσάγοιεν Ἰηπαιήονι δῶρα,ἀλλά τοι ὣς προσάγοιεν Ἰηπαιήονι δῶρα,tlg0013.tlg003.perseus-grc2.xml
Hymn 3,tlg003,1,273,ἀνθρώπων κλυτὰ φῦλα· σὺ δὲ φρένας ἀμφιγεγηθὼς,ἀνθρώπων κλυτὰ φῦλα· σὺ δὲ φρένας ἀμφιγεγηθὼς,tlg0013.tlg003.perseus-grc2.xml
Hymn 3,tlg003,1,274,δέξαιʼ ἱερὰ καλὰ περικτιόνων ἀνθρώπων.,δέξαι’ ἱερὰ καλὰ περικτιόνων ἀνθρώπων.,tlg0013.tlg003.perseus-grc2.xml
Hymn 3,tlg003,1,275,"ὣς εἰποῦσʼ Ἑκάτου πέπιθε φρένας, ὄφρα οἱ αὐτῇ","ὣς εἰποῦσ’ Ἑκάτου πέπιθε φρένας, ὄφρα οἱ αὐτῇ",tlg0013.tlg003.perseus-grc2.xml
Hymn 3,tlg003,1,276,"Τελφούσῃ κλέος εἴη ἐπὶ χθονί, μηδʼ Ἑκάτοιο.","Τελφούσῃ κλέος εἴη ἐπὶ χθονί, μηδ’ Ἑκάτοιο.",tlg0013.tlg003.perseus-grc2.xml
Hymn 3,tlg003,1,277,"ἔνθεν δὲ προτέρω ἔκιες, ἑκατηβόλʼ Ἄπολλον·","ἔνθεν δὲ προτέρω ἔκιες, ἑκατηβόλ’ Ἄπολλον·",tlg0013.tlg003.perseus-grc2.xml
Hymn 3,tlg003,1,278,"ἷξες δʼ ἐς Φλεγύων ἀνδρῶν πόλιν ὑβριστάων,","ἷξες δ’ ἐς Φλεγύων ἀνδρῶν πόλιν ὑβριστάων,",tlg0013.tlg003.perseus-grc2.xml
Hymn 3,tlg003,1,279,οἳ Διὸς οὐκ ἀλέγοντες ἐπὶ χθονὶ ναιετάασκον,οἳ Διὸς οὐκ ἀλέγοντες ἐπὶ χθονὶ ναιετάασκον,tlg0013.tlg003.perseus-grc2.xml
Hymn 3,tlg003,1,280,ἐν καλῇ βήσσῃ Κηφισίδος ἐγγύθι λίμνης.,ἐν καλῇ βήσσῃ Κηφισίδος ἐγγύθι λίμνης.,tlg0013.tlg003.perseus-grc2.xml
Hymn 3,tlg003,1,281,ἔνθεν καρπαλίμως προσέβης πρὸς δειράδα θύων,ἔνθεν καρπαλίμως προσέβης πρὸς δειράδα θύων,tlg0013.tlg003.perseus-grc2.xml
Hymn 3,tlg003,1,282,"ἵκεο δʼ ἐς Κρίσην ὑπὸ Παρνησὸν νιφόεντα,","ἵκεο δ’ ἐς Κρίσην ὑπὸ Παρνησὸν νιφόεντα,",tlg0013.tlg003.perseus-grc2.xml
Hymn 3,tlg003,1,283,"κνημὸν πρὸς Ζέφυρον τετραμμένον, αὐτὰρ ὕπερθεν","κνημὸν πρὸς Ζέφυρον τετραμμένον, αὐτὰρ ὕπερθεν",tlg0013.tlg003.perseus-grc2.xml
Hymn 3,tlg003,1,284,"πέτρη ἐπικρέμαται, κοίλη δʼ ὑποδέδρομε βῆσσα,","πέτρη ἐπικρέμαται, κοίλη δ’ ὑποδέδρομε βῆσσα,",tlg0013.tlg003.perseus-grc2.xml
Hymn 3,tlg003,1,285,τρηχεῖʼ· ἔνθα ἄναξ τεκμήρατο Φοῖβος Ἀπόλλων,τρηχεῖ’· ἔνθα ἄναξ τεκμήρατο Φοῖβος Ἀπόλλων,tlg0013.tlg003.perseus-grc2.xml
Hymn 3,tlg003,1,286,νηὸν ποιήσασθαι ἐπήρατον εἶπέ τε μῦθον·,νηὸν ποιήσασθαι ἐπήρατον εἶπέ τε μῦθον·,tlg0013.tlg003.perseus-grc2.xml
Hymn 3,tlg003,1,287,ἐνθάδε δὴ φρονέω τεῦξαι περικαλλέα νηὸν,ἐνθάδε δὴ φρονέω τεῦξαι περικαλλέα νηὸν,tlg0013.tlg003.perseus-grc2.xml
Hymn 3,tlg003,1,288,"ἔμμεναι ἀνθρώποις χρηστήριον, οἵτε μοι αἰεὶ","ἔμμεναι ἀνθρώποις χρηστήριον, οἵτε μοι αἰεὶ",tlg0013.tlg003.perseus-grc2.xml
Hymn 3,tlg003,1,289,"ἐνθάδʼ ἀγινήσουσι τεληέσσας ἑκατόμβας,","ἐνθάδ’ ἀγινήσουσι τεληέσσας ἑκατόμβας,",tlg0013.tlg003.perseus-grc2.xml
Hymn 3,tlg003,1,290,"ἠμὲν ὅσοι Πελοπόννησον πίειραν ἔχουσιν,","ἠμὲν ὅσοι Πελοπόννησον πίειραν ἔχουσιν,",tlg0013.tlg003.perseus-grc2.xml
Hymn 3,tlg003,1,291,"ἠδʼ ὅσοι Εὐρώπην τε καὶ ἀμφιρύτας κατὰ νήσους,","ἠδ’ ὅσοι Εὐρώπην τε καὶ ἀμφιρύτας κατὰ νήσους,",tlg0013.tlg003.perseus-grc2.xml
Hymn 3,tlg003,1,292,χρησόμενοι· τοῖσιν δʼ ἄρʼ ἐγὼ νημερτέα βουλὴν,χρησόμενοι· τοῖσιν δ’ ἄρ’ ἐγὼ νημερτέα βουλὴν,tlg0013.tlg003.perseus-grc2.xml
Hymn 3,tlg003,1,293,πᾶσι θεμιστεύοιμι χρέων ἐνὶ πίονι νηῷ.,πᾶσι θεμιστεύοιμι χρέων ἐνὶ πίονι νηῷ.,tlg0013.tlg003.perseus-grc2.xml
Hymn 3,tlg003,1,294,ὣς εἰπὼν διέθηκε θεμείλια Φοῖβος Ἀπόλλων,ὣς εἰπὼν διέθηκε θεμείλια Φοῖβος Ἀπόλλων,tlg0013.tlg003.perseus-grc2.xml
Hymn 3,tlg003,1,295,εὐρέα καὶ μάλα μακρὰ διηνεκές· αὐτὰρ ἐπʼ αὐτοῖς,εὐρέα καὶ μάλα μακρὰ διηνεκές· αὐτὰρ ἐπ’ αὐτοῖς,tlg0013.tlg003.perseus-grc2.xml
Hymn 3,tlg003,1,296,"λάινον οὐδὸν ἔθηκε Τροφώνιος ἠδʼ Ἀγαμήδης,","λάινον οὐδὸν ἔθηκε Τροφώνιος ἠδ’ Ἀγαμήδης,",tlg0013.tlg003.perseus-grc2.xml
Hymn 3,tlg003,1,297,"υἱέες Ἐργίνου, φίλοι ἀθανάτοισι θεοῖσιν·","υἱέες Ἐργίνου, φίλοι ἀθανάτοισι θεοῖσιν·",tlg0013.tlg003.perseus-grc2.xml
Hymn 3,tlg003,1,298,ἀμφὶ δὲ νηὸν ἔνασσαν ἀθέσφατα φῦλʼ ἀνθρώπων,ἀμφὶ δὲ νηὸν ἔνασσαν ἀθέσφατα φῦλ’ ἀνθρώπων,tlg0013.tlg003.perseus-grc2.xml
Hymn 3,tlg003,1,299,"ξεστοῖσιν λάεσσιν, ἀοίδιμον ἔμμεναι αἰεί.","ξεστοῖσιν λάεσσιν, ἀοίδιμον ἔμμεναι αἰεί.",tlg0013.tlg003.perseus-grc2.xml
Hymn 3,tlg003,1,300,"ἀγχοῦ δὲ κρήνη καλλίρροος, ἔνθα δράκαιναν","ἀγχοῦ δὲ κρήνη καλλίρροος, ἔνθα δράκαιναν",tlg0013.tlg003.perseus-grc2.xml
Hymn 3,tlg003,1,301,"κτεῖνεν ἄναξ, Διὸς υἱός, ἀπὸ κρατεροῖο βιοῖο,","κτεῖνεν ἄναξ, Διὸς υἱός, ἀπὸ κρατεροῖο βιοῖο,",tlg0013.tlg003.perseus-grc2.xml
Hymn 3,tlg003,1,302,"ζατρεφέα, μεγάλην, τέρας ἄγριον, ἣ κακὰ πολλὰ","ζατρεφέα, μεγάλην, τέρας ἄγριον, ἣ κακὰ πολλὰ",tlg0013.tlg003.perseus-grc2.xml
Hymn 3,tlg003,1,303,"ἀνθρώπους ἔρδεσκεν ἐπὶ χθονί, πολλὰ μὲν αὐτούς,","ἀνθρώπους ἔρδεσκεν ἐπὶ χθονί, πολλὰ μὲν αὐτούς,",tlg0013.tlg003.perseus-grc2.xml
Hymn 3,tlg003,1,304,"πολλὰ δὲ μῆλα ταναύποδʼ, ἐπεὶ πέλε πῆμα δαφοινόν.","πολλὰ δὲ μῆλα ταναύποδ’, ἐπεὶ πέλε πῆμα δαφοινόν.",tlg0013.tlg003.perseus-grc2.xml
Hymn 3,tlg003,1,305,καὶ ποτε δεξαμένη χρυσοθρόνου ἔτρεφεν Ἥρης,καὶ ποτε δεξαμένη χρυσοθρόνου ἔτρεφεν Ἥρης,tlg0013.tlg003.perseus-grc2.xml
Hymn 3,tlg003,1,306,"δεινόν τʼ ἀργαλέον τε Τυφάονα, πῆμα βροτοῖσιν·","δεινόν τ’ ἀργαλέον τε Τυφάονα, πῆμα βροτοῖσιν·",tlg0013.tlg003.perseus-grc2.xml
Hymn 3,tlg003,1,307,"ὅν ποτʼ ἄρʼ Ἥρη ἔτικτε χολωσαμένη Διὶ πατρί,","ὅν ποτ’ ἄρ’ Ἥρη ἔτικτε χολωσαμένη Διὶ πατρί,",tlg0013.tlg003.perseus-grc2.xml
Hymn 3,tlg003,1,308,ἡνίκʼ ἄρα Κρονίδης ἐρικυδέα γείνατʼ Ἀθήνην,ἡνίκ’ ἄρα Κρονίδης ἐρικυδέα γείνατ’ Ἀθήνην,tlg0013.tlg003.perseus-grc2.xml
Hymn 3,tlg003,1,309,ἐν κορυφῇ· ἣ δʼ αἶψα χολώσατο πότνια Ἥρη,ἐν κορυφῇ· ἣ δ’ αἶψα χολώσατο πότνια Ἥρη,tlg0013.tlg003.perseus-grc2.xml
Hymn 3,tlg003,1,310,ἠδὲ καὶ ἀγρομένοισι μετʼ ἀθανάτοισιν ἔειπε·,ἠδὲ καὶ ἀγρομένοισι μετ’ ἀθανάτοισιν ἔειπε·,tlg0013.tlg003.perseus-grc2.xml
Hymn 3,tlg003,1,311,"κέκλυτέ μευ, πάντες τε θεοὶ πᾶσαί τε θέαιναι,","κέκλυτέ μευ, πάντες τε θεοὶ πᾶσαί τε θέαιναι,",tlg0013.tlg003.perseus-grc2.xml
Hymn 3,tlg003,1,312,ὡς ἔμʼ ἀτιμάζειν ἄρχει νεφεληγερέτα Ζεὺς,ὡς ἔμ’ ἀτιμάζειν ἄρχει νεφεληγερέτα Ζεὺς,tlg0013.tlg003.perseus-grc2.xml
Hymn 3,tlg003,1,313,"πρῶτος, ἐπεί μʼ ἄλοχον ποιήσατο κέδνʼ εἰδυῖαν·","πρῶτος, ἐπεί μ’ ἄλοχον ποιήσατο κέδν’ εἰδυῖαν·",tlg0013.tlg003.perseus-grc2.xml
Hymn 3,tlg003,1,314,"καὶ νῦν νόσφιν ἐμεῖο τέκε γλαυκῶπιν Ἀθήνην,","καὶ νῦν νόσφιν ἐμεῖο τέκε γλαυκῶπιν Ἀθήνην,",tlg0013.tlg003.perseus-grc2.xml
Hymn 3,tlg003,1,315,ἣ πᾶσιν μακάρεσσι μεταπρέπει ἀθανάτοισιν·,ἣ πᾶσιν μακάρεσσι μεταπρέπει ἀθανάτοισιν·,tlg0013.tlg003.perseus-grc2.xml
Hymn 3,tlg003,1,316,αὐτὰρ ὅ γʼ ἠπεδανὸς γέγονεν μετὰ πᾶσι θεοῖσι,αὐτὰρ ὅ γ’ ἠπεδανὸς γέγονεν μετὰ πᾶσι θεοῖσι,tlg0013.tlg003.perseus-grc2.xml
Hymn 3,tlg003,1,317,"παῖς ἐμὸς Ἥφαιστος, ῥικνὸς πόδας, ὃν τέκον αὐτή·","παῖς ἐμὸς Ἥφαιστος, ῥικνὸς πόδας, ὃν τέκον αὐτή·",tlg0013.tlg003.perseus-grc2.xml
Hymn 3,tlg003,1,317a,αἶσχος ἐμοὶ καὶ ὄνειδος ἐν οὐρανῷ ὅντε καὶ αὐτή,αἶσχος ἐμοὶ καὶ ὄνειδος ἐν οὐρανῷ ὅντε καὶ αὐτή,tlg0013.tlg003.perseus-grc2.xml
Hymn 3,tlg003,1,318,ῥῖψʼ ἀνὰ χερσὶν ἑλοῦσα καὶ ἔμβαλον εὐρέι πόντῳ·,ῥῖψ’ ἀνὰ χερσὶν ἑλοῦσα καὶ ἔμβαλον εὐρέι πόντῳ·,tlg0013.tlg003.perseus-grc2.xml
Hymn 3,tlg003,1,319,ἀλλά ἑ Νηρῆος θυγάτηρ Θέτις ἀργυρόπεζα,ἀλλά ἑ Νηρῆος θυγάτηρ Θέτις ἀργυρόπεζα,tlg0013.tlg003.perseus-grc2.xml
Hymn 3,tlg003,1,320,δέξατο καὶ μετὰ ᾗσι κασιγνήτῃσι κόμισσεν.,δέξατο καὶ μετὰ ᾗσι κασιγνήτῃσι κόμισσεν.,tlg0013.tlg003.perseus-grc2.xml
Hymn 3,tlg003,1,321,ὡς ὄφελʼ ἄλλο θεοῖσι χαρίζεσθαι μακάρεσσι.,ὡς ὄφελ’ ἄλλο θεοῖσι χαρίζεσθαι μακάρεσσι.,tlg0013.tlg003.perseus-grc2.xml
Hymn 3,tlg003,1,322,"σχέτλιε, ποικιλομῆτα, τί νῦν μητίσεαι ἄλλο;","σχέτλιε, ποικιλομῆτα, τί νῦν μητίσεαι ἄλλο;",tlg0013.tlg003.perseus-grc2.xml
Hymn 3,tlg003,1,323,πῶς ἔτλης οἶος τεκέειν γλαυκῶπιν Ἀθήνην;,πῶς ἔτλης οἶος τεκέειν γλαυκῶπιν Ἀθήνην;,tlg0013.tlg003.perseus-grc2.xml
Hymn 3,tlg003,1,324,οὐκ ἂν ἐγὼ τεκόμην; καὶ σὴ κεκλημένη ἔμπης,οὐκ ἂν ἐγὼ τεκόμην; καὶ σὴ κεκλημένη ἔμπης,tlg0013.tlg003.perseus-grc2.xml
Hymn 3,tlg003,1,325,"ἦα ῥʼ ἐν ἀθανάτοισιν, οἳ οὐρανὸν εὐρὺν ἔχουσι.","ἦα ῥ’ ἐν ἀθανάτοισιν, οἳ οὐρανὸν εὐρὺν ἔχουσι.",tlg0013.tlg003.perseus-grc2.xml
Hymn 3,tlg003,1,325a,φράζεο νῦν μή τοί τι κακὸν μητίσομʼ ὀπίσσω.,φράζεο νῦν μή τοί τι κακὸν μητίσομ’ ὀπίσσω.,tlg0013.tlg003.perseus-grc2.xml
Hymn 3,tlg003,1,326,"καὶ νῦν μέντοι ἐγὼ τεχνήσομαι, ὥς κε γένηται","καὶ νῦν μέντοι ἐγὼ τεχνήσομαι, ὥς κε γένηται",tlg0013.tlg003.perseus-grc2.xml
Hymn 3,tlg003,1,327,"παῖς ἐμός, ὅς κε θεοῖσι μεταπρέποι ἀθανάτοισιν,","παῖς ἐμός, ὅς κε θεοῖσι μεταπρέποι ἀθανάτοισιν,",tlg0013.tlg003.perseus-grc2.xml
Hymn 3,tlg003,1,328,οὔτε σὸν αἰσχύνασʼ ἱερὸν λέχος οὔτʼ ἐμὸν αὐτῆς.,οὔτε σὸν αἰσχύνασ’ ἱερὸν λέχος οὔτ’ ἐμὸν αὐτῆς.,tlg0013.tlg003.perseus-grc2.xml
Hymn 3,tlg003,1,329,"οὐδέ τοι εἰς εὐνὴν πωλήσομαι, ἀλλʼ ἀπὸ σεῖο","οὐδέ τοι εἰς εὐνὴν πωλήσομαι, ἀλλ’ ἀπὸ σεῖο",tlg0013.tlg003.perseus-grc2.xml
Hymn 3,tlg003,1,330,τηλόθʼ ἐοῦσα θεοῖσι μετέσσομαι ἀθανάτοισιν.,τηλόθ’ ἐοῦσα θεοῖσι μετέσσομαι ἀθανάτοισιν.,tlg0013.tlg003.perseus-grc2.xml
Hymn 3,tlg003,1,331,ὣς εἰποῦσʼ ἀπὸ νόσφι θεῶν κίε χωομένη κῆρ.,ὣς εἰποῦσ’ ἀπὸ νόσφι θεῶν κίε χωομένη κῆρ.,tlg0013.tlg003.perseus-grc2.xml
Hymn 3,tlg003,1,332,"αὐτίκʼ ἔπειτʼ ἠρᾶτο βοῶπις πότνια Ἥρη,","αὐτίκ’ ἔπειτ’ ἠρᾶτο βοῶπις πότνια Ἥρη,",tlg0013.tlg003.perseus-grc2.xml
Hymn 3,tlg003,1,333,χειρὶ καταπρηνεῖ δʼ ἔλασε χθόνα καὶ φάτο μῦθον·,χειρὶ καταπρηνεῖ δ’ ἔλασε χθόνα καὶ φάτο μῦθον·,tlg0013.tlg003.perseus-grc2.xml
Hymn 3,tlg003,1,334,"κέκλυτε νῦν μευ, Γαῖα καὶ Οὐρανὸς εὐρὺς ὕπερθεν","κέκλυτε νῦν μευ, Γαῖα καὶ Οὐρανὸς εὐρὺς ὕπερθεν",tlg0013.tlg003.perseus-grc2.xml
Hymn 3,tlg003,1,335,"Τιτῆνές τε θεοί, τοὶ ὑπὸ χθονὶ ναιετάοντες","Τιτῆνές τε θεοί, τοὶ ὑπὸ χθονὶ ναιετάοντες",tlg0013.tlg003.perseus-grc2.xml
Hymn 3,tlg003,1,336,"Τάρταρον ἀμφὶ μέγαν, τῶν ἒξ ἄνδρες τε θεοί τε·","Τάρταρον ἀμφὶ μέγαν, τῶν ἒξ ἄνδρες τε θεοί τε·",tlg0013.tlg003.perseus-grc2.xml
Hymn 3,tlg003,1,337,αὐτοὶ νῦν μευ πάντες ἀκούσατε καὶ δότε παῖδα,αὐτοὶ νῦν μευ πάντες ἀκούσατε καὶ δότε παῖδα,tlg0013.tlg003.perseus-grc2.xml
Hymn 3,tlg003,1,338,"νόσφι Διός, μηδέν τι βίην ἐπιδευέα κείνου·","νόσφι Διός, μηδέν τι βίην ἐπιδευέα κείνου·",tlg0013.tlg003.perseus-grc2.xml
Hymn 3,tlg003,1,339,"ἀλλʼ ὅ γε φέρτερος ἔστω, ὅσον Κρόνου εὐρύοπα Ζεύς.","ἀλλ’ ὅ γε φέρτερος ἔστω, ὅσον Κρόνου εὐρύοπα Ζεύς.",tlg0013.tlg003.perseus-grc2.xml
Hymn 3,tlg003,1,340,ὣς ἄρα φωνήσασʼ ἵμασε χθόνα χειρὶ παχείῃ·,ὣς ἄρα φωνήσασ’ ἵμασε χθόνα χειρὶ παχείῃ·,tlg0013.tlg003.perseus-grc2.xml
Hymn 3,tlg003,1,341,κινήθη δʼ ἄρα Γαῖα φερέσβιος· ἣ δὲ ἰδοῦσα,κινήθη δ’ ἄρα Γαῖα φερέσβιος· ἣ δὲ ἰδοῦσα,tlg0013.tlg003.perseus-grc2.xml
Hymn 3,tlg003,1,342,τέρπετο ὃν κατὰ θυμόν· ὀίετο γὰρ τελέεσθαι.,τέρπετο ὃν κατὰ θυμόν· ὀίετο γὰρ τελέεσθαι.,tlg0013.tlg003.perseus-grc2.xml
Hymn 3,tlg003,1,343,ἐκ τούτου δὴ ἔπειτα τελεσφόρον εἰς ἐνιαυτὸν,ἐκ τούτου δὴ ἔπειτα τελεσφόρον εἰς ἐνιαυτὸν,tlg0013.tlg003.perseus-grc2.xml
Hymn 3,tlg003,1,344,"οὔτε πότʼ εἰς εὐνὴν Διὸς ἤλυθε μητιόεντος,","οὔτε πότ’ εἰς εὐνὴν Διὸς ἤλυθε μητιόεντος,",tlg0013.tlg003.perseus-grc2.xml
Hymn 3,tlg003,1,345,"οὔτε πότʼ ἐς θῶκον πολυδαίδαλον, ὡς τὸ πάρος περ","οὔτε πότ’ ἐς θῶκον πολυδαίδαλον, ὡς τὸ πάρος περ",tlg0013.tlg003.perseus-grc2.xml
Hymn 3,tlg003,1,346,αὐτῷ ἐφεζομένη πυκινὰς φραζέσκετο βουλάς·,αὐτῷ ἐφεζομένη πυκινὰς φραζέσκετο βουλάς·,tlg0013.tlg003.perseus-grc2.xml
Hymn 3,tlg003,1,347,ἀλλʼ ἥ γʼ ἐν νηοῖσι πολυλλίστοισι μένουσα,ἀλλ’ ἥ γ’ ἐν νηοῖσι πολυλλίστοισι μένουσα,tlg0013.tlg003.perseus-grc2.xml
Hymn 3,tlg003,1,348,τέρπετο οἷς ἱεροῖσι βοῶπις πότνια Ἥρη.,τέρπετο οἷς ἱεροῖσι βοῶπις πότνια Ἥρη.,tlg0013.tlg003.perseus-grc2.xml
Hymn 3,tlg003,1,349,ἀλλʼ ὅτε δὴ μῆνές τε καὶ ἡμέραι ἐξετελεῦντο,ἀλλ’ ὅτε δὴ μῆνές τε καὶ ἡμέραι ἐξετελεῦντο,tlg0013.tlg003.perseus-grc2.xml
Hymn 3,tlg003,1,350,"ἂψ περιτελλομένου ἔτεος καὶ ἐπήλυθον ὧραι,","ἂψ περιτελλομένου ἔτεος καὶ ἐπήλυθον ὧραι,",tlg0013.tlg003.perseus-grc2.xml
Hymn 3,tlg003,1,351,"ἣ δʼ ἔτεκʼ οὔτε θεοῖς ἐναλίγκιον οὔτε βροτοῖσι,","ἣ δ’ ἔτεκ’ οὔτε θεοῖς ἐναλίγκιον οὔτε βροτοῖσι,",tlg0013.tlg003.perseus-grc2.xml
Hymn 3,tlg003,1,352,"δεινόν τʼ ἀργαλέον τε Τυφάονα, πῆμα βροτοῖσιν.","δεινόν τ’ ἀργαλέον τε Τυφάονα, πῆμα βροτοῖσιν.",tlg0013.tlg003.perseus-grc2.xml
Hymn 3,tlg003,1,353,αὐτίκα τόνδε λαβοῦσα βοῶπις πότνια Ἥρη,αὐτίκα τόνδε λαβοῦσα βοῶπις πότνια Ἥρη,tlg0013.tlg003.perseus-grc2.xml
Hymn 3,tlg003,1,354,δῶκεν ἔπειτα φέρουσα κακῷ κακόν· ἣ δʼ ὑπέδεκτο.,δῶκεν ἔπειτα φέρουσα κακῷ κακόν· ἣ δ’ ὑπέδεκτο.,tlg0013.tlg003.perseus-grc2.xml
Hymn 3,tlg003,1,355,ὃς κακὰ πόλλʼ ἔρδεσκεν ἀγακλυτὰ φῦλʼ ἀνθρώπων·,ὃς κακὰ πόλλ’ ἔρδεσκεν ἀγακλυτὰ φῦλ’ ἀνθρώπων·,tlg0013.tlg003.perseus-grc2.xml
Hymn 3,tlg003,1,356,"ὃς τῇ γʼ ἀντιάσειε, φέρεσκέ μιν αἴσιμον ἦμαρ,","ὃς τῇ γ’ ἀντιάσειε, φέρεσκέ μιν αἴσιμον ἦμαρ,",tlg0013.tlg003.perseus-grc2.xml
Hymn 3,tlg003,1,357,πρίν γέ οἱ ἰὸν ἐφῆκε ἄναξ ἑκάεργος Ἀπόλλων,πρίν γέ οἱ ἰὸν ἐφῆκε ἄναξ ἑκάεργος Ἀπόλλων,tlg0013.tlg003.perseus-grc2.xml
Hymn 3,tlg003,1,358,καρτερόν· ἣ δʼ ὀδύνῃσιν ἐρεχθομένη χαλεπῇσι,καρτερόν· ἣ δ’ ὀδύνῃσιν ἐρεχθομένη χαλεπῇσι,tlg0013.tlg003.perseus-grc2.xml
Hymn 3,tlg003,1,359,κεῖτο μέγʼ ἀσθμαίνουσα κυλινδομένη κατὰ χῶρον.,κεῖτο μέγ’ ἀσθμαίνουσα κυλινδομένη κατὰ χῶρον.,tlg0013.tlg003.perseus-grc2.xml
Hymn 3,tlg003,1,360,θεσπεσίη δʼ ἐνοπὴ γένετʼ ἄσπετος· ἣ δὲ καθʼ ὕλην,θεσπεσίη δ’ ἐνοπὴ γένετ’ ἄσπετος· ἣ δὲ καθ’ ὕλην,tlg0013.tlg003.perseus-grc2.xml
Hymn 3,tlg003,1,361,"πυκνὰ μάλʼ ἔνθα καὶ ἔνθα ἑλίσσετο, λεῖπε δὲ θυμὸν","πυκνὰ μάλ’ ἔνθα καὶ ἔνθα ἑλίσσετο, λεῖπε δὲ θυμὸν",tlg0013.tlg003.perseus-grc2.xml
Hymn 3,tlg003,1,362,φοινὸν ἀποπνείουσʼ· ὃ δʼ ἐπηύξατο Φοῖβος Ἀπόλλων·,φοινὸν ἀποπνείουσ’· ὃ δ’ ἐπηύξατο Φοῖβος Ἀπόλλων·,tlg0013.tlg003.perseus-grc2.xml
Hymn 3,tlg003,1,363,ἐνταυθοῖ νῦν πύθευ ἐπὶ χθονὶ βωτιανείρῃ·,ἐνταυθοῖ νῦν πύθευ ἐπὶ χθονὶ βωτιανείρῃ·,tlg0013.tlg003.perseus-grc2.xml
Hymn 3,tlg003,1,364,οὐδὲ σύ γε ζώουσα κακὸν δήλημα βροτοῖσιν,οὐδὲ σύ γε ζώουσα κακὸν δήλημα βροτοῖσιν,tlg0013.tlg003.perseus-grc2.xml
Hymn 3,tlg003,1,365,"ἔσσεαι, οἳ γαίης πολυφόρβου καρπὸν ἔδοντες","ἔσσεαι, οἳ γαίης πολυφόρβου καρπὸν ἔδοντες",tlg0013.tlg003.perseus-grc2.xml
Hymn 3,tlg003,1,366,ἐνθάδʼ ἀγινήσουσι τεληέσσας ἑκατόμβας·,ἐνθάδ’ ἀγινήσουσι τεληέσσας ἑκατόμβας·,tlg0013.tlg003.perseus-grc2.xml
Hymn 3,tlg003,1,367,οὐδέ τί τοι θάνατόν γε δυσηλεγέʼ οὔτε Τυφωεὺς,οὐδέ τί τοι θάνατόν γε δυσηλεγέ’ οὔτε Τυφωεὺς,tlg0013.tlg003.perseus-grc2.xml
Hymn 3,tlg003,1,368,"ἀρκέσει οὔτε Χίμαιρα δυσώνυμος, ἀλλά σέ γʼ αὐτοῦ","ἀρκέσει οὔτε Χίμαιρα δυσώνυμος, ἀλλά σέ γ’ αὐτοῦ",tlg0013.tlg003.perseus-grc2.xml
Hymn 3,tlg003,1,369,πύσει Γαῖα μέλαινα καὶ ἠλέκτωρ Ὑπερίων.,πύσει Γαῖα μέλαινα καὶ ἠλέκτωρ Ὑπερίων.,tlg0013.tlg003.perseus-grc2.xml
Hymn 3,tlg003,1,370,ὣς φάτʼ ἐπευχόμενος· τὴν δὲ σκότος ὄσσε κάλυψε.,ὣς φάτ’ ἐπευχόμενος· τὴν δὲ σκότος ὄσσε κάλυψε.,tlg0013.tlg003.perseus-grc2.xml
Hymn 3,tlg003,1,371,"τὴν δʼ αὐτοῦ κατέπυσʼ ἱερὸν μένος Ἠελίοιο,","τὴν δ’ αὐτοῦ κατέπυσ’ ἱερὸν μένος Ἠελίοιο,",tlg0013.tlg003.perseus-grc2.xml
Hymn 3,tlg003,1,372,ἐξ οὗ νῦν Πυθὼ κικλήσκεται· οἳ δὲ ἄνακτα,ἐξ οὗ νῦν Πυθὼ κικλήσκεται· οἳ δὲ ἄνακτα,tlg0013.tlg003.perseus-grc2.xml
Hymn 3,tlg003,1,373,"Πύθιον ἀγκαλέουσιν ἐπώνυμον, οὕνεκα κεῖθι","Πύθιον ἀγκαλέουσιν ἐπώνυμον, οὕνεκα κεῖθι",tlg0013.tlg003.perseus-grc2.xml
Hymn 3,tlg003,1,374,αὐτοῦ πῦσε πέλωρ μένος ὀξέος Ἠελίοιο.,αὐτοῦ πῦσε πέλωρ μένος ὀξέος Ἠελίοιο.,tlg0013.tlg003.perseus-grc2.xml
Hymn 3,tlg003,1,375,"καὶ τότʼ ἄρʼ ἔγνω ᾗσιν ἐνὶ φρεσὶ Φοῖβος Ἀπόλλων,","καὶ τότ’ ἄρ’ ἔγνω ᾗσιν ἐνὶ φρεσὶ Φοῖβος Ἀπόλλων,",tlg0013.tlg003.perseus-grc2.xml
Hymn 3,tlg003,1,376,οὕνεκά μιν κρήνη καλλίρροος ἐξαπάφησε·,οὕνεκά μιν κρήνη καλλίρροος ἐξαπάφησε·,tlg0013.tlg003.perseus-grc2.xml
Hymn 3,tlg003,1,377,"βῆ δʼ ἐπὶ Τελφούσῃ κεχολωμένος, αἶψα δʼ ἵκανε·","βῆ δ’ ἐπὶ Τελφούσῃ κεχολωμένος, αἶψα δ’ ἵκανε·",tlg0013.tlg003.perseus-grc2.xml
Hymn 3,tlg003,1,378,στῆ δὲ μάλʼ ἄγχʼ αὐτῆς καί μιν πρὸς μῦθον ἔειπε·,στῆ δὲ μάλ’ ἄγχ’ αὐτῆς καί μιν πρὸς μῦθον ἔειπε·,tlg0013.tlg003.perseus-grc2.xml
Hymn 3,tlg003,1,379,"Τελφοῦσʼ, οὐκ ἄρʼ ἔμελλες ἐμὸν νόον ἐξαπαφοῦσα","Τελφοῦσ’, οὐκ ἄρ’ ἔμελλες ἐμὸν νόον ἐξαπαφοῦσα",tlg0013.tlg003.perseus-grc2.xml
Hymn 3,tlg003,1,380,χῶρον ἔχουσʼ ἐρατὸν προρέειν καλλίρροον ὕδωρ.,χῶρον ἔχουσ’ ἐρατὸν προρέειν καλλίρροον ὕδωρ.,tlg0013.tlg003.perseus-grc2.xml
Hymn 3,tlg003,1,381,"ἐνθάδε δὴ καὶ ἐμὸν κλέος ἔσσεται, οὐδὲ σὸν οἴης.","ἐνθάδε δὴ καὶ ἐμὸν κλέος ἔσσεται, οὐδὲ σὸν οἴης.",tlg0013.tlg003.perseus-grc2.xml
Hymn 3,tlg003,1,382,ἦ καὶ ἐπὶ ῥίον ὦσε ἄναξ ἑκάεργος Ἀπόλλων,ἦ καὶ ἐπὶ ῥίον ὦσε ἄναξ ἑκάεργος Ἀπόλλων,tlg0013.tlg003.perseus-grc2.xml
Hymn 3,tlg003,1,383,"πετραίῃς προχυτῇσιν, ἀπέκρυψεν δὲ ῥέεθρα","πετραίῃς προχυτῇσιν, ἀπέκρυψεν δὲ ῥέεθρα",tlg0013.tlg003.perseus-grc2.xml
Hymn 3,tlg003,1,384,"καὶ βωμὸν ποιήσατʼ ἐν ἄλσεϊ δενδρήεντι,","καὶ βωμὸν ποιήσατ’ ἐν ἄλσεϊ δενδρήεντι,",tlg0013.tlg003.perseus-grc2.xml
Hymn 3,tlg003,1,385,ἄγχι μάλα κρήνης καλλιρρόου· ἔνθαδʼ ἄνακτι,ἄγχι μάλα κρήνης καλλιρρόου· ἔνθαδ’ ἄνακτι,tlg0013.tlg003.perseus-grc2.xml
Hymn 3,tlg003,1,386,"πάντες ἐπίκλησιν Τελφουσίῳ εὐχετόωνται,","πάντες ἐπίκλησιν Τελφουσίῳ εὐχετόωνται,",tlg0013.tlg003.perseus-grc2.xml
Hymn 3,tlg003,1,387,οὕνεκα Τελφούσης ἱερῆς ᾔσχυνε ῥέεθρα.,οὕνεκα Τελφούσης ἱερῆς ᾔσχυνε ῥέεθρα.,tlg0013.tlg003.perseus-grc2.xml
Hymn 3,tlg003,1,388,"καὶ τότε δὴ κατὰ θυμὸν ἐφράζετο Φοῖβος Απόλλων,","καὶ τότε δὴ κατὰ θυμὸν ἐφράζετο Φοῖβος Απόλλων,",tlg0013.tlg003.perseus-grc2.xml
Hymn 3,tlg003,1,389,"οὕστινας ἀνθρώπους ὀργείονας εἰσαγάγοιτο,","οὕστινας ἀνθρώπους ὀργείονας εἰσαγάγοιτο,",tlg0013.tlg003.perseus-grc2.xml
Hymn 3,tlg003,1,390,οἳ θεραπεύσονται Πυθοῖ ἔνι πετρηέσσῃ·,οἳ θεραπεύσονται Πυθοῖ ἔνι πετρηέσσῃ·,tlg0013.tlg003.perseus-grc2.xml
Hymn 3,tlg003,1,391,ταῦτʼ ἄρα ὁρμαίνων ἐνόησʼ ἐπὶ οἴνοπι πόντῳ,ταῦτ’ ἄρα ὁρμαίνων ἐνόησ’ ἐπὶ οἴνοπι πόντῳ,tlg0013.tlg003.perseus-grc2.xml
Hymn 3,tlg003,1,392,"νῆα θοήν· ἐν δʼ ἄνδρες ἔσαν πολέες τε καὶ ἐσθλοί,","νῆα θοήν· ἐν δ’ ἄνδρες ἔσαν πολέες τε καὶ ἐσθλοί,",tlg0013.tlg003.perseus-grc2.xml
Hymn 3,tlg003,1,393,"Κρῆτες ἀπὸ Κνωσοῦ Μινωίου, οἵ ῥα ἄνακτι","Κρῆτες ἀπὸ Κνωσοῦ Μινωίου, οἵ ῥα ἄνακτι",tlg0013.tlg003.perseus-grc2.xml
Hymn 3,tlg003,1,394,ἱερά τε ῥέζουσι καὶ ἀγγέλλουσι θέμιστας,ἱερά τε ῥέζουσι καὶ ἀγγέλλουσι θέμιστας,tlg0013.tlg003.perseus-grc2.xml
Hymn 3,tlg003,1,395,"φοίβου Ἀπόλλωνος χρυσαόρου, ὅττι κεν εἴπῃ","φοίβου Ἀπόλλωνος χρυσαόρου, ὅττι κεν εἴπῃ",tlg0013.tlg003.perseus-grc2.xml
Hymn 3,tlg003,1,396,χρείων ἐκ δάφνης γυάλων ὕπο Παρνησοῖο.,χρείων ἐκ δάφνης γυάλων ὕπο Παρνησοῖο.,tlg0013.tlg003.perseus-grc2.xml
Hymn 3,tlg003,1,397,οἳ μὲν ἐπὶ πρῆξιν καὶ χρήματα νηὶ μελαίνῃ,οἳ μὲν ἐπὶ πρῆξιν καὶ χρήματα νηὶ μελαίνῃ,tlg0013.tlg003.perseus-grc2.xml
Hymn 3,tlg003,1,398,ἐς Πύλον ἠμαθόεντα Πυλοιγενέας τʼ ἀνθρώπους,ἐς Πύλον ἠμαθόεντα Πυλοιγενέας τ’ ἀνθρώπους,tlg0013.tlg003.perseus-grc2.xml
Hymn 3,tlg003,1,399,ἔπλεον· αὐτὰρ ὃ τοῖσι συνήντετο Φοῖβος Ἀπόλλων·,ἔπλεον· αὐτὰρ ὃ τοῖσι συνήντετο Φοῖβος Ἀπόλλων·,tlg0013.tlg003.perseus-grc2.xml
Hymn 3,tlg003,1,400,ἐν πόντῳ δʼ ἐπόρουσε δέμας δελφῖνι ἐοικὼς,ἐν πόντῳ δ’ ἐπόρουσε δέμας δελφῖνι ἐοικὼς,tlg0013.tlg003.perseus-grc2.xml
Hymn 3,tlg003,1,401,νηὶ θοῇ καὶ κεῖτο πέλωρ μέγα τε δεινόν τε·,νηὶ θοῇ καὶ κεῖτο πέλωρ μέγα τε δεινόν τε·,tlg0013.tlg003.perseus-grc2.xml
Hymn 3,tlg003,1,402,τῶν δʼ οὔτις κατὰ θυμὸν ἐπεφράσαθʼ ὥστε νοῆσαι,τῶν δ’ οὔτις κατὰ θυμὸν ἐπεφράσαθ’ ὥστε νοῆσαι,tlg0013.tlg003.perseus-grc2.xml
Hymn 3,tlg003,1,402a,ἐκβάλλειν δʼ ἔθελον δελφῖνʼ· ὁ δὲ νῆα μέλαιναν,ἐκβάλλειν δ’ ἔθελον δελφῖν’· ὁ δὲ νῆα μέλαιναν,tlg0013.tlg003.perseus-grc2.xml
Hymn 3,tlg003,1,403,"πάντοσʼ ἀνασσείσασκε, τίνασσε δὲ νήια δοῦρα.","πάντοσ’ ἀνασσείσασκε, τίνασσε δὲ νήια δοῦρα.",tlg0013.tlg003.perseus-grc2.xml
Hymn 3,tlg003,1,404,οἳ δʼ ἀκέων ἐνὶ νηὶ καθήατο δειμαίνοντες·,οἳ δ’ ἀκέων ἐνὶ νηὶ καθήατο δειμαίνοντες·,tlg0013.tlg003.perseus-grc2.xml
Hymn 3,tlg003,1,405,"οὐδʼ οἵ γʼ ὅπλʼ ἔλυον κοίλην ἀνὰ νῆα μέλαιναν,","οὐδ’ οἵ γ’ ὅπλ’ ἔλυον κοίλην ἀνὰ νῆα μέλαιναν,",tlg0013.tlg003.perseus-grc2.xml
Hymn 3,tlg003,1,406,"οὐδʼ ἔλυον λαῖφος νηὸς κυανοπρώροιο,","οὐδ’ ἔλυον λαῖφος νηὸς κυανοπρώροιο,",tlg0013.tlg003.perseus-grc2.xml
Hymn 3,tlg003,1,407,"ἀλλʼ ὡς τὰ πρώτιστα κατεστήσαντο βοεῦσιν,","ἀλλ’ ὡς τὰ πρώτιστα κατεστήσαντο βοεῦσιν,",tlg0013.tlg003.perseus-grc2.xml
Hymn 3,tlg003,1,408,ὣς ἔπλεον· κραιπνὸς δὲ Νότος κατόπισθεν ἔπειγε,ὣς ἔπλεον· κραιπνὸς δὲ Νότος κατόπισθεν ἔπειγε,tlg0013.tlg003.perseus-grc2.xml
Hymn 3,tlg003,1,409,"νῆα θοήν· πρῶτον δὲ παρημείβοντο Μάλειαν,","νῆα θοήν· πρῶτον δὲ παρημείβοντο Μάλειαν,",tlg0013.tlg003.perseus-grc2.xml
Hymn 3,tlg003,1,410,πὰρ δὲ Λακωνίδα γαῖαν ἁλιστέφανον πτολίεθρον,πὰρ δὲ Λακωνίδα γαῖαν ἁλιστέφανον πτολίεθρον,tlg0013.tlg003.perseus-grc2.xml
Hymn 3,tlg003,1,411,"ἷξον καὶ χῶρον τερψιμβρότου Ἠελίοιο,","ἷξον καὶ χῶρον τερψιμβρότου Ἠελίοιο,",tlg0013.tlg003.perseus-grc2.xml
Hymn 3,tlg003,1,412,"Ταίναρον, ἔνθα τε μῆλα βαθύτριχα βόσκεται αἰεὶ","Ταίναρον, ἔνθα τε μῆλα βαθύτριχα βόσκεται αἰεὶ",tlg0013.tlg003.perseus-grc2.xml
Hymn 3,tlg003,1,413,"Ἠελίοιο ἄνακτος, ἔχει δʼ ἐπιτερπέα χῶρον.","Ἠελίοιο ἄνακτος, ἔχει δ’ ἐπιτερπέα χῶρον.",tlg0013.tlg003.perseus-grc2.xml
Hymn 3,tlg003,1,414,οἳ μὲν ἄρʼ ἔνθʼ ἔθελον νῆα σχεῖν ἠδʼ ἀποβάντες,οἳ μὲν ἄρ’ ἔνθ’ ἔθελον νῆα σχεῖν ἠδ’ ἀποβάντες,tlg0013.tlg003.perseus-grc2.xml
Hymn 3,tlg003,1,415,"φράσσασθαι μέγα θαῦμα καὶ ὀφθαλμοῖσιν ἰδέσθαι,","φράσσασθαι μέγα θαῦμα καὶ ὀφθαλμοῖσιν ἰδέσθαι,",tlg0013.tlg003.perseus-grc2.xml
Hymn 3,tlg003,1,416,εἰ μενέει νηὸς γλαφυρῆς δαπέδοισι πέλωρον,εἰ μενέει νηὸς γλαφυρῆς δαπέδοισι πέλωρον,tlg0013.tlg003.perseus-grc2.xml
Hymn 3,tlg003,1,417,ἢ εἰς οἶδμʼ ἅλιον πολυΐχθυον αὖτις ὀρούσει.,ἢ εἰς οἶδμ’ ἅλιον πολυΐχθυον αὖτις ὀρούσει.,tlg0013.tlg003.perseus-grc2.xml
Hymn 3,tlg003,1,418,"ἀλλʼ οὐ πηδαλίοισιν ἐπείθετο νηῦς εὐεργής,","ἀλλ’ οὐ πηδαλίοισιν ἐπείθετο νηῦς εὐεργής,",tlg0013.tlg003.perseus-grc2.xml
Hymn 3,tlg003,1,419,ἀλλὰ παρὲκ Πελοπόννησον πίειραν ἔχουσα,ἀλλὰ παρὲκ Πελοπόννησον πίειραν ἔχουσα,tlg0013.tlg003.perseus-grc2.xml
Hymn 3,tlg003,1,420,ἤιʼ ὁδόν· πνοιῇ δὲ ἄναξ ἑκάεργος Ἀπόλλων,ἤι’ ὁδόν· πνοιῇ δὲ ἄναξ ἑκάεργος Ἀπόλλων,tlg0013.tlg003.perseus-grc2.xml
Hymn 3,tlg003,1,421,ῥηιδίως ἴθυνʼ· ἣ δὲ πρήσσουσα κέλευθον,ῥηιδίως ἴθυν’· ἣ δὲ πρήσσουσα κέλευθον,tlg0013.tlg003.perseus-grc2.xml
Hymn 3,tlg003,1,422,Ἀρήνην ἵκανε καὶ Ἀργυφέην ἐρατεινὴν,Ἀρήνην ἵκανε καὶ Ἀργυφέην ἐρατεινὴν,tlg0013.tlg003.perseus-grc2.xml
Hymn 3,tlg003,1,423,"καὶ Θρύον, Ἀλφειοῖο πόρον, καὶ ἐύκτιτον Αἶπυ","καὶ Θρύον, Ἀλφειοῖο πόρον, καὶ ἐύκτιτον Αἶπυ",tlg0013.tlg003.perseus-grc2.xml
Hymn 3,tlg003,1,424,καὶ Πύλον ἠμαθόεντα Πυλοιγενέας τʼ ἀνθρώπους.,καὶ Πύλον ἠμαθόεντα Πυλοιγενέας τ’ ἀνθρώπους.,tlg0013.tlg003.perseus-grc2.xml
Hymn 3,tlg003,1,425,βῆ δὲ παρὰ Κπουνοὺς καὶ Χαλκίδα καὶ παρὰ Δύμην,βῆ δὲ παρὰ Κπουνοὺς καὶ Χαλκίδα καὶ παρὰ Δύμην,tlg0013.tlg003.perseus-grc2.xml
Hymn 3,tlg003,1,426,"ἠδὲ παρʼ Ἤλιδα δῖαν, ὅθι κρατέουσιν Ἐπειοί.","ἠδὲ παρ’ Ἤλιδα δῖαν, ὅθι κρατέουσιν Ἐπειοί.",tlg0013.tlg003.perseus-grc2.xml
Hymn 3,tlg003,1,427,"εὖτε Φερὰς ἐπέβαλλεν, ἀγαλλομένη Διὸς οὔρῳ,","εὖτε Φερὰς ἐπέβαλλεν, ἀγαλλομένη Διὸς οὔρῳ,",tlg0013.tlg003.perseus-grc2.xml
Hymn 3,tlg003,1,428,καί σφιν ὑπὲκ νεφέων Ἰθάκης τʼ ὄρος αἰπὺ πέφαντο,καί σφιν ὑπὲκ νεφέων Ἰθάκης τ’ ὄρος αἰπὺ πέφαντο,tlg0013.tlg003.perseus-grc2.xml
Hymn 3,tlg003,1,429,Δουλίχιόν τε Σάμη τε καὶ ὑλήεσσα Ζάκυνθος.,Δουλίχιόν τε Σάμη τε καὶ ὑλήεσσα Ζάκυνθος.,tlg0013.tlg003.perseus-grc2.xml
Hymn 3,tlg003,1,430,ἀλλʼ ὅτε δὴ Πελοπόννησον παρενίσατο πᾶσαν,ἀλλ’ ὅτε δὴ Πελοπόννησον παρενίσατο πᾶσαν,tlg0013.tlg003.perseus-grc2.xml
Hymn 3,tlg003,1,431,"καὶ δὴ ἐπὶ Κρίσης κατεφαίνετο κόλπος ἀπείρων,","καὶ δὴ ἐπὶ Κρίσης κατεφαίνετο κόλπος ἀπείρων,",tlg0013.tlg003.perseus-grc2.xml
Hymn 3,tlg003,1,432,ὅστε διὲκ Πελοπόννησον πίειραν ἐέργει·,ὅστε διὲκ Πελοπόννησον πίειραν ἐέργει·,tlg0013.tlg003.perseus-grc2.xml
Hymn 3,tlg003,1,433,"ἦλθʼ ἄνεμος Ζέφυρος μέγας, αἴθριος, ἐκ Διὸς αἴσης,","ἦλθ’ ἄνεμος Ζέφυρος μέγας, αἴθριος, ἐκ Διὸς αἴσης,",tlg0013.tlg003.perseus-grc2.xml
Hymn 3,tlg003,1,434,"λάβρος ἐπαιγίζων ἐξ αἰθέρος, ὄφρα τάχιστα","λάβρος ἐπαιγίζων ἐξ αἰθέρος, ὄφρα τάχιστα",tlg0013.tlg003.perseus-grc2.xml
Hymn 3,tlg003,1,435,νηῦς ἀνύσειε θέουσα θαλάσσης ἁλμυρὸν ὕδωρ.,νηῦς ἀνύσειε θέουσα θαλάσσης ἁλμυρὸν ὕδωρ.,tlg0013.tlg003.perseus-grc2.xml
Hymn 3,tlg003,1,436,ἄψορροι δὴ ἔπειτα πρὸς ἠῶ τʼ ἠέλιόν τε,ἄψορροι δὴ ἔπειτα πρὸς ἠῶ τ’ ἠέλιόν τε,tlg0013.tlg003.perseus-grc2.xml
Hymn 3,tlg003,1,437,ἔπλεον· ἡγεμόνευε δʼ ἄναξ Διὸς υἱὸς Ἀπόλλων·,ἔπλεον· ἡγεμόνευε δ’ ἄναξ Διὸς υἱὸς Ἀπόλλων·,tlg0013.tlg003.perseus-grc2.xml
Hymn 3,tlg003,1,438,"ἷξον δʼ ἐς Κρίσην εὐδείελον, ἀμπελόεσσαν,","ἷξον δ’ ἐς Κρίσην εὐδείελον, ἀμπελόεσσαν,",tlg0013.tlg003.perseus-grc2.xml
Hymn 3,tlg003,1,439,ἐς λιμένʼ· ἣ δʼ ἀμάθοισιν ἐχρίμψατο ποντοπόρος νηῦς.,ἐς λιμέν’· ἣ δ’ ἀμάθοισιν ἐχρίμψατο ποντοπόρος νηῦς.,tlg0013.tlg003.perseus-grc2.xml
Hymn 3,tlg003,1,440,"ἔνθʼ ἐκ νηὸς ὄρουσε ἄναξ ἑκάεργος Ἀπόλλων,","ἔνθ’ ἐκ νηὸς ὄρουσε ἄναξ ἑκάεργος Ἀπόλλων,",tlg0013.tlg003.perseus-grc2.xml
Hymn 3,tlg003,1,441,ἀστέρι εἰδόμενος μέσῳ ἤματι· τοῦ δʼ ἀπὸ πολλαὶ,ἀστέρι εἰδόμενος μέσῳ ἤματι· τοῦ δ’ ἀπὸ πολλαὶ,tlg0013.tlg003.perseus-grc2.xml
Hymn 3,tlg003,1,442,"σπινθαρίδες πωτῶντο, σέλας δʼ εἰς οὐρανὸν ἷκεν·","σπινθαρίδες πωτῶντο, σέλας δ’ εἰς οὐρανὸν ἷκεν·",tlg0013.tlg003.perseus-grc2.xml
Hymn 3,tlg003,1,443,ἐς δʼ ἄδυτον κατέδυσε διὰ τριπόδων ἐριτίμων.,ἐς δ’ ἄδυτον κατέδυσε διὰ τριπόδων ἐριτίμων.,tlg0013.tlg003.perseus-grc2.xml
Hymn 3,tlg003,1,444,ἔνθʼ ἄρʼ ὅ γε φλόγα δαῖε πιφαυσκόμενος τὰ ἃ κῆλα·,ἔνθ’ ἄρ’ ὅ γε φλόγα δαῖε πιφαυσκόμενος τὰ ἃ κῆλα·,tlg0013.tlg003.perseus-grc2.xml
Hymn 3,tlg003,1,445,πᾶσαν δὲ Κρίσην κάτεχεν σέλας· αἳ δʼ ὀλόλυξαν,πᾶσαν δὲ Κρίσην κάτεχεν σέλας· αἳ δ’ ὀλόλυξαν,tlg0013.tlg003.perseus-grc2.xml
Hymn 3,tlg003,1,446,Κρισαίων ἄλοχοι καλλίζωνοί τε θύγατρες,Κρισαίων ἄλοχοι καλλίζωνοί τε θύγατρες,tlg0013.tlg003.perseus-grc2.xml
Hymn 3,tlg003,1,447,Φοίβου ὑπὸ ῥιπῆς· μέγα γὰρ δέος ἔμβαλʼ ἑκάστῳ.,Φοίβου ὑπὸ ῥιπῆς· μέγα γὰρ δέος ἔμβαλ’ ἑκάστῳ.,tlg0013.tlg003.perseus-grc2.xml
Hymn 3,tlg003,1,448,"ἔνθεν δʼ αὖτʼ ἐπὶ νῆα νόημʼ ὣς ἆλτο πέτεσθαι,","ἔνθεν δ’ αὖτ’ ἐπὶ νῆα νόημ’ ὣς ἆλτο πέτεσθαι,",tlg0013.tlg003.perseus-grc2.xml
Hymn 3,tlg003,1,449,"ἀνέρι εἰδόμενος αἰζηῷ τε κρατερῷ τε,","ἀνέρι εἰδόμενος αἰζηῷ τε κρατερῷ τε,",tlg0013.tlg003.perseus-grc2.xml
Hymn 3,tlg003,1,450,"πρωθήβῃ, χαίτῃς εἰλυμένος εὐρέας ὤμους·","πρωθήβῃ, χαίτῃς εἰλυμένος εὐρέας ὤμους·",tlg0013.tlg003.perseus-grc2.xml
Hymn 3,tlg003,1,451,καί σφεας φωνήσας ἔπεα πτερόεντα προσηύδα·,καί σφεας φωνήσας ἔπεα πτερόεντα προσηύδα·,tlg0013.tlg003.perseus-grc2.xml
Hymn 3,tlg003,1,452,"ὦ ξεῖνοι, τίνες ἐστέ; πόθεν πλεῖθʼ ὑγρὰ κέλευθα;","ὦ ξεῖνοι, τίνες ἐστέ; πόθεν πλεῖθ’ ὑγρὰ κέλευθα;",tlg0013.tlg003.perseus-grc2.xml
Hymn 3,tlg003,1,453,ἤ τι κατὰ πρῆξιν ἢ μαψιδίως ἀλάλησθε,ἤ τι κατὰ πρῆξιν ἢ μαψιδίως ἀλάλησθε,tlg0013.tlg003.perseus-grc2.xml
Hymn 3,tlg003,1,454,"οἷά τε ληιστῆρες ὑπεὶρ ἅλα, τοί τʼ ἀλόωνται","οἷά τε ληιστῆρες ὑπεὶρ ἅλα, τοί τ’ ἀλόωνται",tlg0013.tlg003.perseus-grc2.xml
Hymn 3,tlg003,1,455,"ψυχὰς παρθέμενοι, κακὸν ἀλλοδαποῖσι φέροντες;","ψυχὰς παρθέμενοι, κακὸν ἀλλοδαποῖσι φέροντες;",tlg0013.tlg003.perseus-grc2.xml
Hymn 3,tlg003,1,456,"τίφθʼ οὕτως ἧσθον τετιηότες, οὐδʼ ἐπὶ γαῖαν","τίφθ’ οὕτως ἧσθον τετιηότες, οὐδ’ ἐπὶ γαῖαν",tlg0013.tlg003.perseus-grc2.xml
Hymn 3,tlg003,1,457,"ἐκβῆτʼ, οὐδὲ καθʼ ὅπλα μελαίνης νηὸς ἔθεσθε;","ἐκβῆτ’, οὐδὲ καθ’ ὅπλα μελαίνης νηὸς ἔθεσθε;",tlg0013.tlg003.perseus-grc2.xml
Hymn 3,tlg003,1,458,"αὕτη μέν γε δίκη πέλει ἀνδρῶν ἀλφηστάων,","αὕτη μέν γε δίκη πέλει ἀνδρῶν ἀλφηστάων,",tlg0013.tlg003.perseus-grc2.xml
Hymn 3,tlg003,1,459,ὁππότʼ ἂν ἐκ πόντοιο ποτὶ χθονὶ νηὶ μελαίνῃ,ὁππότ’ ἂν ἐκ πόντοιο ποτὶ χθονὶ νηὶ μελαίνῃ,tlg0013.tlg003.perseus-grc2.xml
Hymn 3,tlg003,1,460,"ἔλθωσιν καμάτῳ ἀδηκότες, αὐτίκα δέ σφεας","ἔλθωσιν καμάτῳ ἀδηκότες, αὐτίκα δέ σφεας",tlg0013.tlg003.perseus-grc2.xml
Hymn 3,tlg003,1,461,σίτοιο γλυκεροῖο περὶ φρένας ἵμερος αἱρεῖ.,σίτοιο γλυκεροῖο περὶ φρένας ἵμερος αἱρεῖ.,tlg0013.tlg003.perseus-grc2.xml
Hymn 3,tlg003,1,462,ὣς φάτο καί σφιν θάρσος ἐνὶ στήθεσσιν ἔθηκε.,ὣς φάτο καί σφιν θάρσος ἐνὶ στήθεσσιν ἔθηκε.,tlg0013.tlg003.perseus-grc2.xml
Hymn 3,tlg003,1,463,τὸν καὶ ἀμειβόμενος Κρητῶν ἀγὸς ἀντίον ηὔδα·,τὸν καὶ ἀμειβόμενος Κρητῶν ἀγὸς ἀντίον ηὔδα·,tlg0013.tlg003.perseus-grc2.xml
Hymn 3,tlg003,1,464,"ξεῖνʼ, ἐπεὶ οὐ μὲν γάρ τι καταθνητοῖσι ἔοικας,","ξεῖν’, ἐπεὶ οὐ μὲν γάρ τι καταθνητοῖσι ἔοικας,",tlg0013.tlg003.perseus-grc2.xml
Hymn 3,tlg003,1,465,"οὐ δέμας οὐδὲ φυήν, ἀλλʼ ἀθανάτοισι θεοῖσιν,","οὐ δέμας οὐδὲ φυήν, ἀλλ’ ἀθανάτοισι θεοῖσιν,",tlg0013.tlg003.perseus-grc2.xml
Hymn 3,tlg003,1,466,"οὖλέ τε καὶ μέγα χαῖρε, θεοὶ δέ τοι ὄλβια δοῖεν.","οὖλέ τε καὶ μέγα χαῖρε, θεοὶ δέ τοι ὄλβια δοῖεν.",tlg0013.tlg003.perseus-grc2.xml
Hymn 3,tlg003,1,467,"καί μοι τοῦτʼ ἀγόρευσον ἐτήτυμον, ὄφρʼ εὖ εἰδῶ·","καί μοι τοῦτ’ ἀγόρευσον ἐτήτυμον, ὄφρ’ εὖ εἰδῶ·",tlg0013.tlg003.perseus-grc2.xml
Hymn 3,tlg003,1,468,τίς δῆμος; τίς γαῖα; τίνες βροτοὶ ἐγγεγάασιν;,τίς δῆμος; τίς γαῖα; τίνες βροτοὶ ἐγγεγάασιν;,tlg0013.tlg003.perseus-grc2.xml
Hymn 3,tlg003,1,469,ἄλλῃ γὰρ φρονέοντες ἐπεπλέομεν μέγα λαῖτμα,ἄλλῃ γὰρ φρονέοντες ἐπεπλέομεν μέγα λαῖτμα,tlg0013.tlg003.perseus-grc2.xml
Hymn 3,tlg003,1,470,"ἐς Πύλον ἐκ Κρήτης, ἔνθεν γένος εὐχόμεθʼ εἶναι·","ἐς Πύλον ἐκ Κρήτης, ἔνθεν γένος εὐχόμεθ’ εἶναι·",tlg0013.tlg003.perseus-grc2.xml
Hymn 3,tlg003,1,471,"νῦν δʼ ὧδε ξὺν νηὶ κατήλθομεν οὔ τι ἑκόντες,","νῦν δ’ ὧδε ξὺν νηὶ κατήλθομεν οὔ τι ἑκόντες,",tlg0013.tlg003.perseus-grc2.xml
Hymn 3,tlg003,1,472,"νόστου ἱέμενοι, ἄλλην ὁδόν, ἄλλα κέλευθα·","νόστου ἱέμενοι, ἄλλην ὁδόν, ἄλλα κέλευθα·",tlg0013.tlg003.perseus-grc2.xml
Hymn 3,tlg003,1,473,ἀλλά τις ἀθανάτων δεῦρʼ ἤγαγεν οὐκ ἐθέλοντας.,ἀλλά τις ἀθανάτων δεῦρ’ ἤγαγεν οὐκ ἐθέλοντας.,tlg0013.tlg003.perseus-grc2.xml
Hymn 3,tlg003,1,474,τοὺς δʼ ἀπαμειβόμενος προσέφη ἑκάεργος Ἀπόλλων·,τοὺς δ’ ἀπαμειβόμενος προσέφη ἑκάεργος Ἀπόλλων·,tlg0013.tlg003.perseus-grc2.xml
Hymn 3,tlg003,1,475,"ξεῖνοι, τοὶ Κνωσὸν πολυδένδρεον ἀμφενεμεσθε","ξεῖνοι, τοὶ Κνωσὸν πολυδένδρεον ἀμφενεμεσθε",tlg0013.tlg003.perseus-grc2.xml
Hymn 3,tlg003,1,476,"τὸ πρίν, ἀτὰρ νῦν οὐκ ἔθʼ ὑπότροποι αὖτις ἔσεσθε","τὸ πρίν, ἀτὰρ νῦν οὐκ ἔθ’ ὑπότροποι αὖτις ἔσεσθε",tlg0013.tlg003.perseus-grc2.xml
Hymn 3,tlg003,1,477,ἔς τε πόλιν ἐρατὴν καὶ δώματα καλὰ ἕκαστος,ἔς τε πόλιν ἐρατὴν καὶ δώματα καλὰ ἕκαστος,tlg0013.tlg003.perseus-grc2.xml
Hymn 3,tlg003,1,478,ἔς τε φίλας ἀλόχους· ἀλλʼ ἐνθάδε πίονα νηὸν,ἔς τε φίλας ἀλόχους· ἀλλ’ ἐνθάδε πίονα νηὸν,tlg0013.tlg003.perseus-grc2.xml
Hymn 3,tlg003,1,479,ἕξετʼ ἐμὸν πολλοῖσι τετιμένον ἀνθρώποισιν.,ἕξετ’ ἐμὸν πολλοῖσι τετιμένον ἀνθρώποισιν.,tlg0013.tlg003.perseus-grc2.xml
Hymn 3,tlg003,1,480,"εἰμὶ δʼ ἐγὼ Διὸς υἱός, Ἀπόλλων δʼ εὔχομαι εἶναι·","εἰμὶ δ’ ἐγὼ Διὸς υἱός, Ἀπόλλων δ’ εὔχομαι εἶναι·",tlg0013.tlg003.perseus-grc2.xml
Hymn 3,tlg003,1,481,"ὑμέας δʼ ἤγαγον ἐνθάδʼ ὑπὲρ μέγα λαῖμα θαλάσσης,","ὑμέας δ’ ἤγαγον ἐνθάδ’ ὑπὲρ μέγα λαῖμα θαλάσσης,",tlg0013.tlg003.perseus-grc2.xml
Hymn 3,tlg003,1,482,"οὔ τι κακὰ φρονέων, ἀλλʼ ἐνθάδε πίονα νηὸν","οὔ τι κακὰ φρονέων, ἀλλ’ ἐνθάδε πίονα νηὸν",tlg0013.tlg003.perseus-grc2.xml
Hymn 3,tlg003,1,483,"ἕξετʼ ἐμὸν πᾶσιν μάλα τίμιον ἀνθρώποισι,","ἕξετ’ ἐμὸν πᾶσιν μάλα τίμιον ἀνθρώποισι,",tlg0013.tlg003.perseus-grc2.xml
Hymn 3,tlg003,1,484,"βουλάς τʼ ἀθανάτων εἰδήσετε, τῶν ἰότητι","βουλάς τ’ ἀθανάτων εἰδήσετε, τῶν ἰότητι",tlg0013.tlg003.perseus-grc2.xml
Hymn 3,tlg003,1,485,αἰεὶ τιμήσεσθε διαμπερὲς ἤματα πάντα.,αἰεὶ τιμήσεσθε διαμπερὲς ἤματα πάντα.,tlg0013.tlg003.perseus-grc2.xml
Hymn 3,tlg003,1,486,"ἀλλʼ ἄγεθʼ, ὡς ἂν ἐγὼ εἴπω, πείθεσθε τάχιστα·","ἀλλ’ ἄγεθ’, ὡς ἂν ἐγὼ εἴπω, πείθεσθε τάχιστα·",tlg0013.tlg003.perseus-grc2.xml
Hymn 3,tlg003,1,487,"ἱστία μὲν πρῶτον κάθετον λύσαντε βοείας,","ἱστία μὲν πρῶτον κάθετον λύσαντε βοείας,",tlg0013.tlg003.perseus-grc2.xml
Hymn 3,tlg003,1,488,"νῆα δʼ ἔπειτα θοὴν μὲν ἐπʼ ἠπείρου ἐρύσασθε,","νῆα δ’ ἔπειτα θοὴν μὲν ἐπ’ ἠπείρου ἐρύσασθε,",tlg0013.tlg003.perseus-grc2.xml
Hymn 3,tlg003,1,489,ἐκ δὲ κτήμαθʼ ἕλεσθε καὶ ἔντεα νηὸς ἐίσης,ἐκ δὲ κτήμαθ’ ἕλεσθε καὶ ἔντεα νηὸς ἐίσης,tlg0013.tlg003.perseus-grc2.xml
Hymn 3,tlg003,1,490,καὶ βωμὸν ποιήσατʼ ἐπὶ ῥηγμῖνι θαλάσσης·,καὶ βωμὸν ποιήσατ’ ἐπὶ ῥηγμῖνι θαλάσσης·,tlg0013.tlg003.perseus-grc2.xml
Hymn 3,tlg003,1,491,πῦρ δʼ ἐπικαίοντες ἐπί τʼ ἄλφιτα λευκὰ θύοντες,πῦρ δ’ ἐπικαίοντες ἐπί τ’ ἄλφιτα λευκὰ θύοντες,tlg0013.tlg003.perseus-grc2.xml
Hymn 3,tlg003,1,492,εὔχεσθαι δὴ ἔπειτα παριστάμενοι περὶ βωμόν.,εὔχεσθαι δὴ ἔπειτα παριστάμενοι περὶ βωμόν.,tlg0013.tlg003.perseus-grc2.xml
Hymn 3,tlg003,1,493,ὡς μὲν ἐγὼ τὸ πρῶτον ἐν ἠεροειδέι πόντῳ,ὡς μὲν ἐγὼ τὸ πρῶτον ἐν ἠεροειδέι πόντῳ,tlg0013.tlg003.perseus-grc2.xml
Hymn 3,tlg003,1,494,"εἰδόμενος δελφῖνι θοῆς ἐπὶ νηὸς ὄρουσα,","εἰδόμενος δελφῖνι θοῆς ἐπὶ νηὸς ὄρουσα,",tlg0013.tlg003.perseus-grc2.xml
Hymn 3,tlg003,1,495,ὣς ἐμοὶ εὔχεσθαι Δελφινίῳ· αὐτὰρ ὁ βωμὸς,ὣς ἐμοὶ εὔχεσθαι Δελφινίῳ· αὐτὰρ ὁ βωμὸς,tlg0013.tlg003.perseus-grc2.xml
Hymn 3,tlg003,1,496,αὐτὸς Δελφίνιος καὶ ἐπόψιος ἔσσεται αἰεί.,αὐτὸς Δελφίνιος καὶ ἐπόψιος ἔσσεται αἰεί.,tlg0013.tlg003.perseus-grc2.xml
Hymn 3,tlg003,1,497,δειπνῆσαί τʼ ἄρʼ ἔπειτα θοῇ παρὰ νηὶ μελαίνῃ,δειπνῆσαί τ’ ἄρ’ ἔπειτα θοῇ παρὰ νηὶ μελαίνῃ,tlg0013.tlg003.perseus-grc2.xml
Hymn 3,tlg003,1,498,"καὶ σπεῖσαι μακάρεσσι θεοῖς, οἳ Ὄλυμπον ἔχουσιν.","καὶ σπεῖσαι μακάρεσσι θεοῖς, οἳ Ὄλυμπον ἔχουσιν.",tlg0013.tlg003.perseus-grc2.xml
Hymn 3,tlg003,1,499,"αὐτὰρ ἐπὴν σίτοιο μελίφρονος ἐξ ἔρον ἧσθε,","αὐτὰρ ἐπὴν σίτοιο μελίφρονος ἐξ ἔρον ἧσθε,",tlg0013.tlg003.perseus-grc2.xml
Hymn 3,tlg003,1,500,"ἔρχεσθαί θʼ ἅμʼ ἐμοὶ καὶ ἰηπαιήονʼ ἀείδειν,","ἔρχεσθαί θ’ ἅμ’ ἐμοὶ καὶ ἰηπαιήον’ ἀείδειν,",tlg0013.tlg003.perseus-grc2.xml
Hymn 3,tlg003,1,501,"εἰς ὅ κε χῶρον ἵκησθον, ἵνʼ ἕξετε πίονα νηόν.","εἰς ὅ κε χῶρον ἵκησθον, ἵν’ ἕξετε πίονα νηόν.",tlg0013.tlg003.perseus-grc2.xml
Hymn 3,tlg003,1,502,ὣς ἔφαθʼ· οἳ δʼ ἄρα τοῦ μάλα μὲν κλύον ἠδʼ ἐπίθοντο.,ὣς ἔφαθ’· οἳ δ’ ἄρα τοῦ μάλα μὲν κλύον ἠδ’ ἐπίθοντο.,tlg0013.tlg003.perseus-grc2.xml
Hymn 3,tlg003,1,503,"ἱστία μὲν πρῶτον κάθεσαν, λῦσαν δὲ βοείας,","ἱστία μὲν πρῶτον κάθεσαν, λῦσαν δὲ βοείας,",tlg0013.tlg003.perseus-grc2.xml
Hymn 3,tlg003,1,504,ἱστὸν δʼ ἱστοδόκῃ πέλασαν προτόνοισιν ὑφέντες·,ἱστὸν δ’ ἱστοδόκῃ πέλασαν προτόνοισιν ὑφέντες·,tlg0013.tlg003.perseus-grc2.xml
Hymn 3,tlg003,1,505,ἐκ δὲ καὶ αὐτοὶ βαῖνον ἐπὶ ῥηγμῖνι θαλάσσης.,ἐκ δὲ καὶ αὐτοὶ βαῖνον ἐπὶ ῥηγμῖνι θαλάσσης.,tlg0013.tlg003.perseus-grc2.xml
Hymn 3,tlg003,1,506,ἐκ δʼ ἁλὸς ἤπειρόνδε θοὴν ἀνὰ νῆʼ ἐρύσαντο,ἐκ δ’ ἁλὸς ἤπειρόνδε θοὴν ἀνὰ νῆ’ ἐρύσαντο,tlg0013.tlg003.perseus-grc2.xml
Hymn 3,tlg003,1,507,"ὑψοῦ ἐπὶ ψαμάθοις, ὑπὸ δʼ ἕρματα μακρὰ τάνυσσαν·","ὑψοῦ ἐπὶ ψαμάθοις, ὑπὸ δ’ ἕρματα μακρὰ τάνυσσαν·",tlg0013.tlg003.perseus-grc2.xml
Hymn 3,tlg003,1,508,καὶ βωμὸν ποίησαν ἐπὶ ῥηγμῖνι θαλάσσης·,καὶ βωμὸν ποίησαν ἐπὶ ῥηγμῖνι θαλάσσης·,tlg0013.tlg003.perseus-grc2.xml
Hymn 3,tlg003,1,509,πῦρ δʼ ἐπικαίοντες ἐπί τʼ ἄλφιτα λευκὰ θύοντες,πῦρ δ’ ἐπικαίοντες ἐπί τ’ ἄλφιτα λευκὰ θύοντες,tlg0013.tlg003.perseus-grc2.xml
Hymn 3,tlg003,1,510,"εὔχονθʼ, ὡς ἐκέλευε, παριστάμενοι περὶ βωμόν.","εὔχονθ’, ὡς ἐκέλευε, παριστάμενοι περὶ βωμόν.",tlg0013.tlg003.perseus-grc2.xml
Hymn 3,tlg003,1,511,δόρπον ἔπειθʼ εἵλοντο θοῇ παρὰ νηὶ μελαίνῃ,δόρπον ἔπειθ’ εἵλοντο θοῇ παρὰ νηὶ μελαίνῃ,tlg0013.tlg003.perseus-grc2.xml
Hymn 3,tlg003,1,512,"καὶ σπεῖσαν μακάρεσσι θεοῖς, οἳ Ὄλυμπον ἔχουσιν.","καὶ σπεῖσαν μακάρεσσι θεοῖς, οἳ Ὄλυμπον ἔχουσιν.",tlg0013.tlg003.perseus-grc2.xml
Hymn 3,tlg003,1,513,"αὐτὰρ ἐπεὶ πόσιος καὶ ἐδητύος ἐξ ἔρον ἕντο,","αὐτὰρ ἐπεὶ πόσιος καὶ ἐδητύος ἐξ ἔρον ἕντο,",tlg0013.tlg003.perseus-grc2.xml
Hymn 3,tlg003,1,514,"βάν ῥʼ ἴμεν· ἦρχε δʼ ἄρα σφιν ἄναξ Διὸς υἱὸς Ἀπόλλων,","βάν ῥ’ ἴμεν· ἦρχε δ’ ἄρα σφιν ἄναξ Διὸς υἱὸς Ἀπόλλων,",tlg0013.tlg003.perseus-grc2.xml
Hymn 3,tlg003,1,515,"φόρμιγγʼ ἐν χείρεσσιν ἔχων, ἐρατὸν κιθαρίζων,","φόρμιγγ’ ἐν χείρεσσιν ἔχων, ἐρατὸν κιθαρίζων,",tlg0013.tlg003.perseus-grc2.xml
Hymn 3,tlg003,1,516,καλὰ καὶ ὕψι βιβάς· οἳ δὲ ῥήσσοντες ἕποντο,καλὰ καὶ ὕψι βιβάς· οἳ δὲ ῥήσσοντες ἕποντο,tlg0013.tlg003.perseus-grc2.xml
Hymn 3,tlg003,1,517,"Κρῆτες πρὸς Πυθὼ καὶ ἰηπαιήονʼ ἄειδον,","Κρῆτες πρὸς Πυθὼ καὶ ἰηπαιήον’ ἄειδον,",tlg0013.tlg003.perseus-grc2.xml
Hymn 3,tlg003,1,518,"οἷοί τε Κρητῶν παιήονες, οἷσί τε Μοῦσα","οἷοί τε Κρητῶν παιήονες, οἷσί τε Μοῦσα",tlg0013.tlg003.perseus-grc2.xml
Hymn 3,tlg003,1,519,ἐν στήθεσσιν ἔθηκε θεὰ μελίγηρυν ἀοιδήν.,ἐν στήθεσσιν ἔθηκε θεὰ μελίγηρυν ἀοιδήν.,tlg0013.tlg003.perseus-grc2.xml
Hymn 3,tlg003,1,520,"ἄκμητοι δὲ λόφον προσέβαν ποσίν, αἶψα δʼ ἵκοντο","ἄκμητοι δὲ λόφον προσέβαν ποσίν, αἶψα δ’ ἵκοντο",tlg0013.tlg003.perseus-grc2.xml
Hymn 3,tlg003,1,521,"Παρνησὸν καὶ χῶρον ἐπήρατον, ἔνθʼ ἄρʼ ἔμελλον","Παρνησὸν καὶ χῶρον ἐπήρατον, ἔνθ’ ἄρ’ ἔμελλον",tlg0013.tlg003.perseus-grc2.xml
Hymn 3,tlg003,1,522,οἰκήσειν πολλοῖσι τετιμένοι ἀνθρώποισι·,οἰκήσειν πολλοῖσι τετιμένοι ἀνθρώποισι·,tlg0013.tlg003.perseus-grc2.xml
Hymn 3,tlg003,1,523,δεῖξε δʼ ἄγων ἄδυτον ζάθεον καὶ πίονα νηόν.,δεῖξε δ’ ἄγων ἄδυτον ζάθεον καὶ πίονα νηόν.,tlg0013.tlg003.perseus-grc2.xml
Hymn 3,tlg003,1,524,τῶν δʼ ὠρίνετο θυμὸς ἐνὶ στήθεσσι φίλοισι·,τῶν δ’ ὠρίνετο θυμὸς ἐνὶ στήθεσσι φίλοισι·,tlg0013.tlg003.perseus-grc2.xml
Hymn 3,tlg003,1,525,τὸν καὶ ἀνειρόμενος Κρητῶν ἀγὸς ἀντίον ηὔδα·,τὸν καὶ ἀνειρόμενος Κρητῶν ἀγὸς ἀντίον ηὔδα·,tlg0013.tlg003.perseus-grc2.xml
Hymn 3,tlg003,1,526,"ὦ ἄνα, εἰ δὴ τῆλε φίλων καὶ πατρίδος αἴης","ὦ ἄνα, εἰ δὴ τῆλε φίλων καὶ πατρίδος αἴης",tlg0013.tlg003.perseus-grc2.xml
Hymn 3,tlg003,1,527,ἤγαγες· οὕτω που τῷ σῷ φίλον ἔπλετο θυμῷ·,ἤγαγες· οὕτω που τῷ σῷ φίλον ἔπλετο θυμῷ·,tlg0013.tlg003.perseus-grc2.xml
Hymn 3,tlg003,1,528,πῶς καὶ νῦν βιόμεσθα; τό σε φράζεσθαι ἄνωγμεν.,πῶς καὶ νῦν βιόμεσθα; τό σε φράζεσθαι ἄνωγμεν.,tlg0013.tlg003.perseus-grc2.xml
Hymn 3,tlg003,1,529,"οὔτε τρυγηφόρος ἥδε γʼ ἐπήρατος οὔτʼ εὐλείμων,","οὔτε τρυγηφόρος ἥδε γ’ ἐπήρατος οὔτ’ εὐλείμων,",tlg0013.tlg003.perseus-grc2.xml
Hymn 3,tlg003,1,530,ὥστʼ ἀπό τʼ εὖ ζώειν καὶ ἅμʼ ἀνθρώποισιν ὀπάζειν.,ὥστ’ ἀπό τ’ εὖ ζώειν καὶ ἅμ’ ἀνθρώποισιν ὀπάζειν.,tlg0013.tlg003.perseus-grc2.xml
Hymn 3,tlg003,1,531,τοὺς δʼ ἐπιμειδήσας προσέφη Διὸς υἱὸς Ἀπόλλων·,τοὺς δ’ ἐπιμειδήσας προσέφη Διὸς υἱὸς Ἀπόλλων·,tlg0013.tlg003.perseus-grc2.xml
Hymn 3,tlg003,1,532,"νήπιοι ἄνθρωποι, δυστλήμονες, οἳ μελεδῶνας","νήπιοι ἄνθρωποι, δυστλήμονες, οἳ μελεδῶνας",tlg0013.tlg003.perseus-grc2.xml
Hymn 3,tlg003,1,533,βούλεσθʼ ἀργαλέους τε πόνους καὶ στείνεα θυμῷ·,βούλεσθ’ ἀργαλέους τε πόνους καὶ στείνεα θυμῷ·,tlg0013.tlg003.perseus-grc2.xml
Hymn 3,tlg003,1,534,"ῥηίδιον ἔπος ὔμμʼ ἐρέω καὶ ἐπὶ φρεσὶ θήσω,","ῥηίδιον ἔπος ὔμμ’ ἐρέω καὶ ἐπὶ φρεσὶ θήσω,",tlg0013.tlg003.perseus-grc2.xml
Hymn 3,tlg003,1,535,"δεξιτερῇ μάλʼ ἕκαστος ἔχων ἐν χειρὶ μάχαιραν,","δεξιτερῇ μάλ’ ἕκαστος ἔχων ἐν χειρὶ μάχαιραν,",tlg0013.tlg003.perseus-grc2.xml
Hymn 3,tlg003,1,536,"σφάζειν αἰεὶ μῆλα· τὰ δʼ ἄφθονα πάντα παρέσται,","σφάζειν αἰεὶ μῆλα· τὰ δ’ ἄφθονα πάντα παρέσται,",tlg0013.tlg003.perseus-grc2.xml
Hymn 3,tlg003,1,537,ὅσσα τʼ ἐμοί κʼ ἀγάγωσι περικλυτὰ φῦλʼ ἀνθρώπων·,ὅσσα τ’ ἐμοί κ’ ἀγάγωσι περικλυτὰ φῦλ’ ἀνθρώπων·,tlg0013.tlg003.perseus-grc2.xml
Hymn 3,tlg003,1,538,"νηὸν δὲ προφύλαχθε, δέδεχθε δὲ φῦλʼ ἀνθρώπων","νηὸν δὲ προφύλαχθε, δέδεχθε δὲ φῦλ’ ἀνθρώπων",tlg0013.tlg003.perseus-grc2.xml
Hymn 3,tlg003,1,539,ἐνθάδʼ ἀγειρομένων καὶ ἐμὴν ἰθύν τε μάλιστα.,ἐνθάδ’ ἀγειρομένων καὶ ἐμὴν ἰθύν τε μάλιστα.,tlg0013.tlg003.perseus-grc2.xml
Hymn 3,tlg003,1,539a,δείκνυσθε θνητοῖσι· σὺ δὲ φρεσὶ δέξο θέμιστα.,δείκνυσθε θνητοῖσι· σὺ δὲ φρεσὶ δέξο θέμιστα.,tlg0013.tlg003.perseus-grc2.xml
Hymn 3,tlg003,1,539b,"εἰ δέ τις ἀφραδίῃς οὐ πείσεται, ἀλλʼ ἀλογήσει","εἰ δέ τις ἀφραδίῃς οὐ πείσεται, ἀλλ’ ἀλογήσει",tlg0013.tlg003.perseus-grc2.xml
Hymn 3,tlg003,1,540,ἠέ τι τηΰσιον ἔπος ἔσσεται ἠέ τι ἔργον,ἠέ τι τηΰσιον ἔπος ἔσσεται ἠέ τι ἔργον,tlg0013.tlg003.perseus-grc2.xml
Hymn 3,tlg003,1,541,"ὕβρις θʼ, ἣ θέμις ἐστὶ καταθνητῶν ἀνθρώπων,","ὕβρις θ’, ἣ θέμις ἐστὶ καταθνητῶν ἀνθρώπων,",tlg0013.tlg003.perseus-grc2.xml
Hymn 3,tlg003,1,542,"ἄλλοι ἔπειθʼ ὑμῖν σημάντορες ἄνδρες ἔσονται,","ἄλλοι ἔπειθ’ ὑμῖν σημάντορες ἄνδρες ἔσονται,",tlg0013.tlg003.perseus-grc2.xml
Hymn 3,tlg003,1,543,τῶν ὑπʼ ἀναγκαίῃ δεδμήσεσθʼ ἤματα πάντα.,τῶν ὑπ’ ἀναγκαίῃ δεδμήσεσθ’ ἤματα πάντα.,tlg0013.tlg003.perseus-grc2.xml
Hymn 3,tlg003,1,544,εἴρηταί τοι πάντα· σὺ δὲ φρεσὶ σῇσι φύλαξαι.,εἴρηταί τοι πάντα· σὺ δὲ φρεσὶ σῇσι φύλαξαι.,tlg0013.tlg003.perseus-grc2.xml
Hymn 3,tlg003,1,545,"καὶ σὺ μὲν οὕτω χαῖρε, Διὸς καὶ Λητοῦς υἱέ·","καὶ σὺ μὲν οὕτω χαῖρε, Διὸς καὶ Λητοῦς υἱέ·",tlg0013.tlg003.perseus-grc2.xml
Hymn 3,tlg003,1,546,αὐτὰρ ἐγὼ καὶ σεῖο καὶ ἄλλης μνήσομʼ ἀοιδῆς.,αὐτὰρ ἐγὼ καὶ σεῖο καὶ ἄλλης μνήσομ’ ἀοιδῆς.,tlg0013.tlg003.perseus-grc2.xml
Hymn 4,tlg004,1,1,"Ἑρμῆν ὕμνει, Μοῦσα, Διὸς καὶ Μαιάδος υἱόν,","Ἑρμῆν ὕμνει, Μοῦσα, Διὸς καὶ Μαιάδος υἱόν,",tlg0013.tlg004.perseus-grc2.xml
Hymn 4,tlg004,1,2,"Κυλλήνης μεδέοντα καὶ Ἀρκαδίης πολυμήλου,","Κυλλήνης μεδέοντα καὶ Ἀρκαδίης πολυμήλου,",tlg0013.tlg004.perseus-grc2.xml
Hymn 4,tlg004,1,3,"ἄγγελον ἀθανάτων ἐριούνιον, ὃν τέκε Μαῖα,","ἄγγελον ἀθανάτων ἐριούνιον, ὃν τέκε Μαῖα,",tlg0013.tlg004.perseus-grc2.xml
Hymn 4,tlg004,1,4,"νύμφη ἐυπλόκαμος, Διὸς ἐν φιλότητι μιγεῖσα,","νύμφη ἐυπλόκαμος, Διὸς ἐν φιλότητι μιγεῖσα,",tlg0013.tlg004.perseus-grc2.xml
Hymn 4,tlg004,1,5,"αἰδοίη· μακάρων δὲ θεῶν ἠλεύαθʼ ὅμιλον,","αἰδοίη· μακάρων δὲ θεῶν ἠλεύαθ’ ὅμιλον,",tlg0013.tlg004.perseus-grc2.xml
Hymn 4,tlg004,1,6,"ἄντρον ἔσω ναίουσα παλίσκιον, ἔνθα Κρονίων","ἄντρον ἔσω ναίουσα παλίσκιον, ἔνθα Κρονίων",tlg0013.tlg004.perseus-grc2.xml
Hymn 4,tlg004,1,7,"νύμφῃ ἐυπλοκάμῳ μισγέσκετο νυκτὸς ἀμολγῷ,","νύμφῃ ἐυπλοκάμῳ μισγέσκετο νυκτὸς ἀμολγῷ,",tlg0013.tlg004.perseus-grc2.xml
Hymn 4,tlg004,1,8,"ὄφρα κατὰ γλυκὺς ὕπνος ἔχοι λευκώλενον Ἥρην,","ὄφρα κατὰ γλυκὺς ὕπνος ἔχοι λευκώλενον Ἥρην,",tlg0013.tlg004.perseus-grc2.xml
Hymn 4,tlg004,1,9,λήθων ἀθανάτους τε θεοὺς θνητούς τʼ ἀνθρώπους.,λήθων ἀθανάτους τε θεοὺς θνητούς τ’ ἀνθρώπους.,tlg0013.tlg004.perseus-grc2.xml
Hymn 4,tlg004,1,10,"ἀλλʼ ὅτε δὴ μεγάλοιο Διὸς νόος ἐξετελεῖτο,","ἀλλ’ ὅτε δὴ μεγάλοιο Διὸς νόος ἐξετελεῖτο,",tlg0013.tlg004.perseus-grc2.xml
Hymn 4,tlg004,1,11,"τῇ δʼ ἤδη δέκατος μεὶς οὐρανῷ ἐστήρικτο,","τῇ δ’ ἤδη δέκατος μεὶς οὐρανῷ ἐστήρικτο,",tlg0013.tlg004.perseus-grc2.xml
Hymn 4,tlg004,1,12,εἴς τε φόως ἄγαγεν ἀρίσημά τε ἔργα τέτυκτο·,εἴς τε φόως ἄγαγεν ἀρίσημά τε ἔργα τέτυκτο·,tlg0013.tlg004.perseus-grc2.xml
Hymn 4,tlg004,1,13,"καὶ τότʼ ἐγείνατο παῖδα πολύτροπον, αἱμυλομήτην,","καὶ τότ’ ἐγείνατο παῖδα πολύτροπον, αἱμυλομήτην,",tlg0013.tlg004.perseus-grc2.xml
Hymn 4,tlg004,1,14,"ληιστῆρʼ, ἐλατῆρα βοῶν, ἡγήτορʼ ὀνείρων,","ληιστῆρ’, ἐλατῆρα βοῶν, ἡγήτορ’ ὀνείρων,",tlg0013.tlg004.perseus-grc2.xml
Hymn 4,tlg004,1,15,"νυκτὸς ὀπωπητῆρα, πυληδόκον, ὃς τάχʼ ἔμελλεν","νυκτὸς ὀπωπητῆρα, πυληδόκον, ὃς τάχ’ ἔμελλεν",tlg0013.tlg004.perseus-grc2.xml
Hymn 4,tlg004,1,16,ἀμφανέειν κλυτὰ ἔργα μετʼ ἀθανάτοισι θεοῖσιν.,ἀμφανέειν κλυτὰ ἔργα μετ’ ἀθανάτοισι θεοῖσιν.,tlg0013.tlg004.perseus-grc2.xml
Hymn 4,tlg004,1,17,"ἠῷος γεγονὼς μέσῳ ἤματι ἐγκιθάριζεν,","ἠῷος γεγονὼς μέσῳ ἤματι ἐγκιθάριζεν,",tlg0013.tlg004.perseus-grc2.xml
Hymn 4,tlg004,1,18,ἑσπέριος βοῦς κλέψεν ἑκηβόλου Ἀπόλλωνος,ἑσπέριος βοῦς κλέψεν ἑκηβόλου Ἀπόλλωνος,tlg0013.tlg004.perseus-grc2.xml
Hymn 4,tlg004,1,19,"τετράδι τῇ προτέρῃ, τῇ μιν τέκε πότνια Μαῖα.","τετράδι τῇ προτέρῃ, τῇ μιν τέκε πότνια Μαῖα.",tlg0013.tlg004.perseus-grc2.xml
Hymn 4,tlg004,1,20,"ὃς καί, ἐπειδὴ μητρὸς ἀπʼ ἀθανάτων θόρε γυίων,","ὃς καί, ἐπειδὴ μητρὸς ἀπ’ ἀθανάτων θόρε γυίων,",tlg0013.tlg004.perseus-grc2.xml
Hymn 4,tlg004,1,21,"οὐκέτι δηρὸν ἔκειτο μένων ἱερῷ ἐνὶ λίκνῳ,","οὐκέτι δηρὸν ἔκειτο μένων ἱερῷ ἐνὶ λίκνῳ,",tlg0013.tlg004.perseus-grc2.xml
Hymn 4,tlg004,1,22,ἀλλʼ ὅ γʼ ἀναΐξας ζήτει βόας Ἀπόλλωνος,ἀλλ’ ὅ γ’ ἀναΐξας ζήτει βόας Ἀπόλλωνος,tlg0013.tlg004.perseus-grc2.xml
Hymn 4,tlg004,1,23,οὐδὸν ὑπερβαίνων ὑψηρεφέος ἄντροιο.,οὐδὸν ὑπερβαίνων ὑψηρεφέος ἄντροιο.,tlg0013.tlg004.perseus-grc2.xml
Hymn 4,tlg004,1,24,ἔνθα χέλυν εὑρὼν ἐκτήσατο μυρίον ὄλβον·,ἔνθα χέλυν εὑρὼν ἐκτήσατο μυρίον ὄλβον·,tlg0013.tlg004.perseus-grc2.xml
Hymn 4,tlg004,1,25,Ἑρμῆς τοι πρώτιστα χέλυν τεκτήνατʼ ἀοιδόν·,Ἑρμῆς τοι πρώτιστα χέλυν τεκτήνατ’ ἀοιδόν·,tlg0013.tlg004.perseus-grc2.xml
Hymn 4,tlg004,1,26,ἥ ῥά οἱ ἀντεβόλησεν ἐπʼ αὐλείῃσι θύρῃσι,ἥ ῥά οἱ ἀντεβόλησεν ἐπ’ αὐλείῃσι θύρῃσι,tlg0013.tlg004.perseus-grc2.xml
Hymn 4,tlg004,1,27,"βοσκομένη προπάροιθε δόμων ἐριθηλέα ποίην,","βοσκομένη προπάροιθε δόμων ἐριθηλέα ποίην,",tlg0013.tlg004.perseus-grc2.xml
Hymn 4,tlg004,1,28,σαῦλα ποσὶν βαίνουσα· Διὸς δʼ ἐριούνιος υἱὸς,σαῦλα ποσὶν βαίνουσα· Διὸς δ’ ἐριούνιος υἱὸς,tlg0013.tlg004.perseus-grc2.xml
Hymn 4,tlg004,1,29,ἀθρήσας ἐγέλασσε καὶ αὐτίκα μῦθον ἔειπε·,ἀθρήσας ἐγέλασσε καὶ αὐτίκα μῦθον ἔειπε·,tlg0013.tlg004.perseus-grc2.xml
Hymn 4,tlg004,1,30,σύμβολον ἤδη μοι μέγʼ ὀνήσιμον· οὐκ ὀνοτάζω.,σύμβολον ἤδη μοι μέγ’ ὀνήσιμον· οὐκ ὀνοτάζω.,tlg0013.tlg004.perseus-grc2.xml
Hymn 4,tlg004,1,31,"χαῖρε, φυὴν ἐρόεσσα, χοροιτύπε, δαιτὸς ἑταίρη,","χαῖρε, φυὴν ἐρόεσσα, χοροιτύπε, δαιτὸς ἑταίρη,",tlg0013.tlg004.perseus-grc2.xml
Hymn 4,tlg004,1,32,ἀσπασίη προφανεῖσα· πόθεν τόδε καλὸν ἄθυρμα,ἀσπασίη προφανεῖσα· πόθεν τόδε καλὸν ἄθυρμα,tlg0013.tlg004.perseus-grc2.xml
Hymn 4,tlg004,1,33,αἰόλον ὄστρακον ἕσσο χέλυς ὄρεσι ζώουσα;,αἰόλον ὄστρακον ἕσσο χέλυς ὄρεσι ζώουσα;,tlg0013.tlg004.perseus-grc2.xml
Hymn 4,tlg004,1,34,"ἀλλʼ οἴσω σʼ ἐς δῶμα λαβών· ὄφελός τι μοι ἔσσῃ,","ἀλλ’ οἴσω σ’ ἐς δῶμα λαβών· ὄφελός τι μοι ἔσσῃ,",tlg0013.tlg004.perseus-grc2.xml
Hymn 4,tlg004,1,35,οὐδʼ ἀποτιμήσω· σὺ δέ με πρώτιστον ὀνήσεις,οὐδ’ ἀποτιμήσω· σὺ δέ με πρώτιστον ὀνήσεις,tlg0013.tlg004.perseus-grc2.xml
Hymn 4,tlg004,1,36,"οἴκοι βέλτερον εἶναι, ἐπεὶ βλαβερὸν τὸ θύρηφιν·","οἴκοι βέλτερον εἶναι, ἐπεὶ βλαβερὸν τὸ θύρηφιν·",tlg0013.tlg004.perseus-grc2.xml
Hymn 4,tlg004,1,37,ἦ γὰρ ἐπηλυσίης πολυπήμονος ἔσσεαι ἔχμα,ἦ γὰρ ἐπηλυσίης πολυπήμονος ἔσσεαι ἔχμα,tlg0013.tlg004.perseus-grc2.xml
Hymn 4,tlg004,1,38,"ζώουσʼ· ἢν δὲ θάνῃς, τότε κεν μάλα καλὸν ἀείδοις.","ζώουσ’· ἢν δὲ θάνῃς, τότε κεν μάλα καλὸν ἀείδοις.",tlg0013.tlg004.perseus-grc2.xml
Hymn 4,tlg004,1,39,ὣς ἂρʼ ἔφη· καὶ χερσὶν ἅμʼ ἀμφοτέρῃσιν ἀείρας,ὣς ἂρ’ ἔφη· καὶ χερσὶν ἅμ’ ἀμφοτέρῃσιν ἀείρας,tlg0013.tlg004.perseus-grc2.xml
Hymn 4,tlg004,1,40,ἂψ εἴσω κίε δῶμα φέρων ἐρατεινὸν ἄθυρμα.,ἂψ εἴσω κίε δῶμα φέρων ἐρατεινὸν ἄθυρμα.,tlg0013.tlg004.perseus-grc2.xml
Hymn 4,tlg004,1,41,ἔνθʼ ἀναπηρώσας γλυφάνῳ πολιοῖο σιδήρου,ἔνθ’ ἀναπηρώσας γλυφάνῳ πολιοῖο σιδήρου,tlg0013.tlg004.perseus-grc2.xml
Hymn 4,tlg004,1,42,αἰῶνʼ ἐξετόρησεν ὀρεσκῴοιο χελώνης.,αἰῶν’ ἐξετόρησεν ὀρεσκῴοιο χελώνης.,tlg0013.tlg004.perseus-grc2.xml
Hymn 4,tlg004,1,43,ὡς δʼ ὁπότʼ ὠκὺ νόημα διὰ στέρνοιο περήσῃ,ὡς δ’ ὁπότ’ ὠκὺ νόημα διὰ στέρνοιο περήσῃ,tlg0013.tlg004.perseus-grc2.xml
Hymn 4,tlg004,1,44,"ἀνέρος, ὅν τε θαμειαὶ ἐπιστρωφῶσι μέριμναι,","ἀνέρος, ὅν τε θαμειαὶ ἐπιστρωφῶσι μέριμναι,",tlg0013.tlg004.perseus-grc2.xml
Hymn 4,tlg004,1,45,"ἢ ὅτε δινηθῶσιν ἀπʼ ὀφθαλμῶν ἀμαρυγαί,","ἢ ὅτε δινηθῶσιν ἀπ’ ὀφθαλμῶν ἀμαρυγαί,",tlg0013.tlg004.perseus-grc2.xml
Hymn 4,tlg004,1,46,ὣς ἅμʼ ἔπος τε καὶ ἔργον ἐμήδετο κύδιμος Ἑρμῆς.,ὣς ἅμ’ ἔπος τε καὶ ἔργον ἐμήδετο κύδιμος Ἑρμῆς.,tlg0013.tlg004.perseus-grc2.xml
Hymn 4,tlg004,1,47,πῆξε δʼ ἄρʼ ἐν μέτροισι ταμὼν δόνακας καλάμοιο,πῆξε δ’ ἄρ’ ἐν μέτροισι ταμὼν δόνακας καλάμοιο,tlg0013.tlg004.perseus-grc2.xml
Hymn 4,tlg004,1,48,πειρήνας διὰ νῶτα διὰ ῥινοῖο χελώνης.,πειρήνας διὰ νῶτα διὰ ῥινοῖο χελώνης.,tlg0013.tlg004.perseus-grc2.xml
Hymn 4,tlg004,1,49,ἀμφὶ δὲ δέρμα τάνυσσε βοὸς πραπίδεσσιν ἑῇσι,ἀμφὶ δὲ δέρμα τάνυσσε βοὸς πραπίδεσσιν ἑῇσι,tlg0013.tlg004.perseus-grc2.xml
Hymn 4,tlg004,1,50,"καὶ πήχεις ἐνέθηκʼ, ἐπὶ δὲ ζυγὸν ἤραρεν ἀμφοῖν,","καὶ πήχεις ἐνέθηκ’, ἐπὶ δὲ ζυγὸν ἤραρεν ἀμφοῖν,",tlg0013.tlg004.perseus-grc2.xml
Hymn 4,tlg004,1,51,ἑπτὰ δὲ θηλυτέρων ὀίων ἐτανύσσατο χορδάς.,ἑπτὰ δὲ θηλυτέρων ὀίων ἐτανύσσατο χορδάς.,tlg0013.tlg004.perseus-grc2.xml
Hymn 4,tlg004,1,52,"αὐτὰρ ἐπεὶ δὴ τεῦξε, φέρων, ἐρατεινὸν ἄθυρμα,","αὐτὰρ ἐπεὶ δὴ τεῦξε, φέρων, ἐρατεινὸν ἄθυρμα,",tlg0013.tlg004.perseus-grc2.xml
Hymn 4,tlg004,1,53,πλήκτρῳ ἐπειρήτιζε κατὰ μέρος· ἣ δʼ ὑπὸ χειρὸς,πλήκτρῳ ἐπειρήτιζε κατὰ μέρος· ἣ δ’ ὑπὸ χειρὸς,tlg0013.tlg004.perseus-grc2.xml
Hymn 4,tlg004,1,54,σμερδαλέον κονάβησε· θεὸς δʼ ὑπὸ καλὸν ἄειδεν,σμερδαλέον κονάβησε· θεὸς δ’ ὑπὸ καλὸν ἄειδεν,tlg0013.tlg004.perseus-grc2.xml
Hymn 4,tlg004,1,55,"ἐξ αὐτοσχεδίης πειρώμενος, ἠύτε κοῦροι","ἐξ αὐτοσχεδίης πειρώμενος, ἠύτε κοῦροι",tlg0013.tlg004.perseus-grc2.xml
Hymn 4,tlg004,1,56,"ἡβηταὶ θαλίῃσι παραιβόλα κερτομέουσιν,","ἡβηταὶ θαλίῃσι παραιβόλα κερτομέουσιν,",tlg0013.tlg004.perseus-grc2.xml
Hymn 4,tlg004,1,57,"ἀμφὶ Δία Κρονίδην καὶ Μαιάδα καλλιπέδιλον,","ἀμφὶ Δία Κρονίδην καὶ Μαιάδα καλλιπέδιλον,",tlg0013.tlg004.perseus-grc2.xml
Hymn 4,tlg004,1,58,"ὡς πάρος ὠρίζεσκον ἑταιρείῃ φιλότητι,","ὡς πάρος ὠρίζεσκον ἑταιρείῃ φιλότητι,",tlg0013.tlg004.perseus-grc2.xml
Hymn 4,tlg004,1,59,ἥν τʼ αὐτοῦ γενεὴν ὀνομακλυτὸν ἐξονομάζων·,ἥν τ’ αὐτοῦ γενεὴν ὀνομακλυτὸν ἐξονομάζων·,tlg0013.tlg004.perseus-grc2.xml
Hymn 4,tlg004,1,60,ἀμφιπόλους τε γέραιρε καὶ ἀγλαὰ δώματα νύμφης,ἀμφιπόλους τε γέραιρε καὶ ἀγλαὰ δώματα νύμφης,tlg0013.tlg004.perseus-grc2.xml
Hymn 4,tlg004,1,61,καὶ τρίποδας κατὰ οἶκον ἐπηετανούς τε λέβητας.,καὶ τρίποδας κατὰ οἶκον ἐπηετανούς τε λέβητας.,tlg0013.tlg004.perseus-grc2.xml
Hymn 4,tlg004,1,62,"καὶ τὰ μὲν οὖν ἤειδε, τὰ δὲ φρεσὶν ἄλλα μενοίνα.","καὶ τὰ μὲν οὖν ἤειδε, τὰ δὲ φρεσὶν ἄλλα μενοίνα.",tlg0013.tlg004.perseus-grc2.xml
Hymn 4,tlg004,1,63,"καὶ τὴν μὲν κατέθηκε φέρων ἱερῷ ἐνὶ λίκνῳ,","καὶ τὴν μὲν κατέθηκε φέρων ἱερῷ ἐνὶ λίκνῳ,",tlg0013.tlg004.perseus-grc2.xml
Hymn 4,tlg004,1,64,φόρμιγγα γλαφυρήν· ὃ δʼ ἄρα κρειῶν ἐρατίζων,φόρμιγγα γλαφυρήν· ὃ δ’ ἄρα κρειῶν ἐρατίζων,tlg0013.tlg004.perseus-grc2.xml
Hymn 4,tlg004,1,65,ἆλτο κατὰ σκοπιὴν εὐώδεος ἐκ μεγάροιο,ἆλτο κατὰ σκοπιὴν εὐώδεος ἐκ μεγάροιο,tlg0013.tlg004.perseus-grc2.xml
Hymn 4,tlg004,1,66,"ὁρμαίνων δόλον αἰπὺν ἐνὶ φρεσίν, οἶά τε φῶτες","ὁρμαίνων δόλον αἰπὺν ἐνὶ φρεσίν, οἶά τε φῶτες",tlg0013.tlg004.perseus-grc2.xml
Hymn 4,tlg004,1,67,φηληταὶ διέπουσι μελαίνης νυκτὸς ἐν ὥρῃ.,φηληταὶ διέπουσι μελαίνης νυκτὸς ἐν ὥρῃ.,tlg0013.tlg004.perseus-grc2.xml
Hymn 4,tlg004,1,68,ἠέλιος μὲν ἔδυνε κατὰ χθονὸς Ὠκεανόνδε,ἠέλιος μὲν ἔδυνε κατὰ χθονὸς Ὠκεανόνδε,tlg0013.tlg004.perseus-grc2.xml
Hymn 4,tlg004,1,69,αὐτοῖσίν θʼ ἵπποισι καὶ ἅρμασιν· αὐτὰρ ἄρʼ Ἑρμῆς,αὐτοῖσίν θ’ ἵπποισι καὶ ἅρμασιν· αὐτὰρ ἄρ’ Ἑρμῆς,tlg0013.tlg004.perseus-grc2.xml
Hymn 4,tlg004,1,70,"Πιερίης ἀφίκανε θέων ὄρεα σκιόεντα,","Πιερίης ἀφίκανε θέων ὄρεα σκιόεντα,",tlg0013.tlg004.perseus-grc2.xml
Hymn 4,tlg004,1,71,ἔνθα θεῶν μακάρων βόες ἄμβροτοι αὖλιν ἔχεσκον,ἔνθα θεῶν μακάρων βόες ἄμβροτοι αὖλιν ἔχεσκον,tlg0013.tlg004.perseus-grc2.xml
Hymn 4,tlg004,1,72,"βοσκόμεναι λειμῶνας ἀκηρασίους, ἐρατεινούς.","βοσκόμεναι λειμῶνας ἀκηρασίους, ἐρατεινούς.",tlg0013.tlg004.perseus-grc2.xml
Hymn 4,tlg004,1,73,"τῶν τότε Μαιάδος υἱός, ἐύσκοπος Ἀργειφόντης,","τῶν τότε Μαιάδος υἱός, ἐύσκοπος Ἀργειφόντης,",tlg0013.tlg004.perseus-grc2.xml
Hymn 4,tlg004,1,74,πεντήκοντʼ ἀγέλης ἀπετάμνετο βοῦς ἐριμύκους.,πεντήκοντ’ ἀγέλης ἀπετάμνετο βοῦς ἐριμύκους.,tlg0013.tlg004.perseus-grc2.xml
Hymn 4,tlg004,1,75,πλανοδίας δʼ ἤλαυνε διὰ ψαμαθώδεα χῶρον,πλανοδίας δ’ ἤλαυνε διὰ ψαμαθώδεα χῶρον,tlg0013.tlg004.perseus-grc2.xml
Hymn 4,tlg004,1,76,ἴχνιʼ ἀποστρέψας· δολίης δʼ οὐ λήθετο τέχνης,ἴχνι’ ἀποστρέψας· δολίης δ’ οὐ λήθετο τέχνης,tlg0013.tlg004.perseus-grc2.xml
Hymn 4,tlg004,1,77,"ἀντία ποιήσας ὁπλάς, τὰς πρόσθεν ὄπισθεν,","ἀντία ποιήσας ὁπλάς, τὰς πρόσθεν ὄπισθεν,",tlg0013.tlg004.perseus-grc2.xml
Hymn 4,tlg004,1,78,τὰς δʼ ὄπιθεν πρόσθεν· κατὰ δʼ ἔμπαλιν αὐτὸς ἔβαινε.,τὰς δ’ ὄπιθεν πρόσθεν· κατὰ δ’ ἔμπαλιν αὐτὸς ἔβαινε.,tlg0013.tlg004.perseus-grc2.xml
Hymn 4,tlg004,1,79,"σάνδαλα δʼ αὐτίκα ῥιψὶν ἐπὶ ψαμάθοις ἁλίῃσιν,","σάνδαλα δ’ αὐτίκα ῥιψὶν ἐπὶ ψαμάθοις ἁλίῃσιν,",tlg0013.tlg004.perseus-grc2.xml
Hymn 4,tlg004,1,80,"ἄφραστʼ ἠδʼ ἀνόητα διέπλεκε, θαυματὰ ἔργα,","ἄφραστ’ ἠδ’ ἀνόητα διέπλεκε, θαυματὰ ἔργα,",tlg0013.tlg004.perseus-grc2.xml
Hymn 4,tlg004,1,81,συμμίσγων μυρίκας καὶ μυρσινοειδέας ὄζους.,συμμίσγων μυρίκας καὶ μυρσινοειδέας ὄζους.,tlg0013.tlg004.perseus-grc2.xml
Hymn 4,tlg004,1,82,τῶν τότε συνδήσας νεοθηλέος ἄγκαλον ὕλης,τῶν τότε συνδήσας νεοθηλέος ἄγκαλον ὕλης,tlg0013.tlg004.perseus-grc2.xml
Hymn 4,tlg004,1,83,ἀβλαβέως ὑπὸ ποσσὶν ἐδήσατο σάνδαλα κοῦφα,ἀβλαβέως ὑπὸ ποσσὶν ἐδήσατο σάνδαλα κοῦφα,tlg0013.tlg004.perseus-grc2.xml
Hymn 4,tlg004,1,84,αὐτοῖσιν πετάλοισι τὰ κύδιμος Ἀργειφόντης,αὐτοῖσιν πετάλοισι τὰ κύδιμος Ἀργειφόντης,tlg0013.tlg004.perseus-grc2.xml
Hymn 4,tlg004,1,85,"ἔσπασε Πιερίηθεν ὁδοιπορίην ἀλεγύνων,","ἔσπασε Πιερίηθεν ὁδοιπορίην ἀλεγύνων,",tlg0013.tlg004.perseus-grc2.xml
Hymn 4,tlg004,1,86,"οἷά τʼ ἐπειγόμενος δολιχὴν ὁδόν, αὐτοτροπήσας.","οἷά τ’ ἐπειγόμενος δολιχὴν ὁδόν, αὐτοτροπήσας.",tlg0013.tlg004.perseus-grc2.xml
Hymn 4,tlg004,1,87,τὸν δὲ γέρων ἐνόησε δέμων ἀνθοῦσαν ἀλωὴν,τὸν δὲ γέρων ἐνόησε δέμων ἀνθοῦσαν ἀλωὴν,tlg0013.tlg004.perseus-grc2.xml
Hymn 4,tlg004,1,88,ἱέμενον πεδίονδε διʼ Ὀγχηστὸν λεχεποίην,ἱέμενον πεδίονδε δι’ Ὀγχηστὸν λεχεποίην,tlg0013.tlg004.perseus-grc2.xml
Hymn 4,tlg004,1,89,τὸν πρότερος προσέφη Μαίης ἐρικυδέος υἱός·,τὸν πρότερος προσέφη Μαίης ἐρικυδέος υἱός·,tlg0013.tlg004.perseus-grc2.xml
Hymn 4,tlg004,1,90,"ὦ γέρον, ὅστε φυτὰ σκάπτεις ἐπικαμπύλος ὤμους,","ὦ γέρον, ὅστε φυτὰ σκάπτεις ἐπικαμπύλος ὤμους,",tlg0013.tlg004.perseus-grc2.xml
Hymn 4,tlg004,1,91,"ἦ πολυοινήσεις, εὖτʼ ἂν τάδε πάντα φέρῃσι,","ἦ πολυοινήσεις, εὖτ’ ἂν τάδε πάντα φέρῃσι,",tlg0013.tlg004.perseus-grc2.xml
Hymn 4,tlg004,1,91a,"εἴ κε πίθῃ, μάλα περ μεμνημένος ἐν φρεσὶ σῇσι","εἴ κε πίθῃ, μάλα περ μεμνημένος ἐν φρεσὶ σῇσι",tlg0013.tlg004.perseus-grc2.xml
Hymn 4,tlg004,1,92,"καί τε ἰδὼν μὴ ἰδὼν εἶναι καὶ κωφὸς ἀκούσας,","καί τε ἰδὼν μὴ ἰδὼν εἶναι καὶ κωφὸς ἀκούσας,",tlg0013.tlg004.perseus-grc2.xml
Hymn 4,tlg004,1,93,καὶ σιγᾶν ὅτε μή τι καταβλάπτῃ τὸ σὸν αὐτοῦ.,καὶ σιγᾶν ὅτε μή τι καταβλάπτῃ τὸ σὸν αὐτοῦ.,tlg0013.tlg004.perseus-grc2.xml
Hymn 4,tlg004,1,94,τόσσον φὰς συνέσευε βοῶν ἴφθιμα κάρηνα.,τόσσον φὰς συνέσευε βοῶν ἴφθιμα κάρηνα.,tlg0013.tlg004.perseus-grc2.xml
Hymn 4,tlg004,1,95,πολλὰ δʼ ὄρη σκιόεντα καὶ αὐλῶνας κελαδεινοὺς,πολλὰ δ’ ὄρη σκιόεντα καὶ αὐλῶνας κελαδεινοὺς,tlg0013.tlg004.perseus-grc2.xml
Hymn 4,tlg004,1,96,καὶ πεδίʼ ἀνθεμόεντα διήλασε κύδιμος Ἑρμῆς.,καὶ πεδί’ ἀνθεμόεντα διήλασε κύδιμος Ἑρμῆς.,tlg0013.tlg004.perseus-grc2.xml
Hymn 4,tlg004,1,97,"ὀρφναίη δʼ ἐπίκουρος ἐπαύετο δαιμονίη νύξ,","ὀρφναίη δ’ ἐπίκουρος ἐπαύετο δαιμονίη νύξ,",tlg0013.tlg004.perseus-grc2.xml
Hymn 4,tlg004,1,98,"ἡ πλείων, τάχα δʼ ὄρθρος ἐγίγνετο δημιοεργός·","ἡ πλείων, τάχα δ’ ὄρθρος ἐγίγνετο δημιοεργός·",tlg0013.tlg004.perseus-grc2.xml
Hymn 4,tlg004,1,99,"ἣ δὲ νέον σκοπιὴν προσεβήσατο δῖα Σελήνη,","ἣ δὲ νέον σκοπιὴν προσεβήσατο δῖα Σελήνη,",tlg0013.tlg004.perseus-grc2.xml
Hymn 4,tlg004,1,100,Πάλλαντος θυγάτηρ Μεγαμηδείδαο ἄνακτος.,Πάλλαντος θυγάτηρ Μεγαμηδείδαο ἄνακτος.,tlg0013.tlg004.perseus-grc2.xml
Hymn 4,tlg004,1,101,τῆμος ἐπʼ Ἀλφειὸν ποταμὸν Διὸς ἄλκιμος υἱὸς,τῆμος ἐπ’ Ἀλφειὸν ποταμὸν Διὸς ἄλκιμος υἱὸς,tlg0013.tlg004.perseus-grc2.xml
Hymn 4,tlg004,1,102,Φοίβου Ἀπόλλωνος βοῦς ἤλασεν εὐρυμετώπους.,Φοίβου Ἀπόλλωνος βοῦς ἤλασεν εὐρυμετώπους.,tlg0013.tlg004.perseus-grc2.xml
Hymn 4,tlg004,1,103,ἀκμῆτες δʼ ἵκανον ἐπʼ αὔλιον ὑψιμέλαθρον,ἀκμῆτες δ’ ἵκανον ἐπ’ αὔλιον ὑψιμέλαθρον,tlg0013.tlg004.perseus-grc2.xml
Hymn 4,tlg004,1,104,καὶ ληνοὺς προπάροιθεν ἀριπρεπέος λειμῶνος.,καὶ ληνοὺς προπάροιθεν ἀριπρεπέος λειμῶνος.,tlg0013.tlg004.perseus-grc2.xml
Hymn 4,tlg004,1,105,ἔνθʼ ἐπεὶ εὖ βοτάνης ἐπεφόρβει βοῦς ἐριμύκους,ἔνθ’ ἐπεὶ εὖ βοτάνης ἐπεφόρβει βοῦς ἐριμύκους,tlg0013.tlg004.perseus-grc2.xml
Hymn 4,tlg004,1,106,"καὶ τὰς μὲν συνέλασσεν ἐς αὔλιον ἀθρόας οὔσας,","καὶ τὰς μὲν συνέλασσεν ἐς αὔλιον ἀθρόας οὔσας,",tlg0013.tlg004.perseus-grc2.xml
Hymn 4,tlg004,1,107,λωτὸν ἐρεπτομένας ἠδʼ ἑρσήεντα κύπειρον·,λωτὸν ἐρεπτομένας ἠδ’ ἑρσήεντα κύπειρον·,tlg0013.tlg004.perseus-grc2.xml
Hymn 4,tlg004,1,108,"σὺν δʼ ἐφόρει ξύλα πολλά, πυρὸς δʼ ἐπεμαίετο τέχνην.","σὺν δ’ ἐφόρει ξύλα πολλά, πυρὸς δ’ ἐπεμαίετο τέχνην.",tlg0013.tlg004.perseus-grc2.xml
Hymn 4,tlg004,1,109,δάφνης ἀγλαὸν ὄζον ἑλὼν ἀπέλεψε σιδήρῳ,δάφνης ἀγλαὸν ὄζον ἑλὼν ἀπέλεψε σιδήρῳ,tlg0013.tlg004.perseus-grc2.xml
Hymn 4,tlg004,1,110,ἄρμενον ἐν παλάμῃ· ἄμπνυτο δὲ θερμὸς ἀυτμή·,ἄρμενον ἐν παλάμῃ· ἄμπνυτο δὲ θερμὸς ἀυτμή·,tlg0013.tlg004.perseus-grc2.xml
Hymn 4,tlg004,1,111,Ἑρμῆς τοι πρώτιστα πυρήια πῦρ τʼ ἀνέδωκε.,Ἑρμῆς τοι πρώτιστα πυρήια πῦρ τ’ ἀνέδωκε.,tlg0013.tlg004.perseus-grc2.xml
Hymn 4,tlg004,1,112,πολλὰ δὲ κάγκανα κᾶλα κατουδαίῳ ἐνὶ βόθρῳ,πολλὰ δὲ κάγκανα κᾶλα κατουδαίῳ ἐνὶ βόθρῳ,tlg0013.tlg004.perseus-grc2.xml
Hymn 4,tlg004,1,113,οὖλα λαβὼν ἐπέθηκεν ἐπηετανά· λάμπετο δὲ φλὸξ,οὖλα λαβὼν ἐπέθηκεν ἐπηετανά· λάμπετο δὲ φλὸξ,tlg0013.tlg004.perseus-grc2.xml
Hymn 4,tlg004,1,114,τηλόσε φῦσαν ἱεῖσα πυρὸς μέγα δαιομένοιο.,τηλόσε φῦσαν ἱεῖσα πυρὸς μέγα δαιομένοιο.,tlg0013.tlg004.perseus-grc2.xml
Hymn 4,tlg004,1,115,"ὄφρα δὲ πῦρ ἀνέκαιε βίη κλυτοῦ Ἡφαίστοιο,","ὄφρα δὲ πῦρ ἀνέκαιε βίη κλυτοῦ Ἡφαίστοιο,",tlg0013.tlg004.perseus-grc2.xml
Hymn 4,tlg004,1,116,τόφρα δʼ ὑποβρύχους ἕλικας βοῦς εἷλκε θύραζε,τόφρα δ’ ὑποβρύχους ἕλικας βοῦς εἷλκε θύραζε,tlg0013.tlg004.perseus-grc2.xml
Hymn 4,tlg004,1,117,δοιὰς ἄγχι πυρός· δύναμις δέ οἱ ἕσπετο πολλή.,δοιὰς ἄγχι πυρός· δύναμις δέ οἱ ἕσπετο πολλή.,tlg0013.tlg004.perseus-grc2.xml
Hymn 4,tlg004,1,118,ἀμφοτέρας δʼ ἐπὶ νῶτα χαμαὶ βάλε φυσιοώσας·,ἀμφοτέρας δ’ ἐπὶ νῶτα χαμαὶ βάλε φυσιοώσας·,tlg0013.tlg004.perseus-grc2.xml
Hymn 4,tlg004,1,119,ἀγκλίνων δʼ ἐκύλινδε διʼ αἰῶνας τετορήσας.,ἀγκλίνων δ’ ἐκύλινδε δι’ αἰῶνας τετορήσας.,tlg0013.tlg004.perseus-grc2.xml
Hymn 4,tlg004,1,120,ἔργῳ δʼ ἔργον ὄπαζε ταμὼν κρέα πίονα δημῷ·,ἔργῳ δ’ ἔργον ὄπαζε ταμὼν κρέα πίονα δημῷ·,tlg0013.tlg004.perseus-grc2.xml
Hymn 4,tlg004,1,121,ὤπτα δʼ ἀμφʼ ὀβελοῖσι πεπαρμένα δουρατέοισι,ὤπτα δ’ ἀμφ’ ὀβελοῖσι πεπαρμένα δουρατέοισι,tlg0013.tlg004.perseus-grc2.xml
Hymn 4,tlg004,1,122,σάρκας ὁμοῦ καὶ νῶτα γεράσμια καὶ μέλαν αἷμα,σάρκας ὁμοῦ καὶ νῶτα γεράσμια καὶ μέλαν αἷμα,tlg0013.tlg004.perseus-grc2.xml
Hymn 4,tlg004,1,123,ἐργμένον ἐν χολάδεσσι· τὰ δʼ αὐτοῦ κεῖτʼ ἐπὶ χώρης·,ἐργμένον ἐν χολάδεσσι· τὰ δ’ αὐτοῦ κεῖτ’ ἐπὶ χώρης·,tlg0013.tlg004.perseus-grc2.xml
Hymn 4,tlg004,1,124,"ῥινοὺς δʼ ἐξετάνυσσε καταστυφέλῳ ἐνὶ πέτρῃ,","ῥινοὺς δ’ ἐξετάνυσσε καταστυφέλῳ ἐνὶ πέτρῃ,",tlg0013.tlg004.perseus-grc2.xml
Hymn 4,tlg004,1,125,"ὡς ἔτι νῦν τὰ μέτασσα πολυχρόνιοι πεφύασι,","ὡς ἔτι νῦν τὰ μέτασσα πολυχρόνιοι πεφύασι,",tlg0013.tlg004.perseus-grc2.xml
Hymn 4,tlg004,1,126,δηρὸν δὴ μετὰ ταῦτα καὶ ἄκριτον· αὐτὰρ ἔπειτα,δηρὸν δὴ μετὰ ταῦτα καὶ ἄκριτον· αὐτὰρ ἔπειτα,tlg0013.tlg004.perseus-grc2.xml
Hymn 4,tlg004,1,127,Ἑρμῆς χαρμόφρων εἰρύσατο πίονα ἔργα,Ἑρμῆς χαρμόφρων εἰρύσατο πίονα ἔργα,tlg0013.tlg004.perseus-grc2.xml
Hymn 4,tlg004,1,128,λείῳ ἐπὶ πλαταμῶνι καὶ ἔσχισε δώδεκα μοίρας,λείῳ ἐπὶ πλαταμῶνι καὶ ἔσχισε δώδεκα μοίρας,tlg0013.tlg004.perseus-grc2.xml
Hymn 4,tlg004,1,129,κληροπαλεῖς· τέλεον δὲ γέρας προσέθηκεν ἑκάστῃ.,κληροπαλεῖς· τέλεον δὲ γέρας προσέθηκεν ἑκάστῃ.,tlg0013.tlg004.perseus-grc2.xml
Hymn 4,tlg004,1,130,ἔνθʼ ὁσίης κρεάων ἠράσσατο κύδιμος Ἑρμῆς·,ἔνθ’ ὁσίης κρεάων ἠράσσατο κύδιμος Ἑρμῆς·,tlg0013.tlg004.perseus-grc2.xml
Hymn 4,tlg004,1,131,ὀδμὴ γάρ μιν ἔτειρε καὶ ἀθάνατόν περ ἐόντα,ὀδμὴ γάρ μιν ἔτειρε καὶ ἀθάνατόν περ ἐόντα,tlg0013.tlg004.perseus-grc2.xml
Hymn 4,tlg004,1,132,"ἡδεῖʼ· ἀλλʼ οὐδʼ ὥς οἱ ἐπείθετο θυμὸς ἀγήνωρ,","ἡδεῖ’· ἀλλ’ οὐδ’ ὥς οἱ ἐπείθετο θυμὸς ἀγήνωρ,",tlg0013.tlg004.perseus-grc2.xml
Hymn 4,tlg004,1,133,"καί τε μάλʼ ἱμείροντι, περῆν ἱερῆς κατὰ δειρῆς.","καί τε μάλ’ ἱμείροντι, περῆν ἱερῆς κατὰ δειρῆς.",tlg0013.tlg004.perseus-grc2.xml
Hymn 4,tlg004,1,134,"ἀλλὰ τὰ μὲν κατέθηκεν ἐς αὔλιον ὑψιμέλαθρον,","ἀλλὰ τὰ μὲν κατέθηκεν ἐς αὔλιον ὑψιμέλαθρον,",tlg0013.tlg004.perseus-grc2.xml
Hymn 4,tlg004,1,135,"δημὸν καὶ κρέα πολλά, μετήορα δʼ αἶψʼ ἀνάειρε,","δημὸν καὶ κρέα πολλά, μετήορα δ’ αἶψ’ ἀνάειρε,",tlg0013.tlg004.perseus-grc2.xml
Hymn 4,tlg004,1,136,σῆμα νέης φωρῆς· ἐπὶ δὲ ξύλα κάγκανʼ ἀγείρας,σῆμα νέης φωρῆς· ἐπὶ δὲ ξύλα κάγκαν’ ἀγείρας,tlg0013.tlg004.perseus-grc2.xml
Hymn 4,tlg004,1,137,"οὐλόποδʼ, οὐλοκάρηνα πυρὸς κατεδάμνατʼ ἀυτμῇ.","οὐλόποδ’, οὐλοκάρηνα πυρὸς κατεδάμνατ’ ἀυτμῇ.",tlg0013.tlg004.perseus-grc2.xml
Hymn 4,tlg004,1,138,"αὐτὰρ ἐπεί τοι πάντα κατὰ χρέος ἤνυσε δαίμων,","αὐτὰρ ἐπεί τοι πάντα κατὰ χρέος ἤνυσε δαίμων,",tlg0013.tlg004.perseus-grc2.xml
Hymn 4,tlg004,1,139,σάνδαλα μὲν προέηκεν ἐς Ἀλφειὸν βαθυδίνην·,σάνδαλα μὲν προέηκεν ἐς Ἀλφειὸν βαθυδίνην·,tlg0013.tlg004.perseus-grc2.xml
Hymn 4,tlg004,1,140,"ἀνθρακιὴν δʼ ἐμάρανε, κόνιν δʼ ἀμάθυνε μέλαιναν","ἀνθρακιὴν δ’ ἐμάρανε, κόνιν δ’ ἀμάθυνε μέλαιναν",tlg0013.tlg004.perseus-grc2.xml
Hymn 4,tlg004,1,141,παννύχιος· καλὸν δὲ φόως κατέλαμπε Σελήνης.,παννύχιος· καλὸν δὲ φόως κατέλαμπε Σελήνης.,tlg0013.tlg004.perseus-grc2.xml
Hymn 4,tlg004,1,142,Κυλλήνης δʼ αἶψʼ αὖτις ἀφίκετο δῖα κάρηνα,Κυλλήνης δ’ αἶψ’ αὖτις ἀφίκετο δῖα κάρηνα,tlg0013.tlg004.perseus-grc2.xml
Hymn 4,tlg004,1,143,"ὄρθριος, οὐδέ τί οἱ δολιχῆς ὁδοῦ ἀντεβόλησεν","ὄρθριος, οὐδέ τί οἱ δολιχῆς ὁδοῦ ἀντεβόλησεν",tlg0013.tlg004.perseus-grc2.xml
Hymn 4,tlg004,1,144,"οὔτε θεῶν μακάρων οὔτε θνητῶν ἀνθρώπων,","οὔτε θεῶν μακάρων οὔτε θνητῶν ἀνθρώπων,",tlg0013.tlg004.perseus-grc2.xml
Hymn 4,tlg004,1,145,οὐδὲ κύνες λελάκοντο· Διὸς δʼ ἐριούνιος Ἑρμῆς,οὐδὲ κύνες λελάκοντο· Διὸς δ’ ἐριούνιος Ἑρμῆς,tlg0013.tlg004.perseus-grc2.xml
Hymn 4,tlg004,1,146,δοχμωθεὶς μεγάροιο διὰ κλήιθρον ἔδυνεν,δοχμωθεὶς μεγάροιο διὰ κλήιθρον ἔδυνεν,tlg0013.tlg004.perseus-grc2.xml
Hymn 4,tlg004,1,147,"αὔρῃ ὀπωρινῇ ἐναλίγκιος, ἠύτʼ ὀμίχλη.","αὔρῃ ὀπωρινῇ ἐναλίγκιος, ἠύτ’ ὀμίχλη.",tlg0013.tlg004.perseus-grc2.xml
Hymn 4,tlg004,1,148,ἰθύσας δʼ ἄντρου ἐξίκετο πίονα νηὸν,ἰθύσας δ’ ἄντρου ἐξίκετο πίονα νηὸν,tlg0013.tlg004.perseus-grc2.xml
Hymn 4,tlg004,1,149,"ἦκα ποσὶ προβιβῶν· οὐ γὰρ κτύπεν, ὥσπερ ἐπʼ οὔδει.","ἦκα ποσὶ προβιβῶν· οὐ γὰρ κτύπεν, ὥσπερ ἐπ’ οὔδει.",tlg0013.tlg004.perseus-grc2.xml
Hymn 4,tlg004,1,150,ἐσσυμένως δʼ ἄρα λίκνον ἐπῴχετο κύδιμος Ἑρμῆς·,ἐσσυμένως δ’ ἄρα λίκνον ἐπῴχετο κύδιμος Ἑρμῆς·,tlg0013.tlg004.perseus-grc2.xml
Hymn 4,tlg004,1,151,"σπάργανον ἀμφʼ ὤμοις εἰλυμένος, ἠύτε τέκνον","σπάργανον ἀμφ’ ὤμοις εἰλυμένος, ἠύτε τέκνον",tlg0013.tlg004.perseus-grc2.xml
Hymn 4,tlg004,1,152,"νήπιον, ἐν παλάμῃσι περʼ ἰγνύσι λαῖφος ἀθύρων","νήπιον, ἐν παλάμῃσι περ’ ἰγνύσι λαῖφος ἀθύρων",tlg0013.tlg004.perseus-grc2.xml
Hymn 4,tlg004,1,153,"κεῖτο, χέλυν ἐρατὴν ἐπʼ ἀριστερὰ χειρὸς ἐέργων.","κεῖτο, χέλυν ἐρατὴν ἐπ’ ἀριστερὰ χειρὸς ἐέργων.",tlg0013.tlg004.perseus-grc2.xml
Hymn 4,tlg004,1,154,μητέρα δʼ οὐκ ἄρʼ ἔληθε θεὰν θεὸς εἰπέ τε μῦθον·,μητέρα δ’ οὐκ ἄρ’ ἔληθε θεὰν θεὸς εἰπέ τε μῦθον·,tlg0013.tlg004.perseus-grc2.xml
Hymn 4,tlg004,1,155,"τίπτε σύ, ποικιλομῆτα, πόθεν τόδε νυκτὸς ἐν ὥρῃ","τίπτε σύ, ποικιλομῆτα, πόθεν τόδε νυκτὸς ἐν ὥρῃ",tlg0013.tlg004.perseus-grc2.xml
Hymn 4,tlg004,1,156,"ἔρχῃ, ἀναιδείην ἐπιειμένε; νῦν σε μάλʼ οἴω","ἔρχῃ, ἀναιδείην ἐπιειμένε; νῦν σε μάλ’ οἴω",tlg0013.tlg004.perseus-grc2.xml
Hymn 4,tlg004,1,157,ἢ τάχʼ ἀμήχανα δεσμὰ περὶ πλευρῇσιν ἔχοντα,ἢ τάχ’ ἀμήχανα δεσμὰ περὶ πλευρῇσιν ἔχοντα,tlg0013.tlg004.perseus-grc2.xml
Hymn 4,tlg004,1,158,Λητοίδου ὑπὸ χερσὶ διὲκ προθύροιο περήσειν,Λητοίδου ὑπὸ χερσὶ διὲκ προθύροιο περήσειν,tlg0013.tlg004.perseus-grc2.xml
Hymn 4,tlg004,1,159,ἣ σὲ φέροντα μεταξὺ κατʼ ἄγκεα φηλητεύσειν.,ἣ σὲ φέροντα μεταξὺ κατ’ ἄγκεα φηλητεύσειν.,tlg0013.tlg004.perseus-grc2.xml
Hymn 4,tlg004,1,160,ἔρρε πάλιν· μεγάλην σε πατὴρ ἐφύτευσε μέριμναν,ἔρρε πάλιν· μεγάλην σε πατὴρ ἐφύτευσε μέριμναν,tlg0013.tlg004.perseus-grc2.xml
Hymn 4,tlg004,1,161,θνητοῖς ἀνθρώποισι καὶ ἀθανάτοισι θεοῖσι.,θνητοῖς ἀνθρώποισι καὶ ἀθανάτοισι θεοῖσι.,tlg0013.tlg004.perseus-grc2.xml
Hymn 4,tlg004,1,162,τὴν δʼ Ἑρμῆς μύθοισιν ἀμείβετο κερδαλέοισι·,τὴν δ’ Ἑρμῆς μύθοισιν ἀμείβετο κερδαλέοισι·,tlg0013.tlg004.perseus-grc2.xml
Hymn 4,tlg004,1,163,"μῆτερ ἐμή, τί με ταῦτα δεδίσκεαι, ἠύτε τέκνον","μῆτερ ἐμή, τί με ταῦτα δεδίσκεαι, ἠύτε τέκνον",tlg0013.tlg004.perseus-grc2.xml
Hymn 4,tlg004,1,164,"νήπιον, ὃς μάλα παῦρα μετὰ φρεσὶν αἴσυλα οἶδε,","νήπιον, ὃς μάλα παῦρα μετὰ φρεσὶν αἴσυλα οἶδε,",tlg0013.tlg004.perseus-grc2.xml
Hymn 4,tlg004,1,165,"ταρβαλέον, καὶ μητρὸς ὑπαιδείδοικεν ἐνιπάς;","ταρβαλέον, καὶ μητρὸς ὑπαιδείδοικεν ἐνιπάς;",tlg0013.tlg004.perseus-grc2.xml
Hymn 4,tlg004,1,166,"αὐτὰρ ἐγὼ τέχνης ἐπιβήσομαι, ἥ τις ἀρίστη,","αὐτὰρ ἐγὼ τέχνης ἐπιβήσομαι, ἥ τις ἀρίστη,",tlg0013.tlg004.perseus-grc2.xml
Hymn 4,tlg004,1,167,βουκολέων ἐμὲ καὶ σὲ διαμπερές· οὐδὲ θεοῖσι,βουκολέων ἐμὲ καὶ σὲ διαμπερές· οὐδὲ θεοῖσι,tlg0013.tlg004.perseus-grc2.xml
Hymn 4,tlg004,1,168,νῶι μετʼ ἀθανάτοισιν ἀδώρητοι καὶ ἄλιστοι,νῶι μετ’ ἀθανάτοισιν ἀδώρητοι καὶ ἄλιστοι,tlg0013.tlg004.perseus-grc2.xml
Hymn 4,tlg004,1,169,"αὐτοῦ τῇδε μένοντες ἀνεξόμεθʼ, ὡς σὺ κελεύεις.","αὐτοῦ τῇδε μένοντες ἀνεξόμεθ’, ὡς σὺ κελεύεις.",tlg0013.tlg004.perseus-grc2.xml
Hymn 4,tlg004,1,170,"βέλτερον ἤματα πάντα μετʼ ἀθανάτοις ὀαρίζειν,","βέλτερον ἤματα πάντα μετ’ ἀθανάτοις ὀαρίζειν,",tlg0013.tlg004.perseus-grc2.xml
Hymn 4,tlg004,1,171,"πλούσιον, ἀφνειόν, πολυλήιον, ἢ κατὰ δῶμα","πλούσιον, ἀφνειόν, πολυλήιον, ἢ κατὰ δῶμα",tlg0013.tlg004.perseus-grc2.xml
Hymn 4,tlg004,1,172,"ἄντρῳ ἐν ἠερόεντι θαασσέμεν· ἀμφὶ δὲ τιμῆς,","ἄντρῳ ἐν ἠερόεντι θαασσέμεν· ἀμφὶ δὲ τιμῆς,",tlg0013.tlg004.perseus-grc2.xml
Hymn 4,tlg004,1,173,"κἀγὼ τῆς ὁσίης ἐπιβήσομαι, ἧς περ Ἀπόλλων.","κἀγὼ τῆς ὁσίης ἐπιβήσομαι, ἧς περ Ἀπόλλων.",tlg0013.tlg004.perseus-grc2.xml
Hymn 4,tlg004,1,174,"εἰ δέ κε μὴ δώῃσι πατὴρ ἐμός, ἧ τοι ἔγωγε","εἰ δέ κε μὴ δώῃσι πατὴρ ἐμός, ἧ τοι ἔγωγε",tlg0013.tlg004.perseus-grc2.xml
Hymn 4,tlg004,1,175,"πειρήσω, δύναμαι, φηλητέων ὄρχαμος εἶναι.","πειρήσω, δύναμαι, φηλητέων ὄρχαμος εἶναι.",tlg0013.tlg004.perseus-grc2.xml
Hymn 4,tlg004,1,176,"εἰ δέ μʼ ἐρευνήσει Λητοῦς ἐρικυδέος υἱός,","εἰ δέ μ’ ἐρευνήσει Λητοῦς ἐρικυδέος υἱός,",tlg0013.tlg004.perseus-grc2.xml
Hymn 4,tlg004,1,177,ἄλλο τί οἱ καὶ μεῖζον ὀίομαι ἀντιβολήσειν.,ἄλλο τί οἱ καὶ μεῖζον ὀίομαι ἀντιβολήσειν.,tlg0013.tlg004.perseus-grc2.xml
Hymn 4,tlg004,1,178,εἶμι γὰρ ἐς Πυθῶνα μέγαν δόμον ἀντιτορήσων·,εἶμι γὰρ ἐς Πυθῶνα μέγαν δόμον ἀντιτορήσων·,tlg0013.tlg004.perseus-grc2.xml
Hymn 4,tlg004,1,179,ἔνθεν ἅλις τρίποδας περικαλλέας ἠδὲ λέβητας,ἔνθεν ἅλις τρίποδας περικαλλέας ἠδὲ λέβητας,tlg0013.tlg004.perseus-grc2.xml
Hymn 4,tlg004,1,180,"πορθήσω καὶ χρυσόν, ἅλις τʼ αἴθωνα σίδηρον","πορθήσω καὶ χρυσόν, ἅλις τ’ αἴθωνα σίδηρον",tlg0013.tlg004.perseus-grc2.xml
Hymn 4,tlg004,1,181,"καὶ πολλὴν ἐσθῆτα· σὺ δʼ ὄψεαι, αἴ κʼ ἐθέλῃσθα.","καὶ πολλὴν ἐσθῆτα· σὺ δ’ ὄψεαι, αἴ κ’ ἐθέλῃσθα.",tlg0013.tlg004.perseus-grc2.xml
Hymn 4,tlg004,1,182,"ὣς οἳ μέν ῥʼ ἐπέεσσι πρὸς ἀλλήλους ἀγόρευον,","ὣς οἳ μέν ῥ’ ἐπέεσσι πρὸς ἀλλήλους ἀγόρευον,",tlg0013.tlg004.perseus-grc2.xml
Hymn 4,tlg004,1,183,υἱός τʼ αἰγιόχοιο Διὸς καὶ πότνια Μαῖα.,υἱός τ’ αἰγιόχοιο Διὸς καὶ πότνια Μαῖα.,tlg0013.tlg004.perseus-grc2.xml
Hymn 4,tlg004,1,184,Ἠὼς δʼ ἠριγένεια φόως θνητοῖσι φέρουσα,Ἠὼς δ’ ἠριγένεια φόως θνητοῖσι φέρουσα,tlg0013.tlg004.perseus-grc2.xml
Hymn 4,tlg004,1,185,ὤρνυτʼ ἀπʼ Ὠκεανοῖο βαθυρρόου· αὐτὰρ Ἀπόλλων,ὤρνυτ’ ἀπ’ Ὠκεανοῖο βαθυρρόου· αὐτὰρ Ἀπόλλων,tlg0013.tlg004.perseus-grc2.xml
Hymn 4,tlg004,1,186,"Ὀγχηστόνδʼ ἀφίκανε κιών, πολυήρατον ἄλσος","Ὀγχηστόνδ’ ἀφίκανε κιών, πολυήρατον ἄλσος",tlg0013.tlg004.perseus-grc2.xml
Hymn 4,tlg004,1,187,ἁγνὸν ἐρισφαράγου Γαιηόχου· ἔνθα γέροντα,ἁγνὸν ἐρισφαράγου Γαιηόχου· ἔνθα γέροντα,tlg0013.tlg004.perseus-grc2.xml
Hymn 4,tlg004,1,188,κνώδαλον εὗρε νέμοντα παρʼ ἔξοδον ἕρκεος αὐλῆς.,κνώδαλον εὗρε νέμοντα παρ’ ἔξοδον ἕρκεος αὐλῆς.,tlg0013.tlg004.perseus-grc2.xml
Hymn 4,tlg004,1,189,τὸν πρότερος προσέφη Λητοῦς ἐρικυδέος υἱός·,τὸν πρότερος προσέφη Λητοῦς ἐρικυδέος υἱός·,tlg0013.tlg004.perseus-grc2.xml
Hymn 4,tlg004,1,190,"ὦ γέρον, Ὀγχηστοῖο βατοδρόπε ποιήεντος,","ὦ γέρον, Ὀγχηστοῖο βατοδρόπε ποιήεντος,",tlg0013.tlg004.perseus-grc2.xml
Hymn 4,tlg004,1,191,"βοῦς ἀπὸ Πιερίης διζήμενος ἐνθάδʼ ἱκάνω,","βοῦς ἀπὸ Πιερίης διζήμενος ἐνθάδ’ ἱκάνω,",tlg0013.tlg004.perseus-grc2.xml
Hymn 4,tlg004,1,192,"πάσας θηλείας, πάσας κεράεσσιν ἑλικτάς,","πάσας θηλείας, πάσας κεράεσσιν ἑλικτάς,",tlg0013.tlg004.perseus-grc2.xml
Hymn 4,tlg004,1,193,ἐξ ἀγέλης· ὁ δὲ ταῦρος ἐβόσκετο μοῦνος ἀπʼ ἄλλων,ἐξ ἀγέλης· ὁ δὲ ταῦρος ἐβόσκετο μοῦνος ἀπ’ ἄλλων,tlg0013.tlg004.perseus-grc2.xml
Hymn 4,tlg004,1,194,κυάνεος· χαροποὶ δὲ κύνες κατόπισθεν ἕποντο,κυάνεος· χαροποὶ δὲ κύνες κατόπισθεν ἕποντο,tlg0013.tlg004.perseus-grc2.xml
Hymn 4,tlg004,1,195,"τέσσαρες, ἠύτε φῶτες, ὁμόφρονες· οἳ μὲν ἔλειφθεν,","τέσσαρες, ἠύτε φῶτες, ὁμόφρονες· οἳ μὲν ἔλειφθεν,",tlg0013.tlg004.perseus-grc2.xml
Hymn 4,tlg004,1,196,οἵ τε κύνες ὅ τε ταῦρος· ὃ δὴ περὶ θαῦμα τέτυκται·,οἵ τε κύνες ὅ τε ταῦρος· ὃ δὴ περὶ θαῦμα τέτυκται·,tlg0013.tlg004.perseus-grc2.xml
Hymn 4,tlg004,1,197,ταὶ δʼ ἔβαν ἠελίοιο νέον καταδυομένοιο,ταὶ δ’ ἔβαν ἠελίοιο νέον καταδυομένοιο,tlg0013.tlg004.perseus-grc2.xml
Hymn 4,tlg004,1,198,ἐκ μαλακοῦ λειμῶνος ἀπὸ γλυκεροῖο νομοῖο.,ἐκ μαλακοῦ λειμῶνος ἀπὸ γλυκεροῖο νομοῖο.,tlg0013.tlg004.perseus-grc2.xml
Hymn 4,tlg004,1,199,"ταῦτά μοι εἰπέ, γεραιὲ παλαιγενές, εἴ που ὄπωπας","ταῦτά μοι εἰπέ, γεραιὲ παλαιγενές, εἴ που ὄπωπας",tlg0013.tlg004.perseus-grc2.xml
Hymn 4,tlg004,1,200,ἀνέρα ταῖσδʼ ἐπὶ βουσὶ διαπρήσσοντα κέλευθον.,ἀνέρα ταῖσδ’ ἐπὶ βουσὶ διαπρήσσοντα κέλευθον.,tlg0013.tlg004.perseus-grc2.xml
Hymn 4,tlg004,1,201,τὸν δʼ ὁ γέρων μύθοισιν ἀμειβόμενος προσέειπεν·,τὸν δ’ ὁ γέρων μύθοισιν ἀμειβόμενος προσέειπεν·,tlg0013.tlg004.perseus-grc2.xml
Hymn 4,tlg004,1,202,"ὦ φίλος, ἀργαλέον μέν, ὅσʼ ὀφθαλμοῖσιν ἴδοιτο,","ὦ φίλος, ἀργαλέον μέν, ὅσ’ ὀφθαλμοῖσιν ἴδοιτο,",tlg0013.tlg004.perseus-grc2.xml
Hymn 4,tlg004,1,203,"πάντα λέγειν· πολλοὶ γὰρ ὁδὸν πρήσσουσιν ὁδῖται,","πάντα λέγειν· πολλοὶ γὰρ ὁδὸν πρήσσουσιν ὁδῖται,",tlg0013.tlg004.perseus-grc2.xml
Hymn 4,tlg004,1,204,"τῶν οἳ μὲν κακὰ πολλὰ μεμαότες, οἳ δὲ μάλʼ ἐσθλὰ","τῶν οἳ μὲν κακὰ πολλὰ μεμαότες, οἳ δὲ μάλ’ ἐσθλὰ",tlg0013.tlg004.perseus-grc2.xml
Hymn 4,tlg004,1,205,φοιτῶσιν· χαλεπὸν δὲ δαήμεναί ἐστιν ἕκαστον·,φοιτῶσιν· χαλεπὸν δὲ δαήμεναί ἐστιν ἕκαστον·,tlg0013.tlg004.perseus-grc2.xml
Hymn 4,tlg004,1,206,αὐτὰρ ἐγὼ πρόπαν ἦμαρ ἐς ἠέλιον καταδύντα,αὐτὰρ ἐγὼ πρόπαν ἦμαρ ἐς ἠέλιον καταδύντα,tlg0013.tlg004.perseus-grc2.xml
Hymn 4,tlg004,1,207,ἔσκαπτον περὶ γουνὸν ἀλωῆς οἰνοπέδοιο·,ἔσκαπτον περὶ γουνὸν ἀλωῆς οἰνοπέδοιο·,tlg0013.tlg004.perseus-grc2.xml
Hymn 4,tlg004,1,208,"παῖδα δʼ ἔδοξα, φέριστε, σαφὲς δʼ οὐκ οἶδα, νοῆσαι,","παῖδα δ’ ἔδοξα, φέριστε, σαφὲς δ’ οὐκ οἶδα, νοῆσαι,",tlg0013.tlg004.perseus-grc2.xml
Hymn 4,tlg004,1,209,"ὅς τις ὁ παῖς, ἅμα βουσὶν ἐυκραίρῃσιν ὀπήδει","ὅς τις ὁ παῖς, ἅμα βουσὶν ἐυκραίρῃσιν ὀπήδει",tlg0013.tlg004.perseus-grc2.xml
Hymn 4,tlg004,1,210,"νήπιος, εἶχε δὲ ῥάβδον· ἐπιστροφάδην δʼ ἐβάδιζεν.","νήπιος, εἶχε δὲ ῥάβδον· ἐπιστροφάδην δ’ ἐβάδιζεν.",tlg0013.tlg004.perseus-grc2.xml
Hymn 4,tlg004,1,211,"ἐξοπίσω δʼ ἀνέεργε, κάρη δʼ ἔχεν ἀντίον αὐτῷ.","ἐξοπίσω δ’ ἀνέεργε, κάρη δ’ ἔχεν ἀντίον αὐτῷ.",tlg0013.tlg004.perseus-grc2.xml
Hymn 4,tlg004,1,212,φῆ ῥʼ ὁ γέρων· ὃ δὲ θᾶσσον ὁδὸν κίε μῦθον ἀκούσας·,φῆ ῥ’ ὁ γέρων· ὃ δὲ θᾶσσον ὁδὸν κίε μῦθον ἀκούσας·,tlg0013.tlg004.perseus-grc2.xml
Hymn 4,tlg004,1,213,"οἰωνὸν δʼ ἐνόει τανυσίπτερον, αὐτίκα δʼ ἔγνω","οἰωνὸν δ’ ἐνόει τανυσίπτερον, αὐτίκα δ’ ἔγνω",tlg0013.tlg004.perseus-grc2.xml
Hymn 4,tlg004,1,214,φηλητὴν γεγαῶτα Διὸς παῖδα Κρονίωνος.,φηλητὴν γεγαῶτα Διὸς παῖδα Κρονίωνος.,tlg0013.tlg004.perseus-grc2.xml
Hymn 4,tlg004,1,215,ἐσσυμένως δʼ ἤιξεν ἄναξ Διὸς υἱὸς Ἀπόλλων,ἐσσυμένως δ’ ἤιξεν ἄναξ Διὸς υἱὸς Ἀπόλλων,tlg0013.tlg004.perseus-grc2.xml
Hymn 4,tlg004,1,216,"ἐς Πύλον ἠγαθέην διζήμενος εἰλίποδας βοῦς,","ἐς Πύλον ἠγαθέην διζήμενος εἰλίποδας βοῦς,",tlg0013.tlg004.perseus-grc2.xml
Hymn 4,tlg004,1,217,πορφυρέῃ νεφέλῃ κεκαλυμμένος εὐρέας ὤμους·,πορφυρέῃ νεφέλῃ κεκαλυμμένος εὐρέας ὤμους·,tlg0013.tlg004.perseus-grc2.xml
Hymn 4,tlg004,1,218,ἴχνιά τʼ εἰσενόησεν Ἑκηβόλος εἶπέ τε μῦθον·,ἴχνιά τ’ εἰσενόησεν Ἑκηβόλος εἶπέ τε μῦθον·,tlg0013.tlg004.perseus-grc2.xml
Hymn 4,tlg004,1,219,"ὦ πόποι, ἦ μέγα θαῦμα τόδʼ ὀφθαλμοῖσιν ὁρῶμαι·","ὦ πόποι, ἦ μέγα θαῦμα τόδ’ ὀφθαλμοῖσιν ὁρῶμαι·",tlg0013.tlg004.perseus-grc2.xml
Hymn 4,tlg004,1,220,"ἴχνια μὲν τάδε γʼ ἐστὶ βοῶν ὀρθοκραιράων,","ἴχνια μὲν τάδε γ’ ἐστὶ βοῶν ὀρθοκραιράων,",tlg0013.tlg004.perseus-grc2.xml
Hymn 4,tlg004,1,221,ἀλλὰ πάλιν τέτραπται ἐς ἀσφοδελὸν λειμῶνα·,ἀλλὰ πάλιν τέτραπται ἐς ἀσφοδελὸν λειμῶνα·,tlg0013.tlg004.perseus-grc2.xml
Hymn 4,tlg004,1,222,βήματα δʼ οὔτʼ ἀνδρὸς τάδε γίγνεται οὔτε γυναικὸς,βήματα δ’ οὔτ’ ἀνδρὸς τάδε γίγνεται οὔτε γυναικὸς,tlg0013.tlg004.perseus-grc2.xml
Hymn 4,tlg004,1,223,οὔτε λύκων πολιῶν οὔτʼ ἄρκτων οὔτε λεόντων·,οὔτε λύκων πολιῶν οὔτ’ ἄρκτων οὔτε λεόντων·,tlg0013.tlg004.perseus-grc2.xml
Hymn 4,tlg004,1,224,"οὔτε τι Κενταύρου λασιαύχενος ἔλπομαι εἶναι,","οὔτε τι Κενταύρου λασιαύχενος ἔλπομαι εἶναι,",tlg0013.tlg004.perseus-grc2.xml
Hymn 4,tlg004,1,225,ὅς τις τοῖα πέλωρα βιβᾷ ποσὶ καρπαλίμοισιν·,ὅς τις τοῖα πέλωρα βιβᾷ ποσὶ καρπαλίμοισιν·,tlg0013.tlg004.perseus-grc2.xml
Hymn 4,tlg004,1,226,"αἰνὰ μὲν ἔνθεν ὁδοῖο, τὰ δʼ αἰνότερʼ ἔνθεν ὁδοῖο.","αἰνὰ μὲν ἔνθεν ὁδοῖο, τὰ δ’ αἰνότερ’ ἔνθεν ὁδοῖο.",tlg0013.tlg004.perseus-grc2.xml
Hymn 4,tlg004,1,227,ὣς εἰπὼν ἤιξεν ἄναξ Διὸς υἱὸς Ἀπόλλων·,ὣς εἰπὼν ἤιξεν ἄναξ Διὸς υἱὸς Ἀπόλλων·,tlg0013.tlg004.perseus-grc2.xml
Hymn 4,tlg004,1,228,"Κυλλήνης δʼ ἀφίκανεν ὄρος καταείμενον ὕλῃ,","Κυλλήνης δ’ ἀφίκανεν ὄρος καταείμενον ὕλῃ,",tlg0013.tlg004.perseus-grc2.xml
Hymn 4,tlg004,1,229,"πέτρης ἐς κευθμῶνα βαθύσκιον, ἔνθα τε νύμφη","πέτρης ἐς κευθμῶνα βαθύσκιον, ἔνθα τε νύμφη",tlg0013.tlg004.perseus-grc2.xml
Hymn 4,tlg004,1,230,ἀμβροσίη ἐλόχευσε Διὸς παῖδα Κρονίωνος.,ἀμβροσίη ἐλόχευσε Διὸς παῖδα Κρονίωνος.,tlg0013.tlg004.perseus-grc2.xml
Hymn 4,tlg004,1,231,ὀδμὴ δʼ ἱμερόεσσα διʼ οὔρεος ἠγαθέοιο,ὀδμὴ δ’ ἱμερόεσσα δι’ οὔρεος ἠγαθέοιο,tlg0013.tlg004.perseus-grc2.xml
Hymn 4,tlg004,1,232,"κίδνατο, πολλὰ δὲ μῆλα ταναύποδα βόσκετο ποίην.","κίδνατο, πολλὰ δὲ μῆλα ταναύποδα βόσκετο ποίην.",tlg0013.tlg004.perseus-grc2.xml
Hymn 4,tlg004,1,233,ἔνθα τότε σπεύδων κατεβήσατο λάινον οὐδὸν,ἔνθα τότε σπεύδων κατεβήσατο λάινον οὐδὸν,tlg0013.tlg004.perseus-grc2.xml
Hymn 4,tlg004,1,234,ἄντρον ἐς ἠερόεν ἑκατηβόλος αὐτὸς Ἀπόλλων.,ἄντρον ἐς ἠερόεν ἑκατηβόλος αὐτὸς Ἀπόλλων.,tlg0013.tlg004.perseus-grc2.xml
Hymn 4,tlg004,1,235,Τὸν δʼ ὡς οὖν ἐνόησε Διὸς καὶ Μαιάδος υἱὸς,Τὸν δ’ ὡς οὖν ἐνόησε Διὸς καὶ Μαιάδος υἱὸς,tlg0013.tlg004.perseus-grc2.xml
Hymn 4,tlg004,1,236,"χωόμενον περὶ βουσὶν ἑκηβόλον Ἀπόλλωνα,","χωόμενον περὶ βουσὶν ἑκηβόλον Ἀπόλλωνα,",tlg0013.tlg004.perseus-grc2.xml
Hymn 4,tlg004,1,237,σπάργανʼ ἔσω κατέδυνε θυήεντʼ· ἠύτε πολλὴν,σπάργαν’ ἔσω κατέδυνε θυήεντ’· ἠύτε πολλὴν,tlg0013.tlg004.perseus-grc2.xml
Hymn 4,tlg004,1,238,"πρέμνων ἀνθρακιὴν ὕλης σποδὸς ἀμφικαλύπτει,","πρέμνων ἀνθρακιὴν ὕλης σποδὸς ἀμφικαλύπτει,",tlg0013.tlg004.perseus-grc2.xml
Hymn 4,tlg004,1,239,ὣς Ἑρμῆς Ἑκάεργον ἰδὼν ἀνέειλεν ἑαυτόν.,ὣς Ἑρμῆς Ἑκάεργον ἰδὼν ἀνέειλεν ἑαυτόν.,tlg0013.tlg004.perseus-grc2.xml
Hymn 4,tlg004,1,240,"ἐν δʼ ὀλίγῳ συνέλασσε κάρη χεῖράς τε πόδας τε,","ἐν δ’ ὀλίγῳ συνέλασσε κάρη χεῖράς τε πόδας τε,",tlg0013.tlg004.perseus-grc2.xml
Hymn 4,tlg004,1,241,"φή ῥα νεόλλουτος, προκαλεύμενος ἥδυμον ὕπνον,","φή ῥα νεόλλουτος, προκαλεύμενος ἥδυμον ὕπνον,",tlg0013.tlg004.perseus-grc2.xml
Hymn 4,tlg004,1,242,ἐγρήσσων ἐτεόν γε· χέλυν δʼ ὑπὸ μασχάλῃ εἶχε.,ἐγρήσσων ἐτεόν γε· χέλυν δ’ ὑπὸ μασχάλῃ εἶχε.,tlg0013.tlg004.perseus-grc2.xml
Hymn 4,tlg004,1,243,γνῶ δʼ οὐδʼ ἠγνοίησε Διὸς καὶ Λητοῦς υἱὸς,γνῶ δ’ οὐδ’ ἠγνοίησε Διὸς καὶ Λητοῦς υἱὸς,tlg0013.tlg004.perseus-grc2.xml
Hymn 4,tlg004,1,244,"νύμφην τʼ οὐρείην περικαλλέα καὶ φίλον υἱόν,","νύμφην τ’ οὐρείην περικαλλέα καὶ φίλον υἱόν,",tlg0013.tlg004.perseus-grc2.xml
Hymn 4,tlg004,1,245,"παῖδʼ ὀλίγον, δολίῃς εἰλυμένον ἐντροπίῃσι.","παῖδ’ ὀλίγον, δολίῃς εἰλυμένον ἐντροπίῃσι.",tlg0013.tlg004.perseus-grc2.xml
Hymn 4,tlg004,1,246,παπτήνας δʼ ἀνὰ πάντα μυχὸν μεγάλοιο δόμοιο,παπτήνας δ’ ἀνὰ πάντα μυχὸν μεγάλοιο δόμοιο,tlg0013.tlg004.perseus-grc2.xml
Hymn 4,tlg004,1,247,τρεῖς ἀδύτους ἀνέῳγε λαβὼν κληῖδα φαεινὴν,τρεῖς ἀδύτους ἀνέῳγε λαβὼν κληῖδα φαεινὴν,tlg0013.tlg004.perseus-grc2.xml
Hymn 4,tlg004,1,248,νέκταρος ἐμπλείους ἠδʼ ἀμβροσίης ἐρατεινῆς·,νέκταρος ἐμπλείους ἠδ’ ἀμβροσίης ἐρατεινῆς·,tlg0013.tlg004.perseus-grc2.xml
Hymn 4,tlg004,1,249,"πολλὸς δὲ χρυσός τε καὶ ἄργυρος ἔνδον ἔκειτο,","πολλὸς δὲ χρυσός τε καὶ ἄργυρος ἔνδον ἔκειτο,",tlg0013.tlg004.perseus-grc2.xml
Hymn 4,tlg004,1,250,"πολλὰ δὲ φοινικόεντα καὶ ἄργυφα εἵματα νύμφης,","πολλὰ δὲ φοινικόεντα καὶ ἄργυφα εἵματα νύμφης,",tlg0013.tlg004.perseus-grc2.xml
Hymn 4,tlg004,1,251,οἷα θεῶν μακάρων ἱεροὶ δόμοι ἐντὸς ἔχουσιν·,οἷα θεῶν μακάρων ἱεροὶ δόμοι ἐντὸς ἔχουσιν·,tlg0013.tlg004.perseus-grc2.xml
Hymn 4,tlg004,1,252,ἔνθʼ ἐπεὶ ἐξερέεινε μυχοὺς μεγάλοιο δόμοιο,ἔνθ’ ἐπεὶ ἐξερέεινε μυχοὺς μεγάλοιο δόμοιο,tlg0013.tlg004.perseus-grc2.xml
Hymn 4,tlg004,1,253,"Λητοΐδης, μύθοισι προσηύδα κύδιμον Ἑρμῆν·","Λητοΐδης, μύθοισι προσηύδα κύδιμον Ἑρμῆν·",tlg0013.tlg004.perseus-grc2.xml
Hymn 4,tlg004,1,254,"ὦ παῖ, ὃς ἐν λίκνῳ κατάκειαι, μήνυέ μοι βοῦς","ὦ παῖ, ὃς ἐν λίκνῳ κατάκειαι, μήνυέ μοι βοῦς",tlg0013.tlg004.perseus-grc2.xml
Hymn 4,tlg004,1,255,θᾶσσον· ἐπεὶ τάχα νῶι διοισόμεθʼ οὐ κατὰ κόσμον.,θᾶσσον· ἐπεὶ τάχα νῶι διοισόμεθ’ οὐ κατὰ κόσμον.,tlg0013.tlg004.perseus-grc2.xml
Hymn 4,tlg004,1,256,"ῥίψω γάρ σε λαβὼν ἐς Τάρταρον ἠερόεντα,","ῥίψω γάρ σε λαβὼν ἐς Τάρταρον ἠερόεντα,",tlg0013.tlg004.perseus-grc2.xml
Hymn 4,tlg004,1,257,ἐς ζόφον αἰνόμορον καὶ ἀμήχανον· οὐδέ σε μήτηρ,ἐς ζόφον αἰνόμορον καὶ ἀμήχανον· οὐδέ σε μήτηρ,tlg0013.tlg004.perseus-grc2.xml
Hymn 4,tlg004,1,258,"ἐς φάος οὐδὲ πατὴρ ἀναλύσεται, ἀλλʼ ὑπὸ γαίῃ","ἐς φάος οὐδὲ πατὴρ ἀναλύσεται, ἀλλ’ ὑπὸ γαίῃ",tlg0013.tlg004.perseus-grc2.xml
Hymn 4,tlg004,1,259,ἐρρήσεις ὀλίγοισι μετʼ ἀνδράσιν ἡγεμονεύων.,ἐρρήσεις ὀλίγοισι μετ’ ἀνδράσιν ἡγεμονεύων.,tlg0013.tlg004.perseus-grc2.xml
Hymn 4,tlg004,1,260,Τὸν δʼ Ἑρμῆς μύθοισιν ἀμείβετο κερδαλέοισι·,Τὸν δ’ Ἑρμῆς μύθοισιν ἀμείβετο κερδαλέοισι·,tlg0013.tlg004.perseus-grc2.xml
Hymn 4,tlg004,1,261,"Λητοΐδη, τίνα τοῦτον ἀπηνέα μῦθον ἔειπας;","Λητοΐδη, τίνα τοῦτον ἀπηνέα μῦθον ἔειπας;",tlg0013.tlg004.perseus-grc2.xml
Hymn 4,tlg004,1,262,καὶ βοῦς ἀγραύλους διζήμενος ἐνθάδʼ ἱκάνεις;,καὶ βοῦς ἀγραύλους διζήμενος ἐνθάδ’ ἱκάνεις;,tlg0013.tlg004.perseus-grc2.xml
Hymn 4,tlg004,1,263,"οὐκ ἴδον, οὐ πυθόμην, οὐκ ἄλλου μῦθον ἄκουσα·","οὐκ ἴδον, οὐ πυθόμην, οὐκ ἄλλου μῦθον ἄκουσα·",tlg0013.tlg004.perseus-grc2.xml
Hymn 4,tlg004,1,264,"οὐκ ἂν μηνύσαιμʼ, οὐκ ἂν μήνυτρον ἀροίμην·","οὐκ ἂν μηνύσαιμ’, οὐκ ἂν μήνυτρον ἀροίμην·",tlg0013.tlg004.perseus-grc2.xml
Hymn 4,tlg004,1,265,"οὐδὲ βοῶν ἐλατῆρι, κραταιῷ φωτί, ἔοικα.","οὐδὲ βοῶν ἐλατῆρι, κραταιῷ φωτί, ἔοικα.",tlg0013.tlg004.perseus-grc2.xml
Hymn 4,tlg004,1,266,"οὐκ ἐμὸν ἔργον τοῦτο, πάρος δέ μοι ἄλλα μέμηλεν·","οὐκ ἐμὸν ἔργον τοῦτο, πάρος δέ μοι ἄλλα μέμηλεν·",tlg0013.tlg004.perseus-grc2.xml
Hymn 4,tlg004,1,267,ὕπνος ἐμοί γε μέμηλε καὶ ἡμετέρης γάλα μητρὸς,ὕπνος ἐμοί γε μέμηλε καὶ ἡμετέρης γάλα μητρὸς,tlg0013.tlg004.perseus-grc2.xml
Hymn 4,tlg004,1,268,σπάργανά τʼ ἀμφʼ ὤμοισιν ἔχειν καὶ θερμὰ λοετρά.,σπάργανά τ’ ἀμφ’ ὤμοισιν ἔχειν καὶ θερμὰ λοετρά.,tlg0013.tlg004.perseus-grc2.xml
Hymn 4,tlg004,1,269,"μή τις τοῦτο πύθοιτο, πόθεν τόδε νεῖκος ἐτύχθη·","μή τις τοῦτο πύθοιτο, πόθεν τόδε νεῖκος ἐτύχθη·",tlg0013.tlg004.perseus-grc2.xml
Hymn 4,tlg004,1,270,"καί κεν δὴ μέγα θαῦμα μετʼ ἀθανάτοισι γένοιτο,","καί κεν δὴ μέγα θαῦμα μετ’ ἀθανάτοισι γένοιτο,",tlg0013.tlg004.perseus-grc2.xml
Hymn 4,tlg004,1,271,παῖδα νέον γεγαῶτα διὲκ προθύροιο περῆσαι,παῖδα νέον γεγαῶτα διὲκ προθύροιο περῆσαι,tlg0013.tlg004.perseus-grc2.xml
Hymn 4,tlg004,1,272,βουσὶν ἐπʼ ἀγραύλοισι· τὸ δʼ ἀπρεπέως ἀγορεύεις.,βουσὶν ἐπ’ ἀγραύλοισι· τὸ δ’ ἀπρεπέως ἀγορεύεις.,tlg0013.tlg004.perseus-grc2.xml
Hymn 4,tlg004,1,273,"χθὲς γενόμην, ἁπαλοὶ δὲ πόδες, τρηχεῖα δʼ ὕπο χθών.","χθὲς γενόμην, ἁπαλοὶ δὲ πόδες, τρηχεῖα δ’ ὕπο χθών.",tlg0013.tlg004.perseus-grc2.xml
Hymn 4,tlg004,1,274,"εἰ δʼ ἐθέλεις, πατρὸς κεφαλὴν μέγαν ὅρκον ὀμοῦμαι·","εἰ δ’ ἐθέλεις, πατρὸς κεφαλὴν μέγαν ὅρκον ὀμοῦμαι·",tlg0013.tlg004.perseus-grc2.xml
Hymn 4,tlg004,1,275,"μὴ μὲν ἐγὼ μήτʼ αὐτὸς ὑπίσχομαι αἴτιος εἶναι,","μὴ μὲν ἐγὼ μήτ’ αὐτὸς ὑπίσχομαι αἴτιος εἶναι,",tlg0013.tlg004.perseus-grc2.xml
Hymn 4,tlg004,1,276,"μήτε τινʼ ἄλλον ὄπωπα βοῶν κλοπὸν ὑμετεράων,","μήτε τιν’ ἄλλον ὄπωπα βοῶν κλοπὸν ὑμετεράων,",tlg0013.tlg004.perseus-grc2.xml
Hymn 4,tlg004,1,277,αἵ τινες αἱ βόες εἰσί· τὸ δὲ κλέος οἶον ἀκούω.,αἵ τινες αἱ βόες εἰσί· τὸ δὲ κλέος οἶον ἀκούω.,tlg0013.tlg004.perseus-grc2.xml
Hymn 4,tlg004,1,278,ὣς ἄρʼ ἔφη καὶ πυκνὸν ἀπὸ βλεφάρων ἀμαρύσσων,ὣς ἄρ’ ἔφη καὶ πυκνὸν ἀπὸ βλεφάρων ἀμαρύσσων,tlg0013.tlg004.perseus-grc2.xml
Hymn 4,tlg004,1,279,"ὀφρῦς ῥιπτάζεσκεν ὁρώμενος ἔνθα καὶ ἔνθα,","ὀφρῦς ῥιπτάζεσκεν ὁρώμενος ἔνθα καὶ ἔνθα,",tlg0013.tlg004.perseus-grc2.xml
Hymn 4,tlg004,1,280,"μάκρʼ ἀποσυρίζων, ἅλιον τὸν μῦθον ἀκούων.","μάκρ’ ἀποσυρίζων, ἅλιον τὸν μῦθον ἀκούων.",tlg0013.tlg004.perseus-grc2.xml
Hymn 4,tlg004,1,281,τὸν δʼ ἁπαλὸν γελάσας προσέφη ἑκάεργος Ἀπόλλων·,τὸν δ’ ἁπαλὸν γελάσας προσέφη ἑκάεργος Ἀπόλλων·,tlg0013.tlg004.perseus-grc2.xml
Hymn 4,tlg004,1,282,"ὦ πέπον, ἠπεροπευτά, δολοφραδές, ἦ σε μάλʼ οἴω","ὦ πέπον, ἠπεροπευτά, δολοφραδές, ἦ σε μάλ’ οἴω",tlg0013.tlg004.perseus-grc2.xml
Hymn 4,tlg004,1,283,πολλάκις ἀντιτοροῦντα δόμους εὖ ναιετάοντας,πολλάκις ἀντιτοροῦντα δόμους εὖ ναιετάοντας,tlg0013.tlg004.perseus-grc2.xml
Hymn 4,tlg004,1,284,"ἔννυχον οὐχ ἕνα μοῦνον ἐπʼ οὔδεϊ φῶτα καθίσσαι,","ἔννυχον οὐχ ἕνα μοῦνον ἐπ’ οὔδεϊ φῶτα καθίσσαι,",tlg0013.tlg004.perseus-grc2.xml
Hymn 4,tlg004,1,285,"σκευάζοντα κατʼ οἶκον ἄτερ ψόφου, οἷʼ ἀγορεύεις·","σκευάζοντα κατ’ οἶκον ἄτερ ψόφου, οἷ’ ἀγορεύεις·",tlg0013.tlg004.perseus-grc2.xml
Hymn 4,tlg004,1,286,πολλοὺς δʼ ἀγραύλους ἀκαχήσεις μηλοβοτῆρας,πολλοὺς δ’ ἀγραύλους ἀκαχήσεις μηλοβοτῆρας,tlg0013.tlg004.perseus-grc2.xml
Hymn 4,tlg004,1,287,"οὔρεος ἐν βήσσῃς, ὁπότʼ ἄν κρειῶν ἐρατίζων","οὔρεος ἐν βήσσῃς, ὁπότ’ ἄν κρειῶν ἐρατίζων",tlg0013.tlg004.perseus-grc2.xml
Hymn 4,tlg004,1,288,ἀντᾷς βουκολίοισι καὶ εἰροπόκοις ὀίεσσιν.,ἀντᾷς βουκολίοισι καὶ εἰροπόκοις ὀίεσσιν.,tlg0013.tlg004.perseus-grc2.xml
Hymn 4,tlg004,1,289,"ἀλλʼ ἄγε, μὴ πύματόν τε καὶ ὕστατον ὕπνον ἰαύσῃς,","ἀλλ’ ἄγε, μὴ πύματόν τε καὶ ὕστατον ὕπνον ἰαύσῃς,",tlg0013.tlg004.perseus-grc2.xml
Hymn 4,tlg004,1,290,"ἐκ λίκνου κατάβαινε, μελαίνης νυκτὸς ἑταῖρε.","ἐκ λίκνου κατάβαινε, μελαίνης νυκτὸς ἑταῖρε.",tlg0013.tlg004.perseus-grc2.xml
Hymn 4,tlg004,1,291,τοῦτο γὰρ οὖν καὶ ἔπειτα μετʼ ἀθανάτοις γέρας ἕξεις.,τοῦτο γὰρ οὖν καὶ ἔπειτα μετ’ ἀθανάτοις γέρας ἕξεις.,tlg0013.tlg004.perseus-grc2.xml
Hymn 4,tlg004,1,292,ἀρχὸς φηλητέων κεκλήσεαι ἤματα πάντα.,ἀρχὸς φηλητέων κεκλήσεαι ἤματα πάντα.,tlg0013.tlg004.perseus-grc2.xml
Hymn 4,tlg004,1,293,ὣς ἄρʼ ἔφη καὶ παῖδα λαβὼν φέρε Φοῖβος Ἀπόλλων.,ὣς ἄρ’ ἔφη καὶ παῖδα λαβὼν φέρε Φοῖβος Ἀπόλλων.,tlg0013.tlg004.perseus-grc2.xml
Hymn 4,tlg004,1,294,σὺν δʼ ἄρα φρασσάμενος τότε δὴ κρατὺς Ἀργειφόντης,σὺν δ’ ἄρα φρασσάμενος τότε δὴ κρατὺς Ἀργειφόντης,tlg0013.tlg004.perseus-grc2.xml
Hymn 4,tlg004,1,295,"οἰωνὸν προέηκεν ἀειρόμενος μετὰ χερσί,","οἰωνὸν προέηκεν ἀειρόμενος μετὰ χερσί,",tlg0013.tlg004.perseus-grc2.xml
Hymn 4,tlg004,1,296,"τλήμονα γαστρὸς ἔριθον, ἀτάσθαλον ἀγγελιώτην.","τλήμονα γαστρὸς ἔριθον, ἀτάσθαλον ἀγγελιώτην.",tlg0013.tlg004.perseus-grc2.xml
Hymn 4,tlg004,1,297,ἐσσυμένως δὲ μετʼ αὐτὸν ἐπέπταρε· τοῖο δʼ Ἀπόλλων,ἐσσυμένως δὲ μετ’ αὐτὸν ἐπέπταρε· τοῖο δ’ Ἀπόλλων,tlg0013.tlg004.perseus-grc2.xml
Hymn 4,tlg004,1,298,"ἔκλυεν, ἐκ χειρῶν δὲ χαμαὶ βάλε κύδιμον Ἑρμῆν.","ἔκλυεν, ἐκ χειρῶν δὲ χαμαὶ βάλε κύδιμον Ἑρμῆν.",tlg0013.tlg004.perseus-grc2.xml
Hymn 4,tlg004,1,299,ἕζετο δὲ προπάροιθε καὶ ἐσσύμενός περ ὁδοῖο,ἕζετο δὲ προπάροιθε καὶ ἐσσύμενός περ ὁδοῖο,tlg0013.tlg004.perseus-grc2.xml
Hymn 4,tlg004,1,300,Ἑρμῆν κερτομέων καί μιν πρὸς μῦθον ἔειπε·,Ἑρμῆν κερτομέων καί μιν πρὸς μῦθον ἔειπε·,tlg0013.tlg004.perseus-grc2.xml
Hymn 4,tlg004,1,301,"θάρσει, σπαργανιῶτα, Διὸς καὶ Μαιάδος υἱέ·","θάρσει, σπαργανιῶτα, Διὸς καὶ Μαιάδος υἱέ·",tlg0013.tlg004.perseus-grc2.xml
Hymn 4,tlg004,1,302,εὑρήσω καὶ ἔπειτα βοῶν ἴφθιμα κάρηνα,εὑρήσω καὶ ἔπειτα βοῶν ἴφθιμα κάρηνα,tlg0013.tlg004.perseus-grc2.xml
Hymn 4,tlg004,1,303,τούτοις οἰωνοῖσι· σὺ δʼ αὖθʼ ὁδὸν ἡγεμονεύσεις.,τούτοις οἰωνοῖσι· σὺ δ’ αὖθ’ ὁδὸν ἡγεμονεύσεις.,tlg0013.tlg004.perseus-grc2.xml
Hymn 4,tlg004,1,304,"ὣς φάθʼ· ὃ δʼ αὖτʼ ἀνόρουσε θοῶς Κυλλήνιος Ἑομῆς,","ὣς φάθ’· ὃ δ’ αὖτ’ ἀνόρουσε θοῶς Κυλλήνιος Ἑομῆς,",tlg0013.tlg004.perseus-grc2.xml
Hymn 4,tlg004,1,305,σπουδῇ ἰών· ἄμφω δὲ παρʼ οὔατα χερσὶν ἐώθει,σπουδῇ ἰών· ἄμφω δὲ παρ’ οὔατα χερσὶν ἐώθει,tlg0013.tlg004.perseus-grc2.xml
Hymn 4,tlg004,1,306,"σπάργανον ἀμφʼ ὤμοισιν ἐελμένος, εἶπε δὲ μῦθον·","σπάργανον ἀμφ’ ὤμοισιν ἐελμένος, εἶπε δὲ μῦθον·",tlg0013.tlg004.perseus-grc2.xml
Hymn 4,tlg004,1,307,"πῆ με φέρεις, Ἑκάεργε, θεῶν ζαμενέστατε πάντων;","πῆ με φέρεις, Ἑκάεργε, θεῶν ζαμενέστατε πάντων;",tlg0013.tlg004.perseus-grc2.xml
Hymn 4,tlg004,1,308,ἦ με βοῶν ἕνεχʼ ὧδε χολούμενος ὀρσολοπεύεις;,ἦ με βοῶν ἕνεχ’ ὧδε χολούμενος ὀρσολοπεύεις;,tlg0013.tlg004.perseus-grc2.xml
Hymn 4,tlg004,1,309,"ὦ πόποι, εἴθʼ ἀπόλοιτο βοῶν γένος· οὐ γὰρ ἐγώ γε","ὦ πόποι, εἴθ’ ἀπόλοιτο βοῶν γένος· οὐ γὰρ ἐγώ γε",tlg0013.tlg004.perseus-grc2.xml
Hymn 4,tlg004,1,310,"ὑμετέρας ἔκλεψα βόας οὐδʼ ἄλλον ὄπωπα,","ὑμετέρας ἔκλεψα βόας οὐδ’ ἄλλον ὄπωπα,",tlg0013.tlg004.perseus-grc2.xml
Hymn 4,tlg004,1,311,αἵτινες αἱ βόες εἰσί· τὸ δὲ κλέος οἶον ἀκούω.,αἵτινες αἱ βόες εἰσί· τὸ δὲ κλέος οἶον ἀκούω.,tlg0013.tlg004.perseus-grc2.xml
Hymn 4,tlg004,1,312,δὸς δὲ δίκην καὶ δέξο παρὰ Ζηνὶ Κρονίωνι.,δὸς δὲ δίκην καὶ δέξο παρὰ Ζηνὶ Κρονίωνι.,tlg0013.tlg004.perseus-grc2.xml
Hymn 4,tlg004,1,313,αὐτὰρ ἐπεὶ τὰ ἕκαστα διαρρήδην ἐρίδαινον,αὐτὰρ ἐπεὶ τὰ ἕκαστα διαρρήδην ἐρίδαινον,tlg0013.tlg004.perseus-grc2.xml
Hymn 4,tlg004,1,314,"Ἑρμῆς τʼ οἰοπόλος καὶ Λητοῦς ἀγλαὸς υἱός,","Ἑρμῆς τ’ οἰοπόλος καὶ Λητοῦς ἀγλαὸς υἱός,",tlg0013.tlg004.perseus-grc2.xml
Hymn 4,tlg004,1,315,ἀμφὶς θυμὸν ἔχοντες. ὃ μὲν νημερτέα φωνὴν,ἀμφὶς θυμὸν ἔχοντες. ὃ μὲν νημερτέα φωνὴν,tlg0013.tlg004.perseus-grc2.xml
Hymn 4,tlg004,1,316,"οὐκ ἀδίκως ἐπὶ βουσὶν ἐλάζυτο κύδιμον Ἑρμῆν,","οὐκ ἀδίκως ἐπὶ βουσὶν ἐλάζυτο κύδιμον Ἑρμῆν,",tlg0013.tlg004.perseus-grc2.xml
Hymn 4,tlg004,1,317,αὐτὰρ ὃ τέχνῃσίν τε καὶ αἱμυλίοισι λόγοισιν,αὐτὰρ ὃ τέχνῃσίν τε καὶ αἱμυλίοισι λόγοισιν,tlg0013.tlg004.perseus-grc2.xml
Hymn 4,tlg004,1,318,ἤθελεν ἐξαπατᾶν Κυλλήνιος Ἀργυρότοξον.,ἤθελεν ἐξαπατᾶν Κυλλήνιος Ἀργυρότοξον.,tlg0013.tlg004.perseus-grc2.xml
Hymn 4,tlg004,1,319,"αὐτὰρ ἐπεὶ πολύμητις ἐὼν πολυμήχανον εὗρεν,","αὐτὰρ ἐπεὶ πολύμητις ἐὼν πολυμήχανον εὗρεν,",tlg0013.tlg004.perseus-grc2.xml
Hymn 4,tlg004,1,320,ἐσσυμένως δὴ ἔπειτα διὰ ψαμάθοιο βάδιζε,ἐσσυμένως δὴ ἔπειτα διὰ ψαμάθοιο βάδιζε,tlg0013.tlg004.perseus-grc2.xml
Hymn 4,tlg004,1,321,"πρόσθεν, ἀτὰρ κατόπισθε Διὸς καὶ Λητοῦς υἱός.","πρόσθεν, ἀτὰρ κατόπισθε Διὸς καὶ Λητοῦς υἱός.",tlg0013.tlg004.perseus-grc2.xml
Hymn 4,tlg004,1,322,αἶψα δὲ τέρθρον ἵκοντο θυώδεος Οὐλύμποιο,αἶψα δὲ τέρθρον ἵκοντο θυώδεος Οὐλύμποιο,tlg0013.tlg004.perseus-grc2.xml
Hymn 4,tlg004,1,323,ἐς πατέρα Κρονίωνα Διὸς περικαλλέα τέκνα·,ἐς πατέρα Κρονίωνα Διὸς περικαλλέα τέκνα·,tlg0013.tlg004.perseus-grc2.xml
Hymn 4,tlg004,1,324,κεῖθι γὰρ ἀμφοτέροισι δίκης κατέκειτο τάλαντα.,κεῖθι γὰρ ἀμφοτέροισι δίκης κατέκειτο τάλαντα.,tlg0013.tlg004.perseus-grc2.xml
Hymn 4,tlg004,1,325,"οὐμιλίη δʼ ἔχʼ Ὄλυμπον ἀγάννιφον, ἀθάνατοι δὲ","οὐμιλίη δ’ ἔχ’ Ὄλυμπον ἀγάννιφον, ἀθάνατοι δὲ",tlg0013.tlg004.perseus-grc2.xml
Hymn 4,tlg004,1,326,ἄφθιτοι ἠγερέθοντο μετὰ χρυσόθρονον Ἠῶ.,ἄφθιτοι ἠγερέθοντο μετὰ χρυσόθρονον Ἠῶ.,tlg0013.tlg004.perseus-grc2.xml
Hymn 4,tlg004,1,327,ἔστησαν δʼ Ἑρμῆς τε καὶ ἀργυρότοξος Ἀπόλλων,ἔστησαν δ’ Ἑρμῆς τε καὶ ἀργυρότοξος Ἀπόλλων,tlg0013.tlg004.perseus-grc2.xml
Hymn 4,tlg004,1,328,πρόσθε Διὸς γούνων· ὃ δʼ ἀνείρετο φαίδιμον υἱὸν,πρόσθε Διὸς γούνων· ὃ δ’ ἀνείρετο φαίδιμον υἱὸν,tlg0013.tlg004.perseus-grc2.xml
Hymn 4,tlg004,1,329,Ζεὺς ὑψιβρεμέτης καί μιν πρὸς μῦθον ἔειπε·,Ζεὺς ὑψιβρεμέτης καί μιν πρὸς μῦθον ἔειπε·,tlg0013.tlg004.perseus-grc2.xml
Hymn 4,tlg004,1,330,"φοῖβε, πόθεν ταύτην μενοεικέα ληίδʼ ἐλαύνεις,","φοῖβε, πόθεν ταύτην μενοεικέα ληίδ’ ἐλαύνεις,",tlg0013.tlg004.perseus-grc2.xml
Hymn 4,tlg004,1,331,"παῖδα νέον γεγαῶτα, φυὴν κήρυκος ἔχοντα;","παῖδα νέον γεγαῶτα, φυὴν κήρυκος ἔχοντα;",tlg0013.tlg004.perseus-grc2.xml
Hymn 4,tlg004,1,332,σπουδαῖον τόδε χρῆμα θεῶν μεθʼ ὁμήγυριν ἦλθε.,σπουδαῖον τόδε χρῆμα θεῶν μεθ’ ὁμήγυριν ἦλθε.,tlg0013.tlg004.perseus-grc2.xml
Hymn 4,tlg004,1,333,τὸν δʼ αὖτε προσέειπεν ἄναξ ἑκάεργος Ἀπόλλων·,τὸν δ’ αὖτε προσέειπεν ἄναξ ἑκάεργος Ἀπόλλων·,tlg0013.tlg004.perseus-grc2.xml
Hymn 4,tlg004,1,334,"ὦ πάτερ, ἦ τάχα μῦθον ἀκούσεαι οὐκ ἀλαπαδνόν,","ὦ πάτερ, ἦ τάχα μῦθον ἀκούσεαι οὐκ ἀλαπαδνόν,",tlg0013.tlg004.perseus-grc2.xml
Hymn 4,tlg004,1,335,κερτομέων ὡς οἶος ἐγὼ φιλολήιός εἰμι.,κερτομέων ὡς οἶος ἐγὼ φιλολήιός εἰμι.,tlg0013.tlg004.perseus-grc2.xml
Hymn 4,tlg004,1,336,παῖδά τινʼ εὗρον τόνδε διαπρύσιον κεραϊστὴν,παῖδά τιν’ εὗρον τόνδε διαπρύσιον κεραϊστὴν,tlg0013.tlg004.perseus-grc2.xml
Hymn 4,tlg004,1,337,"Κυλλήνης ἐν ὄρεσσι, πολὺν διὰ χῶρον ἀνύσσας,","Κυλλήνης ἐν ὄρεσσι, πολὺν διὰ χῶρον ἀνύσσας,",tlg0013.tlg004.perseus-grc2.xml
Hymn 4,tlg004,1,338,"κέρτομον, οἷον ἐγώ γε θεῶν οὐκ ἄλλον ὄπωπα","κέρτομον, οἷον ἐγώ γε θεῶν οὐκ ἄλλον ὄπωπα",tlg0013.tlg004.perseus-grc2.xml
Hymn 4,tlg004,1,339,"οὐδʼ ἀνδρῶν, ὁπόσοι λησίμβροτοί εἰσʼ ἐπὶ γαίῃ.","οὐδ’ ἀνδρῶν, ὁπόσοι λησίμβροτοί εἰσ’ ἐπὶ γαίῃ.",tlg0013.tlg004.perseus-grc2.xml
Hymn 4,tlg004,1,340,κλέψας δʼ ἐκ λειμῶνος ἐμὰς βοῦς ὤχετʼ ἐλαύνων,κλέψας δ’ ἐκ λειμῶνος ἐμὰς βοῦς ὤχετ’ ἐλαύνων,tlg0013.tlg004.perseus-grc2.xml
Hymn 4,tlg004,1,341,"ἑσπέριος παρὰ θῖνα πολυφλοίσβοιο θαλάσσης,","ἑσπέριος παρὰ θῖνα πολυφλοίσβοιο θαλάσσης,",tlg0013.tlg004.perseus-grc2.xml
Hymn 4,tlg004,1,342,"εὐθὺ Πύλονδʼ ἐλάων· τὰ δʼ ἄρʼ ἴχνια δοιὰ πέλωρα,","εὐθὺ Πύλονδ’ ἐλάων· τὰ δ’ ἄρ’ ἴχνια δοιὰ πέλωρα,",tlg0013.tlg004.perseus-grc2.xml
Hymn 4,tlg004,1,343,"οἷά τʼ ἀγάσσασθαι, καὶ ἀγαυοῦ δαίμονος ἔργα.","οἷά τ’ ἀγάσσασθαι, καὶ ἀγαυοῦ δαίμονος ἔργα.",tlg0013.tlg004.perseus-grc2.xml
Hymn 4,tlg004,1,344,τῇσιν μὲν γὰρ βουσὶν ἐς ἀσφοδελὸν λειμῶνα,τῇσιν μὲν γὰρ βουσὶν ἐς ἀσφοδελὸν λειμῶνα,tlg0013.tlg004.perseus-grc2.xml
Hymn 4,tlg004,1,345,ἀντία βήματʼ ἔχουσα κόνις ἀνέφαινε μέλαινα·,ἀντία βήματ’ ἔχουσα κόνις ἀνέφαινε μέλαινα·,tlg0013.tlg004.perseus-grc2.xml
Hymn 4,tlg004,1,346,"αὐτὸς δʼ ἐκτὸς ὁδοῦ, τις ἀμήχανος, οὔτʼ ἄρα ποσσὶν","αὐτὸς δ’ ἐκτὸς ὁδοῦ, τις ἀμήχανος, οὔτ’ ἄρα ποσσὶν",tlg0013.tlg004.perseus-grc2.xml
Hymn 4,tlg004,1,347,οὔτʼ ἄρα χερσὶν ἔβαινε διὰ ψαμαθώδεα χῶρον·,οὔτ’ ἄρα χερσὶν ἔβαινε διὰ ψαμαθώδεα χῶρον·,tlg0013.tlg004.perseus-grc2.xml
Hymn 4,tlg004,1,348,ἀλλʼ ἄλλην τινὰ μῆτιν ἔχων διέτριβε κέλευθα,ἀλλ’ ἄλλην τινὰ μῆτιν ἔχων διέτριβε κέλευθα,tlg0013.tlg004.perseus-grc2.xml
Hymn 4,tlg004,1,349,τοῖα πέλωρʼ ὡς εἴ τις ἀραιῇσι δρυσὶ βαίνοι.,τοῖα πέλωρ’ ὡς εἴ τις ἀραιῇσι δρυσὶ βαίνοι.,tlg0013.tlg004.perseus-grc2.xml
Hymn 4,tlg004,1,350,"ὄφρα μὲν οὖν ἐδίωκε διὰ ψαμαθώδεα χῶρον,","ὄφρα μὲν οὖν ἐδίωκε διὰ ψαμαθώδεα χῶρον,",tlg0013.tlg004.perseus-grc2.xml
Hymn 4,tlg004,1,351,ῥεῖα μάλʼ ἴχνια πάντα διέπρεπεν ἐν κονίῃσιν·,ῥεῖα μάλ’ ἴχνια πάντα διέπρεπεν ἐν κονίῃσιν·,tlg0013.tlg004.perseus-grc2.xml
Hymn 4,tlg004,1,352,"αὐτὰρ ἐπεὶ ψαμάθοιο μέγαν στίβον ἐξεπέρησεν,","αὐτὰρ ἐπεὶ ψαμάθοιο μέγαν στίβον ἐξεπέρησεν,",tlg0013.tlg004.perseus-grc2.xml
Hymn 4,tlg004,1,353,ἄφραστος γένετʼ ὦκα βοῶν στίβος ἠδὲ καὶ αὐτοῦ,ἄφραστος γένετ’ ὦκα βοῶν στίβος ἠδὲ καὶ αὐτοῦ,tlg0013.tlg004.perseus-grc2.xml
Hymn 4,tlg004,1,354,χῶρον ἀνὰ κρατερόν· τὸν δʼ ἐφράσατο βροτὸς ἀνὴρ,χῶρον ἀνὰ κρατερόν· τὸν δ’ ἐφράσατο βροτὸς ἀνὴρ,tlg0013.tlg004.perseus-grc2.xml
Hymn 4,tlg004,1,355,ἐς Πύλον εὐθὺς ἐλῶντα βοῶν γένος εὐρυμετώπων.,ἐς Πύλον εὐθὺς ἐλῶντα βοῶν γένος εὐρυμετώπων.,tlg0013.tlg004.perseus-grc2.xml
Hymn 4,tlg004,1,356,αὐτὰρ ἐπεὶ δὴ τὰς μὲν ἐν ἡσυχίῃ κατέερξε,αὐτὰρ ἐπεὶ δὴ τὰς μὲν ἐν ἡσυχίῃ κατέερξε,tlg0013.tlg004.perseus-grc2.xml
Hymn 4,tlg004,1,357,"καὶ διαπυρπαλάμησεν ὁδοῦ τὸ μὲν ἔνθα, τὸ δʼ ἔνθα,","καὶ διαπυρπαλάμησεν ὁδοῦ τὸ μὲν ἔνθα, τὸ δ’ ἔνθα,",tlg0013.tlg004.perseus-grc2.xml
Hymn 4,tlg004,1,358,"ἐν λίκνῳ κατέκειτο μελαίνῃ νυκτὶ ἐοικώς,","ἐν λίκνῳ κατέκειτο μελαίνῃ νυκτὶ ἐοικώς,",tlg0013.tlg004.perseus-grc2.xml
Hymn 4,tlg004,1,359,ἄντρῳ ἐν ἠερόεντι κατὰ ζόφον· οὐδέ κεν αὐτὸν,ἄντρῳ ἐν ἠερόεντι κατὰ ζόφον· οὐδέ κεν αὐτὸν,tlg0013.tlg004.perseus-grc2.xml
Hymn 4,tlg004,1,360,αἰετὸς ὀξὺ λάων ἐσκέψατο· πολλὰ δὲ χερσὶν,αἰετὸς ὀξὺ λάων ἐσκέψατο· πολλὰ δὲ χερσὶν,tlg0013.tlg004.perseus-grc2.xml
Hymn 4,tlg004,1,361,αὐγὰς ὠμόργαζε δολοφροσύνην ἀλεγύνων.,αὐγὰς ὠμόργαζε δολοφροσύνην ἀλεγύνων.,tlg0013.tlg004.perseus-grc2.xml
Hymn 4,tlg004,1,362,αὐτὸς δʼ αὐτίκα μῦθον ἀπηλεγέως ἀγόρευεν·,αὐτὸς δ’ αὐτίκα μῦθον ἀπηλεγέως ἀγόρευεν·,tlg0013.tlg004.perseus-grc2.xml
Hymn 4,tlg004,1,363,"οὐκ ἴδον, οὐ πυθόμην, οὐκ ἄλλου μῦθον ἄκουσα","οὐκ ἴδον, οὐ πυθόμην, οὐκ ἄλλου μῦθον ἄκουσα",tlg0013.tlg004.perseus-grc2.xml
Hymn 4,tlg004,1,364,"οὐδέ κε μηνύσαιμʼ, οὐδʼ ἄν μήνυτρον ἀροίμην.","οὐδέ κε μηνύσαιμ’, οὐδ’ ἄν μήνυτρον ἀροίμην.",tlg0013.tlg004.perseus-grc2.xml
Hymn 4,tlg004,1,365,Ἠ τοι ἄρʼ ὣς εἰπὼν κατʼ ἄρʼ ἕζετο Φοῖβος Ἀπόλλων·,Ἠ τοι ἄρ’ ὣς εἰπὼν κατ’ ἄρ’ ἕζετο Φοῖβος Ἀπόλλων·,tlg0013.tlg004.perseus-grc2.xml
Hymn 4,tlg004,1,366,"Ερμῆς δʼ αὖθʼ ἑτέρωθεν ἀμειβόμενος ἔπος ηὔδα,","Ερμῆς δ’ αὖθ’ ἑτέρωθεν ἀμειβόμενος ἔπος ηὔδα,",tlg0013.tlg004.perseus-grc2.xml
Hymn 4,tlg004,1,367,"δείξατο δʼ ἐς Κρονίωνα, θεῶν σημάντορα πάντων·","δείξατο δ’ ἐς Κρονίωνα, θεῶν σημάντορα πάντων·",tlg0013.tlg004.perseus-grc2.xml
Hymn 4,tlg004,1,368,"ζεῦ πάτερ, ἦ τοι ἐγώ σοι ἀληθείην καταλέξω·","ζεῦ πάτερ, ἦ τοι ἐγώ σοι ἀληθείην καταλέξω·",tlg0013.tlg004.perseus-grc2.xml
Hymn 4,tlg004,1,369,νημερτής τε γάρ εἰμι καὶ οὐκ οἶδα ψεύδεσθαι.,νημερτής τε γάρ εἰμι καὶ οὐκ οἶδα ψεύδεσθαι.,tlg0013.tlg004.perseus-grc2.xml
Hymn 4,tlg004,1,370,ἦλθεν ἐς ἡμετέρου διζήμενος εἰλίποδας βοῦς,ἦλθεν ἐς ἡμετέρου διζήμενος εἰλίποδας βοῦς,tlg0013.tlg004.perseus-grc2.xml
Hymn 4,tlg004,1,371,σήμερον ἠελίοιο νέον ἐπιτελλομένοιο·,σήμερον ἠελίοιο νέον ἐπιτελλομένοιο·,tlg0013.tlg004.perseus-grc2.xml
Hymn 4,tlg004,1,372,"οὐδὲ θεῶν μακάρων ἄγε μάρτυρας οὐδὲ κατόπτας,","οὐδὲ θεῶν μακάρων ἄγε μάρτυρας οὐδὲ κατόπτας,",tlg0013.tlg004.perseus-grc2.xml
Hymn 4,tlg004,1,373,"μηνύειν δʼ ἐκέλευεν ἀναγκαίης ὑπὸ πολλῆς,","μηνύειν δ’ ἐκέλευεν ἀναγκαίης ὑπὸ πολλῆς,",tlg0013.tlg004.perseus-grc2.xml
Hymn 4,tlg004,1,374,"πολλὰ δέ μʼ ἠπείλησε βαλεῖν ἐς Τάρταρον εὐρύν,","πολλὰ δέ μ’ ἠπείλησε βαλεῖν ἐς Τάρταρον εὐρύν,",tlg0013.tlg004.perseus-grc2.xml
Hymn 4,tlg004,1,375,"οὕνεχʼ ὃ μὲν τέρεν ἄνθος ἔχει φιλοκυδέος ἥβης,","οὕνεχ’ ὃ μὲν τέρεν ἄνθος ἔχει φιλοκυδέος ἥβης,",tlg0013.tlg004.perseus-grc2.xml
Hymn 4,tlg004,1,376,"αὐτὰρ ἐγὼ χθιζὸς γενόμην, τὰ δέ τʼ οἶδε καὶ αὐτός,","αὐτὰρ ἐγὼ χθιζὸς γενόμην, τὰ δέ τ’ οἶδε καὶ αὐτός,",tlg0013.tlg004.perseus-grc2.xml
Hymn 4,tlg004,1,377,"οὔτι βοῶν ἐλατῆρι, κραταιῷ φωτί, ἐοικώς.","οὔτι βοῶν ἐλατῆρι, κραταιῷ φωτί, ἐοικώς.",tlg0013.tlg004.perseus-grc2.xml
Hymn 4,tlg004,1,378,"πείθεο· καὶ γὰρ ἐμεῖο πατὴρ φίλος εὔχεαι εἶναι,","πείθεο· καὶ γὰρ ἐμεῖο πατὴρ φίλος εὔχεαι εἶναι,",tlg0013.tlg004.perseus-grc2.xml
Hymn 4,tlg004,1,379,"ὡς οὐκ οἴκαδʼ ἔλασσα βόας, ὣς ὄλβιος εἴην,","ὡς οὐκ οἴκαδ’ ἔλασσα βόας, ὣς ὄλβιος εἴην,",tlg0013.tlg004.perseus-grc2.xml
Hymn 4,tlg004,1,380,οὐδʼ ὑπὲρ οὐδὸν ἔβην· τὸ δέ τʼ ἀτρεκέως ἀγορεύω.,οὐδ’ ὑπὲρ οὐδὸν ἔβην· τὸ δέ τ’ ἀτρεκέως ἀγορεύω.,tlg0013.tlg004.perseus-grc2.xml
Hymn 4,tlg004,1,381,"Ἠέλιον δὲ μάλʼ αἰδέομαι καὶ δαίμονας ἄλλους,","Ἠέλιον δὲ μάλ’ αἰδέομαι καὶ δαίμονας ἄλλους,",tlg0013.tlg004.perseus-grc2.xml
Hymn 4,tlg004,1,382,"καὶ σε φιλῶ καὶ τοῦτον ὀπίζομαι· οἶσθα καὶ αὐτός,","καὶ σε φιλῶ καὶ τοῦτον ὀπίζομαι· οἶσθα καὶ αὐτός,",tlg0013.tlg004.perseus-grc2.xml
Hymn 4,tlg004,1,383,ὡς οὐκ αἴτιός εἰμι· μέγαν δʼ ἐπιδώσομαι ὅρκον·,ὡς οὐκ αἴτιός εἰμι· μέγαν δ’ ἐπιδώσομαι ὅρκον·,tlg0013.tlg004.perseus-grc2.xml
Hymn 4,tlg004,1,384,οὐ μὰ τάδʼ ἀθανάτων εὐκόσμητα προθύραια.,οὐ μὰ τάδ’ ἀθανάτων εὐκόσμητα προθύραια.,tlg0013.tlg004.perseus-grc2.xml
Hymn 4,tlg004,1,385,"καί που ἐγὼ τούτῳ τίσω ποτὲ νηλέα φώρην,","καί που ἐγὼ τούτῳ τίσω ποτὲ νηλέα φώρην,",tlg0013.tlg004.perseus-grc2.xml
Hymn 4,tlg004,1,386,καὶ κρατερῷ περ ἐόντι· σὺ δʼ ὁπλοτέροισιν ἄρηγε.,καὶ κρατερῷ περ ἐόντι· σὺ δ’ ὁπλοτέροισιν ἄρηγε.,tlg0013.tlg004.perseus-grc2.xml
Hymn 4,tlg004,1,387,ὣς φάτʼ ἐπιλλίζων Κυλλήνιος Ἀργειφόντης·,ὣς φάτ’ ἐπιλλίζων Κυλλήνιος Ἀργειφόντης·,tlg0013.tlg004.perseus-grc2.xml
Hymn 4,tlg004,1,388,καὶ τὸ σπάργανον εἶχεν ἐπʼ ὠλένῃ οὐδʼ ἀπέβαλλε.,καὶ τὸ σπάργανον εἶχεν ἐπ’ ὠλένῃ οὐδ’ ἀπέβαλλε.,tlg0013.tlg004.perseus-grc2.xml
Hymn 4,tlg004,1,389,Ζεὺς δὲ μέγʼ ἐξεγέλασσεν ἰδὼν κακομηδέα παῖδα,Ζεὺς δὲ μέγ’ ἐξεγέλασσεν ἰδὼν κακομηδέα παῖδα,tlg0013.tlg004.perseus-grc2.xml
Hymn 4,tlg004,1,390,εὖ καὶ ἐπισταμένως ἀρνεύμενον ἀμφὶ βόεσσιν.,εὖ καὶ ἐπισταμένως ἀρνεύμενον ἀμφὶ βόεσσιν.,tlg0013.tlg004.perseus-grc2.xml
Hymn 4,tlg004,1,391,ἀμφοτέρους δʼ ἐκέλευσεν ὁμόφρονα θυμὸν ἔχοντας,ἀμφοτέρους δ’ ἐκέλευσεν ὁμόφρονα θυμὸν ἔχοντας,tlg0013.tlg004.perseus-grc2.xml
Hymn 4,tlg004,1,392,"ζητεύειν, Ἑρμῆν δὲ διάκτορον ἡγεμονεύειν","ζητεύειν, Ἑρμῆν δὲ διάκτορον ἡγεμονεύειν",tlg0013.tlg004.perseus-grc2.xml
Hymn 4,tlg004,1,393,"καὶ δεῖξαι τὸν χῶρον ἐπʼ ἀβλαβίῃσι νόοιο,","καὶ δεῖξαι τὸν χῶρον ἐπ’ ἀβλαβίῃσι νόοιο,",tlg0013.tlg004.perseus-grc2.xml
Hymn 4,tlg004,1,394,ὅππη δὴ αὖτʼ ἀπέκρυψε βοῶν ἴφθιμα κάρηνα.,ὅππη δὴ αὖτ’ ἀπέκρυψε βοῶν ἴφθιμα κάρηνα.,tlg0013.tlg004.perseus-grc2.xml
Hymn 4,tlg004,1,395,"νεῦσεν δὲ Κρονίδης, ἐπεπείθετο δʼ ἀγλαὸς Ἑρμῆς·","νεῦσεν δὲ Κρονίδης, ἐπεπείθετο δ’ ἀγλαὸς Ἑρμῆς·",tlg0013.tlg004.perseus-grc2.xml
Hymn 4,tlg004,1,396,ῥηιδίως γὰρ ἔπειθε Διὸς νόος αἰγιόχοιο.,ῥηιδίως γὰρ ἔπειθε Διὸς νόος αἰγιόχοιο.,tlg0013.tlg004.perseus-grc2.xml
Hymn 4,tlg004,1,397,τὼ δʼ ἄμφω σπεύδοντε Διὸς περικαλλέα τέκνα,τὼ δ’ ἄμφω σπεύδοντε Διὸς περικαλλέα τέκνα,tlg0013.tlg004.perseus-grc2.xml
Hymn 4,tlg004,1,398,ἐς Πύλον ἠμαθόεντα ἐπʼ Ἀλφειοῦ πόρον ἷξον·,ἐς Πύλον ἠμαθόεντα ἐπ’ Ἀλφειοῦ πόρον ἷξον·,tlg0013.tlg004.perseus-grc2.xml
Hymn 4,tlg004,1,399,"ἀγροὺς δʼ ἐξίκοντο καὶ αὔλιον ὑψιμέλαθρον,","ἀγροὺς δ’ ἐξίκοντο καὶ αὔλιον ὑψιμέλαθρον,",tlg0013.tlg004.perseus-grc2.xml
Hymn 4,tlg004,1,400,ἡχοῦ δὴ τὰ χρήματʼ ἀτάλλετο νυκτὸς ἐν ὥρῃ.,ἡχοῦ δὴ τὰ χρήματ’ ἀτάλλετο νυκτὸς ἐν ὥρῃ.,tlg0013.tlg004.perseus-grc2.xml
Hymn 4,tlg004,1,401,ἔνθʼ Ἑρμῆς μὲν ἔπειτα κιὼν παρὰ λάινον ἄντρον,ἔνθ’ Ἑρμῆς μὲν ἔπειτα κιὼν παρὰ λάινον ἄντρον,tlg0013.tlg004.perseus-grc2.xml
Hymn 4,tlg004,1,402,ἐς φῶς ἐξήλαυνε βοῶν ἴφθιμα κάρηνα·,ἐς φῶς ἐξήλαυνε βοῶν ἴφθιμα κάρηνα·,tlg0013.tlg004.perseus-grc2.xml
Hymn 4,tlg004,1,403,Λητοΐδης δʼ ἀπάτερθεν ἰδὼν ἐνόησε βοείας,Λητοΐδης δ’ ἀπάτερθεν ἰδὼν ἐνόησε βοείας,tlg0013.tlg004.perseus-grc2.xml
Hymn 4,tlg004,1,404,"πέτρῃ ἐπʼ ἠλιβάτῳ, τάχα δʼ εἴρετο κύδιμον Ἑρμῆν·","πέτρῃ ἐπ’ ἠλιβάτῳ, τάχα δ’ εἴρετο κύδιμον Ἑρμῆν·",tlg0013.tlg004.perseus-grc2.xml
Hymn 4,tlg004,1,405,"πῶς ἐδύνω, δολομῆτα, δύω βόε δειροτομῆσαι,","πῶς ἐδύνω, δολομῆτα, δύω βόε δειροτομῆσαι,",tlg0013.tlg004.perseus-grc2.xml
Hymn 4,tlg004,1,406,ὧδε νεογνὸς ἐὼν καὶ νήπιος; αὐτὸς ἐγώ γε,ὧδε νεογνὸς ἐὼν καὶ νήπιος; αὐτὸς ἐγώ γε,tlg0013.tlg004.perseus-grc2.xml
Hymn 4,tlg004,1,407,θαυμαίνω κατόπισθε τὸ σὸν κράτος· οὐδέ τί σε χρὴ,θαυμαίνω κατόπισθε τὸ σὸν κράτος· οὐδέ τί σε χρὴ,tlg0013.tlg004.perseus-grc2.xml
Hymn 4,tlg004,1,408,"μακρὸν ἀέξεσθαι, Κυλλήνιε, Μαιάδος υἱέ.","μακρὸν ἀέξεσθαι, Κυλλήνιε, Μαιάδος υἱέ.",tlg0013.tlg004.perseus-grc2.xml
Hymn 4,tlg004,1,409,ὣς ἄρ ἔφη καὶ χερσὶ περίστρεφε καρτερὰ δεσμὰ,ὣς ἄρ ἔφη καὶ χερσὶ περίστρεφε καρτερὰ δεσμὰ,tlg0013.tlg004.perseus-grc2.xml
Hymn 4,tlg004,1,409a,ἐνδῆσαι μεμαὼς Ἑρμῆν κρατεραῖσι λύγοισι.,ἐνδῆσαι μεμαὼς Ἑρμῆν κρατεραῖσι λύγοισι.,tlg0013.tlg004.perseus-grc2.xml
Hymn 4,tlg004,1,409b,"τὸν δʼ οὐκ ἴσχανε δεσμά, λύγοι δʼ ἀπὸ τηλόσε πῖπτον","τὸν δ’ οὐκ ἴσχανε δεσμά, λύγοι δ’ ἀπὸ τηλόσε πῖπτον",tlg0013.tlg004.perseus-grc2.xml
Hymn 4,tlg004,1,410,ἄγνου· ταὶ δʼ ὑπὸ ποσσὶ κατὰ χθονὸς αἶψα φύοντο,ἄγνου· ταὶ δ’ ὑπὸ ποσσὶ κατὰ χθονὸς αἶψα φύοντο,tlg0013.tlg004.perseus-grc2.xml
Hymn 4,tlg004,1,411,"αὐτόθεν, ἐμβολάδην ἐστραμμέναι ἀλλήλῃσι,","αὐτόθεν, ἐμβολάδην ἐστραμμέναι ἀλλήλῃσι,",tlg0013.tlg004.perseus-grc2.xml
Hymn 4,tlg004,1,412,"ῥεῖά τε καὶ πάσῃσιν ἐπʼ ἀγραύλοισι βόεσσιν,","ῥεῖά τε καὶ πάσῃσιν ἐπ’ ἀγραύλοισι βόεσσιν,",tlg0013.tlg004.perseus-grc2.xml
Hymn 4,tlg004,1,413,Ἑρμέω βουλῇσι κλεψίφρονος· αὐτὰρ Ἀπόλλων,Ἑρμέω βουλῇσι κλεψίφρονος· αὐτὰρ Ἀπόλλων,tlg0013.tlg004.perseus-grc2.xml
Hymn 4,tlg004,1,414,θαύμασεν ἀθρήσας. τότε δὴ κρατὺς Ἀργειφόντης,θαύμασεν ἀθρήσας. τότε δὴ κρατὺς Ἀργειφόντης,tlg0013.tlg004.perseus-grc2.xml
Hymn 4,tlg004,1,415,"χῶρον ὑποβλήδην ἐσκέψατο, πῦρ ἀμαρύσσων,","χῶρον ὑποβλήδην ἐσκέψατο, πῦρ ἀμαρύσσων,",tlg0013.tlg004.perseus-grc2.xml
Hymn 4,tlg004,1,416,ἐγκρύψαι μεμαώς· Λητοῦς δʼ ἐρικυδέος υἱὸν,ἐγκρύψαι μεμαώς· Λητοῦς δ’ ἐρικυδέος υἱὸν,tlg0013.tlg004.perseus-grc2.xml
Hymn 4,tlg004,1,417,"ῥεῖα μάλʼ ἐπρήυνεν ἑκηβόλον, ὡς ἔθελʼ αὐτός,","ῥεῖα μάλ’ ἐπρήυνεν ἑκηβόλον, ὡς ἔθελ’ αὐτός,",tlg0013.tlg004.perseus-grc2.xml
Hymn 4,tlg004,1,418,καὶ κρατερόν περ ἐόντα· λαβὼν δʼ ἐπʼ ἀριστερὰ χειρὸς,καὶ κρατερόν περ ἐόντα· λαβὼν δ’ ἐπ’ ἀριστερὰ χειρὸς,tlg0013.tlg004.perseus-grc2.xml
Hymn 4,tlg004,1,419,πλήκτρῳ ἐπειρήτιζε κατὰ μέρος· ἣ δʼ ὑπὸ χειρὸς,πλήκτρῳ ἐπειρήτιζε κατὰ μέρος· ἣ δ’ ὑπὸ χειρὸς,tlg0013.tlg004.perseus-grc2.xml
Hymn 4,tlg004,1,420,σμερδαλέον κονάβησε· γέλασσε δὲ Φοῖβος Ἀπόλλων,σμερδαλέον κονάβησε· γέλασσε δὲ Φοῖβος Ἀπόλλων,tlg0013.tlg004.perseus-grc2.xml
Hymn 4,tlg004,1,421,"γηθήσας, ἐρατὴ δὲ διὰ φρένας ἤλυθʼ ἰωὴ","γηθήσας, ἐρατὴ δὲ διὰ φρένας ἤλυθ’ ἰωὴ",tlg0013.tlg004.perseus-grc2.xml
Hymn 4,tlg004,1,422,θεσπεσίης ἐνοπῆς καὶ μιν γλυκὺς ἵμερος ᾕρει,θεσπεσίης ἐνοπῆς καὶ μιν γλυκὺς ἵμερος ᾕρει,tlg0013.tlg004.perseus-grc2.xml
Hymn 4,tlg004,1,423,θυμῷ ἀκουάζοντα· λύρῃ δʼ ἐρατὸν κιθαρίζων,θυμῷ ἀκουάζοντα· λύρῃ δ’ ἐρατὸν κιθαρίζων,tlg0013.tlg004.perseus-grc2.xml
Hymn 4,tlg004,1,424,στῆ ῥʼ ὅ γε θαρσήσας ἐπʼ ἀριστερὰ Μαιάδος υἱὸς,στῆ ῥ’ ὅ γε θαρσήσας ἐπ’ ἀριστερὰ Μαιάδος υἱὸς,tlg0013.tlg004.perseus-grc2.xml
Hymn 4,tlg004,1,425,Φοίβου Ἀπόλλωνος· τάχα δὲ λιγέως κιθαρίζων,Φοίβου Ἀπόλλωνος· τάχα δὲ λιγέως κιθαρίζων,tlg0013.tlg004.perseus-grc2.xml
Hymn 4,tlg004,1,426,γηρύετʼ ἀμβολάδην — ἐρατὴ δέ οἱ ἕσπετο φωνή —,γηρύετ’ ἀμβολάδην — ἐρατὴ δέ οἱ ἕσπετο φωνή —,tlg0013.tlg004.perseus-grc2.xml
Hymn 4,tlg004,1,427,"κραίνων ἀθανάτους τε θεοὺς καὶ γαῖαν ἐρεμνήν,","κραίνων ἀθανάτους τε θεοὺς καὶ γαῖαν ἐρεμνήν,",tlg0013.tlg004.perseus-grc2.xml
Hymn 4,tlg004,1,428,ὡς τὰ πρῶτα γένοντο καὶ ὡς λάχε μοῖραν ἕκαστος.,ὡς τὰ πρῶτα γένοντο καὶ ὡς λάχε μοῖραν ἕκαστος.,tlg0013.tlg004.perseus-grc2.xml
Hymn 4,tlg004,1,429,"Μνημοσύνην μὲν πρῶτα θεῶν ἐγέραιρεν ἀοιδῇ,","Μνημοσύνην μὲν πρῶτα θεῶν ἐγέραιρεν ἀοιδῇ,",tlg0013.tlg004.perseus-grc2.xml
Hymn 4,tlg004,1,430,μητέρα Μουσάων· ἣ γὰρ λάχε Μαιάδος υἱόν·,μητέρα Μουσάων· ἣ γὰρ λάχε Μαιάδος υἱόν·,tlg0013.tlg004.perseus-grc2.xml
Hymn 4,tlg004,1,431,τοὺς δὲ κατὰ πρέσβιν τε καὶ ὡς γεγάασιν ἕκαστος,τοὺς δὲ κατὰ πρέσβιν τε καὶ ὡς γεγάασιν ἕκαστος,tlg0013.tlg004.perseus-grc2.xml
Hymn 4,tlg004,1,432,"ἀθανάτους ἐγέραιρε θεοὺς Διὸς ἀγλαὸς υἱός,","ἀθανάτους ἐγέραιρε θεοὺς Διὸς ἀγλαὸς υἱός,",tlg0013.tlg004.perseus-grc2.xml
Hymn 4,tlg004,1,433,"πάντʼ ἐνέπων κατὰ κόσμον, ἐπωλένιον κιθαρίζων.","πάντ’ ἐνέπων κατὰ κόσμον, ἐπωλένιον κιθαρίζων.",tlg0013.tlg004.perseus-grc2.xml
Hymn 4,tlg004,1,434,"τὸν δʼ ἔρος ἐν στήθεσσιν ἀμήχανος αἴνυτο θυμόν,","τὸν δ’ ἔρος ἐν στήθεσσιν ἀμήχανος αἴνυτο θυμόν,",tlg0013.tlg004.perseus-grc2.xml
Hymn 4,tlg004,1,435,καὶ μιν φωνήσας ἔπεα πτερόεντα προσηύδα·,καὶ μιν φωνήσας ἔπεα πτερόεντα προσηύδα·,tlg0013.tlg004.perseus-grc2.xml
Hymn 4,tlg004,1,436,"βουφόνε, μηχανιῶτα, πονεύμενε, δαιτὸς ἑταῖρε,","βουφόνε, μηχανιῶτα, πονεύμενε, δαιτὸς ἑταῖρε,",tlg0013.tlg004.perseus-grc2.xml
Hymn 4,tlg004,1,437,πεντήκοντα βοῶν ἀντάξια ταῦτα μέμηλας.,πεντήκοντα βοῶν ἀντάξια ταῦτα μέμηλας.,tlg0013.tlg004.perseus-grc2.xml
Hymn 4,tlg004,1,438,ἡσυχίως καὶ ἔπειτα διακρινέεσθαι ὀίω·,ἡσυχίως καὶ ἔπειτα διακρινέεσθαι ὀίω·,tlg0013.tlg004.perseus-grc2.xml
Hymn 4,tlg004,1,439,"νῦν δʼ ἄγε μοι τόδε εἰπέ, πολύτροπε Μαιάδος υἱέ,","νῦν δ’ ἄγε μοι τόδε εἰπέ, πολύτροπε Μαιάδος υἱέ,",tlg0013.tlg004.perseus-grc2.xml
Hymn 4,tlg004,1,440,ἦ σοί γʼ ἐκ γενετῆς τάδʼ ἅμʼ ἕσπετο θαυματὰ ἔργα,ἦ σοί γ’ ἐκ γενετῆς τάδ’ ἅμ’ ἕσπετο θαυματὰ ἔργα,tlg0013.tlg004.perseus-grc2.xml
Hymn 4,tlg004,1,441,ἠέ τις ἀθανάτων ἠὲ θνητῶν ἀνθρώπων,ἠέ τις ἀθανάτων ἠὲ θνητῶν ἀνθρώπων,tlg0013.tlg004.perseus-grc2.xml
Hymn 4,tlg004,1,442,δῶρον ἀγαυὸν ἔδωκε καὶ ἔφρασε θέσπιν ἀοιδήν;,δῶρον ἀγαυὸν ἔδωκε καὶ ἔφρασε θέσπιν ἀοιδήν;,tlg0013.tlg004.perseus-grc2.xml
Hymn 4,tlg004,1,443,"θαυμασίην γὰρ τήνδε νεήφατον ὄσσαν ἀκούω,","θαυμασίην γὰρ τήνδε νεήφατον ὄσσαν ἀκούω,",tlg0013.tlg004.perseus-grc2.xml
Hymn 4,tlg004,1,444,ἣν οὐ πώ ποτέ φημι δαήμεναι οὔτε τινʼ ἀνδρῶν,ἣν οὐ πώ ποτέ φημι δαήμεναι οὔτε τιν’ ἀνδρῶν,tlg0013.tlg004.perseus-grc2.xml
Hymn 4,tlg004,1,445,"οὔτε τινʼ ἀθανάτων, οἳ Ὀλύμπια δώματʼ ἔχουσι,","οὔτε τιν’ ἀθανάτων, οἳ Ὀλύμπια δώματ’ ἔχουσι,",tlg0013.tlg004.perseus-grc2.xml
Hymn 4,tlg004,1,446,"νόσφι σέθεν, φηλῆτα, Διὸς καὶ Μαιάδος υἱέ.","νόσφι σέθεν, φηλῆτα, Διὸς καὶ Μαιάδος υἱέ.",tlg0013.tlg004.perseus-grc2.xml
Hymn 4,tlg004,1,447,"τίς τέχνη, τίς μοῦσα ἀμηχανέων μελεδώνων,","τίς τέχνη, τίς μοῦσα ἀμηχανέων μελεδώνων,",tlg0013.tlg004.perseus-grc2.xml
Hymn 4,tlg004,1,448,"τίς τρίβος; ἀτρεκέως γὰρ ἅμα τρία πάντα πάρεστιν,","τίς τρίβος; ἀτρεκέως γὰρ ἅμα τρία πάντα πάρεστιν,",tlg0013.tlg004.perseus-grc2.xml
Hymn 4,tlg004,1,449,εὐφροσύνην καὶ ἔρωτα καὶ ἥδυμον ὕπνον ἑλέσθαι.,εὐφροσύνην καὶ ἔρωτα καὶ ἥδυμον ὕπνον ἑλέσθαι.,tlg0013.tlg004.perseus-grc2.xml
Hymn 4,tlg004,1,450,"καὶ γὰρ ἐγὼ Μούσῃσιν Ὀλυμπιάδεσσιν ὀπηδός,","καὶ γὰρ ἐγὼ Μούσῃσιν Ὀλυμπιάδεσσιν ὀπηδός,",tlg0013.tlg004.perseus-grc2.xml
Hymn 4,tlg004,1,451,τῇσι χοροί τε μέλουσι καὶ ἀγλαὸς οἶμος ἀοιδῆς,τῇσι χοροί τε μέλουσι καὶ ἀγλαὸς οἶμος ἀοιδῆς,tlg0013.tlg004.perseus-grc2.xml
Hymn 4,tlg004,1,452,καὶ μολπὴ τεθαλυῖα καὶ ἱμερόεις βρόμος αὐλῶν·,καὶ μολπὴ τεθαλυῖα καὶ ἱμερόεις βρόμος αὐλῶν·,tlg0013.tlg004.perseus-grc2.xml
Hymn 4,tlg004,1,453,"ἀλλʼ οὔ πω τί μοι ὧδε μετὰ φρεσὶν ἄλλο μέλησεν,","ἀλλ’ οὔ πω τί μοι ὧδε μετὰ φρεσὶν ἄλλο μέλησεν,",tlg0013.tlg004.perseus-grc2.xml
Hymn 4,tlg004,1,454,οἷα νέων θαλίῃς ἐνδέξια ἔργα πέλονται.,οἷα νέων θαλίῃς ἐνδέξια ἔργα πέλονται.,tlg0013.tlg004.perseus-grc2.xml
Hymn 4,tlg004,1,455,"θαυμάζω, Διὸς υἱέ, τάδʼ, ὡς ἐρατὸν κιθαρίζεις.","θαυμάζω, Διὸς υἱέ, τάδ’, ὡς ἐρατὸν κιθαρίζεις.",tlg0013.tlg004.perseus-grc2.xml
Hymn 4,tlg004,1,456,"νῦν δʼ ἐπεὶ οὖν ὀλίγος περ ἐὼν κλυτὰ μήδεα οἶδας,","νῦν δ’ ἐπεὶ οὖν ὀλίγος περ ἐὼν κλυτὰ μήδεα οἶδας,",tlg0013.tlg004.perseus-grc2.xml
Hymn 4,tlg004,1,457,"ἷζε, πέπον, καὶ μῦθον ἐπαίνει πρεσβυτέροισι·","ἷζε, πέπον, καὶ μῦθον ἐπαίνει πρεσβυτέροισι·",tlg0013.tlg004.perseus-grc2.xml
Hymn 4,tlg004,1,458,νῦν γάρ τοι κλέος ἔσται ἐν ἀθανάτοισι θεοῖσι,νῦν γάρ τοι κλέος ἔσται ἐν ἀθανάτοισι θεοῖσι,tlg0013.tlg004.perseus-grc2.xml
Hymn 4,tlg004,1,459,σοί τʼ αὐτῷ καὶ μητρί· τὸ δʼ ἀτρεκέως ἀγορεύσω·,σοί τ’ αὐτῷ καὶ μητρί· τὸ δ’ ἀτρεκέως ἀγορεύσω·,tlg0013.tlg004.perseus-grc2.xml
Hymn 4,tlg004,1,460,"ναὶ μὰ τόδε κρανέινον ἀκόντιον, ἦ μὲν ἐγώ σε","ναὶ μὰ τόδε κρανέινον ἀκόντιον, ἦ μὲν ἐγώ σε",tlg0013.tlg004.perseus-grc2.xml
Hymn 4,tlg004,1,461,κυδρὸν ἐν ἀθανάτοισι καὶ ὄλβιον ἡγεμόνʼ εἵσω,κυδρὸν ἐν ἀθανάτοισι καὶ ὄλβιον ἡγεμόν’ εἵσω,tlg0013.tlg004.perseus-grc2.xml
Hymn 4,tlg004,1,462,δώσω τʼ ἀγλαὰ δῶρα καὶ ἐς τέλος οὐκ ἀπατήσω.,δώσω τ’ ἀγλαὰ δῶρα καὶ ἐς τέλος οὐκ ἀπατήσω.,tlg0013.tlg004.perseus-grc2.xml
Hymn 4,tlg004,1,463,τὸν δʼ Ἑρμῆς μύθοισιν ἀμείβετο κερδαλέοισιν·,τὸν δ’ Ἑρμῆς μύθοισιν ἀμείβετο κερδαλέοισιν·,tlg0013.tlg004.perseus-grc2.xml
Hymn 4,tlg004,1,464,"εἰρωτᾷς μʼ, Ἑκάεργε, περιφραδές· αὐτὰρ ἐγώ σοι","εἰρωτᾷς μ’, Ἑκάεργε, περιφραδές· αὐτὰρ ἐγώ σοι",tlg0013.tlg004.perseus-grc2.xml
Hymn 4,tlg004,1,465,τέχνης ἡμετέρης ἐπιβήμεναι οὔ τι μεγαίρω.,τέχνης ἡμετέρης ἐπιβήμεναι οὔ τι μεγαίρω.,tlg0013.tlg004.perseus-grc2.xml
Hymn 4,tlg004,1,466,σήμερον εἰδήσεις· ἐθέλω δέ τοι ἤπιος εἶναι,σήμερον εἰδήσεις· ἐθέλω δέ τοι ἤπιος εἶναι,tlg0013.tlg004.perseus-grc2.xml
Hymn 4,tlg004,1,467,βουλῇ καὶ μύθοισι. σὺ δὲ φρεσὶ πάντʼ εὖ οἶδας·,βουλῇ καὶ μύθοισι. σὺ δὲ φρεσὶ πάντ’ εὖ οἶδας·,tlg0013.tlg004.perseus-grc2.xml
Hymn 4,tlg004,1,468,"πρῶτος γάρ, Διὸς υἱέ, μετʼ ἀθανάτοισι θαάσσεις,","πρῶτος γάρ, Διὸς υἱέ, μετ’ ἀθανάτοισι θαάσσεις,",tlg0013.tlg004.perseus-grc2.xml
Hymn 4,tlg004,1,469,ἠύς τε κρατερός τε· φιλεῖ δέ σε μητίετα Ζεὺς,ἠύς τε κρατερός τε· φιλεῖ δέ σε μητίετα Ζεὺς,tlg0013.tlg004.perseus-grc2.xml
Hymn 4,tlg004,1,470,"ἐκ πάσης ὁσίης, ἔπορεν δέ τοι ἀγλαὰ δῶρα.","ἐκ πάσης ὁσίης, ἔπορεν δέ τοι ἀγλαὰ δῶρα.",tlg0013.tlg004.perseus-grc2.xml
Hymn 4,tlg004,1,471,καὶ τιμάς σέ γέ φασι δαήμεναι ἐκ Διὸς ὀμφῆς,καὶ τιμάς σέ γέ φασι δαήμεναι ἐκ Διὸς ὀμφῆς,tlg0013.tlg004.perseus-grc2.xml
Hymn 4,tlg004,1,472,"μαντείας θʼ Ἑκάεργε, Διὸς παρά, θέσφατα πάντα","μαντείας θ’ Ἑκάεργε, Διὸς παρά, θέσφατα πάντα",tlg0013.tlg004.perseus-grc2.xml
Hymn 4,tlg004,1,473,τῶν νῦν αὐτὸς ἐγώ σε μαλʼ ἀφνειὸν δεδάηκα·,τῶν νῦν αὐτὸς ἐγώ σε μαλ’ ἀφνειὸν δεδάηκα·,tlg0013.tlg004.perseus-grc2.xml
Hymn 4,tlg004,1,474,"σοὶ δʼ αὐτάγρετόν ἐστι δαήμεναι, ὅττι μενοινᾷς.","σοὶ δ’ αὐτάγρετόν ἐστι δαήμεναι, ὅττι μενοινᾷς.",tlg0013.tlg004.perseus-grc2.xml
Hymn 4,tlg004,1,475,"ἀλλʼ ἐπεὶ οὖν τοι θυμὸς ἐπιθύει κιθαρίζειν,","ἀλλ’ ἐπεὶ οὖν τοι θυμὸς ἐπιθύει κιθαρίζειν,",tlg0013.tlg004.perseus-grc2.xml
Hymn 4,tlg004,1,476,μέλπεο καὶ κιθάριζε καὶ ἀγλαίας ἀλέγυνε,μέλπεο καὶ κιθάριζε καὶ ἀγλαίας ἀλέγυνε,tlg0013.tlg004.perseus-grc2.xml
Hymn 4,tlg004,1,477,"δέγμενος ἐξ ἐμέθεν· σὺ δέ μοι, φίλε, κῦδος ὄπαζε.","δέγμενος ἐξ ἐμέθεν· σὺ δέ μοι, φίλε, κῦδος ὄπαζε.",tlg0013.tlg004.perseus-grc2.xml
Hymn 4,tlg004,1,478,"εὐμόλπει μετὰ χερσὶν ἔχων λιγύφωνον ἑταίρην,","εὐμόλπει μετὰ χερσὶν ἔχων λιγύφωνον ἑταίρην,",tlg0013.tlg004.perseus-grc2.xml
Hymn 4,tlg004,1,479,καλὰ καὶ εὖ κατὰ κόσμον ἐπιστάμενος ἀγορεύειν.,καλὰ καὶ εὖ κατὰ κόσμον ἐπιστάμενος ἀγορεύειν.,tlg0013.tlg004.perseus-grc2.xml
Hymn 4,tlg004,1,480,εὔκηλος μὲν ἔπειτα φέρειν ἐς δαῖτα θάλειαν,εὔκηλος μὲν ἔπειτα φέρειν ἐς δαῖτα θάλειαν,tlg0013.tlg004.perseus-grc2.xml
Hymn 4,tlg004,1,481,καὶ χορὸν ἱμερόεντα καὶ ἐς φιλοκυδέα κῶμον,καὶ χορὸν ἱμερόεντα καὶ ἐς φιλοκυδέα κῶμον,tlg0013.tlg004.perseus-grc2.xml
Hymn 4,tlg004,1,482,εὐφροσύνην νυκτός τε καὶ ἤματος. ὅς τις ἂν αὐτὴν,εὐφροσύνην νυκτός τε καὶ ἤματος. ὅς τις ἂν αὐτὴν,tlg0013.tlg004.perseus-grc2.xml
Hymn 4,tlg004,1,483,"τέχνῃ καὶ σοφίῃ δεδαημένος ἐξερεείνῃ,","τέχνῃ καὶ σοφίῃ δεδαημένος ἐξερεείνῃ,",tlg0013.tlg004.perseus-grc2.xml
Hymn 4,tlg004,1,484,φθεγγομένη παντοῖα νόῳ χαρίεντα διδάσκει,φθεγγομένη παντοῖα νόῳ χαρίεντα διδάσκει,tlg0013.tlg004.perseus-grc2.xml
Hymn 4,tlg004,1,485,"ῥεῖα συνηθείῃσιν ἀθυρομένη μαλακῇσιν,","ῥεῖα συνηθείῃσιν ἀθυρομένη μαλακῇσιν,",tlg0013.tlg004.perseus-grc2.xml
Hymn 4,tlg004,1,486,ἐργασίην φεύγουσα δυήπαθον· ὃς δέ κεν αὐτὴν,ἐργασίην φεύγουσα δυήπαθον· ὃς δέ κεν αὐτὴν,tlg0013.tlg004.perseus-grc2.xml
Hymn 4,tlg004,1,487,"νῆις ἐὼν τὸ πρῶτον ἐπιζαφελῶς ἐρεείνῃ,","νῆις ἐὼν τὸ πρῶτον ἐπιζαφελῶς ἐρεείνῃ,",tlg0013.tlg004.perseus-grc2.xml
Hymn 4,tlg004,1,488,μὰψ αὔτως κεν ἔπειτα μετήορά τε θρυλλίζοι.,μὰψ αὔτως κεν ἔπειτα μετήορά τε θρυλλίζοι.,tlg0013.tlg004.perseus-grc2.xml
Hymn 4,tlg004,1,489,"σοὶ δʼ αὐτάγρετόν ἐστι δαήμεναι, ὅττι μενοινᾷς.","σοὶ δ’ αὐτάγρετόν ἐστι δαήμεναι, ὅττι μενοινᾷς.",tlg0013.tlg004.perseus-grc2.xml
Hymn 4,tlg004,1,490,"καὶ τοι ἐγὼ δώσω ταύτην, Διὸς ἀγλαὲ κοῦρε·","καὶ τοι ἐγὼ δώσω ταύτην, Διὸς ἀγλαὲ κοῦρε·",tlg0013.tlg004.perseus-grc2.xml
Hymn 4,tlg004,1,491,ἡμεῖς δʼ αὖτʼ ὄρεός τε καὶ ἱπποβότου πεδίοιο,ἡμεῖς δ’ αὖτ’ ὄρεός τε καὶ ἱπποβότου πεδίοιο,tlg0013.tlg004.perseus-grc2.xml
Hymn 4,tlg004,1,492,"βουσὶ νομούς, Ἑκάεργε, νομεύσομεν ἀγραύλοισιν.","βουσὶ νομούς, Ἑκάεργε, νομεύσομεν ἀγραύλοισιν.",tlg0013.tlg004.perseus-grc2.xml
Hymn 4,tlg004,1,493,"ἔνθεν ἅλις τέξουσι βόες ταύροις·, μιγεῖσαι","ἔνθεν ἅλις τέξουσι βόες ταύροις·, μιγεῖσαι",tlg0013.tlg004.perseus-grc2.xml
Hymn 4,tlg004,1,494,μίγδην θηλείας τε καὶ ἄρσενας· οὐδέ τί σε χρὴ,μίγδην θηλείας τε καὶ ἄρσενας· οὐδέ τί σε χρὴ,tlg0013.tlg004.perseus-grc2.xml
Hymn 4,tlg004,1,495,κερδαλέον περ ἐόντα περιζαμενῶς κεχολῶσθαι.,κερδαλέον περ ἐόντα περιζαμενῶς κεχολῶσθαι.,tlg0013.tlg004.perseus-grc2.xml
Hymn 4,tlg004,1,496,"ὣς εἰπὼν ὤρεξʼ· ὃ δʼ ἐδέξατο Φοῖβος Ἀπόλλων,","ὣς εἰπὼν ὤρεξ’· ὃ δ’ ἐδέξατο Φοῖβος Ἀπόλλων,",tlg0013.tlg004.perseus-grc2.xml
Hymn 4,tlg004,1,497,"Ἐρμῇ δʼ ἐγγυάλιξεν ἑκὼν μάστιγα φαεινήν,","Ἐρμῇ δ’ ἐγγυάλιξεν ἑκὼν μάστιγα φαεινήν,",tlg0013.tlg004.perseus-grc2.xml
Hymn 4,tlg004,1,498,βουκολίας τʼ ἐπέτελλεν· ἔδεκτο δὲ Μαιάδος υἱὸς,βουκολίας τ’ ἐπέτελλεν· ἔδεκτο δὲ Μαιάδος υἱὸς,tlg0013.tlg004.perseus-grc2.xml
Hymn 4,tlg004,1,499,γηθήσας· κίθαριν δὲ λαβὼν ἐπʼ ἀριστερὰ χειρὸς,γηθήσας· κίθαριν δὲ λαβὼν ἐπ’ ἀριστερὰ χειρὸς,tlg0013.tlg004.perseus-grc2.xml
Hymn 4,tlg004,1,500,"Λητοῦς ἀγλαὸς υἱός, ἄναξ ἑκάεργος Ἀπόλλων,","Λητοῦς ἀγλαὸς υἱός, ἄναξ ἑκάεργος Ἀπόλλων,",tlg0013.tlg004.perseus-grc2.xml
Hymn 4,tlg004,1,501,πλήκτρῳ ἐπειρήτιζε κατὰ μένος· ἣ δʼ ὑπένερθε,πλήκτρῳ ἐπειρήτιζε κατὰ μένος· ἣ δ’ ὑπένερθε,tlg0013.tlg004.perseus-grc2.xml
Hymn 4,tlg004,1,502,σμερδαλέον κονάβησε· θεὸς δʼ ὑπὸ καλὸν ἄεισεν.,σμερδαλέον κονάβησε· θεὸς δ’ ὑπὸ καλὸν ἄεισεν.,tlg0013.tlg004.perseus-grc2.xml
Hymn 4,tlg004,1,503,ἔνθα βόας μὲν ἔπειτα ποτὶ ζάθεον λειμῶνα,ἔνθα βόας μὲν ἔπειτα ποτὶ ζάθεον λειμῶνα,tlg0013.tlg004.perseus-grc2.xml
Hymn 4,tlg004,1,504,"ἐτραπέτην· αὐτοὶ δέ, Διὸς περικαλλέα τέκνα,","ἐτραπέτην· αὐτοὶ δέ, Διὸς περικαλλέα τέκνα,",tlg0013.tlg004.perseus-grc2.xml
Hymn 4,tlg004,1,505,ἄψορροι πρὸς Ὄλυμπον ἀγάννιφον ἐρρώσαντο,ἄψορροι πρὸς Ὄλυμπον ἀγάννιφον ἐρρώσαντο,tlg0013.tlg004.perseus-grc2.xml
Hymn 4,tlg004,1,506,"τερπόμενοι φόρμιγγι· χάρη δʼ ἄρα μητιέτα Ζεύς,","τερπόμενοι φόρμιγγι· χάρη δ’ ἄρα μητιέτα Ζεύς,",tlg0013.tlg004.perseus-grc2.xml
Hymn 4,tlg004,1,507,ἄμφω δʼ ἐς φιλότητα συνήγαγε· καὶ τὰ μὲν Ἑρμῆς,ἄμφω δ’ ἐς φιλότητα συνήγαγε· καὶ τὰ μὲν Ἑρμῆς,tlg0013.tlg004.perseus-grc2.xml
Hymn 4,tlg004,1,508,"Λητοΐδην ἐφίλησε διαμπερὲς ὡς ἔτι καὶ νῦν,","Λητοΐδην ἐφίλησε διαμπερὲς ὡς ἔτι καὶ νῦν,",tlg0013.tlg004.perseus-grc2.xml
Hymn 4,tlg004,1,509,σήματʼ ἐπεὶ κίθαριν μὲν Ἑκηβόλῳ ἐγγυάλιξεν,σήματ’ ἐπεὶ κίθαριν μὲν Ἑκηβόλῳ ἐγγυάλιξεν,tlg0013.tlg004.perseus-grc2.xml
Hymn 4,tlg004,1,510,"ἱμερτήν, δεδαώς, ὃ δʼ ἐπωλένιον κιθάριζεν·","ἱμερτήν, δεδαώς, ὃ δ’ ἐπωλένιον κιθάριζεν·",tlg0013.tlg004.perseus-grc2.xml
Hymn 4,tlg004,1,511,αὐτὸς δʼ αὖθʼ ἑτέρης σοφίης ἐκμάσσατο τέχνην·,αὐτὸς δ’ αὖθ’ ἑτέρης σοφίης ἐκμάσσατο τέχνην·,tlg0013.tlg004.perseus-grc2.xml
Hymn 4,tlg004,1,512,συρίγγων ἐνοπὴν ποιήσατο τηλόθʼ ἀκουστήν.,συρίγγων ἐνοπὴν ποιήσατο τηλόθ’ ἀκουστήν.,tlg0013.tlg004.perseus-grc2.xml
Hymn 4,tlg004,1,513,καὶ τότε Λητοΐδης Ἑρμῆν πρὸς μῦθον ἔειπε·,καὶ τότε Λητοΐδης Ἑρμῆν πρὸς μῦθον ἔειπε·,tlg0013.tlg004.perseus-grc2.xml
Hymn 4,tlg004,1,514,"δείδια, Μαιάδος υἱέ, διάκτορε, ποικιλομῆτα,","δείδια, Μαιάδος υἱέ, διάκτορε, ποικιλομῆτα,",tlg0013.tlg004.perseus-grc2.xml
Hymn 4,tlg004,1,515,μή μοι ἅμα κλέψῃς κίθαριν καὶ καμπύλα τόξα·,μή μοι ἅμα κλέψῃς κίθαριν καὶ καμπύλα τόξα·,tlg0013.tlg004.perseus-grc2.xml
Hymn 4,tlg004,1,516,τιμὴν γὰρ πὰρ Ζηνὸς ἔχεις ἐπαμοίβια ἔργα,τιμὴν γὰρ πὰρ Ζηνὸς ἔχεις ἐπαμοίβια ἔργα,tlg0013.tlg004.perseus-grc2.xml
Hymn 4,tlg004,1,517,θήσειν ἀνθρώποισι κατὰ χθόνα πουλυβότειραν.,θήσειν ἀνθρώποισι κατὰ χθόνα πουλυβότειραν.,tlg0013.tlg004.perseus-grc2.xml
Hymn 4,tlg004,1,518,"ἀλλʼ εἴ μοι τλαίης γε θεῶν μέγαν ὅρκον ὀμόσσαι,","ἀλλ’ εἴ μοι τλαίης γε θεῶν μέγαν ὅρκον ὀμόσσαι,",tlg0013.tlg004.perseus-grc2.xml
Hymn 4,tlg004,1,519,"ἢ κεφαλῇ νεύσας ἢ ἐπὶ Στυγὸς ὄβριμον ὕδωρ,","ἢ κεφαλῇ νεύσας ἢ ἐπὶ Στυγὸς ὄβριμον ὕδωρ,",tlg0013.tlg004.perseus-grc2.xml
Hymn 4,tlg004,1,520,πάντʼ ἂν ἐμῷ θυμῷ κεχαρισμένα καὶ φίλα ἔρδοις.,πάντ’ ἂν ἐμῷ θυμῷ κεχαρισμένα καὶ φίλα ἔρδοις.,tlg0013.tlg004.perseus-grc2.xml
Hymn 4,tlg004,1,521,"καὶ τότε Μαιάδος υἱὸς ὑποσχόμενος κατένευσε,","καὶ τότε Μαιάδος υἱὸς ὑποσχόμενος κατένευσε,",tlg0013.tlg004.perseus-grc2.xml
Hymn 4,tlg004,1,522,"μή ποτʼ ἀποκλέψειν, ὅσʼ Ἑκηβόλος ἐκτεάτισται,","μή ποτ’ ἀποκλέψειν, ὅσ’ Ἑκηβόλος ἐκτεάτισται,",tlg0013.tlg004.perseus-grc2.xml
Hymn 4,tlg004,1,523,μηδέ ποτʼ ἐμπελάσειν πυκινῷ δόμῳ· αὐτὰρ Ἀπόλλων,μηδέ ποτ’ ἐμπελάσειν πυκινῷ δόμῳ· αὐτὰρ Ἀπόλλων,tlg0013.tlg004.perseus-grc2.xml
Hymn 4,tlg004,1,524,"Λητοΐδης κατένευσεν ἐπʼ ἀρθμῷ καὶ φιλότητι,","Λητοΐδης κατένευσεν ἐπ’ ἀρθμῷ καὶ φιλότητι,",tlg0013.tlg004.perseus-grc2.xml
Hymn 4,tlg004,1,525,"μή τινα φίλτερον ἄλλον ἐν ἀθανάτοισιν ἔσεσθαι,","μή τινα φίλτερον ἄλλον ἐν ἀθανάτοισιν ἔσεσθαι,",tlg0013.tlg004.perseus-grc2.xml
Hymn 4,tlg004,1,526,μήτε θεὸν μήτʼ ἄνδρα Διὸς γόνον· ἐκ δὲ τέλειον,μήτε θεὸν μήτ’ ἄνδρα Διὸς γόνον· ἐκ δὲ τέλειον,tlg0013.tlg004.perseus-grc2.xml
Hymn 4,tlg004,1,526a,αἰετὸν ἧκε πατήρ· ὁ δʼ ἐπώμοσεν· ἦ σε μάλʼ οἶον,αἰετὸν ἧκε πατήρ· ὁ δ’ ἐπώμοσεν· ἦ σε μάλ’ οἶον,tlg0013.tlg004.perseus-grc2.xml
Hymn 4,tlg004,1,527,"σύμβολον ἀθανάτων ποιήσομαι ἠδʼ ἅμα πάντων,","σύμβολον ἀθανάτων ποιήσομαι ἠδ’ ἅμα πάντων,",tlg0013.tlg004.perseus-grc2.xml
Hymn 4,tlg004,1,528,πιστὸν ἐμῷ θυμῷ καὶ τίμιον· αὐτὰρ ἔπειτα,πιστὸν ἐμῷ θυμῷ καὶ τίμιον· αὐτὰρ ἔπειτα,tlg0013.tlg004.perseus-grc2.xml
Hymn 4,tlg004,1,529,"ὄλβου καὶ πλούτου δώσω περικαλλέα ῥάβδον,","ὄλβου καὶ πλούτου δώσω περικαλλέα ῥάβδον,",tlg0013.tlg004.perseus-grc2.xml
Hymn 4,tlg004,1,530,"χρυσείην, τριπέτηλον, ἀκήριον ἥ σε φυλάξει","χρυσείην, τριπέτηλον, ἀκήριον ἥ σε φυλάξει",tlg0013.tlg004.perseus-grc2.xml
Hymn 4,tlg004,1,531,πάντας ἐπικραίνουσʼ ἄθλους ἐπέων τε καὶ ἔργων,πάντας ἐπικραίνουσ’ ἄθλους ἐπέων τε καὶ ἔργων,tlg0013.tlg004.perseus-grc2.xml
Hymn 4,tlg004,1,532,"τῶν ἀγαθῶν, ὅσα φημὶ δαήμεναι ἐκ Διὸς ὀμφῆς.","τῶν ἀγαθῶν, ὅσα φημὶ δαήμεναι ἐκ Διὸς ὀμφῆς.",tlg0013.tlg004.perseus-grc2.xml
Hymn 4,tlg004,1,533,"μαντείην δέ, φέριστε, διοτρεφές, ἣν ἐρεείνεις,","μαντείην δέ, φέριστε, διοτρεφές, ἣν ἐρεείνεις,",tlg0013.tlg004.perseus-grc2.xml
Hymn 4,tlg004,1,534,οὔτε σὲ θέσφατόν ἐστι δαήμεναι οὔτε τινʼ ἄλλον,οὔτε σὲ θέσφατόν ἐστι δαήμεναι οὔτε τιν’ ἄλλον,tlg0013.tlg004.perseus-grc2.xml
Hymn 4,tlg004,1,535,ἀθανάτων· τὸ γὰρ οἶδε Διὸς νόος· αὐτὰρ ἐγώ γε,ἀθανάτων· τὸ γὰρ οἶδε Διὸς νόος· αὐτὰρ ἐγώ γε,tlg0013.tlg004.perseus-grc2.xml
Hymn 4,tlg004,1,536,"πιστωθεὶς κατένευσα καὶ ὤμοσα καρτερὸν ὅρκον,","πιστωθεὶς κατένευσα καὶ ὤμοσα καρτερὸν ὅρκον,",tlg0013.tlg004.perseus-grc2.xml
Hymn 4,tlg004,1,537,μή τινα νόσφιν ἐμεῖο θεῶν αἰειγενετάων,μή τινα νόσφιν ἐμεῖο θεῶν αἰειγενετάων,tlg0013.tlg004.perseus-grc2.xml
Hymn 4,tlg004,1,538,ἄλλον γʼ εἴσεσθαι Ζηνὸς πυκινόφρονα βουλήν.,ἄλλον γ’ εἴσεσθαι Ζηνὸς πυκινόφρονα βουλήν.,tlg0013.tlg004.perseus-grc2.xml
Hymn 4,tlg004,1,539,"καὶ σύ, κασίγνητε χρυσόρραπι, μή με κέλευε","καὶ σύ, κασίγνητε χρυσόρραπι, μή με κέλευε",tlg0013.tlg004.perseus-grc2.xml
Hymn 4,tlg004,1,540,"θέσφατα πιφαύσκειν, ὅσα μήδεται εὐρύοπα Ζεύς.","θέσφατα πιφαύσκειν, ὅσα μήδεται εὐρύοπα Ζεύς.",tlg0013.tlg004.perseus-grc2.xml
Hymn 4,tlg004,1,541,"ἀνθρώπων δʼ ἄλλον δηλήσομαι, ἄλλον ὀνήσω,","ἀνθρώπων δ’ ἄλλον δηλήσομαι, ἄλλον ὀνήσω,",tlg0013.tlg004.perseus-grc2.xml
Hymn 4,tlg004,1,542,πολλὰ περιτροπέων ἀμεγάρτων φῦλʼ ἀνθρώπων.,πολλὰ περιτροπέων ἀμεγάρτων φῦλ’ ἀνθρώπων.,tlg0013.tlg004.perseus-grc2.xml
Hymn 4,tlg004,1,543,"καὶ μὲν ἐμῆς ὀμφῆς ἀπονήσεται, ὅς τις ἂν ἔλθῃ","καὶ μὲν ἐμῆς ὀμφῆς ἀπονήσεται, ὅς τις ἂν ἔλθῃ",tlg0013.tlg004.perseus-grc2.xml
Hymn 4,tlg004,1,544,φωνῇ καὶ πτερύγεσσι τεληέντων οἰωνῶν·,φωνῇ καὶ πτερύγεσσι τεληέντων οἰωνῶν·,tlg0013.tlg004.perseus-grc2.xml
Hymn 4,tlg004,1,545,"οὗτος ἐμῆς ὀμφῆς ἀπονήσεται, οὐδʼ ἀπατήσω.","οὗτος ἐμῆς ὀμφῆς ἀπονήσεται, οὐδ’ ἀπατήσω.",tlg0013.tlg004.perseus-grc2.xml
Hymn 4,tlg004,1,546,ὃς δέ κε μαψιλόγοισι πιθήσας οἰωνοῖσι,ὃς δέ κε μαψιλόγοισι πιθήσας οἰωνοῖσι,tlg0013.tlg004.perseus-grc2.xml
Hymn 4,tlg004,1,547,μαντείην ἐθέλῃσι παρὲκ νόον ἐξερεείνειν,μαντείην ἐθέλῃσι παρὲκ νόον ἐξερεείνειν,tlg0013.tlg004.perseus-grc2.xml
Hymn 4,tlg004,1,548,"ἡμετέρην, νοέειν δὲ θεῶν πλέον αἰὲν ἐόντων,","ἡμετέρην, νοέειν δὲ θεῶν πλέον αἰὲν ἐόντων,",tlg0013.tlg004.perseus-grc2.xml
Hymn 4,tlg004,1,549,"φήμʼ, ἁλίην ὁδὸν εἶσιν. ἐγὼ δέ κε δῶρα δεχοίμην.","φήμ’, ἁλίην ὁδὸν εἶσιν. ἐγὼ δέ κε δῶρα δεχοίμην.",tlg0013.tlg004.perseus-grc2.xml
Hymn 4,tlg004,1,550,"ἄλλο δέ τοι ἐρέω, Μαίης ἐρικυδέος υἱὲ","ἄλλο δέ τοι ἐρέω, Μαίης ἐρικυδέος υἱὲ",tlg0013.tlg004.perseus-grc2.xml
Hymn 4,tlg004,1,551,"καὶ Διὸς αἰγιόχοιο, θεῶν ἐριούνιε δαῖμον·","καὶ Διὸς αἰγιόχοιο, θεῶν ἐριούνιε δαῖμον·",tlg0013.tlg004.perseus-grc2.xml
Hymn 4,tlg004,1,552,"σεμναὶ γὰρ τινες εἰσί, κασίγνηται γεγαυῖαι,","σεμναὶ γὰρ τινες εἰσί, κασίγνηται γεγαυῖαι,",tlg0013.tlg004.perseus-grc2.xml
Hymn 4,tlg004,1,553,"παρθένοι, ὠκείῃσιν ἀγαλλόμεναι πτερύγεσσι,","παρθένοι, ὠκείῃσιν ἀγαλλόμεναι πτερύγεσσι,",tlg0013.tlg004.perseus-grc2.xml
Hymn 4,tlg004,1,554,"τρεῖς· κατὰ δὲ κρατὸς πεπαλαγμέναι ἄλφιτα λευκά,","τρεῖς· κατὰ δὲ κρατὸς πεπαλαγμέναι ἄλφιτα λευκά,",tlg0013.tlg004.perseus-grc2.xml
Hymn 4,tlg004,1,555,"οἰκία ναιετάουσιν ὑπὸ πτυχὶ Παρνησοῖο,","οἰκία ναιετάουσιν ὑπὸ πτυχὶ Παρνησοῖο,",tlg0013.tlg004.perseus-grc2.xml
Hymn 4,tlg004,1,556,"μαντείης ἀπάνευθε διδάσκαλοι, ἣν ἐπὶ βουσὶ","μαντείης ἀπάνευθε διδάσκαλοι, ἣν ἐπὶ βουσὶ",tlg0013.tlg004.perseus-grc2.xml
Hymn 4,tlg004,1,557,"παῖς ἔτʼ ἐὼν μελέτησα· πατὴρ δʼ ἐμὸς οὐκ ἀλέγιζεν,","παῖς ἔτ’ ἐὼν μελέτησα· πατὴρ δ’ ἐμὸς οὐκ ἀλέγιζεν,",tlg0013.tlg004.perseus-grc2.xml
Hymn 4,tlg004,1,558,ἐντεῦθεν δὴ ἔπειτα ποτώμεναι ἄλλοτε ἄλλη,ἐντεῦθεν δὴ ἔπειτα ποτώμεναι ἄλλοτε ἄλλη,tlg0013.tlg004.perseus-grc2.xml
Hymn 4,tlg004,1,559,κηρία βόσκονται καὶ τε κραίνουσιν ἕκαστα.,κηρία βόσκονται καὶ τε κραίνουσιν ἕκαστα.,tlg0013.tlg004.perseus-grc2.xml
Hymn 4,tlg004,1,560,"αἳ δʼ ὅτε μὲν θυΐωσιν ἐδηδυῖαι μέλι χλωρόν,","αἳ δ’ ὅτε μὲν θυΐωσιν ἐδηδυῖαι μέλι χλωρόν,",tlg0013.tlg004.perseus-grc2.xml
Hymn 4,tlg004,1,561,προφρονέως ἐθέλουσιν ἀληθείην ἀγορεύειν·,προφρονέως ἐθέλουσιν ἀληθείην ἀγορεύειν·,tlg0013.tlg004.perseus-grc2.xml
Hymn 4,tlg004,1,562,"ἢν δʼ ἀπονοσφισθῶσι θεῶν ἡδεῖαν ἐδωδήν,","ἢν δ’ ἀπονοσφισθῶσι θεῶν ἡδεῖαν ἐδωδήν,",tlg0013.tlg004.perseus-grc2.xml
Hymn 4,tlg004,1,563,ψεύδονται δὴ ἔπειτα διʼ ἀλλήλων δονέουσαι.,ψεύδονται δὴ ἔπειτα δι’ ἀλλήλων δονέουσαι.,tlg0013.tlg004.perseus-grc2.xml
Hymn 4,tlg004,1,564,τάς τοι ἔπειτα δίδωμι· σὺ δʼ ἀτρεκέως ἐρεείνων,τάς τοι ἔπειτα δίδωμι· σὺ δ’ ἀτρεκέως ἐρεείνων,tlg0013.tlg004.perseus-grc2.xml
Hymn 4,tlg004,1,565,"σὴν αὐτοῦ φρένα τέρπε, καὶ εἰ βροτὸν ἄνδρα δαείῃς,","σὴν αὐτοῦ φρένα τέρπε, καὶ εἰ βροτὸν ἄνδρα δαείῃς,",tlg0013.tlg004.perseus-grc2.xml
Hymn 4,tlg004,1,566,"πολλάκι σῆς ὀμφῆς ἐπακούσεται, αἴ κε τύχῃσι.","πολλάκι σῆς ὀμφῆς ἐπακούσεται, αἴ κε τύχῃσι.",tlg0013.tlg004.perseus-grc2.xml
Hymn 4,tlg004,1,567,"ταῦτʼ ἔχε, Μαιάδος υἱέ, καὶ ἀγραύλους ἕλικας βοῦς","ταῦτ’ ἔχε, Μαιάδος υἱέ, καὶ ἀγραύλους ἕλικας βοῦς",tlg0013.tlg004.perseus-grc2.xml
Hymn 4,tlg004,1,568,ἵππους τʼ ἀμφιπόλευε καὶ ἡμιόνους ταλαεργούς.,ἵππους τ’ ἀμφιπόλευε καὶ ἡμιόνους ταλαεργούς.,tlg0013.tlg004.perseus-grc2.xml
Hymn 4,tlg004,1,568a,ὡς ἔφατʼ· οὐρανόθεν δὲ πατὴρ Ζεὺς αὐτὸς ἔπεσσι,ὡς ἔφατ’· οὐρανόθεν δὲ πατὴρ Ζεὺς αὐτὸς ἔπεσσι,tlg0013.tlg004.perseus-grc2.xml
Hymn 4,tlg004,1,568b,θῆκε τέλος· πᾶσιν δʼ ἄρʼ ὅ γʼ οἰωνοῖσι κέλευσεν,θῆκε τέλος· πᾶσιν δ’ ἄρ’ ὅ γ’ οἰωνοῖσι κέλευσεν,tlg0013.tlg004.perseus-grc2.xml
Hymn 4,tlg004,1,569,καὶ χαροποῖσι λέουσι καὶ ἀργιόδουσι σύεσσι,καὶ χαροποῖσι λέουσι καὶ ἀργιόδουσι σύεσσι,tlg0013.tlg004.perseus-grc2.xml
Hymn 4,tlg004,1,570,"καὶ κυσὶ καὶ μήλοισιν, ὅσα τρέφει εὐρεῖα χθών,","καὶ κυσὶ καὶ μήλοισιν, ὅσα τρέφει εὐρεῖα χθών,",tlg0013.tlg004.perseus-grc2.xml
Hymn 4,tlg004,1,571,"πᾶσι δʼ ἐπὶ προβάτοισιν ἀνάσσειν κύδιμον Ἑρμῆν,","πᾶσι δ’ ἐπὶ προβάτοισιν ἀνάσσειν κύδιμον Ἑρμῆν,",tlg0013.tlg004.perseus-grc2.xml
Hymn 4,tlg004,1,572,"οἶον δʼ εἰς Ἀΐδην τετελεσμένον ἄγγελον εἶναι,","οἶον δ’ εἰς Ἀΐδην τετελεσμένον ἄγγελον εἶναι,",tlg0013.tlg004.perseus-grc2.xml
Hymn 4,tlg004,1,573,ὅς τʼ ἄδοτός περ ἐὼν δώσει γέρας οὐκ ἐλάχιστον.,ὅς τ’ ἄδοτός περ ἐὼν δώσει γέρας οὐκ ἐλάχιστον.,tlg0013.tlg004.perseus-grc2.xml
Hymn 4,tlg004,1,574,οὕτω Μαιάδος υἱὸν ἄναξ ἐφίλησεν Ἀπόλλων,οὕτω Μαιάδος υἱὸν ἄναξ ἐφίλησεν Ἀπόλλων,tlg0013.tlg004.perseus-grc2.xml
Hymn 4,tlg004,1,575,παντοίῃ φιλότητι· χάριν δʼ ἐπέθηκε Κρονίων.,παντοίῃ φιλότητι· χάριν δ’ ἐπέθηκε Κρονίων.,tlg0013.tlg004.perseus-grc2.xml
Hymn 4,tlg004,1,576,πᾶσι δʼ ὅ γε θνητοῖσι καὶ ἀθανάτοισιν ὁμιλεῖ.,πᾶσι δ’ ὅ γε θνητοῖσι καὶ ἀθανάτοισιν ὁμιλεῖ.,tlg0013.tlg004.perseus-grc2.xml
Hymn 4,tlg004,1,577,"παῦρα μὲν οὖν ὀνίνησι, τὸ δʼ ἄκριτον ἠπεροπεύει","παῦρα μὲν οὖν ὀνίνησι, τὸ δ’ ἄκριτον ἠπεροπεύει",tlg0013.tlg004.perseus-grc2.xml
Hymn 4,tlg004,1,578,νύκτα διʼ ὀρφναίην φῦλα θνητῶν ἀνθρώπων.,νύκτα δι’ ὀρφναίην φῦλα θνητῶν ἀνθρώπων.,tlg0013.tlg004.perseus-grc2.xml
Hymn 4,tlg004,1,579,"καὶ σὺ μὲν οὕτω χαῖρε, Διὸς καὶ Μαιάδος, υἱέ·","καὶ σὺ μὲν οὕτω χαῖρε, Διὸς καὶ Μαιάδος, υἱέ·",tlg0013.tlg004.perseus-grc2.xml
Hymn 4,tlg004,1,580,αὐτὰρ ἐγὼ καὶ σεῖο καὶ ἄλλης μνήσομʼ ἀοιδῆς.,αὐτὰρ ἐγὼ καὶ σεῖο καὶ ἄλλης μνήσομ’ ἀοιδῆς.,tlg0013.tlg004.perseus-grc2.xml
Hymn 5,tlg005,1,1,"μοῦσά μοι ἔννεπε ἔργα πολυχρύσου Ἀφροδίτης,","μοῦσά μοι ἔννεπε ἔργα πολυχρύσου Ἀφροδίτης,",tlg0013.tlg005.perseus-grc2.xml
Hymn 5,tlg005,1,2,"Κύπριδος, ἥτε θεοῖσιν ἐπὶ γλυκὺν ἵμερον ὦρσε","Κύπριδος, ἥτε θεοῖσιν ἐπὶ γλυκὺν ἵμερον ὦρσε",tlg0013.tlg005.perseus-grc2.xml
Hymn 5,tlg005,1,3,καί τʼ ἐδαμάσσατο φῦλα καταθνητῶν ἀνθρώπων,καί τ’ ἐδαμάσσατο φῦλα καταθνητῶν ἀνθρώπων,tlg0013.tlg005.perseus-grc2.xml
Hymn 5,tlg005,1,4,"οἰωνούς τε διιπετέας καὶ θηρία πάντα,","οἰωνούς τε διιπετέας καὶ θηρία πάντα,",tlg0013.tlg005.perseus-grc2.xml
Hymn 5,tlg005,1,5,ἠμὲν ὅσʼ ἤπειρος πολλὰ τρέφει ἠδʼ ὅσα πόντος·,ἠμὲν ὅσ’ ἤπειρος πολλὰ τρέφει ἠδ’ ὅσα πόντος·,tlg0013.tlg005.perseus-grc2.xml
Hymn 5,tlg005,1,6,πᾶσιν δʼ ἔργα μέμηλεν ἐυστεφάνου Κυθερείης.,πᾶσιν δ’ ἔργα μέμηλεν ἐυστεφάνου Κυθερείης.,tlg0013.tlg005.perseus-grc2.xml
Hymn 5,tlg005,1,7,τρισσὰς δʼ οὐ δύναται πεπιθεῖν φρένας οὐδʼ ἀπατῆσαι·,τρισσὰς δ’ οὐ δύναται πεπιθεῖν φρένας οὐδ’ ἀπατῆσαι·,tlg0013.tlg005.perseus-grc2.xml
Hymn 5,tlg005,1,8,"κούρην τʼ αἰγιόχοιο Διός, γλαυκῶπιν Ἀθήνην·","κούρην τ’ αἰγιόχοιο Διός, γλαυκῶπιν Ἀθήνην·",tlg0013.tlg005.perseus-grc2.xml
Hymn 5,tlg005,1,9,"οὐ γὰρ οἱ εὔαδεν ἔργα πολυχρύσου Ἀφροδίτης,","οὐ γὰρ οἱ εὔαδεν ἔργα πολυχρύσου Ἀφροδίτης,",tlg0013.tlg005.perseus-grc2.xml
Hymn 5,tlg005,1,10,ἀλλʼ ἄρα οἱ πόλεμοί τε ἅδον καὶ ἔργον Ἄρηος,ἀλλ’ ἄρα οἱ πόλεμοί τε ἅδον καὶ ἔργον Ἄρηος,tlg0013.tlg005.perseus-grc2.xml
Hymn 5,tlg005,1,11,ὑσμῖναί τε μάχαι τε καὶ ἀγλαὰ ἔργʼ ἀλεγύνειν.,ὑσμῖναί τε μάχαι τε καὶ ἀγλαὰ ἔργ’ ἀλεγύνειν.,tlg0013.tlg005.perseus-grc2.xml
Hymn 5,tlg005,1,12,πρώτη τέκτονας ἄνδρας ἐπιχθονίους ἐδίδαξε,πρώτη τέκτονας ἄνδρας ἐπιχθονίους ἐδίδαξε,tlg0013.tlg005.perseus-grc2.xml
Hymn 5,tlg005,1,13,ποιῆσαι σατίνας τε καὶ ἅρματα ποικίλα χαλκῷ.,ποιῆσαι σατίνας τε καὶ ἅρματα ποικίλα χαλκῷ.,tlg0013.tlg005.perseus-grc2.xml
Hymn 5,tlg005,1,14,ἣ δέ τε παρθενικὰς ἁπαλόχροας ἐν μεγάροισιν,ἣ δέ τε παρθενικὰς ἁπαλόχροας ἐν μεγάροισιν,tlg0013.tlg005.perseus-grc2.xml
Hymn 5,tlg005,1,15,ἀγλαὰ ἔργʼ ἐδίδαξεν ἐπὶ φρεσὶ θεῖσα ἑκάστῃ.,ἀγλαὰ ἔργ’ ἐδίδαξεν ἐπὶ φρεσὶ θεῖσα ἑκάστῃ.,tlg0013.tlg005.perseus-grc2.xml
Hymn 5,tlg005,1,16,"οὐδέ ποτʼ Ἀρτέμιδα χρυσηλάκατον, κελαδεινὴν","οὐδέ ποτ’ Ἀρτέμιδα χρυσηλάκατον, κελαδεινὴν",tlg0013.tlg005.perseus-grc2.xml
Hymn 5,tlg005,1,17,δάμναται ἐν φιλότητι φιλομμειδὴς Ἀφροδίτη.,δάμναται ἐν φιλότητι φιλομμειδὴς Ἀφροδίτη.,tlg0013.tlg005.perseus-grc2.xml
Hymn 5,tlg005,1,18,"καὶ γὰρ τῇ ἅδε τόξα καὶ οὔρεσι θῆρας ἐναίρειν,","καὶ γὰρ τῇ ἅδε τόξα καὶ οὔρεσι θῆρας ἐναίρειν,",tlg0013.tlg005.perseus-grc2.xml
Hymn 5,tlg005,1,19,φόρμιγγές τε χοροί τε διαπρύσιοί τʼ ὀλολυγαὶ,φόρμιγγές τε χοροί τε διαπρύσιοί τ’ ὀλολυγαὶ,tlg0013.tlg005.perseus-grc2.xml
Hymn 5,tlg005,1,20,ἄλσεά τε σκιόεντα δικαίων τε πτόλις ἀνδρῶν.,ἄλσεά τε σκιόεντα δικαίων τε πτόλις ἀνδρῶν.,tlg0013.tlg005.perseus-grc2.xml
Hymn 5,tlg005,1,21,"οὐδὲ μὲν αἰδοίῃ κούρῃ ἅδε ἔργʼ Ἀφροδίτης,","οὐδὲ μὲν αἰδοίῃ κούρῃ ἅδε ἔργ’ Ἀφροδίτης,",tlg0013.tlg005.perseus-grc2.xml
Hymn 5,tlg005,1,22,"Ἱστίῃ, ἣν πρώτην τέκετο Κρόνος ἀγκυλομήτης,","Ἱστίῃ, ἣν πρώτην τέκετο Κρόνος ἀγκυλομήτης,",tlg0013.tlg005.perseus-grc2.xml
Hymn 5,tlg005,1,23,"αὖτις δʼ ὁπλοτάτην, βουλῇ Διὸς αἰγιόχοιο,","αὖτις δ’ ὁπλοτάτην, βουλῇ Διὸς αἰγιόχοιο,",tlg0013.tlg005.perseus-grc2.xml
Hymn 5,tlg005,1,24,"πότνιαν, ἣν ἐμνῶντο Ποσειδάων καὶ Ἀπόλλων·","πότνιαν, ἣν ἐμνῶντο Ποσειδάων καὶ Ἀπόλλων·",tlg0013.tlg005.perseus-grc2.xml
Hymn 5,tlg005,1,25,"ἣ δὲ μαλʼ οὐκ ἔθελεν, ἀλλὰ στερεῶς ἀπέειπεν·","ἣ δὲ μαλ’ οὐκ ἔθελεν, ἀλλὰ στερεῶς ἀπέειπεν·",tlg0013.tlg005.perseus-grc2.xml
Hymn 5,tlg005,1,26,"ὤμοσε δὲ μέγαν ὅρκον, ὃ δὴ τετελεσμένος ἐστίν,","ὤμοσε δὲ μέγαν ὅρκον, ὃ δὴ τετελεσμένος ἐστίν,",tlg0013.tlg005.perseus-grc2.xml
Hymn 5,tlg005,1,27,"ἁψαμένη κεφαλῆς πατρὸς Διὸς αἰγιόχοιο,","ἁψαμένη κεφαλῆς πατρὸς Διὸς αἰγιόχοιο,",tlg0013.tlg005.perseus-grc2.xml
Hymn 5,tlg005,1,28,"παρθένος ἔσσεσθαι πάντʼ ἤματα, δῖα θεάων.","παρθένος ἔσσεσθαι πάντ’ ἤματα, δῖα θεάων.",tlg0013.tlg005.perseus-grc2.xml
Hymn 5,tlg005,1,29,τῇ δὲ πατὴρ Ζεὺς δῶκε καλὸν γέρας ἀντὶ γάμοιο,τῇ δὲ πατὴρ Ζεὺς δῶκε καλὸν γέρας ἀντὶ γάμοιο,tlg0013.tlg005.perseus-grc2.xml
Hymn 5,tlg005,1,30,καὶ τε μέσῳ οἴκῳ κατʼ ἄρʼ ἕζετο πῖαρ ἑλοῦσα.,καὶ τε μέσῳ οἴκῳ κατ’ ἄρ’ ἕζετο πῖαρ ἑλοῦσα.,tlg0013.tlg005.perseus-grc2.xml
Hymn 5,tlg005,1,31,πᾶσιν δʼ ἐν νηοῖσι θεῶν τιμάοχός ἐστι,πᾶσιν δ’ ἐν νηοῖσι θεῶν τιμάοχός ἐστι,tlg0013.tlg005.perseus-grc2.xml
Hymn 5,tlg005,1,32,καὶ παρὰ πᾶσι βροτοῖσι θεῶν πρέσβειρα τέτυκται.,καὶ παρὰ πᾶσι βροτοῖσι θεῶν πρέσβειρα τέτυκται.,tlg0013.tlg005.perseus-grc2.xml
Hymn 5,tlg005,1,33,τάων οὐ δύναται πεπιθεῖν φρένας οὐδʼ ἀπατῆσαι·,τάων οὐ δύναται πεπιθεῖν φρένας οὐδ’ ἀπατῆσαι·,tlg0013.tlg005.perseus-grc2.xml
Hymn 5,tlg005,1,34,τῶν δʼ ἄλλων οὔ πέρ τι πεφυγμένον ἔστʼ Ἀφροδίτην,τῶν δ’ ἄλλων οὔ πέρ τι πεφυγμένον ἔστ’ Ἀφροδίτην,tlg0013.tlg005.perseus-grc2.xml
Hymn 5,tlg005,1,35,οὔτε θεῶν μακάρων οὔτε θνητῶν ἀνθρώπων.,οὔτε θεῶν μακάρων οὔτε θνητῶν ἀνθρώπων.,tlg0013.tlg005.perseus-grc2.xml
Hymn 5,tlg005,1,36,"καί τε παρὲκ Ζηνὸς νόον ἤγαγε τερπικεραύνου,","καί τε παρὲκ Ζηνὸς νόον ἤγαγε τερπικεραύνου,",tlg0013.tlg005.perseus-grc2.xml
Hymn 5,tlg005,1,37,ὅστε μέγιστός τʼ ἐστὶ μεγίστης τʼ ἔμμορε τιμῆς.,ὅστε μέγιστός τ’ ἐστὶ μεγίστης τ’ ἔμμορε τιμῆς.,tlg0013.tlg005.perseus-grc2.xml
Hymn 5,tlg005,1,38,"καί τε τοῦ, εὖτʼ ἐθέλοι, πυκινὰς φρένας ἐξαπαφοῦσα","καί τε τοῦ, εὖτ’ ἐθέλοι, πυκινὰς φρένας ἐξαπαφοῦσα",tlg0013.tlg005.perseus-grc2.xml
Hymn 5,tlg005,1,39,"ῥηιδίως συνέμιξε καταθνητῇσι γυναιξίν,","ῥηιδίως συνέμιξε καταθνητῇσι γυναιξίν,",tlg0013.tlg005.perseus-grc2.xml
Hymn 5,tlg005,1,40,"Ἥρης ἐκλελαθοῦσα, κασιγνήτης ἀλόχου τε,","Ἥρης ἐκλελαθοῦσα, κασιγνήτης ἀλόχου τε,",tlg0013.tlg005.perseus-grc2.xml
Hymn 5,tlg005,1,41,ἣ μέγα εἶδος ἀρίστη ἐν ἀθανάτῃσι θεῇσι.,ἣ μέγα εἶδος ἀρίστη ἐν ἀθανάτῃσι θεῇσι.,tlg0013.tlg005.perseus-grc2.xml
Hymn 5,tlg005,1,42,κυδίστην δʼ ἄρα μιν τέκετο Κρόνος ἀγκυλομήτης,κυδίστην δ’ ἄρα μιν τέκετο Κρόνος ἀγκυλομήτης,tlg0013.tlg005.perseus-grc2.xml
Hymn 5,tlg005,1,43,μήτηρ τε Ῥείη· Ζεὺς δʼ ἄφθιτα μήδεα εἰδὼς,μήτηρ τε Ῥείη· Ζεὺς δ’ ἄφθιτα μήδεα εἰδὼς,tlg0013.tlg005.perseus-grc2.xml
Hymn 5,tlg005,1,44,αἰδοίην ἄλοχον ποιήσατο κέδνʼ εἰδυῖαν.,αἰδοίην ἄλοχον ποιήσατο κέδν’ εἰδυῖαν.,tlg0013.tlg005.perseus-grc2.xml
Hymn 5,tlg005,1,45,τῇ δὲ καὶ αὐτῇ Ζεὺς γλυκὺν ἵμερον ἔμβαλε θυμῷ,τῇ δὲ καὶ αὐτῇ Ζεὺς γλυκὺν ἵμερον ἔμβαλε θυμῷ,tlg0013.tlg005.perseus-grc2.xml
Hymn 5,tlg005,1,46,"ἀνδρὶ καταθνητῷ μιχθήμεναι, ὄφρα τάχιστα","ἀνδρὶ καταθνητῷ μιχθήμεναι, ὄφρα τάχιστα",tlg0013.tlg005.perseus-grc2.xml
Hymn 5,tlg005,1,47,"μηδʼ αὐτὴ βροτέης εὐνῆς ἀποεργμένη εἴη,","μηδ’ αὐτὴ βροτέης εὐνῆς ἀποεργμένη εἴη,",tlg0013.tlg005.perseus-grc2.xml
Hymn 5,tlg005,1,48,καί ποτʼ ἐπευξαμένη εἴπῃ μετὰ πᾶσι θεοῖσιν,καί ποτ’ ἐπευξαμένη εἴπῃ μετὰ πᾶσι θεοῖσιν,tlg0013.tlg005.perseus-grc2.xml
Hymn 5,tlg005,1,49,"ἡδὺ γελοιήσασα, φιλομμειδὴς Ἀφροδίτη,","ἡδὺ γελοιήσασα, φιλομμειδὴς Ἀφροδίτη,",tlg0013.tlg005.perseus-grc2.xml
Hymn 5,tlg005,1,50,"ὤς ῥα θεοὺς συνέμιξε καταθνητῇσι γυναιξί,","ὤς ῥα θεοὺς συνέμιξε καταθνητῇσι γυναιξί,",tlg0013.tlg005.perseus-grc2.xml
Hymn 5,tlg005,1,51,"καί τε καταθνητοὺς υἱεῖς τέκον ἀθανάτοισιν,","καί τε καταθνητοὺς υἱεῖς τέκον ἀθανάτοισιν,",tlg0013.tlg005.perseus-grc2.xml
Hymn 5,tlg005,1,52,ὥς τε θεὰς ἀνέμιξε καταθνητοῖς ἀνθρώποις.,ὥς τε θεὰς ἀνέμιξε καταθνητοῖς ἀνθρώποις.,tlg0013.tlg005.perseus-grc2.xml
Hymn 5,tlg005,1,53,"Ἀγχίσεω δʼ ἄρα οἱ γλυκὺν ἵμερον ἔμβαλε θυμῷ,","Ἀγχίσεω δ’ ἄρα οἱ γλυκὺν ἵμερον ἔμβαλε θυμῷ,",tlg0013.tlg005.perseus-grc2.xml
Hymn 5,tlg005,1,54,ὃς τότʼ ἐν ἀκροπόλοις ὄρεσιν πολυπιδάκου Ἴδης,ὃς τότ’ ἐν ἀκροπόλοις ὄρεσιν πολυπιδάκου Ἴδης,tlg0013.tlg005.perseus-grc2.xml
Hymn 5,tlg005,1,55,βουκολέεσκεν βοῦς δέμας ἀθανάτοισιν ἐοικώς.,βουκολέεσκεν βοῦς δέμας ἀθανάτοισιν ἐοικώς.,tlg0013.tlg005.perseus-grc2.xml
Hymn 5,tlg005,1,56,τὸν δὴ ἔπειτα ἰδοῦσα φιλομμειδὴς Ἀφροδίτη,τὸν δὴ ἔπειτα ἰδοῦσα φιλομμειδὴς Ἀφροδίτη,tlg0013.tlg005.perseus-grc2.xml
Hymn 5,tlg005,1,57,"ἠράσατʼ, ἔκπαγλος δὲ κατὰ φρένας ἵμερος εἷλεν.","ἠράσατ’, ἔκπαγλος δὲ κατὰ φρένας ἵμερος εἷλεν.",tlg0013.tlg005.perseus-grc2.xml
Hymn 5,tlg005,1,58,"ἐς Κύπρον δʼ ἐλθοῦσα θυώδεα νηὸν ἔδυνεν,","ἐς Κύπρον δ’ ἐλθοῦσα θυώδεα νηὸν ἔδυνεν,",tlg0013.tlg005.perseus-grc2.xml
Hymn 5,tlg005,1,59,ἐς Πάφον· ἔνθα δέ οἱ τέμενος βωμός τε θυώδης.,ἐς Πάφον· ἔνθα δέ οἱ τέμενος βωμός τε θυώδης.,tlg0013.tlg005.perseus-grc2.xml
Hymn 5,tlg005,1,60,ἐνθʼ ἥ γʼ εἰσελθοῦσα θύρας ἐπέθηκε φαεινάς·,ἐνθ’ ἥ γ’ εἰσελθοῦσα θύρας ἐπέθηκε φαεινάς·,tlg0013.tlg005.perseus-grc2.xml
Hymn 5,tlg005,1,61,ἔνθα δέ μιν Χάριτες λοῦσαν καὶ χρῖσαν ἐλαίῳ,ἔνθα δέ μιν Χάριτες λοῦσαν καὶ χρῖσαν ἐλαίῳ,tlg0013.tlg005.perseus-grc2.xml
Hymn 5,tlg005,1,62,"ἀμβρότῳ, οἷα θεοὺς ἐπενήνοθεν αἰὲν ἐόντας,","ἀμβρότῳ, οἷα θεοὺς ἐπενήνοθεν αἰὲν ἐόντας,",tlg0013.tlg005.perseus-grc2.xml
Hymn 5,tlg005,1,63,"ἀμβροσίῳ ἑδανῷ, τό ῥά οἱ τεθυωμένον ἦεν.","ἀμβροσίῳ ἑδανῷ, τό ῥά οἱ τεθυωμένον ἦεν.",tlg0013.tlg005.perseus-grc2.xml
Hymn 5,tlg005,1,64,ἑσσαμένη δʼ εὖ πάντα περὶ χροῒ εἵματα καλὰ,ἑσσαμένη δ’ εὖ πάντα περὶ χροῒ εἵματα καλὰ,tlg0013.tlg005.perseus-grc2.xml
Hymn 5,tlg005,1,65,χρυσῷ κοσμηθεῖσα φιλομμειδὴς Ἀφροδίτη,χρυσῷ κοσμηθεῖσα φιλομμειδὴς Ἀφροδίτη,tlg0013.tlg005.perseus-grc2.xml
Hymn 5,tlg005,1,66,"σεύατʼ ἐπὶ Τροίης προλιποῦσʼ εὐώδεα Κύπρον,","σεύατ’ ἐπὶ Τροίης προλιποῦσ’ εὐώδεα Κύπρον,",tlg0013.tlg005.perseus-grc2.xml
Hymn 5,tlg005,1,67,ὕψι μετὰ νέφεσιν ῥίμφα πρήσσουσα κέλευθον.,ὕψι μετὰ νέφεσιν ῥίμφα πρήσσουσα κέλευθον.,tlg0013.tlg005.perseus-grc2.xml
Hymn 5,tlg005,1,68,"Ἴδην δʼ ἵκανεν πολυπίδακα, μητέρα θηρῶν,","Ἴδην δ’ ἵκανεν πολυπίδακα, μητέρα θηρῶν,",tlg0013.tlg005.perseus-grc2.xml
Hymn 5,tlg005,1,69,βῆ δʼ ἰθὺς σταθμοῖο διʼ οὔρεος· οἳ δὲ μετʼ αὐτὴν,βῆ δ’ ἰθὺς σταθμοῖο δι’ οὔρεος· οἳ δὲ μετ’ αὐτὴν,tlg0013.tlg005.perseus-grc2.xml
Hymn 5,tlg005,1,70,"σαίνοντες πολιοί τε λύκοι χαροποί τε λέοντες,","σαίνοντες πολιοί τε λύκοι χαροποί τε λέοντες,",tlg0013.tlg005.perseus-grc2.xml
Hymn 5,tlg005,1,71,ἄρκτοι παρδάλιές τε θοαὶ προκάδων ἀκόρητοι,ἄρκτοι παρδάλιές τε θοαὶ προκάδων ἀκόρητοι,tlg0013.tlg005.perseus-grc2.xml
Hymn 5,tlg005,1,72,ἤισαν· ἣ δʼ ὁρόωσα μετὰ φρεσὶ τέρπετο θυμὸν,ἤισαν· ἣ δ’ ὁρόωσα μετὰ φρεσὶ τέρπετο θυμὸν,tlg0013.tlg005.perseus-grc2.xml
Hymn 5,tlg005,1,73,καὶ τοῖς ἐν στήθεσσι βάλʼ ἵμερον· οἳ δʼ ἅμα πάντες,καὶ τοῖς ἐν στήθεσσι βάλ’ ἵμερον· οἳ δ’ ἅμα πάντες,tlg0013.tlg005.perseus-grc2.xml
Hymn 5,tlg005,1,74,σύνδυο κοιμήσαντο κατὰ σκιόεντας ἐναύλους·,σύνδυο κοιμήσαντο κατὰ σκιόεντας ἐναύλους·,tlg0013.tlg005.perseus-grc2.xml
Hymn 5,tlg005,1,75,αὐτὴ δʼ ἐς κλισίας εὐποιήτους ἀφίκανε·,αὐτὴ δ’ ἐς κλισίας εὐποιήτους ἀφίκανε·,tlg0013.tlg005.perseus-grc2.xml
Hymn 5,tlg005,1,76,τὸν δʼ εὗρε σταθμοῖσι λελειμμένον οἶον ἀπʼ ἄλλων,τὸν δ’ εὗρε σταθμοῖσι λελειμμένον οἶον ἀπ’ ἄλλων,tlg0013.tlg005.perseus-grc2.xml
Hymn 5,tlg005,1,77,"Ἀγχίσην ἥρωα, θεῶν ἄπο κάλλος ἔχοντα.","Ἀγχίσην ἥρωα, θεῶν ἄπο κάλλος ἔχοντα.",tlg0013.tlg005.perseus-grc2.xml
Hymn 5,tlg005,1,78,οἳ δʼ ἅμα βουσὶν ἕποντο νομοὺς κατὰ ποιήεντας,οἳ δ’ ἅμα βουσὶν ἕποντο νομοὺς κατὰ ποιήεντας,tlg0013.tlg005.perseus-grc2.xml
Hymn 5,tlg005,1,79,πάντες· ὃ δὲ σταθμοῖσι λελειμμένος οἶος ἀπʼ ἄλλων,πάντες· ὃ δὲ σταθμοῖσι λελειμμένος οἶος ἀπ’ ἄλλων,tlg0013.tlg005.perseus-grc2.xml
Hymn 5,tlg005,1,80,πωλεῖτʼ ἔνθα καὶ ἔνθα διαπρύσιον κιθαρίζων.,πωλεῖτ’ ἔνθα καὶ ἔνθα διαπρύσιον κιθαρίζων.,tlg0013.tlg005.perseus-grc2.xml
Hymn 5,tlg005,1,81,στῆ δʼ αὐτοῦ προπάροιθε Διὸς θυγάτηρ Ἀφροδίτη,στῆ δ’ αὐτοῦ προπάροιθε Διὸς θυγάτηρ Ἀφροδίτη,tlg0013.tlg005.perseus-grc2.xml
Hymn 5,tlg005,1,82,"παρθένῳ ἀδμήτῃ μέγεθος καὶ εἶδος ὁμοίη,","παρθένῳ ἀδμήτῃ μέγεθος καὶ εἶδος ὁμοίη,",tlg0013.tlg005.perseus-grc2.xml
Hymn 5,tlg005,1,83,μή μιν ταρβήσειεν ἐν ὀφθαλμοῖσι νοήσας.,μή μιν ταρβήσειεν ἐν ὀφθαλμοῖσι νοήσας.,tlg0013.tlg005.perseus-grc2.xml
Hymn 5,tlg005,1,84,Ἀγχίσης δʼ ὁρόων ἐφράζετο θαύμαινέν τε,Ἀγχίσης δ’ ὁρόων ἐφράζετο θαύμαινέν τε,tlg0013.tlg005.perseus-grc2.xml
Hymn 5,tlg005,1,85,εἶδός τε μέγεθός τε καὶ εἵματα σιγαλόεντα.,εἶδός τε μέγεθός τε καὶ εἵματα σιγαλόεντα.,tlg0013.tlg005.perseus-grc2.xml
Hymn 5,tlg005,1,86,"πέπλόν μὲν γὰρ ἕεστο φαεινότερον πυρὸς αὐγῆς,","πέπλόν μὲν γὰρ ἕεστο φαεινότερον πυρὸς αὐγῆς,",tlg0013.tlg005.perseus-grc2.xml
Hymn 5,tlg005,1,89,"καλόν, χρύσειον, παμποίκιλον· ὡς δὲ σελήνη","καλόν, χρύσειον, παμποίκιλον· ὡς δὲ σελήνη",tlg0013.tlg005.perseus-grc2.xml
Hymn 5,tlg005,1,90,"στήθεσιν ἀμφʼ ἁπαλοῖσιν ἐλάμπετο, θαῦμα ἰδέσθαι·","στήθεσιν ἀμφ’ ἁπαλοῖσιν ἐλάμπετο, θαῦμα ἰδέσθαι·",tlg0013.tlg005.perseus-grc2.xml
Hymn 5,tlg005,1,87,εἶχε δʼ ἐπιγναμπτὰς ἕλικας κάλυκάς τε φαεινάς·,εἶχε δ’ ἐπιγναμπτὰς ἕλικας κάλυκάς τε φαεινάς·,tlg0013.tlg005.perseus-grc2.xml
Hymn 5,tlg005,1,88,ὅρμοι δʼ ἀμφʼ ἁπαλῇ δειρῇ περικαλλέες ἦσαν.,ὅρμοι δ’ ἀμφ’ ἁπαλῇ δειρῇ περικαλλέες ἦσαν.,tlg0013.tlg005.perseus-grc2.xml
Hymn 5,tlg005,1,91,"Ἀγχίσην δʼ ἔρος εἷλεν, ἔπος δέ μιν ἀντίον ηὔδα·","Ἀγχίσην δ’ ἔρος εἷλεν, ἔπος δέ μιν ἀντίον ηὔδα·",tlg0013.tlg005.perseus-grc2.xml
Hymn 5,tlg005,1,92,"χαῖρε, ἄνασσʼ, ἥ τις μακάρων τάδε δώμαθʼ ἱκάνεις,","χαῖρε, ἄνασσ’, ἥ τις μακάρων τάδε δώμαθ’ ἱκάνεις,",tlg0013.tlg005.perseus-grc2.xml
Hymn 5,tlg005,1,93,Ἄρτεμις ἢ Λητὼ ἠὲ χρυσέη Ἀφροδίτη,Ἄρτεμις ἢ Λητὼ ἠὲ χρυσέη Ἀφροδίτη,tlg0013.tlg005.perseus-grc2.xml
Hymn 5,tlg005,1,94,"ἢ Θέμις ἠυγενὴς ἠὲ γλαυκῶπις Ἀθήνη,","ἢ Θέμις ἠυγενὴς ἠὲ γλαυκῶπις Ἀθήνη,",tlg0013.tlg005.perseus-grc2.xml
Hymn 5,tlg005,1,95,"ἤ πού τις Χαρίτων δεῦρʼ ἤλυθες, αἵτε θεοῖσι","ἤ πού τις Χαρίτων δεῦρ’ ἤλυθες, αἵτε θεοῖσι",tlg0013.tlg005.perseus-grc2.xml
Hymn 5,tlg005,1,96,"πᾶσιν ἑταιρίζουσι καὶ ἀθάνατοι καλέονται,","πᾶσιν ἑταιρίζουσι καὶ ἀθάνατοι καλέονται,",tlg0013.tlg005.perseus-grc2.xml
Hymn 5,tlg005,1,97,"ἤ τις Νυμφάων, αἵτʼ ἄλσεα καλὰ νέμονται","ἤ τις Νυμφάων, αἵτ’ ἄλσεα καλὰ νέμονται",tlg0013.tlg005.perseus-grc2.xml
Hymn 5,tlg005,1,98,"ἢ Νυμφῶν, αἳ καλὸν ὄρος τόδε ναιετάουσι","ἢ Νυμφῶν, αἳ καλὸν ὄρος τόδε ναιετάουσι",tlg0013.tlg005.perseus-grc2.xml
Hymn 5,tlg005,1,99,"καὶ πηγὰς ποταμῶν, καὶ πίσεα ποιήεντα.","καὶ πηγὰς ποταμῶν, καὶ πίσεα ποιήεντα.",tlg0013.tlg005.perseus-grc2.xml
Hymn 5,tlg005,1,100,"σοὶ δʼ ἐγὼ ἐν σκοπιῇ, περιφαινομένῳ ἐνὶ χώρῳ,","σοὶ δ’ ἐγὼ ἐν σκοπιῇ, περιφαινομένῳ ἐνὶ χώρῳ,",tlg0013.tlg005.perseus-grc2.xml
Hymn 5,tlg005,1,101,"βωμὸν ποιήσω, ῥέξω δέ τοι ἱερὰ καλὰ","βωμὸν ποιήσω, ῥέξω δέ τοι ἱερὰ καλὰ",tlg0013.tlg005.perseus-grc2.xml
Hymn 5,tlg005,1,102,ὥρῃσιν πάσῃσι. σὺ δʼ εὔφρονα θυμὸν ἔχουσα,ὥρῃσιν πάσῃσι. σὺ δ’ εὔφρονα θυμὸν ἔχουσα,tlg0013.tlg005.perseus-grc2.xml
Hymn 5,tlg005,1,103,"δός με μετὰ Τρώεσσιν ἀριπρεπέʼ ἔμμεναι ἄνδρα,","δός με μετὰ Τρώεσσιν ἀριπρεπέ’ ἔμμεναι ἄνδρα,",tlg0013.tlg005.perseus-grc2.xml
Hymn 5,tlg005,1,104,"ποίει δʼ ἐξοπίσω θαλερὸν γόνον, αὐτὰρ ἔμʼ αὐτὸν","ποίει δ’ ἐξοπίσω θαλερὸν γόνον, αὐτὰρ ἔμ’ αὐτὸν",tlg0013.tlg005.perseus-grc2.xml
Hymn 5,tlg005,1,105,"δηρὸν ἐὺ ζώειν καὶ ὁρᾶν φάος ἠελίοιο,","δηρὸν ἐὺ ζώειν καὶ ὁρᾶν φάος ἠελίοιο,",tlg0013.tlg005.perseus-grc2.xml
Hymn 5,tlg005,1,106,"ὄλβιον ἐν λαοῖς, καὶ γήραος οὐδὸν ἱκέσθαι.","ὄλβιον ἐν λαοῖς, καὶ γήραος οὐδὸν ἱκέσθαι.",tlg0013.tlg005.perseus-grc2.xml
Hymn 5,tlg005,1,107,τὸν δʼ ἠμείβετʼ ἔπειτα Διὸς θυγάτηρ Ἀφροδίτη·,τὸν δ’ ἠμείβετ’ ἔπειτα Διὸς θυγάτηρ Ἀφροδίτη·,tlg0013.tlg005.perseus-grc2.xml
Hymn 5,tlg005,1,108,"Ἀγχίση, κύδιστε χαμαιγενέων ἀνθρώπων,","Ἀγχίση, κύδιστε χαμαιγενέων ἀνθρώπων,",tlg0013.tlg005.perseus-grc2.xml
Hymn 5,tlg005,1,109,οὔ τίς τοι θεός εἰμι· τί μʼ ἀθανάτῃσιν ἐίσκεις;,οὔ τίς τοι θεός εἰμι· τί μ’ ἀθανάτῃσιν ἐίσκεις;,tlg0013.tlg005.perseus-grc2.xml
Hymn 5,tlg005,1,110,"ἀλλὰ καταθνητή τε, γυνὴ δέ με γείνατο μήτηρ.","ἀλλὰ καταθνητή τε, γυνὴ δέ με γείνατο μήτηρ.",tlg0013.tlg005.perseus-grc2.xml
Hymn 5,tlg005,1,111,"Ὀτρεὺς δʼ ἐστὶ πατὴρ ὀνομακλυτός, εἴ που ἀκούεις,","Ὀτρεὺς δ’ ἐστὶ πατὴρ ὀνομακλυτός, εἴ που ἀκούεις,",tlg0013.tlg005.perseus-grc2.xml
Hymn 5,tlg005,1,112,ὃς πάσης Φρυγίης εὐτειχήτοιο ἀνάσσει.,ὃς πάσης Φρυγίης εὐτειχήτοιο ἀνάσσει.,tlg0013.tlg005.perseus-grc2.xml
Hymn 5,tlg005,1,113,γλῶσσαν δʼ ὑμετέρην τε καὶ ἡμετέρην σάφα οἶδα.,γλῶσσαν δ’ ὑμετέρην τε καὶ ἡμετέρην σάφα οἶδα.,tlg0013.tlg005.perseus-grc2.xml
Hymn 5,tlg005,1,114,Τρῳὰς γὰρ μεγάρῳ με τροφὸς τρέφεν· ἣ δὲ διαπρὸ,Τρῳὰς γὰρ μεγάρῳ με τροφὸς τρέφεν· ἣ δὲ διαπρὸ,tlg0013.tlg005.perseus-grc2.xml
Hymn 5,tlg005,1,115,"σμικρὴν παῖδʼ ἀτίταλλε, φίλης παρὰ μητρὸς ἑλοῦσα.","σμικρὴν παῖδ’ ἀτίταλλε, φίλης παρὰ μητρὸς ἑλοῦσα.",tlg0013.tlg005.perseus-grc2.xml
Hymn 5,tlg005,1,116,ὣς δή τοι γλῶσσάν γε καὶ ὑμετέρην εὖ οἶδα.,ὣς δή τοι γλῶσσάν γε καὶ ὑμετέρην εὖ οἶδα.,tlg0013.tlg005.perseus-grc2.xml
Hymn 5,tlg005,1,117,νῦν δέ μʼ ἀνήρπαξε χρυσόρραπις Ἀργειφόντης,νῦν δέ μ’ ἀνήρπαξε χρυσόρραπις Ἀργειφόντης,tlg0013.tlg005.perseus-grc2.xml
Hymn 5,tlg005,1,118,"ἐκ χοροῦ Ἀρτέμιδος χρυσηλακάτου, κελαδεινῆς.","ἐκ χοροῦ Ἀρτέμιδος χρυσηλακάτου, κελαδεινῆς.",tlg0013.tlg005.perseus-grc2.xml
Hymn 5,tlg005,1,119,πολλαὶ δὲ νύμφαι καὶ παρθένοι ἀλφεσίβοιαι,πολλαὶ δὲ νύμφαι καὶ παρθένοι ἀλφεσίβοιαι,tlg0013.tlg005.perseus-grc2.xml
Hymn 5,tlg005,1,120,"παίζομεν, ἀμφὶ δʼ ὅμιλος ἀπείριτος ἐστεφάνωτο.","παίζομεν, ἀμφὶ δ’ ὅμιλος ἀπείριτος ἐστεφάνωτο.",tlg0013.tlg005.perseus-grc2.xml
Hymn 5,tlg005,1,121,ἔνθεν μʼ ἥρπαξε χρυσόρραπις Ἀργειφόντης·,ἔνθεν μ’ ἥρπαξε χρυσόρραπις Ἀργειφόντης·,tlg0013.tlg005.perseus-grc2.xml
Hymn 5,tlg005,1,122,"πολλὰ δʼ ἔπʼ ἤγαγεν ἔργα καταθνητῶν ἀνθρώπων,","πολλὰ δ’ ἔπ’ ἤγαγεν ἔργα καταθνητῶν ἀνθρώπων,",tlg0013.tlg005.perseus-grc2.xml
Hymn 5,tlg005,1,123,"πολλὴν δʼ ἄκληρόν τε καὶ ἄκτιτον, ἣν διὰ θῆρες","πολλὴν δ’ ἄκληρόν τε καὶ ἄκτιτον, ἣν διὰ θῆρες",tlg0013.tlg005.perseus-grc2.xml
Hymn 5,tlg005,1,124,ὠμοφάγοι φοιτῶσι κατὰ σκιόεντας ἐναύλους·,ὠμοφάγοι φοιτῶσι κατὰ σκιόεντας ἐναύλους·,tlg0013.tlg005.perseus-grc2.xml
Hymn 5,tlg005,1,125,οὐδὲ ποσὶ ψαύσειν ἐδόκουν φυσιζόου αἴης·,οὐδὲ ποσὶ ψαύσειν ἐδόκουν φυσιζόου αἴης·,tlg0013.tlg005.perseus-grc2.xml
Hymn 5,tlg005,1,126,Ἀγχίσεω δέ με φάσκε παραὶ λέχεσιν καλέεσθαι,Ἀγχίσεω δέ με φάσκε παραὶ λέχεσιν καλέεσθαι,tlg0013.tlg005.perseus-grc2.xml
Hymn 5,tlg005,1,127,"κουριδίην ἄλοχον, σοὶ δʼ ἀγλαὰ τέκνα τεκεῖσθαι.","κουριδίην ἄλοχον, σοὶ δ’ ἀγλαὰ τέκνα τεκεῖσθαι.",tlg0013.tlg005.perseus-grc2.xml
Hymn 5,tlg005,1,128,"αὐτὰρ ἐπεὶ δὴ δεῖξε καὶ ἔφρασεν, ἦ τοι ὅ γʼ αὖτις","αὐτὰρ ἐπεὶ δὴ δεῖξε καὶ ἔφρασεν, ἦ τοι ὅ γ’ αὖτις",tlg0013.tlg005.perseus-grc2.xml
Hymn 5,tlg005,1,129,ἀθανάτων μετὰ φῦλʼ ἀπέβη κρατὺς Ἀργειφόντης·,ἀθανάτων μετὰ φῦλ’ ἀπέβη κρατὺς Ἀργειφόντης·,tlg0013.tlg005.perseus-grc2.xml
Hymn 5,tlg005,1,130,"αὐτὰρ ἐγώ σʼ ἱκόμην, κρατερὴ δέ μοι ἔπλετʼ ἀνάγκη.","αὐτὰρ ἐγώ σ’ ἱκόμην, κρατερὴ δέ μοι ἔπλετ’ ἀνάγκη.",tlg0013.tlg005.perseus-grc2.xml
Hymn 5,tlg005,1,131,ἀλλά σε πρὸς Ζηνὸς γουνάζομαι ἠδὲ τοκήων,ἀλλά σε πρὸς Ζηνὸς γουνάζομαι ἠδὲ τοκήων,tlg0013.tlg005.perseus-grc2.xml
Hymn 5,tlg005,1,132,ἐσθλῶν· οὐ μὲν γάρ κε κακοὶ τοιόνδε τέκοιεν·,ἐσθλῶν· οὐ μὲν γάρ κε κακοὶ τοιόνδε τέκοιεν·,tlg0013.tlg005.perseus-grc2.xml
Hymn 5,tlg005,1,133,ἀδμήτην μʼ ἀγαγὼν καὶ ἀπειρήτην φιλότητος,ἀδμήτην μ’ ἀγαγὼν καὶ ἀπειρήτην φιλότητος,tlg0013.tlg005.perseus-grc2.xml
Hymn 5,tlg005,1,134,πατρί τε σῷ δεῖξον καὶ μητέρι κέδνʼ εἰδυίῃ,πατρί τε σῷ δεῖξον καὶ μητέρι κέδν’ εἰδυίῃ,tlg0013.tlg005.perseus-grc2.xml
Hymn 5,tlg005,1,135,"σοῖς τε κασιγνήτοις, οἵ τοι ὁμόθεν γεγάασιν.","σοῖς τε κασιγνήτοις, οἵ τοι ὁμόθεν γεγάασιν.",tlg0013.tlg005.perseus-grc2.xml
Hymn 5,tlg005,1,136,"οὔ σφιν ἀεικελίη νυὸς ἔσσομαι, ἀλλʼ εἰκυῖα.","οὔ σφιν ἀεικελίη νυὸς ἔσσομαι, ἀλλ’ εἰκυῖα.",tlg0013.tlg005.perseus-grc2.xml
Hymn 5,tlg005,1,137,πέμψαι δʼ ἄγγελον ὦκα μετὰ Φρύγας αἰολοπώλους,πέμψαι δ’ ἄγγελον ὦκα μετὰ Φρύγας αἰολοπώλους,tlg0013.tlg005.perseus-grc2.xml
Hymn 5,tlg005,1,138,εἰπεῖν πατρί τʼ ἐμῷ καὶ μητέρι κηδομένῃ περ·,εἰπεῖν πατρί τ’ ἐμῷ καὶ μητέρι κηδομένῃ περ·,tlg0013.tlg005.perseus-grc2.xml
Hymn 5,tlg005,1,139,οἳ δέ κε τοι χρυσόν τε ἅλις ἐσθῆτά θʼ ὑφαντὴν,οἳ δέ κε τοι χρυσόν τε ἅλις ἐσθῆτά θ’ ὑφαντὴν,tlg0013.tlg005.perseus-grc2.xml
Hymn 5,tlg005,1,140,πέμψουσιν· σὺ δὲ πολλὰ καὶ ἀγλαὰ δέχθαι ἄποινα.,πέμψουσιν· σὺ δὲ πολλὰ καὶ ἀγλαὰ δέχθαι ἄποινα.,tlg0013.tlg005.perseus-grc2.xml
Hymn 5,tlg005,1,141,"ταῦτα δὲ ποιήσας δαίνυ γάμον ἱμερόεντα,","ταῦτα δὲ ποιήσας δαίνυ γάμον ἱμερόεντα,",tlg0013.tlg005.perseus-grc2.xml
Hymn 5,tlg005,1,142,τίμιον ἀνθρώποισι καὶ ἀθανάτοισι θεοῖσιν.,τίμιον ἀνθρώποισι καὶ ἀθανάτοισι θεοῖσιν.,tlg0013.tlg005.perseus-grc2.xml
Hymn 5,tlg005,1,143,ὣς εἰποῦσα θεὰ γλυκὺν ἵμερον ἔμβαλε θυμῷ.,ὣς εἰποῦσα θεὰ γλυκὺν ἵμερον ἔμβαλε θυμῷ.,tlg0013.tlg005.perseus-grc2.xml
Hymn 5,tlg005,1,144,Ἀγχίσην δʼ ἔρος εἷλεν ἔπος τʼ ἔφατʼ ἔκ τʼ ὀνόμαζεν·,Ἀγχίσην δ’ ἔρος εἷλεν ἔπος τ’ ἔφατ’ ἔκ τ’ ὀνόμαζεν·,tlg0013.tlg005.perseus-grc2.xml
Hymn 5,tlg005,1,145,"εἰ μὲν θνητή τʼ ἐσσι, γυνὴ δέ σε γείνατο μήτηρ,","εἰ μὲν θνητή τ’ ἐσσι, γυνὴ δέ σε γείνατο μήτηρ,",tlg0013.tlg005.perseus-grc2.xml
Hymn 5,tlg005,1,146,"Ὀτρεὺς δʼ ἐστὶ πατὴρ ὀνομακλυτός, ὡς ἀγορεύεις,","Ὀτρεὺς δ’ ἐστὶ πατὴρ ὀνομακλυτός, ὡς ἀγορεύεις,",tlg0013.tlg005.perseus-grc2.xml
Hymn 5,tlg005,1,147,ἀθανάτου δὲ ἕκητι διακτόρου ἐνθάδʼ ἱκάνεις,ἀθανάτου δὲ ἕκητι διακτόρου ἐνθάδ’ ἱκάνεις,tlg0013.tlg005.perseus-grc2.xml
Hymn 5,tlg005,1,148,"Ἑρμέω, ἐμὴ δʼ ἄλοχος κεκλήσεαι ἤματα πάντα·","Ἑρμέω, ἐμὴ δ’ ἄλοχος κεκλήσεαι ἤματα πάντα·",tlg0013.tlg005.perseus-grc2.xml
Hymn 5,tlg005,1,149,οὔ τις ἔπειτα θεῶν οὔτε θνητῶν ἀνθρώπων,οὔ τις ἔπειτα θεῶν οὔτε θνητῶν ἀνθρώπων,tlg0013.tlg005.perseus-grc2.xml
Hymn 5,tlg005,1,150,"ἐνθάδε με σχήσει, πρὶν σῇ φιλότητι μιγῆναι","ἐνθάδε με σχήσει, πρὶν σῇ φιλότητι μιγῆναι",tlg0013.tlg005.perseus-grc2.xml
Hymn 5,tlg005,1,151,αὐτίκα νῦν· οὐδʼ εἴ κεν ἑκηβόλος αὐτὸς Ἀπόλλων,αὐτίκα νῦν· οὐδ’ εἴ κεν ἑκηβόλος αὐτὸς Ἀπόλλων,tlg0013.tlg005.perseus-grc2.xml
Hymn 5,tlg005,1,152,τόξου ἀπʼ ἀργυρέου προΐῃ βέλεα στονόεντα.,τόξου ἀπ’ ἀργυρέου προΐῃ βέλεα στονόεντα.,tlg0013.tlg005.perseus-grc2.xml
Hymn 5,tlg005,1,153,"βουλοίμην κεν ἔπειτα, γύναι ἐικυῖα θεῇσι,","βουλοίμην κεν ἔπειτα, γύναι ἐικυῖα θεῇσι,",tlg0013.tlg005.perseus-grc2.xml
Hymn 5,tlg005,1,154,σῆς εὐνῆς ἐπιβὰς δῦναι δόμον Ἄιδος εἴσω.,σῆς εὐνῆς ἐπιβὰς δῦναι δόμον Ἄιδος εἴσω.,tlg0013.tlg005.perseus-grc2.xml
Hymn 5,tlg005,1,155,ὣς εἰπὼν λάβε χεῖρα· φιλομμειδὴς δʼ Ἀφροδίτη,ὣς εἰπὼν λάβε χεῖρα· φιλομμειδὴς δ’ Ἀφροδίτη,tlg0013.tlg005.perseus-grc2.xml
Hymn 5,tlg005,1,156,ἕρπε μεταστρεφθεῖσα κατʼ ὄμματα καλὰ βαλοῦσα,ἕρπε μεταστρεφθεῖσα κατ’ ὄμματα καλὰ βαλοῦσα,tlg0013.tlg005.perseus-grc2.xml
Hymn 5,tlg005,1,157,"ἐς λέχος εὔστρωτον, ὅθι περ πάρος ἔσκεν ἄνακτι","ἐς λέχος εὔστρωτον, ὅθι περ πάρος ἔσκεν ἄνακτι",tlg0013.tlg005.perseus-grc2.xml
Hymn 5,tlg005,1,158,χλαίνῃσιν μαλακῇς ἐστρωμένον· αὐτὰρ ὕπερθεν,χλαίνῃσιν μαλακῇς ἐστρωμένον· αὐτὰρ ὕπερθεν,tlg0013.tlg005.perseus-grc2.xml
Hymn 5,tlg005,1,159,"ἄρκτων δέρματʼ ἔκειτο βαρυφθόγγων τε λεόντων,","ἄρκτων δέρματ’ ἔκειτο βαρυφθόγγων τε λεόντων,",tlg0013.tlg005.perseus-grc2.xml
Hymn 5,tlg005,1,160,τοὺς αὐτὸς κατέπεφνεν ἐν οὔρεσιν ὑψηλοῖσιν.,τοὺς αὐτὸς κατέπεφνεν ἐν οὔρεσιν ὑψηλοῖσιν.,tlg0013.tlg005.perseus-grc2.xml
Hymn 5,tlg005,1,161,"οἳ δʼ ἐπεὶ οὖν λεχέων εὐποιήτων ἐπέβησαν,","οἳ δ’ ἐπεὶ οὖν λεχέων εὐποιήτων ἐπέβησαν,",tlg0013.tlg005.perseus-grc2.xml
Hymn 5,tlg005,1,162,"κόσμον μέν οἱ πρῶτον ἀπὸ χροὸς εἷλε φαεινόν,","κόσμον μέν οἱ πρῶτον ἀπὸ χροὸς εἷλε φαεινόν,",tlg0013.tlg005.perseus-grc2.xml
Hymn 5,tlg005,1,163,πόρπας τε γναμπτάς θʼ ἕλικας κάλυκάς τε καὶ ὅρμους.,πόρπας τε γναμπτάς θ’ ἕλικας κάλυκάς τε καὶ ὅρμους.,tlg0013.tlg005.perseus-grc2.xml
Hymn 5,tlg005,1,164,λῦσε δέ οἱ ζώνην ἰδὲ εἵματα σιγαλόεντα,λῦσε δέ οἱ ζώνην ἰδὲ εἵματα σιγαλόεντα,tlg0013.tlg005.perseus-grc2.xml
Hymn 5,tlg005,1,165,ἔκδυε καὶ κατέθηκεν ἐπὶ θρόνου ἀργυροήλου,ἔκδυε καὶ κατέθηκεν ἐπὶ θρόνου ἀργυροήλου,tlg0013.tlg005.perseus-grc2.xml
Hymn 5,tlg005,1,166,Ἀγχίσης· ὃ δʼ ἔπειτα θεῶν ἰότητι καὶ αἴσῃ,Ἀγχίσης· ὃ δ’ ἔπειτα θεῶν ἰότητι καὶ αἴσῃ,tlg0013.tlg005.perseus-grc2.xml
Hymn 5,tlg005,1,167,"ἀθανάτῃ παρέλεκτο θεᾷ βροτός, οὐ σάφα εἰδώς.","ἀθανάτῃ παρέλεκτο θεᾷ βροτός, οὐ σάφα εἰδώς.",tlg0013.tlg005.perseus-grc2.xml
Hymn 5,tlg005,1,168,ἦμος δʼ ἂψ εἰς αὖλιν ἀποκλίνουσι νομῆες,ἦμος δ’ ἂψ εἰς αὖλιν ἀποκλίνουσι νομῆες,tlg0013.tlg005.perseus-grc2.xml
Hymn 5,tlg005,1,169,βοῦς τε καὶ ἴφια μῆλα νομῶν ἐξ ἀνθεμοέντων·,βοῦς τε καὶ ἴφια μῆλα νομῶν ἐξ ἀνθεμοέντων·,tlg0013.tlg005.perseus-grc2.xml
Hymn 5,tlg005,1,170,τῆμος ἄρʼ Ἀγχίσῃ μὲν ἐπὶ γλυκὺν ὕπνον ἔχευε,τῆμος ἄρ’ Ἀγχίσῃ μὲν ἐπὶ γλυκὺν ὕπνον ἔχευε,tlg0013.tlg005.perseus-grc2.xml
Hymn 5,tlg005,1,171,"νήδυμον, αὐτὴ δὲ χροῒ ἕννυτο εἵματα καλά.","νήδυμον, αὐτὴ δὲ χροῒ ἕννυτο εἵματα καλά.",tlg0013.tlg005.perseus-grc2.xml
Hymn 5,tlg005,1,172,ἑσσαμένη δʼ εὖ πάντα περὶ χροῒ δῖα θεάων,ἑσσαμένη δ’ εὖ πάντα περὶ χροῒ δῖα θεάων,tlg0013.tlg005.perseus-grc2.xml
Hymn 5,tlg005,1,173,"ἔστη πὰρ κλισίῃ, κεὐποιήτοιο μελάθρου","ἔστη πὰρ κλισίῃ, κεὐποιήτοιο μελάθρου",tlg0013.tlg005.perseus-grc2.xml
Hymn 5,tlg005,1,174,κῦρε κάρη· κάλλος δὲ παρειάων ἀπέλαμπεν,κῦρε κάρη· κάλλος δὲ παρειάων ἀπέλαμπεν,tlg0013.tlg005.perseus-grc2.xml
Hymn 5,tlg005,1,175,"ἄμβροτον, οἷόν τʼ ἐστὶν ἐυστεφάνου Κυθερείης,","ἄμβροτον, οἷόν τ’ ἐστὶν ἐυστεφάνου Κυθερείης,",tlg0013.tlg005.perseus-grc2.xml
Hymn 5,tlg005,1,176,ἐξ ὕπνου τʼ ἀνέγειρεν ἔπος τʼ ἔφατʼ ἔκ τʼ ὀνόμαζεν·,ἐξ ὕπνου τ’ ἀνέγειρεν ἔπος τ’ ἔφατ’ ἔκ τ’ ὀνόμαζεν·,tlg0013.tlg005.perseus-grc2.xml
Hymn 5,tlg005,1,177,"ὄρσεο, Δαρδανίδη· τί νυ νήγρετον ὕπνον ἰαύεις;","ὄρσεο, Δαρδανίδη· τί νυ νήγρετον ὕπνον ἰαύεις;",tlg0013.tlg005.perseus-grc2.xml
Hymn 5,tlg005,1,178,"καὶ φράσαι, εἴ τοι ὁμοίη ἐγὼν ἰνδάλλομαι εἶναι,","καὶ φράσαι, εἴ τοι ὁμοίη ἐγὼν ἰνδάλλομαι εἶναι,",tlg0013.tlg005.perseus-grc2.xml
Hymn 5,tlg005,1,179,οἵην δή με τὸ πρῶτον ἐν ὀφθαλμοῖσι νόησας;,οἵην δή με τὸ πρῶτον ἐν ὀφθαλμοῖσι νόησας;,tlg0013.tlg005.perseus-grc2.xml
Hymn 5,tlg005,1,180,ὣς φάθʼ· ὃ δʼ ἐξ ὕπνοιο μάλʼ ἐμμαπέως ὑπάκουσεν.,ὣς φάθ’· ὃ δ’ ἐξ ὕπνοιο μάλ’ ἐμμαπέως ὑπάκουσεν.,tlg0013.tlg005.perseus-grc2.xml
Hymn 5,tlg005,1,181,"ὡς δὲ ἴδεν δειρήν τε καὶ ὄμματα κάλʼ Ἀφροδίτης,","ὡς δὲ ἴδεν δειρήν τε καὶ ὄμματα κάλ’ Ἀφροδίτης,",tlg0013.tlg005.perseus-grc2.xml
Hymn 5,tlg005,1,182,τάρβησέν τε καὶ ὄσσε παρακλιδὸν ἔτραπεν ἄλλῃ·,τάρβησέν τε καὶ ὄσσε παρακλιδὸν ἔτραπεν ἄλλῃ·,tlg0013.tlg005.perseus-grc2.xml
Hymn 5,tlg005,1,183,ἂψ δʼ αὖτις χλαίνῃ τε καλύψατο καλὰ πρόσωπα,ἂψ δ’ αὖτις χλαίνῃ τε καλύψατο καλὰ πρόσωπα,tlg0013.tlg005.perseus-grc2.xml
Hymn 5,tlg005,1,184,καί μιν λισσόμενος ἔπεα πτερόεντα προσηύδα·,καί μιν λισσόμενος ἔπεα πτερόεντα προσηύδα·,tlg0013.tlg005.perseus-grc2.xml
Hymn 5,tlg005,1,185,"αὐτίκα σʼ ὡς τὰ πρῶτα, θεά, ἴδον ὀφθαλμοῖσιν,","αὐτίκα σ’ ὡς τὰ πρῶτα, θεά, ἴδον ὀφθαλμοῖσιν,",tlg0013.tlg005.perseus-grc2.xml
Hymn 5,tlg005,1,186,ἔγνων ὡς θεὸς ἦσθα· σὺ δʼ οὐ νημερτὲς ἔειπες.,ἔγνων ὡς θεὸς ἦσθα· σὺ δ’ οὐ νημερτὲς ἔειπες.,tlg0013.tlg005.perseus-grc2.xml
Hymn 5,tlg005,1,187,"ἀλλά σε πρὸς Ζηνὸς γουνάζομαι αἰγιόχοιο,","ἀλλά σε πρὸς Ζηνὸς γουνάζομαι αἰγιόχοιο,",tlg0013.tlg005.perseus-grc2.xml
Hymn 5,tlg005,1,188,μή με ζῶντʼ ἀμενηνὸν ἐν ἀνθρώποισιν ἐάσῃς,μή με ζῶντ’ ἀμενηνὸν ἐν ἀνθρώποισιν ἐάσῃς,tlg0013.tlg005.perseus-grc2.xml
Hymn 5,tlg005,1,189,"ναίειν, ἀλλʼ ἐλέαιρʼ· ἐπεὶ οὐ βιοθάλμιος ἀνὴρ","ναίειν, ἀλλ’ ἐλέαιρ’· ἐπεὶ οὐ βιοθάλμιος ἀνὴρ",tlg0013.tlg005.perseus-grc2.xml
Hymn 5,tlg005,1,190,"γίγνεται, ὅς τε θεαῖς εὐνάζεται ἀθανάτῃσι.","γίγνεται, ὅς τε θεαῖς εὐνάζεται ἀθανάτῃσι.",tlg0013.tlg005.perseus-grc2.xml
Hymn 5,tlg005,1,191,τὸν δʼ ἠμείβετʼ ἔπειτα Διὸς θυγάτηρ Ἀφροδίτη·,τὸν δ’ ἠμείβετ’ ἔπειτα Διὸς θυγάτηρ Ἀφροδίτη·,tlg0013.tlg005.perseus-grc2.xml
Hymn 5,tlg005,1,192,"Ἀγχίση, κύδιστε καταθνητῶν ἀνθρώπων,","Ἀγχίση, κύδιστε καταθνητῶν ἀνθρώπων,",tlg0013.tlg005.perseus-grc2.xml
Hymn 5,tlg005,1,193,"θάρσει, μηδέ τι σῇσι μετὰ φρεσὶ δείδιθι λίην·","θάρσει, μηδέ τι σῇσι μετὰ φρεσὶ δείδιθι λίην·",tlg0013.tlg005.perseus-grc2.xml
Hymn 5,tlg005,1,194,"οὐ γάρ τοί τι δέος παθέειν κακὸν ἐξ ἐμέθεν γε,","οὐ γάρ τοί τι δέος παθέειν κακὸν ἐξ ἐμέθεν γε,",tlg0013.tlg005.perseus-grc2.xml
Hymn 5,tlg005,1,195,οὐδʼ ἄλλων μακάρων· ἐπεὶ ἦ φίλος ἐσσὶ θεοῖσι.,οὐδ’ ἄλλων μακάρων· ἐπεὶ ἦ φίλος ἐσσὶ θεοῖσι.,tlg0013.tlg005.perseus-grc2.xml
Hymn 5,tlg005,1,196,"σοὶ δʼ ἔσται φίλος υἱός, ὃς ἐν Τρώεσσιν ἀνάξει","σοὶ δ’ ἔσται φίλος υἱός, ὃς ἐν Τρώεσσιν ἀνάξει",tlg0013.tlg005.perseus-grc2.xml
Hymn 5,tlg005,1,197,καὶ παῖδες παίδεσσι διαμπερὲς ἐκγεγάοντες·,καὶ παῖδες παίδεσσι διαμπερὲς ἐκγεγάοντες·,tlg0013.tlg005.perseus-grc2.xml
Hymn 5,tlg005,1,198,"τῷ δὲ καὶ Αἰνείας ὄνομʼ ἔσσεται, οὕνεκα μʼ αἰνὸν","τῷ δὲ καὶ Αἰνείας ὄνομ’ ἔσσεται, οὕνεκα μ’ αἰνὸν",tlg0013.tlg005.perseus-grc2.xml
Hymn 5,tlg005,1,199,"ἔσχεν ἄχος, ἕνεκα βροτοῦ ἀνέρος ἔμπεσον εὐνῇ·","ἔσχεν ἄχος, ἕνεκα βροτοῦ ἀνέρος ἔμπεσον εὐνῇ·",tlg0013.tlg005.perseus-grc2.xml
Hymn 5,tlg005,1,200,ἀγχίθεοι δὲ μάλιστα καταθνητῶν ἀνθρώπων,ἀγχίθεοι δὲ μάλιστα καταθνητῶν ἀνθρώπων,tlg0013.tlg005.perseus-grc2.xml
Hymn 5,tlg005,1,201,αἰεὶ ἀφʼ ὑμετέρης γενεῆς εἶδός τε φυήν τε.,αἰεὶ ἀφ’ ὑμετέρης γενεῆς εἶδός τε φυήν τε.,tlg0013.tlg005.perseus-grc2.xml
Hymn 5,tlg005,1,202,ἦ τοι μὲν ξανθὸν Γανυμήδεα μητιέτα Ζεὺς,ἦ τοι μὲν ξανθὸν Γανυμήδεα μητιέτα Ζεὺς,tlg0013.tlg005.perseus-grc2.xml
Hymn 5,tlg005,1,203,"ἥρπασε ὃν διὰ κάλλος, ἵνʼ ἀθανάτοισι μετείη","ἥρπασε ὃν διὰ κάλλος, ἵν’ ἀθανάτοισι μετείη",tlg0013.tlg005.perseus-grc2.xml
Hymn 5,tlg005,1,204,"καί τε Διὸς κατὰ δῶμα θεοῖς ἐπιοινοχοεύοι,","καί τε Διὸς κατὰ δῶμα θεοῖς ἐπιοινοχοεύοι,",tlg0013.tlg005.perseus-grc2.xml
Hymn 5,tlg005,1,205,"θαῦμα ἰδεῖν, πάντεσσι τετιμένος ἀθανάτοισι,","θαῦμα ἰδεῖν, πάντεσσι τετιμένος ἀθανάτοισι,",tlg0013.tlg005.perseus-grc2.xml
Hymn 5,tlg005,1,206,χρυσέου ἐκ κρητῆρος ἀφύσσων νέκταρ ἐρυθρόν.,χρυσέου ἐκ κρητῆρος ἀφύσσων νέκταρ ἐρυθρόν.,tlg0013.tlg005.perseus-grc2.xml
Hymn 5,tlg005,1,207,"Τρῶα δὲ πένθος ἄλαστον ἔχε φρένας, οὐδέ τι ᾔδει,","Τρῶα δὲ πένθος ἄλαστον ἔχε φρένας, οὐδέ τι ᾔδει,",tlg0013.tlg005.perseus-grc2.xml
Hymn 5,tlg005,1,208,ὅππη οἱ φίλον υἱὸν ἀνήρπασε θέσπις ἄελλα·,ὅππη οἱ φίλον υἱὸν ἀνήρπασε θέσπις ἄελλα·,tlg0013.tlg005.perseus-grc2.xml
Hymn 5,tlg005,1,209,τὸν δὴ ἔπειτα γόασκε διαμπερὲς ἤματα πάντα,τὸν δὴ ἔπειτα γόασκε διαμπερὲς ἤματα πάντα,tlg0013.tlg005.perseus-grc2.xml
Hymn 5,tlg005,1,210,"καί μιν Ζεὺς ἐλέησε, δίδου δέ οἱ υἷος ἄποινα,","καί μιν Ζεὺς ἐλέησε, δίδου δέ οἱ υἷος ἄποινα,",tlg0013.tlg005.perseus-grc2.xml
Hymn 5,tlg005,1,211,"ἵππους ἀρσίποδας, τοί τʼ ἀθανάτους φορέουσι.","ἵππους ἀρσίποδας, τοί τ’ ἀθανάτους φορέουσι.",tlg0013.tlg005.perseus-grc2.xml
Hymn 5,tlg005,1,212,τούς οἱ δῶρον ἔδωκεν ἔχειν· εἶπεν δὲ ἕκαστα,τούς οἱ δῶρον ἔδωκεν ἔχειν· εἶπεν δὲ ἕκαστα,tlg0013.tlg005.perseus-grc2.xml
Hymn 5,tlg005,1,213,"Ζηνὸς ἐφημοσύνῃσι διάκτορος Ἀργειφόντης,","Ζηνὸς ἐφημοσύνῃσι διάκτορος Ἀργειφόντης,",tlg0013.tlg005.perseus-grc2.xml
Hymn 5,tlg005,1,214,ὡς ἔοι ἀθάνατος καὶ ἀγήρως ἶσα θεοῖσιν.,ὡς ἔοι ἀθάνατος καὶ ἀγήρως ἶσα θεοῖσιν.,tlg0013.tlg005.perseus-grc2.xml
Hymn 5,tlg005,1,215,"αὐτὰρ ἐπειδὴ Ζηνὸς ὅ γʼ ἔκλυεν ἀγγελιάων,","αὐτὰρ ἐπειδὴ Ζηνὸς ὅ γ’ ἔκλυεν ἀγγελιάων,",tlg0013.tlg005.perseus-grc2.xml
Hymn 5,tlg005,1,216,"οὐκέτʼ ἔπειτα γόασκε, γεγήθει δὲ φρένας ἔνδον,","οὐκέτ’ ἔπειτα γόασκε, γεγήθει δὲ φρένας ἔνδον,",tlg0013.tlg005.perseus-grc2.xml
Hymn 5,tlg005,1,217,γηθόσυνος δʼ ἵπποισιν ἀελλοπόδεσσιν ὀχεῖτο.,γηθόσυνος δ’ ἵπποισιν ἀελλοπόδεσσιν ὀχεῖτο.,tlg0013.tlg005.perseus-grc2.xml
Hymn 5,tlg005,1,218,"ὣς δʼ αὖ Τιθωνὸν χρυσόθρονος ἥρπασεν Ἠώς,","ὣς δ’ αὖ Τιθωνὸν χρυσόθρονος ἥρπασεν Ἠώς,",tlg0013.tlg005.perseus-grc2.xml
Hymn 5,tlg005,1,219,"ὑμετέρης γενεῆς, ἐπιείκελον ἀθανάτοισι.","ὑμετέρης γενεῆς, ἐπιείκελον ἀθανάτοισι.",tlg0013.tlg005.perseus-grc2.xml
Hymn 5,tlg005,1,220,"Βῆ δʼ ἴμεν αἰτήσουσα κελαινεφέα Κρονίωνα,","Βῆ δ’ ἴμεν αἰτήσουσα κελαινεφέα Κρονίωνα,",tlg0013.tlg005.perseus-grc2.xml
Hymn 5,tlg005,1,221,ἀθάνατόν τʼ εἶναι καὶ ζώειν ἤματα πάντα·,ἀθάνατόν τ’ εἶναι καὶ ζώειν ἤματα πάντα·,tlg0013.tlg005.perseus-grc2.xml
Hymn 5,tlg005,1,222,τῇ δὲ Ζεὺς ἐπένευσε καὶ ἐκρήηνεν ἐέλδωρ.,τῇ δὲ Ζεὺς ἐπένευσε καὶ ἐκρήηνεν ἐέλδωρ.,tlg0013.tlg005.perseus-grc2.xml
Hymn 5,tlg005,1,223,"νηπίη, οὐδʼ ἐνόησε μετὰ φρεσὶ πότνια Ἠὼς","νηπίη, οὐδ’ ἐνόησε μετὰ φρεσὶ πότνια Ἠὼς",tlg0013.tlg005.perseus-grc2.xml
Hymn 5,tlg005,1,224,ἥβην αἰτῆσαι ξῦσαί τʼ ἄπο γῆρας ὀλοιόν.,ἥβην αἰτῆσαι ξῦσαί τ’ ἄπο γῆρας ὀλοιόν.,tlg0013.tlg005.perseus-grc2.xml
Hymn 5,tlg005,1,225,"τὸν δʼ ἦ τοι εἵως μὲν ἔχεν πολυήρατος ἥβη,","τὸν δ’ ἦ τοι εἵως μὲν ἔχεν πολυήρατος ἥβη,",tlg0013.tlg005.perseus-grc2.xml
Hymn 5,tlg005,1,226,"Ἠοῖ τερπόμενος χρυσοθρόνῳ, ἠριγενείῃ","Ἠοῖ τερπόμενος χρυσοθρόνῳ, ἠριγενείῃ",tlg0013.tlg005.perseus-grc2.xml
Hymn 5,tlg005,1,227,ναῖε παρʼ Ὠκεανοῖο ῥοῇς ἐπὶ πείρασι γαίης·,ναῖε παρ’ Ὠκεανοῖο ῥοῇς ἐπὶ πείρασι γαίης·,tlg0013.tlg005.perseus-grc2.xml
Hymn 5,tlg005,1,228,αὐτὰρ ἐπεὶ πρῶται πολιαὶ κατέχυντο ἔθειραι,αὐτὰρ ἐπεὶ πρῶται πολιαὶ κατέχυντο ἔθειραι,tlg0013.tlg005.perseus-grc2.xml
Hymn 5,tlg005,1,229,"καλῆς ἐκ κεφαλῆς εὐηγενέος τε γενείου,","καλῆς ἐκ κεφαλῆς εὐηγενέος τε γενείου,",tlg0013.tlg005.perseus-grc2.xml
Hymn 5,tlg005,1,230,"τοῦ δʼ ἦ τοι εὐνῆς μὲν ἀπείχετο πότνια Ἠώς,","τοῦ δ’ ἦ τοι εὐνῆς μὲν ἀπείχετο πότνια Ἠώς,",tlg0013.tlg005.perseus-grc2.xml
Hymn 5,tlg005,1,231,"αὐτὸν δʼ αὖτʼ ἀτίταλλεν ἐνὶ μεγάροισιν ἔχουσα,","αὐτὸν δ’ αὖτ’ ἀτίταλλεν ἐνὶ μεγάροισιν ἔχουσα,",tlg0013.tlg005.perseus-grc2.xml
Hymn 5,tlg005,1,232,σίτῳ τʼ ἀμβροσίῃ τε καὶ εἵματα καλὰ διδοῦσα.,σίτῳ τ’ ἀμβροσίῃ τε καὶ εἵματα καλὰ διδοῦσα.,tlg0013.tlg005.perseus-grc2.xml
Hymn 5,tlg005,1,233,"ἀλλʼ ὅτε δὴ πάμπαν στυγερὸν κατὰ γῆρας ἔπειγεν,","ἀλλ’ ὅτε δὴ πάμπαν στυγερὸν κατὰ γῆρας ἔπειγεν,",tlg0013.tlg005.perseus-grc2.xml
Hymn 5,tlg005,1,234,"οὐδέ τι κινῆσαι μελέων δύνατʼ οὐδʼ ἀναεῖραι,","οὐδέ τι κινῆσαι μελέων δύνατ’ οὐδ’ ἀναεῖραι,",tlg0013.tlg005.perseus-grc2.xml
Hymn 5,tlg005,1,235,ἥδε δέ οἱ κατὰ θυμὸν ἀρίστη φαίνετο βουλή·,ἥδε δέ οἱ κατὰ θυμὸν ἀρίστη φαίνετο βουλή·,tlg0013.tlg005.perseus-grc2.xml
Hymn 5,tlg005,1,236,"ἐν θαλάμῳ κατέθηκε, θύρας δʼ ἐπέθηκε φαεινάς.","ἐν θαλάμῳ κατέθηκε, θύρας δ’ ἐπέθηκε φαεινάς.",tlg0013.tlg005.perseus-grc2.xml
Hymn 5,tlg005,1,237,"τοῦ δʼ ἦ τοι φωνὴ ῥέει ἄσπετος, οὐδέ τι κῖκυς","τοῦ δ’ ἦ τοι φωνὴ ῥέει ἄσπετος, οὐδέ τι κῖκυς",tlg0013.tlg005.perseus-grc2.xml
Hymn 5,tlg005,1,238,"ἔσθʼ, οἵη πάρος ἔσκεν ἐνὶ γναμπτοῖσι μέλεσσιν.","ἔσθ’, οἵη πάρος ἔσκεν ἐνὶ γναμπτοῖσι μέλεσσιν.",tlg0013.tlg005.perseus-grc2.xml
Hymn 5,tlg005,1,239,οὐκ ἂν ἐγώ γε σὲ τοῖον ἐν ἀθανάτοισιν ἑλοίμην,οὐκ ἂν ἐγώ γε σὲ τοῖον ἐν ἀθανάτοισιν ἑλοίμην,tlg0013.tlg005.perseus-grc2.xml
Hymn 5,tlg005,1,240,ἀθάνατόν τʼ εἶναι καὶ ζώειν ἤματα πάντα.,ἀθάνατόν τ’ εἶναι καὶ ζώειν ἤματα πάντα.,tlg0013.tlg005.perseus-grc2.xml
Hymn 5,tlg005,1,241,ἀλλʼ εἰ μὲν τοιοῦτος ἐὼν εἶδός τε δέμας τε,ἀλλ’ εἰ μὲν τοιοῦτος ἐὼν εἶδός τε δέμας τε,tlg0013.tlg005.perseus-grc2.xml
Hymn 5,tlg005,1,242,"ζώοις ἡμέτερός τε πόσις κεκλημένος εἴης,","ζώοις ἡμέτερός τε πόσις κεκλημένος εἴης,",tlg0013.tlg005.perseus-grc2.xml
Hymn 5,tlg005,1,243,οὐκ ἂν ἔπειτά μʼ ἄχος πυκινὰς φρένας ἀμφικαλύπτοι.,οὐκ ἂν ἔπειτά μ’ ἄχος πυκινὰς φρένας ἀμφικαλύπτοι.,tlg0013.tlg005.perseus-grc2.xml
Hymn 5,tlg005,1,244,νῦν δέ σε μὲν τάχα γῆρας ὁμοίιον ἀμφικαλύψει,νῦν δέ σε μὲν τάχα γῆρας ὁμοίιον ἀμφικαλύψει,tlg0013.tlg005.perseus-grc2.xml
Hymn 5,tlg005,1,245,"νηλειές, τό τʼ ἔπειτα παρίσταται ἀνθρώποισιν,","νηλειές, τό τ’ ἔπειτα παρίσταται ἀνθρώποισιν,",tlg0013.tlg005.perseus-grc2.xml
Hymn 5,tlg005,1,246,"οὐλόμενον, καματηρόν, ὅτε στυγέουσι θεοί περ.","οὐλόμενον, καματηρόν, ὅτε στυγέουσι θεοί περ.",tlg0013.tlg005.perseus-grc2.xml
Hymn 5,tlg005,1,247,αὐτὰρ ἐμοὶ μέγʼ ὄνειδος ἐν ἀθανάτοισι θεοῖσιν,αὐτὰρ ἐμοὶ μέγ’ ὄνειδος ἐν ἀθανάτοισι θεοῖσιν,tlg0013.tlg005.perseus-grc2.xml
Hymn 5,tlg005,1,248,"ἔσσεται ἤματα πάντα διαμπερὲς εἵνεκα σεῖο,","ἔσσεται ἤματα πάντα διαμπερὲς εἵνεκα σεῖο,",tlg0013.tlg005.perseus-grc2.xml
Hymn 5,tlg005,1,249,"οἳ πρὶν ἐμοὺς ὀάρους καὶ μήτιας, αἷς ποτε πάντας","οἳ πρὶν ἐμοὺς ὀάρους καὶ μήτιας, αἷς ποτε πάντας",tlg0013.tlg005.perseus-grc2.xml
Hymn 5,tlg005,1,250,"ἀθανάτους συνέμιξα καταθνητῇσι γυναιξί,","ἀθανάτους συνέμιξα καταθνητῇσι γυναιξί,",tlg0013.tlg005.perseus-grc2.xml
Hymn 5,tlg005,1,251,τάρβεσκον· πάντας γὰρ ἐμὸν δάμνασκε νόημα.,τάρβεσκον· πάντας γὰρ ἐμὸν δάμνασκε νόημα.,tlg0013.tlg005.perseus-grc2.xml
Hymn 5,tlg005,1,252,νῦν δὲ δὴ οὐκέτι μοι στόμα χείσεται ἐξονομῆναι,νῦν δὲ δὴ οὐκέτι μοι στόμα χείσεται ἐξονομῆναι,tlg0013.tlg005.perseus-grc2.xml
Hymn 5,tlg005,1,253,"τοῦτο μετʼ ἀθανάτοισιν, ἐπεὶ μάλα πολλὸν ἀάσθην,","τοῦτο μετ’ ἀθανάτοισιν, ἐπεὶ μάλα πολλὸν ἀάσθην,",tlg0013.tlg005.perseus-grc2.xml
Hymn 5,tlg005,1,254,"σχέτλιον, οὐκ ὀνοταστόν, ἀπεπλάγχθην δὲ νόοιο,","σχέτλιον, οὐκ ὀνοταστόν, ἀπεπλάγχθην δὲ νόοιο,",tlg0013.tlg005.perseus-grc2.xml
Hymn 5,tlg005,1,255,παῖδα δʼ ὑπὸ ζώνῃ ἐθέμην βροτῷ εὐνηθεῖσα.,παῖδα δ’ ὑπὸ ζώνῃ ἐθέμην βροτῷ εὐνηθεῖσα.,tlg0013.tlg005.perseus-grc2.xml
Hymn 5,tlg005,1,256,"τὸν μέν, ἐπὴν δὴ πρῶτον ἴδῃ φάος ἠελίοιο,","τὸν μέν, ἐπὴν δὴ πρῶτον ἴδῃ φάος ἠελίοιο,",tlg0013.tlg005.perseus-grc2.xml
Hymn 5,tlg005,1,257,"Νύμφαι μιν θρέψουσιν ὀρεσκῷοι βαθύκολποι,","Νύμφαι μιν θρέψουσιν ὀρεσκῷοι βαθύκολποι,",tlg0013.tlg005.perseus-grc2.xml
Hymn 5,tlg005,1,258,αἳ τόδε ναιετάουσιν ὄρος μέγα τε ζάθεόν τε·,αἳ τόδε ναιετάουσιν ὄρος μέγα τε ζάθεόν τε·,tlg0013.tlg005.perseus-grc2.xml
Hymn 5,tlg005,1,259,αἵ ῥʼ οὔτε θνητοῖς οὔτʼ ἀθανάτοισιν ἕπονται.,αἵ ῥ’ οὔτε θνητοῖς οὔτ’ ἀθανάτοισιν ἕπονται.,tlg0013.tlg005.perseus-grc2.xml
Hymn 5,tlg005,1,260,δηρὸν μὲν ζώουσι καὶ ἄμβροτον εἶδαρ ἔδουσι,δηρὸν μὲν ζώουσι καὶ ἄμβροτον εἶδαρ ἔδουσι,tlg0013.tlg005.perseus-grc2.xml
Hymn 5,tlg005,1,261,καί τε μετʼ ἀθανάτοισι καλὸν χορὸν ἐρρώσαντο.,καί τε μετ’ ἀθανάτοισι καλὸν χορὸν ἐρρώσαντο.,tlg0013.tlg005.perseus-grc2.xml
Hymn 5,tlg005,1,262,τῇσι δὲ Σειληνοὶ καὶ ἐύσκοπος Ἀργειφόντης,τῇσι δὲ Σειληνοὶ καὶ ἐύσκοπος Ἀργειφόντης,tlg0013.tlg005.perseus-grc2.xml
Hymn 5,tlg005,1,263,μίσγοντʼ ἐν φιλότητι μυχῷ σπείων ἐροέντων.,μίσγοντ’ ἐν φιλότητι μυχῷ σπείων ἐροέντων.,tlg0013.tlg005.perseus-grc2.xml
Hymn 5,tlg005,1,264,τῇσι δʼ ἅμʼ ἢ ἐλάται ἠὲ δρύες ὑψικάρηνοι,τῇσι δ’ ἅμ’ ἢ ἐλάται ἠὲ δρύες ὑψικάρηνοι,tlg0013.tlg005.perseus-grc2.xml
Hymn 5,tlg005,1,265,"γεινομένῃσιν ἔφυσαν ἐπὶ χθονὶ βωτιανείρῃ,","γεινομένῃσιν ἔφυσαν ἐπὶ χθονὶ βωτιανείρῃ,",tlg0013.tlg005.perseus-grc2.xml
Hymn 5,tlg005,1,266,"καλαί, τηλεθάουσαι, ἐν οὔρεσιν ὑψηλοῖσιν.","καλαί, τηλεθάουσαι, ἐν οὔρεσιν ὑψηλοῖσιν.",tlg0013.tlg005.perseus-grc2.xml
Hymn 5,tlg005,1,267,"ἑστᾶσʼ ἠλίβατοι, τεμένη δέ ἑ κικλήσκουσιν","ἑστᾶσ’ ἠλίβατοι, τεμένη δέ ἑ κικλήσκουσιν",tlg0013.tlg005.perseus-grc2.xml
Hymn 5,tlg005,1,268,ἀθανάτων· τὰς δʼ οὔ τι βροτοὶ κείρουσι σιδήρῳ·,ἀθανάτων· τὰς δ’ οὔ τι βροτοὶ κείρουσι σιδήρῳ·,tlg0013.tlg005.perseus-grc2.xml
Hymn 5,tlg005,1,269,"ἀλλʼ ὅτε κεν δὴ μοῖρα παρεστήκῃ θανάτοιο,","ἀλλ’ ὅτε κεν δὴ μοῖρα παρεστήκῃ θανάτοιο,",tlg0013.tlg005.perseus-grc2.xml
Hymn 5,tlg005,1,270,"ἀζάνεται μὲν πρῶτον ἐπὶ χθονὶ δένδρεα καλά,","ἀζάνεται μὲν πρῶτον ἐπὶ χθονὶ δένδρεα καλά,",tlg0013.tlg005.perseus-grc2.xml
Hymn 5,tlg005,1,271,"φλοιὸς δʼ ἀμφιπεριφθινύθει, πίπτουσι δʼ ἄπʼ ὄζοι,","φλοιὸς δ’ ἀμφιπεριφθινύθει, πίπτουσι δ’ ἄπ’ ὄζοι,",tlg0013.tlg005.perseus-grc2.xml
Hymn 5,tlg005,1,272,τῶν δέ θʼ ὁμοῦ ψυχὴ λείπει φάος ἠελίοιο.,τῶν δέ θ’ ὁμοῦ ψυχὴ λείπει φάος ἠελίοιο.,tlg0013.tlg005.perseus-grc2.xml
Hymn 5,tlg005,1,273,αἳ μὲν ἐμὸν θρέψουσι παρὰ σφίσιν υἱὸν ἔχουσαι.,αἳ μὲν ἐμὸν θρέψουσι παρὰ σφίσιν υἱὸν ἔχουσαι.,tlg0013.tlg005.perseus-grc2.xml
Hymn 5,tlg005,1,274,"τὸν μὲν ἐπὴν δὴ πρῶτον ἕλῃ πολυήρατος ἥβη,","τὸν μὲν ἐπὴν δὴ πρῶτον ἕλῃ πολυήρατος ἥβη,",tlg0013.tlg005.perseus-grc2.xml
Hymn 5,tlg005,1,275,ἄξουσίν σοι δεῦρο θεαὶ δείξουσί τε παῖδα.,ἄξουσίν σοι δεῦρο θεαὶ δείξουσί τε παῖδα.,tlg0013.tlg005.perseus-grc2.xml
Hymn 5,tlg005,1,276,"σοὶ δʼ ἐγώ, ὄφρα κε ταῦτα μετὰ φρεσὶ πάντα διέλθω,","σοὶ δ’ ἐγώ, ὄφρα κε ταῦτα μετὰ φρεσὶ πάντα διέλθω,",tlg0013.tlg005.perseus-grc2.xml
Hymn 5,tlg005,1,277,ἐς πέμπτον ἔτος αὖτις ἐλεύσομαι υἱὸν ἄγουσα.,ἐς πέμπτον ἔτος αὖτις ἐλεύσομαι υἱὸν ἄγουσα.,tlg0013.tlg005.perseus-grc2.xml
Hymn 5,tlg005,1,278,"τὸν μὲν ἐπὴν δὴ πρῶτον ἴδῃς θάλος ὀφθαλμοῖσι,","τὸν μὲν ἐπὴν δὴ πρῶτον ἴδῃς θάλος ὀφθαλμοῖσι,",tlg0013.tlg005.perseus-grc2.xml
Hymn 5,tlg005,1,279,γηθήσεις ὁρόων· μάλα γὰρ θεοείκελος ἔσται·,γηθήσεις ὁρόων· μάλα γὰρ θεοείκελος ἔσται·,tlg0013.tlg005.perseus-grc2.xml
Hymn 5,tlg005,1,280,ἄξεις δʼ αὐτίκα νιν ποτὶ Ἴλιον ἠνεμόεσσαν.,ἄξεις δ’ αὐτίκα νιν ποτὶ Ἴλιον ἠνεμόεσσαν.,tlg0013.tlg005.perseus-grc2.xml
Hymn 5,tlg005,1,281,"ἢν δέ τις εἴρηταί σε καταθνητῶν ἀνθρώπων,","ἢν δέ τις εἴρηταί σε καταθνητῶν ἀνθρώπων,",tlg0013.tlg005.perseus-grc2.xml
Hymn 5,tlg005,1,282,"ἥ τις σοι φίλον υἱὸν ὑπὸ ζώνῃ θέτο μήτηρ,","ἥ τις σοι φίλον υἱὸν ὑπὸ ζώνῃ θέτο μήτηρ,",tlg0013.tlg005.perseus-grc2.xml
Hymn 5,tlg005,1,283,"τῷ δὲ σὺ μυθεῖσθαι μεμνημένος, ὥς σε κελεύω·","τῷ δὲ σὺ μυθεῖσθαι μεμνημένος, ὥς σε κελεύω·",tlg0013.tlg005.perseus-grc2.xml
Hymn 5,tlg005,1,284,"φάσθαι τοι Νύμφης καλυκώπιδος ἔκγονον εἶναι,","φάσθαι τοι Νύμφης καλυκώπιδος ἔκγονον εἶναι,",tlg0013.tlg005.perseus-grc2.xml
Hymn 5,tlg005,1,285,αἳ τόδε ναιετάουσιν ὄρος καταειμένον ὕλῃ.,αἳ τόδε ναιετάουσιν ὄρος καταειμένον ὕλῃ.,tlg0013.tlg005.perseus-grc2.xml
Hymn 5,tlg005,1,286,εἰ δέ κεν ἐξείπῃς καὶ ἐπεύξεαι ἄφρονι θυμῷ,εἰ δέ κεν ἐξείπῃς καὶ ἐπεύξεαι ἄφρονι θυμῷ,tlg0013.tlg005.perseus-grc2.xml
Hymn 5,tlg005,1,287,"ἐν φιλότητι μιγῆναι ἐυστεφάνῳ Κυθερείῃ,","ἐν φιλότητι μιγῆναι ἐυστεφάνῳ Κυθερείῃ,",tlg0013.tlg005.perseus-grc2.xml
Hymn 5,tlg005,1,288,Ζεύς σε χολωσάμενος βαλέει ψολόεντι κεραυνῷ.,Ζεύς σε χολωσάμενος βαλέει ψολόεντι κεραυνῷ.,tlg0013.tlg005.perseus-grc2.xml
Hymn 5,tlg005,1,289,"εἴρηταί τοι πάντα· σὺ δὲ φρεσὶ σῇσι νοήσας,","εἴρηταί τοι πάντα· σὺ δὲ φρεσὶ σῇσι νοήσας,",tlg0013.tlg005.perseus-grc2.xml
Hymn 5,tlg005,1,290,"ἴσχεο μηδʼ ὀνόμαινε, θεῶν δʼ ἐποπίζεο μῆνιν.","ἴσχεο μηδ’ ὀνόμαινε, θεῶν δ’ ἐποπίζεο μῆνιν.",tlg0013.tlg005.perseus-grc2.xml
Hymn 5,tlg005,1,291,ὣς εἰποῦσʼ ἤιξε πρὸς οὐρανὸν ἠνεμόεντα.,ὣς εἰποῦσ’ ἤιξε πρὸς οὐρανὸν ἠνεμόεντα.,tlg0013.tlg005.perseus-grc2.xml
Hymn 5,tlg005,1,292,"χαῖρε, θεά, Κύπροιο ἐυκτιμένης μεδέουσα·","χαῖρε, θεά, Κύπροιο ἐυκτιμένης μεδέουσα·",tlg0013.tlg005.perseus-grc2.xml
Hymn 5,tlg005,1,293,σεῦ δʼ ἐγὼ ἀρξάμενος μεταβήσομαι ἄλλον ἐς ὕμνον.,σεῦ δ’ ἐγὼ ἀρξάμενος μεταβήσομαι ἄλλον ἐς ὕμνον.,tlg0013.tlg005.perseus-grc2.xml
Hymn 6,tlg006,1,1,"αἰδοίην, χρυσοστέφανον, καλὴν Ἀφροδίτην","αἰδοίην, χρυσοστέφανον, καλὴν Ἀφροδίτην",tlg0013.tlg006.perseus-grc2.xml
Hymn 6,tlg006,1,2,"ᾄσομαι, ἣ πάσης Κύπρου κρήδεμνα λέλογχεν","ᾄσομαι, ἣ πάσης Κύπρου κρήδεμνα λέλογχεν",tlg0013.tlg006.perseus-grc2.xml
Hymn 6,tlg006,1,3,"εἰναλίης, ὅθι μιν Ζεφύρου μένος ὑγρὸν ἀέντος","εἰναλίης, ὅθι μιν Ζεφύρου μένος ὑγρὸν ἀέντος",tlg0013.tlg006.perseus-grc2.xml
Hymn 6,tlg006,1,4,ἤνεικεν κατὰ κῦμα πολυφλοίσβοιο θαλάσσης,ἤνεικεν κατὰ κῦμα πολυφλοίσβοιο θαλάσσης,tlg0013.tlg006.perseus-grc2.xml
Hymn 6,tlg006,1,5,ἀφρῷ ἔνι μαλακῷ· τὴν δὲ χρυσάμπυκες Ὧραι,ἀφρῷ ἔνι μαλακῷ· τὴν δὲ χρυσάμπυκες Ὧραι,tlg0013.tlg006.perseus-grc2.xml
Hymn 6,tlg006,1,6,"δέξαντ’ ἀσπασίως, περὶ δ’ ἄμβροτα εἵματα ἕσσαν·","δέξαντ’ ἀσπασίως, περὶ δ’ ἄμβροτα εἵματα ἕσσαν·",tlg0013.tlg006.perseus-grc2.xml
Hymn 6,tlg006,1,7,κρατὶ δ’ ἐπ’ ἀθανάτῳ στεφάνην εὔτυκτον ἔθηκαν,κρατὶ δ’ ἐπ’ ἀθανάτῳ στεφάνην εὔτυκτον ἔθηκαν,tlg0013.tlg006.perseus-grc2.xml
Hymn 6,tlg006,1,8,"καλήν, χρυσείην· ἐν δὲ τρητοῖσι λοβοῖσιν","καλήν, χρυσείην· ἐν δὲ τρητοῖσι λοβοῖσιν",tlg0013.tlg006.perseus-grc2.xml
Hymn 6,tlg006,1,9,ἄνθεμ’ ὀρειχάλκου χρυσοῖό τε τιμήεντος·,ἄνθεμ’ ὀρειχάλκου χρυσοῖό τε τιμήεντος·,tlg0013.tlg006.perseus-grc2.xml
Hymn 6,tlg006,1,10,δειρῇ δ’ ἀμφ’ ἁπαλῇ καὶ στήθεσιν ἀργυφέοισιν,δειρῇ δ’ ἀμφ’ ἁπαλῇ καὶ στήθεσιν ἀργυφέοισιν,tlg0013.tlg006.perseus-grc2.xml
Hymn 6,tlg006,1,11,"ὅρμοισι χρυσέοισιν ἐκόσμεον, οἷσί περ αὐταὶ","ὅρμοισι χρυσέοισιν ἐκόσμεον, οἷσί περ αὐταὶ",tlg0013.tlg006.perseus-grc2.xml
Hymn 6,tlg006,1,12,"Ὧραι κοσμείσθην χρυσάμπυκες, ὁππότ’ ἴοιεν","Ὧραι κοσμείσθην χρυσάμπυκες, ὁππότ’ ἴοιεν",tlg0013.tlg006.perseus-grc2.xml
Hymn 6,tlg006,1,13,ἐς χορὸν ἱμερόεντα θεῶν καὶ δώματα πατρός.,ἐς χορὸν ἱμερόεντα θεῶν καὶ δώματα πατρός.,tlg0013.tlg006.perseus-grc2.xml
Hymn 6,tlg006,1,14,"αὐτὰρ ἐπειδὴ πάντα περὶ χροῒ κόσμον ἔθηκαν,","αὐτὰρ ἐπειδὴ πάντα περὶ χροῒ κόσμον ἔθηκαν,",tlg0013.tlg006.perseus-grc2.xml
Hymn 6,tlg006,1,15,ἦγον ἐς ἀθανάτους· οἳ δ’ ἠσπάζοντο ἰδόντες,ἦγον ἐς ἀθανάτους· οἳ δ’ ἠσπάζοντο ἰδόντες,tlg0013.tlg006.perseus-grc2.xml
Hymn 6,tlg006,1,16,χερσί τ’ ἐδεξιόωντο καὶ ἠρήσαντο ἕκαστος,χερσί τ’ ἐδεξιόωντο καὶ ἠρήσαντο ἕκαστος,tlg0013.tlg006.perseus-grc2.xml
Hymn 6,tlg006,1,17,"εἶναι κουριδίην ἄλοχον καὶ οἴκαδ’ ἄγεσθαι,","εἶναι κουριδίην ἄλοχον καὶ οἴκαδ’ ἄγεσθαι,",tlg0013.tlg006.perseus-grc2.xml
Hymn 6,tlg006,1,18,εἶδος θαυμάζοντες ἰοστεφάνου Κυθερείης.,εἶδος θαυμάζοντες ἰοστεφάνου Κυθερείης.,tlg0013.tlg006.perseus-grc2.xml
Hymn 6,tlg006,1,19,"χαῖρ’ ἑλικοβλέφαρε, γλυκυμείλιχε· δὸς δ’ ἐν ἀγῶνι","χαῖρ’ ἑλικοβλέφαρε, γλυκυμείλιχε· δὸς δ’ ἐν ἀγῶνι",tlg0013.tlg006.perseus-grc2.xml
Hymn 6,tlg006,1,20,"νίκην τῷδε φέρεσθαι, ἐμὴν δ’ ἔντυνον ἀοιδήν.","νίκην τῷδε φέρεσθαι, ἐμὴν δ’ ἔντυνον ἀοιδήν.",tlg0013.tlg006.perseus-grc2.xml
Hymn 6,tlg006,1,21,αὐτὰρ ἐγὼ καὶ σεῖο καὶ ἄλλης μνήσομ’ ἀοιδῆς.,αὐτὰρ ἐγὼ καὶ σεῖο καὶ ἄλλης μνήσομ’ ἀοιδῆς.,tlg0013.tlg006.perseus-grc2.xml
Hymn 7,tlg007,1,1,"ἀμφὶ Διώνυσον, Σεμέλης ἐρικυδέος υἱόν,","ἀμφὶ Διώνυσον, Σεμέλης ἐρικυδέος υἱόν,",tlg0013.tlg007.perseus-grc2.xml
Hymn 7,tlg007,1,2,"μνήσομαι, ὡς ἐφάνη παρὰ θῖν’ ἁλὸς ἀτρυγέτοιο","μνήσομαι, ὡς ἐφάνη παρὰ θῖν’ ἁλὸς ἀτρυγέτοιο",tlg0013.tlg007.perseus-grc2.xml
Hymn 7,tlg007,1,3,"ἀκτῇ ἔπι προβλῆτι νεηνίῃ ἀνδρὶ ἐοικώς,","ἀκτῇ ἔπι προβλῆτι νεηνίῃ ἀνδρὶ ἐοικώς,",tlg0013.tlg007.perseus-grc2.xml
Hymn 7,tlg007,1,4,"πρωθήβῃ· καλαὶ δὲ περισσείοντο ἔθειραι,","πρωθήβῃ· καλαὶ δὲ περισσείοντο ἔθειραι,",tlg0013.tlg007.perseus-grc2.xml
Hymn 7,tlg007,1,5,"κυάνεαι, φᾶρος δὲ περὶ στιβαροῖς ἔχεν ὤμοις","κυάνεαι, φᾶρος δὲ περὶ στιβαροῖς ἔχεν ὤμοις",tlg0013.tlg007.perseus-grc2.xml
Hymn 7,tlg007,1,6,πορφύρεον· τάχα δ’ ἄνδρες ἐυσσέλμου ἀπὸ νηὸς,πορφύρεον· τάχα δ’ ἄνδρες ἐυσσέλμου ἀπὸ νηὸς,tlg0013.tlg007.perseus-grc2.xml
Hymn 7,tlg007,1,7,"ληισταὶ προγένοντο θοῶς ἐπὶ οἴνοπα πόντον,","ληισταὶ προγένοντο θοῶς ἐπὶ οἴνοπα πόντον,",tlg0013.tlg007.perseus-grc2.xml
Hymn 7,tlg007,1,8,Τυρσηνοί· τοὺς δ’ ἦγε κακὸς μόρος· οἳ δὲ ἰδόντες,Τυρσηνοί· τοὺς δ’ ἦγε κακὸς μόρος· οἳ δὲ ἰδόντες,tlg0013.tlg007.perseus-grc2.xml
Hymn 7,tlg007,1,9,"νεῦσαν ἐς ἀλλήλους, τάχα δ’ ἔκθορον. αἶψα δ’ ἑλόντες","νεῦσαν ἐς ἀλλήλους, τάχα δ’ ἔκθορον. αἶψα δ’ ἑλόντες",tlg0013.tlg007.perseus-grc2.xml
Hymn 7,tlg007,1,10,εἷσαν ἐπὶ σφετέρης νηὸς κεχαρημένοι ἦτορ.,εἷσαν ἐπὶ σφετέρης νηὸς κεχαρημένοι ἦτορ.,tlg0013.tlg007.perseus-grc2.xml
Hymn 7,tlg007,1,11,υἱὸν γάρ μιν ἔφαντο διοτρεφέων βασιλήων,υἱὸν γάρ μιν ἔφαντο διοτρεφέων βασιλήων,tlg0013.tlg007.perseus-grc2.xml
Hymn 7,tlg007,1,12,εἶναι καὶ δεσμοῖς ἔθελον δεῖν ἀργαλέοισι.,εἶναι καὶ δεσμοῖς ἔθελον δεῖν ἀργαλέοισι.,tlg0013.tlg007.perseus-grc2.xml
Hymn 7,tlg007,1,13,"τὸν δ’ οὐκ ἴσχανε δεσμά, λύγοι δ’ ἀπὸ τηλόσε πῖπτον","τὸν δ’ οὐκ ἴσχανε δεσμά, λύγοι δ’ ἀπὸ τηλόσε πῖπτον",tlg0013.tlg007.perseus-grc2.xml
Hymn 7,tlg007,1,14,χειρῶν ἠδὲ ποδῶν· ὃ δὲ μειδιάων ἐκάθητο,χειρῶν ἠδὲ ποδῶν· ὃ δὲ μειδιάων ἐκάθητο,tlg0013.tlg007.perseus-grc2.xml
Hymn 7,tlg007,1,15,ὄμμασι κυανέοισι· κυβερνήτης δὲ νοήσας,ὄμμασι κυανέοισι· κυβερνήτης δὲ νοήσας,tlg0013.tlg007.perseus-grc2.xml
Hymn 7,tlg007,1,16,αὐτίκα οἷς ἑτάροισιν ἐκέκλετο φώνησέν τε·,αὐτίκα οἷς ἑτάροισιν ἐκέκλετο φώνησέν τε·,tlg0013.tlg007.perseus-grc2.xml
Hymn 7,tlg007,1,17,"δαιμόνιοι, τίνα τόνδε θεὸν δεσμεύεθ’ ἑλόντες,","δαιμόνιοι, τίνα τόνδε θεὸν δεσμεύεθ’ ἑλόντες,",tlg0013.tlg007.perseus-grc2.xml
Hymn 7,tlg007,1,18,καρτερόν; οὐδὲ φέρειν δύναταί μιν νηῦς εὐεργής.,καρτερόν; οὐδὲ φέρειν δύναταί μιν νηῦς εὐεργής.,tlg0013.tlg007.perseus-grc2.xml
Hymn 7,tlg007,1,19,ἢ γὰρ Ζεὺς ὅδε γ’ ἐστὶν ἢ ἀργυρότοξος Ἀπόλλων,ἢ γὰρ Ζεὺς ὅδε γ’ ἐστὶν ἢ ἀργυρότοξος Ἀπόλλων,tlg0013.tlg007.perseus-grc2.xml
Hymn 7,tlg007,1,20,ἠὲ Ποσειδάων· ἐπεὶ οὐ θνητοῖσι βροτοῖσιν,ἠὲ Ποσειδάων· ἐπεὶ οὐ θνητοῖσι βροτοῖσιν,tlg0013.tlg007.perseus-grc2.xml
Hymn 7,tlg007,1,21,"εἴκελος, ἀλλὰ θεοῖς, οἳ Ὀλύμπια δώματ’ ἔχουσιν.","εἴκελος, ἀλλὰ θεοῖς, οἳ Ὀλύμπια δώματ’ ἔχουσιν.",tlg0013.tlg007.perseus-grc2.xml
Hymn 7,tlg007,1,22,"ἀλλ’ ἄγετ’, αὐτὸν ἀφῶμεν ἐπ’ ἠπείροιο μελαίνης","ἀλλ’ ἄγετ’, αὐτὸν ἀφῶμεν ἐπ’ ἠπείροιο μελαίνης",tlg0013.tlg007.perseus-grc2.xml
Hymn 7,tlg007,1,23,"αὐτίκα· μηδ’ ἐπὶ χεῖρας ἰάλλετε, μή τι χολωθεὶς","αὐτίκα· μηδ’ ἐπὶ χεῖρας ἰάλλετε, μή τι χολωθεὶς",tlg0013.tlg007.perseus-grc2.xml
Hymn 7,tlg007,1,24,ὄρσῃ ἔπ’ ἀργαλέους τ’ ἀνέμους καὶ λαίλαπα πολλήν.,ὄρσῃ ἔπ’ ἀργαλέους τ’ ἀνέμους καὶ λαίλαπα πολλήν.,tlg0013.tlg007.perseus-grc2.xml
Hymn 7,tlg007,1,25,Ὣς φάτο· τὸν δ’ ἀρχὸς στυγερῷ ἠνίπαπε μύθῳ·,Ὣς φάτο· τὸν δ’ ἀρχὸς στυγερῷ ἠνίπαπε μύθῳ·,tlg0013.tlg007.perseus-grc2.xml
Hymn 7,tlg007,1,26,"δαιμόνι’, οὖρον ὅρα, ἅμα δ’ ἱστίον ἕλκεο νηὸς","δαιμόνι’, οὖρον ὅρα, ἅμα δ’ ἱστίον ἕλκεο νηὸς",tlg0013.tlg007.perseus-grc2.xml
Hymn 7,tlg007,1,27,σύμπανθ’ ὅπλα λαβών· ὅδε δ’ αὖτ’ ἄνδρεσσι μελήσει.,σύμπανθ’ ὅπλα λαβών· ὅδε δ’ αὖτ’ ἄνδρεσσι μελήσει.,tlg0013.tlg007.perseus-grc2.xml
Hymn 7,tlg007,1,28,"ἔλπομαι, ἢ Αἴγυπτον ἀφίξεται ἢ ὅ γε Κύπρον","ἔλπομαι, ἢ Αἴγυπτον ἀφίξεται ἢ ὅ γε Κύπρον",tlg0013.tlg007.perseus-grc2.xml
Hymn 7,tlg007,1,29,ἢ ἐς Ὑπερβορέους ἢ ἑκαστέρω· ἐς δὲ τελευτὴν,ἢ ἐς Ὑπερβορέους ἢ ἑκαστέρω· ἐς δὲ τελευτὴν,tlg0013.tlg007.perseus-grc2.xml
Hymn 7,tlg007,1,30,ἔκ ποτ’ ἐρεῖ αὐτοῦ τε φίλους καὶ κτήματα πάντα,ἔκ ποτ’ ἐρεῖ αὐτοῦ τε φίλους καὶ κτήματα πάντα,tlg0013.tlg007.perseus-grc2.xml
Hymn 7,tlg007,1,31,"οὕς τε κασιγνήτους, ἐπεὶ ἡμῖν ἔμβαλε δαίμων.","οὕς τε κασιγνήτους, ἐπεὶ ἡμῖν ἔμβαλε δαίμων.",tlg0013.tlg007.perseus-grc2.xml
Hymn 7,tlg007,1,32,ὣς εἰπὼν ἱστόν τε καὶ ἱστίον ἕλκετο νηός.,ὣς εἰπὼν ἱστόν τε καὶ ἱστίον ἕλκετο νηός.,tlg0013.tlg007.perseus-grc2.xml
Hymn 7,tlg007,1,33,ἔμπνευσεν δ’ ἄνεμος μέσον ἱστίον· ἀμφὶ δ’ ἄρ’ ὅπλα,ἔμπνευσεν δ’ ἄνεμος μέσον ἱστίον· ἀμφὶ δ’ ἄρ’ ὅπλα,tlg0013.tlg007.perseus-grc2.xml
Hymn 7,tlg007,1,34,καττάνυσαν· τάχα δέ σφιν ἐφαίνετο θαυματὰ ἔργα.,καττάνυσαν· τάχα δέ σφιν ἐφαίνετο θαυματὰ ἔργα.,tlg0013.tlg007.perseus-grc2.xml
Hymn 7,tlg007,1,35,οἶνος μὲν πρώτιστα θοὴν ἀνὰ νῆα μέλαιναν,οἶνος μὲν πρώτιστα θοὴν ἀνὰ νῆα μέλαιναν,tlg0013.tlg007.perseus-grc2.xml
Hymn 7,tlg007,1,36,"ἡδύποτος κελάρυζ’ εὐώδης, ὤρνυτο δ’ ὀδμὴ","ἡδύποτος κελάρυζ’ εὐώδης, ὤρνυτο δ’ ὀδμὴ",tlg0013.tlg007.perseus-grc2.xml
Hymn 7,tlg007,1,37,ἀμβροσίη· ναύτας δὲ τάφος λάβε πάντας ἰδόντας.,ἀμβροσίη· ναύτας δὲ τάφος λάβε πάντας ἰδόντας.,tlg0013.tlg007.perseus-grc2.xml
Hymn 7,tlg007,1,38,αὐτίκα δ’ ἀκρότατον παρὰ ἱστίον ἐξετανύσθη,αὐτίκα δ’ ἀκρότατον παρὰ ἱστίον ἐξετανύσθη,tlg0013.tlg007.perseus-grc2.xml
Hymn 7,tlg007,1,39,"ἄμπελος ἔνθα καὶ ἔνθα, κατεκρημνῶντο δὲ πολλοὶ","ἄμπελος ἔνθα καὶ ἔνθα, κατεκρημνῶντο δὲ πολλοὶ",tlg0013.tlg007.perseus-grc2.xml
Hymn 7,tlg007,1,40,"βότρυες· ἀμφ’ ἱστὸν δὲ μέλας εἱλίσσετο κισσός,","βότρυες· ἀμφ’ ἱστὸν δὲ μέλας εἱλίσσετο κισσός,",tlg0013.tlg007.perseus-grc2.xml
Hymn 7,tlg007,1,41,"ἄνθεσι τηλεθάων, χαρίεις δ’ ἐπὶ καρπὸς ὀρώρει·","ἄνθεσι τηλεθάων, χαρίεις δ’ ἐπὶ καρπὸς ὀρώρει·",tlg0013.tlg007.perseus-grc2.xml
Hymn 7,tlg007,1,42,"πάντες δὲ σκαλμοὶ στεφάνους ἔχον· οἳ δὲ ἰδόντες,","πάντες δὲ σκαλμοὶ στεφάνους ἔχον· οἳ δὲ ἰδόντες,",tlg0013.tlg007.perseus-grc2.xml
Hymn 7,tlg007,1,43,νῆ’ ἤδη τότ’ ἔπειτα κυβερνήτην ἐκέλευον,νῆ’ ἤδη τότ’ ἔπειτα κυβερνήτην ἐκέλευον,tlg0013.tlg007.perseus-grc2.xml
Hymn 7,tlg007,1,44,γῇ πελάαν· ὃ δ’ ἄρα σφι λέων γένετ’ ἔνδοθι νηὸς,γῇ πελάαν· ὃ δ’ ἄρα σφι λέων γένετ’ ἔνδοθι νηὸς,tlg0013.tlg007.perseus-grc2.xml
Hymn 7,tlg007,1,45,"δεινὸς ἐπ’ ἀκροτάτης, μέγα δ’ ἔβραχεν, ἐν δ’ ἄρα μέσσῃ","δεινὸς ἐπ’ ἀκροτάτης, μέγα δ’ ἔβραχεν, ἐν δ’ ἄρα μέσσῃ",tlg0013.tlg007.perseus-grc2.xml
Hymn 7,tlg007,1,46,"ἄρκτον ἐποίησεν λασιαύχενα, σήματα φαίνων·","ἄρκτον ἐποίησεν λασιαύχενα, σήματα φαίνων·",tlg0013.tlg007.perseus-grc2.xml
Hymn 7,tlg007,1,47,ἂν δ’ ἔστη μεμαυῖα· λέων δ’ ἐπὶ σέλματος ἄκρου,ἂν δ’ ἔστη μεμαυῖα· λέων δ’ ἐπὶ σέλματος ἄκρου,tlg0013.tlg007.perseus-grc2.xml
Hymn 7,tlg007,1,48,"δεινὸν ὑπόδρα ἰδών· οἳ δ’ ἐς πρύμνην ἐφόβηθεν,","δεινὸν ὑπόδρα ἰδών· οἳ δ’ ἐς πρύμνην ἐφόβηθεν,",tlg0013.tlg007.perseus-grc2.xml
Hymn 7,tlg007,1,49,ἀμφὶ κυβερνήτην δὲ σαόφρονα θυμὸν ἔχοντα,ἀμφὶ κυβερνήτην δὲ σαόφρονα θυμὸν ἔχοντα,tlg0013.tlg007.perseus-grc2.xml
Hymn 7,tlg007,1,50,ἔσταν ἄρ’ ἐκπληγέντες· ὃ δ’ ἐξαπίνης ἐπορούσας,ἔσταν ἄρ’ ἐκπληγέντες· ὃ δ’ ἐξαπίνης ἐπορούσας,tlg0013.tlg007.perseus-grc2.xml
Hymn 7,tlg007,1,51,"ἀρχὸν ἕλ’, οἳ δὲ θύραζε κακὸν μόρον ἐξαλύοντες","ἀρχὸν ἕλ’, οἳ δὲ θύραζε κακὸν μόρον ἐξαλύοντες",tlg0013.tlg007.perseus-grc2.xml
Hymn 7,tlg007,1,52,"πάντες ὁμῶς πήδησαν, ἐπεὶ ἴδον, εἰς ἅλα δῖαν,","πάντες ὁμῶς πήδησαν, ἐπεὶ ἴδον, εἰς ἅλα δῖαν,",tlg0013.tlg007.perseus-grc2.xml
Hymn 7,tlg007,1,53,δελφῖνες δ’ ἐγένοντο· κυβερνήτην δ’ ἐλεήσας,δελφῖνες δ’ ἐγένοντο· κυβερνήτην δ’ ἐλεήσας,tlg0013.tlg007.perseus-grc2.xml
Hymn 7,tlg007,1,54,ἔσχεθε καί μιν ἔθηκε πανόλβιον εἶπέ τε μῦθον·,ἔσχεθε καί μιν ἔθηκε πανόλβιον εἶπέ τε μῦθον·,tlg0013.tlg007.perseus-grc2.xml
Hymn 7,tlg007,1,55,"θάρσει, δῖε κάτωρ, τῷ ἐμῷ κεχαρισμένε θυμῷ·","θάρσει, δῖε κάτωρ, τῷ ἐμῷ κεχαρισμένε θυμῷ·",tlg0013.tlg007.perseus-grc2.xml
Hymn 7,tlg007,1,56,"εἰμὶ δ’ ἐγὼ Διόνυσος ἐρίβρομος, ὃν τέκε μήτηρ","εἰμὶ δ’ ἐγὼ Διόνυσος ἐρίβρομος, ὃν τέκε μήτηρ",tlg0013.tlg007.perseus-grc2.xml
Hymn 7,tlg007,1,57,Καδμηὶς Σεμέλη Διὸς ἐν φιλότητι μιγεῖσα.,Καδμηὶς Σεμέλη Διὸς ἐν φιλότητι μιγεῖσα.,tlg0013.tlg007.perseus-grc2.xml
Hymn 7,tlg007,1,58,"χαῖρε, τέκος Σεμέλης εὐώπιδος· οὐδέ πη ἔστι","χαῖρε, τέκος Σεμέλης εὐώπιδος· οὐδέ πη ἔστι",tlg0013.tlg007.perseus-grc2.xml
Hymn 7,tlg007,1,59,σεῖό γε ληθόμενον γλυκερὴν κοσμῆσαι ἀοιδήν.,σεῖό γε ληθόμενον γλυκερὴν κοσμῆσαι ἀοιδήν.,tlg0013.tlg007.perseus-grc2.xml
Hymn 8,tlg008,1,1,"Ἆρες ὑπερμενέτα, βρισάρματε, χρυσεοπήληξ,","Ἆρες ὑπερμενέτα, βρισάρματε, χρυσεοπήληξ,",tlg0013.tlg008.perseus-grc2.xml
Hymn 8,tlg008,1,2,"ὀβριμόθυμε, φέρασπι, πολισσόε, χαλκοκορυστά,","ὀβριμόθυμε, φέρασπι, πολισσόε, χαλκοκορυστά,",tlg0013.tlg008.perseus-grc2.xml
Hymn 8,tlg008,1,3,"καρτερόχειρ, ἀμόγητε, δορισθενές, ἕρκος Ὀλύμπου,","καρτερόχειρ, ἀμόγητε, δορισθενές, ἕρκος Ὀλύμπου,",tlg0013.tlg008.perseus-grc2.xml
Hymn 8,tlg008,1,4,"Νίκης εὐπολέμοιο πάτερ, συναρωγὲ Θέμιστος,","Νίκης εὐπολέμοιο πάτερ, συναρωγὲ Θέμιστος,",tlg0013.tlg008.perseus-grc2.xml
Hymn 8,tlg008,1,5,"ἀντιβίοισι τύραννε, δικαιοτάτων ἀγὲ φωτῶν,","ἀντιβίοισι τύραννε, δικαιοτάτων ἀγὲ φωτῶν,",tlg0013.tlg008.perseus-grc2.xml
Hymn 8,tlg008,1,6,"ἠνορέης σκηπτοῦχε, πυραυγέα κύκλον ἑλίσσων","ἠνορέης σκηπτοῦχε, πυραυγέα κύκλον ἑλίσσων",tlg0013.tlg008.perseus-grc2.xml
Hymn 8,tlg008,1,7,"αἰθέρος ἑπταπόροις ἐνὶ τείρεσιν, ἔνθα σε πῶλοι","αἰθέρος ἑπταπόροις ἐνὶ τείρεσιν, ἔνθα σε πῶλοι",tlg0013.tlg008.perseus-grc2.xml
Hymn 8,tlg008,1,8,ζαφλεγέες τριτάτης ὑπὲρ ἄντυγος αἰὲν ἔχουσι·,ζαφλεγέες τριτάτης ὑπὲρ ἄντυγος αἰὲν ἔχουσι·,tlg0013.tlg008.perseus-grc2.xml
Hymn 8,tlg008,1,9,"κλῦθι, βροτῶν ἐπίκουρε, δοτὴρ εὐθαρσέος ἥβης,","κλῦθι, βροτῶν ἐπίκουρε, δοτὴρ εὐθαρσέος ἥβης,",tlg0013.tlg008.perseus-grc2.xml
Hymn 8,tlg008,1,10,πρηὺ καταστίλβων σέλας ὑψόθεν ἐς βιότητα,πρηὺ καταστίλβων σέλας ὑψόθεν ἐς βιότητα,tlg0013.tlg008.perseus-grc2.xml
Hymn 8,tlg008,1,11,"ἡμετέρην καὶ κάρτος ἀρήιον, ὥς κε δυναίμην","ἡμετέρην καὶ κάρτος ἀρήιον, ὥς κε δυναίμην",tlg0013.tlg008.perseus-grc2.xml
Hymn 8,tlg008,1,12,"σεύασθαι κακότητα πικρὴν ἀπʼ ἐμοῖο καρήνου,","σεύασθαι κακότητα πικρὴν ἀπ’ ἐμοῖο καρήνου,",tlg0013.tlg008.perseus-grc2.xml
Hymn 8,tlg008,1,13,"καὶ ψυχῆς ἀπατηλὸν ὑπογνάμψαι φρεσὶν ὁρμήν,","καὶ ψυχῆς ἀπατηλὸν ὑπογνάμψαι φρεσὶν ὁρμήν,",tlg0013.tlg008.perseus-grc2.xml
Hymn 8,tlg008,1,14,"θυμοῦ αὖ μένος ὀξὺ κατισχέμεν, ὅς μʼ ἐρέθῃσι","θυμοῦ αὖ μένος ὀξὺ κατισχέμεν, ὅς μ’ ἐρέθῃσι",tlg0013.tlg008.perseus-grc2.xml
Hymn 8,tlg008,1,15,φυλόπιδος κρυερῆς ἐπιβαινέμεν· ἀλλὰ σὺ θάρσος,φυλόπιδος κρυερῆς ἐπιβαινέμεν· ἀλλὰ σὺ θάρσος,tlg0013.tlg008.perseus-grc2.xml
Hymn 8,tlg008,1,16,"δός, μάκαρ, εἰρήνης τε μένειν ἐν ἀπήμοσι θεσμοῖς","δός, μάκαρ, εἰρήνης τε μένειν ἐν ἀπήμοσι θεσμοῖς",tlg0013.tlg008.perseus-grc2.xml
Hymn 8,tlg008,1,17,δυσμενέων προφυγόντα μόθον Κῆράς τε βιαίους.,δυσμενέων προφυγόντα μόθον Κῆράς τε βιαίους.,tlg0013.tlg008.perseus-grc2.xml
Hymn 9,tlg009,1,1,"Ἄρτεμιν ὕμνει, Μοῦσα, κασιγνήτην Ἑκάτοιο.","Ἄρτεμιν ὕμνει, Μοῦσα, κασιγνήτην Ἑκάτοιο.",tlg0013.tlg009.perseus-grc2.xml
Hymn 9,tlg009,1,2,"παρθένον ἰοχέαιραν, ὁμότροφον Ἀπόλλωνος,","παρθένον ἰοχέαιραν, ὁμότροφον Ἀπόλλωνος,",tlg0013.tlg009.perseus-grc2.xml
Hymn 9,tlg009,1,3,ἥθʼ ἵππους ἄρσασα βαθυσχοίνοιο Μέλητος,ἥθ’ ἵππους ἄρσασα βαθυσχοίνοιο Μέλητος,tlg0013.tlg009.perseus-grc2.xml
Hymn 9,tlg009,1,4,ῥίμφα διὰ Σμύρνης παγχρύσεον ἅρμα διώκει,ῥίμφα διὰ Σμύρνης παγχρύσεον ἅρμα διώκει,tlg0013.tlg009.perseus-grc2.xml
Hymn 9,tlg009,1,5,"ἐς Κλάρον ἀμπελόεσσαν, ὅθʼ ἀργυρότοξος Ἀπόλλων","ἐς Κλάρον ἀμπελόεσσαν, ὅθ’ ἀργυρότοξος Ἀπόλλων",tlg0013.tlg009.perseus-grc2.xml
Hymn 9,tlg009,1,6,ἧσται μιμνάζων ἑκατηβόλον ἰοχέαιραν.,ἧσται μιμνάζων ἑκατηβόλον ἰοχέαιραν.,tlg0013.tlg009.perseus-grc2.xml
Hymn 9,tlg009,1,7,καὶ σὺ μὲν οὕτω χαῖρε θεαί θʼ ἅμα πᾶσαι ἀοιδῇ·,καὶ σὺ μὲν οὕτω χαῖρε θεαί θ’ ἅμα πᾶσαι ἀοιδῇ·,tlg0013.tlg009.perseus-grc2.xml
Hymn 9,tlg009,1,8,"αὐτὰρ ἐγώ σε πρῶτα καὶ ἐκ σέθεν ἄρχομʼ ἀείδειν,","αὐτὰρ ἐγώ σε πρῶτα καὶ ἐκ σέθεν ἄρχομ’ ἀείδειν,",tlg0013.tlg009.perseus-grc2.xml
Hymn 9,tlg009,1,9,σεῦ δʼ ἐγὼ ἀρξάμενος μεταβήσομαι ἄλλον ἐς ὕμνον.,σεῦ δ’ ἐγὼ ἀρξάμενος μεταβήσομαι ἄλλον ἐς ὕμνον.,tlg0013.tlg009.perseus-grc2.xml
Hymn 10,tlg010,1,1,"κυπρογενῆ Κυθέρειαν ἀείσομαι, ἥτε βροτοῖσι","κυπρογενῆ Κυθέρειαν ἀείσομαι, ἥτε βροτοῖσι",tlg0013.tlg010.perseus-grc2.xml
Hymn 10,tlg010,1,2,"μείλιχα δῶρα δίδωσιν, ἐφ’ ἱμερτῷ δὲ προσώπῳ","μείλιχα δῶρα δίδωσιν, ἐφ’ ἱμερτῷ δὲ προσώπῳ",tlg0013.tlg010.perseus-grc2.xml
Hymn 10,tlg010,1,3,αἰεὶ μειδιάει καὶ ἐφ’ ἱμερτὸν θέει ἄνθος.,αἰεὶ μειδιάει καὶ ἐφ’ ἱμερτὸν θέει ἄνθος.,tlg0013.tlg010.perseus-grc2.xml
Hymn 10,tlg010,1,4,"χαῖρε, θεά, Σαλαμῖνος ἐυκτιμένης μεδέουσα","χαῖρε, θεά, Σαλαμῖνος ἐυκτιμένης μεδέουσα",tlg0013.tlg010.perseus-grc2.xml
Hymn 10,tlg010,1,5,εἰναλίης τε Κύπρου· δὸς δ’ ἱμερόεσσαν ἀοιδήν.,εἰναλίης τε Κύπρου· δὸς δ’ ἱμερόεσσαν ἀοιδήν.,tlg0013.tlg010.perseus-grc2.xml
Hymn 10,tlg010,1,6,αὐτὰρ ἐγὼ καὶ σεῖο καὶ ἄλλης μνήσομ’ ἀοιδῆς.,αὐτὰρ ἐγὼ καὶ σεῖο καὶ ἄλλης μνήσομ’ ἀοιδῆς.,tlg0013.tlg010.perseus-grc2.xml
Hymn 11,tlg011,1,1,"Παλλάδʼ Ἀθηναίην ἐρυσίπτολιν ἄρχομʼ ἀείδειν,","Παλλάδ’ Ἀθηναίην ἐρυσίπτολιν ἄρχομ’ ἀείδειν,",tlg0013.tlg011.perseus-grc2.xml
Hymn 11,tlg011,1,2,"δεινήν, ᾗ σὺν Ἄρηι μέλει πολεμήια ἔργα","δεινήν, ᾗ σὺν Ἄρηι μέλει πολεμήια ἔργα",tlg0013.tlg011.perseus-grc2.xml
Hymn 11,tlg011,1,3,"περθόμεναί τε πόληες ἀϋτή τε πτόλεμοί τε,","περθόμεναί τε πόληες ἀϋτή τε πτόλεμοί τε,",tlg0013.tlg011.perseus-grc2.xml
Hymn 11,tlg011,1,4,καί τʼ ἐρρύσατο λαὸν ἰόντα τε νισσόμενόν τε.,καί τ’ ἐρρύσατο λαὸν ἰόντα τε νισσόμενόν τε.,tlg0013.tlg011.perseus-grc2.xml
Hymn 11,tlg011,1,5,"χαῖρε, θεά, δὸς δʼ ἄμμι τύχην εὐδαιμονίην τε.","χαῖρε, θεά, δὸς δ’ ἄμμι τύχην εὐδαιμονίην τε.",tlg0013.tlg011.perseus-grc2.xml
Hymn 12,tlg012,1,1,"Ἥρην ἀείδω χρυσόθρονον, ἣν τέκε Ῥείη,","Ἥρην ἀείδω χρυσόθρονον, ἣν τέκε Ῥείη,",tlg0013.tlg012.perseus-grc2.xml
Hymn 12,tlg012,1,2,"ἀθανάτων βασίλειαν, ὑπείροχον εἶδος ἔχουσαν,","ἀθανάτων βασίλειαν, ὑπείροχον εἶδος ἔχουσαν,",tlg0013.tlg012.perseus-grc2.xml
Hymn 12,tlg012,1,3,"Ζηνὸς ἐριγδούποιο κασιγνήτην ἄλοχόν τε,","Ζηνὸς ἐριγδούποιο κασιγνήτην ἄλοχόν τε,",tlg0013.tlg012.perseus-grc2.xml
Hymn 12,tlg012,1,4,"κυδρήν, ἣν πάντες μάκαρες κατὰ μακρὸν Ὄλυμπον","κυδρήν, ἣν πάντες μάκαρες κατὰ μακρὸν Ὄλυμπον",tlg0013.tlg012.perseus-grc2.xml
Hymn 12,tlg012,1,5,ἁζόμενοι τίουσιν ὁμῶς Διὶ τερπικεραύνῳ.,ἁζόμενοι τίουσιν ὁμῶς Διὶ τερπικεραύνῳ.,tlg0013.tlg012.perseus-grc2.xml
Hymn 13,tlg013,1,1,"Δημήτηρ’ ἠύκομον, σεμνὴν θεάν, ἄρχομ’ ἀείδειν,","Δημήτηρ’ ἠύκομον, σεμνὴν θεάν, ἄρχομ’ ἀείδειν,",tlg0013.tlg013.perseus-grc2.xml
Hymn 13,tlg013,1,2,"αὐτὴν καὶ κούρην, περικαλλέα Περσεφόνειαν.","αὐτὴν καὶ κούρην, περικαλλέα Περσεφόνειαν.",tlg0013.tlg013.perseus-grc2.xml
Hymn 13,tlg013,1,3,"χαῖρε, θεά, καὶ τήνδε σάου πόλιν· ἄρχε δ’ ἀοιδῆς.","χαῖρε, θεά, καὶ τήνδε σάου πόλιν· ἄρχε δ’ ἀοιδῆς.",tlg0013.tlg013.perseus-grc2.xml
Hymn 14,tlg014,1,1,μητέρα μοι πάντων τε θεῶν πάντων τʼ ἀνθρώπων,μητέρα μοι πάντων τε θεῶν πάντων τ’ ἀνθρώπων,tlg0013.tlg014.perseus-grc2.xml
Hymn 14,tlg014,1,2,"ὕμνει, Μοῦσα λίγεια, Διὸς θυγάτηρ μεγάλοιο,","ὕμνει, Μοῦσα λίγεια, Διὸς θυγάτηρ μεγάλοιο,",tlg0013.tlg014.perseus-grc2.xml
Hymn 14,tlg014,1,3,ᾗ κροτάλων τυπάνων τʼ ἰαχὴ σύν τε βρόμος αὐλῶν,ᾗ κροτάλων τυπάνων τ’ ἰαχὴ σύν τε βρόμος αὐλῶν,tlg0013.tlg014.perseus-grc2.xml
Hymn 14,tlg014,1,4,εὔαδεν ἠδὲ λύκων κλαγγὴ χαροπῶν τε λεόντων,εὔαδεν ἠδὲ λύκων κλαγγὴ χαροπῶν τε λεόντων,tlg0013.tlg014.perseus-grc2.xml
Hymn 14,tlg014,1,5,οὔρεά τʼ ἠχήεντα καὶ ὑλήεντες ἔναυλοι.,οὔρεά τ’ ἠχήεντα καὶ ὑλήεντες ἔναυλοι.,tlg0013.tlg014.perseus-grc2.xml
Hymn 14,tlg014,1,6,καὶ σὺ μὲν οὕτω χαῖρε θεαί θʼ ἅμα πᾶσαι ἀοιδῇ.,καὶ σὺ μὲν οὕτω χαῖρε θεαί θ’ ἅμα πᾶσαι ἀοιδῇ.,tlg0013.tlg014.perseus-grc2.xml
Hymn 15,tlg015,1,1,"Ἡρακλέα, Διὸς υἱόν, ἀείσομαι, ὃν μέγʼ ἄριστον","Ἡρακλέα, Διὸς υἱόν, ἀείσομαι, ὃν μέγ’ ἄριστον",tlg0013.tlg015.perseus-grc2.xml
Hymn 15,tlg015,1,2,γείνατʼ ἐπιχθονίων Θήβῃς ἔνι καλλιχόροισιν,γείνατ’ ἐπιχθονίων Θήβῃς ἔνι καλλιχόροισιν,tlg0013.tlg015.perseus-grc2.xml
Hymn 15,tlg015,1,3,Ἀλκμήνη μιχθεῖσα κελαινεφέι Κρονίωνι·,Ἀλκμήνη μιχθεῖσα κελαινεφέι Κρονίωνι·,tlg0013.tlg015.perseus-grc2.xml
Hymn 15,tlg015,1,4,ὃς πρὶν μὲν κατὰ γαῖαν ἀθέσφατον ἠδὲ θάλασσαν,ὃς πρὶν μὲν κατὰ γαῖαν ἀθέσφατον ἠδὲ θάλασσαν,tlg0013.tlg015.perseus-grc2.xml
Hymn 15,tlg015,1,5,πλαζόμενος πομπῇσιν ὕπʼ Εὐρυσθῆος ἄνακτος,πλαζόμενος πομπῇσιν ὕπ’ Εὐρυσθῆος ἄνακτος,tlg0013.tlg015.perseus-grc2.xml
Hymn 15,tlg015,1,6,"πολλὰ μὲν αὐτὸς ἔρεξεν ἀτάσθαλα, πολλὰ δʼ ἀνέτλη·","πολλὰ μὲν αὐτὸς ἔρεξεν ἀτάσθαλα, πολλὰ δ’ ἀνέτλη·",tlg0013.tlg015.perseus-grc2.xml
Hymn 15,tlg015,1,7,νῦν δʼ ἤδη κατὰ καλὸν ἕδος νιφόεντος Ὀλύμπου,νῦν δ’ ἤδη κατὰ καλὸν ἕδος νιφόεντος Ὀλύμπου,tlg0013.tlg015.perseus-grc2.xml
Hymn 15,tlg015,1,8,ναίει τερπόμενος καὶ ἔχει καλλίσφυρον Ἥβην.,ναίει τερπόμενος καὶ ἔχει καλλίσφυρον Ἥβην.,tlg0013.tlg015.perseus-grc2.xml
Hymn 15,tlg015,1,9,"χαῖρε, ἄναξ, Διὸς υἱέ· δίδου δʼ ἀρετήν τε καὶ ὄλβον.","χαῖρε, ἄναξ, Διὸς υἱέ· δίδου δ’ ἀρετήν τε καὶ ὄλβον.",tlg0013.tlg015.perseus-grc2.xml
Hymn 16,tlg016,1,1,"ἰητῆρα νόσων Ἀσκληπιὸν ἄρχομʼ ἀείδειν,","ἰητῆρα νόσων Ἀσκληπιὸν ἄρχομ’ ἀείδειν,",tlg0013.tlg016.perseus-grc2.xml
Hymn 16,tlg016,1,2,"υἱὸν Ἀπόλλωνος, τὸν ἐγείνατο δῖα Κορωνὶς","υἱὸν Ἀπόλλωνος, τὸν ἐγείνατο δῖα Κορωνὶς",tlg0013.tlg016.perseus-grc2.xml
Hymn 16,tlg016,1,3,"Δωτίῳ ἐν πεδίῳ, κούρη Φλεγύου βασιλῆος,","Δωτίῳ ἐν πεδίῳ, κούρη Φλεγύου βασιλῆος,",tlg0013.tlg016.perseus-grc2.xml
Hymn 16,tlg016,1,4,"χάρμα μέγʼ ἀνθρώποισι, κακῶν θελκτῆρʼ ὀδυνάων.","χάρμα μέγ’ ἀνθρώποισι, κακῶν θελκτῆρ’ ὀδυνάων.",tlg0013.tlg016.perseus-grc2.xml
Hymn 16,tlg016,1,5,"καὶ σὺ μὲν οὕτω χαῖρε, ἄναξ· λίτομαι δέ σʼ ἀοιδῇ.","καὶ σὺ μὲν οὕτω χαῖρε, ἄναξ· λίτομαι δέ σ’ ἀοιδῇ.",tlg0013.tlg016.perseus-grc2.xml
Hymn 17,tlg017,1,1,"Κάστορα καὶ Πολυδεύκἐ ἀείσεο, Μοῦσα λίγεια,","Κάστορα καὶ Πολυδεύκἐ ἀείσεο, Μοῦσα λίγεια,",tlg0013.tlg017.perseus-grc2.xml
Hymn 17,tlg017,1,2,"Τυνδαρίδας, οἳ Ζηνὸς Ὀλυμπίου ἐξεγένοντο·","Τυνδαρίδας, οἳ Ζηνὸς Ὀλυμπίου ἐξεγένοντο·",tlg0013.tlg017.perseus-grc2.xml
Hymn 17,tlg017,1,3,τοὺς ὑπὸ Τηϋγέτου κορυφῇς τέκε πότνια Λήδη,τοὺς ὑπὸ Τηϋγέτου κορυφῇς τέκε πότνια Λήδη,tlg0013.tlg017.perseus-grc2.xml
Hymn 17,tlg017,1,4,λάθρη ὑποδμηθεῖσα κελαινεφέι Κρονίωνι.,λάθρη ὑποδμηθεῖσα κελαινεφέι Κρονίωνι.,tlg0013.tlg017.perseus-grc2.xml
Hymn 17,tlg017,1,5,"χαίρετε, Τυνδαρίδαι, ταχέων ἐπιβήτορες ἵππων.","χαίρετε, Τυνδαρίδαι, ταχέων ἐπιβήτορες ἵππων.",tlg0013.tlg017.perseus-grc2.xml
Hymn 18,tlg018,1,1,"Ἑρμῆν ἀείδω Κυλλήνιον, Ἀργειφόντην,","Ἑρμῆν ἀείδω Κυλλήνιον, Ἀργειφόντην,",tlg0013.tlg018.perseus-grc2.xml
Hymn 18,tlg018,1,2,"Κυλλήνης μεδέοντα καὶ Ἀρκαδίης πολυμήλου,","Κυλλήνης μεδέοντα καὶ Ἀρκαδίης πολυμήλου,",tlg0013.tlg018.perseus-grc2.xml
Hymn 18,tlg018,1,3,"ἄγγελον ἀθανάτων ἐριούνιον, ὃν τέκε Μαῖα,","ἄγγελον ἀθανάτων ἐριούνιον, ὃν τέκε Μαῖα,",tlg0013.tlg018.perseus-grc2.xml
Hymn 18,tlg018,1,4,"Ατλαντος θυγάτηρ, Διὸς ἐν φιλότητι μιγεῖσα,","Ατλαντος θυγάτηρ, Διὸς ἐν φιλότητι μιγεῖσα,",tlg0013.tlg018.perseus-grc2.xml
Hymn 18,tlg018,1,5,"αἰδοίη· μακάρων δὲ θεῶν ἀλέεινεν ὅμιλον,","αἰδοίη· μακάρων δὲ θεῶν ἀλέεινεν ὅμιλον,",tlg0013.tlg018.perseus-grc2.xml
Hymn 18,tlg018,1,6,ἄντρῳ ναιετάουσα παλισκίῳ· ἔνθα Κρονίων,ἄντρῳ ναιετάουσα παλισκίῳ· ἔνθα Κρονίων,tlg0013.tlg018.perseus-grc2.xml
Hymn 18,tlg018,1,7,"νύμφῃ ἐυπλοκάμῳ μισγέσκετο νυκτὸς ἀμολγῷ,","νύμφῃ ἐυπλοκάμῳ μισγέσκετο νυκτὸς ἀμολγῷ,",tlg0013.tlg018.perseus-grc2.xml
Hymn 18,tlg018,1,8,εὖτε κατὰ γλυκὺς ὕπνος ἔχοι λευκώλενον Ἥρην·,εὖτε κατὰ γλυκὺς ὕπνος ἔχοι λευκώλενον Ἥρην·,tlg0013.tlg018.perseus-grc2.xml
Hymn 18,tlg018,1,9,λάνθανε δ’ ἀθανάτους τε θεοὺς θνητούς τ’ ἀνθρώπους.,λάνθανε δ’ ἀθανάτους τε θεοὺς θνητούς τ’ ἀνθρώπους.,tlg0013.tlg018.perseus-grc2.xml
Hymn 18,tlg018,1,10,"καὶ σὺ μὲν οὕτω χαῖρε, Διὸς καὶ Μαιάδος υἱέ·","καὶ σὺ μὲν οὕτω χαῖρε, Διὸς καὶ Μαιάδος υἱέ·",tlg0013.tlg018.perseus-grc2.xml
Hymn 18,tlg018,1,11,σεῦ δ’ ἐγὼ ἀρξάμενος μεταβήσομαι ἄλλον ἐς ὕμνον.,σεῦ δ’ ἐγὼ ἀρξάμενος μεταβήσομαι ἄλλον ἐς ὕμνον.,tlg0013.tlg018.perseus-grc2.xml
Hymn 18,tlg018,1,12,"χαῖρ’. Ἑρμῆ χαριδῶτα, διάκτορε, δῶτορ ἐάων.","χαῖρ’. Ἑρμῆ χαριδῶτα, διάκτορε, δῶτορ ἐάων.",tlg0013.tlg018.perseus-grc2.xml
Hymn 19,tlg019,1,1,"ἀμφί μοι Ἑρμείαο φίλον γόνον ἔννεπε, Μοῦσα,","ἀμφί μοι Ἑρμείαο φίλον γόνον ἔννεπε, Μοῦσα,",tlg0013.tlg019.perseus-grc2.xml
Hymn 19,tlg019,1,2,"αἰγιπόδην, δικέρωτα, φιλόκροτον, ὅστ’ ἀνὰ πίση","αἰγιπόδην, δικέρωτα, φιλόκροτον, ὅστ’ ἀνὰ πίση",tlg0013.tlg019.perseus-grc2.xml
Hymn 19,tlg019,1,3,"δενδρήεντ’ ἄμυδις φοιτᾷ χορογηθέσι νύμφαις,","δενδρήεντ’ ἄμυδις φοιτᾷ χορογηθέσι νύμφαις,",tlg0013.tlg019.perseus-grc2.xml
Hymn 19,tlg019,1,4,αἵ τε κατ’ αἰγίλιπος πέτρης στείβουσι κάρηνα,αἵ τε κατ’ αἰγίλιπος πέτρης στείβουσι κάρηνα,tlg0013.tlg019.perseus-grc2.xml
Hymn 19,tlg019,1,5,"Πᾶν’ ἀνακεκλόμεναι, νόμιον θεόν, ἀγλαέθειρον,","Πᾶν’ ἀνακεκλόμεναι, νόμιον θεόν, ἀγλαέθειρον,",tlg0013.tlg019.perseus-grc2.xml
Hymn 19,tlg019,1,6,"αὐχμήενθ’, ὃς πάντα λόφον νιφόεντα λέλογχε","αὐχμήενθ’, ὃς πάντα λόφον νιφόεντα λέλογχε",tlg0013.tlg019.perseus-grc2.xml
Hymn 19,tlg019,1,7,καὶ κορυφὰς ὀρέων καὶ πετρήεντα κάρηνα.,καὶ κορυφὰς ὀρέων καὶ πετρήεντα κάρηνα.,tlg0013.tlg019.perseus-grc2.xml
Hymn 19,tlg019,1,8,"φοιτᾷ δ’ ἔνθα καὶ ἔνθα διὰ ῥωπήια πυκνά,","φοιτᾷ δ’ ἔνθα καὶ ἔνθα διὰ ῥωπήια πυκνά,",tlg0013.tlg019.perseus-grc2.xml
Hymn 19,tlg019,1,9,"ἄλλοτε μὲν ῥείθροισιν ἐφελκόμενος μαλακοῖσιν,","ἄλλοτε μὲν ῥείθροισιν ἐφελκόμενος μαλακοῖσιν,",tlg0013.tlg019.perseus-grc2.xml
Hymn 19,tlg019,1,10,"ἄλλοτε δ’ αὖ πέτρῃσιν ἐν ἠλιβάτοισι διοιχνεῖ,","ἄλλοτε δ’ αὖ πέτρῃσιν ἐν ἠλιβάτοισι διοιχνεῖ,",tlg0013.tlg019.perseus-grc2.xml
Hymn 19,tlg019,1,11,ἀκροτάτην κορυφὴν μηλοσκόπον εἰσαναβαίνων.,ἀκροτάτην κορυφὴν μηλοσκόπον εἰσαναβαίνων.,tlg0013.tlg019.perseus-grc2.xml
Hymn 19,tlg019,1,12,"πολλάκι δ’ ἀργινόεντα διέδραμεν οὔρεα μακρά,","πολλάκι δ’ ἀργινόεντα διέδραμεν οὔρεα μακρά,",tlg0013.tlg019.perseus-grc2.xml
Hymn 19,tlg019,1,13,"πολλάκι δ’ ἐν κνημοῖσι διήλασε θῆρας ἐναίρων,","πολλάκι δ’ ἐν κνημοῖσι διήλασε θῆρας ἐναίρων,",tlg0013.tlg019.perseus-grc2.xml
Hymn 19,tlg019,1,14,ὀξέα δερκόμενος· τότε δ’ ἕσπερος ἔκλαγεν οἶον,ὀξέα δερκόμενος· τότε δ’ ἕσπερος ἔκλαγεν οἶον,tlg0013.tlg019.perseus-grc2.xml
Hymn 19,tlg019,1,15,"ἄγρης ἐξανιών, δονάκων ὕπο μοῦσαν ἀθύρων","ἄγρης ἐξανιών, δονάκων ὕπο μοῦσαν ἀθύρων",tlg0013.tlg019.perseus-grc2.xml
Hymn 19,tlg019,1,16,νήδυμον· οὐκ ἂν τόν γε παραδράμοι ἐν μελέεσσιν,νήδυμον· οὐκ ἂν τόν γε παραδράμοι ἐν μελέεσσιν,tlg0013.tlg019.perseus-grc2.xml
Hymn 19,tlg019,1,17,"ὄρνις, ἥτ’ ἔαρος πολυανθέος ἐν πετάλοισι","ὄρνις, ἥτ’ ἔαρος πολυανθέος ἐν πετάλοισι",tlg0013.tlg019.perseus-grc2.xml
Hymn 19,tlg019,1,18,θρῆνον ἐπιπροχέουσ’ ἀχέει μελίγηρυν ἀοιδήν.,θρῆνον ἐπιπροχέουσ’ ἀχέει μελίγηρυν ἀοιδήν.,tlg0013.tlg019.perseus-grc2.xml
Hymn 19,tlg019,1,19,σὺν δέ σφιν τότε Νύμφαι ὀρεστιάδες λιγύμολποι,σὺν δέ σφιν τότε Νύμφαι ὀρεστιάδες λιγύμολποι,tlg0013.tlg019.perseus-grc2.xml
Hymn 19,tlg019,1,20,φοιτῶσαι πύκα ποσσὶν ἐπὶ κρήνῃ μελανύδρῳ,φοιτῶσαι πύκα ποσσὶν ἐπὶ κρήνῃ μελανύδρῳ,tlg0013.tlg019.perseus-grc2.xml
Hymn 19,tlg019,1,21,μέλπονται· κορυφὴν δὲ περιστένει οὔρεος Ἠχώ·,μέλπονται· κορυφὴν δὲ περιστένει οὔρεος Ἠχώ·,tlg0013.tlg019.perseus-grc2.xml
Hymn 19,tlg019,1,22,"δαίμων δ’ ἔνθα καὶ ἔνθα χορῶν, τοτὲ δ’ ἐς μέσον ἕρπων,","δαίμων δ’ ἔνθα καὶ ἔνθα χορῶν, τοτὲ δ’ ἐς μέσον ἕρπων,",tlg0013.tlg019.perseus-grc2.xml
Hymn 19,tlg019,1,23,"πυκνὰ ποσὶν διέπει, λαῖφος δ’ ἐπὶ νῶτα δαφοινὸν","πυκνὰ ποσὶν διέπει, λαῖφος δ’ ἐπὶ νῶτα δαφοινὸν",tlg0013.tlg019.perseus-grc2.xml
Hymn 19,tlg019,1,24,"λυγκὸς ἔχει, λιγυρῇσιν ἀγαλλόμενος φρένα μολπαῖς","λυγκὸς ἔχει, λιγυρῇσιν ἀγαλλόμενος φρένα μολπαῖς",tlg0013.tlg019.perseus-grc2.xml
Hymn 19,tlg019,1,25,"ἐν μαλακῷ λειμῶνι, τόθι κρόκος ἠδ’ ὑάκινθος","ἐν μαλακῷ λειμῶνι, τόθι κρόκος ἠδ’ ὑάκινθος",tlg0013.tlg019.perseus-grc2.xml
Hymn 19,tlg019,1,26,εὐώδης θαλέθων καταμίσγεται ἄκριτα ποίῃ.,εὐώδης θαλέθων καταμίσγεται ἄκριτα ποίῃ.,tlg0013.tlg019.perseus-grc2.xml
Hymn 19,tlg019,1,27,ὑμνεῦσιν δὲ θεοὺς μάκαρας καὶ μακρὸν Ὄλυμπον·,ὑμνεῦσιν δὲ θεοὺς μάκαρας καὶ μακρὸν Ὄλυμπον·,tlg0013.tlg019.perseus-grc2.xml
Hymn 19,tlg019,1,28,οἷόν θ’ Ἑρμείην ἐριούνιον ἔξοχον ἄλλων,οἷόν θ’ Ἑρμείην ἐριούνιον ἔξοχον ἄλλων,tlg0013.tlg019.perseus-grc2.xml
Hymn 19,tlg019,1,29,"ἔννεπον, ὡς ὅ γ’ ἅπασι θεοῖς θοὸς ἄγγελός ἐστι,","ἔννεπον, ὡς ὅ γ’ ἅπασι θεοῖς θοὸς ἄγγελός ἐστι,",tlg0013.tlg019.perseus-grc2.xml
Hymn 19,tlg019,1,30,"καί ῥ’ ὅ γ’ ἐς Ἀρκαδίην πολυπίδακα, μητέρα μήλων,","καί ῥ’ ὅ γ’ ἐς Ἀρκαδίην πολυπίδακα, μητέρα μήλων,",tlg0013.tlg019.perseus-grc2.xml
Hymn 19,tlg019,1,31,"ἐξίκετ’, ἔνθα τέ οἱ τέμενος Κυλληνίου ἐστίν.","ἐξίκετ’, ἔνθα τέ οἱ τέμενος Κυλληνίου ἐστίν.",tlg0013.tlg019.perseus-grc2.xml
Hymn 19,tlg019,1,32,ἔνθ’ ὅ γε καὶ θεὸς ὢν ψαφαρότριχα μῆλ’ ἐνόμευεν,ἔνθ’ ὅ γε καὶ θεὸς ὢν ψαφαρότριχα μῆλ’ ἐνόμευεν,tlg0013.tlg019.perseus-grc2.xml
Hymn 19,tlg019,1,33,ἀνδρὶ πάρα θνητῷ θάλε γὰρ πόθος ὑγρὸς ἐπελθὼν,ἀνδρὶ πάρα θνητῷ θάλε γὰρ πόθος ὑγρὸς ἐπελθὼν,tlg0013.tlg019.perseus-grc2.xml
Hymn 19,tlg019,1,34,νύμφῃ ἐυπλοκάμῳ Δρύοπος φιλότητι μιγῆναι·,νύμφῃ ἐυπλοκάμῳ Δρύοπος φιλότητι μιγῆναι·,tlg0013.tlg019.perseus-grc2.xml
Hymn 19,tlg019,1,35,ἐκ δ’ ἐτέλεσσε γάμον θαλερόν. τέκε δ’ ἐν μεγάροισιν,ἐκ δ’ ἐτέλεσσε γάμον θαλερόν. τέκε δ’ ἐν μεγάροισιν,tlg0013.tlg019.perseus-grc2.xml
Hymn 19,tlg019,1,36,"Ἑρμείῃ φίλον υἱόν, ἄφαρ τερατωπὸν ἰδέσθαι,","Ἑρμείῃ φίλον υἱόν, ἄφαρ τερατωπὸν ἰδέσθαι,",tlg0013.tlg019.perseus-grc2.xml
Hymn 19,tlg019,1,37,"αἰγιπόδην, δικέρωτα, φιλόκροτον, ἡδυγέλωτα·","αἰγιπόδην, δικέρωτα, φιλόκροτον, ἡδυγέλωτα·",tlg0013.tlg019.perseus-grc2.xml
Hymn 19,tlg019,1,38,"φεῦγε δ’ ἀναΐξασα, λίπεν δ’ ἄρα παῖδα τιθήνη","φεῦγε δ’ ἀναΐξασα, λίπεν δ’ ἄρα παῖδα τιθήνη",tlg0013.tlg019.perseus-grc2.xml
Hymn 19,tlg019,1,39,"δεῖσε γάρ, ὡς ἴδεν ὄψιν ἀμείλιχον, ἠυγένειον.","δεῖσε γάρ, ὡς ἴδεν ὄψιν ἀμείλιχον, ἠυγένειον.",tlg0013.tlg019.perseus-grc2.xml
Hymn 19,tlg019,1,40,τὸν δ’ αἶψ’ Ἑρμείας ἐριούνιος εἰς χέρα θῆκε,τὸν δ’ αἶψ’ Ἑρμείας ἐριούνιος εἰς χέρα θῆκε,tlg0013.tlg019.perseus-grc2.xml
Hymn 19,tlg019,1,41,"δεξάμενος, χαῖρεν δὲ νόῳ περιώσια δαίμων.","δεξάμενος, χαῖρεν δὲ νόῳ περιώσια δαίμων.",tlg0013.tlg019.perseus-grc2.xml
Hymn 19,tlg019,1,42,ῥίμφα δ’ ἐς ἀθανάτων ἕδρας κίε παῖδα καλύψας,ῥίμφα δ’ ἐς ἀθανάτων ἕδρας κίε παῖδα καλύψας,tlg0013.tlg019.perseus-grc2.xml
Hymn 19,tlg019,1,43,δέρμασιν ἐν πυκινοῖσιν ὀρεσκῴοιο λαγωοῦ,δέρμασιν ἐν πυκινοῖσιν ὀρεσκῴοιο λαγωοῦ,tlg0013.tlg019.perseus-grc2.xml
Hymn 19,tlg019,1,44,"πὰρ δὲ Ζηνὶ κάθιζε καὶ ἄλλοις ἀθανάτοισι,","πὰρ δὲ Ζηνὶ κάθιζε καὶ ἄλλοις ἀθανάτοισι,",tlg0013.tlg019.perseus-grc2.xml
Hymn 19,tlg019,1,45,δεῖξε δὲ κοῦρον ἑόν· πάντες δ’ ἄρα θυμὸν ἔτερφθεν,δεῖξε δὲ κοῦρον ἑόν· πάντες δ’ ἄρα θυμὸν ἔτερφθεν,tlg0013.tlg019.perseus-grc2.xml
Hymn 19,tlg019,1,46,"ἀθάνατοι, περίαλλα δ’ ὁ Βάκχειος Διόνυσος·","ἀθάνατοι, περίαλλα δ’ ὁ Βάκχειος Διόνυσος·",tlg0013.tlg019.perseus-grc2.xml
Hymn 19,tlg019,1,47,"Πᾶνα δέ μιν καλέεσκον, ὅτι φρένα πᾶσιν ἔτερψε.","Πᾶνα δέ μιν καλέεσκον, ὅτι φρένα πᾶσιν ἔτερψε.",tlg0013.tlg019.perseus-grc2.xml
Hymn 19,tlg019,1,48,"καὶ σὺ μὲν οὕτω χαῖρε, ἄναξ, ἵλαμαι δέ σ’ ἀοιδῇ","καὶ σὺ μὲν οὕτω χαῖρε, ἄναξ, ἵλαμαι δέ σ’ ἀοιδῇ",tlg0013.tlg019.perseus-grc2.xml
Hymn 19,tlg019,1,49,αὐτὰρ ἐγὼ καὶ σεῖο καὶ ἄλλης μνήσομ’ ἀοιδῆς.,αὐτὰρ ἐγὼ καὶ σεῖο καὶ ἄλλης μνήσομ’ ἀοιδῆς.,tlg0013.tlg019.perseus-grc2.xml
Hymn 20,tlg020,1,1,"Ἥφαιστον κλυτόμητιν ἀείσεο, Μοῦσα λίγεια,","Ἥφαιστον κλυτόμητιν ἀείσεο, Μοῦσα λίγεια,",tlg0013.tlg020.perseus-grc2.xml
Hymn 20,tlg020,1,2,ὃς μετʼ Ἀθηναίης γλαυκώπιδος ἀγλαὰ ἔργα,ὃς μετ’ Ἀθηναίης γλαυκώπιδος ἀγλαὰ ἔργα,tlg0013.tlg020.perseus-grc2.xml
Hymn 20,tlg020,1,3,"ἀνθρώπους ἐδίδαξεν ἐπὶ χθονός, οἳ τὸ πάρος περ","ἀνθρώπους ἐδίδαξεν ἐπὶ χθονός, οἳ τὸ πάρος περ",tlg0013.tlg020.perseus-grc2.xml
Hymn 20,tlg020,1,4,"ἄντροις ναιετάασκον ἐν οὔρεσιν, ἠύτε θῆρες.","ἄντροις ναιετάασκον ἐν οὔρεσιν, ἠύτε θῆρες.",tlg0013.tlg020.perseus-grc2.xml
Hymn 20,tlg020,1,5,νῦν δὲ διʼ Ἥφαιστον κλυτοτέχνην ἔργα δαέντες,νῦν δὲ δι’ Ἥφαιστον κλυτοτέχνην ἔργα δαέντες,tlg0013.tlg020.perseus-grc2.xml
Hymn 20,tlg020,1,6,ῥηιδίως αἰῶνα τελεσφόρον εἰς ἐνιαυτὸν,ῥηιδίως αἰῶνα τελεσφόρον εἰς ἐνιαυτὸν,tlg0013.tlg020.perseus-grc2.xml
Hymn 20,tlg020,1,7,εὔκηλοι διάγουσιν ἐνὶ σφετέροισι δόμοισιν.,εὔκηλοι διάγουσιν ἐνὶ σφετέροισι δόμοισιν.,tlg0013.tlg020.perseus-grc2.xml
Hymn 20,tlg020,1,8,"ἀλλʼ ἵληθʼ, Ἥφαιστε· δίδου δʼ ἀρετήν τε καὶ ὄλβον.","ἀλλ’ ἵληθ’, Ἥφαιστε· δίδου δ’ ἀρετήν τε καὶ ὄλβον.",tlg0013.tlg020.perseus-grc2.xml
Hymn 21,tlg021,1,1,"φοῖβε, σὲ μὲν καὶ κύκνος ὑπὸ πτερύγων λίγʼ ἀείδει,","φοῖβε, σὲ μὲν καὶ κύκνος ὑπὸ πτερύγων λίγ’ ἀείδει,",tlg0013.tlg021.perseus-grc2.xml
Hymn 21,tlg021,1,2,"ὄχθῃ ἐπιθρώσκων ποταμὸν πάρα δινήεντα,","ὄχθῃ ἐπιθρώσκων ποταμὸν πάρα δινήεντα,",tlg0013.tlg021.perseus-grc2.xml
Hymn 21,tlg021,1,3,Πηνειόν· σὲ δʼ ἀοιδὸς ἔχων φόρμιγγα λίγειαν,Πηνειόν· σὲ δ’ ἀοιδὸς ἔχων φόρμιγγα λίγειαν,tlg0013.tlg021.perseus-grc2.xml
Hymn 21,tlg021,1,4,ἡδυεπὴς πρῶτόν τε καὶ ὕστατον αἰὲν ἀείδει.,ἡδυεπὴς πρῶτόν τε καὶ ὕστατον αἰὲν ἀείδει.,tlg0013.tlg021.perseus-grc2.xml
Hymn 21,tlg021,1,5,"καὶ σὺ μὲν οὕτω χαῖρε, ἄναξ, ἵλαμαι δέ σʼ ἀοιδῇ.","καὶ σὺ μὲν οὕτω χαῖρε, ἄναξ, ἵλαμαι δέ σ’ ἀοιδῇ.",tlg0013.tlg021.perseus-grc2.xml
Hymn 22,tlg022,1,1,"ἀμφὶ Ποσειδάωνα, μέγαν θεόν, ἄρχομʼ ἀείδειν,","ἀμφὶ Ποσειδάωνα, μέγαν θεόν, ἄρχομ’ ἀείδειν,",tlg0013.tlg022.perseus-grc2.xml
Hymn 22,tlg022,1,2,"γαίης κινητῆρα καὶ ἀτρυγέτοιο θαλάσσης,","γαίης κινητῆρα καὶ ἀτρυγέτοιο θαλάσσης,",tlg0013.tlg022.perseus-grc2.xml
Hymn 22,tlg022,1,3,"πόντιον, ὅσθʼ Ἑλικῶνα καὶ εὐρείας ἔχει Αἰγάς.","πόντιον, ὅσθ’ Ἑλικῶνα καὶ εὐρείας ἔχει Αἰγάς.",tlg0013.tlg022.perseus-grc2.xml
Hymn 22,tlg022,1,4,"διχθά τοι, Ἐννοσίγαιε, θεοὶ τιμὴν ἐδάσαντο,","διχθά τοι, Ἐννοσίγαιε, θεοὶ τιμὴν ἐδάσαντο,",tlg0013.tlg022.perseus-grc2.xml
Hymn 22,tlg022,1,5,ἵππων τε δμητῆρʼ ἔμεναι σωτῆρά τε νηῶν.,ἵππων τε δμητῆρ’ ἔμεναι σωτῆρά τε νηῶν.,tlg0013.tlg022.perseus-grc2.xml
Hymn 22,tlg022,1,6,"χαῖρε, Ποσείδαον γαιήοχε, κυανοχαῖτα,","χαῖρε, Ποσείδαον γαιήοχε, κυανοχαῖτα,",tlg0013.tlg022.perseus-grc2.xml
Hymn 22,tlg022,1,7,"καί, μάκαρ, εὐμενὲς ἦτορ ἔχων πλώουσιν ἄρηγε.","καί, μάκαρ, εὐμενὲς ἦτορ ἔχων πλώουσιν ἄρηγε.",tlg0013.tlg022.perseus-grc2.xml
Hymn 23,tlg023,1,1,"Ζῆνα θεῶν τὸν ἄριστον ἀείσομαι ἠδὲ μέγιστον,","Ζῆνα θεῶν τὸν ἄριστον ἀείσομαι ἠδὲ μέγιστον,",tlg0013.tlg023.perseus-grc2.xml
Hymn 23,tlg023,1,2,"εὐρύοπα, κρείοντα, τελεσφόρον, ὅστε Θέμιστι","εὐρύοπα, κρείοντα, τελεσφόρον, ὅστε Θέμιστι",tlg0013.tlg023.perseus-grc2.xml
Hymn 23,tlg023,1,3,ἐγκλιδὸν ἑζομένῃ πυκινοὺς ὀάρους ὀαρίζει.,ἐγκλιδὸν ἑζομένῃ πυκινοὺς ὀάρους ὀαρίζει.,tlg0013.tlg023.perseus-grc2.xml
Hymn 23,tlg023,1,4,"ἵληθʼ, εὐρύοπα Κρονίδη, κύδιστε μέγιστε.","ἵληθ’, εὐρύοπα Κρονίδη, κύδιστε μέγιστε.",tlg0013.tlg023.perseus-grc2.xml
Hymn 24,tlg024,1,1,"Ἑστίη, ἥτε ἄνακτος Ἀπόλλωνος ἑκάτοιο","Ἑστίη, ἥτε ἄνακτος Ἀπόλλωνος ἑκάτοιο",tlg0013.tlg024.perseus-grc2.xml
Hymn 24,tlg024,1,2,"Πυθοῖ ἐν ἠγαθέῃ ἱερὸν δόμον ἀμφιπολεύεις,","Πυθοῖ ἐν ἠγαθέῃ ἱερὸν δόμον ἀμφιπολεύεις,",tlg0013.tlg024.perseus-grc2.xml
Hymn 24,tlg024,1,3,αἰεὶ σῶν πλοκάμων ἀπολείβεται ὑγρὸν ἔλαιον·,αἰεὶ σῶν πλοκάμων ἀπολείβεται ὑγρὸν ἔλαιον·,tlg0013.tlg024.perseus-grc2.xml
Hymn 24,tlg024,1,4,"ἔρχεο τόνδʼ ἀνὰ οἶκον, ἕνʼ ἔρχεο θυμὸν ἔχουσα","ἔρχεο τόνδ’ ἀνὰ οἶκον, ἕν’ ἔρχεο θυμὸν ἔχουσα",tlg0013.tlg024.perseus-grc2.xml
Hymn 24,tlg024,1,5,σὺν Διὶ μητιόεντι· χάριν δʼ ἅμʼ ὄπασσον ἀοιδῇ.,σὺν Διὶ μητιόεντι· χάριν δ’ ἅμ’ ὄπασσον ἀοιδῇ.,tlg0013.tlg024.perseus-grc2.xml
Hymn 25,tlg025,1,1,μουσάων ἄρχωμαι Ἀπόλλωνός τε Διός τε·,μουσάων ἄρχωμαι Ἀπόλλωνός τε Διός τε·,tlg0013.tlg025.perseus-grc2.xml
Hymn 25,tlg025,1,2,ἐκ γὰρ Μουσάων καὶ ἑκηβόλου Ἀπόλλωνος,ἐκ γὰρ Μουσάων καὶ ἑκηβόλου Ἀπόλλωνος,tlg0013.tlg025.perseus-grc2.xml
Hymn 25,tlg025,1,3,"ἄνδρες ἀοιδοὶ ἔασιν ἐπὶ χθονὶ καὶ κιθαρισταί,","ἄνδρες ἀοιδοὶ ἔασιν ἐπὶ χθονὶ καὶ κιθαρισταί,",tlg0013.tlg025.perseus-grc2.xml
Hymn 25,tlg025,1,4,"ἐκ δὲ Διὸς βασιλῆες· ὃ δʼ ὄλβιος, ὅν τινα Μοῦσαι","ἐκ δὲ Διὸς βασιλῆες· ὃ δ’ ὄλβιος, ὅν τινα Μοῦσαι",tlg0013.tlg025.perseus-grc2.xml
Hymn 25,tlg025,1,5,φίλωνται· γλυκερή οἱ ἀπὸ στόματος ῥέει αὐδή.,φίλωνται· γλυκερή οἱ ἀπὸ στόματος ῥέει αὐδή.,tlg0013.tlg025.perseus-grc2.xml
Hymn 25,tlg025,1,6,"χαίρετε, τέκνα Διός, καὶ ἐμὴν τιμήσατʼ ἀοιδήν·","χαίρετε, τέκνα Διός, καὶ ἐμὴν τιμήσατ’ ἀοιδήν·",tlg0013.tlg025.perseus-grc2.xml
Hymn 25,tlg025,1,7,αὐτὰρ ἐγὼν ὑμέων τε καὶ ἄλλης μνήσομʼ ἀοιδῆς.,αὐτὰρ ἐγὼν ὑμέων τε καὶ ἄλλης μνήσομ’ ἀοιδῆς.,tlg0013.tlg025.perseus-grc2.xml
Hymn 26,tlg026,1,1,"κισσοκόμην Διόνυσον ἐρίβρομον ἄρχομʼ ἀείδειν,","κισσοκόμην Διόνυσον ἐρίβρομον ἄρχομ’ ἀείδειν,",tlg0013.tlg026.perseus-grc2.xml
Hymn 26,tlg026,1,2,"Ζηνὸς καὶ Σεμέλης ἐρικυδέος ἀγλαὸν υἱόν,","Ζηνὸς καὶ Σεμέλης ἐρικυδέος ἀγλαὸν υἱόν,",tlg0013.tlg026.perseus-grc2.xml
Hymn 26,tlg026,1,3,ὃν τρέφον ἠύκομοι Νύμφαι παρὰ πατρὸς ἄνακτος,ὃν τρέφον ἠύκομοι Νύμφαι παρὰ πατρὸς ἄνακτος,tlg0013.tlg026.perseus-grc2.xml
Hymn 26,tlg026,1,4,δεξάμεναι κόλποισι καὶ ἐνδυκέως ἀτίταλλον,δεξάμεναι κόλποισι καὶ ἐνδυκέως ἀτίταλλον,tlg0013.tlg026.perseus-grc2.xml
Hymn 26,tlg026,1,5,Νύσης ἐν γυάλοις· ὃ δʼ ἀέξετο πατρὸς ἕκητι,Νύσης ἐν γυάλοις· ὃ δ’ ἀέξετο πατρὸς ἕκητι,tlg0013.tlg026.perseus-grc2.xml
Hymn 26,tlg026,1,6,ἄντρῳ ἐν εὐώδει μεταρίθμιος ἀθανάτοισιν.,ἄντρῳ ἐν εὐώδει μεταρίθμιος ἀθανάτοισιν.,tlg0013.tlg026.perseus-grc2.xml
Hymn 26,tlg026,1,7,"αὐτὰρ ἐπειδὴ τόνδε θεαὶ πολύυμνον ἔθρεψαν,","αὐτὰρ ἐπειδὴ τόνδε θεαὶ πολύυμνον ἔθρεψαν,",tlg0013.tlg026.perseus-grc2.xml
Hymn 26,tlg026,1,8,"δὴ τότε φοιτίζεσκε καθʼ ὑλήεντας ἐναύλους,","δὴ τότε φοιτίζεσκε καθ’ ὑλήεντας ἐναύλους,",tlg0013.tlg026.perseus-grc2.xml
Hymn 26,tlg026,1,9,κισσῷ καὶ δάφνῃ πεπυκασμένος· αἳ δʼ ἅμʼ ἕποντο,κισσῷ καὶ δάφνῃ πεπυκασμένος· αἳ δ’ ἅμ’ ἕποντο,tlg0013.tlg026.perseus-grc2.xml
Hymn 26,tlg026,1,10,"Νύμφαι, ὃ δʼ ἐξηγεῖτο· βρόμος δʼ ἔχεν ἄσπετον ὕλην.","Νύμφαι, ὃ δ’ ἐξηγεῖτο· βρόμος δ’ ἔχεν ἄσπετον ὕλην.",tlg0013.tlg026.perseus-grc2.xml
Hymn 26,tlg026,1,11,"καὶ σὺ μὲν οὕτω χαῖρε, πολυστάφυλʼ ὦ Διόνυσε·","καὶ σὺ μὲν οὕτω χαῖρε, πολυστάφυλ’ ὦ Διόνυσε·",tlg0013.tlg026.perseus-grc2.xml
Hymn 26,tlg026,1,12,"δὸς δʼ ἡμᾶς χαίροντας ἐς ὥρας αὖτις ἱκέσθαι,","δὸς δ’ ἡμᾶς χαίροντας ἐς ὥρας αὖτις ἱκέσθαι,",tlg0013.tlg026.perseus-grc2.xml
Hymn 26,tlg026,1,13,ἐκ δʼ αὖθʼ ὡράων εἰς τοὺς πολλοὺς ἐνιαυτούς.,ἐκ δ’ αὖθ’ ὡράων εἰς τοὺς πολλοὺς ἐνιαυτούς.,tlg0013.tlg026.perseus-grc2.xml
Hymn 27,tlg027,1,1,"Ἄρτεμιν ἀείδω χρυσηλάκατον, κελαδεινήν,","Ἄρτεμιν ἀείδω χρυσηλάκατον, κελαδεινήν,",tlg0013.tlg027.perseus-grc2.xml
Hymn 27,tlg027,1,2,"παρθένον αἰδοίην, ἐλαφηβόλον, ἰοχέαιραν,","παρθένον αἰδοίην, ἐλαφηβόλον, ἰοχέαιραν,",tlg0013.tlg027.perseus-grc2.xml
Hymn 27,tlg027,1,3,"αὐτοκασιγνήτην χρυσαόρου Ἀπόλλωνος,","αὐτοκασιγνήτην χρυσαόρου Ἀπόλλωνος,",tlg0013.tlg027.perseus-grc2.xml
Hymn 27,tlg027,1,4,ἣ κατ’ ὄρη σκιόεντα καὶ ἄκριας ἠνεμοέσσας,ἣ κατ’ ὄρη σκιόεντα καὶ ἄκριας ἠνεμοέσσας,tlg0013.tlg027.perseus-grc2.xml
Hymn 27,tlg027,1,5,ἄγρῃ τερπομένη παγχρύσεα τόξα τιταίνει,ἄγρῃ τερπομένη παγχρύσεα τόξα τιταίνει,tlg0013.tlg027.perseus-grc2.xml
Hymn 27,tlg027,1,6,πέμπουσα στονόεντα βέλη· τρομέει δὲ κάρηνα,πέμπουσα στονόεντα βέλη· τρομέει δὲ κάρηνα,tlg0013.tlg027.perseus-grc2.xml
Hymn 27,tlg027,1,7,"ὑψηλῶν ὀρέων, ἰάχει δ’ ἔπι δάσκιος ὕλη","ὑψηλῶν ὀρέων, ἰάχει δ’ ἔπι δάσκιος ὕλη",tlg0013.tlg027.perseus-grc2.xml
Hymn 27,tlg027,1,8,"δεινὸν ὑπὸ κλαγγῆς θηρῶν, φρίσσει δέ τε γαῖα","δεινὸν ὑπὸ κλαγγῆς θηρῶν, φρίσσει δέ τε γαῖα",tlg0013.tlg027.perseus-grc2.xml
Hymn 27,tlg027,1,9,πόντος τ’ ἰχθυόεις· ἣ δ’ ἄλκιμον ἦτορ ἔχουσα,πόντος τ’ ἰχθυόεις· ἣ δ’ ἄλκιμον ἦτορ ἔχουσα,tlg0013.tlg027.perseus-grc2.xml
Hymn 27,tlg027,1,10,πάντη ἐπιστρέφεται θηρῶν ὀλέκουσα γενέθλην.,πάντη ἐπιστρέφεται θηρῶν ὀλέκουσα γενέθλην.,tlg0013.tlg027.perseus-grc2.xml
Hymn 27,tlg027,1,11,"αὐτὰρ ἐπὴν τερφθῇ θηροσκόπος ἰοχέαιρα,","αὐτὰρ ἐπὴν τερφθῇ θηροσκόπος ἰοχέαιρα,",tlg0013.tlg027.perseus-grc2.xml
Hymn 27,tlg027,1,12,"εὐφρήνῃ δὲ νόον, χαλάσασ’ εὐκαμπέα τόξα","εὐφρήνῃ δὲ νόον, χαλάσασ’ εὐκαμπέα τόξα",tlg0013.tlg027.perseus-grc2.xml
Hymn 27,tlg027,1,13,"ἔρχεται ἐς μέγα δῶμα κασιγνήτοιο φίλοιο,","ἔρχεται ἐς μέγα δῶμα κασιγνήτοιο φίλοιο,",tlg0013.tlg027.perseus-grc2.xml
Hymn 27,tlg027,1,14,"Φοίβου Ἀπόλλωνος, Δελφῶν ἐς πίονα δῆμον,","Φοίβου Ἀπόλλωνος, Δελφῶν ἐς πίονα δῆμον,",tlg0013.tlg027.perseus-grc2.xml
Hymn 27,tlg027,1,15,Μουσῶν καὶ Χαρίτων καλὸν χορὸν ἀρτυνέουσα.,Μουσῶν καὶ Χαρίτων καλὸν χορὸν ἀρτυνέουσα.,tlg0013.tlg027.perseus-grc2.xml
Hymn 27,tlg027,1,16,ἔνθα κατακρεμάσασα παλίντονα τόξα καὶ ἰοὺς,ἔνθα κατακρεμάσασα παλίντονα τόξα καὶ ἰοὺς,tlg0013.tlg027.perseus-grc2.xml
Hymn 27,tlg027,1,17,"ἡγεῖται χαρίεντα περὶ χροῒ κόσμον ἔχουσα,","ἡγεῖται χαρίεντα περὶ χροῒ κόσμον ἔχουσα,",tlg0013.tlg027.perseus-grc2.xml
Hymn 27,tlg027,1,18,ἐξάρχουσα χορούς· αἳ δ’ ἀμβροσίην ὄπ’ ἰεῖσαι,ἐξάρχουσα χορούς· αἳ δ’ ἀμβροσίην ὄπ’ ἰεῖσαι,tlg0013.tlg027.perseus-grc2.xml
Hymn 27,tlg027,1,19,"ὑμνεῦσιν Λητὼ καλλίσφυρον, ὡς τέκε παῖδας","ὑμνεῦσιν Λητὼ καλλίσφυρον, ὡς τέκε παῖδας",tlg0013.tlg027.perseus-grc2.xml
Hymn 27,tlg027,1,20,ἀθανάτων βουλῇ τε καὶ ἔργμασιν ἔξοχ’ ἀρίστους.,ἀθανάτων βουλῇ τε καὶ ἔργμασιν ἔξοχ’ ἀρίστους.,tlg0013.tlg027.perseus-grc2.xml
Hymn 27,tlg027,1,21,"χαίρετε, τέκνα Διὸς καὶ Λητοῦς ἠυκόμοιο·","χαίρετε, τέκνα Διὸς καὶ Λητοῦς ἠυκόμοιο·",tlg0013.tlg027.perseus-grc2.xml
Hymn 27,tlg027,1,22,αὐτὰρ ἐγὼν ὑμέων τε καὶ ἄλλης μνήσομ’ ἀοιδῆς.,αὐτὰρ ἐγὼν ὑμέων τε καὶ ἄλλης μνήσομ’ ἀοιδῆς.,tlg0013.tlg027.perseus-grc2.xml
Hymn 28,tlg028,1,1,"Παλλάδ’ Ἀθηναίην, κυδρὴν θεόν, ἄρχομ’ ἀείδειν","Παλλάδ’ Ἀθηναίην, κυδρὴν θεόν, ἄρχομ’ ἀείδειν",tlg0013.tlg028.perseus-grc2.xml
Hymn 28,tlg028,1,2,"γλαυκῶπιν, πολύμητιν, ἀμείλιχον ἦτορ ἔχουσαν,","γλαυκῶπιν, πολύμητιν, ἀμείλιχον ἦτορ ἔχουσαν,",tlg0013.tlg028.perseus-grc2.xml
Hymn 28,tlg028,1,3,"παρθένον αἰδοίην, ἐρυσίπτολιν, ἀλκήεσσαν,","παρθένον αἰδοίην, ἐρυσίπτολιν, ἀλκήεσσαν,",tlg0013.tlg028.perseus-grc2.xml
Hymn 28,tlg028,1,4,"Τριτογενῆ, τὴν αὐτὸς ἐγείνατο μητίετα Ζεὺς","Τριτογενῆ, τὴν αὐτὸς ἐγείνατο μητίετα Ζεὺς",tlg0013.tlg028.perseus-grc2.xml
Hymn 28,tlg028,1,5,"σεμνῆς ἐκ κεφαλῆς, πολεμήια τεύχε’ ἔχουσαν,","σεμνῆς ἐκ κεφαλῆς, πολεμήια τεύχε’ ἔχουσαν,",tlg0013.tlg028.perseus-grc2.xml
Hymn 28,tlg028,1,6,"χρύσεα, παμφανόωντα· σέβας δ’ ἔχε πάντας ὁρῶντας","χρύσεα, παμφανόωντα· σέβας δ’ ἔχε πάντας ὁρῶντας",tlg0013.tlg028.perseus-grc2.xml
Hymn 28,tlg028,1,7,ἀθανάτους· ἣ δὲ πρόσθεν Διὸς αἰγιόχοιο,ἀθανάτους· ἣ δὲ πρόσθεν Διὸς αἰγιόχοιο,tlg0013.tlg028.perseus-grc2.xml
Hymn 28,tlg028,1,8,"ἐσσυμένως ὤρουσεν ἀπ’ ἀθανάτοιο καρήνου,","ἐσσυμένως ὤρουσεν ἀπ’ ἀθανάτοιο καρήνου,",tlg0013.tlg028.perseus-grc2.xml
Hymn 28,tlg028,1,9,σείσασ’ ὀξὺν ἄκοντα· μέγας δ’ ἐλελίζετ’ Ὄλυμπος,σείσασ’ ὀξὺν ἄκοντα· μέγας δ’ ἐλελίζετ’ Ὄλυμπος,tlg0013.tlg028.perseus-grc2.xml
Hymn 28,tlg028,1,10,δεινὸν ὑπὸ βρίμης γλαυκώπιδος· ἀμφὶ δὲ γαῖα,δεινὸν ὑπὸ βρίμης γλαυκώπιδος· ἀμφὶ δὲ γαῖα,tlg0013.tlg028.perseus-grc2.xml
Hymn 28,tlg028,1,11,"σμερδαλέον ἰάχησεν· ἐκινήθη δ’ ἄρα πόντος,","σμερδαλέον ἰάχησεν· ἐκινήθη δ’ ἄρα πόντος,",tlg0013.tlg028.perseus-grc2.xml
Hymn 28,tlg028,1,12,κύμασι πορφυρέοισι κυκώμενος· ἔκχυτο δ’ ἅλμη,κύμασι πορφυρέοισι κυκώμενος· ἔκχυτο δ’ ἅλμη,tlg0013.tlg028.perseus-grc2.xml
Hymn 28,tlg028,1,13,ἐξαπίνης· στῆσεν δ’ Ὑπερίονος ἀγλαὸς υἱὸς,ἐξαπίνης· στῆσεν δ’ Ὑπερίονος ἀγλαὸς υἱὸς,tlg0013.tlg028.perseus-grc2.xml
Hymn 28,tlg028,1,14,"ἵππους ὠκύποδας δηρὸν χρόνον, εἰσότε κούρη","ἵππους ὠκύποδας δηρὸν χρόνον, εἰσότε κούρη",tlg0013.tlg028.perseus-grc2.xml
Hymn 28,tlg028,1,15,εἵλετ’ ἀπ’ ἀθανάτων ὤμων θεοείκελα τεύχη,εἵλετ’ ἀπ’ ἀθανάτων ὤμων θεοείκελα τεύχη,tlg0013.tlg028.perseus-grc2.xml
Hymn 28,tlg028,1,16,Παλλὰς Ἀθηναίη· γήθησε δὲ μητίετα Ζεύς.,Παλλὰς Ἀθηναίη· γήθησε δὲ μητίετα Ζεύς.,tlg0013.tlg028.perseus-grc2.xml
Hymn 28,tlg028,1,17,"καὶ σὺ μὲν οὕτω χαῖρε, Διὸς τέκος αἰγιόχοιο·","καὶ σὺ μὲν οὕτω χαῖρε, Διὸς τέκος αἰγιόχοιο·",tlg0013.tlg028.perseus-grc2.xml
Hymn 28,tlg028,1,18,αὐτὰρ ἐγὼ καὶ σεῖο καὶ ἄλλης μνήσομ’ ἀοιδῆς.,αὐτὰρ ἐγὼ καὶ σεῖο καὶ ἄλλης μνήσομ’ ἀοιδῆς.,tlg0013.tlg028.perseus-grc2.xml
Hymn 29,tlg029,1,1,"ἑστίη, ἣ πάντων ἐν δώμασιν ὑψηλοῖσιν","ἑστίη, ἣ πάντων ἐν δώμασιν ὑψηλοῖσιν",tlg0013.tlg029.perseus-grc2.xml
Hymn 29,tlg029,1,2,ἀθανάτων τε θεῶν χαμαὶ ἐρχομένων τ’ ἀνθρώπων,ἀθανάτων τε θεῶν χαμαὶ ἐρχομένων τ’ ἀνθρώπων,tlg0013.tlg029.perseus-grc2.xml
Hymn 29,tlg029,1,3,"ἕδρην ἀίδιον ἔλαχες, πρεσβηίδα τιμήν,","ἕδρην ἀίδιον ἔλαχες, πρεσβηίδα τιμήν,",tlg0013.tlg029.perseus-grc2.xml
Hymn 29,tlg029,1,4,καλὸν ἔχουσα γέρας καὶ τίμιον· οὐ γὰρ ἄτερ σοῦ,καλὸν ἔχουσα γέρας καὶ τίμιον· οὐ γὰρ ἄτερ σοῦ,tlg0013.tlg029.perseus-grc2.xml
Hymn 29,tlg029,1,5,"εἰλαπίναι θνητοῖσιν, ἵν’ οὐ πρώτῃ πυμάτῃ τε","εἰλαπίναι θνητοῖσιν, ἵν’ οὐ πρώτῃ πυμάτῃ τε",tlg0013.tlg029.perseus-grc2.xml
Hymn 29,tlg029,1,6,Ἑστίῃ ἀρχόμενος σπένδει μελιηδέα οἶνον·,Ἑστίῃ ἀρχόμενος σπένδει μελιηδέα οἶνον·,tlg0013.tlg029.perseus-grc2.xml
Hymn 29,tlg029,1,7,"καὶ σύ μοι, Ἀργειφόντα, Διὸς καὶ Μαιάδος υἱέ,","καὶ σύ μοι, Ἀργειφόντα, Διὸς καὶ Μαιάδος υἱέ,",tlg0013.tlg029.perseus-grc2.xml
Hymn 29,tlg029,1,8,"ἄγγελε τῶν μακάρων, χρυσόρραπι, δῶτορ ἐάων,","ἄγγελε τῶν μακάρων, χρυσόρραπι, δῶτορ ἐάων,",tlg0013.tlg029.perseus-grc2.xml
Hymn 29,tlg029,1,10,ἵλαος ὢν ἐπάρηγε σὺν αἰδοίῃ τε φίλῃ τε.,ἵλαος ὢν ἐπάρηγε σὺν αἰδοίῃ τε φίλῃ τε.,tlg0013.tlg029.perseus-grc2.xml
Hymn 29,tlg029,1,9,"ναίετε δώματα καλά, φίλα φρεσὶν ἀλλήλοισιν","ναίετε δώματα καλά, φίλα φρεσὶν ἀλλήλοισιν",tlg0013.tlg029.perseus-grc2.xml
Hymn 29,tlg029,1,11,εἰδότες· ἀμφότεροι γὰρ ἐπιχθονίων ἀνθρώπων,εἰδότες· ἀμφότεροι γὰρ ἐπιχθονίων ἀνθρώπων,tlg0013.tlg029.perseus-grc2.xml
Hymn 29,tlg029,1,12,εἰδότες ἔργματα καλὰ νόῳ θ’ ἕσπεσθε καὶ ἥβῃ.,εἰδότες ἔργματα καλὰ νόῳ θ’ ἕσπεσθε καὶ ἥβῃ.,tlg0013.tlg029.perseus-grc2.xml
Hymn 29,tlg029,1,13,"χαῖρε, Κρόνου θύγατερ, σύ τε καὶ χρυσόρραπις Ἑρμῆς·","χαῖρε, Κρόνου θύγατερ, σύ τε καὶ χρυσόρραπις Ἑρμῆς·",tlg0013.tlg029.perseus-grc2.xml
Hymn 29,tlg029,1,14,αὐτὰρ ἐγὼν ὑμέων τε καὶ ἄλλης μνήσομ’ ἀοιδῆς.,αὐτὰρ ἐγὼν ὑμέων τε καὶ ἄλλης μνήσομ’ ἀοιδῆς.,tlg0013.tlg029.perseus-grc2.xml
Hymn 30,tlg030,1,1,"γαῖαν παμμήτειραν ἀείσομαι, ἠυθέμεθλον,","γαῖαν παμμήτειραν ἀείσομαι, ἠυθέμεθλον,",tlg0013.tlg030.perseus-grc2.xml
Hymn 30,tlg030,1,2,"πρεσβίστην, ἣ φέρβει ἐπὶ χθονὶ πάνθʼ ὁπόσʼ ἐστίν,","πρεσβίστην, ἣ φέρβει ἐπὶ χθονὶ πάνθ’ ὁπόσ’ ἐστίν,",tlg0013.tlg030.perseus-grc2.xml
Hymn 30,tlg030,1,3,ἠμὲν ὅσα χθόνα δῖαν ἐπέρχεται ἠδʼ ὅσα πόντον,ἠμὲν ὅσα χθόνα δῖαν ἐπέρχεται ἠδ’ ὅσα πόντον,tlg0013.tlg030.perseus-grc2.xml
Hymn 30,tlg030,1,4,"ἠδʼ ὅσα πωτῶνται, τάδε φέρβεται ἐκ σέθεν ὄλβου.","ἠδ’ ὅσα πωτῶνται, τάδε φέρβεται ἐκ σέθεν ὄλβου.",tlg0013.tlg030.perseus-grc2.xml
Hymn 30,tlg030,1,5,"ἐκ σέο δʼ εὔπαιδές τε καὶ εὔκαρποι τελέθουσι,","ἐκ σέο δ’ εὔπαιδές τε καὶ εὔκαρποι τελέθουσι,",tlg0013.tlg030.perseus-grc2.xml
Hymn 30,tlg030,1,6,"πότνια, σεῦ δʼ ἔχεται δοῦναι βίον ἠδʼ ἀφελέσθαι","πότνια, σεῦ δ’ ἔχεται δοῦναι βίον ἠδ’ ἀφελέσθαι",tlg0013.tlg030.perseus-grc2.xml
Hymn 30,tlg030,1,7,"θνητοῖς ἀνθρώποισιν· ὃ δʼ ὄλβιος, ὅν κε σὺ θυμῷ","θνητοῖς ἀνθρώποισιν· ὃ δ’ ὄλβιος, ὅν κε σὺ θυμῷ",tlg0013.tlg030.perseus-grc2.xml
Hymn 30,tlg030,1,8,πρόφρων τιμήσῃς· τῷ τʼ ἄφθονα πάντα πάρεστι.,πρόφρων τιμήσῃς· τῷ τ’ ἄφθονα πάντα πάρεστι.,tlg0013.tlg030.perseus-grc2.xml
Hymn 30,tlg030,1,9,βρίθει μέν σφιν ἄρουρα φερέσβιος ἠδὲ κατʼ ἀγροὺς,βρίθει μέν σφιν ἄρουρα φερέσβιος ἠδὲ κατ’ ἀγροὺς,tlg0013.tlg030.perseus-grc2.xml
Hymn 30,tlg030,1,10,"κτήνεσιν εὐθηνεῖ, οἶκος δʼ ἐμπίπλαται ἐσθλῶν·","κτήνεσιν εὐθηνεῖ, οἶκος δ’ ἐμπίπλαται ἐσθλῶν·",tlg0013.tlg030.perseus-grc2.xml
Hymn 30,tlg030,1,11,αὐτοὶ δʼ εὐνομίῃσι πόλιν κάτα καλλιγύναικα,αὐτοὶ δ’ εὐνομίῃσι πόλιν κάτα καλλιγύναικα,tlg0013.tlg030.perseus-grc2.xml
Hymn 30,tlg030,1,12,"κοιρανέουσʼ, ὄλβος δὲ πολὺς καὶ πλοῦτος ὀπηδεῖ·","κοιρανέουσ’, ὄλβος δὲ πολὺς καὶ πλοῦτος ὀπηδεῖ·",tlg0013.tlg030.perseus-grc2.xml
Hymn 30,tlg030,1,13,παῖδες δʼ εὐφροσύνῃ νεοθηλέι κυδιόωσι,παῖδες δ’ εὐφροσύνῃ νεοθηλέι κυδιόωσι,tlg0013.tlg030.perseus-grc2.xml
Hymn 30,tlg030,1,14,παρθενικαί τε χοροῖς πολυανθέσιν εὔφρονι θυμῷ,παρθενικαί τε χοροῖς πολυανθέσιν εὔφρονι θυμῷ,tlg0013.tlg030.perseus-grc2.xml
Hymn 30,tlg030,1,15,"παίζουσαι σκαίρουσι κατʼ ἄνθεα μαλθακὰ ποίης,","παίζουσαι σκαίρουσι κατ’ ἄνθεα μαλθακὰ ποίης,",tlg0013.tlg030.perseus-grc2.xml
Hymn 30,tlg030,1,16,"οὕς κε σὺ τιμήσῃς, σεμνὴ θεά, ἄφθονε δαῖμον.","οὕς κε σὺ τιμήσῃς, σεμνὴ θεά, ἄφθονε δαῖμον.",tlg0013.tlg030.perseus-grc2.xml
Hymn 30,tlg030,1,17,"χαῖρε, θεῶν μήτηρ, ἄλοχʼ Οὐρανοῦ ἀστερόεντος,","χαῖρε, θεῶν μήτηρ, ἄλοχ’ Οὐρανοῦ ἀστερόεντος,",tlg0013.tlg030.perseus-grc2.xml
Hymn 30,tlg030,1,18,πρόφρων δʼ ἀντʼ ᾠδῆς βίοτον θυμήρεʼ ὄπαζε·,πρόφρων δ’ ἀντ’ ᾠδῆς βίοτον θυμήρε’ ὄπαζε·,tlg0013.tlg030.perseus-grc2.xml
Hymn 30,tlg030,1,19,αὐτὰρ ἐγὼ καὶ σεῖο καὶ ἄλλης μνήσομʼ ἀοιδῆς.,αὐτὰρ ἐγὼ καὶ σεῖο καὶ ἄλλης μνήσομ’ ἀοιδῆς.,tlg0013.tlg030.perseus-grc2.xml
Hymn 31,tlg031,1,1,"ἥλιον ὑμνεῖν αὖτε Διὸς τέκος ἄρχεο Μοῦσα,","ἥλιον ὑμνεῖν αὖτε Διὸς τέκος ἄρχεο Μοῦσα,",tlg0013.tlg031.perseus-grc2.xml
Hymn 31,tlg031,1,2,"Καλλιόπη, φαέθοντα, τὸν Εὐρυφάεσσα βοῶπις","Καλλιόπη, φαέθοντα, τὸν Εὐρυφάεσσα βοῶπις",tlg0013.tlg031.perseus-grc2.xml
Hymn 31,tlg031,1,3,γείνατο Γαίης παιδὶ καὶ Οὐρανοῦ ἀστερόεντος·,γείνατο Γαίης παιδὶ καὶ Οὐρανοῦ ἀστερόεντος·,tlg0013.tlg031.perseus-grc2.xml
Hymn 31,tlg031,1,4,"γῆμε γὰρ Εὐρυφάεσσαν ἀγακλειτὴν Ὑπερίων,","γῆμε γὰρ Εὐρυφάεσσαν ἀγακλειτὴν Ὑπερίων,",tlg0013.tlg031.perseus-grc2.xml
Hymn 31,tlg031,1,5,"αὐτοκασιγνήτην, ἥ οἱ τέκε κάλλιμα τέκνα,","αὐτοκασιγνήτην, ἥ οἱ τέκε κάλλιμα τέκνα,",tlg0013.tlg031.perseus-grc2.xml
Hymn 31,tlg031,1,6,Ἠῶ τε ῥοδόπηχυν ἐυπλόκαμόν τε Σελήνην,Ἠῶ τε ῥοδόπηχυν ἐυπλόκαμόν τε Σελήνην,tlg0013.tlg031.perseus-grc2.xml
Hymn 31,tlg031,1,7,"Ἠέλιόν τʼ ἀκάμαντʼ, ἐπιείκελον ἀθανάτοισιν,","Ἠέλιόν τ’ ἀκάμαντ’, ἐπιείκελον ἀθανάτοισιν,",tlg0013.tlg031.perseus-grc2.xml
Hymn 31,tlg031,1,8,ὃς φαίνει θνητοῖσι καὶ ἀθανάτοισι θεοῖσιν,ὃς φαίνει θνητοῖσι καὶ ἀθανάτοισι θεοῖσιν,tlg0013.tlg031.perseus-grc2.xml
Hymn 31,tlg031,1,9,ἵπποις ἐμβεβαώς· σμερδνὸν δʼ ὅ γε δέρκεται ὄσσοις,ἵπποις ἐμβεβαώς· σμερδνὸν δ’ ὅ γε δέρκεται ὄσσοις,tlg0013.tlg031.perseus-grc2.xml
Hymn 31,tlg031,1,10,χρυσέης ἐκ κόρυθος· λαμπραὶ δʼ ἀκτῖνες ἀπʼ αὐτοῦ,χρυσέης ἐκ κόρυθος· λαμπραὶ δ’ ἀκτῖνες ἀπ’ αὐτοῦ,tlg0013.tlg031.perseus-grc2.xml
Hymn 31,tlg031,1,11,αἰγλῆεν στίλβουσι παρὰ κροτάφων δέ τʼ ἔθειραι,αἰγλῆεν στίλβουσι παρὰ κροτάφων δέ τ’ ἔθειραι,tlg0013.tlg031.perseus-grc2.xml
Hymn 31,tlg031,1,12,λαμπραὶ ἀπὸ κρατὸς χαρίεν κατέχουσι πρόσωπον,λαμπραὶ ἀπὸ κρατὸς χαρίεν κατέχουσι πρόσωπον,tlg0013.tlg031.perseus-grc2.xml
Hymn 31,tlg031,1,13,τηλαυγές· καλὸν δὲ περὶ χροῒ λάμπεται ἔσθος,τηλαυγές· καλὸν δὲ περὶ χροῒ λάμπεται ἔσθος,tlg0013.tlg031.perseus-grc2.xml
Hymn 31,tlg031,1,14,"λεπτουργές, πνοιῇ ἀνέμων· ὕπο δʼ ἄρσενες ἵπποι.","λεπτουργές, πνοιῇ ἀνέμων· ὕπο δ’ ἄρσενες ἵπποι.",tlg0013.tlg031.perseus-grc2.xml
Hymn 31,tlg031,1,15,"ἔνθʼ ἄρʼ ὅ γε στήσας χρυσόζυγον ἅρμα καὶ ἵππους,","ἔνθ’ ἄρ’ ὅ γε στήσας χρυσόζυγον ἅρμα καὶ ἵππους,",tlg0013.tlg031.perseus-grc2.xml
Hymn 31,tlg031,1,15a,"αὐτόθι παύεται ἄκρου ἐπʼ οὐρανοῦ, εἰσόκεν αὖτις","αὐτόθι παύεται ἄκρου ἐπ’ οὐρανοῦ, εἰσόκεν αὖτις",tlg0013.tlg031.perseus-grc2.xml
Hymn 31,tlg031,1,16,θεσπέσιος πέμπῃσι διʼ οὐρανοῦ Ὠκεανόνδε.,θεσπέσιος πέμπῃσι δι’ οὐρανοῦ Ὠκεανόνδε.,tlg0013.tlg031.perseus-grc2.xml
Hymn 31,tlg031,1,17,"χαῖρε, ἄναξ, πρόφρων δὲ βίον θυμήρεʼ ὄπαζε.","χαῖρε, ἄναξ, πρόφρων δὲ βίον θυμήρε’ ὄπαζε.",tlg0013.tlg031.perseus-grc2.xml
Hymn 31,tlg031,1,18,ἐκ σέο δʼ ἀρξάμενος κλῄσω μερόπων γένος ἀνδρῶν,ἐκ σέο δ’ ἀρξάμενος κλῄσω μερόπων γένος ἀνδρῶν,tlg0013.tlg031.perseus-grc2.xml
Hymn 31,tlg031,1,19,"ἡμιθέων, ὧν ἔργα θεαὶ θνητοῖσιν ἔδειξαν.","ἡμιθέων, ὧν ἔργα θεαὶ θνητοῖσιν ἔδειξαν.",tlg0013.tlg031.perseus-grc2.xml
Hymn 32,tlg032,1,1,"μήνην ἀείδειν τανυσίπτερον ἔσπετε, Μοῦσαι,","μήνην ἀείδειν τανυσίπτερον ἔσπετε, Μοῦσαι,",tlg0013.tlg032.perseus-grc2.xml
Hymn 32,tlg032,1,2,"ἡδυεπεῖς κοῦραι Κρονίδεω Διός, ἵστορες ᾠδῆς·","ἡδυεπεῖς κοῦραι Κρονίδεω Διός, ἵστορες ᾠδῆς·",tlg0013.tlg032.perseus-grc2.xml
Hymn 32,tlg032,1,3,ἧς ἄπο αἴγλη γαῖαν ἑλίσσεται οὐρανόδεικτος,ἧς ἄπο αἴγλη γαῖαν ἑλίσσεται οὐρανόδεικτος,tlg0013.tlg032.perseus-grc2.xml
Hymn 32,tlg032,1,4,"κρατὸς ἀπʼ ἀθανάτοιο, πολὺς δʼ ὑπὸ κόσμος ὄρωρεν","κρατὸς ἀπ’ ἀθανάτοιο, πολὺς δ’ ὑπὸ κόσμος ὄρωρεν",tlg0013.tlg032.perseus-grc2.xml
Hymn 32,tlg032,1,5,αἴγλης λαμπούσης· στίλβει δέ τʼ ἀλάμπετος ἀὴρ,αἴγλης λαμπούσης· στίλβει δέ τ’ ἀλάμπετος ἀὴρ,tlg0013.tlg032.perseus-grc2.xml
Hymn 32,tlg032,1,6,"χρυσέου ἀπὸ στεφάνου, ἀκτῖνες δʼ ἐνδιάονται,","χρυσέου ἀπὸ στεφάνου, ἀκτῖνες δ’ ἐνδιάονται,",tlg0013.tlg032.perseus-grc2.xml
Hymn 32,tlg032,1,7,"εὖτʼ ἂν ἀπʼ Ὠκεανοῖο λοεσσαμένη χρόα καλόν,","εὖτ’ ἂν ἀπ’ Ὠκεανοῖο λοεσσαμένη χρόα καλόν,",tlg0013.tlg032.perseus-grc2.xml
Hymn 32,tlg032,1,8,"εἵματα ἑσσαμένη τηλαυγέα δῖα Σελήνη,","εἵματα ἑσσαμένη τηλαυγέα δῖα Σελήνη,",tlg0013.tlg032.perseus-grc2.xml
Hymn 32,tlg032,1,9,"ζευξαμένη πώλους ἐριαύχενας, αἰγλήεντας,","ζευξαμένη πώλους ἐριαύχενας, αἰγλήεντας,",tlg0013.tlg032.perseus-grc2.xml
Hymn 32,tlg032,1,10,"ἐσσυμένως προτέρωσʼ ἐλάσῃ καλλίτριχας ἵππους,","ἐσσυμένως προτέρωσ’ ἐλάσῃ καλλίτριχας ἵππους,",tlg0013.tlg032.perseus-grc2.xml
Hymn 32,tlg032,1,11,"ἑσπερίη, διχόμηνος· ὃ δὲ πλήθει μέγας ὄγμος","ἑσπερίη, διχόμηνος· ὃ δὲ πλήθει μέγας ὄγμος",tlg0013.tlg032.perseus-grc2.xml
Hymn 32,tlg032,1,12,λαμπρόταταί τʼ αὐγαὶ τότʼ ἀεξομένης τελέθουσιν,λαμπρόταταί τ’ αὐγαὶ τότ’ ἀεξομένης τελέθουσιν,tlg0013.tlg032.perseus-grc2.xml
Hymn 32,tlg032,1,13,οὐρανόθεν· τέκμωρ δὲ βροτοῖς καὶ σῆμα τέτυκται.,οὐρανόθεν· τέκμωρ δὲ βροτοῖς καὶ σῆμα τέτυκται.,tlg0013.tlg032.perseus-grc2.xml
Hymn 32,tlg032,1,14,τῇ ῥά ποτε Κρονίδης ἐμίγη φιλότητι καὶ εὐνῇ·,τῇ ῥά ποτε Κρονίδης ἐμίγη φιλότητι καὶ εὐνῇ·,tlg0013.tlg032.perseus-grc2.xml
Hymn 32,tlg032,1,15,"ἣ δʼ ὑποκυσαμένη Πανδείην γείνατο κούρην,","ἣ δ’ ὑποκυσαμένη Πανδείην γείνατο κούρην,",tlg0013.tlg032.perseus-grc2.xml
Hymn 32,tlg032,1,16,ἐκπρεπὲς εἶδος ἔχουσαν ἐν ἀθανάτοισι θεοῖσι.,ἐκπρεπὲς εἶδος ἔχουσαν ἐν ἀθανάτοισι θεοῖσι.,tlg0013.tlg032.perseus-grc2.xml
Hymn 32,tlg032,1,17,"χαῖρε, ἄνασσα, θεὰ λευκώλενε, δῖα Σελήνη,","χαῖρε, ἄνασσα, θεὰ λευκώλενε, δῖα Σελήνη,",tlg0013.tlg032.perseus-grc2.xml
Hymn 32,tlg032,1,18,"πρόφρον, ἐυπλόκαμος· σέο δʼ ἀρχόμενος κλέα φωτῶν","πρόφρον, ἐυπλόκαμος· σέο δ’ ἀρχόμενος κλέα φωτῶν",tlg0013.tlg032.perseus-grc2.xml
Hymn 32,tlg032,1,19,"ᾄσομαι ἡμιθέων, ὧν κλείουσʼ ἔργματʼ ἀοιδοί,","ᾄσομαι ἡμιθέων, ὧν κλείουσ’ ἔργματ’ ἀοιδοί,",tlg0013.tlg032.perseus-grc2.xml
Hymn 32,tlg032,1,20,"Μουσάων θεράποντες, ἀπὸ στομάτων ἐροέντων.","Μουσάων θεράποντες, ἀπὸ στομάτων ἐροέντων.",tlg0013.tlg032.perseus-grc2.xml
Hymn 33,tlg033,1,1,"ἀμφὶ Διὸς κούρους, ἑλικώπιδες ἔσπετε Μοῦσαι,","ἀμφὶ Διὸς κούρους, ἑλικώπιδες ἔσπετε Μοῦσαι,",tlg0013.tlg033.perseus-grc2.xml
Hymn 33,tlg033,1,2,"Τυνδαρίδας, Λήδης καλλισφύρου ἀγλαὰ τέκνα,","Τυνδαρίδας, Λήδης καλλισφύρου ἀγλαὰ τέκνα,",tlg0013.tlg033.perseus-grc2.xml
Hymn 33,tlg033,1,3,"Κάστορά θ’ ἱππόδαμον καὶ ἀμώμητον Πολυδεύκεα,","Κάστορά θ’ ἱππόδαμον καὶ ἀμώμητον Πολυδεύκεα,",tlg0013.tlg033.perseus-grc2.xml
Hymn 33,tlg033,1,4,τοὺς ὑπὸ Ταϋγέτου κορυφῇ ὄρεος μεγάλοιο,τοὺς ὑπὸ Ταϋγέτου κορυφῇ ὄρεος μεγάλοιο,tlg0013.tlg033.perseus-grc2.xml
Hymn 33,tlg033,1,5,μιχθεῖσ’ ἐν φιλότητι κελαινεφέι Κρονίωνι,μιχθεῖσ’ ἐν φιλότητι κελαινεφέι Κρονίωνι,tlg0013.tlg033.perseus-grc2.xml
Hymn 33,tlg033,1,6,σωτῆρας τέκε παῖδας ἐπιχθονίων ἀνθρώπων,σωτῆρας τέκε παῖδας ἐπιχθονίων ἀνθρώπων,tlg0013.tlg033.perseus-grc2.xml
Hymn 33,tlg033,1,7,"ὠκυπόρων τε νεῶν, ὅτε τε σπέρχωσιν ἄελλαι","ὠκυπόρων τε νεῶν, ὅτε τε σπέρχωσιν ἄελλαι",tlg0013.tlg033.perseus-grc2.xml
Hymn 33,tlg033,1,8,χειμέριαι κατὰ πόντον ἀμείλιχον· οἳ δ’ ἀπὸ νηῶν,χειμέριαι κατὰ πόντον ἀμείλιχον· οἳ δ’ ἀπὸ νηῶν,tlg0013.tlg033.perseus-grc2.xml
Hymn 33,tlg033,1,9,εὐχόμενοι καλέουσι Διὸς κούρους μεγάλοιο,εὐχόμενοι καλέουσι Διὸς κούρους μεγάλοιο,tlg0013.tlg033.perseus-grc2.xml
Hymn 33,tlg033,1,10,"ἄρνεσσιν λευκοῖσιν, ἐπ’ ἀκρωτήρια βάντες","ἄρνεσσιν λευκοῖσιν, ἐπ’ ἀκρωτήρια βάντες",tlg0013.tlg033.perseus-grc2.xml
Hymn 33,tlg033,1,11,πρύμνης· τὴν δ’ ἄνεμός τε μέγας καὶ κῦμα θαλάσσης,πρύμνης· τὴν δ’ ἄνεμός τε μέγας καὶ κῦμα θαλάσσης,tlg0013.tlg033.perseus-grc2.xml
Hymn 33,tlg033,1,12,θῆκαν ὑποβρυχίην· οἳ δ’ ἐξαπίνης ἐφάνησαν,θῆκαν ὑποβρυχίην· οἳ δ’ ἐξαπίνης ἐφάνησαν,tlg0013.tlg033.perseus-grc2.xml
Hymn 33,tlg033,1,13,"ξουθῇσι πτερύγεσσι δι’ αἰθέρος ἀίξαντες,","ξουθῇσι πτερύγεσσι δι’ αἰθέρος ἀίξαντες,",tlg0013.tlg033.perseus-grc2.xml
Hymn 33,tlg033,1,14,"αὐτίκα δ’ ἀργαλέων ἀνέμων κατέπαυσαν ἀέλλας,","αὐτίκα δ’ ἀργαλέων ἀνέμων κατέπαυσαν ἀέλλας,",tlg0013.tlg033.perseus-grc2.xml
Hymn 33,tlg033,1,15,"κύματα δ’ ἐστόρεσαν λευκῆς ἁλὸς ἐν πελάγεσσι,","κύματα δ’ ἐστόρεσαν λευκῆς ἁλὸς ἐν πελάγεσσι,",tlg0013.tlg033.perseus-grc2.xml
Hymn 33,tlg033,1,16,"σήματα καλά, πόνου ἀπονόσφισιν· οἳ δὲ ἰδόντες","σήματα καλά, πόνου ἀπονόσφισιν· οἳ δὲ ἰδόντες",tlg0013.tlg033.perseus-grc2.xml
Hymn 33,tlg033,1,17,"γήθησαν, παύσαντο δ’ ὀιζυροῖο πόνοιο.","γήθησαν, παύσαντο δ’ ὀιζυροῖο πόνοιο.",tlg0013.tlg033.perseus-grc2.xml
Hymn 33,tlg033,1,18,"χαίρετε, Τυνδαρίδαι, ταχέων ἐπιβήτορες ἵππων·","χαίρετε, Τυνδαρίδαι, ταχέων ἐπιβήτορες ἵππων·",tlg0013.tlg033.perseus-grc2.xml
Hymn 33,tlg033,1,19,αὐτὰρ ἐγὼν ὑμέων τε καὶ ἄλλης μνήσομ’ ἀοιδῆς.,αὐτὰρ ἐγὼν ὑμέων τε καὶ ἄλλης μνήσομ’ ἀοιδῆς.,tlg0013.tlg033.perseus-grc2.xml
