work,tlg,book,n,text,text_clean,source
Idylls,tlg001,1,1,"Ἁδύ τι τὸ ψιθύρισμα καὶ ἁ πίτυς αἰπόλε τήνα,","Ἁδύ τι τὸ ψιθύρισμα καὶ ἁ πίτυς αἰπόλε τήνα,",tlg0005.tlg001.perseus-grc2.xml
Idylls,tlg001,1,2,"ἃ ποτὶ ταῖς παγαῖσι μελίσδεται, ἁδὺ δὲ καὶ τὺ","ἃ ποτὶ ταῖς παγαῖσι μελίσδεται, ἁδὺ δὲ καὶ τὺ",tlg0005.tlg001.perseus-grc2.xml
Idylls,tlg001,1,3,συρίσδες· μετὰ Πᾶνα τὸ δεύτερον ἆθλον ἀποισῇ.,συρίσδες· μετὰ Πᾶνα τὸ δεύτερον ἆθλον ἀποισῇ.,tlg0005.tlg001.perseus-grc2.xml
Idylls,tlg001,1,4,"αἴκα τῆνος ἕλῃ κεραὸν τράγον, αἶγα τὺ λαψῇ.","αἴκα τῆνος ἕλῃ κεραὸν τράγον, αἶγα τὺ λαψῇ.",tlg0005.tlg001.perseus-grc2.xml
Idylls,tlg001,1,5,"αἴκα δʼ αἶγα λάβῃ τῆνος γέρας, ἐς τὲ καταρρεῖ","αἴκα δ’ αἶγα λάβῃ τῆνος γέρας, ἐς τὲ καταρρεῖ",tlg0005.tlg001.perseus-grc2.xml
Idylls,tlg001,1,6,"ἁ χίμαρος· χιμάρῳ δὲ καλὸν κρέας, ἕστέ κʼ ἀμέλξῃς.","ἁ χίμαρος· χιμάρῳ δὲ καλὸν κρέας, ἕστέ κ’ ἀμέλξῃς.",tlg0005.tlg001.perseus-grc2.xml
Idylls,tlg001,1,7,Ἅδιον ὦ ποιμὴν τὸ τεὸν μέλος ἢ τὸ καταχὲς,Ἅδιον ὦ ποιμὴν τὸ τεὸν μέλος ἢ τὸ καταχὲς,tlg0005.tlg001.perseus-grc2.xml
Idylls,tlg001,1,8,τῆνʼ ἀπὸ τᾶς πέτρας καταλείβεται ὑψόθεν ὕδωρ.,τῆν’ ἀπὸ τᾶς πέτρας καταλείβεται ὑψόθεν ὕδωρ.,tlg0005.tlg001.perseus-grc2.xml
Idylls,tlg001,1,9,"αἴκα ταὶ Μοῖσαι τὰν οἰίδα δῶρον ἄγωνται,","αἴκα ταὶ Μοῖσαι τὰν οἰίδα δῶρον ἄγωνται,",tlg0005.tlg001.perseus-grc2.xml
Idylls,tlg001,1,10,ἄρνα τὺ σακίταν λαψῇ γέρας· αἰ δέ κʼ ἀρέσκῃ,ἄρνα τὺ σακίταν λαψῇ γέρας· αἰ δέ κ’ ἀρέσκῃ,tlg0005.tlg001.perseus-grc2.xml
Idylls,tlg001,1,11,"τήναις ἄρνα λαβεῖν, τὺ δὲ τὰν ὄιν ὕστερον ἀξῇ.","τήναις ἄρνα λαβεῖν, τὺ δὲ τὰν ὄιν ὕστερον ἀξῇ.",tlg0005.tlg001.perseus-grc2.xml
Idylls,tlg001,1,12,"λῇς ποτὶ τᾶν Νυμφᾶν, λῇς αἰπόλε τεῖδε καθίξας,","λῇς ποτὶ τᾶν Νυμφᾶν, λῇς αἰπόλε τεῖδε καθίξας,",tlg0005.tlg001.perseus-grc2.xml
Idylls,tlg001,1,13,"ὡς τὸ κάταντες τοῦτο γεώλοφον αἵ τε μυρῖκαι,","ὡς τὸ κάταντες τοῦτο γεώλοφον αἵ τε μυρῖκαι,",tlg0005.tlg001.perseus-grc2.xml
Idylls,tlg001,1,14,συρίσδεν; τὰς δʼ αἶγας ἐγὼν ἐν τῷδε νομευσῶ.,συρίσδεν; τὰς δ’ αἶγας ἐγὼν ἐν τῷδε νομευσῶ.,tlg0005.tlg001.perseus-grc2.xml
Idylls,tlg001,1,15,"οὐ θέμις ὦ ποιμὴν τὸ μεσαμβρινόν, οὐ θέμις ἄμμιν","οὐ θέμις ὦ ποιμὴν τὸ μεσαμβρινόν, οὐ θέμις ἄμμιν",tlg0005.tlg001.perseus-grc2.xml
Idylls,tlg001,1,16,συρίσδεν. τὸν Πᾶνα δεδοίκαμες· ἦ γὰρ ἀπʼ ἄγρας,συρίσδεν. τὸν Πᾶνα δεδοίκαμες· ἦ γὰρ ἀπ’ ἄγρας,tlg0005.tlg001.perseus-grc2.xml
Idylls,tlg001,1,17,"τανίκα κεκμακὼς ἀμπαύεται· ἔστι δὲ πικρός,","τανίκα κεκμακὼς ἀμπαύεται· ἔστι δὲ πικρός,",tlg0005.tlg001.perseus-grc2.xml
Idylls,tlg001,1,18,καί οἱ ἀεὶ δριμεῖα χολὰ ποτὶ ῥινὶ κάθηται.,καί οἱ ἀεὶ δριμεῖα χολὰ ποτὶ ῥινὶ κάθηται.,tlg0005.tlg001.perseus-grc2.xml
Idylls,tlg001,1,19,ἀλλὰ τὺ γὰρ δὴ Θύρσι τὰ Δάφνιδος ἄλγεʼ ἀείδες,ἀλλὰ τὺ γὰρ δὴ Θύρσι τὰ Δάφνιδος ἄλγε’ ἀείδες,tlg0005.tlg001.perseus-grc2.xml
Idylls,tlg001,1,20,"καὶ τᾶς βουκολικᾶς ἐπὶ τὸ πλέον ἵκεο μοίσας,","καὶ τᾶς βουκολικᾶς ἐπὶ τὸ πλέον ἵκεο μοίσας,",tlg0005.tlg001.perseus-grc2.xml
Idylls,tlg001,1,21,"δεῦρʼ ὑπὸ τὰν πτελέαν ἑσδώμεθα, τῶ τε Πριήπω","δεῦρ’ ὑπὸ τὰν πτελέαν ἑσδώμεθα, τῶ τε Πριήπω",tlg0005.tlg001.perseus-grc2.xml
Idylls,tlg001,1,22,"καὶ τᾶν Κραναιᾶν κατεναντίον, ᾇπερ ὁ θῶκος","καὶ τᾶν Κραναιᾶν κατεναντίον, ᾇπερ ὁ θῶκος",tlg0005.tlg001.perseus-grc2.xml
Idylls,tlg001,1,23,τῆνος ὁ ποιμενικὸς καὶ ταὶ δρύες. αἰ δέ κʼ ἀείσῃς,τῆνος ὁ ποιμενικὸς καὶ ταὶ δρύες. αἰ δέ κ’ ἀείσῃς,tlg0005.tlg001.perseus-grc2.xml
Idylls,tlg001,1,24,"ὡς ὅκα τὸν Λιβύαθε ποτὶ Χρόμιν ᾆσας ἐρίσδων,","ὡς ὅκα τὸν Λιβύαθε ποτὶ Χρόμιν ᾆσας ἐρίσδων,",tlg0005.tlg001.perseus-grc2.xml
Idylls,tlg001,1,25,"αἶγα δέ τοι δωσῶ διδυματόκον ἐς τρὶς ἀμέλξαι,","αἶγα δέ τοι δωσῶ διδυματόκον ἐς τρὶς ἀμέλξαι,",tlg0005.tlg001.perseus-grc2.xml
Idylls,tlg001,1,26,"ἃ δύʼ ἔχοισʼ ἐρίφως ποταμέλγεται ἐς δύο πέλλας,","ἃ δύ’ ἔχοισ’ ἐρίφως ποταμέλγεται ἐς δύο πέλλας,",tlg0005.tlg001.perseus-grc2.xml
Idylls,tlg001,1,27,"καὶ βαθὺ κισσύβιον κεκλυσμένον ἁδέι κηρῷ,","καὶ βαθὺ κισσύβιον κεκλυσμένον ἁδέι κηρῷ,",tlg0005.tlg001.perseus-grc2.xml
Idylls,tlg001,1,28,"ἀμφῶες, νεοτευχές, ἔτι γλυφάνοιο ποτόσδον.","ἀμφῶες, νεοτευχές, ἔτι γλυφάνοιο ποτόσδον.",tlg0005.tlg001.perseus-grc2.xml
Idylls,tlg001,1,29,"τῶ περὶ μὲν χείλη μαρύεται ὑψόθι κισσός,","τῶ περὶ μὲν χείλη μαρύεται ὑψόθι κισσός,",tlg0005.tlg001.perseus-grc2.xml
Idylls,tlg001,1,30,κισσὸς ἑλιχρύσῳ κεκονιμένος· ἁ δὲ κατʼ αὐτὸν,κισσὸς ἑλιχρύσῳ κεκονιμένος· ἁ δὲ κατ’ αὐτὸν,tlg0005.tlg001.perseus-grc2.xml
Idylls,tlg001,1,31,καρπῷ ἕλιξ εἱλεῖται ἀγαλλομένα κροκόεντι.,καρπῷ ἕλιξ εἱλεῖται ἀγαλλομένα κροκόεντι.,tlg0005.tlg001.perseus-grc2.xml
Idylls,tlg001,1,32,"ἔντοσθεν δὲ γυνά, τί θεῶν δαίδαλμα τέτυκται,","ἔντοσθεν δὲ γυνά, τί θεῶν δαίδαλμα τέτυκται,",tlg0005.tlg001.perseus-grc2.xml
Idylls,tlg001,1,33,ἀσκητὰ πέπλῳ τε καὶ ἄμπυκι. πὰρ δέ οἱ ἄνδρες,ἀσκητὰ πέπλῳ τε καὶ ἄμπυκι. πὰρ δέ οἱ ἄνδρες,tlg0005.tlg001.perseus-grc2.xml
Idylls,tlg001,1,34,καλὸν ἐθειράζοντες ἀμοιβαδὶς ἄλλοθεν ἄλλος,καλὸν ἐθειράζοντες ἀμοιβαδὶς ἄλλοθεν ἄλλος,tlg0005.tlg001.perseus-grc2.xml
Idylls,tlg001,1,35,νεικείουσʼ ἐπέεσσι. τὰ δʼ οὐ φρενὸς ἅπτεται αὐτᾶς·,νεικείουσ’ ἐπέεσσι. τὰ δ’ οὐ φρενὸς ἅπτεται αὐτᾶς·,tlg0005.tlg001.perseus-grc2.xml
Idylls,tlg001,1,36,"ἀλλʼ ὁκὰ μὲν τῆνον ποτιδέρκεται ἄνδρα γελᾶσα,","ἀλλ’ ὁκὰ μὲν τῆνον ποτιδέρκεται ἄνδρα γελᾶσα,",tlg0005.tlg001.perseus-grc2.xml
Idylls,tlg001,1,37,ἄλλοκα δʼ αὖ ποτὶ τὸν ῥιπτεῖ νόον. οἱ δʼ ὑπʼ ἔρωτος,ἄλλοκα δ’ αὖ ποτὶ τὸν ῥιπτεῖ νόον. οἱ δ’ ὑπ’ ἔρωτος,tlg0005.tlg001.perseus-grc2.xml
Idylls,tlg001,1,38,δηθὰ κυλοιδιόωντες ἐτώσια μοχθίζοντι.,δηθὰ κυλοιδιόωντες ἐτώσια μοχθίζοντι.,tlg0005.tlg001.perseus-grc2.xml
Idylls,tlg001,1,39,τοῖς δὲ μετὰ γριπεύς τε γέρων πέτρα τε τέτυκται,τοῖς δὲ μετὰ γριπεύς τε γέρων πέτρα τε τέτυκται,tlg0005.tlg001.perseus-grc2.xml
Idylls,tlg001,1,40,"λεπράς, ἐφʼ ᾇ σπεύδων μέγα δίκτυον ἐς βόλον ἕλκει","λεπράς, ἐφ’ ᾇ σπεύδων μέγα δίκτυον ἐς βόλον ἕλκει",tlg0005.tlg001.perseus-grc2.xml
Idylls,tlg001,1,41,"ὁ πρέσβυς, κάμνοντι τὸ καρτερὸν ἀνδρὶ ἐοικώς.","ὁ πρέσβυς, κάμνοντι τὸ καρτερὸν ἀνδρὶ ἐοικώς.",tlg0005.tlg001.perseus-grc2.xml
Idylls,tlg001,1,42,φαίης κεν γυίων νιν ὅσον σθένος ἐλλοπιεύειν·,φαίης κεν γυίων νιν ὅσον σθένος ἐλλοπιεύειν·,tlg0005.tlg001.perseus-grc2.xml
Idylls,tlg001,1,43,ὧδέ οἱ ᾠδήκαντι κατʼ αὐχένα πάντοθεν ἶνες,ὧδέ οἱ ᾠδήκαντι κατ’ αὐχένα πάντοθεν ἶνες,tlg0005.tlg001.perseus-grc2.xml
Idylls,tlg001,1,44,"καὶ πολιῷ περ ἐόντι, τὸ δὲ σθένος ἄξιον ἅβας.","καὶ πολιῷ περ ἐόντι, τὸ δὲ σθένος ἄξιον ἅβας.",tlg0005.tlg001.perseus-grc2.xml
Idylls,tlg001,1,45,τυτθὸν δʼ ὅσσον ἄπωθεν ἁλιτρύτοιο γέροντος,τυτθὸν δ’ ὅσσον ἄπωθεν ἁλιτρύτοιο γέροντος,tlg0005.tlg001.perseus-grc2.xml
Idylls,tlg001,1,46,"πυρναίαις σταφυλαῖσι καλὸν βέβριθεν ἀλωά,","πυρναίαις σταφυλαῖσι καλὸν βέβριθεν ἀλωά,",tlg0005.tlg001.perseus-grc2.xml
Idylls,tlg001,1,47,τὰν ὀλίγος τις κῶρος ἐφʼ αἱμασιαῖσι φυλάσσει,τὰν ὀλίγος τις κῶρος ἐφ’ αἱμασιαῖσι φυλάσσει,tlg0005.tlg001.perseus-grc2.xml
Idylls,tlg001,1,48,ἥμενος· ἀμφὶ δέ νιν δύʼ ἀλώπεκες ἁ μὲν ἀνʼ ὄρχως,ἥμενος· ἀμφὶ δέ νιν δύ’ ἀλώπεκες ἁ μὲν ἀν’ ὄρχως,tlg0005.tlg001.perseus-grc2.xml
Idylls,tlg001,1,49,"φοιτῇ σινομένα τὰν τρώξιμον, ἁ δʼ ἐπὶ πήρᾳ","φοιτῇ σινομένα τὰν τρώξιμον, ἁ δ’ ἐπὶ πήρᾳ",tlg0005.tlg001.perseus-grc2.xml
Idylls,tlg001,1,50,πάντα δόλον κεύθοισα τὸ παιδίον οὐ πρὶν ἀνησεῖν,πάντα δόλον κεύθοισα τὸ παιδίον οὐ πρὶν ἀνησεῖν,tlg0005.tlg001.perseus-grc2.xml
Idylls,tlg001,1,51,φατὶ πρὶν ἢ ἀκράτιστον ἐπὶ ξηροῖσι καθίξῃ.,φατὶ πρὶν ἢ ἀκράτιστον ἐπὶ ξηροῖσι καθίξῃ.,tlg0005.tlg001.perseus-grc2.xml
Idylls,tlg001,1,52,αὐτὰρ ὅγʼ ἀνθερίκοισι καλὰν πλέκει ἀκριδοθήραν,αὐτὰρ ὅγ’ ἀνθερίκοισι καλὰν πλέκει ἀκριδοθήραν,tlg0005.tlg001.perseus-grc2.xml
Idylls,tlg001,1,53,σχοίνῳ ἐφαρμόσδων· μέλεται δέ οἱ οὔτέ τι πήρας,σχοίνῳ ἐφαρμόσδων· μέλεται δέ οἱ οὔτέ τι πήρας,tlg0005.tlg001.perseus-grc2.xml
Idylls,tlg001,1,54,"οὔτε φυτῶν τοσσῆνον, ὅσον περὶ πλέγματι γαθεῖ.","οὔτε φυτῶν τοσσῆνον, ὅσον περὶ πλέγματι γαθεῖ.",tlg0005.tlg001.perseus-grc2.xml
Idylls,tlg001,1,55,παντᾷ δʼ ἀμφὶ δέπας περιπέπταται ὑγρὸς ἄκανθος·,παντᾷ δ’ ἀμφὶ δέπας περιπέπταται ὑγρὸς ἄκανθος·,tlg0005.tlg001.perseus-grc2.xml
Idylls,tlg001,1,56,"αἰολικόν τι θέαμα, τέρας κέ τυ θυμὸν ἀτύξαι.","αἰολικόν τι θέαμα, τέρας κέ τυ θυμὸν ἀτύξαι.",tlg0005.tlg001.perseus-grc2.xml
Idylls,tlg001,1,57,τῶ μὲν ἐγὼ πορθμεῖ Καλυδωνίῳ αἶγά τʼ ἔδωκα,τῶ μὲν ἐγὼ πορθμεῖ Καλυδωνίῳ αἶγά τ’ ἔδωκα,tlg0005.tlg001.perseus-grc2.xml
Idylls,tlg001,1,58,ὦνον καὶ τυρόεντα μέγαν λευκοῖο γάλακτος·,ὦνον καὶ τυρόεντα μέγαν λευκοῖο γάλακτος·,tlg0005.tlg001.perseus-grc2.xml
Idylls,tlg001,1,59,"οὐδέ τί πω ποτὶ χεῖλος ἐμὸν θίγεν, ἀλλʼ ἔτι κεῖται","οὐδέ τί πω ποτὶ χεῖλος ἐμὸν θίγεν, ἀλλ’ ἔτι κεῖται",tlg0005.tlg001.perseus-grc2.xml
Idylls,tlg001,1,60,"ἄχραντον. τῷ καί τυ μάλα πρόφρων ἀρεσαίμαν,","ἄχραντον. τῷ καί τυ μάλα πρόφρων ἀρεσαίμαν,",tlg0005.tlg001.perseus-grc2.xml
Idylls,tlg001,1,61,αἴκά μοι τὺ φίλος τὸν ἐφίμερον ὕμνον ἀείσῃς.,αἴκά μοι τὺ φίλος τὸν ἐφίμερον ὕμνον ἀείσῃς.,tlg0005.tlg001.perseus-grc2.xml
Idylls,tlg001,1,62,κοὔτί τυ κερτομέω. πόταγʼ ὦγαθέ· τὰν γὰρ ἀοιδὰν,κοὔτί τυ κερτομέω. πόταγ’ ὦγαθέ· τὰν γὰρ ἀοιδὰν,tlg0005.tlg001.perseus-grc2.xml
Idylls,tlg001,1,63,οὔτί πᾳ εἰς Ἀίδαν γε τὸν ἐκλελάθοντα φυλαξεῖς.,οὔτί πᾳ εἰς Ἀίδαν γε τὸν ἐκλελάθοντα φυλαξεῖς.,tlg0005.tlg001.perseus-grc2.xml
Idylls,tlg001,1,64,Ἄρχετε βουκολικᾶς Μοῖσαι φίλαι ἄρχετʼ ἀοιδᾶς.,Ἄρχετε βουκολικᾶς Μοῖσαι φίλαι ἄρχετ’ ἀοιδᾶς.,tlg0005.tlg001.perseus-grc2.xml
Idylls,tlg001,1,65,"Θύρσις ὅδʼ ὡξ Αἴτνας, καὶ Θύρσιδος ἁδέα φωνά.","Θύρσις ὅδ’ ὡξ Αἴτνας, καὶ Θύρσιδος ἁδέα φωνά.",tlg0005.tlg001.perseus-grc2.xml
Idylls,tlg001,1,66,"πᾷ ποκʼ ἄρʼ ἦσθʼ, ὅκα Δάφνις ἐτάκετο, πᾷ ποκα Νύμφαι;","πᾷ ποκ’ ἄρ’ ἦσθ’, ὅκα Δάφνις ἐτάκετο, πᾷ ποκα Νύμφαι;",tlg0005.tlg001.perseus-grc2.xml
Idylls,tlg001,1,67,ἢ κατὰ Πηνειῶ καλὰ τέμπεα; ἢ κατὰ Πίνδω;,ἢ κατὰ Πηνειῶ καλὰ τέμπεα; ἢ κατὰ Πίνδω;,tlg0005.tlg001.perseus-grc2.xml
Idylls,tlg001,1,68,"οὐ γὰρ δὴ ποταμοῖο μέγαν ῥόον εἴχετʼ Ἀνάπω,","οὐ γὰρ δὴ ποταμοῖο μέγαν ῥόον εἴχετ’ Ἀνάπω,",tlg0005.tlg001.perseus-grc2.xml
Idylls,tlg001,1,69,"οὐδʼ Αἴτνας σκοπιάν, οὐδʼ Ἄκιδος ἱερὸν ὕδωρ.","οὐδ’ Αἴτνας σκοπιάν, οὐδ’ Ἄκιδος ἱερὸν ὕδωρ.",tlg0005.tlg001.perseus-grc2.xml
Idylls,tlg001,1,70,ἄρχετε βουκολικᾶς Μοῖσαι φίλαι ἄρχετʼ ἀοιδᾶς.,ἄρχετε βουκολικᾶς Μοῖσαι φίλαι ἄρχετ’ ἀοιδᾶς.,tlg0005.tlg001.perseus-grc2.xml
Idylls,tlg001,1,71,"τῆνον μὰν θῶες, τῆνον λύκοι ὠρύσαντο,","τῆνον μὰν θῶες, τῆνον λύκοι ὠρύσαντο,",tlg0005.tlg001.perseus-grc2.xml
Idylls,tlg001,1,72,τῆνον χὡκ δρυμοῖο λέων ἔκλαυσε θανόντα.,τῆνον χὡκ δρυμοῖο λέων ἔκλαυσε θανόντα.,tlg0005.tlg001.perseus-grc2.xml
Idylls,tlg001,1,73,ἄρχετε βουκολικᾶς Μοῖσαι φίλαι ἄρχετʼ ἀοιδᾶς.,ἄρχετε βουκολικᾶς Μοῖσαι φίλαι ἄρχετ’ ἀοιδᾶς.,tlg0005.tlg001.perseus-grc2.xml
Idylls,tlg001,1,74,"πολλαί οἱ πὰρ ποσσὶ βόες, πολλοὶ δέ τε ταῦροι,","πολλαί οἱ πὰρ ποσσὶ βόες, πολλοὶ δέ τε ταῦροι,",tlg0005.tlg001.perseus-grc2.xml
Idylls,tlg001,1,75,πολλαὶ δʼ αὖ δαμάλαι καὶ πόρτιες ὠδύραντο.,πολλαὶ δ’ αὖ δαμάλαι καὶ πόρτιες ὠδύραντο.,tlg0005.tlg001.perseus-grc2.xml
Idylls,tlg001,1,76,ἄρχετε βουκολικᾶς Μοῖσαι φίλαι ἄρχετʼ ἀοιδᾶς.,ἄρχετε βουκολικᾶς Μοῖσαι φίλαι ἄρχετ’ ἀοιδᾶς.,tlg0005.tlg001.perseus-grc2.xml
Idylls,tlg001,1,77,"ἦνθʼ Ἑρμῆς πράτιστος ἀπʼ ὤρεος, εἶπε δέ· Δάφνι,","ἦνθ’ Ἑρμῆς πράτιστος ἀπ’ ὤρεος, εἶπε δέ· Δάφνι,",tlg0005.tlg001.perseus-grc2.xml
Idylls,tlg001,1,78,τίς τυ κατατρύχει; τίνος ὦγαθὲ τόσσον ἐρᾶσαι;,τίς τυ κατατρύχει; τίνος ὦγαθὲ τόσσον ἐρᾶσαι;,tlg0005.tlg001.perseus-grc2.xml
Idylls,tlg001,1,79,ἄρχετε βουκολικᾶς Μοῖσαι φίλαι ἄρχετʼ ἀοιδᾶς.,ἄρχετε βουκολικᾶς Μοῖσαι φίλαι ἄρχετ’ ἀοιδᾶς.,tlg0005.tlg001.perseus-grc2.xml
Idylls,tlg001,1,80,"ἦνθον τοὶ βοῦται, τοὶ ποιμένες, ᾡπόλοι ἦνθον·","ἦνθον τοὶ βοῦται, τοὶ ποιμένες, ᾡπόλοι ἦνθον·",tlg0005.tlg001.perseus-grc2.xml
Idylls,tlg001,1,81,"πάντες ἀνηρώτευν, τί πάθοι κακόν. ἦνθʼ ὁ Πρίηπος","πάντες ἀνηρώτευν, τί πάθοι κακόν. ἦνθ’ ὁ Πρίηπος",tlg0005.tlg001.perseus-grc2.xml
Idylls,tlg001,1,82,"κἤφα· Δάφνι τάλαν, τί τὺ τάκεαι, ἁ δέ τε κώρα","κἤφα· Δάφνι τάλαν, τί τὺ τάκεαι, ἁ δέ τε κώρα",tlg0005.tlg001.perseus-grc2.xml
Idylls,tlg001,1,83,"πάσας ἀνὰ κράνας, πάντʼ ἄλσεα ποσσὶ φορεῖται—","πάσας ἀνὰ κράνας, πάντ’ ἄλσεα ποσσὶ φορεῖται—",tlg0005.tlg001.perseus-grc2.xml
Idylls,tlg001,1,84,ἄρχετε βουκολικᾶς Μοῖσαι φίλαι ἄρχετʼ ἀοιδᾶς—,ἄρχετε βουκολικᾶς Μοῖσαι φίλαι ἄρχετ’ ἀοιδᾶς—,tlg0005.tlg001.perseus-grc2.xml
Idylls,tlg001,1,85,ζάτεισʼ; ἆ δύσερώς τις ἄγαν καὶ ἀμήχανος ἐσσί.,ζάτεισ’; ἆ δύσερώς τις ἄγαν καὶ ἀμήχανος ἐσσί.,tlg0005.tlg001.perseus-grc2.xml
Idylls,tlg001,1,86,"βούτας μὰν ἐλέγευ, νῦν δʼ αἰπόλῳ ἀνδρὶ ἔοικας.","βούτας μὰν ἐλέγευ, νῦν δ’ αἰπόλῳ ἀνδρὶ ἔοικας.",tlg0005.tlg001.perseus-grc2.xml
Idylls,tlg001,1,87,"ᾡπόλος ὅκκʼ ἐσορῇ τὰς μηκάδας οἷα βατεῦνται,","ᾡπόλος ὅκκ’ ἐσορῇ τὰς μηκάδας οἷα βατεῦνται,",tlg0005.tlg001.perseus-grc2.xml
Idylls,tlg001,1,88,"τάκεται ὀφθαλμώς, ὅτι οὐ τράγος αὐτὸς ἔγεντο.","τάκεται ὀφθαλμώς, ὅτι οὐ τράγος αὐτὸς ἔγεντο.",tlg0005.tlg001.perseus-grc2.xml
Idylls,tlg001,1,89,ἄρχετε βουκολικᾶς Μοῖσαι φίλαι ἄρχετʼ ἀοιδᾶς.,ἄρχετε βουκολικᾶς Μοῖσαι φίλαι ἄρχετ’ ἀοιδᾶς.,tlg0005.tlg001.perseus-grc2.xml
Idylls,tlg001,1,90,"καὶ τὺ δʼ ἐπεί κʼ ἐσορῇς τὰς παρθένος οἶα γελᾶντι,","καὶ τὺ δ’ ἐπεί κ’ ἐσορῇς τὰς παρθένος οἶα γελᾶντι,",tlg0005.tlg001.perseus-grc2.xml
Idylls,tlg001,1,91,"τάκεαι ὀφθαλμώς, ὅτι οὐ μετὰ ταῖσι χορεύεις.","τάκεαι ὀφθαλμώς, ὅτι οὐ μετὰ ταῖσι χορεύεις.",tlg0005.tlg001.perseus-grc2.xml
Idylls,tlg001,1,92,"τὼς δʼ οὐδὲν ποτελέξαθʼ ὁ βουκόλος, ἀλλὰ τὸν αὐτῶ","τὼς δ’ οὐδὲν ποτελέξαθ’ ὁ βουκόλος, ἀλλὰ τὸν αὐτῶ",tlg0005.tlg001.perseus-grc2.xml
Idylls,tlg001,1,93,"ἄνυε πικρὸν ἔρωτα, καὶ ἐς τέλος ἄνυε μοίρας·","ἄνυε πικρὸν ἔρωτα, καὶ ἐς τέλος ἄνυε μοίρας·",tlg0005.tlg001.perseus-grc2.xml
Idylls,tlg001,1,94,ἄρχετε βουκολικᾶς Μοῖσαι πάλιν ἄρχετʼ ἀοιδᾶς.,ἄρχετε βουκολικᾶς Μοῖσαι πάλιν ἄρχετ’ ἀοιδᾶς.,tlg0005.tlg001.perseus-grc2.xml
Idylls,tlg001,1,95,"ἦνθέ γε μὰν ἁδεῖα καὶ ἁ Κύπρις γελάοισα,","ἦνθέ γε μὰν ἁδεῖα καὶ ἁ Κύπρις γελάοισα,",tlg0005.tlg001.perseus-grc2.xml
Idylls,tlg001,1,96,"λάθρια μὲν γελάοισα, βαρὺν δʼ ἀνὰ θυμὸν ἔχοισα,","λάθρια μὲν γελάοισα, βαρὺν δ’ ἀνὰ θυμὸν ἔχοισα,",tlg0005.tlg001.perseus-grc2.xml
Idylls,tlg001,1,97,κεἶπε· τύ θην τὸν Ἔρωτα κατεύχεο Δάφνι λυγιξεῖν·,κεἶπε· τύ θην τὸν Ἔρωτα κατεύχεο Δάφνι λυγιξεῖν·,tlg0005.tlg001.perseus-grc2.xml
Idylls,tlg001,1,98,ἦ ῥʼ οὐκ αὐτὸς Ἔρωτος ὑπʼ ἀργαλέω ἐλυγίχθης;,ἦ ῥ’ οὐκ αὐτὸς Ἔρωτος ὑπ’ ἀργαλέω ἐλυγίχθης;,tlg0005.tlg001.perseus-grc2.xml
Idylls,tlg001,1,99,ἄρχετε βουκολικᾶς Μοῖσαι πάλιν ἄρχετʼ ἀοιδᾶς.,ἄρχετε βουκολικᾶς Μοῖσαι πάλιν ἄρχετ’ ἀοιδᾶς.,tlg0005.tlg001.perseus-grc2.xml
Idylls,tlg001,1,100,"τὰν δʼ ἄρα χὡ Δάφνις ποταμείβετο· Κύπρι βαρεῖα,","τὰν δ’ ἄρα χὡ Δάφνις ποταμείβετο· Κύπρι βαρεῖα,",tlg0005.tlg001.perseus-grc2.xml
Idylls,tlg001,1,101,"Κύπρι νεμεσσατά, Κύπρι θνατοῖσιν ἀπεχθής·","Κύπρι νεμεσσατά, Κύπρι θνατοῖσιν ἀπεχθής·",tlg0005.tlg001.perseus-grc2.xml
Idylls,tlg001,1,102,ἤδη γὰρ φράσδῃ πάνθʼ ἅλιον ἄμμι δεδύκειν·,ἤδη γὰρ φράσδῃ πάνθ’ ἅλιον ἄμμι δεδύκειν·,tlg0005.tlg001.perseus-grc2.xml
Idylls,tlg001,1,103,Δάφνις κἠν Ἀίδα κακὸν ἔσσεται ἄλγος Ἔρωτι.,Δάφνις κἠν Ἀίδα κακὸν ἔσσεται ἄλγος Ἔρωτι.,tlg0005.tlg001.perseus-grc2.xml
Idylls,tlg001,1,104,ἄρχετε βουκολικᾶς Μοῖσαι πάλιν ἄρχετʼ ἀοιδᾶς.,ἄρχετε βουκολικᾶς Μοῖσαι πάλιν ἄρχετ’ ἀοιδᾶς.,tlg0005.tlg001.perseus-grc2.xml
Idylls,tlg001,1,105,"ὧ λέγεται τὰν Κύπριν ὁ βουκόλος—ἕρπε ποτʼ Ἴδαν,","ὧ λέγεται τὰν Κύπριν ὁ βουκόλος—ἕρπε ποτ’ Ἴδαν,",tlg0005.tlg001.perseus-grc2.xml
Idylls,tlg001,1,106,"ἕρπε ποτʼ Ἀγχίσην. τηνεῖ δρύες, ἔνθα κύπειρος·","ἕρπε ποτ’ Ἀγχίσην. τηνεῖ δρύες, ἔνθα κύπειρος·",tlg0005.tlg001.perseus-grc2.xml
Idylls,tlg001,1,108,ἄρχετε βουκολικᾶς Μοῖσαι φίλαι ἄρχετʼ ἀοιδᾶς.,ἄρχετε βουκολικᾶς Μοῖσαι φίλαι ἄρχετ’ ἀοιδᾶς.,tlg0005.tlg001.perseus-grc2.xml
Idylls,tlg001,1,109,"ὡραῖος χὥδωνις, ἐπεὶ καὶ μᾶλα νομεύει.","ὡραῖος χὥδωνις, ἐπεὶ καὶ μᾶλα νομεύει.",tlg0005.tlg001.perseus-grc2.xml
Idylls,tlg001,1,110,καὶ πτῶκας βάλλει καὶ θηρία πάντα διώκει.,καὶ πτῶκας βάλλει καὶ θηρία πάντα διώκει.,tlg0005.tlg001.perseus-grc2.xml
Idylls,tlg001,1,111,ἄρχετε βουκολικᾶς Μοῖσαι φίλαι ἄρχετʼ ἀοιδᾶς.,ἄρχετε βουκολικᾶς Μοῖσαι φίλαι ἄρχετ’ ἀοιδᾶς.,tlg0005.tlg001.perseus-grc2.xml
Idylls,tlg001,1,112,"αὖθις ὅπως στασῇ Διομήδεος ἆσσον ἰοῖσα,","αὖθις ὅπως στασῇ Διομήδεος ἆσσον ἰοῖσα,",tlg0005.tlg001.perseus-grc2.xml
Idylls,tlg001,1,113,"καὶ λέγε· τὸν βούταν νικῶ Δάφνιν, ἀλλὰ μάχευ μοι.","καὶ λέγε· τὸν βούταν νικῶ Δάφνιν, ἀλλὰ μάχευ μοι.",tlg0005.tlg001.perseus-grc2.xml
Idylls,tlg001,1,114,ἄρχετε βουκολικᾶς Μοῖσαι πάλιν ἄρχετʼ ἀοιδᾶς.,ἄρχετε βουκολικᾶς Μοῖσαι πάλιν ἄρχετ’ ἀοιδᾶς.,tlg0005.tlg001.perseus-grc2.xml
Idylls,tlg001,1,115,"ὦ λύκοι, ὦ θῶες, ὦ ἀνʼ ὤρεα φωλάδες ἄρκτοι,","ὦ λύκοι, ὦ θῶες, ὦ ἀν’ ὤρεα φωλάδες ἄρκτοι,",tlg0005.tlg001.perseus-grc2.xml
Idylls,tlg001,1,116,"χαίρεθʼ. ὁ βουκόλος ὔμμιν ἐγὼ Δάφνις οὐκέτʼ ἀνʼ ὕλαν,","χαίρεθ’. ὁ βουκόλος ὔμμιν ἐγὼ Δάφνις οὐκέτ’ ἀν’ ὕλαν,",tlg0005.tlg001.perseus-grc2.xml
Idylls,tlg001,1,117,"οὐκέτʼ ἀνὰ δρυμώς, οὐκ ἄλσεα. χαῖρʼ Ἀρέθοισα,","οὐκέτ’ ἀνὰ δρυμώς, οὐκ ἄλσεα. χαῖρ’ Ἀρέθοισα,",tlg0005.tlg001.perseus-grc2.xml
Idylls,tlg001,1,118,"καὶ ποταμοί, τοὶ χεῖτε καλὸν κατὰ Θύμβριδος ὕδωρ.","καὶ ποταμοί, τοὶ χεῖτε καλὸν κατὰ Θύμβριδος ὕδωρ.",tlg0005.tlg001.perseus-grc2.xml
Idylls,tlg001,1,119,ἄρχετε βουκολικᾶς Μοῖσαι πάλιν ἄρχετʼ ἀοιδᾶς.,ἄρχετε βουκολικᾶς Μοῖσαι πάλιν ἄρχετ’ ἀοιδᾶς.,tlg0005.tlg001.perseus-grc2.xml
Idylls,tlg001,1,120,"Δάφνις ἐγὼν ὅδε τῆνος ὁ τὰς βόας ὧδε νομεύων,","Δάφνις ἐγὼν ὅδε τῆνος ὁ τὰς βόας ὧδε νομεύων,",tlg0005.tlg001.perseus-grc2.xml
Idylls,tlg001,1,121,Δάφνις ὁ τὼς ταύρως καὶ πόρτιας ὧδε ποτίσδων.,Δάφνις ὁ τὼς ταύρως καὶ πόρτιας ὧδε ποτίσδων.,tlg0005.tlg001.perseus-grc2.xml
Idylls,tlg001,1,122,ἄρχετε βουκολικᾶς Μοῖσαι πάλιν ἄρχετʼ ἀοιδᾶς.,ἄρχετε βουκολικᾶς Μοῖσαι πάλιν ἄρχετ’ ἀοιδᾶς.,tlg0005.tlg001.perseus-grc2.xml
Idylls,tlg001,1,123,"ὦ Πὰν Πάν, εἴτʼ ἐσσὶ κατʼ ὤρεα μακρὰ Λυκαίω,","ὦ Πὰν Πάν, εἴτ’ ἐσσὶ κατ’ ὤρεα μακρὰ Λυκαίω,",tlg0005.tlg001.perseus-grc2.xml
Idylls,tlg001,1,124,"εἴτε τύ γʼ ἀμφιπολεῖς μέγα Μαίναλον, ἔνθʼ ἐπὶ νᾶσον","εἴτε τύ γ’ ἀμφιπολεῖς μέγα Μαίναλον, ἔνθ’ ἐπὶ νᾶσον",tlg0005.tlg001.perseus-grc2.xml
Idylls,tlg001,1,125,"τὰν Σικελάν, Ἑλίκας δὲ λίπʼ ἠρίον αἰπύ τε σᾶμα","τὰν Σικελάν, Ἑλίκας δὲ λίπ’ ἠρίον αἰπύ τε σᾶμα",tlg0005.tlg001.perseus-grc2.xml
Idylls,tlg001,1,126,"τῆνο Λυκαονίδαο, τὸ καὶ μακάρεσσιν ἀγητόν.","τῆνο Λυκαονίδαο, τὸ καὶ μακάρεσσιν ἀγητόν.",tlg0005.tlg001.perseus-grc2.xml
Idylls,tlg001,1,127,λήγετε βουκολικᾶς Μοῖσαι ἴτε λήγετʼ ἀοιδᾶς.,λήγετε βουκολικᾶς Μοῖσαι ἴτε λήγετ’ ἀοιδᾶς.,tlg0005.tlg001.perseus-grc2.xml
Idylls,tlg001,1,128,ἔνθʼ ὦναξ καὶ τάνδε φέρευ πακτοῖο μελίπνουν,ἔνθ’ ὦναξ καὶ τάνδε φέρευ πακτοῖο μελίπνουν,tlg0005.tlg001.perseus-grc2.xml
Idylls,tlg001,1,129,"ἐκ κηρῶ σύριγγα καλάν, περὶ χεῖλος ἑλικτάν.","ἐκ κηρῶ σύριγγα καλάν, περὶ χεῖλος ἑλικτάν.",tlg0005.tlg001.perseus-grc2.xml
Idylls,tlg001,1,130,ἦ γὰρ ἐγὼν ὑπʼ ἔρωτος ἐς Ἅιδαν ἕλκομαι ἤδη.,ἦ γὰρ ἐγὼν ὑπ’ ἔρωτος ἐς Ἅιδαν ἕλκομαι ἤδη.,tlg0005.tlg001.perseus-grc2.xml
Idylls,tlg001,1,131,λήγετε βουκολικᾶς Μοῖσαι ἴτε λήγετʼ ἀοιδᾶς.,λήγετε βουκολικᾶς Μοῖσαι ἴτε λήγετ’ ἀοιδᾶς.,tlg0005.tlg001.perseus-grc2.xml
Idylls,tlg001,1,132,"νῦν δʼ ἴα μὲν φορέοιτε βάτοι, φορέοιτε δʼ ἄκανθαι,","νῦν δ’ ἴα μὲν φορέοιτε βάτοι, φορέοιτε δ’ ἄκανθαι,",tlg0005.tlg001.perseus-grc2.xml
Idylls,tlg001,1,133,ἁ δὲ καλὰ νάρκισσος ἐπʼ ἀρκεύθοισι κομάσαι·,ἁ δὲ καλὰ νάρκισσος ἐπ’ ἀρκεύθοισι κομάσαι·,tlg0005.tlg001.perseus-grc2.xml
Idylls,tlg001,1,134,"πάντα δʼ ἔναλλα γένοιτο, καὶ ἁ πίτυς ὄχνας ἐνείκαι.","πάντα δ’ ἔναλλα γένοιτο, καὶ ἁ πίτυς ὄχνας ἐνείκαι.",tlg0005.tlg001.perseus-grc2.xml
Idylls,tlg001,1,135,"Δάφνις ἐπεὶ θνάσκει· καὶ τὼς κύνας ὥλαφος ἕλκοι,","Δάφνις ἐπεὶ θνάσκει· καὶ τὼς κύνας ὥλαφος ἕλκοι,",tlg0005.tlg001.perseus-grc2.xml
Idylls,tlg001,1,136,κἠξ ὀρέων τοὶ σκῶπες ἀηδόσι γαρύσαιντο.,κἠξ ὀρέων τοὶ σκῶπες ἀηδόσι γαρύσαιντο.,tlg0005.tlg001.perseus-grc2.xml
Idylls,tlg001,1,137,λήγετε βουκολικᾶς Μοῖσαι ἴτε λήγετʼ ἀοιδᾶς.,λήγετε βουκολικᾶς Μοῖσαι ἴτε λήγετ’ ἀοιδᾶς.,tlg0005.tlg001.perseus-grc2.xml
Idylls,tlg001,1,138,χὡ μὲν τόσσʼ εἰπὼν ἀπεπαύσατο· τὸν δʼ Ἀφροδίτα,χὡ μὲν τόσσ’ εἰπὼν ἀπεπαύσατο· τὸν δ’ Ἀφροδίτα,tlg0005.tlg001.perseus-grc2.xml
Idylls,tlg001,1,139,ἤθελʼ ἀνορθῶσαι· τά γε μὰν λίνα πάντα λελοίπει,ἤθελ’ ἀνορθῶσαι· τά γε μὰν λίνα πάντα λελοίπει,tlg0005.tlg001.perseus-grc2.xml
Idylls,tlg001,1,140,"ἐκ Μοιρᾶν, χὡ Δάφνις ἔβα ῥόον. ἔκλυσε δίνα","ἐκ Μοιρᾶν, χὡ Δάφνις ἔβα ῥόον. ἔκλυσε δίνα",tlg0005.tlg001.perseus-grc2.xml
Idylls,tlg001,1,141,"τὸν Μοίσαις φίλον ἄνδρα, τὸν οὐ Νύμφαισιν ἀπεχθῆ.","τὸν Μοίσαις φίλον ἄνδρα, τὸν οὐ Νύμφαισιν ἀπεχθῆ.",tlg0005.tlg001.perseus-grc2.xml
Idylls,tlg001,1,142,λήγετε βουκολικᾶς Μοῖσαι ἴτε λήγετʼ ἀοιδᾶς.,λήγετε βουκολικᾶς Μοῖσαι ἴτε λήγετ’ ἀοιδᾶς.,tlg0005.tlg001.perseus-grc2.xml
Idylls,tlg001,1,143,"καὶ τὺ δίδου τὰν αἶγα τό τε σκύφος, ὥς κεν ἀμέλξας","καὶ τὺ δίδου τὰν αἶγα τό τε σκύφος, ὥς κεν ἀμέλξας",tlg0005.tlg001.perseus-grc2.xml
Idylls,tlg001,1,144,"σπείσω ταῖς Μοίσαις. ὦ χαίρετε πολλάκι Μοῖσαι,","σπείσω ταῖς Μοίσαις. ὦ χαίρετε πολλάκι Μοῖσαι,",tlg0005.tlg001.perseus-grc2.xml
Idylls,tlg001,1,145,χαίρετʼ· ἐγὼ δʼ ὔμμιν καὶ ἐς ὕστερον ἅδιον ᾀσῶ.,χαίρετ’· ἐγὼ δ’ ὔμμιν καὶ ἐς ὕστερον ἅδιον ᾀσῶ.,tlg0005.tlg001.perseus-grc2.xml
Idylls,tlg001,1,146,"πλῆρές τοι μέλιτος τὸ καλὸν στόμα Θύρσι γένοιτο,","πλῆρές τοι μέλιτος τὸ καλὸν στόμα Θύρσι γένοιτο,",tlg0005.tlg001.perseus-grc2.xml
Idylls,tlg001,1,147,"πλῆρές τοι σχαδόνων, καὶ ἀπʼ Αἰγίλω ἰσχάδα τρώγοις","πλῆρές τοι σχαδόνων, καὶ ἀπ’ Αἰγίλω ἰσχάδα τρώγοις",tlg0005.tlg001.perseus-grc2.xml
Idylls,tlg001,1,148,"ἁδεῖαν, τέττιγος ἐπεὶ τύγα φέρτερον ᾄδεις.","ἁδεῖαν, τέττιγος ἐπεὶ τύγα φέρτερον ᾄδεις.",tlg0005.tlg001.perseus-grc2.xml
Idylls,tlg001,1,149,"ἠνίδε τοι τὸ δέπας· θᾶσαι φίλος, ὡς καλὸν ὄσδει·","ἠνίδε τοι τὸ δέπας· θᾶσαι φίλος, ὡς καλὸν ὄσδει·",tlg0005.tlg001.perseus-grc2.xml
Idylls,tlg001,1,150,Ὡρᾶν πεπλύσθαί νιν ἐπὶ κράναισι δοκησεῖς.,Ὡρᾶν πεπλύσθαί νιν ἐπὶ κράναισι δοκησεῖς.,tlg0005.tlg001.perseus-grc2.xml
Idylls,tlg001,1,151,"ὧδʼ ἴθι Κισσαίθα, τὺ δʼ ἄμελγέ νιν. αἱ δὲ χίμαιραι,","ὧδ’ ἴθι Κισσαίθα, τὺ δ’ ἄμελγέ νιν. αἱ δὲ χίμαιραι,",tlg0005.tlg001.perseus-grc2.xml
Idylls,tlg001,1,152,"οὐ μὴ σκιρτασεῖτε, μὴ ὁ τράγος ὔμμιν ἀναστῇ.","οὐ μὴ σκιρτασεῖτε, μὴ ὁ τράγος ὔμμιν ἀναστῇ.",tlg0005.tlg001.perseus-grc2.xml
Idylls,tlg001,2,1,πᾷ μοι ταὶ δάφναι; φέρε Θεστυλί· πᾷ δὲ τὰ φίλτρα;,πᾷ μοι ταὶ δάφναι; φέρε Θεστυλί· πᾷ δὲ τὰ φίλτρα;,tlg0005.tlg001.perseus-grc2.xml
Idylls,tlg001,2,2,"στέψον τὰν κελέβαν φοινικέῳ οἰὸς ἀώτῳ,","στέψον τὰν κελέβαν φοινικέῳ οἰὸς ἀώτῳ,",tlg0005.tlg001.perseus-grc2.xml
Idylls,tlg001,2,3,"ὡς τὸν ἐμὸν βαρὺν εὖντα φίλον καταθύσομαι ἄνδρα,","ὡς τὸν ἐμὸν βαρὺν εὖντα φίλον καταθύσομαι ἄνδρα,",tlg0005.tlg001.perseus-grc2.xml
Idylls,tlg001,2,4,"ὅς μοι δωδεκαταῖος ἀφʼ ὧ τάλας οὐδέποθʼ ἵκει,","ὅς μοι δωδεκαταῖος ἀφ’ ὧ τάλας οὐδέποθ’ ἵκει,",tlg0005.tlg001.perseus-grc2.xml
Idylls,tlg001,2,5,οὐδʼ ἔγνω πότερον τεθνάκαμες ἢ ζοοὶ εἰμές.,οὐδ’ ἔγνω πότερον τεθνάκαμες ἢ ζοοὶ εἰμές.,tlg0005.tlg001.perseus-grc2.xml
Idylls,tlg001,2,6,οὐδὲ θύρας ἄραξεν ἀνάρσιος. ἦ ῥά οἱ ἀλλᾷ,οὐδὲ θύρας ἄραξεν ἀνάρσιος. ἦ ῥά οἱ ἀλλᾷ,tlg0005.tlg001.perseus-grc2.xml
Idylls,tlg001,2,7,ᾤχετʼ ἔχων ὅ τʼ Ἔρως ταχινὰς φρένας ἅ τʼ Ἀφροδίτα;,ᾤχετ’ ἔχων ὅ τ’ Ἔρως ταχινὰς φρένας ἅ τ’ Ἀφροδίτα;,tlg0005.tlg001.perseus-grc2.xml
Idylls,tlg001,2,8,βασεῦμαι ποτὶ τὰν Τιμαγήτοιο παλαίστραν,βασεῦμαι ποτὶ τὰν Τιμαγήτοιο παλαίστραν,tlg0005.tlg001.perseus-grc2.xml
Idylls,tlg001,2,9,"αὔριον, ὥς νιν ἴδω, καὶ μέμψομαι οἷά με ποιεῖ.","αὔριον, ὥς νιν ἴδω, καὶ μέμψομαι οἷά με ποιεῖ.",tlg0005.tlg001.perseus-grc2.xml
Idylls,tlg001,2,10,"νῦν δέ νιν ἐκ θυέων καταθύσομαι. ἀλλὰ Σελάνα,","νῦν δέ νιν ἐκ θυέων καταθύσομαι. ἀλλὰ Σελάνα,",tlg0005.tlg001.perseus-grc2.xml
Idylls,tlg001,2,11,"φαῖνε καλόν· τὶν γὰρ ποταείσομαι ἅσυχα, δαῖμον,","φαῖνε καλόν· τὶν γὰρ ποταείσομαι ἅσυχα, δαῖμον,",tlg0005.tlg001.perseus-grc2.xml
Idylls,tlg001,2,12,"τᾷ χθονίᾳ θʼ Ἑκάτα, τὰν καὶ σκύλακες τρομέοντι","τᾷ χθονίᾳ θ’ Ἑκάτα, τὰν καὶ σκύλακες τρομέοντι",tlg0005.tlg001.perseus-grc2.xml
Idylls,tlg001,2,13,ἐρχομέναν νεκύων ἀνά τʼ ἠρία καὶ μέλαν αἷμα.,ἐρχομέναν νεκύων ἀνά τ’ ἠρία καὶ μέλαν αἷμα.,tlg0005.tlg001.perseus-grc2.xml
Idylls,tlg001,2,14,"χαῖρʼ Ἑκάτα δασπλῆτι, καὶ ἐς τέλος ἄμμιν ὀπάδει.","χαῖρ’ Ἑκάτα δασπλῆτι, καὶ ἐς τέλος ἄμμιν ὀπάδει.",tlg0005.tlg001.perseus-grc2.xml
Idylls,tlg001,2,15,φάρμακα ταῦτʼ ἔρδοισα χερείονα μήτέ τι Κίρκης,φάρμακα ταῦτ’ ἔρδοισα χερείονα μήτέ τι Κίρκης,tlg0005.tlg001.perseus-grc2.xml
Idylls,tlg001,2,16,μήτέ τι Μηδείας μήτε ξανθᾶς Περιμήδας.,μήτέ τι Μηδείας μήτε ξανθᾶς Περιμήδας.,tlg0005.tlg001.perseus-grc2.xml
Idylls,tlg001,2,17,"Ἶυγξ, ἕλκε τὺ τῆνον ἐμὸν ποτὶ δῶμα τὸν ἄνδρα.","Ἶυγξ, ἕλκε τὺ τῆνον ἐμὸν ποτὶ δῶμα τὸν ἄνδρα.",tlg0005.tlg001.perseus-grc2.xml
Idylls,tlg001,2,18,ἄλφιτά τοι πρᾶτον πυρὶ τάκεται· ἀλλʼ ἐπίπασσε,ἄλφιτά τοι πρᾶτον πυρὶ τάκεται· ἀλλ’ ἐπίπασσε,tlg0005.tlg001.perseus-grc2.xml
Idylls,tlg001,2,19,"Θεστυλί. δειλαία, πᾷ τὰς φρένας ἐκπεπότασαι;","Θεστυλί. δειλαία, πᾷ τὰς φρένας ἐκπεπότασαι;",tlg0005.tlg001.perseus-grc2.xml
Idylls,tlg001,2,20,ἦ ῥά γε τρισμυσαρὰ καὶ τὶν ἐπίχαρμα τέτυγμαι;,ἦ ῥά γε τρισμυσαρὰ καὶ τὶν ἐπίχαρμα τέτυγμαι;,tlg0005.tlg001.perseus-grc2.xml
Idylls,tlg001,2,21,πάσσʼ ἅμα καὶ λέγε ταῦτα· τὰ Δέλφιδος ὀστία πάσσω.,πάσσ’ ἅμα καὶ λέγε ταῦτα· τὰ Δέλφιδος ὀστία πάσσω.,tlg0005.tlg001.perseus-grc2.xml
Idylls,tlg001,2,22,"ἶυγξ, ἕλκε τὺ τῆνον ἐμὸν ποτὶ δῶμα τὸν ἄνδρα.","ἶυγξ, ἕλκε τὺ τῆνον ἐμὸν ποτὶ δῶμα τὸν ἄνδρα.",tlg0005.tlg001.perseus-grc2.xml
Idylls,tlg001,2,23,Δέλφις ἔμʼ ἀνίασεν· ἐγὼ δʼ ἐπὶ Δέλφιδι δάφναν,Δέλφις ἔμ’ ἀνίασεν· ἐγὼ δ’ ἐπὶ Δέλφιδι δάφναν,tlg0005.tlg001.perseus-grc2.xml
Idylls,tlg001,2,24,αἴθω· χὡς αὕτα λακεῖ μέγα καππυρίσασα,αἴθω· χὡς αὕτα λακεῖ μέγα καππυρίσασα,tlg0005.tlg001.perseus-grc2.xml
Idylls,tlg001,2,25,"κἠξαπίνας ἅφθη, κοὐδὲ σποδὸν εἴδομες αὐτᾶς,","κἠξαπίνας ἅφθη, κοὐδὲ σποδὸν εἴδομες αὐτᾶς,",tlg0005.tlg001.perseus-grc2.xml
Idylls,tlg001,2,26,οὕτω τοι καὶ Δέλφις ἐνὶ φλογὶ σάρκʼ ἀμαθύνοι.,οὕτω τοι καὶ Δέλφις ἐνὶ φλογὶ σάρκ’ ἀμαθύνοι.,tlg0005.tlg001.perseus-grc2.xml
Idylls,tlg001,2,27,"ἶυγξ, ἕλκε τὺ τῆνον ἐμὸν ποτὶ δῶμα τὸν ἄνδρα.","ἶυγξ, ἕλκε τὺ τῆνον ἐμὸν ποτὶ δῶμα τὸν ἄνδρα.",tlg0005.tlg001.perseus-grc2.xml
Idylls,tlg001,2,28,"ὡς τοῦτον τὸν κηρὸν ἐγὼ σὺν δαίμονι τάκω,","ὡς τοῦτον τὸν κηρὸν ἐγὼ σὺν δαίμονι τάκω,",tlg0005.tlg001.perseus-grc2.xml
Idylls,tlg001,2,29,ὣς τάκοιθʼ ὑπʼ ἔρωτος ὁ Μύνδιος αὐτίκα Δέλφις.,ὣς τάκοιθ’ ὑπ’ ἔρωτος ὁ Μύνδιος αὐτίκα Δέλφις.,tlg0005.tlg001.perseus-grc2.xml
Idylls,tlg001,2,30,"χὡς δινεῖθʼ ὅδε ῥόμβος ὁ χάλκεος ἐξ Ἀφροδίτας,","χὡς δινεῖθ’ ὅδε ῥόμβος ὁ χάλκεος ἐξ Ἀφροδίτας,",tlg0005.tlg001.perseus-grc2.xml
Idylls,tlg001,2,31,ὣς τῆνος δινοῖτο ποθʼ ἁμετέραισι θύραισιν.,ὣς τῆνος δινοῖτο ποθ’ ἁμετέραισι θύραισιν.,tlg0005.tlg001.perseus-grc2.xml
Idylls,tlg001,2,32,"ἶυγξ, ἕλκε τὺ τῆνον ἐμὸν ποτὶ δῶμα τὸν ἄνδρα.","ἶυγξ, ἕλκε τὺ τῆνον ἐμὸν ποτὶ δῶμα τὸν ἄνδρα.",tlg0005.tlg001.perseus-grc2.xml
Idylls,tlg001,2,33,νῦν θυσῶ τὰ πίτυρα. τὺ δʼ Ἄρτεμι καὶ τὸν ἐν Ἅιδα,νῦν θυσῶ τὰ πίτυρα. τὺ δ’ Ἄρτεμι καὶ τὸν ἐν Ἅιδα,tlg0005.tlg001.perseus-grc2.xml
Idylls,tlg001,2,34,κινήσαις ἀδάμαντα καὶ εἴ τί περ ἀσφαλὲς ἄλλο.,κινήσαις ἀδάμαντα καὶ εἴ τί περ ἀσφαλὲς ἄλλο.,tlg0005.tlg001.perseus-grc2.xml
Idylls,tlg001,2,35,"Θεστυλί, ταὶ κύνες ἄμμιν ἀνὰ πτόλιν ὠρύονται.","Θεστυλί, ταὶ κύνες ἄμμιν ἀνὰ πτόλιν ὠρύονται.",tlg0005.tlg001.perseus-grc2.xml
Idylls,tlg001,2,36,ἁ θεὸς ἐν τριόδοισι· τὸ χαλκίον ὡς τάχος ἄχει.,ἁ θεὸς ἐν τριόδοισι· τὸ χαλκίον ὡς τάχος ἄχει.,tlg0005.tlg001.perseus-grc2.xml
Idylls,tlg001,2,37,"ἶυγξ, ἕλκε τὺ τῆνον ἐμὸν ποτὶ δῶμα τὸν ἄνδρα.","ἶυγξ, ἕλκε τὺ τῆνον ἐμὸν ποτὶ δῶμα τὸν ἄνδρα.",tlg0005.tlg001.perseus-grc2.xml
Idylls,tlg001,2,38,"ἠνίδε σιγῇ μὲν πόντος, σιγῶντι δʼ ἀῆται·","ἠνίδε σιγῇ μὲν πόντος, σιγῶντι δ’ ἀῆται·",tlg0005.tlg001.perseus-grc2.xml
Idylls,tlg001,2,39,"ἁ δʼ ἐμὰ οὐ σιγῇ στέρνων ἔντοσθεν ἀνία,","ἁ δ’ ἐμὰ οὐ σιγῇ στέρνων ἔντοσθεν ἀνία,",tlg0005.tlg001.perseus-grc2.xml
Idylls,tlg001,2,40,"ἀλλʼ ἐπὶ τήνῳ πᾶσα καταίθομαι, ὅς με τάλαιναν","ἀλλ’ ἐπὶ τήνῳ πᾶσα καταίθομαι, ὅς με τάλαιναν",tlg0005.tlg001.perseus-grc2.xml
Idylls,tlg001,2,41,ἀντὶ γυναικὸς ἔθηκε κακὰν καὶ ἀπάρθενον ἦμεν.,ἀντὶ γυναικὸς ἔθηκε κακὰν καὶ ἀπάρθενον ἦμεν.,tlg0005.tlg001.perseus-grc2.xml
Idylls,tlg001,2,42,"ἶυγξ, ἕλκε τὺ τῆνον ἐμὸν ποτὶ δῶμα τὸν ἄνδρα.","ἶυγξ, ἕλκε τὺ τῆνον ἐμὸν ποτὶ δῶμα τὸν ἄνδρα.",tlg0005.tlg001.perseus-grc2.xml
Idylls,tlg001,2,43,ἐς τρὶς ἀποσπένδω καὶ τρὶς τάδε πότνια φωνέω·,ἐς τρὶς ἀποσπένδω καὶ τρὶς τάδε πότνια φωνέω·,tlg0005.tlg001.perseus-grc2.xml
Idylls,tlg001,2,44,"εἴτε γυνὰ τήνῳ παρακέκλιται εἴτε καὶ ἀνήρ,","εἴτε γυνὰ τήνῳ παρακέκλιται εἴτε καὶ ἀνήρ,",tlg0005.tlg001.perseus-grc2.xml
Idylls,tlg001,2,45,"τόσσον ἔχοι λάθας, ὅσσόν ποκα Θησέα φαντὶ","τόσσον ἔχοι λάθας, ὅσσόν ποκα Θησέα φαντὶ",tlg0005.tlg001.perseus-grc2.xml
Idylls,tlg001,2,46,ἐν Δίᾳ λασθῆμεν ἐυπλοκάμω Ἀριάδνας.,ἐν Δίᾳ λασθῆμεν ἐυπλοκάμω Ἀριάδνας.,tlg0005.tlg001.perseus-grc2.xml
Idylls,tlg001,2,47,"ἶυγξ, ἕλκε τὺ τῆνον ἐμὸν ποτὶ δῶμα τὸν ἄνδρα.","ἶυγξ, ἕλκε τὺ τῆνον ἐμὸν ποτὶ δῶμα τὸν ἄνδρα.",tlg0005.tlg001.perseus-grc2.xml
Idylls,tlg001,2,48,ἱππομανὲς φυτόν ἐστι παρʼ Ἀρκάσι· τῷ δʼ ἐπὶ πᾶσαι,ἱππομανὲς φυτόν ἐστι παρ’ Ἀρκάσι· τῷ δ’ ἐπὶ πᾶσαι,tlg0005.tlg001.perseus-grc2.xml
Idylls,tlg001,2,49,καὶ πῶλοι μαίνονται ἀνʼ ὤρεα καὶ θοαὶ ἵπποι.,καὶ πῶλοι μαίνονται ἀν’ ὤρεα καὶ θοαὶ ἵπποι.,tlg0005.tlg001.perseus-grc2.xml
Idylls,tlg001,2,50,"ὣς καὶ Δέλφιν ἴδοιμι, καὶ ἐς τόδε δῶμα περάσαι","ὣς καὶ Δέλφιν ἴδοιμι, καὶ ἐς τόδε δῶμα περάσαι",tlg0005.tlg001.perseus-grc2.xml
Idylls,tlg001,2,51,μαινομένῳ ἴκελος λιπαρᾶς ἔκτοσθε παλαίστρας.,μαινομένῳ ἴκελος λιπαρᾶς ἔκτοσθε παλαίστρας.,tlg0005.tlg001.perseus-grc2.xml
Idylls,tlg001,2,52,"ἶυγξ, ἕλκε τὺ τῆνον ἐμὸν ποτὶ δῶμα τὸν ἄνδρα.","ἶυγξ, ἕλκε τὺ τῆνον ἐμὸν ποτὶ δῶμα τὸν ἄνδρα.",tlg0005.tlg001.perseus-grc2.xml
Idylls,tlg001,2,53,"τοῦτʼ ἀπὸ τᾶς χλαίνας τὸ κράσπεδον ὤλεσε Δέλφις,","τοῦτ’ ἀπὸ τᾶς χλαίνας τὸ κράσπεδον ὤλεσε Δέλφις,",tlg0005.tlg001.perseus-grc2.xml
Idylls,tlg001,2,54,ὡγὼ νῦν τίλλοισα κατʼ ἀγρίῳ ἐν πυρὶ βάλλω.,ὡγὼ νῦν τίλλοισα κατ’ ἀγρίῳ ἐν πυρὶ βάλλω.,tlg0005.tlg001.perseus-grc2.xml
Idylls,tlg001,2,55,"αἰαῖ Ἔρως ἀνιηρέ, τί μευ μέλαν ἐκ χροὸς αἷμα","αἰαῖ Ἔρως ἀνιηρέ, τί μευ μέλαν ἐκ χροὸς αἷμα",tlg0005.tlg001.perseus-grc2.xml
Idylls,tlg001,2,56,ἐμφὺς ὡς λιμνᾶτις ἅπαν ἐκ βδέλλα πέπωκας;,ἐμφὺς ὡς λιμνᾶτις ἅπαν ἐκ βδέλλα πέπωκας;,tlg0005.tlg001.perseus-grc2.xml
Idylls,tlg001,2,57,"ἶυγξ, ἕλκε τὺ τῆνον ἐμὸν ποτὶ δῶμα τὸν ἄνδρα.","ἶυγξ, ἕλκε τὺ τῆνον ἐμὸν ποτὶ δῶμα τὸν ἄνδρα.",tlg0005.tlg001.perseus-grc2.xml
Idylls,tlg001,2,58,σαύραν τοι τρίψασα ποτὸν κακὸν αὔριον οἰσῶ.,σαύραν τοι τρίψασα ποτὸν κακὸν αὔριον οἰσῶ.,tlg0005.tlg001.perseus-grc2.xml
Idylls,tlg001,2,59,"Θεστυλί, νῦν δὲ λαβοῖσα τὺ τὰ θρόνα ταῦθʼ ὑπόμαξον","Θεστυλί, νῦν δὲ λαβοῖσα τὺ τὰ θρόνα ταῦθ’ ὑπόμαξον",tlg0005.tlg001.perseus-grc2.xml
Idylls,tlg001,2,60,"τᾶς τήνω φλιᾶς καθʼ ὑπέρτερον, ἇς ἔτι καὶ νύξ,","τᾶς τήνω φλιᾶς καθ’ ὑπέρτερον, ἇς ἔτι καὶ νύξ,",tlg0005.tlg001.perseus-grc2.xml
Idylls,tlg001,2,62,καὶ λέγʼ ἐπιφθύζοισα· τὰ Δέλφιδος ὀστία μάσσω.,καὶ λέγ’ ἐπιφθύζοισα· τὰ Δέλφιδος ὀστία μάσσω.,tlg0005.tlg001.perseus-grc2.xml
Idylls,tlg001,2,63,"ἶυγξ, ἕλκε τὺ τῆνον ἐμὸν ποτὶ δῶμα τὸν ἄνδρα.","ἶυγξ, ἕλκε τὺ τῆνον ἐμὸν ποτὶ δῶμα τὸν ἄνδρα.",tlg0005.tlg001.perseus-grc2.xml
Idylls,tlg001,2,64,νῦν δὴ μώνα ἐοῖσα πόθεν τὸν ἔρωτα δακρύσω;,νῦν δὴ μώνα ἐοῖσα πόθεν τὸν ἔρωτα δακρύσω;,tlg0005.tlg001.perseus-grc2.xml
Idylls,tlg001,2,65,ἐκ τίνος ἄρξωμαι; τίς μοι κακὸν ἄγαγε τοῦτο;,ἐκ τίνος ἄρξωμαι; τίς μοι κακὸν ἄγαγε τοῦτο;,tlg0005.tlg001.perseus-grc2.xml
Idylls,tlg001,2,66,ἦνθʼ ἁ τῶὐβούλοιο κανηφόρος ἄμμιν Ἀναξὼ,ἦνθ’ ἁ τῶὐβούλοιο κανηφόρος ἄμμιν Ἀναξὼ,tlg0005.tlg001.perseus-grc2.xml
Idylls,tlg001,2,67,"ἄλσος ἐς Ἀρτέμιδος, τᾷ δὴ τόκα πολλὰ μὲν ἄλλα","ἄλσος ἐς Ἀρτέμιδος, τᾷ δὴ τόκα πολλὰ μὲν ἄλλα",tlg0005.tlg001.perseus-grc2.xml
Idylls,tlg001,2,68,"θηρία πομπεύεσκε περισταδόν, ἐν δὲ λέαινα.","θηρία πομπεύεσκε περισταδόν, ἐν δὲ λέαινα.",tlg0005.tlg001.perseus-grc2.xml
Idylls,tlg001,2,69,"φράζεό μευ τὸν ἔρωθʼ ὅθεν ἵκετο, πότνα Σελάνα.","φράζεό μευ τὸν ἔρωθ’ ὅθεν ἵκετο, πότνα Σελάνα.",tlg0005.tlg001.perseus-grc2.xml
Idylls,tlg001,2,70,καί μʼ ἁ Θευχαρίδα Θρᾷσσα τροφὸς ἁ μακαρῖτις,καί μ’ ἁ Θευχαρίδα Θρᾷσσα τροφὸς ἁ μακαρῖτις,tlg0005.tlg001.perseus-grc2.xml
Idylls,tlg001,2,71,ἀγχίθυρος ναίοισα κατεύξατο καὶ λιτάνευσε,ἀγχίθυρος ναίοισα κατεύξατο καὶ λιτάνευσε,tlg0005.tlg001.perseus-grc2.xml
Idylls,tlg001,2,72,τὰν πομπὰν θάσασθαι· ἐγὼ δέ οἱ ἁ μεγάλοιτος,τὰν πομπὰν θάσασθαι· ἐγὼ δέ οἱ ἁ μεγάλοιτος,tlg0005.tlg001.perseus-grc2.xml
Idylls,tlg001,2,73,"ὡμάρτευν βύσσοιο καλὸν σύροισα χιτῶνα,","ὡμάρτευν βύσσοιο καλὸν σύροισα χιτῶνα,",tlg0005.tlg001.perseus-grc2.xml
Idylls,tlg001,2,74,κἀμφιστειλαμένα τὰν ξυστίδα τὰν Κλεαρίστας.,κἀμφιστειλαμένα τὰν ξυστίδα τὰν Κλεαρίστας.,tlg0005.tlg001.perseus-grc2.xml
Idylls,tlg001,2,75,"φράζεό μευ τὸν ἔρωθʼ ὅθεν ἵκετο, πότνα Σελάνα.","φράζεό μευ τὸν ἔρωθ’ ὅθεν ἵκετο, πότνα Σελάνα.",tlg0005.tlg001.perseus-grc2.xml
Idylls,tlg001,2,76,"ἤδη δʼ εὖσα μέσον κατʼ ἀμαξιτόν, ᾇ τὰ Λύκωνος,","ἤδη δ’ εὖσα μέσον κατ’ ἀμαξιτόν, ᾇ τὰ Λύκωνος,",tlg0005.tlg001.perseus-grc2.xml
Idylls,tlg001,2,77,εἶδον ὁμοῦ Δέλφιν τε καὶ Εὐδάμιππον ἰόντας.,εἶδον ὁμοῦ Δέλφιν τε καὶ Εὐδάμιππον ἰόντας.,tlg0005.tlg001.perseus-grc2.xml
Idylls,tlg001,2,78,"τοῖς δʼ ἦν ξανθοτέρα μὲν ἑλιχρύσοιο γενειάς,","τοῖς δ’ ἦν ξανθοτέρα μὲν ἑλιχρύσοιο γενειάς,",tlg0005.tlg001.perseus-grc2.xml
Idylls,tlg001,2,79,"στήθεα δὲ στίλβοντα πολὺ πλέον ἢ τὺ Σελάνα,","στήθεα δὲ στίλβοντα πολὺ πλέον ἢ τὺ Σελάνα,",tlg0005.tlg001.perseus-grc2.xml
Idylls,tlg001,2,80,ὡς ἀπὸ γυμνασίοιο καλὸν πόνον ἄρτι λιπόντων.,ὡς ἀπὸ γυμνασίοιο καλὸν πόνον ἄρτι λιπόντων.,tlg0005.tlg001.perseus-grc2.xml
Idylls,tlg001,2,81,"φράζεό μευ τὸν ἔρωθʼ ὅθεν ἵκετο, πότνα Σελάνα.","φράζεό μευ τὸν ἔρωθ’ ὅθεν ἵκετο, πότνα Σελάνα.",tlg0005.tlg001.perseus-grc2.xml
Idylls,tlg001,2,82,"χὡς ἴδον, ὡς ἐμάνην, ὥς μευ πέρι θυμὸς ἰάφθη","χὡς ἴδον, ὡς ἐμάνην, ὥς μευ πέρι θυμὸς ἰάφθη",tlg0005.tlg001.perseus-grc2.xml
Idylls,tlg001,2,83,"δειλαίας· τὸ δὲ κάλλος ἐτάκετο, κοὔτέ τι πομπᾶς","δειλαίας· τὸ δὲ κάλλος ἐτάκετο, κοὔτέ τι πομπᾶς",tlg0005.tlg001.perseus-grc2.xml
Idylls,tlg001,2,84,"τήνας ἐφρασάμαν, οὐδʼ ὡς πάλιν οἴκαδʼ ἀπῆνθον","τήνας ἐφρασάμαν, οὐδ’ ὡς πάλιν οἴκαδ’ ἀπῆνθον",tlg0005.tlg001.perseus-grc2.xml
Idylls,tlg001,2,85,"ἔγνων· ἀλλά μέ τις καπυρὰ νόσος ἐξεσάλαξε,","ἔγνων· ἀλλά μέ τις καπυρὰ νόσος ἐξεσάλαξε,",tlg0005.tlg001.perseus-grc2.xml
Idylls,tlg001,2,86,κείμαν δʼ ἐν κλιντῆρι δέκʼ ἄματα καὶ δέκα νύκτας.,κείμαν δ’ ἐν κλιντῆρι δέκ’ ἄματα καὶ δέκα νύκτας.,tlg0005.tlg001.perseus-grc2.xml
Idylls,tlg001,2,87,"φράζεό μευ τὸν ἔρωθʼ ὅθεν ἵκετο, πότνα Σελάνα.","φράζεό μευ τὸν ἔρωθ’ ὅθεν ἵκετο, πότνα Σελάνα.",tlg0005.tlg001.perseus-grc2.xml
Idylls,tlg001,2,88,"καί μευ χρὼς μὲν ὁμοῖος ἐγίνετο πολλάκι θάψῳ,","καί μευ χρὼς μὲν ὁμοῖος ἐγίνετο πολλάκι θάψῳ,",tlg0005.tlg001.perseus-grc2.xml
Idylls,tlg001,2,89,"ἔρρευν δʼ ἐκ κεφαλᾶς πᾶσαι τρίχες, αὐτὰ δὲ λοιπὰ","ἔρρευν δ’ ἐκ κεφαλᾶς πᾶσαι τρίχες, αὐτὰ δὲ λοιπὰ",tlg0005.tlg001.perseus-grc2.xml
Idylls,tlg001,2,90,ὀστίʼ ἔτʼ ἦς καὶ δέρμα. καὶ ἐς τίνος οὐκ ἐπέρασα,ὀστί’ ἔτ’ ἦς καὶ δέρμα. καὶ ἐς τίνος οὐκ ἐπέρασα,tlg0005.tlg001.perseus-grc2.xml
Idylls,tlg001,2,91,"ἢ ποίας ἔλιπον γραίας δόμον, ἅτις ἐπᾷδεν;","ἢ ποίας ἔλιπον γραίας δόμον, ἅτις ἐπᾷδεν;",tlg0005.tlg001.perseus-grc2.xml
Idylls,tlg001,2,92,ἀλλʼ ἦς οὐδὲν ἐλαφρόν· ὁ δέ χρόνος ἄνυτο φεύγων.,ἀλλ’ ἦς οὐδὲν ἐλαφρόν· ὁ δέ χρόνος ἄνυτο φεύγων.,tlg0005.tlg001.perseus-grc2.xml
Idylls,tlg001,2,93,"φράζεό μευ τὸν ἔρωθʼ ὅθεν ἵκετο, πότνα Σελάνα.","φράζεό μευ τὸν ἔρωθ’ ὅθεν ἵκετο, πότνα Σελάνα.",tlg0005.tlg001.perseus-grc2.xml
Idylls,tlg001,2,94,χοὕτω τᾷ δούλᾳ τὸν ἀλαθέα μῦθον ἔλεξα·,χοὕτω τᾷ δούλᾳ τὸν ἀλαθέα μῦθον ἔλεξα·,tlg0005.tlg001.perseus-grc2.xml
Idylls,tlg001,2,95,εἰ δʼ ἄγε Θεστυλί μοι χαλεπᾶς νόσω εὑρέ τι μῆχος.,εἰ δ’ ἄγε Θεστυλί μοι χαλεπᾶς νόσω εὑρέ τι μῆχος.,tlg0005.tlg001.perseus-grc2.xml
Idylls,tlg001,2,96,πᾶσαν ἔχει με τάλαιναν ὁ Μύνδιος· ἀλλὰ μολοῖσα,πᾶσαν ἔχει με τάλαιναν ὁ Μύνδιος· ἀλλὰ μολοῖσα,tlg0005.tlg001.perseus-grc2.xml
Idylls,tlg001,2,97,τήρησον ποτὶ τὰν Τιμαγήτοιο παλαίστραν·,τήρησον ποτὶ τὰν Τιμαγήτοιο παλαίστραν·,tlg0005.tlg001.perseus-grc2.xml
Idylls,tlg001,2,98,"τηνεῖ γὰρ φοιτῇ, τηνεῖ δέ οἱ ἁδὺ καθῆσθαι.","τηνεῖ γὰρ φοιτῇ, τηνεῖ δέ οἱ ἁδὺ καθῆσθαι.",tlg0005.tlg001.perseus-grc2.xml
Idylls,tlg001,2,99,"φράζεό μευ τὸν ἔρωθʼ ὅθεν ἵκετο, πότνα Σελάνα.","φράζεό μευ τὸν ἔρωθ’ ὅθεν ἵκετο, πότνα Σελάνα.",tlg0005.tlg001.perseus-grc2.xml
Idylls,tlg001,2,100,"κἠπεί κά νιν ἐόντα μάθῃς μόνον, ἅσυχα νεῦσον,","κἠπεί κά νιν ἐόντα μάθῃς μόνον, ἅσυχα νεῦσον,",tlg0005.tlg001.perseus-grc2.xml
Idylls,tlg001,2,101,"κεἴφʼ ὅτι Σιμαίθα τυ καλεῖ, καὶ ὑφαγέο τᾷδε.","κεἴφ’ ὅτι Σιμαίθα τυ καλεῖ, καὶ ὑφαγέο τᾷδε.",tlg0005.tlg001.perseus-grc2.xml
Idylls,tlg001,2,102,ὣς ἐφάμαν· ἁ δʼ ἦνθε καὶ ἄγαγε τὸν λιπαρόχρων,ὣς ἐφάμαν· ἁ δ’ ἦνθε καὶ ἄγαγε τὸν λιπαρόχρων,tlg0005.tlg001.perseus-grc2.xml
Idylls,tlg001,2,103,εἰς ἐμὰ δώματα Δέλφιν· ἐγὼ δέ νιν ὡς ἐνόησα,εἰς ἐμὰ δώματα Δέλφιν· ἐγὼ δέ νιν ὡς ἐνόησα,tlg0005.tlg001.perseus-grc2.xml
Idylls,tlg001,2,104,ἄρτι θύρας ὑπὲρ οὐδὸν ἀμειβόμενον ποδὶ κούφῳ—,ἄρτι θύρας ὑπὲρ οὐδὸν ἀμειβόμενον ποδὶ κούφῳ—,tlg0005.tlg001.perseus-grc2.xml
Idylls,tlg001,2,105,"φράζεό μευ τὸν ἔρωθʼ ὅθεν ἵκετο, πότνα Σελάνα—","φράζεό μευ τὸν ἔρωθ’ ὅθεν ἵκετο, πότνα Σελάνα—",tlg0005.tlg001.perseus-grc2.xml
Idylls,tlg001,2,106,"πᾶσα μὲν ἐψύχθην χιόνος πλέον, ἐν δὲ μετώπῳ","πᾶσα μὲν ἐψύχθην χιόνος πλέον, ἐν δὲ μετώπῳ",tlg0005.tlg001.perseus-grc2.xml
Idylls,tlg001,2,107,"ἱδρώς μευ κοχύδεσκεν ἴσον νοτίαισιν ἐέρσαις,","ἱδρώς μευ κοχύδεσκεν ἴσον νοτίαισιν ἐέρσαις,",tlg0005.tlg001.perseus-grc2.xml
Idylls,tlg001,2,108,"οὐδέ τι φωνᾶσαι δυνάμαν, οὐδʼ ὅσσον ἐν ὕπνῳ","οὐδέ τι φωνᾶσαι δυνάμαν, οὐδ’ ὅσσον ἐν ὕπνῳ",tlg0005.tlg001.perseus-grc2.xml
Idylls,tlg001,2,109,κνυζεῦνται φωνεῦντα φίλαν ποτὶ ματέρα τέκνα·,κνυζεῦνται φωνεῦντα φίλαν ποτὶ ματέρα τέκνα·,tlg0005.tlg001.perseus-grc2.xml
Idylls,tlg001,2,110,ἀλλʼ ἐπάγην δαγῦδι καλὸν χρόα πάντοθεν ἴσα.,ἀλλ’ ἐπάγην δαγῦδι καλὸν χρόα πάντοθεν ἴσα.,tlg0005.tlg001.perseus-grc2.xml
Idylls,tlg001,2,111,"φράζεό μευ τὸν ἔρωθʼ ὅθεν ἵκετο, πότνα Σελάνα.","φράζεό μευ τὸν ἔρωθ’ ὅθεν ἵκετο, πότνα Σελάνα.",tlg0005.tlg001.perseus-grc2.xml
Idylls,tlg001,2,112,"καί μʼ ἐσιδὼν ὥστοργος, ἐπὶ χθονὸς ὄμματα πήξας","καί μ’ ἐσιδὼν ὥστοργος, ἐπὶ χθονὸς ὄμματα πήξας",tlg0005.tlg001.perseus-grc2.xml
Idylls,tlg001,2,113,ἕξετʼ ἐπὶ κλιντῆρι καὶ ἑζόμενος φάτο μῦθον·,ἕξετ’ ἐπὶ κλιντῆρι καὶ ἑζόμενος φάτο μῦθον·,tlg0005.tlg001.perseus-grc2.xml
Idylls,tlg001,2,114,"ἦ ῥά με Σιμαίθα τόσον ἔφθασας, ὅσσον ἐγώ θην","ἦ ῥά με Σιμαίθα τόσον ἔφθασας, ὅσσον ἐγώ θην",tlg0005.tlg001.perseus-grc2.xml
Idylls,tlg001,2,115,"πρᾶν ποκα τὸν χαρίεντα τρέχων ἔφθασσα Φιλῖνον,","πρᾶν ποκα τὸν χαρίεντα τρέχων ἔφθασσα Φιλῖνον,",tlg0005.tlg001.perseus-grc2.xml
Idylls,tlg001,2,116,ἐς τὸ τεὸν καλέσασα τόδε στέγος ἤ με παρῆμεν.,ἐς τὸ τεὸν καλέσασα τόδε στέγος ἤ με παρῆμεν.,tlg0005.tlg001.perseus-grc2.xml
Idylls,tlg001,2,117,"φράζεό μευ τὸν ἔρωθʼ ὅθεν ἵκετο, πότνα Σελάνα.","φράζεό μευ τὸν ἔρωθ’ ὅθεν ἵκετο, πότνα Σελάνα.",tlg0005.tlg001.perseus-grc2.xml
Idylls,tlg001,2,118,"ἦνθον γάρ κεν ἐγώ, ναὶ τὸν γλυκὺν ἦνθον Ἔρωτα,","ἦνθον γάρ κεν ἐγώ, ναὶ τὸν γλυκὺν ἦνθον Ἔρωτα,",tlg0005.tlg001.perseus-grc2.xml
Idylls,tlg001,2,119,"ἢ τρίτος ἠὲ τέταρτος ἐὼν φίλος αὐτίκα νυκτός,","ἢ τρίτος ἠὲ τέταρτος ἐὼν φίλος αὐτίκα νυκτός,",tlg0005.tlg001.perseus-grc2.xml
Idylls,tlg001,2,120,"μᾶλα μὲν ἐν κόλποισι Διωνύσοιο φυλάσσων,","μᾶλα μὲν ἐν κόλποισι Διωνύσοιο φυλάσσων,",tlg0005.tlg001.perseus-grc2.xml
Idylls,tlg001,2,121,"κρατὶ δʼ ἔχων λεύκαν, Ἡρακλέος ἱερὸν ἔρνος,","κρατὶ δ’ ἔχων λεύκαν, Ἡρακλέος ἱερὸν ἔρνος,",tlg0005.tlg001.perseus-grc2.xml
Idylls,tlg001,2,122,πάντοθε πορφυρέαισι περὶ ζώστραισιν ἑλικτάν.,πάντοθε πορφυρέαισι περὶ ζώστραισιν ἑλικτάν.,tlg0005.tlg001.perseus-grc2.xml
Idylls,tlg001,2,123,"φράζεό μευ τὸν ἔρωθʼ ὅθεν ἵκετο, πότνα Σελάνα.","φράζεό μευ τὸν ἔρωθ’ ὅθεν ἵκετο, πότνα Σελάνα.",tlg0005.tlg001.perseus-grc2.xml
Idylls,tlg001,2,124,"καί μʼ εἰ μέν κʼ ἐδέχεσθε, τάδʼ ἦς φίλα· καὶ γὰρ ἐλαφρὸς","καί μ’ εἰ μέν κ’ ἐδέχεσθε, τάδ’ ἦς φίλα· καὶ γὰρ ἐλαφρὸς",tlg0005.tlg001.perseus-grc2.xml
Idylls,tlg001,2,125,καὶ καλὸς πάντεσσι μετʼ ἠιθέοισι καλεῦμαι·,καὶ καλὸς πάντεσσι μετ’ ἠιθέοισι καλεῦμαι·,tlg0005.tlg001.perseus-grc2.xml
Idylls,tlg001,2,126,"εὗδόν τʼ, εἴ κε μόνον τὸ καλὸν στόμα τεῦς ἐφίλασα·","εὗδόν τ’, εἴ κε μόνον τὸ καλὸν στόμα τεῦς ἐφίλασα·",tlg0005.tlg001.perseus-grc2.xml
Idylls,tlg001,2,127,"εἰ δʼ ἀλλᾷ μʼ ὠθεῖτε καὶ ἁ θύρα εἴχετο μοχλῷ,","εἰ δ’ ἀλλᾷ μ’ ὠθεῖτε καὶ ἁ θύρα εἴχετο μοχλῷ,",tlg0005.tlg001.perseus-grc2.xml
Idylls,tlg001,2,128,πάντως καὶ πελέκεις καὶ λαμπάδες ἦνθον ἐφʼ ὑμέας.,πάντως καὶ πελέκεις καὶ λαμπάδες ἦνθον ἐφ’ ὑμέας.,tlg0005.tlg001.perseus-grc2.xml
Idylls,tlg001,2,129,"φράζεό μευ τὸν ἔρωθʼ ὅθεν ἵκετο, πότνα Σελάνα.","φράζεό μευ τὸν ἔρωθ’ ὅθεν ἵκετο, πότνα Σελάνα.",tlg0005.tlg001.perseus-grc2.xml
Idylls,tlg001,2,130,"νῦν δὲ χάριν μὲν ἔφαν τᾷ Κύπριδι πρᾶτον ὀφείλειν,","νῦν δὲ χάριν μὲν ἔφαν τᾷ Κύπριδι πρᾶτον ὀφείλειν,",tlg0005.tlg001.perseus-grc2.xml
Idylls,tlg001,2,131,καὶ μετὰ τὰν Κύπριν τύ με δευτέρα ἐκ πυρὸς εἵλευ,καὶ μετὰ τὰν Κύπριν τύ με δευτέρα ἐκ πυρὸς εἵλευ,tlg0005.tlg001.perseus-grc2.xml
Idylls,tlg001,2,132,ὦ γύναι ἐσκαλέσασα τεὸν ποτὶ τοῦτο μέλαθρον,ὦ γύναι ἐσκαλέσασα τεὸν ποτὶ τοῦτο μέλαθρον,tlg0005.tlg001.perseus-grc2.xml
Idylls,tlg001,2,133,αὔτως ἡμίφλεκτον· Ἔρως δʼ ἄρα καὶ Λιπαραίω,αὔτως ἡμίφλεκτον· Ἔρως δ’ ἄρα καὶ Λιπαραίω,tlg0005.tlg001.perseus-grc2.xml
Idylls,tlg001,2,134,πολλάκις Ἡφαίστοιο σέλας φλογερώτερον αἴθει.,πολλάκις Ἡφαίστοιο σέλας φλογερώτερον αἴθει.,tlg0005.tlg001.perseus-grc2.xml
Idylls,tlg001,2,135,"φράζεό μευ τὸν ἔρωθʼ ὅθεν ἵκετο, πότνα Σελάνα.","φράζεό μευ τὸν ἔρωθ’ ὅθεν ἵκετο, πότνα Σελάνα.",tlg0005.tlg001.perseus-grc2.xml
Idylls,tlg001,2,136,σὺν δὲ κακαῖς μανίαις καὶ παρθένον ἐκ θαλάμοιο,σὺν δὲ κακαῖς μανίαις καὶ παρθένον ἐκ θαλάμοιο,tlg0005.tlg001.perseus-grc2.xml
Idylls,tlg001,2,137,καὶ νύμφαν ἐφόβησʼ ἔτι δέμνια θερμὰ λιποῖσαν,καὶ νύμφαν ἐφόβησ’ ἔτι δέμνια θερμὰ λιποῖσαν,tlg0005.tlg001.perseus-grc2.xml
Idylls,tlg001,2,138,ἀνέρος. ὣς ὁ μὲν εἶπεν· ἐγὼ δέ οἱ ἁ ταχυπειθὴς,ἀνέρος. ὣς ὁ μὲν εἶπεν· ἐγὼ δέ οἱ ἁ ταχυπειθὴς,tlg0005.tlg001.perseus-grc2.xml
Idylls,tlg001,2,139,χειρὸς ἐφαψαμένα μαλακῶν ἔκλινʼ ἐπὶ λέκτρων.,χειρὸς ἐφαψαμένα μαλακῶν ἔκλιν’ ἐπὶ λέκτρων.,tlg0005.tlg001.perseus-grc2.xml
Idylls,tlg001,2,140,"καὶ ταχὺ χρὼς ἐπὶ χρωτὶ πεπαίνετο, καὶ τὰ πρόσωπα","καὶ ταχὺ χρὼς ἐπὶ χρωτὶ πεπαίνετο, καὶ τὰ πρόσωπα",tlg0005.tlg001.perseus-grc2.xml
Idylls,tlg001,2,141,"θερμότερʼ ἦς ἢ πρόσθε, καὶ ἐψιθυρίσδομες ἁδύ·","θερμότερ’ ἦς ἢ πρόσθε, καὶ ἐψιθυρίσδομες ἁδύ·",tlg0005.tlg001.perseus-grc2.xml
Idylls,tlg001,2,142,"χὥς κά τοι μὴ μακρὰ φίλα θρυλέοιμι Σελάνα,","χὥς κά τοι μὴ μακρὰ φίλα θρυλέοιμι Σελάνα,",tlg0005.tlg001.perseus-grc2.xml
Idylls,tlg001,2,143,"ἐπράχθη τὰ μέγιστα, καὶ ἐς πόθον ἤνθομες ἄμφω.","ἐπράχθη τὰ μέγιστα, καὶ ἐς πόθον ἤνθομες ἄμφω.",tlg0005.tlg001.perseus-grc2.xml
Idylls,tlg001,2,144,"κοὔτέ τι τῆνος ἐμὶν ἐπεμέμψατο μέσφα τό γʼ ἐχθές,","κοὔτέ τι τῆνος ἐμὶν ἐπεμέμψατο μέσφα τό γ’ ἐχθές,",tlg0005.tlg001.perseus-grc2.xml
Idylls,tlg001,2,145,οὔτʼ ἐγὼ αὖ τήνῳ. ἀλλʼ ἦνθέ μοι ἅ τε Φιλίστας,οὔτ’ ἐγὼ αὖ τήνῳ. ἀλλ’ ἦνθέ μοι ἅ τε Φιλίστας,tlg0005.tlg001.perseus-grc2.xml
Idylls,tlg001,2,146,μάτηρ τᾶς ἀλαᾶς αὐλητρίδος ἅ τε Μελιξοῦς,μάτηρ τᾶς ἀλαᾶς αὐλητρίδος ἅ τε Μελιξοῦς,tlg0005.tlg001.perseus-grc2.xml
Idylls,tlg001,2,147,"σάμερον, ἁνίκα πέρ τε ποτʼ ὠρανὸν ἔτρεχον ἵπποι","σάμερον, ἁνίκα πέρ τε ποτ’ ὠρανὸν ἔτρεχον ἵπποι",tlg0005.tlg001.perseus-grc2.xml
Idylls,tlg001,2,148,Ἀῶ τὰν ῥοδόπαχυν ἀπʼ Ὠκεανοῖο φέροισαι.,Ἀῶ τὰν ῥοδόπαχυν ἀπ’ Ὠκεανοῖο φέροισαι.,tlg0005.tlg001.perseus-grc2.xml
Idylls,tlg001,2,149,"κεἶπέ μοι ἄλλά τε πολλὰ καὶ ὡς ἄρα Δέλφις ἐρᾶται,","κεἶπέ μοι ἄλλά τε πολλὰ καὶ ὡς ἄρα Δέλφις ἐρᾶται,",tlg0005.tlg001.perseus-grc2.xml
Idylls,tlg001,2,150,"κεἴτέ νιν αὖτε γυναικὸς ἔχει πόθος εἴτε καὶ ἀνδρός,","κεἴτέ νιν αὖτε γυναικὸς ἔχει πόθος εἴτε καὶ ἀνδρός,",tlg0005.tlg001.perseus-grc2.xml
Idylls,tlg001,2,151,"οὐκ ἔφατʼ ἀτρεκὲς ἴδμεν, ἀτὰρ τόσον· αἰὲν Ἔρωτος","οὐκ ἔφατ’ ἀτρεκὲς ἴδμεν, ἀτὰρ τόσον· αἰὲν Ἔρωτος",tlg0005.tlg001.perseus-grc2.xml
Idylls,tlg001,2,152,"ἀκράτω ἐπεχεῖτο καὶ ἐς τέλος ᾤχετο φεύγων,","ἀκράτω ἐπεχεῖτο καὶ ἐς τέλος ᾤχετο φεύγων,",tlg0005.tlg001.perseus-grc2.xml
Idylls,tlg001,2,153,καὶ φάτο οἱ στεφάνοισι τὰ δώματα τῆνα πυκάσδειν.,καὶ φάτο οἱ στεφάνοισι τὰ δώματα τῆνα πυκάσδειν.,tlg0005.tlg001.perseus-grc2.xml
Idylls,tlg001,2,154,ταῦτά μοι ἁ ξείνα μυθήσατο· ἔστι δʼ ἀλαθής·,ταῦτά μοι ἁ ξείνα μυθήσατο· ἔστι δ’ ἀλαθής·,tlg0005.tlg001.perseus-grc2.xml
Idylls,tlg001,2,155,"ἦ γάρ μοι καὶ τρὶς καὶ τετράκις ἄλλοκʼ ἐφοίτη,","ἦ γάρ μοι καὶ τρὶς καὶ τετράκις ἄλλοκ’ ἐφοίτη,",tlg0005.tlg001.perseus-grc2.xml
Idylls,tlg001,2,156,καὶ παρʼ ἐμὶν ἐτίθει τὰν Δωρίδα πολλάκις ὄλπαν·,καὶ παρ’ ἐμὶν ἐτίθει τὰν Δωρίδα πολλάκις ὄλπαν·,tlg0005.tlg001.perseus-grc2.xml
Idylls,tlg001,2,157,νῦν δέ τε δωδεκαταῖος ἀφʼ ὧτέ νιν οὐδὲ ποτεῖδον.,νῦν δέ τε δωδεκαταῖος ἀφ’ ὧτέ νιν οὐδὲ ποτεῖδον.,tlg0005.tlg001.perseus-grc2.xml
Idylls,tlg001,2,158,"ἦ ῥʼ οὐκ ἄλλό τι τερπνὸν ἔχει, ἁμῶν δὲ λέλασται;","ἦ ῥ’ οὐκ ἄλλό τι τερπνὸν ἔχει, ἁμῶν δὲ λέλασται;",tlg0005.tlg001.perseus-grc2.xml
Idylls,tlg001,2,159,νῦν μὲν τοῖς φίλτροις καταθύσομαι· αἰ δʼ ἔτι κἠμὲ,νῦν μὲν τοῖς φίλτροις καταθύσομαι· αἰ δ’ ἔτι κἠμὲ,tlg0005.tlg001.perseus-grc2.xml
Idylls,tlg001,2,160,"λυπῇ, τὰν Ἀίδαο πύλαν ναὶ Μοίρας ἀραξεῖ.","λυπῇ, τὰν Ἀίδαο πύλαν ναὶ Μοίρας ἀραξεῖ.",tlg0005.tlg001.perseus-grc2.xml
Idylls,tlg001,2,161,"τοῖά οἱ ἐν κίστᾳ κακὰ φάρμακα φαμὶ φυλάσσειν,","τοῖά οἱ ἐν κίστᾳ κακὰ φάρμακα φαμὶ φυλάσσειν,",tlg0005.tlg001.perseus-grc2.xml
Idylls,tlg001,2,162,Ἀσσυρίω δέσποινα παρὰ ξείνοιο μαθοῖσα.,Ἀσσυρίω δέσποινα παρὰ ξείνοιο μαθοῖσα.,tlg0005.tlg001.perseus-grc2.xml
Idylls,tlg001,2,163,"ἀλλὰ τὺ μὲν χαίροισα ποτʼ Ὠκεανὸν τρέπε πώλους,","ἀλλὰ τὺ μὲν χαίροισα ποτ’ Ὠκεανὸν τρέπε πώλους,",tlg0005.tlg001.perseus-grc2.xml
Idylls,tlg001,2,164,πότνιʼ· ἐγὼ δʼ οἰσῶ τὸν ἐμὸν πόνον ὥσπερ ὑπέσταν.,πότνι’· ἐγὼ δ’ οἰσῶ τὸν ἐμὸν πόνον ὥσπερ ὑπέσταν.,tlg0005.tlg001.perseus-grc2.xml
Idylls,tlg001,2,165,"χαῖρε Σελαναία λιπαρόχροε, χαίρετε δʼ ἄλλοι","χαῖρε Σελαναία λιπαρόχροε, χαίρετε δ’ ἄλλοι",tlg0005.tlg001.perseus-grc2.xml
Idylls,tlg001,2,166,"ἀστέρες, εὐκήλοιο κατʼ ἄντυγα Νυκτὸς ὀπαδοί.","ἀστέρες, εὐκήλοιο κατ’ ἄντυγα Νυκτὸς ὀπαδοί.",tlg0005.tlg001.perseus-grc2.xml
Idylls,tlg001,3,1,"Κωμάσδω ποτὶ τὰν Ἀμαρυλλίδα, ταὶ δέ μοι αἶγες","Κωμάσδω ποτὶ τὰν Ἀμαρυλλίδα, ταὶ δέ μοι αἶγες",tlg0005.tlg001.perseus-grc2.xml
Idylls,tlg001,3,2,"βόσκονται κατʼ ὄρος, καὶ ὁ Τίτυρος αὐτὰς ἐλαύνει.","βόσκονται κατ’ ὄρος, καὶ ὁ Τίτυρος αὐτὰς ἐλαύνει.",tlg0005.tlg001.perseus-grc2.xml
Idylls,tlg001,3,3,"Τίτυρʼ ἐμὶν τὸ καλὸν πεφιλαμένε, βόσκε τὰς αἶγας,","Τίτυρ’ ἐμὶν τὸ καλὸν πεφιλαμένε, βόσκε τὰς αἶγας,",tlg0005.tlg001.perseus-grc2.xml
Idylls,tlg001,3,4,"καὶ ποτὶ τὰν κράναν ἄγε Τίτυρε, καὶ τὸν ἐνόρχαν","καὶ ποτὶ τὰν κράναν ἄγε Τίτυρε, καὶ τὸν ἐνόρχαν",tlg0005.tlg001.perseus-grc2.xml
Idylls,tlg001,3,5,"τὸν Λιβυκὸν κνάκωνα φυλάσσεο, μή τι κορύψῃ.","τὸν Λιβυκὸν κνάκωνα φυλάσσεο, μή τι κορύψῃ.",tlg0005.tlg001.perseus-grc2.xml
Idylls,tlg001,3,6,"Ὦ χαρίεσσʼ Ἀμαρυλλί, τί μʼ οὐκέτι τοῦτο κατʼ ἄντρον","Ὦ χαρίεσσ’ Ἀμαρυλλί, τί μ’ οὐκέτι τοῦτο κατ’ ἄντρον",tlg0005.tlg001.perseus-grc2.xml
Idylls,tlg001,3,7,παρκύπτοισα καλεῖς τὸν ἐρωτύλον; ἦ ῥά με μισεῖς;,παρκύπτοισα καλεῖς τὸν ἐρωτύλον; ἦ ῥά με μισεῖς;,tlg0005.tlg001.perseus-grc2.xml
Idylls,tlg001,3,8,"ἦ ῥά γέ τοι σιμὸς καταφαίνομαι ἐγγύθεν ἦμεν,","ἦ ῥά γέ τοι σιμὸς καταφαίνομαι ἐγγύθεν ἦμεν,",tlg0005.tlg001.perseus-grc2.xml
Idylls,tlg001,3,9,"νύμφα, καὶ προγένειος; ἀπάγξασθαί με ποησεῖς.","νύμφα, καὶ προγένειος; ἀπάγξασθαί με ποησεῖς.",tlg0005.tlg001.perseus-grc2.xml
Idylls,tlg001,3,10,"ἠνίδε τοι δέκα μᾶλα φέρω· τηνῶθε καθεῖλον,","ἠνίδε τοι δέκα μᾶλα φέρω· τηνῶθε καθεῖλον,",tlg0005.tlg001.perseus-grc2.xml
Idylls,tlg001,3,11,ὧ μʼ ἐκέλευ καθελεῖν τύ· καὶ αὔριον ἄλλά τοι οἰσῶ.,ὧ μ’ ἐκέλευ καθελεῖν τύ· καὶ αὔριον ἄλλά τοι οἰσῶ.,tlg0005.tlg001.perseus-grc2.xml
Idylls,tlg001,3,12,θᾶσαι μὰν θυμαλγὲς ἐμὸν ἄχος· αἴθε γενοίμαν,θᾶσαι μὰν θυμαλγὲς ἐμὸν ἄχος· αἴθε γενοίμαν,tlg0005.tlg001.perseus-grc2.xml
Idylls,tlg001,3,13,ἁ βομβεῦσα μέλισσα καὶ ἐς τεὸν ἄντρον ἱκοίμαν,ἁ βομβεῦσα μέλισσα καὶ ἐς τεὸν ἄντρον ἱκοίμαν,tlg0005.tlg001.perseus-grc2.xml
Idylls,tlg001,3,14,"τὸν κισσὸν διαδὺς καὶ τὰν πτέριν, ᾇ τὺ πυκάσδῃ.","τὸν κισσὸν διαδὺς καὶ τὰν πτέριν, ᾇ τὺ πυκάσδῃ.",tlg0005.tlg001.perseus-grc2.xml
Idylls,tlg001,3,15,νῦν ἔγνων τὸν Ἔρωτα· βαρὺς θεός· ἦ ῥα λεαίνας,νῦν ἔγνων τὸν Ἔρωτα· βαρὺς θεός· ἦ ῥα λεαίνας,tlg0005.tlg001.perseus-grc2.xml
Idylls,tlg001,3,16,"μαζὸν ἐθήλαζε, δρυμῷ τέ νιν ἔτρεφε μάτηρ,","μαζὸν ἐθήλαζε, δρυμῷ τέ νιν ἔτρεφε μάτηρ,",tlg0005.tlg001.perseus-grc2.xml
Idylls,tlg001,3,17,ὅς με κατασμύχων καὶ ἐς ὀστίον ἄχρις ἰάπτει.,ὅς με κατασμύχων καὶ ἐς ὀστίον ἄχρις ἰάπτει.,tlg0005.tlg001.perseus-grc2.xml
Idylls,tlg001,3,18,"ὦ τὸ καλὸν ποθορεῦσα, τὸ πᾶν λίθος· ὦ κυάνοφρυ","ὦ τὸ καλὸν ποθορεῦσα, τὸ πᾶν λίθος· ὦ κυάνοφρυ",tlg0005.tlg001.perseus-grc2.xml
Idylls,tlg001,3,19,"νύμφα, πρόσπτυξαί με τὸν αἰπόλον, ὥς τυ φιλάσω.","νύμφα, πρόσπτυξαί με τὸν αἰπόλον, ὥς τυ φιλάσω.",tlg0005.tlg001.perseus-grc2.xml
Idylls,tlg001,3,20,ἔστι καὶ ἐν κενεοῖσι φιλάμασιν ἁδέα τέρψις.,ἔστι καὶ ἐν κενεοῖσι φιλάμασιν ἁδέα τέρψις.,tlg0005.tlg001.perseus-grc2.xml
Idylls,tlg001,3,21,"τὸν στέφανον τῖλαί με κατʼ αὐτίκα λεπτὰ ποησεῖς,","τὸν στέφανον τῖλαί με κατ’ αὐτίκα λεπτὰ ποησεῖς,",tlg0005.tlg001.perseus-grc2.xml
Idylls,tlg001,3,22,τόν τοι ἐγὼν Ἀμαρυλλὶ φίλα κισσοῖο φυλάσσω,τόν τοι ἐγὼν Ἀμαρυλλὶ φίλα κισσοῖο φυλάσσω,tlg0005.tlg001.perseus-grc2.xml
Idylls,tlg001,3,23,ἀμπλέξας καλύκεσσι καὶ εὐόδμοισι σελίνοις.—,ἀμπλέξας καλύκεσσι καὶ εὐόδμοισι σελίνοις.—,tlg0005.tlg001.perseus-grc2.xml
Idylls,tlg001,3,24,"Ὤμοι ἐγώ, τί πάθω; τί ὁ δύσσοος; οὐχ ὑπακούεις;—","Ὤμοι ἐγώ, τί πάθω; τί ὁ δύσσοος; οὐχ ὑπακούεις;—",tlg0005.tlg001.perseus-grc2.xml
Idylls,tlg001,3,25,"τὰν βαίταν ἀποδὺς ἐς κύματα τηνῶ ἁλεῦμαι,","τὰν βαίταν ἀποδὺς ἐς κύματα τηνῶ ἁλεῦμαι,",tlg0005.tlg001.perseus-grc2.xml
Idylls,tlg001,3,26,ὧπερ τὼς θύννως σκοπιάζεται Ὄλπις ὁ γριπεύς·,ὧπερ τὼς θύννως σκοπιάζεται Ὄλπις ὁ γριπεύς·,tlg0005.tlg001.perseus-grc2.xml
Idylls,tlg001,3,27,"καἴκα δἠποθάνω, τό γε μὰν τεὸν ἁδὺ τέτυκται.","καἴκα δἠποθάνω, τό γε μὰν τεὸν ἁδὺ τέτυκται.",tlg0005.tlg001.perseus-grc2.xml
Idylls,tlg001,3,28,"ἔγνων πρᾶν, ὅκα μευ μεμναμένω, εἰ φιλέεις με,","ἔγνων πρᾶν, ὅκα μευ μεμναμένω, εἰ φιλέεις με,",tlg0005.tlg001.perseus-grc2.xml
Idylls,tlg001,3,29,"οὐδὲ τὸ τηλέφιλον ποτεμάξατο, τὸ πλατάγημα,","οὐδὲ τὸ τηλέφιλον ποτεμάξατο, τὸ πλατάγημα,",tlg0005.tlg001.perseus-grc2.xml
Idylls,tlg001,3,30,ἀλλʼ αὔτως ἁπαλῷ ποτὶ πάχεος ἐξεμαράνθη.,ἀλλ’ αὔτως ἁπαλῷ ποτὶ πάχεος ἐξεμαράνθη.,tlg0005.tlg001.perseus-grc2.xml
Idylls,tlg001,3,31,"εἶπε καὶ ἀγροιῶτις ἀλαθέα κοσκινόμαντις,","εἶπε καὶ ἀγροιῶτις ἀλαθέα κοσκινόμαντις,",tlg0005.tlg001.perseus-grc2.xml
Idylls,tlg001,3,32,"ἁ πρᾶν ποιολογεῦσα Παραιβάτις, οὕνεκʼ ἐγὼ μὲν","ἁ πρᾶν ποιολογεῦσα Παραιβάτις, οὕνεκ’ ἐγὼ μὲν",tlg0005.tlg001.perseus-grc2.xml
Idylls,tlg001,3,33,"τὶν ὅλος ἔγκειμαι, τὺ δέ μευ λόγον οὐδένα ποιῇ.","τὶν ὅλος ἔγκειμαι, τὺ δέ μευ λόγον οὐδένα ποιῇ.",tlg0005.tlg001.perseus-grc2.xml
Idylls,tlg001,3,34,"ἦ μάν τοι λευκὰν διδυματόκον αἶγα φυλάσσω,","ἦ μάν τοι λευκὰν διδυματόκον αἶγα φυλάσσω,",tlg0005.tlg001.perseus-grc2.xml
Idylls,tlg001,3,35,τάν με καὶ ἁ Μέρμνωνος ἐριθακὶς ἁ μελανόχρως,τάν με καὶ ἁ Μέρμνωνος ἐριθακὶς ἁ μελανόχρως,tlg0005.tlg001.perseus-grc2.xml
Idylls,tlg001,3,36,"αἰτεῖ, καὶ δωσῶ οἱ, ἐπεὶ τύ μοι ἐνδιαθρύπτῃ.","αἰτεῖ, καὶ δωσῶ οἱ, ἐπεὶ τύ μοι ἐνδιαθρύπτῃ.",tlg0005.tlg001.perseus-grc2.xml
Idylls,tlg001,3,37,Ἅλλεται ὀφθαλμός μευ ὁ δεξιός· ἦ ῥά γʼ ἰδησῶ,Ἅλλεται ὀφθαλμός μευ ὁ δεξιός· ἦ ῥά γ’ ἰδησῶ,tlg0005.tlg001.perseus-grc2.xml
Idylls,tlg001,3,38,"αὐτάν; ᾀσεῦμαι ποτὶ τὰν πίτυν ὧδʼ ἀποκλινθείς,","αὐτάν; ᾀσεῦμαι ποτὶ τὰν πίτυν ὧδ’ ἀποκλινθείς,",tlg0005.tlg001.perseus-grc2.xml
Idylls,tlg001,3,39,"καί κέ μʼ ἴσως ποτίδοι, ἐπεὶ οὐκ ἀδαμαντίνα ἐστίν.","καί κέ μ’ ἴσως ποτίδοι, ἐπεὶ οὐκ ἀδαμαντίνα ἐστίν.",tlg0005.tlg001.perseus-grc2.xml
Idylls,tlg001,3,40,"Ἱππομένης ὅκα δὴ τὰν παρθένον ἤθελε γᾶμαι,","Ἱππομένης ὅκα δὴ τὰν παρθένον ἤθελε γᾶμαι,",tlg0005.tlg001.perseus-grc2.xml
Idylls,tlg001,3,41,μᾶλʼ ἐν χερσὶν ἑλὼν δρόμον ἄνυεν· ἁ δʼ Ἀταλάντα,μᾶλ’ ἐν χερσὶν ἑλὼν δρόμον ἄνυεν· ἁ δ’ Ἀταλάντα,tlg0005.tlg001.perseus-grc2.xml
Idylls,tlg001,3,42,"ὡς ἴδεν, ὡς ἐμάνη, ὡς ἐς βαθὺν ἅλατʼ ἔρωτα.","ὡς ἴδεν, ὡς ἐμάνη, ὡς ἐς βαθὺν ἅλατ’ ἔρωτα.",tlg0005.tlg001.perseus-grc2.xml
Idylls,tlg001,3,43,τὰν ἀγέλαν χὡ μάντις ἀπʼ Ὄθρυος ἆγε Μελάμπους,τὰν ἀγέλαν χὡ μάντις ἀπ’ Ὄθρυος ἆγε Μελάμπους,tlg0005.tlg001.perseus-grc2.xml
Idylls,tlg001,3,44,"ἐς Πύλον· ἁ δὲ Βίαντος ἐν ἀγκοίναισιν ἐκλίνθη,","ἐς Πύλον· ἁ δὲ Βίαντος ἐν ἀγκοίναισιν ἐκλίνθη,",tlg0005.tlg001.perseus-grc2.xml
Idylls,tlg001,3,45,μάτηρ ἁ χαρίεσσα περίφρονος Ἀλφεσιβοίης.,μάτηρ ἁ χαρίεσσα περίφρονος Ἀλφεσιβοίης.,tlg0005.tlg001.perseus-grc2.xml
Idylls,tlg001,3,46,τὰν δὲ καλὰν Κυθέρειαν ἐν ὤρεσι μᾶλα νομεύων,τὰν δὲ καλὰν Κυθέρειαν ἐν ὤρεσι μᾶλα νομεύων,tlg0005.tlg001.perseus-grc2.xml
Idylls,tlg001,3,47,"οὐχ οὑτῶς ὥδωνις ἐπὶ πλέον ἄγαγε λύσσας,","οὐχ οὑτῶς ὥδωνις ἐπὶ πλέον ἄγαγε λύσσας,",tlg0005.tlg001.perseus-grc2.xml
Idylls,tlg001,3,48,ὥστʼ οὐδὲ φθίμενόν νιν ἄτερ μαζοῖο τίθητι;,ὥστ’ οὐδὲ φθίμενόν νιν ἄτερ μαζοῖο τίθητι;,tlg0005.tlg001.perseus-grc2.xml
Idylls,tlg001,3,49,ζαλωτὸς μὲν ἐμὶν ὁ τὸν ἄτροπον ὕπνον ἰαύων,ζαλωτὸς μὲν ἐμὶν ὁ τὸν ἄτροπον ὕπνον ἰαύων,tlg0005.tlg001.perseus-grc2.xml
Idylls,tlg001,3,50,"Ἐνδυμίων, ζαλῶ δὲ φίλα γύναι Ἰασίωνα,","Ἐνδυμίων, ζαλῶ δὲ φίλα γύναι Ἰασίωνα,",tlg0005.tlg001.perseus-grc2.xml
Idylls,tlg001,3,51,"ὃς τοσσῆνʼ ἐκύρησεν, ὅσʼ οὐ πευσεῖσθε βέβαλοι.","ὃς τοσσῆν’ ἐκύρησεν, ὅσ’ οὐ πευσεῖσθε βέβαλοι.",tlg0005.tlg001.perseus-grc2.xml
Idylls,tlg001,3,52,"Ἀλγέω τὰν κεφαλάν, τὶν δʼ οὐ μέλει. οὐκέτʼ ἀείδω,","Ἀλγέω τὰν κεφαλάν, τὶν δ’ οὐ μέλει. οὐκέτ’ ἀείδω,",tlg0005.tlg001.perseus-grc2.xml
Idylls,tlg001,3,53,"κεισεῦμαι δὲ πεσών, καὶ τοὶ λύκοι ὧδέ μʼ ἔδονται.","κεισεῦμαι δὲ πεσών, καὶ τοὶ λύκοι ὧδέ μ’ ἔδονται.",tlg0005.tlg001.perseus-grc2.xml
Idylls,tlg001,3,54,ὡς μέλι τοι γλυκὺ τοῦτο κατὰ βρόχθοιο γένοιτο.,ὡς μέλι τοι γλυκὺ τοῦτο κατὰ βρόχθοιο γένοιτο.,tlg0005.tlg001.perseus-grc2.xml
Idylls,tlg001,4,1,"εἰπέ μοι ὦ Κορύδων, τίνος αἱ βόες; ἦ ῥα Φιλώνδα;","εἰπέ μοι ὦ Κορύδων, τίνος αἱ βόες; ἦ ῥα Φιλώνδα;",tlg0005.tlg001.perseus-grc2.xml
Idylls,tlg001,4,2,"οὔκ, ἀλλʼ Αἴγωνος· βόσκειν δέ μοι αὐτὰς ἔδωκεν.","οὔκ, ἀλλ’ Αἴγωνος· βόσκειν δέ μοι αὐτὰς ἔδωκεν.",tlg0005.tlg001.perseus-grc2.xml
Idylls,tlg001,4,3,ἦ πᾴ ψε κρύβδαν τὰ ποθέσπερα πάσας ἀμέλγεις;,ἦ πᾴ ψε κρύβδαν τὰ ποθέσπερα πάσας ἀμέλγεις;,tlg0005.tlg001.perseus-grc2.xml
Idylls,tlg001,4,4,ἀλλʼ ὁ γέρων ὑφίητι τὰ μοσχία κἠμὲ φυλάσσει.,ἀλλ’ ὁ γέρων ὑφίητι τὰ μοσχία κἠμὲ φυλάσσει.,tlg0005.tlg001.perseus-grc2.xml
Idylls,tlg001,4,5,αὐτὸς δʼ ἐς τίνʼ ἄφαντος ὁ βουκόλος ᾤχετο χώραν;,αὐτὸς δ’ ἐς τίν’ ἄφαντος ὁ βουκόλος ᾤχετο χώραν;,tlg0005.tlg001.perseus-grc2.xml
Idylls,tlg001,4,6,οὐκ ἄκουσας; ἄγων νιν ἐπʼ Ἀλφεὸν ᾤχετο Μίλων.,οὐκ ἄκουσας; ἄγων νιν ἐπ’ Ἀλφεὸν ᾤχετο Μίλων.,tlg0005.tlg001.perseus-grc2.xml
Idylls,tlg001,4,7,καὶ πόκα τῆνος ἔλαιον ἐν ὀφθαλμοῖσιν ὀπώπει;,καὶ πόκα τῆνος ἔλαιον ἐν ὀφθαλμοῖσιν ὀπώπει;,tlg0005.tlg001.perseus-grc2.xml
Idylls,tlg001,4,8,φαντί νιν Ἡρακλῆι βίην καὶ κάρτος ἐρίσδειν.,φαντί νιν Ἡρακλῆι βίην καὶ κάρτος ἐρίσδειν.,tlg0005.tlg001.perseus-grc2.xml
Idylls,tlg001,4,9,κἤμʼ ἔφαθʼ ἁ μάτηρ Πολυδεύκεος εἶμεν ἀμείνω.,κἤμ’ ἔφαθ’ ἁ μάτηρ Πολυδεύκεος εἶμεν ἀμείνω.,tlg0005.tlg001.perseus-grc2.xml
Idylls,tlg001,4,10,κᾤχετʼ ἔχων σκαπάναν τε καὶ εἴκατι τουτόθε μᾶλα.,κᾤχετ’ ἔχων σκαπάναν τε καὶ εἴκατι τουτόθε μᾶλα.,tlg0005.tlg001.perseus-grc2.xml
Idylls,tlg001,4,11,πείσαι τοι Μίλων καὶ τὼς λύκος αὐτίκα λυσσῆν.,πείσαι τοι Μίλων καὶ τὼς λύκος αὐτίκα λυσσῆν.,tlg0005.tlg001.perseus-grc2.xml
Idylls,tlg001,4,12,ταὶ δαμάλαι δʼ αὐτὸν μυκώμεναι αἵδε ποθεῦντι.,ταὶ δαμάλαι δ’ αὐτὸν μυκώμεναι αἵδε ποθεῦντι.,tlg0005.tlg001.perseus-grc2.xml
Idylls,tlg001,4,13,δειλαῖαί γʼ αὗται· τὸν βουκόλον ὡς κακὸν εὗρον.,δειλαῖαί γ’ αὗται· τὸν βουκόλον ὡς κακὸν εὗρον.,tlg0005.tlg001.perseus-grc2.xml
Idylls,tlg001,4,14,"ἦ μὰν δειλαῖαί γε, καὶ οὐκέτι λῶντι νέμεσθαι.","ἦ μὰν δειλαῖαί γε, καὶ οὐκέτι λῶντι νέμεσθαι.",tlg0005.tlg001.perseus-grc2.xml
Idylls,tlg001,4,15,τήνας μὲν δή τοι τᾶς πόρτιος αὐτὰ λέλειπται,τήνας μὲν δή τοι τᾶς πόρτιος αὐτὰ λέλειπται,tlg0005.tlg001.perseus-grc2.xml
Idylls,tlg001,4,16,τὠστία. μὴ πρῶκας σιτίζεται ὥσπερ ὁ τέττιξ;,τὠστία. μὴ πρῶκας σιτίζεται ὥσπερ ὁ τέττιξ;,tlg0005.tlg001.perseus-grc2.xml
Idylls,tlg001,4,17,"οὐ Δᾶν, ἀλλʼ ὁκὰ μέν νιν ἐπʼ Αἰσάροιο νομεύω","οὐ Δᾶν, ἀλλ’ ὁκὰ μέν νιν ἐπ’ Αἰσάροιο νομεύω",tlg0005.tlg001.perseus-grc2.xml
Idylls,tlg001,4,18,"καὶ μαλακῶ χόρτοιο καλὰν κώμυθα δίδωμι,","καὶ μαλακῶ χόρτοιο καλὰν κώμυθα δίδωμι,",tlg0005.tlg001.perseus-grc2.xml
Idylls,tlg001,4,19,ἄλλοκα δὲ σκαίρει τὸ βαθύσκιον ἀμφὶ Λάτυμνον.,ἄλλοκα δὲ σκαίρει τὸ βαθύσκιον ἀμφὶ Λάτυμνον.,tlg0005.tlg001.perseus-grc2.xml
Idylls,tlg001,4,20,λεπτὸς μὰν χὡ ταῦρος ὁ πυρρίχος. εἴθε λάχοιεν,λεπτὸς μὰν χὡ ταῦρος ὁ πυρρίχος. εἴθε λάχοιεν,tlg0005.tlg001.perseus-grc2.xml
Idylls,tlg001,4,21,"τοὶ τῶ Λαμπριάδα, τοὶ δαμόται, ὅκκα θύωντι","τοὶ τῶ Λαμπριάδα, τοὶ δαμόται, ὅκκα θύωντι",tlg0005.tlg001.perseus-grc2.xml
Idylls,tlg001,4,22,"τᾷ Ἥρᾳ, τοιόνδε· κακοχράσμων γὰρ ὁ δᾶμος.","τᾷ Ἥρᾳ, τοιόνδε· κακοχράσμων γὰρ ὁ δᾶμος.",tlg0005.tlg001.perseus-grc2.xml
Idylls,tlg001,4,23,"καὶ μὰν ἐς Στομάλιμνον ἐλαύνεται ἔς τε τὰ Φύσκω,","καὶ μὰν ἐς Στομάλιμνον ἐλαύνεται ἔς τε τὰ Φύσκω,",tlg0005.tlg001.perseus-grc2.xml
Idylls,tlg001,4,24,"καὶ ποτὶ τὸν Νήαιθον, ὅπᾳ καλὰ πάντα φύοντι,","καὶ ποτὶ τὸν Νήαιθον, ὅπᾳ καλὰ πάντα φύοντι,",tlg0005.tlg001.perseus-grc2.xml
Idylls,tlg001,4,25,αἰγίπυρος καὶ κνύζα καὶ εὐώδης μελίτεια.,αἰγίπυρος καὶ κνύζα καὶ εὐώδης μελίτεια.,tlg0005.tlg001.perseus-grc2.xml
Idylls,tlg001,4,26,φεῦ φεῦ βασεῦνται καὶ ταὶ βόες ὦ τάλαν Αἴγων,φεῦ φεῦ βασεῦνται καὶ ταὶ βόες ὦ τάλαν Αἴγων,tlg0005.tlg001.perseus-grc2.xml
Idylls,tlg001,4,27,"εἰς Ἀίδαν, ὅκα καὶ τὺ κακᾶς ἠράσσαο νίκας,","εἰς Ἀίδαν, ὅκα καὶ τὺ κακᾶς ἠράσσαο νίκας,",tlg0005.tlg001.perseus-grc2.xml
Idylls,tlg001,4,28,"χἁ σῦριγξ εὐρῶτι παλύνεται, ἅν ποκʼ ἐπάξα.","χἁ σῦριγξ εὐρῶτι παλύνεται, ἅν ποκ’ ἐπάξα.",tlg0005.tlg001.perseus-grc2.xml
Idylls,tlg001,4,29,"οὐ τήνα γʼ, οὐ Νύμφας, ἐπεὶ ποτὶ Πῖσαν ἀφέρπων","οὐ τήνα γ’, οὐ Νύμφας, ἐπεὶ ποτὶ Πῖσαν ἀφέρπων",tlg0005.tlg001.perseus-grc2.xml
Idylls,tlg001,4,30,"δῶρον ἐμοί νιν ἔλειπεν· ἐγὼ δέ τις εἰμὶ μελικτάς,","δῶρον ἐμοί νιν ἔλειπεν· ἐγὼ δέ τις εἰμὶ μελικτάς,",tlg0005.tlg001.perseus-grc2.xml
Idylls,tlg001,4,31,"κεὖ μὲν τὰ Γλαύκας ἀγκρούομαι, εὖ δὲ τὰ Πύρρω.","κεὖ μὲν τὰ Γλαύκας ἀγκρούομαι, εὖ δὲ τὰ Πύρρω.",tlg0005.tlg001.perseus-grc2.xml
Idylls,tlg001,4,32,"αἰνέω τάν τε Κρότωνα—καλὰ πόλις, ἅ τε Ζάκυνθος—","αἰνέω τάν τε Κρότωνα—καλὰ πόλις, ἅ τε Ζάκυνθος—",tlg0005.tlg001.perseus-grc2.xml
Idylls,tlg001,4,33,"καὶ τὸ ποταῷον, τὸ Λακίνιον ᾇπερ ὁ πύκτας","καὶ τὸ ποταῷον, τὸ Λακίνιον ᾇπερ ὁ πύκτας",tlg0005.tlg001.perseus-grc2.xml
Idylls,tlg001,4,34,Αἴγων ὀγδώκοντα μόνος κατεδαίσατο μάζας.,Αἴγων ὀγδώκοντα μόνος κατεδαίσατο μάζας.,tlg0005.tlg001.perseus-grc2.xml
Idylls,tlg001,4,35,τηνεῖ καὶ τὸν ταῦρον ἀπʼ ὤρεος ἆγε πιάξας,τηνεῖ καὶ τὸν ταῦρον ἀπ’ ὤρεος ἆγε πιάξας,tlg0005.tlg001.perseus-grc2.xml
Idylls,tlg001,4,36,"τᾶς ὁπλᾶς κἤδωκʼ Ἀμαρυλλίδι, ταὶ δὲ γυναῖκες","τᾶς ὁπλᾶς κἤδωκ’ Ἀμαρυλλίδι, ταὶ δὲ γυναῖκες",tlg0005.tlg001.perseus-grc2.xml
Idylls,tlg001,4,37,"μακρὸν ἀνάυσαν, χὡ βουκόλος ἐξεγέλασσεν.","μακρὸν ἀνάυσαν, χὡ βουκόλος ἐξεγέλασσεν.",tlg0005.tlg001.perseus-grc2.xml
Idylls,tlg001,4,38,"ὦ χαρίεσσʼ Ἀμαρυλλί, μόνας σέθεν οὐδὲ θανοίσας","ὦ χαρίεσσ’ Ἀμαρυλλί, μόνας σέθεν οὐδὲ θανοίσας",tlg0005.tlg001.perseus-grc2.xml
Idylls,tlg001,4,39,"λασεύμεσθʼ· ὅσον αἶγες ἐμὶν φίλαι, ὅσσον ἀπέσβης.","λασεύμεσθ’· ὅσον αἶγες ἐμὶν φίλαι, ὅσσον ἀπέσβης.",tlg0005.tlg001.perseus-grc2.xml
Idylls,tlg001,4,40,"αἰαῖ τῶ σκληρῶ μάλα δαίμονος, ὅς με λελόγχει.","αἰαῖ τῶ σκληρῶ μάλα δαίμονος, ὅς με λελόγχει.",tlg0005.tlg001.perseus-grc2.xml
Idylls,tlg001,4,41,θαρσεῖν χρὴ φίλε Βάττε· τάχʼ αὔριον ἔσσετʼ ἄμεινον.,θαρσεῖν χρὴ φίλε Βάττε· τάχ’ αὔριον ἔσσετ’ ἄμεινον.,tlg0005.tlg001.perseus-grc2.xml
Idylls,tlg001,4,42,"ἐλπίδες ἐν ζωοῖσιν, ἀνέλπιστοι δὲ θανόντες.","ἐλπίδες ἐν ζωοῖσιν, ἀνέλπιστοι δὲ θανόντες.",tlg0005.tlg001.perseus-grc2.xml
Idylls,tlg001,4,43,"χὡ Ζεὺς ἄλλοκα μὲν πέλει αἴθριος, ἄλλοκα δʼ ὕει.","χὡ Ζεὺς ἄλλοκα μὲν πέλει αἴθριος, ἄλλοκα δ’ ὕει.",tlg0005.tlg001.perseus-grc2.xml
Idylls,tlg001,4,44,θαρσέω. βάλλε κάτωθε τὰ μοσχία· τᾶς γὰρ ἐλαίας,θαρσέω. βάλλε κάτωθε τὰ μοσχία· τᾶς γὰρ ἐλαίας,tlg0005.tlg001.perseus-grc2.xml
Idylls,tlg001,4,45,τὸν θαλλὸν τρώγοντι τὰ δύσσοα. σίτθʼ ὁ λέπαργος.,τὸν θαλλὸν τρώγοντι τὰ δύσσοα. σίτθ’ ὁ λέπαργος.,tlg0005.tlg001.perseus-grc2.xml
Idylls,tlg001,4,46,σίτθʼ ἁ Κυμαίθα ποτὶ τὸν λόφον. οὐκ ἐσακούεις;,σίτθ’ ἁ Κυμαίθα ποτὶ τὸν λόφον. οὐκ ἐσακούεις;,tlg0005.tlg001.perseus-grc2.xml
Idylls,tlg001,4,47,"ἡξῶ ναὶ τὸν Πᾶνα κακὸν τέλος αὐτίκα δωσῶν,","ἡξῶ ναὶ τὸν Πᾶνα κακὸν τέλος αὐτίκα δωσῶν,",tlg0005.tlg001.perseus-grc2.xml
Idylls,tlg001,4,48,εἰ μὴ ἄπει τουτῶθεν. ἴδʼ αὖ πάλιν ἅδε ποθέρπει.,εἰ μὴ ἄπει τουτῶθεν. ἴδ’ αὖ πάλιν ἅδε ποθέρπει.,tlg0005.tlg001.perseus-grc2.xml
Idylls,tlg001,4,49,"εἴθʼ ἦν μοι ῥοικὸν τὸ λαγωβόλον, ὥς τυ πάταξα.","εἴθ’ ἦν μοι ῥοικὸν τὸ λαγωβόλον, ὥς τυ πάταξα.",tlg0005.tlg001.perseus-grc2.xml
Idylls,tlg001,4,50,θᾶσαί μʼ ὦ Κορύδων πὸτ τῶ Διός· ἁ γὰρ ἄκανθα,θᾶσαί μ’ ὦ Κορύδων πὸτ τῶ Διός· ἁ γὰρ ἄκανθα,tlg0005.tlg001.perseus-grc2.xml
Idylls,tlg001,4,51,ἀρμοῖ μʼ ὧδʼ ἐπάταξʼ ὑπὸ τὸ σφυρόν. ὡς δὲ βαθεῖαι,ἀρμοῖ μ’ ὧδ’ ἐπάταξ’ ὑπὸ τὸ σφυρόν. ὡς δὲ βαθεῖαι,tlg0005.tlg001.perseus-grc2.xml
Idylls,tlg001,4,52,τἀτρακτυλλίδες ἐντί. κακῶς ἁ πόρτις ὄλοιτο·,τἀτρακτυλλίδες ἐντί. κακῶς ἁ πόρτις ὄλοιτο·,tlg0005.tlg001.perseus-grc2.xml
Idylls,tlg001,4,53,ἐς ταύταν ἐτύπην χασμεύμενος. ἦ ῥά γε λεύσσεις;,ἐς ταύταν ἐτύπην χασμεύμενος. ἦ ῥά γε λεύσσεις;,tlg0005.tlg001.perseus-grc2.xml
Idylls,tlg001,4,54,"ναὶ ναί, τοῖς ὀνύχεσσιν ἔχω τέ νιν· ἅδε καὶ αὐτά.","ναὶ ναί, τοῖς ὀνύχεσσιν ἔχω τέ νιν· ἅδε καὶ αὐτά.",tlg0005.tlg001.perseus-grc2.xml
Idylls,tlg001,4,55,ὁσσίχον ἐστὶ τὸ τύμμα καὶ ἁλίκον ἄνδρα δαμάζει.,ὁσσίχον ἐστὶ τὸ τύμμα καὶ ἁλίκον ἄνδρα δαμάζει.,tlg0005.tlg001.perseus-grc2.xml
Idylls,tlg001,4,56,"εἰς ὄρος ὅκχʼ ἕρπῃς, μὴ νήλιπος ἔρχεο Βάττε.","εἰς ὄρος ὅκχ’ ἕρπῃς, μὴ νήλιπος ἔρχεο Βάττε.",tlg0005.tlg001.perseus-grc2.xml
Idylls,tlg001,4,57,ἐν γὰρ ὄρει ῥάμνοί τε καὶ ἀσπάλαθοι κομέονται.,ἐν γὰρ ὄρει ῥάμνοί τε καὶ ἀσπάλαθοι κομέονται.,tlg0005.tlg001.perseus-grc2.xml
Idylls,tlg001,4,58,"εἴπʼ ἄγε μʼ ὦ Κορύδων, τὸ γερόντιον ἦ ῥα διώκει,","εἴπ’ ἄγε μ’ ὦ Κορύδων, τὸ γερόντιον ἦ ῥα διώκει,",tlg0005.tlg001.perseus-grc2.xml
Idylls,tlg001,4,59,"τήναν τὰν κυάνοφρυν ἐρωτίδα, τᾶς ποκʼ ἐκνίσθη;","τήναν τὰν κυάνοφρυν ἐρωτίδα, τᾶς ποκ’ ἐκνίσθη;",tlg0005.tlg001.perseus-grc2.xml
Idylls,tlg001,4,60,ἀκμάν γʼ ὦ δειλαῖε· πρόαν γε μὲν αὐτὸς ἐπενθὼν,ἀκμάν γ’ ὦ δειλαῖε· πρόαν γε μὲν αὐτὸς ἐπενθὼν,tlg0005.tlg001.perseus-grc2.xml
Idylls,tlg001,4,61,καὶ ποτὶ τᾷ μάνδρᾳ κατελάμβανον ἆμος ἐνήργει.,καὶ ποτὶ τᾷ μάνδρᾳ κατελάμβανον ἆμος ἐνήργει.,tlg0005.tlg001.perseus-grc2.xml
Idylls,tlg001,4,62,εὖ γʼ ὤνθρωπε φιλοῖφα. τό τοι γένος ἢ Σατυρίσκοις,εὖ γ’ ὤνθρωπε φιλοῖφα. τό τοι γένος ἢ Σατυρίσκοις,tlg0005.tlg001.perseus-grc2.xml
Idylls,tlg001,4,63,ἐγγύθεν ἢ Πάνεσσι κακοκνάμοισιν ἐρίσδεις.,ἐγγύθεν ἢ Πάνεσσι κακοκνάμοισιν ἐρίσδεις.,tlg0005.tlg001.perseus-grc2.xml
Idylls,tlg001,5,1,"αἶγες ἐμαί, τῆνον τὸν ποιμένα τόνδε Σιβύρτα","αἶγες ἐμαί, τῆνον τὸν ποιμένα τόνδε Σιβύρτα",tlg0005.tlg001.perseus-grc2.xml
Idylls,tlg001,5,2,φεύγετε τὸν Λάκωνα· τό μευ νάκος ἐχθὲς ἔκλεψεν.,φεύγετε τὸν Λάκωνα· τό μευ νάκος ἐχθὲς ἔκλεψεν.,tlg0005.tlg001.perseus-grc2.xml
Idylls,tlg001,5,3,οὐκ ἀπὸ τᾶς κράνας; σίττʼ ἀμνίδες. οὐκ ἐσορῆτε,οὐκ ἀπὸ τᾶς κράνας; σίττ’ ἀμνίδες. οὐκ ἐσορῆτε,tlg0005.tlg001.perseus-grc2.xml
Idylls,tlg001,5,4,τόν μευ τὰν σύριγγα πρόαν κλέψαντα Κομάταν;,τόν μευ τὰν σύριγγα πρόαν κλέψαντα Κομάταν;,tlg0005.tlg001.perseus-grc2.xml
Idylls,tlg001,5,5,τὰν ποίαν σύριγγα; τὺ γάρ ποκα δῶλε Σιβύρτα,τὰν ποίαν σύριγγα; τὺ γάρ ποκα δῶλε Σιβύρτα,tlg0005.tlg001.perseus-grc2.xml
Idylls,tlg001,5,6,ἐκτάσα σύριγγα; τί δʼ οὐκέτι σὺν Κορύδωνι,ἐκτάσα σύριγγα; τί δ’ οὐκέτι σὺν Κορύδωνι,tlg0005.tlg001.perseus-grc2.xml
Idylls,tlg001,5,7,ἀρκεῖ τοι καλάμας αὐλὸν ποππύσδεν ἔχοντι;,ἀρκεῖ τοι καλάμας αὐλὸν ποππύσδεν ἔχοντι;,tlg0005.tlg001.perseus-grc2.xml
Idylls,tlg001,5,8,τάν μοι ἔδωκε Λύκων ὦλεύθερε. τὶν δὲ τὸ ποῖον,τάν μοι ἔδωκε Λύκων ὦλεύθερε. τὶν δὲ τὸ ποῖον,tlg0005.tlg001.perseus-grc2.xml
Idylls,tlg001,5,9,Λάκων ἀγκλέψας πόκʼ ἔβα νάκος; εἰπὲ Κομάτα·,Λάκων ἀγκλέψας πόκ’ ἔβα νάκος; εἰπὲ Κομάτα·,tlg0005.tlg001.perseus-grc2.xml
Idylls,tlg001,5,10,οὐδὲ γὰρ Εὐμάρᾳ τῷ δεσπότᾳ ἦς τι ἐνεύδειν.,οὐδὲ γὰρ Εὐμάρᾳ τῷ δεσπότᾳ ἦς τι ἐνεύδειν.,tlg0005.tlg001.perseus-grc2.xml
Idylls,tlg001,5,11,"τὸ Κροκύλος μοι ἔδωκε, τὸ ποικίλον, ἁνίκʼ ἔθυσε","τὸ Κροκύλος μοι ἔδωκε, τὸ ποικίλον, ἁνίκ’ ἔθυσε",tlg0005.tlg001.perseus-grc2.xml
Idylls,tlg001,5,12,ταῖς Νύμφαις τὰν αἶγα· τὺ δʼ ὦ κακὲ καὶ τόκʼ ἐτάκευ,ταῖς Νύμφαις τὰν αἶγα· τὺ δ’ ὦ κακὲ καὶ τόκ’ ἐτάκευ,tlg0005.tlg001.perseus-grc2.xml
Idylls,tlg001,5,13,"βασκαίνων, καὶ νῦν με τὰ λοίσθια γυμνὸν ἔθηκας.","βασκαίνων, καὶ νῦν με τὰ λοίσθια γυμνὸν ἔθηκας.",tlg0005.tlg001.perseus-grc2.xml
Idylls,tlg001,5,14,"οὐκ αὐτὸν τὸν Πᾶνα τὸν ἄκτιον, οὐ τέ γε Λάκων","οὐκ αὐτὸν τὸν Πᾶνα τὸν ἄκτιον, οὐ τέ γε Λάκων",tlg0005.tlg001.perseus-grc2.xml
Idylls,tlg001,5,15,"τὰν βαίταν ἀπέδυσʼ ὁ Καλαιθίδος, ἢ κατὰ τήνας","τὰν βαίταν ἀπέδυσ’ ὁ Καλαιθίδος, ἢ κατὰ τήνας",tlg0005.tlg001.perseus-grc2.xml
Idylls,tlg001,5,16,τᾶς πέτρας ὤνθρωπε μανεὶς ἐς Κρᾶθιν ἁλοίμαν.,τᾶς πέτρας ὤνθρωπε μανεὶς ἐς Κρᾶθιν ἁλοίμαν.,tlg0005.tlg001.perseus-grc2.xml
Idylls,tlg001,5,17,"οὐ μὰν οὐκ αὐτὰς τὰς λιμνάδας ὦγαθὲ Νύμφας,","οὐ μὰν οὐκ αὐτὰς τὰς λιμνάδας ὦγαθὲ Νύμφας,",tlg0005.tlg001.perseus-grc2.xml
Idylls,tlg001,5,18,"αἵτέ μοι ἵλαοί τε καὶ εὐμενέες τελέθοιεν,","αἵτέ μοι ἵλαοί τε καὶ εὐμενέες τελέθοιεν,",tlg0005.tlg001.perseus-grc2.xml
Idylls,tlg001,5,19,οὔ τευ τὰν σύριγγα λαθὼν ἔκλεψε Κομάτας.,οὔ τευ τὰν σύριγγα λαθὼν ἔκλεψε Κομάτας.,tlg0005.tlg001.perseus-grc2.xml
Idylls,tlg001,5,20,"αἴ τοι πιστεύσαιμι, τὰ Δάφνιδος ἄλγεʼ ἀροίμαν.","αἴ τοι πιστεύσαιμι, τὰ Δάφνιδος ἄλγε’ ἀροίμαν.",tlg0005.tlg001.perseus-grc2.xml
Idylls,tlg001,5,21,ἀλλʼ ὦν αἴκα λῇς ἔριφον θέμεν—ἔστι μὲν οὐδὲν,ἀλλ’ ὦν αἴκα λῇς ἔριφον θέμεν—ἔστι μὲν οὐδὲν,tlg0005.tlg001.perseus-grc2.xml
Idylls,tlg001,5,22,"ἱερόν—ἀλλά γε τοι διαείσομαι, ἕστέ κʼ ἀπείπῃς.","ἱερόν—ἀλλά γε τοι διαείσομαι, ἕστέ κ’ ἀπείπῃς.",tlg0005.tlg001.perseus-grc2.xml
Idylls,tlg001,5,23,ὗς ποτʼ Ἀθαναίαν ἔριν ἤρισεν. ἠνίδε κεῖται,ὗς ποτ’ Ἀθαναίαν ἔριν ἤρισεν. ἠνίδε κεῖται,tlg0005.tlg001.perseus-grc2.xml
Idylls,tlg001,5,24,ὥριφος· ἀλλά γε καὶ τὺ τὸν εὔβοτον ἀμνὸν ἔρισδε.,ὥριφος· ἀλλά γε καὶ τὺ τὸν εὔβοτον ἀμνὸν ἔρισδε.,tlg0005.tlg001.perseus-grc2.xml
Idylls,tlg001,5,25,καὶ πῶς ὦ κίναδος τὺ τάδʼ ἔσσεται ἐξ ἴσω ἁμίν;,καὶ πῶς ὦ κίναδος τὺ τάδ’ ἔσσεται ἐξ ἴσω ἁμίν;,tlg0005.tlg001.perseus-grc2.xml
Idylls,tlg001,5,26,τίς τρίχας ἀντʼ ἐρίων ἐποκίξατο; τίς δὲ παρεύσας,τίς τρίχας ἀντ’ ἐρίων ἐποκίξατο; τίς δὲ παρεύσας,tlg0005.tlg001.perseus-grc2.xml
Idylls,tlg001,5,27,αἰγὸς πρατοτόκοιο κακὰν κύνα δήλετʼ ἀμέλγειν;,αἰγὸς πρατοτόκοιο κακὰν κύνα δήλετ’ ἀμέλγειν;,tlg0005.tlg001.perseus-grc2.xml
Idylls,tlg001,5,28,"ὅστις νικασεῖν τὸν πλατίον ὡς τὺ πεποίθεις,","ὅστις νικασεῖν τὸν πλατίον ὡς τὺ πεποίθεις,",tlg0005.tlg001.perseus-grc2.xml
Idylls,tlg001,5,29,σφὰξ βομβέων τέττιγος ἐναντίον. ἀλλὰ γὰρ οὔ τοι,σφὰξ βομβέων τέττιγος ἐναντίον. ἀλλὰ γὰρ οὔ τοι,tlg0005.tlg001.perseus-grc2.xml
Idylls,tlg001,5,30,"ὥριφος ἰσοπαλής, τυῖδʼ ὁ τράγος οὗτος. ἔρισδε.","ὥριφος ἰσοπαλής, τυῖδ’ ὁ τράγος οὗτος. ἔρισδε.",tlg0005.tlg001.perseus-grc2.xml
Idylls,tlg001,5,31,μὴ σπεῦδʼ· οὐ γάρ τοι πυρὶ θάλπεαι. ἅδιον ᾀσῇ,μὴ σπεῦδ’· οὐ γάρ τοι πυρὶ θάλπεαι. ἅδιον ᾀσῇ,tlg0005.tlg001.perseus-grc2.xml
Idylls,tlg001,5,32,τεῖδʼ ὑπὸ τὰν κότινον καὶ τἄλσεα ταῦτα καθίξας.,τεῖδ’ ὑπὸ τὰν κότινον καὶ τἄλσεα ταῦτα καθίξας.,tlg0005.tlg001.perseus-grc2.xml
Idylls,tlg001,5,33,ψυχρὸν ὕδωρ τουτεῖ καταλείβεται· ὧδε πεφύκει,ψυχρὸν ὕδωρ τουτεῖ καταλείβεται· ὧδε πεφύκει,tlg0005.tlg001.perseus-grc2.xml
Idylls,tlg001,5,34,"ποία χἁ στιβὰς ἅδε, καὶ ἀκρίδες ὧδε λαλεῦντι.","ποία χἁ στιβὰς ἅδε, καὶ ἀκρίδες ὧδε λαλεῦντι.",tlg0005.tlg001.perseus-grc2.xml
Idylls,tlg001,5,35,"ἀλλʼ οὔ τι σπεύδω· μέγα δʼ ἄχθομαι, εἰ τύ με τολμῇς","ἀλλ’ οὔ τι σπεύδω· μέγα δ’ ἄχθομαι, εἰ τύ με τολμῇς",tlg0005.tlg001.perseus-grc2.xml
Idylls,tlg001,5,36,"ὄμμασι τοῖς ὀρθοῖσι ποτιβλέπεν, ὅν ποκʼ ἐόντα","ὄμμασι τοῖς ὀρθοῖσι ποτιβλέπεν, ὅν ποκ’ ἐόντα",tlg0005.tlg001.perseus-grc2.xml
Idylls,tlg001,5,37,παῖδʼ ἔτʼ ἐγὼν ἐδίδασκον. ἴδʼ ἁ χάρις ἐς τί ποθʼ ἕρπει.,παῖδ’ ἔτ’ ἐγὼν ἐδίδασκον. ἴδ’ ἁ χάρις ἐς τί ποθ’ ἕρπει.,tlg0005.tlg001.perseus-grc2.xml
Idylls,tlg001,5,38,"θρέψαι καὶ λυκιδεῖς, θρέψαι κύνας, ὥς τυ φάγωντι.","θρέψαι καὶ λυκιδεῖς, θρέψαι κύνας, ὥς τυ φάγωντι.",tlg0005.tlg001.perseus-grc2.xml
Idylls,tlg001,5,39,καὶ πόκʼ ἐγὼ παρὰ τεῦς τι μαθὼν καλὸν ἢ καὶ ἀκούσας,καὶ πόκ’ ἐγὼ παρὰ τεῦς τι μαθὼν καλὸν ἢ καὶ ἀκούσας,tlg0005.tlg001.perseus-grc2.xml
Idylls,tlg001,5,40,μέμναμʼ; ὦ φθονερὸν τὺ καὶ ἀπρεπὲς ἀνδρίον αὔτως.,μέμναμ’; ὦ φθονερὸν τὺ καὶ ἀπρεπὲς ἀνδρίον αὔτως.,tlg0005.tlg001.perseus-grc2.xml
Idylls,tlg001,5,41_43,……,……,tlg0005.tlg001.perseus-grc2.xml
Idylls,tlg001,5,44,"ἀλλὰ γὰρ ἕρφʼ ὦδʼ, ἕρπε, καὶ ὕστατα βουκολιαξῇ.","ἀλλὰ γὰρ ἕρφ’ ὦδ’, ἕρπε, καὶ ὕστατα βουκολιαξῇ.",tlg0005.tlg001.perseus-grc2.xml
Idylls,tlg001,5,45,"οὐχ ἑρψῶ τηνεῖ· τουτεῖ δρύες, ὧδε κύπειρος,","οὐχ ἑρψῶ τηνεῖ· τουτεῖ δρύες, ὧδε κύπειρος,",tlg0005.tlg001.perseus-grc2.xml
Idylls,tlg001,5,46,ὧδε καλὸν βομβεῦντι ποτὶ σμήνεσσι μέλισσαι·,ὧδε καλὸν βομβεῦντι ποτὶ σμήνεσσι μέλισσαι·,tlg0005.tlg001.perseus-grc2.xml
Idylls,tlg001,5,47,ἔνθʼ ὕδατος ψυχρῶ κρᾶναι δύο· ταὶ δʼ ἐπὶ δένδρει,ἔνθ’ ὕδατος ψυχρῶ κρᾶναι δύο· ταὶ δ’ ἐπὶ δένδρει,tlg0005.tlg001.perseus-grc2.xml
Idylls,tlg001,5,48,ὄρνιχες λαλαγεῦντι· καὶ ἁ σκιὰ οὐδὲν ὁμοία,ὄρνιχες λαλαγεῦντι· καὶ ἁ σκιὰ οὐδὲν ὁμοία,tlg0005.tlg001.perseus-grc2.xml
Idylls,tlg001,5,49,τᾷ παρὰ τίν· βάλλει δὲ καὶ ἁ πίτυς ὑψόθε κώνοις.,τᾷ παρὰ τίν· βάλλει δὲ καὶ ἁ πίτυς ὑψόθε κώνοις.,tlg0005.tlg001.perseus-grc2.xml
Idylls,tlg001,5,50,"ἦ μὰν ἀρνακίδας τε καὶ εἴρια τεῖδε πατησεῖς,","ἦ μὰν ἀρνακίδας τε καὶ εἴρια τεῖδε πατησεῖς,",tlg0005.tlg001.perseus-grc2.xml
Idylls,tlg001,5,51,"αἴκʼ ἔνθῃς, ὕπνω μαλακώτερα· ταὶ δὲ τραγεῖαι","αἴκ’ ἔνθῃς, ὕπνω μαλακώτερα· ταὶ δὲ τραγεῖαι",tlg0005.tlg001.perseus-grc2.xml
Idylls,tlg001,5,52,ταὶ παρὰ τὶν ὄσδοντι κακώτερον ἢ τύ περ ὄσδεις.,ταὶ παρὰ τὶν ὄσδοντι κακώτερον ἢ τύ περ ὄσδεις.,tlg0005.tlg001.perseus-grc2.xml
Idylls,tlg001,5,53,στασῶ δὲ κρατῆρα μέγαν λευκοῖο γάλακτος,στασῶ δὲ κρατῆρα μέγαν λευκοῖο γάλακτος,tlg0005.tlg001.perseus-grc2.xml
Idylls,tlg001,5,54,"ταῖς Νύμφαις, στασῶ δὲ καὶ ἁδέος ἄλλον ἐλαίω.","ταῖς Νύμφαις, στασῶ δὲ καὶ ἁδέος ἄλλον ἐλαίω.",tlg0005.tlg001.perseus-grc2.xml
Idylls,tlg001,5,55,"αἰ δέ κε καὶ τὺ μόλῃς, ἁπαλὰν πτέριν ὧδε πατησεῖς","αἰ δέ κε καὶ τὺ μόλῃς, ἁπαλὰν πτέριν ὧδε πατησεῖς",tlg0005.tlg001.perseus-grc2.xml
Idylls,tlg001,5,56,καὶ γλάχωνʼ ἀνθεῦσαν· ὑπεσσεῖται δὲ χιμαιρᾶν,καὶ γλάχων’ ἀνθεῦσαν· ὑπεσσεῖται δὲ χιμαιρᾶν,tlg0005.tlg001.perseus-grc2.xml
Idylls,tlg001,5,57,δέρματα τῶν παρὰ τὶν μαλακώτερα τετράκις ἀρνῶν.,δέρματα τῶν παρὰ τὶν μαλακώτερα τετράκις ἀρνῶν.,tlg0005.tlg001.perseus-grc2.xml
Idylls,tlg001,5,58,"στασῶ δʼ ὀκτὼ μὲν γαυλὼς τῷ Πανὶ γάλακτος,","στασῶ δ’ ὀκτὼ μὲν γαυλὼς τῷ Πανὶ γάλακτος,",tlg0005.tlg001.perseus-grc2.xml
Idylls,tlg001,5,59,ὀκτὼ δὲ σκαφίδας μέλιτος πλέα κηρίʼ ἐχοίσας.,ὀκτὼ δὲ σκαφίδας μέλιτος πλέα κηρί’ ἐχοίσας.,tlg0005.tlg001.perseus-grc2.xml
Idylls,tlg001,5,60,αὐτόθε μοι ποτέρισδε καὶ αὐτόθε βουκολιάσδευ·,αὐτόθε μοι ποτέρισδε καὶ αὐτόθε βουκολιάσδευ·,tlg0005.tlg001.perseus-grc2.xml
Idylls,tlg001,5,61,τὰν σαυτῶ πατέων ἔχε τὰς δρύας. ἀλλὰ τίς ἄμμε,τὰν σαυτῶ πατέων ἔχε τὰς δρύας. ἀλλὰ τίς ἄμμε,tlg0005.tlg001.perseus-grc2.xml
Idylls,tlg001,5,62,τίς κρινεῖ; αἴθʼ ἔνθοι πόθʼ ὁ βουκόλος ὧδʼ ὁ Λυκώπας.,τίς κρινεῖ; αἴθ’ ἔνθοι πόθ’ ὁ βουκόλος ὧδ’ ὁ Λυκώπας.,tlg0005.tlg001.perseus-grc2.xml
Idylls,tlg001,5,63,"οὐδὲν ἐγὼ τήνω ποτιδεύομαι· ἀλλὰ τὸν ἄνδρα,","οὐδὲν ἐγὼ τήνω ποτιδεύομαι· ἀλλὰ τὸν ἄνδρα,",tlg0005.tlg001.perseus-grc2.xml
Idylls,tlg001,5,64,"αἰ λῇς, τὸν δρυτόμον βωστρήσομες, ὃς τὰς ἐρείκας","αἰ λῇς, τὸν δρυτόμον βωστρήσομες, ὃς τὰς ἐρείκας",tlg0005.tlg001.perseus-grc2.xml
Idylls,tlg001,5,65,τήνας τὰς παρὰ τὶν ξυλοχίζεται· ἔστι δὲ Μόρσων.,τήνας τὰς παρὰ τὶν ξυλοχίζεται· ἔστι δὲ Μόρσων.,tlg0005.tlg001.perseus-grc2.xml
Idylls,tlg001,5,66,βωστρέωμες.,βωστρέωμες.,tlg0005.tlg001.perseus-grc2.xml
Idylls,tlg001,5,66b,τὺ κάλει νιν.,τὺ κάλει νιν.,tlg0005.tlg001.perseus-grc2.xml
Idylls,tlg001,5,66c,ἴθʼ ὦ ξένε μικκὸν ἄκουσον,ἴθ’ ὦ ξένε μικκὸν ἄκουσον,tlg0005.tlg001.perseus-grc2.xml
Idylls,tlg001,5,67,"τεῖδʼ ἐνθών· ἄμμες γὰρ ἐρίσδομες, ὅστις ἀρείων","τεῖδ’ ἐνθών· ἄμμες γὰρ ἐρίσδομες, ὅστις ἀρείων",tlg0005.tlg001.perseus-grc2.xml
Idylls,tlg001,5,68,βουκολιαστάς ἐστι. τὺ δʼ ὦ φίλε μήτʼ ἐμὲ Μόρσων,βουκολιαστάς ἐστι. τὺ δ’ ὦ φίλε μήτ’ ἐμὲ Μόρσων,tlg0005.tlg001.perseus-grc2.xml
Idylls,tlg001,5,69,"ἐν χάριτι κρίνῃς, μήτʼ ὦν τύγα τοῦτον ὀνάσῃς.","ἐν χάριτι κρίνῃς, μήτ’ ὦν τύγα τοῦτον ὀνάσῃς.",tlg0005.tlg001.perseus-grc2.xml
Idylls,tlg001,5,70,ναὶ ποτὶ τᾶν Νυμφᾶν Μόρσων φίλε μήτε Κομάτᾳ,ναὶ ποτὶ τᾶν Νυμφᾶν Μόρσων φίλε μήτε Κομάτᾳ,tlg0005.tlg001.perseus-grc2.xml
Idylls,tlg001,5,71,"τὸ πλέον ἰθύνῃς, μήτʼ ὦν τύγα τῷδε χαρίξῃ.","τὸ πλέον ἰθύνῃς, μήτ’ ὦν τύγα τῷδε χαρίξῃ.",tlg0005.tlg001.perseus-grc2.xml
Idylls,tlg001,5,72,"ἅδέ τοι ἁ ποίμνα τῶ Θουρίω ἐστὶ Σιβύρτα,","ἅδέ τοι ἁ ποίμνα τῶ Θουρίω ἐστὶ Σιβύρτα,",tlg0005.tlg001.perseus-grc2.xml
Idylls,tlg001,5,73,Εὐμάρα δὲ τὰς αἶγας ὁρῇς φίλε τῶ Συβαρίτα.,Εὐμάρα δὲ τὰς αἶγας ὁρῇς φίλε τῶ Συβαρίτα.,tlg0005.tlg001.perseus-grc2.xml
Idylls,tlg001,5,74,"μή τύ τις ἠρώτη πὸτ τῶ Διός, αἴτε Σιβύρτα","μή τύ τις ἠρώτη πὸτ τῶ Διός, αἴτε Σιβύρτα",tlg0005.tlg001.perseus-grc2.xml
Idylls,tlg001,5,75,αἴτʼ ἐμόν ἐστι κάκιστε τὸ ποίμνιον; ὡς λάλος ἐσσί.,αἴτ’ ἐμόν ἐστι κάκιστε τὸ ποίμνιον; ὡς λάλος ἐσσί.,tlg0005.tlg001.perseus-grc2.xml
Idylls,tlg001,5,76,"βέντισθʼ οὗτος, ἐγὼ μὲν ἀλαθέα πάντʼ ἀγορεύω","βέντισθ’ οὗτος, ἐγὼ μὲν ἀλαθέα πάντ’ ἀγορεύω",tlg0005.tlg001.perseus-grc2.xml
Idylls,tlg001,5,77,κοὐδὲν καυχέομαι· τὺ δʼ ἄγαν φιλοκέρτομος ἐσσί.,κοὐδὲν καυχέομαι· τὺ δ’ ἄγαν φιλοκέρτομος ἐσσί.,tlg0005.tlg001.perseus-grc2.xml
Idylls,tlg001,5,78,"εἶα λέγʼ εἴ τι λέγεις, καὶ τὸν ξένον ἐς πόλιν αὖθις","εἶα λέγ’ εἴ τι λέγεις, καὶ τὸν ξένον ἐς πόλιν αὖθις",tlg0005.tlg001.perseus-grc2.xml
Idylls,tlg001,5,79,"ζῶντʼ ἄφες· ὦ Παιάν, ἦ στωμύλος ἦσθα Κομάτα.","ζῶντ’ ἄφες· ὦ Παιάν, ἦ στωμύλος ἦσθα Κομάτα.",tlg0005.tlg001.perseus-grc2.xml
Idylls,tlg001,5,80,ταὶ Μοῖσαί με φιλεῦντι πολὺ πλέον ἢ τὸν ἀοιδὸν,ταὶ Μοῖσαί με φιλεῦντι πολὺ πλέον ἢ τὸν ἀοιδὸν,tlg0005.tlg001.perseus-grc2.xml
Idylls,tlg001,5,81,Δάφνιν· ἐγὼ δʼ αὐταῖς χιμάρως δύο πρᾶν ποκʼ ἔθυσα.,Δάφνιν· ἐγὼ δ’ αὐταῖς χιμάρως δύο πρᾶν ποκ’ ἔθυσα.,tlg0005.tlg001.perseus-grc2.xml
Idylls,tlg001,5,82,"καὶ γὰρ ἔμʼ ὡπόλλων φιλέει μέγα, καὶ καλὸν αὐτῷ","καὶ γὰρ ἔμ’ ὡπόλλων φιλέει μέγα, καὶ καλὸν αὐτῷ",tlg0005.tlg001.perseus-grc2.xml
Idylls,tlg001,5,83,κριὸν ἐγὼ βόσκω. τὰ δὲ Κάρνεα καὶ δὴ ἐφέρπει.,κριὸν ἐγὼ βόσκω. τὰ δὲ Κάρνεα καὶ δὴ ἐφέρπει.,tlg0005.tlg001.perseus-grc2.xml
Idylls,tlg001,5,84,"πλὰν δύο τὰς λοιπὰς διδυματόκος αἶγας ἀμέλγω,","πλὰν δύο τὰς λοιπὰς διδυματόκος αἶγας ἀμέλγω,",tlg0005.tlg001.perseus-grc2.xml
Idylls,tlg001,5,85,καί μʼ ἁ παῖς ποθορεῦσα τάλαν λέγει αὐτὸς ἀμέλγεις;,καί μ’ ἁ παῖς ποθορεῦσα τάλαν λέγει αὐτὸς ἀμέλγεις;,tlg0005.tlg001.perseus-grc2.xml
Idylls,tlg001,5,86,φεῦ φεῦ Λάκων τοι ταλάρως σχεδὸν εἴκατι πληροῖ,φεῦ φεῦ Λάκων τοι ταλάρως σχεδὸν εἴκατι πληροῖ,tlg0005.tlg001.perseus-grc2.xml
Idylls,tlg001,5,87,τυρῶ καὶ τὸν ἄναβον ἐν ἄνθεσι παῖδα μολύνει.,τυρῶ καὶ τὸν ἄναβον ἐν ἄνθεσι παῖδα μολύνει.,tlg0005.tlg001.perseus-grc2.xml
Idylls,tlg001,5,88,βάλλει καὶ μάλοισι τὸν αἰπόλον ἁ Κλεαρίστα,βάλλει καὶ μάλοισι τὸν αἰπόλον ἁ Κλεαρίστα,tlg0005.tlg001.perseus-grc2.xml
Idylls,tlg001,5,89,τὰς αἶγας παρελᾶντα καὶ ἁδύ τι ποππυλιάσδει.,τὰς αἶγας παρελᾶντα καὶ ἁδύ τι ποππυλιάσδει.,tlg0005.tlg001.perseus-grc2.xml
Idylls,tlg001,5,90,κἠμὲ γὰρ ὁ Κρατίδας τὸν ποιμένα λεῖος ὑπαντῶν,κἠμὲ γὰρ ὁ Κρατίδας τὸν ποιμένα λεῖος ὑπαντῶν,tlg0005.tlg001.perseus-grc2.xml
Idylls,tlg001,5,91,ἐκμαίνει· λιπαρὰ δὲ παρʼ αὐχένα σείετʼ ἔθειρα.,ἐκμαίνει· λιπαρὰ δὲ παρ’ αὐχένα σείετ’ ἔθειρα.,tlg0005.tlg001.perseus-grc2.xml
Idylls,tlg001,5,92,ἀλλʼ οὐ σύμβλητʼ ἐστὶ κυνόσβατος οὐδʼ ἀνεμώνα,ἀλλ’ οὐ σύμβλητ’ ἐστὶ κυνόσβατος οὐδ’ ἀνεμώνα,tlg0005.tlg001.perseus-grc2.xml
Idylls,tlg001,5,93,"πρὸς ῥόδα, τῶν ἄνδηρα παρʼ αἱμασιαῖσι πεφύκει.","πρὸς ῥόδα, τῶν ἄνδηρα παρ’ αἱμασιαῖσι πεφύκει.",tlg0005.tlg001.perseus-grc2.xml
Idylls,tlg001,5,94,οὐδὲ γὰρ οὐδʼ ἀκύλοις ὁμομαλίδες· αἱ μὲν ἔχοντι,οὐδὲ γὰρ οὐδ’ ἀκύλοις ὁμομαλίδες· αἱ μὲν ἔχοντι,tlg0005.tlg001.perseus-grc2.xml
Idylls,tlg001,5,95,"λυπρὸν ἀπὸ πρίνοιο λεπύριον, αἱ δὲ μελιχραί.","λυπρὸν ἀπὸ πρίνοιο λεπύριον, αἱ δὲ μελιχραί.",tlg0005.tlg001.perseus-grc2.xml
Idylls,tlg001,5,96,κἠγὼ μὲν δωσῶ τᾷ παρθένῳ αὐτίκα φάσσαν,κἠγὼ μὲν δωσῶ τᾷ παρθένῳ αὐτίκα φάσσαν,tlg0005.tlg001.perseus-grc2.xml
Idylls,tlg001,5,97,ἐκ τᾶς ἀρκεύθω καθελών· τηνεῖ γὰρ ἐφίσδει.,ἐκ τᾶς ἀρκεύθω καθελών· τηνεῖ γὰρ ἐφίσδει.,tlg0005.tlg001.perseus-grc2.xml
Idylls,tlg001,5,98,"ἀλλʼ ἐγὼ ἐς χλαῖναν μαλακὸν πόκον, ὁππόκα πέξω","ἀλλ’ ἐγὼ ἐς χλαῖναν μαλακὸν πόκον, ὁππόκα πέξω",tlg0005.tlg001.perseus-grc2.xml
Idylls,tlg001,5,99,"τὰν οἶν τὰν πέλλαν, Κρατίδᾳ δωρήσομαι αὐτός.","τὰν οἶν τὰν πέλλαν, Κρατίδᾳ δωρήσομαι αὐτός.",tlg0005.tlg001.perseus-grc2.xml
Idylls,tlg001,5,100,"σίττʼ ἀπὸ τᾶς κοτίνω ταὶ μηκάδες· ὧδε νέμεσθε,","σίττ’ ἀπὸ τᾶς κοτίνω ταὶ μηκάδες· ὧδε νέμεσθε,",tlg0005.tlg001.perseus-grc2.xml
Idylls,tlg001,5,101,ὡς τὸ κάταντες τοῦτο γεώλοφον αἵ τε μυρῖκαι.,ὡς τὸ κάταντες τοῦτο γεώλοφον αἵ τε μυρῖκαι.,tlg0005.tlg001.perseus-grc2.xml
Idylls,tlg001,5,102,οὐκ ἀπὸ τᾶς δρυὸς οὗτος ὁ Κώναρος ἅ τε Κιναίθα;,οὐκ ἀπὸ τᾶς δρυὸς οὗτος ὁ Κώναρος ἅ τε Κιναίθα;,tlg0005.tlg001.perseus-grc2.xml
Idylls,tlg001,5,103,"τουτεῖ βοσκησεῖσθε ποτʼ ἀντολάς, ὡς ὁ Φάλαρος.","τουτεῖ βοσκησεῖσθε ποτ’ ἀντολάς, ὡς ὁ Φάλαρος.",tlg0005.tlg001.perseus-grc2.xml
Idylls,tlg001,5,104,"ἔστι δέ μοι γαυλὸς κυπαρίσσινος, ἔστι δὲ κρατήρ,","ἔστι δέ μοι γαυλὸς κυπαρίσσινος, ἔστι δὲ κρατήρ,",tlg0005.tlg001.perseus-grc2.xml
Idylls,tlg001,5,105,ἔργον Πραξιτέλευς· τᾷ παιδὶ δὲ ταῦτα φυλάσσω.,ἔργον Πραξιτέλευς· τᾷ παιδὶ δὲ ταῦτα φυλάσσω.,tlg0005.tlg001.perseus-grc2.xml
Idylls,tlg001,5,106,"χἁμῖν ἐστι κύων φιλοποίμνιος, ὃς λύκος ἄγχει,","χἁμῖν ἐστι κύων φιλοποίμνιος, ὃς λύκος ἄγχει,",tlg0005.tlg001.perseus-grc2.xml
Idylls,tlg001,5,107,ὃν τῷ παιδὶ δίδωμι τὰ θηρία πάντα διώκειν.,ὃν τῷ παιδὶ δίδωμι τὰ θηρία πάντα διώκειν.,tlg0005.tlg001.perseus-grc2.xml
Idylls,tlg001,5,108,"ἀκρίδες, αἳ τὸν φραγμὸν ὑπερπαδῆτε τὸν ἁμόν,","ἀκρίδες, αἳ τὸν φραγμὸν ὑπερπαδῆτε τὸν ἁμόν,",tlg0005.tlg001.perseus-grc2.xml
Idylls,tlg001,5,109,μή μευ λωβασεῖσθε τὰς ἀμπέλος· ἐντὶ γὰρ ἇβαι.,μή μευ λωβασεῖσθε τὰς ἀμπέλος· ἐντὶ γὰρ ἇβαι.,tlg0005.tlg001.perseus-grc2.xml
Idylls,tlg001,5,110,"τοὶ τέττιγες, ὁρῆτε τὸν αἰπόλον ὡς ἐρεθίζω·","τοὶ τέττιγες, ὁρῆτε τὸν αἰπόλον ὡς ἐρεθίζω·",tlg0005.tlg001.perseus-grc2.xml
Idylls,tlg001,5,111,οὑτῶς χὑμές θην ἐρεθίζετε τὼς καλαμευτάς.,οὑτῶς χὑμές θην ἐρεθίζετε τὼς καλαμευτάς.,tlg0005.tlg001.perseus-grc2.xml
Idylls,tlg001,5,112,"μισέω τὰς δασυκέρκος ἀλώπεκας, αἳ τὰ Μίκωνος","μισέω τὰς δασυκέρκος ἀλώπεκας, αἳ τὰ Μίκωνος",tlg0005.tlg001.perseus-grc2.xml
Idylls,tlg001,5,113,αἰεὶ φοιτῶσαι τὰ ποθέσπερα ῥαγίζοντι.,αἰεὶ φοιτῶσαι τὰ ποθέσπερα ῥαγίζοντι.,tlg0005.tlg001.perseus-grc2.xml
Idylls,tlg001,5,114,"καὶ γὰρ ἐγὼ μισέω τὼς κανθάρος, οἳ τὰ Φιλώνδα","καὶ γὰρ ἐγὼ μισέω τὼς κανθάρος, οἳ τὰ Φιλώνδα",tlg0005.tlg001.perseus-grc2.xml
Idylls,tlg001,5,115,σῦκα κατατρώγοντες ὑπανέμιοι φορέονται.,σῦκα κατατρώγοντες ὑπανέμιοι φορέονται.,tlg0005.tlg001.perseus-grc2.xml
Idylls,tlg001,5,116,"ἦ οὐ μέμνᾳ, ὅκʼ ἐγώ τυ κατήλασα, καὶ τὺ σεσαρὼς","ἦ οὐ μέμνᾳ, ὅκ’ ἐγώ τυ κατήλασα, καὶ τὺ σεσαρὼς",tlg0005.tlg001.perseus-grc2.xml
Idylls,tlg001,5,117,εὖ ποτεκιγκλίζευ καὶ τᾶς δρυὸς εἴχεο τήνας;,εὖ ποτεκιγκλίζευ καὶ τᾶς δρυὸς εἴχεο τήνας;,tlg0005.tlg001.perseus-grc2.xml
Idylls,tlg001,5,118,τοῦτο μὲν οὐ μέμναμʼ· ὅκα μάν ποκα τεῖδέ τυ δήσας,τοῦτο μὲν οὐ μέμναμ’· ὅκα μάν ποκα τεῖδέ τυ δήσας,tlg0005.tlg001.perseus-grc2.xml
Idylls,tlg001,5,119,"Εὐμάρας ἐκάθηρε καλῶς μάλα, τοῦτό γʼ ἴσαμι.","Εὐμάρας ἐκάθηρε καλῶς μάλα, τοῦτό γ’ ἴσαμι.",tlg0005.tlg001.perseus-grc2.xml
Idylls,tlg001,5,120,ἦ δή τις Μόρσων πικραίνεται· ἢ οὐχὶ παρῄσθευ;,ἦ δή τις Μόρσων πικραίνεται· ἢ οὐχὶ παρῄσθευ;,tlg0005.tlg001.perseus-grc2.xml
Idylls,tlg001,5,121,σκίλλας ἰὼν γραίας ἀπὸ σάματος αὐτίκα τίλλειν.,σκίλλας ἰὼν γραίας ἀπὸ σάματος αὐτίκα τίλλειν.,tlg0005.tlg001.perseus-grc2.xml
Idylls,tlg001,5,122,κἠγὼ μὰν κνίζω Μόρσων τινά· καὶ τὺ δὲ λεύσσεις.,κἠγὼ μὰν κνίζω Μόρσων τινά· καὶ τὺ δὲ λεύσσεις.,tlg0005.tlg001.perseus-grc2.xml
Idylls,tlg001,5,123,ἐνθὼν τὰν κυκλάμινον ὄρυσσέ νυν ἐς τὸν Ἄλεντα.,ἐνθὼν τὰν κυκλάμινον ὄρυσσέ νυν ἐς τὸν Ἄλεντα.,tlg0005.tlg001.perseus-grc2.xml
Idylls,tlg001,5,124,"Ἱμέρα ἀνθʼ ὕδατος ῥείτω γάλα, καὶ τὺ δὲ Κράθι","Ἱμέρα ἀνθ’ ὕδατος ῥείτω γάλα, καὶ τὺ δὲ Κράθι",tlg0005.tlg001.perseus-grc2.xml
Idylls,tlg001,5,125,"οἴνῳ πορφύροις, τὰ δέ τʼ οἴσυα καρπὸν ἐνείκαι.","οἴνῳ πορφύροις, τὰ δέ τ’ οἴσυα καρπὸν ἐνείκαι.",tlg0005.tlg001.perseus-grc2.xml
Idylls,tlg001,5,126,"ῥείτω χἁ Συβαρῖτις ἐμὶν μέλι, καὶ τὸ πότορθρον","ῥείτω χἁ Συβαρῖτις ἐμὶν μέλι, καὶ τὸ πότορθρον",tlg0005.tlg001.perseus-grc2.xml
Idylls,tlg001,5,127,ἁ παῖς ἀνθʼ ὕδατος τᾷ κάλπιδι κηρία βάψαι.,ἁ παῖς ἀνθ’ ὕδατος τᾷ κάλπιδι κηρία βάψαι.,tlg0005.tlg001.perseus-grc2.xml
Idylls,tlg001,5,128,"ταὶ μὲν ἐμαὶ κύτισόν τε καὶ αἴγιλον αἶγες ἔδοντι,","ταὶ μὲν ἐμαὶ κύτισόν τε καὶ αἴγιλον αἶγες ἔδοντι,",tlg0005.tlg001.perseus-grc2.xml
Idylls,tlg001,5,129,καὶ σχῖνον πατέοντι καὶ ἐν κομάροισι κέχυνται.,καὶ σχῖνον πατέοντι καὶ ἐν κομάροισι κέχυνται.,tlg0005.tlg001.perseus-grc2.xml
Idylls,tlg001,5,130,ταῖσι δʼ ἐμαῖς ὀίεσσι πάρεστι μὲν ἁ μελίτεια,ταῖσι δ’ ἐμαῖς ὀίεσσι πάρεστι μὲν ἁ μελίτεια,tlg0005.tlg001.perseus-grc2.xml
Idylls,tlg001,5,131,"φέρβεσθαι, πολλὸς δὲ καὶ ὡς ῥόδα κίσθος ἐπανθεῖ.","φέρβεσθαι, πολλὸς δὲ καὶ ὡς ῥόδα κίσθος ἐπανθεῖ.",tlg0005.tlg001.perseus-grc2.xml
Idylls,tlg001,5,132,"οὐκ ἔραμʼ Ἀλκίππας, ὅτι με πρᾶν οὐκ ἐφίλασε","οὐκ ἔραμ’ Ἀλκίππας, ὅτι με πρᾶν οὐκ ἐφίλασε",tlg0005.tlg001.perseus-grc2.xml
Idylls,tlg001,5,133,"τῶν ὤτων καθελοῖσʼ, ὅκά οἱ τὰν φάσσαν ἔδωκα.","τῶν ὤτων καθελοῖσ’, ὅκά οἱ τὰν φάσσαν ἔδωκα.",tlg0005.tlg001.perseus-grc2.xml
Idylls,tlg001,5,134,ἀλλʼ ἐγὼ Εὐμήδευς ἔραμαι μέγα· καὶ γὰρ ὅκʼ αὐτῷ,ἀλλ’ ἐγὼ Εὐμήδευς ἔραμαι μέγα· καὶ γὰρ ὅκ’ αὐτῷ,tlg0005.tlg001.perseus-grc2.xml
Idylls,tlg001,5,135,"τὰν σύριγγʼ ὤρεξα, καλόν τί με κάρτʼ ἐφίλασεν.","τὰν σύριγγ’ ὤρεξα, καλόν τί με κάρτ’ ἐφίλασεν.",tlg0005.tlg001.perseus-grc2.xml
Idylls,tlg001,5,136,"οὐ θεμιτὸν Λάκων ποτʼ ἀηδόνα κίσσας ἐρίσδειν,","οὐ θεμιτὸν Λάκων ποτ’ ἀηδόνα κίσσας ἐρίσδειν,",tlg0005.tlg001.perseus-grc2.xml
Idylls,tlg001,5,137,οὐδʼ ἔποπας κύκνοισι· τὺ δʼ ὦ τάλαν ἐσσὶ φιλεχθής.,οὐδ’ ἔποπας κύκνοισι· τὺ δ’ ὦ τάλαν ἐσσὶ φιλεχθής.,tlg0005.tlg001.perseus-grc2.xml
Idylls,tlg001,5,138,παύσασθαι κέλομαι τὸν ποιμένα. τὶν δὲ Κομάτα,παύσασθαι κέλομαι τὸν ποιμένα. τὶν δὲ Κομάτα,tlg0005.tlg001.perseus-grc2.xml
Idylls,tlg001,5,139,δωρεῖται Μόρσων τὰν ἀμνίδα· καὶ τὺ δὲ θύσας,δωρεῖται Μόρσων τὰν ἀμνίδα· καὶ τὺ δὲ θύσας,tlg0005.tlg001.perseus-grc2.xml
Idylls,tlg001,5,140,ταῖς Νύμφαις Μόρσωνι καλὸν κρέας αὐτίκα πέμψον.,ταῖς Νύμφαις Μόρσωνι καλὸν κρέας αὐτίκα πέμψον.,tlg0005.tlg001.perseus-grc2.xml
Idylls,tlg001,5,141,πεμψῶ ναὶ τὸν Πᾶνα. φριμάσσεο πᾶσα τραγίσκων,πεμψῶ ναὶ τὸν Πᾶνα. φριμάσσεο πᾶσα τραγίσκων,tlg0005.tlg001.perseus-grc2.xml
Idylls,tlg001,5,142,νῦν ἀγέλα· κἠγὼ γὰρ ἴδʼ ὡς μέγα τοῦτο καχαξῶ,νῦν ἀγέλα· κἠγὼ γὰρ ἴδ’ ὡς μέγα τοῦτο καχαξῶ,tlg0005.tlg001.perseus-grc2.xml
Idylls,tlg001,5,143,"κὰτ τῶ Λάκωνος τῶ ποιμένος, ὅττι πόκʼ ἤδη","κὰτ τῶ Λάκωνος τῶ ποιμένος, ὅττι πόκ’ ἤδη",tlg0005.tlg001.perseus-grc2.xml
Idylls,tlg001,5,144,ἀνυσάμαν τὰν ἀμνόν· ἐς ὠρανὸν ὔμμιν ἁλεῦμαι.,ἀνυσάμαν τὰν ἀμνόν· ἐς ὠρανὸν ὔμμιν ἁλεῦμαι.,tlg0005.tlg001.perseus-grc2.xml
Idylls,tlg001,5,145,αἶγες ἐμαὶ θαρσεῖτε κερούτιδες· αὔριον ὔμμε,αἶγες ἐμαὶ θαρσεῖτε κερούτιδες· αὔριον ὔμμε,tlg0005.tlg001.perseus-grc2.xml
Idylls,tlg001,5,146,πάσας ἐγὼ λουσῶ Συβαρίτιδος ἔνδοθι λίμνας.,πάσας ἐγὼ λουσῶ Συβαρίτιδος ἔνδοθι λίμνας.,tlg0005.tlg001.perseus-grc2.xml
Idylls,tlg001,5,147,"οὗτος ὁ Λευκίτας ὁ κορυπτίλος, εἴ τινʼ ὀχευσεῖς","οὗτος ὁ Λευκίτας ὁ κορυπτίλος, εἴ τιν’ ὀχευσεῖς",tlg0005.tlg001.perseus-grc2.xml
Idylls,tlg001,5,148,"τᾶν αἰγῶν, φλασσῶ τυ πρὶν ἤ γʼ ἐμὲ καλλιερῆσαι","τᾶν αἰγῶν, φλασσῶ τυ πρὶν ἤ γ’ ἐμὲ καλλιερῆσαι",tlg0005.tlg001.perseus-grc2.xml
Idylls,tlg001,5,149,"ταῖς Νύμφαις τὰν ἀμνόν. ὁ δʼ αὖ πάλιν. ἀλλὰ γενοίμαν,","ταῖς Νύμφαις τὰν ἀμνόν. ὁ δ’ αὖ πάλιν. ἀλλὰ γενοίμαν,",tlg0005.tlg001.perseus-grc2.xml
Idylls,tlg001,5,150,"αἰ μή τυ φλάσσαιμι, Μελάνθιος ἀντὶ Κομάτα.","αἰ μή τυ φλάσσαιμι, Μελάνθιος ἀντὶ Κομάτα.",tlg0005.tlg001.perseus-grc2.xml
Idylls,tlg001,6,1,Δαμοίτας χὡ Δάφνις ὁ βουκόλος εἰς ἕνα χῶρον,Δαμοίτας χὡ Δάφνις ὁ βουκόλος εἰς ἕνα χῶρον,tlg0005.tlg001.perseus-grc2.xml
Idylls,tlg001,6,2,τὰν ἀγέλαν πόκʼ Ἄρατε συνάγαγον· ἦς δʼ ὁ μὲν αὐτῶν,τὰν ἀγέλαν πόκ’ Ἄρατε συνάγαγον· ἦς δ’ ὁ μὲν αὐτῶν,tlg0005.tlg001.perseus-grc2.xml
Idylls,tlg001,6,3,"πυρρός, ὁ δʼ ἡμιγένειος· ἐπὶ κράναν δέ τινʼ ἄμφω","πυρρός, ὁ δ’ ἡμιγένειος· ἐπὶ κράναν δέ τιν’ ἄμφω",tlg0005.tlg001.perseus-grc2.xml
Idylls,tlg001,6,4,ἑζόμενοι θέρεος μέσῳ ἄματι τοιάδʼ ἄειδον.,ἑζόμενοι θέρεος μέσῳ ἄματι τοιάδ’ ἄειδον.,tlg0005.tlg001.perseus-grc2.xml
Idylls,tlg001,6,5,"πρᾶτος δʼ ἄρξατο Δάφνις, ἐπεὶ καὶ πρᾶτος ἔρισδε.","πρᾶτος δ’ ἄρξατο Δάφνις, ἐπεὶ καὶ πρᾶτος ἔρισδε.",tlg0005.tlg001.perseus-grc2.xml
Idylls,tlg001,6,6,βάλλει τοι Πολύφαμε τὸ ποίμνιον ἁ Γαλάτεια,βάλλει τοι Πολύφαμε τὸ ποίμνιον ἁ Γαλάτεια,tlg0005.tlg001.perseus-grc2.xml
Idylls,tlg001,6,7,"μάλοισιν, δυσέρωτα τὸν αἰπόλον ἄνδρα καλεῦσα·","μάλοισιν, δυσέρωτα τὸν αἰπόλον ἄνδρα καλεῦσα·",tlg0005.tlg001.perseus-grc2.xml
Idylls,tlg001,6,8,"καὶ τύ νιν οὐ ποθόρησθα τάλαν τάλαν, ἀλλὰ κάθησαι","καὶ τύ νιν οὐ ποθόρησθα τάλαν τάλαν, ἀλλὰ κάθησαι",tlg0005.tlg001.perseus-grc2.xml
Idylls,tlg001,6,9,"ἁδέα συρίσδων. πάλιν ἅδʼ ἴδε τὰν κύνα βάλλει,","ἁδέα συρίσδων. πάλιν ἅδ’ ἴδε τὰν κύνα βάλλει,",tlg0005.tlg001.perseus-grc2.xml
Idylls,tlg001,6,10,ἅ τοι τᾶν ὀίων ἕπεται σκοπός· ἁ δὲ βαΰσδει,ἅ τοι τᾶν ὀίων ἕπεται σκοπός· ἁ δὲ βαΰσδει,tlg0005.tlg001.perseus-grc2.xml
Idylls,tlg001,6,11,"εἰς ἅλα δερκομένα, τὰ δέ νιν καλὰ κύματα φαίνει","εἰς ἅλα δερκομένα, τὰ δέ νιν καλὰ κύματα φαίνει",tlg0005.tlg001.perseus-grc2.xml
Idylls,tlg001,6,12,ἅσυχα καχλάζοντα ἐπʼ αἰγιαλοῖο θέοισαν.,ἅσυχα καχλάζοντα ἐπ’ αἰγιαλοῖο θέοισαν.,tlg0005.tlg001.perseus-grc2.xml
Idylls,tlg001,6,13,φράζεο μὴ τᾶς παιδὸς ἐπὶ κνάμαισιν ὀρούσῃ,φράζεο μὴ τᾶς παιδὸς ἐπὶ κνάμαισιν ὀρούσῃ,tlg0005.tlg001.perseus-grc2.xml
Idylls,tlg001,6,14,"ἐξ ἁλὸς ἐρχομένας, κατὰ δὲ χρόα καλὸν ἀμύξῃ.","ἐξ ἁλὸς ἐρχομένας, κατὰ δὲ χρόα καλὸν ἀμύξῃ.",tlg0005.tlg001.perseus-grc2.xml
Idylls,tlg001,6,15,"ἁ δὲ καὶ αὐτόθε τοι διαθρύπτεται, ὡς ἀπʼ ἀκάνθας","ἁ δὲ καὶ αὐτόθε τοι διαθρύπτεται, ὡς ἀπ’ ἀκάνθας",tlg0005.tlg001.perseus-grc2.xml
Idylls,tlg001,6,16,"ταὶ καπυραὶ χαῖται, τὸ καλὸν θέρος ἁνίκα φρύγει·","ταὶ καπυραὶ χαῖται, τὸ καλὸν θέρος ἁνίκα φρύγει·",tlg0005.tlg001.perseus-grc2.xml
Idylls,tlg001,6,17,"καὶ φεύγει φιλέοντα καὶ οὐ φιλέοντα διώκει,","καὶ φεύγει φιλέοντα καὶ οὐ φιλέοντα διώκει,",tlg0005.tlg001.perseus-grc2.xml
Idylls,tlg001,6,18,καὶ τὸν ἀπὸ γραμμᾶς κινεῖ λίθον· ἦ γὰρ ἔρωτι,καὶ τὸν ἀπὸ γραμμᾶς κινεῖ λίθον· ἦ γὰρ ἔρωτι,tlg0005.tlg001.perseus-grc2.xml
Idylls,tlg001,6,19,πολλάκις ὦ Πολύφαμε τὰ μὴ καλὰ καλὰ πέφανται.,πολλάκις ὦ Πολύφαμε τὰ μὴ καλὰ καλὰ πέφανται.,tlg0005.tlg001.perseus-grc2.xml
Idylls,tlg001,6,20,τῷ δʼ ἐπὶ Δαμοίτας ἀνεβάλλετο καὶ τάδʼ ἄειδεν.,τῷ δ’ ἐπὶ Δαμοίτας ἀνεβάλλετο καὶ τάδ’ ἄειδεν.,tlg0005.tlg001.perseus-grc2.xml
Idylls,tlg001,6,21,"εἶδον ναὶ τὸν Πᾶνα, τὸ ποίμνιον ἁνίκʼ ἔβαλλε,","εἶδον ναὶ τὸν Πᾶνα, τὸ ποίμνιον ἁνίκ’ ἔβαλλε,",tlg0005.tlg001.perseus-grc2.xml
Idylls,tlg001,6,22,"κοὔ μʼ ἔλαθʼ, οὔ, τὸν ἐμὸν ἕνα τὸν γλυκύν, ᾧπερ ὅρημι","κοὔ μ’ ἔλαθ’, οὔ, τὸν ἐμὸν ἕνα τὸν γλυκύν, ᾧπερ ὅρημι",tlg0005.tlg001.perseus-grc2.xml
Idylls,tlg001,6,23,ἐς τέλος· αὐτὰρ ὁ μάντις ὁ Τήλεμος ἔχθρʼ ἀγορεύων,ἐς τέλος· αὐτὰρ ὁ μάντις ὁ Τήλεμος ἔχθρ’ ἀγορεύων,tlg0005.tlg001.perseus-grc2.xml
Idylls,tlg001,6,24,"ἐχθρὰ φέροι ποτὶ οἶκον, ὅπως τεκέεσσι φυλάσσοι.","ἐχθρὰ φέροι ποτὶ οἶκον, ὅπως τεκέεσσι φυλάσσοι.",tlg0005.tlg001.perseus-grc2.xml
Idylls,tlg001,6,25,"ἀλλὰ καὶ αὐτὸς ἐγὼ κνίζων πάλιν οὐ ποθόρημι,","ἀλλὰ καὶ αὐτὸς ἐγὼ κνίζων πάλιν οὐ ποθόρημι,",tlg0005.tlg001.perseus-grc2.xml
Idylls,tlg001,6,26,ἀλλʼ ἄλλαν τινὰ φαμὶ γυναῖκʼ ἔχεν· ἁ δʼ ἀίοισα,ἀλλ’ ἄλλαν τινὰ φαμὶ γυναῖκ’ ἔχεν· ἁ δ’ ἀίοισα,tlg0005.tlg001.perseus-grc2.xml
Idylls,tlg001,6,27,"ζαλοῖ μʼ ὦ Παιὰν καὶ τάκεται, ἐκ δὲ θαλάσσας","ζαλοῖ μ’ ὦ Παιὰν καὶ τάκεται, ἐκ δὲ θαλάσσας",tlg0005.tlg001.perseus-grc2.xml
Idylls,tlg001,6,28,οἰστρεῖ παπταίνοισα ποτʼ ἄντρά τε καὶ ποτὶ ποίμνας.,οἰστρεῖ παπταίνοισα ποτ’ ἄντρά τε καὶ ποτὶ ποίμνας.,tlg0005.tlg001.perseus-grc2.xml
Idylls,tlg001,6,29,σίξα δʼ ὑλακτεῖν νιν καὶ τᾷ κυνί· καὶ γὰρ ὅκʼ ἤρων,σίξα δ’ ὑλακτεῖν νιν καὶ τᾷ κυνί· καὶ γὰρ ὅκ’ ἤρων,tlg0005.tlg001.perseus-grc2.xml
Idylls,tlg001,6,30,"αὐτᾶς, ἐκνυζεῖτο ποτʼ ἰσχία ῥύγχος ἔχοισα.","αὐτᾶς, ἐκνυζεῖτο ποτ’ ἰσχία ῥύγχος ἔχοισα.",tlg0005.tlg001.perseus-grc2.xml
Idylls,tlg001,6,31,ταῦτα δʼ ἴσως ἐσορεῦσα ποεῦντά με πολλάκι πεμψεῖ,ταῦτα δ’ ἴσως ἐσορεῦσα ποεῦντά με πολλάκι πεμψεῖ,tlg0005.tlg001.perseus-grc2.xml
Idylls,tlg001,6,32,"ἄγγελον. αὐτὰρ ἐγὼ κλᾳξῶ θύρας, ἕστέ κʼ ὀμόσσῃ","ἄγγελον. αὐτὰρ ἐγὼ κλᾳξῶ θύρας, ἕστέ κ’ ὀμόσσῃ",tlg0005.tlg001.perseus-grc2.xml
Idylls,tlg001,6,33,αὐτά μοι στορεσεῖν καλὰ δέμνια τᾶσδʼ ἐπὶ νάσω.,αὐτά μοι στορεσεῖν καλὰ δέμνια τᾶσδ’ ἐπὶ νάσω.,tlg0005.tlg001.perseus-grc2.xml
Idylls,tlg001,6,34,"καὶ γάρ θην οὐδʼ εἶδος ἔχω κακόν, ὥς με λέγοντι.","καὶ γάρ θην οὐδ’ εἶδος ἔχω κακόν, ὥς με λέγοντι.",tlg0005.tlg001.perseus-grc2.xml
Idylls,tlg001,6,35,"ἦ γὰρ πρᾶν ἐς πόντον ἐσέβλεπον, ἦς δὲ γαλάνα,","ἦ γὰρ πρᾶν ἐς πόντον ἐσέβλεπον, ἦς δὲ γαλάνα,",tlg0005.tlg001.perseus-grc2.xml
Idylls,tlg001,6,36,"καὶ καλὰ μὲν τὰ γένεια, καλὰ δέ μευ ἁ μία κώρα,","καὶ καλὰ μὲν τὰ γένεια, καλὰ δέ μευ ἁ μία κώρα,",tlg0005.tlg001.perseus-grc2.xml
Idylls,tlg001,6,37,"ὡς παρʼ ἐμὶν κέκριται, κατεφαίνετο, τῶν δέ τʼ ὀδόντων","ὡς παρ’ ἐμὶν κέκριται, κατεφαίνετο, τῶν δέ τ’ ὀδόντων",tlg0005.tlg001.perseus-grc2.xml
Idylls,tlg001,6,38,λευκοτέραν αὐγὰν Παρίας ὑπέφαινε λίθοιο.,λευκοτέραν αὐγὰν Παρίας ὑπέφαινε λίθοιο.,tlg0005.tlg001.perseus-grc2.xml
Idylls,tlg001,6,39,"ὡς μὴ βασκανθῶ δέ, τρὶς εἰς ἐμὸν ἔπτυσα κόλπον·","ὡς μὴ βασκανθῶ δέ, τρὶς εἰς ἐμὸν ἔπτυσα κόλπον·",tlg0005.tlg001.perseus-grc2.xml
Idylls,tlg001,6,40,ταῦτα γὰρ ἁ γραία με Κοτυταρὶς ἐξεδίδαξε.,ταῦτα γὰρ ἁ γραία με Κοτυταρὶς ἐξεδίδαξε.,tlg0005.tlg001.perseus-grc2.xml
Idylls,tlg001,6,41,ἃ πρᾶν ἀμάντεσσι παρʼ Ἱπποκίωνι ποταύλει.,ἃ πρᾶν ἀμάντεσσι παρ’ Ἱπποκίωνι ποταύλει.,tlg0005.tlg001.perseus-grc2.xml
Idylls,tlg001,6,42,"τόσσʼ εἰπὼν τὸν Δάφνιν ὁ Δαμοίτας ἐφίλησε,","τόσσ’ εἰπὼν τὸν Δάφνιν ὁ Δαμοίτας ἐφίλησε,",tlg0005.tlg001.perseus-grc2.xml
Idylls,tlg001,6,43,"χὡ μὲν τῷ σύριγγʼ, ὁ δὲ τῷ καλὸν αὐλὸν ἔδωκεν.","χὡ μὲν τῷ σύριγγ’, ὁ δὲ τῷ καλὸν αὐλὸν ἔδωκεν.",tlg0005.tlg001.perseus-grc2.xml
Idylls,tlg001,6,44,"αὔλει Δαμοίτας, σύρισδε δὲ Δάφνις ὁ βούτας,","αὔλει Δαμοίτας, σύρισδε δὲ Δάφνις ὁ βούτας,",tlg0005.tlg001.perseus-grc2.xml
Idylls,tlg001,6,45,ὠρχεῦντʼ ἐν μαλακᾷ ταὶ πόρτιες αὐτίκα ποίᾳ.,ὠρχεῦντ’ ἐν μαλακᾷ ταὶ πόρτιες αὐτίκα ποίᾳ.,tlg0005.tlg001.perseus-grc2.xml
Idylls,tlg001,6,46,"νίκη μὰν οὐδάλλος, ἀνήσσατοι δʼ ἐγένοντο.","νίκη μὰν οὐδάλλος, ἀνήσσατοι δ’ ἐγένοντο.",tlg0005.tlg001.perseus-grc2.xml
Idylls,tlg001,7,1,Ἦς χρόνος ἁνίκʼ ἐγώ τε καὶ Εὔκριτος ἐς τὸν Ἅλεντα,Ἦς χρόνος ἁνίκ’ ἐγώ τε καὶ Εὔκριτος ἐς τὸν Ἅλεντα,tlg0005.tlg001.perseus-grc2.xml
Idylls,tlg001,7,2,"εἵρπομες ἐκ πόλιος, σὺν καὶ τρίτος ἁμὶν Ἀμύντας·","εἵρπομες ἐκ πόλιος, σὺν καὶ τρίτος ἁμὶν Ἀμύντας·",tlg0005.tlg001.perseus-grc2.xml
Idylls,tlg001,7,3,τᾷ Δηοῖ γὰρ ἔτευχε θαλύσια καὶ Φρασίδαμος,τᾷ Δηοῖ γὰρ ἔτευχε θαλύσια καὶ Φρασίδαμος,tlg0005.tlg001.perseus-grc2.xml
Idylls,tlg001,7,4,"κἀντιγένης, δύο τέκνα Λυκωπέος, εἴ τί περ ἐσθλὸν","κἀντιγένης, δύο τέκνα Λυκωπέος, εἴ τί περ ἐσθλὸν",tlg0005.tlg001.perseus-grc2.xml
Idylls,tlg001,7,5,"χᾳῶν τῶν ἐπάνωθεν, ἀπὸ Κλυτίας τε καὶ αὐτῶ","χᾳῶν τῶν ἐπάνωθεν, ἀπὸ Κλυτίας τε καὶ αὐτῶ",tlg0005.tlg001.perseus-grc2.xml
Idylls,tlg001,7,6,"Χάλκωνος, Βούριναν ὃς ἐκ ποδὸς ἄνυσε κράναν","Χάλκωνος, Βούριναν ὃς ἐκ ποδὸς ἄνυσε κράναν",tlg0005.tlg001.perseus-grc2.xml
Idylls,tlg001,7,7,εὖ ἐνερεισάμενος πέτρᾳ γόνυ· ταὶ δὲ παρʼ αὐτὰν,εὖ ἐνερεισάμενος πέτρᾳ γόνυ· ταὶ δὲ παρ’ αὐτὰν,tlg0005.tlg001.perseus-grc2.xml
Idylls,tlg001,7,8,"αἴγειροι πτελέαι τε ἐύσκιον ἄλσος ὕφαινον,","αἴγειροι πτελέαι τε ἐύσκιον ἄλσος ὕφαινον,",tlg0005.tlg001.perseus-grc2.xml
Idylls,tlg001,7,9,χλωροῖσιν πετάλοισι κατηρεφέες κομόωσαι.,χλωροῖσιν πετάλοισι κατηρεφέες κομόωσαι.,tlg0005.tlg001.perseus-grc2.xml
Idylls,tlg001,7,10,"κοὔπω τὰν μεσάταν ὁδὸν ἄνυμες, οὐδὲ τὸ σᾶμα","κοὔπω τὰν μεσάταν ὁδὸν ἄνυμες, οὐδὲ τὸ σᾶμα",tlg0005.tlg001.perseus-grc2.xml
Idylls,tlg001,7,11,"ἁμὶν τὸ Βρασίλα κατεφαίνετο, καὶ τὸν ὁδίταν","ἁμὶν τὸ Βρασίλα κατεφαίνετο, καὶ τὸν ὁδίταν",tlg0005.tlg001.perseus-grc2.xml
Idylls,tlg001,7,12,"ἐσθλὸν σὺν Μοίσαισι Κυδωνικὸν εὕρομες ἄνδρα,","ἐσθλὸν σὺν Μοίσαισι Κυδωνικὸν εὕρομες ἄνδρα,",tlg0005.tlg001.perseus-grc2.xml
Idylls,tlg001,7,13,"οὔνομα μὲν Λυκίδαν, ἦς δʼ αἰπόλος, οὐδέ κέ τίς νιν","οὔνομα μὲν Λυκίδαν, ἦς δ’ αἰπόλος, οὐδέ κέ τίς νιν",tlg0005.tlg001.perseus-grc2.xml
Idylls,tlg001,7,14,"ἠγνοίησεν ἰδών, ἐπεὶ αἰπόλῳ ἔξοχʼ ἐῴκει.","ἠγνοίησεν ἰδών, ἐπεὶ αἰπόλῳ ἔξοχ’ ἐῴκει.",tlg0005.tlg001.perseus-grc2.xml
Idylls,tlg001,7,15,ἐκ μὲν γὰρ λασίοιο δασύτριχος εἶχε τράγοιο,ἐκ μὲν γὰρ λασίοιο δασύτριχος εἶχε τράγοιο,tlg0005.tlg001.perseus-grc2.xml
Idylls,tlg001,7,16,"κνακὸν δέρμʼ ὤμοισι νέας ταμίσοιο ποτόσδον,","κνακὸν δέρμ’ ὤμοισι νέας ταμίσοιο ποτόσδον,",tlg0005.tlg001.perseus-grc2.xml
Idylls,tlg001,7,17,ἀμφὶ δέ οἱ στήθεσσι γέρων ἐσφίγγετο πέπλος,ἀμφὶ δέ οἱ στήθεσσι γέρων ἐσφίγγετο πέπλος,tlg0005.tlg001.perseus-grc2.xml
Idylls,tlg001,7,18,"ζωστῆρι πλακερῷ, ῥοικὰν δʼ ἔχεν ἀγριελαίω","ζωστῆρι πλακερῷ, ῥοικὰν δ’ ἔχεν ἀγριελαίω",tlg0005.tlg001.perseus-grc2.xml
Idylls,tlg001,7,19,δεξιτερᾷ κορύναν. καί μʼ ἀτρέμας εἶπε σεσαρὼς,δεξιτερᾷ κορύναν. καί μ’ ἀτρέμας εἶπε σεσαρὼς,tlg0005.tlg001.perseus-grc2.xml
Idylls,tlg001,7,20,"ὄμματι μειδιόωντι, γέλως δέ οἱ εἴχετο χείλευς·","ὄμματι μειδιόωντι, γέλως δέ οἱ εἴχετο χείλευς·",tlg0005.tlg001.perseus-grc2.xml
Idylls,tlg001,7,21,"Σιμιχίδα, πᾷ δὴ τὸ μεσαμέριον πόδας ἕλκεις,","Σιμιχίδα, πᾷ δὴ τὸ μεσαμέριον πόδας ἕλκεις,",tlg0005.tlg001.perseus-grc2.xml
Idylls,tlg001,7,22,"ἁνίκα δὴ καὶ σαῦρος ἐν αἱμασιαῖσι καθεύδει,","ἁνίκα δὴ καὶ σαῦρος ἐν αἱμασιαῖσι καθεύδει,",tlg0005.tlg001.perseus-grc2.xml
Idylls,tlg001,7,23,οὐδʼ ἐπιτυμβίδιαι κορυδαλλίδες ἠλαίνοντι;,οὐδ’ ἐπιτυμβίδιαι κορυδαλλίδες ἠλαίνοντι;,tlg0005.tlg001.perseus-grc2.xml
Idylls,tlg001,7,24,ἦ μετὰ δαῖτα κλητὸς ἐπείγεαι; ἤ τινος ἀστῶν,ἦ μετὰ δαῖτα κλητὸς ἐπείγεαι; ἤ τινος ἀστῶν,tlg0005.tlg001.perseus-grc2.xml
Idylls,tlg001,7,25,λανὸν ἔπι θρώσκεις; ὥς τοι ποσὶ νισσομένοιο,λανὸν ἔπι θρώσκεις; ὥς τοι ποσὶ νισσομένοιο,tlg0005.tlg001.perseus-grc2.xml
Idylls,tlg001,7,26,πᾶσα λίθος πταίοισα ποτʼ ἀρβυλίδεσσιν ἀείδει.,πᾶσα λίθος πταίοισα ποτ’ ἀρβυλίδεσσιν ἀείδει.,tlg0005.tlg001.perseus-grc2.xml
Idylls,tlg001,7,27,"τὸν δʼ ἐγὼ ἀμείφθην· Λυκίδα φίλε, φαντί τυ πάντες","τὸν δ’ ἐγὼ ἀμείφθην· Λυκίδα φίλε, φαντί τυ πάντες",tlg0005.tlg001.perseus-grc2.xml
Idylls,tlg001,7,28,συριγκτὰν ἔμεναι μέγʼ ὑπείροχον ἔν τε νομεῦσιν,συριγκτὰν ἔμεναι μέγ’ ὑπείροχον ἔν τε νομεῦσιν,tlg0005.tlg001.perseus-grc2.xml
Idylls,tlg001,7,29,ἔν τʼ ἀμητήρεσσι. τὸ δὴ μάλα θυμὸν ἰαίνει,ἔν τ’ ἀμητήρεσσι. τὸ δὴ μάλα θυμὸν ἰαίνει,tlg0005.tlg001.perseus-grc2.xml
Idylls,tlg001,7,30,ἁμέτερον· καί τοι κατʼ ἐμὸν νόον ἰσοφαρίζειν,ἁμέτερον· καί τοι κατ’ ἐμὸν νόον ἰσοφαρίζειν,tlg0005.tlg001.perseus-grc2.xml
Idylls,tlg001,7,31,ἔλπομαι. ἁ δʼ ὁδὸς ἅδε θαλυσιάς· ἦ γὰρ ἑταῖροι,ἔλπομαι. ἁ δ’ ὁδὸς ἅδε θαλυσιάς· ἦ γὰρ ἑταῖροι,tlg0005.tlg001.perseus-grc2.xml
Idylls,tlg001,7,32,ἀνέρες εὐπέπλῳ Δαμάτερι δαῖτα τελεῦντι,ἀνέρες εὐπέπλῳ Δαμάτερι δαῖτα τελεῦντι,tlg0005.tlg001.perseus-grc2.xml
Idylls,tlg001,7,33,ὄλβω ἀπαρχόμενοι· μάλα γάρ σφισι πίονι μέτρῳ,ὄλβω ἀπαρχόμενοι· μάλα γάρ σφισι πίονι μέτρῳ,tlg0005.tlg001.perseus-grc2.xml
Idylls,tlg001,7,34,ἁ δαίμων εὔκριθον ἀνεπλήρωσεν ἀλωάν.,ἁ δαίμων εὔκριθον ἀνεπλήρωσεν ἀλωάν.,tlg0005.tlg001.perseus-grc2.xml
Idylls,tlg001,7,35,"ἀλλʼ ἄγε δή—ξυνὰ γὰρ ὁδός, ξυνὰ δὲ καὶ ἀώς—","ἀλλ’ ἄγε δή—ξυνὰ γὰρ ὁδός, ξυνὰ δὲ καὶ ἀώς—",tlg0005.tlg001.perseus-grc2.xml
Idylls,tlg001,7,36,βουκολιασδώμεσθα· τάχʼ ὥτερος ἄλλον ὀνασεῖ.,βουκολιασδώμεσθα· τάχ’ ὥτερος ἄλλον ὀνασεῖ.,tlg0005.tlg001.perseus-grc2.xml
Idylls,tlg001,7,37,"καὶ γὰρ ἐγὼ Μοισᾶν καπυρὸν στόμα, κἠμὲ λέγοντι","καὶ γὰρ ἐγὼ Μοισᾶν καπυρὸν στόμα, κἠμὲ λέγοντι",tlg0005.tlg001.perseus-grc2.xml
Idylls,tlg001,7,38,"πάντες ἀοιδὸν ἄριστον· ἐγὼ δέ τις οὐ ταχυπειθής,","πάντες ἀοιδὸν ἄριστον· ἐγὼ δέ τις οὐ ταχυπειθής,",tlg0005.tlg001.perseus-grc2.xml
Idylls,tlg001,7,39,οὐ Δᾶν· οὐ γάρ πω κατʼ ἐμὸν νόον οὔτε τὸν ἐσθλὸν,οὐ Δᾶν· οὐ γάρ πω κατ’ ἐμὸν νόον οὔτε τὸν ἐσθλὸν,tlg0005.tlg001.perseus-grc2.xml
Idylls,tlg001,7,40,Σικελίδαν νίκημι τὸν ἐκ Σάμω οὔτε Φιλητᾶν,Σικελίδαν νίκημι τὸν ἐκ Σάμω οὔτε Φιλητᾶν,tlg0005.tlg001.perseus-grc2.xml
Idylls,tlg001,7,41,"ἀείδων, βάτραχος δὲ ποτʼ ἀκρίδας ὥς τις ἐρίσδω.","ἀείδων, βάτραχος δὲ ποτ’ ἀκρίδας ὥς τις ἐρίσδω.",tlg0005.tlg001.perseus-grc2.xml
Idylls,tlg001,7,42,"ὣς ἐφάμαν ἐπίταδες· ὁ δʼ αἰπόλος ἁδὺ γελάσσας,","ὣς ἐφάμαν ἐπίταδες· ὁ δ’ αἰπόλος ἁδὺ γελάσσας,",tlg0005.tlg001.perseus-grc2.xml
Idylls,tlg001,7,43,"τάν τοι ἔφα κορύναν δωρύττομαι, οὕνεκεν ἐσσὶ","τάν τοι ἔφα κορύναν δωρύττομαι, οὕνεκεν ἐσσὶ",tlg0005.tlg001.perseus-grc2.xml
Idylls,tlg001,7,44,πᾶν ἐπʼ ἀλαθείᾳ πεπλασμένον ἐκ Διὸς ἔρνος.,πᾶν ἐπ’ ἀλαθείᾳ πεπλασμένον ἐκ Διὸς ἔρνος.,tlg0005.tlg001.perseus-grc2.xml
Idylls,tlg001,7,45,"ὥς μοι καὶ τέκτων μέγʼ ἀπέχθεται, ὅστις ἐρευνῇ","ὥς μοι καὶ τέκτων μέγ’ ἀπέχθεται, ὅστις ἐρευνῇ",tlg0005.tlg001.perseus-grc2.xml
Idylls,tlg001,7,46,"ἶσον ὄρευς κορυφᾷ τελέσαι δόμον εὐρυμέδοντος,","ἶσον ὄρευς κορυφᾷ τελέσαι δόμον εὐρυμέδοντος,",tlg0005.tlg001.perseus-grc2.xml
Idylls,tlg001,7,47,"καὶ Μοισᾶν ὄρνιχες, ὅσοι ποτὶ Χῖον ἀοιδὸν","καὶ Μοισᾶν ὄρνιχες, ὅσοι ποτὶ Χῖον ἀοιδὸν",tlg0005.tlg001.perseus-grc2.xml
Idylls,tlg001,7,48,ἀντία κοκκύζοντες ἐτώσια μοχθίζοντι.,ἀντία κοκκύζοντες ἐτώσια μοχθίζοντι.,tlg0005.tlg001.perseus-grc2.xml
Idylls,tlg001,7,49,"ἀλλʼ ἄγε βουκολικᾶς ταχέως ἀρχώμεθʼ ἀοιδᾶς,","ἀλλ’ ἄγε βουκολικᾶς ταχέως ἀρχώμεθ’ ἀοιδᾶς,",tlg0005.tlg001.perseus-grc2.xml
Idylls,tlg001,7,50,"Σιμιχίδα· κἠγὼ μέν—ὅρη φίλος, εἴ τοι ἀρέσκει","Σιμιχίδα· κἠγὼ μέν—ὅρη φίλος, εἴ τοι ἀρέσκει",tlg0005.tlg001.perseus-grc2.xml
Idylls,tlg001,7,51,τοῦθʼ ὅ τι πρᾶν ἐν ὄρει τὸ μελύδριον ἐξεπόνασα.,τοῦθ’ ὅ τι πρᾶν ἐν ὄρει τὸ μελύδριον ἐξεπόνασα.,tlg0005.tlg001.perseus-grc2.xml
Idylls,tlg001,7,52,"ἔσσεται Ἀγεάνακτι καλὸς πλόος ἐς Μυτιλήναν,","ἔσσεται Ἀγεάνακτι καλὸς πλόος ἐς Μυτιλήναν,",tlg0005.tlg001.perseus-grc2.xml
Idylls,tlg001,7,53,χὥταν ἐφʼ ἑσπερίοις ἐρίφοις νότος ὑγρὰ διώκῃ,χὥταν ἐφ’ ἑσπερίοις ἐρίφοις νότος ὑγρὰ διώκῃ,tlg0005.tlg001.perseus-grc2.xml
Idylls,tlg001,7,54,"κύματα, χὡρίων ὅτʼ ἐπʼ ὠκεανῷ πόδας ἴσχῃ,","κύματα, χὡρίων ὅτ’ ἐπ’ ὠκεανῷ πόδας ἴσχῃ,",tlg0005.tlg001.perseus-grc2.xml
Idylls,tlg001,7,55,αἴκεν τὸν Λυκίδαν ὀπτεύμενον ἐξ Ἀφροδίτας,αἴκεν τὸν Λυκίδαν ὀπτεύμενον ἐξ Ἀφροδίτας,tlg0005.tlg001.perseus-grc2.xml
Idylls,tlg001,7,56,ῥύσηται· θερμὸς γὰρ ἔρως αὐτῶ με καταίθει.,ῥύσηται· θερμὸς γὰρ ἔρως αὐτῶ με καταίθει.,tlg0005.tlg001.perseus-grc2.xml
Idylls,tlg001,7,57,χἁλκυόνες στορεσεῦντι τὰ κύματα τάν τε θάλασσαν,χἁλκυόνες στορεσεῦντι τὰ κύματα τάν τε θάλασσαν,tlg0005.tlg001.perseus-grc2.xml
Idylls,tlg001,7,58,"τόν τε νότον τόν τʼ εὖρον, ὃς ἔσχατα φυκία κινεῖ·","τόν τε νότον τόν τ’ εὖρον, ὃς ἔσχατα φυκία κινεῖ·",tlg0005.tlg001.perseus-grc2.xml
Idylls,tlg001,7,59,"ἁλκυόνες, γλαυκαῖς Νηρηίσι ταί τε μάλιστα","ἁλκυόνες, γλαυκαῖς Νηρηίσι ταί τε μάλιστα",tlg0005.tlg001.perseus-grc2.xml
Idylls,tlg001,7,60,"ὀρνίχων ἐφίλαθεν, ὅσαις τέ περ ἐξ ἁλὸς ἄγρα.","ὀρνίχων ἐφίλαθεν, ὅσαις τέ περ ἐξ ἁλὸς ἄγρα.",tlg0005.tlg001.perseus-grc2.xml
Idylls,tlg001,7,61,Ἀγεάνακτι πλόον διζημένῳ ἐς Μυτιλήναν,Ἀγεάνακτι πλόον διζημένῳ ἐς Μυτιλήναν,tlg0005.tlg001.perseus-grc2.xml
Idylls,tlg001,7,62,"ὥρια πάντα γένοιτο, καὶ εὔπλοξν ὅρμον ἵκοιτο.","ὥρια πάντα γένοιτο, καὶ εὔπλοξν ὅρμον ἵκοιτο.",tlg0005.tlg001.perseus-grc2.xml
Idylls,tlg001,7,63,κἠγὼ τῆνο κατʼ ἆμαρ ἀνήτινον ἢ ῥοδόεντα,κἠγὼ τῆνο κατ’ ἆμαρ ἀνήτινον ἢ ῥοδόεντα,tlg0005.tlg001.perseus-grc2.xml
Idylls,tlg001,7,64,ἢ καὶ λευκοΐων στέφανον περὶ κρατὶ φυλάσσων,ἢ καὶ λευκοΐων στέφανον περὶ κρατὶ φυλάσσων,tlg0005.tlg001.perseus-grc2.xml
Idylls,tlg001,7,65,τὸν Πτελεατικὸν οἶνον ἀπὸ κρατῆρος ἀφυξῶ,τὸν Πτελεατικὸν οἶνον ἀπὸ κρατῆρος ἀφυξῶ,tlg0005.tlg001.perseus-grc2.xml
Idylls,tlg001,7,66,"πὰρ πυρὶ κεκλιμένος, κύαμον δέ τις ἐν πυρὶ φρυξεῖ.","πὰρ πυρὶ κεκλιμένος, κύαμον δέ τις ἐν πυρὶ φρυξεῖ.",tlg0005.tlg001.perseus-grc2.xml
Idylls,tlg001,7,67,χἁ στιβὰς ἐσσεῖται πεπυκασμένα ἕστʼ ἐπὶ πᾶχυν,χἁ στιβὰς ἐσσεῖται πεπυκασμένα ἕστ’ ἐπὶ πᾶχυν,tlg0005.tlg001.perseus-grc2.xml
Idylls,tlg001,7,68,κνύζᾳ τʼ ἀσφοδέλῳ τε πολυγνάμπτῳ τε σελίνῳ.,κνύζᾳ τ’ ἀσφοδέλῳ τε πολυγνάμπτῳ τε σελίνῳ.,tlg0005.tlg001.perseus-grc2.xml
Idylls,tlg001,7,69,καὶ πίομαι μαλακῶς μεμνημένος Ἀγεάνακτος,καὶ πίομαι μαλακῶς μεμνημένος Ἀγεάνακτος,tlg0005.tlg001.perseus-grc2.xml
Idylls,tlg001,7,70,αὐταῖσιν κυλίκεσσι καὶ ἐς τρύγα χεῖλος ἐρείδων.,αὐταῖσιν κυλίκεσσι καὶ ἐς τρύγα χεῖλος ἐρείδων.,tlg0005.tlg001.perseus-grc2.xml
Idylls,tlg001,7,71,"αὐλησεῦντι δέ μοι δύο ποιμένες, εἷς μὲν Ἀχαρνεύς,","αὐλησεῦντι δέ μοι δύο ποιμένες, εἷς μὲν Ἀχαρνεύς,",tlg0005.tlg001.perseus-grc2.xml
Idylls,tlg001,7,72,"εἷς δὲ Λυκωπίτας· ὁ δὲ Τίτυρος ἐγγύθεν ᾀσεῖ,","εἷς δὲ Λυκωπίτας· ὁ δὲ Τίτυρος ἐγγύθεν ᾀσεῖ,",tlg0005.tlg001.perseus-grc2.xml
Idylls,tlg001,7,73,"ὥς ποκα τᾶς Ξενέας ἠράσσατο Δάφνις ὁ βούτας,","ὥς ποκα τᾶς Ξενέας ἠράσσατο Δάφνις ὁ βούτας,",tlg0005.tlg001.perseus-grc2.xml
Idylls,tlg001,7,74,"χὡς ὄρος ἀμφʼ ἐπονεῖτο, καὶ ὡς δρύες αὐτὸν ἐθρήνευν,","χὡς ὄρος ἀμφ’ ἐπονεῖτο, καὶ ὡς δρύες αὐτὸν ἐθρήνευν,",tlg0005.tlg001.perseus-grc2.xml
Idylls,tlg001,7,75,"Ἱμέρα αἵτε φύοντι παρʼ ὄχθῃσιν ποταμοῖο,","Ἱμέρα αἵτε φύοντι παρ’ ὄχθῃσιν ποταμοῖο,",tlg0005.tlg001.perseus-grc2.xml
Idylls,tlg001,7,76,εὖτε χιὼν ὥς τις κατετάκετο μακρὸν ὑφʼ Αἷμον,εὖτε χιὼν ὥς τις κατετάκετο μακρὸν ὑφ’ Αἷμον,tlg0005.tlg001.perseus-grc2.xml
Idylls,tlg001,7,77,ἢ Ἄθω ἢ Ῥοδόπαν ἢ Καύκασον ἐσχατόωντα.,ἢ Ἄθω ἢ Ῥοδόπαν ἢ Καύκασον ἐσχατόωντα.,tlg0005.tlg001.perseus-grc2.xml
Idylls,tlg001,7,78,ᾀσεῖ δʼ ὥς ποκʼ ἔδεκτο τὸν αἰπόλον εὐρέα λάρναξ,ᾀσεῖ δ’ ὥς ποκ’ ἔδεκτο τὸν αἰπόλον εὐρέα λάρναξ,tlg0005.tlg001.perseus-grc2.xml
Idylls,tlg001,7,79,"ζωὸν ἐόντα κακαῖσιν ἀτασθαλίαισιν ἄνακτος,","ζωὸν ἐόντα κακαῖσιν ἀτασθαλίαισιν ἄνακτος,",tlg0005.tlg001.perseus-grc2.xml
Idylls,tlg001,7,80,ὥς τέ νιν αἱ σιμαὶ λειμωνόθε φέρβον ἰοῖσαι,ὥς τέ νιν αἱ σιμαὶ λειμωνόθε φέρβον ἰοῖσαι,tlg0005.tlg001.perseus-grc2.xml
Idylls,tlg001,7,81,"κέδρον ἐς ἁδεῖαν μαλακοῖς ἄνθεσσι μέλισσαι,","κέδρον ἐς ἁδεῖαν μαλακοῖς ἄνθεσσι μέλισσαι,",tlg0005.tlg001.perseus-grc2.xml
Idylls,tlg001,7,82,οὕνεκά οἱ γλυκὺ Μοῖσα κατὰ στόματος χέε νέκταρ.,οὕνεκά οἱ γλυκὺ Μοῖσα κατὰ στόματος χέε νέκταρ.,tlg0005.tlg001.perseus-grc2.xml
Idylls,tlg001,7,83,"ὦ μακαριστὲ Κομάτα, τύ θην τάδε τερπνὰ πεπόνθεις,","ὦ μακαριστὲ Κομάτα, τύ θην τάδε τερπνὰ πεπόνθεις,",tlg0005.tlg001.perseus-grc2.xml
Idylls,tlg001,7,84,"καὶ τὺ κατεκλᾴσθης ἐς λάρνακα, καὶ τὺ μελισσᾶν","καὶ τὺ κατεκλᾴσθης ἐς λάρνακα, καὶ τὺ μελισσᾶν",tlg0005.tlg001.perseus-grc2.xml
Idylls,tlg001,7,85,κηρία φερβόμενος ἔτος ὥριον ἐξεπόνασας.,κηρία φερβόμενος ἔτος ὥριον ἐξεπόνασας.,tlg0005.tlg001.perseus-grc2.xml
Idylls,tlg001,7,86,"αἴθʼ ἐπʼ ἐμεῦ ζωοῖς ἐναρίθμιος ὤφελες εἶμεν,","αἴθ’ ἐπ’ ἐμεῦ ζωοῖς ἐναρίθμιος ὤφελες εἶμεν,",tlg0005.tlg001.perseus-grc2.xml
Idylls,tlg001,7,87,ὥς τοι ἐγὼν ἐνόμευον ἀνʼ ὤρεα τὰς καλὰς αἶγας,ὥς τοι ἐγὼν ἐνόμευον ἀν’ ὤρεα τὰς καλὰς αἶγας,tlg0005.tlg001.perseus-grc2.xml
Idylls,tlg001,7,88,"φωνᾶς εἰσαΐων, τὺ δʼ ὑπὸ δρυσὶν ἢ ὑπὸ πεύκαις","φωνᾶς εἰσαΐων, τὺ δ’ ὑπὸ δρυσὶν ἢ ὑπὸ πεύκαις",tlg0005.tlg001.perseus-grc2.xml
Idylls,tlg001,7,89,ἁδὺ μελισδόμενος κατεκέκλισο θεῖε Κομάτα.,ἁδὺ μελισδόμενος κατεκέκλισο θεῖε Κομάτα.,tlg0005.tlg001.perseus-grc2.xml
Idylls,tlg001,7,90,χὡ μὲν τόσσʼ εἰπὼν ἀπεπαύσατο· τὸν δὲ μετʼ αὖθις,χὡ μὲν τόσσ’ εἰπὼν ἀπεπαύσατο· τὸν δὲ μετ’ αὖθις,tlg0005.tlg001.perseus-grc2.xml
Idylls,tlg001,7,91,"κἠγὼ τοῖʼ ἐφάμαν· Λυκίδα φίλε, πολλὰ μὲν ἄλλα","κἠγὼ τοῖ’ ἐφάμαν· Λυκίδα φίλε, πολλὰ μὲν ἄλλα",tlg0005.tlg001.perseus-grc2.xml
Idylls,tlg001,7,92,νύμφαι κἠμὲ δίδαξαν ἀνʼ ὤρεα βουκολέοντα,νύμφαι κἠμὲ δίδαξαν ἀν’ ὤρεα βουκολέοντα,tlg0005.tlg001.perseus-grc2.xml
Idylls,tlg001,7,93,"ἐσθλά, τά που καὶ Ζηνὸς ἐπὶ θρόνον ἄγαγε φάμα·","ἐσθλά, τά που καὶ Ζηνὸς ἐπὶ θρόνον ἄγαγε φάμα·",tlg0005.tlg001.perseus-grc2.xml
Idylls,tlg001,7,94,"ἀλλὰ τόγʼ ἐκ πάντων μέγʼ ὑπείροχον, ᾧ τυ γεραίρειν","ἀλλὰ τόγ’ ἐκ πάντων μέγ’ ὑπείροχον, ᾧ τυ γεραίρειν",tlg0005.tlg001.perseus-grc2.xml
Idylls,tlg001,7,95,"ἀρξεῦμʼ· ἀλλʼ ὑπάκουσον, ἐπεὶ φίλος ἔπλεο Μοίσαις.","ἀρξεῦμ’· ἀλλ’ ὑπάκουσον, ἐπεὶ φίλος ἔπλεο Μοίσαις.",tlg0005.tlg001.perseus-grc2.xml
Idylls,tlg001,7,96,Σιμιχίδᾳ μὲν Ἔρωτες ἐπέπταρον· ἦ γὰρ ὁ δειλὸς,Σιμιχίδᾳ μὲν Ἔρωτες ἐπέπταρον· ἦ γὰρ ὁ δειλὸς,tlg0005.tlg001.perseus-grc2.xml
Idylls,tlg001,7,97,"τόσσον ἐρᾷ Μυρτοῦς, ὅσον εἴαρος αἶγες ἐρᾶντι.","τόσσον ἐρᾷ Μυρτοῦς, ὅσον εἴαρος αἶγες ἐρᾶντι.",tlg0005.tlg001.perseus-grc2.xml
Idylls,tlg001,7,98,ὥρατος δʼ ὁ τὰ πάντα φιλαίτατος ἀνέρι τήνῳ,ὥρατος δ’ ὁ τὰ πάντα φιλαίτατος ἀνέρι τήνῳ,tlg0005.tlg001.perseus-grc2.xml
Idylls,tlg001,7,99,"παιδὸς ὑπὸ σπλάγχνοισιν ἔχει πόθον. οἶδεν Ἄριστις,","παιδὸς ὑπὸ σπλάγχνοισιν ἔχει πόθον. οἶδεν Ἄριστις,",tlg0005.tlg001.perseus-grc2.xml
Idylls,tlg001,7,100,"ἐσθλὸς ἀνήρ, μέγʼ ἄριστος, ὃν οὐδέ κεν αὐτὸς ἀείδειν","ἐσθλὸς ἀνήρ, μέγ’ ἄριστος, ὃν οὐδέ κεν αὐτὸς ἀείδειν",tlg0005.tlg001.perseus-grc2.xml
Idylls,tlg001,7,101,"Φοῖβος σὺν φόρμιγγι παρὰ τριπόδεσσι μεγαίροι,","Φοῖβος σὺν φόρμιγγι παρὰ τριπόδεσσι μεγαίροι,",tlg0005.tlg001.perseus-grc2.xml
Idylls,tlg001,7,102,ὡς ἐκ παιδὸς Ἄρατος ὑπʼ ὀστέον αἴθετʼ ἔρωτι.,ὡς ἐκ παιδὸς Ἄρατος ὑπ’ ὀστέον αἴθετ’ ἔρωτι.,tlg0005.tlg001.perseus-grc2.xml
Idylls,tlg001,7,103,"τόν μοι Πάν, Ὁμόλας ἐρατὸν πέδον ὅστε λέλογχας,","τόν μοι Πάν, Ὁμόλας ἐρατὸν πέδον ὅστε λέλογχας,",tlg0005.tlg001.perseus-grc2.xml
Idylls,tlg001,7,104,"ἄκλητον κείνοιο φίλας ἐς χεῖρας ἐρείσαις,","ἄκλητον κείνοιο φίλας ἐς χεῖρας ἐρείσαις,",tlg0005.tlg001.perseus-grc2.xml
Idylls,tlg001,7,105,εἴτʼ ἐστʼ ἆρα Φιλῖνος ὁ μαλθακὸς εἴτέ τις ἄλλος.,εἴτ’ ἐστ’ ἆρα Φιλῖνος ὁ μαλθακὸς εἴτέ τις ἄλλος.,tlg0005.tlg001.perseus-grc2.xml
Idylls,tlg001,7,106,"κἢν μὲν ταῦτʼ ἔρδῃς ὦ Πὰν φίλε, μή τί τυ παῖδες","κἢν μὲν ταῦτ’ ἔρδῃς ὦ Πὰν φίλε, μή τί τυ παῖδες",tlg0005.tlg001.perseus-grc2.xml
Idylls,tlg001,7,107,Ἀρκαδικοὶ σκίλλαισιν ὑπὸ πλευράς τε καὶ ὤμους,Ἀρκαδικοὶ σκίλλαισιν ὑπὸ πλευράς τε καὶ ὤμους,tlg0005.tlg001.perseus-grc2.xml
Idylls,tlg001,7,108,"τανίκα μαστίσδοιεν, ὅτε κρέα τυτθὰ παρείη·","τανίκα μαστίσδοιεν, ὅτε κρέα τυτθὰ παρείη·",tlg0005.tlg001.perseus-grc2.xml
Idylls,tlg001,7,109,"εἰ δʼ ἄλλως νεύσαις, κατὰ μὲν χρόα πάντʼ ὀνύχεσσι","εἰ δ’ ἄλλως νεύσαις, κατὰ μὲν χρόα πάντ’ ὀνύχεσσι",tlg0005.tlg001.perseus-grc2.xml
Idylls,tlg001,7,110,"δακνόμενος κνάσαιο καὶ ἐν κνίδαισι καθεύδοις,","δακνόμενος κνάσαιο καὶ ἐν κνίδαισι καθεύδοις,",tlg0005.tlg001.perseus-grc2.xml
Idylls,tlg001,7,111,εἴης δʼ Ἠδωνῶν μὲν ἐν ὤρεσι χείματι μέσσῳ,εἴης δ’ Ἠδωνῶν μὲν ἐν ὤρεσι χείματι μέσσῳ,tlg0005.tlg001.perseus-grc2.xml
Idylls,tlg001,7,112,"Ἕβρον πὰρ ποταμὸν τετραμμένος ἐγγύθεν ἄρκτω,","Ἕβρον πὰρ ποταμὸν τετραμμένος ἐγγύθεν ἄρκτω,",tlg0005.tlg001.perseus-grc2.xml
Idylls,tlg001,7,113,ἐν δὲ θέρει πυμάτοισι παρʼ Αἰθιόπεσσι νομεύοις,ἐν δὲ θέρει πυμάτοισι παρ’ Αἰθιόπεσσι νομεύοις,tlg0005.tlg001.perseus-grc2.xml
Idylls,tlg001,7,114,"πέτρᾳ ὕπο Βλεμύων, ὅθεν οὐκέτι Νεῖλος ὁρατός.","πέτρᾳ ὕπο Βλεμύων, ὅθεν οὐκέτι Νεῖλος ὁρατός.",tlg0005.tlg001.perseus-grc2.xml
Idylls,tlg001,7,115,ὔμμες δʼ Ὑετίδος καὶ Βυβλίδος ἁδὺ λιπόντες,ὔμμες δ’ Ὑετίδος καὶ Βυβλίδος ἁδὺ λιπόντες,tlg0005.tlg001.perseus-grc2.xml
Idylls,tlg001,7,116,"νᾶμα καὶ Οἰκεῦντα, ξανθᾶς ἕδος αἰπὺ Διώνας,","νᾶμα καὶ Οἰκεῦντα, ξανθᾶς ἕδος αἰπὺ Διώνας,",tlg0005.tlg001.perseus-grc2.xml
Idylls,tlg001,7,117,"ὦ μάλοισιν Ἔρωτες ἐρευθομένοισιν ὁμοῖοι,","ὦ μάλοισιν Ἔρωτες ἐρευθομένοισιν ὁμοῖοι,",tlg0005.tlg001.perseus-grc2.xml
Idylls,tlg001,7,118,"βάλλετέ μοι τόξοισι τὸν ἱμερόεντα Φιλῖνον,","βάλλετέ μοι τόξοισι τὸν ἱμερόεντα Φιλῖνον,",tlg0005.tlg001.perseus-grc2.xml
Idylls,tlg001,7,119,"βάλλετʼ, ἐπεὶ τὸν ξεῖνον ὁ δύσμορος οὐκ ἐλεεῖ μευ.","βάλλετ’, ἐπεὶ τὸν ξεῖνον ὁ δύσμορος οὐκ ἐλεεῖ μευ.",tlg0005.tlg001.perseus-grc2.xml
Idylls,tlg001,7,120,"καὶ δὴ μὰν ἀπίοιο πεπαίτερος, αἱ δὲ γυναῖκες","καὶ δὴ μὰν ἀπίοιο πεπαίτερος, αἱ δὲ γυναῖκες",tlg0005.tlg001.perseus-grc2.xml
Idylls,tlg001,7,121,"αἰαῖ φαντὶ Φιλῖνε, τό τοι καλὸν ἄνθος ἀπορρεῖ.","αἰαῖ φαντὶ Φιλῖνε, τό τοι καλὸν ἄνθος ἀπορρεῖ.",tlg0005.tlg001.perseus-grc2.xml
Idylls,tlg001,7,122,"μηκέτι τοι φρουρέωμες ἐπὶ προθύροισιν Ἄρατε,","μηκέτι τοι φρουρέωμες ἐπὶ προθύροισιν Ἄρατε,",tlg0005.tlg001.perseus-grc2.xml
Idylls,tlg001,7,123,μηδὲ πόδας τρίβωμες· ὁ δʼ ὄρθριος ἄλλον ἀλέκτωρ,μηδὲ πόδας τρίβωμες· ὁ δ’ ὄρθριος ἄλλον ἀλέκτωρ,tlg0005.tlg001.perseus-grc2.xml
Idylls,tlg001,7,124,"κοκκύζων νάρκαισιν ἀνιαραῖσι διδοίη,","κοκκύζων νάρκαισιν ἀνιαραῖσι διδοίη,",tlg0005.tlg001.perseus-grc2.xml
Idylls,tlg001,7,125,"εἷς δʼ ἀπὸ τᾶσδε φέριστε Μόλων ἄγχοιτο παλαίστρας,","εἷς δ’ ἀπὸ τᾶσδε φέριστε Μόλων ἄγχοιτο παλαίστρας,",tlg0005.tlg001.perseus-grc2.xml
Idylls,tlg001,7,126,"ἄμμιν δʼ ἁσυχία τε μέλοι γραία τε παρείη,","ἄμμιν δ’ ἁσυχία τε μέλοι γραία τε παρείη,",tlg0005.tlg001.perseus-grc2.xml
Idylls,tlg001,7,127,ἅτις ἐπιφθύζοισα τὰ μὴ καλὰ νόσφιν ἐρύκοι.,ἅτις ἐπιφθύζοισα τὰ μὴ καλὰ νόσφιν ἐρύκοι.,tlg0005.tlg001.perseus-grc2.xml
Idylls,tlg001,7,128,"τόσσʼ ἐφάμαν· ὁ δέ μοι τὸ λαγωβόλον, ἁδὺ γελάσσας","τόσσ’ ἐφάμαν· ὁ δέ μοι τὸ λαγωβόλον, ἁδὺ γελάσσας",tlg0005.tlg001.perseus-grc2.xml
Idylls,tlg001,7,129,"ὡς πάρος, ἐκ Μοισᾶν ξεινήιον ὤπασεν εἶμεν.","ὡς πάρος, ἐκ Μοισᾶν ξεινήιον ὤπασεν εἶμεν.",tlg0005.tlg001.perseus-grc2.xml
Idylls,tlg001,7,130,χὡ μὲν ἀποκλίνας ἐπʼ ἀριστερὰ τὰν ἐπὶ Πύξας,χὡ μὲν ἀποκλίνας ἐπ’ ἀριστερὰ τὰν ἐπὶ Πύξας,tlg0005.tlg001.perseus-grc2.xml
Idylls,tlg001,7,131,"εἷρφʼ ὁδόν, αὐτὰρ ἐγώ τε καὶ Εὔκριτος ἐς Φρασιδάυω","εἷρφ’ ὁδόν, αὐτὰρ ἐγώ τε καὶ Εὔκριτος ἐς Φρασιδάυω",tlg0005.tlg001.perseus-grc2.xml
Idylls,tlg001,7,132,στραφθέντες χὡ καλὸς Ἀμύντιχος ἔν τε βαθείαις,στραφθέντες χὡ καλὸς Ἀμύντιχος ἔν τε βαθείαις,tlg0005.tlg001.perseus-grc2.xml
Idylls,tlg001,7,133,ἁδείας σχοίνοιο χαμευνίσιν ἐκλίνθημες,ἁδείας σχοίνοιο χαμευνίσιν ἐκλίνθημες,tlg0005.tlg001.perseus-grc2.xml
Idylls,tlg001,7,134,ἔν τε νεοτμάτοισι γεγαθότες οἰναρέοισι.,ἔν τε νεοτμάτοισι γεγαθότες οἰναρέοισι.,tlg0005.tlg001.perseus-grc2.xml
Idylls,tlg001,7,135,πολλαὶ δʼ ἁμὶν ὕπερθε κατὰ κρατὸς δονέοντο,πολλαὶ δ’ ἁμὶν ὕπερθε κατὰ κρατὸς δονέοντο,tlg0005.tlg001.perseus-grc2.xml
Idylls,tlg001,7,136,αἴγειροι πτελέαι τε· τὸ δʼ ἐγγύθεν ἱερὸν ὕδωρ,αἴγειροι πτελέαι τε· τὸ δ’ ἐγγύθεν ἱερὸν ὕδωρ,tlg0005.tlg001.perseus-grc2.xml
Idylls,tlg001,7,137,Νυμφᾶν ἐξ ἄντροιο κατειβόμενον κελάρυζε.,Νυμφᾶν ἐξ ἄντροιο κατειβόμενον κελάρυζε.,tlg0005.tlg001.perseus-grc2.xml
Idylls,tlg001,7,138,τοὶ δὲ ποτὶ σκιαραῖς ὀροδαμνίσιν αἰθαλίωνες,τοὶ δὲ ποτὶ σκιαραῖς ὀροδαμνίσιν αἰθαλίωνες,tlg0005.tlg001.perseus-grc2.xml
Idylls,tlg001,7,139,τέττιγες λαλαγεῦντες ἔχον πόνον· ἁ δʼ ὀλολυγὼν,τέττιγες λαλαγεῦντες ἔχον πόνον· ἁ δ’ ὀλολυγὼν,tlg0005.tlg001.perseus-grc2.xml
Idylls,tlg001,7,140,τηλόθεν ἐν πυκιναῖσι βάτων τρύζεσκεν ἀκάνθαις.,τηλόθεν ἐν πυκιναῖσι βάτων τρύζεσκεν ἀκάνθαις.,tlg0005.tlg001.perseus-grc2.xml
Idylls,tlg001,7,141,"ἄειδον κόρυδοι καὶ ἀκανθίδες, ἔστενε τρυγών,","ἄειδον κόρυδοι καὶ ἀκανθίδες, ἔστενε τρυγών,",tlg0005.tlg001.perseus-grc2.xml
Idylls,tlg001,7,142,πωτῶντο ξουθαὶ περὶ πίδακας ἀμφὶ μέλισσαι.,πωτῶντο ξουθαὶ περὶ πίδακας ἀμφὶ μέλισσαι.,tlg0005.tlg001.perseus-grc2.xml
Idylls,tlg001,7,143,"πάντʼ ὦσδεν θέρεος μάλα πίονος, ὦσδε δʼ ὀπώρας.","πάντ’ ὦσδεν θέρεος μάλα πίονος, ὦσδε δ’ ὀπώρας.",tlg0005.tlg001.perseus-grc2.xml
Idylls,tlg001,7,144,"ὄχναι μὲν πὰρ ποσσί, παρὰ πλευραῖσι δὲ μᾶλα","ὄχναι μὲν πὰρ ποσσί, παρὰ πλευραῖσι δὲ μᾶλα",tlg0005.tlg001.perseus-grc2.xml
Idylls,tlg001,7,145,δαψιλέως ἁμῖν ἐκυλίνδετο· τοὶ δʼ ἐκέχυντο,δαψιλέως ἁμῖν ἐκυλίνδετο· τοὶ δ’ ἐκέχυντο,tlg0005.tlg001.perseus-grc2.xml
Idylls,tlg001,7,146,ὄρπακες βραβίλοισι καταβρίθοντες ἔραζε·,ὄρπακες βραβίλοισι καταβρίθοντες ἔραζε·,tlg0005.tlg001.perseus-grc2.xml
Idylls,tlg001,7,147,τετράενες δὲ πίθων ἀπελύετο κρατὸς ἄλειφαρ.,τετράενες δὲ πίθων ἀπελύετο κρατὸς ἄλειφαρ.,tlg0005.tlg001.perseus-grc2.xml
Idylls,tlg001,7,148,"νύμφαι Κασταλίδες Παρνάσιον αἶπος ἔχοισαι,","νύμφαι Κασταλίδες Παρνάσιον αἶπος ἔχοισαι,",tlg0005.tlg001.perseus-grc2.xml
Idylls,tlg001,7,149,ἆρά γέ πᾳ τοιόνδε Φόλω κατὰ λάινον ἄντρον,ἆρά γέ πᾳ τοιόνδε Φόλω κατὰ λάινον ἄντρον,tlg0005.tlg001.perseus-grc2.xml
Idylls,tlg001,7,150,κρατῆρʼ Ἡρακλῆι γέρων ἐστήσατο Χείρων;,κρατῆρ’ Ἡρακλῆι γέρων ἐστήσατο Χείρων;,tlg0005.tlg001.perseus-grc2.xml
Idylls,tlg001,7,151,"ἆρά γέ πᾳ τῆνον τὸν ποιμένα τὸν ποτʼ Ἀνάπῳ,","ἆρά γέ πᾳ τῆνον τὸν ποιμένα τὸν ποτ’ Ἀνάπῳ,",tlg0005.tlg001.perseus-grc2.xml
Idylls,tlg001,7,152,"τὸν κρατερὸν Πολύφαμον, ὃς ὤρεσι νᾶας ἔβαλλε,","τὸν κρατερὸν Πολύφαμον, ὃς ὤρεσι νᾶας ἔβαλλε,",tlg0005.tlg001.perseus-grc2.xml
Idylls,tlg001,7,153,"τοῖον νέκταρ ἔπεισε κατʼ αὐλία ποσσὶ χορεῦσαι,","τοῖον νέκταρ ἔπεισε κατ’ αὐλία ποσσὶ χορεῦσαι,",tlg0005.tlg001.perseus-grc2.xml
Idylls,tlg001,7,154,οἷον δὴ τόκα πῶμα διεκρανάσατε Νύμφαι,οἷον δὴ τόκα πῶμα διεκρανάσατε Νύμφαι,tlg0005.tlg001.perseus-grc2.xml
Idylls,tlg001,7,155,βωμῷ πὰρ Δάματρος ἀλῳάδος; ἇς ἐπὶ σωρῷ,βωμῷ πὰρ Δάματρος ἀλῳάδος; ἇς ἐπὶ σωρῷ,tlg0005.tlg001.perseus-grc2.xml
Idylls,tlg001,7,156,"αὖθις ἐγὼ πάξαιμι μέγα πτύον, ἁ δὲ γελάσσαι","αὖθις ἐγὼ πάξαιμι μέγα πτύον, ἁ δὲ γελάσσαι",tlg0005.tlg001.perseus-grc2.xml
Idylls,tlg001,7,157,δράγματα καὶ μάκωνας ἐν ἀμφοτέραισιν ἔχοισα.,δράγματα καὶ μάκωνας ἐν ἀμφοτέραισιν ἔχοισα.,tlg0005.tlg001.perseus-grc2.xml
Idylls,tlg001,8,1,Δάφνιδι τῷ χαρίεντι συνήντετο βουκολέοντι,Δάφνιδι τῷ χαρίεντι συνήντετο βουκολέοντι,tlg0005.tlg001.perseus-grc2.xml
Idylls,tlg001,8,2,"μᾶλα νέμων, ὡς φαντί, κατʼ ὤρεα μακρὰ Μενάλκας.","μᾶλα νέμων, ὡς φαντί, κατ’ ὤρεα μακρὰ Μενάλκας.",tlg0005.tlg001.perseus-grc2.xml
Idylls,tlg001,8,3,"ἄμφω τώγʼ ἤστην πυρροτρίχω, ἄμφω ἀνάβω,","ἄμφω τώγ’ ἤστην πυρροτρίχω, ἄμφω ἀνάβω,",tlg0005.tlg001.perseus-grc2.xml
Idylls,tlg001,8,4,"ἄμφω συρίσδεν δεδαημένω, ἄμφω ἀείδεν.","ἄμφω συρίσδεν δεδαημένω, ἄμφω ἀείδεν.",tlg0005.tlg001.perseus-grc2.xml
Idylls,tlg001,8,5,πρᾶτος δʼ ὦν ποτὶ Δάφνιν ἰδὼν ἀγόρευε Μενάλκας·,πρᾶτος δ’ ὦν ποτὶ Δάφνιν ἰδὼν ἀγόρευε Μενάλκας·,tlg0005.tlg001.perseus-grc2.xml
Idylls,tlg001,8,6,"μυκητᾶν ἐπίουρε βοῶν Δάφνι, λῇς μοι ἀεῖσαι;","μυκητᾶν ἐπίουρε βοῶν Δάφνι, λῇς μοι ἀεῖσαι;",tlg0005.tlg001.perseus-grc2.xml
Idylls,tlg001,8,7,"φαμί τυ νικασεῖν, ὅσσον θέλω αὐτὸς ἀείδων.","φαμί τυ νικασεῖν, ὅσσον θέλω αὐτὸς ἀείδων.",tlg0005.tlg001.perseus-grc2.xml
Idylls,tlg001,8,8,τὸν δʼ ἄρα χὡ Δάφνις τοιῷδʼ ἀπαμείβετο μύθῳ·,τὸν δ’ ἄρα χὡ Δάφνις τοιῷδ’ ἀπαμείβετο μύθῳ·,tlg0005.tlg001.perseus-grc2.xml
Idylls,tlg001,8,9,"ποιμὴν εἰροπόκων ὀίων συριγκτὰ Μενάλκα,","ποιμὴν εἰροπόκων ὀίων συριγκτὰ Μενάλκα,",tlg0005.tlg001.perseus-grc2.xml
Idylls,tlg001,8,10,"οὔποτε νικασεῖς μʼ, οὐδʼ εἴ τι πάθοις τύγʼ ἀείδων.","οὔποτε νικασεῖς μ’, οὐδ’ εἴ τι πάθοις τύγ’ ἀείδων.",tlg0005.tlg001.perseus-grc2.xml
Idylls,tlg001,8,11,χρῄσδεις ὧν ἐσιδεῖν; χρῄσδεις καταθεῖναι ἄεθλον;,χρῄσδεις ὧν ἐσιδεῖν; χρῄσδεις καταθεῖναι ἄεθλον;,tlg0005.tlg001.perseus-grc2.xml
Idylls,tlg001,8,12,"χρῄσδω τοῦτʼ ἐσιδεῖν, χρῄσδω καταθεῖναι ἄεθλον.","χρῄσδω τοῦτ’ ἐσιδεῖν, χρῄσδω καταθεῖναι ἄεθλον.",tlg0005.tlg001.perseus-grc2.xml
Idylls,tlg001,8,13,"καὶ τίνα θησεύμεσθʼ, ὅτις ἁμῖν ἄρκιος εἴη;","καὶ τίνα θησεύμεσθ’, ὅτις ἁμῖν ἄρκιος εἴη;",tlg0005.tlg001.perseus-grc2.xml
Idylls,tlg001,8,14,μόσχον ἐγὼ θησῶ· τὺ δὲ θὲς ἰσομάτορα ἀμνόν.,μόσχον ἐγὼ θησῶ· τὺ δὲ θὲς ἰσομάτορα ἀμνόν.,tlg0005.tlg001.perseus-grc2.xml
Idylls,tlg001,8,15,"οὐ θησῶ ποκα ἀμνόν, ἐπεὶ χαλεπὸς ὁ πατήρ μευ","οὐ θησῶ ποκα ἀμνόν, ἐπεὶ χαλεπὸς ὁ πατήρ μευ",tlg0005.tlg001.perseus-grc2.xml
Idylls,tlg001,8,16,"χἁ μάτηρ, τὰ δὲ μᾶλα ποθέσπερα πάντʼ ἀριθμεῦντι.","χἁ μάτηρ, τὰ δὲ μᾶλα ποθέσπερα πάντ’ ἀριθμεῦντι.",tlg0005.tlg001.perseus-grc2.xml
Idylls,tlg001,8,17,ἀλλὰ τί μὰν θησεῖς; τί δὲ τὸ πλέον ἑξεῖ ὁ νικῶν;,ἀλλὰ τί μὰν θησεῖς; τί δὲ τὸ πλέον ἑξεῖ ὁ νικῶν;,tlg0005.tlg001.perseus-grc2.xml
Idylls,tlg001,8,18,"σύριγγʼ ἃν ἐπόησα καλὰν ἐγὼ ἐννεάφωνον,","σύριγγ’ ἃν ἐπόησα καλὰν ἐγὼ ἐννεάφωνον,",tlg0005.tlg001.perseus-grc2.xml
Idylls,tlg001,8,19,"λευκὸν κηρὸν ἔχοισαν, ἴσον κάτω, ἶσον ἄνωθεν,","λευκὸν κηρὸν ἔχοισαν, ἴσον κάτω, ἶσον ἄνωθεν,",tlg0005.tlg001.perseus-grc2.xml
Idylls,tlg001,8,20,"ταύταν κατθείην, τὰ δὲ τῶ πατρὸς οὐ καταθησῶ.","ταύταν κατθείην, τὰ δὲ τῶ πατρὸς οὐ καταθησῶ.",tlg0005.tlg001.perseus-grc2.xml
Idylls,tlg001,8,21,ἦ μάν τοι κἠγὼ σύριγγʼ ἔχω ἐννεάφωνον.,ἦ μάν τοι κἠγὼ σύριγγ’ ἔχω ἐννεάφωνον.,tlg0005.tlg001.perseus-grc2.xml
Idylls,tlg001,8,22,"λευκὸν κηρὸν ἔχοισαν, ἴσον κάτω, ἶσον ἄνωθεν.","λευκὸν κηρὸν ἔχοισαν, ἴσον κάτω, ἶσον ἄνωθεν.",tlg0005.tlg001.perseus-grc2.xml
Idylls,tlg001,8,23,πρώαν νιν συνέπαξʼ· ἔτι καὶ τὸν δάκτυλον ἀλγέω,πρώαν νιν συνέπαξ’· ἔτι καὶ τὸν δάκτυλον ἀλγέω,tlg0005.tlg001.perseus-grc2.xml
Idylls,tlg001,8,24,"τοῦτον, ἐπεὶ κάλαμός με διασχισθεὶς διέτμαξεν.","τοῦτον, ἐπεὶ κάλαμός με διασχισθεὶς διέτμαξεν.",tlg0005.tlg001.perseus-grc2.xml
Idylls,tlg001,8,25,ἀλλὰ τίς ἄμμε κρινεῖ; τίς ἐπάκοος ἔσσεται ἁμέων;,ἀλλὰ τίς ἄμμε κρινεῖ; τίς ἐπάκοος ἔσσεται ἁμέων;,tlg0005.tlg001.perseus-grc2.xml
Idylls,tlg001,8,26,τῆνον πῶς ἐνταῦθα τὸν αἰπόλον ἢν καλέσωμες;,τῆνον πῶς ἐνταῦθα τὸν αἰπόλον ἢν καλέσωμες;,tlg0005.tlg001.perseus-grc2.xml
Idylls,tlg001,8,27,ᾧ ποτὶ ταῖς ἐρίφοις ὁ κύων ὁ φάλαρος ὑλακτεῖ.,ᾧ ποτὶ ταῖς ἐρίφοις ὁ κύων ὁ φάλαρος ὑλακτεῖ.,tlg0005.tlg001.perseus-grc2.xml
Idylls,tlg001,8,28,"χοἱ μὲν παῖδες ἄυσαν, ὁ δʼ αἰπόλος ἦνθʼ ἐπακοῦσαι.","χοἱ μὲν παῖδες ἄυσαν, ὁ δ’ αἰπόλος ἦνθ’ ἐπακοῦσαι.",tlg0005.tlg001.perseus-grc2.xml
Idylls,tlg001,8,29,"χοἱ μὲν παῖδες ἄειδον, ὁ δʼ αἰπόλος ἤθελε κρίνειν.","χοἱ μὲν παῖδες ἄειδον, ὁ δ’ αἰπόλος ἤθελε κρίνειν.",tlg0005.tlg001.perseus-grc2.xml
Idylls,tlg001,8,30,"πρᾶτος δʼ ὦν ἄειδε λαχὼν ἰυκτὰ Μενάλκας,","πρᾶτος δ’ ὦν ἄειδε λαχὼν ἰυκτὰ Μενάλκας,",tlg0005.tlg001.perseus-grc2.xml
Idylls,tlg001,8,31,εἶτα δʼ ἀμοιβαίαν ὑπελάμβανε Δάφνις ἀοιδάν.,εἶτα δ’ ἀμοιβαίαν ὑπελάμβανε Δάφνις ἀοιδάν.,tlg0005.tlg001.perseus-grc2.xml
Idylls,tlg001,8,32,βουκολικάν· οὕτω δὲ Μενάλκας ἄρξατο πρᾶτος.,βουκολικάν· οὕτω δὲ Μενάλκας ἄρξατο πρᾶτος.,tlg0005.tlg001.perseus-grc2.xml
Idylls,tlg001,8,33,"Ἄγκεα καὶ ποταμοί, θεῖον γένος, αἴ τι Μενάλκας","Ἄγκεα καὶ ποταμοί, θεῖον γένος, αἴ τι Μενάλκας",tlg0005.tlg001.perseus-grc2.xml
Idylls,tlg001,8,34,"πήποχʼ ὁ συριγκτὰς προσφιλὲς ᾆσε μέλος,","πήποχ’ ὁ συριγκτὰς προσφιλὲς ᾆσε μέλος,",tlg0005.tlg001.perseus-grc2.xml
Idylls,tlg001,8,35,βόσκοιτʼ ἐκ ψυχᾶς τὰς ἀμνάδας· ἢν δέ ποκʼ ἔνθῃ,βόσκοιτ’ ἐκ ψυχᾶς τὰς ἀμνάδας· ἢν δέ ποκ’ ἔνθῃ,tlg0005.tlg001.perseus-grc2.xml
Idylls,tlg001,8,36,"Δάφνις ἔχων δαμάλας, μηδὲν ἔλασσον ἔχοι.","Δάφνις ἔχων δαμάλας, μηδὲν ἔλασσον ἔχοι.",tlg0005.tlg001.perseus-grc2.xml
Idylls,tlg001,8,37,"κρᾶναι καὶ βοτάναι, γλυκερὸν φυτόν, αἴπερ ὁμοῖον","κρᾶναι καὶ βοτάναι, γλυκερὸν φυτόν, αἴπερ ὁμοῖον",tlg0005.tlg001.perseus-grc2.xml
Idylls,tlg001,8,38,"μουσίσδει Δάφνις ταῖσιν ἀηδονίσι,","μουσίσδει Δάφνις ταῖσιν ἀηδονίσι,",tlg0005.tlg001.perseus-grc2.xml
Idylls,tlg001,8,39,τοῦτο τὸ βουκόλιον πιαίνετε· κἤν τι Μενάλκας,τοῦτο τὸ βουκόλιον πιαίνετε· κἤν τι Μενάλκας,tlg0005.tlg001.perseus-grc2.xml
Idylls,tlg001,8,40,"τεῖδʼ ἀγάγῃ, χαίρων ἄφθονα πάντα νέμοι.","τεῖδ’ ἀγάγῃ, χαίρων ἄφθονα πάντα νέμοι.",tlg0005.tlg001.perseus-grc2.xml
Idylls,tlg001,8,41,"ἔνθʼ ὄις, ἔνθʼ αἶγες διδυματόκοι, ἔνθα μέλισσαι","ἔνθ’ ὄις, ἔνθ’ αἶγες διδυματόκοι, ἔνθα μέλισσαι",tlg0005.tlg001.perseus-grc2.xml
Idylls,tlg001,8,42,"σμήνεα πληροῦσιν, καὶ δρύες ὑψίτεραι,","σμήνεα πληροῦσιν, καὶ δρύες ὑψίτεραι,",tlg0005.tlg001.perseus-grc2.xml
Idylls,tlg001,8,43,"ἔνθʼ ὁ καλὸς Μίλων βαίνει ποσίν· αἰ δʼ ἂν ἀφέρπῃ,","ἔνθ’ ὁ καλὸς Μίλων βαίνει ποσίν· αἰ δ’ ἂν ἀφέρπῃ,",tlg0005.tlg001.perseus-grc2.xml
Idylls,tlg001,8,44,χὡ ποιμὴν ξηρὸς τηνόθι χαἱ βοτάναι.,χὡ ποιμὴν ξηρὸς τηνόθι χαἱ βοτάναι.,tlg0005.tlg001.perseus-grc2.xml
Idylls,tlg001,8,45,"παντᾷ ἔαρ, παντᾷ δὲ νομοί, παντᾷ δὲ γάλακτος","παντᾷ ἔαρ, παντᾷ δὲ νομοί, παντᾷ δὲ γάλακτος",tlg0005.tlg001.perseus-grc2.xml
Idylls,tlg001,8,46,"οὔθατα πλήθουσιν, καὶ τὰ νέα τρέφεται,","οὔθατα πλήθουσιν, καὶ τὰ νέα τρέφεται,",tlg0005.tlg001.perseus-grc2.xml
Idylls,tlg001,8,47,"ἐνθʼ ἁ καλὰ παῖς ἐπινίσσεται· αἰ δʼ ἂν ἀφέρπῃ,","ἐνθ’ ἁ καλὰ παῖς ἐπινίσσεται· αἰ δ’ ἂν ἀφέρπῃ,",tlg0005.tlg001.perseus-grc2.xml
Idylls,tlg001,8,48,χὡ τὰς βῶς βόσκὡν χαἱ βόες αὐότεραι.,χὡ τὰς βῶς βόσκὡν χαἱ βόες αὐότεραι.,tlg0005.tlg001.perseus-grc2.xml
Idylls,tlg001,8,49,"ὦ τράγε, τᾶν λευκᾶν αἰγῶν ἄνερ, ὧ βάθος ὕλας","ὦ τράγε, τᾶν λευκᾶν αἰγῶν ἄνερ, ὧ βάθος ὕλας",tlg0005.tlg001.perseus-grc2.xml
Idylls,tlg001,8,50,"μυρίον, ὦ σιμαὶ δεῦτʼ ἐφʼ ὕδωρ ἔριφοι·","μυρίον, ὦ σιμαὶ δεῦτ’ ἐφ’ ὕδωρ ἔριφοι·",tlg0005.tlg001.perseus-grc2.xml
Idylls,tlg001,8,51,"ἐν τήνῳ γὰρ τῆνος· ἴθʼ ὦ κόλε καὶ λέγε· Μίλων,","ἐν τήνῳ γὰρ τῆνος· ἴθ’ ὦ κόλε καὶ λέγε· Μίλων,",tlg0005.tlg001.perseus-grc2.xml
Idylls,tlg001,8,52,ὁ Πρωτεὺς φώκας καὶ θεὸς ὢν ἔνεμε.,ὁ Πρωτεὺς φώκας καὶ θεὸς ὢν ἔνεμε.,tlg0005.tlg001.perseus-grc2.xml
Idylls,tlg001,8,53,"μή μοι γᾶν Πέλοπος, μή μοι χρύσεια τάλαντα","μή μοι γᾶν Πέλοπος, μή μοι χρύσεια τάλαντα",tlg0005.tlg001.perseus-grc2.xml
Idylls,tlg001,8,54,"εἴη ἔχειν, μηδὲ πρόσθε θέειν ἀνέμων·","εἴη ἔχειν, μηδὲ πρόσθε θέειν ἀνέμων·",tlg0005.tlg001.perseus-grc2.xml
Idylls,tlg001,8,55,"ἀλλʼ ὑπὸ τᾷ πέτρᾳ τᾷδʼ ᾁσομαι, ἀγκὰς ἔχων τυ,","ἀλλ’ ὑπὸ τᾷ πέτρᾳ τᾷδ’ ᾁσομαι, ἀγκὰς ἔχων τυ,",tlg0005.tlg001.perseus-grc2.xml
Idylls,tlg001,8,56,"σύννομα μᾶλʼ ἐσορῶν, τὰν Σικελὰν ἐς ἅλα.","σύννομα μᾶλ’ ἐσορῶν, τὰν Σικελὰν ἐς ἅλα.",tlg0005.tlg001.perseus-grc2.xml
Idylls,tlg001,8,57,"δένδρεσι μὲν χειμὼν φοβερὸν κακόν, ὕδασι δʼ αὐχμός,","δένδρεσι μὲν χειμὼν φοβερὸν κακόν, ὕδασι δ’ αὐχμός,",tlg0005.tlg001.perseus-grc2.xml
Idylls,tlg001,8,58,"ὄρνισιν δʼ ὕσπλαγξ, ἀγροτέροις δὲ λίνα,","ὄρνισιν δ’ ὕσπλαγξ, ἀγροτέροις δὲ λίνα,",tlg0005.tlg001.perseus-grc2.xml
Idylls,tlg001,8,59,"ἀνδρὶ δὲ παρθενικᾶς ἁπαλᾶς πόθος. ὦ πάτερ ὦ Ζεῦ,","ἀνδρὶ δὲ παρθενικᾶς ἁπαλᾶς πόθος. ὦ πάτερ ὦ Ζεῦ,",tlg0005.tlg001.perseus-grc2.xml
Idylls,tlg001,8,60,οὐ μόνος ἠράσθην· καὶ τὺ γυναικοφίλας.,οὐ μόνος ἠράσθην· καὶ τὺ γυναικοφίλας.,tlg0005.tlg001.perseus-grc2.xml
Idylls,tlg001,8,61,ταῦτα μὲν ὦν διʼ ἀμοιβαίων οἱ παῖδες ἄεισαν·,ταῦτα μὲν ὦν δι’ ἀμοιβαίων οἱ παῖδες ἄεισαν·,tlg0005.tlg001.perseus-grc2.xml
Idylls,tlg001,8,62,τὰν πυμάταν δʼ ᾠδὰν οὑτῶς ἐξᾶρχε Μενάλκας.,τὰν πυμάταν δ’ ᾠδὰν οὑτῶς ἐξᾶρχε Μενάλκας.,tlg0005.tlg001.perseus-grc2.xml
Idylls,tlg001,8,63,"Φεἰδευ τᾶν ἐρίφων, φείδευ λύκε τᾶν τοκάδων μευ,","Φεἰδευ τᾶν ἐρίφων, φείδευ λύκε τᾶν τοκάδων μευ,",tlg0005.tlg001.perseus-grc2.xml
Idylls,tlg001,8,64,"μηδʼ ἀδίκει μʼ, ὅτι μικκὸς ἐὼν πολλαῖσιν ὁμαρτέω.","μηδ’ ἀδίκει μ’, ὅτι μικκὸς ἐὼν πολλαῖσιν ὁμαρτέω.",tlg0005.tlg001.perseus-grc2.xml
Idylls,tlg001,8,65,"ὦ Λάμπουρε κύον, οὕτω βαθὺς ὕπνος ἔχει τυ;","ὦ Λάμπουρε κύον, οὕτω βαθὺς ὕπνος ἔχει τυ;",tlg0005.tlg001.perseus-grc2.xml
Idylls,tlg001,8,66,οὐ χρὴ κοιμᾶσθαι βαθέως σὺν παιδὶ νέμοντα.,οὐ χρὴ κοιμᾶσθαι βαθέως σὺν παιδὶ νέμοντα.,tlg0005.tlg001.perseus-grc2.xml
Idylls,tlg001,8,67,"ταὶ δʼ ὄιες, μηδʼ ὔμμες ὀκνεῖθʼ ἁπαλᾶς κορέσασθαι","ταὶ δ’ ὄιες, μηδ’ ὔμμες ὀκνεῖθ’ ἁπαλᾶς κορέσασθαι",tlg0005.tlg001.perseus-grc2.xml
Idylls,tlg001,8,68,"ποίας· οὔτι καμεῖσθʼ, ὅκκʼ αὖ πάλιν ἅδε φύηται.","ποίας· οὔτι καμεῖσθ’, ὅκκ’ αὖ πάλιν ἅδε φύηται.",tlg0005.tlg001.perseus-grc2.xml
Idylls,tlg001,8,69,"σίττα νέμεσθε νέμεσθε, τὰ δʼ οὔθατα πλήσατε πᾶσαι,","σίττα νέμεσθε νέμεσθε, τὰ δ’ οὔθατα πλήσατε πᾶσαι,",tlg0005.tlg001.perseus-grc2.xml
Idylls,tlg001,8,70,"ὡς τὸ μὲν ὥρνες ἔχωντι, τὸ δʼ ἐς ταλάρως ἀποθῶμαι.","ὡς τὸ μὲν ὥρνες ἔχωντι, τὸ δ’ ἐς ταλάρως ἀποθῶμαι.",tlg0005.tlg001.perseus-grc2.xml
Idylls,tlg001,8,71,δεύτερος αὖ Δάφνις λιγυρῶς ἀνεβάλλετʼ ἀείδειν·,δεύτερος αὖ Δάφνις λιγυρῶς ἀνεβάλλετ’ ἀείδειν·,tlg0005.tlg001.perseus-grc2.xml
Idylls,tlg001,8,72,κἠμὲ γὰρ ἐκ τὤντρω σύνοφρυς κόρα ἐχθὲς ἰδοῖσα,κἠμὲ γὰρ ἐκ τὤντρω σύνοφρυς κόρα ἐχθὲς ἰδοῖσα,tlg0005.tlg001.perseus-grc2.xml
Idylls,tlg001,8,73,τὰς δαμάλας παρελᾶντα καλὸν καλὸν ἦμεν ἔφασκεν·,τὰς δαμάλας παρελᾶντα καλὸν καλὸν ἦμεν ἔφασκεν·,tlg0005.tlg001.perseus-grc2.xml
Idylls,tlg001,8,74,"οὐ μὰν οὐδὲ λόγον ἐκρίθην ἄπο, τὤμπικρον αὐτᾷ,","οὐ μὰν οὐδὲ λόγον ἐκρίθην ἄπο, τὤμπικρον αὐτᾷ,",tlg0005.tlg001.perseus-grc2.xml
Idylls,tlg001,8,75,ἀλλὰ κάτω βλέψας τὰν ἁμετέραν ὁδὸν εἷρπον.,ἀλλὰ κάτω βλέψας τὰν ἁμετέραν ὁδὸν εἷρπον.,tlg0005.tlg001.perseus-grc2.xml
Idylls,tlg001,8,76,"ἁδεῖʼ ἁ φωνὰ τᾶς πόρτιος, ἁδὺ τὸ πνεῦμα·","ἁδεῖ’ ἁ φωνὰ τᾶς πόρτιος, ἁδὺ τὸ πνεῦμα·",tlg0005.tlg001.perseus-grc2.xml
Idylls,tlg001,8,77,"ἁδὺ δὲ χὡ μόσχος γαρύεται, ἁδὺ δὲ χἁ βῶς·","ἁδὺ δὲ χὡ μόσχος γαρύεται, ἁδὺ δὲ χἁ βῶς·",tlg0005.tlg001.perseus-grc2.xml
Idylls,tlg001,8,78,ἁδὺ δὲ τῶ θέρεος παρʼ ὕδωρ ῥέον αἰθριοκοιτεῖν.,ἁδὺ δὲ τῶ θέρεος παρ’ ὕδωρ ῥέον αἰθριοκοιτεῖν.,tlg0005.tlg001.perseus-grc2.xml
Idylls,tlg001,8,79,"τᾷ δρυῒ ταὶ βάλανοι κόσμος, τᾷ μαλίδι μᾶλα,","τᾷ δρυῒ ταὶ βάλανοι κόσμος, τᾷ μαλίδι μᾶλα,",tlg0005.tlg001.perseus-grc2.xml
Idylls,tlg001,8,80,"τᾷ βοῒ δʼ ἁ μόσχος, τῷ βουκόλῳ αἱ βόες αὐταί.","τᾷ βοῒ δ’ ἁ μόσχος, τῷ βουκόλῳ αἱ βόες αὐταί.",tlg0005.tlg001.perseus-grc2.xml
Idylls,tlg001,8,81,"Ὣ οἱ παῖδες ἄεισαν, ὁ δʼ αἰπόλος ὧδʼ ἀγόρευεν·","Ὣ οἱ παῖδες ἄεισαν, ὁ δ’ αἰπόλος ὧδ’ ἀγόρευεν·",tlg0005.tlg001.perseus-grc2.xml
Idylls,tlg001,8,82,ἁδύ τι τὸ στόμα τευ καὶ ἐφίμερος ὦ Δάφνι φωνά.,ἁδύ τι τὸ στόμα τευ καὶ ἐφίμερος ὦ Δάφνι φωνά.,tlg0005.tlg001.perseus-grc2.xml
Idylls,tlg001,8,83,κρέσσον μελπομένω τευ ἀκουέμεν ἢ μέλι λείχειν.,κρέσσον μελπομένω τευ ἀκουέμεν ἢ μέλι λείχειν.,tlg0005.tlg001.perseus-grc2.xml
Idylls,tlg001,8,84,λάζεο τὰς σύριγγας· ἐνίκασας γὰρ ἀείδων.,λάζεο τὰς σύριγγας· ἐνίκασας γὰρ ἀείδων.,tlg0005.tlg001.perseus-grc2.xml
Idylls,tlg001,8,85,"αἰ δέ τι λῇς με καὶ αὐτὸν ἅμʼ αἰπολέοντα διδάξαι,","αἰ δέ τι λῇς με καὶ αὐτὸν ἅμ’ αἰπολέοντα διδάξαι,",tlg0005.tlg001.perseus-grc2.xml
Idylls,tlg001,8,86,"τήναν τὰν μιτύλαν δωσῶ τὰ δίδακτρά τοι αἶγα,","τήναν τὰν μιτύλαν δωσῶ τὰ δίδακτρά τοι αἶγα,",tlg0005.tlg001.perseus-grc2.xml
Idylls,tlg001,8,87,ἅτις ὑπὲρ κεφαλᾶς αἰεὶ τὸν ἀμολγέα πληροῖ.,ἅτις ὑπὲρ κεφαλᾶς αἰεὶ τὸν ἀμολγέα πληροῖ.,tlg0005.tlg001.perseus-grc2.xml
Idylls,tlg001,8,88,Ὡς μὲν ὁ παῖς ἐχάρη καὶ ἀνάλατο καὶ πλατάγησε,Ὡς μὲν ὁ παῖς ἐχάρη καὶ ἀνάλατο καὶ πλατάγησε,tlg0005.tlg001.perseus-grc2.xml
Idylls,tlg001,8,89,"νικάσας, οὑτῶς ἐπὶ ματέρι νεβρὸς ἅλοιτο.","νικάσας, οὑτῶς ἐπὶ ματέρι νεβρὸς ἅλοιτο.",tlg0005.tlg001.perseus-grc2.xml
Idylls,tlg001,8,90,ὡς δὲ κατεσμύχθη καὶ ἀνετράπετο φρένα λύπᾳ,ὡς δὲ κατεσμύχθη καὶ ἀνετράπετο φρένα λύπᾳ,tlg0005.tlg001.perseus-grc2.xml
Idylls,tlg001,8,91,"ὥτερος, οὕτω καὶ νύμφα γαμεθεῖσʼ ἀκάχοιτο.","ὥτερος, οὕτω καὶ νύμφα γαμεθεῖσ’ ἀκάχοιτο.",tlg0005.tlg001.perseus-grc2.xml
Idylls,tlg001,8,92,"κἠκ τούτω πρᾶτος παρὰ ποιμέσι Δάφνις ἔγεντο,","κἠκ τούτω πρᾶτος παρὰ ποιμέσι Δάφνις ἔγεντο,",tlg0005.tlg001.perseus-grc2.xml
Idylls,tlg001,8,93,καὶ Νύμφαν ἄκρηβος ἐὼν ἔτι Ναΐδα γᾶμεν.,καὶ Νύμφαν ἄκρηβος ἐὼν ἔτι Ναΐδα γᾶμεν.,tlg0005.tlg001.perseus-grc2.xml
Idylls,tlg001,9,1,"Βουκολιάζεο Δάφνι, τὺ δʼ ᾠδᾶς ἄρχεο πρᾶτος,","Βουκολιάζεο Δάφνι, τὺ δ’ ᾠδᾶς ἄρχεο πρᾶτος,",tlg0005.tlg001.perseus-grc2.xml
Idylls,tlg001,9,2,"ᾠδᾶς ἄρχεο Δάφνι, συναψάσθω δὲ Μενάλκας,","ᾠδᾶς ἄρχεο Δάφνι, συναψάσθω δὲ Μενάλκας,",tlg0005.tlg001.perseus-grc2.xml
Idylls,tlg001,9,3,"μόσχως βουσὶν ὑφέντες, ὑπὸ στείραισι δὲ ταύρως.","μόσχως βουσὶν ὑφέντες, ὑπὸ στείραισι δὲ ταύρως.",tlg0005.tlg001.perseus-grc2.xml
Idylls,tlg001,9,4,χοἱ μὲν ἁμᾷ βόσκοιντο καὶ ἐν φύλλοισι πλανῷντο,χοἱ μὲν ἁμᾷ βόσκοιντο καὶ ἐν φύλλοισι πλανῷντο,tlg0005.tlg001.perseus-grc2.xml
Idylls,tlg001,9,5,μηδὲν ἀτιμαγελεῦντες· ἐμὶν δὲ τὺ βουκολιάζευ,μηδὲν ἀτιμαγελεῦντες· ἐμὶν δὲ τὺ βουκολιάζευ,tlg0005.tlg001.perseus-grc2.xml
Idylls,tlg001,9,6,"ἐκτόθεν, ἄλλωθεν δὲ ποτικρίνοιτο Μενάλκας.","ἐκτόθεν, ἄλλωθεν δὲ ποτικρίνοιτο Μενάλκας.",tlg0005.tlg001.perseus-grc2.xml
Idylls,tlg001,9,7,"Ἁδὺ μὲν ἁ μόσχος γαρύεται, ἁδὺ δὲ χἁ βοῦς,","Ἁδὺ μὲν ἁ μόσχος γαρύεται, ἁδὺ δὲ χἁ βοῦς,",tlg0005.tlg001.perseus-grc2.xml
Idylls,tlg001,9,8,"ἁδὺ δὲ χἁ σῦριγξ χὡ βουκόλος, ἁδὺ δὲ κἠγών.","ἁδὺ δὲ χἁ σῦριγξ χὡ βουκόλος, ἁδὺ δὲ κἠγών.",tlg0005.tlg001.perseus-grc2.xml
Idylls,tlg001,9,9,"ἔστι δέ μοι παρʼ ὕδωρ ψυχρὸν στιβάς, ἐν δὲ νένασται","ἔστι δέ μοι παρ’ ὕδωρ ψυχρὸν στιβάς, ἐν δὲ νένασται",tlg0005.tlg001.perseus-grc2.xml
Idylls,tlg001,9,10,"λευκᾶν ἐκ δαμαλᾶν καλὰ δέρματα, τάς μοι ἁπάσας","λευκᾶν ἐκ δαμαλᾶν καλὰ δέρματα, τάς μοι ἁπάσας",tlg0005.tlg001.perseus-grc2.xml
Idylls,tlg001,9,11,λὶψ κόμαρον τρωγοίσας ἀπὸ σκοπιᾶς ἐτίναξε.,λὶψ κόμαρον τρωγοίσας ἀπὸ σκοπιᾶς ἐτίναξε.,tlg0005.tlg001.perseus-grc2.xml
Idylls,tlg001,9,12,"τῶ δὲ θέρευς φρύγοντος ἐγὼ τόσσον μελεδαίνω,","τῶ δὲ θέρευς φρύγοντος ἐγὼ τόσσον μελεδαίνω,",tlg0005.tlg001.perseus-grc2.xml
Idylls,tlg001,9,13,ὅσσον ἐρῶντε πατρὸς μύθων καὶ ματρὸς ἀκούειν.,ὅσσον ἐρῶντε πατρὸς μύθων καὶ ματρὸς ἀκούειν.,tlg0005.tlg001.perseus-grc2.xml
Idylls,tlg001,9,14,"οὑτῶς Δάφνις ἄεισεν ἐμίν, οὑτῶς δὲ Μενάλκας.","οὑτῶς Δάφνις ἄεισεν ἐμίν, οὑτῶς δὲ Μενάλκας.",tlg0005.tlg001.perseus-grc2.xml
Idylls,tlg001,9,15,"Αἴτνα μᾶτερ ἐμά, κἠγὼ καλὸν ἄντρον ἐνοικέω","Αἴτνα μᾶτερ ἐμά, κἠγὼ καλὸν ἄντρον ἐνοικέω",tlg0005.tlg001.perseus-grc2.xml
Idylls,tlg001,9,16,κοίλαις ἐν πέτραισιν· ἔχω δέ τοι ὅσσʼ ἐν ὀνείρῳ,κοίλαις ἐν πέτραισιν· ἔχω δέ τοι ὅσσ’ ἐν ὀνείρῳ,tlg0005.tlg001.perseus-grc2.xml
Idylls,tlg001,9,17,"φαίνονται, πολλὰς μὲν ὄις, πολλὰς δὲ χιμαίρας,","φαίνονται, πολλὰς μὲν ὄις, πολλὰς δὲ χιμαίρας,",tlg0005.tlg001.perseus-grc2.xml
Idylls,tlg001,9,18,ὧν μοι πρὸς κεφαλᾷ καὶ πρὸς ποσὶ κώεα κεῖται.,ὧν μοι πρὸς κεφαλᾷ καὶ πρὸς ποσὶ κώεα κεῖται.,tlg0005.tlg001.perseus-grc2.xml
Idylls,tlg001,9,19,"ἐν πυρὶ δὲ δρυίνῳ χόρια ζεῖ, ἐν πυρὶ δʼ αὖαι","ἐν πυρὶ δὲ δρυίνῳ χόρια ζεῖ, ἐν πυρὶ δ’ αὖαι",tlg0005.tlg001.perseus-grc2.xml
Idylls,tlg001,9,20,φαγοὶ χειμαίνοντος· ἔχω δέ τοι οὐδʼ ὅσον ὤραν,φαγοὶ χειμαίνοντος· ἔχω δέ τοι οὐδ’ ὅσον ὤραν,tlg0005.tlg001.perseus-grc2.xml
Idylls,tlg001,9,21,χείματος ἢ νωδὸς καρύων ἀμύλοιο παρόντος.,χείματος ἢ νωδὸς καρύων ἀμύλοιο παρόντος.,tlg0005.tlg001.perseus-grc2.xml
Idylls,tlg001,9,22,"τοῖς μὲν ἐπεπλατάγησα καὶ αὐτίκα δῶρον ἔδωκα,","τοῖς μὲν ἐπεπλατάγησα καὶ αὐτίκα δῶρον ἔδωκα,",tlg0005.tlg001.perseus-grc2.xml
Idylls,tlg001,9,23,"Δάφνιδι μὲν κορύναν, τάν μοι πατρὸς ἔτρεφεν ἀγρός,","Δάφνιδι μὲν κορύναν, τάν μοι πατρὸς ἔτρεφεν ἀγρός,",tlg0005.tlg001.perseus-grc2.xml
Idylls,tlg001,9,24,"αὐτοφυῆ, τὰν οὐδʼ ἂν ἴσως μωμάσατο τέκτων,","αὐτοφυῆ, τὰν οὐδ’ ἂν ἴσως μωμάσατο τέκτων,",tlg0005.tlg001.perseus-grc2.xml
Idylls,tlg001,9,25,"τήνῳ δὲ στρόμβω καλὸν ὄστρακον, ὧ κρέας αὐτὸς","τήνῳ δὲ στρόμβω καλὸν ὄστρακον, ὧ κρέας αὐτὸς",tlg0005.tlg001.perseus-grc2.xml
Idylls,tlg001,9,26,"σιτήθην πέτραισιν ἐν Ἰκαρίαισι δοκεύσας,","σιτήθην πέτραισιν ἐν Ἰκαρίαισι δοκεύσας,",tlg0005.tlg001.perseus-grc2.xml
Idylls,tlg001,9,27,πέντε ταμὼν πέντʼ οὖσιν· ὁ δʼ ἐγκαναχήσατο κόχλῳ.,πέντε ταμὼν πέντ’ οὖσιν· ὁ δ’ ἐγκαναχήσατο κόχλῳ.,tlg0005.tlg001.perseus-grc2.xml
Idylls,tlg001,9,28,"Βουκολικαὶ Μοῖσαι μάλα χαίρετε, φαίνετε δʼ ᾠδάς,","Βουκολικαὶ Μοῖσαι μάλα χαίρετε, φαίνετε δ’ ᾠδάς,",tlg0005.tlg001.perseus-grc2.xml
Idylls,tlg001,9,29,"τάς ποκʼ ἐγὼ τήνοισι παρὼν ἄεισα νομεῦσι,","τάς ποκ’ ἐγὼ τήνοισι παρὼν ἄεισα νομεῦσι,",tlg0005.tlg001.perseus-grc2.xml
Idylls,tlg001,9,30,μηκέτʼ ἐπὶ γλώσσας ἄκρας ὀλοφυγγόνα φύσω.,μηκέτ’ ἐπὶ γλώσσας ἄκρας ὀλοφυγγόνα φύσω.,tlg0005.tlg001.perseus-grc2.xml
Idylls,tlg001,9,31,"τέττιξ μὲν τέττιγι φίλος, μύρμακι δὲ μύρμαξ,","τέττιξ μὲν τέττιγι φίλος, μύρμακι δὲ μύρμαξ,",tlg0005.tlg001.perseus-grc2.xml
Idylls,tlg001,9,32,"ἴρηκες δʼ ἴρηξιν, ἐμὶν δέ τε μοῖσα καὶ ᾠδά.","ἴρηκες δ’ ἴρηξιν, ἐμὶν δέ τε μοῖσα καὶ ᾠδά.",tlg0005.tlg001.perseus-grc2.xml
Idylls,tlg001,9,33,τᾶς μοι πᾶς εἴη πλεῖος δόμος. οὔτε γὰρ ὕπνος,τᾶς μοι πᾶς εἴη πλεῖος δόμος. οὔτε γὰρ ὕπνος,tlg0005.tlg001.perseus-grc2.xml
Idylls,tlg001,9,34,"οὔτʼ ἔαρ ἐξαπίνας γλυκερώτερον, οὔτε μελίσσαις","οὔτ’ ἔαρ ἐξαπίνας γλυκερώτερον, οὔτε μελίσσαις",tlg0005.tlg001.perseus-grc2.xml
Idylls,tlg001,9,35,ἄνθεα· τόσσον ἐμὶν Μοῖσαι φίλαι. οὓς μὲν ὁρεῦντι,ἄνθεα· τόσσον ἐμὶν Μοῖσαι φίλαι. οὓς μὲν ὁρεῦντι,tlg0005.tlg001.perseus-grc2.xml
Idylls,tlg001,9,36,"γαθεῦσαι, τοὺς δʼ οὔτι ποτῷ δαλήσατο Κίρκη.","γαθεῦσαι, τοὺς δ’ οὔτι ποτῷ δαλήσατο Κίρκη.",tlg0005.tlg001.perseus-grc2.xml
Idylls,tlg001,10,1,"Ἐργατίνα βουκαῖε, τί νῦν ᾦζυρὲ πεπόνθεις;","Ἐργατίνα βουκαῖε, τί νῦν ᾦζυρὲ πεπόνθεις;",tlg0005.tlg001.perseus-grc2.xml
Idylls,tlg001,10,2,"οὔθʼ ἑὸν ὄγμον ἄγειν ὀρθὸν δύνᾳ, ὡς τὸ πρὶν ἆγες,","οὔθ’ ἑὸν ὄγμον ἄγειν ὀρθὸν δύνᾳ, ὡς τὸ πρὶν ἆγες,",tlg0005.tlg001.perseus-grc2.xml
Idylls,tlg001,10,3,"οὔθʼ ἅμα λᾳοτομεῖς τῷ πλατίον, ἀλλʼ ἀπολείπῃ","οὔθ’ ἅμα λᾳοτομεῖς τῷ πλατίον, ἀλλ’ ἀπολείπῃ",tlg0005.tlg001.perseus-grc2.xml
Idylls,tlg001,10,4,"ὥσπερ ὄις ποίμνας, ἇς τὸν πόδα κάκτος ἔτυψε.","ὥσπερ ὄις ποίμνας, ἇς τὸν πόδα κάκτος ἔτυψε.",tlg0005.tlg001.perseus-grc2.xml
Idylls,tlg001,10,5,"ποῖός τις δείλαν τυ καὶ ἐκ μέσω ἄματος ἐσσῇ,","ποῖός τις δείλαν τυ καὶ ἐκ μέσω ἄματος ἐσσῇ,",tlg0005.tlg001.perseus-grc2.xml
Idylls,tlg001,10,6,ὃς νῦν ἀρχόμενος τᾶς αὔλακος οὐκ ἀποτρώγεις;,ὃς νῦν ἀρχόμενος τᾶς αὔλακος οὐκ ἀποτρώγεις;,tlg0005.tlg001.perseus-grc2.xml
Idylls,tlg001,10,7,"Μίλων ὀψαμάτα, πέτρας ἀπόκομμʼ ἀτεράμνω,","Μίλων ὀψαμάτα, πέτρας ἀπόκομμ’ ἀτεράμνω,",tlg0005.tlg001.perseus-grc2.xml
Idylls,tlg001,10,8,οὐδαμά τοι συνέβα ποθέσαι τινὰ τῶν ἀπεόντων;,οὐδαμά τοι συνέβα ποθέσαι τινὰ τῶν ἀπεόντων;,tlg0005.tlg001.perseus-grc2.xml
Idylls,tlg001,10,9,οὐδαμά. τίς δὲ πόθος τῶν ἔκτοθεν ἐργάτᾳ ἀνδρί;,οὐδαμά. τίς δὲ πόθος τῶν ἔκτοθεν ἐργάτᾳ ἀνδρί;,tlg0005.tlg001.perseus-grc2.xml
Idylls,tlg001,10,10,οὐδαμά νυν συνέβα τοι ἀγρυπνῆσαι διʼ ἔρωτα;,οὐδαμά νυν συνέβα τοι ἀγρυπνῆσαι δι’ ἔρωτα;,tlg0005.tlg001.perseus-grc2.xml
Idylls,tlg001,10,11,μηδέ γε συμβαίη· χαλεπὸν χορίω κύνα γεῦσαι.,μηδέ γε συμβαίη· χαλεπὸν χορίω κύνα γεῦσαι.,tlg0005.tlg001.perseus-grc2.xml
Idylls,tlg001,10,12,ἀλλʼ ἐγὼ ὦ Μίλων ἔραμαι σχεδὸν ἑνδεκαταῖος.,ἀλλ’ ἐγὼ ὦ Μίλων ἔραμαι σχεδὸν ἑνδεκαταῖος.,tlg0005.tlg001.perseus-grc2.xml
Idylls,tlg001,10,13,ἐκ πίθω ἀντλεῖς δῆλον· ἐγὼ δʼ ἔχω οὐδʼ ἅλις ὄξος.,ἐκ πίθω ἀντλεῖς δῆλον· ἐγὼ δ’ ἔχω οὐδ’ ἅλις ὄξος.,tlg0005.tlg001.perseus-grc2.xml
Idylls,tlg001,10,14,τοιγάρτοι πρὸ θυρᾶν μοι ἀπὸ σπόρω ἄσκαλα πάντα.,τοιγάρτοι πρὸ θυρᾶν μοι ἀπὸ σπόρω ἄσκαλα πάντα.,tlg0005.tlg001.perseus-grc2.xml
Idylls,tlg001,10,15,τίς δέ τυ τᾶν παίδων λυμαίνεται;,τίς δέ τυ τᾶν παίδων λυμαίνεται;,tlg0005.tlg001.perseus-grc2.xml
Idylls,tlg001,10,15b,"ἁ Πολυβώτα,","ἁ Πολυβώτα,",tlg0005.tlg001.perseus-grc2.xml
Idylls,tlg001,10,16,ἃ πρᾶν ἀμάντεσσι παρʼ Ἱπποκίωνι ποταύλει.,ἃ πρᾶν ἀμάντεσσι παρ’ Ἱπποκίωνι ποταύλει.,tlg0005.tlg001.perseus-grc2.xml
Idylls,tlg001,10,17,εὗρε θεὸς τὸν ἀλιτρόν· ἔχεις πάλαι ὧν ἐπεθύμεις.,εὗρε θεὸς τὸν ἀλιτρόν· ἔχεις πάλαι ὧν ἐπεθύμεις.,tlg0005.tlg001.perseus-grc2.xml
Idylls,tlg001,10,18,μάντίς τοι τὰν νύκτα χροϊξεῖθʼ ἁ καλαμαία.,μάντίς τοι τὰν νύκτα χροϊξεῖθ’ ἁ καλαμαία.,tlg0005.tlg001.perseus-grc2.xml
Idylls,tlg001,10,19,"μωμᾶσθαί μʼ ἄρχῃ τύ· τυφλὸς δʼ οὐκ αὐτὸς ὁ Πλοῦτος,","μωμᾶσθαί μ’ ἄρχῃ τύ· τυφλὸς δ’ οὐκ αὐτὸς ὁ Πλοῦτος,",tlg0005.tlg001.perseus-grc2.xml
Idylls,tlg001,10,20,ἀλλὰ καὶ ὡφρόντιστος Ἔρως. μὴ δὴ μέγα μυθεῦ.,ἀλλὰ καὶ ὡφρόντιστος Ἔρως. μὴ δὴ μέγα μυθεῦ.,tlg0005.tlg001.perseus-grc2.xml
Idylls,tlg001,10,21,"οὐ μέγα μυθεῦμαι· τὺ μόνον κατάβαλλε τὸ λᾷον,","οὐ μέγα μυθεῦμαι· τὺ μόνον κατάβαλλε τὸ λᾷον,",tlg0005.tlg001.perseus-grc2.xml
Idylls,tlg001,10,22,καί τι κόρας φιλικὸν μέλος ἀμβάλευ. ἅδιον οὑτῶς,καί τι κόρας φιλικὸν μέλος ἀμβάλευ. ἅδιον οὑτῶς,tlg0005.tlg001.perseus-grc2.xml
Idylls,tlg001,10,23,ἐργαξῇ· καὶ μὰν πρότερόν ποκα μουσικὸς ἦσθα.,ἐργαξῇ· καὶ μὰν πρότερόν ποκα μουσικὸς ἦσθα.,tlg0005.tlg001.perseus-grc2.xml
Idylls,tlg001,10,24,"Μοῖσαι Πιερίδες, συναείσατε τὰν ῥαδινάν μοι","Μοῖσαι Πιερίδες, συναείσατε τὰν ῥαδινάν μοι",tlg0005.tlg001.perseus-grc2.xml
Idylls,tlg001,10,25,"παῖδʼ· ὧν γάρ χʼ ἅψησθε θεαί, καλὰ πάντα ποεῖτε.","παῖδ’· ὧν γάρ χ’ ἅψησθε θεαί, καλὰ πάντα ποεῖτε.",tlg0005.tlg001.perseus-grc2.xml
Idylls,tlg001,10,26,"Βομβύκα χαρίεσσα, Σύραν καλέοντί τυ πάντες,","Βομβύκα χαρίεσσα, Σύραν καλέοντί τυ πάντες,",tlg0005.tlg001.perseus-grc2.xml
Idylls,tlg001,10,27,"ἰσχνὰν ἁλιόκαυστον, ἐγὼ δὲ μόνος μελίχλωρον.","ἰσχνὰν ἁλιόκαυστον, ἐγὼ δὲ μόνος μελίχλωρον.",tlg0005.tlg001.perseus-grc2.xml
Idylls,tlg001,10,28,"καὶ τὸ ἴον μέλαν ἐστὶ καὶ ἁ γραπτὰ ὑάκινθος,","καὶ τὸ ἴον μέλαν ἐστὶ καὶ ἁ γραπτὰ ὑάκινθος,",tlg0005.tlg001.perseus-grc2.xml
Idylls,tlg001,10,29,ἀλλʼ ἔμπας ἐν τοῖς στεφάνοις τὰ πρᾶτα λέγονται.,ἀλλ’ ἔμπας ἐν τοῖς στεφάνοις τὰ πρᾶτα λέγονται.,tlg0005.tlg001.perseus-grc2.xml
Idylls,tlg001,10,30,"ἁ αἲξ τὰν κύτισον, ὁ λύκος τὰν αἶγα διώκει,","ἁ αἲξ τὰν κύτισον, ὁ λύκος τὰν αἶγα διώκει,",tlg0005.tlg001.perseus-grc2.xml
Idylls,tlg001,10,31,"ἁ γέρανος τὤροτρον, ἐγὼ δʼ ἐπὶ τὶν μεμάνημαι.","ἁ γέρανος τὤροτρον, ἐγὼ δ’ ἐπὶ τὶν μεμάνημαι.",tlg0005.tlg001.perseus-grc2.xml
Idylls,tlg001,10,32,"αἴθέ μοι ἦς, ὅσσα Κροῖσόν ποκα φαντὶ πεπᾶσθαι,","αἴθέ μοι ἦς, ὅσσα Κροῖσόν ποκα φαντὶ πεπᾶσθαι,",tlg0005.tlg001.perseus-grc2.xml
Idylls,tlg001,10,33,"χρύσεοι ἀμφότεροί κʼ ἀνεκείμεθα τᾷ Ἀφροδίτᾳ,","χρύσεοι ἀμφότεροί κ’ ἀνεκείμεθα τᾷ Ἀφροδίτᾳ,",tlg0005.tlg001.perseus-grc2.xml
Idylls,tlg001,10,34,"τὼς αὐλὼς μὲν ἔχοισα καὶ ἢ ῥόδον ἢ μᾶλον τύ,","τὼς αὐλὼς μὲν ἔχοισα καὶ ἢ ῥόδον ἢ μᾶλον τύ,",tlg0005.tlg001.perseus-grc2.xml
Idylls,tlg001,10,35,σχῆμα δʼ ἐγὼ καὶ καινὰς ἐπʼ ἀμφοτέροισιν ἀμύκλας.,σχῆμα δ’ ἐγὼ καὶ καινὰς ἐπ’ ἀμφοτέροισιν ἀμύκλας.,tlg0005.tlg001.perseus-grc2.xml
Idylls,tlg001,10,36,"Βομβύκα χαρίεσσʼ, οἱ μὲν πόδες ἀστράγαλοί τευς,","Βομβύκα χαρίεσσ’, οἱ μὲν πόδες ἀστράγαλοί τευς,",tlg0005.tlg001.perseus-grc2.xml
Idylls,tlg001,10,37,ἁ φωνὰ δὲ τρύχνος· τὸν μὰν τρόπον οὐκ ἔχω εἰπεῖν.,ἁ φωνὰ δὲ τρύχνος· τὸν μὰν τρόπον οὐκ ἔχω εἰπεῖν.,tlg0005.tlg001.perseus-grc2.xml
Idylls,tlg001,10,38,Ἦ καλὰς ἄμμι ποέων ἐλελήθει βοῦκος ἀοιδάς.,Ἦ καλὰς ἄμμι ποέων ἐλελήθει βοῦκος ἀοιδάς.,tlg0005.tlg001.perseus-grc2.xml
Idylls,tlg001,10,39,ὡς εὖ τὰν ἰδέαν τᾶς ἁρμονίας ἐμέτρησεν.,ὡς εὖ τὰν ἰδέαν τᾶς ἁρμονίας ἐμέτρησεν.,tlg0005.tlg001.perseus-grc2.xml
Idylls,tlg001,10,40,"ὤμοι τῶ πώγωνος, ὃν ἀλιθίως ἀνέφυσα.","ὤμοι τῶ πώγωνος, ὃν ἀλιθίως ἀνέφυσα.",tlg0005.tlg001.perseus-grc2.xml
Idylls,tlg001,10,41,θᾶσαι δὴ καὶ ταῦτα τὰ τῶ θείω Λιτυέρσα.,θᾶσαι δὴ καὶ ταῦτα τὰ τῶ θείω Λιτυέρσα.,tlg0005.tlg001.perseus-grc2.xml
Idylls,tlg001,10,42,"Δάματερ πολύκαρπε πολύσταχυ, τοῦτο τὸ λᾷον","Δάματερ πολύκαρπε πολύσταχυ, τοῦτο τὸ λᾷον",tlg0005.tlg001.perseus-grc2.xml
Idylls,tlg001,10,43,εὔεργόν τʼ εἴη καὶ κάρπιμον ὅττι μάλιστα.,εὔεργόν τ’ εἴη καὶ κάρπιμον ὅττι μάλιστα.,tlg0005.tlg001.perseus-grc2.xml
Idylls,tlg001,10,44,"Σφίγγετʼ ἀμαλλοδέται τὰ δράγματα, μὴ παριών τις","Σφίγγετ’ ἀμαλλοδέται τὰ δράγματα, μὴ παριών τις",tlg0005.tlg001.perseus-grc2.xml
Idylls,tlg001,10,45,"εἴποι· σύκινοι ἄνδρες, ἀπώλετο χοὗτος ὁ μισθός.","εἴποι· σύκινοι ἄνδρες, ἀπώλετο χοὗτος ὁ μισθός.",tlg0005.tlg001.perseus-grc2.xml
Idylls,tlg001,10,46,Ἐς βορέην ἄνεμον τᾶς κόρθυος ἁ τομὰ ὔμμιν,Ἐς βορέην ἄνεμον τᾶς κόρθυος ἁ τομὰ ὔμμιν,tlg0005.tlg001.perseus-grc2.xml
Idylls,tlg001,10,47,ἢ ζέφυρον βλεπέτω· πιαίνεται ὁ στάχυς οὑτῶς.,ἢ ζέφυρον βλεπέτω· πιαίνεται ὁ στάχυς οὑτῶς.,tlg0005.tlg001.perseus-grc2.xml
Idylls,tlg001,10,48,σῖτον ἀλοιῶντας φεύγειν τὸ μεσαμβρινὸν ὕπνον·,σῖτον ἀλοιῶντας φεύγειν τὸ μεσαμβρινὸν ὕπνον·,tlg0005.tlg001.perseus-grc2.xml
Idylls,tlg001,10,49,ἐκ καλάμας ἄχυρον τελέθει τημόσδε μάλιστα.,ἐκ καλάμας ἄχυρον τελέθει τημόσδε μάλιστα.,tlg0005.tlg001.perseus-grc2.xml
Idylls,tlg001,10,50,"ἄρχεσθαι δʼ ἀμῶντας ἐγειρομένω κορυδαλλῶ,","ἄρχεσθαι δ’ ἀμῶντας ἐγειρομένω κορυδαλλῶ,",tlg0005.tlg001.perseus-grc2.xml
Idylls,tlg001,10,51,"καὶ λήγειν εὕδοντος, ἐλινῦσαι δὲ τὸ καῦμα.","καὶ λήγειν εὕδοντος, ἐλινῦσαι δὲ τὸ καῦμα.",tlg0005.tlg001.perseus-grc2.xml
Idylls,tlg001,10,52,εὐκτὸς ὁ τῶ βατράχω παῖδες βίος· οὐ μελεδαίνει,εὐκτὸς ὁ τῶ βατράχω παῖδες βίος· οὐ μελεδαίνει,tlg0005.tlg001.perseus-grc2.xml
Idylls,tlg001,10,53,τὸν προπιεῖν ἐγχεῦντα· πάρεστι γὰρ ἄφθονον αὐτῷ.,τὸν προπιεῖν ἐγχεῦντα· πάρεστι γὰρ ἄφθονον αὐτῷ.,tlg0005.tlg001.perseus-grc2.xml
Idylls,tlg001,10,54,κάλλιον ὦπιμελητὰ φιλάργυρε τὸν φακὸν ἕψειν·,κάλλιον ὦπιμελητὰ φιλάργυρε τὸν φακὸν ἕψειν·,tlg0005.tlg001.perseus-grc2.xml
Idylls,tlg001,10,55,μή τι τάμῃς τὰν χεῖρα καταπρίων τὸ κύμινον.,μή τι τάμῃς τὰν χεῖρα καταπρίων τὸ κύμινον.,tlg0005.tlg001.perseus-grc2.xml
Idylls,tlg001,10,56,"ταῦτα χρὴ μοχθεῦντας ἐν ἁλίῳ ἄνδρας ἀείδειν,","ταῦτα χρὴ μοχθεῦντας ἐν ἁλίῳ ἄνδρας ἀείδειν,",tlg0005.tlg001.perseus-grc2.xml
Idylls,tlg001,10,57,τὸν δὲ τεὸν βουκαῖε πρέπει λιμηρὸν ἔρωτα,τὸν δὲ τεὸν βουκαῖε πρέπει λιμηρὸν ἔρωτα,tlg0005.tlg001.perseus-grc2.xml
Idylls,tlg001,10,58,μυθίσδεν τᾷ ματρὶ κατʼ εὐνὰν ὀρθρευοίσᾳ.,μυθίσδεν τᾷ ματρὶ κατ’ εὐνὰν ὀρθρευοίσᾳ.,tlg0005.tlg001.perseus-grc2.xml
Idylls,tlg001,11,1,οὐδὲν πὸτ τὸν ἔρωτα πεφύκει φάρμακον ἄλλο,οὐδὲν πὸτ τὸν ἔρωτα πεφύκει φάρμακον ἄλλο,tlg0005.tlg001.perseus-grc2.xml
Idylls,tlg001,11,2,"Νικία οὔτʼ ἔγχριστον, ἐμὶν δοκεῖ, οὔτʼ ἐπίπαστον,","Νικία οὔτ’ ἔγχριστον, ἐμὶν δοκεῖ, οὔτ’ ἐπίπαστον,",tlg0005.tlg001.perseus-grc2.xml
Idylls,tlg001,11,3,ἢ ταὶ Πιερίδες· κοῦφον δέ τι τοῦτο καὶ ἁδὺ,ἢ ταὶ Πιερίδες· κοῦφον δέ τι τοῦτο καὶ ἁδὺ,tlg0005.tlg001.perseus-grc2.xml
Idylls,tlg001,11,4,"γίνετʼ ἐπʼ ἀνθρώποις, εὑρεῖν δʼ οὐ ῥᾴδιόν ἐστι.","γίνετ’ ἐπ’ ἀνθρώποις, εὑρεῖν δ’ οὐ ῥᾴδιόν ἐστι.",tlg0005.tlg001.perseus-grc2.xml
Idylls,tlg001,11,5,γινώσκειν δʼ οἶμαί τυ καλῶς ἰατρὸν ἐόντα,γινώσκειν δ’ οἶμαί τυ καλῶς ἰατρὸν ἐόντα,tlg0005.tlg001.perseus-grc2.xml
Idylls,tlg001,11,6,καὶ ταῖς ἐννέα δὴ πεφιλάμενον ἔξοχα Μοίσαις.,καὶ ταῖς ἐννέα δὴ πεφιλάμενον ἔξοχα Μοίσαις.,tlg0005.tlg001.perseus-grc2.xml
Idylls,tlg001,11,7,"οὕτω γοῦν ῥάιστα διᾶγʼ ὁ Κύκλωψ ὁ παρʼ ἁμῖν,","οὕτω γοῦν ῥάιστα διᾶγ’ ὁ Κύκλωψ ὁ παρ’ ἁμῖν,",tlg0005.tlg001.perseus-grc2.xml
Idylls,tlg001,11,8,"ὡρχαῖος Πολύφαμος, ὅκʼ ἤρατο τᾶς Γαλατείας,","ὡρχαῖος Πολύφαμος, ὅκ’ ἤρατο τᾶς Γαλατείας,",tlg0005.tlg001.perseus-grc2.xml
Idylls,tlg001,11,9,ἄρτι γενειάσδων περὶ τὸ στόμα τὼς κροτάφως τε.,ἄρτι γενειάσδων περὶ τὸ στόμα τὼς κροτάφως τε.,tlg0005.tlg001.perseus-grc2.xml
Idylls,tlg001,11,10,"ἤρατο δʼ οὐ μάλοις οὐδὲ ῥόδῳ οὐδὲ κικίννοις,","ἤρατο δ’ οὐ μάλοις οὐδὲ ῥόδῳ οὐδὲ κικίννοις,",tlg0005.tlg001.perseus-grc2.xml
Idylls,tlg001,11,11,"ἀλλʼ ὀρθαῖς μανίαις, ἁγεῖτο δὲ πάντα πάρεργα.","ἀλλ’ ὀρθαῖς μανίαις, ἁγεῖτο δὲ πάντα πάρεργα.",tlg0005.tlg001.perseus-grc2.xml
Idylls,tlg001,11,12,πολλάκι ταὶ ὄιες ποτὶ ταὐλίον αὐταὶ ἀπῆνθον,πολλάκι ταὶ ὄιες ποτὶ ταὐλίον αὐταὶ ἀπῆνθον,tlg0005.tlg001.perseus-grc2.xml
Idylls,tlg001,11,13,χλωρᾶς ἐκ βοτάνας· ὁ δὲ τὰν Γαλάτειαν ἀείδων,χλωρᾶς ἐκ βοτάνας· ὁ δὲ τὰν Γαλάτειαν ἀείδων,tlg0005.tlg001.perseus-grc2.xml
Idylls,tlg001,11,14,αὐτόθʼ ἐπʼ ἀιόνος κατετάκετο φυκιοέσσας,αὐτόθ’ ἐπ’ ἀιόνος κατετάκετο φυκιοέσσας,tlg0005.tlg001.perseus-grc2.xml
Idylls,tlg001,11,15,"ἐξ ἀοῦς, ἔχθιστον ἔχων ὑποκάρδιον ἕλκος","ἐξ ἀοῦς, ἔχθιστον ἔχων ὑποκάρδιον ἕλκος",tlg0005.tlg001.perseus-grc2.xml
Idylls,tlg001,11,16,"Κύπριδος ἐκ μεγάλας, τό οἱ ἥπατι πᾶξε βέλεμνον.","Κύπριδος ἐκ μεγάλας, τό οἱ ἥπατι πᾶξε βέλεμνον.",tlg0005.tlg001.perseus-grc2.xml
Idylls,tlg001,11,17,"ἀλλὰ τὸ φάρμακον εὗρε, καθεζόμενος δʼ ἐπὶ πέτρας","ἀλλὰ τὸ φάρμακον εὗρε, καθεζόμενος δ’ ἐπὶ πέτρας",tlg0005.tlg001.perseus-grc2.xml
Idylls,tlg001,11,18,ὑψηλᾶς ἐς πόντον ὁρῶν ἄειδε τοιαῦτα.,ὑψηλᾶς ἐς πόντον ὁρῶν ἄειδε τοιαῦτα.,tlg0005.tlg001.perseus-grc2.xml
Idylls,tlg001,11,19,"Ὦ λευκὰ Γαλάτεια, τί τὸν φιλέοντʼ ἀποβάλλῃ;","Ὦ λευκὰ Γαλάτεια, τί τὸν φιλέοντ’ ἀποβάλλῃ;",tlg0005.tlg001.perseus-grc2.xml
Idylls,tlg001,11,20,"λευκοτέρα πακτᾶς ποτιδεῖν, ἁπαλωτέρα ἀρνός,","λευκοτέρα πακτᾶς ποτιδεῖν, ἁπαλωτέρα ἀρνός,",tlg0005.tlg001.perseus-grc2.xml
Idylls,tlg001,11,21,"μόσχω γαυροτέρα, σφριγανωτέρα ὄμφακος ὠμᾶς.","μόσχω γαυροτέρα, σφριγανωτέρα ὄμφακος ὠμᾶς.",tlg0005.tlg001.perseus-grc2.xml
Idylls,tlg001,11,22,"φοιτῇς δʼ αὖθʼ οὑτῶς, ὅκκα γλυκὺς ὕπνος ἔχῃ με,","φοιτῇς δ’ αὖθ’ οὑτῶς, ὅκκα γλυκὺς ὕπνος ἔχῃ με,",tlg0005.tlg001.perseus-grc2.xml
Idylls,tlg001,11,23,"οἴχῃ δʼ εὐθὺς ἰοῖσʼ, ὅκκα γλυκὺς ὕπνος ἀνῇ με,","οἴχῃ δ’ εὐθὺς ἰοῖσ’, ὅκκα γλυκὺς ὕπνος ἀνῇ με,",tlg0005.tlg001.perseus-grc2.xml
Idylls,tlg001,11,24,φεύγεις δʼ ὥσπερ ὄις πολιὸν λύκον ἀθρήσασα.,φεύγεις δ’ ὥσπερ ὄις πολιὸν λύκον ἀθρήσασα.,tlg0005.tlg001.perseus-grc2.xml
Idylls,tlg001,11,25,"ἠράσθην μὲν ἔγωγα τεοῦς κόρα, ἁνίκα πρᾶτον","ἠράσθην μὲν ἔγωγα τεοῦς κόρα, ἁνίκα πρᾶτον",tlg0005.tlg001.perseus-grc2.xml
Idylls,tlg001,11,26,ἦνθες ἐμᾷ σὺν ματρὶ θέλοισʼ ὑακίνθινα φύλλα,ἦνθες ἐμᾷ σὺν ματρὶ θέλοισ’ ὑακίνθινα φύλλα,tlg0005.tlg001.perseus-grc2.xml
Idylls,tlg001,11,27,"ἐξ ὄρεος δρέψασθαι, ἐγὼ δʼ ὁδὸν ἁγεμόνευον.","ἐξ ὄρεος δρέψασθαι, ἐγὼ δ’ ὁδὸν ἁγεμόνευον.",tlg0005.tlg001.perseus-grc2.xml
Idylls,tlg001,11,28,παύσασθαι δʼ ἐσιδών τυ καὶ ὕστερον οὐδέ τί πᾳ νῦν,παύσασθαι δ’ ἐσιδών τυ καὶ ὕστερον οὐδέ τί πᾳ νῦν,tlg0005.tlg001.perseus-grc2.xml
Idylls,tlg001,11,29,"ἐκ τήνω δύναμαι· τὶν δʼ οὐ μέλει, οὐ μὰ Δίʼ οὐδέν.","ἐκ τήνω δύναμαι· τὶν δ’ οὐ μέλει, οὐ μὰ Δί’ οὐδέν.",tlg0005.tlg001.perseus-grc2.xml
Idylls,tlg001,11,30,"γινώσκω χαρίεσσα κόρα, τίνος ὥνεκα φεύγεις·","γινώσκω χαρίεσσα κόρα, τίνος ὥνεκα φεύγεις·",tlg0005.tlg001.perseus-grc2.xml
Idylls,tlg001,11,31,ὥνεκά μοι λασία μὲν ὀφρῦς ἐπὶ παντὶ μετώπῳ,ὥνεκά μοι λασία μὲν ὀφρῦς ἐπὶ παντὶ μετώπῳ,tlg0005.tlg001.perseus-grc2.xml
Idylls,tlg001,11,32,"ἐξ ὠτὸς τέταται ποτὶ θὥτερον ὦς μία μακρά,","ἐξ ὠτὸς τέταται ποτὶ θὥτερον ὦς μία μακρά,",tlg0005.tlg001.perseus-grc2.xml
Idylls,tlg001,11,33,"εἷς δʼ ὀφθαλμὸς ἔπεστι, πλατεῖα δὲ ῥὶς ἐπὶ χείλει.","εἷς δ’ ὀφθαλμὸς ἔπεστι, πλατεῖα δὲ ῥὶς ἐπὶ χείλει.",tlg0005.tlg001.perseus-grc2.xml
Idylls,tlg001,11,34,"ἀλλʼ οὗτος τοιοῦτος ἐὼν βοτὰ χίλια βόσκω,","ἀλλ’ οὗτος τοιοῦτος ἐὼν βοτὰ χίλια βόσκω,",tlg0005.tlg001.perseus-grc2.xml
Idylls,tlg001,11,35,κἠκ τούτων τὸ κράτιστον ἀμελγόμενος γάλα πίνω·,κἠκ τούτων τὸ κράτιστον ἀμελγόμενος γάλα πίνω·,tlg0005.tlg001.perseus-grc2.xml
Idylls,tlg001,11,36,"τυρὸς δʼ οὐ λείπει μʼ οὔτʼ ἐν θέρει οὔτʼ ἐν ὀπώρᾳ,","τυρὸς δ’ οὐ λείπει μ’ οὔτ’ ἐν θέρει οὔτ’ ἐν ὀπώρᾳ,",tlg0005.tlg001.perseus-grc2.xml
Idylls,tlg001,11,37,οὐ χειμῶνος ἄκρω· ταρσοὶ δʼ ὑπεραχθέες αἰεί.,οὐ χειμῶνος ἄκρω· ταρσοὶ δ’ ὑπεραχθέες αἰεί.,tlg0005.tlg001.perseus-grc2.xml
Idylls,tlg001,11,38,"συρίσδεν δʼ ὡς οὔτις ἐπίσταμαι ὧδε Κυκλώπων,","συρίσδεν δ’ ὡς οὔτις ἐπίσταμαι ὧδε Κυκλώπων,",tlg0005.tlg001.perseus-grc2.xml
Idylls,tlg001,11,39,τὶν τὸ φίλον γλυκύμαλον ἁμᾷ κἠμαυτὸν ἀείδων,τὶν τὸ φίλον γλυκύμαλον ἁμᾷ κἠμαυτὸν ἀείδων,tlg0005.tlg001.perseus-grc2.xml
Idylls,tlg001,11,40,πολλάκι νυκτὸς ἀωρί. τρέφω δέ τοι ἕνδεκα νεβρὼς,πολλάκι νυκτὸς ἀωρί. τρέφω δέ τοι ἕνδεκα νεβρὼς,tlg0005.tlg001.perseus-grc2.xml
Idylls,tlg001,11,41,πάσας μηνοφόρως καὶ σκύμνως τέσσαρας ἄρκτων.,πάσας μηνοφόρως καὶ σκύμνως τέσσαρας ἄρκτων.,tlg0005.tlg001.perseus-grc2.xml
Idylls,tlg001,11,42,"ἀλλʼ ἀφίκευσο ποθʼ ἁμέ, καὶ ἑξεῖς οὐδὲν ἔλασσον,","ἀλλ’ ἀφίκευσο ποθ’ ἁμέ, καὶ ἑξεῖς οὐδὲν ἔλασσον,",tlg0005.tlg001.perseus-grc2.xml
Idylls,tlg001,11,43,τὰν γλαυκὰν δὲ θάλασσαν ἔα ποτὶ χέρσον ὀρεχθεῖν.,τὰν γλαυκὰν δὲ θάλασσαν ἔα ποτὶ χέρσον ὀρεχθεῖν.,tlg0005.tlg001.perseus-grc2.xml
Idylls,tlg001,11,44,ἅδιον ἐν τὤντρῳ παρʼ ἐμὶν τὰν νύκτα διαξεῖς.,ἅδιον ἐν τὤντρῳ παρ’ ἐμὶν τὰν νύκτα διαξεῖς.,tlg0005.tlg001.perseus-grc2.xml
Idylls,tlg001,11,45,"ἐντὶ δάφναι τηνεῖ, ἐντὶ ῥαδιναὶ κυπάρισσοι,","ἐντὶ δάφναι τηνεῖ, ἐντὶ ῥαδιναὶ κυπάρισσοι,",tlg0005.tlg001.perseus-grc2.xml
Idylls,tlg001,11,46,"ἔστι μέλας κισσός, ἔστʼ ἄμπελος ἁ γλυκύκαρπος,","ἔστι μέλας κισσός, ἔστ’ ἄμπελος ἁ γλυκύκαρπος,",tlg0005.tlg001.perseus-grc2.xml
Idylls,tlg001,11,47,"ἔστι ψυχρὸν ὕδωρ, τό μοι ἁ πολυδένδρεος Αἴτνα","ἔστι ψυχρὸν ὕδωρ, τό μοι ἁ πολυδένδρεος Αἴτνα",tlg0005.tlg001.perseus-grc2.xml
Idylls,tlg001,11,48,λευκᾶς ἐκ χιόνος ποτὸν ἀμβρόσιον προΐητι.,λευκᾶς ἐκ χιόνος ποτὸν ἀμβρόσιον προΐητι.,tlg0005.tlg001.perseus-grc2.xml
Idylls,tlg001,11,49,τίς κα τῶνδε θάλασσαν ἔχειν καὶ κύμαθʼ ἕλοιτο;,τίς κα τῶνδε θάλασσαν ἔχειν καὶ κύμαθ’ ἕλοιτο;,tlg0005.tlg001.perseus-grc2.xml
Idylls,tlg001,11,50,"αἰ δέ τοι αὐτὸς ἐγὼ δοκέω λασιώτερος ἦμεν,","αἰ δέ τοι αὐτὸς ἐγὼ δοκέω λασιώτερος ἦμεν,",tlg0005.tlg001.perseus-grc2.xml
Idylls,tlg001,11,51,ἐντὶ δρυὸς ξύλα μοι καὶ ὑπὸ σποδῷ ἀκάματον πῦρ.,ἐντὶ δρυὸς ξύλα μοι καὶ ὑπὸ σποδῷ ἀκάματον πῦρ.,tlg0005.tlg001.perseus-grc2.xml
Idylls,tlg001,11,52,καιόμενος δʼ ὑπὸ τεῦς καὶ τὰν ψυχὰν ἀνεχοίμαν,καιόμενος δ’ ὑπὸ τεῦς καὶ τὰν ψυχὰν ἀνεχοίμαν,tlg0005.tlg001.perseus-grc2.xml
Idylls,tlg001,11,53,"καὶ τὸν ἕνʼ ὀφθαλμόν, τῶ μοι γλυκερώτερον οὐδέν.","καὶ τὸν ἕν’ ὀφθαλμόν, τῶ μοι γλυκερώτερον οὐδέν.",tlg0005.tlg001.perseus-grc2.xml
Idylls,tlg001,11,54,"ὤμοι, ὅ τʼ οὐκ ἔτεκέν μʼ ἁ μάτηρ βραγχίʼ ἔχοντα,","ὤμοι, ὅ τ’ οὐκ ἔτεκέν μ’ ἁ μάτηρ βραγχί’ ἔχοντα,",tlg0005.tlg001.perseus-grc2.xml
Idylls,tlg001,11,55,"ὡς κατέδυν ποτὶ τὶν καὶ τὰν χέρα τευς ἐφίλασα,","ὡς κατέδυν ποτὶ τὶν καὶ τὰν χέρα τευς ἐφίλασα,",tlg0005.tlg001.perseus-grc2.xml
Idylls,tlg001,11,56,"αἰ μὴ τὸ στόμα λῇς, ἔφερον δέ τοι ἢ κρίνα λευκὰ","αἰ μὴ τὸ στόμα λῇς, ἔφερον δέ τοι ἢ κρίνα λευκὰ",tlg0005.tlg001.perseus-grc2.xml
Idylls,tlg001,11,57,ἢ μάκωνʼ ἁπαλὰν ἐρυθρὰ πλαταγώνιʼ ἔχοισαν.,ἢ μάκων’ ἁπαλὰν ἐρυθρὰ πλαταγώνι’ ἔχοισαν.,tlg0005.tlg001.perseus-grc2.xml
Idylls,tlg001,11,58,"ἀλλὰ τὰ μὲν θέρεος, τὰ δὲ γίνεται ἐν χειμῶνι,","ἀλλὰ τὰ μὲν θέρεος, τὰ δὲ γίνεται ἐν χειμῶνι,",tlg0005.tlg001.perseus-grc2.xml
Idylls,tlg001,11,59,ὥστʼ οὐκ ἄν τοι ταῦτα φέρειν ἅμα πάντʼ ἐδυνάθην.,ὥστ’ οὐκ ἄν τοι ταῦτα φέρειν ἅμα πάντ’ ἐδυνάθην.,tlg0005.tlg001.perseus-grc2.xml
Idylls,tlg001,11,60,"νῦν μὰν ὦ κόριον, νῦν αὐτόγα νεῖν κε μάθοιμι,","νῦν μὰν ὦ κόριον, νῦν αὐτόγα νεῖν κε μάθοιμι,",tlg0005.tlg001.perseus-grc2.xml
Idylls,tlg001,11,61,"αἴκά τις σὺν ναῒ πλέων ξένος ὧδʼ ἀφίκηται,","αἴκά τις σὺν ναῒ πλέων ξένος ὧδ’ ἀφίκηται,",tlg0005.tlg001.perseus-grc2.xml
Idylls,tlg001,11,62,"ὡς εἰδῶ, τί ποθʼ ἁδὺ κατοικεῖν τὸν βυθὸν ὔμμιν.","ὡς εἰδῶ, τί ποθ’ ἁδὺ κατοικεῖν τὸν βυθὸν ὔμμιν.",tlg0005.tlg001.perseus-grc2.xml
Idylls,tlg001,11,63,ἐξένθοις Γαλάτεια καὶ ἐξενθοῖσα λάθοιο,ἐξένθοις Γαλάτεια καὶ ἐξενθοῖσα λάθοιο,tlg0005.tlg001.perseus-grc2.xml
Idylls,tlg001,11,64,ὥσπερ ἐγὼ νῦν ὧδε καθήμενος οἴκαδʼ ἀπενθεῖν.,ὥσπερ ἐγὼ νῦν ὧδε καθήμενος οἴκαδ’ ἀπενθεῖν.,tlg0005.tlg001.perseus-grc2.xml
Idylls,tlg001,11,65,ποιμαίνειν δʼ ἐθέλοις σὺν ἐμὶν ἅμα καὶ γάλʼ ἀμέλγειν,ποιμαίνειν δ’ ἐθέλοις σὺν ἐμὶν ἅμα καὶ γάλ’ ἀμέλγειν,tlg0005.tlg001.perseus-grc2.xml
Idylls,tlg001,11,66,καὶ τυρὸν πᾶξαι τάμισον δριμεῖαν ἐνεῖσα.,καὶ τυρὸν πᾶξαι τάμισον δριμεῖαν ἐνεῖσα.,tlg0005.tlg001.perseus-grc2.xml
Idylls,tlg001,11,67,"ἁ μάτηρ ἀδικεῖ με μόνα, καὶ μέμφομαι αὐτᾷ·","ἁ μάτηρ ἀδικεῖ με μόνα, καὶ μέμφομαι αὐτᾷ·",tlg0005.tlg001.perseus-grc2.xml
Idylls,tlg001,11,68,"οὐδὲν πήποχʼ ὅλως ποτὶ τὶν φίλον εἶπεν ὑπέρ μευ,","οὐδὲν πήποχ’ ὅλως ποτὶ τὶν φίλον εἶπεν ὑπέρ μευ,",tlg0005.tlg001.perseus-grc2.xml
Idylls,tlg001,11,69,καὶ ταῦτʼ ἆμαρ ἐπʼ ἆμαρ ὁρεῦσά με λεπτὸν ἐόντα.,καὶ ταῦτ’ ἆμαρ ἐπ’ ἆμαρ ὁρεῦσά με λεπτὸν ἐόντα.,tlg0005.tlg001.perseus-grc2.xml
Idylls,tlg001,11,70,φασῶ τὰν κεφαλὰν καὶ τὼς πόδας ἀμφοτέρως μευ,φασῶ τὰν κεφαλὰν καὶ τὼς πόδας ἀμφοτέρως μευ,tlg0005.tlg001.perseus-grc2.xml
Idylls,tlg001,11,71,"σφύζειν, ὡς ἀνιαθῇ, ἐπεὶ κἠγὼν ἀνιῶμαι.","σφύζειν, ὡς ἀνιαθῇ, ἐπεὶ κἠγὼν ἀνιῶμαι.",tlg0005.tlg001.perseus-grc2.xml
Idylls,tlg001,11,72,"ὦ Κύκλωψ Κύκλωψ, πᾷ τὰς φρένας ἐκπεπότασαι;","ὦ Κύκλωψ Κύκλωψ, πᾷ τὰς φρένας ἐκπεπότασαι;",tlg0005.tlg001.perseus-grc2.xml
Idylls,tlg001,11,73,αἴκʼ ἐνθὼν θαλάρως τε πλέκοις καὶ θαλλὸν ἀμάσας,αἴκ’ ἐνθὼν θαλάρως τε πλέκοις καὶ θαλλὸν ἀμάσας,tlg0005.tlg001.perseus-grc2.xml
Idylls,tlg001,11,74,"ταῖς ἄρνεσσι φέροις, τάχα κα πολὺ μᾶλλον ἔχοις νῶν.","ταῖς ἄρνεσσι φέροις, τάχα κα πολὺ μᾶλλον ἔχοις νῶν.",tlg0005.tlg001.perseus-grc2.xml
Idylls,tlg001,11,75,τὰν παρεοῖσαν ἄμελγε. τί τὸν φεύγοντα διώκεις;,τὰν παρεοῖσαν ἄμελγε. τί τὸν φεύγοντα διώκεις;,tlg0005.tlg001.perseus-grc2.xml
Idylls,tlg001,11,76,εὑρησεῖς Γαλάτειαν ἴσως καὶ καλλίονʼ ἄλλαν.,εὑρησεῖς Γαλάτειαν ἴσως καὶ καλλίον’ ἄλλαν.,tlg0005.tlg001.perseus-grc2.xml
Idylls,tlg001,11,77,"πολλαὶ συμπαίσδέν με κόραι τὰν νύκτα κέλονται,","πολλαὶ συμπαίσδέν με κόραι τὰν νύκτα κέλονται,",tlg0005.tlg001.perseus-grc2.xml
Idylls,tlg001,11,78,"κιχλίζοντι δὲ πᾶσαι, ἐπεί κʼ αὐταῖς ὑπακούσω","κιχλίζοντι δὲ πᾶσαι, ἐπεί κ’ αὐταῖς ὑπακούσω",tlg0005.tlg001.perseus-grc2.xml
Idylls,tlg001,11,79,δῆλον ὅ τʼ ἐν τᾷ γᾷ κἠγώ τις φαίνομαι ἦμεν.,δῆλον ὅ τ’ ἐν τᾷ γᾷ κἠγώ τις φαίνομαι ἦμεν.,tlg0005.tlg001.perseus-grc2.xml
Idylls,tlg001,11,80,οὕτω τοι Πολύφαμος ἐποίμαινεν τὸν ἔρωτα,οὕτω τοι Πολύφαμος ἐποίμαινεν τὸν ἔρωτα,tlg0005.tlg001.perseus-grc2.xml
Idylls,tlg001,11,81,"μουσίσδων, ῥᾷον δὲ διᾶγʼ ἢ εἰ χρυσὸν ἔδωκεν.","μουσίσδων, ῥᾷον δὲ διᾶγ’ ἢ εἰ χρυσὸν ἔδωκεν.",tlg0005.tlg001.perseus-grc2.xml
Idylls,tlg001,12,1,Ἤλυθες ὦ φίλε κοῦρε τρίτῃ σὺν νυκτὶ καὶ ἀοῖ;,Ἤλυθες ὦ φίλε κοῦρε τρίτῃ σὺν νυκτὶ καὶ ἀοῖ;,tlg0005.tlg001.perseus-grc2.xml
Idylls,tlg001,12,2,ἤλυθες· οἱ δὲ ποθεῦντες ἐν ἤματι γηράσκουσιν.,ἤλυθες· οἱ δὲ ποθεῦντες ἐν ἤματι γηράσκουσιν.,tlg0005.tlg001.perseus-grc2.xml
Idylls,tlg001,12,3,"ὅσσον ἔαρ χειμῶνος, ὅσον μᾶλον βραβίλοιο","ὅσσον ἔαρ χειμῶνος, ὅσον μᾶλον βραβίλοιο",tlg0005.tlg001.perseus-grc2.xml
Idylls,tlg001,12,4,"ἅδιον, ὅσσον ὄις σφετέρας λασιωτέρα ἀρνός,","ἅδιον, ὅσσον ὄις σφετέρας λασιωτέρα ἀρνός,",tlg0005.tlg001.perseus-grc2.xml
Idylls,tlg001,12,5,"ὅσσον παρθενικὴ προφέρει τριγάμοιο γυναικός,","ὅσσον παρθενικὴ προφέρει τριγάμοιο γυναικός,",tlg0005.tlg001.perseus-grc2.xml
Idylls,tlg001,12,6,"ὅσσον ἐλαφροτέρη μόσχου νεβρός, ὅσσον ἀηδὼν","ὅσσον ἐλαφροτέρη μόσχου νεβρός, ὅσσον ἀηδὼν",tlg0005.tlg001.perseus-grc2.xml
Idylls,tlg001,12,7,"συμπάντων λιγύφωνος ἀοιδοτάτη πετεηνῶν,","συμπάντων λιγύφωνος ἀοιδοτάτη πετεηνῶν,",tlg0005.tlg001.perseus-grc2.xml
Idylls,tlg001,12,8,"τόσσον ἔμʼ εὔφρανας τὺ φανείς, σκιερὰν δʼ ὑπὸ φαγὸν","τόσσον ἔμ’ εὔφρανας τὺ φανείς, σκιερὰν δ’ ὑπὸ φαγὸν",tlg0005.tlg001.perseus-grc2.xml
Idylls,tlg001,12,9,ἀελίου φρύγοντος ὁδοιπόρος ἔδραμον ὥς τις.,ἀελίου φρύγοντος ὁδοιπόρος ἔδραμον ὥς τις.,tlg0005.tlg001.perseus-grc2.xml
Idylls,tlg001,12,10,εἴθʼ ὁμαλοὶ πνεύσειαν ἐπʼ ἀμφοτέροισιν Ἔρωτες,εἴθ’ ὁμαλοὶ πνεύσειαν ἐπ’ ἀμφοτέροισιν Ἔρωτες,tlg0005.tlg001.perseus-grc2.xml
Idylls,tlg001,12,11,"νῶιν, ἐπεσσομένοις δὲ γενοίμεθα πᾶσιν ἀοιδά.","νῶιν, ἐπεσσομένοις δὲ γενοίμεθα πᾶσιν ἀοιδά.",tlg0005.tlg001.perseus-grc2.xml
Idylls,tlg001,12,12,θείω δή τινε τώδε μετὰ προτέροισι γενέσθην,θείω δή τινε τώδε μετὰ προτέροισι γενέσθην,tlg0005.tlg001.perseus-grc2.xml
Idylls,tlg001,12,13,"φῶθʼ, ὁ μὲν εἴσπνηλος, φαίη χʼ ὡμυκλαϊάσδων,","φῶθ’, ὁ μὲν εἴσπνηλος, φαίη χ’ ὡμυκλαϊάσδων,",tlg0005.tlg001.perseus-grc2.xml
Idylls,tlg001,12,14,τὸν δʼ ἕτερον πάλιν ὥς κεν ὁ Θεσσαλὸς εἴποι ἀίταν.,τὸν δ’ ἕτερον πάλιν ὥς κεν ὁ Θεσσαλὸς εἴποι ἀίταν.,tlg0005.tlg001.perseus-grc2.xml
Idylls,tlg001,12,15,ἀλλήλους δʼ ἐφίλησαν ἴσῳ ζυγῷ. ἦ ῥα τότʼ ἦσαν,ἀλλήλους δ’ ἐφίλησαν ἴσῳ ζυγῷ. ἦ ῥα τότ’ ἦσαν,tlg0005.tlg001.perseus-grc2.xml
Idylls,tlg001,12,16,"χρύσειοι πάλιν ἄνδρες, ὃ κἀντεφίλησʼ ὁ φιληθείς.","χρύσειοι πάλιν ἄνδρες, ὃ κἀντεφίλησ’ ὁ φιληθείς.",tlg0005.tlg001.perseus-grc2.xml
Idylls,tlg001,12,17,"εἰ γὰρ τοῦτο πάτερ Κρονίδα πέλοι, εἰ γὰρ ἀγήρῳ","εἰ γὰρ τοῦτο πάτερ Κρονίδα πέλοι, εἰ γὰρ ἀγήρῳ",tlg0005.tlg001.perseus-grc2.xml
Idylls,tlg001,12,18,"ἀθάνατοι, γενεαῖς δὲ διηκοσίαισιν ἔπειτα","ἀθάνατοι, γενεαῖς δὲ διηκοσίαισιν ἔπειτα",tlg0005.tlg001.perseus-grc2.xml
Idylls,tlg001,12,19,ἀγγείλειεν ἐμοί τις ἀνέξοδον εἰς Ἀχέροντα·,ἀγγείλειεν ἐμοί τις ἀνέξοδον εἰς Ἀχέροντα·,tlg0005.tlg001.perseus-grc2.xml
Idylls,tlg001,12,20,ἡ σὴ νῦν φιλότης καὶ τοῦ χαρίεντος ἀίτεω,ἡ σὴ νῦν φιλότης καὶ τοῦ χαρίεντος ἀίτεω,tlg0005.tlg001.perseus-grc2.xml
Idylls,tlg001,12,21,"πᾶσι διὰ στόματος, μετὰ δʼ ἠιθέοισι μάλιστα.","πᾶσι διὰ στόματος, μετὰ δ’ ἠιθέοισι μάλιστα.",tlg0005.tlg001.perseus-grc2.xml
Idylls,tlg001,12,22,ἀλλʼ ἤτοι τούτων μὲν ὑπέρτεροι Οὐρανίωνες,ἀλλ’ ἤτοι τούτων μὲν ὑπέρτεροι Οὐρανίωνες,tlg0005.tlg001.perseus-grc2.xml
Idylls,tlg001,12,23,ἔσσονθʼ ὡς ἐθέλοντι. ἐγὼ δέ σε τὸν καλὸν αἰνέων,ἔσσονθ’ ὡς ἐθέλοντι. ἐγὼ δέ σε τὸν καλὸν αἰνέων,tlg0005.tlg001.perseus-grc2.xml
Idylls,tlg001,12,24,ψεύδεα ῥινὸς ὕπερθεν ἀραιᾶς οὐκ ἀναφύσω.,ψεύδεα ῥινὸς ὕπερθεν ἀραιᾶς οὐκ ἀναφύσω.,tlg0005.tlg001.perseus-grc2.xml
Idylls,tlg001,12,25,"ἢν γὰρ καί τι δάκῃς, τὸ μὲν ἀβλαβὲς εὐθὺς ἔθηκας,","ἢν γὰρ καί τι δάκῃς, τὸ μὲν ἀβλαβὲς εὐθὺς ἔθηκας,",tlg0005.tlg001.perseus-grc2.xml
Idylls,tlg001,12,26,"διπλάσιον δʼ ὤνασας, ἔχων δʼ ἐπίμετρον ἀπῆνθον.","διπλάσιον δ’ ὤνασας, ἔχων δ’ ἐπίμετρον ἀπῆνθον.",tlg0005.tlg001.perseus-grc2.xml
Idylls,tlg001,12,27,"Νισαῖοι Μεγαρῆες ἀριστεύοντες ἐρετμοῖς,","Νισαῖοι Μεγαρῆες ἀριστεύοντες ἐρετμοῖς,",tlg0005.tlg001.perseus-grc2.xml
Idylls,tlg001,12,28,"ὄλβιοι οἰκείοιτε, τὸν Ἀττικὸν ὡς περίαλλα","ὄλβιοι οἰκείοιτε, τὸν Ἀττικὸν ὡς περίαλλα",tlg0005.tlg001.perseus-grc2.xml
Idylls,tlg001,12,29,ξεῖνον ἐτιμήσασθε Διοκλέα τὸν φιλόπαιδα.,ξεῖνον ἐτιμήσασθε Διοκλέα τὸν φιλόπαιδα.,tlg0005.tlg001.perseus-grc2.xml
Idylls,tlg001,12,30,αἰεί οἱ περὶ τύμβον ἀολλέες εἴαρι πράτῳ,αἰεί οἱ περὶ τύμβον ἀολλέες εἴαρι πράτῳ,tlg0005.tlg001.perseus-grc2.xml
Idylls,tlg001,12,31,κοῦροι ἐριδμαίνοντι φιλήματος ἄκρα φέρεσθαι.,κοῦροι ἐριδμαίνοντι φιλήματος ἄκρα φέρεσθαι.,tlg0005.tlg001.perseus-grc2.xml
Idylls,tlg001,12,32,"ὃς δέ κε προσμάξῃ γλυκερώτερα χείλεσι χείλη,","ὃς δέ κε προσμάξῃ γλυκερώτερα χείλεσι χείλη,",tlg0005.tlg001.perseus-grc2.xml
Idylls,tlg001,12,33,βριθόμενος στεφάνοισιν ἑὰν ἐς μητέρʼ ἀπῆνθεν.,βριθόμενος στεφάνοισιν ἑὰν ἐς μητέρ’ ἀπῆνθεν.,tlg0005.tlg001.perseus-grc2.xml
Idylls,tlg001,12,34,"ὄλβιος, ὅστις παισὶ φιλήματα κεῖνα διαιτᾷ.","ὄλβιος, ὅστις παισὶ φιλήματα κεῖνα διαιτᾷ.",tlg0005.tlg001.perseus-grc2.xml
Idylls,tlg001,12,35,ἦ που τὸν χαροπὸν Γανυμήδεα πόλλʼ ἐπιβωτᾷ,ἦ που τὸν χαροπὸν Γανυμήδεα πόλλ’ ἐπιβωτᾷ,tlg0005.tlg001.perseus-grc2.xml
Idylls,tlg001,12,36,"Λυδίῃ ἶσον ἔχειν πέτρῃ στόμα, χρυσὸν ὁποίῃ","Λυδίῃ ἶσον ἔχειν πέτρῃ στόμα, χρυσὸν ὁποίῃ",tlg0005.tlg001.perseus-grc2.xml
Idylls,tlg001,12,37,πεύθονται μὴ φαῦλος ἐτήτυμω ἀργυραμοιβοί.,πεύθονται μὴ φαῦλος ἐτήτυμω ἀργυραμοιβοί.,tlg0005.tlg001.perseus-grc2.xml
Idylls,tlg001,13,1,"οὐχ ἁμῖν τὸν Ἔρωτα μόνοις ἔτεχʼ, ὡς ἐδοκεῦμες,","οὐχ ἁμῖν τὸν Ἔρωτα μόνοις ἔτεχ’, ὡς ἐδοκεῦμες,",tlg0005.tlg001.perseus-grc2.xml
Idylls,tlg001,13,2,"Νικία, ᾧ τινι τοῦτο θεῶν ποκα τέκνον ἔγεντο.","Νικία, ᾧ τινι τοῦτο θεῶν ποκα τέκνον ἔγεντο.",tlg0005.tlg001.perseus-grc2.xml
Idylls,tlg001,13,3,"οὐχ ἁμῖν τὰ καλὰ πράτοις καλὰ φαίνεται εἶμεν,","οὐχ ἁμῖν τὰ καλὰ πράτοις καλὰ φαίνεται εἶμεν,",tlg0005.tlg001.perseus-grc2.xml
Idylls,tlg001,13,4,"οἳ θνατοὶ πελόμεσθα, τὸ δʼ αὔριον οὐκ ἐσορῶμες·","οἳ θνατοὶ πελόμεσθα, τὸ δ’ αὔριον οὐκ ἐσορῶμες·",tlg0005.tlg001.perseus-grc2.xml
Idylls,tlg001,13,5,"ἀλλὰ καὶ ὡμφιτρύωνος ὁ χαλκεοκάρδιος υἱός,","ἀλλὰ καὶ ὡμφιτρύωνος ὁ χαλκεοκάρδιος υἱός,",tlg0005.tlg001.perseus-grc2.xml
Idylls,tlg001,13,6,"ὃς τὸν λῖν ὑπέμεινε τὸν ἄγριον, ἤρατο παιδός,","ὃς τὸν λῖν ὑπέμεινε τὸν ἄγριον, ἤρατο παιδός,",tlg0005.tlg001.perseus-grc2.xml
Idylls,tlg001,13,7,"τῶ χαρίεντος Ὕλα, τῶ τὰν πλοκαμῖδα φορεῦντος,","τῶ χαρίεντος Ὕλα, τῶ τὰν πλοκαμῖδα φορεῦντος,",tlg0005.tlg001.perseus-grc2.xml
Idylls,tlg001,13,8,"καί νιν πάντʼ ἐδίδαξε πατὴρ ὡσεὶ φίλον υἱέα,","καί νιν πάντ’ ἐδίδαξε πατὴρ ὡσεὶ φίλον υἱέα,",tlg0005.tlg001.perseus-grc2.xml
Idylls,tlg001,13,9,ὅσσα μαθὼν ἀγαθὸς καὶ ἀοίδιμος αὐτὸς ἔγεντο·,ὅσσα μαθὼν ἀγαθὸς καὶ ἀοίδιμος αὐτὸς ἔγεντο·,tlg0005.tlg001.perseus-grc2.xml
Idylls,tlg001,13,10,"χωρὶς δʼ οὐδέποκʼ ἦς, οὔτʼ εἰ μέσον ἆμαρ ὄροιτο,","χωρὶς δ’ οὐδέποκ’ ἦς, οὔτ’ εἰ μέσον ἆμαρ ὄροιτο,",tlg0005.tlg001.perseus-grc2.xml
Idylls,tlg001,13,11,"οὔτʼ ἄρʼ ὅχʼ ἁ λεύκιππος ἀνατρέχοι ἐς Διὸς Ἀώς,","οὔτ’ ἄρ’ ὅχ’ ἁ λεύκιππος ἀνατρέχοι ἐς Διὸς Ἀώς,",tlg0005.tlg001.perseus-grc2.xml
Idylls,tlg001,13,12,"οὐδʼ ὁπόκʼ ὀρτάλιχοι μινυροὶ ποτὶ κοῖτον ὁρῷεν,","οὐδ’ ὁπόκ’ ὀρτάλιχοι μινυροὶ ποτὶ κοῖτον ὁρῷεν,",tlg0005.tlg001.perseus-grc2.xml
Idylls,tlg001,13,13,"σεισαμένας πτερὰ ματρὸς ἐπʼ αἰθαλόεντι πετεύρῳ,","σεισαμένας πτερὰ ματρὸς ἐπ’ αἰθαλόεντι πετεύρῳ,",tlg0005.tlg001.perseus-grc2.xml
Idylls,tlg001,13,14,"ὡς αὐτῷ κατὰ θυμὸν ὁ παῖς πεποναμένος εἴη,","ὡς αὐτῷ κατὰ θυμὸν ὁ παῖς πεποναμένος εἴη,",tlg0005.tlg001.perseus-grc2.xml
Idylls,tlg001,13,15,αὐτῷ δʼ εὖ ἕλκων ἐς ἀλαθινὸν ἄνδρʼ ἀποβαίη.,αὐτῷ δ’ εὖ ἕλκων ἐς ἀλαθινὸν ἄνδρ’ ἀποβαίη.,tlg0005.tlg001.perseus-grc2.xml
Idylls,tlg001,13,16,ἀλλʼ ὅτε τὸ χρύσειον ἔπλει μετὰ κῶας Ἰήσων,ἀλλ’ ὅτε τὸ χρύσειον ἔπλει μετὰ κῶας Ἰήσων,tlg0005.tlg001.perseus-grc2.xml
Idylls,tlg001,13,17,"Αἰσονίδας, οἱ δʼ αὐτῷ ἀριστῆες συνέποντο","Αἰσονίδας, οἱ δ’ αὐτῷ ἀριστῆες συνέποντο",tlg0005.tlg001.perseus-grc2.xml
Idylls,tlg001,13,18,"πασᾶν ἐκ πολίων προλελεγμένοι, ὧν ὄφελός τι,","πασᾶν ἐκ πολίων προλελεγμένοι, ὧν ὄφελός τι,",tlg0005.tlg001.perseus-grc2.xml
Idylls,tlg001,13,19,"ἵκετο χὡ ταλαεργὸς ἀνὴρ ἐς ἀφνειὸν Ἰωλκόν,","ἵκετο χὡ ταλαεργὸς ἀνὴρ ἐς ἀφνειὸν Ἰωλκόν,",tlg0005.tlg001.perseus-grc2.xml
Idylls,tlg001,13,20,"Ἀλκμήνης υἱὸς Μιδεάτιδος ἡρωίνης,","Ἀλκμήνης υἱὸς Μιδεάτιδος ἡρωίνης,",tlg0005.tlg001.perseus-grc2.xml
Idylls,tlg001,13,21,"σὺν δʼ αὐτῷ κατέβαινεν Ὕλας εὔεδρον ἐς Ἀργώ,","σὺν δ’ αὐτῷ κατέβαινεν Ὕλας εὔεδρον ἐς Ἀργώ,",tlg0005.tlg001.perseus-grc2.xml
Idylls,tlg001,13,22,"ἅτις κυανεᾶν οὐχ ἥψατο συνδρομάδων ναῦς,","ἅτις κυανεᾶν οὐχ ἥψατο συνδρομάδων ναῦς,",tlg0005.tlg001.perseus-grc2.xml
Idylls,tlg001,13,23,ἀλλὰ διεξάιξε—βαθὺν δʼ εἰσέδραμε Φᾶσιν—,ἀλλὰ διεξάιξε—βαθὺν δ’ εἰσέδραμε Φᾶσιν—,tlg0005.tlg001.perseus-grc2.xml
Idylls,tlg001,13,24,αἰετὸς ἐς μέγα λαῖτμα· ἀφʼ οὗ τότε χοιράδες ἔσταν.,αἰετὸς ἐς μέγα λαῖτμα· ἀφ’ οὗ τότε χοιράδες ἔσταν.,tlg0005.tlg001.perseus-grc2.xml
Idylls,tlg001,13,25,"ἆμος δʼ ἀντέλλοντι Πελειάδες, ἐσχατιαὶ δὲ","ἆμος δ’ ἀντέλλοντι Πελειάδες, ἐσχατιαὶ δὲ",tlg0005.tlg001.perseus-grc2.xml
Idylls,tlg001,13,26,"ἄρνα νέον βόσκοντι, τετραμμένου εἴαρος ἤδη,","ἄρνα νέον βόσκοντι, τετραμμένου εἴαρος ἤδη,",tlg0005.tlg001.perseus-grc2.xml
Idylls,tlg001,13,27,τᾶμος ναυτιλίας μιμνάσκετο θεῖος ἄωτος,τᾶμος ναυτιλίας μιμνάσκετο θεῖος ἄωτος,tlg0005.tlg001.perseus-grc2.xml
Idylls,tlg001,13,28,"ἡρώων, κοίλαν δὲ καθιδρυνθέντες ἐς Ἀργὼ","ἡρώων, κοίλαν δὲ καθιδρυνθέντες ἐς Ἀργὼ",tlg0005.tlg001.perseus-grc2.xml
Idylls,tlg001,13,29,"Ἑλλάσποντον ἵκοντο νότῳ τρίτον ἆμαρ ἀέντι,","Ἑλλάσποντον ἵκοντο νότῳ τρίτον ἆμαρ ἀέντι,",tlg0005.tlg001.perseus-grc2.xml
Idylls,tlg001,13,30,"εἴσω δʼ ὅρμον ἔθεντο Προποντίδος, ἔνθα Κιανῶν","εἴσω δ’ ὅρμον ἔθεντο Προποντίδος, ἔνθα Κιανῶν",tlg0005.tlg001.perseus-grc2.xml
Idylls,tlg001,13,31,αὔλακας εὐρύνοντι βόες τρίβοντες ἄροτρα.,αὔλακας εὐρύνοντι βόες τρίβοντες ἄροτρα.,tlg0005.tlg001.perseus-grc2.xml
Idylls,tlg001,13,32,ἐκβάντες δʼ ἐπὶ θῖνα κατὰ ζυγὰ δαῖτα πένοντο,ἐκβάντες δ’ ἐπὶ θῖνα κατὰ ζυγὰ δαῖτα πένοντο,tlg0005.tlg001.perseus-grc2.xml
Idylls,tlg001,13,33,"δειελινοί, πολλοὶ δὲ μίαν στορέσαντο χαμεύναν.","δειελινοί, πολλοὶ δὲ μίαν στορέσαντο χαμεύναν.",tlg0005.tlg001.perseus-grc2.xml
Idylls,tlg001,13,34,"λειμὼν γάρ σφιν ἔκειτο, μέγα στιβάδεσσιν ὄνειαρ,","λειμὼν γάρ σφιν ἔκειτο, μέγα στιβάδεσσιν ὄνειαρ,",tlg0005.tlg001.perseus-grc2.xml
Idylls,tlg001,13,35,ἔνθεν βούτομον ὀξὺ βαθύν τʼ ἐτάμοντο κύπειρον.,ἔνθεν βούτομον ὀξὺ βαθύν τ’ ἐτάμοντο κύπειρον.,tlg0005.tlg001.perseus-grc2.xml
Idylls,tlg001,13,36,κᾤχεθʼ Ὕλας ὁ ξανθὸς ὕδωρ ἐπιδόρπιον οἰσῶν,κᾤχεθ’ Ὕλας ὁ ξανθὸς ὕδωρ ἐπιδόρπιον οἰσῶν,tlg0005.tlg001.perseus-grc2.xml
Idylls,tlg001,13,37,"αὐτῷ θʼ Ἡρακλῆι καὶ ἀστεμφεῖ Τελαμῶνι,","αὐτῷ θ’ Ἡρακλῆι καὶ ἀστεμφεῖ Τελαμῶνι,",tlg0005.tlg001.perseus-grc2.xml
Idylls,tlg001,13,38,"οἳ μίαν ἄμφω ἑταῖροι ἀεὶ δαίνυντο τράπεζαν,","οἳ μίαν ἄμφω ἑταῖροι ἀεὶ δαίνυντο τράπεζαν,",tlg0005.tlg001.perseus-grc2.xml
Idylls,tlg001,13,39,χάλκεον ἄγγος ἔχων. τάχα δὲ κράναν ἐνόησεν,χάλκεον ἄγγος ἔχων. τάχα δὲ κράναν ἐνόησεν,tlg0005.tlg001.perseus-grc2.xml
Idylls,tlg001,13,40,"ἡμένῳ ἐν χώρῳ· περὶ δὲ θρύα πολλὰ πεφύκει,","ἡμένῳ ἐν χώρῳ· περὶ δὲ θρύα πολλὰ πεφύκει,",tlg0005.tlg001.perseus-grc2.xml
Idylls,tlg001,13,41,κυάνεόν τε χελιδόνιον χλωρόν τʼ ἀδίαντον,κυάνεόν τε χελιδόνιον χλωρόν τ’ ἀδίαντον,tlg0005.tlg001.perseus-grc2.xml
Idylls,tlg001,13,42,καὶ θάλλοντα σέλινα καὶ εἰλιτενὴς ἄγρωστις.,καὶ θάλλοντα σέλινα καὶ εἰλιτενὴς ἄγρωστις.,tlg0005.tlg001.perseus-grc2.xml
Idylls,tlg001,13,43,"ὕδατι δʼ ἐν μέσσῳ Νύμφαι χορὸν ἀρτίζοντο,","ὕδατι δ’ ἐν μέσσῳ Νύμφαι χορὸν ἀρτίζοντο,",tlg0005.tlg001.perseus-grc2.xml
Idylls,tlg001,13,44,"νύμφαι ἀκοίμητοι, δειναὶ θεαὶ ἀγροιώταις,","νύμφαι ἀκοίμητοι, δειναὶ θεαὶ ἀγροιώταις,",tlg0005.tlg001.perseus-grc2.xml
Idylls,tlg001,13,45,"Εὐνείκα καὶ Μαλὶς ἔαρ θʼ ὁρόωσα Νύχεια,","Εὐνείκα καὶ Μαλὶς ἔαρ θ’ ὁρόωσα Νύχεια,",tlg0005.tlg001.perseus-grc2.xml
Idylls,tlg001,13,46,ἤτοι ὁ κοῦρος ἐπεῖχε ποτῷ πολυχανδέα κρωσσὸν,ἤτοι ὁ κοῦρος ἐπεῖχε ποτῷ πολυχανδέα κρωσσὸν,tlg0005.tlg001.perseus-grc2.xml
Idylls,tlg001,13,47,"βάψαι ἐπειγόμενος, ταὶ δʼ ἐν χερὶ πᾶσαι ἔφυσαν·","βάψαι ἐπειγόμενος, ταὶ δ’ ἐν χερὶ πᾶσαι ἔφυσαν·",tlg0005.tlg001.perseus-grc2.xml
Idylls,tlg001,13,48,πασάων γὰρ ἔρως ἁπαλὰς φρένας ἐξεσόβησεν,πασάων γὰρ ἔρως ἁπαλὰς φρένας ἐξεσόβησεν,tlg0005.tlg001.perseus-grc2.xml
Idylls,tlg001,13,49,Ἀργείῳ ἐπὶ παιδί· κατήριπε δʼ ἐς μέλαν ὕδωρ,Ἀργείῳ ἐπὶ παιδί· κατήριπε δ’ ἐς μέλαν ὕδωρ,tlg0005.tlg001.perseus-grc2.xml
Idylls,tlg001,13,50,"ἀθρόος, ὡς ὅτε πυρσὸς ἀπʼ οὐρανοῦ ἤριπεν ἀστὴρ","ἀθρόος, ὡς ὅτε πυρσὸς ἀπ’ οὐρανοῦ ἤριπεν ἀστὴρ",tlg0005.tlg001.perseus-grc2.xml
Idylls,tlg001,13,51,"ἀθρόος, ἐν πόντῳ, ναύταις δέ τις εἶπεν ἑταίροις·","ἀθρόος, ἐν πόντῳ, ναύταις δέ τις εἶπεν ἑταίροις·",tlg0005.tlg001.perseus-grc2.xml
Idylls,tlg001,13,52,κουφότερʼ ὦ παῖδες ποιεῖσθʼ ὅπλα· πνευστικὸς οὖρος.,κουφότερ’ ὦ παῖδες ποιεῖσθ’ ὅπλα· πνευστικὸς οὖρος.,tlg0005.tlg001.perseus-grc2.xml
Idylls,tlg001,13,53,νύμφαι μὲν σφετέροις ἐπὶ γούνασι κοῦρον ἔχοισαι,νύμφαι μὲν σφετέροις ἐπὶ γούνασι κοῦρον ἔχοισαι,tlg0005.tlg001.perseus-grc2.xml
Idylls,tlg001,13,54,δακρυόεντʼ ἀγανοῖσι παρεψύχοντʼ ἐπέεσσιν.,δακρυόεντ’ ἀγανοῖσι παρεψύχοντ’ ἐπέεσσιν.,tlg0005.tlg001.perseus-grc2.xml
Idylls,tlg001,13,55,Ἀμφιτρυωνιάδας δὲ ταρασσόμενος περὶ παιδὶ,Ἀμφιτρυωνιάδας δὲ ταρασσόμενος περὶ παιδὶ,tlg0005.tlg001.perseus-grc2.xml
Idylls,tlg001,13,56,"ᾤχετο, μαιωτιστὶ λαβὼν εὐκαμπέα τόξα","ᾤχετο, μαιωτιστὶ λαβὼν εὐκαμπέα τόξα",tlg0005.tlg001.perseus-grc2.xml
Idylls,tlg001,13,57,"καὶ ῥόπαλον, τό οἱ αἰὲν ἐχάνδανε δεξιτερὴ χείρ.","καὶ ῥόπαλον, τό οἱ αἰὲν ἐχάνδανε δεξιτερὴ χείρ.",tlg0005.tlg001.perseus-grc2.xml
Idylls,tlg001,13,58,"τρὶς μὲν Ὕλαν ἄυσεν, ὅσον βαρὺς ἤρυγε λαιμός·","τρὶς μὲν Ὕλαν ἄυσεν, ὅσον βαρὺς ἤρυγε λαιμός·",tlg0005.tlg001.perseus-grc2.xml
Idylls,tlg001,13,59,"τρὶς δʼ ἄρʼ ὁ παῖς ὑπάκουσεν, ἀραιὰ δʼ ἵκετο φωνὰ","τρὶς δ’ ἄρ’ ὁ παῖς ὑπάκουσεν, ἀραιὰ δ’ ἵκετο φωνὰ",tlg0005.tlg001.perseus-grc2.xml
Idylls,tlg001,13,60,"ἐξ ὕδατος, παρεὼν δὲ μάλα σχεδὸν εἴδετο πόρρω.","ἐξ ὕδατος, παρεὼν δὲ μάλα σχεδὸν εἴδετο πόρρω.",tlg0005.tlg001.perseus-grc2.xml
Idylls,tlg001,13,61,"ὡς δʼ ὁπότʼ ἠυγένειος ἀπόπροθι λῖς ἐσακούσας,","ὡς δ’ ὁπότ’ ἠυγένειος ἀπόπροθι λῖς ἐσακούσας,",tlg0005.tlg001.perseus-grc2.xml
Idylls,tlg001,13,62,νεβροῦ φθεγξαμένας τις ἐν οὔρεσιν ὠμοφάγος λῖς,νεβροῦ φθεγξαμένας τις ἐν οὔρεσιν ὠμοφάγος λῖς,tlg0005.tlg001.perseus-grc2.xml
Idylls,tlg001,13,63,ἐξ εὐνᾶς ἔσπευσεν ἑτοιμοτάταν ἐπὶ δαῖτα·,ἐξ εὐνᾶς ἔσπευσεν ἑτοιμοτάταν ἐπὶ δαῖτα·,tlg0005.tlg001.perseus-grc2.xml
Idylls,tlg001,13,64,Ἡρακλέης τοιοῦτος ἐν ἀτρίπτοισιν ἀκάνθαις,Ἡρακλέης τοιοῦτος ἐν ἀτρίπτοισιν ἀκάνθαις,tlg0005.tlg001.perseus-grc2.xml
Idylls,tlg001,13,65,"παῖδα ποθῶν δεδόνητο, πολὺν δʼ ἐπελάμβανε χῶρον.","παῖδα ποθῶν δεδόνητο, πολὺν δ’ ἐπελάμβανε χῶρον.",tlg0005.tlg001.perseus-grc2.xml
Idylls,tlg001,13,66,σχέτλιοι οἱ φιλέοντες· ἀλώμενος ὅσσʼ ἐμόγησεν,σχέτλιοι οἱ φιλέοντες· ἀλώμενος ὅσσ’ ἐμόγησεν,tlg0005.tlg001.perseus-grc2.xml
Idylls,tlg001,13,67,"οὔρεα καὶ δρυμούς, τὰ δʼ Ἰήσονος ὕστερα πάντʼ ἦς.","οὔρεα καὶ δρυμούς, τὰ δ’ Ἰήσονος ὕστερα πάντ’ ἦς.",tlg0005.tlg001.perseus-grc2.xml
Idylls,tlg001,13,68,"ναῦς γέμεν ἄρμενʼ ἔχοισα μετάρσια τῶν παρεόντων,","ναῦς γέμεν ἄρμεν’ ἔχοισα μετάρσια τῶν παρεόντων,",tlg0005.tlg001.perseus-grc2.xml
Idylls,tlg001,13,69,ἱστία δʼ ἡμίθεοι μεσονύκτιον ἐξεκάθαιρον,ἱστία δ’ ἡμίθεοι μεσονύκτιον ἐξεκάθαιρον,tlg0005.tlg001.perseus-grc2.xml
Idylls,tlg001,13,70,Ἡρακλῆα μένοντες. ὁ δʼ ᾇ πόδες ἆγον ἐχώρει,Ἡρακλῆα μένοντες. ὁ δ’ ᾇ πόδες ἆγον ἐχώρει,tlg0005.tlg001.perseus-grc2.xml
Idylls,tlg001,13,71,μαινόμενος· χαλεπὸς γὰρ ἔσω θεὸς ἧπαρ ἄμυσσεν.,μαινόμενος· χαλεπὸς γὰρ ἔσω θεὸς ἧπαρ ἄμυσσεν.,tlg0005.tlg001.perseus-grc2.xml
Idylls,tlg001,13,72,οὕτω μὲν κάλλιστος Ὕλας μακάρων ἀμιθρεῖται·,οὕτω μὲν κάλλιστος Ὕλας μακάρων ἀμιθρεῖται·,tlg0005.tlg001.perseus-grc2.xml
Idylls,tlg001,13,73,"Ἡρακλέην δʼ ἥρωες ἐκερτόμεον λιποναύταν,","Ἡρακλέην δ’ ἥρωες ἐκερτόμεον λιποναύταν,",tlg0005.tlg001.perseus-grc2.xml
Idylls,tlg001,13,74,"οὕνεκεν ἠρώησε τριακοντάζυγον Ἀργώ,","οὕνεκεν ἠρώησε τριακοντάζυγον Ἀργώ,",tlg0005.tlg001.perseus-grc2.xml
Idylls,tlg001,13,75,πεζᾷ δʼ ἐς Κόλχους τε καὶ ἄξενον ἵκετο Φᾶσιν.,πεζᾷ δ’ ἐς Κόλχους τε καὶ ἄξενον ἵκετο Φᾶσιν.,tlg0005.tlg001.perseus-grc2.xml
Idylls,tlg001,14,1,χαίρειν πολλὰ τὸν ἄνδρα Θυώνιχον.,χαίρειν πολλὰ τὸν ἄνδρα Θυώνιχον.,tlg0005.tlg001.perseus-grc2.xml
Idylls,tlg001,14,1b,"ἀλλὰ τὺ ταὐτά,","ἀλλὰ τὺ ταὐτά,",tlg0005.tlg001.perseus-grc2.xml
Idylls,tlg001,14,2,Αἰσχίνα.,Αἰσχίνα.,tlg0005.tlg001.perseus-grc2.xml
Idylls,tlg001,14,2b,ὡς χρόνιος.,ὡς χρόνιος.,tlg0005.tlg001.perseus-grc2.xml
Idylls,tlg001,14,2c,χρόνιος; τί δέ τοι τὸ μέλημα;,χρόνιος; τί δέ τοι τὸ μέλημα;,tlg0005.tlg001.perseus-grc2.xml
Idylls,tlg001,14,3,πράσσομες οὐχ ὡς λῷστα Θυώνιχε.,πράσσομες οὐχ ὡς λῷστα Θυώνιχε.,tlg0005.tlg001.perseus-grc2.xml
Idylls,tlg001,14,3b,"ταῦτʼ ἄρα λεπτός,","ταῦτ’ ἄρα λεπτός,",tlg0005.tlg001.perseus-grc2.xml
Idylls,tlg001,14,4,"χὡ μύσταξ πολὺς οὗτος, ἀυσταλέοι δὲ κίκιννοι.","χὡ μύσταξ πολὺς οὗτος, ἀυσταλέοι δὲ κίκιννοι.",tlg0005.tlg001.perseus-grc2.xml
Idylls,tlg001,14,5,"τοιοῦτος πρώαν τις ἀφίκετο Πυθαγορικτάς,","τοιοῦτος πρώαν τις ἀφίκετο Πυθαγορικτάς,",tlg0005.tlg001.perseus-grc2.xml
Idylls,tlg001,14,6,ὠχρὸς κἀνυπόδητος· Ἀθηναῖος δʼ ἔφατʼ ἦμεν.,ὠχρὸς κἀνυπόδητος· Ἀθηναῖος δ’ ἔφατ’ ἦμεν.,tlg0005.tlg001.perseus-grc2.xml
Idylls,tlg001,14,7,"ἤρατο μὰν καὶ τῆνος, ἐμὶν δοκεῖ, ὀπτῶ ἀλεύρω.","ἤρατο μὰν καὶ τῆνος, ἐμὶν δοκεῖ, ὀπτῶ ἀλεύρω.",tlg0005.tlg001.perseus-grc2.xml
Idylls,tlg001,14,8,παίσδεις ὦγάθʼ ἔχων· ἐμὲ δʼ ἁ χαρίεσσα Κυνίσκα,παίσδεις ὦγάθ’ ἔχων· ἐμὲ δ’ ἁ χαρίεσσα Κυνίσκα,tlg0005.tlg001.perseus-grc2.xml
Idylls,tlg001,14,9,"ὑβρίσδει· λασῶ δὲ μανείς ποκα, θρὶξ ἀνὰ μέσσον.","ὑβρίσδει· λασῶ δὲ μανείς ποκα, θρὶξ ἀνὰ μέσσον.",tlg0005.tlg001.perseus-grc2.xml
Idylls,tlg001,14,10,"τοιοῦτος μὲν ἀεὶ τὺ φίλʼ Αἰσχίνα, ἁσυχᾷ ὀξύς,","τοιοῦτος μὲν ἀεὶ τὺ φίλ’ Αἰσχίνα, ἁσυχᾷ ὀξύς,",tlg0005.tlg001.perseus-grc2.xml
Idylls,tlg001,14,11,"πάντʼ ἐθέλων κατὰ καιρόν· ὅμως δʼ εἶπον, τί τὸ καινόν.","πάντ’ ἐθέλων κατὰ καιρόν· ὅμως δ’ εἶπον, τί τὸ καινόν.",tlg0005.tlg001.perseus-grc2.xml
Idylls,tlg001,14,12,ὡργεῖος κἠγὼ καὶ ὁ Θεσσαλὸς ἱπποδιώκτας,ὡργεῖος κἠγὼ καὶ ὁ Θεσσαλὸς ἱπποδιώκτας,tlg0005.tlg001.perseus-grc2.xml
Idylls,tlg001,14,13,Ἆπις καὶ Κλεύνικος ἐπίνομες ὁ στρατιώτας,Ἆπις καὶ Κλεύνικος ἐπίνομες ὁ στρατιώτας,tlg0005.tlg001.perseus-grc2.xml
Idylls,tlg001,14,14,ἐν χώρῳ παρʼ ἐμίν. δύο μὲν κατέκοψα νεοσσὼς,ἐν χώρῳ παρ’ ἐμίν. δύο μὲν κατέκοψα νεοσσὼς,tlg0005.tlg001.perseus-grc2.xml
Idylls,tlg001,14,15,"θηλάζοντά τε χοῖρον, ἀνῷξα δὲ βίβλινον αὐτοῖς","θηλάζοντά τε χοῖρον, ἀνῷξα δὲ βίβλινον αὐτοῖς",tlg0005.tlg001.perseus-grc2.xml
Idylls,tlg001,14,16,"εὐώδη, τετόρων ἐτέων, σχεδὸν ὡς ἀπὸ λανῶ.","εὐώδη, τετόρων ἐτέων, σχεδὸν ὡς ἀπὸ λανῶ.",tlg0005.tlg001.perseus-grc2.xml
Idylls,tlg001,14,17,βολβὸς κτεὶς κοχλίας ἐξῃρέθη. ἦς πότος ἁδύς.,βολβὸς κτεὶς κοχλίας ἐξῃρέθη. ἦς πότος ἁδύς.,tlg0005.tlg001.perseus-grc2.xml
Idylls,tlg001,14,18,"ἤδη δὲ προϊόντος, ἔδοξʼ ἐπιχεῖσθαι ἄκρατον","ἤδη δὲ προϊόντος, ἔδοξ’ ἐπιχεῖσθαι ἄκρατον",tlg0005.tlg001.perseus-grc2.xml
Idylls,tlg001,14,19,ὧτινος ἤθελʼ ἕκαστος· ἔδει μόνον ὧτινος εἰπεῖν.,ὧτινος ἤθελ’ ἕκαστος· ἔδει μόνον ὧτινος εἰπεῖν.,tlg0005.tlg001.perseus-grc2.xml
Idylls,tlg001,14,20,"ἄμμες μὲν φωνεῦντες ἐπίνομες, ὡς ἐδέδοκτο·","ἄμμες μὲν φωνεῦντες ἐπίνομες, ὡς ἐδέδοκτο·",tlg0005.tlg001.perseus-grc2.xml
Idylls,tlg001,14,21,ἁ δʼ οὐδὲν παρεόντος ἐμεῦ. τίνʼ ἔχειν με δοκεῖς νοῦν;,ἁ δ’ οὐδὲν παρεόντος ἐμεῦ. τίν’ ἔχειν με δοκεῖς νοῦν;,tlg0005.tlg001.perseus-grc2.xml
Idylls,tlg001,14,22,"οὐ φθεγξῇ; λύκον εἶδες· ἔπαιξέ τις. ὡς σοφός εἶπε,","οὐ φθεγξῇ; λύκον εἶδες· ἔπαιξέ τις. ὡς σοφός εἶπε,",tlg0005.tlg001.perseus-grc2.xml
Idylls,tlg001,14,23,κἠφᾶπτʼ· εὐμαρέως κεν ἀπʼ αὐτᾶς καὶ λύχνον ἇψας.,κἠφᾶπτ’· εὐμαρέως κεν ἀπ’ αὐτᾶς καὶ λύχνον ἇψας.,tlg0005.tlg001.perseus-grc2.xml
Idylls,tlg001,14,24,"ἔστι Λύκος, Λύκος ἐστί, Λάβα τῶ γείτονος υἱός,","ἔστι Λύκος, Λύκος ἐστί, Λάβα τῶ γείτονος υἱός,",tlg0005.tlg001.perseus-grc2.xml
Idylls,tlg001,14,25,"εὐμάκης ἁπαλός, πολλοῖς δοκέων καλὸς ἦμεν.","εὐμάκης ἁπαλός, πολλοῖς δοκέων καλὸς ἦμεν.",tlg0005.tlg001.perseus-grc2.xml
Idylls,tlg001,14,26,τούτω τὸν κλύμενον κατετάκετο τῆνον ἔρωτα.,τούτω τὸν κλύμενον κατετάκετο τῆνον ἔρωτα.,tlg0005.tlg001.perseus-grc2.xml
Idylls,tlg001,14,27,χἁμῖν τοῦτο διʼ ὠτὸς ἔγεντό ποθʼ ἁσυχᾷ οὑτῶς·,χἁμῖν τοῦτο δι’ ὠτὸς ἔγεντό ποθ’ ἁσυχᾷ οὑτῶς·,tlg0005.tlg001.perseus-grc2.xml
Idylls,tlg001,14,28,οὐ μὰν ἐξήταξα μάταν εἰς ἄνδρα γενειῶν.,οὐ μὰν ἐξήταξα μάταν εἰς ἄνδρα γενειῶν.,tlg0005.tlg001.perseus-grc2.xml
Idylls,tlg001,14,29,"ἤδη δʼ ὦν πόσιος τοὶ τέσσαρες ἐν βάθει ἦμες,","ἤδη δ’ ὦν πόσιος τοὶ τέσσαρες ἐν βάθει ἦμες,",tlg0005.tlg001.perseus-grc2.xml
Idylls,tlg001,14,30,"χὡ Λαρισαῖος τὸν ἐμὸν Λύκον ᾆδεν ἀπʼ ἀρχᾶς,","χὡ Λαρισαῖος τὸν ἐμὸν Λύκον ᾆδεν ἀπ’ ἀρχᾶς,",tlg0005.tlg001.perseus-grc2.xml
Idylls,tlg001,14,31,"Θεσσαλικόν τι μέλισμα, κακαὶ φρένες· ἁ δὲ Κυνίσκα","Θεσσαλικόν τι μέλισμα, κακαὶ φρένες· ἁ δὲ Κυνίσκα",tlg0005.tlg001.perseus-grc2.xml
Idylls,tlg001,14,32,ἔκλαιʼ ἐξαπίνας θαλερώτερον ἢ παρὰ ματρὶ,ἔκλαι’ ἐξαπίνας θαλερώτερον ἢ παρὰ ματρὶ,tlg0005.tlg001.perseus-grc2.xml
Idylls,tlg001,14,33,παρθένος ἑξαέτης κόλπω ἐπιθυμήσασα.,παρθένος ἑξαέτης κόλπω ἐπιθυμήσασα.,tlg0005.tlg001.perseus-grc2.xml
Idylls,tlg001,14,34,"τᾶμος ἐγώ, τὸν ἴσαις τὺ Θυώνιχε, πὺξ ἐπὶ κόρρας","τᾶμος ἐγώ, τὸν ἴσαις τὺ Θυώνιχε, πὺξ ἐπὶ κόρρας",tlg0005.tlg001.perseus-grc2.xml
Idylls,tlg001,14,35,"ἤλασα, κἄλλαν αὖθις. ἀνειρύσσασα δὲ πέπλως","ἤλασα, κἄλλαν αὖθις. ἀνειρύσσασα δὲ πέπλως",tlg0005.tlg001.perseus-grc2.xml
Idylls,tlg001,14,36,"ἔξω ἀπῴχετο θᾶσσον. ἐμὸν κακόν, οὔ τοι ἀρέσκω;","ἔξω ἀπῴχετο θᾶσσον. ἐμὸν κακόν, οὔ τοι ἀρέσκω;",tlg0005.tlg001.perseus-grc2.xml
Idylls,tlg001,14,37,ἄλλός τοι γλυκίων ὑποκόλπιος; ἄλλον ἰοῖσα,ἄλλός τοι γλυκίων ὑποκόλπιος; ἄλλον ἰοῖσα,tlg0005.tlg001.perseus-grc2.xml
Idylls,tlg001,14,38,θάλπε φίλον. τήνῳ τὰ σὰ δάκρυα μᾶλα ῥέοντι.,θάλπε φίλον. τήνῳ τὰ σὰ δάκρυα μᾶλα ῥέοντι.,tlg0005.tlg001.perseus-grc2.xml
Idylls,tlg001,14,39,μάστακα δοῖσα τέκνοισιν ὑπωροφίοισι χελιδὼν,μάστακα δοῖσα τέκνοισιν ὑπωροφίοισι χελιδὼν,tlg0005.tlg001.perseus-grc2.xml
Idylls,tlg001,14,40,ἄψορρον ταχινὰ πέτεται βίον ἄλλον ἀγείρειν·,ἄψορρον ταχινὰ πέτεται βίον ἄλλον ἀγείρειν·,tlg0005.tlg001.perseus-grc2.xml
Idylls,tlg001,14,41,ὠκυτέρα μαλακᾶς ἀπὸ δίφρακος ἔδραμε τήνα,ὠκυτέρα μαλακᾶς ἀπὸ δίφρακος ἔδραμε τήνα,tlg0005.tlg001.perseus-grc2.xml
Idylls,tlg001,14,42,"ἰθὺ διʼ ἀμφιθύρω καὶ δικλίδος, ᾇ πόδες ἆγον.","ἰθὺ δι’ ἀμφιθύρω καὶ δικλίδος, ᾇ πόδες ἆγον.",tlg0005.tlg001.perseus-grc2.xml
Idylls,tlg001,14,43,αἶνός θην λέγεταί τις· ἔβα τάχα ταῦρος ἀνʼ ὕλαν.,αἶνός θην λέγεταί τις· ἔβα τάχα ταῦρος ἀν’ ὕλαν.,tlg0005.tlg001.perseus-grc2.xml
Idylls,tlg001,14,44,"εἴκατι· ταὶ δʼ ὀκτώ, ταὶ δʼ ἐννέα, ταὶ δὲ δέκʼ ἄλλαι,","εἴκατι· ταὶ δ’ ὀκτώ, ταὶ δ’ ἐννέα, ταὶ δὲ δέκ’ ἄλλαι,",tlg0005.tlg001.perseus-grc2.xml
Idylls,tlg001,14,45,"σάμερον ἑνδεκάτα, ποτίθει δύο, καὶ δύο μῆνες,","σάμερον ἑνδεκάτα, ποτίθει δύο, καὶ δύο μῆνες,",tlg0005.tlg001.perseus-grc2.xml
Idylls,tlg001,14,46,"ἐξ ὧ ἀπʼ ἀλλάλων. οὐδʼ εἰ Θρᾳκιστὶ κέκαρμαι,","ἐξ ὧ ἀπ’ ἀλλάλων. οὐδ’ εἰ Θρᾳκιστὶ κέκαρμαι,",tlg0005.tlg001.perseus-grc2.xml
Idylls,tlg001,14,47,"οἶδε. Λύκος νῦν πάντα, Λύκῳ καὶ νυκτὸς ἀνῷκται.","οἶδε. Λύκος νῦν πάντα, Λύκῳ καὶ νυκτὸς ἀνῷκται.",tlg0005.tlg001.perseus-grc2.xml
Idylls,tlg001,14,48,"ἄμμες δʼ οὔτε λόγω τινὸς ἄξιοι οὔτʼ ἀριθμητοί,","ἄμμες δ’ οὔτε λόγω τινὸς ἄξιοι οὔτ’ ἀριθμητοί,",tlg0005.tlg001.perseus-grc2.xml
Idylls,tlg001,14,49,δύστηνοι Μεγαρῆες ἀτιμοτάτῃ ἐνὶ μοίρῃ.,δύστηνοι Μεγαρῆες ἀτιμοτάτῃ ἐνὶ μοίρῃ.,tlg0005.tlg001.perseus-grc2.xml
Idylls,tlg001,14,50,"κεἰ μὲν ἀποστέρξαιμι, τὰ πάντά κεν εἰς δέον ἕρποι.","κεἰ μὲν ἀποστέρξαιμι, τὰ πάντά κεν εἰς δέον ἕρποι.",tlg0005.tlg001.perseus-grc2.xml
Idylls,tlg001,14,51,"νῦν δὲ πόθεν; μῦς, φαντὶ Θυώνιχε, γεύμεθα πίσσας.","νῦν δὲ πόθεν; μῦς, φαντὶ Θυώνιχε, γεύμεθα πίσσας.",tlg0005.tlg001.perseus-grc2.xml
Idylls,tlg001,14,52,"χὥτι τὸ φάρμακόν ἐστιν ἀμηχανέοντος ἔρωτος,","χὥτι τὸ φάρμακόν ἐστιν ἀμηχανέοντος ἔρωτος,",tlg0005.tlg001.perseus-grc2.xml
Idylls,tlg001,14,53,οὐκ οἶδα. πλὰν Σῖμος ὁ τᾶς Ἐπιχάλκω ἐρασθεὶς,οὐκ οἶδα. πλὰν Σῖμος ὁ τᾶς Ἐπιχάλκω ἐρασθεὶς,tlg0005.tlg001.perseus-grc2.xml
Idylls,tlg001,14,54,"ἐκπλεύσας ὑγιὴς ἐπανῆλθʼ, ἐμὸς ἁλικιώτας.","ἐκπλεύσας ὑγιὴς ἐπανῆλθ’, ἐμὸς ἁλικιώτας.",tlg0005.tlg001.perseus-grc2.xml
Idylls,tlg001,14,55,"πλευσοῦμαι κἠγὼ διαπόντιος, οὔτε κάκιστος","πλευσοῦμαι κἠγὼ διαπόντιος, οὔτε κάκιστος",tlg0005.tlg001.perseus-grc2.xml
Idylls,tlg001,14,56,"οὔτε πρᾶτος ἴσως, ὁμαλὸς δέ τις ὁ στρατιώτας.","οὔτε πρᾶτος ἴσως, ὁμαλὸς δέ τις ὁ στρατιώτας.",tlg0005.tlg001.perseus-grc2.xml
Idylls,tlg001,14,57,"ὤφελε μὰν χωρεῖν κατὰ νοῦν τεόν, ὧν ἐπεθύμεις","ὤφελε μὰν χωρεῖν κατὰ νοῦν τεόν, ὧν ἐπεθύμεις",tlg0005.tlg001.perseus-grc2.xml
Idylls,tlg001,14,58,"Αἰσχίνα. εἰ δʼ οὑτῶς ἄρα τοι δοκεῖ ὥστʼ ἀποδαμεῖν,","Αἰσχίνα. εἰ δ’ οὑτῶς ἄρα τοι δοκεῖ ὥστ’ ἀποδαμεῖν,",tlg0005.tlg001.perseus-grc2.xml
Idylls,tlg001,14,59,"μισθοδότας Πτολεμαῖος ἐλευθέρῳ οἷος ἄριστος,","μισθοδότας Πτολεμαῖος ἐλευθέρῳ οἷος ἄριστος,",tlg0005.tlg001.perseus-grc2.xml
Idylls,tlg001,14,60,τἄλλα δʼ ἀνὴρ ποῖός τις ἐλευθέρῳ οἷος ἄριστος;,τἄλλα δ’ ἀνὴρ ποῖός τις ἐλευθέρῳ οἷος ἄριστος;,tlg0005.tlg001.perseus-grc2.xml
Idylls,tlg001,14,61,"εὐγνώμων, φιλόμουσος, ἐρωτικός, εἰς ἄκρον ἁδύς,","εὐγνώμων, φιλόμουσος, ἐρωτικός, εἰς ἄκρον ἁδύς,",tlg0005.tlg001.perseus-grc2.xml
Idylls,tlg001,14,62,"εἰδὼς τὸν φιλέοντα, τὸν οὐ φιλέοντʼ ἔτι μᾶλλον,","εἰδὼς τὸν φιλέοντα, τὸν οὐ φιλέοντ’ ἔτι μᾶλλον,",tlg0005.tlg001.perseus-grc2.xml
Idylls,tlg001,14,63,"πολλοῖς πολλὰ διδούς, αἰτεύμενος οὐκ ἀνανεύων","πολλοῖς πολλὰ διδούς, αἰτεύμενος οὐκ ἀνανεύων",tlg0005.tlg001.perseus-grc2.xml
Idylls,tlg001,14,64,οἷα χρὴ βασιλῆʼ· αἰτεῖν δὲ δεῖ οὐκ ἐπὶ παντὶ,οἷα χρὴ βασιλῆ’· αἰτεῖν δὲ δεῖ οὐκ ἐπὶ παντὶ,tlg0005.tlg001.perseus-grc2.xml
Idylls,tlg001,14,65,Αἰσχίνα. ὥστʼ εἴ τοι κατὰ δεξιὸν ὦμον ἀρέσκει,Αἰσχίνα. ὥστ’ εἴ τοι κατὰ δεξιὸν ὦμον ἀρέσκει,tlg0005.tlg001.perseus-grc2.xml
Idylls,tlg001,14,66,"λῶπος ἄκρον περονᾶσθαι, ἐπʼ ἀμφοτέροις δὲ βεβακὼς","λῶπος ἄκρον περονᾶσθαι, ἐπ’ ἀμφοτέροις δὲ βεβακὼς",tlg0005.tlg001.perseus-grc2.xml
Idylls,tlg001,14,67,"τολμασεῖς ἐπιόντα μένειν θρασὺν ἀσπιδιώταν,","τολμασεῖς ἐπιόντα μένειν θρασὺν ἀσπιδιώταν,",tlg0005.tlg001.perseus-grc2.xml
Idylls,tlg001,14,68,ᾇ τάχος εἰς Αἴγυπτον. ἀπὸ κροτάφων πελόμεσθα,ᾇ τάχος εἰς Αἴγυπτον. ἀπὸ κροτάφων πελόμεσθα,tlg0005.tlg001.perseus-grc2.xml
Idylls,tlg001,14,69,"πάντες γηραλέοι, καὶ ἐπισχερὼ ἐς γένυν ἕρπει","πάντες γηραλέοι, καὶ ἐπισχερὼ ἐς γένυν ἕρπει",tlg0005.tlg001.perseus-grc2.xml
Idylls,tlg001,14,70,"λευκαίνων ὁ χρόνος· ποιεῖν τι δεῖ, ἇς γόνυ χλωρόν.","λευκαίνων ὁ χρόνος· ποιεῖν τι δεῖ, ἇς γόνυ χλωρόν.",tlg0005.tlg001.perseus-grc2.xml
Idylls,tlg001,15,1,ἔνδοι Πραξινόα;,ἔνδοι Πραξινόα;,tlg0005.tlg001.perseus-grc2.xml
Idylls,tlg001,15,1b,"Γοργοῖ φίλα, ὡς χρόνῳ. ἔνδοι.","Γοργοῖ φίλα, ὡς χρόνῳ. ἔνδοι.",tlg0005.tlg001.perseus-grc2.xml
Idylls,tlg001,15,2,θαῦμʼ ὅτι καὶ νῦν ἦνθες. ὅρη δίφρον Εὐνόα αὐτῇ.,θαῦμ’ ὅτι καὶ νῦν ἦνθες. ὅρη δίφρον Εὐνόα αὐτῇ.,tlg0005.tlg001.perseus-grc2.xml
Idylls,tlg001,15,3,ἔμβαλε καὶ ποτίκρανον.,ἔμβαλε καὶ ποτίκρανον.,tlg0005.tlg001.perseus-grc2.xml
Idylls,tlg001,15,3b,ἔχει κάλλιστα.,ἔχει κάλλιστα.,tlg0005.tlg001.perseus-grc2.xml
Idylls,tlg001,15,3c,καθίζευ.,καθίζευ.,tlg0005.tlg001.perseus-grc2.xml
Idylls,tlg001,15,4,ὢ τᾶς ἀλεμάτω ψυχᾶς· μόλις ὔμμιν ἐσώθην,ὢ τᾶς ἀλεμάτω ψυχᾶς· μόλις ὔμμιν ἐσώθην,tlg0005.tlg001.perseus-grc2.xml
Idylls,tlg001,15,5,"Πραξινόα πολλῶ μὲν ὄχλω, πολλῶν δὲ τεθρίππων.","Πραξινόα πολλῶ μὲν ὄχλω, πολλῶν δὲ τεθρίππων.",tlg0005.tlg001.perseus-grc2.xml
Idylls,tlg001,15,6,"παντᾷ κρηπῖδες, παντᾷ χλαμυδηφόροι ἄνδρες·","παντᾷ κρηπῖδες, παντᾷ χλαμυδηφόροι ἄνδρες·",tlg0005.tlg001.perseus-grc2.xml
Idylls,tlg001,15,7,ἁ δʼ ὁδὸς ἄτρυτος· τὺ δʼ ἑκαστάτω ὅσσον ἀποικεῖς.,ἁ δ’ ὁδὸς ἄτρυτος· τὺ δ’ ἑκαστάτω ὅσσον ἀποικεῖς.,tlg0005.tlg001.perseus-grc2.xml
Idylls,tlg001,15,8,ταῦθʼ ὁ πάραρος τῆνος ἐπʼ ἔσχατα γᾶς ἔλαβʼ ἐνθὼν,ταῦθ’ ὁ πάραρος τῆνος ἐπ’ ἔσχατα γᾶς ἔλαβ’ ἐνθὼν,tlg0005.tlg001.perseus-grc2.xml
Idylls,tlg001,15,9,"ἰλεόν, οὐκ οἴκησιν, ὅπως μὴ γείτονες ὦμες","ἰλεόν, οὐκ οἴκησιν, ὅπως μὴ γείτονες ὦμες",tlg0005.tlg001.perseus-grc2.xml
Idylls,tlg001,15,10,"ἀλλάλαις, ποτʼ ἔριν, φθονερὸν κακόν, αἰὲν ὁμοῖος.","ἀλλάλαις, ποτ’ ἔριν, φθονερὸν κακόν, αἰὲν ὁμοῖος.",tlg0005.tlg001.perseus-grc2.xml
Idylls,tlg001,15,11,"μὴ λέγε τὸν τεὸν ἄνδρα φίλα Δίκωνα τοιαῦτα,","μὴ λέγε τὸν τεὸν ἄνδρα φίλα Δίκωνα τοιαῦτα,",tlg0005.tlg001.perseus-grc2.xml
Idylls,tlg001,15,12,"τῶ μικκῶ παρεόντος· ὅρη γύναι, ὡς ποθορῇ τυ.","τῶ μικκῶ παρεόντος· ὅρη γύναι, ὡς ποθορῇ τυ.",tlg0005.tlg001.perseus-grc2.xml
Idylls,tlg001,15,13,"θάρσει Ζωπυρίων, γλυκερὸν τέκος· οὐ λέγει ἀπφῦν.","θάρσει Ζωπυρίων, γλυκερὸν τέκος· οὐ λέγει ἀπφῦν.",tlg0005.tlg001.perseus-grc2.xml
Idylls,tlg001,15,14,"αἰσθάνεται τὸ βρέφος, ναὶ τὰν πότνιαν.","αἰσθάνεται τὸ βρέφος, ναὶ τὰν πότνιαν.",tlg0005.tlg001.perseus-grc2.xml
Idylls,tlg001,15,14b,καλὸς ἀπφῦς.,καλὸς ἀπφῦς.,tlg0005.tlg001.perseus-grc2.xml
Idylls,tlg001,15,15,ἀπφῦς μὰν τῆνος τὰ πρόαν λέγομες δὲ πρόαν θην,ἀπφῦς μὰν τῆνος τὰ πρόαν λέγομες δὲ πρόαν θην,tlg0005.tlg001.perseus-grc2.xml
Idylls,tlg001,15,16,πάντα νίτρον καὶ φῦκος ἀπὸ σκανᾶς ἀγοράσδων,πάντα νίτρον καὶ φῦκος ἀπὸ σκανᾶς ἀγοράσδων,tlg0005.tlg001.perseus-grc2.xml
Idylls,tlg001,15,17,"ἦνθε φέρων ἅλας ἄμμιν, ἀνὴρ τρισκαιδεκάπηχυς.","ἦνθε φέρων ἅλας ἄμμιν, ἀνὴρ τρισκαιδεκάπηχυς.",tlg0005.tlg001.perseus-grc2.xml
Idylls,tlg001,15,18,"χὡμὸς ταὐτᾷ ἔχει, φθόρος ἀργυρίω, Διοκλείδας·","χὡμὸς ταὐτᾷ ἔχει, φθόρος ἀργυρίω, Διοκλείδας·",tlg0005.tlg001.perseus-grc2.xml
Idylls,tlg001,15,19,"ἑπταδράχμως κυνάδας, γραιᾶν ἀποτίλματα πηρᾶν,","ἑπταδράχμως κυνάδας, γραιᾶν ἀποτίλματα πηρᾶν,",tlg0005.tlg001.perseus-grc2.xml
Idylls,tlg001,15,20,"πέντε πόκως ἔλαβʼ ἐχθές, ἅπαν ῥύπον, ἔργον ἐπʼ ἔργῳ.","πέντε πόκως ἔλαβ’ ἐχθές, ἅπαν ῥύπον, ἔργον ἐπ’ ἔργῳ.",tlg0005.tlg001.perseus-grc2.xml
Idylls,tlg001,15,21,ἀλλʼ ἴθι τὠμπέχονον καὶ τὰν περονατρίδα λάζευ.,ἀλλ’ ἴθι τὠμπέχονον καὶ τὰν περονατρίδα λάζευ.,tlg0005.tlg001.perseus-grc2.xml
Idylls,tlg001,15,22,βᾶμες τῶ βασιλῆος ἐς ἀφνειῶ Πτολεμαίω,βᾶμες τῶ βασιλῆος ἐς ἀφνειῶ Πτολεμαίω,tlg0005.tlg001.perseus-grc2.xml
Idylls,tlg001,15,23,θασόμεναι τὸν Ἄδωνιν· ἀκούω χρῆμα καλόν τι,θασόμεναι τὸν Ἄδωνιν· ἀκούω χρῆμα καλόν τι,tlg0005.tlg001.perseus-grc2.xml
Idylls,tlg001,15,24,κοσμεῖν τὰν βασίλισσαν.,κοσμεῖν τὰν βασίλισσαν.,tlg0005.tlg001.perseus-grc2.xml
Idylls,tlg001,15,24b,ἐν ὀλβίω ὄλβια πάντα.,ἐν ὀλβίω ὄλβια πάντα.,tlg0005.tlg001.perseus-grc2.xml
Idylls,tlg001,15,25,"ὧν ἴδες, ὧν εἶπες καὶ ἰδοῖσα τὺ τῷ μὴ ἰδόντι.","ὧν ἴδες, ὧν εἶπες καὶ ἰδοῖσα τὺ τῷ μὴ ἰδόντι.",tlg0005.tlg001.perseus-grc2.xml
Idylls,tlg001,15,26,ἕρπειν ὥρα κʼ εἴη.,ἕρπειν ὥρα κ’ εἴη.,tlg0005.tlg001.perseus-grc2.xml
Idylls,tlg001,15,26b,ἀεργοῖς αἰὲν ἑορτά.,ἀεργοῖς αἰὲν ἑορτά.,tlg0005.tlg001.perseus-grc2.xml
Idylls,tlg001,15,27,"Εὐνόα, αἶρε τὸ νῆμα καὶ ἐς μέσον αἰνόθρυπτε","Εὐνόα, αἶρε τὸ νῆμα καὶ ἐς μέσον αἰνόθρυπτε",tlg0005.tlg001.perseus-grc2.xml
Idylls,tlg001,15,28,θὲς πάλιν. αἱ γαλέαι μαλακῶς χρῄζοντι καθεύδειν·,θὲς πάλιν. αἱ γαλέαι μαλακῶς χρῄζοντι καθεύδειν·,tlg0005.tlg001.perseus-grc2.xml
Idylls,tlg001,15,29,"κινεῦ δή, φέρε θᾶσσον ὕδωρ. ὕδατος πρότερον δεῖ.","κινεῦ δή, φέρε θᾶσσον ὕδωρ. ὕδατος πρότερον δεῖ.",tlg0005.tlg001.perseus-grc2.xml
Idylls,tlg001,15,30,ἁ δὲ σμᾶμα φέρει. δὸς ὅμως. μὴ δὴ πολὺ ἄπληστε.,ἁ δὲ σμᾶμα φέρει. δὸς ὅμως. μὴ δὴ πολὺ ἄπληστε.,tlg0005.tlg001.perseus-grc2.xml
Idylls,tlg001,15,31,"ἔγχει ὕδωρ. δύστανε, τί μευ τὸ χιτώνιον ἄρδεις;","ἔγχει ὕδωρ. δύστανε, τί μευ τὸ χιτώνιον ἄρδεις;",tlg0005.tlg001.perseus-grc2.xml
Idylls,tlg001,15,32,"παῦε. ὁκοῖα θεοῖς ἐδόκει, τοιαῦτα νένιμμαι.","παῦε. ὁκοῖα θεοῖς ἐδόκει, τοιαῦτα νένιμμαι.",tlg0005.tlg001.perseus-grc2.xml
Idylls,tlg001,15,33,ἁ κλᾲξ τᾶς μεγάλας πᾷ λάρνακος; ὧδε φέρʼ αὐτάν.,ἁ κλᾲξ τᾶς μεγάλας πᾷ λάρνακος; ὧδε φέρ’ αὐτάν.,tlg0005.tlg001.perseus-grc2.xml
Idylls,tlg001,15,34,"Πραξινόα, μάλα τοι τὸ καταπτυχὲς ἐμπερόναμα","Πραξινόα, μάλα τοι τὸ καταπτυχὲς ἐμπερόναμα",tlg0005.tlg001.perseus-grc2.xml
Idylls,tlg001,15,35,"τοῦτο πρέπει· λέγε μοι, πόσσω κατέβα τοι ἀφʼ ἱστῶ;","τοῦτο πρέπει· λέγε μοι, πόσσω κατέβα τοι ἀφ’ ἱστῶ;",tlg0005.tlg001.perseus-grc2.xml
Idylls,tlg001,15,36,μὴ μνάσῃς Γοργοῖ· πλέον ἀργυρίω καθαρῶ μνᾶν,μὴ μνάσῃς Γοργοῖ· πλέον ἀργυρίω καθαρῶ μνᾶν,tlg0005.tlg001.perseus-grc2.xml
Idylls,tlg001,15,37,ἢ δύο· τοῖς δʼ ἔργοις καὶ τὰν ψυχὰν ποτέθηκα.,ἢ δύο· τοῖς δ’ ἔργοις καὶ τὰν ψυχὰν ποτέθηκα.,tlg0005.tlg001.perseus-grc2.xml
Idylls,tlg001,15,38,ἀλλὰ κατὰ γνώμαν ἀπέβα τοι.,ἀλλὰ κατὰ γνώμαν ἀπέβα τοι.,tlg0005.tlg001.perseus-grc2.xml
Idylls,tlg001,15,38b,τοῦτο κάλʼ εἶπες.,τοῦτο κάλ’ εἶπες.,tlg0005.tlg001.perseus-grc2.xml
Idylls,tlg001,15,39,τὠμπέχονον φέρε μοι καὶ τὰν θολίαν κατὰ κόσμον,τὠμπέχονον φέρε μοι καὶ τὰν θολίαν κατὰ κόσμον,tlg0005.tlg001.perseus-grc2.xml
Idylls,tlg001,15,40,"ἀμφίθες. οὐκ ἀξῶ τυ τέκνον. μορμώ, δάκνει ἵππος.","ἀμφίθες. οὐκ ἀξῶ τυ τέκνον. μορμώ, δάκνει ἵππος.",tlg0005.tlg001.perseus-grc2.xml
Idylls,tlg001,15,41,"δάκρυʼ, ὅσσα θέλεις, χωλὸν δʼ οὐ δεῖ τυ γενέσθαι.","δάκρυ’, ὅσσα θέλεις, χωλὸν δ’ οὐ δεῖ τυ γενέσθαι.",tlg0005.tlg001.perseus-grc2.xml
Idylls,tlg001,15,42,"ἕρπωμες. Φρυγία, τὸν μικκὸν παῖσδε λαβοῖσα,","ἕρπωμες. Φρυγία, τὸν μικκὸν παῖσδε λαβοῖσα,",tlg0005.tlg001.perseus-grc2.xml
Idylls,tlg001,15,43,"τὰν κύνʼ ἔσω κάλεσον, τὰν αὐλείαν ἀπόκλᾳξον.—","τὰν κύν’ ἔσω κάλεσον, τὰν αὐλείαν ἀπόκλᾳξον.—",tlg0005.tlg001.perseus-grc2.xml
Idylls,tlg001,15,44,"ὦ θεοί, ὅσσος ὄχλος. πῶς καὶ πόκα τοῦτο περᾶσαι","ὦ θεοί, ὅσσος ὄχλος. πῶς καὶ πόκα τοῦτο περᾶσαι",tlg0005.tlg001.perseus-grc2.xml
Idylls,tlg001,15,45,χρὴ τὸ κακόν; μύρμακες ἀνάριθμοι καὶ ἄμετροι.,χρὴ τὸ κακόν; μύρμακες ἀνάριθμοι καὶ ἄμετροι.,tlg0005.tlg001.perseus-grc2.xml
Idylls,tlg001,15,46,"πολλά τοι ὦ Πτολεμαῖε πεποίηται καλὰ ἔργα,","πολλά τοι ὦ Πτολεμαῖε πεποίηται καλὰ ἔργα,",tlg0005.tlg001.perseus-grc2.xml
Idylls,tlg001,15,47,ἐξ ὧ ἐν ἀθανάτοις ὁ τεκών· οὐδεὶς κακοεργὸς,ἐξ ὧ ἐν ἀθανάτοις ὁ τεκών· οὐδεὶς κακοεργὸς,tlg0005.tlg001.perseus-grc2.xml
Idylls,tlg001,15,48,"δαλεῖται τὸν ἰόντα παρέρπων Αἰγυπτιστί,","δαλεῖται τὸν ἰόντα παρέρπων Αἰγυπτιστί,",tlg0005.tlg001.perseus-grc2.xml
Idylls,tlg001,15,49,"οἷα πρὶν ἐξ ἀπάτας κεκροτημένοι ἄνδρες ἔπαισδον,","οἷα πρὶν ἐξ ἀπάτας κεκροτημένοι ἄνδρες ἔπαισδον,",tlg0005.tlg001.perseus-grc2.xml
Idylls,tlg001,15,50,"ἀλλάλοις ὁμαλοί, κακὰ παίγνια, πάντες ἐρειοί.","ἀλλάλοις ὁμαλοί, κακὰ παίγνια, πάντες ἐρειοί.",tlg0005.tlg001.perseus-grc2.xml
Idylls,tlg001,15,51,"ἁδίστα Γοργοῖ, τί γενοίμεθα; τοὶ πολεμισταὶ","ἁδίστα Γοργοῖ, τί γενοίμεθα; τοὶ πολεμισταὶ",tlg0005.tlg001.perseus-grc2.xml
Idylls,tlg001,15,52,"ἵπποι τῶ βασιλῆος. ἄνερ φίλε, μή με πατήσῃς.","ἵπποι τῶ βασιλῆος. ἄνερ φίλε, μή με πατήσῃς.",tlg0005.tlg001.perseus-grc2.xml
Idylls,tlg001,15,53,ὀρθὸς ἀνέστα ὁ πυρρός· ἴδʼ ὡς ἄγριος. κυνοθαρσὴς,ὀρθὸς ἀνέστα ὁ πυρρός· ἴδ’ ὡς ἄγριος. κυνοθαρσὴς,tlg0005.tlg001.perseus-grc2.xml
Idylls,tlg001,15,54,"Εὐνόα, οὐ φευξῇ; διαχρησεῖται τὸν ἄγοντα.","Εὐνόα, οὐ φευξῇ; διαχρησεῖται τὸν ἄγοντα.",tlg0005.tlg001.perseus-grc2.xml
Idylls,tlg001,15,55,"ὠνάθην μεγάλως, ὅτι μοι τὸ βρέφος μένει ἔνδον.","ὠνάθην μεγάλως, ὅτι μοι τὸ βρέφος μένει ἔνδον.",tlg0005.tlg001.perseus-grc2.xml
Idylls,tlg001,15,56,"θάρσει Πραξινόα· καὶ δὴ γεγενήμεθʼ ὄπισθεν,","θάρσει Πραξινόα· καὶ δὴ γεγενήμεθ’ ὄπισθεν,",tlg0005.tlg001.perseus-grc2.xml
Idylls,tlg001,15,57,τοὶ δʼ ἔβαν ἐς χώραν.,τοὶ δ’ ἔβαν ἐς χώραν.,tlg0005.tlg001.perseus-grc2.xml
Idylls,tlg001,15,57b,καὐτὰ συναγείρομαι ἤδη.,καὐτὰ συναγείρομαι ἤδη.,tlg0005.tlg001.perseus-grc2.xml
Idylls,tlg001,15,58,ἵππον καὶ τὸν ψυχρὸν ὄφιν τὰ μάλιστα δεδοίκω,ἵππον καὶ τὸν ψυχρὸν ὄφιν τὰ μάλιστα δεδοίκω,tlg0005.tlg001.perseus-grc2.xml
Idylls,tlg001,15,59,ἐκ παιδός. σπεύδωμες· ὄχλος πολὺς ἄμμιν ἐπιρρεῖ.,ἐκ παιδός. σπεύδωμες· ὄχλος πολὺς ἄμμιν ἐπιρρεῖ.,tlg0005.tlg001.perseus-grc2.xml
Idylls,tlg001,15,60,ἐξ αὐλᾶς ὦ μᾶτερ;,ἐξ αὐλᾶς ὦ μᾶτερ;,tlg0005.tlg001.perseus-grc2.xml
Idylls,tlg001,15,60b,ἐγὼν ὦ τέκνα.,ἐγὼν ὦ τέκνα.,tlg0005.tlg001.perseus-grc2.xml
Idylls,tlg001,15,60c,παρενθεῖν,παρενθεῖν,tlg0005.tlg001.perseus-grc2.xml
Idylls,tlg001,15,61,εὐμαρές;,εὐμαρές;,tlg0005.tlg001.perseus-grc2.xml
Idylls,tlg001,15,61b,"ἐς Τροίαν πειρώμενοι ἦνθον Ἀχαιοί,","ἐς Τροίαν πειρώμενοι ἦνθον Ἀχαιοί,",tlg0005.tlg001.perseus-grc2.xml
Idylls,tlg001,15,62,καλλίστα παίδων· πείρᾳ θην πάντα τελεῖται.,καλλίστα παίδων· πείρᾳ θην πάντα τελεῖται.,tlg0005.tlg001.perseus-grc2.xml
Idylls,tlg001,15,63,χρησμὼς ἁ πρεσβῦτις ἀπῴχετο θεσπίξασα.,χρησμὼς ἁ πρεσβῦτις ἀπῴχετο θεσπίξασα.,tlg0005.tlg001.perseus-grc2.xml
Idylls,tlg001,15,64,"πάντα γυναῖκες ἴσαντι, καὶ ὡς Ζεὺς ἠγάγεθʼ Ἥρην.","πάντα γυναῖκες ἴσαντι, καὶ ὡς Ζεὺς ἠγάγεθ’ Ἥρην.",tlg0005.tlg001.perseus-grc2.xml
Idylls,tlg001,15,65,"θᾶσαι Πραξινόα, περὶ τὰς θύρας ὅσσος ὅμιλος.","θᾶσαι Πραξινόα, περὶ τὰς θύρας ὅσσος ὅμιλος.",tlg0005.tlg001.perseus-grc2.xml
Idylls,tlg001,15,66,"θεσπέσιος. Γοργοῖ, δὸς τὰν χέρα μοι· λάβε καὶ τὺ","θεσπέσιος. Γοργοῖ, δὸς τὰν χέρα μοι· λάβε καὶ τὺ",tlg0005.tlg001.perseus-grc2.xml
Idylls,tlg001,15,67,"Εὐνόα Εὐτυχίδος· πότεχʼ αὐτᾷ, μή τι πλαναθῇς.","Εὐνόα Εὐτυχίδος· πότεχ’ αὐτᾷ, μή τι πλαναθῇς.",tlg0005.tlg001.perseus-grc2.xml
Idylls,tlg001,15,68,πᾶσαι ἅμʼ εἰσένθωμες· ἀπρὶξ ἔχευ Εὐνόα ἁμῶν.,πᾶσαι ἅμ’ εἰσένθωμες· ἀπρὶξ ἔχευ Εὐνόα ἁμῶν.,tlg0005.tlg001.perseus-grc2.xml
Idylls,tlg001,15,69,"οἴμοι δειλαία, δίχα μευ τὸ θερίστριον ἤδη","οἴμοι δειλαία, δίχα μευ τὸ θερίστριον ἤδη",tlg0005.tlg001.perseus-grc2.xml
Idylls,tlg001,15,70,"ἔσχισται Γοργοῖ. πὸτ τῶ Διός, εἴτι γένοιο","ἔσχισται Γοργοῖ. πὸτ τῶ Διός, εἴτι γένοιο",tlg0005.tlg001.perseus-grc2.xml
Idylls,tlg001,15,71,"εὐδαίμων ὤνθρωπε, φυλάσσεο τὠμπέχονόν μευ.","εὐδαίμων ὤνθρωπε, φυλάσσεο τὠμπέχονόν μευ.",tlg0005.tlg001.perseus-grc2.xml
Idylls,tlg001,15,72,"οὐκ ἐπʼ ἐμὶν μέν, ὅμως δὲ φυλαξεῦμαι·","οὐκ ἐπ’ ἐμὶν μέν, ὅμως δὲ φυλαξεῦμαι·",tlg0005.tlg001.perseus-grc2.xml
Idylls,tlg001,15,72b,ὄχλος ἄθρως.,ὄχλος ἄθρως.,tlg0005.tlg001.perseus-grc2.xml
Idylls,tlg001,15,73,ὠθεῦνθʼ ὥσπερ ὕες.,ὠθεῦνθ’ ὥσπερ ὕες.,tlg0005.tlg001.perseus-grc2.xml
Idylls,tlg001,15,73b,θάρσει γύναι· ἐν καλῷ εἰμές.,θάρσει γύναι· ἐν καλῷ εἰμές.,tlg0005.tlg001.perseus-grc2.xml
Idylls,tlg001,15,74,κεἰς ὥρας κἤπειτα φίλʼ ἀνδρῶν ἐν καλῷ εἴης,κεἰς ὥρας κἤπειτα φίλ’ ἀνδρῶν ἐν καλῷ εἴης,tlg0005.tlg001.perseus-grc2.xml
Idylls,tlg001,15,75,ἄμμε περιστέλλων. χρηστῶ κᾠκτίρμονος ἀνδρός.,ἄμμε περιστέλλων. χρηστῶ κᾠκτίρμονος ἀνδρός.,tlg0005.tlg001.perseus-grc2.xml
Idylls,tlg001,15,76,φλίβεται Εὐνόα ἇμιν· ἄγʼ ὦ δειλὰ τὺ βιάζευ.,φλίβεται Εὐνόα ἇμιν· ἄγ’ ὦ δειλὰ τὺ βιάζευ.,tlg0005.tlg001.perseus-grc2.xml
Idylls,tlg001,15,77,"κάλλιστʼ· ἔνδοι πᾶσαι, ὁ τὰν νυὸν εἶπʼ ἀποκλᾴξας.","κάλλιστ’· ἔνδοι πᾶσαι, ὁ τὰν νυὸν εἶπ’ ἀποκλᾴξας.",tlg0005.tlg001.perseus-grc2.xml
Idylls,tlg001,15,78,"Πραξινόα, πόταγʼ ὧδε. τὰ ποικίλα πρᾶτον ἄθρησον,","Πραξινόα, πόταγ’ ὧδε. τὰ ποικίλα πρᾶτον ἄθρησον,",tlg0005.tlg001.perseus-grc2.xml
Idylls,tlg001,15,79,λεπτὰ καὶ ὡς χαρίεντα· θεῶν περονάματα φασεῖς.,λεπτὰ καὶ ὡς χαρίεντα· θεῶν περονάματα φασεῖς.,tlg0005.tlg001.perseus-grc2.xml
Idylls,tlg001,15,80,"πότνιʼ Ἀθαναία, ποῖαί σφʼ ἐπόνασαν ἔριθοι,","πότνι’ Ἀθαναία, ποῖαί σφ’ ἐπόνασαν ἔριθοι,",tlg0005.tlg001.perseus-grc2.xml
Idylls,tlg001,15,81,ποῖοι ζῳογράφοι τἀκριβέα γράμματʼ ἔγραψαν.,ποῖοι ζῳογράφοι τἀκριβέα γράμματ’ ἔγραψαν.,tlg0005.tlg001.perseus-grc2.xml
Idylls,tlg001,15,82,"ὡς ἔτυμʼ ἑστάκαντι, καὶ ὡς ἔτυμʼ ἐνδινεῦντι,","ὡς ἔτυμ’ ἑστάκαντι, καὶ ὡς ἔτυμ’ ἐνδινεῦντι,",tlg0005.tlg001.perseus-grc2.xml
Idylls,tlg001,15,83,"ἔμψυχʼ, οὐκ ἐνυφαντά. σοφόν τοι χρῆμʼ ὥνθρωπος.","ἔμψυχ’, οὐκ ἐνυφαντά. σοφόν τοι χρῆμ’ ὥνθρωπος.",tlg0005.tlg001.perseus-grc2.xml
Idylls,tlg001,15,84,αὐτὸς δʼ ὡς θαητὸς ἐπʼ ἀργυρέας κατάκειται,αὐτὸς δ’ ὡς θαητὸς ἐπ’ ἀργυρέας κατάκειται,tlg0005.tlg001.perseus-grc2.xml
Idylls,tlg001,15,85,"κλισμῶ, πρᾶτον ἴουλον ἀπὸ κροτάφων καταβάλλων,","κλισμῶ, πρᾶτον ἴουλον ἀπὸ κροτάφων καταβάλλων,",tlg0005.tlg001.perseus-grc2.xml
Idylls,tlg001,15,86,"ὁ τριφίλητος Ἄδωνις, ὃ κἠν Ἀχέροντι φιλεῖται.","ὁ τριφίλητος Ἄδωνις, ὃ κἠν Ἀχέροντι φιλεῖται.",tlg0005.tlg001.perseus-grc2.xml
Idylls,tlg001,15,87,"παύσασθʼ ὦ δύστανοι, ἀνάνυτα κωτίλλοισαι","παύσασθ’ ὦ δύστανοι, ἀνάνυτα κωτίλλοισαι",tlg0005.tlg001.perseus-grc2.xml
Idylls,tlg001,15,88,τρυγόνες. ἐκκναισεῦντι πλατειάσδοισαι ἅπαντα.,τρυγόνες. ἐκκναισεῦντι πλατειάσδοισαι ἅπαντα.,tlg0005.tlg001.perseus-grc2.xml
Idylls,tlg001,15,89,"μᾶ, πόθεν ὥνθρωπος; τί δὲ τίν, εἰ κωτίλαι εἰμές;","μᾶ, πόθεν ὥνθρωπος; τί δὲ τίν, εἰ κωτίλαι εἰμές;",tlg0005.tlg001.perseus-grc2.xml
Idylls,tlg001,15,90,πασάμενος ἐπίτασσε. Συρακοσίαις ἐπιτάσσεις;,πασάμενος ἐπίτασσε. Συρακοσίαις ἐπιτάσσεις;,tlg0005.tlg001.perseus-grc2.xml
Idylls,tlg001,15,91,"ὡς δʼ εἰδῇς καὶ τοῦτο· Κορίνθιαι εἰμὲς ἄνωθεν,","ὡς δ’ εἰδῇς καὶ τοῦτο· Κορίνθιαι εἰμὲς ἄνωθεν,",tlg0005.tlg001.perseus-grc2.xml
Idylls,tlg001,15,92,ὡς καὶ ὁ Βελλεροφῶν· Πελοποννασιστὶ λαλεῦμες·,ὡς καὶ ὁ Βελλεροφῶν· Πελοποννασιστὶ λαλεῦμες·,tlg0005.tlg001.perseus-grc2.xml
Idylls,tlg001,15,93,δωρίσδεν δʼ ἔξεστι δοκῶ τοῖς Δωριέεσσι.,δωρίσδεν δ’ ἔξεστι δοκῶ τοῖς Δωριέεσσι.,tlg0005.tlg001.perseus-grc2.xml
Idylls,tlg001,15,94,"μὴ φύη Μελιτῶδες ὃς ἁμῶν καρτερὸς εἴη,","μὴ φύη Μελιτῶδες ὃς ἁμῶν καρτερὸς εἴη,",tlg0005.tlg001.perseus-grc2.xml
Idylls,tlg001,15,95,πλὰν ἑνός. οὐκ ἀλέγω. μή μοι κενεὰν ἀπομάξῃς.,πλὰν ἑνός. οὐκ ἀλέγω. μή μοι κενεὰν ἀπομάξῃς.,tlg0005.tlg001.perseus-grc2.xml
Idylls,tlg001,15,96,σιγᾷ Πραξινόα· μέλλει τὸν Ἄδωνιν ἀείδειν,σιγᾷ Πραξινόα· μέλλει τὸν Ἄδωνιν ἀείδειν,tlg0005.tlg001.perseus-grc2.xml
Idylls,tlg001,15,97,"ἁ τᾶς Ἀργείας θυγάτηρ πολύιδρις ἀοιδός,","ἁ τᾶς Ἀργείας θυγάτηρ πολύιδρις ἀοιδός,",tlg0005.tlg001.perseus-grc2.xml
Idylls,tlg001,15,98,ἅτις καὶ πέρυσιν τὸν ἰάλεμον ἀρίστευσε.,ἅτις καὶ πέρυσιν τὸν ἰάλεμον ἀρίστευσε.,tlg0005.tlg001.perseus-grc2.xml
Idylls,tlg001,15,99,φθεγξεῖταί τι σάφʼ οἶδα καλόν· διαθρύπτεται ἤδη.,φθεγξεῖταί τι σάφ’ οἶδα καλόν· διαθρύπτεται ἤδη.,tlg0005.tlg001.perseus-grc2.xml
Idylls,tlg001,15,100,"δέσποινʼ, ἃ Γολγώς τε καὶ Ἰδάλιον ἐφίλασας","δέσποιν’, ἃ Γολγώς τε καὶ Ἰδάλιον ἐφίλασας",tlg0005.tlg001.perseus-grc2.xml
Idylls,tlg001,15,101,"αἰπεινάν τʼ Ἐρύκαν, χρυσῷ παίζοισʼ Ἀφροδίτα·","αἰπεινάν τ’ Ἐρύκαν, χρυσῷ παίζοισ’ Ἀφροδίτα·",tlg0005.tlg001.perseus-grc2.xml
Idylls,tlg001,15,102,οἷόν τοι τὸν Ἄδωνιν ἀπʼ ἀενάω Ἀχέροντος,οἷόν τοι τὸν Ἄδωνιν ἀπ’ ἀενάω Ἀχέροντος,tlg0005.tlg001.perseus-grc2.xml
Idylls,tlg001,15,103,μηνὶ δυωδεκάτῳ μαλακαὶ πόδας ἄγαγον Ὧραι.,μηνὶ δυωδεκάτῳ μαλακαὶ πόδας ἄγαγον Ὧραι.,tlg0005.tlg001.perseus-grc2.xml
Idylls,tlg001,15,104,"βάρδισται μακάρων Ὧραι φίλαι, ἀλλὰ ποθειναὶ","βάρδισται μακάρων Ὧραι φίλαι, ἀλλὰ ποθειναὶ",tlg0005.tlg001.perseus-grc2.xml
Idylls,tlg001,15,105,ἔρχονται πάντεσσι βροτοῖς αἰεί τι φορεῦσαι.,ἔρχονται πάντεσσι βροτοῖς αἰεί τι φορεῦσαι.,tlg0005.tlg001.perseus-grc2.xml
Idylls,tlg001,15,106,"Κύπρι Διωναία, τὺ μὲν ἀθανάταν ἀπὸ θνατᾶς,","Κύπρι Διωναία, τὺ μὲν ἀθανάταν ἀπὸ θνατᾶς,",tlg0005.tlg001.perseus-grc2.xml
Idylls,tlg001,15,107,"ἀνθρώπων ὡς μῦθος, ἐποίησας Βερενίκαν,","ἀνθρώπων ὡς μῦθος, ἐποίησας Βερενίκαν,",tlg0005.tlg001.perseus-grc2.xml
Idylls,tlg001,15,108,ἀμβροσίαν ἐς στῆθος ἀποστάξασα γυναικός·,ἀμβροσίαν ἐς στῆθος ἀποστάξασα γυναικός·,tlg0005.tlg001.perseus-grc2.xml
Idylls,tlg001,15,109,"τὶν δὲ χαριζομένα, πολυώνυμε καὶ πολύναε,","τὶν δὲ χαριζομένα, πολυώνυμε καὶ πολύναε,",tlg0005.tlg001.perseus-grc2.xml
Idylls,tlg001,15,110,ἁ Βερενικεία θυγάτηρ Ἑλένᾳ εἰκυῖα,ἁ Βερενικεία θυγάτηρ Ἑλένᾳ εἰκυῖα,tlg0005.tlg001.perseus-grc2.xml
Idylls,tlg001,15,111,Ἀρσινόα πάντεσσι καλοῖς ἀτιτάλλει Ἄδωνιν.,Ἀρσινόα πάντεσσι καλοῖς ἀτιτάλλει Ἄδωνιν.,tlg0005.tlg001.perseus-grc2.xml
Idylls,tlg001,15,112,"πὰρ μέν οἱ ὥρια κεῖται, ὅσα δρυὸς ἄκρα φέρονται,","πὰρ μέν οἱ ὥρια κεῖται, ὅσα δρυὸς ἄκρα φέρονται,",tlg0005.tlg001.perseus-grc2.xml
Idylls,tlg001,15,113,πὰρ δʼ ἁπαλοὶ κᾶποι πεφυλαγμένοι ἐν ταλαρίσκοις,πὰρ δ’ ἁπαλοὶ κᾶποι πεφυλαγμένοι ἐν ταλαρίσκοις,tlg0005.tlg001.perseus-grc2.xml
Idylls,tlg001,15,114,"ἀργυρέοις, Συρίω δὲ μύρω χρύσειʼ ἀλάβαστρα.","ἀργυρέοις, Συρίω δὲ μύρω χρύσει’ ἀλάβαστρα.",tlg0005.tlg001.perseus-grc2.xml
Idylls,tlg001,15,115,"εἴδατα δʼ ὅσσα γυναῖκες ἐπὶ πλαθάνω πονέονται,","εἴδατα δ’ ὅσσα γυναῖκες ἐπὶ πλαθάνω πονέονται,",tlg0005.tlg001.perseus-grc2.xml
Idylls,tlg001,15,116,"ἄνθεα μίσγοισαι λευκῷ παντοῖα μαλεύρῳ,","ἄνθεα μίσγοισαι λευκῷ παντοῖα μαλεύρῳ,",tlg0005.tlg001.perseus-grc2.xml
Idylls,tlg001,15,117,"ὅσσά τʼ ἀπὸ γλυκερῶ μέλιτος τά τʼ ἐν ὑγρῷ ἐλαίῳ,","ὅσσά τ’ ἀπὸ γλυκερῶ μέλιτος τά τ’ ἐν ὑγρῷ ἐλαίῳ,",tlg0005.tlg001.perseus-grc2.xml
Idylls,tlg001,15,118,πάντʼ αὐτῷ πετεηνὰ καὶ ἑρπετὰ τεῖδε πάρεστι.,πάντ’ αὐτῷ πετεηνὰ καὶ ἑρπετὰ τεῖδε πάρεστι.,tlg0005.tlg001.perseus-grc2.xml
Idylls,tlg001,15,119,χλωραὶ δὲ σκιάδες μαλακῷ βρίθοντι ἀνήθῳ,χλωραὶ δὲ σκιάδες μαλακῷ βρίθοντι ἀνήθῳ,tlg0005.tlg001.perseus-grc2.xml
Idylls,tlg001,15,120,"δέδμανθʼ· οἱ δέ τε κῶροι ὑπερπωτῶνται Ἔρωτες,","δέδμανθ’· οἱ δέ τε κῶροι ὑπερπωτῶνται Ἔρωτες,",tlg0005.tlg001.perseus-grc2.xml
Idylls,tlg001,15,121,οἷοι ἀηδονιδῆες ἀεξομενᾶν ἐπὶ δένδρων,οἷοι ἀηδονιδῆες ἀεξομενᾶν ἐπὶ δένδρων,tlg0005.tlg001.perseus-grc2.xml
Idylls,tlg001,15,122,πωτῶνται πτερύγων πειρώμενοι ὄζον ἀπʼ ὄζω.,πωτῶνται πτερύγων πειρώμενοι ὄζον ἀπ’ ὄζω.,tlg0005.tlg001.perseus-grc2.xml
Idylls,tlg001,15,123,"ὢ ἔβενος, ὢ χρυσός, ὢ ἐκ λευκῶ ἐλέφαντος","ὢ ἔβενος, ὢ χρυσός, ὢ ἐκ λευκῶ ἐλέφαντος",tlg0005.tlg001.perseus-grc2.xml
Idylls,tlg001,15,124,αἰετοὶ οἰνοχόον Κρονίδᾳ Διὶ παῖδα φέροντες.,αἰετοὶ οἰνοχόον Κρονίδᾳ Διὶ παῖδα φέροντες.,tlg0005.tlg001.perseus-grc2.xml
Idylls,tlg001,15,125,"πορφύρεοι δὲ τάπητες ἄνω μαλακώτεροι ὕπνω,","πορφύρεοι δὲ τάπητες ἄνω μαλακώτεροι ὕπνω,",tlg0005.tlg001.perseus-grc2.xml
Idylls,tlg001,15,126,ἁ Μίλατος ἐρεῖ χὡ τὰν Σαμίαν κάτα βόσκων·,ἁ Μίλατος ἐρεῖ χὡ τὰν Σαμίαν κάτα βόσκων·,tlg0005.tlg001.perseus-grc2.xml
Idylls,tlg001,15,127,ἔστρωται κλίνα τῷ Ἀδώνιδι τῷ καλῷ ἄλλα.,ἔστρωται κλίνα τῷ Ἀδώνιδι τῷ καλῷ ἄλλα.,tlg0005.tlg001.perseus-grc2.xml
Idylls,tlg001,15,128,"τὰν μὲν Κύπρις ἔχει, τὰν δʼ ὁ ῥοδόπαχυς Ἄδωνις","τὰν μὲν Κύπρις ἔχει, τὰν δ’ ὁ ῥοδόπαχυς Ἄδωνις",tlg0005.tlg001.perseus-grc2.xml
Idylls,tlg001,15,129,ὀκτωκαιδεκέτης ἢ ἐννεακαίδεχʼ ὁ γαμβρός.,ὀκτωκαιδεκέτης ἢ ἐννεακαίδεχ’ ὁ γαμβρός.,tlg0005.tlg001.perseus-grc2.xml
Idylls,tlg001,15,130,"οὐ κεντεῖ τὸ φίλαμʼ, ἔτι οἱ περὶ χείλεα πυρρά.","οὐ κεντεῖ τὸ φίλαμ’, ἔτι οἱ περὶ χείλεα πυρρά.",tlg0005.tlg001.perseus-grc2.xml
Idylls,tlg001,15,131,νῦν μὰν Κύπρις ἔχοισα τὸν αὐτᾶς χαιρέτω ἄνδρα·,νῦν μὰν Κύπρις ἔχοισα τὸν αὐτᾶς χαιρέτω ἄνδρα·,tlg0005.tlg001.perseus-grc2.xml
Idylls,tlg001,15,132,ἀῶθεν δʼ ἁμές νιν ἅμα δρόσῳ ἀθρόαι ἔξω,ἀῶθεν δ’ ἁμές νιν ἅμα δρόσῳ ἀθρόαι ἔξω,tlg0005.tlg001.perseus-grc2.xml
Idylls,tlg001,15,133,"οἰσεῦμες ποτὶ κύματʼ ἐπʼ ἀιόνι πτύοντα,","οἰσεῦμες ποτὶ κύματ’ ἐπ’ ἀιόνι πτύοντα,",tlg0005.tlg001.perseus-grc2.xml
Idylls,tlg001,15,134,λύσασαι δὲ κόμαν καὶ ἐπὶ σφυρὰ κόλπον ἀνεῖσαι,λύσασαι δὲ κόμαν καὶ ἐπὶ σφυρὰ κόλπον ἀνεῖσαι,tlg0005.tlg001.perseus-grc2.xml
Idylls,tlg001,15,135,στήθεσι φαινομένοις λιγυρᾶς ἀρξώμεθʼ ἀοιδᾶς·,στήθεσι φαινομένοις λιγυρᾶς ἀρξώμεθ’ ἀοιδᾶς·,tlg0005.tlg001.perseus-grc2.xml
Idylls,tlg001,15,136,Ἕρπεις ὦ φίλʼ Ἄδωνι καὶ ἐνθάδε κεἰς Ἀχέροντα,Ἕρπεις ὦ φίλ’ Ἄδωνι καὶ ἐνθάδε κεἰς Ἀχέροντα,tlg0005.tlg001.perseus-grc2.xml
Idylls,tlg001,15,137,"ἡμιθέων, ὡς φαντί, μονώτατος. οὔτʼ Ἀγαμέμνων","ἡμιθέων, ὡς φαντί, μονώτατος. οὔτ’ Ἀγαμέμνων",tlg0005.tlg001.perseus-grc2.xml
Idylls,tlg001,15,138,"τοῦτʼ ἔπαθʼ, οὔτʼ Αἴας ὁ μέγας βαρυμάνιος ἥρως,","τοῦτ’ ἔπαθ’, οὔτ’ Αἴας ὁ μέγας βαρυμάνιος ἥρως,",tlg0005.tlg001.perseus-grc2.xml
Idylls,tlg001,15,139,"οὔθʼ Ἕκτωρ Ἑκάβας ὁ γεραίτερος εἴκατι παίδων,","οὔθ’ Ἕκτωρ Ἑκάβας ὁ γεραίτερος εἴκατι παίδων,",tlg0005.tlg001.perseus-grc2.xml
Idylls,tlg001,15,140,"οὐ Πατροκλῆς, οὐ Πύρρος ἀπὸ Τροίας ἐπανελθών,","οὐ Πατροκλῆς, οὐ Πύρρος ἀπὸ Τροίας ἐπανελθών,",tlg0005.tlg001.perseus-grc2.xml
Idylls,tlg001,15,141,"οὔθʼ οἱ ἔτι πρότερον Λαπίθαι καὶ Δευκαλίωνες,","οὔθ’ οἱ ἔτι πρότερον Λαπίθαι καὶ Δευκαλίωνες,",tlg0005.tlg001.perseus-grc2.xml
Idylls,tlg001,15,142,οὐ Πελοπηιάδαι τε καὶ Ἄργεος ἄκρα Πελασγοί·,οὐ Πελοπηιάδαι τε καὶ Ἄργεος ἄκρα Πελασγοί·,tlg0005.tlg001.perseus-grc2.xml
Idylls,tlg001,15,143,"ἵλαθι νῦν φίλʼ Ἄδωνι, καὶ ἐς νέωτʼ εὐθυμήσαις.","ἵλαθι νῦν φίλ’ Ἄδωνι, καὶ ἐς νέωτ’ εὐθυμήσαις.",tlg0005.tlg001.perseus-grc2.xml
Idylls,tlg001,15,144,"καὶ νῦν ἦνθες Ἄδωνι, καὶ ὅκκʼ ἀφίκῃ, φίλος ἡξεῖς.","καὶ νῦν ἦνθες Ἄδωνι, καὶ ὅκκ’ ἀφίκῃ, φίλος ἡξεῖς.",tlg0005.tlg001.perseus-grc2.xml
Idylls,tlg001,15,145,"Πραξινόα, τὸ χρῆμα σοφώτερον ἁ θήλεια.","Πραξινόα, τὸ χρῆμα σοφώτερον ἁ θήλεια.",tlg0005.tlg001.perseus-grc2.xml
Idylls,tlg001,15,146,"ὀλβία ὅσσα ἴσατι, πανολβία ὡς γλυκὺ φωνεῖ.","ὀλβία ὅσσα ἴσατι, πανολβία ὡς γλυκὺ φωνεῖ.",tlg0005.tlg001.perseus-grc2.xml
Idylls,tlg001,15,147,ὥρα ὅμως κεἰς οἶκον. ἀνάριστος Διοκλείδας.,ὥρα ὅμως κεἰς οἶκον. ἀνάριστος Διοκλείδας.,tlg0005.tlg001.perseus-grc2.xml
Idylls,tlg001,15,148,"χὡνὴρ ὄξος ἅπαν, πεινᾶντι δὲ μηδὲ ποτένθῃς.","χὡνὴρ ὄξος ἅπαν, πεινᾶντι δὲ μηδὲ ποτένθῃς.",tlg0005.tlg001.perseus-grc2.xml
Idylls,tlg001,15,149,χαῖρε Ἄδων ἀγαπητέ· καὶ ἐς χαίροντας ἀφίκευ.,χαῖρε Ἄδων ἀγαπητέ· καὶ ἐς χαίροντας ἀφίκευ.,tlg0005.tlg001.perseus-grc2.xml
Idylls,tlg001,16,1,"αἰεὶ τοῦτο Διὸς κούραις μέλει, αἰὲν ἀοιδοῖς,","αἰεὶ τοῦτο Διὸς κούραις μέλει, αἰὲν ἀοιδοῖς,",tlg0005.tlg001.perseus-grc2.xml
Idylls,tlg001,16,2,"ὑμνεῖν ἀθανάτους, ὑμνεῖν ἀγαθῶν κλέα ἀνδρῶν.","ὑμνεῖν ἀθανάτους, ὑμνεῖν ἀγαθῶν κλέα ἀνδρῶν.",tlg0005.tlg001.perseus-grc2.xml
Idylls,tlg001,16,3,"Μοῦσαι μὲν θεαὶ ἐντί, θεοὺς θεαὶ ἀείδοντι·","Μοῦσαι μὲν θεαὶ ἐντί, θεοὺς θεαὶ ἀείδοντι·",tlg0005.tlg001.perseus-grc2.xml
Idylls,tlg001,16,4,"ἄμμες δὲ βροτοὶ οἵδε, βροτοὺς βροτοὶ ἀείδωμεν.","ἄμμες δὲ βροτοὶ οἵδε, βροτοὺς βροτοὶ ἀείδωμεν.",tlg0005.tlg001.perseus-grc2.xml
Idylls,tlg001,16,5,τίς γὰρ τῶν ὁπόσοι γλαυκὰν ναίουσιν ὑπʼ ἀῶ,τίς γὰρ τῶν ὁπόσοι γλαυκὰν ναίουσιν ὑπ’ ἀῶ,tlg0005.tlg001.perseus-grc2.xml
Idylls,tlg001,16,6,ἡμετέρας Χάριτας πετάσας ὑποδέξεται οἴκῳ,ἡμετέρας Χάριτας πετάσας ὑποδέξεται οἴκῳ,tlg0005.tlg001.perseus-grc2.xml
Idylls,tlg001,16,7,"ἀσπασίως, οὐδʼ αὖθις ἀδωρήτους ἀποπέμψει;","ἀσπασίως, οὐδ’ αὖθις ἀδωρήτους ἀποπέμψει;",tlg0005.tlg001.perseus-grc2.xml
Idylls,tlg001,16,8,"αἱ δὲ σκυζόμεναι γυμνοῖς ποσὶν οἴκαδʼ ἴασι,","αἱ δὲ σκυζόμεναι γυμνοῖς ποσὶν οἴκαδ’ ἴασι,",tlg0005.tlg001.perseus-grc2.xml
Idylls,tlg001,16,9,"πολλά με τωθάζοισαι, ὅ τʼ ἀλιθίαν ὁδὸν ἦνθον,","πολλά με τωθάζοισαι, ὅ τ’ ἀλιθίαν ὁδὸν ἦνθον,",tlg0005.tlg001.perseus-grc2.xml
Idylls,tlg001,16,10,ὀκνηραὶ δὲ πάλιν κενεᾶς ἐν πυθμένι χηλοῦ,ὀκνηραὶ δὲ πάλιν κενεᾶς ἐν πυθμένι χηλοῦ,tlg0005.tlg001.perseus-grc2.xml
Idylls,tlg001,16,11,"ψυχροῖς ἐν γονάτεσσι κάρη μίμνοντι βαλοῖσαι,","ψυχροῖς ἐν γονάτεσσι κάρη μίμνοντι βαλοῖσαι,",tlg0005.tlg001.perseus-grc2.xml
Idylls,tlg001,16,12,"ἔνθʼ αἰεί σφισιν ἕδρα, ἐπὴν ἄπρηκτοι ἵκωνται.","ἔνθ’ αἰεί σφισιν ἕδρα, ἐπὴν ἄπρηκτοι ἵκωνται.",tlg0005.tlg001.perseus-grc2.xml
Idylls,tlg001,16,13,τίς τῶν νῦν τοιόσδε; τίς εὖ εἰπόντα φιλήσει;,τίς τῶν νῦν τοιόσδε; τίς εὖ εἰπόντα φιλήσει;,tlg0005.tlg001.perseus-grc2.xml
Idylls,tlg001,16,14,οὐκ οἶδʼ· οὐ γὰρ ἔτʼ ἄνδρες ἐπʼ ἔργμασιν ὡς πάρος ἐσθλοῖς,οὐκ οἶδ’· οὐ γὰρ ἔτ’ ἄνδρες ἐπ’ ἔργμασιν ὡς πάρος ἐσθλοῖς,tlg0005.tlg001.perseus-grc2.xml
Idylls,tlg001,16,15,"αἰνεῖσθαι σπεύδοντι, νενίκηνται δʼ ὑπὸ κερδέων.","αἰνεῖσθαι σπεύδοντι, νενίκηνται δ’ ὑπὸ κερδέων.",tlg0005.tlg001.perseus-grc2.xml
Idylls,tlg001,16,16,πᾶς δʼ ὑπὸ κόλπῳ χεῖρας ἔχων πόθεν οἴσεται ἀθρεῖ,πᾶς δ’ ὑπὸ κόλπῳ χεῖρας ἔχων πόθεν οἴσεται ἀθρεῖ,tlg0005.tlg001.perseus-grc2.xml
Idylls,tlg001,16,17,"ἄργυρον, οὐδέ κεν ἰὸν ἀποτρίψας τινὶ δοίη,","ἄργυρον, οὐδέ κεν ἰὸν ἀποτρίψας τινὶ δοίη,",tlg0005.tlg001.perseus-grc2.xml
Idylls,tlg001,16,18,ἀλλʼ εὐθὺς μυθεῖται· ἀπωτέρω ἢ γόνυ κνάμα·,ἀλλ’ εὐθὺς μυθεῖται· ἀπωτέρω ἢ γόνυ κνάμα·,tlg0005.tlg001.perseus-grc2.xml
Idylls,tlg001,16,19,αὐτῷ μοί τι γένοιτο· θεοὶ τιμῶσιν ἀοιδούς.,αὐτῷ μοί τι γένοιτο· θεοὶ τιμῶσιν ἀοιδούς.,tlg0005.tlg001.perseus-grc2.xml
Idylls,tlg001,16,20,τίς δέ κεν ἄλλου ἀκούσαι; ἅλις πάντεσσιν Ὅμηρος.,τίς δέ κεν ἄλλου ἀκούσαι; ἅλις πάντεσσιν Ὅμηρος.,tlg0005.tlg001.perseus-grc2.xml
Idylls,tlg001,16,21,"οὗτος ἀοιδῶν λῷστος, ὃς ἐξ ἐμεῦ οἴσεται οὐδέν.","οὗτος ἀοιδῶν λῷστος, ὃς ἐξ ἐμεῦ οἴσεται οὐδέν.",tlg0005.tlg001.perseus-grc2.xml
Idylls,tlg001,16,22,"δαιμόνιοι, τί δὲ κέρδος ὁ μυρίος ἔνδοθι χρυσὸς","δαιμόνιοι, τί δὲ κέρδος ὁ μυρίος ἔνδοθι χρυσὸς",tlg0005.tlg001.perseus-grc2.xml
Idylls,tlg001,16,23,"κείμενος; οὐχ ἅδε πλούτου φρονέουσιν ὄνασις,","κείμενος; οὐχ ἅδε πλούτου φρονέουσιν ὄνασις,",tlg0005.tlg001.perseus-grc2.xml
Idylls,tlg001,16,24,"ἀλλὰ τὸ μὲν ψυχᾷ, τὸ δὲ καί τινι δοῦναι ἀοιδῶν·","ἀλλὰ τὸ μὲν ψυχᾷ, τὸ δὲ καί τινι δοῦναι ἀοιδῶν·",tlg0005.tlg001.perseus-grc2.xml
Idylls,tlg001,16,25,"πολλοὺς δʼ εὖ ἔρξαι παῶν, πολλοὺς δὲ καὶ ἄλλων","πολλοὺς δ’ εὖ ἔρξαι παῶν, πολλοὺς δὲ καὶ ἄλλων",tlg0005.tlg001.perseus-grc2.xml
Idylls,tlg001,16,26,"ἀνθρώπων, αἰεὶ δὲ θεοῖς ἐπιβώμια ῥέζειν,","ἀνθρώπων, αἰεὶ δὲ θεοῖς ἐπιβώμια ῥέζειν,",tlg0005.tlg001.perseus-grc2.xml
Idylls,tlg001,16,27,"μηδὲ ξεινοδόκον κακὸν ἔμμεναι, ἀλλὰ τραπέζῃ","μηδὲ ξεινοδόκον κακὸν ἔμμεναι, ἀλλὰ τραπέζῃ",tlg0005.tlg001.perseus-grc2.xml
Idylls,tlg001,16,28,"μειλίξαντʼ ἀποπέμψαι, ἐπὴν ἐθέλωντι νέεσθαι,","μειλίξαντ’ ἀποπέμψαι, ἐπὴν ἐθέλωντι νέεσθαι,",tlg0005.tlg001.perseus-grc2.xml
Idylls,tlg001,16,29,"Μουσάων δὲ μάλιστα τίειν ἱεροὺς ὑποφήτας,","Μουσάων δὲ μάλιστα τίειν ἱεροὺς ὑποφήτας,",tlg0005.tlg001.perseus-grc2.xml
Idylls,tlg001,16,30,"ὄφρα καὶ εἰν Ἀίδαο κεκρυμμένος ἐσθλὸς ἀκούσῃς,","ὄφρα καὶ εἰν Ἀίδαο κεκρυμμένος ἐσθλὸς ἀκούσῃς,",tlg0005.tlg001.perseus-grc2.xml
Idylls,tlg001,16,31,"μηδʼ ἀκλεὴς μύρηαι ἐπὶ ψυχροῦ Ἀχέροντος,","μηδ’ ἀκλεὴς μύρηαι ἐπὶ ψυχροῦ Ἀχέροντος,",tlg0005.tlg001.perseus-grc2.xml
Idylls,tlg001,16,32,ὡσεί τις μακέλᾳ τετυλωμένος ἔνδοθι χεῖρας,ὡσεί τις μακέλᾳ τετυλωμένος ἔνδοθι χεῖρας,tlg0005.tlg001.perseus-grc2.xml
Idylls,tlg001,16,33,ἀχὴν ἐκ πατέρων πενίην ἀκτήμονα κλαίων.,ἀχὴν ἐκ πατέρων πενίην ἀκτήμονα κλαίων.,tlg0005.tlg001.perseus-grc2.xml
Idylls,tlg001,16,34,πολλοὶ ἐν Ἀντιόχοιο δόμοις καὶ ἄνακτος Ἀλεύα,πολλοὶ ἐν Ἀντιόχοιο δόμοις καὶ ἄνακτος Ἀλεύα,tlg0005.tlg001.perseus-grc2.xml
Idylls,tlg001,16,35,ἁρμαλιὴν ἔμμηνον ἐμετρήσαντο πενέσται·,ἁρμαλιὴν ἔμμηνον ἐμετρήσαντο πενέσται·,tlg0005.tlg001.perseus-grc2.xml
Idylls,tlg001,16,36,πολλοὶ δὲ Σκοπάδῃσιν ἐλαυνόμενοι ποτὶ σακοὺς,πολλοὶ δὲ Σκοπάδῃσιν ἐλαυνόμενοι ποτὶ σακοὺς,tlg0005.tlg001.perseus-grc2.xml
Idylls,tlg001,16,37,"μόσχοι σὺν κεραῇσιν ἐμυκήσαντο βόεσσι,","μόσχοι σὺν κεραῇσιν ἐμυκήσαντο βόεσσι,",tlg0005.tlg001.perseus-grc2.xml
Idylls,tlg001,16,38,μυρία δʼ ἀμπεδίον Κραννώνιον ἐνδιάασκον,μυρία δ’ ἀμπεδίον Κραννώνιον ἐνδιάασκον,tlg0005.tlg001.perseus-grc2.xml
Idylls,tlg001,16,39,ποιμένες ἔκκριτα μῆλα φιλοξείνοισι Κρεώνδαις·,ποιμένες ἔκκριτα μῆλα φιλοξείνοισι Κρεώνδαις·,tlg0005.tlg001.perseus-grc2.xml
Idylls,tlg001,16,40,"ἀλλʼ οὔ σφιν τῶν ἦδος, ἐπεὶ γλυκὺν ἐξεκένωσαν","ἀλλ’ οὔ σφιν τῶν ἦδος, ἐπεὶ γλυκὺν ἐξεκένωσαν",tlg0005.tlg001.perseus-grc2.xml
Idylls,tlg001,16,41,"θυμὸν ἐς εὐρεῖαν σχεδίαν στυγνοῦ Ἀχέροντος,","θυμὸν ἐς εὐρεῖαν σχεδίαν στυγνοῦ Ἀχέροντος,",tlg0005.tlg001.perseus-grc2.xml
Idylls,tlg001,16,42,ἄμναστοι δὲ τὰ πολλὰ καὶ ὄλβια τῆνα λιπόντες,ἄμναστοι δὲ τὰ πολλὰ καὶ ὄλβια τῆνα λιπόντες,tlg0005.tlg001.perseus-grc2.xml
Idylls,tlg001,16,43,"δειλοῖς ἐν νεκύεσσι μακροὺς αἰῶνας ἔκειντο,","δειλοῖς ἐν νεκύεσσι μακροὺς αἰῶνας ἔκειντο,",tlg0005.tlg001.perseus-grc2.xml
Idylls,tlg001,16,44,εἰ μὴ κεῖνος ἀοιδὸς ὁ Κήιος αἰόλα φωνέων,εἰ μὴ κεῖνος ἀοιδὸς ὁ Κήιος αἰόλα φωνέων,tlg0005.tlg001.perseus-grc2.xml
Idylls,tlg001,16,45,βάρβιτον ἐς πολύχορδον ἐν ἀνδράσι θῆκʼ ὀνομαστοὺς,βάρβιτον ἐς πολύχορδον ἐν ἀνδράσι θῆκ’ ὀνομαστοὺς,tlg0005.tlg001.perseus-grc2.xml
Idylls,tlg001,16,46,"ὁπλοτέροις, τιμᾶς δὲ καὶ ὠκέες ἔλλαχον ἵπποι,","ὁπλοτέροις, τιμᾶς δὲ καὶ ὠκέες ἔλλαχον ἵπποι,",tlg0005.tlg001.perseus-grc2.xml
Idylls,tlg001,16,47,οἵ σφισιν ἐξ ἱερῶν στεφανηφόροι ἦλθον ἀγώνων.,οἵ σφισιν ἐξ ἱερῶν στεφανηφόροι ἦλθον ἀγώνων.,tlg0005.tlg001.perseus-grc2.xml
Idylls,tlg001,16,48,"τίς δʼ ἂν ἀριστῆας Λυκίων ποτέ, τίς κομόωντας","τίς δ’ ἂν ἀριστῆας Λυκίων ποτέ, τίς κομόωντας",tlg0005.tlg001.perseus-grc2.xml
Idylls,tlg001,16,49,"Πριαμίδας ἢ θῆλυν ἀπὸ χροιᾶς Κύκνον ἔγνω,","Πριαμίδας ἢ θῆλυν ἀπὸ χροιᾶς Κύκνον ἔγνω,",tlg0005.tlg001.perseus-grc2.xml
Idylls,tlg001,16,50,εἰ μὴ φυλόπιδας προτέρων ὕμνησαν ἀοιδοί;,εἰ μὴ φυλόπιδας προτέρων ὕμνησαν ἀοιδοί;,tlg0005.tlg001.perseus-grc2.xml
Idylls,tlg001,16,51,οὐδʼ Ὀδυσεὺς ἑκατόν τε καὶ εἴκοσι μῆνας ἀλαθεὶς,οὐδ’ Ὀδυσεὺς ἑκατόν τε καὶ εἴκοσι μῆνας ἀλαθεὶς,tlg0005.tlg001.perseus-grc2.xml
Idylls,tlg001,16,52,"πάντας ἐπʼ ἀνθρώπους, Ἀίδαν τʼ εἰς ἔσχατον ἐλθὼν","πάντας ἐπ’ ἀνθρώπους, Ἀίδαν τ’ εἰς ἔσχατον ἐλθὼν",tlg0005.tlg001.perseus-grc2.xml
Idylls,tlg001,16,53,"ζωός, καὶ σπήλυγγα φυγὼν ὀλοοῖο Κύκλωπος,","ζωός, καὶ σπήλυγγα φυγὼν ὀλοοῖο Κύκλωπος,",tlg0005.tlg001.perseus-grc2.xml
Idylls,tlg001,16,54,"δηναιὸν κλέος ἔσχεν, ἐσιγάθη δʼ ἂν ὑφορβὸς","δηναιὸν κλέος ἔσχεν, ἐσιγάθη δ’ ἂν ὑφορβὸς",tlg0005.tlg001.perseus-grc2.xml
Idylls,tlg001,16,55,"Εὔμαιος, καὶ βουσὶ Φιλοίτιος ἀμφʼ ἀγελαίαις","Εὔμαιος, καὶ βουσὶ Φιλοίτιος ἀμφ’ ἀγελαίαις",tlg0005.tlg001.perseus-grc2.xml
Idylls,tlg001,16,56,"ἔργον ἔχων, αὐτός τε περίσπλαγχνος Λαέρτης,","ἔργον ἔχων, αὐτός τε περίσπλαγχνος Λαέρτης,",tlg0005.tlg001.perseus-grc2.xml
Idylls,tlg001,16,57,εἰ μή σφεας ὤνασαν Ἰάονος ἀνδρὸς ἀοιδαί.,εἰ μή σφεας ὤνασαν Ἰάονος ἀνδρὸς ἀοιδαί.,tlg0005.tlg001.perseus-grc2.xml
Idylls,tlg001,16,58,"Ἐκ Μοισᾶν ἀγαθὸν κλέος ἔρχεται ἀνθρώποισι,","Ἐκ Μοισᾶν ἀγαθὸν κλέος ἔρχεται ἀνθρώποισι,",tlg0005.tlg001.perseus-grc2.xml
Idylls,tlg001,16,59,χρήματα δὲ ζώοντες ἀμαλδύνουσι θανόντων.,χρήματα δὲ ζώοντες ἀμαλδύνουσι θανόντων.,tlg0005.tlg001.perseus-grc2.xml
Idylls,tlg001,16,60,"ἀλλʼ ἶσος γὰρ ὁ μόχθος ἐπʼ ᾀόνι κύματα μετρεῖν,","ἀλλ’ ἶσος γὰρ ὁ μόχθος ἐπ’ ᾀόνι κύματα μετρεῖν,",tlg0005.tlg001.perseus-grc2.xml
Idylls,tlg001,16,61,"ὅσσʼ ἄνεμος χέρσονδε μετὰ γλαυκᾶς ἁλὸς ὠθεῖ,","ὅσσ’ ἄνεμος χέρσονδε μετὰ γλαυκᾶς ἁλὸς ὠθεῖ,",tlg0005.tlg001.perseus-grc2.xml
Idylls,tlg001,16,62,"ἢ ὕδατι νίζειν θολερὰν διαειδέι πλίνθον,","ἢ ὕδατι νίζειν θολερὰν διαειδέι πλίνθον,",tlg0005.tlg001.perseus-grc2.xml
Idylls,tlg001,16,63,καὶ φιλοκερδείᾳ βεβλαμμένον ἄνδρα παρελθεῖν.,καὶ φιλοκερδείᾳ βεβλαμμένον ἄνδρα παρελθεῖν.,tlg0005.tlg001.perseus-grc2.xml
Idylls,tlg001,16,64,"χαιρέτω ὃς τοιοῦτος, ἀνάριθμος δέ οἱ εἰη","χαιρέτω ὃς τοιοῦτος, ἀνάριθμος δέ οἱ εἰη",tlg0005.tlg001.perseus-grc2.xml
Idylls,tlg001,16,65,"ἄργυρος, αἰεὶ δὲ πλεόνων ἔχοι ἵμερος αὐτόν.","ἄργυρος, αἰεὶ δὲ πλεόνων ἔχοι ἵμερος αὐτόν.",tlg0005.tlg001.perseus-grc2.xml
Idylls,tlg001,16,66,αὐτὰρ ἐγὼ τιμήν τε καὶ ἀνθρώπων φιλότητα,αὐτὰρ ἐγὼ τιμήν τε καὶ ἀνθρώπων φιλότητα,tlg0005.tlg001.perseus-grc2.xml
Idylls,tlg001,16,67,πολλῶν ἡμιόνων τε καὶ ἵππων πρόσθεν ἑλοίμαν.,πολλῶν ἡμιόνων τε καὶ ἵππων πρόσθεν ἑλοίμαν.,tlg0005.tlg001.perseus-grc2.xml
Idylls,tlg001,16,68,"δίζημαι δʼ, ὅτινι θνατῶν κεχαρισμένος ἔνθω","δίζημαι δ’, ὅτινι θνατῶν κεχαρισμένος ἔνθω",tlg0005.tlg001.perseus-grc2.xml
Idylls,tlg001,16,69,σὺν Μοίσαις· χαλεπαὶ γὰρ ὁδοὶ τελέθουσιν ἀοιδοῖς,σὺν Μοίσαις· χαλεπαὶ γὰρ ὁδοὶ τελέθουσιν ἀοιδοῖς,tlg0005.tlg001.perseus-grc2.xml
Idylls,tlg001,16,70,κουράων ἀπάνευθε Διὸς μέγα βουλεύοντος.,κουράων ἀπάνευθε Διὸς μέγα βουλεύοντος.,tlg0005.tlg001.perseus-grc2.xml
Idylls,tlg001,16,71,οὔπω μῆνας ἄγων ἔκαμʼ οὐρανὸς οὐδʼ ἐνιαυτούς·,οὔπω μῆνας ἄγων ἔκαμ’ οὐρανὸς οὐδ’ ἐνιαυτούς·,tlg0005.tlg001.perseus-grc2.xml
Idylls,tlg001,16,72,πολλοὶ κινήσουσιν ἔτι τροχὸν ἅρματος ἵπποι·,πολλοὶ κινήσουσιν ἔτι τροχὸν ἅρματος ἵπποι·,tlg0005.tlg001.perseus-grc2.xml
Idylls,tlg001,16,73,"ἔσσεται οὗτος ἀνήρ, ὃς ἐμεῦ κεχρήσετʼ ἀοιδοῦ,","ἔσσεται οὗτος ἀνήρ, ὃς ἐμεῦ κεχρήσετ’ ἀοιδοῦ,",tlg0005.tlg001.perseus-grc2.xml
Idylls,tlg001,16,74,ῥέξας ἢ Ἀχιλεὺς ὅσσον μέγας ἢ βαρὺς Αἴας,ῥέξας ἢ Ἀχιλεὺς ὅσσον μέγας ἢ βαρὺς Αἴας,tlg0005.tlg001.perseus-grc2.xml
Idylls,tlg001,16,75,"ἐν πεδίῳ Σιμόεντος, ὅθι Φρυγὸς ἠρίον Ἴλου.","ἐν πεδίῳ Σιμόεντος, ὅθι Φρυγὸς ἠρίον Ἴλου.",tlg0005.tlg001.perseus-grc2.xml
Idylls,tlg001,16,76,ἤδη νῦν Φοίνικες ὑπʼ ἠελίῳ δύνοντι,ἤδη νῦν Φοίνικες ὑπ’ ἠελίῳ δύνοντι,tlg0005.tlg001.perseus-grc2.xml
Idylls,tlg001,16,77,οἰκεῦντες Λιβύας ἄκρον σφυρὸν ἐρρίγασιν.,οἰκεῦντες Λιβύας ἄκρον σφυρὸν ἐρρίγασιν.,tlg0005.tlg001.perseus-grc2.xml
Idylls,tlg001,16,78,ἤδη βαστάζουσι Συρακόσιοι μέσα δοῦρα,ἤδη βαστάζουσι Συρακόσιοι μέσα δοῦρα,tlg0005.tlg001.perseus-grc2.xml
Idylls,tlg001,16,79,ἀχθόμενοι σακέεσσι βραχίονας ἰτεΐνοισιν·,ἀχθόμενοι σακέεσσι βραχίονας ἰτεΐνοισιν·,tlg0005.tlg001.perseus-grc2.xml
Idylls,tlg001,16,80,ἐν δʼ αὐτοῖς Ἱέρων προτέροις ἴσος ἡρώεσσι,ἐν δ’ αὐτοῖς Ἱέρων προτέροις ἴσος ἡρώεσσι,tlg0005.tlg001.perseus-grc2.xml
Idylls,tlg001,16,81,"ζώννυται, ἵππειαι δὲ κόρυν σκεπάουσιν ἔθειραι.","ζώννυται, ἵππειαι δὲ κόρυν σκεπάουσιν ἔθειραι.",tlg0005.tlg001.perseus-grc2.xml
Idylls,tlg001,16,82,αἰ γὰρ Ζεῦ κύδιστε πάτερ καὶ πότνιʼ Ἀθάνα,αἰ γὰρ Ζεῦ κύδιστε πάτερ καὶ πότνι’ Ἀθάνα,tlg0005.tlg001.perseus-grc2.xml
Idylls,tlg001,16,83,"κούρη θʼ, ἣ σὺν ματρὶ πολυκλήρων Ἐφυραίων","κούρη θ’, ἣ σὺν ματρὶ πολυκλήρων Ἐφυραίων",tlg0005.tlg001.perseus-grc2.xml
Idylls,tlg001,16,84,"εἴληχας μέγα ἄστυ παρʼ ὕδασι Λυσιμελείας,","εἴληχας μέγα ἄστυ παρ’ ὕδασι Λυσιμελείας,",tlg0005.tlg001.perseus-grc2.xml
Idylls,tlg001,16,85,ἐχθροὺς ἐκ νάσοιο κακὰ πέμψειεν ἀνάγκα,ἐχθροὺς ἐκ νάσοιο κακὰ πέμψειεν ἀνάγκα,tlg0005.tlg001.perseus-grc2.xml
Idylls,tlg001,16,86,"Σαρδόνιον κατὰ κῦμα, φίλων μόρον ἀγγέλλοντας","Σαρδόνιον κατὰ κῦμα, φίλων μόρον ἀγγέλλοντας",tlg0005.tlg001.perseus-grc2.xml
Idylls,tlg001,16,87,"τέκνοις ἠδʼ ἀλόχοισιν, ἀριθμητοὺς ἀπὸ πολλῶν·","τέκνοις ἠδ’ ἀλόχοισιν, ἀριθμητοὺς ἀπὸ πολλῶν·",tlg0005.tlg001.perseus-grc2.xml
Idylls,tlg001,16,88,"ἄστεά τε προτέροισι πάλιν ναίοιτο πολίταις,","ἄστεά τε προτέροισι πάλιν ναίοιτο πολίταις,",tlg0005.tlg001.perseus-grc2.xml
Idylls,tlg001,16,89,δυσμενέων ὅσα χεῖρες ἐλωβήσαντο κατάκρας·,δυσμενέων ὅσα χεῖρες ἐλωβήσαντο κατάκρας·,tlg0005.tlg001.perseus-grc2.xml
Idylls,tlg001,16,90,ἀγροὺς δʼ ἐργάζοιντο τεθαλότας· αἱ δʼ ἀνάριθμοι,ἀγροὺς δ’ ἐργάζοιντο τεθαλότας· αἱ δ’ ἀνάριθμοι,tlg0005.tlg001.perseus-grc2.xml
Idylls,tlg001,16,91,μήλων χιλιάδες βοτάνᾳ διαπιανθεῖσαι,μήλων χιλιάδες βοτάνᾳ διαπιανθεῖσαι,tlg0005.tlg001.perseus-grc2.xml
Idylls,tlg001,16,92,"ἀμπεδίον βληχοῖντο, βόες δʼ ἀγελαδὸν ἐς αὖλιν","ἀμπεδίον βληχοῖντο, βόες δ’ ἀγελαδὸν ἐς αὖλιν",tlg0005.tlg001.perseus-grc2.xml
Idylls,tlg001,16,93,ἐρχόμεναι σκνιφαῖον ἐπισπεύδοιεν ὁδίταν·,ἐρχόμεναι σκνιφαῖον ἐπισπεύδοιεν ὁδίταν·,tlg0005.tlg001.perseus-grc2.xml
Idylls,tlg001,16,94,"νειοὶ δʼ ἐκπονέοιντο ποτὶ σπόρον, ἁνίκα τέττιξ","νειοὶ δ’ ἐκπονέοιντο ποτὶ σπόρον, ἁνίκα τέττιξ",tlg0005.tlg001.perseus-grc2.xml
Idylls,tlg001,16,95,ποιμένας ἐνδίους πεφυλαγμένος ἔνδοθι δένδρων,ποιμένας ἐνδίους πεφυλαγμένος ἔνδοθι δένδρων,tlg0005.tlg001.perseus-grc2.xml
Idylls,tlg001,16,96,ἀχεῖ ἐν ἀκρεμόνεσσιν· ἀράχνια δʼ εἰς ὅπλʼ ἀράχναι,ἀχεῖ ἐν ἀκρεμόνεσσιν· ἀράχνια δ’ εἰς ὅπλ’ ἀράχναι,tlg0005.tlg001.perseus-grc2.xml
Idylls,tlg001,16,97,"λεπτὰ διαστήσαιντο, βοᾶς δʼ ἔτι μηδʼ ὄνομʼ εἴη.","λεπτὰ διαστήσαιντο, βοᾶς δ’ ἔτι μηδ’ ὄνομ’ εἴη.",tlg0005.tlg001.perseus-grc2.xml
Idylls,tlg001,16,98,ὑψηλὸν δʼ Ἱέρωνι κλέος φορέοιεν ἀοιδοὶ,ὑψηλὸν δ’ Ἱέρωνι κλέος φορέοιεν ἀοιδοὶ,tlg0005.tlg001.perseus-grc2.xml
Idylls,tlg001,16,99,καὶ πόντου Σκυθικοῖο πέραν καὶ ὅθι πλατὺ τεῖχος,καὶ πόντου Σκυθικοῖο πέραν καὶ ὅθι πλατὺ τεῖχος,tlg0005.tlg001.perseus-grc2.xml
Idylls,tlg001,16,100,ἀσφάλτῳ δήσασα Σεμίραμις ἐμβασίλευεν.,ἀσφάλτῳ δήσασα Σεμίραμις ἐμβασίλευεν.,tlg0005.tlg001.perseus-grc2.xml
Idylls,tlg001,16,101,"εἷς μὲν ἐγώ, πολλοὺς δὲ Διὸς φιλέοντι καὶ ἄλλους","εἷς μὲν ἐγώ, πολλοὺς δὲ Διὸς φιλέοντι καὶ ἄλλους",tlg0005.tlg001.perseus-grc2.xml
Idylls,tlg001,16,102,"θυγατέρες, τοῖς πᾶσι μέλοι Σικελὰν Ἀρέθοισαν","θυγατέρες, τοῖς πᾶσι μέλοι Σικελὰν Ἀρέθοισαν",tlg0005.tlg001.perseus-grc2.xml
Idylls,tlg001,16,103,ὑμνεῖν σὺν λαοῖσι καὶ αἰχμητὰν Ἱέρωνα.,ὑμνεῖν σὺν λαοῖσι καὶ αἰχμητὰν Ἱέρωνα.,tlg0005.tlg001.perseus-grc2.xml
Idylls,tlg001,16,104,"ὦ Ἐτεόκλειοι θύγατρες θεαί, ὦ Μινύειον","ὦ Ἐτεόκλειοι θύγατρες θεαί, ὦ Μινύειον",tlg0005.tlg001.perseus-grc2.xml
Idylls,tlg001,16,105,"Ὀρχομενὸν φιλέοισαι ἀπεχθόμενόν ποτε Θήβαις,","Ὀρχομενὸν φιλέοισαι ἀπεχθόμενόν ποτε Θήβαις,",tlg0005.tlg001.perseus-grc2.xml
Idylls,tlg001,16,106,"ἄκλητος μὲν ἔγωγε μένοιμί κεν, ἐς δὲ καλεύντων","ἄκλητος μὲν ἔγωγε μένοιμί κεν, ἐς δὲ καλεύντων",tlg0005.tlg001.perseus-grc2.xml
Idylls,tlg001,16,107,θαρσήσας Μοίσαισι σὺν ἁμετέραισιν ἱκοίμαν.,θαρσήσας Μοίσαισι σὺν ἁμετέραισιν ἱκοίμαν.,tlg0005.tlg001.perseus-grc2.xml
Idylls,tlg001,16,108,καλλείψω δʼ οὐδʼ ὔμμε· τί γὰρ Χαρίτων ἀγαπητὸν,καλλείψω δ’ οὐδ’ ὔμμε· τί γὰρ Χαρίτων ἀγαπητὸν,tlg0005.tlg001.perseus-grc2.xml
Idylls,tlg001,16,109,ἀνθρώποις ἀπάνευθεν; ἀεὶ Χαρίτεσσιν ἅμʼ εἴην.,ἀνθρώποις ἀπάνευθεν; ἀεὶ Χαρίτεσσιν ἅμ’ εἴην.,tlg0005.tlg001.perseus-grc2.xml
Idylls,tlg001,17,1,"Ἐκ Διὸς ἀρχώμεσθα καὶ ἐς Δία λήγετε Μοῖσαι,","Ἐκ Διὸς ἀρχώμεσθα καὶ ἐς Δία λήγετε Μοῖσαι,",tlg0005.tlg001.perseus-grc2.xml
Idylls,tlg001,17,2,ἀθανάτων τὸν ἄριστον ἐπὴν αὐδῶμεν ἀοιδαῖς·,ἀθανάτων τὸν ἄριστον ἐπὴν αὐδῶμεν ἀοιδαῖς·,tlg0005.tlg001.perseus-grc2.xml
Idylls,tlg001,17,3,ἀνδρῶν δʼ αὖ Πτολεμαῖος ἐνὶ πρώτοισι λεγέσθω,ἀνδρῶν δ’ αὖ Πτολεμαῖος ἐνὶ πρώτοισι λεγέσθω,tlg0005.tlg001.perseus-grc2.xml
Idylls,tlg001,17,4,καὶ πύματος καὶ μέσσος· ὁ γὰρ προφερέστατος ἄλλων.,καὶ πύματος καὶ μέσσος· ὁ γὰρ προφερέστατος ἄλλων.,tlg0005.tlg001.perseus-grc2.xml
Idylls,tlg001,17,5,"ἥρωες, τοὶ πρόσθεν ἀφʼ ἡμιθέων ἐγένοντο,","ἥρωες, τοὶ πρόσθεν ἀφ’ ἡμιθέων ἐγένοντο,",tlg0005.tlg001.perseus-grc2.xml
Idylls,tlg001,17,6,ῥέξαντες καλὰ ἔργα σοφῶν ἐκύρησαν ἀοιδῶν·,ῥέξαντες καλὰ ἔργα σοφῶν ἐκύρησαν ἀοιδῶν·,tlg0005.tlg001.perseus-grc2.xml
Idylls,tlg001,17,7,αὐτὰρ ἐγὼ Πτολεμαῖον ἐπιστάμενος καλὰ εἰπεῖν,αὐτὰρ ἐγὼ Πτολεμαῖον ἐπιστάμενος καλὰ εἰπεῖν,tlg0005.tlg001.perseus-grc2.xml
Idylls,tlg001,17,8,ὑμνήσαιμʼ· ὕμνοι δὲ καὶ ἀθανάτων γέρας αὐτῶν.,ὑμνήσαιμ’· ὕμνοι δὲ καὶ ἀθανάτων γέρας αὐτῶν.,tlg0005.tlg001.perseus-grc2.xml
Idylls,tlg001,17,9,Ἴδαν ἐς πολύδενδρον ἀνὴρ ὑλατόμος ἐλθὼν,Ἴδαν ἐς πολύδενδρον ἀνὴρ ὑλατόμος ἐλθὼν,tlg0005.tlg001.perseus-grc2.xml
Idylls,tlg001,17,10,"παπταίνει, παρεόντος ἄδην, πόθεν ἄρξεται ἔργου.","παπταίνει, παρεόντος ἄδην, πόθεν ἄρξεται ἔργου.",tlg0005.tlg001.perseus-grc2.xml
Idylls,tlg001,17,11,"τί πρῶτον καταλέξω; ἐπεὶ πάρα μυρία εἰπεῖν,","τί πρῶτον καταλέξω; ἐπεὶ πάρα μυρία εἰπεῖν,",tlg0005.tlg001.perseus-grc2.xml
Idylls,tlg001,17,12,οἷσι θεοὶ τὸν ἄριστον ἐτίμησαν βασιλήων.,οἷσι θεοὶ τὸν ἄριστον ἐτίμησαν βασιλήων.,tlg0005.tlg001.perseus-grc2.xml
Idylls,tlg001,17,13,Ἐκ πατέρων οἷος μὲν ἔην τελέσαι μέγα ἔργον,Ἐκ πατέρων οἷος μὲν ἔην τελέσαι μέγα ἔργον,tlg0005.tlg001.perseus-grc2.xml
Idylls,tlg001,17,14,"Λαγείδας Πτολεμαῖος, ὅτε φρεσὶν ἐγκατάθοιτο","Λαγείδας Πτολεμαῖος, ὅτε φρεσὶν ἐγκατάθοιτο",tlg0005.tlg001.perseus-grc2.xml
Idylls,tlg001,17,15,"βουλάν, ἃν οὐκ ἄλλος ἀνὴρ οἷός τε νοῆσαι.","βουλάν, ἃν οὐκ ἄλλος ἀνὴρ οἷός τε νοῆσαι.",tlg0005.tlg001.perseus-grc2.xml
Idylls,tlg001,17,16,τῆνον καὶ μακάρεσσι πατὴρ ὁμότιμον ἔθηκεν,τῆνον καὶ μακάρεσσι πατὴρ ὁμότιμον ἔθηκεν,tlg0005.tlg001.perseus-grc2.xml
Idylls,tlg001,17,17,"ἀθανάτοις, καί οἱ χρύσεος δόμος ἐν Διὸς οἴκῳ","ἀθανάτοις, καί οἱ χρύσεος δόμος ἐν Διὸς οἴκῳ",tlg0005.tlg001.perseus-grc2.xml
Idylls,tlg001,17,18,δέδμηται· παρὰ δʼ αὐτὸν Ἀλέξανδρος φίλα εἰδὼς,δέδμηται· παρὰ δ’ αὐτὸν Ἀλέξανδρος φίλα εἰδὼς,tlg0005.tlg001.perseus-grc2.xml
Idylls,tlg001,17,19,"ἑδριάει, Πέρσαισι βαρὺς θεὸς αἰολομίτρας.","ἑδριάει, Πέρσαισι βαρὺς θεὸς αἰολομίτρας.",tlg0005.tlg001.perseus-grc2.xml
Idylls,tlg001,17,20,ἀντία δʼ Ἡρακλῆος ἕδρα κενταυροφόνοιο,ἀντία δ’ Ἡρακλῆος ἕδρα κενταυροφόνοιο,tlg0005.tlg001.perseus-grc2.xml
Idylls,tlg001,17,21,ἵδρυται στερεοῖο τετυγμένα ἐξ ἀδάμαντος·,ἵδρυται στερεοῖο τετυγμένα ἐξ ἀδάμαντος·,tlg0005.tlg001.perseus-grc2.xml
Idylls,tlg001,17,22,"ἔνθα σὐν ἄλλοισιν θαλίας ἔχει οὐρανίδαισι,","ἔνθα σὐν ἄλλοισιν θαλίας ἔχει οὐρανίδαισι,",tlg0005.tlg001.perseus-grc2.xml
Idylls,tlg001,17,23,"χαίρων υἱωνῶν περιώσιον υἱωνοῖσιν,","χαίρων υἱωνῶν περιώσιον υἱωνοῖσιν,",tlg0005.tlg001.perseus-grc2.xml
Idylls,tlg001,17,24,"ὅττί σφεων Κρονίδης μελέων ἐξείλετο γῆρας,","ὅττί σφεων Κρονίδης μελέων ἐξείλετο γῆρας,",tlg0005.tlg001.perseus-grc2.xml
Idylls,tlg001,17,25,ἀθάνατοι δὲ καλεῦνται ἑοὶ νέποδες γεγαῶτες.,ἀθάνατοι δὲ καλεῦνται ἑοὶ νέποδες γεγαῶτες.,tlg0005.tlg001.perseus-grc2.xml
Idylls,tlg001,17,26,"ἄμφω γὰρ πρόγονός σφιν ὁ καρτερὸς Ἡρακλείδας,","ἄμφω γὰρ πρόγονός σφιν ὁ καρτερὸς Ἡρακλείδας,",tlg0005.tlg001.perseus-grc2.xml
Idylls,tlg001,17,27,ἀμφότεροι δʼ ἀριθμεῦνται ἐς ἔσχατον Ἡρακλῆα.,ἀμφότεροι δ’ ἀριθμεῦνται ἐς ἔσχατον Ἡρακλῆα.,tlg0005.tlg001.perseus-grc2.xml
Idylls,tlg001,17,28,τῷ καὶ ἐπεὶ δαίτηθεν ἴοι κεκορημένος ἤδη,τῷ καὶ ἐπεὶ δαίτηθεν ἴοι κεκορημένος ἤδη,tlg0005.tlg001.perseus-grc2.xml
Idylls,tlg001,17,29,"νέκταρος εὐόδμοιο φίλας ἐς δῶμʼ ἀλόχοιο,","νέκταρος εὐόδμοιο φίλας ἐς δῶμ’ ἀλόχοιο,",tlg0005.tlg001.perseus-grc2.xml
Idylls,tlg001,17,30,"τῷ μὲν τόξον ἔδωκεν ὑπωλένιόν τε φαρέτραν,","τῷ μὲν τόξον ἔδωκεν ὑπωλένιόν τε φαρέτραν,",tlg0005.tlg001.perseus-grc2.xml
Idylls,tlg001,17,31,τῷ δὲ σιδάρειον σκύταλον κεχαραγμένον ὄζοις.,τῷ δὲ σιδάρειον σκύταλον κεχαραγμένον ὄζοις.,tlg0005.tlg001.perseus-grc2.xml
Idylls,tlg001,17,32,οἱ δʼ εἰς ἀμβρόσιον θάλαμον λευκοσφύρου Ἥβης,οἱ δ’ εἰς ἀμβρόσιον θάλαμον λευκοσφύρου Ἥβης,tlg0005.tlg001.perseus-grc2.xml
Idylls,tlg001,17,33,ὅπλα καὶ αὐτὸν ἄγουσι γενειήταν Διὸς υἱόν.,ὅπλα καὶ αὐτὸν ἄγουσι γενειήταν Διὸς υἱόν.,tlg0005.tlg001.perseus-grc2.xml
Idylls,tlg001,17,34,οἵα δʼ ἐν πινυταῖσι περικλειτὰ Βερενίκα,οἵα δ’ ἐν πινυταῖσι περικλειτὰ Βερενίκα,tlg0005.tlg001.perseus-grc2.xml
Idylls,tlg001,17,35,"ἔπρεπε θηλυτέραις, ὄφελος μέγα γειναμένοισι.","ἔπρεπε θηλυτέραις, ὄφελος μέγα γειναμένοισι.",tlg0005.tlg001.perseus-grc2.xml
Idylls,tlg001,17,36,τᾷ μὲν Κύπρον ἔχοισα Διώνας πότνια κούρα,τᾷ μὲν Κύπρον ἔχοισα Διώνας πότνια κούρα,tlg0005.tlg001.perseus-grc2.xml
Idylls,tlg001,17,37,κόλπον ἐς εὐώδη ῥαδινὰς ἐσεμάξατο χεῖρας.,κόλπον ἐς εὐώδη ῥαδινὰς ἐσεμάξατο χεῖρας.,tlg0005.tlg001.perseus-grc2.xml
Idylls,tlg001,17,38,"τῷ οὔπω τινὰ φαντὶ ἁδεῖν τόσον ἀνδρὶ γυναικῶν,","τῷ οὔπω τινὰ φαντὶ ἁδεῖν τόσον ἀνδρὶ γυναικῶν,",tlg0005.tlg001.perseus-grc2.xml
Idylls,tlg001,17,39,ὅσσόν περ Πτολεμαῖος ἑὴν ἐφίλησεν ἄκοιτιν.,ὅσσόν περ Πτολεμαῖος ἑὴν ἐφίλησεν ἄκοιτιν.,tlg0005.tlg001.perseus-grc2.xml
Idylls,tlg001,17,40,ἦ μὰν ἀντεφιλεῖτο πολὺ πλέον· ὧδέ κε παισὶ,ἦ μὰν ἀντεφιλεῖτο πολὺ πλέον· ὧδέ κε παισὶ,tlg0005.tlg001.perseus-grc2.xml
Idylls,tlg001,17,41,"θαρσήσας σφετέροισιν ἐπιτρέποι οἶκον ἅπαντα,","θαρσήσας σφετέροισιν ἐπιτρέποι οἶκον ἅπαντα,",tlg0005.tlg001.perseus-grc2.xml
Idylls,tlg001,17,42,ὁππότε κεν φιλέων βαίνῃ λέχος ἐς φιλεούσης.,ὁππότε κεν φιλέων βαίνῃ λέχος ἐς φιλεούσης.,tlg0005.tlg001.perseus-grc2.xml
Idylls,tlg001,17,43,"ἀστόργου δὲ γυναικὸς ἐπʼ ἀλλοτρίῳ νόος αἰεί,","ἀστόργου δὲ γυναικὸς ἐπ’ ἀλλοτρίῳ νόος αἰεί,",tlg0005.tlg001.perseus-grc2.xml
Idylls,tlg001,17,44,"ῥηίδιοι δὲ γοναί, τέκνα δʼ οὐ ποτεοικότα πατρί.","ῥηίδιοι δὲ γοναί, τέκνα δ’ οὐ ποτεοικότα πατρί.",tlg0005.tlg001.perseus-grc2.xml
Idylls,tlg001,17,45,"κάλλει ἀριστεύουσα θεάων πότνʼ Ἀφροδίτα,","κάλλει ἀριστεύουσα θεάων πότν’ Ἀφροδίτα,",tlg0005.tlg001.perseus-grc2.xml
Idylls,tlg001,17,46,σοὶ τήνα μεμέλητο· σέθεν δʼ ἕνεκεν Βερενίκα,σοὶ τήνα μεμέλητο· σέθεν δ’ ἕνεκεν Βερενίκα,tlg0005.tlg001.perseus-grc2.xml
Idylls,tlg001,17,47,"εὐειδὴς Ἀχέροντα πολύστονον οὐκ ἐπέρασεν,","εὐειδὴς Ἀχέροντα πολύστονον οὐκ ἐπέρασεν,",tlg0005.tlg001.perseus-grc2.xml
Idylls,tlg001,17,48,"ἀλλά μιν ἁρπάξασα, πάροιθʼ ἐπὶ νῆα κατελθεῖν","ἀλλά μιν ἁρπάξασα, πάροιθ’ ἐπὶ νῆα κατελθεῖν",tlg0005.tlg001.perseus-grc2.xml
Idylls,tlg001,17,49,"κυανέαν καὶ στυγνὸν ἀεὶ πορθμῆα καμόντων,","κυανέαν καὶ στυγνὸν ἀεὶ πορθμῆα καμόντων,",tlg0005.tlg001.perseus-grc2.xml
Idylls,tlg001,17,50,"ἐς ναὸν κατέθηκας, ἑᾶς δʼ ἀπεδάσσαο τιμᾶς.","ἐς ναὸν κατέθηκας, ἑᾶς δ’ ἀπεδάσσαο τιμᾶς.",tlg0005.tlg001.perseus-grc2.xml
Idylls,tlg001,17,51,πᾶσιν δʼ ἤπιος ἥδε βροτοῖς μαλακοὺς μὲν ἔρωτας,πᾶσιν δ’ ἤπιος ἥδε βροτοῖς μαλακοὺς μὲν ἔρωτας,tlg0005.tlg001.perseus-grc2.xml
Idylls,tlg001,17,52,"προσπνείει, κούφας δὲ διδοῖ ποθέοντι μερίμνας.—","προσπνείει, κούφας δὲ διδοῖ ποθέοντι μερίμνας.—",tlg0005.tlg001.perseus-grc2.xml
Idylls,tlg001,17,53,"Ἀργεία κυάνοφρυ, σὺ λαοφόνον Διομήδεα","Ἀργεία κυάνοφρυ, σὺ λαοφόνον Διομήδεα",tlg0005.tlg001.perseus-grc2.xml
Idylls,tlg001,17,54,"μισγομένα Τυδῆι τέκες, Καλυδώνιον ἄνδρα,","μισγομένα Τυδῆι τέκες, Καλυδώνιον ἄνδρα,",tlg0005.tlg001.perseus-grc2.xml
Idylls,tlg001,17,55,ἀλλὰ Θέτις βαθύκολπος ἀκοντιστὰν Ἀχιλῆα,ἀλλὰ Θέτις βαθύκολπος ἀκοντιστὰν Ἀχιλῆα,tlg0005.tlg001.perseus-grc2.xml
Idylls,tlg001,17,56,"Αἰακίδᾳ Πηλῆι, σὲ δʼ αἰχμητὰ Πτολεμαῖε","Αἰακίδᾳ Πηλῆι, σὲ δ’ αἰχμητὰ Πτολεμαῖε",tlg0005.tlg001.perseus-grc2.xml
Idylls,tlg001,17,57,αἰχμητᾷ Πτολεμαίῳ ἀρίζηλος Βερενίκα.,αἰχμητᾷ Πτολεμαίῳ ἀρίζηλος Βερενίκα.,tlg0005.tlg001.perseus-grc2.xml
Idylls,tlg001,17,58,"καί σε Κόως ἀτίταλλε βρέφος νεογιλλὸν ἐόντα,","καί σε Κόως ἀτίταλλε βρέφος νεογιλλὸν ἐόντα,",tlg0005.tlg001.perseus-grc2.xml
Idylls,tlg001,17,59,"δεξαμένα παρὰ ματρός, ὅτε πρώταν ἴδες ἀῶ.","δεξαμένα παρὰ ματρός, ὅτε πρώταν ἴδες ἀῶ.",tlg0005.tlg001.perseus-grc2.xml
Idylls,tlg001,17,60,ἔνθα γὰρ Εἰλείθυιαν ἐβώσατο λυσίζωνον,ἔνθα γὰρ Εἰλείθυιαν ἐβώσατο λυσίζωνον,tlg0005.tlg001.perseus-grc2.xml
Idylls,tlg001,17,61,Ἀντιγόνας θυγάτηρ βεβαρημένα ὠδίνεσσιν·,Ἀντιγόνας θυγάτηρ βεβαρημένα ὠδίνεσσιν·,tlg0005.tlg001.perseus-grc2.xml
Idylls,tlg001,17,62,"ἡ δέ οἱ εὐμενέοισα παρίστατο, κὰδ δʼ ἄρα πάντων","ἡ δέ οἱ εὐμενέοισα παρίστατο, κὰδ δ’ ἄρα πάντων",tlg0005.tlg001.perseus-grc2.xml
Idylls,tlg001,17,63,νωδυνίαν κατέχευε μελῶν· ὁ δὲ πατρὶ ἐοικὼς,νωδυνίαν κατέχευε μελῶν· ὁ δὲ πατρὶ ἐοικὼς,tlg0005.tlg001.perseus-grc2.xml
Idylls,tlg001,17,64,"παῖς ἀγαπητὸς ἔγεντο. Κόως δʼ ὀλόλυξεν ἰδοῖσα,","παῖς ἀγαπητὸς ἔγεντο. Κόως δ’ ὀλόλυξεν ἰδοῖσα,",tlg0005.tlg001.perseus-grc2.xml
Idylls,tlg001,17,65,φᾶ δὲ καθαπτομένα βρέφεος χείρεσσι φίλῃσιν·,φᾶ δὲ καθαπτομένα βρέφεος χείρεσσι φίλῃσιν·,tlg0005.tlg001.perseus-grc2.xml
Idylls,tlg001,17,66,"Ὄλβιε κοῦρε γένοιο, τίοις δέ με τόσσον, ὅσον περ","Ὄλβιε κοῦρε γένοιο, τίοις δέ με τόσσον, ὅσον περ",tlg0005.tlg001.perseus-grc2.xml
Idylls,tlg001,17,67,Δᾶλον ἐτίμησεν κυανάμπυκα Φοῖβος Ἀπόλλων·,Δᾶλον ἐτίμησεν κυανάμπυκα Φοῖβος Ἀπόλλων·,tlg0005.tlg001.perseus-grc2.xml
Idylls,tlg001,17,68,"ἐν δὲ μιᾷ τιμᾷ Τρίοπον καταθεῖο κολώναν,","ἐν δὲ μιᾷ τιμᾷ Τρίοπον καταθεῖο κολώναν,",tlg0005.tlg001.perseus-grc2.xml
Idylls,tlg001,17,69,ἶσον Δωριέεεσσι νέμων γέρας ἐγγὺς ἐοῦσιν.,ἶσον Δωριέεεσσι νέμων γέρας ἐγγὺς ἐοῦσιν.,tlg0005.tlg001.perseus-grc2.xml
Idylls,tlg001,17,70,ἶσον καὶ Ῥήναιαν ἄναξ ἐφίλησεν Ἀπόλλων.,ἶσον καὶ Ῥήναιαν ἄναξ ἐφίλησεν Ἀπόλλων.,tlg0005.tlg001.perseus-grc2.xml
Idylls,tlg001,17,71,Ὣς ἄρα νᾶσος ἔειπεν· ὁ δʼ ὑψόθεν ἔκλαγε φωνᾷ,Ὣς ἄρα νᾶσος ἔειπεν· ὁ δ’ ὑψόθεν ἔκλαγε φωνᾷ,tlg0005.tlg001.perseus-grc2.xml
Idylls,tlg001,17,72,ἐς τρὶς ἀπὸ νεφέων μέγας αἰετὸς αἴσιος ὄρνις.,ἐς τρὶς ἀπὸ νεφέων μέγας αἰετὸς αἴσιος ὄρνις.,tlg0005.tlg001.perseus-grc2.xml
Idylls,tlg001,17,73,Ζηνός που τόδε σᾶμα. Διὶ Κρονίωνι μέλοντι,Ζηνός που τόδε σᾶμα. Διὶ Κρονίωνι μέλοντι,tlg0005.tlg001.perseus-grc2.xml
Idylls,tlg001,17,74,"αἰδοῖοι βασιλῆες· ὁ δʼ ἔξοχος, ὅν κε φιλήσῃ","αἰδοῖοι βασιλῆες· ὁ δ’ ἔξοχος, ὅν κε φιλήσῃ",tlg0005.tlg001.perseus-grc2.xml
Idylls,tlg001,17,75,"γεινόμενον τὰ πρῶτα· πολὺς δέ οἱ ὄλβος ὀπαδεῖ,","γεινόμενον τὰ πρῶτα· πολὺς δέ οἱ ὄλβος ὀπαδεῖ,",tlg0005.tlg001.perseus-grc2.xml
Idylls,tlg001,17,76,"πολλᾶς δὲ κρατέει γαίας, πολλᾶς δὲ θαλάσσας.","πολλᾶς δὲ κρατέει γαίας, πολλᾶς δὲ θαλάσσας.",tlg0005.tlg001.perseus-grc2.xml
Idylls,tlg001,17,77,μυρίαι ἄπειροί τε καὶ ἔθνεα μυρία φωτῶν,μυρίαι ἄπειροί τε καὶ ἔθνεα μυρία φωτῶν,tlg0005.tlg001.perseus-grc2.xml
Idylls,tlg001,17,78,λήιον ἀλδήσκουσιν ὀφελλόμεναι Διὸς ὄμβρῳ·,λήιον ἀλδήσκουσιν ὀφελλόμεναι Διὸς ὄμβρῳ·,tlg0005.tlg001.perseus-grc2.xml
Idylls,tlg001,17,79,"ἀλλʼ οὔτις τόσα φύει, ὅσα χθαμαλὰ Αἴγυπτος,","ἀλλ’ οὔτις τόσα φύει, ὅσα χθαμαλὰ Αἴγυπτος,",tlg0005.tlg001.perseus-grc2.xml
Idylls,tlg001,17,80,Νεῖλος ἀναβλύζων διερὰν ὅτε βώλακα θρύπτει.,Νεῖλος ἀναβλύζων διερὰν ὅτε βώλακα θρύπτει.,tlg0005.tlg001.perseus-grc2.xml
Idylls,tlg001,17,81,οὐδέ τις ἄστεα τόσσα βροτῶν ἔχει ἔργα δαέντων.,οὐδέ τις ἄστεα τόσσα βροτῶν ἔχει ἔργα δαέντων.,tlg0005.tlg001.perseus-grc2.xml
Idylls,tlg001,17,82,"τρεῖς μέν οἱ πολίων ἑκατοντάδες ἐνδέδμηνται,","τρεῖς μέν οἱ πολίων ἑκατοντάδες ἐνδέδμηνται,",tlg0005.tlg001.perseus-grc2.xml
Idylls,tlg001,17,83,"τρεῖς δʼ ἄρα χιλιάδες τρισσαῖς ἐπὶ μυριάδεσσι,","τρεῖς δ’ ἄρα χιλιάδες τρισσαῖς ἐπὶ μυριάδεσσι,",tlg0005.tlg001.perseus-grc2.xml
Idylls,tlg001,17,84,"δοιαὶ δὲ τριάδες, μετὰ δέ σφισιν ἐννεάδες τρεῖς·","δοιαὶ δὲ τριάδες, μετὰ δέ σφισιν ἐννεάδες τρεῖς·",tlg0005.tlg001.perseus-grc2.xml
Idylls,tlg001,17,85,τῶν πάντων Πτολεμαῖος ἀλήνωρ ἐμβασιλεύει.,τῶν πάντων Πτολεμαῖος ἀλήνωρ ἐμβασιλεύει.,tlg0005.tlg001.perseus-grc2.xml
Idylls,tlg001,17,86,καὶ μὴν Φοινίκας ἀποτέμνεται Ἀρραβίας τε,καὶ μὴν Φοινίκας ἀποτέμνεται Ἀρραβίας τε,tlg0005.tlg001.perseus-grc2.xml
Idylls,tlg001,17,87,καὶ Συρίας Λιβύας τε κελαινῶν τʼ Αἰθιοπήων.,καὶ Συρίας Λιβύας τε κελαινῶν τ’ Αἰθιοπήων.,tlg0005.tlg001.perseus-grc2.xml
Idylls,tlg001,17,88,Παμφύλοισί τε πᾶσι καὶ αἰχμηταῖς Κιλίκεσσι,Παμφύλοισί τε πᾶσι καὶ αἰχμηταῖς Κιλίκεσσι,tlg0005.tlg001.perseus-grc2.xml
Idylls,tlg001,17,89,"σαμαίνει, Λυκίοις τε φιλοπτολέμοισί τε Καρσί,","σαμαίνει, Λυκίοις τε φιλοπτολέμοισί τε Καρσί,",tlg0005.tlg001.perseus-grc2.xml
Idylls,tlg001,17,90,"καὶ νάσοις Κυκλάδεσσιν, ἐπεί οἱ νᾶες ἄρισται","καὶ νάσοις Κυκλάδεσσιν, ἐπεί οἱ νᾶες ἄρισται",tlg0005.tlg001.perseus-grc2.xml
Idylls,tlg001,17,91,"πόντον ἐπιπλώοντι, θάλασσα δὲ πᾶσα καὶ αἶα","πόντον ἐπιπλώοντι, θάλασσα δὲ πᾶσα καὶ αἶα",tlg0005.tlg001.perseus-grc2.xml
Idylls,tlg001,17,92,καὶ ποταμοὶ κελάδοντες ἀνάσσονται Πτολεμαίῳ.,καὶ ποταμοὶ κελάδοντες ἀνάσσονται Πτολεμαίῳ.,tlg0005.tlg001.perseus-grc2.xml
Idylls,tlg001,17,93,"πολλοὶ δʼ ἱππῆες, πολλοὶ δέ μιν ἀσπιδιῶται.","πολλοὶ δ’ ἱππῆες, πολλοὶ δέ μιν ἀσπιδιῶται.",tlg0005.tlg001.perseus-grc2.xml
Idylls,tlg001,17,94,χαλκῷ μαρμαίροντι σεσαγμένοι ἀμφαγέρονται.,χαλκῷ μαρμαίροντι σεσαγμένοι ἀμφαγέρονται.,tlg0005.tlg001.perseus-grc2.xml
Idylls,tlg001,17,95,ὄλβῳ μὲν πάντάς κε καταβρίθοι βασιλῆας·,ὄλβῳ μὲν πάντάς κε καταβρίθοι βασιλῆας·,tlg0005.tlg001.perseus-grc2.xml
Idylls,tlg001,17,96,τόσσον ἐπʼ ἆμαρ ἕκαστον ἐς ἀφνεὸν ἔρχεται οἶκον,τόσσον ἐπ’ ἆμαρ ἕκαστον ἐς ἀφνεὸν ἔρχεται οἶκον,tlg0005.tlg001.perseus-grc2.xml
Idylls,tlg001,17,97,πάντοθε. λαοὶ δʼ ἔργα περιστέλλουσιν ἕκηλοι.,πάντοθε. λαοὶ δ’ ἔργα περιστέλλουσιν ἕκηλοι.,tlg0005.tlg001.perseus-grc2.xml
Idylls,tlg001,17,98,οὐ γάρ τις δηίων πολυκήτεα Νεῖλον ὑπερβὰς,οὐ γάρ τις δηίων πολυκήτεα Νεῖλον ὑπερβὰς,tlg0005.tlg001.perseus-grc2.xml
Idylls,tlg001,17,99,"πεζὸς ἐν ἀλλοτρίαισι βοὰν ἐστάσατο κώμαις,","πεζὸς ἐν ἀλλοτρίαισι βοὰν ἐστάσατο κώμαις,",tlg0005.tlg001.perseus-grc2.xml
Idylls,tlg001,17,100,οὐδέ τις αἰγιαλόνδε θοᾶς ἐξάλατο ναὸς,οὐδέ τις αἰγιαλόνδε θοᾶς ἐξάλατο ναὸς,tlg0005.tlg001.perseus-grc2.xml
Idylls,tlg001,17,101,θωρηχθεὶς ἐπὶ βουσὶν ἀνάρσιος Αἰγυπτίῃσι·,θωρηχθεὶς ἐπὶ βουσὶν ἀνάρσιος Αἰγυπτίῃσι·,tlg0005.tlg001.perseus-grc2.xml
Idylls,tlg001,17,102,τοῖος ἀνὴρ πλατέεσσιν ἐνίδρυται πεδίοισι,τοῖος ἀνὴρ πλατέεσσιν ἐνίδρυται πεδίοισι,tlg0005.tlg001.perseus-grc2.xml
Idylls,tlg001,17,103,"ξανθοκόμας Πτολεμαῖος, ἐπιστάμενος δόρυ πάλλειν,","ξανθοκόμας Πτολεμαῖος, ἐπιστάμενος δόρυ πάλλειν,",tlg0005.tlg001.perseus-grc2.xml
Idylls,tlg001,17,104,ᾧ ἐπὶ πάγχυ μέλει πατρώια πάντα φυλάσσειν,ᾧ ἐπὶ πάγχυ μέλει πατρώια πάντα φυλάσσειν,tlg0005.tlg001.perseus-grc2.xml
Idylls,tlg001,17,105,"οἷʼ ἀγαθῷ βασιλῆι, τὰ δὲ κτεατίζεται αὐτός.","οἷ’ ἀγαθῷ βασιλῆι, τὰ δὲ κτεατίζεται αὐτός.",tlg0005.tlg001.perseus-grc2.xml
Idylls,tlg001,17,106,οὐ μὰν ἀχρεῖός γε δόμῳ ἐνὶ πίονι χρυσὸς,οὐ μὰν ἀχρεῖός γε δόμῳ ἐνὶ πίονι χρυσὸς,tlg0005.tlg001.perseus-grc2.xml
Idylls,tlg001,17,107,μυρμάκων ἅτε πλοῦτος ἀεὶ κέχυται μογεόντων·,μυρμάκων ἅτε πλοῦτος ἀεὶ κέχυται μογεόντων·,tlg0005.tlg001.perseus-grc2.xml
Idylls,tlg001,17,108,"ἀλλὰ πολὺν μὲν ἔχοντι θεῶν ἐρικυδέες οἶκοι,","ἀλλὰ πολὺν μὲν ἔχοντι θεῶν ἐρικυδέες οἶκοι,",tlg0005.tlg001.perseus-grc2.xml
Idylls,tlg001,17,109,"αἰὲν ἀπαρχομένοιο σὺν ἄλλοισιν γεράεσσι,","αἰὲν ἀπαρχομένοιο σὺν ἄλλοισιν γεράεσσι,",tlg0005.tlg001.perseus-grc2.xml
Idylls,tlg001,17,110,"πολλὸν δʼ ἰφθίμοισι δεδώρηται βασιλεῦσι,","πολλὸν δ’ ἰφθίμοισι δεδώρηται βασιλεῦσι,",tlg0005.tlg001.perseus-grc2.xml
Idylls,tlg001,17,111,"πολλὸν δὲ πτολίεσσι, πολὺν δʼ ἀγαθοῖσιν ἑταίροις.","πολλὸν δὲ πτολίεσσι, πολὺν δ’ ἀγαθοῖσιν ἑταίροις.",tlg0005.tlg001.perseus-grc2.xml
Idylls,tlg001,17,112,οὐδὲ Διωνύσου τις ἀνὴρ ἱεροὺς κατʼ ἀγῶνας,οὐδὲ Διωνύσου τις ἀνὴρ ἱεροὺς κατ’ ἀγῶνας,tlg0005.tlg001.perseus-grc2.xml
Idylls,tlg001,17,113,"ἵκετʼ ἐπιστάμενος λιγυρὰν ἀναμέλψαι ἀοιδάν,","ἵκετ’ ἐπιστάμενος λιγυρὰν ἀναμέλψαι ἀοιδάν,",tlg0005.tlg001.perseus-grc2.xml
Idylls,tlg001,17,114,ᾧ οὐ δωτίναν ἀντάξιον ὤπασε τέχνας.,ᾧ οὐ δωτίναν ἀντάξιον ὤπασε τέχνας.,tlg0005.tlg001.perseus-grc2.xml
Idylls,tlg001,17,115,Μουσάων δʼ ὑποφῆται ἀείδοντι Πτολεμαῖον,Μουσάων δ’ ὑποφῆται ἀείδοντι Πτολεμαῖον,tlg0005.tlg001.perseus-grc2.xml
Idylls,tlg001,17,116,ἀντʼ εὐεργεσίας. τί δὲ κάλλιον ἀνδρί κεν εἴη,ἀντ’ εὐεργεσίας. τί δὲ κάλλιον ἀνδρί κεν εἴη,tlg0005.tlg001.perseus-grc2.xml
Idylls,tlg001,17,117,ὀλβίῳ ἢ κλέος ἐσθλὸν ἐν ἀνθρώποισιν ἀρέσθαι;,ὀλβίῳ ἢ κλέος ἐσθλὸν ἐν ἀνθρώποισιν ἀρέσθαι;,tlg0005.tlg001.perseus-grc2.xml
Idylls,tlg001,17,118,"τοῦτο καὶ Ἀτρείδαισι μένει· τὰ δὲ μυρία τῆνα,","τοῦτο καὶ Ἀτρείδαισι μένει· τὰ δὲ μυρία τῆνα,",tlg0005.tlg001.perseus-grc2.xml
Idylls,tlg001,17,119,"ὅσσα μέγαν Πριάμοιο δόμον κτεάτισσαν ἑλόντες,","ὅσσα μέγαν Πριάμοιο δόμον κτεάτισσαν ἑλόντες,",tlg0005.tlg001.perseus-grc2.xml
Idylls,tlg001,17,120,"ἀέρι πᾳ κέκρυπται, ὅθεν πάλιν οὐκέτι νόστος·","ἀέρι πᾳ κέκρυπται, ὅθεν πάλιν οὐκέτι νόστος·",tlg0005.tlg001.perseus-grc2.xml
Idylls,tlg001,17,121,μοῦνος δὲ προτέρων τε καὶ ὧν ἔτι θερμὰ κονία,μοῦνος δὲ προτέρων τε καὶ ὧν ἔτι θερμὰ κονία,tlg0005.tlg001.perseus-grc2.xml
Idylls,tlg001,17,122,"στειβομένα καθύπερθε ποδῶν ἐκμάσσεται ἴχνη,","στειβομένα καθύπερθε ποδῶν ἐκμάσσεται ἴχνη,",tlg0005.tlg001.perseus-grc2.xml
Idylls,tlg001,17,123,ματρὶ φίλᾳ καὶ πατρὶ θυώδεας εἵσατο ναούς·,ματρὶ φίλᾳ καὶ πατρὶ θυώδεας εἵσατο ναούς·,tlg0005.tlg001.perseus-grc2.xml
Idylls,tlg001,17,124,ἐν δʼ αὐτοὺς χρυσῷ περικαλλέας ἠδʼ ἐλέφαντι,ἐν δ’ αὐτοὺς χρυσῷ περικαλλέας ἠδ’ ἐλέφαντι,tlg0005.tlg001.perseus-grc2.xml
Idylls,tlg001,17,125,ἵδρυται πάντεσσιν ἐπιχθονίοισιν ἀρωγούς.,ἵδρυται πάντεσσιν ἐπιχθονίοισιν ἀρωγούς.,tlg0005.tlg001.perseus-grc2.xml
Idylls,tlg001,17,126,πολλὰ δὲ πιανθέντα βοῶν ὅγε μηρία καίει,πολλὰ δὲ πιανθέντα βοῶν ὅγε μηρία καίει,tlg0005.tlg001.perseus-grc2.xml
Idylls,tlg001,17,127,"μησὶ περιπλομένοισιν ἐρευθομένων ἐπὶ βωμῶν,","μησὶ περιπλομένοισιν ἐρευθομένων ἐπὶ βωμῶν,",tlg0005.tlg001.perseus-grc2.xml
Idylls,tlg001,17,128,"αὐτός τʼ ἰφθίμα τʼ ἄλοχος, τᾶς οὔτις ἀρείων","αὐτός τ’ ἰφθίμα τ’ ἄλοχος, τᾶς οὔτις ἀρείων",tlg0005.tlg001.perseus-grc2.xml
Idylls,tlg001,17,129,"νυμφίον ἐν μεγάροισι γυνὰ περιβάλλετʼ ἀγοστῷ,","νυμφίον ἐν μεγάροισι γυνὰ περιβάλλετ’ ἀγοστῷ,",tlg0005.tlg001.perseus-grc2.xml
Idylls,tlg001,17,130,ἐκ θυμοῦ στέργοισα κασίγνητόν τε πόσιν τε.,ἐκ θυμοῦ στέργοισα κασίγνητόν τε πόσιν τε.,tlg0005.tlg001.perseus-grc2.xml
Idylls,tlg001,17,131,"ὧδε καὶ ἀθανάτων ἱερὸς γάμος ἐξετελέσθη,","ὧδε καὶ ἀθανάτων ἱερὸς γάμος ἐξετελέσθη,",tlg0005.tlg001.perseus-grc2.xml
Idylls,tlg001,17,132,οὓς τέκετο κρείουσα Ῥέα βασιλῆας Ὀλύμπου·,οὓς τέκετο κρείουσα Ῥέα βασιλῆας Ὀλύμπου·,tlg0005.tlg001.perseus-grc2.xml
Idylls,tlg001,17,133,ἓν δὲ λέχος στόρνυσιν ἰαύειν Ζηνὶ καὶ Ἥρῃ,ἓν δὲ λέχος στόρνυσιν ἰαύειν Ζηνὶ καὶ Ἥρῃ,tlg0005.tlg001.perseus-grc2.xml
Idylls,tlg001,17,134,χεῖρας φοιβήσασα μύροις ἔτι παρθένος Ἶρις.,χεῖρας φοιβήσασα μύροις ἔτι παρθένος Ἶρις.,tlg0005.tlg001.perseus-grc2.xml
Idylls,tlg001,17,135,χαῖρε ἄναξ Πτολεμαῖε· σέθεν δʼ ἐγὼ ἶσα καὶ ἄλλων,χαῖρε ἄναξ Πτολεμαῖε· σέθεν δ’ ἐγὼ ἶσα καὶ ἄλλων,tlg0005.tlg001.perseus-grc2.xml
Idylls,tlg001,17,136,"μνάσομαι ἡμιθέων, δοκέω δʼ ἔπος οὐκ ἀπόβλητον","μνάσομαι ἡμιθέων, δοκέω δ’ ἔπος οὐκ ἀπόβλητον",tlg0005.tlg001.perseus-grc2.xml
Idylls,tlg001,17,137,φθέγξομαι ἐσσομένοις· ἀρετήν γε μὲν ἐκ Διὸς αἰτεῦ.,φθέγξομαι ἐσσομένοις· ἀρετήν γε μὲν ἐκ Διὸς αἰτεῦ.,tlg0005.tlg001.perseus-grc2.xml
Idylls,tlg001,18,1,ἔν ποκʼ ἄρα Σπάρτᾳ ξανθότριχι πὰρ Μενελάῳ,ἔν ποκ’ ἄρα Σπάρτᾳ ξανθότριχι πὰρ Μενελάῳ,tlg0005.tlg001.perseus-grc2.xml
Idylls,tlg001,18,2,παρθενικαὶ θάλλοντα κόμαις ὑάκινθον ἔχοισαι,παρθενικαὶ θάλλοντα κόμαις ὑάκινθον ἔχοισαι,tlg0005.tlg001.perseus-grc2.xml
Idylls,tlg001,18,3,"πρόσθε νεογράπτω θαλάμω χορὸν ἐστάσαντο,","πρόσθε νεογράπτω θαλάμω χορὸν ἐστάσαντο,",tlg0005.tlg001.perseus-grc2.xml
Idylls,tlg001,18,4,"δώδεκα ταὶ πρᾶται πόλιος, μέγα χρῆμα Λακαινᾶν,","δώδεκα ταὶ πρᾶται πόλιος, μέγα χρῆμα Λακαινᾶν,",tlg0005.tlg001.perseus-grc2.xml
Idylls,tlg001,18,5,ἁνίκα Τυνδαριδᾶν κατεδέξατο τὰν ἀγαπητὰν,ἁνίκα Τυνδαριδᾶν κατεδέξατο τὰν ἀγαπητὰν,tlg0005.tlg001.perseus-grc2.xml
Idylls,tlg001,18,6,μναστεύσας Ἑλέναν ὁ νεώτερος Ἀτρέος υἱός.,μναστεύσας Ἑλέναν ὁ νεώτερος Ἀτρέος υἱός.,tlg0005.tlg001.perseus-grc2.xml
Idylls,tlg001,18,7,ἄειδον δʼ ἄρα πᾶσαι ἐς ἓν μέλος ἐγκροτέοισαι,ἄειδον δ’ ἄρα πᾶσαι ἐς ἓν μέλος ἐγκροτέοισαι,tlg0005.tlg001.perseus-grc2.xml
Idylls,tlg001,18,8,"ποσσὶ περιπλέκτοις, ὑπὸ δʼ ἴαχε δῶμʼ ὑμεναίῳ.","ποσσὶ περιπλέκτοις, ὑπὸ δ’ ἴαχε δῶμ’ ὑμεναίῳ.",tlg0005.tlg001.perseus-grc2.xml
Idylls,tlg001,18,9,οὕτω δὴ πρωιζὲ κατέδραθες ὦ φίλε γαμβρέ;,οὕτω δὴ πρωιζὲ κατέδραθες ὦ φίλε γαμβρέ;,tlg0005.tlg001.perseus-grc2.xml
Idylls,tlg001,18,10,ἦ ῥά τις ἐσσὶ λίαν βαρυγούνατος; ἦ ῥα φίλυπνος;,ἦ ῥά τις ἐσσὶ λίαν βαρυγούνατος; ἦ ῥα φίλυπνος;,tlg0005.tlg001.perseus-grc2.xml
Idylls,tlg001,18,11,"ἦ ῥα πολύν τινʼ ἔπινες, ὅτʼ εἰς εὐνὰν κατεβάλλευ;","ἦ ῥα πολύν τιν’ ἔπινες, ὅτ’ εἰς εὐνὰν κατεβάλλευ;",tlg0005.tlg001.perseus-grc2.xml
Idylls,tlg001,18,12,"εὕδειν μὰν σπεύδοντα καθʼ ὥραν αὐτὸν ἐχρῆν τυ,","εὕδειν μὰν σπεύδοντα καθ’ ὥραν αὐτὸν ἐχρῆν τυ,",tlg0005.tlg001.perseus-grc2.xml
Idylls,tlg001,18,13,παῖδα δʼ ἐᾶν σὺν παισὶ φιλοστόργῳ παρὰ ματρὶ,παῖδα δ’ ἐᾶν σὺν παισὶ φιλοστόργῳ παρὰ ματρὶ,tlg0005.tlg001.perseus-grc2.xml
Idylls,tlg001,18,14,"παίσδειν ἐς βαθὺν ὄρθρον, ἐπεὶ καὶ ἔνας καὶ ἐς ἀῶ","παίσδειν ἐς βαθὺν ὄρθρον, ἐπεὶ καὶ ἔνας καὶ ἐς ἀῶ",tlg0005.tlg001.perseus-grc2.xml
Idylls,tlg001,18,15,κεἰς ἔτος ἐξ ἔτεος Μενέλαε τεὰ νυὸς ἅδε.,κεἰς ἔτος ἐξ ἔτεος Μενέλαε τεὰ νυὸς ἅδε.,tlg0005.tlg001.perseus-grc2.xml
Idylls,tlg001,18,16,"ὄλβιε γάμβρʼ, ἀγαθός τις ἐπέπταρεν ἐρχομένῳ τοι","ὄλβιε γάμβρ’, ἀγαθός τις ἐπέπταρεν ἐρχομένῳ τοι",tlg0005.tlg001.perseus-grc2.xml
Idylls,tlg001,18,17,"ἐς Σπάρταν, ἅπερ ὥλλοι ἀριστέες, ὡς ἀνύσαιο.","ἐς Σπάρταν, ἅπερ ὥλλοι ἀριστέες, ὡς ἀνύσαιο.",tlg0005.tlg001.perseus-grc2.xml
Idylls,tlg001,18,18,μοῦνος ἐν ἡμιθέοις Κρονίδαν Δία πενθερὸν ἑξεῖς.,μοῦνος ἐν ἡμιθέοις Κρονίδαν Δία πενθερὸν ἑξεῖς.,tlg0005.tlg001.perseus-grc2.xml
Idylls,tlg001,18,19,"Ζανός τοι θυγάτηρ ὑπὸ τὰν μίαν ἵκετο χλαῖναν,","Ζανός τοι θυγάτηρ ὑπὸ τὰν μίαν ἵκετο χλαῖναν,",tlg0005.tlg001.perseus-grc2.xml
Idylls,tlg001,18,20,οἵα Ἀχαιιάδων γαῖαν πατεῖ οὐδὲ μίʼ ἄλλα.,οἵα Ἀχαιιάδων γαῖαν πατεῖ οὐδὲ μί’ ἄλλα.,tlg0005.tlg001.perseus-grc2.xml
Idylls,tlg001,18,21,"ἦ μέγα κέν τι τέκοιτʼ, εἰ ματέρι τίκτοι ὁμοῖον.","ἦ μέγα κέν τι τέκοιτ’, εἰ ματέρι τίκτοι ὁμοῖον.",tlg0005.tlg001.perseus-grc2.xml
Idylls,tlg001,18,22,"ἄμμες δʼ αἱ πᾶσαι συνομάλικες, αἷς δρόμος ωὑτός","ἄμμες δ’ αἱ πᾶσαι συνομάλικες, αἷς δρόμος ωὑτός",tlg0005.tlg001.perseus-grc2.xml
Idylls,tlg001,18,23,"χρισαμέναις ἀνδριστὶ παρʼ Εὐρώταο λοετροῖς,","χρισαμέναις ἀνδριστὶ παρ’ Εὐρώταο λοετροῖς,",tlg0005.tlg001.perseus-grc2.xml
Idylls,tlg001,18,24,"τετράκις ἑξήκοντα κόραι, θῆλυς νεολαία,","τετράκις ἑξήκοντα κόραι, θῆλυς νεολαία,",tlg0005.tlg001.perseus-grc2.xml
Idylls,tlg001,18,25,"τᾶν οὐδέν τις ἄμωμος, ἐπεί χʼ Ἑλένᾳ παρισωθῇ.","τᾶν οὐδέν τις ἄμωμος, ἐπεί χ’ Ἑλένᾳ παρισωθῇ.",tlg0005.tlg001.perseus-grc2.xml
Idylls,tlg001,18,26,"Ἀὼς ἀντέλλοισα καλὸν διέφανε πρόσωπον,","Ἀὼς ἀντέλλοισα καλὸν διέφανε πρόσωπον,",tlg0005.tlg001.perseus-grc2.xml
Idylls,tlg001,18,27,πότνια νὺξ τό τε λευκὸν ἔαρ χειμῶνος ἀνέντος·,πότνια νὺξ τό τε λευκὸν ἔαρ χειμῶνος ἀνέντος·,tlg0005.tlg001.perseus-grc2.xml
Idylls,tlg001,18,28,ὧδε καὶ ἁ χρυσέα Ἑλένα διαφαίνετʼ ἐν ἁμῖν.,ὧδε καὶ ἁ χρυσέα Ἑλένα διαφαίνετ’ ἐν ἁμῖν.,tlg0005.tlg001.perseus-grc2.xml
Idylls,tlg001,18,29,πιείρᾳ μέγα λᾷον ἀνέδραμε κόσμος ἀρούρᾳ,πιείρᾳ μέγα λᾷον ἀνέδραμε κόσμος ἀρούρᾳ,tlg0005.tlg001.perseus-grc2.xml
Idylls,tlg001,18,30,ἢ κάπῳ κυπάρισσος ἢ ἅρματι Θεσσαλὸς ἵππος·,ἢ κάπῳ κυπάρισσος ἢ ἅρματι Θεσσαλὸς ἵππος·,tlg0005.tlg001.perseus-grc2.xml
Idylls,tlg001,18,31,ὧδε καὶ ἁ ῥοδόχρως Ἑλένα Λακεδαίμονι κόσμος.,ὧδε καὶ ἁ ῥοδόχρως Ἑλένα Λακεδαίμονι κόσμος.,tlg0005.tlg001.perseus-grc2.xml
Idylls,tlg001,18,32,"οὔτέ τις ἐκ ταλάρω πανίσδεται ἔργα τοιαῦτα,","οὔτέ τις ἐκ ταλάρω πανίσδεται ἔργα τοιαῦτα,",tlg0005.tlg001.perseus-grc2.xml
Idylls,tlg001,18,33,οὔτʼ ἐνὶ δαιδαλέῳ πυκινώτερον ἄτριον ἱστῷ,οὔτ’ ἐνὶ δαιδαλέῳ πυκινώτερον ἄτριον ἱστῷ,tlg0005.tlg001.perseus-grc2.xml
Idylls,tlg001,18,34,κερκίδι συμπλέξασα μακρῶν ἔταμʼ ἐκ κελεόντων.,κερκίδι συμπλέξασα μακρῶν ἔταμ’ ἐκ κελεόντων.,tlg0005.tlg001.perseus-grc2.xml
Idylls,tlg001,18,35,οὐ μὰν οὐδὲ λύραν τις ἐπίσταται ὧδε κροτῆσαι,οὐ μὰν οὐδὲ λύραν τις ἐπίσταται ὧδε κροτῆσαι,tlg0005.tlg001.perseus-grc2.xml
Idylls,tlg001,18,36,"Ἄρτεμιν ἀείδοισα καὶ εὐρύστερνον Ἀθάναν,","Ἄρτεμιν ἀείδοισα καὶ εὐρύστερνον Ἀθάναν,",tlg0005.tlg001.perseus-grc2.xml
Idylls,tlg001,18,37,"ὡς Ἑλένα, τᾶς πάντες ἐπʼ ὄμμασιν ἵμεροι ἐντί.","ὡς Ἑλένα, τᾶς πάντες ἐπ’ ὄμμασιν ἵμεροι ἐντί.",tlg0005.tlg001.perseus-grc2.xml
Idylls,tlg001,18,38,"ὦ καλὰ ὦ χαρίεσσα κόρα, τὺ μὲν οἰκέτις ἤδη,","ὦ καλὰ ὦ χαρίεσσα κόρα, τὺ μὲν οἰκέτις ἤδη,",tlg0005.tlg001.perseus-grc2.xml
Idylls,tlg001,18,39,ἄμμες δʼ ἐς δρόμον ἦρι καὶ ἐς λειμώνια φύλλα,ἄμμες δ’ ἐς δρόμον ἦρι καὶ ἐς λειμώνια φύλλα,tlg0005.tlg001.perseus-grc2.xml
Idylls,tlg001,18,40,"ἑρψοῦμες στεφάνως δρεψούμεναι ἁδὺ πνέοντας,","ἑρψοῦμες στεφάνως δρεψούμεναι ἁδὺ πνέοντας,",tlg0005.tlg001.perseus-grc2.xml
Idylls,tlg001,18,41,πολλὰ τεοῦς Ἑλένα μεμναμέναι ὡς γαλαθηναὶ,πολλὰ τεοῦς Ἑλένα μεμναμέναι ὡς γαλαθηναὶ,tlg0005.tlg001.perseus-grc2.xml
Idylls,tlg001,18,42,ἄρνες γειναμένας ὄιος μαστὸν ποθέοισαι.,ἄρνες γειναμένας ὄιος μαστὸν ποθέοισαι.,tlg0005.tlg001.perseus-grc2.xml
Idylls,tlg001,18,43,πρᾶταί τοι στέφανον λωτῶ χαμαὶ αὐξομένοιο,πρᾶταί τοι στέφανον λωτῶ χαμαὶ αὐξομένοιο,tlg0005.tlg001.perseus-grc2.xml
Idylls,tlg001,18,44,"πλέξασαι σκιερὰν καταθήσομεν ἐς πλατάνιστον,","πλέξασαι σκιερὰν καταθήσομεν ἐς πλατάνιστον,",tlg0005.tlg001.perseus-grc2.xml
Idylls,tlg001,18,45,πρᾶται δʼ ἀργυρέας ἐξ ὄλπιδος ὑγρὸν ἄλειφαρ,πρᾶται δ’ ἀργυρέας ἐξ ὄλπιδος ὑγρὸν ἄλειφαρ,tlg0005.tlg001.perseus-grc2.xml
Idylls,tlg001,18,46,λαζύμεναι σταξεῦμες ὑπὸ σκιερὰν πλατάνιστον·,λαζύμεναι σταξεῦμες ὑπὸ σκιερὰν πλατάνιστον·,tlg0005.tlg001.perseus-grc2.xml
Idylls,tlg001,18,47,"γράμματα δʼ ἐν φλοιῷ γεγράψεται, ὡς παριών τις","γράμματα δ’ ἐν φλοιῷ γεγράψεται, ὡς παριών τις",tlg0005.tlg001.perseus-grc2.xml
Idylls,tlg001,18,48,"ἀννείμῃ, δωριστί· σέβου μʼ· Ἑλένας φυτὸν εἰμί.","ἀννείμῃ, δωριστί· σέβου μ’· Ἑλένας φυτὸν εἰμί.",tlg0005.tlg001.perseus-grc2.xml
Idylls,tlg001,18,49,"χαίροις ὦ νύμφα, χαίροις εὐπένθερε γαμβρέ.","χαίροις ὦ νύμφα, χαίροις εὐπένθερε γαμβρέ.",tlg0005.tlg001.perseus-grc2.xml
Idylls,tlg001,18,50,"Λατὼ μὲν δοίη, Λατὼ κουροτρόφος ὔμμιν","Λατὼ μὲν δοίη, Λατὼ κουροτρόφος ὔμμιν",tlg0005.tlg001.perseus-grc2.xml
Idylls,tlg001,18,51,"εὐτεκνίαν, Κύπρις δέ, θεὰ Κύπρις ἶσον ἔρασθαι","εὐτεκνίαν, Κύπρις δέ, θεὰ Κύπρις ἶσον ἔρασθαι",tlg0005.tlg001.perseus-grc2.xml
Idylls,tlg001,18,52,"ἀλλάλων, Ζεὺς δέ, Κρονίδας Ζεὺς ἄφθιτον ὄλβον,","ἀλλάλων, Ζεὺς δέ, Κρονίδας Ζεὺς ἄφθιτον ὄλβον,",tlg0005.tlg001.perseus-grc2.xml
Idylls,tlg001,18,53,ὡς ἐξ εὐπατριδᾶν εἰς εὐπατρίδας πάλιν ἔνθῃ.,ὡς ἐξ εὐπατριδᾶν εἰς εὐπατρίδας πάλιν ἔνθῃ.,tlg0005.tlg001.perseus-grc2.xml
Idylls,tlg001,18,54,εὕδετʼ ἐς ἀλλάλων στέρνον φιλότητα πνέοντες,εὕδετ’ ἐς ἀλλάλων στέρνον φιλότητα πνέοντες,tlg0005.tlg001.perseus-grc2.xml
Idylls,tlg001,18,55,"καὶ πόθον, ἔγρεσθαι δὲ πρὸς ἀῶ μἠπιλάθησθε.","καὶ πόθον, ἔγρεσθαι δὲ πρὸς ἀῶ μἠπιλάθησθε.",tlg0005.tlg001.perseus-grc2.xml
Idylls,tlg001,18,56,"νεύμεθα κἄμμες ἐς ὄρθρον, ἐπεί κα πρᾶτος ἀοιδὸς","νεύμεθα κἄμμες ἐς ὄρθρον, ἐπεί κα πρᾶτος ἀοιδὸς",tlg0005.tlg001.perseus-grc2.xml
Idylls,tlg001,18,57,ἐξ εὐνᾶς κελαδήσῃ ἀνασχὼν εὔτριχα δειράν.,ἐξ εὐνᾶς κελαδήσῃ ἀνασχὼν εὔτριχα δειράν.,tlg0005.tlg001.perseus-grc2.xml
Idylls,tlg001,18,58,"Ὑμὴν ὦ Ὑμέναιε, γάμῳ ἐπὶ τῷδε χαρείης.","Ὑμὴν ὦ Ὑμέναιε, γάμῳ ἐπὶ τῷδε χαρείης.",tlg0005.tlg001.perseus-grc2.xml
Idylls,tlg001,19,1,τὸν κλέπταν πότʼ Ἔρωτα κακὰ κέντασε μέλισσα,τὸν κλέπταν πότ’ Ἔρωτα κακὰ κέντασε μέλισσα,tlg0005.tlg001.perseus-grc2.xml
Idylls,tlg001,19,2,"κηρίον ἐκ σίμβλων συλεύμενον, ἄκρα δὲ χειρῶν","κηρίον ἐκ σίμβλων συλεύμενον, ἄκρα δὲ χειρῶν",tlg0005.tlg001.perseus-grc2.xml
Idylls,tlg001,19,3,δάκτυλα πάνθʼ ὑπένυξεν. ὁ δʼ ἄλγεε καὶ χέρʼ ἐφύση,δάκτυλα πάνθ’ ὑπένυξεν. ὁ δ’ ἄλγεε καὶ χέρ’ ἐφύση,tlg0005.tlg001.perseus-grc2.xml
Idylls,tlg001,19,4,"καὶ τὰν γᾶν ἐπάταξε καὶ ἅλατο, τᾷ δʼ Ἀφροδίτᾳ","καὶ τὰν γᾶν ἐπάταξε καὶ ἅλατο, τᾷ δ’ Ἀφροδίτᾳ",tlg0005.tlg001.perseus-grc2.xml
Idylls,tlg001,19,5,"δεῖξεν τὰν ὀδύναν καὶ μέμφετο, ὅττί γε τυτθὸν","δεῖξεν τὰν ὀδύναν καὶ μέμφετο, ὅττί γε τυτθὸν",tlg0005.tlg001.perseus-grc2.xml
Idylls,tlg001,19,6,θηρίον ἐστὶ μέλισσα καὶ ἁλίκα τραύματα ποιεῖ.,θηρίον ἐστὶ μέλισσα καὶ ἁλίκα τραύματα ποιεῖ.,tlg0005.tlg001.perseus-grc2.xml
Idylls,tlg001,19,7,χἁ μάτηρ γελάσασα· τί δʼ; οὐκ ἴσος ἐσσὶ μελίσσαις;,χἁ μάτηρ γελάσασα· τί δ’; οὐκ ἴσος ἐσσὶ μελίσσαις;,tlg0005.tlg001.perseus-grc2.xml
Idylls,tlg001,19,8,"ὡς τυτθὸς μὲν ἔφυς, τὰ δὲ τραύματα χἁλίκα ποιεῖς.","ὡς τυτθὸς μὲν ἔφυς, τὰ δὲ τραύματα χἁλίκα ποιεῖς.",tlg0005.tlg001.perseus-grc2.xml
Idylls,tlg001,20,1,"Εὐνείκα μʼ ἐγέλαξε θέλοντά μιν ἁδὺ φιλῆσαι,","Εὐνείκα μ’ ἐγέλαξε θέλοντά μιν ἁδὺ φιλῆσαι,",tlg0005.tlg001.perseus-grc2.xml
Idylls,tlg001,20,2,καί μʼ ἐπικερτομέοισα τάδʼ ἔννεπεν· ἔρρʼ ἀπʼ ἐμεῖο.,καί μ’ ἐπικερτομέοισα τάδ’ ἔννεπεν· ἔρρ’ ἀπ’ ἐμεῖο.,tlg0005.tlg001.perseus-grc2.xml
Idylls,tlg001,20,3,βουκόλος ὢν ἐθέλεις με κύσαι τάλαν; οὐ μεμάθηκα,βουκόλος ὢν ἐθέλεις με κύσαι τάλαν; οὐ μεμάθηκα,tlg0005.tlg001.perseus-grc2.xml
Idylls,tlg001,20,4,"ἀγροίκως φιλέειν, ἀλλʼ ἀστικὰ χείλεα θλίβειν.","ἀγροίκως φιλέειν, ἀλλ’ ἀστικὰ χείλεα θλίβειν.",tlg0005.tlg001.perseus-grc2.xml
Idylls,tlg001,20,5,μή τύ γέ μευ κύσσῃς τὸ καλὸν στόμα μηδʼ ἐν ὀνείροις.,μή τύ γέ μευ κύσσῃς τὸ καλὸν στόμα μηδ’ ἐν ὀνείροις.,tlg0005.tlg001.perseus-grc2.xml
Idylls,tlg001,20,6,"οἷα βλέπεις, ὁπποῖα λαλεῖς, ὡς ἄγρια παίσδεις,","οἷα βλέπεις, ὁπποῖα λαλεῖς, ὡς ἄγρια παίσδεις,",tlg0005.tlg001.perseus-grc2.xml
Idylls,tlg001,20,7,"ὡς τρυφέρʼ αἰκάλλεις, ὡς κωτίλα ῥήματα φράσδεις·","ὡς τρυφέρ’ αἰκάλλεις, ὡς κωτίλα ῥήματα φράσδεις·",tlg0005.tlg001.perseus-grc2.xml
Idylls,tlg001,20,8,"ὡς μαλακὸν τὸ γένειον ἔχεις, ὡς ἁδέα χαίταν.","ὡς μαλακὸν τὸ γένειον ἔχεις, ὡς ἁδέα χαίταν.",tlg0005.tlg001.perseus-grc2.xml
Idylls,tlg001,20,9,"χείλεά τοι νοσέοντι, χέρες δέ τοι ἐντὶ μέλαιναι,","χείλεά τοι νοσέοντι, χέρες δέ τοι ἐντὶ μέλαιναι,",tlg0005.tlg001.perseus-grc2.xml
Idylls,tlg001,20,10,"καὶ κακὸν ἐξόσδεις. ἀπʼ ἐμεῦ φύγε, μή με μολύνῃς.","καὶ κακὸν ἐξόσδεις. ἀπ’ ἐμεῦ φύγε, μή με μολύνῃς.",tlg0005.tlg001.perseus-grc2.xml
Idylls,tlg001,20,11,"τοιάδε μυθίζοισα τρὶς εἰς ἑὸν ἔπτυσε κόλπον,","τοιάδε μυθίζοισα τρὶς εἰς ἑὸν ἔπτυσε κόλπον,",tlg0005.tlg001.perseus-grc2.xml
Idylls,tlg001,20,12,καί μʼ ἀπὸ τᾶς κεφαλᾶς ποτὶ τὼ πόδε συνεχὲς εἶδε,καί μ’ ἀπὸ τᾶς κεφαλᾶς ποτὶ τὼ πόδε συνεχὲς εἶδε,tlg0005.tlg001.perseus-grc2.xml
Idylls,tlg001,20,13,"χείλεσι μυχθίζοισα καὶ ὄμμασι λοξὰ βλέποισα,","χείλεσι μυχθίζοισα καὶ ὄμμασι λοξὰ βλέποισα,",tlg0005.tlg001.perseus-grc2.xml
Idylls,tlg001,20,14,"καὶ πολὺ τᾷ μορφᾷ θηλύνετο, καί τι σεσαρὸς","καὶ πολὺ τᾷ μορφᾷ θηλύνετο, καί τι σεσαρὸς",tlg0005.tlg001.perseus-grc2.xml
Idylls,tlg001,20,15,"καὶ σοβαρόν μʼ ἐγέλαξεν. ἐμοὶ δʼ ἄφαρ ἔζεσεν αἷμα,","καὶ σοβαρόν μ’ ἐγέλαξεν. ἐμοὶ δ’ ἄφαρ ἔζεσεν αἷμα,",tlg0005.tlg001.perseus-grc2.xml
Idylls,tlg001,20,16,καὶ χρόα φοινίχθην ὑπὸ τὤλγεος ὡς ῥόδον ἕρσᾳ.,καὶ χρόα φοινίχθην ὑπὸ τὤλγεος ὡς ῥόδον ἕρσᾳ.,tlg0005.tlg001.perseus-grc2.xml
Idylls,tlg001,20,17,"χἁ μὲν ἔβα με λιποῖσα· φέρω δʼ ὑποκάρδιον ὀργάν,","χἁ μὲν ἔβα με λιποῖσα· φέρω δ’ ὑποκάρδιον ὀργάν,",tlg0005.tlg001.perseus-grc2.xml
Idylls,tlg001,20,18,ὅττί με τὸν χαρίεντα κακὰ μωμήσαθʼ ἑταίρα.,ὅττί με τὸν χαρίεντα κακὰ μωμήσαθ’ ἑταίρα.,tlg0005.tlg001.perseus-grc2.xml
Idylls,tlg001,20,19,"ποιμένες, εἴπατέ μοι τὸ κρήγυον· οὐ καλὸς ἐμμί;","ποιμένες, εἴπατέ μοι τὸ κρήγυον· οὐ καλὸς ἐμμί;",tlg0005.tlg001.perseus-grc2.xml
Idylls,tlg001,20,20,ἆρά τις ἐξαπίνας με θεὸς βροτὸν ἄλλον ἔτευξε;,ἆρά τις ἐξαπίνας με θεὸς βροτὸν ἄλλον ἔτευξε;,tlg0005.tlg001.perseus-grc2.xml
Idylls,tlg001,20,21,καὶ γὰρ ἐμοὶ τὸ πάροιθεν ἐπάνθεεν ἁδύ τι κάλλος,καὶ γὰρ ἐμοὶ τὸ πάροιθεν ἐπάνθεεν ἁδύ τι κάλλος,tlg0005.tlg001.perseus-grc2.xml
Idylls,tlg001,20,22,"ὡς κισσὸς ποτὶ πρέμνον, ἐμὰν δʼ ἐπύκαζεν ὑπήναν,","ὡς κισσὸς ποτὶ πρέμνον, ἐμὰν δ’ ἐπύκαζεν ὑπήναν,",tlg0005.tlg001.perseus-grc2.xml
Idylls,tlg001,20,23,"χαῖται δʼ οἷα σέλινα περὶ κροτάφοισι κέχυντο,","χαῖται δ’ οἷα σέλινα περὶ κροτάφοισι κέχυντο,",tlg0005.tlg001.perseus-grc2.xml
Idylls,tlg001,20,24,καὶ λευκὸν τὸ μέτωπον ἐπʼ ὀφρύσι λάμπε μελαίναις·,καὶ λευκὸν τὸ μέτωπον ἐπ’ ὀφρύσι λάμπε μελαίναις·,tlg0005.tlg001.perseus-grc2.xml
Idylls,tlg001,20,25,"ὄμματά μοι γλαυκᾶς χαροπώτερα πολλὸν Ἀθάνας,","ὄμματά μοι γλαυκᾶς χαροπώτερα πολλὸν Ἀθάνας,",tlg0005.tlg001.perseus-grc2.xml
Idylls,tlg001,20,26,"καὶ στόμα δʼ αὖ πακτᾶς γλυκερώτερον, ἐκ στομάτων δὲ","καὶ στόμα δ’ αὖ πακτᾶς γλυκερώτερον, ἐκ στομάτων δὲ",tlg0005.tlg001.perseus-grc2.xml
Idylls,tlg001,20,27,ἔρρεέ μοι φωνὰ γλυκερωτέρα ἢ μέλι κηρῶ.,ἔρρεέ μοι φωνὰ γλυκερωτέρα ἢ μέλι κηρῶ.,tlg0005.tlg001.perseus-grc2.xml
Idylls,tlg001,20,28,"ἁδὺ δέ μοι τὸ μέλισμα, καὶ ἢν σύριγγι μελίσδω,","ἁδὺ δέ μοι τὸ μέλισμα, καὶ ἢν σύριγγι μελίσδω,",tlg0005.tlg001.perseus-grc2.xml
Idylls,tlg001,20,29,"κἢν αὐλῷ δονέω, κἢν δώνακι, κἢν πλαγιαύλῳ.","κἢν αὐλῷ δονέω, κἢν δώνακι, κἢν πλαγιαύλῳ.",tlg0005.tlg001.perseus-grc2.xml
Idylls,tlg001,20,30,"καὶ πᾶσαι καλόν με κατʼ ὤρεα φαντὶ γυναῖκες,","καὶ πᾶσαι καλόν με κατ’ ὤρεα φαντὶ γυναῖκες,",tlg0005.tlg001.perseus-grc2.xml
Idylls,tlg001,20,31,"καὶ πᾶσαί με φιλεῦντι· τὰ δʼ ἀστικά μʼ οὐκ ἐφίλασεν,","καὶ πᾶσαί με φιλεῦντι· τὰ δ’ ἀστικά μ’ οὐκ ἐφίλασεν,",tlg0005.tlg001.perseus-grc2.xml
Idylls,tlg001,20,32,"ἀλλʼ ὅτι βουκόλος ἐμμὶ παρέδραμε κοὔποτʼ ἀκούει,","ἀλλ’ ὅτι βουκόλος ἐμμὶ παρέδραμε κοὔποτ’ ἀκούει,",tlg0005.tlg001.perseus-grc2.xml
Idylls,tlg001,20,33,ὡς ὁ καλὸς Διόνυσος ἐν ἄγκεσι πόρτιν ἔλαυνεν·,ὡς ὁ καλὸς Διόνυσος ἐν ἄγκεσι πόρτιν ἔλαυνεν·,tlg0005.tlg001.perseus-grc2.xml
Idylls,tlg001,20,34,"οὐκ ἔγνω δʼ, ὅτι Κύπρις ἐπʼ ἀνέρι μήνατο βούτᾳ","οὐκ ἔγνω δ’, ὅτι Κύπρις ἐπ’ ἀνέρι μήνατο βούτᾳ",tlg0005.tlg001.perseus-grc2.xml
Idylls,tlg001,20,35,καὶ Φρυγίοις ἐνόμευσεν ἐν ὤρεσι καὶ τὸν Ἄδωνιν,καὶ Φρυγίοις ἐνόμευσεν ἐν ὤρεσι καὶ τὸν Ἄδωνιν,tlg0005.tlg001.perseus-grc2.xml
Idylls,tlg001,20,36,ἐν δρυμοῖσι φίλασε καὶ ἐν δρυμοῖσιν ἔκλαυσεν.,ἐν δρυμοῖσι φίλασε καὶ ἐν δρυμοῖσιν ἔκλαυσεν.,tlg0005.tlg001.perseus-grc2.xml
Idylls,tlg001,20,37,Ἐνδυμίων δὲ τίς ἦν; οὐ βουκόλος; ὅν γε Σελάνα,Ἐνδυμίων δὲ τίς ἦν; οὐ βουκόλος; ὅν γε Σελάνα,tlg0005.tlg001.perseus-grc2.xml
Idylls,tlg001,20,38,"βουκολέοντα φίλασεν, ἀπʼ Οὐλύμπω δὲ μολοῖσα","βουκολέοντα φίλασεν, ἀπ’ Οὐλύμπω δὲ μολοῖσα",tlg0005.tlg001.perseus-grc2.xml
Idylls,tlg001,20,39,λάθριον ἀν νάπος ἦλθε καὶ εἰς ἕνα παιδὶ κάθευδε.,λάθριον ἀν νάπος ἦλθε καὶ εἰς ἕνα παιδὶ κάθευδε.,tlg0005.tlg001.perseus-grc2.xml
Idylls,tlg001,20,40,καὶ τὺ Ῥέα κλαίεις τὸν βουκόλον. οὐχὶ δὲ καὶ τὺ,καὶ τὺ Ῥέα κλαίεις τὸν βουκόλον. οὐχὶ δὲ καὶ τὺ,tlg0005.tlg001.perseus-grc2.xml
Idylls,tlg001,20,41,ὦ Κρονίδα διὰ παῖδα βοηνόμον ὄρνις ἐπλάγχθης;,ὦ Κρονίδα διὰ παῖδα βοηνόμον ὄρνις ἐπλάγχθης;,tlg0005.tlg001.perseus-grc2.xml
Idylls,tlg001,20,42,"Εὐνείκα δὲ μόνα τὸν βουκόλον οὐκ ἐφίλασεν,","Εὐνείκα δὲ μόνα τὸν βουκόλον οὐκ ἐφίλασεν,",tlg0005.tlg001.perseus-grc2.xml
Idylls,tlg001,20,43,ἁ Κυβέλας κρέσσων καὶ Κύπριδος ἠδὲ Σελάνας.,ἁ Κυβέλας κρέσσων καὶ Κύπριδος ἠδὲ Σελάνας.,tlg0005.tlg001.perseus-grc2.xml
Idylls,tlg001,20,44,μηκέτι μηδὲ σὺ Κύπρι τὸν ἁδέα μήτε κατʼ ἄστυ,μηκέτι μηδὲ σὺ Κύπρι τὸν ἁδέα μήτε κατ’ ἄστυ,tlg0005.tlg001.perseus-grc2.xml
Idylls,tlg001,20,45,"μήτʼ ἐν ὄρει φιλέοις, μούνη δʼ ἀνὰ νύκτα καθεύδοις.","μήτ’ ἐν ὄρει φιλέοις, μούνη δ’ ἀνὰ νύκτα καθεύδοις.",tlg0005.tlg001.perseus-grc2.xml
Idylls,tlg001,21,1,"Ἁ πενία Διόφαντε μόνα τὰς τέχνας ἐγείρει,","Ἁ πενία Διόφαντε μόνα τὰς τέχνας ἐγείρει,",tlg0005.tlg001.perseus-grc2.xml
Idylls,tlg001,21,2,αὐτὰ τῶ μόχθοιο διδάσκαλος· οὐδὲ γὰρ εὕδειν,αὐτὰ τῶ μόχθοιο διδάσκαλος· οὐδὲ γὰρ εὕδειν,tlg0005.tlg001.perseus-grc2.xml
Idylls,tlg001,21,3,ἀνδράσιν ἐργατίναισι κακαὶ παρέχοντι μέριμναι.,ἀνδράσιν ἐργατίναισι κακαὶ παρέχοντι μέριμναι.,tlg0005.tlg001.perseus-grc2.xml
Idylls,tlg001,21,4,"κἂν ὀλίγον νυκτός τις ἐπιμύσσῃσι, τὸν ὕπνον","κἂν ὀλίγον νυκτός τις ἐπιμύσσῃσι, τὸν ὕπνον",tlg0005.tlg001.perseus-grc2.xml
Idylls,tlg001,21,5,αἰφνίδιον θορυβεῦσιν ἐφιστάμεναι μελεδῶναι.,αἰφνίδιον θορυβεῦσιν ἐφιστάμεναι μελεδῶναι.,tlg0005.tlg001.perseus-grc2.xml
Idylls,tlg001,21,6,"Ἰχθύος ἀγρευτῆρες ὅμως δύο κεῖντο γέροντες,","Ἰχθύος ἀγρευτῆρες ὅμως δύο κεῖντο γέροντες,",tlg0005.tlg001.perseus-grc2.xml
Idylls,tlg001,21,7,"στρωσάμενοι βρύον αὖον ὑπὸ πλεκταῖς καλύβαισι,","στρωσάμενοι βρύον αὖον ὑπὸ πλεκταῖς καλύβαισι,",tlg0005.tlg001.perseus-grc2.xml
Idylls,tlg001,21,8,κεκλιμένοι τοίχῳ τῷ φυλλίνῳ· ἐγγύθι δʼ αὐτοῖν,κεκλιμένοι τοίχῳ τῷ φυλλίνῳ· ἐγγύθι δ’ αὐτοῖν,tlg0005.tlg001.perseus-grc2.xml
Idylls,tlg001,21,9,"κεῖτο τὰ ταῖν χειροῖν ἀθλήματα, τοὶ καλαθίσκοι,","κεῖτο τὰ ταῖν χειροῖν ἀθλήματα, τοὶ καλαθίσκοι,",tlg0005.tlg001.perseus-grc2.xml
Idylls,tlg001,21,10,"τοὶ κάλαμοι, τἄγκιστρα τὰ φυκιόεντα δέλητα","τοὶ κάλαμοι, τἄγκιστρα τὰ φυκιόεντα δέλητα",tlg0005.tlg001.perseus-grc2.xml
Idylls,tlg001,21,11,"ὁρμιαὶ κύρτοι τε καὶ ἐκ σχοίνων λαβύρινθοι,","ὁρμιαὶ κύρτοι τε καὶ ἐκ σχοίνων λαβύρινθοι,",tlg0005.tlg001.perseus-grc2.xml
Idylls,tlg001,21,12,μήρινθοι κώπα τε γέρων τʼ ἐπʼ ἐρείσμασι λέμβος·,μήρινθοι κώπα τε γέρων τ’ ἐπ’ ἐρείσμασι λέμβος·,tlg0005.tlg001.perseus-grc2.xml
Idylls,tlg001,21,13,"νέρθεν τᾶς κεφαλᾶς φορμὸς βραχύς, εἷμά τʼ ἐπί σφι","νέρθεν τᾶς κεφαλᾶς φορμὸς βραχύς, εἷμά τ’ ἐπί σφι",tlg0005.tlg001.perseus-grc2.xml
Idylls,tlg001,21,14,"οὗτος τοῖς ἁλιεῦσιν ὁ πᾶς πόρος, οὗτος ὁ πλοῦτος.","οὗτος τοῖς ἁλιεῦσιν ὁ πᾶς πόρος, οὗτος ὁ πλοῦτος.",tlg0005.tlg001.perseus-grc2.xml
Idylls,tlg001,21,15,"οὐδεὶς δʼ οὐ σισύραν εἶχʼ οὐ λίνα· πάντα περισσά,","οὐδεὶς δ’ οὐ σισύραν εἶχ’ οὐ λίνα· πάντα περισσά,",tlg0005.tlg001.perseus-grc2.xml
Idylls,tlg001,21,16,πάντʼ ἐδόκει τήνοις· ἁ γὰρ πενία σφας ἔτειρε,πάντ’ ἐδόκει τήνοις· ἁ γὰρ πενία σφας ἔτειρε,tlg0005.tlg001.perseus-grc2.xml
Idylls,tlg001,21,17,οὐδεὶς δʼ ἐν μέσσῳ γείτων· πενίᾳ δὲ παρʼ αὐτὰν,οὐδεὶς δ’ ἐν μέσσῳ γείτων· πενίᾳ δὲ παρ’ αὐτὰν,tlg0005.tlg001.perseus-grc2.xml
Idylls,tlg001,21,18,θλιβομέναν καλύβαν τρυφερὸν προσέναχε θάλασσα.,θλιβομέναν καλύβαν τρυφερὸν προσέναχε θάλασσα.,tlg0005.tlg001.perseus-grc2.xml
Idylls,tlg001,21,19,"κοὔπω τὸν μέσατον δρόμον ἄνυεν ἅρμα Σελάνας,","κοὔπω τὸν μέσατον δρόμον ἄνυεν ἅρμα Σελάνας,",tlg0005.tlg001.perseus-grc2.xml
Idylls,tlg001,21,20,"τοὺς δʼ ἁλιεῖς ἤγειρε φίλος πόνος, ἐκ βλεφάρων δὲ","τοὺς δ’ ἁλιεῖς ἤγειρε φίλος πόνος, ἐκ βλεφάρων δὲ",tlg0005.tlg001.perseus-grc2.xml
Idylls,tlg001,21,21,ὕπνον ἀπωσάμενοι σφετέραις φρεσὶν ἤρεθον αὐδάν.,ὕπνον ἀπωσάμενοι σφετέραις φρεσὶν ἤρεθον αὐδάν.,tlg0005.tlg001.perseus-grc2.xml
Idylls,tlg001,21,22,"ψεύδοντʼ ὦ φίλε πάντες, ὅσοι τὰς νύκτας ἔφασκον","ψεύδοντ’ ὦ φίλε πάντες, ὅσοι τὰς νύκτας ἔφασκον",tlg0005.tlg001.perseus-grc2.xml
Idylls,tlg001,21,23,"τῶ θέρεος μινύθειν, ὅτε τἄματα μακρὰ φέρει Ζεύς.","τῶ θέρεος μινύθειν, ὅτε τἄματα μακρὰ φέρει Ζεύς.",tlg0005.tlg001.perseus-grc2.xml
Idylls,tlg001,21,24,"ἤδη μυρίʼ ἐσεῖδον ὀνείρατα, κοὐδέπω ἀώς.","ἤδη μυρί’ ἐσεῖδον ὀνείρατα, κοὐδέπω ἀώς.",tlg0005.tlg001.perseus-grc2.xml
Idylls,tlg001,21,25,μὴ λαθόμην; τί τὸ χρῆμα; χρόνον δʼ αἱ νύκτες ἔχοντι.,μὴ λαθόμην; τί τὸ χρῆμα; χρόνον δ’ αἱ νύκτες ἔχοντι.,tlg0005.tlg001.perseus-grc2.xml
Idylls,tlg001,21,26,"Ἀσφαλίων, μέμφῃ τὸ καλὸν θέρος; οὐ γὰρ ὁ καιρὸς","Ἀσφαλίων, μέμφῃ τὸ καλὸν θέρος; οὐ γὰρ ὁ καιρὸς",tlg0005.tlg001.perseus-grc2.xml
Idylls,tlg001,21,27,αὐτομάτως παρέβα τὸν ἑὸν δρόμον· ἀλλὰ τὸν ὕπνον,αὐτομάτως παρέβα τὸν ἑὸν δρόμον· ἀλλὰ τὸν ὕπνον,tlg0005.tlg001.perseus-grc2.xml
Idylls,tlg001,21,28,ἁ φροντὶς κόπτοισα μακρὰν τὰν νύκτα ποιεῖ τοι.,ἁ φροντὶς κόπτοισα μακρὰν τὰν νύκτα ποιεῖ τοι.,tlg0005.tlg001.perseus-grc2.xml
Idylls,tlg001,21,29,ἆρʼ ἔμαθες κρίνειν πόκʼ ἐνύπνια; χρηστὰ γὰρ εἶδον.,ἆρ’ ἔμαθες κρίνειν πόκ’ ἐνύπνια; χρηστὰ γὰρ εἶδον.,tlg0005.tlg001.perseus-grc2.xml
Idylls,tlg001,21,30,οὔ δε θέλω τὠμῶ φαντάσματος ἦμεν ἄμοιρον.,οὔ δε θέλω τὠμῶ φαντάσματος ἦμεν ἄμοιρον.,tlg0005.tlg001.perseus-grc2.xml
Idylls,tlg001,21,31,"ὡς καὶ τὰν ἄγραν, τὠνείρατα πάντα μερίζευ.","ὡς καὶ τὰν ἄγραν, τὠνείρατα πάντα μερίζευ.",tlg0005.tlg001.perseus-grc2.xml
Idylls,tlg001,21,32,ὃς γὰρ ἂν εἰκάξῃ κατὰ τὸν νόον οὗτος ἄριστος,ὃς γὰρ ἂν εἰκάξῃ κατὰ τὸν νόον οὗτος ἄριστος,tlg0005.tlg001.perseus-grc2.xml
Idylls,tlg001,21,33,"ἐστὶν ὀνειροκρίτας, ὁ διδάσκαλός ἐστι παρʼ ᾧ νοῦς.","ἐστὶν ὀνειροκρίτας, ὁ διδάσκαλός ἐστι παρ’ ᾧ νοῦς.",tlg0005.tlg001.perseus-grc2.xml
Idylls,tlg001,21,34,ἄλλως καὶ σχολά ἐστι· τί γὰρ ποιεῖν ἂν ἔχοι τις,ἄλλως καὶ σχολά ἐστι· τί γὰρ ποιεῖν ἂν ἔχοι τις,tlg0005.tlg001.perseus-grc2.xml
Idylls,tlg001,21,35,"κείμενος ἐν φύλλοις ποτὶ κύματι μηδὲ καθεύδων,","κείμενος ἐν φύλλοις ποτὶ κύματι μηδὲ καθεύδων,",tlg0005.tlg001.perseus-grc2.xml
Idylls,tlg001,21,36,ἀλλʼ ὄνος ἐν ῥάμνῳ τό τε λύχνιον ἐν πρυτανείῳ·,ἀλλ’ ὄνος ἐν ῥάμνῳ τό τε λύχνιον ἐν πρυτανείῳ·,tlg0005.tlg001.perseus-grc2.xml
Idylls,tlg001,21,37,φαντὶ γὰρ ἀγρυπνίαν τόδʼ ἔχειν.,φαντὶ γὰρ ἀγρυπνίαν τόδ’ ἔχειν.,tlg0005.tlg001.perseus-grc2.xml
Idylls,tlg001,21,37b,λέγε μοί ποτε νυκτὸς,λέγε μοί ποτε νυκτὸς,tlg0005.tlg001.perseus-grc2.xml
Idylls,tlg001,21,38,"ὄψιν, ἐπεὶ τά τις οἶδε λέγει μανύεν ἑταίρῳ.","ὄψιν, ἐπεὶ τά τις οἶδε λέγει μανύεν ἑταίρῳ.",tlg0005.tlg001.perseus-grc2.xml
Idylls,tlg001,21,39,δειλινὸν ὡς κατέδαρθον ἐν εἰναλίοισι πόνοισιν,δειλινὸν ὡς κατέδαρθον ἐν εἰναλίοισι πόνοισιν,tlg0005.tlg001.perseus-grc2.xml
Idylls,tlg001,21,40,"οὐ μὰν ἦν πολύσιτος, ἐπεὶ δειπνεῦντες ἐν ὥρᾳ,","οὐ μὰν ἦν πολύσιτος, ἐπεὶ δειπνεῦντες ἐν ὥρᾳ,",tlg0005.tlg001.perseus-grc2.xml
Idylls,tlg001,21,41,"εἰ μέμνῃ, τᾶς γαστρὸς ἐφειδόμεθʼ, εἶδον ἐμαυτὸν","εἰ μέμνῃ, τᾶς γαστρὸς ἐφειδόμεθ’, εἶδον ἐμαυτὸν",tlg0005.tlg001.perseus-grc2.xml
Idylls,tlg001,21,42,"ἐν πέτρᾳ μεμαῶτα, καθεζόμενος δʼ ἐδόκευον","ἐν πέτρᾳ μεμαῶτα, καθεζόμενος δ’ ἐδόκευον",tlg0005.tlg001.perseus-grc2.xml
Idylls,tlg001,21,43,"ἰχθύας, ἐκ καλάμων δὲ πλάνον κατέσειον ἐδωδάν.","ἰχθύας, ἐκ καλάμων δὲ πλάνον κατέσειον ἐδωδάν.",tlg0005.tlg001.perseus-grc2.xml
Idylls,tlg001,21,44,καί τις τῶν τραφερῶν ὠρέξατο· καὶ γὰρ ἐν ὕπνοις,καί τις τῶν τραφερῶν ὠρέξατο· καὶ γὰρ ἐν ὕπνοις,tlg0005.tlg001.perseus-grc2.xml
Idylls,tlg001,21,45,"πᾶσα κύων ἄρκτον μαντεύεται, ἰχθύα κἠγών.","πᾶσα κύων ἄρκτον μαντεύεται, ἰχθύα κἠγών.",tlg0005.tlg001.perseus-grc2.xml
Idylls,tlg001,21,46,"χὡ μὲν τὠγκίστρῳ ποτεφύετο, καὶ ῥέεν αἷμα,","χὡ μὲν τὠγκίστρῳ ποτεφύετο, καὶ ῥέεν αἷμα,",tlg0005.tlg001.perseus-grc2.xml
Idylls,tlg001,21,47,τὸν κάλαμον δʼ ὑπὸ τῶ κινήματος ἀγκύλον εἶχον,τὸν κάλαμον δ’ ὑπὸ τῶ κινήματος ἀγκύλον εἶχον,tlg0005.tlg001.perseus-grc2.xml
Idylls,tlg001,21,48,"τὼ χέρε τεινόμενον περικλώμενον, εὐρὺν ἀγῶνα,","τὼ χέρε τεινόμενον περικλώμενον, εὐρὺν ἀγῶνα,",tlg0005.tlg001.perseus-grc2.xml
Idylls,tlg001,21,49,πῶς νιν ἕλω μέγαν ἰχθὺν ἀφαυροτέροισι σιδάροις.,πῶς νιν ἕλω μέγαν ἰχθὺν ἀφαυροτέροισι σιδάροις.,tlg0005.tlg001.perseus-grc2.xml
Idylls,tlg001,21,50,"εἶθʼ ὑπομιμνάσκων τῶ τρώματος ἠρέμʼ ἔνυξα,","εἶθ’ ὑπομιμνάσκων τῶ τρώματος ἠρέμ’ ἔνυξα,",tlg0005.tlg001.perseus-grc2.xml
Idylls,tlg001,21,51,"καὶ νύξας ἐχάλαξα, καὶ οὐ φεύγοντος ἔτεινα.","καὶ νύξας ἐχάλαξα, καὶ οὐ φεύγοντος ἔτεινα.",tlg0005.tlg001.perseus-grc2.xml
Idylls,tlg001,21,52,"ἤνυσα δʼ ὦν τὸν ἄεθλον, ἀνείλκυσα χρύσεον ἰχθύν,","ἤνυσα δ’ ὦν τὸν ἄεθλον, ἀνείλκυσα χρύσεον ἰχθύν,",tlg0005.tlg001.perseus-grc2.xml
Idylls,tlg001,21,53,"παντᾷ τοι χρυσῷ πεπυκασμένον· εἶχε δὲ δεῖμα,","παντᾷ τοι χρυσῷ πεπυκασμένον· εἶχε δὲ δεῖμα,",tlg0005.tlg001.perseus-grc2.xml
Idylls,tlg001,21,54,μήτι Ποσειδάωνι πέλοι πεφιλημένος ἰχθὺς,μήτι Ποσειδάωνι πέλοι πεφιλημένος ἰχθὺς,tlg0005.tlg001.perseus-grc2.xml
Idylls,tlg001,21,55,ἢ τάχα τᾶς γλαυκᾶς κειμήλιον Ἀμφιτρίτης.,ἢ τάχα τᾶς γλαυκᾶς κειμήλιον Ἀμφιτρίτης.,tlg0005.tlg001.perseus-grc2.xml
Idylls,tlg001,21,56,"ἠρέμα δʼ αὐτὸν ἐγὼν ἐκ τὠγκίστρω ἀπέλυσα,","ἠρέμα δ’ αὐτὸν ἐγὼν ἐκ τὠγκίστρω ἀπέλυσα,",tlg0005.tlg001.perseus-grc2.xml
Idylls,tlg001,21,57,μή ποτε τῶ στόματος τἀγκίστρια χρυσὸν ἔχοιεν.,μή ποτε τῶ στόματος τἀγκίστρια χρυσὸν ἔχοιεν.,tlg0005.tlg001.perseus-grc2.xml
Idylls,tlg001,21,58,"καὶ τὸν μὲν πίστευσα καλεῖν τὸν ἐπήρατον ἰχθύν,","καὶ τὸν μὲν πίστευσα καλεῖν τὸν ἐπήρατον ἰχθύν,",tlg0005.tlg001.perseus-grc2.xml
Idylls,tlg001,21,59,"ὤμοσα δʼ οὐκέτι λοιπὸν ὑπὲρ πελάγους πόδα θεῖναι,","ὤμοσα δ’ οὐκέτι λοιπὸν ὑπὲρ πελάγους πόδα θεῖναι,",tlg0005.tlg001.perseus-grc2.xml
Idylls,tlg001,21,60,ἀλλὰ μενεῖν ἐπὶ γᾶς καὶ τῷ χρυσῷ βασιλεύσειν.,ἀλλὰ μενεῖν ἐπὶ γᾶς καὶ τῷ χρυσῷ βασιλεύσειν.,tlg0005.tlg001.perseus-grc2.xml
Idylls,tlg001,21,61,"ταῦτά με κἀξήγειρε, τὺ δʼ ὦ ξένε λοιπὸν ἔρειδε","ταῦτά με κἀξήγειρε, τὺ δ’ ὦ ξένε λοιπὸν ἔρειδε",tlg0005.tlg001.perseus-grc2.xml
Idylls,tlg001,21,62,τὰν γνώμαν· ὅρκον γὰρ ἐγὼ τὸν ἐπώμοσα ταρβῶ.,τὰν γνώμαν· ὅρκον γὰρ ἐγὼ τὸν ἐπώμοσα ταρβῶ.,tlg0005.tlg001.perseus-grc2.xml
Idylls,tlg001,21,63,καὶ σύγε τί τρέσσεις; οὐκ ὤμοσας· οὐδὲ γὰρ ἰχθὺν,καὶ σύγε τί τρέσσεις; οὐκ ὤμοσας· οὐδὲ γὰρ ἰχθὺν,tlg0005.tlg001.perseus-grc2.xml
Idylls,tlg001,21,64,"χρύσεον ὡς ἴδες εὗρες, ἴσα δʼ ἦν ψεύδεσιν ὄψις,","χρύσεον ὡς ἴδες εὗρες, ἴσα δ’ ἦν ψεύδεσιν ὄψις,",tlg0005.tlg001.perseus-grc2.xml
Idylls,tlg001,21,66,"ἐλπὶς τῶν ὕπνων. ζάτει τὸν σάρκινον ἰχθύν,","ἐλπὶς τῶν ὕπνων. ζάτει τὸν σάρκινον ἰχθύν,",tlg0005.tlg001.perseus-grc2.xml
Idylls,tlg001,21,65,"εἰ γάρ πᾳ κνώσσων ἔτʼ ἐτώσια ταῦτα ματεύσεις,","εἰ γάρ πᾳ κνώσσων ἔτ’ ἐτώσια ταῦτα ματεύσεις,",tlg0005.tlg001.perseus-grc2.xml
Idylls,tlg001,21,67,μὴ σὺ θάνῃς λιμῷ καίτοι χρυσοῖσιν ὀνείροις.,μὴ σὺ θάνῃς λιμῷ καίτοι χρυσοῖσιν ὀνείροις.,tlg0005.tlg001.perseus-grc2.xml
Idylls,tlg001,22,1,"Ὑμνέομεν Λήδας τε καὶ αἰγιόχου Διὸς υἱώ,","Ὑμνέομεν Λήδας τε καὶ αἰγιόχου Διὸς υἱώ,",tlg0005.tlg001.perseus-grc2.xml
Idylls,tlg001,22,2,Κάστορα καὶ φοβερὸν Πολυδεύκεα πὺξ ἐρεθίζειν,Κάστορα καὶ φοβερὸν Πολυδεύκεα πὺξ ἐρεθίζειν,tlg0005.tlg001.perseus-grc2.xml
Idylls,tlg001,22,3,χεῖρας ἐπιζεύξαντα μέσας βοέοισιν ἱμᾶσιν.,χεῖρας ἐπιζεύξαντα μέσας βοέοισιν ἱμᾶσιν.,tlg0005.tlg001.perseus-grc2.xml
Idylls,tlg001,22,4,ὑμνέομεν καὶ δὶς καὶ τὸ τρίτον ἄρσενα τέκνα,ὑμνέομεν καὶ δὶς καὶ τὸ τρίτον ἄρσενα τέκνα,tlg0005.tlg001.perseus-grc2.xml
Idylls,tlg001,22,5,"κούρης Θεστιάδος, Λακεδαιμονίους δύʼ ἀδελφούς,","κούρης Θεστιάδος, Λακεδαιμονίους δύ’ ἀδελφούς,",tlg0005.tlg001.perseus-grc2.xml
Idylls,tlg001,22,6,"ἀνθρώπων σωτῆρας ἐπὶ ξυροῦ ἤδη ἐόντων,","ἀνθρώπων σωτῆρας ἐπὶ ξυροῦ ἤδη ἐόντων,",tlg0005.tlg001.perseus-grc2.xml
Idylls,tlg001,22,7,"ἵππων θʼ αἱματόεντα ταρασσομένων καθʼ ὅμιλον,","ἵππων θ’ αἱματόεντα ταρασσομένων καθ’ ὅμιλον,",tlg0005.tlg001.perseus-grc2.xml
Idylls,tlg001,22,8,"νηῶν θʼ, αἳ δύνοντα καὶ οὐρανὸν ἐξανύοντα","νηῶν θ’, αἳ δύνοντα καὶ οὐρανὸν ἐξανύοντα",tlg0005.tlg001.perseus-grc2.xml
Idylls,tlg001,22,9,ἄστρα βιαζόμεναι χαλεποῖς ἐνέκυρσαν ἀήταις.,ἄστρα βιαζόμεναι χαλεποῖς ἐνέκυρσαν ἀήταις.,tlg0005.tlg001.perseus-grc2.xml
Idylls,tlg001,22,10,"οἱ δέ σφεων κατὰ πρύμναν ἀείραντες μέγα κῦμα,","οἱ δέ σφεων κατὰ πρύμναν ἀείραντες μέγα κῦμα,",tlg0005.tlg001.perseus-grc2.xml
Idylls,tlg001,22,11,"ἠὲ καὶ ἐκ πρῴρηθεν, ἢ ὅππῃ θυμὸς ἑκάστου,","ἠὲ καὶ ἐκ πρῴρηθεν, ἢ ὅππῃ θυμὸς ἑκάστου,",tlg0005.tlg001.perseus-grc2.xml
Idylls,tlg001,22,12,"ἐς κοίλην ἔρριψαν, ἀνέρρηξαν δʼ ἄρα τοίχους","ἐς κοίλην ἔρριψαν, ἀνέρρηξαν δ’ ἄρα τοίχους",tlg0005.tlg001.perseus-grc2.xml
Idylls,tlg001,22,13,ἀμφοτέρους· κρέμαται δὲ σὺν ἱστίῳ ἄρμενα πάντα,ἀμφοτέρους· κρέμαται δὲ σὺν ἱστίῳ ἄρμενα πάντα,tlg0005.tlg001.perseus-grc2.xml
Idylls,tlg001,22,14,εἰκῇ ἀποκλασθέντα· πολὺς δʼ ἐξ οὐρανοῦ ὄμβρος,εἰκῇ ἀποκλασθέντα· πολὺς δ’ ἐξ οὐρανοῦ ὄμβρος,tlg0005.tlg001.perseus-grc2.xml
Idylls,tlg001,22,15,"νυκτὸς ἐφερπούσης· παταγεῖ δʼ εὐρεῖα θάλασσα,","νυκτὸς ἐφερπούσης· παταγεῖ δ’ εὐρεῖα θάλασσα,",tlg0005.tlg001.perseus-grc2.xml
Idylls,tlg001,22,16,κοπτομένη πνοιαῖς τε καὶ ἀρρήκτοισι χαλάζαις.,κοπτομένη πνοιαῖς τε καὶ ἀρρήκτοισι χαλάζαις.,tlg0005.tlg001.perseus-grc2.xml
Idylls,tlg001,22,17,ἀλλʼ ἔμπης ὑμεῖς γε καὶ ἐκ βυθοῦ ἕλκετε νῆας,ἀλλ’ ἔμπης ὑμεῖς γε καὶ ἐκ βυθοῦ ἕλκετε νῆας,tlg0005.tlg001.perseus-grc2.xml
Idylls,tlg001,22,18,αὐτοῖσιν ναύτῃσιν ὀιομένοις θανέεσθαι·,αὐτοῖσιν ναύτῃσιν ὀιομένοις θανέεσθαι·,tlg0005.tlg001.perseus-grc2.xml
Idylls,tlg001,22,19,"αἶψα δʼ ἀπολήγοντʼ ἄνεμοι, λιπαρὴ δὲ γαλάνη","αἶψα δ’ ἀπολήγοντ’ ἄνεμοι, λιπαρὴ δὲ γαλάνη",tlg0005.tlg001.perseus-grc2.xml
Idylls,tlg001,22,20,ἀμπέλαγος· νεφέλαι δὲ διέδραμον ἄλλυδις ἄλλαι·,ἀμπέλαγος· νεφέλαι δὲ διέδραμον ἄλλυδις ἄλλαι·,tlg0005.tlg001.perseus-grc2.xml
Idylls,tlg001,22,21,"ἐκ δʼ ἄρκτοι τʼ ἐφάνησαν, ὄνων τʼ ἀνὰ μέσσον ἀμαυρὴ","ἐκ δ’ ἄρκτοι τ’ ἐφάνησαν, ὄνων τ’ ἀνὰ μέσσον ἀμαυρὴ",tlg0005.tlg001.perseus-grc2.xml
Idylls,tlg001,22,22,φάτνη σημαίνοισα τὰ πρὸς πλόον εὔδια πάντα.,φάτνη σημαίνοισα τὰ πρὸς πλόον εὔδια πάντα.,tlg0005.tlg001.perseus-grc2.xml
Idylls,tlg001,22,23,"ὦ ἄμφω θνητοῖσι βοηθόοι, ὦ φίλοι ἄμφω,","ὦ ἄμφω θνητοῖσι βοηθόοι, ὦ φίλοι ἄμφω,",tlg0005.tlg001.perseus-grc2.xml
Idylls,tlg001,22,24,"ἱππῆες κιθαρισταί, ἀεθλητῆρες ἀοιδοί·","ἱππῆες κιθαρισταί, ἀεθλητῆρες ἀοιδοί·",tlg0005.tlg001.perseus-grc2.xml
Idylls,tlg001,22,25,Κάστορος ἢ πρώτου Πολυδεύκεος ἄρξομʼ ἀείδειν;,Κάστορος ἢ πρώτου Πολυδεύκεος ἄρξομ’ ἀείδειν;,tlg0005.tlg001.perseus-grc2.xml
Idylls,tlg001,22,26,ἀμφοτέρους ὑμνέων Πολυδεύκεα πρῶτον ἀείσω.,ἀμφοτέρους ὑμνέων Πολυδεύκεα πρῶτον ἀείσω.,tlg0005.tlg001.perseus-grc2.xml
Idylls,tlg001,22,27,Ἡ μὲν ἄρα προφυγοῦσα πέτρας εἰς ἓν ξυνιούσας,Ἡ μὲν ἄρα προφυγοῦσα πέτρας εἰς ἓν ξυνιούσας,tlg0005.tlg001.perseus-grc2.xml
Idylls,tlg001,22,28,Ἀργὼ καὶ νιφόεντος ἀταρτηρὸν στόμα Πόντου,Ἀργὼ καὶ νιφόεντος ἀταρτηρὸν στόμα Πόντου,tlg0005.tlg001.perseus-grc2.xml
Idylls,tlg001,22,29,Βέβρυκας εἰσαφίκανε θεῶν φίλα τέκνα φέρουσα.,Βέβρυκας εἰσαφίκανε θεῶν φίλα τέκνα φέρουσα.,tlg0005.tlg001.perseus-grc2.xml
Idylls,tlg001,22,30,ἔνθα μιῆς πολλοὶ κατὰ κλίμακος ἀμφοτέρων ἒξ,ἔνθα μιῆς πολλοὶ κατὰ κλίμακος ἀμφοτέρων ἒξ,tlg0005.tlg001.perseus-grc2.xml
Idylls,tlg001,22,31,τοίχων ἄνδρες ἔβαινον Ἰησονίης ἀπὸ νηός.,τοίχων ἄνδρες ἔβαινον Ἰησονίης ἀπὸ νηός.,tlg0005.tlg001.perseus-grc2.xml
Idylls,tlg001,22,32,ἐκβάντες δʼ ἐπὶ θῖνα βαθὺν καὶ ὑπήνεμον ἀκτὴν,ἐκβάντες δ’ ἐπὶ θῖνα βαθὺν καὶ ὑπήνεμον ἀκτὴν,tlg0005.tlg001.perseus-grc2.xml
Idylls,tlg001,22,33,εὐνάς τʼ ἐστόρνυντο πυρεῖά τε χερσὶν ἐνώμων.,εὐνάς τ’ ἐστόρνυντο πυρεῖά τε χερσὶν ἐνώμων.,tlg0005.tlg001.perseus-grc2.xml
Idylls,tlg001,22,34,Κάστωρ δʼ αἰολόπωλος ὅ τʼ οἰνωπὸς Πολυδεύκης,Κάστωρ δ’ αἰολόπωλος ὅ τ’ οἰνωπὸς Πολυδεύκης,tlg0005.tlg001.perseus-grc2.xml
Idylls,tlg001,22,35,"ἄμφω ἐρημάζεσκον ἀποπλαγχθέντες ἑταίρων,","ἄμφω ἐρημάζεσκον ἀποπλαγχθέντες ἑταίρων,",tlg0005.tlg001.perseus-grc2.xml
Idylls,tlg001,22,36,παντοίην ἐν ὄρει θηεύμενοι ἄγριον ὕλην.,παντοίην ἐν ὄρει θηεύμενοι ἄγριον ὕλην.,tlg0005.tlg001.perseus-grc2.xml
Idylls,tlg001,22,37,εὗρον δʼ ἀέναον κρήνην ὑπὸ λισσάδι πέτρῃ,εὗρον δ’ ἀέναον κρήνην ὑπὸ λισσάδι πέτρῃ,tlg0005.tlg001.perseus-grc2.xml
Idylls,tlg001,22,38,ὕδατι πεπληθυῖαν ἀκηράτῳ· αἱ δʼ ὑπένερθεν,ὕδατι πεπληθυῖαν ἀκηράτῳ· αἱ δ’ ὑπένερθεν,tlg0005.tlg001.perseus-grc2.xml
Idylls,tlg001,22,39,λάλλαι κρυστάλλῳ ἠδʼ ἀργύρῳ ἰνδάλλοντο,λάλλαι κρυστάλλῳ ἠδ’ ἀργύρῳ ἰνδάλλοντο,tlg0005.tlg001.perseus-grc2.xml
Idylls,tlg001,22,40,ἐκ βυθοῦ· ὑψηλαὶ δὲ πεφύκεσαν ἀγχόθι πεῦκαι,ἐκ βυθοῦ· ὑψηλαὶ δὲ πεφύκεσαν ἀγχόθι πεῦκαι,tlg0005.tlg001.perseus-grc2.xml
Idylls,tlg001,22,41,"λεῦκαί τε πλάτανοί τε καὶ ἀκρόκομοι κυπάρισσοι,","λεῦκαί τε πλάτανοί τε καὶ ἀκρόκομοι κυπάρισσοι,",tlg0005.tlg001.perseus-grc2.xml
Idylls,tlg001,22,42,"ἄνθεά τʼ εὐώδη, λασίαις φίλα ἔργα μελίσσαις,","ἄνθεά τ’ εὐώδη, λασίαις φίλα ἔργα μελίσσαις,",tlg0005.tlg001.perseus-grc2.xml
Idylls,tlg001,22,43,ὅσσʼ ἔαρος λήγοντος ἐπιβρύει ἀν λειμῶνας.,ὅσσ’ ἔαρος λήγοντος ἐπιβρύει ἀν λειμῶνας.,tlg0005.tlg001.perseus-grc2.xml
Idylls,tlg001,22,44,"ἔνθα δʼ ἀνὴρ ὑπέροπλος ἐνήμενος ἐνδιάασκε,","ἔνθα δ’ ἀνὴρ ὑπέροπλος ἐνήμενος ἐνδιάασκε,",tlg0005.tlg001.perseus-grc2.xml
Idylls,tlg001,22,45,"δεινὸς ἰδεῖν, σκληραῖσι τεθλασμένος οὔατα πυγμαῖς·","δεινὸς ἰδεῖν, σκληραῖσι τεθλασμένος οὔατα πυγμαῖς·",tlg0005.tlg001.perseus-grc2.xml
Idylls,tlg001,22,46,στήθεα δʼ ἐσφαίρωτο πελώρια καὶ πλατὺ νῶτον,στήθεα δ’ ἐσφαίρωτο πελώρια καὶ πλατὺ νῶτον,tlg0005.tlg001.perseus-grc2.xml
Idylls,tlg001,22,47,"σαρκὶ σιδηρείῃ, σφυρήλατος οἷα κολοσσός.","σαρκὶ σιδηρείῃ, σφυρήλατος οἷα κολοσσός.",tlg0005.tlg001.perseus-grc2.xml
Idylls,tlg001,22,48,ἐν δὲ μύες στερεοῖσι βραχίοσιν ἄκρον ὑπʼ ὦμον,ἐν δὲ μύες στερεοῖσι βραχίοσιν ἄκρον ὑπ’ ὦμον,tlg0005.tlg001.perseus-grc2.xml
Idylls,tlg001,22,49,"ἕστασαν ἠύτε πέτροι ὁλοίτροχοι, οὕστε κυλίνδων","ἕστασαν ἠύτε πέτροι ὁλοίτροχοι, οὕστε κυλίνδων",tlg0005.tlg001.perseus-grc2.xml
Idylls,tlg001,22,50,χειμάρρους ποταμὸς μεγάλαις περιέξεσε δίναις·,χειμάρρους ποταμὸς μεγάλαις περιέξεσε δίναις·,tlg0005.tlg001.perseus-grc2.xml
Idylls,tlg001,22,51,αὐτὰρ ὑπὲρ νώτοιο καὶ αὐχένος ᾐωρεῖτο,αὐτὰρ ὑπὲρ νώτοιο καὶ αὐχένος ᾐωρεῖτο,tlg0005.tlg001.perseus-grc2.xml
Idylls,tlg001,22,52,ἄκρων δέρμα λέοντος ἀφημμένον ἐκ ποδεώνων.,ἄκρων δέρμα λέοντος ἀφημμένον ἐκ ποδεώνων.,tlg0005.tlg001.perseus-grc2.xml
Idylls,tlg001,22,53,τὸν πρότερος προσέειπεν ἀεθλοφόρος Πολυδεύκης.,τὸν πρότερος προσέειπεν ἀεθλοφόρος Πολυδεύκης.,tlg0005.tlg001.perseus-grc2.xml
Idylls,tlg001,22,54,"χαῖρε ξεῖνʼ, ὅτις ἐσσί. τίνες βροτοί, ὧν ὅδε χῶρος;","χαῖρε ξεῖν’, ὅτις ἐσσί. τίνες βροτοί, ὧν ὅδε χῶρος;",tlg0005.tlg001.perseus-grc2.xml
Idylls,tlg001,22,55,"χαίρω πῶς, ὅτε τʼ ἄνδρας ὁρῶ, τοὺς μὴ πρὶν ὄπωπα;","χαίρω πῶς, ὅτε τ’ ἄνδρας ὁρῶ, τοὺς μὴ πρὶν ὄπωπα;",tlg0005.tlg001.perseus-grc2.xml
Idylls,tlg001,22,56,θάρσει. μήτʼ ἀδίκους μήτʼ ἐξ ἀδίκων φάθι λεύσσειν.,θάρσει. μήτ’ ἀδίκους μήτ’ ἐξ ἀδίκων φάθι λεύσσειν.,tlg0005.tlg001.perseus-grc2.xml
Idylls,tlg001,22,57,"θαρσέω, κοὐκ ἐκ σεῦ με διδάσκεσθαι τόδʼ ἔοικεν.","θαρσέω, κοὐκ ἐκ σεῦ με διδάσκεσθαι τόδ’ ἔοικεν.",tlg0005.tlg001.perseus-grc2.xml
Idylls,tlg001,22,58,"ἄγριος εἶ, πρὸς πάντα παλίγκοτος, ἢ ὑπερόπτης;","ἄγριος εἶ, πρὸς πάντα παλίγκοτος, ἢ ὑπερόπτης;",tlg0005.tlg001.perseus-grc2.xml
Idylls,tlg001,22,59,τοιόσδʼ οἷον ὁρᾷς· τῆς σῆς γε μὲν οὐκ ἐπιβαίνω.,τοιόσδ’ οἷον ὁρᾷς· τῆς σῆς γε μὲν οὐκ ἐπιβαίνω.,tlg0005.tlg001.perseus-grc2.xml
Idylls,tlg001,22,60,"ἔλθοις, καὶ ξενίων γε τυχὼν πάλιν οἴκαδʼ ἱκάνοις.","ἔλθοις, καὶ ξενίων γε τυχὼν πάλιν οἴκαδ’ ἱκάνοις.",tlg0005.tlg001.perseus-grc2.xml
Idylls,tlg001,22,61,"μήτε σύ με ξείνιζε, τά τʼ ἐξ ἐμεῦ οὐκ ἐν ἑτοίμῳ.","μήτε σύ με ξείνιζε, τά τ’ ἐξ ἐμεῦ οὐκ ἐν ἑτοίμῳ.",tlg0005.tlg001.perseus-grc2.xml
Idylls,tlg001,22,62,"δαιμόνιʼ, οὐδʼ ἂν τοῦδε πιεῖν ὕδατος σύγε δοίης;","δαιμόνι’, οὐδ’ ἂν τοῦδε πιεῖν ὕδατος σύγε δοίης;",tlg0005.tlg001.perseus-grc2.xml
Idylls,tlg001,22,63,"γνώσεαι, εἴ σευ δῖψος ἀνειμένα χείλεα τέρσει.","γνώσεαι, εἴ σευ δῖψος ἀνειμένα χείλεα τέρσει.",tlg0005.tlg001.perseus-grc2.xml
Idylls,tlg001,22,64,"ἄργυρος ἢ τίς ὁ μισθός, ἐρεῖς, ᾧ κέν σε πίθοιμεν;","ἄργυρος ἢ τίς ὁ μισθός, ἐρεῖς, ᾧ κέν σε πίθοιμεν;",tlg0005.tlg001.perseus-grc2.xml
Idylls,tlg001,22,65,εἷς ἑνὶ χεῖρας ἄειρον ἐναντίος ἀνδρὶ καταστάς.,εἷς ἑνὶ χεῖρας ἄειρον ἐναντίος ἀνδρὶ καταστάς.,tlg0005.tlg001.perseus-grc2.xml
Idylls,tlg001,22,66,"πυγμάχος, ἢ καὶ ποσσὶ θενὼν σκέλος;","πυγμάχος, ἢ καὶ ποσσὶ θενὼν σκέλος;",tlg0005.tlg001.perseus-grc2.xml
Idylls,tlg001,22,66b,………ὄμματά γʼ ὀρθὸς,………ὄμματά γ’ ὀρθὸς,tlg0005.tlg001.perseus-grc2.xml
Idylls,tlg001,22,67,πὺξ διατεινάμενος σφετέρης μὴ φείδεο τέχνης.,πὺξ διατεινάμενος σφετέρης μὴ φείδεο τέχνης.,tlg0005.tlg001.perseus-grc2.xml
Idylls,tlg001,22,68,"τίς γάρ, ὅτῳ χεῖρας καὶ ἐμοὺς συνερείσω ἱμάντας;","τίς γάρ, ὅτῳ χεῖρας καὶ ἐμοὺς συνερείσω ἱμάντας;",tlg0005.tlg001.perseus-grc2.xml
Idylls,tlg001,22,69,ἐγγὺς ὁρᾷς· οὐ γύννις ἐὼν κεκλήσεθʼ ὁ πύκτης.,ἐγγὺς ὁρᾷς· οὐ γύννις ἐὼν κεκλήσεθ’ ὁ πύκτης.,tlg0005.tlg001.perseus-grc2.xml
Idylls,tlg001,22,70,"ἦ καὶ ἄεθλον ἑτοῖμον, ἐφʼ ᾧ δηρισόμεθʼ ἄμφω","ἦ καὶ ἄεθλον ἑτοῖμον, ἐφ’ ᾧ δηρισόμεθ’ ἄμφω",tlg0005.tlg001.perseus-grc2.xml
Idylls,tlg001,22,71,"σὸς μὲν ἐγώ, σὺ δʼ ἐμὸς κεκλήσεαι, αἴκε κρατήσω.","σὸς μὲν ἐγώ, σὺ δ’ ἐμὸς κεκλήσεαι, αἴκε κρατήσω.",tlg0005.tlg001.perseus-grc2.xml
Idylls,tlg001,22,72,ὀρνίθων φοινικολόφων τοιοίδε κυδοιμοί.,ὀρνίθων φοινικολόφων τοιοίδε κυδοιμοί.,tlg0005.tlg001.perseus-grc2.xml
Idylls,tlg001,22,73,εἴτʼ οὖν ὀρνίθεσσιν ἐοικότες εἴτε λέουσι,εἴτ’ οὖν ὀρνίθεσσιν ἐοικότες εἴτε λέουσι,tlg0005.tlg001.perseus-grc2.xml
Idylls,tlg001,22,74,"γινόμεθʼ, οὐκ ἄλλῳ γε μαχεσσαίμεσθʼ ἐπʼ ἀέθλῳ.","γινόμεθ’, οὐκ ἄλλῳ γε μαχεσσαίμεσθ’ ἐπ’ ἀέθλῳ.",tlg0005.tlg001.perseus-grc2.xml
Idylls,tlg001,22,75,"Ἦ ῥʼ Ἄμυκος, καὶ κόχλον ἑλὼν μυκήσατοκοίλην.","Ἦ ῥ’ Ἄμυκος, καὶ κόχλον ἑλὼν μυκήσατοκοίλην.",tlg0005.tlg001.perseus-grc2.xml
Idylls,tlg001,22,76,οἱ δὲ θοῶς συνάγερθεν ὑπὸ σκιερὰς πλατανίστους,οἱ δὲ θοῶς συνάγερθεν ὑπὸ σκιερὰς πλατανίστους,tlg0005.tlg001.perseus-grc2.xml
Idylls,tlg001,22,77,κόχλου φυσηθέντος ἀεὶ Βέβρυκες κομόωντες.,κόχλου φυσηθέντος ἀεὶ Βέβρυκες κομόωντες.,tlg0005.tlg001.perseus-grc2.xml
Idylls,tlg001,22,78,ὣς δʼ αὔτως ἥρωας ἰὼν ἐκαλέσσατο πάντας,ὣς δ’ αὔτως ἥρωας ἰὼν ἐκαλέσσατο πάντας,tlg0005.tlg001.perseus-grc2.xml
Idylls,tlg001,22,79,Μαγνήσσης ἀπὸ νηὸς ὑπείροχος ἐν δαῒ Κάστωρ.,Μαγνήσσης ἀπὸ νηὸς ὑπείροχος ἐν δαῒ Κάστωρ.,tlg0005.tlg001.perseus-grc2.xml
Idylls,tlg001,22,80,οἱ δʼ ἐπεὶ οὖν σπείρῃσιν ἐκαρτύναντο βοείαις,οἱ δ’ ἐπεὶ οὖν σπείρῃσιν ἐκαρτύναντο βοείαις,tlg0005.tlg001.perseus-grc2.xml
Idylls,tlg001,22,81,"χεῖρας καὶ περὶ γυῖα μακροὺς εἵλιξαν ἱμάντας,","χεῖρας καὶ περὶ γυῖα μακροὺς εἵλιξαν ἱμάντας,",tlg0005.tlg001.perseus-grc2.xml
Idylls,tlg001,22,82,ἐς μέσσον σύναγον φόνον ἀλλήλοισι πνέοντες.,ἐς μέσσον σύναγον φόνον ἀλλήλοισι πνέοντες.,tlg0005.tlg001.perseus-grc2.xml
Idylls,tlg001,22,83,"ἔνθα πολύς σφισι μόχθος ἐπειγομένοισιν ἐτύχθη,","ἔνθα πολύς σφισι μόχθος ἐπειγομένοισιν ἐτύχθη,",tlg0005.tlg001.perseus-grc2.xml
Idylls,tlg001,22,84,ὁππότερος κατὰ νῶτα λάβοι φάος ἠελίοιο·,ὁππότερος κατὰ νῶτα λάβοι φάος ἠελίοιο·,tlg0005.tlg001.perseus-grc2.xml
Idylls,tlg001,22,85,"ἰδρείῃ μέγαν ἄνδρα παρήλυθες ὦ Πολύδευκες,","ἰδρείῃ μέγαν ἄνδρα παρήλυθες ὦ Πολύδευκες,",tlg0005.tlg001.perseus-grc2.xml
Idylls,tlg001,22,86,βάλλετο δʼ ἀκτίνεσσιν ἅπαν Ἀμύκοιο πρόσωπον.,βάλλετο δ’ ἀκτίνεσσιν ἅπαν Ἀμύκοιο πρόσωπον.,tlg0005.tlg001.perseus-grc2.xml
Idylls,tlg001,22,87,"αὐτὰρ ὅγʼ ἐν θυμῷ κεχολωμένος ἵετο πρόσσω,","αὐτὰρ ὅγ’ ἐν θυμῷ κεχολωμένος ἵετο πρόσσω,",tlg0005.tlg001.perseus-grc2.xml
Idylls,tlg001,22,88,χερσὶ τιτυσκόμενος. τοῦ δʼ ἄκρον τύψε γένειον,χερσὶ τιτυσκόμενος. τοῦ δ’ ἄκρον τύψε γένειον,tlg0005.tlg001.perseus-grc2.xml
Idylls,tlg001,22,89,"Τυνδαρίδης ἐπιόντος· ὀρίνθη δὲ πλέον ἢ πρίν,","Τυνδαρίδης ἐπιόντος· ὀρίνθη δὲ πλέον ἢ πρίν,",tlg0005.tlg001.perseus-grc2.xml
Idylls,tlg001,22,90,"σὺν δὲ μάχην ἐτάραξε, πολὺς δʼ ἐπέκειτο νενευκὼς","σὺν δὲ μάχην ἐτάραξε, πολὺς δ’ ἐπέκειτο νενευκὼς",tlg0005.tlg001.perseus-grc2.xml
Idylls,tlg001,22,91,"ἐς γαῖαν. Βέβρυκες δʼ ἐπαΰτεον, οἱ δʼ ἑτέρωθεν","ἐς γαῖαν. Βέβρυκες δ’ ἐπαΰτεον, οἱ δ’ ἑτέρωθεν",tlg0005.tlg001.perseus-grc2.xml
Idylls,tlg001,22,92,"ἥρωες κρατερὸν Πολυδεύκεα θαρσύνεσκον,","ἥρωες κρατερὸν Πολυδεύκεα θαρσύνεσκον,",tlg0005.tlg001.perseus-grc2.xml
Idylls,tlg001,22,93,δειδιότες μή πώς μιν ἐπιβρίσας δαμάσειε,δειδιότες μή πώς μιν ἐπιβρίσας δαμάσειε,tlg0005.tlg001.perseus-grc2.xml
Idylls,tlg001,22,94,χώρῳ ἐνὶ στεινῷ Τιτυῷ ἐναλίγκιος ἀνήρ.,χώρῳ ἐνὶ στεινῷ Τιτυῷ ἐναλίγκιος ἀνήρ.,tlg0005.tlg001.perseus-grc2.xml
Idylls,tlg001,22,95,ἤτοι ὅγʼ ἔνθα καὶ ἔνθα παριστάμενος Διὸς υἱὸς,ἤτοι ὅγ’ ἔνθα καὶ ἔνθα παριστάμενος Διὸς υἱὸς,tlg0005.tlg001.perseus-grc2.xml
Idylls,tlg001,22,96,"ἀμφοτέρῃσιν ἄμυσσεν ἀμοιβαδίς, ἔσχεθε δʼ ὁρμῆς","ἀμφοτέρῃσιν ἄμυσσεν ἀμοιβαδίς, ἔσχεθε δ’ ὁρμῆς",tlg0005.tlg001.perseus-grc2.xml
Idylls,tlg001,22,97,παῖδα Ποσειδάωνος ὑπερφίαλόν περ ἐόντα.,παῖδα Ποσειδάωνος ὑπερφίαλόν περ ἐόντα.,tlg0005.tlg001.perseus-grc2.xml
Idylls,tlg001,22,98,"ἔστη δὲ πληγαῖς μεθύων, ἐκ δʼ ἔπτυσεν αἷμα","ἔστη δὲ πληγαῖς μεθύων, ἐκ δ’ ἔπτυσεν αἷμα",tlg0005.tlg001.perseus-grc2.xml
Idylls,tlg001,22,99,"φοίνιον· οἱ δʼ ἅμα πάντες ἀριστῆες κελάδησαν,","φοίνιον· οἱ δ’ ἅμα πάντες ἀριστῆες κελάδησαν,",tlg0005.tlg001.perseus-grc2.xml
Idylls,tlg001,22,100,ὡς ἴδον ἕλκεα λυγρὰ περὶ στόμα τε γναθμούς τε·,ὡς ἴδον ἕλκεα λυγρὰ περὶ στόμα τε γναθμούς τε·,tlg0005.tlg001.perseus-grc2.xml
Idylls,tlg001,22,101,ὄμματα δʼ οἰδήσαντος ἀπεστείνωτο προσώπου.,ὄμματα δ’ οἰδήσαντος ἀπεστείνωτο προσώπου.,tlg0005.tlg001.perseus-grc2.xml
Idylls,tlg001,22,102,τὸν μὲν ἄναξ ἐτάρασσεν ἐτώσια χερσὶ προδεικνὺς,τὸν μὲν ἄναξ ἐτάρασσεν ἐτώσια χερσὶ προδεικνὺς,tlg0005.tlg001.perseus-grc2.xml
Idylls,tlg001,22,103,"πάντοθεν· ἀλλʼ ὅτε δή μιν ἀμηχανέοντʼ ἐνόησε,","πάντοθεν· ἀλλ’ ὅτε δή μιν ἀμηχανέοντ’ ἐνόησε,",tlg0005.tlg001.perseus-grc2.xml
Idylls,tlg001,22,104,"μέσσης ῥινὸς ὕπερθε κατʼ ὀφρύος ἤλασε πυγμῇ,","μέσσης ῥινὸς ὕπερθε κατ’ ὀφρύος ἤλασε πυγμῇ,",tlg0005.tlg001.perseus-grc2.xml
Idylls,tlg001,22,105,πᾶν δʼ ἀπέσυρε μέτωπον ἐς ὀστέον. αὐτὰρ ὁ πληγεὶς,πᾶν δ’ ἀπέσυρε μέτωπον ἐς ὀστέον. αὐτὰρ ὁ πληγεὶς,tlg0005.tlg001.perseus-grc2.xml
Idylls,tlg001,22,106,ὕπτιος ἐν φύλλοισι τεθηλόσιν ἐξετανύσθη.,ὕπτιος ἐν φύλλοισι τεθηλόσιν ἐξετανύσθη.,tlg0005.tlg001.perseus-grc2.xml
Idylls,tlg001,22,107,ἔνθα μάχη δριμεῖα πάλιν γένετʼ ὀρθωθέντος·,ἔνθα μάχη δριμεῖα πάλιν γένετ’ ὀρθωθέντος·,tlg0005.tlg001.perseus-grc2.xml
Idylls,tlg001,22,108,ἀλλήλους δʼ ὄλεκον στερεοῖς θείνοντες ἱμᾶσιν.,ἀλλήλους δ’ ὄλεκον στερεοῖς θείνοντες ἱμᾶσιν.,tlg0005.tlg001.perseus-grc2.xml
Idylls,tlg001,22,109,ἀλλʼ ὁ μὲν ἐς στῆθός τε καὶ ἔξω χεῖρας ἐνώμα,ἀλλ’ ὁ μὲν ἐς στῆθός τε καὶ ἔξω χεῖρας ἐνώμα,tlg0005.tlg001.perseus-grc2.xml
Idylls,tlg001,22,110,αὐχένος ἀρχηγὸς Βεβρύκων· ὁ δʼ ἀεικέσι πληγαῖς,αὐχένος ἀρχηγὸς Βεβρύκων· ὁ δ’ ἀεικέσι πληγαῖς,tlg0005.tlg001.perseus-grc2.xml
Idylls,tlg001,22,111,πᾶν συνέφυρε πρόσωπον ἀνίκητος Πολυδεύκης.,πᾶν συνέφυρε πρόσωπον ἀνίκητος Πολυδεύκης.,tlg0005.tlg001.perseus-grc2.xml
Idylls,tlg001,22,112,"σάρκες δʼ αἱ μὲν ἱδρῶτι συνίζανον, ἐκ μεγάλου δὲ","σάρκες δ’ αἱ μὲν ἱδρῶτι συνίζανον, ἐκ μεγάλου δὲ",tlg0005.tlg001.perseus-grc2.xml
Idylls,tlg001,22,113,αἶψʼ ὀλίγος γένετʼ ἀνδρός· ὁ δʼ αἰεὶ πάσσονα γυῖα,αἶψ’ ὀλίγος γένετ’ ἀνδρός· ὁ δ’ αἰεὶ πάσσονα γυῖα,tlg0005.tlg001.perseus-grc2.xml
Idylls,tlg001,22,114,ἁπτομένου φορέεσκε πόνου καὶ χροιῇ ἀμείνων.,ἁπτομένου φορέεσκε πόνου καὶ χροιῇ ἀμείνων.,tlg0005.tlg001.perseus-grc2.xml
Idylls,tlg001,22,115,πῶς γὰρ δὴ Διὸς υἱὸς ἀδηφάγον ἄνδρα καθεῖλεν;,πῶς γὰρ δὴ Διὸς υἱὸς ἀδηφάγον ἄνδρα καθεῖλεν;,tlg0005.tlg001.perseus-grc2.xml
Idylls,tlg001,22,116,"εἰπὲ θεά, σὺ γὰρ οἶσθα· ἐγὼ δʼ ἑτέρων ὑποφήτης","εἰπὲ θεά, σὺ γὰρ οἶσθα· ἐγὼ δ’ ἑτέρων ὑποφήτης",tlg0005.tlg001.perseus-grc2.xml
Idylls,tlg001,22,117,"φθέγξομαι, ὡς ἐθέλεις σύ, καὶ ὅππως τοι φίλον αὐτῇ.","φθέγξομαι, ὡς ἐθέλεις σύ, καὶ ὅππως τοι φίλον αὐτῇ.",tlg0005.tlg001.perseus-grc2.xml
Idylls,tlg001,22,118,Ἤτοι ὅγε ῥέξαί τι λιλαιόμενος μέγα ἔργον,Ἤτοι ὅγε ῥέξαί τι λιλαιόμενος μέγα ἔργον,tlg0005.tlg001.perseus-grc2.xml
Idylls,tlg001,22,119,"σκαιῇ μὲν σκαιὴν Πολυδεύκεος ἔλλαβε χεῖρα,","σκαιῇ μὲν σκαιὴν Πολυδεύκεος ἔλλαβε χεῖρα,",tlg0005.tlg001.perseus-grc2.xml
Idylls,tlg001,22,120,"δοχμὸς ἀπὸ προβολῆς κλινθείς, ἑτέρῃ δʼ ἐπιβαίνων","δοχμὸς ἀπὸ προβολῆς κλινθείς, ἑτέρῃ δ’ ἐπιβαίνων",tlg0005.tlg001.perseus-grc2.xml
Idylls,tlg001,22,121,δεξιτερῆς ἤνεγκεν ἀπὸ λαγόνος πλατὺ γυῖον.,δεξιτερῆς ἤνεγκεν ἀπὸ λαγόνος πλατὺ γυῖον.,tlg0005.tlg001.perseus-grc2.xml
Idylls,tlg001,22,122,καί κε τυχὼν ἔβλαψεν Ἀμυκλαίων βασιλῆα.,καί κε τυχὼν ἔβλαψεν Ἀμυκλαίων βασιλῆα.,tlg0005.tlg001.perseus-grc2.xml
Idylls,tlg001,22,123,"ἀλλʼ ὅγʼ ὑπεξανέδυ κεφαλῇ, στιβαρῇ δʼ ἅμα χειρὶ","ἀλλ’ ὅγ’ ὑπεξανέδυ κεφαλῇ, στιβαρῇ δ’ ἅμα χειρὶ",tlg0005.tlg001.perseus-grc2.xml
Idylls,tlg001,22,124,πλῆξεν ὑπὸ σκαιὸν κρόταφον καὶ ἐπέμπεσεν ὤμῳ·,πλῆξεν ὑπὸ σκαιὸν κρόταφον καὶ ἐπέμπεσεν ὤμῳ·,tlg0005.tlg001.perseus-grc2.xml
Idylls,tlg001,22,125,ἐκ δʼ ἐχύθη μέλαν αἷμα θοῶς κροτάφοιο χανόντος·,ἐκ δ’ ἐχύθη μέλαν αἷμα θοῶς κροτάφοιο χανόντος·,tlg0005.tlg001.perseus-grc2.xml
Idylls,tlg001,22,126,"λαιῇ δὲ στόμα κόψε, πυκνοὶ δʼ ἀράβησαν ὀδόντες·","λαιῇ δὲ στόμα κόψε, πυκνοὶ δ’ ἀράβησαν ὀδόντες·",tlg0005.tlg001.perseus-grc2.xml
Idylls,tlg001,22,127,"αἰεὶ δʼ ὀξυτέρῳ πιτύλῳ δηλεῖτο πρόσωπον,","αἰεὶ δ’ ὀξυτέρῳ πιτύλῳ δηλεῖτο πρόσωπον,",tlg0005.tlg001.perseus-grc2.xml
Idylls,tlg001,22,128,μέχρι συνηλοίησε παρήια. πᾶς δʼ ἐπὶ γαίῃ,μέχρι συνηλοίησε παρήια. πᾶς δ’ ἐπὶ γαίῃ,tlg0005.tlg001.perseus-grc2.xml
Idylls,tlg001,22,129,"κεῖτʼ ἀλλοφρονέων, καὶ ἀνέσχεθε νεῖκος ἀπαυδῶν","κεῖτ’ ἀλλοφρονέων, καὶ ἀνέσχεθε νεῖκος ἀπαυδῶν",tlg0005.tlg001.perseus-grc2.xml
Idylls,tlg001,22,130,"ἀμφοτέρας ἅμα χεῖρας, ἐπεὶ θανάτου σχεδὸν ἦεν.","ἀμφοτέρας ἅμα χεῖρας, ἐπεὶ θανάτου σχεδὸν ἦεν.",tlg0005.tlg001.perseus-grc2.xml
Idylls,tlg001,22,131,"τὸν μὲν ἄρα κρατέων περ ἀτάσθαλον οὐδὲν ἔρεξας,","τὸν μὲν ἄρα κρατέων περ ἀτάσθαλον οὐδὲν ἔρεξας,",tlg0005.tlg001.perseus-grc2.xml
Idylls,tlg001,22,132,"ὦ πύκτη Πολύδευκες· ὄμοσσε δέ τοι μέγαν ὅρκον,","ὦ πύκτη Πολύδευκες· ὄμοσσε δέ τοι μέγαν ὅρκον,",tlg0005.tlg001.perseus-grc2.xml
Idylls,tlg001,22,133,"ὃν πατέρʼ ἐκ πόντοιο Ποσειδάωνα κικλήσκων,","ὃν πατέρ’ ἐκ πόντοιο Ποσειδάωνα κικλήσκων,",tlg0005.tlg001.perseus-grc2.xml
Idylls,tlg001,22,134,μήποτʼ ἔτι ξείνοισιν ἑκὼν ἀνιηρὸς ἔσεσθαι.,μήποτ’ ἔτι ξείνοισιν ἑκὼν ἀνιηρὸς ἔσεσθαι.,tlg0005.tlg001.perseus-grc2.xml
Idylls,tlg001,22,135,"καὶ σὺ μὲν ὕμνησαί μοι ἄναξ. σὲ δὲ Κάστορ ἀείσω,","καὶ σὺ μὲν ὕμνησαί μοι ἄναξ. σὲ δὲ Κάστορ ἀείσω,",tlg0005.tlg001.perseus-grc2.xml
Idylls,tlg001,22,136,Τυνδαρίδη ταχύπωλε δορυσσόε χαλκεοθώρηξ.,Τυνδαρίδη ταχύπωλε δορυσσόε χαλκεοθώρηξ.,tlg0005.tlg001.perseus-grc2.xml
Idylls,tlg001,22,137,τὼ μὲν ἀναρπάξαντε δύω φερέτην Διὸς υἱὼ,τὼ μὲν ἀναρπάξαντε δύω φερέτην Διὸς υἱὼ,tlg0005.tlg001.perseus-grc2.xml
Idylls,tlg001,22,138,δοιὰς Λευκίπποιο κόρας· δοιὼ δʼ ἄρα τώγε,δοιὰς Λευκίπποιο κόρας· δοιὼ δ’ ἄρα τώγε,tlg0005.tlg001.perseus-grc2.xml
Idylls,tlg001,22,139,"ἐσσυμένως ἐδίωκον ἀδελφεὼ υἷʼ Ἀφαρῆος,","ἐσσυμένως ἐδίωκον ἀδελφεὼ υἷ’ Ἀφαρῆος,",tlg0005.tlg001.perseus-grc2.xml
Idylls,tlg001,22,140,"γαμβρὼ μελλογάμω, Λυγκεὺς καὶ ὁ καρτερὸς Ἴδας.","γαμβρὼ μελλογάμω, Λυγκεὺς καὶ ὁ καρτερὸς Ἴδας.",tlg0005.tlg001.perseus-grc2.xml
Idylls,tlg001,22,141,"ἀλλʼ ὅτε τύμβον ἵκανον ἀποφθιμένου Ἀφαρῆος,","ἀλλ’ ὅτε τύμβον ἵκανον ἀποφθιμένου Ἀφαρῆος,",tlg0005.tlg001.perseus-grc2.xml
Idylls,tlg001,22,142,"ἐκ δίφρων ἅμα πάντες ἐπʼ ἀλλήλοισιν ὄρουσαν,","ἐκ δίφρων ἅμα πάντες ἐπ’ ἀλλήλοισιν ὄρουσαν,",tlg0005.tlg001.perseus-grc2.xml
Idylls,tlg001,22,143,ἔγχεσι καὶ κοίλοισι βαρυνόμενοι σακέεσσι.,ἔγχεσι καὶ κοίλοισι βαρυνόμενοι σακέεσσι.,tlg0005.tlg001.perseus-grc2.xml
Idylls,tlg001,22,144,Λυγκεὺς δʼ αὖ μετέειπεν ὑπὲκ κόρυθος μέγʼ ἀύσας·,Λυγκεὺς δ’ αὖ μετέειπεν ὑπὲκ κόρυθος μέγ’ ἀύσας·,tlg0005.tlg001.perseus-grc2.xml
Idylls,tlg001,22,145,"δαιμόνιοι, τί μάχης ἱμείρετε; πῶς δʼ ἐπὶ νύμφαις","δαιμόνιοι, τί μάχης ἱμείρετε; πῶς δ’ ἐπὶ νύμφαις",tlg0005.tlg001.perseus-grc2.xml
Idylls,tlg001,22,146,"ἀλλοτρίαις χαλεποί, γυμναὶ δʼ ἐν χερσὶ μάχαιραι;","ἀλλοτρίαις χαλεποί, γυμναὶ δ’ ἐν χερσὶ μάχαιραι;",tlg0005.tlg001.perseus-grc2.xml
Idylls,tlg001,22,147,ἡμῖν τοι Λεύκιππος ἑὰς ἕδνωσε θύγατρας,ἡμῖν τοι Λεύκιππος ἑὰς ἕδνωσε θύγατρας,tlg0005.tlg001.perseus-grc2.xml
Idylls,tlg001,22,148,"τάσδε πολὺ προτέροις, ἡμῖν γάμος οὗτος ἐν ὅρκῳ·","τάσδε πολὺ προτέροις, ἡμῖν γάμος οὗτος ἐν ὅρκῳ·",tlg0005.tlg001.perseus-grc2.xml
Idylls,tlg001,22,149,ὑμεῖς δʼ οὐ κατὰ κόσμον ἐπʼ ἀλλοτρίοις λεχέεσσιν,ὑμεῖς δ’ οὐ κατὰ κόσμον ἐπ’ ἀλλοτρίοις λεχέεσσιν,tlg0005.tlg001.perseus-grc2.xml
Idylls,tlg001,22,150,βουσὶ καὶ ἡμιόνοισι καὶ ἄλλοισι κτεάτεσσιν,βουσὶ καὶ ἡμιόνοισι καὶ ἄλλοισι κτεάτεσσιν,tlg0005.tlg001.perseus-grc2.xml
Idylls,tlg001,22,151,"ἄνδρα παρετρέψασθε, γάμον δʼ ἐκλέπτετε δώροις.","ἄνδρα παρετρέψασθε, γάμον δ’ ἐκλέπτετε δώροις.",tlg0005.tlg001.perseus-grc2.xml
Idylls,tlg001,22,152,ἦ μὰν πολλάκις ὔμμιν ἐνώπιον ἀμφοτέροισιν,ἦ μὰν πολλάκις ὔμμιν ἐνώπιον ἀμφοτέροισιν,tlg0005.tlg001.perseus-grc2.xml
Idylls,tlg001,22,153,αὐτὸς ἐγὼ τάδʼ ἔειπα καὶ οὐ πολύμυθος ἐών περ·,αὐτὸς ἐγὼ τάδ’ ἔειπα καὶ οὐ πολύμυθος ἐών περ·,tlg0005.tlg001.perseus-grc2.xml
Idylls,tlg001,22,154,οὐχ οὕτω φίλοι ἄνδρες ἀριστήεσσιν ἔοικε,οὐχ οὕτω φίλοι ἄνδρες ἀριστήεσσιν ἔοικε,tlg0005.tlg001.perseus-grc2.xml
Idylls,tlg001,22,155,"μνηστεύειν ἀλόχους, αἷς νυμφίοι ἤδη ἑτοῖμοι.","μνηστεύειν ἀλόχους, αἷς νυμφίοι ἤδη ἑτοῖμοι.",tlg0005.tlg001.perseus-grc2.xml
Idylls,tlg001,22,156,"πολλή τοι Σπάρτη, πολλὴ δʼ ἱππήλατος Ἦλις,","πολλή τοι Σπάρτη, πολλὴ δ’ ἱππήλατος Ἦλις,",tlg0005.tlg001.perseus-grc2.xml
Idylls,tlg001,22,157,"Ἀρκαδίη τʼ εὔμηλος Ἀχαιῶν τε πτολίεθρα,","Ἀρκαδίη τ’ εὔμηλος Ἀχαιῶν τε πτολίεθρα,",tlg0005.tlg001.perseus-grc2.xml
Idylls,tlg001,22,158,Μεσσήνη τε καὶ Ἄργος ἅπασά τε Σισυφὶς ἀκτή·,Μεσσήνη τε καὶ Ἄργος ἅπασά τε Σισυφὶς ἀκτή·,tlg0005.tlg001.perseus-grc2.xml
Idylls,tlg001,22,159,ἔνθα κόραι τοκέεσσιν ὑπὸ σφετέροισι τρέφονται,ἔνθα κόραι τοκέεσσιν ὑπὸ σφετέροισι τρέφονται,tlg0005.tlg001.perseus-grc2.xml
Idylls,tlg001,22,160,μυρίαι οὔτε φυῆς ἐπιδευέες οὔτε νόοιο.,μυρίαι οὔτε φυῆς ἐπιδευέες οὔτε νόοιο.,tlg0005.tlg001.perseus-grc2.xml
Idylls,tlg001,22,161,τάων εὐμαρὲς ὔμμιν ὀπυίειν ἅς κʼ ἐθέλητε·,τάων εὐμαρὲς ὔμμιν ὀπυίειν ἅς κ’ ἐθέλητε·,tlg0005.tlg001.perseus-grc2.xml
Idylls,tlg001,22,162,ὡς ἀγαθοῖς πολέες βούλοιντό κε πενθεροὶ εἶναι·,ὡς ἀγαθοῖς πολέες βούλοιντό κε πενθεροὶ εἶναι·,tlg0005.tlg001.perseus-grc2.xml
Idylls,tlg001,22,163,"ὑμεῖς δʼ ἐν πάντεσσι διάκριτοι ἡρώεσσι,","ὑμεῖς δ’ ἐν πάντεσσι διάκριτοι ἡρώεσσι,",tlg0005.tlg001.perseus-grc2.xml
Idylls,tlg001,22,164,καὶ πατέρες καὶ ἄνωθεν ἅπαν πατρώιον αἷμα.,καὶ πατέρες καὶ ἄνωθεν ἅπαν πατρώιον αἷμα.,tlg0005.tlg001.perseus-grc2.xml
Idylls,tlg001,22,165,ἀλλὰ φίλοι τοῦτον μὲν ἐάσατε πρὸς τέλος ἐλθεῖν,ἀλλὰ φίλοι τοῦτον μὲν ἐάσατε πρὸς τέλος ἐλθεῖν,tlg0005.tlg001.perseus-grc2.xml
Idylls,tlg001,22,166,ἄμμι γάμον· σφῷν δʼ ἄλλον ἐπιφραζώμεθα πάντες.,ἄμμι γάμον· σφῷν δ’ ἄλλον ἐπιφραζώμεθα πάντες.,tlg0005.tlg001.perseus-grc2.xml
Idylls,tlg001,22,167,"ἴσκον τοιάδε πολλά, τὰ δʼ εἰς ὑγρὸν ᾤχετο κῦμα","ἴσκον τοιάδε πολλά, τὰ δ’ εἰς ὑγρὸν ᾤχετο κῦμα",tlg0005.tlg001.perseus-grc2.xml
Idylls,tlg001,22,168,"πνοιὴ ἔχουσʼ ἀνέμοιο, χάρις δʼ οὐχ ἕσπετο μύθοις.","πνοιὴ ἔχουσ’ ἀνέμοιο, χάρις δ’ οὐχ ἕσπετο μύθοις.",tlg0005.tlg001.perseus-grc2.xml
Idylls,tlg001,22,169,σφὼ γὰρ ἀκηλήτω καὶ ἀπηνέες. ἀλλʼ ἔτι καὶ νῦν,σφὼ γὰρ ἀκηλήτω καὶ ἀπηνέες. ἀλλ’ ἔτι καὶ νῦν,tlg0005.tlg001.perseus-grc2.xml
Idylls,tlg001,22,170,πείθεσθʼ· ἄμφω δʼ ἄμμιν ἀνεψιὼ ἐκ πατρὸς ἐστόν.,πείθεσθ’· ἄμφω δ’ ἄμμιν ἀνεψιὼ ἐκ πατρὸς ἐστόν.,tlg0005.tlg001.perseus-grc2.xml
Idylls,tlg001,22,171,"εἰ δʼ ὑμῖν κραδίη πόλεμον ποθεῖ, αἵματι δὲ χρὴ","εἰ δ’ ὑμῖν κραδίη πόλεμον ποθεῖ, αἵματι δὲ χρὴ",tlg0005.tlg001.perseus-grc2.xml
Idylls,tlg001,22,172,"νεῖκος ἀναρρήξαντας ὁμοίιον ἔγχεα λοῦσαι,","νεῖκος ἀναρρήξαντας ὁμοίιον ἔγχεα λοῦσαι,",tlg0005.tlg001.perseus-grc2.xml
Idylls,tlg001,22,173,"Ἴδας μὲν καὶ ὅμαιμος ἐμός, κρατερὸς Πολυδεύκης,","Ἴδας μὲν καὶ ὅμαιμος ἐμός, κρατερὸς Πολυδεύκης,",tlg0005.tlg001.perseus-grc2.xml
Idylls,tlg001,22,174,"χεῖρας ἐρωήσουσιν ἀπεχθομένης ὑσμίνης,","χεῖρας ἐρωήσουσιν ἀπεχθομένης ὑσμίνης,",tlg0005.tlg001.perseus-grc2.xml
Idylls,tlg001,22,175,"νῶι δʼ, ἐγὼ Κάστωρ τε, διακρινώμεθʼ ἄρηι","νῶι δ’, ἐγὼ Κάστωρ τε, διακρινώμεθ’ ἄρηι",tlg0005.tlg001.perseus-grc2.xml
Idylls,tlg001,22,176,ὁπλοτέρω γεγαῶτε. γονεῦσι δὲ μὴ πολὺ πένθος,ὁπλοτέρω γεγαῶτε. γονεῦσι δὲ μὴ πολὺ πένθος,tlg0005.tlg001.perseus-grc2.xml
Idylls,tlg001,22,177,ἡμετέροισι λίπωμεν. ἅλις νέκυς ἐξ ἑνὸς οἴκου,ἡμετέροισι λίπωμεν. ἅλις νέκυς ἐξ ἑνὸς οἴκου,tlg0005.tlg001.perseus-grc2.xml
Idylls,tlg001,22,178,εἶς· ἀτὰρ ὥλλοι πάντες ἐυφρανέουσιν ἑταίρους,εἶς· ἀτὰρ ὥλλοι πάντες ἐυφρανέουσιν ἑταίρους,tlg0005.tlg001.perseus-grc2.xml
Idylls,tlg001,22,179,"νυμφίοι ἀντὶ νεκρῶν, ὑμεναιώσουσι δὲ κούρας","νυμφίοι ἀντὶ νεκρῶν, ὑμεναιώσουσι δὲ κούρας",tlg0005.tlg001.perseus-grc2.xml
Idylls,tlg001,22,180,τάσδʼ· ὀλίγῳ τοι ἔοικε κακῷ μέγα νεῖκος ἀναιρεῖν.,τάσδ’· ὀλίγῳ τοι ἔοικε κακῷ μέγα νεῖκος ἀναιρεῖν.,tlg0005.tlg001.perseus-grc2.xml
Idylls,tlg001,22,181,"εἶπε, τὰ δʼ οὐκ ἄρʼ ἔμελλε θεὸς μεταμώνια θήσειν.","εἶπε, τὰ δ’ οὐκ ἄρ’ ἔμελλε θεὸς μεταμώνια θήσειν.",tlg0005.tlg001.perseus-grc2.xml
Idylls,tlg001,22,182,"τὼ μὲν γὰρ ποτὶ γαῖαν ἀπʼ ὤμων τεύχεʼ ἔθεντο,","τὼ μὲν γὰρ ποτὶ γαῖαν ἀπ’ ὤμων τεύχε’ ἔθεντο,",tlg0005.tlg001.perseus-grc2.xml
Idylls,tlg001,22,183,"ὣ γενεῇ προφέρεσκον· ὁ δʼ ἐς μέσον ἤλυθε Λυγκεύς,","ὣ γενεῇ προφέρεσκον· ὁ δ’ ἐς μέσον ἤλυθε Λυγκεύς,",tlg0005.tlg001.perseus-grc2.xml
Idylls,tlg001,22,184,σείων καρτερὸν ἔγχος ὑπʼ ἀσπίδος ἄντυγα πρώτην·,σείων καρτερὸν ἔγχος ὑπ’ ἀσπίδος ἄντυγα πρώτην·,tlg0005.tlg001.perseus-grc2.xml
Idylls,tlg001,22,185,ὣς δʼ αὔτως ἄκρας ἐτινάξατο δούρατος ἀκμὰς,ὣς δ’ αὔτως ἄκρας ἐτινάξατο δούρατος ἀκμὰς,tlg0005.tlg001.perseus-grc2.xml
Idylls,tlg001,22,186,Κάστωρ· ἀμφοτέροις δὲ λόφων ἐπένευον ἔθειραι.,Κάστωρ· ἀμφοτέροις δὲ λόφων ἐπένευον ἔθειραι.,tlg0005.tlg001.perseus-grc2.xml
Idylls,tlg001,22,187,ἔγχεσι μὲν πρώτιστα τιτυσκόμενοι πόνον εἶχον,ἔγχεσι μὲν πρώτιστα τιτυσκόμενοι πόνον εἶχον,tlg0005.tlg001.perseus-grc2.xml
Idylls,tlg001,22,188,"ἀλλήλων, εἴ πού τι χροὸς γυμνωθὲν ἴδοιεν.","ἀλλήλων, εἴ πού τι χροὸς γυμνωθὲν ἴδοιεν.",tlg0005.tlg001.perseus-grc2.xml
Idylls,tlg001,22,189,ἀλλʼ ἤτοι τὰ μὲν ἄκρα πάρος τινὰ δηλήσασθαι,ἀλλ’ ἤτοι τὰ μὲν ἄκρα πάρος τινὰ δηλήσασθαι,tlg0005.tlg001.perseus-grc2.xml
Idylls,tlg001,22,190,"δοῦρʼ ἐάγη, σακέεσσιν ἐνὶ δεινοῖσι παγέντα.","δοῦρ’ ἐάγη, σακέεσσιν ἐνὶ δεινοῖσι παγέντα.",tlg0005.tlg001.perseus-grc2.xml
Idylls,tlg001,22,191,τὼ δʼ ἄορ ἐκ κολεοῖο ἐρυσσαμένω φόνον αὖτις,τὼ δ’ ἄορ ἐκ κολεοῖο ἐρυσσαμένω φόνον αὖτις,tlg0005.tlg001.perseus-grc2.xml
Idylls,tlg001,22,192,τεῦχον ἐπʼ ἀλλήλοισι· μάχης δʼ οὐ γίνετʼ ἐρωή.,τεῦχον ἐπ’ ἀλλήλοισι· μάχης δ’ οὐ γίνετ’ ἐρωή.,tlg0005.tlg001.perseus-grc2.xml
Idylls,tlg001,22,193,πολλὰ μὲν ἐς σάκος εὐρὺ καὶ ἱππόκομον τρυφάλειαν,πολλὰ μὲν ἐς σάκος εὐρὺ καὶ ἱππόκομον τρυφάλειαν,tlg0005.tlg001.perseus-grc2.xml
Idylls,tlg001,22,194,"Κάστωρ, πολλὰ δʼ ἔνυξεν ἀκριβὴς ὄμμασι Λυγκεὺς","Κάστωρ, πολλὰ δ’ ἔνυξεν ἀκριβὴς ὄμμασι Λυγκεὺς",tlg0005.tlg001.perseus-grc2.xml
Idylls,tlg001,22,195,"τοῖο σάκος, φοίνικα δʼ ὅσον λόφον ἵκετʼ ἀκωκή.","τοῖο σάκος, φοίνικα δ’ ὅσον λόφον ἵκετ’ ἀκωκή.",tlg0005.tlg001.perseus-grc2.xml
Idylls,tlg001,22,196,τοῦ μὲν ἄκρην ἐκόλουσεν ἐπὶ σκαιὸν γόνυ χεῖρα,τοῦ μὲν ἄκρην ἐκόλουσεν ἐπὶ σκαιὸν γόνυ χεῖρα,tlg0005.tlg001.perseus-grc2.xml
Idylls,tlg001,22,197,φάσγανον ὀξὺ φέροντος ὑπεξαναβὰς ποδὶ Κάστωρ,φάσγανον ὀξὺ φέροντος ὑπεξαναβὰς ποδὶ Κάστωρ,tlg0005.tlg001.perseus-grc2.xml
Idylls,tlg001,22,198,"σκαιῷ· ὁ δὲ πληγεὶς ξίφος ἔκβαλεν, αἶψα δὲ φεύγειν","σκαιῷ· ὁ δὲ πληγεὶς ξίφος ἔκβαλεν, αἶψα δὲ φεύγειν",tlg0005.tlg001.perseus-grc2.xml
Idylls,tlg001,22,199,"ὡρμήθη ποτὶ σῆμα πατρός, τόθι καρτερὸς Ἴδας","ὡρμήθη ποτὶ σῆμα πατρός, τόθι καρτερὸς Ἴδας",tlg0005.tlg001.perseus-grc2.xml
Idylls,tlg001,22,200,κεκλιμένος θηεῖτο μάχην ἐμφύλιον ἀνδρῶν.,κεκλιμένος θηεῖτο μάχην ἐμφύλιον ἀνδρῶν.,tlg0005.tlg001.perseus-grc2.xml
Idylls,tlg001,22,201,ἀλλὰ μεταΐξας πλατὺ φάσγανον ὦσε διαπρὸ,ἀλλὰ μεταΐξας πλατὺ φάσγανον ὦσε διαπρὸ,tlg0005.tlg001.perseus-grc2.xml
Idylls,tlg001,22,202,Τυνδαρίδης λαγόνος τε καὶ ὀμφαλοῦ· ἔγκατα δʼ εἴσω,Τυνδαρίδης λαγόνος τε καὶ ὀμφαλοῦ· ἔγκατα δ’ εἴσω,tlg0005.tlg001.perseus-grc2.xml
Idylls,tlg001,22,203,χαλκὸς ἄφαρ διέχευεν· ὁ δʼ ἐς στόμα κεῖτο νενευκὼς,χαλκὸς ἄφαρ διέχευεν· ὁ δ’ ἐς στόμα κεῖτο νενευκὼς,tlg0005.tlg001.perseus-grc2.xml
Idylls,tlg001,22,204,"Λυγκεύς, κὰδ δʼ ἄρα οἱ βλεφάρων βαρὺς ἔδραμεν ὕπνος.","Λυγκεύς, κὰδ δ’ ἄρα οἱ βλεφάρων βαρὺς ἔδραμεν ὕπνος.",tlg0005.tlg001.perseus-grc2.xml
Idylls,tlg001,22,205,οὐ μὰν οὐδὲ τὸν ἄλλον ἐφʼ ἑστίῃ εἶδε πατρῴῃ,οὐ μὰν οὐδὲ τὸν ἄλλον ἐφ’ ἑστίῃ εἶδε πατρῴῃ,tlg0005.tlg001.perseus-grc2.xml
Idylls,tlg001,22,206,παίδων Λαοκόωσσα φίλον γάμον ἐκτελέσαντα.,παίδων Λαοκόωσσα φίλον γάμον ἐκτελέσαντα.,tlg0005.tlg001.perseus-grc2.xml
Idylls,tlg001,22,207,ἦ γὰρ ὅγε στήλην Ἀφαρηίου ἐξανέχουσαν,ἦ γὰρ ὅγε στήλην Ἀφαρηίου ἐξανέχουσαν,tlg0005.tlg001.perseus-grc2.xml
Idylls,tlg001,22,208,τύμβου ἀναρρήξας ταχέως Μεσσήνιος Ἴδας,τύμβου ἀναρρήξας ταχέως Μεσσήνιος Ἴδας,tlg0005.tlg001.perseus-grc2.xml
Idylls,tlg001,22,209,μέλλε κασιγνήτοιο βαλεῖν σφετέροιο φονῆα·,μέλλε κασιγνήτοιο βαλεῖν σφετέροιο φονῆα·,tlg0005.tlg001.perseus-grc2.xml
Idylls,tlg001,22,210,"ἀλλὰ Ζεὺς ἐπάμυνε, χερῶν δέ οἱ ἔκβαλε τυκτὴν","ἀλλὰ Ζεὺς ἐπάμυνε, χερῶν δέ οἱ ἔκβαλε τυκτὴν",tlg0005.tlg001.perseus-grc2.xml
Idylls,tlg001,22,211,"μάρμαρον, αὐτὸν δὲ φλογέῳ συνέφλεξε κεραυνῷ.","μάρμαρον, αὐτὸν δὲ φλογέῳ συνέφλεξε κεραυνῷ.",tlg0005.tlg001.perseus-grc2.xml
Idylls,tlg001,22,212,οὕτως Τυνδαρίδαις πολεμιζέμεν οὐκ ἐν ἐλαφρῷ.,οὕτως Τυνδαρίδαις πολεμιζέμεν οὐκ ἐν ἐλαφρῷ.,tlg0005.tlg001.perseus-grc2.xml
Idylls,tlg001,22,213,αὐτοί τε κρατέοντε καὶ ἐκ κρατέοντος ἔφυσαν.,αὐτοί τε κρατέοντε καὶ ἐκ κρατέοντος ἔφυσαν.,tlg0005.tlg001.perseus-grc2.xml
Idylls,tlg001,22,214,"χαίρετε Λήδας τέκνα, καὶ ἡμετέροις κλέος ὕμνοις","χαίρετε Λήδας τέκνα, καὶ ἡμετέροις κλέος ὕμνοις",tlg0005.tlg001.perseus-grc2.xml
Idylls,tlg001,22,215,ἐσθλὸν ἀεὶ πέμποιτε· φίλοι δέ τε πάντες ἀοιδοὶ,ἐσθλὸν ἀεὶ πέμποιτε· φίλοι δέ τε πάντες ἀοιδοὶ,tlg0005.tlg001.perseus-grc2.xml
Idylls,tlg001,22,216,"Τυνδαρίδαις Ἑλένῃ τε καὶ ἄλλοις ἡρώεσσιν,","Τυνδαρίδαις Ἑλένῃ τε καὶ ἄλλοις ἡρώεσσιν,",tlg0005.tlg001.perseus-grc2.xml
Idylls,tlg001,22,217,Ἴλιον οἳ διέπερσαν ἀρήγοντες Μενελάῳ.,Ἴλιον οἳ διέπερσαν ἀρήγοντες Μενελάῳ.,tlg0005.tlg001.perseus-grc2.xml
Idylls,tlg001,22,218,"ὑμῖν κῦδος ἄνακτες ἐμήσατο Χῖος ἀοιδός,","ὑμῖν κῦδος ἄνακτες ἐμήσατο Χῖος ἀοιδός,",tlg0005.tlg001.perseus-grc2.xml
Idylls,tlg001,22,219,ὑμνήσας Πριάμοιο πόλιν καὶ νῆας Ἀχαιῶν,ὑμνήσας Πριάμοιο πόλιν καὶ νῆας Ἀχαιῶν,tlg0005.tlg001.perseus-grc2.xml
Idylls,tlg001,22,220,Ἰλιάδας τε μάχας Ἀχιλῆά τε πύργον ἀυτῆς·,Ἰλιάδας τε μάχας Ἀχιλῆά τε πύργον ἀυτῆς·,tlg0005.tlg001.perseus-grc2.xml
Idylls,tlg001,22,221,"ὑμῖν αὖ καὶ ἐγὼ λιγεῶν μειλίγματα Μουσέων,","ὑμῖν αὖ καὶ ἐγὼ λιγεῶν μειλίγματα Μουσέων,",tlg0005.tlg001.perseus-grc2.xml
Idylls,tlg001,22,222,"οἷʼ αὐταὶ παρέχουσι καὶ ὡς ἐμὸς οἶκος ὑπάρχει,","οἷ’ αὐταὶ παρέχουσι καὶ ὡς ἐμὸς οἶκος ὑπάρχει,",tlg0005.tlg001.perseus-grc2.xml
Idylls,tlg001,22,223,τοῖα φέρω. γεράων δὲ θεοῖς κάλλιστον ἀοιδαί.,τοῖα φέρω. γεράων δὲ θεοῖς κάλλιστον ἀοιδαί.,tlg0005.tlg001.perseus-grc2.xml
Idylls,tlg001,23,1,"Ἀνήρ τις πολύφιλτρος ἀπηνέος ἤρατʼ ἐφάβω,","Ἀνήρ τις πολύφιλτρος ἀπηνέος ἤρατ’ ἐφάβω,",tlg0005.tlg001.perseus-grc2.xml
Idylls,tlg001,23,2,"τὰν μορφὰν ἀγαθῶ, τὸν δὲ τρόπον οὐκέθʼ ὁμοίω.","τὰν μορφὰν ἀγαθῶ, τὸν δὲ τρόπον οὐκέθ’ ὁμοίω.",tlg0005.tlg001.perseus-grc2.xml
Idylls,tlg001,23,3,"μίσει τὸν φιλέοντα καὶ οὐδὲ ἓν ἅμερον εἶχε,","μίσει τὸν φιλέοντα καὶ οὐδὲ ἓν ἅμερον εἶχε,",tlg0005.tlg001.perseus-grc2.xml
Idylls,tlg001,23,4,"κοὐκ ᾔδει τὸν Ἔρωτα, τίς ἦν θεός, ἡλίκα τόξα","κοὐκ ᾔδει τὸν Ἔρωτα, τίς ἦν θεός, ἡλίκα τόξα",tlg0005.tlg001.perseus-grc2.xml
Idylls,tlg001,23,5,"χερσὶ κρατεῖ, πῶς πικρὰ βέλη ποτικάρδια βάλλει·","χερσὶ κρατεῖ, πῶς πικρὰ βέλη ποτικάρδια βάλλει·",tlg0005.tlg001.perseus-grc2.xml
Idylls,tlg001,23,6,πάντα δὲ κἠν μύθοισι καὶ ἐν προσόδοισιν ἀτειρής.,πάντα δὲ κἠν μύθοισι καὶ ἐν προσόδοισιν ἀτειρής.,tlg0005.tlg001.perseus-grc2.xml
Idylls,tlg001,23,7,"οὐδέ τι τῶν πυρσῶν παραμύθιον, οὐκ ἀμάρυγμα","οὐδέ τι τῶν πυρσῶν παραμύθιον, οὐκ ἀμάρυγμα",tlg0005.tlg001.perseus-grc2.xml
Idylls,tlg001,23,8,"χείλεος, οὐκ ὄσσων λιπαρὸν σέλας, οὐ ῥοδόμαλον,","χείλεος, οὐκ ὄσσων λιπαρὸν σέλας, οὐ ῥοδόμαλον,",tlg0005.tlg001.perseus-grc2.xml
Idylls,tlg001,23,9,"οὐ λόγος, οὐχὶ φίλαμα, τὸ κουφίζει τὸν ἔρωτα.","οὐ λόγος, οὐχὶ φίλαμα, τὸ κουφίζει τὸν ἔρωτα.",tlg0005.tlg001.perseus-grc2.xml
Idylls,tlg001,23,10,"οἷα δὲ θὴρ ὑλαῖος ὑποπτεύῃσι κυναγώς,","οἷα δὲ θὴρ ὑλαῖος ὑποπτεύῃσι κυναγώς,",tlg0005.tlg001.perseus-grc2.xml
Idylls,tlg001,23,11,οὕτως πάντʼ ἐποίει ποτὶ τὸν φίλον· ἄγρια δʼ αὐτῷ,οὕτως πάντ’ ἐποίει ποτὶ τὸν φίλον· ἄγρια δ’ αὐτῷ,tlg0005.tlg001.perseus-grc2.xml
Idylls,tlg001,23,12,χείλεα καὶ κῶραι δεινὸν βλέπος· εἶχε γὰρ ὄγκον·,χείλεα καὶ κῶραι δεινὸν βλέπος· εἶχε γὰρ ὄγκον·,tlg0005.tlg001.perseus-grc2.xml
Idylls,tlg001,23,13,"τᾷ δὲ χολᾷ τὸ πρόσωπον ἀμείβετο, φεῦγε δʼ ἀπὸ χρὼς","τᾷ δὲ χολᾷ τὸ πρόσωπον ἀμείβετο, φεῦγε δ’ ἀπὸ χρὼς",tlg0005.tlg001.perseus-grc2.xml
Idylls,tlg001,23,14,ὕβριν τᾶς ὀργᾶς περικείμενος. ἀλλὰ καὶ οὕτως,ὕβριν τᾶς ὀργᾶς περικείμενος. ἀλλὰ καὶ οὕτως,tlg0005.tlg001.perseus-grc2.xml
Idylls,tlg001,23,15,ἦν καλός· ἐξ ὀργᾶς ἐρεθίζετο μᾶλλον ἐραστάς.,ἦν καλός· ἐξ ὀργᾶς ἐρεθίζετο μᾶλλον ἐραστάς.,tlg0005.tlg001.perseus-grc2.xml
Idylls,tlg001,23,16,"λοίσθιον οὐκ ἤνεικε τόσαν φλόγα τᾶς Κυθερείας,","λοίσθιον οὐκ ἤνεικε τόσαν φλόγα τᾶς Κυθερείας,",tlg0005.tlg001.perseus-grc2.xml
Idylls,tlg001,23,17,"ἀλλʼ ἐλθὼν ἔκλαιε ποτὶ στυγνοῖσι μελάθροις,","ἀλλ’ ἐλθὼν ἔκλαιε ποτὶ στυγνοῖσι μελάθροις,",tlg0005.tlg001.perseus-grc2.xml
Idylls,tlg001,23,18,"καὶ κύσε τὰν φλιάν, οὕτω δʼ ἀνενείκατο φωνάν·","καὶ κύσε τὰν φλιάν, οὕτω δ’ ἀνενείκατο φωνάν·",tlg0005.tlg001.perseus-grc2.xml
Idylls,tlg001,23,19,"Ἄγριε παῖ καὶ στυγνέ, κακᾶς ἀνάθρεμμα λεαίνας,","Ἄγριε παῖ καὶ στυγνέ, κακᾶς ἀνάθρεμμα λεαίνας,",tlg0005.tlg001.perseus-grc2.xml
Idylls,tlg001,23,20,"λάινε παῖ καὶ ἔρωτος ἀνάξιε, δῶρά τοι ἦλθον","λάινε παῖ καὶ ἔρωτος ἀνάξιε, δῶρά τοι ἦλθον",tlg0005.tlg001.perseus-grc2.xml
Idylls,tlg001,23,21,"λοίσθια ταῦτα φέρων, τὸν ἐμὸν βρόχον· οὐκέτι πὰρ σὲ","λοίσθια ταῦτα φέρων, τὸν ἐμὸν βρόχον· οὐκέτι πὰρ σὲ",tlg0005.tlg001.perseus-grc2.xml
Idylls,tlg001,23,22,"κῶρʼ ἐθέλω λύπης κεχολωμένος, ἀλλὰ βαδίζω,","κῶρ’ ἐθέλω λύπης κεχολωμένος, ἀλλὰ βαδίζω,",tlg0005.tlg001.perseus-grc2.xml
Idylls,tlg001,23,23,"ἔνθα τύ μευ κατέκρινας, ὅπῃ λόγος ἦμεν ἀταρπὸν","ἔνθα τύ μευ κατέκρινας, ὅπῃ λόγος ἦμεν ἀταρπὸν",tlg0005.tlg001.perseus-grc2.xml
Idylls,tlg001,23,24,"ξυνάν, τοῖσιν ἐρῶσι τὸ φάρμακον ἔνθα τὸ λᾶθος.","ξυνάν, τοῖσιν ἐρῶσι τὸ φάρμακον ἔνθα τὸ λᾶθος.",tlg0005.tlg001.perseus-grc2.xml
Idylls,tlg001,23,25,"ἀλλὰ καὶ ἢν ὅλον αὐτὸ λαβὼν ποτὶ χεῖλος ἀμέλξω,","ἀλλὰ καὶ ἢν ὅλον αὐτὸ λαβὼν ποτὶ χεῖλος ἀμέλξω,",tlg0005.tlg001.perseus-grc2.xml
Idylls,tlg001,23,26,οὐδʼ οὕτως σβέσσω τὸν ἐμὸν χόλον. ἄρτι δὲ χαίρειν,οὐδ’ οὕτως σβέσσω τὸν ἐμὸν χόλον. ἄρτι δὲ χαίρειν,tlg0005.tlg001.perseus-grc2.xml
Idylls,tlg001,23,27,τοῖσι τεοῖς προθύροις ἐπιτέλλομαι. οἶδα τὸ μέλλον.,τοῖσι τεοῖς προθύροις ἐπιτέλλομαι. οἶδα τὸ μέλλον.,tlg0005.tlg001.perseus-grc2.xml
Idylls,tlg001,23,28,"καὶ τὸ ῥόδον καλόν ἐστι, καὶ ὁ χρόνος αὐτὸ μαραίνει·","καὶ τὸ ῥόδον καλόν ἐστι, καὶ ὁ χρόνος αὐτὸ μαραίνει·",tlg0005.tlg001.perseus-grc2.xml
Idylls,tlg001,23,29,"καὶ τὸ ἴον καλόν ἐστιν ἐν εἴαρι, καὶ ταχὺ γηρᾷ·","καὶ τὸ ἴον καλόν ἐστιν ἐν εἴαρι, καὶ ταχὺ γηρᾷ·",tlg0005.tlg001.perseus-grc2.xml
Idylls,tlg001,23,30,"λευκὸν τὸ κρίνον ἐστί, μαραίνεται ἁνίκα πίπτῃ·","λευκὸν τὸ κρίνον ἐστί, μαραίνεται ἁνίκα πίπτῃ·",tlg0005.tlg001.perseus-grc2.xml
Idylls,tlg001,23,31,"ἁ δὲ χιὼν λευκά, καὶ τάκεται ἁνίκα πασθῇ.","ἁ δὲ χιὼν λευκά, καὶ τάκεται ἁνίκα πασθῇ.",tlg0005.tlg001.perseus-grc2.xml
Idylls,tlg001,23,32,"καὶ κάλλος καλόν ἐστι τὸ παιδικόν, ἀλλʼ ὀλίγον ζῇ.","καὶ κάλλος καλόν ἐστι τὸ παιδικόν, ἀλλ’ ὀλίγον ζῇ.",tlg0005.tlg001.perseus-grc2.xml
Idylls,tlg001,23,33,"ἥξει καιρὸς ἐκεῖνος, ὁπανίκα καὶ τὺ φιλάσεις,","ἥξει καιρὸς ἐκεῖνος, ὁπανίκα καὶ τὺ φιλάσεις,",tlg0005.tlg001.perseus-grc2.xml
Idylls,tlg001,23,34,ἁνίκα τὰν κραδίαν ὀπτεύμενος ἁλμυρὰ κλαύσῃ.,ἁνίκα τὰν κραδίαν ὀπτεύμενος ἁλμυρὰ κλαύσῃ.,tlg0005.tlg001.perseus-grc2.xml
Idylls,tlg001,23,35,ἀλλὰ τὺ παῖ καὶ τοῦτο πανύστατον ἁδύ τι ῥέξον·,ἀλλὰ τὺ παῖ καὶ τοῦτο πανύστατον ἁδύ τι ῥέξον·,tlg0005.tlg001.perseus-grc2.xml
Idylls,tlg001,23,36,ὁππόταν ἐξενθὼν ἠρτημένον ἐν προθύροισι,ὁππόταν ἐξενθὼν ἠρτημένον ἐν προθύροισι,tlg0005.tlg001.perseus-grc2.xml
Idylls,tlg001,23,37,"τοῖσι τεοῖσιν ἴδῃς τὸν τλάμονα, μή με παρένθῃς,","τοῖσι τεοῖσιν ἴδῃς τὸν τλάμονα, μή με παρένθῃς,",tlg0005.tlg001.perseus-grc2.xml
Idylls,tlg001,23,38,"στᾶθι δὲ καὶ βραχὺ κλαῦσον, ἐπισπείσας δὲ τὸ δάκρυ","στᾶθι δὲ καὶ βραχὺ κλαῦσον, ἐπισπείσας δὲ τὸ δάκρυ",tlg0005.tlg001.perseus-grc2.xml
Idylls,tlg001,23,39,λῦσον τῶ σχοίνω με καὶ ἀμφίθες ἐκ ῥεθέων σῶν,λῦσον τῶ σχοίνω με καὶ ἀμφίθες ἐκ ῥεθέων σῶν,tlg0005.tlg001.perseus-grc2.xml
Idylls,tlg001,23,40,"εἵματα καὶ κρύψόν με, τὸ δʼ αὖ πύματόν με φίλασον,","εἵματα καὶ κρύψόν με, τὸ δ’ αὖ πύματόν με φίλασον,",tlg0005.tlg001.perseus-grc2.xml
Idylls,tlg001,23,41,κἂν νεκρῷ χάρισαι τὰ σὰ χείλεα. μή με φοβαθῇς·,κἂν νεκρῷ χάρισαι τὰ σὰ χείλεα. μή με φοβαθῇς·,tlg0005.tlg001.perseus-grc2.xml
Idylls,tlg001,23,42,"οὐ δύναμαι λυπεῖν σε, διαλλάξεις με φιλάσας.","οὐ δύναμαι λυπεῖν σε, διαλλάξεις με φιλάσας.",tlg0005.tlg001.perseus-grc2.xml
Idylls,tlg001,23,43,χῶμα δέ μοι χῶσόν τι ὅ μευ κρύψει τὸν ἔρωτα.,χῶμα δέ μοι χῶσόν τι ὅ μευ κρύψει τὸν ἔρωτα.,tlg0005.tlg001.perseus-grc2.xml
Idylls,tlg001,23,44,"κἂν ἀπίῃς, τόδε μοι τρὶς ἐπαίασον· ὦ φίλε κεῖσαι.","κἂν ἀπίῃς, τόδε μοι τρὶς ἐπαίασον· ὦ φίλε κεῖσαι.",tlg0005.tlg001.perseus-grc2.xml
Idylls,tlg001,23,45,"ἢν δὲ θέλῃς, καὶ τοῦτο· καλὸς δέ μοι ὤλεθʼ ἑταῖρος.","ἢν δὲ θέλῃς, καὶ τοῦτο· καλὸς δέ μοι ὤλεθ’ ἑταῖρος.",tlg0005.tlg001.perseus-grc2.xml
Idylls,tlg001,23,46,"γράψον καὶ τόδε γράμμα, τὸ σοῖς τοίχοισι χαράξω·","γράψον καὶ τόδε γράμμα, τὸ σοῖς τοίχοισι χαράξω·",tlg0005.tlg001.perseus-grc2.xml
Idylls,tlg001,23,47,"τοῦτον ἔρως ἔκτεινεν. ὁδοιπόρε, μὴ παροδεύσῃς,","τοῦτον ἔρως ἔκτεινεν. ὁδοιπόρε, μὴ παροδεύσῃς,",tlg0005.tlg001.perseus-grc2.xml
Idylls,tlg001,23,48,ἀλλὰ στὰς τόδε λέξον· ἀπηνέα εἶχεν ἑταῖρον.,ἀλλὰ στὰς τόδε λέξον· ἀπηνέα εἶχεν ἑταῖρον.,tlg0005.tlg001.perseus-grc2.xml
Idylls,tlg001,23,49,"Ὧδʼ εἰπὼν λίθον εἷλκεν, ἐρεισάμενος δʼ ἐπὶ τοίχω","Ὧδ’ εἰπὼν λίθον εἷλκεν, ἐρεισάμενος δ’ ἐπὶ τοίχω",tlg0005.tlg001.perseus-grc2.xml
Idylls,tlg001,23,50,"ἄχρι μέσων οὐδῶν φοβερὸν λίθον ἅπτετʼ ἀπʼ αὐτῶν,","ἄχρι μέσων οὐδῶν φοβερὸν λίθον ἅπτετ’ ἀπ’ αὐτῶν,",tlg0005.tlg001.perseus-grc2.xml
Idylls,tlg001,23,51,"τὰν λεπτὰν σχοινῖδα, βρόχον δʼ ἐνέβαλλε τραχήλῳ,","τὰν λεπτὰν σχοινῖδα, βρόχον δ’ ἐνέβαλλε τραχήλῳ,",tlg0005.tlg001.perseus-grc2.xml
Idylls,tlg001,23,52,"τὰν ἕδραν δʼ ἐκύλισεν ὑπὲκ ποδός, ἠδʼ ἐκρεμάσθη","τὰν ἕδραν δ’ ἐκύλισεν ὑπὲκ ποδός, ἠδ’ ἐκρεμάσθη",tlg0005.tlg001.perseus-grc2.xml
Idylls,tlg001,23,53,νεκρός. ὁ δʼ αὖτʼ ὤιξε θύρας καὶ τὸν νεκρὸν εἶδεν,νεκρός. ὁ δ’ αὖτ’ ὤιξε θύρας καὶ τὸν νεκρὸν εἶδεν,tlg0005.tlg001.perseus-grc2.xml
Idylls,tlg001,23,54,"αὐλᾶς ἐξ ἰδίας ἠρτημένον, οὐδʼ ἐλυγίχθη","αὐλᾶς ἐξ ἰδίας ἠρτημένον, οὐδ’ ἐλυγίχθη",tlg0005.tlg001.perseus-grc2.xml
Idylls,tlg001,23,55,"τὰν ψυχάν, οὐ κλαῦσε νέον φόνον, ἀλλʼ ἐπὶ νεκρῷ","τὰν ψυχάν, οὐ κλαῦσε νέον φόνον, ἀλλ’ ἐπὶ νεκρῷ",tlg0005.tlg001.perseus-grc2.xml
Idylls,tlg001,23,56,"εἵματα πάντʼ ἐμίανεν, ἐφαβικὰ βαῖνε δʼ ἐς ἄθλα","εἵματα πάντ’ ἐμίανεν, ἐφαβικὰ βαῖνε δ’ ἐς ἄθλα",tlg0005.tlg001.perseus-grc2.xml
Idylls,tlg001,23,57,"γυμναστῶν, καὶ τῆλε φίλων ἐπεμαίετο λουτρῶν,","γυμναστῶν, καὶ τῆλε φίλων ἐπεμαίετο λουτρῶν,",tlg0005.tlg001.perseus-grc2.xml
Idylls,tlg001,23,58,"καὶ ποτὶ τὸν θεὸν ἦλθε, τὸν ὕβρισε· λαϊνέας δὲ","καὶ ποτὶ τὸν θεὸν ἦλθε, τὸν ὕβρισε· λαϊνέας δὲ",tlg0005.tlg001.perseus-grc2.xml
Idylls,tlg001,23,59,ἵστατʼ ἀπὸ κρηπῖδος ἐς ὕδατα· τῷ δʼ ἐφύπερθεν,ἵστατ’ ἀπὸ κρηπῖδος ἐς ὕδατα· τῷ δ’ ἐφύπερθεν,tlg0005.tlg001.perseus-grc2.xml
Idylls,tlg001,23,60,"ἅλατο καὶ τὤγαλμα, κακὸν δʼ ἔκτεινεν ἔφαβον·","ἅλατο καὶ τὤγαλμα, κακὸν δ’ ἔκτεινεν ἔφαβον·",tlg0005.tlg001.perseus-grc2.xml
Idylls,tlg001,23,61,νᾶμα δʼ ἐφοινίχθη· παιδὸς δʼ ἐπενάχετο σῶμα.,νᾶμα δ’ ἐφοινίχθη· παιδὸς δ’ ἐπενάχετο σῶμα.,tlg0005.tlg001.perseus-grc2.xml
Idylls,tlg001,23,62,χαίρετε τοὶ φιλέοντες· ὁ γὰρ μισῶν ἐφονεύθη.,χαίρετε τοὶ φιλέοντες· ὁ γὰρ μισῶν ἐφονεύθη.,tlg0005.tlg001.perseus-grc2.xml
Idylls,tlg001,23,63,στέργετε δʼ οἱ μισεῦντες· ὁ γὰρ θεὸς οἶδε δικάζειν.,στέργετε δ’ οἱ μισεῦντες· ὁ γὰρ θεὸς οἶδε δικάζειν.,tlg0005.tlg001.perseus-grc2.xml
Idylls,tlg001,24,1,Ἡρακλέα δεκάμηνον ἐόντα πόχʼ ἁ Μιδεᾶτις,Ἡρακλέα δεκάμηνον ἐόντα πόχ’ ἁ Μιδεᾶτις,tlg0005.tlg001.perseus-grc2.xml
Idylls,tlg001,24,2,"Ἀλκμήνα καὶ νυκτὶ νεώτερον Ἰφικλῆα,","Ἀλκμήνα καὶ νυκτὶ νεώτερον Ἰφικλῆα,",tlg0005.tlg001.perseus-grc2.xml
Idylls,tlg001,24,3,"ἀμφοτέρους λούσασα καὶ ἐμπλήσασα γάλακτος,","ἀμφοτέρους λούσασα καὶ ἐμπλήσασα γάλακτος,",tlg0005.tlg001.perseus-grc2.xml
Idylls,tlg001,24,4,"χαλκείαν κατέθηκεν ἐς ἀσπίδα, τὰν Πτερελάου","χαλκείαν κατέθηκεν ἐς ἀσπίδα, τὰν Πτερελάου",tlg0005.tlg001.perseus-grc2.xml
Idylls,tlg001,24,5,Ἀμφιτρύων καλὸν ὅπλον ἀπεσκύλευσε πεσόντος.,Ἀμφιτρύων καλὸν ὅπλον ἀπεσκύλευσε πεσόντος.,tlg0005.tlg001.perseus-grc2.xml
Idylls,tlg001,24,6,ἁπτομένα δὲ γυνὰ κεφαλᾶς μυθήσατο παίδων·,ἁπτομένα δὲ γυνὰ κεφαλᾶς μυθήσατο παίδων·,tlg0005.tlg001.perseus-grc2.xml
Idylls,tlg001,24,7,"εὕδετʼ ἐμὰ βρέφεα γλυκερὸν καὶ ἐγέρσιμον ὕπνον,","εὕδετ’ ἐμὰ βρέφεα γλυκερὸν καὶ ἐγέρσιμον ὕπνον,",tlg0005.tlg001.perseus-grc2.xml
Idylls,tlg001,24,8,"εὕδετʼ ἐμὰ ψυχά, δύʼ ἀδελφεώ, εὔσοα τέκνα·","εὕδετ’ ἐμὰ ψυχά, δύ’ ἀδελφεώ, εὔσοα τέκνα·",tlg0005.tlg001.perseus-grc2.xml
Idylls,tlg001,24,9,ὄλβιοι εὐνάζοισθε καὶ ὄλβιοι ἀῶ ἵκοισθε.,ὄλβιοι εὐνάζοισθε καὶ ὄλβιοι ἀῶ ἵκοισθε.,tlg0005.tlg001.perseus-grc2.xml
Idylls,tlg001,24,10,Ὣς φαμένα δίνασε σάκος μέγα· τοὺς δʼ ἔλαβʼ ὕπνος.,Ὣς φαμένα δίνασε σάκος μέγα· τοὺς δ’ ἔλαβ’ ὕπνος.,tlg0005.tlg001.perseus-grc2.xml
Idylls,tlg001,24,11,ἆμος δὲ στρέφεται μεσονύκτιον ἐς δύσιν ἄρκτος,ἆμος δὲ στρέφεται μεσονύκτιον ἐς δύσιν ἄρκτος,tlg0005.tlg001.perseus-grc2.xml
Idylls,tlg001,24,12,"Ὠρίωνα κατʼ αὐτόν, ὁ δʼ ἀμφαίνει μέγαν ὦμον,","Ὠρίωνα κατ’ αὐτόν, ὁ δ’ ἀμφαίνει μέγαν ὦμον,",tlg0005.tlg001.perseus-grc2.xml
Idylls,tlg001,24,13,τᾶμος ἄρʼ αἰνὰ πέλωρα δύω πολυμήχανος Ἥρη,τᾶμος ἄρ’ αἰνὰ πέλωρα δύω πολυμήχανος Ἥρη,tlg0005.tlg001.perseus-grc2.xml
Idylls,tlg001,24,14,κυανέαις φρίσσοντας ὑπὸ σπείραισι δράκοντας,κυανέαις φρίσσοντας ὑπὸ σπείραισι δράκοντας,tlg0005.tlg001.perseus-grc2.xml
Idylls,tlg001,24,15,"ὦρσεν ἐπὶ πλατὺν οὐδόν, ὅθι σταθμὰ κοῖλα θυράων","ὦρσεν ἐπὶ πλατὺν οὐδόν, ὅθι σταθμὰ κοῖλα θυράων",tlg0005.tlg001.perseus-grc2.xml
Idylls,tlg001,24,16,"εἶκεν, ἀπειλήσασα φαγεῖν βρέφος Ἡρακλῆα.","εἶκεν, ἀπειλήσασα φαγεῖν βρέφος Ἡρακλῆα.",tlg0005.tlg001.perseus-grc2.xml
Idylls,tlg001,24,17,τὼ δʼ ἐξειληθέντες ἐπὶ χθονὶ γαστέρας ἄμφω,τὼ δ’ ἐξειληθέντες ἐπὶ χθονὶ γαστέρας ἄμφω,tlg0005.tlg001.perseus-grc2.xml
Idylls,tlg001,24,18,αἱμοβόρους ἐκύλιον· ἀπʼ ὀφθαλμῶν δὲ κακὸν πῦρ,αἱμοβόρους ἐκύλιον· ἀπ’ ὀφθαλμῶν δὲ κακὸν πῦρ,tlg0005.tlg001.perseus-grc2.xml
Idylls,tlg001,24,19,"ἐρχομένοις λάμπεσκε, βαρὺν δʼ ἐξέπτυον ἰόν.","ἐρχομένοις λάμπεσκε, βαρὺν δ’ ἐξέπτυον ἰόν.",tlg0005.tlg001.perseus-grc2.xml
Idylls,tlg001,24,20,"ἀλλʼ ὅτε δὴ παίδων λιχμώμενοι ἐγγύθεν ἦνθον,","ἀλλ’ ὅτε δὴ παίδων λιχμώμενοι ἐγγύθεν ἦνθον,",tlg0005.tlg001.perseus-grc2.xml
Idylls,tlg001,24,21,"καὶ τότʼ ἄρʼ ἐξέγροντο, Διὸς νοέοντος ἅπαντα,","καὶ τότ’ ἄρ’ ἐξέγροντο, Διὸς νοέοντος ἅπαντα,",tlg0005.tlg001.perseus-grc2.xml
Idylls,tlg001,24,22,"Ἀλκμήνας φίλα τέκνα, φάος δʼ ἀνὰ οἶκον ἐτύχθη.","Ἀλκμήνας φίλα τέκνα, φάος δ’ ἀνὰ οἶκον ἐτύχθη.",tlg0005.tlg001.perseus-grc2.xml
Idylls,tlg001,24,23,"ἤτοι ὅγʼ εὐθὺς ἄυσεν, ὅπως κακὰ θηρίʼ ἀνέγνω","ἤτοι ὅγ’ εὐθὺς ἄυσεν, ὅπως κακὰ θηρί’ ἀνέγνω",tlg0005.tlg001.perseus-grc2.xml
Idylls,tlg001,24,24,"κοίλου ὑπὲρ σάκεος καὶ ἀναιδέας εἶδεν ὀδόντας,","κοίλου ὑπὲρ σάκεος καὶ ἀναιδέας εἶδεν ὀδόντας,",tlg0005.tlg001.perseus-grc2.xml
Idylls,tlg001,24,25,"Ἰφικλέης, οὔλαν δὲ ποσὶν διελάκτισε χλαῖναν,","Ἰφικλέης, οὔλαν δὲ ποσὶν διελάκτισε χλαῖναν,",tlg0005.tlg001.perseus-grc2.xml
Idylls,tlg001,24,26,φευγέμεν ὁρμαίνων· ὁ δʼ ἐναντίος εἴχετο χερσὶν,φευγέμεν ὁρμαίνων· ὁ δ’ ἐναντίος εἴχετο χερσὶν,tlg0005.tlg001.perseus-grc2.xml
Idylls,tlg001,24,27,"Ἡρακλέης, ἄμφω δὲ βαρεῖ ἐνεδήσατο δεσμῷ,","Ἡρακλέης, ἄμφω δὲ βαρεῖ ἐνεδήσατο δεσμῷ,",tlg0005.tlg001.perseus-grc2.xml
Idylls,tlg001,24,28,"δραξάμενος φάρυγος, τόθι φάρμακα λυγρὰ κέκρυπται","δραξάμενος φάρυγος, τόθι φάρμακα λυγρὰ κέκρυπται",tlg0005.tlg001.perseus-grc2.xml
Idylls,tlg001,24,29,"οὐλομένοις ὀφίεσσιν, ἃ καὶ θεοὶ ἐχθαίροντι.","οὐλομένοις ὀφίεσσιν, ἃ καὶ θεοὶ ἐχθαίροντι.",tlg0005.tlg001.perseus-grc2.xml
Idylls,tlg001,24,30,τὼ δʼ αὖτε σπείραισιν ἑλισσέσθην περὶ παῖδα,τὼ δ’ αὖτε σπείραισιν ἑλισσέσθην περὶ παῖδα,tlg0005.tlg001.perseus-grc2.xml
Idylls,tlg001,24,31,"ὀψίγονον γαλαθηνόν, ὑπὸ τροφῷ αἰὲν ἄδακρυν·","ὀψίγονον γαλαθηνόν, ὑπὸ τροφῷ αἰὲν ἄδακρυν·",tlg0005.tlg001.perseus-grc2.xml
Idylls,tlg001,24,32,"ἂψ δὲ πάλιν διέλυον ἐπεὶ μογέοιεν ἀκάνθας,","ἂψ δὲ πάλιν διέλυον ἐπεὶ μογέοιεν ἀκάνθας,",tlg0005.tlg001.perseus-grc2.xml
Idylls,tlg001,24,33,δεσμοῦ ἀναγκαίου πειρώμενοι ἔκλυσιν εὑρεῖν.,δεσμοῦ ἀναγκαίου πειρώμενοι ἔκλυσιν εὑρεῖν.,tlg0005.tlg001.perseus-grc2.xml
Idylls,tlg001,24,34,Ἀλκμήνα δʼ ἐσάκουσε βοᾶς καὶ ἐπέγρετο πράτα·,Ἀλκμήνα δ’ ἐσάκουσε βοᾶς καὶ ἐπέγρετο πράτα·,tlg0005.tlg001.perseus-grc2.xml
Idylls,tlg001,24,35,Ἄνσταθʼ Ἀμφιτρύων· ἐμὲ γὰρ δέος ἴσχει ὀκνηρόν·,Ἄνσταθ’ Ἀμφιτρύων· ἐμὲ γὰρ δέος ἴσχει ὀκνηρόν·,tlg0005.tlg001.perseus-grc2.xml
Idylls,tlg001,24,36,"ἄνστα, μηδὲ πόδεσσιν ἑοῖς ὑπὸ σάνδαλα θείῃς.","ἄνστα, μηδὲ πόδεσσιν ἑοῖς ὑπὸ σάνδαλα θείῃς.",tlg0005.tlg001.perseus-grc2.xml
Idylls,tlg001,24,37,"οὐκ ἀίεις, παίδων ὁ νεώτερος ὅσσον ἀυτεῖ;","οὐκ ἀίεις, παίδων ὁ νεώτερος ὅσσον ἀυτεῖ;",tlg0005.tlg001.perseus-grc2.xml
Idylls,tlg001,24,38,"ἢ οὐ νοέεις, ὅτι νυκτὸς ἀωρί που, οἱ δέ τε τοῖχοι","ἢ οὐ νοέεις, ὅτι νυκτὸς ἀωρί που, οἱ δέ τε τοῖχοι",tlg0005.tlg001.perseus-grc2.xml
Idylls,tlg001,24,39,"πάντες ἀριφραδέες, καθαρᾶς ἅπερ ἠριγενείας;","πάντες ἀριφραδέες, καθαρᾶς ἅπερ ἠριγενείας;",tlg0005.tlg001.perseus-grc2.xml
Idylls,tlg001,24,40,"ἔστί τί μοι κατὰ δῶμα νεώτερον, ἔστι φίλʼ ἀνδρῶν.","ἔστί τί μοι κατὰ δῶμα νεώτερον, ἔστι φίλ’ ἀνδρῶν.",tlg0005.tlg001.perseus-grc2.xml
Idylls,tlg001,24,41,Ὣς φάθʼ. ὁ δʼ ἐξ εὐνᾶς ἀλόχῳ κατέβαινε πιθήσας·,Ὣς φάθ’. ὁ δ’ ἐξ εὐνᾶς ἀλόχῳ κατέβαινε πιθήσας·,tlg0005.tlg001.perseus-grc2.xml
Idylls,tlg001,24,42,"δαιδάλεον δʼ ὥρμασε μετὰ ξίφος, ὅ οἱ ὕπερθεν","δαιδάλεον δ’ ὥρμασε μετὰ ξίφος, ὅ οἱ ὕπερθεν",tlg0005.tlg001.perseus-grc2.xml
Idylls,tlg001,24,43,κλιντῆρος κεδρίνου περὶ πασσάλῳ αἰὲν ἄωρτο.,κλιντῆρος κεδρίνου περὶ πασσάλῳ αἰὲν ἄωρτο.,tlg0005.tlg001.perseus-grc2.xml
Idylls,tlg001,24,44,"ἤτοι ὅγʼ ὠριγνᾶτο νεοκλώστου τελαμῶνος,","ἤτοι ὅγ’ ὠριγνᾶτο νεοκλώστου τελαμῶνος,",tlg0005.tlg001.perseus-grc2.xml
Idylls,tlg001,24,45,"κουφίζων ἑτέρᾳ κολεὸν μέγα, λώτινον ἔργον.","κουφίζων ἑτέρᾳ κολεὸν μέγα, λώτινον ἔργον.",tlg0005.tlg001.perseus-grc2.xml
Idylls,tlg001,24,46,ἀμφιλαφὴς δʼ ἄρα παστὰς ἐνεπλήσθη πάλιν ὄρφνας·,ἀμφιλαφὴς δ’ ἄρα παστὰς ἐνεπλήσθη πάλιν ὄρφνας·,tlg0005.tlg001.perseus-grc2.xml
Idylls,tlg001,24,47,δμῶας δὴ τότʼ ἄυσεν ὕπνον βαρὺν ἐκφυσῶντας·,δμῶας δὴ τότ’ ἄυσεν ὕπνον βαρὺν ἐκφυσῶντας·,tlg0005.tlg001.perseus-grc2.xml
Idylls,tlg001,24,48,"οἴσετε πῦρ ὅτι θᾶσσον ἀπʼ ἐσχαρεῶνος ἑλόντες,","οἴσετε πῦρ ὅτι θᾶσσον ἀπ’ ἐσχαρεῶνος ἑλόντες,",tlg0005.tlg001.perseus-grc2.xml
Idylls,tlg001,24,49,"δμῶες ἐμοί, στιβαροὺς δὲ θυρᾶν ἀνακόψατʼ ὀχῆας.","δμῶες ἐμοί, στιβαροὺς δὲ θυρᾶν ἀνακόψατ’ ὀχῆας.",tlg0005.tlg001.perseus-grc2.xml
Idylls,tlg001,24,50,ἄνστατε δμῶες ταλασίφρονες. αὐτὸς ἀυτεῖ.,ἄνστατε δμῶες ταλασίφρονες. αὐτὸς ἀυτεῖ.,tlg0005.tlg001.perseus-grc2.xml
Idylls,tlg001,24,51,Ἦ ῥα γυνὰ Φοίνισσα μύλαις ἔπι κοῖτον ἔχουσα.,Ἦ ῥα γυνὰ Φοίνισσα μύλαις ἔπι κοῖτον ἔχουσα.,tlg0005.tlg001.perseus-grc2.xml
Idylls,tlg001,24,52,οἱ δʼ αἶψα προγένοντο λύχνοις ἅμα δαιομένοισι,οἱ δ’ αἶψα προγένοντο λύχνοις ἅμα δαιομένοισι,tlg0005.tlg001.perseus-grc2.xml
Idylls,tlg001,24,53,δμῶες· ἐνεπλήσθη δὲ δόμος σπεύδοντος ἑκάστου.,δμῶες· ἐνεπλήσθη δὲ δόμος σπεύδοντος ἑκάστου.,tlg0005.tlg001.perseus-grc2.xml
Idylls,tlg001,24,54,ἤτοι ἄρʼ ὡς εἴδοντʼ ἐπιτίτθιον Ἡρακλῆα,ἤτοι ἄρ’ ὡς εἴδοντ’ ἐπιτίτθιον Ἡρακλῆα,tlg0005.tlg001.perseus-grc2.xml
Idylls,tlg001,24,55,"θῆρε δύω χείρεσσιν ἀπρὶξ ἁπαλαῖσιν ἔχοντα,","θῆρε δύω χείρεσσιν ἀπρὶξ ἁπαλαῖσιν ἔχοντα,",tlg0005.tlg001.perseus-grc2.xml
Idylls,tlg001,24,56,συμπλήγδην ἰάχησαν· ὁ δʼ ἐς πατέρʼ Ἀμφιτρύωνα,συμπλήγδην ἰάχησαν· ὁ δ’ ἐς πατέρ’ Ἀμφιτρύωνα,tlg0005.tlg001.perseus-grc2.xml
Idylls,tlg001,24,57,"ἑρπετὰ δεικανάασκεν, ἐπάλλετο δʼ ὑψόθι χαίρων","ἑρπετὰ δεικανάασκεν, ἐπάλλετο δ’ ὑψόθι χαίρων",tlg0005.tlg001.perseus-grc2.xml
Idylls,tlg001,24,58,"κουροσύνᾳ, γελάσας δὲ πάρος κατέθηκε ποδοῖιν","κουροσύνᾳ, γελάσας δὲ πάρος κατέθηκε ποδοῖιν",tlg0005.tlg001.perseus-grc2.xml
Idylls,tlg001,24,59,πατρὸς ἑοῦ θανάτῳ κεκαρωμένα δεινὰ πέλωρα.,πατρὸς ἑοῦ θανάτῳ κεκαρωμένα δεινὰ πέλωρα.,tlg0005.tlg001.perseus-grc2.xml
Idylls,tlg001,24,60,Ἀλκμήνα μὲν ἔπειτα ποτὶ σφέτερον βάλε κόλπον,Ἀλκμήνα μὲν ἔπειτα ποτὶ σφέτερον βάλε κόλπον,tlg0005.tlg001.perseus-grc2.xml
Idylls,tlg001,24,61,ξηρὸν ὑπαὶ δείους ἀκρόχλοον Ἰφικλῆα·,ξηρὸν ὑπαὶ δείους ἀκρόχλοον Ἰφικλῆα·,tlg0005.tlg001.perseus-grc2.xml
Idylls,tlg001,24,62,Ἀμφιτρύων δὲ τὸν ἄλλον ὑπʼ ἀμνείαν θέτο χλαῖναν,Ἀμφιτρύων δὲ τὸν ἄλλον ὑπ’ ἀμνείαν θέτο χλαῖναν,tlg0005.tlg001.perseus-grc2.xml
Idylls,tlg001,24,63,"παῖδα, πάλιν δʼ ἐς λέκτρον ἰὼν ἐμνάσατο κοίτου.","παῖδα, πάλιν δ’ ἐς λέκτρον ἰὼν ἐμνάσατο κοίτου.",tlg0005.tlg001.perseus-grc2.xml
Idylls,tlg001,24,64,ὄρνιθες τρίτον ἄρτι τὸν ἔσχατον ὄρθρον ἄειδον·,ὄρνιθες τρίτον ἄρτι τὸν ἔσχατον ὄρθρον ἄειδον·,tlg0005.tlg001.perseus-grc2.xml
Idylls,tlg001,24,65,Τειρεσίαν τόκα μάντιν ἀλαθέα πάντα λέγοντα,Τειρεσίαν τόκα μάντιν ἀλαθέα πάντα λέγοντα,tlg0005.tlg001.perseus-grc2.xml
Idylls,tlg001,24,66,"Ἀλκμήνα καλέσασα τέρας κατέλεξε νεοχμόν,","Ἀλκμήνα καλέσασα τέρας κατέλεξε νεοχμόν,",tlg0005.tlg001.perseus-grc2.xml
Idylls,tlg001,24,67,"καί νιν ὑποκρίνεσθαι, ὅπως τελέεσθαι ἔμελλεν,","καί νιν ὑποκρίνεσθαι, ὅπως τελέεσθαι ἔμελλεν,",tlg0005.tlg001.perseus-grc2.xml
Idylls,tlg001,24,68,"ἠνώγει. μηδʼ εἴ τι θεοὶ νοέοντι πονηρόν,","ἠνώγει. μηδ’ εἴ τι θεοὶ νοέοντι πονηρόν,",tlg0005.tlg001.perseus-grc2.xml
Idylls,tlg001,24,69,αἰδόμενος σύ με κρύπτε· καὶ ὣς οὐκ ἔστιν ἀλύξαι,αἰδόμενος σύ με κρύπτε· καὶ ὣς οὐκ ἔστιν ἀλύξαι,tlg0005.tlg001.perseus-grc2.xml
Idylls,tlg001,24,70,ἀνθρώποις ὅ τι Μοῖρα κατὰ κλωστῆρος ἐπείγει.,ἀνθρώποις ὅ τι Μοῖρα κατὰ κλωστῆρος ἐπείγει.,tlg0005.tlg001.perseus-grc2.xml
Idylls,tlg001,24,71,ἀλλʼ Εὐηρείδα μάλα σε φρονέοντα διδάσκω.,ἀλλ’ Εὐηρείδα μάλα σε φρονέοντα διδάσκω.,tlg0005.tlg001.perseus-grc2.xml
Idylls,tlg001,24,72,τόσσʼ ἔλεγεν βασίλεια· ὁ δʼ ἀνταμείβετο τοίως·,τόσσ’ ἔλεγεν βασίλεια· ὁ δ’ ἀνταμείβετο τοίως·,tlg0005.tlg001.perseus-grc2.xml
Idylls,tlg001,24,73,"θάρσει ἀριστοτόκεια γύναι, Περσήιον αἷμα.","θάρσει ἀριστοτόκεια γύναι, Περσήιον αἷμα.",tlg0005.tlg001.perseus-grc2.xml
Idylls,tlg001,24,74,θάρσει· μελλόντων δὲ τὸ λώιον ἐν φρεσὶ θέσθαι.,θάρσει· μελλόντων δὲ τὸ λώιον ἐν φρεσὶ θέσθαι.,tlg0005.tlg001.perseus-grc2.xml
Idylls,tlg001,24,75,"ναὶ γὰρ ἐμὸν γλυκὺ φέγγος ἀποιχόμενον πάλαι ὄσσων,","ναὶ γὰρ ἐμὸν γλυκὺ φέγγος ἀποιχόμενον πάλαι ὄσσων,",tlg0005.tlg001.perseus-grc2.xml
Idylls,tlg001,24,76,πολλαὶ Ἀχαιιάδων μαλακὸν περὶ γούνατι νῆμα,πολλαὶ Ἀχαιιάδων μαλακὸν περὶ γούνατι νῆμα,tlg0005.tlg001.perseus-grc2.xml
Idylls,tlg001,24,77,χειρὶ κατατρίψοντι ἀκρέσπερον ἀείδοισαι,χειρὶ κατατρίψοντι ἀκρέσπερον ἀείδοισαι,tlg0005.tlg001.perseus-grc2.xml
Idylls,tlg001,24,78,"Ἀλκμήναν ὀνομαστί, σέβας δʼ ἔσῃ Ἀργείαισι.","Ἀλκμήναν ὀνομαστί, σέβας δ’ ἔσῃ Ἀργείαισι.",tlg0005.tlg001.perseus-grc2.xml
Idylls,tlg001,24,79,τοῖος ἀνὴρ ὅδε μέλλει ἐς οὐρανὸν ἄστρα φέροντα,τοῖος ἀνὴρ ὅδε μέλλει ἐς οὐρανὸν ἄστρα φέροντα,tlg0005.tlg001.perseus-grc2.xml
Idylls,tlg001,24,80,"ἀμβαίνειν τεὸς υἱός, ἀπὸ στέρνων πλατὺς ἥρως,","ἀμβαίνειν τεὸς υἱός, ἀπὸ στέρνων πλατὺς ἥρως,",tlg0005.tlg001.perseus-grc2.xml
Idylls,tlg001,24,81,οὗ καὶ θηρία πάντα καὶ ἀνέρες ἥσσονες ἄλλοι.,οὗ καὶ θηρία πάντα καὶ ἀνέρες ἥσσονες ἄλλοι.,tlg0005.tlg001.perseus-grc2.xml
Idylls,tlg001,24,82,δώδεκά οἱ τελέσαντι πεπρωμένον ἐν Διὸς οἰκεῖν,δώδεκά οἱ τελέσαντι πεπρωμένον ἐν Διὸς οἰκεῖν,tlg0005.tlg001.perseus-grc2.xml
Idylls,tlg001,24,83,"μόχθους, θνητὰ δὲ πάντα πυρὰ Τραχίνιος ἑξεῖ.","μόχθους, θνητὰ δὲ πάντα πυρὰ Τραχίνιος ἑξεῖ.",tlg0005.tlg001.perseus-grc2.xml
Idylls,tlg001,24,84,"γαμβρὸς δʼ ἀθανάτων κεκλήσεται, οἳ τάδʼ ἐπῶρσαν","γαμβρὸς δ’ ἀθανάτων κεκλήσεται, οἳ τάδ’ ἐπῶρσαν",tlg0005.tlg001.perseus-grc2.xml
Idylls,tlg001,24,85,κνώδαλα φωλεύοντα βρέφος διαδηλήσασθαι.,κνώδαλα φωλεύοντα βρέφος διαδηλήσασθαι.,tlg0005.tlg001.perseus-grc2.xml
Idylls,tlg001,24,86,"ἔσται δὴ τοῦτʼ ἆμαρ, ὁπηνίκα νεβρὸν ἐν εὐνᾷ","ἔσται δὴ τοῦτ’ ἆμαρ, ὁπηνίκα νεβρὸν ἐν εὐνᾷ",tlg0005.tlg001.perseus-grc2.xml
Idylls,tlg001,24,87,καρχαρόδων σίνεσθαι ἰδὼν λύκος οὐκ ἐθελήσει.,καρχαρόδων σίνεσθαι ἰδὼν λύκος οὐκ ἐθελήσει.,tlg0005.tlg001.perseus-grc2.xml
Idylls,tlg001,24,88,"ἀλλὰ γύναι πῦρ μέν τοι ὑπὸ σποδῷ εὔτυκον ἔστω,","ἀλλὰ γύναι πῦρ μέν τοι ὑπὸ σποδῷ εὔτυκον ἔστω,",tlg0005.tlg001.perseus-grc2.xml
Idylls,tlg001,24,89,κάγκανα δʼ ἀσπαλάθου ξύλʼ ἑτοιμάσατʼ ἢ παλιούρου,κάγκανα δ’ ἀσπαλάθου ξύλ’ ἑτοιμάσατ’ ἢ παλιούρου,tlg0005.tlg001.perseus-grc2.xml
Idylls,tlg001,24,90,ἢ βάτου ἢ ἀνέμῳ δεδονημένον αὖον ἄχερδον·,ἢ βάτου ἢ ἀνέμῳ δεδονημένον αὖον ἄχερδον·,tlg0005.tlg001.perseus-grc2.xml
Idylls,tlg001,24,91,καῖε δὲ τώδʼ ἀγρίαισιν ἐπὶ σχίζαισι δράκοντε,καῖε δὲ τώδ’ ἀγρίαισιν ἐπὶ σχίζαισι δράκοντε,tlg0005.tlg001.perseus-grc2.xml
Idylls,tlg001,24,92,"νυκτὶ μέσᾳ, ὅκα παῖδα κανεῖν τεὸν ἤθελον αὐτοί.","νυκτὶ μέσᾳ, ὅκα παῖδα κανεῖν τεὸν ἤθελον αὐτοί.",tlg0005.tlg001.perseus-grc2.xml
Idylls,tlg001,24,93,ἦρι δὲ συλλέξασα κόνιν πυρὸς ἀμφιπόλων τις,ἦρι δὲ συλλέξασα κόνιν πυρὸς ἀμφιπόλων τις,tlg0005.tlg001.perseus-grc2.xml
Idylls,tlg001,24,94,ῥιψάτω εὖ μάλα πᾶσαν ὑπὲρ ποταμοῖο φέρουσα,ῥιψάτω εὖ μάλα πᾶσαν ὑπὲρ ποταμοῖο φέρουσα,tlg0005.tlg001.perseus-grc2.xml
Idylls,tlg001,24,95,"ῥωγάδας ἐς πέτρας ὑπερούριον, ἂψ δὲ νέεσθαι","ῥωγάδας ἐς πέτρας ὑπερούριον, ἂψ δὲ νέεσθαι",tlg0005.tlg001.perseus-grc2.xml
Idylls,tlg001,24,96,ἄστρεπτος· καθαρῷ δὲ πυρώσατε δῶμα θεείῳ,ἄστρεπτος· καθαρῷ δὲ πυρώσατε δῶμα θεείῳ,tlg0005.tlg001.perseus-grc2.xml
Idylls,tlg001,24,97,"πρᾶτον, ἔπειτα δʼ ἅλεσσι μεμιγμένον, ὡς νενόμισται,","πρᾶτον, ἔπειτα δ’ ἅλεσσι μεμιγμένον, ὡς νενόμισται,",tlg0005.tlg001.perseus-grc2.xml
Idylls,tlg001,24,98,θαλλῷ ἐπιρραίνειν ἐστεμμένῳ ἀβλαβὲς ὕδωρ·,θαλλῷ ἐπιρραίνειν ἐστεμμένῳ ἀβλαβὲς ὕδωρ·,tlg0005.tlg001.perseus-grc2.xml
Idylls,tlg001,24,99,"Ζηνὶ δʼ ἐπιρρέξαι καθυπερτέρῳ ἄρσενα χοῖρον,","Ζηνὶ δ’ ἐπιρρέξαι καθυπερτέρῳ ἄρσενα χοῖρον,",tlg0005.tlg001.perseus-grc2.xml
Idylls,tlg001,24,100,δυσμενέων αἰεὶ καθυπέρτεροι ὡς τελέθοιτε.,δυσμενέων αἰεὶ καθυπέρτεροι ὡς τελέθοιτε.,tlg0005.tlg001.perseus-grc2.xml
Idylls,tlg001,24,101,"φᾶ, καὶ ἐρωήσας ἐλεφάντινον ᾤχετο δίφρον","φᾶ, καὶ ἐρωήσας ἐλεφάντινον ᾤχετο δίφρον",tlg0005.tlg001.perseus-grc2.xml
Idylls,tlg001,24,102,Τειρεσίας πολλοῖσι βαρύς περ ἐὼν ἐνιαυτοῖς.,Τειρεσίας πολλοῖσι βαρύς περ ἐὼν ἐνιαυτοῖς.,tlg0005.tlg001.perseus-grc2.xml
Idylls,tlg001,24,103,Ἡρακλέης δʼ ὑπὸ ματρὶ νέον φυτὸν ὣς ἐν ἀλωᾷ,Ἡρακλέης δ’ ὑπὸ ματρὶ νέον φυτὸν ὣς ἐν ἀλωᾷ,tlg0005.tlg001.perseus-grc2.xml
Idylls,tlg001,24,104,ἐτρέφετʼ Ἀργείου κεκλημένος Ἀμφιτρύωνος.,ἐτρέφετ’ Ἀργείου κεκλημένος Ἀμφιτρύωνος.,tlg0005.tlg001.perseus-grc2.xml
Idylls,tlg001,24,105,"γράμματα μὲν τὸν παῖδα γέρων Λίνος ἐξεδίδαξεν,","γράμματα μὲν τὸν παῖδα γέρων Λίνος ἐξεδίδαξεν,",tlg0005.tlg001.perseus-grc2.xml
Idylls,tlg001,24,106,"υἱὸς Ἀπόλλωνος μελεδωνεὺς ἄγρυπνος ἥρως,","υἱὸς Ἀπόλλωνος μελεδωνεὺς ἄγρυπνος ἥρως,",tlg0005.tlg001.perseus-grc2.xml
Idylls,tlg001,24,107,τόξον δʼ ἐντανύσαι καὶ ἐπίσκοπον εἶναι ὀϊστῶν,τόξον δ’ ἐντανύσαι καὶ ἐπίσκοπον εἶναι ὀϊστῶν,tlg0005.tlg001.perseus-grc2.xml
Idylls,tlg001,24,108,Εὔρυτος ἐκ πατέρων μεγάλαις ἀφνειὸς ἀρούραις.,Εὔρυτος ἐκ πατέρων μεγάλαις ἀφνειὸς ἀρούραις.,tlg0005.tlg001.perseus-grc2.xml
Idylls,tlg001,24,109,αὐτὰρ ἀοιδὸν ἔθηκε καὶ ἄμφω χεῖρας ἔπλασσε,αὐτὰρ ἀοιδὸν ἔθηκε καὶ ἄμφω χεῖρας ἔπλασσε,tlg0005.tlg001.perseus-grc2.xml
Idylls,tlg001,24,110,πυξίνᾳ ἐν φόρμιγγι Φιλαμμονίδας εὔμολπος.,πυξίνᾳ ἐν φόρμιγγι Φιλαμμονίδας εὔμολπος.,tlg0005.tlg001.perseus-grc2.xml
Idylls,tlg001,24,111,ὅσσα δʼ ἀπὸ σκελέων ἑδροστρόφοι Ἀργόθεν ἄνδρες,ὅσσα δ’ ἀπὸ σκελέων ἑδροστρόφοι Ἀργόθεν ἄνδρες,tlg0005.tlg001.perseus-grc2.xml
Idylls,tlg001,24,112,"ἀλλάλους σφάλλοντι παλαίσμασιν, ὅσσά τε πύκται","ἀλλάλους σφάλλοντι παλαίσμασιν, ὅσσά τε πύκται",tlg0005.tlg001.perseus-grc2.xml
Idylls,tlg001,24,113,"δεινοὶ ἐν ἱμάντεσσιν, ἅ τʼ ἐς γαῖαν προπεσόντες","δεινοὶ ἐν ἱμάντεσσιν, ἅ τ’ ἐς γαῖαν προπεσόντες",tlg0005.tlg001.perseus-grc2.xml
Idylls,tlg001,24,114,"πάμμαχοι ἐξεύροντο σοφίσματα σύμφορα τέχνᾳ,","πάμμαχοι ἐξεύροντο σοφίσματα σύμφορα τέχνᾳ,",tlg0005.tlg001.perseus-grc2.xml
Idylls,tlg001,24,115,πάντʼ ἔμαθʼ Ἑρμείαο διδασκόμενος παρὰ παιδὶ,πάντ’ ἔμαθ’ Ἑρμείαο διδασκόμενος παρὰ παιδὶ,tlg0005.tlg001.perseus-grc2.xml
Idylls,tlg001,24,116,"Ἁρπαλύκῳ Φανοτῆι, τὸν οὐδʼ ἂν τηλόθι λεύσσων","Ἁρπαλύκῳ Φανοτῆι, τὸν οὐδ’ ἂν τηλόθι λεύσσων",tlg0005.tlg001.perseus-grc2.xml
Idylls,tlg001,24,117,θαρσαλέως τις ἔμεινεν ἀεθλεύοντʼ ἐν ἀγῶνι·,θαρσαλέως τις ἔμεινεν ἀεθλεύοντ’ ἐν ἀγῶνι·,tlg0005.tlg001.perseus-grc2.xml
Idylls,tlg001,24,118,τοῖον ἐπισκύνιον βλοσυρῷ ἐπέκειτο προσώπῳ.,τοῖον ἐπισκύνιον βλοσυρῷ ἐπέκειτο προσώπῳ.,tlg0005.tlg001.perseus-grc2.xml
Idylls,tlg001,24,119,"ἵππους δʼ ἐξελάσασθαι ὑφʼ ἅρματι, καὶ περὶ νύσσαν","ἵππους δ’ ἐξελάσασθαι ὑφ’ ἅρματι, καὶ περὶ νύσσαν",tlg0005.tlg001.perseus-grc2.xml
Idylls,tlg001,24,120,"ἀσφαλέως κάμπτοντα τροχῷ σύριγγα φυλάξαι,","ἀσφαλέως κάμπτοντα τροχῷ σύριγγα φυλάξαι,",tlg0005.tlg001.perseus-grc2.xml
Idylls,tlg001,24,121,Ἀμφιτρύων ὃν παῖδα φίλα φρονέων ἐδίδαξεν,Ἀμφιτρύων ὃν παῖδα φίλα φρονέων ἐδίδαξεν,tlg0005.tlg001.perseus-grc2.xml
Idylls,tlg001,24,122,"αὐτός, ἐπεὶ μάλα πολλὰ θοῶν ἐξήρατʼ ἀγώνων","αὐτός, ἐπεὶ μάλα πολλὰ θοῶν ἐξήρατ’ ἀγώνων",tlg0005.tlg001.perseus-grc2.xml
Idylls,tlg001,24,123,"Ἄργει ἐν ἱπποβότῳ κειμήλια, καί οἱ ἀαγεῖς","Ἄργει ἐν ἱπποβότῳ κειμήλια, καί οἱ ἀαγεῖς",tlg0005.tlg001.perseus-grc2.xml
Idylls,tlg001,24,124,"δίφροι, ἐφʼ ὧν ἐπέβαινε, χρόνῳ διέλυσαν ἱμάντας.","δίφροι, ἐφ’ ὧν ἐπέβαινε, χρόνῳ διέλυσαν ἱμάντας.",tlg0005.tlg001.perseus-grc2.xml
Idylls,tlg001,24,125,δούρατι δὲ προβολαίῳ ὑπʼ ἀσπίδι ὦμον ἔχοντα,δούρατι δὲ προβολαίῳ ὑπ’ ἀσπίδι ὦμον ἔχοντα,tlg0005.tlg001.perseus-grc2.xml
Idylls,tlg001,24,126,"ἀνδρὸς ὀρέξασθαι ξιφέων τʼ ἀνέχεσθαι ἀμυχμόν,","ἀνδρὸς ὀρέξασθαι ξιφέων τ’ ἀνέχεσθαι ἀμυχμόν,",tlg0005.tlg001.perseus-grc2.xml
Idylls,tlg001,24,127,κοσμῆσαί τε φάλαγγα λόχον τʼ ἀναμετρήσασθαι,κοσμῆσαί τε φάλαγγα λόχον τ’ ἀναμετρήσασθαι,tlg0005.tlg001.perseus-grc2.xml
Idylls,tlg001,24,128,δυσμενέων ἐπιόντα καὶ ἱππήεσσι κελεῦσαι,δυσμενέων ἐπιόντα καὶ ἱππήεσσι κελεῦσαι,tlg0005.tlg001.perseus-grc2.xml
Idylls,tlg001,24,129,"Κάστωρ Ἱππαλίδας δέδαεν, φυγὰς Ἄργεος ἐνθών,","Κάστωρ Ἱππαλίδας δέδαεν, φυγὰς Ἄργεος ἐνθών,",tlg0005.tlg001.perseus-grc2.xml
Idylls,tlg001,24,130,ὁππόκα κλᾶρον ἅπαντα καὶ οἰνόπεδον μέγα Τυδεὺς,ὁππόκα κλᾶρον ἅπαντα καὶ οἰνόπεδον μέγα Τυδεὺς,tlg0005.tlg001.perseus-grc2.xml
Idylls,tlg001,24,131,ναῖε παρʼ Ἀδρήστοιο λαβὼν ἱππήλατον Ἄργος.,ναῖε παρ’ Ἀδρήστοιο λαβὼν ἱππήλατον Ἄργος.,tlg0005.tlg001.perseus-grc2.xml
Idylls,tlg001,24,132,Κάστορι δʼ οὔτις ὁμοῖος ἐν ἡμιθέοις πολεμιστὴς,Κάστορι δ’ οὔτις ὁμοῖος ἐν ἡμιθέοις πολεμιστὴς,tlg0005.tlg001.perseus-grc2.xml
Idylls,tlg001,24,133,ἄλλος ἔην πρὶν γῆρας ἀποτρῖψαι νεότητα.,ἄλλος ἔην πρὶν γῆρας ἀποτρῖψαι νεότητα.,tlg0005.tlg001.perseus-grc2.xml
Idylls,tlg001,24,134,Ὧδε μὲν Ἡρακλῆα φίλα παιδεύσατο μάτηρ.,Ὧδε μὲν Ἡρακλῆα φίλα παιδεύσατο μάτηρ.,tlg0005.tlg001.perseus-grc2.xml
Idylls,tlg001,24,135,εὐνὰ δʼ ἦς τῷ παιδὶ τετυγμένα ἀγχόθι πατρὸς,εὐνὰ δ’ ἦς τῷ παιδὶ τετυγμένα ἀγχόθι πατρὸς,tlg0005.tlg001.perseus-grc2.xml
Idylls,tlg001,24,136,"δέρμα λεόντειον μάλα οἱ κεχαρισμένον αὐτῷ,","δέρμα λεόντειον μάλα οἱ κεχαρισμένον αὐτῷ,",tlg0005.tlg001.perseus-grc2.xml
Idylls,tlg001,24,137,δεῖπνον δὲ κρέα τʼ ὀπτὰ καὶ ἐν κανέῳ μέγας ἄρτος,δεῖπνον δὲ κρέα τ’ ὀπτὰ καὶ ἐν κανέῳ μέγας ἄρτος,tlg0005.tlg001.perseus-grc2.xml
Idylls,tlg001,24,138,Δωρικός· ἀσφαλέως κε φυτοσκάφον ἄνδρα κορέσσαι.,Δωρικός· ἀσφαλέως κε φυτοσκάφον ἄνδρα κορέσσαι.,tlg0005.tlg001.perseus-grc2.xml
Idylls,tlg001,24,139,αὐτὰρ ἐπʼ ἄματι τυννὸν ἄνευ πυρὸς αἴνυτο δόρπον.,αὐτὰρ ἐπ’ ἄματι τυννὸν ἄνευ πυρὸς αἴνυτο δόρπον.,tlg0005.tlg001.perseus-grc2.xml
Idylls,tlg001,24,140,εἵματα δʼ οὐκ ἀσκητὰ μέσας ὑπὲρ ἕννυτο κνάμας.,εἵματα δ’ οὐκ ἀσκητὰ μέσας ὑπὲρ ἕννυτο κνάμας.,tlg0005.tlg001.perseus-grc2.xml
Idylls,tlg001,25,1,τὸν δʼ ὁ γέρων προσέειπε φυτῶν ἐπίουρος ἀροτρεὺς,τὸν δ’ ὁ γέρων προσέειπε φυτῶν ἐπίουρος ἀροτρεὺς,tlg0005.tlg001.perseus-grc2.xml
Idylls,tlg001,25,2,"παυσάμενος ἔργοιο, τό οἱ μετὰ χερσὶν ἔκειτο·","παυσάμενος ἔργοιο, τό οἱ μετὰ χερσὶν ἔκειτο·",tlg0005.tlg001.perseus-grc2.xml
Idylls,tlg001,25,3,"ἔκ τοι ξεῖνε πρόφρων μυθήσομαι ὅσσʼ ἐρεείνεις,","ἔκ τοι ξεῖνε πρόφρων μυθήσομαι ὅσσ’ ἐρεείνεις,",tlg0005.tlg001.perseus-grc2.xml
Idylls,tlg001,25,4,Ἑρμέω ἁζόμενος δεινὴν ὄπιν εἰνοδίοιο·,Ἑρμέω ἁζόμενος δεινὴν ὄπιν εἰνοδίοιο·,tlg0005.tlg001.perseus-grc2.xml
Idylls,tlg001,25,5,"τὸν γάρ φασι μέγιστον ἐπουρανίων κεχολῶσθαι,","τὸν γάρ φασι μέγιστον ἐπουρανίων κεχολῶσθαι,",tlg0005.tlg001.perseus-grc2.xml
Idylls,tlg001,25,6,εἴ κεν ὁδοῦ ζαχρεῖον ἀνήνηταί τις ὁδίτην.,εἴ κεν ὁδοῦ ζαχρεῖον ἀνήνηταί τις ὁδίτην.,tlg0005.tlg001.perseus-grc2.xml
Idylls,tlg001,25,7,ποῖμναι μὲν βασιλῆος εὔτριχες Αὐγείαο,ποῖμναι μὲν βασιλῆος εὔτριχες Αὐγείαο,tlg0005.tlg001.perseus-grc2.xml
Idylls,tlg001,25,8,οὐ πᾶσαι βόσκονται ἴαν βόσιν οὐδʼ ἕνα χῶρον·,οὐ πᾶσαι βόσκονται ἴαν βόσιν οὐδ’ ἕνα χῶρον·,tlg0005.tlg001.perseus-grc2.xml
Idylls,tlg001,25,9,"ἀλλʼ αἱ μέν ῥα νάοντος ἐπʼ ὄχθαις ἀμφʼ Ἐλισοῦντος,","ἀλλ’ αἱ μέν ῥα νάοντος ἐπ’ ὄχθαις ἀμφ’ Ἐλισοῦντος,",tlg0005.tlg001.perseus-grc2.xml
Idylls,tlg001,25,10,"αἱ δʼ ἱερὸν θείοιο παρὰ ῥόον Ἀλφειοῖο,","αἱ δ’ ἱερὸν θείοιο παρὰ ῥόον Ἀλφειοῖο,",tlg0005.tlg001.perseus-grc2.xml
Idylls,tlg001,25,11,"αἱ δʼ ἐπὶ Βουπρασίου πολυβότρυος, αἱ δὲ καὶ ὧδε.","αἱ δ’ ἐπὶ Βουπρασίου πολυβότρυος, αἱ δὲ καὶ ὧδε.",tlg0005.tlg001.perseus-grc2.xml
Idylls,tlg001,25,12,χωρὶς δὴ σηκοί σφι τετυγμένοι εἰσὶν ἑκάσταις.,χωρὶς δὴ σηκοί σφι τετυγμένοι εἰσὶν ἑκάσταις.,tlg0005.tlg001.perseus-grc2.xml
Idylls,tlg001,25,13,αὐτὰρ βουκολίοισι περιπλήθουσί περ ἔμπης,αὐτὰρ βουκολίοισι περιπλήθουσί περ ἔμπης,tlg0005.tlg001.perseus-grc2.xml
Idylls,tlg001,25,14,"πάντεσσιν νομοὶ ὧδε τεθηλότες αἰὲν ἔασι,","πάντεσσιν νομοὶ ὧδε τεθηλότες αἰὲν ἔασι,",tlg0005.tlg001.perseus-grc2.xml
Idylls,tlg001,25,15,"Μηνίου ἀμμέγα τῖφος, ἐπεὶ πολυειδέα ποίην","Μηνίου ἀμμέγα τῖφος, ἐπεὶ πολυειδέα ποίην",tlg0005.tlg001.perseus-grc2.xml
Idylls,tlg001,25,16,λειμῶνες θαλέθουσιν ὑπόδροσοι εἰαμεναί τε,λειμῶνες θαλέθουσιν ὑπόδροσοι εἰαμεναί τε,tlg0005.tlg001.perseus-grc2.xml
Idylls,tlg001,25,17,"εἰς ἅλις, ἥ ῥα βόεσσι μένος κεραῇσιν ἀέξει.","εἰς ἅλις, ἥ ῥα βόεσσι μένος κεραῇσιν ἀέξει.",tlg0005.tlg001.perseus-grc2.xml
Idylls,tlg001,25,18,αὖλις δέ σφισιν ἥδε τεῆς ἐπὶ δεξιὰ χειρὸς,αὖλις δέ σφισιν ἥδε τεῆς ἐπὶ δεξιὰ χειρὸς,tlg0005.tlg001.perseus-grc2.xml
Idylls,tlg001,25,19,"φαίνεται εὖ μάλα πᾶσα πέρην ποταμοῖο ῥέοντος,","φαίνεται εὖ μάλα πᾶσα πέρην ποταμοῖο ῥέοντος,",tlg0005.tlg001.perseus-grc2.xml
Idylls,tlg001,25,20,"κείνῃ, ὅθι πλατάνιστοι ἐπηεταναὶ πεφύασι","κείνῃ, ὅθι πλατάνιστοι ἐπηεταναὶ πεφύασι",tlg0005.tlg001.perseus-grc2.xml
Idylls,tlg001,25,21,"χλωρή τʼ ἀγριέλαιος, Ἀπόλλωνος νομίοιο","χλωρή τ’ ἀγριέλαιος, Ἀπόλλωνος νομίοιο",tlg0005.tlg001.perseus-grc2.xml
Idylls,tlg001,25,22,"ἱερὸν ἁγνόν, ξεῖνε, τελειοτάτοιο θεοῖο.","ἱερὸν ἁγνόν, ξεῖνε, τελειοτάτοιο θεοῖο.",tlg0005.tlg001.perseus-grc2.xml
Idylls,tlg001,25,23,εὐθὺς δὲ σταθμοὶ περιμήκεες ἀγροιώταις,εὐθὺς δὲ σταθμοὶ περιμήκεες ἀγροιώταις,tlg0005.tlg001.perseus-grc2.xml
Idylls,tlg001,25,24,"δέδμηνθʼ, οἳ βασιλῆι πολὺν καὶ ἀθέσφατον ὄλβον","δέδμηνθ’, οἳ βασιλῆι πολὺν καὶ ἀθέσφατον ὄλβον",tlg0005.tlg001.perseus-grc2.xml
Idylls,tlg001,25,25,"ῥυόμεθʼ ἐνδυκέως, τριπόλοις σπόρον ἐν νειοῖσιν","ῥυόμεθ’ ἐνδυκέως, τριπόλοις σπόρον ἐν νειοῖσιν",tlg0005.tlg001.perseus-grc2.xml
Idylls,tlg001,25,26,ἔσθʼ ὅτε βάλλοντες καὶ τετραπόλοισιν ὁμοίως.,ἔσθ’ ὅτε βάλλοντες καὶ τετραπόλοισιν ὁμοίως.,tlg0005.tlg001.perseus-grc2.xml
Idylls,tlg001,25,27,"οὔρους μὴν ἴσασι φυτοσκάφοι οἱ πολύεργοι,","οὔρους μὴν ἴσασι φυτοσκάφοι οἱ πολύεργοι,",tlg0005.tlg001.perseus-grc2.xml
Idylls,tlg001,25,28,"ἐς ληνοὺς δʼ ἱκνεῦνται, ἐπὴν θέρος ὥριον ἔλθῃ.","ἐς ληνοὺς δ’ ἱκνεῦνται, ἐπὴν θέρος ὥριον ἔλθῃ.",tlg0005.tlg001.perseus-grc2.xml
Idylls,tlg001,25,29,"πᾶν γὰρ δὴ πεδίον τόδʼ ἐπίφρονος Αὐγείαο,","πᾶν γὰρ δὴ πεδίον τόδ’ ἐπίφρονος Αὐγείαο,",tlg0005.tlg001.perseus-grc2.xml
Idylls,tlg001,25,30,"πυροφόροι τε γύαι καὶ ἀλωαὶ δενδρήεσσαι,","πυροφόροι τε γύαι καὶ ἀλωαὶ δενδρήεσσαι,",tlg0005.tlg001.perseus-grc2.xml
Idylls,tlg001,25,31,"μέχρις ἐπʼ ἐσχατιὰς πολυπίδακος ἀκρωρείης,","μέχρις ἐπ’ ἐσχατιὰς πολυπίδακος ἀκρωρείης,",tlg0005.tlg001.perseus-grc2.xml
Idylls,tlg001,25,32,"ἃς ἡμεῖς ἔργοισιν ἐποιχόμεθα πρόπαν ἦμαρ,","ἃς ἡμεῖς ἔργοισιν ἐποιχόμεθα πρόπαν ἦμαρ,",tlg0005.tlg001.perseus-grc2.xml
Idylls,tlg001,25,33,"ἣ δίκη οἰκήων, οἷσιν βίος ἔπλετʼ ἐπʼ ἀγροῦ.","ἣ δίκη οἰκήων, οἷσιν βίος ἔπλετ’ ἐπ’ ἀγροῦ.",tlg0005.tlg001.perseus-grc2.xml
Idylls,tlg001,25,34,"ἀλλὰ σύ πέρ μοι ἔνισπε, τό τοι καὶ κέρδιον αὐτῷ","ἀλλὰ σύ πέρ μοι ἔνισπε, τό τοι καὶ κέρδιον αὐτῷ",tlg0005.tlg001.perseus-grc2.xml
Idylls,tlg001,25,35,"ἔσσεται, οὗτινος ὧδε κεχρημένος εἰλήλουθας,","ἔσσεται, οὗτινος ὧδε κεχρημένος εἰλήλουθας,",tlg0005.tlg001.perseus-grc2.xml
Idylls,tlg001,25,36,ἠὲ σύγʼ Αὐγείην ἢ καὶ δμώων τινὰ κείνου,ἠὲ σύγ’ Αὐγείην ἢ καὶ δμώων τινὰ κείνου,tlg0005.tlg001.perseus-grc2.xml
Idylls,tlg001,25,37,"δίζεαι, οἵ οἱ ἔασιν. ἐγὼ δέ κέ τοι σάφα εἰδὼς","δίζεαι, οἵ οἱ ἔασιν. ἐγὼ δέ κέ τοι σάφα εἰδὼς",tlg0005.tlg001.perseus-grc2.xml
Idylls,tlg001,25,38,"ἀτρεκέως εἴποιμʼ, ἐπεὶ οὐ σέγε φημὶ κακῶν ἒξ","ἀτρεκέως εἴποιμ’, ἐπεὶ οὐ σέγε φημὶ κακῶν ἒξ",tlg0005.tlg001.perseus-grc2.xml
Idylls,tlg001,25,39,"ἔμμεναι οὐδὲ κακοῖσιν ἐοικότα φύμεναι αὐτόν,","ἔμμεναι οὐδὲ κακοῖσιν ἐοικότα φύμεναι αὐτόν,",tlg0005.tlg001.perseus-grc2.xml
Idylls,tlg001,25,40,οἷόν τοι μέγα εἶδος ἐπιπρέπει. ἦ ῥά νυ παῖδες,οἷόν τοι μέγα εἶδος ἐπιπρέπει. ἦ ῥά νυ παῖδες,tlg0005.tlg001.perseus-grc2.xml
Idylls,tlg001,25,41,ἀθανάτων τοιοίδε μετὰ θνητοῖσιν ἔασι.,ἀθανάτων τοιοίδε μετὰ θνητοῖσιν ἔασι.,tlg0005.tlg001.perseus-grc2.xml
Idylls,tlg001,25,42,τὸν δʼ ἀπαμειβόμενος προσέφη Διὸς ἄλκιμος υἱός.,τὸν δ’ ἀπαμειβόμενος προσέφη Διὸς ἄλκιμος υἱός.,tlg0005.tlg001.perseus-grc2.xml
Idylls,tlg001,25,43,ναὶ γέρον Αὐγείην ἐθέλοιμί κεν ἀρχὸν Ἐπειῶν,ναὶ γέρον Αὐγείην ἐθέλοιμί κεν ἀρχὸν Ἐπειῶν,tlg0005.tlg001.perseus-grc2.xml
Idylls,tlg001,25,44,εἰσιδέειν· τοῦ γάρ με καὶ ἤγαγεν ἐνθάδε χρειώ.,εἰσιδέειν· τοῦ γάρ με καὶ ἤγαγεν ἐνθάδε χρειώ.,tlg0005.tlg001.perseus-grc2.xml
Idylls,tlg001,25,45,εἰ δʼ ὁ μὲν ἂρ κατὰ ἄστυ μένει παρὰ οἷσι πολίταις,εἰ δ’ ὁ μὲν ἂρ κατὰ ἄστυ μένει παρὰ οἷσι πολίταις,tlg0005.tlg001.perseus-grc2.xml
Idylls,tlg001,25,46,"δήμου κηδόμενος, διὰ δὲ κρίνουσι θέμιστας,","δήμου κηδόμενος, διὰ δὲ κρίνουσι θέμιστας,",tlg0005.tlg001.perseus-grc2.xml
Idylls,tlg001,25,47,"δμώων δή τινα πρέσβυ σύ μοι φράσον ἡγεμονεύσας,","δμώων δή τινα πρέσβυ σύ μοι φράσον ἡγεμονεύσας,",tlg0005.tlg001.perseus-grc2.xml
Idylls,tlg001,25,48,"ὅστις ἐπʼ ἀγρῶν τῶνδε γεραίτερος αἰσυμνήτης,","ὅστις ἐπ’ ἀγρῶν τῶνδε γεραίτερος αἰσυμνήτης,",tlg0005.tlg001.perseus-grc2.xml
Idylls,tlg001,25,49,"ᾧ κε τὸ μὲν εἴποιμι, τὸ δʼ ἐκ φαμένοιο πυθοίμην.","ᾧ κε τὸ μὲν εἴποιμι, τὸ δ’ ἐκ φαμένοιο πυθοίμην.",tlg0005.tlg001.perseus-grc2.xml
Idylls,tlg001,25,50,ἄλλου δʼ ἄλλον ἔθηκε θεὸς ἐπιδευέα φωτῶν.,ἄλλου δ’ ἄλλον ἔθηκε θεὸς ἐπιδευέα φωτῶν.,tlg0005.tlg001.perseus-grc2.xml
Idylls,tlg001,25,51,τὸν δʼ ὁ γέρων ἐξαῦτις ἀμείβετο δῖος ἀροτρεύς·,τὸν δ’ ὁ γέρων ἐξαῦτις ἀμείβετο δῖος ἀροτρεύς·,tlg0005.tlg001.perseus-grc2.xml
Idylls,tlg001,25,52,"Ἀθανάτων ὦ ξεῖνε φραδῇ τινος ἐνθάδʼ ἱκάνεις,","Ἀθανάτων ὦ ξεῖνε φραδῇ τινος ἐνθάδ’ ἱκάνεις,",tlg0005.tlg001.perseus-grc2.xml
Idylls,tlg001,25,53,ὥς τοι πᾶν ὃ θέλεις αἶψα χρέος ἐκτετέλεσται.,ὥς τοι πᾶν ὃ θέλεις αἶψα χρέος ἐκτετέλεσται.,tlg0005.tlg001.perseus-grc2.xml
Idylls,tlg001,25,54,"ὧδε γὰρ Αὐγείης, υἱὸς φίλος Ἠελίοιο,","ὧδε γὰρ Αὐγείης, υἱὸς φίλος Ἠελίοιο,",tlg0005.tlg001.perseus-grc2.xml
Idylls,tlg001,25,55,"σφωιτέρῳ σὺν παιδί, βίῃ Φυλῆος ἀγαυοῦ,","σφωιτέρῳ σὺν παιδί, βίῃ Φυλῆος ἀγαυοῦ,",tlg0005.tlg001.perseus-grc2.xml
Idylls,tlg001,25,56,"χθιζός γʼ εἰλήλουθεν ἀπʼ ἄστεος, ἤμασι πολλοῖς","χθιζός γ’ εἰλήλουθεν ἀπ’ ἄστεος, ἤμασι πολλοῖς",tlg0005.tlg001.perseus-grc2.xml
Idylls,tlg001,25,57,"κτῆσιν ἐποψόμενος, ἥ οἱ νήριθμος ἐπʼ ἀγρῶν·","κτῆσιν ἐποψόμενος, ἥ οἱ νήριθμος ἐπ’ ἀγρῶν·",tlg0005.tlg001.perseus-grc2.xml
Idylls,tlg001,25,58,ὥς που καὶ βασιλεῦσιν ἐείδεται ἐν φρεσὶν ᾗσιν,ὥς που καὶ βασιλεῦσιν ἐείδεται ἐν φρεσὶν ᾗσιν,tlg0005.tlg001.perseus-grc2.xml
Idylls,tlg001,25,59,αὐτοῖς κηδομένοισι σαώτερος ἔμμεναι οἶκος.,αὐτοῖς κηδομένοισι σαώτερος ἔμμεναι οἶκος.,tlg0005.tlg001.perseus-grc2.xml
Idylls,tlg001,25,60,ἀλλʼ ἴομεν μάλα πρός μιν· ἐγὼ δέ τοι ἡγεμονεύσω,ἀλλ’ ἴομεν μάλα πρός μιν· ἐγὼ δέ τοι ἡγεμονεύσω,tlg0005.tlg001.perseus-grc2.xml
Idylls,tlg001,25,61,"αὖλιν ἐφʼ ἡμετέρην, ἵνα κεν τέτμοιμεν ἄνακτα.","αὖλιν ἐφ’ ἡμετέρην, ἵνα κεν τέτμοιμεν ἄνακτα.",tlg0005.tlg001.perseus-grc2.xml
Idylls,tlg001,25,62,"Ὣς εἰπὼν ἡγεῖτο, νόῳ δʼ ἔτι πόλλʼ ἐμενοίνα,","Ὣς εἰπὼν ἡγεῖτο, νόῳ δ’ ἔτι πόλλ’ ἐμενοίνα,",tlg0005.tlg001.perseus-grc2.xml
Idylls,tlg001,25,63,"δέρμά τε θηρὸς ὁρῶν χειροπληθῆ τε κορύνην,","δέρμά τε θηρὸς ὁρῶν χειροπληθῆ τε κορύνην,",tlg0005.tlg001.perseus-grc2.xml
Idylls,tlg001,25,64,ὁππόθεν ὁ ξεῖνος· μέμονεν δέ μιν αἰὲν ἔρεσθαι·,ὁππόθεν ὁ ξεῖνος· μέμονεν δέ μιν αἰὲν ἔρεσθαι·,tlg0005.tlg001.perseus-grc2.xml
Idylls,tlg001,25,65,"ἂψ δʼ ὄκνῳ ποτὶ χεῖλος ἐλάμβανε μῦθον ἰόντα,","ἂψ δ’ ὄκνῳ ποτὶ χεῖλος ἐλάμβανε μῦθον ἰόντα,",tlg0005.tlg001.perseus-grc2.xml
Idylls,tlg001,25,66,"μή τί οἱ οὐ κατὰ καιρὸν ἔπος προτιμυθήσαιτο,","μή τί οἱ οὐ κατὰ καιρὸν ἔπος προτιμυθήσαιτο,",tlg0005.tlg001.perseus-grc2.xml
Idylls,tlg001,25,67,σπερχομένου· χαλεπὸν δʼ ἑτέρου νόον ἴδμεναι ἀνδρός.,σπερχομένου· χαλεπὸν δ’ ἑτέρου νόον ἴδμεναι ἀνδρός.,tlg0005.tlg001.perseus-grc2.xml
Idylls,tlg001,25,68,"τοὺς δὲ κύνες προσιόντας ἀπόπροθεν αἶψʼ ἐνόησαν,","τοὺς δὲ κύνες προσιόντας ἀπόπροθεν αἶψ’ ἐνόησαν,",tlg0005.tlg001.perseus-grc2.xml
Idylls,tlg001,25,69,ἀμφότερον ὀσμῇ τε χροὸς δούπῳ τε ποδοῖιν.,ἀμφότερον ὀσμῇ τε χροὸς δούπῳ τε ποδοῖιν.,tlg0005.tlg001.perseus-grc2.xml
Idylls,tlg001,25,70,θεσπέσιον δʼ ὑλάοντες ἐπέδραμον ἄλλοθεν ἄλλος,θεσπέσιον δ’ ὑλάοντες ἐπέδραμον ἄλλοθεν ἄλλος,tlg0005.tlg001.perseus-grc2.xml
Idylls,tlg001,25,71,Ἀμφιτρυωνιάδῃ Ἡρακλέι· τὸν δὲ γέροντα,Ἀμφιτρυωνιάδῃ Ἡρακλέι· τὸν δὲ γέροντα,tlg0005.tlg001.perseus-grc2.xml
Idylls,tlg001,25,72,ἀχρεῖον κλάζοντε περίσσαινον ἑτέρωθεν.,ἀχρεῖον κλάζοντε περίσσαινον ἑτέρωθεν.,tlg0005.tlg001.perseus-grc2.xml
Idylls,tlg001,25,73,τοὺς μὲν ὅγε λάεσσιν ἀπὸ χθόνος ὅσσον ἀείρων,τοὺς μὲν ὅγε λάεσσιν ἀπὸ χθόνος ὅσσον ἀείρων,tlg0005.tlg001.perseus-grc2.xml
Idylls,tlg001,25,74,"φευγέμεν ἂψ ὀπίσω δειδίσσετο, τρηχὺ δὲ φωνῇ","φευγέμεν ἂψ ὀπίσω δειδίσσετο, τρηχὺ δὲ φωνῇ",tlg0005.tlg001.perseus-grc2.xml
Idylls,tlg001,25,75,"ἠπείλει μάλα πᾶσιν, ἐρητύσασκε δʼ ὑλαγμοῦ,","ἠπείλει μάλα πᾶσιν, ἐρητύσασκε δ’ ὑλαγμοῦ,",tlg0005.tlg001.perseus-grc2.xml
Idylls,tlg001,25,76,"χαίρων ἐν φρεσὶν ᾗσιν, ὁθούνεκεν αὖλιν ἔρυντο","χαίρων ἐν φρεσὶν ᾗσιν, ὁθούνεκεν αὖλιν ἔρυντο",tlg0005.tlg001.perseus-grc2.xml
Idylls,tlg001,25,77,αὐτοῦ γʼ οὐ παρεόντος· ἔπος δʼ ὅγε τοῖον ἔειπεν·,αὐτοῦ γ’ οὐ παρεόντος· ἔπος δ’ ὅγε τοῖον ἔειπεν·,tlg0005.tlg001.perseus-grc2.xml
Idylls,tlg001,25,78,"Ὢ πόποι, οἷον τοῦτο θεοὶ ποίησαν ἄνακτες","Ὢ πόποι, οἷον τοῦτο θεοὶ ποίησαν ἄνακτες",tlg0005.tlg001.perseus-grc2.xml
Idylls,tlg001,25,79,"θηρίον ἀνθρώποισι μετέμμεναι, ὡς ἐπιμηθές.","θηρίον ἀνθρώποισι μετέμμεναι, ὡς ἐπιμηθές.",tlg0005.tlg001.perseus-grc2.xml
Idylls,tlg001,25,80,"εἴ οἱ καὶ φρένες ὧδε νοήμονες ἔνδοθεν ἦσαν,","εἴ οἱ καὶ φρένες ὧδε νοήμονες ἔνδοθεν ἦσαν,",tlg0005.tlg001.perseus-grc2.xml
Idylls,tlg001,25,81,"ᾔδει δʼ, ᾧ τε χρὴ χαλεπαινέμεν ᾧ τε καὶ οὐκί,","ᾔδει δ’, ᾧ τε χρὴ χαλεπαινέμεν ᾧ τε καὶ οὐκί,",tlg0005.tlg001.perseus-grc2.xml
Idylls,tlg001,25,82,οὐκ ἄν οἱ θηρῶν τις ἐδήρισεν περὶ τιμῆς·,οὐκ ἄν οἱ θηρῶν τις ἐδήρισεν περὶ τιμῆς·,tlg0005.tlg001.perseus-grc2.xml
Idylls,tlg001,25,83,νῦν δὲ λίην ζάκοτόν τε καὶ ἀρρηνὲς γένετʼ αὔτως.,νῦν δὲ λίην ζάκοτόν τε καὶ ἀρρηνὲς γένετ’ αὔτως.,tlg0005.tlg001.perseus-grc2.xml
Idylls,tlg001,25,84,"Ἦ ῥα, καὶ ἐσσυμένως ποτὶ ταὐλίον ἷξον ἰόντες.","Ἦ ῥα, καὶ ἐσσυμένως ποτὶ ταὐλίον ἷξον ἰόντες.",tlg0005.tlg001.perseus-grc2.xml
Idylls,tlg001,25,85,Ἠέλιος μὲν ἔπειτα ποτὶ ζόφον ἔτραπεν ἵππους,Ἠέλιος μὲν ἔπειτα ποτὶ ζόφον ἔτραπεν ἵππους,tlg0005.tlg001.perseus-grc2.xml
Idylls,tlg001,25,86,δείελον ἦμαρ ἄγων· τὰ δʼ ἐπήλυθε πίονα μῆλα,δείελον ἦμαρ ἄγων· τὰ δ’ ἐπήλυθε πίονα μῆλα,tlg0005.tlg001.perseus-grc2.xml
Idylls,tlg001,25,87,ἐκ βοτάνης ἀνιόντα μετʼ αὐλία τε σηκούς τε.,ἐκ βοτάνης ἀνιόντα μετ’ αὐλία τε σηκούς τε.,tlg0005.tlg001.perseus-grc2.xml
Idylls,tlg001,25,88,αὐτὰρ ἔπειτα βόες μάλα μυρίαι ἄλλαι ἐπʼ ἄλλαις,αὐτὰρ ἔπειτα βόες μάλα μυρίαι ἄλλαι ἐπ’ ἄλλαις,tlg0005.tlg001.perseus-grc2.xml
Idylls,tlg001,25,89,"ἐρχόμεναι φαίνονθʼ ὡσεὶ νέφη ὑδατόεντα,","ἐρχόμεναι φαίνονθ’ ὡσεὶ νέφη ὑδατόεντα,",tlg0005.tlg001.perseus-grc2.xml
Idylls,tlg001,25,90,ἅσσά τʼ ἐν οὐρανῷ εἶσιν ἐλαυνόμενα προτέρωσε,ἅσσά τ’ ἐν οὐρανῷ εἶσιν ἐλαυνόμενα προτέρωσε,tlg0005.tlg001.perseus-grc2.xml
Idylls,tlg001,25,91,ἠὲ νότοιο βίῃ ἠὲ Θρῃκὸς βορέαο·,ἠὲ νότοιο βίῃ ἠὲ Θρῃκὸς βορέαο·,tlg0005.tlg001.perseus-grc2.xml
Idylls,tlg001,25,92,"τῶν μέν τʼ οὔτις ἀριθμὸς ἐν ἠέρι γίνετʼ ἰόντων,","τῶν μέν τ’ οὔτις ἀριθμὸς ἐν ἠέρι γίνετ’ ἰόντων,",tlg0005.tlg001.perseus-grc2.xml
Idylls,tlg001,25,93,οὐδʼ ἄνυσις· τόσα γάρ τε μετὰ προτέροισι κυλίνδει,οὐδ’ ἄνυσις· τόσα γάρ τε μετὰ προτέροισι κυλίνδει,tlg0005.tlg001.perseus-grc2.xml
Idylls,tlg001,25,94,"ἲς ἀνέμου, τὰ δέ τʼ ἄλλα κορύσσεται αὖτις ἐπʼ ἄλλοις·","ἲς ἀνέμου, τὰ δέ τ’ ἄλλα κορύσσεται αὖτις ἐπ’ ἄλλοις·",tlg0005.tlg001.perseus-grc2.xml
Idylls,tlg001,25,95,τόσσʼ αἰεὶ μετόπισθε βοῶν ἐπὶ βουκόλιʼ ᾔει.,τόσσ’ αἰεὶ μετόπισθε βοῶν ἐπὶ βουκόλι’ ᾔει.,tlg0005.tlg001.perseus-grc2.xml
Idylls,tlg001,25,96,"πᾶν δʼ ἄρʼ ἐνεπλήσθη πεδίον, πᾶσαι δὲ κέλευθοι","πᾶν δ’ ἄρ’ ἐνεπλήσθη πεδίον, πᾶσαι δὲ κέλευθοι",tlg0005.tlg001.perseus-grc2.xml
Idylls,tlg001,25,97,"ληίδος ἐρχομένης στείνοντο δὲ πίονες ἀγροί,","ληίδος ἐρχομένης στείνοντο δὲ πίονες ἀγροί,",tlg0005.tlg001.perseus-grc2.xml
Idylls,tlg001,25,98,μυκηθμῷ· σηκοὶ δὲ βοῶν ῥεῖα πλήσθησαν,μυκηθμῷ· σηκοὶ δὲ βοῶν ῥεῖα πλήσθησαν,tlg0005.tlg001.perseus-grc2.xml
Idylls,tlg001,25,99,"εἰλιπόδων, ὄιες δὲ κατʼ αὐλὰς ηὐλίζοντο.","εἰλιπόδων, ὄιες δὲ κατ’ αὐλὰς ηὐλίζοντο.",tlg0005.tlg001.perseus-grc2.xml
Idylls,tlg001,25,100,ἔνθα μὲν οὔτις ἕκηλος ἀπειρεσίων περ ἐόντων,ἔνθα μὲν οὔτις ἕκηλος ἀπειρεσίων περ ἐόντων,tlg0005.tlg001.perseus-grc2.xml
Idylls,tlg001,25,101,εἱστήκει παρὰ βουσὶν ἀνὴρ κεχρημένος ἔργου·,εἱστήκει παρὰ βουσὶν ἀνὴρ κεχρημένος ἔργου·,tlg0005.tlg001.perseus-grc2.xml
Idylls,tlg001,25,102,ἀλλʼ ὁ μὲν ἀμφὶ πόδεσσιν ἐυτμήτοισιν ἱμᾶσι,ἀλλ’ ὁ μὲν ἀμφὶ πόδεσσιν ἐυτμήτοισιν ἱμᾶσι,tlg0005.tlg001.perseus-grc2.xml
Idylls,tlg001,25,103,κωλοπέδας ἀράρισκε περισταδὸν ἐγγὺς ἀμέλγειν·,κωλοπέδας ἀράρισκε περισταδὸν ἐγγὺς ἀμέλγειν·,tlg0005.tlg001.perseus-grc2.xml
Idylls,tlg001,25,104,ἄλλος δʼ αὖ φίλα τέκνα φίλαις ὑπὸ μητράσιν ἵει,ἄλλος δ’ αὖ φίλα τέκνα φίλαις ὑπὸ μητράσιν ἵει,tlg0005.tlg001.perseus-grc2.xml
Idylls,tlg001,25,105,"πινέμεναι λιαροῖο μεμαότα πάγχυ γάλακτος,","πινέμεναι λιαροῖο μεμαότα πάγχυ γάλακτος,",tlg0005.tlg001.perseus-grc2.xml
Idylls,tlg001,25,106,"ἄλλος ἀμόλγιον εἶχʼ, ἄλλος τρέφε πίονα τυρόν,","ἄλλος ἀμόλγιον εἶχ’, ἄλλος τρέφε πίονα τυρόν,",tlg0005.tlg001.perseus-grc2.xml
Idylls,tlg001,25,107,ἄλλος ἐσῆγεν ἔσω ταύρους δίχα θηλειάων.,ἄλλος ἐσῆγεν ἔσω ταύρους δίχα θηλειάων.,tlg0005.tlg001.perseus-grc2.xml
Idylls,tlg001,25,108,Αὐγείης δʼ ἐπὶ πάντας ἰὼν θηεῖτο βοαύλους,Αὐγείης δ’ ἐπὶ πάντας ἰὼν θηεῖτο βοαύλους,tlg0005.tlg001.perseus-grc2.xml
Idylls,tlg001,25,109,"ἥντινά οἱ κτεάνων κομιδὴν ἐτίθεντο νομῆες,","ἥντινά οἱ κτεάνων κομιδὴν ἐτίθεντο νομῆες,",tlg0005.tlg001.perseus-grc2.xml
Idylls,tlg001,25,110,σὺν δʼ υἱός τε βίη τε βαρύφρονος Ἡρακλῆος,σὺν δ’ υἱός τε βίη τε βαρύφρονος Ἡρακλῆος,tlg0005.tlg001.perseus-grc2.xml
Idylls,tlg001,25,111,ὡμάρτευν βασιλῆι διερχομένῳ μέγαν ὄλβον.,ὡμάρτευν βασιλῆι διερχομένῳ μέγαν ὄλβον.,tlg0005.tlg001.perseus-grc2.xml
Idylls,tlg001,25,112,ἔνθα καὶ ἄρρηκτόν περ ἔχων ἐν στήθεσι θυμὸν,ἔνθα καὶ ἄρρηκτόν περ ἔχων ἐν στήθεσι θυμὸν,tlg0005.tlg001.perseus-grc2.xml
Idylls,tlg001,25,113,Ἀμφιτρυωνιάδης καὶ ἀρηρότα νωλεμὲς αἰεὶ,Ἀμφιτρυωνιάδης καὶ ἀρηρότα νωλεμὲς αἰεὶ,tlg0005.tlg001.perseus-grc2.xml
Idylls,tlg001,25,114,ἐκπάγλως θαύμαζε θεῶν τόγε μυρίον ἕδνον,ἐκπάγλως θαύμαζε θεῶν τόγε μυρίον ἕδνον,tlg0005.tlg001.perseus-grc2.xml
Idylls,tlg001,25,115,εἰσορόων. οὐ γάρ κεν ἔφασκέ τις οὐδὲ ἐώλπει,εἰσορόων. οὐ γάρ κεν ἔφασκέ τις οὐδὲ ἐώλπει,tlg0005.tlg001.perseus-grc2.xml
Idylls,tlg001,25,116,"ἀνδρὸς ληίδʼ ἑνὸς τόσσην ἔμεν οὐδὲ δέκʼ ἄλλων,","ἀνδρὸς ληίδ’ ἑνὸς τόσσην ἔμεν οὐδὲ δέκ’ ἄλλων,",tlg0005.tlg001.perseus-grc2.xml
Idylls,tlg001,25,117,οἵτε πολύρρηνες πάντων ἔσαν ἐκ βασιλήων.,οἵτε πολύρρηνες πάντων ἔσαν ἐκ βασιλήων.,tlg0005.tlg001.perseus-grc2.xml
Idylls,tlg001,25,118,"Ἠέλιος δʼ ᾧ παιδὶ τόγʼ ἔξοχον ὤπασε δῶρον,","Ἠέλιος δ’ ᾧ παιδὶ τόγ’ ἔξοχον ὤπασε δῶρον,",tlg0005.tlg001.perseus-grc2.xml
Idylls,tlg001,25,119,"ἀφνειὸν μήλοις περὶ πάντων ἔμμεναι ἀνδρῶν,","ἀφνειὸν μήλοις περὶ πάντων ἔμμεναι ἀνδρῶν,",tlg0005.tlg001.perseus-grc2.xml
Idylls,tlg001,25,120,καί ῥά οἱ αὐτὸς ὄφελλε διαμπερέως βοτὰ πάντα,καί ῥά οἱ αὐτὸς ὄφελλε διαμπερέως βοτὰ πάντα,tlg0005.tlg001.perseus-grc2.xml
Idylls,tlg001,25,121,ἐς τέλος· οὐ μὲν γάρ τις ἐπήλυθε νοῦσος ἐκείνου,ἐς τέλος· οὐ μὲν γάρ τις ἐπήλυθε νοῦσος ἐκείνου,tlg0005.tlg001.perseus-grc2.xml
Idylls,tlg001,25,122,"βουκολίοις, αἵτʼ ἔργα καταφθείρουσι νομήων,","βουκολίοις, αἵτ’ ἔργα καταφθείρουσι νομήων,",tlg0005.tlg001.perseus-grc2.xml
Idylls,tlg001,25,123,"αἰεὶ δὲ πλέονες κερααὶ βόες, αἰὲν ἀμείνους","αἰεὶ δὲ πλέονες κερααὶ βόες, αἰὲν ἀμείνους",tlg0005.tlg001.perseus-grc2.xml
Idylls,tlg001,25,124,ἐξ ἔτεος γίνοντο μάλʼ εἰς ἔτος· ἦ γὰρ ἅπασαι,ἐξ ἔτεος γίνοντο μάλ’ εἰς ἔτος· ἦ γὰρ ἅπασαι,tlg0005.tlg001.perseus-grc2.xml
Idylls,tlg001,25,125,ζωοτόκοι τʼ ἦσαν περιώσια θηλυτόκοι τε.,ζωοτόκοι τ’ ἦσαν περιώσια θηλυτόκοι τε.,tlg0005.tlg001.perseus-grc2.xml
Idylls,tlg001,25,126,ταῖς δὲ τριηκόσιοι ταῦροι συνάμʼ ἐστιχόωντο,ταῖς δὲ τριηκόσιοι ταῦροι συνάμ’ ἐστιχόωντο,tlg0005.tlg001.perseus-grc2.xml
Idylls,tlg001,25,127,"κνήμαργοί θʼ ἕλικές τε, διηκόσιοί γε μὲν ἄλλοι","κνήμαργοί θ’ ἕλικές τε, διηκόσιοί γε μὲν ἄλλοι",tlg0005.tlg001.perseus-grc2.xml
Idylls,tlg001,25,128,φοίνικες· πάντες δʼ ἐπιβήτορες οἵγʼ ἔσαν ἤδη.,φοίνικες· πάντες δ’ ἐπιβήτορες οἵγ’ ἔσαν ἤδη.,tlg0005.tlg001.perseus-grc2.xml
Idylls,tlg001,25,129,ἄλλοι δʼ αὖ μετὰ τοῖσι δυώδεκα βουκολέοντο,ἄλλοι δ’ αὖ μετὰ τοῖσι δυώδεκα βουκολέοντο,tlg0005.tlg001.perseus-grc2.xml
Idylls,tlg001,25,130,ἱεροὶ Ἠελίοιο· χρόην δʼ ἔσαν ἠύτε κύκνοι,ἱεροὶ Ἠελίοιο· χρόην δ’ ἔσαν ἠύτε κύκνοι,tlg0005.tlg001.perseus-grc2.xml
Idylls,tlg001,25,131,"ἀργησταί, πᾶσιν δὲ μετέπρεπον εἰλιπόδεσσιν","ἀργησταί, πᾶσιν δὲ μετέπρεπον εἰλιπόδεσσιν",tlg0005.tlg001.perseus-grc2.xml
Idylls,tlg001,25,132,οἳ καὶ ἀτιμαγέλαι βόσκοντʼ ἐριθηλέα ποίην,οἳ καὶ ἀτιμαγέλαι βόσκοντ’ ἐριθηλέα ποίην,tlg0005.tlg001.perseus-grc2.xml
Idylls,tlg001,25,133,ἐν νομῷ· ὧδʼ ἔκπαγλον ἐπὶ σφίσι γαυριόωντο.,ἐν νομῷ· ὧδ’ ἔκπαγλον ἐπὶ σφίσι γαυριόωντο.,tlg0005.tlg001.perseus-grc2.xml
Idylls,tlg001,25,134,καί ῥʼ ὁπότʼ ἐκ λασίοιο θοοὶ προγενοίατο θῆρες,καί ῥ’ ὁπότ’ ἐκ λασίοιο θοοὶ προγενοίατο θῆρες,tlg0005.tlg001.perseus-grc2.xml
Idylls,tlg001,25,135,"ἐς πεδίον δρυμοῖο βοῶν ἕνεκʼ ἀγροτεράων,","ἐς πεδίον δρυμοῖο βοῶν ἕνεκ’ ἀγροτεράων,",tlg0005.tlg001.perseus-grc2.xml
Idylls,tlg001,25,136,"πρῶτοι τοίγε μάχηνδε κατὰ χροὸς ᾔεσαν ὀσμήν,","πρῶτοι τοίγε μάχηνδε κατὰ χροὸς ᾔεσαν ὀσμήν,",tlg0005.tlg001.perseus-grc2.xml
Idylls,tlg001,25,137,δεινὸν δʼ ἐβρυχῶντο φόνον λεύσσοντε προσώπῳ.,δεινὸν δ’ ἐβρυχῶντο φόνον λεύσσοντε προσώπῳ.,tlg0005.tlg001.perseus-grc2.xml
Idylls,tlg001,25,138,τῶν μέν τε προφέρεσκε βίηφί τε καὶ σφένεϊ ᾧ,τῶν μέν τε προφέρεσκε βίηφί τε καὶ σφένεϊ ᾧ,tlg0005.tlg001.perseus-grc2.xml
Idylls,tlg001,25,139,"ἠδʼ ὑπεροπλίῃ Φαέθων μέγας, ὅν ῥα βοτῆρες","ἠδ’ ὑπεροπλίῃ Φαέθων μέγας, ὅν ῥα βοτῆρες",tlg0005.tlg001.perseus-grc2.xml
Idylls,tlg001,25,140,"ἀστέρι πάντες ἔισκον, ὁθούνεκα πολλὸν ἐν ἄλλοις","ἀστέρι πάντες ἔισκον, ὁθούνεκα πολλὸν ἐν ἄλλοις",tlg0005.tlg001.perseus-grc2.xml
Idylls,tlg001,25,141,"βουσὶν ἰὼν λάμπεσκεν, ἀρίζηλος δʼ ἐτέτυκτο.","βουσὶν ἰὼν λάμπεσκεν, ἀρίζηλος δ’ ἐτέτυκτο.",tlg0005.tlg001.perseus-grc2.xml
Idylls,tlg001,25,142,ὃς δή τοι σκύλος αὖον ἰδὼν χαροποῖο λέοντος,ὃς δή τοι σκύλος αὖον ἰδὼν χαροποῖο λέοντος,tlg0005.tlg001.perseus-grc2.xml
Idylls,tlg001,25,143,αὐτῷ ἔπειτʼ ἐπόρουσεν ἐυσκόπῳ Ἡρακλῆι,αὐτῷ ἔπειτ’ ἐπόρουσεν ἐυσκόπῳ Ἡρακλῆι,tlg0005.tlg001.perseus-grc2.xml
Idylls,tlg001,25,144,χρίμψασθαι ποτὶ πλευρὰ κάρη στιβαρόν τε μέτωπον.,χρίμψασθαι ποτὶ πλευρὰ κάρη στιβαρόν τε μέτωπον.,tlg0005.tlg001.perseus-grc2.xml
Idylls,tlg001,25,145,τοῦ μὲν ἄναξ προσιόντος ἐδράξατο χειρὶ παχείῃ,τοῦ μὲν ἄναξ προσιόντος ἐδράξατο χειρὶ παχείῃ,tlg0005.tlg001.perseus-grc2.xml
Idylls,tlg001,25,146,"σκαιοῦ ἄφαρ κέραος, κατὰ δʼ αὐχένα νέρθʼ ἐπὶ γαίης","σκαιοῦ ἄφαρ κέραος, κατὰ δ’ αὐχένα νέρθ’ ἐπὶ γαίης",tlg0005.tlg001.perseus-grc2.xml
Idylls,tlg001,25,147,"κλάσσε βαρύν περ ἐόντα, πάλιν δέ μιν ὦσεν ὀπίσσω","κλάσσε βαρύν περ ἐόντα, πάλιν δέ μιν ὦσεν ὀπίσσω",tlg0005.tlg001.perseus-grc2.xml
Idylls,tlg001,25,148,ὤμῳ ἐπιβρίσας· ὁ δέ οἱ περὶ νεῦρα τανυσθεὶς,ὤμῳ ἐπιβρίσας· ὁ δέ οἱ περὶ νεῦρα τανυσθεὶς,tlg0005.tlg001.perseus-grc2.xml
Idylls,tlg001,25,149,μυὼν ἐξ ὑπάτοιο βραχίονος ὀρθὸς ἀνέστη.,μυὼν ἐξ ὑπάτοιο βραχίονος ὀρθὸς ἀνέστη.,tlg0005.tlg001.perseus-grc2.xml
Idylls,tlg001,25,150,θαύμαζεν δʼ αὐτός τε ἄναξ υἱός τε δαΐφρων,θαύμαζεν δ’ αὐτός τε ἄναξ υἱός τε δαΐφρων,tlg0005.tlg001.perseus-grc2.xml
Idylls,tlg001,25,151,"Φυλεὺς οἵ τʼ ἐπὶ βουσὶ κορωνίσι βουκόλοι ἄνδρες,","Φυλεὺς οἵ τ’ ἐπὶ βουσὶ κορωνίσι βουκόλοι ἄνδρες,",tlg0005.tlg001.perseus-grc2.xml
Idylls,tlg001,25,152,Ἀμφιτρυωνιάδαο βίην ὑπέροπλον ἰδόντες.,Ἀμφιτρυωνιάδαο βίην ὑπέροπλον ἰδόντες.,tlg0005.tlg001.perseus-grc2.xml
Idylls,tlg001,25,153,τὼ δʼ εἰς ἄστυ λιπόντε καταυτόθι πίονας ἀγροὺς,τὼ δ’ εἰς ἄστυ λιπόντε καταυτόθι πίονας ἀγροὺς,tlg0005.tlg001.perseus-grc2.xml
Idylls,tlg001,25,154,"ἐστιχέτην, Φυλεύς τε βίη θʼ Ἡρακληείη.","ἐστιχέτην, Φυλεύς τε βίη θ’ Ἡρακληείη.",tlg0005.tlg001.perseus-grc2.xml
Idylls,tlg001,25,155,"λαοφόρου δʼ ἐπέβησαν ὅθι πρώτιστα κελεύθου,","λαοφόρου δ’ ἐπέβησαν ὅθι πρώτιστα κελεύθου,",tlg0005.tlg001.perseus-grc2.xml
Idylls,tlg001,25,156,"λεπτὴν καρπαλίμοισι τρίβον ποσὶν ἐξανύσαντες,","λεπτὴν καρπαλίμοισι τρίβον ποσὶν ἐξανύσαντες,",tlg0005.tlg001.perseus-grc2.xml
Idylls,tlg001,25,157,ἥ ῥα διʼ ἀμπελεῶνος ἀπὸ σταθμῶν τετάνυστο,ἥ ῥα δι’ ἀμπελεῶνος ἀπὸ σταθμῶν τετάνυστο,tlg0005.tlg001.perseus-grc2.xml
Idylls,tlg001,25,158,"οὔτι λίην ἀρίσημος ἐν ὕλῃ χλωρὰ θέουσα,","οὔτι λίην ἀρίσημος ἐν ὕλῃ χλωρὰ θέουσα,",tlg0005.tlg001.perseus-grc2.xml
Idylls,tlg001,25,159,τῇ μιν ἄρα προσέειπε Διὸς γόνον ὑψίστοιο,τῇ μιν ἄρα προσέειπε Διὸς γόνον ὑψίστοιο,tlg0005.tlg001.perseus-grc2.xml
Idylls,tlg001,25,160,"Αὐγείω φίλος υἱὸς ἕθεν μετόπισθεν ἰόντα,","Αὐγείω φίλος υἱὸς ἕθεν μετόπισθεν ἰόντα,",tlg0005.tlg001.perseus-grc2.xml
Idylls,tlg001,25,161,ἦκα παρακλίνας κεφαλὴν κατὰ δεξιὸν ὦμον·,ἦκα παρακλίνας κεφαλὴν κατὰ δεξιὸν ὦμον·,tlg0005.tlg001.perseus-grc2.xml
Idylls,tlg001,25,162,"ξεῖνε, πάλαι τινὰ πάγχυ σέθεν πέρι μῦθον ἀκούσας","ξεῖνε, πάλαι τινὰ πάγχυ σέθεν πέρι μῦθον ἀκούσας",tlg0005.tlg001.perseus-grc2.xml
Idylls,tlg001,25,163,ὡσεί περ σφετέρῃσιν ἐνὶ φρεσὶ βάλλομαι ἄρτι.,ὡσεί περ σφετέρῃσιν ἐνὶ φρεσὶ βάλλομαι ἄρτι.,tlg0005.tlg001.perseus-grc2.xml
Idylls,tlg001,25,164,ἤλυθε γὰρ στείχων τις ἀπʼ Ἄργεος ὡς μέσος ἀκμῆς,ἤλυθε γὰρ στείχων τις ἀπ’ Ἄργεος ὡς μέσος ἀκμῆς,tlg0005.tlg001.perseus-grc2.xml
Idylls,tlg001,25,165,ἐνθάδʼ Ἀχαιὸς ἀνὴρ Ἑλίκης ἐξ ἀγχιάλοιο·,ἐνθάδ’ Ἀχαιὸς ἀνὴρ Ἑλίκης ἐξ ἀγχιάλοιο·,tlg0005.tlg001.perseus-grc2.xml
Idylls,tlg001,25,166,"ὃς δή τοι μυθεῖτο καὶ ἐν πλεόνεσσιν Ἐπειῶν,","ὃς δή τοι μυθεῖτο καὶ ἐν πλεόνεσσιν Ἐπειῶν,",tlg0005.tlg001.perseus-grc2.xml
Idylls,tlg001,25,167,οὕνεκεν Ἀργείων τις ἕθεν παρεόντος ὄλεσσε,οὕνεκεν Ἀργείων τις ἕθεν παρεόντος ὄλεσσε,tlg0005.tlg001.perseus-grc2.xml
Idylls,tlg001,25,168,"θηρίον, αἰνολέοντα, κακὸν τέρας ἀγροιώταις,","θηρίον, αἰνολέοντα, κακὸν τέρας ἀγροιώταις,",tlg0005.tlg001.perseus-grc2.xml
Idylls,tlg001,25,169,"κοίλην αὖλιν ἔχοντα Διὸς Νεμέοιο παρʼ ἄλσος,","κοίλην αὖλιν ἔχοντα Διὸς Νεμέοιο παρ’ ἄλσος,",tlg0005.tlg001.perseus-grc2.xml
Idylls,tlg001,25,170,οὐκ οἶδʼ ἀτρεκέως ἢ Ἄργεος ἐξ ἱεροῖο,οὐκ οἶδ’ ἀτρεκέως ἢ Ἄργεος ἐξ ἱεροῖο,tlg0005.tlg001.perseus-grc2.xml
Idylls,tlg001,25,171,αὐτόθεν ἢ Τίρυνθα νέμων πόλιν ἠὲ Μυκήνην.,αὐτόθεν ἢ Τίρυνθα νέμων πόλιν ἠὲ Μυκήνην.,tlg0005.tlg001.perseus-grc2.xml
Idylls,tlg001,25,172,"ὣς κεῖνος ἀγόρευε· γένος δέ μιν εἶναι ἔφασκεν,","ὣς κεῖνος ἀγόρευε· γένος δέ μιν εἶναι ἔφασκεν,",tlg0005.tlg001.perseus-grc2.xml
Idylls,tlg001,25,173,"εἰ ἐτεόν περ ἐγὼ μιμνήσκομαι, ἐκ Περσῆος.","εἰ ἐτεόν περ ἐγὼ μιμνήσκομαι, ἐκ Περσῆος.",tlg0005.tlg001.perseus-grc2.xml
Idylls,tlg001,25,174,ἔλπομαι οὐχ ἕτερον τόδε τλήμεναι Αἰγιαλήων,ἔλπομαι οὐχ ἕτερον τόδε τλήμεναι Αἰγιαλήων,tlg0005.tlg001.perseus-grc2.xml
Idylls,tlg001,25,175,ἠὲ σέ· δέρμα δὲ θηρὸς ἀριφραδέως ἀγορεύει,ἠὲ σέ· δέρμα δὲ θηρὸς ἀριφραδέως ἀγορεύει,tlg0005.tlg001.perseus-grc2.xml
Idylls,tlg001,25,176,"χειρῶν καρτερὸν ἔργον, ὅ τοι περὶ πλευρὰ καλύπτει.","χειρῶν καρτερὸν ἔργον, ὅ τοι περὶ πλευρὰ καλύπτει.",tlg0005.tlg001.perseus-grc2.xml
Idylls,tlg001,25,177,"εἴπʼ ἄγε νῦν μοι πρῶτον, ἵνα γνώω κατὰ θυμόν,","εἴπ’ ἄγε νῦν μοι πρῶτον, ἵνα γνώω κατὰ θυμόν,",tlg0005.tlg001.perseus-grc2.xml
Idylls,tlg001,25,178,"ἥρως, εἴτʼ ἐτύμως μαντεύομαι εἴτε καὶ οὐκί,","ἥρως, εἴτ’ ἐτύμως μαντεύομαι εἴτε καὶ οὐκί,",tlg0005.tlg001.perseus-grc2.xml
Idylls,tlg001,25,179,"εἰ σύγʼ ἐκεῖνος, ὃν ἧμιν ἀκουόντεσσιν ἔειπεν","εἰ σύγ’ ἐκεῖνος, ὃν ἧμιν ἀκουόντεσσιν ἔειπεν",tlg0005.tlg001.perseus-grc2.xml
Idylls,tlg001,25,180,"οὑξ Ἑλίκηθεν Ἀχαιός, ἐγὼ δέ σε φράζομαι ὀρθῶς.","οὑξ Ἑλίκηθεν Ἀχαιός, ἐγὼ δέ σε φράζομαι ὀρθῶς.",tlg0005.tlg001.perseus-grc2.xml
Idylls,tlg001,25,181,"εἰπὲ δʼ ὅπως ὀλοὸν τόδε θηρίον αὐτὸς ἔπεφνες,","εἰπὲ δ’ ὅπως ὀλοὸν τόδε θηρίον αὐτὸς ἔπεφνες,",tlg0005.tlg001.perseus-grc2.xml
Idylls,tlg001,25,182,ὅππως τʼ εὔυδρον Νεμέης εἰσήλυθε χῶρον·,ὅππως τ’ εὔυδρον Νεμέης εἰσήλυθε χῶρον·,tlg0005.tlg001.perseus-grc2.xml
Idylls,tlg001,25,183,οὐ μὲν γάρ κε τοσόνδε κατʼ Ἀπίδα κνώδαλον εὕροις,οὐ μὲν γάρ κε τοσόνδε κατ’ Ἀπίδα κνώδαλον εὕροις,tlg0005.tlg001.perseus-grc2.xml
Idylls,tlg001,25,184,"ἱμείρων ἰδέειν, ἐπεὶ οὐ μάλα τηλίκα βόσκει,","ἱμείρων ἰδέειν, ἐπεὶ οὐ μάλα τηλίκα βόσκει,",tlg0005.tlg001.perseus-grc2.xml
Idylls,tlg001,25,185,ἀλλʼ ἄρκτους τε σύας τε λύκων τʼ ὀλοφώιον ἔρνος.,ἀλλ’ ἄρκτους τε σύας τε λύκων τ’ ὀλοφώιον ἔρνος.,tlg0005.tlg001.perseus-grc2.xml
Idylls,tlg001,25,186,τῷ καὶ θαυμάζεσκον ἀκούοντες τότε μῦθον·,τῷ καὶ θαυμάζεσκον ἀκούοντες τότε μῦθον·,tlg0005.tlg001.perseus-grc2.xml
Idylls,tlg001,25,187,οἱ δέ νυ καὶ ψεύδεσθαι ὁδοιπόρον ἀνέρʼ ἔφαντο,οἱ δέ νυ καὶ ψεύδεσθαι ὁδοιπόρον ἀνέρ’ ἔφαντο,tlg0005.tlg001.perseus-grc2.xml
Idylls,tlg001,25,188,γλώσσης μαψιδίοιο χαριζόμενον παρεοῦσιν.,γλώσσης μαψιδίοιο χαριζόμενον παρεοῦσιν.,tlg0005.tlg001.perseus-grc2.xml
Idylls,tlg001,25,189,Ὣς εἰπὼν μέσσης ἐξηρώησε κελεύθου,Ὣς εἰπὼν μέσσης ἐξηρώησε κελεύθου,tlg0005.tlg001.perseus-grc2.xml
Idylls,tlg001,25,190,"Φυλεύς, ὄφρα κιοῦσιν ἅμα σφίσιν ἄρκιος εἴη,","Φυλεύς, ὄφρα κιοῦσιν ἅμα σφίσιν ἄρκιος εἴη,",tlg0005.tlg001.perseus-grc2.xml
Idylls,tlg001,25,191,"καί ῥά τε ῥηίτερον φαμένου κλύοι Ἡρακλῆος,","καί ῥά τε ῥηίτερον φαμένου κλύοι Ἡρακλῆος,",tlg0005.tlg001.perseus-grc2.xml
Idylls,tlg001,25,192,ὅς μιν ὁμαρτήσας τοίῳ προσελέξατο μύθῳ·,ὅς μιν ὁμαρτήσας τοίῳ προσελέξατο μύθῳ·,tlg0005.tlg001.perseus-grc2.xml
Idylls,tlg001,25,193,"Ὦ Αὐγηιάδη, τὸ μὲν ὅττί με πρῶτον ἀνήρευ,","Ὦ Αὐγηιάδη, τὸ μὲν ὅττί με πρῶτον ἀνήρευ,",tlg0005.tlg001.perseus-grc2.xml
Idylls,tlg001,25,194,αὐτὸς καὶ μάλα ῥεῖα κατὰ στάθμην ἐνόησας.,αὐτὸς καὶ μάλα ῥεῖα κατὰ στάθμην ἐνόησας.,tlg0005.tlg001.perseus-grc2.xml
Idylls,tlg001,25,195,ἀμφὶ δέ σοι τὰ ἕκαστα λέγοιμί κε τοῦδε πελώρου,ἀμφὶ δέ σοι τὰ ἕκαστα λέγοιμί κε τοῦδε πελώρου,tlg0005.tlg001.perseus-grc2.xml
Idylls,tlg001,25,196,"ὅππως ἐκράανθεν, ἐπεὶ λελίησαι ἀκούειν,","ὅππως ἐκράανθεν, ἐπεὶ λελίησαι ἀκούειν,",tlg0005.tlg001.perseus-grc2.xml
Idylls,tlg001,25,197,νόσφίν γʼ ἢ ὅθεν ἦλθε· τὸ γὰρ πολέων περ ἐόντων,νόσφίν γ’ ἢ ὅθεν ἦλθε· τὸ γὰρ πολέων περ ἐόντων,tlg0005.tlg001.perseus-grc2.xml
Idylls,tlg001,25,198,Ἀργείων οὐδείς κεν ἔχοι σάφα μυθήσασθαι·,Ἀργείων οὐδείς κεν ἔχοι σάφα μυθήσασθαι·,tlg0005.tlg001.perseus-grc2.xml
Idylls,tlg001,25,199,οἶον δʼ ἀθανάτων τίνʼ ἐίσκομεν ἀνδράσι πῆμα,οἶον δ’ ἀθανάτων τίν’ ἐίσκομεν ἀνδράσι πῆμα,tlg0005.tlg001.perseus-grc2.xml
Idylls,tlg001,25,200,ἱρῶν μηνίσαντα Φορωνείδῃσιν ἐφεῖναι.,ἱρῶν μηνίσαντα Φορωνείδῃσιν ἐφεῖναι.,tlg0005.tlg001.perseus-grc2.xml
Idylls,tlg001,25,201,πάντας γὰρ πισῆας ἐπικλύζων ποταμὸς ὣς,πάντας γὰρ πισῆας ἐπικλύζων ποταμὸς ὣς,tlg0005.tlg001.perseus-grc2.xml
Idylls,tlg001,25,202,"λῖς ἄμοτον κεράιζε, μάλιστα δὲ Βεμβιναίους,","λῖς ἄμοτον κεράιζε, μάλιστα δὲ Βεμβιναίους,",tlg0005.tlg001.perseus-grc2.xml
Idylls,tlg001,25,203,οἵ ἑθεν ἀγχόμοροι ναῖον πασχόντες ἄτλητα.,οἵ ἑθεν ἀγχόμοροι ναῖον πασχόντες ἄτλητα.,tlg0005.tlg001.perseus-grc2.xml
Idylls,tlg001,25,204,τὸν μὲν ἐμοὶ πρώτιστα τελεῖν ἐπέταξεν ἄεθλον,τὸν μὲν ἐμοὶ πρώτιστα τελεῖν ἐπέταξεν ἄεθλον,tlg0005.tlg001.perseus-grc2.xml
Idylls,tlg001,25,205,"Εὐρυσθεύς, κτεῖναι δέ μʼ ἐφίετο θηρίον αἰνόν.","Εὐρυσθεύς, κτεῖναι δέ μ’ ἐφίετο θηρίον αἰνόν.",tlg0005.tlg001.perseus-grc2.xml
Idylls,tlg001,25,206,αὐτὰρ ἐγὼ κέρας ὑγρὸν ἑλὼν κοίλην τε φαρέτρην,αὐτὰρ ἐγὼ κέρας ὑγρὸν ἑλὼν κοίλην τε φαρέτρην,tlg0005.tlg001.perseus-grc2.xml
Idylls,tlg001,25,207,"ἰῶν ἐμπλείην νεόμην, ἑτέρηφι δὲ βάκτρον","ἰῶν ἐμπλείην νεόμην, ἑτέρηφι δὲ βάκτρον",tlg0005.tlg001.perseus-grc2.xml
Idylls,tlg001,25,208,εὐπαγὲς αὐτόφλοιον ἐπηρεφέος κοτίνοιο,εὐπαγὲς αὐτόφλοιον ἐπηρεφέος κοτίνοιο,tlg0005.tlg001.perseus-grc2.xml
Idylls,tlg001,25,209,"ἔμμητρον, τὸ μὲν αὐτὸς ὑπὸ ζαθέῳ Ἑλικῶνι","ἔμμητρον, τὸ μὲν αὐτὸς ὑπὸ ζαθέῳ Ἑλικῶνι",tlg0005.tlg001.perseus-grc2.xml
Idylls,tlg001,25,210,εὑρὼν σὺν πυκινῇσιν ὁλοσχερὲς ἔσπασα ῥίζαις.,εὑρὼν σὺν πυκινῇσιν ὁλοσχερὲς ἔσπασα ῥίζαις.,tlg0005.tlg001.perseus-grc2.xml
Idylls,tlg001,25,211,"αὐτὰρ ἐπεὶ τὸν χῶρον, ὅθι λῖς ἦεν, ἵκανον,","αὐτὰρ ἐπεὶ τὸν χῶρον, ὅθι λῖς ἦεν, ἵκανον,",tlg0005.tlg001.perseus-grc2.xml
Idylls,tlg001,25,212,δὴ τότε τόξον ἑλὼν στρεπτὴν ἐπέλασσα κορώνῃ,δὴ τότε τόξον ἑλὼν στρεπτὴν ἐπέλασσα κορώνῃ,tlg0005.tlg001.perseus-grc2.xml
Idylls,tlg001,25,213,"νευρειήν, περὶ δʼ ἰὸν ἐχέστονον εἶθαρ ἔβησα.","νευρειήν, περὶ δ’ ἰὸν ἐχέστονον εἶθαρ ἔβησα.",tlg0005.tlg001.perseus-grc2.xml
Idylls,tlg001,25,214,"πάντῃ δʼ ὄσσε φέρων ὀλοὸν τέρας ἐσκοπίαζον,","πάντῃ δ’ ὄσσε φέρων ὀλοὸν τέρας ἐσκοπίαζον,",tlg0005.tlg001.perseus-grc2.xml
Idylls,tlg001,25,215,"εἴ μιν ἐσαθρήσαιμι, πάρος γʼ ἐμὲ κεῖνον ἰδέσθαι.","εἴ μιν ἐσαθρήσαιμι, πάρος γ’ ἐμὲ κεῖνον ἰδέσθαι.",tlg0005.tlg001.perseus-grc2.xml
Idylls,tlg001,25,216,"ἤματος ἦν τὸ μεσηγύ, καὶ οὐδέ πῃ ἴχνια τοῖο","ἤματος ἦν τὸ μεσηγύ, καὶ οὐδέ πῃ ἴχνια τοῖο",tlg0005.tlg001.perseus-grc2.xml
Idylls,tlg001,25,217,φρασθῆναι δυνάμην οὐδʼ ὠρυγμοῖο πυθέσθαι.,φρασθῆναι δυνάμην οὐδ’ ὠρυγμοῖο πυθέσθαι.,tlg0005.tlg001.perseus-grc2.xml
Idylls,tlg001,25,218,οὐδὲ μὲν ἀνθρώπων τις ἔην ἐπὶ βουσὶ καὶ ἔργοις,οὐδὲ μὲν ἀνθρώπων τις ἔην ἐπὶ βουσὶ καὶ ἔργοις,tlg0005.tlg001.perseus-grc2.xml
Idylls,tlg001,25,219,"φαινόμενος σπορίμοιο διʼ αὔλακος, ὅντινʼ ἐροίμην·","φαινόμενος σπορίμοιο δι’ αὔλακος, ὅντιν’ ἐροίμην·",tlg0005.tlg001.perseus-grc2.xml
Idylls,tlg001,25,220,ἀλλὰ κατὰ σταθμοὺς χλωρὸν δέος εἶχεν ἕκαστον.,ἀλλὰ κατὰ σταθμοὺς χλωρὸν δέος εἶχεν ἕκαστον.,tlg0005.tlg001.perseus-grc2.xml
Idylls,tlg001,25,221,"οὐ μὴν πρὶν πόδας ἔσχον ὄρος τανύφυλλον ἐρευνῶν,","οὐ μὴν πρὶν πόδας ἔσχον ὄρος τανύφυλλον ἐρευνῶν,",tlg0005.tlg001.perseus-grc2.xml
Idylls,tlg001,25,222,πρὶν ἰδέειν ἀλκῆς τε παραυτίκα πειρηθῆναι.,πρὶν ἰδέειν ἀλκῆς τε παραυτίκα πειρηθῆναι.,tlg0005.tlg001.perseus-grc2.xml
Idylls,tlg001,25,223,"ἤτοι ὁ μὲν σήραγγα προδείελος ἔστιχεν εἰς ἥν,","ἤτοι ὁ μὲν σήραγγα προδείελος ἔστιχεν εἰς ἥν,",tlg0005.tlg001.perseus-grc2.xml
Idylls,tlg001,25,224,"βεβρωκὼς κρειῶν τε καὶ αἵματος, ἀμφὶ δὲ χαίτας","βεβρωκὼς κρειῶν τε καὶ αἵματος, ἀμφὶ δὲ χαίτας",tlg0005.tlg001.perseus-grc2.xml
Idylls,tlg001,25,225,αὐχμηρὰς πεπάλακτο φόνῳ χαροπόν τε πρόσωπον,αὐχμηρὰς πεπάλακτο φόνῳ χαροπόν τε πρόσωπον,tlg0005.tlg001.perseus-grc2.xml
Idylls,tlg001,25,226,"στήθεά τε, γλώσσῃ δὲ περιλιχμᾶτο γένειον.","στήθεά τε, γλώσσῃ δὲ περιλιχμᾶτο γένειον.",tlg0005.tlg001.perseus-grc2.xml
Idylls,tlg001,25,227,αὐτὰρ ἐγὼ θάμνοισιν ἄφαρ σκιεροῖσιν ἐκρύφθην,αὐτὰρ ἐγὼ θάμνοισιν ἄφαρ σκιεροῖσιν ἐκρύφθην,tlg0005.tlg001.perseus-grc2.xml
Idylls,tlg001,25,228,"ἐν ῥίῳ ὑλήεντι δεδεγμένος ὁππόθʼ ἵκοιτο,","ἐν ῥίῳ ὑλήεντι δεδεγμένος ὁππόθ’ ἵκοιτο,",tlg0005.tlg001.perseus-grc2.xml
Idylls,tlg001,25,229,καὶ βάλον ἆσσον ἰόντος ἀριστερὸν ἐς κενεῶνα,καὶ βάλον ἆσσον ἰόντος ἀριστερὸν ἐς κενεῶνα,tlg0005.tlg001.perseus-grc2.xml
Idylls,tlg001,25,230,τηϋσίως· οὐ γάρ τι βέλος διὰ σαρκὸς ὄλισθεν,τηϋσίως· οὐ γάρ τι βέλος διὰ σαρκὸς ὄλισθεν,tlg0005.tlg001.perseus-grc2.xml
Idylls,tlg001,25,231,"ὀκριόεν, χλωρῇ δὲ παλίσσυτον ἔμπεσε ποίῃ.","ὀκριόεν, χλωρῇ δὲ παλίσσυτον ἔμπεσε ποίῃ.",tlg0005.tlg001.perseus-grc2.xml
Idylls,tlg001,25,232,αὐτὰρ ὁ κρᾶτα δαφοινὸν ἀπὸ χθονὸς ὦκʼ ἐπάειρε,αὐτὰρ ὁ κρᾶτα δαφοινὸν ἀπὸ χθονὸς ὦκ’ ἐπάειρε,tlg0005.tlg001.perseus-grc2.xml
Idylls,tlg001,25,233,"θαμβήσας, πάντῃ δὲ διέδρακεν ὀφθαλμοῖσι","θαμβήσας, πάντῃ δὲ διέδρακεν ὀφθαλμοῖσι",tlg0005.tlg001.perseus-grc2.xml
Idylls,tlg001,25,234,"σκεπτόμενος, λαμυροὺς δὲ χανὼν ὑπʼ ὀδόντας ἔφηνε.","σκεπτόμενος, λαμυροὺς δὲ χανὼν ὑπ’ ὀδόντας ἔφηνε.",tlg0005.tlg001.perseus-grc2.xml
Idylls,tlg001,25,235,τῷ δʼ ἐγὼ ἄλλον ὀιστὸν ἀπὸ νευρῆς προΐαλλον,τῷ δ’ ἐγὼ ἄλλον ὀιστὸν ἀπὸ νευρῆς προΐαλλον,tlg0005.tlg001.perseus-grc2.xml
Idylls,tlg001,25,236,"ἀσχαλόων, ὅ μοι ὁ πρὶν ἐτώσιος ἔκφυγε χειρός·","ἀσχαλόων, ὅ μοι ὁ πρὶν ἐτώσιος ἔκφυγε χειρός·",tlg0005.tlg001.perseus-grc2.xml
Idylls,tlg001,25,237,"μεσσηγὺς δʼ ἔβαλον στηθέων, ὅθι πνεύμονος ἕδρη.","μεσσηγὺς δ’ ἔβαλον στηθέων, ὅθι πνεύμονος ἕδρη.",tlg0005.tlg001.perseus-grc2.xml
Idylls,tlg001,25,238,"ἀλλʼ οὐδʼ ὣς ὑπὸ βύρσαν ἔδυ πολυώδυνος ἰός,","ἀλλ’ οὐδ’ ὣς ὑπὸ βύρσαν ἔδυ πολυώδυνος ἰός,",tlg0005.tlg001.perseus-grc2.xml
Idylls,tlg001,25,239,ἀλλʼ ἔπεσε προπάροιθε ποδῶν ἀνεμώλιος αὔτως.,ἀλλ’ ἔπεσε προπάροιθε ποδῶν ἀνεμώλιος αὔτως.,tlg0005.tlg001.perseus-grc2.xml
Idylls,tlg001,25,240,τὸ τρίτον αὖ μέλλεσκον ἀσώμενος ἐν φρεσὶν αἰνῶς,τὸ τρίτον αὖ μέλλεσκον ἀσώμενος ἐν φρεσὶν αἰνῶς,tlg0005.tlg001.perseus-grc2.xml
Idylls,tlg001,25,241,αὐερύειν· ὁ δέ μʼ εἶδε περιγληνώμενος ὄσσοις,αὐερύειν· ὁ δέ μ’ εἶδε περιγληνώμενος ὄσσοις,tlg0005.tlg001.perseus-grc2.xml
Idylls,tlg001,25,242,"θὴρ ἄμοτος, μακρὴν δὲ περʼ ἰγνύῃσιν ἕλιξε","θὴρ ἄμοτος, μακρὴν δὲ περ’ ἰγνύῃσιν ἕλιξε",tlg0005.tlg001.perseus-grc2.xml
Idylls,tlg001,25,243,"κέρκον, ἄφαρ δὲ μάχης ἐμνήσατο· πᾶς δέ οἱ αὐχὴν","κέρκον, ἄφαρ δὲ μάχης ἐμνήσατο· πᾶς δέ οἱ αὐχὴν",tlg0005.tlg001.perseus-grc2.xml
Idylls,tlg001,25,244,"θυμοῦ ἐνεπλήσθη, πυρσαὶ δʼ ἔφριξαν ἔθειραι","θυμοῦ ἐνεπλήσθη, πυρσαὶ δ’ ἔφριξαν ἔθειραι",tlg0005.tlg001.perseus-grc2.xml
Idylls,tlg001,25,245,"σκυζομένῳ, κυρτὴ δὲ ῥάχις γένετʼ ἠύτε τόξον,","σκυζομένῳ, κυρτὴ δὲ ῥάχις γένετ’ ἠύτε τόξον,",tlg0005.tlg001.perseus-grc2.xml
Idylls,tlg001,25,246,πάντοθεν εἰληθέντος ὑπὸ λαγόνας τε καὶ ἰξύν.,πάντοθεν εἰληθέντος ὑπὸ λαγόνας τε καὶ ἰξύν.,tlg0005.tlg001.perseus-grc2.xml
Idylls,tlg001,25,247,ὡς δʼ ὅτʼ ἂν ἁρματοπηγὸς ἀνὴρ πολέων ἴδρις ἔργων,ὡς δ’ ὅτ’ ἂν ἁρματοπηγὸς ἀνὴρ πολέων ἴδρις ἔργων,tlg0005.tlg001.perseus-grc2.xml
Idylls,tlg001,25,248,"ὄρπηκας κάμπτῃσιν ἐρινεοῦ εὐκεάτοιο,","ὄρπηκας κάμπτῃσιν ἐρινεοῦ εὐκεάτοιο,",tlg0005.tlg001.perseus-grc2.xml
Idylls,tlg001,25,249,"θάλψας ἐν πυρὶ πρῶτον, ἐπαξονίῳ κύκλα δίφρῳ·","θάλψας ἐν πυρὶ πρῶτον, ἐπαξονίῳ κύκλα δίφρῳ·",tlg0005.tlg001.perseus-grc2.xml
Idylls,tlg001,25,250,τοῦ μὲν ὑπὲκ χειρῶν ἔφυγεν τανύφλοιος ἐρινεὸς,τοῦ μὲν ὑπὲκ χειρῶν ἔφυγεν τανύφλοιος ἐρινεὸς,tlg0005.tlg001.perseus-grc2.xml
Idylls,tlg001,25,251,"καμπτόμενος, τηλοῦ δὲ μιῇ πήδησε σὺν ὁρμῇ·","καμπτόμενος, τηλοῦ δὲ μιῇ πήδησε σὺν ὁρμῇ·",tlg0005.tlg001.perseus-grc2.xml
Idylls,tlg001,25,252,ὣς ἐπʼ ἐμοὶ λῖς αἰνὸς ἀπόπροθεν ἀθρόος ἆλτο,ὣς ἐπ’ ἐμοὶ λῖς αἰνὸς ἀπόπροθεν ἀθρόος ἆλτο,tlg0005.tlg001.perseus-grc2.xml
Idylls,tlg001,25,253,μαιμώων χροὸς ἆσαι· ἐγὼ δʼ ἑτέρηφι βέλεμνα,μαιμώων χροὸς ἆσαι· ἐγὼ δ’ ἑτέρηφι βέλεμνα,tlg0005.tlg001.perseus-grc2.xml
Idylls,tlg001,25,254,"χειρὶ προεσχεθόμην καὶ ἀπʼ ὤμων δίπλακα λώπην,","χειρὶ προεσχεθόμην καὶ ἀπ’ ὤμων δίπλακα λώπην,",tlg0005.tlg001.perseus-grc2.xml
Idylls,tlg001,25,255,τῇ δʼ ἑτέρῃ ῥόπαλον κόρσης ὕπερ αὖον ἀείρας,τῇ δ’ ἑτέρῃ ῥόπαλον κόρσης ὕπερ αὖον ἀείρας,tlg0005.tlg001.perseus-grc2.xml
Idylls,tlg001,25,256,"ἤλασα κὰκ κεφαλῆς, διὰ δʼ ἄνδιχα τρηχὺν ἔαξα","ἤλασα κὰκ κεφαλῆς, διὰ δ’ ἄνδιχα τρηχὺν ἔαξα",tlg0005.tlg001.perseus-grc2.xml
Idylls,tlg001,25,257,αὐτοῦ ἐπὶ λασίοιο καρήατος ἀγριέλαιον,αὐτοῦ ἐπὶ λασίοιο καρήατος ἀγριέλαιον,tlg0005.tlg001.perseus-grc2.xml
Idylls,tlg001,25,258,θηρὸς ἀμαιμακέτοιο· πέσεν δʼ ὅγε πρὶν ἔμʼ ἱκέσθαι,θηρὸς ἀμαιμακέτοιο· πέσεν δ’ ὅγε πρὶν ἔμ’ ἱκέσθαι,tlg0005.tlg001.perseus-grc2.xml
Idylls,tlg001,25,259,"ὑψόθεν ἐν γαίῃ, καὶ ἐπὶ τρομεροῖς ποσὶν ἔστη","ὑψόθεν ἐν γαίῃ, καὶ ἐπὶ τρομεροῖς ποσὶν ἔστη",tlg0005.tlg001.perseus-grc2.xml
Idylls,tlg001,25,260,νευστάζων κεφαλῇ· περὶ γὰρ σκότος ὄσσέ οἱ ἄμφω,νευστάζων κεφαλῇ· περὶ γὰρ σκότος ὄσσέ οἱ ἄμφω,tlg0005.tlg001.perseus-grc2.xml
Idylls,tlg001,25,261,"ἦλθε, βίῃ σεισθέντος ἐν ὀστέῳ ἐγκεφάλοιο.","ἦλθε, βίῃ σεισθέντος ἐν ὀστέῳ ἐγκεφάλοιο.",tlg0005.tlg001.perseus-grc2.xml
Idylls,tlg001,25,262,τὸν μὲν ἐγὼν ὀδύνῃσι παραφρονέοντα βαρείαις,τὸν μὲν ἐγὼν ὀδύνῃσι παραφρονέοντα βαρείαις,tlg0005.tlg001.perseus-grc2.xml
Idylls,tlg001,25,263,"νωσάμενος, πρὶν αὖτις ὑπότροπον ἀμπνυνθῆναι,","νωσάμενος, πρὶν αὖτις ὑπότροπον ἀμπνυνθῆναι,",tlg0005.tlg001.perseus-grc2.xml
Idylls,tlg001,25,264,"αὐχένος ἀρρήκτοιο παρʼ ἰνίον ἤλασα προφθάς,","αὐχένος ἀρρήκτοιο παρ’ ἰνίον ἤλασα προφθάς,",tlg0005.tlg001.perseus-grc2.xml
Idylls,tlg001,25,265,ῥίψας τόξον ἔραζε πολύρραπτόν τε φαρέτρην·,ῥίψας τόξον ἔραζε πολύρραπτόν τε φαρέτρην·,tlg0005.tlg001.perseus-grc2.xml
Idylls,tlg001,25,266,ἦγχον δʼ ἐγκρατέως στιβαρὰς σὺν χεῖρας ἐρείσας,ἦγχον δ’ ἐγκρατέως στιβαρὰς σὺν χεῖρας ἐρείσας,tlg0005.tlg001.perseus-grc2.xml
Idylls,tlg001,25,267,"ἐξόπιθεν, μὴ σάρκας ὑποδρύψῃ ὀνύχεσσι,","ἐξόπιθεν, μὴ σάρκας ὑποδρύψῃ ὀνύχεσσι,",tlg0005.tlg001.perseus-grc2.xml
Idylls,tlg001,25,268,πρὸς δʼ οὖδας πτέρνῃσι πόδας στερεῶς ἐπίεζον,πρὸς δ’ οὖδας πτέρνῃσι πόδας στερεῶς ἐπίεζον,tlg0005.tlg001.perseus-grc2.xml
Idylls,tlg001,25,269,"οὐραίους ἐπιβάς, μηροῖσί τε πλεύρʼ ἐφύλασσον,","οὐραίους ἐπιβάς, μηροῖσί τε πλεύρ’ ἐφύλασσον,",tlg0005.tlg001.perseus-grc2.xml
Idylls,tlg001,25,270,μέχρί οἱ ἐξετάνυσσα βραχίονας ὀρθὸν ἀείρας,μέχρί οἱ ἐξετάνυσσα βραχίονας ὀρθὸν ἀείρας,tlg0005.tlg001.perseus-grc2.xml
Idylls,tlg001,25,271,"ἄπνευστον, ψυχὴν δὲ πελώριος ἔλλαχεν Ἅιδης.","ἄπνευστον, ψυχὴν δὲ πελώριος ἔλλαχεν Ἅιδης.",tlg0005.tlg001.perseus-grc2.xml
Idylls,tlg001,25,272,"καὶ τότε δὴ βούλευον, ὅπως λασιαύχενα βύρσαν","καὶ τότε δὴ βούλευον, ὅπως λασιαύχενα βύρσαν",tlg0005.tlg001.perseus-grc2.xml
Idylls,tlg001,25,273,"θηρὸς τεθνειῶτος ἀπὸ μελέων ἐρυσαίμην,","θηρὸς τεθνειῶτος ἀπὸ μελέων ἐρυσαίμην,",tlg0005.tlg001.perseus-grc2.xml
Idylls,tlg001,25,274,"ἀργαλέον μάλα μόχθον, ἐπεὶ οὐκ ἔσκε σιδήρῳ","ἀργαλέον μάλα μόχθον, ἐπεὶ οὐκ ἔσκε σιδήρῳ",tlg0005.tlg001.perseus-grc2.xml
Idylls,tlg001,25,275,"τμητὴ οὐδὲ λίθοις πειρωμένῳ, οὐδὲ μὲν ἄλλῃ","τμητὴ οὐδὲ λίθοις πειρωμένῳ, οὐδὲ μὲν ἄλλῃ",tlg0005.tlg001.perseus-grc2.xml
Idylls,tlg001,25,276,ἔνθά μοι ἀθανάτων τις ἐπὶ φρεσὶ θῆκε νοῆσαι,ἔνθά μοι ἀθανάτων τις ἐπὶ φρεσὶ θῆκε νοῆσαι,tlg0005.tlg001.perseus-grc2.xml
Idylls,tlg001,25,277,αὐτοῖς δέρμα λέοντος ἀνασχίζειν ὀνύχεσσι.,αὐτοῖς δέρμα λέοντος ἀνασχίζειν ὀνύχεσσι.,tlg0005.tlg001.perseus-grc2.xml
Idylls,tlg001,25,278,"τοῖσι θοῶς ἀπέδειρα, καὶ ἀμφεθέμην μελέεσσιν","τοῖσι θοῶς ἀπέδειρα, καὶ ἀμφεθέμην μελέεσσιν",tlg0005.tlg001.perseus-grc2.xml
Idylls,tlg001,25,279,ἕρκος ἐνυαλίου ταμεσίχροος ἰωχμοῖο.,ἕρκος ἐνυαλίου ταμεσίχροος ἰωχμοῖο.,tlg0005.tlg001.perseus-grc2.xml
Idylls,tlg001,25,280,"οὗτός τοι Νεμέου γένετʼ ὦ φίλε θηρὸς ὄλεθρος,","οὗτός τοι Νεμέου γένετ’ ὦ φίλε θηρὸς ὄλεθρος,",tlg0005.tlg001.perseus-grc2.xml
Idylls,tlg001,25,281,πολλὰ πάρος μήλοις τε καὶ ἀνδράσι κήδεα θέντος.,πολλὰ πάρος μήλοις τε καὶ ἀνδράσι κήδεα θέντος.,tlg0005.tlg001.perseus-grc2.xml
Idylls,tlg001,26,1,Ἰνὼ καὐτονόα χἁ μαλοπάραυος Ἀγαύα,Ἰνὼ καὐτονόα χἁ μαλοπάραυος Ἀγαύα,tlg0005.tlg001.perseus-grc2.xml
Idylls,tlg001,26,2,τρεῖς θιάσως ἐς ὄρος τρεῖς ἄγαγον αὐταὶ ἐοῖσαι.,τρεῖς θιάσως ἐς ὄρος τρεῖς ἄγαγον αὐταὶ ἐοῖσαι.,tlg0005.tlg001.perseus-grc2.xml
Idylls,tlg001,26,3,χαἱ μὲν ἀμερξάμεναι λασίας δρυὸς ἄγρια φύλλα,χαἱ μὲν ἀμερξάμεναι λασίας δρυὸς ἄγρια φύλλα,tlg0005.tlg001.perseus-grc2.xml
Idylls,tlg001,26,4,κισσόν τε ζώοντα καὶ ἀσφόδελον τὸν ὑπὲρ γᾶς,κισσόν τε ζώοντα καὶ ἀσφόδελον τὸν ὑπὲρ γᾶς,tlg0005.tlg001.perseus-grc2.xml
Idylls,tlg001,26,5,"ἐν καθαρῷ λειμῶνι κάμον δυοκαίδεκα βωμούς,","ἐν καθαρῷ λειμῶνι κάμον δυοκαίδεκα βωμούς,",tlg0005.tlg001.perseus-grc2.xml
Idylls,tlg001,26,6,"τὼς τρεῖς τᾷ Σεμέλᾳ, τὼς ἐννέα τῷ Διονύσῳ.","τὼς τρεῖς τᾷ Σεμέλᾳ, τὼς ἐννέα τῷ Διονύσῳ.",tlg0005.tlg001.perseus-grc2.xml
Idylls,tlg001,26,7,ἱερὰ δʼ ἐκ κίστας ποπανεύματα χερσὶν ἑλοῖσαι,ἱερὰ δ’ ἐκ κίστας ποπανεύματα χερσὶν ἑλοῖσαι,tlg0005.tlg001.perseus-grc2.xml
Idylls,tlg001,26,8,"εὐφάμως κατέθεντο νεοδρέπτων ἐπὶ βωμῶν,","εὐφάμως κατέθεντο νεοδρέπτων ἐπὶ βωμῶν,",tlg0005.tlg001.perseus-grc2.xml
Idylls,tlg001,26,9,"ὡς ἐδίδασχʼ, ὡς αὐτὸς ἐθυμάρει Διόνυσος.","ὡς ἐδίδασχ’, ὡς αὐτὸς ἐθυμάρει Διόνυσος.",tlg0005.tlg001.perseus-grc2.xml
Idylls,tlg001,26,10,"Πενθεὺς δʼ ἀλιβάτου πέτρας ἄπο πάντʼ ἐθεώρει,","Πενθεὺς δ’ ἀλιβάτου πέτρας ἄπο πάντ’ ἐθεώρει,",tlg0005.tlg001.perseus-grc2.xml
Idylls,tlg001,26,11,"σχῖνον ἐς ἀρχαίαν καταδύς, ἐπιχώριον ἔρνος.","σχῖνον ἐς ἀρχαίαν καταδύς, ἐπιχώριον ἔρνος.",tlg0005.tlg001.perseus-grc2.xml
Idylls,tlg001,26,12,"Αὐτονόα πράτα νιν ἀνέκραγε δεινὸν ἰδοῖσα,","Αὐτονόα πράτα νιν ἀνέκραγε δεινὸν ἰδοῖσα,",tlg0005.tlg001.perseus-grc2.xml
Idylls,tlg001,26,13,"σὺν δʼ ἐτάραξε ποσὶν μανιώδεος ὄργια Βάκχου,","σὺν δ’ ἐτάραξε ποσὶν μανιώδεος ὄργια Βάκχου,",tlg0005.tlg001.perseus-grc2.xml
Idylls,tlg001,26,14,"ἐξαπίνας ἐπιοῖσα, τὰ δʼ οὐχ ὁρέοντι βέβηλοι.","ἐξαπίνας ἐπιοῖσα, τὰ δ’ οὐχ ὁρέοντι βέβηλοι.",tlg0005.tlg001.perseus-grc2.xml
Idylls,tlg001,26,15,"μαίνετο μέν θʼ αὕτα, μαίνοντο δʼ ἄρʼ εὐθὺ καὶ ἄλλαι.","μαίνετο μέν θ’ αὕτα, μαίνοντο δ’ ἄρ’ εὐθὺ καὶ ἄλλαι.",tlg0005.tlg001.perseus-grc2.xml
Idylls,tlg001,26,16,"Πενθεὺς μὲν φεῦγεν πεφοβημένος, αἱ δʼ ἐδίωκον,","Πενθεὺς μὲν φεῦγεν πεφοβημένος, αἱ δ’ ἐδίωκον,",tlg0005.tlg001.perseus-grc2.xml
Idylls,tlg001,26,17,πέπλως ἐκ ζωστῆρος ἐπʼ ἰγνύαν ἐρύσαισαι.,πέπλως ἐκ ζωστῆρος ἐπ’ ἰγνύαν ἐρύσαισαι.,tlg0005.tlg001.perseus-grc2.xml
Idylls,tlg001,26,18,Πενθεὺς μὲν τόδʼ ἔειπε· τίνος κέχρησθε γυναῖκες;,Πενθεὺς μὲν τόδ’ ἔειπε· τίνος κέχρησθε γυναῖκες;,tlg0005.tlg001.perseus-grc2.xml
Idylls,tlg001,26,19,Αὐτονόα τόδʼ ἔειπε τάχα γνώσῃ πρὶν ἀκοῦσαι.,Αὐτονόα τόδ’ ἔειπε τάχα γνώσῃ πρὶν ἀκοῦσαι.,tlg0005.tlg001.perseus-grc2.xml
Idylls,tlg001,26,20,"μάτηρ μὲν κεφαλὰν μυκήσατο παιδὸς ἑλοῖσα,","μάτηρ μὲν κεφαλὰν μυκήσατο παιδὸς ἑλοῖσα,",tlg0005.tlg001.perseus-grc2.xml
Idylls,tlg001,26,21,ὅσσόν περ τοκάδος τελέθει μύκημα λεαίνας·,ὅσσόν περ τοκάδος τελέθει μύκημα λεαίνας·,tlg0005.tlg001.perseus-grc2.xml
Idylls,tlg001,26,22,Ἰνὼ δʼ ἐξέρρηξε σὺν ὠμοπλάτᾳ μέγαν ὦμον,Ἰνὼ δ’ ἐξέρρηξε σὺν ὠμοπλάτᾳ μέγαν ὦμον,tlg0005.tlg001.perseus-grc2.xml
Idylls,tlg001,26,23,"λὰξ ἐπὶ γαστέρα βᾶσα, καὶ Αὐτονόας ῥυθμὸς ωὑτός·","λὰξ ἐπὶ γαστέρα βᾶσα, καὶ Αὐτονόας ῥυθμὸς ωὑτός·",tlg0005.tlg001.perseus-grc2.xml
Idylls,tlg001,26,24,αἱ δʼ ἄλλαι τὰ περισσὰ κρεανομέοντο γυναῖκες.,αἱ δ’ ἄλλαι τὰ περισσὰ κρεανομέοντο γυναῖκες.,tlg0005.tlg001.perseus-grc2.xml
Idylls,tlg001,26,25,"ἐς Θήβας δʼ ἀφίκοντο πεφυρμέναι αἵματι πᾶσαι,","ἐς Θήβας δ’ ἀφίκοντο πεφυρμέναι αἵματι πᾶσαι,",tlg0005.tlg001.perseus-grc2.xml
Idylls,tlg001,26,26,ἐξ ὄρεος πένθημα καὶ οὐ Πενθῆα φέροισαι.,ἐξ ὄρεος πένθημα καὶ οὐ Πενθῆα φέροισαι.,tlg0005.tlg001.perseus-grc2.xml
Idylls,tlg001,26,27,οὐκ ἀλέγω· μηδʼ ἄλλος ἀπεχθομένω Διονύσῳ,οὐκ ἀλέγω· μηδ’ ἄλλος ἀπεχθομένω Διονύσῳ,tlg0005.tlg001.perseus-grc2.xml
Idylls,tlg001,26,28,"φροντίζοι, μηδʼ εἰ χαλεπώτερα τῶνδʼ ἐμόγησεν,","φροντίζοι, μηδ’ εἰ χαλεπώτερα τῶνδ’ ἐμόγησεν,",tlg0005.tlg001.perseus-grc2.xml
Idylls,tlg001,26,29,εἴη δʼ ἐνναέτης ἢ καὶ δεκάτω ἐπιβαίνοι·,εἴη δ’ ἐνναέτης ἢ καὶ δεκάτω ἐπιβαίνοι·,tlg0005.tlg001.perseus-grc2.xml
Idylls,tlg001,26,30,αὐτὸς δʼ εὐαγέοιμι καὶ εὐαγέεσσιν ἅδοιμι.,αὐτὸς δ’ εὐαγέοιμι καὶ εὐαγέεσσιν ἅδοιμι.,tlg0005.tlg001.perseus-grc2.xml
Idylls,tlg001,26,31,ἐκ Διὸς αἰγιόχω τιμὰν ἔχει αἰετὸς οὗτος.,ἐκ Διὸς αἰγιόχω τιμὰν ἔχει αἰετὸς οὗτος.,tlg0005.tlg001.perseus-grc2.xml
Idylls,tlg001,26,32,"εὐσεβέων παίδεσσι τὰ λώια, δυσσεβέων δʼ οὔ.","εὐσεβέων παίδεσσι τὰ λώια, δυσσεβέων δ’ οὔ.",tlg0005.tlg001.perseus-grc2.xml
Idylls,tlg001,26,33,"χαίροι μὲν Διόνυσος, ὃν ἐν Δρακάνῳ νιφόεντι","χαίροι μὲν Διόνυσος, ὃν ἐν Δρακάνῳ νιφόεντι",tlg0005.tlg001.perseus-grc2.xml
Idylls,tlg001,26,34,Ζεὺς ὕπατος μεγάλαν ἐπιγουνίδα κάτθετο λύσας·,Ζεὺς ὕπατος μεγάλαν ἐπιγουνίδα κάτθετο λύσας·,tlg0005.tlg001.perseus-grc2.xml
Idylls,tlg001,26,35,χαίροι δʼ εὐειδὴς Σεμέλα καὶ ἀδελφεαὶ αὐτᾶς,χαίροι δ’ εὐειδὴς Σεμέλα καὶ ἀδελφεαὶ αὐτᾶς,tlg0005.tlg001.perseus-grc2.xml
Idylls,tlg001,26,36,"Καδμεῖαι πολλαῖς μεμελημέναι ἡρωίναις,","Καδμεῖαι πολλαῖς μεμελημέναι ἡρωίναις,",tlg0005.tlg001.perseus-grc2.xml
Idylls,tlg001,26,37,αἳ τόδε ἔργον ἔρεξαν ὀρίναντος Διονύσου,αἳ τόδε ἔργον ἔρεξαν ὀρίναντος Διονύσου,tlg0005.tlg001.perseus-grc2.xml
Idylls,tlg001,26,38,οὐκ ἐπιμωματόν. μηδεὶς τὰ θεῶν ὀνόσαιτο.,οὐκ ἐπιμωματόν. μηδεὶς τὰ θεῶν ὀνόσαιτο.,tlg0005.tlg001.perseus-grc2.xml
Idylls,tlg001,27,1,τὰν πινυτὰν Ἑλέναν Πάρις ἥρπασε βουκόλος ἄλλος.,τὰν πινυτὰν Ἑλέναν Πάρις ἥρπασε βουκόλος ἄλλος.,tlg0005.tlg001.perseus-grc2.xml
Idylls,tlg001,27,2,μᾶλλον ἑκοῖσʼ Ἑλένα τὸν βουκόλον ἔσχε φιλεῦσα.,μᾶλλον ἑκοῖσ’ Ἑλένα τὸν βουκόλον ἔσχε φιλεῦσα.,tlg0005.tlg001.perseus-grc2.xml
Idylls,tlg001,27,3,μὴ καυχῶ σατυρίσκε· κενὸν τὸ φίλαμα λέγουσιν.,μὴ καυχῶ σατυρίσκε· κενὸν τὸ φίλαμα λέγουσιν.,tlg0005.tlg001.perseus-grc2.xml
Idylls,tlg001,27,4,ἔστι καὶ ἐν κενεοῖσι φιλάμασιν ἁδέα τέρψις.,ἔστι καὶ ἐν κενεοῖσι φιλάμασιν ἁδέα τέρψις.,tlg0005.tlg001.perseus-grc2.xml
Idylls,tlg001,27,5,τὸ στόμα μευ πλύνω καὶ ἀποπτύω τὸ φίλαμα.,τὸ στόμα μευ πλύνω καὶ ἀποπτύω τὸ φίλαμα.,tlg0005.tlg001.perseus-grc2.xml
Idylls,tlg001,27,6,πλύνεις χείλεα σεῖο; δίδου πάλιν ὄφρα φιλάσω.,πλύνεις χείλεα σεῖο; δίδου πάλιν ὄφρα φιλάσω.,tlg0005.tlg001.perseus-grc2.xml
Idylls,tlg001,27,7,"καλόν σοι δαμάλας φιλέειν, οὐκ ἄζυγα κώραν.","καλόν σοι δαμάλας φιλέειν, οὐκ ἄζυγα κώραν.",tlg0005.tlg001.perseus-grc2.xml
Idylls,tlg001,27,8,μὴ καυχῶ· τάχα γάρ σε παρέρχεται ὡς ὄναρ ἥβη.,μὴ καυχῶ· τάχα γάρ σε παρέρχεται ὡς ὄναρ ἥβη.,tlg0005.tlg001.perseus-grc2.xml
Idylls,tlg001,27,8a,"ἢν δέ τι γηράσκω, τόδε που μέλι καὶ γάλα πίνω.","ἢν δέ τι γηράσκω, τόδε που μέλι καὶ γάλα πίνω.",tlg0005.tlg001.perseus-grc2.xml
Idylls,tlg001,27,9,,,tlg0005.tlg001.perseus-grc2.xml
Idylls,tlg001,27,9b,ἁ σταφυλὶς σταφίς ἐστι καὶ οὐ ῥόδον αὖον ὀλεῖται.,ἁ σταφυλὶς σταφίς ἐστι καὶ οὐ ῥόδον αὖον ὀλεῖται.,tlg0005.tlg001.perseus-grc2.xml
Idylls,tlg001,27,10,"δεῦρʼ ὑπὸ τὰς κοτίνους, ἵνα σοί τινα μῦθον ἐνίψω.","δεῦρ’ ὑπὸ τὰς κοτίνους, ἵνα σοί τινα μῦθον ἐνίψω.",tlg0005.tlg001.perseus-grc2.xml
Idylls,tlg001,27,11,οὐκ ἐθέλω· καὶ πρίν με παρήπαφες ἁδέι μύθῳ.,οὐκ ἐθέλω· καὶ πρίν με παρήπαφες ἁδέι μύθῳ.,tlg0005.tlg001.perseus-grc2.xml
Idylls,tlg001,27,12,"δεῦρʼ ὑπὸ τὰς πτελέας, ἵνʼ ἐμᾶς σύριγγος ἀκούσῃς.","δεῦρ’ ὑπὸ τὰς πτελέας, ἵν’ ἐμᾶς σύριγγος ἀκούσῃς.",tlg0005.tlg001.perseus-grc2.xml
Idylls,tlg001,27,13,τὴν σαυτοῦ φρένα τέρψον· ὀιζύον οὐδὲν ἀρέσκει.,τὴν σαυτοῦ φρένα τέρψον· ὀιζύον οὐδὲν ἀρέσκει.,tlg0005.tlg001.perseus-grc2.xml
Idylls,tlg001,27,14,φεῦ φεῦ τᾶς Παφίας χόλον ἅζεο καὶ σύγε κώρα.,φεῦ φεῦ τᾶς Παφίας χόλον ἅζεο καὶ σύγε κώρα.,tlg0005.tlg001.perseus-grc2.xml
Idylls,tlg001,27,15,χαιρέτω ἁ Παφία· μόνον ἵλαος Ἄρτεμις εἴη.,χαιρέτω ἁ Παφία· μόνον ἵλαος Ἄρτεμις εἴη.,tlg0005.tlg001.perseus-grc2.xml
Idylls,tlg001,27,16,"μὴ λέγε, μὴ βάλλῃ σε καὶ ἐς λίνον ἄκριτον ἔνθῃς.","μὴ λέγε, μὴ βάλλῃ σε καὶ ἐς λίνον ἄκριτον ἔνθῃς.",tlg0005.tlg001.perseus-grc2.xml
Idylls,tlg001,27,17,βαλλέτω ὡς ἐθέλει· πάλιν Ἄρτεμις ἄμμιν ἀρήγει.,βαλλέτω ὡς ἐθέλει· πάλιν Ἄρτεμις ἄμμιν ἀρήγει.,tlg0005.tlg001.perseus-grc2.xml
Idylls,tlg001,27,18,"μἠπιβάλῃς τὰν χεῖρα, καὶ εἰσέτι χεῖλος ἀμύξω.","μἠπιβάλῃς τὰν χεῖρα, καὶ εἰσέτι χεῖλος ἀμύξω.",tlg0005.tlg001.perseus-grc2.xml
Idylls,tlg001,27,19,"οὐ φεύγεις τὸν Ἔρωτα, τὸν οὐ φύγε παρθένος ἄλλη.","οὐ φεύγεις τὸν Ἔρωτα, τὸν οὐ φύγε παρθένος ἄλλη.",tlg0005.tlg001.perseus-grc2.xml
Idylls,tlg001,27,20,φεύγω ναὶ τὸν Πᾶνα· σὺ δὲ ζυγὸν αἰὲν ἀείρεις.,φεύγω ναὶ τὸν Πᾶνα· σὺ δὲ ζυγὸν αἰὲν ἀείρεις.,tlg0005.tlg001.perseus-grc2.xml
Idylls,tlg001,27,21,"δειμαίνω, μὴ δή σε κακωτέρῳ ἀνέρι δώσει.","δειμαίνω, μὴ δή σε κακωτέρῳ ἀνέρι δώσει.",tlg0005.tlg001.perseus-grc2.xml
Idylls,tlg001,27,22,"πολλοί μʼ ἐμνώοντο, νόμον δʼ ἐμὸν οὔτις ἀείδει.","πολλοί μ’ ἐμνώοντο, νόμον δ’ ἐμὸν οὔτις ἀείδει.",tlg0005.tlg001.perseus-grc2.xml
Idylls,tlg001,27,23,εἶς καὶ ἐγὼ πολλῶν μνηστὴρ τεὸς ἐνθάδʼ ἱκάνω.,εἶς καὶ ἐγὼ πολλῶν μνηστὴρ τεὸς ἐνθάδ’ ἱκάνω.,tlg0005.tlg001.perseus-grc2.xml
Idylls,tlg001,27,24,καὶ τί φίλος ῥέξαιμι; γάμοι πλήθουσιν ἀνίας.,καὶ τί φίλος ῥέξαιμι; γάμοι πλήθουσιν ἀνίας.,tlg0005.tlg001.perseus-grc2.xml
Idylls,tlg001,27,25,"οὐκ ὀδύνην, οὐκ ἄλγος ἔχει γάμος, ἀλλὰ χορείην.","οὐκ ὀδύνην, οὐκ ἄλγος ἔχει γάμος, ἀλλὰ χορείην.",tlg0005.tlg001.perseus-grc2.xml
Idylls,tlg001,27,26,ναὶ μάν φασι γυναῖκας ἑοὺς τρομέειν παρακοίτας.,ναὶ μάν φασι γυναῖκας ἑοὺς τρομέειν παρακοίτας.,tlg0005.tlg001.perseus-grc2.xml
Idylls,tlg001,27,27,μᾶλλον ἀεὶ κρατέουσι· τίνα τρομέουσι γυναῖκες;,μᾶλλον ἀεὶ κρατέουσι· τίνα τρομέουσι γυναῖκες;,tlg0005.tlg001.perseus-grc2.xml
Idylls,tlg001,27,28,ὠδίνειν τρομέω· χαλεπὸν βέλος Εἰλειθυίης.,ὠδίνειν τρομέω· χαλεπὸν βέλος Εἰλειθυίης.,tlg0005.tlg001.perseus-grc2.xml
Idylls,tlg001,27,29,ἀλλὰ τεὴ βασίλεια μογοστόκος Ἄρτεμίς ἐστιν.,ἀλλὰ τεὴ βασίλεια μογοστόκος Ἄρτεμίς ἐστιν.,tlg0005.tlg001.perseus-grc2.xml
Idylls,tlg001,27,30,"ἀλλὰ τεκεῖν τρομέω, μὴ καὶ χρόα καλὸν ὀλέσσω.","ἀλλὰ τεκεῖν τρομέω, μὴ καὶ χρόα καλὸν ὀλέσσω.",tlg0005.tlg001.perseus-grc2.xml
Idylls,tlg001,27,31,"ἢν δὲ τέκῃς φίλα τέκνα, νέον φάος ὄψεαι υἷας.","ἢν δὲ τέκῃς φίλα τέκνα, νέον φάος ὄψεαι υἷας.",tlg0005.tlg001.perseus-grc2.xml
Idylls,tlg001,27,32,"καὶ τί μοι ἕδνον ἄγεις γάμου ἄξιον, ἢν ἐπινεύσω;","καὶ τί μοι ἕδνον ἄγεις γάμου ἄξιον, ἢν ἐπινεύσω;",tlg0005.tlg001.perseus-grc2.xml
Idylls,tlg001,27,33,"πᾶσαν τὰν ἀγέλαν, πάντʼ ἄλσεα καὶ νομὸν ἕξεις.","πᾶσαν τὰν ἀγέλαν, πάντ’ ἄλσεα καὶ νομὸν ἕξεις.",tlg0005.tlg001.perseus-grc2.xml
Idylls,tlg001,27,34,ὄμνυε μὴ μετὰ λέκτρα λιπὼν ἀέκουσαν ἀπενθεῖν.,ὄμνυε μὴ μετὰ λέκτρα λιπὼν ἀέκουσαν ἀπενθεῖν.,tlg0005.tlg001.perseus-grc2.xml
Idylls,tlg001,27,35,"οὐκ αὐτὸν τὸν Πᾶνα, καὶ ἢν ἐθέλῃς με διῶξαι.","οὐκ αὐτὸν τὸν Πᾶνα, καὶ ἢν ἐθέλῃς με διῶξαι.",tlg0005.tlg001.perseus-grc2.xml
Idylls,tlg001,27,36,"τεύχεις μοι θαλάμους, τεύχεις καὶ δῶμα καὶ αὐλάς;","τεύχεις μοι θαλάμους, τεύχεις καὶ δῶμα καὶ αὐλάς;",tlg0005.tlg001.perseus-grc2.xml
Idylls,tlg001,27,37,τεύχω σοι θαλάμους· τὰ δὲ πώεα καλὰ νομεύω.,τεύχω σοι θαλάμους· τὰ δὲ πώεα καλὰ νομεύω.,tlg0005.tlg001.perseus-grc2.xml
Idylls,tlg001,27,38,"πατρὶ δὲ γηραλέῳ τίνα μάν, τίνα μῦθον ἐνίψω;","πατρὶ δὲ γηραλέῳ τίνα μάν, τίνα μῦθον ἐνίψω;",tlg0005.tlg001.perseus-grc2.xml
Idylls,tlg001,27,39,"αἰνήσει σέο λέκτρον, ἐπὴν ἐμὸν οὔνομʼ ἀκούσῃ.","αἰνήσει σέο λέκτρον, ἐπὴν ἐμὸν οὔνομ’ ἀκούσῃ.",tlg0005.tlg001.perseus-grc2.xml
Idylls,tlg001,27,40,οὔνομα σὸν λέγε τῆνο· καὶ οὔνομα πολλάκι τέρπει.,οὔνομα σὸν λέγε τῆνο· καὶ οὔνομα πολλάκι τέρπει.,tlg0005.tlg001.perseus-grc2.xml
Idylls,tlg001,27,41,"Δάφνις ἐγώ, Λυκίδας τε πατήρ, μήτηρ δὲ Νομαία.","Δάφνις ἐγώ, Λυκίδας τε πατήρ, μήτηρ δὲ Νομαία.",tlg0005.tlg001.perseus-grc2.xml
Idylls,tlg001,27,42,ἐξ εὐηγενέων· ἀλλʼ οὐ σέθεν εἰμὶ χερείων.,ἐξ εὐηγενέων· ἀλλ’ οὐ σέθεν εἰμὶ χερείων.,tlg0005.tlg001.perseus-grc2.xml
Idylls,tlg001,27,43,"οἶδʼ, ἄκρα τιμίη ἐσσί· πατὴρ δέ τοί ἐστι Μενάλκας.","οἶδ’, ἄκρα τιμίη ἐσσί· πατὴρ δέ τοί ἐστι Μενάλκας.",tlg0005.tlg001.perseus-grc2.xml
Idylls,tlg001,27,44,,,tlg0005.tlg001.perseus-grc2.xml
Idylls,tlg001,28,1,Γλαύκας ὦ φιλέριθʼ ἀλακάτα δῶρον Ἀθανάας,Γλαύκας ὦ φιλέριθ’ ἀλακάτα δῶρον Ἀθανάας,tlg0005.tlg001.perseus-grc2.xml
Idylls,tlg001,28,2,"γύναιξιν, νόος οἰκωφελίας αἷσιν ἐπάβολος,","γύναιξιν, νόος οἰκωφελίας αἷσιν ἐπάβολος,",tlg0005.tlg001.perseus-grc2.xml
Idylls,tlg001,28,3,"θέρσεισʼ ἄμμιν ὑμάρτη πόλιν ἐς Νείλεος ἀγλάαν,","θέρσεισ’ ἄμμιν ὑμάρτη πόλιν ἐς Νείλεος ἀγλάαν,",tlg0005.tlg001.perseus-grc2.xml
Idylls,tlg001,28,4,ὅπᾳ Κύπριδος ἶρον καλάμω χλῶρον ὑπαπάλω.,ὅπᾳ Κύπριδος ἶρον καλάμω χλῶρον ὑπαπάλω.,tlg0005.tlg001.perseus-grc2.xml
Idylls,tlg001,28,5,"τυῖδε γὰρ πλόον εὐάνεμον αἰτήμεθα πὰρ Δίος,","τυῖδε γὰρ πλόον εὐάνεμον αἰτήμεθα πὰρ Δίος,",tlg0005.tlg001.perseus-grc2.xml
Idylls,tlg001,28,6,"ὅπως ξέννον ἔμον τέρψομʼ ἴδων κἀντιφιλήσομεν,","ὅπως ξέννον ἔμον τέρψομ’ ἴδων κἀντιφιλήσομεν,",tlg0005.tlg001.perseus-grc2.xml
Idylls,tlg001,28,7,"Νικίαν, Χαρίτων ἰμεροφώνων ἴερον φύτον,","Νικίαν, Χαρίτων ἰμεροφώνων ἴερον φύτον,",tlg0005.tlg001.perseus-grc2.xml
Idylls,tlg001,28,8,καὶ σὲ τὰν ἐλέφαντος πολυμόχθω γεγενημέναν,καὶ σὲ τὰν ἐλέφαντος πολυμόχθω γεγενημέναν,tlg0005.tlg001.perseus-grc2.xml
Idylls,tlg001,28,9,"δῶρον Νικιάας εἰς ὀλόχω χέρρας ὀπάσσομεν,","δῶρον Νικιάας εἰς ὀλόχω χέρρας ὀπάσσομεν,",tlg0005.tlg001.perseus-grc2.xml
Idylls,tlg001,28,10,"σὺν τᾷ πόλλα μὲν ἔργʼ ἐκτελέσεις ἀνδρεΐοις πέπλοις,","σὺν τᾷ πόλλα μὲν ἔργ’ ἐκτελέσεις ἀνδρεΐοις πέπλοις,",tlg0005.tlg001.perseus-grc2.xml
Idylls,tlg001,28,11,πόλλα δʼ οἷα γύναικες φορέοισʼ ὐδάτινα βράκη.,πόλλα δ’ οἷα γύναικες φορέοισ’ ὐδάτινα βράκη.,tlg0005.tlg001.perseus-grc2.xml
Idylls,tlg001,28,12,δὶς γὰρ μάτερες ἄρνων μαλάκοις ἐν βοτάνᾳ πόκοις,δὶς γὰρ μάτερες ἄρνων μαλάκοις ἐν βοτάνᾳ πόκοις,tlg0005.tlg001.perseus-grc2.xml
Idylls,tlg001,28,13,"πέξαιντʼ αὐτοένει, Θευγένιδός γʼ ἔνεκʼ ἐυσφύρω·","πέξαιντ’ αὐτοένει, Θευγένιδός γ’ ἔνεκ’ ἐυσφύρω·",tlg0005.tlg001.perseus-grc2.xml
Idylls,tlg001,28,14,"οὕτως ἀνυσίεργος, φιλέει δʼ ὅσσα σαόφρονες.","οὕτως ἀνυσίεργος, φιλέει δ’ ὅσσα σαόφρονες.",tlg0005.tlg001.perseus-grc2.xml
Idylls,tlg001,28,15,οὐ γὰρ εἰς ἀκίρας οὐδʼ ἐς ἀέργω κεν ἐβολλόμαν,οὐ γὰρ εἰς ἀκίρας οὐδ’ ἐς ἀέργω κεν ἐβολλόμαν,tlg0005.tlg001.perseus-grc2.xml
Idylls,tlg001,28,16,ὀπάσσαι σε δόμοις ἀμμετέρας ἔσσαν ἀπὺ χθόνος.,ὀπάσσαι σε δόμοις ἀμμετέρας ἔσσαν ἀπὺ χθόνος.,tlg0005.tlg001.perseus-grc2.xml
Idylls,tlg001,28,17,"καὶ γάρ τοι πάτρις, ἃν ὡξ Ἐφύρας κτίσσέ ποτʼ Ἀρχίας","καὶ γάρ τοι πάτρις, ἃν ὡξ Ἐφύρας κτίσσέ ποτ’ Ἀρχίας",tlg0005.tlg001.perseus-grc2.xml
Idylls,tlg001,28,18,"νάσω Τρινακρίας μύελον, ἄνδρων δοκίμων πόλιν.","νάσω Τρινακρίας μύελον, ἄνδρων δοκίμων πόλιν.",tlg0005.tlg001.perseus-grc2.xml
Idylls,tlg001,28,19,"νῦν μὰν οἶκον ἔχοισʼ ἄνερος, ὃς πόλλʼ ἐδάη σόφα","νῦν μὰν οἶκον ἔχοισ’ ἄνερος, ὃς πόλλ’ ἐδάη σόφα",tlg0005.tlg001.perseus-grc2.xml
Idylls,tlg001,28,20,"ἀθρώποισι νόσοις φάρμακα λύγραις ἀπαλαλκέμεν,","ἀθρώποισι νόσοις φάρμακα λύγραις ἀπαλαλκέμεν,",tlg0005.tlg001.perseus-grc2.xml
Idylls,tlg001,28,21,"οἰκήσεις κατὰ Μίλλατον ἐράνναν πεδʼἸαόνων,","οἰκήσεις κατὰ Μίλλατον ἐράνναν πεδ’ Ἰαόνων,",tlg0005.tlg001.perseus-grc2.xml
Idylls,tlg001,28,22,"ὡς εὐαλάκατος Θεύγενις ἐν δαμότισιν πέλῃ,","ὡς εὐαλάκατος Θεύγενις ἐν δαμότισιν πέλῃ,",tlg0005.tlg001.perseus-grc2.xml
Idylls,tlg001,28,23,καί οἱ μνᾶστιν ἄει τῶ φιλαοίδω παρέχῃς ξένω.,καί οἱ μνᾶστιν ἄει τῶ φιλαοίδω παρέχῃς ξένω.,tlg0005.tlg001.perseus-grc2.xml
Idylls,tlg001,28,24,κῆνο γάρ τις ἔρει τὤπος ἴδων σʼ· ἦ μεγάλα χάρις,κῆνο γάρ τις ἔρει τὤπος ἴδων σ’· ἦ μεγάλα χάρις,tlg0005.tlg001.perseus-grc2.xml
Idylls,tlg001,28,25,δώρῳ σὺν ὀλίγῳ· πάντα δὲ τίματα τὰ πὰρ φίλων.,δώρῳ σὺν ὀλίγῳ· πάντα δὲ τίματα τὰ πὰρ φίλων.,tlg0005.tlg001.perseus-grc2.xml
Idylls,tlg001,29,1,οἶνος ὦ φίλε παῖ λέγεται καὶ ἀλάθεα·,οἶνος ὦ φίλε παῖ λέγεται καὶ ἀλάθεα·,tlg0005.tlg001.perseus-grc2.xml
Idylls,tlg001,29,2,κἄμμε χρὴ μεθύοντας ἀλαθέας ἔμμεναι.,κἄμμε χρὴ μεθύοντας ἀλαθέας ἔμμεναι.,tlg0005.tlg001.perseus-grc2.xml
Idylls,tlg001,29,3,κἤγω μὲν τὰ φρενῶν ἐρέω κέατʼ ἐν μυχῷ.,κἤγω μὲν τὰ φρενῶν ἐρέω κέατ’ ἐν μυχῷ.,tlg0005.tlg001.perseus-grc2.xml
Idylls,tlg001,29,4,οὐκ ὄλας φιλέειν μʼ ἐθέλησθʼ ἀπὸ καρδίας.,οὐκ ὄλας φιλέειν μ’ ἐθέλησθ’ ἀπὸ καρδίας.,tlg0005.tlg001.perseus-grc2.xml
Idylls,tlg001,29,5,γινώσκω· τὸ γὰρ ἅμισυ τᾶς ζοΐας ἔχω,γινώσκω· τὸ γὰρ ἅμισυ τᾶς ζοΐας ἔχω,tlg0005.tlg001.perseus-grc2.xml
Idylls,tlg001,29,6,"ζὰ τὰν σὰν ἰδέαν, τὸ δὲ λοιπὸν ἀπώλετο.","ζὰ τὰν σὰν ἰδέαν, τὸ δὲ λοιπὸν ἀπώλετο.",tlg0005.tlg001.perseus-grc2.xml
Idylls,tlg001,29,7,"χὥτα μὲν σὺ θέλῃς, μακάρεσσιν ἴσαν ἄγω","χὥτα μὲν σὺ θέλῃς, μακάρεσσιν ἴσαν ἄγω",tlg0005.tlg001.perseus-grc2.xml
Idylls,tlg001,29,8,"ἁμέραν· ὅτα δʼ οὐκ ἐθέλῃς τύ, μάλʼ ἐν σκότῳ.","ἁμέραν· ὅτα δ’ οὐκ ἐθέλῃς τύ, μάλ’ ἐν σκότῳ.",tlg0005.tlg001.perseus-grc2.xml
Idylls,tlg001,29,9,"πῶς ταῦτʼ ἄρμενα, τὸν φιλέοντʼ ἀνίαις δίδων;","πῶς ταῦτ’ ἄρμενα, τὸν φιλέοντ’ ἀνίαις δίδων;",tlg0005.tlg001.perseus-grc2.xml
Idylls,tlg001,29,10,"ἀλλʼ εἴ μοί τι πίθοιο νέος προγενεστέρῳ,","ἀλλ’ εἴ μοί τι πίθοιο νέος προγενεστέρῳ,",tlg0005.tlg001.perseus-grc2.xml
Idylls,tlg001,29,11,"τῷ κε λώιον αὔτος ἔχων ἔμʼ ἐπαινέσαις,","τῷ κε λώιον αὔτος ἔχων ἔμ’ ἐπαινέσαις,",tlg0005.tlg001.perseus-grc2.xml
Idylls,tlg001,29,12,"ποίησαι καλίαν μίαν εἰν ἑνὶ δενδρίῳ,","ποίησαι καλίαν μίαν εἰν ἑνὶ δενδρίῳ,",tlg0005.tlg001.perseus-grc2.xml
Idylls,tlg001,29,13,ὅππῃ μηδὲν ἀπίξεται ἄγριον ὄρπετον.,ὅππῃ μηδὲν ἀπίξεται ἄγριον ὄρπετον.,tlg0005.tlg001.perseus-grc2.xml
Idylls,tlg001,29,14,"νῦν δὲ τῶδε μὲν ἄματος ἄλλον ἔχης κλάδον,","νῦν δὲ τῶδε μὲν ἄματος ἄλλον ἔχης κλάδον,",tlg0005.tlg001.perseus-grc2.xml
Idylls,tlg001,29,15,"ἄλλον δʼ αὔριον, ἐξ ἑτέρω δʼ ἕτερον μάτης·","ἄλλον δ’ αὔριον, ἐξ ἑτέρω δ’ ἕτερον μάτης·",tlg0005.tlg001.perseus-grc2.xml
Idylls,tlg001,29,16,"καἰ μέν σευ τὸ κάλον τις ἴδων ῥέθος αἰνέσαι,","καἰ μέν σευ τὸ κάλον τις ἴδων ῥέθος αἰνέσαι,",tlg0005.tlg001.perseus-grc2.xml
Idylls,tlg001,29,17,"τῷ δʼ εὔθυς πλέον ἢ τριέτης ἐγένευ φίλος,","τῷ δ’ εὔθυς πλέον ἢ τριέτης ἐγένευ φίλος,",tlg0005.tlg001.perseus-grc2.xml
Idylls,tlg001,29,18,τὸν πρῶτον δὲ φιλεῦντα τρίταιον ἐθήκαο.,τὸν πρῶτον δὲ φιλεῦντα τρίταιον ἐθήκαο.,tlg0005.tlg001.perseus-grc2.xml
Idylls,tlg001,29,19,ἄνδρων τῶν ὑπερανορέων δοκίμοις πνέειν.,ἄνδρων τῶν ὑπερανορέων δοκίμοις πνέειν.,tlg0005.tlg001.perseus-grc2.xml
Idylls,tlg001,29,20,"φίλη δʼ, ἇς κʼ ἔτʼ ἔῃς, τὸν ὕμοιον ἔχην ἄει.","φίλη δ’, ἇς κ’ ἔτ’ ἔῃς, τὸν ὕμοιον ἔχην ἄει.",tlg0005.tlg001.perseus-grc2.xml
Idylls,tlg001,29,21,"αἰ γὰρ ὧδε πόῃς, ἄγαθος μὲν ἀκούσεαι","αἰ γὰρ ὧδε πόῃς, ἄγαθος μὲν ἀκούσεαι",tlg0005.tlg001.perseus-grc2.xml
Idylls,tlg001,29,22,"ἐξ ἄστων· ὁ δέ τοί κʼ Ἔρος οὐ χαλέπως ἔχοι,","ἐξ ἄστων· ὁ δέ τοί κ’ Ἔρος οὐ χαλέπως ἔχοι,",tlg0005.tlg001.perseus-grc2.xml
Idylls,tlg001,29,23,"ὃς ἄνδρων φρένας εὐμαρέως ὑποδάμναται,","ὃς ἄνδρων φρένας εὐμαρέως ὑποδάμναται,",tlg0005.tlg001.perseus-grc2.xml
Idylls,tlg001,29,24,κἤμε μάλθακον ἐξ ἐπόησε σιδαρίω.,κἤμε μάλθακον ἐξ ἐπόησε σιδαρίω.,tlg0005.tlg001.perseus-grc2.xml
Idylls,tlg001,29,25,ἀλλὰ πὲρ ἀπάλω στύματός σε πεδέρχομαι,ἀλλὰ πὲρ ἀπάλω στύματός σε πεδέρχομαι,tlg0005.tlg001.perseus-grc2.xml
Idylls,tlg001,29,26,"ὀμνάσθην, ὅτι πέρυσιν ἦσθα νεώτερος,","ὀμνάσθην, ὅτι πέρυσιν ἦσθα νεώτερος,",tlg0005.tlg001.perseus-grc2.xml
Idylls,tlg001,29,27,χὥτι γηραλέοι πέλομες πρὶν ἀποπτύσαι,χὥτι γηραλέοι πέλομες πρὶν ἀποπτύσαι,tlg0005.tlg001.perseus-grc2.xml
Idylls,tlg001,29,28,"καὶ ῥύσοι, νεότατα δʼ ἔχην παλινάγρετον","καὶ ῥύσοι, νεότατα δ’ ἔχην παλινάγρετον",tlg0005.tlg001.perseus-grc2.xml
Idylls,tlg001,29,29,"οὐκ ἔστι· πτέρυγας γὰρ ἐπομμαδίαις φόρη,","οὐκ ἔστι· πτέρυγας γὰρ ἐπομμαδίαις φόρη,",tlg0005.tlg001.perseus-grc2.xml
Idylls,tlg001,29,30,κἄμμες βαρδύτεροι τὰ ποτήμενα συλλάβην.,κἄμμες βαρδύτεροι τὰ ποτήμενα συλλάβην.,tlg0005.tlg001.perseus-grc2.xml
Idylls,tlg001,29,31,"ταῦτα χρὴ νοέοντα πέλην ποτιμώτερον,","ταῦτα χρὴ νοέοντα πέλην ποτιμώτερον,",tlg0005.tlg001.perseus-grc2.xml
Idylls,tlg001,29,32,"καί μοι τὠραμένῳ συνέραν ἀδόλως σέθεν,","καί μοι τὠραμένῳ συνέραν ἀδόλως σέθεν,",tlg0005.tlg001.perseus-grc2.xml
Idylls,tlg001,29,33,"ὅπως, ἁνίκα τὰν γένυν ἀνδρεΐαν ἔχῃς,","ὅπως, ἁνίκα τὰν γένυν ἀνδρεΐαν ἔχῃς,",tlg0005.tlg001.perseus-grc2.xml
Idylls,tlg001,29,34,ἀλλάλοισι πελώμεθʼ Ἀχιλλέϊοι φίλοι.,ἀλλάλοισι πελώμεθ’ Ἀχιλλέϊοι φίλοι.,tlg0005.tlg001.perseus-grc2.xml
Idylls,tlg001,29,35,"αἰ δὲ ταῦτα φέρην ἀνέμοισιν ἐπιτρόπῃς,","αἰ δὲ ταῦτα φέρην ἀνέμοισιν ἐπιτρόπῃς,",tlg0005.tlg001.perseus-grc2.xml
Idylls,tlg001,29,36,ἐν θύμῳ δὲ λέγῃς τί με δαιμόνιʼ ἐνόχλης;,ἐν θύμῳ δὲ λέγῃς τί με δαιμόνι’ ἐνόχλης;,tlg0005.tlg001.perseus-grc2.xml
Idylls,tlg001,29,37,νῦν μὲν κἠπὶ τὰ χρύσεα μᾶλʼ ἔνεκεν σέθεν,νῦν μὲν κἠπὶ τὰ χρύσεα μᾶλ’ ἔνεκεν σέθεν,tlg0005.tlg001.perseus-grc2.xml
Idylls,tlg001,29,38,"βαίην καὶ φύλακον νεκύων πεδὰ Κέρβερον,","βαίην καὶ φύλακον νεκύων πεδὰ Κέρβερον,",tlg0005.tlg001.perseus-grc2.xml
Idylls,tlg001,29,39,τότα δʼ οὐδὲ καλεῦντος ἐπʼ αὐλεΐαις θύραις,τότα δ’ οὐδὲ καλεῦντος ἐπ’ αὐλεΐαις θύραις,tlg0005.tlg001.perseus-grc2.xml
Idylls,tlg001,29,40,προμόλοιμί κε παυσάμενος χαλέπω πόθω.,προμόλοιμί κε παυσάμενος χαλέπω πόθω.,tlg0005.tlg001.perseus-grc2.xml
Idylls,tlg001,30,1,Ὤιαι τῶ χαλεπῶ καἰνομόρω τῶδε νοσήματος·,Ὤιαι τῶ χαλεπῶ καἰνομόρω τῶδε νοσήματος·,tlg0005.tlg001.perseus-grc2.xml
Idylls,tlg001,30,2,"τετορταῖος ἔχει, παιδὸς ἔρως, μῆνά με δεύτερον,","τετορταῖος ἔχει, παιδὸς ἔρως, μῆνά με δεύτερον,",tlg0005.tlg001.perseus-grc2.xml
Idylls,tlg001,30,3,"μᾶκος μὲν μετρίω γʼ, ἀλλʼ ὁπόσον τῶ πέδα περρέχε","μᾶκος μὲν μετρίω γ’, ἀλλ’ ὁπόσον τῶ πέδα περρέχε",tlg0005.tlg001.perseus-grc2.xml
Idylls,tlg001,30,4,τᾶς γᾶς τοῦτο χάρις· ταῖς δὲ παραύαις γλυκὺ μειδίαι.,τᾶς γᾶς τοῦτο χάρις· ταῖς δὲ παραύαις γλυκὺ μειδίαι.,tlg0005.tlg001.perseus-grc2.xml
Idylls,tlg001,30,5,"καὶ νῦν μὲν τὸ κακὸν ταῖς μὲν ἔχει, ταῖσι δέ μʼ οὐκέτι,","καὶ νῦν μὲν τὸ κακὸν ταῖς μὲν ἔχει, ταῖσι δέ μ’ οὐκέτι,",tlg0005.tlg001.perseus-grc2.xml
Idylls,tlg001,30,6,τάχα δʼ οὐδʼ ὅσον ὕπνω ’πιτύχην ἔσσετʼ ἐρωία·,τάχα δ’ οὐδ’ ὅσον ὕπνω ’ πιτύχην ἔσσετ’ ἐρωία·,tlg0005.tlg001.perseus-grc2.xml
Idylls,tlg001,30,7,ἐχθὲς γὰρ παριὼν ἔδρακε λέπτʼ ἄμμε διʼ ὀφρύγων,ἐχθὲς γὰρ παριὼν ἔδρακε λέπτ’ ἄμμε δι’ ὀφρύγων,tlg0005.tlg001.perseus-grc2.xml
Idylls,tlg001,30,8,"αἰδεσθεὶς ποτίδην ἀντίος, ἠρεύθετο δὲ χρόα.","αἰδεσθεὶς ποτίδην ἀντίος, ἠρεύθετο δὲ χρόα.",tlg0005.tlg001.perseus-grc2.xml
Idylls,tlg001,30,9,"ἔμεθεν δὲ πλέον τᾶς κραδίας ὥʼ ρος ἐδράξατο,","ἔμεθεν δὲ πλέον τᾶς κραδίας ὥ’ ρος ἐδράξατο,",tlg0005.tlg001.perseus-grc2.xml
Idylls,tlg001,30,10,εἰς οἶκον δʼ ἀπέβαν ἕλκος ἔχων καὶ τὸ κέαρ δακών.,εἰς οἶκον δ’ ἀπέβαν ἕλκος ἔχων καὶ τὸ κέαρ δακών.,tlg0005.tlg001.perseus-grc2.xml
Idylls,tlg001,30,11,πολλὰ δʼ εἰσκαλέσας θυμὸν ἐμαυτοῦ διελεξάμαν·,πολλὰ δ’ εἰσκαλέσας θυμὸν ἐμαυτοῦ διελεξάμαν·,tlg0005.tlg001.perseus-grc2.xml
Idylls,tlg001,30,12,τί δὴ ταῦτα ποίης; ἀλοσύνας τί ἔσχατον ἔσσεται;,τί δὴ ταῦτα ποίης; ἀλοσύνας τί ἔσχατον ἔσσεται;,tlg0005.tlg001.perseus-grc2.xml
Idylls,tlg001,30,13,λεύκας οὐκετʼ ἴσησθʼ ὅττι φορῇς ἐν κροτάφοις τρίχας;,λεύκας οὐκετ’ ἴσησθ’ ὅττι φορῇς ἐν κροτάφοις τρίχας;,tlg0005.tlg001.perseus-grc2.xml
Idylls,tlg001,30,14,ὧρά τοι φρονέειν μὴ οὔτι νέος τὰν ἰδέαν πέλῃ.,ὧρά τοι φρονέειν μὴ οὔτι νέος τὰν ἰδέαν πέλῃ.,tlg0005.tlg001.perseus-grc2.xml
Idylls,tlg001,30,15,πάντʼ ἔρδης ἅπερ οἱ τῶν ἐτέων ἄρτι γεγευμένοι.,πάντ’ ἔρδης ἅπερ οἱ τῶν ἐτέων ἄρτι γεγευμένοι.,tlg0005.tlg001.perseus-grc2.xml
Idylls,tlg001,30,16,"καὶ μὰν ἄλλο δε λάθει· τόδʼ ἄρʼ ἦς λώιον, ἔμμεναι","καὶ μὰν ἄλλο δε λάθει· τόδ’ ἄρ’ ἦς λώιον, ἔμμεναι",tlg0005.tlg001.perseus-grc2.xml
Idylls,tlg001,30,17,ξέννον τῶν χαλεπῶν παιδὸς ἐράννω παράπαν πόθων,ξέννον τῶν χαλεπῶν παιδὸς ἐράννω παράπαν πόθων,tlg0005.tlg001.perseus-grc2.xml
Idylls,tlg001,30,18,"τῷ μὲν γὰρ βίος ἕρπει προγόνοις ἶσʼ ἐλάφω θοᾶς,","τῷ μὲν γὰρ βίος ἕρπει προγόνοις ἶσ’ ἐλάφω θοᾶς,",tlg0005.tlg001.perseus-grc2.xml
Idylls,tlg001,30,19,χαλάσει δʼ ἑτέρᾳ ποντοπόρην αὔριον ἄρμενα.,χαλάσει δ’ ἑτέρᾳ ποντοπόρην αὔριον ἄρμενα.,tlg0005.tlg001.perseus-grc2.xml
Idylls,tlg001,30,20,οὐδʼ αὐτῷ γλυκερᾶς ἄνθεμον ἅβας πεδʼ ὐμαλίκων,οὐδ’ αὐτῷ γλυκερᾶς ἄνθεμον ἅβας πεδ’ ὐμαλίκων,tlg0005.tlg001.perseus-grc2.xml
Idylls,tlg001,30,21,μένει· τῷ δʼ ὁ πόθος καὶ τὸν ἔσω μυελὸν ἐσθίει,μένει· τῷ δ’ ὁ πόθος καὶ τὸν ἔσω μυελὸν ἐσθίει,tlg0005.tlg001.perseus-grc2.xml
Idylls,tlg001,30,22,"ὀμμιμνασκομένῳ· πολλὰ δʼ ὄρη νυκτὸς ἐνύπνια,","ὀμμιμνασκομένῳ· πολλὰ δ’ ὄρη νυκτὸς ἐνύπνια,",tlg0005.tlg001.perseus-grc2.xml
Idylls,tlg001,30,23,παύσασθαι δʼ ἐνιαυτὸς χαλεπᾶς οὐκ ἰκανὸς νόσω.,παύσασθαι δ’ ἐνιαυτὸς χαλεπᾶς οὐκ ἰκανὸς νόσω.,tlg0005.tlg001.perseus-grc2.xml
Idylls,tlg001,30,24,ταῦτα χἅτερα πολλὰ προτʼ ἐμὸν θυμὸν ἐμεμψάμαν.,ταῦτα χἅτερα πολλὰ προτ’ ἐμὸν θυμὸν ἐμεμψάμαν.,tlg0005.tlg001.perseus-grc2.xml
Idylls,tlg001,30,25,ὁ δὲ τοῦτʼ ἔφατʼ· ὄττις δοκίμοι τὸν δολομάχανον,ὁ δὲ τοῦτ’ ἔφατ’· ὄττις δοκίμοι τὸν δολομάχανον,tlg0005.tlg001.perseus-grc2.xml
Idylls,tlg001,30,26,"νικάσειν Ἔρον, οὗτος δοκίμοι τοὶς ὑπὲρ ἄμμεων","νικάσειν Ἔρον, οὗτος δοκίμοι τοὶς ὑπὲρ ἄμμεων",tlg0005.tlg001.perseus-grc2.xml
Idylls,tlg001,30,27,εὑρεῖν βραϊδίως ἀστέρας ὁπποσσάκιν ἐννέα.,εὑρεῖν βραϊδίως ἀστέρας ὁπποσσάκιν ἐννέα.,tlg0005.tlg001.perseus-grc2.xml
Idylls,tlg001,30,28,"καὶ νῦν, εἴτʼ ἐθέλω, χρή με μακρὸν σχόντα τὸν ἄμφενα","καὶ νῦν, εἴτ’ ἐθέλω, χρή με μακρὸν σχόντα τὸν ἄμφενα",tlg0005.tlg001.perseus-grc2.xml
Idylls,tlg001,30,29,"ἕλκειν τὸν ζυγόν, εἴτʼ οὐκ ἐθέλω· ταῦτα γὰρ ὦγαθὲ","ἕλκειν τὸν ζυγόν, εἴτ’ οὐκ ἐθέλω· ταῦτα γὰρ ὦγαθὲ",tlg0005.tlg001.perseus-grc2.xml
Idylls,tlg001,30,30,"βούλεται θέος, ὃς καὶ Διὸς ἔσφαλε μέγαν νόον","βούλεται θέος, ὃς καὶ Διὸς ἔσφαλε μέγαν νόον",tlg0005.tlg001.perseus-grc2.xml
Idylls,tlg001,30,31,"καὔτας Κυπρογενήας· ἔμε μάν, φύλλον ἐπάμερον,","καὔτας Κυπρογενήας· ἔμε μάν, φύλλον ἐπάμερον,",tlg0005.tlg001.perseus-grc2.xml
Idylls,tlg001,30,32,σμίκρας δεύμενον αὔρας ὀνέμων ᾇ κε θέλῃ φόρη.,σμίκρας δεύμενον αὔρας ὀνέμων ᾇ κε θέλῃ φόρη.,tlg0005.tlg001.perseus-grc2.xml
