work,tlg,book,n,text,text_clean,source
Argonautica,tlg001,1,1,"ἀρχόμενος σέο, Φοῖβε, παλαιγενέων κλέα φωτῶν","ἀρχόμενος σέο, Φοῖβε, παλαιγενέων κλέα φωτῶν",tlg0001.tlg001.perseus-grc2.xml
Argonautica,tlg001,1,2,"μνήσομαι, οἳ Πόντοιο κατὰ στόμα καὶ διὰ πέτρας","μνήσομαι, οἳ Πόντοιο κατὰ στόμα καὶ διὰ πέτρας",tlg0001.tlg001.perseus-grc2.xml
Argonautica,tlg001,1,3,Κυανέας βασιλῆος ἐφημοσύνῃ Πελίαο,Κυανέας βασιλῆος ἐφημοσύνῃ Πελίαο,tlg0001.tlg001.perseus-grc2.xml
Argonautica,tlg001,1,4,χρύσειον μετὰ κῶας ἐύζυγον ἤλασαν Ἀργώ.,χρύσειον μετὰ κῶας ἐύζυγον ἤλασαν Ἀργώ.,tlg0001.tlg001.perseus-grc2.xml
Argonautica,tlg001,1,5,"τοίην γὰρ Πελίης φάτιν ἔκλυεν, ὥς μιν ὀπίσσω","τοίην γὰρ Πελίης φάτιν ἔκλυεν, ὥς μιν ὀπίσσω",tlg0001.tlg001.perseus-grc2.xml
Argonautica,tlg001,1,6,"μοῖρα μένει στυγερή, τοῦδʼ ἀνέρος, ὅντινʼ ἴδοιτο","μοῖρα μένει στυγερή, τοῦδ’ ἀνέρος, ὅντιν’ ἴδοιτο",tlg0001.tlg001.perseus-grc2.xml
Argonautica,tlg001,1,7,"δημόθεν οἰοπέδιλον, ὑπʼ ἐννεσίῃσι δαμῆναι.","δημόθεν οἰοπέδιλον, ὑπ’ ἐννεσίῃσι δαμῆναι.",tlg0001.tlg001.perseus-grc2.xml
Argonautica,tlg001,1,8,δηρὸν δʼ οὐ μετέπειτα τεὴν κατὰ βάξιν Ἰήσων,δηρὸν δ’ οὐ μετέπειτα τεὴν κατὰ βάξιν Ἰήσων,tlg0001.tlg001.perseus-grc2.xml
Argonautica,tlg001,1,9,χειμερίοιο ῥέεθρα κιὼν διὰ ποσσὶν Ἀναύρου,χειμερίοιο ῥέεθρα κιὼν διὰ ποσσὶν Ἀναύρου,tlg0001.tlg001.perseus-grc2.xml
Argonautica,tlg001,1,10,"ἄλλο μὲν ἐξεσάωσεν ὑπʼ ἰλύος, ἄλλο δʼ ἔνερθεν","ἄλλο μὲν ἐξεσάωσεν ὑπ’ ἰλύος, ἄλλο δ’ ἔνερθεν",tlg0001.tlg001.perseus-grc2.xml
Argonautica,tlg001,1,11,κάλλιπεν αὖθι πέδιλον ἐνισχόμενον προχοῇσιν.,κάλλιπεν αὖθι πέδιλον ἐνισχόμενον προχοῇσιν.,tlg0001.tlg001.perseus-grc2.xml
Argonautica,tlg001,1,12,ἵκετο δʼ ἐς Πελίην αὐτοσχεδὸν ἀντιβολήσων,ἵκετο δ’ ἐς Πελίην αὐτοσχεδὸν ἀντιβολήσων,tlg0001.tlg001.perseus-grc2.xml
Argonautica,tlg001,1,13,"εἰλαπίνης, ἣν πατρὶ Ποσειδάωνι καὶ ἄλλοις","εἰλαπίνης, ἣν πατρὶ Ποσειδάωνι καὶ ἄλλοις",tlg0001.tlg001.perseus-grc2.xml
Argonautica,tlg001,1,14,"ῥέζε θεοῖς, Ἥρης δὲ Πελασγίδος οὐκ ἀλέγιζεν.","ῥέζε θεοῖς, Ἥρης δὲ Πελασγίδος οὐκ ἀλέγιζεν.",tlg0001.tlg001.perseus-grc2.xml
Argonautica,tlg001,1,15,"αἶψα δὲ τόνγʼ ἐσιδὼν ἐφράσσατο, καί οἱ ἄεθλον","αἶψα δὲ τόνγ’ ἐσιδὼν ἐφράσσατο, καί οἱ ἄεθλον",tlg0001.tlg001.perseus-grc2.xml
Argonautica,tlg001,1,16,"ἔντυε ναυτιλίης πολυκηδέος, ὄφρʼ ἐνὶ πόντῳ","ἔντυε ναυτιλίης πολυκηδέος, ὄφρ’ ἐνὶ πόντῳ",tlg0001.tlg001.perseus-grc2.xml
Argonautica,tlg001,1,17,ἠὲ καὶ ἀλλοδαποῖσι μετʼ ἀνδράσι νόστον ὀλέσσῃ.,ἠὲ καὶ ἀλλοδαποῖσι μετ’ ἀνδράσι νόστον ὀλέσσῃ.,tlg0001.tlg001.perseus-grc2.xml
Argonautica,tlg001,1,18,νῆα μὲν οὖν οἱ πρόσθεν ἐπικλείουσιν ἀοιδοὶ,νῆα μὲν οὖν οἱ πρόσθεν ἐπικλείουσιν ἀοιδοὶ,tlg0001.tlg001.perseus-grc2.xml
Argonautica,tlg001,1,19,Ἄργον Ἀθηναίης καμέειν ὑποθημοσύνῃσιν.,Ἄργον Ἀθηναίης καμέειν ὑποθημοσύνῃσιν.,tlg0001.tlg001.perseus-grc2.xml
Argonautica,tlg001,1,20,νῦν δʼ ἂν ἐγὼ γενεήν τε καὶ οὔνομα μυθησαίμην,νῦν δ’ ἂν ἐγὼ γενεήν τε καὶ οὔνομα μυθησαίμην,tlg0001.tlg001.perseus-grc2.xml
Argonautica,tlg001,1,21,"ἡρώων, δολιχῆς τε πόρους ἁλός, ὅσσα τʼ ἔρεξαν","ἡρώων, δολιχῆς τε πόρους ἁλός, ὅσσα τ’ ἔρεξαν",tlg0001.tlg001.perseus-grc2.xml
Argonautica,tlg001,1,22,πλαζόμενοι· Μοῦσαι δʼ ὑποφήτορες εἶεν ἀοιδῆς.,πλαζόμενοι· Μοῦσαι δ’ ὑποφήτορες εἶεν ἀοιδῆς.,tlg0001.tlg001.perseus-grc2.xml
Argonautica,tlg001,1,23,"πρῶτά νυν Ὀρφῆος μνησώμεθα, τόν ῥά ποτʼ αὐτὴ","πρῶτά νυν Ὀρφῆος μνησώμεθα, τόν ῥά ποτ’ αὐτὴ",tlg0001.tlg001.perseus-grc2.xml
Argonautica,tlg001,1,24,Καλλιόπη Θρήικι φατίζεται εὐνηθεῖσα,Καλλιόπη Θρήικι φατίζεται εὐνηθεῖσα,tlg0001.tlg001.perseus-grc2.xml
Argonautica,tlg001,1,25,Οἰάγρῳ σκοπιῆς Πιμπληίδος ἄγχι τεκέσθαι,Οἰάγρῳ σκοπιῆς Πιμπληίδος ἄγχι τεκέσθαι,tlg0001.tlg001.perseus-grc2.xml
Argonautica,tlg001,1,26,αὐτὰρ τόνγʼ ἐνέπουσιν ἀτειρέας οὔρεσι πέτρας,αὐτὰρ τόνγ’ ἐνέπουσιν ἀτειρέας οὔρεσι πέτρας,tlg0001.tlg001.perseus-grc2.xml
Argonautica,tlg001,1,27,θέλξαι ἀοιδάων ἐνοπῇ ποταμῶν τε ῥέεθρα.,θέλξαι ἀοιδάων ἐνοπῇ ποταμῶν τε ῥέεθρα.,tlg0001.tlg001.perseus-grc2.xml
Argonautica,tlg001,1,28,"φηγοὶ δʼ ἀγριάδες, κείνης ἔτι σήματα μολπῆς,","φηγοὶ δ’ ἀγριάδες, κείνης ἔτι σήματα μολπῆς,",tlg0001.tlg001.perseus-grc2.xml
Argonautica,tlg001,1,29,ἀκτῆς Θρηικίης Ζώνης ἔπι τηλεθόωσαι,ἀκτῆς Θρηικίης Ζώνης ἔπι τηλεθόωσαι,tlg0001.tlg001.perseus-grc2.xml
Argonautica,tlg001,1,30,"ἑξείης στιχόωσιν ἐπήτριμοι, ἃς ὅγʼ ἐπιπρὸ","ἑξείης στιχόωσιν ἐπήτριμοι, ἃς ὅγ’ ἐπιπρὸ",tlg0001.tlg001.perseus-grc2.xml
Argonautica,tlg001,1,31,θελγομένας φόρμιγγι κατήγαγε Πιερίηθεν.,θελγομένας φόρμιγγι κατήγαγε Πιερίηθεν.,tlg0001.tlg001.perseus-grc2.xml
Argonautica,tlg001,1,32,Ὀρφέα μὲν δὴ τοῖον ἑῶν ἐπαρωγὸν ἀέθλων,Ὀρφέα μὲν δὴ τοῖον ἑῶν ἐπαρωγὸν ἀέθλων,tlg0001.tlg001.perseus-grc2.xml
Argonautica,tlg001,1,33,Αἰσονίδης Χείρωνος ἐφημοσύνῃσι πιθήσας,Αἰσονίδης Χείρωνος ἐφημοσύνῃσι πιθήσας,tlg0001.tlg001.perseus-grc2.xml
Argonautica,tlg001,1,34,"δέξατο, Πιερίῃ Βιστωνίδι κοιρανέοντα.","δέξατο, Πιερίῃ Βιστωνίδι κοιρανέοντα.",tlg0001.tlg001.perseus-grc2.xml
Argonautica,tlg001,1,35,"ἤλυθε δʼ Ἀστερίων αὐτοσχεδόν, ὅν ῥα Κομήτης","ἤλυθε δ’ Ἀστερίων αὐτοσχεδόν, ὅν ῥα Κομήτης",tlg0001.tlg001.perseus-grc2.xml
Argonautica,tlg001,1,36,"γείνατο δινήεντος ἐφʼ ὕδασιν Ἀπιδανοῖο,","γείνατο δινήεντος ἐφ’ ὕδασιν Ἀπιδανοῖο,",tlg0001.tlg001.perseus-grc2.xml
Argonautica,tlg001,1,37,"Πειρεσιὰς ὄρεος Φυλληίου ἀγχόθι ναίων,","Πειρεσιὰς ὄρεος Φυλληίου ἀγχόθι ναίων,",tlg0001.tlg001.perseus-grc2.xml
Argonautica,tlg001,1,38,ἔνθα μὲν Ἀπιδανός τε μέγας καὶ δῖος Ἐνιπεὺς,ἔνθα μὲν Ἀπιδανός τε μέγας καὶ δῖος Ἐνιπεὺς,tlg0001.tlg001.perseus-grc2.xml
Argonautica,tlg001,1,39,"ἄμφω συμφορέονται, ἀπόπροθεν εἰς ἓν ἰόντες.","ἄμφω συμφορέονται, ἀπόπροθεν εἰς ἓν ἰόντες.",tlg0001.tlg001.perseus-grc2.xml
Argonautica,tlg001,1,40,Λάρισαν δʼ ἐπὶ τοῖσι λιπὼν Πολύφημος ἵκανεν,Λάρισαν δ’ ἐπὶ τοῖσι λιπὼν Πολύφημος ἵκανεν,tlg0001.tlg001.perseus-grc2.xml
Argonautica,tlg001,1,41,"Εἰλατίδης, ὃς πρὶν μὲν ἐρισθενέων Λαπιθάων,","Εἰλατίδης, ὃς πρὶν μὲν ἐρισθενέων Λαπιθάων,",tlg0001.tlg001.perseus-grc2.xml
Argonautica,tlg001,1,42,"ὁππότε Κενταύροις Λαπίθαι ἐπὶ θωρήσσοντο,","ὁππότε Κενταύροις Λαπίθαι ἐπὶ θωρήσσοντο,",tlg0001.tlg001.perseus-grc2.xml
Argonautica,tlg001,1,43,ὁπλότερος πολέμιζε· τότʼ αὖ βαρύθεσκέ οἱ ἤδη,ὁπλότερος πολέμιζε· τότ’ αὖ βαρύθεσκέ οἱ ἤδη,tlg0001.tlg001.perseus-grc2.xml
Argonautica,tlg001,1,44,"γυῖα, μένεν δʼ ἔτι θυμὸς ἀρήιος, ὡς τὸ πάρος περ.","γυῖα, μένεν δ’ ἔτι θυμὸς ἀρήιος, ὡς τὸ πάρος περ.",tlg0001.tlg001.perseus-grc2.xml
Argonautica,tlg001,1,45,"οὐδὲ μὲν Ἴφικλος Φυλάκῃ ἔνι δηρὸν ἔλειπτο,","οὐδὲ μὲν Ἴφικλος Φυλάκῃ ἔνι δηρὸν ἔλειπτο,",tlg0001.tlg001.perseus-grc2.xml
Argonautica,tlg001,1,46,μήτρως Αἰσονίδαο· κασιγνήτην γὰρ ὄπυιεν,μήτρως Αἰσονίδαο· κασιγνήτην γὰρ ὄπυιεν,tlg0001.tlg001.perseus-grc2.xml
Argonautica,tlg001,1,47,Αἴσων Ἀλκιμέδην Φυλακηίδα· τῆς μιν ἀνώγει,Αἴσων Ἀλκιμέδην Φυλακηίδα· τῆς μιν ἀνώγει,tlg0001.tlg001.perseus-grc2.xml
Argonautica,tlg001,1,48,πηοσύνη καὶ κῆδος ἐνικρινθῆναι ὁμίλῳ.,πηοσύνη καὶ κῆδος ἐνικρινθῆναι ὁμίλῳ.,tlg0001.tlg001.perseus-grc2.xml
Argonautica,tlg001,1,49,οὐδὲ Φεραῖς Ἄδμητος ἐυρρήνεσσιν ἀνάσσων,οὐδὲ Φεραῖς Ἄδμητος ἐυρρήνεσσιν ἀνάσσων,tlg0001.tlg001.perseus-grc2.xml
Argonautica,tlg001,1,50,μίμνεν ὑπὸ σκοπιὴν ὄρεος Χαλκωδονίοιο.,μίμνεν ὑπὸ σκοπιὴν ὄρεος Χαλκωδονίοιο.,tlg0001.tlg001.perseus-grc2.xml
Argonautica,tlg001,1,51,οὐδʼ Ἀλόπῃ μίμνον πολυλήιοι Ἑρμείαο,οὐδ’ Ἀλόπῃ μίμνον πολυλήιοι Ἑρμείαο,tlg0001.tlg001.perseus-grc2.xml
Argonautica,tlg001,1,52,"υἱέες εὖ δεδαῶτε δόλους, Ἔρυτος καὶ Ἐχίων,","υἱέες εὖ δεδαῶτε δόλους, Ἔρυτος καὶ Ἐχίων,",tlg0001.tlg001.perseus-grc2.xml
Argonautica,tlg001,1,53,τοῖσι δʼ ἐπὶ τρίτατος γνωτὸς κίε νισσομένοισιν,τοῖσι δ’ ἐπὶ τρίτατος γνωτὸς κίε νισσομένοισιν,tlg0001.tlg001.perseus-grc2.xml
Argonautica,tlg001,1,54,Αἰθαλίδης· καὶ τὸν μὲν ἐπʼ Ἀμφρυσσοῖο ῥοῇσιν,Αἰθαλίδης· καὶ τὸν μὲν ἐπ’ Ἀμφρυσσοῖο ῥοῇσιν,tlg0001.tlg001.perseus-grc2.xml
Argonautica,tlg001,1,55,Μυρμιδόνος κούρη Φθιὰς τέκεν Εὐπολέμεια·,Μυρμιδόνος κούρη Φθιὰς τέκεν Εὐπολέμεια·,tlg0001.tlg001.perseus-grc2.xml
Argonautica,tlg001,1,56,τὼ δʼ αὖτʼ ἐκγεγάτην Μενετηίδος Ἀντιανείρης.,τὼ δ’ αὖτ’ ἐκγεγάτην Μενετηίδος Ἀντιανείρης.,tlg0001.tlg001.perseus-grc2.xml
Argonautica,tlg001,1,57,ἤλυθε δʼ ἀφνειὴν προλιπὼν Γυρτῶνα Κόρωνος,ἤλυθε δ’ ἀφνειὴν προλιπὼν Γυρτῶνα Κόρωνος,tlg0001.tlg001.perseus-grc2.xml
Argonautica,tlg001,1,58,"Καινεΐδης, ἐσθλὸς μέν, ἑοῦ δʼ οὐ πατρὸς ἀμείνων.","Καινεΐδης, ἐσθλὸς μέν, ἑοῦ δ’ οὐ πατρὸς ἀμείνων.",tlg0001.tlg001.perseus-grc2.xml
Argonautica,tlg001,1,59,Καινέα γὰρ ζῶόν περ ἔτι κλείουσιν ἀοιδοὶ,Καινέα γὰρ ζῶόν περ ἔτι κλείουσιν ἀοιδοὶ,tlg0001.tlg001.perseus-grc2.xml
Argonautica,tlg001,1,60,"Κενταύροισιν ὀλέσθαι, ὅτε σφέας οἶος ἀπʼ ἄλλων","Κενταύροισιν ὀλέσθαι, ὅτε σφέας οἶος ἀπ’ ἄλλων",tlg0001.tlg001.perseus-grc2.xml
Argonautica,tlg001,1,61,ἤλασʼ ἀριστήων· οἱ δʼ ἔμπαλιν ὁρμηθέντες,ἤλασ’ ἀριστήων· οἱ δ’ ἔμπαλιν ὁρμηθέντες,tlg0001.tlg001.perseus-grc2.xml
Argonautica,tlg001,1,62,"οὔτε μιν ἐγκλῖναι προτέρω σθένον, οὔτε δαΐξαι·","οὔτε μιν ἐγκλῖναι προτέρω σθένον, οὔτε δαΐξαι·",tlg0001.tlg001.perseus-grc2.xml
Argonautica,tlg001,1,63,"ἀλλʼ ἄρρηκτος ἄκαμπτος ἐδύσετο νειόθι γαίης,","ἀλλ’ ἄρρηκτος ἄκαμπτος ἐδύσετο νειόθι γαίης,",tlg0001.tlg001.perseus-grc2.xml
Argonautica,tlg001,1,64,θεινόμενος στιβαρῇσι καταΐγδην ἐλάτῃσιν.,θεινόμενος στιβαρῇσι καταΐγδην ἐλάτῃσιν.,tlg0001.tlg001.perseus-grc2.xml
Argonautica,tlg001,1,65,"ἤλυθε δʼ αὖ Μόψος Τιταρήσιος, ὃν περὶ πάντων","ἤλυθε δ’ αὖ Μόψος Τιταρήσιος, ὃν περὶ πάντων",tlg0001.tlg001.perseus-grc2.xml
Argonautica,tlg001,1,66,Λητοΐδης ἐδίδαξε θεοπροπίας οἰωνῶν·,Λητοΐδης ἐδίδαξε θεοπροπίας οἰωνῶν·,tlg0001.tlg001.perseus-grc2.xml
Argonautica,tlg001,1,67,ἠδὲ καὶ Εὐρυδάμας Κτιμένου πάις· ἄγχι δὲ λίμνης,ἠδὲ καὶ Εὐρυδάμας Κτιμένου πάις· ἄγχι δὲ λίμνης,tlg0001.tlg001.perseus-grc2.xml
Argonautica,tlg001,1,68,Ξυνιάδος Κτιμένην Δολοπηίδα ναιετάασκεν.,Ξυνιάδος Κτιμένην Δολοπηίδα ναιετάασκεν.,tlg0001.tlg001.perseus-grc2.xml
Argonautica,tlg001,1,69,καὶ μὴν Ἄκτωρ υἷα Μενοίτιον ἐξ Ὀπόεντος,καὶ μὴν Ἄκτωρ υἷα Μενοίτιον ἐξ Ὀπόεντος,tlg0001.tlg001.perseus-grc2.xml
Argonautica,tlg001,1,70,"ὦρσεν, ἀριστήεσσι σὺν ἀνδράσιν ὄφρα νέοιτο.","ὦρσεν, ἀριστήεσσι σὺν ἀνδράσιν ὄφρα νέοιτο.",tlg0001.tlg001.perseus-grc2.xml
Argonautica,tlg001,1,71,"εἵπετο δʼ Εὐρυτίων τε καὶ ἀλκήεις Ἐρυβώτης,","εἵπετο δ’ Εὐρυτίων τε καὶ ἀλκήεις Ἐρυβώτης,",tlg0001.tlg001.perseus-grc2.xml
Argonautica,tlg001,1,72,"υἷες ὁ μὲν Τελέοντος, ὁ δʼ Ἴρου Ἀκτορίδαο·","υἷες ὁ μὲν Τελέοντος, ὁ δ’ Ἴρου Ἀκτορίδαο·",tlg0001.tlg001.perseus-grc2.xml
Argonautica,tlg001,1,73,"ἤτοι ὁ μὲν Τελέοντος ἐυκλειὴς Ἐρυβώτης,","ἤτοι ὁ μὲν Τελέοντος ἐυκλειὴς Ἐρυβώτης,",tlg0001.tlg001.perseus-grc2.xml
Argonautica,tlg001,1,74,"Ἴρου δʼ Εὐρυτίων. σὺν καὶ τρίτος ἦεν Ὀιλεύς,","Ἴρου δ’ Εὐρυτίων. σὺν καὶ τρίτος ἦεν Ὀιλεύς,",tlg0001.tlg001.perseus-grc2.xml
Argonautica,tlg001,1,75,ἔξοχος ἠνορέην καὶ ἐπαΐξαι μετόπισθεν,ἔξοχος ἠνορέην καὶ ἐπαΐξαι μετόπισθεν,tlg0001.tlg001.perseus-grc2.xml
Argonautica,tlg001,1,76,"εὖ δεδαὼς δῄοισιν, ὅτε κλίνωσι φάλαγγας.","εὖ δεδαὼς δῄοισιν, ὅτε κλίνωσι φάλαγγας.",tlg0001.tlg001.perseus-grc2.xml
Argonautica,tlg001,1,77,"αὐτὰρ ἀπʼ Εὐβοίης Κάνθος κίε, τόν ῥα Κάνηθος","αὐτὰρ ἀπ’ Εὐβοίης Κάνθος κίε, τόν ῥα Κάνηθος",tlg0001.tlg001.perseus-grc2.xml
Argonautica,tlg001,1,78,πέμπεν Ἀβαντιάδης λελιημένον· οὐ μὲν ἔμελλεν,πέμπεν Ἀβαντιάδης λελιημένον· οὐ μὲν ἔμελλεν,tlg0001.tlg001.perseus-grc2.xml
Argonautica,tlg001,1,79,νοστήσειν Κήρινθον ὑπότροπος. αισα γὰρ ἦεν,νοστήσειν Κήρινθον ὑπότροπος. αισα γὰρ ἦεν,tlg0001.tlg001.perseus-grc2.xml
Argonautica,tlg001,1,80,αὐτὸν ὁμῶς Μόψον τε δαήμονα μαντοσυνάων,αὐτὸν ὁμῶς Μόψον τε δαήμονα μαντοσυνάων,tlg0001.tlg001.perseus-grc2.xml
Argonautica,tlg001,1,81,"πλαγχθέντας Λιβύης ἐνὶ πείρασι δῃωθῆναι,","πλαγχθέντας Λιβύης ἐνὶ πείρασι δῃωθῆναι,",tlg0001.tlg001.perseus-grc2.xml
Argonautica,tlg001,1,82,"ὡς οὐκ ἀνθρώποισι κακὸν μήκιστον ἐπαυρεῖν,","ὡς οὐκ ἀνθρώποισι κακὸν μήκιστον ἐπαυρεῖν,",tlg0001.tlg001.perseus-grc2.xml
Argonautica,tlg001,1,83,"ὁππότε κἀκείνους Λιβύῃ ἔνι ταρχύσαντο,","ὁππότε κἀκείνους Λιβύῃ ἔνι ταρχύσαντο,",tlg0001.tlg001.perseus-grc2.xml
Argonautica,tlg001,1,84,"τόσσον ἑκὰς Κόλχων, ὅσσον τέ περ ἠελίοιο","τόσσον ἑκὰς Κόλχων, ὅσσον τέ περ ἠελίοιο",tlg0001.tlg001.perseus-grc2.xml
Argonautica,tlg001,1,85,μεσσηγὺς δύσιές τε καὶ ἀντολαὶ εἰσορόωνται.,μεσσηγὺς δύσιές τε καὶ ἀντολαὶ εἰσορόωνται.,tlg0001.tlg001.perseus-grc2.xml
Argonautica,tlg001,1,86,"τῷ δʼ ἄρʼ ἐπὶ Κλυτίος τε καὶ Ἴφιτος ἠγερέθοντο,","τῷ δ’ ἄρ’ ἐπὶ Κλυτίος τε καὶ Ἴφιτος ἠγερέθοντο,",tlg0001.tlg001.perseus-grc2.xml
Argonautica,tlg001,1,87,"Οἰχαλίης ἐπίουροι, ἀπηνέος Εὐρύτου υἷες,","Οἰχαλίης ἐπίουροι, ἀπηνέος Εὐρύτου υἷες,",tlg0001.tlg001.perseus-grc2.xml
Argonautica,tlg001,1,88,"Εὐρύτου, ᾧ πόρε τόξον Ἑκηβόλος· οὐδʼ ἀπόνητο","Εὐρύτου, ᾧ πόρε τόξον Ἑκηβόλος· οὐδ’ ἀπόνητο",tlg0001.tlg001.perseus-grc2.xml
Argonautica,tlg001,1,89,δωτίνης· αὐτῷ γὰρ ἑκὼν ἐρίδηνε δοτῆρι.,δωτίνης· αὐτῷ γὰρ ἑκὼν ἐρίδηνε δοτῆρι.,tlg0001.tlg001.perseus-grc2.xml
Argonautica,tlg001,1,90,"τοῖσι δʼ ἐπʼ Αἰακίδαι μετεκίαθον· οὐ μὲν ἅμʼ ἄμφω,","τοῖσι δ’ ἐπ’ Αἰακίδαι μετεκίαθον· οὐ μὲν ἅμ’ ἄμφω,",tlg0001.tlg001.perseus-grc2.xml
Argonautica,tlg001,1,91,οὐδʼ ὁμόθεν· νόσφιν γὰρ ἀλευάμενοι κατένασθεν,οὐδ’ ὁμόθεν· νόσφιν γὰρ ἀλευάμενοι κατένασθεν,tlg0001.tlg001.perseus-grc2.xml
Argonautica,tlg001,1,92,"Αἰγίνης, ὅτε Φῶκον ἀδελφεὸν ἐξενάριξαν","Αἰγίνης, ὅτε Φῶκον ἀδελφεὸν ἐξενάριξαν",tlg0001.tlg001.perseus-grc2.xml
Argonautica,tlg001,1,93,ἀφραδίῃ. Τελαμὼν μὲν ἐν Ἀτθίδι νάσσατο νήσῳ·,ἀφραδίῃ. Τελαμὼν μὲν ἐν Ἀτθίδι νάσσατο νήσῳ·,tlg0001.tlg001.perseus-grc2.xml
Argonautica,tlg001,1,94,Πηλεὺς δὲ Φθίῃ ἐνὶ δώματα ναῖε λιασθείς.,Πηλεὺς δὲ Φθίῃ ἐνὶ δώματα ναῖε λιασθείς.,tlg0001.tlg001.perseus-grc2.xml
Argonautica,tlg001,1,95,"τοῖς δʼ ἐπὶ Κεκροπίηθεν ἀρήιος ἤλυθε Βούτης,","τοῖς δ’ ἐπὶ Κεκροπίηθεν ἀρήιος ἤλυθε Βούτης,",tlg0001.tlg001.perseus-grc2.xml
Argonautica,tlg001,1,96,"παῖς ἀγαθοῦ Τελέοντος, ἐυμμελίης τε Φάληρος.","παῖς ἀγαθοῦ Τελέοντος, ἐυμμελίης τε Φάληρος.",tlg0001.tlg001.perseus-grc2.xml
Argonautica,tlg001,1,97,Ἄλκων μιν προέηκε πατὴρ ἑός· οὐ μὲν ἔτʼ ἄλλους,Ἄλκων μιν προέηκε πατὴρ ἑός· οὐ μὲν ἔτ’ ἄλλους,tlg0001.tlg001.perseus-grc2.xml
Argonautica,tlg001,1,98,γήραος υἷας ἔχεν βιότοιό τε κηδεμονῆας.,γήραος υἷας ἔχεν βιότοιό τε κηδεμονῆας.,tlg0001.tlg001.perseus-grc2.xml
Argonautica,tlg001,1,99,ἀλλά ἑ τηλύγετόν περ ὁμῶς καὶ μοῦνον ἐόντα,ἀλλά ἑ τηλύγετόν περ ὁμῶς καὶ μοῦνον ἐόντα,tlg0001.tlg001.perseus-grc2.xml
Argonautica,tlg001,1,100,"πέμπεν, ἵνα θρασέεσσι μεταπρέποι ἡρώεσσιν.","πέμπεν, ἵνα θρασέεσσι μεταπρέποι ἡρώεσσιν.",tlg0001.tlg001.perseus-grc2.xml
Argonautica,tlg001,1,101,"Θησέα δʼ, ὃς περὶ πάντας Ἐρεχθεΐδας ἐκέκαστο,","Θησέα δ’, ὃς περὶ πάντας Ἐρεχθεΐδας ἐκέκαστο,",tlg0001.tlg001.perseus-grc2.xml
Argonautica,tlg001,1,102,"Ταιναρίην ἀίδηλος ὑπὸ χθόνα δεσμὸς ἔρυκεν,","Ταιναρίην ἀίδηλος ὑπὸ χθόνα δεσμὸς ἔρυκεν,",tlg0001.tlg001.perseus-grc2.xml
Argonautica,tlg001,1,103,Πειρίθῳ ἑσπόμενον κοινὴν ὁδόν· ἦ τέ κεν ἄμφω,Πειρίθῳ ἑσπόμενον κοινὴν ὁδόν· ἦ τέ κεν ἄμφω,tlg0001.tlg001.perseus-grc2.xml
Argonautica,tlg001,1,104,ῥηίτερον καμάτοιο τέλος πάντεσσιν ἔθεντο.,ῥηίτερον καμάτοιο τέλος πάντεσσιν ἔθεντο.,tlg0001.tlg001.perseus-grc2.xml
Argonautica,tlg001,1,105,Τῖφυς δʼ Ἁγνιάδης Σιφαέα κάλλιπε δῆμον,Τῖφυς δ’ Ἁγνιάδης Σιφαέα κάλλιπε δῆμον,tlg0001.tlg001.perseus-grc2.xml
Argonautica,tlg001,1,106,"Θεσπιέων, ἐσθλὸς μὲν ὀρινόμενον προδαῆναι","Θεσπιέων, ἐσθλὸς μὲν ὀρινόμενον προδαῆναι",tlg0001.tlg001.perseus-grc2.xml
Argonautica,tlg001,1,107,"κῦμʼ ἁλὸς εὐρείης, ἐσθλὸς δʼ ἀνέμοιο θυέλλας","κῦμ’ ἁλὸς εὐρείης, ἐσθλὸς δ’ ἀνέμοιο θυέλλας",tlg0001.tlg001.perseus-grc2.xml
Argonautica,tlg001,1,108,καὶ πλόον ἠελίῳ τε καὶ ἀστέρι τεκμήρασθαι.,καὶ πλόον ἠελίῳ τε καὶ ἀστέρι τεκμήρασθαι.,tlg0001.tlg001.perseus-grc2.xml
Argonautica,tlg001,1,109,αὐτή μιν Τριτωνὶς ἀριστήων ἐς ὅμιλον,αὐτή μιν Τριτωνὶς ἀριστήων ἐς ὅμιλον,tlg0001.tlg001.perseus-grc2.xml
Argonautica,tlg001,1,110,"ὦρσεν Ἀθηναίη, μετὰ δʼ ἤλυθεν ἐλδομένοισιν.","ὦρσεν Ἀθηναίη, μετὰ δ’ ἤλυθεν ἐλδομένοισιν.",tlg0001.tlg001.perseus-grc2.xml
Argonautica,tlg001,1,111,αὐτὴ γὰρ καὶ νῆα θοὴν κάμε· σὺν δέ οἱ Ἄργος,αὐτὴ γὰρ καὶ νῆα θοὴν κάμε· σὺν δέ οἱ Ἄργος,tlg0001.tlg001.perseus-grc2.xml
Argonautica,tlg001,1,112,τεῦξεν Ἀρεστορίδης κείνης ὑποθημοσύνῃσιν.,τεῦξεν Ἀρεστορίδης κείνης ὑποθημοσύνῃσιν.,tlg0001.tlg001.perseus-grc2.xml
Argonautica,tlg001,1,113,"τῶ καὶ πασάων προφερεστάτη ἔπλετο νηῶν,","τῶ καὶ πασάων προφερεστάτη ἔπλετο νηῶν,",tlg0001.tlg001.perseus-grc2.xml
Argonautica,tlg001,1,114,ὅσσαι ὑπʼ εἰρεσίῃσιν ἐπειρήσαντο θαλάσσης.,ὅσσαι ὑπ’ εἰρεσίῃσιν ἐπειρήσαντο θαλάσσης.,tlg0001.tlg001.perseus-grc2.xml
Argonautica,tlg001,1,115,"Φλίας δʼ αὖτʼ ἐπὶ τοῖσιν Ἀραιθυρέηθεν ἵκανεν,","Φλίας δ’ αὖτ’ ἐπὶ τοῖσιν Ἀραιθυρέηθεν ἵκανεν,",tlg0001.tlg001.perseus-grc2.xml
Argonautica,tlg001,1,116,"ἔνθʼ ἀφνειὸς ἔναιε Διωνύσοιο ἕκητι,","ἔνθ’ ἀφνειὸς ἔναιε Διωνύσοιο ἕκητι,",tlg0001.tlg001.perseus-grc2.xml
Argonautica,tlg001,1,117,"πατρὸς ἑοῦ, πηγῇσιν ἐφέστιος Ἀσωποῖο.","πατρὸς ἑοῦ, πηγῇσιν ἐφέστιος Ἀσωποῖο.",tlg0001.tlg001.perseus-grc2.xml
Argonautica,tlg001,1,118,"Ἀργόθεν αὖ Ταλαὸς καὶ Ἀρήιος, υἷε Βίαντος,","Ἀργόθεν αὖ Ταλαὸς καὶ Ἀρήιος, υἷε Βίαντος,",tlg0001.tlg001.perseus-grc2.xml
Argonautica,tlg001,1,119,"ἤλυθον ἴφθιμός τε Λεώδοκος, οὓς τέκε Πηρὼ","ἤλυθον ἴφθιμός τε Λεώδοκος, οὓς τέκε Πηρὼ",tlg0001.tlg001.perseus-grc2.xml
Argonautica,tlg001,1,120,Νηληίς· τῆς δʼ ἀμφὶ δύην ἐμόγησε βαρεῖαν,Νηληίς· τῆς δ’ ἀμφὶ δύην ἐμόγησε βαρεῖαν,tlg0001.tlg001.perseus-grc2.xml
Argonautica,tlg001,1,121,Αἰολίδης σταθμοῖσιν ἐν Ἰφίκλοιο Μελάμπους.,Αἰολίδης σταθμοῖσιν ἐν Ἰφίκλοιο Μελάμπους.,tlg0001.tlg001.perseus-grc2.xml
Argonautica,tlg001,1,122,οὐδὲ μὲν οὐδὲ βίην κρατερόφρονος Ἡρακλῆος,οὐδὲ μὲν οὐδὲ βίην κρατερόφρονος Ἡρακλῆος,tlg0001.tlg001.perseus-grc2.xml
Argonautica,tlg001,1,123,πευθόμεθʼ Αἰσονίδαο λιλαιομένου ἀθερίξαι.,πευθόμεθ’ Αἰσονίδαο λιλαιομένου ἀθερίξαι.,tlg0001.tlg001.perseus-grc2.xml
Argonautica,tlg001,1,124,"ἀλλʼ ἐπεὶ ἄιε βάξιν ἀγειρομένων ἡρώων,","ἀλλ’ ἐπεὶ ἄιε βάξιν ἀγειρομένων ἡρώων,",tlg0001.tlg001.perseus-grc2.xml
Argonautica,tlg001,1,125,νεῖον ἀπʼ Ἀρκαδίης Λυρκήιον Ἄργος ἀμείψας,νεῖον ἀπ’ Ἀρκαδίης Λυρκήιον Ἄργος ἀμείψας,tlg0001.tlg001.perseus-grc2.xml
Argonautica,tlg001,1,126,"τὴν ὁδόν, ᾗ ζωὸν φέρε κάπριον, ὅς ῥʼ ἐνὶ βήσσῃς","τὴν ὁδόν, ᾗ ζωὸν φέρε κάπριον, ὅς ῥ’ ἐνὶ βήσσῃς",tlg0001.tlg001.perseus-grc2.xml
Argonautica,tlg001,1,127,"φέρβετο Λαμπείης, Ἐρυμάνθιον ἂμ μέγα τῖφος,","φέρβετο Λαμπείης, Ἐρυμάνθιον ἂμ μέγα τῖφος,",tlg0001.tlg001.perseus-grc2.xml
Argonautica,tlg001,1,128,τὸν μὲν ἐνὶ πρώτῃσι Μυκηναίων ἀγορῇσιν,τὸν μὲν ἐνὶ πρώτῃσι Μυκηναίων ἀγορῇσιν,tlg0001.tlg001.perseus-grc2.xml
Argonautica,tlg001,1,129,δεσμοῖς ἰλλόμενον μεγάλων ἀπεθήκατο νώτων·,δεσμοῖς ἰλλόμενον μεγάλων ἀπεθήκατο νώτων·,tlg0001.tlg001.perseus-grc2.xml
Argonautica,tlg001,1,130,αὐτὸς δʼ ᾗ ἰότητι παρὲκ νόον Εὐρυσθῆος,αὐτὸς δ’ ᾗ ἰότητι παρὲκ νόον Εὐρυσθῆος,tlg0001.tlg001.perseus-grc2.xml
Argonautica,tlg001,1,131,"ὡρμήθη· σὺν καί οἱ Ὕλας κίεν, ἐσθλὸς ὀπάων,","ὡρμήθη· σὺν καί οἱ Ὕλας κίεν, ἐσθλὸς ὀπάων,",tlg0001.tlg001.perseus-grc2.xml
Argonautica,tlg001,1,132,"πρωθήβης, ἰῶν τε φορεὺς φύλακός τε βιοῖο.","πρωθήβης, ἰῶν τε φορεὺς φύλακός τε βιοῖο.",tlg0001.tlg001.perseus-grc2.xml
Argonautica,tlg001,1,133,"τῷ δʼ ἐπὶ δὴ θείοιο κίεν Δαναοῖο γενέθλη,","τῷ δ’ ἐπὶ δὴ θείοιο κίεν Δαναοῖο γενέθλη,",tlg0001.tlg001.perseus-grc2.xml
Argonautica,tlg001,1,134,Ναύπλιος. ἦ γὰρ ἔην Κλυτονήου Ναυβολίδαο·,Ναύπλιος. ἦ γὰρ ἔην Κλυτονήου Ναυβολίδαο·,tlg0001.tlg001.perseus-grc2.xml
Argonautica,tlg001,1,135,Ναύβολος αὖ Λέρνου· Λέρνον γε μὲν ἴδμεν ἐόντα,Ναύβολος αὖ Λέρνου· Λέρνον γε μὲν ἴδμεν ἐόντα,tlg0001.tlg001.perseus-grc2.xml
Argonautica,tlg001,1,136,Προίτου Ναυπλιάδαο· Ποσειδάωνι δὲ κούρη.,Προίτου Ναυπλιάδαο· Ποσειδάωνι δὲ κούρη.,tlg0001.tlg001.perseus-grc2.xml
Argonautica,tlg001,1,137,πρίν ποτʼ Ἀμυμώνη Δαναῒς τέκεν εὐνηθεῖσα,πρίν ποτ’ Ἀμυμώνη Δαναῒς τέκεν εὐνηθεῖσα,tlg0001.tlg001.perseus-grc2.xml
Argonautica,tlg001,1,138,"Ναύπλιον, ὃς περὶ πάντας ἐκαίνυτο ναυτιλίῃσιν.","Ναύπλιον, ὃς περὶ πάντας ἐκαίνυτο ναυτιλίῃσιν.",tlg0001.tlg001.perseus-grc2.xml
Argonautica,tlg001,1,139,"Ἴδμων δʼ ὑστάτιος μετεκίαθεν, ὅσσοι ἔναιον","Ἴδμων δ’ ὑστάτιος μετεκίαθεν, ὅσσοι ἔναιον",tlg0001.tlg001.perseus-grc2.xml
Argonautica,tlg001,1,140,"Ἄργος, ἐπεὶ δεδαὼς τὸν ἑὸν μόρον οἰωνοῖσιν","Ἄργος, ἐπεὶ δεδαὼς τὸν ἑὸν μόρον οἰωνοῖσιν",tlg0001.tlg001.perseus-grc2.xml
Argonautica,tlg001,1,141,"ἤιε, μή οἱ δῆμος ἐυκλείης ἀγάσαιτο.","ἤιε, μή οἱ δῆμος ἐυκλείης ἀγάσαιτο.",tlg0001.tlg001.perseus-grc2.xml
Argonautica,tlg001,1,142,"οὐ μὲν ὅγʼ ἦεν Ἄβαντος ἐτήτυμον, ἀλλά μιν αὐτὸς","οὐ μὲν ὅγ’ ἦεν Ἄβαντος ἐτήτυμον, ἀλλά μιν αὐτὸς",tlg0001.tlg001.perseus-grc2.xml
Argonautica,tlg001,1,143,γείνατο κυδαλίμοις ἐναρίθμιον Αἰολίδῃσιν,γείνατο κυδαλίμοις ἐναρίθμιον Αἰολίδῃσιν,tlg0001.tlg001.perseus-grc2.xml
Argonautica,tlg001,1,144,Λητοΐδης· αὐτὸς δὲ θεοπροπίας ἐδίδαξεν,Λητοΐδης· αὐτὸς δὲ θεοπροπίας ἐδίδαξεν,tlg0001.tlg001.perseus-grc2.xml
Argonautica,tlg001,1,145,οἰωνούς τʼ ἀλέγειν ἠδʼ ἔμπυρα σήματʼ ἰδέσθαι.,οἰωνούς τ’ ἀλέγειν ἠδ’ ἔμπυρα σήματ’ ἰδέσθαι.,tlg0001.tlg001.perseus-grc2.xml
Argonautica,tlg001,1,146,καὶ μὴν Αἰτωλὶς κρατερὸν Πολυδεύκεα Λήδη,καὶ μὴν Αἰτωλὶς κρατερὸν Πολυδεύκεα Λήδη,tlg0001.tlg001.perseus-grc2.xml
Argonautica,tlg001,1,147,Κάστορά τʼ ὠκυπόδων ὦρσεν δεδαημένον ἵππων,Κάστορά τ’ ὠκυπόδων ὦρσεν δεδαημένον ἵππων,tlg0001.tlg001.perseus-grc2.xml
Argonautica,tlg001,1,148,Σπάρτηθεν· τοὺς δʼ ἥγε δόμοις ἔνι Τυνδαρέοιο,Σπάρτηθεν· τοὺς δ’ ἥγε δόμοις ἔνι Τυνδαρέοιο,tlg0001.tlg001.perseus-grc2.xml
Argonautica,tlg001,1,149,τηλυγέτους ὠδῖνι μιῇ τέκεν· οὐδʼ ἀπίθησεν,τηλυγέτους ὠδῖνι μιῇ τέκεν· οὐδ’ ἀπίθησεν,tlg0001.tlg001.perseus-grc2.xml
Argonautica,tlg001,1,150,νισσομένοις· Ζηνὸς γὰρ ἐπάξια μήδετο λέκτρων.,νισσομένοις· Ζηνὸς γὰρ ἐπάξια μήδετο λέκτρων.,tlg0001.tlg001.perseus-grc2.xml
Argonautica,tlg001,1,151,οἵ τʼ Ἀφαρητιάδαι Λυγκεὺς καὶ ὑπέρβιος Ἴδας,οἵ τ’ Ἀφαρητιάδαι Λυγκεὺς καὶ ὑπέρβιος Ἴδας,tlg0001.tlg001.perseus-grc2.xml
Argonautica,tlg001,1,152,"Ἀρήνηθεν ἔβαν, μεγάλῃ περιθαρσέες ἀλκῇ","Ἀρήνηθεν ἔβαν, μεγάλῃ περιθαρσέες ἀλκῇ",tlg0001.tlg001.perseus-grc2.xml
Argonautica,tlg001,1,153,ἀμφότεροι· Λυγκεὺς δὲ καὶ ὀξυτάτοις ἐκέκαστο,ἀμφότεροι· Λυγκεὺς δὲ καὶ ὀξυτάτοις ἐκέκαστο,tlg0001.tlg001.perseus-grc2.xml
Argonautica,tlg001,1,154,"ὄμμασιν, εἰ ἐτεόν γε πέλει κλέος, ἀνέρα κεῖνον","ὄμμασιν, εἰ ἐτεόν γε πέλει κλέος, ἀνέρα κεῖνον",tlg0001.tlg001.perseus-grc2.xml
Argonautica,tlg001,1,155,ῥηιδίως καὶ νέρθε κατὰ χθονὸς αὐγάζεσθαι.,ῥηιδίως καὶ νέρθε κατὰ χθονὸς αὐγάζεσθαι.,tlg0001.tlg001.perseus-grc2.xml
Argonautica,tlg001,1,156,"σὺν δὲ Περικλύμενος Νηλήιος ὦρτο νέεσθαι,","σὺν δὲ Περικλύμενος Νηλήιος ὦρτο νέεσθαι,",tlg0001.tlg001.perseus-grc2.xml
Argonautica,tlg001,1,157,"πρεσβύτατος παίδων, ὅσσοι Πύλῳ ἐξεγένοντο","πρεσβύτατος παίδων, ὅσσοι Πύλῳ ἐξεγένοντο",tlg0001.tlg001.perseus-grc2.xml
Argonautica,tlg001,1,158,Νηλῆος θείοιο· Ποσειδάων δέ οἱ ἀλκὴν,Νηλῆος θείοιο· Ποσειδάων δέ οἱ ἀλκὴν,tlg0001.tlg001.perseus-grc2.xml
Argonautica,tlg001,1,159,δῶκεν ἀπειρεσίην ἠδʼ ὅττι κεν ἀρήσαιτο,δῶκεν ἀπειρεσίην ἠδ’ ὅττι κεν ἀρήσαιτο,tlg0001.tlg001.perseus-grc2.xml
Argonautica,tlg001,1,160,"μαρνάμενος, τὸ πέλεσθαι ἐνὶ ξυνοχῇ πολέμοιο.","μαρνάμενος, τὸ πέλεσθαι ἐνὶ ξυνοχῇ πολέμοιο.",tlg0001.tlg001.perseus-grc2.xml
Argonautica,tlg001,1,161,"καὶ μὴν Ἀμφιδάμας Κηφεύς τʼ ἴσαν Ἀρκαδίηθεν,","καὶ μὴν Ἀμφιδάμας Κηφεύς τ’ ἴσαν Ἀρκαδίηθεν,",tlg0001.tlg001.perseus-grc2.xml
Argonautica,tlg001,1,162,"οἳ Τεγέην καὶ κλῆρον Ἀφειδάντειον ἔναιον,","οἳ Τεγέην καὶ κλῆρον Ἀφειδάντειον ἔναιον,",tlg0001.tlg001.perseus-grc2.xml
Argonautica,tlg001,1,163,υἷε δύω Ἀλεοῦ· τρίτατός γε μὲν ἕσπετʼ ἰοῦσιν,υἷε δύω Ἀλεοῦ· τρίτατός γε μὲν ἕσπετ’ ἰοῦσιν,tlg0001.tlg001.perseus-grc2.xml
Argonautica,tlg001,1,164,"Ἀγκαῖος, τὸν μέν ῥα πατὴρ Λυκόοργος ἔπεμπεν,","Ἀγκαῖος, τὸν μέν ῥα πατὴρ Λυκόοργος ἔπεμπεν,",tlg0001.tlg001.perseus-grc2.xml
Argonautica,tlg001,1,165,τῶν ἄμφω γνωτὸς προγενέστερος. ἀλλʼ ὁ μὲν ἤδη,τῶν ἄμφω γνωτὸς προγενέστερος. ἀλλ’ ὁ μὲν ἤδη,tlg0001.tlg001.perseus-grc2.xml
Argonautica,tlg001,1,166,"γηράσκοντʼ Ἀλεὸν λίπετʼ ἂμ πόλιν ὄφρα κομίζοι,","γηράσκοντ’ Ἀλεὸν λίπετ’ ἂμ πόλιν ὄφρα κομίζοι,",tlg0001.tlg001.perseus-grc2.xml
Argonautica,tlg001,1,167,παῖδα δʼ ἑὸν σφετέροισι κασιγνήτοισιν ὄπασσεν.,παῖδα δ’ ἑὸν σφετέροισι κασιγνήτοισιν ὄπασσεν.,tlg0001.tlg001.perseus-grc2.xml
Argonautica,tlg001,1,168,"βῆ δʼ ὅγε Μαιναλίης ἄρκτου δέρος, ἀμφίτομόν τε","βῆ δ’ ὅγε Μαιναλίης ἄρκτου δέρος, ἀμφίτομόν τε",tlg0001.tlg001.perseus-grc2.xml
Argonautica,tlg001,1,169,δεξιτερῇ πάλλων πέλεκυν μέγαν. ἔντεα γάρ οἱ,δεξιτερῇ πάλλων πέλεκυν μέγαν. ἔντεα γάρ οἱ,tlg0001.tlg001.perseus-grc2.xml
Argonautica,tlg001,1,170,"πατροπάτωρ Ἀλεὸς μυχάτῃ ἐνέκρυψε καλιῇ,","πατροπάτωρ Ἀλεὸς μυχάτῃ ἐνέκρυψε καλιῇ,",tlg0001.tlg001.perseus-grc2.xml
Argonautica,tlg001,1,171,αἴ κέν πως ἔτι καὶ τὸν ἐρητύσειε νέεσθαι.,αἴ κέν πως ἔτι καὶ τὸν ἐρητύσειε νέεσθαι.,tlg0001.tlg001.perseus-grc2.xml
Argonautica,tlg001,1,172,"βῆ δὲ καὶ Αὐγείης, ὃν δὴ φάτις Ἠελίοιο","βῆ δὲ καὶ Αὐγείης, ὃν δὴ φάτις Ἠελίοιο",tlg0001.tlg001.perseus-grc2.xml
Argonautica,tlg001,1,173,"ἔμμεναι· Ἠλείοισι δʼ ὅγʼ ἀνδράσιν ἐμβασίλευεν,","ἔμμεναι· Ἠλείοισι δ’ ὅγ’ ἀνδράσιν ἐμβασίλευεν,",tlg0001.tlg001.perseus-grc2.xml
Argonautica,tlg001,1,174,ὄλβῳ κυδιόων· μέγα δʼ ἵετο Κολχίδα γαῖαν,ὄλβῳ κυδιόων· μέγα δ’ ἵετο Κολχίδα γαῖαν,tlg0001.tlg001.perseus-grc2.xml
Argonautica,tlg001,1,175,αὐτόν τʼ Αἰήτην ἰδέειν σημάντορα Κόλχων.,αὐτόν τ’ Αἰήτην ἰδέειν σημάντορα Κόλχων.,tlg0001.tlg001.perseus-grc2.xml
Argonautica,tlg001,1,176,Ἀστέριος δὲ καὶ Ἀμφίων Ὑπερασίου υἷες,Ἀστέριος δὲ καὶ Ἀμφίων Ὑπερασίου υἷες,tlg0001.tlg001.perseus-grc2.xml
Argonautica,tlg001,1,177,"Πελλήνης ἀφίκανον Ἀχαιίδος, ἥν ποτε Πέλλης","Πελλήνης ἀφίκανον Ἀχαιίδος, ἥν ποτε Πέλλης",tlg0001.tlg001.perseus-grc2.xml
Argonautica,tlg001,1,178,πατροπάτωρ ἐπόλισσεν ἐπʼ ὀφρύσιν Αἰγιαλοῖο.,πατροπάτωρ ἐπόλισσεν ἐπ’ ὀφρύσιν Αἰγιαλοῖο.,tlg0001.tlg001.perseus-grc2.xml
Argonautica,tlg001,1,179,"Ταίναρον αὖτʼ ἐπὶ τοῖσι λιπὼν Εὔφημος ἵκανεν,","Ταίναρον αὖτ’ ἐπὶ τοῖσι λιπὼν Εὔφημος ἵκανεν,",tlg0001.tlg001.perseus-grc2.xml
Argonautica,tlg001,1,180,τόν ῥα Ποσειδάωνι ποδωκηέστατον ἄλλων,τόν ῥα Ποσειδάωνι ποδωκηέστατον ἄλλων,tlg0001.tlg001.perseus-grc2.xml
Argonautica,tlg001,1,181,Εὐρώπη Υιτυοῖο μεγασθενέος τέκε κούρη.,Εὐρώπη Υιτυοῖο μεγασθενέος τέκε κούρη.,tlg0001.tlg001.perseus-grc2.xml
Argonautica,tlg001,1,182,κεῖνος ἀνὴρ καὶ πόντου ἐπὶ γλαυκοῖο θέεσκεν,κεῖνος ἀνὴρ καὶ πόντου ἐπὶ γλαυκοῖο θέεσκεν,tlg0001.tlg001.perseus-grc2.xml
Argonautica,tlg001,1,183,"οἴδματος, οὐδὲ θοοὺς βάπτεν πόδας, ἀλλʼ ὅσον ἄκροις","οἴδματος, οὐδὲ θοοὺς βάπτεν πόδας, ἀλλ’ ὅσον ἄκροις",tlg0001.tlg001.perseus-grc2.xml
Argonautica,tlg001,1,184,ἴχνεσι τεγγόμενος διερῇ πεφόρητο κελεύθῳ.,ἴχνεσι τεγγόμενος διερῇ πεφόρητο κελεύθῳ.,tlg0001.tlg001.perseus-grc2.xml
Argonautica,tlg001,1,185,καὶ δʼ ἄλλω δύο παῖδε Ποσειδάωνος ἵκοντο·,καὶ δ’ ἄλλω δύο παῖδε Ποσειδάωνος ἵκοντο·,tlg0001.tlg001.perseus-grc2.xml
Argonautica,tlg001,1,186,ἤτοι ὁ μὲν πτολίεθρον ἀγαυοῦ Μιλήτοιο,ἤτοι ὁ μὲν πτολίεθρον ἀγαυοῦ Μιλήτοιο,tlg0001.tlg001.perseus-grc2.xml
Argonautica,tlg001,1,187,"νοσφισθεὶς Ἐργῖνος, ὁ δʼ Ἰμβρασίης ἕδος Ἥρης,","νοσφισθεὶς Ἐργῖνος, ὁ δ’ Ἰμβρασίης ἕδος Ἥρης,",tlg0001.tlg001.perseus-grc2.xml
Argonautica,tlg001,1,188,"παρθενίην, Ἀγκαῖος ὑπέρβιος· ἴστορε δʼ ἄμφω","παρθενίην, Ἀγκαῖος ὑπέρβιος· ἴστορε δ’ ἄμφω",tlg0001.tlg001.perseus-grc2.xml
Argonautica,tlg001,1,189,ἠμὲν ναυτιλίης ἠδʼ ἄρεος εὐχετόωντο.,ἠμὲν ναυτιλίης ἠδ’ ἄρεος εὐχετόωντο.,tlg0001.tlg001.perseus-grc2.xml
Argonautica,tlg001,1,190,Οἰνεΐδης δʼ ἐπὶ τοῖσιν ἀφορμηθεὶς Καλυδῶνος,Οἰνεΐδης δ’ ἐπὶ τοῖσιν ἀφορμηθεὶς Καλυδῶνος,tlg0001.tlg001.perseus-grc2.xml
Argonautica,tlg001,1,191,"ἀλκήεις Μελέαγρος ἀνήλυθε, Λαοκόων τε,","ἀλκήεις Μελέαγρος ἀνήλυθε, Λαοκόων τε,",tlg0001.tlg001.perseus-grc2.xml
Argonautica,tlg001,1,192,"Λαοκόων Οἰνῆος ἀδελφεός, οὐ μὲν ἰῆς γε","Λαοκόων Οἰνῆος ἀδελφεός, οὐ μὲν ἰῆς γε",tlg0001.tlg001.perseus-grc2.xml
Argonautica,tlg001,1,193,μητέρος· ἀλλά ἑ θῆσσα γυνὴ τέκε· τὸν μὲν ἄρʼ Οἰνεὺς,μητέρος· ἀλλά ἑ θῆσσα γυνὴ τέκε· τὸν μὲν ἄρ’ Οἰνεὺς,tlg0001.tlg001.perseus-grc2.xml
Argonautica,tlg001,1,194,ἤδη γηραλέον κοσμήτορα παιδὸς ἴαλλεν·,ἤδη γηραλέον κοσμήτορα παιδὸς ἴαλλεν·,tlg0001.tlg001.perseus-grc2.xml
Argonautica,tlg001,1,195,ὧδʼ ἔτι κουρίζων περιθαρσέα δῦνεν ὅμιλον,ὧδ’ ἔτι κουρίζων περιθαρσέα δῦνεν ὅμιλον,tlg0001.tlg001.perseus-grc2.xml
Argonautica,tlg001,1,196,"ἡρώων. τοῦ δʼ οὔτινʼ ὑπέρτερον ἄλλον ὀίω,","ἡρώων. τοῦ δ’ οὔτιν’ ὑπέρτερον ἄλλον ὀίω,",tlg0001.tlg001.perseus-grc2.xml
Argonautica,tlg001,1,197,"νόσφιν γʼ Ἡρακλῆος, ἐπελθέμεν, εἴ κʼ ἔτι μοῦνον","νόσφιν γ’ Ἡρακλῆος, ἐπελθέμεν, εἴ κ’ ἔτι μοῦνον",tlg0001.tlg001.perseus-grc2.xml
Argonautica,tlg001,1,198,αὖθι μένων λυκάβαντα μετετράφη Αἰτωλοῖσιν.,αὖθι μένων λυκάβαντα μετετράφη Αἰτωλοῖσιν.,tlg0001.tlg001.perseus-grc2.xml
Argonautica,tlg001,1,199,"καὶ μήν οἱ μήτρως αὐτὴν ὁδόν, εὖ μὲν ἄκοντι,","καὶ μήν οἱ μήτρως αὐτὴν ὁδόν, εὖ μὲν ἄκοντι,",tlg0001.tlg001.perseus-grc2.xml
Argonautica,tlg001,1,200,"εὖ δὲ καὶ ἐν σταδίῃ δεδαημένος ἀντιφέρεσθαι,","εὖ δὲ καὶ ἐν σταδίῃ δεδαημένος ἀντιφέρεσθαι,",tlg0001.tlg001.perseus-grc2.xml
Argonautica,tlg001,1,201,Θεστιάδης Ἴφικλος ἐφωμάρτησε κιόντι.,Θεστιάδης Ἴφικλος ἐφωμάρτησε κιόντι.,tlg0001.tlg001.perseus-grc2.xml
Argonautica,tlg001,1,202,"σὺν δὲ Παλαιμόνιος Λέρνου πάις Ὠλενίοιο,","σὺν δὲ Παλαιμόνιος Λέρνου πάις Ὠλενίοιο,",tlg0001.tlg001.perseus-grc2.xml
Argonautica,tlg001,1,203,"Λέρνου ἐπίκλησιν, γενεήν γε μὲν Ἡφαίστοιο·","Λέρνου ἐπίκλησιν, γενεήν γε μὲν Ἡφαίστοιο·",tlg0001.tlg001.perseus-grc2.xml
Argonautica,tlg001,1,204,τούνεκʼ ἔην πόδα σιφλός· ἀτὰρ δέμας οὔ κέ τις ἔτλη,τούνεκ’ ἔην πόδα σιφλός· ἀτὰρ δέμας οὔ κέ τις ἔτλη,tlg0001.tlg001.perseus-grc2.xml
Argonautica,tlg001,1,205,"ἠνορέην τʼ ὀνόσασθαι, ὃ καὶ μεταρίθμιος ἦεν","ἠνορέην τ’ ὀνόσασθαι, ὃ καὶ μεταρίθμιος ἦεν",tlg0001.tlg001.perseus-grc2.xml
Argonautica,tlg001,1,206,"πᾶσιν ἀριστήεσσιν, Ἰήσονι κῦδος ἀέξων.","πᾶσιν ἀριστήεσσιν, Ἰήσονι κῦδος ἀέξων.",tlg0001.tlg001.perseus-grc2.xml
Argonautica,tlg001,1,207,ἐκ δʼ ἄρα Φωκήων κίεν Ἴφιτος Ὀρνυτίδαο,ἐκ δ’ ἄρα Φωκήων κίεν Ἴφιτος Ὀρνυτίδαο,tlg0001.tlg001.perseus-grc2.xml
Argonautica,tlg001,1,208,"Ναυβόλου ἐκγεγαώς· ξεῖνος δέ οἱ ἔσκε πάροιθεν,","Ναυβόλου ἐκγεγαώς· ξεῖνος δέ οἱ ἔσκε πάροιθεν,",tlg0001.tlg001.perseus-grc2.xml
Argonautica,tlg001,1,209,ἦμος ἔβη Πυθώδε θεοπροπίας ἐρεείνων,ἦμος ἔβη Πυθώδε θεοπροπίας ἐρεείνων,tlg0001.tlg001.perseus-grc2.xml
Argonautica,tlg001,1,210,ναυτιλίης· τόθι γάρ μιν ἑοῖς ὑπέδεκτο δόμοισιν.,ναυτιλίης· τόθι γάρ μιν ἑοῖς ὑπέδεκτο δόμοισιν.,tlg0001.tlg001.perseus-grc2.xml
Argonautica,tlg001,1,211,"Ζήτης αὖ Κάλαΐς τε Βορήιοι υἷες ἵκοντο,","Ζήτης αὖ Κάλαΐς τε Βορήιοι υἷες ἵκοντο,",tlg0001.tlg001.perseus-grc2.xml
Argonautica,tlg001,1,212,οὕς ποτʼ Ἐρεχθηὶς Βορέῃ τέκεν Ὠρείθυια,οὕς ποτ’ Ἐρεχθηὶς Βορέῃ τέκεν Ὠρείθυια,tlg0001.tlg001.perseus-grc2.xml
Argonautica,tlg001,1,213,ἐσχατιῇ Θρῄκης δυσχειμέρου· ἔνθʼ ἄρα τήνγε,ἐσχατιῇ Θρῄκης δυσχειμέρου· ἔνθ’ ἄρα τήνγε,tlg0001.tlg001.perseus-grc2.xml
Argonautica,tlg001,1,214,Θρηίκιος Βορέης ἀνερέψατο Κεκροπίηθεν,Θρηίκιος Βορέης ἀνερέψατο Κεκροπίηθεν,tlg0001.tlg001.perseus-grc2.xml
Argonautica,tlg001,1,215,Ἰλισσοῦ προπάροιθε χορῷ ἔνι δινεύουσαν.,Ἰλισσοῦ προπάροιθε χορῷ ἔνι δινεύουσαν.,tlg0001.tlg001.perseus-grc2.xml
Argonautica,tlg001,1,216,"καί μιν ἄγων ἕκαθεν, Σαρπηδονίην ὅθι πέτρην","καί μιν ἄγων ἕκαθεν, Σαρπηδονίην ὅθι πέτρην",tlg0001.tlg001.perseus-grc2.xml
Argonautica,tlg001,1,217,"κλείουσιν, ποταμοῖο παρὰ ῥόον Ἐργίνοιο,","κλείουσιν, ποταμοῖο παρὰ ῥόον Ἐργίνοιο,",tlg0001.tlg001.perseus-grc2.xml
Argonautica,tlg001,1,218,λυγαίοις ἐδάμασσε περὶ νεφέεσσι καλύψας.,λυγαίοις ἐδάμασσε περὶ νεφέεσσι καλύψας.,tlg0001.tlg001.perseus-grc2.xml
Argonautica,tlg001,1,219,τὼ μὲν ἐπʼ ἀκροτάτοισι ποδῶν ἑκάτερθεν ἐρεμνὰς,τὼ μὲν ἐπ’ ἀκροτάτοισι ποδῶν ἑκάτερθεν ἐρεμνὰς,tlg0001.tlg001.perseus-grc2.xml
Argonautica,tlg001,1,220,"σεῖον ἀειρομένω πτέρυγας, μέγα θάμβος ἰδέσθαι,","σεῖον ἀειρομένω πτέρυγας, μέγα θάμβος ἰδέσθαι,",tlg0001.tlg001.perseus-grc2.xml
Argonautica,tlg001,1,221,χρυσείαις φολίδεσσι διαυγέας· ἀμφὶ δὲ νώτοις,χρυσείαις φολίδεσσι διαυγέας· ἀμφὶ δὲ νώτοις,tlg0001.tlg001.perseus-grc2.xml
Argonautica,tlg001,1,222,κράατος ἐξ ὑπάτοιο καὶ αὐχένος ἔνθα καὶ ἔνθα,κράατος ἐξ ὑπάτοιο καὶ αὐχένος ἔνθα καὶ ἔνθα,tlg0001.tlg001.perseus-grc2.xml
Argonautica,tlg001,1,223,κυάνεαι δονέοντο μετὰ πνοιῇσιν ἔθειραι.,κυάνεαι δονέοντο μετὰ πνοιῇσιν ἔθειραι.,tlg0001.tlg001.perseus-grc2.xml
Argonautica,tlg001,1,224,οὐδὲ μὲν οὐδʼ αὐτοῖο πάις μενέαινεν Ἄκαστος,οὐδὲ μὲν οὐδ’ αὐτοῖο πάις μενέαινεν Ἄκαστος,tlg0001.tlg001.perseus-grc2.xml
Argonautica,tlg001,1,225,ἰφθίμου Πελίαο δόμοις ἔνι πατρὸς ἑῆος,ἰφθίμου Πελίαο δόμοις ἔνι πατρὸς ἑῆος,tlg0001.tlg001.perseus-grc2.xml
Argonautica,tlg001,1,226,"μιμνάζειν, Ἄργος τε θεᾶς ὑποεργὸς Ἀθήνης·","μιμνάζειν, Ἄργος τε θεᾶς ὑποεργὸς Ἀθήνης·",tlg0001.tlg001.perseus-grc2.xml
Argonautica,tlg001,1,227,ἀλλʼ ἄρα καὶ τὼ μέλλον ἐνικρινθῆναι ὁμίλῳ.,ἀλλ’ ἄρα καὶ τὼ μέλλον ἐνικρινθῆναι ὁμίλῳ.,tlg0001.tlg001.perseus-grc2.xml
Argonautica,tlg001,1,228,τόσσοι ἄρʼ Αἰσονίδῃ συμμήστορες ἠγερέθοντο.,τόσσοι ἄρ’ Αἰσονίδῃ συμμήστορες ἠγερέθοντο.,tlg0001.tlg001.perseus-grc2.xml
Argonautica,tlg001,1,229,τοὺς μὲν ἀριστῆας Μινύας περιναιετάοντες,τοὺς μὲν ἀριστῆας Μινύας περιναιετάοντες,tlg0001.tlg001.perseus-grc2.xml
Argonautica,tlg001,1,230,"κίκλησκον μάλα πάντας, ἐπεὶ Μινύαο θυγατρῶν","κίκλησκον μάλα πάντας, ἐπεὶ Μινύαο θυγατρῶν",tlg0001.tlg001.perseus-grc2.xml
Argonautica,tlg001,1,231,οἱ πλεῖστοι καὶ ἄριστοι ἀφʼ αἵματος εὐχετόωντο,οἱ πλεῖστοι καὶ ἄριστοι ἀφ’ αἵματος εὐχετόωντο,tlg0001.tlg001.perseus-grc2.xml
Argonautica,tlg001,1,232,ἔμμεναι· ὧς δὲ καὶ αὐτὸν Ἰήσονα γείνατο μήτηρ,ἔμμεναι· ὧς δὲ καὶ αὐτὸν Ἰήσονα γείνατο μήτηρ,tlg0001.tlg001.perseus-grc2.xml
Argonautica,tlg001,1,233,"Ἀλκιμέδη, Κλυμένης Μινυηίδος ἐκγεγαυῖα.","Ἀλκιμέδη, Κλυμένης Μινυηίδος ἐκγεγαυῖα.",tlg0001.tlg001.perseus-grc2.xml
Argonautica,tlg001,1,234,"αὐτὰρ ἐπεὶ δμώεσσιν ἐπαρτέα πάντʼ ἐτέτυκτο,","αὐτὰρ ἐπεὶ δμώεσσιν ἐπαρτέα πάντ’ ἐτέτυκτο,",tlg0001.tlg001.perseus-grc2.xml
Argonautica,tlg001,1,235,"ὅσσα περ ἐντύνονται ἐπαρτέες ἔνδοθι νῆες,","ὅσσα περ ἐντύνονται ἐπαρτέες ἔνδοθι νῆες,",tlg0001.tlg001.perseus-grc2.xml
Argonautica,tlg001,1,236,"εὖτʼ ἂν ἄγῃ χρέος ἄνδρας ὑπεὶρ ἅλα ναυτίλλεσθαι,","εὖτ’ ἂν ἄγῃ χρέος ἄνδρας ὑπεὶρ ἅλα ναυτίλλεσθαι,",tlg0001.tlg001.perseus-grc2.xml
Argonautica,tlg001,1,237,"δὴ τότʼ ἴσαν μετὰ νῆα διʼ ἄστεος, ἔνθα περ ἀκταὶ","δὴ τότ’ ἴσαν μετὰ νῆα δι’ ἄστεος, ἔνθα περ ἀκταὶ",tlg0001.tlg001.perseus-grc2.xml
Argonautica,tlg001,1,238,κλείονται Παγασαὶ Μαγνήτιδες· ἀμφὶ δὲ λαῶν,κλείονται Παγασαὶ Μαγνήτιδες· ἀμφὶ δὲ λαῶν,tlg0001.tlg001.perseus-grc2.xml
Argonautica,tlg001,1,239,πληθὺς σπερχομένων ἄμυδις θέεν· οἱ δὲ φαεινοὶ,πληθὺς σπερχομένων ἄμυδις θέεν· οἱ δὲ φαεινοὶ,tlg0001.tlg001.perseus-grc2.xml
Argonautica,tlg001,1,240,ἀστέρες ὣς νεφέεσσι μετέπρεπον· ὧδε δʼ ἕκαστος,ἀστέρες ὣς νεφέεσσι μετέπρεπον· ὧδε δ’ ἕκαστος,tlg0001.tlg001.perseus-grc2.xml
Argonautica,tlg001,1,241,ἔννεπεν εἰσορόων σὺν τεύχεσιν ἀίσσοντας·,ἔννεπεν εἰσορόων σὺν τεύχεσιν ἀίσσοντας·,tlg0001.tlg001.perseus-grc2.xml
Argonautica,tlg001,1,242,"Ζεῦ ἄνα, τίς Πελίαο νόος; πόθι τόσσον ὅμιλον","Ζεῦ ἄνα, τίς Πελίαο νόος; πόθι τόσσον ὅμιλον",tlg0001.tlg001.perseus-grc2.xml
Argonautica,tlg001,1,243,ἡρώων γαίης Παναχαιίδος ἔκτοθι βάλλει;,ἡρώων γαίης Παναχαιίδος ἔκτοθι βάλλει;,tlg0001.tlg001.perseus-grc2.xml
Argonautica,tlg001,1,244,αὐτῆμάρ κε δόμους ὀλοῷ πυρὶ δῃώσειαν,αὐτῆμάρ κε δόμους ὀλοῷ πυρὶ δῃώσειαν,tlg0001.tlg001.perseus-grc2.xml
Argonautica,tlg001,1,245,"Αἰήτεω, ὅτε μή σφιν ἑκὼν δέρος ἐγγυαλίξῃ.","Αἰήτεω, ὅτε μή σφιν ἑκὼν δέρος ἐγγυαλίξῃ.",tlg0001.tlg001.perseus-grc2.xml
Argonautica,tlg001,1,246,"ἀλλʼ οὐ φυκτὰ κέλευθα, πόνος δʼ ἄπρηκτος ἰοῦσιν.","ἀλλ’ οὐ φυκτὰ κέλευθα, πόνος δ’ ἄπρηκτος ἰοῦσιν.",tlg0001.tlg001.perseus-grc2.xml
Argonautica,tlg001,1,247,ὧς φάσαν ἔνθα καὶ ἔνθα κατὰ πτόλιν· αἱ δὲ γυναῖκες,ὧς φάσαν ἔνθα καὶ ἔνθα κατὰ πτόλιν· αἱ δὲ γυναῖκες,tlg0001.tlg001.perseus-grc2.xml
Argonautica,tlg001,1,248,"πολλὰ μάλʼ ἀθανάτοισιν ἐς αἰθέρα χεῖρας ἄειρον,","πολλὰ μάλ’ ἀθανάτοισιν ἐς αἰθέρα χεῖρας ἄειρον,",tlg0001.tlg001.perseus-grc2.xml
Argonautica,tlg001,1,249,εὐχόμεναι νόστοιο τέλος θυμηδὲς ὀπάσσαι.,εὐχόμεναι νόστοιο τέλος θυμηδὲς ὀπάσσαι.,tlg0001.tlg001.perseus-grc2.xml
Argonautica,tlg001,1,250,ἄλλη δʼ εἰς ἑτέρην ὀλοφύρετο δακρυχέουσα·,ἄλλη δ’ εἰς ἑτέρην ὀλοφύρετο δακρυχέουσα·,tlg0001.tlg001.perseus-grc2.xml
Argonautica,tlg001,1,251,"δειλὴ Ἀλκιμέδη, καὶ σοὶ κακὸν ὀφέ περ ἔμπης","δειλὴ Ἀλκιμέδη, καὶ σοὶ κακὸν ὀφέ περ ἔμπης",tlg0001.tlg001.perseus-grc2.xml
Argonautica,tlg001,1,252,"ἤλυθεν, οὐδʼ ἐτέλεσσας ἐπʼ ἀγλαΐῃ βιότοιο.","ἤλυθεν, οὐδ’ ἐτέλεσσας ἐπ’ ἀγλαΐῃ βιότοιο.",tlg0001.tlg001.perseus-grc2.xml
Argonautica,tlg001,1,253,Αἴσων αὖ μέγα δή τι δυσάμμορος. ἦ τέ οἱ ἦεν,Αἴσων αὖ μέγα δή τι δυσάμμορος. ἦ τέ οἱ ἦεν,tlg0001.tlg001.perseus-grc2.xml
Argonautica,tlg001,1,254,"βέλτερον, εἰ τὸ πάροιθεν ἐνὶ κτερέεσσιν ἐλυσθεὶς","βέλτερον, εἰ τὸ πάροιθεν ἐνὶ κτερέεσσιν ἐλυσθεὶς",tlg0001.tlg001.perseus-grc2.xml
Argonautica,tlg001,1,255,"νειόθι γαίης κεῖτο, κακῶν ἔτι νῆις ἀέθλων.","νειόθι γαίης κεῖτο, κακῶν ἔτι νῆις ἀέθλων.",tlg0001.tlg001.perseus-grc2.xml
Argonautica,tlg001,1,256,"ὡς ὄφελεν καὶ Φρίξον, ὅτʼ ὤλετο παρθένος Ἕλλη,","ὡς ὄφελεν καὶ Φρίξον, ὅτ’ ὤλετο παρθένος Ἕλλη,",tlg0001.tlg001.perseus-grc2.xml
Argonautica,tlg001,1,257,κῦμα μέλαν κριῷ ἅμʼ ἐπικλύσαι· ἀλλὰ καὶ αὐδὴν,κῦμα μέλαν κριῷ ἅμ’ ἐπικλύσαι· ἀλλὰ καὶ αὐδὴν,tlg0001.tlg001.perseus-grc2.xml
Argonautica,tlg001,1,258,"ἀνδρομέην προέηκε κακὸν τέρας, ὥς κεν ἀνίας","ἀνδρομέην προέηκε κακὸν τέρας, ὥς κεν ἀνίας",tlg0001.tlg001.perseus-grc2.xml
Argonautica,tlg001,1,259,Ἀλκιμέδῃ μετόπισθε καὶ ἄλγεα μυρία θείη.,Ἀλκιμέδῃ μετόπισθε καὶ ἄλγεα μυρία θείη.,tlg0001.tlg001.perseus-grc2.xml
Argonautica,tlg001,1,260,αἱ μὲν ἄρʼ ὧς ἀγόρευον ἐπὶ προμολῇσι κιόντων.,αἱ μὲν ἄρ’ ὧς ἀγόρευον ἐπὶ προμολῇσι κιόντων.,tlg0001.tlg001.perseus-grc2.xml
Argonautica,tlg001,1,261,ἤδη δὲ δμῶές τε πολεῖς δμωαί τʼ ἀγέροντο·,ἤδη δὲ δμῶές τε πολεῖς δμωαί τ’ ἀγέροντο·,tlg0001.tlg001.perseus-grc2.xml
Argonautica,tlg001,1,262,μήτηρ δʼ ἀμφʼ αὐτὸν βεβολημένη. ὀξὺ δʼ ἑκάστην,μήτηρ δ’ ἀμφ’ αὐτὸν βεβολημένη. ὀξὺ δ’ ἑκάστην,tlg0001.tlg001.perseus-grc2.xml
Argonautica,tlg001,1,263,δῦνεν ἄχος· σὺν δέ σφι πατὴρ ὀλοῷ ὑπὸ γήραι,δῦνεν ἄχος· σὺν δέ σφι πατὴρ ὀλοῷ ὑπὸ γήραι,tlg0001.tlg001.perseus-grc2.xml
Argonautica,tlg001,1,264,ἐντυπὰς ἐν λεχέεσσι καλυψάμενος γοάασκεν.,ἐντυπὰς ἐν λεχέεσσι καλυψάμενος γοάασκεν.,tlg0001.tlg001.perseus-grc2.xml
Argonautica,tlg001,1,265,αὐτὰρ ὁ τῶν μὲν ἔπειτα κατεπρήυνεν ἀνίας,αὐτὰρ ὁ τῶν μὲν ἔπειτα κατεπρήυνεν ἀνίας,tlg0001.tlg001.perseus-grc2.xml
Argonautica,tlg001,1,266,"θαρσύνων, δμώεσσι δʼ ἀρήια τεύχεʼ ἀείρειν","θαρσύνων, δμώεσσι δ’ ἀρήια τεύχε’ ἀείρειν",tlg0001.tlg001.perseus-grc2.xml
Argonautica,tlg001,1,267,πέφραδεν· οἱ δέ τε σῖγα κατηφέες ἠείροντο.,πέφραδεν· οἱ δέ τε σῖγα κατηφέες ἠείροντο.,tlg0001.tlg001.perseus-grc2.xml
Argonautica,tlg001,1,268,"μήτηρ δʼ ὡς τὰ πρῶτʼ ἐπεχεύατο πήχεε παιδί,","μήτηρ δ’ ὡς τὰ πρῶτ’ ἐπεχεύατο πήχεε παιδί,",tlg0001.tlg001.perseus-grc2.xml
Argonautica,tlg001,1,269,"ὧς ἔχετο κλαίουσʼ ἀδινώτερον, ἠύτε κούρη","ὧς ἔχετο κλαίουσ’ ἀδινώτερον, ἠύτε κούρη",tlg0001.tlg001.perseus-grc2.xml
Argonautica,tlg001,1,270,οἰόθεν ἀσπασίως πολιὴν τροφὸν ἀμφιπεσοῦσα,οἰόθεν ἀσπασίως πολιὴν τροφὸν ἀμφιπεσοῦσα,tlg0001.tlg001.perseus-grc2.xml
Argonautica,tlg001,1,271,"μύρεται, ᾗ οὐκ εἰσὶν ἔτʼ ἄλλοι κηδεμονῆες,","μύρεται, ᾗ οὐκ εἰσὶν ἔτ’ ἄλλοι κηδεμονῆες,",tlg0001.tlg001.perseus-grc2.xml
Argonautica,tlg001,1,272,ἀλλʼ ὑπὸ μητρυιῇ βίοτον βαρὺν ἡγηλάζει·,ἀλλ’ ὑπὸ μητρυιῇ βίοτον βαρὺν ἡγηλάζει·,tlg0001.tlg001.perseus-grc2.xml
Argonautica,tlg001,1,273,"καί ἑ νέον πολέεσσιν ὀνείδεσιν ἐστυφέλιξεν,","καί ἑ νέον πολέεσσιν ὀνείδεσιν ἐστυφέλιξεν,",tlg0001.tlg001.perseus-grc2.xml
Argonautica,tlg001,1,274,"τῇ δέ τʼ ὀδυρομένῃ δέδεται κέαρ ἔνδοθεν ἄτῃ,","τῇ δέ τ’ ὀδυρομένῃ δέδεται κέαρ ἔνδοθεν ἄτῃ,",tlg0001.tlg001.perseus-grc2.xml
Argonautica,tlg001,1,275,"οὐδʼ ἔχει ἐκφλύξαι τόσσον γόον, ὅσσον ὀρεχθεῖ·","οὐδ’ ἔχει ἐκφλύξαι τόσσον γόον, ὅσσον ὀρεχθεῖ·",tlg0001.tlg001.perseus-grc2.xml
Argonautica,tlg001,1,276,ὧς ἀδινὸν κλαίεσκεν ἑὸν παῖδʼ ἀγκὰς ἔχουσα,ὧς ἀδινὸν κλαίεσκεν ἑὸν παῖδ’ ἀγκὰς ἔχουσα,tlg0001.tlg001.perseus-grc2.xml
Argonautica,tlg001,1,277,"Ἀλκιμέδη, καὶ τοῖον ἔπος φάτο κηδοσύνῃσιν·","Ἀλκιμέδη, καὶ τοῖον ἔπος φάτο κηδοσύνῃσιν·",tlg0001.tlg001.perseus-grc2.xml
Argonautica,tlg001,1,278,"αἴθʼ ὄφελον κεῖνʼ ἦμαρ, ὅτʼ ἐξειπόντος ἄκουσα","αἴθ’ ὄφελον κεῖν’ ἦμαρ, ὅτ’ ἐξειπόντος ἄκουσα",tlg0001.tlg001.perseus-grc2.xml
Argonautica,tlg001,1,279,"δειλὴ ἐγὼ Πελίαο κακὴν βασιλῆος ἐφετμήν,","δειλὴ ἐγὼ Πελίαο κακὴν βασιλῆος ἐφετμήν,",tlg0001.tlg001.perseus-grc2.xml
Argonautica,tlg001,1,280,"αὐτίκʼ ἀπὸ ψυχὴν μεθέμεν, κηδέων τε λαθέσθαι,","αὐτίκ’ ἀπὸ ψυχὴν μεθέμεν, κηδέων τε λαθέσθαι,",tlg0001.tlg001.perseus-grc2.xml
Argonautica,tlg001,1,281,"ὄφρʼ αὐτός με τεῇσι φίλαις ταρχύσαο χερσίν,","ὄφρ’ αὐτός με τεῇσι φίλαις ταρχύσαο χερσίν,",tlg0001.tlg001.perseus-grc2.xml
Argonautica,tlg001,1,282,τέκνον ἐμόν· τὸ γὰρ οἶον ἔην ἔτι λοιπὸν ἐέλδωρ,τέκνον ἐμόν· τὸ γὰρ οἶον ἔην ἔτι λοιπὸν ἐέλδωρ,tlg0001.tlg001.perseus-grc2.xml
Argonautica,tlg001,1,283,"ἐκ σέθεν, ἄλλα δὲ πάντα πάλαι θρεπτήρια πέσσω.","ἐκ σέθεν, ἄλλα δὲ πάντα πάλαι θρεπτήρια πέσσω.",tlg0001.tlg001.perseus-grc2.xml
Argonautica,tlg001,1,284,νῦν γε μὲν ἡ τὸ πάροιθεν Ἀχαιιάδεσσιν ἀγητὴ,νῦν γε μὲν ἡ τὸ πάροιθεν Ἀχαιιάδεσσιν ἀγητὴ,tlg0001.tlg001.perseus-grc2.xml
Argonautica,tlg001,1,285,"δμωὶς ὅπως κενεοῖσι λελείψομαι ἐν μεγάροισιν,","δμωὶς ὅπως κενεοῖσι λελείψομαι ἐν μεγάροισιν,",tlg0001.tlg001.perseus-grc2.xml
Argonautica,tlg001,1,286,"σεῖο πόθῳ μινύθουσα δυσάμμορος, ᾧ ἔπι πολλὴν","σεῖο πόθῳ μινύθουσα δυσάμμορος, ᾧ ἔπι πολλὴν",tlg0001.tlg001.perseus-grc2.xml
Argonautica,tlg001,1,287,"ἀγλαΐην καὶ κῦδος ἔχον πάρος, ᾧ ἔπι μούνῳ","ἀγλαΐην καὶ κῦδος ἔχον πάρος, ᾧ ἔπι μούνῳ",tlg0001.tlg001.perseus-grc2.xml
Argonautica,tlg001,1,288,μίτρην πρῶτον ἔλυσα καὶ ὕστατον. ἔξοχα γάρ μοι,μίτρην πρῶτον ἔλυσα καὶ ὕστατον. ἔξοχα γάρ μοι,tlg0001.tlg001.perseus-grc2.xml
Argonautica,tlg001,1,289,Εἰλείθυια θεὰ πολέος ἐμέγηρε τόκοιο.,Εἰλείθυια θεὰ πολέος ἐμέγηρε τόκοιο.,tlg0001.tlg001.perseus-grc2.xml
Argonautica,tlg001,1,290,"ᾤ μοι ἐμῆς ἄτης· τὸ μὲν οὐδʼ ὅσον, οὐδʼ ἐν ὀνείρῳ","ᾤ μοι ἐμῆς ἄτης· τὸ μὲν οὐδ’ ὅσον, οὐδ’ ἐν ὀνείρῳ",tlg0001.tlg001.perseus-grc2.xml
Argonautica,tlg001,1,291,"ὠισάμην, εἰ Φρίξος ἐμοὶ κακὸν ἔσσετʼ ἀλύξας.","ὠισάμην, εἰ Φρίξος ἐμοὶ κακὸν ἔσσετ’ ἀλύξας.",tlg0001.tlg001.perseus-grc2.xml
Argonautica,tlg001,1,292,ὧς ἥγε στενάχουσα κινύρετο· ταὶ δὲ γυναῖκες,ὧς ἥγε στενάχουσα κινύρετο· ταὶ δὲ γυναῖκες,tlg0001.tlg001.perseus-grc2.xml
Argonautica,tlg001,1,293,ἀμφίπολοι γοάασκον ἐπισταδόν· αὐτὰρ ὁ τήνγε,ἀμφίπολοι γοάασκον ἐπισταδόν· αὐτὰρ ὁ τήνγε,tlg0001.tlg001.perseus-grc2.xml
Argonautica,tlg001,1,294,μειλιχίοις ἐπέεσσι παρηγορέων προσέειπεν·,μειλιχίοις ἐπέεσσι παρηγορέων προσέειπεν·,tlg0001.tlg001.perseus-grc2.xml
Argonautica,tlg001,1,295,"μή μοι λευγαλέας ἐνιβάλλεο, μῆτερ, ἀνίας","μή μοι λευγαλέας ἐνιβάλλεο, μῆτερ, ἀνίας",tlg0001.tlg001.perseus-grc2.xml
Argonautica,tlg001,1,296,"ὧδε λίην, ἐπεὶ οὐ μὲν ἐρητύσεις κακότητος","ὧδε λίην, ἐπεὶ οὐ μὲν ἐρητύσεις κακότητος",tlg0001.tlg001.perseus-grc2.xml
Argonautica,tlg001,1,297,"δάκρυσιν, ἀλλʼ ἔτι κεν καὶ ἐπʼ ἄλγεσιν ἄλγος ἄροιο.","δάκρυσιν, ἀλλ’ ἔτι κεν καὶ ἐπ’ ἄλγεσιν ἄλγος ἄροιο.",tlg0001.tlg001.perseus-grc2.xml
Argonautica,tlg001,1,298,"πήματα γάρ τʼ ἀίδηλα θεοὶ θνητοῖσι έμουσιν,","πήματα γάρ τ’ ἀίδηλα θεοὶ θνητοῖσι έμουσιν,",tlg0001.tlg001.perseus-grc2.xml
Argonautica,tlg001,1,299,τῶν μοῖραν κατὰ θυμὸν ἀνιάζουσά περ ἔμπης,τῶν μοῖραν κατὰ θυμὸν ἀνιάζουσά περ ἔμπης,tlg0001.tlg001.perseus-grc2.xml
Argonautica,tlg001,1,300,"τλῆθι φέρειν· θάρσει δὲ συνημοσύνῃσιν Ἀθήνης,","τλῆθι φέρειν· θάρσει δὲ συνημοσύνῃσιν Ἀθήνης,",tlg0001.tlg001.perseus-grc2.xml
Argonautica,tlg001,1,301,"ἠδὲ θεοπροπίοισιν, ἐπεὶ μάλα δεξιὰ Φοῖβος","ἠδὲ θεοπροπίοισιν, ἐπεὶ μάλα δεξιὰ Φοῖβος",tlg0001.tlg001.perseus-grc2.xml
Argonautica,tlg001,1,302,"ἔχρη, ἀτὰρ μετέπειτά γʼ ἀριστήων ἐπαρωγῇ.","ἔχρη, ἀτὰρ μετέπειτά γ’ ἀριστήων ἐπαρωγῇ.",tlg0001.tlg001.perseus-grc2.xml
Argonautica,tlg001,1,303,ἀλλὰ σὺ μὲν νῦν αὖθι μετʼ ἀμφιπόλοισιν ἕκηλος,ἀλλὰ σὺ μὲν νῦν αὖθι μετ’ ἀμφιπόλοισιν ἕκηλος,tlg0001.tlg001.perseus-grc2.xml
Argonautica,tlg001,1,304,"μίμνε δόμοις, μηδʼ ὄρνις ἀεικελίη πέλε νηί·","μίμνε δόμοις, μηδ’ ὄρνις ἀεικελίη πέλε νηί·",tlg0001.tlg001.perseus-grc2.xml
Argonautica,tlg001,1,305,κεῖσε δʼ ὁμαρτήσουσιν ἔται δμῶές τε κιόντι.,κεῖσε δ’ ὁμαρτήσουσιν ἔται δμῶές τε κιόντι.,tlg0001.tlg001.perseus-grc2.xml
Argonautica,tlg001,1,306,"ἦ, καὶ ὁ μὲν προτέρωσε δόμων ἐξῶρτο νέεσθαι.","ἦ, καὶ ὁ μὲν προτέρωσε δόμων ἐξῶρτο νέεσθαι.",tlg0001.tlg001.perseus-grc2.xml
Argonautica,tlg001,1,307,οἷος δʼ ἐκ νηοῖο θυώδεος εἶσιν Ἀπόλλων,οἷος δ’ ἐκ νηοῖο θυώδεος εἶσιν Ἀπόλλων,tlg0001.tlg001.perseus-grc2.xml
Argonautica,tlg001,1,308,"δῆλον ἀνʼ ἠγαθέην, ἠὲ Κλάρον, ἢ ὅγε Πυθώ,","δῆλον ἀν’ ἠγαθέην, ἠὲ Κλάρον, ἢ ὅγε Πυθώ,",tlg0001.tlg001.perseus-grc2.xml
Argonautica,tlg001,1,309,"ἢ Αυκίην εὐρεῖαν, ἐπὶ Ξάνθοιο ῥοῇσιν,","ἢ Αυκίην εὐρεῖαν, ἐπὶ Ξάνθοιο ῥοῇσιν,",tlg0001.tlg001.perseus-grc2.xml
Argonautica,tlg001,1,310,τοῖος ἀνὰ πληθὺν δήμου κίεν· ὦρτο δʼ ἀυτὴ,τοῖος ἀνὰ πληθὺν δήμου κίεν· ὦρτο δ’ ἀυτὴ,tlg0001.tlg001.perseus-grc2.xml
Argonautica,tlg001,1,311,κεκλομένων ἄμυδις. τῷ δὲ ξύμβλητο γεραιὴ,κεκλομένων ἄμυδις. τῷ δὲ ξύμβλητο γεραιὴ,tlg0001.tlg001.perseus-grc2.xml
Argonautica,tlg001,1,312,"Ἰφιὰς Ἀρτέμιδος πολιηόχου ἀρήτειρα,","Ἰφιὰς Ἀρτέμιδος πολιηόχου ἀρήτειρα,",tlg0001.tlg001.perseus-grc2.xml
Argonautica,tlg001,1,313,"καί μιν δεξιτερῆς χειρὸς κύσεν, οὐδέ τι φάσθαι","καί μιν δεξιτερῆς χειρὸς κύσεν, οὐδέ τι φάσθαι",tlg0001.tlg001.perseus-grc2.xml
Argonautica,tlg001,1,314,"ἔμπης ἱεμένη δύνατο, προθέοντος ὁμίλου·","ἔμπης ἱεμένη δύνατο, προθέοντος ὁμίλου·",tlg0001.tlg001.perseus-grc2.xml
Argonautica,tlg001,1,315,"ἀλλʼ ἡ μὲν λίπετʼ αὖθι παρακλιδόν, οἷα γεραιὴ","ἀλλ’ ἡ μὲν λίπετ’ αὖθι παρακλιδόν, οἷα γεραιὴ",tlg0001.tlg001.perseus-grc2.xml
Argonautica,tlg001,1,316,"ὁπλοτέρων, ὁ δὲ πολλὸν ἀποπλαγχθεὶς ἐλιάσθη.","ὁπλοτέρων, ὁ δὲ πολλὸν ἀποπλαγχθεὶς ἐλιάσθη.",tlg0001.tlg001.perseus-grc2.xml
Argonautica,tlg001,1,317,"αὐτὰρ ἐπεί ῥα πόληος ἐυδμήτους λίπʼ ἀγυιάς,","αὐτὰρ ἐπεί ῥα πόληος ἐυδμήτους λίπ’ ἀγυιάς,",tlg0001.tlg001.perseus-grc2.xml
Argonautica,tlg001,1,318,"ἀκτὴν δʼ ἵκανεν Παγασηίδα, τῇ μιν ἑταῖροι","ἀκτὴν δ’ ἵκανεν Παγασηίδα, τῇ μιν ἑταῖροι",tlg0001.tlg001.perseus-grc2.xml
Argonautica,tlg001,1,319,"δειδέχατʼ, Ἀργῴῃ ἄμυδις παρὰ νηὶ μένοντες.","δειδέχατ’, Ἀργῴῃ ἄμυδις παρὰ νηὶ μένοντες.",tlg0001.tlg001.perseus-grc2.xml
Argonautica,tlg001,1,320,στῆ δʼ ἄρʼ ἐπὶ προμολῇς· οἱ δʼ ἀντίοι ἠγερέθοντο.,στῆ δ’ ἄρ’ ἐπὶ προμολῇς· οἱ δ’ ἀντίοι ἠγερέθοντο.,tlg0001.tlg001.perseus-grc2.xml
Argonautica,tlg001,1,321,ἐς δʼ ἐνόησαν Ἄκαστον ὁμῶς Ἄργον τε πόληος,ἐς δ’ ἐνόησαν Ἄκαστον ὁμῶς Ἄργον τε πόληος,tlg0001.tlg001.perseus-grc2.xml
Argonautica,tlg001,1,322,"νόσφι καταβλώσκοντας, ἐθάμβησαν δʼ ἐσιδόντες","νόσφι καταβλώσκοντας, ἐθάμβησαν δ’ ἐσιδόντες",tlg0001.tlg001.perseus-grc2.xml
Argonautica,tlg001,1,323,πασσυδίῃ Πελίαο παρὲκ νόον ἰθύοντας.,πασσυδίῃ Πελίαο παρὲκ νόον ἰθύοντας.,tlg0001.tlg001.perseus-grc2.xml
Argonautica,tlg001,1,324,δέρμα δʼ ὁ μὲν ταύροιο ποδηνεκὲς ἀμφέχετʼ ὤμους,δέρμα δ’ ὁ μὲν ταύροιο ποδηνεκὲς ἀμφέχετ’ ὤμους,tlg0001.tlg001.perseus-grc2.xml
Argonautica,tlg001,1,325,Ἄργος Ἀρεστορίδης λάχνῃ μέλαν· αὐτὰρ ὁ καλὴν,Ἄργος Ἀρεστορίδης λάχνῃ μέλαν· αὐτὰρ ὁ καλὴν,tlg0001.tlg001.perseus-grc2.xml
Argonautica,tlg001,1,326,"δίπλακα, τήν οἱ ὄπασσε κασιγνήτη Πελόπεια.","δίπλακα, τήν οἱ ὄπασσε κασιγνήτη Πελόπεια.",tlg0001.tlg001.perseus-grc2.xml
Argonautica,tlg001,1,327,ἀλλʼ ἔμπης τὼ μέν τε διεξερέεσθαι ἕκαστα,ἀλλ’ ἔμπης τὼ μέν τε διεξερέεσθαι ἕκαστα,tlg0001.tlg001.perseus-grc2.xml
Argonautica,tlg001,1,328,ἔσχετο· τοὺς δʼ ἀγορήνδε συνεδριάασθαι ἄνωγεν.,ἔσχετο· τοὺς δ’ ἀγορήνδε συνεδριάασθαι ἄνωγεν.,tlg0001.tlg001.perseus-grc2.xml
Argonautica,tlg001,1,329,"αὐτοῦ δʼ ἰλλομένοις ἐπὶ λαίφεσιν, ἠδὲ καὶ ἱστῷ","αὐτοῦ δ’ ἰλλομένοις ἐπὶ λαίφεσιν, ἠδὲ καὶ ἱστῷ",tlg0001.tlg001.perseus-grc2.xml
Argonautica,tlg001,1,330,κεκλιμένῳ μάλα πάντες ἐπισχερὼ ἑδριόωντο.,κεκλιμένῳ μάλα πάντες ἐπισχερὼ ἑδριόωντο.,tlg0001.tlg001.perseus-grc2.xml
Argonautica,tlg001,1,331,τοῖσιν δʼ Αἴσονος υἱὸς ἐυφρονέων μετέειπεν·,τοῖσιν δ’ Αἴσονος υἱὸς ἐυφρονέων μετέειπεν·,tlg0001.tlg001.perseus-grc2.xml
Argonautica,tlg001,1,332,ἄλλα μὲν ὅσσα τε νηὶ ἐφοπλίσσασθαι ἔοικεν,ἄλλα μὲν ὅσσα τε νηὶ ἐφοπλίσσασθαι ἔοικεν,tlg0001.tlg001.perseus-grc2.xml
Argonautica,tlg001,1,333,—πάντα γὰρ εὖ κατὰ κόσμον—ἐπαρτέα κεῖται ἰοῦσιν.,—πάντα γὰρ εὖ κατὰ κόσμον—ἐπαρτέα κεῖται ἰοῦσιν.,tlg0001.tlg001.perseus-grc2.xml
Argonautica,tlg001,1,334,τῶ οὐκ ἂν δηναιὸν ἐχοίμεθα τοῖο ἕκητι,τῶ οὐκ ἂν δηναιὸν ἐχοίμεθα τοῖο ἕκητι,tlg0001.tlg001.perseus-grc2.xml
Argonautica,tlg001,1,335,"ναυτιλίης, ὅτε μοῦνον ἐπιπνεύσουσιν ἀῆται.","ναυτιλίης, ὅτε μοῦνον ἐπιπνεύσουσιν ἀῆται.",tlg0001.tlg001.perseus-grc2.xml
Argonautica,tlg001,1,336,"ἀλλά, φίλοι,—ξυνὸς γὰρ ἐς Ἑλλάδα νόστος ὀπίσσω,","ἀλλά, φίλοι,—ξυνὸς γὰρ ἐς Ἑλλάδα νόστος ὀπίσσω,",tlg0001.tlg001.perseus-grc2.xml
Argonautica,tlg001,1,337,ξυναὶ δʼ ἄμμι πέλονται ἐς Αἰήταο κέλευθοι—,ξυναὶ δ’ ἄμμι πέλονται ἐς Αἰήταο κέλευθοι—,tlg0001.tlg001.perseus-grc2.xml
Argonautica,tlg001,1,338,τούνεκα νῦν τὸν ἄριστον ἀφειδήσαντες ἕλεσθε,τούνεκα νῦν τὸν ἄριστον ἀφειδήσαντες ἕλεσθε,tlg0001.tlg001.perseus-grc2.xml
Argonautica,tlg001,1,339,"ὄρχαμον ἡμείων, ᾧ κεν τὰ ἕκαστα μέλοιτο,","ὄρχαμον ἡμείων, ᾧ κεν τὰ ἕκαστα μέλοιτο,",tlg0001.tlg001.perseus-grc2.xml
Argonautica,tlg001,1,340,νείκεα συνθεσίας τε μετὰ ξείνοισι βαλέσθαι.,νείκεα συνθεσίας τε μετὰ ξείνοισι βαλέσθαι.,tlg0001.tlg001.perseus-grc2.xml
Argonautica,tlg001,1,341,ὧς φάτο· πάπτηναν δὲ νέοι θρασὺν Ἡρακλῆα,ὧς φάτο· πάπτηναν δὲ νέοι θρασὺν Ἡρακλῆα,tlg0001.tlg001.perseus-grc2.xml
Argonautica,tlg001,1,342,ἥμενον ἐν μέσσοισι· μιῇ δέ ἑ πάντες ἀυτῇ,ἥμενον ἐν μέσσοισι· μιῇ δέ ἑ πάντες ἀυτῇ,tlg0001.tlg001.perseus-grc2.xml
Argonautica,tlg001,1,343,"σημαίνειν ἐπέτελλον· ὁ δʼ αὐτόθεν, ἔνθα περ ἧστο,","σημαίνειν ἐπέτελλον· ὁ δ’ αὐτόθεν, ἔνθα περ ἧστο,",tlg0001.tlg001.perseus-grc2.xml
Argonautica,tlg001,1,344,δεξιτερὴν ἀνὰ χεῖρα τανύσσατο φώνησέν τε·,δεξιτερὴν ἀνὰ χεῖρα τανύσσατο φώνησέν τε·,tlg0001.tlg001.perseus-grc2.xml
Argonautica,tlg001,1,345,μήτις ἐμοὶ τόδε κῦδος ὀπαζέτω. οὐ γὰρ ἔγωγε,μήτις ἐμοὶ τόδε κῦδος ὀπαζέτω. οὐ γὰρ ἔγωγε,tlg0001.tlg001.perseus-grc2.xml
Argonautica,tlg001,1,346,πείσομαι· ὥστε καὶ ἄλλον ἀναστήσεσθαι ἐρύξω.,πείσομαι· ὥστε καὶ ἄλλον ἀναστήσεσθαι ἐρύξω.,tlg0001.tlg001.perseus-grc2.xml
Argonautica,tlg001,1,347,"αὐτός, ὅτις ξυνάγειρε, καὶ ἀρχεύοι ὁμάδοιο.","αὐτός, ὅτις ξυνάγειρε, καὶ ἀρχεύοι ὁμάδοιο.",tlg0001.tlg001.perseus-grc2.xml
Argonautica,tlg001,1,348,"ἦ ῥα μέγα φρονέων, ἐπὶ δʼ ᾔνεον, ὡς ἐκέλευεν","ἦ ῥα μέγα φρονέων, ἐπὶ δ’ ᾔνεον, ὡς ἐκέλευεν",tlg0001.tlg001.perseus-grc2.xml
Argonautica,tlg001,1,349,Ἡρακλέης· ἀνὰ δʼ αὐτὸς ἀρήιος ὤρνυτʼ Ἰήσων,Ἡρακλέης· ἀνὰ δ’ αὐτὸς ἀρήιος ὤρνυτ’ Ἰήσων,tlg0001.tlg001.perseus-grc2.xml
Argonautica,tlg001,1,350,"γηθόσυνος, καὶ τοῖα λιλαιομένοις ἀγόρευεν·","γηθόσυνος, καὶ τοῖα λιλαιομένοις ἀγόρευεν·",tlg0001.tlg001.perseus-grc2.xml
Argonautica,tlg001,1,351,"εἰ μὲν δή μοι κῦδος ἐπιτρωπᾶτε μέλεσθαι,","εἰ μὲν δή μοι κῦδος ἐπιτρωπᾶτε μέλεσθαι,",tlg0001.tlg001.perseus-grc2.xml
Argonautica,tlg001,1,352,"μηκέτʼ ἔπειθʼ, ὡς καὶ πρίν, ἐρητύοιτο κέλευθα.","μηκέτ’ ἔπειθ’, ὡς καὶ πρίν, ἐρητύοιτο κέλευθα.",tlg0001.tlg001.perseus-grc2.xml
Argonautica,tlg001,1,353,νῦν γε μὲν ἤδη Φοῖβον ἀρεσσάμενοι θυέεσσιν,νῦν γε μὲν ἤδη Φοῖβον ἀρεσσάμενοι θυέεσσιν,tlg0001.tlg001.perseus-grc2.xml
Argonautica,tlg001,1,354,δαῖτʼ ἐντυνώμεσθα παρασχεδόν. ὄφρα δʼ ἴωσιν,δαῖτ’ ἐντυνώμεσθα παρασχεδόν. ὄφρα δ’ ἴωσιν,tlg0001.tlg001.perseus-grc2.xml
Argonautica,tlg001,1,355,"δμῶες ἐμοὶ σταθμῶν σημάντορες, οἷσι μέμηλεν","δμῶες ἐμοὶ σταθμῶν σημάντορες, οἷσι μέμηλεν",tlg0001.tlg001.perseus-grc2.xml
Argonautica,tlg001,1,356,"δεῦρο βόας ἀγέληθεν ἐὺ κρίναντας ἐλάσσαι,","δεῦρο βόας ἀγέληθεν ἐὺ κρίναντας ἐλάσσαι,",tlg0001.tlg001.perseus-grc2.xml
Argonautica,tlg001,1,357,"τόφρα κε νῆʼ ἐρύσαιμεν ἔσω ἁλός, ὅπλα δὲ πάντα","τόφρα κε νῆ’ ἐρύσαιμεν ἔσω ἁλός, ὅπλα δὲ πάντα",tlg0001.tlg001.perseus-grc2.xml
Argonautica,tlg001,1,358,ἐνθέμενοι πεπάλαχθε κατὰ κληῖδας ἐρετμά.,ἐνθέμενοι πεπάλαχθε κατὰ κληῖδας ἐρετμά.,tlg0001.tlg001.perseus-grc2.xml
Argonautica,tlg001,1,359,τείως δʼ αὖ καὶ βωμὸν ἐπάκτιον Ἐμβασίοιο,τείως δ’ αὖ καὶ βωμὸν ἐπάκτιον Ἐμβασίοιο,tlg0001.tlg001.perseus-grc2.xml
Argonautica,tlg001,1,360,"θείομεν Ἀπόλλωνος, ὅ μοι χρείων ὑπέδεκτο","θείομεν Ἀπόλλωνος, ὅ μοι χρείων ὑπέδεκτο",tlg0001.tlg001.perseus-grc2.xml
Argonautica,tlg001,1,361,"σημανέειν δείξειν τε πόρους ἁλός, εἴ κε θυηλαῖς","σημανέειν δείξειν τε πόρους ἁλός, εἴ κε θυηλαῖς",tlg0001.tlg001.perseus-grc2.xml
Argonautica,tlg001,1,362,οὗ ἕθεν ἐξάρχωμαι ἀεθλεύων βασιλῆι.,οὗ ἕθεν ἐξάρχωμαι ἀεθλεύων βασιλῆι.,tlg0001.tlg001.perseus-grc2.xml
Argonautica,tlg001,1,363,"η ῥα, καὶ εἰς ἔργον πρῶτος τράπεθ̓· οἱ δʼ ἐπανέσταν","η ῥα, καὶ εἰς ἔργον πρῶτος τράπεθ̓· οἱ δ’ ἐπανέσταν",tlg0001.tlg001.perseus-grc2.xml
Argonautica,tlg001,1,364,πειθόμενοι· ἀπὸ δʼ εἵματʼ ἐπήτριμα νηήσαντο,πειθόμενοι· ἀπὸ δ’ εἵματ’ ἐπήτριμα νηήσαντο,tlg0001.tlg001.perseus-grc2.xml
Argonautica,tlg001,1,365,"λείῳ ἐπὶ πλαταμῶνι, τὸν οὐκ ἐπέβαλλε θάλασσα","λείῳ ἐπὶ πλαταμῶνι, τὸν οὐκ ἐπέβαλλε θάλασσα",tlg0001.tlg001.perseus-grc2.xml
Argonautica,tlg001,1,366,"κύμασι, χειμερίη δὲ πάλαι ἀποέκλυσεν ἅλμη.","κύμασι, χειμερίη δὲ πάλαι ἀποέκλυσεν ἅλμη.",tlg0001.tlg001.perseus-grc2.xml
Argonautica,tlg001,1,367,νῆα δʼ ἐπικρατέως Ἄργου ὑποθημοσύνῃσιν,νῆα δ’ ἐπικρατέως Ἄργου ὑποθημοσύνῃσιν,tlg0001.tlg001.perseus-grc2.xml
Argonautica,tlg001,1,368,ἔζωσαν πάμπρωτον ἐυστρεφεῖ ἔνδοθεν ὅπλῳ,ἔζωσαν πάμπρωτον ἐυστρεφεῖ ἔνδοθεν ὅπλῳ,tlg0001.tlg001.perseus-grc2.xml
Argonautica,tlg001,1,369,"τεινάμενοι ἑκάτερθεν, ἵνʼ εὖ ἀραροίατο γόμφοις","τεινάμενοι ἑκάτερθεν, ἵν’ εὖ ἀραροίατο γόμφοις",tlg0001.tlg001.perseus-grc2.xml
Argonautica,tlg001,1,370,δούρατα καὶ ῥοθίοιο βίην ἔχοι ἀντιόωσαν.,δούρατα καὶ ῥοθίοιο βίην ἔχοι ἀντιόωσαν.,tlg0001.tlg001.perseus-grc2.xml
Argonautica,tlg001,1,371,"σκάπτον δʼ αἶψα κατʼ εὖρος ὅσον περιβάλλετο χῶρον,","σκάπτον δ’ αἶψα κατ’ εὖρος ὅσον περιβάλλετο χῶρον,",tlg0001.tlg001.perseus-grc2.xml
Argonautica,tlg001,1,372,ἠδὲ κατὰ πρῴραν εἴσω ἁλὸς ὁσσάτιόν περ,ἠδὲ κατὰ πρῴραν εἴσω ἁλὸς ὁσσάτιόν περ,tlg0001.tlg001.perseus-grc2.xml
Argonautica,tlg001,1,373,ἑλκομένη χείρεσσιν ἐπιδραμέεσθαι ἔμελλεν.,ἑλκομένη χείρεσσιν ἐπιδραμέεσθαι ἔμελλεν.,tlg0001.tlg001.perseus-grc2.xml
Argonautica,tlg001,1,374,αἰεὶ δὲ προτέρω χθαμαλώτερον ἐξελάχαινον,αἰεὶ δὲ προτέρω χθαμαλώτερον ἐξελάχαινον,tlg0001.tlg001.perseus-grc2.xml
Argonautica,tlg001,1,375,"στείρης, ἐν δʼ ὁλκῷ ξεστὰς στορέσαντο φάλαγγας·","στείρης, ἐν δ’ ὁλκῷ ξεστὰς στορέσαντο φάλαγγας·",tlg0001.tlg001.perseus-grc2.xml
Argonautica,tlg001,1,376,"τὴν δὲ κατάντη κλῖναν ἐπὶ πρώτῃσι φάλαγξιν,","τὴν δὲ κατάντη κλῖναν ἐπὶ πρώτῃσι φάλαγξιν,",tlg0001.tlg001.perseus-grc2.xml
Argonautica,tlg001,1,377,ὥς κεν ὀλισθαίνουσα διʼ αὐτάων φορέοιτο.,ὥς κεν ὀλισθαίνουσα δι’ αὐτάων φορέοιτο.,tlg0001.tlg001.perseus-grc2.xml
Argonautica,tlg001,1,378,ὕψι δʼ ἄρʼ ἔνθα καὶ ἔνθα μεταστρέψαντες ἐρετμὰ,ὕψι δ’ ἄρ’ ἔνθα καὶ ἔνθα μεταστρέψαντες ἐρετμὰ,tlg0001.tlg001.perseus-grc2.xml
Argonautica,tlg001,1,379,πήχυιον προύχοντα περὶ σκαλμοῖσιν ἔδησαν.,πήχυιον προύχοντα περὶ σκαλμοῖσιν ἔδησαν.,tlg0001.tlg001.perseus-grc2.xml
Argonautica,tlg001,1,380,"τῶν δʼ ἐναμοιβαδὶς αὐτοὶ ἐνέσταθεν ἀμφοτέρωθεν,","τῶν δ’ ἐναμοιβαδὶς αὐτοὶ ἐνέσταθεν ἀμφοτέρωθεν,",tlg0001.tlg001.perseus-grc2.xml
Argonautica,tlg001,1,381,στέρνα θʼ ὁμοῦ καὶ χεῖρας ἐπήλασαν. ἐν δʼ ἄρα Τῖφυς,στέρνα θ’ ὁμοῦ καὶ χεῖρας ἐπήλασαν. ἐν δ’ ἄρα Τῖφυς,tlg0001.tlg001.perseus-grc2.xml
Argonautica,tlg001,1,382,"βήσαθʼ, ἵνʼ ὀτρύνειε νέους κατὰ καιρὸν ἐρύσσαι·","βήσαθ’, ἵν’ ὀτρύνειε νέους κατὰ καιρὸν ἐρύσσαι·",tlg0001.tlg001.perseus-grc2.xml
Argonautica,tlg001,1,383,κεκλόμενος δʼ ἤυσε μάλα μέγα· τοὶ δὲ παρᾶσσον,κεκλόμενος δ’ ἤυσε μάλα μέγα· τοὶ δὲ παρᾶσσον,tlg0001.tlg001.perseus-grc2.xml
Argonautica,tlg001,1,384,ᾧ κράτεϊ βρίσαντες ἰῇ στυφέλιξαν ἐρωῇ,ᾧ κράτεϊ βρίσαντες ἰῇ στυφέλιξαν ἐρωῇ,tlg0001.tlg001.perseus-grc2.xml
Argonautica,tlg001,1,385,"νειόθεν ἐξ ἕδρης, ἐπὶ δʼ ἐρρώσαντο πόδεσσιν","νειόθεν ἐξ ἕδρης, ἐπὶ δ’ ἐρρώσαντο πόδεσσιν",tlg0001.tlg001.perseus-grc2.xml
Argonautica,tlg001,1,386,προπροβιαζόμενοι· ἡ δʼ ἕσπετο Πηλιὰς Ἀργὼ,προπροβιαζόμενοι· ἡ δ’ ἕσπετο Πηλιὰς Ἀργὼ,tlg0001.tlg001.perseus-grc2.xml
Argonautica,tlg001,1,387,ῥίμφα μάλʼ· οἱ δʼ ἑκάτερθεν ἐπίαχον ἀίσσοντες.,ῥίμφα μάλ’· οἱ δ’ ἑκάτερθεν ἐπίαχον ἀίσσοντες.,tlg0001.tlg001.perseus-grc2.xml
Argonautica,tlg001,1,388,αἱ δʼ ἄρʼ ὑπὸ τρόπιδι στιβαρῇ στενάχοντο φάλαγγες,αἱ δ’ ἄρ’ ὑπὸ τρόπιδι στιβαρῇ στενάχοντο φάλαγγες,tlg0001.tlg001.perseus-grc2.xml
Argonautica,tlg001,1,389,τριβόμεναι περὶ δέ σφιν ἀιδνὴ κήκιε λιγνὺς,τριβόμεναι περὶ δέ σφιν ἀιδνὴ κήκιε λιγνὺς,tlg0001.tlg001.perseus-grc2.xml
Argonautica,tlg001,1,390,"βριθοσύνῃ, κατόλισθε δʼ ἔσω ἁλός· οἱ δέ μιν αὖθι","βριθοσύνῃ, κατόλισθε δ’ ἔσω ἁλός· οἱ δέ μιν αὖθι",tlg0001.tlg001.perseus-grc2.xml
Argonautica,tlg001,1,391,ἂψ ἀνασειράζοντες ἔχον προτέρωσε κιοῦσαν.,ἂψ ἀνασειράζοντες ἔχον προτέρωσε κιοῦσαν.,tlg0001.tlg001.perseus-grc2.xml
Argonautica,tlg001,1,392,σκαλμοῖς δʼ ἀμφὶς ἐρετμὰ κατήρτυον· ἐν δέ οἱ ἱστὸν,σκαλμοῖς δ’ ἀμφὶς ἐρετμὰ κατήρτυον· ἐν δέ οἱ ἱστὸν,tlg0001.tlg001.perseus-grc2.xml
Argonautica,tlg001,1,393,λαίφεά τʼ εὐποίητα καὶ ἁρμαλιὴν ἐβάλοντο.,λαίφεά τ’ εὐποίητα καὶ ἁρμαλιὴν ἐβάλοντο.,tlg0001.tlg001.perseus-grc2.xml
Argonautica,tlg001,1,394,"αὐτὰρ ἐπεὶ τὰ ἕκαστα περιφραδέως ἀλέγυναν,","αὐτὰρ ἐπεὶ τὰ ἕκαστα περιφραδέως ἀλέγυναν,",tlg0001.tlg001.perseus-grc2.xml
Argonautica,tlg001,1,395,"κληῖδας μὲν πρῶτα πάλῳ διεμοιρήσαντο,","κληῖδας μὲν πρῶτα πάλῳ διεμοιρήσαντο,",tlg0001.tlg001.perseus-grc2.xml
Argonautica,tlg001,1,396,ἄνδρʼ ἐντυναμένω δοιὼ μίαν· ἐκ δʼ ἄρα μέσσην,ἄνδρ’ ἐντυναμένω δοιὼ μίαν· ἐκ δ’ ἄρα μέσσην,tlg0001.tlg001.perseus-grc2.xml
Argonautica,tlg001,1,397,ᾕρεον Ἡρακλῆι καὶ ἡρώων ἄτερ ἄλλων,ᾕρεον Ἡρακλῆι καὶ ἡρώων ἄτερ ἄλλων,tlg0001.tlg001.perseus-grc2.xml
Argonautica,tlg001,1,398,"Ἀγκαίῳ, Τεγέης ὅς ῥα πτολίεθρον ἔναιεν.","Ἀγκαίῳ, Τεγέης ὅς ῥα πτολίεθρον ἔναιεν.",tlg0001.tlg001.perseus-grc2.xml
Argonautica,tlg001,1,399,τοῖς μέσσην οἴοισιν ἀπὸ κληῖδα λίποντο,τοῖς μέσσην οἴοισιν ἀπὸ κληῖδα λίποντο,tlg0001.tlg001.perseus-grc2.xml
Argonautica,tlg001,1,400,"αὔτως, οὔτι πάλῳ· ἐπὶ δʼ ἔτρεπον αἰνήσαντες","αὔτως, οὔτι πάλῳ· ἐπὶ δ’ ἔτρεπον αἰνήσαντες",tlg0001.tlg001.perseus-grc2.xml
Argonautica,tlg001,1,401,Τῖφυν ἐυστείρης οἰήια νηὸς ἔρυσθαι.,Τῖφυν ἐυστείρης οἰήια νηὸς ἔρυσθαι.,tlg0001.tlg001.perseus-grc2.xml
Argonautica,tlg001,1,402,ἔνθεν δʼ αὖ λάιγγας ἁλὸς σχεδὸν ὀχλίζοντες,ἔνθεν δ’ αὖ λάιγγας ἁλὸς σχεδὸν ὀχλίζοντες,tlg0001.tlg001.perseus-grc2.xml
Argonautica,tlg001,1,403,"νήεον αὐτόθι βωμὸν ἐπάκτιον Ἀπόλλωνος,","νήεον αὐτόθι βωμὸν ἐπάκτιον Ἀπόλλωνος,",tlg0001.tlg001.perseus-grc2.xml
Argonautica,tlg001,1,404,Ἀκτίου Ἐμβασίοιό τʼ ἐπώνυμον· ὦκα δέ τοίγε,Ἀκτίου Ἐμβασίοιό τ’ ἐπώνυμον· ὦκα δέ τοίγε,tlg0001.tlg001.perseus-grc2.xml
Argonautica,tlg001,1,405,φιτροὺς ἀζαλέης στόρεσαν καθύπερθεν ἐλαίης.,φιτροὺς ἀζαλέης στόρεσαν καθύπερθεν ἐλαίης.,tlg0001.tlg001.perseus-grc2.xml
Argonautica,tlg001,1,406,τείως δʼ αὖτʼ ἀγέληθεν ἐπιπροέηκαν ἄγοντες,τείως δ’ αὖτ’ ἀγέληθεν ἐπιπροέηκαν ἄγοντες,tlg0001.tlg001.perseus-grc2.xml
Argonautica,tlg001,1,407,βουκόλοι Αἰσονίδαο δύω βόε. τοὺς δʼ ἐρύσαντο,βουκόλοι Αἰσονίδαο δύω βόε. τοὺς δ’ ἐρύσαντο,tlg0001.tlg001.perseus-grc2.xml
Argonautica,tlg001,1,408,κουρότεροι ἑτάρων βωμοῦ σχεδόν. οἱ δʼ ἄρʼ ἔπειτα,κουρότεροι ἑτάρων βωμοῦ σχεδόν. οἱ δ’ ἄρ’ ἔπειτα,tlg0001.tlg001.perseus-grc2.xml
Argonautica,tlg001,1,409,χέρνιβά τʼ οὐλοχύτας τε παρέσχεθον. αὐτὰρ Ἰήσων,χέρνιβά τ’ οὐλοχύτας τε παρέσχεθον. αὐτὰρ Ἰήσων,tlg0001.tlg001.perseus-grc2.xml
Argonautica,tlg001,1,410,εὔχετο κεκλόμενος πατρώιον Ἀπόλλωνα·,εὔχετο κεκλόμενος πατρώιον Ἀπόλλωνα·,tlg0001.tlg001.perseus-grc2.xml
Argonautica,tlg001,1,411,"κλῦθι ἄναξ, Παγασάς τε πόλιν τʼ Αἰσωνίδα ναίων,","κλῦθι ἄναξ, Παγασάς τε πόλιν τ’ Αἰσωνίδα ναίων,",tlg0001.tlg001.perseus-grc2.xml
Argonautica,tlg001,1,412,"ἡμετέροιο τοκῆος ἐπώνυμον, ὅς μοι ὑπέστης","ἡμετέροιο τοκῆος ἐπώνυμον, ὅς μοι ὑπέστης",tlg0001.tlg001.perseus-grc2.xml
Argonautica,tlg001,1,413,Πυθοῖ χρειομένῳ ἄνυσιν καὶ πείραθʼ ὁδοῖο,Πυθοῖ χρειομένῳ ἄνυσιν καὶ πείραθ’ ὁδοῖο,tlg0001.tlg001.perseus-grc2.xml
Argonautica,tlg001,1,414,"σημανέειν, αὐτὸς γὰρ ἐπαίτιος ἔπλευ ἀέθλων·","σημανέειν, αὐτὸς γὰρ ἐπαίτιος ἔπλευ ἀέθλων·",tlg0001.tlg001.perseus-grc2.xml
Argonautica,tlg001,1,415,αὐτὸς νῦν ἄγε νῆα σὺν ἀρτεμέεσσιν ἑταίροις,αὐτὸς νῦν ἄγε νῆα σὺν ἀρτεμέεσσιν ἑταίροις,tlg0001.tlg001.perseus-grc2.xml
Argonautica,tlg001,1,416,κεῖσέ τε καὶ παλίνορσον ἐς Ἑλλάδα. σοὶ δʼ ἂν ὀπίσσω,κεῖσέ τε καὶ παλίνορσον ἐς Ἑλλάδα. σοὶ δ’ ἂν ὀπίσσω,tlg0001.tlg001.perseus-grc2.xml
Argonautica,tlg001,1,417,"τόσσων, ὅσσοι κεν νοστήσομεν, ἀγλαὰ ταύρων","τόσσων, ὅσσοι κεν νοστήσομεν, ἀγλαὰ ταύρων",tlg0001.tlg001.perseus-grc2.xml
Argonautica,tlg001,1,418,"ἱρὰ πάλιν βωμῷ ἐπιθήσομεν· ἄλλα δὲ Πυθοῖ,","ἱρὰ πάλιν βωμῷ ἐπιθήσομεν· ἄλλα δὲ Πυθοῖ,",tlg0001.tlg001.perseus-grc2.xml
Argonautica,tlg001,1,419,ἄλλα δʼ ἐς Ὀρτυγίην ἀπερείσια δῶρα κομίσσω.,ἄλλα δ’ ἐς Ὀρτυγίην ἀπερείσια δῶρα κομίσσω.,tlg0001.tlg001.perseus-grc2.xml
Argonautica,tlg001,1,420,"νῦν δʼ ἴθι, καὶ τήνδʼ ἧμιν, Ἑκηβόλε, δέξο θυηλήν,","νῦν δ’ ἴθι, καὶ τήνδ’ ἧμιν, Ἑκηβόλε, δέξο θυηλήν,",tlg0001.tlg001.perseus-grc2.xml
Argonautica,tlg001,1,421,ἥν τοι τῆσδʼ ἐπίβαθρα χάριν προτεθείμεθα νηὸς,ἥν τοι τῆσδ’ ἐπίβαθρα χάριν προτεθείμεθα νηὸς,tlg0001.tlg001.perseus-grc2.xml
Argonautica,tlg001,1,422,"πρωτίστην· λύσαιμι δʼ, ἄναξ, ἐπʼ ἀπήμονι μοίρῃ","πρωτίστην· λύσαιμι δ’, ἄναξ, ἐπ’ ἀπήμονι μοίρῃ",tlg0001.tlg001.perseus-grc2.xml
Argonautica,tlg001,1,423,πείσματα σὴν διὰ μῆτιν· ἐπιπνεύσειε δʼ ἀήτης,πείσματα σὴν διὰ μῆτιν· ἐπιπνεύσειε δ’ ἀήτης,tlg0001.tlg001.perseus-grc2.xml
Argonautica,tlg001,1,424,"μείλιχος, ᾧ κʼ ἐπὶ πόντον ἐλευσόμεθʼ εὐδιόωντες.","μείλιχος, ᾧ κ’ ἐπὶ πόντον ἐλευσόμεθ’ εὐδιόωντες.",tlg0001.tlg001.perseus-grc2.xml
Argonautica,tlg001,1,425,"ἦ, καὶ ἅμʼ εὐχωλῇ προχύτας βάλε. τὼ δʼ ἐπὶ βουσὶν","ἦ, καὶ ἅμ’ εὐχωλῇ προχύτας βάλε. τὼ δ’ ἐπὶ βουσὶν",tlg0001.tlg001.perseus-grc2.xml
Argonautica,tlg001,1,426,"ζωσάσθην, Ἀγκαῖος ὑπέρβιος, Ἡρακλέης τε.","ζωσάσθην, Ἀγκαῖος ὑπέρβιος, Ἡρακλέης τε.",tlg0001.tlg001.perseus-grc2.xml
Argonautica,tlg001,1,427,ἤτοι ὁ μὲν ῥοπάλῳ μέσσον κάρη ἀμφὶ μέτωπα,ἤτοι ὁ μὲν ῥοπάλῳ μέσσον κάρη ἀμφὶ μέτωπα,tlg0001.tlg001.perseus-grc2.xml
Argonautica,tlg001,1,428,"πλῆξεν, ὁ δʼ ἀθρόος αὖθι πεσὼν ἐνερείσατο γαίῃ·","πλῆξεν, ὁ δ’ ἀθρόος αὖθι πεσὼν ἐνερείσατο γαίῃ·",tlg0001.tlg001.perseus-grc2.xml
Argonautica,tlg001,1,429,Ἀγκαῖος δʼ ἑτέροιο κατὰ πλατὺν αὐχένα κόψας,Ἀγκαῖος δ’ ἑτέροιο κατὰ πλατὺν αὐχένα κόψας,tlg0001.tlg001.perseus-grc2.xml
Argonautica,tlg001,1,430,χαλκείῳ πελέκει κρατεροὺς διέκερσε τένοντας·,χαλκείῳ πελέκει κρατεροὺς διέκερσε τένοντας·,tlg0001.tlg001.perseus-grc2.xml
Argonautica,tlg001,1,431,ἤριπε δʼ ἀμφοτέροισι περιρρηδὴς κεράεσσιν.,ἤριπε δ’ ἀμφοτέροισι περιρρηδὴς κεράεσσιν.,tlg0001.tlg001.perseus-grc2.xml
Argonautica,tlg001,1,432,"τοὺς δʼ ἔταροι σφάξαν τε θοῶς, δεῖράν τε βοείας,","τοὺς δ’ ἔταροι σφάξαν τε θοῶς, δεῖράν τε βοείας,",tlg0001.tlg001.perseus-grc2.xml
Argonautica,tlg001,1,433,"κόπτον, δαίτρευόν τε, καὶ ἱερὰ μῆρʼ ἐτάμοντο,","κόπτον, δαίτρευόν τε, καὶ ἱερὰ μῆρ’ ἐτάμοντο,",tlg0001.tlg001.perseus-grc2.xml
Argonautica,tlg001,1,434,κὰδ δʼ ἄμυδις τάγε πάντα καλύψαντες πύκα δημῷ,κὰδ δ’ ἄμυδις τάγε πάντα καλύψαντες πύκα δημῷ,tlg0001.tlg001.perseus-grc2.xml
Argonautica,tlg001,1,435,καῖον ἐπὶ σχίζῃσιν· ὁ δʼ ἀκρήτους χέε λοιβὰς,καῖον ἐπὶ σχίζῃσιν· ὁ δ’ ἀκρήτους χέε λοιβὰς,tlg0001.tlg001.perseus-grc2.xml
Argonautica,tlg001,1,436,"Αἰσονίδης, γήθει δὲ σέλας θηεύμενος Ἴδμων","Αἰσονίδης, γήθει δὲ σέλας θηεύμενος Ἴδμων",tlg0001.tlg001.perseus-grc2.xml
Argonautica,tlg001,1,437,πάντοσε λαμπόμενον θυέων ἄπο τοῖό τε λιγνὺν,πάντοσε λαμπόμενον θυέων ἄπο τοῖό τε λιγνὺν,tlg0001.tlg001.perseus-grc2.xml
Argonautica,tlg001,1,438,πορφυρέαις ἑλίκεσσιν ἐναίσιμον ἀίσσουσαν·,πορφυρέαις ἑλίκεσσιν ἐναίσιμον ἀίσσουσαν·,tlg0001.tlg001.perseus-grc2.xml
Argonautica,tlg001,1,439,αἶψα δʼ ἀπηλεγέως νόον ἔκφατο Λητοΐδαο·,αἶψα δ’ ἀπηλεγέως νόον ἔκφατο Λητοΐδαο·,tlg0001.tlg001.perseus-grc2.xml
Argonautica,tlg001,1,440,ὑμῖν μὲν δὴ μοῖρα θεῶν χρειώ τε περῆσαι,ὑμῖν μὲν δὴ μοῖρα θεῶν χρειώ τε περῆσαι,tlg0001.tlg001.perseus-grc2.xml
Argonautica,tlg001,1,441,ἐνθάδε κῶας ἄγοντας· ἀπειρέσιοι δʼ ἐνὶ μέσσῳ,ἐνθάδε κῶας ἄγοντας· ἀπειρέσιοι δ’ ἐνὶ μέσσῳ,tlg0001.tlg001.perseus-grc2.xml
Argonautica,tlg001,1,442,κεῖσέ τε δεῦρό τʼ ἔασιν ἀνερχομένοισιν ἄεθλοι.,κεῖσέ τε δεῦρό τ’ ἔασιν ἀνερχομένοισιν ἄεθλοι.,tlg0001.tlg001.perseus-grc2.xml
Argonautica,tlg001,1,443,αὐτὰρ ἐμοὶ θανέειν στυγερῇ ὑπὸ δαίμονος αἴσῃ,αὐτὰρ ἐμοὶ θανέειν στυγερῇ ὑπὸ δαίμονος αἴσῃ,tlg0001.tlg001.perseus-grc2.xml
Argonautica,tlg001,1,444,τηλόθι που πέπρωται ἐπʼ Ἀσίδος ἠπείροιο.,τηλόθι που πέπρωται ἐπ’ Ἀσίδος ἠπείροιο.,tlg0001.tlg001.perseus-grc2.xml
Argonautica,tlg001,1,445,ὧδε κακοῖς δεδαὼς ἔτι καὶ πάρος οἰωνοῖσιν,ὧδε κακοῖς δεδαὼς ἔτι καὶ πάρος οἰωνοῖσιν,tlg0001.tlg001.perseus-grc2.xml
Argonautica,tlg001,1,446,"πότμον ἐμὸν πάτρης ἐξήιον, ὄφρʼ ἐπιβαίην","πότμον ἐμὸν πάτρης ἐξήιον, ὄφρ’ ἐπιβαίην",tlg0001.tlg001.perseus-grc2.xml
Argonautica,tlg001,1,447,"νηός, ἐυκλείη δὲ δόμοις ἐπιβάντι λίπηται.","νηός, ἐυκλείη δὲ δόμοις ἐπιβάντι λίπηται.",tlg0001.tlg001.perseus-grc2.xml
Argonautica,tlg001,1,448,ὧς ἄρʼ ἔφη· κοῦροι δὲ θεοπροπίης ἀίοντες,ὧς ἄρ’ ἔφη· κοῦροι δὲ θεοπροπίης ἀίοντες,tlg0001.tlg001.perseus-grc2.xml
Argonautica,tlg001,1,449,"νόστῳ μὲν γήθησαν, ἄχος δʼ ἕλεν Ἴδμονος αἴσῃ.","νόστῳ μὲν γήθησαν, ἄχος δ’ ἕλεν Ἴδμονος αἴσῃ.",tlg0001.tlg001.perseus-grc2.xml
Argonautica,tlg001,1,450,"ἦμος δʼ ἠέλιος σταθερὸν παραμείβεται ἦμαρ,","ἦμος δ’ ἠέλιος σταθερὸν παραμείβεται ἦμαρ,",tlg0001.tlg001.perseus-grc2.xml
Argonautica,tlg001,1,451,"αἱ δὲ νέον σκοπέλοισιν ὑποσκιόωνται ἄρουραι,","αἱ δὲ νέον σκοπέλοισιν ὑποσκιόωνται ἄρουραι,",tlg0001.tlg001.perseus-grc2.xml
Argonautica,tlg001,1,452,"δειελινὸν κλίνοντος ὑπὸ ζόφον ἠελίοιο,","δειελινὸν κλίνοντος ὑπὸ ζόφον ἠελίοιο,",tlg0001.tlg001.perseus-grc2.xml
Argonautica,tlg001,1,453,τῆμος ἄρʼ ἤδη πάντες ἐπὶ ψαμάθοισι βαθεῖαν,τῆμος ἄρ’ ἤδη πάντες ἐπὶ ψαμάθοισι βαθεῖαν,tlg0001.tlg001.perseus-grc2.xml
Argonautica,tlg001,1,454,φυλλάδα χευάμενοι πολιοῦ πρόπαρ αἰγιαλοῖο,φυλλάδα χευάμενοι πολιοῦ πρόπαρ αἰγιαλοῖο,tlg0001.tlg001.perseus-grc2.xml
Argonautica,tlg001,1,455,κέκλινθʼ ἑξείης· παρὰ δέ σφισι μυρίʼ ἔκειτο,κέκλινθ’ ἑξείης· παρὰ δέ σφισι μυρί’ ἔκειτο,tlg0001.tlg001.perseus-grc2.xml
Argonautica,tlg001,1,456,"εἴδατα, καὶ μέθυ λαρόν, ἀφυσσαμένων προχόῃσιν","εἴδατα, καὶ μέθυ λαρόν, ἀφυσσαμένων προχόῃσιν",tlg0001.tlg001.perseus-grc2.xml
Argonautica,tlg001,1,457,οἰνοχόων· μετέπειτα δʼ ἀμοιβαδὶς ἀλλήλοισιν,οἰνοχόων· μετέπειτα δ’ ἀμοιβαδὶς ἀλλήλοισιν,tlg0001.tlg001.perseus-grc2.xml
Argonautica,tlg001,1,458,"μυθεῦνθʼ, οἷά τε πολλὰ νέοι παρὰ δαιτὶ καὶ οἴνῳ","μυθεῦνθ’, οἷά τε πολλὰ νέοι παρὰ δαιτὶ καὶ οἴνῳ",tlg0001.tlg001.perseus-grc2.xml
Argonautica,tlg001,1,459,"τερπνῶς ἑψιόωνται, ὅτʼ ἄατος ὕβρις ἀπείη.","τερπνῶς ἑψιόωνται, ὅτ’ ἄατος ὕβρις ἀπείη.",tlg0001.tlg001.perseus-grc2.xml
Argonautica,tlg001,1,460,ἔνθʼ αὖτʼ Αἰσονίδης μὲν ἀμήχανος εἰν ἑοῖ αὐτῷ,ἔνθ’ αὖτ’ Αἰσονίδης μὲν ἀμήχανος εἰν ἑοῖ αὐτῷ,tlg0001.tlg001.perseus-grc2.xml
Argonautica,tlg001,1,461,πορφύρεσκεν ἕκαστα κατηφιόωντι ἐοικώς.,πορφύρεσκεν ἕκαστα κατηφιόωντι ἐοικώς.,tlg0001.tlg001.perseus-grc2.xml
Argonautica,tlg001,1,462,τὸν δʼ ἄρʼ ὑποφρασθεὶς μεγάλῃ ὀπὶ νείκεσεν Ἴδας·,τὸν δ’ ἄρ’ ὑποφρασθεὶς μεγάλῃ ὀπὶ νείκεσεν Ἴδας·,tlg0001.tlg001.perseus-grc2.xml
Argonautica,tlg001,1,463,"Αἰσονίδη, τίνα τήνδε μετὰ φρεσὶ μῆτιν ἑλίσσεις;","Αἰσονίδη, τίνα τήνδε μετὰ φρεσὶ μῆτιν ἑλίσσεις;",tlg0001.tlg001.perseus-grc2.xml
Argonautica,tlg001,1,464,αὔδα ἐνὶ μέσσοισι τεὸν νόον. ἦέ σε δαμνᾷ,αὔδα ἐνὶ μέσσοισι τεὸν νόον. ἦέ σε δαμνᾷ,tlg0001.tlg001.perseus-grc2.xml
Argonautica,tlg001,1,465,"τάρβος ἐπιπλόμενον, τό τʼ ἀνάλκιδας ἄνδρας ἀτύζει;","τάρβος ἐπιπλόμενον, τό τ’ ἀνάλκιδας ἄνδρας ἀτύζει;",tlg0001.tlg001.perseus-grc2.xml
Argonautica,tlg001,1,466,"ἴστω νῦν δόρυ θοῦρον, ὅτῳ περιώσιον ἄλλων","ἴστω νῦν δόρυ θοῦρον, ὅτῳ περιώσιον ἄλλων",tlg0001.tlg001.perseus-grc2.xml
Argonautica,tlg001,1,467,"κῦδος ἐνὶ πτολέμοισιν ἀείρομαι, οὐδέ μʼ ὀφέλλει","κῦδος ἐνὶ πτολέμοισιν ἀείρομαι, οὐδέ μ’ ὀφέλλει",tlg0001.tlg001.perseus-grc2.xml
Argonautica,tlg001,1,468,"Ζεὺς τόσον, ὁσσάτιόν περ ἐμὸν δόρυ, μή νύ τι πῆμα","Ζεὺς τόσον, ὁσσάτιόν περ ἐμὸν δόρυ, μή νύ τι πῆμα",tlg0001.tlg001.perseus-grc2.xml
Argonautica,tlg001,1,469,"λοίγιον ἔσσεσθαι, μηδʼ ἀκράαντον ἄεθλον","λοίγιον ἔσσεσθαι, μηδ’ ἀκράαντον ἄεθλον",tlg0001.tlg001.perseus-grc2.xml
Argonautica,tlg001,1,470,"Ἴδεω ἑσπομένοιο, καὶ εἰ θεὸς ἀντιόῳτο.","Ἴδεω ἑσπομένοιο, καὶ εἰ θεὸς ἀντιόῳτο.",tlg0001.tlg001.perseus-grc2.xml
Argonautica,tlg001,1,471,τοῖόν μʼ Ἀρήνηθεν ἀοσσητῆρα κομίζεις.,τοῖόν μ’ Ἀρήνηθεν ἀοσσητῆρα κομίζεις.,tlg0001.tlg001.perseus-grc2.xml
Argonautica,tlg001,1,472,"ἦ, καὶ ἐπισχόμενος πλεῖον δέπας ἀμφοτέρῃσιν","ἦ, καὶ ἐπισχόμενος πλεῖον δέπας ἀμφοτέρῃσιν",tlg0001.tlg001.perseus-grc2.xml
Argonautica,tlg001,1,473,πῖνε χαλίκρητον λαρὸν μέθυ· δεύετο δʼ οἴνῳ,πῖνε χαλίκρητον λαρὸν μέθυ· δεύετο δ’ οἴνῳ,tlg0001.tlg001.perseus-grc2.xml
Argonautica,tlg001,1,474,"χείλεα, κυάνεαί τε γενειάδες· οἱ δʼ ὁμάδησαν","χείλεα, κυάνεαί τε γενειάδες· οἱ δ’ ὁμάδησαν",tlg0001.tlg001.perseus-grc2.xml
Argonautica,tlg001,1,475,"πάντες ὁμῶς, Ἴδμων δὲ καὶ ἀμφαδίην ἀγόρευσεν·","πάντες ὁμῶς, Ἴδμων δὲ καὶ ἀμφαδίην ἀγόρευσεν·",tlg0001.tlg001.perseus-grc2.xml
Argonautica,tlg001,1,476,"δαιμόνιε, φρονέεις ὀλοφώια καὶ πάρος αὐτῷ.","δαιμόνιε, φρονέεις ὀλοφώια καὶ πάρος αὐτῷ.",tlg0001.tlg001.perseus-grc2.xml
Argonautica,tlg001,1,477,ἦέ τοι εἰς ἄτην ζωρὸν μέθυ θαρσαλέον κῆρ,ἦέ τοι εἰς ἄτην ζωρὸν μέθυ θαρσαλέον κῆρ,tlg0001.tlg001.perseus-grc2.xml
Argonautica,tlg001,1,478,"οἰδάνει ἐν στήθεσσι, θεοὺς δʼ ἀνέηκεν ἀτίζειν;","οἰδάνει ἐν στήθεσσι, θεοὺς δ’ ἀνέηκεν ἀτίζειν;",tlg0001.tlg001.perseus-grc2.xml
Argonautica,tlg001,1,479,"ἄλλοι μῦθοι ἔασι παρήγοροι, οἷσί περ ἀνὴρ","ἄλλοι μῦθοι ἔασι παρήγοροι, οἷσί περ ἀνὴρ",tlg0001.tlg001.perseus-grc2.xml
Argonautica,tlg001,1,480,"θαρσύνοι ἕταρον· σὺ δʼ ἀτάσθαλα πάμπαν ἔειπας,","θαρσύνοι ἕταρον· σὺ δ’ ἀτάσθαλα πάμπαν ἔειπας,",tlg0001.tlg001.perseus-grc2.xml
Argonautica,tlg001,1,481,τοῖα φάτις καὶ τοὺς πρὶν ἐπιφλύειν μακάρεσσιν,τοῖα φάτις καὶ τοὺς πρὶν ἐπιφλύειν μακάρεσσιν,tlg0001.tlg001.perseus-grc2.xml
Argonautica,tlg001,1,482,"υἷας Ἀλωιάδας, οἷς οὐδʼ ὅσον ἰσοφαρίζεις","υἷας Ἀλωιάδας, οἷς οὐδ’ ὅσον ἰσοφαρίζεις",tlg0001.tlg001.perseus-grc2.xml
Argonautica,tlg001,1,483,ἠνορέην· ἔμπης δὲ θοοῖς ἐδάμησαν ὀιστοῖς,ἠνορέην· ἔμπης δὲ θοοῖς ἐδάμησαν ὀιστοῖς,tlg0001.tlg001.perseus-grc2.xml
Argonautica,tlg001,1,484,"ἄμφω Λητοΐδαο, καὶ ἴφθιμοί περ ἐόντες.","ἄμφω Λητοΐδαο, καὶ ἴφθιμοί περ ἐόντες.",tlg0001.tlg001.perseus-grc2.xml
Argonautica,tlg001,1,485,ὧς ἔφατʼ· ἐκ δʼ ἐγέλασσεν ἄδην Ἀφαρήιος Ἴδας,ὧς ἔφατ’· ἐκ δ’ ἐγέλασσεν ἄδην Ἀφαρήιος Ἴδας,tlg0001.tlg001.perseus-grc2.xml
Argonautica,tlg001,1,486,καί μιν ἐπιλλίζων ἠμείβετο κερτομίοισιν·,καί μιν ἐπιλλίζων ἠμείβετο κερτομίοισιν·,tlg0001.tlg001.perseus-grc2.xml
Argonautica,tlg001,1,487,"ἄγρει νυν τόδε σῇσι θεοπροπίῃσιν ἐνίσπες,","ἄγρει νυν τόδε σῇσι θεοπροπίῃσιν ἐνίσπες,",tlg0001.tlg001.perseus-grc2.xml
Argonautica,tlg001,1,488,"εἰ καὶ ἐμοὶ τοιόνδε θεοὶ τελέουσιν ὄλεθρον,","εἰ καὶ ἐμοὶ τοιόνδε θεοὶ τελέουσιν ὄλεθρον,",tlg0001.tlg001.perseus-grc2.xml
Argonautica,tlg001,1,489,οἷον Ἀλωιάδῃσι πατὴρ τεὸς ἐγγυάλιξεν.,οἷον Ἀλωιάδῃσι πατὴρ τεὸς ἐγγυάλιξεν.,tlg0001.tlg001.perseus-grc2.xml
Argonautica,tlg001,1,490,"φράζεο δʼ ὅππως χεῖρας ἐμὰς σόος ἐξαλέοιο,","φράζεο δ’ ὅππως χεῖρας ἐμὰς σόος ἐξαλέοιο,",tlg0001.tlg001.perseus-grc2.xml
Argonautica,tlg001,1,491,χρειὼ θεσπίζων μεταμώνιον εἴ κεν ἁλῴης.,χρειὼ θεσπίζων μεταμώνιον εἴ κεν ἁλῴης.,tlg0001.tlg001.perseus-grc2.xml
Argonautica,tlg001,1,492,"Χώετʼ ἐνιπτάζων· προτέρω δέ κε νεῖκος ἐτύχθη,","Χώετ’ ἐνιπτάζων· προτέρω δέ κε νεῖκος ἐτύχθη,",tlg0001.tlg001.perseus-grc2.xml
Argonautica,tlg001,1,493,εἰ μὴ δηριόωντας ὁμοκλήσαντες ἑταῖροι,εἰ μὴ δηριόωντας ὁμοκλήσαντες ἑταῖροι,tlg0001.tlg001.perseus-grc2.xml
Argonautica,tlg001,1,494,αὐτός τʼ Αἰσονίδης κατερήτυεν· ἂν δὲ καὶ Ὀρφεὺς,αὐτός τ’ Αἰσονίδης κατερήτυεν· ἂν δὲ καὶ Ὀρφεὺς,tlg0001.tlg001.perseus-grc2.xml
Argonautica,tlg001,1,495,λαιῇ ἀνασχόμενος κίθαριν πείραζεν ἀοιδῆς.,λαιῇ ἀνασχόμενος κίθαριν πείραζεν ἀοιδῆς.,tlg0001.tlg001.perseus-grc2.xml
Argonautica,tlg001,1,496,"ἤειδεν δʼ ὡς γαῖα καὶ οὐρανὸς ἠδὲ θάλασσα,","ἤειδεν δ’ ὡς γαῖα καὶ οὐρανὸς ἠδὲ θάλασσα,",tlg0001.tlg001.perseus-grc2.xml
Argonautica,tlg001,1,497,"τὸ πρὶν ἐπʼ ἀλλήλοισι μιῇ συναρηρότα μορφῇ,","τὸ πρὶν ἐπ’ ἀλλήλοισι μιῇ συναρηρότα μορφῇ,",tlg0001.tlg001.perseus-grc2.xml
Argonautica,tlg001,1,498,νείκεος ἐξ ὀλοοῖο διέκριθεν ἀμφὶς ἕκαστα·,νείκεος ἐξ ὀλοοῖο διέκριθεν ἀμφὶς ἕκαστα·,tlg0001.tlg001.perseus-grc2.xml
Argonautica,tlg001,1,499,ἠδʼ ὡς ἔμπεδον αἰὲν ἐν αἰθέρι τέκμαρ ἔχουσιν,ἠδ’ ὡς ἔμπεδον αἰὲν ἐν αἰθέρι τέκμαρ ἔχουσιν,tlg0001.tlg001.perseus-grc2.xml
Argonautica,tlg001,1,500,ἄστρα σεληναίη τε καὶ ἠελίοιο κέλευθοι·,ἄστρα σεληναίη τε καὶ ἠελίοιο κέλευθοι·,tlg0001.tlg001.perseus-grc2.xml
Argonautica,tlg001,1,501,"οὔρεά θʼ ὡς ἀνέτειλε, καὶ ὡς ποταμοὶ κελάδοντες","οὔρεά θ’ ὡς ἀνέτειλε, καὶ ὡς ποταμοὶ κελάδοντες",tlg0001.tlg001.perseus-grc2.xml
Argonautica,tlg001,1,502,αὐτῇσιν νύμφῃσι καὶ ἑρπετὰ πάντʼ ἐγένοντο.,αὐτῇσιν νύμφῃσι καὶ ἑρπετὰ πάντ’ ἐγένοντο.,tlg0001.tlg001.perseus-grc2.xml
Argonautica,tlg001,1,503,ἤειδεν δʼ ὡς πρῶτον Ὀφίων Εὐρυνόμη τε,ἤειδεν δ’ ὡς πρῶτον Ὀφίων Εὐρυνόμη τε,tlg0001.tlg001.perseus-grc2.xml
Argonautica,tlg001,1,504,Ὠκεανὶς νιφόεντος ἔχον κράτος Οὐλύμποιο·,Ὠκεανὶς νιφόεντος ἔχον κράτος Οὐλύμποιο·,tlg0001.tlg001.perseus-grc2.xml
Argonautica,tlg001,1,505,"ὥς τε βίῃ καὶ χερσὶν ὁ μὲν Κρόνῳ εἴκαθε τιμῆς,","ὥς τε βίῃ καὶ χερσὶν ὁ μὲν Κρόνῳ εἴκαθε τιμῆς,",tlg0001.tlg001.perseus-grc2.xml
Argonautica,tlg001,1,506,"ἡ δὲ Ῥέῃ, ἔπεσον δʼ ἐνὶ κύμασιν Ὠκεανοῖο·","ἡ δὲ Ῥέῃ, ἔπεσον δ’ ἐνὶ κύμασιν Ὠκεανοῖο·",tlg0001.tlg001.perseus-grc2.xml
Argonautica,tlg001,1,507,"οἱ δὲ τέως μακάρεσσι θεοῖς Τιτῆσιν ἄνασσον,","οἱ δὲ τέως μακάρεσσι θεοῖς Τιτῆσιν ἄνασσον,",tlg0001.tlg001.perseus-grc2.xml
Argonautica,tlg001,1,508,"ὄφρα Ζεὺς ἔτι κοῦρος, ἔτι φρεσὶ νήπια εἰδώς,","ὄφρα Ζεὺς ἔτι κοῦρος, ἔτι φρεσὶ νήπια εἰδώς,",tlg0001.tlg001.perseus-grc2.xml
Argonautica,tlg001,1,509,Δικταῖον ναίεσκεν ὑπὸ σπέος· οἱ δέ μιν οὔπω,Δικταῖον ναίεσκεν ὑπὸ σπέος· οἱ δέ μιν οὔπω,tlg0001.tlg001.perseus-grc2.xml
Argonautica,tlg001,1,510,"γηγενέες Κύκλωπες ἐκαρτύναντο κεραυνῷ,","γηγενέες Κύκλωπες ἐκαρτύναντο κεραυνῷ,",tlg0001.tlg001.perseus-grc2.xml
Argonautica,tlg001,1,511,βροντῇ τε στεροπῇ τε· τὰ γὰρ Διὶ κῦδος ὀπάζει.,βροντῇ τε στεροπῇ τε· τὰ γὰρ Διὶ κῦδος ὀπάζει.,tlg0001.tlg001.perseus-grc2.xml
Argonautica,tlg001,1,512,"ἦ, καὶ ὁ μὲν φόρμιγγα σὺν ἀμβροσίῃ σχέθεν αὐδῇ.","ἦ, καὶ ὁ μὲν φόρμιγγα σὺν ἀμβροσίῃ σχέθεν αὐδῇ.",tlg0001.tlg001.perseus-grc2.xml
Argonautica,tlg001,1,513,τοὶ δʼ ἄμοτον λήξαντος ἔτι προύχοντο κάρηνα,τοὶ δ’ ἄμοτον λήξαντος ἔτι προύχοντο κάρηνα,tlg0001.tlg001.perseus-grc2.xml
Argonautica,tlg001,1,514,πάντες ὁμῶς ὀρθοῖσιν ἐπʼ οὔασιν ἠρεμέοντες,πάντες ὁμῶς ὀρθοῖσιν ἐπ’ οὔασιν ἠρεμέοντες,tlg0001.tlg001.perseus-grc2.xml
Argonautica,tlg001,1,515,κηληθμῷ· τοῖόν σφιν ἐνέλλιπε θέλκτρον ἀοιδῆς.,κηληθμῷ· τοῖόν σφιν ἐνέλλιπε θέλκτρον ἀοιδῆς.,tlg0001.tlg001.perseus-grc2.xml
Argonautica,tlg001,1,516,"οὐδʼ ἐπὶ δὴν μετέπειτα κερασσάμενοι Διὶ λοιβάς,","οὐδ’ ἐπὶ δὴν μετέπειτα κερασσάμενοι Διὶ λοιβάς,",tlg0001.tlg001.perseus-grc2.xml
Argonautica,tlg001,1,517,"ἣ θέμις, ἑστηῶτες ἐπὶ γλώσσῃσι χέοντο","ἣ θέμις, ἑστηῶτες ἐπὶ γλώσσῃσι χέοντο",tlg0001.tlg001.perseus-grc2.xml
Argonautica,tlg001,1,518,"αἰθομέναις, ὕπνου δὲ διὰ κνέφας ἐμνώοντο.","αἰθομέναις, ὕπνου δὲ διὰ κνέφας ἐμνώοντο.",tlg0001.tlg001.perseus-grc2.xml
Argonautica,tlg001,1,519,αὐτὰρ ὅτʼ αἰγλήεσσα φαεινοῖς ὄμμασιν Ἠὼς,αὐτὰρ ὅτ’ αἰγλήεσσα φαεινοῖς ὄμμασιν Ἠὼς,tlg0001.tlg001.perseus-grc2.xml
Argonautica,tlg001,1,520,"Πηλίου αἰπεινὰς ἴδεν ἄκριας, ἐκ δʼ ἀνέμοιο","Πηλίου αἰπεινὰς ἴδεν ἄκριας, ἐκ δ’ ἀνέμοιο",tlg0001.tlg001.perseus-grc2.xml
Argonautica,tlg001,1,521,"εὔδιοι ἐκλύζοντο τινασσομένης ἁλὸς ἄκραι,","εὔδιοι ἐκλύζοντο τινασσομένης ἁλὸς ἄκραι,",tlg0001.tlg001.perseus-grc2.xml
Argonautica,tlg001,1,522,δὴ τότʼ ἀνέγρετο Τῖφυς· ἄφαρ δʼ ὀρόθυνεν ἑταίρους,δὴ τότ’ ἀνέγρετο Τῖφυς· ἄφαρ δ’ ὀρόθυνεν ἑταίρους,tlg0001.tlg001.perseus-grc2.xml
Argonautica,tlg001,1,523,βαινέμεναί τʼ ἐπὶ νῆα καὶ ἀρτύνασθαι ἐρετμά.,βαινέμεναί τ’ ἐπὶ νῆα καὶ ἀρτύνασθαι ἐρετμά.,tlg0001.tlg001.perseus-grc2.xml
Argonautica,tlg001,1,524,σμερδαλέον δὲ λιμὴν Παγασήιος ἠδὲ καὶ αὐτὴ,σμερδαλέον δὲ λιμὴν Παγασήιος ἠδὲ καὶ αὐτὴ,tlg0001.tlg001.perseus-grc2.xml
Argonautica,tlg001,1,525,Πηλιὰς ἴαχεν Ἀργὼ ἐπισπέρχουσα νέεσθαι.,Πηλιὰς ἴαχεν Ἀργὼ ἐπισπέρχουσα νέεσθαι.,tlg0001.tlg001.perseus-grc2.xml
Argonautica,tlg001,1,526,"ἐν γάρ οἱ δόρυ θεῖον ἐλήλατο, τό ῥʼ ἀνὰ μέσσην","ἐν γάρ οἱ δόρυ θεῖον ἐλήλατο, τό ῥ’ ἀνὰ μέσσην",tlg0001.tlg001.perseus-grc2.xml
Argonautica,tlg001,1,527,στεῖραν Ἀθηναίη Δωδωνίδος ἥρμοσε φηγοῦ.,στεῖραν Ἀθηναίη Δωδωνίδος ἥρμοσε φηγοῦ.,tlg0001.tlg001.perseus-grc2.xml
Argonautica,tlg001,1,528,"οἱ δʼ ἀνὰ σέλματα βάντες ἐπισχερὼ ἀλλήλοισιν,","οἱ δ’ ἀνὰ σέλματα βάντες ἐπισχερὼ ἀλλήλοισιν,",tlg0001.tlg001.perseus-grc2.xml
Argonautica,tlg001,1,529,"ὡς ἐδάσαντο πάροιθεν ἐρεσσέμεν ᾧ ἐνὶ χώρῳ,","ὡς ἐδάσαντο πάροιθεν ἐρεσσέμεν ᾧ ἐνὶ χώρῳ,",tlg0001.tlg001.perseus-grc2.xml
Argonautica,tlg001,1,530,εὐκόσμως σφετέροισι παρʼ ἔντεσιν ἑδριόωντο.,εὐκόσμως σφετέροισι παρ’ ἔντεσιν ἑδριόωντο.,tlg0001.tlg001.perseus-grc2.xml
Argonautica,tlg001,1,531,μέσσῳ δʼ Ἀγκαῖος μέγα τε σθένος Ἡρακλῆος,μέσσῳ δ’ Ἀγκαῖος μέγα τε σθένος Ἡρακλῆος,tlg0001.tlg001.perseus-grc2.xml
Argonautica,tlg001,1,532,"ἵζανον· ἄγχι δέ οἱ ῥόπαλον θέτο, καί οἱ ἔνερθεν","ἵζανον· ἄγχι δέ οἱ ῥόπαλον θέτο, καί οἱ ἔνερθεν",tlg0001.tlg001.perseus-grc2.xml
Argonautica,tlg001,1,533,ποσσὶν ὑπεκλύσθη νηὸς τρόπις.· εἵλκετο δʼ ἤδη,ποσσὶν ὑπεκλύσθη νηὸς τρόπις.· εἵλκετο δ’ ἤδη,tlg0001.tlg001.perseus-grc2.xml
Argonautica,tlg001,1,534,"πείσματα, καὶ μέθυ λεῖβον ὕπερθʼ ἁλός. αὐτὰρ Ἰήσων","πείσματα, καὶ μέθυ λεῖβον ὕπερθ’ ἁλός. αὐτὰρ Ἰήσων",tlg0001.tlg001.perseus-grc2.xml
Argonautica,tlg001,1,535,δακρυόεις γαίης ἀπὸ πατρίδος ὄμματʼ ἔνεικεν.,δακρυόεις γαίης ἀπὸ πατρίδος ὄμματ’ ἔνεικεν.,tlg0001.tlg001.perseus-grc2.xml
Argonautica,tlg001,1,536,"οἱ δʼ, ὥστʼ ἠίθεοι Φοίβῳ χορὸν ἢ ἐνὶ Πυθοῖ","οἱ δ’, ὥστ’ ἠίθεοι Φοίβῳ χορὸν ἢ ἐνὶ Πυθοῖ",tlg0001.tlg001.perseus-grc2.xml
Argonautica,tlg001,1,537,"ᾔ που ἐν Ὀρτυγίῃ, ἢ ἐφʼ ὕδασιν Ἰσμηνοῖο","ᾔ που ἐν Ὀρτυγίῃ, ἢ ἐφ’ ὕδασιν Ἰσμηνοῖο",tlg0001.tlg001.perseus-grc2.xml
Argonautica,tlg001,1,538,"στησάμενοι, φόρμιγγος ὑπαὶ περὶ βωμὸν ὁμαρτῇ","στησάμενοι, φόρμιγγος ὑπαὶ περὶ βωμὸν ὁμαρτῇ",tlg0001.tlg001.perseus-grc2.xml
Argonautica,tlg001,1,539,ἐμμελέως κραιπνοῖσι πέδον ῥήσσωσι πόδεσσιν·,ἐμμελέως κραιπνοῖσι πέδον ῥήσσωσι πόδεσσιν·,tlg0001.tlg001.perseus-grc2.xml
Argonautica,tlg001,1,540,ὧς οἱ ὑπʼ Ὀρφῆος κιθάρῃ πέπληγον ἐρετμοῖς,ὧς οἱ ὑπ’ Ὀρφῆος κιθάρῃ πέπληγον ἐρετμοῖς,tlg0001.tlg001.perseus-grc2.xml
Argonautica,tlg001,1,541,"πόντου λάβρον ὕδωρ, ἐπὶ δὲ ῥόθια κλύζοντο·","πόντου λάβρον ὕδωρ, ἐπὶ δὲ ῥόθια κλύζοντο·",tlg0001.tlg001.perseus-grc2.xml
Argonautica,tlg001,1,542,ἀφρῷ δʼ ἔνθα καὶ ἔνθα κελαινὴ κήκιεν ἅλμη,ἀφρῷ δ’ ἔνθα καὶ ἔνθα κελαινὴ κήκιεν ἅλμη,tlg0001.tlg001.perseus-grc2.xml
Argonautica,tlg001,1,543,δεινὸν μορμύρουσα ἐρισθενέων μένει ἀνδρῶν.,δεινὸν μορμύρουσα ἐρισθενέων μένει ἀνδρῶν.,tlg0001.tlg001.perseus-grc2.xml
Argonautica,tlg001,1,544,στράπτε δʼ ὑπʼ ἠελίῳ φλογὶ εἴκελα νηὸς ἰούσης,στράπτε δ’ ὑπ’ ἠελίῳ φλογὶ εἴκελα νηὸς ἰούσης,tlg0001.tlg001.perseus-grc2.xml
Argonautica,tlg001,1,545,"τεύχεα· μακραὶ δʼ αἰὲν ἐλευκαίνοντο κέλευθοι,","τεύχεα· μακραὶ δ’ αἰὲν ἐλευκαίνοντο κέλευθοι,",tlg0001.tlg001.perseus-grc2.xml
Argonautica,tlg001,1,546,ἀτραπὸς ὣς χλοεροῖο διειδομένη πεδίοιο.,ἀτραπὸς ὣς χλοεροῖο διειδομένη πεδίοιο.,tlg0001.tlg001.perseus-grc2.xml
Argonautica,tlg001,1,547,πάντες δʼ οὐρανόθεν λεῦσσον θεοὶ ἤματι κείνῳ,πάντες δ’ οὐρανόθεν λεῦσσον θεοὶ ἤματι κείνῳ,tlg0001.tlg001.perseus-grc2.xml
Argonautica,tlg001,1,548,"νῆα καὶ ἡμιθέων ἀνδρῶν μένος, οἳ τότʼ ἄριστοι","νῆα καὶ ἡμιθέων ἀνδρῶν μένος, οἳ τότ’ ἄριστοι",tlg0001.tlg001.perseus-grc2.xml
Argonautica,tlg001,1,549,πόντον ἐπιπλώεσκον· ἐπʼ ἀκροτάτῃσι δὲ νύμφαι,πόντον ἐπιπλώεσκον· ἐπ’ ἀκροτάτῃσι δὲ νύμφαι,tlg0001.tlg001.perseus-grc2.xml
Argonautica,tlg001,1,550,Πηλιάδες κορυφῇσιν ἐθάμβεον εἰσορόωσαι,Πηλιάδες κορυφῇσιν ἐθάμβεον εἰσορόωσαι,tlg0001.tlg001.perseus-grc2.xml
Argonautica,tlg001,1,551,"ἔργον Ἀθηναίης Ἰτωνίδος, ἠδὲ καὶ αὐτοὺς","ἔργον Ἀθηναίης Ἰτωνίδος, ἠδὲ καὶ αὐτοὺς",tlg0001.tlg001.perseus-grc2.xml
Argonautica,tlg001,1,552,ἥρωας χείρεσσιν ἐπικραδάοντας ἐρετμά.,ἥρωας χείρεσσιν ἐπικραδάοντας ἐρετμά.,tlg0001.tlg001.perseus-grc2.xml
Argonautica,tlg001,1,553,αὐτὰρ ὅγʼ ἐξ ὑπάτου ὄρεος κίεν ἄγχι θαλάσσης,αὐτὰρ ὅγ’ ἐξ ὑπάτου ὄρεος κίεν ἄγχι θαλάσσης,tlg0001.tlg001.perseus-grc2.xml
Argonautica,tlg001,1,554,"χείρων Φιλλυρίδης, πολιῇ δʼ ἐπὶ κύματος ἀγῇ","χείρων Φιλλυρίδης, πολιῇ δ’ ἐπὶ κύματος ἀγῇ",tlg0001.tlg001.perseus-grc2.xml
Argonautica,tlg001,1,555,"τέγγε πόδας, καὶ πολλὰ βαρείῃ χειρὶ κελεύων,","τέγγε πόδας, καὶ πολλὰ βαρείῃ χειρὶ κελεύων,",tlg0001.tlg001.perseus-grc2.xml
Argonautica,tlg001,1,556,νόστον ἐπευφήμησεν ἀκηδέα νισσομένοισιν.,νόστον ἐπευφήμησεν ἀκηδέα νισσομένοισιν.,tlg0001.tlg001.perseus-grc2.xml
Argonautica,tlg001,1,557,σὺν καί οἱ παράκοιτις ἐπωλένιον φορέουσα,σὺν καί οἱ παράκοιτις ἐπωλένιον φορέουσα,tlg0001.tlg001.perseus-grc2.xml
Argonautica,tlg001,1,558,"Πηλεΐδην Ἀχιλῆα, φίλῳ δειδίσκετο πατρί.","Πηλεΐδην Ἀχιλῆα, φίλῳ δειδίσκετο πατρί.",tlg0001.tlg001.perseus-grc2.xml
Argonautica,tlg001,1,559,οἱ δʼ ὅτε δὴ λιμένος περιηγέα κάλλιπον ἀκτὴν,οἱ δ’ ὅτε δὴ λιμένος περιηγέα κάλλιπον ἀκτὴν,tlg0001.tlg001.perseus-grc2.xml
Argonautica,tlg001,1,560,φραδμοσύνῃ μήτι τε δαΐφρονος Ἁγνιάδαο,φραδμοσύνῃ μήτι τε δαΐφρονος Ἁγνιάδαο,tlg0001.tlg001.perseus-grc2.xml
Argonautica,tlg001,1,561,"Τίφυος, ὅς ῥʼ ἐνὶ χερσὶν ἐύξοα τεχνηέντως","Τίφυος, ὅς ῥ’ ἐνὶ χερσὶν ἐύξοα τεχνηέντως",tlg0001.tlg001.perseus-grc2.xml
Argonautica,tlg001,1,562,"πηδάλιʼ ἀμφιέπεσκʼ, ὄφρʼ ἔμπεδον ἐξιθύνοι,","πηδάλι’ ἀμφιέπεσκ’, ὄφρ’ ἔμπεδον ἐξιθύνοι,",tlg0001.tlg001.perseus-grc2.xml
Argonautica,tlg001,1,563,"δή ῥα τότε μέγαν ἱστὸν ἐνεστήσαντο μεσόδμῃ,","δή ῥα τότε μέγαν ἱστὸν ἐνεστήσαντο μεσόδμῃ,",tlg0001.tlg001.perseus-grc2.xml
Argonautica,tlg001,1,564,"δῆσαν δὲ προτόνοισι, τανυσσάμενοι ἑκάτερθεν,","δῆσαν δὲ προτόνοισι, τανυσσάμενοι ἑκάτερθεν,",tlg0001.tlg001.perseus-grc2.xml
Argonautica,tlg001,1,565,"κὰδ δʼ αὐτοῦ λίνα χεῦαν, ἐπʼ ἠλακάτην ἐρύσαντες.","κὰδ δ’ αὐτοῦ λίνα χεῦαν, ἐπ’ ἠλακάτην ἐρύσαντες.",tlg0001.tlg001.perseus-grc2.xml
Argonautica,tlg001,1,566,ἐν δὲ λιγὺς πέσεν οὖρος· ἐπʼ ἰκριόφιν δὲ κάλωας,ἐν δὲ λιγὺς πέσεν οὖρος· ἐπ’ ἰκριόφιν δὲ κάλωας,tlg0001.tlg001.perseus-grc2.xml
Argonautica,tlg001,1,567,ξεστῇσιν περόνῃσι διακριδὸν ἀμφιβαλόντες,ξεστῇσιν περόνῃσι διακριδὸν ἀμφιβαλόντες,tlg0001.tlg001.perseus-grc2.xml
Argonautica,tlg001,1,568,Τισαίην εὔκηλοι ὑπὲρ δολιχὴν θέον ἄκρην.,Τισαίην εὔκηλοι ὑπὲρ δολιχὴν θέον ἄκρην.,tlg0001.tlg001.perseus-grc2.xml
Argonautica,tlg001,1,569,τοῖσι δὲ φορμίζων εὐθήμονι μέλπεν ἀοιδῇ,τοῖσι δὲ φορμίζων εὐθήμονι μέλπεν ἀοιδῇ,tlg0001.tlg001.perseus-grc2.xml
Argonautica,tlg001,1,570,Οἰάγροιο πάις νηοσσόον εὐπατέρειαν,Οἰάγροιο πάις νηοσσόον εὐπατέρειαν,tlg0001.tlg001.perseus-grc2.xml
Argonautica,tlg001,1,571,"Ἄρτεμιν, ἣ κείνας σκοπιὰς ἁλὸς ἀμφιέπεσκεν","Ἄρτεμιν, ἣ κείνας σκοπιὰς ἁλὸς ἀμφιέπεσκεν",tlg0001.tlg001.perseus-grc2.xml
Argonautica,tlg001,1,572,ῥυομένη καὶ γαῖαν Ἰωλκίδα· τοὶ δὲ βαθείης,ῥυομένη καὶ γαῖαν Ἰωλκίδα· τοὶ δὲ βαθείης,tlg0001.tlg001.perseus-grc2.xml
Argonautica,tlg001,1,573,"ἰχθύες ἀίσσοντες ὕπερθʼ ἁλός, ἄμμιγα παύροις","ἰχθύες ἀίσσοντες ὕπερθ’ ἁλός, ἄμμιγα παύροις",tlg0001.tlg001.perseus-grc2.xml
Argonautica,tlg001,1,574,"ἄπλετοι, ὑγρὰ κέλευθα διασκαίροντες ἕποντο.","ἄπλετοι, ὑγρὰ κέλευθα διασκαίροντες ἕποντο.",tlg0001.tlg001.perseus-grc2.xml
Argonautica,tlg001,1,575,ὡς δʼ ὁπότʼ ἀγραύλοιο κατʼ ἴχνια σημαντῆρος,ὡς δ’ ὁπότ’ ἀγραύλοιο κατ’ ἴχνια σημαντῆρος,tlg0001.tlg001.perseus-grc2.xml
Argonautica,tlg001,1,576,μυρία μῆλʼ ἐφέπονται ἄδην κεκορημένα ποίης,μυρία μῆλ’ ἐφέπονται ἄδην κεκορημένα ποίης,tlg0001.tlg001.perseus-grc2.xml
Argonautica,tlg001,1,577,"εἰς αὖλιν, ὁ δέ τʼ εἶσι πάρος σύριγ γι λιγείῃ","εἰς αὖλιν, ὁ δέ τ’ εἶσι πάρος σύριγ γι λιγείῃ",tlg0001.tlg001.perseus-grc2.xml
Argonautica,tlg001,1,578,"καλὰ μελιζόμενος νόμιον μέλος, ὧς ἄρα τοίγε","καλὰ μελιζόμενος νόμιον μέλος, ὧς ἄρα τοίγε",tlg0001.tlg001.perseus-grc2.xml
Argonautica,tlg001,1,579,ὡμάρτευν· τὴν δʼ αἰὲν ἐπασσύτερος φέρεν οὖρος.,ὡμάρτευν· τὴν δ’ αἰὲν ἐπασσύτερος φέρεν οὖρος.,tlg0001.tlg001.perseus-grc2.xml
Argonautica,tlg001,1,580,αὐτίκα δʼ ἠερίη πολυλήιος αἶα Πελασγῶν,αὐτίκα δ’ ἠερίη πολυλήιος αἶα Πελασγῶν,tlg0001.tlg001.perseus-grc2.xml
Argonautica,tlg001,1,581,"δύετο, Πηλιάδας δὲ παρεξήμειβον ἐρίπνας","δύετο, Πηλιάδας δὲ παρεξήμειβον ἐρίπνας",tlg0001.tlg001.perseus-grc2.xml
Argonautica,tlg001,1,582,"αἰὲν ἐπιπροθέοντες· ἔδυνε δὲ Σηπιὰς ἄκρη,","αἰὲν ἐπιπροθέοντες· ἔδυνε δὲ Σηπιὰς ἄκρη,",tlg0001.tlg001.perseus-grc2.xml
Argonautica,tlg001,1,583,"φαίνετο δʼ εἰναλίη Σκίαθος, φαίνοντο δʼ ἄπωθεν","φαίνετο δ’ εἰναλίη Σκίαθος, φαίνοντο δ’ ἄπωθεν",tlg0001.tlg001.perseus-grc2.xml
Argonautica,tlg001,1,584,Πειρεσιαὶ Μάγνησά θʼ ὑπεύδιος ἠπείροιο,Πειρεσιαὶ Μάγνησά θ’ ὑπεύδιος ἠπείροιο,tlg0001.tlg001.perseus-grc2.xml
Argonautica,tlg001,1,585,ἀκτὴ καὶ τύμβος Δολοπήιος· ἔνθʼ ἄρα τοίγε,ἀκτὴ καὶ τύμβος Δολοπήιος· ἔνθ’ ἄρα τοίγε,tlg0001.tlg001.perseus-grc2.xml
Argonautica,tlg001,1,586,"ἑσπέριοι ἀνέμοιο παλιμπνοίῃσιν ἔκελσαν,","ἑσπέριοι ἀνέμοιο παλιμπνοίῃσιν ἔκελσαν,",tlg0001.tlg001.perseus-grc2.xml
Argonautica,tlg001,1,587,καί μιν κυδαίνοντες ὑπὸ κνέφας ἔντομα μήλων,καί μιν κυδαίνοντες ὑπὸ κνέφας ἔντομα μήλων,tlg0001.tlg001.perseus-grc2.xml
Argonautica,tlg001,1,588,"κεῖαν, ὀρινομένης ἁλὸς οἴδματι· διπλόα δʼ ἀκταῖς","κεῖαν, ὀρινομένης ἁλὸς οἴδματι· διπλόα δ’ ἀκταῖς",tlg0001.tlg001.perseus-grc2.xml
Argonautica,tlg001,1,589,ἤματʼ ἐλινύεσκον· ἀτὰρ τριτάτῳ προέηκαν,ἤματ’ ἐλινύεσκον· ἀτὰρ τριτάτῳ προέηκαν,tlg0001.tlg001.perseus-grc2.xml
Argonautica,tlg001,1,590,"νῆα, τανυσσάμενοι περιώσιον ὑψόθι λαῖφος.","νῆα, τανυσσάμενοι περιώσιον ὑψόθι λαῖφος.",tlg0001.tlg001.perseus-grc2.xml
Argonautica,tlg001,1,591,τὴν δʼ ἀκτὴν Ἀφέτας Ἀργοῦς ἔτι κικλήσκουσιν.,τὴν δ’ ἀκτὴν Ἀφέτας Ἀργοῦς ἔτι κικλήσκουσιν.,tlg0001.tlg001.perseus-grc2.xml
Argonautica,tlg001,1,592,ἔνθεν δὲ προτέρωσε παρεξέθεον Μελίβοιαν.,ἔνθεν δὲ προτέρωσε παρεξέθεον Μελίβοιαν.,tlg0001.tlg001.perseus-grc2.xml
Argonautica,tlg001,1,593,ἀκτήν τʼ αἰγιαλόν τε δυσήνεμον εἰσορόωντες.,ἀκτήν τ’ αἰγιαλόν τε δυσήνεμον εἰσορόωντες.,tlg0001.tlg001.perseus-grc2.xml
Argonautica,tlg001,1,594,ἠῶθεν δʼ Ὁμόλην αὐτοσχεδὸν εἰσορόωντες,ἠῶθεν δ’ Ὁμόλην αὐτοσχεδὸν εἰσορόωντες,tlg0001.tlg001.perseus-grc2.xml
Argonautica,tlg001,1,595,πόντῳ κεκλιμένην παρεμέτρεον· οὐδʼ ἔτι δηρὸν,πόντῳ κεκλιμένην παρεμέτρεον· οὐδ’ ἔτι δηρὸν,tlg0001.tlg001.perseus-grc2.xml
Argonautica,tlg001,1,596,μέλλον ὑπὲκ ποταμοῖο βαλεῖν Ἀμύροιο ῥέεθρα.,μέλλον ὑπὲκ ποταμοῖο βαλεῖν Ἀμύροιο ῥέεθρα.,tlg0001.tlg001.perseus-grc2.xml
Argonautica,tlg001,1,597,κεῖθεν δʼ Εὐρυμενάς τε πολυκλύστους τε φάραγγας,κεῖθεν δ’ Εὐρυμενάς τε πολυκλύστους τε φάραγγας,tlg0001.tlg001.perseus-grc2.xml
Argonautica,tlg001,1,598,Ὄσσης Οὐλύμποιό τʼ ἐσέδρακον· αὐτὰρ ἔπειτα,Ὄσσης Οὐλύμποιό τ’ ἐσέδρακον· αὐτὰρ ἔπειτα,tlg0001.tlg001.perseus-grc2.xml
Argonautica,tlg001,1,599,"κλίτεα Παλλήναια, Καναστραίην ὑπὲρ ἄκρην,","κλίτεα Παλλήναια, Καναστραίην ὑπὲρ ἄκρην,",tlg0001.tlg001.perseus-grc2.xml
Argonautica,tlg001,1,600,ἤνυσαν ἐννύχιοι πνοιῇ ἀνέμοιο θέοντες.,ἤνυσαν ἐννύχιοι πνοιῇ ἀνέμοιο θέοντες.,tlg0001.tlg001.perseus-grc2.xml
Argonautica,tlg001,1,601,ἦρι δὲ νισσομένοισιν Ἄθω ἀνέτελλε κολώνη,ἦρι δὲ νισσομένοισιν Ἄθω ἀνέτελλε κολώνη,tlg0001.tlg001.perseus-grc2.xml
Argonautica,tlg001,1,602,"Θρηικίη, ἣ τόσσον ἀπόπροθι Λῆμνον ἐοῦσαν,","Θρηικίη, ἣ τόσσον ἀπόπροθι Λῆμνον ἐοῦσαν,",tlg0001.tlg001.perseus-grc2.xml
Argonautica,tlg001,1,603,"ὅσσον ἐς ἔνδιόν κεν ἐύστολος ὁλκὰς ἀνύσσαι,","ὅσσον ἐς ἔνδιόν κεν ἐύστολος ὁλκὰς ἀνύσσαι,",tlg0001.tlg001.perseus-grc2.xml
Argonautica,tlg001,1,604,"ἀκροτάτῃ κορυφῇ σκιάει, καὶ ἐσάχρι Μυρίνης.","ἀκροτάτῃ κορυφῇ σκιάει, καὶ ἐσάχρι Μυρίνης.",tlg0001.tlg001.perseus-grc2.xml
Argonautica,tlg001,1,605,τοῖσιν δʼ αὐτῆμαρ μὲν ἄεν καὶ ἐπι κνέφας οὖρος,τοῖσιν δ’ αὐτῆμαρ μὲν ἄεν καὶ ἐπι κνέφας οὖρος,tlg0001.tlg001.perseus-grc2.xml
Argonautica,tlg001,1,606,"πάγχυ μάλʼ ἀκραής, τετάνυστο δὲ λαίφεα νηός.","πάγχυ μάλ’ ἀκραής, τετάνυστο δὲ λαίφεα νηός.",tlg0001.tlg001.perseus-grc2.xml
Argonautica,tlg001,1,607,αὐτὰρ ἅμʼ ἠελίοιο βολαῖς ἀνέμοιο λιπόντος,αὐτὰρ ἅμ’ ἠελίοιο βολαῖς ἀνέμοιο λιπόντος,tlg0001.tlg001.perseus-grc2.xml
Argonautica,tlg001,1,608,εἰρεσίῃ κραναὴν Σιντηίδα Λῆμνον ἵκοντο.,εἰρεσίῃ κραναὴν Σιντηίδα Λῆμνον ἵκοντο.,tlg0001.tlg001.perseus-grc2.xml
Argonautica,tlg001,1,609,ἔνθʼ ἄμυδις πᾶς δῆμος ὑπερβασίῃσι γυναικῶν,ἔνθ’ ἄμυδις πᾶς δῆμος ὑπερβασίῃσι γυναικῶν,tlg0001.tlg001.perseus-grc2.xml
Argonautica,tlg001,1,610,νηλειῶς δέδμητο παροιχομένῳ λυκάβαντι.,νηλειῶς δέδμητο παροιχομένῳ λυκάβαντι.,tlg0001.tlg001.perseus-grc2.xml
Argonautica,tlg001,1,611,δὴ γὰρ κουριδίας μὲν ἀπηνήναντο γυναῖκας,δὴ γὰρ κουριδίας μὲν ἀπηνήναντο γυναῖκας,tlg0001.tlg001.perseus-grc2.xml
Argonautica,tlg001,1,612,"ἀνέρες ἐχθήραντες, ἔχον δʼ ἐπὶ ληιάδεσσιν","ἀνέρες ἐχθήραντες, ἔχον δ’ ἐπὶ ληιάδεσσιν",tlg0001.tlg001.perseus-grc2.xml
Argonautica,tlg001,1,613,"τρηχὺν ἔρον, ἃς αὐτοὶ ἀγίνεον ἀντιπέρηθεν","τρηχὺν ἔρον, ἃς αὐτοὶ ἀγίνεον ἀντιπέρηθεν",tlg0001.tlg001.perseus-grc2.xml
Argonautica,tlg001,1,614,Θρηικίην δῃοῦντες· ἐπεὶ χόλος αἰνὸς ὄπαζεν,Θρηικίην δῃοῦντες· ἐπεὶ χόλος αἰνὸς ὄπαζεν,tlg0001.tlg001.perseus-grc2.xml
Argonautica,tlg001,1,615,"Κύπιδος, οὕνεκά μιν γεράων ἐπὶ δηρὸν ἄτισσαν.","Κύπιδος, οὕνεκά μιν γεράων ἐπὶ δηρὸν ἄτισσαν.",tlg0001.tlg001.perseus-grc2.xml
Argonautica,tlg001,1,616,"ὦ μέλεαι, ζήλοιό τʼ ἐπισμυγερῶς ἀκόρητοι.","ὦ μέλεαι, ζήλοιό τ’ ἐπισμυγερῶς ἀκόρητοι.",tlg0001.tlg001.perseus-grc2.xml
Argonautica,tlg001,1,617,οὐκ οἶον σὺν τῇσιν ἑοὺς ἔρραισαν ἀκοίτας,οὐκ οἶον σὺν τῇσιν ἑοὺς ἔρραισαν ἀκοίτας,tlg0001.tlg001.perseus-grc2.xml
Argonautica,tlg001,1,618,"ἀμφʼ εὐνῇ, πᾶν δʼ ἄρσεν ὁμοῦ γένος, ὥς κεν ὀπίσσω","ἀμφ’ εὐνῇ, πᾶν δ’ ἄρσεν ὁμοῦ γένος, ὥς κεν ὀπίσσω",tlg0001.tlg001.perseus-grc2.xml
Argonautica,tlg001,1,619,μήτινα λευγαλέοιο φόνου τίσειαν ἀμοιβήν.,μήτινα λευγαλέοιο φόνου τίσειαν ἀμοιβήν.,tlg0001.tlg001.perseus-grc2.xml
Argonautica,tlg001,1,620,οἴη δʼ ἐκ πασέων γεραροῦ περιφείσατο πατρὸς,οἴη δ’ ἐκ πασέων γεραροῦ περιφείσατο πατρὸς,tlg0001.tlg001.perseus-grc2.xml
Argonautica,tlg001,1,621,"Ὑψιπύλεια Θόαντος, ὃ δὴ κατὰ δῆμον ἄνασσεν·","Ὑψιπύλεια Θόαντος, ὃ δὴ κατὰ δῆμον ἄνασσεν·",tlg0001.tlg001.perseus-grc2.xml
Argonautica,tlg001,1,622,"λάρνακι δʼ ἐν κοίλῃ μιν ὕπερθʼ ἁλὸς ἧκε φέρεσθαι,","λάρνακι δ’ ἐν κοίλῃ μιν ὕπερθ’ ἁλὸς ἧκε φέρεσθαι,",tlg0001.tlg001.perseus-grc2.xml
Argonautica,tlg001,1,623,αἴ κε φύγῃ. καὶ τὸν μὲν ἐς Οἰνοίην ἐρύσαντο,αἴ κε φύγῃ. καὶ τὸν μὲν ἐς Οἰνοίην ἐρύσαντο,tlg0001.tlg001.perseus-grc2.xml
Argonautica,tlg001,1,624,"πρόσθεν, ἀτὰρ Σίκινόν γε μεθύστερον αὐδηθεῖσαν","πρόσθεν, ἀτὰρ Σίκινόν γε μεθύστερον αὐδηθεῖσαν",tlg0001.tlg001.perseus-grc2.xml
Argonautica,tlg001,1,625,"νῆσον, ἐπακτῆρες, Σικίνου ἄπο, τόν ῥα Θόαντι","νῆσον, ἐπακτῆρες, Σικίνου ἄπο, τόν ῥα Θόαντι",tlg0001.tlg001.perseus-grc2.xml
Argonautica,tlg001,1,626,νηιὰς Οἰνοίη νύμφη τέκεν εὐνηθεῖσα.,νηιὰς Οἰνοίη νύμφη τέκεν εὐνηθεῖσα.,tlg0001.tlg001.perseus-grc2.xml
Argonautica,tlg001,1,627,τῇσι δὲ βουκόλιαί τε βοῶν χάλκειά τε δύνειν,τῇσι δὲ βουκόλιαί τε βοῶν χάλκειά τε δύνειν,tlg0001.tlg001.perseus-grc2.xml
Argonautica,tlg001,1,628,"τεύχεα, πυροφόρους τε διατμήξασθαι ἀροὔρας","τεύχεα, πυροφόρους τε διατμήξασθαι ἀροὔρας",tlg0001.tlg001.perseus-grc2.xml
Argonautica,tlg001,1,629,"ῥηίτερον πάσῃσιν Ἀθηναίης πέλεν ἔργων,","ῥηίτερον πάσῃσιν Ἀθηναίης πέλεν ἔργων,",tlg0001.tlg001.perseus-grc2.xml
Argonautica,tlg001,1,630,οἷς αἰεὶ τὸ πάροιθεν ὁμίλεον. ἀλλὰ γὰρ ἔμπης,οἷς αἰεὶ τὸ πάροιθεν ὁμίλεον. ἀλλὰ γὰρ ἔμπης,tlg0001.tlg001.perseus-grc2.xml
Argonautica,tlg001,1,631,ἦ θαμὰ δὴ πάπταινον ἐπὶ πλατὺν ὄμμασι πόντον,ἦ θαμὰ δὴ πάπταινον ἐπὶ πλατὺν ὄμμασι πόντον,tlg0001.tlg001.perseus-grc2.xml
Argonautica,tlg001,1,632,"δείματι λευγαλέῳ, ὁπότε Θρήικες ἴασιν.","δείματι λευγαλέῳ, ὁπότε Θρήικες ἴασιν.",tlg0001.tlg001.perseus-grc2.xml
Argonautica,tlg001,1,633,"τῶ καὶ ὅτʼ ἐγγύθι νήσου ἐρεσσομένην ἴδον Ἀργώ,","τῶ καὶ ὅτ’ ἐγγύθι νήσου ἐρεσσομένην ἴδον Ἀργώ,",tlg0001.tlg001.perseus-grc2.xml
Argonautica,tlg001,1,634,αὐτίκα πασσυδίῃ πυλέων ἔκτοσθε Μυρίνης,αὐτίκα πασσυδίῃ πυλέων ἔκτοσθε Μυρίνης,tlg0001.tlg001.perseus-grc2.xml
Argonautica,tlg001,1,635,"δήια τεύχεα δῦσαι ἐς αἰγιαλὸν προχέοντο,","δήια τεύχεα δῦσαι ἐς αἰγιαλὸν προχέοντο,",tlg0001.tlg001.perseus-grc2.xml
Argonautica,tlg001,1,636,Θυιάσιν ὠμοβόροις ἴκελαι· φὰν γάρ που ἱκάνειν,Θυιάσιν ὠμοβόροις ἴκελαι· φὰν γάρ που ἱκάνειν,tlg0001.tlg001.perseus-grc2.xml
Argonautica,tlg001,1,637,Θρήικας· ἡ δʼ ἅμα τῇσι Θοαντιὰς Ὑψιπύλεια,Θρήικας· ἡ δ’ ἅμα τῇσι Θοαντιὰς Ὑψιπύλεια,tlg0001.tlg001.perseus-grc2.xml
Argonautica,tlg001,1,638,δῦνʼ ἐνὶ τεύχεσι πατρός. ἀμηχανίῃ δʼ ἐχέοντο,δῦν’ ἐνὶ τεύχεσι πατρός. ἀμηχανίῃ δ’ ἐχέοντο,tlg0001.tlg001.perseus-grc2.xml
Argonautica,tlg001,1,639,ἄφθογγοι· τοῖόν σφιν ἐπὶ δέος ᾐωρεῖτο.,ἄφθογγοι· τοῖόν σφιν ἐπὶ δέος ᾐωρεῖτο.,tlg0001.tlg001.perseus-grc2.xml
Argonautica,tlg001,1,640,τείως δʼ αὖτʼ ἐκ νηὸς ἀριστῆες προέηκαν,τείως δ’ αὖτ’ ἐκ νηὸς ἀριστῆες προέηκαν,tlg0001.tlg001.perseus-grc2.xml
Argonautica,tlg001,1,641,"Αἰθαλίδην κήρυκα θοόν, τῷπέρ τε μέλεσθαι","Αἰθαλίδην κήρυκα θοόν, τῷπέρ τε μέλεσθαι",tlg0001.tlg001.perseus-grc2.xml
Argonautica,tlg001,1,642,"ἀγγελίας καὶ σκῆπτρον ἐπέτρεπον Ἑρμείαο,","ἀγγελίας καὶ σκῆπτρον ἐπέτρεπον Ἑρμείαο,",tlg0001.tlg001.perseus-grc2.xml
Argonautica,tlg001,1,643,"σφωιτέροιο τοκῆος, ὅ οἱ μνῆστιν πόρε πάντων","σφωιτέροιο τοκῆος, ὅ οἱ μνῆστιν πόρε πάντων",tlg0001.tlg001.perseus-grc2.xml
Argonautica,tlg001,1,644,ἄφθιτον· οὐδʼ ἔτι νῦν περ ἀποιχομένου Ἀχέροντος,ἄφθιτον· οὐδ’ ἔτι νῦν περ ἀποιχομένου Ἀχέροντος,tlg0001.tlg001.perseus-grc2.xml
Argonautica,tlg001,1,645,δίνας ἀπροφάτους ψυχὴν ἐπιδέδρομε λήθη·,δίνας ἀπροφάτους ψυχὴν ἐπιδέδρομε λήθη·,tlg0001.tlg001.perseus-grc2.xml
Argonautica,tlg001,1,646,"ἀλλʼ ἥγʼ ἔμπεδον αἰὲν ἀμειβομένη μεμόρηται,","ἀλλ’ ἥγ’ ἔμπεδον αἰὲν ἀμειβομένη μεμόρηται,",tlg0001.tlg001.perseus-grc2.xml
Argonautica,tlg001,1,647,"ἄλλοθʼ ὑποχθονίοις ἐναρίθμιος, ἄλλοτʼ ἐς αὐγὰς","ἄλλοθ’ ὑποχθονίοις ἐναρίθμιος, ἄλλοτ’ ἐς αὐγὰς",tlg0001.tlg001.perseus-grc2.xml
Argonautica,tlg001,1,648,ἠελίου ζωοῖσι μετʼ ἀνδράσιν. ἀλλὰ τί μύθους,ἠελίου ζωοῖσι μετ’ ἀνδράσιν. ἀλλὰ τί μύθους,tlg0001.tlg001.perseus-grc2.xml
Argonautica,tlg001,1,649,Αἰθαλίδεω χρειώ με διηνεκέως ἀγορεύειν;,Αἰθαλίδεω χρειώ με διηνεκέως ἀγορεύειν;,tlg0001.tlg001.perseus-grc2.xml
Argonautica,tlg001,1,650,ὅς ῥα τόθʼ Ὑψιπύλην μειλίξατο δέχθαι ἰόντας,ὅς ῥα τόθ’ Ὑψιπύλην μειλίξατο δέχθαι ἰόντας,tlg0001.tlg001.perseus-grc2.xml
Argonautica,tlg001,1,651,ἤματος ἀνομένοιο διὰ κνέφας· οὐδὲ μὲν ἠοῖ,ἤματος ἀνομένοιο διὰ κνέφας· οὐδὲ μὲν ἠοῖ,tlg0001.tlg001.perseus-grc2.xml
Argonautica,tlg001,1,652,πείσματα νηὸς ἔλυσαν ἐπὶ πνοιῇ βορέαο.,πείσματα νηὸς ἔλυσαν ἐπὶ πνοιῇ βορέαο.,tlg0001.tlg001.perseus-grc2.xml
Argonautica,tlg001,1,653,Λημνιάδες δὲ γυναῖκες ἀνὰ πτόλιν ἷζον ἰοῦσαι,Λημνιάδες δὲ γυναῖκες ἀνὰ πτόλιν ἷζον ἰοῦσαι,tlg0001.tlg001.perseus-grc2.xml
Argonautica,tlg001,1,654,εἰς ἀγορήν· αὐτὴ γὰρ ἐπέφραδεν Ὑψιπύλεια.,εἰς ἀγορήν· αὐτὴ γὰρ ἐπέφραδεν Ὑψιπύλεια.,tlg0001.tlg001.perseus-grc2.xml
Argonautica,tlg001,1,655,"καί ῥʼ ὅτε δὴ μάλα πᾶσαι ὁμιλαδὸν ἠγερέθοντο,","καί ῥ’ ὅτε δὴ μάλα πᾶσαι ὁμιλαδὸν ἠγερέθοντο,",tlg0001.tlg001.perseus-grc2.xml
Argonautica,tlg001,1,656,αὐτίκʼ ἄρʼ ἥγʼ ἐνὶ τῇσιν ἐποτρύνουσʼ ἀγόρευεν·,αὐτίκ’ ἄρ’ ἥγ’ ἐνὶ τῇσιν ἐποτρύνουσ’ ἀγόρευεν·,tlg0001.tlg001.perseus-grc2.xml
Argonautica,tlg001,1,657,"Ὦφιλαι, εἰ δʼ ἄγε δὴ μενοεικέα δῶρα πόρωμεν","Ὦφιλαι, εἰ δ’ ἄγε δὴ μενοεικέα δῶρα πόρωμεν",tlg0001.tlg001.perseus-grc2.xml
Argonautica,tlg001,1,658,"ἀνδράσιν, οἷά τʼ ἔοικεν ἄγειν ἐπὶ νηὸς ἔχοντας,","ἀνδράσιν, οἷά τ’ ἔοικεν ἄγειν ἐπὶ νηὸς ἔχοντας,",tlg0001.tlg001.perseus-grc2.xml
Argonautica,tlg001,1,659,"ἤια, καὶ μέθυ λαρόν, ἵνʼ ἔμπεδον ἔκτοθι πύργων","ἤια, καὶ μέθυ λαρόν, ἵν’ ἔμπεδον ἔκτοθι πύργων",tlg0001.tlg001.perseus-grc2.xml
Argonautica,tlg001,1,660,"μίμνοιεν, μηδʼ ἄμμε κατὰ χρειὼ μεθέποντες","μίμνοιεν, μηδ’ ἄμμε κατὰ χρειὼ μεθέποντες",tlg0001.tlg001.perseus-grc2.xml
Argonautica,tlg001,1,661,"ἀτρεκέως γνώωσι, κακὴ δʼ ἐπὶ πολλὸν ἵκηται","ἀτρεκέως γνώωσι, κακὴ δ’ ἐπὶ πολλὸν ἵκηται",tlg0001.tlg001.perseus-grc2.xml
Argonautica,tlg001,1,662,"βάξις· ἐπεὶ μέγα ἔργον ἐρέξαμεν, οὐδέ τι πάμπαν","βάξις· ἐπεὶ μέγα ἔργον ἐρέξαμεν, οὐδέ τι πάμπαν",tlg0001.tlg001.perseus-grc2.xml
Argonautica,tlg001,1,663,"θυμηδὲς καὶ τοῖσι τόγʼ ἔσσεται, εἴ κε δαεῖεν.","θυμηδὲς καὶ τοῖσι τόγ’ ἔσσεται, εἴ κε δαεῖεν.",tlg0001.tlg001.perseus-grc2.xml
Argonautica,tlg001,1,664,ἡμετέρη μὲν νῦν τοίη παρενήνοθε μῆτις·,ἡμετέρη μὲν νῦν τοίη παρενήνοθε μῆτις·,tlg0001.tlg001.perseus-grc2.xml
Argonautica,tlg001,1,665,"ὑμέων δʼ εἴ τις ἄρειον ἔπος μητίσεται ἄλλη,","ὑμέων δ’ εἴ τις ἄρειον ἔπος μητίσεται ἄλλη,",tlg0001.tlg001.perseus-grc2.xml
Argonautica,tlg001,1,666,ἐγρέσθω· τοῦ γάρ τε καὶ εἵνεκα δεῦρʼ ἐκάλεσσα.,ἐγρέσθω· τοῦ γάρ τε καὶ εἵνεκα δεῦρ’ ἐκάλεσσα.,tlg0001.tlg001.perseus-grc2.xml
Argonautica,tlg001,1,667,"ὧς ἄρʼ ἔφη, καὶ θῶκον ἐφίζανε πατρὸς ἑοῖο","ὧς ἄρ’ ἔφη, καὶ θῶκον ἐφίζανε πατρὸς ἑοῖο",tlg0001.tlg001.perseus-grc2.xml
Argonautica,tlg001,1,668,"λάινον· αὐτὰρ ἔπειτα φίλη τροφὸς ὦρτο Πολυξώ,","λάινον· αὐτὰρ ἔπειτα φίλη τροφὸς ὦρτο Πολυξώ,",tlg0001.tlg001.perseus-grc2.xml
Argonautica,tlg001,1,669,"γήραϊ δὴ ῥικνοῖσιν ἐπισκάζουσα πόδεσσιν,","γήραϊ δὴ ῥικνοῖσιν ἐπισκάζουσα πόδεσσιν,",tlg0001.tlg001.perseus-grc2.xml
Argonautica,tlg001,1,670,"βάκτρῳ ἐρειδομένη, περὶ δὲ μενέαινʼ ἀγορεῦσαι.","βάκτρῳ ἐρειδομένη, περὶ δὲ μενέαιν’ ἀγορεῦσαι.",tlg0001.tlg001.perseus-grc2.xml
Argonautica,tlg001,1,671,τῇ καὶ παρθενικαὶ πίσυρες σχεδὸν ἑδριόωντο,τῇ καὶ παρθενικαὶ πίσυρες σχεδὸν ἑδριόωντο,tlg0001.tlg001.perseus-grc2.xml
Argonautica,tlg001,1,672,ἀδμῆτες λευκῇσιν ἐπιχνοαούσῃ ἐθείραις.,ἀδμῆτες λευκῇσιν ἐπιχνοαούσῃ ἐθείραις.,tlg0001.tlg001.perseus-grc2.xml
Argonautica,tlg001,1,673,"στῆ δʼ ἄρʼ ἐνὶ μέσσῃ ἀγορῇ, ἀνὰ δʼ ἔσχεθε δειρὴν","στῆ δ’ ἄρ’ ἐνὶ μέσσῃ ἀγορῇ, ἀνὰ δ’ ἔσχεθε δειρὴν",tlg0001.tlg001.perseus-grc2.xml
Argonautica,tlg001,1,674,"ἦκα μόλις κυφοῖο μεταφρένου, ὧδέ τʼ ἔειπεν·","ἦκα μόλις κυφοῖο μεταφρένου, ὧδέ τ’ ἔειπεν·",tlg0001.tlg001.perseus-grc2.xml
Argonautica,tlg001,1,675,"δῶρα μέν, ὡς αὐτῇ περ ἐφανδάνει Ὑψιπυλείῃ,","δῶρα μέν, ὡς αὐτῇ περ ἐφανδάνει Ὑψιπυλείῃ,",tlg0001.tlg001.perseus-grc2.xml
Argonautica,tlg001,1,676,"πέμπωμεν ξείνοισιν, ἐπεὶ καὶ ἄρειον ὀπάσσαι.","πέμπωμεν ξείνοισιν, ἐπεὶ καὶ ἄρειον ὀπάσσαι.",tlg0001.tlg001.perseus-grc2.xml
Argonautica,tlg001,1,677,"ὔμμι γε μὴν τίς μῆτις ἐπαύρεσθαι βιότοιο,","ὔμμι γε μὴν τίς μῆτις ἐπαύρεσθαι βιότοιο,",tlg0001.tlg001.perseus-grc2.xml
Argonautica,tlg001,1,678,"αἴ κεν ἐπιβρίσῃ Θρήιξ στρατός, ἠέ τις ἄλλος","αἴ κεν ἐπιβρίσῃ Θρήιξ στρατός, ἠέ τις ἄλλος",tlg0001.tlg001.perseus-grc2.xml
Argonautica,tlg001,1,679,"δυσμενέων, ἅ τε πολλὰ μετʼ ἀνθρώποισι πέλονται;","δυσμενέων, ἅ τε πολλὰ μετ’ ἀνθρώποισι πέλονται;",tlg0001.tlg001.perseus-grc2.xml
Argonautica,tlg001,1,680,ὡς καὶ νῦν ὅδʼ ὅμιλος ἀνωίστως ἐφικάνει.,ὡς καὶ νῦν ὅδ’ ὅμιλος ἀνωίστως ἐφικάνει.,tlg0001.tlg001.perseus-grc2.xml
Argonautica,tlg001,1,681,"εἰ δὲ τὸ μὲν μακάρων τις ἀποτρέποι, ἄλλα δʼ ὀπίσσω","εἰ δὲ τὸ μὲν μακάρων τις ἀποτρέποι, ἄλλα δ’ ὀπίσσω",tlg0001.tlg001.perseus-grc2.xml
Argonautica,tlg001,1,682,"μυρία δηιοτῆτος ὑπέρτερα πήματα μίμνει,","μυρία δηιοτῆτος ὑπέρτερα πήματα μίμνει,",tlg0001.tlg001.perseus-grc2.xml
Argonautica,tlg001,1,683,"εὖτʼ ἂν δὴ γεραραὶ μὲν ἀποφθινύθωσι γυναῖκες,","εὖτ’ ἂν δὴ γεραραὶ μὲν ἀποφθινύθωσι γυναῖκες,",tlg0001.tlg001.perseus-grc2.xml
Argonautica,tlg001,1,684,κουρότεραι δʼ ἄγονοι στυγερὸν ποτὶ γῆρας ἵκησθε.,κουρότεραι δ’ ἄγονοι στυγερὸν ποτὶ γῆρας ἵκησθε.,tlg0001.tlg001.perseus-grc2.xml
Argonautica,tlg001,1,685,πῶς τῆμος βώσεσθε δυσάμμοροι; ἦε βαθείαις,πῶς τῆμος βώσεσθε δυσάμμοροι; ἦε βαθείαις,tlg0001.tlg001.perseus-grc2.xml
Argonautica,tlg001,1,686,αὐτόματοι βόες ὔμμιν ἐνιζευχθέντες ἀρούραις,αὐτόματοι βόες ὔμμιν ἐνιζευχθέντες ἀρούραις,tlg0001.tlg001.perseus-grc2.xml
Argonautica,tlg001,1,687,"γειοτόμον νειοῖο διειρύσσουσιν ἄροτρον,","γειοτόμον νειοῖο διειρύσσουσιν ἄροτρον,",tlg0001.tlg001.perseus-grc2.xml
Argonautica,tlg001,1,688,καὶ πρόκα τελλομένου ἔτεος στάχυν ἀμήσονται;,καὶ πρόκα τελλομένου ἔτεος στάχυν ἀμήσονται;,tlg0001.tlg001.perseus-grc2.xml
Argonautica,tlg001,1,689,"ἦ μὲν ἐγών, εἰ καί με τὰ νῦν ἔτι πεφρίκασιν","ἦ μὲν ἐγών, εἰ καί με τὰ νῦν ἔτι πεφρίκασιν",tlg0001.tlg001.perseus-grc2.xml
Argonautica,tlg001,1,690,"κῆρες, ἐπερχόμενόν που ὀίομαι εἰς ἔτος ἤδη","κῆρες, ἐπερχόμενόν που ὀίομαι εἰς ἔτος ἤδη",tlg0001.tlg001.perseus-grc2.xml
Argonautica,tlg001,1,691,"γαῖαν ἐφέσσεσθαι, κτερέων ἀπὸ μοῖραν ἑλοῦσαν","γαῖαν ἐφέσσεσθαι, κτερέων ἀπὸ μοῖραν ἑλοῦσαν",tlg0001.tlg001.perseus-grc2.xml
Argonautica,tlg001,1,692,"αὔτως, ἣ θέμις ἐστί, πάρος κακότητα πελάσσαι.","αὔτως, ἣ θέμις ἐστί, πάρος κακότητα πελάσσαι.",tlg0001.tlg001.perseus-grc2.xml
Argonautica,tlg001,1,693,ὁπλοτέρῃσι δὲ πάγχυ τάδε φράζεσθαι ἄνωγα.,ὁπλοτέρῃσι δὲ πάγχυ τάδε φράζεσθαι ἄνωγα.,tlg0001.tlg001.perseus-grc2.xml
Argonautica,tlg001,1,694,"νῦν γὰρ δὴ παρὰ ποσσὶν ἐπήβολός ἐστʼ ἀλεωρή,","νῦν γὰρ δὴ παρὰ ποσσὶν ἐπήβολός ἐστ’ ἀλεωρή,",tlg0001.tlg001.perseus-grc2.xml
Argonautica,tlg001,1,695,εἴ κεν ἐπιτρέψητε δόμους καὶ ληίδα πᾶσαν,εἴ κεν ἐπιτρέψητε δόμους καὶ ληίδα πᾶσαν,tlg0001.tlg001.perseus-grc2.xml
Argonautica,tlg001,1,696,ὑμετέρην ξείνοισι καὶ ἀγλαὸν ἄστυ μέλεσθαι.,ὑμετέρην ξείνοισι καὶ ἀγλαὸν ἄστυ μέλεσθαι.,tlg0001.tlg001.perseus-grc2.xml
Argonautica,tlg001,1,697,ὧς ἔφατʼ· ἐν δʼ ἀγορὴ πλῆτο θρόου. εὔαδε γάρ σφιν,ὧς ἔφατ’· ἐν δ’ ἀγορὴ πλῆτο θρόου. εὔαδε γάρ σφιν,tlg0001.tlg001.perseus-grc2.xml
Argonautica,tlg001,1,698,μῦθος. ἀτὰρ μετὰ τήνγε παρασχεδὸν αὖτις ἀνῶρτο,μῦθος. ἀτὰρ μετὰ τήνγε παρασχεδὸν αὖτις ἀνῶρτο,tlg0001.tlg001.perseus-grc2.xml
Argonautica,tlg001,1,699,"Ὑψιπύλη, καὶ τοῖον ὑποβλήδην ἔπος ηὔδα·","Ὑψιπύλη, καὶ τοῖον ὑποβλήδην ἔπος ηὔδα·",tlg0001.tlg001.perseus-grc2.xml
Argonautica,tlg001,1,700,"εἰ μὲν δὴ πάσῃσιν ἐφανδάνει ἥδε μενοινή,","εἰ μὲν δὴ πάσῃσιν ἐφανδάνει ἥδε μενοινή,",tlg0001.tlg001.perseus-grc2.xml
Argonautica,tlg001,1,701,ἤδη κεν μετὰ νῆα καὶ ἄγγελον ὀτρύναιμι.,ἤδη κεν μετὰ νῆα καὶ ἄγγελον ὀτρύναιμι.,tlg0001.tlg001.perseus-grc2.xml
Argonautica,tlg001,1,702,"ἦ ῥα, καὶ Ἰφινόην μετεφώνεεν ἆσσον ἐοῦσαν·","ἦ ῥα, καὶ Ἰφινόην μετεφώνεεν ἆσσον ἐοῦσαν·",tlg0001.tlg001.perseus-grc2.xml
Argonautica,tlg001,1,703,"ὄρσο μοι, Ἰφινόη, τοῦδʼ ἀνέρος ἀντιόωσα,","ὄρσο μοι, Ἰφινόη, τοῦδ’ ἀνέρος ἀντιόωσα,",tlg0001.tlg001.perseus-grc2.xml
Argonautica,tlg001,1,704,"ἡμέτερόνδε μολεῖν, ὅστις στόλου ἡγεμονεύει,","ἡμέτερόνδε μολεῖν, ὅστις στόλου ἡγεμονεύει,",tlg0001.tlg001.perseus-grc2.xml
Argonautica,tlg001,1,705,ὄφρα τί οἱ δήμοιο ἔπος θυμῆρες ἐνίσπω·,ὄφρα τί οἱ δήμοιο ἔπος θυμῆρες ἐνίσπω·,tlg0001.tlg001.perseus-grc2.xml
Argonautica,tlg001,1,706,"καὶ δʼ αὐτοὺς γαίης τε καὶ ἄστεος, αἴ κʼ ἐθέλωσιν,","καὶ δ’ αὐτοὺς γαίης τε καὶ ἄστεος, αἴ κ’ ἐθέλωσιν,",tlg0001.tlg001.perseus-grc2.xml
Argonautica,tlg001,1,707,κέκλεο θαρσαλέως ἐπιβαινέμεν εὐμενέοντας.,κέκλεο θαρσαλέως ἐπιβαινέμεν εὐμενέοντας.,tlg0001.tlg001.perseus-grc2.xml
Argonautica,tlg001,1,708,"ἦ, καὶ ἔλυσʼ ἀγορήν, μετὰ δʼ εἰς ἑὸν ὦρτο νέεσθαι.","ἦ, καὶ ἔλυσ’ ἀγορήν, μετὰ δ’ εἰς ἑὸν ὦρτο νέεσθαι.",tlg0001.tlg001.perseus-grc2.xml
Argonautica,tlg001,1,709,"ὧς δὲ καὶ Ἰφινόη Μινύας ἵκεθʼ· οἱ δʼ ἐρέεινον,","ὧς δὲ καὶ Ἰφινόη Μινύας ἵκεθ’· οἱ δ’ ἐρέεινον,",tlg0001.tlg001.perseus-grc2.xml
Argonautica,tlg001,1,710,χρεῖος ὅ τι φρονέουσα μετήλυθεν. ὦκα δὲ τούσγε,χρεῖος ὅ τι φρονέουσα μετήλυθεν. ὦκα δὲ τούσγε,tlg0001.tlg001.perseus-grc2.xml
Argonautica,tlg001,1,711,πασσυδίῃ μύθοισι προσέννεπεν ἐξερέοντας·,πασσυδίῃ μύθοισι προσέννεπεν ἐξερέοντας·,tlg0001.tlg001.perseus-grc2.xml
Argonautica,tlg001,1,712,"κούρη τοί μʼ ἐφέηκε Θοαντιὰς ἐνθάδʼ ἰοῦσαν,","κούρη τοί μ’ ἐφέηκε Θοαντιὰς ἐνθάδ’ ἰοῦσαν,",tlg0001.tlg001.perseus-grc2.xml
Argonautica,tlg001,1,713,"Ὑψιπύλη, καλέειν νηὸς πρόμον, ὅστις ὄρωρεν,","Ὑψιπύλη, καλέειν νηὸς πρόμον, ὅστις ὄρωρεν,",tlg0001.tlg001.perseus-grc2.xml
Argonautica,tlg001,1,714,ὄφρα τί οἱ δήμοιο ἔπος θυμῆρες ἐνίσπῃ·,ὄφρα τί οἱ δήμοιο ἔπος θυμῆρες ἐνίσπῃ·,tlg0001.tlg001.perseus-grc2.xml
Argonautica,tlg001,1,715,"καὶ δʼ αὐτοὺς γαίης τε καὶ ἄστεος, αἴ κʼ ἐθέλητε,","καὶ δ’ αὐτοὺς γαίης τε καὶ ἄστεος, αἴ κ’ ἐθέλητε,",tlg0001.tlg001.perseus-grc2.xml
Argonautica,tlg001,1,716,κέκλεται αὐτίκα νῦν ἐπιβαινέμεν εὐμενέοντας.,κέκλεται αὐτίκα νῦν ἐπιβαινέμεν εὐμενέοντας.,tlg0001.tlg001.perseus-grc2.xml
Argonautica,tlg001,1,717,ὧς ἄρʼ ἔφη· πάντεσσι δʼ ἐναίσιμος ἥνδανε μῦθος.,ὧς ἄρ’ ἔφη· πάντεσσι δ’ ἐναίσιμος ἥνδανε μῦθος.,tlg0001.tlg001.perseus-grc2.xml
Argonautica,tlg001,1,718,Υψιπύλην δʼ εἴσαντο καταφθιμένοιο Θόαντος,Υψιπύλην δ’ εἴσαντο καταφθιμένοιο Θόαντος,tlg0001.tlg001.perseus-grc2.xml
Argonautica,tlg001,1,719,τηλυγέτην γεγαυῖαν ἀνασσέμεν· ὦκα δὲ τόνγε,τηλυγέτην γεγαυῖαν ἀνασσέμεν· ὦκα δὲ τόνγε,tlg0001.tlg001.perseus-grc2.xml
Argonautica,tlg001,1,720,"πέμπον ἴμεν, καὶ δʼ αὐτοὶ ἐπεντύνοντο νέεσθαι.","πέμπον ἴμεν, καὶ δ’ αὐτοὶ ἐπεντύνοντο νέεσθαι.",tlg0001.tlg001.perseus-grc2.xml
Argonautica,tlg001,1,721,"αὐτὰρ ὅγʼ ἀμφʼ ὤμοισι θεᾶς Τριτωνίδος ἔργον,","αὐτὰρ ὅγ’ ἀμφ’ ὤμοισι θεᾶς Τριτωνίδος ἔργον,",tlg0001.tlg001.perseus-grc2.xml
Argonautica,tlg001,1,722,"δίπλακα πορφυρέην περονήσατο, τήν οἱ ὄπασσεν","δίπλακα πορφυρέην περονήσατο, τήν οἱ ὄπασσεν",tlg0001.tlg001.perseus-grc2.xml
Argonautica,tlg001,1,723,"Παλλάς, ὅτε πρῶτον δρυόχους ἐπεβάλλετο νηὸς","Παλλάς, ὅτε πρῶτον δρυόχους ἐπεβάλλετο νηὸς",tlg0001.tlg001.perseus-grc2.xml
Argonautica,tlg001,1,724,"Ἀργοῦς, καὶ κανόνεσσι δάε ζυγὰ μετρήσασθαι.","Ἀργοῦς, καὶ κανόνεσσι δάε ζυγὰ μετρήσασθαι.",tlg0001.tlg001.perseus-grc2.xml
Argonautica,tlg001,1,725,τῆς μὲν ῥηίτερόν κεν ἐς ἠέλιον ἀνιόντα,τῆς μὲν ῥηίτερόν κεν ἐς ἠέλιον ἀνιόντα,tlg0001.tlg001.perseus-grc2.xml
Argonautica,tlg001,1,726,"ὄσσε βάλοις, ἢ κεῖνο μεταβλέψειας ἔρευθος.","ὄσσε βάλοις, ἢ κεῖνο μεταβλέψειας ἔρευθος.",tlg0001.tlg001.perseus-grc2.xml
Argonautica,tlg001,1,727,"δὴ γάρ τοι μέσση μὲν ἐρευθήεσσʼ ἐτέτυκτο,","δὴ γάρ τοι μέσση μὲν ἐρευθήεσσ’ ἐτέτυκτο,",tlg0001.tlg001.perseus-grc2.xml
Argonautica,tlg001,1,728,ἄκρα δὲ πορφυρέη πάντῃ πέλεν· ἐν δʼ ἄρʼ ἑκάστῳ,ἄκρα δὲ πορφυρέη πάντῃ πέλεν· ἐν δ’ ἄρ’ ἑκάστῳ,tlg0001.tlg001.perseus-grc2.xml
Argonautica,tlg001,1,729,τέρματι δαίδαλα πολλὰ διακριδὸν εὖ ἐπέπαστο.,τέρματι δαίδαλα πολλὰ διακριδὸν εὖ ἐπέπαστο.,tlg0001.tlg001.perseus-grc2.xml
Argonautica,tlg001,1,730,"ἐν μὲν ἔσαν Κύκλωπες ἐπʼ ἀφθίτῳ ἥμενοι ἔργῳ,","ἐν μὲν ἔσαν Κύκλωπες ἐπ’ ἀφθίτῳ ἥμενοι ἔργῳ,",tlg0001.tlg001.perseus-grc2.xml
Argonautica,tlg001,1,731,Ζηνὶ κεραυνὸν ἄνακτι πονεύμενοι· ὃς τόσον ἤδη,Ζηνὶ κεραυνὸν ἄνακτι πονεύμενοι· ὃς τόσον ἤδη,tlg0001.tlg001.perseus-grc2.xml
Argonautica,tlg001,1,732,"παμφαίνων ἐτέτυκτο, μιῆς δʼ ἔτι δεύετο μοῦνον","παμφαίνων ἐτέτυκτο, μιῆς δ’ ἔτι δεύετο μοῦνον",tlg0001.tlg001.perseus-grc2.xml
Argonautica,tlg001,1,733,"ἀκτῖνος, τὴν οἵδε σιδηρείῃς ἐλάασκον","ἀκτῖνος, τὴν οἵδε σιδηρείῃς ἐλάασκον",tlg0001.tlg001.perseus-grc2.xml
Argonautica,tlg001,1,734,"σφύρῃσιν, μαλεροῖο πυρὸς ζείουσαν ἀυτμήν.","σφύρῃσιν, μαλεροῖο πυρὸς ζείουσαν ἀυτμήν.",tlg0001.tlg001.perseus-grc2.xml
Argonautica,tlg001,1,735,"ἐν δʼ ἔσαν Ἀντιόπης Ἀσωπίδος υἱέε δοιώ,","ἐν δ’ ἔσαν Ἀντιόπης Ἀσωπίδος υἱέε δοιώ,",tlg0001.tlg001.perseus-grc2.xml
Argonautica,tlg001,1,736,Ἀμφίων καὶ Ζῆθος· ἀπύργωτος δʼ ἔτι Θήβη,Ἀμφίων καὶ Ζῆθος· ἀπύργωτος δ’ ἔτι Θήβη,tlg0001.tlg001.perseus-grc2.xml
Argonautica,tlg001,1,737,"κεῖτο πέλας, τῆς οἵγε νέον βάλλοντο δομαίους","κεῖτο πέλας, τῆς οἵγε νέον βάλλοντο δομαίους",tlg0001.tlg001.perseus-grc2.xml
Argonautica,tlg001,1,738,ἱέμενοι. Ζῆθος μὲν ἐπωμαδὸν ἠέρταζεν,ἱέμενοι. Ζῆθος μὲν ἐπωμαδὸν ἠέρταζεν,tlg0001.tlg001.perseus-grc2.xml
Argonautica,tlg001,1,739,"οὔρεος ἠλιβάτοιο κάρη, μογέοντι ἐοικώς·","οὔρεος ἠλιβάτοιο κάρη, μογέοντι ἐοικώς·",tlg0001.tlg001.perseus-grc2.xml
Argonautica,tlg001,1,740,Ἀμφίων δʼ ἐπί οἱ χρυσέῃ φόρμιγγι λιγαίνων,Ἀμφίων δ’ ἐπί οἱ χρυσέῃ φόρμιγγι λιγαίνων,tlg0001.tlg001.perseus-grc2.xml
Argonautica,tlg001,1,741,"ἤιε, δὶς τόσση δὲ μετʼ ἴχνια νίσσετο πέτρη","ἤιε, δὶς τόσση δὲ μετ’ ἴχνια νίσσετο πέτρη",tlg0001.tlg001.perseus-grc2.xml
Argonautica,tlg001,1,742,ἑξείης δʼ ἤσκητο βαθυπλόκαμος Κυθέρεια,ἑξείης δ’ ἤσκητο βαθυπλόκαμος Κυθέρεια,tlg0001.tlg001.perseus-grc2.xml
Argonautica,tlg001,1,743,Ἄρεος ὀχμάζουσα θοὸν σάκος· ἐκ δέ οἱ ὤμου,Ἄρεος ὀχμάζουσα θοὸν σάκος· ἐκ δέ οἱ ὤμου,tlg0001.tlg001.perseus-grc2.xml
Argonautica,tlg001,1,744,πῆχυν ἔπι σκαιὸν ξυνοχὴ κεχάλαστο χιτῶνος,πῆχυν ἔπι σκαιὸν ξυνοχὴ κεχάλαστο χιτῶνος,tlg0001.tlg001.perseus-grc2.xml
Argonautica,tlg001,1,745,νέρθεν ὑπὲκ μαζοῖο· τὸ δʼ ἀντίον ἀτρεκὲς αὔτως,νέρθεν ὑπὲκ μαζοῖο· τὸ δ’ ἀντίον ἀτρεκὲς αὔτως,tlg0001.tlg001.perseus-grc2.xml
Argonautica,tlg001,1,746,χαλκείῃ δείκηλον ἐν ἀσπίδι φαίνετʼ ἰδέσθαι.,χαλκείῃ δείκηλον ἐν ἀσπίδι φαίνετ’ ἰδέσθαι.,tlg0001.tlg001.perseus-grc2.xml
Argonautica,tlg001,1,747,ἐν δὲ βοῶν ἔσκεν λάσιος νομός· ἀμφὶ δὲ βουσὶν,ἐν δὲ βοῶν ἔσκεν λάσιος νομός· ἀμφὶ δὲ βουσὶν,tlg0001.tlg001.perseus-grc2.xml
Argonautica,tlg001,1,748,Τηλεβόαι μάρναντο καὶ υἱέες Ἠλεκτρύωνος·,Τηλεβόαι μάρναντο καὶ υἱέες Ἠλεκτρύωνος·,tlg0001.tlg001.perseus-grc2.xml
Argonautica,tlg001,1,749,"οἱ μὲν ἀμυνόμενοι, ἀτὰρ οἵγʼ ἐθέλοντες ἀμέρσαι,","οἱ μὲν ἀμυνόμενοι, ἀτὰρ οἵγ’ ἐθέλοντες ἀμέρσαι,",tlg0001.tlg001.perseus-grc2.xml
Argonautica,tlg001,1,750,ληισταὶ Τάφιοι· τῶν δʼ αἵματι δεύετο λειμὼν,ληισταὶ Τάφιοι· τῶν δ’ αἵματι δεύετο λειμὼν,tlg0001.tlg001.perseus-grc2.xml
Argonautica,tlg001,1,751,"ἑρσήεις, πολέες δʼ ὀλίγους βιόωντο νομῆας.","ἑρσήεις, πολέες δ’ ὀλίγους βιόωντο νομῆας.",tlg0001.tlg001.perseus-grc2.xml
Argonautica,tlg001,1,752,ἐν δὲ δύω δίφροι πεπονήατο δηριόωντες.,ἐν δὲ δύω δίφροι πεπονήατο δηριόωντες.,tlg0001.tlg001.perseus-grc2.xml
Argonautica,tlg001,1,753,"καὶ τὸν μὲν προπάροιθε Πέλοψ ἴθυνε, τινάσσων","καὶ τὸν μὲν προπάροιθε Πέλοψ ἴθυνε, τινάσσων",tlg0001.tlg001.perseus-grc2.xml
Argonautica,tlg001,1,754,"ἡνία, σὺν δέ οἱ ἔσκε παραιβάτις Ἱπποδάμεια·","ἡνία, σὺν δέ οἱ ἔσκε παραιβάτις Ἱπποδάμεια·",tlg0001.tlg001.perseus-grc2.xml
Argonautica,tlg001,1,755,"τὸν δὲ μεταδρομάδην ἐπὶ Μυρτίλος ἤλασεν ἵππους,","τὸν δὲ μεταδρομάδην ἐπὶ Μυρτίλος ἤλασεν ἵππους,",tlg0001.tlg001.perseus-grc2.xml
Argonautica,tlg001,1,756,σὺν τῷ δʼ Οἰνόμαος προτενὲς δόρυ χειρὶ μεμαρπὼς,σὺν τῷ δ’ Οἰνόμαος προτενὲς δόρυ χειρὶ μεμαρπὼς,tlg0001.tlg001.perseus-grc2.xml
Argonautica,tlg001,1,757,ἄξονος ἐν πλήμνῃσι παρακλιδὸν ἀγνυμένοιο,ἄξονος ἐν πλήμνῃσι παρακλιδὸν ἀγνυμένοιο,tlg0001.tlg001.perseus-grc2.xml
Argonautica,tlg001,1,758,"πῖπτεν, ἐπεσσύμενος Πελοπήια νῶτα δαΐξαι.","πῖπτεν, ἐπεσσύμενος Πελοπήια νῶτα δαΐξαι.",tlg0001.tlg001.perseus-grc2.xml
Argonautica,tlg001,1,759,"ἐν καὶ Ἀπόλλων Φοῖβος ὀιστεύων ἐτέτυκτο,","ἐν καὶ Ἀπόλλων Φοῖβος ὀιστεύων ἐτέτυκτο,",tlg0001.tlg001.perseus-grc2.xml
Argonautica,tlg001,1,760,"βούπαις οὔπω πολλός, ἑὴν ἐρύοντα καλύπτρης","βούπαις οὔπω πολλός, ἑὴν ἐρύοντα καλύπτρης",tlg0001.tlg001.perseus-grc2.xml
Argonautica,tlg001,1,761,"μητέρα θαρσαλέως Τιτυὸν μέγαν, ὅν ῥʼ ἔτεκέν γε","μητέρα θαρσαλέως Τιτυὸν μέγαν, ὅν ῥ’ ἔτεκέν γε",tlg0001.tlg001.perseus-grc2.xml
Argonautica,tlg001,1,762,"δῖʼ Ἐλάρη, θρέψεν δὲ καὶ ἂψ ἐλοχεύσατο Γαῖα.","δῖ’ Ἐλάρη, θρέψεν δὲ καὶ ἂψ ἐλοχεύσατο Γαῖα.",tlg0001.tlg001.perseus-grc2.xml
Argonautica,tlg001,1,763,ἐν καὶ Φρίξος ἔην Μινυήιος ὡς ἐτεόν περ,ἐν καὶ Φρίξος ἔην Μινυήιος ὡς ἐτεόν περ,tlg0001.tlg001.perseus-grc2.xml
Argonautica,tlg001,1,764,"εἰσαΐων κριοῦ, ὁ δʼ ἄρʼ ἐξενέποντι ἐοικώς.","εἰσαΐων κριοῦ, ὁ δ’ ἄρ’ ἐξενέποντι ἐοικώς.",tlg0001.tlg001.perseus-grc2.xml
Argonautica,tlg001,1,765,"κείνους κʼ εἰσορόων ἀκέοις, ψεύδοιό τε θυμόν,","κείνους κ’ εἰσορόων ἀκέοις, ψεύδοιό τε θυμόν,",tlg0001.tlg001.perseus-grc2.xml
Argonautica,tlg001,1,766,ἐλπόμενος πυκινήν τινʼ ἀπὸ σφείων ἐσακοῦσαι,ἐλπόμενος πυκινήν τιν’ ἀπὸ σφείων ἐσακοῦσαι,tlg0001.tlg001.perseus-grc2.xml
Argonautica,tlg001,1,767,"βάξιν, ὃ καὶ δηρόν περ ἐπʼ ἐλπίδι θηήσαιο.","βάξιν, ὃ καὶ δηρόν περ ἐπ’ ἐλπίδι θηήσαιο.",tlg0001.tlg001.perseus-grc2.xml
Argonautica,tlg001,1,768,τοῖʼ ἄρα δῶρα θεᾶς Τριτωνίδος ἦεν Ἀθήνης.,τοῖ’ ἄρα δῶρα θεᾶς Τριτωνίδος ἦεν Ἀθήνης.,tlg0001.tlg001.perseus-grc2.xml
Argonautica,tlg001,1,769,"δεξιτερῇ δʼ ἕλεν ἔγχος ἑκηβόλον, ὅ ῥʼ Ἀταλάντη","δεξιτερῇ δ’ ἕλεν ἔγχος ἑκηβόλον, ὅ ῥ’ Ἀταλάντη",tlg0001.tlg001.perseus-grc2.xml
Argonautica,tlg001,1,770,"Μαινάλῳ ἔν ποτέ οἱ ξεινήιον ἐγγυάλιξεν,","Μαινάλῳ ἔν ποτέ οἱ ξεινήιον ἐγγυάλιξεν,",tlg0001.tlg001.perseus-grc2.xml
Argonautica,tlg001,1,771,πρόφρων ἀντομένη· περὶ γὰρ μενέαινεν ἕπεσθαι,πρόφρων ἀντομένη· περὶ γὰρ μενέαινεν ἕπεσθαι,tlg0001.tlg001.perseus-grc2.xml
Argonautica,tlg001,1,772,"τὴν ὁδόν· ἀλλὰ γὰρ αὐτὸς ἑκὼν ἀπερήτυε κούρην,","τὴν ὁδόν· ἀλλὰ γὰρ αὐτὸς ἑκὼν ἀπερήτυε κούρην,",tlg0001.tlg001.perseus-grc2.xml
Argonautica,tlg001,1,773,δεῖσεν δʼ ἀργαλέας ἔριδας φιλότητος ἕκητι.,δεῖσεν δ’ ἀργαλέας ἔριδας φιλότητος ἕκητι.,tlg0001.tlg001.perseus-grc2.xml
Argonautica,tlg001,1,774,"βῆ δʼ ἴμεναι προτὶ ἄστυ, φαεινῷ ἀστέρι ἶσος,","βῆ δ’ ἴμεναι προτὶ ἄστυ, φαεινῷ ἀστέρι ἶσος,",tlg0001.tlg001.perseus-grc2.xml
Argonautica,tlg001,1,775,ὅν ῥά τε νηγατέῃσιν ἐεργόμεναι καλύβῃσιν,ὅν ῥά τε νηγατέῃσιν ἐεργόμεναι καλύβῃσιν,tlg0001.tlg001.perseus-grc2.xml
Argonautica,tlg001,1,776,"νύμφαι θηήσαντο δόμων ὕπερ ἀντέλλοντα,","νύμφαι θηήσαντο δόμων ὕπερ ἀντέλλοντα,",tlg0001.tlg001.perseus-grc2.xml
Argonautica,tlg001,1,777,καί σφισι κυανέοιο διʼ ἠέρος ὄμματα θέλγει,καί σφισι κυανέοιο δι’ ἠέρος ὄμματα θέλγει,tlg0001.tlg001.perseus-grc2.xml
Argonautica,tlg001,1,778,"καλὸν ἐρευθόμενος, γάνυται δέ τε ἠιθέοιο","καλὸν ἐρευθόμενος, γάνυται δέ τε ἠιθέοιο",tlg0001.tlg001.perseus-grc2.xml
Argonautica,tlg001,1,779,παρθένος ἱμείρουσα μετʼ ἀλλοδαποῖσιν ἐόντος,παρθένος ἱμείρουσα μετ’ ἀλλοδαποῖσιν ἐόντος,tlg0001.tlg001.perseus-grc2.xml
Argonautica,tlg001,1,780,"ἀνδράσιν, ᾧ καί μιν μνηστὴν κομέουσι τοκῆες·","ἀνδράσιν, ᾧ καί μιν μνηστὴν κομέουσι τοκῆες·",tlg0001.tlg001.perseus-grc2.xml
Argonautica,tlg001,1,781,τῷ ἴκελος πρὸ πόληος ἀνὰ στίβον ἤιεν ἥρως.,τῷ ἴκελος πρὸ πόληος ἀνὰ στίβον ἤιεν ἥρως.,tlg0001.tlg001.perseus-grc2.xml
Argonautica,tlg001,1,782,"καί ῥʼ ὅτε δὴ πυλέων τε καὶ ἄστεος ἐντὸς ἔβησαν,","καί ῥ’ ὅτε δὴ πυλέων τε καὶ ἄστεος ἐντὸς ἔβησαν,",tlg0001.tlg001.perseus-grc2.xml
Argonautica,tlg001,1,783,"δημότεραι μὲν ὄπισθεν ἐπεκλονέοντο γυναῖκες,","δημότεραι μὲν ὄπισθεν ἐπεκλονέοντο γυναῖκες,",tlg0001.tlg001.perseus-grc2.xml
Argonautica,tlg001,1,784,γηθόσυναι ξείνῳ· ὁ δʼ ἐπὶ χθονὸς ὄμματʼ ἐρείσας,γηθόσυναι ξείνῳ· ὁ δ’ ἐπὶ χθονὸς ὄμματ’ ἐρείσας,tlg0001.tlg001.perseus-grc2.xml
Argonautica,tlg001,1,785,"νίσσετʼ ἀπηλεγέως, ὄφρʼ ἀγλαὰ δώμαθʼ ἵκανεν","νίσσετ’ ἀπηλεγέως, ὄφρ’ ἀγλαὰ δώμαθ’ ἵκανεν",tlg0001.tlg001.perseus-grc2.xml
Argonautica,tlg001,1,786,Ὑψιπύλης· ἄνεσαν δὲ πύλας προφανέντι θεράπναι,Ὑψιπύλης· ἄνεσαν δὲ πύλας προφανέντι θεράπναι,tlg0001.tlg001.perseus-grc2.xml
Argonautica,tlg001,1,787,"δικλίδας, εὐτύκτοισιν ἀρηρεμένας σανίδεσσιν.","δικλίδας, εὐτύκτοισιν ἀρηρεμένας σανίδεσσιν.",tlg0001.tlg001.perseus-grc2.xml
Argonautica,tlg001,1,788,ἔνθα μιν Ἰφινόη κλισμῷ ἔνι παμφανόωντι,ἔνθα μιν Ἰφινόη κλισμῷ ἔνι παμφανόωντι,tlg0001.tlg001.perseus-grc2.xml
Argonautica,tlg001,1,789,ἐσσυμένως καλῆς διὰ παστάδος εἷσεν ἄγουσα,ἐσσυμένως καλῆς διὰ παστάδος εἷσεν ἄγουσα,tlg0001.tlg001.perseus-grc2.xml
Argonautica,tlg001,1,790,ἀντία δεσποίνης· ἡ δʼ ἐγκλιδὸν ὄσσε βαλοῦσα,ἀντία δεσποίνης· ἡ δ’ ἐγκλιδὸν ὄσσε βαλοῦσα,tlg0001.tlg001.perseus-grc2.xml
Argonautica,tlg001,1,791,παρθενικὰς ἐρύθηνε παρηίδας· ἔμπα δὲ τόνγε,παρθενικὰς ἐρύθηνε παρηίδας· ἔμπα δὲ τόνγε,tlg0001.tlg001.perseus-grc2.xml
Argonautica,tlg001,1,792,αἰδομένη μύθοισι προσέννεπεν αἱμυλίοισιν·,αἰδομένη μύθοισι προσέννεπεν αἱμυλίοισιν·,tlg0001.tlg001.perseus-grc2.xml
Argonautica,tlg001,1,793,"ξεῖνε, τίη μίμνοντες ἐπὶ χρόνον ἔκτοθι πύργων","ξεῖνε, τίη μίμνοντες ἐπὶ χρόνον ἔκτοθι πύργων",tlg0001.tlg001.perseus-grc2.xml
Argonautica,tlg001,1,794,"ἧσθʼ αὔτως; ἐπεὶ οὐ μὲν ὑπʼ ἀνδράσι ναίεται ἄστυ,","ἧσθ’ αὔτως; ἐπεὶ οὐ μὲν ὑπ’ ἀνδράσι ναίεται ἄστυ,",tlg0001.tlg001.perseus-grc2.xml
Argonautica,tlg001,1,795,ἀλλὰ Θρηικίης ἐπινάστιοι ἠπείροιο,ἀλλὰ Θρηικίης ἐπινάστιοι ἠπείροιο,tlg0001.tlg001.perseus-grc2.xml
Argonautica,tlg001,1,796,πυροφόρους ἀρόωσι γύας. κακότητα δὲ πᾶσαν,πυροφόρους ἀρόωσι γύας. κακότητα δὲ πᾶσαν,tlg0001.tlg001.perseus-grc2.xml
Argonautica,tlg001,1,797,"ἐξερέω νημερτές, ἵνʼ εὖ γνοίητε καὶ αὐτοί.","ἐξερέω νημερτές, ἵν’ εὖ γνοίητε καὶ αὐτοί.",tlg0001.tlg001.perseus-grc2.xml
Argonautica,tlg001,1,798,"εὖτε Θόας ἀστοῖσι πατὴρ ἐμὸς ἐμβασίλευεν,","εὖτε Θόας ἀστοῖσι πατὴρ ἐμὸς ἐμβασίλευεν,",tlg0001.tlg001.perseus-grc2.xml
Argonautica,tlg001,1,799,"τηνίκα Θρηικίην, οἵ τʼ ἀντία ναιετάουσιν,","τηνίκα Θρηικίην, οἵ τ’ ἀντία ναιετάουσιν,",tlg0001.tlg001.perseus-grc2.xml
Argonautica,tlg001,1,800,δήμου ἀπορνύμενοι λαοὶ πέρθεσκον ἐπαύλους,δήμου ἀπορνύμενοι λαοὶ πέρθεσκον ἐπαύλους,tlg0001.tlg001.perseus-grc2.xml
Argonautica,tlg001,1,801,"ἐκ νηῶν, αὐτῇσι δʼ ἀπείρονα ληίδα κούραις","ἐκ νηῶν, αὐτῇσι δ’ ἀπείρονα ληίδα κούραις",tlg0001.tlg001.perseus-grc2.xml
Argonautica,tlg001,1,802,δεῦρʼ ἄγον· οὐλομένης δὲ θεᾶς πορσύνετο μῆτις,δεῦρ’ ἄγον· οὐλομένης δὲ θεᾶς πορσύνετο μῆτις,tlg0001.tlg001.perseus-grc2.xml
Argonautica,tlg001,1,803,"Κύπριδος, ἥ τέ σφιν θυμοφθόρον ἔμβαλεν ἄτην.","Κύπριδος, ἥ τέ σφιν θυμοφθόρον ἔμβαλεν ἄτην.",tlg0001.tlg001.perseus-grc2.xml
Argonautica,tlg001,1,804,"δὴ γὰρ κουριδίας μὲν ἀπέστυγον, ἐκ δὲ μελάθρων,","δὴ γὰρ κουριδίας μὲν ἀπέστυγον, ἐκ δὲ μελάθρων,",tlg0001.tlg001.perseus-grc2.xml
Argonautica,tlg001,1,805,"ᾗ ματίῃ εἴξαντες, ἀπεσσεύοντο γυναῖκας·","ᾗ ματίῃ εἴξαντες, ἀπεσσεύοντο γυναῖκας·",tlg0001.tlg001.perseus-grc2.xml
Argonautica,tlg001,1,806,"αὐτὰρ ληιάδεσσι δορικτήταις παρίαυον,","αὐτὰρ ληιάδεσσι δορικτήταις παρίαυον,",tlg0001.tlg001.perseus-grc2.xml
Argonautica,tlg001,1,807,"σχέτλιοι. ἦ μὲν δηρὸν ἐτέτλαμεν, εἴ κέ ποτʼ αὖτις","σχέτλιοι. ἦ μὲν δηρὸν ἐτέτλαμεν, εἴ κέ ποτ’ αὖτις",tlg0001.tlg001.perseus-grc2.xml
Argonautica,tlg001,1,808,ὀψὲ μεταστρέψωσι νόον· τὸ δὲ διπλόον αἰεὶ,ὀψὲ μεταστρέψωσι νόον· τὸ δὲ διπλόον αἰεὶ,tlg0001.tlg001.perseus-grc2.xml
Argonautica,tlg001,1,809,πῆμα κακὸν προύβαινεν. ἀτιμάζοντο δὲ τέκνα,πῆμα κακὸν προύβαινεν. ἀτιμάζοντο δὲ τέκνα,tlg0001.tlg001.perseus-grc2.xml
Argonautica,tlg001,1,810,"γνήσιʼ ἐνὶ μεγάροις, σκοτίη δʼ ἀνέτελλε γενέθλη.","γνήσι’ ἐνὶ μεγάροις, σκοτίη δ’ ἀνέτελλε γενέθλη.",tlg0001.tlg001.perseus-grc2.xml
Argonautica,tlg001,1,811,"αὔτως δʼ ἀδμῆτές τε κόραι, χῆραί τʼ ἐπὶ τῇσιν","αὔτως δ’ ἀδμῆτές τε κόραι, χῆραί τ’ ἐπὶ τῇσιν",tlg0001.tlg001.perseus-grc2.xml
Argonautica,tlg001,1,812,μητέρες ἂμ πτολίεθρον ἀτημελέες ἀλάληντο.,μητέρες ἂμ πτολίεθρον ἀτημελέες ἀλάληντο.,tlg0001.tlg001.perseus-grc2.xml
Argonautica,tlg001,1,813,"οὐδὲ πατὴρ ὀλίγον περ ἑῆς ἀλέγιζε θυγατρός,","οὐδὲ πατὴρ ὀλίγον περ ἑῆς ἀλέγιζε θυγατρός,",tlg0001.tlg001.perseus-grc2.xml
Argonautica,tlg001,1,814,εἰ καὶ ἐν ὀφθαλμοῖσι δαϊζομένην ὁρόῳτο,εἰ καὶ ἐν ὀφθαλμοῖσι δαϊζομένην ὁρόῳτο,tlg0001.tlg001.perseus-grc2.xml
Argonautica,tlg001,1,815,μητρυιῆς ὑπὸ χερσὶν ἀτασθάλου· οὐδʼ ἀπὸ μητρὸς,μητρυιῆς ὑπὸ χερσὶν ἀτασθάλου· οὐδ’ ἀπὸ μητρὸς,tlg0001.tlg001.perseus-grc2.xml
Argonautica,tlg001,1,816,"λώβην, ὡς τὸ πάροιθεν, ἀεικέα παῖδες ἄμυνον·","λώβην, ὡς τὸ πάροιθεν, ἀεικέα παῖδες ἄμυνον·",tlg0001.tlg001.perseus-grc2.xml
Argonautica,tlg001,1,817,οὐδὲ κασιγνήτοισι κασιγνήτη μελε θυμῷ.,οὐδὲ κασιγνήτοισι κασιγνήτη μελε θυμῷ.,tlg0001.tlg001.perseus-grc2.xml
Argonautica,tlg001,1,818,ἀλλʼ οἶαι κοῦραι ληίτιδες ἔν τε δόμοισιν,ἀλλ’ οἶαι κοῦραι ληίτιδες ἔν τε δόμοισιν,tlg0001.tlg001.perseus-grc2.xml
Argonautica,tlg001,1,819,ἔν τε χοροῖς ἀγορῇ τε καὶ εἰλαπίνῃσι μέλοντο·,ἔν τε χοροῖς ἀγορῇ τε καὶ εἰλαπίνῃσι μέλοντο·,tlg0001.tlg001.perseus-grc2.xml
Argonautica,tlg001,1,820,"εἰσόκε τις θεὸς ἄμμιν ὑπέρβιον ἔμβαλε θάρσος,","εἰσόκε τις θεὸς ἄμμιν ὑπέρβιον ἔμβαλε θάρσος,",tlg0001.tlg001.perseus-grc2.xml
Argonautica,tlg001,1,821,ἂψ ἀναερχομένους Θρῃκῶν ἄπο μηκέτι πύργοις,ἂψ ἀναερχομένους Θρῃκῶν ἄπο μηκέτι πύργοις,tlg0001.tlg001.perseus-grc2.xml
Argonautica,tlg001,1,822,"δέχθαι, ἵνʼ ἢ φρονέοιεν ἅπερ θέμις, ἠέ πῃ ἄλλῃ","δέχθαι, ἵν’ ἢ φρονέοιεν ἅπερ θέμις, ἠέ πῃ ἄλλῃ",tlg0001.tlg001.perseus-grc2.xml
Argonautica,tlg001,1,823,αὐταῖς ληιάδεσσιν ἀφορμηθέντες ἵκοιντο.,αὐταῖς ληιάδεσσιν ἀφορμηθέντες ἵκοιντο.,tlg0001.tlg001.perseus-grc2.xml
Argonautica,tlg001,1,824,"οἱ δʼ ἄρα θεσσάμενοι παίδων γένος, ὅσσον ἔλειπτο","οἱ δ’ ἄρα θεσσάμενοι παίδων γένος, ὅσσον ἔλειπτο",tlg0001.tlg001.perseus-grc2.xml
Argonautica,tlg001,1,825,"ἄρσεν ἀνὰ πτολίεθρον, ἔβαν πάλιν, ἔνθʼ ἔτι νῦν περ","ἄρσεν ἀνὰ πτολίεθρον, ἔβαν πάλιν, ἔνθ’ ἔτι νῦν περ",tlg0001.tlg001.perseus-grc2.xml
Argonautica,tlg001,1,826,Θρηικίης ἄροσιν χιονώδεα ναιετάουσιν.,Θρηικίης ἄροσιν χιονώδεα ναιετάουσιν.,tlg0001.tlg001.perseus-grc2.xml
Argonautica,tlg001,1,827,τῶ ὑμεῖς στρωφᾶσθʼ ἐπιδήμιοι· εἰ δέ κεν αὖθι,τῶ ὑμεῖς στρωφᾶσθ’ ἐπιδήμιοι· εἰ δέ κεν αὖθι,tlg0001.tlg001.perseus-grc2.xml
Argonautica,tlg001,1,828,"ναιετάειν ἐθέλοις, καί τοι ἅδοι, ἦ τʼ ἂν ἔπειτα","ναιετάειν ἐθέλοις, καί τοι ἅδοι, ἦ τ’ ἂν ἔπειτα",tlg0001.tlg001.perseus-grc2.xml
Argonautica,tlg001,1,829,πατρὸς ἐμεῖο Θόαντος ἔχοις γέρας· οὐδέ τί σʼ οἴω,πατρὸς ἐμεῖο Θόαντος ἔχοις γέρας· οὐδέ τί σ’ οἴω,tlg0001.tlg001.perseus-grc2.xml
Argonautica,tlg001,1,830,γαῖαν ὀνόσσεσθαι· περὶ γὰρ βαθυλήιος ἄλλων,γαῖαν ὀνόσσεσθαι· περὶ γὰρ βαθυλήιος ἄλλων,tlg0001.tlg001.perseus-grc2.xml
Argonautica,tlg001,1,831,"νήσων, Αἰγαίῃ ὅσαι εἰν ἁλὶ ναιετάουσιν.","νήσων, Αἰγαίῃ ὅσαι εἰν ἁλὶ ναιετάουσιν.",tlg0001.tlg001.perseus-grc2.xml
Argonautica,tlg001,1,832,ἀλλʼ ἄγε νῦν ἐπὶ νῆα κιὼν ἑτάροισιν ἐνίσπες,ἀλλ’ ἄγε νῦν ἐπὶ νῆα κιὼν ἑτάροισιν ἐνίσπες,tlg0001.tlg001.perseus-grc2.xml
Argonautica,tlg001,1,833,"μύθους ἡμετέρους, μηδʼ ἔκτοθι μίμνε πόληος.","μύθους ἡμετέρους, μηδ’ ἔκτοθι μίμνε πόληος.",tlg0001.tlg001.perseus-grc2.xml
Argonautica,tlg001,1,834,"Ἴσκεν, ἀμαλδύνουσα φόνου τέλος, οἷον ἐτύχθη","Ἴσκεν, ἀμαλδύνουσα φόνου τέλος, οἷον ἐτύχθη",tlg0001.tlg001.perseus-grc2.xml
Argonautica,tlg001,1,835,ἀνδράσιν· αὐτὰρ ὁ τήνγε παραβλήδην προσέειπεν,ἀνδράσιν· αὐτὰρ ὁ τήνγε παραβλήδην προσέειπεν,tlg0001.tlg001.perseus-grc2.xml
Argonautica,tlg001,1,836,"Ὑψιπύλη, μάλα κεν θυμηδέος ἀντιάσαιμεν","Ὑψιπύλη, μάλα κεν θυμηδέος ἀντιάσαιμεν",tlg0001.tlg001.perseus-grc2.xml
Argonautica,tlg001,1,837,"χρησμοσύνης, ἣν ἄμμι σέθεν χατέουσιν ὀπάζεις.","χρησμοσύνης, ἣν ἄμμι σέθεν χατέουσιν ὀπάζεις.",tlg0001.tlg001.perseus-grc2.xml
Argonautica,tlg001,1,838,"εἶμι δʼ ὑπότροπος αὖτις ἀνὰ πτόλιν, εὖτʼ ἂν ἕκαστα","εἶμι δ’ ὑπότροπος αὖτις ἀνὰ πτόλιν, εὖτ’ ἂν ἕκαστα",tlg0001.tlg001.perseus-grc2.xml
Argonautica,tlg001,1,839,ἐξείπω κατὰ κόσμον. ἀνακτορίη δὲ μελέσθω,ἐξείπω κατὰ κόσμον. ἀνακτορίη δὲ μελέσθω,tlg0001.tlg001.perseus-grc2.xml
Argonautica,tlg001,1,840,σοίγʼ αὐτῇ καὶ νῆσος· ἔγωγε μὲν οὐκ ἀθερίζων,σοίγ’ αὐτῇ καὶ νῆσος· ἔγωγε μὲν οὐκ ἀθερίζων,tlg0001.tlg001.perseus-grc2.xml
Argonautica,tlg001,1,841,"χάζομαι, ἀλλά με λυγροὶ ἐπισπέρχουσιν ἄεθλοι.","χάζομαι, ἀλλά με λυγροὶ ἐπισπέρχουσιν ἄεθλοι.",tlg0001.tlg001.perseus-grc2.xml
Argonautica,tlg001,1,842,"ἦ, καὶ δεξιτερῆς χειρὸς θίγεν· αἶψα δʼ ὀπίσσω","ἦ, καὶ δεξιτερῆς χειρὸς θίγεν· αἶψα δ’ ὀπίσσω",tlg0001.tlg001.perseus-grc2.xml
Argonautica,tlg001,1,843,"βῆ ῥʼ ἴμεν, ἀμφὶ δὲ τόνγε νεήνιδες ἄλλοθεν ἄλλαι","βῆ ῥ’ ἴμεν, ἀμφὶ δὲ τόνγε νεήνιδες ἄλλοθεν ἄλλαι",tlg0001.tlg001.perseus-grc2.xml
Argonautica,tlg001,1,844,"μυρίαι εἱλίσσοντο κεχαρμέναι, ὄφρα πυλάων","μυρίαι εἱλίσσοντο κεχαρμέναι, ὄφρα πυλάων",tlg0001.tlg001.perseus-grc2.xml
Argonautica,tlg001,1,845,ἐξέμολεν. μετέπειτα δʼ ἐυτροχάλοισιν ἀμάξαις,ἐξέμολεν. μετέπειτα δ’ ἐυτροχάλοισιν ἀμάξαις,tlg0001.tlg001.perseus-grc2.xml
Argonautica,tlg001,1,846,"ἀκτὴν εἰσαπέβαν, ξεινήια πολλὰ φέρουσαι,","ἀκτὴν εἰσαπέβαν, ξεινήια πολλὰ φέρουσαι,",tlg0001.tlg001.perseus-grc2.xml
Argonautica,tlg001,1,847,"μῦθον ὅτʼ ἤδη πάντα διηνεκέως ἀγόρευσεν,","μῦθον ὅτ’ ἤδη πάντα διηνεκέως ἀγόρευσεν,",tlg0001.tlg001.perseus-grc2.xml
Argonautica,tlg001,1,848,τόν ῥα καλεσσαμένη διεπέφραδεν Ὑψιπύλεια·,τόν ῥα καλεσσαμένη διεπέφραδεν Ὑψιπύλεια·,tlg0001.tlg001.perseus-grc2.xml
Argonautica,tlg001,1,849,καὶ δʼ αὐτοὺς ξεινοῦσθαι ἐπὶ σφέα δώματʼ ἄγεσκον,καὶ δ’ αὐτοὺς ξεινοῦσθαι ἐπὶ σφέα δώματ’ ἄγεσκον,tlg0001.tlg001.perseus-grc2.xml
Argonautica,tlg001,1,850,ῥηιδίως. Κύπρις γὰρ ἐπὶ γλυκὺν ἵμερον ὦρσεν,ῥηιδίως. Κύπρις γὰρ ἐπὶ γλυκὺν ἵμερον ὦρσεν,tlg0001.tlg001.perseus-grc2.xml
Argonautica,tlg001,1,851,"Ἡφαίστοιο χάριν πολυμήτιος, ὄφρα κεν αὖτις","Ἡφαίστοιο χάριν πολυμήτιος, ὄφρα κεν αὖτις",tlg0001.tlg001.perseus-grc2.xml
Argonautica,tlg001,1,852,ναίηται μετόπισθεν ἀκήρατος ἀνδράσι Λῆμνος.,ναίηται μετόπισθεν ἀκήρατος ἀνδράσι Λῆμνος.,tlg0001.tlg001.perseus-grc2.xml
Argonautica,tlg001,1,853,ἔνθʼ ὁ μὲν Ὑψιπύλης βασιλήιον ἐς δόμον ὦρτο,ἔνθ’ ὁ μὲν Ὑψιπύλης βασιλήιον ἐς δόμον ὦρτο,tlg0001.tlg001.perseus-grc2.xml
Argonautica,tlg001,1,854,"Αἰσονίδης· οἱ δʼ ἄλλοι ὅπῃ καὶ ἔκυρσαν ἕκαστος,","Αἰσονίδης· οἱ δ’ ἄλλοι ὅπῃ καὶ ἔκυρσαν ἕκαστος,",tlg0001.tlg001.perseus-grc2.xml
Argonautica,tlg001,1,855,"Ἡρακλῆος ἄνευθεν, ὁ γὰρ παρὰ νηὶ λέλειπτο","Ἡρακλῆος ἄνευθεν, ὁ γὰρ παρὰ νηὶ λέλειπτο",tlg0001.tlg001.perseus-grc2.xml
Argonautica,tlg001,1,856,αὐτὸς ἑκὼν παῦροί τε διακρινθέντες ἑταῖροι.,αὐτὸς ἑκὼν παῦροί τε διακρινθέντες ἑταῖροι.,tlg0001.tlg001.perseus-grc2.xml
Argonautica,tlg001,1,857,αὐτίκα δʼ ἄστυ χοροῖσι καὶ εἰλαπίνῃσι γεγήθει,αὐτίκα δ’ ἄστυ χοροῖσι καὶ εἰλαπίνῃσι γεγήθει,tlg0001.tlg001.perseus-grc2.xml
Argonautica,tlg001,1,858,καπνῷ κνισήεντι περίπλεον· ἔξοχα δʼ ἄλλων,καπνῷ κνισήεντι περίπλεον· ἔξοχα δ’ ἄλλων,tlg0001.tlg001.perseus-grc2.xml
Argonautica,tlg001,1,859,ἀθανάτων Ἥρης υἷα κλυτὸν ἠδὲ καὶ αὐτὴν,ἀθανάτων Ἥρης υἷα κλυτὸν ἠδὲ καὶ αὐτὴν,tlg0001.tlg001.perseus-grc2.xml
Argonautica,tlg001,1,860,Κύπριν ἀοιδῇσιν θυέεσσί τε μειλίσσοντο.,Κύπριν ἀοιδῇσιν θυέεσσί τε μειλίσσοντο.,tlg0001.tlg001.perseus-grc2.xml
Argonautica,tlg001,1,861,ἀμβολίη δʼ εἰς ἦμαρ ἀεὶ ἐξ ἤματος ἦεν,ἀμβολίη δ’ εἰς ἦμαρ ἀεὶ ἐξ ἤματος ἦεν,tlg0001.tlg001.perseus-grc2.xml
Argonautica,tlg001,1,862,"ναυτιλίης· δηρὸν δʼ ἂν ἐλίνυον αὖθι μένοντες,","ναυτιλίης· δηρὸν δ’ ἂν ἐλίνυον αὖθι μένοντες,",tlg0001.tlg001.perseus-grc2.xml
Argonautica,tlg001,1,863,εἰ μὴ ἀολλίσσας ἑτάρους ἀπάνευθε γυναικῶν,εἰ μὴ ἀολλίσσας ἑτάρους ἀπάνευθε γυναικῶν,tlg0001.tlg001.perseus-grc2.xml
Argonautica,tlg001,1,864,Ἡρακλέης τοίοισιν ἐνιπτάζων μετέειπεν·,Ἡρακλέης τοίοισιν ἐνιπτάζων μετέειπεν·,tlg0001.tlg001.perseus-grc2.xml
Argonautica,tlg001,1,865,"δαιμόνιοι, πάτρης ἐμφύλιον αἷμʼ ἀποέργει","δαιμόνιοι, πάτρης ἐμφύλιον αἷμ’ ἀποέργει",tlg0001.tlg001.perseus-grc2.xml
Argonautica,tlg001,1,866,ἡμέας; ἦε γάμων ἐπιδευέες ἐνθάδʼ ἔβημεν,ἡμέας; ἦε γάμων ἐπιδευέες ἐνθάδ’ ἔβημεν,tlg0001.tlg001.perseus-grc2.xml
Argonautica,tlg001,1,867,"κεῖθεν, ὀνοσσάμενοι πολιήτιδας; αὖθι δʼ ἕαδεν","κεῖθεν, ὀνοσσάμενοι πολιήτιδας; αὖθι δ’ ἕαδεν",tlg0001.tlg001.perseus-grc2.xml
Argonautica,tlg001,1,868,ναίοντας λιπαρὴν ἄροσιν Λήμνοιο ταμέσθαι;,ναίοντας λιπαρὴν ἄροσιν Λήμνοιο ταμέσθαι;,tlg0001.tlg001.perseus-grc2.xml
Argonautica,tlg001,1,869,οὐ μὰν εὐκλειεῖς γε σὺν ὀθνείῃσι γυναιξὶν,οὐ μὰν εὐκλειεῖς γε σὺν ὀθνείῃσι γυναιξὶν,tlg0001.tlg001.perseus-grc2.xml
Argonautica,tlg001,1,870,ἐσσόμεθʼ ὧδʼ ἐπὶ δηρὸν ἐελμένοι· οὐδέ τι κῶας,ἐσσόμεθ’ ὧδ’ ἐπὶ δηρὸν ἐελμένοι· οὐδέ τι κῶας,tlg0001.tlg001.perseus-grc2.xml
Argonautica,tlg001,1,871,αὐτόματον δώσει τις ἑλὼν θεὸς εὐξαμένοισιν.,αὐτόματον δώσει τις ἑλὼν θεὸς εὐξαμένοισιν.,tlg0001.tlg001.perseus-grc2.xml
Argonautica,tlg001,1,872,ἴομεν αὖτις ἕκαστοι ἐπὶ σφέα· τὸν δʼ ἐνὶ λέκτροις,ἴομεν αὖτις ἕκαστοι ἐπὶ σφέα· τὸν δ’ ἐνὶ λέκτροις,tlg0001.tlg001.perseus-grc2.xml
Argonautica,tlg001,1,873,"Ὑψιπύλης εἰᾶτε πανήμερον, εἰσόκε Λῆμνον","Ὑψιπύλης εἰᾶτε πανήμερον, εἰσόκε Λῆμνον",tlg0001.tlg001.perseus-grc2.xml
Argonautica,tlg001,1,874,"παισὶν ἐσανδρώσῃ, μεγάλη τέ ἑ βάξις ἵκηται.","παισὶν ἐσανδρώσῃ, μεγάλη τέ ἑ βάξις ἵκηται.",tlg0001.tlg001.perseus-grc2.xml
Argonautica,tlg001,1,875,ὧς νείκεσσεν ὅμιλον· ἐναντία δʼ οὔ νύ τις ἔτλη,ὧς νείκεσσεν ὅμιλον· ἐναντία δ’ οὔ νύ τις ἔτλη,tlg0001.tlg001.perseus-grc2.xml
Argonautica,tlg001,1,876,"ὄμματʼ ἀνασχεθέειν, οὐδὲ προτιμυθήσασθαι·","ὄμματ’ ἀνασχεθέειν, οὐδὲ προτιμυθήσασθαι·",tlg0001.tlg001.perseus-grc2.xml
Argonautica,tlg001,1,877,ἀλλʼ αὔτως ἀγορῆθεν ἐπαρτίζοντο νέεσθαι,ἀλλ’ αὔτως ἀγορῆθεν ἐπαρτίζοντο νέεσθαι,tlg0001.tlg001.perseus-grc2.xml
Argonautica,tlg001,1,878,"σπερχόμενοι. ταὶ δέ σφιν ἐπέδραμον, εὖτʼ ἐδάησαν.","σπερχόμενοι. ταὶ δέ σφιν ἐπέδραμον, εὖτ’ ἐδάησαν.",tlg0001.tlg001.perseus-grc2.xml
Argonautica,tlg001,1,879,ὡς δʼ ὅτε λείρια καλὰ περιβρομέουσι μέλισσαι,ὡς δ’ ὅτε λείρια καλὰ περιβρομέουσι μέλισσαι,tlg0001.tlg001.perseus-grc2.xml
Argonautica,tlg001,1,880,"πέτρης ἐκχύμεναι σιμβληίδος, ἀμφὶ δὲ λειμὼν","πέτρης ἐκχύμεναι σιμβληίδος, ἀμφὶ δὲ λειμὼν",tlg0001.tlg001.perseus-grc2.xml
Argonautica,tlg001,1,881,"ἑρσήεις γάνυται, ταὶ δὲ γλυκὺν ἄλλοτε ἄλλον","ἑρσήεις γάνυται, ταὶ δὲ γλυκὺν ἄλλοτε ἄλλον",tlg0001.tlg001.perseus-grc2.xml
Argonautica,tlg001,1,882,καρπὸν ἀμέργουσιν πεποτημέναι· ὧς ἄρα ταίγε,καρπὸν ἀμέργουσιν πεποτημέναι· ὧς ἄρα ταίγε,tlg0001.tlg001.perseus-grc2.xml
Argonautica,tlg001,1,883,"ἐνδυκὲς ἀνέρας ἀμφὶ κινυρόμεναι προχέοντο,","ἐνδυκὲς ἀνέρας ἀμφὶ κινυρόμεναι προχέοντο,",tlg0001.tlg001.perseus-grc2.xml
Argonautica,tlg001,1,884,"χερσί τε καὶ μύθοισιν ἐδεικανόωντο ἕκαστον,","χερσί τε καὶ μύθοισιν ἐδεικανόωντο ἕκαστον,",tlg0001.tlg001.perseus-grc2.xml
Argonautica,tlg001,1,885,εὐχόμεναι μακάρεσσιν ἀπήμονα νόστον ὀπάσσαι.,εὐχόμεναι μακάρεσσιν ἀπήμονα νόστον ὀπάσσαι.,tlg0001.tlg001.perseus-grc2.xml
Argonautica,tlg001,1,886,ὧς δὲ καὶ Ὑψιπύλη ἠρήσατο χεῖρας ἑλοῦσα,ὧς δὲ καὶ Ὑψιπύλη ἠρήσατο χεῖρας ἑλοῦσα,tlg0001.tlg001.perseus-grc2.xml
Argonautica,tlg001,1,887,"Αἰσονίδεω, τὰ δέ οἱ ῥέε δάκρυα χήτει ἰόντος·","Αἰσονίδεω, τὰ δέ οἱ ῥέε δάκρυα χήτει ἰόντος·",tlg0001.tlg001.perseus-grc2.xml
Argonautica,tlg001,1,888,"Νίσσεο, καὶ σὲ θεοὶ σὺν ἀπηρέσιν αὖτις ἑταίροις","Νίσσεο, καὶ σὲ θεοὶ σὺν ἀπηρέσιν αὖτις ἑταίροις",tlg0001.tlg001.perseus-grc2.xml
Argonautica,tlg001,1,889,χρύσειον βασιλῆι δέρος κομίσειαν ἄγοντα,χρύσειον βασιλῆι δέρος κομίσειαν ἄγοντα,tlg0001.tlg001.perseus-grc2.xml
Argonautica,tlg001,1,890,"αὔτως, ὡς ἐθέλεις καί τοι φίλον. ἥδε δὲ νῆσος","αὔτως, ὡς ἐθέλεις καί τοι φίλον. ἥδε δὲ νῆσος",tlg0001.tlg001.perseus-grc2.xml
Argonautica,tlg001,1,891,"σκῆπτρά τε πατρὸς ἐμεῖο παρέσσεται, ἢν καὶ ὀπίσσω","σκῆπτρά τε πατρὸς ἐμεῖο παρέσσεται, ἢν καὶ ὀπίσσω",tlg0001.tlg001.perseus-grc2.xml
Argonautica,tlg001,1,892,δή ποτε νοστήσας ἐθέλῃς ἄψορρον ἱκέσθαι.,δή ποτε νοστήσας ἐθέλῃς ἄψορρον ἱκέσθαι.,tlg0001.tlg001.perseus-grc2.xml
Argonautica,tlg001,1,893,ῥηιδίως δʼ ἂν ἑοῖ καὶ ἀπείρονα λαὸν ἀγείραις,ῥηιδίως δ’ ἂν ἑοῖ καὶ ἀπείρονα λαὸν ἀγείραις,tlg0001.tlg001.perseus-grc2.xml
Argonautica,tlg001,1,894,ἄλλων ἐκ πολίων· ἀλλʼ οὐ σύγε τήνδε μενοινὴν,ἄλλων ἐκ πολίων· ἀλλ’ οὐ σύγε τήνδε μενοινὴν,tlg0001.tlg001.perseus-grc2.xml
Argonautica,tlg001,1,895,"σχήσεις, οὔτʼ αὐτὴ προτιόσσομαι ὧδε τελεῖσθαι.","σχήσεις, οὔτ’ αὐτὴ προτιόσσομαι ὧδε τελεῖσθαι.",tlg0001.tlg001.perseus-grc2.xml
Argonautica,tlg001,1,896,μνώεο μὴν ἀπεών περ ὁμῶς καὶ νόστιμος ἤδη,μνώεο μὴν ἀπεών περ ὁμῶς καὶ νόστιμος ἤδη,tlg0001.tlg001.perseus-grc2.xml
Argonautica,tlg001,1,897,"Ὑψιπύλης· λίπε δʼ ἧμιν ἔπος, τό κεν ἐξανύσαιμι","Ὑψιπύλης· λίπε δ’ ἧμιν ἔπος, τό κεν ἐξανύσαιμι",tlg0001.tlg001.perseus-grc2.xml
Argonautica,tlg001,1,898,"πρόφρων, ἢν ἄρα δή με θεοὶ δώωσι τεκέσθαι.","πρόφρων, ἢν ἄρα δή με θεοὶ δώωσι τεκέσθαι.",tlg0001.tlg001.perseus-grc2.xml
Argonautica,tlg001,1,899,τὴν δʼ αὖτʼ Αἴσονος υἱὸς ἀγαιόμενος προσέειπεν·,τὴν δ’ αὖτ’ Αἴσονος υἱὸς ἀγαιόμενος προσέειπεν·,tlg0001.tlg001.perseus-grc2.xml
Argonautica,tlg001,1,900,"Ὑψιπύλη, τὰ μὲν οὕτω ἐναίσιμα πάντα γένοιτο","Ὑψιπύλη, τὰ μὲν οὕτω ἐναίσιμα πάντα γένοιτο",tlg0001.tlg001.perseus-grc2.xml
Argonautica,tlg001,1,901,ἐκ μακάρων· τύνη δʼ ἐμέθεν πέρι θυμὸν ἀρείω,ἐκ μακάρων· τύνη δ’ ἐμέθεν πέρι θυμὸν ἀρείω,tlg0001.tlg001.perseus-grc2.xml
Argonautica,tlg001,1,902,"ἴσχανʼ, ἐπεὶ πάτρην μοι ἅλις Πελίαο ἕκητι","ἴσχαν’, ἐπεὶ πάτρην μοι ἅλις Πελίαο ἕκητι",tlg0001.tlg001.perseus-grc2.xml
Argonautica,tlg001,1,903,ναιετάειν· μοῦνόν με θεοὶ λύσειαν ἀέθλων.,ναιετάειν· μοῦνόν με θεοὶ λύσειαν ἀέθλων.,tlg0001.tlg001.perseus-grc2.xml
Argonautica,tlg001,1,904,εἰ δʼ οὔ μοι πέπρωται ἐς Ἑλλάδα γαῖαν ἱκέσθαι,εἰ δ’ οὔ μοι πέπρωται ἐς Ἑλλάδα γαῖαν ἱκέσθαι,tlg0001.tlg001.perseus-grc2.xml
Argonautica,tlg001,1,905,"τηλοῦ ἀναπλώοντι, σὺ δʼ ἄρσενα παῖδα τέκηαι,","τηλοῦ ἀναπλώοντι, σὺ δ’ ἄρσενα παῖδα τέκηαι,",tlg0001.tlg001.perseus-grc2.xml
Argonautica,tlg001,1,906,πέμπε μιν ἡβήσαντα Πελασγίδος ἔνδον Ἰωλκοῦ,πέμπε μιν ἡβήσαντα Πελασγίδος ἔνδον Ἰωλκοῦ,tlg0001.tlg001.perseus-grc2.xml
Argonautica,tlg001,1,907,"πατρί τʼ ἐμῷ καὶ μητρὶ δύης ἄκος, ἢν ἄρα τούσγε","πατρί τ’ ἐμῷ καὶ μητρὶ δύης ἄκος, ἢν ἄρα τούσγε",tlg0001.tlg001.perseus-grc2.xml
Argonautica,tlg001,1,908,"τέτμῃ ἔτι ζώοντας, ἵνʼ ἄνδιχα τοῖο ἄνακτος","τέτμῃ ἔτι ζώοντας, ἵν’ ἄνδιχα τοῖο ἄνακτος",tlg0001.tlg001.perseus-grc2.xml
Argonautica,tlg001,1,909,σφοῖσιν πορσύνωνται ἐφέστιοι ἐν μεγάροισιν.,σφοῖσιν πορσύνωνται ἐφέστιοι ἐν μεγάροισιν.,tlg0001.tlg001.perseus-grc2.xml
Argonautica,tlg001,1,910,"ἦ, καὶ ἔβαινʼ ἐπὶ νῆα παροίτατος· ὧς δὲ καὶ ἄλλοι","ἦ, καὶ ἔβαιν’ ἐπὶ νῆα παροίτατος· ὧς δὲ καὶ ἄλλοι",tlg0001.tlg001.perseus-grc2.xml
Argonautica,tlg001,1,911,βαῖνον ἀριστῆες· λάζοντο δὲ χερσὶν ἐρετμὰ,βαῖνον ἀριστῆες· λάζοντο δὲ χερσὶν ἐρετμὰ,tlg0001.tlg001.perseus-grc2.xml
Argonautica,tlg001,1,912,ἐνσχερὼ ἑζόμενοι· πρυμνήσια δέ σφισιν Ἄργος,ἐνσχερὼ ἑζόμενοι· πρυμνήσια δέ σφισιν Ἄργος,tlg0001.tlg001.perseus-grc2.xml
Argonautica,tlg001,1,913,λῦσεν ὑπὲκ πέτρης ἁλιμυρέος. ἔνθʼ ἄρα τοίγε,λῦσεν ὑπὲκ πέτρης ἁλιμυρέος. ἔνθ’ ἄρα τοίγε,tlg0001.tlg001.perseus-grc2.xml
Argonautica,tlg001,1,914,κόπτον ὕδωρ δολιχῇσιν ἐπικρατέως ἐλάτῃσιν.,κόπτον ὕδωρ δολιχῇσιν ἐπικρατέως ἐλάτῃσιν.,tlg0001.tlg001.perseus-grc2.xml
Argonautica,tlg001,1,915,ἑσπέριοι δʼ Ὀρφῆος ἐφημοσύνῃσιν ἔκελσαν,ἑσπέριοι δ’ Ὀρφῆος ἐφημοσύνῃσιν ἔκελσαν,tlg0001.tlg001.perseus-grc2.xml
Argonautica,tlg001,1,916,"νῆσον ἐς Ἠλέκτρης Ἀτλαντίδος, ὄφρα δαέντες","νῆσον ἐς Ἠλέκτρης Ἀτλαντίδος, ὄφρα δαέντες",tlg0001.tlg001.perseus-grc2.xml
Argonautica,tlg001,1,917,ἀρρήτους ἀγανῇσι τελεσφορίῃσι θέμιστας,ἀρρήτους ἀγανῇσι τελεσφορίῃσι θέμιστας,tlg0001.tlg001.perseus-grc2.xml
Argonautica,tlg001,1,918,σωότεροι κρυόεσσαν ὑπεὶρ ἅλα ναυτίλλοιντο.,σωότεροι κρυόεσσαν ὑπεὶρ ἅλα ναυτίλλοιντο.,tlg0001.tlg001.perseus-grc2.xml
Argonautica,tlg001,1,919,τῶν μὲν ἔτʼ οὐ προτέρω μυθήσομαι· ἀλλὰ καὶ αὐτὴ,τῶν μὲν ἔτ’ οὐ προτέρω μυθήσομαι· ἀλλὰ καὶ αὐτὴ,tlg0001.tlg001.perseus-grc2.xml
Argonautica,tlg001,1,920,νῆσος ὁμῶς κεχάροιτο καὶ οἳ λάχον ὄργια κεῖνα,νῆσος ὁμῶς κεχάροιτο καὶ οἳ λάχον ὄργια κεῖνα,tlg0001.tlg001.perseus-grc2.xml
Argonautica,tlg001,1,921,"δαίμονες ἐνναέται, τὰ μὲν οὐ θέμις ἄμμιν ἀείδειν.","δαίμονες ἐνναέται, τὰ μὲν οὐ θέμις ἄμμιν ἀείδειν.",tlg0001.tlg001.perseus-grc2.xml
Argonautica,tlg001,1,922,κεῖθεν δʼ εἰρεσίῃ Μέλανος διὰ βένθεα πόντου,κεῖθεν δ’ εἰρεσίῃ Μέλανος διὰ βένθεα πόντου,tlg0001.tlg001.perseus-grc2.xml
Argonautica,tlg001,1,923,"ἱέμενοι τῇ μὲν Θρῃκῶν χθόνα, τῇ δὲ περαίην","ἱέμενοι τῇ μὲν Θρῃκῶν χθόνα, τῇ δὲ περαίην",tlg0001.tlg001.perseus-grc2.xml
Argonautica,tlg001,1,924,Ἴμβρον ἔχον καθύπερθε· νέον γε μὲν ἠελίοιο,Ἴμβρον ἔχον καθύπερθε· νέον γε μὲν ἠελίοιο,tlg0001.tlg001.perseus-grc2.xml
Argonautica,tlg001,1,925,δυομένου Χερόνησον ἐπὶ προύχουσαν ἵκοντο.,δυομένου Χερόνησον ἐπὶ προύχουσαν ἵκοντο.,tlg0001.tlg001.perseus-grc2.xml
Argonautica,tlg001,1,926,"ἔνθα σφιν λαιψηρὸς ἄη νότος, ἱστία δʼ οὔρῳ","ἔνθα σφιν λαιψηρὸς ἄη νότος, ἱστία δ’ οὔρῳ",tlg0001.tlg001.perseus-grc2.xml
Argonautica,tlg001,1,927,στησάμενοι κούρης Ἀθαμαντίδος αἰπὰ ῥέεθρα,στησάμενοι κούρης Ἀθαμαντίδος αἰπὰ ῥέεθρα,tlg0001.tlg001.perseus-grc2.xml
Argonautica,tlg001,1,928,εἰσέβαλον· πέλαγος δὲ τὸ μὲν καθύπερθε λέλειπτο,εἰσέβαλον· πέλαγος δὲ τὸ μὲν καθύπερθε λέλειπτο,tlg0001.tlg001.perseus-grc2.xml
Argonautica,tlg001,1,929,"ἦρι, τὸ δʼ ἐννύχιοι Ῥοιτειάδος ἔνδοθεν ἀκτῆς","ἦρι, τὸ δ’ ἐννύχιοι Ῥοιτειάδος ἔνδοθεν ἀκτῆς",tlg0001.tlg001.perseus-grc2.xml
Argonautica,tlg001,1,930,"μέτρεον, Ἰδαίην ἐπὶ δεξιὰ γαῖαν ἔχοντες.","μέτρεον, Ἰδαίην ἐπὶ δεξιὰ γαῖαν ἔχοντες.",tlg0001.tlg001.perseus-grc2.xml
Argonautica,tlg001,1,931,"Δαρδανίην δὲ λιπόντες ἐπιποοσέβαλλον Ἀβύδῳ,","Δαρδανίην δὲ λιπόντες ἐπιποοσέβαλλον Ἀβύδῳ,",tlg0001.tlg001.perseus-grc2.xml
Argonautica,tlg001,1,932,Περκώτην δʼ ἐπὶ τῇ καὶ Ἀβαρνίδος ἠμαθόεσσαν,Περκώτην δ’ ἐπὶ τῇ καὶ Ἀβαρνίδος ἠμαθόεσσαν,tlg0001.tlg001.perseus-grc2.xml
Argonautica,tlg001,1,933,ἠιόνα ζαθέην τε παρήμειβον Πιτύειαν.,ἠιόνα ζαθέην τε παρήμειβον Πιτύειαν.,tlg0001.tlg001.perseus-grc2.xml
Argonautica,tlg001,1,934,καὶ δὴ τοίγʼ ἐπὶ νυκτὶ διάνδιχα νηὸς ἰούσης,καὶ δὴ τοίγ’ ἐπὶ νυκτὶ διάνδιχα νηὸς ἰούσης,tlg0001.tlg001.perseus-grc2.xml
Argonautica,tlg001,1,935,δίνῃ πορφύροντα διήνυσαν Ἑλλήσποντον.,δίνῃ πορφύροντα διήνυσαν Ἑλλήσποντον.,tlg0001.tlg001.perseus-grc2.xml
Argonautica,tlg001,1,936,ἔστι δέ τις αἰπεῖα Προποντίδος ἔνδοθι νῆσος,ἔστι δέ τις αἰπεῖα Προποντίδος ἔνδοθι νῆσος,tlg0001.tlg001.perseus-grc2.xml
Argonautica,tlg001,1,937,τυτθὸν ἀπὸ Φρυγίης πολυληίου ἠπείροιο,τυτθὸν ἀπὸ Φρυγίης πολυληίου ἠπείροιο,tlg0001.tlg001.perseus-grc2.xml
Argonautica,tlg001,1,938,"εἰς ἅλα κεκλιμένη, ὅσσον τʼ ἐπιμύρεται ἰσθμὸς","εἰς ἅλα κεκλιμένη, ὅσσον τ’ ἐπιμύρεται ἰσθμὸς",tlg0001.tlg001.perseus-grc2.xml
Argonautica,tlg001,1,939,χέρσῳ ἐπιπρηνὴς καταειμένος· ἐν δέ οἱ ἀκταὶ,χέρσῳ ἐπιπρηνὴς καταειμένος· ἐν δέ οἱ ἀκταὶ,tlg0001.tlg001.perseus-grc2.xml
Argonautica,tlg001,1,940,"ἀμφίδυμοι, κεῖνται δʼ ὑπὲρ ὕδατος Λἰσήποιο.","ἀμφίδυμοι, κεῖνται δ’ ὑπὲρ ὕδατος Λἰσήποιο.",tlg0001.tlg001.perseus-grc2.xml
Argonautica,tlg001,1,941,Ἄρκτων μιν καλέουσιν ὄρος περιναιετάοντες·,Ἄρκτων μιν καλέουσιν ὄρος περιναιετάοντες·,tlg0001.tlg001.perseus-grc2.xml
Argonautica,tlg001,1,942,καὶ τὸ μὲν ὑβρισταί τε καὶ ἄγριοι ἐνναίουσιν,καὶ τὸ μὲν ὑβρισταί τε καὶ ἄγριοι ἐνναίουσιν,tlg0001.tlg001.perseus-grc2.xml
Argonautica,tlg001,1,943,"Γηγενέες, μέγα θαῦμα περικτιόνεσσιν ἰδέσθαι.","Γηγενέες, μέγα θαῦμα περικτιόνεσσιν ἰδέσθαι.",tlg0001.tlg001.perseus-grc2.xml
Argonautica,tlg001,1,944,"ἓξ γὰρ ἑκάστῳ χεῖρες ὑπέρβιοι ἠερέθονται,","ἓξ γὰρ ἑκάστῳ χεῖρες ὑπέρβιοι ἠερέθονται,",tlg0001.tlg001.perseus-grc2.xml
Argonautica,tlg001,1,945,"αἱ μὲν ἀπὸ στιβαρῶν ὤμων δύο, ταὶ δʼ ὑπένερθεν","αἱ μὲν ἀπὸ στιβαρῶν ὤμων δύο, ταὶ δ’ ὑπένερθεν",tlg0001.tlg001.perseus-grc2.xml
Argonautica,tlg001,1,946,τέσσαρες αἰνοτάτῃσιν ἐπὶ πλευρῇς ἀραρυῖαι.,τέσσαρες αἰνοτάτῃσιν ἐπὶ πλευρῇς ἀραρυῖαι.,tlg0001.tlg001.perseus-grc2.xml
Argonautica,tlg001,1,947,ἰσθμὸν δʼ αὖ πεδίον τε Δολίονες ἀμφενέμοντο,ἰσθμὸν δ’ αὖ πεδίον τε Δολίονες ἀμφενέμοντο,tlg0001.tlg001.perseus-grc2.xml
Argonautica,tlg001,1,948,ἀνέρες· ἐν δʼ ἥρως Λἰνήιος υἱὸς ἄνασσεν,ἀνέρες· ἐν δ’ ἥρως Λἰνήιος υἱὸς ἄνασσεν,tlg0001.tlg001.perseus-grc2.xml
Argonautica,tlg001,1,949,"Κύζικος, ὃν κούρη δίου τέκεν Εὐσώροιο","Κύζικος, ὃν κούρη δίου τέκεν Εὐσώροιο",tlg0001.tlg001.perseus-grc2.xml
Argonautica,tlg001,1,950,Αἰνήτη. τοὺς δʼ οὔτι καὶ ἔκπαγλοί περ ἐόντες,Αἰνήτη. τοὺς δ’ οὔτι καὶ ἔκπαγλοί περ ἐόντες,tlg0001.tlg001.perseus-grc2.xml
Argonautica,tlg001,1,951,"Γηγενέες σίνοντο, Ποσειδάωνος ἀρωγῇ·","Γηγενέες σίνοντο, Ποσειδάωνος ἀρωγῇ·",tlg0001.tlg001.perseus-grc2.xml
Argonautica,tlg001,1,952,τοῦ γὰρ ἔσαν τὰ πρῶτα Δολίονες ἐκγεγαῶτες.,τοῦ γὰρ ἔσαν τὰ πρῶτα Δολίονες ἐκγεγαῶτες.,tlg0001.tlg001.perseus-grc2.xml
Argonautica,tlg001,1,953,ἔνθʼ Ἀργὼ προύτυψεν ἐπειγομένη ἀνέμοισιν,ἔνθ’ Ἀργὼ προύτυψεν ἐπειγομένη ἀνέμοισιν,tlg0001.tlg001.perseus-grc2.xml
Argonautica,tlg001,1,954,"Θρηικίοις, Καλὸς δὲ λιμὴν ὑπέδεκτο θέουσαν.","Θρηικίοις, Καλὸς δὲ λιμὴν ὑπέδεκτο θέουσαν.",tlg0001.tlg001.perseus-grc2.xml
Argonautica,tlg001,1,955,κεῖσε καὶ εὐναίης ὀλίγον λίθον ἐκλύσαντες,κεῖσε καὶ εὐναίης ὀλίγον λίθον ἐκλύσαντες,tlg0001.tlg001.perseus-grc2.xml
Argonautica,tlg001,1,956,"Τίφυος ἐννεσίῃσιν ὑπὸ κρήνῃ ἐλίποντο,","Τίφυος ἐννεσίῃσιν ὑπὸ κρήνῃ ἐλίποντο,",tlg0001.tlg001.perseus-grc2.xml
Argonautica,tlg001,1,957,"κρήνῃ ὑπʼ Ἀρτακίῃ· ἕτερον δʼ ἔλον, ὅστις ἀρήρει,","κρήνῃ ὑπ’ Ἀρτακίῃ· ἕτερον δ’ ἔλον, ὅστις ἀρήρει,",tlg0001.tlg001.perseus-grc2.xml
Argonautica,tlg001,1,958,βριθύν· ἀτὰρ κεῖνόν γε θεοπροπίαις Ἑκάτοιο,βριθύν· ἀτὰρ κεῖνόν γε θεοπροπίαις Ἑκάτοιο,tlg0001.tlg001.perseus-grc2.xml
Argonautica,tlg001,1,959,Νηλεΐδαι μετόπισθεν Ἰάονες ἱδρύσαντο,Νηλεΐδαι μετόπισθεν Ἰάονες ἱδρύσαντο,tlg0001.tlg001.perseus-grc2.xml
Argonautica,tlg001,1,960,"ἱερόν, ἣ θέμις ἦεν, Ἰησονίης ἐν Ἀθήνης.","ἱερόν, ἣ θέμις ἦεν, Ἰησονίης ἐν Ἀθήνης.",tlg0001.tlg001.perseus-grc2.xml
Argonautica,tlg001,1,961,τοὺς δʼ ἄμυδις φιλότητι Δολίονες ἠδὲ καὶ αὐτὸς,τοὺς δ’ ἄμυδις φιλότητι Δολίονες ἠδὲ καὶ αὐτὸς,tlg0001.tlg001.perseus-grc2.xml
Argonautica,tlg001,1,962,Κύζικος ἀντήσαντες ὅτε στόλον ἠδὲ γενέθλην,Κύζικος ἀντήσαντες ὅτε στόλον ἠδὲ γενέθλην,tlg0001.tlg001.perseus-grc2.xml
Argonautica,tlg001,1,963,"ἔκλυον, οἵτινες εἶεν, ἐυξείνως ἀρέσαντο,","ἔκλυον, οἵτινες εἶεν, ἐυξείνως ἀρέσαντο,",tlg0001.tlg001.perseus-grc2.xml
Argonautica,tlg001,1,964,καί σφεας εἰρεσίῃ πέπιθον προτέρωσε κιόντας,καί σφεας εἰρεσίῃ πέπιθον προτέρωσε κιόντας,tlg0001.tlg001.perseus-grc2.xml
Argonautica,tlg001,1,965,"ἄστεος ἐν λιμένι πρυμνήσια νηὸς ἀνάψαι,","ἄστεος ἐν λιμένι πρυμνήσια νηὸς ἀνάψαι,",tlg0001.tlg001.perseus-grc2.xml
Argonautica,tlg001,1,966,ἔνθʼ οἵγʼ Ἐκβασίῳ βωμὸν θέσαν Ἀπόλλωνι,ἔνθ’ οἵγ’ Ἐκβασίῳ βωμὸν θέσαν Ἀπόλλωνι,tlg0001.tlg001.perseus-grc2.xml
Argonautica,tlg001,1,967,"εἱσάμενοι παρὰ θῖνα, θυηπολίης τʼ ἐμελοντο.","εἱσάμενοι παρὰ θῖνα, θυηπολίης τ’ ἐμελοντο.",tlg0001.tlg001.perseus-grc2.xml
Argonautica,tlg001,1,968,δῶκεν δʼ αὐτὸς ἄναξ λαρὸν μέθυ δευουένοισιν,δῶκεν δ’ αὐτὸς ἄναξ λαρὸν μέθυ δευουένοισιν,tlg0001.tlg001.perseus-grc2.xml
Argonautica,tlg001,1,969,"μῆλά θʼ ὁμοῦ· δὴ γάρ οἱ ἔην φάτις, εὖτʼ ἂν ἵκωνται","μῆλά θ’ ὁμοῦ· δὴ γάρ οἱ ἔην φάτις, εὖτ’ ἂν ἵκωνται",tlg0001.tlg001.perseus-grc2.xml
Argonautica,tlg001,1,970,"ἀνδρῶν ἡρώων θεῖος στόλος, αὐτίκα τόνγε","ἀνδρῶν ἡρώων θεῖος στόλος, αὐτίκα τόνγε",tlg0001.tlg001.perseus-grc2.xml
Argonautica,tlg001,1,971,"μείλιχον ἀντιάαν, μηδὲ πτολέμοιο μέλεσθαι.","μείλιχον ἀντιάαν, μηδὲ πτολέμοιο μέλεσθαι.",tlg0001.tlg001.perseus-grc2.xml
Argonautica,tlg001,1,972,"ἶσόν που κἀκείνῳ ἐπισταχύεσκον ἴουλοι,","ἶσόν που κἀκείνῳ ἐπισταχύεσκον ἴουλοι,",tlg0001.tlg001.perseus-grc2.xml
Argonautica,tlg001,1,973,οὐδέ νύ πω παίδεσσιν ἀγαλλόμενος μεμόρητο·,οὐδέ νύ πω παίδεσσιν ἀγαλλόμενος μεμόρητο·,tlg0001.tlg001.perseus-grc2.xml
Argonautica,tlg001,1,974,ἀλλʼ ἔτι οἱ κατὰ δώματʼ ἀκήρατος ἦεν ἄκοιτις,ἀλλ’ ἔτι οἱ κατὰ δώματ’ ἀκήρατος ἦεν ἄκοιτις,tlg0001.tlg001.perseus-grc2.xml
Argonautica,tlg001,1,975,"ὠδίνων, Μέροπος Περκωσίου ἐκγεγαυῖα,","ὠδίνων, Μέροπος Περκωσίου ἐκγεγαυῖα,",tlg0001.tlg001.perseus-grc2.xml
Argonautica,tlg001,1,976,"Κλείτη ἐυπλόκαμος, τὴν μὲν νέον ἐξέτι πατρὸς","Κλείτη ἐυπλόκαμος, τὴν μὲν νέον ἐξέτι πατρὸς",tlg0001.tlg001.perseus-grc2.xml
Argonautica,tlg001,1,977,θεσπεσίοις ἕδνοισιν ἀνήγαγεν ἀντιπέρηθεν.,θεσπεσίοις ἕδνοισιν ἀνήγαγεν ἀντιπέρηθεν.,tlg0001.tlg001.perseus-grc2.xml
Argonautica,tlg001,1,978,ἀλλὰ καὶ ὧς θάλαμόν τε λιπὼν καὶ δέμνια νύμφης,ἀλλὰ καὶ ὧς θάλαμόν τε λιπὼν καὶ δέμνια νύμφης,tlg0001.tlg001.perseus-grc2.xml
Argonautica,tlg001,1,979,"τοῖς μέτα δαῖτʼ ἀλέγυνε, βάλεν δʼ ἀπὸ δείματα θυμοῦ.","τοῖς μέτα δαῖτ’ ἀλέγυνε, βάλεν δ’ ἀπὸ δείματα θυμοῦ.",tlg0001.tlg001.perseus-grc2.xml
Argonautica,tlg001,1,980,ἀλλήλους δʼ ἐρέεινον ἀμοιβαδίς· ἤτοι ὁ μέν σφεων,ἀλλήλους δ’ ἐρέεινον ἀμοιβαδίς· ἤτοι ὁ μέν σφεων,tlg0001.tlg001.perseus-grc2.xml
Argonautica,tlg001,1,981,"πεύθετο ναυτιλίης ἄνυσιν, Πελίαό τʼ ἐφετμάς·","πεύθετο ναυτιλίης ἄνυσιν, Πελίαό τ’ ἐφετμάς·",tlg0001.tlg001.perseus-grc2.xml
Argonautica,tlg001,1,982,οἱ δὲ περικτιόνων πόλιας καὶ κόλπον ἅπαντα,οἱ δὲ περικτιόνων πόλιας καὶ κόλπον ἅπαντα,tlg0001.tlg001.perseus-grc2.xml
Argonautica,tlg001,1,983,εὐρείης πεύθοντο Προποντίδος· οὐ μὲν ἐπιπρὸ,εὐρείης πεύθοντο Προποντίδος· οὐ μὲν ἐπιπρὸ,tlg0001.tlg001.perseus-grc2.xml
Argonautica,tlg001,1,984,ἠείδει καταλέξαι ἐελδομένοισι δαῆναι.,ἠείδει καταλέξαι ἐελδομένοισι δαῆναι.,tlg0001.tlg001.perseus-grc2.xml
Argonautica,tlg001,1,985,"ἠοῖ δʼ εἰσανέβαν μέγα Δίνδυμον, ὄφρα καὶ αὐτοὶ","ἠοῖ δ’ εἰσανέβαν μέγα Δίνδυμον, ὄφρα καὶ αὐτοὶ",tlg0001.tlg001.perseus-grc2.xml
Argonautica,tlg001,1,986,θηήσαιντο πόρους κείνης ἁλός· ἐκ δʼ ἄρα τοίγε,θηήσαιντο πόρους κείνης ἁλός· ἐκ δ’ ἄρα τοίγε,tlg0001.tlg001.perseus-grc2.xml
Argonautica,tlg001,1,987,νῆα Χυτοῦ λιμένος προτέρω ἐξήλασαν ὅρμον·,νῆα Χυτοῦ λιμένος προτέρω ἐξήλασαν ὅρμον·,tlg0001.tlg001.perseus-grc2.xml
Argonautica,tlg001,1,988,"ἥδε δʼ Ἰησονίη πέφαται ὁδός, ἥνπερ ἔβησαν.","ἥδε δ’ Ἰησονίη πέφαται ὁδός, ἥνπερ ἔβησαν.",tlg0001.tlg001.perseus-grc2.xml
Argonautica,tlg001,1,989,Γηγενέες δʼ ἑτέρωθεν ἀπʼ οὔρεος ἀίξαντες,Γηγενέες δ’ ἑτέρωθεν ἀπ’ οὔρεος ἀίξαντες,tlg0001.tlg001.perseus-grc2.xml
Argonautica,tlg001,1,990,φράξαν ἀπειρεσίοιο Χυτοῦ στόμα νειόθι πέτρῃς,φράξαν ἀπειρεσίοιο Χυτοῦ στόμα νειόθι πέτρῃς,tlg0001.tlg001.perseus-grc2.xml
Argonautica,tlg001,1,991,"πόντιον, οἷά τε θῆρα λοχώμενοι ἔνδον ἐόντα.","πόντιον, οἷά τε θῆρα λοχώμενοι ἔνδον ἐόντα.",tlg0001.tlg001.perseus-grc2.xml
Argonautica,tlg001,1,992,ἀλλὰ γὰρ αὖθι λέλειπτο σὺν ἀνδράσιν ὁπλοτέροισιν,ἀλλὰ γὰρ αὖθι λέλειπτο σὺν ἀνδράσιν ὁπλοτέροισιν,tlg0001.tlg001.perseus-grc2.xml
Argonautica,tlg001,1,993,"Ἡρακλέης, ὃς δή σφι παλίντονον αἶψα τανύσσας","Ἡρακλέης, ὃς δή σφι παλίντονον αἶψα τανύσσας",tlg0001.tlg001.perseus-grc2.xml
Argonautica,tlg001,1,994,τόξον ἐπασσυτέρους πέλασε χθονί· τοὶ δὲ καὶ αὐτοὶ,τόξον ἐπασσυτέρους πέλασε χθονί· τοὶ δὲ καὶ αὐτοὶ,tlg0001.tlg001.perseus-grc2.xml
Argonautica,tlg001,1,995,πέτρας ἀμφιρρῶγας ἀερτάζοντες ἔβαλλον.,πέτρας ἀμφιρρῶγας ἀερτάζοντες ἔβαλλον.,tlg0001.tlg001.perseus-grc2.xml
Argonautica,tlg001,1,996,δὴ γάρ που κἀκεῖνα θεὰ τρέφεν αἰνὰ πέλωρα,δὴ γάρ που κἀκεῖνα θεὰ τρέφεν αἰνὰ πέλωρα,tlg0001.tlg001.perseus-grc2.xml
Argonautica,tlg001,1,997,"Ἥρη, Ζηνὸς ἄκοιτις, ἀέθλιον Ἡρακλῆι.","Ἥρη, Ζηνὸς ἄκοιτις, ἀέθλιον Ἡρακλῆι.",tlg0001.tlg001.perseus-grc2.xml
Argonautica,tlg001,1,998,"σὺν δὲ καὶ ὧλλοι δῆθεν ὑπότροποι ἀντιόωντες,","σὺν δὲ καὶ ὧλλοι δῆθεν ὑπότροποι ἀντιόωντες,",tlg0001.tlg001.perseus-grc2.xml
Argonautica,tlg001,1,999,"πρίν περ ἀνελθέμεναι σκοπιήν, ἥπτοντο φόνοιο","πρίν περ ἀνελθέμεναι σκοπιήν, ἥπτοντο φόνοιο",tlg0001.tlg001.perseus-grc2.xml
Argonautica,tlg001,1,1000,"γηγενέων ἥρωες ἀρήιοι, ἠμὲν ὀιστοῖς","γηγενέων ἥρωες ἀρήιοι, ἠμὲν ὀιστοῖς",tlg0001.tlg001.perseus-grc2.xml
Argonautica,tlg001,1,1001,"ἠδὲ καὶ ἐγχείῃσι δεδεγμένοι, εἰσόκε πάντας","ἠδὲ καὶ ἐγχείῃσι δεδεγμένοι, εἰσόκε πάντας",tlg0001.tlg001.perseus-grc2.xml
Argonautica,tlg001,1,1002,ἀντιβίην ἀσπερχὲς ὀρινομένους ἐδάιξαν.,ἀντιβίην ἀσπερχὲς ὀρινομένους ἐδάιξαν.,tlg0001.tlg001.perseus-grc2.xml
Argonautica,tlg001,1,1003,ὡς δʼ ὅτε δούρατα μακρὰ νέον πελέκεσσι τυπέντα,ὡς δ’ ὅτε δούρατα μακρὰ νέον πελέκεσσι τυπέντα,tlg0001.tlg001.perseus-grc2.xml
Argonautica,tlg001,1,1004,"ὑλοτόμοι στοιχηδὸν ἐπὶ ῥηγμῖνι βάλωσιν,","ὑλοτόμοι στοιχηδὸν ἐπὶ ῥηγμῖνι βάλωσιν,",tlg0001.tlg001.perseus-grc2.xml
Argonautica,tlg001,1,1005,ὄφρα νοτισθέντα κρατεροὺς ἀνεχοίατο γόμφους·,ὄφρα νοτισθέντα κρατεροὺς ἀνεχοίατο γόμφους·,tlg0001.tlg001.perseus-grc2.xml
Argonautica,tlg001,1,1006,ὧς οἱ ἐνὶ ξυνοχῇ λιμένος πολιοῖο τέταντο,ὧς οἱ ἐνὶ ξυνοχῇ λιμένος πολιοῖο τέταντο,tlg0001.tlg001.perseus-grc2.xml
Argonautica,tlg001,1,1007,"ἑξείης, ἄλλοι μὲν ἐς ἁλμυρὸν ἀθρόοι ὕδωρ","ἑξείης, ἄλλοι μὲν ἐς ἁλμυρὸν ἀθρόοι ὕδωρ",tlg0001.tlg001.perseus-grc2.xml
Argonautica,tlg001,1,1008,"δύπτοντες κεφαλὰς καὶ στήθεα, γυῖα δʼ ὕπερθεν","δύπτοντες κεφαλὰς καὶ στήθεα, γυῖα δ’ ὕπερθεν",tlg0001.tlg001.perseus-grc2.xml
Argonautica,tlg001,1,1009,"χέρσῳ τεινάμενοι· τοὶ δʼ ἔμπαλιν, αἰγιαλοῖο","χέρσῳ τεινάμενοι· τοὶ δ’ ἔμπαλιν, αἰγιαλοῖο",tlg0001.tlg001.perseus-grc2.xml
Argonautica,tlg001,1,1010,"κράατα μὲν ψαμάθοισι, πόδας δʼ εἰς βένθος ἔρειδον,","κράατα μὲν ψαμάθοισι, πόδας δ’ εἰς βένθος ἔρειδον,",tlg0001.tlg001.perseus-grc2.xml
Argonautica,tlg001,1,1011,ἄμφω ἅμʼ οἰωνοῖσι καὶ ἰχθύσι κύρμα γενέσθαι.,ἄμφω ἅμ’ οἰωνοῖσι καὶ ἰχθύσι κύρμα γενέσθαι.,tlg0001.tlg001.perseus-grc2.xml
Argonautica,tlg001,1,1012,"ἥρωες δʼ, ὅτε δή σφιν ἀταρβὴς ἔπλετʼ ἄεθλος,","ἥρωες δ’, ὅτε δή σφιν ἀταρβὴς ἔπλετ’ ἄεθλος,",tlg0001.tlg001.perseus-grc2.xml
Argonautica,tlg001,1,1013,δὴ τότε πείσματα νηὸς ἐπὶ πνοιῇς ἀνέμοιο,δὴ τότε πείσματα νηὸς ἐπὶ πνοιῇς ἀνέμοιο,tlg0001.tlg001.perseus-grc2.xml
Argonautica,tlg001,1,1014,λυσάμενοι προτέρωσε διὲξ ἁλὸς οἶδμα νέοντο.,λυσάμενοι προτέρωσε διὲξ ἁλὸς οἶδμα νέοντο.,tlg0001.tlg001.perseus-grc2.xml
Argonautica,tlg001,1,1015,ἡ δʼ ἔθεεν λαίφεσσι πανήμερος· οὐ μὲν ἰούσης,ἡ δ’ ἔθεεν λαίφεσσι πανήμερος· οὐ μὲν ἰούσης,tlg0001.tlg001.perseus-grc2.xml
Argonautica,tlg001,1,1016,"νυκτὸς ἔτι ῥιπὴ μένεν ἔμπεδον, ἀλλὰ θύελλαι","νυκτὸς ἔτι ῥιπὴ μένεν ἔμπεδον, ἀλλὰ θύελλαι",tlg0001.tlg001.perseus-grc2.xml
Argonautica,tlg001,1,1017,"ἀντίαι ἁρπάγδην ὀπίσω φέρον, ὄφρʼ ἐπέλασσαν","ἀντίαι ἁρπάγδην ὀπίσω φέρον, ὄφρ’ ἐπέλασσαν",tlg0001.tlg001.perseus-grc2.xml
Argonautica,tlg001,1,1018,αὖτις ἐυξείνοισι Δολίοσιν ἐκ δʼ ἄρʼ ἔβησαν,αὖτις ἐυξείνοισι Δολίοσιν ἐκ δ’ ἄρ’ ἔβησαν,tlg0001.tlg001.perseus-grc2.xml
Argonautica,tlg001,1,1019,"αὐτονυχί· ἱερὴ δὲ φατίζεται ἥδʼ ἔτι πέτρη,","αὐτονυχί· ἱερὴ δὲ φατίζεται ἥδ’ ἔτι πέτρη,",tlg0001.tlg001.perseus-grc2.xml
Argonautica,tlg001,1,1020,ᾗ πέρι πείσματα νηὸς ἐπεσσύμενοι ἐβάλοντο.,ᾗ πέρι πείσματα νηὸς ἐπεσσύμενοι ἐβάλοντο.,tlg0001.tlg001.perseus-grc2.xml
Argonautica,tlg001,1,1021,οὐδέ τις αὐτὴν νῆσον ἐπιφραδέως ἐνόησεν,οὐδέ τις αὐτὴν νῆσον ἐπιφραδέως ἐνόησεν,tlg0001.tlg001.perseus-grc2.xml
Argonautica,tlg001,1,1022,ἔμμεναι· οὐδʼ ὑπὸ νυκτὶ Δολίονες ἂψ ἀνιόντας,ἔμμεναι· οὐδ’ ὑπὸ νυκτὶ Δολίονες ἂψ ἀνιόντας,tlg0001.tlg001.perseus-grc2.xml
Argonautica,tlg001,1,1023,ἥρωας νημερτὲς ἐπήισαν· ἀλλά που ἀνδρῶν,ἥρωας νημερτὲς ἐπήισαν· ἀλλά που ἀνδρῶν,tlg0001.tlg001.perseus-grc2.xml
Argonautica,tlg001,1,1024,Μακριέων εἴσαντο Πελασγικὸν ἄρεα κέλσαι.,Μακριέων εἴσαντο Πελασγικὸν ἄρεα κέλσαι.,tlg0001.tlg001.perseus-grc2.xml
Argonautica,tlg001,1,1025,τῶ καὶ τεύχεα δύντες ἐπὶ σφίσι χεῖρας ἄειραν.,τῶ καὶ τεύχεα δύντες ἐπὶ σφίσι χεῖρας ἄειραν.,tlg0001.tlg001.perseus-grc2.xml
Argonautica,tlg001,1,1026,σὺν δʼ ἔλασαν μελίας τε καὶ ἀσπίδας ἀλλήλοισιν,σὺν δ’ ἔλασαν μελίας τε καὶ ἀσπίδας ἀλλήλοισιν,tlg0001.tlg001.perseus-grc2.xml
Argonautica,tlg001,1,1027,"ὀξείῃ ἴκελοι ῥιπῇ πυρός, ἥ τʼ ἐνὶ θάμνοις","ὀξείῃ ἴκελοι ῥιπῇ πυρός, ἥ τ’ ἐνὶ θάμνοις",tlg0001.tlg001.perseus-grc2.xml
Argonautica,tlg001,1,1028,αὐαλέοισι πεσοῦσα κορύσσεται· ἐν δὲ κυδοιμὸς,αὐαλέοισι πεσοῦσα κορύσσεται· ἐν δὲ κυδοιμὸς,tlg0001.tlg001.perseus-grc2.xml
Argonautica,tlg001,1,1029,δεινός τε ζαμενής τε Δολιονίῳ πέσε δήμῳ.,δεινός τε ζαμενής τε Δολιονίῳ πέσε δήμῳ.,tlg0001.tlg001.perseus-grc2.xml
Argonautica,tlg001,1,1030,οὐδʼ ὅγε δηιοτῆτος ὑπὲρ μόρον αὖτις ἔμελλεν,οὐδ’ ὅγε δηιοτῆτος ὑπὲρ μόρον αὖτις ἔμελλεν,tlg0001.tlg001.perseus-grc2.xml
Argonautica,tlg001,1,1031,οἴκαδε νυμφιδίους θαλάμους καὶ λέκτρον ἱκέσθαι.,οἴκαδε νυμφιδίους θαλάμους καὶ λέκτρον ἱκέσθαι.,tlg0001.tlg001.perseus-grc2.xml
Argonautica,tlg001,1,1032,ἀλλά μιν Αἰσονίδης τετραμμένον ἰθὺς ἑοῖο,ἀλλά μιν Αἰσονίδης τετραμμένον ἰθὺς ἑοῖο,tlg0001.tlg001.perseus-grc2.xml
Argonautica,tlg001,1,1033,"πλῆξεν ἐπαΐξας στῆθος μέσον, ἀμφὶ δὲ δουρὶ","πλῆξεν ἐπαΐξας στῆθος μέσον, ἀμφὶ δὲ δουρὶ",tlg0001.tlg001.perseus-grc2.xml
Argonautica,tlg001,1,1034,ὀστέον ἐρραίσθη· ὁ δʼ ἐνὶ ψαμάθοισιν ἐλυσθεὶς,ὀστέον ἐρραίσθη· ὁ δ’ ἐνὶ ψαμάθοισιν ἐλυσθεὶς,tlg0001.tlg001.perseus-grc2.xml
Argonautica,tlg001,1,1035,μοῖραν ἀνέπλησεν. τὴν γὰρ θέμις οὔποτʼ ἀλύξαι,μοῖραν ἀνέπλησεν. τὴν γὰρ θέμις οὔποτ’ ἀλύξαι,tlg0001.tlg001.perseus-grc2.xml
Argonautica,tlg001,1,1036,θνητοῖσιν· πάντῃ δὲ περὶ μέγα πέπταται ἕρκος.,θνητοῖσιν· πάντῃ δὲ περὶ μέγα πέπταται ἕρκος.,tlg0001.tlg001.perseus-grc2.xml
Argonautica,tlg001,1,1037,ὧς τὸν ὀιόμενόν που ἀδευκέος ἔκτοθεν ἄτης,ὧς τὸν ὀιόμενόν που ἀδευκέος ἔκτοθεν ἄτης,tlg0001.tlg001.perseus-grc2.xml
Argonautica,tlg001,1,1038,εἶναι ἀριστήων αὐτῇ ὑπὸ νυκτὶ πέδησεν,εἶναι ἀριστήων αὐτῇ ὑπὸ νυκτὶ πέδησεν,tlg0001.tlg001.perseus-grc2.xml
Argonautica,tlg001,1,1039,μαρνάμενον κείνοισι· πολεῖς δʼ ἐπαρηγόνες ἄλλοι,μαρνάμενον κείνοισι· πολεῖς δ’ ἐπαρηγόνες ἄλλοι,tlg0001.tlg001.perseus-grc2.xml
Argonautica,tlg001,1,1040,ἔκταθεν· Ἡρακλέης μὲν ἐνήρατο Τηλεκλῆα,ἔκταθεν· Ἡρακλέης μὲν ἐνήρατο Τηλεκλῆα,tlg0001.tlg001.perseus-grc2.xml
Argonautica,tlg001,1,1041,ἠδὲ Μεγαβρόντην· Σφόδριν δʼ ἐνάριξεν Ἄκαστος·,ἠδὲ Μεγαβρόντην· Σφόδριν δ’ ἐνάριξεν Ἄκαστος·,tlg0001.tlg001.perseus-grc2.xml
Argonautica,tlg001,1,1042,Πηλεὺς δὲ Ζέλυν εἷλεν ἀρηίθοόν τε Γέφυρον.,Πηλεὺς δὲ Ζέλυν εἷλεν ἀρηίθοόν τε Γέφυρον.,tlg0001.tlg001.perseus-grc2.xml
Argonautica,tlg001,1,1043,αὐτὰρ ἐυμμελίης Τελαμὼν Βασιλῆα κατέκτα.,αὐτὰρ ἐυμμελίης Τελαμὼν Βασιλῆα κατέκτα.,tlg0001.tlg001.perseus-grc2.xml
Argonautica,tlg001,1,1044,"Ἴδας δʼ αὖ Προμέα, Κλυτίος δʼ Ὑάκινθον ἔπεφνεν,","Ἴδας δ’ αὖ Προμέα, Κλυτίος δ’ Ὑάκινθον ἔπεφνεν,",tlg0001.tlg001.perseus-grc2.xml
Argonautica,tlg001,1,1045,Τυνδαρίδαι δʼ ἄμφω Μεγαλοσσάκεα Φλογίον τε.,Τυνδαρίδαι δ’ ἄμφω Μεγαλοσσάκεα Φλογίον τε.,tlg0001.tlg001.perseus-grc2.xml
Argonautica,tlg001,1,1046,Οἰνεΐδης δʼ ἐπὶ τοῖσιν ἕλεν θρασὺν Ἰτυμονῆα,Οἰνεΐδης δ’ ἐπὶ τοῖσιν ἕλεν θρασὺν Ἰτυμονῆα,tlg0001.tlg001.perseus-grc2.xml
Argonautica,tlg001,1,1047,"ἠδὲ καὶ Ἀρτακέα, πρόμον ἀνδρῶν· οὓς ἔτι πάντας","ἠδὲ καὶ Ἀρτακέα, πρόμον ἀνδρῶν· οὓς ἔτι πάντας",tlg0001.tlg001.perseus-grc2.xml
Argonautica,tlg001,1,1048,ἐνναέται τιμαῖς ἡρωίσι κυδαίνουσιν.,ἐνναέται τιμαῖς ἡρωίσι κυδαίνουσιν.,tlg0001.tlg001.perseus-grc2.xml
Argonautica,tlg001,1,1049,"οἱ δʼ ἄλλοι εἴξαντες ὑπέτρεσαν, ἠύτε κίρκους","οἱ δ’ ἄλλοι εἴξαντες ὑπέτρεσαν, ἠύτε κίρκους",tlg0001.tlg001.perseus-grc2.xml
Argonautica,tlg001,1,1050,ὠκυπέτας ἀγεληδὸν ὑποτρέσσωσι πέλειαι.,ὠκυπέτας ἀγεληδὸν ὑποτρέσσωσι πέλειαι.,tlg0001.tlg001.perseus-grc2.xml
Argonautica,tlg001,1,1051,ἐς δὲ πύλας ὁμάδῳ πέσον ἀθρόοι· αἶψα δʼ ἀυτῆς,ἐς δὲ πύλας ὁμάδῳ πέσον ἀθρόοι· αἶψα δ’ ἀυτῆς,tlg0001.tlg001.perseus-grc2.xml
Argonautica,tlg001,1,1052,πλῆτο πόλις στονόεντος ὑποτροπίῃ πολέμοιο.,πλῆτο πόλις στονόεντος ὑποτροπίῃ πολέμοιο.,tlg0001.tlg001.perseus-grc2.xml
Argonautica,tlg001,1,1053,ἠῶθεν δʼ ὀλοὴν καὶ ἀμήχανον εἰσενόησαν,ἠῶθεν δ’ ὀλοὴν καὶ ἀμήχανον εἰσενόησαν,tlg0001.tlg001.perseus-grc2.xml
Argonautica,tlg001,1,1054,ἀμπλακίην ἄμφω· στυγερὸν δʼ ἄχος εἷλεν ἰδόντας,ἀμπλακίην ἄμφω· στυγερὸν δ’ ἄχος εἷλεν ἰδόντας,tlg0001.tlg001.perseus-grc2.xml
Argonautica,tlg001,1,1055,ἥρωας Μινύας Αἰνήιον υἷα πάροιθεν,ἥρωας Μινύας Αἰνήιον υἷα πάροιθεν,tlg0001.tlg001.perseus-grc2.xml
Argonautica,tlg001,1,1056,Κύζικον ἐν κονίῃσι καὶ αἵματι πεπτηῶτα.,Κύζικον ἐν κονίῃσι καὶ αἵματι πεπτηῶτα.,tlg0001.tlg001.perseus-grc2.xml
Argonautica,tlg001,1,1057,"ἤματα δὲ τρία πάντα γόων, τίλλοντό τε χαίτας","ἤματα δὲ τρία πάντα γόων, τίλλοντό τε χαίτας",tlg0001.tlg001.perseus-grc2.xml
Argonautica,tlg001,1,1058,αὐτοὶ ὁμῶς λαοί τε Δολίονες. αὐτὰρ ἔπειτα,αὐτοὶ ὁμῶς λαοί τε Δολίονες. αὐτὰρ ἔπειτα,tlg0001.tlg001.perseus-grc2.xml
Argonautica,tlg001,1,1059,τρὶς περὶ χαλκείοις σὺν τεύχεσι δινηθέντες,τρὶς περὶ χαλκείοις σὺν τεύχεσι δινηθέντες,tlg0001.tlg001.perseus-grc2.xml
Argonautica,tlg001,1,1060,"τύμβῳ ἐνεκτερέιξαν, ἐπειρήσαντό τʼ ἀέθλων,","τύμβῳ ἐνεκτερέιξαν, ἐπειρήσαντό τ’ ἀέθλων,",tlg0001.tlg001.perseus-grc2.xml
Argonautica,tlg001,1,1061,"ἣ θέμις, ἂμ πεδίον λειμώνιον, ἔνθʼ ἔτι νῦν περ","ἣ θέμις, ἂμ πεδίον λειμώνιον, ἔνθ’ ἔτι νῦν περ",tlg0001.tlg001.perseus-grc2.xml
Argonautica,tlg001,1,1062,ἀγκέχυται τόδε σῆμα καὶ ὀψιγόνοισιν ἰδέσθαι.,ἀγκέχυται τόδε σῆμα καὶ ὀψιγόνοισιν ἰδέσθαι.,tlg0001.tlg001.perseus-grc2.xml
Argonautica,tlg001,1,1063,οὐδὲ μὲν οὐδʼ ἄλοχος Κλείτη φθιμένοιο λέλειπτο,οὐδὲ μὲν οὐδ’ ἄλοχος Κλείτη φθιμένοιο λέλειπτο,tlg0001.tlg001.perseus-grc2.xml
Argonautica,tlg001,1,1064,οὗ πόσιος μετόπισθε· κακῷ δʼ ἐπὶ κύντερον ἄλλο,οὗ πόσιος μετόπισθε· κακῷ δ’ ἐπὶ κύντερον ἄλλο,tlg0001.tlg001.perseus-grc2.xml
Argonautica,tlg001,1,1065,"ἤνυσεν, ἁψαμένη βρόχον αὐχένι. τὴν δὲ καὶ αὐταὶ","ἤνυσεν, ἁψαμένη βρόχον αὐχένι. τὴν δὲ καὶ αὐταὶ",tlg0001.tlg001.perseus-grc2.xml
Argonautica,tlg001,1,1066,νύμφαι ἀποφθιμένην ἀλσηίδες ὠδύραντο·,νύμφαι ἀποφθιμένην ἀλσηίδες ὠδύραντο·,tlg0001.tlg001.perseus-grc2.xml
Argonautica,tlg001,1,1067,"καί οἱ ἀπὸ βλεφάρων ὅσα δάκρυα χεῦαν ἔραζε,","καί οἱ ἀπὸ βλεφάρων ὅσα δάκρυα χεῦαν ἔραζε,",tlg0001.tlg001.perseus-grc2.xml
Argonautica,tlg001,1,1068,"πάντα τάγε κρήνην τεῦξαν θεαί, ἣν καλέουσιν","πάντα τάγε κρήνην τεῦξαν θεαί, ἣν καλέουσιν",tlg0001.tlg001.perseus-grc2.xml
Argonautica,tlg001,1,1069,"Κλείτην, δυστήνοιο περικλεὲς οὔνομα νύμφης.","Κλείτην, δυστήνοιο περικλεὲς οὔνομα νύμφης.",tlg0001.tlg001.perseus-grc2.xml
Argonautica,tlg001,1,1070,αἰνότατον δὴ κεῖνο Δολιονίῃσι γυναιξὶν,αἰνότατον δὴ κεῖνο Δολιονίῃσι γυναιξὶν,tlg0001.tlg001.perseus-grc2.xml
Argonautica,tlg001,1,1071,ἀνδράσι τʼ ἐκ Διὸς ἦμαρ ἐπήλυθεν· οὐδὲ γὰρ αὐτῶν,ἀνδράσι τ’ ἐκ Διὸς ἦμαρ ἐπήλυθεν· οὐδὲ γὰρ αὐτῶν,tlg0001.tlg001.perseus-grc2.xml
Argonautica,tlg001,1,1072,"ἔτλη τις πάσσασθαι ἐδητύος, οὐδʼ ἐπὶ δηρὸν","ἔτλη τις πάσσασθαι ἐδητύος, οὐδ’ ἐπὶ δηρὸν",tlg0001.tlg001.perseus-grc2.xml
Argonautica,tlg001,1,1073,ἐξ ἀχέων ἔργοιο μυληφάτου ἐμνώοντο·,ἐξ ἀχέων ἔργοιο μυληφάτου ἐμνώοντο·,tlg0001.tlg001.perseus-grc2.xml
Argonautica,tlg001,1,1074,ἀλλʼ αὔτως ἄφλεκτα διαζώεσκον ἔδοντες.,ἀλλ’ αὔτως ἄφλεκτα διαζώεσκον ἔδοντες.,tlg0001.tlg001.perseus-grc2.xml
Argonautica,tlg001,1,1075,"ἔνθʼ ἔτι νῦν, εὖτʼ ἄν σφιν ἐτήσια χύτλα χέωνται","ἔνθ’ ἔτι νῦν, εὖτ’ ἄν σφιν ἐτήσια χύτλα χέωνται",tlg0001.tlg001.perseus-grc2.xml
Argonautica,tlg001,1,1076,"Κύζικον ἐνναίοντες Ἰάονες, ἔμπεδον αἰεὶ","Κύζικον ἐνναίοντες Ἰάονες, ἔμπεδον αἰεὶ",tlg0001.tlg001.perseus-grc2.xml
Argonautica,tlg001,1,1077,πανδήμοιο μύλης πελάνους ἐπαλετρεύουσιν.,πανδήμοιο μύλης πελάνους ἐπαλετρεύουσιν.,tlg0001.tlg001.perseus-grc2.xml
Argonautica,tlg001,1,1078,ἐκ δὲ τόθεν τρηχεῖαι ἀνηέρθησαν ἄελλαι,ἐκ δὲ τόθεν τρηχεῖαι ἀνηέρθησαν ἄελλαι,tlg0001.tlg001.perseus-grc2.xml
Argonautica,tlg001,1,1079,"ἤμαθʼ ὁμοῦ νύκτας τε δυώδεκα, τοὺς δὲ καταῦθι","ἤμαθ’ ὁμοῦ νύκτας τε δυώδεκα, τοὺς δὲ καταῦθι",tlg0001.tlg001.perseus-grc2.xml
Argonautica,tlg001,1,1080,ναυτίλλεσθαι ἔρυκον. ἐπιπλομένῃ δʼ ἐνὶ νυκτὶ,ναυτίλλεσθαι ἔρυκον. ἐπιπλομένῃ δ’ ἐνὶ νυκτὶ,tlg0001.tlg001.perseus-grc2.xml
Argonautica,tlg001,1,1081,ὧλλοι μέν ῥα πάρος δεδμημένοι εὐνάζοντο,ὧλλοι μέν ῥα πάρος δεδμημένοι εὐνάζοντο,tlg0001.tlg001.perseus-grc2.xml
Argonautica,tlg001,1,1082,ὕπνῳ ἀριστῆες πύματον λάχος· αὐτὰρ Ἄκαστος,ὕπνῳ ἀριστῆες πύματον λάχος· αὐτὰρ Ἄκαστος,tlg0001.tlg001.perseus-grc2.xml
Argonautica,tlg001,1,1083,Μόψος τʼ Ἀμπυκίδης ἀδινὰ κνώσσοντας ἔρυντο.,Μόψος τ’ Ἀμπυκίδης ἀδινὰ κνώσσοντας ἔρυντο.,tlg0001.tlg001.perseus-grc2.xml
Argonautica,tlg001,1,1084,ἡ δʼ ἄρʼ ὑπὲρ ξανθοῖο καρήατος Αἰσονίδαο,ἡ δ’ ἄρ’ ὑπὲρ ξανθοῖο καρήατος Αἰσονίδαο,tlg0001.tlg001.perseus-grc2.xml
Argonautica,tlg001,1,1085,πωτᾶτʼ ἀλκυονὶς λιγυρῇ ὀπὶ θεσπίζουσα,πωτᾶτ’ ἀλκυονὶς λιγυρῇ ὀπὶ θεσπίζουσα,tlg0001.tlg001.perseus-grc2.xml
Argonautica,tlg001,1,1086,λῆξιν ὀρινομένων ἀνέμων· συνέηκε δὲ Μόψος,λῆξιν ὀρινομένων ἀνέμων· συνέηκε δὲ Μόψος,tlg0001.tlg001.perseus-grc2.xml
Argonautica,tlg001,1,1087,ἀκταίης ὄρνιθος ἐναίσιμον ὄσσαν ἀκούσας.,ἀκταίης ὄρνιθος ἐναίσιμον ὄσσαν ἀκούσας.,tlg0001.tlg001.perseus-grc2.xml
Argonautica,tlg001,1,1088,"καὶ τὴν μὲν θεὸς αὖτις ἀπέτραπεν, ἷζε δʼ ὕπερθεν","καὶ τὴν μὲν θεὸς αὖτις ἀπέτραπεν, ἷζε δ’ ὕπερθεν",tlg0001.tlg001.perseus-grc2.xml
Argonautica,tlg001,1,1089,νηίου ἀφλάστοιο μετήορος ἀίξασα.,νηίου ἀφλάστοιο μετήορος ἀίξασα.,tlg0001.tlg001.perseus-grc2.xml
Argonautica,tlg001,1,1090,τὸν δʼ ὅγε κεκλιμένον μαλακοῖς ἐνὶ κώεσιν οἰῶν.,τὸν δ’ ὅγε κεκλιμένον μαλακοῖς ἐνὶ κώεσιν οἰῶν.,tlg0001.tlg001.perseus-grc2.xml
Argonautica,tlg001,1,1091,"κινήσας ἀνέγειρε παρασχεδόν, ὧδέ τʼ ἔειπεν·","κινήσας ἀνέγειρε παρασχεδόν, ὧδέ τ’ ἔειπεν·",tlg0001.tlg001.perseus-grc2.xml
Argonautica,tlg001,1,1092,"Αἰσονίδη, χρειώ σε τόδʼ ἱερὸν εἰσανιόντα","Αἰσονίδη, χρειώ σε τόδ’ ἱερὸν εἰσανιόντα",tlg0001.tlg001.perseus-grc2.xml
Argonautica,tlg001,1,1093,Δινδύμου ὀκριόεντος ἐύθρονον ἱλάξασθαι,Δινδύμου ὀκριόεντος ἐύθρονον ἱλάξασθαι,tlg0001.tlg001.perseus-grc2.xml
Argonautica,tlg001,1,1094,μητέρα συμπάντων μακάρων· λήξουσι δʼ ἄελλαι,μητέρα συμπάντων μακάρων· λήξουσι δ’ ἄελλαι,tlg0001.tlg001.perseus-grc2.xml
Argonautica,tlg001,1,1095,ζαχρηεῖς· τοίην γὰρ ἐγὼ νέον ὄσσαν ἄκουσα,ζαχρηεῖς· τοίην γὰρ ἐγὼ νέον ὄσσαν ἄκουσα,tlg0001.tlg001.perseus-grc2.xml
Argonautica,tlg001,1,1096,"ἀλκυόνος ἁλίης, ἥ τε κνώσσοντος ὕπερθεν","ἀλκυόνος ἁλίης, ἥ τε κνώσσοντος ὕπερθεν",tlg0001.tlg001.perseus-grc2.xml
Argonautica,tlg001,1,1097,σεῖο πέριξ τὰ ἕκαστα πιφαυσκομένη πεπότηται.,σεῖο πέριξ τὰ ἕκαστα πιφαυσκομένη πεπότηται.,tlg0001.tlg001.perseus-grc2.xml
Argonautica,tlg001,1,1098,ἐκ γὰρ τῆς ἄνεμοί τε θάλασσά τε νειόθι τε χθὼν,ἐκ γὰρ τῆς ἄνεμοί τε θάλασσά τε νειόθι τε χθὼν,tlg0001.tlg001.perseus-grc2.xml
Argonautica,tlg001,1,1099,πᾶσα πεπείρανται νιφόεν θʼ ἕδος Οὐλύμποιο·,πᾶσα πεπείρανται νιφόεν θ’ ἕδος Οὐλύμποιο·,tlg0001.tlg001.perseus-grc2.xml
Argonautica,tlg001,1,1100,"καί οἱ, ὅτʼ ἐξ ὀρέων μέγαν οὐρανὸν εἰσαναβαίνῃ,","καί οἱ, ὅτ’ ἐξ ὀρέων μέγαν οὐρανὸν εἰσαναβαίνῃ,",tlg0001.tlg001.perseus-grc2.xml
Argonautica,tlg001,1,1101,Ζεὺς αὐτὸς Κρονίδης ὑποχάζεται. ὧς δὲ καὶ ὧλλοι,Ζεὺς αὐτὸς Κρονίδης ὑποχάζεται. ὧς δὲ καὶ ὧλλοι,tlg0001.tlg001.perseus-grc2.xml
Argonautica,tlg001,1,1102,ἀθάνατοι μάκαρες δεινὴν θεὸν ἀμφιέπουσιν.,ἀθάνατοι μάκαρες δεινὴν θεὸν ἀμφιέπουσιν.,tlg0001.tlg001.perseus-grc2.xml
Argonautica,tlg001,1,1103,ὧς φάτο· τῷ δʼ ἀσπαστὸν ἔπος γένετʼ εἰσαΐοντι.,ὧς φάτο· τῷ δ’ ἀσπαστὸν ἔπος γένετ’ εἰσαΐοντι.,tlg0001.tlg001.perseus-grc2.xml
Argonautica,tlg001,1,1104,ὤρνυτο δʼ ἐξ εὐνῆς κεχαρημένος· ὦρσε δʼ ἑταίρους,ὤρνυτο δ’ ἐξ εὐνῆς κεχαρημένος· ὦρσε δ’ ἑταίρους,tlg0001.tlg001.perseus-grc2.xml
Argonautica,tlg001,1,1105,"πάντας ἐπισπέρχων, καί τέ σφισιν ἐγρομένοισιν","πάντας ἐπισπέρχων, καί τέ σφισιν ἐγρομένοισιν",tlg0001.tlg001.perseus-grc2.xml
Argonautica,tlg001,1,1106,Ἀμπυκίδεω Μόψοιο θεοπροπίας ἀγόρευεν.,Ἀμπυκίδεω Μόψοιο θεοπροπίας ἀγόρευεν.,tlg0001.tlg001.perseus-grc2.xml
Argonautica,tlg001,1,1107,αἶψα δὲ κουρότεροι μὲν ἀπὸ σταθμῶν ἐλάσαντες,αἶψα δὲ κουρότεροι μὲν ἀπὸ σταθμῶν ἐλάσαντες,tlg0001.tlg001.perseus-grc2.xml
Argonautica,tlg001,1,1108,ἔνθεν ἐς αἰπεινὴν ἄναγον βόας οὔρεος ἄκρην.,ἔνθεν ἐς αἰπεινὴν ἄναγον βόας οὔρεος ἄκρην.,tlg0001.tlg001.perseus-grc2.xml
Argonautica,tlg001,1,1109,οἱ δʼ ἄρα λυσάμενοι Ἱερῆς ἐκ πείσματα πέτρης,οἱ δ’ ἄρα λυσάμενοι Ἱερῆς ἐκ πείσματα πέτρης,tlg0001.tlg001.perseus-grc2.xml
Argonautica,tlg001,1,1110,ἤρεσαν ἐς λιμένα Θρηίκιον· ἂν δὲ καὶ αὐτοὶ,ἤρεσαν ἐς λιμένα Θρηίκιον· ἂν δὲ καὶ αὐτοὶ,tlg0001.tlg001.perseus-grc2.xml
Argonautica,tlg001,1,1111,"βαῖνον, παυροτέρους ἑτάρων ἐν νηὶ λιπόντες.","βαῖνον, παυροτέρους ἑτάρων ἐν νηὶ λιπόντες.",tlg0001.tlg001.perseus-grc2.xml
Argonautica,tlg001,1,1112,τοῖσι δὲ Μακριάδες σκοπιαὶ καὶ πᾶσα περαίη,τοῖσι δὲ Μακριάδες σκοπιαὶ καὶ πᾶσα περαίη,tlg0001.tlg001.perseus-grc2.xml
Argonautica,tlg001,1,1113,Θρηικίης ἐνὶ χερσὶν ἑαῖς προυφαίνετʼ ἰδέσθαι·,Θρηικίης ἐνὶ χερσὶν ἑαῖς προυφαίνετ’ ἰδέσθαι·,tlg0001.tlg001.perseus-grc2.xml
Argonautica,tlg001,1,1114,φαίνετο δʼ ἠερόεν στόμα Βοσπόρου ἠδὲ κολῶναι,φαίνετο δ’ ἠερόεν στόμα Βοσπόρου ἠδὲ κολῶναι,tlg0001.tlg001.perseus-grc2.xml
Argonautica,tlg001,1,1115,Μυσίαι· ἐκ δʼ ἑτέρης ποταμοῦ ῥόος Αἰσήποιο,Μυσίαι· ἐκ δ’ ἑτέρης ποταμοῦ ῥόος Αἰσήποιο,tlg0001.tlg001.perseus-grc2.xml
Argonautica,tlg001,1,1116,ἄστυ τε καὶ πεδίον Νηπήιον Ἀδρηστείης.,ἄστυ τε καὶ πεδίον Νηπήιον Ἀδρηστείης.,tlg0001.tlg001.perseus-grc2.xml
Argonautica,tlg001,1,1117,"ἔσκε δέ τι στιβαρὸν στύπος ἀμπέλου ἔντροφον ὕλῃ,","ἔσκε δέ τι στιβαρὸν στύπος ἀμπέλου ἔντροφον ὕλῃ,",tlg0001.tlg001.perseus-grc2.xml
Argonautica,tlg001,1,1118,"πρόχνυ γεράνδρυον· τὸ μὲν ἔκταμον, ὄφρα πέλοιτο","πρόχνυ γεράνδρυον· τὸ μὲν ἔκταμον, ὄφρα πέλοιτο",tlg0001.tlg001.perseus-grc2.xml
Argonautica,tlg001,1,1119,δαίμονος οὐρείης ἱερὸν βρέτας· ἔξεσε δʼ Ἄργος,δαίμονος οὐρείης ἱερὸν βρέτας· ἔξεσε δ’ Ἄργος,tlg0001.tlg001.perseus-grc2.xml
Argonautica,tlg001,1,1120,"εὐκόσμως, καὶ δή μιν ἐπʼ ὀκριόεντι κολωνῷ","εὐκόσμως, καὶ δή μιν ἐπ’ ὀκριόεντι κολωνῷ",tlg0001.tlg001.perseus-grc2.xml
Argonautica,tlg001,1,1121,"ἵδρυσαν φηγοῖσιν ἐπηρεφὲς ἀκροτάτῃσιν,","ἵδρυσαν φηγοῖσιν ἐπηρεφὲς ἀκροτάτῃσιν,",tlg0001.tlg001.perseus-grc2.xml
Argonautica,tlg001,1,1122,αἵ ῥά τε πασάων πανυπέρταται ἐρρίζωνται.,αἵ ῥά τε πασάων πανυπέρταται ἐρρίζωνται.,tlg0001.tlg001.perseus-grc2.xml
Argonautica,tlg001,1,1123,βωμὸν δʼ αὖ χέραδος παρενήνεον· ἀμφὶ δὲ φύλλοις,βωμὸν δ’ αὖ χέραδος παρενήνεον· ἀμφὶ δὲ φύλλοις,tlg0001.tlg001.perseus-grc2.xml
Argonautica,tlg001,1,1124,στεψάμενοι δρυΐνοισι θυηπολίης ἐμέλοντο,στεψάμενοι δρυΐνοισι θυηπολίης ἐμέλοντο,tlg0001.tlg001.perseus-grc2.xml
Argonautica,tlg001,1,1125,"μητέρα Δινδυμίην πολυπότνιαν ἀγκαλέοντες,","μητέρα Δινδυμίην πολυπότνιαν ἀγκαλέοντες,",tlg0001.tlg001.perseus-grc2.xml
Argonautica,tlg001,1,1126,"ἐνναέτιν Φρυγίης, Τιτίην θʼ ἅμα Κύλληνόν τε,","ἐνναέτιν Φρυγίης, Τιτίην θ’ ἅμα Κύλληνόν τε,",tlg0001.tlg001.perseus-grc2.xml
Argonautica,tlg001,1,1127,οἳ μοῦνοι πολέων μοιρηγέται ἠδὲ πάρεδροι,οἳ μοῦνοι πολέων μοιρηγέται ἠδὲ πάρεδροι,tlg0001.tlg001.perseus-grc2.xml
Argonautica,tlg001,1,1128,"μητέρος Ἰδαίης κεκλήαται, ὅσσοι ἔασιν","μητέρος Ἰδαίης κεκλήαται, ὅσσοι ἔασιν",tlg0001.tlg001.perseus-grc2.xml
Argonautica,tlg001,1,1129,"δάκτυλοι Ἰδαῖοι Κρηταιέες, οὕς ποτε νύμφη","δάκτυλοι Ἰδαῖοι Κρηταιέες, οὕς ποτε νύμφη",tlg0001.tlg001.perseus-grc2.xml
Argonautica,tlg001,1,1130,Ἀγχιάλη Δικταῖον ἀνὰ σπέος ἀμφοτέρῃσιν,Ἀγχιάλη Δικταῖον ἀνὰ σπέος ἀμφοτέρῃσιν,tlg0001.tlg001.perseus-grc2.xml
Argonautica,tlg001,1,1131,δραξαμένη γαίης Οἰαξίδος ἐβλάστησεν.,δραξαμένη γαίης Οἰαξίδος ἐβλάστησεν.,tlg0001.tlg001.perseus-grc2.xml
Argonautica,tlg001,1,1132,πολλὰ δὲ τήνγε λιτῇσιν ἀποστρέψαι ἐριώλας,πολλὰ δὲ τήνγε λιτῇσιν ἀποστρέψαι ἐριώλας,tlg0001.tlg001.perseus-grc2.xml
Argonautica,tlg001,1,1133,Λἰσονίδης γουνάζετʼ ἐπιλλείβων ἱεροῖσιν,Λἰσονίδης γουνάζετ’ ἐπιλλείβων ἱεροῖσιν,tlg0001.tlg001.perseus-grc2.xml
Argonautica,tlg001,1,1134,αἰθομένοις· ἄμυδις δὲ νέοι Ὀρφῆος ἀνωγῇ,αἰθομένοις· ἄμυδις δὲ νέοι Ὀρφῆος ἀνωγῇ,tlg0001.tlg001.perseus-grc2.xml
Argonautica,tlg001,1,1135,"σκαίροντες βηταρμὸν ἐνόπλιον ὠρχήσαντο,","σκαίροντες βηταρμὸν ἐνόπλιον ὠρχήσαντο,",tlg0001.tlg001.perseus-grc2.xml
Argonautica,tlg001,1,1136,"καὶ σάκεα ξιφέεσσιν ἐπέκτυπον, ὥς κεν ἰωὴ","καὶ σάκεα ξιφέεσσιν ἐπέκτυπον, ὥς κεν ἰωὴ",tlg0001.tlg001.perseus-grc2.xml
Argonautica,tlg001,1,1137,"δύσφημος πλάζοιτο διʼ ἠέρος, ἣν ἔτι λαοὶ","δύσφημος πλάζοιτο δι’ ἠέρος, ἣν ἔτι λαοὶ",tlg0001.tlg001.perseus-grc2.xml
Argonautica,tlg001,1,1138,κηδείῃ βασιλῆος ἀνέστενον. ἔνθεν ἐσαιεὶ,κηδείῃ βασιλῆος ἀνέστενον. ἔνθεν ἐσαιεὶ,tlg0001.tlg001.perseus-grc2.xml
Argonautica,tlg001,1,1139,ῥόμβῳ καὶ τυπάνῳ Ῥείην Φρύγες ἱλάσκονται.,ῥόμβῳ καὶ τυπάνῳ Ῥείην Φρύγες ἱλάσκονται.,tlg0001.tlg001.perseus-grc2.xml
Argonautica,tlg001,1,1140,ἡ δέ που εὐαγέεσσιν ἐπὶ φρένα θῆκε θυηλαῖς,ἡ δέ που εὐαγέεσσιν ἐπὶ φρένα θῆκε θυηλαῖς,tlg0001.tlg001.perseus-grc2.xml
Argonautica,tlg001,1,1141,ἀνταίη δαίμων· τὰ δʼ ἐοικότα σήματʼ ἔγεντο.,ἀνταίη δαίμων· τὰ δ’ ἐοικότα σήματ’ ἔγεντο.,tlg0001.tlg001.perseus-grc2.xml
Argonautica,tlg001,1,1142,"δένδρεα μὲν καρπὸν χέον ἄσπετον, ἀμφὶ δὲ ποσσὶν","δένδρεα μὲν καρπὸν χέον ἄσπετον, ἀμφὶ δὲ ποσσὶν",tlg0001.tlg001.perseus-grc2.xml
Argonautica,tlg001,1,1143,αὐτομάτη φύε γαῖα τερείνης ἄνθεα ποίης.,αὐτομάτη φύε γαῖα τερείνης ἄνθεα ποίης.,tlg0001.tlg001.perseus-grc2.xml
Argonautica,tlg001,1,1144,θῆρες δʼ εἰλυούς τε κατὰ ξυλόχους τε λιπόντες,θῆρες δ’ εἰλυούς τε κατὰ ξυλόχους τε λιπόντες,tlg0001.tlg001.perseus-grc2.xml
Argonautica,tlg001,1,1145,οὐρῇσιν σαίνοντες ἐπήλυθον. ἡ δὲ καὶ ἄλλο,οὐρῇσιν σαίνοντες ἐπήλυθον. ἡ δὲ καὶ ἄλλο,tlg0001.tlg001.perseus-grc2.xml
Argonautica,tlg001,1,1146,θῆκε τέρας· ἐπεὶ οὔτι παροίτερον ὕδατι νᾶεν,θῆκε τέρας· ἐπεὶ οὔτι παροίτερον ὕδατι νᾶεν,tlg0001.tlg001.perseus-grc2.xml
Argonautica,tlg001,1,1147,Δίνδυμον· ἀλλά σφιν τότʼ ἀνέβραχε διψάδος αὔτως,Δίνδυμον· ἀλλά σφιν τότ’ ἀνέβραχε διψάδος αὔτως,tlg0001.tlg001.perseus-grc2.xml
Argonautica,tlg001,1,1148,ἐκ κορυφῆς ἄλληκτον· Ἰησονίην δʼ ἐνέπουσιν,ἐκ κορυφῆς ἄλληκτον· Ἰησονίην δ’ ἐνέπουσιν,tlg0001.tlg001.perseus-grc2.xml
Argonautica,tlg001,1,1149,κεῖνο ποτὸν κρήνην περιναιέται ἄνδρες ὀπίσσω.,κεῖνο ποτὸν κρήνην περιναιέται ἄνδρες ὀπίσσω.,tlg0001.tlg001.perseus-grc2.xml
Argonautica,tlg001,1,1150,"καὶ τότε μὲν δαῖτʼ ἀμφὶ θεᾶς θέσαν οὔρεσιν Ἄρκτων,","καὶ τότε μὲν δαῖτ’ ἀμφὶ θεᾶς θέσαν οὔρεσιν Ἄρκτων,",tlg0001.tlg001.perseus-grc2.xml
Argonautica,tlg001,1,1151,μέλποντες Ῥείην πολυπότνιαν· αὐτὰρ ἐς ἠὼ,μέλποντες Ῥείην πολυπότνιαν· αὐτὰρ ἐς ἠὼ,tlg0001.tlg001.perseus-grc2.xml
Argonautica,tlg001,1,1152,ληξάντων ἀνέμων νῆσον λίπον εἰρεσίῃσιν.,ληξάντων ἀνέμων νῆσον λίπον εἰρεσίῃσιν.,tlg0001.tlg001.perseus-grc2.xml
Argonautica,tlg001,1,1153,"ἔνθʼ ἔρις ἄνδρα ἕκαστον ἀριστήων ὀρόθυνεν,","ἔνθ’ ἔρις ἄνδρα ἕκαστον ἀριστήων ὀρόθυνεν,",tlg0001.tlg001.perseus-grc2.xml
Argonautica,tlg001,1,1154,ὅστις ἀπολλήξειε πανύστατος. ἀμφὶ γὰρ αἰθὴρ,ὅστις ἀπολλήξειε πανύστατος. ἀμφὶ γὰρ αἰθὴρ,tlg0001.tlg001.perseus-grc2.xml
Argonautica,tlg001,1,1155,"νήνεμος ἐστόρεσεν δίνας, κατὰ δʼ εὔνασε πόντον.","νήνεμος ἐστόρεσεν δίνας, κατὰ δ’ εὔνασε πόντον.",tlg0001.tlg001.perseus-grc2.xml
Argonautica,tlg001,1,1156,οἱ δὲ γαληναίῃ πίσυνοι ἐλάασκον ἐπιπρὸ,οἱ δὲ γαληναίῃ πίσυνοι ἐλάασκον ἐπιπρὸ,tlg0001.tlg001.perseus-grc2.xml
Argonautica,tlg001,1,1157,νῆα βίῃ· τὴν δʼ οὔ κε διὲξ ἁλὸς ἀίσσουσαν,νῆα βίῃ· τὴν δ’ οὔ κε διὲξ ἁλὸς ἀίσσουσαν,tlg0001.tlg001.perseus-grc2.xml
Argonautica,tlg001,1,1158,οὐδὲ Ποσειδάωνος ἀελλόποδες κίχον ἵπποι.,οὐδὲ Ποσειδάωνος ἀελλόποδες κίχον ἵπποι.,tlg0001.tlg001.perseus-grc2.xml
Argonautica,tlg001,1,1159,"ἔμπης δʼ ἐγρομένοιο σάλου ζαχρηεσιν αὔραις,","ἔμπης δ’ ἐγρομένοιο σάλου ζαχρηεσιν αὔραις,",tlg0001.tlg001.perseus-grc2.xml
Argonautica,tlg001,1,1160,"αἳ νέον ἐκ ποταμῶν ὑπὸ δείελον ἠερέθονται,","αἳ νέον ἐκ ποταμῶν ὑπὸ δείελον ἠερέθονται,",tlg0001.tlg001.perseus-grc2.xml
Argonautica,tlg001,1,1161,τειρόμενοι καὶ δὴ μετελώφεον· αὐτὰρ ὁ τούσγε,τειρόμενοι καὶ δὴ μετελώφεον· αὐτὰρ ὁ τούσγε,tlg0001.tlg001.perseus-grc2.xml
Argonautica,tlg001,1,1162,πασσυδίῃ μογέοντας ἐφέλκετο κάρτεϊ χειρῶν,πασσυδίῃ μογέοντας ἐφέλκετο κάρτεϊ χειρῶν,tlg0001.tlg001.perseus-grc2.xml
Argonautica,tlg001,1,1163,"Ἡρακλέης, ἐτίνασσε δʼ ἀρηρότα δούρατα νηός.","Ἡρακλέης, ἐτίνασσε δ’ ἀρηρότα δούρατα νηός.",tlg0001.tlg001.perseus-grc2.xml
Argonautica,tlg001,1,1164,ἀλλʼ ὅτε δὴ Μυσῶν λελιημένοι ἠπείροιο,ἀλλ’ ὅτε δὴ Μυσῶν λελιημένοι ἠπείροιο,tlg0001.tlg001.perseus-grc2.xml
Argonautica,tlg001,1,1165,Ῥυνδακίδας προχοὰς μέγα τʼ ἠρίον Αἰγαίωνος,Ῥυνδακίδας προχοὰς μέγα τ’ ἠρίον Αἰγαίωνος,tlg0001.tlg001.perseus-grc2.xml
Argonautica,tlg001,1,1166,"τυτθὸν ὑπὲκ Φρυγίης παρεμέτρεον εἰσορόωντες,","τυτθὸν ὑπὲκ Φρυγίης παρεμέτρεον εἰσορόωντες,",tlg0001.tlg001.perseus-grc2.xml
Argonautica,tlg001,1,1167,δὴ τότʼ ἀνοχλίζων τετρηχότος οἴδματος ὁλκοὺς,δὴ τότ’ ἀνοχλίζων τετρηχότος οἴδματος ὁλκοὺς,tlg0001.tlg001.perseus-grc2.xml
Argonautica,tlg001,1,1168,μεσσόθεν ἆξεν ἐρετμόν. ἀτὰρ τρύφος ἄλλο μὲν αὐτὸς,μεσσόθεν ἆξεν ἐρετμόν. ἀτὰρ τρύφος ἄλλο μὲν αὐτὸς,tlg0001.tlg001.perseus-grc2.xml
Argonautica,tlg001,1,1169,"ἄμφω χερσὶν ἔχων πέσε δόχμιος, ἄλλο δὲ πόντος","ἄμφω χερσὶν ἔχων πέσε δόχμιος, ἄλλο δὲ πόντος",tlg0001.tlg001.perseus-grc2.xml
Argonautica,tlg001,1,1170,κλύζε παλιρροθίοισι φέρων. ἀνὰ δʼ ἕζετο σιγῇ,κλύζε παλιρροθίοισι φέρων. ἀνὰ δ’ ἕζετο σιγῇ,tlg0001.tlg001.perseus-grc2.xml
Argonautica,tlg001,1,1171,παπταίνων· χεῖρες γὰρ ἀήθεον ἠρεμέουσαι.,παπταίνων· χεῖρες γὰρ ἀήθεον ἠρεμέουσαι.,tlg0001.tlg001.perseus-grc2.xml
Argonautica,tlg001,1,1172,ἦμος δʼ ἀγρόθεν εἶσι φυτοσκάφος ἤ τις ἀροτρεὺς,ἦμος δ’ ἀγρόθεν εἶσι φυτοσκάφος ἤ τις ἀροτρεὺς,tlg0001.tlg001.perseus-grc2.xml
Argonautica,tlg001,1,1173,"ἀσπασίως εἰς αὖλιν ἑήν, δόρποιο χατίζων,","ἀσπασίως εἰς αὖλιν ἑήν, δόρποιο χατίζων,",tlg0001.tlg001.perseus-grc2.xml
Argonautica,tlg001,1,1174,αὐτοῦ δʼ ἐν προμολῇ τετρυμένα γούνατʼ ἔκαμψεν,αὐτοῦ δ’ ἐν προμολῇ τετρυμένα γούνατ’ ἔκαμψεν,tlg0001.tlg001.perseus-grc2.xml
Argonautica,tlg001,1,1175,"αὐσταλέος κονίῃσι, περιτριβέας δέ τε χεῖρας","αὐσταλέος κονίῃσι, περιτριβέας δέ τε χεῖρας",tlg0001.tlg001.perseus-grc2.xml
Argonautica,tlg001,1,1176,εἰσορόων κακὰ πολλὰ ἑῇ ἠρήσατο γαστρί·,εἰσορόων κακὰ πολλὰ ἑῇ ἠρήσατο γαστρί·,tlg0001.tlg001.perseus-grc2.xml
Argonautica,tlg001,1,1177,τῆμος ἄρʼ οἵγʼ ἀφίκοντο Κιανίδος ἤθεα γαίης,τῆμος ἄρ’ οἵγ’ ἀφίκοντο Κιανίδος ἤθεα γαίης,tlg0001.tlg001.perseus-grc2.xml
Argonautica,tlg001,1,1178,ἀμφʼ Ἀργανθώνειον ὄρος προχοάς τε Κίοιο.,ἀμφ’ Ἀργανθώνειον ὄρος προχοάς τε Κίοιο.,tlg0001.tlg001.perseus-grc2.xml
Argonautica,tlg001,1,1179,τοὺς μὲν ἐυξείνως Μυσοὶ φιλότητι κιόντας,τοὺς μὲν ἐυξείνως Μυσοὶ φιλότητι κιόντας,tlg0001.tlg001.perseus-grc2.xml
Argonautica,tlg001,1,1180,"δειδέχατʼ, ἐνναέται κείνης χθονός, ἤιά τέ σφιν","δειδέχατ’, ἐνναέται κείνης χθονός, ἤιά τέ σφιν",tlg0001.tlg001.perseus-grc2.xml
Argonautica,tlg001,1,1181,μῆλά τε δευομένοις μέθυ τʼ ἄσπετον ἐγγυάλιξαν.,μῆλά τε δευομένοις μέθυ τ’ ἄσπετον ἐγγυάλιξαν.,tlg0001.tlg001.perseus-grc2.xml
Argonautica,tlg001,1,1182,"ἔνθα δʼ ἔπειθʼ οἱ μὲν ξύλα κάγκανα, τοὶ δὲ λεχαίην","ἔνθα δ’ ἔπειθ’ οἱ μὲν ξύλα κάγκανα, τοὶ δὲ λεχαίην",tlg0001.tlg001.perseus-grc2.xml
Argonautica,tlg001,1,1183,"φυλλάδα λειμώνων φέρον ἄσπετον ἀμήσαντες,","φυλλάδα λειμώνων φέρον ἄσπετον ἀμήσαντες,",tlg0001.tlg001.perseus-grc2.xml
Argonautica,tlg001,1,1184,στόρνυσθαι· τοὶ δʼ ἀμφὶ πυρήια δινεύεσκον·,στόρνυσθαι· τοὶ δ’ ἀμφὶ πυρήια δινεύεσκον·,tlg0001.tlg001.perseus-grc2.xml
Argonautica,tlg001,1,1185,"οἱ δʼ οἶνον κρητῆρσι κέρων, πονέοντο τε δαῖτα,","οἱ δ’ οἶνον κρητῆρσι κέρων, πονέοντο τε δαῖτα,",tlg0001.tlg001.perseus-grc2.xml
Argonautica,tlg001,1,1186,Ἐκβασίῳ ῥέξαντες ὑπὸ κνέφας Ἀπόλλωνι.,Ἐκβασίῳ ῥέξαντες ὑπὸ κνέφας Ἀπόλλωνι.,tlg0001.tlg001.perseus-grc2.xml
Argonautica,tlg001,1,1187,αὐτὰρ ὁ δαίνυσθαι ἑτάροις οἷς εὖ ἐπιτείλας,αὐτὰρ ὁ δαίνυσθαι ἑτάροις οἷς εὖ ἐπιτείλας,tlg0001.tlg001.perseus-grc2.xml
Argonautica,tlg001,1,1188,"βῆ ῥʼ ἴμεν εἰς ὕλην υἱὸς Διός, ὥς κεν ἐρετμὸν","βῆ ῥ’ ἴμεν εἰς ὕλην υἱὸς Διός, ὥς κεν ἐρετμὸν",tlg0001.tlg001.perseus-grc2.xml
Argonautica,tlg001,1,1189,οἷ αὐτῷ φθαίη καταχείριον ἐντύνασθαι.,οἷ αὐτῷ φθαίη καταχείριον ἐντύνασθαι.,tlg0001.tlg001.perseus-grc2.xml
Argonautica,tlg001,1,1190,"εὗρεν ἔπειτʼ ἐλάτην ἀλαλήμενος, οὔτε τι πολλοῖς","εὗρεν ἔπειτ’ ἐλάτην ἀλαλήμενος, οὔτε τι πολλοῖς",tlg0001.tlg001.perseus-grc2.xml
Argonautica,tlg001,1,1191,"ἀχθομένην ὄζοις, οὐδὲ μέγα τηλεθόωσαν,","ἀχθομένην ὄζοις, οὐδὲ μέγα τηλεθόωσαν,",tlg0001.tlg001.perseus-grc2.xml
Argonautica,tlg001,1,1192,ἀλλʼ οἷον ταναῆς ἔρνος πέλει αἰγείροιο·,ἀλλ’ οἷον ταναῆς ἔρνος πέλει αἰγείροιο·,tlg0001.tlg001.perseus-grc2.xml
Argonautica,tlg001,1,1193,τόσση ὁμῶς μῆκός τε καὶ ἐς πάχος ἦεν ἰδέσθαι.,τόσση ὁμῶς μῆκός τε καὶ ἐς πάχος ἦεν ἰδέσθαι.,tlg0001.tlg001.perseus-grc2.xml
Argonautica,tlg001,1,1194,ῥίμφα δʼ ὀιστοδόκην μὲν ἐπὶ χθονὶ θῆκε φαρέτρην,ῥίμφα δ’ ὀιστοδόκην μὲν ἐπὶ χθονὶ θῆκε φαρέτρην,tlg0001.tlg001.perseus-grc2.xml
Argonautica,tlg001,1,1195,"αὐτοῖσιν τόξοισιν, ἔδυ δʼ ἀπὸ δέρμα λέοντος.","αὐτοῖσιν τόξοισιν, ἔδυ δ’ ἀπὸ δέρμα λέοντος.",tlg0001.tlg001.perseus-grc2.xml
Argonautica,tlg001,1,1196,τὴν δʼ ὅγε χαλκοβαρεῖ ῥοπάλῳ δαπέδοιο τινάξας,τὴν δ’ ὅγε χαλκοβαρεῖ ῥοπάλῳ δαπέδοιο τινάξας,tlg0001.tlg001.perseus-grc2.xml
Argonautica,tlg001,1,1197,"νειόθεν ἀμφοτέρῃσι περὶ στύπος ἔλλαβε χερσίν,","νειόθεν ἀμφοτέρῃσι περὶ στύπος ἔλλαβε χερσίν,",tlg0001.tlg001.perseus-grc2.xml
Argonautica,tlg001,1,1198,ἠνορέῃ πίσυνος· ἐν δὲ πλατὺν ὦμον ἔρεισεν,ἠνορέῃ πίσυνος· ἐν δὲ πλατὺν ὦμον ἔρεισεν,tlg0001.tlg001.perseus-grc2.xml
Argonautica,tlg001,1,1199,εὖ διαβάς· πεδόθεν δὲ βαθύρριζόν περ ἐοῦσαν,εὖ διαβάς· πεδόθεν δὲ βαθύρριζόν περ ἐοῦσαν,tlg0001.tlg001.perseus-grc2.xml
Argonautica,tlg001,1,1200,προσφὺς ἐξήειρε σὺν αὐτοῖς ἔχμασι γαίης.,προσφὺς ἐξήειρε σὺν αὐτοῖς ἔχμασι γαίης.,tlg0001.tlg001.perseus-grc2.xml
Argonautica,tlg001,1,1201,"ὡς δʼ ὅταν ἀπροφάτως ἱστόν νεός, εὖτε μάλιστα","ὡς δ’ ὅταν ἀπροφάτως ἱστόν νεός, εὖτε μάλιστα",tlg0001.tlg001.perseus-grc2.xml
Argonautica,tlg001,1,1202,"χειμερίη ὀλοοῖο δύσις πέλει Ὠρίωνος,","χειμερίη ὀλοοῖο δύσις πέλει Ὠρίωνος,",tlg0001.tlg001.perseus-grc2.xml
Argonautica,tlg001,1,1203,ὑψόθεν ἐμπλήξασα θοὴ ἀνέμοιο κατάιξ,ὑψόθεν ἐμπλήξασα θοὴ ἀνέμοιο κατάιξ,tlg0001.tlg001.perseus-grc2.xml
Argonautica,tlg001,1,1204,αὐτοῖσι σφήνεσσιν ὑπὲκ προτόνων ἐρύσηται·,αὐτοῖσι σφήνεσσιν ὑπὲκ προτόνων ἐρύσηται·,tlg0001.tlg001.perseus-grc2.xml
Argonautica,tlg001,1,1205,ὧς ὅγε τὴν ἤειρεν. ὁμοῦ δʼ ἀνὰ τόξα καὶ ἰοὺς,ὧς ὅγε τὴν ἤειρεν. ὁμοῦ δ’ ἀνὰ τόξα καὶ ἰοὺς,tlg0001.tlg001.perseus-grc2.xml
Argonautica,tlg001,1,1206,δέρμα θʼ ἑλὼν ῥόπαλόν τε παλίσσυτος ὦρτο νέεσθαι.,δέρμα θ’ ἑλὼν ῥόπαλόν τε παλίσσυτος ὦρτο νέεσθαι.,tlg0001.tlg001.perseus-grc2.xml
Argonautica,tlg001,1,1207,τόφρα δʼ Ὕλας χαλκέῃ σὺν κάλπιδι νόσφιν ὁμίλου,τόφρα δ’ Ὕλας χαλκέῃ σὺν κάλπιδι νόσφιν ὁμίλου,tlg0001.tlg001.perseus-grc2.xml
Argonautica,tlg001,1,1208,"δίζητο κρήνης ἱερὸν ῥόον, ὥς κέ οἱ ὕδωρ","δίζητο κρήνης ἱερὸν ῥόον, ὥς κέ οἱ ὕδωρ",tlg0001.tlg001.perseus-grc2.xml
Argonautica,tlg001,1,1209,"φθαίη ἀφυσσάμενος ποτιδόρπιον, ἄλλα τε πάντα","φθαίη ἀφυσσάμενος ποτιδόρπιον, ἄλλα τε πάντα",tlg0001.tlg001.perseus-grc2.xml
Argonautica,tlg001,1,1210,ὀτραλέως κατὰ κόσμον ἐπαρτίσσειεν ἰόντι.,ὀτραλέως κατὰ κόσμον ἐπαρτίσσειεν ἰόντι.,tlg0001.tlg001.perseus-grc2.xml
Argonautica,tlg001,1,1211,"δὴ γάρ μιν τοίοισιν ἐν ἤθεσιν αὐτὸς ἔφερβεν,","δὴ γάρ μιν τοίοισιν ἐν ἤθεσιν αὐτὸς ἔφερβεν,",tlg0001.tlg001.perseus-grc2.xml
Argonautica,tlg001,1,1212,"νηπίαχον τὰ πρῶτα δόμων ἐκ πατρὸς ἀπούρας,","νηπίαχον τὰ πρῶτα δόμων ἐκ πατρὸς ἀπούρας,",tlg0001.tlg001.perseus-grc2.xml
Argonautica,tlg001,1,1213,"δίου Θειοδάμαντος, ὃν ἐν Δρυόπεσσιν ἔπεφνεν","δίου Θειοδάμαντος, ὃν ἐν Δρυόπεσσιν ἔπεφνεν",tlg0001.tlg001.perseus-grc2.xml
Argonautica,tlg001,1,1214,"νηλειῶς, βοὸς ἀμφὶ γεωμόρου ἀντιόωντα.","νηλειῶς, βοὸς ἀμφὶ γεωμόρου ἀντιόωντα.",tlg0001.tlg001.perseus-grc2.xml
Argonautica,tlg001,1,1215,ἤτοι ὁ μὲν νειοῖο γύας τέμνεσκεν ἀρότρῳ,ἤτοι ὁ μὲν νειοῖο γύας τέμνεσκεν ἀρότρῳ,tlg0001.tlg001.perseus-grc2.xml
Argonautica,tlg001,1,1216,Θειοδάμας ἀνίῃ βεβολημένος· αὐτὰρ ὁ τόνγε,Θειοδάμας ἀνίῃ βεβολημένος· αὐτὰρ ὁ τόνγε,tlg0001.tlg001.perseus-grc2.xml
Argonautica,tlg001,1,1217,βοῦν ἀρότην ἤνωγε παρασχέμεν οὐκ ἐθέλοντα.,βοῦν ἀρότην ἤνωγε παρασχέμεν οὐκ ἐθέλοντα.,tlg0001.tlg001.perseus-grc2.xml
Argonautica,tlg001,1,1218,ἵετο γὰρ πρόφασιν πολέμου Δρυόπεσσι βαλέσθαι,ἵετο γὰρ πρόφασιν πολέμου Δρυόπεσσι βαλέσθαι,tlg0001.tlg001.perseus-grc2.xml
Argonautica,tlg001,1,1219,"λευγαλέην, ἐπεὶ οὔτι δίκης ἀλέγοντες ἔναιον.","λευγαλέην, ἐπεὶ οὔτι δίκης ἀλέγοντες ἔναιον.",tlg0001.tlg001.perseus-grc2.xml
Argonautica,tlg001,1,1220,ἀλλὰ τὰ μὲν τηλοῦ κεν ἀποπλάγξειεν ἀοιδῆς.,ἀλλὰ τὰ μὲν τηλοῦ κεν ἀποπλάγξειεν ἀοιδῆς.,tlg0001.tlg001.perseus-grc2.xml
Argonautica,tlg001,1,1221,"αἶψα δʼ ὅγε κρήνην μετεκίαθεν, ἣν καλέουσιν","αἶψα δ’ ὅγε κρήνην μετεκίαθεν, ἣν καλέουσιν",tlg0001.tlg001.perseus-grc2.xml
Argonautica,tlg001,1,1222,πηγὰς ἀγχίγυοι περιναιέται. οἱ δέ που ἄρτι,πηγὰς ἀγχίγυοι περιναιέται. οἱ δέ που ἄρτι,tlg0001.tlg001.perseus-grc2.xml
Argonautica,tlg001,1,1223,"νυμφάων ἵσταντο χοροί· μέλε γάρ σφισι πάσαις,","νυμφάων ἵσταντο χοροί· μέλε γάρ σφισι πάσαις,",tlg0001.tlg001.perseus-grc2.xml
Argonautica,tlg001,1,1224,"ὅσσαι κεῖσʼ ἐρατὸν νύμφαι ῥίον ἀμφενέμοντο,","ὅσσαι κεῖσ’ ἐρατὸν νύμφαι ῥίον ἀμφενέμοντο,",tlg0001.tlg001.perseus-grc2.xml
Argonautica,tlg001,1,1225,Ἄρτεμιν ἐννυχίῃσιν ἀεὶ μέλπεσθαι ἀοιδαῖς.,Ἄρτεμιν ἐννυχίῃσιν ἀεὶ μέλπεσθαι ἀοιδαῖς.,tlg0001.tlg001.perseus-grc2.xml
Argonautica,tlg001,1,1226,"αἱ μέν, ὅσαι σκοπιὰς ὀρέων λάχον ἢ καὶ ἐναύλους,","αἱ μέν, ὅσαι σκοπιὰς ὀρέων λάχον ἢ καὶ ἐναύλους,",tlg0001.tlg001.perseus-grc2.xml
Argonautica,tlg001,1,1227,"αἵγε μὲν ὑλήωροι ἀπόπροθεν ἐστιχόωντο,","αἵγε μὲν ὑλήωροι ἀπόπροθεν ἐστιχόωντο,",tlg0001.tlg001.perseus-grc2.xml
Argonautica,tlg001,1,1228,ἡ δὲ νέον κρήνης ἀνεδύετο καλλινάοιο,ἡ δὲ νέον κρήνης ἀνεδύετο καλλινάοιο,tlg0001.tlg001.perseus-grc2.xml
Argonautica,tlg001,1,1229,νύμφη ἐφυδατίη· τὸν δὲ σχεδὸν εἰσενόησεν,νύμφη ἐφυδατίη· τὸν δὲ σχεδὸν εἰσενόησεν,tlg0001.tlg001.perseus-grc2.xml
Argonautica,tlg001,1,1230,κάλλεϊ καὶ γλυκερῇσιν ἐρευθόμενον χαρίτεσσιν.,κάλλεϊ καὶ γλυκερῇσιν ἐρευθόμενον χαρίτεσσιν.,tlg0001.tlg001.perseus-grc2.xml
Argonautica,tlg001,1,1231,πρὸς γάρ οἱ διχόμηνις ἀπʼ αἰθέρος αὐγάζουσα,πρὸς γάρ οἱ διχόμηνις ἀπ’ αἰθέρος αὐγάζουσα,tlg0001.tlg001.perseus-grc2.xml
Argonautica,tlg001,1,1232,βάλλε σεληναίη. τὴν δὲ φρένας ἐπτοίησεν,βάλλε σεληναίη. τὴν δὲ φρένας ἐπτοίησεν,tlg0001.tlg001.perseus-grc2.xml
Argonautica,tlg001,1,1233,"Κύπρις, ἀμηχανίῃ δὲ μόλις συναγείρατο θυμόν.","Κύπρις, ἀμηχανίῃ δὲ μόλις συναγείρατο θυμόν.",tlg0001.tlg001.perseus-grc2.xml
Argonautica,tlg001,1,1234,αὐτὰρ ὅγʼ ὡς τὰ πρῶτα ῥόῳ ἔνι κάλπιν ἔρεισεν,αὐτὰρ ὅγ’ ὡς τὰ πρῶτα ῥόῳ ἔνι κάλπιν ἔρεισεν,tlg0001.tlg001.perseus-grc2.xml
Argonautica,tlg001,1,1235,"λέχρις ἐπιχριμφθείς, περὶ δʼ ἄσπετον ἔβραχεν ὕδωρ","λέχρις ἐπιχριμφθείς, περὶ δ’ ἄσπετον ἔβραχεν ὕδωρ",tlg0001.tlg001.perseus-grc2.xml
Argonautica,tlg001,1,1236,"χαλκὸν ἐς ἠχήεντα φορεύμενον, αὐτίκα δʼ ἥγε","χαλκὸν ἐς ἠχήεντα φορεύμενον, αὐτίκα δ’ ἥγε",tlg0001.tlg001.perseus-grc2.xml
Argonautica,tlg001,1,1237,λαιὸν μὲν καθύπερθεν ἐπʼ αὐχένος ἄνθετο πῆχυν,λαιὸν μὲν καθύπερθεν ἐπ’ αὐχένος ἄνθετο πῆχυν,tlg0001.tlg001.perseus-grc2.xml
Argonautica,tlg001,1,1238,κύσσαι ἐπιθύουσα τέρεν στόμα· δεξιτερῇ δὲ,κύσσαι ἐπιθύουσα τέρεν στόμα· δεξιτερῇ δὲ,tlg0001.tlg001.perseus-grc2.xml
Argonautica,tlg001,1,1239,"ἀγκῶνʼ ἔσπασε χειρί, μέσῃ δʼ ἐνικάββαλε δίνῃ.","ἀγκῶν’ ἔσπασε χειρί, μέσῃ δ’ ἐνικάββαλε δίνῃ.",tlg0001.tlg001.perseus-grc2.xml
Argonautica,tlg001,1,1240,τοῦ δʼ ἥρως ἰάχοντος ἐπέκλυεν οἶος ἑταίρων,τοῦ δ’ ἥρως ἰάχοντος ἐπέκλυεν οἶος ἑταίρων,tlg0001.tlg001.perseus-grc2.xml
Argonautica,tlg001,1,1241,"Εἰλατίδης Πολύφημος, ἰὼν προτέρωσε κελεύθου,","Εἰλατίδης Πολύφημος, ἰὼν προτέρωσε κελεύθου,",tlg0001.tlg001.perseus-grc2.xml
Argonautica,tlg001,1,1242,"δέκτο γὰρ Ἡρακλῆα πελώριον, ὁππόθʼ ἵκοιτο.","δέκτο γὰρ Ἡρακλῆα πελώριον, ὁππόθ’ ἵκοιτο.",tlg0001.tlg001.perseus-grc2.xml
Argonautica,tlg001,1,1243,"βῆ δὲ μεταΐξας Πηγέων σχεδόν, ἠύτε τις θὴρ","βῆ δὲ μεταΐξας Πηγέων σχεδόν, ἠύτε τις θὴρ",tlg0001.tlg001.perseus-grc2.xml
Argonautica,tlg001,1,1244,"ἄγριος, ὅν ῥά τε γῆρυς ἀπόπροθεν ἵκετο μήλων,","ἄγριος, ὅν ῥά τε γῆρυς ἀπόπροθεν ἵκετο μήλων,",tlg0001.tlg001.perseus-grc2.xml
Argonautica,tlg001,1,1245,"λιμῷ δʼ αἰθόμενος μετανίσσεται, οὐδʼ ἐπέκυρσεν","λιμῷ δ’ αἰθόμενος μετανίσσεται, οὐδ’ ἐπέκυρσεν",tlg0001.tlg001.perseus-grc2.xml
Argonautica,tlg001,1,1246,ποίμνῃσιν· πρὸ γὰρ αὐτοὶ ἐνὶ σταθμοῖσι νομῆες,ποίμνῃσιν· πρὸ γὰρ αὐτοὶ ἐνὶ σταθμοῖσι νομῆες,tlg0001.tlg001.perseus-grc2.xml
Argonautica,tlg001,1,1247,"ἔλσαν· ὁ δὲ στενάχων βρέμει ἄσπετον, ὄφρα κάμῃσιν·","ἔλσαν· ὁ δὲ στενάχων βρέμει ἄσπετον, ὄφρα κάμῃσιν·",tlg0001.tlg001.perseus-grc2.xml
Argonautica,tlg001,1,1248,"ὧς τότʼ ἄρʼ Εἰλατίδης μεγάλʼ ἔστενεν, ἀμφὶ δὲ χῶρον","ὧς τότ’ ἄρ’ Εἰλατίδης μεγάλ’ ἔστενεν, ἀμφὶ δὲ χῶρον",tlg0001.tlg001.perseus-grc2.xml
Argonautica,tlg001,1,1249,φοίτα κεκληγώς· μελέη δέ οἱ ἔπλετο φωνή.,φοίτα κεκληγώς· μελέη δέ οἱ ἔπλετο φωνή.,tlg0001.tlg001.perseus-grc2.xml
Argonautica,tlg001,1,1250,"αἶψα δʼ ἐρυσσάμενος μέγα φάσγανον ὦρτο δίεσθαι,","αἶψα δ’ ἐρυσσάμενος μέγα φάσγανον ὦρτο δίεσθαι,",tlg0001.tlg001.perseus-grc2.xml
Argonautica,tlg001,1,1251,"μήπως ἢ θήρεσσιν ἕλωρ πέλοι, ἠέ μιν ἄνδρες","μήπως ἢ θήρεσσιν ἕλωρ πέλοι, ἠέ μιν ἄνδρες",tlg0001.tlg001.perseus-grc2.xml
Argonautica,tlg001,1,1252,"μοῦνον ἐόντʼ ἐλόχησαν, ἄγουσι δὲ ληίδʼ ἑτοίμην.","μοῦνον ἐόντ’ ἐλόχησαν, ἄγουσι δὲ ληίδ’ ἑτοίμην.",tlg0001.tlg001.perseus-grc2.xml
Argonautica,tlg001,1,1253,ἔνθʼ αὐτῷ ξύμβλητο κατὰ στίβον Ἡρακλῆι,ἔνθ’ αὐτῷ ξύμβλητο κατὰ στίβον Ἡρακλῆι,tlg0001.tlg001.perseus-grc2.xml
Argonautica,tlg001,1,1254,γυμνὸν ἐπαΐσσων παλάμῃ ξίφος· εὖ δέ μιν ἔγνω,γυμνὸν ἐπαΐσσων παλάμῃ ξίφος· εὖ δέ μιν ἔγνω,tlg0001.tlg001.perseus-grc2.xml
Argonautica,tlg001,1,1255,σπερχόμενον μετὰ νῆα διὰ κνέφας. αὐτίκα δʼ ἄτην,σπερχόμενον μετὰ νῆα διὰ κνέφας. αὐτίκα δ’ ἄτην,tlg0001.tlg001.perseus-grc2.xml
Argonautica,tlg001,1,1256,"ἔκφατο λευγαλέην, βεβαρημένος ἄσθματι θυμόν·","ἔκφατο λευγαλέην, βεβαρημένος ἄσθματι θυμόν·",tlg0001.tlg001.perseus-grc2.xml
Argonautica,tlg001,1,1257,"δαιμόνιε, στυγερόν τοι ἄχος πάμπρωτος ἐνίψω.","δαιμόνιε, στυγερόν τοι ἄχος πάμπρωτος ἐνίψω.",tlg0001.tlg001.perseus-grc2.xml
Argonautica,tlg001,1,1258,οὐ γὰρ Ὕλας κρήνηνδε κιὼν σόος αὖτις ἱκάνει.,οὐ γὰρ Ὕλας κρήνηνδε κιὼν σόος αὖτις ἱκάνει.,tlg0001.tlg001.perseus-grc2.xml
Argonautica,tlg001,1,1259,"ἀλλά ἑ ληιστῆρες ἐνιχρίμψαντες ἄγουσιν,","ἀλλά ἑ ληιστῆρες ἐνιχρίμψαντες ἄγουσιν,",tlg0001.tlg001.perseus-grc2.xml
Argonautica,tlg001,1,1260,ἢ θῆρες σίνονται· ἐγὼ δʼ ἰάχοντος ἄκουσα.,ἢ θῆρες σίνονται· ἐγὼ δ’ ἰάχοντος ἄκουσα.,tlg0001.tlg001.perseus-grc2.xml
Argonautica,tlg001,1,1261,ὧς φάτο· τῷ δʼ ἀίοντι κατὰ κροτάφων ἅλις ἱδρὼς,ὧς φάτο· τῷ δ’ ἀίοντι κατὰ κροτάφων ἅλις ἱδρὼς,tlg0001.tlg001.perseus-grc2.xml
Argonautica,tlg001,1,1262,"κήκιεν, ἐν δὲ κελαινὸν ὑπὸ σπλάγχνοις ζέεν αἷμα.","κήκιεν, ἐν δὲ κελαινὸν ὑπὸ σπλάγχνοις ζέεν αἷμα.",tlg0001.tlg001.perseus-grc2.xml
Argonautica,tlg001,1,1263,"χωόμενος δʼ ἐλάτην χαμάδις βάλεν, ἐς δὲ κέλευθον","χωόμενος δ’ ἐλάτην χαμάδις βάλεν, ἐς δὲ κέλευθον",tlg0001.tlg001.perseus-grc2.xml
Argonautica,tlg001,1,1264,"τὴν θέεν, ᾗ πόδες αὐτὸν ὑπέκφερον ἀίσσοντα.","τὴν θέεν, ᾗ πόδες αὐτὸν ὑπέκφερον ἀίσσοντα.",tlg0001.tlg001.perseus-grc2.xml
Argonautica,tlg001,1,1265,ὡς δʼ ὅτε τίς τε μύωπι τετυμμένος ἔσσυτο ταῦρος,ὡς δ’ ὅτε τίς τε μύωπι τετυμμένος ἔσσυτο ταῦρος,tlg0001.tlg001.perseus-grc2.xml
Argonautica,tlg001,1,1266,"πίσεά τε προλιπὼν καὶ ἑλεσπίδας, οὐδὲ νομήων","πίσεά τε προλιπὼν καὶ ἑλεσπίδας, οὐδὲ νομήων",tlg0001.tlg001.perseus-grc2.xml
Argonautica,tlg001,1,1267,"οὐδʼ ἀγέλης ὄθεται, πρήσσει δʼ ὁδόν, ἄλλοτʼ ἄπαυστος,","οὐδ’ ἀγέλης ὄθεται, πρήσσει δ’ ὁδόν, ἄλλοτ’ ἄπαυστος,",tlg0001.tlg001.perseus-grc2.xml
Argonautica,tlg001,1,1268,"ἄλλοτε δʼ ἱστάμενος, καὶ ἀνὰ πλατὺν αὐχένʼ ἀείρων","ἄλλοτε δ’ ἱστάμενος, καὶ ἀνὰ πλατὺν αὐχέν’ ἀείρων",tlg0001.tlg001.perseus-grc2.xml
Argonautica,tlg001,1,1269,"ἵησιν μύκημα, κακῷ βεβολημένος οἴστρῳ·","ἵησιν μύκημα, κακῷ βεβολημένος οἴστρῳ·",tlg0001.tlg001.perseus-grc2.xml
Argonautica,tlg001,1,1270,ὧς ὅγε μαιμώων ὁτὲ μὲν θοὰ γούνατʼ ἔπαλλεν,ὧς ὅγε μαιμώων ὁτὲ μὲν θοὰ γούνατ’ ἔπαλλεν,tlg0001.tlg001.perseus-grc2.xml
Argonautica,tlg001,1,1271,"συνεχέως, ὁτὲ δʼ αὖτε μεταλλήγων καμάτοιο","συνεχέως, ὁτὲ δ’ αὖτε μεταλλήγων καμάτοιο",tlg0001.tlg001.perseus-grc2.xml
Argonautica,tlg001,1,1272,τῆλε διαπρύσιον μεγάλῃ βοάασκεν ἀυτῇ.,τῆλε διαπρύσιον μεγάλῃ βοάασκεν ἀυτῇ.,tlg0001.tlg001.perseus-grc2.xml
Argonautica,tlg001,1,1273,αὐτίκα δʼ ἀκροτάτας ὑπερέσχεθεν ἄκριας ἀστὴρ,αὐτίκα δ’ ἀκροτάτας ὑπερέσχεθεν ἄκριας ἀστὴρ,tlg0001.tlg001.perseus-grc2.xml
Argonautica,tlg001,1,1274,"ἠῷος, πνοιαὶ δὲ κατήλυθον· ὦκα δὲ Τῖφυς","ἠῷος, πνοιαὶ δὲ κατήλυθον· ὦκα δὲ Τῖφυς",tlg0001.tlg001.perseus-grc2.xml
Argonautica,tlg001,1,1275,"ἐσβαίνειν ὀρόθυνεν, ἐπαύρεσθαί τʼ ἀνέμοιο.","ἐσβαίνειν ὀρόθυνεν, ἐπαύρεσθαί τ’ ἀνέμοιο.",tlg0001.tlg001.perseus-grc2.xml
Argonautica,tlg001,1,1276,οἱ δʼ εἴσβαινον ἄφαρ λελιημένοι· ὕψι δὲ νηὸς,οἱ δ’ εἴσβαινον ἄφαρ λελιημένοι· ὕψι δὲ νηὸς,tlg0001.tlg001.perseus-grc2.xml
Argonautica,tlg001,1,1277,εὐναίας ἐρύσαντες ἀνεκρούσαντο κάλωας.,εὐναίας ἐρύσαντες ἀνεκρούσαντο κάλωας.,tlg0001.tlg001.perseus-grc2.xml
Argonautica,tlg001,1,1278,"κυρτώθη δʼ ἀνέμῳ λίνα μεσσόθι, τῆλε δʼ ἀπʼ ἀκτῆς","κυρτώθη δ’ ἀνέμῳ λίνα μεσσόθι, τῆλε δ’ ἀπ’ ἀκτῆς",tlg0001.tlg001.perseus-grc2.xml
Argonautica,tlg001,1,1279,γηθόσυνοι φορέοντο παραὶ Ποσιδήιον ἄκρην.,γηθόσυνοι φορέοντο παραὶ Ποσιδήιον ἄκρην.,tlg0001.tlg001.perseus-grc2.xml
Argonautica,tlg001,1,1280,ἦμος δʼ οὐρανόθεν χαροπὴ ὑπολάμπεται ἠὼς,ἦμος δ’ οὐρανόθεν χαροπὴ ὑπολάμπεται ἠὼς,tlg0001.tlg001.perseus-grc2.xml
Argonautica,tlg001,1,1281,"ἐκ περάτης ἀνιοῦσα, διαγλαύσσουσι δʼ ἀταρποί,","ἐκ περάτης ἀνιοῦσα, διαγλαύσσουσι δ’ ἀταρποί,",tlg0001.tlg001.perseus-grc2.xml
Argonautica,tlg001,1,1282,"καὶ πεδία δροσόεντα φαεινῇ λάμπεται αἴγλῃ,","καὶ πεδία δροσόεντα φαεινῇ λάμπεται αἴγλῃ,",tlg0001.tlg001.perseus-grc2.xml
Argonautica,tlg001,1,1283,τῆμος τούσγʼ ἐνόησαν ἀιδρείῃσι λιπόντες.,τῆμος τούσγ’ ἐνόησαν ἀιδρείῃσι λιπόντες.,tlg0001.tlg001.perseus-grc2.xml
Argonautica,tlg001,1,1284,"ἐν δέ σφιν κρατερὸν νεῖκος πέσεν, ἐν δὲ κολῳὸς","ἐν δέ σφιν κρατερὸν νεῖκος πέσεν, ἐν δὲ κολῳὸς",tlg0001.tlg001.perseus-grc2.xml
Argonautica,tlg001,1,1285,"ἄσπετος, εἰ τὸν ἄριστον ἀποπρολιπόντες ἔβησαν","ἄσπετος, εἰ τὸν ἄριστον ἀποπρολιπόντες ἔβησαν",tlg0001.tlg001.perseus-grc2.xml
Argonautica,tlg001,1,1286,σφωιτέρων ἑτάρων. ὁ δʼ ἀμηχανίῃσιν ἀτυχθεὶς,σφωιτέρων ἑτάρων. ὁ δ’ ἀμηχανίῃσιν ἀτυχθεὶς,tlg0001.tlg001.perseus-grc2.xml
Argonautica,tlg001,1,1287,"οὔτε τι τοῖον ἔπος μετεφώνεεν, οὔτε τι τοῖον","οὔτε τι τοῖον ἔπος μετεφώνεεν, οὔτε τι τοῖον",tlg0001.tlg001.perseus-grc2.xml
Argonautica,tlg001,1,1288,Αἰσονίδης· ἀλλʼ ἧστο βαρείῃ νειόθεν ἄτῃ,Αἰσονίδης· ἀλλ’ ἧστο βαρείῃ νειόθεν ἄτῃ,tlg0001.tlg001.perseus-grc2.xml
Argonautica,tlg001,1,1289,"θυμὸν ἔδων· Τελαμῶνα δʼ ἕλεν χόλος, ὧδέ τʼ ἔειπεν·","θυμὸν ἔδων· Τελαμῶνα δ’ ἕλεν χόλος, ὧδέ τ’ ἔειπεν·",tlg0001.tlg001.perseus-grc2.xml
Argonautica,tlg001,1,1290,"ἧσʼ αὔτως εὔκηλος, ἐπεί νύ τοι ἄρμενον ἦεν","ἧσ’ αὔτως εὔκηλος, ἐπεί νύ τοι ἄρμενον ἦεν",tlg0001.tlg001.perseus-grc2.xml
Argonautica,tlg001,1,1291,"Ἡρακλῆα λιπεῖν· σέο δʼ ἔκτοθι μῆτις ὄρωρεν,","Ἡρακλῆα λιπεῖν· σέο δ’ ἔκτοθι μῆτις ὄρωρεν,",tlg0001.tlg001.perseus-grc2.xml
Argonautica,tlg001,1,1292,"ὄφρα τὸ κείνου κῦδος ἀνʼ Ἑλλάδα μή σε καλύψῃ,","ὄφρα τὸ κείνου κῦδος ἀν’ Ἑλλάδα μή σε καλύψῃ,",tlg0001.tlg001.perseus-grc2.xml
Argonautica,tlg001,1,1293,αἴ κε θεοὶ δώωσιν ὑπότροπον οἴκαδε νόστον.,αἴ κε θεοὶ δώωσιν ὑπότροπον οἴκαδε νόστον.,tlg0001.tlg001.perseus-grc2.xml
Argonautica,tlg001,1,1294,ἀλλὰ τί μύθων ἦδος; ἐπεὶ καὶ νόσφιν ἑταίρων,ἀλλὰ τί μύθων ἦδος; ἐπεὶ καὶ νόσφιν ἑταίρων,tlg0001.tlg001.perseus-grc2.xml
Argonautica,tlg001,1,1295,"εἶμι τεῶν, οἳ τόνγε δόλον συνετεκτήναντο.","εἶμι τεῶν, οἳ τόνγε δόλον συνετεκτήναντο.",tlg0001.tlg001.perseus-grc2.xml
Argonautica,tlg001,1,1296,"ἦ, καὶ ἐς Ἁγνιάδην Τῖφυν θόρε· τὼ δέ οἱ ὄσσε","ἦ, καὶ ἐς Ἁγνιάδην Τῖφυν θόρε· τὼ δέ οἱ ὄσσε",tlg0001.tlg001.perseus-grc2.xml
Argonautica,tlg001,1,1297,ὄστλιγγες μαλεροῖο πυρὸς ὣς ἰνδάλλοντο.,ὄστλιγγες μαλεροῖο πυρὸς ὣς ἰνδάλλοντο.,tlg0001.tlg001.perseus-grc2.xml
Argonautica,tlg001,1,1298,καί νύ κεν ἂψ ὀπίσω Μυσῶν ἐπὶ γαῖαν ἵκοντο,καί νύ κεν ἂψ ὀπίσω Μυσῶν ἐπὶ γαῖαν ἵκοντο,tlg0001.tlg001.perseus-grc2.xml
Argonautica,tlg001,1,1299,"λαῖτμα βιησάμενοι ἀνέμου τʼ ἄλληκτον ἰωήν,","λαῖτμα βιησάμενοι ἀνέμου τ’ ἄλληκτον ἰωήν,",tlg0001.tlg001.perseus-grc2.xml
Argonautica,tlg001,1,1300,εἰ μὴ Θρηικίοιο δύω υἷες Βορέαο,εἰ μὴ Θρηικίοιο δύω υἷες Βορέαο,tlg0001.tlg001.perseus-grc2.xml
Argonautica,tlg001,1,1301,"Αἰακίδην χαλεποῖσιν ἐρητύεσκον ἔπεσσιν,","Αἰακίδην χαλεποῖσιν ἐρητύεσκον ἔπεσσιν,",tlg0001.tlg001.perseus-grc2.xml
Argonautica,tlg001,1,1302,σχέτλιοι· ἦ τέ σφιν στυγερὴ τίσις ἔπλετʼ ὀπίσσω,σχέτλιοι· ἦ τέ σφιν στυγερὴ τίσις ἔπλετ’ ὀπίσσω,tlg0001.tlg001.perseus-grc2.xml
Argonautica,tlg001,1,1303,"χερσὶν ὑφʼ Ἡρακλῆος, ὅ μιν δίζεσθαι ἔρυκον.","χερσὶν ὑφ’ Ἡρακλῆος, ὅ μιν δίζεσθαι ἔρυκον.",tlg0001.tlg001.perseus-grc2.xml
Argonautica,tlg001,1,1304,ἄθλων γὰρ Πελίαο δεδουπότος ἂψ ἀνιόντας,ἄθλων γὰρ Πελίαο δεδουπότος ἂψ ἀνιόντας,tlg0001.tlg001.perseus-grc2.xml
Argonautica,tlg001,1,1305,"τήνῳ ἐν ἀμφιρύτῃ πέφνεν, καὶ ἀμήσατο γαῖαν","τήνῳ ἐν ἀμφιρύτῃ πέφνεν, καὶ ἀμήσατο γαῖαν",tlg0001.tlg001.perseus-grc2.xml
Argonautica,tlg001,1,1306,"ἀμφʼ αὐτοῖς, στήλας τε δύω καθύπερθεν ἔτευξεν,","ἀμφ’ αὐτοῖς, στήλας τε δύω καθύπερθεν ἔτευξεν,",tlg0001.tlg001.perseus-grc2.xml
Argonautica,tlg001,1,1307,"ὧν ἑτέρη, θάμβος περιώσιον ἀνδράσι λεύσσειν,","ὧν ἑτέρη, θάμβος περιώσιον ἀνδράσι λεύσσειν,",tlg0001.tlg001.perseus-grc2.xml
Argonautica,tlg001,1,1308,κίνυται ἠχήεντος ὑπὸ πνοιῇ βορέαο.,κίνυται ἠχήεντος ὑπὸ πνοιῇ βορέαο.,tlg0001.tlg001.perseus-grc2.xml
Argonautica,tlg001,1,1309,καὶ τὰ μὲν ὧς ἤμελλε μετὰ χρόνον ἐκτελέεσθαι.,καὶ τὰ μὲν ὧς ἤμελλε μετὰ χρόνον ἐκτελέεσθαι.,tlg0001.tlg001.perseus-grc2.xml
Argonautica,tlg001,1,1310,"τοῖσιν δὲ Γλαῦκος βρυχίης ἁλὸς ἐξεφαάνθη,","τοῖσιν δὲ Γλαῦκος βρυχίης ἁλὸς ἐξεφαάνθη,",tlg0001.tlg001.perseus-grc2.xml
Argonautica,tlg001,1,1311,Νηρῆος θείοιο πολυφράδμων ὑποφήτης·,Νηρῆος θείοιο πολυφράδμων ὑποφήτης·,tlg0001.tlg001.perseus-grc2.xml
Argonautica,tlg001,1,1312,ὕψι δὲ λαχνῆέν τε κάρη καὶ στήθεʼ ἀείρας,ὕψι δὲ λαχνῆέν τε κάρη καὶ στήθε’ ἀείρας,tlg0001.tlg001.perseus-grc2.xml
Argonautica,tlg001,1,1313,νειόθεν ἐκ λαγόνων στιβαρῇ ἐπορέξατο χειρὶ,νειόθεν ἐκ λαγόνων στιβαρῇ ἐπορέξατο χειρὶ,tlg0001.tlg001.perseus-grc2.xml
Argonautica,tlg001,1,1314,"νηίου ὁλκαίοιο, καὶ ἴαχεν ἐσσυμένοισιν·","νηίου ὁλκαίοιο, καὶ ἴαχεν ἐσσυμένοισιν·",tlg0001.tlg001.perseus-grc2.xml
Argonautica,tlg001,1,1315,τίπτε παρὲκ μεγάλοιο Διὸς μενεαίνετε βουλὴν,τίπτε παρὲκ μεγάλοιο Διὸς μενεαίνετε βουλὴν,tlg0001.tlg001.perseus-grc2.xml
Argonautica,tlg001,1,1316,Αἰήτεω πτολίεθρον ἄγειν θρασὺν Ἡρακλῆα;,Αἰήτεω πτολίεθρον ἄγειν θρασὺν Ἡρακλῆα;,tlg0001.tlg001.perseus-grc2.xml
Argonautica,tlg001,1,1317,Ἄργεΐ οἱ μοῖρʼ ἐστὶν ἀτασθάλῳ Εὐρυσθῆι,Ἄργεΐ οἱ μοῖρ’ ἐστὶν ἀτασθάλῳ Εὐρυσθῆι,tlg0001.tlg001.perseus-grc2.xml
Argonautica,tlg001,1,1318,"ἐκπλῆσαι μογέοντα δυώδεκα πάντας ἀέθλους,","ἐκπλῆσαι μογέοντα δυώδεκα πάντας ἀέθλους,",tlg0001.tlg001.perseus-grc2.xml
Argonautica,tlg001,1,1319,"ναίειν δʼ ἀθανάτοισι συνέστιον, εἴ κʼ ἔτι παύρους","ναίειν δ’ ἀθανάτοισι συνέστιον, εἴ κ’ ἔτι παύρους",tlg0001.tlg001.perseus-grc2.xml
Argonautica,tlg001,1,1320,ἐξανύσῃ· τῶ μή τι ποθὴ κείνοιο πελέσθω.,ἐξανύσῃ· τῶ μή τι ποθὴ κείνοιο πελέσθω.,tlg0001.tlg001.perseus-grc2.xml
Argonautica,tlg001,1,1321,αὔτως δʼ αὖ Πολύφημον ἐπὶ προχοῇσι Κίοιο,αὔτως δ’ αὖ Πολύφημον ἐπὶ προχοῇσι Κίοιο,tlg0001.tlg001.perseus-grc2.xml
Argonautica,tlg001,1,1322,πέπρωται Μυσοῖσι περικλεὲς ἄστυ καμόντα,πέπρωται Μυσοῖσι περικλεὲς ἄστυ καμόντα,tlg0001.tlg001.perseus-grc2.xml
Argonautica,tlg001,1,1323,μοῖραν ἀναπλήσειν Χαλύβων ἐν ἀπείρονι γαίῃ.,μοῖραν ἀναπλήσειν Χαλύβων ἐν ἀπείρονι γαίῃ.,tlg0001.tlg001.perseus-grc2.xml
Argonautica,tlg001,1,1324,αὐτὰρ Ὕλαν φιλότητι θεὰ ποιήσατο νύμφη,αὐτὰρ Ὕλαν φιλότητι θεὰ ποιήσατο νύμφη,tlg0001.tlg001.perseus-grc2.xml
Argonautica,tlg001,1,1325,"ὃν πόσιν, οἷό περ οὕνεκʼ ἀποπλαγχθέντες ἔλειφθεν.","ὃν πόσιν, οἷό περ οὕνεκ’ ἀποπλαγχθέντες ἔλειφθεν.",tlg0001.tlg001.perseus-grc2.xml
Argonautica,tlg001,1,1326,"ἦ, καὶ κῦμʼ ἀλίαστον ἐφέσσατο νειόθι δύψας·","ἦ, καὶ κῦμ’ ἀλίαστον ἐφέσσατο νειόθι δύψας·",tlg0001.tlg001.perseus-grc2.xml
Argonautica,tlg001,1,1327,ἀμφὶ δέ οἱ δίνῃσι κυκώμενον ἄφρεεν ὕδωρ,ἀμφὶ δέ οἱ δίνῃσι κυκώμενον ἄφρεεν ὕδωρ,tlg0001.tlg001.perseus-grc2.xml
Argonautica,tlg001,1,1328,"πορφύρεον, κοίλην δὲ διὲξ ἁλὸς ἔκλυσε νῆα.","πορφύρεον, κοίλην δὲ διὲξ ἁλὸς ἔκλυσε νῆα.",tlg0001.tlg001.perseus-grc2.xml
Argonautica,tlg001,1,1329,γήθησαν δʼ ἥρωες· ὁ δʼ ἐσσυμένως ἐβεβήκει,γήθησαν δ’ ἥρωες· ὁ δ’ ἐσσυμένως ἐβεβήκει,tlg0001.tlg001.perseus-grc2.xml
Argonautica,tlg001,1,1330,"Αἰακίδης Τελαμὼν ἐς Ἰήσονα, χεῖρα δὲ χειρὶ","Αἰακίδης Τελαμὼν ἐς Ἰήσονα, χεῖρα δὲ χειρὶ",tlg0001.tlg001.perseus-grc2.xml
Argonautica,tlg001,1,1331,"ἄκρην ἀμφιβαλὼν προσπτύξατο, φώνησέν τε·","ἄκρην ἀμφιβαλὼν προσπτύξατο, φώνησέν τε·",tlg0001.tlg001.perseus-grc2.xml
Argonautica,tlg001,1,1332,"Αἰσονίδη, μή μοί τι χολώσεαι, ἀφραδίῃσιν","Αἰσονίδη, μή μοί τι χολώσεαι, ἀφραδίῃσιν",tlg0001.tlg001.perseus-grc2.xml
Argonautica,tlg001,1,1333,εἴ τί περ ἀασάμην· πέρι γάρ μʼ ἄχος εἷλεν ἐνισπεῖν,εἴ τί περ ἀασάμην· πέρι γάρ μ’ ἄχος εἷλεν ἐνισπεῖν,tlg0001.tlg001.perseus-grc2.xml
Argonautica,tlg001,1,1334,"μῦθον ὑπερφίαλόν τε καὶ ἄσχετον, ἀλλʼ ἀνέμοισιν","μῦθον ὑπερφίαλόν τε καὶ ἄσχετον, ἀλλ’ ἀνέμοισιν",tlg0001.tlg001.perseus-grc2.xml
Argonautica,tlg001,1,1335,"δώομεν ἀμπλακίην, ὡς καὶ πάρος εὐμενέοντες.","δώομεν ἀμπλακίην, ὡς καὶ πάρος εὐμενέοντες.",tlg0001.tlg001.perseus-grc2.xml
Argonautica,tlg001,1,1336,τὸν δʼ αὖτʼ Αἴσονος υἱὸς ἐπιφραδέως προσέειπεν·,τὸν δ’ αὖτ’ Αἴσονος υἱὸς ἐπιφραδέως προσέειπεν·,tlg0001.tlg001.perseus-grc2.xml
Argonautica,tlg001,1,1337,"ὦ πέπον, ἦ μάλα δή με κακῷ ἐκυδάσσαο μύθῳ,","ὦ πέπον, ἦ μάλα δή με κακῷ ἐκυδάσσαο μύθῳ,",tlg0001.tlg001.perseus-grc2.xml
Argonautica,tlg001,1,1338,φὰς ἐνὶ τοῖσιν ἅπασιν ἐνηέος ἀνδρὸς ἀλείτην,φὰς ἐνὶ τοῖσιν ἅπασιν ἐνηέος ἀνδρὸς ἀλείτην,tlg0001.tlg001.perseus-grc2.xml
Argonautica,tlg001,1,1339,"ἔμμεναι. ἀλλʼ οὐ θήν τοι ἀδευκέα μῆνιν ἀέξω,","ἔμμεναι. ἀλλ’ οὐ θήν τοι ἀδευκέα μῆνιν ἀέξω,",tlg0001.tlg001.perseus-grc2.xml
Argonautica,tlg001,1,1340,"πρίν περ ἀνιηθείς· ἐπεὶ οὐ περὶ πώεσι μήλων,","πρίν περ ἀνιηθείς· ἐπεὶ οὐ περὶ πώεσι μήλων,",tlg0001.tlg001.perseus-grc2.xml
Argonautica,tlg001,1,1341,"οὐδὲ περὶ κτεάτεσσι χαλεψάμενος μενέηνας,","οὐδὲ περὶ κτεάτεσσι χαλεψάμενος μενέηνας,",tlg0001.tlg001.perseus-grc2.xml
Argonautica,tlg001,1,1342,ἀλλʼ ἑτάρου περὶ φωτός. ἔολπα δέ τοι σὲ καὶ ἄλλῳ,ἀλλ’ ἑτάρου περὶ φωτός. ἔολπα δέ τοι σὲ καὶ ἄλλῳ,tlg0001.tlg001.perseus-grc2.xml
Argonautica,tlg001,1,1343,"ἀμφʼ ἐμεῦ, εἰ τοιόνδε πέλοι ποτέ, δηρίσασθαι.","ἀμφ’ ἐμεῦ, εἰ τοιόνδε πέλοι ποτέ, δηρίσασθαι.",tlg0001.tlg001.perseus-grc2.xml
Argonautica,tlg001,1,1344,"ἦ ῥα, καὶ ἀρθμηθέντες, ὅπῃ πάρος, ἑδριόωντο.","ἦ ῥα, καὶ ἀρθμηθέντες, ὅπῃ πάρος, ἑδριόωντο.",tlg0001.tlg001.perseus-grc2.xml
Argonautica,tlg001,1,1345,"τὼ δὲ Διὸς βουλῇσιν, ὁ μὲν Μυσοῖσι βαλέσθαι","τὼ δὲ Διὸς βουλῇσιν, ὁ μὲν Μυσοῖσι βαλέσθαι",tlg0001.tlg001.perseus-grc2.xml
Argonautica,tlg001,1,1346,μέλλεν ἐπώνυμον ἄστυ πολισσάμενος ποταμοῖο,μέλλεν ἐπώνυμον ἄστυ πολισσάμενος ποταμοῖο,tlg0001.tlg001.perseus-grc2.xml
Argonautica,tlg001,1,1347,Εἰλατίδης Πολύφημος· ὁ δʼ Εὐρυσθῆος ἀέθλους,Εἰλατίδης Πολύφημος· ὁ δ’ Εὐρυσθῆος ἀέθλους,tlg0001.tlg001.perseus-grc2.xml
Argonautica,tlg001,1,1348,αὖτις ἰὼν πονέεσθαι. ἐπηπείλησε δὲ γαῖαν,αὖτις ἰὼν πονέεσθαι. ἐπηπείλησε δὲ γαῖαν,tlg0001.tlg001.perseus-grc2.xml
Argonautica,tlg001,1,1349,"Μυσίδʼ ἀναστήσειν αὐτοσχεδόν, ὁππότε μή οἱ","Μυσίδ’ ἀναστήσειν αὐτοσχεδόν, ὁππότε μή οἱ",tlg0001.tlg001.perseus-grc2.xml
Argonautica,tlg001,1,1350,"ἢ ζωοῦ εὕροιεν Ὕλα μόρον, ἠὲ θανόντος.","ἢ ζωοῦ εὕροιεν Ὕλα μόρον, ἠὲ θανόντος.",tlg0001.tlg001.perseus-grc2.xml
Argonautica,tlg001,1,1351,τοῖο δὲ ῥύσιʼ ὄπασσαν ἀποκρίναντες ἀρίστους,τοῖο δὲ ῥύσι’ ὄπασσαν ἀποκρίναντες ἀρίστους,tlg0001.tlg001.perseus-grc2.xml
Argonautica,tlg001,1,1352,"υἱέας ἐκ δήμοιο, καὶ ὅρκια ποιήσαντο,","υἱέας ἐκ δήμοιο, καὶ ὅρκια ποιήσαντο,",tlg0001.tlg001.perseus-grc2.xml
Argonautica,tlg001,1,1353,μήποτε μαστεύοντες ἀπολλήξειν καμάτοιο.,μήποτε μαστεύοντες ἀπολλήξειν καμάτοιο.,tlg0001.tlg001.perseus-grc2.xml
Argonautica,tlg001,1,1354,"τούνεκεν εἰσέτι νῦν περ Ὕλαν ἐρέουσι Κιανοί,","τούνεκεν εἰσέτι νῦν περ Ὕλαν ἐρέουσι Κιανοί,",tlg0001.tlg001.perseus-grc2.xml
Argonautica,tlg001,1,1355,"κοῦρον Θειοδάμαντος, ἐυκτιμένης τε μέλονται","κοῦρον Θειοδάμαντος, ἐυκτιμένης τε μέλονται",tlg0001.tlg001.perseus-grc2.xml
Argonautica,tlg001,1,1356,"Τρηχῖνος. δὴ γάρ ῥα κατʼ αὐτόθι νάσσατο παῖδας,","Τρηχῖνος. δὴ γάρ ῥα κατ’ αὐτόθι νάσσατο παῖδας,",tlg0001.tlg001.perseus-grc2.xml
Argonautica,tlg001,1,1357,οὕς οἱ ῥύσια κεῖθεν ἐπιπροέηκαν ἄγεσθαι.,οὕς οἱ ῥύσια κεῖθεν ἐπιπροέηκαν ἄγεσθαι.,tlg0001.tlg001.perseus-grc2.xml
Argonautica,tlg001,1,1358,Νηῦν δὲ πανημερίην ἄνεμος φέρε νυκτί τε πάσῃ,Νηῦν δὲ πανημερίην ἄνεμος φέρε νυκτί τε πάσῃ,tlg0001.tlg001.perseus-grc2.xml
Argonautica,tlg001,1,1359,λάβρος ἐπιπνείων· ἀτὰρ οὐδʼ ἐπὶ τυτθὸν ἄητο,λάβρος ἐπιπνείων· ἀτὰρ οὐδ’ ἐπὶ τυτθὸν ἄητο,tlg0001.tlg001.perseus-grc2.xml
Argonautica,tlg001,1,1360,"ἠοῦς τελλομένης, οἱ δὲ χθονὸς εἰσανέχουσαν","ἠοῦς τελλομένης, οἱ δὲ χθονὸς εἰσανέχουσαν",tlg0001.tlg001.perseus-grc2.xml
Argonautica,tlg001,1,1361,ἀκτὴν ἐκ κόλποιο μάλʼ εὐρεῖαν ἐσιδέσθαι,ἀκτὴν ἐκ κόλποιο μάλ’ εὐρεῖαν ἐσιδέσθαι,tlg0001.tlg001.perseus-grc2.xml
Argonautica,tlg001,1,1362,"φρασσαμενοι, κώπῃσιν ἅμʼ ἠελίῳ ἐπέκελσαν","φρασσαμενοι, κώπῃσιν ἅμ’ ἠελίῳ ἐπέκελσαν",tlg0001.tlg001.perseus-grc2.xml
Argonautica,tlg001,2,1,"ἔνθα δʼ ἔσαν σταθμοί τε βοῶν αὖλίς τʼ Ἀμύκοιο,","ἔνθα δ’ ἔσαν σταθμοί τε βοῶν αὖλίς τ’ Ἀμύκοιο,",tlg0001.tlg001.perseus-grc2.xml
Argonautica,tlg001,2,2,"Βεβρύκων βασιλῆος ἀγήνορος, ὅν ποτε νύμφη","Βεβρύκων βασιλῆος ἀγήνορος, ὅν ποτε νύμφη",tlg0001.tlg001.perseus-grc2.xml
Argonautica,tlg001,2,3,τίκτε Ποσειδάωνι Γενεθλίῳ εὐνηθεῖσα,τίκτε Ποσειδάωνι Γενεθλίῳ εὐνηθεῖσα,tlg0001.tlg001.perseus-grc2.xml
Argonautica,tlg001,2,4,"Βιθυνὶς Μελίη, ὑπεροπληέστατον ἀνδρῶν·","Βιθυνὶς Μελίη, ὑπεροπληέστατον ἀνδρῶν·",tlg0001.tlg001.perseus-grc2.xml
Argonautica,tlg001,2,5,"ὅς τʼ ἐπὶ καὶ ξείνοισιν ἀεικέα θεσμὸν ἔθηκεν,","ὅς τ’ ἐπὶ καὶ ξείνοισιν ἀεικέα θεσμὸν ἔθηκεν,",tlg0001.tlg001.perseus-grc2.xml
Argonautica,tlg001,2,6,"μήτινʼ ἀποστείχειν, πρὶν πειρήσασθαι ἑοῖο","μήτιν’ ἀποστείχειν, πρὶν πειρήσασθαι ἑοῖο",tlg0001.tlg001.perseus-grc2.xml
Argonautica,tlg001,2,7,πυγμαχίης· πολέας δὲ περικτιόνων ἐδάιξεν.,πυγμαχίης· πολέας δὲ περικτιόνων ἐδάιξεν.,tlg0001.tlg001.perseus-grc2.xml
Argonautica,tlg001,2,8,"καὶ δὲ τότε προτὶ νῆα κιών, χρειώ μιν ἐρέσθαι","καὶ δὲ τότε προτὶ νῆα κιών, χρειώ μιν ἐρέσθαι",tlg0001.tlg001.perseus-grc2.xml
Argonautica,tlg001,2,9,"ναυτιλίης, οἵ τʼ εἶεν, ὑπερβασίῃσιν ἄτισσεν,","ναυτιλίης, οἵ τ’ εἶεν, ὑπερβασίῃσιν ἄτισσεν,",tlg0001.tlg001.perseus-grc2.xml
Argonautica,tlg001,2,10,τοῖον δʼ ἐν πάντεσσι παρασχεδὸν ἔκφατο μῦθον·,τοῖον δ’ ἐν πάντεσσι παρασχεδὸν ἔκφατο μῦθον·,tlg0001.tlg001.perseus-grc2.xml
Argonautica,tlg001,2,11,"Κέκλυθʼ, ἁλίπλαγκτοι, τάπερ ἴδμεναι ὔμμιν ἔοικεν.","Κέκλυθ’, ἁλίπλαγκτοι, τάπερ ἴδμεναι ὔμμιν ἔοικεν.",tlg0001.tlg001.perseus-grc2.xml
Argonautica,tlg001,2,12,οὔτινα θέσμιόν ἐστιν ἀφορμηθέντα νέεσθαι,οὔτινα θέσμιόν ἐστιν ἀφορμηθέντα νέεσθαι,tlg0001.tlg001.perseus-grc2.xml
Argonautica,tlg001,2,13,"ἀνδρῶν ὀθνείων, ὅς κεν Βέβρυξι πελάσσῃ,","ἀνδρῶν ὀθνείων, ὅς κεν Βέβρυξι πελάσσῃ,",tlg0001.tlg001.perseus-grc2.xml
Argonautica,tlg001,2,14,πρὶν χείρεσσιν ἐμῇσιν ἑὰς ἀνὰ χεῖρας ἀεῖραι.,πρὶν χείρεσσιν ἐμῇσιν ἑὰς ἀνὰ χεῖρας ἀεῖραι.,tlg0001.tlg001.perseus-grc2.xml
Argonautica,tlg001,2,15,τῶ καί μοι τὸν ἄριστον ἀποκριδὸν οἶον ὁμίλου,τῶ καί μοι τὸν ἄριστον ἀποκριδὸν οἶον ὁμίλου,tlg0001.tlg001.perseus-grc2.xml
Argonautica,tlg001,2,16,πυγμαχίῃ στήσασθε καταυτόθι δηρινθῆναι.,πυγμαχίῃ στήσασθε καταυτόθι δηρινθῆναι.,tlg0001.tlg001.perseus-grc2.xml
Argonautica,tlg001,2,17,"εἰ δʼ ἂν ἀπηλεγέοντες ἐμὰς πατέοιτε θέμιστας,","εἰ δ’ ἂν ἀπηλεγέοντες ἐμὰς πατέοιτε θέμιστας,",tlg0001.tlg001.perseus-grc2.xml
Argonautica,tlg001,2,18,ἦ κέν τις στυγερῶς κρατερὴ ἐπιέψετʼ ἀνάγκη.,ἦ κέν τις στυγερῶς κρατερὴ ἐπιέψετ’ ἀνάγκη.,tlg0001.tlg001.perseus-grc2.xml
Argonautica,tlg001,2,19,ἦ ῥα μέγα φρονέων· τοὺς δʼ ἄγριος εἰσαΐοντας,ἦ ῥα μέγα φρονέων· τοὺς δ’ ἄγριος εἰσαΐοντας,tlg0001.tlg001.perseus-grc2.xml
Argonautica,tlg001,2,20,εἷλε χόλος· περὶ δʼ αὖ Πολυδεύκεα τύψεν ὁμοκλη,εἷλε χόλος· περὶ δ’ αὖ Πολυδεύκεα τύψεν ὁμοκλη,tlg0001.tlg001.perseus-grc2.xml
Argonautica,tlg001,2,21,"αἶψα δʼ ἑῶν ἑτάρων πρόμος ἵστατο, φώνησέν τε·","αἶψα δ’ ἑῶν ἑτάρων πρόμος ἵστατο, φώνησέν τε·",tlg0001.tlg001.perseus-grc2.xml
Argonautica,tlg001,2,22,"ἴσχεο νῦν, μηδʼ ἄμμι κακήν, ὅτις εὔχεαι εἶναι,","ἴσχεο νῦν, μηδ’ ἄμμι κακήν, ὅτις εὔχεαι εἶναι,",tlg0001.tlg001.perseus-grc2.xml
Argonautica,tlg001,2,23,"φαῖνε βίην· θεσμοῖς γὰρ ὑπείξομεν, ὡς ἀγορεύεις.","φαῖνε βίην· θεσμοῖς γὰρ ὑπείξομεν, ὡς ἀγορεύεις.",tlg0001.tlg001.perseus-grc2.xml
Argonautica,tlg001,2,24,αὐτὸς ἑκὼν ἤδη τοι ὑπίσχομαι ἀντιάασθαι.,αὐτὸς ἑκὼν ἤδη τοι ὑπίσχομαι ἀντιάασθαι.,tlg0001.tlg001.perseus-grc2.xml
Argonautica,tlg001,2,25,"ὧς φάτʼ ἀπηλεγέως· ὁ δʼ ἐσέδρακεν ὄμμαθʼ ἑλίξας,","ὧς φάτ’ ἀπηλεγέως· ὁ δ’ ἐσέδρακεν ὄμμαθ’ ἑλίξας,",tlg0001.tlg001.perseus-grc2.xml
Argonautica,tlg001,2,26,"ὥστε λέων ὑπʼ ἄκοντι τετυμμένος, ὅν τʼ ἐν ὄρεσσιν","ὥστε λέων ὑπ’ ἄκοντι τετυμμένος, ὅν τ’ ἐν ὄρεσσιν",tlg0001.tlg001.perseus-grc2.xml
Argonautica,tlg001,2,27,ἀνέρες ἀμφιπένονται· ὁ δʼ ἰλλόμενός περ ὁμίλῳ,ἀνέρες ἀμφιπένονται· ὁ δ’ ἰλλόμενός περ ὁμίλῳ,tlg0001.tlg001.perseus-grc2.xml
Argonautica,tlg001,2,28,"τῶν μὲν ἔτʼ οὐκ ἀλέγει, ἐπὶ δʼ ὄσσεται οἰόθεν οἶον","τῶν μὲν ἔτ’ οὐκ ἀλέγει, ἐπὶ δ’ ὄσσεται οἰόθεν οἶον",tlg0001.tlg001.perseus-grc2.xml
Argonautica,tlg001,2,29,"ἄνδρα τόν, ὅς μιν ἔτυψε παροίτατος, οὐδʼ ἐδάμασσεν.","ἄνδρα τόν, ὅς μιν ἔτυψε παροίτατος, οὐδ’ ἐδάμασσεν.",tlg0001.tlg001.perseus-grc2.xml
Argonautica,tlg001,2,30,ἔνθʼ ἀπὸ Τυνδαρίδης μὲν ἐύστιπτον θέτο φᾶρος,ἔνθ’ ἀπὸ Τυνδαρίδης μὲν ἐύστιπτον θέτο φᾶρος,tlg0001.tlg001.perseus-grc2.xml
Argonautica,tlg001,2,31,"λεπταλέον, τό ῥά οἵ τις ἑὸν ξεινήιον εἶναι","λεπταλέον, τό ῥά οἵ τις ἑὸν ξεινήιον εἶναι",tlg0001.tlg001.perseus-grc2.xml
Argonautica,tlg001,2,32,ὤπασε Λημνιάδων· ὁ δʼ ἐρεμνὴν δίπτυχα λώπην,ὤπασε Λημνιάδων· ὁ δ’ ἐρεμνὴν δίπτυχα λώπην,tlg0001.tlg001.perseus-grc2.xml
Argonautica,tlg001,2,33,αὐτῇσιν περόνῃσι καλαύροπά τε τρηχεῖαν,αὐτῇσιν περόνῃσι καλαύροπά τε τρηχεῖαν,tlg0001.tlg001.perseus-grc2.xml
Argonautica,tlg001,2,34,"κάββαλε, τὴν φορέεσκεν, ὀριτρεφέος κοτίνοιο.","κάββαλε, τὴν φορέεσκεν, ὀριτρεφέος κοτίνοιο.",tlg0001.tlg001.perseus-grc2.xml
Argonautica,tlg001,2,35,αὐτίκα δʼ ἐγγύθι χῶρον ἑαδότα παπτήναντες,αὐτίκα δ’ ἐγγύθι χῶρον ἑαδότα παπτήναντες,tlg0001.tlg001.perseus-grc2.xml
Argonautica,tlg001,2,36,"ἷζον ἑοὺς δίχα πάντας ἐνὶ ψαμάθοισιν ἑταίρους,","ἷζον ἑοὺς δίχα πάντας ἐνὶ ψαμάθοισιν ἑταίρους,",tlg0001.tlg001.perseus-grc2.xml
Argonautica,tlg001,2,37,"οὐ δέμας, οὐδὲ φυὴν ἐναλίγκιοι εἰσοράασθαι.","οὐ δέμας, οὐδὲ φυὴν ἐναλίγκιοι εἰσοράασθαι.",tlg0001.tlg001.perseus-grc2.xml
Argonautica,tlg001,2,38,"ἀλλʼ ὁ μὲν ἢ ὀλοοῖο Τυφωέος, ἠὲ καὶ αὐτῆς","ἀλλ’ ὁ μὲν ἢ ὀλοοῖο Τυφωέος, ἠὲ καὶ αὐτῆς",tlg0001.tlg001.perseus-grc2.xml
Argonautica,tlg001,2,39,"γαίης εἶναι ἔικτο πέλωρ τέκος, οἷα πάροιθεν","γαίης εἶναι ἔικτο πέλωρ τέκος, οἷα πάροιθεν",tlg0001.tlg001.perseus-grc2.xml
Argonautica,tlg001,2,40,χωομένη Διὶ τίκτεν· ὁ δʼ οὐρανίῳ ἀτάλαντος,χωομένη Διὶ τίκτεν· ὁ δ’ οὐρανίῳ ἀτάλαντος,tlg0001.tlg001.perseus-grc2.xml
Argonautica,tlg001,2,41,"ἀστέρι Τυνδαρίδης, οὗπερ κάλλισται ἔασιν","ἀστέρι Τυνδαρίδης, οὗπερ κάλλισται ἔασιν",tlg0001.tlg001.perseus-grc2.xml
Argonautica,tlg001,2,42,ἑσπερίην διὰ νύκτα φαεινομένου ἀμαρυγαί.,ἑσπερίην διὰ νύκτα φαεινομένου ἀμαρυγαί.,tlg0001.tlg001.perseus-grc2.xml
Argonautica,tlg001,2,43,"τοῖος ἔην Διὸς υἱός, ἔτι χνοάοντας ἰούλους","τοῖος ἔην Διὸς υἱός, ἔτι χνοάοντας ἰούλους",tlg0001.tlg001.perseus-grc2.xml
Argonautica,tlg001,2,44,"ἀντέλλων, ἔτι φαιδρὸς ἐν ὄμμασιν. ἀλλά οἱ ἀλκὴ","ἀντέλλων, ἔτι φαιδρὸς ἐν ὄμμασιν. ἀλλά οἱ ἀλκὴ",tlg0001.tlg001.perseus-grc2.xml
Argonautica,tlg001,2,45,καὶ μένος ἠύτε θηρὸς ἀέξετο· πῆλε δὲ χεῖρας,καὶ μένος ἠύτε θηρὸς ἀέξετο· πῆλε δὲ χεῖρας,tlg0001.tlg001.perseus-grc2.xml
Argonautica,tlg001,2,46,"πειράζων, εἴθʼ ὡς πρὶν ἐυτρόχαλοι φορέονται,","πειράζων, εἴθ’ ὡς πρὶν ἐυτρόχαλοι φορέονται,",tlg0001.tlg001.perseus-grc2.xml
Argonautica,tlg001,2,47,μηδʼ ἄμυδις καμάτῳ τε καὶ εἰρεσίῃ βαρύθοιεν,μηδ’ ἄμυδις καμάτῳ τε καὶ εἰρεσίῃ βαρύθοιεν,tlg0001.tlg001.perseus-grc2.xml
Argonautica,tlg001,2,48,οὐ μὰν αὖτʼ Ἄμυκος πειρήσατο· σῖγα δʼ ἄπωθεν,οὐ μὰν αὖτ’ Ἄμυκος πειρήσατο· σῖγα δ’ ἄπωθεν,tlg0001.tlg001.perseus-grc2.xml
Argonautica,tlg001,2,49,"ἑστηὼς εἰς αὐτὸν ἔχʼ ὄμματα, καί οἱ ὀρέχθει","ἑστηὼς εἰς αὐτὸν ἔχ’ ὄμματα, καί οἱ ὀρέχθει",tlg0001.tlg001.perseus-grc2.xml
Argonautica,tlg001,2,50,θυμὸς ἐελδομένῳ στηθέων ἐξ αἷμα κεδάσσαι.,θυμὸς ἐελδομένῳ στηθέων ἐξ αἷμα κεδάσσαι.,tlg0001.tlg001.perseus-grc2.xml
Argonautica,tlg001,2,51,τοῖσι δὲ μεσσηγὺς θεράπων Ἀμύκοιο Λυκωρεὺς,τοῖσι δὲ μεσσηγὺς θεράπων Ἀμύκοιο Λυκωρεὺς,tlg0001.tlg001.perseus-grc2.xml
Argonautica,tlg001,2,52,θῆκε πάροιθε ποδῶν δοιοὺς ἑκάτερθεν ἱμάντας,θῆκε πάροιθε ποδῶν δοιοὺς ἑκάτερθεν ἱμάντας,tlg0001.tlg001.perseus-grc2.xml
Argonautica,tlg001,2,53,"ὠμούς, ἀζαλέους, περὶ δʼ οἵγʼ ἔσαν ἐσκληῶτες.","ὠμούς, ἀζαλέους, περὶ δ’ οἵγ’ ἔσαν ἐσκληῶτες.",tlg0001.tlg001.perseus-grc2.xml
Argonautica,tlg001,2,54,αὐτὰρ ὁ τόνγʼ ἐπέεσσιν ὑπερφιάλοισι μετηύδα·,αὐτὰρ ὁ τόνγ’ ἐπέεσσιν ὑπερφιάλοισι μετηύδα·,tlg0001.tlg001.perseus-grc2.xml
Argonautica,tlg001,2,55,"τῶνδέ τοι ὅν κʼ ἐθέλῃσθα, πάλου ἄτερ ἐγγυαλίξω","τῶνδέ τοι ὅν κ’ ἐθέλῃσθα, πάλου ἄτερ ἐγγυαλίξω",tlg0001.tlg001.perseus-grc2.xml
Argonautica,tlg001,2,56,"αὐτὸς ἑκών, ἵνα μή μοι ἀτέμβηαι μετόπισθεν.","αὐτὸς ἑκών, ἵνα μή μοι ἀτέμβηαι μετόπισθεν.",tlg0001.tlg001.perseus-grc2.xml
Argonautica,tlg001,2,57,"ἀλλὰ βάλευ περὶ χειρί· δαεὶς δέ κεν ἄλλῳ ἐνίσποις,","ἀλλὰ βάλευ περὶ χειρί· δαεὶς δέ κεν ἄλλῳ ἐνίσποις,",tlg0001.tlg001.perseus-grc2.xml
Argonautica,tlg001,2,58,ὅσσον ἐγὼ ῥινούς τε βοῶν περίειμι ταμέσθαι,ὅσσον ἐγὼ ῥινούς τε βοῶν περίειμι ταμέσθαι,tlg0001.tlg001.perseus-grc2.xml
Argonautica,tlg001,2,59,"ἀζαλέας, ἀνδρῶν τε παρηίδας αἵματι φύρσαι.","ἀζαλέας, ἀνδρῶν τε παρηίδας αἵματι φύρσαι.",tlg0001.tlg001.perseus-grc2.xml
Argonautica,tlg001,2,60,ὧς ἔφατʼ· αὐτὰρ ὅγʼ οὔτι παραβλήδην ἐρίδηνεν.,ὧς ἔφατ’· αὐτὰρ ὅγ’ οὔτι παραβλήδην ἐρίδηνεν.,tlg0001.tlg001.perseus-grc2.xml
Argonautica,tlg001,2,61,"ἦκα δὲ μειδήσας, οἵ οἱ παρὰ ποσσὶν ἔκειντο,","ἦκα δὲ μειδήσας, οἵ οἱ παρὰ ποσσὶν ἔκειντο,",tlg0001.tlg001.perseus-grc2.xml
Argonautica,tlg001,2,62,τοὺς ἕλεν ἀπροφάτως· τοῦ δʼ ἀντίος ἤλυθε Κάστωρ,τοὺς ἕλεν ἀπροφάτως· τοῦ δ’ ἀντίος ἤλυθε Κάστωρ,tlg0001.tlg001.perseus-grc2.xml
Argonautica,tlg001,2,63,ἠδὲ Βιαντιάδης Ταλαὸς μέγας· ὦκα δʼ ἱμάντας,ἠδὲ Βιαντιάδης Ταλαὸς μέγας· ὦκα δ’ ἱμάντας,tlg0001.tlg001.perseus-grc2.xml
Argonautica,tlg001,2,64,"ἀμφέδεον, μάλα πολλὰ παρηγορέοντες ἐς ἀλκήν.","ἀμφέδεον, μάλα πολλὰ παρηγορέοντες ἐς ἀλκήν.",tlg0001.tlg001.perseus-grc2.xml
Argonautica,tlg001,2,65,"τῷ δʼ αὖτʼ Ἄρητός τε καὶ Ὄρνυτος, οὐδέ τι ᾔδειν","τῷ δ’ αὖτ’ Ἄρητός τε καὶ Ὄρνυτος, οὐδέ τι ᾔδειν",tlg0001.tlg001.perseus-grc2.xml
Argonautica,tlg001,2,66,νήπιοι ὕστατα κεῖνα κακῇ δήσαντες ἐν αἴσῃ.,νήπιοι ὕστατα κεῖνα κακῇ δήσαντες ἐν αἴσῃ.,tlg0001.tlg001.perseus-grc2.xml
Argonautica,tlg001,2,67,"οἱ δʼ ἐπεὶ οὖν ἱμᾶσι διασταδὸν ἠρτύναντο,","οἱ δ’ ἐπεὶ οὖν ἱμᾶσι διασταδὸν ἠρτύναντο,",tlg0001.tlg001.perseus-grc2.xml
Argonautica,tlg001,2,68,αὐτίκʼ ἀνασχόμενοι ῥεθέων προπάροιθε βαρείας,αὐτίκ’ ἀνασχόμενοι ῥεθέων προπάροιθε βαρείας,tlg0001.tlg001.perseus-grc2.xml
Argonautica,tlg001,2,69,"χεῖρας, ἐπʼ ἀλλήλοισι μένος φέρον ἀντιόωντες.","χεῖρας, ἐπ’ ἀλλήλοισι μένος φέρον ἀντιόωντες.",tlg0001.tlg001.perseus-grc2.xml
Argonautica,tlg001,2,70,"ἔνθα δὲ Βεβρύκων μὲν ἄναξ, ἅ τε κῦμα θαλάσσης","ἔνθα δὲ Βεβρύκων μὲν ἄναξ, ἅ τε κῦμα θαλάσσης",tlg0001.tlg001.perseus-grc2.xml
Argonautica,tlg001,2,71,"τρηχὺ θοὴν ἐπὶ νῆα κορύσσεται, ἡ δʼ ὑπὸ τυτθὸν","τρηχὺ θοὴν ἐπὶ νῆα κορύσσεται, ἡ δ’ ὑπὸ τυτθὸν",tlg0001.tlg001.perseus-grc2.xml
Argonautica,tlg001,2,72,"ἰδρείῃ πυκινοῖο κυβερνητῆρος ἀλύσκει,","ἰδρείῃ πυκινοῖο κυβερνητῆρος ἀλύσκει,",tlg0001.tlg001.perseus-grc2.xml
Argonautica,tlg001,2,73,"ἱεμένου φορέεσθαι ἔσω τοίχοιο κλύδωνος,","ἱεμένου φορέεσθαι ἔσω τοίχοιο κλύδωνος,",tlg0001.tlg001.perseus-grc2.xml
Argonautica,tlg001,2,74,"ὧς ὅγε Τυνδαρίδην φοβέων ἕπετʼ, οὐδέ μιν εἴα","ὧς ὅγε Τυνδαρίδην φοβέων ἕπετ’, οὐδέ μιν εἴα",tlg0001.tlg001.perseus-grc2.xml
Argonautica,tlg001,2,75,δηθύνειν. ὁ δʼ ἄρʼ αἰὲν ἀνούτατος ἣν διὰ μῆτιν,δηθύνειν. ὁ δ’ ἄρ’ αἰὲν ἀνούτατος ἣν διὰ μῆτιν,tlg0001.tlg001.perseus-grc2.xml
Argonautica,tlg001,2,76,ἀίσσοντʼ ἀλέεινεν· ἀπηνέα δʼ αἶψα νοήσας,ἀίσσοντ’ ἀλέεινεν· ἀπηνέα δ’ αἶψα νοήσας,tlg0001.tlg001.perseus-grc2.xml
Argonautica,tlg001,2,77,"πυγμαχίην, ᾗ κάρτος ἀάατος, ᾗ τε χερείων,","πυγμαχίην, ᾗ κάρτος ἀάατος, ᾗ τε χερείων,",tlg0001.tlg001.perseus-grc2.xml
Argonautica,tlg001,2,78,στῆ ῥʼ ἄμοτον καὶ χερσὶν ἐναντία χεῖρας ἔμιξεν.,στῆ ῥ’ ἄμοτον καὶ χερσὶν ἐναντία χεῖρας ἔμιξεν.,tlg0001.tlg001.perseus-grc2.xml
Argonautica,tlg001,2,79,ὡς δʼ ὅτε νήια δοῦρα θοοῖς ἀντίξοα γόμφοις,ὡς δ’ ὅτε νήια δοῦρα θοοῖς ἀντίξοα γόμφοις,tlg0001.tlg001.perseus-grc2.xml
Argonautica,tlg001,2,80,ἀνέρες ὑληουργοὶ ἐπιβλήδην ἐλάοντες,ἀνέρες ὑληουργοὶ ἐπιβλήδην ἐλάοντες,tlg0001.tlg001.perseus-grc2.xml
Argonautica,tlg001,2,81,"θείνωσι σφύρῃσιν, ἐπʼ ἄλλῳ δʼ ἄλλος ἄηται","θείνωσι σφύρῃσιν, ἐπ’ ἄλλῳ δ’ ἄλλος ἄηται",tlg0001.tlg001.perseus-grc2.xml
Argonautica,tlg001,2,82,δοῦπος ἄδην· ὧς τοῖσι παρήιά τʼ ἀμφοτέρωθεν,δοῦπος ἄδην· ὧς τοῖσι παρήιά τ’ ἀμφοτέρωθεν,tlg0001.tlg001.perseus-grc2.xml
Argonautica,tlg001,2,83,καὶ γένυες κτύπεον· βρυχὴ δʼ ὑπετέλλετʼ ὀδόντων,καὶ γένυες κτύπεον· βρυχὴ δ’ ὑπετέλλετ’ ὀδόντων,tlg0001.tlg001.perseus-grc2.xml
Argonautica,tlg001,2,84,"ἄσπετος, οὐδʼ ἔλληξαν ἐπισταδὸν οὐτάζοντες,","ἄσπετος, οὐδ’ ἔλληξαν ἐπισταδὸν οὐτάζοντες,",tlg0001.tlg001.perseus-grc2.xml
Argonautica,tlg001,2,85,ἔστε περ οὐλοὸν ἆσθμα καὶ ἀμφοτέρους ἐδάμασσεν.,ἔστε περ οὐλοὸν ἆσθμα καὶ ἀμφοτέρους ἐδάμασσεν.,tlg0001.tlg001.perseus-grc2.xml
Argonautica,tlg001,2,86,στάντε δὲ βαιὸν ἄπωθεν ἀπωμόρξαντο μετώπων,στάντε δὲ βαιὸν ἄπωθεν ἀπωμόρξαντο μετώπων,tlg0001.tlg001.perseus-grc2.xml
Argonautica,tlg001,2,87,"ἱδρῶ ἅλις, καματηρὸν ἀυτμένα φυσιόωντε.","ἱδρῶ ἅλις, καματηρὸν ἀυτμένα φυσιόωντε.",tlg0001.tlg001.perseus-grc2.xml
Argonautica,tlg001,2,88,"ἂψ δʼ αὖτις συνόρουσαν ἐναντίοι, ἠύτε ταύρω","ἂψ δ’ αὖτις συνόρουσαν ἐναντίοι, ἠύτε ταύρω",tlg0001.tlg001.perseus-grc2.xml
Argonautica,tlg001,2,89,φορβάδος ἀμφὶ βοὸς κεκοτηότε δηριάασθον.,φορβάδος ἀμφὶ βοὸς κεκοτηότε δηριάασθον.,tlg0001.tlg001.perseus-grc2.xml
Argonautica,tlg001,2,90,"ἔνθα δʼ ἔπειτʼ Ἄμυκος μὲν ἐπʼ ἀκροτάτοισιν ἀερθείς,","ἔνθα δ’ ἔπειτ’ Ἄμυκος μὲν ἐπ’ ἀκροτάτοισιν ἀερθείς,",tlg0001.tlg001.perseus-grc2.xml
Argonautica,tlg001,2,91,"βουτύπος οἷα, πόδεσσι τανύσσατο, κὰδ δὲ βαρεῖαν","βουτύπος οἷα, πόδεσσι τανύσσατο, κὰδ δὲ βαρεῖαν",tlg0001.tlg001.perseus-grc2.xml
Argonautica,tlg001,2,92,"χεῖρʼ ἐπὶ οἷ πελέμιξεν· ὁ δʼ ἀίξαντος ὑπέστη,","χεῖρ’ ἐπὶ οἷ πελέμιξεν· ὁ δ’ ἀίξαντος ὑπέστη,",tlg0001.tlg001.perseus-grc2.xml
Argonautica,tlg001,2,93,"κρᾶτα παρακλίνας, ὤμῳ δʼ ἀνεδέξατο πῆχυν","κρᾶτα παρακλίνας, ὤμῳ δ’ ἀνεδέξατο πῆχυν",tlg0001.tlg001.perseus-grc2.xml
Argonautica,tlg001,2,94,τυτθόν· ὁ δʼ ἄγχʼ αὐτοῖο παρὲκ γόνυ γουνὸς ἀμσίβων,τυτθόν· ὁ δ’ ἄγχ’ αὐτοῖο παρὲκ γόνυ γουνὸς ἀμσίβων,tlg0001.tlg001.perseus-grc2.xml
Argonautica,tlg001,2,95,"κόψε μεταΐγδην ὑπὲρ οὔατος, ὀστέα δʼ εἴσω","κόψε μεταΐγδην ὑπὲρ οὔατος, ὀστέα δ’ εἴσω",tlg0001.tlg001.perseus-grc2.xml
Argonautica,tlg001,2,96,ῥῆξεν· ὁ δʼ ἀμφʼ ὀδύνῃ γνὺξ ἤριπεν· οἱ δʼ ἰάχησαν,ῥῆξεν· ὁ δ’ ἀμφ’ ὀδύνῃ γνὺξ ἤριπεν· οἱ δ’ ἰάχησαν,tlg0001.tlg001.perseus-grc2.xml
Argonautica,tlg001,2,97,ἥρωες Μινύαι· τοῦ δʼ ἀθρόος ἔκχυτο θυμός.,ἥρωες Μινύαι· τοῦ δ’ ἀθρόος ἔκχυτο θυμός.,tlg0001.tlg001.perseus-grc2.xml
Argonautica,tlg001,2,98,οὐδʼ ἄρα Βέβρυκες ἄνδρες ἀφείδησαν βασιλῆος·,οὐδ’ ἄρα Βέβρυκες ἄνδρες ἀφείδησαν βασιλῆος·,tlg0001.tlg001.perseus-grc2.xml
Argonautica,tlg001,2,99,ἀλλʼ ἄμυδις κορύνας ἀζηχέας ἠδὲ σιγύννους,ἀλλ’ ἄμυδις κορύνας ἀζηχέας ἠδὲ σιγύννους,tlg0001.tlg001.perseus-grc2.xml
Argonautica,tlg001,2,100,ἰθὺς ἀνασχόμενοι Πολυδεύκεος ἀντιάασκον.,ἰθὺς ἀνασχόμενοι Πολυδεύκεος ἀντιάασκον.,tlg0001.tlg001.perseus-grc2.xml
Argonautica,tlg001,2,101,τοῦ δὲ πάρος κολεῶν εὐήκεα φάσγανʼ ἑταῖροι,τοῦ δὲ πάρος κολεῶν εὐήκεα φάσγαν’ ἑταῖροι,tlg0001.tlg001.perseus-grc2.xml
Argonautica,tlg001,2,102,ἔσταν ἐρυσσάμενοι. πρῶτός γε μὲν ἀνέρα Κάστωρ,ἔσταν ἐρυσσάμενοι. πρῶτός γε μὲν ἀνέρα Κάστωρ,tlg0001.tlg001.perseus-grc2.xml
Argonautica,tlg001,2,103,ἤλασʼ ἐπεσσύμενον κεφαλῆς ὕπερ· ἡ δʼ ἑκάτερθεν,ἤλασ’ ἐπεσσύμενον κεφαλῆς ὕπερ· ἡ δ’ ἑκάτερθεν,tlg0001.tlg001.perseus-grc2.xml
Argonautica,tlg001,2,104,ἔνθα καὶ ἔνθʼ ὤμοισιν ἐπʼ ἀμφοτέροις ἐκεάσθη.,ἔνθα καὶ ἔνθ’ ὤμοισιν ἐπ’ ἀμφοτέροις ἐκεάσθη.,tlg0001.tlg001.perseus-grc2.xml
Argonautica,tlg001,2,105,"αὐτὸς δʼ Ἰτυμονῆα πελώριον ἠδὲ Μίμαντα,","αὐτὸς δ’ Ἰτυμονῆα πελώριον ἠδὲ Μίμαντα,",tlg0001.tlg001.perseus-grc2.xml
Argonautica,tlg001,2,106,τὸν μὲν ὑπὸ στέρνοιο θοῷ ποδὶ λὰξ ἐπορούσας,τὸν μὲν ὑπὸ στέρνοιο θοῷ ποδὶ λὰξ ἐπορούσας,tlg0001.tlg001.perseus-grc2.xml
Argonautica,tlg001,2,107,"πλῆξε, καὶ ἐν κονίῃσι βάλεν· τοῦ δʼ ἆσσον ἰόντος","πλῆξε, καὶ ἐν κονίῃσι βάλεν· τοῦ δ’ ἆσσον ἰόντος",tlg0001.tlg001.perseus-grc2.xml
Argonautica,tlg001,2,108,"δεξιτερῇ σκαιῆς ὑπὲρ ὀφρύος ἤλασε χειρί,","δεξιτερῇ σκαιῆς ὑπὲρ ὀφρύος ἤλασε χειρί,",tlg0001.tlg001.perseus-grc2.xml
Argonautica,tlg001,2,109,"δρύψε δέ οἱ βλέφαρον, γυμνὴ δʼ ὑπελείπετʼ ὀπωπή.","δρύψε δέ οἱ βλέφαρον, γυμνὴ δ’ ὑπελείπετ’ ὀπωπή.",tlg0001.tlg001.perseus-grc2.xml
Argonautica,tlg001,2,110,Ὠρεΐδης δʼ Ἀμύκοιο βίην ὑπέροπλος ὀπάων,Ὠρεΐδης δ’ Ἀμύκοιο βίην ὑπέροπλος ὀπάων,tlg0001.tlg001.perseus-grc2.xml
Argonautica,tlg001,2,111,"οὖτα Βιαντιάδαο κατὰ λαπάρην Ταλαοῖο,","οὖτα Βιαντιάδαο κατὰ λαπάρην Ταλαοῖο,",tlg0001.tlg001.perseus-grc2.xml
Argonautica,tlg001,2,112,"ἀλλά μιν οὐ κατέπεφνεν, ὅσον δʼ ἐπὶ δέρματι μοῦνον","ἀλλά μιν οὐ κατέπεφνεν, ὅσον δ’ ἐπὶ δέρματι μοῦνον",tlg0001.tlg001.perseus-grc2.xml
Argonautica,tlg001,2,113,νηδυίων ἄψαυστος ὑπὸ ζώνην θόρε χαλκός.,νηδυίων ἄψαυστος ὑπὸ ζώνην θόρε χαλκός.,tlg0001.tlg001.perseus-grc2.xml
Argonautica,tlg001,2,114,αὔτως δʼ Ἄρητος μενεδήιον Εὐρύτου υἷα,αὔτως δ’ Ἄρητος μενεδήιον Εὐρύτου υἷα,tlg0001.tlg001.perseus-grc2.xml
Argonautica,tlg001,2,115,"Ἴφιτον ἀζαλέῃ κορύνῃ στυφέλιξεν ἐλάσσας,","Ἴφιτον ἀζαλέῃ κορύνῃ στυφέλιξεν ἐλάσσας,",tlg0001.tlg001.perseus-grc2.xml
Argonautica,tlg001,2,116,οὔπω κηρὶ κακῇ πεπρωμένον· ἦ τάχʼ ἔμελλεν,οὔπω κηρὶ κακῇ πεπρωμένον· ἦ τάχ’ ἔμελλεν,tlg0001.tlg001.perseus-grc2.xml
Argonautica,tlg001,2,117,αὐτὸς δῃώσεσθαι ὑπὸ ξίφεϊ Κλυτίοιο.,αὐτὸς δῃώσεσθαι ὑπὸ ξίφεϊ Κλυτίοιο.,tlg0001.tlg001.perseus-grc2.xml
Argonautica,tlg001,2,118,καὶ τότʼ ἄρʼ Λ̓γκαῖος Λυκοόργοιο θρασὺς υἱὸς,καὶ τότ’ ἄρ’ Λ̓γκαῖος Λυκοόργοιο θρασὺς υἱὸς,tlg0001.tlg001.perseus-grc2.xml
Argonautica,tlg001,2,119,αἶψα μάλʼ ἀντεταγὼν πέλεκυν μέγαν ἠδὲ κελαινὸν,αἶψα μάλ’ ἀντεταγὼν πέλεκυν μέγαν ἠδὲ κελαινὸν,tlg0001.tlg001.perseus-grc2.xml
Argonautica,tlg001,2,120,ἄρκτου προσχόμενος σκαιῇ δέρος ἔνθορε μέσσῳ,ἄρκτου προσχόμενος σκαιῇ δέρος ἔνθορε μέσσῳ,tlg0001.tlg001.perseus-grc2.xml
Argonautica,tlg001,2,121,ἐμμεμαὼς Βέβρυξιν· ὁμοῦ δέ οἱ ἐσσεύοντο,ἐμμεμαὼς Βέβρυξιν· ὁμοῦ δέ οἱ ἐσσεύοντο,tlg0001.tlg001.perseus-grc2.xml
Argonautica,tlg001,2,122,"Αἰακίδαι, σὺν δέ σφιν ἀρήιος ὤρνυτʼ Ἰήσων.","Αἰακίδαι, σὺν δέ σφιν ἀρήιος ὤρνυτ’ Ἰήσων.",tlg0001.tlg001.perseus-grc2.xml
Argonautica,tlg001,2,123,ὡς δʼ ὅτʼ ἐνὶ σταθμοῖσιν ἀπείρονα μῆλʼ ἐφόβησαν,ὡς δ’ ὅτ’ ἐνὶ σταθμοῖσιν ἀπείρονα μῆλ’ ἐφόβησαν,tlg0001.tlg001.perseus-grc2.xml
Argonautica,tlg001,2,124,ἤματι χειμερίῳ πολιοὶ λύκοι ὁρμηθέντες,ἤματι χειμερίῳ πολιοὶ λύκοι ὁρμηθέντες,tlg0001.tlg001.perseus-grc2.xml
Argonautica,tlg001,2,125,"λάθρῃ ἐυρρίνων τε κυνῶν αὐτῶν τε νομήων,","λάθρῃ ἐυρρίνων τε κυνῶν αὐτῶν τε νομήων,",tlg0001.tlg001.perseus-grc2.xml
Argonautica,tlg001,2,126,"μαίονται δʼ ὅ τι πρῶτον ἐπαΐξαντες ἕλωσιν,","μαίονται δ’ ὅ τι πρῶτον ἐπαΐξαντες ἕλωσιν,",tlg0001.tlg001.perseus-grc2.xml
Argonautica,tlg001,2,127,πόλλʼ ἐπιπαμφαλόωντες ὁμοῦ· τὰ δὲ πάντοθεν αὔτως,πόλλ’ ἐπιπαμφαλόωντες ὁμοῦ· τὰ δὲ πάντοθεν αὔτως,tlg0001.tlg001.perseus-grc2.xml
Argonautica,tlg001,2,128,στείνονται πίπτοντα περὶ σφίσιν· ὧς ἄρα τοίγε,στείνονται πίπτοντα περὶ σφίσιν· ὧς ἄρα τοίγε,tlg0001.tlg001.perseus-grc2.xml
Argonautica,tlg001,2,129,λευγαλέως Βέβρυκας ὑπερφιάλους ἐφόβησαν.,λευγαλέως Βέβρυκας ὑπερφιάλους ἐφόβησαν.,tlg0001.tlg001.perseus-grc2.xml
Argonautica,tlg001,2,130,ὡς δὲ μελισσάων σμῆνος μέγα μηλοβοτῆρες,ὡς δὲ μελισσάων σμῆνος μέγα μηλοβοτῆρες,tlg0001.tlg001.perseus-grc2.xml
Argonautica,tlg001,2,131,"ἠὲ μελισσοκόμοι πέτρῃ ἔνι καπνιόωσιν,","ἠὲ μελισσοκόμοι πέτρῃ ἔνι καπνιόωσιν,",tlg0001.tlg001.perseus-grc2.xml
Argonautica,tlg001,2,132,αἱ δʼ ἤτοι τείως μὲν ἀολλέες ᾧ ἐνὶ σίμβλῳ,αἱ δ’ ἤτοι τείως μὲν ἀολλέες ᾧ ἐνὶ σίμβλῳ,tlg0001.tlg001.perseus-grc2.xml
Argonautica,tlg001,2,133,"βομβηδὸν κλονέονται, ἐπιπρὸ δὲ λιγνυόεντι","βομβηδὸν κλονέονται, ἐπιπρὸ δὲ λιγνυόεντι",tlg0001.tlg001.perseus-grc2.xml
Argonautica,tlg001,2,134,καπνῷ τυφόμεναι πέτρης ἑκὰς ἀίσσουσιν·,καπνῷ τυφόμεναι πέτρης ἑκὰς ἀίσσουσιν·,tlg0001.tlg001.perseus-grc2.xml
Argonautica,tlg001,2,135,"ὧς οἵγʼ οὐκέτι δὴν μένον ἔμπεδον, ἀλλʼ ἐκέδασθεν","ὧς οἵγ’ οὐκέτι δὴν μένον ἔμπεδον, ἀλλ’ ἐκέδασθεν",tlg0001.tlg001.perseus-grc2.xml
Argonautica,tlg001,2,136,"εἴσω Βεβρυκίης, Ἀμύκου μόρον ἀγγελέοντες·","εἴσω Βεβρυκίης, Ἀμύκου μόρον ἀγγελέοντες·",tlg0001.tlg001.perseus-grc2.xml
Argonautica,tlg001,2,137,"νήπιοι, οὐδʼ ἐνόησαν ὃ δή σφισιν ἐγγύθεν ἄλλο","νήπιοι, οὐδ’ ἐνόησαν ὃ δή σφισιν ἐγγύθεν ἄλλο",tlg0001.tlg001.perseus-grc2.xml
Argonautica,tlg001,2,138,πῆμʼ ἀίδηλον ἔην. πέρθοντο γὰρ ἠμὲν ἀλωαὶ,πῆμ’ ἀίδηλον ἔην. πέρθοντο γὰρ ἠμὲν ἀλωαὶ,tlg0001.tlg001.perseus-grc2.xml
Argonautica,tlg001,2,139,ἠδʼ οἶαι τῆμος δῄῳ ὑπὸ δουρὶ Λύκοιο,ἠδ’ οἶαι τῆμος δῄῳ ὑπὸ δουρὶ Λύκοιο,tlg0001.tlg001.perseus-grc2.xml
Argonautica,tlg001,2,140,"καὶ Μαριανδυνῶν ἀνδρῶν, ἀπεόντος ἄνακτος.","καὶ Μαριανδυνῶν ἀνδρῶν, ἀπεόντος ἄνακτος.",tlg0001.tlg001.perseus-grc2.xml
Argonautica,tlg001,2,141,αἰεὶ γὰρ μάρναντο σιδηροφόρου περὶ γαίης.,αἰεὶ γὰρ μάρναντο σιδηροφόρου περὶ γαίης.,tlg0001.tlg001.perseus-grc2.xml
Argonautica,tlg001,2,142,οἱ δʼ ἤδη σταθμούς τε καὶ αὔλια δηιάασκον·,οἱ δ’ ἤδη σταθμούς τε καὶ αὔλια δηιάασκον·,tlg0001.tlg001.perseus-grc2.xml
Argonautica,tlg001,2,143,ἤδη δʼ ἄσπετα μῆλα περιτροπάδην ἐτάμοντο,ἤδη δ’ ἄσπετα μῆλα περιτροπάδην ἐτάμοντο,tlg0001.tlg001.perseus-grc2.xml
Argonautica,tlg001,2,144,"ἥρωες, καὶ δή τις ἔπος μετὰ τοῖσιν ἔειπεν·","ἥρωες, καὶ δή τις ἔπος μετὰ τοῖσιν ἔειπεν·",tlg0001.tlg001.perseus-grc2.xml
Argonautica,tlg001,2,145,"Φράζεσθʼ ὅττι κεν ᾗσιν ἀναλκείῃσιν ἔρεξαν,","Φράζεσθ’ ὅττι κεν ᾗσιν ἀναλκείῃσιν ἔρεξαν,",tlg0001.tlg001.perseus-grc2.xml
Argonautica,tlg001,2,146,εἴ πως Ἡρακλῆα θεὸς καὶ δεῦρʼ ἐκόμισσεν.,εἴ πως Ἡρακλῆα θεὸς καὶ δεῦρ’ ἐκόμισσεν.,tlg0001.tlg001.perseus-grc2.xml
Argonautica,tlg001,2,147,ἤτοι μὲν γὰρ ἐγὼ κείνου παρεόντος ἔολπα,ἤτοι μὲν γὰρ ἐγὼ κείνου παρεόντος ἔολπα,tlg0001.tlg001.perseus-grc2.xml
Argonautica,tlg001,2,148,οὐδʼ ἂν πυγμαχίῃ κρινθήμεναι· ἀλλʼ ὅτε θεσμοὺς,οὐδ’ ἂν πυγμαχίῃ κρινθήμεναι· ἀλλ’ ὅτε θεσμοὺς,tlg0001.tlg001.perseus-grc2.xml
Argonautica,tlg001,2,149,"ἤλυθεν ἐξερέων, αὐτοῖς ἄφαρ οἷς ἀγόρευεν","ἤλυθεν ἐξερέων, αὐτοῖς ἄφαρ οἷς ἀγόρευεν",tlg0001.tlg001.perseus-grc2.xml
Argonautica,tlg001,2,150,θεσμοῖσιν ῥοπάλῳ μιν ἀγηνορίης λελαθέσθαι.,θεσμοῖσιν ῥοπάλῳ μιν ἀγηνορίης λελαθέσθαι.,tlg0001.tlg001.perseus-grc2.xml
Argonautica,tlg001,2,151,ναὶ μὲν ἀκήδεστον γαίῃ ἔνι τόνγε λιπόντες,ναὶ μὲν ἀκήδεστον γαίῃ ἔνι τόνγε λιπόντες,tlg0001.tlg001.perseus-grc2.xml
Argonautica,tlg001,2,152,πόντον ἐπέπλωμεν· μάλα δʼ ἡμέων αὐτὸς ἕκαστος,πόντον ἐπέπλωμεν· μάλα δ’ ἡμέων αὐτὸς ἕκαστος,tlg0001.tlg001.perseus-grc2.xml
Argonautica,tlg001,2,153,"εἴσεται οὐλομένην ἄτην, ἀπάνευθεν ἐόντος.","εἴσεται οὐλομένην ἄτην, ἀπάνευθεν ἐόντος.",tlg0001.tlg001.perseus-grc2.xml
Argonautica,tlg001,2,154,ὧς ἄρʼ ἔφη· τὰ δὲ πάντα Διὸς βουλῇς ἐτέτυκτο.,ὧς ἄρ’ ἔφη· τὰ δὲ πάντα Διὸς βουλῇς ἐτέτυκτο.,tlg0001.tlg001.perseus-grc2.xml
Argonautica,tlg001,2,155,"καὶ τότε μὲν μένον αὖθι διὰ κνέφας, ἕλκεά τʼ ἀνδρῶν","καὶ τότε μὲν μένον αὖθι διὰ κνέφας, ἕλκεά τ’ ἀνδρῶν",tlg0001.tlg001.perseus-grc2.xml
Argonautica,tlg001,2,156,"οὐταμένων ἀκέοντο, καὶ ἀθανάτοισι θυηλὰς","οὐταμένων ἀκέοντο, καὶ ἀθανάτοισι θυηλὰς",tlg0001.tlg001.perseus-grc2.xml
Argonautica,tlg001,2,157,ῥέξαντες μέγα δόρπον ἐφώπλισαν· οὐδέ τινʼ ὕπνος,ῥέξαντες μέγα δόρπον ἐφώπλισαν· οὐδέ τιν’ ὕπνος,tlg0001.tlg001.perseus-grc2.xml
Argonautica,tlg001,2,158,εἷλε παρὰ κρητῆρι καὶ αἰθομένοις ἱεροῖσιν.,εἷλε παρὰ κρητῆρι καὶ αἰθομένοις ἱεροῖσιν.,tlg0001.tlg001.perseus-grc2.xml
Argonautica,tlg001,2,159,ξανθὰ δʼ ἐρεψάμενοι δάφνῃ καθύπερθε μέτωπα,ξανθὰ δ’ ἐρεψάμενοι δάφνῃ καθύπερθε μέτωπα,tlg0001.tlg001.perseus-grc2.xml
Argonautica,tlg001,2,160,"ἀγχιάλῳ, τῇ, ἀκτῇ ἔπι, πρυμνήσιʼ ἀνῆπτο,","ἀγχιάλῳ, τῇ, ἀκτῇ ἔπι, πρυμνήσι’ ἀνῆπτο,",tlg0001.tlg001.perseus-grc2.xml
Argonautica,tlg001,2,161,Ὀρφείῃ φόρμιγγι συνοίμιον ὕμνον ἄειδον,Ὀρφείῃ φόρμιγγι συνοίμιον ὕμνον ἄειδον,tlg0001.tlg001.perseus-grc2.xml
Argonautica,tlg001,2,162,ἐμμελέως· περὶ δέ σφιν ἰαίνετο νήνεμος ἀκτὴ,ἐμμελέως· περὶ δέ σφιν ἰαίνετο νήνεμος ἀκτὴ,tlg0001.tlg001.perseus-grc2.xml
Argonautica,tlg001,2,163,μελπομένοις· κλεῖον δὲ Θεραπναῖον Διὸς υἷα.,μελπομένοις· κλεῖον δὲ Θεραπναῖον Διὸς υἷα.,tlg0001.tlg001.perseus-grc2.xml
Argonautica,tlg001,2,164,ἦμος δʼ ἠέλιος δροσερὰς ἐπέλαμψε κολώνας,ἦμος δ’ ἠέλιος δροσερὰς ἐπέλαμψε κολώνας,tlg0001.tlg001.perseus-grc2.xml
Argonautica,tlg001,2,165,"ἐκ περάτων ἀνιών, ἤγειρε δὲ μηλοβοτῆρας,","ἐκ περάτων ἀνιών, ἤγειρε δὲ μηλοβοτῆρας,",tlg0001.tlg001.perseus-grc2.xml
Argonautica,tlg001,2,166,"δὴ τότε λυσάμενοι νεάτης ἐκ πείσματα δάφνης,","δὴ τότε λυσάμενοι νεάτης ἐκ πείσματα δάφνης,",tlg0001.tlg001.perseus-grc2.xml
Argonautica,tlg001,2,167,"ληίδα τʼ εἰσβήσαντες ὅσην χρεὼ ἦεν ἄγεσθαι,","ληίδα τ’ εἰσβήσαντες ὅσην χρεὼ ἦεν ἄγεσθαι,",tlg0001.tlg001.perseus-grc2.xml
Argonautica,tlg001,2,168,πνοιῇ δινήεντʼ ἀνὰ Βόσπορον ἰθύνοντο.,πνοιῇ δινήεντ’ ἀνὰ Βόσπορον ἰθύνοντο.,tlg0001.tlg001.perseus-grc2.xml
Argonautica,tlg001,2,169,ἔνθα μὲν ἠλιβάτῳ ἐναλίγκιον οὔρεϊ κῦμα,ἔνθα μὲν ἠλιβάτῳ ἐναλίγκιον οὔρεϊ κῦμα,tlg0001.tlg001.perseus-grc2.xml
Argonautica,tlg001,2,170,"ἀμφέρεται προπάροιθεν ἐπαΐσσοντι ἐοικός,","ἀμφέρεται προπάροιθεν ἐπαΐσσοντι ἐοικός,",tlg0001.tlg001.perseus-grc2.xml
Argonautica,tlg001,2,171,αἰὲν ὑπὲρ νεφέων ἠερμένον· οὐδέ κε φαίης,αἰὲν ὑπὲρ νεφέων ἠερμένον· οὐδέ κε φαίης,tlg0001.tlg001.perseus-grc2.xml
Argonautica,tlg001,2,172,"φεύξεσθαι κακὸν οἶτον, ἐπεὶ μάλα μεσσόθι νηὸς","φεύξεσθαι κακὸν οἶτον, ἐπεὶ μάλα μεσσόθι νηὸς",tlg0001.tlg001.perseus-grc2.xml
Argonautica,tlg001,2,173,"λάβρον ἐπικρέμαται, καθάπερ νέφος. ἀλλὰ τόγʼ ἔμπης","λάβρον ἐπικρέμαται, καθάπερ νέφος. ἀλλὰ τόγ’ ἔμπης",tlg0001.tlg001.perseus-grc2.xml
Argonautica,tlg001,2,174,"στόρνυται, εἴ κʼ ἐσθλοῖο κυβερνητῆρος ἐπαύρῃ.","στόρνυται, εἴ κ’ ἐσθλοῖο κυβερνητῆρος ἐπαύρῃ.",tlg0001.tlg001.perseus-grc2.xml
Argonautica,tlg001,2,175,"τῶ καὶ Τίφυος οἵδε δαημοσύνῃσι νέοντο,","τῶ καὶ Τίφυος οἵδε δαημοσύνῃσι νέοντο,",tlg0001.tlg001.perseus-grc2.xml
Argonautica,tlg001,2,176,"ἀσκηθεῖς μέν, ἀτὰρ πεφοβημένοι. ἤματι δʼ ἄλλῳ","ἀσκηθεῖς μέν, ἀτὰρ πεφοβημένοι. ἤματι δ’ ἄλλῳ",tlg0001.tlg001.perseus-grc2.xml
Argonautica,tlg001,2,177,ἀντιπέρην γαίῃ Βιθυνίδι πείσματʼ ἀνῆψαν.,ἀντιπέρην γαίῃ Βιθυνίδι πείσματ’ ἀνῆψαν.,tlg0001.tlg001.perseus-grc2.xml
Argonautica,tlg001,2,178,"ἔνθα δʼ ἐπάκτιον οἶκον Ἀγηνορίδης ἔχε Φινεύς,","ἔνθα δ’ ἐπάκτιον οἶκον Ἀγηνορίδης ἔχε Φινεύς,",tlg0001.tlg001.perseus-grc2.xml
Argonautica,tlg001,2,179,ὃς περὶ δὴ πάντων ὀλοώτατα πήματʼ ἀνέτλη,ὃς περὶ δὴ πάντων ὀλοώτατα πήματ’ ἀνέτλη,tlg0001.tlg001.perseus-grc2.xml
Argonautica,tlg001,2,180,"εἵνεκα μαντοσύνης, τήν οἱ πάρος ἐγγυάλιξεν","εἵνεκα μαντοσύνης, τήν οἱ πάρος ἐγγυάλιξεν",tlg0001.tlg001.perseus-grc2.xml
Argonautica,tlg001,2,181,Λητοΐδης· οὐδʼ ὅσσον ὀπίζετο καὶ Διὸς αὐτοῦ,Λητοΐδης· οὐδ’ ὅσσον ὀπίζετο καὶ Διὸς αὐτοῦ,tlg0001.tlg001.perseus-grc2.xml
Argonautica,tlg001,2,182,χρείων ἀτρεκέως ἱερὸν νόον ἀνθρώποισιν.,χρείων ἀτρεκέως ἱερὸν νόον ἀνθρώποισιν.,tlg0001.tlg001.perseus-grc2.xml
Argonautica,tlg001,2,183,"τῶ καί οἱ γῆρας μὲν ἐπὶ δηναιὸν ἴαλλεν,","τῶ καί οἱ γῆρας μὲν ἐπὶ δηναιὸν ἴαλλεν,",tlg0001.tlg001.perseus-grc2.xml
Argonautica,tlg001,2,184,ἐκ δʼ ἕλετʼ ὀφθαλμῶν γλυκερὸν φάος· οὐδὲ γάνυσθαι,ἐκ δ’ ἕλετ’ ὀφθαλμῶν γλυκερὸν φάος· οὐδὲ γάνυσθαι,tlg0001.tlg001.perseus-grc2.xml
Argonautica,tlg001,2,185,"εἴα ἀπειρεσίοισιν ὀνείασιν, ὅσσα οἱ αἰεὶ","εἴα ἀπειρεσίοισιν ὀνείασιν, ὅσσα οἱ αἰεὶ",tlg0001.tlg001.perseus-grc2.xml
Argonautica,tlg001,2,186,θέσφατα πευθόμενοι περιναιέται οἴκαδʼ ἄγειρον.,θέσφατα πευθόμενοι περιναιέται οἴκαδ’ ἄγειρον.,tlg0001.tlg001.perseus-grc2.xml
Argonautica,tlg001,2,187,ἀλλὰ διὰ νεφέων ἄφνω πέλας ἀίσσουσαι,ἀλλὰ διὰ νεφέων ἄφνω πέλας ἀίσσουσαι,tlg0001.tlg001.perseus-grc2.xml
Argonautica,tlg001,2,188,ἅρπυιαι στόματος χειρῶν τʼ ἀπὸ γαμφηλῇσιν,ἅρπυιαι στόματος χειρῶν τ’ ἀπὸ γαμφηλῇσιν,tlg0001.tlg001.perseus-grc2.xml
Argonautica,tlg001,2,189,συνεχέως ἥρπαζον. ἐλείπετο δʼ ἄλλοτε φορβῆς,συνεχέως ἥρπαζον. ἐλείπετο δ’ ἄλλοτε φορβῆς,tlg0001.tlg001.perseus-grc2.xml
Argonautica,tlg001,2,190,"οὐδʼ ὅσον, ἄλλοτε τυτθόν, ἵνα ζώων ἀκάχοιτο.","οὐδ’ ὅσον, ἄλλοτε τυτθόν, ἵνα ζώων ἀκάχοιτο.",tlg0001.tlg001.perseus-grc2.xml
Argonautica,tlg001,2,191,καὶ δʼ ἐπὶ μυδαλέην ὀδμὴν χέον· οὐδέ τις ἔτλη,καὶ δ’ ἐπὶ μυδαλέην ὀδμὴν χέον· οὐδέ τις ἔτλη,tlg0001.tlg001.perseus-grc2.xml
Argonautica,tlg001,2,192,"μὴ καὶ λευκανίηνδε φορεύμενος, ἀλλʼ ἀποτηλοῦ","μὴ καὶ λευκανίηνδε φορεύμενος, ἀλλ’ ἀποτηλοῦ",tlg0001.tlg001.perseus-grc2.xml
Argonautica,tlg001,2,193,ἑστηώς· τοῖόν οἱ ἀπέπνεε λείψανα δαιτός.,ἑστηώς· τοῖόν οἱ ἀπέπνεε λείψανα δαιτός.,tlg0001.tlg001.perseus-grc2.xml
Argonautica,tlg001,2,194,αὐτίκα δʼ εἰσαΐων ἐνοπὴν καὶ δοῦπον ὁμίλου,αὐτίκα δ’ εἰσαΐων ἐνοπὴν καὶ δοῦπον ὁμίλου,tlg0001.tlg001.perseus-grc2.xml
Argonautica,tlg001,2,195,"τούσδʼ αὐτοὺς παριόντας ἐπήισεν, ὧν οἱ ἰόντων","τούσδ’ αὐτοὺς παριόντας ἐπήισεν, ὧν οἱ ἰόντων",tlg0001.tlg001.perseus-grc2.xml
Argonautica,tlg001,2,196,θέσφατον ἐκ Διὸς ἦεν ἑῆς ἀπόνασθαι ἐδωδῆς.,θέσφατον ἐκ Διὸς ἦεν ἑῆς ἀπόνασθαι ἐδωδῆς.,tlg0001.tlg001.perseus-grc2.xml
Argonautica,tlg001,2,197,"ὀρθωθεὶς δʼ εὐνῆθεν, ἀκήριον ἠύτʼ ὄνειρον,","ὀρθωθεὶς δ’ εὐνῆθεν, ἀκήριον ἠύτ’ ὄνειρον,",tlg0001.tlg001.perseus-grc2.xml
Argonautica,tlg001,2,198,"βάκτρῳ σκηπτόμενος ῥικνοῖς ποσὶν ᾖε θύραζε,","βάκτρῳ σκηπτόμενος ῥικνοῖς ποσὶν ᾖε θύραζε,",tlg0001.tlg001.perseus-grc2.xml
Argonautica,tlg001,2,199,τοίχους ἀμφαφόων· τρέμε δʼ ἅψεα νισσομένοιο,τοίχους ἀμφαφόων· τρέμε δ’ ἅψεα νισσομένοιο,tlg0001.tlg001.perseus-grc2.xml
Argonautica,tlg001,2,200,ἀδρανίῃ γήραι τε· πίνῳ δέ οἱ αὐσταλέος χρὼς,ἀδρανίῃ γήραι τε· πίνῳ δέ οἱ αὐσταλέος χρὼς,tlg0001.tlg001.perseus-grc2.xml
Argonautica,tlg001,2,201,"ἐσκλήκει, ῥινοὶ δὲ σὺν ὀστέα μοῦνον ἔεργον.","ἐσκλήκει, ῥινοὶ δὲ σὺν ὀστέα μοῦνον ἔεργον.",tlg0001.tlg001.perseus-grc2.xml
Argonautica,tlg001,2,202,ἐκ δʼ ἐλθὼν μεγάροιο καθέζετο γοῦνα βαρυνθεὶς,ἐκ δ’ ἐλθὼν μεγάροιο καθέζετο γοῦνα βαρυνθεὶς,tlg0001.tlg001.perseus-grc2.xml
Argonautica,tlg001,2,203,οὐδοῦ ἐπʼ αὐλείοιο· κάρος δέ μιν ἀμφεκάλυψεν,οὐδοῦ ἐπ’ αὐλείοιο· κάρος δέ μιν ἀμφεκάλυψεν,tlg0001.tlg001.perseus-grc2.xml
Argonautica,tlg001,2,204,"πορφύρεος, γαῖαν δὲ πέριξ ἐδόκησε φέρεσθαι","πορφύρεος, γαῖαν δὲ πέριξ ἐδόκησε φέρεσθαι",tlg0001.tlg001.perseus-grc2.xml
Argonautica,tlg001,2,205,"νειόθεν, ἀβληχρῷ δʼ ἐπὶ κώματι κέκλιτʼ ἄναυδος.","νειόθεν, ἀβληχρῷ δ’ ἐπὶ κώματι κέκλιτ’ ἄναυδος.",tlg0001.tlg001.perseus-grc2.xml
Argonautica,tlg001,2,206,"οἱ δέ μιν ὡς εἴδοντο, περισταδὸν ἠγερέθοντο","οἱ δέ μιν ὡς εἴδοντο, περισταδὸν ἠγερέθοντο",tlg0001.tlg001.perseus-grc2.xml
Argonautica,tlg001,2,207,καὶ τάφον. αὐτὰρ ὁ τοῖσι μάλα μόλις ἐξ ὑπάτοιο,καὶ τάφον. αὐτὰρ ὁ τοῖσι μάλα μόλις ἐξ ὑπάτοιο,tlg0001.tlg001.perseus-grc2.xml
Argonautica,tlg001,2,208,στήθεος ἀμπνεύσας μετεφώνεε μαντοσύνῃσιν·,στήθεος ἀμπνεύσας μετεφώνεε μαντοσύνῃσιν·,tlg0001.tlg001.perseus-grc2.xml
Argonautica,tlg001,2,209,"κλῦτε, Πανελλήνων προφερέστατοι, εἰ ἐτεὸν δὴ","κλῦτε, Πανελλήνων προφερέστατοι, εἰ ἐτεὸν δὴ",tlg0001.tlg001.perseus-grc2.xml
Argonautica,tlg001,2,210,"οἵδʼ ὑμεῖς, οὓς δή κρυερῇ βασιλῆος ἐφετμῇ","οἵδ’ ὑμεῖς, οὓς δή κρυερῇ βασιλῆος ἐφετμῇ",tlg0001.tlg001.perseus-grc2.xml
Argonautica,tlg001,2,211,Ἁργῴης ἐπὶ νηὸς ἄγει μετὰ κῶας Ἰήσων.,Ἁργῴης ἐπὶ νηὸς ἄγει μετὰ κῶας Ἰήσων.,tlg0001.tlg001.perseus-grc2.xml
Argonautica,tlg001,2,212,ὑμεῖς ἀτρεκέως. ἔτι μοι νόος οἶδεν ἕκαστα,ὑμεῖς ἀτρεκέως. ἔτι μοι νόος οἶδεν ἕκαστα,tlg0001.tlg001.perseus-grc2.xml
Argonautica,tlg001,2,213,"ᾗσι θεοπροπίῃσι. χάριν νύ τοι, ὦ ἄνα Λητοῦς","ᾗσι θεοπροπίῃσι. χάριν νύ τοι, ὦ ἄνα Λητοῦς",tlg0001.tlg001.perseus-grc2.xml
Argonautica,tlg001,2,214,"υἱέ, καὶ ἀργαλέοισιν ἀνάπτομαι ἐν καμάτοισιν.","υἱέ, καὶ ἀργαλέοισιν ἀνάπτομαι ἐν καμάτοισιν.",tlg0001.tlg001.perseus-grc2.xml
Argonautica,tlg001,2,215,"Ἱκεσίου πρὸς Ζηνός, ὅτις ῥίγιστος ἀλιτροῖς","Ἱκεσίου πρὸς Ζηνός, ὅτις ῥίγιστος ἀλιτροῖς",tlg0001.tlg001.perseus-grc2.xml
Argonautica,tlg001,2,216,"ἀνδράσι, Φοίβου τʼ ἀμφὶ καὶ αὐτῆς εἵνεκεν Ἥρης","ἀνδράσι, Φοίβου τ’ ἀμφὶ καὶ αὐτῆς εἵνεκεν Ἥρης",tlg0001.tlg001.perseus-grc2.xml
Argonautica,tlg001,2,217,"λίσσομαι, ᾗ περίαλλα θεῶν μέμβλεσθε κιόντες,","λίσσομαι, ᾗ περίαλλα θεῶν μέμβλεσθε κιόντες,",tlg0001.tlg001.perseus-grc2.xml
Argonautica,tlg001,2,218,"χραίσμετέ μοι, ῥύσασθε δυσάμμορον ἀνέρα λύμης,","χραίσμετέ μοι, ῥύσασθε δυσάμμορον ἀνέρα λύμης,",tlg0001.tlg001.perseus-grc2.xml
Argonautica,tlg001,2,219,μηδέ μʼ ἀκηδείῃσιν ἀφορμήθητε λιπόντες,μηδέ μ’ ἀκηδείῃσιν ἀφορμήθητε λιπόντες,tlg0001.tlg001.perseus-grc2.xml
Argonautica,tlg001,2,220,αὔτως. οὐ γὰρ μοῦνον ἐπʼ ὀφθαλμοῖσιν Ἐρινὺς,αὔτως. οὐ γὰρ μοῦνον ἐπ’ ὀφθαλμοῖσιν Ἐρινὺς,tlg0001.tlg001.perseus-grc2.xml
Argonautica,tlg001,2,221,"λὰξ ἐπέβη, καὶ γῆρας ἀμήρυτον ἐς τέλος ἕλκω·","λὰξ ἐπέβη, καὶ γῆρας ἀμήρυτον ἐς τέλος ἕλκω·",tlg0001.tlg001.perseus-grc2.xml
Argonautica,tlg001,2,222,πρὸς δʼ ἔτι πικρότατον κρέμαται κακὸν ἄλλο κακοῖσιν.,πρὸς δ’ ἔτι πικρότατον κρέμαται κακὸν ἄλλο κακοῖσιν.,tlg0001.tlg001.perseus-grc2.xml
Argonautica,tlg001,2,223,ἅρπυιαι στόματός μοι ἀφαρπάζουσιν ἐδωδὴν,ἅρπυιαι στόματός μοι ἀφαρπάζουσιν ἐδωδὴν,tlg0001.tlg001.perseus-grc2.xml
Argonautica,tlg001,2,224,ἔκποθεν ἀφράστοιο καταΐσσουσαι ὄλεθροι.,ἔκποθεν ἀφράστοιο καταΐσσουσαι ὄλεθροι.,tlg0001.tlg001.perseus-grc2.xml
Argonautica,tlg001,2,225,ἴσχω δʼ οὔτινα μῆτιν ἐπίρροθον. ἀλλά κε ῥεῖα,ἴσχω δ’ οὔτινα μῆτιν ἐπίρροθον. ἀλλά κε ῥεῖα,tlg0001.tlg001.perseus-grc2.xml
Argonautica,tlg001,2,226,"αὐτὸς ἑὸν λελάθοιμι νόον δόρποιο μεμηλώς,","αὐτὸς ἑὸν λελάθοιμι νόον δόρποιο μεμηλώς,",tlg0001.tlg001.perseus-grc2.xml
Argonautica,tlg001,2,227,ἢ κείνας· ὧδʼ αἶψα διηέριαι ποτέονται.,ἢ κείνας· ὧδ’ αἶψα διηέριαι ποτέονται.,tlg0001.tlg001.perseus-grc2.xml
Argonautica,tlg001,2,228,"τυτθὸν δʼ ἢν ἄρα δήποτʼ ἐδητύος ἄμμι λίπωσιν,","τυτθὸν δ’ ἢν ἄρα δήποτ’ ἐδητύος ἄμμι λίπωσιν,",tlg0001.tlg001.perseus-grc2.xml
Argonautica,tlg001,2,229,πνεῖ τόδε μυδαλέον τε καὶ οὐ τλητὸν μένος ὀδμῆς·,πνεῖ τόδε μυδαλέον τε καὶ οὐ τλητὸν μένος ὀδμῆς·,tlg0001.tlg001.perseus-grc2.xml
Argonautica,tlg001,2,230,"οὔ κέ τις οὐδὲ μίνυνθα βροτῶν ἄνσχοιτο πελάσσας,","οὔ κέ τις οὐδὲ μίνυνθα βροτῶν ἄνσχοιτο πελάσσας,",tlg0001.tlg001.perseus-grc2.xml
Argonautica,tlg001,2,231,οὐδʼ εἴ οἱ ἀδάμαντος ἐληλάμενον κέαρ εἴη.,οὐδ’ εἴ οἱ ἀδάμαντος ἐληλάμενον κέαρ εἴη.,tlg0001.tlg001.perseus-grc2.xml
Argonautica,tlg001,2,232,ἀλλά με πικρὴ δῆτα καὶ ἄατος ἴσχει ἀνάγκη,ἀλλά με πικρὴ δῆτα καὶ ἄατος ἴσχει ἀνάγκη,tlg0001.tlg001.perseus-grc2.xml
Argonautica,tlg001,2,233,μίμνειν καὶ μίμνοντα κακῇ ἐνὶ γαστέρι θέσθαι.,μίμνειν καὶ μίμνοντα κακῇ ἐνὶ γαστέρι θέσθαι.,tlg0001.tlg001.perseus-grc2.xml
Argonautica,tlg001,2,234,τὰς μὲν θέσφατόν ἐστιν ἐρητῦσαι Βορέαο,τὰς μὲν θέσφατόν ἐστιν ἐρητῦσαι Βορέαο,tlg0001.tlg001.perseus-grc2.xml
Argonautica,tlg001,2,235,"υἱέας. οὐδʼ ὀθνεῖοι ἀλαλκήσουσιν ἐόντες,","υἱέας. οὐδ’ ὀθνεῖοι ἀλαλκήσουσιν ἐόντες,",tlg0001.tlg001.perseus-grc2.xml
Argonautica,tlg001,2,236,εἰ δὴ ἐγὼν ὁ πρίν ποτʼ ἐπικλυτὸς ἀνδράσι Φινεὺς,εἰ δὴ ἐγὼν ὁ πρίν ποτ’ ἐπικλυτὸς ἀνδράσι Φινεὺς,tlg0001.tlg001.perseus-grc2.xml
Argonautica,tlg001,2,237,"ὄλβῳ μαντοσύνῃ τε, πατὴρ δέ με γείνατʼ Ἀγήνωρ·","ὄλβῳ μαντοσύνῃ τε, πατὴρ δέ με γείνατ’ Ἀγήνωρ·",tlg0001.tlg001.perseus-grc2.xml
Argonautica,tlg001,2,238,"τῶν δὲ κασιγνήτην, ὅτʼ ἐνὶ Θρῄκεσσιν ἄνασσον,","τῶν δὲ κασιγνήτην, ὅτ’ ἐνὶ Θρῄκεσσιν ἄνασσον,",tlg0001.tlg001.perseus-grc2.xml
Argonautica,tlg001,2,239,Κλειοπάτρην ἕδνοισιν ἐμὸν δόμον ἦγον ἄκοιτιν.,Κλειοπάτρην ἕδνοισιν ἐμὸν δόμον ἦγον ἄκοιτιν.,tlg0001.tlg001.perseus-grc2.xml
Argonautica,tlg001,2,240,Ἴσκεν Ἀγηνορίδης· ἀδινὸν δʼ ἕλε κῆδος ἕκαστον,Ἴσκεν Ἀγηνορίδης· ἀδινὸν δ’ ἕλε κῆδος ἕκαστον,tlg0001.tlg001.perseus-grc2.xml
Argonautica,tlg001,2,241,"ἡρώων, πέρι δʼ αὖτε δύω υἷας Βορέαο.","ἡρώων, πέρι δ’ αὖτε δύω υἷας Βορέαο.",tlg0001.tlg001.perseus-grc2.xml
Argonautica,tlg001,2,242,"δάκρυ δʼ ὀμορξαμένω σχεδὸν ἤλυθον, ὧδέ τʼ ἔειπεν","δάκρυ δ’ ὀμορξαμένω σχεδὸν ἤλυθον, ὧδέ τ’ ἔειπεν",tlg0001.tlg001.perseus-grc2.xml
Argonautica,tlg001,2,243,"Ζήτης, ἀσχαλόωντος ἑλὼν χερὶ χεῖρα γέροντος·","Ζήτης, ἀσχαλόωντος ἑλὼν χερὶ χεῖρα γέροντος·",tlg0001.tlg001.perseus-grc2.xml
Argonautica,tlg001,2,244,"Ἆ δείλʼ, οὔτινά φημι σέθεν σμυγερώτερον ἄλλον","Ἆ δείλ’, οὔτινά φημι σέθεν σμυγερώτερον ἄλλον",tlg0001.tlg001.perseus-grc2.xml
Argonautica,tlg001,2,245,ἔμμεναι ἀνθρώπων. τί νύ τοι τόσα κήδεʼ ἀνῆπται;,ἔμμεναι ἀνθρώπων. τί νύ τοι τόσα κήδε’ ἀνῆπται;,tlg0001.tlg001.perseus-grc2.xml
Argonautica,tlg001,2,246,ἦ ῥα θεοὺς ὀλοῇσι παρήλιτες ἀφραδίῃσιν,ἦ ῥα θεοὺς ὀλοῇσι παρήλιτες ἀφραδίῃσιν,tlg0001.tlg001.perseus-grc2.xml
Argonautica,tlg001,2,247,μαντοσύνας δεδαώς; τῶ τοι μέγα μηνιόωσιν;,μαντοσύνας δεδαώς; τῶ τοι μέγα μηνιόωσιν;,tlg0001.tlg001.perseus-grc2.xml
Argonautica,tlg001,2,248,ἄμμι γε μὴν νόος ἔνδον ἀτύζεται ἱεμένοισιν,ἄμμι γε μὴν νόος ἔνδον ἀτύζεται ἱεμένοισιν,tlg0001.tlg001.perseus-grc2.xml
Argonautica,tlg001,2,249,"χραισμεῖν, εἰ δὴ πρόχνυ γέρας τόδε πάρθετο δαίμων","χραισμεῖν, εἰ δὴ πρόχνυ γέρας τόδε πάρθετο δαίμων",tlg0001.tlg001.perseus-grc2.xml
Argonautica,tlg001,2,250,νῶιν. ἀρίζηλοι γὰρ ἐπιχθονίοισιν ἐνιπαὶ,νῶιν. ἀρίζηλοι γὰρ ἐπιχθονίοισιν ἐνιπαὶ,tlg0001.tlg001.perseus-grc2.xml
Argonautica,tlg001,2,251,ἀθανάτων. οὐδʼ ἂν πρὶν ἐρητύσαιμεν ἰούσας,ἀθανάτων. οὐδ’ ἂν πρὶν ἐρητύσαιμεν ἰούσας,tlg0001.tlg001.perseus-grc2.xml
Argonautica,tlg001,2,252,"Ἁρπυίας, μάλα περ λελιημένοι, ἔστʼ ἂν ὀμόσσῃς,","Ἁρπυίας, μάλα περ λελιημένοι, ἔστ’ ἂν ὀμόσσῃς,",tlg0001.tlg001.perseus-grc2.xml
Argonautica,tlg001,2,253,μὴ μὲν τοῖό γʼ ἕκητι θεοῖς ἀπὸ θυμοῦ ἔσεσθαι.,μὴ μὲν τοῖό γ’ ἕκητι θεοῖς ἀπὸ θυμοῦ ἔσεσθαι.,tlg0001.tlg001.perseus-grc2.xml
Argonautica,tlg001,2,254,ὧς φάτο· τοῦ δʼ ἰθὺς κενεὰς ὁ γεραιὸς ἀνέσχεν,ὧς φάτο· τοῦ δ’ ἰθὺς κενεὰς ὁ γεραιὸς ἀνέσχεν,tlg0001.tlg001.perseus-grc2.xml
Argonautica,tlg001,2,255,"γλήνας ἀμπετάσας, καὶ ἀμείψατο τοῖσδʼ ἐπέεσσιν·","γλήνας ἀμπετάσας, καὶ ἀμείψατο τοῖσδ’ ἐπέεσσιν·",tlg0001.tlg001.perseus-grc2.xml
Argonautica,tlg001,2,256,"σίγα· μή μοι ταῦτα νόῳ ἔνι βάλλεο, τέκνον.","σίγα· μή μοι ταῦτα νόῳ ἔνι βάλλεο, τέκνον.",tlg0001.tlg001.perseus-grc2.xml
Argonautica,tlg001,2,257,"ἴστω Λητοῦς υἱός, ὅ με πρόφρων ἐδίδαξεν","ἴστω Λητοῦς υἱός, ὅ με πρόφρων ἐδίδαξεν",tlg0001.tlg001.perseus-grc2.xml
Argonautica,tlg001,2,258,"μαντοσύνας· ἴστω δὲ δυσώνυμος, ἥ μʼ ἔλαχεν, κὴρ","μαντοσύνας· ἴστω δὲ δυσώνυμος, ἥ μ’ ἔλαχεν, κὴρ",tlg0001.tlg001.perseus-grc2.xml
Argonautica,tlg001,2,259,"καὶ τόδʼ ἐπʼ ὀφθαλμῶν ἀλαὸν νέφος, οἵ θʼ ὑπένερθεν","καὶ τόδ’ ἐπ’ ὀφθαλμῶν ἀλαὸν νέφος, οἵ θ’ ὑπένερθεν",tlg0001.tlg001.perseus-grc2.xml
Argonautica,tlg001,2,260,"δαίμονες, οἳ μηδʼ ὧδε θανόντι περ εὐμενέοιεν,","δαίμονες, οἳ μηδ’ ὧδε θανόντι περ εὐμενέοιεν,",tlg0001.tlg001.perseus-grc2.xml
Argonautica,tlg001,2,261,ὡς οὔ τις θεόθεν χόλος ἔσσεται εἵνεκʼ ἀρωγῆς.,ὡς οὔ τις θεόθεν χόλος ἔσσεται εἵνεκ’ ἀρωγῆς.,tlg0001.tlg001.perseus-grc2.xml
Argonautica,tlg001,2,262,τὼ μὲν ἔπειθʼ ὅρκοισιν ἀλαλκέμεναι μενέαινον.,τὼ μὲν ἔπειθ’ ὅρκοισιν ἀλαλκέμεναι μενέαινον.,tlg0001.tlg001.perseus-grc2.xml
Argonautica,tlg001,2,263,"αἶψα δὲ κουρότεροι πεπονήατο δαῖτα γέροντι,","αἶψα δὲ κουρότεροι πεπονήατο δαῖτα γέροντι,",tlg0001.tlg001.perseus-grc2.xml
Argonautica,tlg001,2,264,λοίσθιον Ἁρπυίῃσιν ἑλώριον· ἐγγύθι δʼ ἄμφω,λοίσθιον Ἁρπυίῃσιν ἑλώριον· ἐγγύθι δ’ ἄμφω,tlg0001.tlg001.perseus-grc2.xml
Argonautica,tlg001,2,265,"στῆσαν, ἵνα ξιφέεσσιν ἐπεσσυμένας ἐλάσειαν.","στῆσαν, ἵνα ξιφέεσσιν ἐπεσσυμένας ἐλάσειαν.",tlg0001.tlg001.perseus-grc2.xml
Argonautica,tlg001,2,266,καὶ δὴ τὰ πρώτισθʼ ὁ γέρων ἔψαυεν ἐδωδῆς·,καὶ δὴ τὰ πρώτισθ’ ὁ γέρων ἔψαυεν ἐδωδῆς·,tlg0001.tlg001.perseus-grc2.xml
Argonautica,tlg001,2,267,"αἱ δʼ ἄφαρ ἠύτʼ ἄελλαι ἀδευκέες, ἢ στεροπαὶ ὥς,","αἱ δ’ ἄφαρ ἠύτ’ ἄελλαι ἀδευκέες, ἢ στεροπαὶ ὥς,",tlg0001.tlg001.perseus-grc2.xml
Argonautica,tlg001,2,268,ἀπρόφατοι νεφέων ἐξάλμεναι ἐσσεύοντο,ἀπρόφατοι νεφέων ἐξάλμεναι ἐσσεύοντο,tlg0001.tlg001.perseus-grc2.xml
Argonautica,tlg001,2,269,κλαγγῇ μαιμώωσαι ἐδητύος· οἱ δʼ ἐσιδόντες,κλαγγῇ μαιμώωσαι ἐδητύος· οἱ δ’ ἐσιδόντες,tlg0001.tlg001.perseus-grc2.xml
Argonautica,tlg001,2,270,ἥρωες μεσσηγὺς ἀνίαχον· αἱ δʼ ἅμʼ ἀυτῇ,ἥρωες μεσσηγὺς ἀνίαχον· αἱ δ’ ἅμ’ ἀυτῇ,tlg0001.tlg001.perseus-grc2.xml
Argonautica,tlg001,2,271,πάντα καταβρόξασαι ὑπὲρ πόντοιο φέροντο,πάντα καταβρόξασαι ὑπὲρ πόντοιο φέροντο,tlg0001.tlg001.perseus-grc2.xml
Argonautica,tlg001,2,272,τῆλε παρέξ· ὀδμὴ δὲ δυσάσχετος αὖθι λέλειπτο.,τῆλε παρέξ· ὀδμὴ δὲ δυσάσχετος αὖθι λέλειπτο.,tlg0001.tlg001.perseus-grc2.xml
Argonautica,tlg001,2,273,τάων δʼ αὖ κατόπισθε δύω υἷες Βορέαο,τάων δ’ αὖ κατόπισθε δύω υἷες Βορέαο,tlg0001.tlg001.perseus-grc2.xml
Argonautica,tlg001,2,274,φάσγανʼ ἐπισχόμενοι ὀπίσω θέον. ἐν γὰρ ἕηκεν,φάσγαν’ ἐπισχόμενοι ὀπίσω θέον. ἐν γὰρ ἕηκεν,tlg0001.tlg001.perseus-grc2.xml
Argonautica,tlg001,2,275,Ζεὺς μένος ἀκάματόν σφιν· ἀτὰρ Διὸς οὔ κεν ἑπέσθην,Ζεὺς μένος ἀκάματόν σφιν· ἀτὰρ Διὸς οὔ κεν ἑπέσθην,tlg0001.tlg001.perseus-grc2.xml
Argonautica,tlg001,2,276,"νόσφιν, ἐπεὶ ζεφύροιο παραΐσσεσκον ἀέλλας","νόσφιν, ἐπεὶ ζεφύροιο παραΐσσεσκον ἀέλλας",tlg0001.tlg001.perseus-grc2.xml
Argonautica,tlg001,2,277,αἰέν. ὅτʼ ἐς Φινῆα καὶ ἐκ Φινῆος ἴοιεν.,αἰέν. ὅτ’ ἐς Φινῆα καὶ ἐκ Φινῆος ἴοιεν.,tlg0001.tlg001.perseus-grc2.xml
Argonautica,tlg001,2,278,ὡς δʼ ὅτʼ ἐνὶ κνημοῖσι κύνες δεδαημένοι ἄγρη;,ὡς δ’ ὅτ’ ἐνὶ κνημοῖσι κύνες δεδαημένοι ἄγρη;,tlg0001.tlg001.perseus-grc2.xml
Argonautica,tlg001,2,279,ἢ αἶγας κεραοὺς ἠὲ πρόκας ἰχνεύοντες,ἢ αἶγας κεραοὺς ἠὲ πρόκας ἰχνεύοντες,tlg0001.tlg001.perseus-grc2.xml
Argonautica,tlg001,2,280,"θείωσιν, τυτθὸν δὲ τιταινόμενοι μετόπισθεν","θείωσιν, τυτθὸν δὲ τιταινόμενοι μετόπισθεν",tlg0001.tlg001.perseus-grc2.xml
Argonautica,tlg001,2,281,ἄκρῃς ἐν γενύεσσι μάτην ἀράβησαν ὀδόντας·,ἄκρῃς ἐν γενύεσσι μάτην ἀράβησαν ὀδόντας·,tlg0001.tlg001.perseus-grc2.xml
Argonautica,tlg001,2,282,ὧς Ζήτης Κάλαΐς τε μάλα σχεδὸν ἀίσσοντες,ὧς Ζήτης Κάλαΐς τε μάλα σχεδὸν ἀίσσοντες,tlg0001.tlg001.perseus-grc2.xml
Argonautica,tlg001,2,283,τάων ἀκροτάτῃσιν ἐπέχραον ἤλιθα χερσίν.,τάων ἀκροτάτῃσιν ἐπέχραον ἤλιθα χερσίν.,tlg0001.tlg001.perseus-grc2.xml
Argonautica,tlg001,2,284,καί νύ κε δή σφʼ ἀέκητι θεῶν διεδηλήσαντο,καί νύ κε δή σφ’ ἀέκητι θεῶν διεδηλήσαντο,tlg0001.tlg001.perseus-grc2.xml
Argonautica,tlg001,2,285,"πολλὸν ἑκὰς νήσοισιν ἔπι Πλωτῇσι κιχόντες,","πολλὸν ἑκὰς νήσοισιν ἔπι Πλωτῇσι κιχόντες,",tlg0001.tlg001.perseus-grc2.xml
Argonautica,tlg001,2,286,"εἰ μὴ ἄρʼ ὠκέα Ἶρις ἴδεν, κατὰ δʼ αἰθέρος ἆλτο","εἰ μὴ ἄρ’ ὠκέα Ἶρις ἴδεν, κατὰ δ’ αἰθέρος ἆλτο",tlg0001.tlg001.perseus-grc2.xml
Argonautica,tlg001,2,287,"οὐρανόθεν, καὶ τοῖα παραιφαμένη κατέρυκεν·","οὐρανόθεν, καὶ τοῖα παραιφαμένη κατέρυκεν·",tlg0001.tlg001.perseus-grc2.xml
Argonautica,tlg001,2,288,"οὐ θέμις, ὦ υἱεῖς Βορέω, ξιφέεσσιν ἐλάσσαι","οὐ θέμις, ὦ υἱεῖς Βορέω, ξιφέεσσιν ἐλάσσαι",tlg0001.tlg001.perseus-grc2.xml
Argonautica,tlg001,2,289,"Ἁρπυίας, μεγάλοιο Διὸς κύνας· ὅρκια δʼ αὐτὴ","Ἁρπυίας, μεγάλοιο Διὸς κύνας· ὅρκια δ’ αὐτὴ",tlg0001.tlg001.perseus-grc2.xml
Argonautica,tlg001,2,290,"δώσω ἐγών, ὡς οὔ οἱ ἔτι χρίμψουσιν ἰοῦσαι.","δώσω ἐγών, ὡς οὔ οἱ ἔτι χρίμψουσιν ἰοῦσαι.",tlg0001.tlg001.perseus-grc2.xml
Argonautica,tlg001,2,291,"ὧς φαμένη λοιβὴν Στυγὸς ὤμοσεν, ἥ τε θεοῖσιν","ὧς φαμένη λοιβὴν Στυγὸς ὤμοσεν, ἥ τε θεοῖσιν",tlg0001.tlg001.perseus-grc2.xml
Argonautica,tlg001,2,292,"ῥιγίστη πάντεσσιν ὀπιδνοτάτη τε τέτυκται,","ῥιγίστη πάντεσσιν ὀπιδνοτάτη τε τέτυκται,",tlg0001.tlg001.perseus-grc2.xml
Argonautica,tlg001,2,293,μὴ μὲν Ἀγηνορίδαο δόμοις ἔτι τάσδε πελάσσαι,μὴ μὲν Ἀγηνορίδαο δόμοις ἔτι τάσδε πελάσσαι,tlg0001.tlg001.perseus-grc2.xml
Argonautica,tlg001,2,294,"εἰσαῦτις Φινῆος, ἐπεὶ καὶ μόρσιμον ἦεν.","εἰσαῦτις Φινῆος, ἐπεὶ καὶ μόρσιμον ἦεν.",tlg0001.tlg001.perseus-grc2.xml
Argonautica,tlg001,2,295,οἱ δʼ ὅρκῳ εἴξαντες ὑπέστρεφον ἂψ ἐπὶ νῆα,οἱ δ’ ὅρκῳ εἴξαντες ὑπέστρεφον ἂψ ἐπὶ νῆα,tlg0001.tlg001.perseus-grc2.xml
Argonautica,tlg001,2,296,σώεσθαι. Στροφάδας δὲ μετακλείουσʼ ἄνθρωποι,σώεσθαι. Στροφάδας δὲ μετακλείουσ’ ἄνθρωποι,tlg0001.tlg001.perseus-grc2.xml
Argonautica,tlg001,2,297,"νήσους τοῖό γʼ ἕκητι, πάρος Πλωτὰς καλέοντες.","νήσους τοῖό γ’ ἕκητι, πάρος Πλωτὰς καλέοντες.",tlg0001.tlg001.perseus-grc2.xml
Argonautica,tlg001,2,298,Ἄρπυιαί τʼ Ἶρίς τε διέτμαγεν. αἱ μὲν ἔδυσαν,Ἄρπυιαί τ’ Ἶρίς τε διέτμαγεν. αἱ μὲν ἔδυσαν,tlg0001.tlg001.perseus-grc2.xml
Argonautica,tlg001,2,299,κευθμῶνα Κρήτης Μινωίδος· ἡ δʼ ἀνόρουσεν,κευθμῶνα Κρήτης Μινωίδος· ἡ δ’ ἀνόρουσεν,tlg0001.tlg001.perseus-grc2.xml
Argonautica,tlg001,2,300,"Οὔλυμπόνδε, θοῇσι μεταχρονίη πτερύγεσσιν.","Οὔλυμπόνδε, θοῇσι μεταχρονίη πτερύγεσσιν.",tlg0001.tlg001.perseus-grc2.xml
Argonautica,tlg001,2,301,τόφρα δʼ ἀριστῆες πινόεν περὶ δέρμα γέροντος,τόφρα δ’ ἀριστῆες πινόεν περὶ δέρμα γέροντος,tlg0001.tlg001.perseus-grc2.xml
Argonautica,tlg001,2,302,πάντῃ φοιβήσαντες ἐπικριδὸν ἱρεύσαντο,πάντῃ φοιβήσαντες ἐπικριδὸν ἱρεύσαντο,tlg0001.tlg001.perseus-grc2.xml
Argonautica,tlg001,2,303,"μῆλα, τά τʼ ἐξ Ἀμύκοιο λεηλασίης ἐκόμισσαν.","μῆλα, τά τ’ ἐξ Ἀμύκοιο λεηλασίης ἐκόμισσαν.",tlg0001.tlg001.perseus-grc2.xml
Argonautica,tlg001,2,304,"αὐτὰρ ἐπεὶ μέγα δόρπον ἐνὶ μεγάροισιν ἔθεντο,","αὐτὰρ ἐπεὶ μέγα δόρπον ἐνὶ μεγάροισιν ἔθεντο,",tlg0001.tlg001.perseus-grc2.xml
Argonautica,tlg001,2,305,δαίνυνθʼ ἑζόμενοι· σὺν δέ σφισι δαίνυτο Φινεὺς,δαίνυνθ’ ἑζόμενοι· σὺν δέ σφισι δαίνυτο Φινεὺς,tlg0001.tlg001.perseus-grc2.xml
Argonautica,tlg001,2,306,"ἁρπαλέως, οἷόν τʼ ἐν ὀνείρασι θυμὸν ἰαίνων.","ἁρπαλέως, οἷόν τ’ ἐν ὀνείρασι θυμὸν ἰαίνων.",tlg0001.tlg001.perseus-grc2.xml
Argonautica,tlg001,2,307,"ἔνθα δʼ, ἐπεὶ δόρποιο κορέσσαντʼ ἠδὲ ποτῆτος,","ἔνθα δ’, ἐπεὶ δόρποιο κορέσσαντ’ ἠδὲ ποτῆτος,",tlg0001.tlg001.perseus-grc2.xml
Argonautica,tlg001,2,308,παννύχιοι Βορέω μένον υἱέας ἐγρήσσοντες.,παννύχιοι Βορέω μένον υἱέας ἐγρήσσοντες.,tlg0001.tlg001.perseus-grc2.xml
Argonautica,tlg001,2,309,αὐτὸς δʼ ἐν μέσσοισι παρʼ ἐσχάρῃ ἧστο γεραιὸς,αὐτὸς δ’ ἐν μέσσοισι παρ’ ἐσχάρῃ ἧστο γεραιὸς,tlg0001.tlg001.perseus-grc2.xml
Argonautica,tlg001,2,310,πείρατα ναυτιλίης ἐνέπων ἄνυσίν τε κελεύθου·,πείρατα ναυτιλίης ἐνέπων ἄνυσίν τε κελεύθου·,tlg0001.tlg001.perseus-grc2.xml
Argonautica,tlg001,2,311,κλῦτέ νυν. οὐ μὲν πάντα πέλει θέμις ὔμμι δαῆναι,κλῦτέ νυν. οὐ μὲν πάντα πέλει θέμις ὔμμι δαῆναι,tlg0001.tlg001.perseus-grc2.xml
Argonautica,tlg001,2,312,"ἀτρεκές· ὅσσα δʼ ὄρωρε θεοῖς φίλον, οὐκ ἐπικεύσω.","ἀτρεκές· ὅσσα δ’ ὄρωρε θεοῖς φίλον, οὐκ ἐπικεύσω.",tlg0001.tlg001.perseus-grc2.xml
Argonautica,tlg001,2,313,ἀασάμην καὶ πρόσθε Διὸς νόον ἀφραδίῃσιν,ἀασάμην καὶ πρόσθε Διὸς νόον ἀφραδίῃσιν,tlg0001.tlg001.perseus-grc2.xml
Argonautica,tlg001,2,314,χρείων ἑξείης τε καὶ ἐς τέλος. ὧδε γὰρ αὐτὸς,χρείων ἑξείης τε καὶ ἐς τέλος. ὧδε γὰρ αὐτὸς,tlg0001.tlg001.perseus-grc2.xml
Argonautica,tlg001,2,315,βούλεται ἀνθρώποις ἐπιδευέα θέσφατα φαίνειν,βούλεται ἀνθρώποις ἐπιδευέα θέσφατα φαίνειν,tlg0001.tlg001.perseus-grc2.xml
Argonautica,tlg001,2,316,"μαντοσύνης, ἵνα καί τι θεῶν χατέωσι νόοιο.","μαντοσύνης, ἵνα καί τι θεῶν χατέωσι νόοιο.",tlg0001.tlg001.perseus-grc2.xml
Argonautica,tlg001,2,317,"πέτρας μὲν πάμπρωτον, ἀφορμηθέντες ἐμεῖο,","πέτρας μὲν πάμπρωτον, ἀφορμηθέντες ἐμεῖο,",tlg0001.tlg001.perseus-grc2.xml
Argonautica,tlg001,2,318,"Κυανέας ὄψεσθε δύω ἁλὸς ἐν ξυνοχῇσιν,","Κυανέας ὄψεσθε δύω ἁλὸς ἐν ξυνοχῇσιν,",tlg0001.tlg001.perseus-grc2.xml
Argonautica,tlg001,2,319,τάων οὔτινά φημι διαμπερὲς ἐξαλέασθαι.,τάων οὔτινά φημι διαμπερὲς ἐξαλέασθαι.,tlg0001.tlg001.perseus-grc2.xml
Argonautica,tlg001,2,320,"οὐ γάρ τε ῥίζῃσιν ἐρήρεινται νεάτῃσιν,","οὐ γάρ τε ῥίζῃσιν ἐρήρεινται νεάτῃσιν,",tlg0001.tlg001.perseus-grc2.xml
Argonautica,tlg001,2,321,ἀλλὰ θαμὰ ξυνίασιν ἐναντίαι ἀλλήλῃσιν,ἀλλὰ θαμὰ ξυνίασιν ἐναντίαι ἀλλήλῃσιν,tlg0001.tlg001.perseus-grc2.xml
Argonautica,tlg001,2,322,"εἰς ἕν, ὕπερθε δὲ πολλὸν ἁλὸς κορθύεται ὕδωρ","εἰς ἕν, ὕπερθε δὲ πολλὸν ἁλὸς κορθύεται ὕδωρ",tlg0001.tlg001.perseus-grc2.xml
Argonautica,tlg001,2,323,βρασσόμενον· στρηνὲς δὲ περὶ στυφελῇ βρέμει ἀκτῇ.,βρασσόμενον· στρηνὲς δὲ περὶ στυφελῇ βρέμει ἀκτῇ.,tlg0001.tlg001.perseus-grc2.xml
Argonautica,tlg001,2,324,"τῶ νῦν ἡμετέρῃσι παραιφασίῃσι πίθεσθε,","τῶ νῦν ἡμετέρῃσι παραιφασίῃσι πίθεσθε,",tlg0001.tlg001.perseus-grc2.xml
Argonautica,tlg001,2,325,εἰ ἐτεὸν πυκινῷ τε νόῳ μακάρων τʼ ἀλέγοντες,εἰ ἐτεὸν πυκινῷ τε νόῳ μακάρων τ’ ἀλέγοντες,tlg0001.tlg001.perseus-grc2.xml
Argonautica,tlg001,2,326,πείρετε· μηδʼ αὔτως αὐτάγρετον οἶτον ὄλησθε,πείρετε· μηδ’ αὔτως αὐτάγρετον οἶτον ὄλησθε,tlg0001.tlg001.perseus-grc2.xml
Argonautica,tlg001,2,327,"ἀφραδέως, ἢ θύνετʼ ἐπισπόμενοι νεότητι.","ἀφραδέως, ἢ θύνετ’ ἐπισπόμενοι νεότητι.",tlg0001.tlg001.perseus-grc2.xml
Argonautica,tlg001,2,328,οἰωνῷ δή πρόσθε πελειάδι πειρήσασθαι,οἰωνῷ δή πρόσθε πελειάδι πειρήσασθαι,tlg0001.tlg001.perseus-grc2.xml
Argonautica,tlg001,2,329,νηὸς ἄπο προμεθέντες ἐφιέμεν. ἢν δὲ διʼ αὐτῶν,νηὸς ἄπο προμεθέντες ἐφιέμεν. ἢν δὲ δι’ αὐτῶν,tlg0001.tlg001.perseus-grc2.xml
Argonautica,tlg001,2,330,"πετράων πόντονδε σόη πτερύγεσσι δίηται,","πετράων πόντονδε σόη πτερύγεσσι δίηται,",tlg0001.tlg001.perseus-grc2.xml
Argonautica,tlg001,2,331,"μηκέτι δὴν μηδʼ αὐτοὶ ἐρητύεσθε κελεύθου,","μηκέτι δὴν μηδ’ αὐτοὶ ἐρητύεσθε κελεύθου,",tlg0001.tlg001.perseus-grc2.xml
Argonautica,tlg001,2,332,ἀλλʼ εὖ καρτύναντες ἑαῖς ἐνὶ χερσὶν ἐρετμὰ,ἀλλ’ εὖ καρτύναντες ἑαῖς ἐνὶ χερσὶν ἐρετμὰ,tlg0001.tlg001.perseus-grc2.xml
Argonautica,tlg001,2,333,τέμνεθʼ ἁλὸς στεινωπόν· ἐπεὶ φάος οὔ νύ τι τόσσον,τέμνεθ’ ἁλὸς στεινωπόν· ἐπεὶ φάος οὔ νύ τι τόσσον,tlg0001.tlg001.perseus-grc2.xml
Argonautica,tlg001,2,334,"ἔσσετʼ ἐν εὐχωλῇσιν, ὅσον τʼ ἐνὶ κάρτεϊ χειρῶν.","ἔσσετ’ ἐν εὐχωλῇσιν, ὅσον τ’ ἐνὶ κάρτεϊ χειρῶν.",tlg0001.tlg001.perseus-grc2.xml
Argonautica,tlg001,2,335,τῶ καὶ τἆλλα μεθέντες ὀνήιστον πονέεσθαι,τῶ καὶ τἆλλα μεθέντες ὀνήιστον πονέεσθαι,tlg0001.tlg001.perseus-grc2.xml
Argonautica,tlg001,2,336,θαρσαλέως· πρὶν δʼ οὔτι θεοὺς λίσσεσθαι ἐρύκω.,θαρσαλέως· πρὶν δ’ οὔτι θεοὺς λίσσεσθαι ἐρύκω.,tlg0001.tlg001.perseus-grc2.xml
Argonautica,tlg001,2,337,"εἰ δέ κεν ἀντικρὺ πταμένη μεσσηγὺς ὄληται,","εἰ δέ κεν ἀντικρὺ πταμένη μεσσηγὺς ὄληται,",tlg0001.tlg001.perseus-grc2.xml
Argonautica,tlg001,2,338,ἄψορροι στέλλεσθαι ἐπεὶ πολὺ βέλτερον εἶξαι,ἄψορροι στέλλεσθαι ἐπεὶ πολὺ βέλτερον εἶξαι,tlg0001.tlg001.perseus-grc2.xml
Argonautica,tlg001,2,339,ἀθανάτοις. οὐ γάρ κε κακὸν μόρον ἐξαλέαισθε,ἀθανάτοις. οὐ γάρ κε κακὸν μόρον ἐξαλέαισθε,tlg0001.tlg001.perseus-grc2.xml
Argonautica,tlg001,2,340,"πετράων, οὐδʼ εἴ κε σιδηρείη πέλοι Λ̓ργώ.","πετράων, οὐδ’ εἴ κε σιδηρείη πέλοι Λ̓ργώ.",tlg0001.tlg001.perseus-grc2.xml
Argonautica,tlg001,2,341,"ὦ μέλεοι, μὴ τλῆτε παρὲξ ἐμὰ θέσφατα βῆναι,","ὦ μέλεοι, μὴ τλῆτε παρὲξ ἐμὰ θέσφατα βῆναι,",tlg0001.tlg001.perseus-grc2.xml
Argonautica,tlg001,2,342,"εἰ καί με τρὶς τόσσον ὀίεσθʼ Οὐρανίδῃσιν,","εἰ καί με τρὶς τόσσον ὀίεσθ’ Οὐρανίδῃσιν,",tlg0001.tlg001.perseus-grc2.xml
Argonautica,tlg001,2,343,"ὅσσον ἀνάρσιός εἰμι, καὶ εἰ πλεῖον στυγέεσθαι·","ὅσσον ἀνάρσιός εἰμι, καὶ εἰ πλεῖον στυγέεσθαι·",tlg0001.tlg001.perseus-grc2.xml
Argonautica,tlg001,2,344,μὴ τλῆτʼ οἰωνοῖο πάρεξ ἔτι νηὶ περῆσαι.,μὴ τλῆτ’ οἰωνοῖο πάρεξ ἔτι νηὶ περῆσαι.,tlg0001.tlg001.perseus-grc2.xml
Argonautica,tlg001,2,345,"καὶ τὰ μὲν ὥς κε πέλῃ, τὼς ἔσσεται. ἢν δὲ φύγητε","καὶ τὰ μὲν ὥς κε πέλῃ, τὼς ἔσσεται. ἢν δὲ φύγητε",tlg0001.tlg001.perseus-grc2.xml
Argonautica,tlg001,2,346,"σύνδρομα πετράων ἀσκηθέες ἔνδοθι Πόντου,","σύνδρομα πετράων ἀσκηθέες ἔνδοθι Πόντου,",tlg0001.tlg001.perseus-grc2.xml
Argonautica,tlg001,2,347,αὐτίκα Βιθυνῶν ἐπὶ δεξιὰ γαῖαν ἔχοντες,αὐτίκα Βιθυνῶν ἐπὶ δεξιὰ γαῖαν ἔχοντες,tlg0001.tlg001.perseus-grc2.xml
Argonautica,tlg001,2,348,"πλώετε ῥηγμῖνας πεφυλαγμένοι, εἰσόκεν αὖτε","πλώετε ῥηγμῖνας πεφυλαγμένοι, εἰσόκεν αὖτε",tlg0001.tlg001.perseus-grc2.xml
Argonautica,tlg001,2,349,Ῥήβαν ὠκυρόην ποταμὸν ἄκρην τε Μέλαιναν,Ῥήβαν ὠκυρόην ποταμὸν ἄκρην τε Μέλαιναν,tlg0001.tlg001.perseus-grc2.xml
Argonautica,tlg001,2,350,γνάμψαντες νήσου Θυνηίδος ὅρμον ἵκησθε.,γνάμψαντες νήσου Θυνηίδος ὅρμον ἵκησθε.,tlg0001.tlg001.perseus-grc2.xml
Argonautica,tlg001,2,351,κεῖθεν δʼ οὐ μάλα πουλὺ διὲξ ἁλὸς ἀντιπέραιαν,κεῖθεν δ’ οὐ μάλα πουλὺ διὲξ ἁλὸς ἀντιπέραιαν,tlg0001.tlg001.perseus-grc2.xml
Argonautica,tlg001,2,352,γῆν Μαριανδυνῶν ἐπικέλσετε νοστήσαντες.,γῆν Μαριανδυνῶν ἐπικέλσετε νοστήσαντες.,tlg0001.tlg001.perseus-grc2.xml
Argonautica,tlg001,2,353,"ἔνθα μὲν εἰς Ἀίδαο καταιβάτις ἐστὶ κέλευθος,","ἔνθα μὲν εἰς Ἀίδαο καταιβάτις ἐστὶ κέλευθος,",tlg0001.tlg001.perseus-grc2.xml
Argonautica,tlg001,2,354,"ἄκρη τε προβλὴς Ἀχερουσιὰς ὑψόθι τείνει,","ἄκρη τε προβλὴς Ἀχερουσιὰς ὑψόθι τείνει,",tlg0001.tlg001.perseus-grc2.xml
Argonautica,tlg001,2,355,δινήεις τʼ Ἀχέρων αὐτὴν διὰ νειόθι τέμνων,δινήεις τ’ Ἀχέρων αὐτὴν διὰ νειόθι τέμνων,tlg0001.tlg001.perseus-grc2.xml
Argonautica,tlg001,2,356,ἄκρην ἐκ μεγάλης προχοὰς ἵησι φάραγγος.,ἄκρην ἐκ μεγάλης προχοὰς ἵησι φάραγγος.,tlg0001.tlg001.perseus-grc2.xml
Argonautica,tlg001,2,357,ἀγχίμολον δʼ ἐπὶ τῇ πολέας παρανεῖσθε κολωνοὺς,ἀγχίμολον δ’ ἐπὶ τῇ πολέας παρανεῖσθε κολωνοὺς,tlg0001.tlg001.perseus-grc2.xml
Argonautica,tlg001,2,358,"Παφλαγόνων, τοῖσίν τʼ Ἐνετήιος ἐμβασίλευσεν","Παφλαγόνων, τοῖσίν τ’ Ἐνετήιος ἐμβασίλευσεν",tlg0001.tlg001.perseus-grc2.xml
Argonautica,tlg001,2,359,"πρῶτα Πέλοψ, τοῦ καί περ ἀφʼ αἵματος εὐχετόωνται.","πρῶτα Πέλοψ, τοῦ καί περ ἀφ’ αἵματος εὐχετόωνται.",tlg0001.tlg001.perseus-grc2.xml
Argonautica,tlg001,2,360,"ἔστι δέ τις ἄκρη Ἑλίκης κατεναντίον Ἄρκτου,","ἔστι δέ τις ἄκρη Ἑλίκης κατεναντίον Ἄρκτου,",tlg0001.tlg001.perseus-grc2.xml
Argonautica,tlg001,2,361,"πάντοθεν ἠλίβατος, καί μιν καλέουσι Κάραμβιν,","πάντοθεν ἠλίβατος, καί μιν καλέουσι Κάραμβιν,",tlg0001.tlg001.perseus-grc2.xml
Argonautica,tlg001,2,362,τῆς καὶ ὑπὲρ βορέαο περισχίζονται ἄελλαι·,τῆς καὶ ὑπὲρ βορέαο περισχίζονται ἄελλαι·,tlg0001.tlg001.perseus-grc2.xml
Argonautica,tlg001,2,363,ὧδε μάλʼ ἂμ πέλαγος τετραμμένη αἰθέρι κύρει.,ὧδε μάλ’ ἂμ πέλαγος τετραμμένη αἰθέρι κύρει.,tlg0001.tlg001.perseus-grc2.xml
Argonautica,tlg001,2,364,τήνδε περιγνάμψαντι πολὺς παρακέκλιται· ἤδη,τήνδε περιγνάμψαντι πολὺς παρακέκλιται· ἤδη,tlg0001.tlg001.perseus-grc2.xml
Argonautica,tlg001,2,365,αἰγιαλός· πολέος δʼ ἐπὶ πείρασιν Αἰγιαλοῖο,αἰγιαλός· πολέος δ’ ἐπὶ πείρασιν Αἰγιαλοῖο,tlg0001.tlg001.perseus-grc2.xml
Argonautica,tlg001,2,366,ἀκτῇ ἐπὶ προβλῆτι ῥοαὶ Ἅλυος ποταμοῖο,ἀκτῇ ἐπὶ προβλῆτι ῥοαὶ Ἅλυος ποταμοῖο,tlg0001.tlg001.perseus-grc2.xml
Argonautica,tlg001,2,367,δεινὸν ἐρεύγονται· μετὰ τὸν δʼ ἀγχίροος Ἶρις,δεινὸν ἐρεύγονται· μετὰ τὸν δ’ ἀγχίροος Ἶρις,tlg0001.tlg001.perseus-grc2.xml
Argonautica,tlg001,2,368,μειότερος λευκῇσιν ἑλίσσεται εἰς ἅλα δίναις.,μειότερος λευκῇσιν ἑλίσσεται εἰς ἅλα δίναις.,tlg0001.tlg001.perseus-grc2.xml
Argonautica,tlg001,2,369,κεῖθεν δὲ προτέρωσε μέγας καὶ ὑπείροχος ἀγκὼν,κεῖθεν δὲ προτέρωσε μέγας καὶ ὑπείροχος ἀγκὼν,tlg0001.tlg001.perseus-grc2.xml
Argonautica,tlg001,2,370,ἐξανέχει γαίης· ἐπὶ δὲ στόμα Θερμώδοντος,ἐξανέχει γαίης· ἐπὶ δὲ στόμα Θερμώδοντος,tlg0001.tlg001.perseus-grc2.xml
Argonautica,tlg001,2,371,κόλπῳ ἐν εὐδιόωντι Θεμισκύρειον ὑπʼ ἄκρην,κόλπῳ ἐν εὐδιόωντι Θεμισκύρειον ὑπ’ ἄκρην,tlg0001.tlg001.perseus-grc2.xml
Argonautica,tlg001,2,372,"μύρεται, εὐρείης διαειμένος ἠπείροιο.","μύρεται, εὐρείης διαειμένος ἠπείροιο.",tlg0001.tlg001.perseus-grc2.xml
Argonautica,tlg001,2,373,"ἔνθα δὲ Δοίαντος πεδίον, σχεδόθεν δὲ πόληες","ἔνθα δὲ Δοίαντος πεδίον, σχεδόθεν δὲ πόληες",tlg0001.tlg001.perseus-grc2.xml
Argonautica,tlg001,2,374,"τρισσαὶ Ἀμαζονίδων, μετά τε σμυγερώτατοι ἀνδρῶν","τρισσαὶ Ἀμαζονίδων, μετά τε σμυγερώτατοι ἀνδρῶν",tlg0001.tlg001.perseus-grc2.xml
Argonautica,tlg001,2,375,"τρηχεῖαν Χάλυβες καὶ ἀτειρέα γαῖαν ἔχουσιν,","τρηχεῖαν Χάλυβες καὶ ἀτειρέα γαῖαν ἔχουσιν,",tlg0001.tlg001.perseus-grc2.xml
Argonautica,tlg001,2,376,ἐργατίναι· τοὶ δʼ ἀμφὶ σιδήρεα ἔργα μέλονται.,ἐργατίναι· τοὶ δ’ ἀμφὶ σιδήρεα ἔργα μέλονται.,tlg0001.tlg001.perseus-grc2.xml
Argonautica,tlg001,2,377,ἄγχι δὲ αιετάουσι πολύρρηνες Τιβαρηνοὶ,ἄγχι δὲ αιετάουσι πολύρρηνες Τιβαρηνοὶ,tlg0001.tlg001.perseus-grc2.xml
Argonautica,tlg001,2,378,Ζηνὸς Ἐυξείνοιο Γενηταίην ὑπὲρ ἄκρην.,Ζηνὸς Ἐυξείνοιο Γενηταίην ὑπὲρ ἄκρην.,tlg0001.tlg001.perseus-grc2.xml
Argonautica,tlg001,2,379,τῇ δʼ ἐπὶ Μοσσύνοικοι ὁμούριοι ὑλήεσσαν,τῇ δ’ ἐπὶ Μοσσύνοικοι ὁμούριοι ὑλήεσσαν,tlg0001.tlg001.perseus-grc2.xml
Argonautica,tlg001,2,380,"ἑξείης ἤπειρον, ὑπωρείας τε νέμονται,","ἑξείης ἤπειρον, ὑπωρείας τε νέμονται,",tlg0001.tlg001.perseus-grc2.xml
Argonautica,tlg001,2,381,δουρατέοις πύργοισιν ἐν οἰκία τεκτήναντες,δουρατέοις πύργοισιν ἐν οἰκία τεκτήναντες,tlg0001.tlg001.perseus-grc2.xml
Argonautica,tlg001,2,382a,"κάλινα καὶ πύργους εὐπηγέας, οὓς καλέουσιν","κάλινα καὶ πύργους εὐπηγέας, οὓς καλέουσιν",tlg0001.tlg001.perseus-grc2.xml
Argonautica,tlg001,2,383a,μόσσυνας· καὶ δʼ αὐτοὶ ἐπώνυμοι ἔνθεν ἔασιν.,μόσσυνας· καὶ δ’ αὐτοὶ ἐπώνυμοι ἔνθεν ἔασιν.,tlg0001.tlg001.perseus-grc2.xml
Argonautica,tlg001,2,382,"τοὺς παραμειβόμενοι λισσῇ ἐπικέλσετε νήσῳ,","τοὺς παραμειβόμενοι λισσῇ ἐπικέλσετε νήσῳ,",tlg0001.tlg001.perseus-grc2.xml
Argonautica,tlg001,2,383,μήτι παντοίῃ μέγʼ ἀναιδέας ἐξελάσαντες,μήτι παντοίῃ μέγ’ ἀναιδέας ἐξελάσαντες,tlg0001.tlg001.perseus-grc2.xml
Argonautica,tlg001,2,384,"οἰωνούς, οἳ δῆθεν ἀπειρέσιοι ἐφέπουσιν","οἰωνούς, οἳ δῆθεν ἀπειρέσιοι ἐφέπουσιν",tlg0001.tlg001.perseus-grc2.xml
Argonautica,tlg001,2,385,νῆσον ἐρημαίην. τῇ μέν τʼ ἐνὶ νηὸν Ἄρηος,νῆσον ἐρημαίην. τῇ μέν τ’ ἐνὶ νηὸν Ἄρηος,tlg0001.tlg001.perseus-grc2.xml
Argonautica,tlg001,2,386,λαΐνεον ποίησαν Ἀμαζονίδων βασίλειαι,λαΐνεον ποίησαν Ἀμαζονίδων βασίλειαι,tlg0001.tlg001.perseus-grc2.xml
Argonautica,tlg001,2,387,"Ὀτρηρή τε καὶ Ἀντιόπη, ὁπότε στρατόωντο.","Ὀτρηρή τε καὶ Ἀντιόπη, ὁπότε στρατόωντο.",tlg0001.tlg001.perseus-grc2.xml
Argonautica,tlg001,2,388,ἔνθα γὰρ ὔμμιν ὄνειαρ ἀδευκέος ἐξ ἁλὸς εἶσιν,ἔνθα γὰρ ὔμμιν ὄνειαρ ἀδευκέος ἐξ ἁλὸς εἶσιν,tlg0001.tlg001.perseus-grc2.xml
Argonautica,tlg001,2,389,ἄρρητον· τῶ καί τε φίλα φρονέων ἀγορεύω,ἄρρητον· τῶ καί τε φίλα φρονέων ἀγορεύω,tlg0001.tlg001.perseus-grc2.xml
Argonautica,tlg001,2,390,ἰσχέμεν. ἀλλὰ τίη με πάλιν χρειὼ ἀλιτέσθαι,ἰσχέμεν. ἀλλὰ τίη με πάλιν χρειὼ ἀλιτέσθαι,tlg0001.tlg001.perseus-grc2.xml
Argonautica,tlg001,2,391,μαντοσύνῃ τὰ ἕκαστα διηνεκὲς ἐξενέποντα;,μαντοσύνῃ τὰ ἕκαστα διηνεκὲς ἐξενέποντα;,tlg0001.tlg001.perseus-grc2.xml
Argonautica,tlg001,2,392,νήσου δὲ προτέρωσε καὶ ἠπείροιο περαίης,νήσου δὲ προτέρωσε καὶ ἠπείροιο περαίης,tlg0001.tlg001.perseus-grc2.xml
Argonautica,tlg001,2,393,φέρβονται Φίλυρες· Φιλύρων δʼ ἐφύπερθεν ἔασιν,φέρβονται Φίλυρες· Φιλύρων δ’ ἐφύπερθεν ἔασιν,tlg0001.tlg001.perseus-grc2.xml
Argonautica,tlg001,2,394,Μάκρωνες· μετὰ δʼ αὖ περιώσια φῦλα Βεχείρων.,Μάκρωνες· μετὰ δ’ αὖ περιώσια φῦλα Βεχείρων.,tlg0001.tlg001.perseus-grc2.xml
Argonautica,tlg001,2,395,ἑξείης δὲ Σάπειρες ἐπὶ σφίσι ναιετάουσιν·,ἑξείης δὲ Σάπειρες ἐπὶ σφίσι ναιετάουσιν·,tlg0001.tlg001.perseus-grc2.xml
Argonautica,tlg001,2,396,"Βύζηρες δʼ ἐπὶ τοῖσιν ὁμώλακες, ὧν ὕπερ ἤδη","Βύζηρες δ’ ἐπὶ τοῖσιν ὁμώλακες, ὧν ὕπερ ἤδη",tlg0001.tlg001.perseus-grc2.xml
Argonautica,tlg001,2,397,αὐτοὶ Κόλχοι ἔχονται ἀρήιοι. ἀλλʼ ἐνὶ νηὶ,αὐτοὶ Κόλχοι ἔχονται ἀρήιοι. ἀλλ’ ἐνὶ νηὶ,tlg0001.tlg001.perseus-grc2.xml
Argonautica,tlg001,2,398,"πείρεθʼ, ἕως μυχάτῃ κεν ἐνιχρίμψητε θαλάσσῃ.","πείρεθ’, ἕως μυχάτῃ κεν ἐνιχρίμψητε θαλάσσῃ.",tlg0001.tlg001.perseus-grc2.xml
Argonautica,tlg001,2,399,"ἔνθα δʼ ἐπʼ ἠπείροιο Κυταιίδος, ἠδʼ Ἀμαραντῶν","ἔνθα δ’ ἐπ’ ἠπείροιο Κυταιίδος, ἠδ’ Ἀμαραντῶν",tlg0001.tlg001.perseus-grc2.xml
Argonautica,tlg001,2,400,τηλόθεν ἐξ ὀρέων πεδίοιό τε Κιρκαίοιο,τηλόθεν ἐξ ὀρέων πεδίοιό τε Κιρκαίοιο,tlg0001.tlg001.perseus-grc2.xml
Argonautica,tlg001,2,401,Φᾶσις δινήεις εὐρὺν ῥόον εἰς ἅλα βάλλει.,Φᾶσις δινήεις εὐρὺν ῥόον εἰς ἅλα βάλλει.,tlg0001.tlg001.perseus-grc2.xml
Argonautica,tlg001,2,402,κείνου νῆʼ ἐλάοντες ἐπὶ προχοὰς ποταμοῖο,κείνου νῆ’ ἐλάοντες ἐπὶ προχοὰς ποταμοῖο,tlg0001.tlg001.perseus-grc2.xml
Argonautica,tlg001,2,403,"πύργους εἰσόψεσθε Κυταιέος Αἰήταο,","πύργους εἰσόψεσθε Κυταιέος Αἰήταο,",tlg0001.tlg001.perseus-grc2.xml
Argonautica,tlg001,2,404,"ἄλσος τε σκιόειν Ἄρεος, τόθι κῶας ἐπʼ ἄκρης","ἄλσος τε σκιόειν Ἄρεος, τόθι κῶας ἐπ’ ἄκρης",tlg0001.tlg001.perseus-grc2.xml
Argonautica,tlg001,2,405,"πεπτάμενον φηγοῖο δράκων, τέρας αἰνὸν ἰδέσθαι,","πεπτάμενον φηγοῖο δράκων, τέρας αἰνὸν ἰδέσθαι,",tlg0001.tlg001.perseus-grc2.xml
Argonautica,tlg001,2,406,"ἀμφὶς ὀπιπεύει δεδοκημένος· οὐδέ οἱ ἦμαρ,","ἀμφὶς ὀπιπεύει δεδοκημένος· οὐδέ οἱ ἦμαρ,",tlg0001.tlg001.perseus-grc2.xml
Argonautica,tlg001,2,407,οὐ κνέφας ἥδυμος ὕπνος ἀναιδέα δάμναται ὄσσε.,οὐ κνέφας ἥδυμος ὕπνος ἀναιδέα δάμναται ὄσσε.,tlg0001.tlg001.perseus-grc2.xml
Argonautica,tlg001,2,408,ὧς ἄρʼ ἔφη· τοὺς δʼ εἶθαρ ἕλεν δέος εἰσαΐοντας.,ὧς ἄρ’ ἔφη· τοὺς δ’ εἶθαρ ἕλεν δέος εἰσαΐοντας.,tlg0001.tlg001.perseus-grc2.xml
Argonautica,tlg001,2,409,δὴν δʼ ἔσαν ἀμφασίῃ βεβολημένοι· ὀψὲ δʼ ἔειπεν,δὴν δ’ ἔσαν ἀμφασίῃ βεβολημένοι· ὀψὲ δ’ ἔειπεν,tlg0001.tlg001.perseus-grc2.xml
Argonautica,tlg001,2,410,ἥρως Αἴσονος υἱὸς ἀμηχανέων κακότητι·,ἥρως Αἴσονος υἱὸς ἀμηχανέων κακότητι·,tlg0001.tlg001.perseus-grc2.xml
Argonautica,tlg001,2,411,"ὦ γέρον, ἤδη μέν τε διίκεο πείρατʼ ἀέθλων","ὦ γέρον, ἤδη μέν τε διίκεο πείρατ’ ἀέθλων",tlg0001.tlg001.perseus-grc2.xml
Argonautica,tlg001,2,412,"ναυτιλίης καὶ τέκμαρ, ὅτῳ στυγερὰς διὰ πέτρας","ναυτιλίης καὶ τέκμαρ, ὅτῳ στυγερὰς διὰ πέτρας",tlg0001.tlg001.perseus-grc2.xml
Argonautica,tlg001,2,413,πειθόμενοι Πόντονδε περήσομεν· εἰ δέ κεν αὖτις,πειθόμενοι Πόντονδε περήσομεν· εἰ δέ κεν αὖτις,tlg0001.tlg001.perseus-grc2.xml
Argonautica,tlg001,2,414,τάσδʼ ἡμῖν προφυγοῦσιν ἐς Ἑλλάδα νόστος ὀπίσσω,τάσδ’ ἡμῖν προφυγοῦσιν ἐς Ἑλλάδα νόστος ὀπίσσω,tlg0001.tlg001.perseus-grc2.xml
Argonautica,tlg001,2,415,"ἔσσεται, ἀσπαστῶς κε παρὰ σέο καὶ τὸ δαείην.","ἔσσεται, ἀσπαστῶς κε παρὰ σέο καὶ τὸ δαείην.",tlg0001.tlg001.perseus-grc2.xml
Argonautica,tlg001,2,416,"πῶς ἔρδω, πῶς αὖτε τόσην ἁλὸς εἶμι κέλευθον,","πῶς ἔρδω, πῶς αὖτε τόσην ἁλὸς εἶμι κέλευθον,",tlg0001.tlg001.perseus-grc2.xml
Argonautica,tlg001,2,417,νῆις ἐὼν ἑτάροις ἅμα νήισιν; αἶα δὲ Κολχὶς,νῆις ἐὼν ἑτάροις ἅμα νήισιν; αἶα δὲ Κολχὶς,tlg0001.tlg001.perseus-grc2.xml
Argonautica,tlg001,2,418,Πόντου καὶ γαίης ἐπικέκλιται ἐσχατιῇσιν.,Πόντου καὶ γαίης ἐπικέκλιται ἐσχατιῇσιν.,tlg0001.tlg001.perseus-grc2.xml
Argonautica,tlg001,2,419,ὧς φάτο· τὸν δʼ ὁ γεραιὸς ἀμειβόμενος προσέειπεν·,ὧς φάτο· τὸν δ’ ὁ γεραιὸς ἀμειβόμενος προσέειπεν·,tlg0001.tlg001.perseus-grc2.xml
Argonautica,tlg001,2,420,"ὦ τέκος, εὖτʼ ἂν πρῶτα φύγῃς ὀλοὰς διὰ πέτρας,","ὦ τέκος, εὖτ’ ἂν πρῶτα φύγῃς ὀλοὰς διὰ πέτρας,",tlg0001.tlg001.perseus-grc2.xml
Argonautica,tlg001,2,421,θάρσει· ἐπεὶ δαίμων ἕτερον πλόον ἡγεμονεύσει,θάρσει· ἐπεὶ δαίμων ἕτερον πλόον ἡγεμονεύσει,tlg0001.tlg001.perseus-grc2.xml
Argonautica,tlg001,2,422,ἐξ Αἴης· μετὰ δʼ Αἶαν ἅλις πομπῆες ἔσονται.,ἐξ Αἴης· μετὰ δ’ Αἶαν ἅλις πομπῆες ἔσονται.,tlg0001.tlg001.perseus-grc2.xml
Argonautica,tlg001,2,423,"ἀλλά, φίλοι, φράζεσθε θεᾶς δολόεσσαν ἀρωγὴν","ἀλλά, φίλοι, φράζεσθε θεᾶς δολόεσσαν ἀρωγὴν",tlg0001.tlg001.perseus-grc2.xml
Argonautica,tlg001,2,424,Κύπριδος. ἐκ γὰρ τῆς κλυτὰ πείρατα κεῖται ἀέθλων.,Κύπριδος. ἐκ γὰρ τῆς κλυτὰ πείρατα κεῖται ἀέθλων.,tlg0001.tlg001.perseus-grc2.xml
Argonautica,tlg001,2,425,καὶ δέ με μηκέτι τῶνδε περαιτέρω ἐξερέεσθε.,καὶ δέ με μηκέτι τῶνδε περαιτέρω ἐξερέεσθε.,tlg0001.tlg001.perseus-grc2.xml
Argonautica,tlg001,2,426,ὧς φάτʼ Ἀγηνορίδης· ἐπὶ δὲ σχεδὸν υἱέε δοιὼ,ὧς φάτ’ Ἀγηνορίδης· ἐπὶ δὲ σχεδὸν υἱέε δοιὼ,tlg0001.tlg001.perseus-grc2.xml
Argonautica,tlg001,2,427,Θρηικίου Βορέαο κατʼ αἰθέρος ἀίξαντε,Θρηικίου Βορέαο κατ’ αἰθέρος ἀίξαντε,tlg0001.tlg001.perseus-grc2.xml
Argonautica,tlg001,2,428,οὐδῷ ἔπι κραιπνοὺς ἔβαλον πόδας· οἱ δʼ ἀνόρουσαν,οὐδῷ ἔπι κραιπνοὺς ἔβαλον πόδας· οἱ δ’ ἀνόρουσαν,tlg0001.tlg001.perseus-grc2.xml
Argonautica,tlg001,2,429,"ἐξ ἑδέων ἥρωες, ὅπως παρεόντας ἴδοντο.","ἐξ ἑδέων ἥρωες, ὅπως παρεόντας ἴδοντο.",tlg0001.tlg001.perseus-grc2.xml
Argonautica,tlg001,2,430,"Ζήτης δʼ ἱεμένοισιν, ἔτʼ ἄσπετον ἐκ καμάτοιο","Ζήτης δ’ ἱεμένοισιν, ἔτ’ ἄσπετον ἐκ καμάτοιο",tlg0001.tlg001.perseus-grc2.xml
Argonautica,tlg001,2,431,"ἆσθμʼ ἀναφυσιόων, μετεφώνεεν, ὅσσον ἄπωθεν","ἆσθμ’ ἀναφυσιόων, μετεφώνεεν, ὅσσον ἄπωθεν",tlg0001.tlg001.perseus-grc2.xml
Argonautica,tlg001,2,432,"ἤλασαν, ἠδʼ ὡς Ἶρις ἐρύκακε τάσδε δαΐξαι,","ἤλασαν, ἠδ’ ὡς Ἶρις ἐρύκακε τάσδε δαΐξαι,",tlg0001.tlg001.perseus-grc2.xml
Argonautica,tlg001,2,433,"ὅρκιά τʼ εὐμενέουσα θεὰ πόρεν, αἱ δʼ ὑπέδυσαν","ὅρκιά τ’ εὐμενέουσα θεὰ πόρεν, αἱ δ’ ὑπέδυσαν",tlg0001.tlg001.perseus-grc2.xml
Argonautica,tlg001,2,434,δείματι Δικταίης περιώσιον ἄντρον ἐρίπνης.,δείματι Δικταίης περιώσιον ἄντρον ἐρίπνης.,tlg0001.tlg001.perseus-grc2.xml
Argonautica,tlg001,2,435,γηθόσυνοι δἤπειτα δόμοις ἔνι πάντες ἑταῖροι,γηθόσυνοι δἤπειτα δόμοις ἔνι πάντες ἑταῖροι,tlg0001.tlg001.perseus-grc2.xml
Argonautica,tlg001,2,436,αὐτός τʼ ἀγγελίῃ Φινεὺς πέλεν. ὦκα δὲ τόνγε,αὐτός τ’ ἀγγελίῃ Φινεὺς πέλεν. ὦκα δὲ τόνγε,tlg0001.tlg001.perseus-grc2.xml
Argonautica,tlg001,2,437,Αἰσονίδης περιπολλὸν ἐυφρονέων προσέειπεν·,Αἰσονίδης περιπολλὸν ἐυφρονέων προσέειπεν·,tlg0001.tlg001.perseus-grc2.xml
Argonautica,tlg001,2,438,"ἦ ἄρα δή τις ἔην, Φινεῦ, θεός, ὃς σέθεν ἄτης","ἦ ἄρα δή τις ἔην, Φινεῦ, θεός, ὃς σέθεν ἄτης",tlg0001.tlg001.perseus-grc2.xml
Argonautica,tlg001,2,439,"κήδετο λευγαλέης, καὶ δʼ ἡμέας αὖθι πέλασσεν","κήδετο λευγαλέης, καὶ δ’ ἡμέας αὖθι πέλασσεν",tlg0001.tlg001.perseus-grc2.xml
Argonautica,tlg001,2,440,"τηλόθεν, ὄφρα τοι υἷες ἀμύνειαν Βορέαο·","τηλόθεν, ὄφρα τοι υἷες ἀμύνειαν Βορέαο·",tlg0001.tlg001.perseus-grc2.xml
Argonautica,tlg001,2,441,εἰ δὲ καὶ ὀφθαλμοῖσι φόως πόροι ἦ τʼ ἂν ὀίω,εἰ δὲ καὶ ὀφθαλμοῖσι φόως πόροι ἦ τ’ ἂν ὀίω,tlg0001.tlg001.perseus-grc2.xml
Argonautica,tlg001,2,442,"γηθήσειν, ὅσον εἴπερ ὑπότροπος οἴκαδʼ ἱκοίμην.","γηθήσειν, ὅσον εἴπερ ὑπότροπος οἴκαδ’ ἱκοίμην.",tlg0001.tlg001.perseus-grc2.xml
Argonautica,tlg001,2,443,ὧς ἔφατʼ· αὐτὰρ ὁ τόνγε κατηφήσας προσέειπεν·,ὧς ἔφατ’· αὐτὰρ ὁ τόνγε κατηφήσας προσέειπεν·,tlg0001.tlg001.perseus-grc2.xml
Argonautica,tlg001,2,444,"Αἰσονίδη, τὸ μὲν οὐ παλινάγρετον, οὐδέ τι μῆχος","Αἰσονίδη, τὸ μὲν οὐ παλινάγρετον, οὐδέ τι μῆχος",tlg0001.tlg001.perseus-grc2.xml
Argonautica,tlg001,2,445,ἔστʼ ὀπίσω· κενεαὶ γὰρ ὑποσμύχονται ὀπωπαί.,ἔστ’ ὀπίσω· κενεαὶ γὰρ ὑποσμύχονται ὀπωπαί.,tlg0001.tlg001.perseus-grc2.xml
Argonautica,tlg001,2,446,"ἀντὶ δὲ τοῦ θάνατόν μοι ἄφαρ θεὸς ἐγγυαλίξαι,","ἀντὶ δὲ τοῦ θάνατόν μοι ἄφαρ θεὸς ἐγγυαλίξαι,",tlg0001.tlg001.perseus-grc2.xml
Argonautica,tlg001,2,447,καί τε θανὼν πάσῃσι μετέσσομαι ἀγλαΐῃσιν.,καί τε θανὼν πάσῃσι μετέσσομαι ἀγλαΐῃσιν.,tlg0001.tlg001.perseus-grc2.xml
Argonautica,tlg001,2,448,ὧς τώγʼ ἀλλήλοισι παραβλήδην ἀγόρευον.,ὧς τώγ’ ἀλλήλοισι παραβλήδην ἀγόρευον.,tlg0001.tlg001.perseus-grc2.xml
Argonautica,tlg001,2,449,αὐτίκα δʼ οὐ μετὰ δηρὸν ἀμειβομένων ἐφαάνθη,αὐτίκα δ’ οὐ μετὰ δηρὸν ἀμειβομένων ἐφαάνθη,tlg0001.tlg001.perseus-grc2.xml
Argonautica,tlg001,2,450,Ἠριγενής· τὸν δʼ ἀμφὶ περικτίται ἠγερέθοντο,Ἠριγενής· τὸν δ’ ἀμφὶ περικτίται ἠγερέθοντο,tlg0001.tlg001.perseus-grc2.xml
Argonautica,tlg001,2,451,"ἀνέρες, οἳ καὶ πρόσθεν ἐπʼ ἤματι κεῖσε θάμιζον,","ἀνέρες, οἳ καὶ πρόσθεν ἐπ’ ἤματι κεῖσε θάμιζον,",tlg0001.tlg001.perseus-grc2.xml
Argonautica,tlg001,2,452,αἰὲν ὁμῶς φορέοντες ἑῆς ἀπὸ μοῖραν ἐδωδῆς.,αἰὲν ὁμῶς φορέοντες ἑῆς ἀπὸ μοῖραν ἐδωδῆς.,tlg0001.tlg001.perseus-grc2.xml
Argonautica,tlg001,2,453,"τοῖς ὁ γέρων πάντεσσιν, ὅτις καὶ ἀφαυρὸς ἵκοιτο,","τοῖς ὁ γέρων πάντεσσιν, ὅτις καὶ ἀφαυρὸς ἵκοιτο,",tlg0001.tlg001.perseus-grc2.xml
Argonautica,tlg001,2,454,"ἔχραεν ἐνδυκέως, πολέων δʼ ἀπὸ πήματʼ ἔλυσεν","ἔχραεν ἐνδυκέως, πολέων δ’ ἀπὸ πήματ’ ἔλυσεν",tlg0001.tlg001.perseus-grc2.xml
Argonautica,tlg001,2,455,μαντοσύνῃ· τῶ καί μιν ἐποιχόμενοι κομέεσκον.,μαντοσύνῃ· τῶ καί μιν ἐποιχόμενοι κομέεσκον.,tlg0001.tlg001.perseus-grc2.xml
Argonautica,tlg001,2,456,"σὺν τοῖσιν δʼ ἵκανε Παραίβιος, ὅς ῥά οἱ ἦεν","σὺν τοῖσιν δ’ ἵκανε Παραίβιος, ὅς ῥά οἱ ἦεν",tlg0001.tlg001.perseus-grc2.xml
Argonautica,tlg001,2,457,φίλτατος· ἀσπάσιος δὲ δόμοις ἔνι τούσγʼ ἐνόησεν.,φίλτατος· ἀσπάσιος δὲ δόμοις ἔνι τούσγ’ ἐνόησεν.,tlg0001.tlg001.perseus-grc2.xml
Argonautica,tlg001,2,458,πρὶν γὰρ δή νύ ποτʼ αὐτὸς ἀριστήων στόλον ἀνδρῶν,πρὶν γὰρ δή νύ ποτ’ αὐτὸς ἀριστήων στόλον ἀνδρῶν,tlg0001.tlg001.perseus-grc2.xml
Argonautica,tlg001,2,459,Ἑλλάδος ἐξανιόντα μετὰ πτόλιν Αἰήταο,Ἑλλάδος ἐξανιόντα μετὰ πτόλιν Αἰήταο,tlg0001.tlg001.perseus-grc2.xml
Argonautica,tlg001,2,460,"πείσματʼ ἀνάψασθαι μυθήσατο Θυνίδι γαίῃ,","πείσματ’ ἀνάψασθαι μυθήσατο Θυνίδι γαίῃ,",tlg0001.tlg001.perseus-grc2.xml
Argonautica,tlg001,2,461,οἵ τέ οἱ Ἁρπυίας Διόθεν σχήσουσιν ἰούσας.,οἵ τέ οἱ Ἁρπυίας Διόθεν σχήσουσιν ἰούσας.,tlg0001.tlg001.perseus-grc2.xml
Argonautica,tlg001,2,462,τοὺς μὲν ἔπειτʼ ἐπέεσσιν ἀρεσσάμενος πυκινοῖσιν,τοὺς μὲν ἔπειτ’ ἐπέεσσιν ἀρεσσάμενος πυκινοῖσιν,tlg0001.tlg001.perseus-grc2.xml
Argonautica,tlg001,2,463,πέμφʼ ὁ γέρων· οἶον δὲ Παραίβιον αὐτόθι μίμνειν,πέμφ’ ὁ γέρων· οἶον δὲ Παραίβιον αὐτόθι μίμνειν,tlg0001.tlg001.perseus-grc2.xml
Argonautica,tlg001,2,464,κέκλετʼ ἀριστήεσσι σὺν ἀνδράσιν· αἶψα δὲ τόνγε,κέκλετ’ ἀριστήεσσι σὺν ἀνδράσιν· αἶψα δὲ τόνγε,tlg0001.tlg001.perseus-grc2.xml
Argonautica,tlg001,2,465,"σφωιτέρων ὀίων ὅτις ἔξοχος, εἰς ἓ κομίσσαι","σφωιτέρων ὀίων ὅτις ἔξοχος, εἰς ἓ κομίσσαι",tlg0001.tlg001.perseus-grc2.xml
Argonautica,tlg001,2,466,ἧκεν ἐποτρύνας. τοῦ δʼ ἐκ μεγάροιο κιόντος,ἧκεν ἐποτρύνας. τοῦ δ’ ἐκ μεγάροιο κιόντος,tlg0001.tlg001.perseus-grc2.xml
Argonautica,tlg001,2,467,μειλιχίως ἐρέτῃσιν ὁμηγερέεσσι μετηύδα·,μειλιχίως ἐρέτῃσιν ὁμηγερέεσσι μετηύδα·,tlg0001.tlg001.perseus-grc2.xml
Argonautica,tlg001,2,468,"ὦ φίλοι, οὐκ ἄρα πάντες ὑπέρβιοι ἄνδρες ἔασιν,","ὦ φίλοι, οὐκ ἄρα πάντες ὑπέρβιοι ἄνδρες ἔασιν,",tlg0001.tlg001.perseus-grc2.xml
Argonautica,tlg001,2,469,οὐδʼ εὐεργεσίης ἀμνήμονες. ὡς καὶ ὅδʼ ἀνὴρ,οὐδ’ εὐεργεσίης ἀμνήμονες. ὡς καὶ ὅδ’ ἀνὴρ,tlg0001.tlg001.perseus-grc2.xml
Argonautica,tlg001,2,470,"τοῖος ἐὼν δεῦρʼ ἦλθεν, ἑὸν μόρον ὄφρα δαείη.","τοῖος ἐὼν δεῦρ’ ἦλθεν, ἑὸν μόρον ὄφρα δαείη.",tlg0001.tlg001.perseus-grc2.xml
Argonautica,tlg001,2,471,"εὖτε γὰρ οὖν ὡς πλεῖστα κάμοι καὶ πλεῖστα μογήσαι,","εὖτε γὰρ οὖν ὡς πλεῖστα κάμοι καὶ πλεῖστα μογήσαι,",tlg0001.tlg001.perseus-grc2.xml
Argonautica,tlg001,2,472,δὴ τότε μιν περιπολλὸν ἐπασσυτέρη βιότοιο,δὴ τότε μιν περιπολλὸν ἐπασσυτέρη βιότοιο,tlg0001.tlg001.perseus-grc2.xml
Argonautica,tlg001,2,473,χρησμοσύνη τρύχεσκεν· ἐπʼ ἤματι δʼ ἦμαρ ὀρώρει,χρησμοσύνη τρύχεσκεν· ἐπ’ ἤματι δ’ ἦμαρ ὀρώρει,tlg0001.tlg001.perseus-grc2.xml
Argonautica,tlg001,2,474,"κύντερον, οὐδέ τις ἦεν ἀνάπνευσις μογέοντι.","κύντερον, οὐδέ τις ἦεν ἀνάπνευσις μογέοντι.",tlg0001.tlg001.perseus-grc2.xml
Argonautica,tlg001,2,475,ἀλλʼ ὅγε πατρὸς ἑοῖο κακὴν τίνεσκεν ἀμοιβὴν,ἀλλ’ ὅγε πατρὸς ἑοῖο κακὴν τίνεσκεν ἀμοιβὴν,tlg0001.tlg001.perseus-grc2.xml
Argonautica,tlg001,2,476,ἀμπλακίης. ὁ γὰρ οἶος ἐν οὔρεσι δένδρεα τέμνων,ἀμπλακίης. ὁ γὰρ οἶος ἐν οὔρεσι δένδρεα τέμνων,tlg0001.tlg001.perseus-grc2.xml
Argonautica,tlg001,2,477,"δή ποθʼ ἁμαδρυάδος νύμφης ἀθέριξε λιτάων,","δή ποθ’ ἁμαδρυάδος νύμφης ἀθέριξε λιτάων,",tlg0001.tlg001.perseus-grc2.xml
Argonautica,tlg001,2,478,"ἥ μιν ὀδυρομένη ἀδινῷ μειλίσσετο μύθῳ,","ἥ μιν ὀδυρομένη ἀδινῷ μειλίσσετο μύθῳ,",tlg0001.tlg001.perseus-grc2.xml
Argonautica,tlg001,2,479,"μὴ ταμέειν πρέμνον δρυὸς ἥλικος, ᾗ ἔπι πουλὺν","μὴ ταμέειν πρέμνον δρυὸς ἥλικος, ᾗ ἔπι πουλὺν",tlg0001.tlg001.perseus-grc2.xml
Argonautica,tlg001,2,480,αἰῶνα τρίβεσκε διηνεκές· αὐτὰρ ὁ τήνγε,αἰῶνα τρίβεσκε διηνεκές· αὐτὰρ ὁ τήνγε,tlg0001.tlg001.perseus-grc2.xml
Argonautica,tlg001,2,481,ἀφραδέως ἔτμηξεν ἀγηνορίῃ νεότητος.,ἀφραδέως ἔτμηξεν ἀγηνορίῃ νεότητος.,tlg0001.tlg001.perseus-grc2.xml
Argonautica,tlg001,2,482,τῷ δʼ ἄρα νηκερδῆ νύμφη πόρεν οἶτον ὀπίσσω,τῷ δ’ ἄρα νηκερδῆ νύμφη πόρεν οἶτον ὀπίσσω,tlg0001.tlg001.perseus-grc2.xml
Argonautica,tlg001,2,483,"αὐτῷ καὶ τεκέεσσιν. ἔγωγε μέν, εὖτʼ ἀφίκανεν,","αὐτῷ καὶ τεκέεσσιν. ἔγωγε μέν, εὖτ’ ἀφίκανεν,",tlg0001.tlg001.perseus-grc2.xml
Argonautica,tlg001,2,484,ἀμπλακίην ἔγνων· βωμὸν δʼ ἐκέλευσα καμόντα,ἀμπλακίην ἔγνων· βωμὸν δ’ ἐκέλευσα καμόντα,tlg0001.tlg001.perseus-grc2.xml
Argonautica,tlg001,2,485,"Θυνιάδος νύμφης, λωφήια ῥέξαι ἐπʼ αὐτῷ","Θυνιάδος νύμφης, λωφήια ῥέξαι ἐπ’ αὐτῷ",tlg0001.tlg001.perseus-grc2.xml
Argonautica,tlg001,2,486,"ἱερά, πατρῴην αἰτεύμενον αἶσαν ἀλύξαι.","ἱερά, πατρῴην αἰτεύμενον αἶσαν ἀλύξαι.",tlg0001.tlg001.perseus-grc2.xml
Argonautica,tlg001,2,487,"ἔνθʼ ἐπεὶ ἔκφυγε κῆρα θεήλατον, οὔποτʼ ἐμεῖο","ἔνθ’ ἐπεὶ ἔκφυγε κῆρα θεήλατον, οὔποτ’ ἐμεῖο",tlg0001.tlg001.perseus-grc2.xml
Argonautica,tlg001,2,488,"ἐκλάθετʼ, οὐδʼ ἀθέρισσε· μόλις δʼ ἀέκοντα θύραζε","ἐκλάθετ’, οὐδ’ ἀθέρισσε· μόλις δ’ ἀέκοντα θύραζε",tlg0001.tlg001.perseus-grc2.xml
Argonautica,tlg001,2,489,"πέμπω, ἐπεὶ μέμονέν γε παρέμμεναι ἀσχαλόωντι.","πέμπω, ἐπεὶ μέμονέν γε παρέμμεναι ἀσχαλόωντι.",tlg0001.tlg001.perseus-grc2.xml
Argonautica,tlg001,2,490,ὧς φάτʼ Ἀγηνορίδης· ὁ δʼ ἐπισχεδὸν αὐτίκα δοιὼ,ὧς φάτ’ Ἀγηνορίδης· ὁ δ’ ἐπισχεδὸν αὐτίκα δοιὼ,tlg0001.tlg001.perseus-grc2.xml
Argonautica,tlg001,2,491,"ἤλυθʼ ἄγων ποίμνηθεν ὄις. ἀνὰ δʼ ἵστατʼ Ἰήσων,","ἤλυθ’ ἄγων ποίμνηθεν ὄις. ἀνὰ δ’ ἵστατ’ Ἰήσων,",tlg0001.tlg001.perseus-grc2.xml
Argonautica,tlg001,2,492,ἂν δὲ Βορήιοι υἷες ἐφημοσύνῃσι γέροντος.,ἂν δὲ Βορήιοι υἷες ἐφημοσύνῃσι γέροντος.,tlg0001.tlg001.perseus-grc2.xml
Argonautica,tlg001,2,493,ὦκα δὲ κεκλόμενοι μαντήιον Ἀπόλλωνα,ὦκα δὲ κεκλόμενοι μαντήιον Ἀπόλλωνα,tlg0001.tlg001.perseus-grc2.xml
Argonautica,tlg001,2,494,ῥέζον ἐπʼ ἐσχαρόφιν νέον ἤματος ἀνομένοιο.,ῥέζον ἐπ’ ἐσχαρόφιν νέον ἤματος ἀνομένοιο.,tlg0001.tlg001.perseus-grc2.xml
Argonautica,tlg001,2,495,κουρότεροι δʼ ἑτάρων μενοεικέα δαῖτʼ ἀλέγυνον.,κουρότεροι δ’ ἑτάρων μενοεικέα δαῖτ’ ἀλέγυνον.,tlg0001.tlg001.perseus-grc2.xml
Argonautica,tlg001,2,496,"ἔνθʼ εὖ δαισάμενοι, τοὶ μὲν παρὰ πείσμασι νηός,","ἔνθ’ εὖ δαισάμενοι, τοὶ μὲν παρὰ πείσμασι νηός,",tlg0001.tlg001.perseus-grc2.xml
Argonautica,tlg001,2,497,τοὶ δʼ αὐτοῦ κατὰ δώματʼ ἀολλέες εὐνάζοντο.,τοὶ δ’ αὐτοῦ κατὰ δώματ’ ἀολλέες εὐνάζοντο.,tlg0001.tlg001.perseus-grc2.xml
Argonautica,tlg001,2,498,"ἦρι δʼ ἐτήσιαι αὖραι ἐπέχραον, αἵ τʼ ἀνὰ πᾶσαν","ἦρι δ’ ἐτήσιαι αὖραι ἐπέχραον, αἵ τ’ ἀνὰ πᾶσαν",tlg0001.tlg001.perseus-grc2.xml
Argonautica,tlg001,2,499,γαῖαν ὁμῶς τοιῇδε Διὸς πνείουσιν ἀρωγῇ.,γαῖαν ὁμῶς τοιῇδε Διὸς πνείουσιν ἀρωγῇ.,tlg0001.tlg001.perseus-grc2.xml
Argonautica,tlg001,2,500,Κυρήνη πέφαταί τις ἕλος πάρα Πηνειοῖο,Κυρήνη πέφαταί τις ἕλος πάρα Πηνειοῖο,tlg0001.tlg001.perseus-grc2.xml
Argonautica,tlg001,2,501,μῆλα νέμειν προτέροισι παρʼ ἀνδράσιν· εὔαδε γάρ οἱ,μῆλα νέμειν προτέροισι παρ’ ἀνδράσιν· εὔαδε γάρ οἱ,tlg0001.tlg001.perseus-grc2.xml
Argonautica,tlg001,2,502,παρθενίη καὶ λέκτρον ἀκήρατον. αὐτὰρ Ἀπόλλων,παρθενίη καὶ λέκτρον ἀκήρατον. αὐτὰρ Ἀπόλλων,tlg0001.tlg001.perseus-grc2.xml
Argonautica,tlg001,2,503,τήνγʼ ἀνερεψάμενος ποταμῷ ἔπι ποιμαίνουσαν,τήνγ’ ἀνερεψάμενος ποταμῷ ἔπι ποιμαίνουσαν,tlg0001.tlg001.perseus-grc2.xml
Argonautica,tlg001,2,504,"τηλόθεν Αἱμονίης, χθονίῃς παρακάτθετο νύμφαις,","τηλόθεν Αἱμονίης, χθονίῃς παρακάτθετο νύμφαις,",tlg0001.tlg001.perseus-grc2.xml
Argonautica,tlg001,2,505,αἳ Λιβύην ἐνέμοντο παραὶ Μυρτώσιον αἶπος.,αἳ Λιβύην ἐνέμοντο παραὶ Μυρτώσιον αἶπος.,tlg0001.tlg001.perseus-grc2.xml
Argonautica,tlg001,2,506,"ἔνθα δʼ Ἀρισταῖον Φοίβῳ τέκεν, ὃν καλέουσιν","ἔνθα δ’ Ἀρισταῖον Φοίβῳ τέκεν, ὃν καλέουσιν",tlg0001.tlg001.perseus-grc2.xml
Argonautica,tlg001,2,507,Ἀγρέα καὶ Νόμιον πολυλήιοι Αἱμονιῆες.,Ἀγρέα καὶ Νόμιον πολυλήιοι Αἱμονιῆες.,tlg0001.tlg001.perseus-grc2.xml
Argonautica,tlg001,2,508,τὴν μὲν γὰρ φιλότητι θεὸς ποιήσατο νύμφην,τὴν μὲν γὰρ φιλότητι θεὸς ποιήσατο νύμφην,tlg0001.tlg001.perseus-grc2.xml
Argonautica,tlg001,2,509,αὐτοῦ μακραίωνα καὶ ἀγρότιν· υἷα δʼ ἔνεικεν,αὐτοῦ μακραίωνα καὶ ἀγρότιν· υἷα δ’ ἔνεικεν,tlg0001.tlg001.perseus-grc2.xml
Argonautica,tlg001,2,510,νηπίαχον Χείρωνος ὑπʼ ἄντροισιν κομέεσθαι.,νηπίαχον Χείρωνος ὑπ’ ἄντροισιν κομέεσθαι.,tlg0001.tlg001.perseus-grc2.xml
Argonautica,tlg001,2,511,τῷ καὶ ἀεξηθέντι θεαὶ γάμον ἐμνήστευσαν,τῷ καὶ ἀεξηθέντι θεαὶ γάμον ἐμνήστευσαν,tlg0001.tlg001.perseus-grc2.xml
Argonautica,tlg001,2,512,"Μοῦσαι, ἀκεστορίην τε θεοπροπίας τʼ ἐδίδαξαν·","Μοῦσαι, ἀκεστορίην τε θεοπροπίας τ’ ἐδίδαξαν·",tlg0001.tlg001.perseus-grc2.xml
Argonautica,tlg001,2,513,"καί μιν ἑῶν μήλων θέσαν ἤρανον, ὅσσʼ ἐνέμοντο","καί μιν ἑῶν μήλων θέσαν ἤρανον, ὅσσ’ ἐνέμοντο",tlg0001.tlg001.perseus-grc2.xml
Argonautica,tlg001,2,514,ἂμ πεδίον Φθίης Ἀθαμάντιον ἀμφί τʼ ἐρυμνὴν,ἂμ πεδίον Φθίης Ἀθαμάντιον ἀμφί τ’ ἐρυμνὴν,tlg0001.tlg001.perseus-grc2.xml
Argonautica,tlg001,2,515,Ὄθρυν καὶ ποταμοῦ ἱερὸν ῥόον Ἀπιδανοῖο.,Ὄθρυν καὶ ποταμοῦ ἱερὸν ῥόον Ἀπιδανοῖο.,tlg0001.tlg001.perseus-grc2.xml
Argonautica,tlg001,2,516,ἦμος δʼ οὐρανόθεν Μινωίδας ἔφλεγε νήσους,ἦμος δ’ οὐρανόθεν Μινωίδας ἔφλεγε νήσους,tlg0001.tlg001.perseus-grc2.xml
Argonautica,tlg001,2,517,"Σείριος, οὐδʼ ἐπὶ δηρὸν ἔην ἄκος ἐνναέτῃσιν,","Σείριος, οὐδ’ ἐπὶ δηρὸν ἔην ἄκος ἐνναέτῃσιν,",tlg0001.tlg001.perseus-grc2.xml
Argonautica,tlg001,2,518,τῆμος τόνγʼ ἐκάλεσσαν ἐφημοσύναις Ἑκάτοιο,τῆμος τόνγ’ ἐκάλεσσαν ἐφημοσύναις Ἑκάτοιο,tlg0001.tlg001.perseus-grc2.xml
Argonautica,tlg001,2,519,λοιμοῦ ἀλεξητῆρα. λίπεν δʼ ὅγε πατρὸς ἐφετμῇ,λοιμοῦ ἀλεξητῆρα. λίπεν δ’ ὅγε πατρὸς ἐφετμῇ,tlg0001.tlg001.perseus-grc2.xml
Argonautica,tlg001,2,520,"Φθίην, ἐν δὲ Κέῳ κατενάσσατο, λαὸν ἀγείρας","Φθίην, ἐν δὲ Κέῳ κατενάσσατο, λαὸν ἀγείρας",tlg0001.tlg001.perseus-grc2.xml
Argonautica,tlg001,2,521,"Παρράσιον, τοίπερ τε Λυκάονός εἰσι γενέθλης,","Παρράσιον, τοίπερ τε Λυκάονός εἰσι γενέθλης,",tlg0001.tlg001.perseus-grc2.xml
Argonautica,tlg001,2,522,"καὶ βωμὸν ποίησε μέγαν Διὸς Ἰκμαίοιο,","καὶ βωμὸν ποίησε μέγαν Διὸς Ἰκμαίοιο,",tlg0001.tlg001.perseus-grc2.xml
Argonautica,tlg001,2,523,ἱερά τʼ εὖ ἔρρεξεν ἐν οὔρεσιν ἀστέρι κείνῳ,ἱερά τ’ εὖ ἔρρεξεν ἐν οὔρεσιν ἀστέρι κείνῳ,tlg0001.tlg001.perseus-grc2.xml
Argonautica,tlg001,2,524,Σειρίῳ αὐτῷ τε Κρονίδῃ Διί. τοῖο δʼ ἕκητι,Σειρίῳ αὐτῷ τε Κρονίδῃ Διί. τοῖο δ’ ἕκητι,tlg0001.tlg001.perseus-grc2.xml
Argonautica,tlg001,2,525,γαῖαν ἐπιψύχουσιν ἐτήσιαι ἐκ Διὸς αὖραι,γαῖαν ἐπιψύχουσιν ἐτήσιαι ἐκ Διὸς αὖραι,tlg0001.tlg001.perseus-grc2.xml
Argonautica,tlg001,2,526,ἤματα τεσσαράκοντα· Κέῳ δʼ ἔτι νῦν ἱερῆες,ἤματα τεσσαράκοντα· Κέῳ δ’ ἔτι νῦν ἱερῆες,tlg0001.tlg001.perseus-grc2.xml
Argonautica,tlg001,2,527,ἀντολέων προπάροιθε Κυνὸς ῥέζουσι θυηλάς.,ἀντολέων προπάροιθε Κυνὸς ῥέζουσι θυηλάς.,tlg0001.tlg001.perseus-grc2.xml
Argonautica,tlg001,2,528,καὶ τὰ μὲν ὧς ὑδέονται· ἀριστῆες δὲ καταῦθι,καὶ τὰ μὲν ὧς ὑδέονται· ἀριστῆες δὲ καταῦθι,tlg0001.tlg001.perseus-grc2.xml
Argonautica,tlg001,2,529,μίμνον ἐρυκόμενοι· ξεινήια δʼ ἄσπετα Θυνοὶ,μίμνον ἐρυκόμενοι· ξεινήια δ’ ἄσπετα Θυνοὶ,tlg0001.tlg001.perseus-grc2.xml
Argonautica,tlg001,2,530,πᾶν ἦμαρ Φινῆι χαριζόμενοι προΐαλλον.,πᾶν ἦμαρ Φινῆι χαριζόμενοι προΐαλλον.,tlg0001.tlg001.perseus-grc2.xml
Argonautica,tlg001,2,531,ἐκ δὲ τόθεν μακάρεσσι δυώδεκα δωμήσαντες,ἐκ δὲ τόθεν μακάρεσσι δυώδεκα δωμήσαντες,tlg0001.tlg001.perseus-grc2.xml
Argonautica,tlg001,2,532,"βωμὸν ἁλὸς ῥηγμῖνι πέρην καὶ ἐφʼ ἱερὰ θέντες,","βωμὸν ἁλὸς ῥηγμῖνι πέρην καὶ ἐφ’ ἱερὰ θέντες,",tlg0001.tlg001.perseus-grc2.xml
Argonautica,tlg001,2,533,"νῆα θοὴν εἴσβαινον ἐρεσσέμεν, οὐδὲ πελείης","νῆα θοὴν εἴσβαινον ἐρεσσέμεν, οὐδὲ πελείης",tlg0001.tlg001.perseus-grc2.xml
Argonautica,tlg001,2,534,τρήρωνος λήθοντο μετὰ σφίσιν· ἀλλʼ ἄρα τήνγε,τρήρωνος λήθοντο μετὰ σφίσιν· ἀλλ’ ἄρα τήνγε,tlg0001.tlg001.perseus-grc2.xml
Argonautica,tlg001,2,535,δείματι πεπτηυῖαν ἑῇ φέρε χειρὶ μεμαρπὼς,δείματι πεπτηυῖαν ἑῇ φέρε χειρὶ μεμαρπὼς,tlg0001.tlg001.perseus-grc2.xml
Argonautica,tlg001,2,536,"Εὔφημος, γαίης δʼ ἀπὸ διπλόα πείσματʼ ἔλυσαν.","Εὔφημος, γαίης δ’ ἀπὸ διπλόα πείσματ’ ἔλυσαν.",tlg0001.tlg001.perseus-grc2.xml
Argonautica,tlg001,2,537,οὐδʼ ἄρʼ Ἀθηναίην προτέρω λάθον ὁρμηθέντες·,οὐδ’ ἄρ’ Ἀθηναίην προτέρω λάθον ὁρμηθέντες·,tlg0001.tlg001.perseus-grc2.xml
Argonautica,tlg001,2,538,αὐτίκα δʼ ἐσσυμένως νεφέλης ἐπιβᾶσα πόδεσσιν,αὐτίκα δ’ ἐσσυμένως νεφέλης ἐπιβᾶσα πόδεσσιν,tlg0001.tlg001.perseus-grc2.xml
Argonautica,tlg001,2,539,"κούφης, ἥ κε φέροι μιν ἄφαρ βριαρήν περ ἐοῦσαν,","κούφης, ἥ κε φέροι μιν ἄφαρ βριαρήν περ ἐοῦσαν,",tlg0001.tlg001.perseus-grc2.xml
Argonautica,tlg001,2,540,"σεύατʼ ἴμεν πόντονδε, φίλα φρονέουσʼ ἐρέτῃσιν.","σεύατ’ ἴμεν πόντονδε, φίλα φρονέουσ’ ἐρέτῃσιν.",tlg0001.tlg001.perseus-grc2.xml
Argonautica,tlg001,2,541,"ὡς δʼ ὅτε τις πάτρηθεν ἀλώμενος, οἷά τε πολλὰ","ὡς δ’ ὅτε τις πάτρηθεν ἀλώμενος, οἷά τε πολλὰ",tlg0001.tlg001.perseus-grc2.xml
Argonautica,tlg001,2,542,"πλαζόμεθʼ ἄνθρωποι τετληότες, οὐδέ τις αἶα","πλαζόμεθ’ ἄνθρωποι τετληότες, οὐδέ τις αἶα",tlg0001.tlg001.perseus-grc2.xml
Argonautica,tlg001,2,543,"τηλουρός, πᾶσαι δὲ κατόψιοί εἰσι κέλευθοι,","τηλουρός, πᾶσαι δὲ κατόψιοί εἰσι κέλευθοι,",tlg0001.tlg001.perseus-grc2.xml
Argonautica,tlg001,2,544,"σφωιτέρους δʼ ἐνόησε δόμους, ἄμυδις δὲ κέλευθος","σφωιτέρους δ’ ἐνόησε δόμους, ἄμυδις δὲ κέλευθος",tlg0001.tlg001.perseus-grc2.xml
Argonautica,tlg001,2,545,"ὑγρή τε τραφερή τʼ ἰνδάλλεται, ἄλλοτε δʼ ἄλλῃ","ὑγρή τε τραφερή τ’ ἰνδάλλεται, ἄλλοτε δ’ ἄλλῃ",tlg0001.tlg001.perseus-grc2.xml
Argonautica,tlg001,2,546,ὀξέα πορφύρων ἐπιμαίεται ὀφθαλμοῖσιν·,ὀξέα πορφύρων ἐπιμαίεται ὀφθαλμοῖσιν·,tlg0001.tlg001.perseus-grc2.xml
Argonautica,tlg001,2,547,ὧς ἄρα καρπαλίμως κούρη Διὸς ἀίξασα,ὧς ἄρα καρπαλίμως κούρη Διὸς ἀίξασα,tlg0001.tlg001.perseus-grc2.xml
Argonautica,tlg001,2,548,θῆκεν ἐπʼ ἀξείνοιο πόδας Θυνηίδος ἀκτῆς.,θῆκεν ἐπ’ ἀξείνοιο πόδας Θυνηίδος ἀκτῆς.,tlg0001.tlg001.perseus-grc2.xml
Argonautica,tlg001,2,549,οἱ δʼ ὅτε δὴ σκολιοῖο πόρου στεινωπὸν ἵκοντο,οἱ δ’ ὅτε δὴ σκολιοῖο πόρου στεινωπὸν ἵκοντο,tlg0001.tlg001.perseus-grc2.xml
Argonautica,tlg001,2,550,"τρηχείῃς σπιλάδεσσιν ἐεργμένον ἀμφοτέρωθεν,","τρηχείῃς σπιλάδεσσιν ἐεργμένον ἀμφοτέρωθεν,",tlg0001.tlg001.perseus-grc2.xml
Argonautica,tlg001,2,551,δινήεις δʼ ὑπένερθεν ἀνακλύζεσκεν ἰοῦσαν,δινήεις δ’ ὑπένερθεν ἀνακλύζεσκεν ἰοῦσαν,tlg0001.tlg001.perseus-grc2.xml
Argonautica,tlg001,2,552,"νῆα ῥόος, πολλὸν δὲ φόβῳ προτέρωσε νέοντο,","νῆα ῥόος, πολλὸν δὲ φόβῳ προτέρωσε νέοντο,",tlg0001.tlg001.perseus-grc2.xml
Argonautica,tlg001,2,553,ἤδη δέ σφισι δοῦπος ἀρασσομένων πετράων,ἤδη δέ σφισι δοῦπος ἀρασσομένων πετράων,tlg0001.tlg001.perseus-grc2.xml
Argonautica,tlg001,2,554,"νωλεμὲς οὔατʼ ἔβαλλε, βόων δʼ ἁλιμυρέες ἀκταί,","νωλεμὲς οὔατ’ ἔβαλλε, βόων δ’ ἁλιμυρέες ἀκταί,",tlg0001.tlg001.perseus-grc2.xml
Argonautica,tlg001,2,555,δὴ τότʼ ἔπειθʼ ὁ μὲν ὦρτο πελειάδα χειρὶ μεμαρπὼς,δὴ τότ’ ἔπειθ’ ὁ μὲν ὦρτο πελειάδα χειρὶ μεμαρπὼς,tlg0001.tlg001.perseus-grc2.xml
Argonautica,tlg001,2,556,Εὔφημος πρῴρης ἐπιβήμεναι· οἱ δʼ ὑπʼ ἀνωγῇ,Εὔφημος πρῴρης ἐπιβήμεναι· οἱ δ’ ὑπ’ ἀνωγῇ,tlg0001.tlg001.perseus-grc2.xml
Argonautica,tlg001,2,557,Τίφυος Ἁγνιάδαο θελήμονα ποιήσαντο,Τίφυος Ἁγνιάδαο θελήμονα ποιήσαντο,tlg0001.tlg001.perseus-grc2.xml
Argonautica,tlg001,2,558,"εἰρεσίην, ἵνʼ ἔπειτα διὲκ πέτρας ἐλάσειαν,","εἰρεσίην, ἵν’ ἔπειτα διὲκ πέτρας ἐλάσειαν,",tlg0001.tlg001.perseus-grc2.xml
Argonautica,tlg001,2,559,κάρτεϊ ᾧ πίσυνοι. τὰς δʼ αὐτίκα λοίσθιον ἄλλων,κάρτεϊ ᾧ πίσυνοι. τὰς δ’ αὐτίκα λοίσθιον ἄλλων,tlg0001.tlg001.perseus-grc2.xml
Argonautica,tlg001,2,560,οἰγομένας ἀγκῶνα περιγνάμψαντες ἴδοντο.,οἰγομένας ἀγκῶνα περιγνάμψαντες ἴδοντο.,tlg0001.tlg001.perseus-grc2.xml
Argonautica,tlg001,2,561,σὺν δέ σφιν χύτο θυμός· ὁ δʼ ἀίξαι πτερύγεσσιν,σὺν δέ σφιν χύτο θυμός· ὁ δ’ ἀίξαι πτερύγεσσιν,tlg0001.tlg001.perseus-grc2.xml
Argonautica,tlg001,2,562,Εὔφημος προέηκε πελειάδα· τοὶ δʼ ἅμα πάντες,Εὔφημος προέηκε πελειάδα· τοὶ δ’ ἅμα πάντες,tlg0001.tlg001.perseus-grc2.xml
Argonautica,tlg001,2,563,ἤειραν κεφαλὰς ἐσορώμενοι· ἡ δὲ διʼ αὐτῶν,ἤειραν κεφαλὰς ἐσορώμενοι· ἡ δὲ δι’ αὐτῶν,tlg0001.tlg001.perseus-grc2.xml
Argonautica,tlg001,2,564,ἔπτατο· ταὶ δʼ ἄμυδις πάλιν ἀντίαι ἀλλήλῃσιν,ἔπτατο· ταὶ δ’ ἄμυδις πάλιν ἀντίαι ἀλλήλῃσιν,tlg0001.tlg001.perseus-grc2.xml
Argonautica,tlg001,2,565,ἄμφω ὁμοῦ ξυνιοῦσαι ἐπέκτυπον. ὦρτο δὲ πολλὴ,ἄμφω ὁμοῦ ξυνιοῦσαι ἐπέκτυπον. ὦρτο δὲ πολλὴ,tlg0001.tlg001.perseus-grc2.xml
Argonautica,tlg001,2,566,"ἅλμη ἀναβρασθεῖσα, νέφος ὥς· αὖε δὲ πόντος","ἅλμη ἀναβρασθεῖσα, νέφος ὥς· αὖε δὲ πόντος",tlg0001.tlg001.perseus-grc2.xml
Argonautica,tlg001,2,567,σμερδαλέον· πάντῃ δὲ περὶ μέγας ἔβρεμεν αἰθήρ.,σμερδαλέον· πάντῃ δὲ περὶ μέγας ἔβρεμεν αἰθήρ.,tlg0001.tlg001.perseus-grc2.xml
Argonautica,tlg001,2,568,κοῖλαι δὲ σπήλυγγες ὑπὸ σπιλάδας τρηχείας,κοῖλαι δὲ σπήλυγγες ὑπὸ σπιλάδας τρηχείας,tlg0001.tlg001.perseus-grc2.xml
Argonautica,tlg001,2,569,κλυζούσης ἁλὸς ἔνδον ἐβόμβεον· ὑψόθι δʼ ὄχθης,κλυζούσης ἁλὸς ἔνδον ἐβόμβεον· ὑψόθι δ’ ὄχθης,tlg0001.tlg001.perseus-grc2.xml
Argonautica,tlg001,2,570,λευκὴ καχλάζοντος ἀνέπτυε κύματος ἄχνη.,λευκὴ καχλάζοντος ἀνέπτυε κύματος ἄχνη.,tlg0001.tlg001.perseus-grc2.xml
Argonautica,tlg001,2,571,νῆα δʼ ἔπειτα πέριξ εἴλει ῥόος. ἄκρα δʼ ἔκοψαν,νῆα δ’ ἔπειτα πέριξ εἴλει ῥόος. ἄκρα δ’ ἔκοψαν,tlg0001.tlg001.perseus-grc2.xml
Argonautica,tlg001,2,572,οὐραῖα πτερὰ ταίγε πελειάδος· ἡ δʼ ἀπόρουσεν,οὐραῖα πτερὰ ταίγε πελειάδος· ἡ δ’ ἀπόρουσεν,tlg0001.tlg001.perseus-grc2.xml
Argonautica,tlg001,2,573,ἀσκηθής. ἐρέται δὲ μέγʼ ἴαχον· ἔβραχε δʼ αὐτὸς,ἀσκηθής. ἐρέται δὲ μέγ’ ἴαχον· ἔβραχε δ’ αὐτὸς,tlg0001.tlg001.perseus-grc2.xml
Argonautica,tlg001,2,574,Τῖφυς ἐρεσσέμεναι κρατερῶς. οἴγοντο γὰρ αὖτις,Τῖφυς ἐρεσσέμεναι κρατερῶς. οἴγοντο γὰρ αὖτις,tlg0001.tlg001.perseus-grc2.xml
Argonautica,tlg001,2,575,"ἄνδιχα. τοὺς δʼ ἐλάοντας ἔχεν τρόμος, ὄφρα μιν αὐτὴ","ἄνδιχα. τοὺς δ’ ἐλάοντας ἔχεν τρόμος, ὄφρα μιν αὐτὴ",tlg0001.tlg001.perseus-grc2.xml
Argonautica,tlg001,2,576,πλημμυρὶς παλίνορσος ἀνερχομένη κατένεικεν,πλημμυρὶς παλίνορσος ἀνερχομένη κατένεικεν,tlg0001.tlg001.perseus-grc2.xml
Argonautica,tlg001,2,577,εἴσω πετράων. τότε δʼ αἰνότατον δέος εἷλεν,εἴσω πετράων. τότε δ’ αἰνότατον δέος εἷλεν,tlg0001.tlg001.perseus-grc2.xml
Argonautica,tlg001,2,578,πάντας· ὑπὲρ κεφαλῆς γὰρ ἀμήχανος ἦεν ὄλεθρος.,πάντας· ὑπὲρ κεφαλῆς γὰρ ἀμήχανος ἦεν ὄλεθρος.,tlg0001.tlg001.perseus-grc2.xml
Argonautica,tlg001,2,579,"ἤδη δʼ ἔνθα καὶ ἔνθα διὰ πλατὺς εἴδετο Πόντος,","ἤδη δ’ ἔνθα καὶ ἔνθα διὰ πλατὺς εἴδετο Πόντος,",tlg0001.tlg001.perseus-grc2.xml
Argonautica,tlg001,2,580,καί σφισιν ἀπροφάτως ἀνέδυ μέγα κῦμα πάροιθεν,καί σφισιν ἀπροφάτως ἀνέδυ μέγα κῦμα πάροιθεν,tlg0001.tlg001.perseus-grc2.xml
Argonautica,tlg001,2,581,"κυρτόν, ἀποτμῆγι σκοπιῇ ἴσον· οἱ δʼ ἐσιδόντες","κυρτόν, ἀποτμῆγι σκοπιῇ ἴσον· οἱ δ’ ἐσιδόντες",tlg0001.tlg001.perseus-grc2.xml
Argonautica,tlg001,2,582,ἤμυσαν λοξοῖσι καρήασιν. εἴσατο γάρ ῥα,ἤμυσαν λοξοῖσι καρήασιν. εἴσατο γάρ ῥα,tlg0001.tlg001.perseus-grc2.xml
Argonautica,tlg001,2,583,νηὸς ὑπὲρ πάσης κατεπάλμενον ἀμφικαλύψειν.,νηὸς ὑπὲρ πάσης κατεπάλμενον ἀμφικαλύψειν.,tlg0001.tlg001.perseus-grc2.xml
Argonautica,tlg001,2,584,ἀλλά μιν ἔφθη Τῖφυς ὑπʼ εἰρεσίῃ βαρύθουσαν,ἀλλά μιν ἔφθη Τῖφυς ὑπ’ εἰρεσίῃ βαρύθουσαν,tlg0001.tlg001.perseus-grc2.xml
Argonautica,tlg001,2,585,"ἀγχαλάσας· τὸ δὲ πολλὸν ὑπὸ τρόπιν ἐξεκυλίσθη,","ἀγχαλάσας· τὸ δὲ πολλὸν ὑπὸ τρόπιν ἐξεκυλίσθη,",tlg0001.tlg001.perseus-grc2.xml
Argonautica,tlg001,2,586,ἐκ δʼ αὐτὴν πρύμνηθεν ἀνείρυσε τηλόθι νῆα,ἐκ δ’ αὐτὴν πρύμνηθεν ἀνείρυσε τηλόθι νῆα,tlg0001.tlg001.perseus-grc2.xml
Argonautica,tlg001,2,587,πετράων· ὑψοῦ δὲ μεταχρονίη πεφόρητο.,πετράων· ὑψοῦ δὲ μεταχρονίη πεφόρητο.,tlg0001.tlg001.perseus-grc2.xml
Argonautica,tlg001,2,588,"Εὔφημος δʼ ἀνὰ πάντας ἰὼν βοάασκεν ἑταίρους,","Εὔφημος δ’ ἀνὰ πάντας ἰὼν βοάασκεν ἑταίρους,",tlg0001.tlg001.perseus-grc2.xml
Argonautica,tlg001,2,589,ἐμβαλέειν κώπῃσιν ὅσον σθένος· οἱ δʼ ἀλαλητῷ,ἐμβαλέειν κώπῃσιν ὅσον σθένος· οἱ δ’ ἀλαλητῷ,tlg0001.tlg001.perseus-grc2.xml
Argonautica,tlg001,2,590,"κόπτον ὕδωρ. ὅσσον δʼ ἂν ὑπείκαθε νηῦς ἐρέτῃσιν,","κόπτον ὕδωρ. ὅσσον δ’ ἂν ὑπείκαθε νηῦς ἐρέτῃσιν,",tlg0001.tlg001.perseus-grc2.xml
Argonautica,tlg001,2,591,δὶς τόσον ἂψ ἀπόρουσεν· ἐπεγνάμπτοντο δὲ κῶπαι,δὶς τόσον ἂψ ἀπόρουσεν· ἐπεγνάμπτοντο δὲ κῶπαι,tlg0001.tlg001.perseus-grc2.xml
Argonautica,tlg001,2,592,"ἠύτε καμπύλα τόξα, βιαζομένων ἡρώων.","ἠύτε καμπύλα τόξα, βιαζομένων ἡρώων.",tlg0001.tlg001.perseus-grc2.xml
Argonautica,tlg001,2,593,"ἔνθεν δʼ αὐτίκʼ ἔπειτα κατηρεφὲς ἔσσυτο κῦμα,","ἔνθεν δ’ αὐτίκ’ ἔπειτα κατηρεφὲς ἔσσυτο κῦμα,",tlg0001.tlg001.perseus-grc2.xml
Argonautica,tlg001,2,594,ἡ δʼ ἄφαρ ὥστε κύλινδρος ἐπέτρεχε κύματι λάβρῳ,ἡ δ’ ἄφαρ ὥστε κύλινδρος ἐπέτρεχε κύματι λάβρῳ,tlg0001.tlg001.perseus-grc2.xml
Argonautica,tlg001,2,595,προπροκαταΐγδην κοίλης ἁλός. ἐν δʼ ἄρα μέσσαις,προπροκαταΐγδην κοίλης ἁλός. ἐν δ’ ἄρα μέσσαις,tlg0001.tlg001.perseus-grc2.xml
Argonautica,tlg001,2,596,Πληγάσι δινήεις εἶχεν ῥόος· αἱ δʼ ἑκάτερθεν,Πληγάσι δινήεις εἶχεν ῥόος· αἱ δ’ ἑκάτερθεν,tlg0001.tlg001.perseus-grc2.xml
Argonautica,tlg001,2,597,σειόμεναι βρόμεον· πεπέδητο δὲ νήια δοῦρα.,σειόμεναι βρόμεον· πεπέδητο δὲ νήια δοῦρα.,tlg0001.tlg001.perseus-grc2.xml
Argonautica,tlg001,2,598,καὶ τότʼ Ἀθηναίη στιβαρῆς ἀντέσπασε πέτρης,καὶ τότ’ Ἀθηναίη στιβαρῆς ἀντέσπασε πέτρης,tlg0001.tlg001.perseus-grc2.xml
Argonautica,tlg001,2,599,"σκαιῇ, δεξιτερῇ δὲ διαμπερὲς ὦσε φέρεσθαι.","σκαιῇ, δεξιτερῇ δὲ διαμπερὲς ὦσε φέρεσθαι.",tlg0001.tlg001.perseus-grc2.xml
Argonautica,tlg001,2,600,ἡ δʼ ἰκέλη πτερόεντι μετήορος ἔσσυτʼ ὀιστῷ.,ἡ δ’ ἰκέλη πτερόεντι μετήορος ἔσσυτ’ ὀιστῷ.,tlg0001.tlg001.perseus-grc2.xml
Argonautica,tlg001,2,601,ἔμπης δʼ ἀφλάστοιο παρέθρισαν ἄκρα κόρυμβα,ἔμπης δ’ ἀφλάστοιο παρέθρισαν ἄκρα κόρυμβα,tlg0001.tlg001.perseus-grc2.xml
Argonautica,tlg001,2,602,νωλεμὲς ἐμπλήξασαι ἐναντίαι. αὐτὰρ Ἀθήνη,νωλεμὲς ἐμπλήξασαι ἐναντίαι. αὐτὰρ Ἀθήνη,tlg0001.tlg001.perseus-grc2.xml
Argonautica,tlg001,2,603,"Οὔλυμπόνδʼ ἀνόρουσεν, ὅτʼ ἀσκηθεῖς ὑπάλυξαν.","Οὔλυμπόνδ’ ἀνόρουσεν, ὅτ’ ἀσκηθεῖς ὑπάλυξαν.",tlg0001.tlg001.perseus-grc2.xml
Argonautica,tlg001,2,604,πέτραι δʼ εἰς ἕνα χῶρον ἐπισχεδὸν ἀλλήλῃσιν,πέτραι δ’ εἰς ἕνα χῶρον ἐπισχεδὸν ἀλλήλῃσιν,tlg0001.tlg001.perseus-grc2.xml
Argonautica,tlg001,2,605,"νωλεμὲς ἐρρίζωθεν, ὃ δὴ καὶ μόρσιμον ἦεν","νωλεμὲς ἐρρίζωθεν, ὃ δὴ καὶ μόρσιμον ἦεν",tlg0001.tlg001.perseus-grc2.xml
Argonautica,tlg001,2,606,"ἐκ μακάρων, εὖτʼ ἄν τις ἰδὼν διὰ νηὶ περήσῃ.","ἐκ μακάρων, εὖτ’ ἄν τις ἰδὼν διὰ νηὶ περήσῃ.",tlg0001.tlg001.perseus-grc2.xml
Argonautica,tlg001,2,607,οἱ δέ που ὀκρυόεντος ἀνέπνεον ἄρτι φόβοιο,οἱ δέ που ὀκρυόεντος ἀνέπνεον ἄρτι φόβοιο,tlg0001.tlg001.perseus-grc2.xml
Argonautica,tlg001,2,608,ἠέρα παπταίνοντες ὁμοῦ πέλαγός τε θαλάσσης,ἠέρα παπταίνοντες ὁμοῦ πέλαγός τε θαλάσσης,tlg0001.tlg001.perseus-grc2.xml
Argonautica,tlg001,2,609,τῆλʼ ἀναπεπτάμενον. δὴ γὰρ φάσαν ἐξ Ἀίδαο,τῆλ’ ἀναπεπτάμενον. δὴ γὰρ φάσαν ἐξ Ἀίδαο,tlg0001.tlg001.perseus-grc2.xml
Argonautica,tlg001,2,610,σώεσθαι· Τῖφυς δὲ παροίτατος ἤρχετο μύθων·,σώεσθαι· Τῖφυς δὲ παροίτατος ἤρχετο μύθων·,tlg0001.tlg001.perseus-grc2.xml
Argonautica,tlg001,2,611,ἔλπομαι αὐτῇ νηὶ τόγʼ ἔμπεδον ἐξαλέασθαι,ἔλπομαι αὐτῇ νηὶ τόγ’ ἔμπεδον ἐξαλέασθαι,tlg0001.tlg001.perseus-grc2.xml
Argonautica,tlg001,2,612,"ἡμέας· οὐδέ τις ἄλλος ἐπαίτιος, ὅσσον Ἀθήνη,","ἡμέας· οὐδέ τις ἄλλος ἐπαίτιος, ὅσσον Ἀθήνη,",tlg0001.tlg001.perseus-grc2.xml
Argonautica,tlg001,2,613,"ἥ οἱ ἐνέπνευσεν θεῖον μένος, εὖτέ μιν Ἄργος","ἥ οἱ ἐνέπνευσεν θεῖον μένος, εὖτέ μιν Ἄργος",tlg0001.tlg001.perseus-grc2.xml
Argonautica,tlg001,2,614,γόμφοισιν συνάρασσε· θέμις δʼ οὐκ ἔστιν ἁλῶναι.,γόμφοισιν συνάρασσε· θέμις δ’ οὐκ ἔστιν ἁλῶναι.,tlg0001.tlg001.perseus-grc2.xml
Argonautica,tlg001,2,615,"Αἰσονίδη, τύνη δὲ τεοῦ βασιλῆος ἐφετμήν,","Αἰσονίδη, τύνη δὲ τεοῦ βασιλῆος ἐφετμήν,",tlg0001.tlg001.perseus-grc2.xml
Argonautica,tlg001,2,616,"εὖτε διὲκ πέτρας φυγέειν θεὸς ἧμιν ὄπασσεν,","εὖτε διὲκ πέτρας φυγέειν θεὸς ἧμιν ὄπασσεν,",tlg0001.tlg001.perseus-grc2.xml
Argonautica,tlg001,2,617,μηκέτι δείδιθι τοῖον· ἐπεὶ μετόπισθεν ἀέθλους,μηκέτι δείδιθι τοῖον· ἐπεὶ μετόπισθεν ἀέθλους,tlg0001.tlg001.perseus-grc2.xml
Argonautica,tlg001,2,618,εὐπαλέας τελέεσθαι Ἀγηνορίδης φάτο Φινεύς.,εὐπαλέας τελέεσθαι Ἀγηνορίδης φάτο Φινεύς.,tlg0001.tlg001.perseus-grc2.xml
Argonautica,tlg001,2,619,"ἦ ῥʼ ἅμα, καὶ προτέρωσε παραὶ Βιθυνίδα γαῖαν","ἦ ῥ’ ἅμα, καὶ προτέρωσε παραὶ Βιθυνίδα γαῖαν",tlg0001.tlg001.perseus-grc2.xml
Argonautica,tlg001,2,620,νῆα διὲκ πέλαγος σεῦεν μέσον. αὐτὰρ ὁ τόνγε,νῆα διὲκ πέλαγος σεῦεν μέσον. αὐτὰρ ὁ τόνγε,tlg0001.tlg001.perseus-grc2.xml
Argonautica,tlg001,2,621,μειλιχίοις ἐπέεσσι παραβλήδην προσέειπεν·,μειλιχίοις ἐπέεσσι παραβλήδην προσέειπεν·,tlg0001.tlg001.perseus-grc2.xml
Argonautica,tlg001,2,622,"Τῖφυ, τίη μοι ταῦτα παρηγορέεις ἀχέοντι;","Τῖφυ, τίη μοι ταῦτα παρηγορέεις ἀχέοντι;",tlg0001.tlg001.perseus-grc2.xml
Argonautica,tlg001,2,623,ἤμβροτον ἀασάμην τε κακὴν καὶ ἀμήχανον ἄτην.,ἤμβροτον ἀασάμην τε κακὴν καὶ ἀμήχανον ἄτην.,tlg0001.tlg001.perseus-grc2.xml
Argonautica,tlg001,2,624,χρῆν γὰρ ἐφιεμένοιο καταντικρὺ Πελίαο,χρῆν γὰρ ἐφιεμένοιο καταντικρὺ Πελίαο,tlg0001.tlg001.perseus-grc2.xml
Argonautica,tlg001,2,625,"αὐτίκʼ ἀνήνασθαι τόνδε στόλον, εἰ καὶ ἔμελλον","αὐτίκ’ ἀνήνασθαι τόνδε στόλον, εἰ καὶ ἔμελλον",tlg0001.tlg001.perseus-grc2.xml
Argonautica,tlg001,2,626,νηλειῶς μελεϊστὶ κεδαιόμενος θανέεσθαι·,νηλειῶς μελεϊστὶ κεδαιόμενος θανέεσθαι·,tlg0001.tlg001.perseus-grc2.xml
Argonautica,tlg001,2,627,νῦν δὲ περισσὸν δεῖμα καὶ ἀτλήτους μελεδῶνας,νῦν δὲ περισσὸν δεῖμα καὶ ἀτλήτους μελεδῶνας,tlg0001.tlg001.perseus-grc2.xml
Argonautica,tlg001,2,628,"ἄγκειμαι, στυγέων μὲν ἁλὸς κρυόεντα κέλευθα","ἄγκειμαι, στυγέων μὲν ἁλὸς κρυόεντα κέλευθα",tlg0001.tlg001.perseus-grc2.xml
Argonautica,tlg001,2,629,"νηὶ διαπλώειν, στυγέων δʼ, ὅτʼ ἐπʼ ἠπείροιο","νηὶ διαπλώειν, στυγέων δ’, ὅτ’ ἐπ’ ἠπείροιο",tlg0001.tlg001.perseus-grc2.xml
Argonautica,tlg001,2,630,βαίνωμεν. πάντῃ γὰρ ἀνάρσιοι ἄνδρες ἔασιν.,βαίνωμεν. πάντῃ γὰρ ἀνάρσιοι ἄνδρες ἔασιν.,tlg0001.tlg001.perseus-grc2.xml
Argonautica,tlg001,2,631,"αἰεὶ δὲ στονόεσσαν ἐπʼ ἤματι νύκτα φυλάσσω,","αἰεὶ δὲ στονόεσσαν ἐπ’ ἤματι νύκτα φυλάσσω,",tlg0001.tlg001.perseus-grc2.xml
Argonautica,tlg001,2,632,"ἐξότε τὸ πρώτιστον ἐμὴν χάριν ἠγερέθεσθε,","ἐξότε τὸ πρώτιστον ἐμὴν χάριν ἠγερέθεσθε,",tlg0001.tlg001.perseus-grc2.xml
Argonautica,tlg001,2,633,φραζόμενος τὰ ἕκαστα σὺ δʼ εὐμαρέως ἀγορεύεις,φραζόμενος τὰ ἕκαστα σὺ δ’ εὐμαρέως ἀγορεύεις,tlg0001.tlg001.perseus-grc2.xml
Argonautica,tlg001,2,634,οἶον ἑῆς ψυχῆς ἀλέγων ὕπερ· αὐτὰρ ἔγωγε,οἶον ἑῆς ψυχῆς ἀλέγων ὕπερ· αὐτὰρ ἔγωγε,tlg0001.tlg001.perseus-grc2.xml
Argonautica,tlg001,2,635,εἷο μὲν οὐδʼ ἠβαιὸν ἀτύζομαι· ἀμφὶ δὲ τοῖο,εἷο μὲν οὐδ’ ἠβαιὸν ἀτύζομαι· ἀμφὶ δὲ τοῖο,tlg0001.tlg001.perseus-grc2.xml
Argonautica,tlg001,2,636,"καὶ τοῦ ὁμῶς, καὶ σεῖο, καὶ ἄλλων δείδιʼ ἑταίρων","καὶ τοῦ ὁμῶς, καὶ σεῖο, καὶ ἄλλων δείδι’ ἑταίρων",tlg0001.tlg001.perseus-grc2.xml
Argonautica,tlg001,2,637,εἰ μὴ ἐς Ἑλλάδα γαῖαν ἀπήμονας ὔμμε κομίσσω.,εἰ μὴ ἐς Ἑλλάδα γαῖαν ἀπήμονας ὔμμε κομίσσω.,tlg0001.tlg001.perseus-grc2.xml
Argonautica,tlg001,2,638,ὧς φάτʼ ἀριστήων πειρώμενος· οἱ δʼ ὁμάδησαν,ὧς φάτ’ ἀριστήων πειρώμενος· οἱ δ’ ὁμάδησαν,tlg0001.tlg001.perseus-grc2.xml
Argonautica,tlg001,2,639,θαρσαλέοις ἐπέεσσιν. ὁ δὲ φρένας ἔνδον ἰάνθη,θαρσαλέοις ἐπέεσσιν. ὁ δὲ φρένας ἔνδον ἰάνθη,tlg0001.tlg001.perseus-grc2.xml
Argonautica,tlg001,2,640,"κεκλομένων, καί ῥʼ αὖτις ἐπιρρήδην μετέειπεν·","κεκλομένων, καί ῥ’ αὖτις ἐπιρρήδην μετέειπεν·",tlg0001.tlg001.perseus-grc2.xml
Argonautica,tlg001,2,641,"ὦ φίλοι, ὑμετέρῃ ἀρετῇ ἔνι θάρσος ἀέξω.","ὦ φίλοι, ὑμετέρῃ ἀρετῇ ἔνι θάρσος ἀέξω.",tlg0001.tlg001.perseus-grc2.xml
Argonautica,tlg001,2,642,τούνεκα νῦν οὐδʼ εἴ κε διὲξ Ἀίδαο βερέθρων,τούνεκα νῦν οὐδ’ εἴ κε διὲξ Ἀίδαο βερέθρων,tlg0001.tlg001.perseus-grc2.xml
Argonautica,tlg001,2,643,"στελλοίμην, ἔτι τάρβος ἀνάψομαι, εὖτε πέλεσθε","στελλοίμην, ἔτι τάρβος ἀνάψομαι, εὖτε πέλεσθε",tlg0001.tlg001.perseus-grc2.xml
Argonautica,tlg001,2,644,ἔμπεδοι ἀργαλέοις ἐνὶ δείμασιν. ἀλλʼ ὅτε πέτρας,ἔμπεδοι ἀργαλέοις ἐνὶ δείμασιν. ἀλλ’ ὅτε πέτρας,tlg0001.tlg001.perseus-grc2.xml
Argonautica,tlg001,2,645,"Πληγάδας ἐξέπλωμεν, ὀίομαι οὐκ ἔτʼ ὀπίσσω","Πληγάδας ἐξέπλωμεν, ὀίομαι οὐκ ἔτ’ ὀπίσσω",tlg0001.tlg001.perseus-grc2.xml
Argonautica,tlg001,2,646,"ἔσσεσθαι τοιόνδʼ ἕτερον φόβον, εἰ ἐτεόν γε","ἔσσεσθαι τοιόνδ’ ἕτερον φόβον, εἰ ἐτεόν γε",tlg0001.tlg001.perseus-grc2.xml
Argonautica,tlg001,2,647,φραδμοσύνῃ Φινῆος ἐπισπόμενοι νεόμεσθα.,φραδμοσύνῃ Φινῆος ἐπισπόμενοι νεόμεσθα.,tlg0001.tlg001.perseus-grc2.xml
Argonautica,tlg001,2,648,"ὧς φάτο, καὶ τοίων μὲν ἐλώφεον αὐτίκα μύθων,","ὧς φάτο, καὶ τοίων μὲν ἐλώφεον αὐτίκα μύθων,",tlg0001.tlg001.perseus-grc2.xml
Argonautica,tlg001,2,649,εἰρεσίῃ δʼ ἀλίαστον ἔχον πόνον· αἶψα δὲ τοίγε,εἰρεσίῃ δ’ ἀλίαστον ἔχον πόνον· αἶψα δὲ τοίγε,tlg0001.tlg001.perseus-grc2.xml
Argonautica,tlg001,2,650,"Ῥήβαν ὠκυρόην ποταμὸν σκόπελόν τε Κολώνης,","Ῥήβαν ὠκυρόην ποταμὸν σκόπελόν τε Κολώνης,",tlg0001.tlg001.perseus-grc2.xml
Argonautica,tlg001,2,651,"ἄκρην δʼ οὐ μετὰ δηθὰ παρεξενέοντο Μέλαιναν,","ἄκρην δ’ οὐ μετὰ δηθὰ παρεξενέοντο Μέλαιναν,",tlg0001.tlg001.perseus-grc2.xml
Argonautica,tlg001,2,652,"τῇ δʼ ἄρʼ ἐπὶ προχοὰς Φυλληίδας, ἔνθα πάροιθεν","τῇ δ’ ἄρ’ ἐπὶ προχοὰς Φυλληίδας, ἔνθα πάροιθεν",tlg0001.tlg001.perseus-grc2.xml
Argonautica,tlg001,2,653,"Διψακὸς υἷʼ Ἀθάμαντος ἑοῖς ὑπέδεκτο δόμοισιν,","Διψακὸς υἷ’ Ἀθάμαντος ἑοῖς ὑπέδεκτο δόμοισιν,",tlg0001.tlg001.perseus-grc2.xml
Argonautica,tlg001,2,654,ὁππόθʼ ἅμα κριῷ φεῦγεν πόλιν Ὀρχομενοῖο·,ὁππόθ’ ἅμα κριῷ φεῦγεν πόλιν Ὀρχομενοῖο·,tlg0001.tlg001.perseus-grc2.xml
Argonautica,tlg001,2,655,τίκτε δέ μιν νύμφη λειμωνιάς· οὐδέ οἱ ὕβρις,τίκτε δέ μιν νύμφη λειμωνιάς· οὐδέ οἱ ὕβρις,tlg0001.tlg001.perseus-grc2.xml
Argonautica,tlg001,2,656,"ἥνδανεν, ἀλλʼ ἐθελημὸς ἐφʼ ὕδασι πατρὸς ἑοῖο","ἥνδανεν, ἀλλ’ ἐθελημὸς ἐφ’ ὕδασι πατρὸς ἑοῖο",tlg0001.tlg001.perseus-grc2.xml
Argonautica,tlg001,2,657,μητέρι συνναίεσκεν ἐπάκτια πώεα φέρβων.,μητέρι συνναίεσκεν ἐπάκτια πώεα φέρβων.,tlg0001.tlg001.perseus-grc2.xml
Argonautica,tlg001,2,658,"τοῦ μέν θʼ ἱερὸν αἶψα, καὶ εὐρείας ποταμοῖο","τοῦ μέν θ’ ἱερὸν αἶψα, καὶ εὐρείας ποταμοῖο",tlg0001.tlg001.perseus-grc2.xml
Argonautica,tlg001,2,659,"ἠιόνας πεδίον τε, βαθυρρείοντά τε Κάλπην","ἠιόνας πεδίον τε, βαθυρρείοντά τε Κάλπην",tlg0001.tlg001.perseus-grc2.xml
Argonautica,tlg001,2,660,"δερκόμενοι παράμειβον, ὁμῶς δʼ ἐπὶ ἤματι νύκτα","δερκόμενοι παράμειβον, ὁμῶς δ’ ἐπὶ ἤματι νύκτα",tlg0001.tlg001.perseus-grc2.xml
Argonautica,tlg001,2,661,νήνεμον ἀκαμάτῃσιν ἐπερρώοντʼ ἐλάτῃσιν.,νήνεμον ἀκαμάτῃσιν ἐπερρώοντ’ ἐλάτῃσιν.,tlg0001.tlg001.perseus-grc2.xml
Argonautica,tlg001,2,662,οἷον δὲ πλαδόωσαν ἐπισχίζοντες ἄρουραν,οἷον δὲ πλαδόωσαν ἐπισχίζοντες ἄρουραν,tlg0001.tlg001.perseus-grc2.xml
Argonautica,tlg001,2,663,"ἐργατίναι μογέουσι βόες, περὶ δʼ ἄσπετος ἱδρὼς","ἐργατίναι μογέουσι βόες, περὶ δ’ ἄσπετος ἱδρὼς",tlg0001.tlg001.perseus-grc2.xml
Argonautica,tlg001,2,664,εἴβεται ἐκ λαγόνων τε καὶ αὐχένος· ὄμματα δέ σφιν,εἴβεται ἐκ λαγόνων τε καὶ αὐχένος· ὄμματα δέ σφιν,tlg0001.tlg001.perseus-grc2.xml
Argonautica,tlg001,2,665,λοξὰ παραστρωφῶνται ὑπὸ ζυγοῦ· αὐτὰρ ἀυτμὴ,λοξὰ παραστρωφῶνται ὑπὸ ζυγοῦ· αὐτὰρ ἀυτμὴ,tlg0001.tlg001.perseus-grc2.xml
Argonautica,tlg001,2,666,αὐαλέη στομάτων ἄμοτον βρέμει· οἱ δʼ ἐνὶ γαίῃ,αὐαλέη στομάτων ἄμοτον βρέμει· οἱ δ’ ἐνὶ γαίῃ,tlg0001.tlg001.perseus-grc2.xml
Argonautica,tlg001,2,667,χηλὰς σκηρίπτοντε πανημέριοι πονέονται.,χηλὰς σκηρίπτοντε πανημέριοι πονέονται.,tlg0001.tlg001.perseus-grc2.xml
Argonautica,tlg001,2,668,τοῖς ἴκελοι ἥρωες ὑπὲξ ἁλὸς εἷλκον ἐρετμά.,τοῖς ἴκελοι ἥρωες ὑπὲξ ἁλὸς εἷλκον ἐρετμά.,tlg0001.tlg001.perseus-grc2.xml
Argonautica,tlg001,2,669,"ἦμος δʼ οὔτʼ ἄρ πω φάος ἄμβροτον, οὔτʼ ἔτι λίην","ἦμος δ’ οὔτ’ ἄρ πω φάος ἄμβροτον, οὔτ’ ἔτι λίην",tlg0001.tlg001.perseus-grc2.xml
Argonautica,tlg001,2,670,"ὀρφναίη πέλεται, λεπτὸν δʼ ἐπιδέδρομε νυκτὶ","ὀρφναίη πέλεται, λεπτὸν δ’ ἐπιδέδρομε νυκτὶ",tlg0001.tlg001.perseus-grc2.xml
Argonautica,tlg001,2,671,"φέγγος, ὅτʼ ἀμφιλύκην μιν ἀνεγρόμενοι καλέουσιν,","φέγγος, ὅτ’ ἀμφιλύκην μιν ἀνεγρόμενοι καλέουσιν,",tlg0001.tlg001.perseus-grc2.xml
Argonautica,tlg001,2,672,τῆμος ἐρημαίης νήσου λιμένʼ εἰσελάσαντες,τῆμος ἐρημαίης νήσου λιμέν’ εἰσελάσαντες,tlg0001.tlg001.perseus-grc2.xml
Argonautica,tlg001,2,673,"Θυνιάδος, καμάτῳ πολυπήμονι βαῖνον ἔραζε.","Θυνιάδος, καμάτῳ πολυπήμονι βαῖνον ἔραζε.",tlg0001.tlg001.perseus-grc2.xml
Argonautica,tlg001,2,674,"τοῖσι δὲ Λητοῦς υἱός, ἀνερχόμενος Λυκίηθεν","τοῖσι δὲ Λητοῦς υἱός, ἀνερχόμενος Λυκίηθεν",tlg0001.tlg001.perseus-grc2.xml
Argonautica,tlg001,2,675,"τῆλʼ ἐπʼ ἀπείρονα δῆμον Ὑπερβορέων ἀνθρώπων,","τῆλ’ ἐπ’ ἀπείρονα δῆμον Ὑπερβορέων ἀνθρώπων,",tlg0001.tlg001.perseus-grc2.xml
Argonautica,tlg001,2,676,ἐξεφάνη· χρύσεοι δὲ παρειάων ἑκάτερθεν,ἐξεφάνη· χρύσεοι δὲ παρειάων ἑκάτερθεν,tlg0001.tlg001.perseus-grc2.xml
Argonautica,tlg001,2,677,πλοχμοὶ βοτρυόεντες ἐπερρώοντο κιόντι·,πλοχμοὶ βοτρυόεντες ἐπερρώοντο κιόντι·,tlg0001.tlg001.perseus-grc2.xml
Argonautica,tlg001,2,678,"λαιῇ δʼ ἀργύρεον νώμα βιόν, ἀμφὶ δὲ νώτοις","λαιῇ δ’ ἀργύρεον νώμα βιόν, ἀμφὶ δὲ νώτοις",tlg0001.tlg001.perseus-grc2.xml
Argonautica,tlg001,2,679,ἰοδόκη τετάνυστο κατωμαδόν· ἡ δʼ ὑπὸ ποσσὶν,ἰοδόκη τετάνυστο κατωμαδόν· ἡ δ’ ὑπὸ ποσσὶν,tlg0001.tlg001.perseus-grc2.xml
Argonautica,tlg001,2,680,"σείετο νῆσος ὅλη, κλύζεν δʼ ἐπὶ κύματα χέρσῳ.","σείετο νῆσος ὅλη, κλύζεν δ’ ἐπὶ κύματα χέρσῳ.",tlg0001.tlg001.perseus-grc2.xml
Argonautica,tlg001,2,681,τοὺς δʼ ἕλε θάμβος ἰδόντας ἀμήχανον· οὐδέ τις ἔτλη,τοὺς δ’ ἕλε θάμβος ἰδόντας ἀμήχανον· οὐδέ τις ἔτλη,tlg0001.tlg001.perseus-grc2.xml
Argonautica,tlg001,2,682,ἀντίον αὐγάσσασθαι ἐς ὄμματα καλὰ θεοῖο.,ἀντίον αὐγάσσασθαι ἐς ὄμματα καλὰ θεοῖο.,tlg0001.tlg001.perseus-grc2.xml
Argonautica,tlg001,2,683,στὰν δὲ κάτω νεύσαντες ἐπὶ χθονός· αὐτὰρ ὁ τηλοῦ,στὰν δὲ κάτω νεύσαντες ἐπὶ χθονός· αὐτὰρ ὁ τηλοῦ,tlg0001.tlg001.perseus-grc2.xml
Argonautica,tlg001,2,684,βῆ ῥʼ ἴμεναι πόντονδε διʼ ἠέρος· ὀψὲ δὲ τοῖον,βῆ ῥ’ ἴμεναι πόντονδε δι’ ἠέρος· ὀψὲ δὲ τοῖον,tlg0001.tlg001.perseus-grc2.xml
Argonautica,tlg001,2,685,Ὀρφεὺς ἔκφατο μῦθον ἀριστήεσσι πιφαύσκων·,Ὀρφεὺς ἔκφατο μῦθον ἀριστήεσσι πιφαύσκων·,tlg0001.tlg001.perseus-grc2.xml
Argonautica,tlg001,2,686,εἰ δʼ ἄγε δὴ νῆσον μὲν Ἑωίου Ἀπόλλωνος,εἰ δ’ ἄγε δὴ νῆσον μὲν Ἑωίου Ἀπόλλωνος,tlg0001.tlg001.perseus-grc2.xml
Argonautica,tlg001,2,687,"τήνδʼ ἱερὴν κλείωμεν, ἐπεὶ πάντεσσι φαάνθη","τήνδ’ ἱερὴν κλείωμεν, ἐπεὶ πάντεσσι φαάνθη",tlg0001.tlg001.perseus-grc2.xml
Argonautica,tlg001,2,688,"ἠῷος μετιών· τὰ δὲ ῥέξομεν οἷα πάρεστιν,","ἠῷος μετιών· τὰ δὲ ῥέξομεν οἷα πάρεστιν,",tlg0001.tlg001.perseus-grc2.xml
Argonautica,tlg001,2,689,βωμὸν ἀναστήσαντες ἐπάκτιον· εἰ δʼ ἂν ὀπίσσω,βωμὸν ἀναστήσαντες ἐπάκτιον· εἰ δ’ ἂν ὀπίσσω,tlg0001.tlg001.perseus-grc2.xml
Argonautica,tlg001,2,690,"γαῖαν ἐς Αἱμονίην ἀσκηθέα νόστον ὀπάσσῃ,","γαῖαν ἐς Αἱμονίην ἀσκηθέα νόστον ὀπάσσῃ,",tlg0001.tlg001.perseus-grc2.xml
Argonautica,tlg001,2,691,δὴ τότε οἱ κεραῶν ἐπὶ μηρία θήσομεν αἰγῶν.,δὴ τότε οἱ κεραῶν ἐπὶ μηρία θήσομεν αἰγῶν.,tlg0001.tlg001.perseus-grc2.xml
Argonautica,tlg001,2,692,νῦν δʼ αὔτως κνίσῃ λοιβῇσί τε μειλίξασθαι,νῦν δ’ αὔτως κνίσῃ λοιβῇσί τε μειλίξασθαι,tlg0001.tlg001.perseus-grc2.xml
Argonautica,tlg001,2,693,"κέκλομαι. ἀλλʼ ἵληθι ἄναξ, ἵληθι φαανθείς.","κέκλομαι. ἀλλ’ ἵληθι ἄναξ, ἵληθι φαανθείς.",tlg0001.tlg001.perseus-grc2.xml
Argonautica,tlg001,2,694,ὧς ἄρʼ ἔφη· καὶ τοὶ μὲν ἄφαρ βωμὸν τετύκοντο,ὧς ἄρ’ ἔφη· καὶ τοὶ μὲν ἄφαρ βωμὸν τετύκοντο,tlg0001.tlg001.perseus-grc2.xml
Argonautica,tlg001,2,695,"χερμάσιν· οἱ δʼ ἀνὰ νῆσον ἐδίνεον, ἐξερέοντες","χερμάσιν· οἱ δ’ ἀνὰ νῆσον ἐδίνεον, ἐξερέοντες",tlg0001.tlg001.perseus-grc2.xml
Argonautica,tlg001,2,696,"εἴ κέ τινʼ ἢ κεμάδων, ἢ ἀγροτέρων ἐσίδοιεν","εἴ κέ τιν’ ἢ κεμάδων, ἢ ἀγροτέρων ἐσίδοιεν",tlg0001.tlg001.perseus-grc2.xml
Argonautica,tlg001,2,697,"αἰγῶν, οἷά τε πολλὰ βαθείῃ βόσκεται ὕλῃ.","αἰγῶν, οἷά τε πολλὰ βαθείῃ βόσκεται ὕλῃ.",tlg0001.tlg001.perseus-grc2.xml
Argonautica,tlg001,2,698,τοῖσι δὲ Λητοΐδης ἄγρην πόρεν· ἐκ δέ νυ πάντων,τοῖσι δὲ Λητοΐδης ἄγρην πόρεν· ἐκ δέ νυ πάντων,tlg0001.tlg001.perseus-grc2.xml
Argonautica,tlg001,2,699,εὐαγέως ἱερῷ ἀνὰ διπλόα μηρία βωμῷ,εὐαγέως ἱερῷ ἀνὰ διπλόα μηρία βωμῷ,tlg0001.tlg001.perseus-grc2.xml
Argonautica,tlg001,2,700,"καῖον, ἐπικλείοντες Ἑώιον Ἀπόλλωνα.","καῖον, ἐπικλείοντες Ἑώιον Ἀπόλλωνα.",tlg0001.tlg001.perseus-grc2.xml
Argonautica,tlg001,2,701,"ἀμφὶ δὲ δαιομένοις εὐρὺν χορὸν ἐστήσαντο,","ἀμφὶ δὲ δαιομένοις εὐρὺν χορὸν ἐστήσαντο,",tlg0001.tlg001.perseus-grc2.xml
Argonautica,tlg001,2,702,καλὸν Ἰηπαιήονʼ Ἰηπαιήονα Φοῖβον,καλὸν Ἰηπαιήον’ Ἰηπαιήονα Φοῖβον,tlg0001.tlg001.perseus-grc2.xml
Argonautica,tlg001,2,703,μελπόμενοι· σὺν δέ σφιν ἐὺς πάις Οἰάγροιο,μελπόμενοι· σὺν δέ σφιν ἐὺς πάις Οἰάγροιο,tlg0001.tlg001.perseus-grc2.xml
Argonautica,tlg001,2,704,Βιστονίῃ φόρμιγγι λιγείης ἦρχεν ἀοιδῆς·,Βιστονίῃ φόρμιγγι λιγείης ἦρχεν ἀοιδῆς·,tlg0001.tlg001.perseus-grc2.xml
Argonautica,tlg001,2,705,ὥς ποτε πετραίῃ ὑπὸ δειράδι Παρνησσοῖο,ὥς ποτε πετραίῃ ὑπὸ δειράδι Παρνησσοῖο,tlg0001.tlg001.perseus-grc2.xml
Argonautica,tlg001,2,706,"Δελφύνην τόξοισι πελώριον ἐξενάριξεν,","Δελφύνην τόξοισι πελώριον ἐξενάριξεν,",tlg0001.tlg001.perseus-grc2.xml
Argonautica,tlg001,2,707,"κοῦρος ἐὼν ἔτι γυμνός, ἔτι πλοκάμοισι γεγηθώς.","κοῦρος ἐὼν ἔτι γυμνός, ἔτι πλοκάμοισι γεγηθώς.",tlg0001.tlg001.perseus-grc2.xml
Argonautica,tlg001,2,708,"ἱλήκοις· αἰεί τοι, ἄναξ, ἄτμητοι ἔθειραι,","ἱλήκοις· αἰεί τοι, ἄναξ, ἄτμητοι ἔθειραι,",tlg0001.tlg001.perseus-grc2.xml
Argonautica,tlg001,2,709,αἰὲν ἀδήλητοι· τὼς γὰρ θέμις. οἰόθι δʼ αὐτὴ,αἰὲν ἀδήλητοι· τὼς γὰρ θέμις. οἰόθι δ’ αὐτὴ,tlg0001.tlg001.perseus-grc2.xml
Argonautica,tlg001,2,710,Λητὼ Κοιογένεια φίλαις ἐν χερσὶν ἀφάσσει.,Λητὼ Κοιογένεια φίλαις ἐν χερσὶν ἀφάσσει.,tlg0001.tlg001.perseus-grc2.xml
Argonautica,tlg001,2,711,"πολλὰ δὲ Κωρύκιαι νύμφαι, Πλείστοιο θύγατρες,","πολλὰ δὲ Κωρύκιαι νύμφαι, Πλείστοιο θύγατρες,",tlg0001.tlg001.perseus-grc2.xml
Argonautica,tlg001,2,712,"θαρσύνεσκον ἔπεσσιν, Ἰήιε κεκληγυῖαι·","θαρσύνεσκον ἔπεσσιν, Ἰήιε κεκληγυῖαι·",tlg0001.tlg001.perseus-grc2.xml
Argonautica,tlg001,2,713,ἔνθεν δὴ τόδε καλὸν ἐφύμνιον ἔπλετο Φοίβῳ.,ἔνθεν δὴ τόδε καλὸν ἐφύμνιον ἔπλετο Φοίβῳ.,tlg0001.tlg001.perseus-grc2.xml
Argonautica,tlg001,2,714,"αὐτὰρ ἐπειδὴ τόνγε χορείῃ μέλψαν ἀοιδῇ,","αὐτὰρ ἐπειδὴ τόνγε χορείῃ μέλψαν ἀοιδῇ,",tlg0001.tlg001.perseus-grc2.xml
Argonautica,tlg001,2,715,"λοιβαῖς εὐαγέεσσιν ἐπώμοσαν, ἦ μὲν ἀρήξειν","λοιβαῖς εὐαγέεσσιν ἐπώμοσαν, ἦ μὲν ἀρήξειν",tlg0001.tlg001.perseus-grc2.xml
Argonautica,tlg001,2,716,"ἀλλήλοις εἰσαιὲν ὁμοφροσύνῃσι νόοιο,","ἀλλήλοις εἰσαιὲν ὁμοφροσύνῃσι νόοιο,",tlg0001.tlg001.perseus-grc2.xml
Argonautica,tlg001,2,717,ἁπτόμενοι θυέων· καί τʼ εἰσέτι νῦν γε τέτυκται,ἁπτόμενοι θυέων· καί τ’ εἰσέτι νῦν γε τέτυκται,tlg0001.tlg001.perseus-grc2.xml
Argonautica,tlg001,2,718,"κεῖσʼ Ὁμονοίης ἱρὸν ἐύφρονος, ὅ ῥʼ ἐκάμοντο","κεῖσ’ Ὁμονοίης ἱρὸν ἐύφρονος, ὅ ῥ’ ἐκάμοντο",tlg0001.tlg001.perseus-grc2.xml
Argonautica,tlg001,2,719,αὐτοὶ κυδίστην τότε δαίμονα πορσαίνοντες.,αὐτοὶ κυδίστην τότε δαίμονα πορσαίνοντες.,tlg0001.tlg001.perseus-grc2.xml
Argonautica,tlg001,2,720,"ἦμος δὲ τρίτατον φάος ἤλυθε, δὴ τότʼ ἔπειτα","ἦμος δὲ τρίτατον φάος ἤλυθε, δὴ τότ’ ἔπειτα",tlg0001.tlg001.perseus-grc2.xml
Argonautica,tlg001,2,721,ἀκραεῖ ζεφύρῳ νῆσον λίπον αἰπήεσσαν.,ἀκραεῖ ζεφύρῳ νῆσον λίπον αἰπήεσσαν.,tlg0001.tlg001.perseus-grc2.xml
Argonautica,tlg001,2,722,ἔνθεν δʼ ἀντιπέρην ποταμοῦ στόμα Σαγγαρίοιο,ἔνθεν δ’ ἀντιπέρην ποταμοῦ στόμα Σαγγαρίοιο,tlg0001.tlg001.perseus-grc2.xml
Argonautica,tlg001,2,723,καὶ Μαριανδυνῶν ἀνδρῶν ἐριθηλέα γαῖαν,καὶ Μαριανδυνῶν ἀνδρῶν ἐριθηλέα γαῖαν,tlg0001.tlg001.perseus-grc2.xml
Argonautica,tlg001,2,724,ἠδὲ Λύκοιο ῥέεθρα καὶ Ἀνθεμοεισίδα λίμνην,ἠδὲ Λύκοιο ῥέεθρα καὶ Ἀνθεμοεισίδα λίμνην,tlg0001.tlg001.perseus-grc2.xml
Argonautica,tlg001,2,725,δερκόμενοι παράμειβον· ὑπὸ πνοιῇ δὲ κάλωες,δερκόμενοι παράμειβον· ὑπὸ πνοιῇ δὲ κάλωες,tlg0001.tlg001.perseus-grc2.xml
Argonautica,tlg001,2,726,ὅπλα τε νήια πάντα τινάσσετο νισσομένοισιν.,ὅπλα τε νήια πάντα τινάσσετο νισσομένοισιν.,tlg0001.tlg001.perseus-grc2.xml
Argonautica,tlg001,2,727,ἠῶθεν δʼ ἀνέμοιο διὰ κνέφας εὐνηθέντος,ἠῶθεν δ’ ἀνέμοιο διὰ κνέφας εὐνηθέντος,tlg0001.tlg001.perseus-grc2.xml
Argonautica,tlg001,2,728,ἀσπασίως ἄκρης Ἀχερουσίδος ὅρμον ἵκοντο.,ἀσπασίως ἄκρης Ἀχερουσίδος ὅρμον ἵκοντο.,tlg0001.tlg001.perseus-grc2.xml
Argonautica,tlg001,2,729,"ἡ μέν τε κρημνοῖσιν ἀνίσχεται ἠλιβάτοισιν,","ἡ μέν τε κρημνοῖσιν ἀνίσχεται ἠλιβάτοισιν,",tlg0001.tlg001.perseus-grc2.xml
Argonautica,tlg001,2,730,εἰς ἅλα δερκομένη Βιθυνίδα· τῇ δʼ ὑπὸ πέτραι,εἰς ἅλα δερκομένη Βιθυνίδα· τῇ δ’ ὑπὸ πέτραι,tlg0001.tlg001.perseus-grc2.xml
Argonautica,tlg001,2,731,λισσάδες ἐρρίζωνται ἁλίβροχοι· ἀμφὶ δὲ τῇσιν,λισσάδες ἐρρίζωνται ἁλίβροχοι· ἀμφὶ δὲ τῇσιν,tlg0001.tlg001.perseus-grc2.xml
Argonautica,tlg001,2,732,κῦμα κυλινδόμενον μεγάλα βρέμει· αὐτὰρ ὕπερθεν,κῦμα κυλινδόμενον μεγάλα βρέμει· αὐτὰρ ὕπερθεν,tlg0001.tlg001.perseus-grc2.xml
Argonautica,tlg001,2,733,ἀμφιλαφεῖς πλατάνιστοι ἐπʼ ἀκροτάτῃ πεφύασιν.,ἀμφιλαφεῖς πλατάνιστοι ἐπ’ ἀκροτάτῃ πεφύασιν.,tlg0001.tlg001.perseus-grc2.xml
Argonautica,tlg001,2,734,ἐκ δʼ αὐτῆς εἴσω κατακέκλιται ἤπειρόνδε,ἐκ δ’ αὐτῆς εἴσω κατακέκλιται ἤπειρόνδε,tlg0001.tlg001.perseus-grc2.xml
Argonautica,tlg001,2,735,"κοίλη ὕπαιθα νάπη, ἵνα τε σπέος ἔστʼ Ἀίδαο","κοίλη ὕπαιθα νάπη, ἵνα τε σπέος ἔστ’ Ἀίδαο",tlg0001.tlg001.perseus-grc2.xml
Argonautica,tlg001,2,736,"ὕλῃ καὶ πέτρῃσιν ἐπηρεφές, ἔνθεν ἀυτμὴ","ὕλῃ καὶ πέτρῃσιν ἐπηρεφές, ἔνθεν ἀυτμὴ",tlg0001.tlg001.perseus-grc2.xml
Argonautica,tlg001,2,737,"πηγυλίς, ὀκρυόεντος ἀναπνείουσα μυχοῖο","πηγυλίς, ὀκρυόεντος ἀναπνείουσα μυχοῖο",tlg0001.tlg001.perseus-grc2.xml
Argonautica,tlg001,2,738,"συνεχές, ἀργινόεσσαν ἀεὶ περιτέτροφε πάχνην,","συνεχές, ἀργινόεσσαν ἀεὶ περιτέτροφε πάχνην,",tlg0001.tlg001.perseus-grc2.xml
Argonautica,tlg001,2,739,ἥ τε μεσημβριόωντος ἰαίνεται ἠελίοιο.,ἥ τε μεσημβριόωντος ἰαίνεται ἠελίοιο.,tlg0001.tlg001.perseus-grc2.xml
Argonautica,tlg001,2,740,"σιγὴ δʼ οὔποτε τήνγε κατὰ βλοσυρὴν ἔχει ἄκρην,","σιγὴ δ’ οὔποτε τήνγε κατὰ βλοσυρὴν ἔχει ἄκρην,",tlg0001.tlg001.perseus-grc2.xml
Argonautica,tlg001,2,741,"ἀλλʼ ἄμυδις πόντοιό θʼ ὑπὸ στένει ἠχήεντος,","ἀλλ’ ἄμυδις πόντοιό θ’ ὑπὸ στένει ἠχήεντος,",tlg0001.tlg001.perseus-grc2.xml
Argonautica,tlg001,2,742,φύλλων τε πνοιῇσι τινασσομένων μυχίῃσιν.,φύλλων τε πνοιῇσι τινασσομένων μυχίῃσιν.,tlg0001.tlg001.perseus-grc2.xml
Argonautica,tlg001,2,743,"ἔνθα δὲ καὶ προχοαὶ ποταμοῦ Ἀχέροντος ἔασιν,","ἔνθα δὲ καὶ προχοαὶ ποταμοῦ Ἀχέροντος ἔασιν,",tlg0001.tlg001.perseus-grc2.xml
Argonautica,tlg001,2,744,ὅς τε διὲξ ἄκρης ἀνερεύγεται εἰς ἅλα βάλλων,ὅς τε διὲξ ἄκρης ἀνερεύγεται εἰς ἅλα βάλλων,tlg0001.tlg001.perseus-grc2.xml
Argonautica,tlg001,2,745,ἠῴην· κοίλη δὲ φάραγξ κατάγει μιν ἄνωθεν.,ἠῴην· κοίλη δὲ φάραγξ κατάγει μιν ἄνωθεν.,tlg0001.tlg001.perseus-grc2.xml
Argonautica,tlg001,2,746,τὸν μὲν ἐν ὀψιγόνοισι Σοωναύτην ὀνόμηναν,τὸν μὲν ἐν ὀψιγόνοισι Σοωναύτην ὀνόμηναν,tlg0001.tlg001.perseus-grc2.xml
Argonautica,tlg001,2,747,"Νισαῖοι Μεγαρῆες, ὅτε νάσσεσθαι ἔμελλον","Νισαῖοι Μεγαρῆες, ὅτε νάσσεσθαι ἔμελλον",tlg0001.tlg001.perseus-grc2.xml
Argonautica,tlg001,2,748,γῆν Μαριανδυνῶν. δὴ γάρ σφεας ἐξεσάωσεν,γῆν Μαριανδυνῶν. δὴ γάρ σφεας ἐξεσάωσεν,tlg0001.tlg001.perseus-grc2.xml
Argonautica,tlg001,2,749,"αὐτῇσιν νήεσσι, κακῇ χρίμψαντας ἀέλλῃ.","αὐτῇσιν νήεσσι, κακῇ χρίμψαντας ἀέλλῃ.",tlg0001.tlg001.perseus-grc2.xml
Argonautica,tlg001,2,750,τῇ ῥʼ οἵγʼ αὐτίκα νηὶ διὲξ Ἀχερουσίδος ἄκρης,τῇ ῥ’ οἵγ’ αὐτίκα νηὶ διὲξ Ἀχερουσίδος ἄκρης,tlg0001.tlg001.perseus-grc2.xml
Argonautica,tlg001,2,751,εἰσωποὶ ἀνέμοιο νέον λήγοντος ἔκελσαν.,εἰσωποὶ ἀνέμοιο νέον λήγοντος ἔκελσαν.,tlg0001.tlg001.perseus-grc2.xml
Argonautica,tlg001,2,752,"οὐδʼ ἄρα δηθὰ Λύκον, κείνης πρόμον ἠπείροιο,","οὐδ’ ἄρα δηθὰ Λύκον, κείνης πρόμον ἠπείροιο,",tlg0001.tlg001.perseus-grc2.xml
Argonautica,tlg001,2,753,καὶ Μαριανδυνοὺς λάθον ἀνέρας ὁρμισθέντες,καὶ Μαριανδυνοὺς λάθον ἀνέρας ὁρμισθέντες,tlg0001.tlg001.perseus-grc2.xml
Argonautica,tlg001,2,754,"αὐθένται Ἀμύκοιο κατὰ κλέος, ὃ πρὶν ἄκουον·","αὐθένται Ἀμύκοιο κατὰ κλέος, ὃ πρὶν ἄκουον·",tlg0001.tlg001.perseus-grc2.xml
Argonautica,tlg001,2,755,ἀλλὰ καὶ ἀρθμὸν ἔθεντο μετὰ σφίσι τοῖο ἕκητι.,ἀλλὰ καὶ ἀρθμὸν ἔθεντο μετὰ σφίσι τοῖο ἕκητι.,tlg0001.tlg001.perseus-grc2.xml
Argonautica,tlg001,2,756,αὐτὸν δʼ ὥστε θεὸν Πολυδεύκεα δεξιόωντο,αὐτὸν δ’ ὥστε θεὸν Πολυδεύκεα δεξιόωντο,tlg0001.tlg001.perseus-grc2.xml
Argonautica,tlg001,2,757,πάντοθεν ἀγρόμενοι· ἐπεὶ ἦ μάλα τοίγʼ ἐπὶ δηρὸν,πάντοθεν ἀγρόμενοι· ἐπεὶ ἦ μάλα τοίγ’ ἐπὶ δηρὸν,tlg0001.tlg001.perseus-grc2.xml
Argonautica,tlg001,2,758,ἀντιβίην Βέβρυξιν ὑπερφιάλοις πολέμιζον.,ἀντιβίην Βέβρυξιν ὑπερφιάλοις πολέμιζον.,tlg0001.tlg001.perseus-grc2.xml
Argonautica,tlg001,2,759,καὶ δὴ πασσυδίῃ μεγάρων ἔντοσθε Λύκοιο,καὶ δὴ πασσυδίῃ μεγάρων ἔντοσθε Λύκοιο,tlg0001.tlg001.perseus-grc2.xml
Argonautica,tlg001,2,760,"κεῖνʼ ἦμαρ φιλότητι, μετὰ πτολίεθρον ἰόντες,","κεῖν’ ἦμαρ φιλότητι, μετὰ πτολίεθρον ἰόντες,",tlg0001.tlg001.perseus-grc2.xml
Argonautica,tlg001,2,761,"δαίτην ἀμφίεπον, τέρποντό τε θυμὸν ἔπεσσιν.","δαίτην ἀμφίεπον, τέρποντό τε θυμὸν ἔπεσσιν.",tlg0001.tlg001.perseus-grc2.xml
Argonautica,tlg001,2,762,Λἰσονίδης μέν οἱ γενεὴν καὶ οὔνομʼ ἑκάστου,Λἰσονίδης μέν οἱ γενεὴν καὶ οὔνομ’ ἑκάστου,tlg0001.tlg001.perseus-grc2.xml
Argonautica,tlg001,2,763,"σφωιτέρων μυθεῖθʼ ἑτάρων, Πελίαό τʼ ἐφετμάς,","σφωιτέρων μυθεῖθ’ ἑτάρων, Πελίαό τ’ ἐφετμάς,",tlg0001.tlg001.perseus-grc2.xml
Argonautica,tlg001,2,764,"ἠδʼ ὡς Λημνιάδεσσιν ἐπεξεινοῦντο γυναιξίν,","ἠδ’ ὡς Λημνιάδεσσιν ἐπεξεινοῦντο γυναιξίν,",tlg0001.tlg001.perseus-grc2.xml
Argonautica,tlg001,2,765,ὅσσα τε Κύζικον ἀμφὶ Δολιονίην ἐτελεσσαν·,ὅσσα τε Κύζικον ἀμφὶ Δολιονίην ἐτελεσσαν·,tlg0001.tlg001.perseus-grc2.xml
Argonautica,tlg001,2,766,"Μυσίδα δʼ ὡς ἀφίκοντο Κίον θʼ, ὅθι κάλλιπον ἥρω","Μυσίδα δ’ ὡς ἀφίκοντο Κίον θ’, ὅθι κάλλιπον ἥρω",tlg0001.tlg001.perseus-grc2.xml
Argonautica,tlg001,2,767,"Ἡρακλέην ἀέκοντι νόῳ, Γλαύκοιό τε βάξιν","Ἡρακλέην ἀέκοντι νόῳ, Γλαύκοιό τε βάξιν",tlg0001.tlg001.perseus-grc2.xml
Argonautica,tlg001,2,768,"πέφραδε, καὶ Βέβρυκας ὅπως Ἄμυκόν τʼ ἐδάιξαν,","πέφραδε, καὶ Βέβρυκας ὅπως Ἄμυκόν τ’ ἐδάιξαν,",tlg0001.tlg001.perseus-grc2.xml
Argonautica,tlg001,2,769,"καὶ Φινῆος ἔειπε θεοπροπίας τε δύην τε,","καὶ Φινῆος ἔειπε θεοπροπίας τε δύην τε,",tlg0001.tlg001.perseus-grc2.xml
Argonautica,tlg001,2,770,"ἠδʼ ὡς Κυανέας πέτρας φύγον, ὥς τʼ ἀβόλησαν","ἠδ’ ὡς Κυανέας πέτρας φύγον, ὥς τ’ ἀβόλησαν",tlg0001.tlg001.perseus-grc2.xml
Argonautica,tlg001,2,771,Λητοΐδῃ κατὰ νῆσον. ὁ δʼ ἑξείης ἐνέποντος,Λητοΐδῃ κατὰ νῆσον. ὁ δ’ ἑξείης ἐνέποντος,tlg0001.tlg001.perseus-grc2.xml
Argonautica,tlg001,2,772,θέλγετʼ ἀκουῇ θυμόν· ἄχος δʼ ἕλεν Ἡρακλῆι,θέλγετ’ ἀκουῇ θυμόν· ἄχος δ’ ἕλεν Ἡρακλῆι,tlg0001.tlg001.perseus-grc2.xml
Argonautica,tlg001,2,773,"λειπομένῳ, καὶ τοῖον ἔπος πάντεσσι μετηύδα·","λειπομένῳ, καὶ τοῖον ἔπος πάντεσσι μετηύδα·",tlg0001.tlg001.perseus-grc2.xml
Argonautica,tlg001,2,774,"ὦ φίλοι, οἵου φωτὸς ἀποπλαγχθέντες ἀρωγῆς","ὦ φίλοι, οἵου φωτὸς ἀποπλαγχθέντες ἀρωγῆς",tlg0001.tlg001.perseus-grc2.xml
Argonautica,tlg001,2,775,πείρετʼ ἐς Αἰήτην τόσσον πλόον. εὖ γὰρ ἐγώ μιν,πείρετ’ ἐς Αἰήτην τόσσον πλόον. εὖ γὰρ ἐγώ μιν,tlg0001.tlg001.perseus-grc2.xml
Argonautica,tlg001,2,776,Δασκύλου ἐν μεγάροισι καταυτόθι πατρὸς ἐμοῖο,Δασκύλου ἐν μεγάροισι καταυτόθι πατρὸς ἐμοῖο,tlg0001.tlg001.perseus-grc2.xml
Argonautica,tlg001,2,777,"οἶδʼ ἐσιδών, ὅτε δεῦρο διʼ Ἀσίδος ἠπείροιο","οἶδ’ ἐσιδών, ὅτε δεῦρο δι’ Ἀσίδος ἠπείροιο",tlg0001.tlg001.perseus-grc2.xml
Argonautica,tlg001,2,778,πεζὸς ἔβη ζωστῆρα φιλοπτολέμοιο κομίζων,πεζὸς ἔβη ζωστῆρα φιλοπτολέμοιο κομίζων,tlg0001.tlg001.perseus-grc2.xml
Argonautica,tlg001,2,779,Ἱππολύτης· ἐμὲ δʼ εὗρε νέον χνοάοντα ἰούλους.,Ἱππολύτης· ἐμὲ δ’ εὗρε νέον χνοάοντα ἰούλους.,tlg0001.tlg001.perseus-grc2.xml
Argonautica,tlg001,2,780,ἔνθα δʼ ἐπὶ Πριόλαο κασιγνήτοιο θανόντος,ἔνθα δ’ ἐπὶ Πριόλαο κασιγνήτοιο θανόντος,tlg0001.tlg001.perseus-grc2.xml
Argonautica,tlg001,2,781,"ἡμετέρου Μυσοῖσιν ὑπʼ ἀνδράσιν, ὅντινα λαὸς","ἡμετέρου Μυσοῖσιν ὑπ’ ἀνδράσιν, ὅντινα λαὸς",tlg0001.tlg001.perseus-grc2.xml
Argonautica,tlg001,2,782,"οἰκτίστοις ἐλέγοισιν ὀδύρεται ἐξέτι κείνου,","οἰκτίστοις ἐλέγοισιν ὀδύρεται ἐξέτι κείνου,",tlg0001.tlg001.perseus-grc2.xml
Argonautica,tlg001,2,783,ἀθλεύων Τιτίην ἀπεκαίνυτο πυγμαχέοντα,ἀθλεύων Τιτίην ἀπεκαίνυτο πυγμαχέοντα,tlg0001.tlg001.perseus-grc2.xml
Argonautica,tlg001,2,784,"καρτερόν, ὃς πάντεσσι μετέπρεπεν ἠιθέοισιν","καρτερόν, ὃς πάντεσσι μετέπρεπεν ἠιθέοισιν",tlg0001.tlg001.perseus-grc2.xml
Argonautica,tlg001,2,785,εἶδός τʼ ἠδὲ βίην· χαμάδις δέ οἱ ἤλασʼ ὀδόντας.,εἶδός τ’ ἠδὲ βίην· χαμάδις δέ οἱ ἤλασ’ ὀδόντας.,tlg0001.tlg001.perseus-grc2.xml
Argonautica,tlg001,2,786,αὐτὰρ ὁμοῦ Μυσοῖσιν ἐμῷ ὑπὸ πατρὶ δάμασσεν,αὐτὰρ ὁμοῦ Μυσοῖσιν ἐμῷ ὑπὸ πατρὶ δάμασσεν,tlg0001.tlg001.perseus-grc2.xml
Argonautica,tlg001,2,787,"καὶ Φρύγας, οἳ ναίουσιν ὁμώλακας ἧμιν ἀρούρας,","καὶ Φρύγας, οἳ ναίουσιν ὁμώλακας ἧμιν ἀρούρας,",tlg0001.tlg001.perseus-grc2.xml
Argonautica,tlg001,2,788,"φῦλά τε Βιθυνῶν αὐτῇ κτεατίσσατο γαίῃ,","φῦλά τε Βιθυνῶν αὐτῇ κτεατίσσατο γαίῃ,",tlg0001.tlg001.perseus-grc2.xml
Argonautica,tlg001,2,789,ἔστʼ ἐπὶ Ῥηβαίου προχοὰς σκόπελόν τε Κολώνης·,ἔστ’ ἐπὶ Ῥηβαίου προχοὰς σκόπελόν τε Κολώνης·,tlg0001.tlg001.perseus-grc2.xml
Argonautica,tlg001,2,790,"Παφλαγόνες τʼ ἐπὶ τοῖς Πελοπήιοι εἴκαθον αὔτως,","Παφλαγόνες τ’ ἐπὶ τοῖς Πελοπήιοι εἴκαθον αὔτως,",tlg0001.tlg001.perseus-grc2.xml
Argonautica,tlg001,2,791,ὅσσους Βιλλαίοιο μέλαν περιάγνυται ὕδωρ.,ὅσσους Βιλλαίοιο μέλαν περιάγνυται ὕδωρ.,tlg0001.tlg001.perseus-grc2.xml
Argonautica,tlg001,2,792,ἀλλά με νῦν Βέβρυκες ὑπερβασίη τʼ Ἀμύκοιο,ἀλλά με νῦν Βέβρυκες ὑπερβασίη τ’ Ἀμύκοιο,tlg0001.tlg001.perseus-grc2.xml
Argonautica,tlg001,2,793,"τηλόθι ναιετάοντος, ἐνόσφισαν, Ἡρακλῆος,","τηλόθι ναιετάοντος, ἐνόσφισαν, Ἡρακλῆος,",tlg0001.tlg001.perseus-grc2.xml
Argonautica,tlg001,2,794,"δὴν ἀποτεμνόμενοι γαίης ἅλις, ὄφρʼ ἐβάλοντο","δὴν ἀποτεμνόμενοι γαίης ἅλις, ὄφρ’ ἐβάλοντο",tlg0001.tlg001.perseus-grc2.xml
Argonautica,tlg001,2,795,οὖρα βαθυρρείοντος ὑφʼ εἱαμεναῖς Ὑπίοιο.,οὖρα βαθυρρείοντος ὑφ’ εἱαμεναῖς Ὑπίοιο.,tlg0001.tlg001.perseus-grc2.xml
Argonautica,tlg001,2,796,ἔμπης δʼ ἐξ ὑμέων ἔδοσαν τίσιν· οὐδέ ἕ φημι,ἔμπης δ’ ἐξ ὑμέων ἔδοσαν τίσιν· οὐδέ ἕ φημι,tlg0001.tlg001.perseus-grc2.xml
Argonautica,tlg001,2,797,"ἤματι τῷδʼ ἀέκητι θεῶν ἐπελάσσαι ἄρηα,","ἤματι τῷδ’ ἀέκητι θεῶν ἐπελάσσαι ἄρηα,",tlg0001.tlg001.perseus-grc2.xml
Argonautica,tlg001,2,798,"Τυνδαρίδην Βέβρυξιν, ὅτʼ ἀνέρα κεῖνον ἔπεφνεν.","Τυνδαρίδην Βέβρυξιν, ὅτ’ ἀνέρα κεῖνον ἔπεφνεν.",tlg0001.tlg001.perseus-grc2.xml
Argonautica,tlg001,2,799,"τῶ νῦν ἥντινʼ ἐγὼ τῖσαι χάριν ἄρκιός εἰμι,","τῶ νῦν ἥντιν’ ἐγὼ τῖσαι χάριν ἄρκιός εἰμι,",tlg0001.tlg001.perseus-grc2.xml
Argonautica,tlg001,2,800,τίσω προφρονέως. ἡ γὰρ θέμις ἠπεοανοῖσιν,τίσω προφρονέως. ἡ γὰρ θέμις ἠπεοανοῖσιν,tlg0001.tlg001.perseus-grc2.xml
Argonautica,tlg001,2,801,"ἀνδράσιν, εὖτʼ ἄρξωσιν ἀρείονες ἄλλοι ὀφέλλειν.","ἀνδράσιν, εὖτ’ ἄρξωσιν ἀρείονες ἄλλοι ὀφέλλειν.",tlg0001.tlg001.perseus-grc2.xml
Argonautica,tlg001,2,802,ξυνῇ μὲν πάντεσσιν ὁμόστολον ὔμμιν ἕπεσθαι,ξυνῇ μὲν πάντεσσιν ὁμόστολον ὔμμιν ἕπεσθαι,tlg0001.tlg001.perseus-grc2.xml
Argonautica,tlg001,2,803,"Δάσκυλον ὀτρυνέω, ἐμὸν υἱέα· τοῖο δʼ ἰόντος,","Δάσκυλον ὀτρυνέω, ἐμὸν υἱέα· τοῖο δ’ ἰόντος,",tlg0001.tlg001.perseus-grc2.xml
Argonautica,tlg001,2,804,ἦ τʼ ἂν ἐυξείνοισι διὲξ ἁλὸς ἀντιάοιτε,ἦ τ’ ἂν ἐυξείνοισι διὲξ ἁλὸς ἀντιάοιτε,tlg0001.tlg001.perseus-grc2.xml
Argonautica,tlg001,2,805,"ἀνδράσιν, ὄφρʼ αὐτοῖο ποτὶ στόμα Θερμώδοντος.","ἀνδράσιν, ὄφρ’ αὐτοῖο ποτὶ στόμα Θερμώδοντος.",tlg0001.tlg001.perseus-grc2.xml
Argonautica,tlg001,2,806,νόσφι δὲ Τυνδαρίδαις Ἀχερουσίδος ὑψόθεν ἄκρης,νόσφι δὲ Τυνδαρίδαις Ἀχερουσίδος ὑψόθεν ἄκρης,tlg0001.tlg001.perseus-grc2.xml
Argonautica,tlg001,2,807,εἵσομαι ἱερὸν αἰπύ· τὸ μὲν μάλα τηλόθι πάντες,εἵσομαι ἱερὸν αἰπύ· τὸ μὲν μάλα τηλόθι πάντες,tlg0001.tlg001.perseus-grc2.xml
Argonautica,tlg001,2,808,ναυτίλοι ἂμ πέλαγος θηεύμενοι ἱλάξονται·,ναυτίλοι ἂμ πέλαγος θηεύμενοι ἱλάξονται·,tlg0001.tlg001.perseus-grc2.xml
Argonautica,tlg001,2,809,"καί κέ σφιν μετέπειτα πρὸ ἄστεος, οἷα θεοῖσιν,","καί κέ σφιν μετέπειτα πρὸ ἄστεος, οἷα θεοῖσιν,",tlg0001.tlg001.perseus-grc2.xml
Argonautica,tlg001,2,810,πίονας εὐα·ρότοιο γύας πεδίοιο ταμοίμην.,πίονας εὐα·ρότοιο γύας πεδίοιο ταμοίμην.,tlg0001.tlg001.perseus-grc2.xml
Argonautica,tlg001,2,811,ὧς τότε μὲν δαῖτʼ ἀμφὶ πανήμεροι ἑψιόωντο.,ὧς τότε μὲν δαῖτ’ ἀμφὶ πανήμεροι ἑψιόωντο.,tlg0001.tlg001.perseus-grc2.xml
Argonautica,tlg001,2,812,ἦρί γε μὴν ἐπὶ νῆα κατήισαν ἐγκονέοντες·,ἦρί γε μὴν ἐπὶ νῆα κατήισαν ἐγκονέοντες·,tlg0001.tlg001.perseus-grc2.xml
Argonautica,tlg001,2,813,"καὶ δʼ αὐτὸς σὺν τοῖσι Λύκος κίε, μυρίʼ ὀπάσσας","καὶ δ’ αὐτὸς σὺν τοῖσι Λύκος κίε, μυρί’ ὀπάσσας",tlg0001.tlg001.perseus-grc2.xml
Argonautica,tlg001,2,814,δῶρα φέρειν· ἅμα δʼ υἷα δόμων ἔκπεμπε νέεσθαι.,δῶρα φέρειν· ἅμα δ’ υἷα δόμων ἔκπεμπε νέεσθαι.,tlg0001.tlg001.perseus-grc2.xml
Argonautica,tlg001,2,815,ἔνθα δʼ Ἀβαντιάδην πεπρωμένη ἤλασε μοῖρα,ἔνθα δ’ Ἀβαντιάδην πεπρωμένη ἤλασε μοῖρα,tlg0001.tlg001.perseus-grc2.xml
Argonautica,tlg001,2,816,"Ἴδμονα, μαντοσύνῃσι κεκασμένον. ἀλλά μιν οὔτι","Ἴδμονα, μαντοσύνῃσι κεκασμένον. ἀλλά μιν οὔτι",tlg0001.tlg001.perseus-grc2.xml
Argonautica,tlg001,2,817,"μαντοσύναι ἐσάωσαν, ἐπεὶ χρεὼ ἦγε δαμῆναι·","μαντοσύναι ἐσάωσαν, ἐπεὶ χρεὼ ἦγε δαμῆναι·",tlg0001.tlg001.perseus-grc2.xml
Argonautica,tlg001,2,818,κεῖτο γὰρ εἱαμενῇ δονακώδεος ἐν ποταμοῖο,κεῖτο γὰρ εἱαμενῇ δονακώδεος ἐν ποταμοῖο,tlg0001.tlg001.perseus-grc2.xml
Argonautica,tlg001,2,819,ψυχόμενος λαγόνας τε καὶ ἄσπετον ἰλύι νηδὺν,ψυχόμενος λαγόνας τε καὶ ἄσπετον ἰλύι νηδὺν,tlg0001.tlg001.perseus-grc2.xml
Argonautica,tlg001,2,820,"κάπριος ἀργιόδων, ὀλοὸν τέρας, ὅν ῥα καὶ αὐταὶ","κάπριος ἀργιόδων, ὀλοὸν τέρας, ὅν ῥα καὶ αὐταὶ",tlg0001.tlg001.perseus-grc2.xml
Argonautica,tlg001,2,821,νύμφαι ἑλειονόμοι ὑπεδείδισαν· οὐδέ τις ἀνδρῶν,νύμφαι ἑλειονόμοι ὑπεδείδισαν· οὐδέ τις ἀνδρῶν,tlg0001.tlg001.perseus-grc2.xml
Argonautica,tlg001,2,822,ἠείδει· οἶος δὲ κατὰ πλατὺ βόσκετο τῖφος.,ἠείδει· οἶος δὲ κατὰ πλατὺ βόσκετο τῖφος.,tlg0001.tlg001.perseus-grc2.xml
Argonautica,tlg001,2,823,αὐτὰρ ὅγʼ ἰλυόεντος ἀνὰ θρωσμοὺς ποταμοῖο,αὐτὰρ ὅγ’ ἰλυόεντος ἀνὰ θρωσμοὺς ποταμοῖο,tlg0001.tlg001.perseus-grc2.xml
Argonautica,tlg001,2,824,ίσσετʼ Ἀβαντιάδης· ὁ δʼ ἄρʼ ἔκποθεν ἀφράστοιο,ίσσετ’ Ἀβαντιάδης· ὁ δ’ ἄρ’ ἔκποθεν ἀφράστοιο,tlg0001.tlg001.perseus-grc2.xml
Argonautica,tlg001,2,825,ὕψι μάλʼ ἐκ δονάκων ἀνεπάλμενος ἤλασε μηρὸν,ὕψι μάλ’ ἐκ δονάκων ἀνεπάλμενος ἤλασε μηρὸν,tlg0001.tlg001.perseus-grc2.xml
Argonautica,tlg001,2,826,"ἀίγδην, μέσσας δὲ σὺν ὀστέῳ ἶνας ἔκερσεν.","ἀίγδην, μέσσας δὲ σὺν ὀστέῳ ἶνας ἔκερσεν.",tlg0001.tlg001.perseus-grc2.xml
Argonautica,tlg001,2,827,ὀξὺ δʼ ὅγε κλάγξας οὔδει πέσεν· οἱ δὲ τυπέντος,ὀξὺ δ’ ὅγε κλάγξας οὔδει πέσεν· οἱ δὲ τυπέντος,tlg0001.tlg001.perseus-grc2.xml
Argonautica,tlg001,2,828,ἀθρόοι ἀντιάχησαν. ὀρέξατο δʼ αἶψʼ ὀλοοῖο,ἀθρόοι ἀντιάχησαν. ὀρέξατο δ’ αἶψ’ ὀλοοῖο,tlg0001.tlg001.perseus-grc2.xml
Argonautica,tlg001,2,829,Πηλεὺς αἰγανέῃ φύγαδʼ εἰς ἕλος ὁρμηθέντος,Πηλεὺς αἰγανέῃ φύγαδ’ εἰς ἕλος ὁρμηθέντος,tlg0001.tlg001.perseus-grc2.xml
Argonautica,tlg001,2,830,καπρίου· ἔσσυτο δʼ αὖτις ἐναντίος· ἀλλά μιν Ἴδας,καπρίου· ἔσσυτο δ’ αὖτις ἐναντίος· ἀλλά μιν Ἴδας,tlg0001.tlg001.perseus-grc2.xml
Argonautica,tlg001,2,831,"οὔτασε, βεβρυχὼς δὲ θοῷ περικάππεσε δουρί.","οὔτασε, βεβρυχὼς δὲ θοῷ περικάππεσε δουρί.",tlg0001.tlg001.perseus-grc2.xml
Argonautica,tlg001,2,832,καὶ τὸν μὲν χαμάδις λίπον αὐτόθι πεπτηῶτα·,καὶ τὸν μὲν χαμάδις λίπον αὐτόθι πεπτηῶτα·,tlg0001.tlg001.perseus-grc2.xml
Argonautica,tlg001,2,833,"τὸν δʼ ἕταροι ἐπὶ νῆα φέρον ψυχορραγέοντα,","τὸν δ’ ἕταροι ἐπὶ νῆα φέρον ψυχορραγέοντα,",tlg0001.tlg001.perseus-grc2.xml
Argonautica,tlg001,2,834,"ἀχνύμενοι, χείρεσσι δʼ ἑῶν ἐνικάτθανʼ ἑταίρων.","ἀχνύμενοι, χείρεσσι δ’ ἑῶν ἐνικάτθαν’ ἑταίρων.",tlg0001.tlg001.perseus-grc2.xml
Argonautica,tlg001,2,835,"ἔνθα δὲ ναυτιλίης μὲν ἐρητύοντο μέλεσθαι,","ἔνθα δὲ ναυτιλίης μὲν ἐρητύοντο μέλεσθαι,",tlg0001.tlg001.perseus-grc2.xml
Argonautica,tlg001,2,836,ἀμφὶ δὲ κηδείῃ νέκυος μένον ἀσχαλόωντες.,ἀμφὶ δὲ κηδείῃ νέκυος μένον ἀσχαλόωντες.,tlg0001.tlg001.perseus-grc2.xml
Argonautica,tlg001,2,837,ἤματα δὲ τρία πάντα γόων· ἑτέρῳ δέ μιν ἤδη,ἤματα δὲ τρία πάντα γόων· ἑτέρῳ δέ μιν ἤδη,tlg0001.tlg001.perseus-grc2.xml
Argonautica,tlg001,2,838,τάρχυον μεγαλωστί· συνεκτερέιζε δὲ λαὸς,τάρχυον μεγαλωστί· συνεκτερέιζε δὲ λαὸς,tlg0001.tlg001.perseus-grc2.xml
Argonautica,tlg001,2,839,"αὐτῷ ὁμοῦ βασιλῆι Λύκῳ· παρὰ δʼ ἄσπετα μῆλα,","αὐτῷ ὁμοῦ βασιλῆι Λύκῳ· παρὰ δ’ ἄσπετα μῆλα,",tlg0001.tlg001.perseus-grc2.xml
Argonautica,tlg001,2,840,"ἣ θέμις οἰχομένοισι, ταφήια λαιμοτόμησαν.","ἣ θέμις οἰχομένοισι, ταφήια λαιμοτόμησαν.",tlg0001.tlg001.perseus-grc2.xml
Argonautica,tlg001,2,841,καὶ δή τοι κέχυται τοῦδʼ ἀνέρος ἐν χθονὶ κείνῃ,καὶ δή τοι κέχυται τοῦδ’ ἀνέρος ἐν χθονὶ κείνῃ,tlg0001.tlg001.perseus-grc2.xml
Argonautica,tlg001,2,842,"τύμβος· σῆμα δʼ ἔπεστι καὶ ὀψιγόνοισιν ἰδέσθαι,","τύμβος· σῆμα δ’ ἔπεστι καὶ ὀψιγόνοισιν ἰδέσθαι,",tlg0001.tlg001.perseus-grc2.xml
Argonautica,tlg001,2,843,νηίου ἐκ κοτίνοιο φάλαγξ· θαλέθει δέ τε φύλλοις,νηίου ἐκ κοτίνοιο φάλαγξ· θαλέθει δέ τε φύλλοις,tlg0001.tlg001.perseus-grc2.xml
Argonautica,tlg001,2,844,ἄκρης τυτθὸν ἔνερθʼ Ἀχερουσίδος. εἰ δέ με καὶ τὸ,ἄκρης τυτθὸν ἔνερθ’ Ἀχερουσίδος. εἰ δέ με καὶ τὸ,tlg0001.tlg001.perseus-grc2.xml
Argonautica,tlg001,2,845,"χρειὼ ἀπηλεγέως Μουσέων ὕπο γηρύσασθαι,","χρειὼ ἀπηλεγέως Μουσέων ὕπο γηρύσασθαι,",tlg0001.tlg001.perseus-grc2.xml
Argonautica,tlg001,2,846,τόνδε πολισσοῦχον διεπέφραδε Βοιωτοῖσιν,τόνδε πολισσοῦχον διεπέφραδε Βοιωτοῖσιν,tlg0001.tlg001.perseus-grc2.xml
Argonautica,tlg001,2,847,"Νισαίοισί τε Φοῖβος ἐπιρρήδην ἱλάεσθαι,","Νισαίοισί τε Φοῖβος ἐπιρρήδην ἱλάεσθαι,",tlg0001.tlg001.perseus-grc2.xml
Argonautica,tlg001,2,848,ἀμφὶ δὲ τήνγε φάλαγγα παλαιγενέος κοτίνοιο,ἀμφὶ δὲ τήνγε φάλαγγα παλαιγενέος κοτίνοιο,tlg0001.tlg001.perseus-grc2.xml
Argonautica,tlg001,2,849,ἄστυ βαλεῖν· οἱ δʼ ἀντὶ θεουδέος Αἰολίδαο,ἄστυ βαλεῖν· οἱ δ’ ἀντὶ θεουδέος Αἰολίδαο,tlg0001.tlg001.perseus-grc2.xml
Argonautica,tlg001,2,850,Ἴδμονος εἰσέτι νῦν Ἀγαμήστορα κυδαίνουσιν.,Ἴδμονος εἰσέτι νῦν Ἀγαμήστορα κυδαίνουσιν.,tlg0001.tlg001.perseus-grc2.xml
Argonautica,tlg001,2,851,τίς γὰρ δὴ θάνεν ἄλλος; ἐπεὶ καὶ ἔτʼ αὖτις ἔχευαν,τίς γὰρ δὴ θάνεν ἄλλος; ἐπεὶ καὶ ἔτ’ αὖτις ἔχευαν,tlg0001.tlg001.perseus-grc2.xml
Argonautica,tlg001,2,852,ἥρωες τότε τύμβον ἀποφθιμένου ἑτάροιο.,ἥρωες τότε τύμβον ἀποφθιμένου ἑτάροιο.,tlg0001.tlg001.perseus-grc2.xml
Argonautica,tlg001,2,853,δοιὰ γὰρ οὖν κείνων ἔτι σήματα φαίνεται ἀνδρῶν.,δοιὰ γὰρ οὖν κείνων ἔτι σήματα φαίνεται ἀνδρῶν.,tlg0001.tlg001.perseus-grc2.xml
Argonautica,tlg001,2,854,Ἁγνιάδην Τῖφυν θανέειν φάτις· οὐδέ οἱ ἦεν,Ἁγνιάδην Τῖφυν θανέειν φάτις· οὐδέ οἱ ἦεν,tlg0001.tlg001.perseus-grc2.xml
Argonautica,tlg001,2,855,μοῖρʼ ἔτι ναυτίλλεσθαι ἑκαστέρω. ἀλλά νυ καὶ τὸν,μοῖρ’ ἔτι ναυτίλλεσθαι ἑκαστέρω. ἀλλά νυ καὶ τὸν,tlg0001.tlg001.perseus-grc2.xml
Argonautica,tlg001,2,856,"αὖθι μινυνθαδίη πάτρης ἑκὰς εὔνασε νοῦσος,","αὖθι μινυνθαδίη πάτρης ἑκὰς εὔνασε νοῦσος,",tlg0001.tlg001.perseus-grc2.xml
Argonautica,tlg001,2,857,εἰσότʼ Ἀβαντιάδαο νέκυν κτερέιξεν ὅμιλος.,εἰσότ’ Ἀβαντιάδαο νέκυν κτερέιξεν ὅμιλος.,tlg0001.tlg001.perseus-grc2.xml
Argonautica,tlg001,2,858,ἄτλητον δʼ ὀλοῷ ἐπὶ πήματι κῆδος ἕλοντο.,ἄτλητον δ’ ὀλοῷ ἐπὶ πήματι κῆδος ἕλοντο.,tlg0001.tlg001.perseus-grc2.xml
Argonautica,tlg001,2,859,δὴ γὰρ ἐπεὶ καὶ τόνδε παρασχεδὸν ἐκτερέιξαν,δὴ γὰρ ἐπεὶ καὶ τόνδε παρασχεδὸν ἐκτερέιξαν,tlg0001.tlg001.perseus-grc2.xml
Argonautica,tlg001,2,860,"αὐτοῦ, ἀμηχανίῃσιν ἁλὸς προπάροιθε πεσόντες,","αὐτοῦ, ἀμηχανίῃσιν ἁλὸς προπάροιθε πεσόντες,",tlg0001.tlg001.perseus-grc2.xml
Argonautica,tlg001,2,861,ἐντυπὰς εὐκήλως εἰλυμένοι οὔτε τι σίτου,ἐντυπὰς εὐκήλως εἰλυμένοι οὔτε τι σίτου,tlg0001.tlg001.perseus-grc2.xml
Argonautica,tlg001,2,862,μνώοντʼ οὔτε ποτοῖο· κατήμυσαν δʼ ἀχέεσσιν,μνώοντ’ οὔτε ποτοῖο· κατήμυσαν δ’ ἀχέεσσιν,tlg0001.tlg001.perseus-grc2.xml
Argonautica,tlg001,2,863,"θυμόν, ἐπεὶ μάλα πολλὸν ἀπʼ ἐλπίδος ἔπλετο νόστος.","θυμόν, ἐπεὶ μάλα πολλὸν ἀπ’ ἐλπίδος ἔπλετο νόστος.",tlg0001.tlg001.perseus-grc2.xml
Argonautica,tlg001,2,864,"καί νύ κʼ ἔτι προτέρω τετιημένοι ἰσχανόωντο,","καί νύ κ’ ἔτι προτέρω τετιημένοι ἰσχανόωντο,",tlg0001.tlg001.perseus-grc2.xml
Argonautica,tlg001,2,865,εἰ μὴ ἄρʼ Ἀγκαίῳ περιώσιον ἔμβαλεν Ἥρη,εἰ μὴ ἄρ’ Ἀγκαίῳ περιώσιον ἔμβαλεν Ἥρη,tlg0001.tlg001.perseus-grc2.xml
Argonautica,tlg001,2,866,"θάρσος, ὃν Ἰμβρασίοισι παρʼ ὕδασιν Ἀστυπάλαια","θάρσος, ὃν Ἰμβρασίοισι παρ’ ὕδασιν Ἀστυπάλαια",tlg0001.tlg001.perseus-grc2.xml
Argonautica,tlg001,2,867,τίκτε Ποσειδάωνι· περιπρὸ γὰρ εὖ ἐκέκαστο,τίκτε Ποσειδάωνι· περιπρὸ γὰρ εὖ ἐκέκαστο,tlg0001.tlg001.perseus-grc2.xml
Argonautica,tlg001,2,868,"ἰθύνειν, Πηλῆα δʼ ἐπεσσύμενος προσέειπεν·","ἰθύνειν, Πηλῆα δ’ ἐπεσσύμενος προσέειπεν·",tlg0001.tlg001.perseus-grc2.xml
Argonautica,tlg001,2,869,"Αἰακίδη, πῶς καλὸν ἀφειδήσαντας ἀέθλων","Αἰακίδη, πῶς καλὸν ἀφειδήσαντας ἀέθλων",tlg0001.tlg001.perseus-grc2.xml
Argonautica,tlg001,2,870,γαίῃ ἐν ἀλλοδαπῇ δὴν ἔμμεναι; οὐ μὲν ἄρηος,γαίῃ ἐν ἀλλοδαπῇ δὴν ἔμμεναι; οὐ μὲν ἄρηος,tlg0001.tlg001.perseus-grc2.xml
Argonautica,tlg001,2,871,ἴδριν ἐόντά με τόσσον ἄγει μετὰ κῶας Ἰήσων,ἴδριν ἐόντά με τόσσον ἄγει μετὰ κῶας Ἰήσων,tlg0001.tlg001.perseus-grc2.xml
Argonautica,tlg001,2,872,"παρθενίης ἀπάνευθεν, ὅσον τʼ ἐπιίστορα νηῶν.","παρθενίης ἀπάνευθεν, ὅσον τ’ ἐπιίστορα νηῶν.",tlg0001.tlg001.perseus-grc2.xml
Argonautica,tlg001,2,873,τῶ μή μοι τυτθόν γε δέος περὶ νηὶ πελέσθω.,τῶ μή μοι τυτθόν γε δέος περὶ νηὶ πελέσθω.,tlg0001.tlg001.perseus-grc2.xml
Argonautica,tlg001,2,874,"ὧς δὲ καὶ ὧλλοι δεῦρο δαήμονες ἄνδρες ἔασιν,","ὧς δὲ καὶ ὧλλοι δεῦρο δαήμονες ἄνδρες ἔασιν,",tlg0001.tlg001.perseus-grc2.xml
Argonautica,tlg001,2,875,"τῶν ὅτινα πρύμνης ἐπιβήσομεν, οὔτις ἰάψει","τῶν ὅτινα πρύμνης ἐπιβήσομεν, οὔτις ἰάψει",tlg0001.tlg001.perseus-grc2.xml
Argonautica,tlg001,2,876,"ναυτιλίην. ἀλλʼ ὦκα, παραιφάμενος τάδε πάντα,","ναυτιλίην. ἀλλ’ ὦκα, παραιφάμενος τάδε πάντα,",tlg0001.tlg001.perseus-grc2.xml
Argonautica,tlg001,2,877,θαρσαλέως ὀρόθυνον ἐπιμνήσασθαι ἀέθλου.,θαρσαλέως ὀρόθυνον ἐπιμνήσασθαι ἀέθλου.,tlg0001.tlg001.perseus-grc2.xml
Argonautica,tlg001,2,878,ὧς φάτο· τοῖο δὲ θυμὸς ὀρέξατο γηθοσύνῃσιν.,ὧς φάτο· τοῖο δὲ θυμὸς ὀρέξατο γηθοσύνῃσιν.,tlg0001.tlg001.perseus-grc2.xml
Argonautica,tlg001,2,879,αὐτίκα δʼ οὐ μετὰ δηρὸν ἐνὶ μέσσοις ἀγόρευσεν·,αὐτίκα δ’ οὐ μετὰ δηρὸν ἐνὶ μέσσοις ἀγόρευσεν·,tlg0001.tlg001.perseus-grc2.xml
Argonautica,tlg001,2,880,"δαιμόνιοι, τί νυ πένθος ἐτώσιον ἴσχομεν αὔτως;","δαιμόνιοι, τί νυ πένθος ἐτώσιον ἴσχομεν αὔτως;",tlg0001.tlg001.perseus-grc2.xml
Argonautica,tlg001,2,881,"οἱ μὲν γάρ ποθι τοῦτον, ὃν ἔλλαχον, οἶτον ὄλοντο·","οἱ μὲν γάρ ποθι τοῦτον, ὃν ἔλλαχον, οἶτον ὄλοντο·",tlg0001.tlg001.perseus-grc2.xml
Argonautica,tlg001,2,882,"ἡμῖν δʼ ἐν γὰρ ἔασι κυβερνητῆρες ὁμίλῳ,","ἡμῖν δ’ ἐν γὰρ ἔασι κυβερνητῆρες ὁμίλῳ,",tlg0001.tlg001.perseus-grc2.xml
Argonautica,tlg001,2,883,καὶ πολέες. τῶ μή τι διατριβώμεθα πείρης·,καὶ πολέες. τῶ μή τι διατριβώμεθα πείρης·,tlg0001.tlg001.perseus-grc2.xml
Argonautica,tlg001,2,884,"ἀλλʼ ἔγρεσθʼ εἰς ἔργον, ἀπορρίψαντες ἀνίας.","ἀλλ’ ἔγρεσθ’ εἰς ἔργον, ἀπορρίψαντες ἀνίας.",tlg0001.tlg001.perseus-grc2.xml
Argonautica,tlg001,2,885,τὸν δʼ αὖτʼ Αἴσονος υἱὸς ἀμηχανέων προσέειπεν·,τὸν δ’ αὖτ’ Αἴσονος υἱὸς ἀμηχανέων προσέειπεν·,tlg0001.tlg001.perseus-grc2.xml
Argonautica,tlg001,2,886,"Αἰακίδη, πῇ δʼ οἵδε κυβερνητῆρες ἔασιν;","Αἰακίδη, πῇ δ’ οἵδε κυβερνητῆρες ἔασιν;",tlg0001.tlg001.perseus-grc2.xml
Argonautica,tlg001,2,887,"οὓς μὲν γὰρ τὸ πάροιθε δαήμονας εὐχόμεθʼ εἶναι,","οὓς μὲν γὰρ τὸ πάροιθε δαήμονας εὐχόμεθ’ εἶναι,",tlg0001.tlg001.perseus-grc2.xml
Argonautica,tlg001,2,888,οἱ δὲ κατηφήσαντες ἐμεῦ πλέον ἀσχαλόωσιν.,οἱ δὲ κατηφήσαντες ἐμεῦ πλέον ἀσχαλόωσιν.,tlg0001.tlg001.perseus-grc2.xml
Argonautica,tlg001,2,889,"τῶ καὶ ὁμοῦ φθιμένοισι κακὴν προτιόσσομαι ἄτην,","τῶ καὶ ὁμοῦ φθιμένοισι κακὴν προτιόσσομαι ἄτην,",tlg0001.tlg001.perseus-grc2.xml
Argonautica,tlg001,2,890,εἰ δὴ μήτʼ ὀλοοῖο μετὰ πτόλιν Αἰήταο,εἰ δὴ μήτ’ ὀλοοῖο μετὰ πτόλιν Αἰήταο,tlg0001.tlg001.perseus-grc2.xml
Argonautica,tlg001,2,891,"ἔσσεται, ἠὲ καὶ αὖτις ἐς Ἑλλάδα γαῖαν ἱκέσθαι","ἔσσεται, ἠὲ καὶ αὖτις ἐς Ἑλλάδα γαῖαν ἱκέσθαι",tlg0001.tlg001.perseus-grc2.xml
Argonautica,tlg001,2,892,"πετράων ἔκτοσθε, κατʼ αὐτόθι δʼ ἄμμε καλύψει","πετράων ἔκτοσθε, κατ’ αὐτόθι δ’ ἄμμε καλύψει",tlg0001.tlg001.perseus-grc2.xml
Argonautica,tlg001,2,893,"ἀκλειῶς κακὸς οἶτος, ἐτώσια γηράσκοντας.","ἀκλειῶς κακὸς οἶτος, ἐτώσια γηράσκοντας.",tlg0001.tlg001.perseus-grc2.xml
Argonautica,tlg001,2,894,ὧς ἔφατʼ· Ἀγκαῖος δὲ μάλʼ ἐσσυμένως ὑπέδεκτο,ὧς ἔφατ’· Ἀγκαῖος δὲ μάλ’ ἐσσυμένως ὑπέδεκτο,tlg0001.tlg001.perseus-grc2.xml
Argonautica,tlg001,2,895,νῆα θοὴν ἄξειν· δὴ γὰρ θεοῦ ἐτράπεθʼ ὁρμῇ.,νῆα θοὴν ἄξειν· δὴ γὰρ θεοῦ ἐτράπεθ’ ὁρμῇ.,tlg0001.tlg001.perseus-grc2.xml
Argonautica,tlg001,2,896,τὸν δὲ μετʼ Ἐργῖνος καὶ Ναύπλιος Εὔφημός τε,τὸν δὲ μετ’ Ἐργῖνος καὶ Ναύπλιος Εὔφημός τε,tlg0001.tlg001.perseus-grc2.xml
Argonautica,tlg001,2,897,"ὤρνυντʼ, ἰθύνειν λελιημένοι. ἀλλʼ ἄρα τούσγε","ὤρνυντ’, ἰθύνειν λελιημένοι. ἀλλ’ ἄρα τούσγε",tlg0001.tlg001.perseus-grc2.xml
Argonautica,tlg001,2,898,ἔσχεθον· Ἀγκαίῳ δὲ πολεῖς ᾔνησαν ἑταίρων.,ἔσχεθον· Ἀγκαίῳ δὲ πολεῖς ᾔνησαν ἑταίρων.,tlg0001.tlg001.perseus-grc2.xml
Argonautica,tlg001,2,899,Ἠῷοι δἤπειτα δυωδεκάτῳ ἐπέβαινον,Ἠῷοι δἤπειτα δυωδεκάτῳ ἐπέβαινον,tlg0001.tlg001.perseus-grc2.xml
Argonautica,tlg001,2,900,ἤματι· δὴ γάρ σφιν ζεφύρου μέγας οὖρος ἄητο.,ἤματι· δὴ γάρ σφιν ζεφύρου μέγας οὖρος ἄητο.,tlg0001.tlg001.perseus-grc2.xml
Argonautica,tlg001,2,901,"καρπαλίμως δʼ Ἀχέροντα διεξεπέρησαν ἐρετμοῖς,","καρπαλίμως δ’ Ἀχέροντα διεξεπέρησαν ἐρετμοῖς,",tlg0001.tlg001.perseus-grc2.xml
Argonautica,tlg001,2,902,"ἐκ δʼ ἔχεαν πίσυνοι ἀνέμῳ λίνα, πουλὺ δʼ ἐπιπρὸ","ἐκ δ’ ἔχεαν πίσυνοι ἀνέμῳ λίνα, πουλὺ δ’ ἐπιπρὸ",tlg0001.tlg001.perseus-grc2.xml
Argonautica,tlg001,2,903,λαιφέων πεπταμένων τέμνον πλόον εὐδιόωντες.,λαιφέων πεπταμένων τέμνον πλόον εὐδιόωντες.,tlg0001.tlg001.perseus-grc2.xml
Argonautica,tlg001,2,904,ὦκα δὲ Καλλιχόροιο παρὰ προχοὰς ποταμοῖο,ὦκα δὲ Καλλιχόροιο παρὰ προχοὰς ποταμοῖο,tlg0001.tlg001.perseus-grc2.xml
Argonautica,tlg001,2,905,"ἤλυθον, ἔνθʼ ἐνέπουσι Διὸς Νυσήιον υἷα,","ἤλυθον, ἔνθ’ ἐνέπουσι Διὸς Νυσήιον υἷα,",tlg0001.tlg001.perseus-grc2.xml
Argonautica,tlg001,2,906,"Ἰνδῶν ἡνίκα φῦλα λιπὼν κατενάσσατο Θήβας,","Ἰνδῶν ἡνίκα φῦλα λιπὼν κατενάσσατο Θήβας,",tlg0001.tlg001.perseus-grc2.xml
Argonautica,tlg001,2,907,"ὀργιάσαι, στῆσαί τε χοροὺς ἄντροιο πάροιθεν,","ὀργιάσαι, στῆσαί τε χοροὺς ἄντροιο πάροιθεν,",tlg0001.tlg001.perseus-grc2.xml
Argonautica,tlg001,2,908,"ᾧ ἐν ἀμειδήτους ἁγίας ηὐλίζετο νύκτας,","ᾧ ἐν ἀμειδήτους ἁγίας ηὐλίζετο νύκτας,",tlg0001.tlg001.perseus-grc2.xml
Argonautica,tlg001,2,909,ἐξ οὗ Καλλίχορον ποταμὸν περιναιετάοντες,ἐξ οὗ Καλλίχορον ποταμὸν περιναιετάοντες,tlg0001.tlg001.perseus-grc2.xml
Argonautica,tlg001,2,910,ἠδὲ καὶ Αὐλίον ἄντρον ἐπωνυμίην καλέουσιν.,ἠδὲ καὶ Αὐλίον ἄντρον ἐπωνυμίην καλέουσιν.,tlg0001.tlg001.perseus-grc2.xml
Argonautica,tlg001,2,911,"ἔνθεν δὲ Σθενέλου τάφον ἔδρακον Ἀκτορίδαο,","ἔνθεν δὲ Σθενέλου τάφον ἔδρακον Ἀκτορίδαο,",tlg0001.tlg001.perseus-grc2.xml
Argonautica,tlg001,2,912,ὅς ῥά τʼ Ἀμαζονίδων πολυθαρσέος ἐκ πολέμοιο,ὅς ῥά τ’ Ἀμαζονίδων πολυθαρσέος ἐκ πολέμοιο,tlg0001.tlg001.perseus-grc2.xml
Argonautica,tlg001,2,913,ἂψ ἀνιὼν—δὴ γὰρ συνανήλυθεν Ἡρακλῆι—,ἂψ ἀνιὼν—δὴ γὰρ συνανήλυθεν Ἡρακλῆι—,tlg0001.tlg001.perseus-grc2.xml
Argonautica,tlg001,2,914,βλήμενος ἰῷ κεῖθεν ἐπʼ ἀγχιάλου θάνεν ἀκτῆς.,βλήμενος ἰῷ κεῖθεν ἐπ’ ἀγχιάλου θάνεν ἀκτῆς.,tlg0001.tlg001.perseus-grc2.xml
Argonautica,tlg001,2,915,οὐ μέν θην προτέρω ἔτʼ ἐμέτρεον. ἧκε γὰρ αὐτὴ,οὐ μέν θην προτέρω ἔτ’ ἐμέτρεον. ἧκε γὰρ αὐτὴ,tlg0001.tlg001.perseus-grc2.xml
Argonautica,tlg001,2,916,Φερσεφόνη ψυχὴν πολυδάκρυον Ἀκτορίδαο,Φερσεφόνη ψυχὴν πολυδάκρυον Ἀκτορίδαο,tlg0001.tlg001.perseus-grc2.xml
Argonautica,tlg001,2,917,λισσομένην τυτθόν περ ὁμήθεας ἄνδρας ἰδέσθαι.,λισσομένην τυτθόν περ ὁμήθεας ἄνδρας ἰδέσθαι.,tlg0001.tlg001.perseus-grc2.xml
Argonautica,tlg001,2,918,τύμβου δὲ στεφάνης ἐπιβὰς σκοπιάζετο νῆα,τύμβου δὲ στεφάνης ἐπιβὰς σκοπιάζετο νῆα,tlg0001.tlg001.perseus-grc2.xml
Argonautica,tlg001,2,919,"τοῖος ἐών, οἷος πόλεμόνδʼ ἴεν· ἀμφὶ δὲ καλὴ","τοῖος ἐών, οἷος πόλεμόνδ’ ἴεν· ἀμφὶ δὲ καλὴ",tlg0001.tlg001.perseus-grc2.xml
Argonautica,tlg001,2,920,τετράφαλος φοίνικι λόφῳ ἐπελάμπετο πήληξ.,τετράφαλος φοίνικι λόφῳ ἐπελάμπετο πήληξ.,tlg0001.tlg001.perseus-grc2.xml
Argonautica,tlg001,2,921,καί ῥʼ ὁ μὲν αὖτις ἔδυνε μέγαν ζόφον· οἱ δʼ ἐσιδόντες,καί ῥ’ ὁ μὲν αὖτις ἔδυνε μέγαν ζόφον· οἱ δ’ ἐσιδόντες,tlg0001.tlg001.perseus-grc2.xml
Argonautica,tlg001,2,922,θάμβησαν· τοὺς δʼ ὦρσε θεοπροπέων ἐπικέλσαι,θάμβησαν· τοὺς δ’ ὦρσε θεοπροπέων ἐπικέλσαι,tlg0001.tlg001.perseus-grc2.xml
Argonautica,tlg001,2,923,Ἀμπυκίδης Μόψος λοιβῇσί τε μειλίξασθαι.,Ἀμπυκίδης Μόψος λοιβῇσί τε μειλίξασθαι.,tlg0001.tlg001.perseus-grc2.xml
Argonautica,tlg001,2,924,"οἱ δʼ ἀνὰ μὲν κραιπνῶς λαῖφος σπάσαν, ἐκ δὲ βαλόντες","οἱ δ’ ἀνὰ μὲν κραιπνῶς λαῖφος σπάσαν, ἐκ δὲ βαλόντες",tlg0001.tlg001.perseus-grc2.xml
Argonautica,tlg001,2,925,"πείσματʼ ἐν αἰγιαλῷ Σθενέλου τάφον ἀμφεπένοντο,","πείσματ’ ἐν αἰγιαλῷ Σθενέλου τάφον ἀμφεπένοντο,",tlg0001.tlg001.perseus-grc2.xml
Argonautica,tlg001,2,926,"χύτλα τέ οἱ χεύοντο, καὶ ἥγνισαν ἔντομα μήλων.","χύτλα τέ οἱ χεύοντο, καὶ ἥγνισαν ἔντομα μήλων.",tlg0001.tlg001.perseus-grc2.xml
Argonautica,tlg001,2,927,ἄνδιχα δʼ αὖ χύτλων νηοσσόῳ Ἀπόλλωνι,ἄνδιχα δ’ αὖ χύτλων νηοσσόῳ Ἀπόλλωνι,tlg0001.tlg001.perseus-grc2.xml
Argonautica,tlg001,2,928,βωμὸν δειμάμενοι μῆρʼ ἔφλεγον ἂν δὲ καὶ Ὀρφεὺς,βωμὸν δειμάμενοι μῆρ’ ἔφλεγον ἂν δὲ καὶ Ὀρφεὺς,tlg0001.tlg001.perseus-grc2.xml
Argonautica,tlg001,2,929,θῆκε λύρην· ἐκ τοῦ δὲ Λύρη πέλει οὔνομα χώρῳ.,θῆκε λύρην· ἐκ τοῦ δὲ Λύρη πέλει οὔνομα χώρῳ.,tlg0001.tlg001.perseus-grc2.xml
Argonautica,tlg001,2,930,αὐτίκα δʼ οἵγʼ ἀνέμοιο κατασπέρχοντος ἔβησαν,αὐτίκα δ’ οἵγ’ ἀνέμοιο κατασπέρχοντος ἔβησαν,tlg0001.tlg001.perseus-grc2.xml
Argonautica,tlg001,2,931,νῆʼ ἔπι· κὰδ δʼ ἄρα λαῖφος ἐρυσσάμενοι τανύοντο,νῆ’ ἔπι· κὰδ δ’ ἄρα λαῖφος ἐρυσσάμενοι τανύοντο,tlg0001.tlg001.perseus-grc2.xml
Argonautica,tlg001,2,932,ἐς πόδας ἀμφοτέρους· ἡ δʼ ἐς πέλαγος πεφόρητο,ἐς πόδας ἀμφοτέρους· ἡ δ’ ἐς πέλαγος πεφόρητο,tlg0001.tlg001.perseus-grc2.xml
Argonautica,tlg001,2,933,"ἐντενές, ἠύτε τίς τε διʼ ἠέρος ὑψόθι κίρκος","ἐντενές, ἠύτε τίς τε δι’ ἠέρος ὑψόθι κίρκος",tlg0001.tlg001.perseus-grc2.xml
Argonautica,tlg001,2,934,"ταρσὸν ἐφεὶς πνοιῇ φέρεται ταχύς, οὐδὲ τινάσσει","ταρσὸν ἐφεὶς πνοιῇ φέρεται ταχύς, οὐδὲ τινάσσει",tlg0001.tlg001.perseus-grc2.xml
Argonautica,tlg001,2,935,"ῥιπήν, εὐκήλοισιν ἐνευδιόων πτερύγεσσιν.","ῥιπήν, εὐκήλοισιν ἐνευδιόων πτερύγεσσιν.",tlg0001.tlg001.perseus-grc2.xml
Argonautica,tlg001,2,936,"καὶ δὴ Παρθενίοιο ῥοὰς ἁλιμυρήεντος,","καὶ δὴ Παρθενίοιο ῥοὰς ἁλιμυρήεντος,",tlg0001.tlg001.perseus-grc2.xml
Argonautica,tlg001,2,937,"πρηυτάτου ποταμοῦ, παρεμέτρεον, ᾧ ἔνι κούρη","πρηυτάτου ποταμοῦ, παρεμέτρεον, ᾧ ἔνι κούρη",tlg0001.tlg001.perseus-grc2.xml
Argonautica,tlg001,2,938,"Λητωίς, ἄγρηθεν ὅτʼ οὐρανὸν εἰσαναβαίνῃ,","Λητωίς, ἄγρηθεν ὅτ’ οὐρανὸν εἰσαναβαίνῃ,",tlg0001.tlg001.perseus-grc2.xml
Argonautica,tlg001,2,939,ὃν δέμας ἱμερτοῖσιν ἀναψύχει ὑδάτεσσιν.,ὃν δέμας ἱμερτοῖσιν ἀναψύχει ὑδάτεσσιν.,tlg0001.tlg001.perseus-grc2.xml
Argonautica,tlg001,2,940,νυκτί δʼ ἔπειτʼ ἄλληκτον ἐπιπροτέρωσε θέοντες,νυκτί δ’ ἔπειτ’ ἄλληκτον ἐπιπροτέρωσε θέοντες,tlg0001.tlg001.perseus-grc2.xml
Argonautica,tlg001,2,941,"σήσαμον αἰπεινούς τε παρεξενέοντʼ Ἐρυθίνους,","σήσαμον αἰπεινούς τε παρεξενέοντ’ Ἐρυθίνους,",tlg0001.tlg001.perseus-grc2.xml
Argonautica,tlg001,2,942,"Κρωβίαλον, Κρώμναν τε καὶ ὑλήεντα Κύτωρον.","Κρωβίαλον, Κρώμναν τε καὶ ὑλήεντα Κύτωρον.",tlg0001.tlg001.perseus-grc2.xml
Argonautica,tlg001,2,943,ἔνθεν δʼ αὖτε Κάραμβιν ἅμʼ ἠελίοιο βολῇσιν,ἔνθεν δ’ αὖτε Κάραμβιν ἅμ’ ἠελίοιο βολῇσιν,tlg0001.tlg001.perseus-grc2.xml
Argonautica,tlg001,2,944,γνάμψαντες παρὰ πουλὺν ἔπειτʼ ἤλαυνον ἐρετμοῖς,γνάμψαντες παρὰ πουλὺν ἔπειτ’ ἤλαυνον ἐρετμοῖς,tlg0001.tlg001.perseus-grc2.xml
Argonautica,tlg001,2,945,αἰγιαλὸν πρόπαν ἦμαρ ὁμῶς καὶ ἐπʼ ἤματι ύκτα.,αἰγιαλὸν πρόπαν ἦμαρ ὁμῶς καὶ ἐπ’ ἤματι ύκτα.,tlg0001.tlg001.perseus-grc2.xml
Argonautica,tlg001,2,946,"αὐτίκα δʼ Ἀσσυρίης ἐπέβαν χθονός, ἔνθα Σινώπην,","αὐτίκα δ’ Ἀσσυρίης ἐπέβαν χθονός, ἔνθα Σινώπην,",tlg0001.tlg001.perseus-grc2.xml
Argonautica,tlg001,2,947,"θυγατέρʼ Ἀσωποῖο, καθίσσατο, καί οἱ ὄπασσεν","θυγατέρ’ Ἀσωποῖο, καθίσσατο, καί οἱ ὄπασσεν",tlg0001.tlg001.perseus-grc2.xml
Argonautica,tlg001,2,948,"παρθενίην Ζεὺς αὐτός, ὑποσχεσίῃσι δολωθείς.","παρθενίην Ζεὺς αὐτός, ὑποσχεσίῃσι δολωθείς.",tlg0001.tlg001.perseus-grc2.xml
Argonautica,tlg001,2,949,δὴ γὰρ ὁ μὲν φιλότητος ἐέλδετο· νεῦσε δʼ ὅγʼ αὐτῇ,δὴ γὰρ ὁ μὲν φιλότητος ἐέλδετο· νεῦσε δ’ ὅγ’ αὐτῇ,tlg0001.tlg001.perseus-grc2.xml
Argonautica,tlg001,2,950,"δωσέμεναι, ὅ κεν ᾗσι μετὰ φρεσὶν ἰθύσειεν.","δωσέμεναι, ὅ κεν ᾗσι μετὰ φρεσὶν ἰθύσειεν.",tlg0001.tlg001.perseus-grc2.xml
Argonautica,tlg001,2,951,ἡ δέ ἑ παρθενίην ᾐτήσατο κερδοσύνῃσιν.,ἡ δέ ἑ παρθενίην ᾐτήσατο κερδοσύνῃσιν.,tlg0001.tlg001.perseus-grc2.xml
Argonautica,tlg001,2,952,ὧς δὲ καὶ Ἀπόλλωνα παρήπαφεν εὐνηθῆναι,ὧς δὲ καὶ Ἀπόλλωνα παρήπαφεν εὐνηθῆναι,tlg0001.tlg001.perseus-grc2.xml
Argonautica,tlg001,2,953,"ἱέμενον, ποταμόν τʼ ἐπὶ τοῖς Ἅλυν· οὐδὲ μὲν ἀνδρῶν","ἱέμενον, ποταμόν τ’ ἐπὶ τοῖς Ἅλυν· οὐδὲ μὲν ἀνδρῶν",tlg0001.tlg001.perseus-grc2.xml
Argonautica,tlg001,2,954,τήνγε τις ἱμερτῇσιν ἐν ἀγκοίνῃσι δάμασσεν.,τήνγε τις ἱμερτῇσιν ἐν ἀγκοίνῃσι δάμασσεν.,tlg0001.tlg001.perseus-grc2.xml
Argonautica,tlg001,2,955,ἔνθα δὲ Τρικκαίοιο ἀγαυοῦ Δηιμάχοιο,ἔνθα δὲ Τρικκαίοιο ἀγαυοῦ Δηιμάχοιο,tlg0001.tlg001.perseus-grc2.xml
Argonautica,tlg001,2,956,"υἷες, Δηιλέων τε καὶ Αὐτόλυκος Φλογίος τε","υἷες, Δηιλέων τε καὶ Αὐτόλυκος Φλογίος τε",tlg0001.tlg001.perseus-grc2.xml
Argonautica,tlg001,2,957,"τῆμος ἔθʼ, Ἡρακλῆος ἀποπλαγχθέντες, ἔναιον·","τῆμος ἔθ’, Ἡρακλῆος ἀποπλαγχθέντες, ἔναιον·",tlg0001.tlg001.perseus-grc2.xml
Argonautica,tlg001,2,958,"οἵ ῥα τόθʼ, ὡς ἐνόησαν ἀριστήων στόλον ἀνδρῶν,","οἵ ῥα τόθ’, ὡς ἐνόησαν ἀριστήων στόλον ἀνδρῶν,",tlg0001.tlg001.perseus-grc2.xml
Argonautica,tlg001,2,959,σφᾶς αὐτοὺς νημερτὲς ἐπέφραδον ἀντιάσαντες·,σφᾶς αὐτοὺς νημερτὲς ἐπέφραδον ἀντιάσαντες·,tlg0001.tlg001.perseus-grc2.xml
Argonautica,tlg001,2,960,"οὐδʼ ἔτι μιμνάζειν θέλον ἔμπεδον, ἀλλʼ ἐνὶ νηί,","οὐδ’ ἔτι μιμνάζειν θέλον ἔμπεδον, ἀλλ’ ἐνὶ νηί,",tlg0001.tlg001.perseus-grc2.xml
Argonautica,tlg001,2,961,"Ἀργέσταο παρᾶσσον ἐπιπνείοντος, ἔβησαν.","Ἀργέσταο παρᾶσσον ἐπιπνείοντος, ἔβησαν.",tlg0001.tlg001.perseus-grc2.xml
Argonautica,tlg001,2,962,τοῖσι δʼ ὁμοῦ μετέπειτα θοῇ πεφορημένοι αὔρῃ,τοῖσι δ’ ὁμοῦ μετέπειτα θοῇ πεφορημένοι αὔρῃ,tlg0001.tlg001.perseus-grc2.xml
Argonautica,tlg001,2,963,"λεῖπον Ἅλυν ποταμόν, λεῖπον δʼ ἀγχίρροον Ἶριν,","λεῖπον Ἅλυν ποταμόν, λεῖπον δ’ ἀγχίρροον Ἶριν,",tlg0001.tlg001.perseus-grc2.xml
Argonautica,tlg001,2,964,ἠδὲ καὶ Ἀσσυρίης πρόχυσιν χθονός· ἤματι δʼ αὐτῷ,ἠδὲ καὶ Ἀσσυρίης πρόχυσιν χθονός· ἤματι δ’ αὐτῷ,tlg0001.tlg001.perseus-grc2.xml
Argonautica,tlg001,2,965,γνάμψαν Ἀμαζονίδων ἕκαθεν λιμενήοχον ἄκρην.,γνάμψαν Ἀμαζονίδων ἕκαθεν λιμενήοχον ἄκρην.,tlg0001.tlg001.perseus-grc2.xml
Argonautica,tlg001,2,966,ἔνθα ποτὲ προμολοῦσαν Ἀρητιάδα Μελανίππην,ἔνθα ποτὲ προμολοῦσαν Ἀρητιάδα Μελανίππην,tlg0001.tlg001.perseus-grc2.xml
Argonautica,tlg001,2,967,"ἥρως Ἡρακλέης ἐλοχήσατο, καί οἱ ἄποινα","ἥρως Ἡρακλέης ἐλοχήσατο, καί οἱ ἄποινα",tlg0001.tlg001.perseus-grc2.xml
Argonautica,tlg001,2,968,Ἱππολύτη ζωστῆρα παναίολον ἐγγυάλιξεν,Ἱππολύτη ζωστῆρα παναίολον ἐγγυάλιξεν,tlg0001.tlg001.perseus-grc2.xml
Argonautica,tlg001,2,969,ἀμφὶ κασιγνήτης· ὁ δʼ ἀπήμονα πέμψεν ὀπίσσω.,ἀμφὶ κασιγνήτης· ὁ δ’ ἀπήμονα πέμψεν ὀπίσσω.,tlg0001.tlg001.perseus-grc2.xml
Argonautica,tlg001,2,970,"τῆς οἵγʼ ἐν κόλπῳ, προχοαῖς ἔπι Θερμώδοντος,","τῆς οἵγ’ ἐν κόλπῳ, προχοαῖς ἔπι Θερμώδοντος,",tlg0001.tlg001.perseus-grc2.xml
Argonautica,tlg001,2,971,"κέλσαν, ἐπεὶ καὶ πόντος ὀρίνετο νισσομένοισιν.","κέλσαν, ἐπεὶ καὶ πόντος ὀρίνετο νισσομένοισιν.",tlg0001.tlg001.perseus-grc2.xml
Argonautica,tlg001,2,972,"τῷ δʼ οὔτις ποταμῶν ἐναλίγκιος, οὐδὲ ῥέεθρα","τῷ δ’ οὔτις ποταμῶν ἐναλίγκιος, οὐδὲ ῥέεθρα",tlg0001.tlg001.perseus-grc2.xml
Argonautica,tlg001,2,973,τόσσʼ ἐπὶ γαῖαν ἵησι παρὲξ ἕθεν ἄνδιχα βάλλων.,τόσσ’ ἐπὶ γαῖαν ἵησι παρὲξ ἕθεν ἄνδιχα βάλλων.,tlg0001.tlg001.perseus-grc2.xml
Argonautica,tlg001,2,974,"τετράκις εἰς ἑκατὸν δεύοιτό κεν, εἴ τις ἕκαστα","τετράκις εἰς ἑκατὸν δεύοιτό κεν, εἴ τις ἕκαστα",tlg0001.tlg001.perseus-grc2.xml
Argonautica,tlg001,2,975,πεμπάζοι· μία δʼ οἴη ἐτήτυμος ἔπλετο πηγή.,πεμπάζοι· μία δ’ οἴη ἐτήτυμος ἔπλετο πηγή.,tlg0001.tlg001.perseus-grc2.xml
Argonautica,tlg001,2,976,ἡ μέν τʼ ἐξ ὀρέων κατανίσσεται ἤπειρόνδε,ἡ μέν τ’ ἐξ ὀρέων κατανίσσεται ἤπειρόνδε,tlg0001.tlg001.perseus-grc2.xml
Argonautica,tlg001,2,977,"ὑψηλῶν, ἅ τέ φασιν Ἀμαζόνια κλείεσθαι.","ὑψηλῶν, ἅ τέ φασιν Ἀμαζόνια κλείεσθαι.",tlg0001.tlg001.perseus-grc2.xml
Argonautica,tlg001,2,978,ἔνθεν δʼ αἰπυτέρην ἐπικίδναται ἔνδοθι γαῖαν,ἔνθεν δ’ αἰπυτέρην ἐπικίδναται ἔνδοθι γαῖαν,tlg0001.tlg001.perseus-grc2.xml
Argonautica,tlg001,2,979,ἀντικρύ· τῶ καί οἱ ἐπίστροφοί εἰσι κέλευθοι·,ἀντικρύ· τῶ καί οἱ ἐπίστροφοί εἰσι κέλευθοι·,tlg0001.tlg001.perseus-grc2.xml
Argonautica,tlg001,2,980,"αἰεὶ δʼ ἄλλυδις ἄλλη, ὅπῃ κύρσειε μάλιστα","αἰεὶ δ’ ἄλλυδις ἄλλη, ὅπῃ κύρσειε μάλιστα",tlg0001.tlg001.perseus-grc2.xml
Argonautica,tlg001,2,981,"ἠπείρου χθαμαλῆς, εἱλίσσεται· ἡ μὲν ἄπωθεν,","ἠπείρου χθαμαλῆς, εἱλίσσεται· ἡ μὲν ἄπωθεν,",tlg0001.tlg001.perseus-grc2.xml
Argonautica,tlg001,2,982,"ἡ δὲ πέλας· πολέες δὲ πόροι νώνυμνοι ἔασιν,","ἡ δὲ πέλας· πολέες δὲ πόροι νώνυμνοι ἔασιν,",tlg0001.tlg001.perseus-grc2.xml
Argonautica,tlg001,2,983,ὅππῃ ὑπεξαφύονται· ὁ δʼ ἀμφαδὸν ἄμμιγα παύροις,ὅππῃ ὑπεξαφύονται· ὁ δ’ ἀμφαδὸν ἄμμιγα παύροις,tlg0001.tlg001.perseus-grc2.xml
Argonautica,tlg001,2,984,πόντον ἐς Ἄξεινον κυρτὴν ὑπερεύγεται ἄκρην.,πόντον ἐς Ἄξεινον κυρτὴν ὑπερεύγεται ἄκρην.,tlg0001.tlg001.perseus-grc2.xml
Argonautica,tlg001,2,985,καί νύ κε δηθύνοντες Ἀμαζονίδεσσιν ἔμιξαν,καί νύ κε δηθύνοντες Ἀμαζονίδεσσιν ἔμιξαν,tlg0001.tlg001.perseus-grc2.xml
Argonautica,tlg001,2,986,"ὑσμίνην, καὶ δʼ οὔ κεν ἀναιμωτί γʼ ἐρίδηναν—","ὑσμίνην, καὶ δ’ οὔ κεν ἀναιμωτί γ’ ἐρίδηναν—",tlg0001.tlg001.perseus-grc2.xml
Argonautica,tlg001,2,987,"οὐ γὰρ Ἀμαζονίδες μάλʼ ἐπήτιδες, οὐδὲ θέμιστας","οὐ γὰρ Ἀμαζονίδες μάλ’ ἐπήτιδες, οὐδὲ θέμιστας",tlg0001.tlg001.perseus-grc2.xml
Argonautica,tlg001,2,988,τίουσαι πεδίον Δοιάντιον ἀμφενέμοντο·,τίουσαι πεδίον Δοιάντιον ἀμφενέμοντο·,tlg0001.tlg001.perseus-grc2.xml
Argonautica,tlg001,2,989,ἀλλʼ ὕβρις στονόεσσα καὶ Ἄρεος ἔργα μεμήλει·,ἀλλ’ ὕβρις στονόεσσα καὶ Ἄρεος ἔργα μεμήλει·,tlg0001.tlg001.perseus-grc2.xml
Argonautica,tlg001,2,990,δὴ γὰρ καὶ γενεὴν ἔσαν Ἄρεος Ἁρμονίης τε,δὴ γὰρ καὶ γενεὴν ἔσαν Ἄρεος Ἁρμονίης τε,tlg0001.tlg001.perseus-grc2.xml
Argonautica,tlg001,2,991,"νύμφης, ἥ τʼ Ἄρηϊ φιλοπτολέμους τέκε κούρας,","νύμφης, ἥ τ’ Ἄρηϊ φιλοπτολέμους τέκε κούρας,",tlg0001.tlg001.perseus-grc2.xml
Argonautica,tlg001,2,992,ἄλσεος Ἀκμονίοιο κατὰ πτύχας εὐνηθεῖσα—,ἄλσεος Ἀκμονίοιο κατὰ πτύχας εὐνηθεῖσα—,tlg0001.tlg001.perseus-grc2.xml
Argonautica,tlg001,2,993,εἰ μὴ ἄρʼ ἐκ Διόθεν πνοιαὶ πάλιν Ἀργέσταο,εἰ μὴ ἄρ’ ἐκ Διόθεν πνοιαὶ πάλιν Ἀργέσταο,tlg0001.tlg001.perseus-grc2.xml
Argonautica,tlg001,2,994,"ἤλυθον· οἱ δʼ ἀνέμῳ περιηγέα κάλλιπον ἀκτήν,","ἤλυθον· οἱ δ’ ἀνέμῳ περιηγέα κάλλιπον ἀκτήν,",tlg0001.tlg001.perseus-grc2.xml
Argonautica,tlg001,2,995,ἔνθα Θεμισκύρειαι Ἀμαζόνες ὡπλίζοντο.,ἔνθα Θεμισκύρειαι Ἀμαζόνες ὡπλίζοντο.,tlg0001.tlg001.perseus-grc2.xml
Argonautica,tlg001,2,996,"οὐ γὰρ ὁμηγερέες μίαν ἂμ πόλιν, ἀλλʼ ἀνὰ γαῖαν","οὐ γὰρ ὁμηγερέες μίαν ἂμ πόλιν, ἀλλ’ ἀνὰ γαῖαν",tlg0001.tlg001.perseus-grc2.xml
Argonautica,tlg001,2,997,κεκριμέναι κατὰ φῦλα διάτριχα ναιετάασκον·,κεκριμέναι κατὰ φῦλα διάτριχα ναιετάασκον·,tlg0001.tlg001.perseus-grc2.xml
Argonautica,tlg001,2,998,"νόσφι μὲν αἵδʼ αὐταί, τῇσιν τότε κοιρανέεσκεν","νόσφι μὲν αἵδ’ αὐταί, τῇσιν τότε κοιρανέεσκεν",tlg0001.tlg001.perseus-grc2.xml
Argonautica,tlg001,2,999,"Ἱππολύτη, νόσφιν δὲ Λυκάστιαι ἀμφενέμοντο,","Ἱππολύτη, νόσφιν δὲ Λυκάστιαι ἀμφενέμοντο,",tlg0001.tlg001.perseus-grc2.xml
Argonautica,tlg001,2,1000,νόσφι δʼ ἀκοντοβόλοι Χαδήσιαι. ἤματι δʼ ἄλλῳ,νόσφι δ’ ἀκοντοβόλοι Χαδήσιαι. ἤματι δ’ ἄλλῳ,tlg0001.tlg001.perseus-grc2.xml
Argonautica,tlg001,2,1001,νυκτί τʼ ἐπιπλομένῃ Χαλύβων παρὰ γαῖαν ἵκοντο.,νυκτί τ’ ἐπιπλομένῃ Χαλύβων παρὰ γαῖαν ἵκοντο.,tlg0001.tlg001.perseus-grc2.xml
Argonautica,tlg001,2,1002,"τοῖσι μὲν οὔτε βοῶν ἄροτος μέλει, οὔτε τις ἄλλη","τοῖσι μὲν οὔτε βοῶν ἄροτος μέλει, οὔτε τις ἄλλη",tlg0001.tlg001.perseus-grc2.xml
Argonautica,tlg001,2,1003,φυταλιὴ καρποῖο μελίφρονος· οὐδὲ μὲν οἵγε,φυταλιὴ καρποῖο μελίφρονος· οὐδὲ μὲν οἵγε,tlg0001.tlg001.perseus-grc2.xml
Argonautica,tlg001,2,1004,ποίμνας ἑρσήεντι νομῷ ἔνι ποιμαίνουσιν.,ποίμνας ἑρσήεντι νομῷ ἔνι ποιμαίνουσιν.,tlg0001.tlg001.perseus-grc2.xml
Argonautica,tlg001,2,1005,ἀλλὰ σιδηροφόρον στυφελὴν χθόνα γατομέοντες,ἀλλὰ σιδηροφόρον στυφελὴν χθόνα γατομέοντες,tlg0001.tlg001.perseus-grc2.xml
Argonautica,tlg001,2,1006,"ὦνον ἀμείβονται βιοτήσιον, οὐδέ ποτέ σφιν","ὦνον ἀμείβονται βιοτήσιον, οὐδέ ποτέ σφιν",tlg0001.tlg001.perseus-grc2.xml
Argonautica,tlg001,2,1007,"ἠὼς ἀντέλλει καμάτων ἄτερ, ἀλλὰ κελαινῇ","ἠὼς ἀντέλλει καμάτων ἄτερ, ἀλλὰ κελαινῇ",tlg0001.tlg001.perseus-grc2.xml
Argonautica,tlg001,2,1008,λιγνύι καὶ καπνῷ κάματον βαρὺν ὀτλεύουσιν.,λιγνύι καὶ καπνῷ κάματον βαρὺν ὀτλεύουσιν.,tlg0001.tlg001.perseus-grc2.xml
Argonautica,tlg001,2,1009,τοὺς δὲ μετʼ αὐτίκʼ ἔπειτα Γενηταίου Διὸς ἄκρην,τοὺς δὲ μετ’ αὐτίκ’ ἔπειτα Γενηταίου Διὸς ἄκρην,tlg0001.tlg001.perseus-grc2.xml
Argonautica,tlg001,2,1010,γνάμψαντες σώοντο παρὲκ Τιβαρηνίδα γαῖαν.,γνάμψαντες σώοντο παρὲκ Τιβαρηνίδα γαῖαν.,tlg0001.tlg001.perseus-grc2.xml
Argonautica,tlg001,2,1011,"ἔνθʼ ἐπεὶ ἄρ κε τέκωνται ὑπʼ ἀνδράσι τέκνα γυναῖκες,","ἔνθ’ ἐπεὶ ἄρ κε τέκωνται ὑπ’ ἀνδράσι τέκνα γυναῖκες,",tlg0001.tlg001.perseus-grc2.xml
Argonautica,tlg001,2,1012,"αὐτοὶ μὲν στενάχουσιν ἐνὶ λεχέεσσι πεσόντες,","αὐτοὶ μὲν στενάχουσιν ἐνὶ λεχέεσσι πεσόντες,",tlg0001.tlg001.perseus-grc2.xml
Argonautica,tlg001,2,1013,κράατα δησάμενοι· ταὶ δʼ εὖ κομέουσιν ἐδωδῇ,κράατα δησάμενοι· ταὶ δ’ εὖ κομέουσιν ἐδωδῇ,tlg0001.tlg001.perseus-grc2.xml
Argonautica,tlg001,2,1014,"ἀνέρας, ἠδὲ λοετρὰ λεχώια τοῖσι πένονται.","ἀνέρας, ἠδὲ λοετρὰ λεχώια τοῖσι πένονται.",tlg0001.tlg001.perseus-grc2.xml
Argonautica,tlg001,2,1015,"ἱρὸν δʼ αὖτʼ ἐπὶ τοῖσιν ὄρος καὶ γαῖαν ἄμειβον,","ἱρὸν δ’ αὖτ’ ἐπὶ τοῖσιν ὄρος καὶ γαῖαν ἄμειβον,",tlg0001.tlg001.perseus-grc2.xml
Argonautica,tlg001,2,1016,ᾗ ἔνι Μοσσύνοικοι ἀνʼ οὔρεα ναιετάουσιν,ᾗ ἔνι Μοσσύνοικοι ἀν’ οὔρεα ναιετάουσιν,tlg0001.tlg001.perseus-grc2.xml
Argonautica,tlg001,2,1017,"μόσσυνας, καὶ δʼ αὐτοὶ ἐπώνυμοι ἔνθεν ἔασιν.","μόσσυνας, καὶ δ’ αὐτοὶ ἐπώνυμοι ἔνθεν ἔασιν.",tlg0001.tlg001.perseus-grc2.xml
Argonautica,tlg001,2,1018,ἀλλοίη δὲ δίκη καὶ θέσμια τοῖσι τέτυκται.,ἀλλοίη δὲ δίκη καὶ θέσμια τοῖσι τέτυκται.,tlg0001.tlg001.perseus-grc2.xml
Argonautica,tlg001,2,1019,"ὅσσα μὲν ἀμφαδίην ῥέζειν θέμις, ἢ ἐνὶ δήμῳ,","ὅσσα μὲν ἀμφαδίην ῥέζειν θέμις, ἢ ἐνὶ δήμῳ,",tlg0001.tlg001.perseus-grc2.xml
Argonautica,tlg001,2,1020,"ἢ ἀγορῇ, τάδε πάντα δόμοις ἔνι μηχανόωνται·","ἢ ἀγορῇ, τάδε πάντα δόμοις ἔνι μηχανόωνται·",tlg0001.tlg001.perseus-grc2.xml
Argonautica,tlg001,2,1021,"ὅσσα δʼ ἐνὶ μεγάροις πεπονήμεθα, κεῖνα θύραζε","ὅσσα δ’ ἐνὶ μεγάροις πεπονήμεθα, κεῖνα θύραζε",tlg0001.tlg001.perseus-grc2.xml
Argonautica,tlg001,2,1022,ἀψεγέως μέσσῃσιν ἐνὶ ῥέζουσιν ἀγυιαῖς.,ἀψεγέως μέσσῃσιν ἐνὶ ῥέζουσιν ἀγυιαῖς.,tlg0001.tlg001.perseus-grc2.xml
Argonautica,tlg001,2,1023,"οὐδʼ εὐνῆς αἰδὼς ἐπιδήμιος, ἀλλά, σύες ὣς","οὐδ’ εὐνῆς αἰδὼς ἐπιδήμιος, ἀλλά, σύες ὣς",tlg0001.tlg001.perseus-grc2.xml
Argonautica,tlg001,2,1024,"φορβάδες, οὐδʼ ἠβαιὸν ἀτυζόμενοι παρεόντας,","φορβάδες, οὐδ’ ἠβαιὸν ἀτυζόμενοι παρεόντας,",tlg0001.tlg001.perseus-grc2.xml
Argonautica,tlg001,2,1025,μίσγονται χαμάδις ξυνῇ φιλότητι γυναικῶν.,μίσγονται χαμάδις ξυνῇ φιλότητι γυναικῶν.,tlg0001.tlg001.perseus-grc2.xml
Argonautica,tlg001,2,1026,αὐτὰρ ἐν ὑψίστῳ βασιλεὺς μόσσυνι θαάσσων,αὐτὰρ ἐν ὑψίστῳ βασιλεὺς μόσσυνι θαάσσων,tlg0001.tlg001.perseus-grc2.xml
Argonautica,tlg001,2,1027,"ἰθείας πολέεσσι δίκας λαοῖσι δικάζει,","ἰθείας πολέεσσι δίκας λαοῖσι δικάζει,",tlg0001.tlg001.perseus-grc2.xml
Argonautica,tlg001,2,1028,"σχέτλιος. ἢν γάρ πού τί θεμιστεύων ἀλίτηται,","σχέτλιος. ἢν γάρ πού τί θεμιστεύων ἀλίτηται,",tlg0001.tlg001.perseus-grc2.xml
Argonautica,tlg001,2,1029,λιμῷ μιν κεῖνʼ ἦμαρ ἐνικλείσαντες ἔχουσιν.,λιμῷ μιν κεῖν’ ἦμαρ ἐνικλείσαντες ἔχουσιν.,tlg0001.tlg001.perseus-grc2.xml
Argonautica,tlg001,2,1030,τοὺς παρανισσόμενοι καὶ δὴ σχεδὸν ἀντιπέρηθεν,τοὺς παρανισσόμενοι καὶ δὴ σχεδὸν ἀντιπέρηθεν,tlg0001.tlg001.perseus-grc2.xml
Argonautica,tlg001,2,1031,νήσου Ἀρητιάδος τέμνον πλόον εἰρεσίῃσιν,νήσου Ἀρητιάδος τέμνον πλόον εἰρεσίῃσιν,tlg0001.tlg001.perseus-grc2.xml
Argonautica,tlg001,2,1032,ἠμάτιοι· λιαρὴ γὰρ ὑπὸ κνέφας ἔλλιπεν αὔρη.,ἠμάτιοι· λιαρὴ γὰρ ὑπὸ κνέφας ἔλλιπεν αὔρη.,tlg0001.tlg001.perseus-grc2.xml
Argonautica,tlg001,2,1033,ἤδη καί τινʼ ὕπερθεν Ἀρήιον ἀίσσοντα,ἤδη καί τιν’ ὕπερθεν Ἀρήιον ἀίσσοντα,tlg0001.tlg001.perseus-grc2.xml
Argonautica,tlg001,2,1034,"ἐνναέτην νήσοιο διʼ ἠέρος ὄρνιν ἴδοντο,","ἐνναέτην νήσοιο δι’ ἠέρος ὄρνιν ἴδοντο,",tlg0001.tlg001.perseus-grc2.xml
Argonautica,tlg001,2,1035,ὅς ῥα τιναξάμενος πτέρυγας κατὰ νῆα θέουσαν,ὅς ῥα τιναξάμενος πτέρυγας κατὰ νῆα θέουσαν,tlg0001.tlg001.perseus-grc2.xml
Argonautica,tlg001,2,1036,ἧκʼ ἐπί οἱ πτερὸν ὀξύ· τὸ δʼ ἐν λαιῷ πέσεν ὤμῳ,ἧκ’ ἐπί οἱ πτερὸν ὀξύ· τὸ δ’ ἐν λαιῷ πέσεν ὤμῳ,tlg0001.tlg001.perseus-grc2.xml
Argonautica,tlg001,2,1037,δίου Ὀιλῆος· μεθέηκε δὲ χερσὶν ἐρετμὸν,δίου Ὀιλῆος· μεθέηκε δὲ χερσὶν ἐρετμὸν,tlg0001.tlg001.perseus-grc2.xml
Argonautica,tlg001,2,1038,βλήμενος· οἱ δὲ τάφον πτερόεν βέλος εἰσορόωντες.,βλήμενος· οἱ δὲ τάφον πτερόεν βέλος εἰσορόωντες.,tlg0001.tlg001.perseus-grc2.xml
Argonautica,tlg001,2,1039,"καὶ τὸ μὲν ἐξείρυσσε παρεδριόων Ἐρυβώτης,","καὶ τὸ μὲν ἐξείρυσσε παρεδριόων Ἐρυβώτης,",tlg0001.tlg001.perseus-grc2.xml
Argonautica,tlg001,2,1040,"ἕλκος δὲ ξυνέδησεν, ἀπὸ σφετέρου κολεοῖο","ἕλκος δὲ ξυνέδησεν, ἀπὸ σφετέρου κολεοῖο",tlg0001.tlg001.perseus-grc2.xml
Argonautica,tlg001,2,1041,λυσάμενος τελαμῶνα κατήορον· ἐκ δʼ ἐφαάνθη,λυσάμενος τελαμῶνα κατήορον· ἐκ δ’ ἐφαάνθη,tlg0001.tlg001.perseus-grc2.xml
Argonautica,tlg001,2,1042,ἄλλος ἐπὶ προτέρῳ πεποτημένος· ἀλλά μιν ἥρως,ἄλλος ἐπὶ προτέρῳ πεποτημένος· ἀλλά μιν ἥρως,tlg0001.tlg001.perseus-grc2.xml
Argonautica,tlg001,2,1043,"Εὐρυτίδης Κλυτίος—πρὸ γὰρ ἀγκύλα τείνατο τόξα,","Εὐρυτίδης Κλυτίος—πρὸ γὰρ ἀγκύλα τείνατο τόξα,",tlg0001.tlg001.perseus-grc2.xml
Argonautica,tlg001,2,1044,ἧκε δʼ ἐπʼ οἰωνὸν ταχινὸν βέλος—αὐτὰρ ἔπειτα,ἧκε δ’ ἐπ’ οἰωνὸν ταχινὸν βέλος—αὐτὰρ ἔπειτα,tlg0001.tlg001.perseus-grc2.xml
Argonautica,tlg001,2,1045,πλῆξεν· δινηθεὶς δὲ θοῆς πέσεν ἀγχόθι νηός.,πλῆξεν· δινηθεὶς δὲ θοῆς πέσεν ἀγχόθι νηός.,tlg0001.tlg001.perseus-grc2.xml
Argonautica,tlg001,2,1046,"τοῖσιν δʼ Ἀμφιδάμας μυθήσατο, παῖς Ἀλεοῖο·","τοῖσιν δ’ Ἀμφιδάμας μυθήσατο, παῖς Ἀλεοῖο·",tlg0001.tlg001.perseus-grc2.xml
Argonautica,tlg001,2,1047,νῆσος μὲν πέλας ἧμιν Ἀρητιάς· ἴστε καὶ αὐτοὶ,νῆσος μὲν πέλας ἧμιν Ἀρητιάς· ἴστε καὶ αὐτοὶ,tlg0001.tlg001.perseus-grc2.xml
Argonautica,tlg001,2,1048,τούσδʼ ὄρνιθας ἰδόντες. ἐγὼ δʼ οὐκ ἔλπομαι ἰοὺς,τούσδ’ ὄρνιθας ἰδόντες. ἐγὼ δ’ οὐκ ἔλπομαι ἰοὺς,tlg0001.tlg001.perseus-grc2.xml
Argonautica,tlg001,2,1049,τόσσον ἐπαρκέσσειν εἰς ἔκβασιν. ἀλλά τινʼ ἄλλην,τόσσον ἐπαρκέσσειν εἰς ἔκβασιν. ἀλλά τιν’ ἄλλην,tlg0001.tlg001.perseus-grc2.xml
Argonautica,tlg001,2,1050,"μῆτιν πορσύνωμεν ἐπίρροθον, εἴ γʼ ἐπικέλσαι","μῆτιν πορσύνωμεν ἐπίρροθον, εἴ γ’ ἐπικέλσαι",tlg0001.tlg001.perseus-grc2.xml
Argonautica,tlg001,2,1051,"μέλλετε, Φινῆος μεμνημένοι, ὡς ἐπέτελλεν.","μέλλετε, Φινῆος μεμνημένοι, ὡς ἐπέτελλεν.",tlg0001.tlg001.perseus-grc2.xml
Argonautica,tlg001,2,1052,"οὐδὲ γὰρ Ἡρακλέης, ὁπότʼ ἤλυθεν Ἀρκαδίηνδε,","οὐδὲ γὰρ Ἡρακλέης, ὁπότ’ ἤλυθεν Ἀρκαδίηνδε,",tlg0001.tlg001.perseus-grc2.xml
Argonautica,tlg001,2,1053,πλωίδας ὄρνιθας Στυμφαλίδας ἔσθενε λίμνης,πλωίδας ὄρνιθας Στυμφαλίδας ἔσθενε λίμνης,tlg0001.tlg001.perseus-grc2.xml
Argonautica,tlg001,2,1054,"ὤσασθαι τόξοισι, τὸ μέν τʼ ἐγὼ αὐτὸς ὄπωπα.","ὤσασθαι τόξοισι, τὸ μέν τ’ ἐγὼ αὐτὸς ὄπωπα.",tlg0001.tlg001.perseus-grc2.xml
Argonautica,tlg001,2,1055,ἀλλʼ ὅγε χαλκείην πλατάγην ἐνὶ χερσὶ τινάσσων,ἀλλ’ ὅγε χαλκείην πλατάγην ἐνὶ χερσὶ τινάσσων,tlg0001.tlg001.perseus-grc2.xml
Argonautica,tlg001,2,1056,δούπει ἐπὶ σκοπιῆς περιμήκεος· αἱ δʼ ἐφέβοντο,δούπει ἐπὶ σκοπιῆς περιμήκεος· αἱ δ’ ἐφέβοντο,tlg0001.tlg001.perseus-grc2.xml
Argonautica,tlg001,2,1057,"τηλοῦ, ἀτυζηλῷ ὑπὸ δείματι κεκληγυῖαι.","τηλοῦ, ἀτυζηλῷ ὑπὸ δείματι κεκληγυῖαι.",tlg0001.tlg001.perseus-grc2.xml
Argonautica,tlg001,2,1058,τῶ καὶ νῦν τοίην τινʼ ἐπιφραζώμεθα μῆτιν·,τῶ καὶ νῦν τοίην τιν’ ἐπιφραζώμεθα μῆτιν·,tlg0001.tlg001.perseus-grc2.xml
Argonautica,tlg001,2,1059,αὐτὸς δʼ ἂν τὸ πάροιθεν ἐπιφρασθεὶς ἐνέποιμι.,αὐτὸς δ’ ἂν τὸ πάροιθεν ἐπιφρασθεὶς ἐνέποιμι.,tlg0001.tlg001.perseus-grc2.xml
Argonautica,tlg001,2,1060,"ἀνθέμενοι κεφαλῇσιν ἀερσιλόφους τρυφαλείας,","ἀνθέμενοι κεφαλῇσιν ἀερσιλόφους τρυφαλείας,",tlg0001.tlg001.perseus-grc2.xml
Argonautica,tlg001,2,1061,"ἡμίσεες μὲν ἐρέσσετʼ ἀμοιβαδίς, ἡμίσεες δὲ","ἡμίσεες μὲν ἐρέσσετ’ ἀμοιβαδίς, ἡμίσεες δὲ",tlg0001.tlg001.perseus-grc2.xml
Argonautica,tlg001,2,1062,δούρασί τε ξυστοῖσι καὶ ἀσπίσιν ἄρσετε νῆα.,δούρασί τε ξυστοῖσι καὶ ἀσπίσιν ἄρσετε νῆα.,tlg0001.tlg001.perseus-grc2.xml
Argonautica,tlg001,2,1063,αὐτὰρ πασσυδίῃ περιώσιον ὄρνυτʼ ἀυτὴν,αὐτὰρ πασσυδίῃ περιώσιον ὄρνυτ’ ἀυτὴν,tlg0001.tlg001.perseus-grc2.xml
Argonautica,tlg001,2,1064,"ἀθρόοι, ὄφρα κολῳὸν ἀηθείῃ φοβέωνται","ἀθρόοι, ὄφρα κολῳὸν ἀηθείῃ φοβέωνται",tlg0001.tlg001.perseus-grc2.xml
Argonautica,tlg001,2,1065,νεύοντάς τε λόφους καὶ ἐπήορα δούραθʼ ὕπερθεν.,νεύοντάς τε λόφους καὶ ἐπήορα δούραθ’ ὕπερθεν.,tlg0001.tlg001.perseus-grc2.xml
Argonautica,tlg001,2,1066,"εἰ δέ κεν αὐτὴν νῆσον ἱκώμεθα, δὴ τότʼ ἔπειτα","εἰ δέ κεν αὐτὴν νῆσον ἱκώμεθα, δὴ τότ’ ἔπειτα",tlg0001.tlg001.perseus-grc2.xml
Argonautica,tlg001,2,1067,σὺν κελάδῳ σακέεσσι πελώριον ὄρσετε δοῦπον.,σὺν κελάδῳ σακέεσσι πελώριον ὄρσετε δοῦπον.,tlg0001.tlg001.perseus-grc2.xml
Argonautica,tlg001,2,1068,ὧς ἄρʼ ἔφη· πάντεσσι δʼ ἐπίρροθος ἥνδανε μῆτις.,ὧς ἄρ’ ἔφη· πάντεσσι δ’ ἐπίρροθος ἥνδανε μῆτις.,tlg0001.tlg001.perseus-grc2.xml
Argonautica,tlg001,2,1069,ἀμφὶ δὲ χαλκείας κόρυθας κεφαλῇσιν ἔθεντο,ἀμφὶ δὲ χαλκείας κόρυθας κεφαλῇσιν ἔθεντο,tlg0001.tlg001.perseus-grc2.xml
Argonautica,tlg001,2,1070,"δεινὸν λαμπομένας, ἐπὶ δὲ λόφοι ἐσσείοντο","δεινὸν λαμπομένας, ἐπὶ δὲ λόφοι ἐσσείοντο",tlg0001.tlg001.perseus-grc2.xml
Argonautica,tlg001,2,1071,φοινίκεοι. καὶ τοὶ μὲν ἀμοιβήδην ἐλάασκον·,φοινίκεοι. καὶ τοὶ μὲν ἀμοιβήδην ἐλάασκον·,tlg0001.tlg001.perseus-grc2.xml
Argonautica,tlg001,2,1072,τοὶ δʼ αὖτʼ ἐγχείῃσι καὶ ἀσπίσι νῆʼ ἐκάλυψαν.,τοὶ δ’ αὖτ’ ἐγχείῃσι καὶ ἀσπίσι νῆ’ ἐκάλυψαν.,tlg0001.tlg001.perseus-grc2.xml
Argonautica,tlg001,2,1073,"ὡς δʼ ὅτε τις κεράμῳ κατερέψεται ἑρκίον ἀνήρ,","ὡς δ’ ὅτε τις κεράμῳ κατερέψεται ἑρκίον ἀνήρ,",tlg0001.tlg001.perseus-grc2.xml
Argonautica,tlg001,2,1074,"δώματος ἀγλαΐην τε καὶ ὑετοῦ ἔμμεναι ἄλκαρ,","δώματος ἀγλαΐην τε καὶ ὑετοῦ ἔμμεναι ἄλκαρ,",tlg0001.tlg001.perseus-grc2.xml
Argonautica,tlg001,2,1075,ἄλλῳ δʼ ἔμπεδον ἄλλος ὁμῶς ἐπαμοιβὸς ἄρηρεν·,ἄλλῳ δ’ ἔμπεδον ἄλλος ὁμῶς ἐπαμοιβὸς ἄρηρεν·,tlg0001.tlg001.perseus-grc2.xml
Argonautica,tlg001,2,1076,ὧς οἵγʼ ἀσπίσι νῆα συναρτύναντες ἔρεψαν.,ὧς οἵγ’ ἀσπίσι νῆα συναρτύναντες ἔρεψαν.,tlg0001.tlg001.perseus-grc2.xml
Argonautica,tlg001,2,1077,οἵη δὲ κλαγγὴ δῄου πέλει ἐξ ὁμάδοιο,οἵη δὲ κλαγγὴ δῄου πέλει ἐξ ὁμάδοιο,tlg0001.tlg001.perseus-grc2.xml
Argonautica,tlg001,2,1078,"ἀνδρῶν κινυμένων, ὁπότε ξυνίωσι φάλαγγες,","ἀνδρῶν κινυμένων, ὁπότε ξυνίωσι φάλαγγες,",tlg0001.tlg001.perseus-grc2.xml
Argonautica,tlg001,2,1079,τοίη ἄρʼ ὑψόθι νηὸς ἐς ἠέρα κίδνατʼ ἀυτή.,τοίη ἄρ’ ὑψόθι νηὸς ἐς ἠέρα κίδνατ’ ἀυτή.,tlg0001.tlg001.perseus-grc2.xml
Argonautica,tlg001,2,1080,"οὐδέ τινʼ οἰωνῶν ἔτʼ ἐσέδρακον, ἀλλʼ ὅτε νήσῳ","οὐδέ τιν’ οἰωνῶν ἔτ’ ἐσέδρακον, ἀλλ’ ὅτε νήσῳ",tlg0001.tlg001.perseus-grc2.xml
Argonautica,tlg001,2,1081,"χρίμψαντες σακέεσσιν ἐπέκτυπον, αὐτίκʼ ἄρʼ οἵγε","χρίμψαντες σακέεσσιν ἐπέκτυπον, αὐτίκ’ ἄρ’ οἵγε",tlg0001.tlg001.perseus-grc2.xml
Argonautica,tlg001,2,1082,μυρίοι ἔνθα καὶ ἔνθα πεφυζότες ἠερέθοντο.,μυρίοι ἔνθα καὶ ἔνθα πεφυζότες ἠερέθοντο.,tlg0001.tlg001.perseus-grc2.xml
Argonautica,tlg001,2,1083,ὡς δʼ ὁπότε Κρονίδης πυκινὴν ἐφέηκε χάλαζαν,ὡς δ’ ὁπότε Κρονίδης πυκινὴν ἐφέηκε χάλαζαν,tlg0001.tlg001.perseus-grc2.xml
Argonautica,tlg001,2,1084,"ἐκ νεφέων ἀνά τʼ ἄστυ καὶ οἰκία, τοὶ δʼ ὑπὸ τοῖσιν","ἐκ νεφέων ἀνά τ’ ἄστυ καὶ οἰκία, τοὶ δ’ ὑπὸ τοῖσιν",tlg0001.tlg001.perseus-grc2.xml
Argonautica,tlg001,2,1085,ἐνναέται κόναβον τεγέων ὕπερ εἰσαΐοντες,ἐνναέται κόναβον τεγέων ὕπερ εἰσαΐοντες,tlg0001.tlg001.perseus-grc2.xml
Argonautica,tlg001,2,1086,"ἧνται ἀκήν, ἐπεὶ οὔ σφε κατέλλαβε χείματος ὥρη","ἧνται ἀκήν, ἐπεὶ οὔ σφε κατέλλαβε χείματος ὥρη",tlg0001.tlg001.perseus-grc2.xml
Argonautica,tlg001,2,1087,"ἀπροφάτως, ἀλλὰ πρὶν ἐκαρτύναντο μέλαθρον·","ἀπροφάτως, ἀλλὰ πρὶν ἐκαρτύναντο μέλαθρον·",tlg0001.tlg001.perseus-grc2.xml
Argonautica,tlg001,2,1088,ὧς πυκινὰ πτερὰ τοῖσιν ἐφίεσαν ἀίσσοντες,ὧς πυκινὰ πτερὰ τοῖσιν ἐφίεσαν ἀίσσοντες,tlg0001.tlg001.perseus-grc2.xml
Argonautica,tlg001,2,1089,ὕψι μάλʼ ἂμ πέλαγος περάτης εἰς οὔρεα γαίης.,ὕψι μάλ’ ἂμ πέλαγος περάτης εἰς οὔρεα γαίης.,tlg0001.tlg001.perseus-grc2.xml
Argonautica,tlg001,2,1090,"τίς γὰρ δὴ Φινῆος ἔην νόος, ἐνθάδε κέλσαι","τίς γὰρ δὴ Φινῆος ἔην νόος, ἐνθάδε κέλσαι",tlg0001.tlg001.perseus-grc2.xml
Argonautica,tlg001,2,1091,ἀνδρῶν ἡρώων θεῖον στόλον; ἢ καὶ ἔπειτα,ἀνδρῶν ἡρώων θεῖον στόλον; ἢ καὶ ἔπειτα,tlg0001.tlg001.perseus-grc2.xml
Argonautica,tlg001,2,1092,ποῖον ὄνειαρ ἔμελλεν ἐελδομένοισιν ἱκέσθαι;,ποῖον ὄνειαρ ἔμελλεν ἐελδομένοισιν ἱκέσθαι;,tlg0001.tlg001.perseus-grc2.xml
Argonautica,tlg001,2,1093,υἱῆες Φρίξοιο μετὰ πτόλιν Ὀρχομενοῖο,υἱῆες Φρίξοιο μετὰ πτόλιν Ὀρχομενοῖο,tlg0001.tlg001.perseus-grc2.xml
Argonautica,tlg001,2,1094,"ἐξ Αἴης ἐνέοντο παρʼ Αἰήταο Κυταίου,","ἐξ Αἴης ἐνέοντο παρ’ Αἰήταο Κυταίου,",tlg0001.tlg001.perseus-grc2.xml
Argonautica,tlg001,2,1095,"Κολχίδα νῆʼ ἐπιβάντες, ἵνʼ ἄσπετον ὄλβον ἄρωνται","Κολχίδα νῆ’ ἐπιβάντες, ἵν’ ἄσπετον ὄλβον ἄρωνται",tlg0001.tlg001.perseus-grc2.xml
Argonautica,tlg001,2,1096,πατρός· ὁ γὰρ θνῄσκων ἐπετείλατο τήνδε κέλευθον.,πατρός· ὁ γὰρ θνῄσκων ἐπετείλατο τήνδε κέλευθον.,tlg0001.tlg001.perseus-grc2.xml
Argonautica,tlg001,2,1097,καὶ δὴ ἔσαν νήσοιο μάλα σχεδὸν ἤματι κείνῳ.,καὶ δὴ ἔσαν νήσοιο μάλα σχεδὸν ἤματι κείνῳ.,tlg0001.tlg001.perseus-grc2.xml
Argonautica,tlg001,2,1098,"Ζεὺς δʼ ἀνέμου βορέαο μένος κίνησεν ἀῆναι,","Ζεὺς δ’ ἀνέμου βορέαο μένος κίνησεν ἀῆναι,",tlg0001.tlg001.perseus-grc2.xml
Argonautica,tlg001,2,1099,ὕδατι σημαίνων διερὴν ὁδὸν Ἀρκτούροιο·,ὕδατι σημαίνων διερὴν ὁδὸν Ἀρκτούροιο·,tlg0001.tlg001.perseus-grc2.xml
Argonautica,tlg001,2,1100,αὐτὰρ ὅγʼ ἠμάτιος μὲν ἐν οὔρεσι φύλλʼ ἐτίνασσεν,αὐτὰρ ὅγ’ ἠμάτιος μὲν ἐν οὔρεσι φύλλ’ ἐτίνασσεν,tlg0001.tlg001.perseus-grc2.xml
Argonautica,tlg001,2,1101,τυτθὸν ἐπʼ ἀκροτάτοισιν ἀήσυρος ἀκρεμόνεσσιν·,τυτθὸν ἐπ’ ἀκροτάτοισιν ἀήσυρος ἀκρεμόνεσσιν·,tlg0001.tlg001.perseus-grc2.xml
Argonautica,tlg001,2,1102,"νυκτὶ δʼ ἔβη πόντονδε πελώριος, ὦρσε δὲ κῦμα","νυκτὶ δ’ ἔβη πόντονδε πελώριος, ὦρσε δὲ κῦμα",tlg0001.tlg001.perseus-grc2.xml
Argonautica,tlg001,2,1103,κεκληγὼς πνοιῇσι· κελαινὴ δʼ οὐρανὸν ἀχλὺς,κεκληγὼς πνοιῇσι· κελαινὴ δ’ οὐρανὸν ἀχλὺς,tlg0001.tlg001.perseus-grc2.xml
Argonautica,tlg001,2,1104,"ἄμπεχεν, οὐδέ πῃ ἄστρα διαυγέα φαίνετʼ ἰδέσθαι","ἄμπεχεν, οὐδέ πῃ ἄστρα διαυγέα φαίνετ’ ἰδέσθαι",tlg0001.tlg001.perseus-grc2.xml
Argonautica,tlg001,2,1105,"ἐκ νεφέων, σκοτόεις δὲ περὶ ζόφος ἠρήρειστο.","ἐκ νεφέων, σκοτόεις δὲ περὶ ζόφος ἠρήρειστο.",tlg0001.tlg001.perseus-grc2.xml
Argonautica,tlg001,2,1106,"οἱ δʼ ἄρα μυδαλέοι, στυγερὸν τρομέοντες ὄλεθρον,","οἱ δ’ ἄρα μυδαλέοι, στυγερὸν τρομέοντες ὄλεθρον,",tlg0001.tlg001.perseus-grc2.xml
Argonautica,tlg001,2,1107,υἱῆες Φρίξοιο φέρονθʼ ὑπὸ κύμασιν αὔτως.,υἱῆες Φρίξοιο φέρονθ’ ὑπὸ κύμασιν αὔτως.,tlg0001.tlg001.perseus-grc2.xml
Argonautica,tlg001,2,1108,"ἱστία δʼ ἐξήρπαξʼ ἀνέμου μένος, ἠδὲ καὶ αὐτὴν","ἱστία δ’ ἐξήρπαξ’ ἀνέμου μένος, ἠδὲ καὶ αὐτὴν",tlg0001.tlg001.perseus-grc2.xml
Argonautica,tlg001,2,1109,νῆα διάνδιχʼ ἔαξε τινασσομένην ῥοθίοισιν.,νῆα διάνδιχ’ ἔαξε τινασσομένην ῥοθίοισιν.,tlg0001.tlg001.perseus-grc2.xml
Argonautica,tlg001,2,1110,ἔνθα δʼ ὑπʼ ἐννεσίῃσι θεῶν πίσυρές περ ἐόντες,ἔνθα δ’ ὑπ’ ἐννεσίῃσι θεῶν πίσυρές περ ἐόντες,tlg0001.tlg001.perseus-grc2.xml
Argonautica,tlg001,2,1111,"δούρατος ὠρέξαντο πελωρίου, οἷά τε πολλὰ","δούρατος ὠρέξαντο πελωρίου, οἷά τε πολλὰ",tlg0001.tlg001.perseus-grc2.xml
Argonautica,tlg001,2,1112,ῥαισθείσης κεκέδαστο θόοις συναρηρότα γόμφοις.,ῥαισθείσης κεκέδαστο θόοις συναρηρότα γόμφοις.,tlg0001.tlg001.perseus-grc2.xml
Argonautica,tlg001,2,1113,"καὶ τοὺς μὲν νῆσόνδε, παρὲξ ὀλίγον θανάτοιο,","καὶ τοὺς μὲν νῆσόνδε, παρὲξ ὀλίγον θανάτοιο,",tlg0001.tlg001.perseus-grc2.xml
Argonautica,tlg001,2,1114,κύματα καὶ ῥιπαὶ ἀνέμου φέρον ἀσχαλόωντας.,κύματα καὶ ῥιπαὶ ἀνέμου φέρον ἀσχαλόωντας.,tlg0001.tlg001.perseus-grc2.xml
Argonautica,tlg001,2,1115,"αὐτίκα δʼ ἐρράγη ὄμβρος ἀθέσφατος, ὗε δὲ πόντον","αὐτίκα δ’ ἐρράγη ὄμβρος ἀθέσφατος, ὗε δὲ πόντον",tlg0001.tlg001.perseus-grc2.xml
Argonautica,tlg001,2,1116,καὶ νῆσον καὶ πᾶσαν ὅσην κατεναντία νήσου,καὶ νῆσον καὶ πᾶσαν ὅσην κατεναντία νήσου,tlg0001.tlg001.perseus-grc2.xml
Argonautica,tlg001,2,1117,χώρην Μοσσύνοικοι ὑπέρβιοι ἀμφενέμοντο.,χώρην Μοσσύνοικοι ὑπέρβιοι ἀμφενέμοντο.,tlg0001.tlg001.perseus-grc2.xml
Argonautica,tlg001,2,1118,τοὺς δʼ ἄμυδις κρατερῷ σὺν δούρατι κύματος ὁρμὴ,τοὺς δ’ ἄμυδις κρατερῷ σὺν δούρατι κύματος ὁρμὴ,tlg0001.tlg001.perseus-grc2.xml
Argonautica,tlg001,2,1119,υἱῆας Φρίξοιο μετʼ ἠιόνας βάλε νήσου,υἱῆας Φρίξοιο μετ’ ἠιόνας βάλε νήσου,tlg0001.tlg001.perseus-grc2.xml
Argonautica,tlg001,2,1120,νύχθʼ ὕπο λυγαίην· τὸ δὲ μυρίον ἐκ Διὸς ὕδωρ,νύχθ’ ὕπο λυγαίην· τὸ δὲ μυρίον ἐκ Διὸς ὕδωρ,tlg0001.tlg001.perseus-grc2.xml
Argonautica,tlg001,2,1121,λῆξεν ἅμʼ ἠελίῳ· τάχα δʼ ἐγγύθεν ἀντεβόλησαν,λῆξεν ἅμ’ ἠελίῳ· τάχα δ’ ἐγγύθεν ἀντεβόλησαν,tlg0001.tlg001.perseus-grc2.xml
Argonautica,tlg001,2,1122,"ἀλλήλοις, Ἄργος δὲ παροίτατος ἔκφατο μῦθον·","ἀλλήλοις, Ἄργος δὲ παροίτατος ἔκφατο μῦθον·",tlg0001.tlg001.perseus-grc2.xml
Argonautica,tlg001,2,1123,"Ἀντόμεθα πρὸς Ζηνὸς Ἐποψίου, οἵτινές ἐστε","Ἀντόμεθα πρὸς Ζηνὸς Ἐποψίου, οἵτινές ἐστε",tlg0001.tlg001.perseus-grc2.xml
Argonautica,tlg001,2,1124,"ἀνδρῶν, εὐμενέειν τε καὶ ἀρκέσσαι χατέουσιν.","ἀνδρῶν, εὐμενέειν τε καὶ ἀρκέσσαι χατέουσιν.",tlg0001.tlg001.perseus-grc2.xml
Argonautica,tlg001,2,1125,πόντῳ γὰρ τρηχεῖαι ἐπιβρίσασαι ἄελλαι,πόντῳ γὰρ τρηχεῖαι ἐπιβρίσασαι ἄελλαι,tlg0001.tlg001.perseus-grc2.xml
Argonautica,tlg001,2,1126,"νηὸς ἀεικελίης διὰ δούρατα πάντʼ ἐκέδασσαν,","νηὸς ἀεικελίης διὰ δούρατα πάντ’ ἐκέδασσαν,",tlg0001.tlg001.perseus-grc2.xml
Argonautica,tlg001,2,1127,ᾗ ἔνι πείρομεν οἶμον ἐπὶ χρέος ἐμβεβαῶτες.,ᾗ ἔνι πείρομεν οἶμον ἐπὶ χρέος ἐμβεβαῶτες.,tlg0001.tlg001.perseus-grc2.xml
Argonautica,tlg001,2,1128,"τούνεκα νῦν ὑμέας γουναζόμεθʼ, αἴ κε πίθησθε,","τούνεκα νῦν ὑμέας γουναζόμεθ’, αἴ κε πίθησθε,",tlg0001.tlg001.perseus-grc2.xml
Argonautica,tlg001,2,1129,"δοῦναι ὅσον τʼ εἴλυμα περὶ χροός, ἠδὲ κομίσσαι","δοῦναι ὅσον τ’ εἴλυμα περὶ χροός, ἠδὲ κομίσσαι",tlg0001.tlg001.perseus-grc2.xml
Argonautica,tlg001,2,1130,ἀνέρας οἰκτείραντας ὁμήλικας ἐν κακότητι.,ἀνέρας οἰκτείραντας ὁμήλικας ἐν κακότητι.,tlg0001.tlg001.perseus-grc2.xml
Argonautica,tlg001,2,1131,ἀλλʼ ἱκέτας ξείνους Διὸς εἵνεκεν αἰδέσσασθε,ἀλλ’ ἱκέτας ξείνους Διὸς εἵνεκεν αἰδέσσασθε,tlg0001.tlg001.perseus-grc2.xml
Argonautica,tlg001,2,1132,ξεινίου Ἱκεσίου τε· Διὸς δʼ ἄμφω ἱκέται τε,ξεινίου Ἱκεσίου τε· Διὸς δ’ ἄμφω ἱκέται τε,tlg0001.tlg001.perseus-grc2.xml
Argonautica,tlg001,2,1133,καὶ ξεῖνοι· ὁ δέ που καὶ ἐπόψιος ἄμμι τέτυκται.,καὶ ξεῖνοι· ὁ δέ που καὶ ἐπόψιος ἄμμι τέτυκται.,tlg0001.tlg001.perseus-grc2.xml
Argonautica,tlg001,2,1134,"τὸν δʼ αὖτʼ Αἴσονος υἱὸς ἐπιφραδέως ἐρέεινεν,","τὸν δ’ αὖτ’ Αἴσονος υἱὸς ἐπιφραδέως ἐρέεινεν,",tlg0001.tlg001.perseus-grc2.xml
Argonautica,tlg001,2,1135,μαντοσύνας Φινῆος ὀισσάμενος τελέεσθαι·,μαντοσύνας Φινῆος ὀισσάμενος τελέεσθαι·,tlg0001.tlg001.perseus-grc2.xml
Argonautica,tlg001,2,1136,ταῦτα μὲν αὐτίκα πάντα παρέξομεν εὐμενέοντες.,ταῦτα μὲν αὐτίκα πάντα παρέξομεν εὐμενέοντες.,tlg0001.tlg001.perseus-grc2.xml
Argonautica,tlg001,2,1137,"ἀλλʼ ἄγε μοι κατάλεξον ἐτήτυμον, ὁππόθι γαίης","ἀλλ’ ἄγε μοι κατάλεξον ἐτήτυμον, ὁππόθι γαίης",tlg0001.tlg001.perseus-grc2.xml
Argonautica,tlg001,2,1138,"ναίετε, καὶ χρέος οἷον ὑπεὶρ ἅλα νεῖσθαι ἀνώγει,","ναίετε, καὶ χρέος οἷον ὑπεὶρ ἅλα νεῖσθαι ἀνώγει,",tlg0001.tlg001.perseus-grc2.xml
Argonautica,tlg001,2,1139,"αὐτῶν θʼ ὑμείων ὄνομα κλυτόν, ἠδὲ γενέθλην.","αὐτῶν θ’ ὑμείων ὄνομα κλυτόν, ἠδὲ γενέθλην.",tlg0001.tlg001.perseus-grc2.xml
Argonautica,tlg001,2,1140,τὸν δʼ Ἄργος προσέειπεν ἀμηχανέων κακότητι·,τὸν δ’ Ἄργος προσέειπεν ἀμηχανέων κακότητι·,tlg0001.tlg001.perseus-grc2.xml
Argonautica,tlg001,2,1141,Αἰολίδην Φρίξον τινʼ ἀφʼ Ἑλλάδος Αἶαν ἱκέσθαι,Αἰολίδην Φρίξον τιν’ ἀφ’ Ἑλλάδος Αἶαν ἱκέσθαι,tlg0001.tlg001.perseus-grc2.xml
Argonautica,tlg001,2,1142,"ἀτρεκέως δοκέω που ἀκούετε καὶ πάρος αὐτοί,","ἀτρεκέως δοκέω που ἀκούετε καὶ πάρος αὐτοί,",tlg0001.tlg001.perseus-grc2.xml
Argonautica,tlg001,2,1143,"Φρίξον, ὅτις πτολίεθρον ἀνήλυθεν Αἰήταο,","Φρίξον, ὅτις πτολίεθρον ἀνήλυθεν Αἰήταο,",tlg0001.tlg001.perseus-grc2.xml
Argonautica,tlg001,2,1144,"κριοῦ ἐπεμβεβαώς, τόν ῥα χρύσειον ἔθηκεν","κριοῦ ἐπεμβεβαώς, τόν ῥα χρύσειον ἔθηκεν",tlg0001.tlg001.perseus-grc2.xml
Argonautica,tlg001,2,1145,Ἑρμείας· κῶας δὲ καὶ εἰσέτι νῦν κεν ἴδοισθε.,Ἑρμείας· κῶας δὲ καὶ εἰσέτι νῦν κεν ἴδοισθε.,tlg0001.tlg001.perseus-grc2.xml
Argonautica,tlg001,2,1146,τὸν μὲν ἔπειτʼ ἔρρεξεν ἑῇς ὑποθημοσύνῃσιν,τὸν μὲν ἔπειτ’ ἔρρεξεν ἑῇς ὑποθημοσύνῃσιν,tlg0001.tlg001.perseus-grc2.xml
Argonautica,tlg001,2,1147,Φυξίῳ ἐκ πάντων Κρονίδῃ Διί. καί μιν ἔδεκτο,Φυξίῳ ἐκ πάντων Κρονίδῃ Διί. καί μιν ἔδεκτο,tlg0001.tlg001.perseus-grc2.xml
Argonautica,tlg001,2,1148,"Αἰήτης μεγάρῳ, κούρην τέ οἱ ἐγγυάλιξεν","Αἰήτης μεγάρῳ, κούρην τέ οἱ ἐγγυάλιξεν",tlg0001.tlg001.perseus-grc2.xml
Argonautica,tlg001,2,1149,Χαλκιόπην ἀνάεδνον ἐυφροσύνῃσι νόοιο.,Χαλκιόπην ἀνάεδνον ἐυφροσύνῃσι νόοιο.,tlg0001.tlg001.perseus-grc2.xml
Argonautica,tlg001,2,1150,τῶν ἐξ ἀμφοτέρων εἰμὲν γένος. ἀλλʼ ὁ μὲν ἤδη,τῶν ἐξ ἀμφοτέρων εἰμὲν γένος. ἀλλ’ ὁ μὲν ἤδη,tlg0001.tlg001.perseus-grc2.xml
Argonautica,tlg001,2,1151,γηραιὸς θάνε Φρίξος ἐν Αἰήταο δόμοισιν·,γηραιὸς θάνε Φρίξος ἐν Αἰήταο δόμοισιν·,tlg0001.tlg001.perseus-grc2.xml
Argonautica,tlg001,2,1152,ἡμεῖς δʼ αὐτίκα πατρὸς ἐφετμάων ἀλέγοντες,ἡμεῖς δ’ αὐτίκα πατρὸς ἐφετμάων ἀλέγοντες,tlg0001.tlg001.perseus-grc2.xml
Argonautica,tlg001,2,1153,νεύμεθʼ ἐς Ὀρχομενὸν κτεάνων Ἀθάμαντος ἕκητι.,νεύμεθ’ ἐς Ὀρχομενὸν κτεάνων Ἀθάμαντος ἕκητι.,tlg0001.tlg001.perseus-grc2.xml
Argonautica,tlg001,2,1154,"εἰ δὲ καὶ οὔνομα δῆθεν ἐπιθύεις δεδαῆσθαι,","εἰ δὲ καὶ οὔνομα δῆθεν ἐπιθύεις δεδαῆσθαι,",tlg0001.tlg001.perseus-grc2.xml
Argonautica,tlg001,2,1155,"τῷδε Κυτίσσωρος πέλει οὔνομα, τῷ δέ τε Φρόντις,","τῷδε Κυτίσσωρος πέλει οὔνομα, τῷ δέ τε Φρόντις,",tlg0001.tlg001.perseus-grc2.xml
Argonautica,tlg001,2,1156,τῷ δὲ Μέλας· ἐμὲ δʼ αὐτὸν ἐπικλείοιτέ κεν Ἄργον.,τῷ δὲ Μέλας· ἐμὲ δ’ αὐτὸν ἐπικλείοιτέ κεν Ἄργον.,tlg0001.tlg001.perseus-grc2.xml
Argonautica,tlg001,2,1157,"ὧς φάτʼ· ἀριστῆες δὲ συνηβολίῃ κεχάροντο,","ὧς φάτ’· ἀριστῆες δὲ συνηβολίῃ κεχάροντο,",tlg0001.tlg001.perseus-grc2.xml
Argonautica,tlg001,2,1158,καί σφεας ἀμφίεπον περιθαμβέες. αὐτὰρ Ἰήσων,καί σφεας ἀμφίεπον περιθαμβέες. αὐτὰρ Ἰήσων,tlg0001.tlg001.perseus-grc2.xml
Argonautica,tlg001,2,1159,ἐξαῦτις κατὰ μοῖραν ἀμείψατο τοῖσδʼ ἐπέεσσιν·,ἐξαῦτις κατὰ μοῖραν ἀμείψατο τοῖσδ’ ἐπέεσσιν·,tlg0001.tlg001.perseus-grc2.xml
Argonautica,tlg001,2,1160,ἦ ἄρα δὴ γνωτοὶ πατρώιοι ἄμμιν ἐόντες,ἦ ἄρα δὴ γνωτοὶ πατρώιοι ἄμμιν ἐόντες,tlg0001.tlg001.perseus-grc2.xml
Argonautica,tlg001,2,1161,λίσσεσθʼ εὐμενέοντας ἐπαρκέσσαι κακότητα.,λίσσεσθ’ εὐμενέοντας ἐπαρκέσσαι κακότητα.,tlg0001.tlg001.perseus-grc2.xml
Argonautica,tlg001,2,1162,Κρηθεὺς γάρ ῥʼ Ἀθάμας τε κασίγνητοι γεγάασιν.,Κρηθεὺς γάρ ῥ’ Ἀθάμας τε κασίγνητοι γεγάασιν.,tlg0001.tlg001.perseus-grc2.xml
Argonautica,tlg001,2,1163,Κρηθῆος δʼ υἱωνὸς ἐγὼ σὺν τοισίδʼ ἑταίροις,Κρηθῆος δ’ υἱωνὸς ἐγὼ σὺν τοισίδ’ ἑταίροις,tlg0001.tlg001.perseus-grc2.xml
Argonautica,tlg001,2,1164,Ἑλλάδος ἐξ αὐτῆς νέομʼ ἐς πόλιν Αἰήταο.,Ἑλλάδος ἐξ αὐτῆς νέομ’ ἐς πόλιν Αἰήταο.,tlg0001.tlg001.perseus-grc2.xml
Argonautica,tlg001,2,1165,ἀλλὰ τὰ μὲν καὶ ἐσαῦτις ἐνίφομεν ἀλλήλοισιν.,ἀλλὰ τὰ μὲν καὶ ἐσαῦτις ἐνίφομεν ἀλλήλοισιν.,tlg0001.tlg001.perseus-grc2.xml
Argonautica,tlg001,2,1166,νῦν δʼ ἕσσασθε πάροιθεν· ὑπʼ ἐννεσίῃσι δʼ ὀίω,νῦν δ’ ἕσσασθε πάροιθεν· ὑπ’ ἐννεσίῃσι δ’ ὀίω,tlg0001.tlg001.perseus-grc2.xml
Argonautica,tlg001,2,1167,ἀθανάτων ἐς χεῖρας ἐμὰς χατέοντας ἱκέσθαι.,ἀθανάτων ἐς χεῖρας ἐμὰς χατέοντας ἱκέσθαι.,tlg0001.tlg001.perseus-grc2.xml
Argonautica,tlg001,2,1168,"ἦ ῥα, καὶ ἐκ νηὸς δῶκέ σφισιν εἵματα δῦναι.","ἦ ῥα, καὶ ἐκ νηὸς δῶκέ σφισιν εἵματα δῦναι.",tlg0001.tlg001.perseus-grc2.xml
Argonautica,tlg001,2,1169,"πασσυδίῃ δἤπειτα κίον μετὰ νηὸν Ἄρηος,","πασσυδίῃ δἤπειτα κίον μετὰ νηὸν Ἄρηος,",tlg0001.tlg001.perseus-grc2.xml
Argonautica,tlg001,2,1170,μῆλʼ ἱερευσόμενοι· περὶ δʼ ἐσχάρῃ ἐστήσαντο,μῆλ’ ἱερευσόμενοι· περὶ δ’ ἐσχάρῃ ἐστήσαντο,tlg0001.tlg001.perseus-grc2.xml
Argonautica,tlg001,2,1171,"ἐσσυμένως, ἥ τʼ ἐκτὸς ἀνηρεφέος πέλε νηοῦ","ἐσσυμένως, ἥ τ’ ἐκτὸς ἀνηρεφέος πέλε νηοῦ",tlg0001.tlg001.perseus-grc2.xml
Argonautica,tlg001,2,1172,στιάων· εἴσω δὲ μέλας λίθος ἠρήρειστο,στιάων· εἴσω δὲ μέλας λίθος ἠρήρειστο,tlg0001.tlg001.perseus-grc2.xml
Argonautica,tlg001,2,1173,"ἱερός, ᾧ ποτε πᾶσαι Ἀμαζόνες εὐχετόωντο.","ἱερός, ᾧ ποτε πᾶσαι Ἀμαζόνες εὐχετόωντο.",tlg0001.tlg001.perseus-grc2.xml
Argonautica,tlg001,2,1174,"οὐδέ σφιν θέμις ἦεν, ὅτʼ ἀντιπέρηθεν ἵκοιντο,","οὐδέ σφιν θέμις ἦεν, ὅτ’ ἀντιπέρηθεν ἵκοιντο,",tlg0001.tlg001.perseus-grc2.xml
Argonautica,tlg001,2,1175,μήλων τʼ ἠδὲ βοῶν τῇδʼ ἐσχάρῃ ἱερὰ καίειν·,μήλων τ’ ἠδὲ βοῶν τῇδ’ ἐσχάρῃ ἱερὰ καίειν·,tlg0001.tlg001.perseus-grc2.xml
Argonautica,tlg001,2,1176,"ἀλλʼ ἵππους δαίτρευον, ἐπηετανὸν κομέουσαι.","ἀλλ’ ἵππους δαίτρευον, ἐπηετανὸν κομέουσαι.",tlg0001.tlg001.perseus-grc2.xml
Argonautica,tlg001,2,1177,"αὐτὰρ ἐπεὶ ῥέξαντες ἐπαρτέα δαῖτʼ ἐπάσαντο,","αὐτὰρ ἐπεὶ ῥέξαντες ἐπαρτέα δαῖτ’ ἐπάσαντο,",tlg0001.tlg001.perseus-grc2.xml
Argonautica,tlg001,2,1178,"δὴ τότ ἄρʼ Αἰσονίδης μετεφώνεεν, ἦρχέ τε μύθων·","δὴ τότ ἄρ’ Αἰσονίδης μετεφώνεεν, ἦρχέ τε μύθων·",tlg0001.tlg001.perseus-grc2.xml
Argonautica,tlg001,2,1179,Ζεὺς ἐτεῇ τὰ ἕκαστʼ ἐπιδέρκεται· οὐδέ μιν ἄνδρες,Ζεὺς ἐτεῇ τὰ ἕκαστ’ ἐπιδέρκεται· οὐδέ μιν ἄνδρες,tlg0001.tlg001.perseus-grc2.xml
Argonautica,tlg001,2,1180,"λήθομεν ἔμπεδον, οἵ τε θεουδέες οὐδὲ δίκαιοι.","λήθομεν ἔμπεδον, οἵ τε θεουδέες οὐδὲ δίκαιοι.",tlg0001.tlg001.perseus-grc2.xml
Argonautica,tlg001,2,1181,ὡς μὲν γὰρ πατέρʼ ὑμὸν ὑπεξείρυτο φόνοιο,ὡς μὲν γὰρ πατέρ’ ὑμὸν ὑπεξείρυτο φόνοιο,tlg0001.tlg001.perseus-grc2.xml
Argonautica,tlg001,2,1182,"μητρυιῆς, καὶ νόσφιν ἀπειρέσιον πόρεν ὄλβον·","μητρυιῆς, καὶ νόσφιν ἀπειρέσιον πόρεν ὄλβον·",tlg0001.tlg001.perseus-grc2.xml
Argonautica,tlg001,2,1183,ὧς δὲ καὶ ὑμέας αὖτις ἀπήμονας ἐξεσάωσεν,ὧς δὲ καὶ ὑμέας αὖτις ἀπήμονας ἐξεσάωσεν,tlg0001.tlg001.perseus-grc2.xml
Argonautica,tlg001,2,1184,χείματος οὐλομένοιο. πάρεστι δὲ τῆσδʼ ἐπὶ νηὸς,χείματος οὐλομένοιο. πάρεστι δὲ τῆσδ’ ἐπὶ νηὸς,tlg0001.tlg001.perseus-grc2.xml
Argonautica,tlg001,2,1185,"ἔνθα καὶ ἔνθα νέεσθαι, ὅπῃ φίλον, εἴτε μετʼ Αἶαν,","ἔνθα καὶ ἔνθα νέεσθαι, ὅπῃ φίλον, εἴτε μετ’ Αἶαν,",tlg0001.tlg001.perseus-grc2.xml
Argonautica,tlg001,2,1186,εἶτε μετʼ ἀφνειὴν θείου πόλιν Ὀρχομενοῖο.,εἶτε μετ’ ἀφνειὴν θείου πόλιν Ὀρχομενοῖο.,tlg0001.tlg001.perseus-grc2.xml
Argonautica,tlg001,2,1187,"τὴν γὰρ Ἀθηναίη τεχνήσατο, καὶ τάμε χαλκῷ","τὴν γὰρ Ἀθηναίη τεχνήσατο, καὶ τάμε χαλκῷ",tlg0001.tlg001.perseus-grc2.xml
Argonautica,tlg001,2,1188,δούρατα Πηλιάδος κορυφῆς πέρι· σὺν δέ οἱ Ἄργος,δούρατα Πηλιάδος κορυφῆς πέρι· σὺν δέ οἱ Ἄργος,tlg0001.tlg001.perseus-grc2.xml
Argonautica,tlg001,2,1189,"τεῦξεν. ἀτὰρ κείνην γε κακὸν διὰ κῦμʼ ἐκέδασσεν,","τεῦξεν. ἀτὰρ κείνην γε κακὸν διὰ κῦμ’ ἐκέδασσεν,",tlg0001.tlg001.perseus-grc2.xml
Argonautica,tlg001,2,1190,"πρὶν καὶ πετράων σχεδὸν ἐλθεῖν, αἵ τʼ ἐνὶ πόντῳ","πρὶν καὶ πετράων σχεδὸν ἐλθεῖν, αἵ τ’ ἐνὶ πόντῳ",tlg0001.tlg001.perseus-grc2.xml
Argonautica,tlg001,2,1191,στεινωπῷ συνίασι πανήμεροι ἀλλήλῃσιν.,στεινωπῷ συνίασι πανήμεροι ἀλλήλῃσιν.,tlg0001.tlg001.perseus-grc2.xml
Argonautica,tlg001,2,1192,ἀλλʼ ἄγεθʼ ὧδε καὶ αὐτοὶ ἐς Ἑλλάδα μαιομένοισιν,ἀλλ’ ἄγεθ’ ὧδε καὶ αὐτοὶ ἐς Ἑλλάδα μαιομένοισιν,tlg0001.tlg001.perseus-grc2.xml
Argonautica,tlg001,2,1193,κῶας ἄγειν χρύσειον ἐπίρροθοι ἄμμι πέλεσθε,κῶας ἄγειν χρύσειον ἐπίρροθοι ἄμμι πέλεσθε,tlg0001.tlg001.perseus-grc2.xml
Argonautica,tlg001,2,1194,"καὶ πλόου ἡγεμονῆες, ἐπεὶ Φρίξοιο θυηλὰς","καὶ πλόου ἡγεμονῆες, ἐπεὶ Φρίξοιο θυηλὰς",tlg0001.tlg001.perseus-grc2.xml
Argonautica,tlg001,2,1195,"στέλλομαι ἀμπλήσων, Ζηνὸς χόλον Αἰολίδῃσιν.","στέλλομαι ἀμπλήσων, Ζηνὸς χόλον Αἰολίδῃσιν.",tlg0001.tlg001.perseus-grc2.xml
Argonautica,tlg001,2,1196,ἴσκε παρηγορέων· οἱ δʼ ἔστυγον εἰσαΐοντες.,ἴσκε παρηγορέων· οἱ δ’ ἔστυγον εἰσαΐοντες.,tlg0001.tlg001.perseus-grc2.xml
Argonautica,tlg001,2,1197,οὐ γὰρ ἔφαν τεύξεσθαι ἐνηέος Αἰήταο,οὐ γὰρ ἔφαν τεύξεσθαι ἐνηέος Αἰήταο,tlg0001.tlg001.perseus-grc2.xml
Argonautica,tlg001,2,1198,"κῶας ἄγειν κριοῖο μεμαότας, ὧδε δʼ ἔειπεν","κῶας ἄγειν κριοῖο μεμαότας, ὧδε δ’ ἔειπεν",tlg0001.tlg001.perseus-grc2.xml
Argonautica,tlg001,2,1199,"Ἄργος, ἀτεμβόμενος τοῖον στόλον ἀμφιπένεσθαι·","Ἄργος, ἀτεμβόμενος τοῖον στόλον ἀμφιπένεσθαι·",tlg0001.tlg001.perseus-grc2.xml
Argonautica,tlg001,2,1200,"ὦ φίλοι, ἡμέτερον μὲν ὅσον σθένος, οὔποτʼ ἀρωγῆς","ὦ φίλοι, ἡμέτερον μὲν ὅσον σθένος, οὔποτ’ ἀρωγῆς",tlg0001.tlg001.perseus-grc2.xml
Argonautica,tlg001,2,1201,"σχήσεται, οὐδʼ ἠβαιόν, ὅτε χρειώ τις ἵκηται.","σχήσεται, οὐδ’ ἠβαιόν, ὅτε χρειώ τις ἵκηται.",tlg0001.tlg001.perseus-grc2.xml
Argonautica,tlg001,2,1202,ἀλλʼ αἰνῶς ὀλοῇσιν ἀπηνείῃσιν ἄρηρεν,ἀλλ’ αἰνῶς ὀλοῇσιν ἀπηνείῃσιν ἄρηρεν,tlg0001.tlg001.perseus-grc2.xml
Argonautica,tlg001,2,1203,Αἰήτης· τῶ καὶ περιδείδια ναυτίλλεσθαι.,Αἰήτης· τῶ καὶ περιδείδια ναυτίλλεσθαι.,tlg0001.tlg001.perseus-grc2.xml
Argonautica,tlg001,2,1204,στεῦται δʼ Ἠελίου γόνος ἔμμεναι· ἀμφὶ δὲ Κόλχων,στεῦται δ’ Ἠελίου γόνος ἔμμεναι· ἀμφὶ δὲ Κόλχων,tlg0001.tlg001.perseus-grc2.xml
Argonautica,tlg001,2,1205,ἔθνεα ναιετάουσιν ἀπείρονα· καὶ δέ κεν Ἄρει,ἔθνεα ναιετάουσιν ἀπείρονα· καὶ δέ κεν Ἄρει,tlg0001.tlg001.perseus-grc2.xml
Argonautica,tlg001,2,1206,σμερδαλέην ἐνοπὴν μέγα τε σθένος ἰσοφαρίζοι.,σμερδαλέην ἐνοπὴν μέγα τε σθένος ἰσοφαρίζοι.,tlg0001.tlg001.perseus-grc2.xml
Argonautica,tlg001,2,1207,οὐ μὰν οὐδʼ ἀπάνευθεν ἑλεῖν δέρος Αἰήταο,οὐ μὰν οὐδ’ ἀπάνευθεν ἑλεῖν δέρος Αἰήταο,tlg0001.tlg001.perseus-grc2.xml
Argonautica,tlg001,2,1208,"ῥηίδιον, τοῖός μιν ὄφις περί τʼ ἀμφί τʼ ἔρυται","ῥηίδιον, τοῖός μιν ὄφις περί τ’ ἀμφί τ’ ἔρυται",tlg0001.tlg001.perseus-grc2.xml
Argonautica,tlg001,2,1209,"ἀθάνατος καὶ ἄυπνος, ὃν αὐτὴ Γαῖʼ ἀνέφυσεν","ἀθάνατος καὶ ἄυπνος, ὃν αὐτὴ Γαῖ’ ἀνέφυσεν",tlg0001.tlg001.perseus-grc2.xml
Argonautica,tlg001,2,1210,"Καυκάσου ἐν κνημοῖσι, Τυφαονίη ὅθι πέτρη,","Καυκάσου ἐν κνημοῖσι, Τυφαονίη ὅθι πέτρη,",tlg0001.tlg001.perseus-grc2.xml
Argonautica,tlg001,2,1211,ἔνθα Τυφάονά φασι Διὸς Κρονίδαο κεραυνῷ,ἔνθα Τυφάονά φασι Διὸς Κρονίδαο κεραυνῷ,tlg0001.tlg001.perseus-grc2.xml
Argonautica,tlg001,2,1212,"βλήμενον, ὁππότε οἱ στιβαρὰς ἐπορέξατο χεῖρας,","βλήμενον, ὁππότε οἱ στιβαρὰς ἐπορέξατο χεῖρας,",tlg0001.tlg001.perseus-grc2.xml
Argonautica,tlg001,2,1213,θερμὸν ἀπὸ κρατὸς στάξαι φόνον· ἵκετο δʼ αὔτως,θερμὸν ἀπὸ κρατὸς στάξαι φόνον· ἵκετο δ’ αὔτως,tlg0001.tlg001.perseus-grc2.xml
Argonautica,tlg001,2,1214,"οὔρεα καὶ πεδίον Νυσήιον, ἔνθʼ ἔτι νῦν περ","οὔρεα καὶ πεδίον Νυσήιον, ἔνθ’ ἔτι νῦν περ",tlg0001.tlg001.perseus-grc2.xml
Argonautica,tlg001,2,1215,κεῖται ὑποβρύχιος Σερβωνίδος ὕδασι λίμνης.,κεῖται ὑποβρύχιος Σερβωνίδος ὕδασι λίμνης.,tlg0001.tlg001.perseus-grc2.xml
Argonautica,tlg001,2,1216,ὧς ἄρʼ ἔφη· πολέεσσι δʼ ἐπὶ χλόος εἷλε παρειὰς,ὧς ἄρ’ ἔφη· πολέεσσι δ’ ἐπὶ χλόος εἷλε παρειὰς,tlg0001.tlg001.perseus-grc2.xml
Argonautica,tlg001,2,1217,"αὐτίκα, τοῖον ἄεθλον ὅτʼ ἔκλυον. αἶψα δὲ Πηλεὺς","αὐτίκα, τοῖον ἄεθλον ὅτ’ ἔκλυον. αἶψα δὲ Πηλεὺς",tlg0001.tlg001.perseus-grc2.xml
Argonautica,tlg001,2,1218,"θαρσαλέοις ἐπέεσσιν ἀμείψατο, φώνησέν τε·","θαρσαλέοις ἐπέεσσιν ἀμείψατο, φώνησέν τε·",tlg0001.tlg001.perseus-grc2.xml
Argonautica,tlg001,2,1219,"μηδʼ οὕτως, ἠθεῖε, λίην δειδίσσεο θυμῷ.","μηδ’ οὕτως, ἠθεῖε, λίην δειδίσσεο θυμῷ.",tlg0001.tlg001.perseus-grc2.xml
Argonautica,tlg001,2,1220,"οὔτε γὰρ ὧδʼ ἀλκὴν ἐπιδευόμεθʼ, ὥστε χερείους","οὔτε γὰρ ὧδ’ ἀλκὴν ἐπιδευόμεθ’, ὥστε χερείους",tlg0001.tlg001.perseus-grc2.xml
Argonautica,tlg001,2,1221,ἔμμεναι Αἰήταο σὺν ἔντεσι πειρηθῆναι.,ἔμμεναι Αἰήταο σὺν ἔντεσι πειρηθῆναι.,tlg0001.tlg001.perseus-grc2.xml
Argonautica,tlg001,2,1222,ἀλλὰ καὶ ἡμέας οἴω ἐπισταμένους πολέμοιο,ἀλλὰ καὶ ἡμέας οἴω ἐπισταμένους πολέμοιο,tlg0001.tlg001.perseus-grc2.xml
Argonautica,tlg001,2,1223,"κεῖσε μολεῖν, μακάρων σχεδὸν αἵματος ἐκγεγαῶτας.","κεῖσε μολεῖν, μακάρων σχεδὸν αἵματος ἐκγεγαῶτας.",tlg0001.tlg001.perseus-grc2.xml
Argonautica,tlg001,2,1224,"τῶ εἰ μὴ φιλότητι δέρος χρύσειον ὀπάσσει,","τῶ εἰ μὴ φιλότητι δέρος χρύσειον ὀπάσσει,",tlg0001.tlg001.perseus-grc2.xml
Argonautica,tlg001,2,1225,οὔ οἱ χραισμήσειν ἐπιέλπομαι ἔθνεα Κόλχων.,οὔ οἱ χραισμήσειν ἐπιέλπομαι ἔθνεα Κόλχων.,tlg0001.tlg001.perseus-grc2.xml
Argonautica,tlg001,2,1226,"ὧς οἵγʼ ἀλλήλοισιν ἀμοιβαδὸν ἠγορόωντο,","ὧς οἵγ’ ἀλλήλοισιν ἀμοιβαδὸν ἠγορόωντο,",tlg0001.tlg001.perseus-grc2.xml
Argonautica,tlg001,2,1227,μέσφʼ αὖτις δόρποιο κορεσσάμενοι κατέδαρθεν.,μέσφ’ αὖτις δόρποιο κορεσσάμενοι κατέδαρθεν.,tlg0001.tlg001.perseus-grc2.xml
Argonautica,tlg001,2,1228,ἦρι δʼ ἀνεγρομένοισιν ἐυκραὴς ἄεν οὖρος·,ἦρι δ’ ἀνεγρομένοισιν ἐυκραὴς ἄεν οὖρος·,tlg0001.tlg001.perseus-grc2.xml
Argonautica,tlg001,2,1229,"ἱστία δʼ ἤειραν, τὰ δʼ ὑπαὶ ῥιπῆς ἀνέμοιο","ἱστία δ’ ἤειραν, τὰ δ’ ὑπαὶ ῥιπῆς ἀνέμοιο",tlg0001.tlg001.perseus-grc2.xml
Argonautica,tlg001,2,1230,τείνετο· ῥίμφα δὲ νῆσον ἀποπροέλειπον Ἄρηος.,τείνετο· ῥίμφα δὲ νῆσον ἀποπροέλειπον Ἄρηος.,tlg0001.tlg001.perseus-grc2.xml
Argonautica,tlg001,2,1231,νυκτὶ δʼ ἐπιπλομένῃ Φιλυρηίδα νῆσον ἄμειβον·,νυκτὶ δ’ ἐπιπλομένῃ Φιλυρηίδα νῆσον ἄμειβον·,tlg0001.tlg001.perseus-grc2.xml
Argonautica,tlg001,2,1232,"ἔνθα μὲν Οὐρανίδης Φιλύρῃ Κρόνος, εὖτʼ ἐν Ὀλύμπῳ","ἔνθα μὲν Οὐρανίδης Φιλύρῃ Κρόνος, εὖτ’ ἐν Ὀλύμπῳ",tlg0001.tlg001.perseus-grc2.xml
Argonautica,tlg001,2,1233,"Τιτήνων ἤνασσεν, ὁ δὲ Κρηταῖον ὑπʼ ἄντρον","Τιτήνων ἤνασσεν, ὁ δὲ Κρηταῖον ὑπ’ ἄντρον",tlg0001.tlg001.perseus-grc2.xml
Argonautica,tlg001,2,1234,"Ζεὺς ἔτι Κουρήτεσσι μετετρέφετʼ Ἰδαίοισιν,","Ζεὺς ἔτι Κουρήτεσσι μετετρέφετ’ Ἰδαίοισιν,",tlg0001.tlg001.perseus-grc2.xml
Argonautica,tlg001,2,1235,Ῥείην ἐξαπαφών παρελέξατο· τοὺς δʼ ἐνὶ λέκτροις,Ῥείην ἐξαπαφών παρελέξατο· τοὺς δ’ ἐνὶ λέκτροις,tlg0001.tlg001.perseus-grc2.xml
Argonautica,tlg001,2,1236,τέτμε θεὰ μεσσηγύς· ὁ δʼ ἐξ εὐνῆς ἀνορούσας,τέτμε θεὰ μεσσηγύς· ὁ δ’ ἐξ εὐνῆς ἀνορούσας,tlg0001.tlg001.perseus-grc2.xml
Argonautica,tlg001,2,1237,ἔσσυτο χαιτήεντι φυὴν ἐναλίγκιος ἵππῳ·,ἔσσυτο χαιτήεντι φυὴν ἐναλίγκιος ἵππῳ·,tlg0001.tlg001.perseus-grc2.xml
Argonautica,tlg001,2,1238,ἡ δʼ αἰδοῖ χῶρόν τε καὶ ἤθεα κεῖνα λιποῦσα,ἡ δ’ αἰδοῖ χῶρόν τε καὶ ἤθεα κεῖνα λιποῦσα,tlg0001.tlg001.perseus-grc2.xml
Argonautica,tlg001,2,1239,Ὠκεανὶς Φιλύρη εἰς οὔρεα μακρὰ Πελασγῶν,Ὠκεανὶς Φιλύρη εἰς οὔρεα μακρὰ Πελασγῶν,tlg0001.tlg001.perseus-grc2.xml
Argonautica,tlg001,2,1240,"ἦλθʼ, ἵνα δὴ Χείρωνα πελώριον, ἄλλα μὲν ἵππῳ,","ἦλθ’, ἵνα δὴ Χείρωνα πελώριον, ἄλλα μὲν ἵππῳ,",tlg0001.tlg001.perseus-grc2.xml
Argonautica,tlg001,2,1241,"ἄλλα θεῷ ἀτάλαντον, ἀμοιβαίῃ τέκεν εὐνῇ.","ἄλλα θεῷ ἀτάλαντον, ἀμοιβαίῃ τέκεν εὐνῇ.",tlg0001.tlg001.perseus-grc2.xml
Argonautica,tlg001,2,1242,κεῖθεν δʼ αὖ Μάκρωνας ἀπειρεσίην τε Βεχείρων,κεῖθεν δ’ αὖ Μάκρωνας ἀπειρεσίην τε Βεχείρων,tlg0001.tlg001.perseus-grc2.xml
Argonautica,tlg001,2,1243,"γαῖαν ὑπερφιάλους τε παρεξενέοντο Σάπειρας,","γαῖαν ὑπερφιάλους τε παρεξενέοντο Σάπειρας,",tlg0001.tlg001.perseus-grc2.xml
Argonautica,tlg001,2,1244,Βύζηράς τʼ ἐπὶ τοῖσιν· ἐπιπρὸ γὰρ αἰὲν ἔτεμνον,Βύζηράς τ’ ἐπὶ τοῖσιν· ἐπιπρὸ γὰρ αἰὲν ἔτεμνον,tlg0001.tlg001.perseus-grc2.xml
Argonautica,tlg001,2,1245,"ἐσσυμένως, λιαροῖο φορεύμενοι ἐξ ἀνέμοιο.","ἐσσυμένως, λιαροῖο φορεύμενοι ἐξ ἀνέμοιο.",tlg0001.tlg001.perseus-grc2.xml
Argonautica,tlg001,2,1246,καὶ δὴ νισσομένοισι μυχὸς διεφαίνετο Πόντου.,καὶ δὴ νισσομένοισι μυχὸς διεφαίνετο Πόντου.,tlg0001.tlg001.perseus-grc2.xml
Argonautica,tlg001,2,1247,καὶ δὴ Καυκασίων ὀρέων ἀνέτελλον ἐρίπναι,καὶ δὴ Καυκασίων ὀρέων ἀνέτελλον ἐρίπναι,tlg0001.tlg001.perseus-grc2.xml
Argonautica,tlg001,2,1248,"ἠλίβατοι, τόθι γυῖα περὶ στυφελοῖσι πάγοισιν","ἠλίβατοι, τόθι γυῖα περὶ στυφελοῖσι πάγοισιν",tlg0001.tlg001.perseus-grc2.xml
Argonautica,tlg001,2,1249,ἰλλόμενος χαλκέῃσιν ἀλυκτοπέδῃσι Προμηθεὺς,ἰλλόμενος χαλκέῃσιν ἀλυκτοπέδῃσι Προμηθεὺς,tlg0001.tlg001.perseus-grc2.xml
Argonautica,tlg001,2,1250,αἰετὸν ἥπατι φέρβε παλιμπετὲς ἀίσσοντα.,αἰετὸν ἥπατι φέρβε παλιμπετὲς ἀίσσοντα.,tlg0001.tlg001.perseus-grc2.xml
Argonautica,tlg001,2,1251,τὸν μὲν ἐπʼ ἀκροτάτης ἴδον ἕσπερον ὀξέι ῥοίζῳ,τὸν μὲν ἐπ’ ἀκροτάτης ἴδον ἕσπερον ὀξέι ῥοίζῳ,tlg0001.tlg001.perseus-grc2.xml
Argonautica,tlg001,2,1252,νηὸς ὑπερπτάμενον νεφέων σχεδόν· ἀλλὰ καὶ ἔμπης,νηὸς ὑπερπτάμενον νεφέων σχεδόν· ἀλλὰ καὶ ἔμπης,tlg0001.tlg001.perseus-grc2.xml
Argonautica,tlg001,2,1253,"λαίφεα πάντʼ ἐτίναξε, παραιθύξας πτερύγεσσιν.","λαίφεα πάντ’ ἐτίναξε, παραιθύξας πτερύγεσσιν.",tlg0001.tlg001.perseus-grc2.xml
Argonautica,tlg001,2,1254,"οὐ γὰρʼ ὅγʼ αἰθερίοιο φυὴν ἔχεν οἰωνοῖο,","οὐ γὰρ’ ὅγ’ αἰθερίοιο φυὴν ἔχεν οἰωνοῖο,",tlg0001.tlg001.perseus-grc2.xml
Argonautica,tlg001,2,1255,"ἶσα δʼ ἐυξέστοις ὠκύπτερα πάλλεν ἐρετμοῖς,","ἶσα δ’ ἐυξέστοις ὠκύπτερα πάλλεν ἐρετμοῖς,",tlg0001.tlg001.perseus-grc2.xml
Argonautica,tlg001,2,1256,δηρὸν δʼ. οὐ μετέπειτα πολύστονον ἄιον αὐδὴν,δηρὸν δ’. οὐ μετέπειτα πολύστονον ἄιον αὐδὴν,tlg0001.tlg001.perseus-grc2.xml
Argonautica,tlg001,2,1257,ἧπαρ ἀνελκομένοιο Προμηθέος· ἔκτυπε δʼ αἰθὴρ,ἧπαρ ἀνελκομένοιο Προμηθέος· ἔκτυπε δ’ αἰθὴρ,tlg0001.tlg001.perseus-grc2.xml
Argonautica,tlg001,2,1258,"οἰμωγῇ, μέσφʼ αὖτις ἀπʼ οὔρεος ἀίσσοντα","οἰμωγῇ, μέσφ’ αὖτις ἀπ’ οὔρεος ἀίσσοντα",tlg0001.tlg001.perseus-grc2.xml
Argonautica,tlg001,2,1259,αἰετὸν ὠμηστὴν αὐτὴν ὁδὸν εἰσενόησαν.,αἰετὸν ὠμηστὴν αὐτὴν ὁδὸν εἰσενόησαν.,tlg0001.tlg001.perseus-grc2.xml
Argonautica,tlg001,2,1260,ἐννύχιοι δʼ Ἄργοιο δαημοσύνῃσιν ἵκοντο,ἐννύχιοι δ’ Ἄργοιο δαημοσύνῃσιν ἵκοντο,tlg0001.tlg001.perseus-grc2.xml
Argonautica,tlg001,2,1261,"Φᾶσίν τʼ εὐρὺ ῥέοντα, καὶ ἔσχατα πείρατα πόντου.","Φᾶσίν τ’ εὐρὺ ῥέοντα, καὶ ἔσχατα πείρατα πόντου.",tlg0001.tlg001.perseus-grc2.xml
Argonautica,tlg001,2,1262,αὐτίκα δʼ ἱστία μὲν καὶ ἐπίκριον ἔνδοθι κοίλης,αὐτίκα δ’ ἱστία μὲν καὶ ἐπίκριον ἔνδοθι κοίλης,tlg0001.tlg001.perseus-grc2.xml
Argonautica,tlg001,2,1263,ἱστοδόκης στείλαντες ἐκόσμεον· ἐν δὲ καὶ αὐτὸν,ἱστοδόκης στείλαντες ἐκόσμεον· ἐν δὲ καὶ αὐτὸν,tlg0001.tlg001.perseus-grc2.xml
Argonautica,tlg001,2,1264,ἱστὸν ἄφαρ χαλάσαντο παρακλιδόν· ὦκα δʼ ἐρετμοῖς,ἱστὸν ἄφαρ χαλάσαντο παρακλιδόν· ὦκα δ’ ἐρετμοῖς,tlg0001.tlg001.perseus-grc2.xml
Argonautica,tlg001,2,1265,εἰσέλασαν ποταμοῖο μέγαν ῥόον· αὐτὰρ ὁ πάντῃ,εἰσέλασαν ποταμοῖο μέγαν ῥόον· αὐτὰρ ὁ πάντῃ,tlg0001.tlg001.perseus-grc2.xml
Argonautica,tlg001,2,1266,καχλάζων ὑπόεικεν. ἔχον δʼ ἐπʼ ἀριστερὰ χειρῶν,καχλάζων ὑπόεικεν. ἔχον δ’ ἐπ’ ἀριστερὰ χειρῶν,tlg0001.tlg001.perseus-grc2.xml
Argonautica,tlg001,2,1267,"Καύκασον αἰπήεντα Κυταιίδα τε πτόλιν Αἴης,","Καύκασον αἰπήεντα Κυταιίδα τε πτόλιν Αἴης,",tlg0001.tlg001.perseus-grc2.xml
Argonautica,tlg001,2,1268,ἔνθεν δʼ αὖ πεδίον τὸ Ἀρήιον ἱερά τʼ ἄλση,ἔνθεν δ’ αὖ πεδίον τὸ Ἀρήιον ἱερά τ’ ἄλση,tlg0001.tlg001.perseus-grc2.xml
Argonautica,tlg001,2,1269,"τοῖο θεοῦ, τόθι κῶας ὄφις εἴρυτο δοκεύων","τοῖο θεοῦ, τόθι κῶας ὄφις εἴρυτο δοκεύων",tlg0001.tlg001.perseus-grc2.xml
Argonautica,tlg001,2,1270,πεπτάμενον λασίοισιν ἐπὶ δρυὸς ἀκρεμόνεσσιν.,πεπτάμενον λασίοισιν ἐπὶ δρυὸς ἀκρεμόνεσσιν.,tlg0001.tlg001.perseus-grc2.xml
Argonautica,tlg001,2,1271,αὐτὸς δʼ Αἰσονίδης χρυσέῳ ποταμόνδε κυπέλλῳ,αὐτὸς δ’ Αἰσονίδης χρυσέῳ ποταμόνδε κυπέλλῳ,tlg0001.tlg001.perseus-grc2.xml
Argonautica,tlg001,2,1272,οἴνου ἀκηρασίοιο μελισταγέας χέε λοιβὰς,οἴνου ἀκηρασίοιο μελισταγέας χέε λοιβὰς,tlg0001.tlg001.perseus-grc2.xml
Argonautica,tlg001,2,1273,γαίῃ τʼ ἐνναέταις τε θεοῖς ψυχαῖς τε καμόντων,γαίῃ τ’ ἐνναέταις τε θεοῖς ψυχαῖς τε καμόντων,tlg0001.tlg001.perseus-grc2.xml
Argonautica,tlg001,2,1274,ἡρώων· γουνοῦτο δʼ ἀπήμονας εἶναι ἀρωγοὺς,ἡρώων· γουνοῦτο δ’ ἀπήμονας εἶναι ἀρωγοὺς,tlg0001.tlg001.perseus-grc2.xml
Argonautica,tlg001,2,1275,"εὐμενέως, καὶ νηὸς ἐναίσιμα πείσματα δέχθαι.","εὐμενέως, καὶ νηὸς ἐναίσιμα πείσματα δέχθαι.",tlg0001.tlg001.perseus-grc2.xml
Argonautica,tlg001,2,1276,αὐτίκα δʼ Ἀγκαῖος τοῖον μετὰ μῦθον ἔειπεν·,αὐτίκα δ’ Ἀγκαῖος τοῖον μετὰ μῦθον ἔειπεν·,tlg0001.tlg001.perseus-grc2.xml
Argonautica,tlg001,2,1277,Κολχίδα μὲν δὴ γαῖαν ἱκάνομεν ἠδὲ ῥέεθρα,Κολχίδα μὲν δὴ γαῖαν ἱκάνομεν ἠδὲ ῥέεθρα,tlg0001.tlg001.perseus-grc2.xml
Argonautica,tlg001,2,1278,"Φάσιδος· ὥρη δʼ ἧμιν ἐνὶ σφίσι μητιάασθαι,","Φάσιδος· ὥρη δ’ ἧμιν ἐνὶ σφίσι μητιάασθαι,",tlg0001.tlg001.perseus-grc2.xml
Argonautica,tlg001,2,1279,"εἴτʼ οὖν μειλιχίῃ πειρησόμεθʼ Αἰήταο,","εἴτ’ οὖν μειλιχίῃ πειρησόμεθ’ Αἰήταο,",tlg0001.tlg001.perseus-grc2.xml
Argonautica,tlg001,2,1280,εἴτε καὶ ἀλλοίη τις ἐπήβολος ἔσσεται ὁρμή.,εἴτε καὶ ἀλλοίη τις ἐπήβολος ἔσσεται ὁρμή.,tlg0001.tlg001.perseus-grc2.xml
Argonautica,tlg001,2,1281,ὧς ἔφατʼ· Ἄργου δʼ αὖτε παρηγορίῃσιν Ἰήσων,ὧς ἔφατ’· Ἄργου δ’ αὖτε παρηγορίῃσιν Ἰήσων,tlg0001.tlg001.perseus-grc2.xml
Argonautica,tlg001,2,1282,ὑψόθι νῆʼ ἐκέλευσεν ἐπʼ εὐναίῃσιν ἐρύσσαι,ὑψόθι νῆ’ ἐκέλευσεν ἐπ’ εὐναίῃσιν ἐρύσσαι,tlg0001.tlg001.perseus-grc2.xml
Argonautica,tlg001,2,1283,δάσκιον εἰσελάσαντας ἕλος· τὸ δʼ ἐπισχεδὸν ἦεν,δάσκιον εἰσελάσαντας ἕλος· τὸ δ’ ἐπισχεδὸν ἦεν,tlg0001.tlg001.perseus-grc2.xml
Argonautica,tlg001,2,1284,"νισσομένων, ἔνθʼ οἵγε διὰ κνέφας ηὐλίζοντο.","νισσομένων, ἔνθ’ οἵγε διὰ κνέφας ηὐλίζοντο.",tlg0001.tlg001.perseus-grc2.xml
Argonautica,tlg001,2,1285,ἠὼς δʼ οὐ μετὰ δηρὸν ἐελδομένοις ἐφαάνθη.,ἠὼς δ’ οὐ μετὰ δηρὸν ἐελδομένοις ἐφαάνθη.,tlg0001.tlg001.perseus-grc2.xml
Argonautica,tlg001,3,1,"εἰ δʼ ἄγε νῦν, Ἐρατώ, παρά θʼ ἵστασο, καί μοι ἔνισπε,","εἰ δ’ ἄγε νῦν, Ἐρατώ, παρά θ’ ἵστασο, καί μοι ἔνισπε,",tlg0001.tlg001.perseus-grc2.xml
Argonautica,tlg001,3,2,ἔνθεν ὅπως ἐς Ἰωλκὸν ἀνήγαγε κῶας Ἰήσων,ἔνθεν ὅπως ἐς Ἰωλκὸν ἀνήγαγε κῶας Ἰήσων,tlg0001.tlg001.perseus-grc2.xml
Argonautica,tlg001,3,3,Μηδείης ὑπʼ ἔρωτι. σὺ γὰρ καὶ Κύπριδος αἶσαν,Μηδείης ὑπ’ ἔρωτι. σὺ γὰρ καὶ Κύπριδος αἶσαν,tlg0001.tlg001.perseus-grc2.xml
Argonautica,tlg001,3,4,"ἔμμορες, ἀδμῆτας δὲ τεοῖς μελεδήμασι θέλγεις","ἔμμορες, ἀδμῆτας δὲ τεοῖς μελεδήμασι θέλγεις",tlg0001.tlg001.perseus-grc2.xml
Argonautica,tlg001,3,5,παρθενικάς· τῶ καί τοι ἐπήρατον οὔνομʼ ἀνῆπται.,παρθενικάς· τῶ καί τοι ἐπήρατον οὔνομ’ ἀνῆπται.,tlg0001.tlg001.perseus-grc2.xml
Argonautica,tlg001,3,6,ὧς οἱ μὲν πυκινοῖσιν ἀνωίστως δονάκεσσιν,ὧς οἱ μὲν πυκινοῖσιν ἀνωίστως δονάκεσσιν,tlg0001.tlg001.perseus-grc2.xml
Argonautica,tlg001,3,7,μίμνον ἀριστῆες λελοχημένοι· αἱ δʼ ἐνόησαν,μίμνον ἀριστῆες λελοχημένοι· αἱ δ’ ἐνόησαν,tlg0001.tlg001.perseus-grc2.xml
Argonautica,tlg001,3,8,"Ἥρη Ἀθηναίη τε, Διὸς δʼ αὐτοῖο καὶ ἄλλων","Ἥρη Ἀθηναίη τε, Διὸς δ’ αὐτοῖο καὶ ἄλλων",tlg0001.tlg001.perseus-grc2.xml
Argonautica,tlg001,3,9,ἀθανάτων ἀπονόσφι θεῶν θάλαμόνδε κιοῦσαι,ἀθανάτων ἀπονόσφι θεῶν θάλαμόνδε κιοῦσαι,tlg0001.tlg001.perseus-grc2.xml
Argonautica,tlg001,3,10,βούλευον· πείραζε δʼ Ἀθηναίην πάρος Ἥρη·,βούλευον· πείραζε δ’ Ἀθηναίην πάρος Ἥρη·,tlg0001.tlg001.perseus-grc2.xml
Argonautica,tlg001,3,11,"αὐτὴ νῦν προτέρη, θύγατερ Διός, ἄρχεο βουλῆς.","αὐτὴ νῦν προτέρη, θύγατερ Διός, ἄρχεο βουλῆς.",tlg0001.tlg001.perseus-grc2.xml
Argonautica,tlg001,3,12,"τί χρέος; ἠὲ δόλον τινὰ μήσεαι, ᾧ κεν ἑλόντες","τί χρέος; ἠὲ δόλον τινὰ μήσεαι, ᾧ κεν ἑλόντες",tlg0001.tlg001.perseus-grc2.xml
Argonautica,tlg001,3,13,"χρύσεον Αἰήταο μεθʼ Ἑλλάδα κῶας ἄγοιντο,","χρύσεον Αἰήταο μεθ’ Ἑλλάδα κῶας ἄγοιντο,",tlg0001.tlg001.perseus-grc2.xml
Argonautica,tlg001,3,14,ἦ καὶ τόνγʼ ἐπέεσσι παραιφάμενοι πεπίθοιεν,ἦ καὶ τόνγ’ ἐπέεσσι παραιφάμενοι πεπίθοιεν,tlg0001.tlg001.perseus-grc2.xml
Argonautica,tlg001,3,15,μειλιχίοις; ἦ γὰρ ὅγʼ ὑπερφίαλος πέλει αἰνῶς.,μειλιχίοις; ἦ γὰρ ὅγ’ ὑπερφίαλος πέλει αἰνῶς.,tlg0001.tlg001.perseus-grc2.xml
Argonautica,tlg001,3,16,ἔμπης δʼ οὔτινα πεῖραν ἀποτρωπᾶσθαι ἔοικεν.,ἔμπης δ’ οὔτινα πεῖραν ἀποτρωπᾶσθαι ἔοικεν.,tlg0001.tlg001.perseus-grc2.xml
Argonautica,tlg001,3,17,ὧς φάτο· τὴν δὲ παρᾶσσον Ἀθηναίη προσέειπεν·,ὧς φάτο· τὴν δὲ παρᾶσσον Ἀθηναίη προσέειπεν·,tlg0001.tlg001.perseus-grc2.xml
Argonautica,tlg001,3,18,"καὶ δʼ αὐτὴν ἐμὲ τοῖα μετὰ φρεσὶν ὁρμαίνουσαν,","καὶ δ’ αὐτὴν ἐμὲ τοῖα μετὰ φρεσὶν ὁρμαίνουσαν,",tlg0001.tlg001.perseus-grc2.xml
Argonautica,tlg001,3,19,"Ἤρη, ἀπηλεγέως ἐξείρεαι. ἀλλά τοι οὔπω","Ἤρη, ἀπηλεγέως ἐξείρεαι. ἀλλά τοι οὔπω",tlg0001.tlg001.perseus-grc2.xml
Argonautica,tlg001,3,20,"φράσσασθαι νοέω τοῦτον δόλον, ὅστις ὀνήσει","φράσσασθαι νοέω τοῦτον δόλον, ὅστις ὀνήσει",tlg0001.tlg001.perseus-grc2.xml
Argonautica,tlg001,3,21,θυμὸν ἀριστήων· πολέας δʼ ἐπεδοίασα βουλάς.,θυμὸν ἀριστήων· πολέας δ’ ἐπεδοίασα βουλάς.,tlg0001.tlg001.perseus-grc2.xml
Argonautica,tlg001,3,22,"ἦ, καὶ ἐπʼ οὔδεος αἵγε ποδῶν πάρος ὄμματʼ ἔπηξαν,","ἦ, καὶ ἐπ’ οὔδεος αἵγε ποδῶν πάρος ὄμματ’ ἔπηξαν,",tlg0001.tlg001.perseus-grc2.xml
Argonautica,tlg001,3,23,ἄνδιχα πορφύρουσαι ἐνὶ σφίσιν· αὐτίκα δʼ Ἥρη,ἄνδιχα πορφύρουσαι ἐνὶ σφίσιν· αὐτίκα δ’ Ἥρη,tlg0001.tlg001.perseus-grc2.xml
Argonautica,tlg001,3,24,τοῖον μητιόωσα παροιτέρη ἔκφατο μῦθον·,τοῖον μητιόωσα παροιτέρη ἔκφατο μῦθον·,tlg0001.tlg001.perseus-grc2.xml
Argonautica,tlg001,3,25,δεῦρʼ ἴομεν μετὰ Κύπριν· ἐπιπλόμεναι δέ μιν ἄμφω,δεῦρ’ ἴομεν μετὰ Κύπριν· ἐπιπλόμεναι δέ μιν ἄμφω,tlg0001.tlg001.perseus-grc2.xml
Argonautica,tlg001,3,26,"παιδὶ ἑῷ εἰπεῖν ὀτρύνομεν, αἴ κε πίθηται","παιδὶ ἑῷ εἰπεῖν ὀτρύνομεν, αἴ κε πίθηται",tlg0001.tlg001.perseus-grc2.xml
Argonautica,tlg001,3,27,κούρην Αἰήτεω πολυφάρμακον οἷσι βέλεσσιν,κούρην Αἰήτεω πολυφάρμακον οἷσι βέλεσσιν,tlg0001.tlg001.perseus-grc2.xml
Argonautica,tlg001,3,28,θέλξαι ὀιστεύσας ἐπʼ Ἰήσονι. τὸν δʼ ἂν ὀίω,θέλξαι ὀιστεύσας ἐπ’ Ἰήσονι. τὸν δ’ ἂν ὀίω,tlg0001.tlg001.perseus-grc2.xml
Argonautica,tlg001,3,29,κείνης ἐννεσίῃσιν ἐς Ἑλλάδα κῶας ἀνάξειν.,κείνης ἐννεσίῃσιν ἐς Ἑλλάδα κῶας ἀνάξειν.,tlg0001.tlg001.perseus-grc2.xml
Argonautica,tlg001,3,30,"ὧς ἄρʼ ἔφη· πυκινὴ δὲ συνεύαδε μῆτις Ἀθήνῃ,","ὧς ἄρ’ ἔφη· πυκινὴ δὲ συνεύαδε μῆτις Ἀθήνῃ,",tlg0001.tlg001.perseus-grc2.xml
Argonautica,tlg001,3,31,καί μιν ἔπειτʼ ἐξαῦτις ἀμείβετο μειλιχίοισιν·,καί μιν ἔπειτ’ ἐξαῦτις ἀμείβετο μειλιχίοισιν·,tlg0001.tlg001.perseus-grc2.xml
Argonautica,tlg001,3,32,"Ἥρη, νήιδα μέν με πατὴρ τέκε τοῖο βολάων,","Ἥρη, νήιδα μέν με πατὴρ τέκε τοῖο βολάων,",tlg0001.tlg001.perseus-grc2.xml
Argonautica,tlg001,3,33,οὐδέ τινα χρειὼ θελκτήριον οἶδα πόθοιο.,οὐδέ τινα χρειὼ θελκτήριον οἶδα πόθοιο.,tlg0001.tlg001.perseus-grc2.xml
Argonautica,tlg001,3,34,"εἰ δέ σοι αὐτῇ μῦθος ἐφανδάνει, ἦ τʼ ἂν ἔγωγε","εἰ δέ σοι αὐτῇ μῦθος ἐφανδάνει, ἦ τ’ ἂν ἔγωγε",tlg0001.tlg001.perseus-grc2.xml
Argonautica,tlg001,3,35,ἑσποίμην· σὺ δέ κεν φαίης ἔπος ἀντιόωσα.,ἑσποίμην· σὺ δέ κεν φαίης ἔπος ἀντιόωσα.,tlg0001.tlg001.perseus-grc2.xml
Argonautica,tlg001,3,36,"ἦ, καὶ ἀναΐξασαι ἐπὶ μέγα δῶμα νέοντο","ἦ, καὶ ἀναΐξασαι ἐπὶ μέγα δῶμα νέοντο",tlg0001.tlg001.perseus-grc2.xml
Argonautica,tlg001,3,37,"Κύπριδος, ὅ ῥά τέ οἱ δεῖμεν πόσις ἀμφιγυήεις,","Κύπριδος, ὅ ῥά τέ οἱ δεῖμεν πόσις ἀμφιγυήεις,",tlg0001.tlg001.perseus-grc2.xml
Argonautica,tlg001,3,38,ὁππότε μιν τὰ πρῶτα παραὶ Διὸς ἦγεν ἄκοιτιν.,ὁππότε μιν τὰ πρῶτα παραὶ Διὸς ἦγεν ἄκοιτιν.,tlg0001.tlg001.perseus-grc2.xml
Argonautica,tlg001,3,39,ἕρκεα δʼ εἰσελθοῦσαι ὑπʼ αἰθούσῃ θαλάμοιο,ἕρκεα δ’ εἰσελθοῦσαι ὑπ’ αἰθούσῃ θαλάμοιο,tlg0001.tlg001.perseus-grc2.xml
Argonautica,tlg001,3,40,"ἔσταν, ἵνʼ ἐντύνεσκε θεὰ λέχος Ἡφαίστοιο.","ἔσταν, ἵν’ ἐντύνεσκε θεὰ λέχος Ἡφαίστοιο.",tlg0001.tlg001.perseus-grc2.xml
Argonautica,tlg001,3,41,"ἀλλʼ ὁ μὲν ἐς χαλκεῶνα καὶ ἄκμονας ἦρι βεβήκει,","ἀλλ’ ὁ μὲν ἐς χαλκεῶνα καὶ ἄκμονας ἦρι βεβήκει,",tlg0001.tlg001.perseus-grc2.xml
Argonautica,tlg001,3,42,"νήσοιο πλαγκτῆς εὐρὺν μυχόν, ᾧ ἔνι πάντα","νήσοιο πλαγκτῆς εὐρὺν μυχόν, ᾧ ἔνι πάντα",tlg0001.tlg001.perseus-grc2.xml
Argonautica,tlg001,3,43,δαίδαλα χάλκευεν ῥιπῇ πυρόσʼ ἡ δʼ ἄρα μούνη,δαίδαλα χάλκευεν ῥιπῇ πυρόσ’ ἡ δ’ ἄρα μούνη,tlg0001.tlg001.perseus-grc2.xml
Argonautica,tlg001,3,44,"ἧστο δόμῳ δινωτὸν ἀνὰ θρόνον, ἄντα θυράων.","ἧστο δόμῳ δινωτὸν ἀνὰ θρόνον, ἄντα θυράων.",tlg0001.tlg001.perseus-grc2.xml
Argonautica,tlg001,3,45,λευκοῖσιν δʼ ἑκάτερθε κόμας ἐπιειμένη ὤμοις,λευκοῖσιν δ’ ἑκάτερθε κόμας ἐπιειμένη ὤμοις,tlg0001.tlg001.perseus-grc2.xml
Argonautica,tlg001,3,46,"κόσμει χρυσείῃ διὰ κερκίδι, μέλλε δὲ μακροὺς","κόσμει χρυσείῃ διὰ κερκίδι, μέλλε δὲ μακροὺς",tlg0001.tlg001.perseus-grc2.xml
Argonautica,tlg001,3,47,πλέξασθαι πλοκάμους· τὰς δὲ προπάροιθεν ἰδοῦσα,πλέξασθαι πλοκάμους· τὰς δὲ προπάροιθεν ἰδοῦσα,tlg0001.tlg001.perseus-grc2.xml
Argonautica,tlg001,3,48,"ἔσχεθεν, εἴσω τέ σφʼ ἐκάλει, καὶ ἀπὸ θρόνου ὦρτο,","ἔσχεθεν, εἴσω τέ σφ’ ἐκάλει, καὶ ἀπὸ θρόνου ὦρτο,",tlg0001.tlg001.perseus-grc2.xml
Argonautica,tlg001,3,49,εἷσέ τʼ ἐνὶ κλισμοῖσιν· ἀτὰρ μετέπειτα καὶ αὐτὴ,εἷσέ τ’ ἐνὶ κλισμοῖσιν· ἀτὰρ μετέπειτα καὶ αὐτὴ,tlg0001.tlg001.perseus-grc2.xml
Argonautica,tlg001,3,50,"ἵζανεν, ἀψήκτους δὲ χεροῖν ἀνεδήσατο χαίτας.","ἵζανεν, ἀψήκτους δὲ χεροῖν ἀνεδήσατο χαίτας.",tlg0001.tlg001.perseus-grc2.xml
Argonautica,tlg001,3,51,τοῖα δὲ μειδιόωσα προσέννεπεν αἱμυλίοισιν·,τοῖα δὲ μειδιόωσα προσέννεπεν αἱμυλίοισιν·,tlg0001.tlg001.perseus-grc2.xml
Argonautica,tlg001,3,52,"Ἠθεῖαι, τίς δεῦρο νόος χρειω τε κομίζει","Ἠθεῖαι, τίς δεῦρο νόος χρειω τε κομίζει",tlg0001.tlg001.perseus-grc2.xml
Argonautica,tlg001,3,53,"δηναιὰς αὔτως; τί δʼ ἱκάνετον, οὔτι πάρος γε","δηναιὰς αὔτως; τί δ’ ἱκάνετον, οὔτι πάρος γε",tlg0001.tlg001.perseus-grc2.xml
Argonautica,tlg001,3,54,"λίην φοιτίζουσαι, ἐπεὶ περίεστε θεάων;","λίην φοιτίζουσαι, ἐπεὶ περίεστε θεάων;",tlg0001.tlg001.perseus-grc2.xml
Argonautica,tlg001,3,55,τὴν δʼ Ἥρη τοίοισιν ἀμειβομένη προσέειπεν·,τὴν δ’ Ἥρη τοίοισιν ἀμειβομένη προσέειπεν·,tlg0001.tlg001.perseus-grc2.xml
Argonautica,tlg001,3,56,Κερτομέεις· νῶιν δὲ κέαρ συνορίνεται ἄτῃ.,Κερτομέεις· νῶιν δὲ κέαρ συνορίνεται ἄτῃ.,tlg0001.tlg001.perseus-grc2.xml
Argonautica,tlg001,3,57,ἤδη γὰρ ποταμῷ ἐνὶ Φάσιδι νῆα κατίσχει,ἤδη γὰρ ποταμῷ ἐνὶ Φάσιδι νῆα κατίσχει,tlg0001.tlg001.perseus-grc2.xml
Argonautica,tlg001,3,58,"Αἰσονίδης, ἠδʼ ἄλλοι ὅσοι μετὰ κῶας ἕπονται.","Αἰσονίδης, ἠδ’ ἄλλοι ὅσοι μετὰ κῶας ἕπονται.",tlg0001.tlg001.perseus-grc2.xml
Argonautica,tlg001,3,59,"τῶν ἤτοι πάντων μέν, ἐπεὶ πέλας ἔργον ὄρωρεν,","τῶν ἤτοι πάντων μέν, ἐπεὶ πέλας ἔργον ὄρωρεν,",tlg0001.tlg001.perseus-grc2.xml
Argonautica,tlg001,3,60,"δείδιμεν ἐκπάγλως, περὶ δʼ Αἰσονίδαο μάλιστα.","δείδιμεν ἐκπάγλως, περὶ δ’ Αἰσονίδαο μάλιστα.",tlg0001.tlg001.perseus-grc2.xml
Argonautica,tlg001,3,61,"τὸν μὲν ἐγών, εἰ καί περ ἐς Ἄιδα ναυτίλληται","τὸν μὲν ἐγών, εἰ καί περ ἐς Ἄιδα ναυτίλληται",tlg0001.tlg001.perseus-grc2.xml
Argonautica,tlg001,3,62,"λυσόμενος χαλκέων Ἰξίονα νειόθι δεσμῶν,","λυσόμενος χαλκέων Ἰξίονα νειόθι δεσμῶν,",tlg0001.tlg001.perseus-grc2.xml
Argonautica,tlg001,3,63,"ῥύσομαι, ὅσσον ἐμοῖσιν ἐνὶ σθένος ἔπλετο γυίοις,","ῥύσομαι, ὅσσον ἐμοῖσιν ἐνὶ σθένος ἔπλετο γυίοις,",tlg0001.tlg001.perseus-grc2.xml
Argonautica,tlg001,3,64,"ὄφρα μὴ ἐγγελάσῃ Πελίης κακὸν οἶτον ἀλύξας,","ὄφρα μὴ ἐγγελάσῃ Πελίης κακὸν οἶτον ἀλύξας,",tlg0001.tlg001.perseus-grc2.xml
Argonautica,tlg001,3,65,ὅς μʼ ὑπερηνορέῃ θυέων ἀγέραστον ἔθηκεν.,ὅς μ’ ὑπερηνορέῃ θυέων ἀγέραστον ἔθηκεν.,tlg0001.tlg001.perseus-grc2.xml
Argonautica,tlg001,3,66,καὶ δʼ ἄλλως ἔτι καὶ πρὶν ἐμοὶ μέγα φίλατʼ Ἰήσων,καὶ δ’ ἄλλως ἔτι καὶ πρὶν ἐμοὶ μέγα φίλατ’ Ἰήσων,tlg0001.tlg001.perseus-grc2.xml
Argonautica,tlg001,3,67,ἐξότʼ ἐπὶ προχοῇσιν ἅλις πλήθοντος Ἀναύρου,ἐξότ’ ἐπὶ προχοῇσιν ἅλις πλήθοντος Ἀναύρου,tlg0001.tlg001.perseus-grc2.xml
Argonautica,tlg001,3,68,ἀνδρῶν εὐνομίης πειρωμένῃ ἀντεβόλησεν,ἀνδρῶν εὐνομίης πειρωμένῃ ἀντεβόλησεν,tlg0001.tlg001.perseus-grc2.xml
Argonautica,tlg001,3,69,θήρης ἐξανιών· νιφετῷ δʼ ἐπαλύνετο πάντα,θήρης ἐξανιών· νιφετῷ δ’ ἐπαλύνετο πάντα,tlg0001.tlg001.perseus-grc2.xml
Argonautica,tlg001,3,70,"οὔρεα καὶ σκοπιαὶ περιμήκεες, οἱ δὲ κατʼ αὐτῶν","οὔρεα καὶ σκοπιαὶ περιμήκεες, οἱ δὲ κατ’ αὐτῶν",tlg0001.tlg001.perseus-grc2.xml
Argonautica,tlg001,3,71,χείμαρροι καναχηδὰ κυλινδόμενοι φορέοντο.,χείμαρροι καναχηδὰ κυλινδόμενοι φορέοντο.,tlg0001.tlg001.perseus-grc2.xml
Argonautica,tlg001,3,72,"γρηὶ δέ μʼ εἰσαμένην ὀλοφύρατο, καί μʼ ἀναείρας","γρηὶ δέ μ’ εἰσαμένην ὀλοφύρατο, καί μ’ ἀναείρας",tlg0001.tlg001.perseus-grc2.xml
Argonautica,tlg001,3,73,αὐτὸς ἑοῖς ὤμοισι διὲκ προαλὲς φέρεν ὕδωρ.,αὐτὸς ἑοῖς ὤμοισι διὲκ προαλὲς φέρεν ὕδωρ.,tlg0001.tlg001.perseus-grc2.xml
Argonautica,tlg001,3,74,τῶ νύ μοι ἄλληκτον περιτίεται· οὐδέ κε λώβην,τῶ νύ μοι ἄλληκτον περιτίεται· οὐδέ κε λώβην,tlg0001.tlg001.perseus-grc2.xml
Argonautica,tlg001,3,75,"τίσειεν Πελίης, εἰ μή σύ γε νόστον ὀπάσσεις.","τίσειεν Πελίης, εἰ μή σύ γε νόστον ὀπάσσεις.",tlg0001.tlg001.perseus-grc2.xml
Argonautica,tlg001,3,76,ὧς ηὔδα· Κύπριν δʼ ἐνεοστασίη λάβε μύθων.,ὧς ηὔδα· Κύπριν δ’ ἐνεοστασίη λάβε μύθων.,tlg0001.tlg001.perseus-grc2.xml
Argonautica,tlg001,3,77,"ἅζετο δʼ ἀντομένην Ἥρην ἕθεν εἰσορόωσα,","ἅζετο δ’ ἀντομένην Ἥρην ἕθεν εἰσορόωσα,",tlg0001.tlg001.perseus-grc2.xml
Argonautica,tlg001,3,78,καί μιν ἔπειτʼ ἀγανοῖσι προσέννεπεν ἥγʼ ἐπέεσσιν·,καί μιν ἔπειτ’ ἀγανοῖσι προσέννεπεν ἥγ’ ἐπέεσσιν·,tlg0001.tlg001.perseus-grc2.xml
Argonautica,tlg001,3,79,"πότνα θεά, μή τοί τι κακώτερον ἄλλο πέλοιτο","πότνα θεά, μή τοί τι κακώτερον ἄλλο πέλοιτο",tlg0001.tlg001.perseus-grc2.xml
Argonautica,tlg001,3,80,"Κύπριδος, εἰ δὴ σεῖο λιλαιομένης ἀθερίζω","Κύπριδος, εἰ δὴ σεῖο λιλαιομένης ἀθερίζω",tlg0001.tlg001.perseus-grc2.xml
Argonautica,tlg001,3,81,"ἢ ἔπος ἠέ τι ἔργον, ὅ κεν χέρες αἵγε κάμοιεν","ἢ ἔπος ἠέ τι ἔργον, ὅ κεν χέρες αἵγε κάμοιεν",tlg0001.tlg001.perseus-grc2.xml
Argonautica,tlg001,3,82,ἠπεδαναί· καὶ μή τις ἀμοιβαίη χάρις ἔστω.,ἠπεδαναί· καὶ μή τις ἀμοιβαίη χάρις ἔστω.,tlg0001.tlg001.perseus-grc2.xml
Argonautica,tlg001,3,83,ὧς ἔφαθʼ· Ἥρη δʼ αὖτις ἐπιφραδέως ἀγόρευσεν·,ὧς ἔφαθ’· Ἥρη δ’ αὖτις ἐπιφραδέως ἀγόρευσεν·,tlg0001.tlg001.perseus-grc2.xml
Argonautica,tlg001,3,84,"οὔτι βίης χατέουσαι ἱκάνομεν, οὐδέ τι χειρῶν.","οὔτι βίης χατέουσαι ἱκάνομεν, οὐδέ τι χειρῶν.",tlg0001.tlg001.perseus-grc2.xml
Argonautica,tlg001,3,85,ἀλλʼ αὔτως ἀκέουσα τεῷ ἐπικέκλεο παιδὶ,ἀλλ’ αὔτως ἀκέουσα τεῷ ἐπικέκλεο παιδὶ,tlg0001.tlg001.perseus-grc2.xml
Argonautica,tlg001,3,86,παρθένον Αἰήτεω θέλξαι πόθῳ Αἰσονίδαο.,παρθένον Αἰήτεω θέλξαι πόθῳ Αἰσονίδαο.,tlg0001.tlg001.perseus-grc2.xml
Argonautica,tlg001,3,87,"εἰ γάρ οἱ κείνη συμφράσσεται εὐμενέουσα,","εἰ γάρ οἱ κείνη συμφράσσεται εὐμενέουσα,",tlg0001.tlg001.perseus-grc2.xml
Argonautica,tlg001,3,88,ῥηιδίως μιν ἑλόντα δέρος χρύσειον ὀίω,ῥηιδίως μιν ἑλόντα δέρος χρύσειον ὀίω,tlg0001.tlg001.perseus-grc2.xml
Argonautica,tlg001,3,89,"νοστήσειν ἐς Ἰωλκόν, ἐπεὶ δολόεσσα τέτυκται.","νοστήσειν ἐς Ἰωλκόν, ἐπεὶ δολόεσσα τέτυκται.",tlg0001.tlg001.perseus-grc2.xml
Argonautica,tlg001,3,90,ὧς ἄρʼ ἔφη· Κύπρις δὲ μετʼ ἀμφοτέρῃσιν ἔειπεν·,ὧς ἄρ’ ἔφη· Κύπρις δὲ μετ’ ἀμφοτέρῃσιν ἔειπεν·,tlg0001.tlg001.perseus-grc2.xml
Argonautica,tlg001,3,91,"Ἥρη, Ἀθηναίη τε, πίθοιτό κεν ὔμμι μάλιστα,","Ἥρη, Ἀθηναίη τε, πίθοιτό κεν ὔμμι μάλιστα,",tlg0001.tlg001.perseus-grc2.xml
Argonautica,tlg001,3,92,ἢ ἐμοί. ὑμείων γὰρ ἀναιδήτῳ περ ἐόντι,ἢ ἐμοί. ὑμείων γὰρ ἀναιδήτῳ περ ἐόντι,tlg0001.tlg001.perseus-grc2.xml
Argonautica,tlg001,3,93,τυτθή γʼ αἰδὼς ἔσσετʼ ἐν ὄμμασιν· αὐτὰρ ἐμεῖο,τυτθή γ’ αἰδὼς ἔσσετ’ ἐν ὄμμασιν· αὐτὰρ ἐμεῖο,tlg0001.tlg001.perseus-grc2.xml
Argonautica,tlg001,3,94,"οὐκ ὄθεται, μάλα δʼ αἰὲν ἐριδμαίνων ἀθερίζει.","οὐκ ὄθεται, μάλα δ’ αἰὲν ἐριδμαίνων ἀθερίζει.",tlg0001.tlg001.perseus-grc2.xml
Argonautica,tlg001,3,95,"καὶ δή οἱ μενέηνα, περισχομένη κακότητι,","καὶ δή οἱ μενέηνα, περισχομένη κακότητι,",tlg0001.tlg001.perseus-grc2.xml
Argonautica,tlg001,3,96,αὐτοῖσιν τόξοισι δυσηχέας ἆξαι ὀιστοὺς,αὐτοῖσιν τόξοισι δυσηχέας ἆξαι ὀιστοὺς,tlg0001.tlg001.perseus-grc2.xml
Argonautica,tlg001,3,97,"ἀμφαδίην. τοῖον γὰρ ἐπηπείλησε χαλεφθείς,","ἀμφαδίην. τοῖον γὰρ ἐπηπείλησε χαλεφθείς,",tlg0001.tlg001.perseus-grc2.xml
Argonautica,tlg001,3,98,"εἰ μὴ τηλόθι χεῖρας, ἕως ἔτι θυμὸν ἐρύκει,","εἰ μὴ τηλόθι χεῖρας, ἕως ἔτι θυμὸν ἐρύκει,",tlg0001.tlg001.perseus-grc2.xml
Argonautica,tlg001,3,99,"ἕξω ἐμάς, μετέπειτά γʼ ἀτεμβοίμην ἑοῖ αὐτῇ.","ἕξω ἐμάς, μετέπειτά γ’ ἀτεμβοίμην ἑοῖ αὐτῇ.",tlg0001.tlg001.perseus-grc2.xml
Argonautica,tlg001,3,100,"ὧς φάτο· μείδησαν δὲ θεαί, καὶ ἐσέδρακον ἄντην","ὧς φάτο· μείδησαν δὲ θεαί, καὶ ἐσέδρακον ἄντην",tlg0001.tlg001.perseus-grc2.xml
Argonautica,tlg001,3,101,ἀλλήλαις. ἡ δʼ αὖτις ἀκηχεμένη προσέειπεν·,ἀλλήλαις. ἡ δ’ αὖτις ἀκηχεμένη προσέειπεν·,tlg0001.tlg001.perseus-grc2.xml
Argonautica,tlg001,3,102,ἄλλοις ἄλγεα τἀμὰ γέλως πέλει· οὐδέ τί με χρὴ,ἄλλοις ἄλγεα τἀμὰ γέλως πέλει· οὐδέ τί με χρὴ,tlg0001.tlg001.perseus-grc2.xml
Argonautica,tlg001,3,103,μυθεῖσθαι πάντεσσιν· ἅλις εἰδυῖα καὶ αὐτή.,μυθεῖσθαι πάντεσσιν· ἅλις εἰδυῖα καὶ αὐτή.,tlg0001.tlg001.perseus-grc2.xml
Argonautica,tlg001,3,104,"νῦν δʼ ἐπεὶ ὔμμι φίλον τόδε δὴ πέλει ἀμφοτέρῃσιν,","νῦν δ’ ἐπεὶ ὔμμι φίλον τόδε δὴ πέλει ἀμφοτέρῃσιν,",tlg0001.tlg001.perseus-grc2.xml
Argonautica,tlg001,3,105,"πειρήσω, καί μιν μειλίξομαι, οὐδʼ ἀπιθήσει.","πειρήσω, καί μιν μειλίξομαι, οὐδ’ ἀπιθήσει.",tlg0001.tlg001.perseus-grc2.xml
Argonautica,tlg001,3,106,"ὧς φάτο· τὴν δʼ Ἥρη ῥαδινῆς ἐπεμάσσατο χειρός,","ὧς φάτο· τὴν δ’ Ἥρη ῥαδινῆς ἐπεμάσσατο χειρός,",tlg0001.tlg001.perseus-grc2.xml
Argonautica,tlg001,3,107,ἦκα δὲ μειδιόωσα παραβλήδην προσέειπεν·,ἦκα δὲ μειδιόωσα παραβλήδην προσέειπεν·,tlg0001.tlg001.perseus-grc2.xml
Argonautica,tlg001,3,108,"οὕτω νῦν, Κυθέρεια, τόδε χρέος, ὡς ἀγορεύεις,","οὕτω νῦν, Κυθέρεια, τόδε χρέος, ὡς ἀγορεύεις,",tlg0001.tlg001.perseus-grc2.xml
Argonautica,tlg001,3,109,"ἔρξον ἄφαρ· καὶ μή τι χαλέπτεο, μηδʼ ἐρίδαινε","ἔρξον ἄφαρ· καὶ μή τι χαλέπτεο, μηδ’ ἐρίδαινε",tlg0001.tlg001.perseus-grc2.xml
Argonautica,tlg001,3,110,χωομένη σῷ παιδί· μεταλλήξει γὰρ ὀπίσσω.,χωομένη σῷ παιδί· μεταλλήξει γὰρ ὀπίσσω.,tlg0001.tlg001.perseus-grc2.xml
Argonautica,tlg001,3,111,"ἦ ῥα, καὶ ἔλλιπε θῶκον· ἐφωμάρτησε δʼ Ἀθήνη·","ἦ ῥα, καὶ ἔλλιπε θῶκον· ἐφωμάρτησε δ’ Ἀθήνη·",tlg0001.tlg001.perseus-grc2.xml
Argonautica,tlg001,3,112,ἐκ δʼ ἴσαν ἄμφω ταίγε παλίσσυτοι. ἡ δὲ καὶ αὐτὴ,ἐκ δ’ ἴσαν ἄμφω ταίγε παλίσσυτοι. ἡ δὲ καὶ αὐτὴ,tlg0001.tlg001.perseus-grc2.xml
Argonautica,tlg001,3,113,"βῆ ῥʼ ἴμεν Οὐλύμποιο κατὰ πτύχας, εἴ μιν ἐφεύροι.","βῆ ῥ’ ἴμεν Οὐλύμποιο κατὰ πτύχας, εἴ μιν ἐφεύροι.",tlg0001.tlg001.perseus-grc2.xml
Argonautica,tlg001,3,114,"εὗρε δὲ τόνγʼ ἀπάνευθε Διὸς θαλερῇ ἐν ἀλωῇ,","εὗρε δὲ τόνγ’ ἀπάνευθε Διὸς θαλερῇ ἐν ἀλωῇ,",tlg0001.tlg001.perseus-grc2.xml
Argonautica,tlg001,3,115,"οὐκ οἶον, μετα καὶ Γανυμήδεα, τόν ῥά ποτε Ζεὺς","οὐκ οἶον, μετα καὶ Γανυμήδεα, τόν ῥά ποτε Ζεὺς",tlg0001.tlg001.perseus-grc2.xml
Argonautica,tlg001,3,116,"οὐρανῷ ἐγκατένασσεν ἐφέστιον ἀθανάτοισιν,","οὐρανῷ ἐγκατένασσεν ἐφέστιον ἀθανάτοισιν,",tlg0001.tlg001.perseus-grc2.xml
Argonautica,tlg001,3,117,κάλλεος ἱμερθείς. ἀμφʼ ἀστραγάλοισι δὲ τώγε,κάλλεος ἱμερθείς. ἀμφ’ ἀστραγάλοισι δὲ τώγε,tlg0001.tlg001.perseus-grc2.xml
Argonautica,tlg001,3,118,"χρυσείοις, ἅ τε κοῦροι ὁμήθεες, ἑψιόωντο.","χρυσείοις, ἅ τε κοῦροι ὁμήθεες, ἑψιόωντο.",tlg0001.tlg001.perseus-grc2.xml
Argonautica,tlg001,3,119,καί ῥʼ ὁ μὲν ἤδη πάμπαν ἐνίπλεον ᾧ ὑπὸ μαζῷ,καί ῥ’ ὁ μὲν ἤδη πάμπαν ἐνίπλεον ᾧ ὑπὸ μαζῷ,tlg0001.tlg001.perseus-grc2.xml
Argonautica,tlg001,3,120,"μάργος Ἔρως λαιῆς ὑποΐσχανε χειρὸς ἀγοστόν,","μάργος Ἔρως λαιῆς ὑποΐσχανε χειρὸς ἀγοστόν,",tlg0001.tlg001.perseus-grc2.xml
Argonautica,tlg001,3,121,ὀρθὸς ἐφεστηώς· γλυκερὸν δέ οἱ ἀμφὶ παρειὰς,ὀρθὸς ἐφεστηώς· γλυκερὸν δέ οἱ ἀμφὶ παρειὰς,tlg0001.tlg001.perseus-grc2.xml
Argonautica,tlg001,3,122,χροιῇ θάλλεν ἔρευθος. ὁ δʼ ἐγγύθεν ὀκλαδὸν ἧστο,χροιῇ θάλλεν ἔρευθος. ὁ δ’ ἐγγύθεν ὀκλαδὸν ἧστο,tlg0001.tlg001.perseus-grc2.xml
Argonautica,tlg001,3,123,"σῖγα κατηφιόων· δοιὼ δʼ ἔχεν, ἄλλον ἔτʼ αὔτως","σῖγα κατηφιόων· δοιὼ δ’ ἔχεν, ἄλλον ἔτ’ αὔτως",tlg0001.tlg001.perseus-grc2.xml
Argonautica,tlg001,3,124,"ἄλλῳ ἐπιπροϊείς, κεχόλωτο δὲ καγχαλόωντι.","ἄλλῳ ἐπιπροϊείς, κεχόλωτο δὲ καγχαλόωντι.",tlg0001.tlg001.perseus-grc2.xml
Argonautica,tlg001,3,125,καὶ μὴν τούσγε παρᾶσσον ἐπὶ προτέροισιν ὀλέσσας,καὶ μὴν τούσγε παρᾶσσον ἐπὶ προτέροισιν ὀλέσσας,tlg0001.tlg001.perseus-grc2.xml
Argonautica,tlg001,3,126,"βῆ κενεαῖς σὺν χερσὶν ἀμήχανος, οὐδʼ ἐνόησεν","βῆ κενεαῖς σὺν χερσὶν ἀμήχανος, οὐδ’ ἐνόησεν",tlg0001.tlg001.perseus-grc2.xml
Argonautica,tlg001,3,127,"Κύπριν ἐπιπλομένην. ἡ δʼ ἀντίη ἵστατο παιδός,","Κύπριν ἐπιπλομένην. ἡ δ’ ἀντίη ἵστατο παιδός,",tlg0001.tlg001.perseus-grc2.xml
Argonautica,tlg001,3,128,καί μιν ἄφαρ γναθμοῖο κατασχομένη προσέειπεν·,καί μιν ἄφαρ γναθμοῖο κατασχομένη προσέειπεν·,tlg0001.tlg001.perseus-grc2.xml
Argonautica,tlg001,3,129,"τίπτʼ ἐπιμειδιάᾳς, ἄφατον κακόν; ἦέ μιν αὔτως","τίπτ’ ἐπιμειδιάᾳς, ἄφατον κακόν; ἦέ μιν αὔτως",tlg0001.tlg001.perseus-grc2.xml
Argonautica,tlg001,3,130,"ἤπαφες, οὐδὲ δίκῃ περιέπλεο νῆιν ἐόντα;","ἤπαφες, οὐδὲ δίκῃ περιέπλεο νῆιν ἐόντα;",tlg0001.tlg001.perseus-grc2.xml
Argonautica,tlg001,3,131,"εἰ δʼ ἄγε μοι πρόφρων τέλεσον χρέος, ὅττι κεν εἴπω·","εἰ δ’ ἄγε μοι πρόφρων τέλεσον χρέος, ὅττι κεν εἴπω·",tlg0001.tlg001.perseus-grc2.xml
Argonautica,tlg001,3,132,καί κέν τοι ὀπάσαιμι Διὸς περικαλλὲς ἄθυρμα,καί κέν τοι ὀπάσαιμι Διὸς περικαλλὲς ἄθυρμα,tlg0001.tlg001.perseus-grc2.xml
Argonautica,tlg001,3,133,"κεῖνο, τό οἱ ποίησε φίλη τροφὸς Ἀδρήστεια","κεῖνο, τό οἱ ποίησε φίλη τροφὸς Ἀδρήστεια",tlg0001.tlg001.perseus-grc2.xml
Argonautica,tlg001,3,134,"ἄντρῳ ἐν Ἰδαίῳ ἔτι νήπια κουρίζοντι,","ἄντρῳ ἐν Ἰδαίῳ ἔτι νήπια κουρίζοντι,",tlg0001.tlg001.perseus-grc2.xml
Argonautica,tlg001,3,135,"σφαῖραν ἐυτρόχαλον, τῆς οὐ σύγε μείλιον ἄλλο","σφαῖραν ἐυτρόχαλον, τῆς οὐ σύγε μείλιον ἄλλο",tlg0001.tlg001.perseus-grc2.xml
Argonautica,tlg001,3,136,χειρῶν Ἡφαίστοιο κατακτεατίσσῃ ἄρειον.,χειρῶν Ἡφαίστοιο κατακτεατίσσῃ ἄρειον.,tlg0001.tlg001.perseus-grc2.xml
Argonautica,tlg001,3,137,χρύσεα μέν οἱ κύκλα τετεύχαται· ἀμφὶ δʼ ἑκάστῳ,χρύσεα μέν οἱ κύκλα τετεύχαται· ἀμφὶ δ’ ἑκάστῳ,tlg0001.tlg001.perseus-grc2.xml
Argonautica,tlg001,3,138,διπλόαι ἁψῖδες περιηγέες εἱλίσσονται·,διπλόαι ἁψῖδες περιηγέες εἱλίσσονται·,tlg0001.tlg001.perseus-grc2.xml
Argonautica,tlg001,3,139,κρυπταὶ δὲ ῥαφαί εἰσιν· ἕλιξ δʼ ἐπιδέδρομε πάσαις,κρυπταὶ δὲ ῥαφαί εἰσιν· ἕλιξ δ’ ἐπιδέδρομε πάσαις,tlg0001.tlg001.perseus-grc2.xml
Argonautica,tlg001,3,140,"κυανέη. ἀτὰρ εἴ μιν ἑαῖς ἐνὶ χερσὶ βάλοιο,","κυανέη. ἀτὰρ εἴ μιν ἑαῖς ἐνὶ χερσὶ βάλοιο,",tlg0001.tlg001.perseus-grc2.xml
Argonautica,tlg001,3,141,"ἀστὴρ ὥς, φλεγέθοντα διʼ ἠέρος ὁλκὸν ἵησιν.","ἀστὴρ ὥς, φλεγέθοντα δι’ ἠέρος ὁλκὸν ἵησιν.",tlg0001.tlg001.perseus-grc2.xml
Argonautica,tlg001,3,142,τήν τοι ἐγὼν ὀπάσω· σὺ δὲ παρθένον Αἰήταο,τήν τοι ἐγὼν ὀπάσω· σὺ δὲ παρθένον Αἰήταο,tlg0001.tlg001.perseus-grc2.xml
Argonautica,tlg001,3,143,θέλξον ὀιστεύσας ἐπʼ Ἰήσονι· μηδέ τις ἔστω,θέλξον ὀιστεύσας ἐπ’ Ἰήσονι· μηδέ τις ἔστω,tlg0001.tlg001.perseus-grc2.xml
Argonautica,tlg001,3,144,ἀμβολίη. δὴ γάρ κεν ἀφαυροτέρη χάρις εἴη.,ἀμβολίη. δὴ γάρ κεν ἀφαυροτέρη χάρις εἴη.,tlg0001.tlg001.perseus-grc2.xml
Argonautica,tlg001,3,145,ὧς φάτο· τῷ δʼ ἀσπαστὸν ἔπος γένετʼ εἰσαΐοντι.,ὧς φάτο· τῷ δ’ ἀσπαστὸν ἔπος γένετ’ εἰσαΐοντι.,tlg0001.tlg001.perseus-grc2.xml
Argonautica,tlg001,3,146,"μείλια δʼ ἔκβαλε πάντα, καὶ ἀμφοτέρῃσι χιτῶνος","μείλια δ’ ἔκβαλε πάντα, καὶ ἀμφοτέρῃσι χιτῶνος",tlg0001.tlg001.perseus-grc2.xml
Argonautica,tlg001,3,147,νωλεμὲς ἔνθα καὶ ἔνθα θεᾶς ἔχεν ἀμφιμεμαρπώς.,νωλεμὲς ἔνθα καὶ ἔνθα θεᾶς ἔχεν ἀμφιμεμαρπώς.,tlg0001.tlg001.perseus-grc2.xml
Argonautica,tlg001,3,148,λίσσετο δʼ αἶψα πορεῖν αὐτοσχεδόν· ἡ δʼ ἀγανοῖσιν,λίσσετο δ’ αἶψα πορεῖν αὐτοσχεδόν· ἡ δ’ ἀγανοῖσιν,tlg0001.tlg001.perseus-grc2.xml
Argonautica,tlg001,3,149,"ἀντομένη μύθοισιν, ἐπειρύσσασα παρειάς,","ἀντομένη μύθοισιν, ἐπειρύσσασα παρειάς,",tlg0001.tlg001.perseus-grc2.xml
Argonautica,tlg001,3,150,"κύσσε ποτισχομένη, καὶ ἀμείβετο μειδιόωσα·","κύσσε ποτισχομένη, καὶ ἀμείβετο μειδιόωσα·",tlg0001.tlg001.perseus-grc2.xml
Argonautica,tlg001,3,151,"ἴστω νῦν τόδε σεῖο φίλον κάρη ἠδʼ ἐμὸν αὐτῆς,","ἴστω νῦν τόδε σεῖο φίλον κάρη ἠδ’ ἐμὸν αὐτῆς,",tlg0001.tlg001.perseus-grc2.xml
Argonautica,tlg001,3,152,"ἦ μέν τοι δῶρόν γε παρέξομαι, οὐδʼ ἀπατήσω,","ἦ μέν τοι δῶρόν γε παρέξομαι, οὐδ’ ἀπατήσω,",tlg0001.tlg001.perseus-grc2.xml
Argonautica,tlg001,3,153,εἴ κεν ἐνισκίμψῃς κούρῃ βέλος Αἰήταο.,εἴ κεν ἐνισκίμψῃς κούρῃ βέλος Αἰήταο.,tlg0001.tlg001.perseus-grc2.xml
Argonautica,tlg001,3,154,"φῆ· ὁ δʼ ἄρʼ ἀστραγάλους συναμήσατο, κὰδ δὲ φαεινῷ","φῆ· ὁ δ’ ἄρ’ ἀστραγάλους συναμήσατο, κὰδ δὲ φαεινῷ",tlg0001.tlg001.perseus-grc2.xml
Argonautica,tlg001,3,155,μητρὸς ἑῆς εὖ πάντας ἀριθμήσας βάλε κόλπῳ.,μητρὸς ἑῆς εὖ πάντας ἀριθμήσας βάλε κόλπῳ.,tlg0001.tlg001.perseus-grc2.xml
Argonautica,tlg001,3,156,αὐτίκα δʼ ἰοδόκην χρυσέῃ περικάτθετο μίτρῃ,αὐτίκα δ’ ἰοδόκην χρυσέῃ περικάτθετο μίτρῃ,tlg0001.tlg001.perseus-grc2.xml
Argonautica,tlg001,3,157,πρέμνῳ κεκλιμένην· ἀνὰ δʼ ἀγκύλον εἵλετο τόξον.,πρέμνῳ κεκλιμένην· ἀνὰ δ’ ἀγκύλον εἵλετο τόξον.,tlg0001.tlg001.perseus-grc2.xml
Argonautica,tlg001,3,158,βῆ δὲ διὲκ μεγάροιο Διὸς πάγκαρπον ἀλωήν.,βῆ δὲ διὲκ μεγάροιο Διὸς πάγκαρπον ἀλωήν.,tlg0001.tlg001.perseus-grc2.xml
Argonautica,tlg001,3,159,αὐτὰρ ἔπειτα πύλας ἐξήλυθεν Οὐλύμποιο,αὐτὰρ ἔπειτα πύλας ἐξήλυθεν Οὐλύμποιο,tlg0001.tlg001.perseus-grc2.xml
Argonautica,tlg001,3,160,αἰθερίας· ἔνθεν δὲ καταιβάτις ἐστὶ κέλευθος,αἰθερίας· ἔνθεν δὲ καταιβάτις ἐστὶ κέλευθος,tlg0001.tlg001.perseus-grc2.xml
Argonautica,tlg001,3,161,οὐρανίη· δοιὼ δὲ πόλοι ἀνέχουσι κάρηνα,οὐρανίη· δοιὼ δὲ πόλοι ἀνέχουσι κάρηνα,tlg0001.tlg001.perseus-grc2.xml
Argonautica,tlg001,3,162,"οὐρέων ἠλιβάτων, κορυφαὶ χθονός, ᾗχί τʼ ἀερθεὶς","οὐρέων ἠλιβάτων, κορυφαὶ χθονός, ᾗχί τ’ ἀερθεὶς",tlg0001.tlg001.perseus-grc2.xml
Argonautica,tlg001,3,163,ἠέλιος πρώτῃσιν ἐρεύθεται ἀκτίνεσσιν.,ἠέλιος πρώτῃσιν ἐρεύθεται ἀκτίνεσσιν.,tlg0001.tlg001.perseus-grc2.xml
Argonautica,tlg001,3,164,νειόθι δʼ ἄλλοτε γαῖα φερέσβιος ἄστεά τʼ ἀνδρῶν,νειόθι δ’ ἄλλοτε γαῖα φερέσβιος ἄστεά τ’ ἀνδρῶν,tlg0001.tlg001.perseus-grc2.xml
Argonautica,tlg001,3,165,"φαίνετο καὶ ποταμῶν ἱεροὶ ῥόοι, ἄλλοτε δʼ αὖτε","φαίνετο καὶ ποταμῶν ἱεροὶ ῥόοι, ἄλλοτε δ’ αὖτε",tlg0001.tlg001.perseus-grc2.xml
Argonautica,tlg001,3,166,"ἄκριες, ἀμφὶ δὲ πόντος ἀνʼ αἰθέρα πολλὸν ἰόντι.","ἄκριες, ἀμφὶ δὲ πόντος ἀν’ αἰθέρα πολλὸν ἰόντι.",tlg0001.tlg001.perseus-grc2.xml
Argonautica,tlg001,3,167,ἥρωες δʼ ἀπάνευθεν ἑῆς ἐπὶ σέλμασι νηὸς,ἥρωες δ’ ἀπάνευθεν ἑῆς ἐπὶ σέλμασι νηὸς,tlg0001.tlg001.perseus-grc2.xml
Argonautica,tlg001,3,168,ἐν ποταμῷ καθʼ ἕλος λελοχημένοι ἠγορόωντο.,ἐν ποταμῷ καθ’ ἕλος λελοχημένοι ἠγορόωντο.,tlg0001.tlg001.perseus-grc2.xml
Argonautica,tlg001,3,169,αὐτὸς δʼ Αἰσονίδης μετεφώνεεν· οἱ δʼ ὑπάκουον,αὐτὸς δ’ Αἰσονίδης μετεφώνεεν· οἱ δ’ ὑπάκουον,tlg0001.tlg001.perseus-grc2.xml
Argonautica,tlg001,3,170,ἠρέμας ᾗ ἐνὶ χώρῃ ἐπισχερὼ ἑδριόωντες·,ἠρέμας ᾗ ἐνὶ χώρῃ ἐπισχερὼ ἑδριόωντες·,tlg0001.tlg001.perseus-grc2.xml
Argonautica,tlg001,3,171,"ὦ φίλοι, ἤτοι ἐγὼ μὲν ὅ μοι ἐπιανδάνει αὐτῷ","ὦ φίλοι, ἤτοι ἐγὼ μὲν ὅ μοι ἐπιανδάνει αὐτῷ",tlg0001.tlg001.perseus-grc2.xml
Argonautica,tlg001,3,172,ἐξερέω· τοῦ δʼ ὔμμι τέλος κρηῆναι ἔοικεν.,ἐξερέω· τοῦ δ’ ὔμμι τέλος κρηῆναι ἔοικεν.,tlg0001.tlg001.perseus-grc2.xml
Argonautica,tlg001,3,173,"ξυνὴ γὰρ χρειώ, ξυνοὶ δέ τε μῦθοι ἔασιν","ξυνὴ γὰρ χρειώ, ξυνοὶ δέ τε μῦθοι ἔασιν",tlg0001.tlg001.perseus-grc2.xml
Argonautica,tlg001,3,174,πᾶσιν ὁμῶς· ὁ δὲ σῖγα νόον βουλήν τʼ ἀπερύκων,πᾶσιν ὁμῶς· ὁ δὲ σῖγα νόον βουλήν τ’ ἀπερύκων,tlg0001.tlg001.perseus-grc2.xml
Argonautica,tlg001,3,175,ἴστω καὶ νόστου τόνδε στόλον οἶος ἀπούρας.,ἴστω καὶ νόστου τόνδε στόλον οἶος ἀπούρας.,tlg0001.tlg001.perseus-grc2.xml
Argonautica,tlg001,3,176,ὧλλοι μὲν κατὰ νῆα σὺν ἔντεσι μίμνεθʼ ἕκηλοι·,ὧλλοι μὲν κατὰ νῆα σὺν ἔντεσι μίμνεθ’ ἕκηλοι·,tlg0001.tlg001.perseus-grc2.xml
Argonautica,tlg001,3,177,"αὐτὰρ ἐγὼν ἐς δώματʼ ἐλεύσομαι Αἰήταο,","αὐτὰρ ἐγὼν ἐς δώματ’ ἐλεύσομαι Αἰήταο,",tlg0001.tlg001.perseus-grc2.xml
Argonautica,tlg001,3,178,υἷας ἑλὼν Φρίξοιο δύω δʼ ἐπὶ τοῖσιν ἑταίρους.,υἷας ἑλὼν Φρίξοιο δύω δ’ ἐπὶ τοῖσιν ἑταίρους.,tlg0001.tlg001.perseus-grc2.xml
Argonautica,tlg001,3,179,"πειρήσω δʼ ἐπέεσσι παροίτερον ἀντιβολήσας,","πειρήσω δ’ ἐπέεσσι παροίτερον ἀντιβολήσας,",tlg0001.tlg001.perseus-grc2.xml
Argonautica,tlg001,3,180,"εἴ κʼ ἐθέλοι φιλότητι δέρος χρύσειον ὀπάσσαι,","εἴ κ’ ἐθέλοι φιλότητι δέρος χρύσειον ὀπάσσαι,",tlg0001.tlg001.perseus-grc2.xml
Argonautica,tlg001,3,181,"ἦε καὶ οὔ, πίσυνος δὲ βίῃ μετιόντας ἀτίσσει.","ἦε καὶ οὔ, πίσυνος δὲ βίῃ μετιόντας ἀτίσσει.",tlg0001.tlg001.perseus-grc2.xml
Argonautica,tlg001,3,182,ὧδε γὰρ ἐξ αὐτοῖο πάρος κακότητα δαέντες,ὧδε γὰρ ἐξ αὐτοῖο πάρος κακότητα δαέντες,tlg0001.tlg001.perseus-grc2.xml
Argonautica,tlg001,3,183,"φρασσόμεθʼ, εἴτʼ ἄρηι συνοισόμεθʼ εἴτε τις ἄλλη","φρασσόμεθ’, εἴτ’ ἄρηι συνοισόμεθ’ εἴτε τις ἄλλη",tlg0001.tlg001.perseus-grc2.xml
Argonautica,tlg001,3,184,μῆτις ἐπίρροθος ἔσται ἐεργομένοισιν ἀυτῆς.,μῆτις ἐπίρροθος ἔσται ἐεργομένοισιν ἀυτῆς.,tlg0001.tlg001.perseus-grc2.xml
Argonautica,tlg001,3,185,"μηδʼ αὔτως ἀλκῇ, πρὶν ἔπεσσί γε πειρηθῆναι,","μηδ’ αὔτως ἀλκῇ, πρὶν ἔπεσσί γε πειρηθῆναι,",tlg0001.tlg001.perseus-grc2.xml
Argonautica,tlg001,3,186,τόνδʼ ἀπαμείρωμεν σφέτερον κτέρας. ἀλλὰ πάροιθεν,τόνδ’ ἀπαμείρωμεν σφέτερον κτέρας. ἀλλὰ πάροιθεν,tlg0001.tlg001.perseus-grc2.xml
Argonautica,tlg001,3,187,λωίτερον μύθῳ μιν ἀρέσσασθαι μετιόντας.,λωίτερον μύθῳ μιν ἀρέσσασθαι μετιόντας.,tlg0001.tlg001.perseus-grc2.xml
Argonautica,tlg001,3,188,"πολλάκι τοι ῥέα μῦθος, ὅ κεν μόλις ἐξανύσειεν","πολλάκι τοι ῥέα μῦθος, ὅ κεν μόλις ἐξανύσειεν",tlg0001.tlg001.perseus-grc2.xml
Argonautica,tlg001,3,189,"ἠνορέη, τόδʼ ἔρεξε κατὰ χρέος, ᾗπερ ἐῴκει","ἠνορέη, τόδ’ ἔρεξε κατὰ χρέος, ᾗπερ ἐῴκει",tlg0001.tlg001.perseus-grc2.xml
Argonautica,tlg001,3,190,πρηΰνας. ὁ δὲ καί ποτʼ ἀμύμονα Φρίξον ἔδεκτο,πρηΰνας. ὁ δὲ καί ποτ’ ἀμύμονα Φρίξον ἔδεκτο,tlg0001.tlg001.perseus-grc2.xml
Argonautica,tlg001,3,191,μητρυιῆς φεύγοντα δόλον πατρός τε θυηλάς.,μητρυιῆς φεύγοντα δόλον πατρός τε θυηλάς.,tlg0001.tlg001.perseus-grc2.xml
Argonautica,tlg001,3,192,"πάντες ἐπεὶ πάντῃ καὶ ὅτις μάλα κύντατος ἀνδρῶν,","πάντες ἐπεὶ πάντῃ καὶ ὅτις μάλα κύντατος ἀνδρῶν,",tlg0001.tlg001.perseus-grc2.xml
Argonautica,tlg001,3,193,ξεινίου αἰδεῖται Ζηνὸς θέμιν ἠδʼ ἀλεγίζει.,ξεινίου αἰδεῖται Ζηνὸς θέμιν ἠδ’ ἀλεγίζει.,tlg0001.tlg001.perseus-grc2.xml
Argonautica,tlg001,3,194,ὧς φάτʼ· ἐπῄνησαν δὲ νέοι ἔπος Αἰσονίδαο,ὧς φάτ’· ἐπῄνησαν δὲ νέοι ἔπος Αἰσονίδαο,tlg0001.tlg001.perseus-grc2.xml
Argonautica,tlg001,3,195,"πασσυδίῃ, οὐδʼ ἔσκε παρὲξ ὅτις ἄλλο κελεύοι.","πασσυδίῃ, οὐδ’ ἔσκε παρὲξ ὅτις ἄλλο κελεύοι.",tlg0001.tlg001.perseus-grc2.xml
Argonautica,tlg001,3,196,καὶ τότʼ ἄρʼ υἱῆας Φρίξου Τελαμῶνά θʼ ἕπεσθαι,καὶ τότ’ ἄρ’ υἱῆας Φρίξου Τελαμῶνά θ’ ἕπεσθαι,tlg0001.tlg001.perseus-grc2.xml
Argonautica,tlg001,3,197,ὦρσε καὶ Αὐγείην· αὐτὸς δʼ ἕλεν Ἑρμείαο,ὦρσε καὶ Αὐγείην· αὐτὸς δ’ ἕλεν Ἑρμείαο,tlg0001.tlg001.perseus-grc2.xml
Argonautica,tlg001,3,198,σκῆπτρον· ἄφαρ δʼ ἄρα νηὸς ὑπὲρ δόνακάς τε καὶ ὕδωρ,σκῆπτρον· ἄφαρ δ’ ἄρα νηὸς ὑπὲρ δόνακάς τε καὶ ὕδωρ,tlg0001.tlg001.perseus-grc2.xml
Argonautica,tlg001,3,199,χέρσονδʼ ἐξαπέβησαν ἐπὶ θρῳσμοῦ πεδίοιο.,χέρσονδ’ ἐξαπέβησαν ἐπὶ θρῳσμοῦ πεδίοιο.,tlg0001.tlg001.perseus-grc2.xml
Argonautica,tlg001,3,200,Κιρκαῖον τόδε που κικλήσκεται· ἔνθα δὲ πολλαὶ,Κιρκαῖον τόδε που κικλήσκεται· ἔνθα δὲ πολλαὶ,tlg0001.tlg001.perseus-grc2.xml
Argonautica,tlg001,3,201,"ἑξείης πρόμαλοί τε καὶ ἰτέαι ἐκπεφύασιν,","ἑξείης πρόμαλοί τε καὶ ἰτέαι ἐκπεφύασιν,",tlg0001.tlg001.perseus-grc2.xml
Argonautica,tlg001,3,202,τῶν καὶ ἐπʼ ἀκροτάτων νέκυες σειρῇσι κρέμανται,τῶν καὶ ἐπ’ ἀκροτάτων νέκυες σειρῇσι κρέμανται,tlg0001.tlg001.perseus-grc2.xml
Argonautica,tlg001,3,203,δέσμιοι. εἰσέτι νῦν γὰρ ἄγος Κόλχοισιν ὄρωρεν,δέσμιοι. εἰσέτι νῦν γὰρ ἄγος Κόλχοισιν ὄρωρεν,tlg0001.tlg001.perseus-grc2.xml
Argonautica,tlg001,3,204,ἀνέρας οἰχομένους πυρὶ καιέμεν· οὐδʼ ἐνὶ γαίῃ,ἀνέρας οἰχομένους πυρὶ καιέμεν· οὐδ’ ἐνὶ γαίῃ,tlg0001.tlg001.perseus-grc2.xml
Argonautica,tlg001,3,205,"ἔστι θέμις στείλαντας ὕπερθʼ ἐπὶ σῆμα χέεσθαι,","ἔστι θέμις στείλαντας ὕπερθ’ ἐπὶ σῆμα χέεσθαι,",tlg0001.tlg001.perseus-grc2.xml
Argonautica,tlg001,3,206,ἀλλʼ ἐν ἀδεψήτοισι κατειλύσαντε βοείαις,ἀλλ’ ἐν ἀδεψήτοισι κατειλύσαντε βοείαις,tlg0001.tlg001.perseus-grc2.xml
Argonautica,tlg001,3,207,δενδρέων ἐξάπτειν ἑκὰς ἄστεος. ἠέρι δʼ ἴσην,δενδρέων ἐξάπτειν ἑκὰς ἄστεος. ἠέρι δ’ ἴσην,tlg0001.tlg001.perseus-grc2.xml
Argonautica,tlg001,3,208,"καὶ χθὼν ἔμμορεν αἶσαν, ἐπεὶ χθονὶ ταρχύουσιν","καὶ χθὼν ἔμμορεν αἶσαν, ἐπεὶ χθονὶ ταρχύουσιν",tlg0001.tlg001.perseus-grc2.xml
Argonautica,tlg001,3,209,θηλυτέρας· ἡ γάρ τε δίκη θεσμοῖο τέτυκται.,θηλυτέρας· ἡ γάρ τε δίκη θεσμοῖο τέτυκται.,tlg0001.tlg001.perseus-grc2.xml
Argonautica,tlg001,3,210,τοῖσι δὲ νισσομένοις Ἥρη φίλα μητιόωσα,τοῖσι δὲ νισσομένοις Ἥρη φίλα μητιόωσα,tlg0001.tlg001.perseus-grc2.xml
Argonautica,tlg001,3,211,"ἠέρα πουλὺν ἐφῆκε διʼ ἄστεος, ὄφρα λάθοιεν","ἠέρα πουλὺν ἐφῆκε δι’ ἄστεος, ὄφρα λάθοιεν",tlg0001.tlg001.perseus-grc2.xml
Argonautica,tlg001,3,212,Κόλχων μυρίον ἔθνος ἐς Αἰήταο κιόντες.,Κόλχων μυρίον ἔθνος ἐς Αἰήταο κιόντες.,tlg0001.tlg001.perseus-grc2.xml
Argonautica,tlg001,3,213,ὦκα δʼ ὅτʼ ἐκ πεδίοιο πόλιν καὶ δώμαθʼ ἵκοντο,ὦκα δ’ ὅτ’ ἐκ πεδίοιο πόλιν καὶ δώμαθ’ ἵκοντο,tlg0001.tlg001.perseus-grc2.xml
Argonautica,tlg001,3,214,"Αἰήτεω, τότε δʼ αὖτις ἀπεσκέδασεν νέφος Ἥρη.","Αἰήτεω, τότε δ’ αὖτις ἀπεσκέδασεν νέφος Ἥρη.",tlg0001.tlg001.perseus-grc2.xml
Argonautica,tlg001,3,215,ἔσταν δʼ ἐν προμολῇσι τεθηπότες ἕρκεʼ ἄνακτος,ἔσταν δ’ ἐν προμολῇσι τεθηπότες ἕρκε’ ἄνακτος,tlg0001.tlg001.perseus-grc2.xml
Argonautica,tlg001,3,216,"εὐρείας τε πύλας καὶ κίονας, οἳ περὶ τοίχους","εὐρείας τε πύλας καὶ κίονας, οἳ περὶ τοίχους",tlg0001.tlg001.perseus-grc2.xml
Argonautica,tlg001,3,217,ἑξείης ἄνεχον· θριγκὸς δʼ ἐφύπερθε δόμοιο,ἑξείης ἄνεχον· θριγκὸς δ’ ἐφύπερθε δόμοιο,tlg0001.tlg001.perseus-grc2.xml
Argonautica,tlg001,3,218,λαΐνεος χαλκέῃσιν ἐπὶ γλυφίδεσσιν ἀρήρει.,λαΐνεος χαλκέῃσιν ἐπὶ γλυφίδεσσιν ἀρήρει.,tlg0001.tlg001.perseus-grc2.xml
Argonautica,tlg001,3,219,εὔκηλοι δʼ ὑπὲρ οὐδὸν ἔπειτʼ ἔβαν. ἄγχι δὲ τοῖο,εὔκηλοι δ’ ὑπὲρ οὐδὸν ἔπειτ’ ἔβαν. ἄγχι δὲ τοῖο,tlg0001.tlg001.perseus-grc2.xml
Argonautica,tlg001,3,220,ἡμερίδες χλοεροῖσι καταστεφέες πετάλοισιν,ἡμερίδες χλοεροῖσι καταστεφέες πετάλοισιν,tlg0001.tlg001.perseus-grc2.xml
Argonautica,tlg001,3,221,ὑψοῦ ἀειρόμεναι μέγʼ ἐθήλεον. αἱ δʼ ὑπὸ τῇσιν,ὑψοῦ ἀειρόμεναι μέγ’ ἐθήλεον. αἱ δ’ ὑπὸ τῇσιν,tlg0001.tlg001.perseus-grc2.xml
Argonautica,tlg001,3,222,"ἀέναοι κρῆναι πίσυρες ῥέον, ἃς ἐλάχηνεν","ἀέναοι κρῆναι πίσυρες ῥέον, ἃς ἐλάχηνεν",tlg0001.tlg001.perseus-grc2.xml
Argonautica,tlg001,3,223,"Ἥφαιστος. καί ῥʼ ἡ μέν ἀναβλύεσκε γάλακτι,","Ἥφαιστος. καί ῥ’ ἡ μέν ἀναβλύεσκε γάλακτι,",tlg0001.tlg001.perseus-grc2.xml
Argonautica,tlg001,3,224,"ἡ δʼ οἴνῳ, τριτάτη δὲ θυώδεϊ νᾶεν ἀλοιφῇ·","ἡ δ’ οἴνῳ, τριτάτη δὲ θυώδεϊ νᾶεν ἀλοιφῇ·",tlg0001.tlg001.perseus-grc2.xml
Argonautica,tlg001,3,225,"ἡ δʼ ἄρʼ ὕδωρ προρέεσκε, τὸ μέν ποθι δυομένῃσιν","ἡ δ’ ἄρ’ ὕδωρ προρέεσκε, τὸ μέν ποθι δυομένῃσιν",tlg0001.tlg001.perseus-grc2.xml
Argonautica,tlg001,3,226,"θέρμετο Πληιάδεσσιν, ἀμοιβηδὶς δʼ ἀνιούσαις","θέρμετο Πληιάδεσσιν, ἀμοιβηδὶς δ’ ἀνιούσαις",tlg0001.tlg001.perseus-grc2.xml
Argonautica,tlg001,3,227,κρυστάλλῳ ἴκελον κοίλης ἀνεκήκιε πέτρης.,κρυστάλλῳ ἴκελον κοίλης ἀνεκήκιε πέτρης.,tlg0001.tlg001.perseus-grc2.xml
Argonautica,tlg001,3,228,τοῖʼ ἄρʼ ἐνὶ μεγάροισι Κυταιέος Αἰήταο,τοῖ’ ἄρ’ ἐνὶ μεγάροισι Κυταιέος Αἰήταο,tlg0001.tlg001.perseus-grc2.xml
Argonautica,tlg001,3,229,τεχνήεις Ἥφαιστος ἐμήσατο θέσκελα ἔργα.,τεχνήεις Ἥφαιστος ἐμήσατο θέσκελα ἔργα.,tlg0001.tlg001.perseus-grc2.xml
Argonautica,tlg001,3,230,"καί οἱ χαλκόποδας ταύρους κάμε, χάλκεα δέ σφεων","καί οἱ χαλκόποδας ταύρους κάμε, χάλκεα δέ σφεων",tlg0001.tlg001.perseus-grc2.xml
Argonautica,tlg001,3,231,"ἦν στόματʼ, ἐκ δὲ πυρὸς δεινὸν σέλας ἀμπνείεσκον·","ἦν στόματ’, ἐκ δὲ πυρὸς δεινὸν σέλας ἀμπνείεσκον·",tlg0001.tlg001.perseus-grc2.xml
Argonautica,tlg001,3,232,πρὸς δὲ καὶ αὐτόγυον στιβαροῦ ἀδάμαντος ἄροτρον,πρὸς δὲ καὶ αὐτόγυον στιβαροῦ ἀδάμαντος ἄροτρον,tlg0001.tlg001.perseus-grc2.xml
Argonautica,tlg001,3,233,"ἤλασεν, Ἠελίῳ τίνων χάριν, ὅς ῥά μιν ἵπποις","ἤλασεν, Ἠελίῳ τίνων χάριν, ὅς ῥά μιν ἵπποις",tlg0001.tlg001.perseus-grc2.xml
Argonautica,tlg001,3,234,"δέξατο, Φλεγραίῃ κεκμηότα δηιοτῆτι.","δέξατο, Φλεγραίῃ κεκμηότα δηιοτῆτι.",tlg0001.tlg001.perseus-grc2.xml
Argonautica,tlg001,3,235,ἔνθα δὲ καὶ μέσσαυλος ἐλήλατο· τῇ δʼ ἐπὶ πολλαὶ,ἔνθα δὲ καὶ μέσσαυλος ἐλήλατο· τῇ δ’ ἐπὶ πολλαὶ,tlg0001.tlg001.perseus-grc2.xml
Argonautica,tlg001,3,236,δικλίδες εὐπηγεῖς θάλαμοί τʼ ἔσαν ἔνθα καὶ ἔνθα·,δικλίδες εὐπηγεῖς θάλαμοί τ’ ἔσαν ἔνθα καὶ ἔνθα·,tlg0001.tlg001.perseus-grc2.xml
Argonautica,tlg001,3,237,δαιδαλέη δʼ αἴθουσα παρὲξ ἑκάτερθε τέτυκτο.,δαιδαλέη δ’ αἴθουσα παρὲξ ἑκάτερθε τέτυκτο.,tlg0001.tlg001.perseus-grc2.xml
Argonautica,tlg001,3,238,λέχρις δʼ αἰπύτεροι δόμοι ἕστασαν ἀμφοτέρωθεν.,λέχρις δ’ αἰπύτεροι δόμοι ἕστασαν ἀμφοτέρωθεν.,tlg0001.tlg001.perseus-grc2.xml
Argonautica,tlg001,3,239,"τῶν ἤτοι ἄλλῳ μέν, ὅτις καὶ ὑπείροχος ἦεν,","τῶν ἤτοι ἄλλῳ μέν, ὅτις καὶ ὑπείροχος ἦεν,",tlg0001.tlg001.perseus-grc2.xml
Argonautica,tlg001,3,240,κρείων Αἰήτης σὺν ἑῇ ναίεσκε δάμαρτι·,κρείων Αἰήτης σὺν ἑῇ ναίεσκε δάμαρτι·,tlg0001.tlg001.perseus-grc2.xml
Argonautica,tlg001,3,241,ἄλλῳ δʼ Ἄψυρτος ναῖεν πάις Αἰήταο.,ἄλλῳ δ’ Ἄψυρτος ναῖεν πάις Αἰήταο.,tlg0001.tlg001.perseus-grc2.xml
Argonautica,tlg001,3,242,τὸν μὲν Καυκασίη νύμφη τέκεν Ἀστερόδεια,τὸν μὲν Καυκασίη νύμφη τέκεν Ἀστερόδεια,tlg0001.tlg001.perseus-grc2.xml
Argonautica,tlg001,3,243,"πρίν περ κουριδίην θέσθαι Εἰδυῖαν ἄκοιτιν,","πρίν περ κουριδίην θέσθαι Εἰδυῖαν ἄκοιτιν,",tlg0001.tlg001.perseus-grc2.xml
Argonautica,tlg001,3,244,Τηθύος Ὠκεανοῦ τε πανοπλοτάτην γεγαυῖαν.,Τηθύος Ὠκεανοῦ τε πανοπλοτάτην γεγαυῖαν.,tlg0001.tlg001.perseus-grc2.xml
Argonautica,tlg001,3,245,καί μιν Κόλχων υἷες ἐπωνυμίην Φαέθοντα,καί μιν Κόλχων υἷες ἐπωνυμίην Φαέθοντα,tlg0001.tlg001.perseus-grc2.xml
Argonautica,tlg001,3,246,"ἔκλεον, οὕνεκα πᾶσι μετέπρεπεν ἠιθέοισιν.","ἔκλεον, οὕνεκα πᾶσι μετέπρεπεν ἠιθέοισιν.",tlg0001.tlg001.perseus-grc2.xml
Argonautica,tlg001,3,247,τοὺς δʼ ἔχον ἀμφίπολοί τε καὶ Αἰήταο θύγατρες,τοὺς δ’ ἔχον ἀμφίπολοί τε καὶ Αἰήταο θύγατρες,tlg0001.tlg001.perseus-grc2.xml
Argonautica,tlg001,3,248,"ἄμφω, Χαλκιόπη Μήδειά τε. τὴν μὲν ἄρʼ οἵγε","ἄμφω, Χαλκιόπη Μήδειά τε. τὴν μὲν ἄρ’ οἵγε",tlg0001.tlg001.perseus-grc2.xml
Argonautica,tlg001,3,249,ἐκ θαλάμου θάλαμόνδε κασιγνήτην μετιοῦσαν—,ἐκ θαλάμου θάλαμόνδε κασιγνήτην μετιοῦσαν—,tlg0001.tlg001.perseus-grc2.xml
Argonautica,tlg001,3,250,Ἥρη γάρ μιν ἔρυκε δόμῳ· πρὶν δʼ οὔτι θάμιζεν,Ἥρη γάρ μιν ἔρυκε δόμῳ· πρὶν δ’ οὔτι θάμιζεν,tlg0001.tlg001.perseus-grc2.xml
Argonautica,tlg001,3,251,"ἐν μεγάροις, Ἑκάτης δὲ πανήμερος ἀμφεπονεῖτο","ἐν μεγάροις, Ἑκάτης δὲ πανήμερος ἀμφεπονεῖτο",tlg0001.tlg001.perseus-grc2.xml
Argonautica,tlg001,3,252,"νηόν, ἐπεί ῥα θεᾶς αὐτὴ πέλεν ἀρήτειρα—","νηόν, ἐπεί ῥα θεᾶς αὐτὴ πέλεν ἀρήτειρα—",tlg0001.tlg001.perseus-grc2.xml
Argonautica,tlg001,3,253,"καί σφεας ὡς ἴδεν ἆσσον, ἀνίαχεν· ὀξὺ δʼ ἄκουσεν","καί σφεας ὡς ἴδεν ἆσσον, ἀνίαχεν· ὀξὺ δ’ ἄκουσεν",tlg0001.tlg001.perseus-grc2.xml
Argonautica,tlg001,3,254,Χαλκιόπη· δμωαὶ δὲ ποδῶν προπάροιθε βαλοῦσαι,Χαλκιόπη· δμωαὶ δὲ ποδῶν προπάροιθε βαλοῦσαι,tlg0001.tlg001.perseus-grc2.xml
Argonautica,tlg001,3,255,νήματα καὶ κλωστῆρας ἀολλέες ἔκτοθι πᾶσαι,νήματα καὶ κλωστῆρας ἀολλέες ἔκτοθι πᾶσαι,tlg0001.tlg001.perseus-grc2.xml
Argonautica,tlg001,3,256,ἔδραμον. ἡ δʼ ἅμα τοῖσιν ἑοὺς υἱῆας ἰδοῦσα,ἔδραμον. ἡ δ’ ἅμα τοῖσιν ἑοὺς υἱῆας ἰδοῦσα,tlg0001.tlg001.perseus-grc2.xml
Argonautica,tlg001,3,257,ὑψοῦ χάρματι χεῖρας ἀνέσχεθεν· ὧς δὲ καὶ αὐτοὶ,ὑψοῦ χάρματι χεῖρας ἀνέσχεθεν· ὧς δὲ καὶ αὐτοὶ,tlg0001.tlg001.perseus-grc2.xml
Argonautica,tlg001,3,258,"μητέρα δεξιόωντο, καὶ ἀμφαγάπαζον ἰδόντες","μητέρα δεξιόωντο, καὶ ἀμφαγάπαζον ἰδόντες",tlg0001.tlg001.perseus-grc2.xml
Argonautica,tlg001,3,259,γηθόσυνοι· τοῖον δὲ κινυρομένη φάτο μῦθον·,γηθόσυνοι· τοῖον δὲ κινυρομένη φάτο μῦθον·,tlg0001.tlg001.perseus-grc2.xml
Argonautica,tlg001,3,260,ἔμπης οὐκ ἄρʼ ἐμέλλετʼ ἀκηδείῃ με λιπόντες,ἔμπης οὐκ ἄρ’ ἐμέλλετ’ ἀκηδείῃ με λιπόντες,tlg0001.tlg001.perseus-grc2.xml
Argonautica,tlg001,3,261,τηλόθι πλάγξασθαι· μετὰ δʼ ὑμέας ἔτραπεν αἶσα.,τηλόθι πλάγξασθαι· μετὰ δ’ ὑμέας ἔτραπεν αἶσα.,tlg0001.tlg001.perseus-grc2.xml
Argonautica,tlg001,3,262,"δειλὴ ἐγώ, οἷον πόθον Ἑλλάδος ἔκποθεν ἄτης","δειλὴ ἐγώ, οἷον πόθον Ἑλλάδος ἔκποθεν ἄτης",tlg0001.tlg001.perseus-grc2.xml
Argonautica,tlg001,3,263,λευγαλέης Φρίξοιο ἐφημοσύνῃσιν ἕλεσθε,λευγαλέης Φρίξοιο ἐφημοσύνῃσιν ἕλεσθε,tlg0001.tlg001.perseus-grc2.xml
Argonautica,tlg001,3,264,πατρός. ὁ μὲν θνῄσκων στυγερὰς ἐπετείλατʼ ἀνίας,πατρός. ὁ μὲν θνῄσκων στυγερὰς ἐπετείλατ’ ἀνίας,tlg0001.tlg001.perseus-grc2.xml
Argonautica,tlg001,3,265,"ἡμετέρῃ κραδίῃ. τί δέ κεν πόλιν Ὀρχομενοῖο,","ἡμετέρῃ κραδίῃ. τί δέ κεν πόλιν Ὀρχομενοῖο,",tlg0001.tlg001.perseus-grc2.xml
Argonautica,tlg001,3,266,"ὅστις ὅδʼ Ὀρχομενός, κτεάνων Ἀθάμαντος ἕκητι","ὅστις ὅδ’ Ὀρχομενός, κτεάνων Ἀθάμαντος ἕκητι",tlg0001.tlg001.perseus-grc2.xml
Argonautica,tlg001,3,267,"μητέρʼ ἑὴν ἀχέουσαν ἀποπρολιπόντες, ἵκοισθε;","μητέρ’ ἑὴν ἀχέουσαν ἀποπρολιπόντες, ἵκοισθε;",tlg0001.tlg001.perseus-grc2.xml
Argonautica,tlg001,3,268,"ὧς ἔφατʼ· Αἰήτης δὲ πανύστατος ὦρτο θύραζε,","ὧς ἔφατ’· Αἰήτης δὲ πανύστατος ὦρτο θύραζε,",tlg0001.tlg001.perseus-grc2.xml
Argonautica,tlg001,3,269,"ἐκ δʼ αὐτὴ Εἰδυῖα δάμαρ κίεν Αἰήταο,","ἐκ δ’ αὐτὴ Εἰδυῖα δάμαρ κίεν Αἰήταο,",tlg0001.tlg001.perseus-grc2.xml
Argonautica,tlg001,3,270,Χαλκιόπης ἀίουσα· τὸ δʼ αὐτίκα πᾶν ὁμάδοιο,Χαλκιόπης ἀίουσα· τὸ δ’ αὐτίκα πᾶν ὁμάδοιο,tlg0001.tlg001.perseus-grc2.xml
Argonautica,tlg001,3,271,ἕρκος ἐπεπλήθει. τοὶ μὲν μέγαν ἀμφιπένοντο,ἕρκος ἐπεπλήθει. τοὶ μὲν μέγαν ἀμφιπένοντο,tlg0001.tlg001.perseus-grc2.xml
Argonautica,tlg001,3,272,ταῦρον ἅλις δμῶες· τοὶ δὲ ξύλα κάγκανα χαλκῷ,ταῦρον ἅλις δμῶες· τοὶ δὲ ξύλα κάγκανα χαλκῷ,tlg0001.tlg001.perseus-grc2.xml
Argonautica,tlg001,3,273,"κόπτον· τοὶ δὲ λοετρὰ πυρὶ ζέον· οὐδέ τις ἦεν,","κόπτον· τοὶ δὲ λοετρὰ πυρὶ ζέον· οὐδέ τις ἦεν,",tlg0001.tlg001.perseus-grc2.xml
Argonautica,tlg001,3,274,"ὃς καμάτου μεθίεσκεν, ὑποδρήσσων βασιλῆι.","ὃς καμάτου μεθίεσκεν, ὑποδρήσσων βασιλῆι.",tlg0001.tlg001.perseus-grc2.xml
Argonautica,tlg001,3,275,"τόφρα δʼ Ἔρως πολιοῖο διʼ ἠέρος ἷξεν ἄφαντος,","τόφρα δ’ Ἔρως πολιοῖο δι’ ἠέρος ἷξεν ἄφαντος,",tlg0001.tlg001.perseus-grc2.xml
Argonautica,tlg001,3,276,"τετρηχώς, οἷόν τε νέαις ἐπὶ φορβάσιν οἶστρος","τετρηχώς, οἷόν τε νέαις ἐπὶ φορβάσιν οἶστρος",tlg0001.tlg001.perseus-grc2.xml
Argonautica,tlg001,3,277,"τέλλεται, ὅν τε μύωπα βοῶν κλείουσι νομῆες.","τέλλεται, ὅν τε μύωπα βοῶν κλείουσι νομῆες.",tlg0001.tlg001.perseus-grc2.xml
Argonautica,tlg001,3,278,ὦκα δʼ ὑπὸ φλιὴν προδόμῳ ἔνι τόξα τανύσσας,ὦκα δ’ ὑπὸ φλιὴν προδόμῳ ἔνι τόξα τανύσσας,tlg0001.tlg001.perseus-grc2.xml
Argonautica,tlg001,3,279,ἰοδόκης ἀβλῆτα πολύστονον ἐξέλετʼ ἰόν.,ἰοδόκης ἀβλῆτα πολύστονον ἐξέλετ’ ἰόν.,tlg0001.tlg001.perseus-grc2.xml
Argonautica,tlg001,3,280,ἐκ δʼ ὅγε καρπαλίμοισι λαθὼν ποσὶν οὐδὸν ἄμειψεν,ἐκ δ’ ὅγε καρπαλίμοισι λαθὼν ποσὶν οὐδὸν ἄμειψεν,tlg0001.tlg001.perseus-grc2.xml
Argonautica,tlg001,3,281,ὀξέα δενδίλλων· αὐτῷ ὑπὸ βαιὸς ἐλυσθεὶς,ὀξέα δενδίλλων· αὐτῷ ὑπὸ βαιὸς ἐλυσθεὶς,tlg0001.tlg001.perseus-grc2.xml
Argonautica,tlg001,3,282,"Αἰσονίδῃ γλυφίδας μέσσῃ ἐνικάτθετο νευρῇ,","Αἰσονίδῃ γλυφίδας μέσσῃ ἐνικάτθετο νευρῇ,",tlg0001.tlg001.perseus-grc2.xml
Argonautica,tlg001,3,283,ἰθὺς δʼ ἀμφοτέρῃσι διασχόμενος παλάμῃσιν,ἰθὺς δ’ ἀμφοτέρῃσι διασχόμενος παλάμῃσιν,tlg0001.tlg001.perseus-grc2.xml
Argonautica,tlg001,3,284,ἧκʼ ἐπὶ Μηδείῃ· τὴν δʼ ἀμφασίη λάβε θυμόν.,ἧκ’ ἐπὶ Μηδείῃ· τὴν δ’ ἀμφασίη λάβε θυμόν.,tlg0001.tlg001.perseus-grc2.xml
Argonautica,tlg001,3,285,αὐτὸς δʼ ὑψορόφοιο παλιμπετὲς ἐκ μεγάροιο,αὐτὸς δ’ ὑψορόφοιο παλιμπετὲς ἐκ μεγάροιο,tlg0001.tlg001.perseus-grc2.xml
Argonautica,tlg001,3,286,καγχαλόων ἤιξε· βέλος δʼ ἐνεδαίετο κούρῃ,καγχαλόων ἤιξε· βέλος δ’ ἐνεδαίετο κούρῃ,tlg0001.tlg001.perseus-grc2.xml
Argonautica,tlg001,3,287,"νέρθεν ὑπὸ κραδίῃ, φλογὶ εἴκελον· ἀντία δʼ αἰεὶ","νέρθεν ὑπὸ κραδίῃ, φλογὶ εἴκελον· ἀντία δ’ αἰεὶ",tlg0001.tlg001.perseus-grc2.xml
Argonautica,tlg001,3,288,"βάλλεν ὑπʼ Αἰσονίδην ἀμαρύγματα, καί οἱ ἄηντο","βάλλεν ὑπ’ Αἰσονίδην ἀμαρύγματα, καί οἱ ἄηντο",tlg0001.tlg001.perseus-grc2.xml
Argonautica,tlg001,3,289,"στηθέων ἐκ πυκιναὶ καμάτῳ φρένες, οὐδέ τινʼ ἄλλην","στηθέων ἐκ πυκιναὶ καμάτῳ φρένες, οὐδέ τιν’ ἄλλην",tlg0001.tlg001.perseus-grc2.xml
Argonautica,tlg001,3,290,"μνῆστιν ἔχεν, γλυκερῇ δὲ κατείβετο θυμὸν ἀνίῃ.","μνῆστιν ἔχεν, γλυκερῇ δὲ κατείβετο θυμὸν ἀνίῃ.",tlg0001.tlg001.perseus-grc2.xml
Argonautica,tlg001,3,291,ὡς δὲ γυνὴ μαλερῷ περὶ κάρφεα χεύατο δαλῷ,ὡς δὲ γυνὴ μαλερῷ περὶ κάρφεα χεύατο δαλῷ,tlg0001.tlg001.perseus-grc2.xml
Argonautica,tlg001,3,292,"χερνῆτις, τῇπερ ταλασήια ἔργα μέμηλεν,","χερνῆτις, τῇπερ ταλασήια ἔργα μέμηλεν,",tlg0001.tlg001.perseus-grc2.xml
Argonautica,tlg001,3,293,"ὥς κεν ὑπωρόφιον νύκτωρ σέλας ἐντύναιτο,","ὥς κεν ὑπωρόφιον νύκτωρ σέλας ἐντύναιτο,",tlg0001.tlg001.perseus-grc2.xml
Argonautica,tlg001,3,294,ἄγχι μάλʼ ἐγρομένη· τὸ δʼ ἀθέσφατον ἐξ ὀλίγοιο,ἄγχι μάλ’ ἐγρομένη· τὸ δ’ ἀθέσφατον ἐξ ὀλίγοιο,tlg0001.tlg001.perseus-grc2.xml
Argonautica,tlg001,3,295,δαλοῦ ἀνεγρόμενον σὺν κάρφεα πάντʼ ἀμαθύνει·,δαλοῦ ἀνεγρόμενον σὺν κάρφεα πάντ’ ἀμαθύνει·,tlg0001.tlg001.perseus-grc2.xml
Argonautica,tlg001,3,296,τοῖος ὑπὸ κραδίῃ εἰλυμένος αἴθετο λάθρῃ,τοῖος ὑπὸ κραδίῃ εἰλυμένος αἴθετο λάθρῃ,tlg0001.tlg001.perseus-grc2.xml
Argonautica,tlg001,3,297,οὖλος Ἔρως· ἁπαλὰς δὲ μετετρωπᾶτο παρειὰς,οὖλος Ἔρως· ἁπαλὰς δὲ μετετρωπᾶτο παρειὰς,tlg0001.tlg001.perseus-grc2.xml
Argonautica,tlg001,3,298,"ἐς χλόον, ἄλλοτʼ ἔρευθος, ἀκηδείῃσι νόοιο.","ἐς χλόον, ἄλλοτ’ ἔρευθος, ἀκηδείῃσι νόοιο.",tlg0001.tlg001.perseus-grc2.xml
Argonautica,tlg001,3,299,"δμῶες δʼ ὁππότε δή σφιν ἐπαρτέα θῆκαν ἐδωδήν,","δμῶες δ’ ὁππότε δή σφιν ἐπαρτέα θῆκαν ἐδωδήν,",tlg0001.tlg001.perseus-grc2.xml
Argonautica,tlg001,3,300,"αὐτοί τε λιαροῖσιν ἐφαιδρύναντο λοετροῖς,","αὐτοί τε λιαροῖσιν ἐφαιδρύναντο λοετροῖς,",tlg0001.tlg001.perseus-grc2.xml
Argonautica,tlg001,3,301,ἀσπασίως δόρπῳ τε ποτῆτί τε θυμὸν ἄρεσσαν.,ἀσπασίως δόρπῳ τε ποτῆτί τε θυμὸν ἄρεσσαν.,tlg0001.tlg001.perseus-grc2.xml
Argonautica,tlg001,3,302,ἐκ δὲ τοῦ Αἰήτης σφετέρης ἐρέεινε θυγατρὸς,ἐκ δὲ τοῦ Αἰήτης σφετέρης ἐρέεινε θυγατρὸς,tlg0001.tlg001.perseus-grc2.xml
Argonautica,tlg001,3,303,υἱῆας τοίοισι παρηγορέων ἐπέεσσιν·,υἱῆας τοίοισι παρηγορέων ἐπέεσσιν·,tlg0001.tlg001.perseus-grc2.xml
Argonautica,tlg001,3,304,"παιδὸς ἐμῆς κοῦροι Φρίξοιό τε, τὸν περὶ πάντων","παιδὸς ἐμῆς κοῦροι Φρίξοιό τε, τὸν περὶ πάντων",tlg0001.tlg001.perseus-grc2.xml
Argonautica,tlg001,3,305,"ξείνων ἡμετέροισιν ἐνὶ μεγάροισιν ἔτισα,","ξείνων ἡμετέροισιν ἐνὶ μεγάροισιν ἔτισα,",tlg0001.tlg001.perseus-grc2.xml
Argonautica,tlg001,3,306,πῶς Αἶάνδε νέεσθε παλίσσυτοι; ἦέ τις ἄτη,πῶς Αἶάνδε νέεσθε παλίσσυτοι; ἦέ τις ἄτη,tlg0001.tlg001.perseus-grc2.xml
Argonautica,tlg001,3,307,σωομένοις μεσσηγὺς ἐνέκλασεν; οὐ μὲν ἐμεῖο,σωομένοις μεσσηγὺς ἐνέκλασεν; οὐ μὲν ἐμεῖο,tlg0001.tlg001.perseus-grc2.xml
Argonautica,tlg001,3,308,πείθεσθε προφέροντος ἀπείρονα μέτρα κελεύθου.,πείθεσθε προφέροντος ἀπείρονα μέτρα κελεύθου.,tlg0001.tlg001.perseus-grc2.xml
Argonautica,tlg001,3,309,ᾔδειν γάρ ποτε πατρὸς ἐν ἅρμασιν Ἠελίοιο,ᾔδειν γάρ ποτε πατρὸς ἐν ἅρμασιν Ἠελίοιο,tlg0001.tlg001.perseus-grc2.xml
Argonautica,tlg001,3,310,"δινεύσας, ὅτʼ ἐμεῖο κασιγνήτην ἐκόμιζεν","δινεύσας, ὅτ’ ἐμεῖο κασιγνήτην ἐκόμιζεν",tlg0001.tlg001.perseus-grc2.xml
Argonautica,tlg001,3,311,"Κίρκην ἑσπερίης εἴσω χθονός, ἐκ δʼ ἱκόμεσθα","Κίρκην ἑσπερίης εἴσω χθονός, ἐκ δ’ ἱκόμεσθα",tlg0001.tlg001.perseus-grc2.xml
Argonautica,tlg001,3,312,"ἀκτὴν ἠπείρου Τυρσηνίδος, ἔνθʼ ἔτι νῦν περ","ἀκτὴν ἠπείρου Τυρσηνίδος, ἔνθ’ ἔτι νῦν περ",tlg0001.tlg001.perseus-grc2.xml
Argonautica,tlg001,3,313,"ναιετάει, μάλα πολλὸν ἀπόπροθι Κολχίδος αἴης.","ναιετάει, μάλα πολλὸν ἀπόπροθι Κολχίδος αἴης.",tlg0001.tlg001.perseus-grc2.xml
Argonautica,tlg001,3,314,"ἀλλὰ τί μύθων ἦδος; ἃ δʼ ἐν ποσὶν ὗμιν ὄρωρεν,","ἀλλὰ τί μύθων ἦδος; ἃ δ’ ἐν ποσὶν ὗμιν ὄρωρεν,",tlg0001.tlg001.perseus-grc2.xml
Argonautica,tlg001,3,315,"εἴπατʼ ἀριφραδέως, ἠδʼ οἵτινες οἵδʼ ἐφέπονται","εἴπατ’ ἀριφραδέως, ἠδ’ οἵτινες οἵδ’ ἐφέπονται",tlg0001.tlg001.perseus-grc2.xml
Argonautica,tlg001,3,316,"ἀνέρες, ὅππῃ τε γλαφυρῆς ἐκ νηὸς ἔβητε.","ἀνέρες, ὅππῃ τε γλαφυρῆς ἐκ νηὸς ἔβητε.",tlg0001.tlg001.perseus-grc2.xml
Argonautica,tlg001,3,317,τοῖά μιν ἐξερέοντα κασιγνήτων προπάροιθεν,τοῖά μιν ἐξερέοντα κασιγνήτων προπάροιθεν,tlg0001.tlg001.perseus-grc2.xml
Argonautica,tlg001,3,318,Ἄργος ὑποδδείσας ἀμφὶ στόλῳ Αἰσονίδαο,Ἄργος ὑποδδείσας ἀμφὶ στόλῳ Αἰσονίδαο,tlg0001.tlg001.perseus-grc2.xml
Argonautica,tlg001,3,319,"μειλιχίως προσέειπεν, ἐπεὶ προγενέστερος ἦεν·","μειλιχίως προσέειπεν, ἐπεὶ προγενέστερος ἦεν·",tlg0001.tlg001.perseus-grc2.xml
Argonautica,tlg001,3,320,"Αἰήτη, κείνην μὲν ἄφαρ διέχευαν ἄελλαι","Αἰήτη, κείνην μὲν ἄφαρ διέχευαν ἄελλαι",tlg0001.tlg001.perseus-grc2.xml
Argonautica,tlg001,3,321,ζαχρηεῖς· αὐτοὺς δʼ ἐπὶ δούρασι πεπτηῶτας,ζαχρηεῖς· αὐτοὺς δ’ ἐπὶ δούρασι πεπτηῶτας,tlg0001.tlg001.perseus-grc2.xml
Argonautica,tlg001,3,322,νήσου Ἐνυαλίοιο ποτὶ ξερὸν ἔκβαλε κῦμα,νήσου Ἐνυαλίοιο ποτὶ ξερὸν ἔκβαλε κῦμα,tlg0001.tlg001.perseus-grc2.xml
Argonautica,tlg001,3,323,λυγαίῃ ὑπὸ νυκτί· θεὸς δέ τις ἄμμʼ ἐσάωσεν.,λυγαίῃ ὑπὸ νυκτί· θεὸς δέ τις ἄμμ’ ἐσάωσεν.,tlg0001.tlg001.perseus-grc2.xml
Argonautica,tlg001,3,324,οὐδὲ γὰρ αἳ τὸ πάροιθεν ἐρημαίην κατὰ νῆσον,οὐδὲ γὰρ αἳ τὸ πάροιθεν ἐρημαίην κατὰ νῆσον,tlg0001.tlg001.perseus-grc2.xml
Argonautica,tlg001,3,325,"ηὐλίζοντʼ ὄρνιθες Ἀρήιαι, οὐδʼ ἔτι κείνας","ηὐλίζοντ’ ὄρνιθες Ἀρήιαι, οὐδ’ ἔτι κείνας",tlg0001.tlg001.perseus-grc2.xml
Argonautica,tlg001,3,326,"εὕρομεν. ἀλλʼ οἵγʼ ἄνδρες ἀπήλασαν, ἐξαποβάντες","εὕρομεν. ἀλλ’ οἵγ’ ἄνδρες ἀπήλασαν, ἐξαποβάντες",tlg0001.tlg001.perseus-grc2.xml
Argonautica,tlg001,3,327,νηὸς ἑῆς προτέρῳ ἐνὶ ἤματι· καί σφʼ ἀπέρυκεν,νηὸς ἑῆς προτέρῳ ἐνὶ ἤματι· καί σφ’ ἀπέρυκεν,tlg0001.tlg001.perseus-grc2.xml
Argonautica,tlg001,3,328,"ἡμέας οἰκτείρων Ζηνὸς νόος, ἠέ τις αἶσα,","ἡμέας οἰκτείρων Ζηνὸς νόος, ἠέ τις αἶσα,",tlg0001.tlg001.perseus-grc2.xml
Argonautica,tlg001,3,329,"αὐτίκʼ ἐπεὶ καὶ βρῶσιν ἅλις καὶ εἵματʼ ἔδωκαν,","αὐτίκ’ ἐπεὶ καὶ βρῶσιν ἅλις καὶ εἵματ’ ἔδωκαν,",tlg0001.tlg001.perseus-grc2.xml
Argonautica,tlg001,3,330,οὔνομά τε Φρίξοιο περικλεὲς εἰσαΐοντες,οὔνομά τε Φρίξοιο περικλεὲς εἰσαΐοντες,tlg0001.tlg001.perseus-grc2.xml
Argonautica,tlg001,3,331,ἠδʼ αὐτοῖο σέθεν· μετὰ γὰρ τεὸν ἄστυ νέονται.,ἠδ’ αὐτοῖο σέθεν· μετὰ γὰρ τεὸν ἄστυ νέονται.,tlg0001.tlg001.perseus-grc2.xml
Argonautica,tlg001,3,332,"χρειὼ δʼ ἢν ἐθέλῃς ἐξίδμεναι, οὔ σʼ ἐπικεύσω.","χρειὼ δ’ ἢν ἐθέλῃς ἐξίδμεναι, οὔ σ’ ἐπικεύσω.",tlg0001.tlg001.perseus-grc2.xml
Argonautica,tlg001,3,333,τόνδε τις ἱέμενος πάτρης ἀπάνευθεν ἐλάσσαι,τόνδε τις ἱέμενος πάτρης ἀπάνευθεν ἐλάσσαι,tlg0001.tlg001.perseus-grc2.xml
Argonautica,tlg001,3,334,"καὶ κτεάνων βασιλεὺς περιώσιον, οὕνεκεν ἀλκῇ","καὶ κτεάνων βασιλεὺς περιώσιον, οὕνεκεν ἀλκῇ",tlg0001.tlg001.perseus-grc2.xml
Argonautica,tlg001,3,335,"σφωιτέρῃ τάντεσσι μετέπρεπεν Αἰολίδῃσιν,","σφωιτέρῃ τάντεσσι μετέπρεπεν Αἰολίδῃσιν,",tlg0001.tlg001.perseus-grc2.xml
Argonautica,tlg001,3,336,πέμπει δεῦρο νέεσθαι ἀμήχανον· οὐδʼ ὑπαλύξειν,πέμπει δεῦρο νέεσθαι ἀμήχανον· οὐδ’ ὑπαλύξειν,tlg0001.tlg001.perseus-grc2.xml
Argonautica,tlg001,3,337,στεῦται ἀμειλίκτοιο Διὸς θυμαλγέα μῆνιν,στεῦται ἀμειλίκτοιο Διὸς θυμαλγέα μῆνιν,tlg0001.tlg001.perseus-grc2.xml
Argonautica,tlg001,3,338,"καὶ χόλον, οὐδʼ ἄτλητον ἄγος Φρίξοιό τε ποινὰς","καὶ χόλον, οὐδ’ ἄτλητον ἄγος Φρίξοιό τε ποινὰς",tlg0001.tlg001.perseus-grc2.xml
Argonautica,tlg001,3,339,"Αἰολιδέων γενεήν, πρὶν ἐς Ἑλλάδα κῶας ἱκέσθαι.","Αἰολιδέων γενεήν, πρὶν ἐς Ἑλλάδα κῶας ἱκέσθαι.",tlg0001.tlg001.perseus-grc2.xml
Argonautica,tlg001,3,340,"νῆα δʼ Ἀθηναίη Παλλὰς κάμεν, οὐ μάλα τοίην,","νῆα δ’ Ἀθηναίη Παλλὰς κάμεν, οὐ μάλα τοίην,",tlg0001.tlg001.perseus-grc2.xml
Argonautica,tlg001,3,341,"οἷαί περ Κόλχοισι μετʼ ἀνδράσι νῆες ἔασιν,","οἷαί περ Κόλχοισι μετ’ ἀνδράσι νῆες ἔασιν,",tlg0001.tlg001.perseus-grc2.xml
Argonautica,tlg001,3,342,τάων αἰνοτάτης ἐπεκύρσαμεν. ἤλιθα γάρ μιν,τάων αἰνοτάτης ἐπεκύρσαμεν. ἤλιθα γάρ μιν,tlg0001.tlg001.perseus-grc2.xml
Argonautica,tlg001,3,343,λάβρον ὕδωρ πνοιή τε διέτμαγεν· ἡ δʼ ἐνὶ γόμφοις,λάβρον ὕδωρ πνοιή τε διέτμαγεν· ἡ δ’ ἐνὶ γόμφοις,tlg0001.tlg001.perseus-grc2.xml
Argonautica,tlg001,3,344,"ἴσχεται, ἢν καὶ πᾶσαι ἐπιβρίσωσιν ἄελλαι.","ἴσχεται, ἢν καὶ πᾶσαι ἐπιβρίσωσιν ἄελλαι.",tlg0001.tlg001.perseus-grc2.xml
Argonautica,tlg001,3,345,ἶσον δʼ ἐξ ἀνέμοιο θέει καὶ ὅτʼ ἀνέρες αὐτοὶ,ἶσον δ’ ἐξ ἀνέμοιο θέει καὶ ὅτ’ ἀνέρες αὐτοὶ,tlg0001.tlg001.perseus-grc2.xml
Argonautica,tlg001,3,346,νωλεμέως χείρεσσιν ἐπισπέρχωσιν ἐρετμοῖς.,νωλεμέως χείρεσσιν ἐπισπέρχωσιν ἐρετμοῖς.,tlg0001.tlg001.perseus-grc2.xml
Argonautica,tlg001,3,347,τῇ δʼ ἐναγειράμενος Παναχαιίδος εἴ τι φέριστον,τῇ δ’ ἐναγειράμενος Παναχαιίδος εἴ τι φέριστον,tlg0001.tlg001.perseus-grc2.xml
Argonautica,tlg001,3,348,"ἡρώων, τεὸν ἄστυ μετήλυθε, πόλλʼ ἐπαληθεὶς","ἡρώων, τεὸν ἄστυ μετήλυθε, πόλλ’ ἐπαληθεὶς",tlg0001.tlg001.perseus-grc2.xml
Argonautica,tlg001,3,349,"ἄστεα καὶ πελάγη στυγερῆς ἁλός, εἴ οἱ ὀπάσσαις.","ἄστεα καὶ πελάγη στυγερῆς ἁλός, εἴ οἱ ὀπάσσαις.",tlg0001.tlg001.perseus-grc2.xml
Argonautica,tlg001,3,350,"αὐτῷ δʼ ὥς κεν ἅδῃ, τὼς ἔσσεται· οὐ γὰρ ἱκάνει","αὐτῷ δ’ ὥς κεν ἅδῃ, τὼς ἔσσεται· οὐ γὰρ ἱκάνει",tlg0001.tlg001.perseus-grc2.xml
Argonautica,tlg001,3,351,χερσὶ βιησόμενος· μέμονεν δέ τοι ἄξια τίσειν,χερσὶ βιησόμενος· μέμονεν δέ τοι ἄξια τίσειν,tlg0001.tlg001.perseus-grc2.xml
Argonautica,tlg001,3,352,"δωτίνης, ἀίων ἐμέθεν μέγα δυσμενέοντας","δωτίνης, ἀίων ἐμέθεν μέγα δυσμενέοντας",tlg0001.tlg001.perseus-grc2.xml
Argonautica,tlg001,3,353,"Σαυρομάτας, τοὺς σοῖσιν ὑπὸ σκήπτροισι δαμάσσει.","Σαυρομάτας, τοὺς σοῖσιν ὑπὸ σκήπτροισι δαμάσσει.",tlg0001.tlg001.perseus-grc2.xml
Argonautica,tlg001,3,354,εἰ δὲ καὶ οὔνομα δῆθεν ἐπιθύεις γενεήν τε,εἰ δὲ καὶ οὔνομα δῆθεν ἐπιθύεις γενεήν τε,tlg0001.tlg001.perseus-grc2.xml
Argonautica,tlg001,3,355,"ἴδμεναι, οἵτινές εἰσιν, ἕκαστά γε μυθησαίμην.","ἴδμεναι, οἵτινές εἰσιν, ἕκαστά γε μυθησαίμην.",tlg0001.tlg001.perseus-grc2.xml
Argonautica,tlg001,3,356,"τόνδε μέν, οἷό περ οὕνεκʼ ἀφʼ Ἑλλάδος ὧλλοι ἄγερθεν,","τόνδε μέν, οἷό περ οὕνεκ’ ἀφ’ Ἑλλάδος ὧλλοι ἄγερθεν,",tlg0001.tlg001.perseus-grc2.xml
Argonautica,tlg001,3,357,κλείουσʼ Αἴσονος υἱὸν Ἰήσονα Κρηθεΐδαο.,κλείουσ’ Αἴσονος υἱὸν Ἰήσονα Κρηθεΐδαο.,tlg0001.tlg001.perseus-grc2.xml
Argonautica,tlg001,3,358,"εἰ δʼ αὐτοῦ Κρηθῆος ἐτήτυμόν ἐστι γενέθλης,","εἰ δ’ αὐτοῦ Κρηθῆος ἐτήτυμόν ἐστι γενέθλης,",tlg0001.tlg001.perseus-grc2.xml
Argonautica,tlg001,3,359,οὕτω κεν γνωτὸς πατρώιος ἄμμι πέλοιτο.,οὕτω κεν γνωτὸς πατρώιος ἄμμι πέλοιτο.,tlg0001.tlg001.perseus-grc2.xml
Argonautica,tlg001,3,360,ἄμφω γὰρ Κρηθεὺς Ἀθάμας τʼ ἔσαν Αἰόλου υἷες·,ἄμφω γὰρ Κρηθεὺς Ἀθάμας τ’ ἔσαν Αἰόλου υἷες·,tlg0001.tlg001.perseus-grc2.xml
Argonautica,tlg001,3,361,Φρίξος δʼ αὖτʼ Ἀθάμαντος ἔην πάις Αἰολίδαο.,Φρίξος δ’ αὖτ’ Ἀθάμαντος ἔην πάις Αἰολίδαο.,tlg0001.tlg001.perseus-grc2.xml
Argonautica,tlg001,3,362,"τόνδε δʼ ἄρʼ, Ἠελίου γόνον ἔμμεναι εἴ τινʼ ἀκούεις,","τόνδε δ’ ἄρ’, Ἠελίου γόνον ἔμμεναι εἴ τιν’ ἀκούεις,",tlg0001.tlg001.perseus-grc2.xml
Argonautica,tlg001,3,363,"δέρκεαι Αὐγείην· Τελαμὼν δʼ ὅγε, κυδίστοιο","δέρκεαι Αὐγείην· Τελαμὼν δ’ ὅγε, κυδίστοιο",tlg0001.tlg001.perseus-grc2.xml
Argonautica,tlg001,3,364,Αἰακοῦ ἐκγεγαώς· Ζεὺς δʼ Αἰακὸν αὐτὸς ἔτικτεν.,Αἰακοῦ ἐκγεγαώς· Ζεὺς δ’ Αἰακὸν αὐτὸς ἔτικτεν.,tlg0001.tlg001.perseus-grc2.xml
Argonautica,tlg001,3,365,"ὧς δὲ καὶ ὧλλοι πάντες, ὅσοι συνέπονται ἑταῖροι,","ὧς δὲ καὶ ὧλλοι πάντες, ὅσοι συνέπονται ἑταῖροι,",tlg0001.tlg001.perseus-grc2.xml
Argonautica,tlg001,3,366,ἀθανάτων υἷές τε καὶ υἱωνοὶ γεγάασιν.,ἀθανάτων υἷές τε καὶ υἱωνοὶ γεγάασιν.,tlg0001.tlg001.perseus-grc2.xml
Argonautica,tlg001,3,367,τοῖα παρέννεπεν Ἄργος· ἄναξ δʼ ἐπεχώσατο μύθοις,τοῖα παρέννεπεν Ἄργος· ἄναξ δ’ ἐπεχώσατο μύθοις,tlg0001.tlg001.perseus-grc2.xml
Argonautica,tlg001,3,368,εἰσαΐων· ὑψοῦ δὲ χόλῳ φρένες ἠερέθοντο.,εἰσαΐων· ὑψοῦ δὲ χόλῳ φρένες ἠερέθοντο.,tlg0001.tlg001.perseus-grc2.xml
Argonautica,tlg001,3,369,φῆ δʼ ἐπαλαστήσας· μενέαινε δὲ παισὶ μάλιστα,φῆ δ’ ἐπαλαστήσας· μενέαινε δὲ παισὶ μάλιστα,tlg0001.tlg001.perseus-grc2.xml
Argonautica,tlg001,3,370,Χαλκιόπης· τῶν γάρ σφε μετελθέμεν οὕνεκʼ ἐώλπει·,Χαλκιόπης· τῶν γάρ σφε μετελθέμεν οὕνεκ’ ἐώλπει·,tlg0001.tlg001.perseus-grc2.xml
Argonautica,tlg001,3,371,ἐκ δέ οἱ ὄμματʼ ἔλαμψεν ὑπʼ ὀφρύσιν ἱεμένοιο·,ἐκ δέ οἱ ὄμματ’ ἔλαμψεν ὑπ’ ὀφρύσιν ἱεμένοιο·,tlg0001.tlg001.perseus-grc2.xml
Argonautica,tlg001,3,372,"οὐκ ἄφαρ ὀφθαλμῶν μοι ἀπόπροθι, λωβητῆρες,","οὐκ ἄφαρ ὀφθαλμῶν μοι ἀπόπροθι, λωβητῆρες,",tlg0001.tlg001.perseus-grc2.xml
Argonautica,tlg001,3,373,"νεῖσθʼ αὐτοῖσι δόλοισι παλίσσυτοι ἔκτοθι γαίης,","νεῖσθ’ αὐτοῖσι δόλοισι παλίσσυτοι ἔκτοθι γαίης,",tlg0001.tlg001.perseus-grc2.xml
Argonautica,tlg001,3,374,πρίν τινα λευγαλέον τε δέρος καὶ Φρίξον ἰδέσθαι;,πρίν τινα λευγαλέον τε δέρος καὶ Φρίξον ἰδέσθαι;,tlg0001.tlg001.perseus-grc2.xml
Argonautica,tlg001,3,375,"αὐτίχʼ ὁμαρτήσαντες ἀφʼ Ἑλλάδος, οὐκ ἐπὶ κῶας,","αὐτίχ’ ὁμαρτήσαντες ἀφ’ Ἑλλάδος, οὐκ ἐπὶ κῶας,",tlg0001.tlg001.perseus-grc2.xml
Argonautica,tlg001,3,376,σκῆπτρα δὲ καὶ τιμὴν βασιληίδα δεῦρο νέεσθε.,σκῆπτρα δὲ καὶ τιμὴν βασιληίδα δεῦρο νέεσθε.,tlg0001.tlg001.perseus-grc2.xml
Argonautica,tlg001,3,377,"εἰ δέ κε μὴ προπάροιθεν ἐμῆς ἥψασθε τραπέζης,","εἰ δέ κε μὴ προπάροιθεν ἐμῆς ἥψασθε τραπέζης,",tlg0001.tlg001.perseus-grc2.xml
Argonautica,tlg001,3,378,ἦ τʼ ἂν ἀπὸ γλώσσας τε ταμὼν καὶ χεῖρε κεάσσας,ἦ τ’ ἂν ἀπὸ γλώσσας τε ταμὼν καὶ χεῖρε κεάσσας,tlg0001.tlg001.perseus-grc2.xml
Argonautica,tlg001,3,379,"ἀμφοτέρας, οἴοισιν ἐπιπροέηκα πόδεσσιν,","ἀμφοτέρας, οἴοισιν ἐπιπροέηκα πόδεσσιν,",tlg0001.tlg001.perseus-grc2.xml
Argonautica,tlg001,3,380,"ὥς κεν ἐρητύοισθε καὶ ὕστερον ὁρμηθῆναι,","ὥς κεν ἐρητύοισθε καὶ ὕστερον ὁρμηθῆναι,",tlg0001.tlg001.perseus-grc2.xml
Argonautica,tlg001,3,381,οἷα δὲ καὶ μακάρεσσιν ἐπεψεύσασθε θεοῖσιν.,οἷα δὲ καὶ μακάρεσσιν ἐπεψεύσασθε θεοῖσιν.,tlg0001.tlg001.perseus-grc2.xml
Argonautica,tlg001,3,382,φῆ ῥα χαλεψάμενος· μέγα δὲ φρένες Αἰακίδαο,φῆ ῥα χαλεψάμενος· μέγα δὲ φρένες Αἰακίδαο,tlg0001.tlg001.perseus-grc2.xml
Argonautica,tlg001,3,383,νειόθεν οἰδαίνεσκον· ἐέλδετο δʼ ἔνδοθι θυμὸς,νειόθεν οἰδαίνεσκον· ἐέλδετο δ’ ἔνδοθι θυμὸς,tlg0001.tlg001.perseus-grc2.xml
Argonautica,tlg001,3,384,ἀντιβίην ὀλοὸν φάσθαι ἔπος· ἀλλʼ ἀπέρυκεν,ἀντιβίην ὀλοὸν φάσθαι ἔπος· ἀλλ’ ἀπέρυκεν,tlg0001.tlg001.perseus-grc2.xml
Argonautica,tlg001,3,385,Αἰσονίδης· πρὸ γὰρ αὐτὸς ἀμείψατο μειλιχίοισιν·,Αἰσονίδης· πρὸ γὰρ αὐτὸς ἀμείψατο μειλιχίοισιν·,tlg0001.tlg001.perseus-grc2.xml
Argonautica,tlg001,3,386,"Αἰήτη, σχέο μοι τῷδε στόλῳ. οὔτι γὰρ αὔτως","Αἰήτη, σχέο μοι τῷδε στόλῳ. οὔτι γὰρ αὔτως",tlg0001.tlg001.perseus-grc2.xml
Argonautica,tlg001,3,387,"ἄστυ τεὸν καὶ δώμαθʼ ἱκάνομεν, ὥς που ἔολπας,","ἄστυ τεὸν καὶ δώμαθ’ ἱκάνομεν, ὥς που ἔολπας,",tlg0001.tlg001.perseus-grc2.xml
Argonautica,tlg001,3,388,οὐδὲ μὲν ἱέμενοι. τίς δʼ ἂν τόσον οἶδμα περῆσαι,οὐδὲ μὲν ἱέμενοι. τίς δ’ ἂν τόσον οἶδμα περῆσαι,tlg0001.tlg001.perseus-grc2.xml
Argonautica,tlg001,3,389,τλαίη ἑκὼν ὀθνεῖον ἐπὶ κτέρας; ἀλλά με δαίμων,τλαίη ἑκὼν ὀθνεῖον ἐπὶ κτέρας; ἀλλά με δαίμων,tlg0001.tlg001.perseus-grc2.xml
Argonautica,tlg001,3,390,καὶ κρυερὴ βασιλῆος ἀτασθάλου ὦρσεν ἐφετμή.,καὶ κρυερὴ βασιλῆος ἀτασθάλου ὦρσεν ἐφετμή.,tlg0001.tlg001.perseus-grc2.xml
Argonautica,tlg001,3,391,δὸς χάριν ἀντομένοισι· σέθεν δʼ ἐγὼ Ἑλλάδι πάσῃ,δὸς χάριν ἀντομένοισι· σέθεν δ’ ἐγὼ Ἑλλάδι πάσῃ,tlg0001.tlg001.perseus-grc2.xml
Argonautica,tlg001,3,392,θεσπεσιην οἴσω κληηδόνα· καὶ δέ τοι ἤδη,θεσπεσιην οἴσω κληηδόνα· καὶ δέ τοι ἤδη,tlg0001.tlg001.perseus-grc2.xml
Argonautica,tlg001,3,393,"πρόφρονές εἰμεν ἄρηι θοὴν ἀποτῖσαι ἀμοιβήν,","πρόφρονές εἰμεν ἄρηι θοὴν ἀποτῖσαι ἀμοιβήν,",tlg0001.tlg001.perseus-grc2.xml
Argonautica,tlg001,3,394,"εἴτʼ οὖν Σαυρομάτας γε λιλαίεαι, εἴτε τινʼ ἄλλον","εἴτ’ οὖν Σαυρομάτας γε λιλαίεαι, εἴτε τιν’ ἄλλον",tlg0001.tlg001.perseus-grc2.xml
Argonautica,tlg001,3,395,δῆμον σφωιτέροισιν ὑπὸ σκήπτροισι δαμάσσαι.,δῆμον σφωιτέροισιν ὑπὸ σκήπτροισι δαμάσσαι.,tlg0001.tlg001.perseus-grc2.xml
Argonautica,tlg001,3,396,Ἴσκεν ὑποσσαίνων ἀγανῇ ὀπί· τοῖο δὲ θυμὸς,Ἴσκεν ὑποσσαίνων ἀγανῇ ὀπί· τοῖο δὲ θυμὸς,tlg0001.tlg001.perseus-grc2.xml
Argonautica,tlg001,3,397,"διχθαδίην πόρφυρεν ἐνὶ στήθεσσι μενοινήν,","διχθαδίην πόρφυρεν ἐνὶ στήθεσσι μενοινήν,",tlg0001.tlg001.perseus-grc2.xml
Argonautica,tlg001,3,398,"ἤ σφεας ὁρμηθεὶς αὐτοσχεδὸν ἐξεναρίζοι,","ἤ σφεας ὁρμηθεὶς αὐτοσχεδὸν ἐξεναρίζοι,",tlg0001.tlg001.perseus-grc2.xml
Argonautica,tlg001,3,399,ἦ ὅγε πειρήσαιτο βίης. τό οἱ εἴσατʼ ἄρειον,ἦ ὅγε πειρήσαιτο βίης. τό οἱ εἴσατ’ ἄρειον,tlg0001.tlg001.perseus-grc2.xml
Argonautica,tlg001,3,400,φραζομένῳ· καὶ δή μιν ὑποβλήδην προσέειπεν·,φραζομένῳ· καὶ δή μιν ὑποβλήδην προσέειπεν·,tlg0001.tlg001.perseus-grc2.xml
Argonautica,tlg001,3,401,"ξεῖνε, τί κεν τὰ ἕκαστα διηνεκέως ἀγορεύοις;","ξεῖνε, τί κεν τὰ ἕκαστα διηνεκέως ἀγορεύοις;",tlg0001.tlg001.perseus-grc2.xml
Argonautica,tlg001,3,402,"εἰ γὰρ ἐτήτυμόν ἐστε θεῶν γένος, ἠὲ καὶ ἄλλως","εἰ γὰρ ἐτήτυμόν ἐστε θεῶν γένος, ἠὲ καὶ ἄλλως",tlg0001.tlg001.perseus-grc2.xml
Argonautica,tlg001,3,403,"οὐδὲν ἐμεῖο χέρηες ἐπʼ ὀθνείοισιν ἔβητε,","οὐδὲν ἐμεῖο χέρηες ἐπ’ ὀθνείοισιν ἔβητε,",tlg0001.tlg001.perseus-grc2.xml
Argonautica,tlg001,3,404,"δώσω τοι χρύσειον ἄγειν δέρος, αἴ κʼ ἐθέλῃσθα,","δώσω τοι χρύσειον ἄγειν δέρος, αἴ κ’ ἐθέλῃσθα,",tlg0001.tlg001.perseus-grc2.xml
Argonautica,tlg001,3,405,"πειρηθείς. ἐσθλοῖς γὰρ ἐπʼ ἀνδράσιν οὔτι μεγαίρω,","πειρηθείς. ἐσθλοῖς γὰρ ἐπ’ ἀνδράσιν οὔτι μεγαίρω,",tlg0001.tlg001.perseus-grc2.xml
Argonautica,tlg001,3,406,ὡς αὐτοὶ μυθεῖσθε τὸν Ἑλλάδι κοιρανέοντα.,ὡς αὐτοὶ μυθεῖσθε τὸν Ἑλλάδι κοιρανέοντα.,tlg0001.tlg001.perseus-grc2.xml
Argonautica,tlg001,3,407,"πεῖρα δέ τοι μένεός τε καὶ ἀλκῆς ἔσσετʼ ἄεθλος,","πεῖρα δέ τοι μένεός τε καὶ ἀλκῆς ἔσσετ’ ἄεθλος,",tlg0001.tlg001.perseus-grc2.xml
Argonautica,tlg001,3,408,τόν ῥʼ αὐτὸς περίειμι χεροῖν ὀλοόν περ ἐόντα.,τόν ῥ’ αὐτὸς περίειμι χεροῖν ὀλοόν περ ἐόντα.,tlg0001.tlg001.perseus-grc2.xml
Argonautica,tlg001,3,409,δοιώ μοι πεδίον τὸ Ἀρήιον ἀμφινέμονται,δοιώ μοι πεδίον τὸ Ἀρήιον ἀμφινέμονται,tlg0001.tlg001.perseus-grc2.xml
Argonautica,tlg001,3,410,"ταύρω χαλκόποδε, στόματι φλόγα φυσιόωντες·","ταύρω χαλκόποδε, στόματι φλόγα φυσιόωντες·",tlg0001.tlg001.perseus-grc2.xml
Argonautica,tlg001,3,411,τοὺς ἐλάω ζεύξας στυφελὴν κατὰ νειὸν Ἄρηος,τοὺς ἐλάω ζεύξας στυφελὴν κατὰ νειὸν Ἄρηος,tlg0001.tlg001.perseus-grc2.xml
Argonautica,tlg001,3,412,"τετράγυον, τὴν αἶψα ταμὼν ἐπὶ τέλσον ἀρότρῳ","τετράγυον, τὴν αἶψα ταμὼν ἐπὶ τέλσον ἀρότρῳ",tlg0001.tlg001.perseus-grc2.xml
Argonautica,tlg001,3,413,"οὐ σπόρον ὁλκοῖσιν Δηοῦς ἐνιβᾴλλομαι ἀκτήν,","οὐ σπόρον ὁλκοῖσιν Δηοῦς ἐνιβᾴλλομαι ἀκτήν,",tlg0001.tlg001.perseus-grc2.xml
Argonautica,tlg001,3,414,ἀλλʼ ὄφιος δεινοῖο μεταλδήσκοντας ὀδόντας,ἀλλ’ ὄφιος δεινοῖο μεταλδήσκοντας ὀδόντας,tlg0001.tlg001.perseus-grc2.xml
Argonautica,tlg001,3,415,ἀνδράσι τευχηστῇσι δέμας. τοὺς δʼ αὖθι δαΐζων,ἀνδράσι τευχηστῇσι δέμας. τοὺς δ’ αὖθι δαΐζων,tlg0001.tlg001.perseus-grc2.xml
Argonautica,tlg001,3,416,κείρω ἐμῷ ὑπὸ δουρὶ περισταδὸν ἀντιόωντας.,κείρω ἐμῷ ὑπὸ δουρὶ περισταδὸν ἀντιόωντας.,tlg0001.tlg001.perseus-grc2.xml
Argonautica,tlg001,3,417,"ἠέριος ζεύγνυμι βόας, καὶ δείελον ὥρην","ἠέριος ζεύγνυμι βόας, καὶ δείελον ὥρην",tlg0001.tlg001.perseus-grc2.xml
Argonautica,tlg001,3,418,"παύομαι ἀμήτοιο. σύ δʼ, εἰ τάδε τοῖα τελέσσεις,","παύομαι ἀμήτοιο. σύ δ’, εἰ τάδε τοῖα τελέσσεις,",tlg0001.tlg001.perseus-grc2.xml
Argonautica,tlg001,3,419,αὐτῆμαρ τόδε κῶας ἀποίσεαι εἰς βασιλῆος·,αὐτῆμαρ τόδε κῶας ἀποίσεαι εἰς βασιλῆος·,tlg0001.tlg001.perseus-grc2.xml
Argonautica,tlg001,3,420,"πρὶν δέ κεν οὐ δοίην, μηδʼ ἔλπεο. δὴ γὰρ ἀεικὲς","πρὶν δέ κεν οὐ δοίην, μηδ’ ἔλπεο. δὴ γὰρ ἀεικὲς",tlg0001.tlg001.perseus-grc2.xml
Argonautica,tlg001,3,421,ἄνδρʼ ἀγαθὸν γεγαῶτα κακωτέρῳ ἀνέρι εἶξαι.,ἄνδρ’ ἀγαθὸν γεγαῶτα κακωτέρῳ ἀνέρι εἶξαι.,tlg0001.tlg001.perseus-grc2.xml
Argonautica,tlg001,3,422,ὧς ἄρʼ ἔφη· ὁ δὲ σῖγα ποδῶν πάρος ὄμματα πήξας,ὧς ἄρ’ ἔφη· ὁ δὲ σῖγα ποδῶν πάρος ὄμματα πήξας,tlg0001.tlg001.perseus-grc2.xml
Argonautica,tlg001,3,423,"ἧστʼ αὔτως ἄφθογγος, ἀμηχανέων κακότητι.","ἧστ’ αὔτως ἄφθογγος, ἀμηχανέων κακότητι.",tlg0001.tlg001.perseus-grc2.xml
Argonautica,tlg001,3,424,"βουλὴν δʼ ἀμφὶ πολὺν στρώφα χρόνον, οὐδέ πῃ εἶχεν","βουλὴν δ’ ἀμφὶ πολὺν στρώφα χρόνον, οὐδέ πῃ εἶχεν",tlg0001.tlg001.perseus-grc2.xml
Argonautica,tlg001,3,425,"θαρσαλέως ὑποδέχθαι, ἐπεὶ μέγα φαίνετο ἔργον·","θαρσαλέως ὑποδέχθαι, ἐπεὶ μέγα φαίνετο ἔργον·",tlg0001.tlg001.perseus-grc2.xml
Argonautica,tlg001,3,426,ὀψε δʼ ἀμειβόμενος προσελέξατο κερδαλέοισιν·,ὀψε δ’ ἀμειβόμενος προσελέξατο κερδαλέοισιν·,tlg0001.tlg001.perseus-grc2.xml
Argonautica,tlg001,3,427,"Αἰήτη, μάλα τοί με δίκῃ περιπολλὸν ἐέργεις.","Αἰήτη, μάλα τοί με δίκῃ περιπολλὸν ἐέργεις.",tlg0001.tlg001.perseus-grc2.xml
Argonautica,tlg001,3,428,τῶ καὶ ἐγὼ τὸν ἄεθλον ὑπερφίαλόν περ ἐόντα,τῶ καὶ ἐγὼ τὸν ἄεθλον ὑπερφίαλόν περ ἐόντα,tlg0001.tlg001.perseus-grc2.xml
Argonautica,tlg001,3,429,"τλήσομαι, εἰ καί μοι θανέειν μόρος. οὐ γὰρ ἔτʼ ἄλλο","τλήσομαι, εἰ καί μοι θανέειν μόρος. οὐ γὰρ ἔτ’ ἄλλο",tlg0001.tlg001.perseus-grc2.xml
Argonautica,tlg001,3,430,"ῥίγιον ἀνθρώποισι κακῆς ἐπικείσετʼ ἀνάγκης,","ῥίγιον ἀνθρώποισι κακῆς ἐπικείσετ’ ἀνάγκης,",tlg0001.tlg001.perseus-grc2.xml
Argonautica,tlg001,3,431,ἥ με καὶ ἐνθάδε νεῖσθαι ἐπέχραεν ἐκ βασιλῆος.,ἥ με καὶ ἐνθάδε νεῖσθαι ἐπέχραεν ἐκ βασιλῆος.,tlg0001.tlg001.perseus-grc2.xml
Argonautica,tlg001,3,432,ὧς φάτʼ ἀμηχανίῃ βεβολημένος· αὐτὰρ ὁ τόνγε,ὧς φάτ’ ἀμηχανίῃ βεβολημένος· αὐτὰρ ὁ τόνγε,tlg0001.tlg001.perseus-grc2.xml
Argonautica,tlg001,3,433,σμερδαλέοις ἐπέεσσι προσέννεπεν ἀσχαλόωντα·,σμερδαλέοις ἐπέεσσι προσέννεπεν ἀσχαλόωντα·,tlg0001.tlg001.perseus-grc2.xml
Argonautica,tlg001,3,434,"ἔρχεο νῦν μεθʼ ὅμιλον, ἐπεὶ μέμονάς γε πόνοιο·","ἔρχεο νῦν μεθ’ ὅμιλον, ἐπεὶ μέμονάς γε πόνοιο·",tlg0001.tlg001.perseus-grc2.xml
Argonautica,tlg001,3,435,"εἰ δὲ σύγε ζυγὰ βουσὶν ὑποδδείσαις ἐπαεῖραι,","εἰ δὲ σύγε ζυγὰ βουσὶν ὑποδδείσαις ἐπαεῖραι,",tlg0001.tlg001.perseus-grc2.xml
Argonautica,tlg001,3,436,"ἠὲ καὶ οὐλομένου μεταχάσσεαι ἀμήτοιο,","ἠὲ καὶ οὐλομένου μεταχάσσεαι ἀμήτοιο,",tlg0001.tlg001.perseus-grc2.xml
Argonautica,tlg001,3,437,"αὐτῷ κεν τὰ ἕκαστα μέλοιτό μοι, ὄφρα καὶ ἄλλος","αὐτῷ κεν τὰ ἕκαστα μέλοιτό μοι, ὄφρα καὶ ἄλλος",tlg0001.tlg001.perseus-grc2.xml
Argonautica,tlg001,3,438,ἀνὴρ ἐρρίγῃσιν ἀρείονα φῶτα μετελθεῖν.,ἀνὴρ ἐρρίγῃσιν ἀρείονα φῶτα μετελθεῖν.,tlg0001.tlg001.perseus-grc2.xml
Argonautica,tlg001,3,439,"Ἴσκεν ἀπηλεγέως· ὁ δʼ ἀπὸ θρόνου ὤρνυτʼ Ἰήσων,","Ἴσκεν ἀπηλεγέως· ὁ δ’ ἀπὸ θρόνου ὤρνυτ’ Ἰήσων,",tlg0001.tlg001.perseus-grc2.xml
Argonautica,tlg001,3,440,Αὐγείης Τελαμών τε παρασχεδόν· εἵπετο δʼ Ἄργος,Αὐγείης Τελαμών τε παρασχεδόν· εἵπετο δ’ Ἄργος,tlg0001.tlg001.perseus-grc2.xml
Argonautica,tlg001,3,441,"οἶος, ἐπεὶ μεσσηγὺς ἔτʼ αὐτόθι νεῦσε λιπέσθαι","οἶος, ἐπεὶ μεσσηγὺς ἔτ’ αὐτόθι νεῦσε λιπέσθαι",tlg0001.tlg001.perseus-grc2.xml
Argonautica,tlg001,3,442,αὐτοκασιγνήτοις· οἱ δʼ ἤισαν ἐκ μεγάροιο.,αὐτοκασιγνήτοις· οἱ δ’ ἤισαν ἐκ μεγάροιο.,tlg0001.tlg001.perseus-grc2.xml
Argonautica,tlg001,3,443,θεσπέσιον δʼ ἐν πᾶσι μετέπρεπεν Αἴσονος υἱὸς,θεσπέσιον δ’ ἐν πᾶσι μετέπρεπεν Αἴσονος υἱὸς,tlg0001.tlg001.perseus-grc2.xml
Argonautica,tlg001,3,444,κάλλεϊ καὶ χαρίτεσσιν· ἐπʼ αὐτῷ δʼ ὄμματα κούρη,κάλλεϊ καὶ χαρίτεσσιν· ἐπ’ αὐτῷ δ’ ὄμματα κούρη,tlg0001.tlg001.perseus-grc2.xml
Argonautica,tlg001,3,445,"λοξὰ παρὰ λιπαρὴν σχομένη θηεῖτο καλύπτρην,","λοξὰ παρὰ λιπαρὴν σχομένη θηεῖτο καλύπτρην,",tlg0001.tlg001.perseus-grc2.xml
Argonautica,tlg001,3,446,κῆρ ἄχεϊ σμύχουσα· νόος δέ οἱ ἠύτʼ ὄνειρος,κῆρ ἄχεϊ σμύχουσα· νόος δέ οἱ ἠύτ’ ὄνειρος,tlg0001.tlg001.perseus-grc2.xml
Argonautica,tlg001,3,447,ἑρπύζων πεπότητο μετʼ ἴχνια νισσομένοιο.,ἑρπύζων πεπότητο μετ’ ἴχνια νισσομένοιο.,tlg0001.tlg001.perseus-grc2.xml
Argonautica,tlg001,3,448,καί ῥʼ οἱ μέν ῥα δόμων ἐξήλυθον ἀσχαλόωντες.,καί ῥ’ οἱ μέν ῥα δόμων ἐξήλυθον ἀσχαλόωντες.,tlg0001.tlg001.perseus-grc2.xml
Argonautica,tlg001,3,449,Χαλκιόπη δὲ χόλον πεφυλαγμένη Αἰήταο,Χαλκιόπη δὲ χόλον πεφυλαγμένη Αἰήταο,tlg0001.tlg001.perseus-grc2.xml
Argonautica,tlg001,3,450,καρπαλίμως θάλαμόνδε σὺν υἱάσιν οἷσι βεβήκει.,καρπαλίμως θάλαμόνδε σὺν υἱάσιν οἷσι βεβήκει.,tlg0001.tlg001.perseus-grc2.xml
Argonautica,tlg001,3,451,αὔτως δʼ αὖ Μήδεια μετέστιχε· πολλὰ δὲ θυμῷ,αὔτως δ’ αὖ Μήδεια μετέστιχε· πολλὰ δὲ θυμῷ,tlg0001.tlg001.perseus-grc2.xml
Argonautica,tlg001,3,452,"ὥρμαινʼ, ὅσσα τʼ Ἔρωτες ἐποτρύνουσι μέλεσθαι.","ὥρμαιν’, ὅσσα τ’ Ἔρωτες ἐποτρύνουσι μέλεσθαι.",tlg0001.tlg001.perseus-grc2.xml
Argonautica,tlg001,3,453,"προπρὸ δʼ ἄρʼ ὀφθαλμῶν ἔτι οἱ ἰνδάλλετο πάντα,","προπρὸ δ’ ἄρ’ ὀφθαλμῶν ἔτι οἱ ἰνδάλλετο πάντα,",tlg0001.tlg001.perseus-grc2.xml
Argonautica,tlg001,3,454,"αὐτός θʼ οἷος ἔην, οἵοισί τε φάρεσιν ἕστο,","αὐτός θ’ οἷος ἔην, οἵοισί τε φάρεσιν ἕστο,",tlg0001.tlg001.perseus-grc2.xml
Argonautica,tlg001,3,455,"οἷά τʼ ἔειφʼ, ὥς θʼ ἕζετʼ ἐπὶ θρόνου, ὥς τε θύραζε","οἷά τ’ ἔειφ’, ὥς θ’ ἕζετ’ ἐπὶ θρόνου, ὥς τε θύραζε",tlg0001.tlg001.perseus-grc2.xml
Argonautica,tlg001,3,456,ἤιεν· οὐδέ τινʼ ἄλλον ὀίσσατο πορφύρουσα,ἤιεν· οὐδέ τιν’ ἄλλον ὀίσσατο πορφύρουσα,tlg0001.tlg001.perseus-grc2.xml
Argonautica,tlg001,3,457,ἔμμεναι ἀνέρα τοῖον· ἐν οὔασι δʼ αἰὲν ὀρώρει,ἔμμεναι ἀνέρα τοῖον· ἐν οὔασι δ’ αἰὲν ὀρώρει,tlg0001.tlg001.perseus-grc2.xml
Argonautica,tlg001,3,458,"αὐδή τε μῦθοί τε μελίφρονες, οὓς ἀγόρευσεν.","αὐδή τε μῦθοί τε μελίφρονες, οὓς ἀγόρευσεν.",tlg0001.tlg001.perseus-grc2.xml
Argonautica,tlg001,3,459,"τάρβει δʼ ἀμφʼ αὐτῷ, μή μιν βόες ἠὲ καὶ αὐτὸς","τάρβει δ’ ἀμφ’ αὐτῷ, μή μιν βόες ἠὲ καὶ αὐτὸς",tlg0001.tlg001.perseus-grc2.xml
Argonautica,tlg001,3,460,Αἰήτης φθίσειεν· ὀδύρετο δʼ ἠύτε πάμπαν,Αἰήτης φθίσειεν· ὀδύρετο δ’ ἠύτε πάμπαν,tlg0001.tlg001.perseus-grc2.xml
Argonautica,tlg001,3,461,"ἤδη τεθνειῶτα, τέρεν δέ οἱ ἀμφὶ παρειὰς","ἤδη τεθνειῶτα, τέρεν δέ οἱ ἀμφὶ παρειὰς",tlg0001.tlg001.perseus-grc2.xml
Argonautica,tlg001,3,462,δάκρυον αἰνοτάτῳ ἐλέῳ ῥέε κηδοσύνῃσιν·,δάκρυον αἰνοτάτῳ ἐλέῳ ῥέε κηδοσύνῃσιν·,tlg0001.tlg001.perseus-grc2.xml
Argonautica,tlg001,3,463,ἦκα δὲ μυρομένη λιγέως ἀνενείκατο μῦθον·,ἦκα δὲ μυρομένη λιγέως ἀνενείκατο μῦθον·,tlg0001.tlg001.perseus-grc2.xml
Argonautica,tlg001,3,464,τίπτε με δειλαίην τόδʼ ἔχει ἄχος; εἴθʼ ὅγε πάντων,τίπτε με δειλαίην τόδ’ ἔχει ἄχος; εἴθ’ ὅγε πάντων,tlg0001.tlg001.perseus-grc2.xml
Argonautica,tlg001,3,465,"φθίσεται ἡρώων προφερέστατος, εἴτε χερείων,","φθίσεται ἡρώων προφερέστατος, εἴτε χερείων,",tlg0001.tlg001.perseus-grc2.xml
Argonautica,tlg001,3,466,ἐρρέτω. ἦ μὲν ὄφελλεν ἀκήριος ἐξαλέασθαι.,ἐρρέτω. ἦ μὲν ὄφελλεν ἀκήριος ἐξαλέασθαι.,tlg0001.tlg001.perseus-grc2.xml
Argonautica,tlg001,3,467,"ναὶ δὴ τοῦτό γε, πότνα θεὰ Περσηί, πέλοιτο,","ναὶ δὴ τοῦτό γε, πότνα θεὰ Περσηί, πέλοιτο,",tlg0001.tlg001.perseus-grc2.xml
Argonautica,tlg001,3,468,οἴκαδε νοστήσειε φυγὼν μόρον· εἰ δέ μιν αἶσα,οἴκαδε νοστήσειε φυγὼν μόρον· εἰ δέ μιν αἶσα,tlg0001.tlg001.perseus-grc2.xml
Argonautica,tlg001,3,469,"δμηθῆναι ὑπὸ βουσί, τόδε προπάροιθε δαείη,","δμηθῆναι ὑπὸ βουσί, τόδε προπάροιθε δαείη,",tlg0001.tlg001.perseus-grc2.xml
Argonautica,tlg001,3,470,οὕνεκεν οὔ οἱ ἔγωγε κακῇ ἐπαγαίομαι ἄτῃ.,οὕνεκεν οὔ οἱ ἔγωγε κακῇ ἐπαγαίομαι ἄτῃ.,tlg0001.tlg001.perseus-grc2.xml
Argonautica,tlg001,3,471,ἡ μὲν ἄρʼ ὧς ἐόλητο νόον μελεδήμασι κούρη.,ἡ μὲν ἄρ’ ὧς ἐόλητο νόον μελεδήμασι κούρη.,tlg0001.tlg001.perseus-grc2.xml
Argonautica,tlg001,3,472,οἱ δʼ ἐπεὶ οὖν δήμου τε καὶ ἄστεος ἐκτὸς ἔβησαν,οἱ δ’ ἐπεὶ οὖν δήμου τε καὶ ἄστεος ἐκτὸς ἔβησαν,tlg0001.tlg001.perseus-grc2.xml
Argonautica,tlg001,3,473,"τὴν ὁδόν, ἣν τὸ πάροιθεν ἀνήλυθον ἐκ πεδίοιο,","τὴν ὁδόν, ἣν τὸ πάροιθεν ἀνήλυθον ἐκ πεδίοιο,",tlg0001.tlg001.perseus-grc2.xml
Argonautica,tlg001,3,474,δὴ τότʼ Ἰήσονα τοῖσδε προσέννεπεν Ἄργος ἔπεσσιν·,δὴ τότ’ Ἰήσονα τοῖσδε προσέννεπεν Ἄργος ἔπεσσιν·,tlg0001.tlg001.perseus-grc2.xml
Argonautica,tlg001,3,475,"Αἰσονίδη, μῆτιν μὲν ὀνόσσεαι, ἥντινʼ ἐνίψω·","Αἰσονίδη, μῆτιν μὲν ὀνόσσεαι, ἥντιν’ ἐνίψω·",tlg0001.tlg001.perseus-grc2.xml
Argonautica,tlg001,3,476,πείρης δʼ οὐ μάλʼ ἔοικε μεθιέμεν ἐν κακότητι.,πείρης δ’ οὐ μάλ’ ἔοικε μεθιέμεν ἐν κακότητι.,tlg0001.tlg001.perseus-grc2.xml
Argonautica,tlg001,3,477,κούρην δή τινα πρόσθεν ὑπέκλυες αὐτὸς ἐμεῖο,κούρην δή τινα πρόσθεν ὑπέκλυες αὐτὸς ἐμεῖο,tlg0001.tlg001.perseus-grc2.xml
Argonautica,tlg001,3,478,φαρμάσσειν Ἑκάτης Περσηίδος ἐννεσίῃσιν.,φαρμάσσειν Ἑκάτης Περσηίδος ἐννεσίῃσιν.,tlg0001.tlg001.perseus-grc2.xml
Argonautica,tlg001,3,479,"τὴν εἴ κεν πεπίθοιμεν, ὀίομαι, οὐκέτι τάρβος","τὴν εἴ κεν πεπίθοιμεν, ὀίομαι, οὐκέτι τάρβος",tlg0001.tlg001.perseus-grc2.xml
Argonautica,tlg001,3,480,ἔσσετʼ ἀεθλεύοντι δαμήμεναι· ἀλλὰ μάλʼ αἰνῶς,ἔσσετ’ ἀεθλεύοντι δαμήμεναι· ἀλλὰ μάλ’ αἰνῶς,tlg0001.tlg001.perseus-grc2.xml
Argonautica,tlg001,3,481,"δείδω, μή πως οὔ μοι ὑποσταίη τόγε μήτηρ.","δείδω, μή πως οὔ μοι ὑποσταίη τόγε μήτηρ.",tlg0001.tlg001.perseus-grc2.xml
Argonautica,tlg001,3,482,"ἔμπης δʼ ἐξαῦτις μετελεύσομαι ἀντιβολήσων,","ἔμπης δ’ ἐξαῦτις μετελεύσομαι ἀντιβολήσων,",tlg0001.tlg001.perseus-grc2.xml
Argonautica,tlg001,3,483,ξυνὸς ἐπεὶ πάντεσσιν ἐπικρέμαθʼ ἧμιν ὄλεθρος.,ξυνὸς ἐπεὶ πάντεσσιν ἐπικρέμαθ’ ἧμιν ὄλεθρος.,tlg0001.tlg001.perseus-grc2.xml
Argonautica,tlg001,3,484,Ἴσκεν ἐυφρονέων· ὁ δʼ ἀμείβετο τοῖσδʼ ἐπέεσσιν·,Ἴσκεν ἐυφρονέων· ὁ δ’ ἀμείβετο τοῖσδ’ ἐπέεσσιν·,tlg0001.tlg001.perseus-grc2.xml
Argonautica,tlg001,3,485,"ὦ πέπον, εἴ νύ τοι αὐτῷ ἐφανδάνει, οὔτι μεγαίρω.","ὦ πέπον, εἴ νύ τοι αὐτῷ ἐφανδάνει, οὔτι μεγαίρω.",tlg0001.tlg001.perseus-grc2.xml
Argonautica,tlg001,3,486,βάσκʼ ἴθι καὶ πυκινοῖσι τεὴν παρὰ μητέρα μύθοις,βάσκ’ ἴθι καὶ πυκινοῖσι τεὴν παρὰ μητέρα μύθοις,tlg0001.tlg001.perseus-grc2.xml
Argonautica,tlg001,3,487,ὄρνυθι λισσόμενος· μελέη γε μὲν ἧμιν ὄρωρεν,ὄρνυθι λισσόμενος· μελέη γε μὲν ἧμιν ὄρωρεν,tlg0001.tlg001.perseus-grc2.xml
Argonautica,tlg001,3,488,"ἐλπωρή, ὅτε νόστον ἐπετραπόμεσθα γυναιξίν.","ἐλπωρή, ὅτε νόστον ἐπετραπόμεσθα γυναιξίν.",tlg0001.tlg001.perseus-grc2.xml
Argonautica,tlg001,3,489,ὧς ἔφατʼ· ὦκα δʼ ἕλος μετεκίαθον. αὐτὰρ ἑταῖροι,ὧς ἔφατ’· ὦκα δ’ ἕλος μετεκίαθον. αὐτὰρ ἑταῖροι,tlg0001.tlg001.perseus-grc2.xml
Argonautica,tlg001,3,490,"γηθόσυνοι ἐρέεινον, ὅπως παρεόντας ἴδοντο·","γηθόσυνοι ἐρέεινον, ὅπως παρεόντας ἴδοντο·",tlg0001.tlg001.perseus-grc2.xml
Argonautica,tlg001,3,491,τοῖσιν δʼ Αἰσονίδης τετιημένος ἔκφατο μῦθον·,τοῖσιν δ’ Αἰσονίδης τετιημένος ἔκφατο μῦθον·,tlg0001.tlg001.perseus-grc2.xml
Argonautica,tlg001,3,492,"ὦ φίλοι, Αἰήταο ἀπηνέος ἄμμι φίλον κῆρ","ὦ φίλοι, Αἰήταο ἀπηνέος ἄμμι φίλον κῆρ",tlg0001.tlg001.perseus-grc2.xml
Argonautica,tlg001,3,493,"ἀντικρὺ κεχόλωται, ἕκαστα γὰρ οὔ νύ τι τέκμωρ","ἀντικρὺ κεχόλωται, ἕκαστα γὰρ οὔ νύ τι τέκμωρ",tlg0001.tlg001.perseus-grc2.xml
Argonautica,tlg001,3,494,"οὔτʼ ἐμοί, οὔτε κεν ὔμμι διειρομένοισι πέλοιτο.","οὔτ’ ἐμοί, οὔτε κεν ὔμμι διειρομένοισι πέλοιτο.",tlg0001.tlg001.perseus-grc2.xml
Argonautica,tlg001,3,495,φῆ δὲ δύω πεδίον τὸ Ἀρήιον ἀμφινέμεσθαι,φῆ δὲ δύω πεδίον τὸ Ἀρήιον ἀμφινέμεσθαι,tlg0001.tlg001.perseus-grc2.xml
Argonautica,tlg001,3,496,"ταύρω χαλκόποδε, στόματι φλόγα φυσιόωντας.","ταύρω χαλκόποδε, στόματι φλόγα φυσιόωντας.",tlg0001.tlg001.perseus-grc2.xml
Argonautica,tlg001,3,497,τετράγυον δʼ ἐπὶ τοῖσιν ἐφίετο νειὸν ἀρόσσαι·,τετράγυον δ’ ἐπὶ τοῖσιν ἐφίετο νειὸν ἀρόσσαι·,tlg0001.tlg001.perseus-grc2.xml
Argonautica,tlg001,3,498,"δώσειν δʼ ἐξ ὄφιος γενύων σπόρον, ὅς ῥʼ ἀνίῃσιν","δώσειν δ’ ἐξ ὄφιος γενύων σπόρον, ὅς ῥ’ ἀνίῃσιν",tlg0001.tlg001.perseus-grc2.xml
Argonautica,tlg001,3,499,γηγενέας χαλκέοις σὺν τεύχεσιν· ἤματι δʼ αὐτῷ,γηγενέας χαλκέοις σὺν τεύχεσιν· ἤματι δ’ αὐτῷ,tlg0001.tlg001.perseus-grc2.xml
Argonautica,tlg001,3,500,χρειὼ τούσγε δαΐξαι. ὃ δή νύ οἱ—οὔτι γὰρ ἄλλο,χρειὼ τούσγε δαΐξαι. ὃ δή νύ οἱ—οὔτι γὰρ ἄλλο,tlg0001.tlg001.perseus-grc2.xml
Argonautica,tlg001,3,501,βέλτερον ἦν φράσσασθαι—ἀπηλεγέως ὑποέστην.,βέλτερον ἦν φράσσασθαι—ἀπηλεγέως ὑποέστην.,tlg0001.tlg001.perseus-grc2.xml
Argonautica,tlg001,3,502,"ὧς ἄρʼ ἔφη· πάντεσσι δʼ ἀνήνυτος εἴσατʼ ἄεθλος,","ὧς ἄρ’ ἔφη· πάντεσσι δ’ ἀνήνυτος εἴσατ’ ἄεθλος,",tlg0001.tlg001.perseus-grc2.xml
Argonautica,tlg001,3,503,"δὴν δʼ ἄνεῳ καὶ ἄναυδοι ἐς ἀλλήλους ὁρόωντο,","δὴν δ’ ἄνεῳ καὶ ἄναυδοι ἐς ἀλλήλους ὁρόωντο,",tlg0001.tlg001.perseus-grc2.xml
Argonautica,tlg001,3,504,ἄτῃ ἀμηχανίῃ τε κατηφέες· ὀψὲ δὲ Πηλεὺς,ἄτῃ ἀμηχανίῃ τε κατηφέες· ὀψὲ δὲ Πηλεὺς,tlg0001.tlg001.perseus-grc2.xml
Argonautica,tlg001,3,505,θαρσαλέως μετὰ πᾶσιν ἀριστήεσσιν ἔειπεν·,θαρσαλέως μετὰ πᾶσιν ἀριστήεσσιν ἔειπεν·,tlg0001.tlg001.perseus-grc2.xml
Argonautica,tlg001,3,506,ὥρη μητιάασθαι ὅ κʼ ἔρξομεν. οὐ μὲν ἔολπα,ὥρη μητιάασθαι ὅ κ’ ἔρξομεν. οὐ μὲν ἔολπα,tlg0001.tlg001.perseus-grc2.xml
Argonautica,tlg001,3,507,"βουλῆς εἶναι ὄνειαρ, ὅσον τʼ ἐπὶ κάρτεϊ χειρῶν.","βουλῆς εἶναι ὄνειαρ, ὅσον τ’ ἐπὶ κάρτεϊ χειρῶν.",tlg0001.tlg001.perseus-grc2.xml
Argonautica,tlg001,3,508,"εἰ μέν νυν τύνη ζεῦξαι βόας Αἰήταο,","εἰ μέν νυν τύνη ζεῦξαι βόας Αἰήταο,",tlg0001.tlg001.perseus-grc2.xml
Argonautica,tlg001,3,509,"ἥρως Αἰσονίδη, φρονέεις, μέμονάς τε πόνοιο,","ἥρως Αἰσονίδη, φρονέεις, μέμονάς τε πόνοιο,",tlg0001.tlg001.perseus-grc2.xml
Argonautica,tlg001,3,510,ἦ τʼ ἂν ὑποσχεσίην πεφυλαγμένος ἐντύναιο·,ἦ τ’ ἂν ὑποσχεσίην πεφυλαγμένος ἐντύναιο·,tlg0001.tlg001.perseus-grc2.xml
Argonautica,tlg001,3,511,εἰ δʼ οὔ τοι μάλα θυμὸς ἑῇ ἐπὶ πάγχυ πέποιθεν,εἰ δ’ οὔ τοι μάλα θυμὸς ἑῇ ἐπὶ πάγχυ πέποιθεν,tlg0001.tlg001.perseus-grc2.xml
Argonautica,tlg001,3,512,"ἠνορέῃ, μήτʼ αὐτὸς ἐπείγεο, μήτε τινʼ ἄλλον","ἠνορέῃ, μήτ’ αὐτὸς ἐπείγεο, μήτε τιν’ ἄλλον",tlg0001.tlg001.perseus-grc2.xml
Argonautica,tlg001,3,513,τῶνδʼ ἀνδρῶν πάπταινε παρήμενος. οὐ γὰρ ἔγωγε,τῶνδ’ ἀνδρῶν πάπταινε παρήμενος. οὐ γὰρ ἔγωγε,tlg0001.tlg001.perseus-grc2.xml
Argonautica,tlg001,3,514,"σχήσομʼ, ἐπεὶ θάνατός γε τὸ κύντατον ἔσσεται ἄλγος.","σχήσομ’, ἐπεὶ θάνατός γε τὸ κύντατον ἔσσεται ἄλγος.",tlg0001.tlg001.perseus-grc2.xml
Argonautica,tlg001,3,515,ὧς ἔφατʼ Αἰακίδης· Τελαμῶνι δὲ θυμὸς ὀρίνθη·,ὧς ἔφατ’ Αἰακίδης· Τελαμῶνι δὲ θυμὸς ὀρίνθη·,tlg0001.tlg001.perseus-grc2.xml
Argonautica,tlg001,3,516,σπερχόμενος δʼ ἀνόρουσε θοῶς· ἐπὶ δὲ τρίτος Ἴδας,σπερχόμενος δ’ ἀνόρουσε θοῶς· ἐπὶ δὲ τρίτος Ἴδας,tlg0001.tlg001.perseus-grc2.xml
Argonautica,tlg001,3,517,"ὦρτο μέγα φρονέων, ἐπὶ δʼ υἱέε Τυνδαρέοιο·","ὦρτο μέγα φρονέων, ἐπὶ δ’ υἱέε Τυνδαρέοιο·",tlg0001.tlg001.perseus-grc2.xml
Argonautica,tlg001,3,518,σὺν δὲ καὶ Οἰνεΐδης ἐναρίθμιος αἰζηοῖσιν,σὺν δὲ καὶ Οἰνεΐδης ἐναρίθμιος αἰζηοῖσιν,tlg0001.tlg001.perseus-grc2.xml
Argonautica,tlg001,3,519,"ἀνδράσιν, οὐδέ περ ὅσσον ἐπανθιόωντας ἰούλους","ἀνδράσιν, οὐδέ περ ὅσσον ἐπανθιόωντας ἰούλους",tlg0001.tlg001.perseus-grc2.xml
Argonautica,tlg001,3,520,ἀντέλλων· τοίῳ οἱ ἀείρετο κάρτεϊ θυμός.,ἀντέλλων· τοίῳ οἱ ἀείρετο κάρτεϊ θυμός.,tlg0001.tlg001.perseus-grc2.xml
Argonautica,tlg001,3,521,οἱ δʼ ἄλλοι εἴξαντες ἀκὴν ἔχον. αὐτίκα δʼ Ἄργος,οἱ δ’ ἄλλοι εἴξαντες ἀκὴν ἔχον. αὐτίκα δ’ Ἄργος,tlg0001.tlg001.perseus-grc2.xml
Argonautica,tlg001,3,522,τοῖον ἔπος μετέειπεν ἐελδομένοισιν ἀέθλου·,τοῖον ἔπος μετέειπεν ἐελδομένοισιν ἀέθλου·,tlg0001.tlg001.perseus-grc2.xml
Argonautica,tlg001,3,523,"ὦ φίλοι, ἤτοι μὲν τόδε λοίσθιον. ἀλλά τινʼ οἴω","ὦ φίλοι, ἤτοι μὲν τόδε λοίσθιον. ἀλλά τιν’ οἴω",tlg0001.tlg001.perseus-grc2.xml
Argonautica,tlg001,3,524,μητρὸς ἐμῆς ἔσσεσθαι ἐναίσιμον ὔμμιν ἀρωγήν.,μητρὸς ἐμῆς ἔσσεσθαι ἐναίσιμον ὔμμιν ἀρωγήν.,tlg0001.tlg001.perseus-grc2.xml
Argonautica,tlg001,3,525,"τῶ καί περ μεμαῶτες, ἐρητύοισθʼ ἐνὶ νηὶ","τῶ καί περ μεμαῶτες, ἐρητύοισθ’ ἐνὶ νηὶ",tlg0001.tlg001.perseus-grc2.xml
Argonautica,tlg001,3,526,"τυτθὸν ἔθʼ, ὡς τὸ πάροιθεν, ἐπεὶ καὶ ἐπισχέμεν ἔμπης","τυτθὸν ἔθ’, ὡς τὸ πάροιθεν, ἐπεὶ καὶ ἐπισχέμεν ἔμπης",tlg0001.tlg001.perseus-grc2.xml
Argonautica,tlg001,3,527,"λώιον, ἢ κακὸν οἶτον ἀφειδήσαντας ἑλέσθαι.","λώιον, ἢ κακὸν οἶτον ἀφειδήσαντας ἑλέσθαι.",tlg0001.tlg001.perseus-grc2.xml
Argonautica,tlg001,3,528,"κούρη τις μεγάροισιν ἐνιτρέφετʼ Αἰήταο,","κούρη τις μεγάροισιν ἐνιτρέφετ’ Αἰήταο,",tlg0001.tlg001.perseus-grc2.xml
Argonautica,tlg001,3,529,τὴν Ἑκάτη περίαλλα θεὰ δάε τεχνήσασθαι,τὴν Ἑκάτη περίαλλα θεὰ δάε τεχνήσασθαι,tlg0001.tlg001.perseus-grc2.xml
Argonautica,tlg001,3,530,"φάρμαχʼ, ὅσʼ ἤπειρός τε φύει καὶ νήχυτον ὕδωρ,","φάρμαχ’, ὅσ’ ἤπειρός τε φύει καὶ νήχυτον ὕδωρ,",tlg0001.tlg001.perseus-grc2.xml
Argonautica,tlg001,3,531,"τοῖσι καὶ ἀκαμάτοιο πυρὸς μειλίσσετʼ ἀυτμή,","τοῖσι καὶ ἀκαμάτοιο πυρὸς μειλίσσετ’ ἀυτμή,",tlg0001.tlg001.perseus-grc2.xml
Argonautica,tlg001,3,532,"καὶ ποταμοὺς ἵστησιν ἄφαρ κελαδεινὰ ῥέοντας,","καὶ ποταμοὺς ἵστησιν ἄφαρ κελαδεινὰ ῥέοντας,",tlg0001.tlg001.perseus-grc2.xml
Argonautica,tlg001,3,533,ἄστρα τε καὶ μήνης ἱερῆς ἐπέδησε κελεύθους.,ἄστρα τε καὶ μήνης ἱερῆς ἐπέδησε κελεύθους.,tlg0001.tlg001.perseus-grc2.xml
Argonautica,tlg001,3,534,τῆς μὲν ἀπὸ μεγάροιο κατὰ στίβον ἐνθάδʼ ἰόντες,τῆς μὲν ἀπὸ μεγάροιο κατὰ στίβον ἐνθάδ’ ἰόντες,tlg0001.tlg001.perseus-grc2.xml
Argonautica,tlg001,3,535,"μνησάμεθʼ, εἴ κε δύναιτο, κασιγνήτη γεγαυῖα,","μνησάμεθ’, εἴ κε δύναιτο, κασιγνήτη γεγαυῖα,",tlg0001.tlg001.perseus-grc2.xml
Argonautica,tlg001,3,536,μήτηρ ἡμετέρη πεπιθεῖν ἐπαρῆξαι ἀέθλῳ.,μήτηρ ἡμετέρη πεπιθεῖν ἐπαρῆξαι ἀέθλῳ.,tlg0001.tlg001.perseus-grc2.xml
Argonautica,tlg001,3,537,"εἰ δὲ καὶ αὐτοῖσιν τόδʼ ἐφανδάνει, ἦ τʼ ἂν ἱκοίμην","εἰ δὲ καὶ αὐτοῖσιν τόδ’ ἐφανδάνει, ἦ τ’ ἂν ἱκοίμην",tlg0001.tlg001.perseus-grc2.xml
Argonautica,tlg001,3,538,ἤματι τῷδʼ αὐτῷ πάλιν εἰς δόμον Αἰήταο,ἤματι τῷδ’ αὐτῷ πάλιν εἰς δόμον Αἰήταο,tlg0001.tlg001.perseus-grc2.xml
Argonautica,tlg001,3,539,πειρήσων· τάχα δʼ ἂν σὺν δαίμονι πειρηθείην.,πειρήσων· τάχα δ’ ἂν σὺν δαίμονι πειρηθείην.,tlg0001.tlg001.perseus-grc2.xml
Argonautica,tlg001,3,540,ὧς φάτο· τοῖσι δὲ σῆμα θεοὶ δόσαν εὐμενέοντες.,ὧς φάτο· τοῖσι δὲ σῆμα θεοὶ δόσαν εὐμενέοντες.,tlg0001.tlg001.perseus-grc2.xml
Argonautica,tlg001,3,541,τρηρὼν μὲν φεύγουσα βίην κίρκοιο πελειὰς,τρηρὼν μὲν φεύγουσα βίην κίρκοιο πελειὰς,tlg0001.tlg001.perseus-grc2.xml
Argonautica,tlg001,3,542,ὑψόθεν Αἰσονίδεω πεφοβημένη ἔμπεσε κόλποις·,ὑψόθεν Αἰσονίδεω πεφοβημένη ἔμπεσε κόλποις·,tlg0001.tlg001.perseus-grc2.xml
Argonautica,tlg001,3,543,κίρκος δʼ ἀφλάστῳ περικάππεσεν. ὦκα δὲ Μόψος,κίρκος δ’ ἀφλάστῳ περικάππεσεν. ὦκα δὲ Μόψος,tlg0001.tlg001.perseus-grc2.xml
Argonautica,tlg001,3,544,τοῖον ἔπος μετὰ πᾶσι θεοπροπέων ἀγόρευσεν·,τοῖον ἔπος μετὰ πᾶσι θεοπροπέων ἀγόρευσεν·,tlg0001.tlg001.perseus-grc2.xml
Argonautica,tlg001,3,545,"ὔμμι, φίλοι, τόδε σῆμα θεῶν ἰότητι τέτυκται·","ὔμμι, φίλοι, τόδε σῆμα θεῶν ἰότητι τέτυκται·",tlg0001.tlg001.perseus-grc2.xml
Argonautica,tlg001,3,546,"οὐδέ τῃ ἄλλως ἐστὶν ὑποκρίνασθαι ἄρειον,","οὐδέ τῃ ἄλλως ἐστὶν ὑποκρίνασθαι ἄρειον,",tlg0001.tlg001.perseus-grc2.xml
Argonautica,tlg001,3,547,παρθενικὴν δʼ ἐπέεσσι μετελθέμεν ἀμφιέποντας,παρθενικὴν δ’ ἐπέεσσι μετελθέμεν ἀμφιέποντας,tlg0001.tlg001.perseus-grc2.xml
Argonautica,tlg001,3,548,"μήτι παντοίῃ. δοκέω δέ μιν οὐκ ἀθερίζειν,","μήτι παντοίῃ. δοκέω δέ μιν οὐκ ἀθερίζειν,",tlg0001.tlg001.perseus-grc2.xml
Argonautica,tlg001,3,549,εἰ ἐτεὸν Φινεύς γε θεᾷ ἐνὶ Κύπριδι νόστον,εἰ ἐτεὸν Φινεύς γε θεᾷ ἐνὶ Κύπριδι νόστον,tlg0001.tlg001.perseus-grc2.xml
Argonautica,tlg001,3,550,πέφραδεν ἔσσεσθαι. κείνης δʼ ὅγε μείλιχος ὄρνις,πέφραδεν ἔσσεσθαι. κείνης δ’ ὅγε μείλιχος ὄρνις,tlg0001.tlg001.perseus-grc2.xml
Argonautica,tlg001,3,551,πότμον ὑπεξήλυξε· κέαρ δέ μοι ὡς ἐνὶ θυμῷ,πότμον ὑπεξήλυξε· κέαρ δέ μοι ὡς ἐνὶ θυμῷ,tlg0001.tlg001.perseus-grc2.xml
Argonautica,tlg001,3,552,"τόνδε κατʼ οἰωνὸν προτιόσσεται, ὧς δὲ πέλοιτο.","τόνδε κατ’ οἰωνὸν προτιόσσεται, ὧς δὲ πέλοιτο.",tlg0001.tlg001.perseus-grc2.xml
Argonautica,tlg001,3,553,"ἀλλά, φίλοι, Κυθέρειαν ἐπικλείοντες ἀμύνειν,","ἀλλά, φίλοι, Κυθέρειαν ἐπικλείοντες ἀμύνειν,",tlg0001.tlg001.perseus-grc2.xml
Argonautica,tlg001,3,554,ἤδη νῦν Ἄργοιο παραιφασίῃσι πίθεσθε.,ἤδη νῦν Ἄργοιο παραιφασίῃσι πίθεσθε.,tlg0001.tlg001.perseus-grc2.xml
Argonautica,tlg001,3,555,"Ἴσκεν· ἐπῄνησαν δὲ νέοι, Φινῆος ἐφετμὰς","Ἴσκεν· ἐπῄνησαν δὲ νέοι, Φινῆος ἐφετμὰς",tlg0001.tlg001.perseus-grc2.xml
Argonautica,tlg001,3,556,"μνησάμενοι· μοῦνος δʼ Ἀφαρήιος ἄνθορεν Ἴδας,","μνησάμενοι· μοῦνος δ’ Ἀφαρήιος ἄνθορεν Ἴδας,",tlg0001.tlg001.perseus-grc2.xml
Argonautica,tlg001,3,557,"δείνʼ ἐπαλαστήσας μεγάλῃ ὀπί, φώνησέν τε·","δείν’ ἐπαλαστήσας μεγάλῃ ὀπί, φώνησέν τε·",tlg0001.tlg001.perseus-grc2.xml
Argonautica,tlg001,3,558,"ὦ πόποι, ἦ ῥα γυναιξὶν ὁμόστολοι ἐνθάδʼ ἔβημεν,","ὦ πόποι, ἦ ῥα γυναιξὶν ὁμόστολοι ἐνθάδ’ ἔβημεν,",tlg0001.tlg001.perseus-grc2.xml
Argonautica,tlg001,3,559,"οἳ Κύπριν καλέουσιν ἐπίρροθον ἄμμι πέλεσθαι,","οἳ Κύπριν καλέουσιν ἐπίρροθον ἄμμι πέλεσθαι,",tlg0001.tlg001.perseus-grc2.xml
Argonautica,tlg001,3,560,οὐκέτʼ Ἐνυαλίοιο μέγα σθένος; ἐς δὲ πελείας,οὐκέτ’ Ἐνυαλίοιο μέγα σθένος; ἐς δὲ πελείας,tlg0001.tlg001.perseus-grc2.xml
Argonautica,tlg001,3,561,καὶ κίρκους λεύσσοντες ἐρητύεσθε ἀέθλων;,καὶ κίρκους λεύσσοντες ἐρητύεσθε ἀέθλων;,tlg0001.tlg001.perseus-grc2.xml
Argonautica,tlg001,3,562,"ἔρρετε, μηδʼ ὔμμιν πολεμήια ἔργα μέλοιτο,","ἔρρετε, μηδ’ ὔμμιν πολεμήια ἔργα μέλοιτο,",tlg0001.tlg001.perseus-grc2.xml
Argonautica,tlg001,3,563,παρθενικὰς δὲ λιτῇσιν ἀνάλκιδας ἠπεροπεύειν.,παρθενικὰς δὲ λιτῇσιν ἀνάλκιδας ἠπεροπεύειν.,tlg0001.tlg001.perseus-grc2.xml
Argonautica,tlg001,3,564,ὧς ηὔδα μεμαώς· πολέες δʼ ὁμάδησαν ἑταῖροι,ὧς ηὔδα μεμαώς· πολέες δ’ ὁμάδησαν ἑταῖροι,tlg0001.tlg001.perseus-grc2.xml
Argonautica,tlg001,3,565,"ἦκα μάλʼ, οὐδʼ ἄρα τίς οἱ ἐναντίον ἔκφατο μῦθον.","ἦκα μάλ’, οὐδ’ ἄρα τίς οἱ ἐναντίον ἔκφατο μῦθον.",tlg0001.tlg001.perseus-grc2.xml
Argonautica,tlg001,3,566,χωόμενος δʼ ὅγʼ ἔπειτα καθέζετο· τοῖσι δʼ Ἰήσων,χωόμενος δ’ ὅγ’ ἔπειτα καθέζετο· τοῖσι δ’ Ἰήσων,tlg0001.tlg001.perseus-grc2.xml
Argonautica,tlg001,3,567,αὐτίκʼ ἐποτρύνων τὸν ἑὸν νόον ὧδʼ ἀγόρευεν·,αὐτίκ’ ἐποτρύνων τὸν ἑὸν νόον ὧδ’ ἀγόρευεν·,tlg0001.tlg001.perseus-grc2.xml
Argonautica,tlg001,3,568,"Ἄργος μὲν παρὰ νηός, ἐπεὶ τόδε πᾶσιν ἕαδεν,","Ἄργος μὲν παρὰ νηός, ἐπεὶ τόδε πᾶσιν ἕαδεν,",tlg0001.tlg001.perseus-grc2.xml
Argonautica,tlg001,3,569,στελλέσθω· ἀτὰρ αὐτοὶ ἐπὶ χθονὸς ἐκ ποταμοῖο,στελλέσθω· ἀτὰρ αὐτοὶ ἐπὶ χθονὸς ἐκ ποταμοῖο,tlg0001.tlg001.perseus-grc2.xml
Argonautica,tlg001,3,570,ἀμφαδὸν ἤδη πείσματʼ ἀνάψομεν. ἦ γὰρ ἔοικεν,ἀμφαδὸν ἤδη πείσματ’ ἀνάψομεν. ἦ γὰρ ἔοικεν,tlg0001.tlg001.perseus-grc2.xml
Argonautica,tlg001,3,571,μηκέτι δὴν κρύπτεσθαι ὑποπτήσσοντας ἀυτήν.,μηκέτι δὴν κρύπτεσθαι ὑποπτήσσοντας ἀυτήν.,tlg0001.tlg001.perseus-grc2.xml
Argonautica,tlg001,3,572,ὧς ἄρʼ ἔφη· καὶ τὸν μὲν ἄφαρ προΐαλλε νέεσθαι,ὧς ἄρ’ ἔφη· καὶ τὸν μὲν ἄφαρ προΐαλλε νέεσθαι,tlg0001.tlg001.perseus-grc2.xml
Argonautica,tlg001,3,573,καρπαλίμως ἐξαῦτις ἀνὰ πτόλιν· οἱ δʼ ἐπὶ νηὸς,καρπαλίμως ἐξαῦτις ἀνὰ πτόλιν· οἱ δ’ ἐπὶ νηὸς,tlg0001.tlg001.perseus-grc2.xml
Argonautica,tlg001,3,574,εὐναίας ἐρύσαντες ἐφετμαῖς Αἰσονίδαο,εὐναίας ἐρύσαντες ἐφετμαῖς Αἰσονίδαο,tlg0001.tlg001.perseus-grc2.xml
Argonautica,tlg001,3,575,τυτθὸν ὑπὲξ ἕλεος χέρσῳ ἐπέκελσαν ἐρετμοῖς.,τυτθὸν ὑπὲξ ἕλεος χέρσῳ ἐπέκελσαν ἐρετμοῖς.,tlg0001.tlg001.perseus-grc2.xml
Argonautica,tlg001,3,576,αὐτίκα δʼ Αἰήτης ἀγορὴν ποιήσατο Κόλχων,αὐτίκα δ’ Αἰήτης ἀγορὴν ποιήσατο Κόλχων,tlg0001.tlg001.perseus-grc2.xml
Argonautica,tlg001,3,577,"νόσφιν ἑοῖο δόμου, τόθι περ καὶ πρόσθε κάθιζον,","νόσφιν ἑοῖο δόμου, τόθι περ καὶ πρόσθε κάθιζον,",tlg0001.tlg001.perseus-grc2.xml
Argonautica,tlg001,3,578,ἀτλήτους Μινύῃσι δόλους καὶ κήδεα τεύχων.,ἀτλήτους Μινύῃσι δόλους καὶ κήδεα τεύχων.,tlg0001.tlg001.perseus-grc2.xml
Argonautica,tlg001,3,579,"στεῦτο δʼ, ἐπεί κεν πρῶτα βόες διαδηλήσωνται","στεῦτο δ’, ἐπεί κεν πρῶτα βόες διαδηλήσωνται",tlg0001.tlg001.perseus-grc2.xml
Argonautica,tlg001,3,580,"ἄνδρα τόν, ὅς ῥʼ ὑπέδεκτο βαρὺν καμέεσθαι ἄεθλον,","ἄνδρα τόν, ὅς ῥ’ ὑπέδεκτο βαρὺν καμέεσθαι ἄεθλον,",tlg0001.tlg001.perseus-grc2.xml
Argonautica,tlg001,3,581,δρυμὸν ἀναρρήξας λασίης καθύπερθε· κολώνης,δρυμὸν ἀναρρήξας λασίης καθύπερθε· κολώνης,tlg0001.tlg001.perseus-grc2.xml
Argonautica,tlg001,3,582,"αὔτανδρον φλέξειν δόρυ νήιον, ὄφρʼ ἀλεγεινὴν","αὔτανδρον φλέξειν δόρυ νήιον, ὄφρ’ ἀλεγεινὴν",tlg0001.tlg001.perseus-grc2.xml
Argonautica,tlg001,3,583,ὕβριν ἀποφλύξωσιν ὑπέρβια μηχανόωντες.,ὕβριν ἀποφλύξωσιν ὑπέρβια μηχανόωντες.,tlg0001.tlg001.perseus-grc2.xml
Argonautica,tlg001,3,584,οὐδὲ γὰρ Αἰολίδην Φρίξον μάλα περ χατέοντα,οὐδὲ γὰρ Αἰολίδην Φρίξον μάλα περ χατέοντα,tlg0001.tlg001.perseus-grc2.xml
Argonautica,tlg001,3,585,"δέχθαι ἐνὶ μεγάροισιν ἐφέστιον, ὃς περὶ πάντων","δέχθαι ἐνὶ μεγάροισιν ἐφέστιον, ὃς περὶ πάντων",tlg0001.tlg001.perseus-grc2.xml
Argonautica,tlg001,3,586,"ξείνων μελιχίῃ τε θεουδείῃ τʼ ἐκέκαστο,","ξείνων μελιχίῃ τε θεουδείῃ τ’ ἐκέκαστο,",tlg0001.tlg001.perseus-grc2.xml
Argonautica,tlg001,3,587,εἰ μή οἱ Ζεὺς αὐτὸς ἀπʼ οὐρανοῦ ἄγγελον ἧκεν,εἰ μή οἱ Ζεὺς αὐτὸς ἀπ’ οὐρανοῦ ἄγγελον ἧκεν,tlg0001.tlg001.perseus-grc2.xml
Argonautica,tlg001,3,588,"Ἑρμείαν, ὥς κεν προσκηδέος ἀντιάσειεν·","Ἑρμείαν, ὥς κεν προσκηδέος ἀντιάσειεν·",tlg0001.tlg001.perseus-grc2.xml
Argonautica,tlg001,3,589,μὴ καὶ ληιστῆρας ἑὴν ἐς γαῖαν ἰόντας,μὴ καὶ ληιστῆρας ἑὴν ἐς γαῖαν ἰόντας,tlg0001.tlg001.perseus-grc2.xml
Argonautica,tlg001,3,590,"ἔσσεσθαι δηναιὸν ἀπήμονας, οἷσι μέμηλεν","ἔσσεσθαι δηναιὸν ἀπήμονας, οἷσι μέμηλεν",tlg0001.tlg001.perseus-grc2.xml
Argonautica,tlg001,3,591,"ὀθνείοις ἐπὶ χεῖρα ἑὴν κτεάτεσσιν ἀείρειν,","ὀθνείοις ἐπὶ χεῖρα ἑὴν κτεάτεσσιν ἀείρειν,",tlg0001.tlg001.perseus-grc2.xml
Argonautica,tlg001,3,592,"κρυπταδίους τε δόλους τεκταινέμεν, ἠδὲ βοτήρων","κρυπταδίους τε δόλους τεκταινέμεν, ἠδὲ βοτήρων",tlg0001.tlg001.perseus-grc2.xml
Argonautica,tlg001,3,593,αὔλια δυσκελάδοισιν ἐπιδρομίῃσι δαΐξαι.,αὔλια δυσκελάδοισιν ἐπιδρομίῃσι δαΐξαι.,tlg0001.tlg001.perseus-grc2.xml
Argonautica,tlg001,3,594,νόσφι δὲ οἷ αὐτῷ φάτʼ ἐοικότα μείλια τίσειν,νόσφι δὲ οἷ αὐτῷ φάτ’ ἐοικότα μείλια τίσειν,tlg0001.tlg001.perseus-grc2.xml
Argonautica,tlg001,3,595,"υἱῆας Φρίξοιο, κακορρέκτῃσιν ὀπηδοὺς","υἱῆας Φρίξοιο, κακορρέκτῃσιν ὀπηδοὺς",tlg0001.tlg001.perseus-grc2.xml
Argonautica,tlg001,3,596,"ἀνδράσι νοστήσαντας ὁμιλαδόν, ὄφρα ἑ τιμῆς","ἀνδράσι νοστήσαντας ὁμιλαδόν, ὄφρα ἑ τιμῆς",tlg0001.tlg001.perseus-grc2.xml
Argonautica,tlg001,3,597,καὶ σκήπτρων ἐλάσειαν ἀκηδέες· ὥς ποτε βάξιν,καὶ σκήπτρων ἐλάσειαν ἀκηδέες· ὥς ποτε βάξιν,tlg0001.tlg001.perseus-grc2.xml
Argonautica,tlg001,3,598,"λευγαλέην οὗ πατρὸς ἐπέκλυεν Ἠελίοιο,","λευγαλέην οὗ πατρὸς ἐπέκλυεν Ἠελίοιο,",tlg0001.tlg001.perseus-grc2.xml
Argonautica,tlg001,3,599,χρειώ μιν πυκινόν τε δόλον βουλάς τε γενέθλης,χρειώ μιν πυκινόν τε δόλον βουλάς τε γενέθλης,tlg0001.tlg001.perseus-grc2.xml
Argonautica,tlg001,3,600,σφωιτέρης ἄτην τε πολύτροπον ἐξαλέασθαι·,σφωιτέρης ἄτην τε πολύτροπον ἐξαλέασθαι·,tlg0001.tlg001.perseus-grc2.xml
Argonautica,tlg001,3,601,τῶ καὶ ἐελδομένους πέμπειν ἐς Ἀχαιίδα γαῖαν,τῶ καὶ ἐελδομένους πέμπειν ἐς Ἀχαιίδα γαῖαν,tlg0001.tlg001.perseus-grc2.xml
Argonautica,tlg001,3,602,"πατρὸς ἐφημοσύνῃ, δολιχὴν ὁδόν. οὐδὲ θυγατρῶν","πατρὸς ἐφημοσύνῃ, δολιχὴν ὁδόν. οὐδὲ θυγατρῶν",tlg0001.tlg001.perseus-grc2.xml
Argonautica,tlg001,3,603,"εἶναί οἱ τυτθόν γε δέος, μή πού τινα μῆτιν","εἶναί οἱ τυτθόν γε δέος, μή πού τινα μῆτιν",tlg0001.tlg001.perseus-grc2.xml
Argonautica,tlg001,3,604,"φράσσωνται στυγερήν, οὐδʼ υἱέος Ἀψύρτοιο·","φράσσωνται στυγερήν, οὐδ’ υἱέος Ἀψύρτοιο·",tlg0001.tlg001.perseus-grc2.xml
Argonautica,tlg001,3,605,ἀλλʼ ἐνὶ Χαλκιόπης γενεῇ τάδε λυγρὰ τετύχθαι.,ἀλλ’ ἐνὶ Χαλκιόπης γενεῇ τάδε λυγρὰ τετύχθαι.,tlg0001.tlg001.perseus-grc2.xml
Argonautica,tlg001,3,606,καί ῥʼ ὁ μὲν ἄσχετα ἔργα πιφαύσκετο δημοτέροισιν,καί ῥ’ ὁ μὲν ἄσχετα ἔργα πιφαύσκετο δημοτέροισιν,tlg0001.tlg001.perseus-grc2.xml
Argonautica,tlg001,3,607,χωόμενος· μέγα δέ σφιν ἀπείλεε νῆά τʼ ἔρυσθαι,χωόμενος· μέγα δέ σφιν ἀπείλεε νῆά τ’ ἔρυσθαι,tlg0001.tlg001.perseus-grc2.xml
Argonautica,tlg001,3,608,"ἠδʼ αὐτούς, ἵνα μήτις ὑπὲκ κακότητος ἀλύξῃ.","ἠδ’ αὐτούς, ἵνα μήτις ὑπὲκ κακότητος ἀλύξῃ.",tlg0001.tlg001.perseus-grc2.xml
Argonautica,tlg001,3,609,"τόφρα δὲ μητέρʼ ἑήν, μετιὼν δόμον Αἰήταο,","τόφρα δὲ μητέρ’ ἑήν, μετιὼν δόμον Αἰήταο,",tlg0001.tlg001.perseus-grc2.xml
Argonautica,tlg001,3,610,"Ἄργος παντοίοισι παρηγορέεσκʼ ἐπέεσσιν,","Ἄργος παντοίοισι παρηγορέεσκ’ ἐπέεσσιν,",tlg0001.tlg001.perseus-grc2.xml
Argonautica,tlg001,3,611,Μήδειαν λίσσεσθαι ἀμυνέμεν· ἡ δὲ καὶ αὐτὴ,Μήδειαν λίσσεσθαι ἀμυνέμεν· ἡ δὲ καὶ αὐτὴ,tlg0001.tlg001.perseus-grc2.xml
Argonautica,tlg001,3,612,"πρόσθεν μητιάασκε· δέος δέ μιν ἴσχανε θυμόν,","πρόσθεν μητιάασκε· δέος δέ μιν ἴσχανε θυμόν,",tlg0001.tlg001.perseus-grc2.xml
Argonautica,tlg001,3,613,μή πως ἠὲ παρʼ αἶσαν ἐτώσια μειλίξαιτο,μή πως ἠὲ παρ’ αἶσαν ἐτώσια μειλίξαιτο,tlg0001.tlg001.perseus-grc2.xml
Argonautica,tlg001,3,614,"πατρὸς ἀτυζομένην ὀλοὸν χόλον, ἠὲ λιτῇσιν","πατρὸς ἀτυζομένην ὀλοὸν χόλον, ἠὲ λιτῇσιν",tlg0001.tlg001.perseus-grc2.xml
Argonautica,tlg001,3,615,ἑσπομένης ἀρίδηλα καὶ ἀμφαδὰ ἔργα πέλοιτο.,ἑσπομένης ἀρίδηλα καὶ ἀμφαδὰ ἔργα πέλοιτο.,tlg0001.tlg001.perseus-grc2.xml
Argonautica,tlg001,3,616,κούρην δʼ ἐξ ἀχέων ἀδινὸς κατελώφεεν ὕπνος,κούρην δ’ ἐξ ἀχέων ἀδινὸς κατελώφεεν ὕπνος,tlg0001.tlg001.perseus-grc2.xml
Argonautica,tlg001,3,617,"λέκτρῳ ἀνακλινθεῖσαν. ἄφαρ δέ μιν ἠπεροπῆες,","λέκτρῳ ἀνακλινθεῖσαν. ἄφαρ δέ μιν ἠπεροπῆες,",tlg0001.tlg001.perseus-grc2.xml
Argonautica,tlg001,3,618,"οἷά τʼ ἀκηχεμένην, ὀλοοὶ ἐρέθεσκον ὄνειροι.","οἷά τ’ ἀκηχεμένην, ὀλοοὶ ἐρέθεσκον ὄνειροι.",tlg0001.tlg001.perseus-grc2.xml
Argonautica,tlg001,3,619,"τὸν ξεῖνον δʼ ἐδόκησεν ὑφεστάμεναι τὸν ἄεθλον,","τὸν ξεῖνον δ’ ἐδόκησεν ὑφεστάμεναι τὸν ἄεθλον,",tlg0001.tlg001.perseus-grc2.xml
Argonautica,tlg001,3,620,"οὔτι μάλʼ ὁρμαίνοντα δέρος κριοῖο κομίσσαι,","οὔτι μάλ’ ὁρμαίνοντα δέρος κριοῖο κομίσσαι,",tlg0001.tlg001.perseus-grc2.xml
Argonautica,tlg001,3,621,οὐδέ τι τοῖο ἕκητι μετὰ πτόλιν Αἰήταο,οὐδέ τι τοῖο ἕκητι μετὰ πτόλιν Αἰήταο,tlg0001.tlg001.perseus-grc2.xml
Argonautica,tlg001,3,622,"ἐλθέμεν, ὄφρα δέ μιν σφέτερον δόμον εἰσαγάγοιτο","ἐλθέμεν, ὄφρα δέ μιν σφέτερον δόμον εἰσαγάγοιτο",tlg0001.tlg001.perseus-grc2.xml
Argonautica,tlg001,3,623,κουριδίην παράκοιτιν· ὀίετο δʼ ἀμφὶ βόεσσιν,κουριδίην παράκοιτιν· ὀίετο δ’ ἀμφὶ βόεσσιν,tlg0001.tlg001.perseus-grc2.xml
Argonautica,tlg001,3,624,αὐτὴ ἀεθλεύουσα μάλʼ εὐμαρέως πονέεσθαι·,αὐτὴ ἀεθλεύουσα μάλ’ εὐμαρέως πονέεσθαι·,tlg0001.tlg001.perseus-grc2.xml
Argonautica,tlg001,3,625,"σφωιτέρους δὲ τοκῆας ὑποσχεσίης ἀθερίζειν,","σφωιτέρους δὲ τοκῆας ὑποσχεσίης ἀθερίζειν,",tlg0001.tlg001.perseus-grc2.xml
Argonautica,tlg001,3,626,"οὕνεκεν οὐ κούρῃ ζεῦξαι βόας, ἀλλά οἱ αὐτῷ","οὕνεκεν οὐ κούρῃ ζεῦξαι βόας, ἀλλά οἱ αὐτῷ",tlg0001.tlg001.perseus-grc2.xml
Argonautica,tlg001,3,627,προύθεσαν· ἐκ δʼ ἄρα τοῦ νεῖκος πέλεν ἀμφήριστον,προύθεσαν· ἐκ δ’ ἄρα τοῦ νεῖκος πέλεν ἀμφήριστον,tlg0001.tlg001.perseus-grc2.xml
Argonautica,tlg001,3,628,πατρί τε καὶ ξείνοις· αὐτῇ δʼ ἐπιέτρεπον ἄμφω,πατρί τε καὶ ξείνοις· αὐτῇ δ’ ἐπιέτρεπον ἄμφω,tlg0001.tlg001.perseus-grc2.xml
Argonautica,tlg001,3,629,"τὼς ἔμεν, ὥς κεν ἑῇσι μετὰ φρεσὶν ἰθύσειεν.","τὼς ἔμεν, ὥς κεν ἑῇσι μετὰ φρεσὶν ἰθύσειεν.",tlg0001.tlg001.perseus-grc2.xml
Argonautica,tlg001,3,630,"ἡ δʼ ἄφνω τὸν ξεῖνον, ἀφειδήσασα τοκήων,","ἡ δ’ ἄφνω τὸν ξεῖνον, ἀφειδήσασα τοκήων,",tlg0001.tlg001.perseus-grc2.xml
Argonautica,tlg001,3,631,"εἵλετο· τοὺς δʼ ἀμέγαρτον ἄχος λάβεν, ἐκ δʼ ἐβόησαν","εἵλετο· τοὺς δ’ ἀμέγαρτον ἄχος λάβεν, ἐκ δ’ ἐβόησαν",tlg0001.tlg001.perseus-grc2.xml
Argonautica,tlg001,3,632,χωόμενοι· τὴν δʼ ὕπνος ἅμα κλαγγῇ μεθέηκεν.,χωόμενοι· τὴν δ’ ὕπνος ἅμα κλαγγῇ μεθέηκεν.,tlg0001.tlg001.perseus-grc2.xml
Argonautica,tlg001,3,633,"παλλομένη δʼ ἀνόρουσε φόβῳ, περί τʼ ἀμφί τε τοίχους","παλλομένη δ’ ἀνόρουσε φόβῳ, περί τ’ ἀμφί τε τοίχους",tlg0001.tlg001.perseus-grc2.xml
Argonautica,tlg001,3,634,πάπτηνεν θαλάμοιο· μόλις δʼ ἐσαγείρατο θυμὸν,πάπτηνεν θαλάμοιο· μόλις δ’ ἐσαγείρατο θυμὸν,tlg0001.tlg001.perseus-grc2.xml
Argonautica,tlg001,3,635,"ὡς πάρος ἐν στέρνοις, ἀδινὴν δʼ ἀνενείκατο φωνήν·","ὡς πάρος ἐν στέρνοις, ἀδινὴν δ’ ἀνενείκατο φωνήν·",tlg0001.tlg001.perseus-grc2.xml
Argonautica,tlg001,3,636,"δειλὴ ἐγών, οἷόν με βαρεῖς ἐφόβησαν ὄνειροι.","δειλὴ ἐγών, οἷόν με βαρεῖς ἐφόβησαν ὄνειροι.",tlg0001.tlg001.perseus-grc2.xml
Argonautica,tlg001,3,637,"δείδια, μὴ μέγα δή τι φέρῃ κακὸν ἥδε κέλευθος","δείδια, μὴ μέγα δή τι φέρῃ κακὸν ἥδε κέλευθος",tlg0001.tlg001.perseus-grc2.xml
Argonautica,tlg001,3,638,ἡρώων. περί μοι ξείνῳ φρένες ἠερέθονται.,ἡρώων. περί μοι ξείνῳ φρένες ἠερέθονται.,tlg0001.tlg001.perseus-grc2.xml
Argonautica,tlg001,3,639,μνάσθω ἑὸν κατὰ δῆμον Ἀχαιίδα τηλόθι κούρην,μνάσθω ἑὸν κατὰ δῆμον Ἀχαιίδα τηλόθι κούρην,tlg0001.tlg001.perseus-grc2.xml
Argonautica,tlg001,3,640,ἄμμι δὲ παρθενίη τε μέλοι καὶ δῶμα τοκήων.,ἄμμι δὲ παρθενίη τε μέλοι καὶ δῶμα τοκήων.,tlg0001.tlg001.perseus-grc2.xml
Argonautica,tlg001,3,641,"ἔμπα γε μὴν θεμένη κύνεον κέαρ, οὐκέτʼ ἄνευθεν","ἔμπα γε μὴν θεμένη κύνεον κέαρ, οὐκέτ’ ἄνευθεν",tlg0001.tlg001.perseus-grc2.xml
Argonautica,tlg001,3,642,"αὐτοκασιγνήτης πειρήσομαι, εἴ κέ μʼ ἀέθλῳ","αὐτοκασιγνήτης πειρήσομαι, εἴ κέ μ’ ἀέθλῳ",tlg0001.tlg001.perseus-grc2.xml
Argonautica,tlg001,3,643,"χραισμεῖν ἀντιάσῃσιν, ἐπὶ σφετέροις ἀχέουσα","χραισμεῖν ἀντιάσῃσιν, ἐπὶ σφετέροις ἀχέουσα",tlg0001.tlg001.perseus-grc2.xml
Argonautica,tlg001,3,644,παισί· τό κέν μοι λυγρὸν ἐνὶ κραδίῃ σβέσαι ἄλγος.,παισί· τό κέν μοι λυγρὸν ἐνὶ κραδίῃ σβέσαι ἄλγος.,tlg0001.tlg001.perseus-grc2.xml
Argonautica,tlg001,3,645,"ἦ ῥα, καὶ ὀρθωθεῖσα θύρας ὤιξε δόμοιο,","ἦ ῥα, καὶ ὀρθωθεῖσα θύρας ὤιξε δόμοιο,",tlg0001.tlg001.perseus-grc2.xml
Argonautica,tlg001,3,646,"νήλιπος, οἰέανος· καὶ δὴ λελίητο νέεσθαι","νήλιπος, οἰέανος· καὶ δὴ λελίητο νέεσθαι",tlg0001.tlg001.perseus-grc2.xml
Argonautica,tlg001,3,647,"αὐτοκασιγνήτηνδε, καὶ ἕρκεος οὐδὸν ἄμειψεν.","αὐτοκασιγνήτηνδε, καὶ ἕρκεος οὐδὸν ἄμειψεν.",tlg0001.tlg001.perseus-grc2.xml
Argonautica,tlg001,3,648,"δὴν δὲ καταυτόθι μίμνεν ἐνὶ προδόμῳ θαλάμοιο,","δὴν δὲ καταυτόθι μίμνεν ἐνὶ προδόμῳ θαλάμοιο,",tlg0001.tlg001.perseus-grc2.xml
Argonautica,tlg001,3,649,αἰδοῖ ἐεργομένη· μετὰ δʼ ἐτράπετʼ αὖτις ὀπίσσω,αἰδοῖ ἐεργομένη· μετὰ δ’ ἐτράπετ’ αὖτις ὀπίσσω,tlg0001.tlg001.perseus-grc2.xml
Argonautica,tlg001,3,650,"στρεφθεῖσʼ· ἐκ δὲ πάλιν κίεν ἔνδοθεν, ἄψ τʼ ἀλέεινεν","στρεφθεῖσ’· ἐκ δὲ πάλιν κίεν ἔνδοθεν, ἄψ τ’ ἀλέεινεν",tlg0001.tlg001.perseus-grc2.xml
Argonautica,tlg001,3,651,εἴσω· τηΰσιοι δὲ πόδες φέρον ἔνθα καὶ ἔνθα·,εἴσω· τηΰσιοι δὲ πόδες φέρον ἔνθα καὶ ἔνθα·,tlg0001.tlg001.perseus-grc2.xml
Argonautica,tlg001,3,652,"ἤτοι ὅτʼ ἰθύσειεν, ἔρυκέ μιν ἔνδοθεν αἰδώς·","ἤτοι ὅτ’ ἰθύσειεν, ἔρυκέ μιν ἔνδοθεν αἰδώς·",tlg0001.tlg001.perseus-grc2.xml
Argonautica,tlg001,3,653,αἰδοῖ δʼ ἐργομένην θρασὺς ἵμερος ὀτρύνεσκεν.,αἰδοῖ δ’ ἐργομένην θρασὺς ἵμερος ὀτρύνεσκεν.,tlg0001.tlg001.perseus-grc2.xml
Argonautica,tlg001,3,654,"τρὶς μὲν ἐπειρήθη, τρὶς δʼ ἔσχετο, τέτρατον αὖτις","τρὶς μὲν ἐπειρήθη, τρὶς δ’ ἔσχετο, τέτρατον αὖτις",tlg0001.tlg001.perseus-grc2.xml
Argonautica,tlg001,3,655,λέκτροισιν πρηνὴς ἐνικάππεσεν εἱλιχθεῖσα.,λέκτροισιν πρηνὴς ἐνικάππεσεν εἱλιχθεῖσα.,tlg0001.tlg001.perseus-grc2.xml
Argonautica,tlg001,3,656,ὡς δʼ ὅτε τις νύμφη θαλερὸν πόσιν ἐν θαλάμοισιν,ὡς δ’ ὅτε τις νύμφη θαλερὸν πόσιν ἐν θαλάμοισιν,tlg0001.tlg001.perseus-grc2.xml
Argonautica,tlg001,3,657,"μύρεται, ᾧ μιν ὄπασσαν ἀδελφεοὶ ἠδὲ τοκῆες,","μύρεται, ᾧ μιν ὄπασσαν ἀδελφεοὶ ἠδὲ τοκῆες,",tlg0001.tlg001.perseus-grc2.xml
Argonautica,tlg001,3,658,οὐδέ τί πω πάσαις ἐπιμίσγεται ἀμφιπόλοισιν,οὐδέ τί πω πάσαις ἐπιμίσγεται ἀμφιπόλοισιν,tlg0001.tlg001.perseus-grc2.xml
Argonautica,tlg001,3,659,αἰδοῖ ἐπιφροσύνῃ τε· μυχῷ δʼ ἀχέουσα θαάσσει·,αἰδοῖ ἐπιφροσύνῃ τε· μυχῷ δ’ ἀχέουσα θαάσσει·,tlg0001.tlg001.perseus-grc2.xml
Argonautica,tlg001,3,660,"τὸν δέ τις ὤλεσε μοῖρα, πάρος ταρπήμεναι ἄμφω","τὸν δέ τις ὤλεσε μοῖρα, πάρος ταρπήμεναι ἄμφω",tlg0001.tlg001.perseus-grc2.xml
Argonautica,tlg001,3,661,δήνεσιν ἀλλήλων· ἡ δʼ ἔνδοθι δαιομένη περ,δήνεσιν ἀλλήλων· ἡ δ’ ἔνδοθι δαιομένη περ,tlg0001.tlg001.perseus-grc2.xml
Argonautica,tlg001,3,662,"σῖγα μάλα κλαίει χῆρον λέχος εἰσορόωσα,","σῖγα μάλα κλαίει χῆρον λέχος εἰσορόωσα,",tlg0001.tlg001.perseus-grc2.xml
Argonautica,tlg001,3,663,μή μιν κερτομέουσαι ἐπιστοβέωσι γυναῖκες·,μή μιν κερτομέουσαι ἐπιστοβέωσι γυναῖκες·,tlg0001.tlg001.perseus-grc2.xml
Argonautica,tlg001,3,664,τῇ ἰκέλη Μήδεια κινύρετο. τὴν δέ τις ἄφνω,τῇ ἰκέλη Μήδεια κινύρετο. τὴν δέ τις ἄφνω,tlg0001.tlg001.perseus-grc2.xml
Argonautica,tlg001,3,665,μυρομένην μεσσηγὺς ἐπιπρομολοῦσʼ ἐνόησεν,μυρομένην μεσσηγὺς ἐπιπρομολοῦσ’ ἐνόησεν,tlg0001.tlg001.perseus-grc2.xml
Argonautica,tlg001,3,666,"δμωάων, ἥ οἱ ἑπέτις πέλε κουρίζουσα·","δμωάων, ἥ οἱ ἑπέτις πέλε κουρίζουσα·",tlg0001.tlg001.perseus-grc2.xml
Argonautica,tlg001,3,667,Χαλκιόπῃ δʼ ἤγγειλε παρασχεδόν· ἡ δʼ ἐνὶ παισὶν,Χαλκιόπῃ δ’ ἤγγειλε παρασχεδόν· ἡ δ’ ἐνὶ παισὶν,tlg0001.tlg001.perseus-grc2.xml
Argonautica,tlg001,3,668,ἧστʼ ἐπιμητιόωσα κασιγνήτην ἀρέσασθαι.,ἧστ’ ἐπιμητιόωσα κασιγνήτην ἀρέσασθαι.,tlg0001.tlg001.perseus-grc2.xml
Argonautica,tlg001,3,669,"ἀλλʼ οὐδʼ ὧς ἀπίθησεν, ὅτʼ ἔκλυεν ἀμφιπόλοιο","ἀλλ’ οὐδ’ ὧς ἀπίθησεν, ὅτ’ ἔκλυεν ἀμφιπόλοιο",tlg0001.tlg001.perseus-grc2.xml
Argonautica,tlg001,3,670,μῦθον ἀνώιστον· διὰ δʼ ἔσσυτο θαμβήσασα,μῦθον ἀνώιστον· διὰ δ’ ἔσσυτο θαμβήσασα,tlg0001.tlg001.perseus-grc2.xml
Argonautica,tlg001,3,671,"ἐκ θαλάμου θάλαμόνδε διαμπερές, ᾧ ἔνι κούρη","ἐκ θαλάμου θάλαμόνδε διαμπερές, ᾧ ἔνι κούρη",tlg0001.tlg001.perseus-grc2.xml
Argonautica,tlg001,3,672,"κέκλιτʼ ἀκηχεμένη, δρύψεν δʼ ἑκάτερθε παρειάς·","κέκλιτ’ ἀκηχεμένη, δρύψεν δ’ ἑκάτερθε παρειάς·",tlg0001.tlg001.perseus-grc2.xml
Argonautica,tlg001,3,673,"ὡς δʼ ἴδε δάκρυσιν ὄσσε πεφυρμένα, φώνησέν μιν·","ὡς δ’ ἴδε δάκρυσιν ὄσσε πεφυρμένα, φώνησέν μιν·",tlg0001.tlg001.perseus-grc2.xml
Argonautica,tlg001,3,674,"Ὤι μοι ἐγώ, Μήδεια, τί δὴ τάδε δάκρυα λείβεις;","Ὤι μοι ἐγώ, Μήδεια, τί δὴ τάδε δάκρυα λείβεις;",tlg0001.tlg001.perseus-grc2.xml
Argonautica,tlg001,3,675,τίπτʼ ἔπαθες; τί τοι αἰνὸν ὑπὸ φρένας ἵκετο πένθος;,τίπτ’ ἔπαθες; τί τοι αἰνὸν ὑπὸ φρένας ἵκετο πένθος;,tlg0001.tlg001.perseus-grc2.xml
Argonautica,tlg001,3,676,"ἤ νύ σε θευμορίη περιδέδρομεν ἅψεα νοῦσος,","ἤ νύ σε θευμορίη περιδέδρομεν ἅψεα νοῦσος,",tlg0001.tlg001.perseus-grc2.xml
Argonautica,tlg001,3,677,ἦέ τινʼ οὐλομένην ἐδάης ἐκ πατρὸς ἐνιπὴν,ἦέ τιν’ οὐλομένην ἐδάης ἐκ πατρὸς ἐνιπὴν,tlg0001.tlg001.perseus-grc2.xml
Argonautica,tlg001,3,678,ἀμφί τʼ ἐμοὶ καὶ παισίν; ὄφελλέ με μήτε τοκήων,ἀμφί τ’ ἐμοὶ καὶ παισίν; ὄφελλέ με μήτε τοκήων,tlg0001.tlg001.perseus-grc2.xml
Argonautica,tlg001,3,679,"δῶμα τόδʼ εἰσοράαν, μηδὲ πτόλιν, ἀλλʼ ἐπὶ γαίης","δῶμα τόδ’ εἰσοράαν, μηδὲ πτόλιν, ἀλλ’ ἐπὶ γαίης",tlg0001.tlg001.perseus-grc2.xml
Argonautica,tlg001,3,680,"πείρασι ναιετάειν, ἵνα μηδέ περ οὔνομα Κόλχων.","πείρασι ναιετάειν, ἵνα μηδέ περ οὔνομα Κόλχων.",tlg0001.tlg001.perseus-grc2.xml
Argonautica,tlg001,3,681,ὧς φάτο· τῆς δʼ ἐρύθηνε παρήια· δὴν δέ μιν αἰδὼς,ὧς φάτο· τῆς δ’ ἐρύθηνε παρήια· δὴν δέ μιν αἰδὼς,tlg0001.tlg001.perseus-grc2.xml
Argonautica,tlg001,3,682,παρθενίη κατέρυκεν ἀμείψασθαι μεμαυῖαν.,παρθενίη κατέρυκεν ἀμείψασθαι μεμαυῖαν.,tlg0001.tlg001.perseus-grc2.xml
Argonautica,tlg001,3,683,μῦθος δʼ ἄλλοτε μέν οἱ ἐπʼ ἀκροτάτης ἀνέτελλεν,μῦθος δ’ ἄλλοτε μέν οἱ ἐπ’ ἀκροτάτης ἀνέτελλεν,tlg0001.tlg001.perseus-grc2.xml
Argonautica,tlg001,3,684,"γλώσσης, ἄλλοτʼ ἔνερθε κατὰ στῆθος πεπότητο.","γλώσσης, ἄλλοτ’ ἔνερθε κατὰ στῆθος πεπότητο.",tlg0001.tlg001.perseus-grc2.xml
Argonautica,tlg001,3,685,πολλάκι δʼ ἱμερόεν μὲν ἀνὰ στόμα θυῖεν ἐνισπεῖν·,πολλάκι δ’ ἱμερόεν μὲν ἀνὰ στόμα θυῖεν ἐνισπεῖν·,tlg0001.tlg001.perseus-grc2.xml
Argonautica,tlg001,3,686,φθογγῇ δʼ οὐ προύβαινε παροιτέρω· ὀψὲ δʼ ἔειπεν,φθογγῇ δ’ οὐ προύβαινε παροιτέρω· ὀψὲ δ’ ἔειπεν,tlg0001.tlg001.perseus-grc2.xml
Argonautica,tlg001,3,687,τοῖα δόλῳ· θρασέες γὰρ ἐπεκλονέεσκον Ἔρωτες·,τοῖα δόλῳ· θρασέες γὰρ ἐπεκλονέεσκον Ἔρωτες·,tlg0001.tlg001.perseus-grc2.xml
Argonautica,tlg001,3,688,"Χαλκιόπη, περί μοι παίδων σέο θυμὸς ἄηται,","Χαλκιόπη, περί μοι παίδων σέο θυμὸς ἄηται,",tlg0001.tlg001.perseus-grc2.xml
Argonautica,tlg001,3,689,μή σφε πατὴρ ξείνοισι σὺν ἀνδράσιν αὐτίκʼ ὀλέσσῃ.,μή σφε πατὴρ ξείνοισι σὺν ἀνδράσιν αὐτίκ’ ὀλέσσῃ.,tlg0001.tlg001.perseus-grc2.xml
Argonautica,tlg001,3,690,τοῖα κατακνώσσουσα μινυνθαδίῳ νέον ὕπνῳ,τοῖα κατακνώσσουσα μινυνθαδίῳ νέον ὕπνῳ,tlg0001.tlg001.perseus-grc2.xml
Argonautica,tlg001,3,691,"λεύσσω ὀνείρατα λυγρά, τά τις θεὸς ἀκράαντα","λεύσσω ὀνείρατα λυγρά, τά τις θεὸς ἀκράαντα",tlg0001.tlg001.perseus-grc2.xml
Argonautica,tlg001,3,692,"θείη, μηδʼ ἀλεγεινὸν ἐφʼ υἱάσι κῆδος ἕλοιο.","θείη, μηδ’ ἀλεγεινὸν ἐφ’ υἱάσι κῆδος ἕλοιο.",tlg0001.tlg001.perseus-grc2.xml
Argonautica,tlg001,3,693,"φῆ ῥα, κασιγνήτης πειρωμένη, εἴ κέ μιν αὐτὴ","φῆ ῥα, κασιγνήτης πειρωμένη, εἴ κέ μιν αὐτὴ",tlg0001.tlg001.perseus-grc2.xml
Argonautica,tlg001,3,694,ἀντιάσειε πάροιθεν ἑοῖς τεκέεσσιν ἀμύνειν.,ἀντιάσειε πάροιθεν ἑοῖς τεκέεσσιν ἀμύνειν.,tlg0001.tlg001.perseus-grc2.xml
Argonautica,tlg001,3,695,τὴν δʼ αἰνῶς ἄτλητος ἐπέκλυσε θυμὸν ἀνίη,τὴν δ’ αἰνῶς ἄτλητος ἐπέκλυσε θυμὸν ἀνίη,tlg0001.tlg001.perseus-grc2.xml
Argonautica,tlg001,3,696,"δείματι, τοῖʼ ἐσάκουσεν· ἀμείβετο δʼ ὧδʼ ἐπέεσσιν·","δείματι, τοῖ’ ἐσάκουσεν· ἀμείβετο δ’ ὧδ’ ἐπέεσσιν·",tlg0001.tlg001.perseus-grc2.xml
Argonautica,tlg001,3,697,"καὶ δʼ αὐτὴ τάδε πάντα μετήλυθον ὁρμαίνουσα,","καὶ δ’ αὐτὴ τάδε πάντα μετήλυθον ὁρμαίνουσα,",tlg0001.tlg001.perseus-grc2.xml
Argonautica,tlg001,3,698,εἴ τινα συμφράσσαιο καὶ ἀρτύνειας ἀρωγήν.,εἴ τινα συμφράσσαιο καὶ ἀρτύνειας ἀρωγήν.,tlg0001.tlg001.perseus-grc2.xml
Argonautica,tlg001,3,699,"ἀλλʼ ὄμοσον Γαῖάν τε καὶ Οὐρανόν, ὅττι τοι εἴπω","ἀλλ’ ὄμοσον Γαῖάν τε καὶ Οὐρανόν, ὅττι τοι εἴπω",tlg0001.tlg001.perseus-grc2.xml
Argonautica,tlg001,3,700,"σχήσειν ἐν θυμῷ, σύν τε δρήστειρα πέλεσθαι.","σχήσειν ἐν θυμῷ, σύν τε δρήστειρα πέλεσθαι.",tlg0001.tlg001.perseus-grc2.xml
Argonautica,tlg001,3,701,"λίσσομʼ ὑπὲρ μακάρων σέο τʼ αὐτῆς ἠδὲ τοκήων,","λίσσομ’ ὑπὲρ μακάρων σέο τ’ αὐτῆς ἠδὲ τοκήων,",tlg0001.tlg001.perseus-grc2.xml
Argonautica,tlg001,3,702,μή σφε κακῇ ὑπὸ κηρὶ διαρραισθέντας ἰδέσθαι,μή σφε κακῇ ὑπὸ κηρὶ διαρραισθέντας ἰδέσθαι,tlg0001.tlg001.perseus-grc2.xml
Argonautica,tlg001,3,703,λευγαλέως· ἢ σοίγε φίλοις σὺν παισὶ θανοῦσα,λευγαλέως· ἢ σοίγε φίλοις σὺν παισὶ θανοῦσα,tlg0001.tlg001.perseus-grc2.xml
Argonautica,tlg001,3,704,εἴην ἐξ Ἀίδεω στυγερὴ μετόπισθεν Ἐρινύς.,εἴην ἐξ Ἀίδεω στυγερὴ μετόπισθεν Ἐρινύς.,tlg0001.tlg001.perseus-grc2.xml
Argonautica,tlg001,3,705,"ὧς ἄρʼ ἔφη, τὸ δὲ πολλὸν ὑπεξέχυτʼ αὐτίκα δάκρυ·","ὧς ἄρ’ ἔφη, τὸ δὲ πολλὸν ὑπεξέχυτ’ αὐτίκα δάκρυ·",tlg0001.tlg001.perseus-grc2.xml
Argonautica,tlg001,3,706,"νειόθι θʼ ἀμφοτέρῃσι περίσχετο γούνατα χερσίν,","νειόθι θ’ ἀμφοτέρῃσι περίσχετο γούνατα χερσίν,",tlg0001.tlg001.perseus-grc2.xml
Argonautica,tlg001,3,707,σὺν δὲ κάρη κόλποις περικάββαλεν. ἔνθʼ ἐλεεινὸν,σὺν δὲ κάρη κόλποις περικάββαλεν. ἔνθ’ ἐλεεινὸν,tlg0001.tlg001.perseus-grc2.xml
Argonautica,tlg001,3,708,ἄμφω ἐπʼ ἀλλήλῃσι θέσαν γόον· ὦρτο δʼ ἰωὴ,ἄμφω ἐπ’ ἀλλήλῃσι θέσαν γόον· ὦρτο δ’ ἰωὴ,tlg0001.tlg001.perseus-grc2.xml
Argonautica,tlg001,3,709,λεπταλέη διὰ δώματʼ ὀδυρομένων ἀχέεσσιν.,λεπταλέη διὰ δώματ’ ὀδυρομένων ἀχέεσσιν.,tlg0001.tlg001.perseus-grc2.xml
Argonautica,tlg001,3,710,τὴν δὲ πάρος Μήδεια προσέννεπεν ἀσχαλόωσα·,τὴν δὲ πάρος Μήδεια προσέννεπεν ἀσχαλόωσα·,tlg0001.tlg001.perseus-grc2.xml
Argonautica,tlg001,3,711,"δαιμονίη, τί νύ τοι ῥέξω ἄκος, οἷʼ ἀγορεύεις,","δαιμονίη, τί νύ τοι ῥέξω ἄκος, οἷ’ ἀγορεύεις,",tlg0001.tlg001.perseus-grc2.xml
Argonautica,tlg001,3,712,ἀράς τε στυγερὰς καὶ Ἐρινύας; αἲ γὰρ ὄφελλεν,ἀράς τε στυγερὰς καὶ Ἐρινύας; αἲ γὰρ ὄφελλεν,tlg0001.tlg001.perseus-grc2.xml
Argonautica,tlg001,3,713,ἔμπεδον εἶναι ἐπʼ ἄμμι τεοὺς υἱῆας ἔρυσθαι.,ἔμπεδον εἶναι ἐπ’ ἄμμι τεοὺς υἱῆας ἔρυσθαι.,tlg0001.tlg001.perseus-grc2.xml
Argonautica,tlg001,3,714,ἴστω Κόλχων ὅρκος ὑπέρβιος ὅντινʼ ὀμόσσαι,ἴστω Κόλχων ὅρκος ὑπέρβιος ὅντιν’ ὀμόσσαι,tlg0001.tlg001.perseus-grc2.xml
Argonautica,tlg001,3,715,"αὐτὴ ἐποτρύνεις, μέγας Οὐρανός, ἥ θʼ ὑπένερθεν","αὐτὴ ἐποτρύνεις, μέγας Οὐρανός, ἥ θ’ ὑπένερθεν",tlg0001.tlg001.perseus-grc2.xml
Argonautica,tlg001,3,716,"γαῖα, θεῶν μήτηρ, ὅσσον σθένος ἐστὶν ἐμεῖο,","γαῖα, θεῶν μήτηρ, ὅσσον σθένος ἐστὶν ἐμεῖο,",tlg0001.tlg001.perseus-grc2.xml
Argonautica,tlg001,3,717,"μή σʼ ἐπιδευήσεσθαι, ἀνυστά περ ἀντιόωσαν.","μή σ’ ἐπιδευήσεσθαι, ἀνυστά περ ἀντιόωσαν.",tlg0001.tlg001.perseus-grc2.xml
Argonautica,tlg001,3,718,φῆ ἄρα· Χαλκιόπη δʼ ἠμείβετο τοῖσδʼ ἐπέεσσιν·,φῆ ἄρα· Χαλκιόπη δ’ ἠμείβετο τοῖσδ’ ἐπέεσσιν·,tlg0001.tlg001.perseus-grc2.xml
Argonautica,tlg001,3,719,οὐκ ἂν δὴ ξείνῳ τλαίης χατέοντι καὶ αὐτῷ,οὐκ ἂν δὴ ξείνῳ τλαίης χατέοντι καὶ αὐτῷ,tlg0001.tlg001.perseus-grc2.xml
Argonautica,tlg001,3,720,"ἢ δόλον, ἤ τινα μῆτιν ἐπιφράσσασθαι ἀέθλου,","ἢ δόλον, ἤ τινα μῆτιν ἐπιφράσσασθαι ἀέθλου,",tlg0001.tlg001.perseus-grc2.xml
Argonautica,tlg001,3,721,παίδων εἵνεκʼ ἐμεῖο; καὶ ἐκ κείνοιο δʼ ἱκάνει,παίδων εἵνεκ’ ἐμεῖο; καὶ ἐκ κείνοιο δ’ ἱκάνει,tlg0001.tlg001.perseus-grc2.xml
Argonautica,tlg001,3,722,"Ἄργος, ἐποτρύνων με τεῆς πειρῆσαι ἀρωγῆς·","Ἄργος, ἐποτρύνων με τεῆς πειρῆσαι ἀρωγῆς·",tlg0001.tlg001.perseus-grc2.xml
Argonautica,tlg001,3,723,μεσσηγὺς μὲν τόνγε δόμῳ λίπον ἐνθάδʼ ἰοῦσα.,μεσσηγὺς μὲν τόνγε δόμῳ λίπον ἐνθάδ’ ἰοῦσα.,tlg0001.tlg001.perseus-grc2.xml
Argonautica,tlg001,3,724,"ὧς φάτο· τῇ δʼ ἔντοσθεν ἀνέπτατο χάρματι θυμός,","ὧς φάτο· τῇ δ’ ἔντοσθεν ἀνέπτατο χάρματι θυμός,",tlg0001.tlg001.perseus-grc2.xml
Argonautica,tlg001,3,725,"φοινίχθη δʼ ἄμυδις καλὸν χρόα, κὰδ δέ μιν ἀχλὺς","φοινίχθη δ’ ἄμυδις καλὸν χρόα, κὰδ δέ μιν ἀχλὺς",tlg0001.tlg001.perseus-grc2.xml
Argonautica,tlg001,3,726,"εἷλεν ἰαινομένην, τοῖον δʼ ἐπὶ μῦθον ἔειπεν·","εἷλεν ἰαινομένην, τοῖον δ’ ἐπὶ μῦθον ἔειπεν·",tlg0001.tlg001.perseus-grc2.xml
Argonautica,tlg001,3,727,"Χαλκιόπη, ὡς ὔμμι φίλον τερπνόν τε τέτυκται,","Χαλκιόπη, ὡς ὔμμι φίλον τερπνόν τε τέτυκται,",tlg0001.tlg001.perseus-grc2.xml
Argonautica,tlg001,3,728,ὧς ἔρξω. μὴ γάρ μοι ἐν ὀφθαλμοῖσι φαείνοι,ὧς ἔρξω. μὴ γάρ μοι ἐν ὀφθαλμοῖσι φαείνοι,tlg0001.tlg001.perseus-grc2.xml
Argonautica,tlg001,3,729,"ἠώς, μηδέ με δηρὸν ἔτι ζώουσαν ἴδοιο,","ἠώς, μηδέ με δηρὸν ἔτι ζώουσαν ἴδοιο,",tlg0001.tlg001.perseus-grc2.xml
Argonautica,tlg001,3,730,"εἴ γέ τι σῆς ψυχῆς προφερέστερον, ἠέ τι παίδων","εἴ γέ τι σῆς ψυχῆς προφερέστερον, ἠέ τι παίδων",tlg0001.tlg001.perseus-grc2.xml
Argonautica,tlg001,3,731,"σῶν θείην, οἳ δή μοι ἀδελφειοὶ γεγάασιν,","σῶν θείην, οἳ δή μοι ἀδελφειοὶ γεγάασιν,",tlg0001.tlg001.perseus-grc2.xml
Argonautica,tlg001,3,732,κηδεμόνες τε φίλοι καὶ ὁμήλικες. ὧς δὲ καὶ αὐτὴ,κηδεμόνες τε φίλοι καὶ ὁμήλικες. ὧς δὲ καὶ αὐτὴ,tlg0001.tlg001.perseus-grc2.xml
Argonautica,tlg001,3,733,"φημὶ κασιγνήτη τε σέθεν κούρη τε πέλεσθαι,","φημὶ κασιγνήτη τε σέθεν κούρη τε πέλεσθαι,",tlg0001.tlg001.perseus-grc2.xml
Argonautica,tlg001,3,734,ἶσον ἐπεὶ κείνοις με τεῷ ἐπαείραο μαζῷ,ἶσον ἐπεὶ κείνοις με τεῷ ἐπαείραο μαζῷ,tlg0001.tlg001.perseus-grc2.xml
Argonautica,tlg001,3,735,"νηπυτίην, ὡς αἰὲν ἐγώ ποτε μητρὸς ἄκουον.","νηπυτίην, ὡς αἰὲν ἐγώ ποτε μητρὸς ἄκουον.",tlg0001.tlg001.perseus-grc2.xml
Argonautica,tlg001,3,736,"ἀλλʼ ἴθι, κεῦθε δʼ ἐμὴν σιγῇ χάριν, ὄφρα τοκῆας","ἀλλ’ ἴθι, κεῦθε δ’ ἐμὴν σιγῇ χάριν, ὄφρα τοκῆας",tlg0001.tlg001.perseus-grc2.xml
Argonautica,tlg001,3,737,λήσομαι ἐντύνουσα ὑπόσχεσιν· ἦρι δὲ νηὸν,λήσομαι ἐντύνουσα ὑπόσχεσιν· ἦρι δὲ νηὸν,tlg0001.tlg001.perseus-grc2.xml
Argonautica,tlg001,3,738,οἴσομαι εἰς Ἑκάτης θελκτήρια φάρμακα ταύρων.,οἴσομαι εἰς Ἑκάτης θελκτήρια φάρμακα ταύρων.,tlg0001.tlg001.perseus-grc2.xml
Argonautica,tlg001,3,740,"ὧς ἥγʼ ἐκ θαλάμοιο πάλιν κίε, παισί τʼ ἀρωγὴν","ὧς ἥγ’ ἐκ θαλάμοιο πάλιν κίε, παισί τ’ ἀρωγὴν",tlg0001.tlg001.perseus-grc2.xml
Argonautica,tlg001,3,741,αὐτοκασιγνήτης διεπέφραδε. τὴν δέ μιν αὖτις,αὐτοκασιγνήτης διεπέφραδε. τὴν δέ μιν αὖτις,tlg0001.tlg001.perseus-grc2.xml
Argonautica,tlg001,3,742,"αἰδώς τε στυγερόν τε δέος λάβε μουνωθεῖσαν,","αἰδώς τε στυγερόν τε δέος λάβε μουνωθεῖσαν,",tlg0001.tlg001.perseus-grc2.xml
Argonautica,tlg001,3,743,τοῖα παρὲξ οὗ πατρὸς ἐπʼ ἀνέρι μητιάασθαι.,τοῖα παρὲξ οὗ πατρὸς ἐπ’ ἀνέρι μητιάασθαι.,tlg0001.tlg001.perseus-grc2.xml
Argonautica,tlg001,3,744,νὺξ μὲν ἔπειτʼ ἐπὶ γαῖαν ἄγεν κνέφας· οἱ δʼ ἐνὶ πόντῳ,νὺξ μὲν ἔπειτ’ ἐπὶ γαῖαν ἄγεν κνέφας· οἱ δ’ ἐνὶ πόντῳ,tlg0001.tlg001.perseus-grc2.xml
Argonautica,tlg001,3,745,ναῦται εἰς Ἑλίκην τε καὶ ἀστέρας Ὠρίωνος,ναῦται εἰς Ἑλίκην τε καὶ ἀστέρας Ὠρίωνος,tlg0001.tlg001.perseus-grc2.xml
Argonautica,tlg001,3,746,ἔδρακον ἐκ νηῶν· ὕπνοιο δὲ καί τις ὁδίτης,ἔδρακον ἐκ νηῶν· ὕπνοιο δὲ καί τις ὁδίτης,tlg0001.tlg001.perseus-grc2.xml
Argonautica,tlg001,3,747,ἤδη καὶ πυλαωρὸς ἐέλδετο· καί τινα παίδων,ἤδη καὶ πυλαωρὸς ἐέλδετο· καί τινα παίδων,tlg0001.tlg001.perseus-grc2.xml
Argonautica,tlg001,3,748,μητέρα τεθνεώτων ἀδινὸν περὶ κῶμʼ ἐκάλυπτεν·,μητέρα τεθνεώτων ἀδινὸν περὶ κῶμ’ ἐκάλυπτεν·,tlg0001.tlg001.perseus-grc2.xml
Argonautica,tlg001,3,749,"οὐδὲ κυνῶν ὑλακὴ ἔτʼ ἀνὰ πτόλιν, οὐ θρόος ἦεν","οὐδὲ κυνῶν ὑλακὴ ἔτ’ ἀνὰ πτόλιν, οὐ θρόος ἦεν",tlg0001.tlg001.perseus-grc2.xml
Argonautica,tlg001,3,750,ἠχήεις· σιγὴ δὲ μελαινομένην ἔχεν ὄρφνην.,ἠχήεις· σιγὴ δὲ μελαινομένην ἔχεν ὄρφνην.,tlg0001.tlg001.perseus-grc2.xml
Argonautica,tlg001,3,751,ἀλλὰ μάλʼ οὐ Μήδειαν ἐπὶ γλυκερὸς λάβεν ὕπνος.,ἀλλὰ μάλ’ οὐ Μήδειαν ἐπὶ γλυκερὸς λάβεν ὕπνος.,tlg0001.tlg001.perseus-grc2.xml
Argonautica,tlg001,3,752,πολλὰ γὰρ Αἰσονίδαο πόθῳ μελεδήματʼ ἔγειρεν,πολλὰ γὰρ Αἰσονίδαο πόθῳ μελεδήματ’ ἔγειρεν,tlg0001.tlg001.perseus-grc2.xml
Argonautica,tlg001,3,753,"δειδυῖαν ταύρων κρατερὸν μένος, οἷσιν ἔμελλεν","δειδυῖαν ταύρων κρατερὸν μένος, οἷσιν ἔμελλεν",tlg0001.tlg001.perseus-grc2.xml
Argonautica,tlg001,3,754,φθίσθαι ἀεικελίῃ μοίρῃ κατὰ νειὸν Ἄρηος.,φθίσθαι ἀεικελίῃ μοίρῃ κατὰ νειὸν Ἄρηος.,tlg0001.tlg001.perseus-grc2.xml
Argonautica,tlg001,3,755,"πυκνὰ δέ οἱ κραδίη στηθέων ἔντοσθεν ἔθυιεν,","πυκνὰ δέ οἱ κραδίη στηθέων ἔντοσθεν ἔθυιεν,",tlg0001.tlg001.perseus-grc2.xml
Argonautica,tlg001,3,756,ἠελίου ὥς τίς τε δόμοις ἐνιπάλλεται αἴγλη,ἠελίου ὥς τίς τε δόμοις ἐνιπάλλεται αἴγλη,tlg0001.tlg001.perseus-grc2.xml
Argonautica,tlg001,3,757,"ὕδατος ἐξανιοῦσα, τὸ δὴ νέον ἠὲ λέβητι","ὕδατος ἐξανιοῦσα, τὸ δὴ νέον ἠὲ λέβητι",tlg0001.tlg001.perseus-grc2.xml
Argonautica,tlg001,3,758,ἠέ που ἐν γαυλῷ κέχυται· ἡ δʼ ἔνθα καὶ ἔνθα,ἠέ που ἐν γαυλῷ κέχυται· ἡ δ’ ἔνθα καὶ ἔνθα,tlg0001.tlg001.perseus-grc2.xml
Argonautica,tlg001,3,759,ὠκείῃ στροφάλιγγι τινάσσεται ἀίσσουσα·,ὠκείῃ στροφάλιγγι τινάσσεται ἀίσσουσα·,tlg0001.tlg001.perseus-grc2.xml
Argonautica,tlg001,3,760,ὧς δὲ καὶ ἐν στήθεσσι κέαρ ἐλελίζετο κούρης.,ὧς δὲ καὶ ἐν στήθεσσι κέαρ ἐλελίζετο κούρης.,tlg0001.tlg001.perseus-grc2.xml
Argonautica,tlg001,3,761,δάκρυ δʼ ἀπʼ ὀφθαλμῶν ἐλέῳ ῥέεν· ἔνδοθι δʼ αἰεὶ,δάκρυ δ’ ἀπ’ ὀφθαλμῶν ἐλέῳ ῥέεν· ἔνδοθι δ’ αἰεὶ,tlg0001.tlg001.perseus-grc2.xml
Argonautica,tlg001,3,762,"τεῖρʼ ὀδύνη σμύχουσα διὰ χροός, ἀμφί τʼ ἀραιὰς","τεῖρ’ ὀδύνη σμύχουσα διὰ χροός, ἀμφί τ’ ἀραιὰς",tlg0001.tlg001.perseus-grc2.xml
Argonautica,tlg001,3,763,"ἶνας καὶ κεφαλῆς ὑπὸ νείατον ἰνίον ἄχρις,","ἶνας καὶ κεφαλῆς ὑπὸ νείατον ἰνίον ἄχρις,",tlg0001.tlg001.perseus-grc2.xml
Argonautica,tlg001,3,764,"ἔνθʼ ἀλεγεινότατον δύνει ἄχος, ὁππότʼ ἀνίας","ἔνθ’ ἀλεγεινότατον δύνει ἄχος, ὁππότ’ ἀνίας",tlg0001.tlg001.perseus-grc2.xml
Argonautica,tlg001,3,765,ἀκάματοι πραπίδεσσιν ἐνισκίμψωσιν Ἔρωτες.,ἀκάματοι πραπίδεσσιν ἐνισκίμψωσιν Ἔρωτες.,tlg0001.tlg001.perseus-grc2.xml
Argonautica,tlg001,3,766,φῆ δέ οἱ ἄλλοτε μὲν θελκτήρια φάρμακα ταύρων,φῆ δέ οἱ ἄλλοτε μὲν θελκτήρια φάρμακα ταύρων,tlg0001.tlg001.perseus-grc2.xml
Argonautica,tlg001,3,767,"δωσέμεν, ἄλλοτε δʼ οὔτι· καταφθίσθαι δὲ καὶ αὐτή·","δωσέμεν, ἄλλοτε δ’ οὔτι· καταφθίσθαι δὲ καὶ αὐτή·",tlg0001.tlg001.perseus-grc2.xml
Argonautica,tlg001,3,768,"αὐτίκα δʼ οὔτʼ αὐτὴ θανέειν, οὐ φάρμακα δώσειν,","αὐτίκα δ’ οὔτ’ αὐτὴ θανέειν, οὐ φάρμακα δώσειν,",tlg0001.tlg001.perseus-grc2.xml
Argonautica,tlg001,3,769,ἀλλʼ αὔτως εὔκηλος ἑὴν ὀτλησέμεν ἄτην.,ἀλλ’ αὔτως εὔκηλος ἑὴν ὀτλησέμεν ἄτην.,tlg0001.tlg001.perseus-grc2.xml
Argonautica,tlg001,3,770,"ἑζομένη δἤπειτα δοάσσατο, φώνησέν τε·","ἑζομένη δἤπειτα δοάσσατο, φώνησέν τε·",tlg0001.tlg001.perseus-grc2.xml
Argonautica,tlg001,3,771,"δειλὴ ἐγώ, νῦν ἔνθα κακῶν ἢ ἔνθα γένωμαι;","δειλὴ ἐγώ, νῦν ἔνθα κακῶν ἢ ἔνθα γένωμαι;",tlg0001.tlg001.perseus-grc2.xml
Argonautica,tlg001,3,772,πάντῃ μοι φρένες εἰσὶν ἀμήχανοι· οὐδέ τις ἀλκὴ,πάντῃ μοι φρένες εἰσὶν ἀμήχανοι· οὐδέ τις ἀλκὴ,tlg0001.tlg001.perseus-grc2.xml
Argonautica,tlg001,3,773,πήματος· ἀλλʼ αὔτως φλέγει ἔμπεδον. ὡς ὄφελόν γε,πήματος· ἀλλ’ αὔτως φλέγει ἔμπεδον. ὡς ὄφελόν γε,tlg0001.tlg001.perseus-grc2.xml
Argonautica,tlg001,3,774,"Ἀρτέμιδος κραιπνοῖσι πάρος βελέεσσι δαμῆναι,","Ἀρτέμιδος κραιπνοῖσι πάρος βελέεσσι δαμῆναι,",tlg0001.tlg001.perseus-grc2.xml
Argonautica,tlg001,3,775,"πρὶν τόνγʼ εἰσιδέειν, πρὶν Ἀχαιίδα γαῖαν ἱκέσθαι","πρὶν τόνγ’ εἰσιδέειν, πρὶν Ἀχαιίδα γαῖαν ἱκέσθαι",tlg0001.tlg001.perseus-grc2.xml
Argonautica,tlg001,3,776,Χαλκιόπης υἷας. τοὺς μὲν θεὸς ἤ τις Ἐρινὺς,Χαλκιόπης υἷας. τοὺς μὲν θεὸς ἤ τις Ἐρινὺς,tlg0001.tlg001.perseus-grc2.xml
Argonautica,tlg001,3,777,ἄμμι πολυκλαύτους δεῦρʼ ἤγαγε κεῖθεν ἀνίας.,ἄμμι πολυκλαύτους δεῦρ’ ἤγαγε κεῖθεν ἀνίας.,tlg0001.tlg001.perseus-grc2.xml
Argonautica,tlg001,3,778,"φθίσθω ἀεθλεύων, εἴ οἱ κατὰ νειὸν ὀλέσθαι","φθίσθω ἀεθλεύων, εἴ οἱ κατὰ νειὸν ὀλέσθαι",tlg0001.tlg001.perseus-grc2.xml
Argonautica,tlg001,3,779,μοῖρα πέλει. πῶς γάρ κεν ἐμοὺς λελάθοιμι τοκῆας,μοῖρα πέλει. πῶς γάρ κεν ἐμοὺς λελάθοιμι τοκῆας,tlg0001.tlg001.perseus-grc2.xml
Argonautica,tlg001,3,780,φάρμακα μησαμένη; ποῖον δʼ ἐπὶ μῦθον ἐνίψω;,φάρμακα μησαμένη; ποῖον δ’ ἐπὶ μῦθον ἐνίψω;,tlg0001.tlg001.perseus-grc2.xml
Argonautica,tlg001,3,781,"τίς δὲ δόλος, τίς μῆτις ἐπίκλοπος ἔσσετʼ ἀρωγῆς;","τίς δὲ δόλος, τίς μῆτις ἐπίκλοπος ἔσσετ’ ἀρωγῆς;",tlg0001.tlg001.perseus-grc2.xml
Argonautica,tlg001,3,782,ἦ μιν ἄνευθʼ ἑτάρων προσπτύξομαι οἶον ἰδοῦσα;,ἦ μιν ἄνευθ’ ἑτάρων προσπτύξομαι οἶον ἰδοῦσα;,tlg0001.tlg001.perseus-grc2.xml
Argonautica,tlg001,3,783,δύσμορος· οὐ μὲν ἔολπα καταφθιμένοιό περ ἔμπης,δύσμορος· οὐ μὲν ἔολπα καταφθιμένοιό περ ἔμπης,tlg0001.tlg001.perseus-grc2.xml
Argonautica,tlg001,3,784,"λωφήσειν ἀχέων· τότε δʼ ἂν κακὸν ἄμμι πέλοιτο,","λωφήσειν ἀχέων· τότε δ’ ἂν κακὸν ἄμμι πέλοιτο,",tlg0001.tlg001.perseus-grc2.xml
Argonautica,tlg001,3,785,"κεῖνος ὅτε ζωῆς ἀπαμείρεται. ἐρρέτω αἰδώς,","κεῖνος ὅτε ζωῆς ἀπαμείρεται. ἐρρέτω αἰδώς,",tlg0001.tlg001.perseus-grc2.xml
Argonautica,tlg001,3,786,ἐρρέτω ἀγλαΐη· ὁ δʼ ἐμῇ ἰότητι σαωθεὶς,ἐρρέτω ἀγλαΐη· ὁ δ’ ἐμῇ ἰότητι σαωθεὶς,tlg0001.tlg001.perseus-grc2.xml
Argonautica,tlg001,3,787,"ἀσκηθής, ἵνα οἱ θυμῷ φίλον, ἔνθα νέοιτο.","ἀσκηθής, ἵνα οἱ θυμῷ φίλον, ἔνθα νέοιτο.",tlg0001.tlg001.perseus-grc2.xml
Argonautica,tlg001,3,788,"αὐτὰρ ἐγὼν αὐτῆμαρ, ὅτʼ ἐξανύσειεν ἄεθλον,","αὐτὰρ ἐγὼν αὐτῆμαρ, ὅτ’ ἐξανύσειεν ἄεθλον,",tlg0001.tlg001.perseus-grc2.xml
Argonautica,tlg001,3,789,"τεθναίην, ἢ λαιμὸν ἀναρτήσασα μελάθρῳ,","τεθναίην, ἢ λαιμὸν ἀναρτήσασα μελάθρῳ,",tlg0001.tlg001.perseus-grc2.xml
Argonautica,tlg001,3,790,ἢ καὶ πασσαμένη ῥαιστήρια φάρμακα θυμοῦ.,ἢ καὶ πασσαμένη ῥαιστήρια φάρμακα θυμοῦ.,tlg0001.tlg001.perseus-grc2.xml
Argonautica,tlg001,3,791,ἀλλὰ καὶ ὧς φθιμένῃ μοι ἐπιλλίξουσιν ὀπίσσω,ἀλλὰ καὶ ὧς φθιμένῃ μοι ἐπιλλίξουσιν ὀπίσσω,tlg0001.tlg001.perseus-grc2.xml
Argonautica,tlg001,3,792,κερτομίας· τηλοῦ δὲ πόλις περὶ πᾶσα βοήσει,κερτομίας· τηλοῦ δὲ πόλις περὶ πᾶσα βοήσει,tlg0001.tlg001.perseus-grc2.xml
Argonautica,tlg001,3,793,πότμον ἐμόν· καί κέν με διὰ στόματος φορέουσαι,πότμον ἐμόν· καί κέν με διὰ στόματος φορέουσαι,tlg0001.tlg001.perseus-grc2.xml
Argonautica,tlg001,3,794,Κολχίδες ἄλλυδις ἄλλαι ἀεικέα μωμήσονται·,Κολχίδες ἄλλυδις ἄλλαι ἀεικέα μωμήσονται·,tlg0001.tlg001.perseus-grc2.xml
Argonautica,tlg001,3,795,ἥτις κηδομένη τόσον ἀνέρος ἀλλοδαποῖο,ἥτις κηδομένη τόσον ἀνέρος ἀλλοδαποῖο,tlg0001.tlg001.perseus-grc2.xml
Argonautica,tlg001,3,796,"κάτθανεν, ἥτις δῶμα καὶ οὓς ᾔσχυνε τοκῆας,","κάτθανεν, ἥτις δῶμα καὶ οὓς ᾔσχυνε τοκῆας,",tlg0001.tlg001.perseus-grc2.xml
Argonautica,tlg001,3,797,μαργοσύνῃ εἴξασα. τί δʼ οὐκ ἐμὸν ἔσσεται αἶσχος;,μαργοσύνῃ εἴξασα. τί δ’ οὐκ ἐμὸν ἔσσεται αἶσχος;,tlg0001.tlg001.perseus-grc2.xml
Argonautica,tlg001,3,798,ᾤ μοι ἐμῆς ἄτης. ἦ τʼ ἂν πολὺ κέρδιον εἴη,ᾤ μοι ἐμῆς ἄτης. ἦ τ’ ἂν πολὺ κέρδιον εἴη,tlg0001.tlg001.perseus-grc2.xml
Argonautica,tlg001,3,799,τῇδʼ αὐτῇ ἐν νυκτὶ λιπεῖν βίον ἐν θαλάμοισιν,τῇδ’ αὐτῇ ἐν νυκτὶ λιπεῖν βίον ἐν θαλάμοισιν,tlg0001.tlg001.perseus-grc2.xml
Argonautica,tlg001,3,800,"πότμῳ ἀνωίστῳ, κάκʼ ἐλέγχεα πάντα φυγοῦσαν,","πότμῳ ἀνωίστῳ, κάκ’ ἐλέγχεα πάντα φυγοῦσαν,",tlg0001.tlg001.perseus-grc2.xml
Argonautica,tlg001,3,801,πρὶν τάδε λωβήεντα καὶ οὐκ ὀνομαστὰ τελέσσαι.,πρὶν τάδε λωβήεντα καὶ οὐκ ὀνομαστὰ τελέσσαι.,tlg0001.tlg001.perseus-grc2.xml
Argonautica,tlg001,3,802,"ἦ, καὶ φωριαμὸν μετεκίαθεν, ᾗ ἔνι πολλὰ","ἦ, καὶ φωριαμὸν μετεκίαθεν, ᾗ ἔνι πολλὰ",tlg0001.tlg001.perseus-grc2.xml
Argonautica,tlg001,3,803,"φάρμακά οἱ, τὰ μὲν ἐσθλά, τὰ δὲ ῥαιστήριʼ, ἔκειτο.","φάρμακά οἱ, τὰ μὲν ἐσθλά, τὰ δὲ ῥαιστήρι’, ἔκειτο.",tlg0001.tlg001.perseus-grc2.xml
Argonautica,tlg001,3,804,ἐνθεμένη δʼ ἐπὶ γούνατʼ ὀδύρετο. δεῦε δὲ κόλπους,ἐνθεμένη δ’ ἐπὶ γούνατ’ ὀδύρετο. δεῦε δὲ κόλπους,tlg0001.tlg001.perseus-grc2.xml
Argonautica,tlg001,3,805,"ἄλληκτον δακρύοισι, τὰ δʼ ἔρρεεν ἀσταγὲς αὔτως,","ἄλληκτον δακρύοισι, τὰ δ’ ἔρρεεν ἀσταγὲς αὔτως,",tlg0001.tlg001.perseus-grc2.xml
Argonautica,tlg001,3,806,αἴνʼ ὀλοφυρομένης τὸν ἑὸν μόρον. ἵετο δʼ ἥγε,αἴν’ ὀλοφυρομένης τὸν ἑὸν μόρον. ἵετο δ’ ἥγε,tlg0001.tlg001.perseus-grc2.xml
Argonautica,tlg001,3,807,"φάρμακα λέξασθαι θυμοφθόρα, τόφρα πάσαιτο.","φάρμακα λέξασθαι θυμοφθόρα, τόφρα πάσαιτο.",tlg0001.tlg001.perseus-grc2.xml
Argonautica,tlg001,3,808,"ἤδη καὶ δεσμοὺς ἀνελύετο φωριαμοῖο,","ἤδη καὶ δεσμοὺς ἀνελύετο φωριαμοῖο,",tlg0001.tlg001.perseus-grc2.xml
Argonautica,tlg001,3,809,"ἐξελέειν μεμαυῖα, δυσάμμορος. ἀλλά οἱ ἄφνω","ἐξελέειν μεμαυῖα, δυσάμμορος. ἀλλά οἱ ἄφνω",tlg0001.tlg001.perseus-grc2.xml
Argonautica,tlg001,3,810,δεῖμʼ ὀλοὸν στυγεροῖο κατὰ φρένας ἦλθʼ Ἀίδαο.,δεῖμ’ ὀλοὸν στυγεροῖο κατὰ φρένας ἦλθ’ Ἀίδαο.,tlg0001.tlg001.perseus-grc2.xml
Argonautica,tlg001,3,811,"ἔσχετο δʼ ἀμφασίῃ δηρὸν χρόνον, ἀμφὶ δὲ πᾶσαι","ἔσχετο δ’ ἀμφασίῃ δηρὸν χρόνον, ἀμφὶ δὲ πᾶσαι",tlg0001.tlg001.perseus-grc2.xml
Argonautica,tlg001,3,812,θυμηδεῖς βιότοιο μεληδόνες ἰνδάλλοντο.,θυμηδεῖς βιότοιο μεληδόνες ἰνδάλλοντο.,tlg0001.tlg001.perseus-grc2.xml
Argonautica,tlg001,3,813,"μνήσατο μὲν τερπνῶν, ὅσʼ ἐνὶ ζωοῖσι πέλονται,","μνήσατο μὲν τερπνῶν, ὅσ’ ἐνὶ ζωοῖσι πέλονται,",tlg0001.tlg001.perseus-grc2.xml
Argonautica,tlg001,3,814,"μνήσαθʼ ὁμηλικίης περιγηθέος, οἷά τε κούρη·","μνήσαθ’ ὁμηλικίης περιγηθέος, οἷά τε κούρη·",tlg0001.tlg001.perseus-grc2.xml
Argonautica,tlg001,3,815,"καί τέ οἱ ἠέλιος γλυκίων γένετʼ εἰσοράασθαι,","καί τέ οἱ ἠέλιος γλυκίων γένετ’ εἰσοράασθαι,",tlg0001.tlg001.perseus-grc2.xml
Argonautica,tlg001,3,816,"ἢ πάρος, εἰ ἐτεόν γε νόῳ ἐπεμαίεθʼ ἕκαστα.","ἢ πάρος, εἰ ἐτεόν γε νόῳ ἐπεμαίεθ’ ἕκαστα.",tlg0001.tlg001.perseus-grc2.xml
Argonautica,tlg001,3,817,"καὶ τὴν μέν ῥα πάλιν σφετέρων ἀποκάτθετο γούνων,","καὶ τὴν μέν ῥα πάλιν σφετέρων ἀποκάτθετο γούνων,",tlg0001.tlg001.perseus-grc2.xml
Argonautica,tlg001,3,818,"Ἥρης ἐννεσίῃσι μετάτροπος, οὐδʼ ἔτι βουλὰς","Ἥρης ἐννεσίῃσι μετάτροπος, οὐδ’ ἔτι βουλὰς",tlg0001.tlg001.perseus-grc2.xml
Argonautica,tlg001,3,819,ἄλλῃ δοιάζεσκεν· ἐέλδετο δʼ αἶψα φανῆναι,ἄλλῃ δοιάζεσκεν· ἐέλδετο δ’ αἶψα φανῆναι,tlg0001.tlg001.perseus-grc2.xml
Argonautica,tlg001,3,820,"ἠῶ τελλομένην, ἵνα οἱ θελκτήρια δοίη","ἠῶ τελλομένην, ἵνα οἱ θελκτήρια δοίη",tlg0001.tlg001.perseus-grc2.xml
Argonautica,tlg001,3,821,"φάρμακα συνθεσίῃσι, καὶ ἀντήσειεν ἐς ὠπήν.","φάρμακα συνθεσίῃσι, καὶ ἀντήσειεν ἐς ὠπήν.",tlg0001.tlg001.perseus-grc2.xml
Argonautica,tlg001,3,822,"πυκνὰ δʼ ἀνὰ κληῖδας ἑῶν λύεσκε θυράων,","πυκνὰ δ’ ἀνὰ κληῖδας ἑῶν λύεσκε θυράων,",tlg0001.tlg001.perseus-grc2.xml
Argonautica,tlg001,3,823,αἴγλην σκεπτομένη· τῇ δʼ ἀσπάσιον βάλε φέγγος,αἴγλην σκεπτομένη· τῇ δ’ ἀσπάσιον βάλε φέγγος,tlg0001.tlg001.perseus-grc2.xml
Argonautica,tlg001,3,824,"Ἠριγενής, κίνυντο δʼ ἀνὰ πτολίεθρον ἕκαστοι.","Ἠριγενής, κίνυντο δ’ ἀνὰ πτολίεθρον ἕκαστοι.",tlg0001.tlg001.perseus-grc2.xml
Argonautica,tlg001,3,825,ἔνθα κασιγνήτους μὲν ἔτʼ αὐτόθι μεῖναι ἀνώγει,ἔνθα κασιγνήτους μὲν ἔτ’ αὐτόθι μεῖναι ἀνώγει,tlg0001.tlg001.perseus-grc2.xml
Argonautica,tlg001,3,826,"Ἄργος, ἵνα φράζοιντο νόον καὶ μήδεα κούρης·","Ἄργος, ἵνα φράζοιντο νόον καὶ μήδεα κούρης·",tlg0001.tlg001.perseus-grc2.xml
Argonautica,tlg001,3,827,αὐτὸς δʼ αὖτʼ ἐπὶ νῆα κίεν προπάροιθε λιασθείς.,αὐτὸς δ’ αὖτ’ ἐπὶ νῆα κίεν προπάροιθε λιασθείς.,tlg0001.tlg001.perseus-grc2.xml
Argonautica,tlg001,3,828,ἡ δʼ ἐπεὶ οὖν τὰ πρῶτα φαεινομένην ἴδεν ἠῶ,ἡ δ’ ἐπεὶ οὖν τὰ πρῶτα φαεινομένην ἴδεν ἠῶ,tlg0001.tlg001.perseus-grc2.xml
Argonautica,tlg001,3,829,"παρθενική, ξανθὰς μὲν ἀνήψατο χερσὶν ἐθείρας,","παρθενική, ξανθὰς μὲν ἀνήψατο χερσὶν ἐθείρας,",tlg0001.tlg001.perseus-grc2.xml
Argonautica,tlg001,3,830,"αἵ οἱ ἀτημελίῃ καταειμέναι ἠερέθοντο,","αἵ οἱ ἀτημελίῃ καταειμέναι ἠερέθοντο,",tlg0001.tlg001.perseus-grc2.xml
Argonautica,tlg001,3,831,αὐσταλέας δʼ ἔψησε παρηίδας· αὐτὰρ ἀλοιφῇ,αὐσταλέας δ’ ἔψησε παρηίδας· αὐτὰρ ἀλοιφῇ,tlg0001.tlg001.perseus-grc2.xml
Argonautica,tlg001,3,832,νεκταρέῃ φαιδρύνετʼ ἐπὶ χρόα· δῦνε δὲ πέπλον,νεκταρέῃ φαιδρύνετ’ ἐπὶ χρόα· δῦνε δὲ πέπλον,tlg0001.tlg001.perseus-grc2.xml
Argonautica,tlg001,3,833,"καλόν, ἐυγνάμπτοισιν ἀρηρέμενον περόνῃσιν·","καλόν, ἐυγνάμπτοισιν ἀρηρέμενον περόνῃσιν·",tlg0001.tlg001.perseus-grc2.xml
Argonautica,tlg001,3,834,ἀμβροσίῳ δʼ ἐφύπερθε καρήατι βάλλε καλύπτρην,ἀμβροσίῳ δ’ ἐφύπερθε καρήατι βάλλε καλύπτρην,tlg0001.tlg001.perseus-grc2.xml
Argonautica,tlg001,3,835,ἀργυφέην. αὐτοῦ δὲ δόμοις ἔνι δινεύουσα,ἀργυφέην. αὐτοῦ δὲ δόμοις ἔνι δινεύουσα,tlg0001.tlg001.perseus-grc2.xml
Argonautica,tlg001,3,836,"στεῖβε πέδον λήθῃ ἀχέων, τά οἱ ἐν ποσὶν ἦεν","στεῖβε πέδον λήθῃ ἀχέων, τά οἱ ἐν ποσὶν ἦεν",tlg0001.tlg001.perseus-grc2.xml
Argonautica,tlg001,3,837,"θεσπέσιʼ, ἄλλα τʼ ἔμελλεν ἀεξήσεσθαι ὀπίσσω.","θεσπέσι’, ἄλλα τ’ ἔμελλεν ἀεξήσεσθαι ὀπίσσω.",tlg0001.tlg001.perseus-grc2.xml
Argonautica,tlg001,3,838,"κέκλετο δʼ ἀμφιπόλοις, αἵ οἱ δυοκαίδεκα πᾶσαι","κέκλετο δ’ ἀμφιπόλοις, αἵ οἱ δυοκαίδεκα πᾶσαι",tlg0001.tlg001.perseus-grc2.xml
Argonautica,tlg001,3,839,ἐν προδόμῳ θαλάμοιο θυώδεος ηὐλίζοντο,ἐν προδόμῳ θαλάμοιο θυώδεος ηὐλίζοντο,tlg0001.tlg001.perseus-grc2.xml
Argonautica,tlg001,3,840,"ἥλικες, οὔπω λέκτρα σὺν ἀνδράσι πορσύνουσαι,","ἥλικες, οὔπω λέκτρα σὺν ἀνδράσι πορσύνουσαι,",tlg0001.tlg001.perseus-grc2.xml
Argonautica,tlg001,3,841,"ἐσσυμένως οὐρῆας ὑποζεύξασθαι ἀπήνῃ,","ἐσσυμένως οὐρῆας ὑποζεύξασθαι ἀπήνῃ,",tlg0001.tlg001.perseus-grc2.xml
Argonautica,tlg001,3,842,οἵ κέ μιν εἰς Ἑκάτης περικαλλέα νηὸν ἄγοιεν.,οἵ κέ μιν εἰς Ἑκάτης περικαλλέα νηὸν ἄγοιεν.,tlg0001.tlg001.perseus-grc2.xml
Argonautica,tlg001,3,843,ἔνθʼ αὖτʼ ἀμφίπολοι μὲν ἐφοπλίζεσκον ἀπήνην·,ἔνθ’ αὖτ’ ἀμφίπολοι μὲν ἐφοπλίζεσκον ἀπήνην·,tlg0001.tlg001.perseus-grc2.xml
Argonautica,tlg001,3,844,ἡ δὲ τέως γλαφυρῆς ἐξείλετο φωριαμοῖο,ἡ δὲ τέως γλαφυρῆς ἐξείλετο φωριαμοῖο,tlg0001.tlg001.perseus-grc2.xml
Argonautica,tlg001,3,845,"φάρμακον, ὅ ῥά τέ φασι Προμήθειον καλέεσθαι.","φάρμακον, ὅ ῥά τέ φασι Προμήθειον καλέεσθαι.",tlg0001.tlg001.perseus-grc2.xml
Argonautica,tlg001,3,846,τῷ εἴ κʼ ἐννυχίοισιν ἀρεσσάμενος θυέεσσιν,τῷ εἴ κ’ ἐννυχίοισιν ἀρεσσάμενος θυέεσσιν,tlg0001.tlg001.perseus-grc2.xml
Argonautica,tlg001,3,847,"κούρην μουνογένειαν ἑὸν δέμας ἰκμαίνοιτο,","κούρην μουνογένειαν ἑὸν δέμας ἰκμαίνοιτο,",tlg0001.tlg001.perseus-grc2.xml
Argonautica,tlg001,3,848,"ἦ τʼ ἂν ὅγʼ οὔτε ῥηκτὸς ἔοι χαλκοῖο τυπῇσιν,","ἦ τ’ ἂν ὅγ’ οὔτε ῥηκτὸς ἔοι χαλκοῖο τυπῇσιν,",tlg0001.tlg001.perseus-grc2.xml
Argonautica,tlg001,3,849,οὔτε κεν αἰθομένῳ πυρὶ εἰκάθοι· ἀλλὰ καὶ ἀλκῇ,οὔτε κεν αἰθομένῳ πυρὶ εἰκάθοι· ἀλλὰ καὶ ἀλκῇ,tlg0001.tlg001.perseus-grc2.xml
Argonautica,tlg001,3,850,λωίτερος κεῖνʼ ἦμαρ ὁμῶς κάρτει τε πέλοιτο.,λωίτερος κεῖν’ ἦμαρ ὁμῶς κάρτει τε πέλοιτο.,tlg0001.tlg001.perseus-grc2.xml
Argonautica,tlg001,3,851,πρωτοφυὲς τόγʼ ἀνέσχε καταστάξαντος ἔραζε,πρωτοφυὲς τόγ’ ἀνέσχε καταστάξαντος ἔραζε,tlg0001.tlg001.perseus-grc2.xml
Argonautica,tlg001,3,852,αἰετοῦ ὠμηστέω κνημοῖς ἔνι Καυκασίοισιν,αἰετοῦ ὠμηστέω κνημοῖς ἔνι Καυκασίοισιν,tlg0001.tlg001.perseus-grc2.xml
Argonautica,tlg001,3,853,αἱματόεντʼ ἰχῶρα Προμηθῆος μογεροῖο.,αἱματόεντ’ ἰχῶρα Προμηθῆος μογεροῖο.,tlg0001.tlg001.perseus-grc2.xml
Argonautica,tlg001,3,854,τοῦ δʼ ἤτοι ἄνθος μὲν ὅσον πήχυιον ὕπερθεν,τοῦ δ’ ἤτοι ἄνθος μὲν ὅσον πήχυιον ὕπερθεν,tlg0001.tlg001.perseus-grc2.xml
Argonautica,tlg001,3,855,"χροιῇ Κωρυκίῳ ἴκελον κρόκῳ ἐξεφαάνθη,","χροιῇ Κωρυκίῳ ἴκελον κρόκῳ ἐξεφαάνθη,",tlg0001.tlg001.perseus-grc2.xml
Argonautica,tlg001,3,856,καυλοῖσιν διδύμοισιν ἐπήορον· ἡ δʼ ἐνὶ γαίῃ,καυλοῖσιν διδύμοισιν ἐπήορον· ἡ δ’ ἐνὶ γαίῃ,tlg0001.tlg001.perseus-grc2.xml
Argonautica,tlg001,3,857,σαρκὶ νεοτμήτῳ ἐναλιγκίη ἔπλετο ῥίζα.,σαρκὶ νεοτμήτῳ ἐναλιγκίη ἔπλετο ῥίζα.,tlg0001.tlg001.perseus-grc2.xml
Argonautica,tlg001,3,858,τῆς οἵην τʼ ἐν ὄρεσσι κελαινὴν ἰκμάδα φηγοῦ,τῆς οἵην τ’ ἐν ὄρεσσι κελαινὴν ἰκμάδα φηγοῦ,tlg0001.tlg001.perseus-grc2.xml
Argonautica,tlg001,3,859,"Κασπίῃ ἐν κόχλῳ ἀμήσατο φαρμάσσεσθαι,","Κασπίῃ ἐν κόχλῳ ἀμήσατο φαρμάσσεσθαι,",tlg0001.tlg001.perseus-grc2.xml
Argonautica,tlg001,3,860,"ἑπτὰ μὲν ἀενάοισι λοεσσαμένη ὑδάτεσσιν,","ἑπτὰ μὲν ἀενάοισι λοεσσαμένη ὑδάτεσσιν,",tlg0001.tlg001.perseus-grc2.xml
Argonautica,tlg001,3,861,"ἑπτάκι δὲ Βριμὼ κουροτρόφον ἀγκαλέσασα,","ἑπτάκι δὲ Βριμὼ κουροτρόφον ἀγκαλέσασα,",tlg0001.tlg001.perseus-grc2.xml
Argonautica,tlg001,3,862,"Βριμὼ νυκτιπόλον, χθονίην, ἐνέροισιν ἄνασσαν,","Βριμὼ νυκτιπόλον, χθονίην, ἐνέροισιν ἄνασσαν,",tlg0001.tlg001.perseus-grc2.xml
Argonautica,tlg001,3,863,"λυγαίῃ ἐνὶ νυκτί, σὺν ὀρφναίοις φαρέεσσιν.","λυγαίῃ ἐνὶ νυκτί, σὺν ὀρφναίοις φαρέεσσιν.",tlg0001.tlg001.perseus-grc2.xml
Argonautica,tlg001,3,864,"μυκηθμῷ δʼ ὑπένερθεν ἐρεμνὴ σείετο γαῖα,","μυκηθμῷ δ’ ὑπένερθεν ἐρεμνὴ σείετο γαῖα,",tlg0001.tlg001.perseus-grc2.xml
Argonautica,tlg001,3,865,ῥίζης τεμνομένης Τιτηνίδος· ἔστενε δʼ αὐτὸς,ῥίζης τεμνομένης Τιτηνίδος· ἔστενε δ’ αὐτὸς,tlg0001.tlg001.perseus-grc2.xml
Argonautica,tlg001,3,866,Ἰαπετοῖο πάις ὀδύνῃ πέρι θυμὸν ἀλύων.,Ἰαπετοῖο πάις ὀδύνῃ πέρι θυμὸν ἀλύων.,tlg0001.tlg001.perseus-grc2.xml
Argonautica,tlg001,3,867,"τό ῥʼ ἥγʼ ἐξανελοῦσα θυώδεϊ κάτθετο μίτρῃ,","τό ῥ’ ἥγ’ ἐξανελοῦσα θυώδεϊ κάτθετο μίτρῃ,",tlg0001.tlg001.perseus-grc2.xml
Argonautica,tlg001,3,868,ἥ τέ οἱ ἀμβροσίοισι περὶ στήθεσσιν ἔερτο.,ἥ τέ οἱ ἀμβροσίοισι περὶ στήθεσσιν ἔερτο.,tlg0001.tlg001.perseus-grc2.xml
Argonautica,tlg001,3,869,ἐκ δὲ θύραζε κιοῦσα θοῆς ἐπεβήσατʼ ἀπήνης·,ἐκ δὲ θύραζε κιοῦσα θοῆς ἐπεβήσατ’ ἀπήνης·,tlg0001.tlg001.perseus-grc2.xml
Argonautica,tlg001,3,870,σὺν δέ οἱ ἀμφίπολοι δοιαὶ ἑκάτερθεν ἔβησαν.,σὺν δέ οἱ ἀμφίπολοι δοιαὶ ἑκάτερθεν ἔβησαν.,tlg0001.tlg001.perseus-grc2.xml
Argonautica,tlg001,3,871,αὐτὴ δʼ ἡνίʼ ἔδεκτο καὶ εὐποίητον ἱμάσθλην,αὐτὴ δ’ ἡνί’ ἔδεκτο καὶ εὐποίητον ἱμάσθλην,tlg0001.tlg001.perseus-grc2.xml
Argonautica,tlg001,3,872,"δεξιτερῇ, ἔλαεν δὲ διʼ ἄστεος· αἱ δὲ δὴ ἄλλαι","δεξιτερῇ, ἔλαεν δὲ δι’ ἄστεος· αἱ δὲ δὴ ἄλλαι",tlg0001.tlg001.perseus-grc2.xml
Argonautica,tlg001,3,873,"ἀμφίπολοι, πείρινθος ἐφαπτόμεναι μετόπισθεν,","ἀμφίπολοι, πείρινθος ἐφαπτόμεναι μετόπισθεν,",tlg0001.tlg001.perseus-grc2.xml
Argonautica,tlg001,3,874,τρώχων εὐρεῖαν κατʼ ἀμαξιτόν· ἂν δὲ χιτῶνας,τρώχων εὐρεῖαν κατ’ ἀμαξιτόν· ἂν δὲ χιτῶνας,tlg0001.tlg001.perseus-grc2.xml
Argonautica,tlg001,3,875,λεπταλέους λευκῆς ἐπιγουνίδος ἄχρις ἄειρον.,λεπταλέους λευκῆς ἐπιγουνίδος ἄχρις ἄειρον.,tlg0001.tlg001.perseus-grc2.xml
Argonautica,tlg001,3,876,"οἵη δὲ λιαροῖσιν ἐφʼ ὕδασι Παρθενίοιο,","οἵη δὲ λιαροῖσιν ἐφ’ ὕδασι Παρθενίοιο,",tlg0001.tlg001.perseus-grc2.xml
Argonautica,tlg001,3,877,ἠὲ καὶ Ἀμνισοῖο λοεσσαμένη ποταμοῖο,ἠὲ καὶ Ἀμνισοῖο λοεσσαμένη ποταμοῖο,tlg0001.tlg001.perseus-grc2.xml
Argonautica,tlg001,3,878,χρυσείοις Λητωὶς ἐφʼ ἅρμασιν ἑστηυῖα,χρυσείοις Λητωὶς ἐφ’ ἅρμασιν ἑστηυῖα,tlg0001.tlg001.perseus-grc2.xml
Argonautica,tlg001,3,879,"ὠκείαις κεμάδεσσι διεξελάσῃσι κολώνας,","ὠκείαις κεμάδεσσι διεξελάσῃσι κολώνας,",tlg0001.tlg001.perseus-grc2.xml
Argonautica,tlg001,3,880,τηλόθεν ἀντιόωσα πολυκνίσου ἑκατόμβης·,τηλόθεν ἀντιόωσα πολυκνίσου ἑκατόμβης·,tlg0001.tlg001.perseus-grc2.xml
Argonautica,tlg001,3,881,"τῇ δʼ ἅμα νύμφαι ἕπονται ἀμορβάδες, αἱ μὲν ἐπʼ αὐτῆς","τῇ δ’ ἅμα νύμφαι ἕπονται ἀμορβάδες, αἱ μὲν ἐπ’ αὐτῆς",tlg0001.tlg001.perseus-grc2.xml
Argonautica,tlg001,3,882,"ἀγρόμεναι πηγῆς Ἀμνισίδος, ἂν δὲ δὴ ἄλλαι","ἀγρόμεναι πηγῆς Ἀμνισίδος, ἂν δὲ δὴ ἄλλαι",tlg0001.tlg001.perseus-grc2.xml
Argonautica,tlg001,3,883,ἄλσεα καὶ σκοπιὰς πολυπίδακας· ἀμφὶ δὲ θῆρες,ἄλσεα καὶ σκοπιὰς πολυπίδακας· ἀμφὶ δὲ θῆρες,tlg0001.tlg001.perseus-grc2.xml
Argonautica,tlg001,3,884,κνυζηθμῷ σαίνουσιν ὑποτρομέοντες ἰοῦσαν·,κνυζηθμῷ σαίνουσιν ὑποτρομέοντες ἰοῦσαν·,tlg0001.tlg001.perseus-grc2.xml
Argonautica,tlg001,3,885,ὧς αἵγʼ ἐσσεύοντο διʼ ἄστεος· ἀμφὶ δὲ λαοὶ,ὧς αἵγ’ ἐσσεύοντο δι’ ἄστεος· ἀμφὶ δὲ λαοὶ,tlg0001.tlg001.perseus-grc2.xml
Argonautica,tlg001,3,886,"εἶκον, ἀλευάμενοι βασιληίδος ὄμματα κούρης.","εἶκον, ἀλευάμενοι βασιληίδος ὄμματα κούρης.",tlg0001.tlg001.perseus-grc2.xml
Argonautica,tlg001,3,887,"αὐτὰρ ἐπεὶ πόλιος μὲν ἐυδμήτους λίπʼ ἀγυιάς,","αὐτὰρ ἐπεὶ πόλιος μὲν ἐυδμήτους λίπ’ ἀγυιάς,",tlg0001.tlg001.perseus-grc2.xml
Argonautica,tlg001,3,888,"νηὸν δʼ εἰσαφίκανε διὲκ πεδίων ἐλάουσα,","νηὸν δ’ εἰσαφίκανε διὲκ πεδίων ἐλάουσα,",tlg0001.tlg001.perseus-grc2.xml
Argonautica,tlg001,3,889,δὴ τότʼ ἐυτροχάλοιο κατʼ αὐτόθι βήσατʼ ἀπήνης,δὴ τότ’ ἐυτροχάλοιο κατ’ αὐτόθι βήσατ’ ἀπήνης,tlg0001.tlg001.perseus-grc2.xml
Argonautica,tlg001,3,890,"ἱεμένη, καὶ τοῖα μετὰ δμωῇσιν ἔειπεν·","ἱεμένη, καὶ τοῖα μετὰ δμωῇσιν ἔειπεν·",tlg0001.tlg001.perseus-grc2.xml
Argonautica,tlg001,3,891,"ὦ φίλαι, ἦ μέγα δή τι παρήλιτον, οὐδʼ ἐνόησα","ὦ φίλαι, ἦ μέγα δή τι παρήλιτον, οὐδ’ ἐνόησα",tlg0001.tlg001.perseus-grc2.xml
Argonautica,tlg001,3,892,"μὴ ἴμεν ἀλλοδαποῖσι μετʼ ἀνδράσιν, οἵ τʼ ἐπὶ γαῖαν","μὴ ἴμεν ἀλλοδαποῖσι μετ’ ἀνδράσιν, οἵ τ’ ἐπὶ γαῖαν",tlg0001.tlg001.perseus-grc2.xml
Argonautica,tlg001,3,893,ἡμετέρην στρωφῶσιν. ἀμηχανίῃ βεβόληται,ἡμετέρην στρωφῶσιν. ἀμηχανίῃ βεβόληται,tlg0001.tlg001.perseus-grc2.xml
Argonautica,tlg001,3,894,πᾶσα πόλις· τὸ καὶ οὔτις ἀνήλυθε δεῦρο γυναικῶν,πᾶσα πόλις· τὸ καὶ οὔτις ἀνήλυθε δεῦρο γυναικῶν,tlg0001.tlg001.perseus-grc2.xml
Argonautica,tlg001,3,895,"τάων, αἳ τὸ πάροιθεν ἐπημάτιαι ἀγέρονται.","τάων, αἳ τὸ πάροιθεν ἐπημάτιαι ἀγέρονται.",tlg0001.tlg001.perseus-grc2.xml
Argonautica,tlg001,3,896,"ἀλλʼ ἐπεὶ οὖν ἱκόμεσθα, καὶ οὔ νύ τις ἄλλος ἔπεισιν,","ἀλλ’ ἐπεὶ οὖν ἱκόμεσθα, καὶ οὔ νύ τις ἄλλος ἔπεισιν,",tlg0001.tlg001.perseus-grc2.xml
Argonautica,tlg001,3,897,εἰ δʼ ἄγε μολπῇ θυμὸν ἀφειδείως κορέσωμεν,εἰ δ’ ἄγε μολπῇ θυμὸν ἀφειδείως κορέσωμεν,tlg0001.tlg001.perseus-grc2.xml
Argonautica,tlg001,3,898,"μειλιχίῃ, τὰ δὲ καλὰ τερείνης ἄνθεα ποίης","μειλιχίῃ, τὰ δὲ καλὰ τερείνης ἄνθεα ποίης",tlg0001.tlg001.perseus-grc2.xml
Argonautica,tlg001,3,899,λεξάμεναι τότʼ ἔπειτʼ αὐτὴν ἀπονισσόμεθʼ ὥρην.,λεξάμεναι τότ’ ἔπειτ’ αὐτὴν ἀπονισσόμεθ’ ὥρην.,tlg0001.tlg001.perseus-grc2.xml
Argonautica,tlg001,3,900,καὶ δέ κε σὺν πολέεσσιν ὀνείασιν οἴκαδʼ ἵκοισθε,καὶ δέ κε σὺν πολέεσσιν ὀνείασιν οἴκαδ’ ἵκοισθε,tlg0001.tlg001.perseus-grc2.xml
Argonautica,tlg001,3,901,"ἤματι τῷ, εἴ μοι συναρέσσετε τήνδε μενοινήν.","ἤματι τῷ, εἴ μοι συναρέσσετε τήνδε μενοινήν.",tlg0001.tlg001.perseus-grc2.xml
Argonautica,tlg001,3,902,"Ἄργος γάρ μʼ ἐπέεσσι παρατρέπει, ὧς δὲ καὶ αὐτὴ","Ἄργος γάρ μ’ ἐπέεσσι παρατρέπει, ὧς δὲ καὶ αὐτὴ",tlg0001.tlg001.perseus-grc2.xml
Argonautica,tlg001,3,903,Χαλκιόπη· τὰ δὲ σῖγα νόῳ ἔχετʼ εἰσαΐουσαι,Χαλκιόπη· τὰ δὲ σῖγα νόῳ ἔχετ’ εἰσαΐουσαι,tlg0001.tlg001.perseus-grc2.xml
Argonautica,tlg001,3,904,"ἐξ ἐμέθεν, μὴ πατρὸς ἐς οὔατα μῦθος ἵκηται.","ἐξ ἐμέθεν, μὴ πατρὸς ἐς οὔατα μῦθος ἵκηται.",tlg0001.tlg001.perseus-grc2.xml
Argonautica,tlg001,3,905,"τὸν ξεῖνόν με κέλονται, ὅτις περὶ βουσὶν ὑπέστη,","τὸν ξεῖνόν με κέλονται, ὅτις περὶ βουσὶν ὑπέστη,",tlg0001.tlg001.perseus-grc2.xml
Argonautica,tlg001,3,906,δῶρʼ ἀποδεξαμένην ὀλοῶν ῥύσασθαι ἀέθλων.,δῶρ’ ἀποδεξαμένην ὀλοῶν ῥύσασθαι ἀέθλων.,tlg0001.tlg001.perseus-grc2.xml
Argonautica,tlg001,3,907,"αὐτὰρ ἐγὼ τὸν μῦθον ἐπῄνεον, ἠδὲ καὶ αὐτὸν","αὐτὰρ ἐγὼ τὸν μῦθον ἐπῄνεον, ἠδὲ καὶ αὐτὸν",tlg0001.tlg001.perseus-grc2.xml
Argonautica,tlg001,3,908,"κέκλομαι εἰς ὠπὴν ἑτάρων ἄπο μοῦνον ἱκέσθαι,","κέκλομαι εἰς ὠπὴν ἑτάρων ἄπο μοῦνον ἱκέσθαι,",tlg0001.tlg001.perseus-grc2.xml
Argonautica,tlg001,3,909,"ὄφρα τὰ μὲν δασόμεσθα μετὰ σφίσιν, εἴ κεν ὀπάσσῃ","ὄφρα τὰ μὲν δασόμεσθα μετὰ σφίσιν, εἴ κεν ὀπάσσῃ",tlg0001.tlg001.perseus-grc2.xml
Argonautica,tlg001,3,910,"δῶρα φέρων, τῷ δʼ αὖτε κακώτερον ἄλλο πόρωμεν","δῶρα φέρων, τῷ δ’ αὖτε κακώτερον ἄλλο πόρωμεν",tlg0001.tlg001.perseus-grc2.xml
Argonautica,tlg001,3,911,"φάρμακον. ἀλλʼ ἀπονόσφι πέλεσθέ μοι, εὖτʼ ἂν ἵκηται.","φάρμακον. ἀλλ’ ἀπονόσφι πέλεσθέ μοι, εὖτ’ ἂν ἵκηται.",tlg0001.tlg001.perseus-grc2.xml
Argonautica,tlg001,3,912,ὧς ηὔδα· πάσῃσι δʼ ἐπίκλοπος ἥνδανε μῆτις.,ὧς ηὔδα· πάσῃσι δ’ ἐπίκλοπος ἥνδανε μῆτις.,tlg0001.tlg001.perseus-grc2.xml
Argonautica,tlg001,3,913,αὐτίκα δʼ Αἰσονίδην ἑτάρων ἄπο μοῦνον ἐρύσσας,αὐτίκα δ’ Αἰσονίδην ἑτάρων ἄπο μοῦνον ἐρύσσας,tlg0001.tlg001.perseus-grc2.xml
Argonautica,tlg001,3,914,"Ἄργος, ὅτʼ ἤδη τήνδε κασιγνήτων ἐσάκουσεν","Ἄργος, ὅτ’ ἤδη τήνδε κασιγνήτων ἐσάκουσεν",tlg0001.tlg001.perseus-grc2.xml
Argonautica,tlg001,3,915,"ἠερίην Ἑκάτης ἱερὸν μετὰ νηὸν ἰοῦσαν,","ἠερίην Ἑκάτης ἱερὸν μετὰ νηὸν ἰοῦσαν,",tlg0001.tlg001.perseus-grc2.xml
Argonautica,tlg001,3,916,ἦγε διὲκ πεδίου· ἅμα δέ σφισιν εἵπετο Μόψος,ἦγε διὲκ πεδίου· ἅμα δέ σφισιν εἵπετο Μόψος,tlg0001.tlg001.perseus-grc2.xml
Argonautica,tlg001,3,917,"Ἀμπυκίδης, ἐσθλὸς μὲν ἐπιπροφανέντας ἐνισπεῖν","Ἀμπυκίδης, ἐσθλὸς μὲν ἐπιπροφανέντας ἐνισπεῖν",tlg0001.tlg001.perseus-grc2.xml
Argonautica,tlg001,3,918,"οἰωνούς, ἐσθλὸς δὲ σὺν εὖ φράσσασθαι ἰοῦσιν.","οἰωνούς, ἐσθλὸς δὲ σὺν εὖ φράσσασθαι ἰοῦσιν.",tlg0001.tlg001.perseus-grc2.xml
Argonautica,tlg001,3,919,"ἔνθʼ οὔπω τις τοῖος ἐπὶ προτέρων γένετʼ ἀνδρῶν,","ἔνθ’ οὔπω τις τοῖος ἐπὶ προτέρων γένετ’ ἀνδρῶν,",tlg0001.tlg001.perseus-grc2.xml
Argonautica,tlg001,3,920,"οὔθʼ ὅσοι ἐξ αὐτοῖο Διὸς γένος, οὔθʼ ὅσοι ἄλλων","οὔθ’ ὅσοι ἐξ αὐτοῖο Διὸς γένος, οὔθ’ ὅσοι ἄλλων",tlg0001.tlg001.perseus-grc2.xml
Argonautica,tlg001,3,921,"ἀθανάτων ἥρωες ἀφʼ αἵματος ἐβλάστησαν,","ἀθανάτων ἥρωες ἀφ’ αἵματος ἐβλάστησαν,",tlg0001.tlg001.perseus-grc2.xml
Argonautica,tlg001,3,922,οἷον Ἰήσονα θῆκε Διὸς δάμαρ ἤματι κείνῳ,οἷον Ἰήσονα θῆκε Διὸς δάμαρ ἤματι κείνῳ,tlg0001.tlg001.perseus-grc2.xml
Argonautica,tlg001,3,923,"ἠμὲν ἐσάντα ἰδεῖν, ἠδὲ προτιμυθήσασθαι.","ἠμὲν ἐσάντα ἰδεῖν, ἠδὲ προτιμυθήσασθαι.",tlg0001.tlg001.perseus-grc2.xml
Argonautica,tlg001,3,924,τὸν καὶ παπταίνοντες ἐθάμβεον αὐτοὶ ἑταῖροι,τὸν καὶ παπταίνοντες ἐθάμβεον αὐτοὶ ἑταῖροι,tlg0001.tlg001.perseus-grc2.xml
Argonautica,tlg001,3,925,λαμπόμενον χαρίτεσσιν· ἐγήθησεν δὲ κελεύθῳ,λαμπόμενον χαρίτεσσιν· ἐγήθησεν δὲ κελεύθῳ,tlg0001.tlg001.perseus-grc2.xml
Argonautica,tlg001,3,926,"Ἀμπυκίδης, ἤδη που ὀισσάμενος τὰ ἕκαστα.","Ἀμπυκίδης, ἤδη που ὀισσάμενος τὰ ἕκαστα.",tlg0001.tlg001.perseus-grc2.xml
Argonautica,tlg001,3,927,ἔστι δέ τις πεδίοιο κατὰ στίβον ἐγγύθι νηοῦ,ἔστι δέ τις πεδίοιο κατὰ στίβον ἐγγύθι νηοῦ,tlg0001.tlg001.perseus-grc2.xml
Argonautica,tlg001,3,928,"αἴγειρος φύλλοισιν ἀπειρεσίοις κομόωσα,","αἴγειρος φύλλοισιν ἀπειρεσίοις κομόωσα,",tlg0001.tlg001.perseus-grc2.xml
Argonautica,tlg001,3,929,τῇ θαμὰ δὴ λακέρυζαι ἐπηυλίζοντο κορῶναι.,τῇ θαμὰ δὴ λακέρυζαι ἐπηυλίζοντο κορῶναι.,tlg0001.tlg001.perseus-grc2.xml
Argonautica,tlg001,3,930,τάων τις μεσσηγὺς ἀνὰ πτερὰ κινήσασα,τάων τις μεσσηγὺς ἀνὰ πτερὰ κινήσασα,tlg0001.tlg001.perseus-grc2.xml
Argonautica,tlg001,3,931,ὑψοῦ ἐπʼ ἀκρεμόνων Ἥρης ἠνίπαπε βουλάς·,ὑψοῦ ἐπ’ ἀκρεμόνων Ἥρης ἠνίπαπε βουλάς·,tlg0001.tlg001.perseus-grc2.xml
Argonautica,tlg001,3,932,"Ἀκλειὴς ὅδε μάντις, ὃς οὐδʼ ὅσα παῖδες ἴσασιν","Ἀκλειὴς ὅδε μάντις, ὃς οὐδ’ ὅσα παῖδες ἴσασιν",tlg0001.tlg001.perseus-grc2.xml
Argonautica,tlg001,3,933,"οἶδε νόῳ φράσσασθαι, ὁθούνεκεν οὔτε τι λαρὸν","οἶδε νόῳ φράσσασθαι, ὁθούνεκεν οὔτε τι λαρὸν",tlg0001.tlg001.perseus-grc2.xml
Argonautica,tlg001,3,934,οὔτʼ ἐρατὸν κούρη κεν ἔπος προτιμυθήσαιτο,οὔτ’ ἐρατὸν κούρη κεν ἔπος προτιμυθήσαιτο,tlg0001.tlg001.perseus-grc2.xml
Argonautica,tlg001,3,935,"ἠιθέῳ, εὖτʼ ἄν σφιν ἐπήλυδες ἄλλοι ἕπωνται.","ἠιθέῳ, εὖτ’ ἄν σφιν ἐπήλυδες ἄλλοι ἕπωνται.",tlg0001.tlg001.perseus-grc2.xml
Argonautica,tlg001,3,936,"ἔρροις, ὦ κακόμαντι, κακοφραδές· οὔτε σε Κύπρις,","ἔρροις, ὦ κακόμαντι, κακοφραδές· οὔτε σε Κύπρις,",tlg0001.tlg001.perseus-grc2.xml
Argonautica,tlg001,3,937,οὔτʼ ἀγανοὶ φιλέοντες ἐπιπνείουσιν Ἔρωτες.,οὔτ’ ἀγανοὶ φιλέοντες ἐπιπνείουσιν Ἔρωτες.,tlg0001.tlg001.perseus-grc2.xml
Argonautica,tlg001,3,938,Ἴσκεν ἀτεμβομένη· μείδησε δὲ Μόψος ἀκούσας,Ἴσκεν ἀτεμβομένη· μείδησε δὲ Μόψος ἀκούσας,tlg0001.tlg001.perseus-grc2.xml
Argonautica,tlg001,3,939,"ὀμφὴν οἰωνοῖο θεήλατον, ὧδέ τʼ ἔειπεν·","ὀμφὴν οἰωνοῖο θεήλατον, ὧδέ τ’ ἔειπεν·",tlg0001.tlg001.perseus-grc2.xml
Argonautica,tlg001,3,940,"τύνη μὲν νηόνδε θεᾶς ἴθι, τῷ ἔνι κούρην","τύνη μὲν νηόνδε θεᾶς ἴθι, τῷ ἔνι κούρην",tlg0001.tlg001.perseus-grc2.xml
Argonautica,tlg001,3,941,"δήεις, Αἰσονίδη· μάλα δʼ ἠπίῃ ἀντιβολήσεις","δήεις, Αἰσονίδη· μάλα δ’ ἠπίῃ ἀντιβολήσεις",tlg0001.tlg001.perseus-grc2.xml
Argonautica,tlg001,3,942,"Κύπριδος ἐννεσίῃς, ἥ τοι συνέριθος ἀέθλων","Κύπριδος ἐννεσίῃς, ἥ τοι συνέριθος ἀέθλων",tlg0001.tlg001.perseus-grc2.xml
Argonautica,tlg001,3,943,"ἔσσεται, ὡς δὴ καὶ πρὶν Ἀγηνορίδης φάτο Φινεύς.","ἔσσεται, ὡς δὴ καὶ πρὶν Ἀγηνορίδης φάτο Φινεύς.",tlg0001.tlg001.perseus-grc2.xml
Argonautica,tlg001,3,944,"νῶι δʼ, ἐγὼν Ἄργος τε, δεδεγμένοι, εὖτʼ ἂν ἵκηαι,","νῶι δ’, ἐγὼν Ἄργος τε, δεδεγμένοι, εὖτ’ ἂν ἵκηαι,",tlg0001.tlg001.perseus-grc2.xml
Argonautica,tlg001,3,945,τῷδʼ αὐτῷ ἐνὶ χώρῳ ἀπεσσόμεθʼ· οἰόθι δʼ αὐτὸς,τῷδ’ αὐτῷ ἐνὶ χώρῳ ἀπεσσόμεθ’· οἰόθι δ’ αὐτὸς,tlg0001.tlg001.perseus-grc2.xml
Argonautica,tlg001,3,946,λίσσεό μιν πυκινοῖσι παρατροπέων ἐπέεσσιν.,λίσσεό μιν πυκινοῖσι παρατροπέων ἐπέεσσιν.,tlg0001.tlg001.perseus-grc2.xml
Argonautica,tlg001,3,947,"ἦ ῥα περιφραδέως, ἐπὶ δὲ σχεδὸν ᾔνεον ἄμφω.","ἦ ῥα περιφραδέως, ἐπὶ δὲ σχεδὸν ᾔνεον ἄμφω.",tlg0001.tlg001.perseus-grc2.xml
Argonautica,tlg001,3,948,"οὐδʼ ἄρα Μηδείης θυμὸς τράπετʼ ἄλλα νοῆσαι,","οὐδ’ ἄρα Μηδείης θυμὸς τράπετ’ ἄλλα νοῆσαι,",tlg0001.tlg001.perseus-grc2.xml
Argonautica,tlg001,3,949,"μελπομένης περ ὅμως· πᾶσαι δέ οἱ, ἥντινʼ ἀθύροι","μελπομένης περ ὅμως· πᾶσαι δέ οἱ, ἥντιν’ ἀθύροι",tlg0001.tlg001.perseus-grc2.xml
Argonautica,tlg001,3,950,"μολπήν, οὐκ ἐπὶ δηρὸν ἐφήνδανεν ἑψιάασθαι.","μολπήν, οὐκ ἐπὶ δηρὸν ἐφήνδανεν ἑψιάασθαι.",tlg0001.tlg001.perseus-grc2.xml
Argonautica,tlg001,3,951,"ἀλλὰ μεταλλήγεσκεν ἀμήχανος, οὐδέ ποτʼ ὄσσε","ἀλλὰ μεταλλήγεσκεν ἀμήχανος, οὐδέ ποτ’ ὄσσε",tlg0001.tlg001.perseus-grc2.xml
Argonautica,tlg001,3,952,ἀμφιπόλων μεθʼ ὅμιλον ἔχʼ ἀτρέμας· ἐς δὲ κελεύθους,ἀμφιπόλων μεθ’ ὅμιλον ἔχ’ ἀτρέμας· ἐς δὲ κελεύθους,tlg0001.tlg001.perseus-grc2.xml
Argonautica,tlg001,3,953,"τηλόσε παπταίνεσκε, παρακλίνουσα παρειάς.","τηλόσε παπταίνεσκε, παρακλίνουσα παρειάς.",tlg0001.tlg001.perseus-grc2.xml
Argonautica,tlg001,3,954,"ἦ θαμὰ δὴ στηθέων ἐάγη κέαρ, ὁππότε δοῦπον","ἦ θαμὰ δὴ στηθέων ἐάγη κέαρ, ὁππότε δοῦπον",tlg0001.tlg001.perseus-grc2.xml
Argonautica,tlg001,3,955,ἢ ποδὸς ἢ ἀνέμοιο παραθρέξαντα δοάσσαι.,ἢ ποδὸς ἢ ἀνέμοιο παραθρέξαντα δοάσσαι.,tlg0001.tlg001.perseus-grc2.xml
Argonautica,tlg001,3,956,αὐτὰρ ὅγʼ οὐ μετὰ δηρὸν ἐελδομένῃ ἐφαάνθη,αὐτὰρ ὅγ’ οὐ μετὰ δηρὸν ἐελδομένῃ ἐφαάνθη,tlg0001.tlg001.perseus-grc2.xml
Argonautica,tlg001,3,957,"ὑψόσʼ ἀναθρώσκων ἅ τε Σείριος Ὠκεανοῖο,","ὑψόσ’ ἀναθρώσκων ἅ τε Σείριος Ὠκεανοῖο,",tlg0001.tlg001.perseus-grc2.xml
Argonautica,tlg001,3,958,ὃς δή τοι καλὸς μὲν ἀρίζηλός τʼ ἐσιδέσθαι,ὃς δή τοι καλὸς μὲν ἀρίζηλός τ’ ἐσιδέσθαι,tlg0001.tlg001.perseus-grc2.xml
Argonautica,tlg001,3,959,"ἀντέλλει, μήλοισι δʼ ἐν ἄσπετον ἧκεν ὀιζύν·","ἀντέλλει, μήλοισι δ’ ἐν ἄσπετον ἧκεν ὀιζύν·",tlg0001.tlg001.perseus-grc2.xml
Argonautica,tlg001,3,960,ὧς ἄρα τῇ καλὸς μὲν ἐπήλυθεν εἰσοράασθαι,ὧς ἄρα τῇ καλὸς μὲν ἐπήλυθεν εἰσοράασθαι,tlg0001.tlg001.perseus-grc2.xml
Argonautica,tlg001,3,961,"Αἰσονίδης, κάματον δὲ δυσίμερον ὦρσε φαανθείς.","Αἰσονίδης, κάματον δὲ δυσίμερον ὦρσε φαανθείς.",tlg0001.tlg001.perseus-grc2.xml
Argonautica,tlg001,3,962,"ἐκ δʼ ἄρα οἱ κραδίη στηθέων πέσεν, ὄμματα δʼ αὔτως","ἐκ δ’ ἄρα οἱ κραδίη στηθέων πέσεν, ὄμματα δ’ αὔτως",tlg0001.tlg001.perseus-grc2.xml
Argonautica,tlg001,3,963,ἤχλυσαν· θερμὸν δὲ παρηίδας εἷλεν ἔρευθος.,ἤχλυσαν· θερμὸν δὲ παρηίδας εἷλεν ἔρευθος.,tlg0001.tlg001.perseus-grc2.xml
Argonautica,tlg001,3,964,γούνατα δʼ οὔτʼ ὀπίσω οὔτε προπάροιθεν ἀεῖραι,γούνατα δ’ οὔτ’ ὀπίσω οὔτε προπάροιθεν ἀεῖραι,tlg0001.tlg001.perseus-grc2.xml
Argonautica,tlg001,3,965,"ἔσθενεν, ἀλλʼ ὑπένερθε πάγη πόδας. αἱ δʼ ἄρα τείως","ἔσθενεν, ἀλλ’ ὑπένερθε πάγη πόδας. αἱ δ’ ἄρα τείως",tlg0001.tlg001.perseus-grc2.xml
Argonautica,tlg001,3,966,ἀμφίπολοι μάλα πᾶσαι ἀπὸ σφείων ἐλίασθεν.,ἀμφίπολοι μάλα πᾶσαι ἀπὸ σφείων ἐλίασθεν.,tlg0001.tlg001.perseus-grc2.xml
Argonautica,tlg001,3,967,"τὼ δʼ ἄνεῳ καὶ ἄναυδοι ἐφέστασαν ἀλλήλοισιν,","τὼ δ’ ἄνεῳ καὶ ἄναυδοι ἐφέστασαν ἀλλήλοισιν,",tlg0001.tlg001.perseus-grc2.xml
Argonautica,tlg001,3,968,"ἢ δρυσίν, ἢ μακρῇσιν ἐειδόμενοι ἐλάτῃσιν,","ἢ δρυσίν, ἢ μακρῇσιν ἐειδόμενοι ἐλάτῃσιν,",tlg0001.tlg001.perseus-grc2.xml
Argonautica,tlg001,3,969,"αἵ τε παρᾶσσον ἕκηλοι ἐν οὔρεσιν ἐρρίζωνται,","αἵ τε παρᾶσσον ἕκηλοι ἐν οὔρεσιν ἐρρίζωνται,",tlg0001.tlg001.perseus-grc2.xml
Argonautica,tlg001,3,970,νηνεμίῃ· μετὰ δʼ αὖτις ὑπὸ ῥιπῆς ἀνέμοιο,νηνεμίῃ· μετὰ δ’ αὖτις ὑπὸ ῥιπῆς ἀνέμοιο,tlg0001.tlg001.perseus-grc2.xml
Argonautica,tlg001,3,971,κινύμεναι ὁμάδησαν ἀπείριτον· ὧς ἄρα τώγε,κινύμεναι ὁμάδησαν ἀπείριτον· ὧς ἄρα τώγε,tlg0001.tlg001.perseus-grc2.xml
Argonautica,tlg001,3,972,μέλλον ἅλις φθέγξασθαι ὑπὸ πνοιῇσιν Ἔρωτος.,μέλλον ἅλις φθέγξασθαι ὑπὸ πνοιῇσιν Ἔρωτος.,tlg0001.tlg001.perseus-grc2.xml
Argonautica,tlg001,3,973,γνῶ δέ μιν Αἰσονίδης ἄτῃ ἐνιπεπτηυῖαν,γνῶ δέ μιν Αἰσονίδης ἄτῃ ἐνιπεπτηυῖαν,tlg0001.tlg001.perseus-grc2.xml
Argonautica,tlg001,3,974,"θευμορίῃ, καὶ τοῖον ὑποσσαίνων φάτο μῦθον·","θευμορίῃ, καὶ τοῖον ὑποσσαίνων φάτο μῦθον·",tlg0001.tlg001.perseus-grc2.xml
Argonautica,tlg001,3,975,"τίπτε με, παρθενική, τόσον ἅζεαι, οἶον ἐόντα;","τίπτε με, παρθενική, τόσον ἅζεαι, οἶον ἐόντα;",tlg0001.tlg001.perseus-grc2.xml
Argonautica,tlg001,3,976,"οὔ τοι ἐγών, οἷοί τε δυσαυχέες ἄλλοι ἔασιν","οὔ τοι ἐγών, οἷοί τε δυσαυχέες ἄλλοι ἔασιν",tlg0001.tlg001.perseus-grc2.xml
Argonautica,tlg001,3,977,"ἀνέρες, οὐδʼ ὅτε περ πάτρῃ ἔνι ναιετάασκον,","ἀνέρες, οὐδ’ ὅτε περ πάτρῃ ἔνι ναιετάασκον,",tlg0001.tlg001.perseus-grc2.xml
Argonautica,tlg001,3,978,"ἦα πάρος. τῶ μή με λίην ὑπεραίδεο, κούρη,","ἦα πάρος. τῶ μή με λίην ὑπεραίδεο, κούρη,",tlg0001.tlg001.perseus-grc2.xml
Argonautica,tlg001,3,979,"ἤ τι παρεξερέεσθαι, ὅ τοι φίλον, ἠέ τι φάσθαι.","ἤ τι παρεξερέεσθαι, ὅ τοι φίλον, ἠέ τι φάσθαι.",tlg0001.tlg001.perseus-grc2.xml
Argonautica,tlg001,3,980,"ἀλλʼ ἐπεὶ ἀλλήλοισιν ἱκάνομεν εὐμενέοντες,","ἀλλ’ ἐπεὶ ἀλλήλοισιν ἱκάνομεν εὐμενέοντες,",tlg0001.tlg001.perseus-grc2.xml
Argonautica,tlg001,3,981,"χώρῳ ἐν ἠγαθέῳ, ἵνα τʼ οὐ θέμις ἔστʼ ἀλιτέσθαι,","χώρῳ ἐν ἠγαθέῳ, ἵνα τ’ οὐ θέμις ἔστ’ ἀλιτέσθαι,",tlg0001.tlg001.perseus-grc2.xml
Argonautica,tlg001,3,982,ἀμφαδίην ἀγόρευε καὶ εἴρεο· μηδέ με τερπνοῖς,ἀμφαδίην ἀγόρευε καὶ εἴρεο· μηδέ με τερπνοῖς,tlg0001.tlg001.perseus-grc2.xml
Argonautica,tlg001,3,983,"φηλώσῃς ἐπέεσσιν, ἐπεὶ τὸ πρῶτον ὑπέστης","φηλώσῃς ἐπέεσσιν, ἐπεὶ τὸ πρῶτον ὑπέστης",tlg0001.tlg001.perseus-grc2.xml
Argonautica,tlg001,3,984,αὐτοκασιγνήτῃ μενοεικέα φάρμακα δώσειν.,αὐτοκασιγνήτῃ μενοεικέα φάρμακα δώσειν.,tlg0001.tlg001.perseus-grc2.xml
Argonautica,tlg001,3,985,πρός σʼ αὐτῆς Ἑκάτης μειλίσσομαι ἠδὲ τοκήων,πρός σ’ αὐτῆς Ἑκάτης μειλίσσομαι ἠδὲ τοκήων,tlg0001.tlg001.perseus-grc2.xml
Argonautica,tlg001,3,986,"καὶ Διός, ὃς ξείνοις ἱκέτῃσί τε χεῖρʼ ὑπερίσχει·","καὶ Διός, ὃς ξείνοις ἱκέτῃσί τε χεῖρ’ ὑπερίσχει·",tlg0001.tlg001.perseus-grc2.xml
Argonautica,tlg001,3,987,"ἀμφότερον δʼ, ἱκέτης ξεῖνός τέ τοι ἐνθάδʼ ἱκάνω,","ἀμφότερον δ’, ἱκέτης ξεῖνός τέ τοι ἐνθάδ’ ἱκάνω,",tlg0001.tlg001.perseus-grc2.xml
Argonautica,tlg001,3,988,χρειοῖ ἀναγκαίῃ γουνούμενος. οὐ γὰρ ἄνευθεν,χρειοῖ ἀναγκαίῃ γουνούμενος. οὐ γὰρ ἄνευθεν,tlg0001.tlg001.perseus-grc2.xml
Argonautica,tlg001,3,989,ὑμείων στονόεντος ὑπέρτερος ἔσσομʼ ἀέθλου.,ὑμείων στονόεντος ὑπέρτερος ἔσσομ’ ἀέθλου.,tlg0001.tlg001.perseus-grc2.xml
Argonautica,tlg001,3,990,"σοὶ δʼ ἂν ἐγὼ τίσαιμι χάριν μετόπισθεν ἀρωγῆς,","σοὶ δ’ ἂν ἐγὼ τίσαιμι χάριν μετόπισθεν ἀρωγῆς,",tlg0001.tlg001.perseus-grc2.xml
Argonautica,tlg001,3,991,"ἣ θέμις, ὡς ἐπέοικε διάνδιχα ναιετάοντας,","ἣ θέμις, ὡς ἐπέοικε διάνδιχα ναιετάοντας,",tlg0001.tlg001.perseus-grc2.xml
Argonautica,tlg001,3,992,οὔνομα καὶ καλὸν τεύχων κλέος· ὧς δὲ καὶ ὧλλοι,οὔνομα καὶ καλὸν τεύχων κλέος· ὧς δὲ καὶ ὧλλοι,tlg0001.tlg001.perseus-grc2.xml
Argonautica,tlg001,3,993,ἥρωες κλῄσουσιν ἐς Ἑλλάδα νοστήσαντες,ἥρωες κλῄσουσιν ἐς Ἑλλάδα νοστήσαντες,tlg0001.tlg001.perseus-grc2.xml
Argonautica,tlg001,3,994,"ἡρώων τʼ ἄλοχοι καὶ μητέρες, αἵ νύ που ἤδη","ἡρώων τ’ ἄλοχοι καὶ μητέρες, αἵ νύ που ἤδη",tlg0001.tlg001.perseus-grc2.xml
Argonautica,tlg001,3,995,ἡμέας ἠιόνεσσιν ἐφεζόμεναι γοάουσιν·,ἡμέας ἠιόνεσσιν ἐφεζόμεναι γοάουσιν·,tlg0001.tlg001.perseus-grc2.xml
Argonautica,tlg001,3,996,τάων ἀργαλέας κεν ἀποσκεδάσειας ἀνίας.,τάων ἀργαλέας κεν ἀποσκεδάσειας ἀνίας.,tlg0001.tlg001.perseus-grc2.xml
Argonautica,tlg001,3,997,δή ποτε καὶ Θησῆα κακῶν ὑπελύσατʼ ἀέθλων,δή ποτε καὶ Θησῆα κακῶν ὑπελύσατ’ ἀέθλων,tlg0001.tlg001.perseus-grc2.xml
Argonautica,tlg001,3,998,"παρθενικὴ Μινωὶς ἐυφρονέουσʼ Ἀριάδνη,","παρθενικὴ Μινωὶς ἐυφρονέουσ’ Ἀριάδνη,",tlg0001.tlg001.perseus-grc2.xml
Argonautica,tlg001,3,999,ἥν ῥά τε Πασιφάη κούρη τέκεν Ἠελίοιο.,ἥν ῥά τε Πασιφάη κούρη τέκεν Ἠελίοιο.,tlg0001.tlg001.perseus-grc2.xml
Argonautica,tlg001,3,1000,"ἀλλʼ ἡ μὲν καὶ νηός, ἐπεὶ χόλον εὔνασε Μίνως,","ἀλλ’ ἡ μὲν καὶ νηός, ἐπεὶ χόλον εὔνασε Μίνως,",tlg0001.tlg001.perseus-grc2.xml
Argonautica,tlg001,3,1001,σὺν τῷ ἐφεζομένη πάτρην λίπε· τὴν δὲ καὶ αὐτοὶ,σὺν τῷ ἐφεζομένη πάτρην λίπε· τὴν δὲ καὶ αὐτοὶ,tlg0001.tlg001.perseus-grc2.xml
Argonautica,tlg001,3,1002,"ἀθάνατοι φίλαντο, μέσῳ δέ οἱ αἰθέρι τέκμαρ","ἀθάνατοι φίλαντο, μέσῳ δέ οἱ αἰθέρι τέκμαρ",tlg0001.tlg001.perseus-grc2.xml
Argonautica,tlg001,3,1003,"ἀστερόεις στέφανος, τόν τε κλείουσʼ Ἀριάδνης,","ἀστερόεις στέφανος, τόν τε κλείουσ’ Ἀριάδνης,",tlg0001.tlg001.perseus-grc2.xml
Argonautica,tlg001,3,1004,πάννυχος οὐρανίοισιν ἑλίσσεται εἰδώλοισιν.,πάννυχος οὐρανίοισιν ἑλίσσεται εἰδώλοισιν.,tlg0001.tlg001.perseus-grc2.xml
Argonautica,tlg001,3,1005,"ὧς καὶ σοὶ θεόθεν χάρις ἔσσεται, εἴ κε σαώσῃς","ὧς καὶ σοὶ θεόθεν χάρις ἔσσεται, εἴ κε σαώσῃς",tlg0001.tlg001.perseus-grc2.xml
Argonautica,tlg001,3,1006,τόσσον ἀριστήων ἀνδρῶν στόλον. ἦ γὰρ ἔοικας,τόσσον ἀριστήων ἀνδρῶν στόλον. ἦ γὰρ ἔοικας,tlg0001.tlg001.perseus-grc2.xml
Argonautica,tlg001,3,1007,ἐκ μορφῆς ἀγανῇσιν ἐπητείῃσι κεκάσθαι.,ἐκ μορφῆς ἀγανῇσιν ἐπητείῃσι κεκάσθαι.,tlg0001.tlg001.perseus-grc2.xml
Argonautica,tlg001,3,1008,ὧς φάτο κυδαίνων· ἡ δʼ ἐγκλιδὸν ὄσσε βαλοῦσα,ὧς φάτο κυδαίνων· ἡ δ’ ἐγκλιδὸν ὄσσε βαλοῦσα,tlg0001.tlg001.perseus-grc2.xml
Argonautica,tlg001,3,1009,νεκτάρεον μείδησʼ ἐχύθη δέ οἱ ἔνδοθι θυμὸς,νεκτάρεον μείδησ’ ἐχύθη δέ οἱ ἔνδοθι θυμὸς,tlg0001.tlg001.perseus-grc2.xml
Argonautica,tlg001,3,1010,"αἴνῳ ἀειρομένης, καὶ ἀνέδρακεν ὄμμασιν ἄντην·","αἴνῳ ἀειρομένης, καὶ ἀνέδρακεν ὄμμασιν ἄντην·",tlg0001.tlg001.perseus-grc2.xml
Argonautica,tlg001,3,1011,"οὐδʼ ἔχεν ὅττι πάροιθεν ἔπος προτιμυθήσαιτο,","οὐδ’ ἔχεν ὅττι πάροιθεν ἔπος προτιμυθήσαιτο,",tlg0001.tlg001.perseus-grc2.xml
Argonautica,tlg001,3,1012,ἀλλʼ ἄμυδις μενέαινεν ἀολλέα πάντʼ ἀγορεῦσαι.,ἀλλ’ ἄμυδις μενέαινεν ἀολλέα πάντ’ ἀγορεῦσαι.,tlg0001.tlg001.perseus-grc2.xml
Argonautica,tlg001,3,1013,προπρὸ δʼ ἀφειδήσασα θυώδεος ἔξελε μίτρης,προπρὸ δ’ ἀφειδήσασα θυώδεος ἔξελε μίτρης,tlg0001.tlg001.perseus-grc2.xml
Argonautica,tlg001,3,1014,φάρμακον· αὐτὰρ ὅγʼ αἶψα χεροῖν ὑπέδεκτο γεγηθώς.,φάρμακον· αὐτὰρ ὅγ’ αἶψα χεροῖν ὑπέδεκτο γεγηθώς.,tlg0001.tlg001.perseus-grc2.xml
Argonautica,tlg001,3,1015,καί νύ κέ οἱ καὶ πᾶσαν ἀπὸ στηθέων ἀρύσασα,καί νύ κέ οἱ καὶ πᾶσαν ἀπὸ στηθέων ἀρύσασα,tlg0001.tlg001.perseus-grc2.xml
Argonautica,tlg001,3,1016,ψυχὴν ἐγγυάλιξεν ἀγαιομένη χατέοντι·,ψυχὴν ἐγγυάλιξεν ἀγαιομένη χατέοντι·,tlg0001.tlg001.perseus-grc2.xml
Argonautica,tlg001,3,1017,τοῖος ἀπὸ ξανθοῖο καρήατος Αἰσονίδαο,τοῖος ἀπὸ ξανθοῖο καρήατος Αἰσονίδαο,tlg0001.tlg001.perseus-grc2.xml
Argonautica,tlg001,3,1018,στράπτεν Ἔρως ἡδεῖαν ἀπὸ φλόγα· τῆς δʼ ἀμαρυγὰς,στράπτεν Ἔρως ἡδεῖαν ἀπὸ φλόγα· τῆς δ’ ἀμαρυγὰς,tlg0001.tlg001.perseus-grc2.xml
Argonautica,tlg001,3,1019,ὀφθαλμῶν ἥρπαζεν· ἰαίνετο δὲ φρένας εἴσω,ὀφθαλμῶν ἥρπαζεν· ἰαίνετο δὲ φρένας εἴσω,tlg0001.tlg001.perseus-grc2.xml
Argonautica,tlg001,3,1020,"τηκομένη, οἷόν τε περὶ ῥοδέῃσιν ἐέρση","τηκομένη, οἷόν τε περὶ ῥοδέῃσιν ἐέρση",tlg0001.tlg001.perseus-grc2.xml
Argonautica,tlg001,3,1021,τήκεται ἠῴοισιν ἰαινομένη φαέεσσιν.,τήκεται ἠῴοισιν ἰαινομένη φαέεσσιν.,tlg0001.tlg001.perseus-grc2.xml
Argonautica,tlg001,3,1022,ἄμφω δʼ ἄλλοτε μέν τε κατʼ οὔδεος ὄμματʼ ἔρειδον,ἄμφω δ’ ἄλλοτε μέν τε κατ’ οὔδεος ὄμματ’ ἔρειδον,tlg0001.tlg001.perseus-grc2.xml
Argonautica,tlg001,3,1023,"αἰδόμενοι, ὁτὲ δʼ αὖτις ἐπὶ σφίσι βάλλον ὀπωπάς,","αἰδόμενοι, ὁτὲ δ’ αὖτις ἐπὶ σφίσι βάλλον ὀπωπάς,",tlg0001.tlg001.perseus-grc2.xml
Argonautica,tlg001,3,1024,ἱμερόεν φαιδρῇσιν ὑπʼ ὀφρύσι μειδιόωντες.,ἱμερόεν φαιδρῇσιν ὑπ’ ὀφρύσι μειδιόωντες.,tlg0001.tlg001.perseus-grc2.xml
Argonautica,tlg001,3,1025,ὀψὲ δὲ δὴ τοίοισι μόλις προσπτύξατο κούρη·,ὀψὲ δὲ δὴ τοίοισι μόλις προσπτύξατο κούρη·,tlg0001.tlg001.perseus-grc2.xml
Argonautica,tlg001,3,1026,"φράζεο νῦν, ὥς κέν τοι ἐγὼ μητίσομʼ ἀρωγήν.","φράζεο νῦν, ὥς κέν τοι ἐγὼ μητίσομ’ ἀρωγήν.",tlg0001.tlg001.perseus-grc2.xml
Argonautica,tlg001,3,1027,εὖτʼ ἂν δὴ μετιόντι πατὴρ ἐμὸς ἐγγυαλίξῃ,εὖτ’ ἂν δὴ μετιόντι πατὴρ ἐμὸς ἐγγυαλίξῃ,tlg0001.tlg001.perseus-grc2.xml
Argonautica,tlg001,3,1028,"ἐξ ὄφιος γενύων ὀλοοὺς σπείρασθαι ὀδόντας,","ἐξ ὄφιος γενύων ὀλοοὺς σπείρασθαι ὀδόντας,",tlg0001.tlg001.perseus-grc2.xml
Argonautica,tlg001,3,1029,"δὴ τότε μέσσην νύκτα διαμμοιρηδὰ φυλάξας,","δὴ τότε μέσσην νύκτα διαμμοιρηδὰ φυλάξας,",tlg0001.tlg001.perseus-grc2.xml
Argonautica,tlg001,3,1030,"ἀκαμάτοιο ῥοῇσι λοεσσάμενος ποταμοῖο,","ἀκαμάτοιο ῥοῇσι λοεσσάμενος ποταμοῖο,",tlg0001.tlg001.perseus-grc2.xml
Argonautica,tlg001,3,1031,οἶος ἄνευθʼ ἄλλων ἐνὶ φάρεσι κυανέοισιν,οἶος ἄνευθ’ ἄλλων ἐνὶ φάρεσι κυανέοισιν,tlg0001.tlg001.perseus-grc2.xml
Argonautica,tlg001,3,1032,βόθρον ὀρύξασθαι περιηγέα· τῷ δʼ ἔνι θῆλυν,βόθρον ὀρύξασθαι περιηγέα· τῷ δ’ ἔνι θῆλυν,tlg0001.tlg001.perseus-grc2.xml
Argonautica,tlg001,3,1033,"ἀρνειὸν σφάζειν, καὶ ἀδαίετον ὠμοθετῆσαι,","ἀρνειὸν σφάζειν, καὶ ἀδαίετον ὠμοθετῆσαι,",tlg0001.tlg001.perseus-grc2.xml
Argonautica,tlg001,3,1034,αὐτῷ πυρκαϊὴν εὖ νηήσας ἐπὶ βόθρῳ.,αὐτῷ πυρκαϊὴν εὖ νηήσας ἐπὶ βόθρῳ.,tlg0001.tlg001.perseus-grc2.xml
Argonautica,tlg001,3,1035,"μουνογενῆ δʼ Ἑκάτην Περσηίδα μειλίσσοιο,","μουνογενῆ δ’ Ἑκάτην Περσηίδα μειλίσσοιο,",tlg0001.tlg001.perseus-grc2.xml
Argonautica,tlg001,3,1036,λείβων ἐκ δέπαος σιμβλήια ἔργα μελισσέων.,λείβων ἐκ δέπαος σιμβλήια ἔργα μελισσέων.,tlg0001.tlg001.perseus-grc2.xml
Argonautica,tlg001,3,1037,"ἔνθα δʼ ἐπεί κε θεὰν μεμνημένος ἱλάσσηαι,","ἔνθα δ’ ἐπεί κε θεὰν μεμνημένος ἱλάσσηαι,",tlg0001.tlg001.perseus-grc2.xml
Argonautica,tlg001,3,1038,ἂψ ἀπὸ πυρκαϊῆς ἀναχάζεο· μηδέ σε δοῦπος,ἂψ ἀπὸ πυρκαϊῆς ἀναχάζεο· μηδέ σε δοῦπος,tlg0001.tlg001.perseus-grc2.xml
Argonautica,tlg001,3,1039,"ἠὲ ποδῶν ὄρσῃσι μεταστρεφθῆναι ὀπίσσω,","ἠὲ ποδῶν ὄρσῃσι μεταστρεφθῆναι ὀπίσσω,",tlg0001.tlg001.perseus-grc2.xml
Argonautica,tlg001,3,1040,"ἠὲ κυνῶν ὑλακή, μή πως τὰ ἕκαστα κολούσας","ἠὲ κυνῶν ὑλακή, μή πως τὰ ἕκαστα κολούσας",tlg0001.tlg001.perseus-grc2.xml
Argonautica,tlg001,3,1041,οὐδʼ αὐτὸς κατὰ κόσμον ἑοῖς ἑτάροισι πελάσσῃς.,οὐδ’ αὐτὸς κατὰ κόσμον ἑοῖς ἑτάροισι πελάσσῃς.,tlg0001.tlg001.perseus-grc2.xml
Argonautica,tlg001,3,1042,"ἦρι δὲ μυδήνας τόδε φάρμακον, ἠύτʼ ἀλοιφῇ","ἦρι δὲ μυδήνας τόδε φάρμακον, ἠύτ’ ἀλοιφῇ",tlg0001.tlg001.perseus-grc2.xml
Argonautica,tlg001,3,1043,γυμνωθεὶς φαίδρυνε τεὸν δέμας· ἐν δέ οἱ ἀλκὴ,γυμνωθεὶς φαίδρυνε τεὸν δέμας· ἐν δέ οἱ ἀλκὴ,tlg0001.tlg001.perseus-grc2.xml
Argonautica,tlg001,3,1044,"ἔσσετʼ ἀπειρεσίη μέγα τε σθένος, οὐδέ κε φαίης","ἔσσετ’ ἀπειρεσίη μέγα τε σθένος, οὐδέ κε φαίης",tlg0001.tlg001.perseus-grc2.xml
Argonautica,tlg001,3,1045,"ἀνδράσιν, ἀλλὰ θεοῖσιν ἰσαζέμεν ἀθανάτοισιν.","ἀνδράσιν, ἀλλὰ θεοῖσιν ἰσαζέμεν ἀθανάτοισιν.",tlg0001.tlg001.perseus-grc2.xml
Argonautica,tlg001,3,1046,πρὸς δὲ καὶ αὐτῷ δουρὶ σάκος πεπαλαγμένον ἔστω,πρὸς δὲ καὶ αὐτῷ δουρὶ σάκος πεπαλαγμένον ἔστω,tlg0001.tlg001.perseus-grc2.xml
Argonautica,tlg001,3,1047,καὶ ξίφος. ἔνθʼ οὐκ ἄν σε διατμήξειαν ἀκωκαὶ,καὶ ξίφος. ἔνθ’ οὐκ ἄν σε διατμήξειαν ἀκωκαὶ,tlg0001.tlg001.perseus-grc2.xml
Argonautica,tlg001,3,1048,"γηγενέων ἀνδρῶν, οὐδʼ ἄσχετος ἀίσσουσα","γηγενέων ἀνδρῶν, οὐδ’ ἄσχετος ἀίσσουσα",tlg0001.tlg001.perseus-grc2.xml
Argonautica,tlg001,3,1049,φλὸξ ὀλοῶν ταύρων. τοῖός γε μὲν οὐκ ἐπὶ δηρὸν,φλὸξ ὀλοῶν ταύρων. τοῖός γε μὲν οὐκ ἐπὶ δηρὸν,tlg0001.tlg001.perseus-grc2.xml
Argonautica,tlg001,3,1050,"ἔσσεαι, ἀλλʼ αὐτῆμαρ· ὅμως σύγε μή ποτʼ ἀέθλου","ἔσσεαι, ἀλλ’ αὐτῆμαρ· ὅμως σύγε μή ποτ’ ἀέθλου",tlg0001.tlg001.perseus-grc2.xml
Argonautica,tlg001,3,1051,χάζεο. καὶ δέ τοι ἄλλο παρὲξ ὑποθήσομʼ ὄνειαρ.,χάζεο. καὶ δέ τοι ἄλλο παρὲξ ὑποθήσομ’ ὄνειαρ.,tlg0001.tlg001.perseus-grc2.xml
Argonautica,tlg001,3,1052,"αὐτίκʼ ἐπὴν κρατεροὺς ζεύξῃς βόας, ὦκα δὲ πᾶσαν","αὐτίκ’ ἐπὴν κρατεροὺς ζεύξῃς βόας, ὦκα δὲ πᾶσαν",tlg0001.tlg001.perseus-grc2.xml
Argonautica,tlg001,3,1053,"χερσὶ καὶ ἠνορέῃ στυφελὴν διὰ νειὸν ἀρόσσῃς,","χερσὶ καὶ ἠνορέῃ στυφελὴν διὰ νειὸν ἀρόσσῃς,",tlg0001.tlg001.perseus-grc2.xml
Argonautica,tlg001,3,1054,οἱ δʼ ἤδη κατὰ ὦλκας ἀνασταχύωσι Γίγαντες,οἱ δ’ ἤδη κατὰ ὦλκας ἀνασταχύωσι Γίγαντες,tlg0001.tlg001.perseus-grc2.xml
Argonautica,tlg001,3,1055,"σπειρομένων ὄφιος δνοφερὴν ἐπὶ βῶλον ὀδόντων,","σπειρομένων ὄφιος δνοφερὴν ἐπὶ βῶλον ὀδόντων,",tlg0001.tlg001.perseus-grc2.xml
Argonautica,tlg001,3,1056,"αἴ κεν ὀρινομένους πολέας νειοῖο δοκεύσῃς,","αἴ κεν ὀρινομένους πολέας νειοῖο δοκεύσῃς,",tlg0001.tlg001.perseus-grc2.xml
Argonautica,tlg001,3,1057,"λάθρῃ λᾶαν ἄφες στιβαρώτερον· οἱ δʼ ἂν ἐπʼ αὐτῷ,","λάθρῃ λᾶαν ἄφες στιβαρώτερον· οἱ δ’ ἂν ἐπ’ αὐτῷ,",tlg0001.tlg001.perseus-grc2.xml
Argonautica,tlg001,3,1058,"καρχαλέοι κύνες ὥστε περὶ βρώμης, ὀλέκοιεν","καρχαλέοι κύνες ὥστε περὶ βρώμης, ὀλέκοιεν",tlg0001.tlg001.perseus-grc2.xml
Argonautica,tlg001,3,1059,ἀλλήλους· καὶ δʼ αὐτὸς ἐπείγεο δηιοτῆτος,ἀλλήλους· καὶ δ’ αὐτὸς ἐπείγεο δηιοτῆτος,tlg0001.tlg001.perseus-grc2.xml
Argonautica,tlg001,3,1060,ἰθῦσαι. τὸ δὲ κῶας ἐς Ἑλλάδα τοῖό γʼ ἕκητι,ἰθῦσαι. τὸ δὲ κῶας ἐς Ἑλλάδα τοῖό γ’ ἕκητι,tlg0001.tlg001.perseus-grc2.xml
Argonautica,tlg001,3,1061,"οἴσεαι ἐξ Αἴης τηλοῦ ποθί· νίσσεο δʼ ἔμπης,","οἴσεαι ἐξ Αἴης τηλοῦ ποθί· νίσσεο δ’ ἔμπης,",tlg0001.tlg001.perseus-grc2.xml
Argonautica,tlg001,3,1062,"ᾗ φίλον, ἤ τοι ἕαδεν ἀφορμηθέντι νέεσθαι.","ᾗ φίλον, ἤ τοι ἕαδεν ἀφορμηθέντι νέεσθαι.",tlg0001.tlg001.perseus-grc2.xml
Argonautica,tlg001,3,1063,"ὧς ἄρʼ ἔφη, καὶ σῖγα ποδῶν πάρος ὄσσε βαλοῦσα","ὧς ἄρ’ ἔφη, καὶ σῖγα ποδῶν πάρος ὄσσε βαλοῦσα",tlg0001.tlg001.perseus-grc2.xml
Argonautica,tlg001,3,1064,θεσπέσιον λιαροῖσι παρηίδα δάκρυσι δεῦεν,θεσπέσιον λιαροῖσι παρηίδα δάκρυσι δεῦεν,tlg0001.tlg001.perseus-grc2.xml
Argonautica,tlg001,3,1065,"μυρομένη, ὅ τʼ ἔμελλεν ἀπόπροθι πολλὸν ἑοῖο","μυρομένη, ὅ τ’ ἔμελλεν ἀπόπροθι πολλὸν ἑοῖο",tlg0001.tlg001.perseus-grc2.xml
Argonautica,tlg001,3,1066,πόντον ἐπιπλάγξεσθαι· ἀνιηρῷ δέ μιν ἄντην,πόντον ἐπιπλάγξεσθαι· ἀνιηρῷ δέ μιν ἄντην,tlg0001.tlg001.perseus-grc2.xml
Argonautica,tlg001,3,1067,"ἐξαῦτις μύθῳ προσεφώνεεν, εἷλέ τε χειρὸς","ἐξαῦτις μύθῳ προσεφώνεεν, εἷλέ τε χειρὸς",tlg0001.tlg001.perseus-grc2.xml
Argonautica,tlg001,3,1068,δεξιτερῆς· δὴ γάρ οἱ ἀπʼ ὀφθαλμοὺς λίπεν αἰδώς·,δεξιτερῆς· δὴ γάρ οἱ ἀπ’ ὀφθαλμοὺς λίπεν αἰδώς·,tlg0001.tlg001.perseus-grc2.xml
Argonautica,tlg001,3,1069,"μνώεο δʼ, ἢν ἄρα δή ποθʼ ὑπότροπος οἴκαδʼ ἵκηαι,","μνώεο δ’, ἢν ἄρα δή ποθ’ ὑπότροπος οἴκαδ’ ἵκηαι,",tlg0001.tlg001.perseus-grc2.xml
Argonautica,tlg001,3,1070,οὔνομα Μηδείης· ὧς δʼ αὖτʼ ἐγὼ ἀμφὶς ἐόντος,οὔνομα Μηδείης· ὧς δ’ αὖτ’ ἐγὼ ἀμφὶς ἐόντος,tlg0001.tlg001.perseus-grc2.xml
Argonautica,tlg001,3,1071,"μνήσομαι. εἰπὲ δέ μοι πρόφρων τόδε, πῇ τοι ἔασιν","μνήσομαι. εἰπὲ δέ μοι πρόφρων τόδε, πῇ τοι ἔασιν",tlg0001.tlg001.perseus-grc2.xml
Argonautica,tlg001,3,1072,"δώματα, πῇ νῦν ἔνθεν ὑπεὶρ ἅλα νηὶ περήσεις·","δώματα, πῇ νῦν ἔνθεν ὑπεὶρ ἅλα νηὶ περήσεις·",tlg0001.tlg001.perseus-grc2.xml
Argonautica,tlg001,3,1073,"ἤ νύ που ἀφνειοῦ σχεδὸν ἵξεαι Ὀρχομενοῖο,","ἤ νύ που ἀφνειοῦ σχεδὸν ἵξεαι Ὀρχομενοῖο,",tlg0001.tlg001.perseus-grc2.xml
Argonautica,tlg001,3,1074,"ἦε καὶ Αἰαίης νήσου πέλας; εἰπὲ δὲ κούρην,","ἦε καὶ Αἰαίης νήσου πέλας; εἰπὲ δὲ κούρην,",tlg0001.tlg001.perseus-grc2.xml
Argonautica,tlg001,3,1075,ἥντινα τήνδʼ ὀνόμηνας ἀριγνώτην γεγαυῖαν,ἥντινα τήνδ’ ὀνόμηνας ἀριγνώτην γεγαυῖαν,tlg0001.tlg001.perseus-grc2.xml
Argonautica,tlg001,3,1076,"Πασιφάης, ἣ πατρὸς ὁμόγνιός ἐστιν ἐμεῖο.","Πασιφάης, ἣ πατρὸς ὁμόγνιός ἐστιν ἐμεῖο.",tlg0001.tlg001.perseus-grc2.xml
Argonautica,tlg001,3,1077,ὧς φάτο· τὸν δὲ καὶ αὐτὸν ὑπήιε δάκρυσι κούρης,ὧς φάτο· τὸν δὲ καὶ αὐτὸν ὑπήιε δάκρυσι κούρης,tlg0001.tlg001.perseus-grc2.xml
Argonautica,tlg001,3,1078,"οὖλος Ἔρως, τοῖον δὲ παραβλήδην ἔπος ηὔδα·","οὖλος Ἔρως, τοῖον δὲ παραβλήδην ἔπος ηὔδα·",tlg0001.tlg001.perseus-grc2.xml
Argonautica,tlg001,3,1079,"καὶ λίην οὐ νύκτας ὀίομαι, οὐδέ ποτʼ ἦμαρ","καὶ λίην οὐ νύκτας ὀίομαι, οὐδέ ποτ’ ἦμαρ",tlg0001.tlg001.perseus-grc2.xml
Argonautica,tlg001,3,1080,"σεῦ ἐπιλήσεσθαι, προφυγὼν μόρον, εἰ ἐτεόν γε","σεῦ ἐπιλήσεσθαι, προφυγὼν μόρον, εἰ ἐτεόν γε",tlg0001.tlg001.perseus-grc2.xml
Argonautica,tlg001,3,1081,"φεύξομαι ἀσκηθὴς ἐς Ἀχαιίδα, μηδέ τινʼ ἄλλον","φεύξομαι ἀσκηθὴς ἐς Ἀχαιίδα, μηδέ τιν’ ἄλλον",tlg0001.tlg001.perseus-grc2.xml
Argonautica,tlg001,3,1082,Αἰήτης προβάλῃσι κακώτερον ἄμμιν ἄεθλον.,Αἰήτης προβάλῃσι κακώτερον ἄμμιν ἄεθλον.,tlg0001.tlg001.perseus-grc2.xml
Argonautica,tlg001,3,1083,"εἰ δέ τοι ἡμετέρην ἐξίδμεναι εὔαδε πάτρην,","εἰ δέ τοι ἡμετέρην ἐξίδμεναι εὔαδε πάτρην,",tlg0001.tlg001.perseus-grc2.xml
Argonautica,tlg001,3,1084,ἐξερέω· μάλα γάρ με καὶ αὐτὸν θυμὸς ἀνώγει.,ἐξερέω· μάλα γάρ με καὶ αὐτὸν θυμὸς ἀνώγει.,tlg0001.tlg001.perseus-grc2.xml
Argonautica,tlg001,3,1085,"ἔστι τις αἰπεινοῖσι περίδρομος οὔρεσι γαῖα,","ἔστι τις αἰπεινοῖσι περίδρομος οὔρεσι γαῖα,",tlg0001.tlg001.perseus-grc2.xml
Argonautica,tlg001,3,1086,"πάμπαν ἐύρρηνός τε καὶ εὔβοτος, ἔνθα Προμηθεὺς","πάμπαν ἐύρρηνός τε καὶ εὔβοτος, ἔνθα Προμηθεὺς",tlg0001.tlg001.perseus-grc2.xml
Argonautica,tlg001,3,1087,"Ἰαπετιονίδης ἀγαθὸν τέκε Δευκαλίωνα,","Ἰαπετιονίδης ἀγαθὸν τέκε Δευκαλίωνα,",tlg0001.tlg001.perseus-grc2.xml
Argonautica,tlg001,3,1088,ὃς πρῶτος ποίησε πόλεις καὶ ἐδείματο νηοὺς,ὃς πρῶτος ποίησε πόλεις καὶ ἐδείματο νηοὺς,tlg0001.tlg001.perseus-grc2.xml
Argonautica,tlg001,3,1089,"ἀθανάτοις, πρῶτος δὲ καὶ ἀνθρώπων βασίλευσεν.","ἀθανάτοις, πρῶτος δὲ καὶ ἀνθρώπων βασίλευσεν.",tlg0001.tlg001.perseus-grc2.xml
Argonautica,tlg001,3,1090,Αἱμονίην δὴ τήνγε περικτίονες καλέουσιν.,Αἱμονίην δὴ τήνγε περικτίονες καλέουσιν.,tlg0001.tlg001.perseus-grc2.xml
Argonautica,tlg001,3,1091,"ἐν δʼ αὐτῇ Ἰαωλκός, ἐμὴ πόλις, ἐν δὲ καὶ ἄλλαι","ἐν δ’ αὐτῇ Ἰαωλκός, ἐμὴ πόλις, ἐν δὲ καὶ ἄλλαι",tlg0001.tlg001.perseus-grc2.xml
Argonautica,tlg001,3,1092,"πολλαὶ ναιετάουσιν, ἵνʼ οὐδέ περ οὔνομʼ ἀκοῦσαι","πολλαὶ ναιετάουσιν, ἵν’ οὐδέ περ οὔνομ’ ἀκοῦσαι",tlg0001.tlg001.perseus-grc2.xml
Argonautica,tlg001,3,1093,"Αἰαίης νήσου· Μινύην γε μὲν ὁρμηθέντα,","Αἰαίης νήσου· Μινύην γε μὲν ὁρμηθέντα,",tlg0001.tlg001.perseus-grc2.xml
Argonautica,tlg001,3,1094,Αἰολίδην Μινύην ἔνθεν φάτις Ὀρχομενοῖο,Αἰολίδην Μινύην ἔνθεν φάτις Ὀρχομενοῖο,tlg0001.tlg001.perseus-grc2.xml
Argonautica,tlg001,3,1095,δή ποτε Καδμείοισιν ὁμούριον ἄστυ πολίσσαι.,δή ποτε Καδμείοισιν ὁμούριον ἄστυ πολίσσαι.,tlg0001.tlg001.perseus-grc2.xml
Argonautica,tlg001,3,1096,"ἀλλὰ τίη τάδε τοι μεταμώνια πάντʼ ἀγορεύω,","ἀλλὰ τίη τάδε τοι μεταμώνια πάντ’ ἀγορεύω,",tlg0001.tlg001.perseus-grc2.xml
Argonautica,tlg001,3,1097,"ἡμετέρους τε δόμους τηλεκλείτην τʼ Ἀριάδνην,","ἡμετέρους τε δόμους τηλεκλείτην τ’ Ἀριάδνην,",tlg0001.tlg001.perseus-grc2.xml
Argonautica,tlg001,3,1098,"κούρην Μίνωος, τόπερ ἀγλαὸν οὔνομα κείνην","κούρην Μίνωος, τόπερ ἀγλαὸν οὔνομα κείνην",tlg0001.tlg001.perseus-grc2.xml
Argonautica,tlg001,3,1099,"παρθενικὴν καλέεσκον ἐπήρατον, ἥν μʼ ἐρεείνεις;","παρθενικὴν καλέεσκον ἐπήρατον, ἥν μ’ ἐρεείνεις;",tlg0001.tlg001.perseus-grc2.xml
Argonautica,tlg001,3,1100,"αἴθε γάρ, ὡς Θησῆι τότε ξυναρέσσατο Μίνως","αἴθε γάρ, ὡς Θησῆι τότε ξυναρέσσατο Μίνως",tlg0001.tlg001.perseus-grc2.xml
Argonautica,tlg001,3,1101,"ἀμφʼ αὐτῆς, ὧς ἄμμι πατὴρ τεὸς ἄρθμιος εἴη.","ἀμφ’ αὐτῆς, ὧς ἄμμι πατὴρ τεὸς ἄρθμιος εἴη.",tlg0001.tlg001.perseus-grc2.xml
Argonautica,tlg001,3,1102,"ὧς φάτο, μειλιχίοισι καταψήχων ὀάροισιν.","ὧς φάτο, μειλιχίοισι καταψήχων ὀάροισιν.",tlg0001.tlg001.perseus-grc2.xml
Argonautica,tlg001,3,1103,"τῆς δʼ ἀλεγεινόταται κραδίην ἐρέθεσκον ἀνῖαι,","τῆς δ’ ἀλεγεινόταται κραδίην ἐρέθεσκον ἀνῖαι,",tlg0001.tlg001.perseus-grc2.xml
Argonautica,tlg001,3,1104,καί μιν ἀκηχεμένη ἀδινῷ προσπτύξατο μύθῳ·,καί μιν ἀκηχεμένη ἀδινῷ προσπτύξατο μύθῳ·,tlg0001.tlg001.perseus-grc2.xml
Argonautica,tlg001,3,1105,"Ἑλλάδι που τάδε καλά, συνημοσύνας ἀλεγύνειν.","Ἑλλάδι που τάδε καλά, συνημοσύνας ἀλεγύνειν.",tlg0001.tlg001.perseus-grc2.xml
Argonautica,tlg001,3,1106,"Αἰήτης δʼ οὐ τοῖος ἐν ἀνδράσιν, οἷον ἔειπας","Αἰήτης δ’ οὐ τοῖος ἐν ἀνδράσιν, οἷον ἔειπας",tlg0001.tlg001.perseus-grc2.xml
Argonautica,tlg001,3,1107,Μίνω Πασιφάης πόσιν ἔμμεναι· οὐδʼ Ἀριάδνῃ,Μίνω Πασιφάης πόσιν ἔμμεναι· οὐδ’ Ἀριάδνῃ,tlg0001.tlg001.perseus-grc2.xml
Argonautica,tlg001,3,1108,ἰσοῦμαι· τῶ μήτι φιλοξενίην ἀγόρευε.,ἰσοῦμαι· τῶ μήτι φιλοξενίην ἀγόρευε.,tlg0001.tlg001.perseus-grc2.xml
Argonautica,tlg001,3,1109,"ἀλλʼ οἶον τύνη μὲν ἐμεῦ, ὅτʼ Ἰωλκὸν ἵκηαι,","ἀλλ’ οἶον τύνη μὲν ἐμεῦ, ὅτ’ Ἰωλκὸν ἵκηαι,",tlg0001.tlg001.perseus-grc2.xml
Argonautica,tlg001,3,1110,μνώεο· σεῖο δʼ ἐγὼ καὶ ἐμῶν ἀέκητι τοκήων,μνώεο· σεῖο δ’ ἐγὼ καὶ ἐμῶν ἀέκητι τοκήων,tlg0001.tlg001.perseus-grc2.xml
Argonautica,tlg001,3,1111,"μνήσομαι. ἔλθοι δʼ ἧμιν ἀπόπροθεν ἠέ τις ὄσσα,","μνήσομαι. ἔλθοι δ’ ἧμιν ἀπόπροθεν ἠέ τις ὄσσα,",tlg0001.tlg001.perseus-grc2.xml
Argonautica,tlg001,3,1112,"ἠέ τις ἄγγελος ὄρνις, ὅτʼ ἐκλελάθοιο ἐμεῖο·","ἠέ τις ἄγγελος ὄρνις, ὅτ’ ἐκλελάθοιο ἐμεῖο·",tlg0001.tlg001.perseus-grc2.xml
Argonautica,tlg001,3,1113,ἢ αὐτήν με ταχεῖαι ὑπὲρ πόντοιο φέροιεν,ἢ αὐτήν με ταχεῖαι ὑπὲρ πόντοιο φέροιεν,tlg0001.tlg001.perseus-grc2.xml
Argonautica,tlg001,3,1114,"ἐνθένδʼ εἰς Ἰαωλκὸν ἀναρπάξασαι ἄελλαι,","ἐνθένδ’ εἰς Ἰαωλκὸν ἀναρπάξασαι ἄελλαι,",tlg0001.tlg001.perseus-grc2.xml
Argonautica,tlg001,3,1115,"ὄφρα σʼ, ἐν ὀφθαλμοῖσιν ἐλεγχείας προφέρουσα,","ὄφρα σ’, ἐν ὀφθαλμοῖσιν ἐλεγχείας προφέρουσα,",tlg0001.tlg001.perseus-grc2.xml
Argonautica,tlg001,3,1116,μνήσω ἐμῇ ἰότητι πεφυγμένον. αἴθε γὰρ εἴην,μνήσω ἐμῇ ἰότητι πεφυγμένον. αἴθε γὰρ εἴην,tlg0001.tlg001.perseus-grc2.xml
Argonautica,tlg001,3,1117,ἀπροφάτως τότε σοῖσιν ἐφέστιος ἐν μεγάροισιν.,ἀπροφάτως τότε σοῖσιν ἐφέστιος ἐν μεγάροισιν.,tlg0001.tlg001.perseus-grc2.xml
Argonautica,tlg001,3,1118,"ὧς ἄρʼ ἔφη, ἐλεεινὰ καταπροχέουσα παρειῶν","ὧς ἄρ’ ἔφη, ἐλεεινὰ καταπροχέουσα παρειῶν",tlg0001.tlg001.perseus-grc2.xml
Argonautica,tlg001,3,1119,δάκρυα· τὴν δʼ ὅγε δῆθεν ὑποβλήδην προσέειπεν·,δάκρυα· τὴν δ’ ὅγε δῆθεν ὑποβλήδην προσέειπεν·,tlg0001.tlg001.perseus-grc2.xml
Argonautica,tlg001,3,1120,"δαιμονίη, κενεὰς μὲν ἔα πλάζεσθαι ἀέλλας,","δαιμονίη, κενεὰς μὲν ἔα πλάζεσθαι ἀέλλας,",tlg0001.tlg001.perseus-grc2.xml
Argonautica,tlg001,3,1121,"ὧς δὲ καὶ ἄγγελον ὄρνιν, ἐπεὶ μεταμώνια βάζεις.","ὧς δὲ καὶ ἄγγελον ὄρνιν, ἐπεὶ μεταμώνια βάζεις.",tlg0001.tlg001.perseus-grc2.xml
Argonautica,tlg001,3,1122,"εἰ δέ κεν ἤθεα κεῖνα καὶ Ἑλλάδα γαῖαν ἵκηαι,","εἰ δέ κεν ἤθεα κεῖνα καὶ Ἑλλάδα γαῖαν ἵκηαι,",tlg0001.tlg001.perseus-grc2.xml
Argonautica,tlg001,3,1123,τιμήεσσα γυναιξὶ καὶ ἀνδράσιν αἰδοίη τε,τιμήεσσα γυναιξὶ καὶ ἀνδράσιν αἰδοίη τε,tlg0001.tlg001.perseus-grc2.xml
Argonautica,tlg001,3,1124,"ἔσσεαι· οἱ δέ σε πάγχυ θεὸν ὣς πορσανέουσιν,","ἔσσεαι· οἱ δέ σε πάγχυ θεὸν ὣς πορσανέουσιν,",tlg0001.tlg001.perseus-grc2.xml
Argonautica,tlg001,3,1125,οὕνεκα τῶν μὲν παῖδες ὑπότροποι οἴκαδʼ ἵκοντο,οὕνεκα τῶν μὲν παῖδες ὑπότροποι οἴκαδ’ ἵκοντο,tlg0001.tlg001.perseus-grc2.xml
Argonautica,tlg001,3,1126,"σῇ βουλῇ, τῶν δʼ αὖτε κασίγνητοί τε ἔται τε","σῇ βουλῇ, τῶν δ’ αὖτε κασίγνητοί τε ἔται τε",tlg0001.tlg001.perseus-grc2.xml
Argonautica,tlg001,3,1127,καὶ θαλεροὶ κακότητος ἄδην ἐσάωθεν ἀκοῖται.,καὶ θαλεροὶ κακότητος ἄδην ἐσάωθεν ἀκοῖται.,tlg0001.tlg001.perseus-grc2.xml
Argonautica,tlg001,3,1128,ἡμέτερον δὲ λέχος θαλάμοις ἔνι κουριδίοισιν,ἡμέτερον δὲ λέχος θαλάμοις ἔνι κουριδίοισιν,tlg0001.tlg001.perseus-grc2.xml
Argonautica,tlg001,3,1129,πορσυνέεις· οὐδʼ ἄμμε διακρινέει φιλότητος,πορσυνέεις· οὐδ’ ἄμμε διακρινέει φιλότητος,tlg0001.tlg001.perseus-grc2.xml
Argonautica,tlg001,3,1130,"ἄλλο, πάρος θάνατόν γε μεμορμένον ἀμφικαλύψαι.","ἄλλο, πάρος θάνατόν γε μεμορμένον ἀμφικαλύψαι.",tlg0001.tlg001.perseus-grc2.xml
Argonautica,tlg001,3,1131,"ὧς φάτο· τῇ δʼ ἔντοσθε κατείβετο θυμὸς ἀκουῇ,","ὧς φάτο· τῇ δ’ ἔντοσθε κατείβετο θυμὸς ἀκουῇ,",tlg0001.tlg001.perseus-grc2.xml
Argonautica,tlg001,3,1132,ἔμπης δʼ ἔργʼ ἀίδηλα κατερρίγησεν ἰδέσθαι.,ἔμπης δ’ ἔργ’ ἀίδηλα κατερρίγησεν ἰδέσθαι.,tlg0001.tlg001.perseus-grc2.xml
Argonautica,tlg001,3,1133,σχετλίη· οὐ μὲν δηρὸν ἀπαρνήσεσθαι ἔμελλεν,σχετλίη· οὐ μὲν δηρὸν ἀπαρνήσεσθαι ἔμελλεν,tlg0001.tlg001.perseus-grc2.xml
Argonautica,tlg001,3,1134,"Ἑλλάδα ναιετάειν. ὧς γὰρ τόδε μήδετο Ἥρη,","Ἑλλάδα ναιετάειν. ὧς γὰρ τόδε μήδετο Ἥρη,",tlg0001.tlg001.perseus-grc2.xml
Argonautica,tlg001,3,1135,ὄφρα κακὸν Πελίῃ ἱερὴν ἐς Ἰωλκὸν ἵκοιτο,ὄφρα κακὸν Πελίῃ ἱερὴν ἐς Ἰωλκὸν ἵκοιτο,tlg0001.tlg001.perseus-grc2.xml
Argonautica,tlg001,3,1136,"Αἰαίη Μήδεια, λιποῦσʼ ἄπο πατρίδα γαῖαν.","Αἰαίη Μήδεια, λιποῦσ’ ἄπο πατρίδα γαῖαν.",tlg0001.tlg001.perseus-grc2.xml
Argonautica,tlg001,3,1137,ἤδη δʼ ἀμφίπολοι μὲν ὀπιπεύουσαι ἄπωθεν,ἤδη δ’ ἀμφίπολοι μὲν ὀπιπεύουσαι ἄπωθεν,tlg0001.tlg001.perseus-grc2.xml
Argonautica,tlg001,3,1138,σιγῇ ἀνιάζεσκον· ἐδεύετο δʼ ἤματος ὥρη,σιγῇ ἀνιάζεσκον· ἐδεύετο δ’ ἤματος ὥρη,tlg0001.tlg001.perseus-grc2.xml
Argonautica,tlg001,3,1139,ἂψ οἶκόνδε νέεσθαι ἑὴν μετὰ μητέρα κούρην.,ἂψ οἶκόνδε νέεσθαι ἑὴν μετὰ μητέρα κούρην.,tlg0001.tlg001.perseus-grc2.xml
Argonautica,tlg001,3,1140,"ἡ δʼ οὔπω κομιδῆς μιμνήσκετο, τέρπετο γάρ οἱ","ἡ δ’ οὔπω κομιδῆς μιμνήσκετο, τέρπετο γάρ οἱ",tlg0001.tlg001.perseus-grc2.xml
Argonautica,tlg001,3,1141,"θυμὸς ὁμῶς μορφῇ τε καὶ αἱμυλίοισι λόγοισιν,","θυμὸς ὁμῶς μορφῇ τε καὶ αἱμυλίοισι λόγοισιν,",tlg0001.tlg001.perseus-grc2.xml
Argonautica,tlg001,3,1142,εἰ μὴ ἄρʼ Αἰσονίδης πεφυλαγμένος ὀψέ περ ηὔδα·,εἰ μὴ ἄρ’ Αἰσονίδης πεφυλαγμένος ὀψέ περ ηὔδα·,tlg0001.tlg001.perseus-grc2.xml
Argonautica,tlg001,3,1143,"ὥρη ἀποβλώσκειν, μὴ πρὶν φάος ἠελίοιο","ὥρη ἀποβλώσκειν, μὴ πρὶν φάος ἠελίοιο",tlg0001.tlg001.perseus-grc2.xml
Argonautica,tlg001,3,1144,"δύῃ ὑποφθάμενον, καί τις τὰ ἕκαστα νοήσῃ","δύῃ ὑποφθάμενον, καί τις τὰ ἕκαστα νοήσῃ",tlg0001.tlg001.perseus-grc2.xml
Argonautica,tlg001,3,1145,ὀθνείων· αὖτις δʼ ἀβολήσομεν ἐνθάδʼ ἰόντες.,ὀθνείων· αὖτις δ’ ἀβολήσομεν ἐνθάδ’ ἰόντες.,tlg0001.tlg001.perseus-grc2.xml
Argonautica,tlg001,3,1146,ὧς τώγʼ ἀλλήλων ἀγανοῖς ἐπὶ τόσσον ἔπεσσιν,ὧς τώγ’ ἀλλήλων ἀγανοῖς ἐπὶ τόσσον ἔπεσσιν,tlg0001.tlg001.perseus-grc2.xml
Argonautica,tlg001,3,1147,πείρηθεν· μετὰ δʼ αὖτε διέτμαγεν. ἤτοι Ἰήσων,πείρηθεν· μετὰ δ’ αὖτε διέτμαγεν. ἤτοι Ἰήσων,tlg0001.tlg001.perseus-grc2.xml
Argonautica,tlg001,3,1148,εἰς ἑτάρους καὶ νῆα κεχαρμένος ὦρτο νέεσθαι·,εἰς ἑτάρους καὶ νῆα κεχαρμένος ὦρτο νέεσθαι·,tlg0001.tlg001.perseus-grc2.xml
Argonautica,tlg001,3,1149,ἡ δὲ μετʼ ἀμφιπόλους· αἱ δὲ σχεδὸν ἀντεβόλησαν,ἡ δὲ μετ’ ἀμφιπόλους· αἱ δὲ σχεδὸν ἀντεβόλησαν,tlg0001.tlg001.perseus-grc2.xml
Argonautica,tlg001,3,1150,πᾶσαι ὁμοῦ· τὰς δʼ οὔτι περιπλομένας ἐνόησεν.,πᾶσαι ὁμοῦ· τὰς δ’ οὔτι περιπλομένας ἐνόησεν.,tlg0001.tlg001.perseus-grc2.xml
Argonautica,tlg001,3,1151,ψυχὴ γὰρ νεφέεσσι μεταχρονίη πεπότητο.,ψυχὴ γὰρ νεφέεσσι μεταχρονίη πεπότητο.,tlg0001.tlg001.perseus-grc2.xml
Argonautica,tlg001,3,1152,"αὐτομάτοις δὲ πόδεσσι θοῆς ἐπεβήσατʼ ἀπήνης,","αὐτομάτοις δὲ πόδεσσι θοῆς ἐπεβήσατ’ ἀπήνης,",tlg0001.tlg001.perseus-grc2.xml
Argonautica,tlg001,3,1153,"καί ῥʼ ἑτέρῃ μὲν χειρὶ λάβʼ ἡνία, τῇ δʼ ἄρʼ ἱμάσθλην","καί ῥ’ ἑτέρῃ μὲν χειρὶ λάβ’ ἡνία, τῇ δ’ ἄρ’ ἱμάσθλην",tlg0001.tlg001.perseus-grc2.xml
Argonautica,tlg001,3,1154,"δαιδαλέην, οὐρῆας ἐλαυνέμεν· οἱ δὲ πόλινδε","δαιδαλέην, οὐρῆας ἐλαυνέμεν· οἱ δὲ πόλινδε",tlg0001.tlg001.perseus-grc2.xml
Argonautica,tlg001,3,1155,θῦνον ἐπειγόμενοι ποτὶ δώματα. τὴν δʼ ἄρʼ ἰοῦσαν,θῦνον ἐπειγόμενοι ποτὶ δώματα. τὴν δ’ ἄρ’ ἰοῦσαν,tlg0001.tlg001.perseus-grc2.xml
Argonautica,tlg001,3,1156,Χαλκιόπη περὶ παισὶν ἀκηχεμένη ἐρέεινεν·,Χαλκιόπη περὶ παισὶν ἀκηχεμένη ἐρέεινεν·,tlg0001.tlg001.perseus-grc2.xml
Argonautica,tlg001,3,1157,ἡ δὲ παλιντροπίῃσιν ἀμήχανος οὔτε τι μύθων,ἡ δὲ παλιντροπίῃσιν ἀμήχανος οὔτε τι μύθων,tlg0001.tlg001.perseus-grc2.xml
Argonautica,tlg001,3,1158,"ἔκλυεν, οὔτʼ αὐδῆσαι ἀνειρομένῃ λελίητο.","ἔκλυεν, οὔτ’ αὐδῆσαι ἀνειρομένῃ λελίητο.",tlg0001.tlg001.perseus-grc2.xml
Argonautica,tlg001,3,1159,ἷζε δʼ ἐπὶ χθαμαλῷ σφέλαϊ κλιντῆρος ἔνερθεν,ἷζε δ’ ἐπὶ χθαμαλῷ σφέλαϊ κλιντῆρος ἔνερθεν,tlg0001.tlg001.perseus-grc2.xml
Argonautica,tlg001,3,1160,λέχρις ἐρεισαμένη λαιῇ ἐπὶ χειρὶ παρειήν·,λέχρις ἐρεισαμένη λαιῇ ἐπὶ χειρὶ παρειήν·,tlg0001.tlg001.perseus-grc2.xml
Argonautica,tlg001,3,1161,"ὑγρὰ δʼ ἐνὶ βλεφάροις ἔχεν ὄμματα, πορφύρουσα","ὑγρὰ δ’ ἐνὶ βλεφάροις ἔχεν ὄμματα, πορφύρουσα",tlg0001.tlg001.perseus-grc2.xml
Argonautica,tlg001,3,1162,οἷον ἑῇ κακὸν ἔργον ἐπιξυνώσατο βουλῇ.,οἷον ἑῇ κακὸν ἔργον ἐπιξυνώσατο βουλῇ.,tlg0001.tlg001.perseus-grc2.xml
Argonautica,tlg001,3,1163,Αἰσονίδης δʼ ὅτε δὴ ἑτάροις ἐξαῦτις ἔμικτο,Αἰσονίδης δ’ ὅτε δὴ ἑτάροις ἐξαῦτις ἔμικτο,tlg0001.tlg001.perseus-grc2.xml
Argonautica,tlg001,3,1164,"ἐν χώρῃ, ὅθι τούσγε καταπρολιπὼν ἐλιάσθη,","ἐν χώρῃ, ὅθι τούσγε καταπρολιπὼν ἐλιάσθη,",tlg0001.tlg001.perseus-grc2.xml
Argonautica,tlg001,3,1165,"ὦρτʼ ἰέναι σὺν τοῖσι, πιφαυσκόμενος τὰ ἕκαστα,","ὦρτ’ ἰέναι σὺν τοῖσι, πιφαυσκόμενος τὰ ἕκαστα,",tlg0001.tlg001.perseus-grc2.xml
Argonautica,tlg001,3,1166,ἡρώων ἐς ὅμιλον· ὁμοῦ δʼ ἐπὶ νῆα πέλασσαν.,ἡρώων ἐς ὅμιλον· ὁμοῦ δ’ ἐπὶ νῆα πέλασσαν.,tlg0001.tlg001.perseus-grc2.xml
Argonautica,tlg001,3,1167,"οἱ δέ μιν ἀμφαγάπαζον, ὅπως ἴδον, ἔκ τʼ ἐρέοντο.","οἱ δέ μιν ἀμφαγάπαζον, ὅπως ἴδον, ἔκ τ’ ἐρέοντο.",tlg0001.tlg001.perseus-grc2.xml
Argonautica,tlg001,3,1168,"αὐτὰρ ὁ τοῖς πάντεσσι μετέννεπε δήνεα κούρης,","αὐτὰρ ὁ τοῖς πάντεσσι μετέννεπε δήνεα κούρης,",tlg0001.tlg001.perseus-grc2.xml
Argonautica,tlg001,3,1169,δεῖξέ τε φάρμακον αἰνόν· ὁ δʼ οἰόθεν οἶος ἑταίρων,δεῖξέ τε φάρμακον αἰνόν· ὁ δ’ οἰόθεν οἶος ἑταίρων,tlg0001.tlg001.perseus-grc2.xml
Argonautica,tlg001,3,1170,Ἴδας ἧστʼ ἀπάνευθε δακὼν χόλον· οἱ δὲ δὴ ἄλλοι,Ἴδας ἧστ’ ἀπάνευθε δακὼν χόλον· οἱ δὲ δὴ ἄλλοι,tlg0001.tlg001.perseus-grc2.xml
Argonautica,tlg001,3,1171,"γηθόσυνοι τῆμος μέν, ἐπεὶ κνέφας ἔργαθε νυκτός,","γηθόσυνοι τῆμος μέν, ἐπεὶ κνέφας ἔργαθε νυκτός,",tlg0001.tlg001.perseus-grc2.xml
Argonautica,tlg001,3,1172,εὔκηλοι ἐμέλοντο περὶ σφίσιν. αὐτὰρ ἅμʼ ἠοῖ,εὔκηλοι ἐμέλοντο περὶ σφίσιν. αὐτὰρ ἅμ’ ἠοῖ,tlg0001.tlg001.perseus-grc2.xml
Argonautica,tlg001,3,1173,πέμπον ἐς Αἰήτην ἰέναι σπόρον αἰτήσοντας,πέμπον ἐς Αἰήτην ἰέναι σπόρον αἰτήσοντας,tlg0001.tlg001.perseus-grc2.xml
Argonautica,tlg001,3,1174,"ἄνδρε δύω, πρὸ μὲν αὐτὸν ἀρηίφιλον Τελαμῶνα,","ἄνδρε δύω, πρὸ μὲν αὐτὸν ἀρηίφιλον Τελαμῶνα,",tlg0001.tlg001.perseus-grc2.xml
Argonautica,tlg001,3,1175,"σὺν δὲ καὶ Αἰθαλίδην, υἷα κλυτὸν Ἑρμείαο.","σὺν δὲ καὶ Αἰθαλίδην, υἷα κλυτὸν Ἑρμείαο.",tlg0001.tlg001.perseus-grc2.xml
Argonautica,tlg001,3,1176,"βὰν δʼ ἴμεν, οὐδʼ ἁλίωσαν ὁδόν· πόρε δέ σφιν ἰοῦσιν","βὰν δ’ ἴμεν, οὐδ’ ἁλίωσαν ὁδόν· πόρε δέ σφιν ἰοῦσιν",tlg0001.tlg001.perseus-grc2.xml
Argonautica,tlg001,3,1177,κρείων Αἰήτης χαλεποὺς ἐς ἄεθλον ὀδόντας,κρείων Αἰήτης χαλεποὺς ἐς ἄεθλον ὀδόντας,tlg0001.tlg001.perseus-grc2.xml
Argonautica,tlg001,3,1178,"Ἀονίοιο δράκοντος, ὃν Ὠγυγίῃ ἐνὶ Θήβῃ","Ἀονίοιο δράκοντος, ὃν Ὠγυγίῃ ἐνὶ Θήβῃ",tlg0001.tlg001.perseus-grc2.xml
Argonautica,tlg001,3,1179,"Κάδμος, ὅτʼ Εὐρώπην διζήμενος εἰσαφίκανεν,","Κάδμος, ὅτ’ Εὐρώπην διζήμενος εἰσαφίκανεν,",tlg0001.tlg001.perseus-grc2.xml
Argonautica,tlg001,3,1180,πέφνεν Ἀρητιάδι κρήνῃ ἐπίουρον ἐόντα·,πέφνεν Ἀρητιάδι κρήνῃ ἐπίουρον ἐόντα·,tlg0001.tlg001.perseus-grc2.xml
Argonautica,tlg001,3,1181,"ἔνθα καὶ ἐννάσθη πομπῇ βοός, ἥν οἱ Ἀπόλλων","ἔνθα καὶ ἐννάσθη πομπῇ βοός, ἥν οἱ Ἀπόλλων",tlg0001.tlg001.perseus-grc2.xml
Argonautica,tlg001,3,1182,ὤπασε μαντοσύνῃσι προηγήτειραν ὁδοῖο.,ὤπασε μαντοσύνῃσι προηγήτειραν ὁδοῖο.,tlg0001.tlg001.perseus-grc2.xml
Argonautica,tlg001,3,1183,τοὺς δὲ θεὰ Τριτωνὶς ὑπὲκ γενύων ἐλάσασα,τοὺς δὲ θεὰ Τριτωνὶς ὑπὲκ γενύων ἐλάσασα,tlg0001.tlg001.perseus-grc2.xml
Argonautica,tlg001,3,1184,Αἰήτῃ πόρε δῶρον ὁμῶς αὐτῷ τε φονῆι.,Αἰήτῃ πόρε δῶρον ὁμῶς αὐτῷ τε φονῆι.,tlg0001.tlg001.perseus-grc2.xml
Argonautica,tlg001,3,1185,καί ῥʼ ὁ μὲν Ἀονίοισιν ἐνισπείρας πεδίοισιν,καί ῥ’ ὁ μὲν Ἀονίοισιν ἐνισπείρας πεδίοισιν,tlg0001.tlg001.perseus-grc2.xml
Argonautica,tlg001,3,1186,"Κάδμος Ἀγηνορίδης γαιηγενῆ εἵσατο λαόν,","Κάδμος Ἀγηνορίδης γαιηγενῆ εἵσατο λαόν,",tlg0001.tlg001.perseus-grc2.xml
Argonautica,tlg001,3,1187,Ἄρεος ἀμώοντος ὅσοι ὑπὸ δουρὶ λίποντο·,Ἄρεος ἀμώοντος ὅσοι ὑπὸ δουρὶ λίποντο·,tlg0001.tlg001.perseus-grc2.xml
Argonautica,tlg001,3,1188,τοὺς δὲ τότʼ Αἰήτης ἔπορεν μετὰ νῆα φέρεσθαι,τοὺς δὲ τότ’ Αἰήτης ἔπορεν μετὰ νῆα φέρεσθαι,tlg0001.tlg001.perseus-grc2.xml
Argonautica,tlg001,3,1189,"προφρονέως, ἐπεὶ οὔ μιν ὀίσσατο πείρατʼ ἀέθλου","προφρονέως, ἐπεὶ οὔ μιν ὀίσσατο πείρατ’ ἀέθλου",tlg0001.tlg001.perseus-grc2.xml
Argonautica,tlg001,3,1190,"ἐξανύσειν, εἰ καί περ ἐπὶ ζυγὰ βουσὶ βάλοιτο.","ἐξανύσειν, εἰ καί περ ἐπὶ ζυγὰ βουσὶ βάλοιτο.",tlg0001.tlg001.perseus-grc2.xml
Argonautica,tlg001,3,1191,ἠέλιος μὲν ἄπωθεν ἐρεμνὴν δύετο γαῖαν,ἠέλιος μὲν ἄπωθεν ἐρεμνὴν δύετο γαῖαν,tlg0001.tlg001.perseus-grc2.xml
Argonautica,tlg001,3,1192,"ἑσπέριος, νεάτας ὑπὲρ ἄκριας Αἰθιοπήων·","ἑσπέριος, νεάτας ὑπὲρ ἄκριας Αἰθιοπήων·",tlg0001.tlg001.perseus-grc2.xml
Argonautica,tlg001,3,1193,νὺξ δʼ ἵπποισιν ἔβαλλεν ἔπι ζυγά· τοὶ δὲ χαμεύνας,νὺξ δ’ ἵπποισιν ἔβαλλεν ἔπι ζυγά· τοὶ δὲ χαμεύνας,tlg0001.tlg001.perseus-grc2.xml
Argonautica,tlg001,3,1194,ἔντυον ἥρωες παρὰ πείσμασιν. αὐτὰρ Ἰήσων,ἔντυον ἥρωες παρὰ πείσμασιν. αὐτὰρ Ἰήσων,tlg0001.tlg001.perseus-grc2.xml
Argonautica,tlg001,3,1195,αὐτίκʼ ἐπεί ῥʼ Ἑλίκης εὐφεγγέος ἀστέρες Ἄρκτου,αὐτίκ’ ἐπεί ῥ’ Ἑλίκης εὐφεγγέος ἀστέρες Ἄρκτου,tlg0001.tlg001.perseus-grc2.xml
Argonautica,tlg001,3,1196,"ἔκλιθεν, οὐρανόθεν δὲ πανεύκηλος γένετʼ αἰθήρ,","ἔκλιθεν, οὐρανόθεν δὲ πανεύκηλος γένετ’ αἰθήρ,",tlg0001.tlg001.perseus-grc2.xml
Argonautica,tlg001,3,1197,"βῆ ῥʼ ἐς ἐρημαίην, κλωπήιος ἠύτε τις φώρ,","βῆ ῥ’ ἐς ἐρημαίην, κλωπήιος ἠύτε τις φώρ,",tlg0001.tlg001.perseus-grc2.xml
Argonautica,tlg001,3,1198,σὺν πᾶσιν χρήεσσι· πρὸ γάρ τʼ ἀλέγυνεν ἕκαστα,σὺν πᾶσιν χρήεσσι· πρὸ γάρ τ’ ἀλέγυνεν ἕκαστα,tlg0001.tlg001.perseus-grc2.xml
Argonautica,tlg001,3,1199,"ἠμάτιος· θῆλυν μὲν ὄιν, γάλα τʼ ἔκτοθι ποίμνης","ἠμάτιος· θῆλυν μὲν ὄιν, γάλα τ’ ἔκτοθι ποίμνης",tlg0001.tlg001.perseus-grc2.xml
Argonautica,tlg001,3,1200,Ἄργος ἰὼν ἤνεικε· τὰ δʼ ἐξ αὐτῆς ἕλε νηός.,Ἄργος ἰὼν ἤνεικε· τὰ δ’ ἐξ αὐτῆς ἕλε νηός.,tlg0001.tlg001.perseus-grc2.xml
Argonautica,tlg001,3,1201,"ἀλλʼ ὅτε δὴ ἴδε χῶρον, ὅτις πάτου ἔκτοθεν ἦεν","ἀλλ’ ὅτε δὴ ἴδε χῶρον, ὅτις πάτου ἔκτοθεν ἦεν",tlg0001.tlg001.perseus-grc2.xml
Argonautica,tlg001,3,1202,"ἀνθρώπων, καθαρῇσιν ὑπεύδιος εἱαμενῇσιν,","ἀνθρώπων, καθαρῇσιν ὑπεύδιος εἱαμενῇσιν,",tlg0001.tlg001.perseus-grc2.xml
Argonautica,tlg001,3,1203,ἔνθʼ ἤτοι πάμπρωτα λοέσσατο μὲν ποταμοῖο,ἔνθ’ ἤτοι πάμπρωτα λοέσσατο μὲν ποταμοῖο,tlg0001.tlg001.perseus-grc2.xml
Argonautica,tlg001,3,1204,εὐαγέως θείοιο τέρεν δέμας· ἀμφὶ δὲ φᾶρος,εὐαγέως θείοιο τέρεν δέμας· ἀμφὶ δὲ φᾶρος,tlg0001.tlg001.perseus-grc2.xml
Argonautica,tlg001,3,1205,"ἕσσατο κυάνεον, τό ῥά οἱ πάρος ἐγγυάλιξεν","ἕσσατο κυάνεον, τό ῥά οἱ πάρος ἐγγυάλιξεν",tlg0001.tlg001.perseus-grc2.xml
Argonautica,tlg001,3,1206,"Λημνιὰς Ὑψιπύλη, ἀδινῆς μνημήιον εὐνῆς.","Λημνιὰς Ὑψιπύλη, ἀδινῆς μνημήιον εὐνῆς.",tlg0001.tlg001.perseus-grc2.xml
Argonautica,tlg001,3,1207,πήχυιον δʼ ἄρʼ ἔπειτα πέδῳ ἔνι βόθρον ὀρύξας,πήχυιον δ’ ἄρ’ ἔπειτα πέδῳ ἔνι βόθρον ὀρύξας,tlg0001.tlg001.perseus-grc2.xml
Argonautica,tlg001,3,1208,"νήησε σχίζας, ἐπὶ δʼ ἀρνειοῦ τάμε λαιμόν,","νήησε σχίζας, ἐπὶ δ’ ἀρνειοῦ τάμε λαιμόν,",tlg0001.tlg001.perseus-grc2.xml
Argonautica,tlg001,3,1209,αὐτόν τʼ εὖ καθύπερθε τανύσσατο· δαῖε δὲ φιτρους,αὐτόν τ’ εὖ καθύπερθε τανύσσατο· δαῖε δὲ φιτρους,tlg0001.tlg001.perseus-grc2.xml
Argonautica,tlg001,3,1210,"πῦρ ὑπένερθεν ἱείς, ἐπὶ δὲ μιγάδας χέε λοιβάς,","πῦρ ὑπένερθεν ἱείς, ἐπὶ δὲ μιγάδας χέε λοιβάς,",tlg0001.tlg001.perseus-grc2.xml
Argonautica,tlg001,3,1211,Βριμὼ κικλήσκων Ἑκάτην ἐπαρωγὸν ἀέθλων.,Βριμὼ κικλήσκων Ἑκάτην ἐπαρωγὸν ἀέθλων.,tlg0001.tlg001.perseus-grc2.xml
Argonautica,tlg001,3,1212,καί ῥʼ ὁ μὲν ἀγκαλέσας πάλιν ἔστιχεν· ἡ δʼ ἀίουσα,καί ῥ’ ὁ μὲν ἀγκαλέσας πάλιν ἔστιχεν· ἡ δ’ ἀίουσα,tlg0001.tlg001.perseus-grc2.xml
Argonautica,tlg001,3,1213,κευθμῶν ἐξ ὑπάτων δεινὴ θεὸς ἀντεβόλησεν,κευθμῶν ἐξ ὑπάτων δεινὴ θεὸς ἀντεβόλησεν,tlg0001.tlg001.perseus-grc2.xml
Argonautica,tlg001,3,1214,ἱροῖς Αἰσονίδαο· πέριξ δέ μιν ἐστεφάνωντο,ἱροῖς Αἰσονίδαο· πέριξ δέ μιν ἐστεφάνωντο,tlg0001.tlg001.perseus-grc2.xml
Argonautica,tlg001,3,1215,σμερδαλέοι δρυΐνοισι μετὰ πτόρθοισι δράκοντες.,σμερδαλέοι δρυΐνοισι μετὰ πτόρθοισι δράκοντες.,tlg0001.tlg001.perseus-grc2.xml
Argonautica,tlg001,3,1216,στράπτε δʼ ἀπειρέσιον δαΐδων σέλας· ἀμφὶ δὲ τήνγε,στράπτε δ’ ἀπειρέσιον δαΐδων σέλας· ἀμφὶ δὲ τήνγε,tlg0001.tlg001.perseus-grc2.xml
Argonautica,tlg001,3,1217,ὀξείῃ ὑλακῇ χθόνιοι κύνες ἐφθέγγοντο.,ὀξείῃ ὑλακῇ χθόνιοι κύνες ἐφθέγγοντο.,tlg0001.tlg001.perseus-grc2.xml
Argonautica,tlg001,3,1218,πίσεα δʼ ἔτρεμε πάντα κατὰ στίβον· αἱ δʼ ὀλόλυξαν,πίσεα δ’ ἔτρεμε πάντα κατὰ στίβον· αἱ δ’ ὀλόλυξαν,tlg0001.tlg001.perseus-grc2.xml
Argonautica,tlg001,3,1219,"νύμφαι ἑλειονόμοι ποταμηίδες, αἳ περὶ κείνην","νύμφαι ἑλειονόμοι ποταμηίδες, αἳ περὶ κείνην",tlg0001.tlg001.perseus-grc2.xml
Argonautica,tlg001,3,1220,Φάσιδος εἱαμενὴν Ἀμαραντίου εἱλίσσονται.,Φάσιδος εἱαμενὴν Ἀμαραντίου εἱλίσσονται.,tlg0001.tlg001.perseus-grc2.xml
Argonautica,tlg001,3,1221,"Αἰσονίδην δʼ ἤτοι μὲν ἕλεν δέος, ἀλλά μιν οὐδʼ ὧς","Αἰσονίδην δ’ ἤτοι μὲν ἕλεν δέος, ἀλλά μιν οὐδ’ ὧς",tlg0001.tlg001.perseus-grc2.xml
Argonautica,tlg001,3,1222,"ἐντροπαλιζόμενον πόδες ἔκφερον, ὄφρʼ ἑτάροισιν","ἐντροπαλιζόμενον πόδες ἔκφερον, ὄφρ’ ἑτάροισιν",tlg0001.tlg001.perseus-grc2.xml
Argonautica,tlg001,3,1223,μίκτο κιών· ἤδη δὲ φόως νιφόεντος ὕπερθεν,μίκτο κιών· ἤδη δὲ φόως νιφόεντος ὕπερθεν,tlg0001.tlg001.perseus-grc2.xml
Argonautica,tlg001,3,1224,Καυκάσου ἠριγενὴς Ἠὼς βάλεν ἀντέλλουσα.,Καυκάσου ἠριγενὴς Ἠὼς βάλεν ἀντέλλουσα.,tlg0001.tlg001.perseus-grc2.xml
Argonautica,tlg001,3,1225,καὶ τότʼ ἄρʼ Αἰήτης περὶ μὲν στήθεσσιν ἕεστο,καὶ τότ’ ἄρ’ Αἰήτης περὶ μὲν στήθεσσιν ἕεστο,tlg0001.tlg001.perseus-grc2.xml
Argonautica,tlg001,3,1226,"θώρηκα στάδιον, τόν οἱ πόρεν ἐξεναρίξας","θώρηκα στάδιον, τόν οἱ πόρεν ἐξεναρίξας",tlg0001.tlg001.perseus-grc2.xml
Argonautica,tlg001,3,1227,σφωιτέραις Φλεγραῖον Ἄρης ὑπὸ χερσὶ Μίμαντα·,σφωιτέραις Φλεγραῖον Ἄρης ὑπὸ χερσὶ Μίμαντα·,tlg0001.tlg001.perseus-grc2.xml
Argonautica,tlg001,3,1228,"χρυσείην δʼ ἐπὶ κρατὶ κόρυν θέτο τετραφάληρον,","χρυσείην δ’ ἐπὶ κρατὶ κόρυν θέτο τετραφάληρον,",tlg0001.tlg001.perseus-grc2.xml
Argonautica,tlg001,3,1229,λαμπομένην οἷόν τε περίτροχον ἔπλετο φέγγος,λαμπομένην οἷόν τε περίτροχον ἔπλετο φέγγος,tlg0001.tlg001.perseus-grc2.xml
Argonautica,tlg001,3,1230,"ἠελίου, ὅτε πρῶτον ἀνέρχεται Ὠκεανοῖο.","ἠελίου, ὅτε πρῶτον ἀνέρχεται Ὠκεανοῖο.",tlg0001.tlg001.perseus-grc2.xml
Argonautica,tlg001,3,1231,"ἂν δὲ πολύρρινον νώμα σάκος, ἂν δὲ καὶ ἔγχος","ἂν δὲ πολύρρινον νώμα σάκος, ἂν δὲ καὶ ἔγχος",tlg0001.tlg001.perseus-grc2.xml
Argonautica,tlg001,3,1232,"δεινόν, ἀμαιμάκετον· τὸ μὲν οὔ κέ τις ἄλλος ὑπέστη","δεινόν, ἀμαιμάκετον· τὸ μὲν οὔ κέ τις ἄλλος ὑπέστη",tlg0001.tlg001.perseus-grc2.xml
Argonautica,tlg001,3,1233,"ἀνδρῶν ἡρώων, ὅτε κάλλιπον Ἡρακλῆα","ἀνδρῶν ἡρώων, ὅτε κάλλιπον Ἡρακλῆα",tlg0001.tlg001.perseus-grc2.xml
Argonautica,tlg001,3,1234,"τῆλε παρέξ, ὅ κεν οἶος ἐναντίβιον πολέμιξεν.","τῆλε παρέξ, ὅ κεν οἶος ἐναντίβιον πολέμιξεν.",tlg0001.tlg001.perseus-grc2.xml
Argonautica,tlg001,3,1235,τῷ δὲ καὶ ὠκυπόδων ἵππων εὐπηγέα δίφρον,τῷ δὲ καὶ ὠκυπόδων ἵππων εὐπηγέα δίφρον,tlg0001.tlg001.perseus-grc2.xml
Argonautica,tlg001,3,1236,ἔσχε πέλας Φαέθων ἐπιβήμεναι· ἂν δὲ καὶ αὐτὸς,ἔσχε πέλας Φαέθων ἐπιβήμεναι· ἂν δὲ καὶ αὐτὸς,tlg0001.tlg001.perseus-grc2.xml
Argonautica,tlg001,3,1237,"βήσατο, ῥυτῆρας δὲ χεροῖν ἔχεν. ἐκ δὲ πόληος","βήσατο, ῥυτῆρας δὲ χεροῖν ἔχεν. ἐκ δὲ πόληος",tlg0001.tlg001.perseus-grc2.xml
Argonautica,tlg001,3,1238,"ἤλασεν εὐρεῖαν κατʼ ἀμαξιτόν, ὥς κεν ἀέθλῳ","ἤλασεν εὐρεῖαν κατ’ ἀμαξιτόν, ὥς κεν ἀέθλῳ",tlg0001.tlg001.perseus-grc2.xml
Argonautica,tlg001,3,1239,παρσταίη· σὺν δέ σφιν ἀπείριτος ἔσσυτο λαός.,παρσταίη· σὺν δέ σφιν ἀπείριτος ἔσσυτο λαός.,tlg0001.tlg001.perseus-grc2.xml
Argonautica,tlg001,3,1240,οἷος δʼ Ἴσθμιον εἶσι Ποσειδάων ἐς ἀγῶνα,οἷος δ’ Ἴσθμιον εἶσι Ποσειδάων ἐς ἀγῶνα,tlg0001.tlg001.perseus-grc2.xml
Argonautica,tlg001,3,1241,"ἅρμασιν ἐμβεβαώς, ἢ Ταίναρον, ἢ ὅγε Λέρνης","ἅρμασιν ἐμβεβαώς, ἢ Ταίναρον, ἢ ὅγε Λέρνης",tlg0001.tlg001.perseus-grc2.xml
Argonautica,tlg001,3,1242,"ὕδωρ, ἠὲ κατʼ ἄλσος Ὑαντίου Ὀγχηστοῖο,","ὕδωρ, ἠὲ κατ’ ἄλσος Ὑαντίου Ὀγχηστοῖο,",tlg0001.tlg001.perseus-grc2.xml
Argonautica,tlg001,3,1243,"καί τε Καλαύρειαν μετὰ δῆθʼ ἅμα νίσσεται ἵπποις,","καί τε Καλαύρειαν μετὰ δῆθ’ ἅμα νίσσεται ἵπποις,",tlg0001.tlg001.perseus-grc2.xml
Argonautica,tlg001,3,1244,"πέτρην θʼ Αἱμονίην, ἢ δενδρήεντα Γεραιστόν·","πέτρην θ’ Αἱμονίην, ἢ δενδρήεντα Γεραιστόν·",tlg0001.tlg001.perseus-grc2.xml
Argonautica,tlg001,3,1245,τοῖος ἄρʼ Αἰήτης Κόλχων ἀγὸς ἦεν ἰδέσθαι.,τοῖος ἄρ’ Αἰήτης Κόλχων ἀγὸς ἦεν ἰδέσθαι.,tlg0001.tlg001.perseus-grc2.xml
Argonautica,tlg001,3,1246,τόφρα δὲ Μηδείης ὑποθημοσύνῃσιν Ἰήσων,τόφρα δὲ Μηδείης ὑποθημοσύνῃσιν Ἰήσων,tlg0001.tlg001.perseus-grc2.xml
Argonautica,tlg001,3,1247,φάρμακα μυδήνας ἠμὲν σάκος ἀμφεπάλυνεν,φάρμακα μυδήνας ἠμὲν σάκος ἀμφεπάλυνεν,tlg0001.tlg001.perseus-grc2.xml
Argonautica,tlg001,3,1248,"ἠδὲ δόρυ βριαρόν, περὶ δὲ ξίφος· ἀμφὶ δʼ ἑταῖροι","ἠδὲ δόρυ βριαρόν, περὶ δὲ ξίφος· ἀμφὶ δ’ ἑταῖροι",tlg0001.tlg001.perseus-grc2.xml
Argonautica,tlg001,3,1249,"πείρησαν τευχέων βεβιημένοι, οὐδʼ ἐδύναντο","πείρησαν τευχέων βεβιημένοι, οὐδ’ ἐδύναντο",tlg0001.tlg001.perseus-grc2.xml
Argonautica,tlg001,3,1250,"κεῖνο δόρυ γνάμψαι τυτθόν γέ περ, ἀλλὰ μάλʼ αὔτως","κεῖνο δόρυ γνάμψαι τυτθόν γέ περ, ἀλλὰ μάλ’ αὔτως",tlg0001.tlg001.perseus-grc2.xml
Argonautica,tlg001,3,1251,ἀαγὲς κρατερῇσιν ἐνεσκλήκει παλάμῃσιν.,ἀαγὲς κρατερῇσιν ἐνεσκλήκει παλάμῃσιν.,tlg0001.tlg001.perseus-grc2.xml
Argonautica,tlg001,3,1252,αὐτὰρ ὁ τοῖς ἄμοτον κοτέων Ἀφαρήιος Ἴδας,αὐτὰρ ὁ τοῖς ἄμοτον κοτέων Ἀφαρήιος Ἴδας,tlg0001.tlg001.perseus-grc2.xml
Argonautica,tlg001,3,1253,κόψε παρʼ οὐρίαχον μεγάλῳ ξίφει· ἆλτο δʼ ἀκωκὴ,κόψε παρ’ οὐρίαχον μεγάλῳ ξίφει· ἆλτο δ’ ἀκωκὴ,tlg0001.tlg001.perseus-grc2.xml
Argonautica,tlg001,3,1254,"ῥαιστὴρ ἄκμονος ὥστε, παλιντυπές· οἱ δʼ ὁμάδησαν","ῥαιστὴρ ἄκμονος ὥστε, παλιντυπές· οἱ δ’ ὁμάδησαν",tlg0001.tlg001.perseus-grc2.xml
Argonautica,tlg001,3,1255,γηθόσυνοι ἥρωες ἐπʼ ἐλπωρῇσιν ἀέθλου.,γηθόσυνοι ἥρωες ἐπ’ ἐλπωρῇσιν ἀέθλου.,tlg0001.tlg001.perseus-grc2.xml
Argonautica,tlg001,3,1256,καὶ δʼ αὐτὸς μετέπειτα παλύνετο· δῦ δέ μιν ἀλκὴ,καὶ δ’ αὐτὸς μετέπειτα παλύνετο· δῦ δέ μιν ἀλκὴ,tlg0001.tlg001.perseus-grc2.xml
Argonautica,tlg001,3,1257,σμερδαλέη ἄφατός τε καὶ ἄτρομος· αἱ δʼ ἑκάτερθεν,σμερδαλέη ἄφατός τε καὶ ἄτρομος· αἱ δ’ ἑκάτερθεν,tlg0001.tlg001.perseus-grc2.xml
Argonautica,tlg001,3,1258,χεῖρες ἐπερρώσαντο περὶ σθένεϊ σφριγόωσαι.,χεῖρες ἐπερρώσαντο περὶ σθένεϊ σφριγόωσαι.,tlg0001.tlg001.perseus-grc2.xml
Argonautica,tlg001,3,1259,ὡς δʼ ὅτʼ ἀρήιος ἵππος ἐελδόμενος πολέμοιο,ὡς δ’ ὅτ’ ἀρήιος ἵππος ἐελδόμενος πολέμοιο,tlg0001.tlg001.perseus-grc2.xml
Argonautica,tlg001,3,1260,"σκαρθμῷ ἐπιχρεμέθων κρούει πέδον, αὐτὰρ ὕπερθεν","σκαρθμῷ ἐπιχρεμέθων κρούει πέδον, αὐτὰρ ὕπερθεν",tlg0001.tlg001.perseus-grc2.xml
Argonautica,tlg001,3,1261,κυδιόων ὀρθοῖσιν ἐπʼ οὔασιν αὐχένʼ ἀείρει·,κυδιόων ὀρθοῖσιν ἐπ’ οὔασιν αὐχέν’ ἀείρει·,tlg0001.tlg001.perseus-grc2.xml
Argonautica,tlg001,3,1262,τοῖος ἄρʼ Αἰσονίδης ἐπαγαίετο κάρτεϊ γυίων.,τοῖος ἄρ’ Αἰσονίδης ἐπαγαίετο κάρτεϊ γυίων.,tlg0001.tlg001.perseus-grc2.xml
Argonautica,tlg001,3,1263,"πολλὰ δʼ ἄρʼ ἔνθα καὶ ἔνθα μετάρσιον ἴχνος ἔπαλλεν,","πολλὰ δ’ ἄρ’ ἔνθα καὶ ἔνθα μετάρσιον ἴχνος ἔπαλλεν,",tlg0001.tlg001.perseus-grc2.xml
Argonautica,tlg001,3,1264,ἀσπίδα χαλκείην μελίην τʼ ἐν χερσὶ τινάσσων.,ἀσπίδα χαλκείην μελίην τ’ ἐν χερσὶ τινάσσων.,tlg0001.tlg001.perseus-grc2.xml
Argonautica,tlg001,3,1265,φαίης κε ζοφεροῖο κατʼ αἰθέρος ἀίσσουσαν,φαίης κε ζοφεροῖο κατ’ αἰθέρος ἀίσσουσαν,tlg0001.tlg001.perseus-grc2.xml
Argonautica,tlg001,3,1266,χειμερίην στεροπὴν θαμινὸν μεταπαιφάσσεσθαι,χειμερίην στεροπὴν θαμινὸν μεταπαιφάσσεσθαι,tlg0001.tlg001.perseus-grc2.xml
Argonautica,tlg001,3,1267,"ἐκ νεφέων, ὅτʼ ἔπειτα μελάντατον ὄμβρον ἄγωνται.","ἐκ νεφέων, ὅτ’ ἔπειτα μελάντατον ὄμβρον ἄγωνται.",tlg0001.tlg001.perseus-grc2.xml
Argonautica,tlg001,3,1268,καὶ τότʼ ἔπειτʼ οὐ δηρὸν ἔτι σχήσεσθαι ἀέθλων,καὶ τότ’ ἔπειτ’ οὐ δηρὸν ἔτι σχήσεσθαι ἀέθλων,tlg0001.tlg001.perseus-grc2.xml
Argonautica,tlg001,3,1269,μέλλον· ἀτὰρ κληῖσιν ἐπισχερὼ ἱδρυνθέντες,μέλλον· ἀτὰρ κληῖσιν ἐπισχερὼ ἱδρυνθέντες,tlg0001.tlg001.perseus-grc2.xml
Argonautica,tlg001,3,1270,ῥίμφα μάλʼ ἐς πεδίον τὸ Ἀρήιον ἠπείγοντο.,ῥίμφα μάλ’ ἐς πεδίον τὸ Ἀρήιον ἠπείγοντο.,tlg0001.tlg001.perseus-grc2.xml
Argonautica,tlg001,3,1271,"τόσσον δὲ προτέρω πέλεν ἄστεος ἀντιπέρηθεν,","τόσσον δὲ προτέρω πέλεν ἄστεος ἀντιπέρηθεν,",tlg0001.tlg001.perseus-grc2.xml
Argonautica,tlg001,3,1272,ὅσσον τʼ ἐκ βαλβῖδος ἐπήβολος ἅρματι νύσσα,ὅσσον τ’ ἐκ βαλβῖδος ἐπήβολος ἅρματι νύσσα,tlg0001.tlg001.perseus-grc2.xml
Argonautica,tlg001,3,1273,"γίγνεται, ὁππότʼ ἄεθλα καταφθιμένοιο ἄνακτος","γίγνεται, ὁππότ’ ἄεθλα καταφθιμένοιο ἄνακτος",tlg0001.tlg001.perseus-grc2.xml
Argonautica,tlg001,3,1274,κηδεμόνες πεζοῖσι καὶ ἱππήεσσι τίθενται.,κηδεμόνες πεζοῖσι καὶ ἱππήεσσι τίθενται.,tlg0001.tlg001.perseus-grc2.xml
Argonautica,tlg001,3,1275,"τέτμον δʼ Αἰήτην τε καὶ ἄλλων ἔθνεα Κόλχων,","τέτμον δ’ Αἰήτην τε καὶ ἄλλων ἔθνεα Κόλχων,",tlg0001.tlg001.perseus-grc2.xml
Argonautica,tlg001,3,1276,"τοὺς μὲν Καυκασίοισιν ἐφεσταότας σκοπέλοισιν,","τοὺς μὲν Καυκασίοισιν ἐφεσταότας σκοπέλοισιν,",tlg0001.tlg001.perseus-grc2.xml
Argonautica,tlg001,3,1277,τὸν δʼ αὐτοῦ παρὰ χεῖλος ἑλισσόμενον ποταμοῖο.,τὸν δ’ αὐτοῦ παρὰ χεῖλος ἑλισσόμενον ποταμοῖο.,tlg0001.tlg001.perseus-grc2.xml
Argonautica,tlg001,3,1278,"Αἰσονίδης δʼ, ὅτε δὴ πρυμνήσια δῆσαν ἑταῖροι,","Αἰσονίδης δ’, ὅτε δὴ πρυμνήσια δῆσαν ἑταῖροι,",tlg0001.tlg001.perseus-grc2.xml
Argonautica,tlg001,3,1279,"δή ῥα τότε ξὺν δουρὶ καὶ ἀσπίδι βαῖνʼ ἐς ἄεθλον,","δή ῥα τότε ξὺν δουρὶ καὶ ἀσπίδι βαῖν’ ἐς ἄεθλον,",tlg0001.tlg001.perseus-grc2.xml
Argonautica,tlg001,3,1280,νηὸς ἀποπροθορών· ἄμυδις δʼ ἕλε παμφανόωσαν,νηὸς ἀποπροθορών· ἄμυδις δ’ ἕλε παμφανόωσαν,tlg0001.tlg001.perseus-grc2.xml
Argonautica,tlg001,3,1281,χαλκείην πήληκα θοῶν ἔμπλειον ὀδόντων,χαλκείην πήληκα θοῶν ἔμπλειον ὀδόντων,tlg0001.tlg001.perseus-grc2.xml
Argonautica,tlg001,3,1282,"καὶ ξίφος ἀμφʼ ὤμοις, γυμνὸς δέμας, ἄλλα μὲν Ἄρει","καὶ ξίφος ἀμφ’ ὤμοις, γυμνὸς δέμας, ἄλλα μὲν Ἄρει",tlg0001.tlg001.perseus-grc2.xml
Argonautica,tlg001,3,1283,"εἴκελος, ἄλλα δέ που χρυσαόρῳ Ἀπόλλωνι.","εἴκελος, ἄλλα δέ που χρυσαόρῳ Ἀπόλλωνι.",tlg0001.tlg001.perseus-grc2.xml
Argonautica,tlg001,3,1284,παπτήνας δʼ ἀνὰ νειὸν ἴδε ζυγὰ χάλκεα ταύρων,παπτήνας δ’ ἀνὰ νειὸν ἴδε ζυγὰ χάλκεα ταύρων,tlg0001.tlg001.perseus-grc2.xml
Argonautica,tlg001,3,1285,αὐτόγυόν τʼ ἐπὶ τοῖς στιβαροῦ ἀδάμαντος ἄροτρον.,αὐτόγυόν τ’ ἐπὶ τοῖς στιβαροῦ ἀδάμαντος ἄροτρον.,tlg0001.tlg001.perseus-grc2.xml
Argonautica,tlg001,3,1286,"χρίμψε δʼ ἔπειτα κιών, παρὰ δʼ ὄβριμον ἔγχος ἔπηξεν","χρίμψε δ’ ἔπειτα κιών, παρὰ δ’ ὄβριμον ἔγχος ἔπηξεν",tlg0001.tlg001.perseus-grc2.xml
Argonautica,tlg001,3,1287,"ὀρθὸν ἐπʼ οὐριάχῳ, κυνέην δʼ ἀποκάτθετʼ ἐρείσας.","ὀρθὸν ἐπ’ οὐριάχῳ, κυνέην δ’ ἀποκάτθετ’ ἐρείσας.",tlg0001.tlg001.perseus-grc2.xml
Argonautica,tlg001,3,1288,βῆ δʼ αὐτῇ προτέρωσε σὺν ἀσπίδι νήριτα ταύρων,βῆ δ’ αὐτῇ προτέρωσε σὺν ἀσπίδι νήριτα ταύρων,tlg0001.tlg001.perseus-grc2.xml
Argonautica,tlg001,3,1289,ἴχνια μαστεύων· οἱ δʼ ἔκποθεν ἀφράστοιο,ἴχνια μαστεύων· οἱ δ’ ἔκποθεν ἀφράστοιο,tlg0001.tlg001.perseus-grc2.xml
Argonautica,tlg001,3,1290,"κευθμῶνος χθονίου, ἵνα τέ σφισιν ἔσκε βόαυλα","κευθμῶνος χθονίου, ἵνα τέ σφισιν ἔσκε βόαυλα",tlg0001.tlg001.perseus-grc2.xml
Argonautica,tlg001,3,1291,"καρτερὰ λιγνυόεντι πέριξ εἰλυμένα καπνῷ,","καρτερὰ λιγνυόεντι πέριξ εἰλυμένα καπνῷ,",tlg0001.tlg001.perseus-grc2.xml
Argonautica,tlg001,3,1292,ἄμφω ὁμοῦ προγένοντο πυρὸς σέλας ἀμπνείοντες.,ἄμφω ὁμοῦ προγένοντο πυρὸς σέλας ἀμπνείοντες.,tlg0001.tlg001.perseus-grc2.xml
Argonautica,tlg001,3,1293,"ἔδδεισαν δʼ ἥρωες, ὅπως ἴδον. αὐτὰρ ὁ τούσγε,","ἔδδεισαν δ’ ἥρωες, ὅπως ἴδον. αὐτὰρ ὁ τούσγε,",tlg0001.tlg001.perseus-grc2.xml
Argonautica,tlg001,3,1294,"εὖ διαβάς, ἐπιόντας, ἅ τε σπιλὰς εἰν ἁλὶ πέτρη","εὖ διαβάς, ἐπιόντας, ἅ τε σπιλὰς εἰν ἁλὶ πέτρη",tlg0001.tlg001.perseus-grc2.xml
Argonautica,tlg001,3,1295,μίμνει ἀπειρεσίῃσι δονεύμενα κύματʼ ἀέλλαις.,μίμνει ἀπειρεσίῃσι δονεύμενα κύματ’ ἀέλλαις.,tlg0001.tlg001.perseus-grc2.xml
Argonautica,tlg001,3,1296,πρόσθε δέ οἱ σάκος ἔσχεν ἐναντίον· οἱ δέ μιν ἄμφω,πρόσθε δέ οἱ σάκος ἔσχεν ἐναντίον· οἱ δέ μιν ἄμφω,tlg0001.tlg001.perseus-grc2.xml
Argonautica,tlg001,3,1297,μυκηθμῷ κρατεροῖσιν ἐνέπληξαν κεράεσσιν·,μυκηθμῷ κρατεροῖσιν ἐνέπληξαν κεράεσσιν·,tlg0001.tlg001.perseus-grc2.xml
Argonautica,tlg001,3,1298,οὐδʼ ἄρα μιν τυτθόν περ ἀνώχλισαν ἀντιόωντες.,οὐδ’ ἄρα μιν τυτθόν περ ἀνώχλισαν ἀντιόωντες.,tlg0001.tlg001.perseus-grc2.xml
Argonautica,tlg001,3,1299,ὡς δʼ ὅτʼ ἐνὶ τρητοῖσιν ἐύρρινοι χοάνοισιν,ὡς δ’ ὅτ’ ἐνὶ τρητοῖσιν ἐύρρινοι χοάνοισιν,tlg0001.tlg001.perseus-grc2.xml
Argonautica,tlg001,3,1300,"φῦσαι χαλκήων ὁτὲ μέν τʼ ἀναμαρμαίρουσιν,","φῦσαι χαλκήων ὁτὲ μέν τ’ ἀναμαρμαίρουσιν,",tlg0001.tlg001.perseus-grc2.xml
Argonautica,tlg001,3,1301,"πῦρ ὀλοόν πιμπρᾶσαι, ὅτʼ αὖ λήγουσιν ἀυτμῆς,","πῦρ ὀλοόν πιμπρᾶσαι, ὅτ’ αὖ λήγουσιν ἀυτμῆς,",tlg0001.tlg001.perseus-grc2.xml
Argonautica,tlg001,3,1302,"δεινὸς δʼ ἐξ αὐτοῦ πέλεται βρόμος, ὁππότʼ ἀίξῃ","δεινὸς δ’ ἐξ αὐτοῦ πέλεται βρόμος, ὁππότ’ ἀίξῃ",tlg0001.tlg001.perseus-grc2.xml
Argonautica,tlg001,3,1303,νειόθεν· ὧς ἄρα τώγε θοὴν φλόγα φυσιόωντες,νειόθεν· ὧς ἄρα τώγε θοὴν φλόγα φυσιόωντες,tlg0001.tlg001.perseus-grc2.xml
Argonautica,tlg001,3,1304,"ἐκ στομάτων ὁμάδευν, τὸν δʼ ἄμφεπε δήιον αἶθος","ἐκ στομάτων ὁμάδευν, τὸν δ’ ἄμφεπε δήιον αἶθος",tlg0001.tlg001.perseus-grc2.xml
Argonautica,tlg001,3,1305,βάλλον ἅ τε στεροπή· κούρης δέ ἑ φάρμακʼ ἔρυτο.,βάλλον ἅ τε στεροπή· κούρης δέ ἑ φάρμακ’ ἔρυτο.,tlg0001.tlg001.perseus-grc2.xml
Argonautica,tlg001,3,1306,καί ῥʼ ὅγε δεξιτεροῖο βοὸς κέρας ἄκρον ἐρύσσας,καί ῥ’ ὅγε δεξιτεροῖο βοὸς κέρας ἄκρον ἐρύσσας,tlg0001.tlg001.perseus-grc2.xml
Argonautica,tlg001,3,1307,"εἷλκεν ἐπικρατέως παντὶ σθένει, ὄφρα πελάσσῃ","εἷλκεν ἐπικρατέως παντὶ σθένει, ὄφρα πελάσσῃ",tlg0001.tlg001.perseus-grc2.xml
Argonautica,tlg001,3,1308,"ζεύγλῃ χαλκείῃ, τὸν δʼ ἐν χθονὶ κάββαλεν ὀκλάξ,","ζεύγλῃ χαλκείῃ, τὸν δ’ ἐν χθονὶ κάββαλεν ὀκλάξ,",tlg0001.tlg001.perseus-grc2.xml
Argonautica,tlg001,3,1309,ῥίμφα ποδὶ κρούσας πόδα χάλκεον. ὧς δὲ καὶ ἄλλον,ῥίμφα ποδὶ κρούσας πόδα χάλκεον. ὧς δὲ καὶ ἄλλον,tlg0001.tlg001.perseus-grc2.xml
Argonautica,tlg001,3,1310,"σφῆλεν γνὺξ ἐπιόντα, μιῇ βεβολημένον ὁρμῇ.","σφῆλεν γνὺξ ἐπιόντα, μιῇ βεβολημένον ὁρμῇ.",tlg0001.tlg001.perseus-grc2.xml
Argonautica,tlg001,3,1311,"εὐρὺ δʼ ἀποπροβαλὼν χαμάδις σάκος, ἔνθα καὶ ἔνθα","εὐρὺ δ’ ἀποπροβαλὼν χαμάδις σάκος, ἔνθα καὶ ἔνθα",tlg0001.tlg001.perseus-grc2.xml
Argonautica,tlg001,3,1312,τῇ καὶ τῇ βεβαὼς ἄμφω ἔχε πεπτηῶτας,τῇ καὶ τῇ βεβαὼς ἄμφω ἔχε πεπτηῶτας,tlg0001.tlg001.perseus-grc2.xml
Argonautica,tlg001,3,1313,"γούνασιν ἐν προτέροισι, διὰ φλογὸς εἶθαρ ἐλυσθείς.","γούνασιν ἐν προτέροισι, διὰ φλογὸς εἶθαρ ἐλυσθείς.",tlg0001.tlg001.perseus-grc2.xml
Argonautica,tlg001,3,1314,θαύμασε δʼ Αἰήτης σθένος ἀνέρος. οἱ δʼ ἄρα τείως,θαύμασε δ’ Αἰήτης σθένος ἀνέρος. οἱ δ’ ἄρα τείως,tlg0001.tlg001.perseus-grc2.xml
Argonautica,tlg001,3,1315,Τυνδαρίδαι—δὴ γάρ σφι πάλαι προπεφραδμένον ἦεν—,Τυνδαρίδαι—δὴ γάρ σφι πάλαι προπεφραδμένον ἦεν—,tlg0001.tlg001.perseus-grc2.xml
Argonautica,tlg001,3,1316,ἀγχίμολον ζυγά οἱ πεδόθεν δόσαν ἀμφιβαλέσθαι.,ἀγχίμολον ζυγά οἱ πεδόθεν δόσαν ἀμφιβαλέσθαι.,tlg0001.tlg001.perseus-grc2.xml
Argonautica,tlg001,3,1317,αὐτὰρ ὁ εὖ ἐνέδησε λόφους· μεσσηγὺ δʼ ἀείρας,αὐτὰρ ὁ εὖ ἐνέδησε λόφους· μεσσηγὺ δ’ ἀείρας,tlg0001.tlg001.perseus-grc2.xml
Argonautica,tlg001,3,1318,"χάλκεον ἱστοβοῆα, θοῇ συνάρασσε κορώνῃ","χάλκεον ἱστοβοῆα, θοῇ συνάρασσε κορώνῃ",tlg0001.tlg001.perseus-grc2.xml
Argonautica,tlg001,3,1319,ζεύγληθεν. καὶ τὼ μὲν ὑπὲκ πυρὸς ἂψ ἐπὶ νῆα,ζεύγληθεν. καὶ τὼ μὲν ὑπὲκ πυρὸς ἂψ ἐπὶ νῆα,tlg0001.tlg001.perseus-grc2.xml
Argonautica,tlg001,3,1320,χαζέσθην. ὁ δʼ ἄρʼ αὖτις ἑλὼν σάκος ἔνθετο νώτῳ,χαζέσθην. ὁ δ’ ἄρ’ αὖτις ἑλὼν σάκος ἔνθετο νώτῳ,tlg0001.tlg001.perseus-grc2.xml
Argonautica,tlg001,3,1321,"ἐξόπιθεν, καὶ γέντο θοῶν ἔμπλειον ὀδόντων","ἐξόπιθεν, καὶ γέντο θοῶν ἔμπλειον ὀδόντων",tlg0001.tlg001.perseus-grc2.xml
Argonautica,tlg001,3,1322,"πήληκα βριαρὴν δόρυ τʼ ἄσχετον, ᾧ π̔ʼ ὑπὸ μέσσας","πήληκα βριαρὴν δόρυ τ’ ἄσχετον, ᾧ π̔’ ὑπὸ μέσσας",tlg0001.tlg001.perseus-grc2.xml
Argonautica,tlg001,3,1323,ἐργατίνης ὥς τίς τε Πελασγίδι νύσσεν ἀκαίνῃ,ἐργατίνης ὥς τίς τε Πελασγίδι νύσσεν ἀκαίνῃ,tlg0001.tlg001.perseus-grc2.xml
Argonautica,tlg001,3,1324,οὐτάζων λαγόνας· μάλα δʼ ἔμπεδον εὖ ἀραρυῖαν,οὐτάζων λαγόνας· μάλα δ’ ἔμπεδον εὖ ἀραρυῖαν,tlg0001.tlg001.perseus-grc2.xml
Argonautica,tlg001,3,1325,τυκτὴν ἐξ ἀδάμαντος ἐπιθύνεσκεν ἐχέτλην.,τυκτὴν ἐξ ἀδάμαντος ἐπιθύνεσκεν ἐχέτλην.,tlg0001.tlg001.perseus-grc2.xml
Argonautica,tlg001,3,1326,"οἱ δʼ εἵως μὲν δὴ περιώσια θυμαίνεσκον,","οἱ δ’ εἵως μὲν δὴ περιώσια θυμαίνεσκον,",tlg0001.tlg001.perseus-grc2.xml
Argonautica,tlg001,3,1327,λάβρον ἐπιπνείοντε πυρὸς σέλας· ὦρτο δʼ ἀυτμὴ,λάβρον ἐπιπνείοντε πυρὸς σέλας· ὦρτο δ’ ἀυτμὴ,tlg0001.tlg001.perseus-grc2.xml
Argonautica,tlg001,3,1328,"ἠύτε βυκτάων ἀνέμων βρόμος, οὕς τε μάλιστα","ἠύτε βυκτάων ἀνέμων βρόμος, οὕς τε μάλιστα",tlg0001.tlg001.perseus-grc2.xml
Argonautica,tlg001,3,1329,δειδιότες μέγα λαῖφος ἁλίπλοοι ἐστείλαντο.,δειδιότες μέγα λαῖφος ἁλίπλοοι ἐστείλαντο.,tlg0001.tlg001.perseus-grc2.xml
Argonautica,tlg001,3,1330,δηρὸν δʼ οὐ μετέπειτα κελευόμενοι ὑπὸ δουρὶ,δηρὸν δ’ οὐ μετέπειτα κελευόμενοι ὑπὸ δουρὶ,tlg0001.tlg001.perseus-grc2.xml
Argonautica,tlg001,3,1331,"ἤισαν· ὀκριόεσσα δʼ ἐρείκετο νειὸς ὀπίσσω,","ἤισαν· ὀκριόεσσα δ’ ἐρείκετο νειὸς ὀπίσσω,",tlg0001.tlg001.perseus-grc2.xml
Argonautica,tlg001,3,1332,σχιζομένη ταύρων τε βίῃ κρατερῷ τʼ ἀροτῆρι.,σχιζομένη ταύρων τε βίῃ κρατερῷ τ’ ἀροτῆρι.,tlg0001.tlg001.perseus-grc2.xml
Argonautica,tlg001,3,1333,δεινὸν δʼ ἐσμαράγευν ἄμυδις κατὰ ὦλκας ἀρότρου,δεινὸν δ’ ἐσμαράγευν ἄμυδις κατὰ ὦλκας ἀρότρου,tlg0001.tlg001.perseus-grc2.xml
Argonautica,tlg001,3,1334,βώλακες ἀγνύμεναι ἀνδραχθέες· εἵπετο δʼ αὐτὸς,βώλακες ἀγνύμεναι ἀνδραχθέες· εἵπετο δ’ αὐτὸς,tlg0001.tlg001.perseus-grc2.xml
Argonautica,tlg001,3,1335,λαῖον ἐπὶ στιβαρῷ πιέσας ποδί· τῆλε δʼ ἑοῖο,λαῖον ἐπὶ στιβαρῷ πιέσας ποδί· τῆλε δ’ ἑοῖο,tlg0001.tlg001.perseus-grc2.xml
Argonautica,tlg001,3,1336,βάλλεν ἀρηρομένην αἰεὶ κατὰ βῶλον ὀδόντας,βάλλεν ἀρηρομένην αἰεὶ κατὰ βῶλον ὀδόντας,tlg0001.tlg001.perseus-grc2.xml
Argonautica,tlg001,3,1337,"ἐντροπαλιζόμενος, μή οἱ πάρος ἀντιάσειεν","ἐντροπαλιζόμενος, μή οἱ πάρος ἀντιάσειεν",tlg0001.tlg001.perseus-grc2.xml
Argonautica,tlg001,3,1338,γηγενέων ἀνδρῶν ὀλοὸς στάχυς· οἱ δʼ ἄρʼ ἐπιπρὸ,γηγενέων ἀνδρῶν ὀλοὸς στάχυς· οἱ δ’ ἄρ’ ἐπιπρὸ,tlg0001.tlg001.perseus-grc2.xml
Argonautica,tlg001,3,1339,χαλκείῃς χηλῇσιν ἐρειδόμενοι πονέοντο.,χαλκείῃς χηλῇσιν ἐρειδόμενοι πονέοντο.,tlg0001.tlg001.perseus-grc2.xml
Argonautica,tlg001,3,1340,ἦμος δὲ τρίτατον λάχος ἤματος ἀνομένοιο,ἦμος δὲ τρίτατον λάχος ἤματος ἀνομένοιο,tlg0001.tlg001.perseus-grc2.xml
Argonautica,tlg001,3,1341,"λείπεται ἐξ ἠοῦς, καλέουσι δὲ κεκμηῶτες","λείπεται ἐξ ἠοῦς, καλέουσι δὲ κεκμηῶτες",tlg0001.tlg001.perseus-grc2.xml
Argonautica,tlg001,3,1342,"ἐργατίναι γλυκερόν σφιν ἄφαρ βουλυτὸν ἱκέσθαι,","ἐργατίναι γλυκερόν σφιν ἄφαρ βουλυτὸν ἱκέσθαι,",tlg0001.tlg001.perseus-grc2.xml
Argonautica,tlg001,3,1343,"τῆμος ἀρήροτο νειὸς ὑπʼ ἀκαμάτῳ ἀροτῆρι,","τῆμος ἀρήροτο νειὸς ὑπ’ ἀκαμάτῳ ἀροτῆρι,",tlg0001.tlg001.perseus-grc2.xml
Argonautica,tlg001,3,1344,τετράγυός περ ἐοῦσα· βοῶν τʼ ἀπελύετʼ ἄροτρα.,τετράγυός περ ἐοῦσα· βοῶν τ’ ἀπελύετ’ ἄροτρα.,tlg0001.tlg001.perseus-grc2.xml
Argonautica,tlg001,3,1345,καὶ τοὺς μὲν πεδίονδε διεπτοίησε φέβεσθαι·,καὶ τοὺς μὲν πεδίονδε διεπτοίησε φέβεσθαι·,tlg0001.tlg001.perseus-grc2.xml
Argonautica,tlg001,3,1346,"αὐτὰρ ὁ ἂψ ἐπὶ νῆα πάλιν κίεν, ὄφρʼ ἔτι κεινὰς","αὐτὰρ ὁ ἂψ ἐπὶ νῆα πάλιν κίεν, ὄφρ’ ἔτι κεινὰς",tlg0001.tlg001.perseus-grc2.xml
Argonautica,tlg001,3,1347,γηγενέων ἀνδρῶν ἴδεν αὔλακας. ἀμφὶ δʼ ἑταῖροι,γηγενέων ἀνδρῶν ἴδεν αὔλακας. ἀμφὶ δ’ ἑταῖροι,tlg0001.tlg001.perseus-grc2.xml
Argonautica,tlg001,3,1348,θάρσυνον μύθοισιν. ὁ δʼ ἐκ ποταμοῖο ῥοάων,θάρσυνον μύθοισιν. ὁ δ’ ἐκ ποταμοῖο ῥοάων,tlg0001.tlg001.perseus-grc2.xml
Argonautica,tlg001,3,1349,αὐτῇ ἀφυσσάμενος κυνέῃ σβέσεν ὕδατι δίψαν·,αὐτῇ ἀφυσσάμενος κυνέῃ σβέσεν ὕδατι δίψαν·,tlg0001.tlg001.perseus-grc2.xml
Argonautica,tlg001,3,1350,"γνάμψε δὲ γούνατʼ ἐλαφρά, μέγαν δʼ ἐμπλήσατο θυμὸν","γνάμψε δὲ γούνατ’ ἐλαφρά, μέγαν δ’ ἐμπλήσατο θυμὸν",tlg0001.tlg001.perseus-grc2.xml
Argonautica,tlg001,3,1351,"ἀλκῆς, μαιμώων συῒ εἴκελος, ὅς ῥά τʼ ὀδόντας","ἀλκῆς, μαιμώων συῒ εἴκελος, ὅς ῥά τ’ ὀδόντας",tlg0001.tlg001.perseus-grc2.xml
Argonautica,tlg001,3,1352,"θήγει θηρευτῇσιν ἐπʼ ἀνδράσιν, ἀμφὶ δὲ πολλὸς","θήγει θηρευτῇσιν ἐπ’ ἀνδράσιν, ἀμφὶ δὲ πολλὸς",tlg0001.tlg001.perseus-grc2.xml
Argonautica,tlg001,3,1353,ἀφρὸς ἀπὸ στόματος χαμάδις ῥεῖ χωομένοιο.,ἀφρὸς ἀπὸ στόματος χαμάδις ῥεῖ χωομένοιο.,tlg0001.tlg001.perseus-grc2.xml
Argonautica,tlg001,3,1354,οἱ δʼ ἤδη κατὰ πᾶσαν ἀνασταχύεσκον ἄρουραν,οἱ δ’ ἤδη κατὰ πᾶσαν ἀνασταχύεσκον ἄρουραν,tlg0001.tlg001.perseus-grc2.xml
Argonautica,tlg001,3,1355,γηγενέες· φρίξεν δὲ περὶ στιβαροῖς σακέεσσιν,γηγενέες· φρίξεν δὲ περὶ στιβαροῖς σακέεσσιν,tlg0001.tlg001.perseus-grc2.xml
Argonautica,tlg001,3,1356,δούρασί τʼ ἀμφιγύοις κορύθεσσί τε λαμπομένῃσιν,δούρασί τ’ ἀμφιγύοις κορύθεσσί τε λαμπομένῃσιν,tlg0001.tlg001.perseus-grc2.xml
Argonautica,tlg001,3,1357,Ἄρηος τέμενος φθισιμβρότου· ἵκετο δʼ αἴγλη,Ἄρηος τέμενος φθισιμβρότου· ἵκετο δ’ αἴγλη,tlg0001.tlg001.perseus-grc2.xml
Argonautica,tlg001,3,1358,νειόθεν Οὔλυμπόνδε διʼ ἠέρος ἀστράπτουσα.,νειόθεν Οὔλυμπόνδε δι’ ἠέρος ἀστράπτουσα.,tlg0001.tlg001.perseus-grc2.xml
Argonautica,tlg001,3,1359,ὡς δʼ ὁπότʼ ἐς γαῖαν πολέος νιφετοῖο πεσόντος,ὡς δ’ ὁπότ’ ἐς γαῖαν πολέος νιφετοῖο πεσόντος,tlg0001.tlg001.perseus-grc2.xml
Argonautica,tlg001,3,1360,ἂψ ἀπὸ χειμερίας νεφέλας ἐκέδασσαν ἄελλαι,ἂψ ἀπὸ χειμερίας νεφέλας ἐκέδασσαν ἄελλαι,tlg0001.tlg001.perseus-grc2.xml
Argonautica,tlg001,3,1361,"λυγαίῃ ὑπὸ νυκτί, τὰ δʼ ἀθρόα πάντʼ ἐφαάνθη","λυγαίῃ ὑπὸ νυκτί, τὰ δ’ ἀθρόα πάντ’ ἐφαάνθη",tlg0001.tlg001.perseus-grc2.xml
Argonautica,tlg001,3,1362,τείρεα λαμπετόωντα διὰ κνέφας· ὧς ἄρα τοίγε,τείρεα λαμπετόωντα διὰ κνέφας· ὧς ἄρα τοίγε,tlg0001.tlg001.perseus-grc2.xml
Argonautica,tlg001,3,1363,λάμπον ἀναλδήσκοντες ὑπὲρ χθονός. αὐτὰρ Ἰήσων,λάμπον ἀναλδήσκοντες ὑπὲρ χθονός. αὐτὰρ Ἰήσων,tlg0001.tlg001.perseus-grc2.xml
Argonautica,tlg001,3,1364,"μνήσατο Μηδείης πολυκερδέος ἐννεσιάων,","μνήσατο Μηδείης πολυκερδέος ἐννεσιάων,",tlg0001.tlg001.perseus-grc2.xml
Argonautica,tlg001,3,1365,"λάζετο δʼ ἐκ πεδίοιο μέγαν περιηγέα πέτρον,","λάζετο δ’ ἐκ πεδίοιο μέγαν περιηγέα πέτρον,",tlg0001.tlg001.perseus-grc2.xml
Argonautica,tlg001,3,1366,δεινὸν Ἐνυαλίου σόλον Ἄρεος· οὔ κέ μιν ἄνδρες,δεινὸν Ἐνυαλίου σόλον Ἄρεος· οὔ κέ μιν ἄνδρες,tlg0001.tlg001.perseus-grc2.xml
Argonautica,tlg001,3,1367,αἰζηοὶ πίσυρες γαίης ἄπο τυτθὸν ἄειραν.,αἰζηοὶ πίσυρες γαίης ἄπο τυτθὸν ἄειραν.,tlg0001.tlg001.perseus-grc2.xml
Argonautica,tlg001,3,1368,τόν ῥʼ ἀνὰ χεῖρα λαβὼν μάλα τηλόθεν ἔμβαλε μέσσοις,τόν ῥ’ ἀνὰ χεῖρα λαβὼν μάλα τηλόθεν ἔμβαλε μέσσοις,tlg0001.tlg001.perseus-grc2.xml
Argonautica,tlg001,3,1369,ἀίξας· αὐτὸς δʼ ὑφʼ ἑὸν σάκος ἕζετο λάθρῃ,ἀίξας· αὐτὸς δ’ ὑφ’ ἑὸν σάκος ἕζετο λάθρῃ,tlg0001.tlg001.perseus-grc2.xml
Argonautica,tlg001,3,1370,"θαρσαλέως. Κόλχοι δὲ μέγʼ ἴαχον, ὡς ὅτε πόντος","θαρσαλέως. Κόλχοι δὲ μέγ’ ἴαχον, ὡς ὅτε πόντος",tlg0001.tlg001.perseus-grc2.xml
Argonautica,tlg001,3,1371,ἴαχεν ὀξείῃσιν ἐπιβρομέων σπιλάδεσσιν·,ἴαχεν ὀξείῃσιν ἐπιβρομέων σπιλάδεσσιν·,tlg0001.tlg001.perseus-grc2.xml
Argonautica,tlg001,3,1372,τὸν δʼ ἕλεν ἀμφασίη ῥιπῇ στιβαροῖο σόλοιο,τὸν δ’ ἕλεν ἀμφασίη ῥιπῇ στιβαροῖο σόλοιο,tlg0001.tlg001.perseus-grc2.xml
Argonautica,tlg001,3,1373,Αἰήτην. οἱ δʼ ὥστε θοοὶ κύνες ἀμφιθορόντες,Αἰήτην. οἱ δ’ ὥστε θοοὶ κύνες ἀμφιθορόντες,tlg0001.tlg001.perseus-grc2.xml
Argonautica,tlg001,3,1374,ἀλλήλους βρυχηδὸν ἐδήιον· οἱ δʼ ἐπὶ γαῖαν,ἀλλήλους βρυχηδὸν ἐδήιον· οἱ δ’ ἐπὶ γαῖαν,tlg0001.tlg001.perseus-grc2.xml
Argonautica,tlg001,3,1375,"μητέρα πῖπτον ἑοῖς ὑπὸ δούρασιν, ἠύτε πεῦκαι","μητέρα πῖπτον ἑοῖς ὑπὸ δούρασιν, ἠύτε πεῦκαι",tlg0001.tlg001.perseus-grc2.xml
Argonautica,tlg001,3,1376,"ἢ δρύες, ἅς τʼ ἀνέμοιο κατάικες δονέουσιν.","ἢ δρύες, ἅς τ’ ἀνέμοιο κατάικες δονέουσιν.",tlg0001.tlg001.perseus-grc2.xml
Argonautica,tlg001,3,1377,οἷος δʼ οὐρανόθεν πυρόεις ἀναπάλλεται ἀστὴρ,οἷος δ’ οὐρανόθεν πυρόεις ἀναπάλλεται ἀστὴρ,tlg0001.tlg001.perseus-grc2.xml
Argonautica,tlg001,3,1378,"ὁλκὸν ὑπαυγάζων, τέρας ἀνδράσιν, οἵ μιν ἴδωντοι","ὁλκὸν ὑπαυγάζων, τέρας ἀνδράσιν, οἵ μιν ἴδωντοι",tlg0001.tlg001.perseus-grc2.xml
Argonautica,tlg001,3,1379,μαρμαρυγῇ σκοτίοιο διʼ ἠέρος ἀίξαντα·,μαρμαρυγῇ σκοτίοιο δι’ ἠέρος ἀίξαντα·,tlg0001.tlg001.perseus-grc2.xml
Argonautica,tlg001,3,1380,"τοῖος ἄρʼ Αἴσονος υἱὸς ἐπέσσυτο γηγενέεσσιν,","τοῖος ἄρ’ Αἴσονος υἱὸς ἐπέσσυτο γηγενέεσσιν,",tlg0001.tlg001.perseus-grc2.xml
Argonautica,tlg001,3,1381,"γυμνὸν δʼ ἐκ κολεοῖο φέρε ξίφος, οὖτα δὲ μίγδην","γυμνὸν δ’ ἐκ κολεοῖο φέρε ξίφος, οὖτα δὲ μίγδην",tlg0001.tlg001.perseus-grc2.xml
Argonautica,tlg001,3,1382,"ἀμώων, πολέας μὲν ἔτʼ ἐς νηδὺν λαγόνας τε","ἀμώων, πολέας μὲν ἔτ’ ἐς νηδὺν λαγόνας τε",tlg0001.tlg001.perseus-grc2.xml
Argonautica,tlg001,3,1383,ἡμίσεας ἀνέχοντας ἐς ἠέρα· τοὺς δὲ καὶ ἄχρις,ἡμίσεας ἀνέχοντας ἐς ἠέρα· τοὺς δὲ καὶ ἄχρις,tlg0001.tlg001.perseus-grc2.xml
Argonautica,tlg001,3,1384,"ὤμων τελλομένους· τοὺς δὲ νέον ἑστηῶτας,","ὤμων τελλομένους· τοὺς δὲ νέον ἑστηῶτας,",tlg0001.tlg001.perseus-grc2.xml
Argonautica,tlg001,3,1385,τοὺς δʼ ἤδη καὶ ποσσὶν ἐπειγομένους ἐς ἄρηα.,τοὺς δ’ ἤδη καὶ ποσσὶν ἐπειγομένους ἐς ἄρηα.,tlg0001.tlg001.perseus-grc2.xml
Argonautica,tlg001,3,1386,"ὡς δʼ ὁπότʼ ἀμφʼ οὔροισιν ἐγειρομένου πολέμοιο,","ὡς δ’ ὁπότ’ ἀμφ’ οὔροισιν ἐγειρομένου πολέμοιο,",tlg0001.tlg001.perseus-grc2.xml
Argonautica,tlg001,3,1387,"δείσας γειομόρος, μή οἱ προτάμωνται ἀρούρας,","δείσας γειομόρος, μή οἱ προτάμωνται ἀρούρας,",tlg0001.tlg001.perseus-grc2.xml
Argonautica,tlg001,3,1388,ἅρπην εὐκαμπῆ νεοθηγέα χερσὶ μεμαρπὼς,ἅρπην εὐκαμπῆ νεοθηγέα χερσὶ μεμαρπὼς,tlg0001.tlg001.perseus-grc2.xml
Argonautica,tlg001,3,1389,"ὠμὸν ἐπισπεύδων κείρει στάχυν, οὐδὲ βολῇσιν","ὠμὸν ἐπισπεύδων κείρει στάχυν, οὐδὲ βολῇσιν",tlg0001.tlg001.perseus-grc2.xml
Argonautica,tlg001,3,1390,μίμνει ἐς ὡραίην τερσήμεναι ἠελίοιο·,μίμνει ἐς ὡραίην τερσήμεναι ἠελίοιο·,tlg0001.tlg001.perseus-grc2.xml
Argonautica,tlg001,3,1391,ὧς τότε γηγενέων κεῖρε στάχυν· αἵματι δʼ ὁλκοὶ,ὧς τότε γηγενέων κεῖρε στάχυν· αἵματι δ’ ὁλκοὶ,tlg0001.tlg001.perseus-grc2.xml
Argonautica,tlg001,3,1392,ἠύτε κρηναῖαι ἀμάραι πλήθοντο ῥοῇσιν.,ἠύτε κρηναῖαι ἀμάραι πλήθοντο ῥοῇσιν.,tlg0001.tlg001.perseus-grc2.xml
Argonautica,tlg001,3,1393,"πῖπτον δʼ, οἱ μὲν ὀδὰξ τετρηχότα βῶλον ὀδοῦσιν","πῖπτον δ’, οἱ μὲν ὀδὰξ τετρηχότα βῶλον ὀδοῦσιν",tlg0001.tlg001.perseus-grc2.xml
Argonautica,tlg001,3,1394,"λαζόμενοι πρηνεῖς, οἱ δʼ ἔμπαλιν, οἱ δʼ ἐπʼ ἀγοστῷ","λαζόμενοι πρηνεῖς, οἱ δ’ ἔμπαλιν, οἱ δ’ ἐπ’ ἀγοστῷ",tlg0001.tlg001.perseus-grc2.xml
Argonautica,tlg001,3,1395,"καὶ πλευροῖς, κήτεσσι δομὴν ἀτάλαντοι ἰδέσθαι.","καὶ πλευροῖς, κήτεσσι δομὴν ἀτάλαντοι ἰδέσθαι.",tlg0001.tlg001.perseus-grc2.xml
Argonautica,tlg001,3,1396,"πολλοὶ δʼ οὐτάμενοι, πρὶν ὑπὸ χθονὸς ἴχνος ἀεῖραι,","πολλοὶ δ’ οὐτάμενοι, πρὶν ὑπὸ χθονὸς ἴχνος ἀεῖραι,",tlg0001.tlg001.perseus-grc2.xml
Argonautica,tlg001,3,1397,"ὅσσον ἄνω προύτυψαν ἐς ἠέρα, τόσσον ἔραζε","ὅσσον ἄνω προύτυψαν ἐς ἠέρα, τόσσον ἔραζε",tlg0001.tlg001.perseus-grc2.xml
Argonautica,tlg001,3,1398,βριθόμενοι πλαδαροῖσι καρήασιν ἠρήρειντο.,βριθόμενοι πλαδαροῖσι καρήασιν ἠρήρειντο.,tlg0001.tlg001.perseus-grc2.xml
Argonautica,tlg001,3,1399,"ἔρνεἀ που τοίως, Διὸς ἄσπετον ὀμβρήσαντος,","ἔρνεἀ που τοίως, Διὸς ἄσπετον ὀμβρήσαντος,",tlg0001.tlg001.perseus-grc2.xml
Argonautica,tlg001,3,1400,φυταλιῇ νεόθρεπτα κατημύουσιν ἔραζε,φυταλιῇ νεόθρεπτα κατημύουσιν ἔραζε,tlg0001.tlg001.perseus-grc2.xml
Argonautica,tlg001,3,1401,"κλασθέντα ῥίζηθεν, ἀλωήων πόνος ἀνδρῶν·","κλασθέντα ῥίζηθεν, ἀλωήων πόνος ἀνδρῶν·",tlg0001.tlg001.perseus-grc2.xml
Argonautica,tlg001,3,1402,τὸν δὲ κατηφείη τε καὶ οὐλοὸν ἄλγος ἱκάνει,τὸν δὲ κατηφείη τε καὶ οὐλοὸν ἄλγος ἱκάνει,tlg0001.tlg001.perseus-grc2.xml
Argonautica,tlg001,3,1403,κλήρου σημαντῆρα φυτοτρόφον· ὧς τότʼ ἄνακτος,κλήρου σημαντῆρα φυτοτρόφον· ὧς τότ’ ἄνακτος,tlg0001.tlg001.perseus-grc2.xml
Argonautica,tlg001,3,1404,Αἰήταο βαρεῖαι ὑπὸ φρένας ἦλθον ἀνῖαι.,Αἰήταο βαρεῖαι ὑπὸ φρένας ἦλθον ἀνῖαι.,tlg0001.tlg001.perseus-grc2.xml
Argonautica,tlg001,3,1405,"ἤιε δʼ ἐς πτολίεθρον ὑπότροπος ἄμμιγα Κόλχοις,","ἤιε δ’ ἐς πτολίεθρον ὑπότροπος ἄμμιγα Κόλχοις,",tlg0001.tlg001.perseus-grc2.xml
Argonautica,tlg001,3,1406,"πορφύρων, ᾗ κέ σφι θοώτερον ἀντιόῳτο.","πορφύρων, ᾗ κέ σφι θοώτερον ἀντιόῳτο.",tlg0001.tlg001.perseus-grc2.xml
Argonautica,tlg001,3,1407,"ἦμαρ ἔδυ, καὶ τῷ τετελεσμένος ἦεν ἄεθλος.","ἦμαρ ἔδυ, καὶ τῷ τετελεσμένος ἦεν ἄεθλος.",tlg0001.tlg001.perseus-grc2.xml
Argonautica,tlg001,4,1,"αὐτὴ νῦν κάματόν γε, θεά, καὶ δήνεα κούρης","αὐτὴ νῦν κάματόν γε, θεά, καὶ δήνεα κούρης",tlg0001.tlg001.perseus-grc2.xml
Argonautica,tlg001,4,2,"Κολχίδος ἔννεπε, Μοῦσα, Διὸς τέκος. ἦ γὰρ ἔμοιγε","Κολχίδος ἔννεπε, Μοῦσα, Διὸς τέκος. ἦ γὰρ ἔμοιγε",tlg0001.tlg001.perseus-grc2.xml
Argonautica,tlg001,4,3,"ἀμφασίῃ νόος ἔνδον ἑλίσσεται ὁρμαίνοντι,","ἀμφασίῃ νόος ἔνδον ἑλίσσεται ὁρμαίνοντι,",tlg0001.tlg001.perseus-grc2.xml
Argonautica,tlg001,4,4,"ἢ ἔμεν ἄτης πῆμα δυσίμερον, ἦ τόγʼ ἐνίσπω","ἢ ἔμεν ἄτης πῆμα δυσίμερον, ἦ τόγ’ ἐνίσπω",tlg0001.tlg001.perseus-grc2.xml
Argonautica,tlg001,4,5,"φύζαν ἀεικελίην, ᾗ κάλλιπεν ἔθνεα Κόλχων.","φύζαν ἀεικελίην, ᾗ κάλλιπεν ἔθνεα Κόλχων.",tlg0001.tlg001.perseus-grc2.xml
Argonautica,tlg001,4,6,"ἤτοι ὁ μὲν δήμοιο μετʼ ἀνδράσιν, ὅσσοι ἄριστοι,","ἤτοι ὁ μὲν δήμοιο μετ’ ἀνδράσιν, ὅσσοι ἄριστοι,",tlg0001.tlg001.perseus-grc2.xml
Argonautica,tlg001,4,7,παννύχιος δόλον αἰπὺν ἐπὶ σφίσι μητιάασκεν,παννύχιος δόλον αἰπὺν ἐπὶ σφίσι μητιάασκεν,tlg0001.tlg001.perseus-grc2.xml
Argonautica,tlg001,4,8,"οἷσιν ἐνὶ μεγάροις, στυγερῷ ἐπὶ θυμὸν ἀέθλῳ","οἷσιν ἐνὶ μεγάροις, στυγερῷ ἐπὶ θυμὸν ἀέθλῳ",tlg0001.tlg001.perseus-grc2.xml
Argonautica,tlg001,4,9,Αἰήτης ἄμοτον κεχολωμένος· οὐδʼ ὅγε πάμπαν,Αἰήτης ἄμοτον κεχολωμένος· οὐδ’ ὅγε πάμπαν,tlg0001.tlg001.perseus-grc2.xml
Argonautica,tlg001,4,10,θυγατέρων τάδε νόσφιν ἑῶν τελέεσθαι ἐώλπει.,θυγατέρων τάδε νόσφιν ἑῶν τελέεσθαι ἐώλπει.,tlg0001.tlg001.perseus-grc2.xml
Argonautica,tlg001,4,11,τῇ δʼ ἀλεγεινότατον κραδίῃ φόβον ἔμβαλεν Ἥρη·,τῇ δ’ ἀλεγεινότατον κραδίῃ φόβον ἔμβαλεν Ἥρη·,tlg0001.tlg001.perseus-grc2.xml
Argonautica,tlg001,4,12,"τρέσσεν δʼ, ἠύτε τις κούφη κεμάς, ἥν τε βαθείης","τρέσσεν δ’, ἠύτε τις κούφη κεμάς, ἥν τε βαθείης",tlg0001.tlg001.perseus-grc2.xml
Argonautica,tlg001,4,13,τάρφεσιν ἐν ξυλόχοιο κυνῶν ἐφόβησεν ὁμοκλή.,τάρφεσιν ἐν ξυλόχοιο κυνῶν ἐφόβησεν ὁμοκλή.,tlg0001.tlg001.perseus-grc2.xml
Argonautica,tlg001,4,14,"αὐτίκα γὰρ νημερτὲς ὀίσσατο, μή μιν ἀρωγὴν","αὐτίκα γὰρ νημερτὲς ὀίσσατο, μή μιν ἀρωγὴν",tlg0001.tlg001.perseus-grc2.xml
Argonautica,tlg001,4,15,"ληθέμεν, αἶψα δὲ πᾶσαν ἀναπλήσειν κακότητα.","ληθέμεν, αἶψα δὲ πᾶσαν ἀναπλήσειν κακότητα.",tlg0001.tlg001.perseus-grc2.xml
Argonautica,tlg001,4,16,τάρβει δʼ ἀμφιπόλους ἐπιίστορας· ἐν δέ οἱ ὄσσε,τάρβει δ’ ἀμφιπόλους ἐπιίστορας· ἐν δέ οἱ ὄσσε,tlg0001.tlg001.perseus-grc2.xml
Argonautica,tlg001,4,17,"πλῆτο πυρός, δεινὸν δὲ περιβρομέεσκον ἀκουαί.","πλῆτο πυρός, δεινὸν δὲ περιβρομέεσκον ἀκουαί.",tlg0001.tlg001.perseus-grc2.xml
Argonautica,tlg001,4,18,"πυκνὰ δὲ λευκανίης ἐπεμάσσατο, πυκνὰ δὲ κουρὶξ","πυκνὰ δὲ λευκανίης ἐπεμάσσατο, πυκνὰ δὲ κουρὶξ",tlg0001.tlg001.perseus-grc2.xml
Argonautica,tlg001,4,19,ἑλκομένη πλοκάμους γοερῇ βρυχήσατʼ ἀνίῃ.,ἑλκομένη πλοκάμους γοερῇ βρυχήσατ’ ἀνίῃ.,tlg0001.tlg001.perseus-grc2.xml
Argonautica,tlg001,4,20,"καί νύ κεν αὐτοῦ τῆμος ὑπὲρ μόρον ὤλετο κούρη,","καί νύ κεν αὐτοῦ τῆμος ὑπὲρ μόρον ὤλετο κούρη,",tlg0001.tlg001.perseus-grc2.xml
Argonautica,tlg001,4,21,"φάρμακα πασσαμένη, Ἥρης δʼ ἁλίωσε μενοινάς,","φάρμακα πασσαμένη, Ἥρης δ’ ἁλίωσε μενοινάς,",tlg0001.tlg001.perseus-grc2.xml
Argonautica,tlg001,4,22,εἰ μή μιν Φρίξοιο θεὰ σὺν παισὶ φέβεσθαι,εἰ μή μιν Φρίξοιο θεὰ σὺν παισὶ φέβεσθαι,tlg0001.tlg001.perseus-grc2.xml
Argonautica,tlg001,4,23,ὦρσεν ἀτυζομένην· πτερόεις δέ οἱ ἐν φρεσὶ θυμὸς,ὦρσεν ἀτυζομένην· πτερόεις δέ οἱ ἐν φρεσὶ θυμὸς,tlg0001.tlg001.perseus-grc2.xml
Argonautica,tlg001,4,24,ἰάνθη· μετὰ δʼ ἥγε παλίσσυτος ἀθρόα κόλπων,ἰάνθη· μετὰ δ’ ἥγε παλίσσυτος ἀθρόα κόλπων,tlg0001.tlg001.perseus-grc2.xml
Argonautica,tlg001,4,25,φάρμακα πάντʼ ἄμυδις κατεχεύατο φωριαμοῖο.,φάρμακα πάντ’ ἄμυδις κατεχεύατο φωριαμοῖο.,tlg0001.tlg001.perseus-grc2.xml
Argonautica,tlg001,4,26,κύσσε δʼ ἑόν τε λέχος καὶ δικλίδας ἀμφοτέρωθεν,κύσσε δ’ ἑόν τε λέχος καὶ δικλίδας ἀμφοτέρωθεν,tlg0001.tlg001.perseus-grc2.xml
Argonautica,tlg001,4,27,"σταθμούς, καὶ τοίχων ἐπαφήσατο, χερσί τε μακρὸν","σταθμούς, καὶ τοίχων ἐπαφήσατο, χερσί τε μακρὸν",tlg0001.tlg001.perseus-grc2.xml
Argonautica,tlg001,4,28,"ῥηξαμένη πλόκαμον, θαλάμῳ μνημήια μητρὶ","ῥηξαμένη πλόκαμον, θαλάμῳ μνημήια μητρὶ",tlg0001.tlg001.perseus-grc2.xml
Argonautica,tlg001,4,29,"κάλλιπε παρθενίης, ἀδινῇ δʼ ὀλοφύρατο φωνῇ·","κάλλιπε παρθενίης, ἀδινῇ δ’ ὀλοφύρατο φωνῇ·",tlg0001.tlg001.perseus-grc2.xml
Argonautica,tlg001,4,30,"τόνδε τοι ἀντʼ ἐμέθεν ταναὸν πλόκον εἶμι λιποῦσα,","τόνδε τοι ἀντ’ ἐμέθεν ταναὸν πλόκον εἶμι λιποῦσα,",tlg0001.tlg001.perseus-grc2.xml
Argonautica,tlg001,4,31,μῆτερ ἐμή· χαίροις δὲ καὶ ἄνδιχα πολλὸν ἰούσῃ·,μῆτερ ἐμή· χαίροις δὲ καὶ ἄνδιχα πολλὸν ἰούσῃ·,tlg0001.tlg001.perseus-grc2.xml
Argonautica,tlg001,4,32,"χαίροις Χαλκιόπη, καὶ πᾶς δόμος. αἴθε σε πόντος,","χαίροις Χαλκιόπη, καὶ πᾶς δόμος. αἴθε σε πόντος,",tlg0001.tlg001.perseus-grc2.xml
Argonautica,tlg001,4,33,"ξεῖνε, διέρραισεν, πρὶν Κολχίδα γαῖαν ἱκέσθαι.","ξεῖνε, διέρραισεν, πρὶν Κολχίδα γαῖαν ἱκέσθαι.",tlg0001.tlg001.perseus-grc2.xml
Argonautica,tlg001,4,34,ὧς ἄρʼ ἔφη· βλεφάρων δὲ κατʼ ἀθρόα δάκρυα χεῦεν.,ὧς ἄρ’ ἔφη· βλεφάρων δὲ κατ’ ἀθρόα δάκρυα χεῦεν.,tlg0001.tlg001.perseus-grc2.xml
Argonautica,tlg001,4,35,οἵη δʼ ἀφνειοῖο διειλυσθεῖσα δόμοιο,οἵη δ’ ἀφνειοῖο διειλυσθεῖσα δόμοιο,tlg0001.tlg001.perseus-grc2.xml
Argonautica,tlg001,4,36,"ληιάς, ἥν τε νέον πάτρης ἀπενόσφισεν αἶσα,","ληιάς, ἥν τε νέον πάτρης ἀπενόσφισεν αἶσα,",tlg0001.tlg001.perseus-grc2.xml
Argonautica,tlg001,4,37,"οὐδέ νύ πω μογεροῖο πεπείρηται καμάτοιο,","οὐδέ νύ πω μογεροῖο πεπείρηται καμάτοιο,",tlg0001.tlg001.perseus-grc2.xml
Argonautica,tlg001,4,38,ἀλλʼ ἔτʼ ἀηθέσσουσα δύης καὶ δούλια ἔργα,ἀλλ’ ἔτ’ ἀηθέσσουσα δύης καὶ δούλια ἔργα,tlg0001.tlg001.perseus-grc2.xml
Argonautica,tlg001,4,39,εἶσιν ἀτυζομενη χαλεπὰς ὑπὸ χεῖρας ἀνάσσης·,εἶσιν ἀτυζομενη χαλεπὰς ὑπὸ χεῖρας ἀνάσσης·,tlg0001.tlg001.perseus-grc2.xml
Argonautica,tlg001,4,40,τοίη ἄρʼ ἱμερόεσσα δόμων ἐξέσσυτο κούρη.,τοίη ἄρ’ ἱμερόεσσα δόμων ἐξέσσυτο κούρη.,tlg0001.tlg001.perseus-grc2.xml
Argonautica,tlg001,4,41,"τῇ δὲ καὶ αὐτόματοι θυρέων ἱπόειξαν ὀχῆες,","τῇ δὲ καὶ αὐτόματοι θυρέων ἱπόειξαν ὀχῆες,",tlg0001.tlg001.perseus-grc2.xml
Argonautica,tlg001,4,42,ὠκείαις ἄψορροι ἀναθρώσκοντες ἀοιδαῖς.,ὠκείαις ἄψορροι ἀναθρώσκοντες ἀοιδαῖς.,tlg0001.tlg001.perseus-grc2.xml
Argonautica,tlg001,4,43,"γυμνοῖσιν δὲ πόδεσσιν ἀνὰ στεινὰς θέεν οἴμους,","γυμνοῖσιν δὲ πόδεσσιν ἀνὰ στεινὰς θέεν οἴμους,",tlg0001.tlg001.perseus-grc2.xml
Argonautica,tlg001,4,44,λαιῇ μὲν χερὶ πέπλον ἐπʼ ὀφρύσιν ἀμφὶ μέτωπα,λαιῇ μὲν χερὶ πέπλον ἐπ’ ὀφρύσιν ἀμφὶ μέτωπα,tlg0001.tlg001.perseus-grc2.xml
Argonautica,tlg001,4,45,"στειλαμένη καὶ καλὰ παρήια, δεξιτερῇ δὲ","στειλαμένη καὶ καλὰ παρήια, δεξιτερῇ δὲ",tlg0001.tlg001.perseus-grc2.xml
Argonautica,tlg001,4,46,ἄκρην ὑψόθι πέζαν ἀερτάζουσα χιτῶνος.,ἄκρην ὑψόθι πέζαν ἀερτάζουσα χιτῶνος.,tlg0001.tlg001.perseus-grc2.xml
Argonautica,tlg001,4,47,καρπαλίμως δʼ ἀίδηλον ἀνὰ στίβον ἔκτοθι πύργων,καρπαλίμως δ’ ἀίδηλον ἀνὰ στίβον ἔκτοθι πύργων,tlg0001.tlg001.perseus-grc2.xml
Argonautica,tlg001,4,48,ἄστεος εὐρυχόροιο φόβῳ ἵκετʼ· οὐδέ τις ἔγνω,ἄστεος εὐρυχόροιο φόβῳ ἵκετ’· οὐδέ τις ἔγνω,tlg0001.tlg001.perseus-grc2.xml
Argonautica,tlg001,4,49,"τήνγε φυλακτήρων, λάθε δέ σφεας ὁρμηθεῖσα.","τήνγε φυλακτήρων, λάθε δέ σφεας ὁρμηθεῖσα.",tlg0001.tlg001.perseus-grc2.xml
Argonautica,tlg001,4,50,ἔνθεν ἴμεν νηόνδε μάλʼ ἐφράσατʼ· οὐ γὰρ ἄιδρις,ἔνθεν ἴμεν νηόνδε μάλ’ ἐφράσατ’· οὐ γὰρ ἄιδρις,tlg0001.tlg001.perseus-grc2.xml
Argonautica,tlg001,4,51,"ἦεν ὁδῶν, θαμὰ καὶ πρὶν ἀλωμένη ἀμφί τε νεκρούς,","ἦεν ὁδῶν, θαμὰ καὶ πρὶν ἀλωμένη ἀμφί τε νεκρούς,",tlg0001.tlg001.perseus-grc2.xml
Argonautica,tlg001,4,52,"ἀμφί τε δυσπαλέας ῥίζας χθονός, οἷα γυναῖκες","ἀμφί τε δυσπαλέας ῥίζας χθονός, οἷα γυναῖκες",tlg0001.tlg001.perseus-grc2.xml
Argonautica,tlg001,4,53,φαρμακίδες· τρομερῷ δʼ ὑπὸ δείματι πάλλετο θυμός.,φαρμακίδες· τρομερῷ δ’ ὑπὸ δείματι πάλλετο θυμός.,tlg0001.tlg001.perseus-grc2.xml
Argonautica,tlg001,4,54,τὴν δὲ νέον Τιτηνὶς ἀνερχομένη περάτηθεν,τὴν δὲ νέον Τιτηνὶς ἀνερχομένη περάτηθεν,tlg0001.tlg001.perseus-grc2.xml
Argonautica,tlg001,4,55,φοιταλέην ἐσιδοῦσα θεὰ ἐπεχήρατο Μήνη,φοιταλέην ἐσιδοῦσα θεὰ ἐπεχήρατο Μήνη,tlg0001.tlg001.perseus-grc2.xml
Argonautica,tlg001,4,56,"ἁρπαλέως, καὶ τοῖα μετὰ φρεσὶν ᾗσιν ἔειπεν·","ἁρπαλέως, καὶ τοῖα μετὰ φρεσὶν ᾗσιν ἔειπεν·",tlg0001.tlg001.perseus-grc2.xml
Argonautica,tlg001,4,57,"οὐκ ἄρʼ ἐγὼ μούνη μετὰ Λάτμιον ἄντρον ἀλύσκω,","οὐκ ἄρ’ ἐγὼ μούνη μετὰ Λάτμιον ἄντρον ἀλύσκω,",tlg0001.tlg001.perseus-grc2.xml
Argonautica,tlg001,4,58,οὐδʼ οἴη καλῷ περιδαίομαι Ἐνδυμίωνι·,οὐδ’ οἴη καλῷ περιδαίομαι Ἐνδυμίωνι·,tlg0001.tlg001.perseus-grc2.xml
Argonautica,tlg001,4,59,"ἦ θαμὰ δὴ καὶ σεῖο κίον δολίῃσιν ἀοιδαῖς,","ἦ θαμὰ δὴ καὶ σεῖο κίον δολίῃσιν ἀοιδαῖς,",tlg0001.tlg001.perseus-grc2.xml
Argonautica,tlg001,4,60,"μνησαμένη φιλότητος, ἵνα σκοτίῃ ἐνὶ νυκτὶ","μνησαμένη φιλότητος, ἵνα σκοτίῃ ἐνὶ νυκτὶ",tlg0001.tlg001.perseus-grc2.xml
Argonautica,tlg001,4,61,"φαρμάσσῃς εὔκηλος, ἅ τοι φίλα ἔργα τέτυκται.","φαρμάσσῃς εὔκηλος, ἅ τοι φίλα ἔργα τέτυκται.",tlg0001.tlg001.perseus-grc2.xml
Argonautica,tlg001,4,62,νῦν δὲ καὶ αὐτὴ δῆθεν ὁμοίης ἔμμορες ἄτης·,νῦν δὲ καὶ αὐτὴ δῆθεν ὁμοίης ἔμμορες ἄτης·,tlg0001.tlg001.perseus-grc2.xml
Argonautica,tlg001,4,63,δῶκε δʼ ἀνιηρόν τοι Ἰήσονα πῆμα γενέσθαι,δῶκε δ’ ἀνιηρόν τοι Ἰήσονα πῆμα γενέσθαι,tlg0001.tlg001.perseus-grc2.xml
Argonautica,tlg001,4,64,"δαίμων ἀλγινόεις. ἀλλʼ ἔρχεο, τέτλαθι δʼ ἔμπης,","δαίμων ἀλγινόεις. ἀλλ’ ἔρχεο, τέτλαθι δ’ ἔμπης,",tlg0001.tlg001.perseus-grc2.xml
Argonautica,tlg001,4,65,"καὶ πινυτή περ ἐοῦσα, πολύστονον ἄλγος ἀείρειν.","καὶ πινυτή περ ἐοῦσα, πολύστονον ἄλγος ἀείρειν.",tlg0001.tlg001.perseus-grc2.xml
Argonautica,tlg001,4,66,ὦς ἄρʼ ἔφη· τὴν δʼ αἶψα πόδες φέρον ἐγκονέουσαν.,ὦς ἄρ’ ἔφη· τὴν δ’ αἶψα πόδες φέρον ἐγκονέουσαν.,tlg0001.tlg001.perseus-grc2.xml
Argonautica,tlg001,4,67,"ἀσπασίως δʼ ὄχθῃσιν ἐπηέρθη ποταμοῖο,","ἀσπασίως δ’ ὄχθῃσιν ἐπηέρθη ποταμοῖο,",tlg0001.tlg001.perseus-grc2.xml
Argonautica,tlg001,4,68,"ἀντιπέρην λεύσσουσα πυρὸς σέλας, ὅ ῥά τʼ ἀέθλου","ἀντιπέρην λεύσσουσα πυρὸς σέλας, ὅ ῥά τ’ ἀέθλου",tlg0001.tlg001.perseus-grc2.xml
Argonautica,tlg001,4,69,παννύχιοι ἥρωες ἐυφροσύνῃσιν ἔδαιον.,παννύχιοι ἥρωες ἐυφροσύνῃσιν ἔδαιον.,tlg0001.tlg001.perseus-grc2.xml
Argonautica,tlg001,4,70,ὀξείῃ δἤπειτα διὰ κνέφας ὄρθια φωνῇ,ὀξείῃ δἤπειτα διὰ κνέφας ὄρθια φωνῇ,tlg0001.tlg001.perseus-grc2.xml
Argonautica,tlg001,4,71,"ὁπλότατον Φρίξοιο περαιόθεν ἤπυε παίδων,","ὁπλότατον Φρίξοιο περαιόθεν ἤπυε παίδων,",tlg0001.tlg001.perseus-grc2.xml
Argonautica,tlg001,4,72,φρόντιν· ὁ δὲ ξὺν ἑοῖσι κασιγνήτοις ὄπα κούρης,φρόντιν· ὁ δὲ ξὺν ἑοῖσι κασιγνήτοις ὄπα κούρης,tlg0001.tlg001.perseus-grc2.xml
Argonautica,tlg001,4,73,αὐτῷ τʼ Αἰσονίδῃ τεκμήρατο· σῖγα δʼ ἑταῖροι,αὐτῷ τ’ Αἰσονίδῃ τεκμήρατο· σῖγα δ’ ἑταῖροι,tlg0001.tlg001.perseus-grc2.xml
Argonautica,tlg001,4,74,"θάμβεον, εὖτʼ ἐνόησαν ὃ δὴ καὶ ἐτήτυμον ἦεν.","θάμβεον, εὖτ’ ἐνόησαν ὃ δὴ καὶ ἐτήτυμον ἦεν.",tlg0001.tlg001.perseus-grc2.xml
Argonautica,tlg001,4,75,"τρὶς μὲν ἀνήυσεν, τρὶς δʼ ὀτρύνοντος ὁμίλου","τρὶς μὲν ἀνήυσεν, τρὶς δ’ ὀτρύνοντος ὁμίλου",tlg0001.tlg001.perseus-grc2.xml
Argonautica,tlg001,4,76,Φρόντις ἀμοιβήδην ἀντίαχεν· οἱ δʼ ἄρα τείως,Φρόντις ἀμοιβήδην ἀντίαχεν· οἱ δ’ ἄρα τείως,tlg0001.tlg001.perseus-grc2.xml
Argonautica,tlg001,4,77,ἥρωες μετὰ τήνγε θοοῖς ἐλάασκον ἐρετμοῖς.,ἥρωες μετὰ τήνγε θοοῖς ἐλάασκον ἐρετμοῖς.,tlg0001.tlg001.perseus-grc2.xml
Argonautica,tlg001,4,78,οὔπω πείσματα νηὸς ἐπʼ ἠπείροιο περαίης,οὔπω πείσματα νηὸς ἐπ’ ἠπείροιο περαίης,tlg0001.tlg001.perseus-grc2.xml
Argonautica,tlg001,4,79,"βάλλον, ὁ δὲ κραιπνοὺς χέρσῳ πόδας ἧκεν Ἰήσων","βάλλον, ὁ δὲ κραιπνοὺς χέρσῳ πόδας ἧκεν Ἰήσων",tlg0001.tlg001.perseus-grc2.xml
Argonautica,tlg001,4,80,"ὑψοῦ ἀπʼ ἰκριόφιν· μετὰ δὲ Φρόντις τε καὶ Ἄργος,","ὑψοῦ ἀπ’ ἰκριόφιν· μετὰ δὲ Φρόντις τε καὶ Ἄργος,",tlg0001.tlg001.perseus-grc2.xml
Argonautica,tlg001,4,81,"υἷε δύω Φρίξου, χαμάδις θόρον· ἡ δʼ ἄρα τούσγε","υἷε δύω Φρίξου, χαμάδις θόρον· ἡ δ’ ἄρα τούσγε",tlg0001.tlg001.perseus-grc2.xml
Argonautica,tlg001,4,82,γούνων ἀμφοτέρῃσι περισχομένη προσέειπεν·,γούνων ἀμφοτέρῃσι περισχομένη προσέειπεν·,tlg0001.tlg001.perseus-grc2.xml
Argonautica,tlg001,4,83,"ἔκ με, φίλοι, ῥύσασθε δυσάμμορον, ὧς δὲ καὶ αὐτοὺς","ἔκ με, φίλοι, ῥύσασθε δυσάμμορον, ὧς δὲ καὶ αὐτοὺς",tlg0001.tlg001.perseus-grc2.xml
Argonautica,tlg001,4,84,"ὑμέας Αἰήταο, πρὸ γάρ τʼ ἀναφανδὰ τέτυκται","ὑμέας Αἰήταο, πρὸ γάρ τ’ ἀναφανδὰ τέτυκται",tlg0001.tlg001.perseus-grc2.xml
Argonautica,tlg001,4,85,"πάντα μάλʼ, οὐδέ τι μῆχος ἱκάνεται. ἀλλʼ ἐπὶ νηὶ","πάντα μάλ’, οὐδέ τι μῆχος ἱκάνεται. ἀλλ’ ἐπὶ νηὶ",tlg0001.tlg001.perseus-grc2.xml
Argonautica,tlg001,4,86,"φεύγωμεν, πρὶν τόνδε θοῶν ἐπιβήμεναι ἵππων.","φεύγωμεν, πρὶν τόνδε θοῶν ἐπιβήμεναι ἵππων.",tlg0001.tlg001.perseus-grc2.xml
Argonautica,tlg001,4,87,"δώσω δὲ χρύσειον ἐγὼ δέρος, εὐνήσασα","δώσω δὲ χρύσειον ἐγὼ δέρος, εὐνήσασα",tlg0001.tlg001.perseus-grc2.xml
Argonautica,tlg001,4,88,"φρουρὸν ὄφιν· τύνη δὲ θεοὺς ἐνὶ σοῖσιν ἑταίροις,","φρουρὸν ὄφιν· τύνη δὲ θεοὺς ἐνὶ σοῖσιν ἑταίροις,",tlg0001.tlg001.perseus-grc2.xml
Argonautica,tlg001,4,89,"ξεῖνε, τεῶν μύθων ἐπιίστορας, οὕς μοι ὑπέστης,","ξεῖνε, τεῶν μύθων ἐπιίστορας, οὕς μοι ὑπέστης,",tlg0001.tlg001.perseus-grc2.xml
Argonautica,tlg001,4,90,ποίησαι· μηδʼ ἔνθεν ἑκαστέρω ὁρμηθεῖσαν,ποίησαι· μηδ’ ἔνθεν ἑκαστέρω ὁρμηθεῖσαν,tlg0001.tlg001.perseus-grc2.xml
Argonautica,tlg001,4,91,χήτει κηδεμόνων ὀνοτὴν καὶ ἀεικέα θείης.,χήτει κηδεμόνων ὀνοτὴν καὶ ἀεικέα θείης.,tlg0001.tlg001.perseus-grc2.xml
Argonautica,tlg001,4,92,Ἴσκεν ἀκηχεμένη· μέγα δὲ φρένες Αἰσονίδαο,Ἴσκεν ἀκηχεμένη· μέγα δὲ φρένες Αἰσονίδαο,tlg0001.tlg001.perseus-grc2.xml
Argonautica,tlg001,4,93,γήθεον· αἶψα δέ μιν περὶ γούνασι πεπτηυῖαν,γήθεον· αἶψα δέ μιν περὶ γούνασι πεπτηυῖαν,tlg0001.tlg001.perseus-grc2.xml
Argonautica,tlg001,4,94,"ἦκʼ ἀναειρόμενος προσπτύξατο, θάρσυνέν τε·","ἦκ’ ἀναειρόμενος προσπτύξατο, θάρσυνέν τε·",tlg0001.tlg001.perseus-grc2.xml
Argonautica,tlg001,4,95,"δαιμονίη, Ζεὺς αὐτὸς Ὀλύμπιος ὅρκιος ἔστω,","δαιμονίη, Ζεὺς αὐτὸς Ὀλύμπιος ὅρκιος ἔστω,",tlg0001.tlg001.perseus-grc2.xml
Argonautica,tlg001,4,96,"Ἥρη τε Ζυγίη, Διὸς εὐνέτις, ἦ μὲν ἐμοῖσιν","Ἥρη τε Ζυγίη, Διὸς εὐνέτις, ἦ μὲν ἐμοῖσιν",tlg0001.tlg001.perseus-grc2.xml
Argonautica,tlg001,4,97,"κουριδίην σε δόμοισιν ἐνιστήσεσθαι ἄκοιτιν,","κουριδίην σε δόμοισιν ἐνιστήσεσθαι ἄκοιτιν,",tlg0001.tlg001.perseus-grc2.xml
Argonautica,tlg001,4,98,εὖτʼ ἂν ἐς Ἑλλάδα γαῖαν ἱκώμεθα νοστήσαντες.,εὖτ’ ἂν ἐς Ἑλλάδα γαῖαν ἱκώμεθα νοστήσαντες.,tlg0001.tlg001.perseus-grc2.xml
Argonautica,tlg001,4,99,"ὧς ηὔδα, καὶ χεῖρα παρασχεδὸν ἤραρε χειρὶ","ὧς ηὔδα, καὶ χεῖρα παρασχεδὸν ἤραρε χειρὶ",tlg0001.tlg001.perseus-grc2.xml
Argonautica,tlg001,4,100,δεξιτερήν· ἡ δέ σφιν ἐς ἱερὸν ἄλσος ἀνώγει,δεξιτερήν· ἡ δέ σφιν ἐς ἱερὸν ἄλσος ἀνώγει,tlg0001.tlg001.perseus-grc2.xml
Argonautica,tlg001,4,101,"νῆα θοὴν ἐλάαν αὐτοσχεδόν, ὄφρʼ ἔτι νύκτωρ","νῆα θοὴν ἐλάαν αὐτοσχεδόν, ὄφρ’ ἔτι νύκτωρ",tlg0001.tlg001.perseus-grc2.xml
Argonautica,tlg001,4,102,κῶας ἑλόντες ἄγοιντο παρὲκ νόον Αἰήταο.,κῶας ἑλόντες ἄγοιντο παρὲκ νόον Αἰήταο.,tlg0001.tlg001.perseus-grc2.xml
Argonautica,tlg001,4,103,ἔνθʼ ἔπος ἠδὲ καὶ ἔργον ὁμοῦ πέλεν ἐσσυμένοισιν.,ἔνθ’ ἔπος ἠδὲ καὶ ἔργον ὁμοῦ πέλεν ἐσσυμένοισιν.,tlg0001.tlg001.perseus-grc2.xml
Argonautica,tlg001,4,104,"εἰς γάρ μιν βήσαντες, ἀπὸ χθονὸς αὐτίκʼ ἔωσαν","εἰς γάρ μιν βήσαντες, ἀπὸ χθονὸς αὐτίκ’ ἔωσαν",tlg0001.tlg001.perseus-grc2.xml
Argonautica,tlg001,4,105,νῆα· πολὺς δʼ ὀρυμαγδὸς ἐπειγομένων ἐλάτῃσιν,νῆα· πολὺς δ’ ὀρυμαγδὸς ἐπειγομένων ἐλάτῃσιν,tlg0001.tlg001.perseus-grc2.xml
Argonautica,tlg001,4,106,ἦεν ἀριστήων· ἡ δʼ ἔμπαλιν ἀίσσουσα,ἦεν ἀριστήων· ἡ δ’ ἔμπαλιν ἀίσσουσα,tlg0001.tlg001.perseus-grc2.xml
Argonautica,tlg001,4,107,γαίῃ χεῖρας ἔτεινεν ἀμήχανος. αὐτὰρ Ἰήσων,γαίῃ χεῖρας ἔτεινεν ἀμήχανος. αὐτὰρ Ἰήσων,tlg0001.tlg001.perseus-grc2.xml
Argonautica,tlg001,4,108,"θάρσυνέν τʼ ἐπέεσσι, καὶ ἴσχανεν ἀσχαλόωσαν.","θάρσυνέν τ’ ἐπέεσσι, καὶ ἴσχανεν ἀσχαλόωσαν.",tlg0001.tlg001.perseus-grc2.xml
Argonautica,tlg001,4,109,ἦμος δʼ ἀνέρες ὕπνον ἀπʼ ὀφθαλμῶν ἐβάλοντο,ἦμος δ’ ἀνέρες ὕπνον ἀπ’ ὀφθαλμῶν ἐβάλοντο,tlg0001.tlg001.perseus-grc2.xml
Argonautica,tlg001,4,110,"ἀγρόται, οἵ τε κύνεσσι πεποιθότες οὔποτε νύκτα","ἀγρόται, οἵ τε κύνεσσι πεποιθότες οὔποτε νύκτα",tlg0001.tlg001.perseus-grc2.xml
Argonautica,tlg001,4,111,"ἄγχαυρον κνώσσουσιν, ἀλευάμενοι φάος ἠοῦς,","ἄγχαυρον κνώσσουσιν, ἀλευάμενοι φάος ἠοῦς,",tlg0001.tlg001.perseus-grc2.xml
Argonautica,tlg001,4,112,μὴ πρὶν ἀμαλδύνῃ θηρῶν στίβον ἠδὲ καὶ ὀδμὴν,μὴ πρὶν ἀμαλδύνῃ θηρῶν στίβον ἠδὲ καὶ ὀδμὴν,tlg0001.tlg001.perseus-grc2.xml
Argonautica,tlg001,4,113,θηρείην λευκῇσιν ἐνισκίμψασα βολῇσιν·,θηρείην λευκῇσιν ἐνισκίμψασα βολῇσιν·,tlg0001.tlg001.perseus-grc2.xml
Argonautica,tlg001,4,114,τῆμος ἄρʼ Αἰσονίδης κούρη τʼ ἀπὸ νηὸς ἔβησαν,τῆμος ἄρ’ Αἰσονίδης κούρη τ’ ἀπὸ νηὸς ἔβησαν,tlg0001.tlg001.perseus-grc2.xml
Argonautica,tlg001,4,115,"ποιήεντʼ ἀνὰ χῶρον, ἵνα κριοῦ καλέονται","ποιήεντ’ ἀνὰ χῶρον, ἵνα κριοῦ καλέονται",tlg0001.tlg001.perseus-grc2.xml
Argonautica,tlg001,4,116,"εὐναί, ὅθι πρῶτον κεκμηότα γούνατʼ ἔκαμψεν,","εὐναί, ὅθι πρῶτον κεκμηότα γούνατ’ ἔκαμψεν,",tlg0001.tlg001.perseus-grc2.xml
Argonautica,tlg001,4,117,νώτοισιν φορέων Μινυήιον υἷʼ Ἀθάμαντος.,νώτοισιν φορέων Μινυήιον υἷ’ Ἀθάμαντος.,tlg0001.tlg001.perseus-grc2.xml
Argonautica,tlg001,4,118,"ἐγγύθι δʼ αἰθαλόεντα πελεν βωμοῖο θέμεθλα,","ἐγγύθι δ’ αἰθαλόεντα πελεν βωμοῖο θέμεθλα,",tlg0001.tlg001.perseus-grc2.xml
Argonautica,tlg001,4,119,"ὅν ῥά ποτʼ Αἰολίδης Διὶ Φυξίῳ εἵσατο Φρίξος,","ὅν ῥά ποτ’ Αἰολίδης Διὶ Φυξίῳ εἵσατο Φρίξος,",tlg0001.tlg001.perseus-grc2.xml
Argonautica,tlg001,4,120,"ῥέζων κεῖνο τέρας παγχρύσεον, ὥς οἱ ἔειπεν","ῥέζων κεῖνο τέρας παγχρύσεον, ὥς οἱ ἔειπεν",tlg0001.tlg001.perseus-grc2.xml
Argonautica,tlg001,4,121,Ἑρμείας πρόφρων ξυμβλήμενος. ἔνθʼ ἄρα τούσγε,Ἑρμείας πρόφρων ξυμβλήμενος. ἔνθ’ ἄρα τούσγε,tlg0001.tlg001.perseus-grc2.xml
Argonautica,tlg001,4,122,Ἄργου φραδμοσύνῃσιν ἀριστῆες μεθέηκαν.,Ἄργου φραδμοσύνῃσιν ἀριστῆες μεθέηκαν.,tlg0001.tlg001.perseus-grc2.xml
Argonautica,tlg001,4,123,"τὼ δὲ διʼ ἀτραπιτοῖο μεθʼ ἱερὸν ἄλσος ἵκοντο,","τὼ δὲ δι’ ἀτραπιτοῖο μεθ’ ἱερὸν ἄλσος ἵκοντο,",tlg0001.tlg001.perseus-grc2.xml
Argonautica,tlg001,4,124,"φηγὸν ἀπειρεσίην διζημένω, ᾗ ἔπι κῶας","φηγὸν ἀπειρεσίην διζημένω, ᾗ ἔπι κῶας",tlg0001.tlg001.perseus-grc2.xml
Argonautica,tlg001,4,125,"βέβλητο, νεφέλῃ ἐναλίγκιον, ἥ τʼ ἀνιόντος","βέβλητο, νεφέλῃ ἐναλίγκιον, ἥ τ’ ἀνιόντος",tlg0001.tlg001.perseus-grc2.xml
Argonautica,tlg001,4,126,ἠελίου φλογερῇσιν ἐρεύθεται ἀκτίνεσσιν.,ἠελίου φλογερῇσιν ἐρεύθεται ἀκτίνεσσιν.,tlg0001.tlg001.perseus-grc2.xml
Argonautica,tlg001,4,127,αὐτὰρ ὁ ἀντικρὺ περιμήκεα τείνετο δειρὴν,αὐτὰρ ὁ ἀντικρὺ περιμήκεα τείνετο δειρὴν,tlg0001.tlg001.perseus-grc2.xml
Argonautica,tlg001,4,128,ὀξὺς ἀύπνοισιν προϊδὼν ὄφις ὀφθαλμοῖσιν,ὀξὺς ἀύπνοισιν προϊδὼν ὄφις ὀφθαλμοῖσιν,tlg0001.tlg001.perseus-grc2.xml
Argonautica,tlg001,4,129,"νισσομένους, ῥοίζει δὲ πελώριον· ἀμφὶ δὲ μακραὶ","νισσομένους, ῥοίζει δὲ πελώριον· ἀμφὶ δὲ μακραὶ",tlg0001.tlg001.perseus-grc2.xml
Argonautica,tlg001,4,130,ἠιόνες ποταμοῖο καὶ ἄσπετον ἴαχεν ἄλσος.,ἠιόνες ποταμοῖο καὶ ἄσπετον ἴαχεν ἄλσος.,tlg0001.tlg001.perseus-grc2.xml
Argonautica,tlg001,4,131,ἔκλυον οἳ καὶ πολλὸν ἑκὰς Τιτηνίδος Αἴης,ἔκλυον οἳ καὶ πολλὸν ἑκὰς Τιτηνίδος Αἴης,tlg0001.tlg001.perseus-grc2.xml
Argonautica,tlg001,4,132,"Κολχίδα γῆν ἐνέμοντο παρὰ προχοῇσι Λύκοιο,","Κολχίδα γῆν ἐνέμοντο παρὰ προχοῇσι Λύκοιο,",tlg0001.tlg001.perseus-grc2.xml
Argonautica,tlg001,4,133,ὅς τʼ ἀποκιδνάμενος ποταμοῦ κελάδοντος Ἀράξεω,ὅς τ’ ἀποκιδνάμενος ποταμοῦ κελάδοντος Ἀράξεω,tlg0001.tlg001.perseus-grc2.xml
Argonautica,tlg001,4,134,Φάσιδι συμφέρεται ἱερὸν ῥόον· οἱ δὲ συνάμφω,Φάσιδι συμφέρεται ἱερὸν ῥόον· οἱ δὲ συνάμφω,tlg0001.tlg001.perseus-grc2.xml
Argonautica,tlg001,4,135,Καυκασίην ἅλαδʼ εἰς ἓν ἐλαυνόμενοι προχέουσιν.,Καυκασίην ἅλαδ’ εἰς ἓν ἐλαυνόμενοι προχέουσιν.,tlg0001.tlg001.perseus-grc2.xml
Argonautica,tlg001,4,136,"δείματι δʼ ἐξέγροντο λεχωίδες, ἀμφὶ δὲ παισὶν","δείματι δ’ ἐξέγροντο λεχωίδες, ἀμφὶ δὲ παισὶν",tlg0001.tlg001.perseus-grc2.xml
Argonautica,tlg001,4,137,"νηπιάχοις, οἵ τέ σφιν ὑπʼ ἀγκαλίδεσσιν ἴαυον,","νηπιάχοις, οἵ τέ σφιν ὑπ’ ἀγκαλίδεσσιν ἴαυον,",tlg0001.tlg001.perseus-grc2.xml
Argonautica,tlg001,4,138,ῥοίζῳ παλλομένοις χεῖρας βάλον ἀσχαλόωσαι.,ῥοίζῳ παλλομένοις χεῖρας βάλον ἀσχαλόωσαι.,tlg0001.tlg001.perseus-grc2.xml
Argonautica,tlg001,4,139,ὡς δʼ ὅτε τυφομένης ὕλης ὕπερ αἰθαλόεσσαι,ὡς δ’ ὅτε τυφομένης ὕλης ὕπερ αἰθαλόεσσαι,tlg0001.tlg001.perseus-grc2.xml
Argonautica,tlg001,4,140,"καπνοῖο στροφάλιγγες ἀπείριτοι εἱλίσσονται,","καπνοῖο στροφάλιγγες ἀπείριτοι εἱλίσσονται,",tlg0001.tlg001.perseus-grc2.xml
Argonautica,tlg001,4,141,ἄλλη δʼ αἶψʼ ἑτέρῃ ἐπιτέλλεται αἰὲν ἐπιπρὸ,ἄλλη δ’ αἶψ’ ἑτέρῃ ἐπιτέλλεται αἰὲν ἐπιπρὸ,tlg0001.tlg001.perseus-grc2.xml
Argonautica,tlg001,4,142,νειόθεν εἰλίγγοισιν ἐπήορος ἐξανιοῦσα·,νειόθεν εἰλίγγοισιν ἐπήορος ἐξανιοῦσα·,tlg0001.tlg001.perseus-grc2.xml
Argonautica,tlg001,4,143,ὧς τότε κεῖνο πέλωρον ἀπειρεσίας ἐλέλιξεν,ὧς τότε κεῖνο πέλωρον ἀπειρεσίας ἐλέλιξεν,tlg0001.tlg001.perseus-grc2.xml
Argonautica,tlg001,4,144,ῥυμβόνας ἀζαλέῃσιν ἐπηρεφέας φολίδεσσιν.,ῥυμβόνας ἀζαλέῃσιν ἐπηρεφέας φολίδεσσιν.,tlg0001.tlg001.perseus-grc2.xml
Argonautica,tlg001,4,145,"τοῖο δʼ ἑλισσομένοιο κατʼ ὄμματα νίσσετο κούρη,","τοῖο δ’ ἑλισσομένοιο κατ’ ὄμματα νίσσετο κούρη,",tlg0001.tlg001.perseus-grc2.xml
Argonautica,tlg001,4,146,"ὕπνον ἀοσσητῆρα, θεῶν ὕπατον, καλέουσα","ὕπνον ἀοσσητῆρα, θεῶν ὕπατον, καλέουσα",tlg0001.tlg001.perseus-grc2.xml
Argonautica,tlg001,4,147,"ἡδείῃ ἐνοπῇ, θέλξαι τέρας· αὖε δʼ ἄνασσαν","ἡδείῃ ἐνοπῇ, θέλξαι τέρας· αὖε δ’ ἄνασσαν",tlg0001.tlg001.perseus-grc2.xml
Argonautica,tlg001,4,148,"νυκτιπόλον, χθονίην, εὐαντέα δοῦναι ἐφορμήν.","νυκτιπόλον, χθονίην, εὐαντέα δοῦναι ἐφορμήν.",tlg0001.tlg001.perseus-grc2.xml
Argonautica,tlg001,4,149,"εἵπετο δʼ Αἰσονίδης πεφοβημένος, αὐτὰρ ὅγʼ ἤδη","εἵπετο δ’ Αἰσονίδης πεφοβημένος, αὐτὰρ ὅγ’ ἤδη",tlg0001.tlg001.perseus-grc2.xml
Argonautica,tlg001,4,150,οἴμῃ θελγόμενος δολιχὴν ἀνελύετʼ ἄκανθαν,οἴμῃ θελγόμενος δολιχὴν ἀνελύετ’ ἄκανθαν,tlg0001.tlg001.perseus-grc2.xml
Argonautica,tlg001,4,151,"γηγενέος σπείρης, μήκυνε δὲ μυρία κύκλα,","γηγενέος σπείρης, μήκυνε δὲ μυρία κύκλα,",tlg0001.tlg001.perseus-grc2.xml
Argonautica,tlg001,4,152,οἷον ὅτε βληχροῖσι κυλινδόμενον πελάγεσσιν,οἷον ὅτε βληχροῖσι κυλινδόμενον πελάγεσσιν,tlg0001.tlg001.perseus-grc2.xml
Argonautica,tlg001,4,153,κῦμα μέλαν κωφόν τε καὶ ἄβρομον· ἀλλὰ καὶ ἔμπης,κῦμα μέλαν κωφόν τε καὶ ἄβρομον· ἀλλὰ καὶ ἔμπης,tlg0001.tlg001.perseus-grc2.xml
Argonautica,tlg001,4,154,ὑψοῦ σμερδαλέην κεφαλὴν μενέαινεν ἀείρας,ὑψοῦ σμερδαλέην κεφαλὴν μενέαινεν ἀείρας,tlg0001.tlg001.perseus-grc2.xml
Argonautica,tlg001,4,155,ἀμφοτέρους ὀλοῇσι περιπτύξαι γενύεσσιν.,ἀμφοτέρους ὀλοῇσι περιπτύξαι γενύεσσιν.,tlg0001.tlg001.perseus-grc2.xml
Argonautica,tlg001,4,156,ἡ δέ μιν ἀρκεύθοιο νέον τετμηότι θαλλῷ,ἡ δέ μιν ἀρκεύθοιο νέον τετμηότι θαλλῷ,tlg0001.tlg001.perseus-grc2.xml
Argonautica,tlg001,4,157,βάπτουσʼ ἐκ κυκεῶνος ἀκήρατα φάρμακʼ ἀοιδαῖς,βάπτουσ’ ἐκ κυκεῶνος ἀκήρατα φάρμακ’ ἀοιδαῖς,tlg0001.tlg001.perseus-grc2.xml
Argonautica,tlg001,4,158,ῥαῖνε κατʼ ὀφθαλμῶν· περί τʼ ἀμφί τε νήριτος ὀδμὴ,ῥαῖνε κατ’ ὀφθαλμῶν· περί τ’ ἀμφί τε νήριτος ὀδμὴ,tlg0001.tlg001.perseus-grc2.xml
Argonautica,tlg001,4,159,φαρμάκου ὕπνον ἔβαλλε· γένυν δʼ αὐτῇ ἐνὶ χώρῃ,φαρμάκου ὕπνον ἔβαλλε· γένυν δ’ αὐτῇ ἐνὶ χώρῃ,tlg0001.tlg001.perseus-grc2.xml
Argonautica,tlg001,4,160,θῆκεν ἐρεισάμενος· τὰ δʼ ἀπείρονα πολλὸν ὀπίσσω,θῆκεν ἐρεισάμενος· τὰ δ’ ἀπείρονα πολλὸν ὀπίσσω,tlg0001.tlg001.perseus-grc2.xml
Argonautica,tlg001,4,161,κύκλα πολυπρέμνοιο διὲξ ὕλης τετάνυστο.,κύκλα πολυπρέμνοιο διὲξ ὕλης τετάνυστο.,tlg0001.tlg001.perseus-grc2.xml
Argonautica,tlg001,4,162,"ἔνθα δʼ ὁ μὲν χρύσειον ἀπὸ δρυὸς αἴνυτο κῶας,","ἔνθα δ’ ὁ μὲν χρύσειον ἀπὸ δρυὸς αἴνυτο κῶας,",tlg0001.tlg001.perseus-grc2.xml
Argonautica,tlg001,4,163,κούρης κεκλομένης· ἡ δʼ ἔμπεδον ἑστηυῖα,κούρης κεκλομένης· ἡ δ’ ἔμπεδον ἑστηυῖα,tlg0001.tlg001.perseus-grc2.xml
Argonautica,tlg001,4,164,"φαρμάκῳ ἔψηχεν θηρὸς κάρη, εἰσόκε δή μιν","φαρμάκῳ ἔψηχεν θηρὸς κάρη, εἰσόκε δή μιν",tlg0001.tlg001.perseus-grc2.xml
Argonautica,tlg001,4,165,αὐτὸς ἑὴν ἐπὶ νῆα παλιντροπάασθαι Ἰήσων,αὐτὸς ἑὴν ἐπὶ νῆα παλιντροπάασθαι Ἰήσων,tlg0001.tlg001.perseus-grc2.xml
Argonautica,tlg001,4,166,"ἤνωγεν, λεῖπεν δὲ πολύσκιον ἄλσος Ἄρηος.","ἤνωγεν, λεῖπεν δὲ πολύσκιον ἄλσος Ἄρηος.",tlg0001.tlg001.perseus-grc2.xml
Argonautica,tlg001,4,167,ὡς δὲ σεληναίην διχομήνιδα παρθένος αἴγλην,ὡς δὲ σεληναίην διχομήνιδα παρθένος αἴγλην,tlg0001.tlg001.perseus-grc2.xml
Argonautica,tlg001,4,168,ὑψόθεν ἐξανέχουσαν ὑπωροφίου θαλάμοιο,ὑψόθεν ἐξανέχουσαν ὑπωροφίου θαλάμοιο,tlg0001.tlg001.perseus-grc2.xml
Argonautica,tlg001,4,169,λεπταλέῳ ἑανῷ ὑποΐσχεται· ἐν δέ οἱ ἦτορ,λεπταλέῳ ἑανῷ ὑποΐσχεται· ἐν δέ οἱ ἦτορ,tlg0001.tlg001.perseus-grc2.xml
Argonautica,tlg001,4,170,χαίρει δερκομένης καλὸν σέλας· ὧς τότʼ Ἰήσων,χαίρει δερκομένης καλὸν σέλας· ὧς τότ’ Ἰήσων,tlg0001.tlg001.perseus-grc2.xml
Argonautica,tlg001,4,171,γηθόσυνος μέγα κῶας ἑαῖς ἐναείρατο χερσίν·,γηθόσυνος μέγα κῶας ἑαῖς ἐναείρατο χερσίν·,tlg0001.tlg001.perseus-grc2.xml
Argonautica,tlg001,4,172,καί οἱ ἐπὶ ξανθῇσι παρηίσιν ἠδὲ μετώπῳ,καί οἱ ἐπὶ ξανθῇσι παρηίσιν ἠδὲ μετώπῳ,tlg0001.tlg001.perseus-grc2.xml
Argonautica,tlg001,4,173,μαρμαρυγῇ ληνέων φλογὶ εἴκελον ἷζεν ἔρευθος.,μαρμαρυγῇ ληνέων φλογὶ εἴκελον ἷζεν ἔρευθος.,tlg0001.tlg001.perseus-grc2.xml
Argonautica,tlg001,4,174,ὅσση δὲ ῥινὸς βοὸς ἤνιος ἢ ἐλάφοιο,ὅσση δὲ ῥινὸς βοὸς ἤνιος ἢ ἐλάφοιο,tlg0001.tlg001.perseus-grc2.xml
Argonautica,tlg001,4,175,"γίγνεται, ἥν τʼ ἀγρῶσται ἀχαιινέην καλέουσιν,","γίγνεται, ἥν τ’ ἀγρῶσται ἀχαιινέην καλέουσιν,",tlg0001.tlg001.perseus-grc2.xml
Argonautica,tlg001,4,176,τόσσον ἔην πάντῃ χρύσεον ἐφύπερθεν ἄωτον.,τόσσον ἔην πάντῃ χρύσεον ἐφύπερθεν ἄωτον.,tlg0001.tlg001.perseus-grc2.xml
Argonautica,tlg001,4,177,βεβρίθει λήνεσσιν ἐπηρεφές· ἤλιθα δὲ χθὼν,βεβρίθει λήνεσσιν ἐπηρεφές· ἤλιθα δὲ χθὼν,tlg0001.tlg001.perseus-grc2.xml
Argonautica,tlg001,4,178,αἰὲν ὑποπρὸ ποδῶν ἀμαρύσσετο νισσομένοιο.,αἰὲν ὑποπρὸ ποδῶν ἀμαρύσσετο νισσομένοιο.,tlg0001.tlg001.perseus-grc2.xml
Argonautica,tlg001,4,179,ἤιε δʼ ἄλλοτε μὲν λαιῷ ἐπιειμένος ὤμῳ,ἤιε δ’ ἄλλοτε μὲν λαιῷ ἐπιειμένος ὤμῳ,tlg0001.tlg001.perseus-grc2.xml
Argonautica,tlg001,4,180,"αὐχένος ἐξ ὑπάτοιο ποδηνεκές, ἄλλοτε δʼ αὖτε","αὐχένος ἐξ ὑπάτοιο ποδηνεκές, ἄλλοτε δ’ αὖτε",tlg0001.tlg001.perseus-grc2.xml
Argonautica,tlg001,4,181,"εἴλει ἀφασσόμενος· περὶ γὰρ δίεν, ὄφρα ἓ μή τις","εἴλει ἀφασσόμενος· περὶ γὰρ δίεν, ὄφρα ἓ μή τις",tlg0001.tlg001.perseus-grc2.xml
Argonautica,tlg001,4,182,ἀνδρῶν ἠὲ θεῶν νοσφίσσεται ἀντιβολήσας.,ἀνδρῶν ἠὲ θεῶν νοσφίσσεται ἀντιβολήσας.,tlg0001.tlg001.perseus-grc2.xml
Argonautica,tlg001,4,183,"Ἠὼς μέν ῥʼ ἐπὶ γαῖαν ἐκίδνατο, τοὶ δʼ ἐς ὅμιλον","Ἠὼς μέν ῥ’ ἐπὶ γαῖαν ἐκίδνατο, τοὶ δ’ ἐς ὅμιλον",tlg0001.tlg001.perseus-grc2.xml
Argonautica,tlg001,4,184,ἷξον· θάμβησαν δὲ νέοι μέγα κῶας ἰδόντες,ἷξον· θάμβησαν δὲ νέοι μέγα κῶας ἰδόντες,tlg0001.tlg001.perseus-grc2.xml
Argonautica,tlg001,4,185,λαμπόμενον στεροπῇ ἴκελον Διός. ὦρτο δʼ ἕκαστος,λαμπόμενον στεροπῇ ἴκελον Διός. ὦρτο δ’ ἕκαστος,tlg0001.tlg001.perseus-grc2.xml
Argonautica,tlg001,4,186,ψαῦσαι ἐελδόμενος δέχθαι τʼ ἐνὶ χερσὶν ἑῇσιν.,ψαῦσαι ἐελδόμενος δέχθαι τ’ ἐνὶ χερσὶν ἑῇσιν.,tlg0001.tlg001.perseus-grc2.xml
Argonautica,tlg001,4,187,"Αἰσονίδης δʼ ἄλλους μὲν ἐρήτυε, τῷ δʼ ἐπὶ φᾶρος","Αἰσονίδης δ’ ἄλλους μὲν ἐρήτυε, τῷ δ’ ἐπὶ φᾶρος",tlg0001.tlg001.perseus-grc2.xml
Argonautica,tlg001,4,188,κάββαλε νηγάτεον· πρύμνῃ δʼ ἐνεείσατο κούρην,κάββαλε νηγάτεον· πρύμνῃ δ’ ἐνεείσατο κούρην,tlg0001.tlg001.perseus-grc2.xml
Argonautica,tlg001,4,189,"ἀνθέμενος, καὶ τοῖον ἔπος μετὰ πᾶσιν ἔειπεν·","ἀνθέμενος, καὶ τοῖον ἔπος μετὰ πᾶσιν ἔειπεν·",tlg0001.tlg001.perseus-grc2.xml
Argonautica,tlg001,4,190,"μηκέτι νῦν χάζεσθε, φίλοι, πάτρηνδε νέεσθαι.","μηκέτι νῦν χάζεσθε, φίλοι, πάτρηνδε νέεσθαι.",tlg0001.tlg001.perseus-grc2.xml
Argonautica,tlg001,4,191,"ἤδη γὰρ χρειώ, τῆς εἵνεκα τήνδʼ ἀλεγεινὴν","ἤδη γὰρ χρειώ, τῆς εἵνεκα τήνδ’ ἀλεγεινὴν",tlg0001.tlg001.perseus-grc2.xml
Argonautica,tlg001,4,192,"ναυτιλίην ἔτλημεν ὀιζύι μοχθίζοντες,","ναυτιλίην ἔτλημεν ὀιζύι μοχθίζοντες,",tlg0001.tlg001.perseus-grc2.xml
Argonautica,tlg001,4,193,εὐπαλέως κούρης ὑπὸ δήνεσι κεκράανται.,εὐπαλέως κούρης ὑπὸ δήνεσι κεκράανται.,tlg0001.tlg001.perseus-grc2.xml
Argonautica,tlg001,4,194,τὴν μὲν ἐγὼν ἐθέλουσαν ἀνάξομαι οἴκαδʼ ἄκοιτιν,τὴν μὲν ἐγὼν ἐθέλουσαν ἀνάξομαι οἴκαδ’ ἄκοιτιν,tlg0001.tlg001.perseus-grc2.xml
Argonautica,tlg001,4,195,κουριδίην· ἀτὰρ ὔμμες Ἀχαιίδος οἷά τε πάσης,κουριδίην· ἀτὰρ ὔμμες Ἀχαιίδος οἷά τε πάσης,tlg0001.tlg001.perseus-grc2.xml
Argonautica,tlg001,4,196,αὐτῶν θʼ ὑμείων ἐσθλὴν ἐπαρωγὸν ἐοῦσαν,αὐτῶν θ’ ὑμείων ἐσθλὴν ἐπαρωγὸν ἐοῦσαν,tlg0001.tlg001.perseus-grc2.xml
Argonautica,tlg001,4,197,"σώετε. δὴ γάρ που, μάλʼ ὀίομαι, εἶσιν ἐρύξων","σώετε. δὴ γάρ που, μάλ’ ὀίομαι, εἶσιν ἐρύξων",tlg0001.tlg001.perseus-grc2.xml
Argonautica,tlg001,4,198,Αἰήτης ὁμάδῳ πόντονδʼ ἴμεν ἐκ ποταμοῖο.,Αἰήτης ὁμάδῳ πόντονδ’ ἴμεν ἐκ ποταμοῖο.,tlg0001.tlg001.perseus-grc2.xml
Argonautica,tlg001,4,199,"ἀλλʼ οἱ μὲν διὰ νηός, ἀμοιβαδὶς ἀνέρος ἀνὴρ","ἀλλ’ οἱ μὲν διὰ νηός, ἀμοιβαδὶς ἀνέρος ἀνὴρ",tlg0001.tlg001.perseus-grc2.xml
Argonautica,tlg001,4,200,"ἑζόμενος, πηδοῖσιν ἐρέσσετε· τοὶ δὲ βοείας","ἑζόμενος, πηδοῖσιν ἐρέσσετε· τοὶ δὲ βοείας",tlg0001.tlg001.perseus-grc2.xml
Argonautica,tlg001,4,201,"ἀσπίδας ἡμίσεες, δῄων θοὸν ἔχμα βολάων,","ἀσπίδας ἡμίσεες, δῄων θοὸν ἔχμα βολάων,",tlg0001.tlg001.perseus-grc2.xml
Argonautica,tlg001,4,202,προσχόμενοι νόστῳ ἐπαμύνετε. νῦν δʼ ἐνὶ χερσὶν,προσχόμενοι νόστῳ ἐπαμύνετε. νῦν δ’ ἐνὶ χερσὶν,tlg0001.tlg001.perseus-grc2.xml
Argonautica,tlg001,4,203,"παῖδας ἑοὺς πάτρην τε φίλην, γεραρούς τε τοκῆας","παῖδας ἑοὺς πάτρην τε φίλην, γεραρούς τε τοκῆας",tlg0001.tlg001.perseus-grc2.xml
Argonautica,tlg001,4,204,"ἴσχομεν· ἡμετέρῃ δʼ ἐπερείδεται Ἑλλὰς ἐφορμῇ,","ἴσχομεν· ἡμετέρῃ δ’ ἐπερείδεται Ἑλλὰς ἐφορμῇ,",tlg0001.tlg001.perseus-grc2.xml
Argonautica,tlg001,4,205,"ἠὲ κατηφείην, ἢ καὶ μέγα κῦδος ἀρέσθαι.","ἠὲ κατηφείην, ἢ καὶ μέγα κῦδος ἀρέσθαι.",tlg0001.tlg001.perseus-grc2.xml
Argonautica,tlg001,4,206,"ὧς φάτο, δῦνε δὲ τεύχεʼ ἀρήια· τοὶ δʼ ἰάχησαν","ὧς φάτο, δῦνε δὲ τεύχε’ ἀρήια· τοὶ δ’ ἰάχησαν",tlg0001.tlg001.perseus-grc2.xml
Argonautica,tlg001,4,207,θεσπέσιον μεμαῶτες. ὁ δὲ ξίφος ἐκ κολεοῖο,θεσπέσιον μεμαῶτες. ὁ δὲ ξίφος ἐκ κολεοῖο,tlg0001.tlg001.perseus-grc2.xml
Argonautica,tlg001,4,208,σπασσάμενος πρυμναῖα νεὼς ἀπὸ πείσματʼ ἔκοψεν.,σπασσάμενος πρυμναῖα νεὼς ἀπὸ πείσματ’ ἔκοψεν.,tlg0001.tlg001.perseus-grc2.xml
Argonautica,tlg001,4,209,ἄγχι δὲ παρθενικῆς κεκορυθμένος ἰθυντῆρι,ἄγχι δὲ παρθενικῆς κεκορυθμένος ἰθυντῆρι,tlg0001.tlg001.perseus-grc2.xml
Argonautica,tlg001,4,210,Ἀγκαίῳ παρέβασκεν· ἐπείγετο δʼ εἰρεσίῃ νηῦς,Ἀγκαίῳ παρέβασκεν· ἐπείγετο δ’ εἰρεσίῃ νηῦς,tlg0001.tlg001.perseus-grc2.xml
Argonautica,tlg001,4,211,σπερχομένων ἄμοτον ποταμοῦ ἄφαρ ἐκτὸς ἐλάσσαι.,σπερχομένων ἄμοτον ποταμοῦ ἄφαρ ἐκτὸς ἐλάσσαι.,tlg0001.tlg001.perseus-grc2.xml
Argonautica,tlg001,4,212,ἤδη δʼ Αἰήτῃ ὑπερήνορι πᾶσί τε Κόλχοις,ἤδη δ’ Αἰήτῃ ὑπερήνορι πᾶσί τε Κόλχοις,tlg0001.tlg001.perseus-grc2.xml
Argonautica,tlg001,4,213,Μηδείης περίπυστος ἔρως καὶ ἔργʼ ἐτέτυκτο.,Μηδείης περίπυστος ἔρως καὶ ἔργ’ ἐτέτυκτο.,tlg0001.tlg001.perseus-grc2.xml
Argonautica,tlg001,4,214,ἐς δʼ ἀγορὴν ἀγέροντʼ ἐνὶ τεύχεσιν· ὅσσα δέ πόντου,ἐς δ’ ἀγορὴν ἀγέροντ’ ἐνὶ τεύχεσιν· ὅσσα δέ πόντου,tlg0001.tlg001.perseus-grc2.xml
Argonautica,tlg001,4,215,"κύματα χειμερίοιο κορύσσεται ἐξ ἀνέμοιο,","κύματα χειμερίοιο κορύσσεται ἐξ ἀνέμοιο,",tlg0001.tlg001.perseus-grc2.xml
Argonautica,tlg001,4,216,ἢ ὅσα φύλλα χαμᾶζε περικλαδέος πέσεν ὕλης,ἢ ὅσα φύλλα χαμᾶζε περικλαδέος πέσεν ὕλης,tlg0001.tlg001.perseus-grc2.xml
Argonautica,tlg001,4,217,φυλλοχόῳ ἐνὶ μηνί—τίς ἂν τάδε τεκμήραιτο;,φυλλοχόῳ ἐνὶ μηνί—τίς ἂν τάδε τεκμήραιτο;,tlg0001.tlg001.perseus-grc2.xml
Argonautica,tlg001,4,218,"ὧς οἱ ἀπειρέσιοι ποταμοῦ παρεμέτρεον ὄχθας,","ὧς οἱ ἀπειρέσιοι ποταμοῦ παρεμέτρεον ὄχθας,",tlg0001.tlg001.perseus-grc2.xml
Argonautica,tlg001,4,219,κλαγγῇ μαιμώοντες· ὁ δʼ εὐτύκτῳ ἐνὶ δίφρῳ,κλαγγῇ μαιμώοντες· ὁ δ’ εὐτύκτῳ ἐνὶ δίφρῳ,tlg0001.tlg001.perseus-grc2.xml
Argonautica,tlg001,4,220,"Αἰήτης ἵπποισι μετέπρεπεν, οὕς οἱ ὄπασσεν","Αἰήτης ἵπποισι μετέπρεπεν, οὕς οἱ ὄπασσεν",tlg0001.tlg001.perseus-grc2.xml
Argonautica,tlg001,4,221,"ἠέλιος πνοιῇσιν ἐειδομένους ἀνέμοιο,","ἠέλιος πνοιῇσιν ἐειδομένους ἀνέμοιο,",tlg0001.tlg001.perseus-grc2.xml
Argonautica,tlg001,4,222,"σκαιῇ μέν ῥʼ ἐνὶ χειρὶ σάκος δινωτὸν ἀείρων,","σκαιῇ μέν ῥ’ ἐνὶ χειρὶ σάκος δινωτὸν ἀείρων,",tlg0001.tlg001.perseus-grc2.xml
Argonautica,tlg001,4,223,τῇ δʼ ἑτέρῃ πεύκην περιμήκεα· πὰρ δέ οἱ ἔγχος,τῇ δ’ ἑτέρῃ πεύκην περιμήκεα· πὰρ δέ οἱ ἔγχος,tlg0001.tlg001.perseus-grc2.xml
Argonautica,tlg001,4,224,ἀντικρὺ τετάνυστο πελώριον. ἡνία δʼ ἵππων,ἀντικρὺ τετάνυστο πελώριον. ἡνία δ’ ἵππων,tlg0001.tlg001.perseus-grc2.xml
Argonautica,tlg001,4,225,γέντο χεροῖν Ἄψυρτος. υπεκπρὸ δὲ πόντον ἔταμνεν,γέντο χεροῖν Ἄψυρτος. υπεκπρὸ δὲ πόντον ἔταμνεν,tlg0001.tlg001.perseus-grc2.xml
Argonautica,tlg001,4,226,"νηῦς ἤδη κρατεροῖσιν ἐπειγομένη ἐρέτῃσιν,","νηῦς ἤδη κρατεροῖσιν ἐπειγομένη ἐρέτῃσιν,",tlg0001.tlg001.perseus-grc2.xml
Argonautica,tlg001,4,227,καὶ μεγάλου ποταμοῖο καταβλώσκοντι ῥεέθρῳ.,καὶ μεγάλου ποταμοῖο καταβλώσκοντι ῥεέθρῳ.,tlg0001.tlg001.perseus-grc2.xml
Argonautica,tlg001,4,228,αὐτὰρ ἄναξ ἄτῃ πολυπήμονι χεῖρας ἀείρας,αὐτὰρ ἄναξ ἄτῃ πολυπήμονι χεῖρας ἀείρας,tlg0001.tlg001.perseus-grc2.xml
Argonautica,tlg001,4,229,ἠέλιον καὶ Ζῆνα κακῶν ἐπιμάρτυρας ἔργων,ἠέλιον καὶ Ζῆνα κακῶν ἐπιμάρτυρας ἔργων,tlg0001.tlg001.perseus-grc2.xml
Argonautica,tlg001,4,230,κέκλετο· δεινὰ δὲ παντὶ παρασχεδὸν ἤπυε λαῷ,κέκλετο· δεινὰ δὲ παντὶ παρασχεδὸν ἤπυε λαῷ,tlg0001.tlg001.perseus-grc2.xml
Argonautica,tlg001,4,231,"εἰ μή οἱ κούρην αὐτάγρετον, ἢ ἀνὰ γαῖαν,","εἰ μή οἱ κούρην αὐτάγρετον, ἢ ἀνὰ γαῖαν,",tlg0001.tlg001.perseus-grc2.xml
Argonautica,tlg001,4,232,"ἢ πλωτῆς εὑρόντες ἔτʼ εἰν ἁλὸς οἴδματι νῆα,","ἢ πλωτῆς εὑρόντες ἔτ’ εἰν ἁλὸς οἴδματι νῆα,",tlg0001.tlg001.perseus-grc2.xml
Argonautica,tlg001,4,233,"ἄξουσιν, καὶ θυμὸν ἐνιπλήσει μενεαίνων","ἄξουσιν, καὶ θυμὸν ἐνιπλήσει μενεαίνων",tlg0001.tlg001.perseus-grc2.xml
Argonautica,tlg001,4,234,"τίσασθαι τάδε πάντα, δαήσονται κεφαλῇσιν","τίσασθαι τάδε πάντα, δαήσονται κεφαλῇσιν",tlg0001.tlg001.perseus-grc2.xml
Argonautica,tlg001,4,235,πάντα χόλον καὶ πᾶσαν ἑὴν ὑποδέγμενοι ἄτην.,πάντα χόλον καὶ πᾶσαν ἑὴν ὑποδέγμενοι ἄτην.,tlg0001.tlg001.perseus-grc2.xml
Argonautica,tlg001,4,236,ὧς ἔφατʼ Αἰήτης· αὐτῷ δʼ ἐνὶ ἤματι Κόλχοι,ὧς ἔφατ’ Αἰήτης· αὐτῷ δ’ ἐνὶ ἤματι Κόλχοι,tlg0001.tlg001.perseus-grc2.xml
Argonautica,tlg001,4,237,"νῆάς τʼ εἰρύσσαντο, καὶ ἄρμενα νηυσὶ βάλοντο,","νῆάς τ’ εἰρύσσαντο, καὶ ἄρμενα νηυσὶ βάλοντο,",tlg0001.tlg001.perseus-grc2.xml
Argonautica,tlg001,4,238,αὐτῷ δʼ ἤματι πόντον ἀνήιον· οὐδέ κε φαίης,αὐτῷ δ’ ἤματι πόντον ἀνήιον· οὐδέ κε φαίης,tlg0001.tlg001.perseus-grc2.xml
Argonautica,tlg001,4,239,"τόσσον νηίτην στόλον ἔμμεναι, ἀλλʼ οἰωνῶν","τόσσον νηίτην στόλον ἔμμεναι, ἀλλ’ οἰωνῶν",tlg0001.tlg001.perseus-grc2.xml
Argonautica,tlg001,4,240,ἰλαδὸν ἄσπετον ἔθνος ἐπιβρομέειν πελάγεσσιν.,ἰλαδὸν ἄσπετον ἔθνος ἐπιβρομέειν πελάγεσσιν.,tlg0001.tlg001.perseus-grc2.xml
Argonautica,tlg001,4,241,οἱ δʼ ἀνέμου λαιψηρὰ θεᾶς βουλῇσιν ἀέντος,οἱ δ’ ἀνέμου λαιψηρὰ θεᾶς βουλῇσιν ἀέντος,tlg0001.tlg001.perseus-grc2.xml
Argonautica,tlg001,4,242,"Ἥρης, ὄφρʼ ὤκιστα κακὸν Πελίαο δόμοισιν","Ἥρης, ὄφρ’ ὤκιστα κακὸν Πελίαο δόμοισιν",tlg0001.tlg001.perseus-grc2.xml
Argonautica,tlg001,4,243,"Αἰαίη Μήδεια Πελασγίδα γαῖαν ἵκηται,","Αἰαίη Μήδεια Πελασγίδα γαῖαν ἵκηται,",tlg0001.tlg001.perseus-grc2.xml
Argonautica,tlg001,4,244,ἠοῖ ἐνὶ τριτάτῃ πρυμνήσια νηὸς ἔδησαν,ἠοῖ ἐνὶ τριτάτῃ πρυμνήσια νηὸς ἔδησαν,tlg0001.tlg001.perseus-grc2.xml
Argonautica,tlg001,4,245,"Παφλαγόνων ἀκτῇσι, πάροιθʼ Ἅλυος ποταμοῖο.","Παφλαγόνων ἀκτῇσι, πάροιθ’ Ἅλυος ποταμοῖο.",tlg0001.tlg001.perseus-grc2.xml
Argonautica,tlg001,4,246,ἡ γάρ σφʼ ἐξαποβάντας ἀρέσσασθαι θυέεσσιν,ἡ γάρ σφ’ ἐξαποβάντας ἀρέσσασθαι θυέεσσιν,tlg0001.tlg001.perseus-grc2.xml
Argonautica,tlg001,4,247,"ἠνώγει Ἑκάτην. καὶ δὴ τὰ μέν, ὅσσα θυηλὴν","ἠνώγει Ἑκάτην. καὶ δὴ τὰ μέν, ὅσσα θυηλὴν",tlg0001.tlg001.perseus-grc2.xml
Argonautica,tlg001,4,248,"κούρη πορσανέουσα τιτύσκετο, μήτε τις ἴστωρ","κούρη πορσανέουσα τιτύσκετο, μήτε τις ἴστωρ",tlg0001.tlg001.perseus-grc2.xml
Argonautica,tlg001,4,249,"εἴη, μήτʼ ἐμὲ θυμὸς ἐποτρύνειεν ἀείδειν.","εἴη, μήτ’ ἐμὲ θυμὸς ἐποτρύνειεν ἀείδειν.",tlg0001.tlg001.perseus-grc2.xml
Argonautica,tlg001,4,250,"ἅζομαι αὐδῆσαι· τό γε μὴν ἕδος ἐξέτι κείνου,","ἅζομαι αὐδῆσαι· τό γε μὴν ἕδος ἐξέτι κείνου,",tlg0001.tlg001.perseus-grc2.xml
Argonautica,tlg001,4,251,"ὅ ῥα θεᾷ ἥρωες ἐπὶ ῥηγμῖσιν ἔδειμαν,","ὅ ῥα θεᾷ ἥρωες ἐπὶ ῥηγμῖσιν ἔδειμαν,",tlg0001.tlg001.perseus-grc2.xml
Argonautica,tlg001,4,252,ἀνδράσιν ὀψιγόνοισι μένει καὶ τῆμος ἰδέσθαι.,ἀνδράσιν ὀψιγόνοισι μένει καὶ τῆμος ἰδέσθαι.,tlg0001.tlg001.perseus-grc2.xml
Argonautica,tlg001,4,253,"αὐτίκα δʼ Αἰσονίδης ἐμνήσατο, σὺν δὲ καὶ ὧλλοι","αὐτίκα δ’ Αἰσονίδης ἐμνήσατο, σὺν δὲ καὶ ὧλλοι",tlg0001.tlg001.perseus-grc2.xml
Argonautica,tlg001,4,254,"ἥρωες, Φινῆος, ὃ δὴ πλόον ἄλλον ἔειπεν","ἥρωες, Φινῆος, ὃ δὴ πλόον ἄλλον ἔειπεν",tlg0001.tlg001.perseus-grc2.xml
Argonautica,tlg001,4,255,ἐξ Αἴης ἔσσεσθαι· ἀνώιστος δʼ ἐτέτυκτο,ἐξ Αἴης ἔσσεσθαι· ἀνώιστος δ’ ἐτέτυκτο,tlg0001.tlg001.perseus-grc2.xml
Argonautica,tlg001,4,256,πᾶσιν ὁμῶς. Ἄργος δὲ λιλαιομένοις ἀγόρευσεν·,πᾶσιν ὁμῶς. Ἄργος δὲ λιλαιομένοις ἀγόρευσεν·,tlg0001.tlg001.perseus-grc2.xml
Argonautica,tlg001,4,257,Νισσόμεθʼ Ὀρχομενὸν τὴν ἔχραεν ὔμμι περῆσαι,Νισσόμεθ’ Ὀρχομενὸν τὴν ἔχραεν ὔμμι περῆσαι,tlg0001.tlg001.perseus-grc2.xml
Argonautica,tlg001,4,258,"νημερτὴς ὅδε μάντις, ὅτῳ ξυνέβητε πάροιθεν.","νημερτὴς ὅδε μάντις, ὅτῳ ξυνέβητε πάροιθεν.",tlg0001.tlg001.perseus-grc2.xml
Argonautica,tlg001,4,259,"ἔστιν γὰρ πλόος ἄλλος, ὃν ἀθανάτων ἱερῆες","ἔστιν γὰρ πλόος ἄλλος, ὃν ἀθανάτων ἱερῆες",tlg0001.tlg001.perseus-grc2.xml
Argonautica,tlg001,4,260,"πέφραδον, οἳ Θήβης Τριτωνίδος ἐκγεγάασιν.","πέφραδον, οἳ Θήβης Τριτωνίδος ἐκγεγάασιν.",tlg0001.tlg001.perseus-grc2.xml
Argonautica,tlg001,4,261,"οὔπω τείρεα πάντα, τά τʼ οὐρανῷ εἱλίσσονται,","οὔπω τείρεα πάντα, τά τ’ οὐρανῷ εἱλίσσονται,",tlg0001.tlg001.perseus-grc2.xml
Argonautica,tlg001,4,262,οὐδέ τί πω Δαναῶν ἱερὸν γένος ἦεν ἀκοῦσαι,οὐδέ τί πω Δαναῶν ἱερὸν γένος ἦεν ἀκοῦσαι,tlg0001.tlg001.perseus-grc2.xml
Argonautica,tlg001,4,263,"πευθομένοις· οἶοι δʼ ἔσαν Ἀρκάδες Ἀπιδανῆες,","πευθομένοις· οἶοι δ’ ἔσαν Ἀρκάδες Ἀπιδανῆες,",tlg0001.tlg001.perseus-grc2.xml
Argonautica,tlg001,4,264,"Ἀρκάδες, οἳ καὶ πρόσθε σεληναίης ὑδέονται","Ἀρκάδες, οἳ καὶ πρόσθε σεληναίης ὑδέονται",tlg0001.tlg001.perseus-grc2.xml
Argonautica,tlg001,4,265,"ζώειν, φηγὸν ἔδοντες ἐν οὔρεσιν. οὐδὲ Πελασγὶς","ζώειν, φηγὸν ἔδοντες ἐν οὔρεσιν. οὐδὲ Πελασγὶς",tlg0001.tlg001.perseus-grc2.xml
Argonautica,tlg001,4,266,"χθὼν τότε κυδαλίμοισιν ἀνάσσετο Δευκαλίδῃσιν,","χθὼν τότε κυδαλίμοισιν ἀνάσσετο Δευκαλίδῃσιν,",tlg0001.tlg001.perseus-grc2.xml
Argonautica,tlg001,4,267,"ἦμος ὅτʼ Ἠερίη πολυλήιος ἐκλήιστο,","ἦμος ὅτ’ Ἠερίη πολυλήιος ἐκλήιστο,",tlg0001.tlg001.perseus-grc2.xml
Argonautica,tlg001,4,268,"μήτηρ Αἴγυπτος προτερηγενέων αἰζηῶν,","μήτηρ Αἴγυπτος προτερηγενέων αἰζηῶν,",tlg0001.tlg001.perseus-grc2.xml
Argonautica,tlg001,4,269,"καὶ ποταμὸς Τρίτων ἠύρροος, ᾧ ὕπο πᾶσα","καὶ ποταμὸς Τρίτων ἠύρροος, ᾧ ὕπο πᾶσα",tlg0001.tlg001.perseus-grc2.xml
Argonautica,tlg001,4,270,ἄρδεται Ἠερίη· Διόθεν δέ μιν οὔποτε δεύει,ἄρδεται Ἠερίη· Διόθεν δέ μιν οὔποτε δεύει,tlg0001.tlg001.perseus-grc2.xml
Argonautica,tlg001,4,271,ὄμβρος· ἅλις προχοῇσι δʼ ἀνασταχύουσιν ἄρουραι.,ὄμβρος· ἅλις προχοῇσι δ’ ἀνασταχύουσιν ἄρουραι.,tlg0001.tlg001.perseus-grc2.xml
Argonautica,tlg001,4,272,ἔνθεν δή τινά φασι πέριξ διὰ πᾶσαν ὁδεῦσαι,ἔνθεν δή τινά φασι πέριξ διὰ πᾶσαν ὁδεῦσαι,tlg0001.tlg001.perseus-grc2.xml
Argonautica,tlg001,4,273,Εὐρώπην Ἀσίην τε βίῃ καὶ κάρτεϊ λαῶν,Εὐρώπην Ἀσίην τε βίῃ καὶ κάρτεϊ λαῶν,tlg0001.tlg001.perseus-grc2.xml
Argonautica,tlg001,4,274,σφωιτέρων θάρσει τε πεποιθότα· μυρία δʼ ἄστη,σφωιτέρων θάρσει τε πεποιθότα· μυρία δ’ ἄστη,tlg0001.tlg001.perseus-grc2.xml
Argonautica,tlg001,4,275,"νάσσατʼ ἐποιχόμενος, τὰ μὲν ἤ ποθι ναιετάουσιν,","νάσσατ’ ἐποιχόμενος, τὰ μὲν ἤ ποθι ναιετάουσιν,",tlg0001.tlg001.perseus-grc2.xml
Argonautica,tlg001,4,276,ἠὲ καὶ οὔ· πουλὺς γὰρ ἄδην ἐπενήνοθεν αἰών.,ἠὲ καὶ οὔ· πουλὺς γὰρ ἄδην ἐπενήνοθεν αἰών.,tlg0001.tlg001.perseus-grc2.xml
Argonautica,tlg001,4,277,αἶά γε μὴν ἔτι νῦν μένει ἔμπεδον υἱωνοί τε,αἶά γε μὴν ἔτι νῦν μένει ἔμπεδον υἱωνοί τε,tlg0001.tlg001.perseus-grc2.xml
Argonautica,tlg001,4,278,"τῶνδʼ ἀνδρῶν, οὓς ὅσγε καθίσσατο ναιέμεν Αἶαν,","τῶνδ’ ἀνδρῶν, οὓς ὅσγε καθίσσατο ναιέμεν Αἶαν,",tlg0001.tlg001.perseus-grc2.xml
Argonautica,tlg001,4,279,"οἳ δή τοι γραπτῦς πατέρων ἕθεν εἰρύονται,","οἳ δή τοι γραπτῦς πατέρων ἕθεν εἰρύονται,",tlg0001.tlg001.perseus-grc2.xml
Argonautica,tlg001,4,280,"κύρβιας, οἷς ἔνι πᾶσαι ὁδοὶ καὶ πείρατʼ ἔασιν","κύρβιας, οἷς ἔνι πᾶσαι ὁδοὶ καὶ πείρατ’ ἔασιν",tlg0001.tlg001.perseus-grc2.xml
Argonautica,tlg001,4,281,ὑγρῆς τε τραφερῆς τε πέριξ ἐπινισσομένοισιν.,ὑγρῆς τε τραφερῆς τε πέριξ ἐπινισσομένοισιν.,tlg0001.tlg001.perseus-grc2.xml
Argonautica,tlg001,4,282,"ἔστι δέ τις ποταμός, ὕπατον κέρας Ὠκεανοῖο,","ἔστι δέ τις ποταμός, ὕπατον κέρας Ὠκεανοῖο,",tlg0001.tlg001.perseus-grc2.xml
Argonautica,tlg001,4,283,εὐρύς τε προβαθής τε καὶ ὁλκάδι νηὶ περῆσαι·,εὐρύς τε προβαθής τε καὶ ὁλκάδι νηὶ περῆσαι·,tlg0001.tlg001.perseus-grc2.xml
Argonautica,tlg001,4,284,Ἴστρον μιν καλέοντες ἑκὰς διετεκμήραντο·,Ἴστρον μιν καλέοντες ἑκὰς διετεκμήραντο·,tlg0001.tlg001.perseus-grc2.xml
Argonautica,tlg001,4,285,ὅς δή τοι τείως μὲν ἀπείρονα τέμνετʼ ἄρουραν,ὅς δή τοι τείως μὲν ἀπείρονα τέμνετ’ ἄρουραν,tlg0001.tlg001.perseus-grc2.xml
Argonautica,tlg001,4,286,εἷς οἶος· πηγαὶ γὰρ ὑπὲρ πνοιῆς βορέαο,εἷς οἶος· πηγαὶ γὰρ ὑπὲρ πνοιῆς βορέαο,tlg0001.tlg001.perseus-grc2.xml
Argonautica,tlg001,4,287,Ῥιπαίοις ἐν ὄρεσσιν ἀπόπροθι μορμύρουσιν.,Ῥιπαίοις ἐν ὄρεσσιν ἀπόπροθι μορμύρουσιν.,tlg0001.tlg001.perseus-grc2.xml
Argonautica,tlg001,4,288,"ἀλλʼ ὁπόταν Θρῃκῶν Σκυθέων τʼ ἐπιβήσεται οὔρους,","ἀλλ’ ὁπόταν Θρῃκῶν Σκυθέων τ’ ἐπιβήσεται οὔρους,",tlg0001.tlg001.perseus-grc2.xml
Argonautica,tlg001,4,289,ἔνθα διχῆ τὸ μὲν ἔνθα μετʼ ἠῴην ἅλα βάλλει,ἔνθα διχῆ τὸ μὲν ἔνθα μετ’ ἠῴην ἅλα βάλλει,tlg0001.tlg001.perseus-grc2.xml
Argonautica,tlg001,4,290,"τῇδʼ ὕδωρ, τὸ δʼ ὄπισθε βαθὺν διὰ κόλπον ἵησιν","τῇδ’ ὕδωρ, τὸ δ’ ὄπισθε βαθὺν διὰ κόλπον ἵησιν",tlg0001.tlg001.perseus-grc2.xml
Argonautica,tlg001,4,291,"σχιζόμενος πόντου Τρινακρίου εἰσανέχοντα,","σχιζόμενος πόντου Τρινακρίου εἰσανέχοντα,",tlg0001.tlg001.perseus-grc2.xml
Argonautica,tlg001,4,292,"γαίῃ ὃς ὑμετέρῃ παρακέκλιται, εἰ ἐτεὸν δὴ","γαίῃ ὃς ὑμετέρῃ παρακέκλιται, εἰ ἐτεὸν δὴ",tlg0001.tlg001.perseus-grc2.xml
Argonautica,tlg001,4,293,ὑμετέρης γαίης Ἀχελώιος ἐξανίησιν.,ὑμετέρης γαίης Ἀχελώιος ἐξανίησιν.,tlg0001.tlg001.perseus-grc2.xml
Argonautica,tlg001,4,294,ὧς ἄρʼ ἔφη· τοῖσιν δὲ θεὰ τέρας ἐγγυάλιξεν,ὧς ἄρ’ ἔφη· τοῖσιν δὲ θεὰ τέρας ἐγγυάλιξεν,tlg0001.tlg001.perseus-grc2.xml
Argonautica,tlg001,4,295,"αἴσιον, ᾧ καὶ πάντες ἐπευφήμησαν ἰδόντες","αἴσιον, ᾧ καὶ πάντες ἐπευφήμησαν ἰδόντες",tlg0001.tlg001.perseus-grc2.xml
Argonautica,tlg001,4,296,στέλλεσθαι τήνδʼ οἶμον. ἐπιπρὸ γὰρ ὁλκὸς ἐτύχθη,στέλλεσθαι τήνδ’ οἶμον. ἐπιπρὸ γὰρ ὁλκὸς ἐτύχθη,tlg0001.tlg001.perseus-grc2.xml
Argonautica,tlg001,4,297,"οὐρανίης ἀκτῖνος, ὅπῃ καὶ ἀμεύσιμον ἦεν.","οὐρανίης ἀκτῖνος, ὅπῃ καὶ ἀμεύσιμον ἦεν.",tlg0001.tlg001.perseus-grc2.xml
Argonautica,tlg001,4,298,γηθόσυνοι δὲ Λύκοιο κατʼ αὐτόθι παῖδα λιπόντες,γηθόσυνοι δὲ Λύκοιο κατ’ αὐτόθι παῖδα λιπόντες,tlg0001.tlg001.perseus-grc2.xml
Argonautica,tlg001,4,299,"λαίφεσι πεπταμένοισιν ὑπεὶρ ἅλα ναυτίλλοντο,","λαίφεσι πεπταμένοισιν ὑπεὶρ ἅλα ναυτίλλοντο,",tlg0001.tlg001.perseus-grc2.xml
Argonautica,tlg001,4,300,οὔρεα Παφλαγόνων θηεύμενοι. οὐδὲ Κάραμβιν,οὔρεα Παφλαγόνων θηεύμενοι. οὐδὲ Κάραμβιν,tlg0001.tlg001.perseus-grc2.xml
Argonautica,tlg001,4,301,"γνάμψαν, ἐπεὶ πνοιαί τε καὶ οὐρανίου πυρὸς αἴγλη","γνάμψαν, ἐπεὶ πνοιαί τε καὶ οὐρανίου πυρὸς αἴγλη",tlg0001.tlg001.perseus-grc2.xml
Argonautica,tlg001,4,302,"μεῖνεν, ἕως Ἴστροιο μέγαν ῥόον εἰσαφίκοντο.","μεῖνεν, ἕως Ἴστροιο μέγαν ῥόον εἰσαφίκοντο.",tlg0001.tlg001.perseus-grc2.xml
Argonautica,tlg001,4,303,"Κόλχοι δʼ αὖτʼ ἄλλοι μέν, ἐτώσια μαστεύοντες,","Κόλχοι δ’ αὖτ’ ἄλλοι μέν, ἐτώσια μαστεύοντες,",tlg0001.tlg001.perseus-grc2.xml
Argonautica,tlg001,4,304,Κυανέας Πόντοιο διὲκ πέτρας ἐπέρησαν·,Κυανέας Πόντοιο διὲκ πέτρας ἐπέρησαν·,tlg0001.tlg001.perseus-grc2.xml
Argonautica,tlg001,4,305,"ἄλλοι δʼ αὖ ποταμὸν μετεκίαθον, οἷσιν ἄνασσεν","ἄλλοι δ’ αὖ ποταμὸν μετεκίαθον, οἷσιν ἄνασσεν",tlg0001.tlg001.perseus-grc2.xml
Argonautica,tlg001,4,306,"Ἄψυρτος, Καλὸν δὲ διὰ στόμα πεῖρε λιασθείς.","Ἄψυρτος, Καλὸν δὲ διὰ στόμα πεῖρε λιασθείς.",tlg0001.tlg001.perseus-grc2.xml
Argonautica,tlg001,4,307,τῶ καὶ ὑπέφθη τούσγε βαλὼν ὕπερ αὐχένα γαίης,τῶ καὶ ὑπέφθη τούσγε βαλὼν ὕπερ αὐχένα γαίης,tlg0001.tlg001.perseus-grc2.xml
Argonautica,tlg001,4,308,κόλπον ἔσω πόντοιο πανέσχατον Ἰονίοιο.,κόλπον ἔσω πόντοιο πανέσχατον Ἰονίοιο.,tlg0001.tlg001.perseus-grc2.xml
Argonautica,tlg001,4,309,"Ἴστρῳ γάρ τις νῆσος ἐέργεται οὔνομα Πεύκη,","Ἴστρῳ γάρ τις νῆσος ἐέργεται οὔνομα Πεύκη,",tlg0001.tlg001.perseus-grc2.xml
Argonautica,tlg001,4,310,"τριγλώχιν, εὖρος μὲν ἐς αἰγιαλοὺς ἀνέχουσα,","τριγλώχιν, εὖρος μὲν ἐς αἰγιαλοὺς ἀνέχουσα,",tlg0001.tlg001.perseus-grc2.xml
Argonautica,tlg001,4,311,στεινὸν δʼ αὖτʼ ἀγκῶνα ποτὶ ῥόον· ἀμφὶ δὲ δοιαὶ,στεινὸν δ’ αὖτ’ ἀγκῶνα ποτὶ ῥόον· ἀμφὶ δὲ δοιαὶ,tlg0001.tlg001.perseus-grc2.xml
Argonautica,tlg001,4,312,σχίζονται προχοαί. τὴν μὲν καλέουσι Νάρηκος·,σχίζονται προχοαί. τὴν μὲν καλέουσι Νάρηκος·,tlg0001.tlg001.perseus-grc2.xml
Argonautica,tlg001,4,313,"τὴν δʼ ὑπὸ τῇ νεάτῃ, Καλὸν στόμα. τῇ δὲ διαπρὸ","τὴν δ’ ὑπὸ τῇ νεάτῃ, Καλὸν στόμα. τῇ δὲ διαπρὸ",tlg0001.tlg001.perseus-grc2.xml
Argonautica,tlg001,4,314,Ἄψυρτος Κόλχοι τε θοώτερον ὡρμήθησαν·,Ἄψυρτος Κόλχοι τε θοώτερον ὡρμήθησαν·,tlg0001.tlg001.perseus-grc2.xml
Argonautica,tlg001,4,315,οἱ δʼ ὑψοῦ νήσοιο κατʼ ἀκροτάτης ἐνέοντο,οἱ δ’ ὑψοῦ νήσοιο κατ’ ἀκροτάτης ἐνέοντο,tlg0001.tlg001.perseus-grc2.xml
Argonautica,tlg001,4,316,τηλόθεν. εἱαμενῇσι δʼ ἐν ἄσπετα πώεα λεῖπον,τηλόθεν. εἱαμενῇσι δ’ ἐν ἄσπετα πώεα λεῖπον,tlg0001.tlg001.perseus-grc2.xml
Argonautica,tlg001,4,317,"ποιμένες ἄγραυλοι νηῶν φόβῳ, οἷά τε θῆρας","ποιμένες ἄγραυλοι νηῶν φόβῳ, οἷά τε θῆρας",tlg0001.tlg001.perseus-grc2.xml
Argonautica,tlg001,4,318,ὀσσόμενοι πόντου μεγακήτεος ἐξανιόντας.,ὀσσόμενοι πόντου μεγακήτεος ἐξανιόντας.,tlg0001.tlg001.perseus-grc2.xml
Argonautica,tlg001,4,319,"οὐ γάρ πω ἁλίας γε πάρος ποθὶ νῆας ἴδοντο,","οὐ γάρ πω ἁλίας γε πάρος ποθὶ νῆας ἴδοντο,",tlg0001.tlg001.perseus-grc2.xml
Argonautica,tlg001,4,320,"οὔτʼ οὖν Θρήιξιν μιγάδες Σκύθαι, οὐδὲ Σίγυννοι,","οὔτ’ οὖν Θρήιξιν μιγάδες Σκύθαι, οὐδὲ Σίγυννοι,",tlg0001.tlg001.perseus-grc2.xml
Argonautica,tlg001,4,321,"οὔτʼ οὖν Γραυκένιοι, οὔθʼ οἱ περὶ Λαύριον ἤδη","οὔτ’ οὖν Γραυκένιοι, οὔθ’ οἱ περὶ Λαύριον ἤδη",tlg0001.tlg001.perseus-grc2.xml
Argonautica,tlg001,4,322,Σίνδοι ἐρημαῖον πεδίον μέγα ναιετάοντες.,Σίνδοι ἐρημαῖον πεδίον μέγα ναιετάοντες.,tlg0001.tlg001.perseus-grc2.xml
Argonautica,tlg001,4,323,"αὐτὰρ ἐπεί τʼ Ἄγγουρον ὄρος, καὶ ἄπωθεν ἐόντα","αὐτὰρ ἐπεί τ’ Ἄγγουρον ὄρος, καὶ ἄπωθεν ἐόντα",tlg0001.tlg001.perseus-grc2.xml
Argonautica,tlg001,4,324,"Ἀγγούρου ὄρεος σκόπελον πάρα Καυλιακοῖο,","Ἀγγούρου ὄρεος σκόπελον πάρα Καυλιακοῖο,",tlg0001.tlg001.perseus-grc2.xml
Argonautica,tlg001,4,325,ᾧ πέρι δὴ σχίζων Ἴστρος ῥόον ἔνθα καὶ ἔνθα,ᾧ πέρι δὴ σχίζων Ἴστρος ῥόον ἔνθα καὶ ἔνθα,tlg0001.tlg001.perseus-grc2.xml
Argonautica,tlg001,4,326,"βάλλει ἁλός, πεδίον τε τὸ Λαύριον ἠμείψαντο,","βάλλει ἁλός, πεδίον τε τὸ Λαύριον ἠμείψαντο,",tlg0001.tlg001.perseus-grc2.xml
Argonautica,tlg001,4,327,δή ῥα τότε Κρονίην Κόλχοι ἅλαδʼ ἐκπρομολόντες,δή ῥα τότε Κρονίην Κόλχοι ἅλαδ’ ἐκπρομολόντες,tlg0001.tlg001.perseus-grc2.xml
Argonautica,tlg001,4,328,"πάντῃ, μή σφε λάθοιεν, ὑπετμήξαντο κελεύθους.","πάντῃ, μή σφε λάθοιεν, ὑπετμήξαντο κελεύθους.",tlg0001.tlg001.perseus-grc2.xml
Argonautica,tlg001,4,329,"οἱ δʼ ὄπιθεν ποταμοῖο κατήλυθον, ἐκ δʼ ἐπέρησαν","οἱ δ’ ὄπιθεν ποταμοῖο κατήλυθον, ἐκ δ’ ἐπέρησαν",tlg0001.tlg001.perseus-grc2.xml
Argonautica,tlg001,4,330,δοιὰς Ἀρτέμιδος Βρυγηίδας ἀγχόθι νήσους.,δοιὰς Ἀρτέμιδος Βρυγηίδας ἀγχόθι νήσους.,tlg0001.tlg001.perseus-grc2.xml
Argonautica,tlg001,4,331,τῶν δʼ ἤτοι ἑτέρῃ μὲν ἐν ἱερὸν ἔσκεν ἔδεθλον·,τῶν δ’ ἤτοι ἑτέρῃ μὲν ἐν ἱερὸν ἔσκεν ἔδεθλον·,tlg0001.tlg001.perseus-grc2.xml
Argonautica,tlg001,4,332,"ἐν δʼ ἑτέρῃ, πληθὺν πεφυλαγμένοι Ἀψύρτοιο,","ἐν δ’ ἑτέρῃ, πληθὺν πεφυλαγμένοι Ἀψύρτοιο,",tlg0001.tlg001.perseus-grc2.xml
Argonautica,tlg001,4,333,βαῖνον· ἐπεὶ κείνας πολέων λίπον ἔνδοθι νήσους,βαῖνον· ἐπεὶ κείνας πολέων λίπον ἔνδοθι νήσους,tlg0001.tlg001.perseus-grc2.xml
Argonautica,tlg001,4,334,"αὔτως, ἁζόμενοι κούρην Διός· αἱ δὲ δὴ ἄλλαι","αὔτως, ἁζόμενοι κούρην Διός· αἱ δὲ δὴ ἄλλαι",tlg0001.tlg001.perseus-grc2.xml
Argonautica,tlg001,4,335,στεινόμεναι Κόλχοισι πόρους εἴρυντο θαλάσσης.,στεινόμεναι Κόλχοισι πόρους εἴρυντο θαλάσσης.,tlg0001.tlg001.perseus-grc2.xml
Argonautica,tlg001,4,336,ὧς δὲ καὶ εἰς ἀκτὰς πληθὺν λίπεν ἀγχόθι νήσων,ὧς δὲ καὶ εἰς ἀκτὰς πληθὺν λίπεν ἀγχόθι νήσων,tlg0001.tlg001.perseus-grc2.xml
Argonautica,tlg001,4,337,μέσφα Σαλαγγῶνος ποταμοῦ καὶ Νέστιδος αἴης.,μέσφα Σαλαγγῶνος ποταμοῦ καὶ Νέστιδος αἴης.,tlg0001.tlg001.perseus-grc2.xml
Argonautica,tlg001,4,338,ἔνθα κε λευγαλέῃ Μινύαι τότε δηιοτῆτι,ἔνθα κε λευγαλέῃ Μινύαι τότε δηιοτῆτι,tlg0001.tlg001.perseus-grc2.xml
Argonautica,tlg001,4,339,παυρότεροι πλεόνεσσιν ὑπείκαθον· ἀλλὰ πάροιθεν,παυρότεροι πλεόνεσσιν ὑπείκαθον· ἀλλὰ πάροιθεν,tlg0001.tlg001.perseus-grc2.xml
Argonautica,tlg001,4,340,"συνθεσίην, μέγα νεῖκος ἀλευάμενοι, ἐτάμοντο,","συνθεσίην, μέγα νεῖκος ἀλευάμενοι, ἐτάμοντο,",tlg0001.tlg001.perseus-grc2.xml
Argonautica,tlg001,4,341,"κῶας μὲν χρύσειον, ἐπεί σφισιν αὐτὸς ὑπέστη","κῶας μὲν χρύσειον, ἐπεί σφισιν αὐτὸς ὑπέστη",tlg0001.tlg001.perseus-grc2.xml
Argonautica,tlg001,4,342,"Αἰήτης, εἰ κεῖνοι ἀναπλήσειαν ἀέθλους,","Αἰήτης, εἰ κεῖνοι ἀναπλήσειαν ἀέθλους,",tlg0001.tlg001.perseus-grc2.xml
Argonautica,tlg001,4,343,"ἔμπεδον εὐδικίῃ σφέας ἑξέμεν, εἴτε δόλοισιν,","ἔμπεδον εὐδικίῃ σφέας ἑξέμεν, εἴτε δόλοισιν,",tlg0001.tlg001.perseus-grc2.xml
Argonautica,tlg001,4,344,εἴτε καὶ ἀμφαδίην αὔτως ἀέκοντος ἀπηύρων·,εἴτε καὶ ἀμφαδίην αὔτως ἀέκοντος ἀπηύρων·,tlg0001.tlg001.perseus-grc2.xml
Argonautica,tlg001,4,345,αὐτὰρ Μήδειάν γε—τὸ γὰρ πέλεν ἀμφήριστον—,αὐτὰρ Μήδειάν γε—τὸ γὰρ πέλεν ἀμφήριστον—,tlg0001.tlg001.perseus-grc2.xml
Argonautica,tlg001,4,346,"παρθέσθαι κούρῃ Λητωίδι νόσφιν ὁμίλου,","παρθέσθαι κούρῃ Λητωίδι νόσφιν ὁμίλου,",tlg0001.tlg001.perseus-grc2.xml
Argonautica,tlg001,4,347,"εἰσόκε τις δικάσῃσι θεμιστούχων βασιλήων,","εἰσόκε τις δικάσῃσι θεμιστούχων βασιλήων,",tlg0001.tlg001.perseus-grc2.xml
Argonautica,tlg001,4,348,"εἴτε μιν εἰς πατρὸς χρειὼ δόμον αὖτις ἱκάνειν,","εἴτε μιν εἰς πατρὸς χρειὼ δόμον αὖτις ἱκάνειν,",tlg0001.tlg001.perseus-grc2.xml
Argonautica,tlg001,4,349,εἴτε μεθʼ Ἑλλάδα γαῖαν ἀριστήεσσιν ἕπεσθαι.,εἴτε μεθ’ Ἑλλάδα γαῖαν ἀριστήεσσιν ἕπεσθαι.,tlg0001.tlg001.perseus-grc2.xml
Argonautica,tlg001,4,350,"ἔνθα δʼ ἐπεὶ τὰ ἕκαστα νόῳ πεμπάσσατο κούρη,","ἔνθα δ’ ἐπεὶ τὰ ἕκαστα νόῳ πεμπάσσατο κούρη,",tlg0001.tlg001.perseus-grc2.xml
Argonautica,tlg001,4,351,δή ῥά μιν ὀξεῖαι κραδίην ἐλέλιξαν ἀνῖαι,δή ῥά μιν ὀξεῖαι κραδίην ἐλέλιξαν ἀνῖαι,tlg0001.tlg001.perseus-grc2.xml
Argonautica,tlg001,4,352,νωλεμές· αἶψα δὲ νόσφιν Ἰήσονα μοῦνον ἑταίρων,νωλεμές· αἶψα δὲ νόσφιν Ἰήσονα μοῦνον ἑταίρων,tlg0001.tlg001.perseus-grc2.xml
Argonautica,tlg001,4,353,"ἐκπροκαλεσσαμένη ἄγεν ἄλλυδις, ὄφρʼ ἐλίασθεν","ἐκπροκαλεσσαμένη ἄγεν ἄλλυδις, ὄφρ’ ἐλίασθεν",tlg0001.tlg001.perseus-grc2.xml
Argonautica,tlg001,4,354,"πολλὸν ἑκάς, στονόεντα δʼ ἐνωπαδὶς ἔκφατο μῦθον·","πολλὸν ἑκάς, στονόεντα δ’ ἐνωπαδὶς ἔκφατο μῦθον·",tlg0001.tlg001.perseus-grc2.xml
Argonautica,tlg001,4,355,"Αἰσονίδη, τίνα τήνδε συναρτύνασθε μενοινὴν","Αἰσονίδη, τίνα τήνδε συναρτύνασθε μενοινὴν",tlg0001.tlg001.perseus-grc2.xml
Argonautica,tlg001,4,356,ἀμφʼ ἐμοί; ἦέ σε πάγχυ λαθιφροσύναις ἐνέηκαν,ἀμφ’ ἐμοί; ἦέ σε πάγχυ λαθιφροσύναις ἐνέηκαν,tlg0001.tlg001.perseus-grc2.xml
Argonautica,tlg001,4,357,"ἀγλαΐαι, τῶν δʼ οὔτι μετατρέπῃ, ὅσσʼ ἀγόρευες","ἀγλαΐαι, τῶν δ’ οὔτι μετατρέπῃ, ὅσσ’ ἀγόρευες",tlg0001.tlg001.perseus-grc2.xml
Argonautica,tlg001,4,358,χρειοῖ ἐνισχόμενος; ποῦ τοι Διὸς Ἱκεσίοιο,χρειοῖ ἐνισχόμενος; ποῦ τοι Διὸς Ἱκεσίοιο,tlg0001.tlg001.perseus-grc2.xml
Argonautica,tlg001,4,359,"ὅρκια, ποῦ δὲ μελιχραὶ ὑποσχεσίαι βεβάασιν;","ὅρκια, ποῦ δὲ μελιχραὶ ὑποσχεσίαι βεβάασιν;",tlg0001.tlg001.perseus-grc2.xml
Argonautica,tlg001,4,360,ᾗς ἐγὼ οὐ κατὰ κόσμον ἀναιδήτῳ ἰότητι,ᾗς ἐγὼ οὐ κατὰ κόσμον ἀναιδήτῳ ἰότητι,tlg0001.tlg001.perseus-grc2.xml
Argonautica,tlg001,4,361,πάτρην τε κλέα τε μεγάρων αὐτούς τε τοκῆας,πάτρην τε κλέα τε μεγάρων αὐτούς τε τοκῆας,tlg0001.tlg001.perseus-grc2.xml
Argonautica,tlg001,4,362,"νοσφισάμην, τά μοι ἦεν ὑπέρτατα· τηλόθι δʼ οἴη","νοσφισάμην, τά μοι ἦεν ὑπέρτατα· τηλόθι δ’ οἴη",tlg0001.tlg001.perseus-grc2.xml
Argonautica,tlg001,4,363,λυγρῇσιν κατὰ πόντον ἅμʼ ἀλκυόνεσσι φορεῦμαι,λυγρῇσιν κατὰ πόντον ἅμ’ ἀλκυόνεσσι φορεῦμαι,tlg0001.tlg001.perseus-grc2.xml
Argonautica,tlg001,4,364,"σῶν ἕνεκεν καμάτων, ἵνα μοι σόος ἀμφί τε βουσὶν","σῶν ἕνεκεν καμάτων, ἵνα μοι σόος ἀμφί τε βουσὶν",tlg0001.tlg001.perseus-grc2.xml
Argonautica,tlg001,4,365,ἀμφί τε γηγενέεσσιν ἀναπλήσειας ἀέθλους.,ἀμφί τε γηγενέεσσιν ἀναπλήσειας ἀέθλους.,tlg0001.tlg001.perseus-grc2.xml
Argonautica,tlg001,4,366,"ὕστατον αὖ καὶ κῶας, ἐπεί τʼ ἐπαϊστὸν ἐτύχθη,","ὕστατον αὖ καὶ κῶας, ἐπεί τ’ ἐπαϊστὸν ἐτύχθη,",tlg0001.tlg001.perseus-grc2.xml
Argonautica,tlg001,4,367,εἷλες ἐμῇ ματίῃ· κατὰ δʼ οὐλοὸν αἶσχος ἔχευα,εἷλες ἐμῇ ματίῃ· κατὰ δ’ οὐλοὸν αἶσχος ἔχευα,tlg0001.tlg001.perseus-grc2.xml
Argonautica,tlg001,4,368,θηλυτέραις. τῶ φημὶ τεὴ κούρη τε δάμαρ τε,θηλυτέραις. τῶ φημὶ τεὴ κούρη τε δάμαρ τε,tlg0001.tlg001.perseus-grc2.xml
Argonautica,tlg001,4,369,αὐτοκασιγνήτη τε μεθʼ Ἑλλάδα γαῖαν ἕπεσθαι.,αὐτοκασιγνήτη τε μεθ’ Ἑλλάδα γαῖαν ἕπεσθαι.,tlg0001.tlg001.perseus-grc2.xml
Argonautica,tlg001,4,370,"πάντῃ νυν πρόφρων ὑπερίστασο, μηδέ με μούνην","πάντῃ νυν πρόφρων ὑπερίστασο, μηδέ με μούνην",tlg0001.tlg001.perseus-grc2.xml
Argonautica,tlg001,4,371,"σεῖο λίπῃς ἀπάνευθεν, ἐποιχόμενος βασιλῆας.","σεῖο λίπῃς ἀπάνευθεν, ἐποιχόμενος βασιλῆας.",tlg0001.tlg001.perseus-grc2.xml
Argonautica,tlg001,4,372,ἀλλʼ αὔτως εἴρυσο· δίκη δέ τοι ἔμπεδος ἔστω,ἀλλ’ αὔτως εἴρυσο· δίκη δέ τοι ἔμπεδος ἔστω,tlg0001.tlg001.perseus-grc2.xml
Argonautica,tlg001,4,373,"καὶ θέμις, ἣν ἄμφω συναρέσσαμεν· ἢ σύγʼ ἔπειτα","καὶ θέμις, ἣν ἄμφω συναρέσσαμεν· ἢ σύγ’ ἔπειτα",tlg0001.tlg001.perseus-grc2.xml
Argonautica,tlg001,4,374,"φασγάνῳ αὐτίκα τόνδε μέσον διὰ λαιμὸν ἀμῆσαι,","φασγάνῳ αὐτίκα τόνδε μέσον διὰ λαιμὸν ἀμῆσαι,",tlg0001.tlg001.perseus-grc2.xml
Argonautica,tlg001,4,375,ὄφρʼ ἐπίηρα φέρωμαι ἐοικότα μαργοσύνῃσιν.,ὄφρ’ ἐπίηρα φέρωμαι ἐοικότα μαργοσύνῃσιν.,tlg0001.tlg001.perseus-grc2.xml
Argonautica,tlg001,4,376,"σχετλίη, εἴ κεν δή με κασιγνήτοιο δικάσσῃ","σχετλίη, εἴ κεν δή με κασιγνήτοιο δικάσσῃ",tlg0001.tlg001.perseus-grc2.xml
Argonautica,tlg001,4,377,"ἔμμεναι οὗτος ἄναξ, τῷ ἐπίσχετε τάσδʼ ἀλεγεινὰς","ἔμμεναι οὗτος ἄναξ, τῷ ἐπίσχετε τάσδ’ ἀλεγεινὰς",tlg0001.tlg001.perseus-grc2.xml
Argonautica,tlg001,4,378,ἄμφω συνθεσίας. πῶς ἵξομαι ὄμματα πατρός;,ἄμφω συνθεσίας. πῶς ἵξομαι ὄμματα πατρός;,tlg0001.tlg001.perseus-grc2.xml
Argonautica,tlg001,4,379,"ἦ μάλʼ ἐυκλειής; τίνα δʼ οὐ τίσιν, ἠὲ βαρεῖαν","ἦ μάλ’ ἐυκλειής; τίνα δ’ οὐ τίσιν, ἠὲ βαρεῖαν",tlg0001.tlg001.perseus-grc2.xml
Argonautica,tlg001,4,380,"ἄτην οὐ σμυγερῶς δεινῶν ὕπερ, οἷα ἔοργα,","ἄτην οὐ σμυγερῶς δεινῶν ὕπερ, οἷα ἔοργα,",tlg0001.tlg001.perseus-grc2.xml
Argonautica,tlg001,4,381,ὀτλήσω; σὺ δέ κεν θυμηδέα νόστον ἕλοιο;,ὀτλήσω; σὺ δέ κεν θυμηδέα νόστον ἕλοιο;,tlg0001.tlg001.perseus-grc2.xml
Argonautica,tlg001,4,382,"μὴ τόγε παμβασίλεια Διὸς τελέσειεν ἄκοιτις,","μὴ τόγε παμβασίλεια Διὸς τελέσειεν ἄκοιτις,",tlg0001.tlg001.perseus-grc2.xml
Argonautica,tlg001,4,383,"ᾗ ἐπικυδιάεις. μνήσαιο δέ καί ποτʼ ἐμεῖο,","ᾗ ἐπικυδιάεις. μνήσαιο δέ καί ποτ’ ἐμεῖο,",tlg0001.tlg001.perseus-grc2.xml
Argonautica,tlg001,4,384,στρευγόμενος καμάτοισι· δέρος δέ τοι ἶσον ὀνείροις,στρευγόμενος καμάτοισι· δέρος δέ τοι ἶσον ὀνείροις,tlg0001.tlg001.perseus-grc2.xml
Argonautica,tlg001,4,385,οἴχοιτʼ εἰς ἔρεβος μεταμώνιον. ἐκ δέ σε πάτρης,οἴχοιτ’ εἰς ἔρεβος μεταμώνιον. ἐκ δέ σε πάτρης,tlg0001.tlg001.perseus-grc2.xml
Argonautica,tlg001,4,386,αὐτίκʼ ἐμαί σʼ ἐλάσειαν Ἐρινύες· οἷα καὶ αὐτὴ,αὐτίκ’ ἐμαί σ’ ἐλάσειαν Ἐρινύες· οἷα καὶ αὐτὴ,tlg0001.tlg001.perseus-grc2.xml
Argonautica,tlg001,4,387,σῇ πάθον ἀτροπίῃ. τὰ μὲν οὐ θέμις ἀκράαντα,σῇ πάθον ἀτροπίῃ. τὰ μὲν οὐ θέμις ἀκράαντα,tlg0001.tlg001.perseus-grc2.xml
Argonautica,tlg001,4,388,"ἐν γαίῃ πεσέειν. μάλα γὰρ μέγαν ἤλιτες ὅρκον,","ἐν γαίῃ πεσέειν. μάλα γὰρ μέγαν ἤλιτες ὅρκον,",tlg0001.tlg001.perseus-grc2.xml
Argonautica,tlg001,4,389,νηλεές· ἀλλʼ οὔ θήν μοι ἐπιλλίζοντες ὀπίσσω,νηλεές· ἀλλ’ οὔ θήν μοι ἐπιλλίζοντες ὀπίσσω,tlg0001.tlg001.perseus-grc2.xml
Argonautica,tlg001,4,390,δὴν ἔσσεσθʼ εὔκηλοι ἕκητί γε συνθεσιάων.,δὴν ἔσσεσθ’ εὔκηλοι ἕκητί γε συνθεσιάων.,tlg0001.tlg001.perseus-grc2.xml
Argonautica,tlg001,4,391,ὧς φάτʼ ἀναζείουσα βαρὺν χόλον· ἵετο δʼ ἥγε,ὧς φάτ’ ἀναζείουσα βαρὺν χόλον· ἵετο δ’ ἥγε,tlg0001.tlg001.perseus-grc2.xml
Argonautica,tlg001,4,392,"νῆα καταφλέξαι, διά τʼ ἔμπεδα πάντα κεάσσαι,","νῆα καταφλέξαι, διά τ’ ἔμπεδα πάντα κεάσσαι,",tlg0001.tlg001.perseus-grc2.xml
Argonautica,tlg001,4,393,ἐν δὲ πεσεῖν αὐτὴ μαλερῷ πυρί. τοῖα δʼ Ἰήσων,ἐν δὲ πεσεῖν αὐτὴ μαλερῷ πυρί. τοῖα δ’ Ἰήσων,tlg0001.tlg001.perseus-grc2.xml
Argonautica,tlg001,4,394,μειλιχίοις ἐπέεσσιν ὑποδδείσας προσέειπεν·,μειλιχίοις ἐπέεσσιν ὑποδδείσας προσέειπεν·,tlg0001.tlg001.perseus-grc2.xml
Argonautica,tlg001,4,395,"ἴσχεο, δαιμονίη· τὰ μὲν ἁνδάνει οὐδʼ ἐμοὶ αὐτῷ.","ἴσχεο, δαιμονίη· τὰ μὲν ἁνδάνει οὐδ’ ἐμοὶ αὐτῷ.",tlg0001.tlg001.perseus-grc2.xml
Argonautica,tlg001,4,396,"ἀλλά τινʼ ἀμβολίην διζήμεθα δηιοτῆτος,","ἀλλά τιν’ ἀμβολίην διζήμεθα δηιοτῆτος,",tlg0001.tlg001.perseus-grc2.xml
Argonautica,tlg001,4,397,ὅσσον δυσμενέων ἀνδρῶν νέφος ἀμφιδέδηεν,ὅσσον δυσμενέων ἀνδρῶν νέφος ἀμφιδέδηεν,tlg0001.tlg001.perseus-grc2.xml
Argonautica,tlg001,4,398,"εἵνεκα σεῦ. πάντες γάρ, ὅσοι χθόνα τήνδε νέμονται,","εἵνεκα σεῦ. πάντες γάρ, ὅσοι χθόνα τήνδε νέμονται,",tlg0001.tlg001.perseus-grc2.xml
Argonautica,tlg001,4,399,"Ἀψύρτῳ μεμάασιν ἀμυνέμεν, ὄφρα σε πατρί,","Ἀψύρτῳ μεμάασιν ἀμυνέμεν, ὄφρα σε πατρί,",tlg0001.tlg001.perseus-grc2.xml
Argonautica,tlg001,4,400,"οἷά τε ληισθεῖσαν, ὑπότροπον οἴκαδʼ ἄγοιντο.","οἷά τε ληισθεῖσαν, ὑπότροπον οἴκαδ’ ἄγοιντο.",tlg0001.tlg001.perseus-grc2.xml
Argonautica,tlg001,4,401,"αὐτοὶ δὲ στυγερῷ κεν ὀλοίμεθα πάντες ὀλέθρῳ,","αὐτοὶ δὲ στυγερῷ κεν ὀλοίμεθα πάντες ὀλέθρῳ,",tlg0001.tlg001.perseus-grc2.xml
Argonautica,tlg001,4,402,μίξαντες δαῒ χεῖρας· ὅ τοι καὶ ῥίγιον ἄλγος,μίξαντες δαῒ χεῖρας· ὅ τοι καὶ ῥίγιον ἄλγος,tlg0001.tlg001.perseus-grc2.xml
Argonautica,tlg001,4,403,"ἔσσεται, εἴ σε θανόντες ἕλωρ κείνοισι λίποιμεν.","ἔσσεται, εἴ σε θανόντες ἕλωρ κείνοισι λίποιμεν.",tlg0001.tlg001.perseus-grc2.xml
Argonautica,tlg001,4,404,"ἥδε δὲ συνθεσίη κρανέει δόλον, ᾧ μιν ἐς ἄτην","ἥδε δὲ συνθεσίη κρανέει δόλον, ᾧ μιν ἐς ἄτην",tlg0001.tlg001.perseus-grc2.xml
Argonautica,tlg001,4,405,βήσομεν. οὐδʼ ἂν ὁμῶς περιναιέται ἀντιόωσιν,βήσομεν. οὐδ’ ἂν ὁμῶς περιναιέται ἀντιόωσιν,tlg0001.tlg001.perseus-grc2.xml
Argonautica,tlg001,4,406,"Κόλχοις ἦρα φέροντες ὑπὲρ σέο νόσφιν ἄνακτος,","Κόλχοις ἦρα φέροντες ὑπὲρ σέο νόσφιν ἄνακτος,",tlg0001.tlg001.perseus-grc2.xml
Argonautica,tlg001,4,407,ὅς τοι ἀοσσητήρ τε κασίγνητός τε τέτυκται·,ὅς τοι ἀοσσητήρ τε κασίγνητός τε τέτυκται·,tlg0001.tlg001.perseus-grc2.xml
Argonautica,tlg001,4,408,οὐδʼ ἂν ἐγὼ Κόλχοισιν ὑπείξω μὴ πολεμίζειν,οὐδ’ ἂν ἐγὼ Κόλχοισιν ὑπείξω μὴ πολεμίζειν,tlg0001.tlg001.perseus-grc2.xml
Argonautica,tlg001,4,409,"ἀντιβίην, ὅτε μή με διὲξ εἰῶσι νέεσθαι.","ἀντιβίην, ὅτε μή με διὲξ εἰῶσι νέεσθαι.",tlg0001.tlg001.perseus-grc2.xml
Argonautica,tlg001,4,410,Ἴσκεν ὑποσσαίνων· ἡ δʼ οὐλοὸν ἔκφατο μῦθον·,Ἴσκεν ὑποσσαίνων· ἡ δ’ οὐλοὸν ἔκφατο μῦθον·,tlg0001.tlg001.perseus-grc2.xml
Argonautica,tlg001,4,411,φράζεο νῦν. χρειὼ γὰρ ἀεικελίοισιν ἐπʼ ἔργοις,φράζεο νῦν. χρειὼ γὰρ ἀεικελίοισιν ἐπ’ ἔργοις,tlg0001.tlg001.perseus-grc2.xml
Argonautica,tlg001,4,412,"καὶ τόδε μητίσασθαι, ἐπεὶ τὸ πρῶτον ἀάσθην","καὶ τόδε μητίσασθαι, ἐπεὶ τὸ πρῶτον ἀάσθην",tlg0001.tlg001.perseus-grc2.xml
Argonautica,tlg001,4,413,"ἀμπλακίῃ, θεόθεν δὲ κακὰς ἤνυσσα μενοινάς.","ἀμπλακίῃ, θεόθεν δὲ κακὰς ἤνυσσα μενοινάς.",tlg0001.tlg001.perseus-grc2.xml
Argonautica,tlg001,4,414,τύνη μὲν κατὰ μῶλον ἀλέξεο δούρατα Κόλχων·,τύνη μὲν κατὰ μῶλον ἀλέξεο δούρατα Κόλχων·,tlg0001.tlg001.perseus-grc2.xml
Argonautica,tlg001,4,415,αὐτὰρ ἐγὼ κεῖνόν γε τεὰς ἐς χεῖρας ἱκέσθαι,αὐτὰρ ἐγὼ κεῖνόν γε τεὰς ἐς χεῖρας ἱκέσθαι,tlg0001.tlg001.perseus-grc2.xml
Argonautica,tlg001,4,416,μειλίξω· σὺ δέ μιν φαιδροῖς ἀγαπάζεο δώροις.,μειλίξω· σὺ δέ μιν φαιδροῖς ἀγαπάζεο δώροις.,tlg0001.tlg001.perseus-grc2.xml
Argonautica,tlg001,4,417,εἴ κέν πως κήρυκας ἀπερχομένους πεπίθοιμι,εἴ κέν πως κήρυκας ἀπερχομένους πεπίθοιμι,tlg0001.tlg001.perseus-grc2.xml
Argonautica,tlg001,4,418,"οἰόθεν οἶον ἐμοῖσι συναρθμῆσαι ἐπέεσσιν,","οἰόθεν οἶον ἐμοῖσι συναρθμῆσαι ἐπέεσσιν,",tlg0001.tlg001.perseus-grc2.xml
Argonautica,tlg001,4,419,"ἔνθʼ εἴ τοι τόδε ἔργον ἐφανδάνει, οὔτι μεγαίρω,","ἔνθ’ εἴ τοι τόδε ἔργον ἐφανδάνει, οὔτι μεγαίρω,",tlg0001.tlg001.perseus-grc2.xml
Argonautica,tlg001,4,420,"κτεῖνέ τε, καὶ Κόλχοισιν ἀείρεο δηιοτῆτα.","κτεῖνέ τε, καὶ Κόλχοισιν ἀείρεο δηιοτῆτα.",tlg0001.tlg001.perseus-grc2.xml
Argonautica,tlg001,4,421,ὧς τώγε ξυμβάντε μέγαν δόλον ἠρτύνοντο,ὧς τώγε ξυμβάντε μέγαν δόλον ἠρτύνοντο,tlg0001.tlg001.perseus-grc2.xml
Argonautica,tlg001,4,422,"Ἀψύρτῳ, καὶ πολλὰ πόρον ξεινήια δῶρα,","Ἀψύρτῳ, καὶ πολλὰ πόρον ξεινήια δῶρα,",tlg0001.tlg001.perseus-grc2.xml
Argonautica,tlg001,4,423,οἷς μέτα καὶ πέπλον δόσαν ἱερὸν Ὑψιπυλείης,οἷς μέτα καὶ πέπλον δόσαν ἱερὸν Ὑψιπυλείης,tlg0001.tlg001.perseus-grc2.xml
Argonautica,tlg001,4,424,πορφύρεον. τὸν μέν ῥα Διωνύσῳ κάμον αὐταὶ,πορφύρεον. τὸν μέν ῥα Διωνύσῳ κάμον αὐταὶ,tlg0001.tlg001.perseus-grc2.xml
Argonautica,tlg001,4,425,δίῃ ἐν ἀμφιάλῳ Χάριτες θεαί· αὐτὰρ ὁ παιδὶ,δίῃ ἐν ἀμφιάλῳ Χάριτες θεαί· αὐτὰρ ὁ παιδὶ,tlg0001.tlg001.perseus-grc2.xml
Argonautica,tlg001,4,426,δῶκε Θόαντι μεταῦτις· ὁ δʼ αὖ λίπεν Ὑψιπυλείῃ·,δῶκε Θόαντι μεταῦτις· ὁ δ’ αὖ λίπεν Ὑψιπυλείῃ·,tlg0001.tlg001.perseus-grc2.xml
Argonautica,tlg001,4,427,ἡ δʼ ἔπορʼ Αἰσονίδῃ πολέσιν μετὰ καὶ τὸ φέρεσθαι,ἡ δ’ ἔπορ’ Αἰσονίδῃ πολέσιν μετὰ καὶ τὸ φέρεσθαι,tlg0001.tlg001.perseus-grc2.xml
Argonautica,tlg001,4,428,"γλήνεσιν εὐεργὲς ξεινήιον. οὔ μιν ἀφάσσων,","γλήνεσιν εὐεργὲς ξεινήιον. οὔ μιν ἀφάσσων,",tlg0001.tlg001.perseus-grc2.xml
Argonautica,tlg001,4,429,οὔτε κεν εἰσορόων γλυκὺν ἵμερον ἐμπλήσειας.,οὔτε κεν εἰσορόων γλυκὺν ἵμερον ἐμπλήσειας.,tlg0001.tlg001.perseus-grc2.xml
Argonautica,tlg001,4,430,"τοῦ δὲ καὶ ἀμβροσίη ὀδμὴ πέλεν ἐξέτι κείνου,","τοῦ δὲ καὶ ἀμβροσίη ὀδμὴ πέλεν ἐξέτι κείνου,",tlg0001.tlg001.perseus-grc2.xml
Argonautica,tlg001,4,431,ἐξ οὗ ἄναξ αὐτὸς Νυσήιος ἐγκατελεκτο,ἐξ οὗ ἄναξ αὐτὸς Νυσήιος ἐγκατελεκτο,tlg0001.tlg001.perseus-grc2.xml
Argonautica,tlg001,4,432,"ἀκροχάλιξ οἴνῳ καὶ νέκταρι, καλὰ μεμαρπὼς","ἀκροχάλιξ οἴνῳ καὶ νέκταρι, καλὰ μεμαρπὼς",tlg0001.tlg001.perseus-grc2.xml
Argonautica,tlg001,4,433,"στήθεα παρθενικῆς Μινωίδος, ἥν ποτε Θησεὺς","στήθεα παρθενικῆς Μινωίδος, ἥν ποτε Θησεὺς",tlg0001.tlg001.perseus-grc2.xml
Argonautica,tlg001,4,434,Κνωσσόθεν ἑσπομένην Δίῃ ἔνι κάλλιπε νήσῳ.,Κνωσσόθεν ἑσπομένην Δίῃ ἔνι κάλλιπε νήσῳ.,tlg0001.tlg001.perseus-grc2.xml
Argonautica,tlg001,4,435,"ἡ δʼ ὅτε κηρύκεσσιν ἐπεξυνώσατο μύθους,","ἡ δ’ ὅτε κηρύκεσσιν ἐπεξυνώσατο μύθους,",tlg0001.tlg001.perseus-grc2.xml
Argonautica,tlg001,4,436,"θελγέμεν, εὖτʼ ἂν πρῶτα θεᾶς περὶ νηὸν ἵκηται","θελγέμεν, εὖτ’ ἂν πρῶτα θεᾶς περὶ νηὸν ἵκηται",tlg0001.tlg001.perseus-grc2.xml
Argonautica,tlg001,4,437,"συνθεσίῃ, νυκτός τε μέλαν κνέφας ἀμφιβάλῃσιν,","συνθεσίῃ, νυκτός τε μέλαν κνέφας ἀμφιβάλῃσιν,",tlg0001.tlg001.perseus-grc2.xml
Argonautica,tlg001,4,438,"ἐλθέμεν, ὄφρα δόλον συμφράσσεται, ὥς κεν ἑλοῦσα","ἐλθέμεν, ὄφρα δόλον συμφράσσεται, ὥς κεν ἑλοῦσα",tlg0001.tlg001.perseus-grc2.xml
Argonautica,tlg001,4,439,χρύσειον μέγα κῶας ὑπότροπος αὖτις ὀπίσσω,χρύσειον μέγα κῶας ὑπότροπος αὖτις ὀπίσσω,tlg0001.tlg001.perseus-grc2.xml
Argonautica,tlg001,4,440,βαίη ἐς Αἰήταο δόμους· πέρι γάρ μιν ἀνάγκῃ,βαίη ἐς Αἰήταο δόμους· πέρι γάρ μιν ἀνάγκῃ,tlg0001.tlg001.perseus-grc2.xml
Argonautica,tlg001,4,441,υἱῆες Φρίξοιο δόσαν ξείνοισιν ἄγεσθαι·,υἱῆες Φρίξοιο δόσαν ξείνοισιν ἄγεσθαι·,tlg0001.tlg001.perseus-grc2.xml
Argonautica,tlg001,4,442,τοῖα παραιφαμένη θελκτήρια φάρμακʼ ἔπασσεν,τοῖα παραιφαμένη θελκτήρια φάρμακ’ ἔπασσεν,tlg0001.tlg001.perseus-grc2.xml
Argonautica,tlg001,4,443,"αἰθέρι καὶ πνοιῇσι, τά κεν καὶ ἄπωθεν ἐόντα","αἰθέρι καὶ πνοιῇσι, τά κεν καὶ ἄπωθεν ἐόντα",tlg0001.tlg001.perseus-grc2.xml
Argonautica,tlg001,4,444,ἄγριον ἠλιβάτοιο κατʼ οὔρεος ἤγαγε θῆρα.,ἄγριον ἠλιβάτοιο κατ’ οὔρεος ἤγαγε θῆρα.,tlg0001.tlg001.perseus-grc2.xml
Argonautica,tlg001,4,445,"σχέτλιʼ Ἔρως, μέγα πῆμα, μέγα στύγος ἀνθρώποισιν,","σχέτλι’ Ἔρως, μέγα πῆμα, μέγα στύγος ἀνθρώποισιν,",tlg0001.tlg001.perseus-grc2.xml
Argonautica,tlg001,4,446,"ἐκ σέθεν οὐλόμεναί τʼ ἔριδες στοναχαί τε γόοι τε,","ἐκ σέθεν οὐλόμεναί τ’ ἔριδες στοναχαί τε γόοι τε,",tlg0001.tlg001.perseus-grc2.xml
Argonautica,tlg001,4,447,ἄλγεά τʼ ἄλλʼ ἐπὶ τοῖσιν ἀπείρονα τετρήχασιν.,ἄλγεά τ’ ἄλλ’ ἐπὶ τοῖσιν ἀπείρονα τετρήχασιν.,tlg0001.tlg001.perseus-grc2.xml
Argonautica,tlg001,4,448,"δυσμενέων ἐπὶ παισὶ κορύσσεο, δαῖμον, ἀερθείς,","δυσμενέων ἐπὶ παισὶ κορύσσεο, δαῖμον, ἀερθείς,",tlg0001.tlg001.perseus-grc2.xml
Argonautica,tlg001,4,449,οἷος Μηδείῃ στυγερὴν φρεσὶν ἔμβαλες ἄτην.,οἷος Μηδείῃ στυγερὴν φρεσὶν ἔμβαλες ἄτην.,tlg0001.tlg001.perseus-grc2.xml
Argonautica,tlg001,4,450,πῶς γὰρ δὴ μετιόντα κακῷ ἐδάμασσεν ὀλέθρῳ,πῶς γὰρ δὴ μετιόντα κακῷ ἐδάμασσεν ὀλέθρῳ,tlg0001.tlg001.perseus-grc2.xml
Argonautica,tlg001,4,451,Ἄψυρτον; τὸ γὰρ ἧμιν ἐπισχερὼ ἦεν ἀοιδῆς.,Ἄψυρτον; τὸ γὰρ ἧμιν ἐπισχερὼ ἦεν ἀοιδῆς.,tlg0001.tlg001.perseus-grc2.xml
Argonautica,tlg001,4,452,ἦμος ὅτʼ Ἀρτέμιδος νήσῳ ἔνι τήνγʼ ἐλίποντο,ἦμος ὅτ’ Ἀρτέμιδος νήσῳ ἔνι τήνγ’ ἐλίποντο,tlg0001.tlg001.perseus-grc2.xml
Argonautica,tlg001,4,453,συνθεσίῃ. τοὶ μέν ῥα διάνδιχα νηυσὶν ἔκελσαν,συνθεσίῃ. τοὶ μέν ῥα διάνδιχα νηυσὶν ἔκελσαν,tlg0001.tlg001.perseus-grc2.xml
Argonautica,tlg001,4,454,σφωιτέραις κρινθέντες· ὁ δʼ ἐς λόχον ᾖεν Ἰήσων,σφωιτέραις κρινθέντες· ὁ δ’ ἐς λόχον ᾖεν Ἰήσων,tlg0001.tlg001.perseus-grc2.xml
Argonautica,tlg001,4,455,δέγμενος Ἄψυρτόν τε καὶ οὓς ἐξαῦτις ἑταίρους.,δέγμενος Ἄψυρτόν τε καὶ οὓς ἐξαῦτις ἑταίρους.,tlg0001.tlg001.perseus-grc2.xml
Argonautica,tlg001,4,456,αὐτὰρ ὅγʼ αἰνοτάτῃσιν ὑποσχεσίῃσι δολωθεὶς,αὐτὰρ ὅγ’ αἰνοτάτῃσιν ὑποσχεσίῃσι δολωθεὶς,tlg0001.tlg001.perseus-grc2.xml
Argonautica,tlg001,4,457,"καρπαλίμως ᾗ νηὶ διὲξ ἁλὸς οἶδμα περήσας,","καρπαλίμως ᾗ νηὶ διὲξ ἁλὸς οἶδμα περήσας,",tlg0001.tlg001.perseus-grc2.xml
Argonautica,tlg001,4,458,νύχθʼ ὕπο λυγαίην ἱερῆς ἐπεβήσατο νήσου·,νύχθ’ ὕπο λυγαίην ἱερῆς ἐπεβήσατο νήσου·,tlg0001.tlg001.perseus-grc2.xml
Argonautica,tlg001,4,459,οἰόθι δʼ ἀντικρὺ μετιὼν πειρήσατο μύθοις,οἰόθι δ’ ἀντικρὺ μετιὼν πειρήσατο μύθοις,tlg0001.tlg001.perseus-grc2.xml
Argonautica,tlg001,4,460,"εἷο κασιγνήτης, ἀταλὸς πάις οἷα χαράδρης","εἷο κασιγνήτης, ἀταλὸς πάις οἷα χαράδρης",tlg0001.tlg001.perseus-grc2.xml
Argonautica,tlg001,4,461,"χειμερίης, ἣν οὐδὲ διʼ αἰζηοὶ περόωσιν.","χειμερίης, ἣν οὐδὲ δι’ αἰζηοὶ περόωσιν.",tlg0001.tlg001.perseus-grc2.xml
Argonautica,tlg001,4,462,εἴ κε δόλον ξείνοισιν ἐπʼ ἀνδράσι τεχνήσαιτο.,εἴ κε δόλον ξείνοισιν ἐπ’ ἀνδράσι τεχνήσαιτο.,tlg0001.tlg001.perseus-grc2.xml
Argonautica,tlg001,4,463,καὶ τὼ μὲν τὰ ἕκαστα συνῄνεον ἀλλήλοισιν·,καὶ τὼ μὲν τὰ ἕκαστα συνῄνεον ἀλλήλοισιν·,tlg0001.tlg001.perseus-grc2.xml
Argonautica,tlg001,4,464,"αὐτίκα δʼ Αἰσονίδης πυκινοῦ ἐξᾶλτο λόχοιο,","αὐτίκα δ’ Αἰσονίδης πυκινοῦ ἐξᾶλτο λόχοιο,",tlg0001.tlg001.perseus-grc2.xml
Argonautica,tlg001,4,465,γυμνὸν ἀνασχόμενος παλάμῃ ξίφος· αἶψα δὲ κούρη,γυμνὸν ἀνασχόμενος παλάμῃ ξίφος· αἶψα δὲ κούρη,tlg0001.tlg001.perseus-grc2.xml
Argonautica,tlg001,4,466,"ἔμπαλιν ὄμματʼ ἔνεικε, καλυψαμένη ὀθόνῃσιν,","ἔμπαλιν ὄμματ’ ἔνεικε, καλυψαμένη ὀθόνῃσιν,",tlg0001.tlg001.perseus-grc2.xml
Argonautica,tlg001,4,467,μὴ φόνον ἀθρήσειε κασιγνήτοιο τυπέντος.,μὴ φόνον ἀθρήσειε κασιγνήτοιο τυπέντος.,tlg0001.tlg001.perseus-grc2.xml
Argonautica,tlg001,4,468,"τὸν δʼ ὅγε, βουτύπος ὥστε μέγαν κερεαλκέα ταῦρον,","τὸν δ’ ὅγε, βουτύπος ὥστε μέγαν κερεαλκέα ταῦρον,",tlg0001.tlg001.perseus-grc2.xml
Argonautica,tlg001,4,469,"πλῆξεν ὀπιπεύσας νηοῦ σχεδόν, ὅν ποτʼ ἔδειμαν","πλῆξεν ὀπιπεύσας νηοῦ σχεδόν, ὅν ποτ’ ἔδειμαν",tlg0001.tlg001.perseus-grc2.xml
Argonautica,tlg001,4,470,Ἀρτέμιδι Βρυγοὶ περιναιέται ἀντιπέρηθεν.,Ἀρτέμιδι Βρυγοὶ περιναιέται ἀντιπέρηθεν.,tlg0001.tlg001.perseus-grc2.xml
Argonautica,tlg001,4,471,τοῦ ὅγʼ ἐνὶ προδόμῳ γνὺξ ἤριπε· λοίσθια δʼ ἥρως,τοῦ ὅγ’ ἐνὶ προδόμῳ γνὺξ ἤριπε· λοίσθια δ’ ἥρως,tlg0001.tlg001.perseus-grc2.xml
Argonautica,tlg001,4,472,θυμὸν ἀναπνείων χερσὶν μέλαν ἀμφοτέρῃσιν,θυμὸν ἀναπνείων χερσὶν μέλαν ἀμφοτέρῃσιν,tlg0001.tlg001.perseus-grc2.xml
Argonautica,tlg001,4,473,αἷμα κατʼ ὠτειλὴν ὑποΐσχετο· τῆς δὲ καλύπτρην,αἷμα κατ’ ὠτειλὴν ὑποΐσχετο· τῆς δὲ καλύπτρην,tlg0001.tlg001.perseus-grc2.xml
Argonautica,tlg001,4,474,ἀργυφέην καὶ πέπλον ἀλευομένης ἐρύθηνεν.,ἀργυφέην καὶ πέπλον ἀλευομένης ἐρύθηνεν.,tlg0001.tlg001.perseus-grc2.xml
Argonautica,tlg001,4,475,ὀξὺ δὲ πανδαμάτωρ λοξῷ ἴδεν οἷον ἔρεξαν,ὀξὺ δὲ πανδαμάτωρ λοξῷ ἴδεν οἷον ἔρεξαν,tlg0001.tlg001.perseus-grc2.xml
Argonautica,tlg001,4,476,ὄμματι νηλειὴς ὀλοφώιον ἔργον Ἐρινύς.,ὄμματι νηλειὴς ὀλοφώιον ἔργον Ἐρινύς.,tlg0001.tlg001.perseus-grc2.xml
Argonautica,tlg001,4,477,"ἥρως δʼ Αἰσονίδης ἐξάργματα τάμνε θανόντος,","ἥρως δ’ Αἰσονίδης ἐξάργματα τάμνε θανόντος,",tlg0001.tlg001.perseus-grc2.xml
Argonautica,tlg001,4,478,"τρὶς δʼ ἀπέλειξε φόνου, τρὶς δʼ ἐξ ἄγος ἔπτυσʼ ὀδόντων,","τρὶς δ’ ἀπέλειξε φόνου, τρὶς δ’ ἐξ ἄγος ἔπτυσ’ ὀδόντων,",tlg0001.tlg001.perseus-grc2.xml
Argonautica,tlg001,4,479,ἣ θέμις αὐθέντῃσι δολοκτασίας ἱλάεσθαι.,ἣ θέμις αὐθέντῃσι δολοκτασίας ἱλάεσθαι.,tlg0001.tlg001.perseus-grc2.xml
Argonautica,tlg001,4,480,"ὑγρὸν δʼ ἐν γαίῃ κρύψεν νέκυν, ἔνθʼ ἔτι νῦν περ","ὑγρὸν δ’ ἐν γαίῃ κρύψεν νέκυν, ἔνθ’ ἔτι νῦν περ",tlg0001.tlg001.perseus-grc2.xml
Argonautica,tlg001,4,481,κείαται ὀστέα κεῖνα μετʼ ἀνδράσιν Ἀψυρτεῦσιν.,κείαται ὀστέα κεῖνα μετ’ ἀνδράσιν Ἀψυρτεῦσιν.,tlg0001.tlg001.perseus-grc2.xml
Argonautica,tlg001,4,482,"οἱ δʼ ἄμυδις πυρσοῖο σέλας προπάροιθεν ἰδόντες,","οἱ δ’ ἄμυδις πυρσοῖο σέλας προπάροιθεν ἰδόντες,",tlg0001.tlg001.perseus-grc2.xml
Argonautica,tlg001,4,483,"τό σφιν παρθενικὴ τέκμαρ μετιοῦσιν ἄειρεν,","τό σφιν παρθενικὴ τέκμαρ μετιοῦσιν ἄειρεν,",tlg0001.tlg001.perseus-grc2.xml
Argonautica,tlg001,4,484,Κολχίδος ἀγχόθι νηὸς ἑὴν παρὰ νῆʼ ἐβάλοντο,Κολχίδος ἀγχόθι νηὸς ἑὴν παρὰ νῆ’ ἐβάλοντο,tlg0001.tlg001.perseus-grc2.xml
Argonautica,tlg001,4,485,"ἥρωες· Κόλχον δʼ ὄλεκον στόλον, ἠύτε κίρκοι","ἥρωες· Κόλχον δ’ ὄλεκον στόλον, ἠύτε κίρκοι",tlg0001.tlg001.perseus-grc2.xml
Argonautica,tlg001,4,486,"φῦλα πελειάων, ἠὲ μέγα πῶυ λέοντες","φῦλα πελειάων, ἠὲ μέγα πῶυ λέοντες",tlg0001.tlg001.perseus-grc2.xml
Argonautica,tlg001,4,487,ἀγρότεροι κλονέουσιν ἐνὶ σταθμοῖσι θορόντες.,ἀγρότεροι κλονέουσιν ἐνὶ σταθμοῖσι θορόντες.,tlg0001.tlg001.perseus-grc2.xml
Argonautica,tlg001,4,488,"οὐδʼ ἄρα τις κείνων θάνατον φύγε, πάντα δʼ ὅμιλον","οὐδ’ ἄρα τις κείνων θάνατον φύγε, πάντα δ’ ὅμιλον",tlg0001.tlg001.perseus-grc2.xml
Argonautica,tlg001,4,489,πῦρ ἅ τε δηιόωντες ἐπέδραμον· ὀψὲ δʼ Ἰήσων,πῦρ ἅ τε δηιόωντες ἐπέδραμον· ὀψὲ δ’ Ἰήσων,tlg0001.tlg001.perseus-grc2.xml
Argonautica,tlg001,4,490,"ἤντησεν, μεμαὼς ἐπαμυνέμεν οὐ μάλʼ ἀρωγῆς","ἤντησεν, μεμαὼς ἐπαμυνέμεν οὐ μάλ’ ἀρωγῆς",tlg0001.tlg001.perseus-grc2.xml
Argonautica,tlg001,4,491,δευομένοις· ἤδη δὲ καὶ ἀμφʼ αὐτοῖο μέλοντο.,δευομένοις· ἤδη δὲ καὶ ἀμφ’ αὐτοῖο μέλοντο.,tlg0001.tlg001.perseus-grc2.xml
Argonautica,tlg001,4,492,ἔνθα δὲ ναυτιλίης πυκινὴν περὶ μητιάασκον,ἔνθα δὲ ναυτιλίης πυκινὴν περὶ μητιάασκον,tlg0001.tlg001.perseus-grc2.xml
Argonautica,tlg001,4,493,ἑζόμενοι βουλήν· ἐπὶ δέ σφισιν ἤλυθε κούρη,ἑζόμενοι βουλήν· ἐπὶ δέ σφισιν ἤλυθε κούρη,tlg0001.tlg001.perseus-grc2.xml
Argonautica,tlg001,4,494,φραζομένοις· Πηλεὺς δὲ παροίτατος ἔκφατο μῦθον·,φραζομένοις· Πηλεὺς δὲ παροίτατος ἔκφατο μῦθον·,tlg0001.tlg001.perseus-grc2.xml
Argonautica,tlg001,4,495,ἤδη νῦν κέλομαι νύκτωρ ἔτι νῆʼ ἐπιβάντας,ἤδη νῦν κέλομαι νύκτωρ ἔτι νῆ’ ἐπιβάντας,tlg0001.tlg001.perseus-grc2.xml
Argonautica,tlg001,4,496,"εἰρεσίῃ περάαν πλόον ἀντίον, ᾧ ἐπέχουσιν","εἰρεσίῃ περάαν πλόον ἀντίον, ᾧ ἐπέχουσιν",tlg0001.tlg001.perseus-grc2.xml
Argonautica,tlg001,4,497,δήιοι· ἠῶθεν γὰρ ἐπαθρήσαντας ἕκαστα,δήιοι· ἠῶθεν γὰρ ἐπαθρήσαντας ἕκαστα,tlg0001.tlg001.perseus-grc2.xml
Argonautica,tlg001,4,498,"ἔλπομαι οὐχ ἕνα μῦθον, ὅτις προτέρωσε δίεσθαι","ἔλπομαι οὐχ ἕνα μῦθον, ὅτις προτέρωσε δίεσθαι",tlg0001.tlg001.perseus-grc2.xml
Argonautica,tlg001,4,499,"ἡμέας ὀτρυνέει, τοὺς πεισέμεν· οἷα δʼ ἄνακτος","ἡμέας ὀτρυνέει, τοὺς πεισέμεν· οἷα δ’ ἄνακτος",tlg0001.tlg001.perseus-grc2.xml
Argonautica,tlg001,4,500,"εὔνιδες, ἀργαλέῃσι διχοστασίῃς κεδόωνται.","εὔνιδες, ἀργαλέῃσι διχοστασίῃς κεδόωνται.",tlg0001.tlg001.perseus-grc2.xml
Argonautica,tlg001,4,501,"ῥηιδίη δέ κεν ἄμμι, κεδασθέντων δίχα λαῶν,","ῥηιδίη δέ κεν ἄμμι, κεδασθέντων δίχα λαῶν,",tlg0001.tlg001.perseus-grc2.xml
Argonautica,tlg001,4,502,ἤ τʼ εἴη μετέπειτα κατερχομένοισι κέλευθος.,ἤ τ’ εἴη μετέπειτα κατερχομένοισι κέλευθος.,tlg0001.tlg001.perseus-grc2.xml
Argonautica,tlg001,4,503,ὧς ἔφατʼ· ᾔνησαν δὲ νέοι ἔπος Λἰακίδαο.,ὧς ἔφατ’· ᾔνησαν δὲ νέοι ἔπος Λἰακίδαο.,tlg0001.tlg001.perseus-grc2.xml
Argonautica,tlg001,4,504,ῥίμφα δὲ νῆʼ ἐπιβάντες ἐπερρώοντʼ ἐλάτῃσιν,ῥίμφα δὲ νῆ’ ἐπιβάντες ἐπερρώοντ’ ἐλάτῃσιν,tlg0001.tlg001.perseus-grc2.xml
Argonautica,tlg001,4,505,"νωλεμές, ὄφρʼ ἱερὴν Ἠλεκτρίδα νῆσον ἵκοντο,","νωλεμές, ὄφρ’ ἱερὴν Ἠλεκτρίδα νῆσον ἵκοντο,",tlg0001.tlg001.perseus-grc2.xml
Argonautica,tlg001,4,506,"ἀλλάων ὑπάτην, ποταμοῦ σχεδὸν Ἠριδανοῖο.","ἀλλάων ὑπάτην, ποταμοῦ σχεδὸν Ἠριδανοῖο.",tlg0001.tlg001.perseus-grc2.xml
Argonautica,tlg001,4,507,"Κόλχοι δʼ ὁππότʼ ὄλεθρον ἐπεφράσθησαν ἄνακτος,","Κόλχοι δ’ ὁππότ’ ὄλεθρον ἐπεφράσθησαν ἄνακτος,",tlg0001.tlg001.perseus-grc2.xml
Argonautica,tlg001,4,508,ἤτοι μὲν δίζεσθαι ἐπέχραον ἔνδοθι πάσης,ἤτοι μὲν δίζεσθαι ἐπέχραον ἔνδοθι πάσης,tlg0001.tlg001.perseus-grc2.xml
Argonautica,tlg001,4,509,Ἀργὼ καὶ Μινύας Κρονίης ἁλός. ἀλλʼ ἀπέρυκεν,Ἀργὼ καὶ Μινύας Κρονίης ἁλός. ἀλλ’ ἀπέρυκεν,tlg0001.tlg001.perseus-grc2.xml
Argonautica,tlg001,4,510,Ἥρη σμερδαλέῃσι κατʼ αἰθέρος ἀστεροπῇσιν.,Ἥρη σμερδαλέῃσι κατ’ αἰθέρος ἀστεροπῇσιν.,tlg0001.tlg001.perseus-grc2.xml
Argonautica,tlg001,4,511,ὕστατον αὐτοὶ δʼ αὖτε Κυταιίδος ἤθεα γαίης,ὕστατον αὐτοὶ δ’ αὖτε Κυταιίδος ἤθεα γαίης,tlg0001.tlg001.perseus-grc2.xml
Argonautica,tlg001,4,512,"στύξαν, ἀτυζόμενοι χόλον ἄγριον Αἰήταο,","στύξαν, ἀτυζόμενοι χόλον ἄγριον Αἰήταο,",tlg0001.tlg001.perseus-grc2.xml
Argonautica,tlg001,4,513,ἔμπεδα δʼ ἄλλυδις ἄλλοι ἐφορμηθέντες ἔνασθεν.,ἔμπεδα δ’ ἄλλυδις ἄλλοι ἐφορμηθέντες ἔνασθεν.,tlg0001.tlg001.perseus-grc2.xml
Argonautica,tlg001,4,514,"οἱ μὲν ἐπʼ αὐτάων νήσων ἔβαν, ᾗσιν ἐπέσχον","οἱ μὲν ἐπ’ αὐτάων νήσων ἔβαν, ᾗσιν ἐπέσχον",tlg0001.tlg001.perseus-grc2.xml
Argonautica,tlg001,4,515,"ἥρωες, ναίουσι δʼ ἐπώνυμοι Ἀψύρτοιο·","ἥρωες, ναίουσι δ’ ἐπώνυμοι Ἀψύρτοιο·",tlg0001.tlg001.perseus-grc2.xml
Argonautica,tlg001,4,516,"οἱ δʼ ἄρʼ ἐπʼ Ἰλλυρικοῖο μελαμβαθέος ποταμοῖο,","οἱ δ’ ἄρ’ ἐπ’ Ἰλλυρικοῖο μελαμβαθέος ποταμοῖο,",tlg0001.tlg001.perseus-grc2.xml
Argonautica,tlg001,4,517,"τύμβος ἵνʼ Ἁρμονίης Κάδμοιό τε, πύργον ἔδειμαν,","τύμβος ἵν’ Ἁρμονίης Κάδμοιό τε, πύργον ἔδειμαν,",tlg0001.tlg001.perseus-grc2.xml
Argonautica,tlg001,4,518,ἀνδράσιν Ἐγχελέεσσιν ἐφέστιοι· οἱ δʼ ἐν ὄρεσσιν,ἀνδράσιν Ἐγχελέεσσιν ἐφέστιοι· οἱ δ’ ἐν ὄρεσσιν,tlg0001.tlg001.perseus-grc2.xml
Argonautica,tlg001,4,519,"ἐνναίουσιν, ἅπερ τε Κεραύνια κικλήσκονται,","ἐνναίουσιν, ἅπερ τε Κεραύνια κικλήσκονται,",tlg0001.tlg001.perseus-grc2.xml
Argonautica,tlg001,4,520,"ἐκ τόθεν, ἐξότε τούσγε Διὸς Κρονίδαο κεραυνοὶ","ἐκ τόθεν, ἐξότε τούσγε Διὸς Κρονίδαο κεραυνοὶ",tlg0001.tlg001.perseus-grc2.xml
Argonautica,tlg001,4,521,νῆσον ἐς ἀντιπέραιαν ἀπέτραπον ὁρμηθῆναι.,νῆσον ἐς ἀντιπέραιαν ἀπέτραπον ὁρμηθῆναι.,tlg0001.tlg001.perseus-grc2.xml
Argonautica,tlg001,4,522,"ἥρωες δʼ, ὅτε δή σφιν ἐείσατο νόστος ἀπήμων,","ἥρωες δ’, ὅτε δή σφιν ἐείσατο νόστος ἀπήμων,",tlg0001.tlg001.perseus-grc2.xml
Argonautica,tlg001,4,523,δή ῥα τότε προμολόντες ἐπὶ χθονὶ πείσματʼ ἔδησαν,δή ῥα τότε προμολόντες ἐπὶ χθονὶ πείσματ’ ἔδησαν,tlg0001.tlg001.perseus-grc2.xml
Argonautica,tlg001,4,524,Ὑλλήων. νῆσοι γὰρ ἐπιπρούχοντο θαμειαὶ,Ὑλλήων. νῆσοι γὰρ ἐπιπρούχοντο θαμειαὶ,tlg0001.tlg001.perseus-grc2.xml
Argonautica,tlg001,4,525,ἀργαλέην πλώουσιν ὁδὸν μεσσηγὺς ἔχουσαι,ἀργαλέην πλώουσιν ὁδὸν μεσσηγὺς ἔχουσαι,tlg0001.tlg001.perseus-grc2.xml
Argonautica,tlg001,4,526,"οὐδέ σφιν, ὡς καὶ πρίν, ἀνάρσια μητιάασκον","οὐδέ σφιν, ὡς καὶ πρίν, ἀνάρσια μητιάασκον",tlg0001.tlg001.perseus-grc2.xml
Argonautica,tlg001,4,527,"Ὑλλῆες· πρὸς δʼ αὐτοὶ ἐμηχανόωντο κέλευθον,","Ὑλλῆες· πρὸς δ’ αὐτοὶ ἐμηχανόωντο κέλευθον,",tlg0001.tlg001.perseus-grc2.xml
Argonautica,tlg001,4,528,μισθὸν ἀειρόμενοι τρίποδα μέγαν Ἀπόλλωνος.,μισθὸν ἀειρόμενοι τρίποδα μέγαν Ἀπόλλωνος.,tlg0001.tlg001.perseus-grc2.xml
Argonautica,tlg001,4,529,δοιοὺς γὰρ τρίποδας τηλοῦ πόρε Φοῖβος ἄγεσθαι,δοιοὺς γὰρ τρίποδας τηλοῦ πόρε Φοῖβος ἄγεσθαι,tlg0001.tlg001.perseus-grc2.xml
Argonautica,tlg001,4,530,"Αἰσονίδῃ περόωντι κατὰ χρέος, ὁππότε Πυθὼ","Αἰσονίδῃ περόωντι κατὰ χρέος, ὁππότε Πυθὼ",tlg0001.tlg001.perseus-grc2.xml
Argonautica,tlg001,4,531,ἱρὴν πευσόμενος μετεκίαθε τῆσδʼ ὑπὲρ αὐτῆς,ἱρὴν πευσόμενος μετεκίαθε τῆσδ’ ὑπὲρ αὐτῆς,tlg0001.tlg001.perseus-grc2.xml
Argonautica,tlg001,4,532,"ναυτιλίης· πέπρωτο δʼ, ὅπῃ χθονὸς ἱδρυνθεῖεν,","ναυτιλίης· πέπρωτο δ’, ὅπῃ χθονὸς ἱδρυνθεῖεν,",tlg0001.tlg001.perseus-grc2.xml
Argonautica,tlg001,4,533,μήποτε τὴν δῄοισιν ἀναστήσεσθαι ἰοῦσιν.,μήποτε τὴν δῄοισιν ἀναστήσεσθαι ἰοῦσιν.,tlg0001.tlg001.perseus-grc2.xml
Argonautica,tlg001,4,534,τούνεκεν εἰσέτι νῦν κείνῃ ὅδε κεύθεται αἴῃ,τούνεκεν εἰσέτι νῦν κείνῃ ὅδε κεύθεται αἴῃ,tlg0001.tlg001.perseus-grc2.xml
Argonautica,tlg001,4,535,"ἀμφὶ πόλιν ἀγανὴν Ὑλληίδα, πολλὸν ἔνερθεν","ἀμφὶ πόλιν ἀγανὴν Ὑλληίδα, πολλὸν ἔνερθεν",tlg0001.tlg001.perseus-grc2.xml
Argonautica,tlg001,4,536,"οὔδεος, ὥς κεν ἄφαντος ἀεὶ μερόπεσσι πέλοιτο.","οὔδεος, ὥς κεν ἄφαντος ἀεὶ μερόπεσσι πέλοιτο.",tlg0001.tlg001.perseus-grc2.xml
Argonautica,tlg001,4,537,οὐ μὲν ἔτι ζώοντα καταυτόθι τέτμον ἄνακτα,οὐ μὲν ἔτι ζώοντα καταυτόθι τέτμον ἄνακτα,tlg0001.tlg001.perseus-grc2.xml
Argonautica,tlg001,4,538,"Ὕλλον, ὃν εὐειδὴς Μελίτη τέκεν Ἡρακλῆι","Ὕλλον, ὃν εὐειδὴς Μελίτη τέκεν Ἡρακλῆι",tlg0001.tlg001.perseus-grc2.xml
Argonautica,tlg001,4,539,δήμῳ Φαιήκων. ὁ γὰρ οἰκία Ναυσιθόοιο,δήμῳ Φαιήκων. ὁ γὰρ οἰκία Ναυσιθόοιο,tlg0001.tlg001.perseus-grc2.xml
Argonautica,tlg001,4,540,"Μάκριν τʼ εἰσαφίκανε, Διωνύσοιο τιθήνην,","Μάκριν τ’ εἰσαφίκανε, Διωνύσοιο τιθήνην,",tlg0001.tlg001.perseus-grc2.xml
Argonautica,tlg001,4,541,νιψόμενος παίδων ὀλοὸν φόνον· ἔνθʼ ὅγε κούρην,νιψόμενος παίδων ὀλοὸν φόνον· ἔνθ’ ὅγε κούρην,tlg0001.tlg001.perseus-grc2.xml
Argonautica,tlg001,4,542,"Αἰγαίου ἐδάμασσεν ἐρασσάμενος ποταμοῖο,","Αἰγαίου ἐδάμασσεν ἐρασσάμενος ποταμοῖο,",tlg0001.tlg001.perseus-grc2.xml
Argonautica,tlg001,4,543,νηιάδα Μελίτην· ἡ δὲ σθεναρὸν τέκεν Ὕλλον.,νηιάδα Μελίτην· ἡ δὲ σθεναρὸν τέκεν Ὕλλον.,tlg0001.tlg001.perseus-grc2.xml
Argonautica,tlg001,4,546,οὐδʼ ἄρʼ ὅγʼ ἡβήσας αὐτῇ ἐνὶ ἔλδετο νήσῳ,οὐδ’ ἄρ’ ὅγ’ ἡβήσας αὐτῇ ἐνὶ ἔλδετο νήσῳ,tlg0001.tlg001.perseus-grc2.xml
Argonautica,tlg001,4,547,"ναίειν, κοιρανέοντος ὑπʼ ὀφρύσι Ναυσιθόοιο·","ναίειν, κοιρανέοντος ὑπ’ ὀφρύσι Ναυσιθόοιο·",tlg0001.tlg001.perseus-grc2.xml
Argonautica,tlg001,4,548,"βῆ δʼ ἅλαδε Κρονίην, αὐτόχθονα λαὸν ἀγείρας","βῆ δ’ ἅλαδε Κρονίην, αὐτόχθονα λαὸν ἀγείρας",tlg0001.tlg001.perseus-grc2.xml
Argonautica,tlg001,4,549,Φαιήκων· σὺν γάρ οἱ ἄναξ πόρσυνε κέλευθον,Φαιήκων· σὺν γάρ οἱ ἄναξ πόρσυνε κέλευθον,tlg0001.tlg001.perseus-grc2.xml
Argonautica,tlg001,4,550,"ἥρως Ναυσίθοος· τόθι δʼ εἵσατο, καί μιν ἔπεφνον","ἥρως Ναυσίθοος· τόθι δ’ εἵσατο, καί μιν ἔπεφνον",tlg0001.tlg001.perseus-grc2.xml
Argonautica,tlg001,4,551,"Μέντορες, ἀγραύλοισιν ἀλεξόμενον περὶ βουσίν.","Μέντορες, ἀγραύλοισιν ἀλεξόμενον περὶ βουσίν.",tlg0001.tlg001.perseus-grc2.xml
Argonautica,tlg001,4,552,"ἀλλά, θεαί, πῶς τῆσδε παρὲξ ἁλός, ἀμφί τε γαῖαν","ἀλλά, θεαί, πῶς τῆσδε παρὲξ ἁλός, ἀμφί τε γαῖαν",tlg0001.tlg001.perseus-grc2.xml
Argonautica,tlg001,4,553,"Αὐσονίην νήσους τε Λιγυστίδας, αἳ καλέονται","Αὐσονίην νήσους τε Λιγυστίδας, αἳ καλέονται",tlg0001.tlg001.perseus-grc2.xml
Argonautica,tlg001,4,554,"Στοιχάδες, Ἀργῴης περιώσια σήματα νηὸς","Στοιχάδες, Ἀργῴης περιώσια σήματα νηὸς",tlg0001.tlg001.perseus-grc2.xml
Argonautica,tlg001,4,555,νημερτὲς πέφαται; τίς ἀπόπροθι τόσσον ἀνάγκη,νημερτὲς πέφαται; τίς ἀπόπροθι τόσσον ἀνάγκη,tlg0001.tlg001.perseus-grc2.xml
Argonautica,tlg001,4,556,καὶ χρειώ σφʼ ἐκόμισσε; τίνες σφέας ἤγαγον αὖραι;,καὶ χρειώ σφ’ ἐκόμισσε; τίνες σφέας ἤγαγον αὖραι;,tlg0001.tlg001.perseus-grc2.xml
Argonautica,tlg001,4,557,αὐτόν που μεγαλωστὶ δεδουπότος Ἀψύρτοιο,αὐτόν που μεγαλωστὶ δεδουπότος Ἀψύρτοιο,tlg0001.tlg001.perseus-grc2.xml
Argonautica,tlg001,4,558,"Ζῆνα, θεῶν βασιλῆα, χόλος λάβεν, οἷον ἔρεξαν.","Ζῆνα, θεῶν βασιλῆα, χόλος λάβεν, οἷον ἔρεξαν.",tlg0001.tlg001.perseus-grc2.xml
Argonautica,tlg001,4,559,Αἰαίης δʼ ὀλοὸν τεκμήρατο δήνεσι Κίρκης,Αἰαίης δ’ ὀλοὸν τεκμήρατο δήνεσι Κίρκης,tlg0001.tlg001.perseus-grc2.xml
Argonautica,tlg001,4,560,"αἷμʼ ἀπονιψαμένους, πρό τε μυρία πημανθέντας,","αἷμ’ ἀπονιψαμένους, πρό τε μυρία πημανθέντας,",tlg0001.tlg001.perseus-grc2.xml
Argonautica,tlg001,4,561,νοστήσειν. τὸ μὲν οὔτις ἀριστήων ἐνόησεν·,νοστήσειν. τὸ μὲν οὔτις ἀριστήων ἐνόησεν·,tlg0001.tlg001.perseus-grc2.xml
Argonautica,tlg001,4,562,ἀλλʼ ἔθεον γαίης Ὑλληίδος ἐξανιόντες,ἀλλ’ ἔθεον γαίης Ὑλληίδος ἐξανιόντες,tlg0001.tlg001.perseus-grc2.xml
Argonautica,tlg001,4,563,"τηλόθι· τὰς δʼ ἀπέλειπον, ὅσαι Κόλχοισι πάροιθεν","τηλόθι· τὰς δ’ ἀπέλειπον, ὅσαι Κόλχοισι πάροιθεν",tlg0001.tlg001.perseus-grc2.xml
Argonautica,tlg001,4,564,"ἑξείης πλήθοντο Λιβυρνίδες εἰν ἁλὶ νῆσοι,","ἑξείης πλήθοντο Λιβυρνίδες εἰν ἁλὶ νῆσοι,",tlg0001.tlg001.perseus-grc2.xml
Argonautica,tlg001,4,565,Ἴσσα τε Δυσκέλαδός τε καὶ ἱμερτὴ Πιτύεια.,Ἴσσα τε Δυσκέλαδός τε καὶ ἱμερτὴ Πιτύεια.,tlg0001.tlg001.perseus-grc2.xml
Argonautica,tlg001,4,566,"αὐτὰρ ἔπειτʼ ἐπὶ τῇσι παραὶ Κέρκυραν ἵκοντο,","αὐτὰρ ἔπειτ’ ἐπὶ τῇσι παραὶ Κέρκυραν ἵκοντο,",tlg0001.tlg001.perseus-grc2.xml
Argonautica,tlg001,4,567,"ἔνθα Ποσειδάων Ἀσωπίδα νάσσατο κούρην,","ἔνθα Ποσειδάων Ἀσωπίδα νάσσατο κούρην,",tlg0001.tlg001.perseus-grc2.xml
Argonautica,tlg001,4,568,"ἠύκομον Κέρκυραν, ἑκὰς Φλιουντίδος αἴης,","ἠύκομον Κέρκυραν, ἑκὰς Φλιουντίδος αἴης,",tlg0001.tlg001.perseus-grc2.xml
Argonautica,tlg001,4,569,ἁρπάξας ὑπʼ ἔρωτι· μελαινομένην δέ μιν ἄνδρες,ἁρπάξας ὑπ’ ἔρωτι· μελαινομένην δέ μιν ἄνδρες,tlg0001.tlg001.perseus-grc2.xml
Argonautica,tlg001,4,570,ναυτίλοι ἐκ πόντοιο κελαινῇ πάντοθεν ὕλῃ,ναυτίλοι ἐκ πόντοιο κελαινῇ πάντοθεν ὕλῃ,tlg0001.tlg001.perseus-grc2.xml
Argonautica,tlg001,4,571,δερκόμενοι Κέρκυραν ἐπικλείουσι Μέλαιναν.,δερκόμενοι Κέρκυραν ἐπικλείουσι Μέλαιναν.,tlg0001.tlg001.perseus-grc2.xml
Argonautica,tlg001,4,572,"τῇ δʼ ἐπὶ καὶ Μελίτην, λιαρῷ περιγηθέες οὔρῳ,","τῇ δ’ ἐπὶ καὶ Μελίτην, λιαρῷ περιγηθέες οὔρῳ,",tlg0001.tlg001.perseus-grc2.xml
Argonautica,tlg001,4,573,"αἰπεινήν τε Κερωσσόν, ὕπερθε δὲ πολλὸν ἐοῦσαν","αἰπεινήν τε Κερωσσόν, ὕπερθε δὲ πολλὸν ἐοῦσαν",tlg0001.tlg001.perseus-grc2.xml
Argonautica,tlg001,4,574,"Νυμφαίην παράμειβον, ἵνα κρείουσα Καλυψὼ","Νυμφαίην παράμειβον, ἵνα κρείουσα Καλυψὼ",tlg0001.tlg001.perseus-grc2.xml
Argonautica,tlg001,4,575,Ἀτλαντὶς ναίεσκε· τὰ δʼ ἠεροειδέα λεύσσειν,Ἀτλαντὶς ναίεσκε· τὰ δ’ ἠεροειδέα λεύσσειν,tlg0001.tlg001.perseus-grc2.xml
Argonautica,tlg001,4,576,οὔρεα δοιάζοντο Κεραύνια. καὶ τότε βουλὰς,οὔρεα δοιάζοντο Κεραύνια. καὶ τότε βουλὰς,tlg0001.tlg001.perseus-grc2.xml
Argonautica,tlg001,4,577,ἀμφʼ αὐτοῖς Ζηνός τε μέγαν χόλον ἐφράσαθʼ Ἥρη.,ἀμφ’ αὐτοῖς Ζηνός τε μέγαν χόλον ἐφράσαθ’ Ἥρη.,tlg0001.tlg001.perseus-grc2.xml
Argonautica,tlg001,4,578,"μηδομένη δʼ ἄνυσιν τοῖο πλόου, ὦρσεν ἀέλλας","μηδομένη δ’ ἄνυσιν τοῖο πλόου, ὦρσεν ἀέλλας",tlg0001.tlg001.perseus-grc2.xml
Argonautica,tlg001,4,579,"ἀντικρύ, ταῖς αὖτις ἀναρπάγδην φορέοντο","ἀντικρύ, ταῖς αὖτις ἀναρπάγδην φορέοντο",tlg0001.tlg001.perseus-grc2.xml
Argonautica,tlg001,4,580,νήσου ἔπι κραναῆς Ἠλεκτρίδος. αὐτίκα δʼ ἄφνω,νήσου ἔπι κραναῆς Ἠλεκτρίδος. αὐτίκα δ’ ἄφνω,tlg0001.tlg001.perseus-grc2.xml
Argonautica,tlg001,4,581,ἴαχεν ἀνδρομέῃ ἐνοπῇ μεσσηγὺ θεόντων,ἴαχεν ἀνδρομέῃ ἐνοπῇ μεσσηγὺ θεόντων,tlg0001.tlg001.perseus-grc2.xml
Argonautica,tlg001,4,582,"αὐδῆεν γλαφυρῆς νηὸς δόρυ, τό ῥʼ ἀνὰ μέσσην","αὐδῆεν γλαφυρῆς νηὸς δόρυ, τό ῥ’ ἀνὰ μέσσην",tlg0001.tlg001.perseus-grc2.xml
Argonautica,tlg001,4,583,στεῖραν Ἀθηναίη Δωδωνίδος ἥρμοσε φηγοῦ.,στεῖραν Ἀθηναίη Δωδωνίδος ἥρμοσε φηγοῦ.,tlg0001.tlg001.perseus-grc2.xml
Argonautica,tlg001,4,584,τοὺς δʼ ὀλοὸν μεσσηγὺ δέος λάβεν εἰσαΐοντας,τοὺς δ’ ὀλοὸν μεσσηγὺ δέος λάβεν εἰσαΐοντας,tlg0001.tlg001.perseus-grc2.xml
Argonautica,tlg001,4,585,φθογγήν τε Ζηνός τε βαρὺν χόλον. οὐ γὰρ ἀλύξειν,φθογγήν τε Ζηνός τε βαρὺν χόλον. οὐ γὰρ ἀλύξειν,tlg0001.tlg001.perseus-grc2.xml
Argonautica,tlg001,4,586,"ἔννεπεν οὔτε πόρους δολιχῆς ἁλός, οὔτε θυέλλας","ἔννεπεν οὔτε πόρους δολιχῆς ἁλός, οὔτε θυέλλας",tlg0001.tlg001.perseus-grc2.xml
Argonautica,tlg001,4,587,"ἀργαλέας, ὅτε μὴ Κίρκη φόνον Ἀψύρτοιο","ἀργαλέας, ὅτε μὴ Κίρκη φόνον Ἀψύρτοιο",tlg0001.tlg001.perseus-grc2.xml
Argonautica,tlg001,4,588,νηλέα νίψειεν· Πολυδεύκεα δʼ εὐχετάασθαι,νηλέα νίψειεν· Πολυδεύκεα δ’ εὐχετάασθαι,tlg0001.tlg001.perseus-grc2.xml
Argonautica,tlg001,4,589,Κάστορά τʼ ἀθανάτοισι θεοῖς ἤνωγε κελεύθους,Κάστορά τ’ ἀθανάτοισι θεοῖς ἤνωγε κελεύθους,tlg0001.tlg001.perseus-grc2.xml
Argonautica,tlg001,4,590,"Αὐσονίης ἔμπροσθε πορεῖν ἁλός, ᾗ ἔνι Κίρκην","Αὐσονίης ἔμπροσθε πορεῖν ἁλός, ᾗ ἔνι Κίρκην",tlg0001.tlg001.perseus-grc2.xml
Argonautica,tlg001,4,591,"δήουσιν, Πέρσης τε καὶ Ἠελίοιο θύγατρα.","δήουσιν, Πέρσης τε καὶ Ἠελίοιο θύγατρα.",tlg0001.tlg001.perseus-grc2.xml
Argonautica,tlg001,4,592,ὧς Ἀργὼ ἰάχησεν ὑπὸ κνέφας· οἱ δʼ ἀνόρουσαν,ὧς Ἀργὼ ἰάχησεν ὑπὸ κνέφας· οἱ δ’ ἀνόρουσαν,tlg0001.tlg001.perseus-grc2.xml
Argonautica,tlg001,4,593,"Τυνδαρίδαι, καὶ χεῖρας ἀνέσχεθον ἀθανάτοισιν","Τυνδαρίδαι, καὶ χεῖρας ἀνέσχεθον ἀθανάτοισιν",tlg0001.tlg001.perseus-grc2.xml
Argonautica,tlg001,4,594,εὐχόμενοι τὰ ἕκαστα· κατηφείη δʼ ἔχεν ἄλλους,εὐχόμενοι τὰ ἕκαστα· κατηφείη δ’ ἔχεν ἄλλους,tlg0001.tlg001.perseus-grc2.xml
Argonautica,tlg001,4,595,ἥρωας Μινύας. ἡ δʼ ἔσσυτο πολλὸν ἐπιπρὸ,ἥρωας Μινύας. ἡ δ’ ἔσσυτο πολλὸν ἐπιπρὸ,tlg0001.tlg001.perseus-grc2.xml
Argonautica,tlg001,4,596,"λαίφεσιν, ἐς δʼ ἔβαλον μύχατον ῥόον Ἠριδανοῖο·","λαίφεσιν, ἐς δ’ ἔβαλον μύχατον ῥόον Ἠριδανοῖο·",tlg0001.tlg001.perseus-grc2.xml
Argonautica,tlg001,4,597,ἔνθα ποτʼ αἰθαλόεντι τυπεὶς πρὸς στέρνα κεραυνῷ,ἔνθα ποτ’ αἰθαλόεντι τυπεὶς πρὸς στέρνα κεραυνῷ,tlg0001.tlg001.perseus-grc2.xml
Argonautica,tlg001,4,598,ἡμιδαὴς Φαέθων πέσεν ἅρματος Ἠελίοιο,ἡμιδαὴς Φαέθων πέσεν ἅρματος Ἠελίοιο,tlg0001.tlg001.perseus-grc2.xml
Argonautica,tlg001,4,599,λίμνης ἐς προχοὰς πολυβενθέος· ἡ δʼ ἔτι νῦν περ,λίμνης ἐς προχοὰς πολυβενθέος· ἡ δ’ ἔτι νῦν περ,tlg0001.tlg001.perseus-grc2.xml
Argonautica,tlg001,4,600,τραύματος αἰθομένοιο βαρὺν ἀνακηκίει ἀτμόν.,τραύματος αἰθομένοιο βαρὺν ἀνακηκίει ἀτμόν.,tlg0001.tlg001.perseus-grc2.xml
Argonautica,tlg001,4,601,οὐδέ τις ὕδωρ κεῖνο διὰ πτερὰ κοῦφα τανύσσας,οὐδέ τις ὕδωρ κεῖνο διὰ πτερὰ κοῦφα τανύσσας,tlg0001.tlg001.perseus-grc2.xml
Argonautica,tlg001,4,602,οἰωνὸς δύναται βαλέειν ὕπερ· ἀλλὰ μεσηγὺς,οἰωνὸς δύναται βαλέειν ὕπερ· ἀλλὰ μεσηγὺς,tlg0001.tlg001.perseus-grc2.xml
Argonautica,tlg001,4,603,φλογμῷ ἐπιθρώσκει πεποτημένος. ἀμφὶ δὲ κοῦραι,φλογμῷ ἐπιθρώσκει πεποτημένος. ἀμφὶ δὲ κοῦραι,tlg0001.tlg001.perseus-grc2.xml
Argonautica,tlg001,4,604,"Ἡλιάδες ταναῇσιν ἐελμέναι αἰγείροισιν,","Ἡλιάδες ταναῇσιν ἐελμέναι αἰγείροισιν,",tlg0001.tlg001.perseus-grc2.xml
Argonautica,tlg001,4,605,μύρονται κινυρὸν μέλεαι γόον· ἐκ δὲ φαεινὰς,μύρονται κινυρὸν μέλεαι γόον· ἐκ δὲ φαεινὰς,tlg0001.tlg001.perseus-grc2.xml
Argonautica,tlg001,4,606,"ἠλέκτρου λιβάδας βλεφάρων προχέουσιν ἔραζε,","ἠλέκτρου λιβάδας βλεφάρων προχέουσιν ἔραζε,",tlg0001.tlg001.perseus-grc2.xml
Argonautica,tlg001,4,607,αἱ μέν τʼ ἠελίῳ ψαμάθοις ἔπι τερσαίνονται·,αἱ μέν τ’ ἠελίῳ ψαμάθοις ἔπι τερσαίνονται·,tlg0001.tlg001.perseus-grc2.xml
Argonautica,tlg001,4,608,εὖτʼ ἂν δὲ κλύζῃσι κελαινῆς ὕδατα λίμνης,εὖτ’ ἂν δὲ κλύζῃσι κελαινῆς ὕδατα λίμνης,tlg0001.tlg001.perseus-grc2.xml
Argonautica,tlg001,4,609,"ἠιόνας πνοιῇ πολυηχέος ἐξ ἀνέμοιο,","ἠιόνας πνοιῇ πολυηχέος ἐξ ἀνέμοιο,",tlg0001.tlg001.perseus-grc2.xml
Argonautica,tlg001,4,610,δὴ τότʼ ἐς Ἠριδανὸν προκυλίνδεται ἀθρόα πάντα,δὴ τότ’ ἐς Ἠριδανὸν προκυλίνδεται ἀθρόα πάντα,tlg0001.tlg001.perseus-grc2.xml
Argonautica,tlg001,4,611,"κυμαίνοντι ῥόῳ. Κελτοὶ δʼ ἐπὶ βάξιν ἔθεντο,","κυμαίνοντι ῥόῳ. Κελτοὶ δ’ ἐπὶ βάξιν ἔθεντο,",tlg0001.tlg001.perseus-grc2.xml
Argonautica,tlg001,4,612,ὡς ἄρʼ Ἀπόλλωνος τάδε δάκρυα Λητοΐδαο,ὡς ἄρ’ Ἀπόλλωνος τάδε δάκρυα Λητοΐδαο,tlg0001.tlg001.perseus-grc2.xml
Argonautica,tlg001,4,613,"ἐμφέρεται δίναις, ἅ τε μυρία χεῦε πάροιθεν,","ἐμφέρεται δίναις, ἅ τε μυρία χεῦε πάροιθεν,",tlg0001.tlg001.perseus-grc2.xml
Argonautica,tlg001,4,614,"ἦμος Ὑπερβορέων ἱερὸν γένος εἰσαφίκανεν,","ἦμος Ὑπερβορέων ἱερὸν γένος εἰσαφίκανεν,",tlg0001.tlg001.perseus-grc2.xml
Argonautica,tlg001,4,615,"οὐρανὸν αἰγλήεντα λιπὼν ἐκ πατρὸς ἐνιπῆς,","οὐρανὸν αἰγλήεντα λιπὼν ἐκ πατρὸς ἐνιπῆς,",tlg0001.tlg001.perseus-grc2.xml
Argonautica,tlg001,4,616,"χωόμενος περὶ παιδί, τὸν ἐν λιπαρῇ Λακερείῃ","χωόμενος περὶ παιδί, τὸν ἐν λιπαρῇ Λακερείῃ",tlg0001.tlg001.perseus-grc2.xml
Argonautica,tlg001,4,617,δῖα Κορωνὶς ἔτικτεν ἐπὶ προχοῇς Ἀμύροιο.,δῖα Κορωνὶς ἔτικτεν ἐπὶ προχοῇς Ἀμύροιο.,tlg0001.tlg001.perseus-grc2.xml
Argonautica,tlg001,4,618,καὶ τὰ μὲν ὧς κείνοισι μετʼ ἀνδράσι κεκλήισται.,καὶ τὰ μὲν ὧς κείνοισι μετ’ ἀνδράσι κεκλήισται.,tlg0001.tlg001.perseus-grc2.xml
Argonautica,tlg001,4,619,"τοὺς δʼ οὔτε βρώμης ᾕρει πόθος, οὐδὲ ποτοῖο,","τοὺς δ’ οὔτε βρώμης ᾕρει πόθος, οὐδὲ ποτοῖο,",tlg0001.tlg001.perseus-grc2.xml
Argonautica,tlg001,4,620,οὔτʼ ἐπὶ γηθοσύνας τράπετο νόος. ἀλλʼ ἄρα τοίγε,οὔτ’ ἐπὶ γηθοσύνας τράπετο νόος. ἀλλ’ ἄρα τοίγε,tlg0001.tlg001.perseus-grc2.xml
Argonautica,tlg001,4,621,ἤματα μὲν στρεύγοντο περιβληχρὸν βαρύθοντες,ἤματα μὲν στρεύγοντο περιβληχρὸν βαρύθοντες,tlg0001.tlg001.perseus-grc2.xml
Argonautica,tlg001,4,622,"ὀδμῇ λευγαλέῃ, τήν ῥʼ ἄσχετον ἐξανίεσκον","ὀδμῇ λευγαλέῃ, τήν ῥ’ ἄσχετον ἐξανίεσκον",tlg0001.tlg001.perseus-grc2.xml
Argonautica,tlg001,4,623,τυφομένου Φαέθοντος ἐπιρροαὶ Ἠριδανοῖο·,τυφομένου Φαέθοντος ἐπιρροαὶ Ἠριδανοῖο·,tlg0001.tlg001.perseus-grc2.xml
Argonautica,tlg001,4,624,νύκτας δʼ αὖ γόον ὀξὺν ὀδυρομένων ἐσάκουον,νύκτας δ’ αὖ γόον ὀξὺν ὀδυρομένων ἐσάκουον,tlg0001.tlg001.perseus-grc2.xml
Argonautica,tlg001,4,625,Ἡλιάδων λιγέως· τὰ δὲ δάκρυα μυρομένῃσιν,Ἡλιάδων λιγέως· τὰ δὲ δάκρυα μυρομένῃσιν,tlg0001.tlg001.perseus-grc2.xml
Argonautica,tlg001,4,626,οἷον ἐλαιηραὶ στάγες ὕδασιν ἐμφορέοντο.,οἷον ἐλαιηραὶ στάγες ὕδασιν ἐμφορέοντο.,tlg0001.tlg001.perseus-grc2.xml
Argonautica,tlg001,4,627,"ἐκ δὲ τόθεν Ῥοδανοῖο βαθὺν ῥόον εἰσαπέβησαν,","ἐκ δὲ τόθεν Ῥοδανοῖο βαθὺν ῥόον εἰσαπέβησαν,",tlg0001.tlg001.perseus-grc2.xml
Argonautica,tlg001,4,628,ὅς τʼ εἰς Ἠριδανὸν μετανίσσεται· ἄμμιγα δʼ ὕδωρ,ὅς τ’ εἰς Ἠριδανὸν μετανίσσεται· ἄμμιγα δ’ ὕδωρ,tlg0001.tlg001.perseus-grc2.xml
Argonautica,tlg001,4,629,ἐν ξυνοχῇ βέβρυκε κυκώμενον. αὐτὰρ ὁ γαίης,ἐν ξυνοχῇ βέβρυκε κυκώμενον. αὐτὰρ ὁ γαίης,tlg0001.tlg001.perseus-grc2.xml
Argonautica,tlg001,4,630,"ἐκ μυχάτης, ἵνα τʼ εἰσὶ πύλαι καὶ ἐδέθλια Νυκτός,","ἐκ μυχάτης, ἵνα τ’ εἰσὶ πύλαι καὶ ἐδέθλια Νυκτός,",tlg0001.tlg001.perseus-grc2.xml
Argonautica,tlg001,4,631,ἔνθεν ἀπορνύμενος τῇ μέν τʼ ἐπερεύγεται ἀκτὰς,ἔνθεν ἀπορνύμενος τῇ μέν τ’ ἐπερεύγεται ἀκτὰς,tlg0001.tlg001.perseus-grc2.xml
Argonautica,tlg001,4,632,"Ὠκεανοῦ, τῇ δʼ αὖτε μετʼ Ἰονίην ἅλα βάλλει,","Ὠκεανοῦ, τῇ δ’ αὖτε μετ’ Ἰονίην ἅλα βάλλει,",tlg0001.tlg001.perseus-grc2.xml
Argonautica,tlg001,4,633,τῇ δʼ ἐπὶ Σαρδόνιον πέλαγος καὶ ἀπείρονα κόλπον,τῇ δ’ ἐπὶ Σαρδόνιον πέλαγος καὶ ἀπείρονα κόλπον,tlg0001.tlg001.perseus-grc2.xml
Argonautica,tlg001,4,634,ἑπτὰ διὰ στομάτων ἵει ῥόον. ἐκ δʼ ἄρα τοῖο,ἑπτὰ διὰ στομάτων ἵει ῥόον. ἐκ δ’ ἄρα τοῖο,tlg0001.tlg001.perseus-grc2.xml
Argonautica,tlg001,4,635,"λίμνας εἰσέλασαν δυσχείμονας, αἵ τʼ ἀνὰ Κελτῶν","λίμνας εἰσέλασαν δυσχείμονας, αἵ τ’ ἀνὰ Κελτῶν",tlg0001.tlg001.perseus-grc2.xml
Argonautica,tlg001,4,636,ἤπειρον πέπτανται ἀθέσφατον· ἔνθα κεν οἵγε,ἤπειρον πέπτανται ἀθέσφατον· ἔνθα κεν οἵγε,tlg0001.tlg001.perseus-grc2.xml
Argonautica,tlg001,4,637,ἄτῃ ἀεικελίῃ πέλασαν. φέρε γάρ τις ἀπορρὼξ,ἄτῃ ἀεικελίῃ πέλασαν. φέρε γάρ τις ἀπορρὼξ,tlg0001.tlg001.perseus-grc2.xml
Argonautica,tlg001,4,638,"κόλπον ἐς Ὠκεανοῖο, τὸν οὐ προδαέντες ἔμελλον","κόλπον ἐς Ὠκεανοῖο, τὸν οὐ προδαέντες ἔμελλον",tlg0001.tlg001.perseus-grc2.xml
Argonautica,tlg001,4,639,"εἰσβαλέειν, τόθεν οὔ κεν ὑπότροποι ἐξεσάωθεν.","εἰσβαλέειν, τόθεν οὔ κεν ὑπότροποι ἐξεσάωθεν.",tlg0001.tlg001.perseus-grc2.xml
Argonautica,tlg001,4,640,ἀλλʼ Ἥρη σκοπέλοιο καθʼ Ἑρκυνίου ἰάχησεν,ἀλλ’ Ἥρη σκοπέλοιο καθ’ Ἑρκυνίου ἰάχησεν,tlg0001.tlg001.perseus-grc2.xml
Argonautica,tlg001,4,641,οὐρανόθεν προθοροῦσα· φόβῳ δʼ ἐτίναχθεν ἀυτῆς,οὐρανόθεν προθοροῦσα· φόβῳ δ’ ἐτίναχθεν ἀυτῆς,tlg0001.tlg001.perseus-grc2.xml
Argonautica,tlg001,4,642,πάντες ὁμῶς· δεινὸν γὰρ ἐπὶ μέγας ἔβραχεν αἰθήρ.,πάντες ὁμῶς· δεινὸν γὰρ ἐπὶ μέγας ἔβραχεν αἰθήρ.,tlg0001.tlg001.perseus-grc2.xml
Argonautica,tlg001,4,643,"ἂψ δὲ παλιντροπόωντο θεᾶς ὕπο, καί ῥʼ ἐνόησαν","ἂψ δὲ παλιντροπόωντο θεᾶς ὕπο, καί ῥ’ ἐνόησαν",tlg0001.tlg001.perseus-grc2.xml
Argonautica,tlg001,4,644,"τὴν οἶμον, τῇπέρ τε καὶ ἔπλετο νόστος ἰοῦσιν.","τὴν οἶμον, τῇπέρ τε καὶ ἔπλετο νόστος ἰοῦσιν.",tlg0001.tlg001.perseus-grc2.xml
Argonautica,tlg001,4,645,δηναιοὶ δʼ ἀκτὰς ἁλιμυρέας εἰσαφίκοντο,δηναιοὶ δ’ ἀκτὰς ἁλιμυρέας εἰσαφίκοντο,tlg0001.tlg001.perseus-grc2.xml
Argonautica,tlg001,4,646,"Ἥρης ἐννεσίῃσι, διʼ ἔθνεα μυρία Κελτῶν","Ἥρης ἐννεσίῃσι, δι’ ἔθνεα μυρία Κελτῶν",tlg0001.tlg001.perseus-grc2.xml
Argonautica,tlg001,4,647,καὶ Λιγύων περόωντες ἀδήιοι. ἀμφὶ γὰρ αἰνὴν,καὶ Λιγύων περόωντες ἀδήιοι. ἀμφὶ γὰρ αἰνὴν,tlg0001.tlg001.perseus-grc2.xml
Argonautica,tlg001,4,648,ἠέρα χεῦε θεὰ πάντʼ ἤματα νισσομένοισιν.,ἠέρα χεῦε θεὰ πάντ’ ἤματα νισσομένοισιν.,tlg0001.tlg001.perseus-grc2.xml
Argonautica,tlg001,4,649,μεσσότατον δʼ ἄρα τοίγε διὰ στόμα νηὶ βαλόντες,μεσσότατον δ’ ἄρα τοίγε διὰ στόμα νηὶ βαλόντες,tlg0001.tlg001.perseus-grc2.xml
Argonautica,tlg001,4,650,Στοιχάδας εἰσαπέβαν νήσους σόοι εἵνεκα κούρων,Στοιχάδας εἰσαπέβαν νήσους σόοι εἵνεκα κούρων,tlg0001.tlg001.perseus-grc2.xml
Argonautica,tlg001,4,651,Ζηνός· ὃ δὴ βωμοί τε καὶ ἱερὰ τοῖσι τέτυκται,Ζηνός· ὃ δὴ βωμοί τε καὶ ἱερὰ τοῖσι τέτυκται,tlg0001.tlg001.perseus-grc2.xml
Argonautica,tlg001,4,652,ἔμπεδον· οὐδʼ οἶον κείνης ἐπίκουροι ἕποντο,ἔμπεδον· οὐδ’ οἶον κείνης ἐπίκουροι ἕποντο,tlg0001.tlg001.perseus-grc2.xml
Argonautica,tlg001,4,653,ναυτιλίης· Ζεὺς δέ σφι καὶ ὀψιγόνων πόρε νῆας.,ναυτιλίης· Ζεὺς δέ σφι καὶ ὀψιγόνων πόρε νῆας.,tlg0001.tlg001.perseus-grc2.xml
Argonautica,tlg001,4,654,Στοιχάδας αὖτε λιπόντες ἐς Αἰθαλίην ἐπέρησαν,Στοιχάδας αὖτε λιπόντες ἐς Αἰθαλίην ἐπέρησαν,tlg0001.tlg001.perseus-grc2.xml
Argonautica,tlg001,4,655,"νῆσον, ἵνα ψηφῖσιν ἀπωμόρξαντο καμόντες","νῆσον, ἵνα ψηφῖσιν ἀπωμόρξαντο καμόντες",tlg0001.tlg001.perseus-grc2.xml
Argonautica,tlg001,4,656,ἱδρῶ ἅλις· χροιῇ δὲ κατʼ αἰγιαλοῖο κέχυνται,ἱδρῶ ἅλις· χροιῇ δὲ κατ’ αἰγιαλοῖο κέχυνται,tlg0001.tlg001.perseus-grc2.xml
Argonautica,tlg001,4,657,εἴκελαι· ἐν δὲ σόλοι καὶ τεύχεα θέσκελα κείνων·,εἴκελαι· ἐν δὲ σόλοι καὶ τεύχεα θέσκελα κείνων·,tlg0001.tlg001.perseus-grc2.xml
Argonautica,tlg001,4,658,ἐν δὲ λιμὴν Ἀργῷος ἐπωνυμίην πεφάτισται.,ἐν δὲ λιμὴν Ἀργῷος ἐπωνυμίην πεφάτισται.,tlg0001.tlg001.perseus-grc2.xml
Argonautica,tlg001,4,659,καρπαλίμως δʼ ἐνθένδε διὲξ ἁλὸς οἶδμα νέοντο,καρπαλίμως δ’ ἐνθένδε διὲξ ἁλὸς οἶδμα νέοντο,tlg0001.tlg001.perseus-grc2.xml
Argonautica,tlg001,4,660,Αὐσονίης ἀκτὰς Τυρσηνίδας εἰσορόωντες·,Αὐσονίης ἀκτὰς Τυρσηνίδας εἰσορόωντες·,tlg0001.tlg001.perseus-grc2.xml
Argonautica,tlg001,4,661,ἷξον δʼ Αἰαίης λιμένα κλυτόν· ἐκ δʼ ἄρα νηὸς,ἷξον δ’ Αἰαίης λιμένα κλυτόν· ἐκ δ’ ἄρα νηὸς,tlg0001.tlg001.perseus-grc2.xml
Argonautica,tlg001,4,662,πείσματʼ ἐπʼ ἠιόνων σχεδόθεν βάλον. ἔνθα δὲ Κίρκην,πείσματ’ ἐπ’ ἠιόνων σχεδόθεν βάλον. ἔνθα δὲ Κίρκην,tlg0001.tlg001.perseus-grc2.xml
Argonautica,tlg001,4,663,εὗρον ἁλὸς νοτίδεσσι κάρη ἐπιφαιδρύνουσαν·,εὗρον ἁλὸς νοτίδεσσι κάρη ἐπιφαιδρύνουσαν·,tlg0001.tlg001.perseus-grc2.xml
Argonautica,tlg001,4,664,τοῖον γὰρ νυχίοισιν ὀνείρασιν ἐπτοίητο.,τοῖον γὰρ νυχίοισιν ὀνείρασιν ἐπτοίητο.,tlg0001.tlg001.perseus-grc2.xml
Argonautica,tlg001,4,665,αἵματί οἱ θάλαμοί τε καὶ ἕρκεα πάντα δόμοιο,αἵματί οἱ θάλαμοί τε καὶ ἕρκεα πάντα δόμοιο,tlg0001.tlg001.perseus-grc2.xml
Argonautica,tlg001,4,666,"μύρεσθαι δόκεον· φλὸξ δʼ ἀθρόα φάρμακʼ ἔδαπτεν,","μύρεσθαι δόκεον· φλὸξ δ’ ἀθρόα φάρμακ’ ἔδαπτεν,",tlg0001.tlg001.perseus-grc2.xml
Argonautica,tlg001,4,667,"οἷσι πάρος ξείνους θέλγʼ ἀνέρας, ὅστις ἵκοιτο·","οἷσι πάρος ξείνους θέλγ’ ἀνέρας, ὅστις ἵκοιτο·",tlg0001.tlg001.perseus-grc2.xml
Argonautica,tlg001,4,668,"τὴν δʼ αὐτὴ φονίῳ σβέσεν αἵματι πορφύρουσαν,","τὴν δ’ αὐτὴ φονίῳ σβέσεν αἵματι πορφύρουσαν,",tlg0001.tlg001.perseus-grc2.xml
Argonautica,tlg001,4,669,χερσὶν ἀφυσσαμένη· λῆξεν δʼ ὀλοοῖο φόβοιο.,χερσὶν ἀφυσσαμένη· λῆξεν δ’ ὀλοοῖο φόβοιο.,tlg0001.tlg001.perseus-grc2.xml
Argonautica,tlg001,4,670,τῶ καὶ ἐπιπλομένης ἠοῦς νοτίδεσσι θαλάσσης,τῶ καὶ ἐπιπλομένης ἠοῦς νοτίδεσσι θαλάσσης,tlg0001.tlg001.perseus-grc2.xml
Argonautica,tlg001,4,671,ἐγρομένη πλοκάμους τε καὶ εἵματα φαιδρύνεσκεν.,ἐγρομένη πλοκάμους τε καὶ εἵματα φαιδρύνεσκεν.,tlg0001.tlg001.perseus-grc2.xml
Argonautica,tlg001,4,672,"θῆρες δʼ οὐ θήρεσσιν ἐοικότες ὠμηστῇσιν,","θῆρες δ’ οὐ θήρεσσιν ἐοικότες ὠμηστῇσιν,",tlg0001.tlg001.perseus-grc2.xml
Argonautica,tlg001,4,673,"οὐδὲ μὲν οὐδʼ ἄνδρεσσιν ὁμὸν δέμας, ἄλλο δʼ ἀπʼ ἄλλων","οὐδὲ μὲν οὐδ’ ἄνδρεσσιν ὁμὸν δέμας, ἄλλο δ’ ἀπ’ ἄλλων",tlg0001.tlg001.perseus-grc2.xml
Argonautica,tlg001,4,674,"συμμιγέες μελέων, κίον ἀθρόοι, ἠύτε μῆλα","συμμιγέες μελέων, κίον ἀθρόοι, ἠύτε μῆλα",tlg0001.tlg001.perseus-grc2.xml
Argonautica,tlg001,4,675,ἐκ σταθμῶν ἅλις εἶσιν ὀπηδεύοντα νομῆι.,ἐκ σταθμῶν ἅλις εἶσιν ὀπηδεύοντα νομῆι.,tlg0001.tlg001.perseus-grc2.xml
Argonautica,tlg001,4,676,τοίους καὶ προτέρης ἐξ ἰλύος ἐβλάστησε,τοίους καὶ προτέρης ἐξ ἰλύος ἐβλάστησε,tlg0001.tlg001.perseus-grc2.xml
Argonautica,tlg001,4,677,"χθὼν αὐτὴ μικτοῖσιν ἀρηρεμένους μελέεσσιν,","χθὼν αὐτὴ μικτοῖσιν ἀρηρεμένους μελέεσσιν,",tlg0001.tlg001.perseus-grc2.xml
Argonautica,tlg001,4,678,"οὔπω διψαλέῳ μάλʼ ὑπʼ ἠέρι πιληθεῖσα,","οὔπω διψαλέῳ μάλ’ ὑπ’ ἠέρι πιληθεῖσα,",tlg0001.tlg001.perseus-grc2.xml
Argonautica,tlg001,4,679,οὐδέ πω ἀζαλέοιο βολαῖς τόσον ἠελίοιο,οὐδέ πω ἀζαλέοιο βολαῖς τόσον ἠελίοιο,tlg0001.tlg001.perseus-grc2.xml
Argonautica,tlg001,4,680,ἰκμάδας αἰνυμένη· τὰ δʼ ἐπὶ στίχας ἤγαγεν αἰὼν,ἰκμάδας αἰνυμένη· τὰ δ’ ἐπὶ στίχας ἤγαγεν αἰὼν,tlg0001.tlg001.perseus-grc2.xml
Argonautica,tlg001,4,681,συγκρίνας· τὼς οἵγε φυὴν ἀίδηλοι ἕποντο.,συγκρίνας· τὼς οἵγε φυὴν ἀίδηλοι ἕποντο.,tlg0001.tlg001.perseus-grc2.xml
Argonautica,tlg001,4,682,ἥρωας δʼ ἕλε θάμβος ἀπείριτον· αἶψα δʼ ἕκαστος,ἥρωας δ’ ἕλε θάμβος ἀπείριτον· αἶψα δ’ ἕκαστος,tlg0001.tlg001.perseus-grc2.xml
Argonautica,tlg001,4,683,"Κίρκης εἴς τε φυήν, εἴς τʼ ὄμματα παπταίνοντες","Κίρκης εἴς τε φυήν, εἴς τ’ ὄμματα παπταίνοντες",tlg0001.tlg001.perseus-grc2.xml
Argonautica,tlg001,4,684,ῥεῖα κασιγνήτην φάσαν ἔμμεναι Αἰήταο.,ῥεῖα κασιγνήτην φάσαν ἔμμεναι Αἰήταο.,tlg0001.tlg001.perseus-grc2.xml
Argonautica,tlg001,4,685,"ἡ δʼ ὅτε δὴ νυχίων ἀπὸ δείματα πέμψεν ὀνείρων,","ἡ δ’ ὅτε δὴ νυχίων ἀπὸ δείματα πέμψεν ὀνείρων,",tlg0001.tlg001.perseus-grc2.xml
Argonautica,tlg001,4,686,"αὐτίκʼ ἔπειτʼ ἄψορρον ἀπέστιχε· τοὺς δʼ ἅμʼ ἕπεσθαι,","αὐτίκ’ ἔπειτ’ ἄψορρον ἀπέστιχε· τοὺς δ’ ἅμ’ ἕπεσθαι,",tlg0001.tlg001.perseus-grc2.xml
Argonautica,tlg001,4,687,"χειρὶ καταρρέξασα, δολοφροσύνῃσιν ἄνωγεν.","χειρὶ καταρρέξασα, δολοφροσύνῃσιν ἄνωγεν.",tlg0001.tlg001.perseus-grc2.xml
Argonautica,tlg001,4,688,ἔνθʼ ἤτοι πληθὺς μὲν ἐφετμαῖς Αἰσονίδαο,ἔνθ’ ἤτοι πληθὺς μὲν ἐφετμαῖς Αἰσονίδαο,tlg0001.tlg001.perseus-grc2.xml
Argonautica,tlg001,4,689,μίμνεν ἀπηλεγέως· ὁ δʼ ἐρύσσατο Κολχίδα κούρην.,μίμνεν ἀπηλεγέως· ὁ δ’ ἐρύσσατο Κολχίδα κούρην.,tlg0001.tlg001.perseus-grc2.xml
Argonautica,tlg001,4,690,"ἄμφω δʼ ἑσπέσθην αὐτὴν ὁδόν, ἔστʼ ἀφίκοντο","ἄμφω δ’ ἑσπέσθην αὐτὴν ὁδόν, ἔστ’ ἀφίκοντο",tlg0001.tlg001.perseus-grc2.xml
Argonautica,tlg001,4,691,Κίρκης ἐς μέγαρον· τοὺς δʼ ἐν λιπαροῖσι κέλευεν,Κίρκης ἐς μέγαρον· τοὺς δ’ ἐν λιπαροῖσι κέλευεν,tlg0001.tlg001.perseus-grc2.xml
Argonautica,tlg001,4,692,"ἥγε θρόνοις ἕζεσθαι, ἀμηχανέουσα κιόντων.","ἥγε θρόνοις ἕζεσθαι, ἀμηχανέουσα κιόντων.",tlg0001.tlg001.perseus-grc2.xml
Argonautica,tlg001,4,693,τὼ δʼ ἄνεῳ καὶ ἄναυδοι ἐφʼ ἑστίῃ ἀίξαντε,τὼ δ’ ἄνεῳ καὶ ἄναυδοι ἐφ’ ἑστίῃ ἀίξαντε,tlg0001.tlg001.perseus-grc2.xml
Argonautica,tlg001,4,694,"ἵζανον, ἥ τε δίκη λυγροῖς ἱκέτῃσι τέτυκται,","ἵζανον, ἥ τε δίκη λυγροῖς ἱκέτῃσι τέτυκται,",tlg0001.tlg001.perseus-grc2.xml
Argonautica,tlg001,4,695,"ἡ μὲν ἐπʼ ἀμφοτέραις θεμένη χείρεσσι μέτωπα,","ἡ μὲν ἐπ’ ἀμφοτέραις θεμένη χείρεσσι μέτωπα,",tlg0001.tlg001.perseus-grc2.xml
Argonautica,tlg001,4,696,"αὐτὰρ ὁ κωπῆεν μέγα φάσγανον ἐν χθονὶ πήξας,","αὐτὰρ ὁ κωπῆεν μέγα φάσγανον ἐν χθονὶ πήξας,",tlg0001.tlg001.perseus-grc2.xml
Argonautica,tlg001,4,697,ᾧπέρ τʼ Αἰήταο πάιν κτάνεν· οὐδέ ποτʼ ὄσσε,ᾧπέρ τ’ Αἰήταο πάιν κτάνεν· οὐδέ ποτ’ ὄσσε,tlg0001.tlg001.perseus-grc2.xml
Argonautica,tlg001,4,698,ἰθὺς ἐνὶ βλεφάροισιν ἀνέσχεθον. αὐτίκα δʼ ἔγνω,ἰθὺς ἐνὶ βλεφάροισιν ἀνέσχεθον. αὐτίκα δ’ ἔγνω,tlg0001.tlg001.perseus-grc2.xml
Argonautica,tlg001,4,699,Κίρκη φύξιον οἶτον ἀλιτροσύνας τε φόνοιο.,Κίρκη φύξιον οἶτον ἀλιτροσύνας τε φόνοιο.,tlg0001.tlg001.perseus-grc2.xml
Argonautica,tlg001,4,700,"τῶ καὶ ὀπιζομένη Ζηνὸς θέμιν Ἱκεσίοιο,","τῶ καὶ ὀπιζομένη Ζηνὸς θέμιν Ἱκεσίοιο,",tlg0001.tlg001.perseus-grc2.xml
Argonautica,tlg001,4,701,"ὃς μέγα μὲν κοτέει, μέγα δʼ ἀνδροφόνοισιν ἀρήγει,","ὃς μέγα μὲν κοτέει, μέγα δ’ ἀνδροφόνοισιν ἀρήγει,",tlg0001.tlg001.perseus-grc2.xml
Argonautica,tlg001,4,702,"ῥέζε θυηπολίην, οἵῃ τʼ ἀπολυμαίνονται","ῥέζε θυηπολίην, οἵῃ τ’ ἀπολυμαίνονται",tlg0001.tlg001.perseus-grc2.xml
Argonautica,tlg001,4,703,"νηλειεῖς ἱκέται, ὅτʼ ἐφέστιοι ἀντιόωσιν.","νηλειεῖς ἱκέται, ὅτ’ ἐφέστιοι ἀντιόωσιν.",tlg0001.tlg001.perseus-grc2.xml
Argonautica,tlg001,4,704,πρῶτα μὲν ἀτρέπτοιο λυτήριον ἥγε φόνοιο,πρῶτα μὲν ἀτρέπτοιο λυτήριον ἥγε φόνοιο,tlg0001.tlg001.perseus-grc2.xml
Argonautica,tlg001,4,705,"τειναμένη καθύπερθε συὸς τέκος, ἧς ἔτι μαζοὶ","τειναμένη καθύπερθε συὸς τέκος, ἧς ἔτι μαζοὶ",tlg0001.tlg001.perseus-grc2.xml
Argonautica,tlg001,4,706,"πλήμμυρον λοχίης ἐκ νηδύος, αἵματι χεῖρας","πλήμμυρον λοχίης ἐκ νηδύος, αἵματι χεῖρας",tlg0001.tlg001.perseus-grc2.xml
Argonautica,tlg001,4,707,"τέγγεν, ἐπιτμήγουσα δέρην· αὖτις δὲ καὶ ἄλλοις","τέγγεν, ἐπιτμήγουσα δέρην· αὖτις δὲ καὶ ἄλλοις",tlg0001.tlg001.perseus-grc2.xml
Argonautica,tlg001,4,708,"μείλισσεν χύτλοισι, καθάρσιον ἀγκαλέουσα","μείλισσεν χύτλοισι, καθάρσιον ἀγκαλέουσα",tlg0001.tlg001.perseus-grc2.xml
Argonautica,tlg001,4,709,"Ζῆνα, παλαμναίων τιμήορον ἱκεσιάων.","Ζῆνα, παλαμναίων τιμήορον ἱκεσιάων.",tlg0001.tlg001.perseus-grc2.xml
Argonautica,tlg001,4,710,καὶ τὰ μὲν ἀθρόα πάντα δόμων ἐκ λύματʼ ἔνεικαν,καὶ τὰ μὲν ἀθρόα πάντα δόμων ἐκ λύματ’ ἔνεικαν,tlg0001.tlg001.perseus-grc2.xml
Argonautica,tlg001,4,711,"νηιάδες πρόπολοι, ταί οἱ πόρσυνον ἕκαστα.","νηιάδες πρόπολοι, ταί οἱ πόρσυνον ἕκαστα.",tlg0001.tlg001.perseus-grc2.xml
Argonautica,tlg001,4,712,ἡ δʼ εἴσω πελάνους μείλικτρά τε νηφαλίῃσιν,ἡ δ’ εἴσω πελάνους μείλικτρά τε νηφαλίῃσιν,tlg0001.tlg001.perseus-grc2.xml
Argonautica,tlg001,4,713,"καῖεν ἐπʼ εὐχωλῇσι παρέστιος, ὄφρα χόλοιο","καῖεν ἐπ’ εὐχωλῇσι παρέστιος, ὄφρα χόλοιο",tlg0001.tlg001.perseus-grc2.xml
Argonautica,tlg001,4,714,"σμερδαλέας παύσειεν Ἐρινύας, ἠδὲ καὶ αὐτὸς","σμερδαλέας παύσειεν Ἐρινύας, ἠδὲ καὶ αὐτὸς",tlg0001.tlg001.perseus-grc2.xml
Argonautica,tlg001,4,715,"εὐμειδής τε πέλοιτο καὶ ἤπιος ἀμφοτέροισιν,","εὐμειδής τε πέλοιτο καὶ ἤπιος ἀμφοτέροισιν,",tlg0001.tlg001.perseus-grc2.xml
Argonautica,tlg001,4,716,"εἴτʼ οὖν ὀθνείῳ μεμιασμένοι αἵματι χεῖρας,","εἴτ’ οὖν ὀθνείῳ μεμιασμένοι αἵματι χεῖρας,",tlg0001.tlg001.perseus-grc2.xml
Argonautica,tlg001,4,717,εἴτε καὶ ἐμφύλῳ προσκηδέες ἀντιόωσιν.,εἴτε καὶ ἐμφύλῳ προσκηδέες ἀντιόωσιν.,tlg0001.tlg001.perseus-grc2.xml
Argonautica,tlg001,4,718,"αὐτὰρ ἐπεὶ μάλα πάντα πονήσατο, δή τότʼ ἔπειτα","αὐτὰρ ἐπεὶ μάλα πάντα πονήσατο, δή τότ’ ἔπειτα",tlg0001.tlg001.perseus-grc2.xml
Argonautica,tlg001,4,719,"εἷσεν ἐπὶ ξεστοῖσιν ἀναστήσασα θρόνοισιν,","εἷσεν ἐπὶ ξεστοῖσιν ἀναστήσασα θρόνοισιν,",tlg0001.tlg001.perseus-grc2.xml
Argonautica,tlg001,4,720,καὶ δʼ αὐτὴ πέλας ἷζεν ἐνωπαδίς. αἶψα δὲ μύθῳ,καὶ δ’ αὐτὴ πέλας ἷζεν ἐνωπαδίς. αἶψα δὲ μύθῳ,tlg0001.tlg001.perseus-grc2.xml
Argonautica,tlg001,4,721,χρειὼ ναυτιλίην τε διακριδὸν ἐξερέεινεν.,χρειὼ ναυτιλίην τε διακριδὸν ἐξερέεινεν.,tlg0001.tlg001.perseus-grc2.xml
Argonautica,tlg001,4,722,ἠδʼ ὁπόθεν μετὰ γαῖαν ἑὴν καὶ δώματʼ ἰόντες,ἠδ’ ὁπόθεν μετὰ γαῖαν ἑὴν καὶ δώματ’ ἰόντες,tlg0001.tlg001.perseus-grc2.xml
Argonautica,tlg001,4,723,αὔτως ἱδρύνθησαν ἐφέστιοι. ἦ γὰρ ὀνείρων,αὔτως ἱδρύνθησαν ἐφέστιοι. ἦ γὰρ ὀνείρων,tlg0001.tlg001.perseus-grc2.xml
Argonautica,tlg001,4,724,μνῆστις ἀεικελίη δῦνεν φρένας ὁρμαίνουσαν·,μνῆστις ἀεικελίη δῦνεν φρένας ὁρμαίνουσαν·,tlg0001.tlg001.perseus-grc2.xml
Argonautica,tlg001,4,725,"ἵετο δʼ αὖ κούρης ἐμφύλιον ἴδμεναι ὀμφήν,","ἵετο δ’ αὖ κούρης ἐμφύλιον ἴδμεναι ὀμφήν,",tlg0001.tlg001.perseus-grc2.xml
Argonautica,tlg001,4,726,αὐτίχʼ ὅπως ἐνόησεν ἀπʼ οὔδεος ὄσσε βαλοῦσαν.,αὐτίχ’ ὅπως ἐνόησεν ἀπ’ οὔδεος ὄσσε βαλοῦσαν.,tlg0001.tlg001.perseus-grc2.xml
Argonautica,tlg001,4,727,πᾶσα γὰρ Ἠελίου γενεὴ ἀρίδηλος ἰδέσθαι,πᾶσα γὰρ Ἠελίου γενεὴ ἀρίδηλος ἰδέσθαι,tlg0001.tlg001.perseus-grc2.xml
Argonautica,tlg001,4,728,"ἦεν, ἐπεὶ βλεφάρων ἀποτηλόθι μαρμαρυγῇσιν","ἦεν, ἐπεὶ βλεφάρων ἀποτηλόθι μαρμαρυγῇσιν",tlg0001.tlg001.perseus-grc2.xml
Argonautica,tlg001,4,729,οἷόν τέ χρυσέην ἀντώπιον ἵεσαν αἴγλην.,οἷόν τέ χρυσέην ἀντώπιον ἵεσαν αἴγλην.,tlg0001.tlg001.perseus-grc2.xml
Argonautica,tlg001,4,730,"ἡ δʼ ἄρα τῇ τὰ ἕκαστα διειρομένῃ κατελεξεν,","ἡ δ’ ἄρα τῇ τὰ ἕκαστα διειρομένῃ κατελεξεν,",tlg0001.tlg001.perseus-grc2.xml
Argonautica,tlg001,4,731,"Κολχίδα γῆρυν ἱεῖσα, βαρύφρονος Αἰήταο","Κολχίδα γῆρυν ἱεῖσα, βαρύφρονος Αἰήταο",tlg0001.tlg001.perseus-grc2.xml
Argonautica,tlg001,4,732,"κούρη μειλιχίως, ἠμὲν στόλον ἠδὲ κελεύθους","κούρη μειλιχίως, ἠμὲν στόλον ἠδὲ κελεύθους",tlg0001.tlg001.perseus-grc2.xml
Argonautica,tlg001,4,733,"ἡρώων, ὅσα τʼ ἀμφὶ θοοῖς ἐμόγησαν ἀέθλοις,","ἡρώων, ὅσα τ’ ἀμφὶ θοοῖς ἐμόγησαν ἀέθλοις,",tlg0001.tlg001.perseus-grc2.xml
Argonautica,tlg001,4,734,"ὥς τε κασιγνήτης πολυκηδέος ἤλιτε βουλαῖς,","ὥς τε κασιγνήτης πολυκηδέος ἤλιτε βουλαῖς,",tlg0001.tlg001.perseus-grc2.xml
Argonautica,tlg001,4,735,ὥς τʼ ἀπονόσφιν ἄλυξεν ὑπέρβια δείματα πατρὸς,ὥς τ’ ἀπονόσφιν ἄλυξεν ὑπέρβια δείματα πατρὸς,tlg0001.tlg001.perseus-grc2.xml
Argonautica,tlg001,4,736,σὺν παισὶν Φρίξοιο· φόνον δʼ ἀλέεινεν ἐνισπεῖν,σὺν παισὶν Φρίξοιο· φόνον δ’ ἀλέεινεν ἐνισπεῖν,tlg0001.tlg001.perseus-grc2.xml
Argonautica,tlg001,4,737,Ἀψύρτου. τὴν δʼ οὔτι νόῳ λάθεν· ἀλλὰ καὶ ἔμπης,Ἀψύρτου. τὴν δ’ οὔτι νόῳ λάθεν· ἀλλὰ καὶ ἔμπης,tlg0001.tlg001.perseus-grc2.xml
Argonautica,tlg001,4,738,"μυρομένην ἐλέαιρεν, ἔπος δʼ ἐπὶ τοῖον ἔειπεν·","μυρομένην ἐλέαιρεν, ἔπος δ’ ἐπὶ τοῖον ἔειπεν·",tlg0001.tlg001.perseus-grc2.xml
Argonautica,tlg001,4,739,"σχετλίη, ἦ ῥα κακὸν καὶ ἀεικέα μήσαο νόστον.","σχετλίη, ἦ ῥα κακὸν καὶ ἀεικέα μήσαο νόστον.",tlg0001.tlg001.perseus-grc2.xml
Argonautica,tlg001,4,740,ἔλπομαι οὐκ ἐπὶ δήν σε βαρὺν χόλον Αἰήταο,ἔλπομαι οὐκ ἐπὶ δήν σε βαρὺν χόλον Αἰήταο,tlg0001.tlg001.perseus-grc2.xml
Argonautica,tlg001,4,741,ἐκφυγέειν· τάχα δʼ εἶσι καὶ Ἑλλάδος ἤθεα γαίης,ἐκφυγέειν· τάχα δ’ εἶσι καὶ Ἑλλάδος ἤθεα γαίης,tlg0001.tlg001.perseus-grc2.xml
Argonautica,tlg001,4,742,"τισόμενος φόνον υἷος, ὅτʼ ἄσχετα ἔργʼ ἐτέλεσσας.","τισόμενος φόνον υἷος, ὅτ’ ἄσχετα ἔργ’ ἐτέλεσσας.",tlg0001.tlg001.perseus-grc2.xml
Argonautica,tlg001,4,743,"ἀλλʼ ἐπεὶ οὖν ἱκέτις καὶ ὁμόγνιος ἔπλευ ἐμεῖο,","ἀλλ’ ἐπεὶ οὖν ἱκέτις καὶ ὁμόγνιος ἔπλευ ἐμεῖο,",tlg0001.tlg001.perseus-grc2.xml
Argonautica,tlg001,4,744,ἄλλο μὲν οὔτι κακὸν μητίσομαι ἐνθάδʼ ἰούσῃ·,ἄλλο μὲν οὔτι κακὸν μητίσομαι ἐνθάδ’ ἰούσῃ·,tlg0001.tlg001.perseus-grc2.xml
Argonautica,tlg001,4,745,"ἔρχεο δʼ ἐκ μεγάρων ξείνῳ συνοπηδὸς ἐοῦσα,","ἔρχεο δ’ ἐκ μεγάρων ξείνῳ συνοπηδὸς ἐοῦσα,",tlg0001.tlg001.perseus-grc2.xml
Argonautica,tlg001,4,746,ὅντινα τοῦτον ἄιστον ἀείραο πατρὸς ἄνευθεν·,ὅντινα τοῦτον ἄιστον ἀείραο πατρὸς ἄνευθεν·,tlg0001.tlg001.perseus-grc2.xml
Argonautica,tlg001,4,747,"μηδέ με γουνάσσηαι ἐφέστιος, οὐ γὰρ ἔγωγε","μηδέ με γουνάσσηαι ἐφέστιος, οὐ γὰρ ἔγωγε",tlg0001.tlg001.perseus-grc2.xml
Argonautica,tlg001,4,748,αἰνήσω βουλάς τε σέθεν καὶ ἀεικέα φύξιν.,αἰνήσω βουλάς τε σέθεν καὶ ἀεικέα φύξιν.,tlg0001.tlg001.perseus-grc2.xml
Argonautica,tlg001,4,749,ὧς φάτο· τὴν δʼ ἀμέγαρτον ἄχος λάβεν· ἀμφὶ δὲ πέπλον,ὧς φάτο· τὴν δ’ ἀμέγαρτον ἄχος λάβεν· ἀμφὶ δὲ πέπλον,tlg0001.tlg001.perseus-grc2.xml
Argonautica,tlg001,4,750,"ὀφθαλμοῖσι βαλοῦσα γόον χέεν, ὄφρα μιν ἥρως","ὀφθαλμοῖσι βαλοῦσα γόον χέεν, ὄφρα μιν ἥρως",tlg0001.tlg001.perseus-grc2.xml
Argonautica,tlg001,4,751,χειρὸς ἐπισχόμενος μεγάρων ἐξῆγε θύραζε,χειρὸς ἐπισχόμενος μεγάρων ἐξῆγε θύραζε,tlg0001.tlg001.perseus-grc2.xml
Argonautica,tlg001,4,752,δείματι παλλομένην· λεῖπον δʼ ἀπὸ δώματα Κίρκης.,δείματι παλλομένην· λεῖπον δ’ ἀπὸ δώματα Κίρκης.,tlg0001.tlg001.perseus-grc2.xml
Argonautica,tlg001,4,753,οὐδʼ ἄλοχον Κρονίδαο Διὸς λάθον· ἀλλά οἱ Ἶρις,οὐδ’ ἄλοχον Κρονίδαο Διὸς λάθον· ἀλλά οἱ Ἶρις,tlg0001.tlg001.perseus-grc2.xml
Argonautica,tlg001,4,754,"πέφραδεν, εὖτʼ ἐνόησεν ἀπὸ μεγάροιο κιόντας.","πέφραδεν, εὖτ’ ἐνόησεν ἀπὸ μεγάροιο κιόντας.",tlg0001.tlg001.perseus-grc2.xml
Argonautica,tlg001,4,755,"αὐτὴ γάρ μιν ἄνωγε δοκευέμεν, ὁππότε νῆα","αὐτὴ γάρ μιν ἄνωγε δοκευέμεν, ὁππότε νῆα",tlg0001.tlg001.perseus-grc2.xml
Argonautica,tlg001,4,756,στείχοιεν· τὸ καὶ αὖτις ἐποτρύνουσʼ ἀγόρευεν·,στείχοιεν· τὸ καὶ αὖτις ἐποτρύνουσ’ ἀγόρευεν·,tlg0001.tlg001.perseus-grc2.xml
Argonautica,tlg001,4,757,"Ἶρι φίλη, νῦν, εἴ ποτʼ ἐμὰς ἐτέλεσσας ἐφετμάς,","Ἶρι φίλη, νῦν, εἴ ποτ’ ἐμὰς ἐτέλεσσας ἐφετμάς,",tlg0001.tlg001.perseus-grc2.xml
Argonautica,tlg001,4,758,"εἰ δʼ ἄγε λαιψηρῇσι μετοιχομένη πτερύγεσσιν,","εἰ δ’ ἄγε λαιψηρῇσι μετοιχομένη πτερύγεσσιν,",tlg0001.tlg001.perseus-grc2.xml
Argonautica,tlg001,4,759,δεῦρο Θέτιν μοι ἄνωχθι μολεῖν ἁλὸς ἐξανιοῦσαν.,δεῦρο Θέτιν μοι ἄνωχθι μολεῖν ἁλὸς ἐξανιοῦσαν.,tlg0001.tlg001.perseus-grc2.xml
Argonautica,tlg001,4,760,κείνης γὰρ χρειώ με κιχάνεται. αὐτὰρ ἔπειτα,κείνης γὰρ χρειώ με κιχάνεται. αὐτὰρ ἔπειτα,tlg0001.tlg001.perseus-grc2.xml
Argonautica,tlg001,4,761,"ἐλθεῖν εἰς ἀκτάς, ὅθι τʼ ἄκμονες Ἡφαίστοιο","ἐλθεῖν εἰς ἀκτάς, ὅθι τ’ ἄκμονες Ἡφαίστοιο",tlg0001.tlg001.perseus-grc2.xml
Argonautica,tlg001,4,762,χάλκειοι στιβαρῇσιν ἀράσσονται τυπίδεσσιν·,χάλκειοι στιβαρῇσιν ἀράσσονται τυπίδεσσιν·,tlg0001.tlg001.perseus-grc2.xml
Argonautica,tlg001,4,763,"εἰπὲ δὲ κοιμῆσαι φύσας πυρός, εἰσόκεν Ἀργὼ","εἰπὲ δὲ κοιμῆσαι φύσας πυρός, εἰσόκεν Ἀργὼ",tlg0001.tlg001.perseus-grc2.xml
Argonautica,tlg001,4,764,"τάσγε παρεξελάσῃσιν. ἀτὰρ καὶ ἐς Αἴολον ἐλθεῖν,","τάσγε παρεξελάσῃσιν. ἀτὰρ καὶ ἐς Αἴολον ἐλθεῖν,",tlg0001.tlg001.perseus-grc2.xml
Argonautica,tlg001,4,765,"Αἴολον, ὅς τʼ ἀνέμοις αἰθρηγενέεσσιν ἀνάσσει·","Αἴολον, ὅς τ’ ἀνέμοις αἰθρηγενέεσσιν ἀνάσσει·",tlg0001.tlg001.perseus-grc2.xml
Argonautica,tlg001,4,766,"καὶ δὲ τῷ εἰπέμεναι τὸν ἐμὸν νόον, ὥς κεν ἀήτας","καὶ δὲ τῷ εἰπέμεναι τὸν ἐμὸν νόον, ὥς κεν ἀήτας",tlg0001.tlg001.perseus-grc2.xml
Argonautica,tlg001,4,767,"πάντας ἀπολλήξειεν ὑπʼ ἠέρι, μηδέ τις αὔρη","πάντας ἀπολλήξειεν ὑπ’ ἠέρι, μηδέ τις αὔρη",tlg0001.tlg001.perseus-grc2.xml
Argonautica,tlg001,4,768,"τρηχύνοι πέλαγος· Ζεφύρου γε μὲν οὖρος ἀήτω,","τρηχύνοι πέλαγος· Ζεφύρου γε μὲν οὖρος ἀήτω,",tlg0001.tlg001.perseus-grc2.xml
Argonautica,tlg001,4,769,ὄφρʼ οἵγʼ Ἀλκινόου Φαιηκίδα νῆσον ἵκωνται.,ὄφρ’ οἵγ’ Ἀλκινόου Φαιηκίδα νῆσον ἵκωνται.,tlg0001.tlg001.perseus-grc2.xml
Argonautica,tlg001,4,770,ὧς ἔφατʼ· αὐτίκα δʼ Ἶρις ἀπʼ Οὐλύμποιο θοροῦσα,ὧς ἔφατ’· αὐτίκα δ’ Ἶρις ἀπ’ Οὐλύμποιο θοροῦσα,tlg0001.tlg001.perseus-grc2.xml
Argonautica,tlg001,4,771,"τέμνε, τανυσσαμένη κοῦφα πτερά. δῦ δʼ ἐνὶ πόντῳ","τέμνε, τανυσσαμένη κοῦφα πτερά. δῦ δ’ ἐνὶ πόντῳ",tlg0001.tlg001.perseus-grc2.xml
Argonautica,tlg001,4,772,"Αἰγαίῳ, τόθι πέρ τε δόμοι Νηρῆος ἔασιν.","Αἰγαίῳ, τόθι πέρ τε δόμοι Νηρῆος ἔασιν.",tlg0001.tlg001.perseus-grc2.xml
Argonautica,tlg001,4,773,"πρώτην δʼ εἰσαφίκανε Θέτιν, καὶ ἐπέφραδε μῦθον","πρώτην δ’ εἰσαφίκανε Θέτιν, καὶ ἐπέφραδε μῦθον",tlg0001.tlg001.perseus-grc2.xml
Argonautica,tlg001,4,774,"Ἥρης ἐννεσίῃς, ὦρσέν τέ μιν εἰς ἓ νέεσθαι.","Ἥρης ἐννεσίῃς, ὦρσέν τέ μιν εἰς ἓ νέεσθαι.",tlg0001.tlg001.perseus-grc2.xml
Argonautica,tlg001,4,775,δεύτερα δʼ εἰς Ἥφαιστον ἐβήσατο· παῦσε δὲ τόνγε,δεύτερα δ’ εἰς Ἥφαιστον ἐβήσατο· παῦσε δὲ τόνγε,tlg0001.tlg001.perseus-grc2.xml
Argonautica,tlg001,4,776,ῥίμφα σιδηρείων τυπίδων· ἔσχοντο δʼ ἀυτμῆς,ῥίμφα σιδηρείων τυπίδων· ἔσχοντο δ’ ἀυτμῆς,tlg0001.tlg001.perseus-grc2.xml
Argonautica,tlg001,4,777,αἰθαλέοι πρηστῆρες. ἀτὰρ τρίτον εἰσαφίκανεν,αἰθαλέοι πρηστῆρες. ἀτὰρ τρίτον εἰσαφίκανεν,tlg0001.tlg001.perseus-grc2.xml
Argonautica,tlg001,4,778,Αἴολον Ἱππότεω παῖδα κλυτόν. ὄφρα δὲ καὶ τῷ,Αἴολον Ἱππότεω παῖδα κλυτόν. ὄφρα δὲ καὶ τῷ,tlg0001.tlg001.perseus-grc2.xml
Argonautica,tlg001,4,779,"ἀγγελίην φαμένη θοὰ γούνατα παῦσεν ὁδοῖο,","ἀγγελίην φαμένη θοὰ γούνατα παῦσεν ὁδοῖο,",tlg0001.tlg001.perseus-grc2.xml
Argonautica,tlg001,4,780,τόφρα Θέτις Νηρῆα κασιγνήτας τε λιποῦσα,τόφρα Θέτις Νηρῆα κασιγνήτας τε λιποῦσα,tlg0001.tlg001.perseus-grc2.xml
Argonautica,tlg001,4,781,ἐξ ἁλὸς Οὔλυμπόνδε θεὰν μετεκίαθεν Ἥρην·,ἐξ ἁλὸς Οὔλυμπόνδε θεὰν μετεκίαθεν Ἥρην·,tlg0001.tlg001.perseus-grc2.xml
Argonautica,tlg001,4,782,"ἡ δέ μιν ἆσσον ἑοῖο παρεῖσέ τε, φαῖνέ τε μῦθον·","ἡ δέ μιν ἆσσον ἑοῖο παρεῖσέ τε, φαῖνέ τε μῦθον·",tlg0001.tlg001.perseus-grc2.xml
Argonautica,tlg001,4,783,"κέκλυθι νῦν, Θέτι δῖα, τά τοι ἐπιέλδομʼ ἐνισπεῖν.","κέκλυθι νῦν, Θέτι δῖα, τά τοι ἐπιέλδομ’ ἐνισπεῖν.",tlg0001.tlg001.perseus-grc2.xml
Argonautica,tlg001,4,784,"οἶσθα μέν, ὅσσον ἐμῇσιν ἐνὶ φρεσὶ τίεται ἥρως","οἶσθα μέν, ὅσσον ἐμῇσιν ἐνὶ φρεσὶ τίεται ἥρως",tlg0001.tlg001.perseus-grc2.xml
Argonautica,tlg001,4,785,"Αἰσονίδης, οἱ δʼ ἄλλοι ἀοσσητῆρες ἀέθλου,","Αἰσονίδης, οἱ δ’ ἄλλοι ἀοσσητῆρες ἀέθλου,",tlg0001.tlg001.perseus-grc2.xml
Argonautica,tlg001,4,786,οἵως τέ σφʼ ἐσάωσα διὰ πλαγκτὰς περόωντας,οἵως τέ σφ’ ἐσάωσα διὰ πλαγκτὰς περόωντας,tlg0001.tlg001.perseus-grc2.xml
Argonautica,tlg001,4,787,"πέτρας, ἔνθα πάρος δειναὶ βρομέουσι θύελλαι,","πέτρας, ἔνθα πάρος δειναὶ βρομέουσι θύελλαι,",tlg0001.tlg001.perseus-grc2.xml
Argonautica,tlg001,4,788,κύματά τε σκληρῇσι περιβλύει σπιλάδεσσιν.,κύματά τε σκληρῇσι περιβλύει σπιλάδεσσιν.,tlg0001.tlg001.perseus-grc2.xml
Argonautica,tlg001,4,789,νῦν δὲ παρὰ Σκύλλης σκόπελον μέγαν ἠδὲ Χάρυβδιν,νῦν δὲ παρὰ Σκύλλης σκόπελον μέγαν ἠδὲ Χάρυβδιν,tlg0001.tlg001.perseus-grc2.xml
Argonautica,tlg001,4,790,δεινὸν ἐρευγομένην δέχεται ὁδός. ἀλλά σε γὰρ δὴ,δεινὸν ἐρευγομένην δέχεται ὁδός. ἀλλά σε γὰρ δὴ,tlg0001.tlg001.perseus-grc2.xml
Argonautica,tlg001,4,791,ἐξέτι νηπυτίης αὐτὴ τρέφον ἠδʼ ἀγάπησα,ἐξέτι νηπυτίης αὐτὴ τρέφον ἠδ’ ἀγάπησα,tlg0001.tlg001.perseus-grc2.xml
Argonautica,tlg001,4,792,"ἔξοχον ἀλλάων, αἵ τʼ εἰν ἁλὶ ναιετάουσιν,","ἔξοχον ἀλλάων, αἵ τ’ εἰν ἁλὶ ναιετάουσιν,",tlg0001.tlg001.perseus-grc2.xml
Argonautica,tlg001,4,793,οὕνεκεν οὐκ ἔτλης εὐνῇ Διὸς ἱεμένοιο,οὕνεκεν οὐκ ἔτλης εὐνῇ Διὸς ἱεμένοιο,tlg0001.tlg001.perseus-grc2.xml
Argonautica,tlg001,4,794,"λέξασθαι. κείνῳ γὰρ ἀεὶ τάδε ἔργα μέμηλεν,","λέξασθαι. κείνῳ γὰρ ἀεὶ τάδε ἔργα μέμηλεν,",tlg0001.tlg001.perseus-grc2.xml
Argonautica,tlg001,4,795,ἠὲ σὺν ἀθανάταις ἠὲ θνητῇσιν ἰαύειν.,ἠὲ σὺν ἀθανάταις ἠὲ θνητῇσιν ἰαύειν.,tlg0001.tlg001.perseus-grc2.xml
Argonautica,tlg001,4,796,"ἀλλʼ ἐμὲ αἰδομένη καὶ ἐνὶ φρεσὶ δειμαίνουσα,","ἀλλ’ ἐμὲ αἰδομένη καὶ ἐνὶ φρεσὶ δειμαίνουσα,",tlg0001.tlg001.perseus-grc2.xml
Argonautica,tlg001,4,797,"ἠλεύω· ὁ δʼ ἔπειτα πελώριον ὅρκον ὄμοσσεν,","ἠλεύω· ὁ δ’ ἔπειτα πελώριον ὅρκον ὄμοσσεν,",tlg0001.tlg001.perseus-grc2.xml
Argonautica,tlg001,4,798,μήποτέ σʼ ἀθανάτοιο θεοῦ καλέεσθαι ἄκοιτιν.,μήποτέ σ’ ἀθανάτοιο θεοῦ καλέεσθαι ἄκοιτιν.,tlg0001.tlg001.perseus-grc2.xml
Argonautica,tlg001,4,799,"ἔμπης δʼ οὐ μεθίεσκεν ὀπιπεύων ἀέκουσαν,","ἔμπης δ’ οὐ μεθίεσκεν ὀπιπεύων ἀέκουσαν,",tlg0001.tlg001.perseus-grc2.xml
Argonautica,tlg001,4,800,"εἰσότε οἱ πρέσβειρα Θέμις κατέλεξεν ἅπαντα,","εἰσότε οἱ πρέσβειρα Θέμις κατέλεξεν ἅπαντα,",tlg0001.tlg001.perseus-grc2.xml
Argonautica,tlg001,4,801,ὡς δή τοι πέπρωται ἀμείνονα πατρὸς ἑοῖο,ὡς δή τοι πέπρωται ἀμείνονα πατρὸς ἑοῖο,tlg0001.tlg001.perseus-grc2.xml
Argonautica,tlg001,4,802,"παῖδα τεκεῖν· τῶ καί σε λιλαιόμενος μεθέηκεν,","παῖδα τεκεῖν· τῶ καί σε λιλαιόμενος μεθέηκεν,",tlg0001.tlg001.perseus-grc2.xml
Argonautica,tlg001,4,803,"δείματι, μή τις ἑοῦ ἀντάξιος ἄλλος ἀνάσσοι","δείματι, μή τις ἑοῦ ἀντάξιος ἄλλος ἀνάσσοι",tlg0001.tlg001.perseus-grc2.xml
Argonautica,tlg001,4,804,"ἀθανάτων, ἀλλʼ αἰὲν ἑὸν κράτος εἰρύοιτο.","ἀθανάτων, ἀλλ’ αἰὲν ἑὸν κράτος εἰρύοιτο.",tlg0001.tlg001.perseus-grc2.xml
Argonautica,tlg001,4,805,αὐτὰρ ἐγὼ τὸν ἄριστον ἐπιχθονίων πόσιν εἶναι,αὐτὰρ ἐγὼ τὸν ἄριστον ἐπιχθονίων πόσιν εἶναι,tlg0001.tlg001.perseus-grc2.xml
Argonautica,tlg001,4,806,"δῶκά τοι, ὄφρα γάμου θυμηδέος ἀντιάσειας,","δῶκά τοι, ὄφρα γάμου θυμηδέος ἀντιάσειας,",tlg0001.tlg001.perseus-grc2.xml
Argonautica,tlg001,4,807,τέκνα τε φιτύσαιο· θεοὺς δʼ ἐς δαῖτʼ ἐκάλεσσα,τέκνα τε φιτύσαιο· θεοὺς δ’ ἐς δαῖτ’ ἐκάλεσσα,tlg0001.tlg001.perseus-grc2.xml
Argonautica,tlg001,4,808,πάντας ὁμῶς· αὐτὴ δὲ σέλας χείρεσσιν ἀνέσχον,πάντας ὁμῶς· αὐτὴ δὲ σέλας χείρεσσιν ἀνέσχον,tlg0001.tlg001.perseus-grc2.xml
Argonautica,tlg001,4,809,"νυμφίδιον, κείνης ἀγανόφρονος εἵνεκα τιμῆς.","νυμφίδιον, κείνης ἀγανόφρονος εἵνεκα τιμῆς.",tlg0001.tlg001.perseus-grc2.xml
Argonautica,tlg001,4,810,ἀλλʼ ἄγε καί τινά τοι νημερτέα μῦθον ἐνίψω.,ἀλλ’ ἄγε καί τινά τοι νημερτέα μῦθον ἐνίψω.,tlg0001.tlg001.perseus-grc2.xml
Argonautica,tlg001,4,811,"εὖτʼ ἂν ἐς Ἠλύσιον πεδίον τεὸς υἱὸς ἵκηται,","εὖτ’ ἂν ἐς Ἠλύσιον πεδίον τεὸς υἱὸς ἵκηται,",tlg0001.tlg001.perseus-grc2.xml
Argonautica,tlg001,4,812,ὃν δὴ νῦν Χείρωνος ἐν ἤθεσι Κενταύροιο,ὃν δὴ νῦν Χείρωνος ἐν ἤθεσι Κενταύροιο,tlg0001.tlg001.perseus-grc2.xml
Argonautica,tlg001,4,813,"νηιάδες κομέουσι τεοῦ λίπτοντα γάλακτος,","νηιάδες κομέουσι τεοῦ λίπτοντα γάλακτος,",tlg0001.tlg001.perseus-grc2.xml
Argonautica,tlg001,4,814,χρειώ μιν κούρης πόσιν ἔμμεναι Αἰήταο,χρειώ μιν κούρης πόσιν ἔμμεναι Αἰήταο,tlg0001.tlg001.perseus-grc2.xml
Argonautica,tlg001,4,815,"Μηδείης· σὺ δʼ ἄρηγε νυῷ ἑκυρή περ ἐοῦσα,","Μηδείης· σὺ δ’ ἄρηγε νυῷ ἑκυρή περ ἐοῦσα,",tlg0001.tlg001.perseus-grc2.xml
Argonautica,tlg001,4,816,ἠδʼ αὐτῷ Πηλῆι. τί τοι χόλος ἐστήρικται;,ἠδ’ αὐτῷ Πηλῆι. τί τοι χόλος ἐστήρικται;,tlg0001.tlg001.perseus-grc2.xml
Argonautica,tlg001,4,817,ἀάσθη. καὶ γάρ τε θεοὺς ἐπινίσσεται ἄτη.,ἀάσθη. καὶ γάρ τε θεοὺς ἐπινίσσεται ἄτη.,tlg0001.tlg001.perseus-grc2.xml
Argonautica,tlg001,4,818,ναὶ μὲν ἐφημοσύνῃσιν ἐμαῖς Ἥφαιστον ὀίω,ναὶ μὲν ἐφημοσύνῃσιν ἐμαῖς Ἥφαιστον ὀίω,tlg0001.tlg001.perseus-grc2.xml
Argonautica,tlg001,4,819,"λωφήσειν πρήσοντα πυρὸς μένος, Ἱπποτάδην δὲ","λωφήσειν πρήσοντα πυρὸς μένος, Ἱπποτάδην δὲ",tlg0001.tlg001.perseus-grc2.xml
Argonautica,tlg001,4,820,"Αἴολον ὠκείας ἀνέμων ἄικας ἐρύξειν,","Αἴολον ὠκείας ἀνέμων ἄικας ἐρύξειν,",tlg0001.tlg001.perseus-grc2.xml
Argonautica,tlg001,4,821,"νόσφιν ἐυσταθέος ζεφύρου, τείως κεν ἵκωνται","νόσφιν ἐυσταθέος ζεφύρου, τείως κεν ἵκωνται",tlg0001.tlg001.perseus-grc2.xml
Argonautica,tlg001,4,822,Φαιήκων λιμένας· σὺ δʼ ἀκηδέα μήδεο νόστον.,Φαιήκων λιμένας· σὺ δ’ ἀκηδέα μήδεο νόστον.,tlg0001.tlg001.perseus-grc2.xml
Argonautica,tlg001,4,823,δεῖμα δέ τοι πέτραι καὶ ὑπέρβια κύματʼ ἔασιν,δεῖμα δέ τοι πέτραι καὶ ὑπέρβια κύματ’ ἔασιν,tlg0001.tlg001.perseus-grc2.xml
Argonautica,tlg001,4,824,"μοῦνον, ἅ κεν τρέψαιο κασιγνήτῃσι σὺν ἄλλαις.","μοῦνον, ἅ κεν τρέψαιο κασιγνήτῃσι σὺν ἄλλαις.",tlg0001.tlg001.perseus-grc2.xml
Argonautica,tlg001,4,825,μηδὲ σύγʼ ἠὲ Χάρυβδιν ἀμηχανέοντας ἐάσῃς,μηδὲ σύγ’ ἠὲ Χάρυβδιν ἀμηχανέοντας ἐάσῃς,tlg0001.tlg001.perseus-grc2.xml
Argonautica,tlg001,4,826,"ἐσβαλέειν, μὴ πάντας ἀναβρόξασα φέρῃσιν,","ἐσβαλέειν, μὴ πάντας ἀναβρόξασα φέρῃσιν,",tlg0001.tlg001.perseus-grc2.xml
Argonautica,tlg001,4,827,"ἠὲ παρὰ Σκύλλης στυγερὸν κευθμῶνα νέεσθαι,","ἠὲ παρὰ Σκύλλης στυγερὸν κευθμῶνα νέεσθαι,",tlg0001.tlg001.perseus-grc2.xml
Argonautica,tlg001,4,828,"Σκύλλης Αὐσονίης ὀλοόφρονος, ἣν τέκε Φόρκυι","Σκύλλης Αὐσονίης ὀλοόφρονος, ἣν τέκε Φόρκυι",tlg0001.tlg001.perseus-grc2.xml
Argonautica,tlg001,4,829,"νυκτιπόλος Ἑκάτη, τήν τε κλείουσι Κράταιιν,","νυκτιπόλος Ἑκάτη, τήν τε κλείουσι Κράταιιν,",tlg0001.tlg001.perseus-grc2.xml
Argonautica,tlg001,4,830,μή πως σμερδαλέῃσιν ἐπαΐξασα γένυσσιν,μή πως σμερδαλέῃσιν ἐπαΐξασα γένυσσιν,tlg0001.tlg001.perseus-grc2.xml
Argonautica,tlg001,4,831,λεκτοὺς ἡρώων δηλήσεται. ἀλλʼ ἔχε νῆα,λεκτοὺς ἡρώων δηλήσεται. ἀλλ’ ἔχε νῆα,tlg0001.tlg001.perseus-grc2.xml
Argonautica,tlg001,4,832,"κεῖσʼ, ὅθι περ τυτθή γε παραίβασις ἔσσετʼ ὀλέθρου.","κεῖσ’, ὅθι περ τυτθή γε παραίβασις ἔσσετ’ ὀλέθρου.",tlg0001.tlg001.perseus-grc2.xml
Argonautica,tlg001,4,833,ὧς φάτο· τὴν δὲ Θέτις τοίῳ προσελέξατο μύθῳ·,ὧς φάτο· τὴν δὲ Θέτις τοίῳ προσελέξατο μύθῳ·,tlg0001.tlg001.perseus-grc2.xml
Argonautica,tlg001,4,834,εἰ μὲν δὴ μαλεροῖο πυρὸς μένος ἠδὲ θύελλαι,εἰ μὲν δὴ μαλεροῖο πυρὸς μένος ἠδὲ θύελλαι,tlg0001.tlg001.perseus-grc2.xml
Argonautica,tlg001,4,835,"ζαχρηεῖς λήξουσιν ἐτήτυμον, ἦ τʼ ἂν ἔγωγε","ζαχρηεῖς λήξουσιν ἐτήτυμον, ἦ τ’ ἂν ἔγωγε",tlg0001.tlg001.perseus-grc2.xml
Argonautica,tlg001,4,836,"θαρσαλέη φαίην, καὶ κύματος ἀντιόωντος","θαρσαλέη φαίην, καὶ κύματος ἀντιόωντος",tlg0001.tlg001.perseus-grc2.xml
Argonautica,tlg001,4,837,"νῆα σαωσέμεναι, ζεφύρου λίγα κινυμένοιο.","νῆα σαωσέμεναι, ζεφύρου λίγα κινυμένοιο.",tlg0001.tlg001.perseus-grc2.xml
Argonautica,tlg001,4,838,"ἀλλʼ ὥρη δολιχήν τε καὶ ἄσπετον οἶμον ὁδεύειν,","ἀλλ’ ὥρη δολιχήν τε καὶ ἄσπετον οἶμον ὁδεύειν,",tlg0001.tlg001.perseus-grc2.xml
Argonautica,tlg001,4,839,"ὄφρα κασιγνήτας μετελεύσομαι, αἵ μοι ἀρωγοὶ","ὄφρα κασιγνήτας μετελεύσομαι, αἵ μοι ἀρωγοὶ",tlg0001.tlg001.perseus-grc2.xml
Argonautica,tlg001,4,840,"ἔσσονται, καὶ νηὸς ὅθι πρυμνήσιʼ ἀνῆπται,","ἔσσονται, καὶ νηὸς ὅθι πρυμνήσι’ ἀνῆπται,",tlg0001.tlg001.perseus-grc2.xml
Argonautica,tlg001,4,841,ὥς κεν ὑπηῷοι μνησαίατο νόστον ἑλέσθαι.,ὥς κεν ὑπηῷοι μνησαίατο νόστον ἑλέσθαι.,tlg0001.tlg001.perseus-grc2.xml
Argonautica,tlg001,4,842,"ἦ, καὶ ἀναΐξασα κατʼ αἰθέρος ἔμπεσε δίναις","ἦ, καὶ ἀναΐξασα κατ’ αἰθέρος ἔμπεσε δίναις",tlg0001.tlg001.perseus-grc2.xml
Argonautica,tlg001,4,843,κυανέου πόντοιο· κάλει δʼ ἐπαμυνέμεν ἄλλας,κυανέου πόντοιο· κάλει δ’ ἐπαμυνέμεν ἄλλας,tlg0001.tlg001.perseus-grc2.xml
Argonautica,tlg001,4,844,αὐτοκασιγνήτας Νηρηίδας· αἱ δʼ ἀίουσαι,αὐτοκασιγνήτας Νηρηίδας· αἱ δ’ ἀίουσαι,tlg0001.tlg001.perseus-grc2.xml
Argonautica,tlg001,4,845,ἤντεον ἀλλήλῃσι· Θέτις δʼ ἀγόρευεν ἐφετμὰς,ἤντεον ἀλλήλῃσι· Θέτις δ’ ἀγόρευεν ἐφετμὰς,tlg0001.tlg001.perseus-grc2.xml
Argonautica,tlg001,4,846,Ἥρης· αἶψα δʼ ἴαλλε μετʼ Αὐσονίην ἅλα πάσας.,Ἥρης· αἶψα δ’ ἴαλλε μετ’ Αὐσονίην ἅλα πάσας.,tlg0001.tlg001.perseus-grc2.xml
Argonautica,tlg001,4,847,αὐτὴ δʼ ὠκυτέρη ἀμαρύγματος ἠὲ βολάων,αὐτὴ δ’ ὠκυτέρη ἀμαρύγματος ἠὲ βολάων,tlg0001.tlg001.perseus-grc2.xml
Argonautica,tlg001,4,848,"ἠελίου, ὅτʼ ἄνεισι περαίης ὑψόθι γαίης,","ἠελίου, ὅτ’ ἄνεισι περαίης ὑψόθι γαίης,",tlg0001.tlg001.perseus-grc2.xml
Argonautica,tlg001,4,849,"σεύατʼ ἴμεν λαιψηρὰ διʼ ὕδατος, ἔστʼ ἀφίκανεν","σεύατ’ ἴμεν λαιψηρὰ δι’ ὕδατος, ἔστ’ ἀφίκανεν",tlg0001.tlg001.perseus-grc2.xml
Argonautica,tlg001,4,850,ἀκτὴν Αἰαίην Τυρσηνίδος ἠπείροιο.,ἀκτὴν Αἰαίην Τυρσηνίδος ἠπείροιο.,tlg0001.tlg001.perseus-grc2.xml
Argonautica,tlg001,4,851,τοὺς δʼ εὗρεν παρὰ νηὶ σόλῳ ῥιπῇσί τʼ ὀιστῶν,τοὺς δ’ εὗρεν παρὰ νηὶ σόλῳ ῥιπῇσί τ’ ὀιστῶν,tlg0001.tlg001.perseus-grc2.xml
Argonautica,tlg001,4,852,τερπομένους· ἡ δʼ ἆσσον ὀρεξαμένη χερὸς ἄκρης,τερπομένους· ἡ δ’ ἆσσον ὀρεξαμένη χερὸς ἄκρης,tlg0001.tlg001.perseus-grc2.xml
Argonautica,tlg001,4,853,Αἰακίδεω Πηλῆος· ὁ γάρ ῥά οἱ ἦεν ἀκοίτης·,Αἰακίδεω Πηλῆος· ὁ γάρ ῥά οἱ ἦεν ἀκοίτης·,tlg0001.tlg001.perseus-grc2.xml
Argonautica,tlg001,4,854,"οὐδέ τις εἰσιδέειν δύνατʼ ἔμπεδον, ἀλλʼ ἄρα τῷγε","οὐδέ τις εἰσιδέειν δύνατ’ ἔμπεδον, ἀλλ’ ἄρα τῷγε",tlg0001.tlg001.perseus-grc2.xml
Argonautica,tlg001,4,855,"οἴῳ ἐν ὀφθαλμοῖσιν ἐείσατο, φώνησέν τε·","οἴῳ ἐν ὀφθαλμοῖσιν ἐείσατο, φώνησέν τε·",tlg0001.tlg001.perseus-grc2.xml
Argonautica,tlg001,4,856,"μηκέτι νῦν ἀκταῖς Τυρσηνίσιν ἧσθε μένοντες,","μηκέτι νῦν ἀκταῖς Τυρσηνίσιν ἧσθε μένοντες,",tlg0001.tlg001.perseus-grc2.xml
Argonautica,tlg001,4,857,"ἠῶθεν δὲ θοῆς πρυμνήσια λύετε νηός,","ἠῶθεν δὲ θοῆς πρυμνήσια λύετε νηός,",tlg0001.tlg001.perseus-grc2.xml
Argonautica,tlg001,4,858,Ἥρῃ πειθόμενοι ἐπαρηγόνι. τῆς γὰρ ἐφετμῇς,Ἥρῃ πειθόμενοι ἐπαρηγόνι. τῆς γὰρ ἐφετμῇς,tlg0001.tlg001.perseus-grc2.xml
Argonautica,tlg001,4,859,"πασσυδίῃ κοῦραι Νηρηίδες ἀντιόωσιν,","πασσυδίῃ κοῦραι Νηρηίδες ἀντιόωσιν,",tlg0001.tlg001.perseus-grc2.xml
Argonautica,tlg001,4,860,"νῆα διὲκ πέτρας, αἵ τε Πλαγκταὶ καλέονται,","νῆα διὲκ πέτρας, αἵ τε Πλαγκταὶ καλέονται,",tlg0001.tlg001.perseus-grc2.xml
Argonautica,tlg001,4,861,ῥυσόμεναι. κείνη γὰρ ἐναίσιμος ὔμμι κέλευθος.,ῥυσόμεναι. κείνη γὰρ ἐναίσιμος ὔμμι κέλευθος.,tlg0001.tlg001.perseus-grc2.xml
Argonautica,tlg001,4,862,"ἀλλὰ σὺ μή τῳ ἐμὸν δείξῃς δέμας, εὖτʼ ἂν ἴδηαι","ἀλλὰ σὺ μή τῳ ἐμὸν δείξῃς δέμας, εὖτ’ ἂν ἴδηαι",tlg0001.tlg001.perseus-grc2.xml
Argonautica,tlg001,4,863,"ἀντομένην σὺν τῇσι· νόῳ δʼ ἔχε, μή με χολώσῃς","ἀντομένην σὺν τῇσι· νόῳ δ’ ἔχε, μή με χολώσῃς",tlg0001.tlg001.perseus-grc2.xml
Argonautica,tlg001,4,864,"πλεῖον ἔτʼ, ἢ τὸ πάροιθεν ἀπηλεγέως ἐχόλωσας.","πλεῖον ἔτ’, ἢ τὸ πάροιθεν ἀπηλεγέως ἐχόλωσας.",tlg0001.tlg001.perseus-grc2.xml
Argonautica,tlg001,4,865,"ἦ, καὶ ἔπειτʼ ἀίδηλος ἐδύσατο βένθεα πόντου·","ἦ, καὶ ἔπειτ’ ἀίδηλος ἐδύσατο βένθεα πόντου·",tlg0001.tlg001.perseus-grc2.xml
Argonautica,tlg001,4,866,"τὸν δʼ ἄχος αἰνὸν ἔτυψεν, ἐπεὶ πάρος οὐκέτʼ ἰοῦσαν","τὸν δ’ ἄχος αἰνὸν ἔτυψεν, ἐπεὶ πάρος οὐκέτ’ ἰοῦσαν",tlg0001.tlg001.perseus-grc2.xml
Argonautica,tlg001,4,867,"ἔδρακεν, ἐξότε πρῶτα λίπεν θάλαμόν τε καὶ εὐνὴν","ἔδρακεν, ἐξότε πρῶτα λίπεν θάλαμόν τε καὶ εὐνὴν",tlg0001.tlg001.perseus-grc2.xml
Argonautica,tlg001,4,868,χωσαμένη Ἀχιλῆος ἀγαυοῦ νηπιάχοντος.,χωσαμένη Ἀχιλῆος ἀγαυοῦ νηπιάχοντος.,tlg0001.tlg001.perseus-grc2.xml
Argonautica,tlg001,4,869,ἡ μὲν γὰρ βροτέας αἰεὶ περὶ σάρκας ἔδαιεν,ἡ μὲν γὰρ βροτέας αἰεὶ περὶ σάρκας ἔδαιεν,tlg0001.tlg001.perseus-grc2.xml
Argonautica,tlg001,4,870,νύκτα διὰ μέσσην φλογμῷ πυρός· ἤματα δʼ αὖτε,νύκτα διὰ μέσσην φλογμῷ πυρός· ἤματα δ’ αὖτε,tlg0001.tlg001.perseus-grc2.xml
Argonautica,tlg001,4,871,"ἀμβροσίῃ χρίεσκε τέρεν δέμας, ὄφρα πέλοιτο","ἀμβροσίῃ χρίεσκε τέρεν δέμας, ὄφρα πέλοιτο",tlg0001.tlg001.perseus-grc2.xml
Argonautica,tlg001,4,872,"ἀθάνατος, καί οἱ στυγερὸν χροῒ γῆρας ἀλάλκοι.","ἀθάνατος, καί οἱ στυγερὸν χροῒ γῆρας ἀλάλκοι.",tlg0001.tlg001.perseus-grc2.xml
Argonautica,tlg001,4,873,αὐτὰρ ὅγʼ ἐξ εὐνῆς ἀνεπάλμενος εἰσενόησεν,αὐτὰρ ὅγ’ ἐξ εὐνῆς ἀνεπάλμενος εἰσενόησεν,tlg0001.tlg001.perseus-grc2.xml
Argonautica,tlg001,4,874,παῖδα φίλον σπαίροντα διὰ φλογός· ἧκε δʼ ἀυτὴν,παῖδα φίλον σπαίροντα διὰ φλογός· ἧκε δ’ ἀυτὴν,tlg0001.tlg001.perseus-grc2.xml
Argonautica,tlg001,4,875,"σμερδαλέην ἐσιδών, μέγα νήπιος· ἡ δʼ ἀίουσα","σμερδαλέην ἐσιδών, μέγα νήπιος· ἡ δ’ ἀίουσα",tlg0001.tlg001.perseus-grc2.xml
Argonautica,tlg001,4,876,"τὸν μὲν ἄρʼ ἁρπάγδην χαμάδις βάλε κεκληγῶτα,","τὸν μὲν ἄρ’ ἁρπάγδην χαμάδις βάλε κεκληγῶτα,",tlg0001.tlg001.perseus-grc2.xml
Argonautica,tlg001,4,877,"αὐτὴ δὲ πνοιῇ ἰκέλη δέμας, ἠύτʼ ὄνειρος,","αὐτὴ δὲ πνοιῇ ἰκέλη δέμας, ἠύτ’ ὄνειρος,",tlg0001.tlg001.perseus-grc2.xml
Argonautica,tlg001,4,878,"βῆ ῥʼ ἴμεν ἐκ μεγάροιο θοῶς, καὶ ἐσήλατο πόντον","βῆ ῥ’ ἴμεν ἐκ μεγάροιο θοῶς, καὶ ἐσήλατο πόντον",tlg0001.tlg001.perseus-grc2.xml
Argonautica,tlg001,4,879,χωσαμένη· μετὰ δʼ οὔτι παλίσσυτος ἵκετʼ ὀπίσσω.,χωσαμένη· μετὰ δ’ οὔτι παλίσσυτος ἵκετ’ ὀπίσσω.,tlg0001.tlg001.perseus-grc2.xml
Argonautica,tlg001,4,880,τῶ μιν ἀμηχανίη δῆσεν φρένας· ἀλλὰ καὶ ἔμπης,τῶ μιν ἀμηχανίη δῆσεν φρένας· ἀλλὰ καὶ ἔμπης,tlg0001.tlg001.perseus-grc2.xml
Argonautica,tlg001,4,881,πᾶσαν ἐφημοσύνην Θέτιδος μετέειπεν ἑταίροις.,πᾶσαν ἐφημοσύνην Θέτιδος μετέειπεν ἑταίροις.,tlg0001.tlg001.perseus-grc2.xml
Argonautica,tlg001,4,882,οἱ δʼ ἄρα μεσσηγὺς λῆξαν καὶ ἔπαυσαν ἀέθλους,οἱ δ’ ἄρα μεσσηγὺς λῆξαν καὶ ἔπαυσαν ἀέθλους,tlg0001.tlg001.perseus-grc2.xml
Argonautica,tlg001,4,883,"ἐσσυμένως, δόρπον τε χαμεύνας τʼ ἀμφεπένοντο,","ἐσσυμένως, δόρπον τε χαμεύνας τ’ ἀμφεπένοντο,",tlg0001.tlg001.perseus-grc2.xml
Argonautica,tlg001,4,884,"τῇς ἔνι δαισάμενοι νύκτʼ ἄεσαν, ὡς τὸ πάροιθεν.","τῇς ἔνι δαισάμενοι νύκτ’ ἄεσαν, ὡς τὸ πάροιθεν.",tlg0001.tlg001.perseus-grc2.xml
Argonautica,tlg001,4,885,"ἦμος δʼ ἄκρον ἔβαλλε φαεσφόρος οὐρανὸν Ἠώς,","ἦμος δ’ ἄκρον ἔβαλλε φαεσφόρος οὐρανὸν Ἠώς,",tlg0001.tlg001.perseus-grc2.xml
Argonautica,tlg001,4,886,δὴ τότε λαιψηροῖο κατηλυσίῃ ζεφύροιο,δὴ τότε λαιψηροῖο κατηλυσίῃ ζεφύροιο,tlg0001.tlg001.perseus-grc2.xml
Argonautica,tlg001,4,887,βαῖνον ἐπὶ κληῖδας ἀπὸ χθονός· ἐκ δὲ βυθοῖο,βαῖνον ἐπὶ κληῖδας ἀπὸ χθονός· ἐκ δὲ βυθοῖο,tlg0001.tlg001.perseus-grc2.xml
Argonautica,tlg001,4,888,εὐναίας εἷλκον περιγηθέες ἄλλα τε πάντα,εὐναίας εἷλκον περιγηθέες ἄλλα τε πάντα,tlg0001.tlg001.perseus-grc2.xml
Argonautica,tlg001,4,889,ἄρμενα μηρύοντο κατὰ χρέος· ὕψι δὲ λαῖφος,ἄρμενα μηρύοντο κατὰ χρέος· ὕψι δὲ λαῖφος,tlg0001.tlg001.perseus-grc2.xml
Argonautica,tlg001,4,890,εἴρυσσαν τανύσαντες ἐν ἱμάντεσσι κεραίης.,εἴρυσσαν τανύσαντες ἐν ἱμάντεσσι κεραίης.,tlg0001.tlg001.perseus-grc2.xml
Argonautica,tlg001,4,891,νῆα δʼ ἐυκραὴς ἄνεμος φέρεν. αἶψα δὲ νῆσον,νῆα δ’ ἐυκραὴς ἄνεμος φέρεν. αἶψα δὲ νῆσον,tlg0001.tlg001.perseus-grc2.xml
Argonautica,tlg001,4,892,"καλήν, Ἀνθεμόεσσαν ἐσέδρακον, ἔνθα λίγειαι","καλήν, Ἀνθεμόεσσαν ἐσέδρακον, ἔνθα λίγειαι",tlg0001.tlg001.perseus-grc2.xml
Argonautica,tlg001,4,893,Σειρῆνες σίνοντʼ Ἀχελωίδες ἡδείῃσιν,Σειρῆνες σίνοντ’ Ἀχελωίδες ἡδείῃσιν,tlg0001.tlg001.perseus-grc2.xml
Argonautica,tlg001,4,894,"θέλγουσαι μολπῇσιν, ὅτις παρὰ πεῖσμα βάλοιτο.","θέλγουσαι μολπῇσιν, ὅτις παρὰ πεῖσμα βάλοιτο.",tlg0001.tlg001.perseus-grc2.xml
Argonautica,tlg001,4,895,τὰς μὲν ἄρʼ εὐειδὴς Ἀχελωίῳ εὐνηθεῖσα,τὰς μὲν ἄρ’ εὐειδὴς Ἀχελωίῳ εὐνηθεῖσα,tlg0001.tlg001.perseus-grc2.xml
Argonautica,tlg001,4,896,"γείνατο Τερψιχόρη, Μουσέων μία· καί ποτε Δηοῦς","γείνατο Τερψιχόρη, Μουσέων μία· καί ποτε Δηοῦς",tlg0001.tlg001.perseus-grc2.xml
Argonautica,tlg001,4,897,θυγατέρʼ ἰφθίμην ἀδμῆτʼ ἔτι πορσαίνεσκον,θυγατέρ’ ἰφθίμην ἀδμῆτ’ ἔτι πορσαίνεσκον,tlg0001.tlg001.perseus-grc2.xml
Argonautica,tlg001,4,898,"ἄμμιγα μελπόμεναι· τότε δʼ ἄλλο μὲν οἰωνοῖσιν,","ἄμμιγα μελπόμεναι· τότε δ’ ἄλλο μὲν οἰωνοῖσιν,",tlg0001.tlg001.perseus-grc2.xml
Argonautica,tlg001,4,899,ἄλλο δὲ παρθενικῇς ἐναλίγκιαι ἔσκον ἰδέσθαι.,ἄλλο δὲ παρθενικῇς ἐναλίγκιαι ἔσκον ἰδέσθαι.,tlg0001.tlg001.perseus-grc2.xml
Argonautica,tlg001,4,900,αἰεὶ δʼ εὐόρμου δεδοκημέναι ἐκ περιωπῆς,αἰεὶ δ’ εὐόρμου δεδοκημέναι ἐκ περιωπῆς,tlg0001.tlg001.perseus-grc2.xml
Argonautica,tlg001,4,901,"ἦ θαμὰ δὴ πολέων μελιηδέα νόστον ἕλοντο,","ἦ θαμὰ δὴ πολέων μελιηδέα νόστον ἕλοντο,",tlg0001.tlg001.perseus-grc2.xml
Argonautica,tlg001,4,902,τηκεδόνι φθινύθουσαι· ἀπηλεγέως δʼ ἄρα καὶ τοῖς,τηκεδόνι φθινύθουσαι· ἀπηλεγέως δ’ ἄρα καὶ τοῖς,tlg0001.tlg001.perseus-grc2.xml
Argonautica,tlg001,4,903,ἵεσαν ἐκ στομάτων ὄπα λείριον. οἱ δʼ ἀπὸ νηὸς,ἵεσαν ἐκ στομάτων ὄπα λείριον. οἱ δ’ ἀπὸ νηὸς,tlg0001.tlg001.perseus-grc2.xml
Argonautica,tlg001,4,904,"ἤδη πείσματʼ ἔμελλον ἐπʼ ἠιόνεσσι βαλέσθαι,","ἤδη πείσματ’ ἔμελλον ἐπ’ ἠιόνεσσι βαλέσθαι,",tlg0001.tlg001.perseus-grc2.xml
Argonautica,tlg001,4,905,εἰ μὴ ἄρʼ Οἰάγροιο πάις Θρηίκιος Ὀρφεὺς,εἰ μὴ ἄρ’ Οἰάγροιο πάις Θρηίκιος Ὀρφεὺς,tlg0001.tlg001.perseus-grc2.xml
Argonautica,tlg001,4,906,Βιστονίην ἐνὶ χερσὶν ἑαῖς φόρμιγγα τανύσσας,Βιστονίην ἐνὶ χερσὶν ἑαῖς φόρμιγγα τανύσσας,tlg0001.tlg001.perseus-grc2.xml
Argonautica,tlg001,4,907,"κραιπνὸν ἐυτροχάλοιο μέλος κανάχησεν ἀοιδῆς,","κραιπνὸν ἐυτροχάλοιο μέλος κανάχησεν ἀοιδῆς,",tlg0001.tlg001.perseus-grc2.xml
Argonautica,tlg001,4,908,ὄφρʼ ἄμυδις κλονέοντος ἐπιβρομέωνται ἀκουαὶ,ὄφρ’ ἄμυδις κλονέοντος ἐπιβρομέωνται ἀκουαὶ,tlg0001.tlg001.perseus-grc2.xml
Argonautica,tlg001,4,909,κρεγμῷ· παρθενικὴν δʼ ἐνοπὴν ἐβιήσατο φόρμιγξ.,κρεγμῷ· παρθενικὴν δ’ ἐνοπὴν ἐβιήσατο φόρμιγξ.,tlg0001.tlg001.perseus-grc2.xml
Argonautica,tlg001,4,910,νῆα δʼ ὁμοῦ ζέφυρός τε καὶ ἠχῆεν φέρε κῦμα,νῆα δ’ ὁμοῦ ζέφυρός τε καὶ ἠχῆεν φέρε κῦμα,tlg0001.tlg001.perseus-grc2.xml
Argonautica,tlg001,4,911,πρυμνόθεν ὀρνύμενον· ταὶ δʼ ἄκριτον ἵεσαν αὐδήν.,πρυμνόθεν ὀρνύμενον· ταὶ δ’ ἄκριτον ἵεσαν αὐδήν.,tlg0001.tlg001.perseus-grc2.xml
Argonautica,tlg001,4,912,"ἀλλὰ καὶ ὧς Τελέοντος ἐὺς πάις, οἶος ἑταίρων","ἀλλὰ καὶ ὧς Τελέοντος ἐὺς πάις, οἶος ἑταίρων",tlg0001.tlg001.perseus-grc2.xml
Argonautica,tlg001,4,913,"προφθάμενος, ξεστοῖο κατὰ ζυγοῦ ἔνθορε πόντῳ","προφθάμενος, ξεστοῖο κατὰ ζυγοῦ ἔνθορε πόντῳ",tlg0001.tlg001.perseus-grc2.xml
Argonautica,tlg001,4,914,"Βούτης, Σειρήνων λιγυρῇ ὀπὶ θυμὸν ἰανθείς·","Βούτης, Σειρήνων λιγυρῇ ὀπὶ θυμὸν ἰανθείς·",tlg0001.tlg001.perseus-grc2.xml
Argonautica,tlg001,4,915,"νῆχε δὲ πορφυρέοιο διʼ οἴδματος, ὄφρʼ ἐπιβαίη,","νῆχε δὲ πορφυρέοιο δι’ οἴδματος, ὄφρ’ ἐπιβαίη,",tlg0001.tlg001.perseus-grc2.xml
Argonautica,tlg001,4,916,"σχέτλιος. ἦ τέ οἱ αἶψα καταυτόθι νόστον ἀπηύρων,","σχέτλιος. ἦ τέ οἱ αἶψα καταυτόθι νόστον ἀπηύρων,",tlg0001.tlg001.perseus-grc2.xml
Argonautica,tlg001,4,917,ἀλλά μιν οἰκτείρασα θεὰ Ἔρυκος μεδέουσα,ἀλλά μιν οἰκτείρασα θεὰ Ἔρυκος μεδέουσα,tlg0001.tlg001.perseus-grc2.xml
Argonautica,tlg001,4,918,"Κύπρις ἔτʼ ἐν δίναις ἀνερέψατο, καί ῥʼ ἐσάωσεν","Κύπρις ἔτ’ ἐν δίναις ἀνερέψατο, καί ῥ’ ἐσάωσεν",tlg0001.tlg001.perseus-grc2.xml
Argonautica,tlg001,4,919,πρόφρων ἀντομένη Λιλυβηίδα ναιέμεν ἄκρην.,πρόφρων ἀντομένη Λιλυβηίδα ναιέμεν ἄκρην.,tlg0001.tlg001.perseus-grc2.xml
Argonautica,tlg001,4,920,"οἱ δʼ ἄχεϊ σχόμενοι τὰς μὲν λίπον, ἄλλα δʼ ὄπαζον","οἱ δ’ ἄχεϊ σχόμενοι τὰς μὲν λίπον, ἄλλα δ’ ὄπαζον",tlg0001.tlg001.perseus-grc2.xml
Argonautica,tlg001,4,921,κύντερα μιξοδίῃσιν ἁλὸς ῥαιστήρια νηῶν.,κύντερα μιξοδίῃσιν ἁλὸς ῥαιστήρια νηῶν.,tlg0001.tlg001.perseus-grc2.xml
Argonautica,tlg001,4,922,τῇ μὲν γὰρ Σκύλλης λισσὴ προυφαίνετο πέτρη·,τῇ μὲν γὰρ Σκύλλης λισσὴ προυφαίνετο πέτρη·,tlg0001.tlg001.perseus-grc2.xml
Argonautica,tlg001,4,923,τῇ δʼ ἄμοτον βοάασκεν ἀναβλύζουσα Χάρυβδις·,τῇ δ’ ἄμοτον βοάασκεν ἀναβλύζουσα Χάρυβδις·,tlg0001.tlg001.perseus-grc2.xml
Argonautica,tlg001,4,924,ἄλλοθι δὲ Πλαγκταὶ μεγάλῳ ὑπὸ κύματι πέτραι,ἄλλοθι δὲ Πλαγκταὶ μεγάλῳ ὑπὸ κύματι πέτραι,tlg0001.tlg001.perseus-grc2.xml
Argonautica,tlg001,4,925,"ῥόχθεον, ᾗχι πάροιθεν ἀπέπτυεν αἰθομένη φλὸξ","ῥόχθεον, ᾗχι πάροιθεν ἀπέπτυεν αἰθομένη φλὸξ",tlg0001.tlg001.perseus-grc2.xml
Argonautica,tlg001,4,926,"ἄκρων ἐκ σκοπέλων, πυριθαλπέος ὑψόθι πέτρης,","ἄκρων ἐκ σκοπέλων, πυριθαλπέος ὑψόθι πέτρης,",tlg0001.tlg001.perseus-grc2.xml
Argonautica,tlg001,4,927,"καπνῷ δʼ ἀχλυόεις αἰθὴρ πέλεν, οὐδέ κεν αὐγὰς","καπνῷ δ’ ἀχλυόεις αἰθὴρ πέλεν, οὐδέ κεν αὐγὰς",tlg0001.tlg001.perseus-grc2.xml
Argonautica,tlg001,4,928,ἔδρακες ἠελίοιο. τότʼ αὖ λήξαντος ἀπʼ ἔργων,ἔδρακες ἠελίοιο. τότ’ αὖ λήξαντος ἀπ’ ἔργων,tlg0001.tlg001.perseus-grc2.xml
Argonautica,tlg001,4,929,Ἡφαίστου θερμὴν ἔτι κήκιε πόντος ἀυτμήν.,Ἡφαίστου θερμὴν ἔτι κήκιε πόντος ἀυτμήν.,tlg0001.tlg001.perseus-grc2.xml
Argonautica,tlg001,4,930,ἔνθα σφιν κοῦραι Νηρηίδες ἄλλοθεν ἄλλαι,ἔνθα σφιν κοῦραι Νηρηίδες ἄλλοθεν ἄλλαι,tlg0001.tlg001.perseus-grc2.xml
Argonautica,tlg001,4,931,ἤντεον· ἡ δʼ ὄπιθεν πτέρυγος θίγε πηδαλίοιο,ἤντεον· ἡ δ’ ὄπιθεν πτέρυγος θίγε πηδαλίοιο,tlg0001.tlg001.perseus-grc2.xml
Argonautica,tlg001,4,932,"δῖα Θέτις, Πλαγκτῇσιν ἐνὶ σπιλάδεσσιν ἐρύσσαι.","δῖα Θέτις, Πλαγκτῇσιν ἐνὶ σπιλάδεσσιν ἐρύσσαι.",tlg0001.tlg001.perseus-grc2.xml
Argonautica,tlg001,4,933,ὡς δʼ ὁπόταν δελφῖνες ὑπὲξ ἁλὸς εὐδιόωντες,ὡς δ’ ὁπόταν δελφῖνες ὑπὲξ ἁλὸς εὐδιόωντες,tlg0001.tlg001.perseus-grc2.xml
Argonautica,tlg001,4,934,"σπερχομένην ἀγεληδὸν ἑλίσσωνται περὶ νῆα,","σπερχομένην ἀγεληδὸν ἑλίσσωνται περὶ νῆα,",tlg0001.tlg001.perseus-grc2.xml
Argonautica,tlg001,4,935,"ἄλλοτε μὲν προπάροιθεν ὁρώμενοι, ἄλλοτʼ ὄπισθεν,","ἄλλοτε μὲν προπάροιθεν ὁρώμενοι, ἄλλοτ’ ὄπισθεν,",tlg0001.tlg001.perseus-grc2.xml
Argonautica,tlg001,4,936,"ἄλλοτε παρβολάδην, ναύτῃσι δὲ χάρμα τέτυκται·","ἄλλοτε παρβολάδην, ναύτῃσι δὲ χάρμα τέτυκται·",tlg0001.tlg001.perseus-grc2.xml
Argonautica,tlg001,4,937,ὧς αἱ ὑπεκπροθέουσαι ἐπήτριμοι εἱλίσσοντο,ὧς αἱ ὑπεκπροθέουσαι ἐπήτριμοι εἱλίσσοντο,tlg0001.tlg001.perseus-grc2.xml
Argonautica,tlg001,4,938,"Ἀργῴῃ περὶ νηί, Θέτις δʼ ἴθυνε κέλευθον.","Ἀργῴῃ περὶ νηί, Θέτις δ’ ἴθυνε κέλευθον.",tlg0001.tlg001.perseus-grc2.xml
Argonautica,tlg001,4,939,"καί ῥʼ ὅτε δὴ Πλαγκτῇσιν ἐνιχρίμψεσθαι ἔμελλον,","καί ῥ’ ὅτε δὴ Πλαγκτῇσιν ἐνιχρίμψεσθαι ἔμελλον,",tlg0001.tlg001.perseus-grc2.xml
Argonautica,tlg001,4,940,"αὐτίκʼ ἀνασχόμεναι λευκοῖς ἐπὶ γούνασι πέζας,","αὐτίκ’ ἀνασχόμεναι λευκοῖς ἐπὶ γούνασι πέζας,",tlg0001.tlg001.perseus-grc2.xml
Argonautica,tlg001,4,941,ὑψοῦ ἐπʼ αὐτάων σπιλάδων καὶ κύματος ἀγῆς,ὑψοῦ ἐπ’ αὐτάων σπιλάδων καὶ κύματος ἀγῆς,tlg0001.tlg001.perseus-grc2.xml
Argonautica,tlg001,4,942,ῥώοντʼ ἔνθα καὶ ἔνθα διασταδὸν ἀλλήλῃσιν.,ῥώοντ’ ἔνθα καὶ ἔνθα διασταδὸν ἀλλήλῃσιν.,tlg0001.tlg001.perseus-grc2.xml
Argonautica,tlg001,4,943,τὴν δὲ παρηορίην κόπτεν ῥόος· ἀμφὶ δὲ κῦμα,τὴν δὲ παρηορίην κόπτεν ῥόος· ἀμφὶ δὲ κῦμα,tlg0001.tlg001.perseus-grc2.xml
Argonautica,tlg001,4,944,"λάβρον ἀειρόμενον πέτραις ἐπικαχλάζεσκεν,","λάβρον ἀειρόμενον πέτραις ἐπικαχλάζεσκεν,",tlg0001.tlg001.perseus-grc2.xml
Argonautica,tlg001,4,945,"αἵ θʼ ὁτὲ μὲν κρημνοῖς ἐναλίγκιαι ἠέρι κῦρον,","αἵ θ’ ὁτὲ μὲν κρημνοῖς ἐναλίγκιαι ἠέρι κῦρον,",tlg0001.tlg001.perseus-grc2.xml
Argonautica,tlg001,4,946,ἄλλοτε δὲ βρύχιαι νεάτῳ ὑπὸ πυθμένι πόντου,ἄλλοτε δὲ βρύχιαι νεάτῳ ὑπὸ πυθμένι πόντου,tlg0001.tlg001.perseus-grc2.xml
Argonautica,tlg001,4,947,"ἠρήρειν, τὸ δὲ πολλὸν ὑπείρεχεν ἄγριον οἶδμα.","ἠρήρειν, τὸ δὲ πολλὸν ὑπείρεχεν ἄγριον οἶδμα.",tlg0001.tlg001.perseus-grc2.xml
Argonautica,tlg001,4,948,"αἱ δʼ, ὥστʼ ἠμαθόεντος ἐπισχεδὸν αἰγιαλοῖο","αἱ δ’, ὥστ’ ἠμαθόεντος ἐπισχεδὸν αἰγιαλοῖο",tlg0001.tlg001.perseus-grc2.xml
Argonautica,tlg001,4,949,"παρθενικαί, δίχα κόλπον ἐπʼ ἰξύας εἱλίξασαι","παρθενικαί, δίχα κόλπον ἐπ’ ἰξύας εἱλίξασαι",tlg0001.tlg001.perseus-grc2.xml
Argonautica,tlg001,4,950,σφαίρῃ ἀθύρουσιν περιηγέι· αἱ μὲν ἔπειτα,σφαίρῃ ἀθύρουσιν περιηγέι· αἱ μὲν ἔπειτα,tlg0001.tlg001.perseus-grc2.xml
Argonautica,tlg001,4,951,ἄλλη ὑπʼ ἐξ ἄλλης δέχεται καὶ ἐς ἠέρα πέμπει,ἄλλη ὑπ’ ἐξ ἄλλης δέχεται καὶ ἐς ἠέρα πέμπει,tlg0001.tlg001.perseus-grc2.xml
Argonautica,tlg001,4,952,ὕψι μεταχρονίην· ἡ δʼ οὔποτε πίλναται οὔδει·,ὕψι μεταχρονίην· ἡ δ’ οὔποτε πίλναται οὔδει·,tlg0001.tlg001.perseus-grc2.xml
Argonautica,tlg001,4,953,ὧς αἱ νῆα θέουσαν ἀμοιβαδὶς ἄλλοθεν ἄλλη,ὧς αἱ νῆα θέουσαν ἀμοιβαδὶς ἄλλοθεν ἄλλη,tlg0001.tlg001.perseus-grc2.xml
Argonautica,tlg001,4,954,"πέμπε διηερίην ἐπὶ κύμασιν, αἰὲν ἄπωθεν","πέμπε διηερίην ἐπὶ κύμασιν, αἰὲν ἄπωθεν",tlg0001.tlg001.perseus-grc2.xml
Argonautica,tlg001,4,955,πετράων· περὶ δέ σφιν ἐρευγόμενον ζέεν ὕδωρ.,πετράων· περὶ δέ σφιν ἐρευγόμενον ζέεν ὕδωρ.,tlg0001.tlg001.perseus-grc2.xml
Argonautica,tlg001,4,956,τὰς δὲ καὶ αὐτὸς ἄναξ κορυφῆς ἔπι λισσάδος ἄκρης,τὰς δὲ καὶ αὐτὸς ἄναξ κορυφῆς ἔπι λισσάδος ἄκρης,tlg0001.tlg001.perseus-grc2.xml
Argonautica,tlg001,4,957,ὀρθὸς ἐπὶ στελεῇ τυπίδος βαρὺν ὦμον ἐρείσας,ὀρθὸς ἐπὶ στελεῇ τυπίδος βαρὺν ὦμον ἐρείσας,tlg0001.tlg001.perseus-grc2.xml
Argonautica,tlg001,4,958,"Ἥφαιστος θηεῖτο, καὶ αἰγλήεντος ὕπερθεν","Ἥφαιστος θηεῖτο, καὶ αἰγλήεντος ὕπερθεν",tlg0001.tlg001.perseus-grc2.xml
Argonautica,tlg001,4,959,οὐρανοῦ ἑστηυῖα Διὸς δάμαρ· ἀμφὶ δʼ Ἀθήνῃ,οὐρανοῦ ἑστηυῖα Διὸς δάμαρ· ἀμφὶ δ’ Ἀθήνῃ,tlg0001.tlg001.perseus-grc2.xml
Argonautica,tlg001,4,960,"βάλλε χέρας, τοῖόν μιν ἔχεν δέος εἰσορόωσαν.","βάλλε χέρας, τοῖόν μιν ἔχεν δέος εἰσορόωσαν.",tlg0001.tlg001.perseus-grc2.xml
Argonautica,tlg001,4,961,"ὅσση δʼ εἰαρινοῦ μηκύνεται ἤματος αἶσα,","ὅσση δ’ εἰαρινοῦ μηκύνεται ἤματος αἶσα,",tlg0001.tlg001.perseus-grc2.xml
Argonautica,tlg001,4,962,"τοσσάτιον μογέεσκον ἐπὶ χρόνον, ὀχλίζουσαι","τοσσάτιον μογέεσκον ἐπὶ χρόνον, ὀχλίζουσαι",tlg0001.tlg001.perseus-grc2.xml
Argonautica,tlg001,4,963,νῆα διὲκ πέτρας πολυηχέας· οἱ δʼ ἀνέμοιο,νῆα διὲκ πέτρας πολυηχέας· οἱ δ’ ἀνέμοιο,tlg0001.tlg001.perseus-grc2.xml
Argonautica,tlg001,4,964,αὖτις ἐπαυρόμενοι προτέρω θέον· ὦκα δʼ ἄμειβον,αὖτις ἐπαυρόμενοι προτέρω θέον· ὦκα δ’ ἄμειβον,tlg0001.tlg001.perseus-grc2.xml
Argonautica,tlg001,4,965,"Θρινακίης λειμῶνα, βοῶν τροφὸν Ἠελίοιο.","Θρινακίης λειμῶνα, βοῶν τροφὸν Ἠελίοιο.",tlg0001.tlg001.perseus-grc2.xml
Argonautica,tlg001,4,966,ἔνθʼ αἱ μὲν κατὰ βένθος ἀλίγκιαι αἰθυίῃσιν,ἔνθ’ αἱ μὲν κατὰ βένθος ἀλίγκιαι αἰθυίῃσιν,tlg0001.tlg001.perseus-grc2.xml
Argonautica,tlg001,4,967,"δῦνον, ἐπεί ῥʼ ἀλόχοιο Διὸς πόρσυνον ἐφετμάς.","δῦνον, ἐπεί ῥ’ ἀλόχοιο Διὸς πόρσυνον ἐφετμάς.",tlg0001.tlg001.perseus-grc2.xml
Argonautica,tlg001,4,968,"τοὺς δʼ ἄμυδις βληχή τε διʼ ἠέρος ἵκετο μήλων,","τοὺς δ’ ἄμυδις βληχή τε δι’ ἠέρος ἵκετο μήλων,",tlg0001.tlg001.perseus-grc2.xml
Argonautica,tlg001,4,969,μυκηθμός τε βοῶν αὐτοσχεδὸν οὔατʼ ἔβαλλεν.,μυκηθμός τε βοῶν αὐτοσχεδὸν οὔατ’ ἔβαλλεν.,tlg0001.tlg001.perseus-grc2.xml
Argonautica,tlg001,4,970,καὶ τὰ μὲν ἑρσήεντα κατὰ δρία ποιμαίνεσκεν,καὶ τὰ μὲν ἑρσήεντα κατὰ δρία ποιμαίνεσκεν,tlg0001.tlg001.perseus-grc2.xml
Argonautica,tlg001,4,971,"ὁπλοτέρη Φαέθουσα θυγατρῶν Ἠελίοιο,","ὁπλοτέρη Φαέθουσα θυγατρῶν Ἠελίοιο,",tlg0001.tlg001.perseus-grc2.xml
Argonautica,tlg001,4,972,ἀργύρεον χαῖον παλάμῃ ἔνι πηχύνουσα·,ἀργύρεον χαῖον παλάμῃ ἔνι πηχύνουσα·,tlg0001.tlg001.perseus-grc2.xml
Argonautica,tlg001,4,973,Λαμπετίη δʼ ἐπὶ βουσὶν ὀρειχάλκοιο φαεινοῦ,Λαμπετίη δ’ ἐπὶ βουσὶν ὀρειχάλκοιο φαεινοῦ,tlg0001.tlg001.perseus-grc2.xml
Argonautica,tlg001,4,974,πάλλεν ὀπηδεύουσα καλαύροπα. τὰς δὲ καὶ αὐτοὶ,πάλλεν ὀπηδεύουσα καλαύροπα. τὰς δὲ καὶ αὐτοὶ,tlg0001.tlg001.perseus-grc2.xml
Argonautica,tlg001,4,975,βοσκομένας ποταμοῖο παρʼ ὕδασιν εἰσορόωντο,βοσκομένας ποταμοῖο παρ’ ὕδασιν εἰσορόωντο,tlg0001.tlg001.perseus-grc2.xml
Argonautica,tlg001,4,976,ἂμ πεδίον καὶ ἕλος λειμώνιον· οὐδέ τις ἦεν,ἂμ πεδίον καὶ ἕλος λειμώνιον· οὐδέ τις ἦεν,tlg0001.tlg001.perseus-grc2.xml
Argonautica,tlg001,4,977,"κυανέη μετὰ τῇσι δέμας, πᾶσαι δὲ γάλακτι","κυανέη μετὰ τῇσι δέμας, πᾶσαι δὲ γάλακτι",tlg0001.tlg001.perseus-grc2.xml
Argonautica,tlg001,4,978,"εἰδόμεναι, χρυσέοισι κεράασι κυδιάασκον.","εἰδόμεναι, χρυσέοισι κεράασι κυδιάασκον.",tlg0001.tlg001.perseus-grc2.xml
Argonautica,tlg001,4,979,καὶ μὲν τὰς παράμειβον ἐπʼ ἤματι· νυκτὶ δʼ ἰούσῃ,καὶ μὲν τὰς παράμειβον ἐπ’ ἤματι· νυκτὶ δ’ ἰούσῃ,tlg0001.tlg001.perseus-grc2.xml
Argonautica,tlg001,4,980,"πεῖρον ἁλὸς μέγα λαῖτμα κεχαρμένοι, ὄφρα καὶ αὖτις","πεῖρον ἁλὸς μέγα λαῖτμα κεχαρμένοι, ὄφρα καὶ αὖτις",tlg0001.tlg001.perseus-grc2.xml
Argonautica,tlg001,4,981,Ἠὼς ἠριγενὴς φέγγος βάλε νισσομένοισιν.,Ἠὼς ἠριγενὴς φέγγος βάλε νισσομένοισιν.,tlg0001.tlg001.perseus-grc2.xml
Argonautica,tlg001,4,982,ἔστι δέ τις πορθμοῖο παροιτέρη Ἰονίοιο,ἔστι δέ τις πορθμοῖο παροιτέρη Ἰονίοιο,tlg0001.tlg001.perseus-grc2.xml
Argonautica,tlg001,4,983,"ἀμφιλαφὴς πίειρα Κεραυνίῃ εἰν ἁλὶ νῆσος,","ἀμφιλαφὴς πίειρα Κεραυνίῃ εἰν ἁλὶ νῆσος,",tlg0001.tlg001.perseus-grc2.xml
Argonautica,tlg001,4,984,"ᾗ ὕπο δὴ κεῖσθαι δρέπανον φάτις—ἵλατε Μοῦσαι,","ᾗ ὕπο δὴ κεῖσθαι δρέπανον φάτις—ἵλατε Μοῦσαι,",tlg0001.tlg001.perseus-grc2.xml
Argonautica,tlg001,4,985,οὐκ ἐθέλων ἐνέπω προτέρων ἔπος—ᾧ ἀπὸ πατρὸς,οὐκ ἐθέλων ἐνέπω προτέρων ἔπος—ᾧ ἀπὸ πατρὸς,tlg0001.tlg001.perseus-grc2.xml
Argonautica,tlg001,4,986,μήδεα νηλειῶς ἔταμεν Κρόνος· οἱ δέ ἑ Δηοῦς,μήδεα νηλειῶς ἔταμεν Κρόνος· οἱ δέ ἑ Δηοῦς,tlg0001.tlg001.perseus-grc2.xml
Argonautica,tlg001,4,987,κλείουσι χθονίης καλαμητόμον ἔμμεναι ἅρπην.,κλείουσι χθονίης καλαμητόμον ἔμμεναι ἅρπην.,tlg0001.tlg001.perseus-grc2.xml
Argonautica,tlg001,4,988,"Δηὼ γὰρ κείνῃ ἐνὶ δή ποτε νάσσατο γαίῃ,","Δηὼ γὰρ κείνῃ ἐνὶ δή ποτε νάσσατο γαίῃ,",tlg0001.tlg001.perseus-grc2.xml
Argonautica,tlg001,4,989,"Τιτῆνας δʼ ἔδαε στάχυν ὄμπνιον ἀμήσασθαι,","Τιτῆνας δ’ ἔδαε στάχυν ὄμπνιον ἀμήσασθαι,",tlg0001.tlg001.perseus-grc2.xml
Argonautica,tlg001,4,990,Μάκριδα φιλαμένη. Δρεπάνη τόθεν ἐκλήισται,Μάκριδα φιλαμένη. Δρεπάνη τόθεν ἐκλήισται,tlg0001.tlg001.perseus-grc2.xml
Argonautica,tlg001,4,991,"οὔνομα, Φαιήκων ἱερὴ τροφός· ὧς δὲ καὶ αὐτοὶ","οὔνομα, Φαιήκων ἱερὴ τροφός· ὧς δὲ καὶ αὐτοὶ",tlg0001.tlg001.perseus-grc2.xml
Argonautica,tlg001,4,992,αἵματος Οὐρανίοιο γένος Φαίηκες ἔασιν.,αἵματος Οὐρανίοιο γένος Φαίηκες ἔασιν.,tlg0001.tlg001.perseus-grc2.xml
Argonautica,tlg001,4,993,τοὺς Ἀργὼ πολέεσσιν ἐνισχομένη καμάτοισιν,τοὺς Ἀργὼ πολέεσσιν ἐνισχομένη καμάτοισιν,tlg0001.tlg001.perseus-grc2.xml
Argonautica,tlg001,4,994,Θρινακίης αὔρῃς ἵκετʼ ἐξ ἁλός· οἱ δʼ ἀγανῇσιν,Θρινακίης αὔρῃς ἵκετ’ ἐξ ἁλός· οἱ δ’ ἀγανῇσιν,tlg0001.tlg001.perseus-grc2.xml
Argonautica,tlg001,4,995,Ἀλκίνοος λαοί τε θυηπολίῃσιν ἰόντας,Ἀλκίνοος λαοί τε θυηπολίῃσιν ἰόντας,tlg0001.tlg001.perseus-grc2.xml
Argonautica,tlg001,4,996,δειδέχατʼ ἀσπασίως· ἐπὶ δέ σφισι καγχαλάασκεν,δειδέχατ’ ἀσπασίως· ἐπὶ δέ σφισι καγχαλάασκεν,tlg0001.tlg001.perseus-grc2.xml
Argonautica,tlg001,4,997,πᾶσα πόλις· φαίης κεν ἑοῖς ἐπὶ παισὶ γάνυσθαι.,πᾶσα πόλις· φαίης κεν ἑοῖς ἐπὶ παισὶ γάνυσθαι.,tlg0001.tlg001.perseus-grc2.xml
Argonautica,tlg001,4,998,"καὶ δʼ αὐτοὶ ἥρωες ἀνὰ πληθὺν κεχάροντο,","καὶ δ’ αὐτοὶ ἥρωες ἀνὰ πληθὺν κεχάροντο,",tlg0001.tlg001.perseus-grc2.xml
Argonautica,tlg001,4,999,"τῷ ἴκελοι, οἷόν τε μεσαιτάτῃ ἐμβεβαῶτες","τῷ ἴκελοι, οἷόν τε μεσαιτάτῃ ἐμβεβαῶτες",tlg0001.tlg001.perseus-grc2.xml
Argonautica,tlg001,4,1000,Αἱμονίῃ· μέλλον δὲ βοῇ ἔνι θωρήξεσθαι·,Αἱμονίῃ· μέλλον δὲ βοῇ ἔνι θωρήξεσθαι·,tlg0001.tlg001.perseus-grc2.xml
Argonautica,tlg001,4,1001,ὧδε μάλʼ ἀγχίμολον στρατὸς ἄσπετος ἐξεφαάνθη,ὧδε μάλ’ ἀγχίμολον στρατὸς ἄσπετος ἐξεφαάνθη,tlg0001.tlg001.perseus-grc2.xml
Argonautica,tlg001,4,1002,"Κόλχων, οἳ Πόντοιο κατὰ στόμα καὶ διὰ πέτρας","Κόλχων, οἳ Πόντοιο κατὰ στόμα καὶ διὰ πέτρας",tlg0001.tlg001.perseus-grc2.xml
Argonautica,tlg001,4,1003,Κυανέας μαστῆρες ἀριστήων ἐπέρησαν.,Κυανέας μαστῆρες ἀριστήων ἐπέρησαν.,tlg0001.tlg001.perseus-grc2.xml
Argonautica,tlg001,4,1004,Μήδειαν δʼ ἔξαιτον ἑοῦ ἐς πατρὸς ἄγεσθαι,Μήδειαν δ’ ἔξαιτον ἑοῦ ἐς πατρὸς ἄγεσθαι,tlg0001.tlg001.perseus-grc2.xml
Argonautica,tlg001,4,1005,"ἵεντʼ ἀπροφάτως, ἠὲ στονόεσσαν ἀυτὴν","ἵεντ’ ἀπροφάτως, ἠὲ στονόεσσαν ἀυτὴν",tlg0001.tlg001.perseus-grc2.xml
Argonautica,tlg001,4,1006,νωμήσειν χαλεπῇσιν ὁμόκλεον ἀτροπίῃσιν,νωμήσειν χαλεπῇσιν ὁμόκλεον ἀτροπίῃσιν,tlg0001.tlg001.perseus-grc2.xml
Argonautica,tlg001,4,1007,αὖθί τε καὶ μετέπειτα σὺν Αἰήταο κελεύθῳ.,αὖθί τε καὶ μετέπειτα σὺν Αἰήταο κελεύθῳ.,tlg0001.tlg001.perseus-grc2.xml
Argonautica,tlg001,4,1008,ἀλλά σφεας κατέρυκεν ἐπειγομένους πολέμοιο,ἀλλά σφεας κατέρυκεν ἐπειγομένους πολέμοιο,tlg0001.tlg001.perseus-grc2.xml
Argonautica,tlg001,4,1009,κρείων Ἀλκίνοος. λελίητο γὰρ ἀμφοτέροισιν,κρείων Ἀλκίνοος. λελίητο γὰρ ἀμφοτέροισιν,tlg0001.tlg001.perseus-grc2.xml
Argonautica,tlg001,4,1010,δηιοτῆτος ἄνευθεν ὑπέρβια νείκεα λῦσαι.,δηιοτῆτος ἄνευθεν ὑπέρβια νείκεα λῦσαι.,tlg0001.tlg001.perseus-grc2.xml
Argonautica,tlg001,4,1011,κούρη δʼ οὐλομένῳ ὑπὸ δείματι πολλὰ μὲν αὐτοὺς,κούρη δ’ οὐλομένῳ ὑπὸ δείματι πολλὰ μὲν αὐτοὺς,tlg0001.tlg001.perseus-grc2.xml
Argonautica,tlg001,4,1012,"Αἰσονίδεω ἑτάρους μειλίσσετο, πολλὰ δὲ χερσὶν","Αἰσονίδεω ἑτάρους μειλίσσετο, πολλὰ δὲ χερσὶν",tlg0001.tlg001.perseus-grc2.xml
Argonautica,tlg001,4,1013,Ἀρήτης γούνων ἀλόχου θίγεν Ἀλκινόοιο·,Ἀρήτης γούνων ἀλόχου θίγεν Ἀλκινόοιο·,tlg0001.tlg001.perseus-grc2.xml
Argonautica,tlg001,4,1014,"γουνοῦμαι, βασίλεια· σὺ δʼ ἵλαθι, μηδέ με Κόλχοις","γουνοῦμαι, βασίλεια· σὺ δ’ ἵλαθι, μηδέ με Κόλχοις",tlg0001.tlg001.perseus-grc2.xml
Argonautica,tlg001,4,1015,"ἐκδώῃς ᾧ πατρὶ κομιζέμεν, εἴ νυ καὶ αὐτὴ","ἐκδώῃς ᾧ πατρὶ κομιζέμεν, εἴ νυ καὶ αὐτὴ",tlg0001.tlg001.perseus-grc2.xml
Argonautica,tlg001,4,1016,"ἀνθρώπων γενεῆς μία φέρβεαι, οἷσιν ἐς ἄτην","ἀνθρώπων γενεῆς μία φέρβεαι, οἷσιν ἐς ἄτην",tlg0001.tlg001.perseus-grc2.xml
Argonautica,tlg001,4,1017,ὠκύτατος κούφῃσι θέει νόος ἀμπλακίῃσιν.,ὠκύτατος κούφῃσι θέει νόος ἀμπλακίῃσιν.,tlg0001.tlg001.perseus-grc2.xml
Argonautica,tlg001,4,1018,"ὡς ἐμοὶ ἐκ πυκιναὶ ἔπεσον φρένες, οὐ μὲν ἕκητι","ὡς ἐμοὶ ἐκ πυκιναὶ ἔπεσον φρένες, οὐ μὲν ἕκητι",tlg0001.tlg001.perseus-grc2.xml
Argonautica,tlg001,4,1019,"μαργοσύνης. ἴστω δʼ ἱερὸν φάος Ἠελίοιο,","μαργοσύνης. ἴστω δ’ ἱερὸν φάος Ἠελίοιο,",tlg0001.tlg001.perseus-grc2.xml
Argonautica,tlg001,4,1020,"ἴστω νυκτιπόλου Περσηίδος ὄργια κούρης,","ἴστω νυκτιπόλου Περσηίδος ὄργια κούρης,",tlg0001.tlg001.perseus-grc2.xml
Argonautica,tlg001,4,1021,μὴ μὲν ἐγὼν ἐθέλουσα σὺν ἀνδράσιν ἀλλοδαποῖσιν,μὴ μὲν ἐγὼν ἐθέλουσα σὺν ἀνδράσιν ἀλλοδαποῖσιν,tlg0001.tlg001.perseus-grc2.xml
Argonautica,tlg001,4,1022,κεῖθεν ἀφωρμήθην· στυγερὸν δέ με τάρβος ἔπεισεν,κεῖθεν ἀφωρμήθην· στυγερὸν δέ με τάρβος ἔπεισεν,tlg0001.tlg001.perseus-grc2.xml
Argonautica,tlg001,4,1023,"τῆσγε φυγῆς μνήσασθαι, ὅτʼ ἤλιτον· οὐδέ τις ἄλλη","τῆσγε φυγῆς μνήσασθαι, ὅτ’ ἤλιτον· οὐδέ τις ἄλλη",tlg0001.tlg001.perseus-grc2.xml
Argonautica,tlg001,4,1024,"μῆτις ἔην. ἔτι μοι μίτρη μένει, ὡς ἐνὶ πατρὸς","μῆτις ἔην. ἔτι μοι μίτρη μένει, ὡς ἐνὶ πατρὸς",tlg0001.tlg001.perseus-grc2.xml
Argonautica,tlg001,4,1025,"δώμασιν, ἄχραντος καὶ ἀκήρατος. ἀλλʼ ἐλέαιρε,","δώμασιν, ἄχραντος καὶ ἀκήρατος. ἀλλ’ ἐλέαιρε,",tlg0001.tlg001.perseus-grc2.xml
Argonautica,tlg001,4,1026,"πότνα, τεόν τε πόσιν μειλίσσεο· σοὶ δʼ ὀπάσειαν","πότνα, τεόν τε πόσιν μειλίσσεο· σοὶ δ’ ὀπάσειαν",tlg0001.tlg001.perseus-grc2.xml
Argonautica,tlg001,4,1027,ἀθάνατοι βίοτόν τε τελεσφόρον ἀγλαΐην τε,ἀθάνατοι βίοτόν τε τελεσφόρον ἀγλαΐην τε,tlg0001.tlg001.perseus-grc2.xml
Argonautica,tlg001,4,1028,καὶ παῖδας καὶ κῦδος ἀπορθήτοιο πόληος.,καὶ παῖδας καὶ κῦδος ἀπορθήτοιο πόληος.,tlg0001.tlg001.perseus-grc2.xml
Argonautica,tlg001,4,1029,τοῖα μὲν Ἀρήτην γουνάζετο δάκρυ χέουσα·,τοῖα μὲν Ἀρήτην γουνάζετο δάκρυ χέουσα·,tlg0001.tlg001.perseus-grc2.xml
Argonautica,tlg001,4,1030,τοῖα δʼ ἀριστήων ἐπαμοιβαδὶς ἄνδρα ἕκαστον·,τοῖα δ’ ἀριστήων ἐπαμοιβαδὶς ἄνδρα ἕκαστον·,tlg0001.tlg001.perseus-grc2.xml
Argonautica,tlg001,4,1031,"ὑμέων, ὦ πέρι δὴ μέγα φέρτατοι, ἀμφί τʼ ἀέθλοις","ὑμέων, ὦ πέρι δὴ μέγα φέρτατοι, ἀμφί τ’ ἀέθλοις",tlg0001.tlg001.perseus-grc2.xml
Argonautica,tlg001,4,1032,"ὧν κάμον ὑμετέροισιν, ἀτύζομαι· ἧς ἰότητι","ὧν κάμον ὑμετέροισιν, ἀτύζομαι· ἧς ἰότητι",tlg0001.tlg001.perseus-grc2.xml
Argonautica,tlg001,4,1033,"ταύρους τʼ ἐζεύξασθε, καὶ ἐκ θέρος οὐλοὸν ἀνδρῶν","ταύρους τ’ ἐζεύξασθε, καὶ ἐκ θέρος οὐλοὸν ἀνδρῶν",tlg0001.tlg001.perseus-grc2.xml
Argonautica,tlg001,4,1034,κείρατε γηγενέων· ἧς εἵνεκεν Αἱμονίηνδε,κείρατε γηγενέων· ἧς εἵνεκεν Αἱμονίηνδε,tlg0001.tlg001.perseus-grc2.xml
Argonautica,tlg001,4,1035,χρύσεον αὐτίκα κῶας ἀνάξετε νοστήσαντες.,χρύσεον αὐτίκα κῶας ἀνάξετε νοστήσαντες.,tlg0001.tlg001.perseus-grc2.xml
Argonautica,tlg001,4,1036,"ἥδʼ ἐγώ, ἣ πάτρην τε καὶ οὓς ὤλεσσα τοκῆας,","ἥδ’ ἐγώ, ἣ πάτρην τε καὶ οὓς ὤλεσσα τοκῆας,",tlg0001.tlg001.perseus-grc2.xml
Argonautica,tlg001,4,1037,"ἣ δόμον, ἣ σύμπασαν ἐυφροσύνην βιότοιο·","ἣ δόμον, ἣ σύμπασαν ἐυφροσύνην βιότοιο·",tlg0001.tlg001.perseus-grc2.xml
Argonautica,tlg001,4,1038,ὔμμι δὲ καὶ πάτρην καὶ δώματα ναιέμεν αὖτις,ὔμμι δὲ καὶ πάτρην καὶ δώματα ναιέμεν αὖτις,tlg0001.tlg001.perseus-grc2.xml
Argonautica,tlg001,4,1039,ἤνυσα· καὶ γλυκεροῖσιν ἔτʼ εἰσόψεσθε τοκῆας,ἤνυσα· καὶ γλυκεροῖσιν ἔτ’ εἰσόψεσθε τοκῆας,tlg0001.tlg001.perseus-grc2.xml
Argonautica,tlg001,4,1040,ὄμμασιν· αὐτὰρ ἐμοὶ ἀπὸ δὴ βαρὺς εἵλετο δαίμων,ὄμμασιν· αὐτὰρ ἐμοὶ ἀπὸ δὴ βαρὺς εἵλετο δαίμων,tlg0001.tlg001.perseus-grc2.xml
Argonautica,tlg001,4,1041,ἀγλαΐας· στυγερὴ δὲ σὺν ὀθνείοις ἀλάλημαι.,ἀγλαΐας· στυγερὴ δὲ σὺν ὀθνείοις ἀλάλημαι.,tlg0001.tlg001.perseus-grc2.xml
Argonautica,tlg001,4,1042,"δείσατε συνθεσίας τε καὶ ὅρκια, δείσατʼ Ἐρινὺν","δείσατε συνθεσίας τε καὶ ὅρκια, δείσατ’ Ἐρινὺν",tlg0001.tlg001.perseus-grc2.xml
Argonautica,tlg001,4,1043,"Ἱκεσίην, νέμεσίν τε θεῶν, ἐς χεῖρας ἰοῦσαν","Ἱκεσίην, νέμεσίν τε θεῶν, ἐς χεῖρας ἰοῦσαν",tlg0001.tlg001.perseus-grc2.xml
Argonautica,tlg001,4,1044,Αἰήτεω λώβῃ πολυπήμονι δῃωθῆναι.,Αἰήτεω λώβῃ πολυπήμονι δῃωθῆναι.,tlg0001.tlg001.perseus-grc2.xml
Argonautica,tlg001,4,1045,"οὐ νηούς, οὐ πύργον ἐπίρροθον, οὐκ ἀλεωρὴν","οὐ νηούς, οὐ πύργον ἐπίρροθον, οὐκ ἀλεωρὴν",tlg0001.tlg001.perseus-grc2.xml
Argonautica,tlg001,4,1046,"ἄλλην, οἰόθι δὲ προτιβάλλομαι ὑμέας αὐτους.","ἄλλην, οἰόθι δὲ προτιβάλλομαι ὑμέας αὐτους.",tlg0001.tlg001.perseus-grc2.xml
Argonautica,tlg001,4,1047,σχέτλιοι ἀτροπίης καὶ ἀνηλέες· οὐδʼ ἐνὶ θυμῷ,σχέτλιοι ἀτροπίης καὶ ἀνηλέες· οὐδ’ ἐνὶ θυμῷ,tlg0001.tlg001.perseus-grc2.xml
Argonautica,tlg001,4,1048,αἰδεῖσθε ξείνης μʼ ἐπὶ γούνατα χεῖρας ἀνάσσης,αἰδεῖσθε ξείνης μ’ ἐπὶ γούνατα χεῖρας ἀνάσσης,tlg0001.tlg001.perseus-grc2.xml
Argonautica,tlg001,4,1049,"δερκόμενοι τείνουσαν ἀμήχανον· ἀλλά κε πᾶσιν,","δερκόμενοι τείνουσαν ἀμήχανον· ἀλλά κε πᾶσιν,",tlg0001.tlg001.perseus-grc2.xml
Argonautica,tlg001,4,1050,"κῶας ἑλεῖν μεμαῶτες, ἐμίξατε δούρατα Κόλχοις","κῶας ἑλεῖν μεμαῶτες, ἐμίξατε δούρατα Κόλχοις",tlg0001.tlg001.perseus-grc2.xml
Argonautica,tlg001,4,1051,αὐτῷ τʼ Αἰήτῃ ὑπερήνορι· νῦν δʼ ἐλάθεσθε,αὐτῷ τ’ Αἰήτῃ ὑπερήνορι· νῦν δ’ ἐλάθεσθε,tlg0001.tlg001.perseus-grc2.xml
Argonautica,tlg001,4,1052,"ἠνορέης, ὅτε μοῦνοι ἀποτμηγέντες ἔασιν.","ἠνορέης, ὅτε μοῦνοι ἀποτμηγέντες ἔασιν.",tlg0001.tlg001.perseus-grc2.xml
Argonautica,tlg001,4,1053,"ὧς φάτο λισσομένη· τῶν δʼ ὅντινα γουνάζοιτο,","ὧς φάτο λισσομένη· τῶν δ’ ὅντινα γουνάζοιτο,",tlg0001.tlg001.perseus-grc2.xml
Argonautica,tlg001,4,1054,ὅς μιν θαρσύνεσκεν ἐρητύων ἀχέουσαν.,ὅς μιν θαρσύνεσκεν ἐρητύων ἀχέουσαν.,tlg0001.tlg001.perseus-grc2.xml
Argonautica,tlg001,4,1055,"σεῖον δʼ ἐγχείας εὐήκεας ἐν παλάμῃσιν,","σεῖον δ’ ἐγχείας εὐήκεας ἐν παλάμῃσιν,",tlg0001.tlg001.perseus-grc2.xml
Argonautica,tlg001,4,1056,φάσγανά τʼ ἐκ κολεῶν. οὐδὲ σχήσεσθαι ἀρωγῆς,φάσγανά τ’ ἐκ κολεῶν. οὐδὲ σχήσεσθαι ἀρωγῆς,tlg0001.tlg001.perseus-grc2.xml
Argonautica,tlg001,4,1057,"ἔννεπον, εἴ κε δίκης ἀλιτήμονος ἀντιάσειεν.","ἔννεπον, εἴ κε δίκης ἀλιτήμονος ἀντιάσειεν.",tlg0001.tlg001.perseus-grc2.xml
Argonautica,tlg001,4,1058,στρευγομένοις δʼ ἀνʼ ὅμιλον ἐπήλυθεν εὐνήτειρα,στρευγομένοις δ’ ἀν’ ὅμιλον ἐπήλυθεν εὐνήτειρα,tlg0001.tlg001.perseus-grc2.xml
Argonautica,tlg001,4,1059,"νὺξ ἔργων ἄνδρεσσι, κατευκήλησε δὲ πᾶσαν","νὺξ ἔργων ἄνδρεσσι, κατευκήλησε δὲ πᾶσαν",tlg0001.tlg001.perseus-grc2.xml
Argonautica,tlg001,4,1060,"γαῖαν ὁμῶς· τὴν δʼ οὔτι μίνυνθά περ εὔνασεν ὕπνος,","γαῖαν ὁμῶς· τὴν δ’ οὔτι μίνυνθά περ εὔνασεν ὕπνος,",tlg0001.tlg001.perseus-grc2.xml
Argonautica,tlg001,4,1061,ἀλλά οἱ ἐν στέρνοις ἀχέων εἱλίσσετο θυμός.,ἀλλά οἱ ἐν στέρνοις ἀχέων εἱλίσσετο θυμός.,tlg0001.tlg001.perseus-grc2.xml
Argonautica,tlg001,4,1062,οἷον ὅτε κλωστῆρα γυνὴ ταλαεργὸς ἑλίσσει,οἷον ὅτε κλωστῆρα γυνὴ ταλαεργὸς ἑλίσσει,tlg0001.tlg001.perseus-grc2.xml
Argonautica,tlg001,4,1063,ἐννυχίη· τῇ δʼ ἀμφὶ κινύρεται ὀρφανὰ τέκνα,ἐννυχίη· τῇ δ’ ἀμφὶ κινύρεται ὀρφανὰ τέκνα,tlg0001.tlg001.perseus-grc2.xml
Argonautica,tlg001,4,1064,χηροσύνῃ πόσιος· σταλάει δʼ ὑπὸ δάκρυ παρειὰς,χηροσύνῃ πόσιος· σταλάει δ’ ὑπὸ δάκρυ παρειὰς,tlg0001.tlg001.perseus-grc2.xml
Argonautica,tlg001,4,1065,"μνωομένης, οἵη μιν ἐπὶ σμυγερὴ λάβεν αἶσα·","μνωομένης, οἵη μιν ἐπὶ σμυγερὴ λάβεν αἶσα·",tlg0001.tlg001.perseus-grc2.xml
Argonautica,tlg001,4,1066,ὧς τῆς ἰκμαίνοντο παρηίδες· ἐν δέ οἱ ἦτορ,ὧς τῆς ἰκμαίνοντο παρηίδες· ἐν δέ οἱ ἦτορ,tlg0001.tlg001.perseus-grc2.xml
Argonautica,tlg001,4,1067,ὀξείῃς εἰλεῖτο πεπαρμένον ἀμφʼ ὀδύνῃσιν.,ὀξείῃς εἰλεῖτο πεπαρμένον ἀμφ’ ὀδύνῃσιν.,tlg0001.tlg001.perseus-grc2.xml
Argonautica,tlg001,4,1068,"τὼ δʼ ἔντοσθε δόμοιο κατὰ πτόλιν, ὡς τὸ πάροιθεν,","τὼ δ’ ἔντοσθε δόμοιο κατὰ πτόλιν, ὡς τὸ πάροιθεν,",tlg0001.tlg001.perseus-grc2.xml
Argonautica,tlg001,4,1069,κρείων Ἀλκίνοος πολυπότνιά τʼ Ἀλκινόοιο,κρείων Ἀλκίνοος πολυπότνιά τ’ Ἀλκινόοιο,tlg0001.tlg001.perseus-grc2.xml
Argonautica,tlg001,4,1070,"Ἀρήτη ἄλοχος, κούρης πέρι μητιάασκον","Ἀρήτη ἄλοχος, κούρης πέρι μητιάασκον",tlg0001.tlg001.perseus-grc2.xml
Argonautica,tlg001,4,1071,οἷσιν ἐνὶ λεχέεσσι διὰ κνέφας· οἷα δʼ ἀκοίτην,οἷσιν ἐνὶ λεχέεσσι διὰ κνέφας· οἷα δ’ ἀκοίτην,tlg0001.tlg001.perseus-grc2.xml
Argonautica,tlg001,4,1072,κουρίδιον θαλεροῖσι δάμαρ προσπτύσσετο μύθοις·,κουρίδιον θαλεροῖσι δάμαρ προσπτύσσετο μύθοις·,tlg0001.tlg001.perseus-grc2.xml
Argonautica,tlg001,4,1073,"ναὶ φίλος, εἰ δʼ ἄγε μοι πολυκηδέα ῥύεο Κόλχων","ναὶ φίλος, εἰ δ’ ἄγε μοι πολυκηδέα ῥύεο Κόλχων",tlg0001.tlg001.perseus-grc2.xml
Argonautica,tlg001,4,1074,"παρθενικήν, Μινύῃσι φέρων χάριν. ἐγγύθι δʼ Ἄργος","παρθενικήν, Μινύῃσι φέρων χάριν. ἐγγύθι δ’ Ἄργος",tlg0001.tlg001.perseus-grc2.xml
Argonautica,tlg001,4,1075,ἡμετέρης νήσοιο καὶ ἀνέρες Αἱμονιῆες·,ἡμετέρης νήσοιο καὶ ἀνέρες Αἱμονιῆες·,tlg0001.tlg001.perseus-grc2.xml
Argonautica,tlg001,4,1076,"Αἰήτης δʼ οὔτʼ ἂρ ναίει σχεδόν, οὐδέ τι ἴδμεν","Αἰήτης δ’ οὔτ’ ἂρ ναίει σχεδόν, οὐδέ τι ἴδμεν",tlg0001.tlg001.perseus-grc2.xml
Argonautica,tlg001,4,1077,"Αἰήτην, ἀλλʼ οἶον ἀκούομεν· ἥδε δὲ κούρη","Αἰήτην, ἀλλ’ οἶον ἀκούομεν· ἥδε δὲ κούρη",tlg0001.tlg001.perseus-grc2.xml
Argonautica,tlg001,4,1078,αἰνοπαθὴς κατά μοι νόον ἔκλασεν ἀντιόωσα.,αἰνοπαθὴς κατά μοι νόον ἔκλασεν ἀντιόωσα.,tlg0001.tlg001.perseus-grc2.xml
Argonautica,tlg001,4,1079,"μή μιν, ἄναξ, Κόλχοισι πόροις ἐς πατρὸς ἄγεσθαι.","μή μιν, ἄναξ, Κόλχοισι πόροις ἐς πατρὸς ἄγεσθαι.",tlg0001.tlg001.perseus-grc2.xml
Argonautica,tlg001,4,1080,"ἀάσθη, ὅτε πρῶτα βοῶν θελκτήρια δῶκεν","ἀάσθη, ὅτε πρῶτα βοῶν θελκτήρια δῶκεν",tlg0001.tlg001.perseus-grc2.xml
Argonautica,tlg001,4,1081,"φάρμακά οἱ· σχεδόθεν δὲ κακῷ κακόν, οἷά τε πολλὰ","φάρμακά οἱ· σχεδόθεν δὲ κακῷ κακόν, οἷά τε πολλὰ",tlg0001.tlg001.perseus-grc2.xml
Argonautica,tlg001,4,1082,"ῥέζομεν ἀμπλακίῃσιν, ἀκειομένη ὑπάλυξεν","ῥέζομεν ἀμπλακίῃσιν, ἀκειομένη ὑπάλυξεν",tlg0001.tlg001.perseus-grc2.xml
Argonautica,tlg001,4,1083,"πατρὸς ὑπερφιάλοιο βαρὺν χόλον. αὐτὰρ Ἰήσων,","πατρὸς ὑπερφιάλοιο βαρὺν χόλον. αὐτὰρ Ἰήσων,",tlg0001.tlg001.perseus-grc2.xml
Argonautica,tlg001,4,1084,"ὡς ἀίω, μεγάλοισιν ἐνίσχεται ἐξ ἕθεν ὅρκοις,","ὡς ἀίω, μεγάλοισιν ἐνίσχεται ἐξ ἕθεν ὅρκοις,",tlg0001.tlg001.perseus-grc2.xml
Argonautica,tlg001,4,1085,"κουριδίην θήσεσθαι ἐνὶ μεγάροισιν ἄκοιτιν,","κουριδίην θήσεσθαι ἐνὶ μεγάροισιν ἄκοιτιν,",tlg0001.tlg001.perseus-grc2.xml
Argonautica,tlg001,4,1086,"τῶ, φίλε, μήτʼ οὖν αὐτὸν ἑκὼν ἐπίορκον ὀμόσσαι","τῶ, φίλε, μήτ’ οὖν αὐτὸν ἑκὼν ἐπίορκον ὀμόσσαι",tlg0001.tlg001.perseus-grc2.xml
Argonautica,tlg001,4,1087,"θείης Αἰσονίδην, μήτʼ ἄσχετα σεῖο ἕκητι","θείης Αἰσονίδην, μήτ’ ἄσχετα σεῖο ἕκητι",tlg0001.tlg001.perseus-grc2.xml
Argonautica,tlg001,4,1088,παῖδα πατὴρ θυμῷ κεκοτηότι δηλήσαιτο.,παῖδα πατὴρ θυμῷ κεκοτηότι δηλήσαιτο.,tlg0001.tlg001.perseus-grc2.xml
Argonautica,tlg001,4,1089,λίην γὰρ δύσζηλοι ἑαῖς ἐπὶ παισὶ τοκῆες·,λίην γὰρ δύσζηλοι ἑαῖς ἐπὶ παισὶ τοκῆες·,tlg0001.tlg001.perseus-grc2.xml
Argonautica,tlg001,4,1090,οἷα μὲν Ἀντιόπην εὐώπιδα μήσατο Νυκτεύς·,οἷα μὲν Ἀντιόπην εὐώπιδα μήσατο Νυκτεύς·,tlg0001.tlg001.perseus-grc2.xml
Argonautica,tlg001,4,1091,"οἷα δὲ καὶ Δανάη πόντῳ ἔνι πήματʼ ἀνέτλη,","οἷα δὲ καὶ Δανάη πόντῳ ἔνι πήματ’ ἀνέτλη,",tlg0001.tlg001.perseus-grc2.xml
Argonautica,tlg001,4,1092,"πατρὸς ἀτασθαλίῃσι· νέον γε μέν, οὐδʼ ἀποτηλοῦ,","πατρὸς ἀτασθαλίῃσι· νέον γε μέν, οὐδ’ ἀποτηλοῦ,",tlg0001.tlg001.perseus-grc2.xml
Argonautica,tlg001,4,1093,ὑβριστὴς Ἔχετος γλήναις ἔνι χάλκεα κέντρα,ὑβριστὴς Ἔχετος γλήναις ἔνι χάλκεα κέντρα,tlg0001.tlg001.perseus-grc2.xml
Argonautica,tlg001,4,1094,πῆξε θυγατρὸς ἑῆς· στονόεντι δὲ κάρφεται οἴτῳ,πῆξε θυγατρὸς ἑῆς· στονόεντι δὲ κάρφεται οἴτῳ,tlg0001.tlg001.perseus-grc2.xml
Argonautica,tlg001,4,1095,ὀρφναίῃ ἐνὶ χαλκὸν ἀλετρεύουσα καλιῇ.,ὀρφναίῃ ἐνὶ χαλκὸν ἀλετρεύουσα καλιῇ.,tlg0001.tlg001.perseus-grc2.xml
Argonautica,tlg001,4,1096,ὧς ἔφατʼ ἀντομένη· τοῦ δὲ φρένες ἰαίνοντυ,ὧς ἔφατ’ ἀντομένη· τοῦ δὲ φρένες ἰαίνοντυ,tlg0001.tlg001.perseus-grc2.xml
Argonautica,tlg001,4,1097,"ἧς ἀλόχου μύθοισιν, ἔπος δʼ ἐπὶ τοῖον ἔειπεν·","ἧς ἀλόχου μύθοισιν, ἔπος δ’ ἐπὶ τοῖον ἔειπεν·",tlg0001.tlg001.perseus-grc2.xml
Argonautica,tlg001,4,1098,"Ἀρήτη, καί κεν σὺν τεύχεσιν ἐξελάσαιμι","Ἀρήτη, καί κεν σὺν τεύχεσιν ἐξελάσαιμι",tlg0001.tlg001.perseus-grc2.xml
Argonautica,tlg001,4,1099,"Κόλχους, ἡρώεσσι φέρων χάριν, εἵνεκα κούρης.","Κόλχους, ἡρώεσσι φέρων χάριν, εἵνεκα κούρης.",tlg0001.tlg001.perseus-grc2.xml
Argonautica,tlg001,4,1100,ἀλλὰ Διὸς δείδοικα δίκην ἰθεῖαν ἀτίσσαι.,ἀλλὰ Διὸς δείδοικα δίκην ἰθεῖαν ἀτίσσαι.,tlg0001.tlg001.perseus-grc2.xml
Argonautica,tlg001,4,1101,"οὐδὲ μὲν Αἰήτην ἀθεριζέμεν, ὡς ἀγορεύεις,","οὐδὲ μὲν Αἰήτην ἀθεριζέμεν, ὡς ἀγορεύεις,",tlg0001.tlg001.perseus-grc2.xml
Argonautica,tlg001,4,1102,λώιον· οὐ γάρ τις βασιλεύτερος Αἰήταο.,λώιον· οὐ γάρ τις βασιλεύτερος Αἰήταο.,tlg0001.tlg001.perseus-grc2.xml
Argonautica,tlg001,4,1103,"καί κʼ ἐθέλων, ἕκαθέν περ, ἐφʼ Ἑλλάδι νεῖκος ἄγοιτο.","καί κ’ ἐθέλων, ἕκαθέν περ, ἐφ’ Ἑλλάδι νεῖκος ἄγοιτο.",tlg0001.tlg001.perseus-grc2.xml
Argonautica,tlg001,4,1104,"τῶ μʼ ἐπέοικε δίκην, ἥτις μετὰ πᾶσιν ἀρίστη","τῶ μ’ ἐπέοικε δίκην, ἥτις μετὰ πᾶσιν ἀρίστη",tlg0001.tlg001.perseus-grc2.xml
Argonautica,tlg001,4,1105,"ἔσσεται ἀνθρώποισι, δικαζέμεν· οὐδέ σε κεύσω.","ἔσσεται ἀνθρώποισι, δικαζέμεν· οὐδέ σε κεύσω.",tlg0001.tlg001.perseus-grc2.xml
Argonautica,tlg001,4,1106,παρθενικὴν μὲν ἐοῦσαν ἑῷ ἀπὸ πατρὶ κομίσσαι,παρθενικὴν μὲν ἐοῦσαν ἑῷ ἀπὸ πατρὶ κομίσσαι,tlg0001.tlg001.perseus-grc2.xml
Argonautica,tlg001,4,1107,ἰθύνω· λέκτρον δὲ σὺν ἀνέρι πορσαίνουσαν,ἰθύνω· λέκτρον δὲ σὺν ἀνέρι πορσαίνουσαν,tlg0001.tlg001.perseus-grc2.xml
Argonautica,tlg001,4,1108,"οὔ μιν ἑοῦ πόσιος νοσφίσσομαι· οὐδέ, γενέθλην","οὔ μιν ἑοῦ πόσιος νοσφίσσομαι· οὐδέ, γενέθλην",tlg0001.tlg001.perseus-grc2.xml
Argonautica,tlg001,4,1109,"εἴ τινʼ ὑπὸ σπλάγχνοισι φέρει, δῄοισιν ὀπάσσω.","εἴ τιν’ ὑπὸ σπλάγχνοισι φέρει, δῄοισιν ὀπάσσω.",tlg0001.tlg001.perseus-grc2.xml
Argonautica,tlg001,4,1110,ὧς ἄρʼ ἔφη· καὶ τὸν μέν ἐπισχεδὸν εὔνασεν ὕπνος.,ὧς ἄρ’ ἔφη· καὶ τὸν μέν ἐπισχεδὸν εὔνασεν ὕπνος.,tlg0001.tlg001.perseus-grc2.xml
Argonautica,tlg001,4,1111,ἡ δʼ ἔπος ἐν θυμῷ πυκινὸν βάλετʼ· αὐτίκα δʼ ὦρτο,ἡ δ’ ἔπος ἐν θυμῷ πυκινὸν βάλετ’· αὐτίκα δ’ ὦρτο,tlg0001.tlg001.perseus-grc2.xml
Argonautica,tlg001,4,1112,ἐκ λεχέων ἀνὰ δῶμα· συνήιξαν δὲ γυναῖκες,ἐκ λεχέων ἀνὰ δῶμα· συνήιξαν δὲ γυναῖκες,tlg0001.tlg001.perseus-grc2.xml
Argonautica,tlg001,4,1113,"ἀμφίπολοι, δέσποιναν ἑὴν μέτα ποιπνύουσαι.","ἀμφίπολοι, δέσποιναν ἑὴν μέτα ποιπνύουσαι.",tlg0001.tlg001.perseus-grc2.xml
Argonautica,tlg001,4,1114,"σῖγα δʼ ἑὸν κήρυκα καλεσσαμένη προσέειπεν,","σῖγα δ’ ἑὸν κήρυκα καλεσσαμένη προσέειπεν,",tlg0001.tlg001.perseus-grc2.xml
Argonautica,tlg001,4,1115,ᾗσιν ἐπιφροσύνῃσιν ἐποτρυνέουσα μιγῆναι,ᾗσιν ἐπιφροσύνῃσιν ἐποτρυνέουσα μιγῆναι,tlg0001.tlg001.perseus-grc2.xml
Argonautica,tlg001,4,1116,"Αἰσονίδην κούρῃ, μηδʼ Ἀλκίνοον βασιλῆα","Αἰσονίδην κούρῃ, μηδ’ Ἀλκίνοον βασιλῆα",tlg0001.tlg001.perseus-grc2.xml
Argonautica,tlg001,4,1117,"λίσσεσθαι· τὸ γὰρ αὐτὸς ἰὼν Κόλχοισι δικάσσει,","λίσσεσθαι· τὸ γὰρ αὐτὸς ἰὼν Κόλχοισι δικάσσει,",tlg0001.tlg001.perseus-grc2.xml
Argonautica,tlg001,4,1118,παρθενικὴν μὲν ἐοῦσαν ἑοῦ ποτὶ δώματα πατρὸς,παρθενικὴν μὲν ἐοῦσαν ἑοῦ ποτὶ δώματα πατρὸς,tlg0001.tlg001.perseus-grc2.xml
Argonautica,tlg001,4,1119,"ἐκδώσειν, λέκτρον δὲ σὺν ἀνέρι πορσαίνουσαν","ἐκδώσειν, λέκτρον δὲ σὺν ἀνέρι πορσαίνουσαν",tlg0001.tlg001.perseus-grc2.xml
Argonautica,tlg001,4,1120,οὐκέτι κουριδίης μιν ἀποτμήξειν φιλότητος.,οὐκέτι κουριδίης μιν ἀποτμήξειν φιλότητος.,tlg0001.tlg001.perseus-grc2.xml
Argonautica,tlg001,4,1121,"ὧς ἄρʼ ἔφη· τὸν δʼ αἶψα πόδες φέρον ἐκ μεγάροιο,","ὧς ἄρ’ ἔφη· τὸν δ’ αἶψα πόδες φέρον ἐκ μεγάροιο,",tlg0001.tlg001.perseus-grc2.xml
Argonautica,tlg001,4,1122,ὥς κεν Ἰήσονι μῦθον ἐναίσιμον ἀγγείλειεν,ὥς κεν Ἰήσονι μῦθον ἐναίσιμον ἀγγείλειεν,tlg0001.tlg001.perseus-grc2.xml
Argonautica,tlg001,4,1123,Ἀρήτης βουλάς τε θεουδέος Ἀλκινόοιο.,Ἀρήτης βουλάς τε θεουδέος Ἀλκινόοιο.,tlg0001.tlg001.perseus-grc2.xml
Argonautica,tlg001,4,1124,τοὺς δʼ εὗρεν παρὰ νηὶ σὺν ἔντεσιν ἐγρήσσοντας,τοὺς δ’ εὗρεν παρὰ νηὶ σὺν ἔντεσιν ἐγρήσσοντας,tlg0001.tlg001.perseus-grc2.xml
Argonautica,tlg001,4,1125,"Ὑλλικῷ ἐν λιμένι, σχεδὸν ἄστεος· ἐκ δʼ ἄρα πᾶσαν","Ὑλλικῷ ἐν λιμένι, σχεδὸν ἄστεος· ἐκ δ’ ἄρα πᾶσαν",tlg0001.tlg001.perseus-grc2.xml
Argonautica,tlg001,4,1126,πέφραδεν ἀγγελίην· γήθησε δὲ θυμὸς ἑκάστου,πέφραδεν ἀγγελίην· γήθησε δὲ θυμὸς ἑκάστου,tlg0001.tlg001.perseus-grc2.xml
Argonautica,tlg001,4,1127,ἡρώων· μάλα γάρ σφιν ἑαδότα μῦθον ἔειπεν.,ἡρώων· μάλα γάρ σφιν ἑαδότα μῦθον ἔειπεν.,tlg0001.tlg001.perseus-grc2.xml
Argonautica,tlg001,4,1128,"αὐτίκα δὲ κρητῆρα κερασσάμενοι μακάρεσσιν,","αὐτίκα δὲ κρητῆρα κερασσάμενοι μακάρεσσιν,",tlg0001.tlg001.perseus-grc2.xml
Argonautica,tlg001,4,1129,"ἣ θέμις, εὐαγέως ἐπιβώμια μῆλʼ ἐρύσαντες,","ἣ θέμις, εὐαγέως ἐπιβώμια μῆλ’ ἐρύσαντες,",tlg0001.tlg001.perseus-grc2.xml
Argonautica,tlg001,4,1130,αὐτονυχὶ κούρῃ θαλαμήιον ἔντυον εὐνὴν,αὐτονυχὶ κούρῃ θαλαμήιον ἔντυον εὐνὴν,tlg0001.tlg001.perseus-grc2.xml
Argonautica,tlg001,4,1131,"ἄντρῳ ἐν ἠγαθέῳ, τόθι δή ποτε Μάκρις ἔναιεν,","ἄντρῳ ἐν ἠγαθέῳ, τόθι δή ποτε Μάκρις ἔναιεν,",tlg0001.tlg001.perseus-grc2.xml
Argonautica,tlg001,4,1132,"κούρη Ἀρισταίοιο μελίφρονος, ὅς ῥα μελισσέων","κούρη Ἀρισταίοιο μελίφρονος, ὅς ῥα μελισσέων",tlg0001.tlg001.perseus-grc2.xml
Argonautica,tlg001,4,1133,ἔργα πολυκμήτοιό τʼ ἀνεύρατο πῖαρ ἐλαίης.,ἔργα πολυκμήτοιό τ’ ἀνεύρατο πῖαρ ἐλαίης.,tlg0001.tlg001.perseus-grc2.xml
Argonautica,tlg001,4,1134,κείνη δὴ πάμπρωτα Διὸς Νυσήιον υἷα,κείνη δὴ πάμπρωτα Διὸς Νυσήιον υἷα,tlg0001.tlg001.perseus-grc2.xml
Argonautica,tlg001,4,1135,Εὐβοίης ἔντοσθεν Ἀβαντίδος ᾧ ἐνὶ κόλπῳ,Εὐβοίης ἔντοσθεν Ἀβαντίδος ᾧ ἐνὶ κόλπῳ,tlg0001.tlg001.perseus-grc2.xml
Argonautica,tlg001,4,1136,"δέξατο, καὶ μέλιτι ξηρὸν περὶ χεῖλος ἔδευσεν,","δέξατο, καὶ μέλιτι ξηρὸν περὶ χεῖλος ἔδευσεν,",tlg0001.tlg001.perseus-grc2.xml
Argonautica,tlg001,4,1137,"εὖτέ μιν Ἑρμείας φέρεν ἐκ πυρός· ἔδρακε δʼ Ἥρη,","εὖτέ μιν Ἑρμείας φέρεν ἐκ πυρός· ἔδρακε δ’ Ἥρη,",tlg0001.tlg001.perseus-grc2.xml
Argonautica,tlg001,4,1138,καί ἑ χολωσαμένη πάσης ἐξήλασε νήσου.,καί ἑ χολωσαμένη πάσης ἐξήλασε νήσου.,tlg0001.tlg001.perseus-grc2.xml
Argonautica,tlg001,4,1139,ἡ δʼ ἄρα Φαιήκων ἱερῷ ἐνὶ τηλόθεν ἄντρῳ,ἡ δ’ ἄρα Φαιήκων ἱερῷ ἐνὶ τηλόθεν ἄντρῳ,tlg0001.tlg001.perseus-grc2.xml
Argonautica,tlg001,4,1140,"νάσσατο, καὶ πόρεν ὄλβον ἀθέσφατον ἐνναέτῃσιν.","νάσσατο, καὶ πόρεν ὄλβον ἀθέσφατον ἐνναέτῃσιν.",tlg0001.tlg001.perseus-grc2.xml
Argonautica,tlg001,4,1141,ἔνθα τότʼ ἐστόρεσαν λέκτρον μέγα· τοῖο δʼ ὕπερθεν,ἔνθα τότ’ ἐστόρεσαν λέκτρον μέγα· τοῖο δ’ ὕπερθεν,tlg0001.tlg001.perseus-grc2.xml
Argonautica,tlg001,4,1142,"χρύσεον αἰγλῆεν κῶας βάλον, ὄφρα πέλοιτο","χρύσεον αἰγλῆεν κῶας βάλον, ὄφρα πέλοιτο",tlg0001.tlg001.perseus-grc2.xml
Argonautica,tlg001,4,1143,τιμήεις τε γάμος καὶ ἀοίδιμος. ἄνθεα δέ σφιν,τιμήεις τε γάμος καὶ ἀοίδιμος. ἄνθεα δέ σφιν,tlg0001.tlg001.perseus-grc2.xml
Argonautica,tlg001,4,1144,νύμφαι ἀμεργόμεναι λευκοῖς ἐνὶ ποικίλα κόλποις,νύμφαι ἀμεργόμεναι λευκοῖς ἐνὶ ποικίλα κόλποις,tlg0001.tlg001.perseus-grc2.xml
Argonautica,tlg001,4,1145,ἐσφόρεον· πάσας δὲ πυρὸς ὣς ἄμφεπεν αἴγλη·,ἐσφόρεον· πάσας δὲ πυρὸς ὣς ἄμφεπεν αἴγλη·,tlg0001.tlg001.perseus-grc2.xml
Argonautica,tlg001,4,1146,τοῖον ἀπὸ χρυσέων θυσάνων ἀμαρύσσετο φέγγος.,τοῖον ἀπὸ χρυσέων θυσάνων ἀμαρύσσετο φέγγος.,tlg0001.tlg001.perseus-grc2.xml
Argonautica,tlg001,4,1147,δαῖε δʼ ἐν ὀφθαλμοῖς γλυκερὸν πόθον· ἴσχε δʼ ἑκάστην,δαῖε δ’ ἐν ὀφθαλμοῖς γλυκερὸν πόθον· ἴσχε δ’ ἑκάστην,tlg0001.tlg001.perseus-grc2.xml
Argonautica,tlg001,4,1148,αἰδὼς ἱεμένην περ ὅμως ἐπὶ χεῖρα βαλέσθαι.,αἰδὼς ἱεμένην περ ὅμως ἐπὶ χεῖρα βαλέσθαι.,tlg0001.tlg001.perseus-grc2.xml
Argonautica,tlg001,4,1149,αἱ μέν τʼ Αἰγαίου ποταμοῦ καλέοντο θύγατρες·,αἱ μέν τ’ Αἰγαίου ποταμοῦ καλέοντο θύγατρες·,tlg0001.tlg001.perseus-grc2.xml
Argonautica,tlg001,4,1150,αἱ δʼ ὄρεος κορυφὰς Μελιτηίου ἀμφενέμοντο·,αἱ δ’ ὄρεος κορυφὰς Μελιτηίου ἀμφενέμοντο·,tlg0001.tlg001.perseus-grc2.xml
Argonautica,tlg001,4,1151,αἱ δʼ ἔσαν ἐκ πεδίων ἀλσηίδες. ὦρσε γὰρ αὐτὴ,αἱ δ’ ἔσαν ἐκ πεδίων ἀλσηίδες. ὦρσε γὰρ αὐτὴ,tlg0001.tlg001.perseus-grc2.xml
Argonautica,tlg001,4,1152,"Ἥρη Ζηνὸς ἄκοιτις, Ἰήσονα κυδαίνουσα.","Ἥρη Ζηνὸς ἄκοιτις, Ἰήσονα κυδαίνουσα.",tlg0001.tlg001.perseus-grc2.xml
Argonautica,tlg001,4,1153,κεῖνο καὶ εἰσέτι νῦν ἱερὸν κληίζεται ἄντρον,κεῖνο καὶ εἰσέτι νῦν ἱερὸν κληίζεται ἄντρον,tlg0001.tlg001.perseus-grc2.xml
Argonautica,tlg001,4,1154,"Μηδείης, ὅθι τούσγε σὺν ἀλλήλοισιν ἔμιξαν","Μηδείης, ὅθι τούσγε σὺν ἀλλήλοισιν ἔμιξαν",tlg0001.tlg001.perseus-grc2.xml
Argonautica,tlg001,4,1155,τεινάμεναι ἑανοὺς εὐώδεας. οἱ δʼ ἐνὶ χερσὶν,τεινάμεναι ἑανοὺς εὐώδεας. οἱ δ’ ἐνὶ χερσὶν,tlg0001.tlg001.perseus-grc2.xml
Argonautica,tlg001,4,1156,"δούρατα νωμήσαντες ἀρήια, μὴ πρὶν ἐς ἀλκὴν","δούρατα νωμήσαντες ἀρήια, μὴ πρὶν ἐς ἀλκὴν",tlg0001.tlg001.perseus-grc2.xml
Argonautica,tlg001,4,1157,"δυσμενέων ἀίδηλος ἐπιβρίσειεν ὅμιλος,","δυσμενέων ἀίδηλος ἐπιβρίσειεν ὅμιλος,",tlg0001.tlg001.perseus-grc2.xml
Argonautica,tlg001,4,1158,"κράατα δʼ εὐφύλλοις ἐστεμμένοι ἀκρεμόνεσσιν,","κράατα δ’ εὐφύλλοις ἐστεμμένοι ἀκρεμόνεσσιν,",tlg0001.tlg001.perseus-grc2.xml
Argonautica,tlg001,4,1159,"ἐμμελέως, Ὀρφῆος ὑπαὶ λίγα φορμίζοντος","ἐμμελέως, Ὀρφῆος ὑπαὶ λίγα φορμίζοντος",tlg0001.tlg001.perseus-grc2.xml
Argonautica,tlg001,4,1160,νυμφιδίαις ὑμέναιον ἐπὶ προμολῇσιν ἄειδον.,νυμφιδίαις ὑμέναιον ἐπὶ προμολῇσιν ἄειδον.,tlg0001.tlg001.perseus-grc2.xml
Argonautica,tlg001,4,1161,οὐ μὲν ἐν Ἀλκινόοιο γάμον μενέαινε τελέσσαι,οὐ μὲν ἐν Ἀλκινόοιο γάμον μενέαινε τελέσσαι,tlg0001.tlg001.perseus-grc2.xml
Argonautica,tlg001,4,1162,"ἥρως Αἰσονίδης, μεγάροις δʼ ἐνὶ πατρὸς ἑοῖο,","ἥρως Αἰσονίδης, μεγάροις δ’ ἐνὶ πατρὸς ἑοῖο,",tlg0001.tlg001.perseus-grc2.xml
Argonautica,tlg001,4,1163,νοστήσας ἐς Ἰωλκὸν ὑπότροπος· ὧς δὲ καὶ αὐτὴ,νοστήσας ἐς Ἰωλκὸν ὑπότροπος· ὧς δὲ καὶ αὐτὴ,tlg0001.tlg001.perseus-grc2.xml
Argonautica,tlg001,4,1164,Μήδεια φρονέεσκε· τότʼ αὖ χρεὼ ἦγε μιγῆναι.,Μήδεια φρονέεσκε· τότ’ αὖ χρεὼ ἦγε μιγῆναι.,tlg0001.tlg001.perseus-grc2.xml
Argonautica,tlg001,4,1165,ἀλλὰ γὰρ οὔποτε φῦλα δυηπαθέων ἀνθρώπων,ἀλλὰ γὰρ οὔποτε φῦλα δυηπαθέων ἀνθρώπων,tlg0001.tlg001.perseus-grc2.xml
Argonautica,tlg001,4,1166,τερπωλῆς ἐπέβημεν ὅλῳ ποδί· σὺν δέ τις αἰεὶ,τερπωλῆς ἐπέβημεν ὅλῳ ποδί· σὺν δέ τις αἰεὶ,tlg0001.tlg001.perseus-grc2.xml
Argonautica,tlg001,4,1167,πικρὴ παρμέμβλωκεν ἐυφροσύνῃσιν ἀνίη.,πικρὴ παρμέμβλωκεν ἐυφροσύνῃσιν ἀνίη.,tlg0001.tlg001.perseus-grc2.xml
Argonautica,tlg001,4,1168,τῶ καὶ τοὺς γλυκερῇ περ ἰαινομένους φιλότητι,τῶ καὶ τοὺς γλυκερῇ περ ἰαινομένους φιλότητι,tlg0001.tlg001.perseus-grc2.xml
Argonautica,tlg001,4,1169,"δεῖμʼ ἔχεν, εἰ τελέοιτο διάκρισις Ἀλκινόοιο.","δεῖμ’ ἔχεν, εἰ τελέοιτο διάκρισις Ἀλκινόοιο.",tlg0001.tlg001.perseus-grc2.xml
Argonautica,tlg001,4,1170,Ἠὼς δʼ ἀμβροσίοισιν ἀνερχομένη φαέεσσιν,Ἠὼς δ’ ἀμβροσίοισιν ἀνερχομένη φαέεσσιν,tlg0001.tlg001.perseus-grc2.xml
Argonautica,tlg001,4,1171,λῦε κελαινὴν νύκτα διʼ ἠέρος· αἱ δʼ ἐγέλασσαν,λῦε κελαινὴν νύκτα δι’ ἠέρος· αἱ δ’ ἐγέλασσαν,tlg0001.tlg001.perseus-grc2.xml
Argonautica,tlg001,4,1172,ἠιόνες νήσοιο καὶ ἑρσήεσσαι ἄπωθεν,ἠιόνες νήσοιο καὶ ἑρσήεσσαι ἄπωθεν,tlg0001.tlg001.perseus-grc2.xml
Argonautica,tlg001,4,1173,ἀτραπιτοὶ πεδίων· ἐν δὲ θρόος ἔσκεν ἀγυιαῖς·,ἀτραπιτοὶ πεδίων· ἐν δὲ θρόος ἔσκεν ἀγυιαῖς·,tlg0001.tlg001.perseus-grc2.xml
Argonautica,tlg001,4,1174,"κίνυντʼ ἐνναέται μὲν ἀνὰ πτόλιν, οἱ δʼ ἀποτηλοῦ","κίνυντ’ ἐνναέται μὲν ἀνὰ πτόλιν, οἱ δ’ ἀποτηλοῦ",tlg0001.tlg001.perseus-grc2.xml
Argonautica,tlg001,4,1175,Κόλχοι Μακριδίης ἐπὶ πείρασι χερνήσοιο.,Κόλχοι Μακριδίης ἐπὶ πείρασι χερνήσοιο.,tlg0001.tlg001.perseus-grc2.xml
Argonautica,tlg001,4,1176,αὐτίκα δʼ Ἀλκίνοος μετεβήσετο συνθεσίῃσιν,αὐτίκα δ’ Ἀλκίνοος μετεβήσετο συνθεσίῃσιν,tlg0001.tlg001.perseus-grc2.xml
Argonautica,tlg001,4,1177,ὃν νόον ἐξερέων κούρης ὕπερ· ἐν δʼ ὅγε χειρὶ,ὃν νόον ἐξερέων κούρης ὕπερ· ἐν δ’ ὅγε χειρὶ,tlg0001.tlg001.perseus-grc2.xml
Argonautica,tlg001,4,1178,"σκῆπτρον ἔχεν χρυσοῖο δικασπόλον, ᾧ ὕπο λαοὶ","σκῆπτρον ἔχεν χρυσοῖο δικασπόλον, ᾧ ὕπο λαοὶ",tlg0001.tlg001.perseus-grc2.xml
Argonautica,tlg001,4,1179,ἰθείας ἀνὰ ἄστυ διεκρίνοντο θέμιστας.,ἰθείας ἀνὰ ἄστυ διεκρίνοντο θέμιστας.,tlg0001.tlg001.perseus-grc2.xml
Argonautica,tlg001,4,1180,τῷ δὲ καὶ ἑξείης πολεμήια τεύχεα δύντες,τῷ δὲ καὶ ἑξείης πολεμήια τεύχεα δύντες,tlg0001.tlg001.perseus-grc2.xml
Argonautica,tlg001,4,1181,Φαιήκων οἱ ἄριστοι ὁμιλαδὸν ἐστιχόωντο.,Φαιήκων οἱ ἄριστοι ὁμιλαδὸν ἐστιχόωντο.,tlg0001.tlg001.perseus-grc2.xml
Argonautica,tlg001,4,1182,ἥρωας δὲ γυναῖκες ἀολλέες ἔκτοθι πύργων,ἥρωας δὲ γυναῖκες ἀολλέες ἔκτοθι πύργων,tlg0001.tlg001.perseus-grc2.xml
Argonautica,tlg001,4,1183,βαῖνον ἐποψόμεναι· σὺν δʼ ἀνέρες ἀγροιῶται,βαῖνον ἐποψόμεναι· σὺν δ’ ἀνέρες ἀγροιῶται,tlg0001.tlg001.perseus-grc2.xml
Argonautica,tlg001,4,1184,"ἤντεον εἰσαΐοντες, ἐπεὶ νημερτέα βάξιν","ἤντεον εἰσαΐοντες, ἐπεὶ νημερτέα βάξιν",tlg0001.tlg001.perseus-grc2.xml
Argonautica,tlg001,4,1185,Ἥρη ἐπιπροέηκεν. ἄγεν δʼ ὁ μὲν ἔκκριτον ἄλλων,Ἥρη ἐπιπροέηκεν. ἄγεν δ’ ὁ μὲν ἔκκριτον ἄλλων,tlg0001.tlg001.perseus-grc2.xml
Argonautica,tlg001,4,1186,"ἀρνειὸν μήλων, ὁ δʼ ἀεργηλὴν ἔτι πόριν·","ἀρνειὸν μήλων, ὁ δ’ ἀεργηλὴν ἔτι πόριν·",tlg0001.tlg001.perseus-grc2.xml
Argonautica,tlg001,4,1187,ἄλλοι δʼ ἀμφιφορῆας ἐπισχεδὸν ἵστασαν οἴνου,ἄλλοι δ’ ἀμφιφορῆας ἐπισχεδὸν ἵστασαν οἴνου,tlg0001.tlg001.perseus-grc2.xml
Argonautica,tlg001,4,1188,κίρνασθαι· θυέων δʼ ἀποηλόθι κήκιε λιγνύς.,κίρνασθαι· θυέων δ’ ἀποηλόθι κήκιε λιγνύς.,tlg0001.tlg001.perseus-grc2.xml
Argonautica,tlg001,4,1189,"αἱ δὲ πολυκμήτους ἑανοὺς φέρον, οἷα γυναῖκες,","αἱ δὲ πολυκμήτους ἑανοὺς φέρον, οἷα γυναῖκες,",tlg0001.tlg001.perseus-grc2.xml
Argonautica,tlg001,4,1190,μείλιά τε χρυσοῖο καὶ ἀλλοίην ἐπὶ τοῖσιν,μείλιά τε χρυσοῖο καὶ ἀλλοίην ἐπὶ τοῖσιν,tlg0001.tlg001.perseus-grc2.xml
Argonautica,tlg001,4,1191,"ἀγλαΐην, οἵην τε νεόζυγες ἐντύνονται·","ἀγλαΐην, οἵην τε νεόζυγες ἐντύνονται·",tlg0001.tlg001.perseus-grc2.xml
Argonautica,tlg001,4,1192,θάμβευν δʼ εἰσορόωσαι ἀριπρεπέων ἡρώων,θάμβευν δ’ εἰσορόωσαι ἀριπρεπέων ἡρώων,tlg0001.tlg001.perseus-grc2.xml
Argonautica,tlg001,4,1193,"εἴδεα καὶ μορφάς, ἐν δέ σφισιν Οἰάγροιο","εἴδεα καὶ μορφάς, ἐν δέ σφισιν Οἰάγροιο",tlg0001.tlg001.perseus-grc2.xml
Argonautica,tlg001,4,1194,υἱὸν ὑπαὶ φόρμιγγος ἐυκρέκτου καὶ ἀοιδῆς,υἱὸν ὑπαὶ φόρμιγγος ἐυκρέκτου καὶ ἀοιδῆς,tlg0001.tlg001.perseus-grc2.xml
Argonautica,tlg001,4,1195,ταρφέα σιγαλόεντι πέδον κροτέοντα πεδίλῳ.,ταρφέα σιγαλόεντι πέδον κροτέοντα πεδίλῳ.,tlg0001.tlg001.perseus-grc2.xml
Argonautica,tlg001,4,1196,"νύμφαι δʼ ἄμμιγα πᾶσαι, ὅτε μνήσαιτο γάμοιο,","νύμφαι δ’ ἄμμιγα πᾶσαι, ὅτε μνήσαιτο γάμοιο,",tlg0001.tlg001.perseus-grc2.xml
Argonautica,tlg001,4,1197,ἱμερόενθʼ ὑμέναιον ἀνήπυον· ἄλλοτε δʼ αὖτε,ἱμερόενθ’ ὑμέναιον ἀνήπυον· ἄλλοτε δ’ αὖτε,tlg0001.tlg001.perseus-grc2.xml
Argonautica,tlg001,4,1198,"οἰόθεν οἶαι ἄειδον ἑλισσόμεναι περὶ κύκλον,","οἰόθεν οἶαι ἄειδον ἑλισσόμεναι περὶ κύκλον,",tlg0001.tlg001.perseus-grc2.xml
Argonautica,tlg001,4,1199,"Ἥρη, σεῖο ἕκητι· σὺ γὰρ καὶ ἐπὶ φρεσὶ θῆκας","Ἥρη, σεῖο ἕκητι· σὺ γὰρ καὶ ἐπὶ φρεσὶ θῆκας",tlg0001.tlg001.perseus-grc2.xml
Argonautica,tlg001,4,1200,"Ἀρήτῃ, πυκινὸν φάσθαι ἔπος Ἀλκινόοιο.","Ἀρήτῃ, πυκινὸν φάσθαι ἔπος Ἀλκινόοιο.",tlg0001.tlg001.perseus-grc2.xml
Argonautica,tlg001,4,1201,αὐτὰρ ὅγʼ ὡς τὰ πρῶτα δίκης ἀνὰ πείρατʼ ἔειπεν,αὐτὰρ ὅγ’ ὡς τὰ πρῶτα δίκης ἀνὰ πείρατ’ ἔειπεν,tlg0001.tlg001.perseus-grc2.xml
Argonautica,tlg001,4,1202,"ἰθείης, ἤδη δὲ γάμου τέλος ἐκλήιστο,","ἰθείης, ἤδη δὲ γάμου τέλος ἐκλήιστο,",tlg0001.tlg001.perseus-grc2.xml
Argonautica,tlg001,4,1203,ἔμπεδον ὧς ἀλέγυνε διαμπερές· οὐδέ ἑ τάρβος,ἔμπεδον ὧς ἀλέγυνε διαμπερές· οὐδέ ἑ τάρβος,tlg0001.tlg001.perseus-grc2.xml
Argonautica,tlg001,4,1204,"οὐλοόν, οὐδὲ βαρεῖαι ἐπήλυθον Αἰήταο","οὐλοόν, οὐδὲ βαρεῖαι ἐπήλυθον Αἰήταο",tlg0001.tlg001.perseus-grc2.xml
Argonautica,tlg001,4,1205,"μήνιες, ἀρρήκτοισι δʼ ἐνιζεύξας ἔχεν ὅρκοις.","μήνιες, ἀρρήκτοισι δ’ ἐνιζεύξας ἔχεν ὅρκοις.",tlg0001.tlg001.perseus-grc2.xml
Argonautica,tlg001,4,1206,"τῶ καὶ ὅτʼ ἠλεμάτως Κόλχοι μάθον ἀντιόωντες,","τῶ καὶ ὅτ’ ἠλεμάτως Κόλχοι μάθον ἀντιόωντες,",tlg0001.tlg001.perseus-grc2.xml
Argonautica,tlg001,4,1207,"καί σφεας ἠὲ θέμιστας ἑὰς εἴρυσθαι ἄνωγεν,","καί σφεας ἠὲ θέμιστας ἑὰς εἴρυσθαι ἄνωγεν,",tlg0001.tlg001.perseus-grc2.xml
Argonautica,tlg001,4,1208,"ἢ λιμένων γαίης τʼ ἀποτηλόθι νῆας ἐέργειν,","ἢ λιμένων γαίης τ’ ἀποτηλόθι νῆας ἐέργειν,",tlg0001.tlg001.perseus-grc2.xml
Argonautica,tlg001,4,1209,δὴ τότε μιν βασιλῆος ἑοῦ τρομέοντας ἐνιπὰς,δὴ τότε μιν βασιλῆος ἑοῦ τρομέοντας ἐνιπὰς,tlg0001.tlg001.perseus-grc2.xml
Argonautica,tlg001,4,1210,δέχθαι μειλίξαντο συνήμονας· αὖθι δὲ νήσῳ,δέχθαι μειλίξαντο συνήμονας· αὖθι δὲ νήσῳ,tlg0001.tlg001.perseus-grc2.xml
Argonautica,tlg001,4,1211,"δὴν μάλα Φαιήκεσσι μετʼ ἀνδράσι ναιετάασκον,","δὴν μάλα Φαιήκεσσι μετ’ ἀνδράσι ναιετάασκον,",tlg0001.tlg001.perseus-grc2.xml
Argonautica,tlg001,4,1212,"εἰσότε Βακχιάδαι, γενεὴν Ἐφύρηθεν ἐόντες,","εἰσότε Βακχιάδαι, γενεὴν Ἐφύρηθεν ἐόντες,",tlg0001.tlg001.perseus-grc2.xml
Argonautica,tlg001,4,1213,ἀνέρες ἐννάσσαντο μετὰ χρόνον· οἱ δὲ περαίην,ἀνέρες ἐννάσσαντο μετὰ χρόνον· οἱ δὲ περαίην,tlg0001.tlg001.perseus-grc2.xml
Argonautica,tlg001,4,1214,νῆσον ἔβαν· κεῖθεν δὲ Κεραύνια μέλλον Ἀβάντων,νῆσον ἔβαν· κεῖθεν δὲ Κεραύνια μέλλον Ἀβάντων,tlg0001.tlg001.perseus-grc2.xml
Argonautica,tlg001,4,1215,"οὔρεα, Νεσταίους τε καὶ Ὤρικον εἰσαφικέσθαι·","οὔρεα, Νεσταίους τε καὶ Ὤρικον εἰσαφικέσθαι·",tlg0001.tlg001.perseus-grc2.xml
Argonautica,tlg001,4,1216,ἀλλὰ τὰ μὲν στείχοντος ἄδην αἰῶνος ἐτύχθη.,ἀλλὰ τὰ μὲν στείχοντος ἄδην αἰῶνος ἐτύχθη.,tlg0001.tlg001.perseus-grc2.xml
Argonautica,tlg001,4,1217,Μοιράων δʼ ἔτι κεῖσε θύη ἐπέτεια δέχονται,Μοιράων δ’ ἔτι κεῖσε θύη ἐπέτεια δέχονται,tlg0001.tlg001.perseus-grc2.xml
Argonautica,tlg001,4,1218,καὶ Νυμφέων Νομίοιο καθʼ ἱερὸν Λ̓πόλλωνος,καὶ Νυμφέων Νομίοιο καθ’ ἱερὸν Λ̓πόλλωνος,tlg0001.tlg001.perseus-grc2.xml
Argonautica,tlg001,4,1219,"βωμοί, τοὺς Μήδεια καθίσσατο. πολλὰ δʼ ἰοῦσιν","βωμοί, τοὺς Μήδεια καθίσσατο. πολλὰ δ’ ἰοῦσιν",tlg0001.tlg001.perseus-grc2.xml
Argonautica,tlg001,4,1220,"Λ̓λκίνοος Μινύαις ξεινήια, πολλὰ δʼ ὄπασσεν","Λ̓λκίνοος Μινύαις ξεινήια, πολλὰ δ’ ὄπασσεν",tlg0001.tlg001.perseus-grc2.xml
Argonautica,tlg001,4,1221,Λ̓ρήτη· μετὰ δʼ αὖτε δυώδεκα δῶκεν ἕπεσθαι,Λ̓ρήτη· μετὰ δ’ αὖτε δυώδεκα δῶκεν ἕπεσθαι,tlg0001.tlg001.perseus-grc2.xml
Argonautica,tlg001,4,1222,Μηδείῃ δμωὰς Φαιηκίδας ἐκ μεγάροιο.,Μηδείῃ δμωὰς Φαιηκίδας ἐκ μεγάροιο.,tlg0001.tlg001.perseus-grc2.xml
Argonautica,tlg001,4,1223,ἤματι δʼ ἑβδομάτῳ Δρεπάνην λίπον· ἤλυθε δʼ οὖρος,ἤματι δ’ ἑβδομάτῳ Δρεπάνην λίπον· ἤλυθε δ’ οὖρος,tlg0001.tlg001.perseus-grc2.xml
Argonautica,tlg001,4,1224,ἀκραὴς ἠῶθεν ὑπὲκ Διός· οἱ δʼ ἀνέμοιο,ἀκραὴς ἠῶθεν ὑπὲκ Διός· οἱ δ’ ἀνέμοιο,tlg0001.tlg001.perseus-grc2.xml
Argonautica,tlg001,4,1225,πνοιῇ ἐπειγόμενοι προτέρω θέον. ἀλλὰ γὰρ οὔπω,πνοιῇ ἐπειγόμενοι προτέρω θέον. ἀλλὰ γὰρ οὔπω,tlg0001.tlg001.perseus-grc2.xml
Argonautica,tlg001,4,1226,"αἴσιμον ἦν ἐπιβῆναι Ἀχαιίδος ἡρώεσσιν,","αἴσιμον ἦν ἐπιβῆναι Ἀχαιίδος ἡρώεσσιν,",tlg0001.tlg001.perseus-grc2.xml
Argonautica,tlg001,4,1227,ὄφρʼ ἔτι καὶ Λιβύης ἐπὶ πείρασιν ὀτλήσειαν.,ὄφρ’ ἔτι καὶ Λιβύης ἐπὶ πείρασιν ὀτλήσειαν.,tlg0001.tlg001.perseus-grc2.xml
Argonautica,tlg001,4,1228,"ἤδη μέν ποθι κόλπον ἐπώνυμον Ἀμβρακιήων,","ἤδη μέν ποθι κόλπον ἐπώνυμον Ἀμβρακιήων,",tlg0001.tlg001.perseus-grc2.xml
Argonautica,tlg001,4,1229,ἤδη Κουρῆτιν ἔλιπον χθόνα πεπταμένοισιν,ἤδη Κουρῆτιν ἔλιπον χθόνα πεπταμένοισιν,tlg0001.tlg001.perseus-grc2.xml
Argonautica,tlg001,4,1230,λαίφεσι καὶ στεινὰς αὐταῖς σὺν Ἐχινάσι νήσους,λαίφεσι καὶ στεινὰς αὐταῖς σὺν Ἐχινάσι νήσους,tlg0001.tlg001.perseus-grc2.xml
Argonautica,tlg001,4,1231,"ἑξείης, Πέλοπος δὲ νέον κατεφαίνετο γαῖα·","ἑξείης, Πέλοπος δὲ νέον κατεφαίνετο γαῖα·",tlg0001.tlg001.perseus-grc2.xml
Argonautica,tlg001,4,1232,καὶ τότʼ ἀναρπάγδην ὀλοὴ βορέαο θύελλα,καὶ τότ’ ἀναρπάγδην ὀλοὴ βορέαο θύελλα,tlg0001.tlg001.perseus-grc2.xml
Argonautica,tlg001,4,1233,μεσσηγὺς πέλαγόσδε Λιβυστικὸν ἐννέα πάσας,μεσσηγὺς πέλαγόσδε Λιβυστικὸν ἐννέα πάσας,tlg0001.tlg001.perseus-grc2.xml
Argonautica,tlg001,4,1234,"νύκτας ὁμῶς καὶ τόσσα φέρʼ ἤματα, μέχρις ἵκοντο","νύκτας ὁμῶς καὶ τόσσα φέρ’ ἤματα, μέχρις ἵκοντο",tlg0001.tlg001.perseus-grc2.xml
Argonautica,tlg001,4,1235,"προπρὸ μάλʼ ἔνδοθι Σύρτιν, ὅθʼ οὐκέτι νόστος ὀπίσσω","προπρὸ μάλ’ ἔνδοθι Σύρτιν, ὅθ’ οὐκέτι νόστος ὀπίσσω",tlg0001.tlg001.perseus-grc2.xml
Argonautica,tlg001,4,1236,"νηυσὶ πέλει, ὅτε τόνγε βιῴατο κόλπον ἱκέσθαι.","νηυσὶ πέλει, ὅτε τόνγε βιῴατο κόλπον ἱκέσθαι.",tlg0001.tlg001.perseus-grc2.xml
Argonautica,tlg001,4,1237,"πάντῃ γὰρ τέναγος, πάντῃ μνιόεντα βυθοῖο","πάντῃ γὰρ τέναγος, πάντῃ μνιόεντα βυθοῖο",tlg0001.tlg001.perseus-grc2.xml
Argonautica,tlg001,4,1238,τάρφεα· κωφὴ δέ σφιν ἐπιβλύει ὕδατος ἄχνη·,τάρφεα· κωφὴ δέ σφιν ἐπιβλύει ὕδατος ἄχνη·,tlg0001.tlg001.perseus-grc2.xml
Argonautica,tlg001,4,1239,ἠερίη δʼ ἄμαθος παρακέκλιται· οὐδέ τι κεῖσε,ἠερίη δ’ ἄμαθος παρακέκλιται· οὐδέ τι κεῖσε,tlg0001.tlg001.perseus-grc2.xml
Argonautica,tlg001,4,1240,"ἑρπετόν, οὐδὲ ποτητὸν ἀείρεται. ἔνθʼ ἄρα τούσγε","ἑρπετόν, οὐδὲ ποτητὸν ἀείρεται. ἔνθ’ ἄρα τούσγε",tlg0001.tlg001.perseus-grc2.xml
Argonautica,tlg001,4,1241,πλυμμυρίς—καὶ γάρ τʼ ἀναχάζεται ἠπείροιο,πλυμμυρίς—καὶ γάρ τ’ ἀναχάζεται ἠπείροιο,tlg0001.tlg001.perseus-grc2.xml
Argonautica,tlg001,4,1242,"ἦ θαμὰ δὴ τόδε χεῦμα, καὶ ἂψ ἐπερεύγεται ἀκτὰς","ἦ θαμὰ δὴ τόδε χεῦμα, καὶ ἂψ ἐπερεύγεται ἀκτὰς",tlg0001.tlg001.perseus-grc2.xml
Argonautica,tlg001,4,1243,λάβρον ἐποιχόμενον—μυχάτῃ ἐνέωσε τάχιστα,λάβρον ἐποιχόμενον—μυχάτῃ ἐνέωσε τάχιστα,tlg0001.tlg001.perseus-grc2.xml
Argonautica,tlg001,4,1244,"ἠιόνι, τρόπιος δὲ μάλʼ ὕδασι παῦρον ἔλειπτο.","ἠιόνι, τρόπιος δὲ μάλ’ ὕδασι παῦρον ἔλειπτο.",tlg0001.tlg001.perseus-grc2.xml
Argonautica,tlg001,4,1245,"οἱ δʼ ἀπὸ νηὸς ὄρουσαν, ἄχος δʼ ἕλεν εἰσορόωντας","οἱ δ’ ἀπὸ νηὸς ὄρουσαν, ἄχος δ’ ἕλεν εἰσορόωντας",tlg0001.tlg001.perseus-grc2.xml
Argonautica,tlg001,4,1246,"ἠέρα καὶ μεγάλης νῶτα χθονὸς ἠέρι ἶσα,","ἠέρα καὶ μεγάλης νῶτα χθονὸς ἠέρι ἶσα,",tlg0001.tlg001.perseus-grc2.xml
Argonautica,tlg001,4,1247,"τηλοῦ ὑπερτείνοντα διηνεκές· οὐδέ τινʼ ἀρδμόν,","τηλοῦ ὑπερτείνοντα διηνεκές· οὐδέ τιν’ ἀρδμόν,",tlg0001.tlg001.perseus-grc2.xml
Argonautica,tlg001,4,1248,"οὐ πάτον, οὐκ ἀπάνευθε κατηυγάσσαντο βοτήρων","οὐ πάτον, οὐκ ἀπάνευθε κατηυγάσσαντο βοτήρων",tlg0001.tlg001.perseus-grc2.xml
Argonautica,tlg001,4,1249,"αὔλιον, εὐκήλῳ δὲ κατείχετο πάντα γαλήνῃ.","αὔλιον, εὐκήλῳ δὲ κατείχετο πάντα γαλήνῃ.",tlg0001.tlg001.perseus-grc2.xml
Argonautica,tlg001,4,1250,ἄλλος δʼ αὖτʼ ἄλλον τετιημένος ἐξερέεινεν·,ἄλλος δ’ αὖτ’ ἄλλον τετιημένος ἐξερέεινεν·,tlg0001.tlg001.perseus-grc2.xml
Argonautica,tlg001,4,1251,τίς χθὼν εὔχεται ἥδε; πόθι ξυνέωσαν ἄελλαι,τίς χθὼν εὔχεται ἥδε; πόθι ξυνέωσαν ἄελλαι,tlg0001.tlg001.perseus-grc2.xml
Argonautica,tlg001,4,1252,"ἡμέας; αἴθʼ ἔτλημεν, ἀφειδέες οὐλομένοιο","ἡμέας; αἴθ’ ἔτλημεν, ἀφειδέες οὐλομένοιο",tlg0001.tlg001.perseus-grc2.xml
Argonautica,tlg001,4,1253,"δείματος, αὐτὰ κέλευθα διαμπερὲς ὁρμηθῆναι","δείματος, αὐτὰ κέλευθα διαμπερὲς ὁρμηθῆναι",tlg0001.tlg001.perseus-grc2.xml
Argonautica,tlg001,4,1254,πετράων. ἦ τʼ ἂν καὶ ὑπὲρ Διὸς αἶσαν ἰοῦσιν,πετράων. ἦ τ’ ἂν καὶ ὑπὲρ Διὸς αἶσαν ἰοῦσιν,tlg0001.tlg001.perseus-grc2.xml
Argonautica,tlg001,4,1255,βέλτερον ἦν μέγα δή τι μενοινώοντας ὀλέσθαι.,βέλτερον ἦν μέγα δή τι μενοινώοντας ὀλέσθαι.,tlg0001.tlg001.perseus-grc2.xml
Argonautica,tlg001,4,1256,"νῦν δὲ τί κεν ῥέξαιμεν, ἐρυκόμενοι ἀνέμοισιν","νῦν δὲ τί κεν ῥέξαιμεν, ἐρυκόμενοι ἀνέμοισιν",tlg0001.tlg001.perseus-grc2.xml
Argonautica,tlg001,4,1257,αὖθι μένειν τυτθόν περ ἐπὶ χρόνον; οἷον ἐρήμη,αὖθι μένειν τυτθόν περ ἐπὶ χρόνον; οἷον ἐρήμη,tlg0001.tlg001.perseus-grc2.xml
Argonautica,tlg001,4,1258,πέζα διωλυγίης ἀναπέπταται ἠπείροιο.,πέζα διωλυγίης ἀναπέπταται ἠπείροιο.,tlg0001.tlg001.perseus-grc2.xml
Argonautica,tlg001,4,1259,ὧς ἄρʼ ἔφη· μετὰ δʼ αὐτὸς ἀμηχανίῃ κακότητος,ὧς ἄρ’ ἔφη· μετὰ δ’ αὐτὸς ἀμηχανίῃ κακότητος,tlg0001.tlg001.perseus-grc2.xml
Argonautica,tlg001,4,1260,ἰθυντὴρ Ἀγκαῖος ἀκηχέμενος ἀγόρευσεν·,ἰθυντὴρ Ἀγκαῖος ἀκηχέμενος ἀγόρευσεν·,tlg0001.tlg001.perseus-grc2.xml
Argonautica,tlg001,4,1261,"Ὠλόμεθʼ αἰνότατον δῆθεν μόρον, οὐδʼ ὑπάλυξις","Ὠλόμεθ’ αἰνότατον δῆθεν μόρον, οὐδ’ ὑπάλυξις",tlg0001.tlg001.perseus-grc2.xml
Argonautica,tlg001,4,1262,ἔστʼ ἄτης· πάρα δʼ ἄμμι τὰ κύντατα πημανθῆναι,ἔστ’ ἄτης· πάρα δ’ ἄμμι τὰ κύντατα πημανθῆναι,tlg0001.tlg001.perseus-grc2.xml
Argonautica,tlg001,4,1263,"τῇδʼ ἐπʼ ἐρημαίῃ πεπτηότας, εἰ καὶ ἀῆται","τῇδ’ ἐπ’ ἐρημαίῃ πεπτηότας, εἰ καὶ ἀῆται",tlg0001.tlg001.perseus-grc2.xml
Argonautica,tlg001,4,1264,χερσόθεν ἀμπνεύσειαν· ἐπεὶ τεναγώδεα λεύσσω,χερσόθεν ἀμπνεύσειαν· ἐπεὶ τεναγώδεα λεύσσω,tlg0001.tlg001.perseus-grc2.xml
Argonautica,tlg001,4,1265,τῆλε περισκοπέων ἅλα πάντοθεν· ἤλιθα δʼ ὕδωρ,τῆλε περισκοπέων ἅλα πάντοθεν· ἤλιθα δ’ ὕδωρ,tlg0001.tlg001.perseus-grc2.xml
Argonautica,tlg001,4,1266,ξαινόμενον πολιῇσιν ἐπιτροχάει ψαμάθοισιν.,ξαινόμενον πολιῇσιν ἐπιτροχάει ψαμάθοισιν.,tlg0001.tlg001.perseus-grc2.xml
Argonautica,tlg001,4,1267,καί κεν ἐπισμυγερῶς διὰ δὴ πάλαι ἥδʼ ἐκεάσθη,καί κεν ἐπισμυγερῶς διὰ δὴ πάλαι ἥδ’ ἐκεάσθη,tlg0001.tlg001.perseus-grc2.xml
Argonautica,tlg001,4,1268,νηῦς ἱερὴ χέρσου πολλὸν πρόσω· ἀλλά μιν αὐτὴ,νηῦς ἱερὴ χέρσου πολλὸν πρόσω· ἀλλά μιν αὐτὴ,tlg0001.tlg001.perseus-grc2.xml
Argonautica,tlg001,4,1269,πλημμυρὶς ἐκ πόντοιο μεταχθονίην ἐκόμισσεν.,πλημμυρὶς ἐκ πόντοιο μεταχθονίην ἐκόμισσεν.,tlg0001.tlg001.perseus-grc2.xml
Argonautica,tlg001,4,1270,"νῦν δʼ ἡ μὲν πέλαγόσδε μετέσσυται, οἰόθι δʼ ἅλμη","νῦν δ’ ἡ μὲν πέλαγόσδε μετέσσυται, οἰόθι δ’ ἅλμη",tlg0001.tlg001.perseus-grc2.xml
Argonautica,tlg001,4,1271,"ἄπλοος εἰλεῖται, γαίης ὕπερ ὅσσον ἔχουσα.","ἄπλοος εἰλεῖται, γαίης ὕπερ ὅσσον ἔχουσα.",tlg0001.tlg001.perseus-grc2.xml
Argonautica,tlg001,4,1272,τούνεκʼ ἐγὼ πᾶσαν μὲν ἀπʼ ἐλπίδα φημὶ κεκόφθαι,τούνεκ’ ἐγὼ πᾶσαν μὲν ἀπ’ ἐλπίδα φημὶ κεκόφθαι,tlg0001.tlg001.perseus-grc2.xml
Argonautica,tlg001,4,1273,ναυτιλίης νόστου τε. δαημοσύνην δέ τις ἄλλος,ναυτιλίης νόστου τε. δαημοσύνην δέ τις ἄλλος,tlg0001.tlg001.perseus-grc2.xml
Argonautica,tlg001,4,1274,φαίνοι ἑήν· πάρα γάρ οἱ ἐπʼ οἰήκεσσι θαάσσειν,φαίνοι ἑήν· πάρα γάρ οἱ ἐπ’ οἰήκεσσι θαάσσειν,tlg0001.tlg001.perseus-grc2.xml
Argonautica,tlg001,4,1275,μαιομένῳ κομιδῆς. ἀλλʼ οὐ μάλα νόστιμον ἦμαρ,μαιομένῳ κομιδῆς. ἀλλ’ οὐ μάλα νόστιμον ἦμαρ,tlg0001.tlg001.perseus-grc2.xml
Argonautica,tlg001,4,1276,Ζεὺς ἐθέλει καμάτοισιν ἐφʼ ἡμετέροισι τελέσσαι.,Ζεὺς ἐθέλει καμάτοισιν ἐφ’ ἡμετέροισι τελέσσαι.,tlg0001.tlg001.perseus-grc2.xml
Argonautica,tlg001,4,1277,ὧς φάτο δακρυόεις· σὺν δʼ ἔννεπον ἀσχαλόωντι,ὧς φάτο δακρυόεις· σὺν δ’ ἔννεπον ἀσχαλόωντι,tlg0001.tlg001.perseus-grc2.xml
Argonautica,tlg001,4,1278,ὅσσοι ἔσαν νηῶν δεδαημένοι· ἐν δʼ ἄρα πᾶσιν,ὅσσοι ἔσαν νηῶν δεδαημένοι· ἐν δ’ ἄρα πᾶσιν,tlg0001.tlg001.perseus-grc2.xml
Argonautica,tlg001,4,1279,"παχνώθη κραδίη, χύτο δὲ χλόος ἀμφὶ παρειάς.","παχνώθη κραδίη, χύτο δὲ χλόος ἀμφὶ παρειάς.",tlg0001.tlg001.perseus-grc2.xml
Argonautica,tlg001,4,1280,οἷον δʼ ἀψύχοισιν ἐοικότες εἰδώλοισιν,οἷον δ’ ἀψύχοισιν ἐοικότες εἰδώλοισιν,tlg0001.tlg001.perseus-grc2.xml
Argonautica,tlg001,4,1281,"ἀνέρες εἱλίσσονται ἀνὰ πτόλιν, ἢ πολέμοιο","ἀνέρες εἱλίσσονται ἀνὰ πτόλιν, ἢ πολέμοιο",tlg0001.tlg001.perseus-grc2.xml
Argonautica,tlg001,4,1282,"ἢ λοιμοῖο τέλος ποτιδέγμενοι, ἠέ τινʼ ὄμβρον","ἢ λοιμοῖο τέλος ποτιδέγμενοι, ἠέ τιν’ ὄμβρον",tlg0001.tlg001.perseus-grc2.xml
Argonautica,tlg001,4,1283,"ἄσπετον, ὅς τε βοῶν κατὰ μυρία ἔκλυσεν ἔργα,","ἄσπετον, ὅς τε βοῶν κατὰ μυρία ἔκλυσεν ἔργα,",tlg0001.tlg001.perseus-grc2.xml
Argonautica,tlg001,4,1284,ἢ ὅταν αὐτόματα ξόανα ῥέῃ ἱδρώοντα,ἢ ὅταν αὐτόματα ξόανα ῥέῃ ἱδρώοντα,tlg0001.tlg001.perseus-grc2.xml
Argonautica,tlg001,4,1285,"αἵματι, καὶ μυκαὶ σηκοῖς ἔνι φαντάζωνται,","αἵματι, καὶ μυκαὶ σηκοῖς ἔνι φαντάζωνται,",tlg0001.tlg001.perseus-grc2.xml
Argonautica,tlg001,4,1286,ἠὲ καὶ ἠέλιος μέσῳ ἤματι νύκτʼ ἐπάγῃσιν,ἠὲ καὶ ἠέλιος μέσῳ ἤματι νύκτ’ ἐπάγῃσιν,tlg0001.tlg001.perseus-grc2.xml
Argonautica,tlg001,4,1287,"οὐρανόθεν, τὰ δὲ λαμπρὰ διʼ ἠέρος ἄστρα φαείνοι·","οὐρανόθεν, τὰ δὲ λαμπρὰ δι’ ἠέρος ἄστρα φαείνοι·",tlg0001.tlg001.perseus-grc2.xml
Argonautica,tlg001,4,1288,ὧς τότʼ ἀριστῆες δολιχοῦ πρόπαρ αἰγιαλοῖο,ὧς τότ’ ἀριστῆες δολιχοῦ πρόπαρ αἰγιαλοῖο,tlg0001.tlg001.perseus-grc2.xml
Argonautica,tlg001,4,1289,ἤλυον ἑρπύζοντες. ἐπήλυθε δʼ αὐτίκʼ ἐρεμνὴ,ἤλυον ἑρπύζοντες. ἐπήλυθε δ’ αὐτίκ’ ἐρεμνὴ,tlg0001.tlg001.perseus-grc2.xml
Argonautica,tlg001,4,1290,ἕσπερος. οἱ δʼ ἐλεεινὰ χεροῖν σφέας ἀμφιβαλόντες,ἕσπερος. οἱ δ’ ἐλεεινὰ χεροῖν σφέας ἀμφιβαλόντες,tlg0001.tlg001.perseus-grc2.xml
Argonautica,tlg001,4,1291,"δακρυόειν ἀγάπαζον, ἵνʼ ἄνδιχα δῆθεν ἕκαστος","δακρυόειν ἀγάπαζον, ἵν’ ἄνδιχα δῆθεν ἕκαστος",tlg0001.tlg001.perseus-grc2.xml
Argonautica,tlg001,4,1292,θυμὸν ἀποφθίσειαν ἐνὶ ψαμάθοισι πεσόντες.,θυμὸν ἀποφθίσειαν ἐνὶ ψαμάθοισι πεσόντες.,tlg0001.tlg001.perseus-grc2.xml
Argonautica,tlg001,4,1293,βὰν δʼ ἴμεν ἄλλυδις ἄλλος ἑκαστέρω αὖλιν ἑλέσθαι·,βὰν δ’ ἴμεν ἄλλυδις ἄλλος ἑκαστέρω αὖλιν ἑλέσθαι·,tlg0001.tlg001.perseus-grc2.xml
Argonautica,tlg001,4,1294,ἐν δὲ κάρη πέπλοισι καλυψάμενοι σφετέροισιν,ἐν δὲ κάρη πέπλοισι καλυψάμενοι σφετέροισιν,tlg0001.tlg001.perseus-grc2.xml
Argonautica,tlg001,4,1295,ἄκμηνοι καὶ ἄπαστοι ἐκείατο νύκτʼ ἔπι πᾶσαν,ἄκμηνοι καὶ ἄπαστοι ἐκείατο νύκτ’ ἔπι πᾶσαν,tlg0001.tlg001.perseus-grc2.xml
Argonautica,tlg001,4,1296,"καὶ φάος, οἰκτίστῳ θανάτῳ ἔπι. νόσφι δὲ κοῦραι","καὶ φάος, οἰκτίστῳ θανάτῳ ἔπι. νόσφι δὲ κοῦραι",tlg0001.tlg001.perseus-grc2.xml
Argonautica,tlg001,4,1297,ἀθρόαι Αἰήταο παρεστενάχοντο θυγατρί.,ἀθρόαι Αἰήταο παρεστενάχοντο θυγατρί.,tlg0001.tlg001.perseus-grc2.xml
Argonautica,tlg001,4,1298,ὡς δʼ ὅτʼ ἐρημαῖοι πεπτηότες ἔκτοθι πέτρης,ὡς δ’ ὅτ’ ἐρημαῖοι πεπτηότες ἔκτοθι πέτρης,tlg0001.tlg001.perseus-grc2.xml
Argonautica,tlg001,4,1299,χηραμοῦ ἀπτῆνες λιγέα κλάζουσι νεοσσοί·,χηραμοῦ ἀπτῆνες λιγέα κλάζουσι νεοσσοί·,tlg0001.tlg001.perseus-grc2.xml
Argonautica,tlg001,4,1300,ἢ ὅτε καλὰ νάοντος ἐπʼ ὀφρύσι Πακτωλοῖο,ἢ ὅτε καλὰ νάοντος ἐπ’ ὀφρύσι Πακτωλοῖο,tlg0001.tlg001.perseus-grc2.xml
Argonautica,tlg001,4,1301,"κύκνοι κινήσωσιν ἑὸν μέλος, ἀμφὶ δὲ λειμὼν","κύκνοι κινήσωσιν ἑὸν μέλος, ἀμφὶ δὲ λειμὼν",tlg0001.tlg001.perseus-grc2.xml
Argonautica,tlg001,4,1302,ἑρσήεις βρέμεται ποταμοῖό τε καλὰ ῥέεθρα·,ἑρσήεις βρέμεται ποταμοῖό τε καλὰ ῥέεθρα·,tlg0001.tlg001.perseus-grc2.xml
Argonautica,tlg001,4,1303,ὧς αἱ ἐπὶ ξανθὰς θέμεναι κονίῃσιν ἐθείρας,ὧς αἱ ἐπὶ ξανθὰς θέμεναι κονίῃσιν ἐθείρας,tlg0001.tlg001.perseus-grc2.xml
Argonautica,tlg001,4,1304,παννύχιαι ἐλεεινὸν ἰήλεμον ὠδύροντο.,παννύχιαι ἐλεεινὸν ἰήλεμον ὠδύροντο.,tlg0001.tlg001.perseus-grc2.xml
Argonautica,tlg001,4,1305,καί νύ κεν αὐτοῦ πάντες ἀπὸ ζωῆς ἐλίασθεν,καί νύ κεν αὐτοῦ πάντες ἀπὸ ζωῆς ἐλίασθεν,tlg0001.tlg001.perseus-grc2.xml
Argonautica,tlg001,4,1306,νώνυμνοι καὶ ἄφαντοι ἐπιχθονίοισι δαῆναι,νώνυμνοι καὶ ἄφαντοι ἐπιχθονίοισι δαῆναι,tlg0001.tlg001.perseus-grc2.xml
Argonautica,tlg001,4,1307,ἡρώων οἱ ἄριστοι ἀνηνύστῳ ἐπʼ ἀέθλῳ·,ἡρώων οἱ ἄριστοι ἀνηνύστῳ ἐπ’ ἀέθλῳ·,tlg0001.tlg001.perseus-grc2.xml
Argonautica,tlg001,4,1308,ἀλλά σφεας ἐλέηραν ἀμηχανίῃ μινύθοντας,ἀλλά σφεας ἐλέηραν ἀμηχανίῃ μινύθοντας,tlg0001.tlg001.perseus-grc2.xml
Argonautica,tlg001,4,1309,"ἡρῷσσαι, Λιβύης τιμήοροι, αἵ ποτʼ Λ̓θήνην,","ἡρῷσσαι, Λιβύης τιμήοροι, αἵ ποτ’ Λ̓θήνην,",tlg0001.tlg001.perseus-grc2.xml
Argonautica,tlg001,4,1310,"ἦμος ὅτʼ ἐκ πατρὸς κεφαλῆς θόρε παμφαίνουσα,","ἦμος ὅτ’ ἐκ πατρὸς κεφαλῆς θόρε παμφαίνουσα,",tlg0001.tlg001.perseus-grc2.xml
Argonautica,tlg001,4,1311,ἀντόμεναι Τρίτωνος ἐφʼ ὕδασι χυτλώσαντο.,ἀντόμεναι Τρίτωνος ἐφ’ ὕδασι χυτλώσαντο.,tlg0001.tlg001.perseus-grc2.xml
Argonautica,tlg001,4,1312,"ἔνδιον ἦμαρ ἔην, περὶ δʼ ὀξύταται θέρον αὐγαὶ","ἔνδιον ἦμαρ ἔην, περὶ δ’ ὀξύταται θέρον αὐγαὶ",tlg0001.tlg001.perseus-grc2.xml
Argonautica,tlg001,4,1313,ἠελίου Λιβύην· αἱ δὲ σχεδὸν Αἰσονίδαο,ἠελίου Λιβύην· αἱ δὲ σχεδὸν Αἰσονίδαο,tlg0001.tlg001.perseus-grc2.xml
Argonautica,tlg001,4,1314,"ἔσταν, ἕλον δʼ ἀπὸ χερσὶ καρήατος ἠρέμα πέπλον.","ἔσταν, ἕλον δ’ ἀπὸ χερσὶ καρήατος ἠρέμα πέπλον.",tlg0001.tlg001.perseus-grc2.xml
Argonautica,tlg001,4,1315,"αὐτὰρ ὅγʼ εἰς ἑτέρωσε παλιμπετὲς ὄμματʼ ἔνεικεν,","αὐτὰρ ὅγ’ εἰς ἑτέρωσε παλιμπετὲς ὄμματ’ ἔνεικεν,",tlg0001.tlg001.perseus-grc2.xml
Argonautica,tlg001,4,1316,δαίμονας αἰδεσθείς· αὐτὸν δέ μιν ἀμφαδὸν οἶον,δαίμονας αἰδεσθείς· αὐτὸν δέ μιν ἀμφαδὸν οἶον,tlg0001.tlg001.perseus-grc2.xml
Argonautica,tlg001,4,1317,μειλιχίοις ἐπέεσσιν ἀτυζόμενον προσέειπον·,μειλιχίοις ἐπέεσσιν ἀτυζόμενον προσέειπον·,tlg0001.tlg001.perseus-grc2.xml
Argonautica,tlg001,4,1318,"κάμμορε, τίπτʼ ἐπὶ τόσσον ἀμηχανίῃ βεβόλησαι;","κάμμορε, τίπτ’ ἐπὶ τόσσον ἀμηχανίῃ βεβόλησαι;",tlg0001.tlg001.perseus-grc2.xml
Argonautica,tlg001,4,1319,ἴδμεν ἐποιχομένους χρύσεον δέρος· ἴδμεν ἕκαστα,ἴδμεν ἐποιχομένους χρύσεον δέρος· ἴδμεν ἕκαστα,tlg0001.tlg001.perseus-grc2.xml
Argonautica,tlg001,4,1320,"ὑμετέρων καμάτων, ὅσʼ ἐπὶ χθονός, ὅσσα τʼ ἐφʼ ὑγρὴν","ὑμετέρων καμάτων, ὅσ’ ἐπὶ χθονός, ὅσσα τ’ ἐφ’ ὑγρὴν",tlg0001.tlg001.perseus-grc2.xml
Argonautica,tlg001,4,1321,πλαζόμενοι κατὰ πόντον ὑπέρβια ἔργʼ ἐκάμεσθε.,πλαζόμενοι κατὰ πόντον ὑπέρβια ἔργ’ ἐκάμεσθε.,tlg0001.tlg001.perseus-grc2.xml
Argonautica,tlg001,4,1322,"οἰοπόλοι δʼ εἰμὲν χθόνιαι θεαὶ αὐδήεσσαι,","οἰοπόλοι δ’ εἰμὲν χθόνιαι θεαὶ αὐδήεσσαι,",tlg0001.tlg001.perseus-grc2.xml
Argonautica,tlg001,4,1323,"ἡρῷσσαι, Λιβύης τιμήοροι ἠδὲ θύγατρες.","ἡρῷσσαι, Λιβύης τιμήοροι ἠδὲ θύγατρες.",tlg0001.tlg001.perseus-grc2.xml
Argonautica,tlg001,4,1324,ἀλλʼ ἄνα· μηδʼ ἔτι τοῖον ὀιζύων ἀκάχησο·,ἀλλ’ ἄνα· μηδ’ ἔτι τοῖον ὀιζύων ἀκάχησο·,tlg0001.tlg001.perseus-grc2.xml
Argonautica,tlg001,4,1325,ἄνστησον δʼ ἑτάρους. εὖτʼ ἂν δέ τοι Ἀμφιτρίτη,ἄνστησον δ’ ἑτάρους. εὖτ’ ἂν δέ τοι Ἀμφιτρίτη,tlg0001.tlg001.perseus-grc2.xml
Argonautica,tlg001,4,1326,"ἅρμα Ποσειδάωνος ἐύτροχον αὐτίκα λύσῃ,","ἅρμα Ποσειδάωνος ἐύτροχον αὐτίκα λύσῃ,",tlg0001.tlg001.perseus-grc2.xml
Argonautica,tlg001,4,1327,δή ῥα τότε σφετέρῃ ἀπὸ μητέρι τίνετʼ ἀμοιβὴν,δή ῥα τότε σφετέρῃ ἀπὸ μητέρι τίνετ’ ἀμοιβὴν,tlg0001.tlg001.perseus-grc2.xml
Argonautica,tlg001,4,1328,ὧν ἔκαμεν δηρὸν κατὰ νηδύος ὔμμε φέρουσα·,ὧν ἔκαμεν δηρὸν κατὰ νηδύος ὔμμε φέρουσα·,tlg0001.tlg001.perseus-grc2.xml
Argonautica,tlg001,4,1329,καί κεν ἔτʼ ἠγαθέην ἐς Ἀχαιίδα νοστήσαιτε.,καί κεν ἔτ’ ἠγαθέην ἐς Ἀχαιίδα νοστήσαιτε.,tlg0001.tlg001.perseus-grc2.xml
Argonautica,tlg001,4,1330,"ὧς ἄρʼ ἔφαν, καὶ ἄφαντοι ἵνʼ ἔσταθεν, ἔνθʼ ἄρα ταίγε","ὧς ἄρ’ ἔφαν, καὶ ἄφαντοι ἵν’ ἔσταθεν, ἔνθ’ ἄρα ταίγε",tlg0001.tlg001.perseus-grc2.xml
Argonautica,tlg001,4,1331,φθογγῇ ὁμοῦ ἐγένοντο παρασχεδόν. αὐτὰρ Ἰήσων,φθογγῇ ὁμοῦ ἐγένοντο παρασχεδόν. αὐτὰρ Ἰήσων,tlg0001.tlg001.perseus-grc2.xml
Argonautica,tlg001,4,1332,"παπτήνας ἀνʼ ἄρʼ ἕζετʼ ἐπὶ χθονός, ὧδέ τʼ ἔειπεν·","παπτήνας ἀν’ ἄρ’ ἕζετ’ ἐπὶ χθονός, ὧδέ τ’ ἔειπεν·",tlg0001.tlg001.perseus-grc2.xml
Argonautica,tlg001,4,1333,Ἵλατʼ ἐρημονόμοι κυδραὶ θεαί· ἀμφὶ δὲ νόστῳ,Ἵλατ’ ἐρημονόμοι κυδραὶ θεαί· ἀμφὶ δὲ νόστῳ,tlg0001.tlg001.perseus-grc2.xml
Argonautica,tlg001,4,1334,οὔτι μαλʼ ἀντικρὺ νοέω φάτιν. ἦ μὲν ἑταίρους,οὔτι μαλ’ ἀντικρὺ νοέω φάτιν. ἦ μὲν ἑταίρους,tlg0001.tlg001.perseus-grc2.xml
Argonautica,tlg001,4,1335,"εἰς ἓν ἀγειράμενος μυθήσομαι, εἴ νύ τι τέκμωρ","εἰς ἓν ἀγειράμενος μυθήσομαι, εἴ νύ τι τέκμωρ",tlg0001.tlg001.perseus-grc2.xml
Argonautica,tlg001,4,1336,δήωμεν κομιδῆς· πολέων δέ τε μῆτις ἀρείων.,δήωμεν κομιδῆς· πολέων δέ τε μῆτις ἀρείων.,tlg0001.tlg001.perseus-grc2.xml
Argonautica,tlg001,4,1337,"ἦ, καὶ ἀναΐξας ἑτάρους ἐπὶ μακρὸν ἀύτει,","ἦ, καὶ ἀναΐξας ἑτάρους ἐπὶ μακρὸν ἀύτει,",tlg0001.tlg001.perseus-grc2.xml
Argonautica,tlg001,4,1338,"αὐσταλέος κονίῃσι, λέων ὥς, ὅς ῥά τʼ ἀνʼ ὕλην","αὐσταλέος κονίῃσι, λέων ὥς, ὅς ῥά τ’ ἀν’ ὕλην",tlg0001.tlg001.perseus-grc2.xml
Argonautica,tlg001,4,1339,σύννομον ἣν μεθέπων ὠρύεται· αἱ δὲ βαρείῃ,σύννομον ἣν μεθέπων ὠρύεται· αἱ δὲ βαρείῃ,tlg0001.tlg001.perseus-grc2.xml
Argonautica,tlg001,4,1340,φθογγῇ ὑποτρομέουσιν ἀνʼ οὔρεα τηλόθι βῆσσαι·,φθογγῇ ὑποτρομέουσιν ἀν’ οὔρεα τηλόθι βῆσσαι·,tlg0001.tlg001.perseus-grc2.xml
Argonautica,tlg001,4,1341,δείματι δʼ ἄγραυλοί τε βόες μέγα πεφρίκασιν,δείματι δ’ ἄγραυλοί τε βόες μέγα πεφρίκασιν,tlg0001.tlg001.perseus-grc2.xml
Argonautica,tlg001,4,1342,βουπελάται τε βοῶν· τοῖς δʼ οὔ νύ τι γῆρυς ἐτύχθη,βουπελάται τε βοῶν· τοῖς δ’ οὔ νύ τι γῆρυς ἐτύχθη,tlg0001.tlg001.perseus-grc2.xml
Argonautica,tlg001,4,1343,ῥιγεδανὴ ἑτάροιο φίλους ἐπικεκλομένοιο.,ῥιγεδανὴ ἑτάροιο φίλους ἐπικεκλομένοιο.,tlg0001.tlg001.perseus-grc2.xml
Argonautica,tlg001,4,1344,ἀγχοῦ δʼ ἠγερέθοντο κατηφέες· αὐτὰρ ὁ τούσγε,ἀγχοῦ δ’ ἠγερέθοντο κατηφέες· αὐτὰρ ὁ τούσγε,tlg0001.tlg001.perseus-grc2.xml
Argonautica,tlg001,4,1345,ἀχνυμένους ὅρμοιο πέλας μίγα θηλυτέρῃσιν,ἀχνυμένους ὅρμοιο πέλας μίγα θηλυτέρῃσιν,tlg0001.tlg001.perseus-grc2.xml
Argonautica,tlg001,4,1346,"ἱδρύσας, μυθεῖτο πιφαυσκόμενος τὰ ἕκαστα·","ἱδρύσας, μυθεῖτο πιφαυσκόμενος τὰ ἕκαστα·",tlg0001.tlg001.perseus-grc2.xml
Argonautica,tlg001,4,1347,"κλῦτε, φίλοι· τρεῖς γάρ μοι ἀνιάζοντι θεάων,","κλῦτε, φίλοι· τρεῖς γάρ μοι ἀνιάζοντι θεάων,",tlg0001.tlg001.perseus-grc2.xml
Argonautica,tlg001,4,1348,στέρφεσιν αἰγείοις ἐζωσμέναι ἐξ ὑπάτοιο,στέρφεσιν αἰγείοις ἐζωσμέναι ἐξ ὑπάτοιο,tlg0001.tlg001.perseus-grc2.xml
Argonautica,tlg001,4,1349,"αὐχένος ἀμφί τε νῶτα καὶ ἰξύας, ἠύτε κοῦραι,","αὐχένος ἀμφί τε νῶτα καὶ ἰξύας, ἠύτε κοῦραι,",tlg0001.tlg001.perseus-grc2.xml
Argonautica,tlg001,4,1350,ἔσταν ὑπὲρ κεφαλῆς μάλʼ ἐπισχεδόν· ἂν δʼ ἐκάλυψαν,ἔσταν ὑπὲρ κεφαλῆς μάλ’ ἐπισχεδόν· ἂν δ’ ἐκάλυψαν,tlg0001.tlg001.perseus-grc2.xml
Argonautica,tlg001,4,1351,"πέπλον ἐρυσσάμεναι κούφῃ χερί, καὶ μʼ ἐκέλοντο","πέπλον ἐρυσσάμεναι κούφῃ χερί, καὶ μ’ ἐκέλοντο",tlg0001.tlg001.perseus-grc2.xml
Argonautica,tlg001,4,1352,"αὐτόν τʼ ἔγρεσθαι, ἀνά θʼ ὑμέας ὄρσαι ἰόντα·","αὐτόν τ’ ἔγρεσθαι, ἀνά θ’ ὑμέας ὄρσαι ἰόντα·",tlg0001.tlg001.perseus-grc2.xml
Argonautica,tlg001,4,1353,μητέρι δὲ σφετέρῃ μενοεικέα τῖσαι ἀμοιβὴν,μητέρι δὲ σφετέρῃ μενοεικέα τῖσαι ἀμοιβὴν,tlg0001.tlg001.perseus-grc2.xml
Argonautica,tlg001,4,1354,ὧν ἔκαμεν δηρὸν κατὰ νηδύος ἄμμε φέρουσα,ὧν ἔκαμεν δηρὸν κατὰ νηδύος ἄμμε φέρουσα,tlg0001.tlg001.perseus-grc2.xml
Argonautica,tlg001,4,1355,ὁππότε κεν λύσῃσιν ἐύτροχον Ἀμφιτρίτη,ὁππότε κεν λύσῃσιν ἐύτροχον Ἀμφιτρίτη,tlg0001.tlg001.perseus-grc2.xml
Argonautica,tlg001,4,1356,ἅρμα Ποσειδάωνος. ἐγὼ δʼ οὐ πάγχυ νοῆσαι,ἅρμα Ποσειδάωνος. ἐγὼ δ’ οὐ πάγχυ νοῆσαι,tlg0001.tlg001.perseus-grc2.xml
Argonautica,tlg001,4,1357,τῆσδε θεοπροπίης ἴσχω πέρι. φάν γε μὲν εἶναι,τῆσδε θεοπροπίης ἴσχω πέρι. φάν γε μὲν εἶναι,tlg0001.tlg001.perseus-grc2.xml
Argonautica,tlg001,4,1358,"ἡρῷσσαι, Λιβύης τιμήοροι ᾐδὲ θύγατρες·","ἡρῷσσαι, Λιβύης τιμήοροι ᾐδὲ θύγατρες·",tlg0001.tlg001.perseus-grc2.xml
Argonautica,tlg001,4,1359,καὶ δʼ ὁπόσʼ αὐτοὶ πρόσθεν ἐπὶ χθονὸς ἠδʼ ὅσʼ ἐφʼ ὑγρὴν,καὶ δ’ ὁπόσ’ αὐτοὶ πρόσθεν ἐπὶ χθονὸς ἠδ’ ὅσ’ ἐφ’ ὑγρὴν,tlg0001.tlg001.perseus-grc2.xml
Argonautica,tlg001,4,1360,"ἔτλημεν, τὰ ἕκαστα διίδμεναι εὐχετόωντο.","ἔτλημεν, τὰ ἕκαστα διίδμεναι εὐχετόωντο.",tlg0001.tlg001.perseus-grc2.xml
Argonautica,tlg001,4,1361,"οὐδʼ ἔτι τάσδʼ ἀνὰ χῶρον ἐσέδρακον, ἀλλά τις ἀχλὺς","οὐδ’ ἔτι τάσδ’ ἀνὰ χῶρον ἐσέδρακον, ἀλλά τις ἀχλὺς",tlg0001.tlg001.perseus-grc2.xml
Argonautica,tlg001,4,1362,ἠὲ νέφος μεσσηγὺ φαεινομένας ἐκάλυψεν.,ἠὲ νέφος μεσσηγὺ φαεινομένας ἐκάλυψεν.,tlg0001.tlg001.perseus-grc2.xml
Argonautica,tlg001,4,1363,ὧς ἔφαθʼ· οἱ δʼ ἄρα πάντες ἐθάμβεον εἰσαΐοντες.,ὧς ἔφαθ’· οἱ δ’ ἄρα πάντες ἐθάμβεον εἰσαΐοντες.,tlg0001.tlg001.perseus-grc2.xml
Argonautica,tlg001,4,1364,ἔνθα τὸ μήκιστον τεράων Μινύῃσιν ἐτύχθη.,ἔνθα τὸ μήκιστον τεράων Μινύῃσιν ἐτύχθη.,tlg0001.tlg001.perseus-grc2.xml
Argonautica,tlg001,4,1365,"ἐξ ἁλὸς ἤπειρόνδε πελώριος ἔκθορεν ἵππος,","ἐξ ἁλὸς ἤπειρόνδε πελώριος ἔκθορεν ἵππος,",tlg0001.tlg001.perseus-grc2.xml
Argonautica,tlg001,4,1366,"ἀμφιλαφής, χρυσέῃσι μετήορος αὐχένα χαίταις·","ἀμφιλαφής, χρυσέῃσι μετήορος αὐχένα χαίταις·",tlg0001.tlg001.perseus-grc2.xml
Argonautica,tlg001,4,1367,ῥίμφα δὲ σεισάμενος γυίων ἄπο νήχυτον ἅλμην,ῥίμφα δὲ σεισάμενος γυίων ἄπο νήχυτον ἅλμην,tlg0001.tlg001.perseus-grc2.xml
Argonautica,tlg001,4,1368,"ὦρτο θέειν, πνοιῇ ἴκελος πόδας. αἶψα δὲ Πηλεὺς","ὦρτο θέειν, πνοιῇ ἴκελος πόδας. αἶψα δὲ Πηλεὺς",tlg0001.tlg001.perseus-grc2.xml
Argonautica,tlg001,4,1369,γηθήσας ἑτάροισιν ὁμηγερέεσσι μετηύδα·,γηθήσας ἑτάροισιν ὁμηγερέεσσι μετηύδα·,tlg0001.tlg001.perseus-grc2.xml
Argonautica,tlg001,4,1370,ἅρματα μὲν δή φημι Ποσειδάωνος ἔγωγε,ἅρματα μὲν δή φημι Ποσειδάωνος ἔγωγε,tlg0001.tlg001.perseus-grc2.xml
Argonautica,tlg001,4,1371,ἤδη νῦν ἀλόχοιο φίλης ὑπὸ χερσὶ λελύσθαι·,ἤδη νῦν ἀλόχοιο φίλης ὑπὸ χερσὶ λελύσθαι·,tlg0001.tlg001.perseus-grc2.xml
Argonautica,tlg001,4,1372,"μητέρα δʼ οὐκ ἄλλην προτιόσσομαι, ἠέ περ αὐτὴν","μητέρα δ’ οὐκ ἄλλην προτιόσσομαι, ἠέ περ αὐτὴν",tlg0001.tlg001.perseus-grc2.xml
Argonautica,tlg001,4,1373,νῆα πέλειν· ἦ γὰρ κατὰ νηδύος ἄμμε φέρουσα,νῆα πέλειν· ἦ γὰρ κατὰ νηδύος ἄμμε φέρουσα,tlg0001.tlg001.perseus-grc2.xml
Argonautica,tlg001,4,1374,νωλεμὲς ἀργαλέοισιν ὀιζύει καμάτοισιν.,νωλεμὲς ἀργαλέοισιν ὀιζύει καμάτοισιν.,tlg0001.tlg001.perseus-grc2.xml
Argonautica,tlg001,4,1375,ἀλλά μιν ἀστεμφεῖ τε βίῃ καὶ ἀτειρέσιν ὤμοις,ἀλλά μιν ἀστεμφεῖ τε βίῃ καὶ ἀτειρέσιν ὤμοις,tlg0001.tlg001.perseus-grc2.xml
Argonautica,tlg001,4,1376,ὑψόθεν ἀνθέμενοι ψαμαθώδεος ἔνδοθι γαίης,ὑψόθεν ἀνθέμενοι ψαμαθώδεος ἔνδοθι γαίης,tlg0001.tlg001.perseus-grc2.xml
Argonautica,tlg001,4,1377,"οἴσομεν, ᾗ προτέρωσε ταχὺς πόδας ἤλασεν ἵππος.","οἴσομεν, ᾗ προτέρωσε ταχὺς πόδας ἤλασεν ἵππος.",tlg0001.tlg001.perseus-grc2.xml
Argonautica,tlg001,4,1378,οὐ γὰρ ὅγε ξηρὴν ὑποδύσεται· ἴχνια δʼ ἡμῖν,οὐ γὰρ ὅγε ξηρὴν ὑποδύσεται· ἴχνια δ’ ἡμῖν,tlg0001.tlg001.perseus-grc2.xml
Argonautica,tlg001,4,1379,σημανέειν τινʼ ἔολπα μυχὸν καθύπερθε θαλάσσης.,σημανέειν τιν’ ἔολπα μυχὸν καθύπερθε θαλάσσης.,tlg0001.tlg001.perseus-grc2.xml
Argonautica,tlg001,4,1380,ὧς ηὔδα· πάντεσσι δʼ ἐπήβολος ἥνδανε μῆτις·,ὧς ηὔδα· πάντεσσι δ’ ἐπήβολος ἥνδανε μῆτις·,tlg0001.tlg001.perseus-grc2.xml
Argonautica,tlg001,4,1381,Μουσάων ὅδε μῦθος· ἐγὼ δʼ ὑπακουὸς ἀείδω,Μουσάων ὅδε μῦθος· ἐγὼ δ’ ὑπακουὸς ἀείδω,tlg0001.tlg001.perseus-grc2.xml
Argonautica,tlg001,4,1382,"Πιερίδων, καὶ τήνδε πανατρεκὲς ἔκλυον ὀμφήν,","Πιερίδων, καὶ τήνδε πανατρεκὲς ἔκλυον ὀμφήν,",tlg0001.tlg001.perseus-grc2.xml
Argonautica,tlg001,4,1383,"ὑμέας, ὦ πέρι δὴ μέγα φέρτατοι υἷες ἀνάκτων,","ὑμέας, ὦ πέρι δὴ μέγα φέρτατοι υἷες ἀνάκτων,",tlg0001.tlg001.perseus-grc2.xml
Argonautica,tlg001,4,1384,ᾗ βίῃ ᾗ τʼ ἀρετῇ Λιβύης ἀνὰ θῖνας ἐρήμους,ᾗ βίῃ ᾗ τ’ ἀρετῇ Λιβύης ἀνὰ θῖνας ἐρήμους,tlg0001.tlg001.perseus-grc2.xml
Argonautica,tlg001,4,1385,"νῆα μεταχρονίην ὅσα τʼ ἔνδοθι νηὸς ἄγεσθε,","νῆα μεταχρονίην ὅσα τ’ ἔνδοθι νηὸς ἄγεσθε,",tlg0001.tlg001.perseus-grc2.xml
Argonautica,tlg001,4,1386,ἀνθεμένους ὤμοισι φέρειν δυοκαίδεκα πάντα,ἀνθεμένους ὤμοισι φέρειν δυοκαίδεκα πάντα,tlg0001.tlg001.perseus-grc2.xml
Argonautica,tlg001,4,1387,ἤμαθʼ ὁμοῦ νύκτας τε. δύην γε μὲν ἢ καὶ ὀιζὺν,ἤμαθ’ ὁμοῦ νύκτας τε. δύην γε μὲν ἢ καὶ ὀιζὺν,tlg0001.tlg001.perseus-grc2.xml
Argonautica,tlg001,4,1388,"τίς κʼ ἐνέποι, τὴν κεῖνοι ἀνέπλησαν μογέοντες;","τίς κ’ ἐνέποι, τὴν κεῖνοι ἀνέπλησαν μογέοντες;",tlg0001.tlg001.perseus-grc2.xml
Argonautica,tlg001,4,1389,"ἔμπεδον ἀθανάτων ἔσαν αἵματος, οἷον ὑπέσταν","ἔμπεδον ἀθανάτων ἔσαν αἵματος, οἷον ὑπέσταν",tlg0001.tlg001.perseus-grc2.xml
Argonautica,tlg001,4,1390,"ἔργον, ἀναγκαίῃ βεβιημένοι. αὐτὰρ ἐπιπρὸ","ἔργον, ἀναγκαίῃ βεβιημένοι. αὐτὰρ ἐπιπρὸ",tlg0001.tlg001.perseus-grc2.xml
Argonautica,tlg001,4,1391,τῆλε μάλʼ ἀσπασίως Τριτωνίδος ὕδασι λίμνης,τῆλε μάλ’ ἀσπασίως Τριτωνίδος ὕδασι λίμνης,tlg0001.tlg001.perseus-grc2.xml
Argonautica,tlg001,4,1392,"ὡς φέρον, ὡς εἰσβάντες ἀπὸ στιβαρῶν θέσαν ὤμων.","ὡς φέρον, ὡς εἰσβάντες ἀπὸ στιβαρῶν θέσαν ὤμων.",tlg0001.tlg001.perseus-grc2.xml
Argonautica,tlg001,4,1393,Λυσσαλέοις δἤπειτʼ ἴκελοι κυσὶν ἀίσσοντες,Λυσσαλέοις δἤπειτ’ ἴκελοι κυσὶν ἀίσσοντες,tlg0001.tlg001.perseus-grc2.xml
Argonautica,tlg001,4,1394,πίδακα μαστεύεσκον· ἐπὶ ξηρὴ γὰρ ἔκειτο,πίδακα μαστεύεσκον· ἐπὶ ξηρὴ γὰρ ἔκειτο,tlg0001.tlg001.perseus-grc2.xml
Argonautica,tlg001,4,1395,"δίψα δυηπαθίῃ τε καὶ ἄλγεσιν, οὐδʼ ἐμάτησαν","δίψα δυηπαθίῃ τε καὶ ἄλγεσιν, οὐδ’ ἐμάτησαν",tlg0001.tlg001.perseus-grc2.xml
Argonautica,tlg001,4,1396,"πλαζόμενοι· ἷξον δʼ ἱερὸν πέδον, ᾧ ἔνι Λάδων","πλαζόμενοι· ἷξον δ’ ἱερὸν πέδον, ᾧ ἔνι Λάδων",tlg0001.tlg001.perseus-grc2.xml
Argonautica,tlg001,4,1397,εἰσέτι που χθιζὸν παγχρύσεα ῥύετο μῆλα,εἰσέτι που χθιζὸν παγχρύσεα ῥύετο μῆλα,tlg0001.tlg001.perseus-grc2.xml
Argonautica,tlg001,4,1398,"χώρῳ ἐν Ἄτλαντος, χθόνιος ὄφις· ἀμφὶ δὲ νύμφαι","χώρῳ ἐν Ἄτλαντος, χθόνιος ὄφις· ἀμφὶ δὲ νύμφαι",tlg0001.tlg001.perseus-grc2.xml
Argonautica,tlg001,4,1399,"Ἑσπερίδες ποίπνυον, ἐφίμερον ἀείδουσαι.","Ἑσπερίδες ποίπνυον, ἐφίμερον ἀείδουσαι.",tlg0001.tlg001.perseus-grc2.xml
Argonautica,tlg001,4,1400,δὴ τότε δʼ ἤδη τῆμος ὑφʼ Ἡρακλῆι δαϊχθεὶς,δὴ τότε δ’ ἤδη τῆμος ὑφ’ Ἡρακλῆι δαϊχθεὶς,tlg0001.tlg001.perseus-grc2.xml
Argonautica,tlg001,4,1401,μήλειον βέβλητο ποτὶ στύπος· οἰόθι δʼ ἄκρῃ,μήλειον βέβλητο ποτὶ στύπος· οἰόθι δ’ ἄκρῃ,tlg0001.tlg001.perseus-grc2.xml
Argonautica,tlg001,4,1402,οὐρῇ ἔτι σκαίρεσκεν· ἀπὸ κρατὸς δὲ κελαινὴν,οὐρῇ ἔτι σκαίρεσκεν· ἀπὸ κρατὸς δὲ κελαινὴν,tlg0001.tlg001.perseus-grc2.xml
Argonautica,tlg001,4,1403,ἄχρις ἐπʼ ἄκνηστιν κεῖτʼ ἄπνοος· ἐκ δὲ λιπόντων,ἄχρις ἐπ’ ἄκνηστιν κεῖτ’ ἄπνοος· ἐκ δὲ λιπόντων,tlg0001.tlg001.perseus-grc2.xml
Argonautica,tlg001,4,1404,ὕδρης Λερναίης χόλον αἵματι πικρὸν ὀιστῶν,ὕδρης Λερναίης χόλον αἵματι πικρὸν ὀιστῶν,tlg0001.tlg001.perseus-grc2.xml
Argonautica,tlg001,4,1405,μυῖαι πυθομένοισιν ἐφʼ ἕλκεσι τερσαίνοντο.,μυῖαι πυθομένοισιν ἐφ’ ἕλκεσι τερσαίνοντο.,tlg0001.tlg001.perseus-grc2.xml
Argonautica,tlg001,4,1406,ἀγχοῦ δʼ Ἑσπερίδες κεφαλαῖς ἔπι χεῖρας ἔχουσαι,ἀγχοῦ δ’ Ἑσπερίδες κεφαλαῖς ἔπι χεῖρας ἔχουσαι,tlg0001.tlg001.perseus-grc2.xml
Argonautica,tlg001,4,1407,ἀργυφέας ξανθῇσι λίγʼ ἔστενον· οἱ δʼ ἐπέλασσαν,ἀργυφέας ξανθῇσι λίγ’ ἔστενον· οἱ δ’ ἐπέλασσαν,tlg0001.tlg001.perseus-grc2.xml
Argonautica,tlg001,4,1408,"ἄφνω ὁμοῦ· ταὶ δʼ αἶψα κόνις καὶ γαῖα, κιόντων","ἄφνω ὁμοῦ· ταὶ δ’ αἶψα κόνις καὶ γαῖα, κιόντων",tlg0001.tlg001.perseus-grc2.xml
Argonautica,tlg001,4,1409,"ἐσσυμένως, ἐγένοντο καταυτόθι. νώσατο δʼ Ὀρφεὺς","ἐσσυμένως, ἐγένοντο καταυτόθι. νώσατο δ’ Ὀρφεὺς",tlg0001.tlg001.perseus-grc2.xml
Argonautica,tlg001,4,1410,"θεῖα τέρα, τὰς δέ σφι παρηγορέεσκε λιτῇσιν·","θεῖα τέρα, τὰς δέ σφι παρηγορέεσκε λιτῇσιν·",tlg0001.tlg001.perseus-grc2.xml
Argonautica,tlg001,4,1411,"δαίμονες ὦ καλαὶ καὶ ἐύφρονες, ἵλατʼ, ἄνασσαι,","δαίμονες ὦ καλαὶ καὶ ἐύφρονες, ἵλατ’, ἄνασσαι,",tlg0001.tlg001.perseus-grc2.xml
Argonautica,tlg001,4,1412,"εἴτʼ οὖν οὐρανίαις ἐναρίθμιοί ἐστε θεῇσιν,","εἴτ’ οὖν οὐρανίαις ἐναρίθμιοί ἐστε θεῇσιν,",tlg0001.tlg001.perseus-grc2.xml
Argonautica,tlg001,4,1413,"εἴτε καταχθονίαις, εἴτʼ οἰοπόλοι καλέεσθε","εἴτε καταχθονίαις, εἴτ’ οἰοπόλοι καλέεσθε",tlg0001.tlg001.perseus-grc2.xml
Argonautica,tlg001,4,1414,"νύμφαι· ἴτʼ ὦ νύμφαι, ἱερὸν γένος Ὠκεανοῖο,","νύμφαι· ἴτ’ ὦ νύμφαι, ἱερὸν γένος Ὠκεανοῖο,",tlg0001.tlg001.perseus-grc2.xml
Argonautica,tlg001,4,1415,δείξατʼ ἐελδομένοισιν ἐνωπαδὶς ἄμμι φανεῖσαι,δείξατ’ ἐελδομένοισιν ἐνωπαδὶς ἄμμι φανεῖσαι,tlg0001.tlg001.perseus-grc2.xml
Argonautica,tlg001,4,1416,"ἤ τινα πετραίην χύσιν ὕδατος, ἤ τινα γαίης","ἤ τινα πετραίην χύσιν ὕδατος, ἤ τινα γαίης",tlg0001.tlg001.perseus-grc2.xml
Argonautica,tlg001,4,1417,"ἱερὸν ἐκβλύοντα, θεαί, ῥόον, ᾧ ἀπὸ δίψαν","ἱερὸν ἐκβλύοντα, θεαί, ῥόον, ᾧ ἀπὸ δίψαν",tlg0001.tlg001.perseus-grc2.xml
Argonautica,tlg001,4,1418,αἰθομένην ἄμοτον λωφήσομεν. εἰ δέ κεν αὖτις,αἰθομένην ἄμοτον λωφήσομεν. εἰ δέ κεν αὖτις,tlg0001.tlg001.perseus-grc2.xml
Argonautica,tlg001,4,1419,"δή ποτʼ Ἀχαιίδα γαῖαν ἱκώμεθα ναυτιλίῃσιν,","δή ποτ’ Ἀχαιίδα γαῖαν ἱκώμεθα ναυτιλίῃσιν,",tlg0001.tlg001.perseus-grc2.xml
Argonautica,tlg001,4,1420,δὴ τότε μυρία δῶρα μετὰ πρώτῃσι θεάων,δὴ τότε μυρία δῶρα μετὰ πρώτῃσι θεάων,tlg0001.tlg001.perseus-grc2.xml
Argonautica,tlg001,4,1421,λοιβάς τʼ εἰλαπίνας τε παρέξομεν εὐμενέοντες.,λοιβάς τ’ εἰλαπίνας τε παρέξομεν εὐμενέοντες.,tlg0001.tlg001.perseus-grc2.xml
Argonautica,tlg001,4,1422,ὧς φάτο λισσόμενος ἀδινῇ ὀπί· ταὶ δʼ ἐλέαιρον,ὧς φάτο λισσόμενος ἀδινῇ ὀπί· ταὶ δ’ ἐλέαιρον,tlg0001.tlg001.perseus-grc2.xml
Argonautica,tlg001,4,1423,ἐγγύθεν ἀχνυμένους· καὶ δὴ χθονὸς ἐξανέτειλαν,ἐγγύθεν ἀχνυμένους· καὶ δὴ χθονὸς ἐξανέτειλαν,tlg0001.tlg001.perseus-grc2.xml
Argonautica,tlg001,4,1424,ποίην πάμπρωτον· ποίης γε μὲν ὑψόθι μακροὶ,ποίην πάμπρωτον· ποίης γε μὲν ὑψόθι μακροὶ,tlg0001.tlg001.perseus-grc2.xml
Argonautica,tlg001,4,1425,βλάστεον ὅρπηκες· μετὰ δʼ ἔρνεα τηλεθάοντα,βλάστεον ὅρπηκες· μετὰ δ’ ἔρνεα τηλεθάοντα,tlg0001.tlg001.perseus-grc2.xml
Argonautica,tlg001,4,1426,πολλὸν ὑπὲρ γαίης ὀρθοσταδὸν ἠέξοντο.,πολλὸν ὑπὲρ γαίης ὀρθοσταδὸν ἠέξοντο.,tlg0001.tlg001.perseus-grc2.xml
Argonautica,tlg001,4,1427,"Ἑσπέρη αἴγειρος, πτελέη δʼ Ἐρυθηὶς ἔγεντο·","Ἑσπέρη αἴγειρος, πτελέη δ’ Ἐρυθηὶς ἔγεντο·",tlg0001.tlg001.perseus-grc2.xml
Argonautica,tlg001,4,1428,Λἴγλη δʼ ἰτείης ἱερὸν στύπος. ἐκ δέ νυ κείνων,Λἴγλη δ’ ἰτείης ἱερὸν στύπος. ἐκ δέ νυ κείνων,tlg0001.tlg001.perseus-grc2.xml
Argonautica,tlg001,4,1429,"δενδρέων, οἷαι ἔσαν, τοῖαι πάλιν ἔμπεδον αὔτως","δενδρέων, οἷαι ἔσαν, τοῖαι πάλιν ἔμπεδον αὔτως",tlg0001.tlg001.perseus-grc2.xml
Argonautica,tlg001,4,1430,"ἐξέφανεν, θάμβος περιώσιον, ἔκφατο δʼ Αἴγλη","ἐξέφανεν, θάμβος περιώσιον, ἔκφατο δ’ Αἴγλη",tlg0001.tlg001.perseus-grc2.xml
Argonautica,tlg001,4,1431,μειλιχίοις ἐπέεσσιν ἀμειβομένη χατέοντας·,μειλιχίοις ἐπέεσσιν ἀμειβομένη χατέοντας·,tlg0001.tlg001.perseus-grc2.xml
Argonautica,tlg001,4,1432,ἦ ἄρα δὴ μέγα πάμπαν ἐφʼ ὑμετέροισιν ὄνειαρ,ἦ ἄρα δὴ μέγα πάμπαν ἐφ’ ὑμετέροισιν ὄνειαρ,tlg0001.tlg001.perseus-grc2.xml
Argonautica,tlg001,4,1433,"δεῦρʼ ἔμολεν καμάτοισιν ὁ κύντατος, ὅστις ἀπούρας","δεῦρ’ ἔμολεν καμάτοισιν ὁ κύντατος, ὅστις ἀπούρας",tlg0001.tlg001.perseus-grc2.xml
Argonautica,tlg001,4,1434,φρουρὸν ὄφιν ζωῆς παγχρύσεα μῆλα θεάων,φρουρὸν ὄφιν ζωῆς παγχρύσεα μῆλα θεάων,tlg0001.tlg001.perseus-grc2.xml
Argonautica,tlg001,4,1435,οἴχετʼ ἀειράμενος· στυγερὸν δʼ ἄχος ἄμμι λέλειπται.,οἴχετ’ ἀειράμενος· στυγερὸν δ’ ἄχος ἄμμι λέλειπται.,tlg0001.tlg001.perseus-grc2.xml
Argonautica,tlg001,4,1436,ἤλυθε γὰρ χθιζός τις ἀνὴρ ὀλοώτατος ὕβριν,ἤλυθε γὰρ χθιζός τις ἀνὴρ ὀλοώτατος ὕβριν,tlg0001.tlg001.perseus-grc2.xml
Argonautica,tlg001,4,1437,καὶ δέμας· ὄσσε δέ οἱ βλοσυρῷ ὑπέλαμπε μετώπῳ·,καὶ δέμας· ὄσσε δέ οἱ βλοσυρῷ ὑπέλαμπε μετώπῳ·,tlg0001.tlg001.perseus-grc2.xml
Argonautica,tlg001,4,1438,νηλής· ἀμφὶ δὲ δέρμα πελωρίου ἕστο λέοντος,νηλής· ἀμφὶ δὲ δέρμα πελωρίου ἕστο λέοντος,tlg0001.tlg001.perseus-grc2.xml
Argonautica,tlg001,4,1439,"ὠμόν, ἀδέψητον· στιβαρὸν δʼ ἔχεν ὄζον ἐλαίης","ὠμόν, ἀδέψητον· στιβαρὸν δ’ ἔχεν ὄζον ἐλαίης",tlg0001.tlg001.perseus-grc2.xml
Argonautica,tlg001,4,1440,"τόξα τε, τοῖσι πέλωρ τόδʼ ἀπέφθισεν ἰοβολήσας.","τόξα τε, τοῖσι πέλωρ τόδ’ ἀπέφθισεν ἰοβολήσας.",tlg0001.tlg001.perseus-grc2.xml
Argonautica,tlg001,4,1441,"ἤλυθε δʼ οὖν κἀκεῖνος, ἅ τε χθόνα πεζὸς ὁδεύων,","ἤλυθε δ’ οὖν κἀκεῖνος, ἅ τε χθόνα πεζὸς ὁδεύων,",tlg0001.tlg001.perseus-grc2.xml
Argonautica,tlg001,4,1442,"δίψῃ καρχαλέος· παίφασσε δὲ τόνδʼ ἀνὰ χῶρον,","δίψῃ καρχαλέος· παίφασσε δὲ τόνδ’ ἀνὰ χῶρον,",tlg0001.tlg001.perseus-grc2.xml
Argonautica,tlg001,4,1443,"ὕδωρ ἐξερέων, τὸ μὲν οὔ ποθι μέλλεν ἰδέσθαι.","ὕδωρ ἐξερέων, τὸ μὲν οὔ ποθι μέλλεν ἰδέσθαι.",tlg0001.tlg001.perseus-grc2.xml
Argonautica,tlg001,4,1444,ἥδε δέ τις πέτρη Τριτωνίδος ἐγγύθι λίμνης·,ἥδε δέ τις πέτρη Τριτωνίδος ἐγγύθι λίμνης·,tlg0001.tlg001.perseus-grc2.xml
Argonautica,tlg001,4,1445,"τὴν ὅγʼ ἐπιφρασθείς, ἢ καὶ θεοῦ ἐννεσίῃσιν,","τὴν ὅγ’ ἐπιφρασθείς, ἢ καὶ θεοῦ ἐννεσίῃσιν,",tlg0001.tlg001.perseus-grc2.xml
Argonautica,tlg001,4,1446,λὰξ ποδὶ τύψεν ἔνερθε· τὸ δʼ ἀθρόον ἔβλυσεν ὕδωρ.,λὰξ ποδὶ τύψεν ἔνερθε· τὸ δ’ ἀθρόον ἔβλυσεν ὕδωρ.,tlg0001.tlg001.perseus-grc2.xml
Argonautica,tlg001,4,1447,αὐτὰρ ὅγʼ ἄμφω χεῖρε πέδῳ καὶ στέρνον ἐρείσας,αὐτὰρ ὅγ’ ἄμφω χεῖρε πέδῳ καὶ στέρνον ἐρείσας,tlg0001.tlg001.perseus-grc2.xml
Argonautica,tlg001,4,1448,"ῥωγάδος ἐκ πέτρης πίεν ἄσπετον, ὄφρα βαθεῖαν","ῥωγάδος ἐκ πέτρης πίεν ἄσπετον, ὄφρα βαθεῖαν",tlg0001.tlg001.perseus-grc2.xml
Argonautica,tlg001,4,1449,"νηδύν, φορβάδι ἶσος ἐπιπροπεσών, ἐκορέσθη.","νηδύν, φορβάδι ἶσος ἐπιπροπεσών, ἐκορέσθη.",tlg0001.tlg001.perseus-grc2.xml
Argonautica,tlg001,4,1450,ὧς φάτο· τοὶ δʼ ἀσπαστὸν ἵνα σφίσι πέφραδεν Αἴγλη,ὧς φάτο· τοὶ δ’ ἀσπαστὸν ἵνα σφίσι πέφραδεν Αἴγλη,tlg0001.tlg001.perseus-grc2.xml
Argonautica,tlg001,4,1451,"πίδακα, τῇ θέον αἶψα κεχαρμένοι, ὄφρʼ ἐπέκυρσαν.","πίδακα, τῇ θέον αἶψα κεχαρμένοι, ὄφρ’ ἐπέκυρσαν.",tlg0001.tlg001.perseus-grc2.xml
Argonautica,tlg001,4,1452,ὡς δʼ ὁπότε στεινὴν περὶ χηραμὸν εἱλίσσονται,ὡς δ’ ὁπότε στεινὴν περὶ χηραμὸν εἱλίσσονται,tlg0001.tlg001.perseus-grc2.xml
Argonautica,tlg001,4,1453,"γειομόροι μύρμηκες ὁμιλαδόν, ἢ ὅτε μυῖαι","γειομόροι μύρμηκες ὁμιλαδόν, ἢ ὅτε μυῖαι",tlg0001.tlg001.perseus-grc2.xml
Argonautica,tlg001,4,1454,ἀμφʼ ὀλίγην μέλιτος γλυκεροῦ λίβα πεπτηυῖαι,ἀμφ’ ὀλίγην μέλιτος γλυκεροῦ λίβα πεπτηυῖαι,tlg0001.tlg001.perseus-grc2.xml
Argonautica,tlg001,4,1455,ἄπλητον μεμάασιν ἐπήτριμοι· ὧς τότʼ ἀολλεῖς,ἄπλητον μεμάασιν ἐπήτριμοι· ὧς τότ’ ἀολλεῖς,tlg0001.tlg001.perseus-grc2.xml
Argonautica,tlg001,4,1456,πετραίῃ Μινύαι περὶ πίδακι δινεύεσκον.,πετραίῃ Μινύαι περὶ πίδακι δινεύεσκον.,tlg0001.tlg001.perseus-grc2.xml
Argonautica,tlg001,4,1457,καί πού τις διεροῖς ἐπὶ χείλεσιν εἶπεν ἰανθείς·,καί πού τις διεροῖς ἐπὶ χείλεσιν εἶπεν ἰανθείς·,tlg0001.tlg001.perseus-grc2.xml
Argonautica,tlg001,4,1458,"ὦ πόποι, ἦ καὶ νόσφιν ἐὼν ἐσάωσεν ἑταίρους","ὦ πόποι, ἦ καὶ νόσφιν ἐὼν ἐσάωσεν ἑταίρους",tlg0001.tlg001.perseus-grc2.xml
Argonautica,tlg001,4,1459,Ἡρακλέης δίψῃ κεκμηότας. ἀλλά μιν εἴ πως,Ἡρακλέης δίψῃ κεκμηότας. ἀλλά μιν εἴ πως,tlg0001.tlg001.perseus-grc2.xml
Argonautica,tlg001,4,1460,δήοιμεν στείχοντα διʼ ἠπείροιο κιόντες.,δήοιμεν στείχοντα δι’ ἠπείροιο κιόντες.,tlg0001.tlg001.perseus-grc2.xml
Argonautica,tlg001,4,1461,"ἦ, καὶ ἀμειβομένων, οἵ τʼ ἄρμενοι ἐς τόδε ἔργον,","ἦ, καὶ ἀμειβομένων, οἵ τ’ ἄρμενοι ἐς τόδε ἔργον,",tlg0001.tlg001.perseus-grc2.xml
Argonautica,tlg001,4,1462,ἔκριθεν ἄλλυδις ἄλλος ἐπαΐξας ἐρεείνειν.,ἔκριθεν ἄλλυδις ἄλλος ἐπαΐξας ἐρεείνειν.,tlg0001.tlg001.perseus-grc2.xml
Argonautica,tlg001,4,1463,ἴχνια γὰρ νυχίοισιν ἐπηλίνδητʼ ἀνέμοισιν,ἴχνια γὰρ νυχίοισιν ἐπηλίνδητ’ ἀνέμοισιν,tlg0001.tlg001.perseus-grc2.xml
Argonautica,tlg001,4,1464,κινυμένης ἀμάθου. Βορέαο μὲν ὡρμήθησαν,κινυμένης ἀμάθου. Βορέαο μὲν ὡρμήθησαν,tlg0001.tlg001.perseus-grc2.xml
Argonautica,tlg001,4,1465,"υἷε δύω, πτερύγεσσι πεποιθότε. ποσσὶ δὲ κούφοις","υἷε δύω, πτερύγεσσι πεποιθότε. ποσσὶ δὲ κούφοις",tlg0001.tlg001.perseus-grc2.xml
Argonautica,tlg001,4,1466,"Εὔφημος πίσυνος, Λυγκεύς γε μὲν ὀξέα τηλοῦ","Εὔφημος πίσυνος, Λυγκεύς γε μὲν ὀξέα τηλοῦ",tlg0001.tlg001.perseus-grc2.xml
Argonautica,tlg001,4,1467,ὄσσε βαλεῖν· πέμπτος δὲ μετὰ σφίσιν ἔσσυτο Κάνθος.,ὄσσε βαλεῖν· πέμπτος δὲ μετὰ σφίσιν ἔσσυτο Κάνθος.,tlg0001.tlg001.perseus-grc2.xml
Argonautica,tlg001,4,1468,τὸν μὲν ἄρʼ αἶσα θεῶν κείνην ὁδὸν ἠνορέη τε,τὸν μὲν ἄρ’ αἶσα θεῶν κείνην ὁδὸν ἠνορέη τε,tlg0001.tlg001.perseus-grc2.xml
Argonautica,tlg001,4,1469,"ὦρσεν, ἵνʼ Ἡρακλῆος ἀπηλεγέως πεπύθοιτο,","ὦρσεν, ἵν’ Ἡρακλῆος ἀπηλεγέως πεπύθοιτο,",tlg0001.tlg001.perseus-grc2.xml
Argonautica,tlg001,4,1470,Εἰλατίδην Πολύφημον ὅπῃ λίπε· μέμβλετο γάρ οἱ,Εἰλατίδην Πολύφημον ὅπῃ λίπε· μέμβλετο γάρ οἱ,tlg0001.tlg001.perseus-grc2.xml
Argonautica,tlg001,4,1471,οὗ ἕθεν ἀμφʼ ἑτάροιο μεταλλῆσαι τὰ ἕκαστα.,οὗ ἕθεν ἀμφ’ ἑτάροιο μεταλλῆσαι τὰ ἕκαστα.,tlg0001.tlg001.perseus-grc2.xml
Argonautica,tlg001,4,1472,ἀλλʼ ὁ μὲν οὖν Μυσοῖσιν ἐπικλεὲς ἄστυ πολίσσας,ἀλλ’ ὁ μὲν οὖν Μυσοῖσιν ἐπικλεὲς ἄστυ πολίσσας,tlg0001.tlg001.perseus-grc2.xml
Argonautica,tlg001,4,1473,νόστου κηδοσύνῃσιν ἔβη διζήμενος Ἀργὼ,νόστου κηδοσύνῃσιν ἔβη διζήμενος Ἀργὼ,tlg0001.tlg001.perseus-grc2.xml
Argonautica,tlg001,4,1474,τῆλε διʼ ἠπείροιο· τέως δʼ ἐξίκετο γαῖαν,τῆλε δι’ ἠπείροιο· τέως δ’ ἐξίκετο γαῖαν,tlg0001.tlg001.perseus-grc2.xml
Argonautica,tlg001,4,1475,ἀγχιάλων Χαλύβων· τόθι μιν καὶ Μοῖρʼ ἐδάμασσεν.,ἀγχιάλων Χαλύβων· τόθι μιν καὶ Μοῖρ’ ἐδάμασσεν.,tlg0001.tlg001.perseus-grc2.xml
Argonautica,tlg001,4,1476,καί οἱ ὑπὸ βλωθρὴν ἀχερωίδα σῆμα τέτυκται,καί οἱ ὑπὸ βλωθρὴν ἀχερωίδα σῆμα τέτυκται,tlg0001.tlg001.perseus-grc2.xml
Argonautica,tlg001,4,1477,τυτθὸν ἁλὸς προπάροιθεν. ἀτὰρ τότε γʼ Ἡρακλῆα,τυτθὸν ἁλὸς προπάροιθεν. ἀτὰρ τότε γ’ Ἡρακλῆα,tlg0001.tlg001.perseus-grc2.xml
Argonautica,tlg001,4,1478,μοῦνον ἀπειρεσίης τηλοῦ χθονὸς εἴσατο Λυγκεὺς,μοῦνον ἀπειρεσίης τηλοῦ χθονὸς εἴσατο Λυγκεὺς,tlg0001.tlg001.perseus-grc2.xml
Argonautica,tlg001,4,1479,"τὼς ἰδέειν, ὥς τίς τε νέῳ ἐνὶ ἤματι μήνην","τὼς ἰδέειν, ὥς τίς τε νέῳ ἐνὶ ἤματι μήνην",tlg0001.tlg001.perseus-grc2.xml
Argonautica,tlg001,4,1480,"ἢ ἴδεν, ἢ ἐδόκησεν ἐπαχλύουσαν ἰδέσθαι.","ἢ ἴδεν, ἢ ἐδόκησεν ἐπαχλύουσαν ἰδέσθαι.",tlg0001.tlg001.perseus-grc2.xml
Argonautica,tlg001,4,1481,"ἐς δʼ ἑτάρους ἀνιὼν μυθήσατο, μή μιν ἔτʼ ἄλλον","ἐς δ’ ἑτάρους ἀνιὼν μυθήσατο, μή μιν ἔτ’ ἄλλον",tlg0001.tlg001.perseus-grc2.xml
Argonautica,tlg001,4,1482,μαστῆρα στείχοντα κιχησέμεν· οἱ δὲ καὶ αὐτοὶ,μαστῆρα στείχοντα κιχησέμεν· οἱ δὲ καὶ αὐτοὶ,tlg0001.tlg001.perseus-grc2.xml
Argonautica,tlg001,4,1483,"ἤλυθον, Εὔφημός τε πόδας ταχὺς υἷέ τε δοιὼ","ἤλυθον, Εὔφημός τε πόδας ταχὺς υἷέ τε δοιὼ",tlg0001.tlg001.perseus-grc2.xml
Argonautica,tlg001,4,1484,"Θρηικίου Βορέω, μεταμώνια μοχθήσαντε.","Θρηικίου Βορέω, μεταμώνια μοχθήσαντε.",tlg0001.tlg001.perseus-grc2.xml
Argonautica,tlg001,4,1485,"Κάνθε, σὲ δʼ οὐλόμεναι Λιβύῃ ἔνι Κῆρες ἕλοντο.","Κάνθε, σὲ δ’ οὐλόμεναι Λιβύῃ ἔνι Κῆρες ἕλοντο.",tlg0001.tlg001.perseus-grc2.xml
Argonautica,tlg001,4,1486,πώεσι φερβομένοισι συνήντεες· εἵπετο δʼ ἀνὴρ,πώεσι φερβομένοισι συνήντεες· εἵπετο δ’ ἀνὴρ,tlg0001.tlg001.perseus-grc2.xml
Argonautica,tlg001,4,1487,"αὐλίτης, ὅ σʼ ἑῶν μήλων πέρι, τόφρʼ ἑτάροισιν","αὐλίτης, ὅ σ’ ἑῶν μήλων πέρι, τόφρ’ ἑτάροισιν",tlg0001.tlg001.perseus-grc2.xml
Argonautica,tlg001,4,1488,"δευομένοις κομίσειας, ἀλεξόμενος κατέπεφνεν","δευομένοις κομίσειας, ἀλεξόμενος κατέπεφνεν",tlg0001.tlg001.perseus-grc2.xml
Argonautica,tlg001,4,1489,"λᾶι βαλών· ἐπεὶ οὐ μὲν ἀφαυρότερός γʼ ἐτέτυκτο,","λᾶι βαλών· ἐπεὶ οὐ μὲν ἀφαυρότερός γ’ ἐτέτυκτο,",tlg0001.tlg001.perseus-grc2.xml
Argonautica,tlg001,4,1490,υἱωνὸς Φοίβοιο Λυκωρείοιο Κάφαυρος,υἱωνὸς Φοίβοιο Λυκωρείοιο Κάφαυρος,tlg0001.tlg001.perseus-grc2.xml
Argonautica,tlg001,4,1491,"κούρης τʼ αἰδοίης Ἀκακαλλίδος, ἥν ποτε Μίνως","κούρης τ’ αἰδοίης Ἀκακαλλίδος, ἥν ποτε Μίνως",tlg0001.tlg001.perseus-grc2.xml
Argonautica,tlg001,4,1492,"ἐς Αιβύην ἀπένασσε θεοῦ βαρὺ κῦμα φέρουσαν,","ἐς Αιβύην ἀπένασσε θεοῦ βαρὺ κῦμα φέρουσαν,",tlg0001.tlg001.perseus-grc2.xml
Argonautica,tlg001,4,1493,θυγατέρα σφετέρην· ἡ δʼ ἀγλαὸν υἱέα Φοίβῳ,θυγατέρα σφετέρην· ἡ δ’ ἀγλαὸν υἱέα Φοίβῳ,tlg0001.tlg001.perseus-grc2.xml
Argonautica,tlg001,4,1494,"τίκτεν, ὃν Ἀμφίθεμιν Γαράμαντά τε κικλήσκουσιν.","τίκτεν, ὃν Ἀμφίθεμιν Γαράμαντά τε κικλήσκουσιν.",tlg0001.tlg001.perseus-grc2.xml
Argonautica,tlg001,4,1495,Ἀμφίθεμις δʼ ἄρʼ ἔπειτα μίγη Τριτωνίδι νύμφῃ·,Ἀμφίθεμις δ’ ἄρ’ ἔπειτα μίγη Τριτωνίδι νύμφῃ·,tlg0001.tlg001.perseus-grc2.xml
Argonautica,tlg001,4,1496,"ἡ δʼ ἄρα οἱ Νασάμωνα τέκεν κρατερόν τε Κάφαυρον,","ἡ δ’ ἄρα οἱ Νασάμωνα τέκεν κρατερόν τε Κάφαυρον,",tlg0001.tlg001.perseus-grc2.xml
Argonautica,tlg001,4,1497,ὃς τότε Κάνθον ἔπεφνεν ἐπὶ ῥήνεσσιν ἑοῖσιν.,ὃς τότε Κάνθον ἔπεφνεν ἐπὶ ῥήνεσσιν ἑοῖσιν.,tlg0001.tlg001.perseus-grc2.xml
Argonautica,tlg001,4,1498,"οὐδʼ ὅγʼ ἀριστήων χαλεπὰς ἠλεύατο χεῖρας,","οὐδ’ ὅγ’ ἀριστήων χαλεπὰς ἠλεύατο χεῖρας,",tlg0001.tlg001.perseus-grc2.xml
Argonautica,tlg001,4,1499,ὡς μάθον οἷον ἔρεξε. νέκυν δʼ ἀνάειραν ὀπίσσω,ὡς μάθον οἷον ἔρεξε. νέκυν δ’ ἀνάειραν ὀπίσσω,tlg0001.tlg001.perseus-grc2.xml
Argonautica,tlg001,4,1500,"πευθόμενοι Μινύαι, γαίῃ δʼ ἐνὶ ταρχύσαντο","πευθόμενοι Μινύαι, γαίῃ δ’ ἐνὶ ταρχύσαντο",tlg0001.tlg001.perseus-grc2.xml
Argonautica,tlg001,4,1501,μυρόμενοι· τὰ δὲ μῆλα μετὰ σφέας οἵγʼ ἐκόμισσαν.,μυρόμενοι· τὰ δὲ μῆλα μετὰ σφέας οἵγ’ ἐκόμισσαν.,tlg0001.tlg001.perseus-grc2.xml
Argonautica,tlg001,4,1502,ἔνθα καὶ Ἀμπυκίδην αὐτῷ ἐνὶ ἤματι Μόψον,ἔνθα καὶ Ἀμπυκίδην αὐτῷ ἐνὶ ἤματι Μόψον,tlg0001.tlg001.perseus-grc2.xml
Argonautica,tlg001,4,1503,νηλειὴς ἕλε πότμος· ἀδευκέα δʼ οὐ φύγεν αἶσαν,νηλειὴς ἕλε πότμος· ἀδευκέα δ’ οὐ φύγεν αἶσαν,tlg0001.tlg001.perseus-grc2.xml
Argonautica,tlg001,4,1504,μαντοσύναις· οὐ γάρ τις ἀποτροπίη θανάτοιο.,μαντοσύναις· οὐ γάρ τις ἀποτροπίη θανάτοιο.,tlg0001.tlg001.perseus-grc2.xml
Argonautica,tlg001,4,1505,κεῖτο δʼ ἐπὶ ψαμάθοισι μεσημβρινὸν ἦμαρ ἀλύσκων,κεῖτο δ’ ἐπὶ ψαμάθοισι μεσημβρινὸν ἦμαρ ἀλύσκων,tlg0001.tlg001.perseus-grc2.xml
Argonautica,tlg001,4,1506,"δεινὸς ὄφις, νωθὴς μὲν ἑκὼν ἀέκοντα χαλέψαι·","δεινὸς ὄφις, νωθὴς μὲν ἑκὼν ἀέκοντα χαλέψαι·",tlg0001.tlg001.perseus-grc2.xml
Argonautica,tlg001,4,1507,οὐδʼ ἂν ὑποτρέσσαντος ἐνωπαδὶς ἀίξειεν.,οὐδ’ ἂν ὑποτρέσσαντος ἐνωπαδὶς ἀίξειεν.,tlg0001.tlg001.perseus-grc2.xml
Argonautica,tlg001,4,1508,ἀλλὰ μὲν ᾧ τὰ πρῶτα μελάγχιμον ἰὸν ἐνείη,ἀλλὰ μὲν ᾧ τὰ πρῶτα μελάγχιμον ἰὸν ἐνείη,tlg0001.tlg001.perseus-grc2.xml
Argonautica,tlg001,4,1509,"ζωόντων, ὅσα γαῖα φερέσβιος ἔμπνοα βόσκει,","ζωόντων, ὅσα γαῖα φερέσβιος ἔμπνοα βόσκει,",tlg0001.tlg001.perseus-grc2.xml
Argonautica,tlg001,4,1510,"οὐδʼ ὁπόσον πήχυιον ἐς Ἄιδα γίγνεται οἶμος,","οὐδ’ ὁπόσον πήχυιον ἐς Ἄιδα γίγνεται οἶμος,",tlg0001.tlg001.perseus-grc2.xml
Argonautica,tlg001,4,1511,"οὐδʼ εἰ Παιήων, εἴ μοι θέμις ἀμφαδὸν εἰπεῖν,","οὐδ’ εἰ Παιήων, εἴ μοι θέμις ἀμφαδὸν εἰπεῖν,",tlg0001.tlg001.perseus-grc2.xml
Argonautica,tlg001,4,1512,"φαρμάσσοι, ὅτε μοῦνον ἐνιχρίμψῃσιν ὀδοῦσιν.","φαρμάσσοι, ὅτε μοῦνον ἐνιχρίμψῃσιν ὀδοῦσιν.",tlg0001.tlg001.perseus-grc2.xml
Argonautica,tlg001,4,1513,εὖτε γὰρ ἰσόθεος Λιβύην ὑπερέπτατο Περσεὺς,εὖτε γὰρ ἰσόθεος Λιβύην ὑπερέπτατο Περσεὺς,tlg0001.tlg001.perseus-grc2.xml
Argonautica,tlg001,4,1514,Εὐρυμέδων—καὶ γὰρ τὸ κάλεσκέ μιν οὔνομα μήτηρ—,Εὐρυμέδων—καὶ γὰρ τὸ κάλεσκέ μιν οὔνομα μήτηρ—,tlg0001.tlg001.perseus-grc2.xml
Argonautica,tlg001,4,1515,"Γοργόνος ἀρτίτομον κεφαλὴν βασιλῆι κομίζων,","Γοργόνος ἀρτίτομον κεφαλὴν βασιλῆι κομίζων,",tlg0001.tlg001.perseus-grc2.xml
Argonautica,tlg001,4,1516,"ὅσσαι κυανέου στάγες αἵματος οὖδας ἵκοντο,","ὅσσαι κυανέου στάγες αἵματος οὖδας ἵκοντο,",tlg0001.tlg001.perseus-grc2.xml
Argonautica,tlg001,4,1517,αἱ πᾶσαι κείνων ὀφίων γένος ἐβλάστησαν.,αἱ πᾶσαι κείνων ὀφίων γένος ἐβλάστησαν.,tlg0001.tlg001.perseus-grc2.xml
Argonautica,tlg001,4,1518,τῷ δʼ ἄκρην ἐπʼ ἄκανθαν ἐνεστηρίξατο Μόψος,τῷ δ’ ἄκρην ἐπ’ ἄκανθαν ἐνεστηρίξατο Μόψος,tlg0001.tlg001.perseus-grc2.xml
Argonautica,tlg001,4,1519,λαιὸν ἐπιπροφέρων ταρσὸν ποδός· αὐτὰρ ὁ μέσσην,λαιὸν ἐπιπροφέρων ταρσὸν ποδός· αὐτὰρ ὁ μέσσην,tlg0001.tlg001.perseus-grc2.xml
Argonautica,tlg001,4,1520,"κερκίδα καὶ μυῶνα, πέριξ ὀδύνῃσιν ἑλιχθείς,","κερκίδα καὶ μυῶνα, πέριξ ὀδύνῃσιν ἑλιχθείς,",tlg0001.tlg001.perseus-grc2.xml
Argonautica,tlg001,4,1521,σάρκα δακὼν ἐχάραξεν. ἀτὰρ Μήδεια καὶ ἄλλαι,σάρκα δακὼν ἐχάραξεν. ἀτὰρ Μήδεια καὶ ἄλλαι,tlg0001.tlg001.perseus-grc2.xml
Argonautica,tlg001,4,1522,ἔτρεσαν ἀμφίπολοι· ὁ δὲ φοίνιον ἕλκος ἄφασσεν,ἔτρεσαν ἀμφίπολοι· ὁ δὲ φοίνιον ἕλκος ἄφασσεν,tlg0001.tlg001.perseus-grc2.xml
Argonautica,tlg001,4,1523,"θαρσαλέως, ἕνεκʼ οὔ μιν ὑπέρβιον ἄλγος ἔτειρεν.","θαρσαλέως, ἕνεκ’ οὔ μιν ὑπέρβιον ἄλγος ἔτειρεν.",tlg0001.tlg001.perseus-grc2.xml
Argonautica,tlg001,4,1524,σχέτλιος· ἦ τέ οἱ ἤδη ὑπὸ χροῒ δύετο κῶμα,σχέτλιος· ἦ τέ οἱ ἤδη ὑπὸ χροῒ δύετο κῶμα,tlg0001.tlg001.perseus-grc2.xml
Argonautica,tlg001,4,1525,"λυσιμελές, πολλὴ δὲ κατʼ ὀφθαλμῶν χέετʼ ἀχλύς.","λυσιμελές, πολλὴ δὲ κατ’ ὀφθαλμῶν χέετ’ ἀχλύς.",tlg0001.tlg001.perseus-grc2.xml
Argonautica,tlg001,4,1526,αὐτίκα δὲ κλίνας δαπέδῳ βεβαρηότα γυῖα,αὐτίκα δὲ κλίνας δαπέδῳ βεβαρηότα γυῖα,tlg0001.tlg001.perseus-grc2.xml
Argonautica,tlg001,4,1527,ψύχετʼ ἀμηχανίῃ· ἕταροι δέ μιν ἀμφαγέροντο,ψύχετ’ ἀμηχανίῃ· ἕταροι δέ μιν ἀμφαγέροντο,tlg0001.tlg001.perseus-grc2.xml
Argonautica,tlg001,4,1528,"ἥρως τʼ Αἰσονίδης, ἀδινῇ περιθαμβέες ἄτῃ.","ἥρως τ’ Αἰσονίδης, ἀδινῇ περιθαμβέες ἄτῃ.",tlg0001.tlg001.perseus-grc2.xml
Argonautica,tlg001,4,1529,οὐδὲ μὲν οὐδʼ ἐπὶ τυτθὸν ἀποφθίμενός περ ἔμελλεν,οὐδὲ μὲν οὐδ’ ἐπὶ τυτθὸν ἀποφθίμενός περ ἔμελλεν,tlg0001.tlg001.perseus-grc2.xml
Argonautica,tlg001,4,1530,κεῖσθαι ὑπʼ ἠελίῳ. πύθεσκε γὰρ ἔνδοθι σάρκας,κεῖσθαι ὑπ’ ἠελίῳ. πύθεσκε γὰρ ἔνδοθι σάρκας,tlg0001.tlg001.perseus-grc2.xml
Argonautica,tlg001,4,1531,"ἰὸς ἄφαρ, μυδόωσα δʼ ἀπὸ χροὸς ἔρρεε λάχνη.","ἰὸς ἄφαρ, μυδόωσα δ’ ἀπὸ χροὸς ἔρρεε λάχνη.",tlg0001.tlg001.perseus-grc2.xml
Argonautica,tlg001,4,1532,αἶψα δὲ χαλκείῃσι βαθὺν τάφον ἐξελάχαινον,αἶψα δὲ χαλκείῃσι βαθὺν τάφον ἐξελάχαινον,tlg0001.tlg001.perseus-grc2.xml
Argonautica,tlg001,4,1533,ἐσσυμένως μακέλῃσιν· ἐμοιρήσαντο δὲ χαίτας,ἐσσυμένως μακέλῃσιν· ἐμοιρήσαντο δὲ χαίτας,tlg0001.tlg001.perseus-grc2.xml
Argonautica,tlg001,4,1534,"αὐτοὶ ὁμῶς κοῦραί τε, νέκυν ἐλεεινὰ παθόντα","αὐτοὶ ὁμῶς κοῦραί τε, νέκυν ἐλεεινὰ παθόντα",tlg0001.tlg001.perseus-grc2.xml
Argonautica,tlg001,4,1535,μυρόμενοι· τρὶς δʼ ἀμφὶ σὺν ἔντεσι δινηθέντες,μυρόμενοι· τρὶς δ’ ἀμφὶ σὺν ἔντεσι δινηθέντες,tlg0001.tlg001.perseus-grc2.xml
Argonautica,tlg001,4,1536,"εὖ κτερέων ἴσχοντα, χυτὴν ἐπὶ γαῖαν ἔθεντο.","εὖ κτερέων ἴσχοντα, χυτὴν ἐπὶ γαῖαν ἔθεντο.",tlg0001.tlg001.perseus-grc2.xml
Argonautica,tlg001,4,1537,"ἀλλʼ ὅτε δή ῥʼ ἐπὶ νηὸς ἔβαν, πρήσοντος ἀήτεω","ἀλλ’ ὅτε δή ῥ’ ἐπὶ νηὸς ἔβαν, πρήσοντος ἀήτεω",tlg0001.tlg001.perseus-grc2.xml
Argonautica,tlg001,4,1538,"ἂμ πέλαγος νοτίοιο, πόρους τʼ ἀπετεκμήραντο","ἂμ πέλαγος νοτίοιο, πόρους τ’ ἀπετεκμήραντο",tlg0001.tlg001.perseus-grc2.xml
Argonautica,tlg001,4,1539,"λίμνης ἐκπρομολεῖν Τριτωνίδος, οὔτινα μῆτιν","λίμνης ἐκπρομολεῖν Τριτωνίδος, οὔτινα μῆτιν",tlg0001.tlg001.perseus-grc2.xml
Argonautica,tlg001,4,1540,"δὴν ἔχον, ἀφραδέως δὲ πανημέριοι φορέοντο.","δὴν ἔχον, ἀφραδέως δὲ πανημέριοι φορέοντο.",tlg0001.tlg001.perseus-grc2.xml
Argonautica,tlg001,4,1541,"ὡς δὲ δράκων σκολιὴν εἱλιγμένος ἔρχεται οἶμον,","ὡς δὲ δράκων σκολιὴν εἱλιγμένος ἔρχεται οἶμον,",tlg0001.tlg001.perseus-grc2.xml
Argonautica,tlg001,4,1542,εὖτέ μιν ὀξύτατον θάλπει σέλας ἠελίοιο·,εὖτέ μιν ὀξύτατον θάλπει σέλας ἠελίοιο·,tlg0001.tlg001.perseus-grc2.xml
Argonautica,tlg001,4,1543,"ῥοίζῳ δʼ ἔνθα καὶ ἔνθα κάρη στρέφει, ἐν δέ οἱ ὄσσε","ῥοίζῳ δ’ ἔνθα καὶ ἔνθα κάρη στρέφει, ἐν δέ οἱ ὄσσε",tlg0001.tlg001.perseus-grc2.xml
Argonautica,tlg001,4,1544,σπινθαρύγεσσι πυρὸς ἐναλίγκια μαιμώοντι,σπινθαρύγεσσι πυρὸς ἐναλίγκια μαιμώοντι,tlg0001.tlg001.perseus-grc2.xml
Argonautica,tlg001,4,1545,"λάμπεται, ὄφρα μυχόνδε διὰ ῥωχμοῖο δύηται·","λάμπεται, ὄφρα μυχόνδε διὰ ῥωχμοῖο δύηται·",tlg0001.tlg001.perseus-grc2.xml
Argonautica,tlg001,4,1546,ὧς Ἀργὼ λίμνης στόμα ναύπορον ἐξερέουσα,ὧς Ἀργὼ λίμνης στόμα ναύπορον ἐξερέουσα,tlg0001.tlg001.perseus-grc2.xml
Argonautica,tlg001,4,1547,ἀμφεπόλει δηναιὸν ἐπὶ χρόνον. αὐτίκα δʼ Ὀρφεὺς,ἀμφεπόλει δηναιὸν ἐπὶ χρόνον. αὐτίκα δ’ Ὀρφεὺς,tlg0001.tlg001.perseus-grc2.xml
Argonautica,tlg001,4,1548,κέκλετʼ Ἀπόλλωνος τρίποδα μέγαν ἔκτοθι νηὸς,κέκλετ’ Ἀπόλλωνος τρίποδα μέγαν ἔκτοθι νηὸς,tlg0001.tlg001.perseus-grc2.xml
Argonautica,tlg001,4,1549,δαίμοσιν ἐγγενέταις νόστῳ ἔπι μείλια θέσθαι.,δαίμοσιν ἐγγενέταις νόστῳ ἔπι μείλια θέσθαι.,tlg0001.tlg001.perseus-grc2.xml
Argonautica,tlg001,4,1550,καὶ τοὶ μὲν Φοίβου κτέρας ἵδρυον ἐν χθονὶ βάντες·,καὶ τοὶ μὲν Φοίβου κτέρας ἵδρυον ἐν χθονὶ βάντες·,tlg0001.tlg001.perseus-grc2.xml
Argonautica,tlg001,4,1551,τοῖσιν δʼ αἰζηῷ ἐναλίγκιος ἀντεβόλησεν,τοῖσιν δ’ αἰζηῷ ἐναλίγκιος ἀντεβόλησεν,tlg0001.tlg001.perseus-grc2.xml
Argonautica,tlg001,4,1552,"τρίτων εὐρυβίης, γαίης δʼ ἀνὰ βῶλον ἀείρας","τρίτων εὐρυβίης, γαίης δ’ ἀνὰ βῶλον ἀείρας",tlg0001.tlg001.perseus-grc2.xml
Argonautica,tlg001,4,1553,"ξείνιʼ ἀριστήεσσι προΐσχετο, φώνησέν τε·","ξείνι’ ἀριστήεσσι προΐσχετο, φώνησέν τε·",tlg0001.tlg001.perseus-grc2.xml
Argonautica,tlg001,4,1554,"Δέχθε, φίλοι· ἐπεὶ οὐ περιώσιον ἐγγυαλίξαι","Δέχθε, φίλοι· ἐπεὶ οὐ περιώσιον ἐγγυαλίξαι",tlg0001.tlg001.perseus-grc2.xml
Argonautica,tlg001,4,1555,ἐνθάδε νῦν πάρʼ ἐμοὶ ξεινήιον ἀντομένοισιν.,ἐνθάδε νῦν πάρ’ ἐμοὶ ξεινήιον ἀντομένοισιν.,tlg0001.tlg001.perseus-grc2.xml
Argonautica,tlg001,4,1556,"εἰ δέ τι τῆσδε πόρους μαίεσθʼ ἁλός, οἷά τε πολλὰ","εἰ δέ τι τῆσδε πόρους μαίεσθ’ ἁλός, οἷά τε πολλὰ",tlg0001.tlg001.perseus-grc2.xml
Argonautica,tlg001,4,1557,"ἄνθρωποι χατέουσιν ἐπʼ ἀλλοδαπῇ περόωντες,","ἄνθρωποι χατέουσιν ἐπ’ ἀλλοδαπῇ περόωντες,",tlg0001.tlg001.perseus-grc2.xml
Argonautica,tlg001,4,1558,ἐξερέω. δὴ γάρ με πατὴρ ἐπιίστορα πόντου,ἐξερέω. δὴ γάρ με πατὴρ ἐπιίστορα πόντου,tlg0001.tlg001.perseus-grc2.xml
Argonautica,tlg001,4,1559,θῆκε Ποσειδάων τοῦδʼ ἔμμεναι. αὐτὰρ ἀνάσσω,θῆκε Ποσειδάων τοῦδ’ ἔμμεναι. αὐτὰρ ἀνάσσω,tlg0001.tlg001.perseus-grc2.xml
Argonautica,tlg001,4,1560,"παρραλίης, εἰ δή τινʼ ἀκούετε νόσφιν ἐόντες","παρραλίης, εἰ δή τιν’ ἀκούετε νόσφιν ἐόντες",tlg0001.tlg001.perseus-grc2.xml
Argonautica,tlg001,4,1561,Εὐρύπυλον Λιβύῃ θηροτρόφῳ ἐγγεγαῶτα.,Εὐρύπυλον Λιβύῃ θηροτρόφῳ ἐγγεγαῶτα.,tlg0001.tlg001.perseus-grc2.xml
Argonautica,tlg001,4,1562,ὧς ηὔδα· πρόφρων δʼ ὑπερέσχεθε βώλακι χεῖρας,ὧς ηὔδα· πρόφρων δ’ ὑπερέσχεθε βώλακι χεῖρας,tlg0001.tlg001.perseus-grc2.xml
Argonautica,tlg001,4,1563,"Εὔφημος, καὶ τοῖα παραβλήδην προσέειπεν·","Εὔφημος, καὶ τοῖα παραβλήδην προσέειπεν·",tlg0001.tlg001.perseus-grc2.xml
Argonautica,tlg001,4,1564,"Ἀπίδα καὶ πέλαγος Μινώιον εἴ νύ που, ἥρως,","Ἀπίδα καὶ πέλαγος Μινώιον εἴ νύ που, ἥρως,",tlg0001.tlg001.perseus-grc2.xml
Argonautica,tlg001,4,1565,"ἐξεδάης, νημερτὲς ἀνειρομένοισιν ἔνισπε.","ἐξεδάης, νημερτὲς ἀνειρομένοισιν ἔνισπε.",tlg0001.tlg001.perseus-grc2.xml
Argonautica,tlg001,4,1566,"δεῦρο γὰρ οὐκ ἐθέλοντες ἱκάνομεν, ἀλλὰ βαρείαις","δεῦρο γὰρ οὐκ ἐθέλοντες ἱκάνομεν, ἀλλὰ βαρείαις",tlg0001.tlg001.perseus-grc2.xml
Argonautica,tlg001,4,1567,χρίμψαντες γαίης ἐπὶ πείρασι τῆσδε θυέλλαις,χρίμψαντες γαίης ἐπὶ πείρασι τῆσδε θυέλλαις,tlg0001.tlg001.perseus-grc2.xml
Argonautica,tlg001,4,1568,νῆα μεταχρονίην ἐκομίσσαμεν ἐς τόδε λίμνης,νῆα μεταχρονίην ἐκομίσσαμεν ἐς τόδε λίμνης,tlg0001.tlg001.perseus-grc2.xml
Argonautica,tlg001,4,1569,"χεῦμα διʼ ἠπείρου βεβαρημένοι· οὐδέ τι ἴδμεν,","χεῦμα δι’ ἠπείρου βεβαρημένοι· οὐδέ τι ἴδμεν,",tlg0001.tlg001.perseus-grc2.xml
Argonautica,tlg001,4,1570,πῇ πλόος ἐξανέχει Πελοπηίδα γαῖαν ἱκέσθαι.,πῇ πλόος ἐξανέχει Πελοπηίδα γαῖαν ἱκέσθαι.,tlg0001.tlg001.perseus-grc2.xml
Argonautica,tlg001,4,1571,"ὧς ἄρʼ ἔφη· ὁ δὲ χεῖρα τανύσσατο, δεῖξε δʼ ἄπωθεν","ὧς ἄρ’ ἔφη· ὁ δὲ χεῖρα τανύσσατο, δεῖξε δ’ ἄπωθεν",tlg0001.tlg001.perseus-grc2.xml
Argonautica,tlg001,4,1572,φωνήσας πόντον τε καὶ ἀγχιβαθὲς στόμα λίμνης·,φωνήσας πόντον τε καὶ ἀγχιβαθὲς στόμα λίμνης·,tlg0001.tlg001.perseus-grc2.xml
Argonautica,tlg001,4,1573,"κείνη μὲν πόντοιο διήλυσις, ἔνθα μάλιστα","κείνη μὲν πόντοιο διήλυσις, ἔνθα μάλιστα",tlg0001.tlg001.perseus-grc2.xml
Argonautica,tlg001,4,1574,βένθος ἀκίνητον μελανεῖ· ἑκάτερθε δὲ λευκαὶ,βένθος ἀκίνητον μελανεῖ· ἑκάτερθε δὲ λευκαὶ,tlg0001.tlg001.perseus-grc2.xml
Argonautica,tlg001,4,1575,ῥηγμῖνες φρίσσουσι διαυγέες· ἡ δὲ μεσηγὺ,ῥηγμῖνες φρίσσουσι διαυγέες· ἡ δὲ μεσηγὺ,tlg0001.tlg001.perseus-grc2.xml
Argonautica,tlg001,4,1576,ῥηγμίνων στεινὴ τελέθει ὁδὸς ἐκτὸς ἐλάσσαι.,ῥηγμίνων στεινὴ τελέθει ὁδὸς ἐκτὸς ἐλάσσαι.,tlg0001.tlg001.perseus-grc2.xml
Argonautica,tlg001,4,1577,κεῖνο δʼ ὑπηέριον θείην Πελοπηίδα γαῖαν,κεῖνο δ’ ὑπηέριον θείην Πελοπηίδα γαῖαν,tlg0001.tlg001.perseus-grc2.xml
Argonautica,tlg001,4,1578,εἰσανέχει πέλαγος Κρήτης ὕπερ· ἀλλʼ ἐπὶ χειρὸς,εἰσανέχει πέλαγος Κρήτης ὕπερ· ἀλλ’ ἐπὶ χειρὸς,tlg0001.tlg001.perseus-grc2.xml
Argonautica,tlg001,4,1579,"δεξιτερῆς, λίμνηθεν ὅτʼ εἰς ἁλὸς οἶδμα βάλητε,","δεξιτερῆς, λίμνηθεν ὅτ’ εἰς ἁλὸς οἶδμα βάλητε,",tlg0001.tlg001.perseus-grc2.xml
Argonautica,tlg001,4,1580,"τόφρʼ αὐτὴν παρὰ χέρσον ἐεργμένοι ἰθύνεσθε,","τόφρ’ αὐτὴν παρὰ χέρσον ἐεργμένοι ἰθύνεσθε,",tlg0001.tlg001.perseus-grc2.xml
Argonautica,tlg001,4,1581,ἔστʼ ἂν ἄνω τείνῃσι· περιρρήδην δʼ ἑτέρωσε,ἔστ’ ἂν ἄνω τείνῃσι· περιρρήδην δ’ ἑτέρωσε,tlg0001.tlg001.perseus-grc2.xml
Argonautica,tlg001,4,1582,"κλινομένης χέρσοιο, τότε πλόος ὔμμιν ἀπήμων","κλινομένης χέρσοιο, τότε πλόος ὔμμιν ἀπήμων",tlg0001.tlg001.perseus-grc2.xml
Argonautica,tlg001,4,1583,ἀγκῶνος τέτατʼ ἰθὺς ἀπὸ προύχοντος ἰοῦσιν.,ἀγκῶνος τέτατ’ ἰθὺς ἀπὸ προύχοντος ἰοῦσιν.,tlg0001.tlg001.perseus-grc2.xml
Argonautica,tlg001,4,1584,"ἀλλʼ ἴτε γηθόσυνοι, καμάτοιο δὲ μήτις ἀνίη","ἀλλ’ ἴτε γηθόσυνοι, καμάτοιο δὲ μήτις ἀνίη",tlg0001.tlg001.perseus-grc2.xml
Argonautica,tlg001,4,1585,"γιγνέσθω, νεότητι κεκασμένα γυῖα μογῆσαι.","γιγνέσθω, νεότητι κεκασμένα γυῖα μογῆσαι.",tlg0001.tlg001.perseus-grc2.xml
Argonautica,tlg001,4,1586,Ἴσκεν ἐυφρονέων· οἱ δʼ αἶψʼ ἐπὶ νηὸς ἔβησαν,Ἴσκεν ἐυφρονέων· οἱ δ’ αἶψ’ ἐπὶ νηὸς ἔβησαν,tlg0001.tlg001.perseus-grc2.xml
Argonautica,tlg001,4,1587,λίμνης ἐκπρομολεῖν λελιημένοι εἰρεσίῃσιν.,λίμνης ἐκπρομολεῖν λελιημένοι εἰρεσίῃσιν.,tlg0001.tlg001.perseus-grc2.xml
Argonautica,tlg001,4,1588,καὶ δὴ ἐπιπρονέοντο μεμαότες· αὐτὰρ ὁ τείως,καὶ δὴ ἐπιπρονέοντο μεμαότες· αὐτὰρ ὁ τείως,tlg0001.tlg001.perseus-grc2.xml
Argonautica,tlg001,4,1589,"τρίτων ἀνθέμενος τρίποδα μέγαν, εἴσατο λίμνην","τρίτων ἀνθέμενος τρίποδα μέγαν, εἴσατο λίμνην",tlg0001.tlg001.perseus-grc2.xml
Argonautica,tlg001,4,1590,"εἰσβαίνειν· μετὰ δʼ οὔτις ἐσέδρακεν, οἷον ἄφαντος","εἰσβαίνειν· μετὰ δ’ οὔτις ἐσέδρακεν, οἷον ἄφαντος",tlg0001.tlg001.perseus-grc2.xml
Argonautica,tlg001,4,1591,αὐτῷ σὺν τρίποδι σχεδὸν ἔπλετο. τοῖσι δʼ ἰάνθη,αὐτῷ σὺν τρίποδι σχεδὸν ἔπλετο. τοῖσι δ’ ἰάνθη,tlg0001.tlg001.perseus-grc2.xml
Argonautica,tlg001,4,1592,"θυμός, ὃ δὴ μακάρων τις ἐναίσιμος ἀντεβόλησεν.","θυμός, ὃ δὴ μακάρων τις ἐναίσιμος ἀντεβόλησεν.",tlg0001.tlg001.perseus-grc2.xml
Argonautica,tlg001,4,1593,καί ῥά οἱ Αἰσονίδην μήλων ὅ τι φέρτατον ἄλλων,καί ῥά οἱ Αἰσονίδην μήλων ὅ τι φέρτατον ἄλλων,tlg0001.tlg001.perseus-grc2.xml
Argonautica,tlg001,4,1594,ἤνωγον ῥέξαι καὶ ἐπευφημῆσαι ἑλόντα.,ἤνωγον ῥέξαι καὶ ἐπευφημῆσαι ἑλόντα.,tlg0001.tlg001.perseus-grc2.xml
Argonautica,tlg001,4,1595,"αἶψα δʼ ὅγʼ ἐσσυμένως ἐκρίνατο, καί μιν ἀείρας","αἶψα δ’ ὅγ’ ἐσσυμένως ἐκρίνατο, καί μιν ἀείρας",tlg0001.tlg001.perseus-grc2.xml
Argonautica,tlg001,4,1596,"σφάξε κατὰ πρύμνης, ἐπὶ δʼ ἔννεπεν εὐχωλῇσιν·","σφάξε κατὰ πρύμνης, ἐπὶ δ’ ἔννεπεν εὐχωλῇσιν·",tlg0001.tlg001.perseus-grc2.xml
Argonautica,tlg001,4,1597,"δαῖμον, ὅτις λίμνης ἐπὶ πείρασι τῆσδʼ ἐφαάνθης,","δαῖμον, ὅτις λίμνης ἐπὶ πείρασι τῆσδ’ ἐφαάνθης,",tlg0001.tlg001.perseus-grc2.xml
Argonautica,tlg001,4,1598,"εἴτε σέγε Τρίτωνʼ, ἅλιον τέρας, εἴτε σε Φόρκυν,","εἴτε σέγε Τρίτων’, ἅλιον τέρας, εἴτε σε Φόρκυν,",tlg0001.tlg001.perseus-grc2.xml
Argonautica,tlg001,4,1599,"ἢ Νηρῆα θύγατρες ἐπικλείουσʼ ἁλοσύδναι,","ἢ Νηρῆα θύγατρες ἐπικλείουσ’ ἁλοσύδναι,",tlg0001.tlg001.perseus-grc2.xml
Argonautica,tlg001,4,1600,"ἵλαθι, καὶ νόστοιο τέλος θυμηδὲς ὄπαζε.","ἵλαθι, καὶ νόστοιο τέλος θυμηδὲς ὄπαζε.",tlg0001.tlg001.perseus-grc2.xml
Argonautica,tlg001,4,1601,"ἦ ῥʼ, ἅμα δʼ εὐχωλῇσιν ἐς ὕδατα λαιμοτομήσας","ἦ ῥ’, ἅμα δ’ εὐχωλῇσιν ἐς ὕδατα λαιμοτομήσας",tlg0001.tlg001.perseus-grc2.xml
Argonautica,tlg001,4,1602,ἧκε κατὰ πρύμνης· ὁ δὲ βένθεος ἐξεφαάνθη,ἧκε κατὰ πρύμνης· ὁ δὲ βένθεος ἐξεφαάνθη,tlg0001.tlg001.perseus-grc2.xml
Argonautica,tlg001,4,1603,"τοῖος ἐών, οἷός περ ἐτήτυμος ἦεν ἰδέσθαι.","τοῖος ἐών, οἷός περ ἐτήτυμος ἦεν ἰδέσθαι.",tlg0001.tlg001.perseus-grc2.xml
Argonautica,tlg001,4,1604,ὡς δʼ ὅτʼ ἀνὴρ θοὸν ἵππον ἐς εὐρέα κύκλον ἀγῶνος,ὡς δ’ ὅτ’ ἀνὴρ θοὸν ἵππον ἐς εὐρέα κύκλον ἀγῶνος,tlg0001.tlg001.perseus-grc2.xml
Argonautica,tlg001,4,1605,"στέλλῃ, ὀρεξάμενος λασίης εὐπειθέα χαίτης,","στέλλῃ, ὀρεξάμενος λασίης εὐπειθέα χαίτης,",tlg0001.tlg001.perseus-grc2.xml
Argonautica,tlg001,4,1606,"εἶθαρ ἐπιτροχάων, ὁ δʼ ἐπʼ αὐχένι γαῦρος ἀερθεὶς","εἶθαρ ἐπιτροχάων, ὁ δ’ ἐπ’ αὐχένι γαῦρος ἀερθεὶς",tlg0001.tlg001.perseus-grc2.xml
Argonautica,tlg001,4,1607,"ἕσπεται, ἀργινόεντα δʼ ἐνὶ στομάτεσσι χαλινὰ","ἕσπεται, ἀργινόεντα δ’ ἐνὶ στομάτεσσι χαλινὰ",tlg0001.tlg001.perseus-grc2.xml
Argonautica,tlg001,4,1608,ἀμφὶς ὀδακτάζοντι παραβλήδην κροτέονται·,ἀμφὶς ὀδακτάζοντι παραβλήδην κροτέονται·,tlg0001.tlg001.perseus-grc2.xml
Argonautica,tlg001,4,1609,ὧς ὅγʼ ἐπισχόμενος γλαφυρῆς ὁλκήιον Ἀργοῦς,ὧς ὅγ’ ἐπισχόμενος γλαφυρῆς ὁλκήιον Ἀργοῦς,tlg0001.tlg001.perseus-grc2.xml
Argonautica,tlg001,4,1610,ἦγʼ ἅλαδε προτέρωσε. δέμας δέ οἱ ἐξ ὑπάτοιο,ἦγ’ ἅλαδε προτέρωσε. δέμας δέ οἱ ἐξ ὑπάτοιο,tlg0001.tlg001.perseus-grc2.xml
Argonautica,tlg001,4,1611,"κράατος, ἀμφί τε νῶτα καὶ ἰξύας ἔστʼ ἐπὶ νηδὺν","κράατος, ἀμφί τε νῶτα καὶ ἰξύας ἔστ’ ἐπὶ νηδὺν",tlg0001.tlg001.perseus-grc2.xml
Argonautica,tlg001,4,1612,ἀντικρὺ μακάρεσσι φυὴν ἔκπαγλον ἔικτο·,ἀντικρὺ μακάρεσσι φυὴν ἔκπαγλον ἔικτο·,tlg0001.tlg001.perseus-grc2.xml
Argonautica,tlg001,4,1613,αὐτὰρ ὑπαὶ λαγόνων δίκραιρά οἱ ἔνθα καὶ ἔνθα,αὐτὰρ ὑπαὶ λαγόνων δίκραιρά οἱ ἔνθα καὶ ἔνθα,tlg0001.tlg001.perseus-grc2.xml
Argonautica,tlg001,4,1614,κήτεος ὁλκαίη μηκύνετο· κόπτε δʼ ἀκάνθαις,κήτεος ὁλκαίη μηκύνετο· κόπτε δ’ ἀκάνθαις,tlg0001.tlg001.perseus-grc2.xml
Argonautica,tlg001,4,1615,"ἄκρον ὕδωρ, αἵ τε σκολιοῖς ἐπινειόθι κέντροις","ἄκρον ὕδωρ, αἵ τε σκολιοῖς ἐπινειόθι κέντροις",tlg0001.tlg001.perseus-grc2.xml
Argonautica,tlg001,4,1616,μήνης ὡς κεράεσσιν ἐειδόμεναι διχόωντο.,μήνης ὡς κεράεσσιν ἐειδόμεναι διχόωντο.,tlg0001.tlg001.perseus-grc2.xml
Argonautica,tlg001,4,1617,"τόφρα δʼ ἄγεν, τείως μιν ἐπιπροέηκε θαλάσσῃ","τόφρα δ’ ἄγεν, τείως μιν ἐπιπροέηκε θαλάσσῃ",tlg0001.tlg001.perseus-grc2.xml
Argonautica,tlg001,4,1618,νισσομένην· δῦ δʼ αἶψα μέγαν βυθόν· οἱ δʼ ὁμάδησαν,νισσομένην· δῦ δ’ αἶψα μέγαν βυθόν· οἱ δ’ ὁμάδησαν,tlg0001.tlg001.perseus-grc2.xml
Argonautica,tlg001,4,1619,"ἥρωες, τέρας αἰνὸν ἐν ὀφθαλμοῖσιν ἰδόντες.","ἥρωες, τέρας αἰνὸν ἐν ὀφθαλμοῖσιν ἰδόντες.",tlg0001.tlg001.perseus-grc2.xml
Argonautica,tlg001,4,1620,ἔνθα μὲν Ἀργῷός τε λιμὴν καὶ σήματα νηὸς,ἔνθα μὲν Ἀργῷός τε λιμὴν καὶ σήματα νηὸς,tlg0001.tlg001.perseus-grc2.xml
Argonautica,tlg001,4,1621,ἠδὲ Ποσειδάωνος ἰδὲ Τρίτωνος ἔασιν,ἠδὲ Ποσειδάωνος ἰδὲ Τρίτωνος ἔασιν,tlg0001.tlg001.perseus-grc2.xml
Argonautica,tlg001,4,1622,βωμοί· ἐπεὶ κεῖνʼ ἦμαρ ἐπέσχεθον. αὐτὰρ ἐς ἠῶ,βωμοί· ἐπεὶ κεῖν’ ἦμαρ ἐπέσχεθον. αὐτὰρ ἐς ἠῶ,tlg0001.tlg001.perseus-grc2.xml
Argonautica,tlg001,4,1623,λαίφεσι πεπταμένοις αὐτὴν ἐπὶ δεξίʼ ἔχοντες,λαίφεσι πεπταμένοις αὐτὴν ἐπὶ δεξί’ ἔχοντες,tlg0001.tlg001.perseus-grc2.xml
Argonautica,tlg001,4,1624,"γαῖαν ἐρημαίην, πνοιῇ ζεφύροιο θέεσκον.","γαῖαν ἐρημαίην, πνοιῇ ζεφύροιο θέεσκον.",tlg0001.tlg001.perseus-grc2.xml
Argonautica,tlg001,4,1625,ἦρι δʼ ἔπειτʼ ἀγκῶνά θʼ ὁμοῦ μυχάτην τε θάλασσαν,ἦρι δ’ ἔπειτ’ ἀγκῶνά θ’ ὁμοῦ μυχάτην τε θάλασσαν,tlg0001.tlg001.perseus-grc2.xml
Argonautica,tlg001,4,1626,κεκλιμένην ἀγκῶνος ὕπερ προύχοντος ἴδοντο.,κεκλιμένην ἀγκῶνος ὕπερ προύχοντος ἴδοντο.,tlg0001.tlg001.perseus-grc2.xml
Argonautica,tlg001,4,1627,"αὐτίκα δὲ ζέφυρος μὲν ἐλώφεεν, ἤλυθε δʼ αὔρη","αὐτίκα δὲ ζέφυρος μὲν ἐλώφεεν, ἤλυθε δ’ αὔρη",tlg0001.tlg001.perseus-grc2.xml
Argonautica,tlg001,4,1628,ἀργέσταο νότου· κεχάροντο δὲ θυμὸν ἰωῇ.,ἀργέσταο νότου· κεχάροντο δὲ θυμὸν ἰωῇ.,tlg0001.tlg001.perseus-grc2.xml
Argonautica,tlg001,4,1629,"ἦμος δʼ ἠέλιος μὲν ἔδυ, ἀνὰ δʼ ἤλυθεν ἀστὴρ","ἦμος δ’ ἠέλιος μὲν ἔδυ, ἀνὰ δ’ ἤλυθεν ἀστὴρ",tlg0001.tlg001.perseus-grc2.xml
Argonautica,tlg001,4,1630,"αὔλιος, ὅς τʼ ἀνέπαυσεν ὀιζυροὺς ἀροτῆρας,","αὔλιος, ὅς τ’ ἀνέπαυσεν ὀιζυροὺς ἀροτῆρας,",tlg0001.tlg001.perseus-grc2.xml
Argonautica,tlg001,4,1631,δὴ τότʼ ἔπειτʼ ἀνέμοιο κελαινῇ νυκτὶ λιπόντος,δὴ τότ’ ἔπειτ’ ἀνέμοιο κελαινῇ νυκτὶ λιπόντος,tlg0001.tlg001.perseus-grc2.xml
Argonautica,tlg001,4,1632,ἱστία λυσάμενοι περιμήκεά τε κλίναντες,ἱστία λυσάμενοι περιμήκεά τε κλίναντες,tlg0001.tlg001.perseus-grc2.xml
Argonautica,tlg001,4,1633,"ἱστόν, ἐυξέστῃσιν ἐπερρώοντʼ ἐλάτῃσιν","ἱστόν, ἐυξέστῃσιν ἐπερρώοντ’ ἐλάτῃσιν",tlg0001.tlg001.perseus-grc2.xml
Argonautica,tlg001,4,1634,"παννύχιοι καὶ ἐπʼ ἦμαρ, ἐπʼ ἤματι δʼ αὖτις ἰοῦσαν","παννύχιοι καὶ ἐπ’ ἦμαρ, ἐπ’ ἤματι δ’ αὖτις ἰοῦσαν",tlg0001.tlg001.perseus-grc2.xml
Argonautica,tlg001,4,1635,νύχθʼ ἑτέρην. ὑπέδεκτο δʼ ἀπόπροθι παιπαλόεσσα,νύχθ’ ἑτέρην. ὑπέδεκτο δ’ ἀπόπροθι παιπαλόεσσα,tlg0001.tlg001.perseus-grc2.xml
Argonautica,tlg001,4,1636,Κάρπαθος· ἔνθεν δʼ οἵγε περαιώσεσθαι ἔμελλον,Κάρπαθος· ἔνθεν δ’ οἵγε περαιώσεσθαι ἔμελλον,tlg0001.tlg001.perseus-grc2.xml
Argonautica,tlg001,4,1637,"Κρήτην, ἥ τʼ ἄλλων ὑπερέπλετο εἰν ἁλὶ νήσων.","Κρήτην, ἥ τ’ ἄλλων ὑπερέπλετο εἰν ἁλὶ νήσων.",tlg0001.tlg001.perseus-grc2.xml
Argonautica,tlg001,4,1638,"τοὺς δὲ Τάλως χάλκειος, ἀπὸ στιβαροῦ σκοπέλοιο","τοὺς δὲ Τάλως χάλκειος, ἀπὸ στιβαροῦ σκοπέλοιο",tlg0001.tlg001.perseus-grc2.xml
Argonautica,tlg001,4,1639,"ῥηγνύμενος πέτρας, εἶργε χθονὶ πείσματʼ ἀνάψαι,","ῥηγνύμενος πέτρας, εἶργε χθονὶ πείσματ’ ἀνάψαι,",tlg0001.tlg001.perseus-grc2.xml
Argonautica,tlg001,4,1640,Δικταίην ὅρμοιο κατερχομένους ἐπιωγήν·,Δικταίην ὅρμοιο κατερχομένους ἐπιωγήν·,tlg0001.tlg001.perseus-grc2.xml
Argonautica,tlg001,4,1641,τὸν μὲν χαλκείης μελιηγενέων ἀνθρώπων,τὸν μὲν χαλκείης μελιηγενέων ἀνθρώπων,tlg0001.tlg001.perseus-grc2.xml
Argonautica,tlg001,4,1642,ῥίζης λοιπὸν ἐοντα μετʼ ἀνδράσιν ἡμιθέοισιν,ῥίζης λοιπὸν ἐοντα μετ’ ἀνδράσιν ἡμιθέοισιν,tlg0001.tlg001.perseus-grc2.xml
Argonautica,tlg001,4,1643,"Εὐρώπῃ Κρονίδης νήσου πόρεν ἔμμεναι οὖρον,","Εὐρώπῃ Κρονίδης νήσου πόρεν ἔμμεναι οὖρον,",tlg0001.tlg001.perseus-grc2.xml
Argonautica,tlg001,4,1644,τρὶς περὶ χαλκείοις Κρήτην ποσὶ δινεύοντα.,τρὶς περὶ χαλκείοις Κρήτην ποσὶ δινεύοντα.,tlg0001.tlg001.perseus-grc2.xml
Argonautica,tlg001,4,1645,ἀλλʼ ἤτοι τὸ μὲν ἄλλο δέμας καὶ γυῖα τέτυκτο,ἀλλ’ ἤτοι τὸ μὲν ἄλλο δέμας καὶ γυῖα τέτυκτο,tlg0001.tlg001.perseus-grc2.xml
Argonautica,tlg001,4,1646,χάλκεος ἠδʼ ἄρρηκτος· ὑπαὶ δέ οἱ ἔσκε τένοντος,χάλκεος ἠδ’ ἄρρηκτος· ὑπαὶ δέ οἱ ἔσκε τένοντος,tlg0001.tlg001.perseus-grc2.xml
Argonautica,tlg001,4,1647,σύριγξ αἱματόεσσα κατὰ σφυρόν· αὐτὰρ ὅ τʼ ἦγχε,σύριγξ αἱματόεσσα κατὰ σφυρόν· αὐτὰρ ὅ τ’ ἦγχε,tlg0001.tlg001.perseus-grc2.xml
Argonautica,tlg001,4,1648,λεπτὸς ὑμὴν ζωῆς ἔχε πείρατα καὶ θανάτοιο.,λεπτὸς ὑμὴν ζωῆς ἔχε πείρατα καὶ θανάτοιο.,tlg0001.tlg001.perseus-grc2.xml
Argonautica,tlg001,4,1649,"οἱ δέ, δύῃ μάλα περ δεδμημένοι, αἶψʼ ἀπὸ χέρσου","οἱ δέ, δύῃ μάλα περ δεδμημένοι, αἶψ’ ἀπὸ χέρσου",tlg0001.tlg001.perseus-grc2.xml
Argonautica,tlg001,4,1650,νῆα περιδδείσαντες ἀνακρούεσκον ἐρετμοῖς.,νῆα περιδδείσαντες ἀνακρούεσκον ἐρετμοῖς.,tlg0001.tlg001.perseus-grc2.xml
Argonautica,tlg001,4,1651,"καί νύ κʼ ἐπισμυγερῶς Κρήτης ἑκὰς ἠέρθησαν,","καί νύ κ’ ἐπισμυγερῶς Κρήτης ἑκὰς ἠέρθησαν,",tlg0001.tlg001.perseus-grc2.xml
Argonautica,tlg001,4,1652,"ἀμφότερον δίψῃ τε καὶ ἄλγεσι μοχθίζοντες,","ἀμφότερον δίψῃ τε καὶ ἄλγεσι μοχθίζοντες,",tlg0001.tlg001.perseus-grc2.xml
Argonautica,tlg001,4,1653,εἰ μή σφιν Μήδεια λιαζομένοις ἀγόρευσεν·,εἰ μή σφιν Μήδεια λιαζομένοις ἀγόρευσεν·,tlg0001.tlg001.perseus-grc2.xml
Argonautica,tlg001,4,1654,κέκλυτέ μευ. μούνη γὰρ ὀίομαι ὔμμι δαμάσσειν,κέκλυτέ μευ. μούνη γὰρ ὀίομαι ὔμμι δαμάσσειν,tlg0001.tlg001.perseus-grc2.xml
Argonautica,tlg001,4,1655,"ἄνδρα τόν, ὅστις ὅδʼ ἐστί, καὶ εἰ παγχάλκεον ἴσχει","ἄνδρα τόν, ὅστις ὅδ’ ἐστί, καὶ εἰ παγχάλκεον ἴσχει",tlg0001.tlg001.perseus-grc2.xml
Argonautica,tlg001,4,1656,"ὃν δέμας, ὁππότε μή οἱ ἐπʼ ἀκάματος πέλοι αἰών.","ὃν δέμας, ὁππότε μή οἱ ἐπ’ ἀκάματος πέλοι αἰών.",tlg0001.tlg001.perseus-grc2.xml
Argonautica,tlg001,4,1657,ἀλλʼ ἔχετʼ αὐτοῦ νῆα θελήμονες ἐκτὸς ἐρωῆς,ἀλλ’ ἔχετ’ αὐτοῦ νῆα θελήμονες ἐκτὸς ἐρωῆς,tlg0001.tlg001.perseus-grc2.xml
Argonautica,tlg001,4,1658,"πετράων, εἵως κεν ἐμοὶ εἴξειε δαμῆναι.","πετράων, εἵως κεν ἐμοὶ εἴξειε δαμῆναι.",tlg0001.tlg001.perseus-grc2.xml
Argonautica,tlg001,4,1659,ὧς ἄρʼ ἔφη· καὶ τοὶ μὲν ὑπὲκ βελέων ἐρύσαντο,ὧς ἄρ’ ἔφη· καὶ τοὶ μὲν ὑπὲκ βελέων ἐρύσαντο,tlg0001.tlg001.perseus-grc2.xml
Argonautica,tlg001,4,1660,"νῆʼ ἐπʼ ἐρετμοῖσιν, δεδοκημένοι ἥντινα ῥέξει","νῆ’ ἐπ’ ἐρετμοῖσιν, δεδοκημένοι ἥντινα ῥέξει",tlg0001.tlg001.perseus-grc2.xml
Argonautica,tlg001,4,1661,μῆτιν ἀνωίστως· ἡ δὲ πτύχα πορφυρέοιο,μῆτιν ἀνωίστως· ἡ δὲ πτύχα πορφυρέοιο,tlg0001.tlg001.perseus-grc2.xml
Argonautica,tlg001,4,1662,προσχομένη πέπλοιο παρειάων ἑκάτερθεν,προσχομένη πέπλοιο παρειάων ἑκάτερθεν,tlg0001.tlg001.perseus-grc2.xml
Argonautica,tlg001,4,1663,βήσατʼ ἐπʼ ἰκριόφιν· χειρὸς δέ ἑ χειρὶ μεμαρπὼς,βήσατ’ ἐπ’ ἰκριόφιν· χειρὸς δέ ἑ χειρὶ μεμαρπὼς,tlg0001.tlg001.perseus-grc2.xml
Argonautica,tlg001,4,1664,Αἰσονίδης ἐκόμιζε διὰ κληῖδας ἰοῦσαν.,Αἰσονίδης ἐκόμιζε διὰ κληῖδας ἰοῦσαν.,tlg0001.tlg001.perseus-grc2.xml
Argonautica,tlg001,4,1665,"ἔνθα δʼ ἀοιδῇσιν μειλίσσετο, μέλπε δὲ Κῆρας","ἔνθα δ’ ἀοιδῇσιν μειλίσσετο, μέλπε δὲ Κῆρας",tlg0001.tlg001.perseus-grc2.xml
Argonautica,tlg001,4,1666,"θυμοβόρους, Ἀίδαο θοὰς κύνας, αἳ περὶ πᾶσαν","θυμοβόρους, Ἀίδαο θοὰς κύνας, αἳ περὶ πᾶσαν",tlg0001.tlg001.perseus-grc2.xml
Argonautica,tlg001,4,1667,ἠέρα δινεύουσαι ἐπὶ ζωοῖσιν ἄγονται.,ἠέρα δινεύουσαι ἐπὶ ζωοῖσιν ἄγονται.,tlg0001.tlg001.perseus-grc2.xml
Argonautica,tlg001,4,1668,"τὰς γουναζομένη τρὶς μὲν παρεκέκλετʼ ἀοιδαῖς,","τὰς γουναζομένη τρὶς μὲν παρεκέκλετ’ ἀοιδαῖς,",tlg0001.tlg001.perseus-grc2.xml
Argonautica,tlg001,4,1669,"τρὶς δὲ λιταῖς· θεμένη δὲ κακὸν νόον, ἐχθοδοποῖσιν","τρὶς δὲ λιταῖς· θεμένη δὲ κακὸν νόον, ἐχθοδοποῖσιν",tlg0001.tlg001.perseus-grc2.xml
Argonautica,tlg001,4,1670,ὄμμασι χαλκείοιο Τάλω ἐμέγηρεν ὀπωπάς·,ὄμμασι χαλκείοιο Τάλω ἐμέγηρεν ὀπωπάς·,tlg0001.tlg001.perseus-grc2.xml
Argonautica,tlg001,4,1671,"λευγαλέον δʼ ἐπί οἱ πρῖεν χόλον, ἐκ δʼ ἀίδηλα","λευγαλέον δ’ ἐπί οἱ πρῖεν χόλον, ἐκ δ’ ἀίδηλα",tlg0001.tlg001.perseus-grc2.xml
Argonautica,tlg001,4,1672,"δείκηλα προΐαλλεν, ἐπιζάφελον κοτέουσα.","δείκηλα προΐαλλεν, ἐπιζάφελον κοτέουσα.",tlg0001.tlg001.perseus-grc2.xml
Argonautica,tlg001,4,1673,"Ζεῦ πάτερ, ἦ μέγα δή μοι ἐνὶ φρεσὶ θάμβος ἄηται,","Ζεῦ πάτερ, ἦ μέγα δή μοι ἐνὶ φρεσὶ θάμβος ἄηται,",tlg0001.tlg001.perseus-grc2.xml
Argonautica,tlg001,4,1674,εἰ δὴ μὴ νούσοισι τυπῇσί τε μοῦνον ὄλεθρος,εἰ δὴ μὴ νούσοισι τυπῇσί τε μοῦνον ὄλεθρος,tlg0001.tlg001.perseus-grc2.xml
Argonautica,tlg001,4,1675,"ἀντιάει, καὶ δή τις ἀπόπροθεν ἄμμε χαλέπτει.","ἀντιάει, καὶ δή τις ἀπόπροθεν ἄμμε χαλέπτει.",tlg0001.tlg001.perseus-grc2.xml
Argonautica,tlg001,4,1676,ὧς ὅγε χάλκειός περ ἐὼν ὑπόειξε δαμῆναι,ὧς ὅγε χάλκειός περ ἐὼν ὑπόειξε δαμῆναι,tlg0001.tlg001.perseus-grc2.xml
Argonautica,tlg001,4,1677,Μηδείης βρίμῃ πολυφαρμάκου. ἂν δὲ βαρείας,Μηδείης βρίμῃ πολυφαρμάκου. ἂν δὲ βαρείας,tlg0001.tlg001.perseus-grc2.xml
Argonautica,tlg001,4,1678,"ὀχλίζων λάιγγας, ἐρυκέμεν ὅρμον ἱκέσθαι.","ὀχλίζων λάιγγας, ἐρυκέμεν ὅρμον ἱκέσθαι.",tlg0001.tlg001.perseus-grc2.xml
Argonautica,tlg001,4,1679,πετραίῳ στόνυχι χρίμψε σφυρόν· ἐκ δέ οἱ ἰχὼρ,πετραίῳ στόνυχι χρίμψε σφυρόν· ἐκ δέ οἱ ἰχὼρ,tlg0001.tlg001.perseus-grc2.xml
Argonautica,tlg001,4,1680,τηκομένῳ ἴκελος μολίβῳ ῥέεν· οὐδʼ ἔτι δηρὸν,τηκομένῳ ἴκελος μολίβῳ ῥέεν· οὐδ’ ἔτι δηρὸν,tlg0001.tlg001.perseus-grc2.xml
Argonautica,tlg001,4,1681,εἱστήκει προβλῆτος ἐπεμβεβαὼς σκοπέλοιο.,εἱστήκει προβλῆτος ἐπεμβεβαὼς σκοπέλοιο.,tlg0001.tlg001.perseus-grc2.xml
Argonautica,tlg001,4,1682,"ἀλλʼ ὥς τίς τʼ ἐν ὄρεσσι πελωρίη ὑψόθι πεύκη,","ἀλλ’ ὥς τίς τ’ ἐν ὄρεσσι πελωρίη ὑψόθι πεύκη,",tlg0001.tlg001.perseus-grc2.xml
Argonautica,tlg001,4,1683,τήν τε θοοῖς πελέκεσσιν ἔθʼ ἡμιπλῆγα λιπόντες,τήν τε θοοῖς πελέκεσσιν ἔθ’ ἡμιπλῆγα λιπόντες,tlg0001.tlg001.perseus-grc2.xml
Argonautica,tlg001,4,1684,ὑλοτόμοι δρυμοῖο κατήλυθον· ἡ δʼ ὑπὸ νυκτὶ,ὑλοτόμοι δρυμοῖο κατήλυθον· ἡ δ’ ὑπὸ νυκτὶ,tlg0001.tlg001.perseus-grc2.xml
Argonautica,tlg001,4,1685,"ῥιπῇσιν μὲν πρῶτα τινάσσεται, ὕστερον αὖτε","ῥιπῇσιν μὲν πρῶτα τινάσσεται, ὕστερον αὖτε",tlg0001.tlg001.perseus-grc2.xml
Argonautica,tlg001,4,1686,πρυμνόθεν ἐξαγεῖσα κατήριπεν· ὧς ὅγε ποσσὶν,πρυμνόθεν ἐξαγεῖσα κατήριπεν· ὧς ὅγε ποσσὶν,tlg0001.tlg001.perseus-grc2.xml
Argonautica,tlg001,4,1687,"ἀκαμάτοις τείως μὲν ἐπισταδὸν ᾐωρεῖτο,","ἀκαμάτοις τείως μὲν ἐπισταδὸν ᾐωρεῖτο,",tlg0001.tlg001.perseus-grc2.xml
Argonautica,tlg001,4,1688,ὕστερον αὖτʼ ἀμενηνὸς ἀπείρονι κάππεσε δούπῳ.,ὕστερον αὖτ’ ἀμενηνὸς ἀπείρονι κάππεσε δούπῳ.,tlg0001.tlg001.perseus-grc2.xml
Argonautica,tlg001,4,1689,κεῖνο μὲν οὖν Κρήτῃ ἐνὶ δὴ κνέφας ηὐλίζοντο,κεῖνο μὲν οὖν Κρήτῃ ἐνὶ δὴ κνέφας ηὐλίζοντο,tlg0001.tlg001.perseus-grc2.xml
Argonautica,tlg001,4,1690,ἥρωες· μετὰ δʼ οἵγε νέον φαέθουσαν ἐς ἠῶ,ἥρωες· μετὰ δ’ οἵγε νέον φαέθουσαν ἐς ἠῶ,tlg0001.tlg001.perseus-grc2.xml
Argonautica,tlg001,4,1691,"ἱρὸν Ἀθηναίης Μινωίδος ἱδρύσαντο,","ἱρὸν Ἀθηναίης Μινωίδος ἱδρύσαντο,",tlg0001.tlg001.perseus-grc2.xml
Argonautica,tlg001,4,1692,"ὕδωρ τʼ εἰσαφύσαντο καὶ εἰσέβαν, ὥς κεν ἐρετμοῖς","ὕδωρ τ’ εἰσαφύσαντο καὶ εἰσέβαν, ὥς κεν ἐρετμοῖς",tlg0001.tlg001.perseus-grc2.xml
Argonautica,tlg001,4,1693,παμπρώτιστα βάλοιεν ὑπὲρ Σαλμωνίδος ἄκρης.,παμπρώτιστα βάλοιεν ὑπὲρ Σαλμωνίδος ἄκρης.,tlg0001.tlg001.perseus-grc2.xml
Argonautica,tlg001,4,1694,Λὐτίκα δὲ Κρηταῖον ὑπὲρ μέγα λαῖτμα θέοντας,Λὐτίκα δὲ Κρηταῖον ὑπὲρ μέγα λαῖτμα θέοντας,tlg0001.tlg001.perseus-grc2.xml
Argonautica,tlg001,4,1695,"νὺξ ἐφόβει, τήνπερ τε κατουλάδα κικλήσκουσιν·","νὺξ ἐφόβει, τήνπερ τε κατουλάδα κικλήσκουσιν·",tlg0001.tlg001.perseus-grc2.xml
Argonautica,tlg001,4,1696,"νύκτʼ ὀλοὴν οὐκ ἄστρα διίσχανεν, οὐκ ἀμαρυγαὶ","νύκτ’ ὀλοὴν οὐκ ἄστρα διίσχανεν, οὐκ ἀμαρυγαὶ",tlg0001.tlg001.perseus-grc2.xml
Argonautica,tlg001,4,1697,"μήνης· οὐρανόθεν δὲ μέλαν χάος, ἠέ τις ἄλλη","μήνης· οὐρανόθεν δὲ μέλαν χάος, ἠέ τις ἄλλη",tlg0001.tlg001.perseus-grc2.xml
Argonautica,tlg001,4,1698,ὠρώρει σκοτίη μυχάτων ἀνιοῦσα βερέθρων.,ὠρώρει σκοτίη μυχάτων ἀνιοῦσα βερέθρων.,tlg0001.tlg001.perseus-grc2.xml
Argonautica,tlg001,4,1699,"αὐτοὶ δʼ, εἴτʼ Ἀίδῃ, εἴθʼ ὕδασιν ἐμφορέοντο,","αὐτοὶ δ’, εἴτ’ Ἀίδῃ, εἴθ’ ὕδασιν ἐμφορέοντο,",tlg0001.tlg001.perseus-grc2.xml
Argonautica,tlg001,4,1700,ἠείδειν οὐδʼ ὅσσον· ἐπέτρεψαν δὲ θαλάσσῃ,ἠείδειν οὐδ’ ὅσσον· ἐπέτρεψαν δὲ θαλάσσῃ,tlg0001.tlg001.perseus-grc2.xml
Argonautica,tlg001,4,1701,"νόστον, ἀμηχανέοντες, ὅπῃ φέροι. αὐτὰρ Ἰήσων","νόστον, ἀμηχανέοντες, ὅπῃ φέροι. αὐτὰρ Ἰήσων",tlg0001.tlg001.perseus-grc2.xml
Argonautica,tlg001,4,1702,"χεῖρας ἀνασχόμενος μεγάλῃ ὀπὶ Φοῖβον ἀύτει,","χεῖρας ἀνασχόμενος μεγάλῃ ὀπὶ Φοῖβον ἀύτει,",tlg0001.tlg001.perseus-grc2.xml
Argonautica,tlg001,4,1703,ῥύσασθαι καλέων· κατὰ δʼ ἔρρεεν ἀσχαλόωντι,ῥύσασθαι καλέων· κατὰ δ’ ἔρρεεν ἀσχαλόωντι,tlg0001.tlg001.perseus-grc2.xml
Argonautica,tlg001,4,1704,"δάκρυα· πολλὰ δὲ Πυθοῖ ὑπέσχετο, πολλὰ δʼ Ἀμύκλαις,","δάκρυα· πολλὰ δὲ Πυθοῖ ὑπέσχετο, πολλὰ δ’ Ἀμύκλαις,",tlg0001.tlg001.perseus-grc2.xml
Argonautica,tlg001,4,1705,πολλὰ δʼ ἐς Ὀρτυγίην ἀπερείσια δῶρα κομίσσειν.,πολλὰ δ’ ἐς Ὀρτυγίην ἀπερείσια δῶρα κομίσσειν.,tlg0001.tlg001.perseus-grc2.xml
Argonautica,tlg001,4,1706,"Λητοΐδη, τύνη δὲ κατʼ οὐρανοῦ ἵκεο πέτρας","Λητοΐδη, τύνη δὲ κατ’ οὐρανοῦ ἵκεο πέτρας",tlg0001.tlg001.perseus-grc2.xml
Argonautica,tlg001,4,1707,"ῥίμφα Μελαντίους ἀριήκοος, αἵ τʼ ἐνὶ πόντῳ","ῥίμφα Μελαντίους ἀριήκοος, αἵ τ’ ἐνὶ πόντῳ",tlg0001.tlg001.perseus-grc2.xml
Argonautica,tlg001,4,1708,"ἧνται· δοιάων δὲ μιῆς ἐφύπερθεν ὀρούσας,","ἧνται· δοιάων δὲ μιῆς ἐφύπερθεν ὀρούσας,",tlg0001.tlg001.perseus-grc2.xml
Argonautica,tlg001,4,1709,δεξιτερῇ χρύσειον ἀνέσχεθες ὑψόθι τόξον·,δεξιτερῇ χρύσειον ἀνέσχεθες ὑψόθι τόξον·,tlg0001.tlg001.perseus-grc2.xml
Argonautica,tlg001,4,1710,μαρμαρέην δʼ ἀπέλαμψε βιὸς περὶ πάντοθεν αἴγλην.,μαρμαρέην δ’ ἀπέλαμψε βιὸς περὶ πάντοθεν αἴγλην.,tlg0001.tlg001.perseus-grc2.xml
Argonautica,tlg001,4,1711,τοῖσι δέ τις Σποράδων βαιὴ ἀπὸ τόφρʼ ἐφαάνθη,τοῖσι δέ τις Σποράδων βαιὴ ἀπὸ τόφρ’ ἐφαάνθη,tlg0001.tlg001.perseus-grc2.xml
Argonautica,tlg001,4,1712,"νῆσος ἰδεῖν, ὀλίγης Ἱππουρίδος ἀντία νήσου,","νῆσος ἰδεῖν, ὀλίγης Ἱππουρίδος ἀντία νήσου,",tlg0001.tlg001.perseus-grc2.xml
Argonautica,tlg001,4,1713,ἔνθʼ εὐνὰς ἐβάλοντο καὶ ἔσχεθον· αὐτίκα δʼ Ἠὼς,ἔνθ’ εὐνὰς ἐβάλοντο καὶ ἔσχεθον· αὐτίκα δ’ Ἠὼς,tlg0001.tlg001.perseus-grc2.xml
Argonautica,tlg001,4,1714,φέγγεν ἀνερχομένη· τοὶ δʼ ἀγλαὸν Ἀπόλλωνι,φέγγεν ἀνερχομένη· τοὶ δ’ ἀγλαὸν Ἀπόλλωνι,tlg0001.tlg001.perseus-grc2.xml
Argonautica,tlg001,4,1715,ἄλσει ἐνὶ σκιερῷ τέμενος σκιόεντά τε βωμὸν,ἄλσει ἐνὶ σκιερῷ τέμενος σκιόεντά τε βωμὸν,tlg0001.tlg001.perseus-grc2.xml
Argonautica,tlg001,4,1716,"ποίεον, Αἰγλήτην μὲν ἐυσκόπου εἵνεκεν αἴγλης","ποίεον, Αἰγλήτην μὲν ἐυσκόπου εἵνεκεν αἴγλης",tlg0001.tlg001.perseus-grc2.xml
Argonautica,tlg001,4,1717,Φοῖβον κεκλόμενοι· Ἀνάφην δέ τε λισσάδα νῆσον,Φοῖβον κεκλόμενοι· Ἀνάφην δέ τε λισσάδα νῆσον,tlg0001.tlg001.perseus-grc2.xml
Argonautica,tlg001,4,1718,"ἴσκον, ὃ δὴ Φοῖβός μιν ἀτυζομένοις ἀνέφηνεν.","ἴσκον, ὃ δὴ Φοῖβός μιν ἀτυζομένοις ἀνέφηνεν.",tlg0001.tlg001.perseus-grc2.xml
Argonautica,tlg001,4,1719,ῥέζον δʼ ὅσσα περ ἄνδρες ἐρημαίῃ ἐνὶ ῥέζειν,ῥέζον δ’ ὅσσα περ ἄνδρες ἐρημαίῃ ἐνὶ ῥέζειν,tlg0001.tlg001.perseus-grc2.xml
Argonautica,tlg001,4,1720,ἀκτῇ ἐφοπλίσσειαν· ὃ δή σφεας ὁππότε δαλοῖς,ἀκτῇ ἐφοπλίσσειαν· ὃ δή σφεας ὁππότε δαλοῖς,tlg0001.tlg001.perseus-grc2.xml
Argonautica,tlg001,4,1721,ὕδωρ αἰθομένοισιν ἐπιλλείβοντας ἴδοντο,ὕδωρ αἰθομένοισιν ἐπιλλείβοντας ἴδοντο,tlg0001.tlg001.perseus-grc2.xml
Argonautica,tlg001,4,1722,"Μηδείης δμωαὶ Φαιηκίδες, οὐκέτʼ ἔπειτα","Μηδείης δμωαὶ Φαιηκίδες, οὐκέτ’ ἔπειτα",tlg0001.tlg001.perseus-grc2.xml
Argonautica,tlg001,4,1723,"ἴσχειν ἐν στήθεσσι γέλω σθένον, οἷα θαμειὰς","ἴσχειν ἐν στήθεσσι γέλω σθένον, οἷα θαμειὰς",tlg0001.tlg001.perseus-grc2.xml
Argonautica,tlg001,4,1724,αἰὲν ἐν Ἀλκινόοιο βοοκτασίας ὁρόωσαι.,αἰὲν ἐν Ἀλκινόοιο βοοκτασίας ὁρόωσαι.,tlg0001.tlg001.perseus-grc2.xml
Argonautica,tlg001,4,1725,τὰς δʼ αἰσχροῖς ἥρωες ἐπεστοβέεσκον ἔπεσσιν,τὰς δ’ αἰσχροῖς ἥρωες ἐπεστοβέεσκον ἔπεσσιν,tlg0001.tlg001.perseus-grc2.xml
Argonautica,tlg001,4,1726,χλεύῃ γηθόσυνοι· γλυκερὴ δʼ ἀνεδαίετο τοῖσιν,χλεύῃ γηθόσυνοι· γλυκερὴ δ’ ἀνεδαίετο τοῖσιν,tlg0001.tlg001.perseus-grc2.xml
Argonautica,tlg001,4,1727,κερτομίη καὶ νεῖκος ἐπεσβόλον. ἐκ δέ νυ κείνης,κερτομίη καὶ νεῖκος ἐπεσβόλον. ἐκ δέ νυ κείνης,tlg0001.tlg001.perseus-grc2.xml
Argonautica,tlg001,4,1728,μολπῆς ἡρώων νήσῳ ἔνι τοῖα γυναῖκες,μολπῆς ἡρώων νήσῳ ἔνι τοῖα γυναῖκες,tlg0001.tlg001.perseus-grc2.xml
Argonautica,tlg001,4,1729,"ἀνδράσι δηριόωνται, ὅτʼ Ἀπόλλωνα θυηλαῖς","ἀνδράσι δηριόωνται, ὅτ’ Ἀπόλλωνα θυηλαῖς",tlg0001.tlg001.perseus-grc2.xml
Argonautica,tlg001,4,1730,Αἰγλήτην Ἀνάφης τιμήορον ἱλάσκωνται.,Αἰγλήτην Ἀνάφης τιμήορον ἱλάσκωνται.,tlg0001.tlg001.perseus-grc2.xml
Argonautica,tlg001,4,1731,"ἀλλʼ ὅτε δὴ κἀκεῖθεν ὑπεύδια πείσματʼ ἔλυσαν,","ἀλλ’ ὅτε δὴ κἀκεῖθεν ὑπεύδια πείσματ’ ἔλυσαν,",tlg0001.tlg001.perseus-grc2.xml
Argonautica,tlg001,4,1732,"μνήσατʼ ἔπειτʼ Εὔφημος ὀνείρατος ἐννυχίοιο,","μνήσατ’ ἔπειτ’ Εὔφημος ὀνείρατος ἐννυχίοιο,",tlg0001.tlg001.perseus-grc2.xml
Argonautica,tlg001,4,1733,ἁζόμενος Μαίης υἷα κλυτόν. εἴσατο γάρ οἱ,ἁζόμενος Μαίης υἷα κλυτόν. εἴσατο γάρ οἱ,tlg0001.tlg001.perseus-grc2.xml
Argonautica,tlg001,4,1734,δαιμονίη βῶλαξ ἐπιμάστιος ᾧ ἐν ἀγοστῷ,δαιμονίη βῶλαξ ἐπιμάστιος ᾧ ἐν ἀγοστῷ,tlg0001.tlg001.perseus-grc2.xml
Argonautica,tlg001,4,1735,"ἄρδεσθαι λευκῇσιν ὑπαὶ λιβάδεσσι γάλακτος,","ἄρδεσθαι λευκῇσιν ὑπαὶ λιβάδεσσι γάλακτος,",tlg0001.tlg001.perseus-grc2.xml
Argonautica,tlg001,4,1736,ἐκ δὲ γυνὴ βώλοιο πέλειν ὀλίγης περ ἐούσης,ἐκ δὲ γυνὴ βώλοιο πέλειν ὀλίγης περ ἐούσης,tlg0001.tlg001.perseus-grc2.xml
Argonautica,tlg001,4,1737,παρθενικῇ ἰκέλη· μίχθη δέ οἱ ἐν φιλότητι,παρθενικῇ ἰκέλη· μίχθη δέ οἱ ἐν φιλότητι,tlg0001.tlg001.perseus-grc2.xml
Argonautica,tlg001,4,1738,ἄσχετον ἱμερθείς· ὀλοφύρετο δʼ ἠύτε κούρην,ἄσχετον ἱμερθείς· ὀλοφύρετο δ’ ἠύτε κούρην,tlg0001.tlg001.perseus-grc2.xml
Argonautica,tlg001,4,1739,"ζευξάμενος, τήν τʼ αὐτὸς ἑῷ ἀτίταλλε γάλακτι·","ζευξάμενος, τήν τ’ αὐτὸς ἑῷ ἀτίταλλε γάλακτι·",tlg0001.tlg001.perseus-grc2.xml
Argonautica,tlg001,4,1740,ἡ δέ ἑ μειλιχίοισι παρηγορέεσκʼ ἐπέεσσιν·,ἡ δέ ἑ μειλιχίοισι παρηγορέεσκ’ ἐπέεσσιν·,tlg0001.tlg001.perseus-grc2.xml
Argonautica,tlg001,4,1741,"Τρίτωνος γένος εἰμί, τεῶν τροφός, ὦ φίλε, παίδων,","Τρίτωνος γένος εἰμί, τεῶν τροφός, ὦ φίλε, παίδων,",tlg0001.tlg001.perseus-grc2.xml
Argonautica,tlg001,4,1742,οὐ κούρη· τρίτων γὰρ ἐμοὶ Λιβύη τε τοκῆες.,οὐ κούρη· τρίτων γὰρ ἐμοὶ Λιβύη τε τοκῆες.,tlg0001.tlg001.perseus-grc2.xml
Argonautica,tlg001,4,1743,ἀλλά με Νηρῆος παρακάτθεο παρθενικῇσιν,ἀλλά με Νηρῆος παρακάτθεο παρθενικῇσιν,tlg0001.tlg001.perseus-grc2.xml
Argonautica,tlg001,4,1744,ἂμ πέλαγος ναίειν Ἀνάφης σχεδόν· εἶμι δʼ ἐς αὐγὰς,ἂμ πέλαγος ναίειν Ἀνάφης σχεδόν· εἶμι δ’ ἐς αὐγὰς,tlg0001.tlg001.perseus-grc2.xml
Argonautica,tlg001,4,1745,"ἠελίου μετόπισθε, τεοῖς νεπόδεσσιν ἑτοίμη.","ἠελίου μετόπισθε, τεοῖς νεπόδεσσιν ἑτοίμη.",tlg0001.tlg001.perseus-grc2.xml
Argonautica,tlg001,4,1746,"τῷ δʼ ἄρʼ ἐπὶ μνῆστιν κραδίη βάλεν, ἔκ τʼ ὀνόμηνεν","τῷ δ’ ἄρ’ ἐπὶ μνῆστιν κραδίη βάλεν, ἔκ τ’ ὀνόμηνεν",tlg0001.tlg001.perseus-grc2.xml
Argonautica,tlg001,4,1747,Αἰσονίδῃ· ὁ δʼ ἔπειτα θεοπροπίας Ἑκάτοιο,Αἰσονίδῃ· ὁ δ’ ἔπειτα θεοπροπίας Ἑκάτοιο,tlg0001.tlg001.perseus-grc2.xml
Argonautica,tlg001,4,1748,θυμῷ πεμπάζων ἀνενείκατο φώνησέν τε·,θυμῷ πεμπάζων ἀνενείκατο φώνησέν τε·,tlg0001.tlg001.perseus-grc2.xml
Argonautica,tlg001,4,1749,"ὦ πέπον, ἦ μέγα δή δε καὶ ἀγλαὸν ἔμμορε κῦδος.","ὦ πέπον, ἦ μέγα δή δε καὶ ἀγλαὸν ἔμμορε κῦδος.",tlg0001.tlg001.perseus-grc2.xml
Argonautica,tlg001,4,1750,βώλακα γὰρ τεύξουσι θεοὶ πόντονδε βαλόντι,βώλακα γὰρ τεύξουσι θεοὶ πόντονδε βαλόντι,tlg0001.tlg001.perseus-grc2.xml
Argonautica,tlg001,4,1751,"νῆσον, ἵνʼ ὁπλότεροι παίδων δέθεν ἐννάσσονται","νῆσον, ἵν’ ὁπλότεροι παίδων δέθεν ἐννάσσονται",tlg0001.tlg001.perseus-grc2.xml
Argonautica,tlg001,4,1752,παῖδες· ἐπεὶ Τρίτων ξεινήιον ἐγγυάλιξεν,παῖδες· ἐπεὶ Τρίτων ξεινήιον ἐγγυάλιξεν,tlg0001.tlg001.perseus-grc2.xml
Argonautica,tlg001,4,1753,τήνδε τοι ἠπείροιο Λιβυστίδος. οὔ νύ τις ἄλλος,τήνδε τοι ἠπείροιο Λιβυστίδος. οὔ νύ τις ἄλλος,tlg0001.tlg001.perseus-grc2.xml
Argonautica,tlg001,4,1754,"ἀθανάτων, ἢ κεῖνος, ὅ μιν πόρεν ἀντιβολήσας.","ἀθανάτων, ἢ κεῖνος, ὅ μιν πόρεν ἀντιβολήσας.",tlg0001.tlg001.perseus-grc2.xml
Argonautica,tlg001,4,1755,ὧς ἔφατʼ· οὐδʼ ἁλίωσεν ὑπόκρισιν Αἰσονίδαο,ὧς ἔφατ’· οὐδ’ ἁλίωσεν ὑπόκρισιν Αἰσονίδαο,tlg0001.tlg001.perseus-grc2.xml
Argonautica,tlg001,4,1756,"Εὔφημος· βῶλον δέ, θεοπροπίῃσιν ἰανθείς,","Εὔφημος· βῶλον δέ, θεοπροπίῃσιν ἰανθείς,",tlg0001.tlg001.perseus-grc2.xml
Argonautica,tlg001,4,1757,ἧκεν ὑποβρυχίην. τῆς δʼ ἔκτοθι νῆσος ἀέρθη,ἧκεν ὑποβρυχίην. τῆς δ’ ἔκτοθι νῆσος ἀέρθη,tlg0001.tlg001.perseus-grc2.xml
Argonautica,tlg001,4,1758,"καλλίστη, παίδων ἱερὴ τροφὸς Εὐφήμοιο,","καλλίστη, παίδων ἱερὴ τροφὸς Εὐφήμοιο,",tlg0001.tlg001.perseus-grc2.xml
Argonautica,tlg001,4,1759,"οἳ πρὶν μέν ποτε δὴ Σιντηίδα Λῆμνον ἔναιον,","οἳ πρὶν μέν ποτε δὴ Σιντηίδα Λῆμνον ἔναιον,",tlg0001.tlg001.perseus-grc2.xml
Argonautica,tlg001,4,1760,Λήμνου τʼ ἐξελαθέντες ὑπʼ ἀνδράσι Τυρσηνοῖσιν,Λήμνου τ’ ἐξελαθέντες ὑπ’ ἀνδράσι Τυρσηνοῖσιν,tlg0001.tlg001.perseus-grc2.xml
Argonautica,tlg001,4,1761,Σπάρτην εἰσαφίκανον ἐφέστιοι· ἐκ δὲ λιπόντας,Σπάρτην εἰσαφίκανον ἐφέστιοι· ἐκ δὲ λιπόντας,tlg0001.tlg001.perseus-grc2.xml
Argonautica,tlg001,4,1762,Σπάρτην Αὐτεσίωνος ἐὺς πάις ἤγαγε Θήρας,Σπάρτην Αὐτεσίωνος ἐὺς πάις ἤγαγε Θήρας,tlg0001.tlg001.perseus-grc2.xml
Argonautica,tlg001,4,1763,"καλλίστην ἐπὶ νῆσον, ἀμείψατο δʼ οὔνομα Θήρης","καλλίστην ἐπὶ νῆσον, ἀμείψατο δ’ οὔνομα Θήρης",tlg0001.tlg001.perseus-grc2.xml
Argonautica,tlg001,4,1764,ἐξ ἕθεν. ἀλλὰ τὰ μὲν μετόπιν γένετʼ Εὐφήμοιο.,ἐξ ἕθεν. ἀλλὰ τὰ μὲν μετόπιν γένετ’ Εὐφήμοιο.,tlg0001.tlg001.perseus-grc2.xml
Argonautica,tlg001,4,1765,κεῖθεν δʼ ἀπτερέως διὰ μυρίον οἶδμα λιπόντες,κεῖθεν δ’ ἀπτερέως διὰ μυρίον οἶδμα λιπόντες,tlg0001.tlg001.perseus-grc2.xml
Argonautica,tlg001,4,1766,Αἰγίνης ἀκτῇσιν ἐπέσχεθον· αἶψα δὲ τοίγε,Αἰγίνης ἀκτῇσιν ἐπέσχεθον· αἶψα δὲ τοίγε,tlg0001.tlg001.perseus-grc2.xml
Argonautica,tlg001,4,1767,"ὑδρείης πέρι δῆριν ἀμεμφέα δηρίσαντο,","ὑδρείης πέρι δῆριν ἀμεμφέα δηρίσαντο,",tlg0001.tlg001.perseus-grc2.xml
Argonautica,tlg001,4,1768,ὅς κεν ἀφυσσάμενος φθαίη μετὰ νῆάδʼ ἱκέσθαι.,ὅς κεν ἀφυσσάμενος φθαίη μετὰ νῆάδ’ ἱκέσθαι.,tlg0001.tlg001.perseus-grc2.xml
Argonautica,tlg001,4,1769,ἄμφθ γὰρ χρειώ τε καὶ ἄσπετος οὖρος ἔπειγεν.,ἄμφθ γὰρ χρειώ τε καὶ ἄσπετος οὖρος ἔπειγεν.,tlg0001.tlg001.perseus-grc2.xml
Argonautica,tlg001,4,1770,ἔνθʼ ἔτι νῦν πλήθοντας ἐπωμαδὸν ἀμφιφορῆας,ἔνθ’ ἔτι νῦν πλήθοντας ἐπωμαδὸν ἀμφιφορῆας,tlg0001.tlg001.perseus-grc2.xml
Argonautica,tlg001,4,1771,ἀνθέμενοι κούφοισιν ἄφαρ κατʼ ἀγῶνα πόδεσσιν,ἀνθέμενοι κούφοισιν ἄφαρ κατ’ ἀγῶνα πόδεσσιν,tlg0001.tlg001.perseus-grc2.xml
Argonautica,tlg001,4,1772,κοῦροι Μυρμιδόνων νίκης πέρι δηριόωνται.,κοῦροι Μυρμιδόνων νίκης πέρι δηριόωνται.,tlg0001.tlg001.perseus-grc2.xml
Argonautica,tlg001,4,1773,Ἵλατʼ ἀριστήων μακάρων γένος· αἵδε δʼ ἀοιδαὶ,Ἵλατ’ ἀριστήων μακάρων γένος· αἵδε δ’ ἀοιδαὶ,tlg0001.tlg001.perseus-grc2.xml
Argonautica,tlg001,4,1774,εἰς ἔτος ἐξ ἔτεος γλυκερώτεραι εἶεν ἀείδειν,εἰς ἔτος ἐξ ἔτεος γλυκερώτεραι εἶεν ἀείδειν,tlg0001.tlg001.perseus-grc2.xml
Argonautica,tlg001,4,1775,ἀνθρώποις. ἤδη γὰρ ἐπὶ κλυτὰ πείραθʼ ἱκάνω,ἀνθρώποις. ἤδη γὰρ ἐπὶ κλυτὰ πείραθ’ ἱκάνω,tlg0001.tlg001.perseus-grc2.xml
Argonautica,tlg001,4,1776,ὑμετέρων καμάτων· ἐπεὶ οὔ νύ τις ὔμμιν ἄεθλος,ὑμετέρων καμάτων· ἐπεὶ οὔ νύ τις ὔμμιν ἄεθλος,tlg0001.tlg001.perseus-grc2.xml
Argonautica,tlg001,4,1777,"αὖτις ἀπʼ Αἰγίνηθεν ἀνερχομένοισιν ἐτύχθη,","αὖτις ἀπ’ Αἰγίνηθεν ἀνερχομένοισιν ἐτύχθη,",tlg0001.tlg001.perseus-grc2.xml
Argonautica,tlg001,4,1778,οὔτʼ ἀνέμων ἐριῶλαι ἐνέσταθεν· ἀλλὰ ἕκηλοι,οὔτ’ ἀνέμων ἐριῶλαι ἐνέσταθεν· ἀλλὰ ἕκηλοι,tlg0001.tlg001.perseus-grc2.xml
Argonautica,tlg001,4,1779,γαῖαν Κεκροπίην παρά τʼ Αὐλίδα μετρήσαντες,γαῖαν Κεκροπίην παρά τ’ Αὐλίδα μετρήσαντες,tlg0001.tlg001.perseus-grc2.xml
Argonautica,tlg001,4,1780,Εὐβοίης ἔντοσθεν Ὀπούντιά τʼ ἄστεα Λοκρῶν,Εὐβοίης ἔντοσθεν Ὀπούντιά τ’ ἄστεα Λοκρῶν,tlg0001.tlg001.perseus-grc2.xml
Argonautica,tlg001,4,1781,ἀσπασίως ἀκτὰς Παγασηίδας εἰσαπέβητε.,ἀσπασίως ἀκτὰς Παγασηίδας εἰσαπέβητε.,tlg0001.tlg001.perseus-grc2.xml
