work,tlg,book,n,text,text_clean,source
Cynegetica,tlg001,1,1,"σοί, μάκαρ, ἀείδω, γαίης ἐρικυδὲς ἔρεισμα,","σοί, μάκαρ, ἀείδω, γαίης ἐρικυδὲς ἔρεισμα,",tlg0024.tlg001.perseus-grc2.xml
Cynegetica,tlg001,1,2,"φέγγος ἐνυαλίων πολυήρατον Αἰνεαδάων,","φέγγος ἐνυαλίων πολυήρατον Αἰνεαδάων,",tlg0024.tlg001.perseus-grc2.xml
Cynegetica,tlg001,1,3,"Αὐσονίου Ζηνὸς γλυκερὸν θάλος, Ἀντωνῖνε·","Αὐσονίου Ζηνὸς γλυκερὸν θάλος, Ἀντωνῖνε·",tlg0024.tlg001.perseus-grc2.xml
Cynegetica,tlg001,1,4,"τὸν μεγάλη μεγάλῳ φιτύσατο Δόμνα Σεβήρῳ,","τὸν μεγάλη μεγάλῳ φιτύσατο Δόμνα Σεβήρῳ,",tlg0024.tlg001.perseus-grc2.xml
Cynegetica,tlg001,1,5,"ὀλβίῳ εὐνηθεῖσα καὶ ὄλβιον ὠδίνασα,","ὀλβίῳ εὐνηθεῖσα καὶ ὄλβιον ὠδίνασα,",tlg0024.tlg001.perseus-grc2.xml
Cynegetica,tlg001,1,6,"νύμφη ἀριστοπόσεια, λεχὼ δέ τε καλλιτόκεια,","νύμφη ἀριστοπόσεια, λεχὼ δέ τε καλλιτόκεια,",tlg0024.tlg001.perseus-grc2.xml
Cynegetica,tlg001,1,7,"Ἀσσυρίη Κυθέρεια καὶ οὐ λείπουσα Σελήνη,","Ἀσσυρίη Κυθέρεια καὶ οὐ λείπουσα Σελήνη,",tlg0024.tlg001.perseus-grc2.xml
Cynegetica,tlg001,1,8,οὐδὲν ἀφαυρότερον Ζηνὸς Κρονίδαο γενέθλης·,οὐδὲν ἀφαυρότερον Ζηνὸς Κρονίδαο γενέθλης·,tlg0024.tlg001.perseus-grc2.xml
Cynegetica,tlg001,1,9,ἑὐμενέοι Τιτὰν Φαέθων καὶ Φοῖβος Ἀπόλλων.,ἑὐμενέοι Τιτὰν Φαέθων καὶ Φοῖβος Ἀπόλλων.,tlg0024.tlg001.perseus-grc2.xml
Cynegetica,tlg001,1,10,τῷ ῥα πατὴρ μεγάλῃσι πονησάμενος παλάμῃσι,τῷ ῥα πατὴρ μεγάλῃσι πονησάμενος παλάμῃσι,tlg0024.tlg001.perseus-grc2.xml
Cynegetica,tlg001,1,11,"δῶκεν ἔχειν πᾶσαν τραφερήν, πᾶσαν δὲ καὶ ὑγρήν.","δῶκεν ἔχειν πᾶσαν τραφερήν, πᾶσαν δὲ καὶ ὑγρήν.",tlg0024.tlg001.perseus-grc2.xml
Cynegetica,tlg001,1,12,"σοὶ μὲν γὰρ θαλέθουσα κύει πάνδωρος ἄρουρα,","σοὶ μὲν γὰρ θαλέθουσα κύει πάνδωρος ἄρουρα,",tlg0024.tlg001.perseus-grc2.xml
Cynegetica,tlg001,1,13,καὶ πάλιν εὐδιόωσα τρέφει κλυτὰ φῦλα θάλασσα·,καὶ πάλιν εὐδιόωσα τρέφει κλυτὰ φῦλα θάλασσα·,tlg0024.tlg001.perseus-grc2.xml
Cynegetica,tlg001,1,14,"σοὶ δέ τε πάντα νάουσιν ἀπʼ Ὠκεανοῖο ῥέεθρα,","σοὶ δέ τε πάντα νάουσιν ἀπ’ Ὠκεανοῖο ῥέεθρα,",tlg0024.tlg001.perseus-grc2.xml
Cynegetica,tlg001,1,15,φαιδρά τε μειδιόωσα θέει κλυτὸς Ἠριγένεια.,φαιδρά τε μειδιόωσα θέει κλυτὸς Ἠριγένεια.,tlg0024.tlg001.perseus-grc2.xml
Cynegetica,tlg001,1,16,τοιγὰρ ἐγὼν ἔραμαι θήρης κλυτὰ δήνἐ ἀεῖσαι.,τοιγὰρ ἐγὼν ἔραμαι θήρης κλυτὰ δήνἐ ἀεῖσαι.,tlg0024.tlg001.perseus-grc2.xml
Cynegetica,tlg001,1,17,"τοῦτό με Καλλιόπη κέλεται, τοῦτʼ Ἄρτεμις αὐτή.","τοῦτό με Καλλιόπη κέλεται, τοῦτ’ Ἄρτεμις αὐτή.",tlg0024.tlg001.perseus-grc2.xml
Cynegetica,tlg001,1,18,"ἔκλυον, ᾗ θέμις ἐστί, θεείης ἔκλυον ἠχῆς,","ἔκλυον, ᾗ θέμις ἐστί, θεείης ἔκλυον ἠχῆς,",tlg0024.tlg001.perseus-grc2.xml
Cynegetica,tlg001,1,19,καὶ θεὸν ἠμείφθην· πρώτη δέ με τοιάδʼ ἔνισπεν·,καὶ θεὸν ἠμείφθην· πρώτη δέ με τοιάδ’ ἔνισπεν·,tlg0024.tlg001.perseus-grc2.xml
Cynegetica,tlg001,1,20,"α. ἔγρεο, καὶ τρηχεῖαν ἐπιστείβωμεν ἀταρπόν,","α. ἔγρεο, καὶ τρηχεῖαν ἐπιστείβωμεν ἀταρπόν,",tlg0024.tlg001.perseus-grc2.xml
Cynegetica,tlg001,1,21,τὴν μερόπων οὔπω τις ἑῇς ἐπάτησεν ἀοιδαῖς.,τὴν μερόπων οὔπω τις ἑῇς ἐπάτησεν ἀοιδαῖς.,tlg0024.tlg001.perseus-grc2.xml
Cynegetica,tlg001,1,22,"ο. ἵλαθι, πότνια δῖα, τὰ δʼ ἐν φρεσὶ σῇσι μενοινᾷς,","ο. ἵλαθι, πότνια δῖα, τὰ δ’ ἐν φρεσὶ σῇσι μενοινᾷς,",tlg0024.tlg001.perseus-grc2.xml
Cynegetica,tlg001,1,23,ἄμμες ὑφʼ ἡμετέρῃ μεροπηΐδι λέξομεν ἠχῇ.,ἄμμες ὑφ’ ἡμετέρῃ μεροπηΐδι λέξομεν ἠχῇ.,tlg0024.tlg001.perseus-grc2.xml
Cynegetica,tlg001,1,24,"α. οὐκ ἐθέλω τριετῆ σε τὰ νῦν Ὀρίβακχον ἀείδειν,","α. οὐκ ἐθέλω τριετῆ σε τὰ νῦν Ὀρίβακχον ἀείδειν,",tlg0024.tlg001.perseus-grc2.xml
Cynegetica,tlg001,1,25,οὐ χορὸν Ἀονίου παρὰ βένθεσιν Ἀσωποῖο.,οὐ χορὸν Ἀονίου παρὰ βένθεσιν Ἀσωποῖο.,tlg0024.tlg001.perseus-grc2.xml
Cynegetica,tlg001,1,26,"ο. Λείψομεν, ὡς κέλεαι, τὰ Σαβάζια νύκτερα θύσθλα·","ο. Λείψομεν, ὡς κέλεαι, τὰ Σαβάζια νύκτερα θύσθλα·",tlg0024.tlg001.perseus-grc2.xml
Cynegetica,tlg001,1,27,δηθάκις ἀμφεχόρευσα Θυωναίῳ Διονύσῳ.,δηθάκις ἀμφεχόρευσα Θυωναίῳ Διονύσῳ.,tlg0024.tlg001.perseus-grc2.xml
Cynegetica,tlg001,1,28,"α. μὴ γένος ἡρώων εἴπῃς, μὴ ναυτίλον Ἀργώ,","α. μὴ γένος ἡρώων εἴπῃς, μὴ ναυτίλον Ἀργώ,",tlg0024.tlg001.perseus-grc2.xml
Cynegetica,tlg001,1,29,"μηδὲ μόθους μερόπων, μή μοι Βροτολοιγὸν ἀείσῃς.","μηδὲ μόθους μερόπων, μή μοι Βροτολοιγὸν ἀείσῃς.",tlg0024.tlg001.perseus-grc2.xml
Cynegetica,tlg001,1,30,"ο. οὐκ ἐρέω πολέμους, οὐκ Ἄρεος ἔργα κάκιστα·","ο. οὐκ ἐρέω πολέμους, οὐκ Ἄρεος ἔργα κάκιστα·",tlg0024.tlg001.perseus-grc2.xml
Cynegetica,tlg001,1,31,ἐφρασάμην Πάρθων τε δύας καὶ Κτησιφόωντα.,ἐφρασάμην Πάρθων τε δύας καὶ Κτησιφόωντα.,tlg0024.tlg001.perseus-grc2.xml
Cynegetica,tlg001,1,32,"α. ἀμφὶ πόθοις ὀλοοῖσιν ἀκὴν ἔχε, λεῖπέ τε κεστούς·","α. ἀμφὶ πόθοις ὀλοοῖσιν ἀκὴν ἔχε, λεῖπέ τε κεστούς·",tlg0024.tlg001.perseus-grc2.xml
Cynegetica,tlg001,1,33,ἐχθαίρω τὰ λέγουσιν ἀθύρματα Ποντογενείης.,ἐχθαίρω τὰ λέγουσιν ἀθύρματα Ποντογενείης.,tlg0024.tlg001.perseus-grc2.xml
Cynegetica,tlg001,1,34,"ο. Ἐκλύομέν σε, μάκαιρα, γάμων ἀμύητον ἐοῦσαν.","ο. Ἐκλύομέν σε, μάκαιρα, γάμων ἀμύητον ἐοῦσαν.",tlg0024.tlg001.perseus-grc2.xml
Cynegetica,tlg001,1,35,α. μέλπε μόθους θηρῶν τε καὶ ἀνδρῶν ἀγρευτήρων·,α. μέλπε μόθους θηρῶν τε καὶ ἀνδρῶν ἀγρευτήρων·,tlg0024.tlg001.perseus-grc2.xml
Cynegetica,tlg001,1,36,"μέλπε γένη σκυλάκων τε καὶ ἵππων αἰόλα φῦλα,","μέλπε γένη σκυλάκων τε καὶ ἵππων αἰόλα φῦλα,",tlg0024.tlg001.perseus-grc2.xml
Cynegetica,tlg001,1,37,"βουλὰς ὠκυνόους, στιβίης ἐϋκερδέος ἔργα·","βουλὰς ὠκυνόους, στιβίης ἐϋκερδέος ἔργα·",tlg0024.tlg001.perseus-grc2.xml
Cynegetica,tlg001,1,38,"ἔχθεά μοι θήρεια λέγειν, φιλότητας ἀείδειν","ἔχθεά μοι θήρεια λέγειν, φιλότητας ἀείδειν",tlg0024.tlg001.perseus-grc2.xml
Cynegetica,tlg001,1,39,καὶ θαλάμους ἐν ὄρεσσιν ἀδακρύτοιο Κυθείρης,καὶ θαλάμους ἐν ὄρεσσιν ἀδακρύτοιο Κυθείρης,tlg0024.tlg001.perseus-grc2.xml
Cynegetica,tlg001,1,40,καὶ τοκετοὺς ἐνὶ θηρσὶν ἀμαιεύτοιο λοχείης.,καὶ τοκετοὺς ἐνὶ θηρσὶν ἀμαιεύτοιο λοχείης.,tlg0024.tlg001.perseus-grc2.xml
Cynegetica,tlg001,1,41,τοῖαι συνθεσίαι Ζηνὸς μεγάλοιο θυγατρός.,τοῖαι συνθεσίαι Ζηνὸς μεγάλοιο θυγατρός.,tlg0024.tlg001.perseus-grc2.xml
Cynegetica,tlg001,1,42,"ἔκλυον, ἀείδω· βάλλοιμι δʼ ἐπίσκοπον ἠχήν.","ἔκλυον, ἀείδω· βάλλοιμι δ’ ἐπίσκοπον ἠχήν.",tlg0024.tlg001.perseus-grc2.xml
Cynegetica,tlg001,1,43,"ἄλλὰ σύ γʼ, ἀντολίηθεν ἐπʼ Ὠκεανὸν βασιλεύων,","ἄλλὰ σύ γ’, ἀντολίηθεν ἐπ’ Ὠκεανὸν βασιλεύων,",tlg0024.tlg001.perseus-grc2.xml
Cynegetica,tlg001,1,44,"εὔδιον ἀμβροσίῃσιν ὑπʼ ὀφρύσι σῇσι γεγηθώς,","εὔδιον ἀμβροσίῃσιν ὑπ’ ὀφρύσι σῇσι γεγηθώς,",tlg0024.tlg001.perseus-grc2.xml
Cynegetica,tlg001,1,45,δεξιτερὴν ὀπάσαιο πανίλαον ὀλβοδότειραν,δεξιτερὴν ὀπάσαιο πανίλαον ὀλβοδότειραν,tlg0024.tlg001.perseus-grc2.xml
Cynegetica,tlg001,1,46,γαίῃ καὶ πολίεσσι καὶ εὐθήροισιν ἀοιδαῖς.,γαίῃ καὶ πολίεσσι καὶ εὐθήροισιν ἀοιδαῖς.,tlg0024.tlg001.perseus-grc2.xml
Cynegetica,tlg001,1,47,"Τριχθαδίην θήρην θεὸς ὤπασεν ἀνθρώποισιν,","Τριχθαδίην θήρην θεὸς ὤπασεν ἀνθρώποισιν,",tlg0024.tlg001.perseus-grc2.xml
Cynegetica,tlg001,1,48,ἠερίην χθονίην τε καὶ εἰναλίην ἐρατεινήν·,ἠερίην χθονίην τε καὶ εἰναλίην ἐρατεινήν·,tlg0024.tlg001.perseus-grc2.xml
Cynegetica,tlg001,1,49,"ἀλλʼ οὐκ ἶσος ἄεθλος· ἐπεὶ πόθεν ἶσα τέτυκται,","ἀλλ’ οὐκ ἶσος ἄεθλος· ἐπεὶ πόθεν ἶσα τέτυκται,",tlg0024.tlg001.perseus-grc2.xml
Cynegetica,tlg001,1,50,"ἰχθὺν ἀσπαίροντα βυθῶν ἀπομηρύσασθαι,","ἰχθὺν ἀσπαίροντα βυθῶν ἀπομηρύσασθαι,",tlg0024.tlg001.perseus-grc2.xml
Cynegetica,tlg001,1,51,"καὶ ταναοὺς ὄρνιθας ἀπʼ ἠέρος εἰρύσασθαι,","καὶ ταναοὺς ὄρνιθας ἀπ’ ἠέρος εἰρύσασθαι,",tlg0024.tlg001.perseus-grc2.xml
Cynegetica,tlg001,1,52,ἢ θηρσὶν φονίοισιν ἐν οὔρεσι δηρίσασθαι;,ἢ θηρσὶν φονίοισιν ἐν οὔρεσι δηρίσασθαι;,tlg0024.tlg001.perseus-grc2.xml
Cynegetica,tlg001,1,53,οὐ μὲν ἄρʼ οὐδʼ ἁλιῆϊ καὶ οὐκ ἐτὸς ἰξευτῆρι,οὐ μὲν ἄρ’ οὐδ’ ἁλιῆϊ καὶ οὐκ ἐτὸς ἰξευτῆρι,tlg0024.tlg001.perseus-grc2.xml
Cynegetica,tlg001,1,54,ἄγρη νόσφι πόνοιο· πόνῳ δʼ ἅμα τέρψις ὀπηδεῖ,ἄγρη νόσφι πόνοιο· πόνῳ δ’ ἅμα τέρψις ὀπηδεῖ,tlg0024.tlg001.perseus-grc2.xml
Cynegetica,tlg001,1,55,"μούνη, καὶ φόνος οὔτις· ἀναίμακτοι δὲ πέλονται.","μούνη, καὶ φόνος οὔτις· ἀναίμακτοι δὲ πέλονται.",tlg0024.tlg001.perseus-grc2.xml
Cynegetica,tlg001,1,56,ἤτοι ὁ μὲν πέτρῃσιν ἐφήμενος ἀγχιάλοισι,ἤτοι ὁ μὲν πέτρῃσιν ἐφήμενος ἀγχιάλοισι,tlg0024.tlg001.perseus-grc2.xml
Cynegetica,tlg001,1,57,γυραλέοις δονάκεσσι καὶ ἀγκίστροισι δαφοινοῖς,γυραλέοις δονάκεσσι καὶ ἀγκίστροισι δαφοινοῖς,tlg0024.tlg001.perseus-grc2.xml
Cynegetica,tlg001,1,58,ἄτρομος ἀσπαλιεὺς ἐπεδήσατο δαίδαλον ἰχθύν·,ἄτρομος ἀσπαλιεὺς ἐπεδήσατο δαίδαλον ἰχθύν·,tlg0024.tlg001.perseus-grc2.xml
Cynegetica,tlg001,1,59,"τερπωλὴ δʼ , ὅτε χαλκοῦ ὑπαὶ γενύεσσι τορήσας","τερπωλὴ δ’ , ὅτε χαλκοῦ ὑπαὶ γενύεσσι τορήσας",tlg0024.tlg001.perseus-grc2.xml
Cynegetica,tlg001,1,60,ὕψι μάλα θρώσκοντα βυθῶν ὕπερ ἀσπαίροντα,ὕψι μάλα θρώσκοντα βυθῶν ὕπερ ἀσπαίροντα,tlg0024.tlg001.perseus-grc2.xml
Cynegetica,tlg001,1,61,εἰνάλιον φορέῃσι διʼ ἠέρος ὀρχηστῆρα.,εἰνάλιον φορέῃσι δι’ ἠέρος ὀρχηστῆρα.,tlg0024.tlg001.perseus-grc2.xml
Cynegetica,tlg001,1,62,ναὶ μὴν ἰξευτῆρι πόνος γλυκύς· ἦ γὰρ ἐπʼ ἄγρην,ναὶ μὴν ἰξευτῆρι πόνος γλυκύς· ἦ γὰρ ἐπ’ ἄγρην,tlg0024.tlg001.perseus-grc2.xml
Cynegetica,tlg001,1,63,"οὐκ ἄορ, οὐ δρεπάνην, οὐ χάλκεα δοῦρα φέρονται,","οὐκ ἄορ, οὐ δρεπάνην, οὐ χάλκεα δοῦρα φέρονται,",tlg0024.tlg001.perseus-grc2.xml
Cynegetica,tlg001,1,64,ἀλλʼ αὐτοῖς ἐπὶ δρυμὰ συνέμπορος ἕσπετο κίρκος,ἀλλ’ αὐτοῖς ἐπὶ δρυμὰ συνέμπορος ἕσπετο κίρκος,tlg0024.tlg001.perseus-grc2.xml
Cynegetica,tlg001,1,65,καὶ δολιχαὶ θώμιγγες ὑγρός τε μελίχροος ἰξὸς,καὶ δολιχαὶ θώμιγγες ὑγρός τε μελίχροος ἰξὸς,tlg0024.tlg001.perseus-grc2.xml
Cynegetica,tlg001,1,66,οἵ τε διηερίην δόνακες πατέουσιν ἀταρπόν.,οἵ τε διηερίην δόνακες πατέουσιν ἀταρπόν.,tlg0024.tlg001.perseus-grc2.xml
Cynegetica,tlg001,1,67,τίς τάδε τολμήσειεν ἀείδειν ἰσοτάλαντα;,τίς τάδε τολμήσειεν ἀείδειν ἰσοτάλαντα;,tlg0024.tlg001.perseus-grc2.xml
Cynegetica,tlg001,1,68,ἢ βασιλῆϊ λέοντι τίς αἰετὸν ἀντιβάλοιτο;,ἢ βασιλῆϊ λέοντι τίς αἰετὸν ἀντιβάλοιτο;,tlg0024.tlg001.perseus-grc2.xml
Cynegetica,tlg001,1,69,"ἰῷ πορδαλίων δὲ τίς ἄν μύραιναν ἐΐσκοι,","ἰῷ πορδαλίων δὲ τίς ἄν μύραιναν ἐΐσκοι,",tlg0024.tlg001.perseus-grc2.xml
Cynegetica,tlg001,1,70,"ἢ θῶας κίρκοις, ἢ ῥινοκέρωτας ἐχίνοις,","ἢ θῶας κίρκοις, ἢ ῥινοκέρωτας ἐχίνοις,",tlg0024.tlg001.perseus-grc2.xml
Cynegetica,tlg001,1,71,"ἢ λάρον αἰγάγροις, ἢ κήτεα πάντʼ ἐλέφαντι;","ἢ λάρον αἰγάγροις, ἢ κήτεα πάντ’ ἐλέφαντι;",tlg0024.tlg001.perseus-grc2.xml
Cynegetica,tlg001,1,72,"θηρητῆρε λύκους ὄλεσαν, θύννους ἁλιῆες,","θηρητῆρε λύκους ὄλεσαν, θύννους ἁλιῆες,",tlg0024.tlg001.perseus-grc2.xml
Cynegetica,tlg001,1,73,"ἀγρευτῆρες ὄϊς, τρήρωνας ἕλον δονακῆες,","ἀγρευτῆρες ὄϊς, τρήρωνας ἕλον δονακῆες,",tlg0024.tlg001.perseus-grc2.xml
Cynegetica,tlg001,1,74,"ἄρκτον ἐπακτῆρες, καὶ μορμύρον ἀσπαλιῆες,","ἄρκτον ἐπακτῆρες, καὶ μορμύρον ἀσπαλιῆες,",tlg0024.tlg001.perseus-grc2.xml
Cynegetica,tlg001,1,75,"τίγριν δʼ ἱππῆες, καὶ τριγλίδας ἰχθυβολῆες,","τίγριν δ’ ἱππῆες, καὶ τριγλίδας ἰχθυβολῆες,",tlg0024.tlg001.perseus-grc2.xml
Cynegetica,tlg001,1,76,"κάπριον ἰχνευτῆρες, ἀηδόνας ἰξευτῆρες.","κάπριον ἰχνευτῆρες, ἀηδόνας ἰξευτῆρες.",tlg0024.tlg001.perseus-grc2.xml
Cynegetica,tlg001,1,77,"ἀλλὰ σὺ μέν, Νηρεῦ, καὶ δαίμονες Ἀμφιτρίτης,","ἀλλὰ σὺ μέν, Νηρεῦ, καὶ δαίμονες Ἀμφιτρίτης,",tlg0024.tlg001.perseus-grc2.xml
Cynegetica,tlg001,1,78,"ἠδὲ φιλορνίθων Δρυάδων χορὸς, ἱλήκοιτε·","ἠδὲ φιλορνίθων Δρυάδων χορὸς, ἱλήκοιτε·",tlg0024.tlg001.perseus-grc2.xml
Cynegetica,tlg001,1,79,δὴ γὰρ ἐπιστροφάδην με φίλαι καλέουσιν ἀοιδαί·,δὴ γὰρ ἐπιστροφάδην με φίλαι καλέουσιν ἀοιδαί·,tlg0024.tlg001.perseus-grc2.xml
Cynegetica,tlg001,1,80,δαίμοσι θηροφόνοισι παλίντροπος ἔρχομʼ ἀείσων.,δαίμοσι θηροφόνοισι παλίντροπος ἔρχομ’ ἀείσων.,tlg0024.tlg001.perseus-grc2.xml
Cynegetica,tlg001,1,81,πρῶτα μὲν αἰζηοὶ μή μοι μάλα πίονες ἔστων·,πρῶτα μὲν αἰζηοὶ μή μοι μάλα πίονες ἔστων·,tlg0024.tlg001.perseus-grc2.xml
Cynegetica,tlg001,1,82,ἦ γάρ τοι σκοπέλοισι θορεῖν μὲν ὑπείροχον ἵππον,ἦ γάρ τοι σκοπέλοισι θορεῖν μὲν ὑπείροχον ἵππον,tlg0024.tlg001.perseus-grc2.xml
Cynegetica,tlg001,1,83,"χρειὼ ἀναγκαίη, χρειὼ δʼ ἄρα τάφρον ἁλέσθαι.","χρειὼ ἀναγκαίη, χρειὼ δ’ ἄρα τάφρον ἁλέσθαι.",tlg0024.tlg001.perseus-grc2.xml
Cynegetica,tlg001,1,84,"δηθάκι δʼ ἐν δρυμοῖσιν ἀνάγκη θῆρα δίεσθαι,","δηθάκι δ’ ἐν δρυμοῖσιν ἀνάγκη θῆρα δίεσθαι,",tlg0024.tlg001.perseus-grc2.xml
Cynegetica,tlg001,1,85,ποσσὶν ἐλαφρίζοντα καὶ εὐφόρτοις μελέεσσι.,ποσσὶν ἐλαφρίζοντα καὶ εὐφόρτοις μελέεσσι.,tlg0024.tlg001.perseus-grc2.xml
Cynegetica,tlg001,1,86,"τῷ μὴ πιαλέοι θήρης ἐπὶ μῶλον ἴοιεν,","τῷ μὴ πιαλέοι θήρης ἐπὶ μῶλον ἴοιεν,",tlg0024.tlg001.perseus-grc2.xml
Cynegetica,tlg001,1,87,μηδʼ ἔτι λεπταλέοι· καὶ γάρ ποτε δηρίσασθαι,μηδ’ ἔτι λεπταλέοι· καὶ γάρ ποτε δηρίσασθαι,tlg0024.tlg001.perseus-grc2.xml
Cynegetica,tlg001,1,88,θηρσὶν ἐνυαλίοισι χρεὼ πολυαγρέα φῶτα.,θηρσὶν ἐνυαλίοισι χρεὼ πολυαγρέα φῶτα.,tlg0024.tlg001.perseus-grc2.xml
Cynegetica,tlg001,1,89,"τοὔνεκά μοι δέμας ὧδε κερασσάμενοι φορέοιεν,","τοὔνεκά μοι δέμας ὧδε κερασσάμενοι φορέοιεν,",tlg0024.tlg001.perseus-grc2.xml
Cynegetica,tlg001,1,90,ἀμφότερον κραιπνόν τε θέειν σθεναρόν τε μάχεσθαι.,ἀμφότερον κραιπνόν τε θέειν σθεναρόν τε μάχεσθαι.,tlg0024.tlg001.perseus-grc2.xml
Cynegetica,tlg001,1,91,καὶ δʼ ἄρα δεξιτερῇ μὲν ἐπικραδάοιεν ἄκοντας,καὶ δ’ ἄρα δεξιτερῇ μὲν ἐπικραδάοιεν ἄκοντας,tlg0024.tlg001.perseus-grc2.xml
Cynegetica,tlg001,1,92,"ἀμφιδύμους ταναούς, δρεπάνην δʼ ἐπὶ μεσσόθι ζώνης·","ἀμφιδύμους ταναούς, δρεπάνην δ’ ἐπὶ μεσσόθι ζώνης·",tlg0024.tlg001.perseus-grc2.xml
Cynegetica,tlg001,1,93,"καὶ γὰρ καὶ θήρεσσι πικρὸν φόνον ἐντύνοιντο,","καὶ γὰρ καὶ θήρεσσι πικρὸν φόνον ἐντύνοιντο,",tlg0024.tlg001.perseus-grc2.xml
Cynegetica,tlg001,1,94,καί τε κακῶν φορέοιεν ἀλεξητήρια φωτῶν.,καί τε κακῶν φορέοιεν ἀλεξητήρια φωτῶν.,tlg0024.tlg001.perseus-grc2.xml
Cynegetica,tlg001,1,95,"λαιῇ δὲ πεζὸς μὲν ἄγοι κύνας, ἱππελάτης δὲ","λαιῇ δὲ πεζὸς μὲν ἄγοι κύνας, ἱππελάτης δὲ",tlg0024.tlg001.perseus-grc2.xml
Cynegetica,tlg001,1,96,ἵππων ἰθύνειε κυβερνητῆρα χαλινόν.,ἵππων ἰθύνειε κυβερνητῆρα χαλινόν.,tlg0024.tlg001.perseus-grc2.xml
Cynegetica,tlg001,1,97,εὐσταλέως δὲ χιτῶνα καὶ εἰς ἐπιγουνίδα πήξας,εὐσταλέως δὲ χιτῶνα καὶ εἰς ἐπιγουνίδα πήξας,tlg0024.tlg001.perseus-grc2.xml
Cynegetica,tlg001,1,98,"ἑλκέσθω, σφίγγοιτο δʼ ἐπημοιβοῖς τελαμῶσιν.","ἑλκέσθω, σφίγγοιτο δ’ ἐπημοιβοῖς τελαμῶσιν.",tlg0024.tlg001.perseus-grc2.xml
Cynegetica,tlg001,1,99,αὐχένος αὖθʼ ἑκάτερθε παρήορον ἐκ παλαμάων,αὐχένος αὖθ’ ἑκάτερθε παρήορον ἐκ παλαμάων,tlg0024.tlg001.perseus-grc2.xml
Cynegetica,tlg001,1,100,"εἷμα περιστέλλοιτʼ ὀπίσω σθεναρῶν ὑπὲρ ὤμων,","εἷμα περιστέλλοιτ’ ὀπίσω σθεναρῶν ὑπὲρ ὤμων,",tlg0024.tlg001.perseus-grc2.xml
Cynegetica,tlg001,1,101,ῥήϊον ἐς κάματον· γυμνοῖσι δὲ ποσσὶν ὁδεύειν,ῥήϊον ἐς κάματον· γυμνοῖσι δὲ ποσσὶν ὁδεύειν,tlg0024.tlg001.perseus-grc2.xml
Cynegetica,tlg001,1,102,"κείνους, τοῖσιν ἴχνη μέλεται δυσδερκέα θηρῶν,","κείνους, τοῖσιν ἴχνη μέλεται δυσδερκέα θηρῶν,",tlg0024.tlg001.perseus-grc2.xml
Cynegetica,tlg001,1,103,ὄφρα κε μὴ θήρεσσιν ἀπʼ ὄμματος ὕπνον ἕλοιτο,ὄφρα κε μὴ θήρεσσιν ἀπ’ ὄμματος ὕπνον ἕλοιτο,tlg0024.tlg001.perseus-grc2.xml
Cynegetica,tlg001,1,104,ἠχὴ τριβομένων λιπαροῖς ὑπὸ ποσσὶ πεδίλων.,ἠχὴ τριβομένων λιπαροῖς ὑπὸ ποσσὶ πεδίλων.,tlg0024.tlg001.perseus-grc2.xml
Cynegetica,tlg001,1,105,μηδʼ ἄρα λῶπος ἔχειν μάλα λώϊον· οὕνεκεν εἷμα,μηδ’ ἄρα λῶπος ἔχειν μάλα λώϊον· οὕνεκεν εἷμα,tlg0024.tlg001.perseus-grc2.xml
Cynegetica,tlg001,1,106,πολλάκι κινύμενον πνοιῇ κελάδοντος ἀήτου,πολλάκι κινύμενον πνοιῇ κελάδοντος ἀήτου,tlg0024.tlg001.perseus-grc2.xml
Cynegetica,tlg001,1,107,"θῆρας ἀνεπτοίησεν, ἀνήϊξαν δὲ φέβεσθαι.","θῆρας ἀνεπτοίησεν, ἀνήϊξαν δὲ φέβεσθαι.",tlg0024.tlg001.perseus-grc2.xml
Cynegetica,tlg001,1,108,ὧδε μὲν εὖ στέλλοιντο θοὸν δέμας ἀγρευτῆρες·,ὧδε μὲν εὖ στέλλοιντο θοὸν δέμας ἀγρευτῆρες·,tlg0024.tlg001.perseus-grc2.xml
Cynegetica,tlg001,1,109,τοίους γὰρ φιλέει Λητωϊὰς Ἰοχέαιρα.,τοίους γὰρ φιλέει Λητωϊὰς Ἰοχέαιρα.,tlg0024.tlg001.perseus-grc2.xml
Cynegetica,tlg001,1,110,"ἄλλοτε δʼ ἀλλοίην ὥρην ἐπὶ θῆρας ἰόντων,","ἄλλοτε δ’ ἀλλοίην ὥρην ἐπὶ θῆρας ἰόντων,",tlg0024.tlg001.perseus-grc2.xml
Cynegetica,tlg001,1,111,"ἤματος ἱσταμένοιο, καὶ ἤματος ἀνομένοιο,","ἤματος ἱσταμένοιο, καὶ ἤματος ἀνομένοιο,",tlg0024.tlg001.perseus-grc2.xml
Cynegetica,tlg001,1,112,"καὶ μεσάτου, ποτὲ δʼ ἑσπερίου· ποτὲ δʼ αὖτε καὶ ὄρφνῃ","καὶ μεσάτου, ποτὲ δ’ ἑσπερίου· ποτὲ δ’ αὖτε καὶ ὄρφνῃ",tlg0024.tlg001.perseus-grc2.xml
Cynegetica,tlg001,1,113,θῆρας ὑπʼ ἀκτίνεσσι σεληναίης ἐδάμασσαν.,θῆρας ὑπ’ ἀκτίνεσσι σεληναίης ἐδάμασσαν.,tlg0024.tlg001.perseus-grc2.xml
Cynegetica,tlg001,1,114,Ἠὼς μὲν τέταται περιδέξιος ἀγρευτῆρι,Ἠὼς μὲν τέταται περιδέξιος ἀγρευτῆρι,tlg0024.tlg001.perseus-grc2.xml
Cynegetica,tlg001,1,115,πᾶσα γαληνιόωσα πανηματίοισι δρόμοισιν,πᾶσα γαληνιόωσα πανηματίοισι δρόμοισιν,tlg0024.tlg001.perseus-grc2.xml
Cynegetica,tlg001,1,116,εἴαρι φυλλοτόκῳ καὶ φυλλορόῳ φθινοπώρῳ·,εἴαρι φυλλοτόκῳ καὶ φυλλορόῳ φθινοπώρῳ·,tlg0024.tlg001.perseus-grc2.xml
Cynegetica,tlg001,1,117,ἔξοχα γὰρ τελέθουσι καὶ ἵπποις καὶ μερόπεσσι,ἔξοχα γὰρ τελέθουσι καὶ ἵπποις καὶ μερόπεσσι,tlg0024.tlg001.perseus-grc2.xml
Cynegetica,tlg001,1,118,καὶ κυσὶν ὠμηστῇσι θέειν εὐκραέες ὧραι,καὶ κυσὶν ὠμηστῇσι θέειν εὐκραέες ὧραι,tlg0024.tlg001.perseus-grc2.xml
Cynegetica,tlg001,1,119,"εἴαρι χρυσείῳ, κρυερῶν νεφέων ἐλατῆρι,","εἴαρι χρυσείῳ, κρυερῶν νεφέων ἐλατῆρι,",tlg0024.tlg001.perseus-grc2.xml
Cynegetica,tlg001,1,120,"ὁππότε ποντοπόροισι βατὴ πλώουσι θάλασσα,","ὁππότε ποντοπόροισι βατὴ πλώουσι θάλασσα,",tlg0024.tlg001.perseus-grc2.xml
Cynegetica,tlg001,1,121,ἄργυφα τειναμένοισι λινοπτερύγων ὅπλα νηῶν·,ἄργυφα τειναμένοισι λινοπτερύγων ὅπλα νηῶν·,tlg0024.tlg001.perseus-grc2.xml
Cynegetica,tlg001,1,122,ὁππότε γαῖα βροτοῖσι φυτηκομέουσι γέγηθεν·,ὁππότε γαῖα βροτοῖσι φυτηκομέουσι γέγηθεν·,tlg0024.tlg001.perseus-grc2.xml
Cynegetica,tlg001,1,123,ὁππότε καὶ καλύκεσσι καὶ ἄνθεσιν ἅμματα λύει·,ὁππότε καὶ καλύκεσσι καὶ ἄνθεσιν ἅμματα λύει·,tlg0024.tlg001.perseus-grc2.xml
Cynegetica,tlg001,1,124,"ἢ πάλιν ἐσχατίῃσιν ὀπωρινῇσι τροπῇσιν,","ἢ πάλιν ἐσχατίῃσιν ὀπωρινῇσι τροπῇσιν,",tlg0024.tlg001.perseus-grc2.xml
Cynegetica,tlg001,1,125,"ἡνίκα δῶμα τέθηλεν ὀπωρολόγοιο γεωργοῦ,","ἡνίκα δῶμα τέθηλεν ὀπωρολόγοιο γεωργοῦ,",tlg0024.tlg001.perseus-grc2.xml
Cynegetica,tlg001,1,126,καρπὸς Ἀθηναίης λιπαρὴν ὅτε γαυλίδα πλήθει,καρπὸς Ἀθηναίης λιπαρὴν ὅτε γαυλίδα πλήθει,tlg0024.tlg001.perseus-grc2.xml
Cynegetica,tlg001,1,127,"καὶ βότρυς ἡμερίδων θλίβων ἐπιλήνια χαίρει,","καὶ βότρυς ἡμερίδων θλίβων ἐπιλήνια χαίρει,",tlg0024.tlg001.perseus-grc2.xml
Cynegetica,tlg001,1,128,σίμβλα μελισσάων ὅτε λείρια κηρία βρίθει.,σίμβλα μελισσάων ὅτε λείρια κηρία βρίθει.,tlg0024.tlg001.perseus-grc2.xml
Cynegetica,tlg001,1,129,"χείματι δʼ ἐν μεσάτῳ μέσου ἤματος ἀγρώσσοιεν,","χείματι δ’ ἐν μεσάτῳ μέσου ἤματος ἀγρώσσοιεν,",tlg0024.tlg001.perseus-grc2.xml
Cynegetica,tlg001,1,130,"εὖτέ τις ἐν δρυμοῖσιν ὑπὸ σπήλυγγι λιασθείς,","εὖτέ τις ἐν δρυμοῖσιν ὑπὸ σπήλυγγι λιασθείς,",tlg0024.tlg001.perseus-grc2.xml
Cynegetica,tlg001,1,131,"κάρφεα λεξάμενός τε καὶ ὠκύμορον φλόγα νήσας,","κάρφεα λεξάμενός τε καὶ ὠκύμορον φλόγα νήσας,",tlg0024.tlg001.perseus-grc2.xml
Cynegetica,tlg001,1,132,ἄγχι πυρὸς κλινθεὶς ὁπλίσσατο δόρπον ἀμορβός.,ἄγχι πυρὸς κλινθεὶς ὁπλίσσατο δόρπον ἀμορβός.,tlg0024.tlg001.perseus-grc2.xml
Cynegetica,tlg001,1,133,ἐν δὲ θέρει χρειὼ φυγέειν φλογόεσσαν ἐνιπὴν,ἐν δὲ θέρει χρειὼ φυγέειν φλογόεσσαν ἐνιπὴν,tlg0024.tlg001.perseus-grc2.xml
Cynegetica,tlg001,1,134,ἄζαν τʼ ἠελίου· κέλομαι δʼ ἐπʼ ἄεθλον ἱκάνειν,ἄζαν τ’ ἠελίου· κέλομαι δ’ ἐπ’ ἄεθλον ἱκάνειν,tlg0024.tlg001.perseus-grc2.xml
Cynegetica,tlg001,1,135,"πρώτῃ ὑπʼ ἀμφιλύκῃ, ὅθʼ ἑωθινὸν ἀγροιῶται","πρώτῃ ὑπ’ ἀμφιλύκῃ, ὅθ’ ἑωθινὸν ἀγροιῶται",tlg0024.tlg001.perseus-grc2.xml
Cynegetica,tlg001,1,136,ἱστοβοῆος ἔνερθεν ὑπʼ εὐποίητον ἐχέτλην,ἱστοβοῆος ἔνερθεν ὑπ’ εὐποίητον ἐχέτλην,tlg0024.tlg001.perseus-grc2.xml
Cynegetica,tlg001,1,137,γειοτόμον δαμάλῃσιν ἐπιθύνουσιν ἄροτρον·,γειοτόμον δαμάλῃσιν ἐπιθύνουσιν ἄροτρον·,tlg0024.tlg001.perseus-grc2.xml
Cynegetica,tlg001,1,138,"ἢ πάλιν ἑσπερίῃσιν ὅτʼ ἠέλιος ζυγὰ κλίνει,","ἢ πάλιν ἑσπερίῃσιν ὅτ’ ἠέλιος ζυγὰ κλίνει,",tlg0024.tlg001.perseus-grc2.xml
Cynegetica,tlg001,1,139,"ὁππότε σημαίνουσιν ἑαῖς ἀγέλῃσι νομῆες,","ὁππότε σημαίνουσιν ἑαῖς ἀγέλῃσι νομῆες,",tlg0024.tlg001.perseus-grc2.xml
Cynegetica,tlg001,1,140,εὖτε καταστείχουσι ποτὶ σφετέρους πάλι σηκοὺς,εὖτε καταστείχουσι ποτὶ σφετέρους πάλι σηκοὺς,tlg0024.tlg001.perseus-grc2.xml
Cynegetica,tlg001,1,141,βριθόμεναι μαζούς τε καὶ οὔθατα κυκαίνουσαι·,βριθόμεναι μαζούς τε καὶ οὔθατα κυκαίνουσαι·,tlg0024.tlg001.perseus-grc2.xml
Cynegetica,tlg001,1,142,οἱ δʼ ἀπὸ λαϊνέων ἄμοτον προθορόντες ἐναύλων,οἱ δ’ ἀπὸ λαϊνέων ἄμοτον προθορόντες ἐναύλων,tlg0024.tlg001.perseus-grc2.xml
Cynegetica,tlg001,1,143,"πάντες ἑαῖσι φίλῃσι περισκαίρουσι τεκούσαις,","πάντες ἑαῖσι φίλῃσι περισκαίρουσι τεκούσαις,",tlg0024.tlg001.perseus-grc2.xml
Cynegetica,tlg001,1,144,"ἀμφὶ μὲν εὐγλήνους δαμάλας βλοσυρώπεε μόσχω,","ἀμφὶ μὲν εὐγλήνους δαμάλας βλοσυρώπεε μόσχω,",tlg0024.tlg001.perseus-grc2.xml
Cynegetica,tlg001,1,145,"αὐτὰρ ἐϋκραίρους ὄϊας περὶ βληχάδας ἀμνώ,","αὐτὰρ ἐϋκραίρους ὄϊας περὶ βληχάδας ἀμνώ,",tlg0024.tlg001.perseus-grc2.xml
Cynegetica,tlg001,1,146,"μηκάδας αὖτʼ ἐρίφω, καὶ φορβάδας ὠκέε πώλω.","μηκάδας αὖτ’ ἐρίφω, καὶ φορβάδας ὠκέε πώλω.",tlg0024.tlg001.perseus-grc2.xml
Cynegetica,tlg001,1,147,καὶ μὴν τόσσα φέροιντο ποτὶ κνημοὺς ξυλόχους τε,καὶ μὴν τόσσα φέροιντο ποτὶ κνημοὺς ξυλόχους τε,tlg0024.tlg001.perseus-grc2.xml
Cynegetica,tlg001,1,148,"ἐργοπόνοι κρατεροὶ θήρης ἐρικυδέος ὅπλα,","ἐργοπόνοι κρατεροὶ θήρης ἐρικυδέος ὅπλα,",tlg0024.tlg001.perseus-grc2.xml
Cynegetica,tlg001,1,149,"ἔντεά τʼ εὐθήροιο μέγα πνείοντα φόνοιο,","ἔντεά τ’ εὐθήροιο μέγα πνείοντα φόνοιο,",tlg0024.tlg001.perseus-grc2.xml
Cynegetica,tlg001,1,150,ἄρκυας εὐστρεφέας τε λύγους ταναόν τε πάναγρον,ἄρκυας εὐστρεφέας τε λύγους ταναόν τε πάναγρον,tlg0024.tlg001.perseus-grc2.xml
Cynegetica,tlg001,1,151,"δίκτυά τε σχαλίδας τε βρόχων τε πολύστονα δεσμά,","δίκτυά τε σχαλίδας τε βρόχων τε πολύστονα δεσμά,",tlg0024.tlg001.perseus-grc2.xml
Cynegetica,tlg001,1,152,"αἰχμὴν τριγλώχινα, σιγύνην εὐρυκάρηνον,","αἰχμὴν τριγλώχινα, σιγύνην εὐρυκάρηνον,",tlg0024.tlg001.perseus-grc2.xml
Cynegetica,tlg001,1,153,"ἁρπάλαγον κάμακάς τε καὶ εὔπτερον ὠκὺν ὀϊστόν,","ἁρπάλαγον κάμακάς τε καὶ εὔπτερον ὠκὺν ὀϊστόν,",tlg0024.tlg001.perseus-grc2.xml
Cynegetica,tlg001,1,154,"φάσγανα βουπλῆγάς τε λαγωοφόνον τε τρίαιναν,","φάσγανα βουπλῆγάς τε λαγωοφόνον τε τρίαιναν,",tlg0024.tlg001.perseus-grc2.xml
Cynegetica,tlg001,1,155,"ἀγκυλίδας σκολιὰς μολιβοσφιγγέας τε κορώνας,","ἀγκυλίδας σκολιὰς μολιβοσφιγγέας τε κορώνας,",tlg0024.tlg001.perseus-grc2.xml
Cynegetica,tlg001,1,156,"σπαρτόδετον μήρινθον ἐΰπλεκτόν τε ποδάγρην,","σπαρτόδετον μήρινθον ἐΰπλεκτόν τε ποδάγρην,",tlg0024.tlg001.perseus-grc2.xml
Cynegetica,tlg001,1,157,ἅμματά τε στάλικάς τε πολύγληνόν τε σαγήνην.,ἅμματά τε στάλικάς τε πολύγληνόν τε σαγήνην.,tlg0024.tlg001.perseus-grc2.xml
Cynegetica,tlg001,1,158,ἵππους δʼ εἰς θήρην μέγα κυδήεντας ἀγέσθων,ἵππους δ’ εἰς θήρην μέγα κυδήεντας ἀγέσθων,tlg0024.tlg001.perseus-grc2.xml
Cynegetica,tlg001,1,159,ἄρσενας· οὐ μόνον ὅττι χερείονές εἰσι πόδεσσι,ἄρσενας· οὐ μόνον ὅττι χερείονές εἰσι πόδεσσι,tlg0024.tlg001.perseus-grc2.xml
Cynegetica,tlg001,1,160,"θηλύτεραι τελέειν δολιχὸν δρόμον ἐν ξυλόχοισιν,","θηλύτεραι τελέειν δολιχὸν δρόμον ἐν ξυλόχοισιν,",tlg0024.tlg001.perseus-grc2.xml
Cynegetica,tlg001,1,161,ἀλλʼ ὅτʼ ἀλεύασθαι χρειὼ φιλοδέμνιον ἦτορ,ἀλλ’ ὅτ’ ἀλεύασθαι χρειὼ φιλοδέμνιον ἦτορ,tlg0024.tlg001.perseus-grc2.xml
Cynegetica,tlg001,1,162,"ἵππων ὠκυπόδων, ἀπὸ δʼ ἱππάδα τηλόσʼ ἐρύκειν,","ἵππων ὠκυπόδων, ἀπὸ δ’ ἱππάδα τηλόσ’ ἐρύκειν,",tlg0024.tlg001.perseus-grc2.xml
Cynegetica,tlg001,1,163,"ὄφρα κε μὴ χρεμέθωσι λιλαιόμεναι φιλότητος,","ὄφρα κε μὴ χρεμέθωσι λιλαιόμεναι φιλότητος,",tlg0024.tlg001.perseus-grc2.xml
Cynegetica,tlg001,1,164,καί τʼ ἀΐοντες ἄδην κρυερὴν φύζανδε νέωνται,καί τ’ ἀΐοντες ἄδην κρυερὴν φύζανδε νέωνται,tlg0024.tlg001.perseus-grc2.xml
Cynegetica,tlg001,1,165,νεβροὶ δορκαλίδες τε θοαὶ καὶ δειμαλέος πτώξ.,νεβροὶ δορκαλίδες τε θοαὶ καὶ δειμαλέος πτώξ.,tlg0024.tlg001.perseus-grc2.xml
Cynegetica,tlg001,1,166,"ἵππων δʼ αἰόλα φῦλα, τόσʼ ἔθνεα μυρία φωτῶν,","ἵππων δ’ αἰόλα φῦλα, τόσ’ ἔθνεα μυρία φωτῶν,",tlg0024.tlg001.perseus-grc2.xml
Cynegetica,tlg001,1,167,ὅσσα βροτοῖσι γένεθλα δεδασμένα σῖτον ἔδουσιν·,ὅσσα βροτοῖσι γένεθλα δεδασμένα σῖτον ἔδουσιν·,tlg0024.tlg001.perseus-grc2.xml
Cynegetica,tlg001,1,168,"ἀλλʼ ἔμπης ἐρέω, τόσσοι μετὰ πᾶσι κραταιοὶ","ἀλλ’ ἔμπης ἐρέω, τόσσοι μετὰ πᾶσι κραταιοὶ",tlg0024.tlg001.perseus-grc2.xml
Cynegetica,tlg001,1,169,ὅσσοι θʼ ἱππαλέοισιν ἀριστεύουσιν ὁμίλοις·,ὅσσοι θ’ ἱππαλέοισιν ἀριστεύουσιν ὁμίλοις·,tlg0024.tlg001.perseus-grc2.xml
Cynegetica,tlg001,1,170,"Τυρσηνοί, Σικελοί, Κρῆτες, Μάζικες, Ἀχαιοί,","Τυρσηνοί, Σικελοί, Κρῆτες, Μάζικες, Ἀχαιοί,",tlg0024.tlg001.perseus-grc2.xml
Cynegetica,tlg001,1,171,"Καππαδόκαι, Μαῦροι, Σκυθικοί, Μάγνητες, Ἐπειοί,","Καππαδόκαι, Μαῦροι, Σκυθικοί, Μάγνητες, Ἐπειοί,",tlg0024.tlg001.perseus-grc2.xml
Cynegetica,tlg001,1,172,"Ἴονες, Ἀρμένιοι, Λίβυες, Θρήϊκες, Ἐρεμβοί.","Ἴονες, Ἀρμένιοι, Λίβυες, Θρήϊκες, Ἐρεμβοί.",tlg0024.tlg001.perseus-grc2.xml
Cynegetica,tlg001,1,173,ἵππον δʼ ἐν πάντεσσι πανέξοχον ἐφράσσαντο,ἵππον δ’ ἐν πάντεσσι πανέξοχον ἐφράσσαντο,tlg0024.tlg001.perseus-grc2.xml
Cynegetica,tlg001,1,174,"ἴδμονες ἱπποδρόμων καὶ βουκολίων ἐπίουροι,","ἴδμονες ἱπποδρόμων καὶ βουκολίων ἐπίουροι,",tlg0024.tlg001.perseus-grc2.xml
Cynegetica,tlg001,1,175,εἴδεσιν ὃς τοίοισιν ὅλον δέμας ἐστεφάνωται·,εἴδεσιν ὃς τοίοισιν ὅλον δέμας ἐστεφάνωται·,tlg0024.tlg001.perseus-grc2.xml
Cynegetica,tlg001,1,176,βαιὸν ὑπέρ δειρῆφι μετήορον ὕψι κάρηνον,βαιὸν ὑπέρ δειρῆφι μετήορον ὕψι κάρηνον,tlg0024.tlg001.perseus-grc2.xml
Cynegetica,tlg001,1,177,"ἀείροι, μέγας αὐτὸς ἐὼν περιηγέα γυῖα·","ἀείροι, μέγας αὐτὸς ἐὼν περιηγέα γυῖα·",tlg0024.tlg001.perseus-grc2.xml
Cynegetica,tlg001,1,178,"ὕψι κάρα, νεάτην δὲ γένυν ποτὶ δειράδα νεύοι·","ὕψι κάρα, νεάτην δὲ γένυν ποτὶ δειράδα νεύοι·",tlg0024.tlg001.perseus-grc2.xml
Cynegetica,tlg001,1,179,εὐρὺ πέλοι φαιδρόν τε μεσόφρυον· ἐκ δʼ ἄρα κόρσης,εὐρὺ πέλοι φαιδρόν τε μεσόφρυον· ἐκ δ’ ἄρα κόρσης,tlg0024.tlg001.perseus-grc2.xml
Cynegetica,tlg001,1,180,ἀμφὶ μέτωπα τριχῶν πυκινοὶ σείοιντο κόρυμβοι·,ἀμφὶ μέτωπα τριχῶν πυκινοὶ σείοιντο κόρυμβοι·,tlg0024.tlg001.perseus-grc2.xml
Cynegetica,tlg001,1,181,"ὄμμα τορόν, πυρσωπόν, ἐπισκυνίοισι δαφοινόν·","ὄμμα τορόν, πυρσωπόν, ἐπισκυνίοισι δαφοινόν·",tlg0024.tlg001.perseus-grc2.xml
Cynegetica,tlg001,1,182,"εὐρεῖαι ῥῖνες, στόμα δʼ ἄρκιον, οὔατα βαιά·","εὐρεῖαι ῥῖνες, στόμα δ’ ἄρκιον, οὔατα βαιά·",tlg0024.tlg001.perseus-grc2.xml
Cynegetica,tlg001,1,183,"γυραλέη δειρή τελέθοι λασιαύχενος ἵππου,","γυραλέη δειρή τελέθοι λασιαύχενος ἵππου,",tlg0024.tlg001.perseus-grc2.xml
Cynegetica,tlg001,1,184,ὡς ὅτε χαιτήεσσα λόφον νεύει τρυφάλεια·,ὡς ὅτε χαιτήεσσα λόφον νεύει τρυφάλεια·,tlg0024.tlg001.perseus-grc2.xml
Cynegetica,tlg001,1,185,"πουλὺ πέλοι στέρνον, δολιχὸν δέμας, εὐρέα νῶτα,","πουλὺ πέλοι στέρνον, δολιχὸν δέμας, εὐρέα νῶτα,",tlg0024.tlg001.perseus-grc2.xml
Cynegetica,tlg001,1,186,καὶ ῥάχις ἀμφίδυμος μέσον ἰσχία πιαίνουσα·,καὶ ῥάχις ἀμφίδυμος μέσον ἰσχία πιαίνουσα·,tlg0024.tlg001.perseus-grc2.xml
Cynegetica,tlg001,1,187,ἐκ δὲ θέοι πολλὴ μετόπισθε τανύτριχος οὐρή·,ἐκ δὲ θέοι πολλὴ μετόπισθε τανύτριχος οὐρή·,tlg0024.tlg001.perseus-grc2.xml
Cynegetica,tlg001,1,188,"μηροὶ δʼ εὐπαγέες, μυώδεες· αὐτὰρ ἔνερθεν","μηροὶ δ’ εὐπαγέες, μυώδεες· αὐτὰρ ἔνερθεν",tlg0024.tlg001.perseus-grc2.xml
Cynegetica,tlg001,1,189,ὀρθοτενεῖς δολιχοί τε ποδῶν περιηγέες αὐλοὶ,ὀρθοτενεῖς δολιχοί τε ποδῶν περιηγέες αὐλοὶ,tlg0024.tlg001.perseus-grc2.xml
Cynegetica,tlg001,1,190,"καὶ μάλα λεπταλέοι· καὶ σαρκὶ λελειμμένα κῶλα,","καὶ μάλα λεπταλέοι· καὶ σαρκὶ λελειμμένα κῶλα,",tlg0024.tlg001.perseus-grc2.xml
Cynegetica,tlg001,1,191,οἷα τανυκραίροισιν ἀελλοπόδεσσʼ ἐλάφοισι·,οἷα τανυκραίροισιν ἀελλοπόδεσσ’ ἐλάφοισι·,tlg0024.tlg001.perseus-grc2.xml
Cynegetica,tlg001,1,192,"καὶ σφυρὸν ἀγκλίνοιτο, θέοι δὲ περίδρομος ὁπλὴ","καὶ σφυρὸν ἀγκλίνοιτο, θέοι δὲ περίδρομος ὁπλὴ",tlg0024.tlg001.perseus-grc2.xml
Cynegetica,tlg001,1,193,"ὕψι μάλʼ ἐκ γαίης, πυκινή, κερόεσσα, κραταιή.","ὕψι μάλ’ ἐκ γαίης, πυκινή, κερόεσσα, κραταιή.",tlg0024.tlg001.perseus-grc2.xml
Cynegetica,tlg001,1,194,τοῖός μοι βαίνοι κρατερὴν θήρειον ἐνυὼ,τοῖός μοι βαίνοι κρατερὴν θήρειον ἐνυὼ,tlg0024.tlg001.perseus-grc2.xml
Cynegetica,tlg001,1,195,"θυμαίνων, συνάεθλος, ἀρήϊος, ὄβριμος ἵππος.","θυμαίνων, συνάεθλος, ἀρήϊος, ὄβριμος ἵππος.",tlg0024.tlg001.perseus-grc2.xml
Cynegetica,tlg001,1,196,Τυρσηνοὶ τοιοίδε καὶ Ἀρμένιοι καὶ Ἀχαιοὶ,Τυρσηνοὶ τοιοίδε καὶ Ἀρμένιοι καὶ Ἀχαιοὶ,tlg0024.tlg001.perseus-grc2.xml
Cynegetica,tlg001,1,197,Καππαδόκαι τε κλυτοὶ Ταύρου πρόπαρ οἵ τε νέμονται.,Καππαδόκαι τε κλυτοὶ Ταύρου πρόπαρ οἵ τε νέμονται.,tlg0024.tlg001.perseus-grc2.xml
Cynegetica,tlg001,1,198,θαῦμα δὲ Καππαδόκεσσι μέγʼ ἔδρακον ὠκυπόδεσσι·,θαῦμα δὲ Καππαδόκεσσι μέγ’ ἔδρακον ὠκυπόδεσσι·,tlg0024.tlg001.perseus-grc2.xml
Cynegetica,tlg001,1,199,εἰσόκε μὲν νεογιλὸν ὑπὸ στομάτεσσιν ὀδόντα,εἰσόκε μὲν νεογιλὸν ὑπὸ στομάτεσσιν ὀδόντα,tlg0024.tlg001.perseus-grc2.xml
Cynegetica,tlg001,1,200,"καὶ γλαγερὸν φορέουσι δέμας, τελέθουσʼ ἀμενηνοί·","καὶ γλαγερὸν φορέουσι δέμας, τελέθουσ’ ἀμενηνοί·",tlg0024.tlg001.perseus-grc2.xml
Cynegetica,tlg001,1,201,"κραιπνότεροι δὲ πέλουσιν, ὅσῳ μάλα γηράσκουσι.","κραιπνότεροι δὲ πέλουσιν, ὅσῳ μάλα γηράσκουσι.",tlg0024.tlg001.perseus-grc2.xml
Cynegetica,tlg001,1,202,κείνους εἰς πόλεμον μεγαλήτορα θωρήσσοιο,κείνους εἰς πόλεμον μεγαλήτορα θωρήσσοιο,tlg0024.tlg001.perseus-grc2.xml
Cynegetica,tlg001,1,203,αἴθωνάς τʼ ἐπὶ θῆρας· ἐπεὶ μάλα θαρσήεντες,αἴθωνάς τ’ ἐπὶ θῆρας· ἐπεὶ μάλα θαρσήεντες,tlg0024.tlg001.perseus-grc2.xml
Cynegetica,tlg001,1,204,"ὅπλοις ἀντιάαν, πυκινὴν ῥῆξαί τε φάλαγγα,","ὅπλοις ἀντιάαν, πυκινὴν ῥῆξαί τε φάλαγγα,",tlg0024.tlg001.perseus-grc2.xml
Cynegetica,tlg001,1,205,θηρσί τʼ ἐνυαλίοισιν ἐναντία δηρίσασθαι.,θηρσί τ’ ἐνυαλίοισιν ἐναντία δηρίσασθαι.,tlg0024.tlg001.perseus-grc2.xml
Cynegetica,tlg001,1,206,πῶς μὲν γάρ τε μάχαισιν ἀρήϊος ἔκλυεν ἵππος,πῶς μὲν γάρ τε μάχαισιν ἀρήϊος ἔκλυεν ἵππος,tlg0024.tlg001.perseus-grc2.xml
Cynegetica,tlg001,1,207,ἦχον ἐγερσίμοθον δολιχῶν πολεμήϊον αὐλῶν;,ἦχον ἐγερσίμοθον δολιχῶν πολεμήϊον αὐλῶν;,tlg0024.tlg001.perseus-grc2.xml
Cynegetica,tlg001,1,208,ἤ πῶς ἄντα δέδορκεν ἀκαρδαμύτοισιν ὀπωπαῖς,ἤ πῶς ἄντα δέδορκεν ἀκαρδαμύτοισιν ὀπωπαῖς,tlg0024.tlg001.perseus-grc2.xml
Cynegetica,tlg001,1,209,"αἰζηοῖσι λόχον πεπυκασμένον ὁπλίτῃσι,","αἰζηοῖσι λόχον πεπυκασμένον ὁπλίτῃσι,",tlg0024.tlg001.perseus-grc2.xml
Cynegetica,tlg001,1,210,"καὶ χαλκὸν σελαγεῦντα, καὶ ἀστράπτοντα σίδηρον,","καὶ χαλκὸν σελαγεῦντα, καὶ ἀστράπτοντα σίδηρον,",tlg0024.tlg001.perseus-grc2.xml
Cynegetica,tlg001,1,211,"καὶ μάθεν εὖτε μένειν χρειώ, πότε δʼ αὖτις ὀρούειν,","καὶ μάθεν εὖτε μένειν χρειώ, πότε δ’ αὖτις ὀρούειν,",tlg0024.tlg001.perseus-grc2.xml
Cynegetica,tlg001,1,212,καὶ μάθεν εἰσαΐειν κρατερῶν σύνθημα λοχαγῶν;,καὶ μάθεν εἰσαΐειν κρατερῶν σύνθημα λοχαγῶν;,tlg0024.tlg001.perseus-grc2.xml
Cynegetica,tlg001,1,213,πολλάκι καὶ δῆριν ἀνδρῶν ἐπελάσσατο πύργοις,πολλάκι καὶ δῆριν ἀνδρῶν ἐπελάσσατο πύργοις,tlg0024.tlg001.perseus-grc2.xml
Cynegetica,tlg001,1,214,"ἤρεμος ἀσπιδόεσσαν ὑπόπτερον, εὖτε βροτοῖσιν","ἤρεμος ἀσπιδόεσσαν ὑπόπτερον, εὖτε βροτοῖσιν",tlg0024.tlg001.perseus-grc2.xml
Cynegetica,tlg001,1,215,"ἀσπὶς ὑπέρ κεφαλῆς ἐπικάρσιον ἀσπίδʼ ἐρείδει,","ἀσπὶς ὑπέρ κεφαλῆς ἐπικάρσιον ἀσπίδ’ ἐρείδει,",tlg0024.tlg001.perseus-grc2.xml
Cynegetica,tlg001,1,216,"ὁππότʼ ἐέλδονται δηΐων πόλιν ἐξαλαπάξαι,","ὁππότ’ ἐέλδονται δηΐων πόλιν ἐξαλαπάξαι,",tlg0024.tlg001.perseus-grc2.xml
Cynegetica,tlg001,1,217,"καὶ πεδίον τεύχουσι μετήορον, ἑπταβόειον,","καὶ πεδίον τεύχουσι μετήορον, ἑπταβόειον,",tlg0024.tlg001.perseus-grc2.xml
Cynegetica,tlg001,1,218,"δαιδαλέον, πυκινόν, πολυόμφαλον, ἀντία δʼ αἴγλη","δαιδαλέον, πυκινόν, πολυόμφαλον, ἀντία δ’ αἴγλη",tlg0024.tlg001.perseus-grc2.xml
Cynegetica,tlg001,1,219,"χαλκοῦ ἀποθρώσκει φαεθοντιάς, αἶψα δʼ ὀπίσσω","χαλκοῦ ἀποθρώσκει φαεθοντιάς, αἶψα δ’ ὀπίσσω",tlg0024.tlg001.perseus-grc2.xml
Cynegetica,tlg001,1,220,κλινομένης ἀκτῖνος ἀπαστράπτει πολὺς αἰθήρ.,κλινομένης ἀκτῖνος ἀπαστράπτει πολὺς αἰθήρ.,tlg0024.tlg001.perseus-grc2.xml
Cynegetica,tlg001,1,221,ἵπποις γὰρ περίαλλα φύσις πόρε τεχνήεσσα,ἵπποις γὰρ περίαλλα φύσις πόρε τεχνήεσσα,tlg0024.tlg001.perseus-grc2.xml
Cynegetica,tlg001,1,222,ἡμερίων κραδίην καὶ στήθεσιν αἰόλον ἦτορ·,ἡμερίων κραδίην καὶ στήθεσιν αἰόλον ἦτορ·,tlg0024.tlg001.perseus-grc2.xml
Cynegetica,tlg001,1,223,αἰὲν γινώσκουσιν ἐὸν φίλον ἡνιοχῆα,αἰὲν γινώσκουσιν ἐὸν φίλον ἡνιοχῆα,tlg0024.tlg001.perseus-grc2.xml
Cynegetica,tlg001,1,224,καὶ χρεμέθουσιν ἰδόντες ἀγακλυτὸν ἡγεμονῆα,καὶ χρεμέθουσιν ἰδόντες ἀγακλυτὸν ἡγεμονῆα,tlg0024.tlg001.perseus-grc2.xml
Cynegetica,tlg001,1,225,καὶ πολέμοισι πεσόντα μέγα στενάχουσιν ἑταῖρον.,καὶ πολέμοισι πεσόντα μέγα στενάχουσιν ἑταῖρον.,tlg0024.tlg001.perseus-grc2.xml
Cynegetica,tlg001,1,226,ἵππος ἐν ὑσμίνῃ ῥῆξεν ποτὲ δεσμὰ σιωπῆς,ἵππος ἐν ὑσμίνῃ ῥῆξεν ποτὲ δεσμὰ σιωπῆς,tlg0024.tlg001.perseus-grc2.xml
Cynegetica,tlg001,1,227,καὶ φύσιος θεσμοὺς ὑπερέδραμε καὶ λάβεν ἠχὴν,καὶ φύσιος θεσμοὺς ὑπερέδραμε καὶ λάβεν ἠχὴν,tlg0024.tlg001.perseus-grc2.xml
Cynegetica,tlg001,1,228,ἀνδρομέην καὶ γλῶσσαν ὁμοίϊον ἀνθρώποισιν.,ἀνδρομέην καὶ γλῶσσαν ὁμοίϊον ἀνθρώποισιν.,tlg0024.tlg001.perseus-grc2.xml
Cynegetica,tlg001,1,229,ἵππος ἐνυαλίοιο Μακηδονίου βασιλῆος,ἵππος ἐνυαλίοιο Μακηδονίου βασιλῆος,tlg0024.tlg001.perseus-grc2.xml
Cynegetica,tlg001,1,230,Βουκεφάλας ὅπλοισιν ἐναντία δηριάασκεν.,Βουκεφάλας ὅπλοισιν ἐναντία δηριάασκεν.,tlg0024.tlg001.perseus-grc2.xml
Cynegetica,tlg001,1,231,"ἵππος ἐπʼ ἀνθερίκων ἔθεεν κούφοισι πόδεσσιν,","ἵππος ἐπ’ ἀνθερίκων ἔθεεν κούφοισι πόδεσσιν,",tlg0024.tlg001.perseus-grc2.xml
Cynegetica,tlg001,1,232,"ἄλλος ὑπὲρ πόντοιο, καὶ οὐ στεφάνην ἐδίηνεν.","ἄλλος ὑπὲρ πόντοιο, καὶ οὐ στεφάνην ἐδίηνεν.",tlg0024.tlg001.perseus-grc2.xml
Cynegetica,tlg001,1,233,"ἵππος ὑπὲρ νεφέων Χιμαροκτόνον ἤγαγε φῶτα,","ἵππος ὑπὲρ νεφέων Χιμαροκτόνον ἤγαγε φῶτα,",tlg0024.tlg001.perseus-grc2.xml
Cynegetica,tlg001,1,234,καὶ χρεμέθων ποτὲ πῶλος ὑφʼ ἡνιόχοιο δόλοισι,καὶ χρεμέθων ποτὲ πῶλος ὑφ’ ἡνιόχοιο δόλοισι,tlg0024.tlg001.perseus-grc2.xml
Cynegetica,tlg001,1,235,θήκατο τῶν Περσῶν Ἀσιηγενέων βασιλῆα.,θήκατο τῶν Περσῶν Ἀσιηγενέων βασιλῆα.,tlg0024.tlg001.perseus-grc2.xml
Cynegetica,tlg001,1,236,ἔξοχα δʼ αὖ τίουσι φύσιν· τὸ δὲ πάμπαν ἄπυστον,ἔξοχα δ’ αὖ τίουσι φύσιν· τὸ δὲ πάμπαν ἄπυστον,tlg0024.tlg001.perseus-grc2.xml
Cynegetica,tlg001,1,237,"ἐς φιλότητα μολεῖν, τὴν οὐ θέμις· ἀλλὰ μένουσιν","ἐς φιλότητα μολεῖν, τὴν οὐ θέμις· ἀλλὰ μένουσιν",tlg0024.tlg001.perseus-grc2.xml
Cynegetica,tlg001,1,238,"ἄχραντοι μυσέων, καθαρῆς τʼ ἐράουσι Κυθείρης.","ἄχραντοι μυσέων, καθαρῆς τ’ ἐράουσι Κυθείρης.",tlg0024.tlg001.perseus-grc2.xml
Cynegetica,tlg001,1,239,ἔκλυον ὡς προπάροιθε πολυκτεάνων τις ἀνάκτων,ἔκλυον ὡς προπάροιθε πολυκτεάνων τις ἀνάκτων,tlg0024.tlg001.perseus-grc2.xml
Cynegetica,tlg001,1,240,καλὸν ἔχεν πεδίοις ἵππων ἀγελαῖον ὅμιλον·,καλὸν ἔχεν πεδίοις ἵππων ἀγελαῖον ὅμιλον·,tlg0024.tlg001.perseus-grc2.xml
Cynegetica,tlg001,1,241,τοὺς πάντας μετέπειτα δαμασσαμένη προθελύμνους,τοὺς πάντας μετέπειτα δαμασσαμένη προθελύμνους,tlg0024.tlg001.perseus-grc2.xml
Cynegetica,tlg001,1,242,"ἱππαλέη νοῦσος πρόλιπεν δύο, μητέρα μούνην","ἱππαλέη νοῦσος πρόλιπεν δύο, μητέρα μούνην",tlg0024.tlg001.perseus-grc2.xml
Cynegetica,tlg001,1,243,καὶ μητρὸς φιλίης ὑπομάζιον εἰσέτι πῶλον.,καὶ μητρὸς φιλίης ὑπομάζιον εἰσέτι πῶλον.,tlg0024.tlg001.perseus-grc2.xml
Cynegetica,tlg001,1,244,"αὐτὰρ ἐπεὶ μέγας ἦν, πειρᾶτο σχέτλιος ἀνὴρ","αὐτὰρ ἐπεὶ μέγας ἦν, πειρᾶτο σχέτλιος ἀνὴρ",tlg0024.tlg001.perseus-grc2.xml
Cynegetica,tlg001,1,245,μητέρα παιδὸς ἑοῖο παρʼ ἀγκοίνῃσι βαλέσθαι.,μητέρα παιδὸς ἑοῖο παρ’ ἀγκοίνῃσι βαλέσθαι.,tlg0024.tlg001.perseus-grc2.xml
Cynegetica,tlg001,1,246,τοὺς δʼ ὡς οὖν ἐνόησεν ἀναινομένους φιλότητα,τοὺς δ’ ὡς οὖν ἐνόησεν ἀναινομένους φιλότητα,tlg0024.tlg001.perseus-grc2.xml
Cynegetica,tlg001,1,247,"καὶ γάμον ἀμφοτέροισιν ἀπώμοτον, αὐτίκʼ ἔπειτα","καὶ γάμον ἀμφοτέροισιν ἀπώμοτον, αὐτίκ’ ἔπειτα",tlg0024.tlg001.perseus-grc2.xml
Cynegetica,tlg001,1,248,"αἰνὰ τιτυσκόμενος δολίην ἐπὶ μῆτιν ὕφαινεν,","αἰνὰ τιτυσκόμενος δολίην ἐπὶ μῆτιν ὕφαινεν,",tlg0024.tlg001.perseus-grc2.xml
Cynegetica,tlg001,1,249,ἐλπόμενος καλέειν γένος ἵπποισιν παλίνορσον.,ἐλπόμενος καλέειν γένος ἵπποισιν παλίνορσον.,tlg0024.tlg001.perseus-grc2.xml
Cynegetica,tlg001,1,250,ἄμφω μέν πρώτιστα καλύψατο βυσσοδομεύων,ἄμφω μέν πρώτιστα καλύψατο βυσσοδομεύων,tlg0024.tlg001.perseus-grc2.xml
Cynegetica,tlg001,1,251,ἄλλοισιν ῥινοῖς· μετέπειτα δὲ χρῖσεν ἐλαίῳ,ἄλλοισιν ῥινοῖς· μετέπειτα δὲ χρῖσεν ἐλαίῳ,tlg0024.tlg001.perseus-grc2.xml
Cynegetica,tlg001,1,252,"πᾶν δέμας εὐώδει, κηώδεϊ· ἔλπετο γάρ δὴ","πᾶν δέμας εὐώδει, κηώδεϊ· ἔλπετο γάρ δὴ",tlg0024.tlg001.perseus-grc2.xml
Cynegetica,tlg001,1,253,ὀδμὴν ἡγήτειραν ἀμαλδῦναι φιλότητος·,ὀδμὴν ἡγήτειραν ἀμαλδῦναι φιλότητος·,tlg0024.tlg001.perseus-grc2.xml
Cynegetica,tlg001,1,254,"καὶ λάθεν, ὦ μάκαρες, ῥέζων κακά· καὶ τετέλεστο","καὶ λάθεν, ὦ μάκαρες, ῥέζων κακά· καὶ τετέλεστο",tlg0024.tlg001.perseus-grc2.xml
Cynegetica,tlg001,1,255,"ξεῖνος, ἀπόπτυστος θάλαμος, στυγερώτατος ἵπποις,","ξεῖνος, ἀπόπτυστος θάλαμος, στυγερώτατος ἵπποις,",tlg0024.tlg001.perseus-grc2.xml
Cynegetica,tlg001,1,256,οἶος ἐν ἀνθρώποισιν ἐνυμφεύθη προπάροιθε,οἶος ἐν ἀνθρώποισιν ἐνυμφεύθη προπάροιθε,tlg0024.tlg001.perseus-grc2.xml
Cynegetica,tlg001,1,257,Καδμεῖος γάμος αἰνὸς ἀλήμονος Οἰδιπόδαο.,Καδμεῖος γάμος αἰνὸς ἀλήμονος Οἰδιπόδαο.,tlg0024.tlg001.perseus-grc2.xml
Cynegetica,tlg001,1,258,"οἱ δʼ ὅτε γυμνωθέντες ἑὴν ἄτην ἐνόησαν,","οἱ δ’ ὅτε γυμνωθέντες ἑὴν ἄτην ἐνόησαν,",tlg0024.tlg001.perseus-grc2.xml
Cynegetica,tlg001,1,259,λοξῇσίν τʼ ἄθρησαν ἀνιάζοντες ὀπωπαῖς,λοξῇσίν τ’ ἄθρησαν ἀνιάζοντες ὀπωπαῖς,tlg0024.tlg001.perseus-grc2.xml
Cynegetica,tlg001,1,260,"ἡ μὲν ἄρα τλήμων ἄγονον γόνον, αὐτὰρ ὅ γʼ αἶψα","ἡ μὲν ἄρα τλήμων ἄγονον γόνον, αὐτὰρ ὅ γ’ αἶψα",tlg0024.tlg001.perseus-grc2.xml
Cynegetica,tlg001,1,261,"αἰνόγαμος κακόλεκτρος ἀμήτορα μητέρα δειλήν,","αἰνόγαμος κακόλεκτρος ἀμήτορα μητέρα δειλήν,",tlg0024.tlg001.perseus-grc2.xml
Cynegetica,tlg001,1,262,"ὕψι μάλʼ ἠέρθησαν, ἀμείλιχα φυσιόωντες,","ὕψι μάλ’ ἠέρθησαν, ἀμείλιχα φυσιόωντες,",tlg0024.tlg001.perseus-grc2.xml
Cynegetica,tlg001,1,263,"δεσμά τʼ ἀπορρήξαντες ἴτην μεγάλα χρεμέθοντες,","δεσμά τ’ ἀπορρήξαντες ἴτην μεγάλα χρεμέθοντες,",tlg0024.tlg001.perseus-grc2.xml
Cynegetica,tlg001,1,264,"οἷα θεοὺς μάκαρας μαρτυρόμενοι κακότητος,","οἷα θεοὺς μάκαρας μαρτυρόμενοι κακότητος,",tlg0024.tlg001.perseus-grc2.xml
Cynegetica,tlg001,1,265,ἀράς τʼ εὐχόμενοι πολυπήμονι νυμφευτῆρι·,ἀράς τ’ εὐχόμενοι πολυπήμονι νυμφευτῆρι·,tlg0024.tlg001.perseus-grc2.xml
Cynegetica,tlg001,1,266,"ὀψὲ δὲ μυρόμενοί τε καὶ ἄσχετον ἀΐσσοντες,","ὀψὲ δὲ μυρόμενοί τε καὶ ἄσχετον ἀΐσσοντες,",tlg0024.tlg001.perseus-grc2.xml
Cynegetica,tlg001,1,267,"ἀντιπέρην πέτρῃσιν ἑὰς κεφαλὰς ἐλόωντες,","ἀντιπέρην πέτρῃσιν ἑὰς κεφαλὰς ἐλόωντες,",tlg0024.tlg001.perseus-grc2.xml
Cynegetica,tlg001,1,268,"ὀστὰ συνηλοίησαν, ἐὸν δʼ ἀπὸ φέγγος ἄμερσαν","ὀστὰ συνηλοίησαν, ἐὸν δ’ ἀπὸ φέγγος ἄμερσαν",tlg0024.tlg001.perseus-grc2.xml
Cynegetica,tlg001,1,269,"αὐτοφόνοι, κλίναντες ἐπʼ ἀλλήλοισι κάρηνα.","αὐτοφόνοι, κλίναντες ἐπ’ ἀλλήλοισι κάρηνα.",tlg0024.tlg001.perseus-grc2.xml
Cynegetica,tlg001,1,270,ὧδε φάτις προτέροις κλέος ἵπποισιν μέγʼ ἀείδει.,ὧδε φάτις προτέροις κλέος ἵπποισιν μέγ’ ἀείδει.,tlg0024.tlg001.perseus-grc2.xml
Cynegetica,tlg001,1,271,"ἵππων δʼ ὅσσα γένεθλʼ ἀτιτήλατο μυρίος αἶα,","ἵππων δ’ ὅσσα γένεθλ’ ἀτιτήλατο μυρίος αἶα,",tlg0024.tlg001.perseus-grc2.xml
Cynegetica,tlg001,1,272,"ὠκύτατοι Σικελοί, Λιλυβήϊον οἵτε νέμονται","ὠκύτατοι Σικελοί, Λιλυβήϊον οἵτε νέμονται",tlg0024.tlg001.perseus-grc2.xml
Cynegetica,tlg001,1,273,καὶ τρικάρηνον ὄρος ὅθι τοι σκέπας Ἐγκελάδοιο,καὶ τρικάρηνον ὄρος ὅθι τοι σκέπας Ἐγκελάδοιο,tlg0024.tlg001.perseus-grc2.xml
Cynegetica,tlg001,1,274,πυρσοῖς αἰθερίοισιν ἐρευγομένοιο κεραυνοῦ,πυρσοῖς αἰθερίοισιν ἐρευγομένοιο κεραυνοῦ,tlg0024.tlg001.perseus-grc2.xml
Cynegetica,tlg001,1,275,Σικελικῆς Αἴτνης ἀνεκάχλασεν ἀέναον πῦρ.,Σικελικῆς Αἴτνης ἀνεκάχλασεν ἀέναον πῦρ.,tlg0024.tlg001.perseus-grc2.xml
Cynegetica,tlg001,1,276,κραιπνότεροι Σικελῶν δὲ παρʼ Εὐφρήταο ῥέεθρα,κραιπνότεροι Σικελῶν δὲ παρ’ Εὐφρήταο ῥέεθρα,tlg0024.tlg001.perseus-grc2.xml
Cynegetica,tlg001,1,277,Ἀρμένιοι Πάρθοι τε βαθυπλόκαμοι τελέθουσιν.,Ἀρμένιοι Πάρθοι τε βαθυπλόκαμοι τελέθουσιν.,tlg0024.tlg001.perseus-grc2.xml
Cynegetica,tlg001,1,278,"ἀλλʼ ἄρα καὶ Πάρθοισι μέγα προφέρουσιν Ἴβηρες,","ἀλλ’ ἄρα καὶ Πάρθοισι μέγα προφέρουσιν Ἴβηρες,",tlg0024.tlg001.perseus-grc2.xml
Cynegetica,tlg001,1,279,ὠκυτέροισι πόδεσσι κροαίνοντες πεδίοιο.,ὠκυτέροισι πόδεσσι κροαίνοντες πεδίοιο.,tlg0024.tlg001.perseus-grc2.xml
Cynegetica,tlg001,1,280,κείνοισιν τάχα μοῦνος ἐναντίον ἰσοφαρίζοι,κείνοισιν τάχα μοῦνος ἐναντίον ἰσοφαρίζοι,tlg0024.tlg001.perseus-grc2.xml
Cynegetica,tlg001,1,281,"αἰετὸς αἰθερίοισιν ἐπιθύνων γυάλοισιν,","αἰετὸς αἰθερίοισιν ἐπιθύνων γυάλοισιν,",tlg0024.tlg001.perseus-grc2.xml
Cynegetica,tlg001,1,282,"ἢ κίρκος ταναῇσι τινασσόμενος πτερύγεσσιν,","ἢ κίρκος ταναῇσι τινασσόμενος πτερύγεσσιν,",tlg0024.tlg001.perseus-grc2.xml
Cynegetica,tlg001,1,283,ἢ δελφὶς πολιοῖσιν ὀλισθαίνων ῥοθίοισι.,ἢ δελφὶς πολιοῖσιν ὀλισθαίνων ῥοθίοισι.,tlg0024.tlg001.perseus-grc2.xml
Cynegetica,tlg001,1,284,τόσσον Ἴβηρες ἔασι θοοὶ πόδας ἠνεμόεντας·,τόσσον Ἴβηρες ἔασι θοοὶ πόδας ἠνεμόεντας·,tlg0024.tlg001.perseus-grc2.xml
Cynegetica,tlg001,1,285,"ἀλλʼ ὀλίγοι βαιοί τε μένος καὶ ἀνάλκιδες ἦτορ,","ἀλλ’ ὀλίγοι βαιοί τε μένος καὶ ἀνάλκιδες ἦτορ,",tlg0024.tlg001.perseus-grc2.xml
Cynegetica,tlg001,1,286,καὶ δρόμον ἐν παύροισιν ἐλεγχόμενοι σταδίοισιν·,καὶ δρόμον ἐν παύροισιν ἐλεγχόμενοι σταδίοισιν·,tlg0024.tlg001.perseus-grc2.xml
Cynegetica,tlg001,1,287,"εἴδεα δʼ ἀγλαόμορφα κλυτὸν δέμας ἀμφιέσαντο,","εἴδεα δ’ ἀγλαόμορφα κλυτὸν δέμας ἀμφιέσαντο,",tlg0024.tlg001.perseus-grc2.xml
Cynegetica,tlg001,1,288,"ὁπλὴν δʼ οὐ κρατερήν, πηλότροφον, εὐρυπέδιλον.","ὁπλὴν δ’ οὐ κρατερήν, πηλότροφον, εὐρυπέδιλον.",tlg0024.tlg001.perseus-grc2.xml
Cynegetica,tlg001,1,289,Μαύρων δʼ αἰόλα φῦλα πολὺ προφέρουσιν ἁπάντων,Μαύρων δ’ αἰόλα φῦλα πολὺ προφέρουσιν ἁπάντων,tlg0024.tlg001.perseus-grc2.xml
Cynegetica,tlg001,1,290,ἀμφὶ δρόμους ταναούς τε καὶ ἀμφὶ πόνους ἀλεγεινούς.,ἀμφὶ δρόμους ταναούς τε καὶ ἀμφὶ πόνους ἀλεγεινούς.,tlg0024.tlg001.perseus-grc2.xml
Cynegetica,tlg001,1,291,"καὶ Λίβυες μετὰ τοὺς δολιχὸν δρόμον ἐκτελέουσιν,","καὶ Λίβυες μετὰ τοὺς δολιχὸν δρόμον ἐκτελέουσιν,",tlg0024.tlg001.perseus-grc2.xml
Cynegetica,tlg001,1,292,ὅσσοι Κυρήνην πουλυψηφῖδα νέμονται.,ὅσσοι Κυρήνην πουλυψηφῖδα νέμονται.,tlg0024.tlg001.perseus-grc2.xml
Cynegetica,tlg001,1,293,"εἴδεα δʼ ἀμφοτέροισιν ὁμοίια, πλὴν ὅσον αὖτε","εἴδεα δ’ ἀμφοτέροισιν ὁμοίια, πλὴν ὅσον αὖτε",tlg0024.tlg001.perseus-grc2.xml
Cynegetica,tlg001,1,294,"μείζονες εἰσιδέειν Λίβυες κρατεροὶ γεγάασιν,","μείζονες εἰσιδέειν Λίβυες κρατεροὶ γεγάασιν,",tlg0024.tlg001.perseus-grc2.xml
Cynegetica,tlg001,1,295,ἀλλὰ δέμας δολιχοί· πλευρῇσι γὰρ ἀμφὶς ἔχουσι,ἀλλὰ δέμας δολιχοί· πλευρῇσι γὰρ ἀμφὶς ἔχουσι,tlg0024.tlg001.perseus-grc2.xml
Cynegetica,tlg001,1,296,τῶν ἄλλων πλέονα σπαθίην κτένα· τοὔνεκέν εἰσι,τῶν ἄλλων πλέονα σπαθίην κτένα· τοὔνεκέν εἰσι,tlg0024.tlg001.perseus-grc2.xml
Cynegetica,tlg001,1,297,"πάσσονες εἰσιδέειν καὶ κρείσσονες ἰθὺς ὀρούειν,","πάσσονες εἰσιδέειν καὶ κρείσσονες ἰθὺς ὀρούειν,",tlg0024.tlg001.perseus-grc2.xml
Cynegetica,tlg001,1,298,ἐσθλοὶ δʼ ἠελίου φορέειν πυρόεσσαν ἐρωὴν,ἐσθλοὶ δ’ ἠελίου φορέειν πυρόεσσαν ἐρωὴν,tlg0024.tlg001.perseus-grc2.xml
Cynegetica,tlg001,1,299,καί τε μεσημβρινὴν δίψους δριμεῖαν ἐνιπήν.,καί τε μεσημβρινὴν δίψους δριμεῖαν ἐνιπήν.,tlg0024.tlg001.perseus-grc2.xml
Cynegetica,tlg001,1,300,ἵπποι Τυρσηνοὶ δὲ καὶ ἄπλετα Κρήσια φῦλα,ἵπποι Τυρσηνοὶ δὲ καὶ ἄπλετα Κρήσια φῦλα,tlg0024.tlg001.perseus-grc2.xml
Cynegetica,tlg001,1,301,ἀμφότερον κραιπνοί τε θέειν δολιχοί τε πέλονται.,ἀμφότερον κραιπνοί τε θέειν δολιχοί τε πέλονται.,tlg0024.tlg001.perseus-grc2.xml
Cynegetica,tlg001,1,302,"Μαύρων δʼ ὠκύτεροι Σικελοί, Σικελῶν δέ τε Πάρθοι","Μαύρων δ’ ὠκύτεροι Σικελοί, Σικελῶν δέ τε Πάρθοι",tlg0024.tlg001.perseus-grc2.xml
Cynegetica,tlg001,1,303,"καὶ χαροποὶ τελέθουσι καὶ ἔξοχον αἰγλήεντες,","καὶ χαροποὶ τελέθουσι καὶ ἔξοχον αἰγλήεντες,",tlg0024.tlg001.perseus-grc2.xml
Cynegetica,tlg001,1,304,καὶ μοῦνοι μίμνουσι μέγα βρύχημα λέοντος.,καὶ μοῦνοι μίμνουσι μέγα βρύχημα λέοντος.,tlg0024.tlg001.perseus-grc2.xml
Cynegetica,tlg001,1,305,ἦ γάρ τοι θήρεσσιν ἐπʼ ἄλλοις ἄλλα γένεθλα,ἦ γάρ τοι θήρεσσιν ἐπ’ ἄλλοις ἄλλα γένεθλα,tlg0024.tlg001.perseus-grc2.xml
Cynegetica,tlg001,1,306,ἵππων ἄρμενα πολλὰ τά τοι φράζουσιν ὀπωπαί.,ἵππων ἄρμενα πολλὰ τά τοι φράζουσιν ὀπωπαί.,tlg0024.tlg001.perseus-grc2.xml
Cynegetica,tlg001,1,307,"στικτοπόδεσσʼ ἐλάφοις κυανώπεας ὁπλίζοιο,","στικτοπόδεσσ’ ἐλάφοις κυανώπεας ὁπλίζοιο,",tlg0024.tlg001.perseus-grc2.xml
Cynegetica,tlg001,1,308,"ἄρκτοισι γλαυκούς, καὶ πορδαλίεσσι δαφοινούς,","ἄρκτοισι γλαυκούς, καὶ πορδαλίεσσι δαφοινούς,",tlg0024.tlg001.perseus-grc2.xml
Cynegetica,tlg001,1,309,"αἴθωνας δʼ ἵππους πυριλαμπέας ἀμφὶ σύεσσιν,","αἴθωνας δ’ ἵππους πυριλαμπέας ἀμφὶ σύεσσιν,",tlg0024.tlg001.perseus-grc2.xml
Cynegetica,tlg001,1,310,αὐτὰρ ἐριγλήνους χαροποὺς χαροποῖσι λέουσι.,αὐτὰρ ἐριγλήνους χαροποὺς χαροποῖσι λέουσι.,tlg0024.tlg001.perseus-grc2.xml
Cynegetica,tlg001,1,311,κάλλεϊ δʼ ἐν πάντεσσι πέλει πανυπείροχος ἵππος,κάλλεϊ δ’ ἐν πάντεσσι πέλει πανυπείροχος ἵππος,tlg0024.tlg001.perseus-grc2.xml
Cynegetica,tlg001,1,312,"Νησαῖος, τὸν ἄγουσιν ἐρικτέανοι βασιλῆες·","Νησαῖος, τὸν ἄγουσιν ἐρικτέανοι βασιλῆες·",tlg0024.tlg001.perseus-grc2.xml
Cynegetica,tlg001,1,313,"καλὸς ἰδεῖν, ἀταλός τε φέρειν ἐϋπείθεϊ δεσμῷ·","καλὸς ἰδεῖν, ἀταλός τε φέρειν ἐϋπείθεϊ δεσμῷ·",tlg0024.tlg001.perseus-grc2.xml
Cynegetica,tlg001,1,314,"βαιὸς μὲν κεφαλήν, πολλὸς δὲ βαθύτριχα δειρήν,","βαιὸς μὲν κεφαλήν, πολλὸς δὲ βαθύτριχα δειρήν,",tlg0024.tlg001.perseus-grc2.xml
Cynegetica,tlg001,1,315,κυδιόων ἑκάτερθε μελιχρύσοισιν ἐθείραις.,κυδιόων ἑκάτερθε μελιχρύσοισιν ἐθείραις.,tlg0024.tlg001.perseus-grc2.xml
Cynegetica,tlg001,1,316,ναὶ μὴν ἄλλο γένεθλον ἐπήρατον ὠπήσαιο,ναὶ μὴν ἄλλο γένεθλον ἐπήρατον ὠπήσαιο,tlg0024.tlg001.perseus-grc2.xml
Cynegetica,tlg001,1,317,"στικτόν, ἀρίζηλον, τοὺς ὤρυγγας καλέουσιν,","στικτόν, ἀρίζηλον, τοὺς ὤρυγγας καλέουσιν,",tlg0024.tlg001.perseus-grc2.xml
Cynegetica,tlg001,1,318,"ἢ ὅτι καλλικόμοισιν ἐν οὔρεσιν ἀλδήσκουσιν,","ἢ ὅτι καλλικόμοισιν ἐν οὔρεσιν ἀλδήσκουσιν,",tlg0024.tlg001.perseus-grc2.xml
Cynegetica,tlg001,1,319,ἢ ὅτι πάγχυ θέλουσʼ ἐπὶ θηλυτέρῃσιν ὀρούειν.,ἢ ὅτι πάγχυ θέλουσ’ ἐπὶ θηλυτέρῃσιν ὀρούειν.,tlg0024.tlg001.perseus-grc2.xml
Cynegetica,tlg001,1,320,δοιὰ δʼ ἐπʼ ὠρύγγων τελέθει πολυανθέα κάλλη·,δοιὰ δ’ ἐπ’ ὠρύγγων τελέθει πολυανθέα κάλλη·,tlg0024.tlg001.perseus-grc2.xml
Cynegetica,tlg001,1,321,τοὶ μὲν γὰρ δειρὴν καλλίτριχά τʼ εὐρέα νῶτα,τοὶ μὲν γὰρ δειρὴν καλλίτριχά τ’ εὐρέα νῶτα,tlg0024.tlg001.perseus-grc2.xml
Cynegetica,tlg001,1,322,"γεγράφαται δολιχῇσιν ἐπήτριμα ταινίῃσι,","γεγράφαται δολιχῇσιν ἐπήτριμα ταινίῃσι,",tlg0024.tlg001.perseus-grc2.xml
Cynegetica,tlg001,1,323,"τίγριες οἷα θοοί, κραιπνοῦ Ζεφύροιο γενέθλη·","τίγριες οἷα θοοί, κραιπνοῦ Ζεφύροιο γενέθλη·",tlg0024.tlg001.perseus-grc2.xml
Cynegetica,tlg001,1,324,τοὶ δʼ ἄρʼ ἐϋτροχάλοισι περίδρομα δαιδάλλονται,τοὶ δ’ ἄρ’ ἐϋτροχάλοισι περίδρομα δαιδάλλονται,tlg0024.tlg001.perseus-grc2.xml
Cynegetica,tlg001,1,325,σφραγῖσιν πυκινῇσιν ὁμοίϊα πορδαλίεσσι·,σφραγῖσιν πυκινῇσιν ὁμοίϊα πορδαλίεσσι·,tlg0024.tlg001.perseus-grc2.xml
Cynegetica,tlg001,1,326,τοὺς ἔτι νηπιάχους γράψαν τεχνήμονες ἄνδρες,τοὺς ἔτι νηπιάχους γράψαν τεχνήμονες ἄνδρες,tlg0024.tlg001.perseus-grc2.xml
Cynegetica,tlg001,1,327,αἰθομένῳ χαλκῷ ταναὴν τρίχα πυρσεύοντες.,αἰθομένῳ χαλκῷ ταναὴν τρίχα πυρσεύοντες.,tlg0024.tlg001.perseus-grc2.xml
Cynegetica,tlg001,1,328,"δηθάκι δʼ ἄλλα βροτοὶ πανεπίφρονα μητίσαντο,","δηθάκι δ’ ἄλλα βροτοὶ πανεπίφρονα μητίσαντο,",tlg0024.tlg001.perseus-grc2.xml
Cynegetica,tlg001,1,329,πῶλον ἐπιγράψαι καὶ νηδύϊ μητρὸς ἐόντα.,πῶλον ἐπιγράψαι καὶ νηδύϊ μητρὸς ἐόντα.,tlg0024.tlg001.perseus-grc2.xml
Cynegetica,tlg001,1,330,"ὢ πόσση κραδίη, πόσση μερόπεσσι πέλει φρήν.","ὢ πόσση κραδίη, πόσση μερόπεσσι πέλει φρήν.",tlg0024.tlg001.perseus-grc2.xml
Cynegetica,tlg001,1,331,"ἔρξαν ὅπως ἐθέλουσι· θέσαν πολυειδέος ἵππους,","ἔρξαν ὅπως ἐθέλουσι· θέσαν πολυειδέος ἵππους,",tlg0024.tlg001.perseus-grc2.xml
Cynegetica,tlg001,1,332,μητρὸς ἔτι γλαγερῇσι περισχομένους λαγόνεσσιν.,μητρὸς ἔτι γλαγερῇσι περισχομένους λαγόνεσσιν.,tlg0024.tlg001.perseus-grc2.xml
Cynegetica,tlg001,1,333,ὁππότε θηλυτέρην γὰρ ἕλῃ φιλοτήσιος ὁρμὴ,ὁππότε θηλυτέρην γὰρ ἕλῃ φιλοτήσιος ὁρμὴ,tlg0024.tlg001.perseus-grc2.xml
Cynegetica,tlg001,1,334,"ἵππον τʼ ἐγγὺς ἰόντα κλυτὸν μεγαλήτορα μίμνῃ,","ἵππον τ’ ἐγγὺς ἰόντα κλυτὸν μεγαλήτορα μίμνῃ,",tlg0024.tlg001.perseus-grc2.xml
Cynegetica,tlg001,1,335,δὴ τότε δαιδάλλουσι πόσιν καλόν· ἀμφὶ δὲ πάντῃ,δὴ τότε δαιδάλλουσι πόσιν καλόν· ἀμφὶ δὲ πάντῃ,tlg0024.tlg001.perseus-grc2.xml
Cynegetica,tlg001,1,336,"πᾶν δέμας εὐστίκτοισι περὶ χροιῇσι γράφουσι,","πᾶν δέμας εὐστίκτοισι περὶ χροιῇσι γράφουσι,",tlg0024.tlg001.perseus-grc2.xml
Cynegetica,tlg001,1,337,καὶ ποτὶ λέκτρον ἄγουσιν ἐπʼ ἀγλαΐῃ κομόωντα.,καὶ ποτὶ λέκτρον ἄγουσιν ἐπ’ ἀγλαΐῃ κομόωντα.,tlg0024.tlg001.perseus-grc2.xml
Cynegetica,tlg001,1,338,ὡς δέ τις ἠϊθέων ὑπὸ νυμφοκόμοισι γυναιξὶν,ὡς δέ τις ἠϊθέων ὑπὸ νυμφοκόμοισι γυναιξὶν,tlg0024.tlg001.perseus-grc2.xml
Cynegetica,tlg001,1,339,εἵμασιν ἀργεννοῖσι καὶ ἄνθεσι πορφυρέοισι,εἵμασιν ἀργεννοῖσι καὶ ἄνθεσι πορφυρέοισι,tlg0024.tlg001.perseus-grc2.xml
Cynegetica,tlg001,1,340,"στεψάμενος, πνείων τε Παλαιστίνοιο μύροιο,","στεψάμενος, πνείων τε Παλαιστίνοιο μύροιο,",tlg0024.tlg001.perseus-grc2.xml
Cynegetica,tlg001,1,341,ἐς θάλαμον βαίνησιν ὑμὴν ὑμέναιον ἀείδων·,ἐς θάλαμον βαίνησιν ὑμὴν ὑμέναιον ἀείδων·,tlg0024.tlg001.perseus-grc2.xml
Cynegetica,tlg001,1,342,"ὣς ἵππον σπέρχοντα γαμήλιά τε χρεμέθοντα,","ὣς ἵππον σπέρχοντα γαμήλιά τε χρεμέθοντα,",tlg0024.tlg001.perseus-grc2.xml
Cynegetica,tlg001,1,343,"πρόσθεν ἑῆς ἀλόχοιο κλυτὸν πόσιν ἀφριόωντα,","πρόσθεν ἑῆς ἀλόχοιο κλυτὸν πόσιν ἀφριόωντα,",tlg0024.tlg001.perseus-grc2.xml
Cynegetica,tlg001,1,344,δηρὸν ἐρητύουσι φίλης λελιημένον εὐνῆς·,δηρὸν ἐρητύουσι φίλης λελιημένον εὐνῆς·,tlg0024.tlg001.perseus-grc2.xml
Cynegetica,tlg001,1,345,ὀψέ δέ τοι μεθιᾶσιν ἐπήρατον ἐς φιλότητα·,ὀψέ δέ τοι μεθιᾶσιν ἐπήρατον ἐς φιλότητα·,tlg0024.tlg001.perseus-grc2.xml
Cynegetica,tlg001,1,346,"ἡ δʼ ὑποκυσαμένη πολυανθέα γείνατο παῖδα,","ἡ δ’ ὑποκυσαμένη πολυανθέα γείνατο παῖδα,",tlg0024.tlg001.perseus-grc2.xml
Cynegetica,tlg001,1,347,"νηδύϊ μὲν πόσιος γόνιμον θορὸν ἀείρασα,","νηδύϊ μὲν πόσιος γόνιμον θορὸν ἀείρασα,",tlg0024.tlg001.perseus-grc2.xml
Cynegetica,tlg001,1,348,δεξαμένη μορφὴν δὲ πολύχροον ὀφθαλμοῖσι.,δεξαμένη μορφὴν δὲ πολύχροον ὀφθαλμοῖσι.,tlg0024.tlg001.perseus-grc2.xml
Cynegetica,tlg001,1,349,"τοῖά νυ κἀκεῖνοι, τοῖσιν δόνακες μεμέληνται,","τοῖά νυ κἀκεῖνοι, τοῖσιν δόνακες μεμέληνται,",tlg0024.tlg001.perseus-grc2.xml
Cynegetica,tlg001,1,350,"μησάσθην πυκινοῖσι νοήμασιν ἰξευτῆρες,","μησάσθην πυκινοῖσι νοήμασιν ἰξευτῆρες,",tlg0024.tlg001.perseus-grc2.xml
Cynegetica,tlg001,1,351,ὁππότε δαιδάλλουσι πεληϊάδεσσι νεοσσούς·,ὁππότε δαιδάλλουσι πεληϊάδεσσι νεοσσούς·,tlg0024.tlg001.perseus-grc2.xml
Cynegetica,tlg001,1,352,"εὖτε γὰρ ἐς φιλότητα θοαὶ τρήρωνες ἴωσι,","εὖτε γὰρ ἐς φιλότητα θοαὶ τρήρωνες ἴωσι,",tlg0024.tlg001.perseus-grc2.xml
Cynegetica,tlg001,1,353,"μιγνύμεναι στομάτεσσι βαρυφθόγγοις ἀλόχοισι,","μιγνύμεναι στομάτεσσι βαρυφθόγγοις ἀλόχοισι,",tlg0024.tlg001.perseus-grc2.xml
Cynegetica,tlg001,1,354,"δὴ τότε μῆτιν ὕφαινε κλυτὴν τιθασοτρόφος ἀνήρ,","δὴ τότε μῆτιν ὕφαινε κλυτὴν τιθασοτρόφος ἀνήρ,",tlg0024.tlg001.perseus-grc2.xml
Cynegetica,tlg001,1,355,ἄγχι δὲ θηλυτέρῃσιν ἐθήκατο δαίδαλα πολλὰ,ἄγχι δὲ θηλυτέρῃσιν ἐθήκατο δαίδαλα πολλὰ,tlg0024.tlg001.perseus-grc2.xml
Cynegetica,tlg001,1,356,εἵματα πορφύρεα· ταὶ δὲ κλιδὸν ὄσσε βαλοῦσαι,εἵματα πορφύρεα· ταὶ δὲ κλιδὸν ὄσσε βαλοῦσαι,tlg0024.tlg001.perseus-grc2.xml
Cynegetica,tlg001,1,357,θυμὸν ἰαινόμεναι τίκτουσʼ ἁλιπόρφυρα τέκνα.,θυμὸν ἰαινόμεναι τίκτουσ’ ἁλιπόρφυρα τέκνα.,tlg0024.tlg001.perseus-grc2.xml
Cynegetica,tlg001,1,358,ναὶ μὴν ὧδε Λάκωνες ἐπίφρονα μητίσαντο,ναὶ μὴν ὧδε Λάκωνες ἐπίφρονα μητίσαντο,tlg0024.tlg001.perseus-grc2.xml
Cynegetica,tlg001,1,359,"αἷσι φίλαις ἀλόχοις, ὅτε γαστέρα κυμαίνουσι·","αἷσι φίλαις ἀλόχοις, ὅτε γαστέρα κυμαίνουσι·",tlg0024.tlg001.perseus-grc2.xml
Cynegetica,tlg001,1,360,"γράψαντες πινάκεσσι πέλας θέσαν ἀγλαὰ κάλλη,","γράψαντες πινάκεσσι πέλας θέσαν ἀγλαὰ κάλλη,",tlg0024.tlg001.perseus-grc2.xml
Cynegetica,tlg001,1,361,"τοὺς πάρος ἀστράψαντας ἐν ἡμερίοισιν ἐφήβους,","τοὺς πάρος ἀστράψαντας ἐν ἡμερίοισιν ἐφήβους,",tlg0024.tlg001.perseus-grc2.xml
Cynegetica,tlg001,1,362,"Νιρέα καί Νάρκισσον ἐϋμμελίην θʼ Ὑάκινθον,","Νιρέα καί Νάρκισσον ἐϋμμελίην θ’ Ὑάκινθον,",tlg0024.tlg001.perseus-grc2.xml
Cynegetica,tlg001,1,363,"Κάστορά τʼ εὐκόρυθον καὶ Ἀμυκοφόνον Πολυδεύκην,","Κάστορά τ’ εὐκόρυθον καὶ Ἀμυκοφόνον Πολυδεύκην,",tlg0024.tlg001.perseus-grc2.xml
Cynegetica,tlg001,1,364,"ἠϊθέους τε νέους, τοί τʼ ἐν μακάρεσσιν ἀγητοί,","ἠϊθέους τε νέους, τοί τ’ ἐν μακάρεσσιν ἀγητοί,",tlg0024.tlg001.perseus-grc2.xml
Cynegetica,tlg001,1,365,Φοῖβον δαφνοκόμην καὶ κισσοφόρον Διόνυσον·,Φοῖβον δαφνοκόμην καὶ κισσοφόρον Διόνυσον·,tlg0024.tlg001.perseus-grc2.xml
Cynegetica,tlg001,1,366,"αἱ δʼ ἐπιτέρπονται πολυήρατον εἶδος ἰδοῦσαι,","αἱ δ’ ἐπιτέρπονται πολυήρατον εἶδος ἰδοῦσαι,",tlg0024.tlg001.perseus-grc2.xml
Cynegetica,tlg001,1,367,τίκτουσίν τε καλοὺς ἐπὶ κάλλεϊ πεπτηυῖαι.,τίκτουσίν τε καλοὺς ἐπὶ κάλλεϊ πεπτηυῖαι.,tlg0024.tlg001.perseus-grc2.xml
Cynegetica,tlg001,1,368,"τόσσα μὲν ἀμφʼ ἵπποισιν· ἀτὰρ κατάβηθι, φίλη φρήν,","τόσσα μὲν ἀμφ’ ἵπποισιν· ἀτὰρ κατάβηθι, φίλη φρήν,",tlg0024.tlg001.perseus-grc2.xml
Cynegetica,tlg001,1,369,οἶμον ἐπὶ σκυλάκων· τόσσοι δʼ ἐπὶ πᾶσι κύνεσσιν,οἶμον ἐπὶ σκυλάκων· τόσσοι δ’ ἐπὶ πᾶσι κύνεσσιν,tlg0024.tlg001.perseus-grc2.xml
Cynegetica,tlg001,1,370,"ἔξοχʼ ἀρίζηλοι, μάλα τʼ ἀγρευτῆρσι μέλονται,","ἔξοχ’ ἀρίζηλοι, μάλα τ’ ἀγρευτῆρσι μέλονται,",tlg0024.tlg001.perseus-grc2.xml
Cynegetica,tlg001,1,371,"Παίονες, Αὐσόνιοι, Κᾶρες, Θρήϊκες, Ἴβηρες,","Παίονες, Αὐσόνιοι, Κᾶρες, Θρήϊκες, Ἴβηρες,",tlg0024.tlg001.perseus-grc2.xml
Cynegetica,tlg001,1,372,"Ἀρκάδες, Ἀργεῖοι, Λακεδαιμόνιοι, Τεγεῆται,","Ἀρκάδες, Ἀργεῖοι, Λακεδαιμόνιοι, Τεγεῆται,",tlg0024.tlg001.perseus-grc2.xml
Cynegetica,tlg001,1,373,"Σαυρομάται, Κελτοί, Κρῆτες, Μάγνητες, Ἀμοργοί,","Σαυρομάται, Κελτοί, Κρῆτες, Μάγνητες, Ἀμοργοί,",tlg0024.tlg001.perseus-grc2.xml
Cynegetica,tlg001,1,374,ὅσσοι τʼ Αἰγύπτοιο πολυψαμάθοισιν ἐπʼ ὄχθαις,ὅσσοι τ’ Αἰγύπτοιο πολυψαμάθοισιν ἐπ’ ὄχθαις,tlg0024.tlg001.perseus-grc2.xml
Cynegetica,tlg001,1,375,"βουκολίων οὖροι, Λοκροί, χαροποί τε Μολοσσοί.","βουκολίων οὖροι, Λοκροί, χαροποί τε Μολοσσοί.",tlg0024.tlg001.perseus-grc2.xml
Cynegetica,tlg001,1,376,"εἰ δέ νύ τοι κεράσαι φίλον ἔπλετο δοιὰ γένεθλα,","εἰ δέ νύ τοι κεράσαι φίλον ἔπλετο δοιὰ γένεθλα,",tlg0024.tlg001.perseus-grc2.xml
Cynegetica,tlg001,1,377,εἴαρι μὲν πρώτιστα λέχος πόρσυνε κύνεσσιν·,εἴαρι μὲν πρώτιστα λέχος πόρσυνε κύνεσσιν·,tlg0024.tlg001.perseus-grc2.xml
Cynegetica,tlg001,1,378,εἴαρι γὰρ μᾶλλον φιλοτήσια μέμβλεται ἔργα,εἴαρι γὰρ μᾶλλον φιλοτήσια μέμβλεται ἔργα,tlg0024.tlg001.perseus-grc2.xml
Cynegetica,tlg001,1,379,θηρσί τε καὶ σκυλάκεσσι καὶ οὐλομένοισι δράκουσιν,θηρσί τε καὶ σκυλάκεσσι καὶ οὐλομένοισι δράκουσιν,tlg0024.tlg001.perseus-grc2.xml
Cynegetica,tlg001,1,380,ἠερίοις τʼ ὄρνισι καὶ εἰναλίοις νεπόδεσσιν.,ἠερίοις τ’ ὄρνισι καὶ εἰναλίοις νεπόδεσσιν.,tlg0024.tlg001.perseus-grc2.xml
Cynegetica,tlg001,1,381,εἴαρι μὲν χολόεντος ἔχις πεφορυγμένος ἰοῦ,εἴαρι μὲν χολόεντος ἔχις πεφορυγμένος ἰοῦ,tlg0024.tlg001.perseus-grc2.xml
Cynegetica,tlg001,1,382,ἷκτο λέχος ποτὶ θῖνα θαλασσαίης ἀλόχοιο·,ἷκτο λέχος ποτὶ θῖνα θαλασσαίης ἀλόχοιο·,tlg0024.tlg001.perseus-grc2.xml
Cynegetica,tlg001,1,383,εἴαρι πόντος ὅλος δὲ περισμαραγεῖ Κυθερείῃ,εἴαρι πόντος ὅλος δὲ περισμαραγεῖ Κυθερείῃ,tlg0024.tlg001.perseus-grc2.xml
Cynegetica,tlg001,1,384,καὶ νέποδες γαμέοντες ἐπιφρίσσουσι γαλήνῃ·,καὶ νέποδες γαμέοντες ἐπιφρίσσουσι γαλήνῃ·,tlg0024.tlg001.perseus-grc2.xml
Cynegetica,tlg001,1,385,"εἴαρι καὶ τρήρωνες ἐπιθύνουσι πελείαις,","εἴαρι καὶ τρήρωνες ἐπιθύνουσι πελείαις,",tlg0024.tlg001.perseus-grc2.xml
Cynegetica,tlg001,1,386,"ἵπποι δʼ ἀγραύλοις ἐπὶ φορβάσιν ὁπλίζονται,","ἵπποι δ’ ἀγραύλοις ἐπὶ φορβάσιν ὁπλίζονται,",tlg0024.tlg001.perseus-grc2.xml
Cynegetica,tlg001,1,387,"ταῦροι δʼ ἀγροτέρας ἐπὶ πόρτιας ὁρμαίνουσι,","ταῦροι δ’ ἀγροτέρας ἐπὶ πόρτιας ὁρμαίνουσι,",tlg0024.tlg001.perseus-grc2.xml
Cynegetica,tlg001,1,388,"καὶ κτίλοι εἱλικόεντες ἐν εἴαρι μηλοβατεῦσι,","καὶ κτίλοι εἱλικόεντες ἐν εἴαρι μηλοβατεῦσι,",tlg0024.tlg001.perseus-grc2.xml
Cynegetica,tlg001,1,389,"καὶ κάπροι πυρόεντες ἐπαιχμάζουσι σύεσσι,","καὶ κάπροι πυρόεντες ἐπαιχμάζουσι σύεσσι,",tlg0024.tlg001.perseus-grc2.xml
Cynegetica,tlg001,1,390,καὶ χίμαροι λασίῃσιν ἐφιππεύουσι χιμαίραις·,καὶ χίμαροι λασίῃσιν ἐφιππεύουσι χιμαίραις·,tlg0024.tlg001.perseus-grc2.xml
Cynegetica,tlg001,1,391,καὶ δʼ αὐτοῖς μερόπεσσιν ἐν εἴαρι μᾶλλον ἔρωτες·,καὶ δ’ αὐτοῖς μερόπεσσιν ἐν εἴαρι μᾶλλον ἔρωτες·,tlg0024.tlg001.perseus-grc2.xml
Cynegetica,tlg001,1,392,εἴαρι γὰρ πάνδημος ἐπιβρίθει Κυθέρεια.,εἴαρι γὰρ πάνδημος ἐπιβρίθει Κυθέρεια.,tlg0024.tlg001.perseus-grc2.xml
Cynegetica,tlg001,1,393,ἔθνεα σοὶ δὲ κυνῶν θαλαμηπολέοντι μελέσθω,ἔθνεα σοὶ δὲ κυνῶν θαλαμηπολέοντι μελέσθω,tlg0024.tlg001.perseus-grc2.xml
Cynegetica,tlg001,1,394,ἄρμενά τʼ ἀλλήλοισιν ἐοικότα τʼ ἔξοχα φῦλα.,ἄρμενά τ’ ἀλλήλοισιν ἐοικότα τ’ ἔξοχα φῦλα.,tlg0024.tlg001.perseus-grc2.xml
Cynegetica,tlg001,1,395,"Ἀρκάδας Ἠλείοις ἐπιμίσγεο, Παίοσι Κρῆτας,","Ἀρκάδας Ἠλείοις ἐπιμίσγεο, Παίοσι Κρῆτας,",tlg0024.tlg001.perseus-grc2.xml
Cynegetica,tlg001,1,396,"Κᾶρας Θρηϊκίοις, Τυρσηνὰ γένεθλα Λάκωσι,","Κᾶρας Θρηϊκίοις, Τυρσηνὰ γένεθλα Λάκωσι,",tlg0024.tlg001.perseus-grc2.xml
Cynegetica,tlg001,1,397,Σαρματικόν τε πόσιν φορέοις πρὸς Ἰβηρίδα νύμφην.,Σαρματικόν τε πόσιν φορέοις πρὸς Ἰβηρίδα νύμφην.,tlg0024.tlg001.perseus-grc2.xml
Cynegetica,tlg001,1,398,ὧδε μὲν εὖ κεράσειας· ἀτὰρ πολὺ φέρτατα πάντων,ὧδε μὲν εὖ κεράσειας· ἀτὰρ πολὺ φέρτατα πάντων,tlg0024.tlg001.perseus-grc2.xml
Cynegetica,tlg001,1,399,"φῦλα μένειν μονόφυλα, τὰ δʼ ἔξοχα τεκμήραντο","φῦλα μένειν μονόφυλα, τὰ δ’ ἔξοχα τεκμήραντο",tlg0024.tlg001.perseus-grc2.xml
Cynegetica,tlg001,1,400,"ἄνδρες ἐπακτῆρες· τὰ δὲ μυρία φῦλα πέλονται,","ἄνδρες ἐπακτῆρες· τὰ δὲ μυρία φῦλα πέλονται,",tlg0024.tlg001.perseus-grc2.xml
Cynegetica,tlg001,1,401,τῶν ἀμόθεν μορφαί τε καὶ εἴδεα τοῖα πελέσθω.,τῶν ἀμόθεν μορφαί τε καὶ εἴδεα τοῖα πελέσθω.,tlg0024.tlg001.perseus-grc2.xml
Cynegetica,tlg001,1,402,"μηκεδανόν, κρατερὸν δέμας ἄρκιον, ἠδὲ κάρηνον","μηκεδανόν, κρατερὸν δέμας ἄρκιον, ἠδὲ κάρηνον",tlg0024.tlg001.perseus-grc2.xml
Cynegetica,tlg001,1,403,"κοῦφον, ἐΰγληνον· κυαναὶ στίλβοιεν ὀπωπαί·","κοῦφον, ἐΰγληνον· κυαναὶ στίλβοιεν ὀπωπαί·",tlg0024.tlg001.perseus-grc2.xml
Cynegetica,tlg001,1,404,κάρχαρον ἐκτάδιον τελέθοι στόμα· βαιὰ δʼ ὕπερθεν,κάρχαρον ἐκτάδιον τελέθοι στόμα· βαιὰ δ’ ὕπερθεν,tlg0024.tlg001.perseus-grc2.xml
Cynegetica,tlg001,1,405,οὔατα λεπταλέοισι περιστέλλοιθʼ ὑμένεσσι·,οὔατα λεπταλέοισι περιστέλλοιθ’ ὑμένεσσι·,tlg0024.tlg001.perseus-grc2.xml
Cynegetica,tlg001,1,406,"δειρὴ μηκεδανή, καὶ στήθεα νέρθε κραταιά,","δειρὴ μηκεδανή, καὶ στήθεα νέρθε κραταιά,",tlg0024.tlg001.perseus-grc2.xml
Cynegetica,tlg001,1,407,εὐρέα· τὼ πρόσθεν δέ τʼ ὀλιζοτέρω πόδες ἔστων·,εὐρέα· τὼ πρόσθεν δέ τ’ ὀλιζοτέρω πόδες ἔστων·,tlg0024.tlg001.perseus-grc2.xml
Cynegetica,tlg001,1,408,ὀρθοτενεῖς κώλων ταναοὶ δολιχήρεες ἱστοί·,ὀρθοτενεῖς κώλων ταναοὶ δολιχήρεες ἱστοί·,tlg0024.tlg001.perseus-grc2.xml
Cynegetica,tlg001,1,409,"εὐρέες ὠμοπλάται, πλευρῶν ἐπικάρσια ταρσά·","εὐρέες ὠμοπλάται, πλευρῶν ἐπικάρσια ταρσά·",tlg0024.tlg001.perseus-grc2.xml
Cynegetica,tlg001,1,410,"ὀσφύες εὔσαρκοι, μὴ πίονες· αὐτὰρ ὄπισθε","ὀσφύες εὔσαρκοι, μὴ πίονες· αὐτὰρ ὄπισθε",tlg0024.tlg001.perseus-grc2.xml
Cynegetica,tlg001,1,411,στρυφνή τʼ ἐκτάδιός τε πέλοι δολιχόσκιος οὐρή.,στρυφνή τ’ ἐκτάδιός τε πέλοι δολιχόσκιος οὐρή.,tlg0024.tlg001.perseus-grc2.xml
Cynegetica,tlg001,1,412,τοῖοι μὲν ταναοῖσιν ἐφοπλίζοιντο δρόμοισι,τοῖοι μὲν ταναοῖσιν ἐφοπλίζοιντο δρόμοισι,tlg0024.tlg001.perseus-grc2.xml
Cynegetica,tlg001,1,413,δόρκοις ἠδʼ ἐλάφοισιν ἀελλοπόδῃ τε λαγωῷ.,δόρκοις ἠδ’ ἐλάφοισιν ἀελλοπόδῃ τε λαγωῷ.,tlg0024.tlg001.perseus-grc2.xml
Cynegetica,tlg001,1,414,"Θοῦροι δʼ αὖθʼ ἕτεροι, τοῖσιν μενεδήϊος ἀλκή,","Θοῦροι δ’ αὖθ’ ἕτεροι, τοῖσιν μενεδήϊος ἀλκή,",tlg0024.tlg001.perseus-grc2.xml
Cynegetica,tlg001,1,415,ὅσσοι καὶ ταύροισιν ἐπέχραον ἠϋγενείοις,ὅσσοι καὶ ταύροισιν ἐπέχραον ἠϋγενείοις,tlg0024.tlg001.perseus-grc2.xml
Cynegetica,tlg001,1,416,καὶ σύας ὑβριστῆρας ἐπαΐξαντες ὄλεσσαν·,καὶ σύας ὑβριστῆρας ἐπαΐξαντες ὄλεσσαν·,tlg0024.tlg001.perseus-grc2.xml
Cynegetica,tlg001,1,417,"ὅσσοι μηδὲ λέοντας ἑοὺς τρείουσιν ἄνακτας,","ὅσσοι μηδὲ λέοντας ἑοὺς τρείουσιν ἄνακτας,",tlg0024.tlg001.perseus-grc2.xml
Cynegetica,tlg001,1,418,"ζατρεφέες, πρώνεσσιν ἐοικότες ἀκρολόφοισι·","ζατρεφέες, πρώνεσσιν ἐοικότες ἀκρολόφοισι·",tlg0024.tlg001.perseus-grc2.xml
Cynegetica,tlg001,1,419,"σιμότεροι μὲν ἔασι προσώπατα, δεινὰ δʼ ὕπερθε","σιμότεροι μὲν ἔασι προσώπατα, δεινὰ δ’ ὕπερθε",tlg0024.tlg001.perseus-grc2.xml
Cynegetica,tlg001,1,420,"νεύει ἐπισκυνίοισι μεσόφρυα, καὶ πυρόεντες","νεύει ἐπισκυνίοισι μεσόφρυα, καὶ πυρόεντες",tlg0024.tlg001.perseus-grc2.xml
Cynegetica,tlg001,1,421,ὀφθαλμοὶ χαροπαῖσιν ὑποστίλβοντες ὀπωπαῖς·,ὀφθαλμοὶ χαροπαῖσιν ὑποστίλβοντες ὀπωπαῖς·,tlg0024.tlg001.perseus-grc2.xml
Cynegetica,tlg001,1,422,ῥινὸς ἅπας λάσιος· κρατερὸν δέμας· εὐρέα νῶτα·,ῥινὸς ἅπας λάσιος· κρατερὸν δέμας· εὐρέα νῶτα·,tlg0024.tlg001.perseus-grc2.xml
Cynegetica,tlg001,1,423,"κραιπνοὶ δʼ οὐ τελέθουσιν, ἀτὰρ μένος ἐνδόθι πολλόν,","κραιπνοὶ δ’ οὐ τελέθουσιν, ἀτὰρ μένος ἐνδόθι πολλόν,",tlg0024.tlg001.perseus-grc2.xml
Cynegetica,tlg001,1,424,"καὶ σθένος ἄφραστον, καθαρόν, καὶ θυμὸς ἀναιδής.","καὶ σθένος ἄφραστον, καθαρόν, καὶ θυμὸς ἀναιδής.",tlg0024.tlg001.perseus-grc2.xml
Cynegetica,tlg001,1,425,ἐς μέν νυν θήρην ὁπλίζεο τοῖα γένεθλα,ἐς μέν νυν θήρην ὁπλίζεο τοῖα γένεθλα,tlg0024.tlg001.perseus-grc2.xml
Cynegetica,tlg001,1,426,"αἰχμητῶν σκυλάκων, τοὶ κνώδαλα πάντα δίενται.","αἰχμητῶν σκυλάκων, τοὶ κνώδαλα πάντα δίενται.",tlg0024.tlg001.perseus-grc2.xml
Cynegetica,tlg001,1,427,χροιαὶ δʼ ἀργενναί τε κακαὶ μάλα κυάνεαί τε·,χροιαὶ δ’ ἀργενναί τε κακαὶ μάλα κυάνεαί τε·,tlg0024.tlg001.perseus-grc2.xml
Cynegetica,tlg001,1,428,οὔτε γὰρ ἠελίοιο φέρειν μένος ὦκα δύνανται,οὔτε γὰρ ἠελίοιο φέρειν μένος ὦκα δύνανται,tlg0024.tlg001.perseus-grc2.xml
Cynegetica,tlg001,1,429,οὔτε νιφοβλήτοιο μένος πολυχειμέρου ὥρης.,οὔτε νιφοβλήτοιο μένος πολυχειμέρου ὥρης.,tlg0024.tlg001.perseus-grc2.xml
Cynegetica,tlg001,1,430,"κεῖνοι δʼ ἐν πάντεσσιν ἀριστεύουσι κύνεσσι,","κεῖνοι δ’ ἐν πάντεσσιν ἀριστεύουσι κύνεσσι,",tlg0024.tlg001.perseus-grc2.xml
Cynegetica,tlg001,1,431,"τοῖς ἴκελαι μορφαὶ μάλα θήρεσιν ὠμηστῇσι,","τοῖς ἴκελαι μορφαὶ μάλα θήρεσιν ὠμηστῇσι,",tlg0024.tlg001.perseus-grc2.xml
Cynegetica,tlg001,1,432,μηλοφόνοισι λύκοις ἢ τίγρεσιν ἠνεμοέσσαις,μηλοφόνοισι λύκοις ἢ τίγρεσιν ἠνεμοέσσαις,tlg0024.tlg001.perseus-grc2.xml
Cynegetica,tlg001,1,433,ἢ καὶ ἀλωπήκεσσι θοαῖσί τε πορδαλίεσσιν,ἢ καὶ ἀλωπήκεσσι θοαῖσί τε πορδαλίεσσιν,tlg0024.tlg001.perseus-grc2.xml
Cynegetica,tlg001,1,434,ἢ ὁπόσοι Δήμητρι πανείκελον εἶδος ἔχουσι,ἢ ὁπόσοι Δήμητρι πανείκελον εἶδος ἔχουσι,tlg0024.tlg001.perseus-grc2.xml
Cynegetica,tlg001,1,435,σιτόχροοι· μάλα γάρ τε θοοὶ κρατεροί τε πέλονται.,σιτόχροοι· μάλα γάρ τε θοοὶ κρατεροί τε πέλονται.,tlg0024.tlg001.perseus-grc2.xml
Cynegetica,tlg001,1,436,"εἰ δέ νύ τοι πινυτὴ σκυλακοτροφίη μεμέληται,","εἰ δέ νύ τοι πινυτὴ σκυλακοτροφίη μεμέληται,",tlg0024.tlg001.perseus-grc2.xml
Cynegetica,tlg001,1,437,μήποτʼ ἀμέλγεσθαι σκύλακας νεοθηλέϊ μαζῷ,μήποτ’ ἀμέλγεσθαι σκύλακας νεοθηλέϊ μαζῷ,tlg0024.tlg001.perseus-grc2.xml
Cynegetica,tlg001,1,438,"αἰγῶν ἢ προβάτων, μηδʼ οἰκιδίῃσι κύνεσσιν·","αἰγῶν ἢ προβάτων, μηδ’ οἰκιδίῃσι κύνεσσιν·",tlg0024.tlg001.perseus-grc2.xml
Cynegetica,tlg001,1,439,ἦ γάρ τοι νωθροί τε καὶ οὐτιδανοὶ βαρύθοιεν·,ἦ γάρ τοι νωθροί τε καὶ οὐτιδανοὶ βαρύθοιεν·,tlg0024.tlg001.perseus-grc2.xml
Cynegetica,tlg001,1,440,ἀλλʼ ἐλάφων ἤ που μαζῷ τιθασοῖο λεαίνης,ἀλλ’ ἐλάφων ἤ που μαζῷ τιθασοῖο λεαίνης,tlg0024.tlg001.perseus-grc2.xml
Cynegetica,tlg001,1,441,ἤ που δορκαλίδων ἤ νυκτιπόροιο λυκαίνης·,ἤ που δορκαλίδων ἤ νυκτιπόροιο λυκαίνης·,tlg0024.tlg001.perseus-grc2.xml
Cynegetica,tlg001,1,442,"ὧδε γὰρ ἂν κρατερούς τε καὶ ὠκέας ἔξοχα θείης,","ὧδε γὰρ ἂν κρατερούς τε καὶ ὠκέας ἔξοχα θείης,",tlg0024.tlg001.perseus-grc2.xml
Cynegetica,tlg001,1,443,εἰδομένους αὐτῇσι γαλακτοφόροισι τιθήναις.,εἰδομένους αὐτῇσι γαλακτοφόροισι τιθήναις.,tlg0024.tlg001.perseus-grc2.xml
Cynegetica,tlg001,1,444,αὐτὰρ νηπιάχοισιν ἐπʼ οὐνόματα σκυλάκεσσι,αὐτὰρ νηπιάχοισιν ἐπ’ οὐνόματα σκυλάκεσσι,tlg0024.tlg001.perseus-grc2.xml
Cynegetica,tlg001,1,445,"βαιὰ τίθει, θοὰ πάντα, θοὴν ἵνα βάξιν ἀκούῃ.","βαιὰ τίθει, θοὰ πάντα, θοὴν ἵνα βάξιν ἀκούῃ.",tlg0024.tlg001.perseus-grc2.xml
Cynegetica,tlg001,1,446,ἵπποισι κρατεροῖσι δʼ ὁμήθεες ἀγρευτῆρσιν,ἵπποισι κρατεροῖσι δ’ ὁμήθεες ἀγρευτῆρσιν,tlg0024.tlg001.perseus-grc2.xml
Cynegetica,tlg001,1,447,"ἐξέτι νηπιάχων ἔστων, μερόπεσσί τε πᾶσιν","ἐξέτι νηπιάχων ἔστων, μερόπεσσί τε πᾶσιν",tlg0024.tlg001.perseus-grc2.xml
Cynegetica,tlg001,1,448,"ἠθάδιοι φίλιοί τε, μόνοισι δὲ θήρεσιν ἐχθροί.","ἠθάδιοι φίλιοί τε, μόνοισι δὲ θήρεσιν ἐχθροί.",tlg0024.tlg001.perseus-grc2.xml
Cynegetica,tlg001,1,449,μηδʼ ὑλάαν ἐθέλοιεν· ἐπεὶ μάλα θηρευτῆρσι,μηδ’ ὑλάαν ἐθέλοιεν· ἐπεὶ μάλα θηρευτῆρσι,tlg0024.tlg001.perseus-grc2.xml
Cynegetica,tlg001,1,450,"σιγὴ τέθμιός ἐστι, πανέξοχα δʼ ἰχνευτῆρσιν.","σιγὴ τέθμιός ἐστι, πανέξοχα δ’ ἰχνευτῆρσιν.",tlg0024.tlg001.perseus-grc2.xml
Cynegetica,tlg001,1,451,"εἴδεα δὲ στιβίης δυσδερκέος ἔπλετο δισσά,","εἴδεα δὲ στιβίης δυσδερκέος ἔπλετο δισσά,",tlg0024.tlg001.perseus-grc2.xml
Cynegetica,tlg001,1,452,ἀνδρῶν ἠδὲ κυνῶν· μέροπες μὲν ἄρʼ αἰολόβουλοι,ἀνδρῶν ἠδὲ κυνῶν· μέροπες μὲν ἄρ’ αἰολόβουλοι,tlg0024.tlg001.perseus-grc2.xml
Cynegetica,tlg001,1,453,ὄμμασι τεκμήραντο καὶ ἐφράσσαντο κέλευθα·,ὄμμασι τεκμήραντο καὶ ἐφράσσαντο κέλευθα·,tlg0024.tlg001.perseus-grc2.xml
Cynegetica,tlg001,1,454,μυξωτῆρσι κύνες δὲ πανίχνια σημήναντο.,μυξωτῆρσι κύνες δὲ πανίχνια σημήναντο.,tlg0024.tlg001.perseus-grc2.xml
Cynegetica,tlg001,1,455,ναὶ μὴν ἀνθρώποισι πέλει περιδέξιος ὥρη,ναὶ μὴν ἀνθρώποισι πέλει περιδέξιος ὥρη,tlg0024.tlg001.perseus-grc2.xml
Cynegetica,tlg001,1,456,"χειμερίη, στείβουσί τʼ ἀμοχθήτοισιν ὀπωπαῖς,","χειμερίη, στείβουσί τ’ ἀμοχθήτοισιν ὀπωπαῖς,",tlg0024.tlg001.perseus-grc2.xml
Cynegetica,tlg001,1,457,οὕνεκα καὶ νιφετοῖσι γεγραμμένα πάνθʼ ἅμʼ ὁρᾶται,οὕνεκα καὶ νιφετοῖσι γεγραμμένα πάνθ’ ἅμ’ ὁρᾶται,tlg0024.tlg001.perseus-grc2.xml
Cynegetica,tlg001,1,458,καὶ πηλοῖσι μένει τετυπασμένα εἴκελα ταρσῷ.,καὶ πηλοῖσι μένει τετυπασμένα εἴκελα ταρσῷ.,tlg0024.tlg001.perseus-grc2.xml
Cynegetica,tlg001,1,459,"ἐχθρὸν ἔαρ δὲ κύνεσσι, φίλον δὲ πέλει φθινόπωρον·","ἐχθρὸν ἔαρ δὲ κύνεσσι, φίλον δὲ πέλει φθινόπωρον·",tlg0024.tlg001.perseus-grc2.xml
Cynegetica,tlg001,1,460,εἴαρι γὰρ βοτάνῃσιν ἄδην ποιητρόφος αἶα,εἴαρι γὰρ βοτάνῃσιν ἄδην ποιητρόφος αἶα,tlg0024.tlg001.perseus-grc2.xml
Cynegetica,tlg001,1,461,"ἄνθεσι πληθύει τε πολύπνοος, ἀμφὶ δὲ πάντῃ","ἄνθεσι πληθύει τε πολύπνοος, ἀμφὶ δὲ πάντῃ",tlg0024.tlg001.perseus-grc2.xml
Cynegetica,tlg001,1,462,"εὐστέφανοι λειμῶνες ἀνήροτα πορφύρουσι,","εὐστέφανοι λειμῶνες ἀνήροτα πορφύρουσι,",tlg0024.tlg001.perseus-grc2.xml
Cynegetica,tlg001,1,463,καὶ πᾶσαν στιβέεσσιν ἐϋρρίνοισι κύνεσσιν,καὶ πᾶσαν στιβέεσσιν ἐϋρρίνοισι κύνεσσιν,tlg0024.tlg001.perseus-grc2.xml
Cynegetica,tlg001,1,464,ὀσμὴν πρεσβεύτειραν ἀμαλδύνουσιν ἄρουραι·,ὀσμὴν πρεσβεύτειραν ἀμαλδύνουσιν ἄρουραι·,tlg0024.tlg001.perseus-grc2.xml
Cynegetica,tlg001,1,465,αὐτὰρ ἐν εὐκάρπῳ γλυκεροσταφύλῳ φθινοπώρῳ,αὐτὰρ ἐν εὐκάρπῳ γλυκεροσταφύλῳ φθινοπώρῳ,tlg0024.tlg001.perseus-grc2.xml
Cynegetica,tlg001,1,466,"ποῖαι καὶ βοτάναι καί τʼ ἄνθεα γηράσκουσι,","ποῖαι καὶ βοτάναι καί τ’ ἄνθεα γηράσκουσι,",tlg0024.tlg001.perseus-grc2.xml
Cynegetica,tlg001,1,467,γυμνὴ δὲ σκυλάκεσσι μένει θήρειος ἀϋτμή.,γυμνὴ δὲ σκυλάκεσσι μένει θήρειος ἀϋτμή.,tlg0024.tlg001.perseus-grc2.xml
Cynegetica,tlg001,1,468,"ἔστι δέ τι σκυλάκων γένος ἄλκιμον ἰχνευτήρων,","ἔστι δέ τι σκυλάκων γένος ἄλκιμον ἰχνευτήρων,",tlg0024.tlg001.perseus-grc2.xml
Cynegetica,tlg001,1,469,"βαιόν, ἀτὰρ μεγάλης ἀντάξιον ἔμμενʼ ἀοιδῆς·","βαιόν, ἀτὰρ μεγάλης ἀντάξιον ἔμμεν’ ἀοιδῆς·",tlg0024.tlg001.perseus-grc2.xml
Cynegetica,tlg001,1,470,τοὺς τράφεν ἄγρια φῦλα Βρετανῶν αἰολονώτων·,τοὺς τράφεν ἄγρια φῦλα Βρετανῶν αἰολονώτων·,tlg0024.tlg001.perseus-grc2.xml
Cynegetica,tlg001,1,471,αὐτὰρ ἐπικλήδην σφὰς Ἀγασσαίους ὀνόμηναν.,αὐτὰρ ἐπικλήδην σφὰς Ἀγασσαίους ὀνόμηναν.,tlg0024.tlg001.perseus-grc2.xml
Cynegetica,tlg001,1,472,τῶν ἤτοι μέγεθος μὲν ὁμοίϊον οὐτιδανοῖσι,τῶν ἤτοι μέγεθος μὲν ὁμοίϊον οὐτιδανοῖσι,tlg0024.tlg001.perseus-grc2.xml
Cynegetica,tlg001,1,473,"λίχνοις οἰκιδίοισι τραπεζήεσσι κύνεσσι,","λίχνοις οἰκιδίοισι τραπεζήεσσι κύνεσσι,",tlg0024.tlg001.perseus-grc2.xml
Cynegetica,tlg001,1,474,"γυρόν, ἀσαρκότατον, λασιότριχον, ὄμμασι νωθές,","γυρόν, ἀσαρκότατον, λασιότριχον, ὄμμασι νωθές,",tlg0024.tlg001.perseus-grc2.xml
Cynegetica,tlg001,1,475,ἀλλʼ ὀνύχεσσι πόδας κεκορυθμένον ἀργαλέοισι,ἀλλ’ ὀνύχεσσι πόδας κεκορυθμένον ἀργαλέοισι,tlg0024.tlg001.perseus-grc2.xml
Cynegetica,tlg001,1,476,καὶ θαμινοῖς κυνόδουσιν ἀκαχμένον ἰοφόροισι·,καὶ θαμινοῖς κυνόδουσιν ἀκαχμένον ἰοφόροισι·,tlg0024.tlg001.perseus-grc2.xml
Cynegetica,tlg001,1,477,ῥίνεσι δʼ αὖτε μάλιστα πανέξοχός ἐστιν Ἀγασσεὺς,ῥίνεσι δ’ αὖτε μάλιστα πανέξοχός ἐστιν Ἀγασσεὺς,tlg0024.tlg001.perseus-grc2.xml
Cynegetica,tlg001,1,478,καὶ στιβίῃ πανάριστος· ἐπεὶ καὶ γαῖαν ἰόντων,καὶ στιβίῃ πανάριστος· ἐπεὶ καὶ γαῖαν ἰόντων,tlg0024.tlg001.perseus-grc2.xml
Cynegetica,tlg001,1,479,"ἴχνιον εὑρέμεναι μέγα δὴ σοφός, ἀλλὰ καὶ αὐτὴν","ἴχνιον εὑρέμεναι μέγα δὴ σοφός, ἀλλὰ καὶ αὐτὴν",tlg0024.tlg001.perseus-grc2.xml
Cynegetica,tlg001,1,480,ἴδμων ἠερίην μάλα σημήνασθαι ἀϋτμήν.,ἴδμων ἠερίην μάλα σημήνασθαι ἀϋτμήν.,tlg0024.tlg001.perseus-grc2.xml
Cynegetica,tlg001,1,481,καί τις ἐπακτήρων πειρηθῆναι σκυλακήων,καί τις ἐπακτήρων πειρηθῆναι σκυλακήων,tlg0024.tlg001.perseus-grc2.xml
Cynegetica,tlg001,1,482,"ἱμείρων, προπάροιθε πυλάων αἰπεινάων","ἱμείρων, προπάροιθε πυλάων αἰπεινάων",tlg0024.tlg001.perseus-grc2.xml
Cynegetica,tlg001,1,483,ἢ νέκυν ἢ ζώοντα φέρει παλάμῃσι λαγωόν·,ἢ νέκυν ἢ ζώοντα φέρει παλάμῃσι λαγωόν·,tlg0024.tlg001.perseus-grc2.xml
Cynegetica,tlg001,1,484,"ἑρπύζει δὲ πάροιθε παραιβαδὸν ἀτραπιτοῖο,","ἑρπύζει δὲ πάροιθε παραιβαδὸν ἀτραπιτοῖο,",tlg0024.tlg001.perseus-grc2.xml
Cynegetica,tlg001,1,485,"πρῶτα μὲν ἰθεῖαν, μετέπειτα δὲ δοχμὸν ἐλαύνων,","πρῶτα μὲν ἰθεῖαν, μετέπειτα δὲ δοχμὸν ἐλαύνων,",tlg0024.tlg001.perseus-grc2.xml
Cynegetica,tlg001,1,486,"λαιῇ, δεξιτερῇ, σκολιὴν ὁδὸν ἀμφὶς ἑλίσσων·","λαιῇ, δεξιτερῇ, σκολιὴν ὁδὸν ἀμφὶς ἑλίσσων·",tlg0024.tlg001.perseus-grc2.xml
Cynegetica,tlg001,1,487,ἀλλʼ ὅτε δὴ μάλα πολλὸν ἀπʼ ἄστεος ἠδὲ πυλάων,ἀλλ’ ὅτε δὴ μάλα πολλὸν ἀπ’ ἄστεος ἠδὲ πυλάων,tlg0024.tlg001.perseus-grc2.xml
Cynegetica,tlg001,1,488,"ἔλθῃ, δὴ τότε βόθρον ὀρυξάμενος κατέθαψε·","ἔλθῃ, δὴ τότε βόθρον ὀρυξάμενος κατέθαψε·",tlg0024.tlg001.perseus-grc2.xml
Cynegetica,tlg001,1,489,νοστήσας δʼ ἐπὶ ἄστυ παλίσσυτος αὐτίκʼ ἀγινεῖ,νοστήσας δ’ ἐπὶ ἄστυ παλίσσυτος αὐτίκ’ ἀγινεῖ,tlg0024.tlg001.perseus-grc2.xml
Cynegetica,tlg001,1,490,ἀτραπιτοῖο πέλας κύνα μέρμερον· αὐτὰρ ὅγʼ αἶψα,ἀτραπιτοῖο πέλας κύνα μέρμερον· αὐτὰρ ὅγ’ αἶψα,tlg0024.tlg001.perseus-grc2.xml
Cynegetica,tlg001,1,491,"ὠρίνθη, φριμάᾳ τε λαγωείης ὑπʼ ἀϋτμῆς·","ὠρίνθη, φριμάᾳ τε λαγωείης ὑπ’ ἀϋτμῆς·",tlg0024.tlg001.perseus-grc2.xml
Cynegetica,tlg001,1,492,"ἴχνια μαστεύει δὲ κατὰ χθονός, οὐδὲ μάλʼ εὑρεῖν","ἴχνια μαστεύει δὲ κατὰ χθονός, οὐδὲ μάλ’ εὑρεῖν",tlg0024.tlg001.perseus-grc2.xml
Cynegetica,tlg001,1,493,ἱμείρων δύναται· μάλα δʼ ἀσχαλόων ἀλάληται.,ἱμείρων δύναται· μάλα δ’ ἀσχαλόων ἀλάληται.,tlg0024.tlg001.perseus-grc2.xml
Cynegetica,tlg001,1,494,ὡς δʼ ὅτε τις κούρη δέκατον περὶ μῆνα σελήνης,ὡς δ’ ὅτε τις κούρη δέκατον περὶ μῆνα σελήνης,tlg0024.tlg001.perseus-grc2.xml
Cynegetica,tlg001,1,495,πρωτοτόκος λοχίῃσιν ὑπʼ ὠδίνεσσι τυπεῖσα,πρωτοτόκος λοχίῃσιν ὑπ’ ὠδίνεσσι τυπεῖσα,tlg0024.tlg001.perseus-grc2.xml
Cynegetica,tlg001,1,496,"λύσατο μὲν πλοκάμους, λῦσεν δʼ ἀπὸ δαίδαλα μαζῶν,","λύσατο μὲν πλοκάμους, λῦσεν δ’ ἀπὸ δαίδαλα μαζῶν,",tlg0024.tlg001.perseus-grc2.xml
Cynegetica,tlg001,1,497,ἠδʼ ἀχίτων δειλή τε καὶ ἀκρήδεμνος ἐοῦσα,ἠδ’ ἀχίτων δειλή τε καὶ ἀκρήδεμνος ἐοῦσα,tlg0024.tlg001.perseus-grc2.xml
Cynegetica,tlg001,1,498,στρωφᾶται πάντῃ κατὰ δώματα καὶ μογέουσα,στρωφᾶται πάντῃ κατὰ δώματα καὶ μογέουσα,tlg0024.tlg001.perseus-grc2.xml
Cynegetica,tlg001,1,499,"ἄλλοτε μὲν πρόδομον μετανίσσεται, ἄλλοτε δʼ αὖτε","ἄλλοτε μὲν πρόδομον μετανίσσεται, ἄλλοτε δ’ αὖτε",tlg0024.tlg001.perseus-grc2.xml
Cynegetica,tlg001,1,500,"ἐς λέχος ἰθύει, ποτὲ δʼ ἐν κονίῃσι ῥιφεῖσα","ἐς λέχος ἰθύει, ποτὲ δ’ ἐν κονίῃσι ῥιφεῖσα",tlg0024.tlg001.perseus-grc2.xml
Cynegetica,tlg001,1,501,κωκύει ῥοδαλῇσιν ἐπισμήχουσα παρειαῖς·,κωκύει ῥοδαλῇσιν ἐπισμήχουσα παρειαῖς·,tlg0024.tlg001.perseus-grc2.xml
Cynegetica,tlg001,1,502,"ὣς ὅ γε, θυμοβόροισιν ἀνιάζων ὀδύνῃσι,","ὣς ὅ γε, θυμοβόροισιν ἀνιάζων ὀδύνῃσι,",tlg0024.tlg001.perseus-grc2.xml
Cynegetica,tlg001,1,503,τῇ καὶ τῇ θύει τε καὶ ἑξείης ἐρεείνει,τῇ καὶ τῇ θύει τε καὶ ἑξείης ἐρεείνει,tlg0024.tlg001.perseus-grc2.xml
Cynegetica,tlg001,1,504,πάντα λίθον καὶ πάντα λόφον καὶ πᾶσαν ἀταρπὸν,πάντα λίθον καὶ πάντα λόφον καὶ πᾶσαν ἀταρπὸν,tlg0024.tlg001.perseus-grc2.xml
Cynegetica,tlg001,1,505,δένδρεά θʼ ἡμερίδας τε καὶ αἱμασιὰς καὶ ἀλωάς.,δένδρεά θ’ ἡμερίδας τε καὶ αἱμασιὰς καὶ ἀλωάς.,tlg0024.tlg001.perseus-grc2.xml
Cynegetica,tlg001,1,506,"ἀλλʼ ὁπότʼ ἴχνεος ὀψὲ διηερίοιο τυχήσῃ,","ἀλλ’ ὁπότ’ ἴχνεος ὀψὲ διηερίοιο τυχήσῃ,",tlg0024.tlg001.perseus-grc2.xml
Cynegetica,tlg001,1,507,"καγχαλάᾳ κνυζεῖ τε κεχαρμένος, οἷά τε τυτθαὶ","καγχαλάᾳ κνυζεῖ τε κεχαρμένος, οἷά τε τυτθαὶ",tlg0024.tlg001.perseus-grc2.xml
Cynegetica,tlg001,1,508,σκιρτεῦσιν δαμάλαι περὶ πόρτιας οὐθατοέσσας·,σκιρτεῦσιν δαμάλαι περὶ πόρτιας οὐθατοέσσας·,tlg0024.tlg001.perseus-grc2.xml
Cynegetica,tlg001,1,509,"ὣς καὶ τῷ μάλα θυμὸς ἐχήρατο, σευόμενος δὲ","ὣς καὶ τῷ μάλα θυμὸς ἐχήρατο, σευόμενος δὲ",tlg0024.tlg001.perseus-grc2.xml
Cynegetica,tlg001,1,510,εἱλεῖται σκολιοῖσιν ἐπεμβεβαὼς πεδίοισιν·,εἱλεῖται σκολιοῖσιν ἐπεμβεβαὼς πεδίοισιν·,tlg0024.tlg001.perseus-grc2.xml
Cynegetica,tlg001,1,511,"οὐδʼ ἀπό μιν πλάγξαις, οὐδʼ εἰ μάλα τηλόθʼ ἐλαύνοις,","οὐδ’ ἀπό μιν πλάγξαις, οὐδ’ εἰ μάλα τηλόθ’ ἐλαύνοις,",tlg0024.tlg001.perseus-grc2.xml
Cynegetica,tlg001,1,512,"ἰθύει δʼ ἀπρὶξ γλυκερῆς δεδραγμένος ὀδμῆς,","ἰθύει δ’ ἀπρὶξ γλυκερῆς δεδραγμένος ὀδμῆς,",tlg0024.tlg001.perseus-grc2.xml
Cynegetica,tlg001,1,513,εἰσόκε τέρμα πόνοιο καὶ εἰς βαλβῖδα περήσῃ.,εἰσόκε τέρμα πόνοιο καὶ εἰς βαλβῖδα περήσῃ.,tlg0024.tlg001.perseus-grc2.xml
Cynegetica,tlg001,1,514,"εἰ δέ μιν ὁπλίσσειας ἀθηρήτοισι λαγωοῖς,","εἰ δέ μιν ὁπλίσσειας ἀθηρήτοισι λαγωοῖς,",tlg0024.tlg001.perseus-grc2.xml
Cynegetica,tlg001,1,515,"λάθρη μὲν πελάει, κατὰ δʼ ἴχνιον ἴχνος ἐρείδει,","λάθρη μὲν πελάει, κατὰ δ’ ἴχνιον ἴχνος ἐρείδει,",tlg0024.tlg001.perseus-grc2.xml
Cynegetica,tlg001,1,516,"βαιὸς ὑφʼ ἡμερίσιν κεκαλυμμένος ἢ καλάμῃσιν,","βαιὸς ὑφ’ ἡμερίσιν κεκαλυμμένος ἢ καλάμῃσιν,",tlg0024.tlg001.perseus-grc2.xml
Cynegetica,tlg001,1,517,"οἷά τε ληϊστὴρ ἐρίφων κλόπος, ὅστε νομῆα","οἷά τε ληϊστὴρ ἐρίφων κλόπος, ὅστε νομῆα",tlg0024.tlg001.perseus-grc2.xml
Cynegetica,tlg001,1,518,ὑπνώοντα πέλας δεδοκημένος ἤρεμος ἕρπει.,ὑπνώοντα πέλας δεδοκημένος ἤρεμος ἕρπει.,tlg0024.tlg001.perseus-grc2.xml
Cynegetica,tlg001,1,519,"ἀλλʼ ὅτε δὴ λόχμῃσι λαγωείῃσι πελάσσῃ,","ἀλλ’ ὅτε δὴ λόχμῃσι λαγωείῃσι πελάσσῃ,",tlg0024.tlg001.perseus-grc2.xml
Cynegetica,tlg001,1,520,"ῥίμφʼ ἔθορεν, τόξῳ ἐναλίγκιος ἠὲ δράκοντι","ῥίμφ’ ἔθορεν, τόξῳ ἐναλίγκιος ἠὲ δράκοντι",tlg0024.tlg001.perseus-grc2.xml
Cynegetica,tlg001,1,521,"συρικτῇ, τὸν ὄρινεν ἑῆς πάρος ἀτρεμέοντα","συρικτῇ, τὸν ὄρινεν ἑῆς πάρος ἀτρεμέοντα",tlg0024.tlg001.perseus-grc2.xml
Cynegetica,tlg001,1,522,ἰοδόκου χειῆς ἀμαλητόμος ἤ τις ἀροτρεύς.,ἰοδόκου χειῆς ἀμαλητόμος ἤ τις ἀροτρεύς.,tlg0024.tlg001.perseus-grc2.xml
Cynegetica,tlg001,1,523,"ὣς ὅ γε καγχαλόων ὠκὺς θόρεν· ἢν δὲ τυχήσῃ,","ὣς ὅ γε καγχαλόων ὠκὺς θόρεν· ἢν δὲ τυχήσῃ,",tlg0024.tlg001.perseus-grc2.xml
Cynegetica,tlg001,1,524,ῥεῖά μιν ὀξυτέροισι δαμασσάμενος ὀνύχεσσι,ῥεῖά μιν ὀξυτέροισι δαμασσάμενος ὀνύχεσσι,tlg0024.tlg001.perseus-grc2.xml
Cynegetica,tlg001,1,525,καὶ γενύεσσιν ἑλὼν φόρτον μέγαν ἀντιάσειεν·,καὶ γενύεσσιν ἑλὼν φόρτον μέγαν ἀντιάσειεν·,tlg0024.tlg001.perseus-grc2.xml
Cynegetica,tlg001,1,526,ὦκα φέρει μογέων τε βαρυνόμενός τε πελάζει.,ὦκα φέρει μογέων τε βαρυνόμενός τε πελάζει.,tlg0024.tlg001.perseus-grc2.xml
Cynegetica,tlg001,1,527,οἵη δʼ ἐκ ληΐοιο φέρει θέρος ἀμητοῖο,οἵη δ’ ἐκ ληΐοιο φέρει θέρος ἀμητοῖο,tlg0024.tlg001.perseus-grc2.xml
Cynegetica,tlg001,1,528,"βριθομένη πυρῷ τε μετʼ αὔλιον εἶσιν ἀπήνη,","βριθομένη πυρῷ τε μετ’ αὔλιον εἶσιν ἀπήνη,",tlg0024.tlg001.perseus-grc2.xml
Cynegetica,tlg001,1,529,"τὴν δʼ ἐσιδόντες ὄρουσαν ἀολλέες ἀγροιῶται,","τὴν δ’ ἐσιδόντες ὄρουσαν ἀολλέες ἀγροιῶται,",tlg0024.tlg001.perseus-grc2.xml
Cynegetica,tlg001,1,530,"πρόπροθι δʼ ἀντήσαντες ὁ μὲν κύκλοισιν ἐρείδει,","πρόπροθι δ’ ἀντήσαντες ὁ μὲν κύκλοισιν ἐρείδει,",tlg0024.tlg001.perseus-grc2.xml
Cynegetica,tlg001,1,531,"ἄλλος ὑπερτερίην, ὁ δʼ ἄρʼ ἄξονα βουσὶν ἀρήγων·","ἄλλος ὑπερτερίην, ὁ δ’ ἄρ’ ἄξονα βουσὶν ἀρήγων·",tlg0024.tlg001.perseus-grc2.xml
Cynegetica,tlg001,1,532,"εἰς αὖλιν δὲ μολόντες ἐλύσανθʼ ἱστοβοῆα,","εἰς αὖλιν δὲ μολόντες ἐλύσανθ’ ἱστοβοῆα,",tlg0024.tlg001.perseus-grc2.xml
Cynegetica,tlg001,1,533,"ταῦροι δʼ ἱδρώοντες ἀνέπνευσαν καμάτοιο,","ταῦροι δ’ ἱδρώοντες ἀνέπνευσαν καμάτοιο,",tlg0024.tlg001.perseus-grc2.xml
Cynegetica,tlg001,1,534,θυμὸς δʼ ἠπεδανοῦ μέγʼ ἐχήρατο βουπελάταο·,θυμὸς δ’ ἠπεδανοῦ μέγ’ ἐχήρατο βουπελάταο·,tlg0024.tlg001.perseus-grc2.xml
Cynegetica,tlg001,1,535,ὣς ὁ μὲν ἱκνεῖται φόρτον γενύεσσιν ἀγινῶν.,ὣς ὁ μὲν ἱκνεῖται φόρτον γενύεσσιν ἀγινῶν.,tlg0024.tlg001.perseus-grc2.xml
Cynegetica,tlg001,1,536,"αὐτὰρ ὅ γʼ ἀντιάᾳ κεχαρημένος ὠκὺς ἐπακτήρ,","αὐτὰρ ὅ γ’ ἀντιάᾳ κεχαρημένος ὠκὺς ἐπακτήρ,",tlg0024.tlg001.perseus-grc2.xml
Cynegetica,tlg001,1,537,"ἄμφω δʼ ἀείρας ἀπὸ μητέρος ὑψόθι γαίης,","ἄμφω δ’ ἀείρας ἀπὸ μητέρος ὑψόθι γαίης,",tlg0024.tlg001.perseus-grc2.xml
Cynegetica,tlg001,1,538,κόλποισιν θέτο θῆρα καὶ αὐτὸν θηροφονῆα.,κόλποισιν θέτο θῆρα καὶ αὐτὸν θηροφονῆα.,tlg0024.tlg001.perseus-grc2.xml
Cynegetica,tlg001,2,1,"εἰ δʼ ἄγε μοι, Ζηνὸς θύγατερ, καλλίσφυρε Φοίβη,","εἰ δ’ ἄγε μοι, Ζηνὸς θύγατερ, καλλίσφυρε Φοίβη,",tlg0024.tlg001.perseus-grc2.xml
Cynegetica,tlg001,2,2,"παρθένε χρυσομίτρη, δίδυμον γένος Ἀπόλλωνι,","παρθένε χρυσομίτρη, δίδυμον γένος Ἀπόλλωνι,",tlg0024.tlg001.perseus-grc2.xml
Cynegetica,tlg001,2,3,εἰπέμεναι μερόπων τίς ἀγασθενέων θʼ ἡρώων,εἰπέμεναι μερόπων τίς ἀγασθενέων θ’ ἡρώων,tlg0024.tlg001.perseus-grc2.xml
Cynegetica,tlg001,2,4,σῆς ἀπὸ χειρὸς ἄειρε μεγακλέα δήνεα θήρης.,σῆς ἀπὸ χειρὸς ἄειρε μεγακλέα δήνεα θήρης.,tlg0024.tlg001.perseus-grc2.xml
Cynegetica,tlg001,2,5,ἀμφὶ πόδας Φολόης ἀνεμώδεος ἄγρια φῦλα,ἀμφὶ πόδας Φολόης ἀνεμώδεος ἄγρια φῦλα,tlg0024.tlg001.perseus-grc2.xml
Cynegetica,tlg001,2,6,"θηρομιγῆ, μερόπων μὲν ἐπʼ ἰξύας, ἰξυόφιν δὲ","θηρομιγῆ, μερόπων μὲν ἐπ’ ἰξύας, ἰξυόφιν δὲ",tlg0024.tlg001.perseus-grc2.xml
Cynegetica,tlg001,2,7,"ἵππων ἡμιβρότων, ἐπιδόρπιον εὕρετο θήρην.","ἵππων ἡμιβρότων, ἐπιδόρπιον εὕρετο θήρην.",tlg0024.tlg001.perseus-grc2.xml
Cynegetica,tlg001,2,8,"ἐν μερόπεσσι δὲ πρῶτος ὁ Γοργόνος αὐχένʼ ἀμέρσας,","ἐν μερόπεσσι δὲ πρῶτος ὁ Γοργόνος αὐχέν’ ἀμέρσας,",tlg0024.tlg001.perseus-grc2.xml
Cynegetica,tlg001,2,9,"Ζηνὸς χρυσείοιο πάϊς κλυτός, εὕρετο Περσεύς·","Ζηνὸς χρυσείοιο πάϊς κλυτός, εὕρετο Περσεύς·",tlg0024.tlg001.perseus-grc2.xml
Cynegetica,tlg001,2,10,ἀλλὰ ποδῶν κραιπνῇσιν ἀειρόμενος πτερύγεσσι,ἀλλὰ ποδῶν κραιπνῇσιν ἀειρόμενος πτερύγεσσι,tlg0024.tlg001.perseus-grc2.xml
Cynegetica,tlg001,2,11,καὶ πτῶκας καὶ θῶας ἐλάζυτο καὶ γένος αἰγῶν,καὶ πτῶκας καὶ θῶας ἐλάζυτο καὶ γένος αἰγῶν,tlg0024.tlg001.perseus-grc2.xml
Cynegetica,tlg001,2,12,ἀγροτέρων δόρκους τε θοοὺς ὀρύγων τε γένεθλα,ἀγροτέρων δόρκους τε θοοὺς ὀρύγων τε γένεθλα,tlg0024.tlg001.perseus-grc2.xml
Cynegetica,tlg001,2,13,ἠδʼ αὐτῶν ἐλάφων στικτῶν αἰπεινὰ κάρηνα.,ἠδ’ αὐτῶν ἐλάφων στικτῶν αἰπεινὰ κάρηνα.,tlg0024.tlg001.perseus-grc2.xml
Cynegetica,tlg001,2,14,ἱππαλέην δʼ ἄγρην ὁ φαεσφόρος εὕρετο Κάστωρ·,ἱππαλέην δ’ ἄγρην ὁ φαεσφόρος εὕρετο Κάστωρ·,tlg0024.tlg001.perseus-grc2.xml
Cynegetica,tlg001,2,15,καὶ τοὺς μὲν κατέπεφνεν ἐπίσκοπον ἰθὺς ἄκοντι,καὶ τοὺς μὲν κατέπεφνεν ἐπίσκοπον ἰθὺς ἄκοντι,tlg0024.tlg001.perseus-grc2.xml
Cynegetica,tlg001,2,16,"βαλλόμενος, τοὺς δʼ αὖτε· θοοῖς ἵπποισιν ἐλαύνων","βαλλόμενος, τοὺς δ’ αὖτε· θοοῖς ἵπποισιν ἐλαύνων",tlg0024.tlg001.perseus-grc2.xml
Cynegetica,tlg001,2,17,θῆρας ἕλε ξυνοχῇσι μεσημβρινοῖο δρόμοιο.,θῆρας ἕλε ξυνοχῇσι μεσημβρινοῖο δρόμοιο.,tlg0024.tlg001.perseus-grc2.xml
Cynegetica,tlg001,2,18,πρὸς δὲ μόθους θηρῶν κύνας ὥπλισε καρχαρόδοντας,πρὸς δὲ μόθους θηρῶν κύνας ὥπλισε καρχαρόδοντας,tlg0024.tlg001.perseus-grc2.xml
Cynegetica,tlg001,2,19,διογενὴς πρῶτος Λακεδαιμόνιος Πολυδεύκης·,διογενὴς πρῶτος Λακεδαιμόνιος Πολυδεύκης·,tlg0024.tlg001.perseus-grc2.xml
Cynegetica,tlg001,2,20,καὶ γὰρ πυγμαχίῃσι λυγροὺς ἐναρίξατο φῶτας,καὶ γὰρ πυγμαχίῃσι λυγροὺς ἐναρίξατο φῶτας,tlg0024.tlg001.perseus-grc2.xml
Cynegetica,tlg001,2,21,καὶ σκυλάκεσσι θοαῖς βαλίους ἐδαμάσσατο θῆρας.,καὶ σκυλάκεσσι θοαῖς βαλίους ἐδαμάσσατο θῆρας.,tlg0024.tlg001.perseus-grc2.xml
Cynegetica,tlg001,2,22,ἔξοχα δʼ ἐν σταδίοισιν ὀρειοτέροισι μόθοισιν,ἔξοχα δ’ ἐν σταδίοισιν ὀρειοτέροισι μόθοισιν,tlg0024.tlg001.perseus-grc2.xml
Cynegetica,tlg001,2,23,Οἰνείδης ἤστραψεν ἐνυάλιος Μελέαγρος.,Οἰνείδης ἤστραψεν ἐνυάλιος Μελέαγρος.,tlg0024.tlg001.perseus-grc2.xml
Cynegetica,tlg001,2,24,ἄρκυας αὖτε βρόχους τε καὶ ἀγκύλα δίκτυα πρῶτος,ἄρκυας αὖτε βρόχους τε καὶ ἀγκύλα δίκτυα πρῶτος,tlg0024.tlg001.perseus-grc2.xml
Cynegetica,tlg001,2,25,Ἱππόλυτος μερόπεσσιν ἐπακτήρεσσιν ἔφηνε.,Ἱππόλυτος μερόπεσσιν ἐπακτήρεσσιν ἔφηνε.,tlg0024.tlg001.perseus-grc2.xml
Cynegetica,tlg001,2,26,Σχοινῆος πρώτη δὲ κλυτὴ θυγάτηρ Ἀταλάντη,Σχοινῆος πρώτη δὲ κλυτὴ θυγάτηρ Ἀταλάντη,tlg0024.tlg001.perseus-grc2.xml
Cynegetica,tlg001,2,27,θηρσὶ φόνον πτερόεντα συηβόλος εὕρετο κούρη.,θηρσὶ φόνον πτερόεντα συηβόλος εὕρετο κούρη.,tlg0024.tlg001.perseus-grc2.xml
Cynegetica,tlg001,2,28,"νυκτερίους δὲ δόλους, νυχίην πανεπίκλοπον ἄγρην,","νυκτερίους δὲ δόλους, νυχίην πανεπίκλοπον ἄγρην,",tlg0024.tlg001.perseus-grc2.xml
Cynegetica,tlg001,2,29,Ὠρίων πρώτιστος ἐμήσατο κερδαλεόφρων.,Ὠρίων πρώτιστος ἐμήσατο κερδαλεόφρων.,tlg0024.tlg001.perseus-grc2.xml
Cynegetica,tlg001,2,30,τόσσοι μὲν θήρης κρατεροὶ πάρος ἡγεμονῆες.,τόσσοι μὲν θήρης κρατεροὶ πάρος ἡγεμονῆες.,tlg0024.tlg001.perseus-grc2.xml
Cynegetica,tlg001,2,31,πολλοὺς δʼ αὖ μετόπισθεν ἔρως ἐδαμάσσατο δριμύς·,πολλοὺς δ’ αὖ μετόπισθεν ἔρως ἐδαμάσσατο δριμύς·,tlg0024.tlg001.perseus-grc2.xml
Cynegetica,tlg001,2,32,οὐ γάρ τις κέντροισι δαμεὶς ἄγρης ἐρατεινῆς,οὐ γάρ τις κέντροισι δαμεὶς ἄγρης ἐρατεινῆς,tlg0024.tlg001.perseus-grc2.xml
Cynegetica,tlg001,2,33,αὖθις ἑκὼν λείψειεν· ἔχει δέ μιν ἄσπετα δεσμά.,αὖθις ἑκὼν λείψειεν· ἔχει δέ μιν ἄσπετα δεσμά.,tlg0024.tlg001.perseus-grc2.xml
Cynegetica,tlg001,2,34,"οἷος μὲν γλυκὺς ὕπνος ἐπʼ ἄνθεσιν εἴαρος ὥρῃ,","οἷος μὲν γλυκὺς ὕπνος ἐπ’ ἄνθεσιν εἴαρος ὥρῃ,",tlg0024.tlg001.perseus-grc2.xml
Cynegetica,tlg001,2,35,"οἵη δʼ αὖτε θέρευς γλυκερὴ σπήλυγγι χαμεύνη,","οἵη δ’ αὖτε θέρευς γλυκερὴ σπήλυγγι χαμεύνη,",tlg0024.tlg001.perseus-grc2.xml
Cynegetica,tlg001,2,36,οἵη δʼ ἐν σκοπέλοισιν ἐπακτήρεσσι πάσασθαι,οἵη δ’ ἐν σκοπέλοισιν ἐπακτήρεσσι πάσασθαι,tlg0024.tlg001.perseus-grc2.xml
Cynegetica,tlg001,2,37,τερπωλή· πόσση δὲ χάρις κείνοισιν ὀπηδεῖ,τερπωλή· πόσση δὲ χάρις κείνοισιν ὀπηδεῖ,tlg0024.tlg001.perseus-grc2.xml
Cynegetica,tlg001,2,38,δρεπτομένοις αὐτοῖσι μελιχρῆς ἄνθος ὀπώρης·,δρεπτομένοις αὐτοῖσι μελιχρῆς ἄνθος ὀπώρης·,tlg0024.tlg001.perseus-grc2.xml
Cynegetica,tlg001,2,39,ψυχρὸν δʼ ἐξ ἄντροιο προχεύμενον ἄργυφον ὕδωρ,ψυχρὸν δ’ ἐξ ἄντροιο προχεύμενον ἄργυφον ὕδωρ,tlg0024.tlg001.perseus-grc2.xml
Cynegetica,tlg001,2,40,οἷον κεκμηῶσι ποτὸν γλυκερόν τε λοετρόν·,οἷον κεκμηῶσι ποτὸν γλυκερόν τε λοετρόν·,tlg0024.tlg001.perseus-grc2.xml
Cynegetica,tlg001,2,41,οἷα δʼ ἐνὶ ξυλόχοις κεχαρισμένα δῶρα φέρουσιν,οἷα δ’ ἐνὶ ξυλόχοις κεχαρισμένα δῶρα φέρουσιν,tlg0024.tlg001.perseus-grc2.xml
Cynegetica,tlg001,2,42,ἐν γλυκεροῖς ταλάροισι παρʼ αἰπολίοισι νομῆες.,ἐν γλυκεροῖς ταλάροισι παρ’ αἰπολίοισι νομῆες.,tlg0024.tlg001.perseus-grc2.xml
Cynegetica,tlg001,2,43,ἀλλʼ ἄγε δὴ ταύρων ζηλήμονα πάγχυ γενέθλην,ἀλλ’ ἄγε δὴ ταύρων ζηλήμονα πάγχυ γενέθλην,tlg0024.tlg001.perseus-grc2.xml
Cynegetica,tlg001,2,44,πρῶτον ἀείδωμεν καὶ μυρίον ἔξοχα νεῖκος,πρῶτον ἀείδωμεν καὶ μυρίον ἔξοχα νεῖκος,tlg0024.tlg001.perseus-grc2.xml
Cynegetica,tlg001,2,45,οἷον ὑπὲρ θαλάμοιο πανάγρια δηρίσαντο.,οἷον ὑπὲρ θαλάμοιο πανάγρια δηρίσαντο.,tlg0024.tlg001.perseus-grc2.xml
Cynegetica,tlg001,2,46,εἷς βασιλεὺς ἀγέληφι τυραννεύων ὄχʼ ἄριστος,εἷς βασιλεὺς ἀγέληφι τυραννεύων ὄχ’ ἄριστος,tlg0024.tlg001.perseus-grc2.xml
Cynegetica,tlg001,2,47,βαιοτέροις ταύροις καὶ θηλυτέρῃσιν ἀνάσσει·,βαιοτέροις ταύροις καὶ θηλυτέρῃσιν ἀνάσσει·,tlg0024.tlg001.perseus-grc2.xml
Cynegetica,tlg001,2,48,πέφρικεν δʼ ἀγέλη κεραὸν μέγαν ἡγεμονῆα·,πέφρικεν δ’ ἀγέλη κεραὸν μέγαν ἡγεμονῆα·,tlg0024.tlg001.perseus-grc2.xml
Cynegetica,tlg001,2,49,"αἱ δʼ αὖτε τρομέουσιν ἑὸν πόσιν ἀγριόωντα,","αἱ δ’ αὖτε τρομέουσιν ἑὸν πόσιν ἀγριόωντα,",tlg0024.tlg001.perseus-grc2.xml
Cynegetica,tlg001,2,50,"ὁππότε μυκήσαιτʼ, ἄγριοι βόες· ἀλλʼ ὅτʼ ἐπʼ ἄλλῳ","ὁππότε μυκήσαιτ’, ἄγριοι βόες· ἀλλ’ ὅτ’ ἐπ’ ἄλλῳ",tlg0024.tlg001.perseus-grc2.xml
Cynegetica,tlg001,2,51,"ταῦρος ἀποκρινθεὶς ἀγέλης, πλατὺν αὐχένα τείνας,","ταῦρος ἀποκρινθεὶς ἀγέλης, πλατὺν αὐχένα τείνας,",tlg0024.tlg001.perseus-grc2.xml
Cynegetica,tlg001,2,52,"οἶος ἴῃ, κἀκεῖνος ἄναξ σφετέροισιν ἀνάσσων,","οἶος ἴῃ, κἀκεῖνος ἄναξ σφετέροισιν ἀνάσσων,",tlg0024.tlg001.perseus-grc2.xml
Cynegetica,tlg001,2,53,δὴ τότʼ ἐπʼ ἀμφοτέροισιν ὑπέρβιος ἵστατʼ ἐνυώ.,δὴ τότ’ ἐπ’ ἀμφοτέροισιν ὑπέρβιος ἵστατ’ ἐνυώ.,tlg0024.tlg001.perseus-grc2.xml
Cynegetica,tlg001,2,54,πρῶτα μὲν ἀντίπρωρον ἐς ἀλλήλους ὁρόωντες,πρῶτα μὲν ἀντίπρωρον ἐς ἀλλήλους ὁρόωντες,tlg0024.tlg001.perseus-grc2.xml
Cynegetica,tlg001,2,55,ἄγρια θυμαίνοντι χόλῳ μέγα παιφάσσουσι,ἄγρια θυμαίνοντι χόλῳ μέγα παιφάσσουσι,tlg0024.tlg001.perseus-grc2.xml
Cynegetica,tlg001,2,56,"καὶ πυρόεν πνείουσι καὶ ἀμῶνται ποσὶ γαῖαν,","καὶ πυρόεν πνείουσι καὶ ἀμῶνται ποσὶ γαῖαν,",tlg0024.tlg001.perseus-grc2.xml
Cynegetica,tlg001,2,57,"οἷα κονιόμενοι· προκαλίζονται δʼ ἑκάτερθεν,","οἷα κονιόμενοι· προκαλίζονται δ’ ἑκάτερθεν,",tlg0024.tlg001.perseus-grc2.xml
Cynegetica,tlg001,2,58,ὀξέα κεκλήγοντες ἐνυαλίοισιν ἀϋταῖς·,ὀξέα κεκλήγοντες ἐνυαλίοισιν ἀϋταῖς·,tlg0024.tlg001.perseus-grc2.xml
Cynegetica,tlg001,2,59,"αὐτὰρ ἐπεὶ σάλπιγξαν ἐφʼ ὑσμίνην ἀλεγεινήν,","αὐτὰρ ἐπεὶ σάλπιγξαν ἐφ’ ὑσμίνην ἀλεγεινήν,",tlg0024.tlg001.perseus-grc2.xml
Cynegetica,tlg001,2,60,"ἄσχετον ἀΐσσουσιν, ἑοῖσι δʼ ἄφαρ κεράεσσι","ἄσχετον ἀΐσσουσιν, ἑοῖσι δ’ ἄφαρ κεράεσσι",tlg0024.tlg001.perseus-grc2.xml
Cynegetica,tlg001,2,61,πᾶν δέμας ἀλλήλοισιν ἀμοιβαδὶς οὐτάζουσιν.,πᾶν δέμας ἀλλήλοισιν ἀμοιβαδὶς οὐτάζουσιν.,tlg0024.tlg001.perseus-grc2.xml
Cynegetica,tlg001,2,62,"οἷα δʼ ἐνὶ πτολέμῳ βυθίῳ, ὅτε ναυμάχος Ἄρης","οἷα δ’ ἐνὶ πτολέμῳ βυθίῳ, ὅτε ναυμάχος Ἄρης",tlg0024.tlg001.perseus-grc2.xml
Cynegetica,tlg001,2,63,"δῆριν ἀείρηται, δοιαὶ πανυπείροχα νῆες,","δῆριν ἀείρηται, δοιαὶ πανυπείροχα νῆες,",tlg0024.tlg001.perseus-grc2.xml
Cynegetica,tlg001,2,64,"στράπτουσαι θαμινοῖσιν ἐναντίον ὁπλίτῃσιν,","στράπτουσαι θαμινοῖσιν ἐναντίον ὁπλίτῃσιν,",tlg0024.tlg001.perseus-grc2.xml
Cynegetica,tlg001,2,65,"ἀντίβιον πρώρῃσι μετωπαδὸν ἐγχρίμπτονται,","ἀντίβιον πρώρῃσι μετωπαδὸν ἐγχρίμπτονται,",tlg0024.tlg001.perseus-grc2.xml
Cynegetica,tlg001,2,66,σπερχόμεναι πνοιῇ τε λάβρῳ παλάμηφι τε ναυτῶν·,σπερχόμεναι πνοιῇ τε λάβρῳ παλάμηφι τε ναυτῶν·,tlg0024.tlg001.perseus-grc2.xml
Cynegetica,tlg001,2,67,ἔντεσι χαλκείοις δὲ περιβρέμεται κτύπος ἀνδρῶν,ἔντεσι χαλκείοις δὲ περιβρέμεται κτύπος ἀνδρῶν,tlg0024.tlg001.perseus-grc2.xml
Cynegetica,tlg001,2,68,νηῶν τʼ ἀγνυμένων· στένεται δʼ ὅλος οἴδματι Νηρεύς·,νηῶν τ’ ἀγνυμένων· στένεται δ’ ὅλος οἴδματι Νηρεύς·,tlg0024.tlg001.perseus-grc2.xml
Cynegetica,tlg001,2,69,"τοῖος καὶ ταύροισιν ἐς αἰθέρα δοῦπος ἱκάνει,","τοῖος καὶ ταύροισιν ἐς αἰθέρα δοῦπος ἱκάνει,",tlg0024.tlg001.perseus-grc2.xml
Cynegetica,tlg001,2,70,"θεινόντων ἄμοτον καὶ θεινομένων κεράεσσιν,","θεινόντων ἄμοτον καὶ θεινομένων κεράεσσιν,",tlg0024.tlg001.perseus-grc2.xml
Cynegetica,tlg001,2,71,εἰσόκε δή τις ἕλῃσι φίλην ἑτεραλκέα νίκην.,εἰσόκε δή τις ἕλῃσι φίλην ἑτεραλκέα νίκην.,tlg0024.tlg001.perseus-grc2.xml
Cynegetica,tlg001,2,72,αὐτὰρ ὅ γʼ οὔτι φέρει δοῦλον ζυγόν· αἰδόμενος δὲ,αὐτὰρ ὅ γ’ οὔτι φέρει δοῦλον ζυγόν· αἰδόμενος δὲ,tlg0024.tlg001.perseus-grc2.xml
Cynegetica,tlg001,2,73,καὶ βαρέα στενάχων ἐπὶ δάσκιον ἤλυθεν ὕλην·,καὶ βαρέα στενάχων ἐπὶ δάσκιον ἤλυθεν ὕλην·,tlg0024.tlg001.perseus-grc2.xml
Cynegetica,tlg001,2,74,οἶος δʼ ἐν σκοπέλοισι περιπλομένων ἐνιαυτῶν,οἶος δ’ ἐν σκοπέλοισι περιπλομένων ἐνιαυτῶν,tlg0024.tlg001.perseus-grc2.xml
Cynegetica,tlg001,2,75,"φέρβετʼ ὀρειαύλοισιν ἀποσταδὸν ἐν ξυλόχοισιν,","φέρβετ’ ὀρειαύλοισιν ἀποσταδὸν ἐν ξυλόχοισιν,",tlg0024.tlg001.perseus-grc2.xml
Cynegetica,tlg001,2,76,οἶά τις ἀθλεύων· βριαρὸν δʼ ὅτε κάρτος ἴδηται,οἶά τις ἀθλεύων· βριαρὸν δ’ ὅτε κάρτος ἴδηται,tlg0024.tlg001.perseus-grc2.xml
Cynegetica,tlg001,2,77,"καὶ σθένος ἀμφήριστον, ἀνέκραγεν αὐτίκʼ ὄρεσφιν·","καὶ σθένος ἀμφήριστον, ἀνέκραγεν αὐτίκ’ ὄρεσφιν·",tlg0024.tlg001.perseus-grc2.xml
Cynegetica,tlg001,2,78,αὐτὰρ ὅγʼ ἀντήϋσεν· ἐπεσμαράγησε δὲ δρυμών·,αὐτὰρ ὅγ’ ἀντήϋσεν· ἐπεσμαράγησε δὲ δρυμών·,tlg0024.tlg001.perseus-grc2.xml
Cynegetica,tlg001,2,79,"ἀλλʼ ὅτε θαρσήσειε κραταιοτέρῃσιν ἀϋταῖς,","ἀλλ’ ὅτε θαρσήσειε κραταιοτέρῃσιν ἀϋταῖς,",tlg0024.tlg001.perseus-grc2.xml
Cynegetica,tlg001,2,80,"δή ῥα τότʼ ἐξ ὀρέων ἐπὶ δήϊον εὐθὺς ἱκάνει,","δή ῥα τότ’ ἐξ ὀρέων ἐπὶ δήϊον εὐθὺς ἱκάνει,",tlg0024.tlg001.perseus-grc2.xml
Cynegetica,tlg001,2,81,ῥεῖα δʼ ἕλεν· φορβαῖς γὰρ ἑὸν δέμας ἐξήσκησε,ῥεῖα δ’ ἕλεν· φορβαῖς γὰρ ἑὸν δέμας ἐξήσκησε,tlg0024.tlg001.perseus-grc2.xml
Cynegetica,tlg001,2,82,τηλόθʼ ἐνὶ δρυμοῖσι σθενοβλαβέος Κυθερείης.,τηλόθ’ ἐνὶ δρυμοῖσι σθενοβλαβέος Κυθερείης.,tlg0024.tlg001.perseus-grc2.xml
Cynegetica,tlg001,2,83,εἴδεα πολλὰ πέλει δὲ καὶ ἤθεα μυρία ταύροις.,εἴδεα πολλὰ πέλει δὲ καὶ ἤθεα μυρία ταύροις.,tlg0024.tlg001.perseus-grc2.xml
Cynegetica,tlg001,2,84,Αἰγύπτου μὲν ἔασι παρʼ ὄχθαις ἀγλαοκάρποις,Αἰγύπτου μὲν ἔασι παρ’ ὄχθαις ἀγλαοκάρποις,tlg0024.tlg001.perseus-grc2.xml
Cynegetica,tlg001,2,85,Νείλου πυροφόροιο πολυσχιδέος ποταμοῖο,Νείλου πυροφόροιο πολυσχιδέος ποταμοῖο,tlg0024.tlg001.perseus-grc2.xml
Cynegetica,tlg001,2,86,"χιόνεοι χροιήν, μέγεθος πάντων ὄχʼ ἄριστοι·","χιόνεοι χροιήν, μέγεθος πάντων ὄχ’ ἄριστοι·",tlg0024.tlg001.perseus-grc2.xml
Cynegetica,tlg001,2,87,φαίης κεν κατὰ γαῖαν ἴμεν βαθυτέρμονα νῆα,φαίης κεν κατὰ γαῖαν ἴμεν βαθυτέρμονα νῆα,tlg0024.tlg001.perseus-grc2.xml
Cynegetica,tlg001,2,88,"ἤπια δὲ φρονέουσι καὶ ἠθάλεοι μερόπεσσιν,","ἤπια δὲ φρονέουσι καὶ ἠθάλεοι μερόπεσσιν,",tlg0024.tlg001.perseus-grc2.xml
Cynegetica,tlg001,2,89,"ὅττι βροτοὶ δʼ ἐνέπουσιν, ἐνηέες ἐξανέχονται.","ὅττι βροτοὶ δ’ ἐνέπουσιν, ἐνηέες ἐξανέχονται.",tlg0024.tlg001.perseus-grc2.xml
Cynegetica,tlg001,2,90,"οἱ Φρύγιοι χροιὴν μὲν ἀριπρεπέες τελέθουσι,","οἱ Φρύγιοι χροιὴν μὲν ἀριπρεπέες τελέθουσι,",tlg0024.tlg001.perseus-grc2.xml
Cynegetica,tlg001,2,91,ξανθοί τε φλογεροί τε· βαθεῖαι δʼ αὐχένι σάρκες·,ξανθοί τε φλογεροί τε· βαθεῖαι δ’ αὐχένι σάρκες·,tlg0024.tlg001.perseus-grc2.xml
Cynegetica,tlg001,2,92,σφαιρωτὸς δʼ ἐφύπερθε μετήορος ὕψι κόρυμβος.,σφαιρωτὸς δ’ ἐφύπερθε μετήορος ὕψι κόρυμβος.,tlg0024.tlg001.perseus-grc2.xml
Cynegetica,tlg001,2,93,ξείνη δʼ ἐν κεράεσσι φύσις κείνοισι τέτυκται·,ξείνη δ’ ἐν κεράεσσι φύσις κείνοισι τέτυκται·,tlg0024.tlg001.perseus-grc2.xml
Cynegetica,tlg001,2,94,"οὐ γάρ τοι κρατερῇσιν ὑπὲρ κεφαλῆφι πέπηγε,","οὐ γάρ τοι κρατερῇσιν ὑπὲρ κεφαλῆφι πέπηγε,",tlg0024.tlg001.perseus-grc2.xml
Cynegetica,tlg001,2,95,κλίνουσιν δὲ κέρατα καὶ ἀγκλίνουσʼ ἑκάτερθε.,κλίνουσιν δὲ κέρατα καὶ ἀγκλίνουσ’ ἑκάτερθε.,tlg0024.tlg001.perseus-grc2.xml
Cynegetica,tlg001,2,96,"μώνυχες Ἀόνιοι, στικτὸν γένος, οἰοκέρωτες,","μώνυχες Ἀόνιοι, στικτὸν γένος, οἰοκέρωτες,",tlg0024.tlg001.perseus-grc2.xml
Cynegetica,tlg001,2,97,ἔκ τε μέσου κέρας αἰνὸν ἐπαντέλλουσι μετώπου.,ἔκ τε μέσου κέρας αἰνὸν ἐπαντέλλουσι μετώπου.,tlg0024.tlg001.perseus-grc2.xml
Cynegetica,tlg001,2,98,Ἀρμενίοις δίδυμον μὲν ἀτὰρ κέας εἱλικόμορφον,Ἀρμενίοις δίδυμον μὲν ἀτὰρ κέας εἱλικόμορφον,tlg0024.tlg001.perseus-grc2.xml
Cynegetica,tlg001,2,99,"αἰχμῇσιν, μέγα πῆμα, παλίστροφον ἠέρτηται.","αἰχμῇσιν, μέγα πῆμα, παλίστροφον ἠέρτηται.",tlg0024.tlg001.perseus-grc2.xml
Cynegetica,tlg001,2,100,"οἱ Σύριοι ταῦροι δέ, Χεροννήσοιο γένεθλα,","οἱ Σύριοι ταῦροι δέ, Χεροννήσοιο γένεθλα,",tlg0024.tlg001.perseus-grc2.xml
Cynegetica,tlg001,2,101,"αἰπεινὴν τοὶ Πέλλαν ἐΰκτιτον ἀμφινέμονται,","αἰπεινὴν τοὶ Πέλλαν ἐΰκτιτον ἀμφινέμονται,",tlg0024.tlg001.perseus-grc2.xml
Cynegetica,tlg001,2,102,"αἴθωνες, κρατεροί, μεγαλήτορες, εὐρυμέτωποι,","αἴθωνες, κρατεροί, μεγαλήτορες, εὐρυμέτωποι,",tlg0024.tlg001.perseus-grc2.xml
Cynegetica,tlg001,2,103,"ἄγραυλοι, σθεναροί, κερααλκέες, ἀγριόθυμοι,","ἄγραυλοι, σθεναροί, κερααλκέες, ἀγριόθυμοι,",tlg0024.tlg001.perseus-grc2.xml
Cynegetica,tlg001,2,104,"μυκηταί, βλοσυροί, ζηλήμονες, εὐρυγένειοι·","μυκηταί, βλοσυροί, ζηλήμονες, εὐρυγένειοι·",tlg0024.tlg001.perseus-grc2.xml
Cynegetica,tlg001,2,105,"ἀλλʼ οὐ πιαλέοι δέμας ἀμφιλαφὲς βαρύθουσιν,","ἀλλ’ οὐ πιαλέοι δέμας ἀμφιλαφὲς βαρύθουσιν,",tlg0024.tlg001.perseus-grc2.xml
Cynegetica,tlg001,2,106,οὐδὲ πάλιν λιπόσαρκοι ἑὸν δέμας ἀδρανέουσιν·,οὐδὲ πάλιν λιπόσαρκοι ἑὸν δέμας ἀδρανέουσιν·,tlg0024.tlg001.perseus-grc2.xml
Cynegetica,tlg001,2,107,"ὧδε θεῶν κλυτὰ δῶρα κερασσάμενοι φορέουσιν,","ὧδε θεῶν κλυτὰ δῶρα κερασσάμενοι φορέουσιν,",tlg0024.tlg001.perseus-grc2.xml
Cynegetica,tlg001,2,108,ἀμφότερον κραιπνοί τε θέειν σθεναροί τε μάχεσθαι·,ἀμφότερον κραιπνοί τε θέειν σθεναροί τε μάχεσθαι·,tlg0024.tlg001.perseus-grc2.xml
Cynegetica,tlg001,2,109,"κεῖνοι, τοὺς φάτις ἔσκε Διὸς γόνον Ἡρακλῆα","κεῖνοι, τοὺς φάτις ἔσκε Διὸς γόνον Ἡρακλῆα",tlg0024.tlg001.perseus-grc2.xml
Cynegetica,tlg001,2,110,"καρτερόν ἀθλεύοντʼ ἀγέμεν πάρος ἐξ Ἐρυθείης,","καρτερόν ἀθλεύοντ’ ἀγέμεν πάρος ἐξ Ἐρυθείης,",tlg0024.tlg001.perseus-grc2.xml
Cynegetica,tlg001,2,111,ὁππότʼ ἐπʼ Ὠκεανῷ δηρίσατο Γηρυονῆϊ,ὁππότ’ ἐπ’ Ὠκεανῷ δηρίσατο Γηρυονῆϊ,tlg0024.tlg001.perseus-grc2.xml
Cynegetica,tlg001,2,112,καἰ κτάνεν ἐν σκοπιῇσιν· ἐπεὶ πόνον ἄλλον ἔμελλεν,καἰ κτάνεν ἐν σκοπιῇσιν· ἐπεὶ πόνον ἄλλον ἔμελλεν,tlg0024.tlg001.perseus-grc2.xml
Cynegetica,tlg001,2,113,"οὐχ Ἥρῃ τελέειν οὐδʼ Εὐρυσθῆος ἐνιπαῖς,","οὐχ Ἥρῃ τελέειν οὐδ’ Εὐρυσθῆος ἐνιπαῖς,",tlg0024.tlg001.perseus-grc2.xml
Cynegetica,tlg001,2,114,"Ἀρχίππῳ δʼ ἑτάρῳ, Πέλλης ἡγήτορι δίης.","Ἀρχίππῳ δ’ ἑτάρῳ, Πέλλης ἡγήτορι δίης.",tlg0024.tlg001.perseus-grc2.xml
Cynegetica,tlg001,2,115,ἦ γάρ τοι προπάροιθε παραὶ πόδας Ἐμβλωνοῖο,ἦ γάρ τοι προπάροιθε παραὶ πόδας Ἐμβλωνοῖο,tlg0024.tlg001.perseus-grc2.xml
Cynegetica,tlg001,2,116,πᾶν πεδίον πελάγιζεν· ἐπεὶ πολὺς αἰὲν Ὀρόντης,πᾶν πεδίον πελάγιζεν· ἐπεὶ πολὺς αἰὲν Ὀρόντης,tlg0024.tlg001.perseus-grc2.xml
Cynegetica,tlg001,2,117,"ἵετʼ ἐπειγόμενος, χαροποῦ δʼ ἐπελήθετο πόντου,","ἵετ’ ἐπειγόμενος, χαροποῦ δ’ ἐπελήθετο πόντου,",tlg0024.tlg001.perseus-grc2.xml
Cynegetica,tlg001,2,118,δαιόμενος Νύμφης κυανώπιδος Ὠκεανίνης·,δαιόμενος Νύμφης κυανώπιδος Ὠκεανίνης·,tlg0024.tlg001.perseus-grc2.xml
Cynegetica,tlg001,2,119,"δήθυνεν δὲ πάγοισι, κάλυπτε δʼ ἐρίσπορον αἶαν","δήθυνεν δὲ πάγοισι, κάλυπτε δ’ ἐρίσπορον αἶαν",tlg0024.tlg001.perseus-grc2.xml
Cynegetica,tlg001,2,120,οὔτι θέλων προλιπεῖν δυσέρωτα πόθον Μελιβοίης.,οὔτι θέλων προλιπεῖν δυσέρωτα πόθον Μελιβοίης.,tlg0024.tlg001.perseus-grc2.xml
Cynegetica,tlg001,2,121,οὔρεσί τʼ ἀμφότερωθε περίδρομος ἐστεφάνωτο,οὔρεσί τ’ ἀμφότερωθε περίδρομος ἐστεφάνωτο,tlg0024.tlg001.perseus-grc2.xml
Cynegetica,tlg001,2,122,τειναμένοις ἑκάτερθεν ἐπʼ ἀλλήλοισι κάρηνα·,τειναμένοις ἑκάτερθεν ἐπ’ ἀλλήλοισι κάρηνα·,tlg0024.tlg001.perseus-grc2.xml
Cynegetica,tlg001,2,123,"ἤϊεν ἀντολίηθε Διόκλειον δέμας αἰπύ,","ἤϊεν ἀντολίηθε Διόκλειον δέμας αἰπύ,",tlg0024.tlg001.perseus-grc2.xml
Cynegetica,tlg001,2,124,"ἐκ δʼ ἄρα δυσμάων λαιὸν κέρας Ἐμβλωνοῖο,","ἐκ δ’ ἄρα δυσμάων λαιὸν κέρας Ἐμβλωνοῖο,",tlg0024.tlg001.perseus-grc2.xml
Cynegetica,tlg001,2,125,"αὐτὸς δʼ ἐν μεσάτοισιν ἐπαιγίζων πεδίοισιν,","αὐτὸς δ’ ἐν μεσάτοισιν ἐπαιγίζων πεδίοισιν,",tlg0024.tlg001.perseus-grc2.xml
Cynegetica,tlg001,2,126,"αἰὲν ἀεξόμενος καὶ τείχεος ἐγγὺς ὁδεύων,","αἰὲν ἀεξόμενος καὶ τείχεος ἐγγὺς ὁδεύων,",tlg0024.tlg001.perseus-grc2.xml
Cynegetica,tlg001,2,127,"χέρσον ὁμοῦ καὶ νῆσον, ἐμὴν πόλιν, ὕδασι χεύων.","χέρσον ὁμοῦ καὶ νῆσον, ἐμὴν πόλιν, ὕδασι χεύων.",tlg0024.tlg001.perseus-grc2.xml
Cynegetica,tlg001,2,128,τοὔνεκεν αὐτίκʼ ἔμελλε Διὸς γόνος ἀμφοτέροισι,τοὔνεκεν αὐτίκ’ ἔμελλε Διὸς γόνος ἀμφοτέροισι,tlg0024.tlg001.perseus-grc2.xml
Cynegetica,tlg001,2,129,"νάματα μετρήσειν ῥοπάλῳ καὶ χερσὶ κραταιαῖς,","νάματα μετρήσειν ῥοπάλῳ καὶ χερσὶ κραταιαῖς,",tlg0024.tlg001.perseus-grc2.xml
Cynegetica,tlg001,2,130,ὕδατα δʼ ἐκ πεδίοιο διακριδὸν ἰθύνεσθαι,ὕδατα δ’ ἐκ πεδίοιο διακριδὸν ἰθύνεσθαι,tlg0024.tlg001.perseus-grc2.xml
Cynegetica,tlg001,2,131,εὐπλοκάμου λίμνης ἠδʼ εὐτροχάλου ποταμοῖο.,εὐπλοκάμου λίμνης ἠδ’ εὐτροχάλου ποταμοῖο.,tlg0024.tlg001.perseus-grc2.xml
Cynegetica,tlg001,2,132,"ἔρξε δὲ πουλὺν ἄεθλον, ἐπεὶ στεφάνην διέκερσεν","ἔρξε δὲ πουλὺν ἄεθλον, ἐπεὶ στεφάνην διέκερσεν",tlg0024.tlg001.perseus-grc2.xml
Cynegetica,tlg001,2,133,"ἀμφιβόλων ὀρέων, λῦσεν δʼ ἄπο λάϊνα δεσμά,","ἀμφιβόλων ὀρέων, λῦσεν δ’ ἄπο λάϊνα δεσμά,",tlg0024.tlg001.perseus-grc2.xml
Cynegetica,tlg001,2,134,"καὶ ποταμὸν προέηκεν ἐρευγόμενον προμολῇσιν,","καὶ ποταμὸν προέηκεν ἐρευγόμενον προμολῇσιν,",tlg0024.tlg001.perseus-grc2.xml
Cynegetica,tlg001,2,135,"ἄσχετα κυμαίνοντα καὶ ἄγρια μορμύροντα,","ἄσχετα κυμαίνοντα καὶ ἄγρια μορμύροντα,",tlg0024.tlg001.perseus-grc2.xml
Cynegetica,tlg001,2,136,ἴθυνεν δʼ ἐπὶ θῖνας· ὁ δʼ ἔβραχεν ἠπύτα πόντος,ἴθυνεν δ’ ἐπὶ θῖνας· ὁ δ’ ἔβραχεν ἠπύτα πόντος,tlg0024.tlg001.perseus-grc2.xml
Cynegetica,tlg001,2,137,καὶ Συρίου κονάβησε μέλαν δέμας αἰγιαλοῖο.,καὶ Συρίου κονάβησε μέλαν δέμας αἰγιαλοῖο.,tlg0024.tlg001.perseus-grc2.xml
Cynegetica,tlg001,2,138,οὐ τοίω γʼ ἑκάτερθε πολυσμαράγοιο θαλάσσης,οὐ τοίω γ’ ἑκάτερθε πολυσμαράγοιο θαλάσσης,tlg0024.tlg001.perseus-grc2.xml
Cynegetica,tlg001,2,139,ἀντιπόρω ποταμὼ καταβαίνετον ὕδατι λάβρῳ·,ἀντιπόρω ποταμὼ καταβαίνετον ὕδατι λάβρῳ·,tlg0024.tlg001.perseus-grc2.xml
Cynegetica,tlg001,2,140,ἔνθεν μὲν Βορέαο τεμὼν ἀργῆτα χαλινὰ,ἔνθεν μὲν Βορέαο τεμὼν ἀργῆτα χαλινὰ,tlg0024.tlg001.perseus-grc2.xml
Cynegetica,tlg001,2,141,"ἂν Σκυθίην Ἴστρος λέλακεν μέγα πάντοθε πάντῃ,","ἂν Σκυθίην Ἴστρος λέλακεν μέγα πάντοθε πάντῃ,",tlg0024.tlg001.perseus-grc2.xml
Cynegetica,tlg001,2,142,συρόμενος κρημνοῖσι καὶ ὑδατοπλήγεσιν ἄκραις·,συρόμενος κρημνοῖσι καὶ ὑδατοπλήγεσιν ἄκραις·,tlg0024.tlg001.perseus-grc2.xml
Cynegetica,tlg001,2,143,τῇ δʼ αὖτʼ ἐκ Λιβύης ἱερὸν ῥόον Αἰγύπτοιο,τῇ δ’ αὖτ’ ἐκ Λιβύης ἱερὸν ῥόον Αἰγύπτοιο,tlg0024.tlg001.perseus-grc2.xml
Cynegetica,tlg001,2,144,ἀμφί ἑ ῥηγνύμενον τρομέει ταναηχέτα πόντος.,ἀμφί ἑ ῥηγνύμενον τρομέει ταναηχέτα πόντος.,tlg0024.tlg001.perseus-grc2.xml
Cynegetica,tlg001,2,145,ὣς ποταμὸς κελάρυζε μέγας περὶ θῖνας Ὀρόντης,ὣς ποταμὸς κελάρυζε μέγας περὶ θῖνας Ὀρόντης,tlg0024.tlg001.perseus-grc2.xml
Cynegetica,tlg001,2,146,σμερδαλέον μύκημα· πελώρια δʼ ἴαχον ἀκταὶ,σμερδαλέον μύκημα· πελώρια δ’ ἴαχον ἀκταὶ,tlg0024.tlg001.perseus-grc2.xml
Cynegetica,tlg001,2,147,δεχνύμεναι κόλποισι νεήλυδος οἶδμα θαλάσσης·,δεχνύμεναι κόλποισι νεήλυδος οἶδμα θαλάσσης·,tlg0024.tlg001.perseus-grc2.xml
Cynegetica,tlg001,2,148,"γαῖα δʼ ἀνέπνευσεν μελανόχροος, οὐθατόεσσα,","γαῖα δ’ ἀνέπνευσεν μελανόχροος, οὐθατόεσσα,",tlg0024.tlg001.perseus-grc2.xml
Cynegetica,tlg001,2,149,"κύματος ἐξαναδῦσα, νέον πέδον Ἡρακλῆος.","κύματος ἐξαναδῦσα, νέον πέδον Ἡρακλῆος.",tlg0024.tlg001.perseus-grc2.xml
Cynegetica,tlg001,2,150,"πάντῃ δʼ εἰσέτι νῦν σταχυηκομέουσιν ἄρουραι,","πάντῃ δ’ εἰσέτι νῦν σταχυηκομέουσιν ἄρουραι,",tlg0024.tlg001.perseus-grc2.xml
Cynegetica,tlg001,2,151,πάντῃ δʼ ἔργα βοῶν θαλερὰς βέβριθεν ἀλωὰς,πάντῃ δ’ ἔργα βοῶν θαλερὰς βέβριθεν ἀλωὰς,tlg0024.tlg001.perseus-grc2.xml
Cynegetica,tlg001,2,152,"Μεμνόνιον περὶ νηόν, ὅθʼ Ἀσσύριοι ναετῆρες","Μεμνόνιον περὶ νηόν, ὅθ’ Ἀσσύριοι ναετῆρες",tlg0024.tlg001.perseus-grc2.xml
Cynegetica,tlg001,2,153,"Μέμνονα κωκύουσι, κλυτὸν γόνον Ἠριγενείης,","Μέμνονα κωκύουσι, κλυτὸν γόνον Ἠριγενείης,",tlg0024.tlg001.perseus-grc2.xml
Cynegetica,tlg001,2,154,ὅν ποτε Πριαμίδῃσιν ἀμυνέμεναι πελάσαντα,ὅν ποτε Πριαμίδῃσιν ἀμυνέμεναι πελάσαντα,tlg0024.tlg001.perseus-grc2.xml
Cynegetica,tlg001,2,155,θαρσαλέος πόσις ὦκα δαμάσσατο Δηϊδαμείης.,θαρσαλέος πόσις ὦκα δαμάσσατο Δηϊδαμείης.,tlg0024.tlg001.perseus-grc2.xml
Cynegetica,tlg001,2,156,ἀλλὰ τὰ μὲν κατὰ κόσμον ἀείσομεν εὐρέα κάλλη,ἀλλὰ τὰ μὲν κατὰ κόσμον ἀείσομεν εὐρέα κάλλη,tlg0024.tlg001.perseus-grc2.xml
Cynegetica,tlg001,2,157,πάτρης ἡμετέρης ἐρατῇ Πιμπληΐδι μολπῇ·,πάτρης ἡμετέρης ἐρατῇ Πιμπληΐδι μολπῇ·,tlg0024.tlg001.perseus-grc2.xml
Cynegetica,tlg001,2,158,νῦν δὲ παλίντροπος εἶμι κλυτὴν θήρειον ἀοιδήν.,νῦν δὲ παλίντροπος εἶμι κλυτὴν θήρειον ἀοιδήν.,tlg0024.tlg001.perseus-grc2.xml
Cynegetica,tlg001,2,159,"ἔστιν ἀμαιμάκετον φονίοις ταύροισι γένεθλον,","ἔστιν ἀμαιμάκετον φονίοις ταύροισι γένεθλον,",tlg0024.tlg001.perseus-grc2.xml
Cynegetica,tlg001,2,160,τοὺς καλέουσι Βίσωνας· ἐπεὶ πάτρης τελέθουσι,τοὺς καλέουσι Βίσωνας· ἐπεὶ πάτρης τελέθουσι,tlg0024.tlg001.perseus-grc2.xml
Cynegetica,tlg001,2,161,Βιστονίδος Θρῄκης· ἀτὰρ ἔλλαχον εἴδεα τοῖα·,Βιστονίδος Θρῄκης· ἀτὰρ ἔλλαχον εἴδεα τοῖα·,tlg0024.tlg001.perseus-grc2.xml
Cynegetica,tlg001,2,162,φρικαλέην χαίτην μὲν ἐπωμαδὸν αἰθύσσουσιν,φρικαλέην χαίτην μὲν ἐπωμαδὸν αἰθύσσουσιν,tlg0024.tlg001.perseus-grc2.xml
Cynegetica,tlg001,2,163,αὐχέσι πιαλέοισι καὶ ἀμφʼ ἀταλοῖσι γενείοις·,αὐχέσι πιαλέοισι καὶ ἀμφ’ ἀταλοῖσι γενείοις·,tlg0024.tlg001.perseus-grc2.xml
Cynegetica,tlg001,2,164,οἷά τε λαχνήεντες ἀριπρεπὲς εἶδος ἔχουσι,οἷά τε λαχνήεντες ἀριπρεπὲς εἶδος ἔχουσι,tlg0024.tlg001.perseus-grc2.xml
Cynegetica,tlg001,2,165,"ξανθοκόμαι, βλοσυροί, θηρῶν μεδέοντε λέοντες·","ξανθοκόμαι, βλοσυροί, θηρῶν μεδέοντε λέοντες·",tlg0024.tlg001.perseus-grc2.xml
Cynegetica,tlg001,2,166,ὀξεῖαι κεράων δὲ πυριγλώχινες ἀκωκαὶ,ὀξεῖαι κεράων δὲ πυριγλώχινες ἀκωκαὶ,tlg0024.tlg001.perseus-grc2.xml
Cynegetica,tlg001,2,167,χαλκείοις γναμπτοῖσιν ἐπείκελοι ἀγκίστροισιν·,χαλκείοις γναμπτοῖσιν ἐπείκελοι ἀγκίστροισιν·,tlg0024.tlg001.perseus-grc2.xml
Cynegetica,tlg001,2,168,"ἀλλʼ, οὐχ ὡς ἑτέροισιν, ἐναντίον ἀλλήλοισι","ἀλλ’, οὐχ ὡς ἑτέροισιν, ἐναντίον ἀλλήλοισι",tlg0024.tlg001.perseus-grc2.xml
Cynegetica,tlg001,2,169,"νεύουσι στυγερῶν κεράων ἐπικάρσιον αἰχμαί,","νεύουσι στυγερῶν κεράων ἐπικάρσιον αἰχμαί,",tlg0024.tlg001.perseus-grc2.xml
Cynegetica,tlg001,2,170,ὕπτια δʼ εἰσορόωντα πρὸς αἰθέρα φοίνια κέντρα.,ὕπτια δ’ εἰσορόωντα πρὸς αἰθέρα φοίνια κέντρα.,tlg0024.tlg001.perseus-grc2.xml
Cynegetica,tlg001,2,171,"τοὔνεκεν, ὁππότε δή τινʼ ἐπιχρίμψωσι κιχόντες","τοὔνεκεν, ὁππότε δή τιν’ ἐπιχρίμψωσι κιχόντες",tlg0024.tlg001.perseus-grc2.xml
Cynegetica,tlg001,2,172,"ἢ βροτὸν ἤ τινα θῆρα, μετήορον ἀείρουσι.","ἢ βροτὸν ἤ τινα θῆρα, μετήορον ἀείρουσι.",tlg0024.tlg001.perseus-grc2.xml
Cynegetica,tlg001,2,173,"γλῶσσα δὲ τοῖς στεινὴ μὲν ἀτὰρ τρηχεῖα μάλιστα,","γλῶσσα δὲ τοῖς στεινὴ μὲν ἀτὰρ τρηχεῖα μάλιστα,",tlg0024.tlg001.perseus-grc2.xml
Cynegetica,tlg001,2,174,οἷα σιδηροβόροιο πέλει τέχνασμα σιδήρου·,οἷα σιδηροβόροιο πέλει τέχνασμα σιδήρου·,tlg0024.tlg001.perseus-grc2.xml
Cynegetica,tlg001,2,175,γλώσσῃ δʼ αἱμάσσοντες ἀπὸ χρόα λιχμάζουσι.,γλώσσῃ δ’ αἱμάσσοντες ἀπὸ χρόα λιχμάζουσι.,tlg0024.tlg001.perseus-grc2.xml
Cynegetica,tlg001,2,176,ναὶ μὴν ὠκυπόδων ἐλάφων γένος ἔτραφεν αἶα,ναὶ μὴν ὠκυπόδων ἐλάφων γένος ἔτραφεν αἶα,tlg0024.tlg001.perseus-grc2.xml
Cynegetica,tlg001,2,177,"εὐκέραον, μεγαλωπόν, ἀριπρεπές, αἰολόνωτον,","εὐκέραον, μεγαλωπόν, ἀριπρεπές, αἰολόνωτον,",tlg0024.tlg001.perseus-grc2.xml
Cynegetica,tlg001,2,178,"στικτόν, ἀρίζηλον, ποταμηπόρον, ὑψικάρηνον,","στικτόν, ἀρίζηλον, ποταμηπόρον, ὑψικάρηνον,",tlg0024.tlg001.perseus-grc2.xml
Cynegetica,tlg001,2,179,πιαλέον νώτοις καὶ λεπταλέον κώλοισιν·,πιαλέον νώτοις καὶ λεπταλέον κώλοισιν·,tlg0024.tlg001.perseus-grc2.xml
Cynegetica,tlg001,2,180,οὐτιδανὴ δειρὴ καὶ βαιοτάτη πάλιν οὐρή·,οὐτιδανὴ δειρὴ καὶ βαιοτάτη πάλιν οὐρή·,tlg0024.tlg001.perseus-grc2.xml
Cynegetica,tlg001,2,181,"τετράδυμοι ῥῖνες, πίσυρες πνοιῇσι δίαυλοι·","τετράδυμοι ῥῖνες, πίσυρες πνοιῇσι δίαυλοι·",tlg0024.tlg001.perseus-grc2.xml
Cynegetica,tlg001,2,182,"ἀβληχρὴ κραδίη καὶ θυμὸς ἔσωθεν ἄναλκις,","ἀβληχρὴ κραδίη καὶ θυμὸς ἔσωθεν ἄναλκις,",tlg0024.tlg001.perseus-grc2.xml
Cynegetica,tlg001,2,183,καὶ κωφαὶ κεράων αἰχμαὶ τόσον ἀντέλλουσιν·,καὶ κωφαὶ κεράων αἰχμαὶ τόσον ἀντέλλουσιν·,tlg0024.tlg001.perseus-grc2.xml
Cynegetica,tlg001,2,184,"οὔ ποτε γὰρ κεφαλῆφιν ἐναντία δηρίσαιντο,","οὔ ποτε γὰρ κεφαλῆφιν ἐναντία δηρίσαιντο,",tlg0024.tlg001.perseus-grc2.xml
Cynegetica,tlg001,2,185,"οὐ θηρσὶ κρατεροῖς, οὐκ ἀργαλέοισι κύνεσσιν,","οὐ θηρσὶ κρατεροῖς, οὐκ ἀργαλέοισι κύνεσσιν,",tlg0024.tlg001.perseus-grc2.xml
Cynegetica,tlg001,2,186,οὐδʼ αὐτοῖς δειλοῖς λασιοκνήμοισι λαγωοῖς.,οὐδ’ αὐτοῖς δειλοῖς λασιοκνήμοισι λαγωοῖς.,tlg0024.tlg001.perseus-grc2.xml
Cynegetica,tlg001,2,187,τρηχὺς δʼ αὖτʼ ἐλάφοισιν ἔρως πολλή τʼ Ἀφροδίτη,τρηχὺς δ’ αὖτ’ ἐλάφοισιν ἔρως πολλή τ’ Ἀφροδίτη,tlg0024.tlg001.perseus-grc2.xml
Cynegetica,tlg001,2,188,"καὶ θυμὸς ποτὶ λέκτρον ἀναιθόμενος πρόπαν ἦμαρ,","καὶ θυμὸς ποτὶ λέκτρον ἀναιθόμενος πρόπαν ἦμαρ,",tlg0024.tlg001.perseus-grc2.xml
Cynegetica,tlg001,2,189,οἷον ἀειθούροισιν ἀλεκτρυόνεσσι μαχηταῖς,οἷον ἀειθούροισιν ἀλεκτρυόνεσσι μαχηταῖς,tlg0024.tlg001.perseus-grc2.xml
Cynegetica,tlg001,2,190,πᾶσίν τʼ ἀνθοκόμοις πτεροείμοσιν οἰωνοῖσι.,πᾶσίν τ’ ἀνθοκόμοις πτεροείμοσιν οἰωνοῖσι.,tlg0024.tlg001.perseus-grc2.xml
Cynegetica,tlg001,2,191,κεύθουσιν λαγόνεσσι δʼ ὑπʼ αὐτὴν ἔνδοθι νηδὺν,κεύθουσιν λαγόνεσσι δ’ ὑπ’ αὐτὴν ἔνδοθι νηδὺν,tlg0024.tlg001.perseus-grc2.xml
Cynegetica,tlg001,2,192,"ἀμφιδύμους ὁλκούς· τοὺς εἴ κέ τις ἀμήσειεν,","ἀμφιδύμους ὁλκούς· τοὺς εἴ κέ τις ἀμήσειεν,",tlg0024.tlg001.perseus-grc2.xml
Cynegetica,tlg001,2,193,"αὐτίκα θῆλυν ἔθηκε, πρόπαν δʼ ἀπέρευσε καρήνων","αὐτίκα θῆλυν ἔθηκε, πρόπαν δ’ ἀπέρευσε καρήνων",tlg0024.tlg001.perseus-grc2.xml
Cynegetica,tlg001,2,194,ὀξύκομον κεράων πολυδαίδαλον αἰόλον ἔρνος.,ὀξύκομον κεράων πολυδαίδαλον αἰόλον ἔρνος.,tlg0024.tlg001.perseus-grc2.xml
Cynegetica,tlg001,2,195,οὐ μὲν ἄρʼ εἰς εὐνὴν γάμιος νόμος οἷά τε θηρσὶ,οὐ μὲν ἄρ’ εἰς εὐνὴν γάμιος νόμος οἷά τε θηρσὶ,tlg0024.tlg001.perseus-grc2.xml
Cynegetica,tlg001,2,196,"τοῖς ἄλλοις, ξεῖνοι δὲ πόθοι κείνοισι μέλονται·","τοῖς ἄλλοις, ξεῖνοι δὲ πόθοι κείνοισι μέλονται·",tlg0024.tlg001.perseus-grc2.xml
Cynegetica,tlg001,2,197,"οὔτε γὰρ ἑσταότες παρὰ τέμπεσιν ἀγρονόμοισιν,","οὔτε γὰρ ἑσταότες παρὰ τέμπεσιν ἀγρονόμοισιν,",tlg0024.tlg001.perseus-grc2.xml
Cynegetica,tlg001,2,198,οὔτʼ ἄρα κεκλιμένοι χθαμαλοῖσιν ἐπʼ ἄνθεσι ποίης,οὔτ’ ἄρα κεκλιμένοι χθαμαλοῖσιν ἐπ’ ἄνθεσι ποίης,tlg0024.tlg001.perseus-grc2.xml
Cynegetica,tlg001,2,199,"θηλυτέραις ἐλάφοισιν ὁμιλαδὸν εὐνάζονται,","θηλυτέραις ἐλάφοισιν ὁμιλαδὸν εὐνάζονται,",tlg0024.tlg001.perseus-grc2.xml
Cynegetica,tlg001,2,200,ἀλλὰ ποσὶ κραιπνοῖσι θέων ἐκίχανε θέουσαν·,ἀλλὰ ποσὶ κραιπνοῖσι θέων ἐκίχανε θέουσαν·,tlg0024.tlg001.perseus-grc2.xml
Cynegetica,tlg001,2,201,φεύγουσαν μάρπτει δὲ καὶ ἀγκὰς ἔχει παράκοιτιν·,φεύγουσαν μάρπτει δὲ καὶ ἀγκὰς ἔχει παράκοιτιν·,tlg0024.tlg001.perseus-grc2.xml
Cynegetica,tlg001,2,202,ἀλλʼ οὐδʼ ὣς παρέπεισε· φέρουσα πόσιν δʼ ἐπὶ νώτου,ἀλλ’ οὐδ’ ὣς παρέπεισε· φέρουσα πόσιν δ’ ἐπὶ νώτου,tlg0024.tlg001.perseus-grc2.xml
Cynegetica,tlg001,2,203,"ἐμμενέως φεύγει, παναμείλιχον ἦτορ ἔχουσα·","ἐμμενέως φεύγει, παναμείλιχον ἦτορ ἔχουσα·",tlg0024.tlg001.perseus-grc2.xml
Cynegetica,tlg001,2,204,αὐτὰρ ὅ γʼ ἑσπόμενος δισσοῖς λαιψηρὰ πόδεσσιν,αὐτὰρ ὅ γ’ ἑσπόμενος δισσοῖς λαιψηρὰ πόδεσσιν,tlg0024.tlg001.perseus-grc2.xml
Cynegetica,tlg001,2,205,"οὐ μεθίησι πόθον, γαμίους δʼ ἐτελέσσατο θεσμούς.","οὐ μεθίησι πόθον, γαμίους δ’ ἐτελέσσατο θεσμούς.",tlg0024.tlg001.perseus-grc2.xml
Cynegetica,tlg001,2,206,ἀλλʼ ὅτε δὴ μετόπισθε περιπλομένῃσι σελήναις,ἀλλ’ ὅτε δὴ μετόπισθε περιπλομένῃσι σελήναις,tlg0024.tlg001.perseus-grc2.xml
Cynegetica,tlg001,2,207,"θηλυτέρη τίκτει, τρίβον ἀνθρώπων ἀλεείνει,","θηλυτέρη τίκτει, τρίβον ἀνθρώπων ἀλεείνει,",tlg0024.tlg001.perseus-grc2.xml
Cynegetica,tlg001,2,208,οὕνεκεν ἀτραπιτοὶ μερόπων θήρεσσι βέβηλοι.,οὕνεκεν ἀτραπιτοὶ μερόπων θήρεσσι βέβηλοι.,tlg0024.tlg001.perseus-grc2.xml
Cynegetica,tlg001,2,209,ἔξοχα δʼ ἐν θήρεσσιν ἐπʼ ἀγλαΐῃ κομόωσιν,ἔξοχα δ’ ἐν θήρεσσιν ἐπ’ ἀγλαΐῃ κομόωσιν,tlg0024.tlg001.perseus-grc2.xml
Cynegetica,tlg001,2,210,"ἄρσενες εὐκέραοι, πολυδαίδαλον ἔρνος ἔχοντες·","ἄρσενες εὐκέραοι, πολυδαίδαλον ἔρνος ἔχοντες·",tlg0024.tlg001.perseus-grc2.xml
Cynegetica,tlg001,2,211,"ἦ γὰρ ἐϋσχιδέων κεράων ὥρησι πεσόντων,","ἦ γὰρ ἐϋσχιδέων κεράων ὥρησι πεσόντων,",tlg0024.tlg001.perseus-grc2.xml
Cynegetica,tlg001,2,212,"βόθρον μὲν κατὰ γαῖαν ὀρυξάμενοι κατέθαψαν,","βόθρον μὲν κατὰ γαῖαν ὀρυξάμενοι κατέθαψαν,",tlg0024.tlg001.perseus-grc2.xml
Cynegetica,tlg001,2,213,ὄφρα κε μή τις ἕλῃσιν ἐπʼ αὔλακος ἀντιβολήσας·,ὄφρα κε μή τις ἕλῃσιν ἐπ’ αὔλακος ἀντιβολήσας·,tlg0024.tlg001.perseus-grc2.xml
Cynegetica,tlg001,2,214,"κεύθονται δʼ αὐτοὶ πυμάτοις λασίοισί τε θάμνοις,","κεύθονται δ’ αὐτοὶ πυμάτοις λασίοισί τε θάμνοις,",tlg0024.tlg001.perseus-grc2.xml
Cynegetica,tlg001,2,215,"αἰδόμενοι θήρεσσι καρήατα τοῖα φανῆναι,","αἰδόμενοι θήρεσσι καρήατα τοῖα φανῆναι,",tlg0024.tlg001.perseus-grc2.xml
Cynegetica,tlg001,2,216,"γυμνά, τά τοι προπάροιθε μετήορον ἀείροντο.","γυμνά, τά τοι προπάροιθε μετήορον ἀείροντο.",tlg0024.tlg001.perseus-grc2.xml
Cynegetica,tlg001,2,217,ἀμφίβιοι δʼ ἔλαφοι· καὶ γὰρ τραφερὴν πατέουσι,ἀμφίβιοι δ’ ἔλαφοι· καὶ γὰρ τραφερὴν πατέουσι,tlg0024.tlg001.perseus-grc2.xml
Cynegetica,tlg001,2,218,"καὶ πόντον περόωσιν, ὁμόστολον ἀλλήλοισι","καὶ πόντον περόωσιν, ὁμόστολον ἀλλήλοισι",tlg0024.tlg001.perseus-grc2.xml
Cynegetica,tlg001,2,219,"ναυτιλίην πλώοντες, ὅτʼ ἐξανύουσι θάλασσαν·","ναυτιλίην πλώοντες, ὅτ’ ἐξανύουσι θάλασσαν·",tlg0024.tlg001.perseus-grc2.xml
Cynegetica,tlg001,2,220,"πρόσθε μὲν εἷς ἐλάφοισιν ἐπὶ στίχας ἡγεμονεύει,","πρόσθε μὲν εἷς ἐλάφοισιν ἐπὶ στίχας ἡγεμονεύει,",tlg0024.tlg001.perseus-grc2.xml
Cynegetica,tlg001,2,221,οἷα κυβερνητὴρ μεθέπων οἰήϊα νηός·,οἷα κυβερνητὴρ μεθέπων οἰήϊα νηός·,tlg0024.tlg001.perseus-grc2.xml
Cynegetica,tlg001,2,222,τῷ δʼ ἕτερος κατὰ νῶτον ἐρειδόμενος μετόπισθε,τῷ δ’ ἕτερος κατὰ νῶτον ἐρειδόμενος μετόπισθε,tlg0024.tlg001.perseus-grc2.xml
Cynegetica,tlg001,2,223,δειρὴν ἠδὲ κάρηνον ὁμαρτεῖ ποντοπορεύων·,δειρὴν ἠδὲ κάρηνον ὁμαρτεῖ ποντοπορεύων·,tlg0024.tlg001.perseus-grc2.xml
Cynegetica,tlg001,2,224,ἄλλος δʼ ἄλλον ἔπειτα φέρων τέμνουσι θάλασσαν.,ἄλλος δ’ ἄλλον ἔπειτα φέρων τέμνουσι θάλασσαν.,tlg0024.tlg001.perseus-grc2.xml
Cynegetica,tlg001,2,225,"ἀλλʼ ὅτε νηχόμενον κάματος πρώτιστον ἕλῃσι,","ἀλλ’ ὅτε νηχόμενον κάματος πρώτιστον ἕλῃσι,",tlg0024.tlg001.perseus-grc2.xml
Cynegetica,tlg001,2,226,"στοῖχον ὁ μὲν προλιπὼν ἔμολεν ποτὶ τέρμα φάλαγγος,","στοῖχον ὁ μὲν προλιπὼν ἔμολεν ποτὶ τέρμα φάλαγγος,",tlg0024.tlg001.perseus-grc2.xml
Cynegetica,tlg001,2,227,παύσατο δʼ ἀγκλινθεὶς ἑτέρῳ βαιὸν καμάτοιο·,παύσατο δ’ ἀγκλινθεὶς ἑτέρῳ βαιὸν καμάτοιο·,tlg0024.tlg001.perseus-grc2.xml
Cynegetica,tlg001,2,228,ἄλλος δʼ αὖτʼ οἴηκας ἔχων ἐπὶ πόντον ὁδεύει·,ἄλλος δ’ αὖτ’ οἴηκας ἔχων ἐπὶ πόντον ὁδεύει·,tlg0024.tlg001.perseus-grc2.xml
Cynegetica,tlg001,2,229,"πάντες δὲ πλώοντες, ἀμοιβαδὶς ἡγεμονῆες,","πάντες δὲ πλώοντες, ἀμοιβαδὶς ἡγεμονῆες,",tlg0024.tlg001.perseus-grc2.xml
Cynegetica,tlg001,2,230,"ποσσὶ μὲν οἷα πλάταισιν ἐρέσσουσιν μέλαν ὕδωρ,","ποσσὶ μὲν οἷα πλάταισιν ἐρέσσουσιν μέλαν ὕδωρ,",tlg0024.tlg001.perseus-grc2.xml
Cynegetica,tlg001,2,231,"ὕψι δʼ ἀνίσχονται κεράων πολυήρατον εἶδος,","ὕψι δ’ ἀνίσχονται κεράων πολυήρατον εἶδος,",tlg0024.tlg001.perseus-grc2.xml
Cynegetica,tlg001,2,232,οἷά τε λαίφεα νηὸς ἐπιτρέψαντες ἀήταις.,οἷά τε λαίφεα νηὸς ἐπιτρέψαντες ἀήταις.,tlg0024.tlg001.perseus-grc2.xml
Cynegetica,tlg001,2,233,ἔχθος δʼ ἀλλήλοισιν ἀνάρσιον αἰὲν ἔχουσι,ἔχθος δ’ ἀλλήλοισιν ἀνάρσιον αἰὲν ἔχουσι,tlg0024.tlg001.perseus-grc2.xml
Cynegetica,tlg001,2,234,"πᾶν ὀφίων ἐλάφων τε γένος, πάντῃ δʼ ἐρεείνει","πᾶν ὀφίων ἐλάφων τε γένος, πάντῃ δ’ ἐρεείνει",tlg0024.tlg001.perseus-grc2.xml
Cynegetica,tlg001,2,235,οὔρεος ἐν βήσσῃς ἔλαφος θρασὺν ἑρπηστῆρα.,οὔρεος ἐν βήσσῃς ἔλαφος θρασὺν ἑρπηστῆρα.,tlg0024.tlg001.perseus-grc2.xml
Cynegetica,tlg001,2,236,ἀλλʼ ὅτʼ ἴδῃ στροφάλιγξιν ὑφαινόμενον δολιχῇσιν,ἀλλ’ ὅτ’ ἴδῃ στροφάλιγξιν ὑφαινόμενον δολιχῇσιν,tlg0024.tlg001.perseus-grc2.xml
Cynegetica,tlg001,2,237,"ἴχνος ὀφιόνεον, μέγα καγχαλόων ἀφικάνει","ἴχνος ὀφιόνεον, μέγα καγχαλόων ἀφικάνει",tlg0024.tlg001.perseus-grc2.xml
Cynegetica,tlg001,2,238,"ἆσσον φωλειοῦ, ῥῖνας δʼ ἐπεθήκατο χειῇ,","ἆσσον φωλειοῦ, ῥῖνας δ’ ἐπεθήκατο χειῇ,",tlg0024.tlg001.perseus-grc2.xml
Cynegetica,tlg001,2,239,πνοιῇσι λάβρῃσιν ἐφελκόμενος ποτὶ δῆριν,πνοιῇσι λάβρῃσιν ἐφελκόμενος ποτὶ δῆριν,tlg0024.tlg001.perseus-grc2.xml
Cynegetica,tlg001,2,240,ἑρπετὸν οὐλόμενον· τὸν δʼ οὐκ ἐθέλοντα μάχεσθαι,ἑρπετὸν οὐλόμενον· τὸν δ’ οὐκ ἐθέλοντα μάχεσθαι,tlg0024.tlg001.perseus-grc2.xml
Cynegetica,tlg001,2,241,ἆσθμα βιησάμενον μυχάτης ἐξείρυσεν εὐνῆς·,ἆσθμα βιησάμενον μυχάτης ἐξείρυσεν εὐνῆς·,tlg0024.tlg001.perseus-grc2.xml
Cynegetica,tlg001,2,242,"αἶψα γὰρ εἴσιδεν ἐχθρόν, ἐς αἰθέρα θʼ ὑψόσʼ ἀείρει","αἶψα γὰρ εἴσιδεν ἐχθρόν, ἐς αἰθέρα θ’ ὑψόσ’ ἀείρει",tlg0024.tlg001.perseus-grc2.xml
Cynegetica,tlg001,2,243,"λευγαλέην δειρήν· λευκοὺς δʼ ὑπέσηρεν ὀδόντας,","λευγαλέην δειρήν· λευκοὺς δ’ ὑπέσηρεν ὀδόντας,",tlg0024.tlg001.perseus-grc2.xml
Cynegetica,tlg001,2,244,ὀξέα πεφρίκοντας· ἐπικροτέει δὲ γένειον,ὀξέα πεφρίκοντας· ἐπικροτέει δὲ γένειον,tlg0024.tlg001.perseus-grc2.xml
Cynegetica,tlg001,2,245,πυκνοῖς φυσιόων συρίγμασιν ἰοφόρος θήρ.,πυκνοῖς φυσιόων συρίγμασιν ἰοφόρος θήρ.,tlg0024.tlg001.perseus-grc2.xml
Cynegetica,tlg001,2,246,"αὐτίκα δʼ αὖτʼ ἔλαφος, καὶ μειδιόωντι ἐοικώς,","αὐτίκα δ’ αὖτ’ ἔλαφος, καὶ μειδιόωντι ἐοικώς,",tlg0024.tlg001.perseus-grc2.xml
Cynegetica,tlg001,2,247,"δαιτρεύει στομάτεσσιν ἐτώσια δηριόωντα,","δαιτρεύει στομάτεσσιν ἐτώσια δηριόωντα,",tlg0024.tlg001.perseus-grc2.xml
Cynegetica,tlg001,2,248,καί μιν ἑλισσόμενον περὶ γούνασιν ἀμφί τε δειρὴν,καί μιν ἑλισσόμενον περὶ γούνασιν ἀμφί τε δειρὴν,tlg0024.tlg001.perseus-grc2.xml
Cynegetica,tlg001,2,249,ἐμμενέως δάπτει· κατὰ δὲ χθονὶ πολλὰ κέχυνται,ἐμμενέως δάπτει· κατὰ δὲ χθονὶ πολλὰ κέχυνται,tlg0024.tlg001.perseus-grc2.xml
Cynegetica,tlg001,2,250,λείψανα παιφάσσοντα καὶ ἀσπαίροντα φόνοισι.,λείψανα παιφάσσοντα καὶ ἀσπαίροντα φόνοισι.,tlg0024.tlg001.perseus-grc2.xml
Cynegetica,tlg001,2,251,καί κε τάχʼ οἰκτείρειας ἀπηνέα περ μάλʼ ἐόντα,καί κε τάχ’ οἰκτείρειας ἀπηνέα περ μάλ’ ἐόντα,tlg0024.tlg001.perseus-grc2.xml
Cynegetica,tlg001,2,252,ὠμηστῆρα ῥιφέντα πολυτμήτοισι φόνοισι.,ὠμηστῆρα ῥιφέντα πολυτμήτοισι φόνοισι.,tlg0024.tlg001.perseus-grc2.xml
Cynegetica,tlg001,2,253,ἱπποβότου Λιβύης δʼ ἐπὶ τέρμασι πουλὺς ἀλᾶται,ἱπποβότου Λιβύης δ’ ἐπὶ τέρμασι πουλὺς ἀλᾶται,tlg0024.tlg001.perseus-grc2.xml
Cynegetica,tlg001,2,254,ἄσπετος οὐλόμενος στρατὸς αἰόλος ἑρπηστήρων·,ἄσπετος οὐλόμενος στρατὸς αἰόλος ἑρπηστήρων·,tlg0024.tlg001.perseus-grc2.xml
Cynegetica,tlg001,2,255,ἀλλʼ ὅτε δὴ κλινθεὶς ἔλαφος ψαμαθώδεσιν ἄκραις,ἀλλ’ ὅτε δὴ κλινθεὶς ἔλαφος ψαμαθώδεσιν ἄκραις,tlg0024.tlg001.perseus-grc2.xml
Cynegetica,tlg001,2,256,"οἶος ἔῃ, τῷδʼ αὐτίκʼ ἐπέσσυτο πάντοθεν ἐχθρὸς","οἶος ἔῃ, τῷδ’ αὐτίκ’ ἐπέσσυτο πάντοθεν ἐχθρὸς",tlg0024.tlg001.perseus-grc2.xml
Cynegetica,tlg001,2,257,ἑσμὸς ἀπειρεσίων ὀφίων στυγεραί τε φάλαγγες,ἑσμὸς ἀπειρεσίων ὀφίων στυγεραί τε φάλαγγες,tlg0024.tlg001.perseus-grc2.xml
Cynegetica,tlg001,2,258,"ἰοτόκοι· ῥινῷ δὲ πικροὺς ἐνέρεισαν ὀδόντας,","ἰοτόκοι· ῥινῷ δὲ πικροὺς ἐνέρεισαν ὀδόντας,",tlg0024.tlg001.perseus-grc2.xml
Cynegetica,tlg001,2,259,ἅψεα πάντʼ ἐλάφοιο περισταδὸν ἀμφιχυθέντες·,ἅψεα πάντ’ ἐλάφοιο περισταδὸν ἀμφιχυθέντες·,tlg0024.tlg001.perseus-grc2.xml
Cynegetica,tlg001,2,260,"οἱ μὲν γάρ τʼ, ἐφύπερθεν ἐπιστρέψαντε κάρηνον,","οἱ μὲν γάρ τ’, ἐφύπερθεν ἐπιστρέψαντε κάρηνον,",tlg0024.tlg001.perseus-grc2.xml
Cynegetica,tlg001,2,261,"ὀφρύας ἠδὲ μέτωπον ἐνιπρίουσι γένυσσιν,","ὀφρύας ἠδὲ μέτωπον ἐνιπρίουσι γένυσσιν,",tlg0024.tlg001.perseus-grc2.xml
Cynegetica,tlg001,2,262,οἱ δʼ ἄρα λεπταλέην δειρὴν καὶ στέρνον ἔνερθε,οἱ δ’ ἄρα λεπταλέην δειρὴν καὶ στέρνον ἔνερθε,tlg0024.tlg001.perseus-grc2.xml
Cynegetica,tlg001,2,263,"καὶ λαγόνας νηδύν τε διὰ στόμα δαιτρεύουσιν,","καὶ λαγόνας νηδύν τε διὰ στόμα δαιτρεύουσιν,",tlg0024.tlg001.perseus-grc2.xml
Cynegetica,tlg001,2,264,"ἄλλοι δʼ αὖθʼ ἑκάτερθε περὶ πλευρῇσιν ἔχονται,","ἄλλοι δ’ αὖθ’ ἑκάτερθε περὶ πλευρῇσιν ἔχονται,",tlg0024.tlg001.perseus-grc2.xml
Cynegetica,tlg001,2,265,"μηροὺς δʼ αὖθʼ ἕτεροι καὶ νῶτον ὕπερθε νέμονται,","μηροὺς δ’ αὖθ’ ἕτεροι καὶ νῶτον ὕπερθε νέμονται,",tlg0024.tlg001.perseus-grc2.xml
Cynegetica,tlg001,2,266,ἄλλος δʼ ἄλλοθεν ἐχθρὰ πεπαρμένος ᾐώρηται.,ἄλλος δ’ ἄλλοθεν ἐχθρὰ πεπαρμένος ᾐώρηται.,tlg0024.tlg001.perseus-grc2.xml
Cynegetica,tlg001,2,267,αὐτὰρ ὁ παντοίῃσι περιπληθὴς ὀδύνῃσι,αὐτὰρ ὁ παντοίῃσι περιπληθὴς ὀδύνῃσι,tlg0024.tlg001.perseus-grc2.xml
Cynegetica,tlg001,2,268,"πρῶτα μὲν ἐκφυγέειν ἐθέλει κραιπνοῖσι πόδεσσιν,","πρῶτα μὲν ἐκφυγέειν ἐθέλει κραιπνοῖσι πόδεσσιν,",tlg0024.tlg001.perseus-grc2.xml
Cynegetica,tlg001,2,269,ἀλλʼ οὐ κάρτος ἔχει· τοῖός μιν ἀθέσφατος ὄχλος,ἀλλ’ οὐ κάρτος ἔχει· τοῖός μιν ἀθέσφατος ὄχλος,tlg0024.tlg001.perseus-grc2.xml
Cynegetica,tlg001,2,270,αἰόλος ἀμφιέπει δυσπαίπαλος ἑρπηστήρων.,αἰόλος ἀμφιέπει δυσπαίπαλος ἑρπηστήρων.,tlg0024.tlg001.perseus-grc2.xml
Cynegetica,tlg001,2,271,"δὴ τότε δὴ βαρύθων ἔστη κρατερῆς ὑπʼ ἀνάγκης,","δὴ τότε δὴ βαρύθων ἔστη κρατερῆς ὑπ’ ἀνάγκης,",tlg0024.tlg001.perseus-grc2.xml
Cynegetica,tlg001,2,272,δάπτει δὲ στομάτεσσιν ἀπείριτα δήϊα φῦλα,δάπτει δὲ στομάτεσσιν ἀπείριτα δήϊα φῦλα,tlg0024.tlg001.perseus-grc2.xml
Cynegetica,tlg001,2,273,βεβρυχὼς ὀδύνῃσιν· ἐπιστροφάδην δʼ ἑκάτερθεν,βεβρυχὼς ὀδύνῃσιν· ἐπιστροφάδην δ’ ἑκάτερθεν,tlg0024.tlg001.perseus-grc2.xml
Cynegetica,tlg001,2,274,οὐδὲν ἀλευόμενον γένος ἑρπετόεν κεραΐζει.,οὐδὲν ἀλευόμενον γένος ἑρπετόεν κεραΐζει.,tlg0024.tlg001.perseus-grc2.xml
Cynegetica,tlg001,2,275,"κεῖνοι δʼ οὐ μεθιᾶσι, διολλύμενοι δὲ μένουσιν,","κεῖνοι δ’ οὐ μεθιᾶσι, διολλύμενοι δὲ μένουσιν,",tlg0024.tlg001.perseus-grc2.xml
Cynegetica,tlg001,2,276,ἄτροπον ἦτορ ἔχοντες ἀναιδείῃσι νόοιο·,ἄτροπον ἦτορ ἔχοντες ἀναιδείῃσι νόοιο·,tlg0024.tlg001.perseus-grc2.xml
Cynegetica,tlg001,2,277,"καὶ τοὺς μὲν γενύεσσι διέσχισε, τοὺς δὲ πόδεοσι","καὶ τοὺς μὲν γενύεσσι διέσχισε, τοὺς δὲ πόδεοσι",tlg0024.tlg001.perseus-grc2.xml
Cynegetica,tlg001,2,278,"καὶ χηλῇσιν ὄλεσσε, ῥέει δʼ ἐπὶ γαῖαν ἀτέρμων","καὶ χηλῇσιν ὄλεσσε, ῥέει δ’ ἐπὶ γαῖαν ἀτέρμων",tlg0024.tlg001.perseus-grc2.xml
Cynegetica,tlg001,2,279,ἰχὼρ αἱματόεις ὀφίων ἄπο· γυῖα δὲ θηρῶν,ἰχὼρ αἱματόεις ὀφίων ἄπο· γυῖα δὲ θηρῶν,tlg0024.tlg001.perseus-grc2.xml
Cynegetica,tlg001,2,280,ἅψεά θʼ ἡμίβρωτα κατὰ χθονὸς ἀσπαίρουσιν·,ἅψεά θ’ ἡμίβρωτα κατὰ χθονὸς ἀσπαίρουσιν·,tlg0024.tlg001.perseus-grc2.xml
Cynegetica,tlg001,2,281,ἄλλα δʼ ἐνὶ πλευρῇς θλίβει πάλιν ἡμιδάϊκτα·,ἄλλα δ’ ἐνὶ πλευρῇς θλίβει πάλιν ἡμιδάϊκτα·,tlg0024.tlg001.perseus-grc2.xml
Cynegetica,tlg001,2,282,"καὶ φθίμενοι γὰρ ἔχουσιν ἔτι κρατεροῖσιν ὀδοῦσι,","καὶ φθίμενοι γὰρ ἔχουσιν ἔτι κρατεροῖσιν ὀδοῦσι,",tlg0024.tlg001.perseus-grc2.xml
Cynegetica,tlg001,2,283,ῥινῷ δʼ ἐμπεφυῶτα καρήατα μοῦνα μέμυκεν.,ῥινῷ δ’ ἐμπεφυῶτα καρήατα μοῦνα μέμυκεν.,tlg0024.tlg001.perseus-grc2.xml
Cynegetica,tlg001,2,284,"αὐτὰρ ὁ γινώσκων θεόθεν τόπερ ἔλλαχε δῶρον,","αὐτὰρ ὁ γινώσκων θεόθεν τόπερ ἔλλαχε δῶρον,",tlg0024.tlg001.perseus-grc2.xml
Cynegetica,tlg001,2,285,πάντῃ μαστεύει δνοφερὸν ποταμοῖο ῥέεθρον·,πάντῃ μαστεύει δνοφερὸν ποταμοῖο ῥέεθρον·,tlg0024.tlg001.perseus-grc2.xml
Cynegetica,tlg001,2,286,κεῖθεν καρκινάδας δὲ φίλαις γενύεσσι δαμάσσας,κεῖθεν καρκινάδας δὲ φίλαις γενύεσσι δαμάσσας,tlg0024.tlg001.perseus-grc2.xml
Cynegetica,tlg001,2,287,φάρμακον αὐτοδίδακτον ἔχει πολυπήμονος ἄτης·,φάρμακον αὐτοδίδακτον ἔχει πολυπήμονος ἄτης·,tlg0024.tlg001.perseus-grc2.xml
Cynegetica,tlg001,2,288,αἶψα δὲ πικράων μὲν ἐπὶ χθόνα λείψανα θηρῶν,αἶψα δὲ πικράων μὲν ἐπὶ χθόνα λείψανα θηρῶν,tlg0024.tlg001.perseus-grc2.xml
Cynegetica,tlg001,2,289,"ἐξέπεσεν ῥινοῖο παραὶ πόδας αὐτοκύλιστα,","ἐξέπεσεν ῥινοῖο παραὶ πόδας αὐτοκύλιστα,",tlg0024.tlg001.perseus-grc2.xml
Cynegetica,tlg001,2,290,ὠτειλαὶ δʼ ἑκάτερθεν ἐπιμύουσιν ὀδόντων.,ὠτειλαὶ δ’ ἑκάτερθεν ἐπιμύουσιν ὀδόντων.,tlg0024.tlg001.perseus-grc2.xml
Cynegetica,tlg001,2,291,ζώει δʼ αὖτʼ ἔλαφος δηρὸν χρόνον· ἀτρεκέως δὲ,ζώει δ’ αὖτ’ ἔλαφος δηρὸν χρόνον· ἀτρεκέως δὲ,tlg0024.tlg001.perseus-grc2.xml
Cynegetica,tlg001,2,292,ἀνθρώπων γενεή μιν ἐφήμισε τετρακόρωνον.,ἀνθρώπων γενεή μιν ἐφήμισε τετρακόρωνον.,tlg0024.tlg001.perseus-grc2.xml
Cynegetica,tlg001,2,293,ἄλλους δʼ αὖ καλέουσι βροτοὶ πάλιν εὐρυκέρωτας·,ἄλλους δ’ αὖ καλέουσι βροτοὶ πάλιν εὐρυκέρωτας·,tlg0024.tlg001.perseus-grc2.xml
Cynegetica,tlg001,2,294,"πάντʼ ἔλαφοι τελέθουσι, φύσιν κεράων δʼ ἐφύπερθεν,","πάντ’ ἔλαφοι τελέθουσι, φύσιν κεράων δ’ ἐφύπερθεν,",tlg0024.tlg001.perseus-grc2.xml
Cynegetica,tlg001,2,295,"οἵην τοὔνομα θηρσὶ κατηγορέει, φορέουσι.","οἵην τοὔνομα θηρσὶ κατηγορέει, φορέουσι.",tlg0024.tlg001.perseus-grc2.xml
Cynegetica,tlg001,2,296,τοὺς δʼ ἄρα κικλήσκουσιν ἐνὶ ξυλόχοισιν ἰόρκους·,τοὺς δ’ ἄρα κικλήσκουσιν ἐνὶ ξυλόχοισιν ἰόρκους·,tlg0024.tlg001.perseus-grc2.xml
Cynegetica,tlg001,2,297,"κἀκείνοις ἐλάφοιο δέμας, ῥινὸν δʼ ἐπὶ νώτῳ","κἀκείνοις ἐλάφοιο δέμας, ῥινὸν δ’ ἐπὶ νώτῳ",tlg0024.tlg001.perseus-grc2.xml
Cynegetica,tlg001,2,298,"στικτὸν ἅπαντα φέρουσι παναίολον, οἶά τε θηρῶν","στικτὸν ἅπαντα φέρουσι παναίολον, οἶά τε θηρῶν",tlg0024.tlg001.perseus-grc2.xml
Cynegetica,tlg001,2,299,πορδαλίων σφραγῖδες ἐπὶ χροῒ μαρμαίρουσι.,πορδαλίων σφραγῖδες ἐπὶ χροῒ μαρμαίρουσι.,tlg0024.tlg001.perseus-grc2.xml
Cynegetica,tlg001,2,300,"Βούβαλος αὖτε πέλει μείων δέμας εὐρυκέρωτος,","Βούβαλος αὖτε πέλει μείων δέμας εὐρυκέρωτος,",tlg0024.tlg001.perseus-grc2.xml
Cynegetica,tlg001,2,301,"μείων εὐρυκέρωτος, ἀτὰρ δόρκου μέγʼ ἀρείων·","μείων εὐρυκέρωτος, ἀτὰρ δόρκου μέγ’ ἀρείων·",tlg0024.tlg001.perseus-grc2.xml
Cynegetica,tlg001,2,302,"ὄμμασιν αἰγλήεις, ἐρατὸς χρόα, φαιδρὸς ἰδέσθαι·","ὄμμασιν αἰγλήεις, ἐρατὸς χρόα, φαιδρὸς ἰδέσθαι·",tlg0024.tlg001.perseus-grc2.xml
Cynegetica,tlg001,2,303,καὶ κεράων ὀρθαὶ μὲν ἀπὸ κρατὸς πεφύασιν,καὶ κεράων ὀρθαὶ μὲν ἀπὸ κρατὸς πεφύασιν,tlg0024.tlg001.perseus-grc2.xml
Cynegetica,tlg001,2,304,"ἀκρέμονες προτενεῖς, ὑψοῦ δʼ αὖθις ποτὶ νῶτον","ἀκρέμονες προτενεῖς, ὑψοῦ δ’ αὖθις ποτὶ νῶτον",tlg0024.tlg001.perseus-grc2.xml
Cynegetica,tlg001,2,305,ἄψορρον νεύουσι παλιγνάμπτοισιν ἀκωκαῖς.,ἄψορρον νεύουσι παλιγνάμπτοισιν ἀκωκαῖς.,tlg0024.tlg001.perseus-grc2.xml
Cynegetica,tlg001,2,306,ἔξοχα δʼ αὖ τόδε φῦλον ἑὸν δόμον ἀμφαγαπάζει,ἔξοχα δ’ αὖ τόδε φῦλον ἑὸν δόμον ἀμφαγαπάζει,tlg0024.tlg001.perseus-grc2.xml
Cynegetica,tlg001,2,307,ἠθαλέας τʼ εὐνὰς φίλιόν τε νάπεσσι μέλαθρον·,ἠθαλέας τ’ εὐνὰς φίλιόν τε νάπεσσι μέλαθρον·,tlg0024.tlg001.perseus-grc2.xml
Cynegetica,tlg001,2,308,εἰ δέ τέ μιν στρεπτῇσι πεδήσαντες βροχίδεσσιν,εἰ δέ τέ μιν στρεπτῇσι πεδήσαντες βροχίδεσσιν,tlg0024.tlg001.perseus-grc2.xml
Cynegetica,tlg001,2,309,"ἀγρευτῆρες ἄγοιεν ἐπʼ ἄλλους αὐτίκα χώρους,","ἀγρευτῆρες ἄγοιεν ἐπ’ ἄλλους αὐτίκα χώρους,",tlg0024.tlg001.perseus-grc2.xml
Cynegetica,tlg001,2,310,"τηλόθι δʼ ἐν βήσσῃσιν ἐλεύθερον αὖθι λίποιεν,","τηλόθι δ’ ἐν βήσσῃσιν ἐλεύθερον αὖθι λίποιεν,",tlg0024.tlg001.perseus-grc2.xml
Cynegetica,tlg001,2,311,"ῥεῖα ποτὶ γλυκερὸν δόμον ἤλυθεν, ᾗχι ναίεσκεν,","ῥεῖα ποτὶ γλυκερὸν δόμον ἤλυθεν, ᾗχι ναίεσκεν,",tlg0024.tlg001.perseus-grc2.xml
Cynegetica,tlg001,2,312,οὐδʼ ἔτλη ξεῖνός τις ἐπʼ ἀλλοδαποῖσιν ἀλᾶσθαι.,οὐδ’ ἔτλη ξεῖνός τις ἐπ’ ἀλλοδαποῖσιν ἀλᾶσθαι.,tlg0024.tlg001.perseus-grc2.xml
Cynegetica,tlg001,2,313,"οὐκ ἄρα τοι μούνοισι φίλη πάτρη μερόπεσσι,","οὐκ ἄρα τοι μούνοισι φίλη πάτρη μερόπεσσι,",tlg0024.tlg001.perseus-grc2.xml
Cynegetica,tlg001,2,314,καὶ βαλίων δὲ πόθος τις ἐνέστακται φρεσὶ θηρῶν.,καὶ βαλίων δὲ πόθος τις ἐνέστακται φρεσὶ θηρῶν.,tlg0024.tlg001.perseus-grc2.xml
Cynegetica,tlg001,2,315,ναὶ μὴν ὠκυτάτων δόρκων ἀρίδηλα γένεθλα,ναὶ μὴν ὠκυτάτων δόρκων ἀρίδηλα γένεθλα,tlg0024.tlg001.perseus-grc2.xml
Cynegetica,tlg001,2,316,μορφήν τʼ ἴδμεν ἅπαντες ὁμῶς μέγεθός τε καὶ ἀλκήν.,μορφήν τ’ ἴδμεν ἅπαντες ὁμῶς μέγεθός τε καὶ ἀλκήν.,tlg0024.tlg001.perseus-grc2.xml
Cynegetica,tlg001,2,317,"πέρδικες θοῦροι δὲ πυρώπεες, αἰολόδειροι,","πέρδικες θοῦροι δὲ πυρώπεες, αἰολόδειροι,",tlg0024.tlg001.perseus-grc2.xml
Cynegetica,tlg001,2,318,"δόρκοισιν φιλίην παρὰ τέμπεσιν ἐσπείσαντο,","δόρκοισιν φιλίην παρὰ τέμπεσιν ἐσπείσαντο,",tlg0024.tlg001.perseus-grc2.xml
Cynegetica,tlg001,2,319,"ἠθαλέοι τε πέλουσι καὶ ἀλλήλοισιν ὅμαυλοι,","ἠθαλέοι τε πέλουσι καὶ ἀλλήλοισιν ὅμαυλοι,",tlg0024.tlg001.perseus-grc2.xml
Cynegetica,tlg001,2,320,"εὐνάς τʼ ἐγγὺς ἔχουσι, καὶ οὐκ ἀπάνευθε νέμονται.","εὐνάς τ’ ἐγγὺς ἔχουσι, καὶ οὐκ ἀπάνευθε νέμονται.",tlg0024.tlg001.perseus-grc2.xml
Cynegetica,tlg001,2,321,ἦ μάλα δὴ μετόπισθεν ἑταιρείης τάχα πικρῆς,ἦ μάλα δὴ μετόπισθεν ἑταιρείης τάχα πικρῆς,tlg0024.tlg001.perseus-grc2.xml
Cynegetica,tlg001,2,322,"καὶ φιλίης ἀπέλαυσαν ἀμειδέος, ὁππότε φῶτες","καὶ φιλίης ἀπέλαυσαν ἀμειδέος, ὁππότε φῶτες",tlg0024.tlg001.perseus-grc2.xml
Cynegetica,tlg001,2,323,"κερδαλέοι δειλοῖσιν ἐπίφρονα μητίσαιντο,","κερδαλέοι δειλοῖσιν ἐπίφρονα μητίσαιντο,",tlg0024.tlg001.perseus-grc2.xml
Cynegetica,tlg001,2,324,"πέρδικας δόρκοισι φίλοις ἀπατήλια θέντες,","πέρδικας δόρκοισι φίλοις ἀπατήλια θέντες,",tlg0024.tlg001.perseus-grc2.xml
Cynegetica,tlg001,2,325,ἔμπαλι δʼ αὖ δόρκους ἑτάροις ἴσα περδίκεσσιν.,ἔμπαλι δ’ αὖ δόρκους ἑτάροις ἴσα περδίκεσσιν.,tlg0024.tlg001.perseus-grc2.xml
Cynegetica,tlg001,2,326,αἰγῶν δʼ αὖτε πέλει προβάτων τε πανάγρια φῦλα,αἰγῶν δ’ αὖτε πέλει προβάτων τε πανάγρια φῦλα,tlg0024.tlg001.perseus-grc2.xml
Cynegetica,tlg001,2,327,οὐ πολλὸν τούτων ὀΐων λασίων τε χιμαιρῶν,οὐ πολλὸν τούτων ὀΐων λασίων τε χιμαιρῶν,tlg0024.tlg001.perseus-grc2.xml
Cynegetica,tlg001,2,328,"μείζονες, ἀλλὰ θέειν κραιπνοὶ σθεναροί τε μάχεσθαι,","μείζονες, ἀλλὰ θέειν κραιπνοὶ σθεναροί τε μάχεσθαι,",tlg0024.tlg001.perseus-grc2.xml
Cynegetica,tlg001,2,329,στρεπτοῖσιν κεφαλῆφι κορυσσόμενοι κεράεσσι.,στρεπτοῖσιν κεφαλῆφι κορυσσόμενοι κεράεσσι.,tlg0024.tlg001.perseus-grc2.xml
Cynegetica,tlg001,2,330,κάρτος δʼ αὖτʼ ὀΐεσσιν ἐν ἀργαλέοισι μετώποις·,κάρτος δ’ αὖτ’ ὀΐεσσιν ἐν ἀργαλέοισι μετώποις·,tlg0024.tlg001.perseus-grc2.xml
Cynegetica,tlg001,2,331,πολλάκι δʼ ὁρμηθέντες ἐνὶ ξυλόχοισιν ἔθηκαν,πολλάκι δ’ ὁρμηθέντες ἐνὶ ξυλόχοισιν ἔθηκαν,tlg0024.tlg001.perseus-grc2.xml
Cynegetica,tlg001,2,332,καὶ σύας αἰθυκτῆρας ἐπὶ χθονὸς ἀσπαίροντας.,καὶ σύας αἰθυκτῆρας ἐπὶ χθονὸς ἀσπαίροντας.,tlg0024.tlg001.perseus-grc2.xml
Cynegetica,tlg001,2,333,ἔστι δʼ ὅτʼ ἀλλήλοισιν ἐναντίον ἀΐξαντες,ἔστι δ’ ὅτ’ ἀλλήλοισιν ἐναντίον ἀΐξαντες,tlg0024.tlg001.perseus-grc2.xml
Cynegetica,tlg001,2,334,μάρνανται· κρατερὸς δὲ πρὸς αἰθέρα δοῦπος ἱκάνει·,μάρνανται· κρατερὸς δὲ πρὸς αἰθέρα δοῦπος ἱκάνει·,tlg0024.tlg001.perseus-grc2.xml
Cynegetica,tlg001,2,335,"οὐδέ τʼ ἀλεύασθαι θέμις ἔπλετο δήϊον αὐτοῖς,","οὐδέ τ’ ἀλεύασθαι θέμις ἔπλετο δήϊον αὐτοῖς,",tlg0024.tlg001.perseus-grc2.xml
Cynegetica,tlg001,2,336,νίκην δʼ ἀλλήλοις φορέειν ἀτίνακτος ἀνάγκη,νίκην δ’ ἀλλήλοις φορέειν ἀτίνακτος ἀνάγκη,tlg0024.tlg001.perseus-grc2.xml
Cynegetica,tlg001,2,337,ἠὲ νέκυν κεῖσθαι· τοῖον σφίσι νεῖκος ὄρωρεν.,ἠὲ νέκυν κεῖσθαι· τοῖον σφίσι νεῖκος ὄρωρεν.,tlg0024.tlg001.perseus-grc2.xml
Cynegetica,tlg001,2,338,Αἰγάγροις δέ τίς ἐστι διʼ αὐτῶν αὐλὸς ὀδόντων,Αἰγάγροις δέ τίς ἐστι δι’ αὐτῶν αὐλὸς ὀδόντων,tlg0024.tlg001.perseus-grc2.xml
Cynegetica,tlg001,2,339,"λεπταλέος πνοιῆς, κεράων μέσον, ἔνθεν ἔπειτα","λεπταλέος πνοιῆς, κεράων μέσον, ἔνθεν ἔπειτα",tlg0024.tlg001.perseus-grc2.xml
Cynegetica,tlg001,2,340,αὐτὴν ἐς κραδίην καὶ πνεύμονας εὐθὺς ἱκάνει·,αὐτὴν ἐς κραδίην καὶ πνεύμονας εὐθὺς ἱκάνει·,tlg0024.tlg001.perseus-grc2.xml
Cynegetica,tlg001,2,341,"εἰ δέ τις αἰγάγρου κηρόν κέρασιν περιχεύοι,","εἰ δέ τις αἰγάγρου κηρόν κέρασιν περιχεύοι,",tlg0024.tlg001.perseus-grc2.xml
Cynegetica,tlg001,2,342,ζωῆς ἐξέκλεισεν ὁδοὺς πνοιῆς τε διαύλους.,ζωῆς ἐξέκλεισεν ὁδοὺς πνοιῆς τε διαύλους.,tlg0024.tlg001.perseus-grc2.xml
Cynegetica,tlg001,2,343,ἔξοχα δʼ αὖ μήτηρ ἀταλοὺς ἔτι νηπιάχοντας,ἔξοχα δ’ αὖ μήτηρ ἀταλοὺς ἔτι νηπιάχοντας,tlg0024.tlg001.perseus-grc2.xml
Cynegetica,tlg001,2,344,οὓς παῖδας κομέει· γήρᾳ δʼ ἔνι μητέρα παῖδες.,οὓς παῖδας κομέει· γήρᾳ δ’ ἔνι μητέρα παῖδες.,tlg0024.tlg001.perseus-grc2.xml
Cynegetica,tlg001,2,345,ὡς δὲ βροτοὶ γενέτην πεπεδημένον ἀργαλέοισι,ὡς δὲ βροτοὶ γενέτην πεπεδημένον ἀργαλέοισι,tlg0024.tlg001.perseus-grc2.xml
Cynegetica,tlg001,2,346,"γήραος ἐν δεσμοῖσι, πόδας βαρύν, ἅψεα ῥικνόν,","γήραος ἐν δεσμοῖσι, πόδας βαρύν, ἅψεα ῥικνόν,",tlg0024.tlg001.perseus-grc2.xml
Cynegetica,tlg001,2,347,"ἀβληχρὸν παλάμας, τρομερὸν δέμας, ὄψιν ἀμαυρόν,","ἀβληχρὸν παλάμας, τρομερὸν δέμας, ὄψιν ἀμαυρόν,",tlg0024.tlg001.perseus-grc2.xml
Cynegetica,tlg001,2,348,"ἀμφαγαπαζόμενοι περὶ δὴ περὶ πάμπαν ἔχουσι,","ἀμφαγαπαζόμενοι περὶ δὴ περὶ πάμπαν ἔχουσι,",tlg0024.tlg001.perseus-grc2.xml
Cynegetica,tlg001,2,349,τινύμενοι κομιδὴν παιδοτροφίης ἀλεγεινῆς·,τινύμενοι κομιδὴν παιδοτροφίης ἀλεγεινῆς·,tlg0024.tlg001.perseus-grc2.xml
Cynegetica,tlg001,2,350,ὣς αἰγῶν κοῦροι φιλίους κομέουσι τοκῆας,ὣς αἰγῶν κοῦροι φιλίους κομέουσι τοκῆας,tlg0024.tlg001.perseus-grc2.xml
Cynegetica,tlg001,2,351,"γηραλέους, ὅτε δεσμὰ πολύστονα γυῖα πεδήσῃ·","γηραλέους, ὅτε δεσμὰ πολύστονα γυῖα πεδήσῃ·",tlg0024.tlg001.perseus-grc2.xml
Cynegetica,tlg001,2,352,"βρώμην μέν τʼ ὀρέγοὺσιν ἐΰδροσον ἀνθεμόεσσαν,","βρώμην μέν τ’ ὀρέγοὺσιν ἐΰδροσον ἀνθεμόεσσαν,",tlg0024.tlg001.perseus-grc2.xml
Cynegetica,tlg001,2,353,δρεψάμενοι στομάτεσσι· ποτὸν δʼ ἄρα χείλεσιν ἄκροις,δρεψάμενοι στομάτεσσι· ποτὸν δ’ ἄρα χείλεσιν ἄκροις,tlg0024.tlg001.perseus-grc2.xml
Cynegetica,tlg001,2,354,ἐκ ποταμοῦ φορέουσιν ἀφυσσάμενοι μέλαν ὕδωρ·,ἐκ ποταμοῦ φορέουσιν ἀφυσσάμενοι μέλαν ὕδωρ·,tlg0024.tlg001.perseus-grc2.xml
Cynegetica,tlg001,2,355,γλώσσῃ δʼ ἀμφιέποντες ὅλον χρόα φαιδρύνουσιν.,γλώσσῃ δ’ ἀμφιέποντες ὅλον χρόα φαιδρύνουσιν.,tlg0024.tlg001.perseus-grc2.xml
Cynegetica,tlg001,2,356,"εἰ δέ νύ τοι βροχίδεσσι μόνην γενέτειραν ἀείραις,","εἰ δέ νύ τοι βροχίδεσσι μόνην γενέτειραν ἀείραις,",tlg0024.tlg001.perseus-grc2.xml
Cynegetica,tlg001,2,357,αὐτίκα καὶ παλάμηφιν ἕλοις νεοθηλέας ἀμνούς·,αὐτίκα καὶ παλάμηφιν ἕλοις νεοθηλέας ἀμνούς·,tlg0024.tlg001.perseus-grc2.xml
Cynegetica,tlg001,2,358,"τὴν μὲν γὰρ δοκέοις παῖδας μύθοισι δίεσθαι,","τὴν μὲν γὰρ δοκέοις παῖδας μύθοισι δίεσθαι,",tlg0024.tlg001.perseus-grc2.xml
Cynegetica,tlg001,2,359,λισσομένην τοίοισιν ἀπόπροθι μηκηθμοῖσι·,λισσομένην τοίοισιν ἀπόπροθι μηκηθμοῖσι·,tlg0024.tlg001.perseus-grc2.xml
Cynegetica,tlg001,2,360,"φεύγετέ μοι, φίλα τέκνα, δυσαντέας ἀγρευτῆρας,","φεύγετέ μοι, φίλα τέκνα, δυσαντέας ἀγρευτῆρας,",tlg0024.tlg001.perseus-grc2.xml
Cynegetica,tlg001,2,361,μή με λυγρὴν δμηθέντες ἀμήτορα μητέρα θῆτε.,μή με λυγρὴν δμηθέντες ἀμήτορα μητέρα θῆτε.,tlg0024.tlg001.perseus-grc2.xml
Cynegetica,tlg001,2,362,τοῖα φάμεν δοκέοις· τοὺς δʼ ἑσταότας προπάροιθε,τοῖα φάμεν δοκέοις· τοὺς δ’ ἑσταότας προπάροιθε,tlg0024.tlg001.perseus-grc2.xml
Cynegetica,tlg001,2,363,"πρῶτα μὲν ἀείδειν στονόεν μέλος ἀμφὶ τεκούσῃ,","πρῶτα μὲν ἀείδειν στονόεν μέλος ἀμφὶ τεκούσῃ,",tlg0024.tlg001.perseus-grc2.xml
Cynegetica,tlg001,2,364,"αὐτὰρ ἔπειτʼ ἐνέπειν φαίης μεροπήϊον ἠχήν,","αὐτὰρ ἔπειτ’ ἐνέπειν φαίης μεροπήϊον ἠχήν,",tlg0024.tlg001.perseus-grc2.xml
Cynegetica,tlg001,2,365,"ῥηξαμένους βληχήν, στομάτων τʼ ἄπο τοῖον ἀϋτεῖν,","ῥηξαμένους βληχήν, στομάτων τ’ ἄπο τοῖον ἀϋτεῖν,",tlg0024.tlg001.perseus-grc2.xml
Cynegetica,tlg001,2,366,φθεγγομένοις ἰκέλους καὶ λισσομένοισιν ὁμοίους·,φθεγγομένοις ἰκέλους καὶ λισσομένοισιν ὁμοίους·,tlg0024.tlg001.perseus-grc2.xml
Cynegetica,tlg001,2,367,"πρός σε Διὸς λιτόμεσθα, πρὸς αὐτῆς Ἰοχεαίρης,","πρός σε Διὸς λιτόμεσθα, πρὸς αὐτῆς Ἰοχεαίρης,",tlg0024.tlg001.perseus-grc2.xml
Cynegetica,tlg001,2,368,"λύσεο μητέρα μοι φιλίην, τά δʼ ἄποινα δέδεξο,","λύσεο μητέρα μοι φιλίην, τά δ’ ἄποινα δέδεξο,",tlg0024.tlg001.perseus-grc2.xml
Cynegetica,tlg001,2,369,"ὅσσα φέρειν δυνάμεσθα λυγροὶ περὶ μητέρι δειλῇ,","ὅσσα φέρειν δυνάμεσθα λυγροὶ περὶ μητέρι δειλῇ,",tlg0024.tlg001.perseus-grc2.xml
Cynegetica,tlg001,2,370,ἡμέας αἰνομόρους· γνάμψον τεὸν ἄγριον ἦτορ,ἡμέας αἰνομόρους· γνάμψον τεὸν ἄγριον ἦτορ,tlg0024.tlg001.perseus-grc2.xml
Cynegetica,tlg001,2,371,"αἰδόμενος μακάρων τε θέμιν γενέταό τε γῆρας,","αἰδόμενος μακάρων τε θέμιν γενέταό τε γῆρας,",tlg0024.tlg001.perseus-grc2.xml
Cynegetica,tlg001,2,372,εἴ ῥά νύ τοι γενέτης λιπαρὸν κατὰ δῶμα λέλειπται.,εἴ ῥά νύ τοι γενέτης λιπαρὸν κατὰ δῶμα λέλειπται.,tlg0024.tlg001.perseus-grc2.xml
Cynegetica,tlg001,2,373,τοῖά τις ἂν δόξειε λιταζομένους ἀγορεύειν.,τοῖά τις ἂν δόξειε λιταζομένους ἀγορεύειν.,tlg0024.tlg001.perseus-grc2.xml
Cynegetica,tlg001,2,374,"ἀλλʼ ὅτε τευ κραδίην παναμείλιχον ἀθρήσωσιν,","ἀλλ’ ὅτε τευ κραδίην παναμείλιχον ἀθρήσωσιν,",tlg0024.tlg001.perseus-grc2.xml
Cynegetica,tlg001,2,375,"αἰδὼς ὦ πόσση, πόσσος πόθος ἐστὶ τοκήων,","αἰδὼς ὦ πόσση, πόσσος πόθος ἐστὶ τοκήων,",tlg0024.tlg001.perseus-grc2.xml
Cynegetica,tlg001,2,376,αὐτόδετοι βαίνουσι καὶ αὐτόμολοι περόωσι.,αὐτόδετοι βαίνουσι καὶ αὐτόμολοι περόωσι.,tlg0024.tlg001.perseus-grc2.xml
Cynegetica,tlg001,2,377,"εἰσὶ δʼ ὄϊς ξανθοὶ πυμάτης ἐνὶ τέρμασι Κρήτης,","εἰσὶ δ’ ὄϊς ξανθοὶ πυμάτης ἐνὶ τέρμασι Κρήτης,",tlg0024.tlg001.perseus-grc2.xml
Cynegetica,tlg001,2,378,"ἐν χθαμαλῇ γαίῃ Γορτυνίδι, τετρακέρωτες·","ἐν χθαμαλῇ γαίῃ Γορτυνίδι, τετρακέρωτες·",tlg0024.tlg001.perseus-grc2.xml
Cynegetica,tlg001,2,379,λάχνη πορφυρόεσσα δʼ ἐπὶ χροὸς ἐστεφάνωται,λάχνη πορφυρόεσσα δ’ ἐπὶ χροὸς ἐστεφάνωται,tlg0024.tlg001.perseus-grc2.xml
Cynegetica,tlg001,2,380,πολλή τʼ οὐκ ἁπαλή τε· τάχʼ αἰγὸς ἂν ἀντιφερίζοι,πολλή τ’ οὐκ ἁπαλή τε· τάχ’ αἰγὸς ἂν ἀντιφερίζοι,tlg0024.tlg001.perseus-grc2.xml
Cynegetica,tlg001,2,381,"τρηχυτάτῃ χαίτῃ δυσπαίπαλος, οὐκ ὀΐεσσι.","τρηχυτάτῃ χαίτῃ δυσπαίπαλος, οὐκ ὀΐεσσι.",tlg0024.tlg001.perseus-grc2.xml
Cynegetica,tlg001,2,382,τοίην που καὶ σοῦβος ἔχει ξανθωπὸν ἰδέσθαι,τοίην που καὶ σοῦβος ἔχει ξανθωπὸν ἰδέσθαι,tlg0024.tlg001.perseus-grc2.xml
Cynegetica,tlg001,2,383,"χροιὴν μαρμαίρων, ἀτὰρ οὐκ ἔτι λαχνήεσσαν,","χροιὴν μαρμαίρων, ἀτὰρ οὐκ ἔτι λαχνήεσσαν,",tlg0024.tlg001.perseus-grc2.xml
Cynegetica,tlg001,2,384,"οὐδὲ πάλιν πισύρεσσιν ἀρηραμένην κεράεσσιν,","οὐδὲ πάλιν πισύρεσσιν ἀρηραμένην κεράεσσιν,",tlg0024.tlg001.perseus-grc2.xml
Cynegetica,tlg001,2,385,ἀλλὰ δυσὶ κρατεροῖς ὑπὲρ εὐρυτάτοιο μετώπου.,ἀλλὰ δυσὶ κρατεροῖς ὑπὲρ εὐρυτάτοιο μετώπου.,tlg0024.tlg001.perseus-grc2.xml
Cynegetica,tlg001,2,386,"ἀμφίβιος καὶ σοῦβος, ἐπεὶ κἀκεῖνος ὁδεύει·","ἀμφίβιος καὶ σοῦβος, ἐπεὶ κἀκεῖνος ὁδεύει·",tlg0024.tlg001.perseus-grc2.xml
Cynegetica,tlg001,2,387,"ὁππότε γὰρ ποτὶ βυσσὸν ἴῃ θοὰ κύματα τέμνων,","ὁππότε γὰρ ποτὶ βυσσὸν ἴῃ θοὰ κύματα τέμνων,",tlg0024.tlg001.perseus-grc2.xml
Cynegetica,tlg001,2,388,δὴ τότε πουλὺς ὅμιλος ὁμαρτῇ ποντοπορεύων,δὴ τότε πουλὺς ὅμιλος ὁμαρτῇ ποντοπορεύων,tlg0024.tlg001.perseus-grc2.xml
Cynegetica,tlg001,2,389,"ἰχθυόεις ἕπεται, κατὰ δʼ ἅψεα λιχμάζονται,","ἰχθυόεις ἕπεται, κατὰ δ’ ἅψεα λιχμάζονται,",tlg0024.tlg001.perseus-grc2.xml
Cynegetica,tlg001,2,390,"τερπόμενοι κερόεντι φίλῳ, τερενόχροϊ σούβῳ.","τερπόμενοι κερόεντι φίλῳ, τερενόχροϊ σούβῳ.",tlg0024.tlg001.perseus-grc2.xml
Cynegetica,tlg001,2,391,ἔξοχα δʼ αὖ φάγροι τε καὶ οὐτιδανοὶ μελάνουροι,ἔξοχα δ’ αὖ φάγροι τε καὶ οὐτιδανοὶ μελάνουροι,tlg0024.tlg001.perseus-grc2.xml
Cynegetica,tlg001,2,392,καὶ ῥαφίδες τρίγλαι τε καὶ ἀστακοὶ ἀμφὶς ἕπονται.,καὶ ῥαφίδες τρίγλαι τε καὶ ἀστακοὶ ἀμφὶς ἕπονται.,tlg0024.tlg001.perseus-grc2.xml
Cynegetica,tlg001,2,393,"θάμβος ἔφυ τόδε, θάμβος ἀθέσφατον, ὁππότε θῆρας","θάμβος ἔφυ τόδε, θάμβος ἀθέσφατον, ὁππότε θῆρας",tlg0024.tlg001.perseus-grc2.xml
Cynegetica,tlg001,2,394,ἀλλοδαποὶ τείρουσι πόθοι καὶ ὑπείροχα φίλτρα.,ἀλλοδαποὶ τείρουσι πόθοι καὶ ὑπείροχα φίλτρα.,tlg0024.tlg001.perseus-grc2.xml
Cynegetica,tlg001,2,395,οὐ γὰρ ἐπʼ ἀλλήλοισι μόνον φιλότητος ἐΐσης,οὐ γὰρ ἐπ’ ἀλλήλοισι μόνον φιλότητος ἐΐσης,tlg0024.tlg001.perseus-grc2.xml
Cynegetica,tlg001,2,396,"θεσμὸν ἀναγκαῖον δῶκεν θεός, οὐδʼ ὅσον αὐτῶν","θεσμὸν ἀναγκαῖον δῶκεν θεός, οὐδ’ ὅσον αὐτῶν",tlg0024.tlg001.perseus-grc2.xml
Cynegetica,tlg001,2,397,φῦλον ἀναλδήσκειν αἰειγενέος βιότοιο.,φῦλον ἀναλδήσκειν αἰειγενέος βιότοιο.,tlg0024.tlg001.perseus-grc2.xml
Cynegetica,tlg001,2,398,θαῦμα μὲν οὖν κἀκεῖνο δαμήμεναι ἄφρονα φῦλα,θαῦμα μὲν οὖν κἀκεῖνο δαμήμεναι ἄφρονα φῦλα,tlg0024.tlg001.perseus-grc2.xml
Cynegetica,tlg001,2,399,ἅμμασιν ἱμερτοῖς καὶ ὁμόγνια φίλτρα δαῆναι,ἅμμασιν ἱμερτοῖς καὶ ὁμόγνια φίλτρα δαῆναι,tlg0024.tlg001.perseus-grc2.xml
Cynegetica,tlg001,2,400,"καὶ πόθον οὐ νοέοντα ἐν ἀλλήλοισι κεράσσαι,","καὶ πόθον οὐ νοέοντα ἐν ἀλλήλοισι κεράσσαι,",tlg0024.tlg001.perseus-grc2.xml
Cynegetica,tlg001,2,401,οἷάπερ ἀνθρώποισιν ἐπιφροσύνη τε νόος τε,οἷάπερ ἀνθρώποισιν ἐπιφροσύνη τε νόος τε,tlg0024.tlg001.perseus-grc2.xml
Cynegetica,tlg001,2,402,ὀφθαλμοὺς ἐπέτασσεν ἔρον θʼ ὑπεδέξατο θυμῷ·,ὀφθαλμοὺς ἐπέτασσεν ἔρον θ’ ὑπεδέξατο θυμῷ·,tlg0024.tlg001.perseus-grc2.xml
Cynegetica,tlg001,2,403,ἀλλὰ καὶ ὀθνείοις ἐπεμήνατο ὑψόθι φίλτροις.,ἀλλὰ καὶ ὀθνείοις ἐπεμήνατο ὑψόθι φίλτροις.,tlg0024.tlg001.perseus-grc2.xml
Cynegetica,tlg001,2,404,οἷος μὲν πόθος ἐστὶν ἀριζήλοις ἐλάφοισι,οἷος μὲν πόθος ἐστὶν ἀριζήλοις ἐλάφοισι,tlg0024.tlg001.perseus-grc2.xml
Cynegetica,tlg001,2,405,ἀτταγέων· ὅσσος δὲ τανυκραίροις ἐπὶ δόρκοις,ἀτταγέων· ὅσσος δὲ τανυκραίροις ἐπὶ δόρκοις,tlg0024.tlg001.perseus-grc2.xml
Cynegetica,tlg001,2,406,περδίκων· πῶς δʼ αὖτε θοοῖς χαίρουσιν ἐφʼ ἵπποις,περδίκων· πῶς δ’ αὖτε θοοῖς χαίρουσιν ἐφ’ ἵπποις,tlg0024.tlg001.perseus-grc2.xml
Cynegetica,tlg001,2,407,"ὠτίδες, αἷσι τέθηλεν ἀεὶ λασιώτατον οὖας·","ὠτίδες, αἷσι τέθηλεν ἀεὶ λασιώτατον οὖας·",tlg0024.tlg001.perseus-grc2.xml
Cynegetica,tlg001,2,408,ψιττακὸς αὖτε λύκος τε σὺν ἀλλήλοισι νέμονται·,ψιττακὸς αὖτε λύκος τε σὺν ἀλλήλοισι νέμονται·,tlg0024.tlg001.perseus-grc2.xml
Cynegetica,tlg001,2,409,αἰεὶ γὰρ ποθέουσι λύκοι ποεσίχροον ὄρνιν.,αἰεὶ γὰρ ποθέουσι λύκοι ποεσίχροον ὄρνιν.,tlg0024.tlg001.perseus-grc2.xml
Cynegetica,tlg001,2,410,"ὄβριμʼ Ἔρως, πόσος ἐσσί, πόση σέθεν ἄπλετος ἀλκή,","ὄβριμ’ Ἔρως, πόσος ἐσσί, πόση σέθεν ἄπλετος ἀλκή,",tlg0024.tlg001.perseus-grc2.xml
Cynegetica,tlg001,2,411,"πόσσα νοεῖς, πόσα κοιρανέεις, πόσα δαῖμον, ἀθύρεισς","πόσσα νοεῖς, πόσα κοιρανέεις, πόσα δαῖμον, ἀθύρεισς",tlg0024.tlg001.perseus-grc2.xml
Cynegetica,tlg001,2,412,"γαῖα πέλει σταθερή, βελέεσσι δὲ σοῖσι δονεῖται·","γαῖα πέλει σταθερή, βελέεσσι δὲ σοῖσι δονεῖται·",tlg0024.tlg001.perseus-grc2.xml
Cynegetica,tlg001,2,413,"ἄστατος ἔπλετο πόντος, ἀτὰρ σύ γε καὶ τὸν ἔπηξας·","ἄστατος ἔπλετο πόντος, ἀτὰρ σύ γε καὶ τὸν ἔπηξας·",tlg0024.tlg001.perseus-grc2.xml
Cynegetica,tlg001,2,414,ἦλθες ἐς αἰθέρα ἔδδεισεν δέ σε μακρὸς Ὄλυμπος·,ἦλθες ἐς αἰθέρα ἔδδεισεν δέ σε μακρὸς Ὄλυμπος·,tlg0024.tlg001.perseus-grc2.xml
Cynegetica,tlg001,2,415,"δειμαίνει δέ σε πάντα, καὶ οὐρανὸς εὐρὺς ὕπερθε","δειμαίνει δέ σε πάντα, καὶ οὐρανὸς εὐρὺς ὕπερθε",tlg0024.tlg001.perseus-grc2.xml
Cynegetica,tlg001,2,416,"γαίης ὅσσα τʼ ἔνερθε καὶ ἔθνεα λυγρὰ καμόντων,","γαίης ὅσσα τ’ ἔνερθε καὶ ἔθνεα λυγρὰ καμόντων,",tlg0024.tlg001.perseus-grc2.xml
Cynegetica,tlg001,2,417,οἳ Λήθης μέν ἄφυσσαν ὑπὸ στόμα νηπαθὲς ὕδωρ,οἳ Λήθης μέν ἄφυσσαν ὑπὸ στόμα νηπαθὲς ὕδωρ,tlg0024.tlg001.perseus-grc2.xml
Cynegetica,tlg001,2,418,"καὶ φύγον ἄλγεα πάντα, σὲ δʼ εἰσέτι πεφρίκασι.","καὶ φύγον ἄλγεα πάντα, σὲ δ’ εἰσέτι πεφρίκασι.",tlg0024.tlg001.perseus-grc2.xml
Cynegetica,tlg001,2,419,"σῷ δὲ μένει καὶ τῆλε περᾷς, ὅσον οὔποτε λεύσσει","σῷ δὲ μένει καὶ τῆλε περᾷς, ὅσον οὔποτε λεύσσει",tlg0024.tlg001.perseus-grc2.xml
Cynegetica,tlg001,2,420,ἠέλιος φαέθων· σῷ δʼ αὖ πυρὶ καὶ φάος εἴκει,ἠέλιος φαέθων· σῷ δ’ αὖ πυρὶ καὶ φάος εἴκει,tlg0024.tlg001.perseus-grc2.xml
Cynegetica,tlg001,2,421,"δειμαῖνον, καὶ Ζηνὸς ὁμῶς εἴκουσι κεραυνοί.","δειμαῖνον, καὶ Ζηνὸς ὁμῶς εἴκουσι κεραυνοί.",tlg0024.tlg001.perseus-grc2.xml
Cynegetica,tlg001,2,422,"τοίους, ἄγριε δαῖμον, ἔχεις πυρόεντας ὀϊστούς,","τοίους, ἄγριε δαῖμον, ἔχεις πυρόεντας ὀϊστούς,",tlg0024.tlg001.perseus-grc2.xml
Cynegetica,tlg001,2,423,"πευκεδανούς, μαλερούς, φθισόφρονας, οἰστρήεντας,","πευκεδανούς, μαλερούς, φθισόφρονας, οἰστρήεντας,",tlg0024.tlg001.perseus-grc2.xml
Cynegetica,tlg001,2,424,"τηκεδόνα πνείοντας, ἀναλθέας, οἷσι καὶ αὐτοὺς","τηκεδόνα πνείοντας, ἀναλθέας, οἷσι καὶ αὐτοὺς",tlg0024.tlg001.perseus-grc2.xml
Cynegetica,tlg001,2,425,θῆρας ἀνεπτοίησας ἐπʼ ἀζεύκτοισι πόθοισι.,θῆρας ἀνεπτοίησας ἐπ’ ἀζεύκτοισι πόθοισι.,tlg0024.tlg001.perseus-grc2.xml
Cynegetica,tlg001,2,426,"θάμβος, ὅταν κερόεσσαν ἀχαϊνέην πτερόεντες","θάμβος, ὅταν κερόεσσαν ἀχαϊνέην πτερόεντες",tlg0024.tlg001.perseus-grc2.xml
Cynegetica,tlg001,2,427,ἀτταγέες νώτοισιν ἐπὶ στικτοῖσι θορόντες,ἀτταγέες νώτοισιν ἐπὶ στικτοῖσι θορόντες,tlg0024.tlg001.perseus-grc2.xml
Cynegetica,tlg001,2,428,ἢ δόρκοις πέρδικες ἐπὶ πτερὰ πυκνὰ βαλόντες,ἢ δόρκοις πέρδικες ἐπὶ πτερὰ πυκνὰ βαλόντες,tlg0024.tlg001.perseus-grc2.xml
Cynegetica,tlg001,2,429,"ἱδρῶ ἀποψύχωσι, παρηγορέωσί τε θυμὸν","ἱδρῶ ἀποψύχωσι, παρηγορέωσί τε θυμὸν",tlg0024.tlg001.perseus-grc2.xml
Cynegetica,tlg001,2,430,"καύματος ἀζαλέοιο, λατυσσόμενοι πτερύγεσσιν·","καύματος ἀζαλέοιο, λατυσσόμενοι πτερύγεσσιν·",tlg0024.tlg001.perseus-grc2.xml
Cynegetica,tlg001,2,431,ἢ ὁπότε προπάροιθεν ἴῃ καναχήποδος ἵππου,ἢ ὁπότε προπάροιθεν ἴῃ καναχήποδος ἵππου,tlg0024.tlg001.perseus-grc2.xml
Cynegetica,tlg001,2,432,"ὠτίς ὀλισθαίνουσα διʼ ἠέρος ἱμερόεσσα,","ὠτίς ὀλισθαίνουσα δι’ ἠέρος ἱμερόεσσα,",tlg0024.tlg001.perseus-grc2.xml
Cynegetica,tlg001,2,433,σαργοὶ δʼ αἰπολίοισιν ἐπέχραον· ἀμφὶ δὲ σούβῳ,σαργοὶ δ’ αἰπολίοισιν ἐπέχραον· ἀμφὶ δὲ σούβῳ,tlg0024.tlg001.perseus-grc2.xml
Cynegetica,tlg001,2,434,"φῦλον ἅπαν νεπόδων τὸ πολύπλανον ἐπτοίηται,","φῦλον ἅπαν νεπόδων τὸ πολύπλανον ἐπτοίηται,",tlg0024.tlg001.perseus-grc2.xml
Cynegetica,tlg001,2,435,"ἕσπονται δʼ ἅμα πάντες, ὅτʼ ἄγρια κύματα τέμνει,","ἕσπονται δ’ ἅμα πάντες, ὅτ’ ἄγρια κύματα τέμνει,",tlg0024.tlg001.perseus-grc2.xml
Cynegetica,tlg001,2,436,"στείνονταί θʼ ἑκάτερθε γεγηθότες, ἀμφὶ δὲ πόντος","στείνονταί θ’ ἑκάτερθε γεγηθότες, ἀμφὶ δὲ πόντος",tlg0024.tlg001.perseus-grc2.xml
Cynegetica,tlg001,2,437,ἀφριάᾳ λευκῇσι τινασσόμενος πτερύγεσσιν·,ἀφριάᾳ λευκῇσι τινασσόμενος πτερύγεσσιν·,tlg0024.tlg001.perseus-grc2.xml
Cynegetica,tlg001,2,438,"αὐτὰρ ὅ γʼ οὐκ ἀλέγων ξείνης φιλίης πανάθεσμος,","αὐτὰρ ὅ γ’ οὐκ ἀλέγων ξείνης φιλίης πανάθεσμος,",tlg0024.tlg001.perseus-grc2.xml
Cynegetica,tlg001,2,439,εἰναλίους ἑτάρους δάπτει στομάτεσσι δαφοινοῖς,εἰναλίους ἑτάρους δάπτει στομάτεσσι δαφοινοῖς,tlg0024.tlg001.perseus-grc2.xml
Cynegetica,tlg001,2,440,"δαινύμενος· τοὶ δʼ αἶσαν ἐν ὀφθαλμοῖσιν ὁρῶντες,","δαινύμενος· τοὶ δ’ αἶσαν ἐν ὀφθαλμοῖσιν ὁρῶντες,",tlg0024.tlg001.perseus-grc2.xml
Cynegetica,tlg001,2,441,οὐδʼ ὣς ἐχθαίρουσι καὶ οὐ λείπουσι φονῆα.,οὐδ’ ὣς ἐχθαίρουσι καὶ οὐ λείπουσι φονῆα.,tlg0024.tlg001.perseus-grc2.xml
Cynegetica,tlg001,2,442,"σοῦβε τάλαν, κακοεργέ, καὶ αὐτῷ σοὶ μετόπισθε","σοῦβε τάλαν, κακοεργέ, καὶ αὐτῷ σοὶ μετόπισθε",tlg0024.tlg001.perseus-grc2.xml
Cynegetica,tlg001,2,443,πόντιον ἀγρευτῆρες ἐπαρτυνέουσιν ὄλεθρον,πόντιον ἀγρευτῆρες ἐπαρτυνέουσιν ὄλεθρον,tlg0024.tlg001.perseus-grc2.xml
Cynegetica,tlg001,2,444,καὶ δολερῷ περ ἐόντι καὶ ἰχθυφόνῳ τελέθοντι.,καὶ δολερῷ περ ἐόντι καὶ ἰχθυφόνῳ τελέθοντι.,tlg0024.tlg001.perseus-grc2.xml
Cynegetica,tlg001,2,445,"ἔστι δέ τις δρυμοῖσι παρέστιος ὀξύκερως θήρ,","ἔστι δέ τις δρυμοῖσι παρέστιος ὀξύκερως θήρ,",tlg0024.tlg001.perseus-grc2.xml
Cynegetica,tlg001,2,446,"ἀγριόθυμος ὄρυξ, κρυερὸς θήρεσσι μάλιστα·","ἀγριόθυμος ὄρυξ, κρυερὸς θήρεσσι μάλιστα·",tlg0024.tlg001.perseus-grc2.xml
Cynegetica,tlg001,2,447,"τοῦ δʼ ἤτοι χροιὴ μὲν ἅτʼ εἰαρινοῖο γάλακτος,","τοῦ δ’ ἤτοι χροιὴ μὲν ἅτ’ εἰαρινοῖο γάλακτος,",tlg0024.tlg001.perseus-grc2.xml
Cynegetica,tlg001,2,448,μούναις ἀμφὶ πρόσωπα μελαινομένῃσι παρειαῖς·,μούναις ἀμφὶ πρόσωπα μελαινομένῃσι παρειαῖς·,tlg0024.tlg001.perseus-grc2.xml
Cynegetica,tlg001,2,449,διπλὰ δέ οἱ μετόπισθε μετάφρενα πίονα δημῷ·,διπλὰ δέ οἱ μετόπισθε μετάφρενα πίονα δημῷ·,tlg0024.tlg001.perseus-grc2.xml
Cynegetica,tlg001,2,450,ὀξεῖαι κεράων δὲ μετήοροι ἀντέλλουσιν,ὀξεῖαι κεράων δὲ μετήοροι ἀντέλλουσιν,tlg0024.tlg001.perseus-grc2.xml
Cynegetica,tlg001,2,451,"αἰχμαὶ πευκεδαναί, μελανόχροον εἶδος ἔχουσαι,","αἰχμαὶ πευκεδαναί, μελανόχροον εἶδος ἔχουσαι,",tlg0024.tlg001.perseus-grc2.xml
Cynegetica,tlg001,2,452,καὶ χαλκοῦ θηκτοῖο σιδήρου τε κρυεροῖο,καὶ χαλκοῦ θηκτοῖο σιδήρου τε κρυεροῖο,tlg0024.tlg001.perseus-grc2.xml
Cynegetica,tlg001,2,453,πέτρου τʼ ὀκριόεντος ἀρειότεραι πεφύασιν·,πέτρου τ’ ὀκριόεντος ἀρειότεραι πεφύασιν·,tlg0024.tlg001.perseus-grc2.xml
Cynegetica,tlg001,2,454,ἰοφόρον κείνοις δὲ φύσιν κεράεσσι λέγουσι.,ἰοφόρον κείνοις δὲ φύσιν κεράεσσι λέγουσι.,tlg0024.tlg001.perseus-grc2.xml
Cynegetica,tlg001,2,455,θυμὸς δʼ αὖτʼ ὀρύγεσσιν ὑπερφίαλος καὶ ἀπηνής·,θυμὸς δ’ αὖτ’ ὀρύγεσσιν ὑπερφίαλος καὶ ἀπηνής·,tlg0024.tlg001.perseus-grc2.xml
Cynegetica,tlg001,2,456,"οὔτε γὰρ εὐρίνοιο κυνὸς τρομέουσιν ὕλαγμα,","οὔτε γὰρ εὐρίνοιο κυνὸς τρομέουσιν ὕλαγμα,",tlg0024.tlg001.perseus-grc2.xml
Cynegetica,tlg001,2,457,"οὐ συὸς ἀγραύλοιο παρὰ σκοπέλοισι φρύαγμα,","οὐ συὸς ἀγραύλοιο παρὰ σκοπέλοισι φρύαγμα,",tlg0024.tlg001.perseus-grc2.xml
Cynegetica,tlg001,2,458,"οὐδέ μὲν οὐ ταύρου κρατερὸν μύκημα φέβονται,","οὐδέ μὲν οὐ ταύρου κρατερὸν μύκημα φέβονται,",tlg0024.tlg001.perseus-grc2.xml
Cynegetica,tlg001,2,459,"πορδαλίων δʼ οὐ γῆρυν ἀμειδέα πεφρίκασιν,","πορδαλίων δ’ οὐ γῆρυν ἀμειδέα πεφρίκασιν,",tlg0024.tlg001.perseus-grc2.xml
Cynegetica,tlg001,2,460,"οὐδʼ αὐτοῦ φεύγουσι μέγα βρύχημα λέοντος,","οὐδ’ αὐτοῦ φεύγουσι μέγα βρύχημα λέοντος,",tlg0024.tlg001.perseus-grc2.xml
Cynegetica,tlg001,2,461,οὐδὲ βροτῶν ἀλέγουσιν ἀναιδείῃσι νόοιο·,οὐδὲ βροτῶν ἀλέγουσιν ἀναιδείῃσι νόοιο·,tlg0024.tlg001.perseus-grc2.xml
Cynegetica,tlg001,2,462,πολλάκι δʼ ἐν κνημοῖσιν ἀπέφθιτο καρτερὸς ἀνὴρ,πολλάκι δ’ ἐν κνημοῖσιν ἀπέφθιτο καρτερὸς ἀνὴρ,tlg0024.tlg001.perseus-grc2.xml
Cynegetica,tlg001,2,463,θηρητὴρ ὀρύγεσσι δαφοινοῖς ἀντιβολήσας.,θηρητὴρ ὀρύγεσσι δαφοινοῖς ἀντιβολήσας.,tlg0024.tlg001.perseus-grc2.xml
Cynegetica,tlg001,2,464,"ὁππότε δʼ ἀθρήσειεν ὄρυξ κρατερόφρονα θῆρα,","ὁππότε δ’ ἀθρήσειεν ὄρυξ κρατερόφρονα θῆρα,",tlg0024.tlg001.perseus-grc2.xml
Cynegetica,tlg001,2,465,ἢ σῦν χαυλιόδοντʼ ἢ καρχαρόδοντα λέοντα,ἢ σῦν χαυλιόδοντ’ ἢ καρχαρόδοντα λέοντα,tlg0024.tlg001.perseus-grc2.xml
Cynegetica,tlg001,2,466,"ἢ κρυερῶν ἄρκτων ὀλοὸν θράσος, αὐτίκʼ ἄρʼ αἴῃ","ἢ κρυερῶν ἄρκτων ὀλοὸν θράσος, αὐτίκ’ ἄρ’ αἴῃ",tlg0024.tlg001.perseus-grc2.xml
Cynegetica,tlg001,2,467,νευστάζων κεφαλήν τε μέτωπά τε πάμπαν ἐρείδει,νευστάζων κεφαλήν τε μέτωπά τε πάμπαν ἐρείδει,tlg0024.tlg001.perseus-grc2.xml
Cynegetica,tlg001,2,468,"τεινάμενος, πήξας τε παρὰ χθονὶ πικρὰ βέλεμνα","τεινάμενος, πήξας τε παρὰ χθονὶ πικρὰ βέλεμνα",tlg0024.tlg001.perseus-grc2.xml
Cynegetica,tlg001,2,469,"ἐσσύμενον μίμνει, τὸν δʼ ὤλεσε πρῶτος ἐναίρων.","ἐσσύμενον μίμνει, τὸν δ’ ὤλεσε πρῶτος ἐναίρων.",tlg0024.tlg001.perseus-grc2.xml
Cynegetica,tlg001,2,470,"δόχμια γὰρ κλίνας βαιὸν κερόεντα μέτωπα,","δόχμια γὰρ κλίνας βαιὸν κερόεντα μέτωπα,",tlg0024.tlg001.perseus-grc2.xml
Cynegetica,tlg001,2,471,τεύχεσιν ὀξυτέροις δεδοκημένος ἔμπεσε θηρί·,τεύχεσιν ὀξυτέροις δεδοκημένος ἔμπεσε θηρί·,tlg0024.tlg001.perseus-grc2.xml
Cynegetica,tlg001,2,472,"αὐτὰρ ὅ γʼ οὐκ ἀλέγει, κατὰ δʼ ἄσχετον ἰθὺς ὀρούει,","αὐτὰρ ὅ γ’ οὐκ ἀλέγει, κατὰ δ’ ἄσχετον ἰθὺς ὀρούει,",tlg0024.tlg001.perseus-grc2.xml
Cynegetica,tlg001,2,473,ὀξέσι πεφρικώς συνερειδόμενος σκολόπεσσιν.,ὀξέσι πεφρικώς συνερειδόμενος σκολόπεσσιν.,tlg0024.tlg001.perseus-grc2.xml
Cynegetica,tlg001,2,474,"ὡς δʼ ὅτʼ ἐνὶ ξυλόχοισιν ἐπεσσυμένοιο λέοντος,","ὡς δ’ ὅτ’ ἐνὶ ξυλόχοισιν ἐπεσσυμένοιο λέοντος,",tlg0024.tlg001.perseus-grc2.xml
Cynegetica,tlg001,2,475,"Ἀρτέμιδος δώροισι κεκασμένος ἄλκιμος ἀνήρ,","Ἀρτέμιδος δώροισι κεκασμένος ἄλκιμος ἀνήρ,",tlg0024.tlg001.perseus-grc2.xml
Cynegetica,tlg001,2,476,"αἰχμὴν ἀστράπτουσαν ἔχων κρατερῇς παλάμῃσιν,","αἰχμὴν ἀστράπτουσαν ἔχων κρατερῇς παλάμῃσιν,",tlg0024.tlg001.perseus-grc2.xml
Cynegetica,tlg001,2,477,"εὖ διαβὰς μίμνῃ, τὸν δʼ ἄγρια θυμαίνοντα","εὖ διαβὰς μίμνῃ, τὸν δ’ ἄγρια θυμαίνοντα",tlg0024.tlg001.perseus-grc2.xml
Cynegetica,tlg001,2,478,δέξηται προβλῆτα φέρων ἀμφήκεα χαλκόν·,δέξηται προβλῆτα φέρων ἀμφήκεα χαλκόν·,tlg0024.tlg001.perseus-grc2.xml
Cynegetica,tlg001,2,479,"ὣς ὄρυγες μίμνουσιν ἐπεσσυμένους τότε θῆρας,","ὣς ὄρυγες μίμνουσιν ἐπεσσυμένους τότε θῆρας,",tlg0024.tlg001.perseus-grc2.xml
Cynegetica,tlg001,2,480,αὐτοφόνους σφετέρῃσιν ἀτασθαλίῃσι δαμέντας·,αὐτοφόνους σφετέρῃσιν ἀτασθαλίῃσι δαμέντας·,tlg0024.tlg001.perseus-grc2.xml
Cynegetica,tlg001,2,481,ῥεῖα γὰρ έν στέρνοισιν ὀλισθαίνουσιν ἀκωκαί·,ῥεῖα γὰρ έν στέρνοισιν ὀλισθαίνουσιν ἀκωκαί·,tlg0024.tlg001.perseus-grc2.xml
Cynegetica,tlg001,2,482,πολλόν δʼ αἷμα κελαινὸν ἀπʼ ὠτειλῶν ἑκάτερθεν,πολλόν δ’ αἷμα κελαινὸν ἀπ’ ὠτειλῶν ἑκάτερθεν,tlg0024.tlg001.perseus-grc2.xml
Cynegetica,tlg001,2,483,ἐκχύμενον γλώσσῃσιν ἑὸν τάχα λιχμάζουσιν·,ἐκχύμενον γλώσσῃσιν ἑὸν τάχα λιχμάζουσιν·,tlg0024.tlg001.perseus-grc2.xml
Cynegetica,tlg001,2,484,οὐδὲ μὲν ἐκφυγέειν οὐδʼ ἱεμένοισι πάρεστιν·,οὐδὲ μὲν ἐκφυγέειν οὐδ’ ἱεμένοισι πάρεστιν·,tlg0024.tlg001.perseus-grc2.xml
Cynegetica,tlg001,2,485,ἀλλήλους δʼ ὀλέκουσιν ἀμοιβαίοισι φόνοισι.,ἀλλήλους δ’ ὀλέκουσιν ἀμοιβαίοισι φόνοισι.,tlg0024.tlg001.perseus-grc2.xml
Cynegetica,tlg001,2,486,"καί κέ τις ἀγρονόμων ἤ βουκόλος ἤ τις ἀροτρεύς,","καί κέ τις ἀγρονόμων ἤ βουκόλος ἤ τις ἀροτρεύς,",tlg0024.tlg001.perseus-grc2.xml
Cynegetica,tlg001,2,487,"ἀμφιδύμοις νεκύεσσι παραὶ ποσὶν ἀντιβολήσας,","ἀμφιδύμοις νεκύεσσι παραὶ ποσὶν ἀντιβολήσας,",tlg0024.tlg001.perseus-grc2.xml
Cynegetica,tlg001,2,488,ἄγρην εὐάντητον ἔχει μεγαθαμβέϊ θυμῷ.,ἄγρην εὐάντητον ἔχει μεγαθαμβέϊ θυμῷ.,tlg0024.tlg001.perseus-grc2.xml
Cynegetica,tlg001,2,489,ἑξείης ἐνὶ θηρσὶ κερατοφόροισι γένεθλα,ἑξείης ἐνὶ θηρσὶ κερατοφόροισι γένεθλα,tlg0024.tlg001.perseus-grc2.xml
Cynegetica,tlg001,2,490,ἀείδειν ἐπέοικεν ἀπειρεσίων ἐλεφάντων·,ἀείδειν ἐπέοικεν ἀπειρεσίων ἐλεφάντων·,tlg0024.tlg001.perseus-grc2.xml
Cynegetica,tlg001,2,491,"κεῖνα γὰρ ἐν γενύεσσιν ὑπέρβια τεύχεα δοιά,","κεῖνα γὰρ ἐν γενύεσσιν ὑπέρβια τεύχεα δοιά,",tlg0024.tlg001.perseus-grc2.xml
Cynegetica,tlg001,2,492,"εἴκελα χαυλιόδουσιν ἐπʼ οὐρανὸν ἀντέλλοντα,","εἴκελα χαυλιόδουσιν ἐπ’ οὐρανὸν ἀντέλλοντα,",tlg0024.tlg001.perseus-grc2.xml
Cynegetica,tlg001,2,493,ἄλλοι μὲν πλήθους ὀλοοὺς ἐνέπουσιν ὀδόντας,ἄλλοι μὲν πλήθους ὀλοοὺς ἐνέπουσιν ὀδόντας,tlg0024.tlg001.perseus-grc2.xml
Cynegetica,tlg001,2,494,"πλαζόμενοι, νῶϊν δὲ κεράατα μυθήσασθαι","πλαζόμενοι, νῶϊν δὲ κεράατα μυθήσασθαι",tlg0024.tlg001.perseus-grc2.xml
Cynegetica,tlg001,2,495,εὔαδεν· ὧδε γὰρ ἄμμι φύσις κεράων ἀγορεύει.,εὔαδεν· ὧδε γὰρ ἄμμι φύσις κεράων ἀγορεύει.,tlg0024.tlg001.perseus-grc2.xml
Cynegetica,tlg001,2,496,σήματα δʼ οὐκ ἀΐδηλα διακριδὰ τεκμήρασθαι·,σήματα δ’ οὐκ ἀΐδηλα διακριδὰ τεκμήρασθαι·,tlg0024.tlg001.perseus-grc2.xml
Cynegetica,tlg001,2,497,θηρσὶ γὰρ ἐκφύσιες γενύων ἀπὸ τῶν ἐφύπερθεν,θηρσὶ γὰρ ἐκφύσιες γενύων ἀπὸ τῶν ἐφύπερθεν,tlg0024.tlg001.perseus-grc2.xml
Cynegetica,tlg001,2,498,ὅσσαι μὲν κερόεσσαι ἀνωφερὲς ἀΐσσουσιν·,ὅσσαι μὲν κερόεσσαι ἀνωφερὲς ἀΐσσουσιν·,tlg0024.tlg001.perseus-grc2.xml
Cynegetica,tlg001,2,499,"εἰ δὲ κάτω νεύοιεν, ἀτεχνῶς εἰσὶν ὀδόντες.","εἰ δὲ κάτω νεύοιεν, ἀτεχνῶς εἰσὶν ὀδόντες.",tlg0024.tlg001.perseus-grc2.xml
Cynegetica,tlg001,2,500,κείνοισιν δὲ διπλοῖς ἐλεφαντείοις κεράεσσι,κείνοισιν δὲ διπλοῖς ἐλεφαντείοις κεράεσσι,tlg0024.tlg001.perseus-grc2.xml
Cynegetica,tlg001,2,501,ῥίζαι μὲν πρώτιστον ἀπὸ κρατὸς πεφύασιν,ῥίζαι μὲν πρώτιστον ἀπὸ κρατὸς πεφύασιν,tlg0024.tlg001.perseus-grc2.xml
Cynegetica,tlg001,2,502,"ἐκ μεγάλου μεγάλαι, φηρῶν ἅτε· νέρθε δʼ ἔπειτα","ἐκ μεγάλου μεγάλαι, φηρῶν ἅτε· νέρθε δ’ ἔπειτα",tlg0024.tlg001.perseus-grc2.xml
Cynegetica,tlg001,2,503,κρυπτόμεναι ῥινοῖσιν ὁμιλοῦσαι κροτάφοισιν,κρυπτόμεναι ῥινοῖσιν ὁμιλοῦσαι κροτάφοισιν,tlg0024.tlg001.perseus-grc2.xml
Cynegetica,tlg001,2,504,ἐς γένυν ὠθεῦνται· γενύων δʼ ἀπογυμνωθεῖσαι,ἐς γένυν ὠθεῦνται· γενύων δ’ ἀπογυμνωθεῖσαι,tlg0024.tlg001.perseus-grc2.xml
Cynegetica,tlg001,2,505,ψευδέα τοῖς πολλοῖσι δόκησιν ὄπασσαν ὀδόντων.,ψευδέα τοῖς πολλοῖσι δόκησιν ὄπασσαν ὀδόντων.,tlg0024.tlg001.perseus-grc2.xml
Cynegetica,tlg001,2,506,ναὶ μὴν ἄλλο βροτοῖσιν ἀριφραδὲς ἔπλετο σῆμα·,ναὶ μὴν ἄλλο βροτοῖσιν ἀριφραδὲς ἔπλετο σῆμα·,tlg0024.tlg001.perseus-grc2.xml
Cynegetica,tlg001,2,507,"πάντες γὰρ θήρεσσιν ἀκαμπέες εἰσὶν ὀδόντες,","πάντες γὰρ θήρεσσιν ἀκαμπέες εἰσὶν ὀδόντες,",tlg0024.tlg001.perseus-grc2.xml
Cynegetica,tlg001,2,508,"οὐδέ τέχναις εἴκουσιν, ἀμείλικτοι δὲ μένουσι·","οὐδέ τέχναις εἴκουσιν, ἀμείλικτοι δὲ μένουσι·",tlg0024.tlg001.perseus-grc2.xml
Cynegetica,tlg001,2,509,τοὺς σοφίῃ τεῦξαι κεραοξόος ἤν ἐθέλῃσιν,τοὺς σοφίῃ τεῦξαι κεραοξόος ἤν ἐθέλῃσιν,tlg0024.tlg001.perseus-grc2.xml
Cynegetica,tlg001,2,510,"εὐρέας, ἀντιλέγουσιν ἀπηλεγές· ἢν δὲ βιῶνται,","εὐρέας, ἀντιλέγουσιν ἀπηλεγές· ἢν δὲ βιῶνται,",tlg0024.tlg001.perseus-grc2.xml
Cynegetica,tlg001,2,511,ἄγνυνται καυληδὸν ἀπειθέες· ἐκ δὲ κεράων,ἄγνυνται καυληδὸν ἀπειθέες· ἐκ δὲ κεράων,tlg0024.tlg001.perseus-grc2.xml
Cynegetica,tlg001,2,512,τόξα τε κυκλοτερῆ καὶ μυρία τεύχεται ἔργα·,τόξα τε κυκλοτερῆ καὶ μυρία τεύχεται ἔργα·,tlg0024.tlg001.perseus-grc2.xml
Cynegetica,tlg001,2,513,"ὣς δὲ κεράατα κεῖνα, τά τοι καλέουσιν ὀδόντας,","ὣς δὲ κεράατα κεῖνα, τά τοι καλέουσιν ὀδόντας,",tlg0024.tlg001.perseus-grc2.xml
Cynegetica,tlg001,2,514,γνάμπτειν εὐρύνειν τʼ ἐλεφαντοτόμοις ὑποείκει.,γνάμπτειν εὐρύνειν τ’ ἐλεφαντοτόμοις ὑποείκει.,tlg0024.tlg001.perseus-grc2.xml
Cynegetica,tlg001,2,515,θηρσὶ δέ τοι μέγεθος μὲν ὅσον μήπω κατὰ γαίης,θηρσὶ δέ τοι μέγεθος μὲν ὅσον μήπω κατὰ γαίης,tlg0024.tlg001.perseus-grc2.xml
Cynegetica,tlg001,2,516,ἄλλος θὴρ φορέει· φαίης κεν ἰδών ἐλέφαντα,ἄλλος θὴρ φορέει· φαίης κεν ἰδών ἐλέφαντα,tlg0024.tlg001.perseus-grc2.xml
Cynegetica,tlg001,2,517,ἢ κορυφὴν ὄρεος παναπείριτον ἢ νέφος αἰνὸν,ἢ κορυφὴν ὄρεος παναπείριτον ἢ νέφος αἰνὸν,tlg0024.tlg001.perseus-grc2.xml
Cynegetica,tlg001,2,518,χεῖμα φέρον δειλοῖσι βροτῶν ἐπὶ χέρσον ὁδεύειν.,χεῖμα φέρον δειλοῖσι βροτῶν ἐπὶ χέρσον ὁδεύειν.,tlg0024.tlg001.perseus-grc2.xml
Cynegetica,tlg001,2,519,"ἴφθιμον δὲ κάρηνον ἐπʼ οὔασι βαιοτέροισι,","ἴφθιμον δὲ κάρηνον ἐπ’ οὔασι βαιοτέροισι,",tlg0024.tlg001.perseus-grc2.xml
Cynegetica,tlg001,2,520,"κοίλοισι, ξεστοῖς· ἀτὰρ ὀφθαλμοὶ τελέθουσι","κοίλοισι, ξεστοῖς· ἀτὰρ ὀφθαλμοὶ τελέθουσι",tlg0024.tlg001.perseus-grc2.xml
Cynegetica,tlg001,2,521,"μείονες ἢ κατʼ ἐκεῖνο δέμας, μεγάλοι περ ἐόντες.","μείονες ἢ κατ’ ἐκεῖνο δέμας, μεγάλοι περ ἐόντες.",tlg0024.tlg001.perseus-grc2.xml
Cynegetica,tlg001,2,522,"τῶν δʼ ἤτοι μεσσηγὺς ὑπεκπροθέει μεγάλη ῥίς,","τῶν δ’ ἤτοι μεσσηγὺς ὑπεκπροθέει μεγάλη ῥίς,",tlg0024.tlg001.perseus-grc2.xml
Cynegetica,tlg001,2,523,"λεπτή τε σκολιή τε, προβοσκίδα τὴν καλέουσι.","λεπτή τε σκολιή τε, προβοσκίδα τὴν καλέουσι.",tlg0024.tlg001.perseus-grc2.xml
Cynegetica,tlg001,2,524,κείνη θηρὸς ἔφυ παλάμη· κείνῃ τὰ θέλουσι,κείνη θηρὸς ἔφυ παλάμη· κείνῃ τὰ θέλουσι,tlg0024.tlg001.perseus-grc2.xml
Cynegetica,tlg001,2,525,ῥηϊδίως ἔρδουσι. ποδῶν γε μὲν οὐκ ἴσα μέτρα·,ῥηϊδίως ἔρδουσι. ποδῶν γε μὲν οὐκ ἴσα μέτρα·,tlg0024.tlg001.perseus-grc2.xml
Cynegetica,tlg001,2,526,ὑψόθι γὰρ οἱ πρόσθε πολὺ πλέον ἀείρονται.,ὑψόθι γὰρ οἱ πρόσθε πολὺ πλέον ἀείρονται.,tlg0024.tlg001.perseus-grc2.xml
Cynegetica,tlg001,2,527,"ῥινὸς δʼ αὖτε δέμας δυσπαίπαλος ἀμφιβέβηκεν,","ῥινὸς δ’ αὖτε δέμας δυσπαίπαλος ἀμφιβέβηκεν,",tlg0024.tlg001.perseus-grc2.xml
Cynegetica,tlg001,2,528,"ἄσχιστος κρατερός τε, τὸν οὔ κε μάλʼ οὐδὲ κραταιὸς","ἄσχιστος κρατερός τε, τὸν οὔ κε μάλ’ οὐδὲ κραταιὸς",tlg0024.tlg001.perseus-grc2.xml
Cynegetica,tlg001,2,529,θηκτὸς πανδαμάτωρ τε διατμήξειε σίδηρος.,θηκτὸς πανδαμάτωρ τε διατμήξειε σίδηρος.,tlg0024.tlg001.perseus-grc2.xml
Cynegetica,tlg001,2,530,θυμὸς ἀπειρέσιος πέλεται κατὰ δάσκιον ὕλην,θυμὸς ἀπειρέσιος πέλεται κατὰ δάσκιον ὕλην,tlg0024.tlg001.perseus-grc2.xml
Cynegetica,tlg001,2,531,ἄγριος· ἐν δὲ βροτοῖς τιθασὸς μερόπεσσι τʼ ἐνηής.,ἄγριος· ἐν δὲ βροτοῖς τιθασὸς μερόπεσσι τ’ ἐνηής.,tlg0024.tlg001.perseus-grc2.xml
Cynegetica,tlg001,2,532,ἐν μὲν ἄρα χλοερῇσι πολυκνήμοισί τε βήσσαις,ἐν μὲν ἄρα χλοερῇσι πολυκνήμοισί τε βήσσαις,tlg0024.tlg001.perseus-grc2.xml
Cynegetica,tlg001,2,533,καὶ φηγοὺς κοτίνους τε καὶ ὑψικάρηνα γένεθλα,καὶ φηγοὺς κοτίνους τε καὶ ὑψικάρηνα γένεθλα,tlg0024.tlg001.perseus-grc2.xml
Cynegetica,tlg001,2,534,"φοινίκων πρόρριζα κατὰ χθονὸς ἐξετάνυσσεν,","φοινίκων πρόρριζα κατὰ χθονὸς ἐξετάνυσσεν,",tlg0024.tlg001.perseus-grc2.xml
Cynegetica,tlg001,2,535,ἐγχρίμψας θηκτῇσιν ἀπειρεσίαις γενύεσσιν·,ἐγχρίμψας θηκτῇσιν ἀπειρεσίαις γενύεσσιν·,tlg0024.tlg001.perseus-grc2.xml
Cynegetica,tlg001,2,536,"ὁππότε δʼ ἐν μερόπων βριαρῇσι πέλει παλάμῃσι,","ὁππότε δ’ ἐν μερόπων βριαρῇσι πέλει παλάμῃσι,",tlg0024.tlg001.perseus-grc2.xml
Cynegetica,tlg001,2,537,"λήθετο μὲν θυμοῖο, λίπεν δέ μιν ἄγριον ἦτορ·","λήθετο μὲν θυμοῖο, λίπεν δέ μιν ἄγριον ἦτορ·",tlg0024.tlg001.perseus-grc2.xml
Cynegetica,tlg001,2,538,ἔτλη καὶ ζεύγλην καὶ χείλεσι δέκτο χαλινὰ,ἔτλη καὶ ζεύγλην καὶ χείλεσι δέκτο χαλινὰ,tlg0024.tlg001.perseus-grc2.xml
Cynegetica,tlg001,2,539,καὶ παῖδας νώτοισι φέρει σημάντορας ἔργων.,καὶ παῖδας νώτοισι φέρει σημάντορας ἔργων.,tlg0024.tlg001.perseus-grc2.xml
Cynegetica,tlg001,2,540,"φήμη δʼ ὡς ἐλέφαντες ἐπʼ ἀλλήλοις λαλέουσι,","φήμη δ’ ὡς ἐλέφαντες ἐπ’ ἀλλήλοις λαλέουσι,",tlg0024.tlg001.perseus-grc2.xml
Cynegetica,tlg001,2,541,φθογγὴν ἐκ στομάτων μεροπηΐδα τονθρύζοντες·,φθογγὴν ἐκ στομάτων μεροπηΐδα τονθρύζοντες·,tlg0024.tlg001.perseus-grc2.xml
Cynegetica,tlg001,2,542,"ἀλλʼ οὐ πᾶσιν ἀκουστὸς ἔφυ θήρειος ἀϋτή,","ἀλλ’ οὐ πᾶσιν ἀκουστὸς ἔφυ θήρειος ἀϋτή,",tlg0024.tlg001.perseus-grc2.xml
Cynegetica,tlg001,2,543,κεῖνοι δʼ εἰσαΐουσι μόνον τιθασεύτορες ἄνδρες.,κεῖνοι δ’ εἰσαΐουσι μόνον τιθασεύτορες ἄνδρες.,tlg0024.tlg001.perseus-grc2.xml
Cynegetica,tlg001,2,544,"θαῦμα δὲ καὶ τόδʼ ἄκουσα, κραταιοτάτους ἐλέφαντας","θαῦμα δὲ καὶ τόδ’ ἄκουσα, κραταιοτάτους ἐλέφαντας",tlg0024.tlg001.perseus-grc2.xml
Cynegetica,tlg001,2,545,"μαντικὸν ἐν στήθεσσιν ἔχειν κέαρ, ἀμφὶ δὲ θυμῷ","μαντικὸν ἐν στήθεσσιν ἔχειν κέαρ, ἀμφὶ δὲ θυμῷ",tlg0024.tlg001.perseus-grc2.xml
Cynegetica,tlg001,2,546,γινώσκειν σφετέροιο μόρου παρεοῦσαν ἀνάγκην.,γινώσκειν σφετέροιο μόρου παρεοῦσαν ἀνάγκην.,tlg0024.tlg001.perseus-grc2.xml
Cynegetica,tlg001,2,547,οὐκ ἄρα τοι μούνοισιν ἐν ὀρνίθεσσιν ἔασι,οὐκ ἄρα τοι μούνοισιν ἐν ὀρνίθεσσιν ἔασι,tlg0024.tlg001.perseus-grc2.xml
Cynegetica,tlg001,2,548,"κύκνοι μαντιπόλοι γόον ὕστατον ἀείδοντες,","κύκνοι μαντιπόλοι γόον ὕστατον ἀείδοντες,",tlg0024.tlg001.perseus-grc2.xml
Cynegetica,tlg001,2,549,ἀλλὰ καὶ ἐν θήρεσσιν ἑὴν θανάτοιο τελευτὴν,ἀλλὰ καὶ ἐν θήρεσσιν ἑὴν θανάτοιο τελευτὴν,tlg0024.tlg001.perseus-grc2.xml
Cynegetica,tlg001,2,550,φρασσάμενοι τόδε φῦλον ἰήλεμον ἐντύνουσι.,φρασσάμενοι τόδε φῦλον ἰήλεμον ἐντύνουσι.,tlg0024.tlg001.perseus-grc2.xml
Cynegetica,tlg001,2,551,Ῥινοκέρως δʼ ὄρυγος μὲν ἔφυ δέμας αἰθυκτῆρος,Ῥινοκέρως δ’ ὄρυγος μὲν ἔφυ δέμας αἰθυκτῆρος,tlg0024.tlg001.perseus-grc2.xml
Cynegetica,tlg001,2,552,"οὐ πολλὸν μείζων, ὀλίγον δʼ ὑπὲρ ἄκρια ῥινὸς","οὐ πολλὸν μείζων, ὀλίγον δ’ ὑπὲρ ἄκρια ῥινὸς",tlg0024.tlg001.perseus-grc2.xml
Cynegetica,tlg001,2,553,"ἀντέλλει κέρας αἰνόν, ἀκαχμένον, ἄγριον ἆορ·","ἀντέλλει κέρας αἰνόν, ἀκαχμένον, ἄγριον ἆορ·",tlg0024.tlg001.perseus-grc2.xml
Cynegetica,tlg001,2,554,"κείνῳ μὲν χαλκόν τε διατρήσειεν ὀρούσας,","κείνῳ μὲν χαλκόν τε διατρήσειεν ὀρούσας,",tlg0024.tlg001.perseus-grc2.xml
Cynegetica,tlg001,2,555,οὐτήσας βριαρήν τε διατμήξειε χαράδρην.,οὐτήσας βριαρήν τε διατμήξειε χαράδρην.,tlg0024.tlg001.perseus-grc2.xml
Cynegetica,tlg001,2,556,κεῖνος καὶ σθεναρῷ περ ἐφορμηθεὶς ἐλέφαντι,κεῖνος καὶ σθεναρῷ περ ἐφορμηθεὶς ἐλέφαντι,tlg0024.tlg001.perseus-grc2.xml
Cynegetica,tlg001,2,557,πολλάκις ἐν κονίῃσι νέκυν τοιοῦτον ἔθηκεν.,πολλάκις ἐν κονίῃσι νέκυν τοιοῦτον ἔθηκεν.,tlg0024.tlg001.perseus-grc2.xml
Cynegetica,tlg001,2,558,ἠρέμα δὲ ξανθοῖς ἐπὶ καλλικόμοισι μετώποις,ἠρέμα δὲ ξανθοῖς ἐπὶ καλλικόμοισι μετώποις,tlg0024.tlg001.perseus-grc2.xml
Cynegetica,tlg001,2,559,καὶ νώτῳ ῥαθάμιγγες ἐπήτριμα πορφύρουσι.,καὶ νώτῳ ῥαθάμιγγες ἐπήτριμα πορφύρουσι.,tlg0024.tlg001.perseus-grc2.xml
Cynegetica,tlg001,2,560,πάντες δʼ ἄρρενές εἰσι καὶ οὔποτε θῆλυς ὁρᾶται·,πάντες δ’ ἄρρενές εἰσι καὶ οὔποτε θῆλυς ὁρᾶται·,tlg0024.tlg001.perseus-grc2.xml
Cynegetica,tlg001,2,561,"καὶ πόθεν, οὐκ ἐδάην, φράζω δʼ οὖν ὡς δεδάηκα,","καὶ πόθεν, οὐκ ἐδάην, φράζω δ’ οὖν ὡς δεδάηκα,",tlg0024.tlg001.perseus-grc2.xml
Cynegetica,tlg001,2,562,"εἴτʼ οὖν ἐκ πέτρης ὀλοὸν τόδε φῦλον ἐπῆλθεν,","εἴτ’ οὖν ἐκ πέτρης ὀλοὸν τόδε φῦλον ἐπῆλθεν,",tlg0024.tlg001.perseus-grc2.xml
Cynegetica,tlg001,2,563,"εἴτʼ αὐτόχθονές εἰσιν, ἐπαντέλλουσι δὲ γαίης,","εἴτ’ αὐτόχθονές εἰσιν, ἐπαντέλλουσι δὲ γαίης,",tlg0024.tlg001.perseus-grc2.xml
Cynegetica,tlg001,2,564,"εἴτε πρὸς ἀλλήλων, τέρας ἄγριον, ἐκφύονται","εἴτε πρὸς ἀλλήλων, τέρας ἄγριον, ἐκφύονται",tlg0024.tlg001.perseus-grc2.xml
Cynegetica,tlg001,2,565,νόσφι πόθων καὶ νόσφι γάμων καὶ νόσφι τόκοιο.,νόσφι πόθων καὶ νόσφι γάμων καὶ νόσφι τόκοιο.,tlg0024.tlg001.perseus-grc2.xml
Cynegetica,tlg001,2,566,ἤδη καὶ διεροῖσιν ἐν ὑγροπόροιο θαλάσσης,ἤδη καὶ διεροῖσιν ἐν ὑγροπόροιο θαλάσσης,tlg0024.tlg001.perseus-grc2.xml
Cynegetica,tlg001,2,567,"βένθεσιν αὐτόρρεκτα φύει καὶ ἀμήτορα φῦλα,","βένθεσιν αὐτόρρεκτα φύει καὶ ἀμήτορα φῦλα,",tlg0024.tlg001.perseus-grc2.xml
Cynegetica,tlg001,2,568,ὄστρεά τʼ ἠπεδαναί τʼ ἀφύαι κόχλων τε γένεθλα,ὄστρεά τ’ ἠπεδαναί τ’ ἀφύαι κόχλων τε γένεθλα,tlg0024.tlg001.perseus-grc2.xml
Cynegetica,tlg001,2,569,"ὄστρακά τε στρόμβοι τε, τά τε ψαμάθοισι φύονται.","ὄστρακά τε στρόμβοι τε, τά τε ψαμάθοισι φύονται.",tlg0024.tlg001.perseus-grc2.xml
Cynegetica,tlg001,2,570,"Μοῦσα φίλη, βαιῶν οὔ μοι θέμις ἀμφὶς ἀείδειν·","Μοῦσα φίλη, βαιῶν οὔ μοι θέμις ἀμφὶς ἀείδειν·",tlg0024.tlg001.perseus-grc2.xml
Cynegetica,tlg001,2,571,"οὐτιδανοὺς λίπε θῆρας, ὅσοις μὴ κάρτος ὀπηδεῖ,","οὐτιδανοὺς λίπε θῆρας, ὅσοις μὴ κάρτος ὀπηδεῖ,",tlg0024.tlg001.perseus-grc2.xml
Cynegetica,tlg001,2,572,"πάνθηρας χαροποὺς ἠδʼ αἰλούρους κακοεργούς,","πάνθηρας χαροποὺς ἠδ’ αἰλούρους κακοεργούς,",tlg0024.tlg001.perseus-grc2.xml
Cynegetica,tlg001,2,573,"τοί τε κατοικιδίῃσιν ἐφωπλίσσαντο καλιαῖς,","τοί τε κατοικιδίῃσιν ἐφωπλίσσαντο καλιαῖς,",tlg0024.tlg001.perseus-grc2.xml
Cynegetica,tlg001,2,574,καὶ τυτθοὺς ἀταλοὺς ὀλιγοδρανέας τε μυωξούς·,καὶ τυτθοὺς ἀταλοὺς ὀλιγοδρανέας τε μυωξούς·,tlg0024.tlg001.perseus-grc2.xml
Cynegetica,tlg001,2,575,τοὶ δʼ ἤτοι σύμπασαν ἐπιμύουσι μένοντες,τοὶ δ’ ἤτοι σύμπασαν ἐπιμύουσι μένοντες,tlg0024.tlg001.perseus-grc2.xml
Cynegetica,tlg001,2,576,"χειμερίην ὥρην, δέμας ὕπνοισιν μεθύοντες·","χειμερίην ὥρην, δέμας ὕπνοισιν μεθύοντες·",tlg0024.tlg001.perseus-grc2.xml
Cynegetica,tlg001,2,577,"δύσμοροι, οὔτε βορὴν ἑλέειν, οὐ φέγγος ἰδέσθαι·","δύσμοροι, οὔτε βορὴν ἑλέειν, οὐ φέγγος ἰδέσθαι·",tlg0024.tlg001.perseus-grc2.xml
Cynegetica,tlg001,2,578,"φωλειοῖσι δʼ ἑοῖς ὕπνον τοσσοῦτον ἔχουσιν,","φωλειοῖσι δ’ ἑοῖς ὕπνον τοσσοῦτον ἔχουσιν,",tlg0024.tlg001.perseus-grc2.xml
Cynegetica,tlg001,2,579,"ᾗς νέκυες κεῖνται, δυσχείμερον οἶτον ἑλόντες.","ᾗς νέκυες κεῖνται, δυσχείμερον οἶτον ἑλόντες.",tlg0024.tlg001.perseus-grc2.xml
Cynegetica,tlg001,2,580,"αὐτὰρ ἐπὴν ἔαρος πρῶται γελάσωσιν ὀπωπαί,","αὐτὰρ ἐπὴν ἔαρος πρῶται γελάσωσιν ὀπωπαί,",tlg0024.tlg001.perseus-grc2.xml
Cynegetica,tlg001,2,581,"ἄνθεά τʼ ἐν λειμῶσι νέον γε μὲν ἡβήσειαν,","ἄνθεά τ’ ἐν λειμῶσι νέον γε μὲν ἡβήσειαν,",tlg0024.tlg001.perseus-grc2.xml
Cynegetica,tlg001,2,582,"νωθρὸν κινήσαντο δέμας μυχάτης ἀπὸ λόχμης,","νωθρὸν κινήσαντο δέμας μυχάτης ἀπὸ λόχμης,",tlg0024.tlg001.perseus-grc2.xml
Cynegetica,tlg001,2,583,"φάεά τʼ ἀμπετάσαντο καὶ ἔδρακον ἠελίου φῶς,","φάεά τ’ ἀμπετάσαντο καὶ ἔδρακον ἠελίου φῶς,",tlg0024.tlg001.perseus-grc2.xml
Cynegetica,tlg001,2,584,"καὶ γλυκερῆς νεοτερπὲς ἐδητύος ἐμνήσαντο,","καὶ γλυκερῆς νεοτερπὲς ἐδητύος ἐμνήσαντο,",tlg0024.tlg001.perseus-grc2.xml
Cynegetica,tlg001,2,585,αὖθις δὲ ζωοί τε πάλιν τʼ ἐγένοντο μυωξοί.,αὖθις δὲ ζωοί τε πάλιν τ’ ἐγένοντο μυωξοί.,tlg0024.tlg001.perseus-grc2.xml
Cynegetica,tlg001,2,586,"λείπω καὶ λάσιον γένος οὐτιδανοῖο σκιούρου,","λείπω καὶ λάσιον γένος οὐτιδανοῖο σκιούρου,",tlg0024.tlg001.perseus-grc2.xml
Cynegetica,tlg001,2,587,ὅς ῥά νύ τοι θέρεος μεσάτου φλογερῇσιν ἐν ὥραις,ὅς ῥά νύ τοι θέρεος μεσάτου φλογερῇσιν ἐν ὥραις,tlg0024.tlg001.perseus-grc2.xml
Cynegetica,tlg001,2,588,οὐρὴν ἀντέλλει σκέπας αὐτορόφοιο μελάθρου·,οὐρὴν ἀντέλλει σκέπας αὐτορόφοιο μελάθρου·,tlg0024.tlg001.perseus-grc2.xml
Cynegetica,tlg001,2,589,οἷον δή νυ ταῶνες ἑὸν δέμας ἀγλαόμορφον,οἷον δή νυ ταῶνες ἑὸν δέμας ἀγλαόμορφον,tlg0024.tlg001.perseus-grc2.xml
Cynegetica,tlg001,2,590,γραπτὸν ἐπισκιάουσιν ἀριπρεπὲς αἰολόνωτον·,γραπτὸν ἐπισκιάουσιν ἀριπρεπὲς αἰολόνωτον·,tlg0024.tlg001.perseus-grc2.xml
Cynegetica,tlg001,2,591,τῶν οὐδὲν μερόπεσσι Διὸς τεχνήσατο μῆτις,τῶν οὐδὲν μερόπεσσι Διὸς τεχνήσατο μῆτις,tlg0024.tlg001.perseus-grc2.xml
Cynegetica,tlg001,2,592,"τερπνότερον φαιδροῖσιν ἐν ὄμμασιν εἰσοράασθαι,","τερπνότερον φαιδροῖσιν ἐν ὄμμασιν εἰσοράασθαι,",tlg0024.tlg001.perseus-grc2.xml
Cynegetica,tlg001,2,593,"οὐδʼ ὅσα πανδώτειραν ἐπὶ χθόνα μητέρα βαίνει,","οὐδ’ ὅσα πανδώτειραν ἐπὶ χθόνα μητέρα βαίνει,",tlg0024.tlg001.perseus-grc2.xml
Cynegetica,tlg001,2,594,"οὐδʼ ὁπόσα πτερύγεσσιν ἐπʼ ἠέρα πουλὺν ὁδεύει,","οὐδ’ ὁπόσα πτερύγεσσιν ἐπ’ ἠέρα πουλὺν ὁδεύει,",tlg0024.tlg001.perseus-grc2.xml
Cynegetica,tlg001,2,595,οὐδὲ μὲν ὅσσα βυθοῖσιν ἐπʼ ἄγρια κύματα τέμνει·,οὐδὲ μὲν ὅσσα βυθοῖσιν ἐπ’ ἄγρια κύματα τέμνει·,tlg0024.tlg001.perseus-grc2.xml
Cynegetica,tlg001,2,596,τοῖον ἐπʼ ὀρνίθεσσιν ἀριζήλοις ἀμαρύσσει,τοῖον ἐπ’ ὀρνίθεσσιν ἀριζήλοις ἀμαρύσσει,tlg0024.tlg001.perseus-grc2.xml
Cynegetica,tlg001,2,597,χρυσῷ πορφύροντι μεμιγμένον αἰθόμενον πῦρ.,χρυσῷ πορφύροντι μεμιγμένον αἰθόμενον πῦρ.,tlg0024.tlg001.perseus-grc2.xml
Cynegetica,tlg001,2,598,οὐκ ἐρέω κρυερὸν γένος ὀκριόεντος ἐχίνου,οὐκ ἐρέω κρυερὸν γένος ὀκριόεντος ἐχίνου,tlg0024.tlg001.perseus-grc2.xml
Cynegetica,tlg001,2,599,μείονος· ἀμφίδυμοι γὰρ ἐχίνοις ὀξυκόμοισιν,μείονος· ἀμφίδυμοι γὰρ ἐχίνοις ὀξυκόμοισιν,tlg0024.tlg001.perseus-grc2.xml
Cynegetica,tlg001,2,600,ἀργαλέαι μορφαὶ κρυερόν τε περίδρομον ἕρκος·,ἀργαλέαι μορφαὶ κρυερόν τε περίδρομον ἕρκος·,tlg0024.tlg001.perseus-grc2.xml
Cynegetica,tlg001,2,601,"οἱ μὲν γὰρ βαιοί τε καὶ οὐτιδανοὶ τελέθουσι,","οἱ μὲν γὰρ βαιοί τε καὶ οὐτιδανοὶ τελέθουσι,",tlg0024.tlg001.perseus-grc2.xml
Cynegetica,tlg001,2,602,τυτθῇσι φρίσσοντες ἐπὶ προβλῆσιν ἀκάνθαις·,τυτθῇσι φρίσσοντες ἐπὶ προβλῆσιν ἀκάνθαις·,tlg0024.tlg001.perseus-grc2.xml
Cynegetica,tlg001,2,603,"οἱ δʼ ἄρα καὶ μεγέθει πολὺ μείζονες, ἠδʼ ἑκάτερθεν","οἱ δ’ ἄρα καὶ μεγέθει πολὺ μείζονες, ἠδ’ ἑκάτερθεν",tlg0024.tlg001.perseus-grc2.xml
Cynegetica,tlg001,2,604,ὀξέα πεφρίκασιν ἀρειστέρῃσιν ἀκωκαῖς.,ὀξέα πεφρίκασιν ἀρειστέρῃσιν ἀκωκαῖς.,tlg0024.tlg001.perseus-grc2.xml
Cynegetica,tlg001,2,605,"λείπω τρισσὰ γένεθλα, κακὸν μίμημα, πιθήκων·","λείπω τρισσὰ γένεθλα, κακὸν μίμημα, πιθήκων·",tlg0024.tlg001.perseus-grc2.xml
Cynegetica,tlg001,2,606,"τίς γὰρ ἂν οὐ στυγέοι τοῖον γένος, αἰσχρὸν ἰδέσθαι,","τίς γὰρ ἂν οὐ στυγέοι τοῖον γένος, αἰσχρὸν ἰδέσθαι,",tlg0024.tlg001.perseus-grc2.xml
Cynegetica,tlg001,2,607,"ἀβληχρόν, στυγερόν, δυσδέρκετον, αἰολόβουλον;","ἀβληχρόν, στυγερόν, δυσδέρκετον, αἰολόβουλον;",tlg0024.tlg001.perseus-grc2.xml
Cynegetica,tlg001,2,608,κεῖνοι καὶ φίλα τέκνα δυσειδέα δοιὰ τεκόντες,κεῖνοι καὶ φίλα τέκνα δυσειδέα δοιὰ τεκόντες,tlg0024.tlg001.perseus-grc2.xml
Cynegetica,tlg001,2,609,"οὐκ ἀμφοῖν ἀτάλαντον ἑὴν μερίσαντο ποθητύν,","οὐκ ἀμφοῖν ἀτάλαντον ἑὴν μερίσαντο ποθητύν,",tlg0024.tlg001.perseus-grc2.xml
Cynegetica,tlg001,2,610,"ἀλλὰ τὸ μὲν φιλέουσι, τὸ δʼ ἐχθαίρουσι χόλοισιν·","ἀλλὰ τὸ μὲν φιλέουσι, τὸ δ’ ἐχθαίρουσι χόλοισιν·",tlg0024.tlg001.perseus-grc2.xml
Cynegetica,tlg001,2,611,αὐταῖς δʼ ἀγκαλίδεσσιν ἑῶν τέθνηκε τοκήων.,αὐταῖς δ’ ἀγκαλίδεσσιν ἑῶν τέθνηκε τοκήων.,tlg0024.tlg001.perseus-grc2.xml
Cynegetica,tlg001,2,612,οὐ μὲν θὴν οὐδʼ ἀσπαλάκων αὐτόχθονα φῦλα,οὐ μὲν θὴν οὐδ’ ἀσπαλάκων αὐτόχθονα φῦλα,tlg0024.tlg001.perseus-grc2.xml
Cynegetica,tlg001,2,613,"ποιοφάγων, ἀλαῶν, μέλπειν ἐθέλουσιν ἀοιδαί,","ποιοφάγων, ἀλαῶν, μέλπειν ἐθέλουσιν ἀοιδαί,",tlg0024.tlg001.perseus-grc2.xml
Cynegetica,tlg001,2,614,εἰ καὶ βάξις ἄπιστος ἐπʼ ἀνθρώπους ἐπέρησεν,εἰ καὶ βάξις ἄπιστος ἐπ’ ἀνθρώπους ἐπέρησεν,tlg0024.tlg001.perseus-grc2.xml
Cynegetica,tlg001,2,615,ἀσπάλακας βασιλῆος ἀφʼ αἵματος εὐχετάασθαι,ἀσπάλακας βασιλῆος ἀφ’ αἵματος εὐχετάασθαι,tlg0024.tlg001.perseus-grc2.xml
Cynegetica,tlg001,2,616,"Φινέος, ὅν ῥʼ ἀτίτηλε κλυτὴ Θρήϊσσα κολώνη·","Φινέος, ὅν ῥ’ ἀτίτηλε κλυτὴ Θρήϊσσα κολώνη·",tlg0024.tlg001.perseus-grc2.xml
Cynegetica,tlg001,2,617,"Φινέϊ γάρ ποτε δὴ Φαέθων ἐκοτέσσατο Τιτάν,","Φινέϊ γάρ ποτε δὴ Φαέθων ἐκοτέσσατο Τιτάν,",tlg0024.tlg001.perseus-grc2.xml
Cynegetica,tlg001,2,618,"μαντιπόλου Φοίβοιο χολωσάμενος περὶ νίκης,","μαντιπόλου Φοίβοιο χολωσάμενος περὶ νίκης,",tlg0024.tlg001.perseus-grc2.xml
Cynegetica,tlg001,2,619,"καί οἱ φέγγος ἄμερσεν, ἀναιδέα φῦλα δʼ ἔπεμψεν","καί οἱ φέγγος ἄμερσεν, ἀναιδέα φῦλα δ’ ἔπεμψεν",tlg0024.tlg001.perseus-grc2.xml
Cynegetica,tlg001,2,620,"ἁρπυίας, πτερόεντα παρέστια πικρὰ γένεθλα.","ἁρπυίας, πτερόεντα παρέστια πικρὰ γένεθλα.",tlg0024.tlg001.perseus-grc2.xml
Cynegetica,tlg001,2,621,ἀλλʼ ἐπεὶ οὖν περόωντο μετὰ χρύσειον ἄεθλον,ἀλλ’ ἐπεὶ οὖν περόωντο μετὰ χρύσειον ἄεθλον,tlg0024.tlg001.perseus-grc2.xml
Cynegetica,tlg001,2,622,Ἀργώης ἐπὶ νηὸς Ἰήσονι συμπονέοντες,Ἀργώης ἐπὶ νηὸς Ἰήσονι συμπονέοντες,tlg0024.tlg001.perseus-grc2.xml
Cynegetica,tlg001,2,623,"παῖδε Βορειόνεω Ζήτης Κάλαΐς τε κλεεννώ,","παῖδε Βορειόνεω Ζήτης Κάλαΐς τε κλεεννώ,",tlg0024.tlg001.perseus-grc2.xml
Cynegetica,tlg001,2,624,"οἰκτείραντε γέροντα κατέκτειναν τότε φῦλα,","οἰκτείραντε γέροντα κατέκτειναν τότε φῦλα,",tlg0024.tlg001.perseus-grc2.xml
Cynegetica,tlg001,2,625,καὶ γλυκερὴν μελέοισι δόσαν στομάτεσσιν ἐδητύν.,καὶ γλυκερὴν μελέοισι δόσαν στομάτεσσιν ἐδητύν.,tlg0024.tlg001.perseus-grc2.xml
Cynegetica,tlg001,2,626,"ἀλλʼ οὐδʼ ὣς Φαέθων χόλον εὔνασεν, ἀλλά μιν αἶψα","ἀλλ’ οὐδ’ ὣς Φαέθων χόλον εὔνασεν, ἀλλά μιν αἶψα",tlg0024.tlg001.perseus-grc2.xml
Cynegetica,tlg001,2,627,ἀσπαλάκων ποίησε γένος μὴ πρόσθεν ἐόντων·,ἀσπαλάκων ποίησε γένος μὴ πρόσθεν ἐόντων·,tlg0024.tlg001.perseus-grc2.xml
Cynegetica,tlg001,2,628,τοὔνεκα νῦν ἀλαόν τε μένει καὶ λάβρον ἐδωδαῖς.,τοὔνεκα νῦν ἀλαόν τε μένει καὶ λάβρον ἐδωδαῖς.,tlg0024.tlg001.perseus-grc2.xml
Cynegetica,tlg001,3,1,"ἀλλʼ ὅτε δὴ κεραῶν ἠείσαμεν ἔθνεα θηρῶν,","ἀλλ’ ὅτε δὴ κεραῶν ἠείσαμεν ἔθνεα θηρῶν,",tlg0024.tlg001.perseus-grc2.xml
Cynegetica,tlg001,3,2,ταύρους ἠδʼ ἐλάφους ἠδʼ εὐρυκέρωτας ἀγαυοὺς,ταύρους ἠδ’ ἐλάφους ἠδ’ εὐρυκέρωτας ἀγαυοὺς,tlg0024.tlg001.perseus-grc2.xml
Cynegetica,tlg001,3,3,καὶ δόρκους ὄρυγάς τε καὶ αἰγλήεντας ἰορκοὺς,καὶ δόρκους ὄρυγάς τε καὶ αἰγλήεντας ἰορκοὺς,tlg0024.tlg001.perseus-grc2.xml
Cynegetica,tlg001,3,4,"ἄλλα θʼ ὅσοισιν ὕπερθε καρήατα τευχήεντα,","ἄλλα θ’ ὅσοισιν ὕπερθε καρήατα τευχήεντα,",tlg0024.tlg001.perseus-grc2.xml
Cynegetica,tlg001,3,5,"νῦν ἄγε καρχαρόδοντα, θεά, φράζωμεν ὅμιλον","νῦν ἄγε καρχαρόδοντα, θεά, φράζωμεν ὅμιλον",tlg0024.tlg001.perseus-grc2.xml
Cynegetica,tlg001,3,6,σαρκοφάγων θηρῶν καὶ χαυλιόδοντα γένεθλα.,σαρκοφάγων θηρῶν καὶ χαυλιόδοντα γένεθλα.,tlg0024.tlg001.perseus-grc2.xml
Cynegetica,tlg001,3,7,πρωτίστην δὲ λέοντι κλυτὴν ἀναθώμεθα μολπήν.,πρωτίστην δὲ λέοντι κλυτὴν ἀναθώμεθα μολπήν.,tlg0024.tlg001.perseus-grc2.xml
Cynegetica,tlg001,3,8,Ζηνὸς ἔσαν θρεπτῆρες ὑπερμενέος Κρονίδαο,Ζηνὸς ἔσαν θρεπτῆρες ὑπερμενέος Κρονίδαο,tlg0024.tlg001.perseus-grc2.xml
Cynegetica,tlg001,3,9,"νηπιάχου Κουρῆτες, ὅτʼ ἀρτίγονόν μιν ἐόντα","νηπιάχου Κουρῆτες, ὅτ’ ἀρτίγονόν μιν ἐόντα",tlg0024.tlg001.perseus-grc2.xml
Cynegetica,tlg001,3,10,ἀραμένη γενετῆρος ἀμειλίκτοιο Κρόνοιο,ἀραμένη γενετῆρος ἀμειλίκτοιο Κρόνοιο,tlg0024.tlg001.perseus-grc2.xml
Cynegetica,tlg001,3,11,κλεψιτόκος Ῥείη κόλποις ἐνικάτθετο Κρήτης.,κλεψιτόκος Ῥείη κόλποις ἐνικάτθετο Κρήτης.,tlg0024.tlg001.perseus-grc2.xml
Cynegetica,tlg001,3,12,Οὐρανίδης δʼ ἐσιδὼν κρατερὸν νεοθηλέα παῖδα,Οὐρανίδης δ’ ἐσιδὼν κρατερὸν νεοθηλέα παῖδα,tlg0024.tlg001.perseus-grc2.xml
Cynegetica,tlg001,3,13,πρώτους ἀμφήλλαξε Διὸς ῥυτῆρας ἀγαυοὺς,πρώτους ἀμφήλλαξε Διὸς ῥυτῆρας ἀγαυοὺς,tlg0024.tlg001.perseus-grc2.xml
Cynegetica,tlg001,3,14,καὶ θῆρας ποίησεν ἀμειψάμενος Κουρῆτας.,καὶ θῆρας ποίησεν ἀμειψάμενος Κουρῆτας.,tlg0024.tlg001.perseus-grc2.xml
Cynegetica,tlg001,3,15,"οἱ δʼ ἄρʼ, ἐπεὶ βουλῇσι θεοῦ μεροπηΐδα μορφὴν","οἱ δ’ ἄρ’, ἐπεὶ βουλῇσι θεοῦ μεροπηΐδα μορφὴν",tlg0024.tlg001.perseus-grc2.xml
Cynegetica,tlg001,3,16,"ἀμφεβάλοντο Κρόνοιο καὶ ἀμφιέσαντο λέοντας,","ἀμφεβάλοντο Κρόνοιο καὶ ἀμφιέσαντο λέοντας,",tlg0024.tlg001.perseus-grc2.xml
Cynegetica,tlg001,3,17,δώροισιν μετόπισθε Διὸς μέγα κοιρανέουσι,δώροισιν μετόπισθε Διὸς μέγα κοιρανέουσι,tlg0024.tlg001.perseus-grc2.xml
Cynegetica,tlg001,3,18,θηρσὶν ὀρειαύλοις καὶ ῥιγεδανὸν θοὸν ἅρμα,θηρσὶν ὀρειαύλοις καὶ ῥιγεδανὸν θοὸν ἅρμα,tlg0024.tlg001.perseus-grc2.xml
Cynegetica,tlg001,3,19,Ῥείης εὐώδινος ὑπὸ ζεύγλῃσιν ἄγουσιν.,Ῥείης εὐώδινος ὑπὸ ζεύγλῃσιν ἄγουσιν.,tlg0024.tlg001.perseus-grc2.xml
Cynegetica,tlg001,3,20,αἰόλα φῦλα δὲ τοῖσι καὶ εἴδεα θηρσὶν ἑκάστοις.,αἰόλα φῦλα δὲ τοῖσι καὶ εἴδεα θηρσὶν ἑκάστοις.,tlg0024.tlg001.perseus-grc2.xml
Cynegetica,tlg001,3,21,"τοὺς μέν νυν προχοῇσι πολυρραθάγου ποταμοῖο,","τοὺς μέν νυν προχοῇσι πολυρραθάγου ποταμοῖο,",tlg0024.tlg001.perseus-grc2.xml
Cynegetica,tlg001,3,22,"Τίρει ἐπʼ εὐρυρέοντι, κυήσατο τοξεύτειρα","Τίρει ἐπ’ εὐρυρέοντι, κυήσατο τοξεύτειρα",tlg0024.tlg001.perseus-grc2.xml
Cynegetica,tlg001,3,23,"Ἀρμενίη Πάρθων τε πολύσπορος εὔβοτος αἶα,","Ἀρμενίη Πάρθων τε πολύσπορος εὔβοτος αἶα,",tlg0024.tlg001.perseus-grc2.xml
Cynegetica,tlg001,3,24,ξανθοκόμαι τελέθουσι καὶ οὐ τόσον ἀλκήεντες.,ξανθοκόμαι τελέθουσι καὶ οὐ τόσον ἀλκήεντες.,tlg0024.tlg001.perseus-grc2.xml
Cynegetica,tlg001,3,25,"πάσσονα μὲν φορέουσι δέρην, μεγάλην δέ τε κόρσην,","πάσσονα μὲν φορέουσι δέρην, μεγάλην δέ τε κόρσην,",tlg0024.tlg001.perseus-grc2.xml
Cynegetica,tlg001,3,26,"ὄμματα δʼ αἰγλήεντα καὶ ὀφρύας ὕψι βαθείας,","ὄμματα δ’ αἰγλήεντα καὶ ὀφρύας ὕψι βαθείας,",tlg0024.tlg001.perseus-grc2.xml
Cynegetica,tlg001,3,27,ἀμφιλαφεῖς ἐπὶ ῥῖνα κατηφέας· ἐκ δʼ ἄρα δειρῆς,ἀμφιλαφεῖς ἐπὶ ῥῖνα κατηφέας· ἐκ δ’ ἄρα δειρῆς,tlg0024.tlg001.perseus-grc2.xml
Cynegetica,tlg001,3,28,καὶ γενύων ἑκάτερθε θοαὶ κομόωσιν ἔθειραι.,καὶ γενύων ἑκάτερθε θοαὶ κομόωσιν ἔθειραι.,tlg0024.tlg001.perseus-grc2.xml
Cynegetica,tlg001,3,29,"τοὺς δὲ τρέφει μεγάδωρος Ἐρεμβῶν αὖθις ἄρουρα,","τοὺς δὲ τρέφει μεγάδωρος Ἐρεμβῶν αὖθις ἄρουρα,",tlg0024.tlg001.perseus-grc2.xml
Cynegetica,tlg001,3,30,"τὴν ἔθνη μερόπων εὐδαίμονα κικλήσκουσι,","τὴν ἔθνη μερόπων εὐδαίμονα κικλήσκουσι,",tlg0024.tlg001.perseus-grc2.xml
Cynegetica,tlg001,3,31,δειραὶ κἀκείνοις καὶ στήθεα λαχνήεντα,δειραὶ κἀκείνοις καὶ στήθεα λαχνήεντα,tlg0024.tlg001.perseus-grc2.xml
Cynegetica,tlg001,3,32,"καὶ πυρὸς ἀστράπτουσιν ἀπʼ ὀφθαλμῶν ἀμαρυγαί,","καὶ πυρὸς ἀστράπτουσιν ἀπ’ ὀφθαλμῶν ἀμαρυγαί,",tlg0024.tlg001.perseus-grc2.xml
Cynegetica,tlg001,3,33,ἔξοχα δʼ ἐν πάντεσσιν ἀρίζηλοι τελέθουσιν·,ἔξοχα δ’ ἐν πάντεσσιν ἀρίζηλοι τελέθουσιν·,tlg0024.tlg001.perseus-grc2.xml
Cynegetica,tlg001,3,34,ἀλλʼ ὀλίγον τούτων γένος ἔλλαχε μυρίος αἶα.,ἀλλ’ ὀλίγον τούτων γένος ἔλλαχε μυρίος αἶα.,tlg0024.tlg001.perseus-grc2.xml
Cynegetica,tlg001,3,35,πουλὺς δʼ ἐν Λιβύῃ ἐριβώλακι διψάδι γαίῃ,πουλὺς δ’ ἐν Λιβύῃ ἐριβώλακι διψάδι γαίῃ,tlg0024.tlg001.perseus-grc2.xml
Cynegetica,tlg001,3,36,"ὄχλος ἐπιβρομέει βριαρῶν βρύχημα λεόντων,","ὄχλος ἐπιβρομέει βριαρῶν βρύχημα λεόντων,",tlg0024.tlg001.perseus-grc2.xml
Cynegetica,tlg001,3,37,"οὐκέτι λαχνήεις, ὀλίγη δʼ ἐπιδέδρομεν αἴγλη·","οὐκέτι λαχνήεις, ὀλίγη δ’ ἐπιδέδρομεν αἴγλη·",tlg0024.tlg001.perseus-grc2.xml
Cynegetica,tlg001,3,38,σμερδαλέος δὲ πρόσωπα καὶ αὐχένα· πᾶσι δὲ γυίοις,σμερδαλέος δὲ πρόσωπα καὶ αὐχένα· πᾶσι δὲ γυίοις,tlg0024.tlg001.perseus-grc2.xml
Cynegetica,tlg001,3,39,ἦκα μέλαν κυάνοιο φέρει μεμορυγμένον ἄνθος·,ἦκα μέλαν κυάνοιο φέρει μεμορυγμένον ἄνθος·,tlg0024.tlg001.perseus-grc2.xml
Cynegetica,tlg001,3,40,ἀλκὴ δʼ ἐν μελέεσσιν ἀπείριτος ἠδὲ λεόντων,ἀλκὴ δ’ ἐν μελέεσσιν ἀπείριτος ἠδὲ λεόντων,tlg0024.tlg001.perseus-grc2.xml
Cynegetica,tlg001,3,41,κοιρανικῶν Λίβυες μέγα κοιρανέουσι λέοντες.,κοιρανικῶν Λίβυες μέγα κοιρανέουσι λέοντες.,tlg0024.tlg001.perseus-grc2.xml
Cynegetica,tlg001,3,42,"ἐκ δέ ποτʼ Αἰθιόπων Λιβύην ἠμείψατο γαῖαν,","ἐκ δέ ποτ’ Αἰθιόπων Λιβύην ἠμείψατο γαῖαν,",tlg0024.tlg001.perseus-grc2.xml
Cynegetica,tlg001,3,43,"θαῦμα μέγʼ εἰσιδέειν, μελανόχροος ἠΰκομος λῖς,","θαῦμα μέγ’ εἰσιδέειν, μελανόχροος ἠΰκομος λῖς,",tlg0024.tlg001.perseus-grc2.xml
Cynegetica,tlg001,3,44,"εὐρὺς ὕπερθε κάρηνα, πόδας δασύς, ὄμμασιν αἶθοψ,","εὐρὺς ὕπερθε κάρηνα, πόδας δασύς, ὄμμασιν αἶθοψ,",tlg0024.tlg001.perseus-grc2.xml
Cynegetica,tlg001,3,45,μούνοισι ξανθοῖς φοινισσόμενος στομάτεσσιν.,μούνοισι ξανθοῖς φοινισσόμενος στομάτεσσιν.,tlg0024.tlg001.perseus-grc2.xml
Cynegetica,tlg001,3,46,"ἔδρακον, οὐ πυθόμην, κεῖνόν ποτε θῆρα δαφοινόν,","ἔδρακον, οὐ πυθόμην, κεῖνόν ποτε θῆρα δαφοινόν,",tlg0024.tlg001.perseus-grc2.xml
Cynegetica,tlg001,3,47,κοιρανικοῖς τʼ ἔμολεν διαπόμπιμος ὀφθαλμοῖσιν.,κοιρανικοῖς τ’ ἔμολεν διαπόμπιμος ὀφθαλμοῖσιν.,tlg0024.tlg001.perseus-grc2.xml
Cynegetica,tlg001,3,48,"φορβῆς οὐ χατέει πάντʼ ἤματα φῦλα λεόντων,","φορβῆς οὐ χατέει πάντ’ ἤματα φῦλα λεόντων,",tlg0024.tlg001.perseus-grc2.xml
Cynegetica,tlg001,3,49,"ἀλλὰ τὸ μὲν δόρποισι μέλει, τὸ δέ τʼ αὖτε πόνοισιν·","ἀλλὰ τὸ μὲν δόρποισι μέλει, τὸ δέ τ’ αὖτε πόνοισιν·",tlg0024.tlg001.perseus-grc2.xml
Cynegetica,tlg001,3,50,"οὐδʼ ὕπνον μυχάτοισιν ἔχει παρὰ τέρμασι πέτρης,","οὐδ’ ὕπνον μυχάτοισιν ἔχει παρὰ τέρμασι πέτρης,",tlg0024.tlg001.perseus-grc2.xml
Cynegetica,tlg001,3,51,"ἀμφαδὸν ὑπνώει δέ, θρασύφρονα θυμὸν ἑλίσσων,","ἀμφαδὸν ὑπνώει δέ, θρασύφρονα θυμὸν ἑλίσσων,",tlg0024.tlg001.perseus-grc2.xml
Cynegetica,tlg001,3,52,εὕδει δʼ ἔνθα κίχῃσιν ὑπείροχος ἑσπερίη νύξ.,εὕδει δ’ ἔνθα κίχῃσιν ὑπείροχος ἑσπερίη νύξ.,tlg0024.tlg001.perseus-grc2.xml
Cynegetica,tlg001,3,53,"ἔκλυον αὖ κἀκεῖνο λεοντοκόμων αἰζηῶν,","ἔκλυον αὖ κἀκεῖνο λεοντοκόμων αἰζηῶν,",tlg0024.tlg001.perseus-grc2.xml
Cynegetica,tlg001,3,54,δεξιτερὴν ὑπὸ χεῖρα φέρειν αἴθωνα λέοντα,δεξιτερὴν ὑπὸ χεῖρα φέρειν αἴθωνα λέοντα,tlg0024.tlg001.perseus-grc2.xml
Cynegetica,tlg001,3,55,"νάρκα θοήν, τῇ πάντα λυγοῦν ἄπο γούνατα θηρῶν.","νάρκα θοήν, τῇ πάντα λυγοῦν ἄπο γούνατα θηρῶν.",tlg0024.tlg001.perseus-grc2.xml
Cynegetica,tlg001,3,56,Πεντάκι θηλυτέρη δὲ τόκων ἀπελύσατο ζώνην·,Πεντάκι θηλυτέρη δὲ τόκων ἀπελύσατο ζώνην·,tlg0024.tlg001.perseus-grc2.xml
Cynegetica,tlg001,3,57,"βάξις δʼ ἀτρεκέως ἀνεμώλιος, ὡς ἕνα τίκτει.","βάξις δ’ ἀτρεκέως ἀνεμώλιος, ὡς ἕνα τίκτει.",tlg0024.tlg001.perseus-grc2.xml
Cynegetica,tlg001,3,58,πέντε φέρει πρώτιστον· ἀτὰρ πίσυρας μετέπειτα,πέντε φέρει πρώτιστον· ἀτὰρ πίσυρας μετέπειτα,tlg0024.tlg001.perseus-grc2.xml
Cynegetica,tlg001,3,59,"ὠδίνει σκύμνους, κατά θʼ ἑξείης ὑπένερθε","ὠδίνει σκύμνους, κατά θ’ ἑξείης ὑπένερθε",tlg0024.tlg001.perseus-grc2.xml
Cynegetica,tlg001,3,60,νηδύος ἐκ τριτάτης τρεῖς ἔκθορον· ἐκ δὲ τετάρτης,νηδύος ἐκ τριτάτης τρεῖς ἔκθορον· ἐκ δὲ τετάρτης,tlg0024.tlg001.perseus-grc2.xml
Cynegetica,tlg001,3,61,ἀμφίδυμοι παῖδες· πύματον δʼ ἕνα γείνατο μήτηρ,ἀμφίδυμοι παῖδες· πύματον δ’ ἕνα γείνατο μήτηρ,tlg0024.tlg001.perseus-grc2.xml
Cynegetica,tlg001,3,62,γαστρὸς ἀριστοτόκοιο κλυτὸν βασιλῆα λέοντα.,γαστρὸς ἀριστοτόκοιο κλυτὸν βασιλῆα λέοντα.,tlg0024.tlg001.perseus-grc2.xml
Cynegetica,tlg001,3,63,Πορδάλιες δʼ ὀλοαὶ δίδυμον γένος· αἱ μὲν ἔασι,Πορδάλιες δ’ ὀλοαὶ δίδυμον γένος· αἱ μὲν ἔασι,tlg0024.tlg001.perseus-grc2.xml
Cynegetica,tlg001,3,64,"μείζους εἰσιδέειν καὶ πάσσονες εὐρέα νῶτα,","μείζους εἰσιδέειν καὶ πάσσονες εὐρέα νῶτα,",tlg0024.tlg001.perseus-grc2.xml
Cynegetica,tlg001,3,65,αἱ δέ τʼ ὀλιζότεραι μὲν ἀτὰρ μένος οὔτι χερείους·,αἱ δέ τ’ ὀλιζότεραι μὲν ἀτὰρ μένος οὔτι χερείους·,tlg0024.tlg001.perseus-grc2.xml
Cynegetica,tlg001,3,66,"εἴδεα δʼ ἀμφοτέρῃσιν ὁμοίϊα δαιδάλλονται,","εἴδεα δ’ ἀμφοτέρῃσιν ὁμοίϊα δαιδάλλονται,",tlg0024.tlg001.perseus-grc2.xml
Cynegetica,tlg001,3,67,"νόσφι μόνης οὐρῆς, τῇ τʼ ἔμπαλιν εἰσοράαται·","νόσφι μόνης οὐρῆς, τῇ τ’ ἔμπαλιν εἰσοράαται·",tlg0024.tlg001.perseus-grc2.xml
Cynegetica,tlg001,3,68,"μείοσι μὲν μείζων τελέθει, μεγάλῃσι δὲ μείων.","μείοσι μὲν μείζων τελέθει, μεγάλῃσι δὲ μείων.",tlg0024.tlg001.perseus-grc2.xml
Cynegetica,tlg001,3,69,"εὐπαγέες μηροί, δολιχὸν δέμας, ὄμμα φαεινόν·","εὐπαγέες μηροί, δολιχὸν δέμας, ὄμμα φαεινόν·",tlg0024.tlg001.perseus-grc2.xml
Cynegetica,tlg001,3,70,"γλαυκιόωσι κόραι βλεφάροις ὕπο μαρμαίρουσαι,","γλαυκιόωσι κόραι βλεφάροις ὕπο μαρμαίρουσαι,",tlg0024.tlg001.perseus-grc2.xml
Cynegetica,tlg001,3,71,"γλαυκιόωσιν ὁμοῦ τε καὶ ἔνδοθι φοινίσσονται,","γλαυκιόωσιν ὁμοῦ τε καὶ ἔνδοθι φοινίσσονται,",tlg0024.tlg001.perseus-grc2.xml
Cynegetica,tlg001,3,72,"αἰθομέναις ἴκελαι, πυριλαμπέες· αὐτὰρ ἔνερθεν","αἰθομέναις ἴκελαι, πυριλαμπέες· αὐτὰρ ἔνερθεν",tlg0024.tlg001.perseus-grc2.xml
Cynegetica,tlg001,3,73,ὠχροί τʼ ἰοτόκοι τε περὶ στομάτεσσιν ὀδόντες.,ὠχροί τ’ ἰοτόκοι τε περὶ στομάτεσσιν ὀδόντες.,tlg0024.tlg001.perseus-grc2.xml
Cynegetica,tlg001,3,74,"ῥινὸς δαιδαλέος, χροιῇ τʼ ἐπὶ παμφανοώσῃ","ῥινὸς δαιδαλέος, χροιῇ τ’ ἐπὶ παμφανοώσῃ",tlg0024.tlg001.perseus-grc2.xml
Cynegetica,tlg001,3,75,"ἠερόεις, πυκινῇσι μελαινομένῃσιν ὀπωπαῖς.","ἠερόεις, πυκινῇσι μελαινομένῃσιν ὀπωπαῖς.",tlg0024.tlg001.perseus-grc2.xml
Cynegetica,tlg001,3,76,"ὠκύτατον θείει, καί τʼ ἄλκιμον ἰθὺς ὀρούει·","ὠκύτατον θείει, καί τ’ ἄλκιμον ἰθὺς ὀρούει·",tlg0024.tlg001.perseus-grc2.xml
Cynegetica,tlg001,3,77,"φαίης, ὁππότʼ ἴδοιο, διηερίην φορέεσθαι.","φαίης, ὁππότ’ ἴδοιο, διηερίην φορέεσθαι.",tlg0024.tlg001.perseus-grc2.xml
Cynegetica,tlg001,3,78,ἔμπης καὶ τόδε φῦλον ἐπικλείουσιν ἀοιδοὶ,ἔμπης καὶ τόδε φῦλον ἐπικλείουσιν ἀοιδοὶ,tlg0024.tlg001.perseus-grc2.xml
Cynegetica,tlg001,3,79,πρόσθʼ ἔμεναι Βάκχοιο φερεσταφύλοιο τιθήνας·,πρόσθ’ ἔμεναι Βάκχοιο φερεσταφύλοιο τιθήνας·,tlg0024.tlg001.perseus-grc2.xml
Cynegetica,tlg001,3,80,"τοὔνεκεν εἰσέτι νῦν οἴνῳ μέγα καγχαλόωσι,","τοὔνεκεν εἰσέτι νῦν οἴνῳ μέγα καγχαλόωσι,",tlg0024.tlg001.perseus-grc2.xml
Cynegetica,tlg001,3,81,δεχνύμεναι στομάτεσσι Διωνύσου μέγα δῶρον.,δεχνύμεναι στομάτεσσι Διωνύσου μέγα δῶρον.,tlg0024.tlg001.perseus-grc2.xml
Cynegetica,tlg001,3,82,τί χρέος ἐκ μερόπων δὲ κλυτὰς ἤμειψε γυναῖκας,τί χρέος ἐκ μερόπων δὲ κλυτὰς ἤμειψε γυναῖκας,tlg0024.tlg001.perseus-grc2.xml
Cynegetica,tlg001,3,83,"ἐς τόδε πορδαλίων γένος ἄγριον, αὖθις ἀείσω.","ἐς τόδε πορδαλίων γένος ἄγριον, αὖθις ἀείσω.",tlg0024.tlg001.perseus-grc2.xml
Cynegetica,tlg001,3,84,"ναὶ μὴν ἄλλο θοὸν διφυὲς γένος ὠπήσαιο,","ναὶ μὴν ἄλλο θοὸν διφυὲς γένος ὠπήσαιο,",tlg0024.tlg001.perseus-grc2.xml
Cynegetica,tlg001,3,85,λύγγας ἀριζήλους· αἱ μὲν γὰρ ἔασιν ἰδέσθαι,λύγγας ἀριζήλους· αἱ μὲν γὰρ ἔασιν ἰδέσθαι,tlg0024.tlg001.perseus-grc2.xml
Cynegetica,tlg001,3,86,"τυτθαί, βαιοτέροισί τʼ ἐφωπλίσσαντο λαγωοῖς·","τυτθαί, βαιοτέροισί τ’ ἐφωπλίσσαντο λαγωοῖς·",tlg0024.tlg001.perseus-grc2.xml
Cynegetica,tlg001,3,87,"ταὶ δʼ ἄρα μείζονές εἰσιν, ἐπιθρώσκουσι δὲ ῥεῖα","ταὶ δ’ ἄρα μείζονές εἰσιν, ἐπιθρώσκουσι δὲ ῥεῖα",tlg0024.tlg001.perseus-grc2.xml
Cynegetica,tlg001,3,88,εὐκεράοις ἐλάφοισι καὶ ὀξυτέροις ὀρύγεσσι.,εὐκεράοις ἐλάφοισι καὶ ὀξυτέροις ὀρύγεσσι.,tlg0024.tlg001.perseus-grc2.xml
Cynegetica,tlg001,3,89,μορφὴν δʼ ἀμφίδυμοι πανομοίϊον ἀμφιέσαντο·,μορφὴν δ’ ἀμφίδυμοι πανομοίϊον ἀμφιέσαντο·,tlg0024.tlg001.perseus-grc2.xml
Cynegetica,tlg001,3,90,ἶσαι μὲν βλεφάροισιν ὕπʼ ὀφθαλμῶν ἀμαρυγαὶ,ἶσαι μὲν βλεφάροισιν ὕπ’ ὀφθαλμῶν ἀμαρυγαὶ,tlg0024.tlg001.perseus-grc2.xml
Cynegetica,tlg001,3,91,ἱμερόεν στράπτουσι· προσώπατα δʼ ἀμφοτέρῃσι,ἱμερόεν στράπτουσι· προσώπατα δ’ ἀμφοτέρῃσι,tlg0024.tlg001.perseus-grc2.xml
Cynegetica,tlg001,3,92,φαιδρὰ πέλει βαιόν τε κάρη καὶ καμπύλον οὖας·,φαιδρὰ πέλει βαιόν τε κάρη καὶ καμπύλον οὖας·,tlg0024.tlg001.perseus-grc2.xml
Cynegetica,tlg001,3,93,μούνη δʼ εἰσιδέειν ἀνομοίϊος ἔπλετο χροιή·,μούνη δ’ εἰσιδέειν ἀνομοίϊος ἔπλετο χροιή·,tlg0024.tlg001.perseus-grc2.xml
Cynegetica,tlg001,3,94,"μείοσι μὲν λυγγῶν ἐπιδέδρομε ῥινὸς ἐρευθής,","μείοσι μὲν λυγγῶν ἐπιδέδρομε ῥινὸς ἐρευθής,",tlg0024.tlg001.perseus-grc2.xml
Cynegetica,tlg001,3,95,μείζοσι δὲ κροκόεν τε θεείῳ τʼ εἴκελον ἄνθος.,μείζοσι δὲ κροκόεν τε θεείῳ τ’ εἴκελον ἄνθος.,tlg0024.tlg001.perseus-grc2.xml
Cynegetica,tlg001,3,96,ἔξοχα δʼ αὖ τάδε φῦλα φίλην ἀγάσαντο γενέθλην,ἔξοχα δ’ αὖ τάδε φῦλα φίλην ἀγάσαντο γενέθλην,tlg0024.tlg001.perseus-grc2.xml
Cynegetica,tlg001,3,97,εὔγληνοι λύγγες τε πυρίγληνοί τε λέοντες,εὔγληνοι λύγγες τε πυρίγληνοί τε λέοντες,tlg0024.tlg001.perseus-grc2.xml
Cynegetica,tlg001,3,98,πορδάλιές τʼ ὀλοαὶ καὶ τίγριες ἠνεμόεσσαι.,πορδάλιές τ’ ὀλοαὶ καὶ τίγριες ἠνεμόεσσαι.,tlg0024.tlg001.perseus-grc2.xml
Cynegetica,tlg001,3,99,τῶν δʼ ὁπότε σκύμνους νεοθηλέας ἐν ξυλόχοισι,τῶν δ’ ὁπότε σκύμνους νεοθηλέας ἐν ξυλόχοισι,tlg0024.tlg001.perseus-grc2.xml
Cynegetica,tlg001,3,100,"λάθρη συλήσωσιν ἀταρβέες ἀγρευτῆρες,","λάθρη συλήσωσιν ἀταρβέες ἀγρευτῆρες,",tlg0024.tlg001.perseus-grc2.xml
Cynegetica,tlg001,3,101,αἱ δʼ ἄρʼ ἔπειτʼ ὀπίσω πάλι νεύμεναι ἀθρήσωσιν,αἱ δ’ ἄρ’ ἔπειτ’ ὀπίσω πάλι νεύμεναι ἀθρήσωσιν,tlg0024.tlg001.perseus-grc2.xml
Cynegetica,tlg001,3,102,"ἐξαπίνης κενεούς τε δόμους καὶ ἔρημα μέλαθρα,","ἐξαπίνης κενεούς τε δόμους καὶ ἔρημα μέλαθρα,",tlg0024.tlg001.perseus-grc2.xml
Cynegetica,tlg001,3,103,"μύρονται λιγέως ἀδινὸν γόον, ἐκ δʼ ἄρα τηλοῦ","μύρονται λιγέως ἀδινὸν γόον, ἐκ δ’ ἄρα τηλοῦ",tlg0024.tlg001.perseus-grc2.xml
Cynegetica,tlg001,3,104,"κωκυτὸν προϊᾶσι πολύστονον, οἷά τε πάτρης","κωκυτὸν προϊᾶσι πολύστονον, οἷά τε πάτρης",tlg0024.tlg001.perseus-grc2.xml
Cynegetica,tlg001,3,105,περθομένης ὑπὸ δουρὶ καὶ αἰθομένης πυρὶ λάβρῳ,περθομένης ὑπὸ δουρὶ καὶ αἰθομένης πυρὶ λάβρῳ,tlg0024.tlg001.perseus-grc2.xml
Cynegetica,tlg001,3,106,πεπτάμεναι περὶ τέκνα μέγα κλαίουσι γυναῖκες.,πεπτάμεναι περὶ τέκνα μέγα κλαίουσι γυναῖκες.,tlg0024.tlg001.perseus-grc2.xml
Cynegetica,tlg001,3,107,ἦ ῥα τόσον τεκέων τε καὶ ἀρτιγόνοιο γενέθλης,ἦ ῥα τόσον τεκέων τε καὶ ἀρτιγόνοιο γενέθλης,tlg0024.tlg001.perseus-grc2.xml
Cynegetica,tlg001,3,108,φίλτρον ἐνὶ κραδίῃ στάξεν θεός· οὐδʼ ἄρα μούνοις,φίλτρον ἐνὶ κραδίῃ στάξεν θεός· οὐδ’ ἄρα μούνοις,tlg0024.tlg001.perseus-grc2.xml
Cynegetica,tlg001,3,109,"ἀνθρώποις, οἳ πάντα νοήμασι μητίσαντο,","ἀνθρώποις, οἳ πάντα νοήμασι μητίσαντο,",tlg0024.tlg001.perseus-grc2.xml
Cynegetica,tlg001,3,110,ἀλλὰ καὶ ἑρπηστῆρσι καὶ ἰχθύσιν ἠδὲ καὶ αὐτοῖς,ἀλλὰ καὶ ἑρπηστῆρσι καὶ ἰχθύσιν ἠδὲ καὶ αὐτοῖς,tlg0024.tlg001.perseus-grc2.xml
Cynegetica,tlg001,3,111,θήρεσιν ὠμηστῇσι καὶ ὑψιπόλοις ἀγέλαισιν,θήρεσιν ὠμηστῇσι καὶ ὑψιπόλοις ἀγέλαισιν,tlg0024.tlg001.perseus-grc2.xml
Cynegetica,tlg001,3,112,οἰωνῶν· τόσσον ῥα φύσις κρατερώτατον ἄλλων.,οἰωνῶν· τόσσον ῥα φύσις κρατερώτατον ἄλλων.,tlg0024.tlg001.perseus-grc2.xml
Cynegetica,tlg001,3,113,οἵην μὲν κομιδὴν τεκέων ἐνὶ κύμασι δελφὶς,οἵην μὲν κομιδὴν τεκέων ἐνὶ κύμασι δελφὶς,tlg0024.tlg001.perseus-grc2.xml
Cynegetica,tlg001,3,114,αἰὲν ἔχει γλαῦκός τε χάροψ φωκή τε δυσαής.,αἰὲν ἔχει γλαῦκός τε χάροψ φωκή τε δυσαής.,tlg0024.tlg001.perseus-grc2.xml
Cynegetica,tlg001,3,115,πῶς δʼ ἄρʼ ἐν οἰωνοῖσι ποθὴν ἀλίαστον ἔχουσιν,πῶς δ’ ἄρ’ ἐν οἰωνοῖσι ποθὴν ἀλίαστον ἔχουσιν,tlg0024.tlg001.perseus-grc2.xml
Cynegetica,tlg001,3,116,ὧν τεκέων φῆναί τε βαρύφθογγοί τε πέλειαι,ὧν τεκέων φῆναί τε βαρύφθογγοί τε πέλειαι,tlg0024.tlg001.perseus-grc2.xml
Cynegetica,tlg001,3,117,αἰετόεντά τε φῦλα πολύζωοί τε κορῶναι.,αἰετόεντά τε φῦλα πολύζωοί τε κορῶναι.,tlg0024.tlg001.perseus-grc2.xml
Cynegetica,tlg001,3,118,"πῶς δʼ ὄρνις κατὰ δῶμα συνέστιος ἀνθρώποισιν,","πῶς δ’ ὄρνις κατὰ δῶμα συνέστιος ἀνθρώποισιν,",tlg0024.tlg001.perseus-grc2.xml
Cynegetica,tlg001,3,119,"ἀρτιτόκος, νεαροῖσι περισκαίρουσα νεοσσοῖς,","ἀρτιτόκος, νεαροῖσι περισκαίρουσα νεοσσοῖς,",tlg0024.tlg001.perseus-grc2.xml
Cynegetica,tlg001,3,120,κίρκον ὑπὲρ τέγεος κατεπάλμενον ἀθρήσασα,κίρκον ὑπὲρ τέγεος κατεπάλμενον ἀθρήσασα,tlg0024.tlg001.perseus-grc2.xml
Cynegetica,tlg001,3,121,"ὀξὺ μὲν ἔκλαγεν αἶψα καὶ ἄνθορεν ὀξὺ λακοῦσα,","ὀξὺ μὲν ἔκλαγεν αἶψα καὶ ἄνθορεν ὀξὺ λακοῦσα,",tlg0024.tlg001.perseus-grc2.xml
Cynegetica,tlg001,3,122,αὐχένα δʼ ὑψόσʼ ἄειρεν ἐς ἠέρα γυρώσασα,αὐχένα δ’ ὑψόσ’ ἄειρεν ἐς ἠέρα γυρώσασα,tlg0024.tlg001.perseus-grc2.xml
Cynegetica,tlg001,3,123,καὶ πάσαις ἑκάτερθε θοῶς ἔφριξεν ἐθείραις,καὶ πάσαις ἑκάτερθε θοῶς ἔφριξεν ἐθείραις,tlg0024.tlg001.perseus-grc2.xml
Cynegetica,tlg001,3,124,καὶ πτερὰ πάντα χάλασσε ποτὶ χθόνα· τοὶ δʼ ἄρα δειλοὶ,καὶ πτερὰ πάντα χάλασσε ποτὶ χθόνα· τοὶ δ’ ἄρα δειλοὶ,tlg0024.tlg001.perseus-grc2.xml
Cynegetica,tlg001,3,125,τεῖχος ὑπʼ εὐπτέρυγον πρυλέες τρύζουσι νεοσσοί·,τεῖχος ὑπ’ εὐπτέρυγον πρυλέες τρύζουσι νεοσσοί·,tlg0024.tlg001.perseus-grc2.xml
Cynegetica,tlg001,3,126,"ἡ δὲ καὶ ἂψ ἐφόβησε καὶ ἤλασεν ὄρνιν ἀναιδῆ,","ἡ δὲ καὶ ἂψ ἐφόβησε καὶ ἤλασεν ὄρνιν ἀναιδῆ,",tlg0024.tlg001.perseus-grc2.xml
Cynegetica,tlg001,3,127,"εἰρυμένη φίλα τέκνα, τά τʼ εἰσέτι νήπια φέρβει,","εἰρυμένη φίλα τέκνα, τά τ’ εἰσέτι νήπια φέρβει,",tlg0024.tlg001.perseus-grc2.xml
Cynegetica,tlg001,3,128,ἄπτερα λυσιτόκων θαλάμων ἀπολύμενα δεσμοῦ.,ἄπτερα λυσιτόκων θαλάμων ἀπολύμενα δεσμοῦ.,tlg0024.tlg001.perseus-grc2.xml
Cynegetica,tlg001,3,129,ὣς δὲ καὶ ἐν θήρεσσιν ἐρίβρυχοί τε λέαιναι,ὣς δὲ καὶ ἐν θήρεσσιν ἐρίβρυχοί τε λέαιναι,tlg0024.tlg001.perseus-grc2.xml
Cynegetica,tlg001,3,130,πορδάλιές τε θοαὶ καὶ τίγριδες αἰολόνωντοι,πορδάλιές τε θοαὶ καὶ τίγριδες αἰολόνωντοι,tlg0024.tlg001.perseus-grc2.xml
Cynegetica,tlg001,3,131,παισὶ πέρι προβεβᾶσι καὶ ἀγρευτῆρσι μάχονται,παισὶ πέρι προβεβᾶσι καὶ ἀγρευτῆρσι μάχονται,tlg0024.tlg001.perseus-grc2.xml
Cynegetica,tlg001,3,132,"καί τε περὶ σφετέρων τεκέων τετλᾶσι δαμῆναι,","καί τε περὶ σφετέρων τεκέων τετλᾶσι δαμῆναι,",tlg0024.tlg001.perseus-grc2.xml
Cynegetica,tlg001,3,133,ἀντίον αἰχμητῇσι συνιστάμεναι μερόπεσσιν·,ἀντίον αἰχμητῇσι συνιστάμεναι μερόπεσσιν·,tlg0024.tlg001.perseus-grc2.xml
Cynegetica,tlg001,3,134,οὐδέ ποτʼ ἐρρίγασιν ἑῆς ἐν ἀγῶνι γενέθλης,οὐδέ ποτ’ ἐρρίγασιν ἑῆς ἐν ἀγῶνι γενέθλης,tlg0024.tlg001.perseus-grc2.xml
Cynegetica,tlg001,3,135,"οὐ πληθὺν ἐπιοῦσαν ἀκοντοβόλων αἰζηῶν,","οὐ πληθὺν ἐπιοῦσαν ἀκοντοβόλων αἰζηῶν,",tlg0024.tlg001.perseus-grc2.xml
Cynegetica,tlg001,3,136,"οὐ χαλκὸν σελαγεῦντα καὶ ἀστράπτοντα σίδηρον,","οὐ χαλκὸν σελαγεῦντα καὶ ἀστράπτοντα σίδηρον,",tlg0024.tlg001.perseus-grc2.xml
Cynegetica,tlg001,3,137,"οὐδὲ βολὰς βελέων τε θοὰς μυλάκων τε θαμειάς,","οὐδὲ βολὰς βελέων τε θοὰς μυλάκων τε θαμειάς,",tlg0024.tlg001.perseus-grc2.xml
Cynegetica,tlg001,3,138,σπεύδουσιν δʼ ἢ πρόσθε θανεῖν ἦ τέκνα σαῶσαι.,σπεύδουσιν δ’ ἢ πρόσθε θανεῖν ἦ τέκνα σαῶσαι.,tlg0024.tlg001.perseus-grc2.xml
Cynegetica,tlg001,3,139,"ἄρκτοι δʼ ἀγριάδες, φόνιον γένος, αἰολόβουλον,","ἄρκτοι δ’ ἀγριάδες, φόνιον γένος, αἰολόβουλον,",tlg0024.tlg001.perseus-grc2.xml
Cynegetica,tlg001,3,140,"λάχνην μὲν πυκινὴν δυσπαίπαλον ἀμφιέσαντο,","λάχνην μὲν πυκινὴν δυσπαίπαλον ἀμφιέσαντο,",tlg0024.tlg001.perseus-grc2.xml
Cynegetica,tlg001,3,141,μορφὴν δʼ οὐκ ἀγανὴν παναμειδήτοισι προσώποις·,μορφὴν δ’ οὐκ ἀγανὴν παναμειδήτοισι προσώποις·,tlg0024.tlg001.perseus-grc2.xml
Cynegetica,tlg001,3,142,"κάρχαρον, οὐλόμενον, ταναὸν στόμα, κυανέη ῥίς,","κάρχαρον, οὐλόμενον, ταναὸν στόμα, κυανέη ῥίς,",tlg0024.tlg001.perseus-grc2.xml
Cynegetica,tlg001,3,143,"ὄμμα θοόν, σφυρὸν ὠκύ, τορὸν δέμας, εὐρὺ κάρηνον,","ὄμμα θοόν, σφυρὸν ὠκύ, τορὸν δέμας, εὐρὺ κάρηνον,",tlg0024.tlg001.perseus-grc2.xml
Cynegetica,tlg001,3,144,"χεῖρες χερσὶ βροτῶν ἴκελαι, πόδες αὖτε πόδεσσι,","χεῖρες χερσὶ βροτῶν ἴκελαι, πόδες αὖτε πόδεσσι,",tlg0024.tlg001.perseus-grc2.xml
Cynegetica,tlg001,3,145,"σμερδαλέη βρυχή, δολερὸν κέαρ, ἄγριον ἦτορ,","σμερδαλέη βρυχή, δολερὸν κέαρ, ἄγριον ἦτορ,",tlg0024.tlg001.perseus-grc2.xml
Cynegetica,tlg001,3,146,καὶ πολλὴ Κυθέρεια καὶ οὐ κατὰ κόσμον ἰοῦσα·,καὶ πολλὴ Κυθέρεια καὶ οὐ κατὰ κόσμον ἰοῦσα·,tlg0024.tlg001.perseus-grc2.xml
Cynegetica,tlg001,3,147,ἤματα γὰρ καὶ νύκτας ἐελδόμεναι φιλότητος,ἤματα γὰρ καὶ νύκτας ἐελδόμεναι φιλότητος,tlg0024.tlg001.perseus-grc2.xml
Cynegetica,tlg001,3,148,"αὐταὶ θηλύτεραι μάλʼ ἐπʼ ἄρσεσιν ὁρμαίνουσι,","αὐταὶ θηλύτεραι μάλ’ ἐπ’ ἄρσεσιν ὁρμαίνουσι,",tlg0024.tlg001.perseus-grc2.xml
Cynegetica,tlg001,3,149,"παῦρα μεθιέμεναι γαμίης παντερπέος εὐνῆς,","παῦρα μεθιέμεναι γαμίης παντερπέος εὐνῆς,",tlg0024.tlg001.perseus-grc2.xml
Cynegetica,tlg001,3,150,τέκνα κυϊσκόμεναι νηδὺν ὅτε κυμαίνουσι.,τέκνα κυϊσκόμεναι νηδὺν ὅτε κυμαίνουσι.,tlg0024.tlg001.perseus-grc2.xml
Cynegetica,tlg001,3,151,"οὐ γάρ τοι θήρεσσι νόμος, γαστὴρ ὅτε πλήθει,","οὐ γάρ τοι θήρεσσι νόμος, γαστὴρ ὅτε πλήθει,",tlg0024.tlg001.perseus-grc2.xml
Cynegetica,tlg001,3,152,"ἐς λέχος ἐρχομένοις τελέειν φιλοτήσιον ἔργον,","ἐς λέχος ἐρχομένοις τελέειν φιλοτήσιον ἔργον,",tlg0024.tlg001.perseus-grc2.xml
Cynegetica,tlg001,3,153,νόσφι μόνων λυγγῶν ὀλιγοδρανέων τε λαγωῶν.,νόσφι μόνων λυγγῶν ὀλιγοδρανέων τε λαγωῶν.,tlg0024.tlg001.perseus-grc2.xml
Cynegetica,tlg001,3,154,ἄρκτος δʼ ἱμείρουσα γάμου στυγέουσά τε λέκτρον,ἄρκτος δ’ ἱμείρουσα γάμου στυγέουσά τε λέκτρον,tlg0024.tlg001.perseus-grc2.xml
Cynegetica,tlg001,3,155,χῆρον ἔχειν τόσα παισὶ ταλάσσατο μητίσασθαι·,χῆρον ἔχειν τόσα παισὶ ταλάσσατο μητίσασθαι·,tlg0024.tlg001.perseus-grc2.xml
Cynegetica,tlg001,3,156,"πρὶν τοκετοῖο μολεῖν ὥρην, πρὶν κύριον ἦμαρ,","πρὶν τοκετοῖο μολεῖν ὥρην, πρὶν κύριον ἦμαρ,",tlg0024.tlg001.perseus-grc2.xml
Cynegetica,tlg001,3,157,"νηδὺν ἐξέθλιψε, βιάσσατο τʼ Εἰλειθυίας.","νηδὺν ἐξέθλιψε, βιάσσατο τ’ Εἰλειθυίας.",tlg0024.tlg001.perseus-grc2.xml
Cynegetica,tlg001,3,158,"τόσση μαχλοσύνη, τόσσος δρόμος εἰς Ἀφροδίτην.","τόσση μαχλοσύνη, τόσσος δρόμος εἰς Ἀφροδίτην.",tlg0024.tlg001.perseus-grc2.xml
Cynegetica,tlg001,3,159,"τίκτει δʼ ἡμιτέλεστα καὶ οὐ μεμελισμένα τέκνα,","τίκτει δ’ ἡμιτέλεστα καὶ οὐ μεμελισμένα τέκνα,",tlg0024.tlg001.perseus-grc2.xml
Cynegetica,tlg001,3,160,"σάρκα δʼ ἄσημον, ἄναρθρον, ἀείδελον ὠπήσασθαι,","σάρκα δ’ ἄσημον, ἄναρθρον, ἀείδελον ὠπήσασθαι,",tlg0024.tlg001.perseus-grc2.xml
Cynegetica,tlg001,3,161,ἀμφότερον δὲ γάμῳ παιδοτροφίῃ τε μέμηλεν·,ἀμφότερον δὲ γάμῳ παιδοτροφίῃ τε μέμηλεν·,tlg0024.tlg001.perseus-grc2.xml
Cynegetica,tlg001,3,162,ἀρτιτόκος δʼ ἔτʼ ἐοῦσα μετʼ ἄρσενος εὐθὺς ἰαύει.,ἀρτιτόκος δ’ ἔτ’ ἐοῦσα μετ’ ἄρσενος εὐθὺς ἰαύει.,tlg0024.tlg001.perseus-grc2.xml
Cynegetica,tlg001,3,163,"λιχμᾶται γλώσσῃ τε φίλον γόνον, οἷά τε μόσχοι","λιχμᾶται γλώσσῃ τε φίλον γόνον, οἷά τε μόσχοι",tlg0024.tlg001.perseus-grc2.xml
Cynegetica,tlg001,3,164,"λιχμῶνται γλώσσῃσιν ἀμοιβαδίς, ἀλλήλοισι","λιχμῶνται γλώσσῃσιν ἀμοιβαδίς, ἀλλήλοισι",tlg0024.tlg001.perseus-grc2.xml
Cynegetica,tlg001,3,165,τερπόμενοι· γάνυται δὲ βοὸς χροῒ καλλίκερως βοῦς·,τερπόμενοι· γάνυται δὲ βοὸς χροῒ καλλίκερως βοῦς·,tlg0024.tlg001.perseus-grc2.xml
Cynegetica,tlg001,3,166,"οὐδʼ ἀποπλάζονται, πρὶν ἀπὸ γλυκὺν ἵμερον εἷναι·","οὐδ’ ἀποπλάζονται, πρὶν ἀπὸ γλυκὺν ἵμερον εἷναι·",tlg0024.tlg001.perseus-grc2.xml
Cynegetica,tlg001,3,167,θυμὸν δʼ ἑσπομένοιο συνιαίνουσι νομῆος.,θυμὸν δ’ ἑσπομένοιο συνιαίνουσι νομῆος.,tlg0024.tlg001.perseus-grc2.xml
Cynegetica,tlg001,3,168,"ὣς ἄρκτος λιχμῶσα φίλους ἀνεπλάσσατο παῖδας,","ὣς ἄρκτος λιχμῶσα φίλους ἀνεπλάσσατο παῖδας,",tlg0024.tlg001.perseus-grc2.xml
Cynegetica,tlg001,3,169,εἰσόκε κνυζηθμοῖσιν ἀναιδέα τονθρύζωσι.,εἰσόκε κνυζηθμοῖσιν ἀναιδέα τονθρύζωσι.,tlg0024.tlg001.perseus-grc2.xml
Cynegetica,tlg001,3,170,ναὶ μὴν χειμερίην πανυπείροχα δείδιεν ὁρμὴν,ναὶ μὴν χειμερίην πανυπείροχα δείδιεν ὁρμὴν,tlg0024.tlg001.perseus-grc2.xml
Cynegetica,tlg001,3,171,"καὶ λασίη περ ἐοῦσα· χιὼν δʼ ὅτε πάντα παλύνει,","καὶ λασίη περ ἐοῦσα· χιὼν δ’ ὅτε πάντα παλύνει,",tlg0024.tlg001.perseus-grc2.xml
Cynegetica,tlg001,3,172,"ἑσπερίου ζεφύρου πανεπήτριμα χευαμένοιο,","ἑσπερίου ζεφύρου πανεπήτριμα χευαμένοιο,",tlg0024.tlg001.perseus-grc2.xml
Cynegetica,tlg001,3,173,"κεύθετʼ ἐνὶ σπήλυγγι, τόθι σκέπας ἄρκιον εὕρῃ,","κεύθετ’ ἐνὶ σπήλυγγι, τόθι σκέπας ἄρκιον εὕρῃ,",tlg0024.tlg001.perseus-grc2.xml
Cynegetica,tlg001,3,174,"καὶ βόσιος χατέουσα πόδας χεῖράς τε λιχμαίνει,","καὶ βόσιος χατέουσα πόδας χεῖράς τε λιχμαίνει,",tlg0024.tlg001.perseus-grc2.xml
Cynegetica,tlg001,3,175,"οἷά τʼ ἀμελγομένη, καὶ γαστρὸς ἔκλεψεν ἐρωήν.","οἷά τ’ ἀμελγομένη, καὶ γαστρὸς ἔκλεψεν ἐρωήν.",tlg0024.tlg001.perseus-grc2.xml
Cynegetica,tlg001,3,176,τοῖά νύ που βένθεσσιν ἐν εὐρυπόροιο θαλάσσης,τοῖά νύ που βένθεσσιν ἐν εὐρυπόροιο θαλάσσης,tlg0024.tlg001.perseus-grc2.xml
Cynegetica,tlg001,3,177,"πουλύποδες σκολιοὶ παρὰ κύμασι μητίσαντο,","πουλύποδες σκολιοὶ παρὰ κύμασι μητίσαντο,",tlg0024.tlg001.perseus-grc2.xml
Cynegetica,tlg001,3,178,χείματος οἳ μεσάτου κρυερὴν τρείοντες ἐνιπὴν,χείματος οἳ μεσάτου κρυερὴν τρείοντες ἐνιπὴν,tlg0024.tlg001.perseus-grc2.xml
Cynegetica,tlg001,3,179,κεύθονται πλαταμῶσιν ἑὰς πλοκαμῖδας ἔδοντες·,κεύθονται πλαταμῶσιν ἑὰς πλοκαμῖδας ἔδοντες·,tlg0024.tlg001.perseus-grc2.xml
Cynegetica,tlg001,3,180,"αὐτὰρ ἐπὴν ἔαρ ὑγρὸν ἐΰτροφον ἀνθήσειεν,","αὐτὰρ ἐπὴν ἔαρ ὑγρὸν ἐΰτροφον ἀνθήσειεν,",tlg0024.tlg001.perseus-grc2.xml
Cynegetica,tlg001,3,181,"ἀκρέμονες σφίσιν ὦκα νέοι πάλιν ἀλδήσκουσι,","ἀκρέμονες σφίσιν ὦκα νέοι πάλιν ἀλδήσκουσι,",tlg0024.tlg001.perseus-grc2.xml
Cynegetica,tlg001,3,182,καὶ πάλιν εὐπλόκαμοι δολιχὴν πλώουσι θάλασσαν.,καὶ πάλιν εὐπλόκαμοι δολιχὴν πλώουσι θάλασσαν.,tlg0024.tlg001.perseus-grc2.xml
Cynegetica,tlg001,3,183,"ἑξείης ἐνέπωμεν ἐΰσφυρον, ἠερόεντα,","ἑξείης ἐνέπωμεν ἐΰσφυρον, ἠερόεντα,",tlg0024.tlg001.perseus-grc2.xml
Cynegetica,tlg001,3,184,"κραιπνόν, ἀελλοπόδην, κρατερώνυχον, αἰπὺν ὄναγρον·","κραιπνόν, ἀελλοπόδην, κρατερώνυχον, αἰπὺν ὄναγρον·",tlg0024.tlg001.perseus-grc2.xml
Cynegetica,tlg001,3,185,"ὄσσε πέλει φαιδρός, δέμας ἄρκιος, εὐρὺς ἰδέσθαι,","ὄσσε πέλει φαιδρός, δέμας ἄρκιος, εὐρὺς ἰδέσθαι,",tlg0024.tlg001.perseus-grc2.xml
Cynegetica,tlg001,3,186,"ἀργύρεος χροιήν, δολιχούατος, ὀξύτατος θεῖν·","ἀργύρεος χροιήν, δολιχούατος, ὀξύτατος θεῖν·",tlg0024.tlg001.perseus-grc2.xml
Cynegetica,tlg001,3,187,"ταινίη δὲ μέλαινα μέσην ῥάχιν ἀμφιβέβηκε,","ταινίη δὲ μέλαινα μέσην ῥάχιν ἀμφιβέβηκε,",tlg0024.tlg001.perseus-grc2.xml
Cynegetica,tlg001,3,188,χιονέῃς ἑκάτερθε περισχομένη στεφάνῃσι.,χιονέῃς ἑκάτερθε περισχομένη στεφάνῃσι.,tlg0024.tlg001.perseus-grc2.xml
Cynegetica,tlg001,3,189,"χιλὸν ἔδει, φέρβει μιν ἄδην ποεσιτρόφος αἶα,","χιλὸν ἔδει, φέρβει μιν ἄδην ποεσιτρόφος αἶα,",tlg0024.tlg001.perseus-grc2.xml
Cynegetica,tlg001,3,190,ἀλλʼ αὐτὸς κρατεροῖς ἀγαθὴ βόσις ἔπλετο θηρσί.,ἀλλ’ αὐτὸς κρατεροῖς ἀγαθὴ βόσις ἔπλετο θηρσί.,tlg0024.tlg001.perseus-grc2.xml
Cynegetica,tlg001,3,191,φῦλα δʼ ἀελλοπόδων ζηλήμονα πάμπαν ὀνάγρων,φῦλα δ’ ἀελλοπόδων ζηλήμονα πάμπαν ὀνάγρων,tlg0024.tlg001.perseus-grc2.xml
Cynegetica,tlg001,3,192,πολλαῖσίν τʼ ἀλόχοισιν ἀγαλλόμενοι κομόωσι·,πολλαῖσίν τ’ ἀλόχοισιν ἀγαλλόμενοι κομόωσι·,tlg0024.tlg001.perseus-grc2.xml
Cynegetica,tlg001,3,193,"θηλύτεραι δʼ ἕσπονθʼ, ὅθι τοι πόσις ἡγεμονεύει·","θηλύτεραι δ’ ἕσπονθ’, ὅθι τοι πόσις ἡγεμονεύει·",tlg0024.tlg001.perseus-grc2.xml
Cynegetica,tlg001,3,194,"πρὸς νομὸν ἰθύνουσιν, ἐπὴν ἐθέλῃσιν ἀνώγειν,","πρὸς νομὸν ἰθύνουσιν, ἐπὴν ἐθέλῃσιν ἀνώγειν,",tlg0024.tlg001.perseus-grc2.xml
Cynegetica,tlg001,3,195,"πρὸς πηγὰς ποταμῶν, θηρῶν μέθυ, καὶ πάλιν αἶψα","πρὸς πηγὰς ποταμῶν, θηρῶν μέθυ, καὶ πάλιν αἶψα",tlg0024.tlg001.perseus-grc2.xml
Cynegetica,tlg001,3,196,"πρὸς λασίους οἴκους, ὅταν ἕσπερος ὕπνον ἄγῃσι.","πρὸς λασίους οἴκους, ὅταν ἕσπερος ὕπνον ἄγῃσι.",tlg0024.tlg001.perseus-grc2.xml
Cynegetica,tlg001,3,197,ζῆλον δʼ ἄρσεσι πᾶσιν ἐπὶ σφετέροισιν ὀρίνει,ζῆλον δ’ ἄρσεσι πᾶσιν ἐπὶ σφετέροισιν ὀρίνει,tlg0024.tlg001.perseus-grc2.xml
Cynegetica,tlg001,3,198,υἱάσι νηπιάχοισι πανάγριος οἶστρος ἀναιδής·,υἱάσι νηπιάχοισι πανάγριος οἶστρος ἀναιδής·,tlg0024.tlg001.perseus-grc2.xml
Cynegetica,tlg001,3,199,"ὁππότε θηλυτέρη γὰρ ἔχει κόπον Εἰλειθυίης,","ὁππότε θηλυτέρη γὰρ ἔχει κόπον Εἰλειθυίης,",tlg0024.tlg001.perseus-grc2.xml
Cynegetica,tlg001,3,200,ἄγχι μάλʼ ἑζόμενος σφέτερον γόνον ἄντα δοκεύει·,ἄγχι μάλ’ ἑζόμενος σφέτερον γόνον ἄντα δοκεύει·,tlg0024.tlg001.perseus-grc2.xml
Cynegetica,tlg001,3,201,"καί ῥʼ ὅτε νηπίαχον μητρὸς παρὰ ποσσὶ πέσῃσιν,","καί ῥ’ ὅτε νηπίαχον μητρὸς παρὰ ποσσὶ πέσῃσιν,",tlg0024.tlg001.perseus-grc2.xml
Cynegetica,tlg001,3,202,"εἰ μὲν θῆλυ πέλει, ποθέει τέκος, ἠδʼ ἑκάτερθε","εἰ μὲν θῆλυ πέλει, ποθέει τέκος, ἠδ’ ἑκάτερθε",tlg0024.tlg001.perseus-grc2.xml
Cynegetica,tlg001,3,203,γλώσσῃ λιχμάζων φίλιον γόνον ἀμφαγαπάζει·,γλώσσῃ λιχμάζων φίλιον γόνον ἀμφαγαπάζει·,tlg0024.tlg001.perseus-grc2.xml
Cynegetica,tlg001,3,204,"ἄρσενα δʼ εἴ μιν ἴδοι, τότε δὴ τότε θυμὸν ὀρίνει","ἄρσενα δ’ εἴ μιν ἴδοι, τότε δὴ τότε θυμὸν ὀρίνει",tlg0024.tlg001.perseus-grc2.xml
Cynegetica,tlg001,3,205,λευγαλέῳ ζήλῳ μητέρι μαινόμενος θήρ·,λευγαλέῳ ζήλῳ μητέρι μαινόμενος θήρ·,tlg0024.tlg001.perseus-grc2.xml
Cynegetica,tlg001,3,206,ἐκ δʼ ἔθορεν μεμαὼς παιδὸς γενύεσσι ταμέσθαι,ἐκ δ’ ἔθορεν μεμαὼς παιδὸς γενύεσσι ταμέσθαι,tlg0024.tlg001.perseus-grc2.xml
Cynegetica,tlg001,3,207,"μήδεα, μὴ μετόπισθε νέον γένος ἡβήσειεν.","μήδεα, μὴ μετόπισθε νέον γένος ἡβήσειεν.",tlg0024.tlg001.perseus-grc2.xml
Cynegetica,tlg001,3,208,ἡ δὲ λεχώ περ ἐοῦσα καὶ ἀσθενέουσα τόκοισι,ἡ δὲ λεχώ περ ἐοῦσα καὶ ἀσθενέουσα τόκοισι,tlg0024.tlg001.perseus-grc2.xml
Cynegetica,tlg001,3,209,παιδὶ λυγρῷ πολεμιζομένῳ μήτηρ ἐπαμύνει.,παιδὶ λυγρῷ πολεμιζομένῳ μήτηρ ἐπαμύνει.,tlg0024.tlg001.perseus-grc2.xml
Cynegetica,tlg001,3,210,ὡς δʼ ὁπότʼ ἐν πολέμῳ πολυκήδεϊ μητέρος ἄντην,ὡς δ’ ὁπότ’ ἐν πολέμῳ πολυκήδεϊ μητέρος ἄντην,tlg0024.tlg001.perseus-grc2.xml
Cynegetica,tlg001,3,211,"νηπίαχον κτείνωσιν ἀπηνέες αἰχμητῆρες,","νηπίαχον κτείνωσιν ἀπηνέες αἰχμητῆρες,",tlg0024.tlg001.perseus-grc2.xml
Cynegetica,tlg001,3,212,αὐτήν τʼ αὖ ἐρύωσιν ἔτι σπαίροντι φόνοισιν,αὐτήν τ’ αὖ ἐρύωσιν ἔτι σπαίροντι φόνοισιν,tlg0024.tlg001.perseus-grc2.xml
Cynegetica,tlg001,3,213,"υἱέϊ πλεγνυμένην, στονόεν μέγα κωκύουσαν,","υἱέϊ πλεγνυμένην, στονόεν μέγα κωκύουσαν,",tlg0024.tlg001.perseus-grc2.xml
Cynegetica,tlg001,3,214,"δρυπτομένην ἁπαλήν τε παρηΐδα, νέρθε τε μαζῶν","δρυπτομένην ἁπαλήν τε παρηΐδα, νέρθε τε μαζῶν",tlg0024.tlg001.perseus-grc2.xml
Cynegetica,tlg001,3,215,αἵματι δευομένην θερμῷ λιαρῷ τε γάλακτι·,αἵματι δευομένην θερμῷ λιαρῷ τε γάλακτι·,tlg0024.tlg001.perseus-grc2.xml
Cynegetica,tlg001,3,216,ὣς καὶ θῆλυς ὄναγρος ἐφʼ υἱέϊ πάμπαν ἔοικεν,ὣς καὶ θῆλυς ὄναγρος ἐφ’ υἱέϊ πάμπαν ἔοικεν,tlg0024.tlg001.perseus-grc2.xml
Cynegetica,tlg001,3,217,οἰκτρὰ κινυρομένῃ καὶ δύσμορα κωκυούσῃ.,οἰκτρὰ κινυρομένῃ καὶ δύσμορα κωκυούσῃ.,tlg0024.tlg001.perseus-grc2.xml
Cynegetica,tlg001,3,218,"φαίης κεν πανάποτμον, ἑὸν πάϊν ἀμφιβεβῶσαν,","φαίης κεν πανάποτμον, ἑὸν πάϊν ἀμφιβεβῶσαν,",tlg0024.tlg001.perseus-grc2.xml
Cynegetica,tlg001,3,219,μείλιχα μυθεῖσθαι καὶ λισσομένην ἀγορεύειν·,μείλιχα μυθεῖσθαι καὶ λισσομένην ἀγορεύειν·,tlg0024.tlg001.perseus-grc2.xml
Cynegetica,tlg001,3,220,"ἆνερ, ἄνερ, τί νυ σεῖο προσώπατα τρηχύνονται,","ἆνερ, ἄνερ, τί νυ σεῖο προσώπατα τρηχύνονται,",tlg0024.tlg001.perseus-grc2.xml
Cynegetica,tlg001,3,221,"ὄμματα φοινίχθη δέ, τά τʼ ἦν πάρος αἰγλήεντα;","ὄμματα φοινίχθη δέ, τά τ’ ἦν πάρος αἰγλήεντα;",tlg0024.tlg001.perseus-grc2.xml
Cynegetica,tlg001,3,222,"οὐχὶ μέτωπον ἀθρεῖς λιθοεργέος ἄγχι Μεδούσης,","οὐχὶ μέτωπον ἀθρεῖς λιθοεργέος ἄγχι Μεδούσης,",tlg0024.tlg001.perseus-grc2.xml
Cynegetica,tlg001,3,223,"οὐ γόνον ἰοβόρον παναμειλίκτοιο δρακαίνης,","οὐ γόνον ἰοβόρον παναμειλίκτοιο δρακαίνης,",tlg0024.tlg001.perseus-grc2.xml
Cynegetica,tlg001,3,224,οὐ σκύμνον πανάθεσμον ὀριπλάγκτοιο λεαίνης.,οὐ σκύμνον πανάθεσμον ὀριπλάγκτοιο λεαίνης.,tlg0024.tlg001.perseus-grc2.xml
Cynegetica,tlg001,3,225,"παῖδα λυγρὴ τὸν ἔτικτον, ὃν ἀρώμεσθα θεοῖσι,","παῖδα λυγρὴ τὸν ἔτικτον, ὃν ἀρώμεσθα θεοῖσι,",tlg0024.tlg001.perseus-grc2.xml
Cynegetica,tlg001,3,226,παῖδα τεὸν γενύεσσι τεῇς οὐκ ἄρσενα θήσεις;,παῖδα τεὸν γενύεσσι τεῇς οὐκ ἄρσενα θήσεις;,tlg0024.tlg001.perseus-grc2.xml
Cynegetica,tlg001,3,227,"ἴσχε, φίλος, μὴ τάμνε· τί μοι τάμες; οἷον ἔρεξας;","ἴσχε, φίλος, μὴ τάμνε· τί μοι τάμες; οἷον ἔρεξας;",tlg0024.tlg001.perseus-grc2.xml
Cynegetica,tlg001,3,228,"παῖδα τὸ μηδὲν ἔθηκας, ὅλον δέμας ἐξαλαώσας.","παῖδα τὸ μηδὲν ἔθηκας, ὅλον δέμας ἐξαλαώσας.",tlg0024.tlg001.perseus-grc2.xml
Cynegetica,tlg001,3,229,"δειλὴ ἐγώ, πανάποτμος ἀωροτάτοιο λοχείης,","δειλὴ ἐγώ, πανάποτμος ἀωροτάτοιο λοχείης,",tlg0024.tlg001.perseus-grc2.xml
Cynegetica,tlg001,3,230,καὶ σὺ τέκος πάνδειλον ἀλιτροτάτοιο τοκῆος.,καὶ σὺ τέκος πάνδειλον ἀλιτροτάτοιο τοκῆος.,tlg0024.tlg001.perseus-grc2.xml
Cynegetica,tlg001,3,231,"δειλὴ ἐγώ, τριτάλαινα, κενὸν τόκον ὠδίνασα,","δειλὴ ἐγώ, τριτάλαινα, κενὸν τόκον ὠδίνασα,",tlg0024.tlg001.perseus-grc2.xml
Cynegetica,tlg001,3,232,"καὶ σὺ τέκος, τμηθεὶς οὐχὶ στονύχεσσι λεόντων,","καὶ σὺ τέκος, τμηθεὶς οὐχὶ στονύχεσσι λεόντων,",tlg0024.tlg001.perseus-grc2.xml
Cynegetica,tlg001,3,233,ἀλλʼ ἐχθραῖς γενύεσσι λεοντείῃσι τοκῆος.,ἀλλ’ ἐχθραῖς γενύεσσι λεοντείῃσι τοκῆος.,tlg0024.tlg001.perseus-grc2.xml
Cynegetica,tlg001,3,234,τοῖά τις ἂν πανάποτμον ἑὸν περὶ νήπιον υἷα,τοῖά τις ἂν πανάποτμον ἑὸν περὶ νήπιον υἷα,tlg0024.tlg001.perseus-grc2.xml
Cynegetica,tlg001,3,235,μυθεῖσθαι φαίη· τὸν δʼ οὐκ ἀλέγοντα δαφοινοῖς,μυθεῖσθαι φαίη· τὸν δ’ οὐκ ἀλέγοντα δαφοινοῖς,tlg0024.tlg001.perseus-grc2.xml
Cynegetica,tlg001,3,236,δαίνυσθαι στομάτεσσιν ἀμειδέα παιδὸς ἐδητύν.,δαίνυσθαι στομάτεσσιν ἀμειδέα παιδὸς ἐδητύν.,tlg0024.tlg001.perseus-grc2.xml
Cynegetica,tlg001,3,237,"Ζεῦ πάτερ, ὅσσον ἔφυ ζήλοιο πανάγριον ἦτορ.","Ζεῦ πάτερ, ὅσσον ἔφυ ζήλοιο πανάγριον ἦτορ.",tlg0024.tlg001.perseus-grc2.xml
Cynegetica,tlg001,3,238,κεῖνον καὶ φύσιος κρατερώτερον εἰσοράασθαι,κεῖνον καὶ φύσιος κρατερώτερον εἰσοράασθαι,tlg0024.tlg001.perseus-grc2.xml
Cynegetica,tlg001,3,239,"θῆκας, ἄναξ, δῶκας δὲ πυρὸς δριμεῖαν ἐρωήν,","θῆκας, ἄναξ, δῶκας δὲ πυρὸς δριμεῖαν ἐρωήν,",tlg0024.tlg001.perseus-grc2.xml
Cynegetica,tlg001,3,240,δεξιτερῇ δὲ φέρειν ἀδαμάντινον ὤπασας ἆορ.,δεξιτερῇ δὲ φέρειν ἀδαμάντινον ὤπασας ἆορ.,tlg0024.tlg001.perseus-grc2.xml
Cynegetica,tlg001,3,241,"οὐ παῖδας τήρησε φίλους γλυκεροῖσι τοκεῦσιν,","οὐ παῖδας τήρησε φίλους γλυκεροῖσι τοκεῦσιν,",tlg0024.tlg001.perseus-grc2.xml
Cynegetica,tlg001,3,242,"οὐχ ἑτάρους πηούς τε μολών, οὐκ οἶδεν ὁμαίμους,","οὐχ ἑτάρους πηούς τε μολών, οὐκ οἶδεν ὁμαίμους,",tlg0024.tlg001.perseus-grc2.xml
Cynegetica,tlg001,3,243,ὁππόταν ἀργαλέος τε καὶ ἄσπετος ἀντιβολήσῃ.,ὁππόταν ἀργαλέος τε καὶ ἄσπετος ἀντιβολήσῃ.,tlg0024.tlg001.perseus-grc2.xml
Cynegetica,tlg001,3,244,κεῖνος καὶ προπάροιθεν ἑοῖσιν ἐφώπλισε παισὶν,κεῖνος καὶ προπάροιθεν ἑοῖσιν ἐφώπλισε παισὶν,tlg0024.tlg001.perseus-grc2.xml
Cynegetica,tlg001,3,245,"αὐτοὺς ἡμιθέους καὶ ἀμύμονας ἡμιθεαίνας,","αὐτοὺς ἡμιθέους καὶ ἀμύμονας ἡμιθεαίνας,",tlg0024.tlg001.perseus-grc2.xml
Cynegetica,tlg001,3,246,"Αἰγείδην Θησῆα καὶ Αἰολίδην Ἀθάμαντα,","Αἰγείδην Θησῆα καὶ Αἰολίδην Ἀθάμαντα,",tlg0024.tlg001.perseus-grc2.xml
Cynegetica,tlg001,3,247,Ἀτθίδα καὶ Πρόκνην καὶ Θρηϊκίην Φιλομήλην,Ἀτθίδα καὶ Πρόκνην καὶ Θρηϊκίην Φιλομήλην,tlg0024.tlg001.perseus-grc2.xml
Cynegetica,tlg001,3,248,Κολχίδα τε Μήδειαν ἀρίζηλόν τε Θεμιστώ.,Κολχίδα τε Μήδειαν ἀρίζηλόν τε Θεμιστώ.,tlg0024.tlg001.perseus-grc2.xml
Cynegetica,tlg001,3,249,ἀλλʼ ἔμπης μετὰ φῦλον ἐφημερίων ἀλεγεινῶν,ἀλλ’ ἔμπης μετὰ φῦλον ἐφημερίων ἀλεγεινῶν,tlg0024.tlg001.perseus-grc2.xml
Cynegetica,tlg001,3,250,θηρσὶ Θυεστείην ὀλοὴν παρέθηκε τράπεζαν.,θηρσὶ Θυεστείην ὀλοὴν παρέθηκε τράπεζαν.,tlg0024.tlg001.perseus-grc2.xml
Cynegetica,tlg001,3,251,ἔστι δʼ ἐϋκρήμνοις ἐπὶ τέρμασιν Αἰθιοπήων,ἔστι δ’ ἐϋκρήμνοις ἐπὶ τέρμασιν Αἰθιοπήων,tlg0024.tlg001.perseus-grc2.xml
Cynegetica,tlg001,3,252,"ἱππάγρων πολὺ φῦλον, ἀκαχμένον ἰοφόροισι","ἱππάγρων πολὺ φῦλον, ἀκαχμένον ἰοφόροισι",tlg0024.tlg001.perseus-grc2.xml
Cynegetica,tlg001,3,253,"δοιοῖς χαυλιόδουσι· ποδῶν γε μὲν οὐ μίαν ὁπλήν,","δοιοῖς χαυλιόδουσι· ποδῶν γε μὲν οὐ μίαν ὁπλήν,",tlg0024.tlg001.perseus-grc2.xml
Cynegetica,tlg001,3,254,"χηλὴν δʼ αὖ φορέουσι διπλῆν, ἰκέλην ἐλάφοισι·","χηλὴν δ’ αὖ φορέουσι διπλῆν, ἰκέλην ἐλάφοισι·",tlg0024.tlg001.perseus-grc2.xml
Cynegetica,tlg001,3,255,χαίτη δʼ αὐχενίη μεσάτην ῥάχιν ἀμφιβεβῶσα,χαίτη δ’ αὐχενίη μεσάτην ῥάχιν ἀμφιβεβῶσα,tlg0024.tlg001.perseus-grc2.xml
Cynegetica,tlg001,3,256,οὐρὴν ἐς νεάτην μετανίσσεται· οὐδὲ βροτείην,οὐρὴν ἐς νεάτην μετανίσσεται· οὐδὲ βροτείην,tlg0024.tlg001.perseus-grc2.xml
Cynegetica,tlg001,3,257,δουλοσύνην ἔτλη ποθʼ ὑπερφίαλον γένος αἰνόν·,δουλοσύνην ἔτλη ποθ’ ὑπερφίαλον γένος αἰνόν·,tlg0024.tlg001.perseus-grc2.xml
Cynegetica,tlg001,3,258,ἀλλʼ εἰ καί ποθʼ ἕλοιεν ἐϋστρέπτοισι βρόχοισιν,ἀλλ’ εἰ καί ποθ’ ἕλοιεν ἐϋστρέπτοισι βρόχοισιν,tlg0024.tlg001.perseus-grc2.xml
Cynegetica,tlg001,3,259,"ἵππαγρον δολίοισι λόχοις μελανόχροες Ἰνδοί,","ἵππαγρον δολίοισι λόχοις μελανόχροες Ἰνδοί,",tlg0024.tlg001.perseus-grc2.xml
Cynegetica,tlg001,3,260,οὔτε βορὴν ἐθέλει μετὰ χείλεσιν αἶψα πάσασθαι,οὔτε βορὴν ἐθέλει μετὰ χείλεσιν αἶψα πάσασθαι,tlg0024.tlg001.perseus-grc2.xml
Cynegetica,tlg001,3,261,"οὔτε πιεῖν, ὀλοὸς δὲ φέρειν ζυγὸν ἔπλετο δοῦλον.","οὔτε πιεῖν, ὀλοὸς δὲ φέρειν ζυγὸν ἔπλετο δοῦλον.",tlg0024.tlg001.perseus-grc2.xml
Cynegetica,tlg001,3,262,"φράζεο καὶ δύο φῦλα δυσάντεα, καρχαρόδοντα,","φράζεο καὶ δύο φῦλα δυσάντεα, καρχαρόδοντα,",tlg0024.tlg001.perseus-grc2.xml
Cynegetica,tlg001,3,263,"μηλοφόνον τε λύκον δυσδερκέα τʼ αὖθις ὕαιναν,","μηλοφόνον τε λύκον δυσδερκέα τ’ αὖθις ὕαιναν,",tlg0024.tlg001.perseus-grc2.xml
Cynegetica,tlg001,3,264,"τὸν μὲν ποιμενίων τε καὶ αἰπολίων ὀλετῆρα,","τὸν μὲν ποιμενίων τε καὶ αἰπολίων ὀλετῆρα,",tlg0024.tlg001.perseus-grc2.xml
Cynegetica,tlg001,3,265,τὴν δʼ ἐχθρὴν σκυλάκεσσιν ἀρειοτέροις τε κύνεσσι·,τὴν δ’ ἐχθρὴν σκυλάκεσσιν ἀρειοτέροις τε κύνεσσι·,tlg0024.tlg001.perseus-grc2.xml
Cynegetica,tlg001,3,266,τὸν μὲν νυκτερινὸν διὰ γαστρὸς ἄφυκτον ἐρωὴν,τὸν μὲν νυκτερινὸν διὰ γαστρὸς ἄφυκτον ἐρωὴν,tlg0024.tlg001.perseus-grc2.xml
Cynegetica,tlg001,3,267,"ἀρνειῶν ἐρίφων τε πολυπλόκον ἁρπακτῆρα,","ἀρνειῶν ἐρίφων τε πολυπλόκον ἁρπακτῆρα,",tlg0024.tlg001.perseus-grc2.xml
Cynegetica,tlg001,3,268,τὴν δʼ αὖ νυκτιπόρον καὶ νυκτιπλανῆ τελέθουσαν,τὴν δ’ αὖ νυκτιπόρον καὶ νυκτιπλανῆ τελέθουσαν,tlg0024.tlg001.perseus-grc2.xml
Cynegetica,tlg001,3,269,"οὕνεκά οἱ διὰ νύκτα φάος, σκότος αὖτε μετʼ ἠῶ.","οὕνεκά οἱ διὰ νύκτα φάος, σκότος αὖτε μετ’ ἠῶ.",tlg0024.tlg001.perseus-grc2.xml
Cynegetica,tlg001,3,270,εἴδεα δʼ ἀμφοτέροις ἀνομοίϊα θηρσὶ δαφοινοῖς·,εἴδεα δ’ ἀμφοτέροις ἀνομοίϊα θηρσὶ δαφοινοῖς·,tlg0024.tlg001.perseus-grc2.xml
Cynegetica,tlg001,3,271,τὸν μὲν γάρ τε κύνεσσι πανείκελον ὠπήσαιο,τὸν μὲν γάρ τε κύνεσσι πανείκελον ὠπήσαιο,tlg0024.tlg001.perseus-grc2.xml
Cynegetica,tlg001,3,272,"μείζοσι ποιμενικοῖς, λασίη δʼ ἐπιέσπεται οὐρή·","μείζοσι ποιμενικοῖς, λασίη δ’ ἐπιέσπεται οὐρή·",tlg0024.tlg001.perseus-grc2.xml
Cynegetica,tlg001,3,273,"ἡ δέ τε κυρτοῦται μεσάτην ῥάχιν, ἀμφὶ δὲ πάντῃ","ἡ δέ τε κυρτοῦται μεσάτην ῥάχιν, ἀμφὶ δὲ πάντῃ",tlg0024.tlg001.perseus-grc2.xml
Cynegetica,tlg001,3,274,"λαχνήεσσα κυρεῖ, κατὰ δʼ ἔγραπται δέμας αἰνὸν","λαχνήεσσα κυρεῖ, κατὰ δ’ ἔγραπται δέμας αἰνὸν",tlg0024.tlg001.perseus-grc2.xml
Cynegetica,tlg001,3,275,κυανέῃς ἑκάτερθεν ἐπήτριμα ταινίῃσι·,κυανέῃς ἑκάτερθεν ἐπήτριμα ταινίῃσι·,tlg0024.tlg001.perseus-grc2.xml
Cynegetica,tlg001,3,276,στεινὴ τʼ ἐκτάδιός τε πέλει καὶ νῶτα καὶ οὐρήν·,στεινὴ τ’ ἐκτάδιός τε πέλει καὶ νῶτα καὶ οὐρήν·,tlg0024.tlg001.perseus-grc2.xml
Cynegetica,tlg001,3,277,ῥινὸν δʼ ἀμφοτέροισιν ἐπικλείουσιν ἀοιδοὶ,ῥινὸν δ’ ἀμφοτέροισιν ἐπικλείουσιν ἀοιδοὶ,tlg0024.tlg001.perseus-grc2.xml
Cynegetica,tlg001,3,278,ῥιγεδανόν· τῆς μέν τε διατμήξας περὶ ποσσὶν,ῥιγεδανόν· τῆς μέν τε διατμήξας περὶ ποσσὶν,tlg0024.tlg001.perseus-grc2.xml
Cynegetica,tlg001,3,279,"εἰ φορέοις, φορέοις σκυλάκων μέγα δεῖμα κραταιῶν,","εἰ φορέοις, φορέοις σκυλάκων μέγα δεῖμα κραταιῶν,",tlg0024.tlg001.perseus-grc2.xml
Cynegetica,tlg001,3,280,καί σε κύνες κείνοισιν ἐπεμβεβαῶτα πεδίλοις,καί σε κύνες κείνοισιν ἐπεμβεβαῶτα πεδίλοις,tlg0024.tlg001.perseus-grc2.xml
Cynegetica,tlg001,3,281,ἀντίον οὐχ ὑλάουσι πάρος γε μὲν ὑλακόωντες.,ἀντίον οὐχ ὑλάουσι πάρος γε μὲν ὑλακόωντες.,tlg0024.tlg001.perseus-grc2.xml
Cynegetica,tlg001,3,282,εἰ δὲ λύκον δείρας ῥινῶν ἄπο τεκτήναιο,εἰ δὲ λύκον δείρας ῥινῶν ἄπο τεκτήναιο,tlg0024.tlg001.perseus-grc2.xml
Cynegetica,tlg001,3,283,"τύμπανον εὐκέλαδον Διδυμήϊον, ὠλεσίκαρπον,","τύμπανον εὐκέλαδον Διδυμήϊον, ὠλεσίκαρπον,",tlg0024.tlg001.perseus-grc2.xml
Cynegetica,tlg001,3,284,μοῦνόν τοι μετὰ πᾶσι βαρύβρομον ἔκλαγεν ἠχὴν,μοῦνόν τοι μετὰ πᾶσι βαρύβρομον ἔκλαγεν ἠχὴν,tlg0024.tlg001.perseus-grc2.xml
Cynegetica,tlg001,3,285,"καὶ μοῦνον παταγεῖ, τὰ δʼ ἐΰθροα πρόσθεν ἐόντα","καὶ μοῦνον παταγεῖ, τὰ δ’ ἐΰθροα πρόσθεν ἐόντα",tlg0024.tlg001.perseus-grc2.xml
Cynegetica,tlg001,3,286,τύμπανα σιγάζει κώφησέ τε πᾶσαν ἰωήν.,τύμπανα σιγάζει κώφησέ τε πᾶσαν ἰωήν.,tlg0024.tlg001.perseus-grc2.xml
Cynegetica,tlg001,3,287,καὶ φθίμενοι γὰρ ὄϊς φθίμενον λύκον ἐρρίγασι.,καὶ φθίμενοι γὰρ ὄϊς φθίμενον λύκον ἐρρίγασι.,tlg0024.tlg001.perseus-grc2.xml
Cynegetica,tlg001,3,288,"θαῦμα δὲ καὶ τόδʼ ἄκουσα περὶ στικτῇσιν ὑαίναις,","θαῦμα δὲ καὶ τόδ’ ἄκουσα περὶ στικτῇσιν ὑαίναις,",tlg0024.tlg001.perseus-grc2.xml
Cynegetica,tlg001,3,289,"ἄρσενα καὶ θήλειαν ἀμείβεσθαι λυκάβαντι,","ἄρσενα καὶ θήλειαν ἀμείβεσθαι λυκάβαντι,",tlg0024.tlg001.perseus-grc2.xml
Cynegetica,tlg001,3,290,"καί ῥʼ ὁτὲ μὲν τελέθειν δυσδερκέα νυμφευτῆρα,","καί ῥ’ ὁτὲ μὲν τελέθειν δυσδερκέα νυμφευτῆρα,",tlg0024.tlg001.perseus-grc2.xml
Cynegetica,tlg001,3,291,"νωλεμὲς ἱμείροντα γάμων, ποτὲ δʼ αὖθις ὁρᾶσθαι","νωλεμὲς ἱμείροντα γάμων, ποτὲ δ’ αὖθις ὁρᾶσθαι",tlg0024.tlg001.perseus-grc2.xml
Cynegetica,tlg001,3,292,θηλυτέρην νύμφην λοχίην καὶ μητέρα κεδνήν.,θηλυτέρην νύμφην λοχίην καὶ μητέρα κεδνήν.,tlg0024.tlg001.perseus-grc2.xml
Cynegetica,tlg001,3,293,"ἀλλὰ λύκων τελέθει πολιότριχα πέντε γένεθλα,","ἀλλὰ λύκων τελέθει πολιότριχα πέντε γένεθλα,",tlg0024.tlg001.perseus-grc2.xml
Cynegetica,tlg001,3,294,εἴδεα δʼ ἀλλήλοις ἀνομοίϊα τεκμήραντο,εἴδεα δ’ ἀλλήλοις ἀνομοίϊα τεκμήραντο,tlg0024.tlg001.perseus-grc2.xml
Cynegetica,tlg001,3,295,"φῶτες ἀμορβῆες, τοῖσιν μάλα δήϊα φῦλα.","φῶτες ἀμορβῆες, τοῖσιν μάλα δήϊα φῦλα.",tlg0024.tlg001.perseus-grc2.xml
Cynegetica,tlg001,3,296,πρῶτα μὲν ὃν καλέουσι θρασύφρονα τοξευτῆρα·,πρῶτα μὲν ὃν καλέουσι θρασύφρονα τοξευτῆρα·,tlg0024.tlg001.perseus-grc2.xml
Cynegetica,tlg001,3,297,"ξουθὸς μὲν πρόπαν εἶδος, ἀτὰρ περιηγέα γυῖα","ξουθὸς μὲν πρόπαν εἶδος, ἀτὰρ περιηγέα γυῖα",tlg0024.tlg001.perseus-grc2.xml
Cynegetica,tlg001,3,298,καὶ κεφαλὴν φορέει πολὺ μείζονα καὶ θοὰ κῶλα·,καὶ κεφαλὴν φορέει πολὺ μείζονα καὶ θοὰ κῶλα·,tlg0024.tlg001.perseus-grc2.xml
Cynegetica,tlg001,3,299,γαστέρα δʼ ἀργαίνουσαν ἔχει πολιῇ ῥαθάμιγγι·,γαστέρα δ’ ἀργαίνουσαν ἔχει πολιῇ ῥαθάμιγγι·,tlg0024.tlg001.perseus-grc2.xml
Cynegetica,tlg001,3,300,"σμερδαλέον δʼ ἰάχει τε καὶ ὑψόθι πάμπαν ὀρούει,","σμερδαλέον δ’ ἰάχει τε καὶ ὑψόθι πάμπαν ὀρούει,",tlg0024.tlg001.perseus-grc2.xml
Cynegetica,tlg001,3,301,αἰὲν ἐπισσείων κεφαλὴν πυρόεν τε δεδορκώς.,αἰὲν ἐπισσείων κεφαλὴν πυρόεν τε δεδορκώς.,tlg0024.tlg001.perseus-grc2.xml
Cynegetica,tlg001,3,302,"ἄλλος δʼ αὖ μέγεθος μὲν ὑπέρτερος, ἅψεα δʼ αὖτε","ἄλλος δ’ αὖ μέγεθος μὲν ὑπέρτερος, ἅψεα δ’ αὖτε",tlg0024.tlg001.perseus-grc2.xml
Cynegetica,tlg001,3,303,"μηκεδανός, πάντεσσι θοώτερος ὦκα λύκοισι·","μηκεδανός, πάντεσσι θοώτερος ὦκα λύκοισι·",tlg0024.tlg001.perseus-grc2.xml
Cynegetica,tlg001,3,304,τὸν μέροπες κίρκον τε καὶ ἅρπαγα κικλήσκουσι.,τὸν μέροπες κίρκον τε καὶ ἅρπαγα κικλήσκουσι.,tlg0024.tlg001.perseus-grc2.xml
Cynegetica,tlg001,3,305,πολλῷ σὺν ῥοίζῳ δὲ μάλʼ ὄρθριος εἶσιν ἐπʼ ἄγρην,πολλῷ σὺν ῥοίζῳ δὲ μάλ’ ὄρθριος εἶσιν ἐπ’ ἄγρην,tlg0024.tlg001.perseus-grc2.xml
Cynegetica,tlg001,3,306,πρώτῃ ὑπʼ ἀμφιλύκῃ· ῥέα γάρ τʼ ἐπιδεύετʼ ἐδωδῆς·,πρώτῃ ὑπ’ ἀμφιλύκῃ· ῥέα γάρ τ’ ἐπιδεύετ’ ἐδωδῆς·,tlg0024.tlg001.perseus-grc2.xml
Cynegetica,tlg001,3,307,"χροιὴ δʼ ἀργυφέη σελαγεῖ πλευράς τε καὶ οὐρήν,","χροιὴ δ’ ἀργυφέη σελαγεῖ πλευράς τε καὶ οὐρήν,",tlg0024.tlg001.perseus-grc2.xml
Cynegetica,tlg001,3,308,ναίει δʼ οὔρεα μακρά· τὰ δʼ ὁππότε χείματος ὥρῃ,ναίει δ’ οὔρεα μακρά· τὰ δ’ ὁππότε χείματος ὥρῃ,tlg0024.tlg001.perseus-grc2.xml
Cynegetica,tlg001,3,309,"ἐκ νεφέων προχυθεῖσα χιὼν κρυόεσσα καλύψῃ,","ἐκ νεφέων προχυθεῖσα χιὼν κρυόεσσα καλύψῃ,",tlg0024.tlg001.perseus-grc2.xml
Cynegetica,tlg001,3,310,"δὴ τότε καὶ πόλιος πέλας ἵκετο θὴρ ὀλοόφρων,","δὴ τότε καὶ πόλιος πέλας ἵκετο θὴρ ὀλοόφρων,",tlg0024.tlg001.perseus-grc2.xml
Cynegetica,tlg001,3,311,"πᾶσαν ἀναιδείην ἐπιειμένος εἵνεκʼ ἐδωδῆς,","πᾶσαν ἀναιδείην ἐπιειμένος εἵνεκ’ ἐδωδῆς,",tlg0024.tlg001.perseus-grc2.xml
Cynegetica,tlg001,3,312,"λάθρη τʼ ἐμπελάει μάλα τʼ ἤρεμος, εἰσόκεν ἄγρῃ","λάθρη τ’ ἐμπελάει μάλα τ’ ἤρεμος, εἰσόκεν ἄγρῃ",tlg0024.tlg001.perseus-grc2.xml
Cynegetica,tlg001,3,313,ἐγχρίμψῃ· τὴν δʼ αἶψα θοοῖς ὀνύχεσσιν ἔμαρψεν.,ἐγχρίμψῃ· τὴν δ’ αἶψα θοοῖς ὀνύχεσσιν ἔμαρψεν.,tlg0024.tlg001.perseus-grc2.xml
Cynegetica,tlg001,3,314,ἔστι δέ τις Ταύροιο νιφοβλήτους ὑπὲρ ἄκρας,ἔστι δέ τις Ταύροιο νιφοβλήτους ὑπὲρ ἄκρας,tlg0024.tlg001.perseus-grc2.xml
Cynegetica,tlg001,3,315,"ἐνδιάων Κίλικάς τε πάγους καὶ πρῶνας Ἀμανοῦ,","ἐνδιάων Κίλικάς τε πάγους καὶ πρῶνας Ἀμανοῦ,",tlg0024.tlg001.perseus-grc2.xml
Cynegetica,tlg001,3,316,"καλὸς ἰδεῖν, θήρεσσι πανέξοχος, ὅντε καλεῦσι","καλὸς ἰδεῖν, θήρεσσι πανέξοχος, ὅντε καλεῦσι",tlg0024.tlg001.perseus-grc2.xml
Cynegetica,tlg001,3,317,"χρύσεον, ἀστράπτοντα περισσοκόμοισιν ἐθείραις,","χρύσεον, ἀστράπτοντα περισσοκόμοισιν ἐθείραις,",tlg0024.tlg001.perseus-grc2.xml
Cynegetica,tlg001,3,318,"οὐ λύκος, ἀλλὰ λύκου προφερέστατος αἰπύτατος θήρ,","οὐ λύκος, ἀλλὰ λύκου προφερέστατος αἰπύτατος θήρ,",tlg0024.tlg001.perseus-grc2.xml
Cynegetica,tlg001,3,319,"χείλεσι χαλκείοισι τεθηγμένος, ἄσπετος ἀλκήν.","χείλεσι χαλκείοισι τεθηγμένος, ἄσπετος ἀλκήν.",tlg0024.tlg001.perseus-grc2.xml
Cynegetica,tlg001,3,320,"πολλάκι τοι καὶ χαλκὸν ἀτειρέα, πολλάκι λᾶαν","πολλάκι τοι καὶ χαλκὸν ἀτειρέα, πολλάκι λᾶαν",tlg0024.tlg001.perseus-grc2.xml
Cynegetica,tlg001,3,321,ἐμμενέως ἐτόρησε καὶ αἰχμήεντα σίδηρον.,ἐμμενέως ἐτόρησε καὶ αἰχμήεντα σίδηρον.,tlg0024.tlg001.perseus-grc2.xml
Cynegetica,tlg001,3,322,καὶ κύνα Σείριον οἶδε καὶ ἀντέλλοντα φοβεῖται·,καὶ κύνα Σείριον οἶδε καὶ ἀντέλλοντα φοβεῖται·,tlg0024.tlg001.perseus-grc2.xml
Cynegetica,tlg001,3,323,αὐτίκα δὴ ῥωχμὸν καταδύεται εὐρέος αἴης,αὐτίκα δὴ ῥωχμὸν καταδύεται εὐρέος αἴης,tlg0024.tlg001.perseus-grc2.xml
Cynegetica,tlg001,3,324,"ἠὲ κατὰ σπήλυγγος ἀφεγγέος, εἰσόκεν ἄζης","ἠὲ κατὰ σπήλυγγος ἀφεγγέος, εἰσόκεν ἄζης",tlg0024.tlg001.perseus-grc2.xml
Cynegetica,tlg001,3,325,ἠέλιος παύσαιτο καὶ οὐλομένου κυνὸς ἀστήρ.,ἠέλιος παύσαιτο καὶ οὐλομένου κυνὸς ἀστήρ.,tlg0024.tlg001.perseus-grc2.xml
Cynegetica,tlg001,3,326,"Ἄκμονες αὖ δοιοί, φόνιον γένος, αὐχένα βαιοί,","Ἄκμονες αὖ δοιοί, φόνιον γένος, αὐχένα βαιοί,",tlg0024.tlg001.perseus-grc2.xml
Cynegetica,tlg001,3,327,"εὐρύτατοι νώτοισιν, ἀτὰρ λασιότριχε μηροὺς","εὐρύτατοι νώτοισιν, ἀτὰρ λασιότριχε μηροὺς",tlg0024.tlg001.perseus-grc2.xml
Cynegetica,tlg001,3,328,"καὶ πόδας ἠδὲ πρόσωπον ὀλίζονες, ὄμμασι βαιοί.","καὶ πόδας ἠδὲ πρόσωπον ὀλίζονες, ὄμμασι βαιοί.",tlg0024.tlg001.perseus-grc2.xml
Cynegetica,tlg001,3,329,τῶν ὁ μὲν ἀργυρέοις νώτοις καὶ γαστέρι λευκῇ,τῶν ὁ μὲν ἀργυρέοις νώτοις καὶ γαστέρι λευκῇ,tlg0024.tlg001.perseus-grc2.xml
Cynegetica,tlg001,3,330,"παμφαίνει, δνοφερὸς δὲ μόνων ἄκρα νείατα ταρσῶν·","παμφαίνει, δνοφερὸς δὲ μόνων ἄκρα νείατα ταρσῶν·",tlg0024.tlg001.perseus-grc2.xml
Cynegetica,tlg001,3,331,ὅν τινες ἰκτῖνον πολιότριχα φῶτες ἔλεξαν.,ὅν τινες ἰκτῖνον πολιότριχα φῶτες ἔλεξαν.,tlg0024.tlg001.perseus-grc2.xml
Cynegetica,tlg001,3,332,"αὐτὰρ ὅ γε χροιῇσι μελαινομένῃσι πέφανται,","αὐτὰρ ὅ γε χροιῇσι μελαινομένῃσι πέφανται,",tlg0024.tlg001.perseus-grc2.xml
Cynegetica,tlg001,3,333,"μείων μὲν προτέροιο, τὸ δὲ σθένος οὐκ ἐπιδευής.","μείων μὲν προτέροιο, τὸ δὲ σθένος οὐκ ἐπιδευής.",tlg0024.tlg001.perseus-grc2.xml
Cynegetica,tlg001,3,334,θηρεύει δʼ ἔκπαγλον ἐπὶ πτώκεσσιν ὀρούων·,θηρεύει δ’ ἔκπαγλον ἐπὶ πτώκεσσιν ὀρούων·,tlg0024.tlg001.perseus-grc2.xml
Cynegetica,tlg001,3,335,πᾶσαί τʼ ἐκ μελέων ὀρθαὶ φρίσσουσιν ἔθειραι.,πᾶσαί τ’ ἐκ μελέων ὀρθαὶ φρίσσουσιν ἔθειραι.,tlg0024.tlg001.perseus-grc2.xml
Cynegetica,tlg001,3,336,Δηθάκι δʼ αὖτε λύκοι καὶ πορδαλίεσσι δαφοιναῖς,Δηθάκι δ’ αὖτε λύκοι καὶ πορδαλίεσσι δαφοιναῖς,tlg0024.tlg001.perseus-grc2.xml
Cynegetica,tlg001,3,337,"εἰς εὐνὴν ἐπέλασσαν, ὅθεν κρατερόφρονα φῦλα,","εἰς εὐνὴν ἐπέλασσαν, ὅθεν κρατερόφρονα φῦλα,",tlg0024.tlg001.perseus-grc2.xml
Cynegetica,tlg001,3,338,"θῶες· ὁμοῦ δὲ φέρουσι διπλοῦν μεμορυγμένον ἄνθος,","θῶες· ὁμοῦ δὲ φέρουσι διπλοῦν μεμορυγμένον ἄνθος,",tlg0024.tlg001.perseus-grc2.xml
Cynegetica,tlg001,3,339,"μητέρα μὲν ῥινοῖσι, προσώποις δʼ αὖ γενετῆρα.","μητέρα μὲν ῥινοῖσι, προσώποις δ’ αὖ γενετῆρα.",tlg0024.tlg001.perseus-grc2.xml
Cynegetica,tlg001,3,340,"Τίγριδος αὖ μετέπειτα κλυτὸν δέμας ἀείδωμεν,","Τίγριδος αὖ μετέπειτα κλυτὸν δέμας ἀείδωμεν,",tlg0024.tlg001.perseus-grc2.xml
Cynegetica,tlg001,3,341,τῆς οὐ τερπνότερον φύσις ὤπασε τεχνήεσσα,τῆς οὐ τερπνότερον φύσις ὤπασε τεχνήεσσα,tlg0024.tlg001.perseus-grc2.xml
Cynegetica,tlg001,3,342,ὀφθαλμοῖσιν ἰδεῖν θηρῶν μετὰ πουλὺν ὅμιλον.,ὀφθαλμοῖσιν ἰδεῖν θηρῶν μετὰ πουλὺν ὅμιλον.,tlg0024.tlg001.perseus-grc2.xml
Cynegetica,tlg001,3,343,"τόσσον δʼ ἐν θήρεσσι μέγʼ ἔξοχος ἔπλετο τίγρις,","τόσσον δ’ ἐν θήρεσσι μέγ’ ἔξοχος ἔπλετο τίγρις,",tlg0024.tlg001.perseus-grc2.xml
Cynegetica,tlg001,3,344,ὅσσον ἐν ἠερίοισι ταὼς καλὸς οἰωνοῖσι.,ὅσσον ἐν ἠερίοισι ταὼς καλὸς οἰωνοῖσι.,tlg0024.tlg001.perseus-grc2.xml
Cynegetica,tlg001,3,345,"πάντα μιν ἀθρήσειας ὀρέσβιον οἶα λέαιναν,","πάντα μιν ἀθρήσειας ὀρέσβιον οἶα λέαιναν,",tlg0024.tlg001.perseus-grc2.xml
Cynegetica,tlg001,3,346,"νόσφι μόνου ῥινοῖο, τὸν αἰόλον ἐστεφάνωται,","νόσφι μόνου ῥινοῖο, τὸν αἰόλον ἐστεφάνωται,",tlg0024.tlg001.perseus-grc2.xml
Cynegetica,tlg001,3,347,δαίδαλα πορφύροντα καὶ ἄνθεσι μαρμαίροντα.,δαίδαλα πορφύροντα καὶ ἄνθεσι μαρμαίροντα.,tlg0024.tlg001.perseus-grc2.xml
Cynegetica,tlg001,3,348,τοίην μὲν πυρόεσσαν ὑπὸ βλεφάροισιν ὀπωπαὶ,τοίην μὲν πυρόεσσαν ὑπὸ βλεφάροισιν ὀπωπαὶ,tlg0024.tlg001.perseus-grc2.xml
Cynegetica,tlg001,3,349,"μαρμαρυγὴν στράπτουσιν· ἀτὰρ δέμας ἔπλετο τοῖον,","μαρμαρυγὴν στράπτουσιν· ἀτὰρ δέμας ἔπλετο τοῖον,",tlg0024.tlg001.perseus-grc2.xml
Cynegetica,tlg001,3,350,"καρτερόν, εὔσαρκον· τοίη δολιχόσκιος οὐρή·","καρτερόν, εὔσαρκον· τοίη δολιχόσκιος οὐρή·",tlg0024.tlg001.perseus-grc2.xml
Cynegetica,tlg001,3,351,τοῖα περὶ στομάτεσσι προσώπατα· τοῖον ὕπερθε,τοῖα περὶ στομάτεσσι προσώπατα· τοῖον ὕπερθε,tlg0024.tlg001.perseus-grc2.xml
Cynegetica,tlg001,3,352,νεύει ἐπισκύνιον· τοῖοι σελαγεῦσιν ὀδόντες.,νεύει ἐπισκύνιον· τοῖοι σελαγεῦσιν ὀδόντες.,tlg0024.tlg001.perseus-grc2.xml
Cynegetica,tlg001,3,353,ὠκυτέρη τελέθει δὲ θοῶν πανυπείροχα θηρῶν·,ὠκυτέρη τελέθει δὲ θοῶν πανυπείροχα θηρῶν·,tlg0024.tlg001.perseus-grc2.xml
Cynegetica,tlg001,3,354,αὐτῷ γάρ τε θέειν ἰκέλη Ζεφύρῳ γενετῆρι·,αὐτῷ γάρ τε θέειν ἰκέλη Ζεφύρῳ γενετῆρι·,tlg0024.tlg001.perseus-grc2.xml
Cynegetica,tlg001,3,355,"οὔτι γε μὴν γενετῆρι· τίς ἂν τάδε πιστώσαιτο,","οὔτι γε μὴν γενετῆρι· τίς ἂν τάδε πιστώσαιτο,",tlg0024.tlg001.perseus-grc2.xml
Cynegetica,tlg001,3,356,θῆρες ὅτι δμηθεῖεν ὑπʼ ἠέρι νυμφευτῆρι;,θῆρες ὅτι δμηθεῖεν ὑπ’ ἠέρι νυμφευτῆρι;,tlg0024.tlg001.perseus-grc2.xml
Cynegetica,tlg001,3,357,"ἔπλετο γὰρ κείνη κενεὴ φάτις, ὡς τόδε φῦλον","ἔπλετο γὰρ κείνη κενεὴ φάτις, ὡς τόδε φῦλον",tlg0024.tlg001.perseus-grc2.xml
Cynegetica,tlg001,3,358,θῆλυ πρόπαν τελέθει καὶ ἀδέμνιον ἄρσενός ἐστι·,θῆλυ πρόπαν τελέθει καὶ ἀδέμνιον ἄρσενός ἐστι·,tlg0024.tlg001.perseus-grc2.xml
Cynegetica,tlg001,3,359,δηθάκι γάρ κεν ἴδοις πολυανθέα καλὸν ἀκοίτην·,δηθάκι γάρ κεν ἴδοις πολυανθέα καλὸν ἀκοίτην·,tlg0024.tlg001.perseus-grc2.xml
Cynegetica,tlg001,3,360,ῥεῖα γὰρ οὐκ ἂν ἕλοις· δὴ γάρ τε λιπὼν ἑά τέκνα,ῥεῖα γὰρ οὐκ ἂν ἕλοις· δὴ γάρ τε λιπὼν ἑά τέκνα,tlg0024.tlg001.perseus-grc2.xml
Cynegetica,tlg001,3,361,"ἐμμενέως φεύγει, θηρήτορας εὖτʼ ἂν ἴδηται·","ἐμμενέως φεύγει, θηρήτορας εὖτ’ ἂν ἴδηται·",tlg0024.tlg001.perseus-grc2.xml
Cynegetica,tlg001,3,362,"ἡ δʼ ἕπεται σκύμνοισιν ἀνιάζουσά τε θυμόν,","ἡ δ’ ἕπεται σκύμνοισιν ἀνιάζουσά τε θυμόν,",tlg0024.tlg001.perseus-grc2.xml
Cynegetica,tlg001,3,363,"χάρμα μέγʼ ἀγρευτῆρσι, πρὸς ἄρκυας ἰθὺς ἱκάνει.","χάρμα μέγ’ ἀγρευτῆρσι, πρὸς ἄρκυας ἰθὺς ἱκάνει.",tlg0024.tlg001.perseus-grc2.xml
Cynegetica,tlg001,3,364,Κάπρος ἐνυαλίοις δὲ μέγʼ ἔξοχος ἐν θήρεσσιν,Κάπρος ἐνυαλίοις δὲ μέγ’ ἔξοχος ἐν θήρεσσιν,tlg0024.tlg001.perseus-grc2.xml
Cynegetica,tlg001,3,365,"εὐνὰς μὲν ποθέει πυμάτοις ἐνὶ βένθεσι κρημνῶν,","εὐνὰς μὲν ποθέει πυμάτοις ἐνὶ βένθεσι κρημνῶν,",tlg0024.tlg001.perseus-grc2.xml
Cynegetica,tlg001,3,366,ἔξοχα δὲ στυγέει δοῦπον πολυηχέα θηρῶν.,ἔξοχα δὲ στυγέει δοῦπον πολυηχέα θηρῶν.,tlg0024.tlg001.perseus-grc2.xml
Cynegetica,tlg001,3,367,θηλυτέρῃ δʼ ἀλίαστος ἐφορμαίνων ἀλάληται,θηλυτέρῃ δ’ ἀλίαστος ἐφορμαίνων ἀλάληται,tlg0024.tlg001.perseus-grc2.xml
Cynegetica,tlg001,3,368,καὶ μάλʼ ἐρωμανέων σφριγᾷ· κατὰ δʼ αὐχένος ὀρθαὶ,καὶ μάλ’ ἐρωμανέων σφριγᾷ· κατὰ δ’ αὐχένος ὀρθαὶ,tlg0024.tlg001.perseus-grc2.xml
Cynegetica,tlg001,3,369,"φρίσσουσι τρίχες, οἶα περισσολόφων πηλήκων,","φρίσσουσι τρίχες, οἶα περισσολόφων πηλήκων,",tlg0024.tlg001.perseus-grc2.xml
Cynegetica,tlg001,3,370,ἀφρὸν ἀποσταλάει δὲ κατὰ χθονός· αὐτὰρ ὀδόντων,ἀφρὸν ἀποσταλάει δὲ κατὰ χθονός· αὐτὰρ ὀδόντων,tlg0024.tlg001.perseus-grc2.xml
Cynegetica,tlg001,3,371,ἕρκος ἐπικροτέει λευκόχροον ἄσθματι θερμῷ·,ἕρκος ἐπικροτέει λευκόχροον ἄσθματι θερμῷ·,tlg0024.tlg001.perseus-grc2.xml
Cynegetica,tlg001,3,372,καὶ χόλος ἀμφὶ γάμοισι πολὺ πλέον ἠέπερ αἰδώς.,καὶ χόλος ἀμφὶ γάμοισι πολὺ πλέον ἠέπερ αἰδώς.,tlg0024.tlg001.perseus-grc2.xml
Cynegetica,tlg001,3,373,"θηλυτέρη δʼ εἴ μίν κεν ὑποπτήξασα μένῃσιν,","θηλυτέρη δ’ εἴ μίν κεν ὑποπτήξασα μένῃσιν,",tlg0024.tlg001.perseus-grc2.xml
Cynegetica,tlg001,3,374,"ἔσβεσε πάντα χόλον, κατὰ δʼ εὔνασε θηρὸς ἐρωήν·","ἔσβεσε πάντα χόλον, κατὰ δ’ εὔνασε θηρὸς ἐρωήν·",tlg0024.tlg001.perseus-grc2.xml
Cynegetica,tlg001,3,375,"εἰ δέ κʼ ἀνηναμένη φεύγῃ φιλοτήσιον εὐνήν,","εἰ δέ κ’ ἀνηναμένη φεύγῃ φιλοτήσιον εὐνήν,",tlg0024.tlg001.perseus-grc2.xml
Cynegetica,tlg001,3,376,αὐτίκʼ ὀρινόμενος θερμῷ πυρόεντι μύωπι,αὐτίκ’ ὀρινόμενος θερμῷ πυρόεντι μύωπι,tlg0024.tlg001.perseus-grc2.xml
Cynegetica,tlg001,3,377,"ἢ γάμον ἐξετέλεσσεν ἀνάγκῃ, ἶφι δαμάσσας,","ἢ γάμον ἐξετέλεσσεν ἀνάγκῃ, ἶφι δαμάσσας,",tlg0024.tlg001.perseus-grc2.xml
Cynegetica,tlg001,3,378,"ἢ νέκυν ἐν κονίῃσι βάλεν, γενύεσσιν ὀρούσας.","ἢ νέκυν ἐν κονίῃσι βάλεν, γενύεσσιν ὀρούσας.",tlg0024.tlg001.perseus-grc2.xml
Cynegetica,tlg001,3,379,ἔστι δέ τις κάπροιο φάτις πέρι λευκὸν ὀδόντα,ἔστι δέ τις κάπροιο φάτις πέρι λευκὸν ὀδόντα,tlg0024.tlg001.perseus-grc2.xml
Cynegetica,tlg001,3,380,λάθριον ἐντὸς ἔχειν μαλερὴν πυρόεσσαν ἐνιπήν.,λάθριον ἐντὸς ἔχειν μαλερὴν πυρόεσσαν ἐνιπήν.,tlg0024.tlg001.perseus-grc2.xml
Cynegetica,tlg001,3,381,σῆμα δʼ ἐφημερίοισιν ἀριφραδὲς ἐρρίζωται·,σῆμα δ’ ἐφημερίοισιν ἀριφραδὲς ἐρρίζωται·,tlg0024.tlg001.perseus-grc2.xml
Cynegetica,tlg001,3,382,ὁππότε γὰρ πολύς ὄχλος ἐπήτριμος ἀγρευτήρων,ὁππότε γὰρ πολύς ὄχλος ἐπήτριμος ἀγρευτήρων,tlg0024.tlg001.perseus-grc2.xml
Cynegetica,tlg001,3,383,"σὺν κυσὶν εὐτόλμοισι ποτὶ χθόνα θῆρα βάλωνται,","σὺν κυσὶν εὐτόλμοισι ποτὶ χθόνα θῆρα βάλωνται,",tlg0024.tlg001.perseus-grc2.xml
Cynegetica,tlg001,3,384,"αἰχμῇσιν δολιχῇσιν ἐπασσύτερον δαμάσαντες,","αἰχμῇσιν δολιχῇσιν ἐπασσύτερον δαμάσαντες,",tlg0024.tlg001.perseus-grc2.xml
Cynegetica,tlg001,3,385,δὴ τότʼ ἀπʼ αὐχένος εἴ τις ἀειράμενος τρίχα λεπτὴν,δὴ τότ’ ἀπ’ αὐχένος εἴ τις ἀειράμενος τρίχα λεπτὴν,tlg0024.tlg001.perseus-grc2.xml
Cynegetica,tlg001,3,386,"θηρὸς ἔτʼ ἀσθμαίνοντος ἐνιχρίμψειεν ὀδόντι,","θηρὸς ἔτ’ ἀσθμαίνοντος ἐνιχρίμψειεν ὀδόντι,",tlg0024.tlg001.perseus-grc2.xml
Cynegetica,tlg001,3,387,αἶψα μάλα σφαιρηδὸν ἀνέδραμεν αἰθομένη θρίξ.,αἶψα μάλα σφαιρηδὸν ἀνέδραμεν αἰθομένη θρίξ.,tlg0024.tlg001.perseus-grc2.xml
Cynegetica,tlg001,3,388,"καὶ δʼ αὐτοῖσι κύνεσσιν ἐπὶ πλευρῇς ἑκάτερθεν,","καὶ δ’ αὐτοῖσι κύνεσσιν ἐπὶ πλευρῇς ἑκάτερθεν,",tlg0024.tlg001.perseus-grc2.xml
Cynegetica,tlg001,3,389,"ἔνθα συὸς γενύων πέλασαν αἴθωνες ὀδόντες,","ἔνθα συὸς γενύων πέλασαν αἴθωνες ὀδόντες,",tlg0024.tlg001.perseus-grc2.xml
Cynegetica,tlg001,3,390,ἴχνια πυρσευθέντα διὰ ῥινοῖο τέτανται.,ἴχνια πυρσευθέντα διὰ ῥινοῖο τέτανται.,tlg0024.tlg001.perseus-grc2.xml
Cynegetica,tlg001,3,391,Ὑστρίγγων δʼ οὔπω τι πέλει κατὰ δάσκιον ὕλην,Ὑστρίγγων δ’ οὔπω τι πέλει κατὰ δάσκιον ὕλην,tlg0024.tlg001.perseus-grc2.xml
Cynegetica,tlg001,3,392,ῥίγιον εἰσιδέειν οὔτʼ ἀργαλεώτερον ἄλλο·,ῥίγιον εἰσιδέειν οὔτ’ ἀργαλεώτερον ἄλλο·,tlg0024.tlg001.perseus-grc2.xml
Cynegetica,tlg001,3,393,"τῶν ἤτοι μέγεθος μὲν ὁποῖα λύκοισι δαφοινοῖς,","τῶν ἤτοι μέγεθος μὲν ὁποῖα λύκοισι δαφοινοῖς,",tlg0024.tlg001.perseus-grc2.xml
Cynegetica,tlg001,3,394,"βαιόν, ὀλιζότερον, κρατερὸν δέμας, ἀμφὶ δὲ ῥινὸς","βαιόν, ὀλιζότερον, κρατερὸν δέμας, ἀμφὶ δὲ ῥινὸς",tlg0024.tlg001.perseus-grc2.xml
Cynegetica,tlg001,3,395,"τρηχείαις λασίαισι πέριξ πέφρικεν ἐθείραις,","τρηχείαις λασίαισι πέριξ πέφρικεν ἐθείραις,",tlg0024.tlg001.perseus-grc2.xml
Cynegetica,tlg001,3,396,ὁπποίαις θωρήξατʼ ἐχίνων αἰόλα φῦλα.,ὁπποίαις θωρήξατ’ ἐχίνων αἰόλα φῦλα.,tlg0024.tlg001.perseus-grc2.xml
Cynegetica,tlg001,3,397,"ἀλλʼ ὅτε μιν σεύωσιν ἀρείονες ἔξοχα θῆρες,","ἀλλ’ ὅτε μιν σεύωσιν ἀρείονες ἔξοχα θῆρες,",tlg0024.tlg001.perseus-grc2.xml
Cynegetica,tlg001,3,398,δὴ τότʼ ἐμήσατο τοῖα· θοὰς ἔφριξεν ἐθείρας,δὴ τότ’ ἐμήσατο τοῖα· θοὰς ἔφριξεν ἐθείρας,tlg0024.tlg001.perseus-grc2.xml
Cynegetica,tlg001,3,399,καί τʼ ὀπίσω νώτοισιν ἀκαχμένον ὠκυπέτῃσιν,καί τ’ ὀπίσω νώτοισιν ἀκαχμένον ὠκυπέτῃσιν,tlg0024.tlg001.perseus-grc2.xml
Cynegetica,tlg001,3,400,ἰθὺς ἀκοντίζει μαλερὸν βέλος· ἀμφότερον δὲ,ἰθὺς ἀκοντίζει μαλερὸν βέλος· ἀμφότερον δὲ,tlg0024.tlg001.perseus-grc2.xml
Cynegetica,tlg001,3,401,φεύγει τʼ ἐμμενέως καὶ ἀλευόμενος πολεμίζει.,φεύγει τ’ ἐμμενέως καὶ ἀλευόμενος πολεμίζει.,tlg0024.tlg001.perseus-grc2.xml
Cynegetica,tlg001,3,402,δηθάκις ἔκτεινεν κύνα κάρχαρον· ὧδέ κε φαίης,δηθάκις ἔκτεινεν κύνα κάρχαρον· ὧδέ κε φαίης,tlg0024.tlg001.perseus-grc2.xml
Cynegetica,tlg001,3,403,αἰζηὸν τόξων δεδαηκότα τοξεύεσθαι.,αἰζηὸν τόξων δεδαηκότα τοξεύεσθαι.,tlg0024.tlg001.perseus-grc2.xml
Cynegetica,tlg001,3,404,"τοὔνεκεν ὁππότε μιν θηρήτορες ὠπήσωνται,","τοὔνεκεν ὁππότε μιν θηρήτορες ὠπήσωνται,",tlg0024.tlg001.perseus-grc2.xml
Cynegetica,tlg001,3,405,"οὔτι κύνας μεθιᾶσι, δόλον δʼ ἐπετεκτήναντο,","οὔτι κύνας μεθιᾶσι, δόλον δ’ ἐπετεκτήναντο,",tlg0024.tlg001.perseus-grc2.xml
Cynegetica,tlg001,3,406,"τὸν μετέπειτʼ ἐρέω, θηρῶν φόνον ὁππότʼ ἀείδω.","τὸν μετέπειτ’ ἐρέω, θηρῶν φόνον ὁππότ’ ἀείδω.",tlg0024.tlg001.perseus-grc2.xml
Cynegetica,tlg001,3,407,"ἰχνεύμων βαιὸς μέν, ἀτὰρ μεγάλοισιν ὁμοίως","ἰχνεύμων βαιὸς μέν, ἀτὰρ μεγάλοισιν ὁμοίως",tlg0024.tlg001.perseus-grc2.xml
Cynegetica,tlg001,3,408,μέλπεσθαι θήρεσσι πανάξιος εἵνεκα βουλῆς,μέλπεσθαι θήρεσσι πανάξιος εἵνεκα βουλῆς,tlg0024.tlg001.perseus-grc2.xml
Cynegetica,tlg001,3,409,ἀλκῆς τε κρατερῆς ὑπὸ νηπεδανοῖσι μέλεσσιν.,ἀλκῆς τε κρατερῆς ὑπὸ νηπεδανοῖσι μέλεσσιν.,tlg0024.tlg001.perseus-grc2.xml
Cynegetica,tlg001,3,410,"ἦ γάρ τοι κέρδεσσι κατέκτανε διπλόα φῦλα,","ἦ γάρ τοι κέρδεσσι κατέκτανε διπλόα φῦλα,",tlg0024.tlg001.perseus-grc2.xml
Cynegetica,tlg001,3,411,"ἑρπηστῆραςὄφεις καὶ ἀργαλέους κροκοδείλους,","ἑρπηστῆραςὄφεις καὶ ἀργαλέους κροκοδείλους,",tlg0024.tlg001.perseus-grc2.xml
Cynegetica,tlg001,3,412,"κείνους Νειλῴους, φόνιον γένος· ὁππότε γάρ τις","κείνους Νειλῴους, φόνιον γένος· ὁππότε γάρ τις",tlg0024.tlg001.perseus-grc2.xml
Cynegetica,tlg001,3,413,θηρῶν λευγαλέων εὕδῃ τρίστοιχα πετάσσας,θηρῶν λευγαλέων εὕδῃ τρίστοιχα πετάσσας,tlg0024.tlg001.perseus-grc2.xml
Cynegetica,tlg001,3,414,"χείλεα καὶ χάος εὐρὺ καὶ ἄσπετον αἰόλον ἕρκος,","χείλεα καὶ χάος εὐρὺ καὶ ἄσπετον αἰόλον ἕρκος,",tlg0024.tlg001.perseus-grc2.xml
Cynegetica,tlg001,3,415,δή ῥα τότʼ ἰχνεύμων δολίην ἐπὶ μῆτιν ὑφαίνων,δή ῥα τότ’ ἰχνεύμων δολίην ἐπὶ μῆτιν ὑφαίνων,tlg0024.tlg001.perseus-grc2.xml
Cynegetica,tlg001,3,416,"λοξοῖς ὀφθαλμοῖσιν ἀπείρονα θῆρα δοκεύει,","λοξοῖς ὀφθαλμοῖσιν ἀπείρονα θῆρα δοκεύει,",tlg0024.tlg001.perseus-grc2.xml
Cynegetica,tlg001,3,417,εἰσόκε τοι βαθὺν ὕπνον ἐπὶ φρεσὶ πιστώσηται·,εἰσόκε τοι βαθὺν ὕπνον ἐπὶ φρεσὶ πιστώσηται·,tlg0024.tlg001.perseus-grc2.xml
Cynegetica,tlg001,3,418,αἶψα δʼ ἄρʼ ἐν ψαμάθοισι καὶ ἐν πηλοῖσιν ἐλυσθεὶς,αἶψα δ’ ἄρ’ ἐν ψαμάθοισι καὶ ἐν πηλοῖσιν ἐλυσθεὶς,tlg0024.tlg001.perseus-grc2.xml
Cynegetica,tlg001,3,419,"ῥίμφʼ ἔθορεν, πυλεῶνα διαπτάμενος θανάτοιο","ῥίμφ’ ἔθορεν, πυλεῶνα διαπτάμενος θανάτοιο",tlg0024.tlg001.perseus-grc2.xml
Cynegetica,tlg001,3,420,"τολμηρῇ κραδίῃ, διὰ δʼ εὐρέος ἤλυθε λαιμοῦ.","τολμηρῇ κραδίῃ, διὰ δ’ εὐρέος ἤλυθε λαιμοῦ.",tlg0024.tlg001.perseus-grc2.xml
Cynegetica,tlg001,3,421,"αὐτὰρ ὅ γʼ ἐξ ὕπνου βαρυαέος ἔγρετο δειλός,","αὐτὰρ ὅ γ’ ἐξ ὕπνου βαρυαέος ἔγρετο δειλός,",tlg0024.tlg001.perseus-grc2.xml
Cynegetica,tlg001,3,422,"καὶ κακὸν ἐν λαγόνεσσι φέρων τόσον ἀπροτίελπτον,","καὶ κακὸν ἐν λαγόνεσσι φέρων τόσον ἀπροτίελπτον,",tlg0024.tlg001.perseus-grc2.xml
Cynegetica,tlg001,3,423,"πάντῃ μαινόμενος καὶ ἀμήχανος ἀμφαλάληται,","πάντῃ μαινόμενος καὶ ἀμήχανος ἀμφαλάληται,",tlg0024.tlg001.perseus-grc2.xml
Cynegetica,tlg001,3,424,"ἄλλοτε μὲν ποτὶ τέρματʼ ἰὼν μυχάτου ποταμοῖο,","ἄλλοτε μὲν ποτὶ τέρματ’ ἰὼν μυχάτου ποταμοῖο,",tlg0024.tlg001.perseus-grc2.xml
Cynegetica,tlg001,3,425,"ἄλλοτε δʼ αὖ ψαμάθοισι κυλινδόμενος ποτὶ χέρσον,","ἄλλοτε δ’ αὖ ψαμάθοισι κυλινδόμενος ποτὶ χέρσον,",tlg0024.tlg001.perseus-grc2.xml
Cynegetica,tlg001,3,426,"ἄγριον ἀσθμαίνων, στρωφώμενος ἀμφʼ ὀδύνῃσιν.","ἄγριον ἀσθμαίνων, στρωφώμενος ἀμφ’ ὀδύνῃσιν.",tlg0024.tlg001.perseus-grc2.xml
Cynegetica,tlg001,3,427,"αὐτὰρ ὅ γʼ οὐκ ἀλέγει, γλυκερῇ δʼ ἐπιτέρπετʼ ἐδωδῇ·","αὐτὰρ ὅ γ’ οὐκ ἀλέγει, γλυκερῇ δ’ ἐπιτέρπετ’ ἐδωδῇ·",tlg0024.tlg001.perseus-grc2.xml
Cynegetica,tlg001,3,428,ἥπατι δʼ ἄγχι μάλιστα παρήμενος εἰλαπινάζει·,ἥπατι δ’ ἄγχι μάλιστα παρήμενος εἰλαπινάζει·,tlg0024.tlg001.perseus-grc2.xml
Cynegetica,tlg001,3,429,ὀψὲ δέ τοι προλιπὼν κενεὸν δέμας ἔκθορε θηρός.,ὀψὲ δέ τοι προλιπὼν κενεὸν δέμας ἔκθορε θηρός.,tlg0024.tlg001.perseus-grc2.xml
Cynegetica,tlg001,3,430,"ἰχνεῦμον μέγα θαῦμα, μεγασθενές, αἰολόβουλε,","ἰχνεῦμον μέγα θαῦμα, μεγασθενές, αἰολόβουλε,",tlg0024.tlg001.perseus-grc2.xml
Cynegetica,tlg001,3,431,"ὅσσην τοι κραδίη τόλμαν χάδεν. ὅσσον ὑπέστης,","ὅσσην τοι κραδίη τόλμαν χάδεν. ὅσσον ὑπέστης,",tlg0024.tlg001.perseus-grc2.xml
Cynegetica,tlg001,3,432,ἀγχίμολον θανάτοιο τεὸν δέμας ἀμφὶς ἐρείσας.,ἀγχίμολον θανάτοιο τεὸν δέμας ἀμφὶς ἐρείσας.,tlg0024.tlg001.perseus-grc2.xml
Cynegetica,tlg001,3,433,ἀσπίδα δʼ ἰοφόρον τοίαις ἐδαμάσσατο βουλαῖς.,ἀσπίδα δ’ ἰοφόρον τοίαις ἐδαμάσσατο βουλαῖς.,tlg0024.tlg001.perseus-grc2.xml
Cynegetica,tlg001,3,434,"πᾶν δέμας ἐν ψαμάθοισι καλύψατο θῆρα δοκεύων,","πᾶν δέμας ἐν ψαμάθοισι καλύψατο θῆρα δοκεύων,",tlg0024.tlg001.perseus-grc2.xml
Cynegetica,tlg001,3,435,νόσφι μόνης οὐρῆς τε καὶ ὀφθαλμῶν πυροέντων·,νόσφι μόνης οὐρῆς τε καὶ ὀφθαλμῶν πυροέντων·,tlg0024.tlg001.perseus-grc2.xml
Cynegetica,tlg001,3,436,"οὐρή οἱ δολιχὴ γὰρ ὀφιονέη τε τέτυκται,","οὐρή οἱ δολιχὴ γὰρ ὀφιονέη τε τέτυκται,",tlg0024.tlg001.perseus-grc2.xml
Cynegetica,tlg001,3,437,"ἄκροισιν κεφαληδὸν ἐειδομένοισι κορύμβοις,","ἄκροισιν κεφαληδὸν ἐειδομένοισι κορύμβοις,",tlg0024.tlg001.perseus-grc2.xml
Cynegetica,tlg001,3,438,"ἄντα μελαινομένη, θηρῶν φολίδεσσιν ὁμοίη.","ἄντα μελαινομένη, θηρῶν φολίδεσσιν ὁμοίη.",tlg0024.tlg001.perseus-grc2.xml
Cynegetica,tlg001,3,439,"τὴν δʼ ὅτε φυσιόωσαν ἔχιν ψολόεσσαν ἴδηται,","τὴν δ’ ὅτε φυσιόωσαν ἔχιν ψολόεσσαν ἴδηται,",tlg0024.tlg001.perseus-grc2.xml
Cynegetica,tlg001,3,440,ἀντία γυρώσας προκαλέσσατο θῆρα δαφοινήν.,ἀντία γυρώσας προκαλέσσατο θῆρα δαφοινήν.,tlg0024.tlg001.perseus-grc2.xml
Cynegetica,tlg001,3,441,"ἀσπὶς δʼ ἰοφόρον πέλας ἀντήειρε κάρηνον,","ἀσπὶς δ’ ἰοφόρον πέλας ἀντήειρε κάρηνον,",tlg0024.tlg001.perseus-grc2.xml
Cynegetica,tlg001,3,442,"στήθεά τʼ εὔρυνε, στυφελόν θʼ ὑπέσηρεν ὀδόντα,","στήθεά τ’ εὔρυνε, στυφελόν θ’ ὑπέσηρεν ὀδόντα,",tlg0024.tlg001.perseus-grc2.xml
Cynegetica,tlg001,3,443,μαρναμένη γενύεσσιν ἐτώσια λευγαλέῃσιν.,μαρναμένη γενύεσσιν ἐτώσια λευγαλέῃσιν.,tlg0024.tlg001.perseus-grc2.xml
Cynegetica,tlg001,3,444,ἀλλʼ οὐκ ἰχνεύμων τότʼ ἀρήϊος ἐν ψαμάθοισι,ἀλλ’ οὐκ ἰχνεύμων τότ’ ἀρήϊος ἐν ψαμάθοισι,tlg0024.tlg001.perseus-grc2.xml
Cynegetica,tlg001,3,445,"δηθύνει, πικρῶν δὲ θορὼν ἐδράξατο λαιμῶν,","δηθύνει, πικρῶν δὲ θορὼν ἐδράξατο λαιμῶν,",tlg0024.tlg001.perseus-grc2.xml
Cynegetica,tlg001,3,446,"δαρδάπτει τε γένυσσιν ἑλισσομένην ἑκάτερθε,","δαρδάπτει τε γένυσσιν ἑλισσομένην ἑκάτερθε,",tlg0024.tlg001.perseus-grc2.xml
Cynegetica,tlg001,3,447,καὶ νέκυν αὐτίκʼ ἔθηκʼ ἀποφώλιον ἐκπτύουσαν,καὶ νέκυν αὐτίκ’ ἔθηκ’ ἀποφώλιον ἐκπτύουσαν,tlg0024.tlg001.perseus-grc2.xml
Cynegetica,tlg001,3,448,"πευκεδανὸν θανάτοιο φίλον, ζαμενῆ χόλον, ἰόν.","πευκεδανὸν θανάτοιο φίλον, ζαμενῆ χόλον, ἰόν.",tlg0024.tlg001.perseus-grc2.xml
Cynegetica,tlg001,3,449,ναὶ μὴν αἰολόβουλος ἐπʼ ἀγραύλοισι μάλιστα,ναὶ μὴν αἰολόβουλος ἐπ’ ἀγραύλοισι μάλιστα,tlg0024.tlg001.perseus-grc2.xml
Cynegetica,tlg001,3,450,"θηρσὶ πέλει κερδώ, μάλʼ ἀρήϊος ἐν πραπίδεσσι·","θηρσὶ πέλει κερδώ, μάλ’ ἀρήϊος ἐν πραπίδεσσι·",tlg0024.tlg001.perseus-grc2.xml
Cynegetica,tlg001,3,451,"καὶ πινυτὴ ναίει πυμάτοις ἐνὶ φωλειοῖσιν,","καὶ πινυτὴ ναίει πυμάτοις ἐνὶ φωλειοῖσιν,",tlg0024.tlg001.perseus-grc2.xml
Cynegetica,tlg001,3,452,ἑπταπύλους οἴξασα δόμους τρητάς τε καλιὰς,ἑπταπύλους οἴξασα δόμους τρητάς τε καλιὰς,tlg0024.tlg001.perseus-grc2.xml
Cynegetica,tlg001,3,453,"τηλόθʼ ἀπʼ ἀλλήλων, μή μιν θηρήτορες ἄνδρες","τηλόθ’ ἀπ’ ἀλλήλων, μή μιν θηρήτορες ἄνδρες",tlg0024.tlg001.perseus-grc2.xml
Cynegetica,tlg001,3,454,ἀμφὶ θύρῃ λοχόωντες ὑπὸ βροχίδεσσιν ἄγωνται·,ἀμφὶ θύρῃ λοχόωντες ὑπὸ βροχίδεσσιν ἄγωνται·,tlg0024.tlg001.perseus-grc2.xml
Cynegetica,tlg001,3,455,ἀργαλέη γενύεσσι καὶ ἀντία δηρίσασθαι,ἀργαλέη γενύεσσι καὶ ἀντία δηρίσασθαι,tlg0024.tlg001.perseus-grc2.xml
Cynegetica,tlg001,3,456,θηρσί τʼ ἀρειοτέροισι καὶ ἀγρευτῆρσι κύνεσσιν.,θηρσί τ’ ἀρειοτέροισι καὶ ἀγρευτῆρσι κύνεσσιν.,tlg0024.tlg001.perseus-grc2.xml
Cynegetica,tlg001,3,457,"εὖτε δὲ χεῖμα πέλει κρυερὸν βόσιός τε χατίζει,","εὖτε δὲ χεῖμα πέλει κρυερὸν βόσιός τε χατίζει,",tlg0024.tlg001.perseus-grc2.xml
Cynegetica,tlg001,3,458,"γυμναὶ δʼ ἡμερίδες περὶ βότρυσιν ἰνδάλλονται,","γυμναὶ δ’ ἡμερίδες περὶ βότρυσιν ἰνδάλλονται,",tlg0024.tlg001.perseus-grc2.xml
Cynegetica,tlg001,3,459,"δὴ τότε καὶ θηρᾶν πικρὴν ἐπὶ μῆτιν ὑφαίνει,","δὴ τότε καὶ θηρᾶν πικρὴν ἐπὶ μῆτιν ὑφαίνει,",tlg0024.tlg001.perseus-grc2.xml
Cynegetica,tlg001,3,460,οἰωνούς τε δόλοισιν ἑλεῖν καί τέκνα λαγωῶν.,οἰωνούς τε δόλοισιν ἑλεῖν καί τέκνα λαγωῶν.,tlg0024.tlg001.perseus-grc2.xml
Cynegetica,tlg001,3,461,"ἔννεπέ μοι κἀκεῖνα, πολύθροε Μοῦσα λιγεῖα,","ἔννεπέ μοι κἀκεῖνα, πολύθροε Μοῦσα λιγεῖα,",tlg0024.tlg001.perseus-grc2.xml
Cynegetica,tlg001,3,462,"μικτὰ φύσιν θηρῶν, διχόθεν κεκερασμένα, φῦλα,","μικτὰ φύσιν θηρῶν, διχόθεν κεκερασμένα, φῦλα,",tlg0024.tlg001.perseus-grc2.xml
Cynegetica,tlg001,3,463,πόρδαλιν αἰολόνωτον ὁμοῦ ξυνήν τε κάμηλον.,πόρδαλιν αἰολόνωτον ὁμοῦ ξυνήν τε κάμηλον.,tlg0024.tlg001.perseus-grc2.xml
Cynegetica,tlg001,3,464,"Ζεῦ πάτερ, ὅσσα νόησας, ὅσʼ εἴδεα νῶϊ φύτευσας,","Ζεῦ πάτερ, ὅσσα νόησας, ὅσ’ εἴδεα νῶϊ φύτευσας,",tlg0024.tlg001.perseus-grc2.xml
Cynegetica,tlg001,3,465,"ὅσσα βροτῖσιν ὄπασσας, ὅσʼ εἰναλίοις νεπόδεσσιν.","ὅσσα βροτῖσιν ὄπασσας, ὅσ’ εἰναλίοις νεπόδεσσιν.",tlg0024.tlg001.perseus-grc2.xml
Cynegetica,tlg001,3,466,"ὅς τόδʼ ἐμήσαο πάγχυ καμήλων αἰόλον εἶδος,","ὅς τόδ’ ἐμήσαο πάγχυ καμήλων αἰόλον εἶδος,",tlg0024.tlg001.perseus-grc2.xml
Cynegetica,tlg001,3,467,ἀμφιέσας ῥινοῖσιν ἀναιδέσι πορδαλέοισι,ἀμφιέσας ῥινοῖσιν ἀναιδέσι πορδαλέοισι,tlg0024.tlg001.perseus-grc2.xml
Cynegetica,tlg001,3,468,"φαίδιμον, ἱμερόεν, τιθασὸν γένος ἀνθρώποισι.","φαίδιμον, ἱμερόεν, τιθασὸν γένος ἀνθρώποισι.",tlg0024.tlg001.perseus-grc2.xml
Cynegetica,tlg001,3,469,"δειρή οἱ ταναή, στικτὸν δέμας, οὔατα βαιά,","δειρή οἱ ταναή, στικτὸν δέμας, οὔατα βαιά,",tlg0024.tlg001.perseus-grc2.xml
Cynegetica,tlg001,3,470,"ψιλὸν ὕπερθε κάρη, δολιχοὶ πόδες, εὐρέα ταρσά,","ψιλὸν ὕπερθε κάρη, δολιχοὶ πόδες, εὐρέα ταρσά,",tlg0024.tlg001.perseus-grc2.xml
Cynegetica,tlg001,3,471,"κώλων δʼ οὐκ ἴσα μέτρα, πόδες τʼ οὐ πάμπαν ὁμοῖοι,","κώλων δ’ οὐκ ἴσα μέτρα, πόδες τ’ οὐ πάμπαν ὁμοῖοι,",tlg0024.tlg001.perseus-grc2.xml
Cynegetica,tlg001,3,472,"ἀλλʼ οἱ πρόσθεν ἔασιν ἀρείονες, ὑστάτιοι δὲ","ἀλλ’ οἱ πρόσθεν ἔασιν ἀρείονες, ὑστάτιοι δὲ",tlg0024.tlg001.perseus-grc2.xml
Cynegetica,tlg001,3,473,"πολλὸν ὀλιζότεροι, κατά τʼ ὀκλάζουσιν ὁμοῖοι.","πολλὸν ὀλιζότεροι, κατά τ’ ὀκλάζουσιν ὁμοῖοι.",tlg0024.tlg001.perseus-grc2.xml
Cynegetica,tlg001,3,474,"ἐκ δὲ μέσης κεφαλῆς δίδυμον κέρας ἰθὺς ὀρούει,","ἐκ δὲ μέσης κεφαλῆς δίδυμον κέρας ἰθὺς ὀρούει,",tlg0024.tlg001.perseus-grc2.xml
Cynegetica,tlg001,3,475,"οὔ τι κέρας κερόεν, παρὰ δʼ οὔατα μεσσόθι κόρσης","οὔ τι κέρας κερόεν, παρὰ δ’ οὔατα μεσσόθι κόρσης",tlg0024.tlg001.perseus-grc2.xml
Cynegetica,tlg001,3,476,ἀβληχραὶ κροτάφοισιν ἐπαντέλλουσι κεραῖαι·,ἀβληχραὶ κροτάφοισιν ἐπαντέλλουσι κεραῖαι·,tlg0024.tlg001.perseus-grc2.xml
Cynegetica,tlg001,3,477,"ἄρκιον, ὡς ἐλάφοιο, τέρεν στόμα, λεπταλέοι τε","ἄρκιον, ὡς ἐλάφοιο, τέρεν στόμα, λεπταλέοι τε",tlg0024.tlg001.perseus-grc2.xml
Cynegetica,tlg001,3,478,ἐντὸς ἐρηρέδαται γαλακόχροες ἀμφὶς ὀδόντες·,ἐντὸς ἐρηρέδαται γαλακόχροες ἀμφὶς ὀδόντες·,tlg0024.tlg001.perseus-grc2.xml
Cynegetica,tlg001,3,479,αἴγλην παμφανόωσαν ἀπαστράπτουσιν ὀπωπαί.,αἴγλην παμφανόωσαν ἀπαστράπτουσιν ὀπωπαί.,tlg0024.tlg001.perseus-grc2.xml
Cynegetica,tlg001,3,480,"οὐρὴ δʼ αὖτʼ ἐλαχεῖα, θοαῖς ἅτε δορκαλίδεσσιν,","οὐρὴ δ’ αὖτ’ ἐλαχεῖα, θοαῖς ἅτε δορκαλίδεσσιν,",tlg0024.tlg001.perseus-grc2.xml
Cynegetica,tlg001,3,481,ἄκραισιν μετόπισθε μελαινομένῃσιν ἐθείραις.,ἄκραισιν μετόπισθε μελαινομένῃσιν ἐθείραις.,tlg0024.tlg001.perseus-grc2.xml
Cynegetica,tlg001,3,482,ναὶ μὴν ἄλλο γένεθλον ἐμοῖς ἴδον ὀφθαλμοῖσιν,ναὶ μὴν ἄλλο γένεθλον ἐμοῖς ἴδον ὀφθαλμοῖσιν,tlg0024.tlg001.perseus-grc2.xml
Cynegetica,tlg001,3,483,"ἀμφίδυμον, μέγα θαῦμα, μετὰ στρουθοῖο κάμηλον·","ἀμφίδυμον, μέγα θαῦμα, μετὰ στρουθοῖο κάμηλον·",tlg0024.tlg001.perseus-grc2.xml
Cynegetica,tlg001,3,484,τὴν ἔμπης κούφοις μεταρίθμιον οἰωνοῖσι,τὴν ἔμπης κούφοις μεταρίθμιον οἰωνοῖσι,tlg0024.tlg001.perseus-grc2.xml
Cynegetica,tlg001,3,485,"καὶ πτερόεσσαν ἐοῦσαν ἐμαὶ μέλψουσιν ἀοιδαί,","καὶ πτερόεσσαν ἐοῦσαν ἐμαὶ μέλψουσιν ἀοιδαί,",tlg0024.tlg001.perseus-grc2.xml
Cynegetica,tlg001,3,486,οὕνεκεν ἡμετέρης μιν ἕλεν νόμος αἰόλος ἄγρης.,οὕνεκεν ἡμετέρης μιν ἕλεν νόμος αἰόλος ἄγρης.,tlg0024.tlg001.perseus-grc2.xml
Cynegetica,tlg001,3,487,"οὔτε γὰρ ὀρνίθων σφε δαμάσσατο δήϊος ἰξός,","οὔτε γὰρ ὀρνίθων σφε δαμάσσατο δήϊος ἰξός,",tlg0024.tlg001.perseus-grc2.xml
Cynegetica,tlg001,3,488,οὔτε διηερίην δόνακες πατέοντες ἀταρπόν.,οὔτε διηερίην δόνακες πατέοντες ἀταρπόν.,tlg0024.tlg001.perseus-grc2.xml
Cynegetica,tlg001,3,489,ἀλλʼ ἵπποι σκύλακές τε θοοὶ καὶ ἀείδελα δεσμά.,ἀλλ’ ἵπποι σκύλακές τε θοοὶ καὶ ἀείδελα δεσμά.,tlg0024.tlg001.perseus-grc2.xml
Cynegetica,tlg001,3,490,"τῆς ἤτοι μέγεθος μὲν ὑπέρβιον, ὅσσον ὕπερθε","τῆς ἤτοι μέγεθος μὲν ὑπέρβιον, ὅσσον ὕπερθε",tlg0024.tlg001.perseus-grc2.xml
Cynegetica,tlg001,3,491,νώτοις εὐρυτάτοισι φέρειν νεοθηλέα κοῦρον·,νώτοις εὐρυτάτοισι φέρειν νεοθηλέα κοῦρον·,tlg0024.tlg001.perseus-grc2.xml
Cynegetica,tlg001,3,492,"καὶ πόδες ὑψιτενεῖς, ἴκελοι νωθροῖσι καμήλοις,","καὶ πόδες ὑψιτενεῖς, ἴκελοι νωθροῖσι καμήλοις,",tlg0024.tlg001.perseus-grc2.xml
Cynegetica,tlg001,3,493,ὁπποῖον θαμινῇσιν ἀρηράμενοι φολίδεσσι,ὁπποῖον θαμινῇσιν ἀρηράμενοι φολίδεσσι,tlg0024.tlg001.perseus-grc2.xml
Cynegetica,tlg001,3,494,σκληρῇς ἄχρι διπλῆς ἐπιγουνίδος· ὕψι δʼ ἀείρει,σκληρῇς ἄχρι διπλῆς ἐπιγουνίδος· ὕψι δ’ ἀείρει,tlg0024.tlg001.perseus-grc2.xml
Cynegetica,tlg001,3,495,"βαιὴν μὲν κεφαλήν, πολλὴν δὲ τανύτριχα δειρὴν","βαιὴν μὲν κεφαλήν, πολλὴν δὲ τανύτριχα δειρὴν",tlg0024.tlg001.perseus-grc2.xml
Cynegetica,tlg001,3,496,κυανέην· κείνῃσι πολὺ πτερόν· οὐ μὲν ὕπερθεν,κυανέην· κείνῃσι πολὺ πτερόν· οὐ μὲν ὕπερθεν,tlg0024.tlg001.perseus-grc2.xml
Cynegetica,tlg001,3,497,"ἠέρος ὑψιπόροισιν ἐπιπλώουσι κελεύθοις,","ἠέρος ὑψιπόροισιν ἐπιπλώουσι κελεύθοις,",tlg0024.tlg001.perseus-grc2.xml
Cynegetica,tlg001,3,498,ἀλλʼ ἔμπης θείειν ποσσὶ κραιπνοὶ τελέθουσαι,ἀλλ’ ἔμπης θείειν ποσσὶ κραιπνοὶ τελέθουσαι,tlg0024.tlg001.perseus-grc2.xml
Cynegetica,tlg001,3,499,αὐτοῖσιν φορέουσιν ἴσον τάχος οἰωνοῖσιν.,αὐτοῖσιν φορέουσιν ἴσον τάχος οἰωνοῖσιν.,tlg0024.tlg001.perseus-grc2.xml
Cynegetica,tlg001,3,500,"οὐδὲ μὲν ὀρνίθεσσιν ὁμοίϊος ἀμβαδὸν εὐνή,","οὐδὲ μὲν ὀρνίθεσσιν ὁμοίϊος ἀμβαδὸν εὐνή,",tlg0024.tlg001.perseus-grc2.xml
Cynegetica,tlg001,3,501,Βάκτριον οἷα δὲ φῦλον ἔχουσιν ἀπόστροφα λέκτρα·,Βάκτριον οἷα δὲ φῦλον ἔχουσιν ἀπόστροφα λέκτρα·,tlg0024.tlg001.perseus-grc2.xml
Cynegetica,tlg001,3,502,"τίκτει δʼ ἄπλετον ᾠόν, ὅσον χαδέειν τόσον ὄρνιν,","τίκτει δ’ ἄπλετον ᾠόν, ὅσον χαδέειν τόσον ὄρνιν,",tlg0024.tlg001.perseus-grc2.xml
Cynegetica,tlg001,3,503,κυκλόσε λαϊνέοις θωρησσόμενον κελύφεσσι.,κυκλόσε λαϊνέοις θωρησσόμενον κελύφεσσι.,tlg0024.tlg001.perseus-grc2.xml
Cynegetica,tlg001,3,504,"πτῶκας ἀείδωμεν, θήρης ἐρίδωπον ὀπώρην.","πτῶκας ἀείδωμεν, θήρης ἐρίδωπον ὀπώρην.",tlg0024.tlg001.perseus-grc2.xml
Cynegetica,tlg001,3,505,"σῶμα πέλει τυτθόν, λάσιον, δολιχώτατον οὖας,","σῶμα πέλει τυτθόν, λάσιον, δολιχώτατον οὖας,",tlg0024.tlg001.perseus-grc2.xml
Cynegetica,tlg001,3,506,"βαιὸν ὕπερθε κάρη, βαιοὶ πόδες, οὐκ ἴσα κῶλα·","βαιὸν ὕπερθε κάρη, βαιοὶ πόδες, οὐκ ἴσα κῶλα·",tlg0024.tlg001.perseus-grc2.xml
Cynegetica,tlg001,3,507,χροιὴν δʼ ἀμφιέσαντʼ ἀνομοίϊον· οἱ μὲν ἔασι,χροιὴν δ’ ἀμφιέσαντ’ ἀνομοίϊον· οἱ μὲν ἔασι,tlg0024.tlg001.perseus-grc2.xml
Cynegetica,tlg001,3,508,"κυάνεοι δνοφεροί τε μελάμβωλον κατʼ ἄρουραν,","κυάνεοι δνοφεροί τε μελάμβωλον κατ’ ἄρουραν,",tlg0024.tlg001.perseus-grc2.xml
Cynegetica,tlg001,3,509,ξανθοὶ δʼ αὖθʼ ἕτεροι πεδίων ἐπὶ μιλτοπαρῄων·,ξανθοὶ δ’ αὖθ’ ἕτεροι πεδίων ἐπὶ μιλτοπαρῄων·,tlg0024.tlg001.perseus-grc2.xml
Cynegetica,tlg001,3,510,αὐτὰρ ἐρίγληνοι χαροπὸν στράπτουσιν ὀπωπαὶ,αὐτὰρ ἐρίγληνοι χαροπὸν στράπτουσιν ὀπωπαὶ,tlg0024.tlg001.perseus-grc2.xml
Cynegetica,tlg001,3,511,κανθὸν ἀγρυπνίῃ κεκορυθμένον· οὔποτε γὰρ δὴ,κανθὸν ἀγρυπνίῃ κεκορυθμένον· οὔποτε γὰρ δὴ,tlg0024.tlg001.perseus-grc2.xml
Cynegetica,tlg001,3,512,"ὕπνον ἐπὶ βλεφάροισιν ἀποβρίξαντες ἕλοντο,","ὕπνον ἐπὶ βλεφάροισιν ἀποβρίξαντες ἕλοντο,",tlg0024.tlg001.perseus-grc2.xml
Cynegetica,tlg001,3,513,δειδιότες θηρῶν τε βίην μερόπων τε θοὸν κῆρ·,δειδιότες θηρῶν τε βίην μερόπων τε θοὸν κῆρ·,tlg0024.tlg001.perseus-grc2.xml
Cynegetica,tlg001,3,514,νυκτὶ δέ τʼ ἐγρήσσουσι καὶ ἐς φιλότητα μέλονται·,νυκτὶ δέ τ’ ἐγρήσσουσι καὶ ἐς φιλότητα μέλονται·,tlg0024.tlg001.perseus-grc2.xml
Cynegetica,tlg001,3,515,"νωλεμὲς ἱμείρουσι γάμων, ἔτι δʼ ἔγκυοι οὖσαι","νωλεμὲς ἱμείρουσι γάμων, ἔτι δ’ ἔγκυοι οὖσαι",tlg0024.tlg001.perseus-grc2.xml
Cynegetica,tlg001,3,516,"οὔποτʼ ἀναίνονται πόσιος πολύθουρον ἐρωήν,","οὔποτ’ ἀναίνονται πόσιος πολύθουρον ἐρωήν,",tlg0024.tlg001.perseus-grc2.xml
Cynegetica,tlg001,3,517,οὐδʼ ὅτε γαστρὶ φέρωσι πολύσπορον ὠκὺν ὀϊστόν·,οὐδ’ ὅτε γαστρὶ φέρωσι πολύσπορον ὠκὺν ὀϊστόν·,tlg0024.tlg001.perseus-grc2.xml
Cynegetica,tlg001,3,518,"ἔξοχα γὰρ τόδε φῦλον, ὅσʼ ἄπλετος ἔτραφεν αἶα,","ἔξοχα γὰρ τόδε φῦλον, ὅσ’ ἄπλετος ἔτραφεν αἶα,",tlg0024.tlg001.perseus-grc2.xml
Cynegetica,tlg001,3,519,πουλυγόνον τελέθει· τὸ μὲν ἄρ ποθι νηδύος ἐκτὸς,πουλυγόνον τελέθει· τὸ μὲν ἄρ ποθι νηδύος ἐκτὸς,tlg0024.tlg001.perseus-grc2.xml
Cynegetica,tlg001,3,520,"ἔμβρυον ἐκθρώσκει τετελεσμένον, ἄλλο δʼ ἔσωθεν","ἔμβρυον ἐκθρώσκει τετελεσμένον, ἄλλο δ’ ἔσωθεν",tlg0024.tlg001.perseus-grc2.xml
Cynegetica,tlg001,3,521,"νόσφι τριχὸς φορέει, τὸ δʼ ἄρʼ ἡμιτέλεστον ἀέξει,","νόσφι τριχὸς φορέει, τὸ δ’ ἄρ’ ἡμιτέλεστον ἀέξει,",tlg0024.tlg001.perseus-grc2.xml
Cynegetica,tlg001,3,522,ἄλλο δʼ ἄναρθρον ἔχει θορόεν βρέφος ὠπήσασθαι·,ἄλλο δ’ ἄναρθρον ἔχει θορόεν βρέφος ὠπήσασθαι·,tlg0024.tlg001.perseus-grc2.xml
Cynegetica,tlg001,3,523,"ἑξείης τίκτει δέ, καὶ οὔποτε θῆλυς ἀναιδὴς","ἑξείης τίκτει δέ, καὶ οὔποτε θῆλυς ἀναιδὴς",tlg0024.tlg001.perseus-grc2.xml
Cynegetica,tlg001,3,524,"λήθετο μαχλοσύνης· τελέει δʼ ὅσα θυμὸς ἀνώγει,","λήθετο μαχλοσύνης· τελέει δ’ ὅσα θυμὸς ἀνώγει,",tlg0024.tlg001.perseus-grc2.xml
Cynegetica,tlg001,3,525,οὐδʼ αὐταῖς ὠδῖσιν ἀνηναμένη Κυθέρειαν.,οὐδ’ αὐταῖς ὠδῖσιν ἀνηναμένη Κυθέρειαν.,tlg0024.tlg001.perseus-grc2.xml
Cynegetica,tlg001,4,1,"εἴδεα μὲν τόσα θηρσί, τόσαι δʼ ἀνὰ δάσκιον ὕλην","εἴδεα μὲν τόσα θηρσί, τόσαι δ’ ἀνὰ δάσκιον ὕλην",tlg0024.tlg001.perseus-grc2.xml
Cynegetica,tlg001,4,2,νυμφίδιοι φιλότητες ὁμήθειαί τε πέλονται,νυμφίδιοι φιλότητες ὁμήθειαί τε πέλονται,tlg0024.tlg001.perseus-grc2.xml
Cynegetica,tlg001,4,3,ἔχθεά τε κρυεροί τε μόθοι νόμιοί τε χαμεῦναι.,ἔχθεά τε κρυεροί τε μόθοι νόμιοί τε χαμεῦναι.,tlg0024.tlg001.perseus-grc2.xml
Cynegetica,tlg001,4,4,"τλησιπόνων δʼ ἀνδρῶν χρέος ἄπλετον ἀείδωμεν,","τλησιπόνων δ’ ἀνδρῶν χρέος ἄπλετον ἀείδωμεν,",tlg0024.tlg001.perseus-grc2.xml
Cynegetica,tlg001,4,5,ἀμφότερον κρατερόν τε μένος καὶ ἐπίφρονα βουλὴν,ἀμφότερον κρατερόν τε μένος καὶ ἐπίφρονα βουλὴν,tlg0024.tlg001.perseus-grc2.xml
Cynegetica,tlg001,4,6,κέρδεά τʼ αἰολόβουλα πολυφράστοις τε δόλοισι,κέρδεά τ’ αἰολόβουλα πολυφράστοις τε δόλοισι,tlg0024.tlg001.perseus-grc2.xml
Cynegetica,tlg001,4,7,φραξαμένην κραδίην· ἦ γάρ τε πρὸς ἄγρια φῦλα,φραξαμένην κραδίην· ἦ γάρ τε πρὸς ἄγρια φῦλα,tlg0024.tlg001.perseus-grc2.xml
Cynegetica,tlg001,4,8,"μάρναται, οἷσι θεὸς σθένος ὤπασε καὶ μένος ἠῢ","μάρναται, οἷσι θεὸς σθένος ὤπασε καὶ μένος ἠῢ",tlg0024.tlg001.perseus-grc2.xml
Cynegetica,tlg001,4,9,καὶ φρένας οὐδʼ αὐτῶν πολὺ μείονας ἀγρευτήρων.,καὶ φρένας οὐδ’ αὐτῶν πολὺ μείονας ἀγρευτήρων.,tlg0024.tlg001.perseus-grc2.xml
Cynegetica,tlg001,4,10,"ἤθεα πολλὰ πέλει κλειτῆς πολυαρκέος ἄγρης,","ἤθεα πολλὰ πέλει κλειτῆς πολυαρκέος ἄγρης,",tlg0024.tlg001.perseus-grc2.xml
Cynegetica,tlg001,4,11,"ἄρμενα καὶ θήρεσσι καὶ ἔθνεσιν ἠδὲ χαράδραις,","ἄρμενα καὶ θήρεσσι καὶ ἔθνεσιν ἠδὲ χαράδραις,",tlg0024.tlg001.perseus-grc2.xml
Cynegetica,tlg001,4,12,μυρία· τίς κεν ἅπαντα μιῇ φρενὶ χωρήσειεν,μυρία· τίς κεν ἅπαντα μιῇ φρενὶ χωρήσειεν,tlg0024.tlg001.perseus-grc2.xml
Cynegetica,tlg001,4,13,εἰπέμεναι κατὰ μοῖραν ὑπʼ εὐκελάδοισιν ἀοιδαῖς;,εἰπέμεναι κατὰ μοῖραν ὑπ’ εὐκελάδοισιν ἀοιδαῖς;,tlg0024.tlg001.perseus-grc2.xml
Cynegetica,tlg001,4,14,τίς δʼ ἂν πάντʼ ἐσίδοι; τίς δʼ ἄν τόσον ὠπήσαιτο,τίς δ’ ἂν πάντ’ ἐσίδοι; τίς δ’ ἄν τόσον ὠπήσαιτο,tlg0024.tlg001.perseus-grc2.xml
Cynegetica,tlg001,4,15,θνητὸς ἐών; μοῦνοι δὲ θεοὶ ῥέα πάνθʼ ὁρόωσιν.,θνητὸς ἐών; μοῦνοι δὲ θεοὶ ῥέα πάνθ’ ὁρόωσιν.,tlg0024.tlg001.perseus-grc2.xml
Cynegetica,tlg001,4,16,"αὐτὰρ ἐγὼν ἐρέω τά τʼ ἐμοῖς ἴδον ὀφθαλμοῖσι,","αὐτὰρ ἐγὼν ἐρέω τά τ’ ἐμοῖς ἴδον ὀφθαλμοῖσι,",tlg0024.tlg001.perseus-grc2.xml
Cynegetica,tlg001,4,17,"θήρην ἀγλαόδωρον ἐπιστείχων ξυλόχοισιν,","θήρην ἀγλαόδωρον ἐπιστείχων ξυλόχοισιν,",tlg0024.tlg001.perseus-grc2.xml
Cynegetica,tlg001,4,18,"ὅσσα τʼ ἀπʼ ἀνθρώπων ἐδάην, τοῖσιν τὰ μέμηλεν,","ὅσσα τ’ ἀπ’ ἀνθρώπων ἐδάην, τοῖσιν τὰ μέμηλεν,",tlg0024.tlg001.perseus-grc2.xml
Cynegetica,tlg001,4,19,"αἰόλα παντοίης ἐρατῆς μυστήρια τέχνης,","αἰόλα παντοίης ἐρατῆς μυστήρια τέχνης,",tlg0024.tlg001.perseus-grc2.xml
Cynegetica,tlg001,4,20,ἱμείρων τάδε πάντα Σεουήρου Διὸς υἱῷ,ἱμείρων τάδε πάντα Σεουήρου Διὸς υἱῷ,tlg0024.tlg001.perseus-grc2.xml
Cynegetica,tlg001,4,21,"ἀείδειν· σὺ δέ, πότνα θεά, παγκοίρανε θήρης,","ἀείδειν· σὺ δέ, πότνα θεά, παγκοίρανε θήρης,",tlg0024.tlg001.perseus-grc2.xml
Cynegetica,tlg001,4,22,"εὐμενέουσα θοῇ βασιληΐδι λέξον ἀκουῇ,","εὐμενέουσα θοῇ βασιληΐδι λέξον ἀκουῇ,",tlg0024.tlg001.perseus-grc2.xml
Cynegetica,tlg001,4,23,ὄφρα τεῶν ἔργων προμαθὼν ὀαρίσματα πάντα,ὄφρα τεῶν ἔργων προμαθὼν ὀαρίσματα πάντα,tlg0024.tlg001.perseus-grc2.xml
Cynegetica,tlg001,4,24,"θηροφονῇ, μακαριστὸς ὁμοῦ παλάμῃ καὶ ἀοιδῇ.","θηροφονῇ, μακαριστὸς ὁμοῦ παλάμῃ καὶ ἀοιδῇ.",tlg0024.tlg001.perseus-grc2.xml
Cynegetica,tlg001,4,25,"θηρῶν οἱ μὲν ἔασιν ἐπίφρονες, αἰολόβουλοι,","θηρῶν οἱ μὲν ἔασιν ἐπίφρονες, αἰολόβουλοι,",tlg0024.tlg001.perseus-grc2.xml
Cynegetica,tlg001,4,26,"ἀλλὰ δέμας βαιοί· τοὶ δʼ ἔμπαλιν ἀλκήεντες,","ἀλλὰ δέμας βαιοί· τοὶ δ’ ἔμπαλιν ἀλκήεντες,",tlg0024.tlg001.perseus-grc2.xml
Cynegetica,tlg001,4,27,βουλὴν δʼ ἐν στήθεσσιν ἀνάλκιδες· οἱ δʼ ἄρʼ ὁμαρτῇ,βουλὴν δ’ ἐν στήθεσσιν ἀνάλκιδες· οἱ δ’ ἄρ’ ὁμαρτῇ,tlg0024.tlg001.perseus-grc2.xml
Cynegetica,tlg001,4,28,"καὶ κραδίην δειλοὶ καὶ γυῖα πέλουσʼ ἀμενηνοί,","καὶ κραδίην δειλοὶ καὶ γυῖα πέλουσ’ ἀμενηνοί,",tlg0024.tlg001.perseus-grc2.xml
Cynegetica,tlg001,4,29,"ἀλλὰ πόδεσσι θοοί· τοῖσιν δὲ θεὸς πόρε πάντα,","ἀλλὰ πόδεσσι θοοί· τοῖσιν δὲ θεὸς πόρε πάντα,",tlg0024.tlg001.perseus-grc2.xml
Cynegetica,tlg001,4,30,"βουλὴν κερδαλέην, κρατερὸν δέμας, ὠκέα γοῦνα.","βουλὴν κερδαλέην, κρατερὸν δέμας, ὠκέα γοῦνα.",tlg0024.tlg001.perseus-grc2.xml
Cynegetica,tlg001,4,31,"γιγνώσκουσι δʼ ἕκαστος ἑῆς φύσιος κλυτὰ δῶρα,","γιγνώσκουσι δ’ ἕκαστος ἑῆς φύσιος κλυτὰ δῶρα,",tlg0024.tlg001.perseus-grc2.xml
Cynegetica,tlg001,4,32,ἔνθʼ ὀλιγοδρανέες τε καὶ ἔνθα πέλουσι δαφοινοί.,ἔνθ’ ὀλιγοδρανέες τε καὶ ἔνθα πέλουσι δαφοινοί.,tlg0024.tlg001.perseus-grc2.xml
Cynegetica,tlg001,4,33,"οὐκ ἔλαφος κεράεσσι θρασύς, κεράεσσι δὲ ταῦρος·","οὐκ ἔλαφος κεράεσσι θρασύς, κεράεσσι δὲ ταῦρος·",tlg0024.tlg001.perseus-grc2.xml
Cynegetica,tlg001,4,34,"οὐ γενύεσσιν ὄρυξ κρατερός, γενύεσσι λέοντες·","οὐ γενύεσσιν ὄρυξ κρατερός, γενύεσσι λέοντες·",tlg0024.tlg001.perseus-grc2.xml
Cynegetica,tlg001,4,35,"οὐ ποσὶ ῥινόκερως πίσυνος, πόδες ὅπλα λαγωῶν·","οὐ ποσὶ ῥινόκερως πίσυνος, πόδες ὅπλα λαγωῶν·",tlg0024.tlg001.perseus-grc2.xml
Cynegetica,tlg001,4,36,"πόρδαλις οἶδʼ ὀλοὴ παλαμάων λοίγιον ἰόν,","πόρδαλις οἶδ’ ὀλοὴ παλαμάων λοίγιον ἰόν,",tlg0024.tlg001.perseus-grc2.xml
Cynegetica,tlg001,4,37,"καὶ σθένος αἰνὸς ὄϊς μέγα λαϊνέοιο μετώπου,","καὶ σθένος αἰνὸς ὄϊς μέγα λαϊνέοιο μετώπου,",tlg0024.tlg001.perseus-grc2.xml
Cynegetica,tlg001,4,38,καὶ κάπρος μένος οἶδεν ἑῶν ὑπέροπλον ὀδόντων.,καὶ κάπρος μένος οἶδεν ἑῶν ὑπέροπλον ὀδόντων.,tlg0024.tlg001.perseus-grc2.xml
Cynegetica,tlg001,4,39,ὅσσαι μέν νυν ἔασιν ἐπακτήρεσσι δαφοινοῖς,ὅσσαι μέν νυν ἔασιν ἐπακτήρεσσι δαφοινοῖς,tlg0024.tlg001.perseus-grc2.xml
Cynegetica,tlg001,4,40,"μουναδὸν ἐν σκοπέλοισι προμήθειαί τε πάγαι τε,","μουναδὸν ἐν σκοπέλοισι προμήθειαί τε πάγαι τε,",tlg0024.tlg001.perseus-grc2.xml
Cynegetica,tlg001,4,41,κεκριμένας φράσομεν θήρας ἐπὶ θηρσὶν ἑκάστοις·,κεκριμένας φράσομεν θήρας ἐπὶ θηρσὶν ἑκάστοις·,tlg0024.tlg001.perseus-grc2.xml
Cynegetica,tlg001,4,42,"ξυνὰ δέ θʼ ὅσσα πέλουσιν, ὁμοίης ἔλλαχεν ᾠδῆς.","ξυνὰ δέ θ’ ὅσσα πέλουσιν, ὁμοίης ἔλλαχεν ᾠδῆς.",tlg0024.tlg001.perseus-grc2.xml
Cynegetica,tlg001,4,43,ξυνὰ θηροσύναι τε λίνων ξυναί τε ποδάγραι·,ξυνὰ θηροσύναι τε λίνων ξυναί τε ποδάγραι·,tlg0024.tlg001.perseus-grc2.xml
Cynegetica,tlg001,4,44,ξυνὰ δέ τʼ ἀνθρώποισι ποδωκέα πάντα γένεθλα,ξυνὰ δέ τ’ ἀνθρώποισι ποδωκέα πάντα γένεθλα,tlg0024.tlg001.perseus-grc2.xml
Cynegetica,tlg001,4,45,ἵπποις ἠδὲ κύνεσσι διωκέμεν· ἄλλοτε δʼ αὖτε,ἵπποις ἠδὲ κύνεσσι διωκέμεν· ἄλλοτε δ’ αὖτε,tlg0024.tlg001.perseus-grc2.xml
Cynegetica,tlg001,4,46,καὶ μούνοις ἵπποισι κυνῶν ἄτερ ἰθὺς ἐλαύνειν·,καὶ μούνοις ἵπποισι κυνῶν ἄτερ ἰθὺς ἐλαύνειν·,tlg0024.tlg001.perseus-grc2.xml
Cynegetica,tlg001,4,47,"ἵπποισιν κείνοισιν, ὅσοι περὶ Μαυρίδα γαῖαν","ἵπποισιν κείνοισιν, ὅσοι περὶ Μαυρίδα γαῖαν",tlg0024.tlg001.perseus-grc2.xml
Cynegetica,tlg001,4,48,"φέρβοντʼ, ἢ Λιβύεσσιν· ὅσοι μὴ κάρτεϊ χειρῶν","φέρβοντ’, ἢ Λιβύεσσιν· ὅσοι μὴ κάρτεϊ χειρῶν",tlg0024.tlg001.perseus-grc2.xml
Cynegetica,tlg001,4,49,"ἄγχονται ψαλίοισι βιαζομένοιο χαλινοῦ,","ἄγχονται ψαλίοισι βιαζομένοιο χαλινοῦ,",tlg0024.tlg001.perseus-grc2.xml
Cynegetica,tlg001,4,50,"πείθονται δὲ λύγοισιν, ὅπη βροτὸς ἡγεμονεύει.","πείθονται δὲ λύγοισιν, ὅπη βροτὸς ἡγεμονεύει.",tlg0024.tlg001.perseus-grc2.xml
Cynegetica,tlg001,4,51,τοὔνεκεν ἱππελάται κείνων ἐπιβήτορες ἵππων,τοὔνεκεν ἱππελάται κείνων ἐπιβήτορες ἵππων,tlg0024.tlg001.perseus-grc2.xml
Cynegetica,tlg001,4,52,ἠδὲ κύνας λείπουσι φίλους πίσυνοί τʼ ἐλόωσιν,ἠδὲ κύνας λείπουσι φίλους πίσυνοί τ’ ἐλόωσιν,tlg0024.tlg001.perseus-grc2.xml
Cynegetica,tlg001,4,53,ἵπποις ἠελίου τε βολῇ καὶ νόσφιν ἀρωγῶν.,ἵπποις ἠελίου τε βολῇ καὶ νόσφιν ἀρωγῶν.,tlg0024.tlg001.perseus-grc2.xml
Cynegetica,tlg001,4,54,ξυνὸν ἀκοντίζειν δὲ καὶ ἀντία τοξάζεσθαι,ξυνὸν ἀκοντίζειν δὲ καὶ ἀντία τοξάζεσθαι,tlg0024.tlg001.perseus-grc2.xml
Cynegetica,tlg001,4,55,"θῆρας ἀρειοτέρους, τοί τʼ ἀνδράσιν ἶφι μάχονται.","θῆρας ἀρειοτέρους, τοί τ’ ἀνδράσιν ἶφι μάχονται.",tlg0024.tlg001.perseus-grc2.xml
Cynegetica,tlg001,4,56,"ἐς δὲ λίνον χρειὼ στέλλειν οἰήϊα θήρης,","ἐς δὲ λίνον χρειὼ στέλλειν οἰήϊα θήρης,",tlg0024.tlg001.perseus-grc2.xml
Cynegetica,tlg001,4,57,καὶ πνοιὴν ἀνέμου φεύγειν ἄνεμόν τε δοκεύειν.,καὶ πνοιὴν ἀνέμου φεύγειν ἄνεμόν τε δοκεύειν.,tlg0024.tlg001.perseus-grc2.xml
Cynegetica,tlg001,4,58,οἷα δὲ ποντοπόρων ἀκάτων ἐπιβήτορες ἄνδρες,οἷα δὲ ποντοπόρων ἀκάτων ἐπιβήτορες ἄνδρες,tlg0024.tlg001.perseus-grc2.xml
Cynegetica,tlg001,4,59,"ἑζόμενοι πρύμνῃσι, νεῶν ἐφέποντες ὀχῆας,","ἑζόμενοι πρύμνῃσι, νεῶν ἐφέποντες ὀχῆας,",tlg0024.tlg001.perseus-grc2.xml
Cynegetica,tlg001,4,60,ἠέρα παπταίνουσι καὶ ἀργεστῇσι Νότοισι,ἠέρα παπταίνουσι καὶ ἀργεστῇσι Νότοισι,tlg0024.tlg001.perseus-grc2.xml
Cynegetica,tlg001,4,61,πειθόμενοι τανύσαντο λινοπτερύγων ὅπλα νηῶν·,πειθόμενοι τανύσαντο λινοπτερύγων ὅπλα νηῶν·,tlg0024.tlg001.perseus-grc2.xml
Cynegetica,tlg001,4,62,ὧδε καὶ ἐν τραφερῇ κέλομαι θηρήτορας ἄνδρας,ὧδε καὶ ἐν τραφερῇ κέλομαι θηρήτορας ἄνδρας,tlg0024.tlg001.perseus-grc2.xml
Cynegetica,tlg001,4,63,"παπταίνειν ἑκάτερθεν ἐπιπνείοντας ἀήτας,","παπταίνειν ἑκάτερθεν ἐπιπνείοντας ἀήτας,",tlg0024.tlg001.perseus-grc2.xml
Cynegetica,tlg001,4,64,ὄφρα λινοστατέωσι βοηλατέωσί τε πάντῃ,ὄφρα λινοστατέωσι βοηλατέωσί τε πάντῃ,tlg0024.tlg001.perseus-grc2.xml
Cynegetica,tlg001,4,65,αὔραις ἀντιάσαντες· ἐπεὶ μάλα θήρεσι πᾶσιν,αὔραις ἀντιάσαντες· ἐπεὶ μάλα θήρεσι πᾶσιν,tlg0024.tlg001.perseus-grc2.xml
Cynegetica,tlg001,4,66,ὀξύταται ῥινῶν ὀσφρήσιες· εἰ δὲ φράσαιντο,ὀξύταται ῥινῶν ὀσφρήσιες· εἰ δὲ φράσαιντο,tlg0024.tlg001.perseus-grc2.xml
Cynegetica,tlg001,4,67,"ἢ σταλίκων ὀδμὴν ἢ πεπταμένοιο λίνοιο,","ἢ σταλίκων ὀδμὴν ἢ πεπταμένοιο λίνοιο,",tlg0024.tlg001.perseus-grc2.xml
Cynegetica,tlg001,4,68,"ἔμπαλιν ἰθύνουσιν, ἐπιστροφάδην δὲ φέβονται","ἔμπαλιν ἰθύνουσιν, ἐπιστροφάδην δὲ φέβονται",tlg0024.tlg001.perseus-grc2.xml
Cynegetica,tlg001,4,69,"αὐτοῖς ἄντα βροτοῖσι, πόνον δʼ ἅλιον θέσαν ἄγρης.","αὐτοῖς ἄντα βροτοῖσι, πόνον δ’ ἅλιον θέσαν ἄγρης.",tlg0024.tlg001.perseus-grc2.xml
Cynegetica,tlg001,4,70,τῷ μοι παπταίνοιεν ἐπαιγίζοντας ἀήτας,τῷ μοι παπταίνοιεν ἐπαιγίζοντας ἀήτας,tlg0024.tlg001.perseus-grc2.xml
Cynegetica,tlg001,4,71,"θηροφόνοι, στάλικάς τε λινοστασίην τʼ ἐφέποιεν","θηροφόνοι, στάλικάς τε λινοστασίην τ’ ἐφέποιεν",tlg0024.tlg001.perseus-grc2.xml
Cynegetica,tlg001,4,72,ἀντιπέρην ἀνέμοιο βολῆς· ὄπιθεν δʼ ἐλάοιεν,ἀντιπέρην ἀνέμοιο βολῆς· ὄπιθεν δ’ ἐλάοιεν,tlg0024.tlg001.perseus-grc2.xml
Cynegetica,tlg001,4,73,ἐς Νότον αἰθρήεντος ἐγειρομένου Βορέαο·,ἐς Νότον αἰθρήεντος ἐγειρομένου Βορέαο·,tlg0024.tlg001.perseus-grc2.xml
Cynegetica,tlg001,4,74,ἐς δὲ Βορῆν σαλαγεῦντος ἐπὶ δροσεροῖο Νότοιο·,ἐς δὲ Βορῆν σαλαγεῦντος ἐπὶ δροσεροῖο Νότοιο·,tlg0024.tlg001.perseus-grc2.xml
Cynegetica,tlg001,4,75,Εὔρου δʼ ἱσταμένοιο θέειν Ζεφυρίτισιν αὔραις·,Εὔρου δ’ ἱσταμένοιο θέειν Ζεφυρίτισιν αὔραις·,tlg0024.tlg001.perseus-grc2.xml
Cynegetica,tlg001,4,76,κινυμένου Ζεφύρου δὲ θοῶς εἰς Εὖρον ἐλαύνειν.,κινυμένου Ζεφύρου δὲ θοῶς εἰς Εὖρον ἐλαύνειν.,tlg0024.tlg001.perseus-grc2.xml
Cynegetica,tlg001,4,77,ἀλλὰ σύ μοι πρώτιστα λεόντων ἔξοχον ἄγρην,ἀλλὰ σύ μοι πρώτιστα λεόντων ἔξοχον ἄγρην,tlg0024.tlg001.perseus-grc2.xml
Cynegetica,tlg001,4,78,ἐν θυμῷ βάλλοιο καὶ ἀνδρῶν ἄλκιμον ἦτορ.,ἐν θυμῷ βάλλοιο καὶ ἀνδρῶν ἄλκιμον ἦτορ.,tlg0024.tlg001.perseus-grc2.xml
Cynegetica,tlg001,4,79,"χῶρον μὲν πρώτιστον ἐπεφράσσαντο κιόντες,","χῶρον μὲν πρώτιστον ἐπεφράσσαντο κιόντες,",tlg0024.tlg001.perseus-grc2.xml
Cynegetica,tlg001,4,80,ἔνθα περὶ σπήλυγγας ἐρίβρομος ἠΰκομος λῖς,ἔνθα περὶ σπήλυγγας ἐρίβρομος ἠΰκομος λῖς,tlg0024.tlg001.perseus-grc2.xml
Cynegetica,tlg001,4,81,"ἐνδιάει, μέγα δεῖμα βοῶν αὐτῶν τε νομήων·","ἐνδιάει, μέγα δεῖμα βοῶν αὐτῶν τε νομήων·",tlg0024.tlg001.perseus-grc2.xml
Cynegetica,tlg001,4,82,θηρὸς δʼ αὖ μετέπειτα πελώριον ὠπήσαντο,θηρὸς δ’ αὖ μετέπειτα πελώριον ὠπήσαντο,tlg0024.tlg001.perseus-grc2.xml
Cynegetica,tlg001,4,83,"ἴχνεσι τριβομένοισιν ἀταρπιτόν, ᾗ ἔνι πολλὸς","ἴχνεσι τριβομένοισιν ἀταρπιτόν, ᾗ ἔνι πολλὸς",tlg0024.tlg001.perseus-grc2.xml
Cynegetica,tlg001,4,84,λαρὸν πιόμενος ποταμηπόρος ἰθὺς ὁδεύει.,λαρὸν πιόμενος ποταμηπόρος ἰθὺς ὁδεύει.,tlg0024.tlg001.perseus-grc2.xml
Cynegetica,tlg001,4,85,"ἔνθʼ ἤτοι βόθρον μὲν ἐΰδρομον ἀμφὶς ὄρυξαν,","ἔνθ’ ἤτοι βόθρον μὲν ἐΰδρομον ἀμφὶς ὄρυξαν,",tlg0024.tlg001.perseus-grc2.xml
Cynegetica,tlg001,4,86,εὐρὺν καὶ περίμετρον· ἀτὰρ μεσάτῃ ἐνὶ τάφρῳ,εὐρὺν καὶ περίμετρον· ἀτὰρ μεσάτῃ ἐνὶ τάφρῳ,tlg0024.tlg001.perseus-grc2.xml
Cynegetica,tlg001,4,87,"κίονα δειμάσθην μέγαν, ὄρθιον, ὑψικόλωνον·","κίονα δειμάσθην μέγαν, ὄρθιον, ὑψικόλωνον·",tlg0024.tlg001.perseus-grc2.xml
Cynegetica,tlg001,4,88,τοῦ δʼ ἄπο μὲν κρεμάσαντο μετήορον αὖ ἐρύσαντες,τοῦ δ’ ἄπο μὲν κρεμάσαντο μετήορον αὖ ἐρύσαντες,tlg0024.tlg001.perseus-grc2.xml
Cynegetica,tlg001,4,89,ἀρνειὸν νεογιλὸν ὑπʼ ἀρτιτόκοιο τεκούσης·,ἀρνειὸν νεογιλὸν ὑπ’ ἀρτιτόκοιο τεκούσης·,tlg0024.tlg001.perseus-grc2.xml
Cynegetica,tlg001,4,90,ἔκτοθε δʼ αὖ βόθροιο περίτροχον ἐστεφάνωσαν,ἔκτοθε δ’ αὖ βόθροιο περίτροχον ἐστεφάνωσαν,tlg0024.tlg001.perseus-grc2.xml
Cynegetica,tlg001,4,91,"αἱμασιήν, πυκάσαντες ἐπασσυτέροις μυλάκεσσιν,","αἱμασιήν, πυκάσαντες ἐπασσυτέροις μυλάκεσσιν,",tlg0024.tlg001.perseus-grc2.xml
Cynegetica,tlg001,4,92,ὄφρα κε μὴ πελάσας δολερὸν χάος ἀθρήσειε·,ὄφρα κε μὴ πελάσας δολερὸν χάος ἀθρήσειε·,tlg0024.tlg001.perseus-grc2.xml
Cynegetica,tlg001,4,93,καί ῥʼ ὁ μὲν ὑψικρεμὴς ὑπομάζιος ἀμνὸς ἀϋτεῖ·,καί ῥ’ ὁ μὲν ὑψικρεμὴς ὑπομάζιος ἀμνὸς ἀϋτεῖ·,tlg0024.tlg001.perseus-grc2.xml
Cynegetica,tlg001,4,94,τοῦ δέ τε πειναλέην κραδίην ἐπάταξεν ἰωή·,τοῦ δέ τε πειναλέην κραδίην ἐπάταξεν ἰωή·,tlg0024.tlg001.perseus-grc2.xml
Cynegetica,tlg001,4,95,"μαιόμενος δʼ ἴθυσε, φίλον κεχαρημένος ἦτορ,","μαιόμενος δ’ ἴθυσε, φίλον κεχαρημένος ἦτορ,",tlg0024.tlg001.perseus-grc2.xml
Cynegetica,tlg001,4,96,ἴχνος ἐπισπέρχων βληχῆς ἠδʼ ἔνθα καὶ ἔνθα,ἴχνος ἐπισπέρχων βληχῆς ἠδ’ ἔνθα καὶ ἔνθα,tlg0024.tlg001.perseus-grc2.xml
Cynegetica,tlg001,4,97,"παπταίνων πυρόεν· τάχα δʼ ἤλυθεν ἄγχι δόλοιο,","παπταίνων πυρόεν· τάχα δ’ ἤλυθεν ἄγχι δόλοιο,",tlg0024.tlg001.perseus-grc2.xml
Cynegetica,tlg001,4,98,"ἀμφί τε δινεῖται, κρατερὸς δέ ἑ λιμὸς ὀρίνει.","ἀμφί τε δινεῖται, κρατερὸς δέ ἑ λιμὸς ὀρίνει.",tlg0024.tlg001.perseus-grc2.xml
Cynegetica,tlg001,4,99,"αὐτίκα δʼ αἱμασιὴν μὲν ὑπέρθορε γαστρὶ πιθήσας,","αὐτίκα δ’ αἱμασιὴν μὲν ὑπέρθορε γαστρὶ πιθήσας,",tlg0024.tlg001.perseus-grc2.xml
Cynegetica,tlg001,4,100,"δέκτο δέ μιν χάος εὐρὺ περιστεφές, οὐδʼ ἐνόησεν,","δέκτο δέ μιν χάος εὐρὺ περιστεφές, οὐδ’ ἐνόησεν,",tlg0024.tlg001.perseus-grc2.xml
Cynegetica,tlg001,4,101,ὡς ἐπὶ βυσσὸν ἵκανεν ἀνωΐστοιο βερέθρου·,ὡς ἐπὶ βυσσὸν ἵκανεν ἀνωΐστοιο βερέθρου·,tlg0024.tlg001.perseus-grc2.xml
Cynegetica,tlg001,4,102,"παντόσε δινεῖται δὲ παλίσσυτος αἰὲν ὀρούων,","παντόσε δινεῖται δὲ παλίσσυτος αἰὲν ὀρούων,",tlg0024.tlg001.perseus-grc2.xml
Cynegetica,tlg001,4,103,"ὁπποῖος περὶ νύσσαν ἀεθλοφόρος θοὸς ἵππος,","ὁπποῖος περὶ νύσσαν ἀεθλοφόρος θοὸς ἵππος,",tlg0024.tlg001.perseus-grc2.xml
Cynegetica,tlg001,4,104,ἀγχόμενος παλάμῃσι καὶ ἡνιόχοιο χαλινῷ.,ἀγχόμενος παλάμῃσι καὶ ἡνιόχοιο χαλινῷ.,tlg0024.tlg001.perseus-grc2.xml
Cynegetica,tlg001,4,105,οἱ δʼ ἄρʼ ἀπὸ σκοπιῆς τηλαυγέος ἀθρήσαντες,οἱ δ’ ἄρ’ ἀπὸ σκοπιῆς τηλαυγέος ἀθρήσαντες,tlg0024.tlg001.perseus-grc2.xml
Cynegetica,tlg001,4,106,"ἀγρευτῆρες ὄρουσαν, ἐριτμήτοισι δʼ ἱμᾶσι","ἀγρευτῆρες ὄρουσαν, ἐριτμήτοισι δ’ ἱμᾶσι",tlg0024.tlg001.perseus-grc2.xml
Cynegetica,tlg001,4,107,"δησάμενοι καθιᾶσιν ἐΰστροφα τυκτὰ μέλαθρα,","δησάμενοι καθιᾶσιν ἐΰστροφα τυκτὰ μέλαθρα,",tlg0024.tlg001.perseus-grc2.xml
Cynegetica,tlg001,4,108,ὀπταλέον κἀκεῖσε δόλον κρύψαντες ἐδωδῆς·,ὀπταλέον κἀκεῖσε δόλον κρύψαντες ἐδωδῆς·,tlg0024.tlg001.perseus-grc2.xml
Cynegetica,tlg001,4,109,αὐτὰρ ὅ γʼ ἐκ βόθροιο δοκεύμενος αὐτίκʼ ἀλύξειν,αὐτὰρ ὅ γ’ ἐκ βόθροιο δοκεύμενος αὐτίκ’ ἀλύξειν,tlg0024.tlg001.perseus-grc2.xml
Cynegetica,tlg001,4,110,ἔνθὁ??ʼε καγχαλόων· παρὰ δʼ οὐκέτι νόστος ἕτοιμος·,ἔνθὁ??’ ε καγχαλόων· παρὰ δ’ οὐκέτι νόστος ἕτοιμος·,tlg0024.tlg001.perseus-grc2.xml
Cynegetica,tlg001,4,111,ὧδε μὲν ἀμφὶ χυτὴν Λιβύων πολυδίψιον αἶαν.,ὧδε μὲν ἀμφὶ χυτὴν Λιβύων πολυδίψιον αἶαν.,tlg0024.tlg001.perseus-grc2.xml
Cynegetica,tlg001,4,112,αὐτὰρ ἐϋρρείταο παρʼ ὄχθαις Εὐφρήταο,αὐτὰρ ἐϋρρείταο παρ’ ὄχθαις Εὐφρήταο,tlg0024.tlg001.perseus-grc2.xml
Cynegetica,tlg001,4,113,ἵππους μὲν χαροποὺς μεγαλήτορας ἀρτύνονται,ἵππους μὲν χαροποὺς μεγαλήτορας ἀρτύνονται,tlg0024.tlg001.perseus-grc2.xml
Cynegetica,tlg001,4,114,θήρειον ποτὶ μῶλον· ἐπεὶ χαροποὶ γεγάασι,θήρειον ποτὶ μῶλον· ἐπεὶ χαροποὶ γεγάασι,tlg0024.tlg001.perseus-grc2.xml
Cynegetica,tlg001,4,115,κραιπνότατοι θείειν καὶ ἀναιδέες ἶφι μάχεσθαι,κραιπνότατοι θείειν καὶ ἀναιδέες ἶφι μάχεσθαι,tlg0024.tlg001.perseus-grc2.xml
Cynegetica,tlg001,4,116,καὶ μοῦνοι τετλᾶσι λεόντων ἀντία βρυχήν·,καὶ μοῦνοι τετλᾶσι λεόντων ἀντία βρυχήν·,tlg0024.tlg001.perseus-grc2.xml
Cynegetica,tlg001,4,117,"οἱ δʼ ἄλλοι τρειουσι καὶ ἀγκλίνουσιν ὀπωπάς,","οἱ δ’ ἄλλοι τρειουσι καὶ ἀγκλίνουσιν ὀπωπάς,",tlg0024.tlg001.perseus-grc2.xml
Cynegetica,tlg001,4,118,"δειμαίνοντες ἄνακτος ἑοῦ πυριλαμπέα κανθόν,","δειμαίνοντες ἄνακτος ἑοῦ πυριλαμπέα κανθόν,",tlg0024.tlg001.perseus-grc2.xml
Cynegetica,tlg001,4,119,ὣς ἐφάμην καὶ πρόσθεν ἐν ἱππαλέοισιν ἀοιδαῖς.,ὣς ἐφάμην καὶ πρόσθεν ἐν ἱππαλέοισιν ἀοιδαῖς.,tlg0024.tlg001.perseus-grc2.xml
Cynegetica,tlg001,4,120,"πεζοὶ δʼ ἐκτανύσαντο λίνοιο περίδρομον ἕρκος,","πεζοὶ δ’ ἐκτανύσαντο λίνοιο περίδρομον ἕρκος,",tlg0024.tlg001.perseus-grc2.xml
Cynegetica,tlg001,4,121,ἄρκυας ἀσσυτέροις ἐπιδειμάμενοι σταλίκεσσι·,ἄρκυας ἀσσυτέροις ἐπιδειμάμενοι σταλίκεσσι·,tlg0024.tlg001.perseus-grc2.xml
Cynegetica,tlg001,4,122,"τόσσον δʼ αὖθʼ ἑκάτερθεν ἐπιπρονένευκε κεραίη,","τόσσον δ’ αὖθ’ ἑκάτερθεν ἐπιπρονένευκε κεραίη,",tlg0024.tlg001.perseus-grc2.xml
Cynegetica,tlg001,4,123,ὅσσον ἐπημύει κέρας ἀρτιτόκοιο σελήνης.,ὅσσον ἐπημύει κέρας ἀρτιτόκοιο σελήνης.,tlg0024.tlg001.perseus-grc2.xml
Cynegetica,tlg001,4,124,"τρισσοὶ δʼ αὖ λοχόωσι λίνων ἔπι θηρητῆρες,","τρισσοὶ δ’ αὖ λοχόωσι λίνων ἔπι θηρητῆρες,",tlg0024.tlg001.perseus-grc2.xml
Cynegetica,tlg001,4,125,"εἷς μέσατος, δοιοὶ δʼ ἄρʼ ἐπʼ ἀκροτάτοισι κορύμβοις,","εἷς μέσατος, δοιοὶ δ’ ἄρ’ ἐπ’ ἀκροτάτοισι κορύμβοις,",tlg0024.tlg001.perseus-grc2.xml
Cynegetica,tlg001,4,126,ὁππόσον ἐκ μεσάτοιο γεγωνότος ἀμφοτέροισιν,ὁππόσον ἐκ μεσάτοιο γεγωνότος ἀμφοτέροισιν,tlg0024.tlg001.perseus-grc2.xml
Cynegetica,tlg001,4,127,εἰσαΐειν ἑκάτερθε διπλῶν ἀκρόπτερα φωτῶν.,εἰσαΐειν ἑκάτερθε διπλῶν ἀκρόπτερα φωτῶν.,tlg0024.tlg001.perseus-grc2.xml
Cynegetica,tlg001,4,128,"οἱ δʼ ἄλλοι στήσαντο νόμῳ πολέμοιο δαφοινοῦ,","οἱ δ’ ἄλλοι στήσαντο νόμῳ πολέμοιο δαφοινοῦ,",tlg0024.tlg001.perseus-grc2.xml
Cynegetica,tlg001,4,129,φρυκτοὺς αὐσταλέους πυριλαμπέας ἀμφὶς ἔχοντες·,φρυκτοὺς αὐσταλέους πυριλαμπέας ἀμφὶς ἔχοντες·,tlg0024.tlg001.perseus-grc2.xml
Cynegetica,tlg001,4,130,"ἀνδρῶν δʼ αὐτὸς ἕκαστος ἔχει σάκος ἐν χερὶ λαιῇ,","ἀνδρῶν δ’ αὐτὸς ἕκαστος ἔχει σάκος ἐν χερὶ λαιῇ,",tlg0024.tlg001.perseus-grc2.xml
Cynegetica,tlg001,4,131,ἁ̓σπίδος ἐν πατάγῳ θηρσὶν μέγα δεῖμα δαφοινοῖς·,ἁ̓σπίδος ἐν πατάγῳ θηρσὶν μέγα δεῖμα δαφοινοῖς·,tlg0024.tlg001.perseus-grc2.xml
Cynegetica,tlg001,4,132,δεξιτερῇ δὲ φέρει πεύκης ἄπο δαιόμενον πῦρ·,δεξιτερῇ δὲ φέρει πεύκης ἄπο δαιόμενον πῦρ·,tlg0024.tlg001.perseus-grc2.xml
Cynegetica,tlg001,4,133,"ἔξοχα γὰρ δείδοικε πυρὸς μένος ἠΰκομος λῖς,","ἔξοχα γὰρ δείδοικε πυρὸς μένος ἠΰκομος λῖς,",tlg0024.tlg001.perseus-grc2.xml
Cynegetica,tlg001,4,134,οὐδʼ ἐσιδεῖν τέτληκεν ἀταρμύκτοισιν ὀπωπαῖς.,οὐδ’ ἐσιδεῖν τέτληκεν ἀταρμύκτοισιν ὀπωπαῖς.,tlg0024.tlg001.perseus-grc2.xml
Cynegetica,tlg001,4,135,"οἱ δʼ ὁπότʼ ἀθρήσωσι λεόντων ἄλκιμον ἦτορ,","οἱ δ’ ὁπότ’ ἀθρήσωσι λεόντων ἄλκιμον ἦτορ,",tlg0024.tlg001.perseus-grc2.xml
Cynegetica,tlg001,4,136,"πάντες ὁμῶς ἱππῆες ἐπέσσυθεν, ἀμφὶ δὲ πεζοὶ","πάντες ὁμῶς ἱππῆες ἐπέσσυθεν, ἀμφὶ δὲ πεζοὶ",tlg0024.tlg001.perseus-grc2.xml
Cynegetica,tlg001,4,137,"ἕσπονται παταγεῦντες, ἀϋτὴ δʼ αἰθέρʼ ἱκάνει.","ἕσπονται παταγεῦντες, ἀϋτὴ δ’ αἰθέρ’ ἱκάνει.",tlg0024.tlg001.perseus-grc2.xml
Cynegetica,tlg001,4,138,"θῆρες δʼ οὐ μίμνουσιν, ἐπιστροφάδην δὲ νέονται","θῆρες δ’ οὐ μίμνουσιν, ἐπιστροφάδην δὲ νέονται",tlg0024.tlg001.perseus-grc2.xml
Cynegetica,tlg001,4,139,"θυμὸν ὀδὰξ πρίοντες, ἀμυνέμεν οὐκ ἐθέλοντες.","θυμὸν ὀδὰξ πρίοντες, ἀμυνέμεν οὐκ ἐθέλοντες.",tlg0024.tlg001.perseus-grc2.xml
Cynegetica,tlg001,4,140,ὡς δʼ ἰχθῦς ἀνὰ νύκτα δολόφρονες ἀσπαλιῆες,ὡς δ’ ἰχθῦς ἀνὰ νύκτα δολόφρονες ἀσπαλιῆες,tlg0024.tlg001.perseus-grc2.xml
Cynegetica,tlg001,4,141,πρὸς βόλον ἰθύνουσι θοαῖς ἀκάτοισι φέροντες,πρὸς βόλον ἰθύνουσι θοαῖς ἀκάτοισι φέροντες,tlg0024.tlg001.perseus-grc2.xml
Cynegetica,tlg001,4,142,λαμπομένας δαΐδας· τοὶ δὲ τρείουσιν ἰδόντες,λαμπομένας δαΐδας· τοὶ δὲ τρείουσιν ἰδόντες,tlg0024.tlg001.perseus-grc2.xml
Cynegetica,tlg001,4,143,"ἔλλοπες, οὐδὲ μένουσιν ἑλισσομένην ἀμαρυγήν·","ἔλλοπες, οὐδὲ μένουσιν ἑλισσομένην ἀμαρυγήν·",tlg0024.tlg001.perseus-grc2.xml
Cynegetica,tlg001,4,144,ὣς καὶ θῆρες ἄνακτες ἐπιμύουσιν ὀπωπάς.,ὣς καὶ θῆρες ἄνακτες ἐπιμύουσιν ὀπωπάς.,tlg0024.tlg001.perseus-grc2.xml
Cynegetica,tlg001,4,145,καὶ τότε δειδιότες κτύπον ἀνδρῶν καὶ φλόγα πυρσῶν,καὶ τότε δειδιότες κτύπον ἀνδρῶν καὶ φλόγα πυρσῶν,tlg0024.tlg001.perseus-grc2.xml
Cynegetica,tlg001,4,146,αὐτόματοι πλεκτῇσι λίνων λαγόνεσσι πέλασσαν.,αὐτόματοι πλεκτῇσι λίνων λαγόνεσσι πέλασσαν.,tlg0024.tlg001.perseus-grc2.xml
Cynegetica,tlg001,4,147,ἔστι δέ τις θήρης τρίτατος νόμος Αἰθιοπήων,ἔστι δέ τις θήρης τρίτατος νόμος Αἰθιοπήων,tlg0024.tlg001.perseus-grc2.xml
Cynegetica,tlg001,4,148,"ἀκάματος, μέγα θαῦμα· τὸ δʼ ἀνέρες ἀλκήεντες","ἀκάματος, μέγα θαῦμα· τὸ δ’ ἀνέρες ἀλκήεντες",tlg0024.tlg001.perseus-grc2.xml
Cynegetica,tlg001,4,149,Αἴθοπες ἠνορέῃ πίσυνοι πίσυρες τελέουσι.,Αἴθοπες ἠνορέῃ πίσυνοι πίσυρες τελέουσι.,tlg0024.tlg001.perseus-grc2.xml
Cynegetica,tlg001,4,150,πλεκτὰ σάκη τεύχουσιν ἐϋστρέπτοισι λύγοισι,πλεκτὰ σάκη τεύχουσιν ἐϋστρέπτοισι λύγοισι,tlg0024.tlg001.perseus-grc2.xml
Cynegetica,tlg001,4,151,"καρτερὰ καὶ πλευρῇσι περίδρομα, κὰδ δὲ βοείας","καρτερὰ καὶ πλευρῇσι περίδρομα, κὰδ δὲ βοείας",tlg0024.tlg001.perseus-grc2.xml
Cynegetica,tlg001,4,152,ἀζαλέας τανύουσιν ἐπʼ ἀσπίσιν ὀμφαλοέσσαις,ἀζαλέας τανύουσιν ἐπ’ ἀσπίσιν ὀμφαλοέσσαις,tlg0024.tlg001.perseus-grc2.xml
Cynegetica,tlg001,4,153,ἄλκαρ ἔμεν τʼ ὀνύχων βριαρῶν γενύων τε δαφοινῶν·,ἄλκαρ ἔμεν τ’ ὀνύχων βριαρῶν γενύων τε δαφοινῶν·,tlg0024.tlg001.perseus-grc2.xml
Cynegetica,tlg001,4,154,"αὐτοὶ δʼ οἰὸς ἄωτα πρόπαν δέμας ἀμφιέσαντο,","αὐτοὶ δ’ οἰὸς ἄωτα πρόπαν δέμας ἀμφιέσαντο,",tlg0024.tlg001.perseus-grc2.xml
Cynegetica,tlg001,4,155,σφιγξάμενοι καθύπερθεν ἐπασσυτέροις τελαμῶσι·,σφιγξάμενοι καθύπερθεν ἐπασσυτέροις τελαμῶσι·,tlg0024.tlg001.perseus-grc2.xml
Cynegetica,tlg001,4,156,καὶ κόρυθες κρύπτουσι καρήατα· μοῦνα δʼ ἀθρήσαις,καὶ κόρυθες κρύπτουσι καρήατα· μοῦνα δ’ ἀθρήσαις,tlg0024.tlg001.perseus-grc2.xml
Cynegetica,tlg001,4,157,χείλεά τε ῥῖνάς τε καὶ ὄμματα μαρμαίροντα.,χείλεά τε ῥῖνάς τε καὶ ὄμματα μαρμαίροντα.,tlg0024.tlg001.perseus-grc2.xml
Cynegetica,tlg001,4,158,"ἄντα δὲ θηρὸς ἴασιν ἀολλέες, εὐκελάδοισι","ἄντα δὲ θηρὸς ἴασιν ἀολλέες, εὐκελάδοισι",tlg0024.tlg001.perseus-grc2.xml
Cynegetica,tlg001,4,159,μάστιξιν θαμινῇσι διʼ ἠέρος αἰθύσσοντες·,μάστιξιν θαμινῇσι δι’ ἠέρος αἰθύσσοντες·,tlg0024.tlg001.perseus-grc2.xml
Cynegetica,tlg001,4,160,αὐτὰρ ὅ γε σπήλυγγος ὑπεκπροθορὼν ἀλίαστος,αὐτὰρ ὅ γε σπήλυγγος ὑπεκπροθορὼν ἀλίαστος,tlg0024.tlg001.perseus-grc2.xml
Cynegetica,tlg001,4,161,"βρυχᾶται πετάσας φόνιον χάος ἀντία φωτῶν,","βρυχᾶται πετάσας φόνιον χάος ἀντία φωτῶν,",tlg0024.tlg001.perseus-grc2.xml
Cynegetica,tlg001,4,162,"δερκόμενος χαροποῖσιν ὑπʼ ὄμμασιν αἰθόμενον πῦρ,","δερκόμενος χαροποῖσιν ὑπ’ ὄμμασιν αἰθόμενον πῦρ,",tlg0024.tlg001.perseus-grc2.xml
Cynegetica,tlg001,4,163,θυμῷ παφλάζων ἴκελος δίοισι κεραυνοῖς.,θυμῷ παφλάζων ἴκελος δίοισι κεραυνοῖς.,tlg0024.tlg001.perseus-grc2.xml
Cynegetica,tlg001,4,164,οὐ τοῖον Γάγγαο ῥόος πρόσθʼ ἠελίοιο,οὐ τοῖον Γάγγαο ῥόος πρόσθ’ ἠελίοιο,tlg0024.tlg001.perseus-grc2.xml
Cynegetica,tlg001,4,165,Ἰνδὸν ὑπὲρ δάπεδον Μαρυανδέα λαὸν ἀμείβων,Ἰνδὸν ὑπὲρ δάπεδον Μαρυανδέα λαὸν ἀμείβων,tlg0024.tlg001.perseus-grc2.xml
Cynegetica,tlg001,4,166,"μυκᾶται βρύχημα πελώριον, ὁππότε κρημνῶν","μυκᾶται βρύχημα πελώριον, ὁππότε κρημνῶν",tlg0024.tlg001.perseus-grc2.xml
Cynegetica,tlg001,4,167,ἐκπροθορὼν ἐκάλυψε μέλαν δέμας αἰγιαλοῖο·,ἐκπροθορὼν ἐκάλυψε μέλαν δέμας αἰγιαλοῖο·,tlg0024.tlg001.perseus-grc2.xml
Cynegetica,tlg001,4,168,ὅστε καὶ εὐρύτατός περ ἐὼν καί τʼ εἴκοσιν ἄλλοις,ὅστε καὶ εὐρύτατός περ ἐὼν καί τ’ εἴκοσιν ἄλλοις,tlg0024.tlg001.perseus-grc2.xml
Cynegetica,tlg001,4,169,κυρτοῦται ποταμοῖσι κορυσσόμενος λάβρον ὕδωρ·,κυρτοῦται ποταμοῖσι κορυσσόμενος λάβρον ὕδωρ·,tlg0024.tlg001.perseus-grc2.xml
Cynegetica,tlg001,4,170,οἷον ἐπισμαραγεῖ δρίος ἄσπετον ἠδὲ χαράδραι,οἷον ἐπισμαραγεῖ δρίος ἄσπετον ἠδὲ χαράδραι,tlg0024.tlg001.perseus-grc2.xml
Cynegetica,tlg001,4,171,"βρυχηθμοῖς ὀλοοῖσιν, ἐπιβρέμεται δʼ ὅλος αἰθήρ.","βρυχηθμοῖς ὀλοοῖσιν, ἐπιβρέμεται δ’ ὅλος αἰθήρ.",tlg0024.tlg001.perseus-grc2.xml
Cynegetica,tlg001,4,172,"καί ῥʼ ὁ μὲν αὐτίκʼ ὄρουσε λιλαιόμενος χροὸς ἆσαι,","καί ῥ’ ὁ μὲν αὐτίκ’ ὄρουσε λιλαιόμενος χροὸς ἆσαι,",tlg0024.tlg001.perseus-grc2.xml
Cynegetica,tlg001,4,173,λαίλαπι χειμερίῃ πανομοίϊος· οἱ δὲ μένουσιν,λαίλαπι χειμερίῃ πανομοίϊος· οἱ δὲ μένουσιν,tlg0024.tlg001.perseus-grc2.xml
Cynegetica,tlg001,4,174,ἀστεμφεῖς πυρόεσσαν ἐπαιγίζουσαν ἐνιπήν.,ἀστεμφεῖς πυρόεσσαν ἐπαιγίζουσαν ἐνιπήν.,tlg0024.tlg001.perseus-grc2.xml
Cynegetica,tlg001,4,175,αὐτὰρ ὅ γʼ ἔν τʼ ὀνύχεσσι γένυσσί τε λευγαλέῃσιν,αὐτὰρ ὅ γ’ ἔν τ’ ὀνύχεσσι γένυσσί τε λευγαλέῃσιν,tlg0024.tlg001.perseus-grc2.xml
Cynegetica,tlg001,4,176,ἄσχετος ὅν κεν ἕλῃσιν ἐπαιθύσσων κεραΐζει.,ἄσχετος ὅν κεν ἕλῃσιν ἐπαιθύσσων κεραΐζει.,tlg0024.tlg001.perseus-grc2.xml
Cynegetica,tlg001,4,177,τὸν δ ἕτερος κατόπισθε μεταθρώσκων αἰζηῶν,τὸν δ ἕτερος κατόπισθε μεταθρώσκων αἰζηῶν,tlg0024.tlg001.perseus-grc2.xml
Cynegetica,tlg001,4,178,"κικλήσκει, παταγῶν τε διαπρύσιόν τε γεγωνώς.","κικλήσκει, παταγῶν τε διαπρύσιόν τε γεγωνώς.",tlg0024.tlg001.perseus-grc2.xml
Cynegetica,tlg001,4,179,αἶψα δʼ ἐπιστρεφθεὶς μεγαλήνωρ ἠΰκομος λῖς,αἶψα δ’ ἐπιστρεφθεὶς μεγαλήνωρ ἠΰκομος λῖς,tlg0024.tlg001.perseus-grc2.xml
Cynegetica,tlg001,4,180,ὦρτο λιπὼν ὃν ἔμαρψεν ὑπὸ στόμα· καὶ πάλιν ἄλλος,ὦρτο λιπὼν ὃν ἔμαρψεν ὑπὸ στόμα· καὶ πάλιν ἄλλος,tlg0024.tlg001.perseus-grc2.xml
Cynegetica,tlg001,4,181,δόχμιος ἠϋγένειον ὀρίνει θῆρα κελαινόν·,δόχμιος ἠϋγένειον ὀρίνει θῆρα κελαινόν·,tlg0024.tlg001.perseus-grc2.xml
Cynegetica,tlg001,4,182,ἄλλοι δʼ ἀλλαχόθεν μιν ἐπασσύτεροι κλονέουσι,ἄλλοι δ’ ἀλλαχόθεν μιν ἐπασσύτεροι κλονέουσι,tlg0024.tlg001.perseus-grc2.xml
Cynegetica,tlg001,4,183,"ῥινοῖσιν πίσυνοι σακέεσσί τε καὶ τελαμῶσι,","ῥινοῖσιν πίσυνοι σακέεσσί τε καὶ τελαμῶσι,",tlg0024.tlg001.perseus-grc2.xml
Cynegetica,tlg001,4,184,"τοὺς οὔτε κρατεροὶ γενύων τάμνουσιν ὀδόντες,","τοὺς οὔτε κρατεροὶ γενύων τάμνουσιν ὀδόντες,",tlg0024.tlg001.perseus-grc2.xml
Cynegetica,tlg001,4,185,οὔτε σιδηρείων ὀνύχων πείρουσιν ἀκωκαί.,οὔτε σιδηρείων ὀνύχων πείρουσιν ἀκωκαί.,tlg0024.tlg001.perseus-grc2.xml
Cynegetica,tlg001,4,186,"αὐτὰρ ὁ μαψίδιον φθινύθει πόνον, ἄκριτα θύων,","αὐτὰρ ὁ μαψίδιον φθινύθει πόνον, ἄκριτα θύων,",tlg0024.tlg001.perseus-grc2.xml
Cynegetica,tlg001,4,187,"τὸν μὲν καλλείπων, τὸν δʼ αἰρόμενος χθονὸς αἶψα","τὸν μὲν καλλείπων, τὸν δ’ αἰρόμενος χθονὸς αἶψα",tlg0024.tlg001.perseus-grc2.xml
Cynegetica,tlg001,4,188,"αὖ ἐρύων, τῷ δʼ αὖτις ἀάσχετος ἰθὺς ὀρούων.","αὖ ἐρύων, τῷ δ’ αὖτις ἀάσχετος ἰθὺς ὀρούων.",tlg0024.tlg001.perseus-grc2.xml
Cynegetica,tlg001,4,189,ὡς δʼ ὁπότʼ ἐν πολέμοισιν ἀρήϊον ἄνδρα κραταιὸν,ὡς δ’ ὁπότ’ ἐν πολέμοισιν ἀρήϊον ἄνδρα κραταιὸν,tlg0024.tlg001.perseus-grc2.xml
Cynegetica,tlg001,4,190,"δήϊος ἀμφιβάλῃ στεφάνη μαλεροῖο μόθοιο,","δήϊος ἀμφιβάλῃ στεφάνη μαλεροῖο μόθοιο,",tlg0024.tlg001.perseus-grc2.xml
Cynegetica,tlg001,4,191,αὐτὰρ ὅ γε πνείων μένος Ἄρεος ἔνθα καὶ ἔνθα,αὐτὰρ ὅ γε πνείων μένος Ἄρεος ἔνθα καὶ ἔνθα,tlg0024.tlg001.perseus-grc2.xml
Cynegetica,tlg001,4,192,"ἀΐσσει, παλάμῃ κραδάων πεφονωμένον ἔγχος,","ἀΐσσει, παλάμῃ κραδάων πεφονωμένον ἔγχος,",tlg0024.tlg001.perseus-grc2.xml
Cynegetica,tlg001,4,193,"ὀψὲ δέ μιν δάμνησιν ἐνυάλιος λόχος ἀνδρῶν,","ὀψὲ δέ μιν δάμνησιν ἐνυάλιος λόχος ἀνδρῶν,",tlg0024.tlg001.perseus-grc2.xml
Cynegetica,tlg001,4,194,"πάντες ὁμοῦ βρίσαντες· ὁ δʼ ὀκλάζει κατὰ γαίης,","πάντες ὁμοῦ βρίσαντες· ὁ δ’ ὀκλάζει κατὰ γαίης,",tlg0024.tlg001.perseus-grc2.xml
Cynegetica,tlg001,4,195,βαλλόμενος πυκινῇσι τανυρροίζοισιν ἀκωκαῖς·,βαλλόμενος πυκινῇσι τανυρροίζοισιν ἀκωκαῖς·,tlg0024.tlg001.perseus-grc2.xml
Cynegetica,tlg001,4,196,ὣς ὅ γʼ ἀνηνύστοισιν ἀπειπάμενος καμάτοισιν,ὣς ὅ γ’ ἀνηνύστοισιν ἀπειπάμενος καμάτοισιν,tlg0024.tlg001.perseus-grc2.xml
Cynegetica,tlg001,4,197,ὀψὲ βροτοῖσιν ἔδωκε βραβήϊα πάντα μόθοιο·,ὀψὲ βροτοῖσιν ἔδωκε βραβήϊα πάντα μόθοιο·,tlg0024.tlg001.perseus-grc2.xml
Cynegetica,tlg001,4,198,ἀφρὸν ἀποσταλάει δὲ ποτὶ σχερὸν αἱματόεντα·,ἀφρὸν ἀποσταλάει δὲ ποτὶ σχερὸν αἱματόεντα·,tlg0024.tlg001.perseus-grc2.xml
Cynegetica,tlg001,4,199,εἴκελος αἰδομένῳ δἐ ποτὶ χθόνα κανθὸν ἐρείδει.,εἴκελος αἰδομένῳ δἐ ποτὶ χθόνα κανθὸν ἐρείδει.,tlg0024.tlg001.perseus-grc2.xml
Cynegetica,tlg001,4,200,ὡς δὲ βροτὸς πολλοῖσιν ἐρεψάμενος κοτίνοισι,ὡς δὲ βροτὸς πολλοῖσιν ἐρεψάμενος κοτίνοισι,tlg0024.tlg001.perseus-grc2.xml
Cynegetica,tlg001,4,201,"πυγμαχίης ἐν ἀγῶσιν, ὑπʼ ἀνέρος ἀλκήεντος","πυγμαχίης ἐν ἀγῶσιν, ὑπ’ ἀνέρος ἀλκήεντος",tlg0024.tlg001.perseus-grc2.xml
Cynegetica,tlg001,4,202,"ἄντην ἀσσυτέρῃσιν ὐπʼ ὠτειλῇσι δαμασθείς,","ἄντην ἀσσυτέρῃσιν ὐπ’ ὠτειλῇσι δαμασθείς,",tlg0024.tlg001.perseus-grc2.xml
Cynegetica,tlg001,4,203,"ἔστη μὲν πρώτιστα λελουμένος αἵματι λάβρῳ,","ἔστη μὲν πρώτιστα λελουμένος αἵματι λάβρῳ,",tlg0024.tlg001.perseus-grc2.xml
Cynegetica,tlg001,4,204,"οἷα μεθυσφαλέων, ἑτεροκλινέων τε κάρηνον·","οἷα μεθυσφαλέων, ἑτεροκλινέων τε κάρηνον·",tlg0024.tlg001.perseus-grc2.xml
Cynegetica,tlg001,4,205,αὐτὰρ ἔπειτʼ ἐπὶ γαῖαν ὑποκλαδὸν ἐξετανύσθη·,αὐτὰρ ἔπειτ’ ἐπὶ γαῖαν ὑποκλαδὸν ἐξετανύσθη·,tlg0024.tlg001.perseus-grc2.xml
Cynegetica,tlg001,4,206,ὣς ὅ γʼ ἐπὶ ψαμάθου κεκαφηότα γυῖα τάνυσσεν.,ὣς ὅ γ’ ἐπὶ ψαμάθου κεκαφηότα γυῖα τάνυσσεν.,tlg0024.tlg001.perseus-grc2.xml
Cynegetica,tlg001,4,207,"οἱ δὲ τότʼ ἐγκονέουσι πολὺ πλέον, αἶψα δʼ ὕπερθε","οἱ δὲ τότ’ ἐγκονέουσι πολὺ πλέον, αἶψα δ’ ὕπερθε",tlg0024.tlg001.perseus-grc2.xml
Cynegetica,tlg001,4,208,πάντες ἐρεισάμενοι κρατεροῖσι δέουσʼ ὑπὸ δεσμοῖς,πάντες ἐρεισάμενοι κρατεροῖσι δέουσ’ ὑπὸ δεσμοῖς,tlg0024.tlg001.perseus-grc2.xml
Cynegetica,tlg001,4,209,"οὐδὲν ἀλευόμενον, μάλα δʼ ἤρεμον ἀτρεμέοντα.","οὐδὲν ἀλευόμενον, μάλα δ’ ἤρεμον ἀτρεμέοντα.",tlg0024.tlg001.perseus-grc2.xml
Cynegetica,tlg001,4,210,"ὦ μέγα τολμήεντες, ὅσον χάδον, ὅσσον ἔρεξαν,","ὦ μέγα τολμήεντες, ὅσον χάδον, ὅσσον ἔρεξαν,",tlg0024.tlg001.perseus-grc2.xml
Cynegetica,tlg001,4,211,αἰνόν κεῖνο πέλωρον ἅτε κτίλον ἀείρουσιν.,αἰνόν κεῖνο πέλωρον ἅτε κτίλον ἀείρουσιν.,tlg0024.tlg001.perseus-grc2.xml
Cynegetica,tlg001,4,212,ἔκλυον ὡς βόθροισιν ὁμοίοισίν τε δόλοισι,ἔκλυον ὡς βόθροισιν ὁμοίοισίν τε δόλοισι,tlg0024.tlg001.perseus-grc2.xml
Cynegetica,tlg001,4,213,"θήρασσαν καὶ θῶας ἀναιδέας, ἠδὲ γένεθλα","θήρασσαν καὶ θῶας ἀναιδέας, ἠδὲ γένεθλα",tlg0024.tlg001.perseus-grc2.xml
Cynegetica,tlg001,4,214,"πορδαλίων ἀπάτησαν, ἀτὰρ πολὺ μείοσι βόθροις·","πορδαλίων ἀπάτησαν, ἀτὰρ πολὺ μείοσι βόθροις·",tlg0024.tlg001.perseus-grc2.xml
Cynegetica,tlg001,4,215,"κίονα δʼ οὐχὶ λίθοιο, δρυὸς δʼ ἐτάμοντο κεραίην·","κίονα δ’ οὐχὶ λίθοιο, δρυὸς δ’ ἐτάμοντο κεραίην·",tlg0024.tlg001.perseus-grc2.xml
Cynegetica,tlg001,4,216,"οὐδὲ μὲν ὑψικρεμῆ χιμάρου γόνον ᾐώρησαν,","οὐδὲ μὲν ὑψικρεμῆ χιμάρου γόνον ᾐώρησαν,",tlg0024.tlg001.perseus-grc2.xml
Cynegetica,tlg001,4,217,ἀλλὰ κυνός· τοῦ δʼ αὖτʼ ἀπὸ μήδεα δῆσαν ἱμάσθλαις,ἀλλὰ κυνός· τοῦ δ’ αὖτ’ ἀπὸ μήδεα δῆσαν ἱμάσθλαις,tlg0024.tlg001.perseus-grc2.xml
Cynegetica,tlg001,4,218,λεπταλέαις· ὁ δʼ ἄρʼ ὦκα περισπερχὴς ὀδύνῃσιν,λεπταλέαις· ὁ δ’ ἄρ’ ὦκα περισπερχὴς ὀδύνῃσιν,tlg0024.tlg001.perseus-grc2.xml
Cynegetica,tlg001,4,219,ὠρυθμοῖς ὑλάει καὶ πορδαλίεσσιν ἀϋτεῖ·,ὠρυθμοῖς ὑλάει καὶ πορδαλίεσσιν ἀϋτεῖ·,tlg0024.tlg001.perseus-grc2.xml
Cynegetica,tlg001,4,220,"ἡ δὲ μάλʼ ἰάνθη, διά τε δρίος ἰθὺς ὀρούει.","ἡ δὲ μάλ’ ἰάνθη, διά τε δρίος ἰθὺς ὀρούει.",tlg0024.tlg001.perseus-grc2.xml
Cynegetica,tlg001,4,221,"ὡς δʼ ὁπότʼ ἰχθυβόλοι κύρτου δόλον ἐστήσαντο,","ὡς δ’ ὁπότ’ ἰχθυβόλοι κύρτου δόλον ἐστήσαντο,",tlg0024.tlg001.perseus-grc2.xml
Cynegetica,tlg001,4,222,"πλεξάμενοι σπάρτῳ Σαλαμινίδι, καὶ λαγόνεσσι","πλεξάμενοι σπάρτῳ Σαλαμινίδι, καὶ λαγόνεσσι",tlg0024.tlg001.perseus-grc2.xml
Cynegetica,tlg001,4,223,πούλυπον ἢ κεστρῆα πυρὶ φλεγέθοντες ἔθεντο·,πούλυπον ἢ κεστρῆα πυρὶ φλεγέθοντες ἔθεντο·,tlg0024.tlg001.perseus-grc2.xml
Cynegetica,tlg001,4,224,"ὀδμὴ δʼ ἐς πλαταμῶνας ἀφίκετο, καὶ ποτὶ κύρτον","ὀδμὴ δ’ ἐς πλαταμῶνας ἀφίκετο, καὶ ποτὶ κύρτον",tlg0024.tlg001.perseus-grc2.xml
Cynegetica,tlg001,4,225,"ἔλλοπας αὐτομόλους εἰσήγαγεν, οὐδὲ δύνανται","ἔλλοπας αὐτομόλους εἰσήγαγεν, οὐδὲ δύνανται",tlg0024.tlg001.perseus-grc2.xml
Cynegetica,tlg001,4,226,"αὖτις ὑπεκδῦναι, δεινοῦ δʼ ἤντησαν ὀλέθρου·","αὖτις ὑπεκδῦναι, δεινοῦ δ’ ἤντησαν ὀλέθρου·",tlg0024.tlg001.perseus-grc2.xml
Cynegetica,tlg001,4,227,"ὣς κείνη, σκυλακῆος ἀπόπροθεν εἰσαΐουσα,","ὣς κείνη, σκυλακῆος ἀπόπροθεν εἰσαΐουσα,",tlg0024.tlg001.perseus-grc2.xml
Cynegetica,tlg001,4,228,"ἔδραμε καὶ θόρεν, οὔτινʼ ὀϊσσαμένη δόλον εἶναι,","ἔδραμε καὶ θόρεν, οὔτιν’ ὀϊσσαμένη δόλον εἶναι,",tlg0024.tlg001.perseus-grc2.xml
Cynegetica,tlg001,4,229,γαστέρι πειθομένη δὲ μυχοὺς ἐπέλασσε βερέθρου.,γαστέρι πειθομένη δὲ μυχοὺς ἐπέλασσε βερέθρου.,tlg0024.tlg001.perseus-grc2.xml
Cynegetica,tlg001,4,230,"Πορδάλιας καὶ δῶρα Διωνύσοιο δάμασσαν,","Πορδάλιας καὶ δῶρα Διωνύσοιο δάμασσαν,",tlg0024.tlg001.perseus-grc2.xml
Cynegetica,tlg001,4,231,"θηροφόνων δολερῶν δολερὴν πόσιν οἰνοχοεύντων,","θηροφόνων δολερῶν δολερὴν πόσιν οἰνοχοεύντων,",tlg0024.tlg001.perseus-grc2.xml
Cynegetica,tlg001,4,232,οὐδὲν ἀλευομένων ζαθέοιο κότον Διονύσου.,οὐδὲν ἀλευομένων ζαθέοιο κότον Διονύσου.,tlg0024.tlg001.perseus-grc2.xml
Cynegetica,tlg001,4,233,"πορδάλιες νῦν μὲν θηρῶν γένος, ἀλλὰ πάροιθεν","πορδάλιες νῦν μὲν θηρῶν γένος, ἀλλὰ πάροιθεν",tlg0024.tlg001.perseus-grc2.xml
Cynegetica,tlg001,4,234,"οὐ θῆρες βλοσυραί, χαροπαὶ δʼ ἐπέλοντο γυναῖκες,","οὐ θῆρες βλοσυραί, χαροπαὶ δ’ ἐπέλοντο γυναῖκες,",tlg0024.tlg001.perseus-grc2.xml
Cynegetica,tlg001,4,235,"οἰνάδες, ὠσχοφόροι, τριετηρίδες, ἀνθοκάρηνοι,","οἰνάδες, ὠσχοφόροι, τριετηρίδες, ἀνθοκάρηνοι,",tlg0024.tlg001.perseus-grc2.xml
Cynegetica,tlg001,4,236,Βάκχου φοιταλιῆος ἐγερσιχόροιο τιθῆναι.,Βάκχου φοιταλιῆος ἐγερσιχόροιο τιθῆναι.,tlg0024.tlg001.perseus-grc2.xml
Cynegetica,tlg001,4,237,"νηπίαχον γὰρ Βακχον Ἀγηνορὶς ἔτραφεν Ἰνώ,","νηπίαχον γὰρ Βακχον Ἀγηνορὶς ἔτραφεν Ἰνώ,",tlg0024.tlg001.perseus-grc2.xml
Cynegetica,tlg001,4,238,μαζὸν ὀρεξαμένη πρωτόρρυτον υἱέϊ Ζηνός·,μαζὸν ὀρεξαμένη πρωτόρρυτον υἱέϊ Ζηνός·,tlg0024.tlg001.perseus-grc2.xml
Cynegetica,tlg001,4,239,σὺν δʼ ἄρʼ ὁμῶς ἀτίτηλε καὶ Αὐτονόη καὶ Ἀγαύη·,σὺν δ’ ἄρ’ ὁμῶς ἀτίτηλε καὶ Αὐτονόη καὶ Ἀγαύη·,tlg0024.tlg001.perseus-grc2.xml
Cynegetica,tlg001,4,240,"ἀλλʼ οὐκ εἰν Ἀθάμαντος ἀταρτηροῖσι δόμοισιν,","ἀλλ’ οὐκ εἰν Ἀθάμαντος ἀταρτηροῖσι δόμοισιν,",tlg0024.tlg001.perseus-grc2.xml
Cynegetica,tlg001,4,241,οὔρεϊ δʼ ὃν τότε Μηρὸν ἐπικλήδην καλέεσκον.,οὔρεϊ δ’ ὃν τότε Μηρὸν ἐπικλήδην καλέεσκον.,tlg0024.tlg001.perseus-grc2.xml
Cynegetica,tlg001,4,242,Ζηνὸς γὰρ μεγάλην ἄλοχον μέγα δειμαίνουσαι,Ζηνὸς γὰρ μεγάλην ἄλοχον μέγα δειμαίνουσαι,tlg0024.tlg001.perseus-grc2.xml
Cynegetica,tlg001,4,243,καὶ Πενθῆα τύραννον Ἐχιονίδην τρομέουσαι,καὶ Πενθῆα τύραννον Ἐχιονίδην τρομέουσαι,tlg0024.tlg001.perseus-grc2.xml
Cynegetica,tlg001,4,244,"εἰλατίνῃ χηλῷ δῖον γένος ἐγκατέθεντο,","εἰλατίνῃ χηλῷ δῖον γένος ἐγκατέθεντο,",tlg0024.tlg001.perseus-grc2.xml
Cynegetica,tlg001,4,245,νεβρίσι δʼ ἀμφεβάλοντο καὶ ἐστέψαντο κορύμβοις,νεβρίσι δ’ ἀμφεβάλοντο καὶ ἐστέψαντο κορύμβοις,tlg0024.tlg001.perseus-grc2.xml
Cynegetica,tlg001,4,246,"ἐν σπέϊ, καὶ περὶ παῖδα τὸ μυστικὸν ὠρχήσαντο·","ἐν σπέϊ, καὶ περὶ παῖδα τὸ μυστικὸν ὠρχήσαντο·",tlg0024.tlg001.perseus-grc2.xml
Cynegetica,tlg001,4,247,"τύμπανα δʼ ἐκτύπεον καὶ κύμβαλα χερσὶ κρόταινον,","τύμπανα δ’ ἐκτύπεον καὶ κύμβαλα χερσὶ κρόταινον,",tlg0024.tlg001.perseus-grc2.xml
Cynegetica,tlg001,4,248,παιδὸς κλαυθμυρισμῶν προκαλύμματα· πρῶτα δʼ ἔφαινον,παιδὸς κλαυθμυρισμῶν προκαλύμματα· πρῶτα δ’ ἔφαινον,tlg0024.tlg001.perseus-grc2.xml
Cynegetica,tlg001,4,249,ὄργια κευθομένῃ περὶ λάρνακι· σὺν δʼ ἄρα τῇσιν,ὄργια κευθομένῃ περὶ λάρνακι· σὺν δ’ ἄρα τῇσιν,tlg0024.tlg001.perseus-grc2.xml
Cynegetica,tlg001,4,250,Ἀόνιαι λάθρη τελετῶν ἅπτοντο γυναῖκες·,Ἀόνιαι λάθρη τελετῶν ἅπτοντο γυναῖκες·,tlg0024.tlg001.perseus-grc2.xml
Cynegetica,tlg001,4,251,ἐκ δʼ ὄρεος πιστῇσιν ἀγερμοσύνην ἑτάρῃσιν,ἐκ δ’ ὄρεος πιστῇσιν ἀγερμοσύνην ἑτάρῃσιν,tlg0024.tlg001.perseus-grc2.xml
Cynegetica,tlg001,4,252,ἔντυον ἰθῦσαι Βοιωτίδος ἔκτοθε γαίης·,ἔντυον ἰθῦσαι Βοιωτίδος ἔκτοθε γαίης·,tlg0024.tlg001.perseus-grc2.xml
Cynegetica,tlg001,4,253,"μέλλε γὰρ ἤδη, μέλλεν ἀνήμερος ἡ πρὶν ἐοῦσα","μέλλε γὰρ ἤδη, μέλλεν ἀνήμερος ἡ πρὶν ἐοῦσα",tlg0024.tlg001.perseus-grc2.xml
Cynegetica,tlg001,4,254,γαῖα φυτηκομέειν ὑπὸ λυσιπόνῳ Διονύσῳ.,γαῖα φυτηκομέειν ὑπὸ λυσιπόνῳ Διονύσῳ.,tlg0024.tlg001.perseus-grc2.xml
Cynegetica,tlg001,4,255,χηλὸν δʼ ἀρρήτην ἱερὸς χορὸς ἀείρασαι,χηλὸν δ’ ἀρρήτην ἱερὸς χορὸς ἀείρασαι,tlg0024.tlg001.perseus-grc2.xml
Cynegetica,tlg001,4,256,στεψάμεναι νώτοιστν ἐπεστήριξαν ὄνοιο·,στεψάμεναι νώτοιστν ἐπεστήριξαν ὄνοιο·,tlg0024.tlg001.perseus-grc2.xml
Cynegetica,tlg001,4,257,"Εὐρίπου δʼ ἵκανον ἐπʼ ᾐόνας, ἔνθα κίχανον","Εὐρίπου δ’ ἵκανον ἐπ’ ᾐόνας, ἔνθα κίχανον",tlg0024.tlg001.perseus-grc2.xml
Cynegetica,tlg001,4,258,πρέσβυν ὁμοῦ τεκέεσσιν ἁλίπλανον· ἀμφὶ δὲ πᾶσαι,πρέσβυν ὁμοῦ τεκέεσσιν ἁλίπλανον· ἀμφὶ δὲ πᾶσαι,tlg0024.tlg001.perseus-grc2.xml
Cynegetica,tlg001,4,259,γριφέας ἐλλίσσοντο βυθοὺς ἀκάτοισι περῆσαι·,γριφέας ἐλλίσσοντο βυθοὺς ἀκάτοισι περῆσαι·,tlg0024.tlg001.perseus-grc2.xml
Cynegetica,tlg001,4,260,αὐτὰρ ὅ γʼ αἰδεσθεὶς ἱεράς ὑπέδεκτο γυναῖκας.,αὐτὰρ ὅ γ’ αἰδεσθεὶς ἱεράς ὑπέδεκτο γυναῖκας.,tlg0024.tlg001.perseus-grc2.xml
Cynegetica,tlg001,4,261,"καὶ δή οἱ χλοερὴ μὲν ἐπήνθεε σέλμασι μῖλαξ,","καὶ δή οἱ χλοερὴ μὲν ἐπήνθεε σέλμασι μῖλαξ,",tlg0024.tlg001.perseus-grc2.xml
Cynegetica,tlg001,4,262,πρύμνην δʼ ὡραίη ἕλινος καὶ κισσὸς ἔρεπτον·,πρύμνην δ’ ὡραίη ἕλινος καὶ κισσὸς ἔρεπτον·,tlg0024.tlg001.perseus-grc2.xml
Cynegetica,tlg001,4,263,καί κεν ὑπὲρ πόντοιο κυβίστεον ἀσπαλιῆες,καί κεν ὑπὲρ πόντοιο κυβίστεον ἀσπαλιῆες,tlg0024.tlg001.perseus-grc2.xml
Cynegetica,tlg001,4,264,"δείματι δαιμονίῳ πεπτηότες, ἀλλὰ πάροιθεν","δείματι δαιμονίῳ πεπτηότες, ἀλλὰ πάροιθεν",tlg0024.tlg001.perseus-grc2.xml
Cynegetica,tlg001,4,265,ἐς γαῖαν δόρυ κέλσε· πρὸς Εὐβοίην δὲ γυναῖκες,ἐς γαῖαν δόρυ κέλσε· πρὸς Εὐβοίην δὲ γυναῖκες,tlg0024.tlg001.perseus-grc2.xml
Cynegetica,tlg001,4,266,"ἠδʼ ἐπʼ Ἀρισταίοιο θεὸν κατάγοντο φέρουσαι,","ἠδ’ ἐπ’ Ἀρισταίοιο θεὸν κατάγοντο φέρουσαι,",tlg0024.tlg001.perseus-grc2.xml
Cynegetica,tlg001,4,267,"ὅσθʼ ὕπατον μὲν ἔναιεν ὄρος Καρύῃσιν ὑπʼ ἄντρῳ,","ὅσθ’ ὕπατον μὲν ἔναιεν ὄρος Καρύῃσιν ὑπ’ ἄντρῳ,",tlg0024.tlg001.perseus-grc2.xml
Cynegetica,tlg001,4,268,μυρία δʼ ἄγραυλον βιοτὴν ἐδιδάξατο φωτῶν·,μυρία δ’ ἄγραυλον βιοτὴν ἐδιδάξατο φωτῶν·,tlg0024.tlg001.perseus-grc2.xml
Cynegetica,tlg001,4,269,"πρῶτος ποιμένιον ἱδρύσατο, πρῶτος ἐκεῖνος","πρῶτος ποιμένιον ἱδρύσατο, πρῶτος ἐκεῖνος",tlg0024.tlg001.perseus-grc2.xml
Cynegetica,tlg001,4,270,"καρποὺς ἀγριάδος λιπαρῆς ἔθλιψεν ἐλαίης,","καρποὺς ἀγριάδος λιπαρῆς ἔθλιψεν ἐλαίης,",tlg0024.tlg001.perseus-grc2.xml
Cynegetica,tlg001,4,271,"καὶ ταμίσῳ πρῶτος γάλα πήξατο, καὶ ποτὶ σίμβλους","καὶ ταμίσῳ πρῶτος γάλα πήξατο, καὶ ποτὶ σίμβλους",tlg0024.tlg001.perseus-grc2.xml
Cynegetica,tlg001,4,272,ἐκ δρυὸς ἀείρας ἀγανὰς ἐνέκλεισε μελίσσας.,ἐκ δρυὸς ἀείρας ἀγανὰς ἐνέκλεισε μελίσσας.,tlg0024.tlg001.perseus-grc2.xml
Cynegetica,tlg001,4,273,ὃς τότε καὶ Διόνυσον ἑῷ νεογιλὸν ὑπʼ ἄντρῳ,ὃς τότε καὶ Διόνυσον ἑῷ νεογιλὸν ὑπ’ ἄντρῳ,tlg0024.tlg001.perseus-grc2.xml
Cynegetica,tlg001,4,274,"Ἰνώης ἔθρεψε δεδεγμένος ἐκ χηλοῖο,","Ἰνώης ἔθρεψε δεδεγμένος ἐκ χηλοῖο,",tlg0024.tlg001.perseus-grc2.xml
Cynegetica,tlg001,4,275,σὺν Δρυάσιν δʼ ἀτίτηλε μελισσοκόμοισί τε Νύμφαις,σὺν Δρυάσιν δ’ ἀτίτηλε μελισσοκόμοισί τε Νύμφαις,tlg0024.tlg001.perseus-grc2.xml
Cynegetica,tlg001,4,276,Εὐβοΐσιν τε κόρῃσι καὶ Ἀονίῃσι γυναιξίν.,Εὐβοΐσιν τε κόρῃσι καὶ Ἀονίῃσι γυναιξίν.,tlg0024.tlg001.perseus-grc2.xml
Cynegetica,tlg001,4,277,ἤδη κουρίζων δʼ ἑτέραις μετὰ παισὶν ἄθυρε·,ἤδη κουρίζων δ’ ἑτέραις μετὰ παισὶν ἄθυρε·,tlg0024.tlg001.perseus-grc2.xml
Cynegetica,tlg001,4,278,"νάρθηκα προταμὼν στυφελὰς οὐτάζετο πέτρας,","νάρθηκα προταμὼν στυφελὰς οὐτάζετο πέτρας,",tlg0024.tlg001.perseus-grc2.xml
Cynegetica,tlg001,4,279,αἱ δὲ θεῷ μέθυ λάρον ἀνέβλυσαν ὠτειλάων.,αἱ δὲ θεῷ μέθυ λάρον ἀνέβλυσαν ὠτειλάων.,tlg0024.tlg001.perseus-grc2.xml
Cynegetica,tlg001,4,280,ἄλλοτε δʼ ἀρνειοὺς αὐτῇς ἐδάϊξε δορῇσι,ἄλλοτε δ’ ἀρνειοὺς αὐτῇς ἐδάϊξε δορῇσι,tlg0024.tlg001.perseus-grc2.xml
Cynegetica,tlg001,4,281,"καὶ μελεϊστὶ τάμεν νέκυας δʼ ἔρριψεν ἔραζε,","καὶ μελεϊστὶ τάμεν νέκυας δ’ ἔρριψεν ἔραζε,",tlg0024.tlg001.perseus-grc2.xml
Cynegetica,tlg001,4,282,"αὖτις δʼ ἅψεα χερσὶν ἐϋσταλέως συνέβαλλεν,","αὖτις δ’ ἅψεα χερσὶν ἐϋσταλέως συνέβαλλεν,",tlg0024.tlg001.perseus-grc2.xml
Cynegetica,tlg001,4,283,οἱ δʼ ἄφαρ ἔζωον χλοεροῦ θʼ ἅπτοντο νομοῖο.,οἱ δ’ ἄφαρ ἔζωον χλοεροῦ θ’ ἅπτοντο νομοῖο.,tlg0024.tlg001.perseus-grc2.xml
Cynegetica,tlg001,4,284,ἤδη καὶ θιάσοισιν ἐμέμβλετο καὶ κατὰ πᾶσαν,ἤδη καὶ θιάσοισιν ἐμέμβλετο καὶ κατὰ πᾶσαν,tlg0024.tlg001.perseus-grc2.xml
Cynegetica,tlg001,4,285,γαῖαν ἐκίδνατο δῶρα Θυωναίου Διονύσου.,γαῖαν ἐκίδνατο δῶρα Θυωναίου Διονύσου.,tlg0024.tlg001.perseus-grc2.xml
Cynegetica,tlg001,4,286,πάντῃ δὲ θνητοῖς ἀρετὴν πωλέσκετο φαίνων·,πάντῃ δὲ θνητοῖς ἀρετὴν πωλέσκετο φαίνων·,tlg0024.tlg001.perseus-grc2.xml
Cynegetica,tlg001,4,287,ὀψὲ δὲ καὶ Θήβης ἐπεβήσατο καὶ πυρίπαιδι,ὀψὲ δὲ καὶ Θήβης ἐπεβήσατο καὶ πυρίπαιδι,tlg0024.tlg001.perseus-grc2.xml
Cynegetica,tlg001,4,288,πᾶσαι ὑπηντίασαν Καδμηΐδες· αὐτὰρ ὁ μάργος,πᾶσαι ὑπηντίασαν Καδμηΐδες· αὐτὰρ ὁ μάργος,tlg0024.tlg001.perseus-grc2.xml
Cynegetica,tlg001,4,289,"Πενθεὺς οὐχὶ δετὰς παλάμας ἔδεεν Διονύσου,","Πενθεὺς οὐχὶ δετὰς παλάμας ἔδεεν Διονύσου,",tlg0024.tlg001.perseus-grc2.xml
Cynegetica,tlg001,4,290,"καὶ θεὸν αὐτοφόνοισιν ἀπείλεε χερσὶ δαΐξαι,","καὶ θεὸν αὐτοφόνοισιν ἀπείλεε χερσὶ δαΐξαι,",tlg0024.tlg001.perseus-grc2.xml
Cynegetica,tlg001,4,291,"οὐ Τυρίου Κάδμοιο καταιδόμενος τρίχα λευκήν,","οὐ Τυρίου Κάδμοιο καταιδόμενος τρίχα λευκήν,",tlg0024.tlg001.perseus-grc2.xml
Cynegetica,tlg001,4,292,οὐδὲ κυλινδομένην οἷσι πρὸ πόδεσσιν Ἀγαύην·,οὐδὲ κυλινδομένην οἷσι πρὸ πόδεσσιν Ἀγαύην·,tlg0024.tlg001.perseus-grc2.xml
Cynegetica,tlg001,4,293,"σύρειν δʼ αἰνομόροισιν ἐβώστρεεν οἷς ἑτάροισι,","σύρειν δ’ αἰνομόροισιν ἐβώστρεεν οἷς ἑτάροισι,",tlg0024.tlg001.perseus-grc2.xml
Cynegetica,tlg001,4,294,"σύρειν τε κλείειν τε, χορόν τʼ ἐλάασκε γυναικῶν.","σύρειν τε κλείειν τε, χορόν τ’ ἐλάασκε γυναικῶν.",tlg0024.tlg001.perseus-grc2.xml
Cynegetica,tlg001,4,295,οἱ μέν νυν Βρόμιον Πενθηϊάδαι φυλακῆες,οἱ μέν νυν Βρόμιον Πενθηϊάδαι φυλακῆες,tlg0024.tlg001.perseus-grc2.xml
Cynegetica,tlg001,4,296,δεσμοῖσιν δοκέοντο σιδηρείοισιν ἄγεσθαι,δεσμοῖσιν δοκέοντο σιδηρείοισιν ἄγεσθαι,tlg0024.tlg001.perseus-grc2.xml
Cynegetica,tlg001,4,297,ἄλλοι Καδμεῖοί τε· θεοῦ δʼ οὐχ ἅπτετο δεσμά·,ἄλλοι Καδμεῖοί τε· θεοῦ δ’ οὐχ ἅπτετο δεσμά·,tlg0024.tlg001.perseus-grc2.xml
Cynegetica,tlg001,4,298,"παχνώθη δὲ κέαρ θιασώτισι, πάντα δʼ ἔραζε","παχνώθη δὲ κέαρ θιασώτισι, πάντα δ’ ἔραζε",tlg0024.tlg001.perseus-grc2.xml
Cynegetica,tlg001,4,299,ῥῖψαν ἀπὸ κροτάφων στεφανώματα θύσθλα τε χειρῶν·,ῥῖψαν ἀπὸ κροτάφων στεφανώματα θύσθλα τε χειρῶν·,tlg0024.tlg001.perseus-grc2.xml
Cynegetica,tlg001,4,300,πάσαις δʼ ἐστάλαον Βρομιώτισι δάκρυ παρειαί·,πάσαις δ’ ἐστάλαον Βρομιώτισι δάκρυ παρειαί·,tlg0024.tlg001.perseus-grc2.xml
Cynegetica,tlg001,4,301,"αἶψα δʼ ἀνηΰτησαν· ἰὼ μάκαρ, ὦ Διόνυσε,","αἶψα δ’ ἀνηΰτησαν· ἰὼ μάκαρ, ὦ Διόνυσε,",tlg0024.tlg001.perseus-grc2.xml
Cynegetica,tlg001,4,302,"ἅπτε σέλας φλογερὸν πατρώϊον, ἂν δʼ ἐλέλιξον","ἅπτε σέλας φλογερὸν πατρώϊον, ἂν δ’ ἐλέλιξον",tlg0024.tlg001.perseus-grc2.xml
Cynegetica,tlg001,4,303,"γαῖαν, ἀταρτηροῦ δʼ ὄπασον τίσιν ὦκα τυράννου·","γαῖαν, ἀταρτηροῦ δ’ ὄπασον τίσιν ὦκα τυράννου·",tlg0024.tlg001.perseus-grc2.xml
Cynegetica,tlg001,4,304,"θὲς δὲ παρὰ σκοπιῇσι, πυρίσπορε, Πενθέα ταῦρον,","θὲς δὲ παρὰ σκοπιῇσι, πυρίσπορε, Πενθέα ταῦρον,",tlg0024.tlg001.perseus-grc2.xml
Cynegetica,tlg001,4,305,"ταῦρον μὲν Πενθῆα δυσώνυμον, ἄμμε δὲ θῆρας","ταῦρον μὲν Πενθῆα δυσώνυμον, ἄμμε δὲ θῆρας",tlg0024.tlg001.perseus-grc2.xml
Cynegetica,tlg001,4,306,"ὠμοβόρους, ὀλοοῖσι κορυσσομένας ὀνύχεσσιν,","ὠμοβόρους, ὀλοοῖσι κορυσσομένας ὀνύχεσσιν,",tlg0024.tlg001.perseus-grc2.xml
Cynegetica,tlg001,4,307,"ὄφρα μιν, ὦ Διόνυσε, διὰ στόμα δαιτρεύσωμεν.","ὄφρα μιν, ὦ Διόνυσε, διὰ στόμα δαιτρεύσωμεν.",tlg0024.tlg001.perseus-grc2.xml
Cynegetica,tlg001,4,308,ὣς φάσαν εὐχόμεναι· τάχα δʼ ἔκλυε Νύσιος ἀρῆς.,ὣς φάσαν εὐχόμεναι· τάχα δ’ ἔκλυε Νύσιος ἀρῆς.,tlg0024.tlg001.perseus-grc2.xml
Cynegetica,tlg001,4,309,"Πενθέα μὲν δὴ ταῦρον ἐδείξατο φοίνιον ὄμμα,","Πενθέα μὲν δὴ ταῦρον ἐδείξατο φοίνιον ὄμμα,",tlg0024.tlg001.perseus-grc2.xml
Cynegetica,tlg001,4,310,"αὐχένα τʼ ᾐώρησε, κέρας τʼ ἀνέτειλε μετώπου·","αὐχένα τ’ ᾐώρησε, κέρας τ’ ἀνέτειλε μετώπου·",tlg0024.tlg001.perseus-grc2.xml
Cynegetica,tlg001,4,311,"ταῖσι δὲ γλαυκιόωσαν ἐθήκατο θηρὸς ὀπωπήν,","ταῖσι δὲ γλαυκιόωσαν ἐθήκατο θηρὸς ὀπωπήν,",tlg0024.tlg001.perseus-grc2.xml
Cynegetica,tlg001,4,312,"καὶ γένυας θώρηξε, κατέγραψεν δʼ ἐπὶ νώτου","καὶ γένυας θώρηξε, κατέγραψεν δ’ ἐπὶ νώτου",tlg0024.tlg001.perseus-grc2.xml
Cynegetica,tlg001,4,313,"ῥινὸν ὅπως νεβροῖσι, καὶ ἄγρια θήκατο φῦλα.","ῥινὸν ὅπως νεβροῖσι, καὶ ἄγρια θήκατο φῦλα.",tlg0024.tlg001.perseus-grc2.xml
Cynegetica,tlg001,4,314,αἱ δὲ θεοῦ βουλῇσιν ἀμειψάμεναι χρόα καλὸν,αἱ δὲ θεοῦ βουλῇσιν ἀμειψάμεναι χρόα καλὸν,tlg0024.tlg001.perseus-grc2.xml
Cynegetica,tlg001,4,315,πορδάλιες Πενθῆα παρὰ σκοπέλοισι δάσαντο.,πορδάλιες Πενθῆα παρὰ σκοπέλοισι δάσαντο.,tlg0024.tlg001.perseus-grc2.xml
Cynegetica,tlg001,4,316,"τοιάδʼ ἀείδοιμεν, τοῖα φρεσὶ πιστεύοιμεν·","τοιάδ’ ἀείδοιμεν, τοῖα φρεσὶ πιστεύοιμεν·",tlg0024.tlg001.perseus-grc2.xml
Cynegetica,tlg001,4,317,"ὅσσα Κιθαιρῶνος δὲ κατὰ πτύχας ἔργα γυναικῶν,","ὅσσα Κιθαιρῶνος δὲ κατὰ πτύχας ἔργα γυναικῶν,",tlg0024.tlg001.perseus-grc2.xml
Cynegetica,tlg001,4,318,"ἢ μυσαρὰς κείνας, τὰς ἀλλοτρίας Διονύσου,","ἢ μυσαρὰς κείνας, τὰς ἀλλοτρίας Διονύσου,",tlg0024.tlg001.perseus-grc2.xml
Cynegetica,tlg001,4,319,μητέρας οὐχ ὁσίως ψευδηγορέουσιν ἀοιδοί.,μητέρας οὐχ ὁσίως ψευδηγορέουσιν ἀοιδοί.,tlg0024.tlg001.perseus-grc2.xml
Cynegetica,tlg001,4,320,Θηροφόνος δέ τις ὧδε πάγην ἑτάροισι σὺν ἄλλοις,Θηροφόνος δέ τις ὧδε πάγην ἑτάροισι σὺν ἄλλοις,tlg0024.tlg001.perseus-grc2.xml
Cynegetica,tlg001,4,321,θηρσὶ φιλακρήτοισιν ἐμήσατο πορδαλίεσσι.,θηρσὶ φιλακρήτοισιν ἐμήσατο πορδαλίεσσι.,tlg0024.tlg001.perseus-grc2.xml
Cynegetica,tlg001,4,322,"πίδακα λεξάμενοι Λιβύης ἀνὰ διψάδα γαῖαν,","πίδακα λεξάμενοι Λιβύης ἀνὰ διψάδα γαῖαν,",tlg0024.tlg001.perseus-grc2.xml
Cynegetica,tlg001,4,323,ἥ τʼ ὀλίγη μάλα πολλὸν ἀνυδρότατον κατὰ χῶρον,ἥ τ’ ὀλίγη μάλα πολλὸν ἀνυδρότατον κατὰ χῶρον,tlg0024.tlg001.perseus-grc2.xml
Cynegetica,tlg001,4,324,"ἀπροφάτως ἀΐδηλον ἀνασταλάει μέλαν ὕδωρ,","ἀπροφάτως ἀΐδηλον ἀνασταλάει μέλαν ὕδωρ,",tlg0024.tlg001.perseus-grc2.xml
Cynegetica,tlg001,4,325,"οὐδὲ πρόσω χεῖται κελαρύσμασιν, ἀλλὰ μάλʼ αἰνῶς","οὐδὲ πρόσω χεῖται κελαρύσμασιν, ἀλλὰ μάλ’ αἰνῶς",tlg0024.tlg001.perseus-grc2.xml
Cynegetica,tlg001,4,326,βλύζει τε σταδίη τε μένει ψαμάθοισί τε δύνει·,βλύζει τε σταδίη τε μένει ψαμάθοισί τε δύνει·,tlg0024.tlg001.perseus-grc2.xml
Cynegetica,tlg001,4,327,ἔνθεν πορδαλίων γένος ἄγριον εἶσι μετʼ ἠὼ,ἔνθεν πορδαλίων γένος ἄγριον εἶσι μετ’ ἠὼ,tlg0024.tlg001.perseus-grc2.xml
Cynegetica,tlg001,4,328,πιόμενον· τοὶ δʼ αἶψα κατὰ κνέφας ὁρμηθέντες,πιόμενον· τοὶ δ’ αἶψα κατὰ κνέφας ὁρμηθέντες,tlg0024.tlg001.perseus-grc2.xml
Cynegetica,tlg001,4,329,ἀγρευτῆρες ἄγουσιν ἐείκοσιν ἀμφιφορῆας,ἀγρευτῆρες ἄγουσιν ἐείκοσιν ἀμφιφορῆας,tlg0024.tlg001.perseus-grc2.xml
Cynegetica,tlg001,4,330,"οἴνου νηδυμίοιο, τὸν ἑνδεκάτῳ λυκάβαντι","οἴνου νηδυμίοιο, τὸν ἑνδεκάτῳ λυκάβαντι",tlg0024.tlg001.perseus-grc2.xml
Cynegetica,tlg001,4,331,θλῖψε τις οἰνοπέδῃσι φυτηκομίῃσι μεμηλώς·,θλῖψε τις οἰνοπέδῃσι φυτηκομίῃσι μεμηλώς·,tlg0024.tlg001.perseus-grc2.xml
Cynegetica,tlg001,4,332,ὕδατι δʼ ἐγκέρασαν λαρὸν μέθυ καὶ προλιπόντες,ὕδατι δ’ ἐγκέρασαν λαρὸν μέθυ καὶ προλιπόντες,tlg0024.tlg001.perseus-grc2.xml
Cynegetica,tlg001,4,333,"πίδακα πορφυρέην οὐ τηλόθεν εὐνάζονται,","πίδακα πορφυρέην οὐ τηλόθεν εὐνάζονται,",tlg0024.tlg001.perseus-grc2.xml
Cynegetica,tlg001,4,334,προπροκαλυψάμενοι δέμας ἄλκιμον ἢ σισύρῃσιν,προπροκαλυψάμενοι δέμας ἄλκιμον ἢ σισύρῃσιν,tlg0024.tlg001.perseus-grc2.xml
Cynegetica,tlg001,4,335,ἢ αὐτοῖσι λίνοισιν· ἐπεὶ σκέπας οὔ τι δύνανται,ἢ αὐτοῖσι λίνοισιν· ἐπεὶ σκέπας οὔ τι δύνανται,tlg0024.tlg001.perseus-grc2.xml
Cynegetica,tlg001,4,336,εὑρέμεν οὔτε λίθων οὔτʼ ἠϋκόμων ἀπὸ δένδρων·,εὑρέμεν οὔτε λίθων οὔτ’ ἠϋκόμων ἀπὸ δένδρων·,tlg0024.tlg001.perseus-grc2.xml
Cynegetica,tlg001,4,337,πᾶσα γὰρ ἐκτέταται ψαφαρὴ καὶ ἀδένδρεος αἶα.,πᾶσα γὰρ ἐκτέταται ψαφαρὴ καὶ ἀδένδρεος αἶα.,tlg0024.tlg001.perseus-grc2.xml
Cynegetica,tlg001,4,338,τὰς δʼ ἄρα σειριόεντος ὑπʼ ἠελίοιο τυπείσας,τὰς δ’ ἄρα σειριόεντος ὑπ’ ἠελίοιο τυπείσας,tlg0024.tlg001.perseus-grc2.xml
Cynegetica,tlg001,4,339,ἀμφότερον δίψη τε φίλη τʼ ἐκάλεσσεν ἀϋτμή·,ἀμφότερον δίψη τε φίλη τ’ ἐκάλεσσεν ἀϋτμή·,tlg0024.tlg001.perseus-grc2.xml
Cynegetica,tlg001,4,340,πίδακι δʼ ἐμπέλασαν Βρομιώτιδι καὶ μέγα χανδὸν,πίδακι δ’ ἐμπέλασαν Βρομιώτιδι καὶ μέγα χανδὸν,tlg0024.tlg001.perseus-grc2.xml
Cynegetica,tlg001,4,341,"λάπτουσιν Διόνυσον, ἐπʼ ἀλλήλῃσι δὲ πᾶσαι","λάπτουσιν Διόνυσον, ἐπ’ ἀλλήλῃσι δὲ πᾶσαι",tlg0024.tlg001.perseus-grc2.xml
Cynegetica,tlg001,4,342,"σκιρτεῦσιν μὲν πρῶτα χοροιτυπέουσιν ὁμοῖαι,","σκιρτεῦσιν μὲν πρῶτα χοροιτυπέουσιν ὁμοῖαι,",tlg0024.tlg001.perseus-grc2.xml
Cynegetica,tlg001,4,343,"εἶτα δέμας βαρύθουσι, προσώπατα δʼ ἐς χθόνα δῖαν","εἶτα δέμας βαρύθουσι, προσώπατα δ’ ἐς χθόνα δῖαν",tlg0024.tlg001.perseus-grc2.xml
Cynegetica,tlg001,4,344,ἠρέμα νευστάζουσι κάτω· μετέπειτα δὲ πάσας,ἠρέμα νευστάζουσι κάτω· μετέπειτα δὲ πάσας,tlg0024.tlg001.perseus-grc2.xml
Cynegetica,tlg001,4,345,κῶμα βιησάμενον χαμάδις βάλεν ἄλλυδις ἄλλην.,κῶμα βιησάμενον χαμάδις βάλεν ἄλλυδις ἄλλην.,tlg0024.tlg001.perseus-grc2.xml
Cynegetica,tlg001,4,346,ὡς δʼ ὁπότʼ εἰλαπίνῃσιν ἀφυσσάμενοι κρητήρων,ὡς δ’ ὁπότ’ εἰλαπίνῃσιν ἀφυσσάμενοι κρητήρων,tlg0024.tlg001.perseus-grc2.xml
Cynegetica,tlg001,4,347,"ἥλικες εἰσέτι παῖδες, ἔτι χνοάοντες ἰούλους,","ἥλικες εἰσέτι παῖδες, ἔτι χνοάοντες ἰούλους,",tlg0024.tlg001.perseus-grc2.xml
Cynegetica,tlg001,4,348,"λαρὸν ἀείδωσι, προκαλιζόμενοι μετὰ δεῖπνον","λαρὸν ἀείδωσι, προκαλιζόμενοι μετὰ δεῖπνον",tlg0024.tlg001.perseus-grc2.xml
Cynegetica,tlg001,4,349,"ἀλλήλους ἑκάτερθεν ἀμοιβαδίοισι κυπέλλοις,","ἀλλήλους ἑκάτερθεν ἀμοιβαδίοισι κυπέλλοις,",tlg0024.tlg001.perseus-grc2.xml
Cynegetica,tlg001,4,350,ὀψὲ δʼ ἐλώφησαν· τοὺς δʼ ἔρριφεν ἄλλον ἐπʼ ἄλλῳ,ὀψὲ δ’ ἐλώφησαν· τοὺς δ’ ἔρριφεν ἄλλον ἐπ’ ἄλλῳ,tlg0024.tlg001.perseus-grc2.xml
Cynegetica,tlg001,4,351,καὶ φρεσὶ καὶ βλεφάροισιν ἐπιβρῖσαν μένος οἴνου·,καὶ φρεσὶ καὶ βλεφάροισιν ἐπιβρῖσαν μένος οἴνου·,tlg0024.tlg001.perseus-grc2.xml
Cynegetica,tlg001,4,352,ὣς κεῖναι μάλα θῆρες ἐπʼ ἀλλήλῃσι χυθεῖσαι,ὣς κεῖναι μάλα θῆρες ἐπ’ ἀλλήλῃσι χυθεῖσαι,tlg0024.tlg001.perseus-grc2.xml
Cynegetica,tlg001,4,353,νόσφι πόνου κρατεροῖσιν ὑπʼ ἀγρευτῆρσι γένοντο.,νόσφι πόνου κρατεροῖσιν ὑπ’ ἀγρευτῆρσι γένοντο.,tlg0024.tlg001.perseus-grc2.xml
Cynegetica,tlg001,4,354,Ἄρκτοισιν δὲ πονεῦσι κλυτὴν περιώσιον ἄγρην,Ἄρκτοισιν δὲ πονεῦσι κλυτὴν περιώσιον ἄγρην,tlg0024.tlg001.perseus-grc2.xml
Cynegetica,tlg001,4,355,Τίγριν ὅσοι ναίουσι καὶ Ἀρμενίην κλυτότοξον.,Τίγριν ὅσοι ναίουσι καὶ Ἀρμενίην κλυτότοξον.,tlg0024.tlg001.perseus-grc2.xml
Cynegetica,tlg001,4,356,"πουλὺς ὄχλος βαίνουσι τανύσκια βένθεα δρυμῶν,","πουλὺς ὄχλος βαίνουσι τανύσκια βένθεα δρυμῶν,",tlg0024.tlg001.perseus-grc2.xml
Cynegetica,tlg001,4,357,"ἴδριες αὐτολύτοις σὺν ἐϋρίνεσσι κύνεσσιν,","ἴδριες αὐτολύτοις σὺν ἐϋρίνεσσι κύνεσσιν,",tlg0024.tlg001.perseus-grc2.xml
Cynegetica,tlg001,4,358,ἴχνια μαστεύσοντʼ ὀλοῶν πουλύπλανα θηρῶν.,ἴχνια μαστεύσοντ’ ὀλοῶν πουλύπλανα θηρῶν.,tlg0024.tlg001.perseus-grc2.xml
Cynegetica,tlg001,4,359,"ἀλλʼ ὁπότʼ ἀθρήσωσι κύνες σημήϊα ταρσῶν,","ἀλλ’ ὁπότ’ ἀθρήσωσι κύνες σημήϊα ταρσῶν,",tlg0024.tlg001.perseus-grc2.xml
Cynegetica,tlg001,4,360,"ἕσπονται στιβέας τε ποδηγετέουσιν ὁμαρτῇ,","ἕσπονται στιβέας τε ποδηγετέουσιν ὁμαρτῇ,",tlg0024.tlg001.perseus-grc2.xml
Cynegetica,tlg001,4,361,ῥῖνας μὲν ταναὰς σχεδόθεν χέρσοιο τιθέντες·,ῥῖνας μὲν ταναὰς σχεδόθεν χέρσοιο τιθέντες·,tlg0024.tlg001.perseus-grc2.xml
Cynegetica,tlg001,4,362,εἰσοπίσω δʼ εἴπέρ τι νεώτερον ἀθρήσειαν,εἰσοπίσω δ’ εἴπέρ τι νεώτερον ἀθρήσειαν,tlg0024.tlg001.perseus-grc2.xml
Cynegetica,tlg001,4,363,"ἴχνος, ἐπειγόμενοι θόρον αὐτίκα καγχαλόωντες","ἴχνος, ἐπειγόμενοι θόρον αὐτίκα καγχαλόωντες",tlg0024.tlg001.perseus-grc2.xml
Cynegetica,tlg001,4,364,ληθόμενοι τοῦ πρόσθεν· ἐπὴν δʼ εἰς ἄκρον ἵκωνται,ληθόμενοι τοῦ πρόσθεν· ἐπὴν δ’ εἰς ἄκρον ἵκωνται,tlg0024.tlg001.perseus-grc2.xml
Cynegetica,tlg001,4,365,"εὐπλανέος στιβίης θηρός τε παναίολον εὐνήν,","εὐπλανέος στιβίης θηρός τε παναίολον εὐνήν,",tlg0024.tlg001.perseus-grc2.xml
Cynegetica,tlg001,4,366,"αὐτίχʼ ὁ μὲν θρώσκει παλάμης ἄπο θηρητῆρος,","αὐτίχ’ ὁ μὲν θρώσκει παλάμης ἄπο θηρητῆρος,",tlg0024.tlg001.perseus-grc2.xml
Cynegetica,tlg001,4,367,"οἰκτρὰ μάλʼ ὑλακόων, κεχαρημένος ἔξοχα θυμόν.","οἰκτρὰ μάλ’ ὑλακόων, κεχαρημένος ἔξοχα θυμόν.",tlg0024.tlg001.perseus-grc2.xml
Cynegetica,tlg001,4,368,ὡς δʼ ὅτε παρθενικὴ γλαγόεντος ἐν εἴαρος ὥρῃ,ὡς δ’ ὅτε παρθενικὴ γλαγόεντος ἐν εἴαρος ὥρῃ,tlg0024.tlg001.perseus-grc2.xml
Cynegetica,tlg001,4,369,"ἀβλαύτοισι πόδεσσιν ἀνʼ οὔρεα πάντʼ ἀλάληται,","ἀβλαύτοισι πόδεσσιν ἀν’ οὔρεα πάντ’ ἀλάληται,",tlg0024.tlg001.perseus-grc2.xml
Cynegetica,tlg001,4,370,ἄνθεα διζομένη· τὸ δέ οἱ μάλα τηλόθʼ ἐούσῃ,ἄνθεα διζομένη· τὸ δέ οἱ μάλα τηλόθ’ ἐούσῃ,tlg0024.tlg001.perseus-grc2.xml
Cynegetica,tlg001,4,371,νηδύμιον προπάροιθεν ἴον μήνυσεν ἀϋτμή·,νηδύμιον προπάροιθεν ἴον μήνυσεν ἀϋτμή·,tlg0024.tlg001.perseus-grc2.xml
Cynegetica,tlg001,4,372,"τῇ δὲ μάλʼ ἰάνθη μείδησέ τε θυμὸς ἐλαφρός,","τῇ δὲ μάλ’ ἰάνθη μείδησέ τε θυμὸς ἐλαφρός,",tlg0024.tlg001.perseus-grc2.xml
Cynegetica,tlg001,4,373,"ἀμᾶται δʼ ἀκόρητος, ἀναψαμένη δὲ κάρηνον","ἀμᾶται δ’ ἀκόρητος, ἀναψαμένη δὲ κάρηνον",tlg0024.tlg001.perseus-grc2.xml
Cynegetica,tlg001,4,374,εἶσιν ἐς ἀγραύλων δόμον ἀείδουσα τοκήων·,εἶσιν ἐς ἀγραύλων δόμον ἀείδουσα τοκήων·,tlg0024.tlg001.perseus-grc2.xml
Cynegetica,tlg001,4,375,ὣς κυνὸς ἰάνθη θυμὸς θρασύς· αὐτὰρ ἐπακτὴρ,ὣς κυνὸς ἰάνθη θυμὸς θρασύς· αὐτὰρ ἐπακτὴρ,tlg0024.tlg001.perseus-grc2.xml
Cynegetica,tlg001,4,376,καὶ μάλα μιν θύνοντα βιησάμενος τελαμῶσι,καὶ μάλα μιν θύνοντα βιησάμενος τελαμῶσι,tlg0024.tlg001.perseus-grc2.xml
Cynegetica,tlg001,4,377,καγχαλόων παλίνορσος ἔβη μεθʼ ὅμιλον ἑταίρων.,καγχαλόων παλίνορσος ἔβη μεθ’ ὅμιλον ἑταίρων.,tlg0024.tlg001.perseus-grc2.xml
Cynegetica,tlg001,4,378,"τοῖσι δὲ καὶ δρυμὸν διεπέθραδε, θῆρά τε πικρὴν","τοῖσι δὲ καὶ δρυμὸν διεπέθραδε, θῆρά τε πικρὴν",tlg0024.tlg001.perseus-grc2.xml
Cynegetica,tlg001,4,379,αὐτὸς καὶ συνάεθλος ὅπου λοχόωντες ἔλειψαν.,αὐτὸς καὶ συνάεθλος ὅπου λοχόωντες ἔλειψαν.,tlg0024.tlg001.perseus-grc2.xml
Cynegetica,tlg001,4,380,οἱ δʼ ἄρʼ ἐπειγόμενοι στάλικας στήσαντο κραταιοὺς,οἱ δ’ ἄρ’ ἐπειγόμενοι στάλικας στήσαντο κραταιοὺς,tlg0024.tlg001.perseus-grc2.xml
Cynegetica,tlg001,4,381,δίκτυά τʼ ἀμπετάσαντο καὶ ἄρκυας ἀμφεβάλοντο·,δίκτυά τ’ ἀμπετάσαντο καὶ ἄρκυας ἀμφεβάλοντο·,tlg0024.tlg001.perseus-grc2.xml
Cynegetica,tlg001,4,382,ἐν δὲ δύω κλῖναν δοιαῖς ἑκάτερθε κεραίαις,ἐν δὲ δύω κλῖναν δοιαῖς ἑκάτερθε κεραίαις,tlg0024.tlg001.perseus-grc2.xml
Cynegetica,tlg001,4,383,ἀνέρας ἀκρολίνους ὑπὸ μειλινέοισι πάγοισιν.,ἀνέρας ἀκρολίνους ὑπὸ μειλινέοισι πάγοισιν.,tlg0024.tlg001.perseus-grc2.xml
Cynegetica,tlg001,4,384,ἐκ δʼ αὐτῶν κεράων τε καὶ αἰζηῶν πυλαωρῶν,ἐκ δ’ αὐτῶν κεράων τε καὶ αἰζηῶν πυλαωρῶν,tlg0024.tlg001.perseus-grc2.xml
Cynegetica,tlg001,4,385,λαιῇ μὲν μήρινθον ἐΰστροφον ἐκτανύουσι,λαιῇ μὲν μήρινθον ἐΰστροφον ἐκτανύουσι,tlg0024.tlg001.perseus-grc2.xml
Cynegetica,tlg001,4,386,"μηκεδανήν, λινέην, ὀλίγον γαίης ἐφύπερθεν,","μηκεδανήν, λινέην, ὀλίγον γαίης ἐφύπερθεν,",tlg0024.tlg001.perseus-grc2.xml
Cynegetica,tlg001,4,387,ὅσσον ἐπʼ ὀμφαλὸν ἀνδρὸς ἱκανέμεναι στροφάλιγγα·,ὅσσον ἐπ’ ὀμφαλὸν ἀνδρὸς ἱκανέμεναι στροφάλιγγα·,tlg0024.tlg001.perseus-grc2.xml
Cynegetica,tlg001,4,388,τῆς ἀπὸ μὲν κρέμαται περιδαίδαλα παμφανόωντα,τῆς ἀπὸ μὲν κρέμαται περιδαίδαλα παμφανόωντα,tlg0024.tlg001.perseus-grc2.xml
Cynegetica,tlg001,4,389,"ἄνθεα ταινιῶν πουλύχροα, δείματα θηρῶν,","ἄνθεα ταινιῶν πουλύχροα, δείματα θηρῶν,",tlg0024.tlg001.perseus-grc2.xml
Cynegetica,tlg001,4,390,"ἐκ δʼ ἄρʼ ἀπήρτηται πτίλα μυρία παμφανόωντα,","ἐκ δ’ ἄρ’ ἀπήρτηται πτίλα μυρία παμφανόωντα,",tlg0024.tlg001.perseus-grc2.xml
Cynegetica,tlg001,4,391,οἰωνῶν τε διηερίων περικαλλέα ταρσὰ,οἰωνῶν τε διηερίων περικαλλέα ταρσὰ,tlg0024.tlg001.perseus-grc2.xml
Cynegetica,tlg001,4,392,γυπάων πολιῶν τε κύκνων δολιχῶν τε πελαργῶν.,γυπάων πολιῶν τε κύκνων δολιχῶν τε πελαργῶν.,tlg0024.tlg001.perseus-grc2.xml
Cynegetica,tlg001,4,393,"δεξιτερῇ δὲ λόχους ὑπὸ ῥωγάσιν ἐστήσαντο,","δεξιτερῇ δὲ λόχους ὑπὸ ῥωγάσιν ἐστήσαντο,",tlg0024.tlg001.perseus-grc2.xml
Cynegetica,tlg001,4,394,"ἢ χλοεροῖς πετάλοισι θοῶς πυκάσαντο μέλαθρα,","ἢ χλοεροῖς πετάλοισι θοῶς πυκάσαντο μέλαθρα,",tlg0024.tlg001.perseus-grc2.xml
Cynegetica,tlg001,4,395,"τυτθὸν ἀπʼ ἀλλήλων, πίσυρας δʼ ἐκάλυψαν ἑκάστῳ","τυτθὸν ἀπ’ ἀλλήλων, πίσυρας δ’ ἐκάλυψαν ἑκάστῳ",tlg0024.tlg001.perseus-grc2.xml
Cynegetica,tlg001,4,396,"ἀνέρας, ὁρπήκεσσι πρόπαν δέμας ἀμφιβαλόντες.","ἀνέρας, ὁρπήκεσσι πρόπαν δέμας ἀμφιβαλόντες.",tlg0024.tlg001.perseus-grc2.xml
Cynegetica,tlg001,4,397,"αὐτὰρ ἐπὴν κατὰ κόσμον ἐπαρτέα πάντα πέλωνται,","αὐτὰρ ἐπὴν κατὰ κόσμον ἐπαρτέα πάντα πέλωνται,",tlg0024.tlg001.perseus-grc2.xml
Cynegetica,tlg001,4,398,"σάλπιγξ μὲν κελάδησε πελώριον, ἡ δέ τε λόχμης","σάλπιγξ μὲν κελάδησε πελώριον, ἡ δέ τε λόχμης",tlg0024.tlg001.perseus-grc2.xml
Cynegetica,tlg001,4,399,ὀξὺ λέληκε θοροῦσα καὶ ὀξὺ δέδορκε λακοῦσα·,ὀξὺ λέληκε θοροῦσα καὶ ὀξὺ δέδορκε λακοῦσα·,tlg0024.tlg001.perseus-grc2.xml
Cynegetica,tlg001,4,400,"αἰζηοὶ δʼ ἐπόρουσαν ἀολλέες, ἐκ δʼ ἑκάτερθεν","αἰζηοὶ δ’ ἐπόρουσαν ἀολλέες, ἐκ δ’ ἑκάτερθεν",tlg0024.tlg001.perseus-grc2.xml
Cynegetica,tlg001,4,401,ἀντία θηρὸς ἴασι φαλαγγηδὸν κλονέοντες.,ἀντία θηρὸς ἴασι φαλαγγηδὸν κλονέοντες.,tlg0024.tlg001.perseus-grc2.xml
Cynegetica,tlg001,4,402,"ἡ δʼ ὅμαδον προλιποῦσα καὶ ἀνέρας ἰθὺς ὀρούει,","ἡ δ’ ὅμαδον προλιποῦσα καὶ ἀνέρας ἰθὺς ὀρούει,",tlg0024.tlg001.perseus-grc2.xml
Cynegetica,tlg001,4,403,γυμνὸν ὅπου λεύσσει πεδίον πολύ· κεῖθεν ἔπειτα,γυμνὸν ὅπου λεύσσει πεδίον πολύ· κεῖθεν ἔπειτα,tlg0024.tlg001.perseus-grc2.xml
Cynegetica,tlg001,4,404,ἑξείης κατὰ νῶτον ἐγειρόμενος λόχος ἀνδρῶν,ἑξείης κατὰ νῶτον ἐγειρόμενος λόχος ἀνδρῶν,tlg0024.tlg001.perseus-grc2.xml
Cynegetica,tlg001,4,405,"κλαγγηδὸν παταγοῦσιν, ἐπʼ ὀφρύα μηρίνθοιο","κλαγγηδὸν παταγοῦσιν, ἐπ’ ὀφρύα μηρίνθοιο",tlg0024.tlg001.perseus-grc2.xml
Cynegetica,tlg001,4,406,σευόμενοι καὶ δεῖμα πολύχροον· ἡ δέ τʼ ἀνιγρὴ,σευόμενοι καὶ δεῖμα πολύχροον· ἡ δέ τ’ ἀνιγρὴ,tlg0024.tlg001.perseus-grc2.xml
Cynegetica,tlg001,4,407,ἀμφίβολος μάλα πάμπαν ἀτυζομένη πεφόρηται·,ἀμφίβολος μάλα πάμπαν ἀτυζομένη πεφόρηται·,tlg0024.tlg001.perseus-grc2.xml
Cynegetica,tlg001,4,408,"πάντα δʼ ὁμοῦ δείδοικε, λόχον, κτύπον, αὐλόν, ἀϋτήν,","πάντα δ’ ὁμοῦ δείδοικε, λόχον, κτύπον, αὐλόν, ἀϋτήν,",tlg0024.tlg001.perseus-grc2.xml
Cynegetica,tlg001,4,409,δειμαλέην μήρινθον· ἐπεὶ κελάδοντος ἀήτεω,δειμαλέην μήρινθον· ἐπεὶ κελάδοντος ἀήτεω,tlg0024.tlg001.perseus-grc2.xml
Cynegetica,tlg001,4,410,ταινίαι τʼ ἐφύπερθε διηέριαι κραδάουσι,ταινίαι τ’ ἐφύπερθε διηέριαι κραδάουσι,tlg0024.tlg001.perseus-grc2.xml
Cynegetica,tlg001,4,411,κινύμεναι πτέρυγές τε λιγήϊα συρίζουσι.,κινύμεναι πτέρυγές τε λιγήϊα συρίζουσι.,tlg0024.tlg001.perseus-grc2.xml
Cynegetica,tlg001,4,412,"τοὔνεκα παπταίνουσα κατʼ ἄρκυος ἀντίον ἕρπει,","τοὔνεκα παπταίνουσα κατ’ ἄρκυος ἀντίον ἕρπει,",tlg0024.tlg001.perseus-grc2.xml
Cynegetica,tlg001,4,413,ἐν δʼ ἔπεσεν λινέοισι λόχοις· τοὶ δʼ ἐγγὺς ἐόντες,ἐν δ’ ἔπεσεν λινέοισι λόχοις· τοὶ δ’ ἐγγὺς ἐόντες,tlg0024.tlg001.perseus-grc2.xml
Cynegetica,tlg001,4,414,ἀκρόλινοι θρώσκουσι καὶ ἐγκονέοντες ὕπερθε,ἀκρόλινοι θρώσκουσι καὶ ἐγκονέοντες ὕπερθε,tlg0024.tlg001.perseus-grc2.xml
Cynegetica,tlg001,4,415,σπαρτόδετον τανύουσι περίδρομον· ἄλλο δʼ ἐπʼ ἄλλῳ,σπαρτόδετον τανύουσι περίδρομον· ἄλλο δ’ ἐπ’ ἄλλῳ,tlg0024.tlg001.perseus-grc2.xml
Cynegetica,tlg001,4,416,νηήσαντο λίνον· μάλα γὰρ τότε θυμαίνουσιν,νηήσαντο λίνον· μάλα γὰρ τότε θυμαίνουσιν,tlg0024.tlg001.perseus-grc2.xml
Cynegetica,tlg001,4,417,ἄρκτοι καὶ γενύεσσι καὶ ἀργαλέαις παλάμῃσι·,ἄρκτοι καὶ γενύεσσι καὶ ἀργαλέαις παλάμῃσι·,tlg0024.tlg001.perseus-grc2.xml
Cynegetica,tlg001,4,418,δηθάκι δʼ ἐξαυτῆς φύγον ἀνέρας ἀγρευτῆρας,δηθάκι δ’ ἐξαυτῆς φύγον ἀνέρας ἀγρευτῆρας,tlg0024.tlg001.perseus-grc2.xml
Cynegetica,tlg001,4,419,"δίκτυά τʼ ἐξήλυξαν, ἀΐστωσαν δέ τε θήρην.","δίκτυά τ’ ἐξήλυξαν, ἀΐστωσαν δέ τε θήρην.",tlg0024.tlg001.perseus-grc2.xml
Cynegetica,tlg001,4,420,ἀλλὰ τότε κρατερός τις ἀνὴρ παλάμην ἐπέδησεν,ἀλλὰ τότε κρατερός τις ἀνὴρ παλάμην ἐπέδησεν,tlg0024.tlg001.perseus-grc2.xml
Cynegetica,tlg001,4,421,"ἄρκτου δεξιτερήν, χήρωσέ τε πᾶσαν ἐρωήν,","ἄρκτου δεξιτερήν, χήρωσέ τε πᾶσαν ἐρωήν,",tlg0024.tlg001.perseus-grc2.xml
Cynegetica,tlg001,4,422,"δῆσέ τʼ ἐπισταμένως, τάνυσέν τε ποτὶ ξύλα θῆρα,","δῆσέ τ’ ἐπισταμένως, τάνυσέν τε ποτὶ ξύλα θῆρα,",tlg0024.tlg001.perseus-grc2.xml
Cynegetica,tlg001,4,423,"καὶ πάλιν ἐγκατέκλεισε δρυὸς πεύκης τε μελάθρῳ,","καὶ πάλιν ἐγκατέκλεισε δρυὸς πεύκης τε μελάθρῳ,",tlg0024.tlg001.perseus-grc2.xml
Cynegetica,tlg001,4,424,πυκνῇσι στροφάλιγξιν ἑὸν δέμας ἀσκήσασαν.,πυκνῇσι στροφάλιγξιν ἑὸν δέμας ἀσκήσασαν.,tlg0024.tlg001.perseus-grc2.xml
Cynegetica,tlg001,4,425,χρειὼ δὲ σκοπέλου μὲν ἀνάντεος ἠδὲ πάγοιο,χρειὼ δὲ σκοπέλου μὲν ἀνάντεος ἠδὲ πάγοιο,tlg0024.tlg001.perseus-grc2.xml
Cynegetica,tlg001,4,426,"σεύεσθαι προθέοντα ποδώκεα φῦλα λαγωῶν,","σεύεσθαι προθέοντα ποδώκεα φῦλα λαγωῶν,",tlg0024.tlg001.perseus-grc2.xml
Cynegetica,tlg001,4,427,πρὸς δὲ κάταντα σοφῇσι προμηθείῃσιν ἐλαύνειν·,πρὸς δὲ κάταντα σοφῇσι προμηθείῃσιν ἐλαύνειν·,tlg0024.tlg001.perseus-grc2.xml
Cynegetica,tlg001,4,428,αὐτίκα γὰρ σκύλακάς τε καὶ ἀνέρας ἀθρήσαντες,αὐτίκα γὰρ σκύλακάς τε καὶ ἀνέρας ἀθρήσαντες,tlg0024.tlg001.perseus-grc2.xml
Cynegetica,tlg001,4,429,"πρὸς λόφον ἰθύνουσιν· ἐπεὶ μάλα γιγνώσκουσιν,","πρὸς λόφον ἰθύνουσιν· ἐπεὶ μάλα γιγνώσκουσιν,",tlg0024.tlg001.perseus-grc2.xml
Cynegetica,tlg001,4,430,ὅττι πάροιθεν ἔασιν ὀλιζότεροι πόδες αὐτοῖς.,ὅττι πάροιθεν ἔασιν ὀλιζότεροι πόδες αὐτοῖς.,tlg0024.tlg001.perseus-grc2.xml
Cynegetica,tlg001,4,431,"τοὔνεκα ῥηΐδιοι πτώκεσσι πέλουσι κολῶναι,","τοὔνεκα ῥηΐδιοι πτώκεσσι πέλουσι κολῶναι,",tlg0024.tlg001.perseus-grc2.xml
Cynegetica,tlg001,4,432,"ῥηΐδιοι πτώκεσσι, δυσάντεες ἱππελάτῃσι.","ῥηΐδιοι πτώκεσσι, δυσάντεες ἱππελάτῃσι.",tlg0024.tlg001.perseus-grc2.xml
Cynegetica,tlg001,4,433,ναὶ μὴν ἀτραπιτοῖο πολυστιβίην ἀλεείνειν,ναὶ μὴν ἀτραπιτοῖο πολυστιβίην ἀλεείνειν,tlg0024.tlg001.perseus-grc2.xml
Cynegetica,tlg001,4,434,"καὶ πάτον, ἐν δʼ ἄρα τῇσι γεωμορίῃσιν ἐλαύνειν·","καὶ πάτον, ἐν δ’ ἄρα τῇσι γεωμορίῃσιν ἐλαύνειν·",tlg0024.tlg001.perseus-grc2.xml
Cynegetica,tlg001,4,435,κουφότεροι γὰρ ἔασι τρίβῳ καὶ ποσσὶν ἐλαφροὶ,κουφότεροι γὰρ ἔασι τρίβῳ καὶ ποσσὶν ἐλαφροὶ,tlg0024.tlg001.perseus-grc2.xml
Cynegetica,tlg001,4,436,ῥεῖά τʼ ἐπιθρώσκουσιν· ἀρηρομένῃ δʼ ἐνὶ γαίῃ,ῥεῖά τ’ ἐπιθρώσκουσιν· ἀρηρομένῃ δ’ ἐνὶ γαίῃ,tlg0024.tlg001.perseus-grc2.xml
Cynegetica,tlg001,4,437,καὶ θέρεος βαρύθουσι πόδες καὶ χείματος ὥρῃ,καὶ θέρεος βαρύθουσι πόδες καὶ χείματος ὥρῃ,tlg0024.tlg001.perseus-grc2.xml
Cynegetica,tlg001,4,438,ἄχρις ἐπισφυρίων ὀλοὴν κρηπῖδα φέρουσιν.,ἄχρις ἐπισφυρίων ὀλοὴν κρηπῖδα φέρουσιν.,tlg0024.tlg001.perseus-grc2.xml
Cynegetica,tlg001,4,439,"ἤν ποτʼ ἐλῇς δόρκον δέ, φυλάσσεο μὴ μετὰ πολλὸν","ἤν ποτ’ ἐλῇς δόρκον δέ, φυλάσσεο μὴ μετὰ πολλὸν",tlg0024.tlg001.perseus-grc2.xml
Cynegetica,tlg001,4,440,ἐκτάδιον δολιχόν τε δρόμον καί τέρμα πόνοιο,ἐκτάδιον δολιχόν τε δρόμον καί τέρμα πόνοιο,tlg0024.tlg001.perseus-grc2.xml
Cynegetica,tlg001,4,441,"τυτθὸν ὑποσταίη, λαγόνων δʼ ἀπὸ μήδεα χεύῃ·","τυτθὸν ὑποσταίη, λαγόνων δ’ ἀπὸ μήδεα χεύῃ·",tlg0024.tlg001.perseus-grc2.xml
Cynegetica,tlg001,4,442,δόρκοι γὰρ περίαλλα δρόμοις ἐνὶ μεσσατίοισι,δόρκοι γὰρ περίαλλα δρόμοις ἐνὶ μεσσατίοισι,tlg0024.tlg001.perseus-grc2.xml
Cynegetica,tlg001,4,443,"κυστίδα κυμαίνουσιν, ἀναγκαίοισιν ὑπʼ ὄμβροις","κυστίδα κυμαίνουσιν, ἀναγκαίοισιν ὑπ’ ὄμβροις",tlg0024.tlg001.perseus-grc2.xml
Cynegetica,tlg001,4,444,"βριθόμενοι λαγόνας, ποτὶ δʼ ἰσχίον ὀκλάζουσιν·","βριθόμενοι λαγόνας, ποτὶ δ’ ἰσχίον ὀκλάζουσιν·",tlg0024.tlg001.perseus-grc2.xml
Cynegetica,tlg001,4,445,"ἢν δʼ ὀλίγον πνεύσωσι πολυσφαράγων ἀπὸ λαιμῶν,","ἢν δ’ ὀλίγον πνεύσωσι πολυσφαράγων ἀπὸ λαιμῶν,",tlg0024.tlg001.perseus-grc2.xml
Cynegetica,tlg001,4,446,"πολλὸν ἀρειότεροι λαιψηρότεροί τε φέβονται,","πολλὸν ἀρειότεροι λαιψηρότεροί τε φέβονται,",tlg0024.tlg001.perseus-grc2.xml
Cynegetica,tlg001,4,447,γούνασιν εὐφόρτοισι καὶ ἔγκασι κουφοτέροισι.,γούνασιν εὐφόρτοισι καὶ ἔγκασι κουφοτέροισι.,tlg0024.tlg001.perseus-grc2.xml
Cynegetica,tlg001,4,448,κερδὼ δʼ οὔτε λόχοισιν ἁλώσιμος οὔτε βρόχοισιν,κερδὼ δ’ οὔτε λόχοισιν ἁλώσιμος οὔτε βρόχοισιν,tlg0024.tlg001.perseus-grc2.xml
Cynegetica,tlg001,4,449,"οὔτε λίνοις· δεινὴ γὰρ ἐπιφροσύνῃσι νοῆσαι,","οὔτε λίνοις· δεινὴ γὰρ ἐπιφροσύνῃσι νοῆσαι,",tlg0024.tlg001.perseus-grc2.xml
Cynegetica,tlg001,4,450,"δεινὴ δʼ αὖτε κάλωα ταμεῖν, ὑπὸ δʼ ἅμματα λῦσαι,","δεινὴ δ’ αὖτε κάλωα ταμεῖν, ὑπὸ δ’ ἅμματα λῦσαι,",tlg0024.tlg001.perseus-grc2.xml
Cynegetica,tlg001,4,451,καὶ πυκινοῖσι δόλοισιν ὀλισθῆσαι θανάτοιο.,καὶ πυκινοῖσι δόλοισιν ὀλισθῆσαι θανάτοιο.,tlg0024.tlg001.perseus-grc2.xml
Cynegetica,tlg001,4,452,ἀλλὰ κύνες μιν ἄειραν ἀολλέες· οὐδʼ ἄρʼ ἐκεῖνοι,ἀλλὰ κύνες μιν ἄειραν ἀολλέες· οὐδ’ ἄρ’ ἐκεῖνοι,tlg0024.tlg001.perseus-grc2.xml
Cynegetica,tlg001,4,453,καὶ κρατεροί περ ἐόντες ἀναιμωτὶ δαμάσαντο.,καὶ κρατεροί περ ἐόντες ἀναιμωτὶ δαμάσαντο.,tlg0024.tlg001.perseus-grc2.xml
