word,nucleus,length
αἰάντεσσι,3,S
αἰακίδαο,1,S
αἰακίδαο,2,S
αἰακίδαο,3,L
αἰακίδην,1,S
αἰακίδην,2,S
αἰακίδης,1,S
αἰακίδης,2,S
αἰακίδῃ,1,S
αἰακίδῃ,2,S
αἰακὸς,1,S
αἰγάς,1,L
αἰγίδα,1,S
αἰγίδα,2,S
αἰγίδ’,1,S
αἰγίλιπα,1,S
αἰγίλιπα,2,S
αἰγίλιπος,1,S
αἰγίλιπος,2,S
αἰγίοχος,1,S
αἰγανέῃσιν,1,S
αἰγανέῃσιν,4,S
αἰγιάλεια,1,S
αἰγιάλεια,2,S
αἰγιάλεια,4,S
αἰγιαλόν,1,S
αἰγιαλόν,2,S
αἰγιαλὸς,1,S
αἰγιαλὸς,2,S
αἰγιαλῷ,1,S
αἰγιαλῷ,2,S
αἰγιόχοιο,1,S
αἰγυπιοῖσι,1,S
αἰγυπιοῖσι,2,S
αἰγυπιὸς,1,S
αἰγυπιὸς,2,S
αἰγυπτίας,1,S
αἰγυπτίας,2,S
αἰγυπτίας,3,L
αἰειγενετάων,4,L
αἰζήϊος,2,S
αἰθέρα,2,S
αἰθέρι,2,S
αἰθίκεσσι,1,L
αἰθίκεσσι,3,S
αἰθαλόεν,1,S
αἰθαλόεσσαν,1,S
αἰθιοπῆας,1,S
αἰθιόπων,1,S
αἰθούσῃσι,3,S
αἰθούσῃσιν,3,S
αἰναρέτη,1,S
αἰνεία,2,L
αἰνείαν,2,L
αἰνείαο,2,L
αἰνείας,2,L
αἰνοτάτην,2,S
αἰνοτάτῳ,2,S
αἰνότατε,2,S
αἰνότατον,2,S
αἰνὰ,1,S
αἰολίδης,2,S
αἰπήεσσαν,3,S
αἰπεῖα,2,S
αἰπεῖαν,2,S
αἰπόλια,2,S
αἰπύ,1,S
αἰπύτιον,1,S
αἰπύτιον,2,S
αἰπὰ,1,S
αἰπὺ,1,S
αἰπὺν,1,S
αἰπὺς,1,S
αἰσυήταο,1,L
αἰσυήταο,3,L
αἰσυμνητῆρι,4,S
αἰσχροῖσιν,2,S
αἰσχυνέμεν,1,L
αἰσχύνει,1,L
αἰσύμηθεν,1,L
αἰτίη,1,S
αἰτιάασθαι,1,S
αἰτιάασθαι,2,S
αἰτιόῳτο,1,S
αἰτωλοῖσιν,3,S
αἰτώλιον,2,S
αἰτώλιος,2,S
αἰχμάς,1,L
αἰχμητάων,2,L
αἰχμητὰ,2,S
αἰχμὰς,1,L
αἰόλα,2,S
αἱματοέσσας,1,S
αἱματοέσσης,1,S
αἱματόεις,1,S
αἱματόεντα,1,S
αἱματόεντα,4,S
αἱματόεντος,1,S
αἱματόεντ’,1,S
αἱματόεσσα,1,S
αἱματόεσσα,4,S
αἱμονίδαο,2,S
αἱμονίδαο,3,L
αἱμονίδης,2,S
αἴαντα,2,S
αἴαντι,2,L
αἴας,1,L
αἴγεσιν,2,S
αἴγιναν,1,L
αἴγιον,1,S
αἴθοπα,2,S
αἴθοπι,2,S
αἴθωνι,2,S
αἴνιον,1,S
αἴνυτο,1,S
αἴνυτ’,1,S
αἴροντας,2,S
αἴσιμα,1,S
αἴσιμα,2,S
αἴσιμον,1,S
αἴσιμόν,1,S
αἴσιον,1,S
αἴσυλα,1,S
αἴσυλα,2,S
αἴσχεα,2,S
αἴσχιον,1,S
αἴτιοί,1,S
αἴτιοι,1,S
αἴτιος,1,S
αἴτιός,1,S
αἵματί,1,S
αἵματί,2,S
αἵματι,1,S
αἵματι,2,S
αἵματος,1,S
αἵματός,1,S
αἵμονά,2,S
αἵμονα,2,S
αἶαν,1,S
αἶγα,1,S
αἶγας,1,S
αἶσα,1,S
αἶσαν,1,S
αἶψά,1,S
αἶψα,1,S
αἷμά,1,S
αἷμα,1,S
αὐΐαχοι,1,S
αὐΐαχοι,2,S
αὐέρυσαν,2,S
αὐγείαο,2,L
αὐγειὰς,2,L
αὐγηϊάδαο,2,S
αὐγηϊάδαο,3,S
αὐγηϊάδαο,4,L
αὐδήεντα,3,S
αὐερύοντα,2,S
αὐερύοντα,4,S
αὐλίδα,1,S
αὐλίδα,2,S
αὐλώπιδί,2,S
αὐλώπιδί,3,S
αὐτάρ,1,L
αὐτάων,1,L
αὐτίκα,1,S
αὐτίκα,2,S
αὐτίκ’,1,S
αὐτίχ’,1,S
αὐτοκασίγνητον,2,S
αὐτοκασίγνητος,2,S
αὐτοκασιγνήτω,2,S
αὐτομέδοντα,4,S
αὐτομέδοντι,4,S
αὐτονυχὶ,2,S
αὐτονυχὶ,3,L
αὐτοσχεδίην,3,S
αὐτοσχεδίῃ,3,S
αὐτοῖσι,2,S
αὐτοῖσιν,2,S
αὐτόθι,2,S
αὐτόλυκος,2,S
αὐτόμαται,2,S
αὐτόματοι,2,S
αὐτόματος,2,S
αὐτόφι,2,S
αὐτόφιν,2,S
αὐτὰ,1,S
αὐτὰρ,1,S
αὐχένα,2,S
αὐχένι,2,S
αὔδα,1,S
αὔριον,1,S
αὖθι,1,S
αὖλιν,1,S
αὖτις,1,S
βάδην,0,S
βάθιστον,0,S
βάθυνε,0,S
βάθυνε,1,L
βάλε,0,S
βάλεν,0,S
βάλες,0,S
βάλετο,0,S
βάλετ’,0,S
βάλοι,0,S
βάλοιμι,0,S
βάλοιμι,2,S
βάλοισθα,0,S
βάλον,0,S
βάλω,0,S
βάλωμεν,0,S
βάλῃ,0,S
βάλῃσι,0,S
βάλῃσιν,0,S
βάλ’,0,S
βάρυνε,0,S
βάρυνε,1,L
βάτην,0,S
βέβασαν,1,S
βέβηκας,2,S
βέβριθε,1,L
βέβρυχεν,1,L
βέλεα,2,L
βέλεσσιν,2,S
βένθεσι,2,S
βένθεσσιν,2,S
βήσαμεν,1,S
βήσσῃσιν,2,S
βίαντά,0,S
βίαντά,2,S
βίαντος,0,S
βίας,0,S
βίας,1,L
βίη,0,S
βίην,0,S
βίης,0,S
βίηφί,0,S
βίηφί,2,S
βίηφι,0,S
βίηφι,2,S
βίηφιν,0,S
βίῃ,0,S
βαθέην,0,S
βαθέης,0,S
βαθέ’,0,S
βαθείης,0,S
βαθείῃ,0,S
βαθείῃσιν,0,S
βαθεῖα,0,S
βαθεῖα,2,S
βαθεῖαν,0,S
βαθεῖαν,2,S
βαθυδίνης,0,S
βαθυδίνης,1,S
βαθυδίνης,2,L
βαθυδινήεντα,0,S
βαθυδινήεντα,1,S
βαθυδινήεντα,2,L
βαθυδινήεντα,5,S
βαθυδινήεντος,0,S
βαθυδινήεντος,1,S
βαθυδινήεντος,2,L
βαθυζώνους,0,S
βαθυκλῆα,0,S
βαθυκλῆα,3,L
βαθυκόλπων,0,S
βαθυκόλπων,1,S
βαθυρρείταο,0,S
βαθυρρείταο,3,L
βαθυρρόου,0,S
βαθύκολποι,0,S
βαθύκολποι,1,S
βαθύλειμον,0,S
βαθύλειμον,1,S
βαθύρροον,0,S
βαθύσχοινον,0,S
βαθὺ,0,S
βαθὺ,1,S
βαθὺν,0,S
βαθὺς,0,S
βαλέειν,0,S
βαλέτην,0,S
βαλέω,0,S
βαλίε,0,S
βαλίε,1,S
βαλίον,0,S
βαλίον,1,S
βαλεῖν,0,S
βαλούσας,0,S
βαλόντε,0,S
βαλόντες,0,S
βαλών,0,S
βαλὼν,0,S
βαλῶ,0,S
βαρέα,0,S
βαρβαροφώνων,1,S
βαρείας,0,S
βαρείης,0,S
βαρείῃ,0,S
βαρεῖαι,0,S
βαρεῖαν,0,S
βαρυνθέν,0,S
βαρυνθεὶς,0,S
βαρύθει,0,S
βαρύθει,1,S
βαρύνεται,0,S
βαρύνεται,1,L
βαρὺ,0,S
βασίλευε,0,S
βασίλευε,1,S
βασίλευεν,0,S
βασίλευεν,1,S
βασιλήων,0,L
βασιλήων,1,L
βασιλήϊον,0,S
βασιλήϊον,1,S
βασιλήϊον,3,S
βασιλεύς,0,S
βασιλεύς,1,S
βασιλεύσομεν,0,S
βασιλεύσομεν,1,S
βασιλεύτατός,0,S
βασιλεύτατός,1,S
βασιλεύτατός,3,S
βασιλεύτερός,0,S
βασιλεύτερός,1,S
βασιλεὺς,0,S
βασιλεὺς,1,S
βασιλεῦσι,0,S
βασιλεῦσι,1,S
βασιλεῦσιν,0,S
βασιλεῦσιν,1,S
βασιλεῦσιν,3,S
βασιληΐδος,0,S
βασιληΐδος,1,S
βασιληΐδος,3,S
βασιλῆα,0,S
βασιλῆα,1,S
βασιλῆα,3,S
βασιλῆας,0,S
βασιλῆας,1,S
βασιλῆας,3,S
βασιλῆες,0,S
βασιλῆες,1,S
βασιλῆος,0,S
βασιλῆος,1,S
βασιλῆϊ,0,S
βασιλῆϊ,1,S
βασιλῆϊ,3,S
βατίειαν,0,S
βατίειαν,1,S
βεβάασι,1,S
βεβάασι,2,L
βεβάασι,3,S
βεβάμεν,1,S
βεβίηκεν,1,S
βεβαώς,1,S
βεβλήαται,2,S
βεβλήατο,2,S
βεβολήατο,3,S
βεβριθυῖα,1,L
βεβρυχὼς,1,L
βελέεσσι,3,S
βιάζεται,0,S
βιάζετο,0,S
βιάνορα,0,S
βιάνορα,1,L
βιάνορα,3,S
βιήσατο,0,S
βιήσατο,2,S
βιαζόμενον,0,S
βιβάντα,0,S
βιβάντα,2,S
βιβάς,0,S
βιβάσθων,0,S
βιησάμενος,0,S
βιησάμενος,2,S
βιοῖο,0,S
βιός,0,S
βιότοιο,0,S
βιώτω,0,S
βιὸν,0,S
βιὸς,0,S
βιῴατο,0,S
βιῴατο,2,S
βιῶναι,0,S
βλάβεν,0,S
βλάβεται,0,S
βλήτροισι,2,S
βλαφθέντα,2,S
βλεφάροιιν,1,S
βλεφάροιιν,3,S
βλεφάροισιν,1,S
βλεφάροισιν,3,S
βλεφάρων,1,S
βλοσυροῖσι,1,S
βλοσυροῖσι,3,S
βλοσυρῇσιν,1,S
βλοσυρῇσιν,3,S
βλοσυρῶπις,1,S
βλοσυρῶπις,3,L
βοάγρια,2,S
βοάγρια,3,S
βοάᾳ,1,S
βοέοισιν,3,S
βοαγρίου,2,S
βοηλασίῃ,2,S
βοηλασίῃ,3,S
βοιβηΐδα,2,S
βοιβηΐδα,3,S
βοιώτιον,2,S
βοιώτιος,2,S
βορέαο,2,L
βοσκομενάων,3,L
βοτάνης,1,S
βοτρυδὸν,1,L
βουβῶνα,2,S
βουγάϊε,1,L
βουγάϊε,2,S
βουκολέοντι,4,S
βουκολίδαο,2,S
βουκολίδαο,3,L
βουκολίων,2,S
βουκολίωνι,2,S
βουλάς,1,L
βουλευτῇσι,3,S
βουλεύουσι,3,S
βουλεύσατο,2,S
βουλυτὸν,1,L
βουλὰς,1,L
βουλῇσιν,2,S
βουπλῆγι,2,S
βουπράσιόν,1,S
βουπράσιόν,2,S
βουπρασίοιο,1,S
βουπρασίοιο,2,S
βουπρασίου,1,S
βουπρασίου,2,S
βουπρασίῳ,1,S
βουπρασίῳ,2,S
βουσὶ,1,S
βουσὶν,1,S
βοόωντά,3,S
βοόωσιν,3,S
βούβρωστις,2,S
βούλευσαν,2,S
βοᾶν,1,L
βράχε,0,S
βρίζοντα,2,S
βρίθουσαν,0,L
βρίθουσαν,2,S
βρίσαντες,0,L
βραδέες,0,S
βραδυτῆτί,0,S
βραδυτῆτί,1,S
βραδυτῆτί,3,S
βραχίονα,0,S
βραχίονα,1,L
βραχίονα,3,S
βραχίονος,0,S
βραχίονος,1,L
βριάρεων,0,S
βριάρεων,1,S
βριήπυος,0,S
βριήπυος,2,S
βριαρήν,0,S
βριαρήν,1,S
βριαρὴν,0,S
βριαρὴν,1,S
βριαρῇ,0,S
βριαρῇ,1,S
βριθομένη,0,L
βριθοσύνῃ,0,L
βριθοσύνῃ,2,S
βριθὺ,0,L
βριθὺ,1,S
βρισηΐδα,0,L
βρισηΐδα,2,S
βρισηΐδα,3,S
βρισηΐδι,0,L
βρισηΐδι,2,S
βρισηΐδι,3,S
βρισηΐδος,0,L
βρισηΐδος,2,S
βρισηῒς,0,L
βρισῆος,0,L
βρομέωσι,3,S
βροτοῖσι,2,S
βροτοῖσιν,2,S
βροτόεντα,3,S
βρυσειάς,0,L
βρωτὺν,1,L
βρύει,0,S
βρῶσις,1,S
βωμοῖσι,2,S
βωτιανείρῃ,1,S
βωτιανείρῃ,2,S
βόας,1,S
βόεσσι,2,S
βόσιν,1,S
βότρυες,1,S
βώσαντι,2,S
βώτορας,2,S
βὰς,0,L
βῆσαν,1,S
γάλα,0,S
γάλα,1,S
γάμοι,0,S
γάμοιο,0,S
γάμον,0,S
γάμου,0,S
γάμῳ,0,S
γάνυται,0,S
γάνυται,1,S
γάρ,0,L
γάργαρον,1,S
γέλασαν,1,S
γέρα,1,S
γέρας,1,S
γέροντα,2,S
γέροντας,2,S
γέροντι,2,S
γέρουσιν,2,S
γέφυραι,1,L
γήραΐ,1,S
γήραΐ,2,S
γήραος,1,S
γήραϊ,1,S
γήραϊ,2,S
γαλάτεια,0,S
γαλάτεια,1,S
γαλόων,0,S
γαλόῳ,0,S
γαμέω,0,S
γαμβροῖσι,2,S
γαμφηλῇσι,3,S
γαμφηλῇσιν,3,S
γαμψώνυχες,2,S
γανυμήδεος,0,S
γανυμήδεος,1,S
γανυμήδης,0,S
γανυμήδης,1,S
γανόωντες,0,S
γανόωσαι,0,S
γανύσσεται,0,S
γαργάρῳ,1,S
γαστέρα,2,S
γαστέρι,2,S
γαστρὶ,1,S
γαῖα,1,S
γαῖαν,1,S
γείνατο,1,S
γείνατ’,1,S
γεγάασι,1,S
γεγάασι,2,L
γεγάασι,3,S
γεγαῶτα,1,S
γεγαῶτα,3,S
γεγαῶτας,1,S
γελάσασα,1,S
γελάσασα,2,L
γελάσασα,3,S
γελοίϊον,2,S
γενεῆφι,3,S
γενεῆφιν,3,S
γενοίατο,2,S
γενοίμεθα,3,S
γενόμεσθα,3,S
γενύων,1,S
γενώμεθα,3,S
γεράνων,1,S
γερήνιος,2,S
γεραρόν,1,S
γεραρώτερος,1,S
γερούσιον,2,S
γεφύρας,1,L
γεφύρωσεν,1,L
γηθοσύνῃ,2,S
γηθόσυνοι,2,S
γηθόσυνος,2,S
γηράς,1,L
γηράσκοντα,3,S
γιγνομένοισιν,4,S
γλάγος,0,S
γλήνεα,2,S
γλακτοφάγων,2,S
γλαυκιόων,1,S
γλαυκώπιδα,2,S
γλαυκώπιδα,3,S
γλαυκώπιδι,2,S
γλαυκώπιδι,3,S
γλαυκώπιδος,2,S
γλαυκῶπι,2,S
γλαυκῶπις,2,S
γλαφυράς,0,S
γλαφυράς,1,S
γλαφυράς,2,L
γλαφυραὶ,0,S
γλαφυραὶ,1,S
γλαφυρὰς,0,S
γλαφυρὰς,1,S
γλαφυρὰς,2,L
γλαφυρῆς,0,S
γλαφυρῆς,1,S
γλαφυρῇς,0,S
γλαφυρῇς,1,S
γλαφυρῇσι,0,S
γλαφυρῇσι,1,S
γλαφυρῇσι,3,S
γλαφυρῇσιν,0,S
γλαφυρῇσιν,1,S
γλαφυρῇσιν,3,S
γλαφυρῷ,0,S
γλαφυρῷ,1,S
γλαφύρας,0,S
γλαφύρας,1,S
γλισᾶντ’,0,L
γλυκίων,0,S
γλυκίων,1,S
γλυκεροῖο,0,S
γλυκεροῦ,0,S
γλυκερὸς,0,S
γλυκερῆς,0,S
γλυκερῷ,0,S
γλυκύθυμος,0,S
γλυκύθυμος,1,S
γλυκύθυμος,2,L
γλυκὺ,0,S
γλυκὺ,1,S
γλυκὺν,0,S
γλυκὺν,1,S
γλυκὺς,0,S
γλυκὺς,1,S
γλυφίδας,0,S
γλυφίδας,1,S
γλωχῖνα,1,L
γλωχῖνα,2,S
γλώσσῃσιν,2,S
γλῶσσα,1,S
γνήσιον,1,S
γναμπτοῖσι,2,S
γναμπτῇσι,2,S
γνώωσι,2,S
γνῶσιν,1,S
γοάοιμεν,1,S
γοργυθίωνα,1,S
γοργυθίωνα,2,S
γουνάσομαι,1,S
γοόωσά,3,S
γοόωσα,3,S
γούναθ’,1,S
γούνασι,1,S
γούνασι,2,S
γούνασιν,1,S
γούνασιν,2,S
γούνατά,1,S
γούνατά,2,S
γούνατα,1,S
γούνατα,2,S
γούνατος,1,S
γούνατ’,1,S
γούνεσσι,2,S
γούνεσσιν,2,S
γοῦνα,1,S
γράψας,1,L
γρήνικός,1,L
γρηῒ,1,S
γυάλοιο,0,S
γυάλοιο,1,S
γυάλοισιν,0,S
γυάλοισιν,1,S
γυάλοισιν,3,S
γυγαίη,0,L
γυγαίῃ,0,L
γυμνωθέντα,3,S
γυνή,0,S
γυναικί,0,S
γυναικί,2,S
γυναικός,0,S
γυναικὶ,0,S
γυναικὶ,2,S
γυναικὸς,0,S
γυναικῶν,0,S
γυναιμανὲς,0,S
γυναιμανὲς,2,S
γυναιξί,0,S
γυναιξί,2,S
γυναιξὶ,0,S
γυναιξὶν,0,S
γυναῖκά,0,S
γυναῖκά,2,S
γυναῖκα,0,S
γυναῖκα,2,S
γυναῖκας,0,S
γυναῖκας,2,S
γυναῖκες,0,S
γυναῖκ’,0,S
γυναῖχ’,0,S
γυνὴ,0,S
γυρτιάδην,1,S
γυρτιάδην,2,S
γυῖα,1,S
γόνυ,1,S
γόρτυνά,1,L
γόρτυνά,2,S
γύαλον,0,S
γύαλον,1,S
γύναι,0,S
γύπεσσιν,0,L
γὰρ,0,S
γῆρας,1,S
γῦπες,0,L
γ’αἰνοτάτη,2,S
γ’αἴτιος,1,S
γ’αὐέρυον,2,S
γ’αὐτοσταδίῃ,2,S
γ’αὐτοσταδίῃ,3,S
γ’εἰσελθοῦσα,3,S
γ’εἴα,1,L
γ’οὐκέτι,2,S
γ’οὐτάμεν,1,S
γ’υἷας,1,S
γ’ἀεθλεύειν,0,S
γ’ἀθέριζον,0,S
γ’ἀθήνη,0,S
γ’ἀθανάτοισι,0,L
γ’ἀθανάτοισι,1,S
γ’ἀθανάτοισι,2,S
γ’ἀθανάτοισι,4,S
γ’ἀθανάτων,0,L
γ’ἀθανάτων,1,S
γ’ἀθανάτων,2,S
γ’ἀθηναίῃ,0,S
γ’ἀμείνονα,0,S
γ’ἀμείνονα,3,S
γ’ἀμφίβασιν,1,S
γ’ἀμφίβασιν,2,S
γ’ἀμφίεπον,1,S
γ’ἀνήρ,0,L
γ’ἀνεδύσετο,0,S
γ’ἀνεδύσετο,2,L
γ’ἀντίος,1,S
γ’ἀντιβίοισι,1,S
γ’ἀντιβίοισι,2,S
γ’ἀντιβίοισι,4,S
γ’ἀνὴρ,0,S
γ’ἀποπαύσεσθαι,0,S
γ’ἀπόλλων,0,S
γ’ἀπὸ,0,S
γ’ἀρηϊφίλων,0,S
γ’ἀρηϊφίλων,2,S
γ’ἀρηϊφίλων,3,S
γ’ἀστυνόῳ,1,S
γ’ἀτρεΐδης,2,S
γ’ἀχαιούς,0,S
γ’ἀχιλεὺς,0,S
γ’ἀχιλεὺς,1,S
γ’ἄκουσε,0,S
γ’ἄκουσεν,0,S
γ’ἄλοχός,0,S
γ’ἄμεινον,0,S
γ’ἄνδρας,1,S
γ’ἄνευθε,0,S
γ’ἄνευθεν,0,S
γ’ἄρηα,0,L
γ’ἄρηα,2,L
γ’ἄρ’,0,S
γ’ἐγγύθεν,1,S
γ’ἐδείδιμεν,2,S
γ’ἐκεύθανον,2,S
γ’ἐλάσας,1,S
γ’ἐλθοῦσα,2,S
γ’ἐμμεμαὼς,2,S
γ’ἐμμεμαῶτε,2,S
γ’ἐνὶ,1,S
γ’ἐξοπίσω,2,S
γ’ἐποτρύνων,2,L
γ’ἐπὶ,1,S
γ’ἐράασθε,1,S
γ’ἐρεισάμενος,2,S
γ’ἐρυγόντα,1,S
γ’ἐρυγόντα,3,S
γ’ἐστί,1,S
γ’ἐστὶ,1,S
γ’ἑσταότες,1,S
γ’ἑτοῖμα,2,S
γ’ἔδεισας,2,S
γ’ἔνθα,1,S
γ’ἔπειτα,2,S
γ’ἔστι,1,S
γ’ἔτραφεν,1,S
γ’ἔτραφ’,1,S
γ’ἕκτορα,2,S
γ’ἰθὺ,0,L
γ’ἰθὺ,1,S
γ’ἱμερόεντα,0,L
γ’ἱμερόεντα,4,S
γ’ὀΐομαι,1,L
γ’ὀΐω,1,L
γ’ὄρνυθι,1,S
γ’ὄρνυθι,2,S
γ’ὅρκι’,1,S
γ’ὑποσχόμενοι,0,S
γ’ὑπὸ,0,S
δάηται,0,S
δάκε,0,S
δάκρυ,1,S
δάκρυα,1,S
δάκρυα,2,S
δάκρυον,1,S
δάκρυσι,1,S
δάκρυσι,2,S
δάκρυσιν,1,S
δάκρυσιν,2,S
δάκρυ’,1,S
δάμαρ,0,S
δάμαρ,1,L
δάμαρτι,0,S
δάμασε,0,S
δάμασε,1,S
δάμασον,0,S
δάμασον,1,S
δάμασσαν,0,S
δάμασσας,0,S
δάμασσε,0,S
δάμασσεν,0,S
δάμασσον,0,S
δάμασσ’,0,S
δάμασ’,0,S
δάμασ’,1,S
δάμεν,0,S
δάμη,0,S
δάμνα,1,L
δάμνατο,1,S
δάμνησι,2,S
δάος,0,S
δάρδανοι,1,S
δάρδανον,1,S
δάρδανος,1,S
δάρης,0,S
δάρητος,0,S
δάσασθαι,0,S
δάσκιος,1,S
δάσονται,0,S
δέδυκεν,1,L
δέκα,1,S
δέμας,1,S
δέμνι’,1,S
δένδρεα,2,S
δέξατο,1,S
δέξατό,1,S
δέπας,1,S
δέπαϊ,1,S
δέπαϊ,2,L
δέρμα,1,S
δέρματι,1,S
δέρματι,2,S
δέσματα,1,S
δέσματα,2,S
δέχαται,1,S
δήθυνεν,1,L
δήμια,1,S
δήμια,2,S
δήνεα,2,S
δήσας,1,L
δήϊοι,1,S
δήϊον,1,S
δία,0,S
δία,1,S
δίαινε,0,S
δίδαξε,0,S
δίδη,0,S
δίδομεν,0,S
δίδου,0,S
δίδυμοι,0,S
δίδυμοι,1,S
δίδωμι,0,S
δίδωμι,2,S
δίδωσι,0,S
δίδωσι,2,S
δίε,0,S
δίειπέ,0,S
δίενται,0,S
δίεπε,0,S
δίεπ’,0,S
δίεσθαι,0,S
δίζυγες,1,S
δίης,0,L
δίηται,0,S
δίκαζον,0,S
δίκην,0,S
δίκης,0,S
δίκῃ,0,S
δίκῃσί,0,S
δίκῃσί,2,S
δίνας,0,L
δίνης,0,L
δίνῃσι,0,L
δίνῃσι,2,S
δίον,0,S
δίου,0,L
δίπλακα,1,S
δίπλακα,2,S
δίπλακι,1,S
δίπλακι,2,S
δίπτυχα,1,S
δίπτυχα,2,S
δίσκουρα,2,S
δίφροισι,2,S
δίχα,0,S
δίχα,1,S
δίψά,1,S
δίωκε,0,S
δίωνται,0,S
δίῃ,0,L
δίῳ,0,L
δαΐδων,0,S
δαΐδων,1,S
δαΐζων,0,S
δαΐξαι,0,S
δαΐφρον,0,S
δαΐφρονα,0,S
δαΐφρονα,3,S
δαΐφρονι,0,S
δαΐφρονι,3,S
δαΐφρονος,0,S
δαΐφρων,0,S
δαέρα,0,L
δαέρα,2,S
δαέρων,0,S
δαήμεναι,0,S
δαήμονα,0,S
δαήμονα,3,S
δαήμονος,0,S
δαίδαλα,1,S
δαίδαλα,2,S
δαίδαλος,1,S
δαίμονά,2,S
δαίμονα,2,S
δαίμονας,2,S
δαίμονι,2,S
δαίμοσιν,2,S
δαίνυ,1,L
δαίνυται,1,S
δαίνυ’,1,S
δαίτορά,2,S
δαίτῃσι,2,S
δαείω,0,S
δαιδάλεα,1,S
δαιδάλεον,1,S
δαιδαλέην,1,S
δαιδαλέης,1,S
δαιδαλέοιο,1,S
δαιδαλέοισι,1,S
δαιδαλέοισιν,1,S
δαιδαλέου,1,S
δαιδαλέῃ,1,S
δαιμονίη,2,S
δαιμόνιε,2,S
δαιμόνι’,2,S
δαινυμένους,1,S
δαινῦτό,1,L
δαιτύος,1,S
δαιτὶ,1,S
δακέειν,0,S
δακρυοέσσης,1,S
δακρυόεις,1,S
δακρυόεν,1,S
δακρυόεντα,1,S
δακρυόεσσα,1,S
δακρυόεσσα,4,S
δακρυόεσσαι,1,S
δακρυόεσσαν,1,S
δακρυόεσσαν,4,S
δακρυόφι,1,S
δακρύσαντας,1,L
δακρύσας,1,L
δακρύσας,2,L
δαλὸν,0,L
δαλὸς,0,L
δαμάσαντες,0,S
δαμάσαντες,1,S
δαμάσαντό,0,S
δαμάσαντό,1,S
δαμάσασθαι,0,S
δαμάσασθαι,1,S
δαμάσθη,0,S
δαμάσσατο,0,S
δαμάσσατο,2,S
δαμάσσεται,0,S
δαμάσσομεν,0,S
δαμάσσω,0,S
δαμάσσῃ,0,S
δαμάᾳ,0,S
δαμάᾳ,1,S
δαμέντα,0,S
δαμέντας,0,S
δαμέντε,0,S
δαμέντες,0,S
δαμέντι,0,S
δαμέντ’,0,S
δαμήμεναι,0,S
δαμήῃ,0,S
δαμήῃς,0,S
δαμασαίμεθα,0,S
δαμασαίμεθα,1,S
δαμασαίμεθα,4,S
δαμασθείς,0,S
δαμασθεὶς,0,S
δαμασσάμενοί,0,S
δαμασσάμενοί,2,S
δαμαστορίδην,0,S
δαμαστορίδην,3,S
δαμείετε,0,S
δαμείη,0,S
δαμείς,0,S
δαμεὶς,0,S
δαμεῖεν,0,S
δαμναμένους,1,S
δαμόωσιν,0,S
δαμόωσιν,3,S
δαμᾷ,0,S
δαμῆναι,0,S
δανάης,0,S
δανάης,1,S
δαναοί,0,S
δαναοί,1,S
δαναούς,0,S
δαναούς,1,S
δαναοὶ,0,S
δαναοὶ,1,S
δαναοὺς,0,S
δαναοὺς,1,S
δαναοῖσί,0,S
δαναοῖσί,1,S
δαναοῖσί,3,S
δαναοῖσι,0,S
δαναοῖσι,1,S
δαναοῖσι,3,S
δαναοῖσιν,0,S
δαναοῖσιν,1,S
δαναοῖσιν,3,S
δαναῶν,0,S
δαναῶν,1,S
δαπέδῳ,0,S
δαρδάνου,1,S
δαρδανίδαο,1,S
δαρδανίδαο,2,S
δαρδανίδαο,3,L
δαρδανίδες,1,S
δαρδανίδες,2,S
δαρδανίδη,1,S
δαρδανίδη,2,S
δαρδανίδην,1,S
δαρδανίδην,2,S
δαρδανίδης,1,S
δαρδανίδης,2,S
δαρδανίδων,1,S
δαρδανίδων,2,S
δαρδανίδῃ,1,S
δαρδανίδῃ,2,S
δαρδανίην,1,S
δαρδανίην,2,S
δαρδανίων,1,S
δαρδανίων,2,S
δαρδανίωνες,1,S
δαρδανίωνες,2,S
δαρδανιάων,1,S
δαρδανιάων,2,S
δαρδανιάων,3,L
δασάσκετο,0,S
δατέονται,0,S
δατέοντο,0,S
δατεώμεθα,0,L
δατεώμεθα,4,S
δατεῦντο,0,S
δαυλίδα,1,S
δαυλίδα,2,S
δαφοινεὸν,0,S
δαφοινοὶ,0,S
δαφοινὸν,0,S
δαφοινὸς,0,S
δαϊζέμεναι,0,S
δαϊζόμενος,0,S
δαϊκταμένων,0,S
δαϊκταμένων,2,S
δαὴρ,0,L
δαῒ,0,S
δαῒ,1,S
δαῖτα,1,S
δαῶμεν,0,S
δείδια,1,S
δείδια,2,S
δείδιε,1,S
δείδιθι,1,S
δείδιθι,2,S
δείδιμεν,1,S
δείδισαν,1,S
δείδισαν,2,S
δείδιτε,1,S
δείδοικα,2,S
δείξειας,2,S
δείσας,1,L
δεδάκρυσαι,2,L
δεδίασιν,1,S
δεδίασιν,2,L
δεδαϊγμένοι,1,S
δεδαϊγμένον,1,S
δεδαϊγμένος,1,S
δεδαϊγμένῳ,1,S
δεδεγμένα,3,S
δεδιδάχθαι,1,S
δεδμήατο,2,S
δεδμήμεσθα,3,S
δειδέχατ’,2,S
δειδιότα,1,S
δειδιότας,1,S
δειδιότας,3,L
δειδιότες,1,S
δεικανόωντο,1,S
δεικνύμενος,1,S
δειλοῖσι,2,S
δεινοῖσιν,2,S
δεινότατός,2,S
δεινὰ,1,S
δεινὰς,1,L
δεισήνορά,3,S
δεκάδας,1,S
δεκάδες,1,S
δεκάκις,1,S
δεκάτη,1,S
δεκάτους,1,S
δεκάτῃ,1,S
δεκάτῳ,1,S
δεκάχιλοι,1,S
δεκάχιλοι,2,L
δελφῖνος,1,L
δεξάμενοι,1,S
δεξάμενος,1,S
δεξί’,1,L
δεξαμένη,1,S
δεξαμένῳ,1,S
δεξιά,1,S
δεξιά,2,S
δεξιάδην,1,S
δεξιάδην,2,S
δεξιαί,1,S
δεξιαὶ,1,S
δεξιτερήν,1,S
δεξιτεροῖο,1,S
δεξιτερόν,1,S
δεξιτερὴν,1,S
δεξιτερὸν,1,S
δεξιτερῆς,1,S
δεξιτερῆφι,1,S
δεξιτερῇ,1,S
δεξιόν,1,S
δεξιόφιν,1,S
δεξιὸν,1,S
δεξιὸς,1,S
δεξιῇ,1,S
δεπάεσσι,1,S
δεπάεσσιν,1,S
δεπάων,1,S
δευκαλίδαο,1,S
δευκαλίδαο,2,S
δευκαλίδαο,3,L
δευκαλίδη,1,S
δευκαλίδη,2,S
δευκαλίων,1,S
δευκαλίων,2,S
δευκαλίωνα,1,S
δευκαλίωνα,2,S
δευκαλίωνα,4,S
δευοίατο,2,S
δεύτατος,1,S
δεῖμα,1,S
δηΐου,1,S
δηΐοχον,1,S
δηΐπυρον,1,S
δηΐπυρον,2,S
δηΐπυρόν,1,S
δηΐπυρόν,2,S
δηΐφοβον,1,S
δηΐφοβος,1,S
δηΐφοβόν,1,S
δηΐφοβός,1,S
δηΐφοβ’,1,S
δηΐῳ,1,S
δηίοισι,3,S
δηίοισιν,3,S
δηθά,1,S
δηθύνοντ’,1,L
δηθύνων,1,L
δηθὰ,1,S
δηριάασθαι,1,S
δηριάασθαι,2,S
δηριάασθον,1,S
δηριάασθον,2,S
δηριαάσθων,1,S
δηριαάσθων,2,S
δησάμενος,1,S
δηϊκόωντα,1,S
δηϊοπίτην,1,S
δηϊοπίτην,3,L
δηϊοτῆτα,1,S
δηϊοτῆτι,1,S
δηϊοτῆτος,1,S
δηϊπύλῳ,1,S
δηϊπύλῳ,2,S
δηϊφόβοιο,1,S
δηϊφόβῳ,1,S
δηϊόων,1,S
δηϊόωντες,1,S
δηϊόωντο,1,S
διά,0,S
διά,1,S
διάκτορος,0,S
διάμησε,0,S
διάμησε,1,S
διάνδιχα,0,S
διάνδιχα,2,S
διάνδιχα,3,S
διέεργον,0,S
διέκριθεν,0,S
διέκριθεν,2,S
διέκριναν,0,S
διέκριναν,2,L
διέλθοιεν,0,S
διέπουσ’,0,S
διέπρησσον,0,S
διέπτατο,0,S
διέπτατο,2,S
διέρχεται,0,S
διέσσυτο,0,S
διέσσυτο,2,S
διέσταμεν,0,S
διέσταμεν,2,S
διέστησαν,0,S
διέσχε,0,S
διέτμαγεν,0,S
διέτμαγεν,2,S
διέτρεσαν,0,S
διέτρεσαν,3,S
διέφθορας,0,S
διέφθορας,3,S
διέχευαν,0,S
διέχευαν,3,S
διήλασε,0,S
διήλασε,2,S
διήλασεν,0,S
διήλασεν,2,S
διί,0,S
διί,1,S
διίκεο,0,S
διίκεο,1,L
διίξομαι,0,S
διίστατο,0,S
διίστατο,2,S
διαίνετο,0,S
διαβάς,0,S
διαβάς,1,S
διαβάς,2,L
διαβαινέμεν,0,S
διαβαινέμεν,1,S
διαγιγνώσκοντες,0,S
διαγιγνώσκοντες,1,S
διαγιγνώσκω,0,S
διαγιγνώσκω,1,S
διαγνῶναι,0,S
διαδράκοι,0,S
διαδράκοι,2,S
διαείδεται,0,S
διαείδεται,1,S
διαείσεται,0,S
διαείσεται,1,S
διακέρσαι,0,S
διακέρσαι,1,S
διακλάσσας,0,S
διακλάσσας,3,L
διακοσμηθεῖμεν,0,S
διακοσμηθεῖμεν,1,S
διακρίνωσιν,0,S
διακρίνωσιν,2,L
διακρίνωσιν,4,S
διακρίνῃ,0,S
διακρίνῃ,2,L
διακριδὸν,0,S
διακριδὸν,2,S
διακρινέει,0,S
διακρινέει,2,S
διακρινθέντας,0,S
διακρινθέντας,4,S
διακρινθέντε,0,S
διακρινθήμεναι,0,S
διακρινθεῖτε,0,S
διακτόρῳ,0,S
διαμετρητῷ,0,S
διαμετρητῷ,1,S
διαμπερές,0,S
διαμπερὲς,0,S
διαπέρσαι,0,S
διαπέρσαι,1,S
διαπέρσομεν,0,S
διαπέρσομεν,1,S
διαπλήσσοντες,0,S
διαπορθήσας,0,S
διαπορθήσας,1,S
διαπρήσσουσα,0,S
διαπρήσσουσα,4,S
διαπραθέειν,0,S
διαπραθέειν,2,S
διαπρύσιον,0,S
διαπρύσιον,2,S
διαπρύσιον,3,S
διαπρὸ,0,S
διαρπάζουσιν,0,S
διαρπάζουσιν,4,S
διαρραίσει,0,S
διαρραίσεσθαι,0,S
διαρραῖσαι,0,S
διασκιδνᾶσιν,0,S
διασκιδνᾶσιν,3,L
διασκιδνᾶσιν,4,S
διασκοπιᾶσθαι,0,S
διασκοπιᾶσθαι,3,S
διαστάντες,0,S
διαστήτην,0,S
διατμήξας,0,S
διατρίβειν,0,S
διατρίβειν,2,L
διατρίψας,0,S
διατρίψας,3,L
διατρυφὲν,0,S
διατρυφὲν,2,S
διαφθέρσει,0,S
διδασκέμεν,0,S
διδασκέμεναι,0,S
διδασκόμενος,0,S
διδούς,0,S
διδοῖ,0,S
διδοῖς,0,S
διδοῖσθα,0,S
διδοῦναι,0,S
διδοῦσιν,0,S
διδοῦσιν,2,S
διδυμάονε,0,S
διδυμάονε,1,S
διδυμάονε,2,L
διδυμάοσιν,0,S
διδυμάοσιν,1,S
διδυμάοσιν,2,L
διδυμάοσιν,4,S
διείπομεν,0,S
διείρεο,0,S
διεκόσμεον,0,S
διελέξατο,0,S
διελέξατο,3,S
διελεύσεσθαι,0,S
διελθέμεν,0,S
διεμέτρεον,0,S
διεξίμεναι,0,S
διεξίμεναι,2,S
διεξερέεσθε,0,S
διεπέφραδε,0,S
διεπέφραδε,3,S
διεπράθομέν,0,S
διεπράθομέν,2,S
διερχόμενος,0,S
διεσχίσθη,0,S
διεφαίνετο,0,S
διηκοσίων,0,S
διηκοσίων,3,S
διηκόσιοι,0,S
διηκόσιοι,3,S
διηνεκέεσσι,0,S
διηνεκέεσσι,5,S
διηνεκέεσσ’,0,S
διηνεκέσιν,0,S
διιπετέος,0,S
διιπετέος,1,L
δικάσσατε,0,S
δικάσσατε,2,S
δικάσω,0,S
δικάσω,1,S
δικαζέμεν,0,S
δικαζέτω,0,S
δικαιοτάτων,0,S
δικαιοτάτων,3,S
δικαιότατος,0,S
δικαιότατος,3,S
δικαιότερος,0,S
δικασπόλοι,0,S
δικλίδας,1,S
δικλίδας,2,S
δινήεις,0,L
δινήεντα,0,L
δινήεντα,3,S
δινήεντι,0,L
δινήεντος,0,L
δινήσας,0,L
δινείσθην,0,L
δινεύεσκ’,0,L
δινεύοι,0,L
δινεύοντες,0,L
δινεύουσαν,0,L
δινεύουσαν,3,S
δινηθήτην,0,L
δινωτοῖσι,0,L
δινωτοῖσι,3,S
δινωτὴν,0,L
διογενής,0,L
διογενὲς,0,L
διογενὴς,0,L
διοκλῆα,0,S
διοκλῆα,3,L
διοκλῆος,0,S
διομήδεα,0,S
διομήδεα,4,S
διομήδεος,0,S
διομήδεϊ,0,S
διομήδεϊ,4,S
διομήδε’,0,S
διομήδη,0,S
διομήδης,0,S
διοπτεύσων,0,S
διοπτῆρα,0,S
διοτρεφέες,0,S
διοτρεφέεσσι,0,S
διοτρεφέεσσι,5,S
διοτρεφέος,0,S
διοτρεφές,0,S
διοτρεφέων,0,S
διοτρεφὲς,0,S
διφῶν,0,L
διχθάδι’,1,S
διχθάδι’,2,S
διχθαδίας,1,S
διχθαδίας,2,S
διχθὰ,1,S
διωκέμεν,0,S
διωκόμενον,0,S
διωνύσοιο,0,S
διωνύσοιο,2,L
διόθεν,0,S
διόμηδες,0,S
διός,0,S
διώκει,0,S
διώκειν,0,S
διώκεις,0,S
διώκετο,0,S
διώκετον,0,S
διώκοι,0,S
διώκων,0,S
διώνη,0,S
διώνης,0,S
διώνυσον,0,S
διώνυσον,2,L
διώνυσος,0,S
διώνυσος,2,L
διώρεα,0,L
διώρεα,3,S
διώρεος,0,L
διώρης,0,L
διὰ,0,S
διὰ,1,S
διὲκ,0,S
διὶ,0,S
διὶ,1,S
διὸς,0,S
διῆλθε,0,S
διῒ,0,S
διῒ,1,L
διῶσεν,0,S
δι’,0,S
δμήτειρα,2,S
δμηθέντα,2,S
δμωῇσι,2,S
δμῳῇσι,2,S
δμῳῇσιν,2,S
δοάσσατο,2,S
δοιοῖσι,2,S
δοιοῖσιν,2,S
δοιὰ,1,S
δοκέουσι,3,S
δολίχ’,1,S
δολιχεγχέας,1,S
δολιχεγχέας,4,S
δολιχόν,1,S
δολιχόσκιον,1,S
δολιχόσκιον,3,S
δολιχὸν,1,S
δολομῆτα,3,S
δολοπίονος,2,L
δολοφρονέουσα,5,S
δολοφροσύνην,3,S
δολοφροσύνῃς,3,S
δολόπεσσιν,3,S
δονακῆα,1,S
δουλίχιον,1,S
δουλίχιον,2,S
δουλιχίοιο,1,S
δουλιχίοιο,2,S
δουλιχοδείρων,1,S
δουρί,1,S
δουρικλυτός,2,S
δουρικλυτὸς,2,S
δουρὶ,1,S
δούλιον,1,S
δούρασιν,1,S
δούρασιν,2,S
δούρατά,1,S
δούρατά,2,S
δούρατα,1,S
δούρατα,2,S
δούρατι,1,S
δούρατι,2,S
δούρατος,1,S
δούρατ’,1,S
δούρεσσι,2,S
δοῦρα,1,S
δράγματα,1,S
δράγματα,2,S
δράκοντα,0,S
δράκοντα,2,S
δράκοντες,0,S
δράκων,0,S
δρακίος,0,S
δρακίος,1,S
δραμέτην,0,S
δρατὰ,0,S
δρατὰ,1,S
δρεπάνας,1,S
δρεπάνας,2,L
δριμεῖα,0,L
δριμεῖα,2,S
δριμύ,0,L
δριμύ,1,S
δριμὺς,0,L
δρυμὰ,0,S
δρυμὰ,1,S
δρυσὶν,0,S
δρυσὶν,1,S
δρυτόμος,0,S
δρυτόμων,0,S
δρυὸς,0,S
δρυῒ,0,S
δρυῒ,1,S
δρύαντά,0,S
δρύαντά,2,S
δρύαντος,0,S
δρύες,0,S
δρύοπ’,0,S
δρῦς,0,L
δυνάμει,0,S
δυνάμει,1,S
δυνάμεσθα,0,S
δυνάμεσθα,1,S
δυνάμεσθα,3,S
δυνάμην,0,S
δυνάμην,1,S
δυνάσθη,0,S
δυνήσατο,0,S
δυνήσατο,2,S
δυνήσεαι,0,S
δυνήσεται,0,S
δυνήσομαι,0,S
δυναίμην,0,S
δυναμένη,0,L
δυναμένη,1,S
δυοκαίδεκα,0,S
δυοκαίδεκα,4,S
δυσάμμορε,0,S
δυσάμμοροι,0,S
δυσάμμορος,0,S
δυσαέος,0,S
δυσαέος,1,L
δυσαίατ’,0,L
δυσαίατ’,2,S
δυσαριστοτόκεια,0,S
δυσαριστοτόκεια,1,S
δυσηλεγέος,0,S
δυσηχέος,0,S
δυσκελάδου,2,S
δυσκλέα,2,S
δυσμενέεσσι,4,S
δυσμενέεσσιν,4,S
δυστήνοισι,3,S
δυσωρήσωνται,0,S
δυσώνυμοι,0,S
δυσώνυμοι,2,S
δυσώνυμος,0,S
δυσώνυμος,2,S
δυωδεκάβοιον,0,S
δυωδεκάβοιον,3,S
δυωδεκάτη,0,S
δυωδεκάτη,3,S
δυωδεκάτῃ,0,S
δυωδεκάτῃ,3,S
δυωκαιεικοσίμετρον,0,S
δυωκαιεικοσίμετρον,5,S
δυωκαιεικοσίπηχυ,0,S
δυωκαιεικοσίπηχυ,5,S
δυώδεκα,0,S
δυώδεκα,3,S
δυώδεκ’,0,S
δωδεκάτη,2,S
δωδεκάτῃ,2,S
δωτίνῃσι,1,L
δωτίνῃσι,3,S
δόλοισι,2,S
δόμοισιν,2,S
δόνακας,1,S
δόρπά,1,S
δόρπα,1,S
δόρυ,1,S
δόσαν,1,S
δόσις,1,S
δόχμιά,1,S
δόχμιά,2,S
δύεται,0,S
δύμαντος,0,S
δύμεναι,0,L
δύναμίς,0,S
δύναμίς,1,S
δύναμαι,0,S
δύναμαι,1,S
δύναμιν,0,S
δύναμιν,1,S
δύναμ’,0,S
δύναμ’,1,S
δύνανται,0,S
δύναντο,0,S
δύνασαί,0,S
δύνασαί,1,S
δύνασαι,0,S
δύνασαι,1,S
δύναταί,0,S
δύναταί,1,S
δύναται,0,S
δύναται,1,S
δύνατο,0,S
δύνατο,1,S
δύνατ’,0,S
δύνατ’,1,S
δύνει,0,L
δύνεις,0,L
δύνηαι,0,S
δύντα,1,S
δύο,0,S
δύοντο,0,S
δύσαντο,0,L
δύσεαι,0,L
δύσεθ’,0,L
δύσεο,0,L
δύσετο,0,L
δύσετ’,0,L
δύσονται,0,L
δύσπαρι,1,S
δύσπαρι,2,S
δύσω,0,L
δύτω,0,L
δύω,0,S
δύων,0,S
δύῃ,0,L
δύῃς,0,L
δύ’,0,S
δώδεκα,2,S
δώμαθ’,1,S
δώμασιν,1,S
δώμασιν,2,S
δώμασ’,1,S
δώματα,1,S
δώματα,2,S
δώματος,1,S
δώματ’,1,S
δώριον,1,S
δώροισι,2,S
δώσουσι,2,S
δώωσιν,2,S
δώῃσιν,2,S
δὴἀντίβιον,2,S
δὴἀντίβιον,3,S
δὴἀντιμάχοιο,2,S
δὴἀντιμάχοιο,3,S
δὴἀφνειότατος,4,S
δᾶερ,0,L
δῃώσας,2,L
δῃώσωσιν,3,S
δῆριν,1,S
δῆσαν,1,S
δῖα,0,L
δῖα,1,S
δῖαν,0,L
δῖαν,1,S
δῖε,0,L
δῖοί,0,L
δῖοι,0,L
δῖον,0,L
δῖος,0,L
δῖός,0,L
δῖ’,0,L
δῦ,0,L
δῦθι,0,L
δῦναι,0,L
δῦνε,0,L
δῦνον,0,L
δῦν’,0,L
δῦσαι,0,L
δῦτε,0,L
δῶκα,1,S
δῶμα,1,S
δῶρα,1,S
δῶσιν,1,S
δῷσι,1,S
δ’αἰακίδαο,1,S
δ’αἰακίδαο,2,S
δ’αἰακίδαο,3,L
δ’αἰακίδης,1,S
δ’αἰακίδης,2,S
δ’αἰγίδα,1,S
δ’αἰγίδα,2,S
δ’αἰγίδι,1,S
δ’αἰγίδι,2,S
δ’αἰγανέης,1,S
δ’αἰνείαο,2,L
δ’αἰπὰ,1,S
δ’αἰπὺν,1,S
δ’αἰπὺς,1,S
δ’αἰχμάσσουσι,3,S
δ’αἰχμητά,2,L
δ’αἱματόεντα,1,S
δ’αἱματόεντα,4,S
δ’αἱματόεσσα,1,S
δ’αἱματόεσσα,4,S
δ’αἴαντα,2,S
δ’αἴας,1,L
δ’αἴθοπα,2,S
δ’αἴθωνα,2,S
δ’αἴθωνι,2,S
δ’αἴνυτο,1,S
δ’αἴσιμον,1,S
δ’αἴσυλα,1,S
δ’αἴσυλα,2,S
δ’αἵματι,1,S
δ’αἵματι,2,S
δ’αἶψα,1,S
δ’αἷμα,1,S
δ’αὐτίκ’,1,S
δ’αὐτομέδοντα,4,S
δ’αὐτοσχεδὰ,3,S
δ’αὐτοῖσι,2,S
δ’αὐτόθι,2,S
δ’αὐτῇσι,2,S
δ’αὐχένα,2,S
δ’αὖθι,1,S
δ’αὖτις,1,S
δ’εἰλίποδας,1,S
δ’εἰλίποδας,3,L
δ’εἰνὶ,1,S
δ’εἰσάμενος,1,S
δ’εἰσαφίκανε,1,S
δ’εἰσαφίκανε,2,S
δ’εἰσαφίκανε,3,L
δ’εἰσελάσαντες,2,S
δ’εἴνατος,1,S
δ’εἴνατός,1,S
δ’εἴσιδεν,1,S
δ’εἷσαν,1,S
δ’εὐαιμονίδης,3,S
δ’εὐνὰς,1,L
δ’εὐξάμενος,1,S
δ’εὐρυμέδων,1,S
δ’εὐρυτέρη,1,S
δ’εὐρύαλος,1,S
δ’εὐρύαλος,2,S
δ’εὐρύοπα,1,S
δ’εὔβοιαν,2,S
δ’οἰμώξας,2,L
δ’οἰωνοῖσι,3,S
δ’οἴκαδ’,1,S
δ’οἴσουσι,2,S
δ’οὐκέτι,2,S
δ’οὐρίαχος,1,S
δ’οὐρίαχος,2,S
δ’οὐρανόν,1,S
δ’οὐρανὸν,1,S
δ’οὔασι,1,S
δ’οὔασι,2,S
δ’οὔρεα,2,S
δ’οὔτασεν,1,S
δ’υἱάσιν,1,S
δ’υἱάσιν,2,S
δ’ἀΐδης,0,S
δ’ἀΐδης,1,S
δ’ἀΐξαντε,0,L
δ’ἀΐξασα,0,L
δ’ἀΐξασα,2,L
δ’ἀΐξασα,3,S
δ’ἀΐξασκε,0,L
δ’ἀέκητι,0,S
δ’ἀέκητι,3,S
δ’ἀέκοντε,0,S
δ’ἀέκουσ’,0,S
δ’ἀέλλη,0,S
δ’ἀγέλην,0,S
δ’ἀγέροντο,0,S
δ’ἀγήνορος,0,S
δ’ἀγήνωρ,0,S
δ’ἀγαθοῦ,0,S
δ’ἀγαθοῦ,1,S
δ’ἀγαμέμνων,0,S
δ’ἀγαμέμνων,1,S
δ’ἀγανοῖς,0,S
δ’ἀγανοῖς,1,S
δ’ἀγγελέουσα,4,S
δ’ἀγγελέουσι,4,S
δ’ἀγγελίην,2,S
δ’ἀγκὰς,1,S
δ’ἀγλαΐηφι,1,S
δ’ἀγλαΐηφι,2,S
δ’ἀγλαΐηφι,4,S
δ’ἀγλαὰ,1,S
δ’ἀγλαὰ,2,S
δ’ἀγλαὸν,1,S
δ’ἀγορή,0,S
δ’ἀγορεύεις,0,S
δ’ἀγορὰς,0,S
δ’ἀγορὰς,2,L
δ’ἀγορὴ,0,S
δ’ἀγορὴν,0,S
δ’ἀγυιάς,0,S
δ’ἀγχιστῖνοι,2,L
δ’ἀγόρευ’,0,S
δ’ἀγών,0,S
δ’ἀθήνη,0,S
δ’ἀθήνῃ,0,S
δ’ἀθανάτοισι,0,L
δ’ἀθανάτοισι,1,S
δ’ἀθανάτοισι,2,S
δ’ἀθανάτοισι,4,S
δ’ἀθηναίην,0,S
δ’ἀθηναίῃ,0,S
δ’ἀθηναῖοι,0,S
δ’ἀθρόα,2,S
δ’ἀκάμαντα,0,S
δ’ἀκάμαντα,1,S
δ’ἀκάμαντα,3,S
δ’ἀκάμαντος,0,S
δ’ἀκάμαντος,1,S
δ’ἀκάμας,0,S
δ’ἀκάμας,1,S
δ’ἀκάμας,2,L
δ’ἀκέων,0,S
δ’ἀκαχήατο,0,S
δ’ἀκαχήατο,1,S
δ’ἀκαχήατο,3,S
δ’ἀλάπαζε,0,S
δ’ἀλάπαζε,1,S
δ’ἀλέασθαι,0,S
δ’ἀλέεινε,0,S
δ’ἀλέξανδρος,0,S
δ’ἀλίαστον,0,S
δ’ἀλίαστον,1,S
δ’ἀλίαστος,0,S
δ’ἀλίαστος,1,S
δ’ἀλίτηται,0,S
δ’ἀλίτηται,1,S
δ’ἀλίτωμαι,0,S
δ’ἀλίτωμαι,1,S
δ’ἀλαλητῷ,0,S
δ’ἀλαλητῷ,1,S
δ’ἀλαστορίδην,0,S
δ’ἀλαστορίδην,3,S
δ’ἀλεγεινοὶ,0,S
δ’ἀλευάμενος,0,S
δ’ἀλευάμενος,2,S
δ’ἀλεώμεθα,0,S
δ’ἀλεώμεθα,4,S
δ’ἀλκιμέδοντα,1,S
δ’ἀλκιμέδοντα,4,S
δ’ἀλκιμέδων,1,S
δ’ἀλλήλοισι,3,S
δ’ἀλλοδαπῷ,2,S
δ’ἀλλοφρονέοντα,5,S
δ’ἀλφίτου,1,S
δ’ἀλόχους,0,S
δ’ἀλύουσ’,0,S
δ’ἀλύουσ’,1,S
δ’ἀμέγαρτον,0,S
δ’ἀμήχανος,0,S
δ’ἀμήχανος,2,S
δ’ἀμήχανός,0,S
δ’ἀμήχανός,2,S
δ’ἀμαλλοδετῆρες,0,S
δ’ἀμαρυγκεΐδης,0,S
δ’ἀμαρυγκεΐδης,1,S
δ’ἀμαρυγκεΐδης,4,S
δ’ἀμβροσίην,2,S
δ’ἀμβρόσιον,2,S
δ’ἀμβρόσιος,2,S
δ’ἀμείβετο,0,S
δ’ἀμφέσταν,2,S
δ’ἀμφίθετον,1,S
δ’ἀμφίμαχον,1,S
δ’ἀμφίμαχον,2,S
δ’ἀμφίπολοι,1,S
δ’ἀμφίπολος,1,S
δ’ἀμφίσταθ’,2,S
δ’ἀμφεποτᾶτο,3,L
δ’ἀμφιλύκη,1,L
δ’ἀμφιλύκη,2,L
δ’ἀμφιπεριστρώφα,1,S
δ’ἀμφιπεριστρώφα,5,L
δ’ἀμφιπόλοισιν,1,S
δ’ἀμφιπόλοισιν,4,S
δ’ἀμφοτέροισιν,4,S
δ’ἀμφὶ,1,S
δ’ἀμφὶς,1,S
δ’ἀμύμονα,0,S
δ’ἀμύμονα,1,L
δ’ἀμύμονα,3,S
δ’ἀμύνων,0,S
δ’ἀμύνων,1,L
δ’ἀνάειρε,0,S
δ’ἀνάειρε,1,S
δ’ἀνάσσειν,0,S
δ’ἀνάσσεις,0,S
δ’ἀνέβη,0,S
δ’ἀνέβραχε,0,S
δ’ἀνέβραχε,2,S
δ’ἀνέδραμεν,0,S
δ’ἀνέδραμεν,2,S
δ’ἀνέδυ,0,S
δ’ἀνέδυ,2,L
δ’ἀνέμοισιν,0,S
δ’ἀνέμοισιν,3,S
δ’ἀνέμους,0,S
δ’ἀνένευε,0,S
δ’ἀνένευσε,0,S
δ’ἀνέπαλτο,0,S
δ’ἀνέρες,0,L
δ’ἀνέσαντες,0,S
δ’ἀνέστη,0,S
δ’ἀνέσχετο,0,S
δ’ἀνήρ,0,L
δ’ἀνίπτοισιν,0,S
δ’ἀνίστη,0,S
δ’ἀναίνεται,0,S
δ’ἀναίνετο,0,S
δ’ἀναβὰς,0,S
δ’ἀναβὰς,1,S
δ’ἀναβὰς,2,L
δ’ἀναθρῴσκων,0,S
δ’ἀνακυμβαλίαζον,0,S
δ’ἀνακυμβαλίαζον,1,S
δ’ἀνακυμβαλίαζον,3,S
δ’ἀνακυμβαλίαζον,4,S
δ’ἀναμαιμάει,0,S
δ’ἀναμαιμάει,1,S
δ’ἀναμαιμάει,3,L
δ’ἀναοίγεσκον,0,S
δ’ἀναοίγεσκον,1,S
δ’ἀναστὰς,0,S
δ’ἀνασχομένω,0,S
δ’ἀναχαζομένοιο,0,S
δ’ἀναχαζομένοιο,1,S
δ’ἀναχασσαμένη,0,S
δ’ἀναχασσαμένη,1,S
δ’ἀναχασσαμένη,3,S
δ’ἀναχωρήσας,0,S
δ’ἀναχωρήσας,1,S
δ’ἀνδραπόδεσσι,1,S
δ’ἀνδραπόδεσσι,4,S
δ’ἀνδρομάχη,2,S
δ’ἀνεδέξατο,0,S
δ’ἀνεδέξατο,3,S
δ’ἀνεκήκιεν,0,S
δ’ἀνεκήκιεν,3,S
δ’ἀνετράπετ’,0,S
δ’ἀνετράπετ’,2,S
δ’ἀνεχάζετο,0,S
δ’ἀνεχώρησεν,0,S
δ’ἀνηκόντιζε,0,S
δ’ἀνιστάμενος,0,S
δ’ἀνιστάμενος,2,S
δ’ἀντίθεος,1,S
δ’ἀντίλοχος,1,S
δ’ἀντίοι,1,S
δ’ἀντίον,1,S
δ’ἀντίος,1,S
δ’ἀντιάασθε,1,S
δ’ἀντιάασθε,2,S
δ’ἀντιθέοισιν,1,S
δ’ἀντιθέοισιν,4,S
δ’ἀντικρὺ,2,L
δ’ἀντιμάχοιο,1,S
δ’ἀντιμάχοιο,2,S
δ’ἀνόρουσε,0,S
δ’ἀνόρουσεν,0,S
δ’ἀνὰ,0,S
δ’ἀνὰ,1,S
δ’ἀνὴρ,0,S
δ’ἀν’,0,S
δ’ἀξιὸς,1,S
δ’ἀπάνευθε,0,S
δ’ἀπάνευθε,1,S
δ’ἀπάνευθεν,0,S
δ’ἀπάνευθεν,1,S
δ’ἀπάραξε,0,S
δ’ἀπάραξε,1,S
δ’ἀπάτερθεν,0,S
δ’ἀπάτερθεν,1,S
δ’ἀπέβαινεν,0,S
δ’ἀπέθηκ’,0,S
δ’ἀπέληγεν,0,S
δ’ἀπέπαυσε,0,S
δ’ἀπέπεμπε,0,S
δ’ἀπέπιπτον,0,S
δ’ἀπέσσυτο,0,S
δ’ἀπέσσυτο,2,S
δ’ἀπαμειβόμενος,0,S
δ’ἀπαμειβόμενος,1,S
δ’ἀπελάμπετο,0,S
δ’ἀπελυμαίνοντο,0,S
δ’ἀπελυμαίνοντο,2,L
δ’ἀπενάσσατο,0,S
δ’ἀπενάσσατο,3,S
δ’ἀπεπλάγχθη,0,S
δ’ἀπερείσι’,0,S
δ’ἀπερείσι’,3,S
δ’ἀπερύκοι,0,S
δ’ἀπερύκοι,2,L
δ’ἀπετίνυτο,0,S
δ’ἀπετίνυτο,2,L
δ’ἀπετίνυτο,3,S
δ’ἀπιόντα,0,S
δ’ἀπιόντα,1,S
δ’ἀπιόντα,3,S
δ’ἀπιόντος,0,S
δ’ἀπιόντος,1,S
δ’ἀποβάντες,0,S
δ’ἀποθέσθαι,0,S
δ’ἀπολήγει,0,S
δ’ἀπονόσφιν,0,S
δ’ἀπονόσφιν,3,S
δ’ἀποπαύεο,0,S
δ’ἀπόεικε,0,S
δ’ἀπόλλων,0,S
δ’ἀπόλλωνα,0,L
δ’ἀπόλλωνα,3,S
δ’ἀπόλλωνι,0,L
δ’ἀπόλλωνι,3,S
δ’ἀπόλωλε,0,S
δ’ἀπόρουσε,0,S
δ’ἀπόρουσεν,0,S
δ’ἀπόφημι,0,S
δ’ἀπόφημι,3,S
δ’ἀπὸ,0,S
δ’ἀπ’,0,S
δ’ἀρήγεθ’,0,S
δ’ἀρήγει,0,S
δ’ἀρήγων,0,S
δ’ἀρήϊοι,0,S
δ’ἀρήϊοι,2,S
δ’ἀρίγνωτος,0,S
δ’ἀργαλέον,1,S
δ’ἀργαλέῳ,1,S
δ’ἀργείοισιν,3,S
δ’ἀργεννῇσι,3,S
δ’ἀργιόδοντες,1,S
δ’ἀργύρεον,1,S
δ’ἀργύρου,1,S
δ’ἀρειῇ,0,S
δ’ἀρετάονα,0,S
δ’ἀρετάονα,2,L
δ’ἀρετάονα,4,S
δ’ἀρετὴ,0,S
δ’ἀρετὴν,0,S
δ’ἀρηΐθοον,0,S
δ’ἀρηΐθοον,2,S
δ’ἀριστήεσσι,0,S
δ’ἀριστήεσσι,4,S
δ’ἀριστερὸν,0,S
δ’ἀροτῆρες,0,S
δ’ἀσκάλαφον,1,S
δ’ἀσκάλαφον,2,S
δ’ἀσπάσιος,1,S
δ’ἀσπάσιος,2,S
δ’ἀσπίδα,1,S
δ’ἀσπίδα,2,S
δ’ἀσπίδ’,1,L
δ’ἀσπληδόνα,3,S
δ’ἀσπὶς,1,L
δ’ἀστέρα,2,S
δ’ἀσφαλέως,1,S
δ’ἀτρεΐδα,2,S
δ’ἀτρεΐδα,3,L
δ’ἀτρεΐδαο,2,S
δ’ἀτρεΐδαο,3,L
δ’ἀτρεΐδεω,2,S
δ’ἀτρεΐδην,2,S
δ’ἀτρεΐδης,2,S
δ’ἀτρεΐδῃς,2,S
δ’ἀφέηκε,0,S
δ’ἀφήμενος,0,S
δ’ἀφίκοντο,0,S
δ’ἀφίκοντο,1,S
δ’ἀφροδίτην,0,S
δ’ἀφροδίτην,2,L
δ’ἀφ’,0,S
δ’ἀχαιοί,0,S
δ’ἀχαιούς,0,S
δ’ἀχαιοὶ,0,S
δ’ἀχαιοὺς,0,S
δ’ἀχαιῶν,0,S
δ’ἀχιλεύς,0,S
δ’ἀχιλεύς,1,S
δ’ἀχιλεὺς,0,S
δ’ἀχιλεὺς,1,S
δ’ἀχιλλεύς,0,S
δ’ἀχιλλῆϊ,0,S
δ’ἀχιλλῆϊ,3,L
δ’ἀχιλῆα,0,S
δ’ἀχιλῆα,1,S
δ’ἀχιλῆα,3,S
δ’ἀχιλῆϊ,0,S
δ’ἀχιλῆϊ,1,S
δ’ἀχιλῆϊ,3,S
δ’ἀϋτή,0,S
δ’ἀϋτή,1,L
δ’ἀϋτήν,0,S
δ’ἀϋτήν,1,L
δ’ἀϋτμὴ,0,S
δ’ἀϋτὴ,0,S
δ’ἀϋτὴ,1,L
δ’ἁδινῶς,0,S
δ’ἁδινῶς,1,S
δ’ἁλὸς,0,S
δ’ἁμαρτῇ,0,S
δ’ἁπαλοῖο,0,S
δ’ἁπαλοῖο,1,S
δ’ἁπαλῆς,0,S
δ’ἁπαλῆς,1,S
δ’ἁπλοΐδας,2,S
δ’ἂν,0,S
δ’ἃς,0,L
δ’ἄβαντα,0,S
δ’ἄβαντα,2,S
δ’ἄγαγε,0,S
δ’ἄγαγε,1,S
δ’ἄγαγον,0,S
δ’ἄγαγον,1,S
δ’ἄγε,0,S
δ’ἄγειν,0,S
δ’ἄγετ’,0,S
δ’ἄγον,0,S
δ’ἄγωμεν,0,S
δ’ἄγων,0,S
δ’ἄγ’,0,S
δ’ἄκοιτιν,0,S
δ’ἄκουσεν,0,S
δ’ἄλγιον,1,S
δ’ἄληκτόν,0,L
δ’ἄλκιμα,1,S
δ’ἄλκιμα,2,S
δ’ἄλκιμον,1,S
δ’ἄλλα,1,S
δ’ἄλλοισι,2,S
δ’ἄλοχον,0,S
δ’ἄλφιτα,1,S
δ’ἄλφιτα,2,S
δ’ἄμβροτα,2,S
δ’ἄμερδεν,0,S
δ’ἄμμιν,1,S
δ’ἄμυδις,0,S
δ’ἄμυδις,1,S
δ’ἄμυσσε,0,S
δ’ἄναντα,0,S
δ’ἄναντα,2,S
δ’ἄνδιχα,1,S
δ’ἄνδιχα,2,S
δ’ἄνδρα,1,S
δ’ἄνδρας,1,S
δ’ἄνδρεσσι,2,S
δ’ἄνδρεσσιν,2,S
δ’ἄνεμοι,0,S
δ’ἄνεμος,0,S
δ’ἄνεσάν,0,S
δ’ἄνευθεν,0,S
δ’ἄνεῳ,0,S
δ’ἄντιφος,1,S
δ’ἄντυγα,1,S
δ’ἄντυγα,2,S
δ’ἄξια,1,S
δ’ἄξια,2,S
δ’ἄξοσι,2,S
δ’ἄορ,0,S
δ’ἄορι,0,S
δ’ἄποινα,0,S
δ’ἄποινα,2,S
δ’ἄρά,0,S
δ’ἄρα,0,S
δ’ἄρα,1,S
δ’ἄργισσαν,2,S
δ’ἄρης,0,S
δ’ἄρηϊ,0,S
δ’ἄρηϊ,2,S
δ’ἄρτεμις,2,S
δ’ἄρ’,0,S
δ’ἄσιος,0,L
δ’ἄσιος,1,S
δ’ἄτη,0,L
δ’ἄφαρ,0,S
δ’ἄχεος,0,S
δ’ἄχεϊ,0,S
δ’ἄχεϊ,2,L
δ’ἄχε’,0,S
δ’ἄχος,0,S
δ’ἄϊδι,0,S
δ’ἄϊδι,1,S
δ’ἄϊδος,0,S
δ’ἄϊδος,1,S
δ’ἄϊεν,0,S
δ’ἄϊεν,1,S
δ’ἅλα,0,S
δ’ἅλα,1,S
δ’ἅμα,0,S
δ’ἅμα,1,S
δ’ἅμ’,0,S
δ’ἅπαν,0,S
δ’ἅπαν,1,S
δ’ἅρματος,1,S
δ’ἐάγη,1,S
δ’ἐάλη,1,S
δ’ἐβάλοντο,1,S
δ’ἐγγύθεν,1,S
δ’ἐγγὺς,1,S
δ’ἐγδούπησαν,3,S
δ’ἐγρηγόρθασι,3,L
δ’ἐγρηγόρθασι,4,S
δ’ἐδέξατο,2,S
δ’ἐκάλει,1,S
δ’ἐκίχανεν,1,S
δ’ἐκίχανεν,2,L
δ’ἐκδιαβάντες,1,S
δ’ἐκδιαβάντες,2,S
δ’ἐκδῦμεν,1,L
δ’ἐκκαλέσας,1,S
δ’ἐκσπασσαμένω,2,S
δ’ἐκύει,1,S
δ’ἐλάαν,1,S
δ’ἐλάαν,2,L
δ’ἐλάσαι,1,S
δ’ἐλάφοιο,1,S
δ’ἐλέγχεα,3,S
δ’ἐλίγαινον,1,S
δ’ἐλατῆρες,1,S
δ’ἐλατῆρ’,1,S
δ’ἐλεεινὰ,3,S
δ’ἐλελιξάμενος,3,S
δ’ἐλλιτάνευε,1,S
δ’ἐλλιτάνευε,2,S
δ’ἐμάχοντο,1,S
δ’ἐμιαίνετο,1,S
δ’ἐμμεμαῶτες,2,S
δ’ἐμπλήσατο,2,S
δ’ἐμπνεύσῃσι,3,S
δ’ἐνένιπε,2,L
δ’ἐνίκα,1,L
δ’ἐναντίον,2,S
δ’ἐνδίνων,1,L
δ’ἐνετῇσι,3,S
δ’ἐνθάδε,1,S
δ’ἐνθάδ’,1,S
δ’ἐνιῆνες,1,S
δ’ἐννέα,2,S
δ’ἐννοσίγαιος,2,S
δ’ἐνυαλίοιο,1,L
δ’ἐνυαλίοιο,2,S
δ’ἐνυαλίοιο,3,S
δ’ἐνὶ,1,S
δ’ἐξήνυσε,2,S
δ’ἐξίκετο,1,L
δ’ἐξαίνυτο,2,S
δ’ἐξαίσιον,2,S
δ’ἐξακέονται,1,S
δ’ἐξαναβᾶσαι,1,S
δ’ἐξαναβᾶσαι,2,S
δ’ἐξαναβᾶσαι,3,L
δ’ἐξαπάτησεν,1,S
δ’ἐξαπάτησεν,2,S
δ’ἐξαπίνης,1,S
δ’ἐξαπίνης,2,S
δ’ἐξαῦτις,2,S
δ’ἐξείρυσσαν,3,S
δ’ἐξελάσας,2,S
δ’ἐξελύθη,2,S
δ’ἐξενάριξε,2,S
δ’ἐξηρώησαν,4,S
δ’ἐξικόμην,1,S
δ’ἐξοπίσω,2,S
δ’ἐξόπιθε,2,S
δ’ἐξόπιθεν,2,S
δ’ἐπάγη,1,S
δ’ἐπέδραμε,2,S
δ’ἐπέδραμεν,2,S
δ’ἐπέεσσι,3,S
δ’ἐπέμυξαν,3,S
δ’ἐπένευσα,3,S
δ’ἐπέσσυτο,2,S
δ’ἐπί,1,S
δ’ἐπίθοντο,1,S
δ’ἐπίστατο,2,S
δ’ἐπαΐξαι,1,L
δ’ἐπαΐξας,1,L
δ’ἐπαΐξασκε,1,L
δ’ἐπαΐσσων,1,L
δ’ἐπαγαλλόμενος,1,S
δ’ἐπαλεξήσων,1,S
δ’ἐπαμείβεται,1,S
δ’ἐπανέστησαν,1,S
δ’ἐπαπειλήσας,1,S
δ’ἐπαπειλήσας,4,L
δ’ἐπαύσατο,2,S
δ’ἐπελήλατο,3,S
δ’ἐπευξάμενος,2,S
δ’ἐπεύξατο,2,S
δ’ἐπιανδάνει,1,S
δ’ἐπιανδάνει,3,S
δ’ἐπιβᾶσα,1,S
δ’ἐπιβᾶσα,2,L
δ’ἐπιβᾶσα,3,S
δ’ἐπιγίγνεται,1,S
δ’ἐπιθαρσύνων,1,S
δ’ἐπιθαρσύνων,3,L
δ’ἐπικείσετ’,1,S
δ’ἐπικερτομέων,1,S
δ’ἐπιλήσονται,1,S
δ’ἐπιμειδήσας,1,S
δ’ἐπιοσσομένω,1,S
δ’ἐπιπείθεο,1,S
δ’ἐπιπειθόμεναι,1,S
δ’ἐπιστροφάδην,3,S
δ’ἐπότρυνε,2,L
δ’ἐπὶ,1,S
δ’ἐρέτας,2,L
δ’ἐρίβωλον,1,S
δ’ἐρίηρας,1,S
δ’ἐρίηρας,3,S
δ’ἐρίηρες,1,S
δ’ἐρεισάμενος,2,S
δ’ἐρευθαλίων,2,S
δ’ἐρευθαλίων,3,S
δ’ἐρευθαλίωνι,2,S
δ’ἐρευθαλίωνι,3,S
δ’ἐρευθαλίωνι,5,S
δ’ἐριαύχενας,1,S
δ’ἐριαύχενας,4,S
δ’ἐριαύχενες,1,S
δ’ἐρινεὸν,1,L
δ’ἐριούνιος,1,S
δ’ἐριούνιος,3,S
δ’ἐριχθόνιος,3,S
δ’ἐρρίγησαν,1,L
δ’ἐρρίγησαν,3,S
δ’ἐρρίγησε,1,L
δ’ἐρύμαντα,1,S
δ’ἐρύμαντα,3,S
δ’ἐρύσας,1,S
δ’ἐρῆμα,2,S
δ’ἐσαγείρετο,1,S
δ’ἐσχατιὴν,1,S
δ’ἐσχατιὴν,2,S
δ’ἐτίθει,1,S
δ’ἐτίναχθεν,1,S
δ’ἐτράπετ’,1,S
δ’ἐφύπερθε,1,S
δ’ἐχάρησαν,1,S
δ’ἐχάρησαν,3,S
δ’ἑβδομάτῃ,2,S
δ’ἑδριάασθαι,1,S
δ’ἑδριάασθαι,2,S
δ’ἑκάβη,1,S
δ’ἑκάτερθεν,1,S
δ’ἑκατηβόλον,1,S
δ’ἑκατόμβας,1,S
δ’ἑκατόμβην,1,S
δ’ἑλκομενάων,3,L
δ’ἑπτὰ,1,S
δ’ἑσταότες,1,S
δ’ἑσταότων,1,S
δ’ἑτάροιο,1,S
δ’ἑτάροισι,1,S
δ’ἑτάροισι,3,S
δ’ἑτάροισιν,1,S
δ’ἑτάροισιν,3,S
δ’ἑτάρους,1,S
δ’ἑτάρων,1,S
δ’ἑτέροισί,3,S
δ’ἔβαλον,1,S
δ’ἔβαλ’,1,S
δ’ἔβαν,1,S
δ’ἔβραχε,1,S
δ’ἔγχεα,2,S
δ’ἔγχεϊ,2,S
δ’ἔδραμε,1,S
δ’ἔκβαλεν,1,S
δ’ἔκλιναν,1,L
δ’ἔκλυε,1,S
δ’ἔκταθεν,1,S
δ’ἔκταμ’,1,S
δ’ἔκτανε,1,S
δ’ἔκτανεν,1,S
δ’ἔκτυπε,1,S
δ’ἔλαβ’,1,S
δ’ἔλαθ’,1,S
δ’ἔλασε,1,S
δ’ἔλασεν,1,L
δ’ἔλαχε,1,S
δ’ἔλαχον,1,S
δ’ἔλαχ’,1,S
δ’ἔλιπε,1,S
δ’ἔλιπον,1,S
δ’ἔλυεν,1,L
δ’ἔλυσ’,1,L
δ’ἔμβαλον,1,S
δ’ἔναρα,1,S
δ’ἔνδοθι,2,S
δ’ἔνδυνε,1,L
δ’ἔνι,1,S
δ’ἔνορχα,2,S
δ’ἔντεα,2,S
δ’ἔντερα,2,S
δ’ἔντυνον,1,L
δ’ἔξειμι,2,S
δ’ἔξεσσι,2,S
δ’ἔξοχα,2,S
δ’ἔπειτα,2,S
δ’ἔπτατο,1,S
δ’ἔργα,1,S
δ’ἔριδα,1,S
δ’ἔριδος,1,S
δ’ἔριθοι,1,L
δ’ἔριπ’,1,S
δ’ἔρις,1,S
δ’ἔσαν,1,S
δ’ἔσπασεν,1,S
δ’ἔσσυτο,1,S
δ’ἔτι,1,S
δ’ἔφλυε,1,S
δ’ἕκτορα,2,S
δ’ἕκτορι,2,S
δ’ἕλκεα,2,S
δ’ἕλκεϊ,2,S
δ’ἕλωρα,2,S
δ’ἕνδεκά,2,S
δ’ἕρματα,1,S
δ’ἕρματα,2,S
δ’ἕστατον,1,S
δ’ἕστηκας,2,L
δ’ἕταροι,1,S
δ’ἠέλιος,2,S
δ’ἠέρα,2,S
δ’ἠελίῳ,2,S
δ’ἠεροφοῖτις,4,S
δ’ἠκόντισαν,2,S
δ’ἠκόντισαν,3,S
δ’ἠνίπαπε,1,L
δ’ἠνίπαπε,2,S
δ’ἠριγένεια,1,S
δ’ἠριγένεια,4,S
δ’ἠρύκακε,1,L
δ’ἠρύκακε,2,S
δ’ἠρώησαν,3,S
δ’ἠρᾶτο,1,L
δ’ἠϊονῆα,1,S
δ’ἠϊονῆα,4,S
δ’ἠϊόνα,1,S
δ’ἠϊόνα,3,L
δ’ἡγήσατ’,2,S
δ’ἡμάρτανε,2,S
δ’ἡμέας,2,S
δ’ἡμιπέλεκκα,1,S
δ’ἡμιπέλεκκα,4,S
δ’ἡμιόνου,1,S
δ’ἡμιόνους,1,S
δ’ἡνία,1,S
δ’ἡνία,2,S
δ’ἡνίοχον,1,S
δ’ἡνίοχος,1,S
δ’ἡρακλεΐδην,3,S
δ’ἡρακλεΐδης,3,S
δ’ἤγαγε,1,S
δ’ἤκαχε,1,S
δ’ἤματα,1,S
δ’ἤματα,2,S
δ’ἤμυνε,1,L
δ’ἤμυσε,1,L
δ’ἤπια,1,S
δ’ἤπια,2,S
δ’ἤϊε,1,S
δ’ἥμισυ,1,S
δ’ἥμισυ,2,S
δ’ἥρπασε,1,S
δ’ἥρωας,2,S
δ’ἰέναι,0,S
δ’ἰδαῖος,0,L
δ’ἰδομενεὺς,0,L
δ’ἰδομενῆα,0,L
δ’ἰδομενῆα,4,S
δ’ἰδομενῆος,0,L
δ’ἰητροῖς,0,L
δ’ἰητὴρ,0,L
δ’ἰθυνθήτην,0,L
δ’ἰθὺς,0,L
δ’ἰφθίμους,1,L
δ’ἰὸν,0,L
δ’ἱέσθην,0,L
δ’ἱδρύνθησαν,3,S
δ’ἱερεύσαντες,0,S
δ’ἱκέσθαι,0,S
δ’ἱκέσθην,0,L
δ’ἱκεταονίδην,0,S
δ’ἱκεταονίδην,2,L
δ’ἱκεταονίδην,4,S
δ’ἱκόμεσθα,0,S
δ’ἱκόμεσθα,3,S
δ’ἱμάντεσσι,0,L
δ’ἱμάντεσσι,3,S
δ’ἱμάσθλην,0,S
δ’ἱμερόεντα,0,L
δ’ἱμερόεντα,4,S
δ’ἱππηλάτα,2,S
δ’ἱππηλάτα,3,S
δ’ἱπποδάσεια,2,S
δ’ἱπποδάσεια,4,S
δ’ἱππῆας,2,L
δ’ἱστάμενος,1,S
δ’ἱσταμένη,1,S
δ’ἴαχε,0,L
δ’ἴαχε,1,S
δ’ἴδεν,0,S
δ’ἴεν,0,S
δ’ἴθυνεν,0,L
δ’ἴθυνεν,1,L
δ’ἴκρια,1,S
δ’ἴκρια,2,S
δ’ἴμεν,0,S
δ’ἴρηξ,0,L
δ’ἴσαν,0,S
δ’ἴσαν,1,S
δ’ἴψαο,1,S
δ’ἵκανε,0,L
δ’ἵκανε,1,L
δ’ἵκανεν,0,L
δ’ἵκανεν,1,L
δ’ἵκανον,0,L
δ’ἵκανον,1,L
δ’ἵκετο,0,L
δ’ἵκετ’,0,S
δ’ἵκοντο,0,S
δ’ἵλαον,0,L
δ’ἵλαον,1,S
δ’ἵμασεν,0,S
δ’ἵμασεν,1,S
δ’ἵμερος,0,L
δ’ἵνα,0,S
δ’ἵνα,1,S
δ’ἵπποισι,2,S
δ’ἵπποισιν,2,S
δ’ἶσ’,0,L
δ’ὀαριστὺς,1,S
δ’ὀδίος,1,S
δ’ὀδυνάων,1,S
δ’ὀδυνάων,2,L
δ’ὀδυσεὺς,1,S
δ’ὀδυσῆϊ,1,S
δ’ὀδυσῆϊ,3,S
δ’ὀδύναι,1,S
δ’ὀδύνας,1,S
δ’ὀλίγιστος,1,S
δ’ὀλίγον,1,S
δ’ὀλιγοδρανέων,1,S
δ’ὀλιγοδρανέων,3,S
δ’ὀλολυγῇ,2,L
δ’ὀλοφύρεται,2,L
δ’ὀξέα,2,S
δ’ὀξὺ,1,S
δ’ὀξὺν,1,S
δ’ὀπιπεύεις,1,L
δ’ὀρυμαγδὸν,1,S
δ’ὀρυμαγδὸς,1,S
δ’ὀρφανικοί,1,S
δ’ὀρφανικοί,2,S
δ’ὀρφανικὸν,1,S
δ’ὀρφανικὸν,2,S
δ’ὀρχηστύν,2,L
δ’ὀρόθυνεν,2,L
δ’ὀρόθυνον,2,L
δ’ὀστέα,2,S
δ’ὀτραλέως,1,S
δ’ὀτρύνεσκον,1,L
δ’ὀτρύνοντες,1,L
δ’ὀτρύνοντι,1,L
δ’ὀτρύνοντι,3,S
δ’ὀτρύνουσιν,1,L
δ’ὀτρύνουσιν,3,S
δ’ὀτρύνῃσι,1,L
δ’ὀτρύνῃσι,3,S
δ’ὀφθαλμοῖσιν,3,S
δ’ὁμάδῳ,1,S
δ’ὁμίλῳ,1,L
δ’ὁμοκλήσας,3,L
δ’ὁρμήσατ’,2,S
δ’ὄβριμον,1,S
δ’ὄπιθεν,1,S
δ’ὄρινε,1,L
δ’ὄρνις,1,L
δ’ὄρνυτο,1,S
δ’ὄτρυνε,1,L
δ’ὄτρυνεν,1,L
δ’ὄτρυνον,1,S
δ’ὄφρα,1,S
δ’ὄϊες,1,S
δ’ὅρκια,1,S
δ’ὅρκια,2,S
δ’ὑλοτόμοι,0,L
δ’ὑμέναιος,0,S
δ’ὑμεῖς,0,L
δ’ὑμῖν,0,L
δ’ὑμῖν,1,L
δ’ὑπέδραμε,0,S
δ’ὑπέδραμε,2,S
δ’ὑπέμειναν,0,S
δ’ὑπέμειναν,3,S
δ’ὑπένερθε,0,S
δ’ὑπένερθεν,0,S
δ’ὑπέρεπτε,0,S
δ’ὑπέρπτατο,0,S
δ’ὑπέρπτατο,2,S
δ’ὑπέστρεφε,0,S
δ’ὑπέσχεο,0,S
δ’ὑπέσχετο,0,S
δ’ὑπεδέξατο,0,S
δ’ὑπεδέξατο,3,S
δ’ὑπεθερμάνθη,0,S
δ’ὑπεθωρήσσοντο,0,S
δ’ὑπειρέβαλον,0,S
δ’ὑπειρέβαλον,3,S
δ’ὑπελείπετ’,0,S
δ’ὑπεμνήμυκε,0,S
δ’ὑπεμνήμυκε,3,L
δ’ὑπεξαλέασθαι,0,S
δ’ὑπεξαλέασθαι,2,S
δ’ὑπεστενάχιζε,0,S
δ’ὑπεστενάχιζε,3,S
δ’ὑπεχώρησαν,0,S
δ’ὑπηοῖοι,0,S
δ’ὑποδέχθαι,0,S
δ’ὑποκυσάμεναι,0,S
δ’ὑποκυσάμεναι,2,L
δ’ὑποκυσάμεναι,3,S
δ’ὑποκυσαμένη,0,S
δ’ὑποκυσαμένη,2,L
δ’ὑποκυσαμένη,3,S
δ’ὑπολίζονες,0,S
δ’ὑπολευκαίνονται,0,S
δ’ὑπό,0,S
δ’ὑπόδρα,0,S
δ’ὑπόδρα,2,S
δ’ὑπόεικον,0,S
δ’ὑπὲρ,0,S
δ’ὑπὸ,0,S
δ’ὑπ’,0,S
δ’ὑσμίνη,1,L
δ’ὑσμῖνι,1,L
δ’ὑσμῖνι,2,S
δ’ὑψηχέας,3,S
δ’ὕδωρ,0,L
δ’ὕλη,0,L
δ’ὕπαιθα,0,S
δ’ὕπαιθα,2,S
δ’ὕπτιον,1,S
δ’ὕπτιος,1,S
δ’ὕστατον,1,S
δ’ὕφελκε,0,S
δ’ὠρίνετο,1,L
δ’ὤμοισιν,2,S
δ’ὦκα,1,S
δ’ᾐτιόωντο,1,S
δ’ᾔσχυνε,1,L
δ’ᾤμωξαν,2,S
εἰαρινοῖσιν,1,S
εἰαρινοῖσιν,2,S
εἰαρινῇ,1,S
εἰαρινῇ,2,S
εἰαρινῇσιν,1,S
εἰαρινῇσιν,2,S
εἰδυῖα,2,S
εἰδόσι,2,S
εἰδόσιν,2,S
εἰδότα,2,S
εἰκοσάκις,2,S
εἰκοσινήριτ’,2,S
εἰκοσινήριτ’,4,S
εἰλάτινος,1,S
εἰλάτινος,2,S
εἰλέσιον,2,S
εἰλέωσιν,3,S
εἰλίποδας,1,S
εἰλίποδας,3,L
εἰλαπίναι,1,S
εἰλαπίναι,2,S
εἰλαπίνην,1,S
εἰλαπίνην,2,S
εἰλαπίνῃσι,1,S
εἰλαπίνῃσι,2,S
εἰλαπίνῃσι,4,S
εἰλαπινάζων,1,S
εἰλαπινάζων,2,S
εἰλαπιναστής,1,S
εἰλαπιναστής,2,S
εἰλατίνοισιν,1,S
εἰλατίνοισιν,2,S
εἰλιπόδεσσι,1,S
εἰλιπόδεσσι,4,S
εἰλυμένοι,1,L
εἰλυμένος,1,L
εἰλυμένω,1,L
εἰλυφάζει,1,L
εἰλύσω,1,L
εἰμί,1,S
εἰμι,1,S
εἰμὶ,1,S
εἰνάετες,1,S
εἰνάνυχες,1,S
εἰνάνυχες,2,S
εἰνατέρες,1,S
εἰνατέρων,1,S
εἰνοδίοις,2,S
εἰνοσίφυλλον,2,S
εἰποῦσα,2,S
εἰπόντα,2,S
εἰπόντι,2,S
εἰράων,1,L
εἰρυμέναι,1,L
εἰρυόμεσθα,1,S
εἰρυόμεσθα,4,S
εἰρύαται,2,S
εἰρύατο,1,L
εἰρύατο,2,S
εἰρύατ’,1,S
εἰρύατ’,2,S
εἰρύσαθ’,1,S
εἰρύσαθ’,2,S
εἰρύσαο,1,S
εἰρύσαο,2,S
εἰρύσατο,1,S
εἰρύσατο,2,S
εἰρύσατ’,1,S
εἰρύσατ’,2,S
εἰρύσσατο,2,S
εἰσάγαγον,1,S
εἰσάγαγον,2,S
εἰσάμενος,1,S
εἰσέλθῃσι,3,S
εἰσέπτατο,2,S
εἰσήλυθον,2,S
εἰσαγαγόντες,1,S
εἰσαγαγόντες,2,S
εἰσαγαγών,1,S
εἰσαγαγών,2,S
εἰσαμένη,1,S
εἰσανέβαινον,1,S
εἰσανέβησαν,1,S
εἰσανέβησαν,4,S
εἰσαναβαίνοι,1,S
εἰσαναβαίνοι,2,S
εἰσαναβᾶσα,1,S
εἰσαναβᾶσα,2,S
εἰσαναβᾶσα,3,L
εἰσαναβᾶσα,4,S
εἰσαναβῆναι,1,S
εἰσαναβῆναι,2,S
εἰσανιδών,1,S
εἰσανιδών,2,S
εἰσανιών,1,S
εἰσανιών,2,S
εἰσαφίκηαι,1,S
εἰσαφίκηαι,2,S
εἰσαφικέσθαι,1,S
εἰσαφικέσθαι,2,S
εἰσι,1,S
εἰσιδέειν,1,S
εἰσιν,1,S
εἰσοράασθαι,2,S
εἰσοράασθε,2,S
εἰσὶ,1,S
εἰσὶν,1,S
εἰωθότι,3,S
εἰῶσι,2,S
εἱαμενῇ,1,S
εἱανοῦ,1,S
εἱμένα,2,S
εἴα,1,L
εἴασαν,1,L
εἴασαν,2,S
εἴασε,1,L
εἴασεν,1,S
εἴατο,1,S
εἴδωλα,2,S
εἴκοσι,2,S
εἴλυται,1,L
εἴλυτο,1,L
εἴξας,1,L
εἴξατέ,1,S
εἴξειαν,2,S
εἴξωσι,2,S
εἴπῃσι,2,S
εἴπῃσιν,2,S
εἴρια,1,S
εἴρια,2,S
εἴριον,1,S
εἴρυσαν,1,S
εἴρυσαν,2,S
εἴρυσε,1,S
εἴρυτο,1,L
εἴσατο,1,S
εἴσειμι,2,S
εἴσιδε,1,S
εἵαθ’,1,S
εἵαται,1,S
εἵατο,1,S
εἵατ’,1,S
εἵμασιν,1,S
εἵμασιν,2,S
εἵματα,1,S
εἵματα,2,S
εἵματ’,1,S
εἵνεκα,2,S
εἶλαρ,1,S
εἶμι,1,S
εἶξαν,1,S
εἶπας,1,L
εἶσθα,1,S
εἶσι,1,S
εἶσιν,1,S
εἷμα,1,S
εἷσαν,1,S
εὐαιμονίδης,3,S
εὐηνίνης,2,L
εὐκτὰ,1,S
εὐλὰς,1,L
εὐνάων,1,L
εὐνῆφι,2,S
εὐξάμενος,1,S
εὐξαμένοιο,1,S
εὐξαμένου,1,S
εὐπατέρειαν,1,S
εὐρέα,2,S
εὐρέας,2,S
εὐρέϊ,2,S
εὐρεῖαν,2,S
εὐρυάγυια,1,S
εὐρυάγυια,2,S
εὐρυάγυια,4,S
εὐρυάγυιαν,1,S
εὐρυάγυιαν,2,S
εὐρυβάτην,1,S
εὐρυβάτην,2,S
εὐρυβάτης,1,S
εὐρυβάτης,2,S
εὐρυδάμαντος,1,S
εὐρυδάμαντος,2,S
εὐρυμέδων,1,S
εὐρυμέτωπον,1,S
εὐρυμετώπους,1,S
εὐρυνόμη,1,S
εὐρυοδείης,1,S
εὐρυπυλὲς,1,S
εὐρυπυλὲς,2,S
εὐρυπόροιο,1,S
εὐρυπύλοιο,1,S
εὐρυπύλοιο,2,S
εὐρυπύλῳ,1,S
εὐρυπύλῳ,2,S
εὐρυρέεθρος,1,S
εὐρυχόροιο,1,S
εὐρυχόρῳ,1,S
εὐρύ,1,S
εὐρύαλος,1,S
εὐρύαλος,2,S
εὐρύοπα,1,S
εὐρύπυλον,1,S
εὐρύπυλον,2,S
εὐρύπυλος,1,S
εὐρύπυλος,2,S
εὐρύπυλ’,1,S
εὐρύπυλ’,2,S
εὐρύτερος,1,S
εὐρύτου,1,S
εὐρύχορον,1,S
εὐρώεντα,3,S
εὐρὺ,1,S
εὐρὺν,1,S
εὐρὺς,1,S
εὐτείχεα,3,S
εὐφρανέειν,1,S
εὐφυέα,1,S
εὐφυέα,3,L
εὐφυέες,1,S
εὐχετάασθαι,2,S
εὐώδεϊ,3,S
εὔαδεν,1,S
εὔληρα,2,S
εὔξατο,1,S
εὕδῃσι,2,S
εὕρωσιν,2,L
εὖνιν,1,S
ζάκοτόν,0,S
ζάκυνθον,0,S
ζέλειαν,2,S
ζέφυρον,1,S
ζέφυρος,1,S
ζαθέας,0,S
ζαθέας,2,L
ζαθέην,0,S
ζαθέοισι,0,S
ζαὴς,0,L
ζευγνύμεν,1,S
ζευγνύμεναι,1,S
ζευγνῦμεν,1,L
ζεφύροιο,1,S
ζεφύρου,1,S
ζεφύρῳ,1,S
ζεύγεα,2,S
ζεύγνυον,1,S
ζεύγνυσαν,1,S
ζεύγνυσαν,2,S
ζηνί,1,S
ζηνὶ,1,S
ζυγοῦ,0,S
ζυγόδεσμον,0,S
ζυγόν,0,S
ζυγόφι,0,S
ζυγόφιν,0,S
ζυγὸν,0,S
ζυγῷ,0,S
ζωοῖσι,2,S
ζωοῖσιν,2,S
ζωσαμένω,1,S
ζωστῆρα,2,S
ζωστῆρι,2,S
ζωῇσι,2,S
ζώννυθ’,1,S
ζώοντα,2,S
ζώοντι,2,S
ζώουσι,2,S
ζώσατο,1,S
ζῆνα,1,S
ζῳάγρια,2,S
ζῳάγρια,3,S
ζῶμά,1,S
ζῶμα,1,S
ηὔδα,1,L
θάασσε,0,S
θάασσεν,0,S
θάλαμοι,0,S
θάλαμοι,1,S
θάλαμον,0,S
θάλαμον,1,S
θάλαμος,0,S
θάλαμος,1,S
θάλασσά,0,S
θάλασσά,2,S
θάλασσα,0,S
θάλασσα,2,S
θάλασσαν,0,S
θάλειά,0,S
θάλειά,2,S
θάλειαν,0,S
θάλος,0,S
θάλπιος,1,S
θάμυριν,0,S
θάμυριν,1,S
θάμ’,0,S
θάνατον,0,S
θάνατον,1,S
θάνατος,0,S
θάνατος,1,S
θάνατόν,0,S
θάνατόν,1,S
θάνατός,0,S
θάνατός,1,S
θάνε,0,S
θάνες,0,S
θάνον,0,S
θάνω,0,S
θάνωσι,0,S
θάνωσι,2,S
θάνῃς,0,S
θάνῃσι,0,S
θάπτωσιν,2,S
θάρσεϊ,2,S
θάρσυνέ,1,L
θάρσυνον,1,L
θάρσυνος,1,S
θάσσονας,2,S
θέλξας,1,L
θέμι,1,S
θέμις,1,S
θέμιστα,2,S
θέμιστας,2,S
θέμιστι,2,S
θέναρος,1,S
θέουσα,2,S
θέουσι,2,S
θέσαν,1,S
θέσκελα,2,S
θέστορα,2,S
θέσφατα,1,S
θέσφατα,2,S
θέσφατόν,1,S
θέτι,1,L
θέτιδος,1,S
θέτιν,1,S
θέτις,1,S
θέῃσι,2,S
θήβας,1,L
θήβῃσι,2,S
θήβῃσιν,2,S
θήκατο,1,S
θήλεας,2,S
θήλεια,2,S
θήσατο,1,S
θίν’,0,L
θαλάμοιο,0,S
θαλάμοιο,1,S
θαλάμου,0,S
θαλάμου,1,S
θαλάμους,0,S
θαλάμους,1,S
θαλάμων,0,S
θαλάμων,1,S
θαλάμῳ,0,S
θαλάμῳ,1,S
θαλάσσης,0,S
θαλάσσια,0,S
θαλάσσια,2,S
θαλάσσια,3,S
θαλάσσῃ,0,S
θαλέθοντες,0,S
θαλέων,0,S
θαλίῃ,0,S
θαλίῃ,1,S
θαλεροί,0,S
θαλερούς,0,S
θαλεροὺς,0,S
θαλερὴ,0,S
θαλερὴν,0,S
θαλερὸν,0,S
θαλερὸς,0,S
θαλερὼ,0,S
θαλερῶν,0,S
θαλυσιάδην,0,S
θαλυσιάδην,1,L
θαλυσιάδην,2,S
θαλυσιάδην,3,S
θαλύσια,0,S
θαλύσια,1,L
θαλύσια,2,S
θαλύσια,3,S
θαμέες,0,S
θαμίζεις,0,S
θαμειάς,0,S
θαμειαί,0,S
θαμειαὶ,0,S
θαμειὰς,0,S
θαμὰ,0,S
θανάτοιο,0,S
θανάτοιο,1,S
θανάτοιό,0,S
θανάτοιό,1,S
θανάτου,0,S
θανάτου,1,S
θανάτῳ,0,S
θανάτῳ,1,S
θανέειν,0,S
θανέεσθαι,0,S
θανεῖν,0,S
θανόντα,0,S
θανόντι,0,S
θανόντι,2,S
θανόντος,0,S
θανόντων,0,S
θανὼν,0,S
θαρσαλέοι,1,S
θαρσαλέον,1,S
θαρσαλέος,1,S
θαρσαλεώτερον,1,S
θαρσύνεσκε,1,L
θαρσύνονθ’,1,L
θαρσύνων,1,L
θαυμακίην,1,S
θαυμακίην,2,S
θαῦμα,1,S
θεά,1,L
θεάων,1,L
θεανὼ,1,L
θελκτήρια,2,S
θελκτήρια,3,S
θεμείλιά,2,S
θεμείλιά,3,S
θεμείλια,2,S
θεμείλια,3,S
θεοπροπίας,3,S
θεοπροπίας,4,L
θεοπροπίην,3,S
θεοπροπίης,3,S
θεοπροπίων,3,S
θεοπρόπιον,3,S
θεοῖσι,2,S
θεοῖσιν,2,S
θεράποντα,1,S
θεράποντα,3,S
θεράποντας,1,S
θεράποντας,3,S
θεράποντε,1,S
θεράποντες,1,S
θεράποντι,1,S
θεράποντι,3,S
θεράποντ’,1,S
θεράπων,1,S
θερμὰ,1,S
θερσίλοχόν,1,S
θερσίτης,1,L
θερσῖτ’,1,L
θεσπέσιον,2,S
θεσπεσίη,2,S
θεσπεσίην,2,S
θεσπεσίοιο,2,S
θεσπεσίως,2,S
θεσπεσίῃ,2,S
θεσπεσίῳ,2,S
θεσπιδαὲς,1,S
θεσπιδαὲς,2,S
θεσσαλοῦ,1,S
θεστορίδην,2,S
θεστορίδης,2,S
θεὰ,1,L
θεὰς,1,L
θεᾶς,1,L
θηλύτεραι,1,S
θηρήτορας,3,S
θηρευτῇσι,3,S
θηρητῆρα,3,S
θηρητῆρας,3,S
θηρὶ,1,S
θησέα,2,S
θητεύσαμεν,2,S
θινὶ,0,L
θινὶ,1,S
θνήσκοντας,2,S
θνητάων,1,L
θνητοῖσι,2,S
θοάων,1,L
θούριδος,1,S
θοὰς,1,L
θοῇσι,2,S
θοῇσιν,2,S
θοῦριν,1,L
θοῶτα,2,S
θράσος,0,S
θρέπτρα,1,S
θρέψά,1,S
θρέψασα,1,L
θρέψασα,2,S
θρήϊκα,1,S
θρήϊκα,2,S
θρήϊκας,1,S
θρήϊκας,2,S
θρήϊκες,1,S
θρασίον,0,S
θρασίον,1,S
θρασειάων,0,S
θρασειάων,2,L
θρασυκάρδιος,0,S
θρασυκάρδιος,1,S
θρασυκάρδιος,3,S
θρασυμέμνονα,0,S
θρασυμέμνονα,1,S
θρασυμέμνονα,4,S
θρασυμήδεα,0,S
θρασυμήδεα,1,S
θρασυμήδεα,4,S
θρασυμήδεος,0,S
θρασυμήδεος,1,S
θρασυμήδης,0,S
θρασυμήδης,1,S
θρασύμηλον,0,S
θρασύμηλον,1,S
θρασύν,0,S
θρασύν,1,S
θρασὺν,0,S
θρασὺν,1,S
θρηΐκιοι,1,S
θρηΐκιοι,2,S
θρηΐκιον,1,S
θρηΐκιον,2,S
θρηϊκίης,1,S
θρηϊκίης,2,S
θρηϊκίῳ,1,S
θρηϊκίῳ,2,S
θριξὶ,1,S
θρυλίχθη,0,L
θρυόεσσα,0,S
θρυόεσσα,3,S
θρόνα,1,S
θρόνιον,1,S
θρύον,0,S
θρῄκεσσι,2,S
θρῆνυν,1,S
θρῴσκοντας,2,S
θυέεσσι,0,S
θυέεσσι,3,S
θυέεσσιν,0,S
θυέεσσιν,3,S
θυέλλας,0,S
θυέλλῃ,0,S
θυέστῃ,0,S
θυέστ’,0,S
θυήεις,0,S
θυγάτηρ,0,S
θυγάτηρ,1,S
θυγατέρα,0,L
θυγατέρα,1,S
θυγατέρα,3,L
θυγατέρες,0,L
θυγατέρες,1,S
θυγατέρεσσιν,0,L
θυγατέρεσσιν,1,S
θυγατέρος,0,L
θυγατέρος,1,S
θυγατέρ’,0,L
θυγατέρ’,1,S
θυγατρί,0,S
θυγατρῶν,0,S
θυηλάς,0,S
θυμαλγέα,0,L
θυμαλγέα,3,S
θυμαρέα,0,L
θυμαρέα,1,L
θυμαρέα,3,S
θυμοίτην,0,S
θυμοβόροιο,0,L
θυμοβόρου,0,L
θυμοβόρῳ,0,L
θυμολέοντα,0,L
θυμοραϊστέων,0,L
θυμοραϊστέων,2,S
θυμοραϊστής,0,L
θυμοραϊστής,2,S
θυμοφθόρα,0,L
θυμοφθόρα,3,S
θυμοῦ,0,L
θυμόν,0,L
θυμός,0,L
θυμὸν,0,L
θυμὸς,0,L
θυμῷ,0,L
θυνόντων,0,L
θυοσκόοι,0,S
θυράων,0,S
θυράων,1,L
θυραωρούς,0,S
θυραωρούς,1,S
θυσάνοις,0,S
θυσάνοις,1,S
θυσσανόεσσαν,1,S
θυόεν,0,S
θωρηκτάων,2,L
θόαν,1,S
θόαντά,2,S
θόαντι,2,S
θόας,1,L
θόωνά,2,S
θόωνα,2,S
θύγατερ,0,S
θύγατερ,1,S
θύγατρα,0,S
θύγατρα,2,S
θύγατρας,0,S
θύγατρες,0,S
θύγατρ’,0,S
θύει,0,L
θύελλα,0,S
θύελλαν,0,S
θύνοντ’,0,L
θύραζε,0,S
θύρας,0,S
θύρας,1,L
θύρετρα,0,S
θύρη,0,S
θύρην,0,S
θύρῃσι,0,S
θύρῃσιν,0,S
θύρῃσιν,2,S
θύσανοι,0,S
θύσανοι,1,S
θύσθλα,1,S
θύων,0,L
θώρηκα,2,S
θώρηκι,2,S
θῆκαν,1,S
θῆλυν,1,S
θῆλυς,1,S
θῆρας,1,S
θῖνα,0,L
θῖνα,1,S
θῖν’,0,L
θῦεν,0,L
θῦνε,0,L
θῦνον,0,L
θῦσαι,0,L
θ’αἵματι,1,S
θ’αἵματι,2,S
θ’αἵματος,1,S
θ’αἷμα,1,S
θ’ἁλίη,0,S
θ’ἁλίη,1,S
θ’ἁπαλοὶ,0,S
θ’ἁπαλοὶ,1,S
θ’ἁρματοπηγὸς,1,S
θ’ἅλιόν,0,S
θ’ἅλιόν,1,S
θ’ἅμα,0,S
θ’ἅμα,1,S
θ’ἅρματα,1,S
θ’ἅρματα,2,S
θ’ἑκατόμπυλοί,1,S
θ’ἑκατόμπυλοί,3,S
θ’ἑπτάπορός,1,S
θ’ἑρσήεντα,3,S
θ’ἑστάμεναι,1,S
θ’ἕκτορα,2,S
θ’ἕλικας,1,S
θ’ἕνα,1,S
θ’ἕταροί,1,S
θ’ἡμίονοι,1,S
θ’ἡμιόνους,1,S
θ’ἡνίοχόν,1,S
θ’ἥρωα,2,S
θ’ἥρωας,2,S
θ’ἱεράων,0,S
θ’ἱεράων,2,L
θ’ἱερὴ,0,S
θ’ἱερὴν,0,S
θ’ἱερὸν,0,S
θ’ἱερῆα,0,S
θ’ἱερῆα,3,S
θ’ἱκετάονά,0,S
θ’ἱκετάονά,2,L
θ’ἱκετάονά,4,S
θ’ἱμερόεντα,0,L
θ’ἱμερόεντα,4,S
θ’ἱμᾶσιν,0,L
θ’ἱμᾶσιν,1,L
θ’ἱμᾶσιν,2,S
θ’ἱππηλάτα,2,S
θ’ἱππηλάτα,3,S
θ’ἱπποδάμους,2,S
θ’ἱπποδάμων,2,S
θ’ἱπποσύνῃ,2,S
θ’ἱππόδαμον,2,S
θ’ἱστία,1,S
θ’ἱστία,2,S
θ’ἱστίαιαν,0,S
θ’ἱστίαιαν,1,S
θ’ἵπποισι,2,S
θ’ἵσταμαι,1,S
θ’ὑάδας,0,S
θ’ὑάδας,1,S
θ’ὑπένερθεν,0,S
θ’ὑπεδέξατο,0,S
θ’ὑπεδέξατο,3,S
θ’ὑπερησίην,0,S
θ’ὑπερησίην,3,L
θ’ὑποθήβας,0,S
θ’ὑποθήβας,3,L
θ’ὑπὸ,0,S
θ’ὑπ’,0,S
θ’ὑρίην,0,S
θ’ὑρίην,1,S
θ’ὕδατι,0,S
θ’ὕδατι,1,S
θ’ὕδατι,2,L
θ’ὕλη,0,L
θ’ὕπαιθα,0,S
θ’ὕπαιθα,2,S
κάββαλε,1,S
κάββαλεν,1,S
κάββαλ’,1,S
κάγκανα,1,S
κάγκανα,2,S
κάειρα,0,S
κάειρα,2,S
κάη,0,S
κάθηρεν,0,S
κάθηρον,0,S
κάθησο,0,S
κάθιζον,0,S
κάθιζ’,0,S
κάθισαν,0,S
κάθισαν,1,S
κάθισον,0,S
κάθισον,1,S
κάκιον,0,S
κάκιον,1,S
κάκιστος,0,S
κάκτανε,1,S
κάκ’,0,S
κάλει,0,S
κάλεον,0,S
κάλεσσα,0,S
κάλεσσαν,0,S
κάλεσσας,0,S
κάλεσσον,0,S
κάλεόν,0,S
κάλλεΐ,2,S
κάλλεϊ,2,S
κάλλιον,1,S
κάλλιπεν,1,S
κάλλιπες,1,S
κάλλιπον,1,S
κάλλιφ’,1,S
κάλυκάς,0,S
κάλυκάς,1,S
κάλυμμ’,0,S
κάλυπτε,0,S
κάλυψαν,0,S
κάλυψε,0,S
κάλυψεν,0,S
κάλχαντι,2,S
κάλχας,1,L
κάλ’,0,L
κάμαξι,0,S
κάμαξι,2,S
κάματον,0,S
κάματον,1,S
κάματος,0,S
κάματος,1,S
κάματός,0,S
κάματός,1,S
κάμε,0,S
κάμειρον,0,S
κάμετόν,0,S
κάμοιτε,0,S
κάμον,0,S
κάμω,0,S
κάμωσιν,0,S
κάμωσιν,2,S
κάμῃσι,0,S
κάμῃσι,2,S
κάνεον,0,S
κάπετον,0,S
κάπριον,1,S
κάπριος,1,S
κάπυν,0,S
κάπυν,1,L
κάπῃσιν,0,S
κάρη,0,S
κάρηνα,0,S
κάρηνα,2,S
κάρησός,0,S
κάρητι,0,S
κάρτεΐ,2,S
κάρτεϊ,2,S
κάρυστον,0,S
κάσον,0,S
κάστορά,2,S
κάτα,0,S
κάτα,1,S
κάταντα,0,S
κάταντα,2,S
κάτεισι,0,S
κάτεχεν,0,S
κάτθανε,1,S
κάτθαν’,1,S
κάτθεσαν,2,S
κάτω,0,S
κέαται,1,S
κέατο,1,S
κέατ’,1,S
κέδρινον,1,S
κέκλιτο,1,S
κέκλυθι,1,S
κέκλυθι,2,S
κέκλυτέ,1,S
κέκλυτε,1,S
κέκμηκας,2,S
κέλαδον,1,S
κέρα,1,S
κέρας,1,S
κέρασιν,1,S
κέρδεα,2,S
κέρδεσιν,2,S
κέρδιον,1,S
κέχυθ’,1,S
κέχυται,1,S
κέχυτο,1,S
κέχυτ’,1,S
κήδεα,2,S
κήδεσι,2,S
κήρυκά,1,L
κήρυκά,2,S
κήρυκα,1,L
κήρυκα,2,S
κήρυκας,1,L
κήρυκας,2,S
κήρυκε,1,L
κήρυκες,1,L
κήρυκι,1,L
κήρυκι,2,S
κήρυκος,1,L
κίδναται,1,L
κίε,0,S
κίεν,0,S
κίθαριν,0,S
κίθαριν,1,S
κίθαρις,0,S
κίθαρις,1,S
κίνησεν,0,L
κίνυντο,0,L
κίοι,0,S
κίομεν,0,S
κίον,0,S
κίχανε,0,S
κίχανε,1,L
κίχανεν,0,S
κίχανεν,1,L
κίχανον,0,S
κίχανον,1,L
κίχεν,0,S
κίχον,0,S
κί’,0,S
καήμεναι,0,S
καίριόν,1,S
καίωσι,2,S
καβησόθεν,0,S
καγχαλόων,1,S
καγχαλόωσι,1,S
καγχαλόωσι,4,S
καδδῦσαι,1,L
καδμεΐωνας,2,S
καθάπτεσθαι,0,S
καθάπτετο,0,S
καθέζετο,0,S
καθέζετ’,0,S
καθέηκα,0,S
καθέηκα,3,S
καθέξει,0,S
καθήατο,0,S
καθήατο,2,S
καθήμεναι,0,S
καθήμενοι,0,S
καθήμενος,0,S
καθίετε,0,S
καθίετε,1,L
καθίζειν,0,S
καθίζοις,0,S
καθίκεο,0,S
καθίκεο,1,L
καθίσσας,0,S
καθίστα,0,S
καθαιρήσουσι,0,S
καθαιρήσουσι,4,S
καθαλλομένη,0,S
καθαπτόμενος,0,S
καθαρῷ,0,S
καθαρῷ,1,S
καθεζομένη,0,S
καθεζόμενοι,0,S
καθεζόμενος,0,S
καθεζώμεσθα,0,S
καθεζώμεσθα,4,S
καθεῖσε,0,S
καθεῖσεν,0,S
καθεῦδ’,0,S
καθορώμενος,0,S
καθορῶν,0,S
καθύπερθε,0,S
καθύπερθε,1,S
καθύπερθεν,0,S
καθύπερθεν,1,S
καθύπερθ’,0,S
καθύπερθ’,1,S
καθῆστο,0,S
καθῖζον,0,S
καθ’,0,S
καινέα,2,S
καινεΐδαο,2,S
καινεΐδαο,3,L
καιομένῃσιν,4,S
καιρίῳ,1,S
κακά,0,S
κακά,1,S
κακήν,0,S
κακαὶ,0,S
κακιζόμενόν,0,S
κακοί,0,S
κακομηχάνου,0,S
κακομηχάνου,3,S
κακορραφίης,0,S
κακορραφίης,2,S
κακορραφίης,3,S
κακοφραδὲς,0,S
κακοφραδὲς,2,S
κακοὶ,0,S
κακοὺς,0,S
κακοῖο,0,S
κακοῖς,0,S
κακοῖσι,0,S
κακοῖσι,2,S
κακοῦ,0,S
κακόν,0,S
κακός,0,S
κακότεχνος,0,S
κακότητα,0,S
κακότητα,3,S
κακότητι,0,S
κακότητι,3,S
κακότητος,0,S
κακώτερον,0,S
κακώτερος,0,S
κακὰ,0,S
κακὰ,1,S
κακὰς,0,S
κακὰς,1,L
κακὴ,0,S
κακὴν,0,S
κακὸν,0,S
κακὸς,0,S
κακῇ,0,S
κακῇς,0,S
κακῶν,0,S
κακῶς,0,S
κακῷ,0,S
καλά,0,L
καλά,1,S
καλάμην,0,S
καλάμην,1,S
καλάς,0,L
καλάς,1,L
καλέει,0,S
καλέεσκε,0,S
καλέεσκον,0,S
καλέονται,0,S
καλέουσι,0,S
καλέουσι,3,S
καλέουσιν,0,S
καλέουσιν,3,S
καλέουσ’,0,S
καλέσαντες,0,S
καλέσαντο,0,S
καλέσας,0,S
καλέσας,2,L
καλέσασ’,0,S
καλέσασ’,2,L
καλέσειε,0,S
καλέσειεν,0,S
καλέσκετο,0,S
καλέσσαι,0,S
καλέσσατο,0,S
καλέσσατο,2,S
καλέσσω,0,S
καλή,0,L
καλήμεναι,0,S
καλήν,0,L
καλήσιον,0,S
καλήσιον,2,S
καλήτορα,0,S
καλήτορα,3,S
καλαί,0,L
καλαύροπα,0,S
καλαύροπα,3,S
καλαὶ,0,L
καλεοίμην,0,S
καλεσσάμενος,0,S
καλεσσάμενος,2,S
καλεσσαμένη,0,S
καλεσσαμένη,2,S
καλεῖ,0,S
καλεῦντο,0,S
καλητορίδην,0,S
καλητορίδην,3,S
καλλίαρόν,1,S
καλλίαρόν,2,S
καλλίτριχας,2,S
καλλίτριχας,3,S
καλλίτριχε,2,S
καλλίτριχες,2,S
καλλίτριχος,2,S
καλλιάνασσα,1,S
καλλιάνασσα,2,S
καλλιάνειρα,1,S
καλλιάνειρα,2,S
καλλιγύναικα,1,S
καλλιγύναικα,2,S
καλλικολώνης,1,S
καλλικολώνῃ,1,S
καλλικόμοιο,1,S
καλλιπάρῃον,1,S
καλλιπάρῃον,2,S
καλλιπάρῃος,1,S
καλλιπάρῃος,2,S
καλλιπαρῄῳ,1,L
καλλιπαρῄῳ,2,L
καλλιπλοκάμοιο,3,S
καλλιπλοκάμου,3,S
καλλιπλοκάμῳ,3,S
καλλισφύρου,2,S
καλοὶ,0,L
καλοὺς,0,L
καλοῖς,0,L
καλοῦ,0,L
καλυδῶνά,0,S
καλυδῶνά,1,S
καλυδῶνά,3,S
καλυδῶνα,0,S
καλυδῶνα,1,S
καλυδῶνα,3,S
καλυδῶνι,0,S
καλυδῶνι,1,S
καλυδῶνος,0,S
καλυδῶνος,1,S
καλυψαμένη,0,S
καλυψαμένη,2,S
καλόν,0,L
καλός,0,L
καλύδνας,0,S
καλύπτει,0,S
καλύπτοι,0,S
καλύπτρην,0,S
καλύπτων,0,S
καλύψαι,0,S
καλύψαντες,0,S
καλύψας,0,S
καλύψας,2,L
καλύψατο,0,S
καλύψατο,2,S
καλύψω,0,S
καλύψῃ,0,S
καλὰ,0,L
καλὰ,1,S
καλὰς,0,L
καλὰς,1,L
καλὴ,0,L
καλὴν,0,L
καλὸν,0,L
καλὼ,0,L
καλῆς,0,L
καλῇ,0,L
καλῇσι,0,L
καλῇσι,2,S
καλῇσιν,0,L
καλῇσιν,2,S
καλῷ,0,L
καμάτῳ,0,S
καμάτῳ,1,S
καμέτην,0,S
καμεῖται,0,S
καμμονίην,2,S
καμπύλα,1,S
καμπύλα,2,S
καμπύλον,1,S
καμόμεσθα,0,S
καμόμεσθα,3,S
καμόντα,0,S
καμόντας,0,S
καμόντων,0,S
κανάχιζε,0,S
κανάχιζε,1,S
κανέοισιν,0,S
κανέοισιν,3,S
καναχὴ,0,S
καναχὴ,1,S
καναχὴν,0,S
καναχὴν,1,S
κανόνας,0,S
κανόνεσσ’,0,S
κανών,0,S
καπέτοιο,0,S
καπανήϊον,0,S
καπανήϊον,1,S
καπανήϊον,3,S
καπανήϊος,0,S
καπανήϊος,1,S
καπανήϊος,3,S
καπανηϊάδη,0,S
καπανηϊάδη,1,S
καπανηϊάδη,3,S
καπανηϊάδη,4,S
καπανῆος,0,S
καπανῆος,1,S
καπρίῳ,1,S
καρήαθ’,0,S
καρήαθ’,2,S
καρήατα,0,S
καρήατα,2,S
καρήατα,3,S
καρήατι,0,S
καρήατι,2,S
καρήατι,3,S
καρήατος,0,S
καρήατος,2,S
καρήνων,0,S
καρδίῃ,1,S
καρδαμύλην,1,S
καρδαμύλην,2,S
καρπαλίμοισι,1,S
καρπαλίμοισι,2,S
καρπαλίμοισι,4,S
καρπαλίμως,1,S
καρπαλίμως,2,S
καρρέζουσα,3,S
καρτεροθύμων,3,L
καρτερόθυμε,3,L
καρτερόθυμον,3,L
καρτερὰ,2,S
καρφαλέον,1,S
καρχαλέοι,1,S
καρχαροδόντων,1,S
καρχαρόδοντε,1,S
καρὸς,0,S
καρῶν,0,L
κασίγνηται,0,S
κασίγνητε,0,S
κασίγνητοί,0,S
κασίγνητοι,0,S
κασίγνητον,0,S
κασίγνητος,0,S
κασιγνήτη,0,S
κασιγνήτην,0,S
κασιγνήτοιο,0,S
κασιγνήτοισί,0,S
κασιγνήτοισί,4,S
κασιγνήτοισι,0,S
κασιγνήτοισι,4,S
κασιγνήτοιό,0,S
κασιγνήτους,0,S
κασιγνήτων,0,S
κασιγνήτῃσι,0,S
κασιγνήτῃσι,4,S
κασιγνήτῃσιν,0,S
κασιγνήτῳ,0,S
κασσίτερόν,1,S
κασσιτέροιο,1,S
κασσιτέρου,1,S
κασσιτέρῳ,1,S
καστιάνειρα,1,S
καστιάνειρα,2,S
καστιάνειρα,4,S
κατά,0,S
κατά,1,S
κατάγειν,0,S
κατάγειν,1,S
κατάλεξον,0,S
κατάλεξον,1,S
κατάνευσον,0,S
κατάνευσον,1,S
κατάπαυμα,0,S
κατάπαυμα,1,S
κατάπαυμα,3,S
κατέβαλλε,0,S
κατέβαν,0,S
κατέβησαν,0,S
κατέβησαν,3,S
κατέδευσας,0,S
κατέδευσας,3,S
κατέδησαν,0,S
κατέδησαν,3,S
κατέδησ’,0,S
κατέδονται,0,S
κατέδουσιν,0,S
κατέδυ,0,S
κατέδυ,2,L
κατέδων,0,S
κατέθεντ’,0,S
κατέθηκαν,0,S
κατέθηκαν,3,S
κατέθηκε,0,S
κατέθηκεν,0,S
κατέκαιον,0,S
κατέκηε,0,S
κατέκλων,0,S
κατέκτα,0,S
κατέκτα,2,S
κατέκταθεν,0,S
κατέκταθεν,2,S
κατέκταν,0,S
κατέκτανε,0,S
κατέκτανε,2,S
κατέκτανεν,0,S
κατέκτανεν,2,S
κατέκτανον,0,S
κατέκτανον,2,S
κατέκυψε,0,S
κατέλειπον,0,S
κατέλεκτο,0,S
κατέλεξας,0,S
κατέλεξεν,0,S
κατέλυσε,0,S
κατέλυσε,2,L
κατέμαρπτε,0,S
κατένευσα,0,S
κατένευσας,0,S
κατένευσε,0,S
κατένευσεν,0,S
κατέπαυσε,0,S
κατέπεφνε,0,S
κατέπεφνεν,0,S
κατέπηκτο,0,S
κατέπηξαν,0,S
κατέπηξεν,0,S
κατέρεξεν,0,S
κατέρυκε,0,S
κατέρυκε,2,L
κατέρυκες,0,S
κατέρυκες,2,L
κατέσβεσε,0,S
κατέσσυτο,0,S
κατέσσυτο,2,S
κατέστυγε,0,S
κατέστυγε,2,S
κατέχευαν,0,S
κατέχευαν,3,S
κατέχευε,0,S
κατέχευεν,0,S
κατέχονται,0,S
κατέχοντο,0,S
κατέχουσι,0,S
κατέχουσι,3,S
κατήλθομεν,0,S
κατήριπε,0,L
κατήριπε,2,L
κατήσθιε,0,S
κατήσθιε,2,S
κατίμεν,0,S
κατίμεν,1,S
κατίσχεαι,0,S
κατίσχει,0,S
καταβάς,0,S
καταβάς,1,S
καταβάς,2,L
καταβήμεναι,0,S
καταβήμεναι,1,S
καταβήομεν,0,S
καταβήομεν,1,S
καταβήσεο,0,S
καταβήσεο,1,S
καταβήσεται,0,S
καταβήσεται,1,S
καταβᾶσα,0,S
καταβᾶσα,1,S
καταβᾶσα,2,L
καταβᾶσα,3,S
καταβῆναι,0,S
καταβῆναι,1,S
καταδάψαι,0,S
καταδάψαι,1,S
καταδημοβορῆσαι,0,S
καταδημοβορῆσαι,1,S
καταδύμεναι,0,S
καταδύμεναι,1,S
καταδύμεναι,2,L
καταδύντα,0,S
καταδύντα,1,S
καταδύντες,0,S
καταδύντες,1,S
καταδύντι,0,S
καταδύντι,1,S
καταδύσεο,0,S
καταδύσεο,1,S
καταδύσεο,2,L
καταδῦναι,0,S
καταδῦναι,1,S
καταδῦναι,2,L
καταδῦσα,0,S
καταδῦσα,1,S
καταδῦσα,2,L
καταδῦσα,3,S
καταείνυσαν,0,S
καταείνυσαν,1,S
καταείνυσαν,3,S
καταείνυσαν,4,S
καταείσατο,0,S
καταείσατο,1,S
καταείσατο,3,S
καταθάπτειν,0,S
καταθάπτειν,1,S
καταθέντε,0,S
καταθέντε,1,S
καταθείομαι,0,S
καταθείομαι,1,S
καταθνητοῖσιν,0,S
καταθνητοῖσιν,4,S
καταθνητός,0,S
καταθνητῶν,0,S
καταθνῄσκων,0,S
καταθύμιος,0,S
καταθύμιος,1,S
καταθύμιος,2,L
καταθύμιος,3,S
καταθύμιός,0,S
καταθύμιός,1,S
καταθύμιός,2,L
καταθύμιός,3,S
κατακήομεν,0,S
κατακήομεν,1,S
κατακαίριον,0,S
κατακαίριον,1,S
κατακαίριον,3,S
κατακαιέμεν,0,S
κατακαιέμεν,1,S
κατακείαται,0,S
κατακείαται,1,S
κατακείαται,3,S
κατακείμενος,0,S
κατακείμενος,1,S
κατακεῖσθαι,0,S
κατακεῖσθαι,1,S
κατακοιμηθήτω,0,S
κατακοιμηθήτω,1,S
κατακοιμηθῆναι,0,S
κατακοιμηθῆναι,1,S
κατακρύψειν,0,S
κατακτάμεν,0,S
κατακτάμεν,2,S
κατακτάμεναι,0,S
κατακτάμεναι,2,S
κατακτάνῃ,0,S
κατακτάνῃ,2,S
κατακτάς,0,S
κατακτανέουσιν,0,S
κατακτανέουσιν,2,S
κατακτανέουσιν,5,S
κατακτείναντα,0,S
κατακτείναντα,4,S
κατακτείνας,0,S
κατακτείνας,3,L
κατακτείνειε,0,S
κατακτείνειεν,0,S
κατακτείνῃ,0,S
κατακτενέεσθε,0,S
κατακτενεῖ,0,S
κατακτεῖναι,0,S
κατακτὰς,0,S
καταλέξω,0,S
καταλέξω,1,S
καταλήθοντ’,0,S
καταλήθοντ’,1,S
καταλείπετε,0,S
καταλείπετε,1,S
καταλείψομεν,0,S
καταλείψομεν,1,S
καταλείψουσιν,0,S
καταλείψουσιν,1,S
καταλειβομένοιο,0,S
καταλειβομένοιο,1,S
καταμάρψῃ,0,S
καταμάρψῃ,1,S
καταμήσατο,0,S
καταμήσατο,1,S
καταμήσατο,3,S
καταμύξατο,0,S
καταμύξατο,1,S
καταμύξατο,3,S
κατανεύσομαι,0,S
κατανεύσομαι,1,S
κατανεύσω,0,S
κατανεύσω,1,S
κατανεῦσαι,0,S
κατανεῦσαι,1,S
καταξέμεν,0,S
καταπέφνων,0,S
καταπέφνων,1,S
καταπέφνῃ,0,S
καταπέφνῃ,1,S
καταπέψῃ,0,S
καταπέψῃ,1,S
καταπαυσέμεν,0,S
καταπαυσέμεν,1,S
καταπαύσῃ,0,S
καταπαύσῃ,1,S
καταπρηνέσσ’,0,S
καταπρηνεῖ,0,S
καταπτήξας,0,S
καταπτήξας,3,L
καταπτήτην,0,S
καταπτώσσειν,0,S
καταπτώσσοντες,0,S
καταπτώσσοντ’,0,S
καταπτώσσουσι,0,S
καταπτώσσουσι,4,S
καταπύθεται,0,S
καταπύθεται,1,S
καταπύθεται,2,L
καταρρέον,0,S
κατασχομένη,0,S
κατατεθνήκασι,0,S
κατατεθνήκασι,1,S
κατατεθνήκασι,4,L
κατατεθνηώτων,0,L
κατατεθνηώτων,1,L
κατατεθνηῶτας,0,L
κατατεθνηῶτας,1,L
κατατεθνηῶτι,0,L
κατατεθνηῶτι,1,L
κατατεθνηῶτι,5,S
κατατεθνηῶτος,0,L
κατατεθνηῶτος,1,L
κατατρύχω,0,S
κατατρύχω,2,L
καταφθιμένοιο,0,S
καταφθιμένοιο,2,S
καταφλέξω,0,S
καταφυλαδόν,0,S
καταφυλαδόν,1,S
καταφυλαδόν,2,L
καταφυλαδόν,3,S
καταχεύῃ,0,S
καταχεύῃ,1,S
καταχεῦαι,0,S
καταχεῦαι,1,S
καταχθόνιος,0,S
καταχθόνιος,3,S
καταῖτυξ,0,S
κατεάξαμεν,0,S
κατεάξαμεν,3,S
κατείβετο,0,S
κατεβήσετο,0,S
κατεδύσεθ’,0,S
κατεδύσεθ’,2,L
κατεδύσετο,0,S
κατεδύσετο,2,L
κατειβόμενον,0,S
κατεκλάσθη,0,S
κατεκοιμήθημεν,0,S
κατεκόσμει,0,S
κατελέξατο,0,S
κατελέξατο,3,S
κατελθέμεν,0,S
κατελθόντ’,0,S
κατεναντίον,0,S
κατεναντίον,3,S
κατεπάλμενος,0,S
κατεπλήγη,0,S
κατερήριπεν,0,S
κατερήριπεν,3,S
κατερήτυον,0,S
κατερήτυον,3,S
κατερύκανε,0,S
κατερύκανε,2,L
κατερύκανε,3,S
κατερύκει,0,S
κατερύκει,2,L
κατερύκω,0,S
κατερύκω,2,L
κατεσθίει,0,S
κατεσθίει,2,S
κατεστόρεσαν,0,S
κατευνήσαιμι,0,S
κατευνήσαιμι,4,S
κατευνήσαιμ’,0,S
κατεύνασθεν,0,S
κατηπιόωντο,0,S
κατηπιόωντο,2,S
κατηρεφέας,0,S
κατηρεφέας,4,L
κατηρᾶτο,0,S
κατηρᾶτο,2,L
κατηφήσας,0,S
κατηφήσας,3,L
κατηφείη,0,S
κατηφείην,0,S
κατηφόνες,0,S
κατιοῦσα,0,S
κατιοῦσα,1,S
κατιοῦσα,3,S
κατοίσεται,0,S
κατωμαδίοιο,0,S
κατωμαδίοιο,2,S
κατωμαδίοιο,3,S
κατωμαδόν,0,S
κατωμαδόν,2,S
κατωμαδὸν,0,S
κατωμαδὸν,2,S
κατόπισθε,0,S
κατόπισθεν,0,S
κατὰ,0,S
κατὰ,1,S
κατῆλθον,0,S
κατ’,0,S
καϋστρίου,0,S
καϋστρίου,2,S
καύματος,1,S
καὶμοῖρα,2,S
κεάδαο,1,S
κεάδαο,2,L
κείατο,1,S
κείμενα,2,S
κείνοισι,2,S
κείνοισιν,2,S
κεβριόναο,1,S
κεβριόναο,3,L
κεβριόνην,1,S
κεβριόνης,1,S
κεβριόνῃ,1,S
κεδνότατοι,2,S
κειμήλια,2,S
κειμήλια,3,S
κειμήλιον,2,S
κεκάδοντο,1,S
κεκάλυπτο,1,S
κεκάλυφθ’,1,S
κεκαδησόμεθ’,1,S
κεκαδὼν,1,S
κεκακωμένοι,1,S
κεκαλυμμένα,1,S
κεκαλυμμένα,4,S
κεκαλυμμένος,1,S
κεκαφηότα,1,S
κεκαφηότα,4,S
κεκλήατο,2,S
κεκλίαται,1,S
κεκλίαται,2,S
κεκλιμένοι,1,S
κεκλιμένον,1,S
κεκλιμένος,1,S
κεκμηότας,3,S
κεκμηῶτι,3,S
κεκονιμένοι,2,L
κεκορυθμένα,4,S
κεκοτηότι,4,S
κεκριμένη,1,S
κεκριμένον,1,S
κεκρύφαλόν,1,S
κεκρύφαλόν,2,S
κεκόνιτο,2,L
κελάδησαν,1,S
κελάδησαν,3,S
κελάδοντα,1,S
κελάδοντα,3,S
κελάδοντι,1,S
κελάδοντι,3,S
κελάδων,1,S
κελάρυζε,1,S
κελαδεινή,1,S
κελαδεινὴ,1,S
κελαδεινὸν,1,S
κελαδεινῆς,1,S
κελαρύζει,1,S
κελευτιόων,2,S
κελευτιόωντ’,2,S
κεμάδ’,1,S
κενεῶνα,3,S
κεντρηνεκέας,4,L
κεράεσσι,1,S
κεράεσσι,3,S
κεράμων,1,S
κεράμῳ,1,S
κεράων,1,S
κεράϊζε,1,S
κεραΐζετον,1,S
κεραΐζων,1,S
κεραμεὺς,1,S
κεραοξόος,1,S
κεραϊζομένην,1,S
κεραϊζομένους,1,S
κεραϊξέμεν,1,S
κεραὸν,1,S
κερδαλέης,1,S
κερδαλεόφρον,1,S
κερδοσύνῃ,2,S
κερτομίας,2,S
κερτομίας,3,L
κερτομίοις,2,S
κερτομίοισι,2,S
κερτομίοισι,4,S
κεφαλέων,1,S
κεφαλή,1,S
κεφαλήν,1,S
κεφαλαὶ,1,S
κεφαλὰς,1,S
κεφαλὰς,2,L
κεφαλὴ,1,S
κεφαλὴν,1,S
κεφαλῆς,1,S
κεφαλῆφιν,1,S
κεφαλῆφιν,3,S
κεφαλῇ,1,S
κεφαλῇσι,1,S
κεφαλῇσι,3,S
κεχάροντο,1,S
κεχανδότα,3,S
κεχαρησέμεν,1,S
κεχαρηότα,1,S
κεχαρηότα,4,S
κεχαρισμένα,1,S
κεχαρισμένα,4,S
κεχαρισμένε,1,S
κεχαροίατο,1,S
κεχαροίατο,3,S
κεχηνότα,3,S
κεύθεσι,2,S
κεῖθι,1,S
κηάμενοι,1,S
κηρεσσιφορήτους,2,S
κηρόθι,2,S
κηρύκεσσι,1,L
κηρύκεσσι,3,S
κηρύκων,1,L
κηρὶ,1,S
κηφισίδι,1,L
κηφισίδι,2,S
κηφισίδι,3,S
κηφισοῖο,1,L
κηφισὸν,1,L
κηώδεϊ,3,S
κιθάριζε,0,S
κιθάριζε,1,S
κιθαριστύν,0,S
κιθαριστύν,1,S
κικλήσκουσι,3,S
κικόνων,0,S
κιλίκεσσ’,0,S
κιλίκεσσ’,1,S
κιλίκων,0,S
κιλίκων,1,S
κινήθη,0,L
κινήσαντος,0,L
κινήσας,0,L
κινήσας,2,L
κινήσῃ,0,L
κινηθέντος,0,L
κινυμένοιο,0,L
κινυμένοιο,1,S
κινυρὴ,0,S
κινυρὴ,1,S
κινύμενος,0,L
κινύμενος,1,S
κινύρης,0,S
κινύρης,1,S
κιοίτην,0,S
κιοῦσαι,0,S
κισσηῒς,2,L
κιχάνει,0,S
κιχάνει,1,L
κιχάνεται,0,S
κιχάνεται,1,L
κιχάνετε,0,S
κιχάνετε,1,L
κιχάνομαι,0,S
κιχάνομαι,1,L
κιχήμεναι,0,S
κιχήμενον,0,S
κιχήσατο,0,S
κιχήσατο,2,S
κιχήσεσθαι,0,S
κιχήσεται,0,S
κιχήσομαι,0,S
κιχήτην,0,S
κιχείη,0,S
κιχείομεν,0,S
κιχείω,0,S
κιχεὶς,0,S
κιχησόμεθα,0,S
κιόντα,0,S
κιόντες,0,S
κιόντι,0,S
κιών,0,S
κιὼν,0,S
κλέα,1,S
κλίναντες,0,L
κλίνασα,0,L
κλίνασα,1,L
κλίνασα,2,S
κλίνων,0,L
κλίνῃσι,0,L
κλίνῃσι,2,S
κλαίουσα,2,S
κλειτὰς,1,L
κληῒς,1,L
κληῖδα,1,L
κληῖδα,2,S
κληῖδες,1,L
κληῖδι,1,L
κληῖσιν,1,L
κληῖσιν,2,S
κληῖσ’,1,L
κληῗδι,1,L
κληῗδι,2,S
κλισίαι,0,S
κλισίαι,1,S
κλισίας,0,S
κλισίας,1,S
κλισίας,2,L
κλισίηθεν,0,S
κλισίηθεν,1,S
κλισίην,0,S
κλισίην,1,S
κλισίης,0,S
κλισίης,1,S
κλισίηφι,0,S
κλισίηφι,1,S
κλισίηφι,3,S
κλισίῃ,0,S
κλισίῃ,1,S
κλισίῃς,0,S
κλισίῃς,1,S
κλισίῃσι,0,S
κλισίῃσι,1,S
κλισίῃσι,3,S
κλισίῃσιν,0,S
κλισίῃσιν,1,S
κλισίῃσιν,3,S
κλισιάων,0,S
κλισιάων,1,S
κλισιάων,2,L
κλισιῶν,0,S
κλισιῶν,1,S
κλισμοῖσι,2,S
κλιτῦς,0,L
κλονέοντα,3,S
κλονέοντας,3,S
κλονέωσι,3,S
κλονίον,1,S
κλονίος,1,S
κλυμένη,0,S
κλυτίδην,0,S
κλυτίδην,1,S
κλυτίοιο,0,S
κλυτίοιο,1,S
κλυτίον,0,S
κλυτίον,1,S
κλυταιμνήστρης,0,S
κλυτομήδεα,0,S
κλυτομήδεα,4,S
κλυτοπώλῳ,0,S
κλυτοτέχνην,0,S
κλυτοτέχνης,0,S
κλυτοτόξῳ,0,S
κλυτοῦ,0,S
κλυτός,0,S
κλυτότοξον,0,S
κλυτὰ,0,S
κλυτὰ,1,S
κλυτὸν,0,S
κλυτὸς,0,S
κλωμακόεσσαν,1,S
κλύον,0,S
κλῖνε,0,L
κλῦθί,0,L
κλῦθί,1,S
κλῦθι,0,L
κλῦθι,1,S
κλῦτε,0,L
κνέφας,1,S
κνήμῃσιν,2,S
κνήστι,1,L
κνίση,0,L
κνίσην,0,L
κνίσης,0,L
κνίσῃ,0,L
κνημάων,1,L
κνημοῖσι,2,S
κνημῖδας,1,L
κνημῖδας,2,S
κοίλας,1,L
κοίλῃσιν,2,S
κοίρανε,1,S
κοίρανοι,1,S
κοίρανον,1,S
κοίρανος,1,S
κοιμήσατο,2,S
κοιμᾶθ’,1,L
κοιρανέοντα,1,S
κοιρανέουσιν,1,S
κοιρανέων,1,S
κολλήεντα,3,S
κομίσαιο,1,S
κομίσαντο,1,S
κομίσσατο,2,S
κομιδὴ,1,S
κομιδὴν,1,S
κομόωντας,3,S
κονάβησαν,1,S
κονάβησαν,3,S
κονάβησε,1,S
κονάβιζε,1,S
κονάβιζεν,1,S
κονίη,1,L
κονίην,1,S
κονίης,1,L
κονίοντες,1,L
κονίσαλος,1,L
κονίσαλος,2,S
κονίσουσιν,1,L
κονίῃς,1,S
κονίῃσι,1,S
κονίῃσι,3,S
κονίῃσιν,1,S
κονίῃσιν,3,S
κονισάλῳ,1,L
κονισάλῳ,2,S
κορεσσάμεθα,2,S
κορεσσάμενος,2,S
κορθύεται,1,S
κορινθόθι,3,S
κορυθάϊκι,1,S
κορυθάϊκι,2,L
κορυθάϊκι,3,L
κορυθαίολος,1,S
κορυνήτην,1,S
κορυνήτης,1,S
κορυσσάμενος,2,S
κορυφάς,1,S
κορυφάς,2,L
κορυφήν,1,S
κορυφαί,1,S
κορυφοῦται,1,S
κορυφὰς,1,S
κορυφῆς,1,S
κορυφῇ,1,S
κορυφῇς,1,S
κορυφῇσι,1,S
κορυφῇσι,3,S
κορυφῇσιν,1,S
κορωνίσι,2,S
κορωνίσι,3,S
κορωνίσιν,2,S
κορωνίσιν,3,S
κορύθεσσι,1,S
κορύθεσσι,3,S
κορύθων,1,S
κορύνη,1,S
κορύνῃ,1,S
κοσμησάμενος,2,S
κοτέσσατο,2,S
κοτεσσάμενος,2,S
κοτεσσαμένη,2,S
κοτυλήρυτον,1,S
κοτυλήρυτον,3,S
κοτύλην,1,S
κουράων,1,L
κουρήτεσσι,3,S
κουρίδιον,1,S
κουρίδιον,2,S
κουριδίην,1,S
κουριδίην,2,S
κουριδίης,1,S
κουριδίης,2,S
κουροτέροισι,4,S
κούρητας,2,S
κούρῃσιν,2,S
κοῦφα,1,S
κράατα,0,L
κράατα,1,S
κράατα,2,S
κράατος,0,L
κράατος,1,S
κράνειαν,0,S
κράπαθόν,0,S
κράπαθόν,1,S
κράτεΐ,0,S
κράτεΐ,2,L
κράτεσφι,0,L
κράτεσφι,2,S
κράτεϊ,0,S
κράτος,0,S
κρέα,1,S
κρέασίν,1,S
κρήγυον,1,S
κρήδεμνα,2,S
κρήθωνά,2,S
κρήτεσσι,2,S
κρίκε,0,S
κρίκον,0,S
κρίνας,0,L
κρίνας,1,L
κρίνονται,0,L
κρίνοντες,0,L
κρίνωσι,0,L
κρίνωσι,2,S
κρίνῃ,0,L
κραδάων,0,S
κραδάων,1,S
κραδίη,0,S
κραδίη,1,S
κραδίην,0,S
κραδίην,1,S
κραδίης,0,S
κραδίης,1,S
κραδίῃ,0,S
κραδίῃ,1,S
κραδαινομένη,0,S
κραδαινόμενον,0,S
κραιπνοῖσι,2,S
κραιπνὰ,1,S
κρανέεσθαι,0,S
κρανίῳ,0,L
κρανίῳ,1,S
κραναῆς,0,S
κραναῆς,1,S
κραναῇ,0,S
κραναῇ,1,S
κρασὶν,0,L
κρατέει,0,S
κρατέειν,0,S
κρατέεις,0,S
κρατέρ’,0,S
κρατέων,0,S
κραταιή,0,S
κραταιγύαλοι,0,S
κραταιγύαλοι,2,S
κραταιγύαλοι,3,S
κραταιοῦ,0,S
κραταιὴ,0,S
κραταιὼ,0,S
κρατερή,0,S
κρατερήν,0,S
κρατεραὶ,0,S
κρατεροῖο,0,S
κρατεροῖσιν,0,S
κρατεροῖσιν,3,S
κρατεροῦ,0,S
κρατερόν,0,S
κρατερός,0,S
κρατερόφρονα,0,S
κρατερόφρονα,4,S
κρατερόφρονος,0,S
κρατερώνυχας,0,S
κρατερώνυχας,3,S
κρατερώνυχας,4,S
κρατερὰς,0,S
κρατερὰς,2,L
κρατερὴ,0,S
κρατερὴν,0,S
κρατερὸν,0,S
κρατερὸς,0,S
κρατερὼ,0,S
κρατερῆς,0,S
κρατερῆφι,0,S
κρατερῆφι,3,S
κρατερῇ,0,S
κρατερῶς,0,S
κρατερῷ,0,S
κρατευτάων,0,S
κρατευτάων,2,L
κρατός,0,L
κρατὶ,0,L
κρατὶ,1,S
κρατὸς,0,L
κρατὺς,0,S
κρατὺς,1,S
κρείοντα,2,S
κρείουσα,2,S
κρείσσοσιν,2,S
κρειοντιάδην,2,S
κρειοντιάδην,3,S
κρεμάσαντες,1,S
κρητῆρα,2,S
κρητῆρας,2,S
κρητῆρι,2,S
κριθῶν,0,L
κρινάμενος,0,L
κρινάμενος,1,S
κρινώμεθ’,0,L
κριτὸς,0,S
κροκύλει’,1,S
κρονίδη,1,S
κρονίδην,1,S
κρονίδης,1,S
κρονίδῃ,1,S
κρονίονος,1,L
κρονίων,1,L
κρονίωνα,1,S
κρονίωνα,3,S
κρονίωνι,1,S
κρονίωνι,3,S
κρονίωνος,1,S
κροσσάων,1,L
κροτάλιζον,1,S
κροτάφοιο,1,S
κροτάφοις,1,S
κροτάφοισι,1,S
κροτάφοισι,3,S
κρυεροῖο,0,S
κρυπτάδια,1,S
κρυπτάδια,2,S
κρυπταδίῃ,1,S
κρυπταδίῃ,2,S
κρυόεντος,0,S
κρυόεσσα,0,S
κρυόεσσα,3,S
κρόμυ,1,S
κρόταφον,1,S
κρύβδα,1,S
κρῖ,0,L
κρῖν’,0,L
κρῖσάν,0,L
κτάμεναι,0,S
κτάμενον,0,S
κτάνε,0,S
κτάνον,0,S
κτάν’,0,S
κτέρας,1,S
κτήμαθ’,1,S
κτήμασι,1,S
κτήμασι,2,S
κτήματα,1,S
κτήματα,2,S
κτήματ’,1,S
κτήσιος,1,S
κτίλον,0,S
κτίλος,0,S
κταμένης,0,S
κταμένοιο,0,S
κταμένων,0,S
κταμένῳ,0,S
κτανέοντα,0,S
κτανέοντα,3,S
κτεάτεσσι,1,S
κτεάτεσσι,3,S
κτεάτεσσιν,1,S
κτεάτεσσιν,3,S
κτεάτισσα,3,S
κτεάτου,1,S
κτείνας,1,L
κτείνουσι,2,S
κτεινώμεθα,3,S
κτερίσαιεν,1,S
κτεριοῦσί,1,S
κτεριοῦσί,3,S
κτεριοῦσιν,1,S
κτεριοῦσιν,3,S
κτεριῶ,1,S
κτεῖνας,1,S
κτιδέην,0,S
κτυπέει,0,S
κτυπέουσαι,0,S
κτυπέων,0,S
κτύπε,0,S
κτύπον,0,S
κτύπος,0,S
κτῆσιν,1,S
κυάνεαι,0,L
κυάνεαι,1,S
κυάνεοι,0,L
κυάνεοι,1,S
κυάνεον,0,L
κυάνεον,1,S
κυάνεος,0,L
κυάνεος,1,S
κυάνοιο,0,S
κυάνοιο,1,S
κυέουσαν,0,S
κυανέη,0,L
κυανέη,1,S
κυανέην,0,L
κυανέην,1,S
κυανέῃ,0,L
κυανέῃ,1,S
κυανέῃσιν,0,L
κυανέῃσιν,1,S
κυανέῃσιν,4,S
κυανοπρῴροιο,0,S
κυανοπρῴροιο,1,S
κυανοχαίτης,0,L
κυανοχαίτης,1,S
κυανοχαίτῃ,0,L
κυανοχαίτῃ,1,S
κυανοχαῖτα,0,L
κυανοχαῖτα,1,S
κυανοχαῖτα,4,S
κυανόπεζαν,0,L
κυανόπεζαν,1,S
κυανόπεζαν,4,S
κυβίστων,0,S
κυβερνήτης,0,S
κυβερνῆται,0,S
κυβιστητῆρε,0,S
κυβιστητῆρες,0,S
κυβιστᾷ,0,S
κυδάλιμον,0,L
κυδάλιμον,1,S
κυδάλιμον,2,S
κυδάνει,0,L
κυδάνει,1,S
κυδίστη,0,L
κυδαίνων,0,L
κυδαλίμοιο,0,L
κυδαλίμοιο,1,S
κυδαλίμοιο,2,S
κυδαλίμοισι,0,L
κυδαλίμοισι,1,S
κυδαλίμοισι,2,S
κυδαλίμω,0,L
κυδαλίμω,1,S
κυδαλίμω,2,S
κυδιάνειραν,0,L
κυδιάνειραν,1,S
κυδιάνειραν,2,S
κυδιανείρῃ,0,L
κυδιανείρῃ,1,S
κυδιανείρῃ,2,S
κυδιόων,0,L
κυδιόων,1,S
κυδιόωντες,0,L
κυδιόωντες,1,S
κυδοίμεον,0,S
κυδοιμήσων,0,S
κυδοιμοῦ,0,S
κυδοιμόν,0,S
κυδοιμὸν,0,S
κυδοιμὸς,0,S
κυθήριον,0,S
κυθήριον,2,S
κυθήροισι,0,S
κυθηρίῳ,0,S
κυθηρίῳ,2,S
κυθηρόθεν,0,S
κυκήθησαν,0,S
κυκειῶ,0,S
κυκηθήτην,0,S
κυκόωντι,0,S
κυκώμενον,0,S
κυκώμενος,0,S
κυλίνδει,0,S
κυλίνδεσθαι,0,S
κυλίνδεται,0,S
κυλίσθη,0,S
κυλινδομένη,0,S
κυλινδομένην,0,S
κυλινδόμενος,0,S
κυλλήνιον,2,S
κυλλοποδίων,3,L
κυλλοπόδιον,3,L
κυμαίνοντα,0,L
κυμοδόκη,0,L
κυμοθόη,0,L
κυνάμυια,0,S
κυνάμυια,1,S
κυνάμυια,3,S
κυνέην,0,S
κυνέης,0,S
κυνέῃ,0,S
κυνώπιδος,0,S
κυνώπιδος,2,S
κυνὸς,0,S
κυνῶν,0,S
κυνῶπα,0,S
κυπάρισσον,0,S
κυπάρισσον,1,S
κυπέλλοις,0,S
κυπαρισσήεντα,0,S
κυπαρισσήεντα,1,S
κυπαρισσήεντα,5,S
κυρτὰ,1,S
κυσὶ,0,S
κυσὶ,1,S
κυσὶν,0,S
κυσὶν,1,S
κωκυτοῦ,1,L
κωκυτῷ,1,L
κωκύσασα,1,L
κωκύσασα,2,L
κωκύσασα,3,S
κόμισαί,1,S
κόμισαν,1,S
κόμισε,1,S
κόμισεν,1,S
κόμισσα,2,S
κόνι,1,S
κόνιν,1,S
κόνιος,1,S
κόνις,1,S
κόρυθές,1,S
κόρυθα,1,S
κόρυθας,1,S
κόρυθες,1,S
κόρυθι,1,S
κόρυθι,2,L
κόρυθος,1,S
κόρυθός,1,S
κόρυθ’,1,S
κόρυν,1,S
κόρυς,1,S
κόψας,1,L
κόψατο,1,S
κόωνι,2,S
κύαμοι,0,S
κύαμοι,1,S
κύδαινε,0,L
κύδαινόν,0,L
κύδανον,0,L
κύδανον,1,S
κύδεϊ,0,L
κύδεϊ,2,S
κύδηνεν,0,L
κύδιστε,0,L
κύκησε,0,S
κύκλα,1,S
κύμασι,0,L
κύμασι,1,S
κύμασι,2,S
κύματά,0,L
κύματά,1,S
κύματά,2,S
κύματα,0,L
κύματα,1,S
κύματα,2,S
κύματι,0,L
κύματι,1,S
κύματι,2,S
κύματ’,0,L
κύματ’,1,S
κύμβαχον,1,S
κύμβαχος,1,S
κύμινδιν,0,S
κύνα,0,S
κύνα,1,S
κύνας,0,S
κύνας,1,S
κύνε,0,S
κύνες,0,S
κύνεσσι,0,S
κύνεσσι,2,S
κύνεσσιν,0,S
κύνεσσιν,2,S
κύνεός,0,S
κύντατον,1,S
κύν’,0,S
κύον,0,S
κύπειρον,0,S
κύπελλα,0,S
κύπελλον,0,S
κύπριδα,1,S
κύπριδα,2,S
κύπριν,1,S
κύπρις,1,S
κύρεται,0,L
κύρμα,1,S
κύσε,0,S
κύστιν,1,S
κύτωρον,0,S
κύφου,0,S
κύψαντι,2,S
κύψας,1,L
κύων,0,S
κώδειαν,2,S
κώεά,2,S
κώκυσέν,1,L
κώκυσεν,1,L
κώληπα,2,S
κώπας,1,L
κᾶρες,0,L
κῆλα,1,S
κῆρα,1,S
κῆρας,1,S
κῆρι,1,S
κῦδος,0,L
κῦμα,0,L
κῦμα,1,S
κῦμ’,0,L
κῦνόν,0,L
κῦρε,0,L
κ’αὖθι,1,S
κ’αὖτις,1,S
κ’εἴπῃσθα,2,S
κ’ἀγαθοῖσιν,0,S
κ’ἀγαθοῖσιν,1,S
κ’ἀγαθοῖσιν,3,S
κ’ἀγαθὸς,0,S
κ’ἀγαθὸς,1,S
κ’ἀγαμέμνων,0,S
κ’ἀγαμέμνων,1,S
κ’ἀγασσάμενοι,0,S
κ’ἀγασσάμενοι,2,S
κ’ἀθήνη,0,S
κ’ἀθηναίη,0,S
κ’ἀλέξανδρον,0,S
κ’ἀμαχητὶ,0,S
κ’ἀμαχητὶ,1,S
κ’ἀνήνηται,0,S
κ’ἀνδράσι,1,S
κ’ἀνδράσι,2,S
κ’ἀνὴρ,0,S
κ’ἀπαμυναίμεσθ’,0,S
κ’ἀπαμυναίμεσθ’,1,S
κ’ἀπαμυναίμεσθ’,2,L
κ’ἀποκηδήσαντε,0,S
κ’ἀπόλλων,0,S
κ’ἀπὸ,0,S
κ’ἀριστεύῃσι,0,S
κ’ἀριστεύῃσι,4,S
κ’ἀχαιοὶ,0,S
κ’ἀχιλεὺς,0,S
κ’ἀχιλεὺς,1,S
κ’ἀχιλῆος,0,S
κ’ἀχιλῆος,1,S
κ’ἀϋτμὴ,0,S
κ’ἄγω,0,S
κ’ἄρης,0,S
κ’ἄτερ,0,S
κ’ἐδάμην,1,S
κ’ἐθέλωμι,3,S
κ’ἐθέλωσι,3,S
κ’ἐθέλῃσθα,3,S
κ’ἐθέλῃσι,3,S
κ’ἐθέλῃσιν,3,S
κ’ἐπίορκον,1,S
κ’ἐπακούσαις,1,S
κ’ἐπιβαίην,1,S
κ’ἐπιβαίης,1,S
κ’ἐπιδευής,1,S
κ’ἐπιεικὲς,1,S
κ’ἐριαύχενας,1,S
κ’ἐριαύχενας,4,S
κ’ἐῢ,1,S
κ’ἔτι,1,S
κ’ἰθύνοι,0,L
κ’ἰθύνοι,1,L
κ’ὀδυρομένοισιν,1,L
κ’ὀδυρομένοισιν,5,S
κ’ὀλίγον,1,S
κ’ὀστέα,2,S
κ’ὔμμιν,1,S
λάαν,0,S
λάαν,1,L
λάβε,0,S
λάβεν,0,S
λάβετον,0,S
λάβοι,0,S
λάβοιμεν,0,S
λάβοιμι,0,S
λάβωμεν,0,S
λάβῃ,0,S
λάβῃσι,0,S
λάβῃσι,2,S
λάβῃσιν,0,S
λάβ’,0,S
λάεσσί,0,L
λάεσσί,2,S
λάεσσι,0,L
λάεσσι,2,S
λάθε,0,S
λάθεν,0,S
λάθετ’,0,S
λάθοι,0,S
λάθον,0,S
λάθοντο,0,S
λάθωμαι,0,S
λάθωνται,0,S
λάθῃσι,0,S
λάθῃσι,2,S
λάθ’,0,S
λάκε,0,S
λάρισαν,0,L
λάρισαν,1,L
λάρισαν,2,L
λάρνακα,1,S
λάρνακα,2,S
λάρνακ’,1,S
λάσιον,0,S
λάσιον,1,S
λάσιος,0,S
λάσιος,1,S
λάχε,0,S
λάχεν,0,S
λάχομεν,0,S
λάχον,0,S
λάχῃ,0,S
λάχῃσιν,0,S
λάχ’,0,S
λάων,0,L
λάϊνον,0,L
λάϊνον,1,S
λάϊνος,0,L
λάϊνος,1,S
λέβητας,2,S
λέκτροισιν,2,S
λέλυται,1,S
λέξατο,1,S
λέοντα,2,S
λέουσι,2,S
λήγοντα,2,S
λήϊον,1,S
λήϊτον,1,S
λήϊτος,1,S
λίασθεν,0,S
λίγ’,0,S
λίην,0,L
λίθοι,0,S
λίθοιο,0,S
λίθοις,0,S
λίθοισι,0,S
λίθον,0,S
λίθος,0,S
λίθου,0,S
λίθους,0,S
λίθῳ,0,S
λίλαιαν,0,S
λίλαιαν,2,S
λίνοιό,0,S
λίνον,0,S
λίνου,0,S
λίνῳ,0,S
λίπε,0,S
λίπεν,0,S
λίπες,0,S
λίπετ’,0,S
λίπησθε,0,S
λίπησθον,0,S
λίπηται,0,S
λίποι,0,S
λίποιεν,0,S
λίποιμεν,0,S
λίποιτε,0,S
λίποιτο,0,S
λίπον,0,S
λίποντο,0,S
λίπω,0,S
λίπωνται,0,S
λίπῃ,0,S
λίπ’,0,S
λίς,0,L
λίσαι,0,S
λαΐνεοι,0,L
λαΐνεοι,1,S
λαέρκεος,0,L
λαίλαπα,1,S
λαίλαπα,2,S
λαίλαπι,1,S
λαίλαπι,2,S
λαβέτην,0,S
λαβοῦσα,0,S
λαβοῦσα,2,S
λαβραγόρην,1,S
λαβρότατον,2,S
λαβόντες,0,S
λαβών,0,S
λαβὲ,0,S
λαβὼν,0,S
λαγωόν,0,S
λαγωὸν,0,S
λαερτιάδη,0,L
λαερτιάδη,2,S
λαερτιάδη,3,S
λαερτιάδης,0,L
λαερτιάδης,2,S
λαερτιάδης,3,S
λαζοίατο,2,S
λαθέσθαι,0,S
λαθικηδέα,0,S
λαθικηδέα,1,S
λαθικηδέα,4,S
λαθοίμην,0,S
λαθών,0,S
λαθὼν,0,S
λαισήϊά,2,S
λαισήϊά,3,S
λαιψηρά,2,S
λαιψηρὰ,2,S
λακεδαίμονα,0,S
λακεδαίμονα,4,S
λακεδαίμονι,0,S
λακεδαίμονι,4,S
λακεδαίμονος,0,S
λαμπετίδης,2,S
λαμπετόωντι,4,S
λαμπομενάων,3,L
λαμπροῖσι,2,S
λαμπρότατος,2,S
λαοί,0,L
λαοδάμαντα,0,L
λαοδάμαντα,2,S
λαοδάμειαν,0,L
λαοδάμειαν,2,S
λαοδίκη,0,L
λαοδίκη,2,S
λαοδίκην,0,L
λαοδίκην,2,S
λαοδαμείῃ,0,L
λαοδαμείῃ,2,S
λαοδόκῳ,0,L
λαοθόη,0,L
λαομέδοντα,0,L
λαομέδοντι,0,L
λαομέδοντι,4,S
λαομέδοντος,0,L
λαομέδων,0,L
λαομεδοντιάδη,0,L
λαομεδοντιάδη,4,S
λαομεδοντιάδη,5,S
λαομεδοντιάδης,0,L
λαομεδοντιάδης,4,S
λαομεδοντιάδης,5,S
λαοσσόος,0,L
λαοφόρον,0,L
λαούς,0,L
λαοὶ,0,L
λαοὺς,0,L
λαοῖς,0,L
λαοῖσί,0,L
λαοῖσί,2,S
λαοῖσι,0,L
λαοῖσι,2,S
λαοῖσιν,0,L
λαοῦ,0,L
λαπάρην,0,S
λαπάρην,1,S
λαπάρης,0,S
λαπάρης,1,S
λαπίθαι,0,S
λαπίθαι,1,S
λαπιθάων,0,S
λαπιθάων,1,S
λαπιθάων,2,L
λαρίσης,0,L
λαρίσης,1,L
λαρόν,0,L
λαρὸν,0,L
λασίοισι,0,S
λασίοισι,1,S
λασίοισι,3,S
λαυκανίην,1,S
λαυκανίην,2,S
λαυκανίης,1,S
λαυκανίης,2,S
λαφύσσει,0,S
λαφύσσετον,0,S
λαχεῖν,0,S
λαχόντα,0,S
λαχόντα,2,S
λαόγονον,0,L
λαόν,0,L
λαός,0,L
λαὸν,0,L
λαὸς,0,L
λαῶν,0,L
λαῷ,0,L
λείουσιν,2,S
λεγοίμεθα,3,S
λεγώμεθα,3,S
λειανέω,1,S
λειμῶνι,2,S
λειριόεντα,1,S
λειριόεσσαν,1,S
λειριόεσσαν,4,S
λειώκριτον,2,S
λελάθοντο,1,S
λελάθῃ,1,S
λελάσμεθα,3,S
λελάχητε,1,S
λελάχωσι,1,S
λελάχωσι,3,S
λελέγεσσι,3,S
λελαθέσθω,1,S
λελαθέσθ’,1,S
λελιημένοι,1,S
λελιημένος,1,S
λεπτά,1,S
λεπταλέῃ,1,S
λεπτοτάτη,2,S
λεπτότατος,2,S
λεπτὰς,1,L
λεσβίδας,1,S
λεσβίδας,2,S
λευγαλέοιο,1,S
λευγαλέοις,1,S
λευγαλέως,1,S
λευγαλέῃ,1,S
λευγαλέῃσι,1,S
λευγαλέῃσι,4,S
λευγαλέῳ,1,S
λευκά,1,S
λευκάσπιδα,2,S
λευκάσπιδα,3,S
λευκὰ,1,S
λεχέεσσι,3,S
λεύσσουσι,2,S
λεῖα,1,S
ληΐδα,1,S
ληΐδα,2,S
ληΐδος,1,S
ληΐδ’,1,S
ληΐου,1,S
ληΐσσατο,2,S
ληΐτιδι,1,L
ληΐτιδι,2,S
ληΐτιδι,3,S
ληϊάδας,1,S
ληϊάδας,2,S
λιάζετο,0,S
λιάσθη,0,S
λιάσθης,0,S
λιαζόμενον,0,S
λιαρόν,0,S
λιαρόν,1,S
λιαρὸν,0,S
λιαρὸν,1,S
λιαρῷ,0,S
λιαρῷ,1,S
λιασθείς,0,S
λιασθεὶς,0,S
λιγέων,0,S
λιγέως,0,S
λιγείῃ,0,S
λιγυρῇσι,0,S
λιγυρῇσι,1,S
λιγυρῇσι,3,S
λιγυφθόγγοισι,0,S
λιγυφθόγγοισι,4,S
λιγυφώνῳ,0,S
λιγυφώνῳ,1,S
λιγύς,0,S
λιγὺν,0,S
λιγὺς,0,S
λιθέῳ,0,S
λικριφὶς,1,S
λικριφὶς,2,S
λικύμνιον,0,S
λικύμνιον,2,S
λιλαίεαι,0,S
λιλαίεσθαι,0,S
λιλαίετο,0,S
λιλαίομαι,0,S
λιλαιομένη,0,S
λιλαιόμενα,0,S
λιλαιόμενοι,0,S
λιμένεσσι,0,S
λιμένεσσι,3,S
λιμένος,0,S
λιμέσιν,0,S
λιμός,0,L
λιμὸς,0,L
λινοθώρηξ,0,S
λιπέσθαι,0,S
λιπέτην,0,S
λιπαροκρήδεμνος,0,S
λιπαροκρήδεμνος,1,S
λιπαροπλοκάμοιο,0,S
λιπαροπλοκάμοιο,1,S
λιπαροπλοκάμοιο,4,S
λιπαροὺς,0,S
λιπαροὺς,1,S
λιπαροῖσιν,0,S
λιπαροῖσιν,1,S
λιπαροῖσιν,3,S
λιπαρὰς,0,S
λιπαρὰς,1,S
λιπαρὴν,0,S
λιπαρὴν,1,S
λιπεῖν,0,S
λιποίμην,0,S
λιποῦσα,0,S
λιποῦσ’,0,S
λιπόμην,0,S
λιπόντε,0,S
λιπὼν,0,S
λιτάνευε,0,S
λιτάνευε,1,S
λιτάνευεν,0,S
λιτάνευεν,1,S
λιτέσθαι,0,S
λιταί,0,S
λιτανεύσομεν,0,S
λιτανεύσομεν,1,S
λιτὶ,0,L
λιτὶ,1,S
λοέσσας,2,L
λοίγια,1,S
λοίγια,2,S
λοίγι’,1,S
λοεσσάμενος,2,S
λοεσσαμένω,2,S
λοετρὰ,2,S
λοισθήϊον,2,S
λοισθήϊ’,2,S
λούσειαν,2,S
λυκάονα,0,S
λυκάονα,1,L
λυκάονα,3,S
λυκάονι,0,S
λυκάονι,1,L
λυκάονι,3,S
λυκάονος,0,S
λυκάονος,1,L
λυκάων,0,S
λυκάων,1,L
λυκέην,0,S
λυκίη,0,S
λυκίη,1,S
λυκίηθεν,0,S
λυκίηθεν,1,S
λυκίην,0,S
λυκίην,1,S
λυκίηνδε,0,S
λυκίηνδε,1,S
λυκίης,0,S
λυκίης,1,S
λυκίοισι,0,S
λυκίοισι,1,S
λυκίοισι,3,S
λυκίοισιν,0,S
λυκίοισιν,1,S
λυκίοισιν,3,S
λυκίους,0,S
λυκίους,1,S
λυκίων,0,S
λυκίων,1,S
λυκίῃ,0,S
λυκίῃ,1,S
λυκηγενέϊ,0,S
λυκομήδεα,0,S
λυκομήδεα,4,S
λυκομήδεος,0,S
λυκομήδης,0,S
λυκοφόντην,0,S
λυκούργου,0,S
λυκόοργος,0,S
λυκόφρονα,0,S
λυκόφρονα,3,S
λυσάμενοι,0,L
λυσάμενοι,1,S
λυσόμενος,0,L
λυσόμενός,0,L
λυώμεθα,0,S
λυώμεθα,3,S
λωβητῆρα,3,S
λωτοῦντα,2,S
λύγοισι,0,S
λύε,0,S
λύθεν,0,S
λύθη,0,S
λύκαστον,0,S
λύκιοι,0,S
λύκιοι,1,S
λύκοι,0,S
λύκοιο,0,S
λύκων,0,S
λύματα,0,L
λύματα,1,S
λύματα,2,S
λύμην,0,S
λύον,0,S
λύοντο,0,S
λύσαθ’,0,L
λύσαθ’,1,S
λύσαιτε,0,L
λύσανδρον,0,L
λύσας,0,L
λύσας,1,L
λύσασθαί,0,L
λύσασθαι,0,L
λύσασ’,0,L
λύσασ’,1,L
λύσει,0,L
λύσειαν,0,L
λύσιος,0,S
λύσιος,1,S
λύσομαι,0,L
λύσσα,1,S
λύσσαν,1,S
λύσω,0,L
λύσῃ,0,L
λύτο,0,S
λύωμεν,0,S
λύων,0,S
λύ’,0,S
λώϊον,1,S
λώϊόν,1,S
λὶς,0,L
λᾶαν,0,L
λᾶαν,1,S
λᾶας,0,L
λᾶας,1,S
λᾶε,0,L
λᾶος,0,L
λᾶϊ,0,L
λῖν,0,L
λῖτα,0,L
λῖτα,1,S
λῦσαι,0,L
λῦσαν,0,L
λῦσαν,1,S
λῦσε,0,L
λῦσεν,0,L
λῦσον,0,L
λῦτο,0,L
μάθον,0,S
μάκαρ,0,S
μάκαρ,1,S
μάκαρες,0,S
μάκαρες,1,S
μάκαρος,0,S
μάκαρος,1,S
μάκελλαν,0,S
μάκελλαν,2,S
μάλα,0,S
μάλα,1,S
μάλιστά,0,S
μάλιστά,2,S
μάλιστα,0,S
μάλιστα,2,S
μάλιστ’,0,S
μάλ’,0,S
μάν,0,L
μάντεϊ,2,S
μάντι,1,S
μάντιές,1,S
μάντιν,1,S
μάντιος,1,S
μάντις,1,S
μάρις,0,S
μάρμαρον,1,S
μάρναθ’,1,S
μάρναο,1,S
μάρναται,1,S
μάρνατο,1,S
μάρναό,1,S
μάρπτῃσι,2,S
μάρτυροι,1,S
μάσητά,0,L
μάσητά,2,S
μάστακ’,1,S
μάστι,1,L
μάστιγα,1,L
μάστιγα,2,S
μάστιγας,1,L
μάστιγας,2,S
μάστιγι,1,L
μάστιγι,2,S
μάστιε,1,S
μάτησεν,0,S
μάχαι,0,S
μάχαιραν,0,S
μάχας,0,S
μάχας,1,L
μάχεαι,0,S
μάχεσθαί,0,S
μάχεσθαι,0,S
μάχεσθε,0,S
μάχεσθον,0,S
μάχεσθ’,0,S
μάχετ’,0,S
μάχη,0,S
μάχηαι,0,S
μάχην,0,S
μάχης,0,S
μάχηται,0,S
μάχοιτο,0,S
μάχονται,0,S
μάχοντο,0,S
μάχωμαι,0,S
μάχωνται,0,S
μάχῃ,0,S
μέγα,1,S
μέγαν,1,S
μέγαρα,1,S
μέγαρ’,1,S
μέγας,1,S
μέγητα,2,S
μέγιστα,2,S
μέδοντά,2,S
μέδοντα,2,S
μέθυ,1,S
μέλαινα,2,S
μέλαιναν,2,S
μέλαν,1,S
μέλανα,1,S
μέλανες,1,S
μέλανος,1,S
μέλιτος,1,S
μέλλουσιν,2,S
μέλουσί,2,S
μέλπηθρα,2,S
μέμαθ’,1,S
μέμαμεν,1,S
μέμασαν,1,S
μέματον,1,S
μέμυκεν,1,L
μένοντι,2,S
μένουσιν,2,S
μένωνα,2,S
μέρμερα,2,S
μέσοισι,2,S
μέσοισιν,2,S
μέσσα,1,S
μέσσοισι,2,S
μέσσοισιν,2,S
μέσσῃσιν,2,S
μέτα,1,S
μέτειμι,2,S
μέτρα,1,S
μέχρι,1,S
μέχρις,1,S
μήδεά,2,S
μήδεα,2,S
μήλοισιν,2,S
μήνιε,1,S
μήνιεν,1,L
μήνιμα,1,L
μήνιμα,2,S
μήνι’,1,S
μήσαο,1,S
μήσατο,1,S
μήσατ’,1,S
μήστορά,2,S
μήστωρα,2,S
μήστωρας,2,S
μήτι,1,L
μήτρωα,2,S
μία,0,S
μία,1,S
μίαν,0,S
μίαν,1,S
μίγη,0,S
μίδειαν,0,S
μίλητον,0,L
μίλητόν,0,L
μίμνουσι,2,S
μίνυνθά,0,S
μίνυνθά,2,S
μίνυνθα,0,S
μίνυνθα,2,S
μίνυνθ’,0,S
μίνωα,0,L
μίνωα,2,S
μίνων,0,L
μίνως,0,L
μίσησεν,0,L
μίτον,0,S
μί’,0,S
μαιμαλίδης,1,S
μαιμαλίδης,2,S
μαιμώωσι,3,S
μαινάδι,1,S
μαινάδι,2,S
μακάρεσσι,0,S
μακάρεσσι,1,S
μακάρεσσι,3,S
μακάρων,0,S
μακάρων,1,S
μακρά,1,S
μακροτάτη,2,S
μακρότατ’,2,S
μακρὰ,1,S
μακρῇσι,2,S
μακών,0,S
μαλακοῖς,0,S
μαλακοῖς,1,S
μαλακοῖσιν,0,S
μαλακοῖσιν,1,S
μαλακόν,0,S
μαλακόν,1,S
μαλακώτερος,0,S
μαλακώτερος,1,S
μαλακὴν,0,S
μαλακὴν,1,S
μαλακὸν,0,S
μαλακὸν,1,S
μαλακῇ,0,S
μαλακῇ,1,S
μαλακῷ,0,S
μαλακῷ,1,S
μαλεροῦ,0,S
μαλερῷ,0,S
μαλθακὸς,1,S
μαντινέην,1,S
μαντοσύνας,2,S
μαντοσύνας,3,L
μαντοσύνην,2,S
μαρμάρῳ,1,S
μαρμαίροντα,3,S
μαρμαρέην,1,S
μαρνάμενοι,1,S
μαρνάμενον,1,S
μαρνάμενος,1,S
μαρναμένοιιν,1,S
μαρναμένοιο,1,S
μαρναμένοισι,1,S
μαρναμένοισι,4,S
μαρναμένοισιν,1,S
μαρναμένοισιν,4,S
μαρναμένοιϊν,1,S
μαρναμένων,1,S
μαστίεται,1,S
μαστορίδης,2,S
ματήσετον,0,S
ματεύσομεν,0,S
μαχάονα,0,S
μαχάονα,1,L
μαχάονα,3,S
μαχάονι,0,S
μαχάονι,1,L
μαχάονι,3,S
μαχάων,0,S
μαχάων,1,L
μαχέοιντο,0,S
μαχέοιτο,0,S
μαχέονται,0,S
μαχέσαιο,0,S
μαχέσαιτο,0,S
μαχέσασθαι,0,S
μαχέσθην,0,S
μαχέσθω,0,S
μαχέσκετο,0,S
μαχέσσασθαι,0,S
μαχέσσατο,0,S
μαχέσσατο,2,S
μαχήμων,0,S
μαχήσασθαι,0,S
μαχήσεαι,0,S
μαχήσεσθαι,0,S
μαχήσεται,0,S
μαχήσομαι,0,S
μαχήσονται,0,S
μαχήσοντ’,0,S
μαχαίρας,0,S
μαχαίρῃ,0,S
μαχεσσάμεθ’,0,S
μαχεσσάμεθ’,2,S
μαχεσσάμενον,0,S
μαχεσσάμενον,2,S
μαχεσσαίμην,0,S
μαχεσσαμένω,0,S
μαχεσσαμένω,2,S
μαχεῖται,0,S
μαχησομένους,0,S
μαχησόμεθα,0,S
μαχησόμεθ’,0,S
μαχησόμενοι,0,S
μαχησόμενον,0,S
μαχησόμενος,0,S
μαχητήν,0,S
μαχητής,0,S
μαχηταί,0,S
μαχλοσύνην,2,S
μαχοίατο,0,S
μαχοίατο,2,S
μαχοίμην,0,S
μαχόμεσθα,0,S
μαχόμεσθα,3,S
μαχόμεσθ’,0,S
μαχόμην,0,S
μαχώμεθα,0,S
μαχώμεθα,3,S
μαχώμεθ’,0,S
μαχᾶον,0,S
μαχᾶον,1,L
μαψιδίως,1,S
μαψιδίως,2,S
μαῖρα,1,S
μείζονα,2,S
μείζονι,2,S
μείλανι,1,S
μείλανι,2,S
μείλια,1,S
μείλια,2,S
μείλινα,1,S
μείλινα,2,S
μείλινον,1,S
μείλιχον,1,S
μείλιχος,1,S
μείναμεν,1,S
μείνατ’,1,S
μείνειας,2,S
μεγάδην,1,S
μεγάθυμε,1,S
μεγάθυμε,2,L
μεγάθυμοι,1,S
μεγάθυμοι,2,L
μεγάθυμον,1,S
μεγάθυμον,2,L
μεγάθυμος,1,S
μεγάθυμος,2,L
μεγάλα,1,S
μεγάλας,1,S
μεγάλας,2,L
μεγάλη,1,S
μεγάλην,1,S
μεγάλοι,1,S
μεγάλοιο,1,S
μεγάλοισί,1,S
μεγάλοισί,3,S
μεγάλοισι,1,S
μεγάλοισι,3,S
μεγάλου,1,S
μεγάλους,1,S
μεγάλω,1,S
μεγάλων,1,S
μεγάλως,1,S
μεγάλῃ,1,S
μεγάλῃσι,1,S
μεγάλῃσι,3,S
μεγάλῳ,1,S
μεγάλ’,1,S
μεγάροιο,1,S
μεγάροις,1,S
μεγάροισι,1,S
μεγάροισι,3,S
μεγάροισιν,1,S
μεγάροισιν,3,S
μεγάρων,1,S
μεγάρῳ,1,S
μεγαθύμου,1,S
μεγαθύμου,2,L
μεγαθύμους,1,S
μεγαθύμους,2,L
μεγαθύμων,1,S
μεγαθύμων,2,L
μεγακήτεος,1,S
μεγακήτεϊ,1,S
μεγακήτεϊ,4,S
μεγαλήτορα,1,S
μεγαλήτορα,4,S
μεγαλήτορας,1,S
μεγαλήτορας,4,S
μεγαλήτορες,1,S
μεγαλήτορι,1,S
μεγαλήτορι,4,S
μεγαλήτορος,1,S
μεγαλίζεο,1,S
μεγαλωστί,1,S
μεγαλωστί,3,S
μεγαλωστὶ,1,S
μεγαλωστὶ,3,S
μεδεῶνά,3,S
μεδοίατο,2,S
μεδώμεθα,3,S
μεθέηκα,3,S
μεθίει,1,L
μεθίεμεν,1,L
μεθίετε,1,L
μεθίστατο,2,S
μεθίῃσι,1,S
μεθίῃσι,3,S
μεθημοσύνῃ,3,S
μεθημοσύνῃσί,3,S
μεθημοσύνῃσί,5,S
μεθιέμεν,1,L
μεθιέμεναι,1,L
μεθιέντα,1,S
μεθιέντα,3,S
μεθιέντας,1,S
μεθιέντας,3,S
μεθιεῖ,1,S
μεθιεῖς,1,S
μεθομίλεον,2,L
μεθύουσαν,1,S
μεθύουσαν,3,S
μειδήσασα,2,L
μειδήσασα,3,S
μειδιόων,1,S
μειδιόωσα,1,S
μειλίχιον,1,S
μειλίχιον,2,S
μειλιχίοις,1,S
μειλιχίοις,2,S
μειλιχίοισι,1,S
μειλιχίοισι,2,S
μειλιχίοισι,4,S
μειλιχίοισιν,1,S
μειλιχίοισιν,2,S
μειλιχίῃ,1,S
μειλιχίῃ,2,S
μελάνδετα,3,S
μελάνει,1,S
μελάνθιον,2,S
μελάνιππε,1,S
μελάνιππον,1,S
μελάνυδρος,1,S
μελίβοιαν,1,S
μελίβοιαν,3,S
μελίη,1,S
μελίην,1,S
μελίης,1,S
μελίτη,1,S
μελίφρονα,3,S
μελίῃσι,1,S
μελαινάων,2,L
μελανόχροες,1,S
μελανύδρου,1,S
μελεδήματα,3,S
μελεδήματα,4,S
μελεϊστὶ,3,S
μελιηδέα,1,S
μελιηδέα,4,S
μελιηδέος,1,S
μελισσάων,2,L
μεμάασί,1,S
μεμάασί,2,L
μεμάασί,3,S
μεμάασι,1,S
μεμάασι,2,L
μεμάασι,3,S
μεμάασιν,1,S
μεμάασιν,2,L
μεμάτω,1,S
μεμακυῖαι,1,S
μεμαυῖα,1,S
μεμαυῖα,3,S
μεμαυῖαι,1,S
μεμαυῖαν,1,S
μεμαυῖαν,3,S
μεμαυῖ’,1,S
μεμαότε,1,L
μεμαότες,1,L
μεμαώς,1,S
μεμαὼς,1,S
μεμαῶσιν,1,S
μεμαῶτα,1,S
μεμαῶτα,3,S
μεμαῶτας,1,S
μεμαῶτε,1,S
μεμαῶτες,1,S
μεμαῶτι,1,S
μεμαῶτι,3,S
μεμαῶτος,1,S
μεμαῶτ’,1,S
μεμυκὼς,1,L
μενέλαε,2,L
μενέλαον,2,L
μενέλαος,2,L
μενέουσι,3,S
μενέσθιον,2,S
μενέσθιος,2,S
μενεήναμεν,3,S
μενεδήϊος,3,S
μενελάου,2,L
μενελάῳ,2,L
μενοίτιον,2,S
μενοίτιος,2,S
μενοεικέα,4,S
μενοινάᾳ,2,L
μενοινήσωσι,4,S
μενοινήῃσί,4,S
μενοιτίου,2,S
μενοιτιάδαο,2,S
μενοιτιάδαο,3,S
μενοιτιάδαο,4,L
μενοιτιάδεω,2,S
μενοιτιάδεω,3,S
μενοιτιάδη,2,S
μενοιτιάδη,3,S
μενοιτιάδην,2,S
μενοιτιάδην,3,S
μενοιτιάδης,2,S
μενοιτιάδης,3,S
μενοιτιάδῃ,2,S
μενοιτιάδῃ,3,S
μερόπεσσι,3,S
μεσαιπόλιός,3,S
μεσηγὺ,2,S
μεσσάτῳ,1,S
μεσσηΐδος,2,S
μεσσηγύ,2,S
μεσσηγὺ,2,S
μεσσοπαγὲς,2,S
μετά,1,S
μετάφρενα,3,S
μετέασι,2,L
μετέπειτα,3,S
μετέσσυτο,2,S
μετέῃσιν,3,S
μετήορα,3,S
μεταΐξας,1,L
μεταΐσσων,1,L
μεταδαίνυται,1,S
μεταδαίνυται,3,S
μεταδαίσομαι,1,S
μεταδρομάδην,3,S
μεταλήξαντι,1,L
μεταλήξαντι,4,S
μεταμάζιον,1,S
μεταμάζιον,3,S
μεταμώνια,1,S
μεταμώνια,3,S
μεταμώνια,4,S
μετανάστην,1,S
μεταπαυσωλὴ,1,S
μεταπαυόμενοι,1,S
μεταστοιχί,3,L
μεταστρεφθέντα,4,S
μεταστρεφθέντι,4,S
μετατροπαλίζεο,3,S
μεταφρασόμεσθα,2,S
μεταφρασόμεσθα,5,S
μετεισάμενος,2,S
μετεκίαθε,2,L
μετεκίαθε,3,S
μετεκίαθον,2,L
μετεκίαθον,3,S
μετενίσετο,2,L
μετηύδα,2,L
μετώπιον,2,S
μετὰ,1,S
μηδεσικάστην,2,S
μηκάδες,1,S
μηκέτι,2,S
μηκιστηϊάδης,3,S
μηκιστηϊάδης,4,S
μηνίσας,1,L
μηρία,1,S
μηρία,2,S
μηρί’,1,S
μηριόναο,1,S
μηριόναο,3,L
μηριόνη,1,S
μηριόνην,1,S
μηριόνης,1,S
μηριόνῃ,1,S
μητέρα,2,S
μητέρι,2,S
μητίετα,1,S
μητίσασθαι,1,L
μητίσομαι,1,L
μητιάασθε,1,S
μητιάασθε,2,S
μητιόωντες,1,S
μητιόωντι,1,S
μητιόωντο,1,S
μητιόωσα,1,S
μητιόωσι,1,S
μητιόωσι,4,S
μητροπάτωρ,2,S
μητρὶ,1,S
μηχανόωντο,1,S
μιάνθην,0,S
μιάνθησαν,0,S
μιήνῃ,0,S
μιαίνεσθαι,0,S
μιαιφόνε,0,S
μιαιφόνος,0,S
μιαρός,0,S
μιαρός,1,S
μιγέντα,0,S
μιγέωσιν,0,S
μιγήμεναι,0,S
μιγήσεσθαι,0,S
μιγείης,0,S
μιγῆναι,0,S
μιλτοπάρῃοι,2,S
μιμνόντεσσι,3,S
μιν,0,S
μινυήϊος,0,S
μινυήϊος,1,S
μινυήϊος,3,S
μινυνθάδιον,0,S
μινυνθάδιον,2,S
μινυνθάδιον,3,S
μινυνθάδιος,0,S
μινυνθάδιος,2,S
μινυνθάδιος,3,S
μινυνθάδιόν,0,S
μινυνθάδιόν,2,S
μινυνθάδιόν,3,S
μινυνθαδιώτερον,0,S
μινυνθαδιώτερον,2,S
μινυνθαδιώτερον,3,S
μινύειον,0,S
μινύειον,1,S
μινύθει,0,S
μινύθει,1,S
μινύθουσι,0,S
μινύθουσι,1,S
μινύθουσι,3,S
μινύθῃ,0,S
μινύθῃ,1,S
μινύριζε,0,S
μινύριζε,1,S
μιῆς,0,S
μνήσασα,1,L
μνήσασα,2,S
μνήσατ’,1,S
μνημοσύνη,2,S
μνησάμενοι,1,S
μνησάμενος,1,S
μνησαίαθ’,2,S
μνησαμένω,1,S
μνησώμεθα,3,S
μοιράων,1,L
μολίονα,1,L
μολίονα,3,S
μολίονε,1,L
μολοῦσα,2,S
μορμύροντα,1,L
μορμύροντα,3,S
μορμύρων,1,L
μορόεντα,3,S
μουσάων,1,L
μοχθίζοντα,3,S
μούλιον,1,S
μοῖρα,1,S
μοῖραν,1,S
μυίας,1,L
μυδαλέας,0,L
μυδαλέας,1,S
μυδαλέας,3,L
μυελὸν,0,L
μυελὸς,0,L
μυθέομαι,0,L
μυθέσκοντο,0,L
μυθήσαιο,0,L
μυθήσασθαι,0,L
μυθήσασθε,0,L
μυθήσατο,0,L
μυθήσατο,2,S
μυθήσομαι,0,L
μυθεῖτ’,0,L
μυθησαίμην,0,L
μυιάων,1,L
μυκάλης,0,S
μυκάλης,1,S
μυκήνας,0,S
μυκήνας,2,L
μυκήνη,0,S
μυκήνηθεν,0,S
μυκήνης,0,S
μυκαλησσόν,0,S
μυκαλησσόν,1,S
μυκηθμῷ,0,L
μυκηναίων,0,S
μυκηναῖον,0,S
μυλάκεσσι,0,S
μυλάκεσσι,1,S
μυλάκεσσι,3,S
μυλοειδέϊ,0,S
μυλοειδέϊ,4,S
μυρία,0,L
μυρία,1,S
μυρία,2,S
μυρίαι,0,L
μυρίαι,1,S
μυρίκην,0,S
μυρίκην,1,S
μυρίκης,0,S
μυρίκης,1,S
μυρίκῃσιν,0,S
μυρίκῃσιν,1,S
μυρίκῃσιν,3,S
μυρίνης,0,S
μυρίνης,1,L
μυρίοι,0,L
μυρίοι,1,S
μυρίον,0,L
μυρίον,1,S
μυρί’,0,L
μυρί’,1,S
μυρικίνῳ,0,S
μυρικίνῳ,1,L
μυρικίνῳ,2,S
μυρμιδόνας,1,S
μυρμιδόνες,1,S
μυρμιδόνεσσι,1,S
μυρμιδόνεσσι,4,S
μυρμιδόνεσσιν,1,S
μυρμιδόνεσσιν,4,S
μυρμιδόνων,1,S
μυρομένη,0,L
μυρομένοισι,0,L
μυρομένοισι,4,S
μυρομένοισιν,0,L
μυρομένους,0,L
μυρομένω,0,L
μυρόμενοι,0,L
μυρῖκαι,0,S
μυρῖκαι,1,L
μυσοί,0,L
μυσοὶ,0,L
μυσῶν,0,L
μυχοὺς,0,S
μυχῷ,0,S
μυώνων,0,L
μυὼν,0,L
μυῖαν,1,S
μόγησα,2,S
μόγις,1,L
μόλιβος,1,S
μόριμον,1,S
μόρσιμον,1,S
μόρσιμόν,1,S
μόρσιμός,1,S
μόσχοισι,2,S
μύδωνά,0,S
μύδωνά,2,S
μύδωνα,0,S
μύδωνα,2,S
μύθοιο,0,L
μύθοις,0,L
μύθοισι,0,L
μύθοισι,2,S
μύθοισιν,0,L
μύθοισιν,2,S
μύθου,0,L
μύθους,0,L
μύθων,0,L
μύθῳ,0,L
μύκε,0,S
μύκον,0,S
μύνητος,0,S
μύνητ’,0,S
μύρονθ’,0,L
μύρονται,0,L
μύρσινος,1,S
μύσαν,0,S
μύσαν,1,S
μώνυχας,1,S
μώνυχας,2,S
μώνυχες,1,S
μὰ,0,S
μὰν,0,L
μῃονίην,2,S
μῃονίης,2,S
μῃονὶς,2,S
μῄονας,2,S
μῄοσιν,2,S
μῆλα,1,S
μῆνα,1,S
μῆνιν,1,S
μῆνις,1,S
μῆτις,1,S
μῦθοι,0,L
μῦθον,0,L
μῦθος,0,L
μῦθόν,0,L
μ’εὐρυνόμη,1,S
μ’οἴσουσιν,2,S
μ’ἀγειρόμενοι,0,S
μ’ἀλλάων,1,L
μ’ἀνάειρ’,0,S
μ’ἀνάειρ’,1,S
μ’ἀνείρεαι,0,S
μ’ἀνὴρ,0,S
μ’ἀπάτησας,0,S
μ’ἀπάτησας,1,S
μ’ἀπάτησε,0,S
μ’ἀπάτησε,1,S
μ’ἀπαειρόμενον,0,S
μ’ἀπαειρόμενον,1,S
μ’ἀπογυιώσῃς,0,S
μ’ἀσύφηλον,0,S
μ’ἀσύφηλον,1,S
μ’ἀτρεΐδης,2,S
μ’ἀφέλεσθέ,0,S
μ’ἀχαιοὶ,0,S
μ’ἄγαγε,0,S
μ’ἄγαγε,1,S
μ’ἄλοχος,0,S
μ’ἄνδρα,1,S
μ’ἄνωγας,0,S
μ’ἄνωγας,2,S
μ’ἄτῃσι,0,L
μ’ἄτῃσι,2,S
μ’ἄχος,0,S
μ’ἄϊστον,0,S
μ’ἐθέλοντα,3,S
μ’ἐπέεσσιν,3,S
μ’ἐπέρασσας,3,S
μ’ἐρέθῃσιν,3,S
μ’ἐσάωσαν,1,S
μ’ἐσάωσ’,1,S
μ’ἐφίλησ’,1,S
μ’ἐᾶσαι,1,L
μ’ἑκάεργε,1,S
μ’ἔβαλε,1,S
μ’ἔρυκε,1,L
μ’ἔτι,1,S
μ’ἔφατο,1,S
μ’ἔφατ’,1,S
μ’ἰόντα,0,S
μ’ἰόντα,2,S
μ’ἵπποισι,2,S
μ’ὁμότιμον,2,L
μ’ὑπέμεινε,0,S
μ’ὑπήνεικαν,0,S
μ’ὑπὲρ,0,S
μ’ὑπὸ,0,S
μ’ὠκυπόδων,1,S
μ’ὤνατο,1,S
μ’ὦκα,1,S
μ’ᾐτιάασθε,1,S
μ’ᾐτιάασθε,2,S
νάουσιν,0,S
νάπαι,0,S
νέας,1,S
νέαται,1,S
νέκταρ,1,S
νέκυάς,1,S
νέκυας,1,S
νέκυες,1,S
νέκυν,1,L
νέκυος,1,S
νέκυς,1,L
νέκυός,1,S
νέστορά,2,S
νέστορί,2,S
νέστορα,2,S
νέστορι,2,S
νήδυμον,1,S
νήδυμος,1,S
νήεσσι,2,S
νήεσσιν,2,S
νήπια,1,S
νήπια,2,S
νήπιε,1,S
νήπιοι,1,S
νήπιον,1,S
νήπιος,1,S
νήπιός,1,S
νήπι’,1,S
νήριτον,1,S
νήσοισι,2,S
νήστιας,1,S
νήστιας,2,S
νήϊδά,1,S
νήϊδά,2,S
νήϊον,1,S
νίκη,0,L
νίκην,0,L
νίκης,0,L
νίκησε,0,L
νίκων,0,L
νίκῃ,0,L
νίσομαι,0,L
νίσοντο,0,L
νίσυρόν,0,L
νίσυρόν,1,L
νίψατο,1,S
ναίουσι,2,S
ναιετάασκε,2,S
ναιετάασκον,2,S
ναιετάοντα,2,S
ναιετάοντα,4,S
ναιετάοντας,2,S
ναιετάουσαν,2,S
ναιετάουσι,2,S
ναιετάουσι,4,S
ναιομενάων,3,L
ναυβολίδαο,2,S
ναυβολίδαο,3,L
ναύμαχα,1,S
ναύμαχα,2,S
ναύμαχον,1,S
ναύτῃσι,2,S
ναύτῃσιν,2,S
ναῦφι,1,S
ναῦφιν,1,S
νεάτη,1,S
νεήκεσι,3,S
νεήλυδες,2,S
νεήνισιν,2,S
νεήνισιν,3,S
νείατα,1,S
νείατα,2,S
νείατον,1,S
νείατος,1,S
νείκεα,2,S
νεαροὶ,1,S
νεικείῃσι,3,S
νειόθι,2,S
νεκάδεσσιν,1,S
νεκταρέου,1,S
νεκταρέῳ,1,S
νεκύεσσι,1,S
νεκύεσσι,3,S
νεκύων,1,S
νεμέσα,2,L
νεμεσσηθεῖσα,4,S
νεμεσᾶτον,2,L
νεμόμεσθα,3,S
νεοίατο,2,S
νεοθηλέα,4,S
νεουτάτου,2,S
νεούτατον,2,S
νεστορίδαι,2,S
νεστορίδαο,2,S
νεστορίδαο,3,L
νεστορίδην,2,S
νεστορίδης,2,S
νευρῆφι,2,S
νευρῆφιν,2,S
νεφέεσσι,3,S
νεφέεσσιν,3,S
νεφέλῃσιν,3,S
νεφελάων,2,L
νεφεληγερέταο,5,L
νεύοντα,2,S
νεώμεθα,3,S
νεώτατος,2,S
νεώτατός,2,S
νεῖμαν,1,S
νεῦρα,1,S
νηΐ,1,S
νηήσας,2,L
νηγάτεον,1,S
νηγατέῳ,1,S
νηδυίοισι,3,S
νηδύος,1,S
νηδύϊ,1,S
νηδύϊ,2,S
νηκερδέα,3,S
νηλέα,2,S
νηλέϊ,2,S
νηλήϊαι,2,S
νηλήϊον,2,S
νηλήϊος,2,S
νηλεΐδαο,2,S
νηλεΐδαο,3,L
νηληΐῳ,2,S
νηληϊάδαο,2,S
νηληϊάδαο,3,S
νηληϊάδαο,4,L
νηληϊάδεω,2,S
νηληϊάδεω,3,S
νηληϊάδη,2,S
νηληϊάδη,3,S
νημερτέα,3,S
νηνεμίης,2,S
νηπίαχοι,1,S
νηπίαχοι,2,S
νηπίαχον,1,S
νηπίαχον,2,S
νηπίη,1,S
νηπιάχοις,1,S
νηπιάχοις,2,S
νηπιέῃ,1,S
νηπιέῃσι,1,S
νηπιέῃσι,4,S
νηπιέῃσιν,1,S
νηπιαχεύων,1,S
νηπιαχεύων,2,S
νηπυτίοισιν,1,S
νηπυτίοισιν,2,S
νηπύτιε,1,S
νηπύτιε,2,S
νηπύτιοι,1,S
νηπύτιοι,2,S
νηπύτιον,1,S
νηπύτιον,2,S
νηπύτι’,1,S
νηπύτι’,2,S
νηρηΐδες,2,S
νηυσί,1,S
νηυσίν,1,S
νηυσὶ,1,S
νηυσὶν,1,S
νηῒ,1,S
νηῒς,1,S
νικήσαντι,0,L
νικήσαντι,3,S
νικήσαντ’,0,L
νικήσας,0,L
νικήσας,2,L
νικήσει’,0,L
νικήσῃ,0,L
νικηθέντι,0,L
νικηθέντι,3,S
νικηθεὶς,0,L
νικησέμεν,0,L
νικᾷ,0,L
νικᾷς,0,L
νικῆσαι,0,L
νικῶντες,0,L
νιρεύς,0,L
νιρεὺς,0,L
νισόμενον,0,L
νιφάδες,0,S
νιφάδες,1,S
νιφάδεσσιν,0,S
νιφάδεσσιν,1,S
νιφάδεσσιν,3,S
νιφέμεν,0,L
νιφετόν,0,S
νιφόεντα,0,S
νιφόεντι,0,S
νιφόεντι,3,S
νιφόεντος,0,S
νιφὰς,0,S
νιφὰς,1,S
νιψάμενος,1,S
νιόβη,0,S
νιόβῃ,0,S
νοέοντι,3,S
νοήματί,2,S
νοήματί,3,S
νοήματα,2,S
νοήματα,3,S
νοήμονά,3,S
νοήμονι,3,S
νοήσατο,2,S
νομίονος,1,L
νοστήσαντα,3,S
νοστήσας,2,L
νοσφιζοίμεθα,4,S
νοτίῃσί,1,S
νοτίῃσί,3,S
νυ,0,S
νυκτὶ,1,S
νυμφάων,1,L
νυμφίου,1,S
νυν,0,S
νυοὶ,0,S
νυοὺς,0,S
νυσήϊον,0,L
νυσήϊον,2,S
νυὸν,0,S
νωΐτερον,1,S
νωχελίῃ,2,S
νόσφι,1,S
νόσφιν,1,S
νότιος,1,S
νύ,0,S
νύκτα,1,S
νύκτας,1,S
νύμφα,1,S
νύσσα,1,S
νώμα,1,L
νώροπα,2,S
νώροπι,2,S
νῆα,1,S
νῆας,1,S
νῖσάν,0,L
νῦν,0,L
νῶΐ,1,S
νῶι,1,S
νῶτα,1,S
νῶϊ,1,S
νῶϊν,1,S
ξίφει,0,S
ξίφεος,0,S
ξίφεσίν,0,S
ξίφεσιν,0,S
ξίφεϊ,0,S
ξίφεϊ,2,L
ξίφος,0,S
ξανθὰ,1,S
ξανθὰς,1,L
ξείνιά,1,S
ξείνιά,2,S
ξείνια,1,S
ξείνια,2,S
ξείνισ’,1,S
ξεινήϊα,2,S
ξεινήϊα,3,S
ξεινήϊον,2,S
ξεινίου,1,S
ξεστοῖσι,2,S
ξιφέεσσι,0,S
ξιφέεσσι,3,S
ξιφέεσσ’,0,S
ξυλόχοιο,0,S
ξυνάγειρα,0,S
ξυνάγειρα,1,S
ξυνάγειρα,3,S
ξυνάγοντες,0,S
ξυνάγοντες,1,S
ξυνάγουσα,0,S
ξυνάγουσα,1,S
ξυνάγουσα,3,S
ξυνάγωμεν,0,S
ξυνάγωμεν,1,S
ξυνέαξε,0,S
ξυνέδησεν,0,S
ξυνέηκε,0,S
ξυνέχουσι,0,S
ξυνέχουσι,3,S
ξυνήϊα,0,L
ξυνήϊα,2,S
ξυνήϊα,3,S
ξυνελάσσαι,0,S
ξυνελαυνέμεν,0,S
ξυνελαύνεις,0,S
ξυνιόντας,0,S
ξυνιόντας,1,S
ξυνιόντες,0,S
ξυνιόντες,1,S
ξυνιόντων,0,S
ξυνιόντων,1,S
ξυνοχῇσιν,0,S
ξυνοχῇσιν,3,S
ξυνὴ,0,L
ξυνὸν,0,L
ξυνὸς,0,L
ξυροῦ,0,S
ξυστοῖσι,2,S
ξύλα,0,S
ξύλα,1,S
ξύλον,0,S
ξύλοχον,0,S
ξύνες,0,S
ξύνιεν,0,S
ξύνιεν,1,S
ξύνισαν,0,S
ξύνισαν,1,S
οἰήκεσσιν,3,S
οἰήϊα,2,S
οἰήϊα,3,S
οἰδάνει,1,S
οἰδάνεται,1,S
οἰδιπόδαο,1,S
οἰδιπόδαο,3,L
οἰκία,1,S
οἰκία,2,S
οἰκί’,1,S
οἰκτίρεις,1,L
οἰκτίρων,1,L
οἰμώξας,2,L
οἰνεΐδαο,2,S
οἰνεΐδαο,3,L
οἰνοβαρές,2,S
οἰνοπίδην,2,S
οἰνόμαον,2,S
οἰνόμαόν,2,S
οἰχαλίηθεν,1,S
οἰχαλίηθεν,2,S
οἰχαλίην,1,S
οἰχαλίην,2,S
οἰχαλιῆος,1,S
οἰχαλιῆος,2,S
οἰωνοῖσί,3,S
οἰωνοῖσιν,3,S
οἴδματι,1,S
οἴδματι,2,S
οἴκαδέ,1,S
οἴκαδε,1,S
οἴκαδ’,1,S
οἴκοθι,2,S
οἴματ’,1,S
οἴνοπα,2,S
οἴνοπι,2,S
οἴξασα,1,L
οἴτυλον,1,S
οἶδα,1,S
οἶμα,1,S
οἶσθα,1,S
οἷά,1,S
οἷα,1,S
οἷσί,1,S
οἷσι,1,S
οἷσιν,1,S
οὐδενόσωρα,4,S
οὐδενὶ,2,S
οὐκέτι,2,S
οὐκί,1,S
οὐκαλέγων,1,S
οὐλαμὸν,1,S
οὐλοχύτας,2,S
οὐλοχύτας,3,L
οὐνόματ’,2,S
οὐρίαχον,1,S
οὐρίαχον,2,S
οὐρανίωνες,1,S
οὐρανίωνες,2,S
οὐρανιώνων,1,S
οὐρανιώνων,2,S
οὐρανοῦ,1,S
οὐρανόθεν,1,S
οὐρανόθι,1,S
οὐρανόν,1,S
οὐρανός,1,S
οὐρανὸν,1,S
οὐρανὸς,1,S
οὐρανῷ,1,S
οὐρεῦσι,2,S
οὐτάμεναι,1,S
οὐτάμενοί,1,S
οὐτάσαι,1,S
οὐτάσῃ,1,S
οὐταμένην,1,S
οὐτιδανοῖο,1,S
οὐτιδανοῖο,2,S
οὐτιδανοῖσιν,1,S
οὐτιδανοῖσιν,2,S
οὐτιδανοῖσιν,4,S
οὐτιδανὸς,1,S
οὐτιδανὸς,2,S
οὐχὶ,1,S
οὔατα,1,S
οὔατα,2,S
οὔατος,1,S
οὔατ’,1,S
οὔδεϊ,2,S
οὔλιος,1,S
οὔρεά,2,S
οὔρεα,2,S
οὔρεσι,2,S
οὔρεσιν,2,S
οὔροισι,2,S
οὔτασε,1,S
οὔτασεν,1,S
οὔτασ’,1,S
οὔτ’ἄνεμος,1,S
οὕνεκά,2,S
οὕνεκα,2,S
οὖδας,1,S
οὖθαρ,1,S
οὖρα,1,S
οὖτά,1,S
οὖτα,1,S
πάγεν,0,S
πάγη,0,S
πάγχυ,1,S
πάθεν,0,S
πάθες,0,S
πάθοι,0,S
πάθοιεν,0,S
πάθοιμι,0,S
πάθομεν,0,S
πάθον,0,S
πάθω,0,S
πάθωμεν,0,S
πάθωσιν,0,S
πάθῃσθα,0,S
πάθῃσι,0,S
πάθῃσι,2,S
πάθῃσιν,0,S
πάθῃσιν,2,S
πάλαι,0,S
πάλιν,0,S
πάλιν,1,S
πάλυνε,0,S
πάλυνε,1,L
πάλυνον,0,S
πάλυνον,1,L
πάλῃ,0,S
πάμμονά,2,S
πάμπαν,1,S
πάμπρωτα,2,S
πάνδαρε,1,S
πάνδαρον,1,S
πάνδαρος,1,S
πάννυχοι,1,S
πάννυχον,1,S
πάννυχος,1,S
πάντά,1,S
πάντα,1,S
πάντας,1,S
πάντεσσι,2,S
πάντεσσιν,2,S
πάρα,0,S
πάρα,1,S
πάραντά,0,S
πάραντά,2,S
πάρδαλις,1,S
πάρδαλις,2,S
πάρεσαν,0,S
πάρεστέ,0,S
πάρεστι,0,S
πάρεχον,0,S
πάριν,0,S
πάριος,0,S
πάριος,1,S
πάρις,0,S
πάρις,1,S
πάροιθε,0,S
πάροιθεν,0,S
πάροιθ’,0,S
πάρος,0,S
πάρφασις,1,S
πάρφασις,2,S
πάρ’,0,S
πάσαντο,0,S
πάσας,0,L
πάσας,1,L
πάσασθαι,0,S
πάσης,0,L
πάσῃ,0,L
πάσῃσιν,0,L
πάσῃσιν,2,S
πάταγος,0,S
πάταγος,1,S
πάτασσε,0,S
πάτασσεν,0,S
πάτερ,0,S
πάτησαν,0,S
πάτον,0,S
πάτου,0,S
πάχιστος,0,S
πάϊς,0,S
πάϊς,1,S
πέδας,1,L
πέδιλα,1,L
πέλαγος,1,S
πέλασαν,1,S
πέλασε,1,S
πέλασεν,1,S
πέλεθρα,2,S
πέλεκυν,2,L
πέλεκυς,2,L
πέλωρα,2,S
πέμπουσιν,2,S
πέμπῃσιν,2,S
πέμψας,1,S
πένθεϊ,2,S
πένταχα,1,S
πένταχα,2,S
πέπλοισι,2,S
πέπνυσαί,1,L
πέποιθα,2,S
πέπτατο,1,S
πέραον,1,S
πέργαμον,1,S
πέρι,1,S
πέριμον,1,S
πέρσα,1,S
πέρσας,1,L
πέρσειαν,2,S
πέτρῃσιν,2,S
πέφαται,1,S
πέφατ’,1,S
πέφραδέ,1,S
πέφραδ’,1,S
πήγνυται,1,S
πήγνυτ’,1,S
πήδασον,1,S
πήληκα,2,S
πήληκι,2,S
πήλιον,1,S
πήματα,1,S
πήματα,2,S
πήματ’,1,S
πίδακος,0,L
πίδακος,1,S
πίειραν,0,L
πίειραν,2,S
πίθεσθέ,0,S
πίθεσθε,0,S
πίθεσθ’,0,S
πίθηαι,0,S
πίθηται,0,S
πίθοι,0,S
πίθοιο,0,S
πίθοντο,0,S
πίλναται,1,S
πίλνατο,1,S
πίνακι,0,S
πίνακι,1,S
πίνεσκεν,0,L
πίνετο,0,L
πίνοντά,0,L
πίνοντά,2,S
πίνοντες,0,L
πίνοντ’,0,L
πίνουσιν,0,L
πίνουσ’,0,L
πίνων,0,L
πίνωσιν,0,L
πίοιεν,0,S
πίον,0,S
πίονα,0,L
πίονα,2,S
πίονες,0,L
πίονι,0,L
πίονι,2,S
πίονος,0,L
πίπτουσιν,2,S
πίπτωσι,2,S
πίσεα,0,L
πίσεα,2,S
πίσυνοι,0,S
πίσυνοι,1,S
πίσυνος,0,S
πίσυνος,1,S
πίσυρας,0,S
πίσυρας,1,S
πίτυς,0,S
πίφαυσκε,0,L
πίφαυσκον,0,S
πίῃσθα,0,S
παίονας,2,S
παγχρύσεοι,1,L
παθέειν,0,S
παθοῦσα,0,S
παθόντε,0,S
παθών,0,S
παιήονα,3,S
παιδὶ,1,S
παιονίδην,2,S
παιονίης,2,S
παιπαλοέσσης,1,S
παιπαλοέσσῃ,1,S
παιπαλόεντος,1,S
παιπαλόεσσαν,1,S
παιπαλόεσσαν,4,S
παισὶ,1,S
παισὶν,1,S
παιφάσσουσα,3,S
παλάμηφιν,0,S
παλάμηφιν,1,S
παλάμηφιν,3,S
παλάμῃς,0,S
παλάμῃς,1,S
παλάμῃσι,0,S
παλάμῃσι,1,S
παλάμῃσι,3,S
παλάμῃσιν,0,S
παλάμῃσιν,1,S
παλάμῃσιν,3,S
παλάσσετο,0,S
παλίλλογα,0,S
παλίλλογα,3,S
παλίνορσος,0,S
παλίνορσος,1,S
παλίντονα,0,S
παλίντονα,3,S
παλίντονον,0,S
παλίωξιν,0,S
παλίωξιν,1,L
παλίωξις,0,S
παλίωξις,1,L
παλαίσεις,0,S
παλαιγενές,0,S
παλαιγενέϊ,0,S
παλαιοτέρους,0,S
παλαιοῦ,0,S
παλαισμοσύνης,0,S
παλαισμοσύνης,3,S
παλαιός,0,S
παλαιῷ,0,S
παλαμάων,0,S
παλαμάων,1,S
παλαμάων,2,L
παλιμπετές,0,S
παλιμπλαγχθέντας,0,S
παλιμπλαγχθέντας,4,S
παλινάγρετον,0,S
παλινάγρετον,1,S
παλλάδ’,1,S
παλλακίδι,1,S
παλλακίδι,2,S
παλλακίδος,1,S
παλλακίδος,2,S
παλλὰς,1,S
παμποίκιλα,2,S
παμποίκιλα,3,S
παμφαίνοντας,3,S
παμφαίνῃσι,3,S
παμφανόωντα,1,S
παμφανόωντα,4,S
παμφανόωντος,1,S
παμφανόωσα,1,S
παμφανόωσα,4,S
παμφανόωσαν,1,S
πανάγρου,0,S
πανάποτμος,0,S
πανάποτμος,1,S
πανέλληνας,0,S
παναίθῃσιν,0,S
παναίολον,0,S
παναίολος,0,S
παναφήλικα,0,S
παναφήλικα,1,S
παναφήλικα,3,S
παναφήλικα,4,S
παναχαιοὺς,0,S
παναχαιοὺς,1,S
παναχαιῶν,0,S
παναχαιῶν,1,S
παναώριον,0,S
παναώριον,1,S
παναώριον,3,S
πανδίων,1,L
πανδαμάτωρ,1,S
πανδαμάτωρ,2,S
πανημέριοι,0,S
πανημέριοι,3,S
πανημέριον,0,S
πανημέριον,3,S
πανημέριος,0,S
πανημέριος,3,S
πανημερίοις,0,S
πανημερίοις,3,S
πανθοΐδαο,2,S
πανθοΐδαο,3,L
πανθοΐδην,2,S
πανθοΐδης,2,S
παννυχίη,1,S
παννυχίη,2,S
παννύχιοι,1,S
παννύχιοι,2,S
παννύχιον,1,S
παννύχιον,2,S
παννύχιος,1,S
παννύχιος,2,S
πανομφαίῳ,0,S
πανοπῆα,0,S
πανοπῆος,0,S
πανοπῆϊ,0,S
πανσυδίῃ,1,S
πανσυδίῃ,2,S
παντί,1,S
παντοίας,2,L
παντὶ,1,S
πανόπη,0,S
πανόψιον,0,S
πανόψιον,2,S
πανύστατος,0,S
πανύστατος,2,S
παπτήναντα,3,S
παπτήνας,2,L
παπτήνασ’,2,L
παρά,0,S
παρά,1,S
παράθες,0,S
παράθες,1,S
παράκοιτιν,0,S
παράκοιτιν,1,S
παράκοιτις,0,S
παράκοιτις,1,S
παράρρητοί,0,S
παράσχῃ,0,S
παράφημι,0,S
παράφημι,1,S
παράφημι,3,S
παρέασι,0,S
παρέασι,2,L
παρέασι,3,S
παρέβασκε,0,S
παρέδραμεν,0,S
παρέδραμεν,2,S
παρέδραμον,0,S
παρέδραμον,2,S
παρέζεο,0,S
παρέζετο,0,S
παρέθηκεν,0,S
παρέκειτο,0,S
παρέλασσ’,0,S
παρέλθῃ,0,S
παρέμεινεν,0,S
παρέμμεναι,0,S
παρέξ,0,S
παρέξει,0,S
παρέπεισεν,0,S
παρέσσεται,0,S
παρέσται,0,S
παρέσταν,0,S
παρέσταν,2,L
παρέστη,0,S
παρέστηκεν,0,S
παρέστης,0,S
παρέσφηλεν,0,S
παρέτρεσσαν,0,S
παρήλασαν,0,S
παρήλασαν,2,S
παρήλασαν,3,S
παρήμενοι,0,S
παρήμενος,0,S
παρήορον,0,S
παρήορος,0,S
παρήπαφεν,0,S
παρήπαφεν,2,S
παρήϊξαν,0,S
παρήϊξεν,0,S
παρήϊον,0,S
παρήϊον,2,S
παρίσταο,0,S
παρίσταο,2,S
παρίστασαι,0,S
παρίστασαι,2,S
παρίσταται,0,S
παρίσταται,2,S
παρίστατο,0,S
παρίστατο,2,S
παρίσχομεν,0,S
παραΐσσοντος,0,S
παραΐσσοντος,1,L
παραίσια,0,S
παραίσια,2,S
παραίσια,3,S
παραίφασίς,0,S
παραίφασίς,2,S
παραίφασίς,3,S
παραβαλλόμενος,0,S
παραβαλλόμενος,1,S
παραβλήδην,0,S
παραβλῶπές,0,S
παραδραθέειν,0,S
παραδραθέειν,2,S
παραδραμέτην,0,S
παραδραμέτην,2,S
παραδύμεναι,0,S
παραδύμεναι,1,S
παραδύμεναι,2,L
παραθήσομεν,0,S
παραθήσομεν,1,S
παραιβάται,0,S
παραιβάται,2,S
παραιπεπιθοῦσα,0,S
παραιπεπιθοῦσα,3,S
παραιπεπιθοῦσα,5,S
παραιφάμενος,0,S
παραιφάμενος,2,S
παρακάββαλεν,0,S
παρακάββαλεν,1,S
παρακάββαλεν,3,S
παρακάββαλον,0,S
παρακάββαλον,1,S
παρακάββαλον,3,S
παρακλίνας,0,S
παρακλίνας,2,L
παρακλίνας,3,L
παρακοίτας,0,S
παρακοίτας,1,S
παρακοίτης,0,S
παρακοίτης,1,S
παρακρεμάσας,0,S
παρακρεμάσας,3,S
παραλέξομαι,0,S
παραλέξομαι,1,S
παραμυθήσασθαι,0,S
παραμυθήσασθαι,1,S
παραμυθήσασθαι,2,L
παραμυθησαίμην,0,S
παραμυθησαίμην,1,S
παραμυθησαίμην,2,L
παραρρητοῖσι,0,S
παραρρητοῖσι,4,S
παραστάς,0,S
παρασταδόν,0,S
παρασταδόν,2,S
παραστὰς,0,S
παρασχέμεν,0,S
παρατεκτήναιτο,0,S
παρατεκτήναιτο,1,S
παρατρέψας,0,S
παρατρέψας,3,L
παρατρωπῶσ’,0,S
παραφθάμενος,0,S
παραφθάμενος,2,S
παραφθαίησι,0,S
παραφθαίησι,4,S
παραφθὰς,0,S
παραὶ,0,S
παρβεβαώς,2,S
παρβεβαῶτε,2,S
παρδάλιος,1,S
παρδάλιος,2,S
παρδαλέην,1,S
παρδαλέῃ,1,S
παρδαλίων,1,S
παρδαλίων,2,S
παρείη,0,S
παρείθη,0,S
παρείπῃ,0,S
παρεδέξατο,0,S
παρεδέξατο,3,S
παρεζόμενος,0,S
παρειάς,0,S
παρειάων,0,S
παρειάων,2,L
παρειαί,0,S
παρειποῦσ’,0,L
παρειπών,0,L
παρειῶν,0,S
παρεκπροφύγῃσιν,0,S
παρεκπροφύγῃσιν,3,S
παρεκπροφύγῃσιν,5,S
παρελάσσαι,0,S
παρελέξατο,0,S
παρελέξατο,3,S
παρελεύσεαι,0,S
παρελθέμεν,0,S
παρεξελάσῃσθα,0,S
παρεξελάσῃσθα,3,S
παρεξελάσῃσθα,5,S
παρεξελθεῖν,0,S
παρεπλάγχθη,0,S
παρεστάμεναι,0,S
παρεστάμεναι,2,S
παρετύγχανε,0,S
παρετύγχανε,3,S
παρεόντε,0,S
παρεόντος,0,S
παρεόντων,0,S
παρεῖναι,0,S
παρηέρθη,0,S
παρηορίας,0,S
παρηορίας,3,S
παρηορίας,4,L
παρηορίῃσιν,0,S
παρηορίῃσιν,3,S
παρηορίῃσιν,5,S
παρθένιον,2,S
παρθένιος,2,S
παρθενικαὶ,2,S
παρθενοπῖπα,3,L
παριαύων,0,S
παριαύων,1,S
παριστάμενος,0,S
παριστάμενος,2,S
παρισχέμεν,0,S
παρκατέλεκτο,1,S
παροίτεραι,0,S
παροίτεροι,0,S
παροίχωκεν,0,S
παρπεπιθόντες,2,S
παρρασίην,1,S
παρρασίην,2,S
παρστὰς,1,L
παρφάμενος,1,S
παρὰ,0,S
παρὰ,1,S
παρὲκ,0,S
παρὲξ,0,S
παρῴχετο,0,S
παρ’,0,S
πασάμην,0,S
πασάμην,1,S
πασιθέην,0,L
πασιθέην,1,S
πασσάλου,1,S
πασσαλόφι,1,S
πατάγῳ,0,S
πατάγῳ,1,S
πατάσσει,0,S
πατέρα,0,S
πατέρας,0,S
πατέρι,0,S
πατέρι,2,L
πατέρων,0,S
πατέρ’,0,S
πατήρ,0,S
πατρί,1,S
πατρίδα,1,S
πατρίδα,2,S
πατρίδι,1,S
πατρίδι,2,S
πατρίδος,1,S
πατρίδ’,1,S
πατροκασιγνήτοιο,2,S
πατροκλῆα,3,L
πατρώϊοι,2,S
πατρώϊον,2,S
πατρώϊόν,2,S
πατρώϊός,2,S
πατρὶ,1,S
πατρὸς,0,S
πατὴρ,0,S
παυροτέροισι,4,S
παυσάμενοι,1,S
παυσάμενον,1,S
παυσάμενόν,1,S
παυσαμένους,1,S
παυσώμεσθα,3,S
παυώμεσθα,3,S
παφλάζοντα,3,S
παφλαγόνες,1,S
παφλαγόνεσσι,1,S
παφλαγόνων,1,S
παχέος,0,S
παχείῃ,0,S
παχύ,0,S
παχύ,1,S
παχύς,0,S
παχύς,1,S
παχὺ,0,S
παύροισι,2,S
παύσασαι,1,L
παύσατο,1,S
παύσουσα,2,S
παύσῃσι,2,S
παῖδά,1,S
παῖδα,1,S
παῖδας,1,S
παῦρα,1,S
παῦσαν,1,S
πείραθ’,1,S
πείρατα,1,S
πείρατα,2,S
πείρατ’,1,S
πείρινθα,2,S
πεδία,1,S
πεδία,2,L
πεδίοιο,1,S
πεδίον,1,S
πεδίονδε,1,S
πεδίου,1,S
πεδίῳ,1,S
πειθοίατο,2,S
πειθώμεθα,3,S
πεινάοντα,1,L
πεινάοντα,3,S
πεινάοντε,1,L
πεινάων,1,L
πειράτω,1,L
πειρήσοντα,3,S
πειρίθοον,1,S
πειρίθοόν,1,S
πειραΐδαο,1,S
πειραΐδαο,2,S
πειραΐδαο,3,L
πειριθόοιο,1,S
πειριθόου,1,S
πειριθόῳ,1,S
πειρᾶν,1,L
πειρᾶται,1,L
πελάγοντα,1,S
πελάγοντα,3,S
πελάγων,1,S
πελέκεσσι,3,S
πελίαο,1,S
πελίαο,2,L
πελασαίατο,1,S
πελασαίατο,3,S
πελασγικὲ,2,S
πελασγικὸν,2,S
πελειάδες,2,S
πελειάσιν,2,S
πελειάσιν,3,S
πελώρια,2,S
πελώρια,3,S
πελώριον,2,S
πελώριος,2,S
πεμπώβολα,3,S
πεντήκοντά,3,S
πεντήκοντα,3,S
πενταέτηρον,1,S
πεντηκοντόγυον,4,S
πεξαμένη,1,S
πεπάλακτο,1,S
πεπάλασθε,1,S
πεπίθοιεν,1,S
πεπίθοιθ’,1,S
πεπίθοιμεν,1,S
πεπίθωμεν,1,S
πεπαλαγμένον,1,S
πεπιθήσω,1,S
πεπιθεῖν,1,S
πεπιθοῦσα,1,S
πεπιθοῦσα,3,S
πεπληγυῖα,3,S
πεπνυμένα,1,L
πεπνυμένα,3,S
πεπνυμένε,1,L
πεπνυμένος,1,L
πεπνυμένω,1,L
πεποίθασίν,2,L
πεποιθότας,3,S
πεποτήαται,3,S
πεπταμένας,1,S
πεπταμένας,3,L
πεπυκασμένα,1,S
πεπυκασμένα,4,S
πεπυκασμένος,1,S
πεπύθοιτ’,1,S
περάαν,1,S
περάαν,2,L
περί,1,S
περίβη,1,S
περίβησαν,1,S
περίβησαν,3,S
περίβοια,1,S
περίβοια,3,S
περίδεισαν,1,L
περίδραμον,2,S
περίδυσε,1,S
περίδυσε,2,L
περίκειται,1,S
περίοιδε,1,S
περίτρεσαν,3,S
περίφαντα,1,S
περίφαντα,3,S
περίφαντι,1,S
περίφαντι,3,S
περγάμου,1,S
περγάμῳ,1,S
περγασίδην,1,S
περγασίδην,2,S
περιάγνυται,1,S
περιάγνυται,3,S
περιήρεος,1,S
περιήχησεν,1,S
περιίδμεναι,1,S
περιίσταθ’,1,S
περιίσταθ’,3,S
περιβάλλετον,1,S
περιβάντα,1,S
περιβάντα,3,S
περιβὰς,1,S
περιβῆναι,1,S
περιγίγνεται,1,S
περιγλαγέας,2,S
περιδέξιος,1,S
περιδέξιος,3,S
περιδείδια,1,S
περιδείδια,3,S
περιδείδια,4,S
περιδείσαντες,1,L
περιδείσασα,1,L
περιδείσασα,3,L
περιδείσασα,4,S
περιδείσασ’,1,L
περιδείσασ’,3,L
περιδώμεθον,1,S
περικαλλέα,1,S
περικαλλέα,4,S
περικαλλέας,1,S
περικαλλέας,4,S
περικαλλέος,1,S
περικαλλές,1,S
περικαλλέϊ,1,S
περικαλλέϊ,4,S
περικαλλέ’,1,S
περικαλλὲς,1,S
περικαλλὴς,1,S
περικείμενον,1,S
περικλυτός,2,S
περικλυτὰ,2,S
περικλυτὰ,3,S
περικλυτὸν,2,S
περικλυτὸς,2,S
περικτιόνεσσιν,2,S
περικτιόνεσσιν,5,S
περικτιόνων,2,S
περιμήδεος,1,S
περιμήκεος,1,S
περιμήκετον,1,S
περιναιέται,1,S
περιπευκές,1,S
περιπροχυθεὶς,3,S
περισταδὸν,2,S
περιτελλομένους,1,S
περιτελλομένων,1,S
περιφήτην,1,S
περιφαινομένοιο,1,S
περιφραδέως,2,S
περιχεύας,1,S
περιχώσατο,1,S
περιχώσατο,3,S
περιωπήν,1,S
περιωπῇ,1,S
περιώσιον,1,S
περιώσιον,3,S
περκωσίου,2,S
περκώσιον,2,S
περνάμεν’,1,S
περονήσατο,3,S
περονᾶτο,2,L
περσηϊάδαο,2,S
περσηϊάδαο,3,S
περσηϊάδαο,4,L
περσῆα,2,L
περὶ,1,S
πεσόντα,2,S
πετάλοις,1,S
πευκαλίμῃσι,1,S
πευκαλίμῃσι,2,S
πευκαλίμῃσι,4,S
πευκαλίμῃσιν,1,S
πευκαλίμῃσιν,2,S
πευκεδανοῖο,2,S
πεφίδοιτο,1,S
πεφιδέσθαι,1,S
πεφιδήσεται,1,S
πεφνόντα,2,S
πεφοβήατο,3,S
πεφράδοι,1,S
πεφρίκασι,1,L
πεφρίκασι,2,L
πεφρίκασι,3,S
πεφρίκασιν,1,L
πεφρίκασιν,2,L
πεφρικυῖαι,1,L
πεφυλαγμένος,1,S
πεφυυῖα,1,S
πεφυυῖα,3,S
πεφύασι,1,S
πεφύασι,2,L
πεφύκει,1,L
πεῖραρ,1,S
πηγάς,1,L
πηγεσιμάλλῳ,2,S
πηλέϊ,2,S
πηλήϊον,2,S
πηλίου,1,S
πηλεΐδαο,2,S
πηλεΐδαο,3,L
πηλεΐδεω,2,S
πηλεΐδη,2,S
πηλεΐδην,2,S
πηλεΐδης,2,S
πηλεΐδῃ,2,S
πηλεΐωνα,2,S
πηλεΐωνα,4,S
πηλεΐωνι,2,S
πηλεΐωνι,4,S
πηλεΐωνος,2,S
πηλείωνα,3,S
πηληϊάδαο,2,S
πηληϊάδαο,3,S
πηληϊάδαο,4,L
πηληϊάδεω,2,S
πηληϊάδεω,3,S
πηλιάδα,1,S
πηλιάδα,2,S
πηλιάδα,3,L
πηλιὰς,1,S
πηλιὰς,2,S
πηλῆά,2,S
πηλῆα,2,S
πηλῆϊ,2,S
πημανέειν,1,S
πηνίον,1,S
πιέειν,0,S
πιέμεν,0,L
πιδηέσσης,0,L
πιδύτην,0,L
πιδύτην,1,L
πιείρας,0,L
πιείρῃ,0,L
πιερίην,0,L
πιερίην,2,S
πιεῖν,0,S
πιθέσθαι,0,S
πιθέσθην,0,S
πιθέσθων,0,S
πιθήσας,0,S
πιθήσας,2,L
πιθοίατο,0,S
πιθοίατο,2,S
πιθόμην,0,S
πιθώμεθα,0,S
πιθώμεθα,3,S
πικρὰ,1,S
πικρὰς,1,L
πιμπλάνεται,1,S
πιμπλᾶσι,1,L
πιμπλᾶσι,2,S
πινέμεναι,0,L
πινυτήν,0,S
πινυτήν,1,S
πιοῦσα,0,S
πιστότατος,2,S
πιστὰ,1,S
πιτύειαν,0,S
πιτύειαν,1,S
πιτύειαν,3,S
πιφαυσκόμενος,0,S
πιφαύσκεαι,0,S
πιφαύσκεο,0,S
πιφαύσκεται,0,S
πιφαύσκων,0,L
πιόμεν’,0,L
πιόντες,0,S
πιότατον,0,L
πιότατον,2,S
πλάζουσι,2,S
πλάκῳ,0,S
πλάταιαν,0,S
πλάταιαν,2,S
πλέας,1,S
πλήθεΐ,2,S
πλήθοντι,2,S
πλήθουσι,2,S
πλήσασα,1,L
πλήσασα,2,S
πλανόωνται,0,S
πλατάνιστον,0,S
πλατάνιστον,1,S
πλατέος,0,S
πλατέ’,0,S
πλατανίστῳ,0,S
πλατανίστῳ,1,S
πλατεῖ,0,S
πλατὺν,0,S
πλατὺν,1,S
πλείονα,2,S
πλείοσιν,2,S
πλευρά,1,S
πλευρώνιον,2,S
πλευρῶνι,2,S
πλεόνεσσι,3,S
πλεόνεσσιν,3,S
πλεῖστα,1,S
πληγέντι,2,S
πληγῇσιν,2,S
πληθύν,1,L
πληθύος,1,S
πληθύς,1,L
πληθὺν,1,L
πληθὺς,1,L
πληξάμενος,1,S
πλησάμενος,1,S
πλησίαι,1,S
πλησίοι,1,S
πλησίον,1,S
πληϊάδας,1,S
πληϊάδας,2,S
πλοκάμους,1,S
πλυνοὶ,0,S
πλύνεσκον,0,L
πλῆσαν,1,S
πνείοντας,2,S
πνεύμονι,2,S
πνοιῇσι,2,S
ποίησαν,2,S
ποίπνυον,1,L
ποδαλείριος,1,S
ποδαλείριος,3,S
ποδωκείῃσι,4,S
ποδώκεα,3,S
ποδώκεας,3,S
ποδώκεσιν,3,S
ποδώκεϊ,3,S
ποδὶ,1,S
ποθέουσα,3,S
ποθι,1,S
ποιήσατο,2,S
ποιητὰς,2,L
ποιητῇσι,3,S
ποικίλα,1,S
ποικίλα,2,S
ποικίλμασιν,2,S
ποικίλμασιν,3,S
ποικίλον,1,S
ποικίλου,1,S
ποικίλῃ,1,S
ποικίλ’,1,S
ποικιλομήτην,1,S
ποιμένα,2,S
ποιμένι,2,S
ποιμέσιν,2,S
ποιμνήϊον,2,S
ποιπνύοντα,1,L
ποιπνύοντα,3,S
ποιπνύσαντι,1,L
ποιπνύσαντι,3,S
πολέεσσι,3,S
πολέσσιν,2,S
πολίσσαμεν,2,S
πολίτας,1,L
πολίτην,1,L
πολίτης,1,L
πολίτῃ,1,L
πολίων,1,S
πολεμήϊα,3,S
πολεμήϊα,4,S
πολεμιστὰ,3,S
πολιήτας,1,S
πολιοκροτάφους,1,S
πολιοκροτάφους,4,S
πολιοῖο,1,S
πολιόν,1,S
πολιὰς,1,S
πολιὴν,1,S
πολιῆς,1,S
πολλά,1,S
πολλάκι,1,S
πολλάκι,2,S
πολλάκις,1,S
πολλάκις,2,S
πολλάων,1,L
πολλοῖσι,2,S
πολλοῖσιν,2,S
πολλὰ,1,S
πολλὰς,1,L
πολλῇσι,2,S
πολυΐδου,1,S
πολυΐδου,2,L
πολυΐππου,1,S
πολυάϊκος,1,S
πολυάϊκος,2,L
πολυάϊκος,3,L
πολυαιμονίδην,1,S
πολυαιμονίδην,4,S
πολυβενθέος,1,S
πολυβοῦται,1,S
πολυγηθέες,1,S
πολυδάκρυτος,1,S
πολυδάκρυτος,3,L
πολυδίψιον,1,S
πολυδίψιον,3,S
πολυδαίδαλοι,1,S
πολυδαίδαλοι,3,S
πολυδαίδαλον,1,S
πολυδαίδαλον,3,S
πολυδαιδάλου,1,S
πολυδαιδάλου,3,S
πολυδαιδάλῳ,1,S
πολυδαιδάλῳ,3,S
πολυδακρύου,1,S
πολυδακρύου,3,S
πολυδειράδος,1,S
πολυδειράδος,3,S
πολυδεύκεα,1,S
πολυδώρη,1,S
πολυζύγῳ,2,S
πολυηγερέες,1,S
πολυηχέϊ,1,S
πολυηχέϊ,4,S
πολυθαρσὲς,1,S
πολυκαγκέα,1,S
πολυκαγκέα,4,S
πολυκλήϊδι,3,L
πολυκλήϊδι,4,S
πολυκλήϊσι,3,L
πολυκλήϊσι,4,S
πολυκοιρανίη,1,S
πολυκοιρανίη,3,S
πολυκοιρανίη,4,S
πολυλήϊος,1,S
πολυλήϊος,3,S
πολυμήλη,1,S
πολυμήλου,1,S
πολυμήτιος,1,S
πολυμήτιος,3,S
πολυμήχαν’,1,S
πολυμήχαν’,3,S
πολυνείκεϊ,1,S
πολυνείκεϊ,4,S
πολυπάμονος,1,S
πολυπάμονος,2,L
πολυπίδακα,1,S
πολυπίδακα,2,L
πολυπίδακα,3,S
πολυπίδακα,4,S
πολυπίδακος,1,S
πολυπίδακος,2,L
πολυπίδακος,3,S
πολυπενθέος,1,S
πολυποίταο,1,S
πολυποίταο,3,L
πολυποίτην,1,S
πολυποίτης,1,S
πολυπτύχου,2,S
πολυπύρου,1,S
πολυπύρου,2,L
πολυπύρῳ,1,S
πολυπύρῳ,2,L
πολυστάφυλον,2,S
πολυστάφυλον,3,S
πολυστάφυλόν,2,S
πολυστάφυλόν,3,S
πολυτρήρωνά,4,S
πολυφάρμακοι,1,S
πολυφάρμακοι,3,S
πολυφήτην,1,S
πολυφόντης,1,S
πολυφόρβην,1,S
πολυφόρβου,1,S
πολυχρύσοιο,2,L
πολυᾶϊξ,1,S
πολυᾶϊξ,2,L
πολύαινε,1,S
πολύαιν’,1,S
πολύαρνι,1,S
πολύαρνι,3,S
πολύβουλος,1,S
πολύδακρυν,1,S
πολύδακρυν,3,S
πολύδακρυς,1,S
πολύδακρυς,3,S
πολύδωρον,1,S
πολύδωρος,1,S
πολύειδον,1,S
πολύκεστος,1,S
πολύμηλον,1,S
πολύμητις,1,S
πολύμητις,3,S
πολύμυθος,1,S
πολύμυθος,2,L
πολύς,1,S
πολύστονα,3,S
πολύφημον,1,S
πολύφρονά,3,S
πολύχαλκον,1,S
πολύχαλκος,1,S
πολύχρυσον,2,L
πολύχρυσος,2,L
πολύϊδος,1,S
πολύϊδος,2,L
πολὺ,1,S
πολὺν,1,S
πολῖται,1,L
πομποῖσιν,2,S
πονήσατο,2,S
πονεώμεθα,4,S
ποντοπόροισι,4,S
πορσανέουσα,1,S
πορσανέουσα,4,S
πορφυρέην,1,S
πορφυρέοις,1,S
πορφυρέοισιν,1,S
πορφυρέῃ,1,S
πορφυρέῳ,1,S
πορφύρεον,1,S
πορφύρεος,1,S
πορφύρε’,1,S
πορφύρῃ,1,L
ποσίν,1,S
ποσείδαον,2,L
ποσειδάων,2,L
ποσειδάωνα,2,L
ποσειδάωνα,4,S
ποσειδάωνι,2,L
ποσειδάωνι,4,S
ποσειδάωνος,2,L
ποσειδάων’,2,L
ποσιδήϊον,1,S
ποσιδήϊον,3,S
ποσσὶ,1,S
ποσσὶν,1,S
ποσὶ,1,S
ποσὶν,1,S
ποτέροισι,3,S
ποταμοὶ,1,S
ποταμοὺς,1,S
ποταμοῖο,1,S
ποταμοῖό,1,S
ποταμοῦ,1,S
ποταμός,1,S
ποταμώ,1,S
ποταμὸν,1,S
ποταμὸς,1,S
ποταμῶν,1,S
ποταμῷ,1,S
ποτιδέγμεναι,1,S
ποτιδέγμενοι,1,S
ποτιδέγμενον,1,S
ποτιδέγμενος,1,S
ποτιδέρκεται,1,S
ποτινίσεται,1,S
ποτινίσεται,2,L
ποτιτερπέτω,1,S
ποτὶ,1,S
πουλυβοτείρῃ,1,S
πουλυβότειραν,1,S
πουλυδάμα,1,S
πουλυδάμα,2,S
πουλυδάμα,3,L
πουλυδάμαντα,1,S
πουλυδάμαντα,2,S
πουλυδάμαντι,1,S
πουλυδάμαντι,2,S
πουλυδάμαντι,4,S
πουλυδάμαντος,1,S
πουλυδάμαντος,2,S
πουλυδάμαντ’,1,S
πουλυδάμαντ’,2,S
πουλυδάμας,1,S
πουλυδάμας,2,S
πουλυδάμας,3,L
πουλὺν,1,S
πράκτιον,1,S
πρέσβα,1,S
πρίαμε,0,S
πρίαμε,1,S
πρίαμον,0,S
πρίαμον,1,S
πρίαμος,0,S
πρίαμος,1,S
πρίαμόν,0,S
πρίαμόν,1,S
πρίαμός,0,S
πρίαμός,1,S
πρίαμ’,0,S
πρίαμ’,1,S
πρίν,0,S
πραπίδεσσι,0,S
πραπίδεσσι,1,S
πραπίδεσσιν,0,S
πραπίδεσσιν,1,S
πραπίδων,0,S
πραπίδων,1,S
πρεσβήϊον,2,S
πρεσβυγενὴς,1,S
πρεσβυτάτη,1,S
πρεσβυτάτη,2,S
πρεσβυτάτην,1,S
πρεσβυτάτην,2,S
πρεσβυτέροισιν,1,S
πρεσβυτέροισιν,4,S
πρεσβύτατος,1,S
πρεσβύτατος,2,S
πρεσβύτερος,1,S
πρηκτῆρά,2,S
πρηνέα,2,S
πριάμοιο,0,S
πριάμοιο,1,S
πριάμοιό,0,S
πριάμοιό,1,S
πριάμου,0,S
πριάμου,1,S
πριάμῳ,0,S
πριάμῳ,1,S
πριαμίδαο,0,L
πριαμίδαο,1,S
πριαμίδαο,2,S
πριαμίδαο,3,L
πριαμίδεω,0,L
πριαμίδεω,1,S
πριαμίδεω,2,S
πριαμίδη,0,L
πριαμίδη,1,S
πριαμίδη,2,S
πριαμίδην,0,L
πριαμίδην,1,S
πριαμίδην,2,S
πριαμίδης,0,L
πριαμίδης,1,S
πριαμίδης,2,S
πριαμίδῃ,0,L
πριαμίδῃ,1,S
πριαμίδῃ,2,S
προΐαλλε,1,S
προΐαλλεν,1,S
προΐαψεν,1,S
προΐδωσιν,1,S
προΐδωσιν,3,S
προΐει,1,S
προέηκα,3,S
προέρεσσαν,3,S
προαλεῖ,1,S
προβάλοντο,1,S
προβέβηκας,3,S
προβαλοίμην,1,S
προβαλόντες,1,S
προβιβάς,1,S
προβιβὰς,1,S
προβιβῶντι,1,S
προβιβῶντος,1,S
προβλῆτας,2,S
προβλῆτι,2,S
προθέλυμνα,3,S
προθέουσιν,3,S
προθέῃσι,3,S
προθοήνορα,4,S
προθυμίῃσι,1,L
προθυμίῃσι,2,L
προθυμίῃσι,4,S
προθόωνά,3,S
προθύροιο,1,S
προθύροισι,1,S
προθύροισι,3,S
προθύροισιν,1,S
προθύροισιν,3,S
προθύρου,1,S
προκάλεσσαι,1,S
προκαθιζόντων,1,S
προκαλέσσατο,1,S
προκαλέσσατο,3,S
προκαλέσσεται,1,S
προκαλίζετο,1,S
προκείμενα,3,S
προκρόσσας,2,L
προκυλίνδεται,1,S
προλιπόντες,1,S
προμάχεσθαι,1,S
προμάχιζε,1,S
προμάχιζεν,1,S
προμάχοιο,1,S
προμάχοις,1,S
προμάχοισι,1,S
προμάχοισι,3,S
προμάχοισιν,1,S
προμάχοισιν,3,S
προμάχους,1,S
προμάχων,1,S
προμιγῆναι,1,S
προμολοῦσα,3,S
προπάροιθε,1,S
προπάροιθεν,1,S
προπάσας,1,L
προπρηνέα,3,S
προπροκυλινδόμενος,2,S
προσαμύνει,1,S
προσαμύνει,2,L
προσαμύνομεν,1,S
προσαμύνομεν,2,L
προσαμῦναι,1,S
προσαμῦναι,2,L
προσαρηρότα,1,S
προσαρηρότα,4,S
προσβὰς,1,L
προσηύδα,2,L
προσιόντα,1,S
προσιόντα,3,S
προσιόντι,1,S
προσφῦσα,1,L
προσφῦσα,2,S
προσώπασι,2,S
προσώπασι,3,S
προτέροισι,3,S
προτί,1,S
προταμὼν,1,S
προτιάονος,1,S
προτιάονος,2,L
προτιάπτω,1,S
προτιβάλλεαι,1,S
προτιείποι,1,S
προτιειλεῖν,1,S
προτιόσσομαι,1,S
προτραπέσθαι,1,S
προτροπάδην,2,S
προτόνοισιν,3,S
προτὶ,1,S
προφέρουσα,3,S
προφανέντε,1,S
προφυγεῖν,1,S
προφυγόντα,1,S
προφυγόντα,3,S
προφύγῃ,1,S
προχοῇσι,3,S
προϊάψει,1,S
προϊάψειν,1,S
προϊδόντες,1,S
προϊδών,1,S
προϊεῖσι,1,S
προϊεῖσι,3,S
προὔτυψαν,2,S
προὔχοντα,2,S
προὔχοντι,2,S
πρυλέες,0,S
πρυλέεσσι,0,S
πρυλέεσσι,3,S
πρυλέεσσ’,0,S
πρυλέων,0,L
πρυμνήσια,2,S
πρυμνήσια,3,S
πρυμνήσι’,2,S
πρυμνῇσι,2,S
πρυμνῇσιν,2,S
πρωτεσίλαον,2,S
πρωτεσίλαον,3,L
πρωτεσίλαος,2,S
πρωτεσίλαος,3,L
πρωτεσιλάου,2,S
πρωτεσιλάου,3,L
πρωτοπαγέα,2,S
πρωτοπαγεῖς,2,S
πρόβατ’,1,S
πρόθυρον,1,S
πρόκλυτ’,1,S
πρόμαχοι,1,S
πρόμαχον,1,S
πρόμαχος,1,S
πρόπαν,1,S
πρόσφατος,1,S
πρόσωπα,2,S
πρότμησιν,2,S
πρόφασιν,1,S
πρόφρασσα,2,S
πρόφρονι,2,S
πρόχνυ,1,S
πρύμνῃσι,2,S
πρύμνῃσιν,2,S
πρύτανίν,0,S
πρύτανίν,1,S
πρώονας,2,S
πρώτας,1,L
πρώτιστα,2,S
πρώτοισι,2,S
πρώτοισιν,2,S
πρώτῃσι,2,S
πρώϊον,1,S
πρὶν,0,L
πρῶτα,1,S
πρῶϊ,1,S
πτάτο,0,S
πτέρυγος,1,S
πταμένη,0,S
πτελέας,2,L
πτερά,1,S
πτερόεντα,3,S
πτερύγεσσι,1,S
πτερὰ,1,S
πτολίεθρα,1,S
πτολίεθρα,3,S
πτολίεθρον,1,S
πτολίπορθον,1,S
πτολίπορθος,1,S
πτολιπόρθῳ,1,S
πτυχὶ,0,S
πτυχὶ,1,S
πτυόφιν,0,S
πτόλεΐ,2,L
πτόλεϊ,2,L
πτόλιν,1,S
πτόλιος,1,S
πτόλις,1,S
πτόλιός,1,S
πτύγμα,1,S
πτύοντα,0,L
πτύοντα,2,S
πτύχας,0,S
πτύχας,1,S
πτύχες,0,S
πτώσσοντας,2,S
πτώσσουσι,2,S
πτῶκα,1,S
πυγμαίοισι,3,S
πυγμαχίης,1,S
πυγμαχίης,2,S
πυθέσθαι,0,S
πυθέσθην,0,S
πυθμένι,2,S
πυθοίατο,0,S
πυθοίατο,2,S
πυθοίμην,0,S
πυθοῖ,0,L
πυθῶνά,0,L
πυθῶνά,2,S
πυκάσας,0,S
πυκάσας,1,S
πυκάσασα,0,S
πυκάσασα,1,S
πυκάσασα,2,L
πυκάσασα,3,S
πυκίν’,0,S
πυκίν’,1,S
πυκινήν,0,S
πυκινήν,1,S
πυκιναὶ,0,S
πυκιναὶ,1,S
πυκινοῖσι,0,S
πυκινοῖσι,1,S
πυκινοῖσι,3,S
πυκινὰ,0,S
πυκινὰ,1,S
πυκινὰς,0,S
πυκινὰς,1,S
πυκινὴ,0,S
πυκινὴ,1,S
πυκινὴν,0,S
πυκινὴν,1,S
πυκινὸν,0,S
πυκινὸν,1,S
πυκινὸς,0,S
πυκινὸς,1,S
πυκινῆς,0,S
πυκινῆς,1,S
πυκινῇς,0,S
πυκινῇς,1,S
πυκινῶς,0,S
πυκινῶς,1,S
πυκνὰ,1,S
πυλάρταο,0,S
πυλάρταο,2,L
πυλάρτην,0,S
πυλάων,0,S
πυλάων,1,L
πυλέων,0,L
πυλήνην,0,S
πυλίοισι,0,S
πυλίοισι,1,S
πυλίοισι,3,S
πυλίοισιν,0,S
πυλίοισιν,1,S
πυλίοισιν,3,S
πυλίων,0,S
πυλίων,1,S
πυλαιμένεα,0,S
πυλαιμένεα,4,L
πυλαιμένεος,0,S
πυλαωρούς,0,S
πυλαωρούς,1,S
πυλοιγενέες,0,S
πυλοιγενέος,0,S
πυμάτας,0,S
πυμάτας,1,S
πυμάτας,2,L
πυμάτη,0,S
πυμάτη,1,S
πυμάτην,0,S
πυμάτην,1,S
πυμάτης,0,S
πυμάτης,1,S
πυμάτοισι,0,S
πυμάτοισι,1,S
πυμάτοισι,3,S
πυράγρην,0,S
πυρήν,0,S
πυρί,0,S
πυρί,1,S
πυρίκαυστος,0,S
πυρίκαυστος,1,S
πυραίχμην,0,L
πυραίχμης,0,L
πυραὶ,0,S
πυρετὸν,0,S
πυρκαϊὴ,1,S
πυρκαϊὴ,2,S
πυρκαϊὴν,1,S
πυρκαϊὴν,2,S
πυρκαϊῆς,1,S
πυρκαϊῆς,2,S
πυροφόροι,0,L
πυροφόροιο,0,L
πυρός,0,S
πυρὰ,0,S
πυρὰ,1,S
πυρὴ,0,S
πυρὴν,0,S
πυρὶ,0,S
πυρὶ,1,S
πυρὸν,0,L
πυρὸς,0,S
πυρῆς,0,S
πυρῇ,0,S
πυρῶν,0,L
πόδα,1,S
πόδας,1,S
πόδεσσί,2,S
πόδεσσι,2,S
πόδεσσιν,2,S
πόληΐ,2,S
πόλιν,1,S
πόλιος,1,S
πόλις,1,S
πόλυβον,1,S
πόνοισι,2,S
πόρτακι,1,S
πόρτακι,2,S
πόρτιος,1,S
πόρφυρε,1,L
πόσεϊ,2,L
πόσιας,1,S
πόσιας,2,L
πόσιν,1,S
πόσιος,1,S
πόσις,1,S
πότνια,1,S
πότνια,2,S
πότνι’,1,S
πύθεται,0,L
πύθηαι,0,S
πύθηται,0,S
πύθοιτο,0,S
πύθωνται,0,S
πύκα,0,S
πύκα,1,S
πύκασε,0,S
πύκασε,1,S
πύκασεν,0,S
πύκασεν,1,S
πύκ’,0,S
πύλαι,0,S
πύλαιός,0,S
πύλας,0,S
πύλας,1,L
πύλιοί,0,S
πύλιοί,1,S
πύλοιο,0,S
πύλον,0,S
πύλονδ’,0,S
πύλου,0,S
πύλωνα,0,S
πύλωνα,2,S
πύλῃς,0,S
πύλῃσι,0,S
πύλῃσι,2,S
πύλῃσιν,0,S
πύλῳ,0,S
πύματον,0,S
πύματον,1,S
πύματόν,0,S
πύματόν,1,S
πύξινον,1,S
πύρασον,0,L
πύρασον,1,S
πύριν,0,S
πύσει,0,L
πώεα,2,S
πώλοισιν,2,S
πᾶν,0,L
πᾶς,0,L
πᾶσά,0,L
πᾶσά,1,S
πᾶσί,0,L
πᾶσί,1,S
πᾶσα,0,L
πᾶσα,1,S
πᾶσαί,0,L
πᾶσαι,0,L
πᾶσαν,0,L
πᾶσαν,1,S
πᾶσι,0,L
πᾶσι,1,S
πᾶσιν,0,L
πᾶσιν,1,S
πᾶσ’,0,L
πῆμά,1,S
πῆμα,1,S
πῆχυν,1,S
πῖαρ,0,L
πῖαρ,1,S
πῖλος,0,L
πῖνε,0,L
πῦρ,0,L
πῶμα,1,S
πῶϋ,1,S
σάκεα,0,S
σάκει,0,S
σάκεος,0,S
σάκεσίν,0,S
σάκεσιν,0,S
σάκεσσι,0,S
σάκεσσι,2,S
σάκεϊ,0,S
σάκεϊ,2,L
σάκε’,0,S
σάκος,0,S
σάμον,0,S
σάμου,0,S
σάρκεσσι,2,S
σάτνιον,1,S
σάφα,0,S
σάφα,1,S
σάω,0,S
σάωσας,0,S
σάωσε,0,S
σάωσον,0,S
σέλας,1,S
σέλαϊ,1,S
σέλαϊ,2,L
σέλινον,1,L
σήματα,1,S
σήματα,2,S
σήματι,1,S
σήματι,2,S
σήσαμον,1,S
σίγα,0,L
σίγα,1,L
σίδηρον,0,S
σίδηρος,0,S
σίνεται,0,L
σίντιες,1,S
σίσυφος,0,L
σίσυφος,1,S
σίτοιο,0,L
σίτου,0,L
σαγγαρίοιο,1,S
σαγγαρίοιο,2,S
σακέσπαλος,0,S
σακέσπαλος,2,S
σακέων,0,S
σαλαμῖνι,0,S
σαλαμῖνι,1,S
σαλαμῖνι,2,L
σαλαμῖνι,3,S
σαλαμῖνος,0,S
σαλαμῖνος,1,S
σαλαμῖνος,2,L
σανίδας,0,S
σανίδας,1,S
σανίδες,0,S
σανίδες,1,S
σανίδων,0,S
σανίδων,1,S
σαπήῃ,0,S
σαρπήδοντι,3,S
σαρπηδόνα,3,S
σαρπηδόνι,3,S
σατνιόεντι,1,S
σατνιόεντος,1,S
σαωθήτω,0,S
σαωθῆναι,0,S
σαωσέμεν,0,S
σαωσέμεναι,0,S
σαόφρονα,0,S
σαόφρονα,3,S
σαώσαι,0,S
σαώσατε,0,S
σαώσατε,2,S
σαώσει,0,S
σαώσειαν,0,S
σαώσειας,0,S
σαώσεις,0,S
σαώσετε,0,S
σαώσετον,0,S
σαώσομεν,0,S
σαώσῃ,0,S
σαώσῃς,0,S
σαώτερος,0,S
σαῶσαι,0,S
σαῶσι,0,S
σαῶσι,2,S
σαῷ,0,S
σαῷς,0,S
σβέσαν,1,S
σβέσατ’,1,S
σείσατο,1,S
σεβάσσατο,2,S
σελάγου,1,S
σεληπιάδαο,2,S
σεληπιάδαο,3,S
σεληπιάδαο,4,L
σευάμενος,1,S
σεύας,1,L
σεύατ’,1,S
σεῦα,1,S
σημάντορας,3,S
σημαίνουσιν,3,S
σθένεΐ,2,L
σθένεϊ,2,L
σθενέλαον,2,L
σθεναρή,1,S
σιάλοιο,0,S
σιάλοιο,1,S
σιγαλόεντα,0,L
σιγαλόεντα,1,S
σιγῇ,0,L
σιδήρειαί,0,S
σιδήρειος,0,S
σιδήρειόν,0,S
σιδήρεον,0,S
σιδήρεος,0,S
σιδήρου,0,S
σιδήρῳ,0,S
σιδηρέῳ,0,S
σιδηρείη,0,S
σιδηρείῃ,0,S
σιδονίηθεν,0,L
σιδονίηθεν,2,S
σιδονίων,0,L
σιδονίων,2,S
σιδόνες,0,S
σικυῶνι,0,S
σικυῶνι,1,S
σικυῶν’,0,S
σικυῶν’,1,S
σιμοείσιον,0,S
σιμοείσιον,3,S
σιμόεις,0,S
σιμόεντι,0,S
σιμόεντι,3,S
σιμόεντος,0,S
σιπύλῳ,0,S
σιπύλῳ,1,S
σιωπᾶν,0,S
σιωπῆσαί,0,S
σιωπῇ,0,S
σκάμανδρε,0,S
σκάμανδρον,0,S
σκάμανδρος,0,S
σκέδασεν,1,S
σκέδασον,1,S
σκέδασ’,1,S
σκίδναθ’,1,S
σκίδναται,1,S
σκαιάων,1,L
σκαιῇσι,2,S
σκαμάνδριον,0,S
σκαμάνδριον,2,S
σκαμάνδρου,0,S
σκαμάνδρῳ,0,S
σκαμανδρίῳ,0,S
σκαμανδρίῳ,2,S
σκηπανίῳ,1,S
σκηπανίῳ,2,S
σκιάσῃ,0,S
σκιάσῃ,1,S
σκιερῷ,0,S
σκιόεντα,0,S
σκιόεντα,3,S
σκολιὰς,1,S
σκολόπεσσι,3,S
σκολόπεσσιν,3,S
σκοπιάζων,1,S
σκοπιήν,1,S
σκοπιαζέμεν,1,S
σκοπιαὶ,1,S
σκοπιὴν,1,S
σκοπιῆς,1,S
σκοπιῇ,1,S
σκυρόθεν,0,L
σκυτοτόμων,0,L
σκότιον,1,S
σκύρῳ,0,L
σκῆπτρα,1,S
σκῦρον,0,L
σμαραγήσῃ,0,S
σμαραγήσῃ,1,S
σμαραγεῖ,0,S
σμαραγεῖ,1,S
σμερδαλέα,1,S
σμερδαλέα,3,L
σμερδαλέην,1,S
σμερδαλέον,1,S
σμερδαλέος,1,S
σμερδαλέω,1,S
σμερδαλέῳ,1,S
σμερδαλέ’,1,S
σμικρῇσι,2,S
σμύχοιτο,0,L
σολύμοισι,1,S
σολύμοισι,3,S
σοφίης,1,S
σοῖσι,1,S
σοῖσιν,1,S
σπάρτα,1,S
σπάσεν,0,S
σπάσσατο,1,S
σπέρχωσιν,2,S
σπασσάμενος,1,S
σπερχοίατ’,2,S
σπεύδοντα,2,S
σπεύδοντας,2,S
σπεύδοντι,2,S
σπεύσατέ,1,S
σπιδέος,0,S
σπλάγχνα,1,S
στέλλοιμι,2,S
στέλλοντα,2,S
στέμμα,1,S
στέμματ’,1,S
στέντορι,2,S
στέρνοισι,2,S
στέρνοισιν,2,S
στέφανος,1,S
στήθεά,2,S
στήθεα,2,S
στήθεσι,2,S
στήθεσιν,2,S
στήθεσσι,2,S
στήθεσσιν,2,S
στήθεσφι,2,S
στήθεσφιν,2,S
στήθεϊ,2,S
στήσας,1,L
στήσασα,1,L
στήσασα,2,S
στίλβοντας,2,S
στίχας,0,S
στίχας,1,S
στίχες,0,S
σταδίῃ,0,S
σταδίῃ,1,S
σταθμοῖσιν,2,S
στατὸς,0,S
σταφυλῇσι,0,S
σταφυλῇσι,1,S
σταφυλῇσι,3,S
σταφύληῥἐπὶ,0,S
σταφύληῥἐπὶ,1,S
σταφύληῥἐπὶ,4,S
σταχύεσσιν,0,S
σταχύεσσιν,1,S
σταχύεσσιν,3,S
στείνεϊ,2,S
στενάχεσχ’,1,S
στενάχοντα,1,S
στενάχοντα,3,S
στενάχοντι,1,S
στενάχοντι,3,S
στενάχοντο,1,S
στενάχουσι,1,S
στενάχουσι,3,S
στενάχω,1,S
στενάχων,1,S
στεναχίζετο,1,S
στεναχίζων,1,S
στερεῇσι,3,S
στεφάνας,1,S
στεφάνας,2,L
στεφάνη,1,S
στεφάνην,1,S
στεφάνης,1,S
στεῖλαν,1,S
στησάμενοι,1,S
στιβαρόν,0,S
στιβαρόν,1,S
στιβαρὸν,0,S
στιβαρὸν,1,S
στιβαρῆς,0,S
στιβαρῆς,1,S
στιβαρῇσιν,0,S
στιβαρῇσιν,1,S
στιβαρῇσιν,3,S
στιβαρῶς,0,S
στιβαρῶς,1,S
στιβαρῷ,0,S
στιβαρῷ,1,S
στιχίον,0,S
στιχίον,1,S
στιχίος,0,S
στιχίος,1,S
στιχὸς,0,S
στομάχοιο,1,S
στομάχους,1,S
στοναχάς,1,S
στοναχὴ,1,S
στοναχῆσαι,1,S
στοναχῇ,1,S
στονόεντα,3,S
στονόεσσαν,3,S
στορέσας,2,L
στρέψαντα,2,S
στρατίην,0,S
στρατίην,1,S
στρατοὶ,0,S
στρατοῦ,0,S
στρατόν,0,S
στρατόφι,0,S
στρατὸν,0,S
στρατῷ,0,S
στρεπτοῖσι,2,S
στρεφεδίνηθεν,2,L
στρεφθέντι,2,S
στροφάλιγγι,1,S
στροφάλιγγι,3,S
στροφίοιο,1,S
στρωφᾶτ’,1,L
στυγέει,0,S
στυγέουσι,0,S
στυγέουσι,3,S
στυγέῃ,0,S
στυγέῃσι,0,S
στυγέῃσι,3,S
στυγερή,0,S
στυγερήν,0,S
στυγεροῖο,0,S
στυγεροῦ,0,S
στυγερὰς,0,S
στυγερὴν,0,S
στυγερὸς,0,S
στυγερῇ,0,S
στυγερῶς,0,S
στυγερῷ,0,S
στυγὸς,0,S
στυφέλιξε,0,S
στυφελίζειν,0,S
στυφελίξαι,0,S
στυφελίξῃ,0,S
στόμα,1,S
στόματ’,1,S
στόμαχον,1,S
στύρα,0,S
στύρα,1,S
στὰς,0,L
στᾶσα,0,L
στᾶσα,1,S
στᾶσ’,0,L
στῆθι,1,S
στῆσαν,1,S
συβόσια,0,S
συβόσια,2,L
συβόσια,3,S
συγκαλέσας,1,S
συγκύρσειαν,3,S
συλήσας,0,L
συλήσας,2,L
συλήσειε,0,L
συλήσειν,0,L
συλήσετε,0,L
συλήσω,0,L
συλήσων,0,L
συλήσωσι,0,L
συλήσωσι,3,S
συλήτην,0,L
συλεύειν,0,L
συλλέξατο,2,S
συμβάλετ’,1,S
συμμητιάασθαι,2,S
συμμητιάασθαι,3,S
συμπλατάγησεν,1,S
συμπλατάγησεν,2,S
συμφερόμεσθα,4,S
συμφράσσατο,2,S
συνέαξε,0,S
συνέδραμον,0,S
συνέδραμον,2,S
συνέπηξεν,0,S
συνέχευε,0,S
συνήντετο,0,S
συνίτην,0,S
συνίτην,1,S
συναίνυτο,0,S
συναίνυτο,2,S
συναγειρόμενοι,0,S
συναγειρόμενοι,1,S
συναγρόμενοι,0,S
συναείρεται,0,S
συναείρεται,1,S
συναντέσθην,0,S
συναντήσωνται,0,S
συνεέργαθον,0,S
συνεέργαθον,3,S
συνεκλόνεον,0,S
συνελάσσαμεν,0,S
συνελάσσαμεν,3,S
συνεοχμῷ,0,S
συνεσταότος,0,S
συνεσταότος,2,S
συνεχές,0,L
συνημοσύνας,0,S
συνημοσύνας,3,S
συνημοσύνας,4,L
συνθεσίαι,2,S
συνθεσιάων,2,S
συνθεσιάων,3,L
συνοισόμεθα,0,S
συνορινόμεναι,0,S
συνορινόμεναι,2,L
συνοχωκότε,0,S
συνώμεθα,0,S
συνώμεθα,3,S
συρίγγων,0,L
συσὶ,0,S
συσὶ,1,S
συφορβόν,0,S
συὸς,0,S
συῒ,0,S
συῒ,1,S
συῶν,0,S
σφέας,1,S
σφήκεσσιν,2,S
σφίσι,0,S
σφίσι,1,S
σφίσιν,0,S
σφίσιν,1,S
σφας,0,S
σφεδανὸν,1,S
σφετέρῃσιν,3,S
σφετεράων,2,L
σφι,0,S
σφιν,0,S
σφισι,0,S
σφισι,1,S
σφισιν,0,S
σφισιν,1,S
σφονδυλίων,1,S
σφονδυλίων,2,S
σφοῖσι,1,S
σφοῖσιν,1,S
σφυρὰ,0,S
σφυρὰ,1,S
σφυρὸν,0,S
σφωΐτερόν,1,S
σφωϊν,1,S
σφῶΐ,1,S
σφῶϊ,1,S
σφῶϊν,1,S
σφ’ἀγορή,0,S
σφ’ἀγόρευε,0,S
σφ’ἀλίτηται,0,S
σφ’ἀλίτηται,1,S
σφ’ἄκριτα,1,S
σφ’ἄκριτα,2,S
σφ’ἐγκέφαλος,2,S
σφ’ἐπὶ,1,S
σφ’ὑπὸ,0,S
σχέτλιε,1,S
σχέτλιοί,1,S
σχέτλιος,1,S
σχέτλιός,1,S
σχέτλι’,1,S
σχήσουσι,2,S
σχήσουσιν,2,S
σχίζῃσιν,2,S
σχεδίην,1,S
σχεδίον,1,S
σχεδίος,1,S
σχετλίη,1,S
σχοίατ’,1,S
σόα,1,S
σύ,0,S
σύγχεας,2,S
σύγχυτ’,1,S
σύες,0,S
σύεσσιν,0,S
σύεσσιν,2,S
σύλα,0,L
σύλα,1,L
σύλησας,0,L
σύλησας,2,L
σύμβαλον,1,S
σύμηθεν,0,L
σύναγον,0,S
σύναγον,1,S
σύνελεν,0,S
σύνεχον,0,S
σύριγγος,0,L
σύριγξι,0,L
σύριγξι,2,S
σύτο,0,S
σώματα,1,S
σώματα,2,S
σώματι,1,S
σώματι,2,S
σώματος,1,S
σὰ,0,S
σὺ,0,S
σὺν,0,S
σῆμά,1,S
σῆμα,1,S
σῇσι,1,S
σῇσιν,1,S
σῖτον,0,L
σῖτόν,0,L
σῦν,0,L
σῦς,0,L
σῶμα,1,S
σ’αἰνήσωσιν,3,S
σ’αὖτις,1,S
σ’εἴασεν,1,L
σ’εἵνεκα,2,S
σ’ἀπεχθήρω,0,S
σ’ἀτιμήσουσι,0,S
σ’ἀτιμήσουσι,1,L
σ’ἀτιμήσουσι,4,S
σ’ἀτρεΐδης,2,S
σ’ἀφραίνοντα,3,S
σ’ἀχιλεῦ,0,S
σ’ἀχιλεῦ,1,S
σ’ἄμοτον,0,S
σ’ἐξανύω,1,S
σ’ἐξανύω,2,S
σ’ἐρύσατο,1,L
σ’ἐρύσατο,2,S
σ’ἔβαλον,1,S
σ’ἔβαλόν,1,S
σ’ἔολπα,2,S
σ’ἔπειτα,2,S
σ’ἔτι,1,S
σ’ἔτυμόν,1,S
σ’ἕλῃσι,2,S
σ’ὀΐω,1,L
σ’ὑποδείσαντες,0,S
σ’ὑποδείσας,0,S
τά,0,S
τάδε,0,S
τάδ’,0,S
τάθη,0,S
τάλαντα,0,S
τάλαντα,2,S
τάμε,0,S
τάμητε,0,S
τάμοι,0,S
τάμον,0,S
τάμωμεν,0,S
τάμῃ,0,S
τάνυσε,0,S
τάνυσε,1,S
τάνυσθεν,0,S
τάνυσσαν,0,S
τάνυσσε,0,S
τάνυται,0,S
τάνυται,1,S
τάπης,0,S
τάπησί,0,S
τάπησί,2,S
τάπητας,0,S
τάρπησαν,2,S
τάρταρον,1,S
τάρταρος,1,S
τάρφεσιν,2,S
τάφον,0,S
τάφου,0,S
τάχα,0,S
τάχα,1,S
τάχει,0,S
τάχιστα,0,S
τάχιστα,2,S
τάχιστ’,0,S
τάχος,0,S
τάχ’,0,S
τάων,0,L
τέθναθι,1,S
τέθναθι,2,S
τέκεσσι,2,S
τέκεϊ,2,L
τέκνα,1,S
τέρας,1,S
τέρμα,1,S
τέρμαθ’,1,S
τέρματα,1,S
τέρματα,2,S
τέρματ’,1,S
τέσσαρα,1,S
τέσσαρα,2,S
τέσσαρας,1,S
τέσσαρας,2,S
τέσσαρες,1,S
τέσσαρ’,1,S
τέτατο,1,S
τέτατό,1,S
τέτλαθι,1,S
τέτλαθι,2,S
τέτληκας,2,L
τέτρατον,1,S
τέτρατος,1,S
τέττα,1,S
τήθεα,2,S
τί,0,S
τίει,0,L
τίεν,0,S
τίεσκεν,0,S
τίετο,0,L
τίετ’,0,L
τίθει,0,S
τίθεντο,0,S
τίθησι,0,S
τίμα,0,L
τίμα,1,L
τίμησας,0,L
τίμησόν,0,L
τίνα,0,S
τίνα,1,S
τίναξε,0,S
τίνασσε,0,S
τίνειν,0,L
τίνυνται,0,L
τίνυσθον,0,L
τίον,0,S
τίρυνθά,0,L
τίρυνθά,2,S
τίς,0,S
τίσασθαι,0,L
τίσει,0,L
τίσειαν,0,L
τίσεσθαι,0,L
τίσετε,0,L
τίσιν,0,S
τίσουσιν,0,L
τίσουσιν,2,S
τίσουσ’,0,L
τίσω,0,L
τίσωσιν,0,L
τίσωσιν,2,S
τίω,0,S
τίωσ’,0,L
ταθείς,0,S
ταλάροισι,0,S
ταλάροισι,1,S
ταλάροισι,3,S
ταλάσσῃ,0,S
ταλάσσῃς,0,S
ταλάφρονά,0,S
ταλάφρονά,3,S
ταλαεργοῦ,0,S
ταλαεργοῦ,1,S
ταλαεργὸν,0,S
ταλαεργὸν,1,S
ταλαιμένεος,0,S
ταλασίφρονά,0,S
ταλασίφρονά,1,S
ταλασίφρονά,4,S
ταλασίφρονος,0,S
ταλασίφρονος,1,S
ταλαϊονίδαο,0,S
ταλαϊονίδαο,1,S
ταλαϊονίδαο,2,L
ταλαϊονίδαο,4,S
ταλαϊονίδαο,5,L
ταλαύρινον,0,S
ταλαύρινον,2,L
ταλθυβίῳ,1,S
ταλθυβίῳ,2,S
ταλθύβιον,1,S
ταλθύβιον,2,S
ταλθύβιος,1,S
ταλθύβιος,2,S
ταλθύβιόν,1,S
ταλθύβιόν,2,S
ταλθύβιός,1,S
ταλθύβιός,2,S
ταλθύβι’,1,S
ταλθύβι’,2,S
ταμέειν,0,S
ταμέσθαι,0,S
ταμίαι,0,S
ταμίαι,1,S
ταμίη,0,S
ταμίη,1,S
ταμίην,0,S
ταμίην,1,S
ταμίης,0,S
ταμίης,1,S
ταμεσίχροα,0,S
ταμεσίχροα,4,S
ταμεσίχροας,0,S
ταμεσίχροας,4,S
ταμόνθ’,0,S
ταμόντες,0,S
ταμὼν,0,S
ταναήκεϊ,0,S
ταναήκεϊ,1,S
ταναήκεϊ,4,S
ταναοῖο,0,S
ταναοῖο,1,S
τανηλεγέος,0,S
τανυήκεας,0,S
τανυήκεας,1,S
τανυήκεας,4,S
τανυγλώχινας,0,S
τανυγλώχινας,3,L
τανυγλώχινας,4,S
τανυπτέρυγι,0,S
τανυπτέρυγι,3,S
τανυπτέρυγι,4,L
τανυπτερύγεσσι,0,S
τανυπτερύγεσσι,3,S
τανυπτερύγεσσι,5,S
τανυσθείς,0,S
τανυσθεὶς,0,S
τανυσσάμενος,0,S
τανυσσάμενος,2,S
τανύειν,0,S
τανύειν,1,S
τανύηκες,0,S
τανύηκες,1,S
τανύοντο,0,S
τανύοντο,1,S
τανύουσι,0,S
τανύουσι,1,S
τανύπεπλε,0,S
τανύπεπλε,1,S
τανύπεπλος,0,S
τανύπεπλος,1,S
τανύσσας,0,S
τανύσσῃ,0,S
τανύσῃ,0,S
τανύσῃ,1,S
τανύφλοιόν,0,S
ταπήτων,0,S
ταράξῃ,0,S
ταρβήσας,2,L
ταρπώμεθα,3,S
ταρφέα,2,S
ταρφέας,2,S
ταρχύσουσι,1,L
ταρχύσουσι,3,S
ταρχύσωσι,1,L
ταρχύσωσι,3,S
ταφών,0,S
ταφὼν,0,S
ταχέας,0,S
ταχέες,0,S
ταχέεσσι,0,S
ταχέεσσι,3,S
ταχέως,0,S
ταχέ’,0,S
ταχείης,0,S
ταχεῖα,0,S
ταχεῖα,2,S
ταχυπώλων,0,S
ταχυπώλων,1,S
ταχυτῆτος,0,S
ταχυτῆτος,1,S
ταχύν,0,S
ταχύν,1,S
ταχύπωλοι,0,S
ταχύπωλοι,1,S
ταχὺ,0,S
ταχὺ,1,S
ταχὺν,0,S
ταχὺν,1,S
ταχὺς,0,S
ταχὺς,1,S
ταύροισι,2,S
ταῦτά,1,S
ταῦτα,1,S
τείρεα,2,S
τείρουσι,2,S
τείχεα,2,S
τείχεσσιν,2,S
τείχεϊ,2,S
τεθαλυῖαν,1,S
τεθαλυῖαν,3,S
τεθαρσήκασι,3,L
τεθαρσήκασι,4,S
τεθηπότας,3,S
τεθνάμεν,1,S
τεθνάμεναι,1,S
τεθνάτω,1,S
τεθνηότα,3,S
τεθνηῶτά,3,S
τεθνηῶτα,3,S
τεθνᾶσι,1,L
τεθνᾶσι,2,S
τεθυωμένον,1,S
τεισαίμεθα,3,S
τειχεσιπλῆτα,2,S
τειχιόεσσαν,1,S
τεκέεσσί,3,S
τεκέεσσιν,3,S
τεκτήνατο,2,S
τελέθουσι,3,S
τελέθουσιν,3,S
τελέουσι,3,S
τελέσαιμι,3,S
τελέσωσι,3,S
τελαμωνίου,1,S
τελαμωνίου,3,S
τελαμωνιάδαο,1,S
τελαμωνιάδαο,3,S
τελαμωνιάδαο,4,S
τελαμωνιάδαο,5,L
τελαμωνιάδης,1,S
τελαμωνιάδης,3,S
τελαμωνιάδης,4,S
τελαμωνιάδῃ,1,S
τελαμωνιάδῃ,3,S
τελαμωνιάδῃ,4,S
τελαμώνιε,1,S
τελαμώνιε,3,S
τελαμώνιον,1,S
τελαμώνιον,3,S
τελαμώνιος,1,S
τελαμώνιος,3,S
τελαμώνων,1,S
τελαμὼν,1,S
τελαμῶνα,1,S
τελαμῶνα,3,S
τελαμῶνε,1,S
τελαμῶνι,1,S
τελαμῶνι,3,S
τελαμῶνος,1,S
τελειότατον,3,S
τεληέσσας,3,L
τεράεσσι,1,S
τεράεσσι,3,S
τεράων,1,S
τερμιόεσσα,1,S
τερπικέραυνον,1,S
τερπικέραυνος,1,S
τερπικεραύνῳ,1,S
τεσσαράβοιον,1,S
τεσσαράβοιον,2,S
τεσσαράκοντα,1,S
τεσσαράκοντα,2,S
τεσσαράκοντα,4,S
τετάνυστο,1,S
τετίησθον,1,S
τεταγὼν,1,S
τεταρπώμεσθα,4,S
τετελεσμένα,4,S
τετεύχαται,2,S
τετεύχατο,2,S
τετιημέναι,1,S
τετιημένος,1,S
τετιηότες,1,S
τετιηότι,1,S
τετιηότι,4,S
τετιμένον,1,L
τετιμένος,1,L
τετιμήμεσθα,1,L
τετιμήμεσθα,4,S
τετιμῆσθαι,1,L
τετράκυκλον,1,S
τετράφαθ’,1,S
τετράφαθ’,2,S
τετράφαλον,1,S
τετράφαλον,2,S
τετρίγει,1,L
τετραθέλυμνον,1,S
τετραφάληρον,1,S
τετραφάληρον,2,S
τετραφάλῳ,1,S
τετραφάλῳ,2,S
τετραχθὰ,2,S
τετρηχυῖα,3,S
τετριγυῖα,1,L
τετριγυῖα,3,S
τετριγῶτας,1,L
τεττίγεσσιν,1,L
τεττίγεσσιν,3,S
τετυγμένα,3,S
τετυχηκώς,1,S
τετύκοντό,1,S
τευθρανίδην,1,S
τευθρανίδην,2,S
τευταμίδαο,1,S
τευταμίδαο,2,S
τευταμίδαο,3,L
τεύχεά,2,S
τεύχεα,2,S
τεύχεσί,2,S
τεύχεσι,2,S
τεύχεσιν,2,S
τεύχεσσιν,2,S
τεύχοιμι,2,S
τεῖναν,1,S
τηλίκου,1,S
τηλεδαπάων,2,S
τηλεδαπάων,3,L
τηλεθάον,2,S
τηλεθάοντας,2,S
τηλεθόωσα,4,S
τηλεκλυτὰ,2,S
τηλεκλυτὰ,3,S
τηλεμάχοιο,2,S
τηλυγέτην,1,S
τηλυγέτω,1,S
τηλόθι,2,S
τηλύγετον,1,S
τηλύγετος,1,S
τι,0,S
τιέσκετο,0,S
τιθέντες,0,S
τιθήμεναι,0,S
τιθήμενον,0,S
τιθήνας,0,S
τιθήνη,0,S
τιθήνης,0,S
τιθεὶς,0,S
τιθεῖ,0,S
τιθεῖσι,0,S
τιθωνοῖο,0,L
τιθωνὸν,0,L
τιμή,0,L
τιμήν,0,L
τιμήσασθαι,0,L
τιμήσομεν,0,L
τιμήσουσι,0,L
τιμήσουσι,3,S
τιμήσῃ,0,L
τιμήσῃς,0,L
τιμὴ,0,L
τιμὴν,0,L
τιμᾷ,0,L
τιμῆντα,0,L
τιμῆντα,2,S
τιμῆς,0,L
τιμῆσαι,0,L
τιμῇ,0,L
τιμῶν,0,L
τιμῶσαι,0,L
τιμῶσι,0,L
τιμῶσι,2,S
τινά,0,S
τινά,1,S
τινάς,0,S
τινάσσετο,0,S
τινάσσων,0,S
τινα,0,S
τινα,1,S
τινας,0,S
τινας,1,S
τινες,0,S
τινι,0,S
τινι,1,S
τινὰ,0,S
τινὰ,1,S
τιν’,0,S
τιοίμην,0,L
τις,0,S
τισαίμην,0,L
τιτάνοιό,0,S
τιτάνοιό,1,S
τιτήνας,0,S
τιταίνετο,0,S
τιταίνετον,0,S
τιταίνων,0,S
τιταινόμενος,0,S
τιταρησσὸν,0,S
τιταρησσὸν,1,S
τιτυσκομένων,0,S
τιτυσκόμενοι,0,S
τιτυσκόμενος,0,S
τιτύσκετο,0,S
τιτῆνες,0,L
τλήμονα,2,S
τμάγεν,0,S
τμήξας,1,L
τοιάδ’,1,S
τοιαῦτά,2,S
τοιαῦτα,2,S
τοκεῦσι,2,S
τοκεῦσιν,2,S
τολμήεντι,3,S
τολυπεύειν,1,S
τολύπευσε,1,S
τοξευτῇσι,3,S
τοξοσύνῃ,2,S
τοξότα,2,S
τοσσάδε,1,S
τοσσάδ’,1,S
τοσσάκι,1,S
τοσσάκι,2,S
τούτοισι,2,S
τοὔνεκά,2,S
τοὔνεκα,2,S
τοῖα,1,S
τοῖιν,1,S
τοῖσδεσσι,2,S
τοῖσι,1,S
τοῖσιν,1,S
τράπε,0,S
τράπεζα,0,S
τράπεζαν,0,S
τράπεθ’,0,S
τράπετο,0,S
τράποντο,0,S
τράπωνται,0,S
τράφεν,0,S
τράφη,0,S
τράφ’,0,S
τρέψας,1,L
τρέψειαν,2,S
τρήρωνα,2,S
τρήρωσι,2,S
τρία,0,S
τρία,1,S
τρίαιναν,0,S
τρίβεσθε,0,L
τρίγληνα,2,L
τρίκης,0,S
τρίπλακα,1,S
τρίπλακα,2,S
τρίποδάς,0,S
τρίποδές,0,S
τρίποδα,0,S
τρίποδα,2,L
τρίποδας,0,S
τρίποδος,0,S
τρίποδ’,0,S
τρίπολον,0,S
τρίπος,0,S
τρίπτυχος,1,S
τρίτα,0,S
τρίτα,1,S
τρίτατος,0,S
τρίτατος,1,S
τρίτης,0,S
τρίτον,0,S
τρίτος,0,S
τρίτων,0,S
τρίτῳ,0,S
τρίχα,0,S
τρίχα,1,S
τρίχας,0,S
τρίχας,1,S
τρίχες,0,S
τραπέζης,0,S
τραπέζῃ,0,S
τραπείομεν,0,S
τραπεζῆας,0,S
τραπεζῆες,0,S
τραφέμεν,0,S
τραφερήν,0,S
τρητοῖσι,2,S
τρηχῖνα,1,L
τρηχῖνα,2,S
τριήκοντα,0,S
τριβέμεναι,0,L
τριγλώχινι,2,L
τριγλώχινι,3,S
τριηκόσι’,0,L
τριηκόσι’,3,S
τρισκαίδεκα,3,S
τρισκαιδέκατον,3,S
τριστοιχί,2,L
τρισχίλιαι,1,L
τρισχίλιαι,2,S
τριτάτη,0,S
τριτάτη,1,S
τριτάτοισιν,0,S
τριτάτοισιν,1,S
τριτάτοισιν,3,S
τριτάτῃ,0,S
τριτάτῃ,1,S
τριτάτῳ,0,S
τριτάτῳ,1,S
τριτογένεια,0,L
τριτογένεια,4,S
τριχθά,1,S
τριχθὰ,1,S
τρομέουσι,3,S
τρομεοίατο,3,S
τροφόεντα,3,S
τρυγόῳεν,0,S
τρυφάλεια,0,S
τρυφάλεια,1,S
τρυφάλεια,3,S
τρυφάλειαι,0,S
τρυφάλειαι,1,S
τρυφάλειαν,0,S
τρυφάλειαν,1,S
τρυφάλειαν,3,S
τρυφαλείης,0,S
τρυφαλείης,1,S
τρυφαλείῃ,0,S
τρυφαλείῃ,1,S
τρυφαλειῶν,0,S
τρυφαλειῶν,1,S
τρωΐ,1,S
τρωΐλον,1,S
τρωσί,1,S
τρωσὶ,1,S
τρωσὶν,1,S
τρωχῶσι,2,S
τρωϊάδας,1,S
τρωϊάδας,2,S
τρωϊάδων,1,S
τρωϊάδων,2,S
τρωϊκόν,1,S
τρωϊκός,1,S
τρωϊκὸν,1,S
τρόφι,1,S
τρώεσσι,2,S
τρώεσσιν,2,S
τρώϊα,1,S
τρώϊα,2,S
τρώϊοι,1,S
τρῳάδας,1,S
τρῳάδας,2,S
τρῳάδες,1,S
τρῳῇσι,2,S
τρῳῇσιν,2,S
τρῶα,1,S
τρῶας,1,S
τυδέα,0,L
τυδέα,2,S
τυδέος,0,L
τυδέϊ,0,L
τυδέϊ,2,S
τυδεΐδαο,0,L
τυδεΐδαο,2,S
τυδεΐδαο,3,L
τυδεΐδεω,0,L
τυδεΐδεω,2,S
τυδεΐδη,0,L
τυδεΐδη,2,S
τυδεΐδην,0,L
τυδεΐδην,2,S
τυδεΐδης,0,L
τυδεΐδης,2,S
τυδεΐδῃ,0,L
τυδεΐδῃ,2,S
τυδεύς,0,L
τυδεὺς,0,L
τυδῆ,0,L
τυκτῇσι,2,S
τυπείης,0,S
τυπεὶς,0,S
τυπῇσι,0,S
τυρὸν,0,L
τυφωέος,0,S
τυφωέϊ,0,S
τυφωέϊ,3,S
τυχήσας,0,S
τυχίος,0,S
τυχίος,1,S
τυχών,0,S
τυχὼν,0,S
τόξα,1,S
τόξοισι,2,S
τόξοισιν,2,S
τόσα,1,S
τόσσα,1,S
τόφρά,1,S
τόφρα,1,S
τύνη,0,L
τύχε,0,S
τύχωμι,0,S
τύχῃ,0,S
τύχῃσι,0,S
τύχῃσι,2,S
τύψας,1,L
τἆλλα,1,S
τὰ,0,S
τὰρ,0,S
τὰς,0,L
τῇσι,1,S
τῇσιν,1,S
τῖε,0,L
τῖεν,0,L
τῖον,0,L
τῖσον,0,L
τῖ’,0,L
τ’αἰγίοχος,1,S
τ’αἰγεΐδην,2,S
τ’αἰγιαλόν,1,S
τ’αἰγιαλόν,2,S
τ’αἰγιόχοιο,1,S
τ’αἰγυπιοὶ,1,S
τ’αἰγυπιοὶ,2,S
τ’αἰγυπιὸς,1,S
τ’αἰγυπιὸς,2,S
τ’αἰπεινὰ,2,S
τ’αἰπόλια,2,S
τ’αἰσχύνωσι,1,L
τ’αἰσχύνωσι,3,S
τ’αἴαντα,2,S
τ’αἴτιος,1,S
τ’αὐτίκα,1,S
τ’αὐτίκα,2,S
τ’αὐχένα,2,S
τ’εἰλυφόων,1,S
τ’εἰμὶ,1,S
τ’εἰρέτριάν,2,S
τ’εἶσι,1,S
τ’εὐποιητάων,3,L
τ’εὐρὺ,1,S
τ’οὐκέτι,2,S
τ’οὐρανὸς,1,S
τ’οὔνομα,2,S
τ’οὔρεσι,2,S
τ’ἀΐσσονται,0,L
τ’ἀΐσσοντε,0,L
τ’ἀγάθωνά,0,S
τ’ἀγάθωνά,1,S
τ’ἀγάθωνά,3,S
τ’ἀγέμεν,0,S
τ’ἀγέρωχοι,0,S
τ’ἀγαθόν,0,S
τ’ἀγαθόν,1,S
τ’ἀγαθός,0,S
τ’ἀγαθός,1,S
τ’ἀγαθὴν,0,S
τ’ἀγαθὴν,1,S
τ’ἀγαθὸς,0,S
τ’ἀγαθὸς,1,S
τ’ἀγανοφροσύνῃ,0,S
τ’ἀγανοφροσύνῃ,1,S
τ’ἀγανοφροσύνῃ,4,S
τ’ἀγανοῖσιν,0,S
τ’ἀγανοῖσιν,1,S
τ’ἀγανοῖσιν,3,S
τ’ἀγεληδὸν,0,S
τ’ἀγοὶ,0,S
τ’ἀγχίαλον,1,S
τ’ἀγχίαλον,2,S
τ’ἀγχεμάχων,2,S
τ’ἀγχισιάδης,1,L
τ’ἀγχισιάδης,2,S
τ’ἀγχισιάδης,3,S
τ’ἀγχιστῖναι,2,L
τ’ἀδάμαντα,0,S
τ’ἀδάμαντα,1,S
τ’ἀδάμαντα,3,S
τ’ἀδάμας,0,S
τ’ἀδάμας,1,S
τ’ἀδάμας,2,L
τ’ἀεκήλια,0,S
τ’ἀεκήλια,3,S
τ’ἀεκήλια,4,S
τ’ἀεργὸς,0,S
τ’ἀθανάτω,0,L
τ’ἀθανάτω,1,S
τ’ἀθανάτω,2,S
τ’ἀκάμαντα,0,S
τ’ἀκάμαντα,1,S
τ’ἀκάμαντα,3,S
τ’ἀκάμαντ’,0,S
τ’ἀκάμαντ’,1,S
τ’ἀκάμας,0,S
τ’ἀκάμας,1,S
τ’ἀκέοντό,0,S
τ’ἀκηδέες,0,S
τ’ἀλέξανδρος,0,S
τ’ἀλέοντο,0,S
τ’ἀλεῖψαι,0,S
τ’ἀλοιφὴ,0,S
τ’ἀλόπην,0,S
τ’ἀλόχῳ,0,S
τ’ἀμάθεια,0,S
τ’ἀμάθεια,1,S
τ’ἀμβροσίῃ,2,S
τ’ἀμείνονές,0,S
τ’ἀμείνω,0,S
τ’ἀμητῆρες,0,L
τ’ἀμφί,1,S
τ’ἀμφίδρυφοί,2,S
τ’ἀμφαράβησε,1,S
τ’ἀμφαράβησε,2,S
τ’ἀμφὶ,1,S
τ’ἀνάπνευσις,0,S
τ’ἀναχάζομαι,0,S
τ’ἀναχάζομαι,1,S
τ’ἀνδροκτασίαι,2,S
τ’ἀνδροκτασίαι,3,S
τ’ἀνδροκτασίας,2,S
τ’ἀνδροκτασίας,3,S
τ’ἀνδροκτασίης,2,S
τ’ἀνδροκτασίης,3,S
τ’ἀνεμοσκεπέων,0,S
τ’ἀνεμώρειαν,0,S
τ’ἀνεχώρησαν,0,S
τ’ἀνιχνεύων,0,S
τ’ἀνστρέψειαν,3,S
τ’ἀντίθεον,1,S
τ’ἀντίφονόν,1,S
τ’ἀντηνορίδας,3,S
τ’ἀντρῶνα,2,S
τ’ἀνὰ,0,S
τ’ἀνὰ,1,S
τ’ἀνὴρ,0,S
τ’ἀπείρητος,0,S
τ’ἀπερείσι’,0,S
τ’ἀπερείσι’,3,S
τ’ἀπολέσθαι,0,S
τ’ἀπολυσόμεθ’,0,S
τ’ἀπολυσόμεθ’,2,L
τ’ἀποτείσομεν,0,S
τ’ἀπ’,0,S
τ’ἀργαλέην,1,S
τ’ἀργαλέῳ,1,S
τ’ἀργυρότοξος,1,S
τ’ἀσθμαίνοντα,3,S
τ’ἀσκάνιόν,1,S
τ’ἀσκάνιόν,2,S
τ’ἀσπαίροντας,3,S
τ’ἀσσάρακός,1,S
τ’ἀσσάρακός,2,S
τ’ἀτάλαντον,0,S
τ’ἀτάλαντον,1,S
τ’ἀτάλαντος,0,S
τ’ἀτάλαντος,1,S
τ’ἀτρεΐδης,2,S
τ’ἀφροδίτη,0,S
τ’ἀφροδίτη,2,L
τ’ἀφυσγετὸν,0,S
τ’ἂν,0,S
τ’ἄγκεα,2,S
τ’ἄγχι,1,S
τ’ἄγχιστα,2,S
τ’ἄλκιμος,1,S
τ’ἄλον,0,S
τ’ἄλοχοι,0,S
τ’ἄλσεα,2,S
τ’ἄλυτόν,0,S
τ’ἄλυτόν,1,S
τ’ἄμεινον,0,S
τ’ἄμοτον,0,S
τ’ἄμυδις,0,S
τ’ἄμυδις,1,S
τ’ἄνακτος,0,S
τ’ἄναλκις,0,S
τ’ἄναλκις,2,S
τ’ἄνδρα,1,S
τ’ἄνδρας,1,S
τ’ἄνεισι,0,S
τ’ἄνεισι,2,S
τ’ἄνεμον,0,S
τ’ἄνεμος,0,S
τ’ἄνευθεν,0,S
τ’ἄορί,0,L
τ’ἄορί,2,S
τ’ἄρ,0,S
τ’ἄρα,0,S
τ’ἄρα,1,S
τ’ἄριστον,0,S
τ’ἄρ’,0,S
τ’ἄσαιμι,0,L
τ’ἄχνυται,1,S
τ’ἐΰς,1,S
τ’ἐγκεράσασα,2,S
τ’ἐγκεράσασα,3,L
τ’ἐγκεράσασα,4,S
τ’ἐδίην’,1,S
τ’ἐκορέσσατο,3,S
τ’ἐλάφους,1,S
τ’ἐλέφαντα,3,S
τ’ἐμάχοντο,1,S
τ’ἐνήρατο,2,S
τ’ἐνδυκέως,1,S
τ’ἐνθάδε,1,S
τ’ἐννεάχιλοι,2,S
τ’ἐννεάχιλοι,3,L
τ’ἐνὶ,1,S
τ’ἐξάδιόν,1,S
τ’ἐξάδιόν,2,S
τ’ἐξέταμον,2,S
τ’ἐξήλασσαν,3,S
τ’ἐξεδύοντο,2,S
τ’ἐξεκάθαιρον,2,S
τ’ἐξελάσαι,2,S
τ’ἐξενάριξε,2,S
τ’ἐπίκουροι,1,S
τ’ἐπεσσύμενον,2,S
τ’ἐπιδευὴς,1,S
τ’ἐπικίδναται,1,S
τ’ἐπικίδναται,3,L
τ’ἐπικούρων,1,S
τ’ἐπιλεύσσει,1,S
τ’ἐπιπείθονται,1,S
τ’ἐπισκύνιον,2,S
τ’ἐπισκύνιον,3,S
τ’ἐπιτετράφαται,1,S
τ’ἐπιτετράφαται,3,S
τ’ἐπιτετράφαται,4,S
τ’ἐπὶ,1,S
τ’ἐρατεινὴν,1,S
τ’ἐρητύεται,2,S
τ’ἐριαύχενας,1,S
τ’ἐριαύχενας,4,S
τ’ἐριδαίνετον,1,S
τ’ἐριθηλέας,1,S
τ’ἐριθηλέας,4,S
τ’ἐσσυμένην,1,S
τ’ἐστὶ,1,S
τ’ἐσχατόωσαν,1,S
τ’ἐφάμην,1,S
τ’ἐφιάλτης,1,S
τ’ἐφοπλισόμεσθα,2,S
τ’ἐφοπλισόμεσθα,5,S
τ’ἐφύπερθε,1,S
τ’ἐφύρῃ,1,S
τ’ἐϋκτίμενον,2,S
τ’ἐόντα,2,S
τ’ἔβαλ’,1,S
τ’ἔδραμ’,1,S
τ’ἔθαν’,1,S
τ’ἔκλυες,1,S
τ’ἔκλυον,1,S
τ’ἔλαφον,1,S
τ’ἔνθα,1,S
τ’ἔντεα,2,S
τ’ἔπιόν,1,S
τ’ἔσαν,1,S
τ’ἔστι,1,S
τ’ἔτι,1,S
τ’ἔτρεσαν,2,S
τ’ἔφαλον,1,S
τ’ἔφανεν,1,S
τ’ἔφατ’,1,S
τ’ἠέλιος,2,S
τ’ἠέλιόν,2,S
τ’ἠΰκομος,1,S
τ’ἠελίῳ,2,S
τ’ἠλίβατοι,1,S
τ’ἠλίβατοι,2,S
τ’ἠλίβατος,1,S
τ’ἠλίβατος,2,S
τ’ἠλακάτην,1,S
τ’ἠλακάτην,2,S
τ’ἠμύει,1,S
τ’ἠϊόνας,1,S
τ’ἤθεα,2,S
τ’ἤλυθε,1,S
τ’ἤπια,1,S
τ’ἤπια,2,S
τ’ἤϊα,1,L
τ’ἤϊα,2,S
τ’ἰητροὶ,0,L
τ’ἰθύσῃ,0,L
τ’ἰθύσῃ,1,L
τ’ἰσχανάασκον,1,S
τ’ἰσχανάασκον,2,S
τ’ἰυγμῷ,0,L
τ’ἰῇ,0,S
τ’ἴαχε,0,L
τ’ἴαχε,1,S
τ’ἴρηξ,0,L
τ’ἴσαν,0,S
τ’ἴσαν,1,S
τ’ἴφθιμα,1,L
τ’ἴφθιμα,2,S
τ’ὀαρίζετον,1,S
τ’ὀλίγη,1,S
τ’ὀλίγῳ,1,S
τ’ὀλλυμένους,1,S
τ’ὀλοοσσόνα,4,S
τ’ὀρνίθων,1,L
τ’ὄναρ,1,S
τ’ὄτρυνε,1,L
τ’ὄϊες,1,S
τ’ὠκυπόρων,1,S
τ’ὠκύμορος,1,S
τ’ὠλενίη,2,S
τ’ὠλενίης,2,S
τ’ὠρίωνα,1,L
τ’ὠρίωνα,3,S
τ’ὤμοιιν,2,L
τ’ὦκα,1,S
υἱάσι,1,S
υἱάσι,2,S
υἱέα,2,S
υἱέας,2,S
υἱέϊ,2,S
υἷας,1,S
υἷι,1,S
υἷϊ,1,S
φάανθεν,0,S
φάγε,0,S
φάγον,0,S
φάγῃσι,0,S
φάγῃσι,2,S
φάει,0,S
φάθ’,0,S
φάλαγγα,0,S
φάλαγγα,2,S
φάλαγγας,0,S
φάλαγγας,2,S
φάλαγγες,0,S
φάλαγξι,0,S
φάλαρ’,0,S
φάλαρ’,1,S
φάλοισι,0,S
φάλον,0,S
φάμεν,0,S
φάμενος,0,S
φάνεσκεν,0,S
φάνη,0,S
φάνηθι,0,S
φάος,0,S
φάρεα,0,L
φάρεα,2,S
φάρεϊ,0,L
φάρεϊ,2,S
φάρε’,0,L
φάρμακα,1,S
φάρμακα,2,S
φάρμακ’,1,S
φάρμαχ’,1,S
φάσαν,0,S
φάσαν,1,S
φάσγανα,1,S
φάσγανα,2,S
φάσγανον,1,S
φάσ’,0,L
φάτο,0,S
φάτ’,0,S
φέροντα,2,S
φέρουσά,2,S
φέρουσα,2,S
φέρτατον,1,S
φέρτατος,1,S
φέρτατός,1,S
φέρτατ’,1,S
φέρῃσι,2,S
φήγινος,1,S
φίλα,0,S
φίλα,1,S
φίλαι,0,S
φίλας,0,S
φίλας,1,L
φίλατο,0,L
φίλατο,1,S
φίλε,0,S
φίλεον,0,S
φίλη,0,S
φίληθεν,0,S
φίλην,0,S
φίλης,0,S
φίλησα,0,S
φίλησε,0,S
φίλοι,0,S
φίλοιο,0,S
φίλοις,0,S
φίλοισι,0,S
φίλοισι,2,S
φίλοισιν,0,S
φίλον,0,S
φίλος,0,S
φίλου,0,S
φίλους,0,S
φίλταθ’,1,S
φίλταταί,1,S
φίλτατε,1,S
φίλτατοί,1,S
φίλτατοι,1,S
φίλτατον,1,S
φίλτατος,1,S
φίλτατόν,1,S
φίλτατός,1,S
φίλω,0,S
φίλων,0,S
φίλως,0,S
φίλῃ,0,S
φίλῃσι,0,S
φίλῃσι,2,S
φίλῃσιν,0,S
φίλῳ,0,S
φίλ’,0,S
φαάνθη,0,S
φαέθων,0,S
φαίδιμα,1,S
φαίδιμα,2,S
φαίδιμος,1,S
φαίδιμ’,1,S
φαίνοπι,2,S
φαεινά,0,S
φαεινά,2,S
φαεινάς,0,S
φαεινή,0,S
φαεινήν,0,S
φαεινοὺς,0,S
φαεινοῦ,0,S
φαεινόν,0,S
φαεινός,0,S
φαεινότερον,0,S
φαεινώ,0,S
φαεινὴ,0,S
φαεινὴν,0,S
φαεινὸν,0,S
φαεινὸς,0,S
φαεινὼ,0,S
φαεινῆς,0,S
φαεινῇ,0,S
φαεινῶν,0,S
φαεινῷ,0,S
φαεσίμβροτος,0,S
φαιδιμόεντες,1,S
φαλαγγηδόν,0,S
φαληριόωντα,0,S
φαληριόωντα,2,S
φαληριόωντα,5,S
φαμένη,0,S
φαμεν,0,S
φανέντα,0,S
φανέντα,2,S
φανήμεναι,0,S
φανήτην,0,S
φανήῃ,0,S
φανείη,0,S
φανῇ,0,S
φαρέτρην,0,S
φαρέτρης,0,S
φασγάνου,1,S
φασγάνῳ,1,S
φασι,0,L
φασι,1,S
φασιν,0,L
φασιν,1,S
φασὶ,0,L
φασὶ,1,S
φασὶν,0,L
φασ’,0,L
φαυσιάδην,1,S
φαυσιάδην,2,S
φείσατ’,1,S
φεβώμεθα,3,S
φερώμεθα,3,S
φερὰς,1,L
φεύγοντα,2,S
φεύγοντας,2,S
φεύγοντι,2,S
φημί,1,S
φημι,1,S
φημὶ,1,S
φηρητιάδαο,2,S
φηρητιάδαο,3,S
φηρητιάδαο,4,L
φηρσὶν,1,S
φησι,1,S
φησιν,1,S
φησὶ,1,S
φθάμενος,0,S
φθάμενός,0,S
φθάνει,0,L
φθέγξατο,1,S
φθέγξατ’,1,S
φθίεται,0,S
φθίην,0,L
φθίης,0,L
φθίηφι,0,L
φθίηφι,2,S
φθίμενος,0,S
φθίνυθον,0,S
φθίνυθον,1,S
φθίσει,0,L
φθίσειν,0,L
φθίσεσθαι,0,L
φθίσεσθ’,0,L
φθίσονται,0,L
φθίων,0,L
φθίῃ,0,L
φθεγξάμενος,1,S
φθεγξαμένη,1,S
φθιμένου,0,S
φθινύθειν,0,S
φθινύθειν,1,S
φθινύθεσκε,0,S
φθινύθεσκε,1,S
φθινύθουσι,0,S
φθινύθουσι,1,S
φθινύθουσι,3,S
φθινύθουσιν,0,S
φθινύθουσιν,1,S
φθινύθουσιν,3,S
φθιρῶν,0,L
φθισήνορα,0,L
φθισήνορα,3,S
φθισίμβροτος,0,L
φθιόμεσθα,0,S
φθιόμεσθα,3,S
φθῇσιν,1,S
φθῖοι,0,L
φιάλη,0,S
φιάλη,1,S
φιάλην,0,S
φιάλην,1,S
φιάλῃ,0,S
φιάλῃ,1,S
φιλέει,0,S
φιλέειν,0,S
φιλέεις,0,S
φιλέεσθε,0,S
φιλέεσκε,0,S
φιλέεσκεν,0,S
φιλέοντι,0,S
φιλέουσά,0,S
φιλέουσά,3,S
φιλέουσιν,0,S
φιλέουσιν,3,S
φιλέουσ’,0,S
φιλέων,0,S
φιλήμεναι,0,S
φιλήσῃ,0,S
φιλεῖ,0,S
φιλητορίδην,0,S
φιλητορίδην,3,S
φιλοκτήταο,0,S
φιλοκτήταο,3,L
φιλοκτήτης,0,S
φιλοκτεανώτατε,0,S
φιλοκτεανώτατε,3,S
φιλοκτεανώτατε,5,S
φιλομειδής,0,S
φιλομειδὴς,0,S
φιλομμειδὴς,0,S
φιλοπτολέμοισι,0,S
φιλοπτολέμοισι,5,S
φιλοπτολέμοισιν,0,S
φιλοπτολέμοισιν,5,S
φιλοπτολέμων,0,S
φιλοφροσύνη,0,S
φιλοφροσύνη,3,S
φιλοψευδὴς,0,S
φιλότης,0,S
φιλότητί,0,S
φιλότητί,3,S
φιλότητα,0,S
φιλότητα,3,S
φιλότητι,0,S
φιλότητι,3,S
φιλότητος,0,S
φλέβα,1,S
φλέγμα,1,S
φλεγέθοντι,3,S
φλεγέθουσιν,3,S
φλεγεθοίατο,3,S
φλεγύας,1,S
φλογὶ,1,S
φλόγα,1,S
φλόγεα,2,L
φοίνικα,1,L
φοίνικα,2,S
φοίνικες,1,L
φοίνικι,1,L
φοίνικι,2,S
φοίνικος,1,L
φοίτα,1,L
φοβέουσι,3,S
φοινήεντα,3,S
φοινικόεσσαι,1,S
φοινικόεσσαν,1,S
φοιτήσασα,2,L
φοιτήσασα,3,S
φορέουσα,3,S
φορέουσι,3,S
φορέουσιν,3,S
φράσαι,0,S
φράσατο,0,S
φράσατο,1,S
φράσομαι,0,S
φράσσατο,1,S
φρένα,1,S
φρένας,1,S
φρήτρας,1,L
φρήτρηφιν,2,S
φρίσσουσιν,2,S
φραδέος,0,S
φραδμονίδην,2,S
φραζώμεθα,3,S
φρείατα,1,S
φρείατα,2,S
φρεσί,1,S
φρεσίν,1,S
φρεσὶ,1,S
φρεσὶν,1,S
φρικὸς,0,L
φρονέοντα,3,S
φρονέοντι,3,S
φρονέουσα,3,S
φρονέουσι,3,S
φρυγίη,0,S
φρυγίη,1,S
φρυγίην,0,S
φρυγίην,1,S
φρυγίης,0,S
φρυγίης,1,S
φρυγίῃ,0,S
φρυγίῃ,1,S
φρόντιδι,1,S
φρόντιδι,2,S
φρύγας,0,S
φρύγας,1,S
φρύγες,0,S
φρῖχ’,0,L
φυήν,0,S
φυγέειν,0,S
φυγεῖν,0,S
φυγόντε,0,S
φυγὼν,0,S
φυζακινῇς,1,S
φυζακινῇς,2,S
φυκιόεντι,0,L
φυκιόεντι,1,S
φυκιόεντι,4,S
φυκτὰ,1,S
φυλάκεσσι,0,S
φυλάκεσσι,1,S
φυλάκεσσι,3,S
φυλάκεσσιν,0,S
φυλάκεσσιν,1,S
φυλάκεσσιν,3,S
φυλάκεσσ’,0,S
φυλάκεσσ’,1,S
φυλάκην,0,S
φυλάκην,1,S
φυλάκους,0,S
φυλάκους,1,S
φυλάκων,0,S
φυλάκων,1,S
φυλάκῃ,0,S
φυλάκῃ,1,S
φυλάξομεν,0,S
φυλάσσει,0,S
φυλάσσειν,0,S
φυλάσσεις,0,S
φυλάσσετε,0,S
φυλάσσοις,0,S
φυλάσσονται,0,S
φυλάσσοντας,0,S
φυλάσσω,0,S
φυλάσσων,0,S
φυλέος,0,L
φυλακίδαο,0,L
φυλακίδαο,1,S
φυλακίδαο,2,S
φυλακίδαο,3,L
φυλακαί,0,S
φυλακαί,1,S
φυλακτῆρες,0,S
φυλακὰς,0,S
φυλακὰς,1,S
φυλακὰς,2,L
φυλακὴ,0,S
φυλακὴ,1,S
φυλακῆς,0,S
φυλακῆς,1,S
φυλασσέμεναί,0,S
φυλασσέμεναι,0,S
φυλασσομένοισι,0,S
φυλασσομένοισι,5,S
φυλεΐδαο,0,L
φυλεΐδαο,2,S
φυλεΐδαο,3,L
φυλεΐδεω,0,L
φυλεΐδεω,2,S
φυλεΐδην,0,L
φυλεΐδην,2,S
φυλεΐδης,0,L
φυλεΐδης,2,S
φυλεύς,0,L
φυλεὺς,0,L
φυλομέδουσα,0,L
φυλομέδουσα,4,S
φυλόπιδος,0,L
φυλόπιδος,2,S
φυλῆά,0,L
φυλῆά,2,S
φυσίζοος,0,L
φυσιόωντας,0,L
φυσιόωντας,1,S
φυσῶντες,0,L
φυταλιῆς,0,L
φυταλιῆς,1,S
φυταλιῆς,2,S
φυτεῦσαι,0,S
φυτὰ,0,S
φυτὰ,1,S
φυτὸν,0,S
φυτῶν,0,S
φυὴν,0,S
φωνήσας,2,L
φωνήσασα,2,L
φωνήσασα,3,S
φωνήσασ’,2,L
φωνησάσης,2,L
φωριαμῶν,1,S
φωριαμῶν,2,S
φωτὶ,1,S
φόρκυνα,1,L
φόρκυνα,2,S
φόρκυς,1,L
φόρμιγγα,2,S
φόρμιγγι,2,S
φύγαδε,0,S
φύγαδε,1,S
φύγαδ’,0,S
φύγαδ’,1,S
φύγε,0,S
φύγεν,0,S
φύγοι,0,S
φύγοιμεν,0,S
φύγον,0,S
φύγωμεν,0,S
φύγῃ,0,S
φύγῃσι,0,S
φύγῃσι,2,S
φύγῃσιν,0,S
φύει,0,S
φύεν,0,S
φύζα,1,S
φύζαν,1,S
φύλακάς,0,S
φύλακάς,1,S
φύλακας,0,S
φύλακας,1,S
φύλακον,0,S
φύλακον,1,S
φύλαντος,0,L
φύλαξεν,0,S
φύλας,0,L
φύλας,1,L
φύλασσε,0,S
φύλλά,1,S
φύλλα,1,S
φύλλοισιν,2,S
φύλοις,0,L
φύλοπιν,0,L
φύλοπιν,2,S
φύλοπις,0,L
φύλοπις,2,S
φύξηλιν,2,S
φύσας,0,L
φύσας,1,L
φύσει,0,L
φὰς,0,L
φᾶρίν,0,L
φᾶρος,0,L
φῆμιν,1,S
φῆρας,1,S
φῆσθα,1,S
φῖλαι,0,L
φῦ,0,L
φῦκος,0,L
φῦλα,0,L
φῦλα,1,S
φῦλον,0,L
φῦλ’,0,L
φῦσαι,0,L
φῶτα,1,S
φῶτας,1,S
χάδε,0,S
χάλαζα,0,S
χάλαζαν,0,S
χάλκεα,2,S
χάνδανεν,1,S
χάνοι,0,S
χάρη,0,S
χάρησαν,0,S
χάριν,0,S
χάριν,1,S
χάρις,0,S
χάρις,1,S
χάριτες,0,S
χάριτες,1,S
χάρμα,1,S
χάροπ’,0,S
χάσσατ’,1,S
χέοντα,2,S
χέραδος,1,S
χέρεια,2,S
χέρνιβον,1,S
χήρατο,1,S
χήτεϊ,2,S
χίλια,0,L
χίλια,1,S
χίλια,2,S
χίλι’,0,L
χίλι’,1,S
χίμαιρα,0,S
χίμαιραν,0,S
χίμαιραν,2,S
χαδέειν,0,S
χαζώμεσθα,3,S
χαιτάων,1,L
χαλάζῃ,0,S
χαλέπαινε,0,S
χαλέπ’,0,S
χαλεπή,0,S
χαλεπήνῃ,0,S
χαλεπαίνοι,0,S
χαλεπαίνων,0,S
χαλεποί,0,S
χαλεποὶ,0,S
χαλεποῖσιν,0,S
χαλεποῖσιν,3,S
χαλεπόν,0,S
χαλεπὴ,0,S
χαλεπὴν,0,S
χαλεπὸν,0,S
χαλεπὸς,0,S
χαλεπῆναι,0,S
χαλεπῶς,0,S
χαλεπῷ,0,S
χαλινοὺς,0,S
χαλινοὺς,1,L
χαλκήρεα,3,S
χαλκήρεας,3,S
χαλκήρεσιν,3,S
χαλκήρεϊ,3,S
χαλκίδα,1,S
χαλκίδα,2,S
χαλκοβάρεια,2,S
χαλκοβαρής,2,S
χαλκοβατὲς,2,S
χαλκογλώχινος,3,L
χαλκοκνήμιδες,3,L
χαλκοπαρῄου,2,S
χαλκοτύπους,2,S
χαλκοχίτωνας,2,S
χαλκοχίτωνας,4,S
χαλκοχίτωνες,2,S
χαλκοχιτών,2,S
χαλκοχιτώνων,2,S
χαλκωδοντιάδης,3,S
χαλκωδοντιάδης,4,S
χαλκόφι,2,S
χαμάδις,0,S
χαμάδις,1,S
χαμαιεῦναι,0,S
χαμαὶ,0,S
χαμᾶζε,0,S
χανών,0,S
χαράδραι,0,S
χαράδρης,0,S
χαρέντες,0,S
χαρίεν,0,S
χαρίεν,1,S
χαρίεντα,0,S
χαρίεντα,1,S
χαρίεντα,3,S
χαρίεντ’,0,S
χαρίεντ’,1,S
χαρίζεαι,0,S
χαρίσαιτο,0,S
χαρίσαιτο,1,S
χαρίτεσσιν,0,S
χαρίτεσσιν,1,S
χαρίτεσσιν,3,S
χαρίτων,0,S
χαρίτων,1,S
χαρείη,0,S
χαριέστατος,0,S
χαριέστατος,1,S
χαριέστατος,3,S
χαριεστάτη,0,S
χαριεστάτη,1,S
χαριεστάτη,3,S
χαριζομένη,0,S
χαριζόμενος,0,S
χαρόποιό,0,S
χασσάμενος,1,S
χατέοντί,0,S
χατέοντί,3,S
χατέουσί,0,S
χατέουσί,3,S
χατίζει,0,S
χατίζεις,0,S
χατίζων,0,S
χείλεα,2,S
χείλεσιν,2,S
χείρεσι,2,S
χείρεσσι,2,S
χείρεσσιν,2,S
χείρονα,2,S
χείρονι,2,S
χειμέριαι,2,S
χειμέριον,2,S
χειμερίῃσιν,2,S
χειμερίῳ,2,S
χειμῶνα,2,S
χειμῶνι,2,S
χειρί,1,S
χειρὶ,1,S
χερείονά,3,S
χερείονα,3,S
χερμάδια,1,S
χερμάδια,2,S
χερμάδια,3,L
χερμάδιον,1,S
χερμάδιον,2,S
χερμαδίοισιν,1,S
χερμαδίοισιν,2,S
χερμαδίοισιν,4,S
χερμαδίῳ,1,S
χερμαδίῳ,2,S
χερνῆτις,2,S
χερσί,1,S
χερσιδάμαντα,1,S
χερσιδάμαντα,2,S
χερσιδάμαντα,4,S
χερσὶ,1,S
χερσὶν,1,S
χερὶ,1,S
χεύατο,1,S
χεύωσιν,2,S
χεῖρα,1,S
χεῖρας,1,S
χεῦαν,1,S
χεῦμα,1,S
χηραμόν,1,S
χθαμαλώτατον,0,S
χθαμαλώτατον,1,S
χθαμαλώτατον,3,S
χθιζά,1,S
χθονί,1,S
χθονὶ,1,S
χθόνα,1,S
χιτώνων,0,S
χιτῶνα,0,S
χιτῶνα,2,S
χιτῶνας,0,S
χιτῶνι,0,S
χιτῶνι,2,S
χιτῶνος,0,S
χιτῶν’,0,S
χιτῶσι,0,S
χιόνι,0,S
χιόνος,0,S
χιὼν,0,S
χλαινάων,1,L
χοάνοισιν,1,S
χοάνοισιν,3,S
χολάδες,1,S
χολωσάμεναι,2,S
χολωσάμενοι,2,S
χολωσάμενος,2,S
χολωσαμένη,2,S
χολωτοῖσιν,3,L
χολώσατο,2,S
χοροιτυπίῃσιν,2,S
χοροιτυπίῃσιν,3,S
χοροιτυπίῃσιν,5,S
χραίσμωσιν,2,S
χραίσμῃσι,2,S
χρηΐζοντα,3,S
χροΐ,1,S
χρομίον,1,S
χρομίος,1,S
χροῒ,1,S
χρυσάμπυκας,0,L
χρυσάμπυκας,2,S
χρυσάμπυκας,3,S
χρυσάορον,0,L
χρυσάορον,1,L
χρυσέη,0,S
χρυσέην,0,S
χρυσέης,0,S
χρυσέοις,0,S
χρυσέοισι,0,S
χρυσέοισι,3,S
χρυσέοισιν,0,S
χρυσέοισιν,3,S
χρυσέῃ,0,S
χρυσέῃσιν,0,S
χρυσέῃσιν,3,S
χρυσέῳ,0,L
χρυσήνιος,0,L
χρυσήνιος,2,S
χρυσαόρου,0,L
χρυσαόρου,1,L
χρυσείας,0,L
χρυσείας,2,L
χρυσείη,0,L
χρυσείην,0,L
χρυσείοις,0,L
χρυσείω,0,L
χρυσείῃ,0,L
χρυσείῃς,0,L
χρυσηΐδα,0,L
χρυσηΐδα,2,S
χρυσηΐδα,3,S
χρυσηΐδος,0,L
χρυσηΐδος,2,S
χρυσηλάκατος,0,L
χρυσηλάκατος,2,S
χρυσηλάκατος,3,S
χρυσηλακάτου,0,L
χρυσηλακάτου,2,S
χρυσηλακάτου,3,S
χρυσηῒς,0,L
χρυσοθρόνου,0,L
χρυσοῖο,0,L
χρυσοῦ,0,L
χρυσόθεμις,0,L
χρυσόθρονος,0,L
χρυσόν,0,L
χρυσόπτερον,0,L
χρυσός,0,L
χρυσὸν,0,L
χρυσὸς,0,L
χρυσῆ,0,L
χρυσῆν,0,L
χρυσῇ,0,L
χρυσῷ,0,L
χρόα,1,S
χρόμαδος,1,S
χρόμις,1,S
χρύσεα,0,L
χρύσεα,2,S
χρύσεαι,0,L
χρύσεια,0,L
χρύσεια,2,S
χρύσειαι,0,L
χρύσειοι,0,L
χρύσειον,0,L
χρύσει’,0,L
χρύσεον,0,L
χρύσεος,0,S
χρύση,0,L
χρύσην,0,L
χρύσης,0,L
χρῖεν,0,L
χρῖσέν,0,L
χρῖσαν,0,L
χρῖσαν,1,S
χρῖσόν,0,L
χυμένη,0,S
χυτὴ,0,S
χυτὴν,0,S
χωρήσουσι,3,S
χωσάμενος,1,S
χωσαμένη,1,S
χόρτοισι,2,S
χύτο,0,S
χώσατο,1,S
χώσατ’,1,S
χ’εὕρῃσι,2,S
χ’ἑτέρωθι,3,S
χ’ὑποκρίναιτο,0,S
χ’ὑποκρίναιτο,2,L
χ’ὑποστρέψωσι,0,S
χ’ὑποστρέψωσι,4,S
ψάμαθοι,0,S
ψάμαθοι,1,S
ψάμαθον,0,S
ψάμαθον,1,S
ψάμαθός,0,S
ψάμαθός,1,S
ψαμάθοις,0,S
ψαμάθοις,1,S
ψαμάθοισι,0,S
ψαμάθοισι,1,S
ψαμάθοισι,3,S
ψαμάθοισιν,0,S
ψαμάθοισιν,1,S
ψαμάθοισιν,3,S
ψαρῶν,0,L
ψαύουσιν,2,S
ψευδέσσι,2,S
ψευσάμενοι,1,S
ψευσαμένη,1,S
ψεύδεσσι,2,S
ψεύδεσσιν,2,S
ψηφῖδες,1,L
ψιάδας,0,S
ψιάδας,1,S
ψιλὴν,0,L
ψυχή,0,L
ψυχήν,0,L
ψυχαὶ,0,L
ψυχὰς,0,L
ψυχὰς,1,L
ψυχὴ,0,L
ψυχὴν,0,L
ψυχῆς,0,L
ψύξασα,1,L
ψύξασα,2,S
ἀΐδαο,0,S
ἀΐδαο,1,S
ἀΐδαο,2,L
ἀΐδεω,0,S
ἀΐδεω,1,S
ἀΐδηλον,0,S
ἀΐδηλον,1,S
ἀΐδηλος,0,S
ἀΐδηλος,1,S
ἀΐδην,0,S
ἀΐδην,1,S
ἀΐδης,0,S
ἀΐδης,1,S
ἀΐδρεϊ,0,S
ἀΐδρεϊ,3,S
ἀΐεις,0,S
ἀΐεις,1,S
ἀΐξαντα,0,L
ἀΐξαντα,3,S
ἀΐξαντε,0,L
ἀΐξας,0,L
ἀΐξας,2,L
ἀΐξασα,0,L
ἀΐξασα,2,L
ἀΐξασαι,0,L
ἀΐξασαι,2,L
ἀΐξασθαι,0,L
ἀΐξωσι,0,L
ἀΐξωσι,3,S
ἀΐξῃ,0,L
ἀΐοιεν,0,S
ἀΐοιεν,1,S
ἀΐοντες,0,S
ἀΐοντες,1,S
ἀΐοντι,0,S
ἀΐοντι,1,S
ἀΐοντι,3,S
ἀΐουσα,0,S
ἀΐουσα,1,S
ἀΐουσα,3,S
ἀΐσθων,0,S
ἀΐσσονται,0,L
ἀΐσσοντος,0,L
ἀΐσσουσα,0,L
ἀΐσσουσα,3,S
ἀΐσσουσι,0,L
ἀΐσσουσι,3,S
ἀΐσσων,0,L
ἀΐων,0,S
ἀΐων,1,S
ἀάατον,0,S
ἀάατον,1,L
ἀάατον,2,L
ἀάπτους,0,S
ἀάσατο,1,L
ἀάσατο,2,S
ἀάσθη,0,S
ἀάσθην,0,S
ἀάσχετον,0,S
ἀέθλια,0,S
ἀέθλια,2,S
ἀέθλια,3,S
ἀέθλιον,0,S
ἀέθλιον,2,S
ἀέθλοισι,0,S
ἀέθλου,0,S
ἀέθλους,0,S
ἀέθλων,0,S
ἀέθλῳ,0,S
ἀέκητι,0,S
ἀέκητι,3,S
ἀέκοντί,0,S
ἀέκοντί,3,S
ἀέκοντα,0,S
ἀέκοντα,3,S
ἀέκοντας,0,S
ἀέκοντας,3,S
ἀέκοντε,0,S
ἀέκοντος,0,S
ἀέκων,0,S
ἀέλλῃ,0,S
ἀέντες,0,S
ἀέξει,0,S
ἀέξειν,0,S
ἀέξεται,0,S
ἀέξετο,0,L
ἀέξω,0,S
ἀέξων,0,S
ἀήθεσσον,0,S
ἀήμεναι,0,S
ἀήσυλα,0,S
ἀήσυλα,2,S
ἀήσυλα,3,S
ἀήτας,0,S
ἀήτη,0,S
ἀΰπνους,0,S
ἀΰσαντες,0,S
ἀΰσαντες,1,L
ἀΰσας,0,S
ἀΰσας,1,L
ἀΰτει,0,S
ἀΰτει,1,L
ἀΰτευν,0,S
ἀΰτευν,1,L
ἀασάμην,0,L
ἀασάμην,1,S
ἀασάμην,2,S
ἀβάντων,0,S
ἀβίων,0,S
ἀβίων,1,S
ἀβαρβαρέη,0,S
ἀβαρβαρέη,2,S
ἀβροτάξομεν,0,S
ἀβρότη,0,S
ἀβυδόθεν,0,S
ἀβυδόθεν,1,L
ἀβυδόθι,0,S
ἀβυδόθι,1,L
ἀβυδόθι,3,S
ἀγάγω,0,S
ἀγάγω,1,S
ἀγάγωμεν,0,S
ἀγάγωμεν,1,S
ἀγάγωμι,0,S
ἀγάγωμι,1,S
ἀγάγωμι,3,S
ἀγάγῃσιν,0,S
ἀγάγῃσιν,1,S
ἀγάγῃσιν,3,S
ἀγάλλεται,0,S
ἀγάμεμνον,0,S
ἀγάμεμνον,1,S
ἀγάννιφον,0,S
ἀγάννιφον,2,S
ἀγάρροον,0,S
ἀγάρροος,0,S
ἀγάσησθε,0,S
ἀγάσησθε,1,S
ἀγάσσατο,0,S
ἀγάσσατο,2,S
ἀγάστροφον,0,S
ἀγέλαον,0,S
ἀγέλαον,2,L
ἀγέλας,0,S
ἀγέλην,0,S
ἀγέλης,0,S
ἀγέληφι,0,S
ἀγέληφι,3,S
ἀγέμεν,0,S
ἀγέραστος,0,S
ἀγέρθη,0,S
ἀγέροντο,0,S
ἀγέσθω,0,S
ἀγήνορα,0,S
ἀγήνορα,3,S
ἀγήνορας,0,S
ἀγήνορας,3,S
ἀγήνορι,0,S
ἀγήνορι,3,S
ἀγήνορος,0,S
ἀγήνωρ,0,S
ἀγήρω,0,S
ἀγήρων,0,S
ἀγήρως,0,S
ἀγίνεον,0,S
ἀγίνεον,1,L
ἀγαγέσθαι,0,S
ἀγαγέσθαι,1,S
ἀγαγόνθ’,0,L
ἀγαγόνθ’,1,L
ἀγαγὼν,0,S
ἀγαγὼν,1,S
ἀγαθή,0,S
ἀγαθή,1,S
ἀγαθοῖο,0,S
ἀγαθοῖο,1,S
ἀγαθοῦ,0,S
ἀγαθοῦ,1,S
ἀγαθόν,0,S
ἀγαθόν,1,S
ἀγαθός,0,S
ἀγαθός,1,S
ἀγαθὰ,0,S
ἀγαθὰ,1,S
ἀγαθὰς,0,S
ἀγαθὰς,1,S
ἀγαθὴ,0,S
ἀγαθὴ,1,S
ἀγαθὴν,0,S
ἀγαθὴν,1,S
ἀγαθὸν,0,S
ἀγαθὸν,1,S
ἀγαθὸς,0,S
ἀγαθὸς,1,S
ἀγαθὼ,0,S
ἀγαθὼ,1,S
ἀγαθῇσι,0,S
ἀγαθῇσι,1,S
ἀγαθῷ,0,S
ἀγαθῷ,1,S
ἀγακλεές,0,S
ἀγακλειτοὺς,0,S
ἀγακλειτοῦ,0,S
ἀγακλειτὴ,0,S
ἀγακλειτὸν,0,S
ἀγακλειτῶν,0,S
ἀγακλεὲς,0,S
ἀγακλυτὸν,0,S
ἀγακλυτὸν,2,S
ἀγακλῆος,0,S
ἀγαλλόμενα,0,S
ἀγαλλόμεναι,0,S
ἀγαλλόμενος,0,S
ἀγαμέμνονα,0,S
ἀγαμέμνονα,1,S
ἀγαμέμνονα,4,S
ἀγαμέμνονι,0,S
ἀγαμέμνονι,1,S
ἀγαμέμνονι,4,S
ἀγαμέμνονος,0,S
ἀγαμέμνονος,1,S
ἀγαμέμνων,0,S
ἀγαμέμνων,1,S
ἀγαμήδην,0,S
ἀγαμήδην,1,S
ἀγαμεμνονέην,0,S
ἀγαμεμνονέην,1,S
ἀγαμεμνονέης,0,S
ἀγαμεμνονέης,1,S
ἀγανοῖς,0,S
ἀγανοῖς,1,S
ἀγανοῖσι,0,S
ἀγανοῖσι,1,S
ἀγανοῖσι,3,S
ἀγανόφρων,0,S
ἀγανόφρων,1,S
ἀγανῇσι,0,S
ἀγανῇσι,1,S
ἀγαπήνορα,0,S
ἀγαπήνορα,1,S
ἀγαπήνορα,4,S
ἀγαπήνορος,0,S
ἀγαπήνορος,1,S
ἀγαπήνωρ,0,S
ἀγαπήνωρ,1,S
ἀγαπαζέμεν,0,S
ἀγαπαζέμεν,1,S
ἀγαπητὸν,0,S
ἀγαπητὸν,1,S
ἀγασθένεος,0,S
ἀγασσάμεθ’,0,S
ἀγασσάμεθ’,2,S
ἀγασσάμενοι,0,S
ἀγασσάμενοι,2,S
ἀγαστρόφου,0,S
ἀγαυοί,0,S
ἀγαυοὶ,0,S
ἀγαυοῦ,0,S
ἀγαυόν,0,S
ἀγαυὴ,0,S
ἀγαυὸν,0,S
ἀγαυῶν,0,S
ἀγγείλας,2,L
ἀγγελίην,2,S
ἀγγελίης,2,S
ἀγγελίῃ,2,S
ἀγείρας,0,S
ἀγείρομεν,0,S
ἀγείροντες,0,S
ἀγείρω,0,S
ἀγείρων,0,S
ἀγειρούσῃ,0,S
ἀγειρόντων,0,S
ἀγελαίας,0,S
ἀγελαίην,0,S
ἀγελείη,0,S
ἀγελείην,0,S
ἀγελείης,0,S
ἀγερώχων,0,S
ἀγηγέραθ’,0,S
ἀγηγέραθ’,3,S
ἀγηγέρατ’,0,S
ἀγηγέρατ’,3,S
ἀγηνορίη,0,S
ἀγηνορίη,3,S
ἀγηνορίης,0,S
ἀγηνορίης,3,S
ἀγηνορίῃσιν,0,S
ἀγηνορίῃσιν,3,S
ἀγηνορίῃσιν,5,S
ἀγητοί,0,S
ἀγητός,0,S
ἀγητὸν,0,S
ἀγκαλίδεσσι,1,S
ἀγκαλίδεσσι,2,S
ἀγκαλίδεσσι,4,S
ἀγκλίνας,1,L
ἀγκοίνῃσιν,3,S
ἀγκυλομήτεω,1,S
ἀγκυλομήτης,1,S
ἀγκυλοτόξους,1,S
ἀγκυλοχεῖλαι,1,S
ἀγκυλότοξοι,1,S
ἀγκύλα,1,S
ἀγκύλα,2,S
ἀγκύλον,1,S
ἀγκὰς,1,S
ἀγκῶνα,2,S
ἀγλά’,1,S
ἀγλαΐης,1,S
ἀγλαΐης,2,S
ἀγλαϊεῖσθαι,1,S
ἀγλαϊεῖσθαι,2,S
ἀγλαὰ,1,S
ἀγλαὰ,2,S
ἀγλαὲ,1,S
ἀγλαὸν,1,S
ἀγλαὸς,1,S
ἀγνυμενάων,1,S
ἀγνυμενάων,3,L
ἀγξηράνῃ,2,L
ἀγοί,0,S
ἀγοίμεθα,0,S
ἀγοίμεθα,3,S
ἀγοράασθε,0,L
ἀγοράασθε,2,S
ἀγοράων,0,S
ἀγοράων,2,L
ἀγορέων,0,S
ἀγορήν,0,S
ἀγορήσατο,0,S
ἀγορήσατο,3,S
ἀγορευέμεν,0,S
ἀγορεύειν,0,S
ἀγορεύεις,0,S
ἀγορεύοις,0,S
ἀγορεύσατ’,0,S
ἀγορεύσατ’,3,S
ἀγορεύσω,0,S
ἀγορεύω,0,S
ἀγορεύων,0,S
ἀγορεῦσαι,0,S
ἀγορητής,0,S
ἀγορηταὶ,0,S
ἀγορητὴν,0,S
ἀγορὴ,0,S
ἀγορὴν,0,S
ἀγορῆθεν,0,S
ἀγορῇ,0,S
ἀγορῇσιν,0,S
ἀγοστῷ,0,S
ἀγοὶ,0,S
ἀγρίου,1,S
ἀγρομένοισιν,4,S
ἀγροτέροισι,4,S
ἀγροτεράων,3,L
ἀγυιάς,0,S
ἀγχέμαχοι,2,S
ἀγχίαλόν,1,S
ἀγχίαλόν,2,S
ἀγχίμολον,1,S
ἀγχίμολόν,1,S
ἀγχίσαο,1,L
ἀγχίσαο,2,L
ἀγχίσην,1,L
ἀγχίσης,1,L
ἀγχίσῃ,1,L
ἀγχεμάχοις,2,S
ἀγχιμαχηταί,1,S
ἀγχιμαχηταί,2,S
ἀγχιμαχηταὶ,1,S
ἀγχιμαχηταὶ,2,S
ἀγχιμόλοιο,1,S
ἀγχισιάδης,1,L
ἀγχισιάδης,2,S
ἀγχισιάδης,3,S
ἀγχόθι,2,S
ἀγόμην,0,S
ἀγόρευε,0,S
ἀγόρευεν,0,S
ἀγόρευον,0,S
ἀγόρευσε,0,S
ἀγόρευσεν,0,S
ἀγόρευ’,0,S
ἀγὸς,0,S
ἀγῶνα,0,S
ἀγῶνα,2,S
ἀγῶνι,0,S
ἀγῶνι,2,S
ἀγῶνος,0,S
ἀδάκρυτος,0,S
ἀδάκρυτος,2,L
ἀδάμαντα,0,S
ἀδάμαντα,1,S
ἀδάμαντα,3,S
ἀδάμαστος,0,S
ἀδάμαστος,1,S
ἀδήριτος,0,S
ἀδήριτος,2,L
ἀδαήμονές,0,S
ἀδαήμονές,1,S
ἀδαήμονι,0,S
ἀδαήμονι,1,S
ἀδαήμονι,4,S
ἀδειής,0,S
ἀδελφειοῦ,0,S
ἀδελφεοὶ,0,S
ἀδελφεόν,0,S
ἀδελφεός,0,S
ἀδελφεὸν,0,S
ἀδελφεὸς,0,S
ἀδεὲς,0,L
ἀδηκότες,0,L
ἀδρηστίνη,2,L
ἀδύτοιο,0,S
ἀδύτοιο,1,S
ἀδύτῳ,0,S
ἀδύτῳ,1,S
ἀείδοιεν,0,S
ἀείδοντες,0,S
ἀείδων,0,S
ἀείκιζεν,0,S
ἀείραι,0,S
ἀείραντες,0,S
ἀείρας,0,S
ἀεθλεύοιμεν,0,S
ἀεθλεύωσιν,0,S
ἀεθλεύωσιν,4,S
ἀεθλοφόροι,0,S
ἀεθλοφόρος,0,S
ἀεικέα,0,S
ἀεικέα,3,S
ἀεικές,0,S
ἀεικέσσι,0,S
ἀεικίζει,0,S
ἀεικίσσασθαι,0,S
ἀεικίσσωσι,0,S
ἀεικίσσωσι,4,S
ἀεικείην,0,S
ἀεικελίου,0,S
ἀεικελίου,3,S
ἀεικισσαίμεθ’,0,S
ἀεικιῶ,0,S
ἀεικιῶ,2,S
ἀεικὲς,0,S
ἀεικὴς,0,S
ἀειράμενος,0,S
ἀειράμενος,2,S
ἀειράσας,0,S
ἀειράσας,2,S
ἀειράσας,3,S
ἀειρέσθην,0,S
ἀειραμένη,0,S
ἀειραμένη,2,S
ἀειρομένη,0,S
ἀειρόμενον,0,S
ἀειρόμενος,0,S
ἀεκαζομένη,0,S
ἀελλόπος,0,S
ἀελλὴς,0,S
ἀελπτέοντες,0,S
ἀερσίποδες,0,S
ἀερσίποδες,2,S
ἀερσιπόδων,0,S
ἀερσιπόδων,2,S
ἀεσίφρων,0,S
ἀεὶ,0,S
ἀεῖραι,0,S
ἀζαλέας,1,S
ἀζαλέην,1,S
ἀζαλέοιο,1,S
ἀζεΐδαο,2,S
ἀζεΐδαο,3,L
ἀθάνατοί,0,L
ἀθάνατοί,1,S
ἀθάνατοί,2,S
ἀθάνατοι,0,L
ἀθάνατοι,1,S
ἀθάνατοι,2,S
ἀθάνατον,0,L
ἀθάνατον,1,S
ἀθάνατον,2,S
ἀθάνατος,0,L
ἀθάνατος,1,S
ἀθάνατος,2,S
ἀθέμιστος,0,S
ἀθέσφατον,0,S
ἀθέσφατον,2,S
ἀθήνας,0,S
ἀθήνας,2,L
ἀθήνη,0,S
ἀθήνην,0,S
ἀθήνης,0,S
ἀθήνῃ,0,S
ἀθήνῃς,0,S
ἀθανάτη,0,L
ἀθανάτη,1,S
ἀθανάτη,2,S
ἀθανάτην,0,L
ἀθανάτην,1,S
ἀθανάτην,2,S
ἀθανάτοιο,0,L
ἀθανάτοιο,1,S
ἀθανάτοιο,2,S
ἀθανάτοις,0,L
ἀθανάτοις,1,S
ἀθανάτοις,2,S
ἀθανάτοισι,0,L
ἀθανάτοισι,1,S
ἀθανάτοισι,2,S
ἀθανάτοισι,4,S
ἀθανάτοισιν,0,L
ἀθανάτοισιν,1,S
ἀθανάτοισιν,2,S
ἀθανάτοισιν,4,S
ἀθανάτους,0,L
ἀθανάτους,1,S
ἀθανάτους,2,S
ἀθανάτων,0,L
ἀθανάτων,1,S
ἀθανάτων,2,S
ἀθανάτῃς,0,L
ἀθανάτῃς,1,S
ἀθανάτῃς,2,S
ἀθανάτῃσι,0,L
ἀθανάτῃσι,1,S
ἀθανάτῃσι,2,S
ἀθανάτῃσι,4,S
ἀθηναίη,0,S
ἀθηναίην,0,S
ἀθηναίης,0,S
ἀθηναίων,0,S
ἀθηναίῃ,0,S
ἀθόω,0,S
ἀθύρματα,0,S
ἀθύρματα,2,S
ἀθύρματα,3,S
ἀθύρων,0,S
ἀθύρων,1,L
ἀιζηῶν,0,L
ἀκάκητα,0,S
ἀκάκητα,1,S
ἀκάκητα,3,S
ἀκάμαντα,0,S
ἀκάμαντα,1,S
ἀκάμαντα,3,S
ἀκάμαντι,0,S
ἀκάμαντι,1,S
ἀκάμαντι,3,S
ἀκάμαντ’,0,S
ἀκάμαντ’,1,S
ἀκάμας,0,S
ἀκάμας,1,S
ἀκάματον,0,L
ἀκάματον,1,S
ἀκάματον,2,S
ἀκάχησε,0,S
ἀκάχησε,1,S
ἀκάχησθαι,0,S
ἀκάχησθαι,1,S
ἀκάχοιτο,0,S
ἀκάχοιτο,1,S
ἀκέοντό,0,S
ἀκέουσα,0,S
ἀκέουσα,3,S
ἀκέσματ’,0,S
ἀκέσματ’,2,S
ἀκέων,0,S
ἀκήδεις,0,S
ἀκήδεσεν,0,S
ἀκήδεστοι,0,S
ἀκήρατον,0,S
ἀκήρατον,2,S
ἀκήρατος,0,S
ἀκήρατος,2,S
ἀκήριοι,0,S
ἀκήριοι,2,S
ἀκήριον,0,S
ἀκήριον,2,S
ἀκίχητα,0,S
ἀκίχητα,1,S
ἀκίχητα,3,S
ἀκαλαρρείταο,0,S
ἀκαλαρρείταο,1,S
ἀκαλαρρείταο,4,L
ἀκαχήμενον,0,S
ἀκαχήμενον,1,S
ἀκαχήμενος,0,S
ἀκαχήμενος,1,S
ἀκαχίζεο,0,S
ἀκαχίζεο,1,S
ἀκαχμένα,0,S
ἀκαχμένα,3,S
ἀκαχμένον,0,S
ἀκαχοίμεθα,0,S
ἀκαχοίμεθα,1,S
ἀκαχοίμεθα,4,S
ἀκειόμενοι,0,S
ἀκερσεκόμης,0,S
ἀκεσσαμενοῖο,0,S
ἀκεσσαμενοῖο,2,S
ἀκεσταί,0,S
ἀκεώμεθα,0,S
ἀκεώμεθα,4,S
ἀκηδέες,0,S
ἀκηδής,0,S
ἀκηχέδατ’,0,S
ἀκηχέδατ’,3,S
ἀκηχέμεναι,0,S
ἀκηχεμένη,0,S
ἀκοίτης,0,S
ἀκοντίζουσι,0,S
ἀκοντίζουσι,4,S
ἀκοντίσσαι,0,S
ἀκοντίσσαντος,0,S
ἀκοντισταὶ,0,S
ἀκοντιστὺν,0,S
ἀκοντιστὺν,3,L
ἀκορήτω,0,S
ἀκοστήσας,0,S
ἀκοστήσας,3,L
ἀκουάζεσθον,0,S
ἀκουέμεν,0,S
ἀκουή,0,S
ἀκούειν,0,S
ἀκούεις,0,S
ἀκούετε,0,S
ἀκούετο,0,S
ἀκούομεν,0,S
ἀκούοντες,0,S
ἀκούοντος,0,S
ἀκούουσαι,0,S
ἀκούσαι,0,S
ἀκούσαμεν,0,S
ἀκούσαμεν,2,S
ἀκούσαντες,0,S
ἀκούσας,0,S
ἀκούσεαι,0,S
ἀκούσειαν,0,S
ἀκούσονται,0,S
ἀκούσω,0,S
ἀκούσῃ,0,S
ἀκούω,0,S
ἀκούων,0,S
ἀκράαντον,1,L
ἀκρίδες,1,S
ἀκρισιώνης,1,S
ἀκρισιώνης,2,S
ἀκριτόμυθε,1,S
ἀκριτόμυθε,3,L
ἀκριτόφυλλον,1,S
ἀκροκελαινιόων,4,S
ἀκροπόλοισιν,4,S
ἀκροτάτας,2,S
ἀκροτάτη,2,S
ἀκροτάτης,2,S
ἀκροτάτῃ,2,S
ἀκροτάτῳ,2,S
ἀκρότατον,2,S
ἀκτάων,1,L
ἀκτίνεσσιν,1,L
ἀκτίνεσσιν,3,S
ἀκτορίδαο,2,S
ἀκτορίδαο,3,L
ἀκτορίωνε,2,S
ἀκτορίωνος,2,S
ἀκωκή,0,S
ἀκωκὴ,0,S
ἀκωκῆς,0,S
ἀκωκῇ,0,S
ἀκόντιζον,0,S
ἀκόντισε,0,S
ἀκόντισε,2,S
ἀκόντισεν,0,S
ἀκόντισεν,2,S
ἀκόντων,0,S
ἀκόρητοι,0,S
ἀκόρητον,0,S
ἀκόρητος,0,S
ἀκὴν,0,S
ἀλάλημαι,0,S
ἀλάλημαι,1,S
ἀλάλκοι,0,S
ἀλάλκοιεν,0,S
ἀλάπαξα,0,S
ἀλάπαξα,1,S
ἀλάπαξ’,0,S
ἀλάπαξ’,1,S
ἀλάστορά,0,S
ἀλάστορά,3,S
ἀλάστωρ,0,S
ἀλέαιτο,0,S
ἀλέασθαι,0,S
ἀλέγιζε,0,S
ἀλέγοντες,0,S
ἀλέγουσι,0,S
ἀλέγουσι,3,S
ἀλέγω,0,S
ἀλέεινε,0,S
ἀλέεινεν,0,S
ἀλέη,0,S
ἀλέντες,0,S
ἀλέντων,0,S
ἀλέξανδρον,0,S
ἀλέξανδρος,0,S
ἀλέξανδρός,0,S
ἀλέξασθαι,0,S
ἀλήμεναι,0,S
ἀλήσιον,0,S
ἀλήσιον,2,S
ἀλήϊον,0,S
ἀλήϊον,2,S
ἀλήϊος,0,S
ἀλήϊος,2,S
ἀλίαστον,0,S
ἀλίαστον,1,S
ἀλίγκιον,0,S
ἀλίγκιον,2,S
ἀλαλητὸς,0,S
ἀλαλητὸς,1,S
ἀλαλητῷ,0,S
ἀλαλητῷ,1,S
ἀλαλκέμεναι,0,S
ἀλαλκεῖν,0,S
ἀλαλκομενηῒς,0,S
ἀλαλκομενηῒς,5,S
ἀλαλκών,0,S
ἀλαλύκτημαι,0,S
ἀλαλύκτημαι,1,S
ἀλαοσκοπιὴν,0,S
ἀλαοσκοπιὴν,1,S
ἀλαοσκοπιὴν,4,S
ἀλαπάζει,0,S
ἀλαπάζει,1,S
ἀλαπάζοντα,0,S
ἀλαπάζοντα,1,S
ἀλαπάξαι,0,S
ἀλαπάξαι,1,S
ἀλαπάξεις,0,S
ἀλαπάξεις,1,S
ἀλαπαδναὶ,0,S
ἀλαπαδναὶ,1,S
ἀλαπαδνόν,0,S
ἀλαπαδνόν,1,S
ἀλαπαδνότεροι,0,S
ἀλαπαδνότεροι,1,S
ἀλαπαδνὸς,0,S
ἀλαπαδνὸς,1,S
ἀλαπαζομένην,0,S
ἀλαπαζομένην,1,S
ἀλαστήσας,0,S
ἀλαστήσας,3,L
ἀλγήσας,2,L
ἀλείς,0,S
ἀλείτην,0,S
ἀλείφατος,0,S
ἀλείφατος,2,S
ἀλείψατο,0,S
ἀλείψατο,2,S
ἀλεγίζει,0,S
ἀλεγίζεις,0,S
ἀλεγίζω,0,S
ἀλεγεινά,0,S
ἀλεγεινά,3,S
ἀλεγεινή,0,S
ἀλεγεινήν,0,S
ἀλεγεινὰ,0,S
ἀλεγεινὰ,3,S
ἀλεγεινὸς,0,S
ἀλεγεινῆς,0,S
ἀλεγεινῇ,0,S
ἀλεγηνορίδαο,0,S
ἀλεγηνορίδαο,4,S
ἀλεγηνορίδαο,5,L
ἀλεείνει,0,S
ἀλεείνεις,0,S
ἀλεείνοντες,0,S
ἀλεείνων,0,S
ἀλειψαμένη,0,S
ἀλειψαμένη,2,S
ἀλειψαμένω,0,S
ἀλειψαμένω,2,S
ἀλεκτρυόνος,0,S
ἀλεκτρυόνος,2,S
ἀλεξάνδροιο,0,S
ἀλεξάνδρου,0,S
ἀλεξάνδρῳ,0,S
ἀλεξέμεν,0,S
ἀλεξέμεναι,0,S
ἀλεξήσειν,0,S
ἀλεξήσεις,0,S
ἀλεξήσοντα,0,S
ἀλεξήσοντα,4,S
ἀλεξίκακος,0,S
ἀλεξίκακος,2,S
ἀλεξίκακος,3,S
ἀλεξητῆρα,0,S
ἀλεξητῆρα,4,S
ἀλεξώμεσθα,0,S
ἀλεξώμεσθα,4,S
ἀλευάμενον,0,S
ἀλευάμενον,2,S
ἀλευάμενος,0,S
ἀλευάμενος,2,S
ἀλεωρήν,0,S
ἀλεωρῆς,0,S
ἀλεύατο,0,S
ἀλεύατο,2,S
ἀλεώμεθα,0,S
ἀλεώμεθα,4,S
ἀλεὶς,0,S
ἀληθέα,0,S
ἀληθέα,3,S
ἀληθής,0,S
ἀληθείην,0,S
ἀλησίου,0,S
ἀλησίου,2,S
ἀλιτήμων,0,S
ἀλιτήμων,1,S
ἀλιτρός,0,S
ἀλκάθοον,1,S
ἀλκάθοος,1,S
ἀλκίμεδον,1,S
ἀλκαθόῳ,1,S
ἀλκιμέδων,1,S
ἀλκμάονα,1,L
ἀλκμάονα,3,S
ἀλκτῆρα,2,S
ἀλκυόνην,1,S
ἀλκυόνος,1,S
ἀλκὶ,1,S
ἀλλά,1,S
ἀλλήλας,2,L
ἀλλήλοισί,3,S
ἀλλήλοισι,3,S
ἀλλήλοισιν,3,S
ἀλλήλῃσι,3,S
ἀλλοδαποὺς,2,S
ἀλλοδαποῖσι,2,S
ἀλλοδαποῖσι,4,S
ἀλλοδαπός,2,S
ἀλλοτρίων,2,S
ἀλλότριος,2,S
ἀλλὰ,1,S
ἀλοία,0,S
ἀλογήσει,0,S
ἀλογήσεις,0,S
ἀλοιφῇ,0,S
ἀλυσκάζοντι,0,S
ἀλυσκάζοντι,4,S
ἀλυσκάζω,0,S
ἀλφεσίβοιαι,2,S
ἀλωάων,0,S
ἀλωάων,2,L
ἀλωήν,0,S
ἀλωμένη,0,S
ἀλωὰς,0,S
ἀλωὴν,0,S
ἀλωῆος,0,S
ἀλωῆς,0,S
ἀλωῇ,0,S
ἀλόχοιο,0,S
ἀλόχοισι,0,S
ἀλόχοισι,3,S
ἀλόχοισιν,0,S
ἀλόχου,0,S
ἀλόχους,0,S
ἀλόχων,0,S
ἀλόχῳ,0,S
ἀλύβης,0,S
ἀλύβης,1,S
ἀλύξαι,0,S
ἀλύξας,0,S
ἀλύξειν,0,S
ἀλύξῃ,0,S
ἀλύσσοντες,0,S
ἀλύτους,0,S
ἀλύτους,1,S
ἀλύων,0,S
ἀλύων,1,S
ἀλώμενος,0,S
ἀλὲν,0,S
ἀλᾶσθε,0,S
ἀλᾶτο,0,S
ἀλᾶτο,1,L
ἀλῆναι,0,S
ἀμάξῃσιν,0,S
ἀμάρης,0,S
ἀμάρης,1,S
ἀμέλησε,0,S
ἀμέλησεν,0,S
ἀμέρσαι,0,S
ἀμήσαντες,0,L
ἀμήχανα,0,S
ἀμήχανα,2,S
ἀμήχανα,3,S
ἀμήχανε,0,S
ἀμήχανε,2,S
ἀμήχανον,0,S
ἀμήχανον,2,S
ἀμήχανος,0,S
ἀμήχανος,2,S
ἀμήχανός,0,S
ἀμήχανός,2,S
ἀμαζόνας,0,S
ἀμαζόνας,3,S
ἀμαζόνες,0,S
ἀμαθύνει,0,S
ἀμαθύνει,1,S
ἀμαθύνει,2,L
ἀμαιμακέτην,0,S
ἀμαιμακέτην,2,S
ἀμαλδύνας,0,S
ἀμαλδύνας,2,L
ἀμαλδύνηται,0,S
ἀμαλδύνηται,2,L
ἀμαλδῦναι,0,S
ἀμαλδῦναι,2,L
ἀμαλλοδετῆρες,0,S
ἀμαλὴν,0,S
ἀμαλὴν,1,S
ἀμαξάων,0,S
ἀμαξάων,2,L
ἀμαξιτὸν,0,S
ἀμαξιτὸν,2,S
ἀμαρυγκέα,0,S
ἀμαρυγκέα,1,S
ἀμαρυγκέα,4,S
ἀμαρυγκείδην,0,S
ἀμαρυγκείδην,1,S
ἀμβαλλώμεθα,4,S
ἀμβατός,1,S
ἀμβολάδην,2,S
ἀμβροσίη,2,S
ἀμβροσίην,2,S
ἀμβροσίου,2,S
ἀμβροσίους,2,S
ἀμβροσίῃ,2,S
ἀμβροσίῃσι,2,S
ἀμβροσίῃσι,4,S
ἀμβροσίῳ,2,S
ἀμβρόσια,2,S
ἀμβρόσιαι,2,S
ἀμβρόσιον,2,S
ἀμβρόσιος,2,S
ἀμείβεσθον,0,S
ἀμείβεται,0,S
ἀμείβετο,0,S
ἀμείβοντες,0,S
ἀμείβων,0,S
ἀμείλικτον,0,S
ἀμείλιχον,0,S
ἀμείλιχον,2,S
ἀμείλιχος,0,S
ἀμείλιχος,2,S
ἀμείνονα,0,S
ἀμείνονα,3,S
ἀμείνονας,0,S
ἀμείνονας,3,S
ἀμείνονες,0,S
ἀμείνονι,0,S
ἀμείνονι,3,S
ἀμείνονος,0,S
ἀμείνω,0,S
ἀμείνων,0,S
ἀμείψασθαι,0,S
ἀμείψατο,0,S
ἀμείψατο,2,S
ἀμείψεται,0,S
ἀμειβόμεναι,0,S
ἀμειβόμενοι,0,S
ἀμειβόμενος,0,S
ἀμειλίχου,0,S
ἀμειλίχου,2,S
ἀμελγόμεναι,0,S
ἀμενήνωσεν,0,S
ἀμενηνὸς,0,S
ἀμερθῇς,0,S
ἀμετροεπὴς,0,S
ἀμισωδάρου,0,S
ἀμισωδάρου,1,S
ἀμισωδάρου,3,S
ἀμιτροχίτωνας,0,S
ἀμιτροχίτωνας,3,S
ἀμιτροχίτωνας,5,S
ἀμιχθαλόεσσαν,0,S
ἀμιχθαλόεσσαν,2,S
ἀμογητὶ,0,S
ἀμογητὶ,3,S
ἀμοιβηδὶς,0,S
ἀμοιβοὶ,0,S
ἀμολγῷ,0,S
ἀμοπάονα,0,S
ἀμοπάονα,2,L
ἀμοπάονα,4,S
ἀμπεπαλὼν,2,S
ἀμυδῶνος,0,S
ἀμυδῶνος,1,S
ἀμυνέμεν,0,S
ἀμυνέμεν,1,L
ἀμυνέμεναι,0,S
ἀμυνέμεναι,1,L
ἀμυνομένων,0,S
ἀμυνομένων,1,L
ἀμυνομένῳ,0,S
ἀμυνομένῳ,1,L
ἀμυνόμενοι,0,S
ἀμυνόμενοι,1,L
ἀμυνόμενον,0,S
ἀμυνόμενον,1,L
ἀμυνόμενος,0,S
ἀμυνόμενος,1,L
ἀμφέχανε,2,S
ἀμφέχυτ’,2,S
ἀμφί,1,S
ἀμφίζανε,2,S
ἀμφίθετος,1,S
ἀμφίμαχον,1,S
ἀμφίμαχον,2,S
ἀμφίμαχος,1,S
ἀμφίμαχος,2,S
ἀμφίμαχός,1,S
ἀμφίμαχός,2,S
ἀμφίπολοι,1,S
ἀμφίπολον,1,S
ἀμφίπολος,1,S
ἀμφίφαλον,1,S
ἀμφίφαλον,2,S
ἀμφίχυτον,1,S
ἀμφίχυτον,2,S
ἀμφίων,1,L
ἀμφαγέροντο,1,S
ἀμφαγαπαζόμενος,1,S
ἀμφαγαπαζόμενος,2,S
ἀμφαδίην,1,S
ἀμφαδίην,2,S
ἀμφαδόν,1,S
ἀμφασίη,1,S
ἀμφασίη,2,S
ἀμφαφάασθαι,1,S
ἀμφαφάασθαι,2,S
ἀμφεκάλυψε,2,S
ἀμφεκάλυψεν,2,S
ἀμφεμάχοντο,2,S
ἀμφεστρατόωντο,2,S
ἀμφηρεφέα,4,L
ἀμφιέλισσαι,1,S
ἀμφιέποντες,1,S
ἀμφιαχυῖαν,1,S
ἀμφιαχυῖαν,2,S
ἀμφιβέβηκας,1,S
ἀμφιβέβηκε,1,S
ἀμφιβέβηκεν,1,S
ἀμφιβαλόντε,1,S
ἀμφιβαλόντε,2,S
ἀμφιβαλόντες,1,S
ἀμφιβαλόντες,2,S
ἀμφιβεβήκει,1,S
ἀμφιβρότην,1,S
ἀμφιβρότης,1,S
ἀμφιγένειαν,1,S
ἀμφιγένειαν,4,S
ἀμφιγυήεις,1,S
ἀμφιγυήεις,2,S
ἀμφιγύοις,1,S
ἀμφιγύοις,2,S
ἀμφιγύοισι,1,S
ἀμφιγύοισι,2,S
ἀμφιγύοισιν,1,S
ἀμφιγύοισιν,2,S
ἀμφιδάμαντι,1,S
ἀμφιδάμαντι,2,S
ἀμφιδάμαντος,1,S
ἀμφιδάμαντος,2,S
ἀμφιδάμας,1,S
ἀμφιδάμας,2,S
ἀμφιδάσειαν,1,S
ἀμφιδάσειαν,2,S
ἀμφιδάσειαν,4,S
ἀμφιδέδηε,1,S
ἀμφιδεδίνηται,1,S
ἀμφιδεδίνηται,3,L
ἀμφιδρυφὴς,1,S
ἀμφιδρυφὴς,2,S
ἀμφιελίσσας,1,S
ἀμφιθαλὴς,1,S
ἀμφιθαλὴς,2,S
ἀμφιθόη,1,S
ἀμφικαλύπτει,1,S
ἀμφικαλύπτει,2,S
ἀμφικαλύπτοι,1,S
ἀμφικαλύπτοι,2,S
ἀμφικαλύψω,1,S
ἀμφικαλύψω,2,S
ἀμφικόμῳ,1,S
ἀμφικύπελλον,1,S
ἀμφικύπελλον,2,S
ἀμφιμάχεσθαι,1,S
ἀμφιμάχεσθαι,2,S
ἀμφιμάχοιο,1,S
ἀμφιμάχοιο,2,S
ἀμφιμάχονται,1,S
ἀμφιμάχονται,2,S
ἀμφιμάχωμαι,1,S
ἀμφιμάχωμαι,2,S
ἀμφιμάχωνται,1,S
ἀμφιμάχωνται,2,S
ἀμφιμέλαιναι,1,S
ἀμφινέμονται,1,S
ἀμφινόμη,1,S
ἀμφιπένονται,1,S
ἀμφιπόλοισι,1,S
ἀμφιπόλοισι,4,S
ἀμφιπόλους,1,S
ἀμφιπόλῳ,1,S
ἀμφιτεθεῖσα,1,S
ἀμφιτρύωνος,1,S
ἀμφιτρύωνος,2,S
ἀμφιφορεύς,1,S
ἀμφιφορῆας,1,S
ἀμφιχυθείς,1,S
ἀμφιχυθείς,2,S
ἀμφιχυθῆναι,1,S
ἀμφιχυθῆναι,2,S
ἀμφοτέρας,3,L
ἀμφοτέροισι,4,S
ἀμφοτέροισιν,4,S
ἀμφοτέρῃσι,4,S
ἀμφοτέρῃσιν,4,S
ἀμφὶ,1,S
ἀμφὶς,1,S
ἀμωμήτοιο,0,S
ἀμύκλας,0,S
ἀμύκλας,2,L
ἀμύμονά,0,S
ἀμύμονά,1,L
ἀμύμονά,3,S
ἀμύμονα,0,S
ἀμύμονα,1,L
ἀμύμονα,3,S
ἀμύμονας,0,S
ἀμύμονας,1,L
ἀμύμονας,3,S
ἀμύμονες,0,S
ἀμύμονες,1,L
ἀμύμονι,0,S
ἀμύμονι,1,L
ἀμύμονι,3,S
ἀμύμονος,0,S
ἀμύμονος,1,L
ἀμύμων,0,S
ἀμύμων,1,L
ἀμύναι,0,S
ἀμύναι,1,L
ἀμύνει,0,S
ἀμύνει,1,L
ἀμύνειν,0,S
ἀμύνειν,1,L
ἀμύνεις,0,S
ἀμύνεις,1,L
ἀμύνεσθαι,0,S
ἀμύνεσθαι,1,L
ἀμύνετε,0,S
ἀμύνετε,1,L
ἀμύνετο,0,S
ἀμύνετο,1,L
ἀμύνονται,0,S
ἀμύνονται,1,L
ἀμύνουσιν,0,S
ἀμύνουσιν,1,L
ἀμύντορος,0,S
ἀμύντωρ,0,S
ἀμύνω,0,S
ἀμύνω,1,L
ἀμύνων,0,S
ἀμύνων,1,L
ἀμύνῃς,0,S
ἀμύνῃς,1,L
ἀμύξεις,0,S
ἀμῦναι,0,S
ἀμῦναι,1,L
ἀνά,0,S
ἀνά,1,S
ἀνάβλησις,0,S
ἀνάγκη,0,S
ἀνάγκῃ,0,S
ἀνάγοντες,0,S
ἀνάγοντες,1,S
ἀνάγοντο,0,S
ἀνάγοντο,1,S
ἀνάγουσι,0,S
ἀνάγουσι,1,S
ἀνάεδνον,0,S
ἀνάεδνον,1,S
ἀνάειρε,0,S
ἀνάειρε,1,S
ἀνάκτων,0,S
ἀνάλκιδα,0,S
ἀνάλκιδα,2,S
ἀνάλκιδα,3,S
ἀνάλκιδας,0,S
ἀνάλκιδας,2,S
ἀνάλκιδας,3,S
ἀνάλκιδες,0,S
ἀνάλκιδες,2,S
ἀνάλκιδος,0,S
ἀνάλκιδος,2,S
ἀνάξει,0,S
ἀνάξειν,0,S
ἀνάποινον,0,S
ἀνάποινον,1,S
ἀνάρσιοι,0,S
ἀνάρσιοι,2,S
ἀνάσσει,0,S
ἀνάσσειν,0,S
ἀνάσσεις,0,S
ἀνάσσης,0,S
ἀνάσσων,0,S
ἀνάσχεο,0,S
ἀνέγειρε,0,S
ἀνέγνω,0,S
ἀνέδρακεν,0,S
ἀνέδρακεν,2,S
ἀνέδραμε,0,S
ἀνέδραμε,2,S
ἀνέδραμεν,0,S
ἀνέδραμεν,2,S
ἀνέδραμον,0,S
ἀνέδραμον,2,S
ἀνέεργε,0,S
ἀνέεργον,0,S
ἀνέηκεν,0,S
ἀνέληται,0,S
ἀνέλκει,0,S
ἀνέλοντο,0,S
ἀνέμιμνε,0,S
ἀνέμιμνον,0,S
ἀνέμοιο,0,S
ἀνέμοισι,0,S
ἀνέμοισι,3,S
ἀνέμοισιν,0,S
ἀνέμου,0,S
ἀνέμων,0,S
ἀνέμῳ,0,S
ἀνένευε,0,S
ἀνέντες,0,S
ἀνέξομαι,0,S
ἀνέπαλτ’,0,S
ἀνέπαυσεν,0,S
ἀνέπνεον,0,S
ἀνέπνευσαν,0,S
ἀνέρα,0,L
ἀνέρα,2,S
ἀνέρας,0,L
ἀνέρας,2,S
ἀνέρε,0,L
ἀνέρες,0,L
ἀνέρι,0,L
ἀνέρι,2,S
ἀνέρος,0,L
ἀνέσαιμι,0,S
ἀνέσαιμι,3,S
ἀνέσσυτο,0,S
ἀνέσσυτο,2,S
ἀνέσταν,0,S
ἀνέστη,0,S
ἀνέστησεν,0,S
ἀνέστιός,0,S
ἀνέστιός,2,S
ἀνέσχε,0,S
ἀνέσχεθε,0,S
ἀνέσχετο,0,S
ἀνέσχον,0,S
ἀνέτειλε,0,S
ἀνέχοιτο,0,S
ἀνέψυχθεν,0,S
ἀνέψυχον,0,S
ἀνέψυχον,2,L
ἀνέῳγε,0,S
ἀνέῳγεν,0,S
ἀνήγαγεν,0,S
ἀνήγαγεν,2,S
ἀνήγαγον,0,S
ἀνήγαγον,2,S
ἀνήη,0,S
ἀνήκεστον,0,S
ἀνήκεστος,0,S
ἀνήνασθαι,0,S
ἀνήνατο,0,S
ἀνήνατο,2,S
ἀνήνοθεν,0,S
ἀνήρ,0,S
ἀνήρπασε,0,S
ἀνήρπασε,2,S
ἀνήσει,0,S
ἀνήϊξαν,0,S
ἀνήῃ,0,S
ἀνίει,0,S
ἀνίει,1,L
ἀνίστατο,0,S
ἀνίστατο,2,S
ἀνίστη,0,S
ἀνίσχοντες,0,S
ἀναΐξαντες,0,S
ἀναΐξαντες,1,L
ἀναΐξαντ’,0,S
ἀναΐξαντ’,1,L
ἀναΐξας,0,S
ἀναΐξας,1,L
ἀναΐξας,3,L
ἀναΐξειαν,0,S
ἀναΐξειαν,1,L
ἀναΐξειαν,4,S
ἀναΐξειεν,0,S
ἀναΐξειεν,1,L
ἀναΐσσουσι,0,S
ἀναΐσσουσι,1,L
ἀναΐσσουσι,4,S
ἀναίμονές,0,S
ἀναίνετο,0,S
ἀναίνομαι,0,S
ἀναίτιον,0,S
ἀναίτιον,2,S
ἀναίτιος,0,S
ἀναίτιος,2,S
ἀναβάντες,0,S
ἀναβάντες,1,S
ἀναβάς,0,S
ἀναβάς,1,S
ἀναβέβροχεν,0,S
ἀναβέβροχεν,1,S
ἀναβὰς,0,S
ἀναβὰς,1,S
ἀναγκαίη,0,S
ἀναγκαίηφι,0,S
ἀναγκαίηφι,4,S
ἀναγκαίῃ,0,S
ἀναγκαῖον,0,S
ἀναδέσμην,0,S
ἀναδέσμην,1,S
ἀναδῦναι,0,S
ἀναδῦναι,1,S
ἀναδῦναι,2,L
ἀναθήσει,0,S
ἀναθήσει,1,S
ἀναθηλήσει,0,S
ἀναθηλήσει,1,S
ἀναιδέα,0,S
ἀναιδέα,3,S
ἀναιδέος,0,S
ἀναιδείην,0,S
ἀναιδὲς,0,S
ἀναιδὴς,0,S
ἀναιμωτί,0,S
ἀναιμωτί,3,L
ἀνακηκίει,0,S
ἀνακηκίει,1,S
ἀνακηκίει,3,S
ἀνακλῖναι,0,S
ἀνακλῖναι,2,L
ἀναλκείῃσι,0,S
ἀναλκείῃσι,4,S
ἀναπάλλεται,0,S
ἀναπάλλεται,1,S
ἀναπεπταμένας,0,S
ἀναπεπταμένας,1,S
ἀναπεπταμένας,3,S
ἀναπεπταμένας,5,L
ἀναπλήσαντες,0,S
ἀναπλήσας,0,S
ἀναπλήσῃς,0,S
ἀναπλεύσεσθαι,0,S
ἀναπνεύσειε,0,S
ἀναπνεύσωσι,0,S
ἀναπνεύσωσι,4,S
ἀναπνεύσωσιν,0,S
ἀναπνεύσωσιν,4,S
ἀναπρήσας,0,S
ἀναρπάξας,0,S
ἀναρρήξαντε,0,S
ἀναρρήξας,0,S
ἀναρρήξειε,0,S
ἀνασσέμεν,0,S
ἀναστάς,0,S
ἀναστήσας,0,S
ἀναστήσας,3,L
ἀναστήσειεν,0,S
ἀναστήσονται,0,S
ἀναστήσουσιν,0,S
ἀναστήσουσιν,4,S
ἀνασταδόν,0,S
ἀνασταδόν,2,S
ἀναστενάχουσιν,0,S
ἀναστενάχουσιν,3,S
ἀναστενάχουσιν,5,S
ἀναστὰς,0,S
ἀνασχέμεν,0,S
ἀνασχέσθαι,0,S
ἀνασχεῖν,0,S
ἀνασχομένω,0,S
ἀνασχόμενοι,0,S
ἀνασχόμενος,0,S
ἀνασχών,0,S
ἀνασχὼν,0,S
ἀναφαίνεις,0,S
ἀναφαίνεις,1,S
ἀναφαίνεται,0,S
ἀναφαίνεται,1,S
ἀναφαίνων,0,S
ἀναφαίνων,1,S
ἀναχαζόμενον,0,S
ἀναχαζόμενον,1,S
ἀναχασσάμενος,0,S
ἀναχασσάμενος,1,S
ἀναχασσάμενος,3,S
ἀναχωρήσαντα,0,S
ἀναχωρήσαντα,1,S
ἀναχωρήσαντα,5,S
ἀναχωρήσας,0,S
ἀναχωρήσας,1,S
ἀναχωρήσας,4,L
ἀναχωρήσουσιν,0,S
ἀναχωρήσουσιν,1,S
ἀναχωρήσουσιν,5,S
ἀναχωρείτω,0,S
ἀναχωρείτω,1,S
ἀναχωρῆσαι,0,S
ἀναχωρῆσαι,1,S
ἀναψύχοντα,0,S
ἀναψύχοντα,2,L
ἀναψύχοντα,4,S
ἀνδράγρι’,2,S
ἀνδράσι,1,S
ἀνδράσι,2,S
ἀνδράσιν,1,S
ἀνδράσιν,2,S
ἀνδραιμονίδης,3,S
ἀνδροκτασίης,2,S
ἀνδροκτασίης,3,S
ἀνδροκτασιάων,2,S
ἀνδροκτασιάων,3,S
ἀνδροκτασιάων,4,L
ἀνδρομάχη,2,S
ἀνδρομάχην,2,S
ἀνδροτῆτά,0,S
ἀνδροτῆτά,3,S
ἀνδροτῆτα,0,S
ἀνδροτῆτα,3,S
ἀνδρὶ,1,S
ἀνδύεται,1,S
ἀνείλετο,0,S
ἀνείρετο,0,S
ἀνεγνάμφθη,0,S
ἀνεκτά,0,S
ἀνεκτός,0,S
ἀνεκτῶς,0,S
ἀνελέσθαι,0,S
ἀνελόντες,0,S
ἀνελὼν,0,S
ἀνεμοτρεφές,0,S
ἀνεμοτρεφὲς,0,S
ἀνεμώλια,0,S
ἀνεμώλια,3,S
ἀνεμώλια,4,S
ἀνεμώλιοι,0,S
ἀνεμώλιοι,3,S
ἀνεμώλιον,0,S
ἀνεμώλιον,3,S
ἀνενείκατο,0,S
ἀνενείκατο,3,S
ἀνεπᾶλτο,0,S
ἀνερχομένῳ,0,S
ἀνεσπάσατ’,0,S
ἀνεσπάσατ’,2,S
ἀνεσπάσατ’,3,S
ἀνεστενάχιζ’,0,S
ἀνεστενάχιζ’,3,S
ἀνεστενάχοντο,0,S
ἀνεστενάχοντο,3,S
ἀνεχάζεθ’,0,S
ἀνεχάζετο,0,S
ἀνεψιοὶ,0,S
ἀνεψιοὶ,2,S
ἀνεψιοῦ,0,S
ἀνεψιοῦ,2,L
ἀνεψιὸν,0,S
ἀνεψιὸν,2,S
ἀνηκούστησεν,0,S
ἀνηρείψαντο,0,S
ἀνθεμίδην,2,S
ἀνθεμίωνος,2,S
ἀνθερίκων,2,S
ἀνθερεῶνα,4,S
ἀνθηδόνα,3,S
ἀνθρακιὴν,1,S
ἀνθρακιὴν,2,S
ἀνθρώποισι,3,S
ἀνθρώποισιν,3,S
ἀνιάζει,0,S
ἀνιάζει,1,S
ἀνιάζων,0,S
ἀνιάζων,1,L
ἀνιδρωτί,0,S
ἀνιδρωτί,3,L
ἀνιεμένη,0,S
ἀνιεμένη,1,L
ἀνιεῖς,0,S
ἀνιεῖς,1,S
ἀνιεῖσα,0,S
ἀνιεῖσα,1,S
ἀνιηθέντα,0,S
ἀνιηθέντα,1,L
ἀνιηθέντα,4,S
ἀνιοῦσ’,0,S
ἀνιοῦσ’,1,S
ἀνιπτόποδες,0,S
ἀνιόντα,0,S
ἀνιόντα,1,S
ἀνιόντα,3,S
ἀνιόντες,0,L
ἀνιόντες,1,L
ἀνιόντι,0,S
ἀνιόντι,1,S
ἀνιόντος,0,S
ἀνιόντος,1,S
ἀνολέθρους,0,S
ἀνορούσας,0,S
ἀνουτητί,0,S
ἀνουτητί,3,L
ἀνούτατος,0,S
ἀνούτατος,2,S
ἀνστήσασ’,2,L
ἀνστὰς,1,L
ἀνστᾶσα,1,L
ἀνστᾶσα,2,S
ἀντάξιον,2,S
ἀντάξιος,2,S
ἀντί,1,S
ἀντία,1,S
ἀντία,2,S
ἀντίβιον,1,S
ἀντίβιον,2,S
ἀντίθεον,1,S
ἀντίθεος,1,S
ἀντίθεόν,1,S
ἀντίλοχε,1,S
ἀντίλοχον,1,S
ἀντίλοχος,1,S
ἀντίλοχός,1,S
ἀντίλοχ’,1,S
ἀντίοι,1,S
ἀντίον,1,S
ἀντίος,1,S
ἀντί’,1,S
ἀντηνορίδαο,3,S
ἀντηνορίδαο,4,L
ἀντηνορίδης,3,S
ἀντηνορίδῃ,3,S
ἀντιάαν,1,S
ἀντιάαν,2,S
ἀντιάνειραι,1,S
ἀντιάνειραι,2,S
ἀντιάσαιμεν,1,S
ἀντιάσαιμεν,2,S
ἀντιάσαντα,1,S
ἀντιάσαντα,2,S
ἀντιάσαντες,1,S
ἀντιάσαντες,2,S
ἀντιάσας,1,S
ἀντιάσας,2,S
ἀντιάσας,3,L
ἀντιάσειε,1,S
ἀντιάσειε,2,S
ἀντιάσητον,1,S
ἀντιάσητον,2,S
ἀντιανείρας,1,S
ἀντιανείρας,2,S
ἀντιβίην,1,S
ἀντιβίην,2,S
ἀντιβίοις,1,S
ἀντιβίοις,2,S
ἀντιβολήσας,1,S
ἀντιβολῆσαι,1,S
ἀντιθέοιο,1,S
ἀντιθέοισι,1,S
ἀντιθέοισι,4,S
ἀντιθέῳ,1,S
ἀντικρύ,2,L
ἀντικρὺ,2,L
ἀντιλόχοιο,1,S
ἀντιλόχου,1,S
ἀντιλόχῳ,1,S
ἀντιμάχοιο,1,S
ἀντιμάχοιο,2,S
ἀντιοώντων,1,S
ἀντιπέραι’,1,S
ἀντιτορήσας,1,S
ἀντιφάτην,1,S
ἀντιφάτην,2,S
ἀντιφέρεσθαι,1,S
ἀντιφερίζειν,1,S
ἀντιφερίζεις,1,S
ἀντιόω,1,S
ἀντιόωντες,1,S
ἀντιόωσα,1,S
ἀντιόωσαν,1,S
ἀντιόωσι,1,S
ἀντιόωσιν,1,S
ἀντὶ,1,S
ἀνωγέμεν,0,S
ἀνόρουσε,0,S
ἀνόρουσεν,0,S
ἀνύω,0,S
ἀνύω,1,S
ἀνώγει,0,S
ἀνώγειν,0,S
ἀνώγετον,0,S
ἀνώγοι,0,S
ἀνώγοιμι,0,S
ἀνώγῃ,0,S
ἀνώξομεν,0,S
ἀνώχθω,0,S
ἀνώϊστον,0,S
ἀνὰ,0,S
ἀνὰ,1,S
ἀνὴρ,0,S
ἀνῆγες,0,S
ἀνῆκας,0,S
ἀνῆκε,0,S
ἀνῆκεν,0,S
ἀνῷγεν,0,S
ἀν’,0,S
ἀξίνην,1,L
ἀξίνῃσι,1,L
ἀξίνῃσι,3,S
ἀξιοῦ,1,S
ἀξύλῳ,1,S
ἀοίδιμοι,0,S
ἀοίδιμοι,2,S
ἀοιδήν,0,S
ἀοιδοὺς,0,S
ἀοιδὴν,0,S
ἀοιδῆς,0,S
ἀολλέας,0,S
ἀολλέας,3,S
ἀολλέες,0,S
ἀολλίσθησαν,0,S
ἀολλίσθησαν,4,S
ἀολλίσσασα,0,S
ἀολλίσσασα,3,L
ἀολλίσσασα,4,S
ἀολλισθήμεναι,0,S
ἀορτήρεσσιν,0,S
ἀορτήρεσσιν,4,S
ἀοσσητὴρ,0,S
ἀοσσητῆρα,0,S
ἀοσσητῆρα,4,S
ἀοσσητῆρας,0,S
ἀοσσητῆρας,4,S
ἀπάλαμνος,0,S
ἀπάλαμνος,1,S
ἀπάνευθε,0,S
ἀπάνευθε,1,S
ἀπάνευθεν,0,S
ἀπάνευθεν,1,S
ἀπάνευθ’,0,S
ἀπάνευθ’,1,S
ἀπάξειν,0,S
ἀπάτερθε,0,S
ἀπάτερθε,1,S
ἀπάτην,0,S
ἀπάτην,1,S
ἀπάτης,0,S
ἀπάτης,1,S
ἀπάτησεν,0,S
ἀπάτησεν,1,S
ἀπέβη,0,S
ἀπέδυσε,0,S
ἀπέδυσε,2,L
ἀπέδωκε,0,S
ἀπέδωχ’,0,S
ἀπέειπε,0,S
ἀπέειπεν,0,S
ἀπέεργεν,0,S
ἀπέην,0,S
ἀπέκοψε,0,S
ἀπέκρυψεν,0,S
ἀπέκτανε,0,S
ἀπέκτανε,2,S
ἀπέκτατο,0,S
ἀπέκτατο,2,S
ἀπέκτεινεν,0,S
ἀπέλαμπεν,0,S
ἀπέλαμπ’,0,S
ἀπέλεθρον,0,S
ἀπέληγε,0,S
ἀπέλυσας,0,S
ἀπέλυσας,2,L
ἀπέλυσε,0,S
ἀπέλυσε,2,L
ἀπέλυσεν,0,S
ἀπέλυσεν,2,L
ἀπέμεσσεν,0,S
ἀπένεικας,0,S
ἀπέπαυσαν,0,S
ἀπέπαυσε,0,S
ἀπέπεμπεν,0,S
ἀπέσσεσθαι,0,S
ἀπέσσυτο,0,S
ἀπέσσυτο,2,S
ἀπέστη,0,S
ἀπέταμνε,0,S
ἀπέτισαν,0,S
ἀπέτισαν,2,L
ἀπέτραπε,0,S
ἀπέτραπε,2,S
ἀπέχθηαι,0,S
ἀπέχθωνται,0,S
ἀπέχονται,0,S
ἀπήγαγε,0,S
ἀπήγαγε,2,S
ἀπήμβροτε,0,S
ἀπήμβροτεν,0,S
ἀπήμονά,0,S
ἀπήμονά,3,S
ἀπήμονας,0,S
ἀπήμονας,3,S
ἀπήμονες,0,S
ἀπήμυνεν,0,S
ἀπήμυνεν,2,L
ἀπήμων,0,S
ἀπήνην,0,S
ἀπήνης,0,S
ἀπήνῃ,0,S
ἀπήραξεν,0,S
ἀπήχθετο,0,S
ἀπίης,0,S
ἀπίης,1,S
ἀπίθησε,0,S
ἀπίθησε,1,S
ἀπίθησεν,0,S
ἀπίθησεν,1,S
ἀπίθησ’,0,S
ἀπίθησ’,1,S
ἀπαΐξας,0,S
ἀπαΐξας,1,L
ἀπαΐξας,3,L
ἀπαίνυτο,0,S
ἀπαίνυτο,2,S
ἀπαγγέλλεσκε,0,S
ἀπαγγείλειε,0,S
ἀπαγγεῖλαι,0,S
ἀπαινύμενον,0,S
ἀπαινύμενον,2,S
ἀπαισοῦ,0,S
ἀπαλάλκοι,0,S
ἀπαλάλκοι,1,S
ἀπαλεξήσαιμι,0,S
ἀπαλεξήσαιμι,1,S
ἀπαλεξήσαιμι,5,S
ἀπαλθήσεσθον,0,S
ἀπαμήσειε,0,S
ἀπαμήσειε,1,L
ἀπαμείβετο,0,S
ἀπαμείβετο,1,S
ἀπαμειβόμενος,0,S
ἀπαμειβόμενος,1,S
ἀπαμύνασθαι,0,S
ἀπαμύνασθαι,1,S
ἀπαμύνασθαι,2,L
ἀπαρέσσασθαι,0,S
ἀπαρέσσασθαι,1,S
ἀπατάων,0,S
ἀπατάων,1,S
ἀπατάων,2,L
ἀπατηλὸν,0,S
ἀπατηλὸν,1,S
ἀπείλει,0,S
ἀπείλεον,0,S
ἀπείλησαν,0,S
ἀπείρητος,0,S
ἀπείρονα,0,S
ἀπείρονα,3,S
ἀπείρων,0,S
ἀπεβήσετο,0,S
ἀπεβήτην,0,S
ἀπεδέξατ’,0,S
ἀπεδέξατ’,3,S
ἀπειλάων,0,S
ἀπειλάων,2,L
ἀπειλήσας,0,S
ἀπειλήσας,3,L
ἀπειλήσει,0,S
ἀπειλήσω,0,S
ἀπειλαὶ,0,S
ἀπειλεῖς,0,S
ἀπειλεῖτε,0,S
ἀπειλητῆρες,0,S
ἀπειλὰς,0,S
ἀπειπόντος,0,S
ἀπειρεσίην,0,S
ἀπειρεσίην,3,S
ἀπεκείρατο,0,S
ἀπεκείρατο,3,S
ἀπεκρέμασεν,0,S
ἀπεκρέμασεν,3,S
ἀπελήλυθα,0,S
ἀπελήλυθα,3,S
ἀπελήλυθα,4,S
ἀπεμνήσαντο,0,S
ἀπεμυθεόμην,0,S
ἀπεμυθεόμην,2,L
ἀπενίζοντο,0,S
ἀπερείσια,0,S
ἀπερείσια,3,S
ἀπερείσια,4,S
ἀπερείσι’,0,S
ἀπερείσι’,3,S
ἀπερωήσειας,0,S
ἀπερωεύς,0,S
ἀπερύκοι,0,S
ἀπερύκοι,2,L
ἀπεσκέδασεν,0,S
ἀπεσκέδασεν,3,S
ἀπεσσύμενον,0,S
ἀπεσσύμενον,2,S
ἀπεστυφέλιξαν,0,S
ἀπεστυφέλιξαν,2,S
ἀπεστυφέλιξαν,5,S
ἀπεστυφέλιξεν,0,S
ἀπεστυφέλιξεν,2,S
ἀπετράπετ’,0,S
ἀπετράπετ’,2,S
ἀπετρωπῶντο,0,S
ἀπεχθέσθαι,0,S
ἀπεψύχοντο,0,S
ἀπεψύχοντο,2,L
ἀπεόντος,0,S
ἀπεόντων,0,S
ἀπηλεγέως,0,S
ἀπηλοίησεν,0,S
ἀπηνέα,0,S
ἀπηνέα,3,S
ἀπηνέος,0,S
ἀπηνήναντο,0,S
ἀπηνής,0,S
ἀπητίμησε,0,S
ἀπητίμησε,2,L
ἀπηύρα,0,S
ἀπηύρας,0,S
ἀπηύρων,0,S
ἀπιθήσει,0,S
ἀπιθήσει,1,S
ἀπιθήσω,0,S
ἀπιθήσω,1,S
ἀπινύσσων,0,S
ἀπινύσσων,1,S
ἀπισάονα,0,S
ἀπισάονα,1,S
ἀπισάονα,2,L
ἀπισάονα,4,S
ἀπισάονος,0,S
ἀπισάονος,1,S
ἀπισάονος,2,L
ἀπιόντα,0,S
ἀπιόντα,1,S
ἀπιόντα,3,S
ἀπιόντος,0,S
ἀπιόντος,1,S
ἀπιὼν,0,S
ἀπιὼν,1,S
ἀποέργαθε,0,S
ἀποέργαθε,3,S
ἀποέργει,0,S
ἀποέρσειε,0,S
ἀποέρσῃ,0,S
ἀποίνων,0,S
ἀποίσειν,0,S
ἀποίσετον,0,S
ἀποίχεαι,0,S
ἀποίχονται,0,S
ἀποαίνυμαι,0,S
ἀποαίνυμαι,3,S
ἀποαίρεο,0,S
ἀποαιρεῖσθαι,0,S
ἀποβάντες,0,S
ἀποβήσομαι,0,S
ἀποβλύζων,0,S
ἀποδάσσεσθαι,0,S
ἀποδάσσομαι,0,S
ἀποδειροτομήσειν,0,S
ἀποδειροτομήσω,0,S
ἀποδοῦναι,0,S
ἀποδρύφοι,0,S
ἀποδρύφοι,2,S
ἀποδώσω,0,S
ἀποείποι,0,S
ἀποείπῃ,0,S
ἀποειπεῖν,0,S
ἀποειπὼν,0,S
ἀποθέσθαι,0,S
ἀποθείομαι,0,S
ἀποθρῴσκοντα,0,S
ἀποθρῴσκοντα,4,S
ἀποθρῴσκων,0,S
ἀποθύμια,0,S
ἀποθύμια,2,L
ἀποθύμια,3,S
ἀποθύμια,4,S
ἀποκινήσασκε,0,S
ἀποκινήσασκε,2,L
ἀποκρινθέντε,0,S
ἀποκρύψαι,0,S
ἀποκτάμεν,0,S
ἀποκτάμεν,2,S
ἀποκτάμεναι,0,S
ἀποκτάμεναι,2,S
ἀποκταμένοιο,0,S
ἀποκταμένοιο,2,S
ἀποκταμένων,0,S
ἀποκταμένων,2,S
ἀποκτείνων,0,S
ἀποκόψειν,0,S
ἀπολέσθαι,0,S
ἀπολέσθω,0,S
ἀπολήγει,0,S
ἀπολείπουσιν,0,S
ἀπολεψέμεν,0,S
ἀπολιχμήσονται,0,S
ἀπολλήξῃς,0,S
ἀπολλυμένους,0,S
ἀπολλυμένους,2,S
ἀπολοίμην,0,S
ἀπολυμαίνεσθαι,0,S
ἀπολυμαίνεσθαι,2,L
ἀπολύσομεν,0,S
ἀπολύσομεν,2,L
ἀπομηνίσαντος,0,S
ἀπομηνίσαντος,3,L
ἀπομηνίσας,0,S
ἀπομηνίσας,3,L
ἀπομηνίσας,4,L
ἀπομόργνυ,0,S
ἀπομόρξατο,0,S
ἀπομόρξατο,3,S
ἀπονάσσωσιν,0,S
ἀπονέεσθαι,0,L
ἀπονέοντο,0,L
ἀπονήσεται,0,S
ἀπονεοίμην,0,L
ἀπονοστήσειν,0,S
ἀπονόσφι,0,S
ἀπονόσφι,3,S
ἀποξύσας,0,S
ἀποξύσας,2,L
ἀποπαπτανέουσιν,0,S
ἀποπαπτανέουσιν,3,S
ἀποπαπτανέουσιν,6,S
ἀποπαύεαι,0,S
ἀποπαύσεται,0,S
ἀποπαύσομαι,0,S
ἀποπλαγχθεὶς,0,S
ἀποπλαγχθεῖσα,0,S
ἀποπλαγχθεῖσα,4,S
ἀποπλείειν,0,S
ἀποπνείουσα,0,S
ἀποπνείουσα,4,S
ἀποπνείων,0,S
ἀποπτάμενος,0,S
ἀποπτάμενος,2,S
ἀποπτύει,0,S
ἀποπτύει,2,L
ἀποπτύων,0,S
ἀποπτύων,2,L
ἀπορνύμενον,0,S
ἀπορνύμενον,2,S
ἀπορρήξας,0,S
ἀπορρίψαντα,0,S
ἀπορρίψαντα,4,S
ἀπορρώξ,0,S
ἀπορρῖψαι,0,S
ἀποσκύδμαινε,0,S
ἀποστήσωνται,0,S
ἀποσταδὸν,0,S
ἀποσταδὸν,2,S
ἀποστρέψασκε,0,S
ἀποστρέψοντας,0,S
ἀποστρέψοντας,4,S
ἀποστρέψῃσιν,0,S
ἀποστρέψῃσιν,4,S
ἀποσφήλειε,0,S
ἀποτίνετον,0,S
ἀποτίνετον,2,L
ἀποτίνων,0,S
ἀποτίνων,2,L
ἀποτίσας,0,S
ἀποτίσας,2,L
ἀποτίσεις,0,S
ἀποτίσεις,2,L
ἀποτίσῃ,0,S
ἀποτίσῃ,2,L
ἀποταμνόμενον,0,S
ἀποτεθνηῶτος,0,S
ἀποτινέμεν,0,S
ἀποτινέμεν,2,L
ἀποτισέμεν,0,S
ἀποτισέμεν,2,L
ἀποτμήγουσι,0,S
ἀποτμήγουσι,4,S
ἀποτμήξαντε,0,S
ἀποτμήξαντες,0,S
ἀποτμήξας,0,S
ἀποτρέψεις,0,S
ἀποτρεπέτω,0,S
ἀποτρωπῶμεν,0,S
ἀπουρίσσουσιν,0,S
ἀπουρίσσουσιν,4,S
ἀποφθίμενον,0,S
ἀποφθίμενον,2,S
ἀποφθίσθω,0,S
ἀποφθιμένοιο,0,S
ἀποφθιμένοιο,2,S
ἀποφθιμένου,0,S
ἀποφθιμένου,2,S
ἀποφθινύθουσι,0,S
ἀποφθινύθουσι,2,S
ἀποφθινύθουσι,3,S
ἀποφθινύθουσι,5,S
ἀποψυχθεὶς,0,S
ἀπούρας,0,S
ἀπριάτην,1,S
ἀπριάτην,2,S
ἀπροτίμαστος,2,S
ἀπτῆσι,2,S
ἀπωσάμενοι,0,S
ἀπωσάμενοι,2,S
ἀπωσάμενον,0,S
ἀπωσάμενον,2,S
ἀπωσέμεν,0,S
ἀπωσαμένους,0,S
ἀπωσαμένους,2,S
ἀπό,0,S
ἀπόβλητον,0,S
ἀπόβλητ’,0,S
ἀπόειπ’,0,S
ἀπόερσε,0,S
ἀπόλεσσαν,0,S
ἀπόληγε,0,S
ἀπόλλων,0,S
ἀπόλλωνα,0,S
ἀπόλλωνα,3,S
ἀπόλλωνι,0,L
ἀπόλλωνι,3,S
ἀπόλλωνος,0,S
ἀπόλοιτο,0,S
ἀπόλοντο,0,S
ἀπόλωνται,0,S
ἀπόναιο,0,S
ἀπόνηθ’,0,S
ἀπόπαυε,0,S
ἀπόπροθεν,0,S
ἀπόπροθι,0,S
ἀπόπροθι,3,S
ἀπόρθητος,0,S
ἀπόρουσεν,0,S
ἀπόστιχε,0,S
ἀπόστιχε,2,S
ἀπόσχωνται,0,S
ἀπόσχῃ,0,S
ἀπότμου,0,S
ἀπόφασθε,0,S
ἀπύρους,0,S
ἀπύρους,1,S
ἀπύρωτον,0,S
ἀπύρωτον,1,S
ἀπώλεσα,0,S
ἀπώλεσα,3,S
ἀπώλεσαν,0,S
ἀπώλεσαν,3,S
ἀπώλεσε,0,S
ἀπώλεσεν,0,S
ἀπώλεσ’,0,S
ἀπώλετο,0,S
ἀπώσασθαι,0,S
ἀπώσατο,0,S
ἀπώσατο,2,S
ἀπώσει,0,S
ἀπώσεται,0,S
ἀπώσομεν,0,S
ἀπὸ,0,S
ἀπῆλθεν,0,S
ἀπῶσαν,0,S
ἀπῶσαν,2,S
ἀπῶσεν,0,S
ἀπ’,0,S
ἀράβησε,0,S
ἀράβησε,1,S
ἀράξω,0,S
ἀράρῃ,0,S
ἀράρῃ,1,S
ἀράων,0,L
ἀράων,1,L
ἀρέσαι,0,S
ἀρέσθαι,0,S
ἀρέσθ’,0,S
ἀρέων,0,S
ἀρήγει,0,S
ἀρήγειν,0,S
ἀρήγεις,0,S
ἀρήγων,0,S
ἀρήγῃ,0,S
ἀρήνην,0,L
ἀρήνης,0,L
ἀρήξειν,0,S
ἀρήρει,0,S
ἀρήσασθαι,0,L
ἀρήσῃ,0,L
ἀρήτοιο,0,L
ἀρήϊα,0,S
ἀρήϊα,2,S
ἀρήϊα,3,S
ἀρήϊοι,0,S
ἀρήϊοι,2,S
ἀρήϊον,0,S
ἀρήϊον,2,S
ἀρήϊος,0,S
ἀρήϊος,2,S
ἀρίγνωτοι,0,S
ἀρίζηλοι,0,S
ἀρίζηλον,0,S
ἀρίμοις,0,S
ἀρίμοις,1,S
ἀρίονα,0,S
ἀρίονα,1,L
ἀρίονα,3,S
ἀρίσβαντος,0,S
ἀρίσβηθεν,0,S
ἀρίσβην,0,S
ἀρίσβῃ,0,S
ἀρίστας,0,S
ἀρίστη,0,S
ἀρίστην,0,S
ἀρίστοις,0,S
ἀρίστου,0,S
ἀρίστους,0,S
ἀρίστω,0,S
ἀραιήν,0,S
ἀραιαί,0,S
ἀραιθυρέην,0,S
ἀραιθυρέην,2,S
ἀραιῇσιν,0,S
ἀραρυίας,0,S
ἀραρυίας,1,S
ἀραρυίῃ,0,S
ἀραρυίῃ,1,S
ἀραρυῖα,0,S
ἀραρυῖα,1,S
ἀραρυῖαι,0,S
ἀραρυῖαι,1,S
ἀραρυῖαν,0,S
ἀραρυῖαν,1,S
ἀραρυῖαν,3,S
ἀργέτα,2,S
ἀργέτι,2,S
ἀργίποδας,1,S
ἀργαλέη,1,S
ἀργαλέην,1,S
ἀργαλέης,1,S
ἀργαλέοιο,1,S
ἀργαλέον,1,S
ἀργαλέος,1,S
ἀργαλέου,1,S
ἀργαλέους,1,S
ἀργαλέων,1,S
ἀργαλέῃ,1,S
ἀργαλέῃσι,1,S
ἀργαλέῃσι,4,S
ἀργαλεώτερος,1,S
ἀργείοισι,3,S
ἀργείοισιν,3,S
ἀργεννάων,2,L
ἀργεστᾶο,2,L
ἀργεϊφόντην,2,S
ἀργεϊφόντης,2,S
ἀργεϊφόντῃ,2,S
ἀργικέραυνε,1,S
ἀργινόεντα,1,S
ἀργινόεντα,4,S
ἀργιόδοντα,1,S
ἀργιόδοντας,1,S
ἀργιόδοντος,1,S
ἀργυρέην,1,S
ἀργυρέοιο,1,S
ἀργυρέοισιν,1,S
ἀργυρέοισιν,4,S
ἀργυρέων,1,S
ἀργυρέῃ,1,S
ἀργυρέῃσιν,1,S
ἀργυροήλου,1,S
ἀργυροδίνην,1,S
ἀργυροδίνην,3,L
ἀργυροδίνης,1,S
ἀργυροδίνης,3,L
ἀργυροδίνῃ,1,S
ἀργυροδίνῃ,3,L
ἀργυρόηλον,1,S
ἀργυρόπεζα,1,S
ἀργυρόπεζα,4,S
ἀργυρόπεζαν,1,S
ἀργυρότοξε,1,S
ἀργυρότοξος,1,S
ἀργυρότοξ’,1,S
ἀργύρεον,1,S
ἀργύρεος,1,S
ἀργύρου,1,S
ἀργύρῳ,1,S
ἀργύφεον,1,S
ἀργῆτα,2,S
ἀργῆτι,2,S
ἀρείοσιν,0,S
ἀρείοσιν,3,S
ἀρείους,0,S
ἀρείω,0,S
ἀρείων,0,S
ἀρειῇ,0,S
ἀρεσάσθω,0,S
ἀρεσσάμενοι,0,S
ἀρεσσάμενοι,2,S
ἀρεσσόμεθ’,0,S
ἀρετάς,0,S
ἀρετάς,2,L
ἀρετή,0,S
ἀρετήν,0,S
ἀρετὴ,0,S
ἀρετὴν,0,S
ἀρετῆς,0,S
ἀρετῇ,0,S
ἀρηΐθοος,0,S
ἀρηΐθοος,2,S
ἀρηΐφιλον,0,S
ἀρηΐφιλον,2,S
ἀρηΐφιλον,3,S
ἀρηΐφιλος,0,S
ἀρηΐφιλος,2,S
ἀρηΐφιλος,3,S
ἀρηγέμεν,0,S
ἀρηγόνες,0,S
ἀρηγών,0,S
ἀρημένος,0,L
ἀρηξέμεν,0,S
ἀρηρομένῃ,0,S
ἀρηρός,0,S
ἀρηρότα,0,S
ἀρηρότα,3,S
ἀρηρότες,0,S
ἀρηρότι,0,S
ἀρηρότι,3,S
ἀρηρότος,0,S
ἀρησόμεθ’,0,L
ἀρητὴρ,0,L
ἀρητὸν,0,L
ἀρητῆρα,0,L
ἀρητῆρος,0,L
ἀρηϊθόοιο,0,S
ἀρηϊθόοιο,2,S
ἀρηϊθόου,0,S
ἀρηϊθόου,2,S
ἀρηϊθόων,0,S
ἀρηϊθόων,2,S
ἀρηϊλύκοιο,0,S
ἀρηϊλύκοιο,2,S
ἀρηϊλύκοιο,3,S
ἀρηϊλύκου,0,S
ἀρηϊλύκου,2,S
ἀρηϊλύκου,3,S
ἀρηϊφάτους,0,S
ἀρηϊφάτους,2,S
ἀρηϊφάτους,3,S
ἀρηϊφίλου,0,S
ἀρηϊφίλου,2,S
ἀρηϊφίλου,3,S
ἀρηϊφίλων,0,S
ἀρηϊφίλων,2,S
ἀρηϊφίλων,3,S
ἀρηϊφίλῳ,0,S
ἀρηϊφίλῳ,2,S
ἀρηϊφίλῳ,3,S
ἀριάδνῃ,0,S
ἀριάδνῃ,1,S
ἀριδείκετον,0,S
ἀριδείκετον,1,S
ἀριδείκετος,0,S
ἀριδείκετος,1,S
ἀριζήλη,0,S
ἀριζήλω,0,S
ἀριθμηθήμεναι,0,S
ἀριπρεπέα,0,S
ἀριπρεπέα,4,L
ἀριπρεπέες,0,S
ἀριπρεπέ’,0,S
ἀριστέρ’,0,S
ἀριστήεσσιν,0,S
ἀριστήεσσιν,4,S
ἀριστήων,0,L
ἀριστερά,0,S
ἀριστερά,3,S
ἀριστερόν,0,S
ἀριστερόφιν,0,S
ἀριστερόφιν,4,L
ἀριστερὰ,0,S
ἀριστερὰ,3,S
ἀριστερὸν,0,S
ἀριστερὸς,0,S
ἀριστεύειν,0,S
ἀριστεύεσκε,0,S
ἀριστεύεσκεν,0,S
ἀριστεύοντα,0,S
ἀριστεύοντα,4,S
ἀριστῆα,0,S
ἀριστῆας,0,S
ἀριστῆες,0,S
ἀριστῆος,0,S
ἀριφραδέα,0,S
ἀριφραδέα,2,S
ἀριφραδέα,4,L
ἀριφραδές,0,S
ἀριφραδές,2,S
ἀρκάδες,1,S
ἀρκαδίην,1,S
ἀρκαδίην,2,S
ἀρκεσίλαον,2,S
ἀρκεσίλαον,3,L
ἀρκεσίλαός,2,S
ἀρκεσίλαός,3,L
ἀρνευτῆρι,3,S
ἀρνυμένω,1,S
ἀρνύμενοι,1,S
ἀρνύμενος,1,S
ἀρξάμενος,1,S
ἀροίμεθά,0,S
ἀροίμεθά,3,S
ἀροίμην,0,S
ἀροτὴρ,0,S
ἀρούρας,0,S
ἀρούρης,0,S
ἀρούρῃ,0,S
ἀρσινόου,1,S
ἀρτέμιδος,2,S
ἀρτίπος,1,S
ἀρτιεπὴς,1,S
ἀρτύναντες,1,L
ἀρτύνετο,1,L
ἀρχεκάκους,2,S
ἀρωγοί,0,S
ἀρωγοὶ,0,S
ἀρωγός,0,S
ἀρωγῆς,0,S
ἀρωγῇ,0,S
ἀρόμην,0,S
ἀρὴν,0,S
ἀρᾶται,0,L
ἀρᾶται,1,L
ἀρῆξαι,0,S
ἀρῆς,0,S
ἀσίνην,0,S
ἀσίνην,1,S
ἀσίου,0,L
ἀσίου,1,S
ἀσίω,0,L
ἀσίω,1,S
ἀσίῳ,0,L
ἀσίῳ,1,S
ἀσαῖον,0,L
ἀσημάντοισιν,0,S
ἀσημάντοισιν,4,S
ἀσθμαίνοντα,3,S
ἀσιάδην,0,L
ἀσιάδην,1,S
ἀσιάδην,2,S
ἀσιάδης,0,L
ἀσιάδης,1,S
ἀσιάδης,2,S
ἀσιάδῃ,0,L
ἀσιάδῃ,1,S
ἀσιάδῃ,2,S
ἀσκάλαφον,1,S
ἀσκάλαφον,2,S
ἀσκάλαφος,1,S
ἀσκάλαφος,2,S
ἀσκάλαφόν,1,S
ἀσκάλαφόν,2,S
ἀσκάνιος,1,S
ἀσκάνιος,2,S
ἀσκήσας,2,L
ἀσκήσασα,2,L
ἀσκήσασα,3,S
ἀσκαλάφου,1,S
ἀσκαλάφου,2,S
ἀσκαλάφῳ,1,S
ἀσκαλάφῳ,2,S
ἀσκανίης,1,S
ἀσκανίης,2,S
ἀσκληπιάδη,2,S
ἀσκληπιάδη,3,S
ἀσκληπιάδην,2,S
ἀσκληπιάδην,3,S
ἀσκληπιάδῃ,2,S
ἀσκληπιάδῃ,3,S
ἀσκληπιοῦ,2,S
ἀσπάσιοι,1,S
ἀσπάσιοι,2,S
ἀσπίδα,1,S
ἀσπίδα,2,S
ἀσπίδας,1,S
ἀσπίδας,2,S
ἀσπίδες,1,S
ἀσπίδι,1,S
ἀσπίδι,2,S
ἀσπίδος,1,S
ἀσπίδ’,1,S
ἀσπίσι,1,S
ἀσπίσι,2,S
ἀσπαίροντα,3,S
ἀσπαίρουσα,3,S
ἀσπασίη,1,S
ἀσπασίη,2,S
ἀσπασίως,1,S
ἀσπασίως,2,S
ἀσπιδιώτας,1,S
ἀσπιδιώτας,2,S
ἀσπιστάων,2,L
ἀσπουδί,2,L
ἀσπὶς,1,S
ἀσσάρακος,1,S
ἀσσάρακος,2,S
ἀστέρι,2,S
ἀστέριον,2,S
ἀσταχύεσσιν,1,S
ἀσταχύεσσιν,2,S
ἀστεμφέα,3,S
ἀστερόεντα,4,S
ἀστοῖσιν,2,S
ἀστράγαλον,1,S
ἀστράγαλον,2,S
ἀστράσι,1,S
ἀστράσι,2,S
ἀστραγάλοισι,1,S
ἀστραγάλοισι,2,S
ἀστραγάλοισι,4,S
ἀστυάνακτ’,1,S
ἀστυάνακτ’,2,S
ἀστυάναξ,1,S
ἀστυάναξ,2,S
ἀστυβοώτην,1,S
ἀστυόχεια,1,S
ἀστυόχεια,4,S
ἀστυόχη,1,S
ἀστύαλον,1,S
ἀστύαλον,2,S
ἀστύνοον,1,S
ἀστύπυλόν,1,S
ἀστύπυλόν,2,S
ἀσφάραγον,1,S
ἀσφάραγον,2,S
ἀσφαλέως,1,S
ἀσφαλὲς,1,S
ἀσχαλάαν,1,S
ἀσχαλάαν,2,S
ἀσχαλάᾳ,1,S
ἀσχαλάᾳ,2,S
ἀσχαλόωντα,1,S
ἀσχαλόωσι,1,S
ἀσχαλόωσι,4,S
ἀσωπὸν,0,L
ἀσωπῷ,0,L
ἀσύφηλον,0,S
ἀσύφηλον,1,S
ἀτάλαντε,0,S
ἀτάλαντε,1,S
ἀτάλαντοι,0,S
ἀτάλαντοι,1,S
ἀτάλαντον,0,S
ἀτάλαντον,1,S
ἀτάλαντος,0,S
ἀτάλαντος,1,S
ἀτάρ,0,S
ἀτάρβητος,0,S
ἀτάσθαλα,0,S
ἀτάσθαλα,2,S
ἀτάσθαλα,3,S
ἀτάσθαλον,0,S
ἀτάσθαλον,2,S
ἀτέλεστα,0,S
ἀτέλεστον,0,S
ἀτέμβονται,0,S
ἀτέοντα,0,S
ἀτέοντα,3,S
ἀτέρπου,0,S
ἀτίζων,0,S
ἀτίμητον,0,S
ἀτίμητον,1,L
ἀτίταλλεν,0,S
ἀτίταλλεν,1,S
ἀτίταλλον,0,S
ἀτίταλλον,1,S
ἀτίταλλ’,0,S
ἀτίταλλ’,1,S
ἀτίτηλα,0,S
ἀτίτηλα,1,S
ἀτίτηλα,3,S
ἀταλάφρονα,0,S
ἀταλάφρονα,1,S
ἀταλάφρονα,4,S
ἀταλὰ,0,S
ἀταλὰ,1,S
ἀταλῇσι,0,S
ἀταλῇσι,1,S
ἀταρβὴς,0,S
ἀταρπιτὸς,0,S
ἀταρπιτὸς,2,S
ἀταρπὸν,0,S
ἀταρτηροῖς,0,S
ἀτασθαλίῃσιν,0,S
ἀτασθαλίῃσιν,2,S
ἀτασθαλίῃσιν,3,S
ἀτασθαλίῃσιν,5,S
ἀτειρέα,0,S
ἀτειρέα,3,S
ἀτειρέας,0,S
ἀτειρέας,3,S
ἀτειρής,0,S
ἀτειρὴς,0,S
ἀτελευτήτῳ,0,S
ἀτελεύτητον,0,S
ἀτεμβόμενος,0,S
ἀτεμβόμενός,0,S
ἀτερπὴς,0,S
ἀτιμάζεσκε,0,S
ἀτιμάζεσκε,1,L
ἀτιμήσαιτε,0,S
ἀτιμήσαιτε,1,L
ἀτιμήσειε,0,S
ἀτιμήσειε,1,L
ἀτιμήσει’,0,S
ἀτιμήσει’,1,L
ἀτιμοτάτη,0,S
ἀτιμοτάτη,1,L
ἀτιμοτάτη,3,S
ἀτιμότερον,0,S
ἀτιμότερον,1,L
ἀτρέμα,2,S
ἀτρέμας,2,S
ἀτρέϊ,2,S
ἀτρεΐδα,2,S
ἀτρεΐδα,3,L
ἀτρεΐδαι,2,S
ἀτρεΐδαο,2,S
ἀτρεΐδαο,3,L
ἀτρεΐδας,2,S
ἀτρεΐδεω,2,S
ἀτρεΐδη,2,S
ἀτρεΐδην,2,S
ἀτρεΐδης,2,S
ἀτρεΐδῃ,2,S
ἀτρεΐδῃς,2,S
ἀτρεΐδῃσιν,2,S
ἀτρεΐδῃσιν,4,S
ἀτρεΐωνα,2,S
ἀτρεΐωνα,4,S
ἀτρεΐωνι,2,S
ἀτρεΐωνος,2,S
ἀτρυγέτοιο,1,S
ἀτρυτώνη,1,L
ἀτρύγετον,1,S
ἀτυζομένην,0,S
ἀτυζομένους,0,S
ἀτυζομένω,0,S
ἀτυζομένῃ,0,S
ἀτυζόμενοι,0,S
ἀτυμνιάδην,0,S
ἀτυμνιάδην,2,S
ἀτυμνιάδην,3,S
ἀτυχθεὶς,0,S
ἀτύμνιον,0,S
ἀτύμνιον,2,S
ἀτὰρ,0,S
ἀτὰρ,1,S
ἀφάμαρτε,0,S
ἀφάμαρτε,1,S
ἀφάμαρτεν,0,S
ἀφάμαρτεν,1,S
ἀφάρτεροι,0,S
ἀφέηκε,0,S
ἀφέλοντο,0,S
ἀφέλωμαι,0,S
ἀφέξεαι,0,S
ἀφέστασαν,0,S
ἀφέστασαν,2,S
ἀφέστασαν,3,S
ἀφέστατε,0,S
ἀφέστατε,2,S
ἀφέτην,0,S
ἀφέῃ,0,S
ἀφήσω,0,S
ἀφήτορος,0,S
ἀφήῃ,0,S
ἀφίει,0,S
ἀφίει,1,S
ἀφίκετο,0,S
ἀφίκετο,1,L
ἀφίκηαι,0,S
ἀφίκηαι,1,S
ἀφίκηται,0,S
ἀφίκηται,1,S
ἀφίκοντο,0,S
ἀφίκοντο,1,S
ἀφίκωμαι,0,S
ἀφίκωμαι,1,S
ἀφίκωνται,0,S
ἀφίκωνται,1,S
ἀφίξεται,0,S
ἀφίσταται,0,S
ἀφίσταται,2,S
ἀφαιρήσεσθαι,0,S
ἀφαιρεῖται,0,S
ἀφαμαρτοεπής,0,S
ἀφαμαρτοεπής,1,S
ἀφαμαρτούσῃ,0,S
ἀφαμαρτούσῃ,1,S
ἀφαρπάξαι,0,S
ἀφαρῆά,0,S
ἀφαρῆά,1,S
ἀφαρῆά,3,S
ἀφαρῆα,0,S
ἀφαρῆα,1,S
ἀφαρῆα,3,S
ἀφαυροῦ,0,S
ἀφαυρότατος,0,S
ἀφαυρότατος,3,S
ἀφαυρότερον,0,S
ἀφαυρότερος,0,S
ἀφείη,0,S
ἀφείλεο,0,S
ἀφείλετο,0,S
ἀφελέσθαι,0,S
ἀφελοίμεθα,0,S
ἀφελοίμεθα,4,S
ἀφεξόμεθ’,0,S
ἀφεσταότες,0,S
ἀφεσταότες,2,S
ἀφεστᾶσιν,0,S
ἀφεστᾶσιν,2,L
ἀφεστᾶσ’,0,S
ἀφεστᾶσ’,2,L
ἀφικάνει,0,S
ἀφικάνει,1,S
ἀφικάνει,2,L
ἀφικάνεις,0,S
ἀφικάνεις,1,S
ἀφικάνεις,2,L
ἀφικέσθαι,0,S
ἀφικέσθαι,1,S
ἀφορμηθεῖεν,0,S
ἀφραδέοντι,1,S
ἀφραδέως,1,S
ἀφραδίῃ,1,S
ἀφραδίῃ,2,S
ἀφραδίῃσι,1,S
ἀφραδίῃσι,2,S
ἀφραδίῃσι,4,S
ἀφραδίῃσιν,1,S
ἀφραδίῃσιν,2,S
ἀφραδίῃσιν,4,S
ἀφροδίτη,0,S
ἀφροδίτη,2,L
ἀφροδίτην,0,S
ἀφροδίτην,2,L
ἀφροδίτης,0,S
ἀφροδίτης,2,L
ἀφροδίτῃ,0,S
ἀφροδίτῃ,2,L
ἀφροσύνης,2,S
ἀφυσσόμενοι,0,S
ἀφυσσόμενος,0,S
ἀφωπλίζοντο,0,S
ἀφύλλοισιν,0,S
ἀφύξειν,0,S
ἀφύσσατο,0,S
ἀφύσσατο,2,S
ἀφύσσων,0,S
ἀφῆκε,0,S
ἀφῆκεν,0,S
ἀφῆκ’,0,S
ἀφ’,0,S
ἀχέουσ’,0,S
ἀχέων,0,S
ἀχαιΐδα,0,S
ἀχαιΐδα,2,S
ἀχαιΐδα,3,S
ἀχαιΐδες,0,S
ἀχαιΐδες,2,S
ἀχαιικόν,0,S
ἀχαιικόν,2,S
ἀχαιοί,0,S
ἀχαιούς,0,S
ἀχαιοὶ,0,S
ἀχαιοὺς,0,S
ἀχαιοῖς,0,S
ἀχαιοῖσι,0,S
ἀχαιοῖσιν,0,S
ἀχαιοῖσιν,3,L
ἀχαιϊάδων,0,S
ἀχαιϊάδων,2,S
ἀχαιϊάδων,3,S
ἀχαιϊκόν,0,S
ἀχαιϊκόν,2,S
ἀχαιϊκὸν,0,S
ἀχαιϊκὸν,2,S
ἀχαιὸς,0,S
ἀχαιῶν,0,S
ἀχελώϊον,0,S
ἀχελώϊον,3,S
ἀχελώϊος,0,S
ἀχελώϊος,3,S
ἀχερωῒς,0,S
ἀχεύων,0,S
ἀχιλεύς,0,S
ἀχιλεύς,1,S
ἀχιλεὺς,0,S
ἀχιλεὺς,1,S
ἀχιλεῦ,0,S
ἀχιλεῦ,1,S
ἀχιλλεύς,0,S
ἀχιλλεὺς,0,S
ἀχιλλεῖ,0,S
ἀχιλλεῦ,0,S
ἀχιλλῆα,0,S
ἀχιλλῆα,3,L
ἀχιλλῆος,0,S
ἀχιλλῆϊ,0,S
ἀχιλλῆϊ,3,L
ἀχιλῆά,0,S
ἀχιλῆά,1,S
ἀχιλῆά,3,S
ἀχιλῆα,0,S
ἀχιλῆα,1,S
ἀχιλῆα,3,S
ἀχιλῆος,0,S
ἀχιλῆος,1,S
ἀχιλῆϊ,0,S
ἀχιλῆϊ,1,S
ἀχιλῆϊ,3,S
ἀχιλῆ’,0,S
ἀχιλῆ’,1,S
ἀχλύος,1,S
ἀχλύς,1,L
ἀχνυμένη,1,S
ἀχνυμένοις,1,S
ἀχνυμένω,1,S
ἀχνυμένῃ,1,S
ἀχνύμενοί,1,S
ἀχνύμενοι,1,S
ἀχνύμενος,1,S
ἀχνύμενός,1,S
ἀχυρμιαί,0,S
ἀχυρμιαί,2,S
ἀψῖσι,1,L
ἀψῖσι,2,S
ἀωτεῖς,0,S
ἀϊδήλως,0,S
ἀϊδήλως,1,S
ἀϊδωνεύς,0,S
ἀϊδωνεύς,1,S
ἀϊδωνῆϊ,0,S
ἀϊδωνῆϊ,1,S
ἀϊκὰς,0,L
ἀϊκὰς,1,L
ἀϊκὰς,2,L
ἀϊκῶς,0,S
ἀϊκῶς,1,S
ἀϊχθήτην,0,L
ἀϊχθῆναι,0,L
ἀϋσάντων,0,S
ἀϋσάντων,1,L
ἀϋτή,0,S
ἀϋτή,1,L
ἀϋτήν,0,S
ἀϋτήν,1,L
ἀϋτμένα,0,S
ἀϋτμένα,3,S
ἀϋτμή,0,S
ἀϋτμὴν,0,S
ἀϋτὴ,0,S
ἀϋτὴ,1,L
ἀϋτὴν,0,S
ἀϋτὴν,1,L
ἀϋτῆς,0,S
ἀϋτῆς,1,L
ἀϋτῇ,0,S
ἀϋτῇ,1,L
ἀόλλισσαν,0,S
ἀώτῳ,0,S
ἀὴρ,0,L
ἀᾶται,0,S
ἀᾶται,1,L
ἁδεῖν,0,S
ἁδινάων,0,S
ἁδινάων,1,S
ἁδινάων,2,L
ἁδινοῦ,0,S
ἁδινοῦ,1,S
ἁδινὰ,0,S
ἁδινὰ,1,S
ἁδινὸν,0,S
ἁδινὸν,1,S
ἁλίαρτον,0,S
ἁλίαρτον,1,S
ἁλίοιο,0,S
ἁλίοιο,1,S
ἁλίπλοα,0,S
ἁλίπλοα,3,S
ἁλίωσε,0,S
ἁλίωσε,1,S
ἁλίῃσι,0,S
ἁλίῃσι,1,S
ἁλίῃσι,3,S
ἁλιάων,0,S
ἁλιάων,1,S
ἁλιάων,2,L
ἁλιζώνων,0,S
ἁλιμυρηέντων,0,S
ἁλιμυρηέντων,1,S
ἁλιμυρηέντων,2,L
ἁλοίη,0,S
ἁλοίην,0,S
ἁλοσύδνης,0,S
ἁλοῦσά,0,S
ἁλοῦσά,2,S
ἁλόθεν,0,S
ἁλόντε,0,L
ἁλός,0,S
ἁλώμεναι,0,S
ἁλώω,0,S
ἁλώῃ,0,S
ἁλὶ,0,S
ἁλὶ,1,S
ἁλὸς,0,S
ἁλῶναι,0,S
ἁμάρτῃ,0,S
ἁμάς,0,L
ἁμήν,0,L
ἁμαρτοεπὲς,0,S
ἁμαρτών,0,S
ἁμαρτὼν,0,S
ἁμαρτῇ,0,S
ἁματροχιὰς,0,S
ἁματροχιὰς,3,S
ἁματροχιὰς,4,L
ἁμὸν,0,L
ἁπάντων,0,S
ἁπάντῃ,0,S
ἁπάσας,0,S
ἁπάσας,1,L
ἁπάσης,0,S
ἁπάσης,1,L
ἁπαλάων,0,S
ἁπαλάων,1,S
ἁπαλάων,2,L
ἁπαλοτρεφέος,0,S
ἁπαλοτρεφέος,1,S
ἁπαλόν,0,S
ἁπαλόν,1,S
ἁπαλὴν,0,S
ἁπαλὴν,1,S
ἁπαλῆς,0,S
ἁπαλῆς,1,S
ἁρματροχιὴ,3,S
ἁρμονίδεω,2,S
ἁρμονιάων,2,S
ἁρμονιάων,3,L
ἁρπάξας,2,L
ἁρπάσῃ,1,S
ἁρπαλίων,1,S
ἁρπαλίων,2,S
ἁφόωντα,0,S
ἁψάμενοι,1,S
ἁψάμενος,1,S
ἂν,0,S
ἃ,0,S
ἃμα,0,S
ἃμα,1,S
ἃς,0,L
ἄαπτοι,0,S
ἄασας,0,S
ἄασας,1,S
ἄατόν,0,S
ἄατόν,1,S
ἄβαντες,0,S
ἄβυδον,0,S
ἄβυδον,1,L
ἄγαγεν,0,S
ἄγαγεν,1,S
ἄγαγ’,0,S
ἄγαγ’,1,S
ἄγαλμα,0,S
ἄγαμός,0,S
ἄγαμός,1,S
ἄγγεα,2,S
ἄγε,0,S
ἄγεθ’,0,S
ἄγει,0,S
ἄγειν,0,S
ἄγειρεν,0,S
ἄγεις,0,S
ἄγεν,0,S
ἄγερθεν,0,S
ἄγεσθαι,0,S
ἄγετε,0,S
ἄγετ’,0,S
ἄγη,0,S
ἄγηται,0,S
ἄγκεα,2,S
ἄγνυτον,1,S
ἄγοι,0,S
ἄγοιεν,0,S
ἄγοιτο,0,S
ἄγον,0,S
ἄγοντα,0,S
ἄγοντα,2,S
ἄγοντε,0,S
ἄγοντες,0,S
ἄγοντι,0,S
ἄγοντι,2,S
ἄγονός,0,S
ἄγουσαι,0,S
ἄγουσι,0,S
ἄγουσι,2,S
ἄγουσιν,0,S
ἄγρια,1,S
ἄγρια,2,S
ἄγριον,1,S
ἄγριος,1,S
ἄγυιαν,0,S
ἄγυιαν,2,S
ἄγχι,1,S
ἄγχιστα,2,S
ἄγων,0,S
ἄγῃ,0,S
ἄγ’,0,S
ἄδην,0,L
ἄεθλα,0,S
ἄεθλα,2,S
ἄεθλον,0,S
ἄειδε,0,S
ἄειδον,0,S
ἄειραν,0,S
ἄειραν,2,S
ἄειρε,0,S
ἄειρεν,0,S
ἄελλαι,0,S
ἄερθεν,0,S
ἄητο,0,S
ἄητον,0,S
ἄθαπτος,0,S
ἄκεσσαι,0,S
ἄκμονα,2,S
ἄκμονας,2,S
ἄκοιτιν,0,S
ἄκοιτις,0,S
ἄκοντα,0,S
ἄκοντα,2,S
ἄκοντες,0,S
ἄκοντι,0,S
ἄκοντι,2,S
ἄκος,0,S
ἄκοσμά,0,S
ἄκοσμά,2,S
ἄκουε,0,S
ἄκουον,0,S
ἄκουσα,0,S
ἄκουσα,2,S
ἄκουσαν,0,S
ἄκουσε,0,S
ἄκουσον,0,S
ἄκρα,1,S
ἄκριτα,1,S
ἄκριτα,2,S
ἄκριτοί,1,S
ἄκριτον,1,S
ἄλαλκε,0,S
ἄλαστε,0,S
ἄλαστον,0,S
ἄλγεά,2,S
ἄλγεα,2,S
ἄλγεσι,2,S
ἄλγιον,1,S
ἄλεισον,0,S
ἄλεν,0,S
ἄλευαι,0,S
ἄληκτον,0,L
ἄλκαρ,1,S
ἄλκιμοι,1,S
ἄλκιμον,1,S
ἄλκιμος,1,S
ἄλκιμός,1,S
ἄλλά,1,S
ἄλλα,1,S
ἄλλοισι,2,S
ἄλλοισιν,2,S
ἄλλυδις,1,S
ἄλλυδις,2,S
ἄλλῃσι,2,S
ἄλοχοι,0,S
ἄλοχον,0,S
ἄλοχος,0,S
ἄλοχόν,0,S
ἄλοχός,0,S
ἄλταο,1,L
ἄλφιτα,1,S
ἄλφιτα,2,S
ἄμαξαν,0,S
ἄμαξαν,2,S
ἄμειβε,0,S
ἄμειβεν,0,S
ἄμειβον,0,S
ἄμεινον,0,S
ἄμεναι,0,L
ἄμητος,0,L
ἄμμι,1,S
ἄμοτον,0,S
ἄμπνυε,1,S
ἄμπυκα,1,S
ἄμπυκα,2,S
ἄμυδις,0,S
ἄμυδις,1,S
ἄμυνε,0,S
ἄμυνε,1,L
ἄμυνεν,0,S
ἄμυνεν,1,L
ἄμυνον,0,S
ἄμυνον,1,L
ἄμφιον,1,L
ἄμφιος,1,L
ἄνα,0,S
ἄνα,1,S
ἄνακτα,0,S
ἄνακτα,2,S
ἄνακτι,0,S
ἄνακτι,2,S
ἄνακτος,0,S
ἄνακτ’,0,S
ἄναλκις,0,S
ἄναξ,0,S
ἄναρχοι,0,S
ἄνασσε,0,S
ἄνασσεν,0,S
ἄναχθ’,0,S
ἄνδιχα,1,S
ἄνδιχα,2,S
ἄνδρά,1,S
ἄνδρα,1,S
ἄνδρας,1,S
ἄνδρεσσι,2,S
ἄνδρεσσιν,2,S
ἄνελκε,0,S
ἄνεμοι,0,S
ἄνεμος,0,S
ἄνεται,0,L
ἄνευ,0,S
ἄνευθε,0,S
ἄνευθεν,0,S
ἄνευθ’,0,S
ἄνεχ’,0,S
ἄνεῳ,0,S
ἄνεῴ,0,L
ἄνθεα,2,S
ἄνθεσι,2,S
ἄνθεσιν,2,S
ἄνθεϊ,2,S
ἄνοιτο,0,S
ἄνοον,0,S
ἄντα,1,S
ἄντιτα,1,S
ἄντιτα,2,S
ἄντιφον,1,S
ἄντιφος,1,S
ἄντυγές,1,S
ἄντυγα,1,S
ἄντυγα,2,S
ἄντυγες,1,S
ἄντυγι,1,S
ἄντυγι,2,S
ἄντυγος,1,S
ἄντυγ’,1,S
ἄνυσις,0,S
ἄνυσις,1,S
ἄνω,0,S
ἄνωγα,0,S
ἄνωγας,0,S
ἄνωγας,2,S
ἄνωγε,0,S
ἄνωγεν,0,S
ἄνωγον,0,S
ἄνωχθι,0,S
ἄνωχθι,2,S
ἄξια,1,S
ἄξια,2,S
ἄξιοί,1,S
ἄξιον,1,S
ἄξιος,1,S
ἄξονι,2,S
ἄξοντα,2,S
ἄξυλον,1,L
ἄορ,0,S
ἄορι,0,L
ἄορι,2,S
ἄουτον,0,S
ἄπαστος,0,S
ἄπεχε,0,S
ἄπιστε,0,S
ἄπιστοι,0,S
ἄπιστος,0,S
ἄπο,0,S
ἄποινα,0,S
ἄποινα,2,S
ἄπολλον,0,S
ἄπυρον,0,S
ἄπυρον,1,S
ἄρα,0,S
ἄρα,1,S
ἄραβος,0,S
ἄραβος,1,S
ἄραξε,0,S
ἄραξεν,0,S
ἄραρον,0,S
ἄραρον,1,S
ἄργεΐ,2,S
ἄργεϊ,2,S
ἄργυρον,1,S
ἄργυφον,1,S
ἄρειον,0,S
ἄρεκτον,0,S
ἄρες,0,S
ἄρετ’,0,S
ἄρεω,0,S
ἄρεϊ,0,L
ἄρεϊ,2,S
ἄρηΐ,0,S
ἄρηΐ,2,S
ἄρηα,0,S
ἄρηα,2,S
ἄρηαι,0,S
ἄρηι,0,S
ἄρηι,2,S
ἄρηος,0,S
ἄρης,0,S
ἄρησθε,0,S
ἄρηται,0,S
ἄρητον,0,L
ἄρητος,0,L
ἄρηϊ,0,S
ἄρηϊ,2,S
ἄρη’,0,S
ἄριστα,0,S
ἄριστα,2,S
ἄρισται,0,S
ἄριστε,0,S
ἄριστοι,0,S
ἄριστον,0,S
ἄριστος,0,S
ἄρκιον,1,S
ἄρκιος,1,S
ἄρνεσσιν,2,S
ἄροιο,0,S
ἄροιτο,0,S
ἄροντο,0,S
ἄροσιν,0,S
ἄροτρον,0,S
ἄρουρα,0,S
ἄρουραι,0,S
ἄρουραν,0,S
ἄρουραν,2,S
ἄρσενα,2,S
ἄρσενας,2,S
ἄρτεμις,2,S
ἄρτια,1,S
ἄρτια,2,S
ἄρχωσι,2,S
ἄρῃ,0,S
ἄρ’,0,S
ἄσασθαι,0,L
ἄσατο,0,L
ἄσατο,1,S
ἄσειν,0,L
ἄσεσθε,0,L
ἄσθματι,1,S
ἄσθματι,2,S
ἄσιν,0,S
ἄσιον,0,L
ἄσιον,1,S
ἄσιος,0,L
ἄσιος,1,S
ἄσπετα,2,S
ἄστεα,2,S
ἄστρα,1,S
ἄστυ,1,S
ἄστυδε,1,S
ἄστύ,1,S
ἄσῃ,0,L
ἄταλλε,0,S
ἄτας,0,L
ἄτας,1,L
ἄτερ,0,S
ἄτη,0,L
ἄτην,0,L
ἄτης,0,L
ἄτιμος,0,L
ἄτιμος,1,S
ἄτιτος,0,S
ἄττα,1,S
ἄτῃ,0,L
ἄφαλόν,0,S
ἄφαλόν,1,S
ἄφαντοι,0,S
ἄφαντος,0,S
ἄφαρ,0,S
ἄφαρ,1,S
ἄφενος,0,S
ἄφθιτα,1,S
ἄφθιτα,2,S
ἄφθιτον,1,S
ἄφθιτος,1,S
ἄφρονά,2,S
ἄφρονα,2,S
ἄφρονι,2,S
ἄφυσσε,0,S
ἄχεος,0,S
ἄχε’,0,S
ἄχνυται,1,S
ἄχνυτο,1,S
ἄχος,0,S
ἄχρις,1,S
ἄωρτο,0,S
ἄωτον,0,S
ἄϊδι,0,S
ἄϊδι,1,S
ἄϊδι,2,L
ἄϊδος,0,L
ἄϊδος,1,S
ἄϊδός,0,S
ἄϊδός,1,S
ἄϊε,0,L
ἄϊε,1,S
ἄϊον,1,S
ἄϊσθε,0,S
ἄϋσε,0,S
ἄϋσε,1,L
ἄϋσεν,0,S
ἄϋσεν,1,L
ἅ,0,S
ἅδε,0,S
ἅδην,0,S
ἅδος,0,S
ἅλα,0,S
ἅλα,1,S
ἅλαδ’,0,S
ἅλαδ’,1,S
ἅλεται,0,S
ἅληται,0,S
ἅλιαι,0,S
ἅλιαι,1,S
ἅλιον,0,S
ἅλιον,1,S
ἅλιος,0,S
ἅλιος,1,S
ἅλις,0,S
ἅλις,1,S
ἅλιόν,0,S
ἅλιόν,1,S
ἅμα,0,S
ἅμα,1,S
ἅμαρθ’,0,S
ἅμαρτε,0,S
ἅμαρτεν,0,S
ἅμ’,0,S
ἅπαν,0,S
ἅπαν,1,S
ἅπαντα,0,S
ἅπαντα,2,S
ἅπαντας,0,S
ἅπαντες,0,S
ἅπας,0,S
ἅπασα,0,S
ἅπασα,1,L
ἅπασαι,0,S
ἅπασαι,1,L
ἅπασι,0,S
ἅπασι,1,L
ἅπασιν,0,S
ἅπασιν,1,L
ἅρμα,1,S
ἅρμαθ’,1,S
ἅρμασι,1,S
ἅρμασι,2,S
ἅρμασιν,1,S
ἅρμασιν,2,S
ἅρματα,1,S
ἅρματα,2,S
ἅρματι,1,S
ἅρματι,2,S
ἅρματος,1,S
ἅρματ’,1,S
ἅρπυια,2,S
ἅσσά,1,S
ἅψατο,1,S
ἆ,0,L
ἆνερ,0,L
ἆρες,0,L
ἆσαι,0,L
ἆσθμα,1,S
ἆτος,0,L
ἆτ’,0,L
ἐΐσας,1,L
ἐΐσας,2,S
ἐΐσην,1,L
ἐΐσης,1,L
ἐΐσῃ,1,L
ἐάγη,1,S
ἐάγῃ,1,L
ἐάλη,1,S
ἐάσαιμεν,1,L
ἐάσατε,1,L
ἐάσατε,2,S
ἐάσει,1,L
ἐάσετε,1,L
ἐάσομεν,1,L
ἐάσω,1,L
ἐάσῃς,1,L
ἐέλμεθα,3,S
ἐέργαθεν,2,S
ἐΰκτιτον,2,S
ἐΰτριχας,2,S
ἐΰτριχας,3,S
ἐΰφρονα,3,S
ἐβάλοντο,1,S
ἐβάρυνε,1,S
ἐβάρυνε,2,L
ἐβιήσατο,1,S
ἐβιήσατο,3,S
ἐβλάφθησαν,3,S
ἐγγεγάασι,2,S
ἐγγεγάασι,3,L
ἐγγεγάασιν,2,S
ἐγγεγάασιν,3,L
ἐγγυάλιξε,1,S
ἐγγυάλιξε,2,S
ἐγγυάλιξεν,1,S
ἐγγυάλιξεν,2,S
ἐγγυαλίζει,1,S
ἐγγυαλίζει,2,S
ἐγγυαλίξαι,1,S
ἐγγυαλίξαι,2,S
ἐγγυαλίξει,1,S
ἐγγυαλίξει,2,S
ἐγγυαλίξω,1,S
ἐγγυαλίξω,2,S
ἐγγυαλίξῃ,1,S
ἐγγυαλίξῃ,2,S
ἐγγύθεν,1,S
ἐγγύθι,1,S
ἐγγύθι,2,S
ἐγγύς,1,S
ἐγγὺς,1,S
ἐγείναο,2,S
ἐγείνατο,2,S
ἐγκέκλιται,2,S
ἐγκέφαλον,2,S
ἐγκέφαλος,2,S
ἐγκεφάλοιο,2,S
ἐγρηγορτὶ,3,L
ἐγχέλυές,2,S
ἐγχέσπαλοι,2,S
ἐγχέσπαλος,2,S
ἐγχείας,2,L
ἐγχείῃσι,3,S
ἐγχειάων,2,L
ἐγχεσίμωροι,2,S
ἐγχεσιμώρους,2,S
ἐγχεσιμώρων,2,S
ἐγχρίμψας,2,L
ἐγχριμφθεῖσα,3,S
ἐδάην,1,S
ἐδάμασσα,1,S
ἐδάμασσα,3,S
ἐδάμασσε,1,S
ἐδάμασσεν,1,S
ἐδάμη,1,S
ἐδάμημεν,1,S
ἐδάϊζε,1,S
ἐδέξατο,2,S
ἐδήσατο,2,S
ἐδίδαξαν,1,S
ἐδίδαξε,1,S
ἐδίηνε,1,S
ἐδίνεον,1,L
ἐδίνευον,1,L
ἐδίωκεν,1,S
ἐδαΐζετο,1,S
ἐδείδισαν,2,S
ἐδείδισαν,3,S
ἐδείσατε,2,S
ἐδητύος,2,S
ἐδνοπάλιζεν,2,S
ἐδυνήσατο,1,S
ἐδυνήσατο,3,S
ἐδύναντο,1,S
ἐδύσετο,1,L
ἐδύτην,1,L
ἐείκοσι,3,S
ἐείκοσιν,3,S
ἐείσαο,2,S
ἐείσατο,2,S
ἐεισάμενος,2,S
ἐεισαμένη,2,S
ἐελδομένοισι,5,S
ἐελδομένοισιν,5,S
ἐθέλοιμι,3,S
ἐθέλοντα,3,S
ἐθέλοντας,3,S
ἐθέλουσα,3,S
ἐθέλουσι,3,S
ἐθέλουσιν,3,S
ἐθέλωμι,3,S
ἐθέλωσιν,3,S
ἐθέλῃσι,3,S
ἐθέλῃσιν,3,S
ἐκάη,1,S
ἐκάθηρε,1,S
ἐκάλυψα,1,S
ἐκάλυψαν,1,S
ἐκάλυψε,1,S
ἐκάλυψεν,1,S
ἐκάπυσσε,1,S
ἐκέκλιτο,2,S
ἐκέλευσα,3,S
ἐκέλευσαν,3,S
ἐκίδνατο,2,S
ἐκίνηθεν,1,L
ἐκαλέσσατο,1,S
ἐκαλέσσατο,3,S
ἐκαρτύναντο,2,L
ἐκβαίνοντα,3,S
ἐκγεγάμεν,2,S
ἐκγεγαυῖα,2,S
ἐκγεγαῶτι,2,S
ἐκκατεπᾶλτο,1,S
ἐκκατιδών,1,S
ἐκκατιδών,2,S
ἐκλέλαθον,2,S
ἐκλελαθέσθαι,2,S
ἐκμυζήσας,3,L
ἐκπέρσαντα,3,S
ἐκπαγλότατ’,3,S
ἐκπεφυυῖαι,2,S
ἐκρίνατ’,1,L
ἐκρίνατ’,2,S
ἐκτάμνῃσιν,3,S
ἐκτήσατο,2,S
ἐκταδίην,1,S
ἐκταδίην,2,S
ἐκτανύσας,1,S
ἐκτανύσας,2,S
ἐκτανύσας,3,L
ἐκτελέουσιν,4,S
ἐκτελέσωσι,4,S
ἐκυλίνδετο,1,S
ἐκφανεῖ,1,S
ἐκφυγέειν,1,S
ἐκχυμένοιο,1,S
ἐκόνισε,2,L
ἐκώκυε,2,S
ἐλάαν,1,S
ἐλάνθανον,2,S
ἐλάσαι,1,S
ἐλάσαντας,1,S
ἐλάσαντας,3,S
ἐλάσας,1,S
ἐλάσας,2,L
ἐλάσασκεν,1,S
ἐλάσωσι,1,S
ἐλάσωσι,3,S
ἐλάτην,1,S
ἐλάτης,1,S
ἐλάτῃσι,1,S
ἐλάτῃσιν,1,S
ἐλάτῃσιν,3,S
ἐλάφοιο,1,S
ἐλάφοισιν,1,S
ἐλάφοισιν,3,S
ἐλέγχεα,3,S
ἐλέξατο,2,S
ἐλέφαντι,3,S
ἐλήλαται,2,S
ἐλήλατο,2,S
ἐλαΐνῳ,1,L
ἐλαΐνῳ,2,S
ἐλασαίατο,1,S
ἐλασαίατο,3,S
ἐλατῆρί,1,S
ἐλατῆρί,3,S
ἐλαφηβόλος,1,S
ἐλαφρά,2,S
ἐλαφροτάτην,3,S
ἐλαφρότατος,3,S
ἐλαφρὰ,2,S
ἐλαύνωσιν,3,L
ἐλεεινὰ,3,S
ἐλεοῖσιν,3,S
ἐλεφηράμενος,3,S
ἐλθοῦσα,2,S
ἐλθοῦσαν,2,S
ἐλθόντα,2,S
ἐλθόντι,2,S
ἐλιάσθη,1,S
ἐλλεδανοῖσι,2,S
ἐλλεδανοῖσι,4,S
ἐλόωσι,3,S
ἐλύσαο,1,L
ἐλύσαο,2,S
ἐλύσατο,1,L
ἐλύσατο,2,S
ἐμάρνατο,2,S
ἐμάς,1,L
ἐμάτησε,1,S
ἐμάχοντο,1,S
ἐμήνιε,2,S
ἐμίγην,1,S
ἐμίγης,1,S
ἐμαράνθη,1,S
ἐμαραίνετο,1,S
ἐμβάλοι,1,S
ἐμβέβασαν,2,S
ἐμβαδὸν,1,S
ἐμβαλέειν,1,S
ἐμβασίλευεν,1,S
ἐμβασίλευεν,2,S
ἐμβεβαυῖα,2,S
ἐμβεβαῶτα,2,S
ἐμμαπέως,1,S
ἐμμεμαυῖα,2,S
ἐμμεμαυῖα,4,S
ἐμμεμαώς,2,S
ἐμμεμαὼς,2,S
ἐμμεμαῶτ’,2,S
ἐμνήσατο,2,S
ἐμοῖσιν,2,S
ἐμπίπληθι,3,S
ἐμπεφυυῖα,2,S
ἐμπεφυυῖα,4,S
ἐμπεφύασι,2,S
ἐμπεφύασι,3,L
ἐμπεφύασι,4,S
ἐμπλησάμενος,2,S
ἐμπυριβήτην,1,S
ἐμπυριβήτην,2,S
ἐμὰ,1,S
ἐμὰς,1,L
ἐνάριζε,1,S
ἐνάριζεν,1,S
ἐνάριζον,1,S
ἐνάριξα,1,S
ἐνάριξα,3,S
ἐνάριξε,1,S
ἐνάρων,1,S
ἐνάτη,1,S
ἐνένιπεν,2,L
ἐνέροισιν,3,S
ἐνήρατο,2,S
ἐνίετε,1,L
ἐνίζανον,2,S
ἐνίκα,1,L
ἐνίκα,2,L
ἐνίκησα,1,L
ἐνίκησεν,1,L
ἐνίκων,1,L
ἐναίσιμα,2,S
ἐναίσιμα,3,S
ἐναίσιμοι,2,S
ἐναίσιμον,2,S
ἐναίσιμος,2,S
ἐναλίγκιον,1,S
ἐναλίγκιον,3,S
ἐναλίγκιος,1,S
ἐναλίγκιος,3,S
ἐναντίβιον,2,S
ἐναντίβιον,3,S
ἐναντίη,2,S
ἐναντίοι,2,S
ἐναντίον,2,S
ἐναντίος,2,S
ἐναντίω,2,S
ἐναρίζοι,1,S
ἐναρίζων,1,S
ἐναρίθμιος,1,S
ἐναρίθμιος,3,S
ἐνδέξια,2,S
ἐνδέξια,3,S
ἐνδίεσαν,1,S
ἐνδυκέως,1,S
ἐνδῦσα,1,L
ἐνδῦσα,2,S
ἐνείκεσας,3,S
ἐνηέα,3,S
ἐνθάδε,1,S
ἐνθάδ’,1,S
ἐνιαυτοί,1,S
ἐνιαυτοὺς,1,S
ἐνιαυτόν,1,S
ἐνιαυτὸν,1,S
ἐνιαυτὸς,1,S
ἐνιαυτῶν,1,S
ἐνιαυτῷ,1,S
ἐνικλᾶν,2,L
ἐνιπήν,1,L
ἐνιπρήσει,1,S
ἐνιπρήσωσι,4,S
ἐνιπὴν,1,L
ἐνιπῇ,1,L
ἐνιχριμφθέντα,4,S
ἐννέα,2,S
ἐννεάπηχυ,2,S
ἐννεαβοίων,2,S
ἐννεακαίδεκα,2,S
ἐννεακαίδεκα,5,S
ἐννεσίῃσιν,2,S
ἐννοσίγαιε,2,S
ἐννοσίγαιον,2,S
ἐννοσίγαιος,2,S
ἐννοσίγαι’,2,S
ἐννοσιγαίῳ,2,S
ἐννύχιοι,1,S
ἐννύχιοι,2,S
ἐννύχιος,1,S
ἐννύχιος,2,S
ἐντέταται,2,S
ἐντέτατο,2,S
ἐντεσιεργούς,2,S
ἐντροπαλιζομένη,2,S
ἐντροπαλιζομένην,2,S
ἐντροπαλιζόμενος,2,S
ἐντυπὰς,1,S
ἐντυπὰς,2,S
ἐντύνασαν,1,L
ἐντύνασαν,2,L
ἐντύνασαν,3,S
ἐντύνοντο,1,L
ἐνυάλιος,1,L
ἐνυάλιος,2,S
ἐνυάλιος,3,S
ἐνυαλίοιο,1,L
ἐνυαλίοιο,2,S
ἐνυαλίοιο,3,S
ἐνυαλίῳ,1,L
ἐνυαλίῳ,2,S
ἐνυαλίῳ,3,S
ἐνυώ,1,L
ἐνυῆος,1,L
ἐνόησα,3,S
ἐνύπνιον,2,S
ἐνώπια,2,S
ἐνώπια,3,S
ἐνὶ,1,S
ἐνῶπα,2,S
ἐξάγαγε,1,S
ἐξάγαγε,2,S
ἐξέκλυες,2,S
ἐξέλασε,2,S
ἐξέλασ’,2,S
ἐξέλκουσα,3,S
ἐξέρυσε,2,S
ἐξέρυσεν,2,S
ἐξέρυσ’,2,S
ἐξέσπασε,2,S
ἐξέσσυτο,2,S
ἐξέταμον,2,S
ἐξέταμ’,2,S
ἐξήγαγε,2,S
ἐξήλατον,2,S
ἐξίκετο,1,L
ἐξαίνυτο,2,S
ἐξαγάγοις,1,S
ἐξαγάγοις,2,S
ἐξαγαγόντες,1,S
ἐξαγαγόντες,2,S
ἐξακέσαιο,1,S
ἐξαλάπαξε,1,S
ἐξαλάπαξε,2,S
ἐξαλαπάξαι,1,S
ἐξαλαπάξαι,2,S
ἐξαλαπάξας,1,S
ἐξαλαπάξας,2,S
ἐξαλαπάξειν,1,S
ἐξαλαπάξειν,2,S
ἐξαλαπάξῃ,1,S
ἐξαλαπάξῃ,2,S
ἐξαναλῦσαι,1,S
ἐξαναλῦσαι,2,S
ἐξαναλῦσαι,3,L
ἐξανιεῖσαι,1,S
ἐξανιεῖσαι,2,S
ἐξαπάφοιτο,1,S
ἐξαπάφοιτο,2,S
ἐξαπάφοιτ’,1,S
ἐξαπάφοιτ’,2,S
ἐξαπίνης,1,S
ἐξαπίνης,2,S
ἐξαπατήσειν,1,S
ἐξαπατήσειν,2,S
ἐξαποδίωμαι,1,L
ἐξαποδίωμαι,3,S
ἐξαπολοίατ’,1,S
ἐξαπολοίατ’,4,S
ἐξαπονέεσθαι,1,L
ἐξαποτίνοις,1,S
ἐξαποτίνοις,3,L
ἐξαπόλωλε,1,S
ἐξαύδα,2,L
ἐξαῦτις,2,S
ἐξείνισσα,3,S
ἐξείρυσε,2,S
ἐξεκυλίσθη,2,S
ἐξελάαν,2,S
ἐξελάαν,3,L
ἐξελάθοντο,2,S
ἐξελάσαι,2,S
ἐξελάσειε,2,S
ἐξελθόντα,3,S
ἐξενάριζεν,2,S
ἐξενάριξα,2,S
ἐξενάριξα,4,S
ἐξενάριξαν,2,S
ἐξενάριξας,2,S
ἐξενάριξε,2,S
ἐξενάριξεν,2,S
ἐξεναρίζεις,2,S
ἐξεναρίζων,2,S
ἐξεναρίξας,2,S
ἐξεναρίξει,2,S
ἐξεναρίξων,2,S
ἐξεναρίξῃς,2,S
ἐξεπράθομεν,2,S
ἐξερίπῃ,2,S
ἐξεριποῦσα,2,S
ἐξεριποῦσα,4,S
ἐξερύοι,2,S
ἐξερύσαι,2,S
ἐξερύσασκε,2,S
ἐξεσάωσεν,2,S
ἐξεσίην,2,S
ἐξετάνυσσ’,2,S
ἐξετανύσθη,2,S
ἐξεφάανθεν,2,S
ἐξεφάνη,2,S
ἐξεφαάνθη,2,S
ἐξιέναι,1,S
ἐξιθύνει,1,L
ἐξιθύνει,2,L
ἐξοίσουσιν,3,S
ἐξοιχνεῦσι,3,S
ἐξοπίσω,2,S
ἐξυπανέστη,1,S
ἐξυπανέστη,2,S
ἐξόπιθεν,2,S
ἐοίκεσαν,3,S
ἐοικότα,3,S
ἐοῦσα,2,S
ἐοῦσαν,2,S
ἐπάγη,1,S
ἐπάειραν,1,S
ἐπάκουσαν,1,S
ἐπάλαιον,1,S
ἐπάλξεσιν,3,S
ἐπάλξιες,2,S
ἐπάλξιος,2,S
ἐπάλυνεν,1,S
ἐπάλυνεν,2,L
ἐπάμυνε,1,S
ἐπάμυνε,2,L
ἐπάμυνον,1,S
ἐπάμυνον,2,L
ἐπέβρισαν,2,L
ἐπέδραμον,2,S
ἐπέεσσί,3,S
ἐπέεσσι,3,S
ἐπέεσσιν,3,S
ἐπέκλυε,2,S
ἐπέντυε,2,S
ἐπέπτατο,2,S
ἐπέσσυται,2,S
ἐπέσσυτο,2,S
ἐπέφραδε,2,S
ἐπέφραδον,2,S
ἐπέχραον,2,S
ἐπήλυθε,2,S
ἐπήλυθεν,2,S
ἐπήπυον,2,S
ἐπήρατον,2,S
ἐπήτριμα,2,S
ἐπήτριμα,3,S
ἐπήτριμοι,2,S
ἐπήϊεν,2,S
ἐπί,1,S
ἐπίαχον,1,L
ἐπίαχον,2,S
ἐπίβησον,1,S
ἐπίδαυρον,1,S
ἐπίεζε,1,S
ἐπίηρα,1,S
ἐπίηρα,3,S
ἐπίθοντο,1,S
ἐπίκουροι,1,S
ἐπίκουρος,1,S
ἐπίμεινον,1,S
ἐπίνυσσεν,1,S
ἐπίορκον,1,S
ἐπίουρον,1,S
ἐπίστατο,2,S
ἐπίστορα,3,S
ἐπίτειλον,1,S
ἐπαΐξαι,1,L
ἐπαΐξαντες,1,L
ἐπαΐξας,1,L
ἐπαΐξας,3,L
ἐπαΐξασθαι,1,L
ἐπαΐξασκε,1,L
ἐπαΐσσει,1,L
ἐπαΐσσοντα,1,L
ἐπαΐσσοντα,4,S
ἐπαΐσσονται,1,L
ἐπαΐσσων,1,L
ἐπαίτιοι,2,S
ἐπαγείρειν,1,S
ἐπαγλαϊεῖσθαι,2,S
ἐπαγλαϊεῖσθαι,3,S
ἐπαείρας,1,S
ἐπαιτήσειας,4,S
ἐπακούεις,1,S
ἐπακούσω,1,S
ἐπακοῦσαι,1,S
ἐπαλεξήσουσαν,1,S
ἐπαλεξήσουσαν,5,S
ἐπαμείψομεν,1,S
ἐπαμυνέμεν,1,S
ἐπαμυνέμεν,2,L
ἐπαμύνειν,1,S
ἐπαμύνειν,2,L
ἐπαμύνομεν,1,S
ἐπαμύνομεν,2,L
ἐπαμύντωρ,1,S
ἐπαμύνω,1,S
ἐπαμύνω,2,L
ἐπαμῦναι,1,S
ἐπαμῦναι,2,L
ἐπαρήγει,1,S
ἐπαρήγειν,1,S
ἐπαρήρει,1,S
ἐπαρξάμενοι,2,S
ἐπαρὰς,1,L
ἐπασσυτέρους,2,S
ἐπασσύτεραι,2,S
ἐπασσύτεροι,2,S
ἐπασσύτερον,2,S
ἐπαυσάμεθα,2,S
ἐπεδραμέτην,2,S
ἐπειγομένοισι,5,S
ἐπειρᾶτο,2,L
ἐπεμήνατο,3,S
ἐπεμήνιε,3,S
ἐπεμβεβαὼς,3,S
ἐπεσσυμένους,2,S
ἐπεσσύμενον,2,S
ἐπεσσύμενος,2,S
ἐπεστενάχοντο,3,S
ἐπεστονάχησε,3,S
ἐπετράπομέν,2,S
ἐπευξάμενος,2,S
ἐπευφήμησαν,4,S
ἐπεφράσατ’,2,S
ἐπεφράσατ’,3,S
ἐπεφράσω,2,S
ἐπεύξατο,2,S
ἐπηράτου,2,S
ἐπιάλμενον,1,S
ἐπιέλπεο,1,S
ἐπιβάντες,1,S
ἐπιβάντ’,1,S
ἐπιβήμεναι,1,S
ἐπιβήσεαι,1,S
ἐπιβήσεο,1,S
ἐπιβαίη,1,S
ἐπιβαινέμεν,1,S
ἐπιβαλλόμενος,1,S
ἐπιβασκέμεν,1,S
ἐπιβαῖεν,1,S
ἐπιβησέμεν,1,S
ἐπιβησομένοισιν,1,S
ἐπιβησομένοισιν,6,S
ἐπιβησόμενον,1,S
ἐπιβρίσῃ,2,L
ἐπιβὰς,1,S
ἐπιβὰς,2,L
ἐπιγνάμψασα,3,L
ἐπιγνάμψασα,4,S
ἐπιδέξι’,1,S
ἐπιδέξι’,3,S
ἐπιδήμιοι,1,S
ἐπιδήμιοι,3,S
ἐπιδευεῖς,1,S
ἐπιδευομένους,1,S
ἐπιδευὲς,1,S
ἐπιδεύεαι,1,S
ἐπιδεύετ’,1,S
ἐπιδεύομαι,1,S
ἐπιδημίου,1,S
ἐπιδημίου,3,S
ἐπιδινήσας,1,S
ἐπιδινήσας,2,L
ἐπιδινήσας,4,L
ἐπιδιφριάδος,1,S
ἐπιδιφριάδος,3,S
ἐπιδιφριάδος,4,S
ἐπιδοῦναι,1,S
ἐπιδραμέτην,2,S
ἐπιδωσόμεθ’,1,S
ἐπιδόντα,1,S
ἐπιδώμεθα,1,S
ἐπιδώμεθα,4,S
ἐπιείκελον,1,S
ἐπιείκελος,1,S
ἐπιείκελ’,1,S
ἐπιείσομαι,1,S
ἐπιεικέα,1,S
ἐπιεικέα,4,S
ἐπιεικές,1,S
ἐπιεικτόν,1,S
ἐπιεικτὸν,1,S
ἐπιεικὲς,1,S
ἐπιειμένε,1,S
ἐπιειμένοι,1,S
ἐπιειμένος,1,S
ἐπιζάφελος,2,S
ἐπιζαφελῶς,2,S
ἐπιθήματα,1,S
ἐπιθήματα,3,S
ἐπιθήματα,4,S
ἐπιθήσει,1,S
ἐπιθήσεις,1,S
ἐπιθήσω,1,S
ἐπιθεῖναι,1,S
ἐπιθεῖτε,1,S
ἐπιθρῴσκουσι,4,S
ἐπιθύουσι,1,L
ἐπιθύουσι,2,L
ἐπιθύουσι,4,S
ἐπικάρ,1,S
ἐπικίδναται,1,S
ἐπικίδναται,3,S
ἐπικεκλιμένας,1,S
ἐπικεκλιμένας,3,S
ἐπικεύσω,1,S
ἐπικλῆα,3,L
ἐπικουρήσοντα,1,S
ἐπικουρήσοντα,5,S
ἐπικούρους,1,S
ἐπικούρων,1,S
ἐπικρατέουσί,2,S
ἐπικρατέουσί,5,S
ἐπικρατέουσιν,2,S
ἐπικρατέουσιν,5,S
ἐπικρατέως,2,S
ἐπιλήσομαι,1,S
ἐπιλίγδην,1,L
ἐπιμάρτυρος,1,S
ἐπιμάρτυρος,3,S
ἐπιμάσσεται,1,S
ἐπιμέμφεαι,1,S
ἐπιμέμφεται,1,S
ἐπιμίσγομαι,1,S
ἐπιμισγομένων,1,S
ἐπιμνησαίμεθα,5,S
ἐπιμὶξ,1,S
ἐπινήνεον,1,S
ἐπινεφρίδιον,1,S
ἐπινεφρίδιον,3,S
ἐπινεφρίδιον,4,S
ἐπιξύνῳ,2,L
ἐπιορκήσω,1,S
ἐπιπείθεθ’,1,S
ἐπιπείθηται,1,S
ἐπιπείσεαι,1,S
ἐπιπείσεται,1,S
ἐπιπείσομαι,1,S
ἐπιπλώσας,3,L
ἐπιπνείουσα,4,S
ἐπιπροΐηλε,3,S
ἐπιπροέηκα,5,S
ἐπιπωλεῖται,1,S
ἐπισσείῃσιν,4,S
ἐπιστάμεθα,2,S
ἐπιστάμενοι,2,S
ἐπιστάμενος,2,S
ἐπισταίμεσθα,4,S
ἐπισταμένοισι,2,S
ἐπισταμένοισι,5,S
ἐπισταμένως,2,S
ἐπισταμένῳ,2,S
ἐπιστεφέας,4,L
ἐπισφυρίοις,2,S
ἐπισφυρίοις,3,S
ἐπιτάρροθοι,1,S
ἐπιτάρροθον,1,S
ἐπιτάρροθος,1,S
ἐπιτάρροθός,1,S
ἐπιτέλλεαι,1,S
ἐπιτέλλεο,1,S
ἐπιτέλλομαι,1,S
ἐπιτέλλω,1,S
ἐπιτέτραπται,1,S
ἐπιταρρόθω,1,S
ἐπιτείλας,1,S
ἐπιτείλω,1,S
ἐπιτεῖλαι,1,S
ἐπιτηδὲς,1,S
ἐπιτράπεθ’,2,S
ἐπιτραπέουσι,2,S
ἐπιτραπέουσι,5,S
ἐπιτροχάδην,3,S
ἐπιφρασσαίατο,4,S
ἐπιφρασσαίμεθα,5,S
ἐπιχεῦαι,1,S
ἐπιχθονίων,3,S
ἐπιχθόνιοι,3,S
ἐπιχθόνιος,3,S
ἐπιόντα,1,S
ἐπιόντα,3,S
ἐπιόντας,1,S
ἐπιόντας,3,S
ἐπιόψομαι,1,S
ἐπιών,1,S
ἐποίπνυον,2,S
ἐπομφάλιον,2,S
ἐπομφάλιον,3,S
ἐπορεξάμενος,3,S
ἐποτρύνει,2,L
ἐποτρύνητον,2,L
ἐποτρύνοντα,2,L
ἐποτρύνοντα,4,S
ἐποτρύνουσα,2,L
ἐποτρύνουσα,4,S
ἐποτρύνω,2,L
ἐποτρύνων,2,L
ἐποτρύνῃ,2,L
ἐποτρύνῃσι,2,L
ἐποτρύνῃσι,4,S
ἐπουρανίοισι,2,S
ἐπουρανίοισι,3,S
ἐπουρανίοισι,5,S
ἐπουρανίοισιν,2,S
ἐπουρανίοισιν,3,S
ἐπουρανίοισιν,5,S
ἐπόρνυε,2,S
ἐπόρουσα,3,S
ἐπόρουσαν,3,S
ἐπότρυνον,2,L
ἐπύθοντο,1,S
ἐπώνυμον,2,S
ἐπώχατο,2,S
ἐπὶ,1,S
ἐρέβεσφιν,3,S
ἐρέουσα,3,S
ἐρέουσιν,3,S
ἐρήτυε,2,S
ἐρήτυθεν,2,L
ἐρήτυον,2,S
ἐρίβωλον,1,S
ἐρίηρας,1,S
ἐρίηρας,3,S
ἐρίηρες,1,S
ἐρίηρος,1,S
ἐρίθοισιν,1,L
ἐρίπῃσιν,1,S
ἐρίσαντε,1,S
ἐρίσαντες,1,S
ἐρίτιμον,1,S
ἐρίτιμον,2,L
ἐρίφοισι,1,S
ἐρίφων,1,S
ἐρατίζων,1,S
ἐρατεινάς,1,S
ἐρατεινήν,1,S
ἐρατεινὰ,1,S
ἐρατεινὰ,3,S
ἐρατεινὰς,1,S
ἐρατεινὴν,1,S
ἐρατεινῆς,1,S
ἐρατὰ,1,S
ἐρείσατο,2,S
ἐρεισάμενος,2,S
ἐρευθαλίωνα,2,S
ἐρευθαλίωνα,3,S
ἐρευθαλίωνα,5,S
ἐρηρέδαται,3,S
ἐρητύειν,2,L
ἐρητύετ’,2,S
ἐρητύοντο,2,L
ἐρητύοντό,2,L
ἐρητύσασκε,2,L
ἐρητύσειέ,2,L
ἐριβώλακα,1,S
ἐριβώλακα,3,S
ἐριβώλακα,4,S
ἐριβώλακι,1,S
ἐριβώλακι,3,S
ἐριβώλακι,4,S
ἐριβώλακος,1,S
ἐριβώλακος,3,S
ἐριβώλου,1,S
ἐριδήσασθαι,1,L
ἐριδαίνετον,1,S
ἐριδαίνομεν,1,S
ἐριδμαίνωσιν,4,S
ἐριδούπου,1,S
ἐριδούπων,1,S
ἐριθηλέων,1,S
ἐριθηλὲς,1,S
ἐρικυδέα,1,S
ἐρικυδέα,2,L
ἐρικυδέα,4,S
ἐρικυδέος,1,S
ἐρικυδέος,2,L
ἐριμύκων,1,S
ἐριμύκων,2,L
ἐρινεόν,1,L
ἐρινεὸν,1,L
ἐρινύας,1,L
ἐρινύας,2,S
ἐρινύας,3,S
ἐρινύες,1,L
ἐρινύες,2,S
ἐρινύς,1,L
ἐρινὺς,1,L
ἐρινῦς,1,L
ἐριούνης,1,S
ἐριούνιον,1,S
ἐριούνιον,3,S
ἐριούνιος,1,S
ἐριούνιος,3,S
ἐριποῦσα,1,S
ἐριποῦσα,3,S
ἐριποῦσ’,1,S
ἐριπών,1,S
ἐριπὼν,1,S
ἐριτίμοιο,1,S
ἐριτίμοιο,2,L
ἐριχθόνιον,3,S
ἐριώπιδος,1,S
ἐριώπιδος,3,S
ἐρράδατ’,1,S
ἐρράδατ’,2,S
ἐρρίγῃσι,1,L
ἐρρίγῃσι,3,S
ἐρρύσατο,1,L
ἐρρύσατο,2,S
ἐρυθίνους,1,S
ἐρυθίνους,2,L
ἐρυθαίνετο,1,S
ἐρυκάκετε,1,L
ἐρυκάκετε,2,S
ἐρυκάκοι,1,L
ἐρυκάκοι,2,S
ἐρυκέμεν,1,L
ἐρυκακέειν,1,L
ἐρυκακέειν,2,S
ἐρυκόντων,1,L
ἐρυσάρματας,1,S
ἐρυσάρματας,3,S
ἐρυσάρματας,4,S
ἐρυσάρματες,1,S
ἐρυσάρματες,3,S
ἐρυσίπτολι,1,S
ἐρυσίπτολι,4,S
ἐρυσαίατο,1,S
ἐρυσαίατο,3,S
ἐρυσαίμεθα,1,S
ἐρυσαίμεθα,4,S
ἐρυσσάμενος,2,S
ἐρχομενάων,3,L
ἐρωήσουσι,4,S
ἐρύειν,1,S
ἐρύεσθαι,1,S
ἐρύετο,1,L
ἐρύκακε,1,L
ἐρύκακε,2,S
ἐρύκακεν,1,L
ἐρύκακεν,2,S
ἐρύκει,1,L
ἐρύκεσθον,1,L
ἐρύκεται,1,L
ἐρύκω,1,L
ἐρύκων,1,L
ἐρύλαον,1,S
ἐρύλαον,2,L
ἐρύμαντα,1,S
ἐρύμαντα,3,S
ἐρύοντα,1,S
ἐρύοντα,3,S
ἐρύοντι,1,S
ἐρύοντι,3,S
ἐρύοντο,1,S
ἐρύουσι,1,S
ἐρύουσι,3,S
ἐρύουσιν,1,S
ἐρύουσιν,3,S
ἐρύσαι,1,S
ἐρύσαιμ’,1,S
ἐρύσαιο,1,S
ἐρύσαιτο,1,S
ἐρύσαιτ’,1,S
ἐρύσαντες,1,S
ἐρύσαντο,1,S
ἐρύσαντό,1,S
ἐρύσας,1,S
ἐρύσασθαι,1,S
ἐρύσασ’,1,S
ἐρύσασ’,2,L
ἐρύσατο,1,L
ἐρύσατο,2,S
ἐρύσσατο,2,S
ἐρύσῃ,1,S
ἐρύων,1,S
ἐρῳδιὸν,2,S
ἐσάγουσα,1,S
ἐσάγουσα,3,S
ἐσάκουσε,1,S
ἐσάωσε,1,S
ἐσάωσεν,1,S
ἐσέδρακον,2,S
ἐσήλατο,2,S
ἐσδύσεαι,1,L
ἐσεμάσσατο,3,S
ἐσθίει,1,S
ἐσθλά,1,S
ἐσιδοῦσα,1,S
ἐσκέδασ’,2,S
ἐσπάσατο,1,S
ἐσπάσατο,2,S
ἐσπάσατ’,1,S
ἐσπάσατ’,2,S
ἐσσί,1,S
ἐσσι,1,S
ἐσσομένοισι,4,S
ἐσσυμένους,1,S
ἐσσυμένως,1,S
ἐσσύμενοί,1,S
ἐσσύμενον,1,S
ἐσσύμενόν,1,S
ἐσσύμενός,1,S
ἐστί,1,S
ἐστεφάνωται,2,S
ἐστεφάνωτο,2,S
ἐστι,1,S
ἐστιν,1,S
ἐστιχόωντο,1,S
ἐστρατόωνθ’,1,S
ἐστρατόωντο,1,S
ἐστυφέλιξαν,1,S
ἐστυφέλιξε,1,S
ἐστὶ,1,S
ἐστὶν,1,S
ἐσχάραι,1,S
ἐσχατιὴν,1,S
ἐσχατιὴν,2,S
ἐσχατιῇ,1,S
ἐσχατιῇ,2,S
ἐσχατόωντα,1,S
ἐσχατόωσα,1,S
ἐσύλα,1,L
ἐσύλα,2,L
ἐσύλευον,1,L
ἐτάλασσας,1,S
ἐτάνυσσε,1,S
ἐτάραξε,1,S
ἐτήτυμον,2,S
ἐτήτυμος,2,S
ἐτίναξε,1,S
ἐτίναξεν,1,S
ἐτίομεν,1,L
ἐτίσατο,1,L
ἐτίσατο,2,S
ἐτίταινε,1,S
ἐτεά,2,L
ἐτετεύχατο,3,S
ἐτιταίνετο,1,S
ἐτράπετο,1,S
ἐτράπετ’,1,S
ἐτράφημεν,1,S
ἐτραφέτην,1,S
ἐτύπη,1,S
ἐτύχησε,1,S
ἐτύχησεν,1,S
ἐτώσια,2,S
ἐτώσια,3,S
ἐτώσιον,2,S
ἐφάμην,1,S
ἐφάνη,1,S
ἐφέηκα,3,S
ἐφέστασαν,2,S
ἐφέστασαν,3,S
ἐφέστιοι,2,S
ἐφήνδανε,2,S
ἐφίει,1,L
ἐφίζανε,2,S
ἐφίκοντο,1,S
ἐφίλατο,1,L
ἐφίλατο,2,S
ἐφίλει,1,S
ἐφίλησα,1,S
ἐφίλησαν,1,S
ἐφίστατο,2,S
ἐφελκομένοισι,5,S
ἐφεσταότες,2,S
ἐφεσταότος,2,S
ἐφεστᾶσιν,2,L
ἐφημοσύνης,3,S
ἐφθίαθ’,1,S
ἐφθίαθ’,2,S
ἐφιεμένῃ,1,L
ἐφιεὶς,1,L
ἐφιζανέτην,2,S
ἐφοίτα,2,L
ἐφορμηθέντα,4,S
ἐφορμᾶται,2,L
ἐφράσαθ’,1,S
ἐφράσαθ’,2,S
ἐφράσσατο,2,S
ἐφύπερθε,1,S
ἐφύρη,1,S
ἐφύρης,1,S
ἐφύρους,1,S
ἐφύσων,1,L
ἐφύτευσαν,1,S
ἐφῆκα,2,S
ἐχάρη,1,S
ἐχέμμονά,3,S
ἐχίοιο,1,S
ἐχίον,1,S
ἐχεύατο,2,S
ἐχθρὰ,1,S
ἐχινάων,1,L
ἐχινάων,2,L
ἐχολώσατο,3,S
ἐχώμεθα,3,S
ἐχώσατο,2,S
ἐϊκυῖα,1,S
ἐϊκυῖα,3,S
ἐϊκυῖαν,1,S
ἐϊκυῖαν,3,S
ἐϊκυῖ’,1,S
ἐϊκὼς,1,S
ἐϋκλεῖας,3,L
ἐϋκνήμιδας,3,L
ἐϋκνήμιδας,4,S
ἐϋκνήμιδες,3,L
ἐϋκτίμενον,2,S
ἐϋκτιμένας,2,S
ἐϋκτιμένην,2,S
ἐϋκτιμένης,2,S
ἐϋκτιμένῃ,2,S
ἐϋμμελίαι,3,S
ἐϋμμελίην,3,S
ἐϋμμελίης,3,S
ἐϋμμελίω,3,S
ἐϋπέπλων,1,S
ἐϋπέπλῳ,1,S
ἐϋπήκτου,1,S
ἐϋπλοκάμοις,3,S
ἐϋπλοκάμοισι,3,S
ἐϋπλοκάμοισι,5,S
ἐϋπλόκαμοι,3,S
ἐϋπλόκαμος,3,S
ἐϋπλόκαμός,3,S
ἐϋρρείταο,3,L
ἐϋστέφανος,3,S
ἐϋσταθέος,2,S
ἐϋστεφάνῳ,3,S
ἐϋστρεφέα,4,L
ἐϋτμήτοισιν,4,S
ἐϋτρήτοισι,4,S
ἐϋφρανέω,2,S
ἐόντα,2,S
ἐόντας,2,S
ἐόντι,2,S
ἐὼνὅτι,3,S
ἐῢ,1,S
ἐῢς,1,S
ἑάων,1,L
ἑέσσατο,2,S
ἑήνδανεν,2,S
ἑαδότα,1,L
ἑαδότα,3,S
ἑανοῦ,1,L
ἑανὸν,1,L
ἑανῷ,1,L
ἑδανῷ,1,S
ἑδριόωντο,1,S
ἑκάβη,1,S
ἑκάβην,1,S
ἑκάβης,1,S
ἑκάεργε,1,S
ἑκάεργον,1,S
ἑκάεργος,1,S
ἑκάτερθεν,1,S
ἑκάτερθ’,1,S
ἑκάτοιο,1,S
ἑκαμήδη,1,S
ἑκαστάτω,2,S
ἑκατηβελέταο,1,S
ἑκατηβελέταο,5,L
ἑκατηβόλε,1,S
ἑκατηβόλου,1,S
ἑκατόγχειρον,1,S
ἑκατόζυγος,1,S
ἑκατόζυγος,3,S
ἑκατόμβας,1,S
ἑκατόμβην,1,S
ἑκατόμβης,1,S
ἑκατόμβοιον,1,S
ἑκατόμβοιος,1,S
ἑκατόμβοι’,1,S
ἑκατόμπεδον,1,S
ἑκατόμπολιν,1,S
ἑκατόμπολιν,4,S
ἑκατόν,1,S
ἑκατὸν,1,S
ἑκηβολίαι,3,S
ἑκκαιδεκάδωρα,3,S
ἑκκαιδεκάδωρα,5,S
ἑκτορίδην,2,S
ἑκυρή,1,S
ἑκυρὲ,1,S
ἑκυρὸς,1,S
ἑκυρῆς,1,S
ἑκὰς,1,S
ἑλίκην,1,S
ἑλίκωπας,1,S
ἑλίκωπας,3,S
ἑλίκωπες,1,S
ἑλικάων,1,S
ἑλικάων,2,L
ἑλικώνιον,1,S
ἑλικώνιον,3,S
ἑλικώπιδα,1,S
ἑλικώπιδα,3,S
ἑλικώπιδα,4,S
ἑλιξάμενος,2,S
ἑλκεσιπέπλους,2,S
ἑλκεχίτωνες,2,S
ἑλλάδα,1,S
ἑλλάδα,2,S
ἑλλάδι,1,S
ἑλλάδι,2,S
ἑλλάδος,1,S
ἑλοίμεθα,3,S
ἑλοῦσα,2,S
ἑλόμεσθα,3,S
ἑλώρια,2,S
ἑλώρια,3,S
ἑνδεκάπηχυ,2,S
ἑνδεκάπηχυ,4,S
ἑνδεκάτη,2,S
ἑνδεκάτῃ,2,S
ἑνὶ,1,S
ἑξήκοντα,3,S
ἑοῖσι,2,S
ἑπταβόειον,1,S
ἑπταπόδην,1,S
ἑπταπύλοιο,1,S
ἑπταπύλοιο,2,S
ἑπτὰ,1,S
ἑπόμεσθα,3,S
ἑρκίον,1,S
ἑρμεία,2,L
ἑρμείαν,2,L
ἑρμείας,2,L
ἑρμιόνην,1,S
ἑσπέριος,2,S
ἑσσάμενοι,1,S
ἑσσαμένω,1,S
ἑστάμεν,1,S
ἑστάμεναι,1,S
ἑστήκασιν,2,L
ἑστήκασιν,3,S
ἑσταότα,1,S
ἑσταότας,1,S
ἑσταότες,1,S
ἑσταότος,1,S
ἑσταότ’,1,S
ἑστᾶσι,1,L
ἑστᾶσιν,1,L
ἑστᾶσ’,1,L
ἑτάρη,1,S
ἑτάροιο,1,S
ἑτάροισι,1,S
ἑτάροισι,3,S
ἑτάροισιν,1,S
ἑτάροισιν,3,S
ἑτάρου,1,S
ἑτάρους,1,S
ἑτάρων,1,S
ἑτάρῳ,1,S
ἑτέρηφι,3,S
ἑτέροισι,3,S
ἑτέρωθι,3,S
ἑταρίσσαιτο,1,S
ἑτεραλκέα,4,S
ἑτοιμάσατ’,2,S
ἑτοιμάσατ’,3,S
ἑτοιμασάτω,2,S
ἑτοιμασάτω,3,S
ἑτοιμασσαίατ’,4,S
ἑτοῖμα,2,S
ἔα,1,L
ἔασας,1,L
ἔασε,1,L
ἔασεν,1,L
ἔασι,2,S
ἔασιν,1,L
ἔασιν,2,S
ἔασον,1,L
ἔασ’,1,L
ἔβαλε,1,S
ἔβαλεν,1,S
ἔβαλον,1,S
ἔβαλόν,1,S
ἔβαλ’,1,S
ἔβαν,1,L
ἔβλαβεν,1,S
ἔβραχ’,1,S
ἔβρισαν,1,L
ἔγκασι,1,S
ἔγκασι,2,S
ἔγκατα,1,S
ἔγκατα,2,S
ἔγχεΐ,2,S
ἔγχεα,2,S
ἔγχεσι,2,S
ἔγχεσιν,2,S
ἔγχεϊ,2,S
ἔδησαν,2,S
ἔδουσί,2,S
ἔδραμον,1,S
ἔδυ,1,L
ἔδυνε,1,L
ἔδυνεν,1,L
ἔδυνον,1,L
ἔδυσαν,1,L
ἔθηκα,2,S
ἔθηκαν,2,S
ἔθνεα,2,S
ἔκαμον,1,S
ἔκβαλε,1,S
ἔκβαλον,1,S
ἔκιον,1,S
ἔκλυε,1,S
ἔκλυεν,1,S
ἔκλυες,1,S
ἔκλυον,1,S
ἔκπαγλα,2,S
ἔκρινεν,1,L
ἔκτανε,1,S
ἔκτανεν,1,S
ἔκτανες,1,S
ἔκταν’,1,S
ἔκτοθι,2,S
ἔκτυπε,1,S
ἔκφυγε,1,S
ἔκφυγεν,1,S
ἔλαβε,1,S
ἔλαβεν,1,S
ἔλαβ’,1,S
ἔλαθε,1,S
ἔλαθεν,1,S
ἔλαθ’,1,S
ἔλασαν,1,S
ἔλασε,1,S
ἔλασεν,1,S
ἔλασον,1,S
ἔλασ’,1,S
ἔλατον,1,S
ἔλαφον,1,S
ἔλαχον,1,S
ἔλαχόν,1,S
ἔλεξα,2,S
ἔλθῃσι,2,S
ἔλιπεν,1,S
ἔλιπον,1,S
ἔλλαβε,1,S
ἔλλαβ’,1,S
ἔλυσα,1,L
ἔλυσα,2,S
ἔλυσαν,1,L
ἔλυσαν,2,S
ἔλυσε,1,L
ἔλυσεν,1,L
ἔμβαλε,1,S
ἔμβαλεν,1,S
ἔμβαλον,1,S
ἔμβαλ’,1,S
ἔμπεδα,2,S
ἔμπνυτο,1,L
ἔναντα,2,S
ἔναρα,1,S
ἔνδιοι,1,L
ἔνδοθι,2,S
ἔνδυνε,1,L
ἔνεικαν,2,S
ἔνεστι,2,S
ἔνθά,1,S
ἔνθα,1,S
ἔνι,1,S
ἔννυχος,1,S
ἔντεα,2,S
ἔντερα,2,S
ἔντεσι,2,S
ἔντεσιν,2,S
ἔντυεν,1,S
ἔξαγε,1,S
ἔξαγ’,1,S
ἔξιδεν,1,S
ἔξοχα,2,S
ἔξυσ’,1,L
ἔολπα,2,S
ἔολπας,2,S
ἔπαλξιν,2,S
ἔπαυσας,2,S
ἔπεα,2,L
ἔπειτά,2,S
ἔπειτα,2,S
ἔπεσσί,2,S
ἔπι,1,S
ἔπραθον,1,S
ἔπτατο,1,S
ἔραμαι,1,S
ἔραται,1,S
ἔργα,1,S
ἔργαθεν,1,S
ἔργοισι,2,S
ἔργοισιν,2,S
ἔρεξα,2,S
ἔριδα,1,S
ἔριδα,2,L
ἔριδας,1,S
ἔριδι,1,S
ἔριδι,2,L
ἔριδος,1,S
ἔρισμα,2,S
ἔρνεϊ,2,S
ἔρριγα,1,L
ἔρριγα,2,S
ἔρριγ’,1,L
ἔρυκε,1,L
ἔρυμα,1,S
ἔρυξαν,2,S
ἔρυον,1,S
ἔρυσαν,1,S
ἔρυσεν,1,S
ἔρυσο,1,L
ἔρυτο,1,L
ἔρχαται,1,S
ἔρχατο,1,S
ἔσάν,1,S
ἔσαν,1,S
ἔσσευα,2,S
ἔσσυμαι,1,S
ἔσσυο,1,S
ἔσσυτο,1,S
ἔσσυτ’,1,S
ἔστί,1,S
ἔσταν,1,S
ἔστησαν,2,S
ἔστι,1,S
ἔστιν,1,S
ἔστιχον,1,S
ἔσχατοι,1,S
ἔτι,1,S
ἔτισαν,1,L
ἔτισας,1,L
ἔτισε,1,L
ἔτισεν,1,L
ἔτραπε,1,S
ἔτραπεν,1,S
ἔτραφέ,1,S
ἔτρεσαν,2,S
ἔτυμον,1,S
ἔτυχες,1,S
ἔφαθ’,1,S
ἔφαν,1,S
ἔφασαν,1,S
ἔφατο,1,S
ἔφατ’,1,S
ἔφησθα,2,S
ἔφθιεν,1,S
ἔφθιτ’,1,S
ἔφυγες,1,S
ἔφυρον,1,L
ἔχαδε,1,S
ἔχεαν,2,L
ἔχθεα,2,S
ἔχματα,1,S
ἔχματα,2,S
ἔχοντα,2,S
ἔχοντας,2,S
ἔχουσα,2,S
ἔχουσι,2,S
ἔχραε,1,S
ἔωσι,2,S
ἔῃσι,2,S
ἕκαθεν,1,S
ἕκαστα,2,S
ἕκτορά,2,S
ἕκτορί,2,S
ἕκτορα,2,S
ἕκτορι,2,S
ἕλικας,1,S
ἕλικος,1,S
ἕλκεα,2,S
ἕλκεϊ,2,S
ἕλοιμί,2,S
ἕλωσί,2,S
ἕλωσι,2,S
ἕνα,1,S
ἕνδεκα,2,S
ἕξουσι,2,S
ἕρκεα,2,S
ἕρκεϊ,2,S
ἕρμα,1,S
ἕρματα,1,S
ἕρματα,2,S
ἕρξαντα,2,S
ἕσαθ’,1,S
ἕσαν,1,S
ἕσσατο,1,S
ἕστασαν,1,S
ἕστασαν,2,S
ἕστατε,1,S
ἕστορι,2,S
ἕταροι,1,S
ἕταρον,1,S
ἕταρόν,1,S
ἕταρ’,1,S
ἠΐθεοι,1,S
ἠΐθεον,1,S
ἠΐθεόν,1,S
ἠΐθεός,1,S
ἠΐχθησαν,3,S
ἠέλιον,2,S
ἠέλιος,2,S
ἠέλιόν,2,S
ἠέλιός,2,S
ἠέρα,2,S
ἠέρι,2,S
ἠέριαι,2,S
ἠΰκομος,1,S
ἠΰτε,1,S
ἠΰτ’,1,S
ἠγάγεθ’,1,S
ἠγάγετο,1,S
ἠγάθεον,1,S
ἠγάσσατο,2,S
ἠγίνεον,1,S
ἠγαθέην,1,S
ἠγαθέῃ,1,S
ἠγοράασθε,2,S
ἠελίοιο,2,S
ἠελίου,2,S
ἠελίῳ,2,S
ἠερίβοια,2,S
ἠερίη,2,S
ἠεροειδέα,5,S
ἠεροφοῖτις,4,S
ἠετίων,2,S
ἠετίωνα,2,S
ἠετίωνος,2,S
ἠκέσατ’,2,S
ἠκέστας,2,L
ἠλήλατο,2,S
ἠλίβατος,1,S
ἠλίβατος,2,S
ἠλασάμεσθα,1,S
ἠλασάμεσθα,2,S
ἠλασάμεσθα,4,S
ἠλείοισι,3,S
ἠλεύατο,2,S
ἠλιτόμηνον,1,S
ἠμάτιαι,1,S
ἠμάτιαι,2,S
ἠμαθίην,1,S
ἠμαθίην,2,S
ἠμαθόεντος,1,S
ἠμείψατ’,2,S
ἠμύνοντο,1,L
ἠμύσειε,1,L
ἠνίπαπε,1,L
ἠνίπαπε,2,S
ἠνεμόεσσαν,4,S
ἠνιοπῆα,1,S
ἠνοπίδην,2,S
ἠνορέηφι,4,S
ἠπίου,1,S
ἠπεδανὸς,2,S
ἠπιόδωρος,1,S
ἠπυτίδῃ,1,L
ἠπυτίδῃ,2,L
ἠπύει,1,S
ἠπύτα,1,S
ἠπύτα,2,S
ἠράμεθα,1,S
ἠράμεθα,3,L
ἠράσατ’,1,S
ἠράσατ’,2,S
ἠράσσατο,2,S
ἠρήσατο,2,S
ἠρίον,1,S
ἠρασάμην,1,S
ἠρασάμην,2,S
ἠριγενείης,1,S
ἠρύκακε,1,L
ἠρύκακε,2,S
ἠρᾶθ’,1,L
ἠρᾶτο,1,L
ἠρᾶτ’,1,L
ἠτίμασεν,1,L
ἠτίμασεν,2,S
ἠτίμησας,1,L
ἠτίμησας,3,S
ἠτίμησεν,1,L
ἠτίμησ’,1,L
ἠϊονῆος,1,S
ἠϊόεντι,1,S
ἠϊόεντι,4,S
ἠϊόνας,1,S
ἠϊόνες,1,S
ἠϊόνος,1,S
ἠϋγένειος,1,S
ἠϋκόμοιο,1,S
ἠῢν,1,S
ἡβώοιμι,3,S
ἡγήσατο,2,S
ἡγήσατ’,2,S
ἡγήτορα,3,S
ἡγήτορας,3,S
ἡγήτορι,3,S
ἡγεμόνεσσιν,4,S
ἡδέϊ,2,S
ἡδυεπὴς,1,S
ἡδὺ,1,S
ἡλικίην,1,S
ἡλικίην,2,S
ἡμάρτανε,2,S
ἡμέας,2,S
ἡμίονοι,1,S
ἡμίονον,1,S
ἡμίσεες,1,S
ἡμετέρας,3,L
ἡμετέρῃσι,4,S
ἡμετέρῃσιν,4,S
ἡμετεράων,3,L
ἡμιδαὴς,1,S
ἡμιδαὴς,2,S
ἡμιθέων,1,S
ἡμιονείην,1,S
ἡμιπέλεκκα,1,S
ἡμιτάλαντον,1,S
ἡμιτάλαντον,2,S
ἡμιτελής,1,S
ἡμιόνειον,1,S
ἡμιόνοις,1,S
ἡμιόνοισιν,1,S
ἡμιόνοισιν,4,S
ἡμιόνους,1,S
ἡμιόνων,1,S
ἡμῖν,1,L
ἡνία,1,S
ἡνία,2,S
ἡνίοχοί,1,S
ἡνίοχοι,1,S
ἡνίοχον,1,S
ἡνίοχος,1,S
ἡνίοχόν,1,S
ἡνί’,1,S
ἡνιοχῆα,1,S
ἡνιοχῆες,1,S
ἡνιόχευεν,1,S
ἡνιόχευ’,1,S
ἡνιόχοιο,1,S
ἡνιόχοισι,1,S
ἡνιόχοισι,4,S
ἡνιόχους,1,S
ἡνιόχῳ,1,S
ἡρακλεΐδαο,3,S
ἡρακλεΐδαο,4,L
ἡρώεσσιν,3,S
ἡσύχιον,1,S
ἡσύχιον,2,S
ἤγαγε,1,S
ἤγαγεν,1,S
ἤγαγον,1,S
ἤγαγ’,1,S
ἤγειρα,2,S
ἤγειραν,2,S
ἤγειρας,2,S
ἤειραν,2,S
ἤλασαν,1,S
ἤλασαν,2,S
ἤλασε,1,S
ἤλασεν,1,S
ἤλασ’,1,S
ἤλιδα,1,S
ἤλιδα,2,S
ἤλιδι,1,S
ἤλιδι,2,S
ἤλιδος,1,S
ἤλιθα,1,S
ἤλιθα,2,S
ἤλιτεν,1,S
ἤλυθε,1,S
ἤλυθεν,1,S
ἤλυθες,1,S
ἤλυθον,1,S
ἤλυθ’,1,S
ἤματί,1,S
ἤματί,2,S
ἤματα,1,S
ἤματα,2,S
ἤματι,1,S
ἤματι,2,S
ἤματ’,1,S
ἤμυσε,1,L
ἤνις,1,L
ἤνοπι,2,S
ἤπια,1,S
ἤπια,2,S
ἤπιος,1,S
ἤραρε,1,S
ἤρατο,1,S
ἤρατ’,1,S
ἤρικε,1,S
ἤριπε,1,S
ἤριπεν,1,S
ἤρτυνον,1,L
ἤρυγεν,1,S
ἤφυσ’,1,S
ἤϊε,1,S
ἤϊεν,1,S
ἤϊξαν,2,S
ἤϊσαν,1,S
ἤϊσαν,2,S
ἤϊ’,1,S
ἤϋσε,1,L
ἤϋσεν,1,L
ἤϋσ’,1,L
ἥατο,1,S
ἥατ’,1,S
ἥλοισι,2,S
ἥμασιν,1,S
ἥμασιν,2,S
ἥμεθα,2,S
ἥμιν,1,L
ἥμισυ,1,S
ἥμισυ,2,S
ἥνδανε,1,S
ἥρπασε,1,S
ἥρωα,2,S
ἥρωας,2,S
ἥρωϊ,2,S
ἥσσονας,2,S
ἥψατο,1,S
ἦκα,1,S
ἦμαρ,1,S
ἦνιν,1,L
ἦρα,1,S
ἦρι,1,S
ἦσαν,1,S
ἦσθα,1,S
ἧκα,1,S
ἧμιν,1,S
ἧπαρ,1,S
ἧφι,1,S
ἧχι,1,S
ἰάλμενον,0,S
ἰάλμενος,0,S
ἰάνασσα,0,S
ἰάνασσα,1,S
ἰάνειρά,0,S
ἰάνειρά,1,S
ἰάνειρά,3,S
ἰάονες,0,S
ἰάονες,1,L
ἰάπετός,0,L
ἰάπετός,1,S
ἰάχοντες,0,S
ἰάχοντες,1,S
ἰάχοντος,0,S
ἰάχοντος,1,S
ἰάχουσα,0,S
ἰάχουσα,1,S
ἰάχουσα,3,S
ἰάχων,0,S
ἰάχων,1,S
ἰέναι,0,S
ἰήνῃ,0,S
ἰήσασθαι,0,L
ἰήσατο,0,L
ἰήσατο,2,S
ἰήσονι,0,S
ἰήσονι,3,S
ἰήσονος,0,S
ἰαμενὸν,0,L
ἰαμενὸν,1,S
ἰανθῇς,0,S
ἰαρδάνου,0,S
ἰαρδάνου,2,S
ἰαχή,0,S
ἰαχή,1,S
ἰαχὴ,0,S
ἰαχὴ,1,S
ἰαχῆς,0,S
ἰαχῆς,1,S
ἰαχῇ,0,S
ἰαχῇ,1,S
ἰαωλκόν,0,S
ἰαωλκόν,1,S
ἰαύειν,0,S
ἰαύεις,0,S
ἰαύων,0,S
ἰγνύην,1,L
ἰδέειν,0,S
ἰδέσθαι,0,S
ἰδέω,0,S
ἰδαίου,0,L
ἰδαίων,0,L
ἰδαίῳ,0,L
ἰδαῖον,0,L
ἰδαῖος,0,L
ἰδαῖός,0,L
ἰδαῖ’,0,L
ἰδεῖν,0,S
ἰδοίατο,0,S
ἰδοίατο,2,S
ἰδομενεύς,0,L
ἰδομενεὺς,0,L
ἰδομενεῦ,0,L
ἰδομενῆα,0,L
ἰδομενῆα,4,S
ἰδομενῆος,0,L
ἰδομενῆϊ,0,L
ἰδομενῆϊ,4,S
ἰδοῦσ’,0,S
ἰδυίας,0,S
ἰδυίῃ,0,S
ἰδυίῃσι,0,S
ἰδυῖαν,0,S
ἰδόμην,0,S
ἰδόντες,0,S
ἰδών,0,S
ἰδὲ,0,S
ἰδὼν,0,S
ἰδῇ,0,S
ἰδῇς,0,S
ἰδ’,0,S
ἰείη,0,S
ἰηλυσόν,0,S
ἰηλυσόν,2,L
ἰησονίδης,0,S
ἰησονίδης,3,S
ἰητροὶ,0,L
ἰητρὸς,0,L
ἰητῆρος,0,L
ἰητῆρ’,0,L
ἰθάκης,0,S
ἰθάκης,1,S
ἰθαιμένεος,0,S
ἰθακήσιος,0,S
ἰθακήσιος,1,S
ἰθακήσιος,3,S
ἰθεῖα,0,L
ἰθεῖα,2,S
ἰθυνομένων,0,L
ἰθυνομένων,1,L
ἰθυπτίωνα,0,L
ἰθυπτίωνα,2,L
ἰθύ,0,L
ἰθύ,1,S
ἰθύει,0,L
ἰθύει,1,S
ἰθύν,0,L
ἰθύν,1,L
ἰθύνει,0,L
ἰθύνει,1,L
ἰθύνεις,0,L
ἰθύνεις,1,L
ἰθύνομεν,0,L
ἰθύνομεν,1,L
ἰθύντατα,0,L
ἰθύντατα,2,S
ἰθύντατα,3,S
ἰθώμην,0,S
ἰθὺς,0,L
ἰθὺς,1,S
ἰκέλη,0,S
ἰκαρίοιο,0,L
ἰκαρίοιο,1,S
ἰκαρίοιο,2,S
ἰκμὰς,1,S
ἰλήϊον,0,L
ἰλήϊον,2,S
ἰλίου,0,L
ἰλίου,1,S
ἰλίῳ,0,L
ἰλίῳ,1,S
ἰλαδὸν,0,L
ἰλαδὸν,1,S
ἰλιονῆα,0,L
ἰλιονῆα,1,S
ἰλιονῆος,0,L
ἰλιονῆος,1,S
ἰλιόθεν,0,L
ἰλιόθεν,1,S
ἰλιόθι,0,L
ἰλιόθι,1,S
ἰλιόφι,0,L
ἰλιόφι,1,S
ἰλλάσιν,1,S
ἰλλάσιν,2,S
ἰλύος,0,L
ἰλύος,1,L
ἰμβρασίδης,1,S
ἰμβρασίδης,2,S
ἰνίον,0,L
ἰνίον,1,S
ἰνίου,0,L
ἰνίου,1,S
ἰξάλου,1,S
ἰξιονίης,1,L
ἰξιονίης,3,S
ἰοί,0,L
ἰοδόκον,0,L
ἰοειδέα,0,S
ἰοειδέα,4,S
ἰοχέαιρα,0,L
ἰοχέαιρα,4,S
ἰοχέαιραν,0,L
ἰοχέαιραν,4,S
ἰούς,0,L
ἰούσας,0,S
ἰούσης,0,S
ἰοὶ,0,L
ἰοὺς,0,L
ἰοῖσίν,0,L
ἰοῦσα,0,S
ἰοῦσα,2,S
ἰοῦσαι,0,S
ἰοῦσαν,0,S
ἰρήκων,0,L
ἰσάζουσ’,0,L
ἰσάσκετο,0,L
ἰσοφαρίζει,0,L
ἰσοφαρίζει,2,S
ἰσοφαρίζειν,0,L
ἰσοφαρίζειν,2,S
ἰσοφαρίζεις,0,L
ἰσοφαρίζεις,2,S
ἰσοφαρίζοι,0,L
ἰσοφαρίζοι,2,S
ἰσχάνει,1,S
ἰσχία,1,S
ἰσχία,2,S
ἰσχίον,1,S
ἰσχίῳ,1,S
ἰσχανάᾳ,1,S
ἰσχανάᾳ,2,S
ἰσχανέτην,1,S
ἰσχαναάσθω,1,S
ἰσχαναάσθω,2,S
ἰσχανόωντο,1,S
ἰσχανόωσαν,1,S
ἰσχανόωσιν,1,S
ἰσόθεος,0,L
ἰσόμορον,0,L
ἰσόπεδον,0,L
ἰτέαι,0,L
ἰτυμονῆα,0,L
ἰτυμονῆα,1,S
ἰφέα,0,L
ἰφέα,2,S
ἰφίκλοιο,0,L
ἰφίκλου,0,L
ἰφίνοον,0,L
ἰφίνοον,1,S
ἰφίτου,0,L
ἰφθίμη,1,L
ἰφθίμην,1,L
ἰφθίμοιο,1,L
ἰφθίμοισι,1,L
ἰφθίμοισι,3,S
ἰφθίμους,1,L
ἰφθίμων,1,L
ἰφθίμῳ,1,L
ἰφιάνασσα,0,L
ἰφιάνασσα,1,S
ἰφιάνασσα,2,S
ἰφιδάμαντα,0,L
ἰφιδάμαντα,1,S
ἰφιδάμαντα,2,S
ἰφιδάμαντα,4,S
ἰφιδάμαντι,0,L
ἰφιδάμαντι,1,S
ἰφιδάμαντι,2,S
ἰφιδάμαντι,4,S
ἰφιδάμας,0,L
ἰφιδάμας,1,S
ἰφιδάμας,2,S
ἰφιδάμας,3,L
ἰφιτίδην,0,L
ἰφιτίδην,1,S
ἰφιτίδην,2,S
ἰφιτίωνα,0,L
ἰφιτίωνα,1,S
ἰφιτίωνα,2,S
ἰχθυόεντα,1,S
ἰχθυόεντα,4,S
ἰχθυόεντι,1,S
ἰχθυόεντι,4,S
ἰχθύες,1,S
ἰχθύς,1,L
ἰχθύσι,1,S
ἰχθύσι,2,S
ἰχθύσιν,1,S
ἰχθύσιν,2,S
ἰχώρ,0,L
ἰχῶ,0,L
ἰωή,0,S
ἰωήν,0,S
ἰωκάς,0,S
ἰωκή,0,S
ἰωχμόν,0,L
ἰωχμὸν,0,L
ἰωῆς,0,S
ἰόεντα,0,S
ἰόεντα,3,S
ἰόμωροι,0,S
ἰόν,0,L
ἰόνθ’,0,S
ἰόντα,0,S
ἰόντα,2,S
ἰόντας,0,S
ἰόντε,0,S
ἰόντες,0,S
ἰόντι,0,S
ἰόντος,0,S
ἰόντων,0,S
ἰόντ’,0,S
ἰός,0,L
ἰότητα,0,S
ἰότητα,3,S
ἰότητι,0,S
ἰότητι,3,S
ἰύζουσιν,0,L
ἰύζουσιν,3,S
ἰών,0,S
ἰὰ,0,L
ἰὸς,0,L
ἰὼν,0,S
ἰᾶτ’,0,L
ἰᾶτ’,1,L
ἰῆς,0,S
ἰῇ,0,S
ἰῶκά,0,S
ἰῶκά,2,S
ἰῷ,0,L
ἱέμεναι,0,L
ἱέμενοί,0,L
ἱέμενοι,0,L
ἱέμενον,0,L
ἱέμενος,0,L
ἱέντες,0,S
ἱέρειαν,0,S
ἱέρευσε,0,S
ἱέρευσεν,0,S
ἱέρευτο,0,S
ἱέσθην,0,L
ἱδρώοντα,3,S
ἱδρώουσα,3,S
ἱεμένη,0,L
ἱεμένοιο,0,L
ἱεμένους,0,L
ἱεμένω,0,L
ἱεμένων,0,L
ἱεμένῳ,0,L
ἱερήν,0,S
ἱερήϊον,0,S
ἱερήϊον,3,S
ἱερευσέμεν,0,S
ἱερεύετε,0,S
ἱερεύσειν,0,S
ἱερεύσομεν,0,S
ἱερεὺς,0,S
ἱεροὺς,0,S
ἱεροῖο,0,S
ἱεροῖσι,0,S
ἱεροῖσιν,0,S
ἱεροῦ,0,L
ἱερὰ,0,L
ἱερὰ,2,S
ἱερὰς,0,S
ἱερὴν,0,S
ἱερὸν,0,L
ἱερῆα,0,S
ἱερῆας,0,S
ἱερῆας,3,S
ἱερῆες,0,S
ἱερῆς,0,S
ἱερῇ,0,S
ἱερῷ,0,S
ἱεῖσι,0,S
ἱζάνει,1,S
ἱκάνει,0,S
ἱκάνει,1,L
ἱκάνεις,0,S
ἱκάνεις,1,L
ἱκάνεται,0,S
ἱκάνεται,1,L
ἱκάνετον,0,S
ἱκάνετον,1,L
ἱκάνοι,0,S
ἱκάνοι,1,L
ἱκάνομαι,0,S
ἱκάνομαι,1,L
ἱκάνω,0,S
ἱκάνω,1,L
ἱκέσθαι,0,S
ἱκέσθην,0,S
ἱκέσθω,0,S
ἱκέσθ’,0,S
ἱκέταο,0,S
ἱκέταο,2,L
ἱκέτευσε,0,S
ἱκέτεω,0,S
ἱκέτην,0,S
ἱκετάονος,0,S
ἱκετάονος,2,L
ἱκοίατο,0,S
ἱκοίατο,2,S
ἱκοίμεθ’,0,S
ἱκοίμην,0,S
ἱκόμεσθα,0,S
ἱκόμεσθ’,0,S
ἱκόμην,0,S
ἱλάονται,0,S
ἱλάονται,1,S
ἱλάσκεσθαι,0,L
ἱλάσκονται,0,L
ἱλάσκοντο,0,L
ἱλάσσεαι,0,S
ἱλασσάμενοι,0,S
ἱλασσάμενοι,2,S
ἱλασόμεσθα,0,L
ἱλασόμεσθα,1,S
ἱλασόμεσθα,4,S
ἱμάντα,0,S
ἱμάντα,2,S
ἱμάντας,0,S
ἱμάντας,2,S
ἱμάσθλην,0,S
ἱμάσσω,0,S
ἱμάσσῃ,0,S
ἱμείραιτο,0,L
ἱμερτὸν,0,L
ἱμερόεν,0,L
ἱμερόεντος,0,L
ἱμὰς,0,S
ἱμὰς,1,L
ἱμᾶσι,0,S
ἱμᾶσι,1,L
ἱμᾶσι,2,S
ἱμᾶσιν,0,S
ἱμᾶσιν,1,L
ἱππάσου,1,S
ἱππασίδην,1,S
ἱππασίδην,2,S
ἱππασίδῃσι,1,S
ἱππασίδῃσι,2,S
ἱππεῦσι,2,S
ἱππεῦσιν,2,S
ἱππηλάτα,2,S
ἱππηλάτα,3,S
ἱππηλασίη,2,S
ἱππηλασίη,3,S
ἱππιοχάρμην,1,S
ἱππιοχαίτην,1,S
ἱπποδάμαντα,2,S
ἱπποδάμαντα,4,S
ἱπποδάμεια,2,S
ἱπποδάμειαν,2,S
ἱπποδάμοιο,2,S
ἱπποδάμοις,2,S
ἱπποδάμοισι,2,S
ἱπποδάμοισι,4,S
ἱπποδάμοισιν,2,S
ἱπποδάμοισιν,4,S
ἱπποδάμου,2,S
ἱπποδάμους,2,S
ἱπποδάμων,2,S
ἱπποδασείας,2,S
ἱπποδασείης,2,S
ἱπποσυνάων,2,S
ἱπποσυνάων,3,L
ἱπποσύνας,2,S
ἱπποσύνας,3,L
ἱπποσύνῃ,2,S
ἱπποτίωνα,2,S
ἱπποτίωνα,4,S
ἱπποτίωνος,2,S
ἱππόδαμοι,2,S
ἱππόδαμον,2,S
ἱππόμαχοι,2,S
ἱππόμαχον,2,S
ἱππότα,2,S
ἱππῆας,2,S
ἱρά,0,L
ἱρά,1,S
ἱρήν,0,L
ἱρεὺς,0,L
ἱρὰ,0,L
ἱρὰ,1,S
ἱρὴ,0,L
ἱρὴν,0,L
ἱρὸν,0,L
ἱρῆς,0,L
ἱρῶν,0,L
ἱστάμεναι,1,S
ἱστάμενοι,1,S
ἱστάμενος,1,S
ἱστία,1,S
ἱστία,2,S
ἱστίον,1,S
ἱστίῳ,1,S
ἱσταμένη,1,S
ἱστᾶσιν,1,L
ἱστᾶσιν,2,S
ἱόν,0,S
ἲς,0,L
ἴα,0,S
ἴα,1,S
ἴαιρα,0,S
ἴαιρα,2,S
ἴαλλεν,0,S
ἴαλλον,0,S
ἴασιν,0,S
ἴασιν,1,L
ἴασιν,2,S
ἴασον,0,L
ἴασον,1,S
ἴασος,0,L
ἴασος,1,S
ἴαυον,0,S
ἴαχε,0,L
ἴαχε,1,S
ἴαχεν,0,L
ἴαχεν,1,S
ἴαχον,0,L
ἴαχον,1,S
ἴδε,0,S
ἴδεν,0,S
ἴδες,0,S
ἴδεσθε,0,S
ἴδεσκε,0,S
ἴδεώ,0,L
ἴδη,0,L
ἴδηαι,0,S
ἴδηθεν,0,L
ἴδην,0,L
ἴδης,0,L
ἴδησθε,0,S
ἴδηται,0,S
ἴδητ’,0,S
ἴδοι,0,S
ἴδοιεν,0,S
ἴδοιμι,0,S
ἴδοιμι,2,S
ἴδοις,0,S
ἴδοιτο,0,S
ἴδον,0,S
ἴδοντο,0,S
ἴδω,0,S
ἴδωμαι,0,S
ἴδωμεν,0,S
ἴδωμι,0,S
ἴδωμι,2,S
ἴδωμ’,0,S
ἴδωσι,0,S
ἴδωσι,2,S
ἴδῃ,0,S
ἴδῃς,0,S
ἴδ’,0,S
ἴε,0,S
ἴηλα,0,S
ἴθι,0,S
ἴθι,1,S
ἴθμαθ’,1,S
ἴθυνεν,0,L
ἴθυνεν,1,L
ἴθυσαν,0,L
ἴθυσαν,1,L
ἴθυσε,0,L
ἴθυσε,1,L
ἴθυσεν,0,L
ἴθυσεν,1,L
ἴθ’,0,S
ἴκελον,0,S
ἴκελος,0,S
ἴκρια,1,S
ἴκρια,2,S
ἴκρι’,1,S
ἴλιον,0,L
ἴλιον,1,S
ἴλιος,0,L
ἴλιος,1,S
ἴλοιο,0,L
ἴλου,0,L
ἴμβριον,1,S
ἴμβριος,1,S
ἴμεν,0,S
ἴνεσιν,0,L
ἴνεσιν,2,S
ἴοι,0,S
ἴομεν,0,S
ἴρηκι,0,L
ἴρηκι,2,S
ἴρηκος,0,L
ἴρισσιν,0,L
ἴρισσιν,2,S
ἴσαν,0,S
ἴσαν,1,S
ἴσανδρον,0,L
ἴσανδρόν,0,L
ἴσας,0,L
ἴσασι,0,S
ἴσασι,1,L
ἴσασιν,0,S
ἴσασιν,1,L
ἴσασ’,0,L
ἴσασ’,1,L
ἴση,0,L
ἴσην,0,L
ἴσης,0,L
ἴστορα,2,S
ἴστορι,2,S
ἴσχωσι,2,S
ἴτην,0,S
ἴτυν,0,S
ἴτυς,0,S
ἴτυς,1,S
ἴτω,0,S
ἴτωνά,0,L
ἴτωνά,2,S
ἴτ’,0,S
ἴφθιμοι,1,L
ἴφθιμον,1,L
ἴφθιμος,1,L
ἴφθιμόν,1,L
ἴφια,0,L
ἴφια,1,S
ἴφια,2,S
ἴφικλον,0,L
ἴχνια,1,S
ἴχνια,2,S
ἴχνι’,1,S
ἴω,0,S
ἴωσι,0,L
ἴῃς,0,S
ἴῃσθα,0,S
ἴῃσθα,2,S
ἴῃσιν,0,S
ἵδρυε,1,S
ἵδρυσε,1,L
ἵδρωσα,2,S
ἵει,0,S
ἵεν,0,S
ἵενται,0,S
ἵεντ’,0,L
ἵεσθε,0,L
ἵετο,0,L
ἵετ’,0,L
ἵζανεν,1,S
ἵησιν,0,S
ἵκανε,0,S
ἵκανε,1,L
ἵκανεν,0,S
ἵκανεν,1,L
ἵκανον,0,S
ἵκανον,1,L
ἵκεθ’,0,S
ἵκει,0,L
ἵκεο,0,L
ἵκεσθον,0,S
ἵκετο,0,L
ἵκετ’,0,L
ἵκηαι,0,S
ἵκησθε,0,S
ἵκηται,0,S
ἵκοι,0,L
ἵκοιτο,0,S
ἵκοντο,0,S
ἵκωμαι,0,S
ἵκωμι,0,S
ἵκωμι,2,S
ἵκωνται,0,S
ἵκῃ,0,L
ἵλαος,0,L
ἵμασεν,0,S
ἵμασεν,1,S
ἵμασ’,0,S
ἵμασ’,1,S
ἵμερον,0,L
ἵμερος,0,L
ἵνά,0,S
ἵνα,0,S
ἵνα,1,S
ἵν’,0,S
ἵπποιιν,2,L
ἵπποισι,2,S
ἵπποισιν,2,S
ἵππουριν,2,L
ἵσταμαι,1,S
ἵσταο,1,S
ἵστασαν,1,S
ἵστασαν,2,S
ἵστασο,1,S
ἵστασ’,1,S
ἵσταται,1,S
ἵστατο,1,S
ἵστατ’,1,S
ἶλος,0,L
ἶλός,0,L
ἶνα,0,L
ἶνα,1,S
ἶν’,0,L
ἶρίν,0,L
ἶρι,0,L
ἶρι,1,S
ἶριν,0,L
ἶριν,1,S
ἶρις,0,L
ἶρις,1,S
ἶσα,0,L
ἶσα,1,S
ἶσοι,0,L
ἶσον,0,L
ἶσος,0,L
ἶσόν,0,L
ἶσ’,0,L
ἶφι,0,L
ἶφι,1,S
ἶφις,0,L
ἶφις,1,S
ἷκε,0,L
ἷκεν,0,L
ὀΐεαι,1,L
ὀΐεσσι,1,S
ὀΐεσσι,3,S
ὀΐζυε,2,S
ὀΐομαι,1,L
ὀΐω,1,L
ὀάριζε,1,S
ὀάρων,1,S
ὀαριζέμεναι,1,S
ὀαριστύν,1,S
ὀαριστύς,1,S
ὀβελοῖσιν,3,S
ὀβριμοεργόν,1,S
ὀβριμοεργὸς,1,S
ὀβριμοπάτρη,1,S
ὀγδοάτην,2,S
ὀγδώκοντα,3,S
ὀδίον,1,S
ὀδίος,1,S
ὀδυνάων,1,S
ὀδυνάων,2,L
ὀδυνήφατα,1,S
ὀδυνήφατα,3,S
ὀδυνήφατα,4,S
ὀδυνήφατον,1,S
ὀδυνήφατον,3,S
ὀδυράμενος,1,L
ὀδυράμενος,2,S
ὀδυρομένη,1,L
ὀδυρόμενος,1,L
ὀδυσεύς,1,S
ὀδυσεὺς,1,S
ὀδυσεῦ,1,S
ὀδυσσαμένοιο,2,S
ὀδυσσῆϊ,3,L
ὀδυσῆΐ,1,S
ὀδυσῆΐ,3,S
ὀδυσῆα,1,S
ὀδυσῆα,3,S
ὀδυσῆος,1,S
ὀδυσῆϊ,1,S
ὀδυσῆϊ,3,S
ὀδόντα,2,S
ὀδόντας,2,S
ὀδύναι,1,S
ὀδύνας,1,S
ὀδύνας,2,L
ὀδύνη,1,S
ὀδύνῃσι,1,S
ὀδύνῃσι,3,S
ὀδύνῃσιν,1,S
ὀδύνῃσιν,3,S
ὀδύρεο,1,L
ὀδύρεται,1,L
ὀδύρετο,1,L
ὀδύρομαι,1,L
ὀδύρονται,1,L
ὀδύροντο,1,L
ὀδύσαντο,1,S
ὀθρυονεύς,1,S
ὀθρυονεῦ,1,S
ὀθρυονῆα,1,S
ὀθρυονῆα,4,S
ὀθόνας,2,L
ὀκριόεντα,1,S
ὀκριόεντα,4,S
ὀκριόεντι,1,S
ὀκριόεντι,4,S
ὀκρυοέσσης,1,S
ὀκρυόεντος,1,S
ὀκτάκνημα,3,S
ὀλέθριον,2,S
ὀλέκοντα,3,S
ὀλέκοντας,3,S
ὀλέκουσι,3,S
ὀλέσωσιν,3,S
ὀλίγη,1,S
ὀλίγην,1,S
ὀλίγης,1,S
ὀλίγον,1,S
ὀλίγος,1,S
ὀλίγῃ,1,S
ὀλβιόδαιμον,1,S
ὀλετῆρα,3,S
ὀλιγηπελέων,1,S
ὀλλυμένων,1,S
ὀλλύμενοί,1,S
ὀλλὺς,1,L
ὀλλῦσαι,1,L
ὀλοφυρόμεθ’,2,L
ὀλοφυρόμενοι,2,L
ὀλοφυρόμενος,2,L
ὀλοφύρατο,2,L
ὀλοφύρατο,3,S
ὀλοφύρεαι,2,L
ὀλοφύρεται,2,L
ὀλοφύρομαι,2,L
ὀλοώτατε,3,S
ὀλυμπίου,2,S
ὀλυμπιάδες,2,S
ὀλυμπιάδες,3,S
ὀλύμπια,2,S
ὀλύμπια,3,S
ὀλύμπιε,2,S
ὀλύμπιοι,2,S
ὀλύμπιος,2,S
ὀλύρας,1,L
ὀμνυέτω,1,S
ὀμορξαμένην,2,S
ὀμφαλοέσσης,1,S
ὀμφαλοὶ,1,S
ὀμφαλοῦ,1,S
ὀμφαλόεν,1,S
ὀμφαλόεσσαι,1,S
ὀμφαλόεσσαν,1,S
ὀμφαλόν,1,S
ὀμφαλὸν,1,S
ὀνίνησι,1,S
ὀνείαθ’,2,S
ὀνείατ’,2,S
ὀνείδεά,3,S
ὀνείδεα,3,S
ὀνείδεσι,3,S
ὀνείδισας,2,S
ὀνείδισας,3,S
ὀνείδισον,2,S
ὀνειδείοισιν,4,S
ὀνομάκλυτος,3,S
ὀνοσσάμενος,2,S
ὀνοστὰ,2,S
ὀνύχεσσι,1,S
ὀνύχεσσι,3,S
ὀξέα,2,S
ὀξέσι,2,S
ὀξέσιν,2,S
ὀξέϊ,2,S
ὀξεῖα,2,S
ὀξυβελὴς,1,S
ὀξυόεντα,1,S
ὀξυόεντι,1,S
ὀξυόεντι,4,S
ὀξύτατον,1,S
ὀξύτατον,2,S
ὀξὺ,1,S
ὀξὺν,1,S
ὀξὺς,1,S
ὀπάονά,1,L
ὀπάονά,3,S
ὀπάονα,1,L
ὀπάονα,3,S
ὀπάσαιμι,1,S
ὀπάσαιμι,3,S
ὀπάσσατο,2,S
ὀπάων,1,L
ὀπίστατον,2,S
ὀπίσω,1,S
ὀπίτην,1,L
ὀπιπεύσας,1,L
ὀπιπεύσας,3,L
ὀπταλέα,1,S
ὀπωρινὸς,2,L
ὀπωρινῷ,2,L
ὀπόεντά,3,S
ὀπόεντα,3,S
ὀπὶ,1,S
ὀρέξατο,2,S
ὀρέξατ’,2,S
ὀρέσβιον,2,S
ὀρίναις,1,L
ὀρίνει,1,L
ὀρίνετον,1,L
ὀρίνονται,1,L
ὀρίνω,1,L
ὀρίνῃς,1,L
ὀρεξάμενος,2,S
ὀρεσκῴοισι,4,S
ὀρεστιάδες,2,S
ὀρεστιάδες,3,S
ὀρθοκραιράων,3,L
ὀρινομένη,1,L
ὀρινομένους,1,L
ὀρινόμενοι,1,L
ὀρινόμενον,1,L
ὀρμένιον,2,S
ὀρμενίδαο,2,S
ὀρμενίδαο,3,L
ὀρνίθεσσιν,1,L
ὀρνυμένοιο,1,S
ὀρνυμένου,1,S
ὀρνυμένων,1,S
ὀρνύμεν,1,S
ὀρνύμεναι,1,S
ὀρνύμενον,1,S
ὀρσίλοχον,1,S
ὀρσίλοχόν,1,S
ὀρσίλοχός,1,S
ὀρτίλοχον,1,S
ὀρτίλοχος,1,S
ὀρυμαγδοῦ,1,S
ὀρυμαγδὸς,1,S
ὀρυμαγδῷ,1,S
ὀρφανικὸν,1,S
ὀρφανικὸν,2,S
ὀρωρέχαται,3,S
ὀρωρέχατο,3,S
ὀρόθυνε,2,L
ὀστέα,2,S
ὀτραλέως,1,S
ὀτρυνέεις,1,S
ὀτρυνέμεν,1,L
ὀτρυνέω,1,L
ὀτρυνέων,1,L
ὀτρυντεΐδη,3,S
ὀτρυντεΐδην,3,S
ὀτρυνώμεθ’,1,L
ὀτρύναντος,1,L
ὀτρύνει,1,L
ὀτρύνεις,1,L
ὀτρύνετον,1,L
ὀτρύνομεν,1,L
ὀτρύνοντα,1,L
ὀτρύνοντα,3,S
ὀτρύνοντες,1,L
ὀτρύνοντι,1,L
ὀτρύνοντι,3,S
ὀτρύνοντο,1,L
ὀτρύνοντος,1,L
ὀτρύνουσ’,1,L
ὀτρύνω,1,L
ὀτρύνων,1,L
ὀτρῦναι,1,L
ὀφέλτιον,2,S
ὀφθαλμοῖσι,3,S
ὀφθαλμοῖσιν,3,S
ὀφρυόεσσα,1,S
ὀφρυόεσσα,4,S
ὀφρύος,1,S
ὀφρύσι,1,S
ὀφρύσι,2,S
ὀφρύσιν,1,S
ὀφρύσιν,2,S
ὀχέεσσι,3,S
ὀχησίου,2,S
ὀψίγονός,1,S
ὀψιγόνων,1,S
ὀψιτέλεστον,1,S
ὀϊζυροῖσι,2,L
ὀϊζυροῖσι,4,S
ὀϊζυροῦ,2,L
ὀϊζυρώτερον,2,L
ὀϊζυρὸς,2,L
ὀϊζύομεν,2,S
ὀϊζύος,2,S
ὀϊλεύς,1,L
ὀϊλιάδην,1,L
ὀϊλιάδην,2,S
ὀϊλιάδην,3,S
ὀϊλιάδης,1,L
ὀϊλιάδης,2,S
ὀϊλιάδης,3,S
ὀϊλιάδῃ,1,L
ὀϊλιάδῃ,2,S
ὀϊλιάδῃ,3,S
ὀϊλῆα,1,L
ὀϊλῆος,1,L
ὀϊλῆϊ,1,L
ὀϊομένῳ,1,L
ὀϊστεύσας,3,L
ὀϊόμενον,1,L
ὀϊόμενος,1,L
ὁδίτης,1,L
ὁμάδῳ,1,S
ὁμήγυριν,2,S
ὁμήγυριν,3,S
ὁμήλικας,2,S
ὁμήλικας,3,S
ὁμίλει,1,L
ὁμίλεον,1,L
ὁμίλου,1,L
ὁμίλῳ,1,L
ὁμηγερέεσσι,5,S
ὁμηλικίη,2,S
ὁμηλικίη,3,S
ὁμηλικίην,2,S
ὁμηλικίην,3,S
ὁμηλικίης,2,S
ὁμηλικίης,3,S
ὁμιλέοι,1,L
ὁμιλέομεν,1,L
ὁμιλήσωσι,1,L
ὁμιλήσωσι,4,S
ὁμιλαδόν,1,L
ὁμιλαδόν,2,S
ὁμιλαδὸν,1,L
ὁμιλαδὸν,2,S
ὁμιλεῖ,1,L
ὁμοίϊον,2,S
ὁμογάστριον,3,S
ὁμογάστριος,3,S
ὁμοιΐου,2,L
ὁμοκλήσας,3,L
ὁμοστιχάει,2,S
ὁμοστιχάει,3,S
ὁμόφρονα,3,S
ὁμώνυμοι,2,S
ὁπλίσαθ’,1,S
ὁπλίσαθ’,2,S
ὁπλίσαι,1,S
ὁπλίσσατο,2,S
ὁπλοτεράων,3,L
ὁπλότατος,2,S
ὁπποτέροισι,4,S
ὁππόθι,2,S
ὁπόσα,2,L
ὁράᾳς,1,S
ὁρμήματά,2,S
ὁρμήματά,3,S
ὁρμᾶτο,1,L
ὁρμᾶτ’,1,L
ὁρᾶται,1,L
ὁρᾶτο,1,L
ὁσσάκι,1,S
ὁσσάκι,2,S
ὁσσάτιόν,1,S
ὁσσάτιόν,2,S
ὄβριμον,1,S
ὄβριμος,1,S
ὄβριμ’,1,S
ὄεσσι,2,S
ὄλβιον,1,S
ὄλωλας,2,S
ὄμμασι,1,S
ὄμμασι,2,S
ὄμματα,1,S
ὄμματα,2,S
ὄμματ’,1,S
ὄμνυε,1,S
ὄμνυθι,1,S
ὄμνυθι,2,S
ὄνειαρ,2,S
ὄπα,1,S
ὄπιθεν,1,S
ὄπιν,1,S
ὄπωπα,2,S
ὄρεα,2,L
ὄρεσσι,2,S
ὄρεσφι,2,S
ὄρεσφιν,2,S
ὄρεϊ,2,L
ὄρθι’,1,S
ὄρινε,1,L
ὄρινεν,1,L
ὄρμενα,2,S
ὄρνιθας,1,L
ὄρνιθας,2,L
ὄρνιθες,1,L
ὄρνιθι,1,S
ὄρνιθι,2,S
ὄρνιθος,1,L
ὄρνιθ’,1,L
ὄρνισιν,1,L
ὄρνισιν,2,S
ὄρνυθι,1,S
ὄρνυθι,2,S
ὄρνυθ’,1,S
ὄρνυον,1,S
ὄρνυται,1,S
ὄρνυτο,1,S
ὄρνυτ’,1,S
ὄρουσαν,2,S
ὄρπηκας,2,S
ὄρσας,1,L
ὄρσασ’,1,L
ὄρσουσα,2,S
ὄρχαμε,1,S
ὄρχαμον,1,S
ὄρχαμος,1,S
ὄρχατοι,1,S
ὄσσα,1,S
ὄτριχας,1,S
ὄτριχας,2,S
ὄτρυνέ,1,L
ὄτρυνε,1,L
ὄτρυνεν,1,L
ὄτρυνον,1,L
ὄτρυν’,1,L
ὄφρά,1,S
ὄφρα,1,S
ὄχεσφι,2,S
ὄχεσφιν,2,S
ὄψιμον,1,S
ὄψιν,1,S
ὄϊν,1,S
ὄϊος,1,S
ὅθι,1,S
ὅμαδον,1,S
ὅμαδος,1,S
ὅμαδόν,1,S
ὅμιλον,1,L
ὅμιλος,1,L
ὅπλά,1,S
ὅπλα,1,S
ὅπλοισιν,2,S
ὅρα,1,L
ὅρκια,1,S
ὅρκια,2,S
ὅρκιον,1,S
ὅρκι’,1,S
ὅσα,1,S
ὅσσά,1,S
ὅτι,1,S
ὅτινας,1,S
ὅτιν’,1,S
ὅττί,1,S
ὅττι,1,S
ὑάκινθον,0,S
ὑάκινθον,1,S
ὑάμπολιν,0,S
ὑάμπολιν,3,S
ὑγιὴς,0,S
ὑγιὴς,1,S
ὑγρὰ,1,S
ὑετὸν,0,L
ὑλάκτεον,0,S
ὑλήεις,0,L
ὑλήενθ’,0,L
ὑλαγμὸν,0,S
ὑληέσσης,0,L
ὑληέσσῃ,0,L
ὑλοτόμους,0,L
ὑμέτερον,0,L
ὑμέτερόνδ’,0,L
ὑμέων,0,L
ὑμήν,0,L
ὑμείων,0,L
ὑμετέροισι,0,L
ὑμετέροισι,4,S
ὑμετέρων,0,L
ὑμετέρῃ,0,L
ὑμετέρῃσιν,0,L
ὑμετέρῃσιν,4,S
ὑμεῖς,0,L
ὑμὴ,0,L
ὑμῖν,0,L
ὑμῖν,1,L
ὑπάλυξας,0,S
ὑπάλυξας,1,S
ὑπάλυξις,0,S
ὑπάλυξις,1,S
ὑπάλυξις,3,S
ὑπάτῃ,0,S
ὑπάτῃ,1,S
ὑπέασι,0,S
ὑπέασι,2,L
ὑπέασι,3,S
ὑπέδεισαν,0,S
ὑπέδεκτο,0,S
ὑπέκφυγε,0,S
ὑπέκφυγε,2,S
ὑπέκφυγες,0,S
ὑπέκφυγες,2,S
ὑπέλυντο,0,S
ὑπέλυσε,0,S
ὑπέλυσε,2,L
ὑπέμεινε,0,S
ὑπέμεινεν,0,S
ὑπένερθε,0,S
ὑπέρβαλε,0,S
ὑπέρβαλε,2,S
ὑπέρβασαν,0,S
ὑπέρβασαν,2,S
ὑπέρβασαν,3,S
ὑπέρβιον,0,S
ὑπέρβιον,2,S
ὑπέρβιος,0,S
ὑπέρβιος,2,S
ὑπέρειαν,0,S
ὑπέρθορον,0,S
ὑπέρθυμοι,0,S
ὑπέρθυμοι,2,L
ὑπέρθυμον,0,S
ὑπέρθυμον,2,L
ὑπέρθυμος,0,S
ὑπέρθυμος,2,L
ὑπέρμορα,0,S
ὑπέρμορα,3,S
ὑπέρμορον,0,S
ὑπέροπλον,0,S
ὑπέρσχῃ,0,S
ὑπέρτατος,0,S
ὑπέρτατος,2,S
ὑπέρτερον,0,S
ὑπέρτερός,0,S
ὑπέσταν,0,S
ὑπέστη,0,S
ὑπέστημεν,0,S
ὑπέστην,0,S
ὑπέστης,0,S
ὑπέσχεθε,0,S
ὑπέσχετο,0,S
ὑπέτρεσαν,0,S
ὑπέτρεσαν,3,S
ὑπέτρεσας,0,S
ὑπέτρεσας,3,S
ὑπέχευε,0,S
ὑπήλυθε,0,S
ὑπήλυθε,2,S
ὑπήριπε,0,S
ὑπήριπε,2,S
ὑπίσχεο,0,S
ὑπίσχεται,0,S
ὑπίσχετο,0,S
ὑπαΐξας,0,S
ὑπαΐξας,1,L
ὑπαΐξει,0,S
ὑπαΐξει,1,S
ὑπαλύξαι,0,S
ὑπαλύξαι,1,S
ὑπαντιάσας,0,S
ὑπαντιάσας,2,S
ὑπαντιάσας,3,S
ὑπαντιάσας,4,L
ὑπασπίδια,0,S
ὑπασπίδια,2,S
ὑπασπίδια,3,S
ὑπαὶ,0,S
ὑπείξομαι,0,S
ὑπείρεχε,0,S
ὑπείρεχεν,0,S
ὑπείρεχον,0,S
ὑπείρονα,0,S
ὑπείρονα,3,S
ὑπείροχον,0,S
ὑπεδείδισαν,0,S
ὑπεδείδισαν,3,S
ὑπεδείδισαν,4,S
ὑπειροχίδην,0,S
ὑπειροχίδην,3,S
ὑπεκπροθέει,0,S
ὑπεκπροθέοντα,0,S
ὑπεκπροθέοντα,5,S
ὑπεκπροφυγὼν,0,S
ὑπεκπροφυγὼν,3,S
ὑπεκρύφθη,0,S
ὑπεκφυγέειν,0,S
ὑπεκφυγέειν,2,S
ὑπεκφύγοι,0,S
ὑπεκφύγοι,2,S
ὑπελύσαο,0,S
ὑπελύσαο,2,L
ὑπελύσαο,3,S
ὑπεξέφερεν,0,S
ὑπεξέφερον,0,S
ὑπεξέφυγε,0,S
ὑπεξέφυγε,3,S
ὑπεξέφυγεν,0,S
ὑπεξέφυγεν,3,S
ὑπεξαναδὺς,0,S
ὑπεξαναδὺς,2,S
ὑπεξαναδὺς,3,S
ὑπεξεσάωσεν,0,S
ὑπεξεσάωσεν,3,S
ὑπεράλμενον,0,S
ὑπερέσχε,0,S
ὑπερέσχεθε,0,S
ὑπερήνορα,0,S
ὑπερήνορα,4,S
ὑπερήνορος,0,S
ὑπερίονος,0,S
ὑπερίονος,2,L
ὑπερίων,0,S
ὑπερίων,2,L
ὑπεραέϊ,0,S
ὑπεραέϊ,2,L
ὑπεραέϊ,4,S
ὑπερβήῃ,0,S
ὑπερβαίνειν,0,S
ὑπερβασίαι,0,S
ὑπερβασίαι,2,S
ὑπερβασίαι,3,S
ὑπερβασίης,0,S
ὑπερβασίης,2,S
ὑπερβασίης,3,S
ὑπερβασίῃ,0,S
ὑπερβασίῃ,2,S
ὑπερβασίῃ,3,S
ὑπερδέα,0,S
ὑπερδέα,3,S
ὑπερείης,0,S
ὑπερηνορέοντος,0,S
ὑπερηνορεόντων,0,S
ὑπερηφανέοντες,0,S
ὑπερηφανέοντες,3,S
ὑπερθορέειν,0,S
ὑπερθορέονται,0,S
ὑπερθύμοιο,0,S
ὑπερθύμοιο,2,L
ὑπερθύμοισι,0,S
ὑπερθύμοισι,2,L
ὑπερθύμοισι,4,S
ὑπερθύμου,0,S
ὑπερθύμου,2,L
ὑπερθύμους,0,S
ὑπερθύμους,2,L
ὑπερκατέβησαν,0,S
ὑπερκατέβησαν,2,S
ὑπερκατέβησαν,5,S
ὑπερκύδαντας,0,S
ὑπερκύδαντας,2,L
ὑπερκύδαντας,4,S
ὑπερμενέα,0,S
ὑπερμενέων,0,S
ὑπερμενέϊ,0,S
ὑπερμενέϊ,4,L
ὑπερμενεῖ,0,S
ὑπεροπλίῃσι,0,S
ὑπεροπλίῃσι,3,L
ὑπεροπλίῃσι,5,S
ὑπερράγη,0,S
ὑπερράγη,2,S
ὑπερφίαλοι,0,S
ὑπερφίαλοι,2,S
ὑπερφίαλοι,3,S
ὑπερφίαλον,0,S
ὑπερφίαλον,2,S
ὑπερφίαλον,3,S
ὑπερφίαλος,0,S
ὑπερφίαλος,2,S
ὑπερφίαλος,3,S
ὑπερφιάλοισιν,0,S
ὑπερφιάλοισιν,2,S
ὑπερφιάλοισιν,3,S
ὑπερφιάλοισιν,5,S
ὑπερφιάλους,0,S
ὑπερφιάλους,2,S
ὑπερφιάλους,3,S
ὑπερφιάλως,0,S
ὑπερφιάλως,2,S
ὑπερφιάλως,3,S
ὑπερώησαν,0,S
ὑπερώϊον,0,S
ὑπερώϊον,3,S
ὑπερᾶλτο,0,S
ὑπερῴην,0,S
ὑπερῷ’,0,S
ὑπεχώρει,0,S
ὑπεὶρ,0,S
ὑπηνήτῃ,0,S
ὑπνώοντας,3,S
ὑποβλήδην,0,S
ὑποδέξεαι,0,S
ὑποδέξομαι,0,S
ὑποδείσαντες,0,S
ὑποδεξίη,0,S
ὑποδεξίη,3,L
ὑποδύντε,0,S
ὑποείκειν,0,S
ὑποείξομαι,0,S
ὑποείξομεν,0,S
ὑποείξω,0,S
ὑποθέσθαι,0,S
ὑποθημοσύνῃσιν,0,S
ὑποθημοσύνῃσιν,4,S
ὑποθημοσύνῃσιν,6,S
ὑποθησόμεθ’,0,S
ὑποκλονέεσθαι,0,S
ὑποκρίνονται,0,S
ὑποκρίνονται,2,L
ὑπομεῖναι,0,S
ὑποπεπτηῶτες,0,S
ὑποπλακίῃ,0,S
ὑποπλακίῃ,2,S
ὑποπλακίῃ,3,S
ὑποστήτω,0,S
ὑποσταίη,0,S
ὑποστρέψας,0,S
ὑποστρέψας,3,L
ὑποστρέψειας,0,S
ὑποστρέψειας,4,S
ὑποστρεφθείς,0,S
ὑποστὰς,0,S
ὑποστὰς,2,L
ὑποσχέσθαι,0,S
ὑποσχεσίῃσι,0,S
ὑποσχεσίῃσι,3,S
ὑποσχεσίῃσι,5,S
ὑποσχόμενοι,0,S
ὑποσχόμενος,0,S
ὑποσχὼν,0,S
ὑποταρβήσαντες,0,S
ὑποταρταρίους,0,S
ὑποταρταρίους,3,S
ὑποταρταρίους,4,S
ὑποτρέσαι,0,S
ὑποτρομέεσκον,0,S
ὑποτρομέουσιν,0,S
ὑποτρομέουσιν,5,S
ὑπουράνιον,0,S
ὑπουράνιον,2,S
ὑπουράνιον,3,S
ὑπουρανίων,0,S
ὑπουρανίων,2,S
ὑπουρανίων,3,S
ὑποφεύγειν,0,S
ὑποφθὰς,0,S
ὑποφῆται,0,S
ὑπωρείας,0,S
ὑπωρείας,3,L
ὑπωρόφιοι,0,S
ὑπωρόφιοι,3,S
ὑπό,0,S
ὑπόδρα,0,S
ὑπόδρα,2,S
ὑπόεικε,0,S
ὑπόειξε,0,S
ὑπόρρηνον,0,S
ὑπόσχεο,0,S
ὑπόσχεσιν,0,S
ὑπόσχεσιν,3,S
ὑπόσχεσις,0,S
ὑπόσχεσις,3,S
ὑπόσχηται,0,S
ὑπόσχωμαι,0,S
ὑπόσχωνται,0,S
ὑπότροπον,0,S
ὑπότροπος,0,S
ὑπόψιον,0,S
ὑπόψιον,2,S
ὑπώπια,0,S
ὑπώπια,2,S
ὑπώπια,3,S
ὑπὲκ,0,S
ὑπὲξ,0,S
ὑπὲρ,0,S
ὑπὸ,0,S
ὑπῆσαν,0,S
ὑπ’,0,S
ὑρμίνη,1,L
ὑρτάκου,1,S
ὑρτακίδης,1,S
ὑρτακίδης,2,S
ὑσμίνας,1,L
ὑσμίνη,1,L
ὑσμίνην,1,L
ὑσμίνης,1,L
ὑσμίνῃ,1,L
ὑσμῖνι,1,L
ὑσμῖνι,2,S
ὑστάτιόν,1,S
ὑστάτιόν,2,S
ὑστατίῃσι,1,S
ὑστατίῃσι,2,S
ὑστατίῃσι,4,S
ὑφέντες,0,S
ὑφαίνειν,0,S
ὑφαίνοις,0,S
ὑφηνίοχος,0,S
ὑφηνίοχος,2,S
ὑφ’,0,S
ὑψήνορα,3,S
ὑψίζυγος,2,S
ὑψίπυλον,1,S
ὑψίπυλον,2,S
ὑψηλάων,2,L
ὑψηλοῖσι,3,S
ὑψικάρηνοι,1,S
ὑψικάρηνοι,2,S
ὑψικόμοισι,1,S
ὑψικόμους,1,S
ὑψιπέτηλον,1,S
ὑψιπέτης,1,S
ὑψιπετήεις,1,S
ὑψιπύλη,1,S
ὑψιπύλη,2,S
ὑὸς,0,S
ὔμμι,1,S
ὔμμιν,1,S
ὕβριν,1,S
ὕβριος,1,S
ὕδατι,0,S
ὕδατι,1,S
ὕδατι,2,L
ὕδατος,0,L
ὕδατος,1,S
ὕδατός,0,L
ὕδατός,1,S
ὕδης,0,S
ὕδωρ,0,L
ὕες,0,S
ὕλη,0,L
ὕλην,0,L
ὕλης,0,L
ὕπαγε,0,S
ὕπαγε,1,S
ὕπαγον,0,S
ὕπαγον,1,S
ὕπαιθα,0,S
ὕπαιθα,2,S
ὕπατε,0,S
ὕπατε,1,S
ὕπατον,0,S
ὕπατον,1,S
ὕπατος,0,S
ὕπατος,1,S
ὕπερ,0,S
ὕπερθε,0,S
ὕπερθεν,0,S
ὕπο,0,S
ὕπτιοι,1,S
ὕπτιος,1,S
ὕρτιον,1,S
ὕστατα,1,S
ὕστατα,2,S
ὕστατοι,1,S
ὕστατον,1,S
ὕστατος,1,S
ὕφαινε,0,S
ὕφαινον,0,S
ὕψι,1,S
ὗε,0,L
ὠδίνουσαν,1,L
ὠδίνουσαν,3,S
ὠδύροντο,1,L
ὠδύσατο,1,S
ὠδύσατο,2,S
ὠδῖνας,1,L
ὠδῖνας,2,S
ὠκέα,2,S
ὠκέας,2,S
ὠκέϊ,2,S
ὠκαλέην,1,S
ὠκεανοῖο,2,S
ὠκεανοῦ,2,S
ὠκεανόν,2,S
ὠκεανὸν,2,S
ὠκεανῷ,2,S
ὠκειάων,2,L
ὠκυάλου,1,S
ὠκυάλου,2,S
ὠκυμορώτατος,1,S
ὠκυμορώτατος,4,S
ὠκυμόρῳ,1,S
ὠκυπέτα,1,S
ὠκυπόδεσσιν,1,S
ὠκυπόδεσσιν,4,S
ὠκυπόδων,1,S
ὠκυπόροισι,1,S
ὠκυπόροισιν,1,S
ὠκυπόροισιν,4,S
ὠκυπόρων,1,S
ὠκυρόῳ,1,S
ὠκύμοροι,1,S
ὠκύμορος,1,S
ὠκύποδας,1,S
ὠκύποδες,1,S
ὠκὺ,1,S
ὠκὺν,1,S
ὠκὺς,1,S
ὠμηστῇσιν,3,S
ὠμογέροντα,4,S
ὠμοφάγοι,2,S
ὠμοφάγοισι,2,S
ὠμοφάγοισιν,2,S
ὠμόσσαμεν,2,S
ὠμὰ,1,S
ὠνοσάμην,2,S
ὠρέξαθ’,2,S
ὠρέξατο,2,S
ὠρίωνος,1,L
ὠρείθυια,3,S
ὠσάμεθ’,1,S
ὠτώεντα,3,S
ὡμίλευν,1,L
ὡμίλησα,1,L
ὡμίλησα,3,S
ὡρμᾶτο,1,L
ὤλεσα,2,S
ὤλεσαν,2,S
ὤμοιιν,2,L
ὤμοισι,2,S
ὤμοισιν,2,S
ὤπασα,1,S
ὤπασα,2,S
ὤπασαν,1,S
ὤπασαν,2,S
ὤπασε,1,S
ὤρινε,1,L
ὤσατο,1,S
ὦκα,1,S
ὦλκα,1,S
ὦπα,1,S
ὦρσαν,1,S
ὦσαν,1,S
ᾔδεα,2,S
ᾔσχυνας,1,L
ᾔσχυνε,1,L
ᾖσιν,1,S
ᾗσι,1,S
ᾗσιν,1,S
ᾤκτιρε,1,L
ῥά,0,S
ῥάβδοισι,2,S
ῥάχιν,0,S
ῥέα,1,S
ῥέεθρα,2,S
ῥέζουσαν,2,S
ῥέζουσιν,2,S
ῥέξαιμι,2,S
ῥέξαντα,2,S
ῥέξαντι,2,S
ῥήγεα,2,S
ῥήγνυτο,1,S
ῥήξας,1,L
ῥίγησέν,0,L
ῥίγησε,0,L
ῥίγησεν,0,L
ῥίγησ’,0,L
ῥίγιον,0,L
ῥίγιον,1,S
ῥίγιστα,0,L
ῥίγιστα,2,S
ῥίζῃσι,2,S
ῥίμφά,1,S
ῥίμφα,1,S
ῥίον,0,S
ῥίου,0,S
ῥα,0,S
ῥαδινήν,0,S
ῥαδινήν,1,S
ῥαθάμιγγες,0,S
ῥαθάμιγγες,1,S
ῥεῖα,1,S
ῥηΐδι’,1,S
ῥηΐδι’,2,S
ῥηΐτεροι,1,S
ῥηγμῖνι,1,L
ῥηγμῖνι,2,S
ῥηγμῖνος,1,L
ῥηγνύμενον,1,S
ῥηγνῦσι,1,L
ῥηγνῦσι,2,S
ῥηιδίως,1,S
ῥηιδίως,2,S
ῥηξάμενοι,1,S
ῥηξάμενος,1,S
ῥηξήνορα,3,S
ῥηξήνορι,3,S
ῥηξαμένῳ,1,S
ῥηϊδίη,1,S
ῥηϊδίη,2,S
ῥηϊδίως,1,S
ῥηϊδίως,2,S
ῥιγήσειν,0,L
ῥιγεδανῆς,0,L
ῥιγεδανῆς,2,S
ῥινοτόρος,0,L
ῥινούς,0,L
ῥινοῖς,0,L
ῥινοῖσι,0,L
ῥινοῖσι,2,S
ῥινοῖσιν,0,L
ῥινοῦ,0,L
ῥινὸν,0,L
ῥινὸς,0,L
ῥινῶν,0,L
ῥινῷ,0,L
ῥιπὴ,0,L
ῥιπῇ,0,L
ῥοάων,1,L
ῥοδανὸν,1,S
ῥοδοδάκτυλος,3,S
ῥοδόεντι,3,S
ῥοπάλοισι,1,S
ῥοπάλοισι,3,S
ῥοὰς,1,L
ῥυμοῦ,0,L
ῥυμὸς,0,L
ῥυμῷ,0,L
ῥυσάμην,0,S
ῥυσάμην,1,S
ῥυσάσθην,0,L
ῥυσαί,0,L
ῥυτῆρσι,0,L
ῥυτῆρσι,2,S
ῥωγαλέον,1,S
ῥωπήϊα,2,S
ῥωπήϊα,3,S
ῥόπαλ’,1,S
ῥύατ’,0,L
ῥύατ’,1,S
ῥύεται,0,S
ῥύετ’,0,L
ῥύοισθε,0,L
ῥύοιτο,0,L
ῥύομ’,0,L
ῥύονται,0,S
ῥύσι’,0,L
ῥύσι’,1,S
ῥῖνάς,0,L
ῥῖνές,0,L
ῥῖνα,0,L
ῥῖνα,1,S
ῥῖνας,0,L
ῥῦσαι,0,L
ῥ’αἴαντι,2,S
ῥ’ἀέκουσιν,0,S
ῥ’ἀέκουσιν,3,S
ῥ’ἀγαθός,0,S
ῥ’ἀγαθός,1,S
ῥ’ἀγαθὸν,0,S
ῥ’ἀγαθὸν,1,S
ῥ’ἀκέουσα,0,S
ῥ’ἀκέουσα,3,S
ῥ’ἀλέεινε,0,S
ῥ’ἀμάθοιο,0,S
ῥ’ἀμάθοιο,1,S
ῥ’ἀνίαζον,0,S
ῥ’ἀνίαζον,1,S
ῥ’ἀναφανδὸν,0,S
ῥ’ἀναφανδὸν,1,S
ῥ’ἀν’,0,S
ῥ’ἀπάνευθε,0,S
ῥ’ἀπάνευθε,1,S
ῥ’ἀπέβησαν,0,S
ῥ’ἀπέβησαν,3,S
ῥ’ἀπέην,0,S
ῥ’ἀπομορξαμένω,0,S
ῥ’ἀπομορξαμένω,3,S
ῥ’ἀπὸ,0,S
ῥ’ἀσαμίνθους,0,S
ῥ’ἀσαμίνθους,1,S
ῥ’ἀφάμαρθ’,0,S
ῥ’ἀφάμαρθ’,1,S
ῥ’ἀφάμαρτεν,0,S
ῥ’ἀφάμαρτεν,1,S
ῥ’ἀφέηκεν,0,S
ῥ’ἀχιλεὺς,0,S
ῥ’ἀχιλεὺς,1,S
ῥ’ἄλοχοί,0,S
ῥ’ἄνδρεσσι,2,S
ῥ’ἄπεσαν,0,S
ῥ’ἅλιον,0,S
ῥ’ἅλιον,1,S
ῥ’ἅμα,0,S
ῥ’ἅμα,1,S
ῥ’ἐκάκωσε,1,S
ῥ’ἐκίχανε,1,S
ῥ’ἐκίχανε,2,L
ῥ’ἐλάαν,1,S
ῥ’ἐνὶ,1,S
ῥ’ἐπίορκον,1,S
ῥ’ἐπιεισαμένη,1,S
ῥ’ἐπιεισαμένη,3,S
ῥ’ἐπὶ,1,S
ῥ’ἐφύλασσεν,1,S
ῥ’ἑκάτερθε,1,S
ῥ’ἔβαλέν,1,S
ῥ’ἔβαλε,1,S
ῥ’ἔβαλεν,1,S
ῥ’ἔβαλον,1,S
ῥ’ἔκλινε,1,L
ῥ’ἔσχατα,1,S
ῥ’ἔσχατα,2,S
ῥ’ἔτι,1,S
ῥ’ἤρτυε,1,S
ῥ’ἰέναι,0,S
ῥ’ἰθάκην,0,S
ῥ’ἰθάκην,1,S
ῥ’ἰθὺς,0,L
ῥ’ἴδε,0,S
ῥ’ἴμεν,0,S
ῥ’ἵκανον,0,L
ῥ’ἵκανον,1,L
ῥ’ἵκοντο,0,L
ῥ’ὀδυσεὺς,1,S
ῥ’ὀλοφυρομένη,2,L
ῥ’ὀλοφυρόμενος,2,L
ῥ’ὑπὲρ,0,S
ῥ’ὑπὸ,0,S
’ρίπην,0,L
’ραδάμανθυν,0,S
’ραδάμανθυν,1,S
’ρείας,1,L
’ροδίος,1,S
’ροδίων,1,S
’ρύτιόν,0,S
’ρύτιόν,1,S
’τέτλαθι,1,S
’τέτλαθι,2,S
