work,tlg,book,n,text,text_clean,source
Hymn to Zeus,tlg015,1,1,Ζηνὸς ἔοι τί κεν ἄλλο παρὰ σπονδῇσιν ἀείδειν,Ζηνὸς ἔοι τί κεν ἄλλο παρὰ σπονδῇσιν ἀείδειν,tlg0533.tlg015.perseus-grc3.xml
Hymn to Zeus,tlg015,1,2,"λώιον ἢ θεὸν αὐτόν, ἀεὶ μέγαν, αἰὲν ἄνακτα,","λώιον ἢ θεὸν αὐτόν, ἀεὶ μέγαν, αἰὲν ἄνακτα,",tlg0533.tlg015.perseus-grc3.xml
Hymn to Zeus,tlg015,1,3,"Πηλαγόνων ἐλατῆρα, δικασπόλον οὐρανίδῃσι;","Πηλαγόνων ἐλατῆρα, δικασπόλον οὐρανίδῃσι;",tlg0533.tlg015.perseus-grc3.xml
Hymn to Zeus,tlg015,1,4,"πῶς καί μιν, Δικταῖον ἀείσομεν ἠὲ Λυκαῖον;","πῶς καί μιν, Δικταῖον ἀείσομεν ἠὲ Λυκαῖον;",tlg0533.tlg015.perseus-grc3.xml
Hymn to Zeus,tlg015,1,5,"ἐν δοιῇ μάλα θυμός, ἐπεὶ γένος ἀμφήριστον.","ἐν δοιῇ μάλα θυμός, ἐπεὶ γένος ἀμφήριστον.",tlg0533.tlg015.perseus-grc3.xml
Hymn to Zeus,tlg015,1,6,"Ζεῦ, σὲ μὲν Ἰδαίοισιν ἐν οὔρεσί φασι γενέσθαι,","Ζεῦ, σὲ μὲν Ἰδαίοισιν ἐν οὔρεσί φασι γενέσθαι,",tlg0533.tlg015.perseus-grc3.xml
Hymn to Zeus,tlg015,1,7,"Ζεῦ, σὲ δʼ ἐν Ἀρκαδίῃ· πότεροι, πάτερ, ἐψεύσαντο;","Ζεῦ, σὲ δ’ ἐν Ἀρκαδίῃ· πότεροι, πάτερ, ἐψεύσαντο;",tlg0533.tlg015.perseus-grc3.xml
Hymn to Zeus,tlg015,1,8,"Κρῆτες ἀεὶ ψεῦσται· καὶ γὰρ τάφον, ὦ ἄνα, σεῖο","Κρῆτες ἀεὶ ψεῦσται· καὶ γὰρ τάφον, ὦ ἄνα, σεῖο",tlg0533.tlg015.perseus-grc3.xml
Hymn to Zeus,tlg015,1,9,"Κρῆτες ἐτεκτήναντο· σὺ δʼ οὐ θάνες, ἐσσὶ γὰρ αἰεί.","Κρῆτες ἐτεκτήναντο· σὺ δ’ οὐ θάνες, ἐσσὶ γὰρ αἰεί.",tlg0533.tlg015.perseus-grc3.xml
Hymn to Zeus,tlg015,1,10,"ἐν δέ σε Παρρασίῃ Ῥείη τέκεν, ἧχι μάλιστα","ἐν δέ σε Παρρασίῃ Ῥείη τέκεν, ἧχι μάλιστα",tlg0533.tlg015.perseus-grc3.xml
Hymn to Zeus,tlg015,1,11,ἔσκεν ὄρος θάμνοισι περισκεπές· ἔνθεν ὁ χῶρος,ἔσκεν ὄρος θάμνοισι περισκεπές· ἔνθεν ὁ χῶρος,tlg0533.tlg015.perseus-grc3.xml
Hymn to Zeus,tlg015,1,12,"ἱερός, οὐδέ τί μιν κεχρημένον Εἰλειθυίης","ἱερός, οὐδέ τί μιν κεχρημένον Εἰλειθυίης",tlg0533.tlg015.perseus-grc3.xml
Hymn to Zeus,tlg015,1,13,"ἑρπετὸν οὐδὲ γυνὴ ἐπιμίσγεται, ἀλλά ἑ Ῥείης","ἑρπετὸν οὐδὲ γυνὴ ἐπιμίσγεται, ἀλλά ἑ Ῥείης",tlg0533.tlg015.perseus-grc3.xml
Hymn to Zeus,tlg015,1,14,ὠγύγιον καλέουσι λεχώιον Ἀπιδανῆες.,ὠγύγιον καλέουσι λεχώιον Ἀπιδανῆες.,tlg0533.tlg015.perseus-grc3.xml
Hymn to Zeus,tlg015,1,15,ἔνθα σʼ ἐπεὶ μήτηρ μεγάλων ἀπεθήκατο κόλπων,ἔνθα σ’ ἐπεὶ μήτηρ μεγάλων ἀπεθήκατο κόλπων,tlg0533.tlg015.perseus-grc3.xml
Hymn to Zeus,tlg015,1,16,"αὐτίκα δίζητο ῥόον ὕδατος, ᾧ κε τόκοιο","αὐτίκα δίζητο ῥόον ὕδατος, ᾧ κε τόκοιο",tlg0533.tlg015.perseus-grc3.xml
Hymn to Zeus,tlg015,1,17,"λύματα χυτλώσαιτο, τεὸν δʼ ἐνὶ χρῶτα λοέσσαι.","λύματα χυτλώσαιτο, τεὸν δ’ ἐνὶ χρῶτα λοέσσαι.",tlg0533.tlg015.perseus-grc3.xml
Hymn to Zeus,tlg015,1,18,"Λάδων ἀλλʼ οὔπω μέγας ἔρρεεν οὐδʼ Ἐρύμανθος,","Λάδων ἀλλ’ οὔπω μέγας ἔρρεεν οὐδ’ Ἐρύμανθος,",tlg0533.tlg015.perseus-grc3.xml
Hymn to Zeus,tlg015,1,19,"λευκότατος ποταμῶν, ἔτι δʼ ἄβροχος ἦεν ἅπασα","λευκότατος ποταμῶν, ἔτι δ’ ἄβροχος ἦεν ἅπασα",tlg0533.tlg015.perseus-grc3.xml
Hymn to Zeus,tlg015,1,20,Ἀρκαδίη· μέλλεν δὲ μάλʼ εὔυδρος καλέεσθαι,Ἀρκαδίη· μέλλεν δὲ μάλ’ εὔυδρος καλέεσθαι,tlg0533.tlg015.perseus-grc3.xml
Hymn to Zeus,tlg015,1,21,"αὖτις· ἐπεὶ τημόσδε, Ῥέη ὅτʼ ἐλύσατο μίτρην,","αὖτις· ἐπεὶ τημόσδε, Ῥέη ὅτ’ ἐλύσατο μίτρην,",tlg0533.tlg015.perseus-grc3.xml
Hymn to Zeus,tlg015,1,22,ἦ πολλὰς ἐφύπερθε σαρωνίδας ὑγρὸς Ἰάων,ἦ πολλὰς ἐφύπερθε σαρωνίδας ὑγρὸς Ἰάων,tlg0533.tlg015.perseus-grc3.xml
Hymn to Zeus,tlg015,1,23,"ἤειρεν, πολλὰς δὲ Μέλας ὤκχησεν ἁμάξας,","ἤειρεν, πολλὰς δὲ Μέλας ὤκχησεν ἁμάξας,",tlg0533.tlg015.perseus-grc3.xml
Hymn to Zeus,tlg015,1,24,πολλὰ δὲ Καρνίωνος ἄνω διεροῦ περ ἐόντος,πολλὰ δὲ Καρνίωνος ἄνω διεροῦ περ ἐόντος,tlg0533.tlg015.perseus-grc3.xml
Hymn to Zeus,tlg015,1,25,"ἰλυοὺς ἐβάλοντο κινώπετα, νίσσετο δʼ ἀνὴρ","ἰλυοὺς ἐβάλοντο κινώπετα, νίσσετο δ’ ἀνὴρ",tlg0533.tlg015.perseus-grc3.xml
Hymn to Zeus,tlg015,1,26,πεζὸς ὑπὲρ Κρᾶθίν τε πολύστιόν τε Μετώπην,πεζὸς ὑπὲρ Κρᾶθίν τε πολύστιόν τε Μετώπην,tlg0533.tlg015.perseus-grc3.xml
Hymn to Zeus,tlg015,1,27,διψαλέος· τὸ δὲ πολλὸν ὕδωρ ὑπὸ ποσσὶν ἔκειτο.,διψαλέος· τὸ δὲ πολλὸν ὕδωρ ὑπὸ ποσσὶν ἔκειτο.,tlg0533.tlg015.perseus-grc3.xml
Hymn to Zeus,tlg015,1,28,καί ῥʼ ὑπʼ ἀμηχανίης σχομένη φάτο πότνια Ῥείη·,καί ῥ’ ὑπ’ ἀμηχανίης σχομένη φάτο πότνια Ῥείη·,tlg0533.tlg015.perseus-grc3.xml
Hymn to Zeus,tlg015,1,29,"Γαῖα φίλη, τέκε καὶ σύ· τεαὶ δʼ ὠδῖνες ἐλαφραί.","Γαῖα φίλη, τέκε καὶ σύ· τεαὶ δ’ ὠδῖνες ἐλαφραί.",tlg0533.tlg015.perseus-grc3.xml
Hymn to Zeus,tlg015,1,30,εἶπε καὶ ἀντανύσασα θεὴ μέγαν ὑψόθι πῆχυν,εἶπε καὶ ἀντανύσασα θεὴ μέγαν ὑψόθι πῆχυν,tlg0533.tlg015.perseus-grc3.xml
Hymn to Zeus,tlg015,1,31,"πλῆξεν ὄρος σκήπτρῳ· τὸ δέ οἱ δίχα πουλὺ διέστη,","πλῆξεν ὄρος σκήπτρῳ· τὸ δέ οἱ δίχα πουλὺ διέστη,",tlg0533.tlg015.perseus-grc3.xml
Hymn to Zeus,tlg015,1,32,"ἐκ δʼ ἔχεεν μέγα χεῦμα· τόθι χρόα φαιδρύνασα,","ἐκ δ’ ἔχεεν μέγα χεῦμα· τόθι χρόα φαιδρύνασα,",tlg0533.tlg015.perseus-grc3.xml
Hymn to Zeus,tlg015,1,33,"ὦνα, τεὸν σπείρωσε, Νέδῃ δέ σε δῶκε κομίζειν","ὦνα, τεὸν σπείρωσε, Νέδῃ δέ σε δῶκε κομίζειν",tlg0533.tlg015.perseus-grc3.xml
Hymn to Zeus,tlg015,1,34,"κευθμὸν ἔσω Κρηταῖον, ἵνα κρύφα παιδεύοιο,","κευθμὸν ἔσω Κρηταῖον, ἵνα κρύφα παιδεύοιο,",tlg0533.tlg015.perseus-grc3.xml
Hymn to Zeus,tlg015,1,35,"πρεσβυτάτῃ Νυμφέων αἵ μιν τότε μαιώσαντο,","πρεσβυτάτῃ Νυμφέων αἵ μιν τότε μαιώσαντο,",tlg0533.tlg015.perseus-grc3.xml
Hymn to Zeus,tlg015,1,36,πρωτίστῃ γενεῇ μετά γε Στύγα τε Φιλύρην τε.,πρωτίστῃ γενεῇ μετά γε Στύγα τε Φιλύρην τε.,tlg0533.tlg015.perseus-grc3.xml
Hymn to Zeus,tlg015,1,37,"οὐδʼ ἁλίην ἀπέτεισε θεὴ χάριν, ἀλλὰ τὸ χεῦμα","οὐδ’ ἁλίην ἀπέτεισε θεὴ χάριν, ἀλλὰ τὸ χεῦμα",tlg0533.tlg015.perseus-grc3.xml
Hymn to Zeus,tlg015,1,38,κεῖνο Νέδην ὀνόμηνε· τὸ μέν ποθι πουλὺ κατʼ αὐτὸ,κεῖνο Νέδην ὀνόμηνε· τὸ μέν ποθι πουλὺ κατ’ αὐτὸ,tlg0533.tlg015.perseus-grc3.xml
Hymn to Zeus,tlg015,1,39,"Καυκώνων πτολίεθρον, ὃ Λέπρειον πεφάτισται,","Καυκώνων πτολίεθρον, ὃ Λέπρειον πεφάτισται,",tlg0533.tlg015.perseus-grc3.xml
Hymn to Zeus,tlg015,1,40,"συμφέρεται Νηρῆι, παλαιότατον δέ μιν ὕδωρ","συμφέρεται Νηρῆι, παλαιότατον δέ μιν ὕδωρ",tlg0533.tlg015.perseus-grc3.xml
Hymn to Zeus,tlg015,1,41,υἱωνοὶ πίνουσι Λυκαονίης ἄρκτοιο.,υἱωνοὶ πίνουσι Λυκαονίης ἄρκτοιο.,tlg0533.tlg015.perseus-grc3.xml
Hymn to Zeus,tlg015,1,42,"εὖτε Θενὰς ἀπέλειπεν ἐπὶ Κνωσοῖο φέρουσα,","εὖτε Θενὰς ἀπέλειπεν ἐπὶ Κνωσοῖο φέρουσα,",tlg0533.tlg015.perseus-grc3.xml
Hymn to Zeus,tlg015,1,43,"Ζεῦ πάτερ, ἡ Νύμφη σε Θεναὶ δʼ ἔσαν ἐγγύθι Κνωσοῦ,","Ζεῦ πάτερ, ἡ Νύμφη σε Θεναὶ δ’ ἔσαν ἐγγύθι Κνωσοῦ,",tlg0533.tlg015.perseus-grc3.xml
Hymn to Zeus,tlg015,1,44,"τουτάκι τοι πέσε, δαῖμον, ἄπʼ ὀμφαλός· ἔνθεν ἐκεῖνο","τουτάκι τοι πέσε, δαῖμον, ἄπ’ ὀμφαλός· ἔνθεν ἐκεῖνο",tlg0533.tlg015.perseus-grc3.xml
Hymn to Zeus,tlg015,1,45,ὀμφάλιον μετέπειτα πέδον καλέουσι Κύδωνες.,ὀμφάλιον μετέπειτα πέδον καλέουσι Κύδωνες.,tlg0533.tlg015.perseus-grc3.xml
Hymn to Zeus,tlg015,1,46,"Ζεῦ, σὲ δὲ Κυρβάντων ἑτάραι προσεπηχύναντο","Ζεῦ, σὲ δὲ Κυρβάντων ἑτάραι προσεπηχύναντο",tlg0533.tlg015.perseus-grc3.xml
Hymn to Zeus,tlg015,1,47,"Δικταῖαι Μελίαι, σὲ δʼ ἐκοίμισεν Ἀδρήστεια","Δικταῖαι Μελίαι, σὲ δ’ ἐκοίμισεν Ἀδρήστεια",tlg0533.tlg015.perseus-grc3.xml
Hymn to Zeus,tlg015,1,48,"λίκνῳ ἐνὶ χρυσέῳ, δὺ δʼ ἐθήσαο πίονα μαζὸν","λίκνῳ ἐνὶ χρυσέῳ, δὺ δ’ ἐθήσαο πίονα μαζὸν",tlg0533.tlg015.perseus-grc3.xml
Hymn to Zeus,tlg015,1,49,"αἰγὸς Ἀμαλθείης, ἐπὶ σὲ γλυκὺ κηρίον ἔβρως.","αἰγὸς Ἀμαλθείης, ἐπὶ σὲ γλυκὺ κηρίον ἔβρως.",tlg0533.tlg015.perseus-grc3.xml
Hymn to Zeus,tlg015,1,50,γέντο γὰρ ἐξαπιναῖα Πανακρίδος ἔργα μελίσσης,γέντο γὰρ ἐξαπιναῖα Πανακρίδος ἔργα μελίσσης,tlg0533.tlg015.perseus-grc3.xml
Hymn to Zeus,tlg015,1,51,"Ἰδαίοις ἐν ὄρεσσι, τά τε κλείουσι Πάνακρα.","Ἰδαίοις ἐν ὄρεσσι, τά τε κλείουσι Πάνακρα.",tlg0533.tlg015.perseus-grc3.xml
Hymn to Zeus,tlg015,1,52,οὖλα δὲ Κούρητές σε περὶ πρύλιν ὠρχήσαντο,οὖλα δὲ Κούρητές σε περὶ πρύλιν ὠρχήσαντο,tlg0533.tlg015.perseus-grc3.xml
Hymn to Zeus,tlg015,1,53,"τεύχεα πεπηήγοντες, ἵνα Κρόνος οὔασιν ἠχὴν","τεύχεα πεπηήγοντες, ἵνα Κρόνος οὔασιν ἠχὴν",tlg0533.tlg015.perseus-grc3.xml
Hymn to Zeus,tlg015,1,54,ἀσπίδος εἰσαΐοι καὶ μή σεο κουρίζοντος.,ἀσπίδος εἰσαΐοι καὶ μή σεο κουρίζοντος.,tlg0533.tlg015.perseus-grc3.xml
Hymn to Zeus,tlg015,1,55,"καλὰ μὲν ἠέξευ, καλὰ δʼ ἔτραφες, οὐράνιε Ζεῦ,","καλὰ μὲν ἠέξευ, καλὰ δ’ ἔτραφες, οὐράνιε Ζεῦ,",tlg0533.tlg015.perseus-grc3.xml
Hymn to Zeus,tlg015,1,56,"ὀξὺ δʼ ἀνήβησας, ταχινοὶ δέ τοι ἦλθον ἴουλοι.","ὀξὺ δ’ ἀνήβησας, ταχινοὶ δέ τοι ἦλθον ἴουλοι.",tlg0533.tlg015.perseus-grc3.xml
Hymn to Zeus,tlg015,1,57,ἀλλʼ ἔτι παιδνὸς ἐὼν ἐφράσσαο πάντα τέλεια·,ἀλλ’ ἔτι παιδνὸς ἐὼν ἐφράσσαο πάντα τέλεια·,tlg0533.tlg015.perseus-grc3.xml
Hymn to Zeus,tlg015,1,58,τῶ τοι καὶ γνωτοὶ προτερηγενέες περ ἐόντες,τῶ τοι καὶ γνωτοὶ προτερηγενέες περ ἐόντες,tlg0533.tlg015.perseus-grc3.xml
Hymn to Zeus,tlg015,1,59,οὐρανὸν οὐκ ἐμέγηραν ἔχειν ἐπιδαίσιον οἶκον.,οὐρανὸν οὐκ ἐμέγηραν ἔχειν ἐπιδαίσιον οἶκον.,tlg0533.tlg015.perseus-grc3.xml
Hymn to Zeus,tlg015,1,60,δηναιοὶ δʼ οὐ πάμπαν ἀληθέες ἦσαν ἀοιδοί.,δηναιοὶ δ’ οὐ πάμπαν ἀληθέες ἦσαν ἀοιδοί.,tlg0533.tlg015.perseus-grc3.xml
Hymn to Zeus,tlg015,1,61,φάντο πάλον Κρονίδῃσι διάτριχα δώματα νεῖμαι·,φάντο πάλον Κρονίδῃσι διάτριχα δώματα νεῖμαι·,tlg0533.tlg015.perseus-grc3.xml
Hymn to Zeus,tlg015,1,62,"τίς δέ κʼ ἐπʼ Οὐλύμπῳ τε καὶ Ἄιδι κλῆρον ἐρύσσαι,","τίς δέ κ’ ἐπ’ Οὐλύμπῳ τε καὶ Ἄιδι κλῆρον ἐρύσσαι,",tlg0533.tlg015.perseus-grc3.xml
Hymn to Zeus,tlg015,1,63,ὃς μάλα μὴ νενίηλος; ἐπʼ ἰσαίῃ γὰρ ἔοικε,ὃς μάλα μὴ νενίηλος; ἐπ’ ἰσαίῃ γὰρ ἔοικε,tlg0533.tlg015.perseus-grc3.xml
Hymn to Zeus,tlg015,1,64,πήλασθαι· τὰ δὲ τόσσον ὅσον διὰ πλεῖστον ἔχουσι.,πήλασθαι· τὰ δὲ τόσσον ὅσον διὰ πλεῖστον ἔχουσι.,tlg0533.tlg015.perseus-grc3.xml
Hymn to Zeus,tlg015,1,65,ψευδοίμην ἀίοντος ἅ κεν πεπίθοιεν ἀκουήν.,ψευδοίμην ἀίοντος ἅ κεν πεπίθοιεν ἀκουήν.,tlg0533.tlg015.perseus-grc3.xml
Hymn to Zeus,tlg015,1,66,"οὔ σε θεῶν ἐσσῆνα πάλοι θέσαν, ἔργα δὲ χειρῶν,","οὔ σε θεῶν ἐσσῆνα πάλοι θέσαν, ἔργα δὲ χειρῶν,",tlg0533.tlg015.perseus-grc3.xml
Hymn to Zeus,tlg015,1,67,"σή τε βίη τό τε κάρτος, ὃ καὶ πέλας εἵσαο δίφρου.","σή τε βίη τό τε κάρτος, ὃ καὶ πέλας εἵσαο δίφρου.",tlg0533.tlg015.perseus-grc3.xml
Hymn to Zeus,tlg015,1,68,θήκαο δʼ οἰωνῶν μέγʼ ὑπείροχον ἀγγελιώτην,θήκαο δ’ οἰωνῶν μέγ’ ὑπείροχον ἀγγελιώτην,tlg0533.tlg015.perseus-grc3.xml
Hymn to Zeus,tlg015,1,69,σῶν τεράων· ἅ τʼ ἐμοῖσι φίλοις ἐνδέξια φαίνοις.,σῶν τεράων· ἅ τ’ ἐμοῖσι φίλοις ἐνδέξια φαίνοις.,tlg0533.tlg015.perseus-grc3.xml
Hymn to Zeus,tlg015,1,70,εἵλεο δʼ αἰζηῶν ὅ τι φέρτατον· οὐ σύ γε νηῶν,εἵλεο δ’ αἰζηῶν ὅ τι φέρτατον· οὐ σύ γε νηῶν,tlg0533.tlg015.perseus-grc3.xml
Hymn to Zeus,tlg015,1,71,"ἐμπεράμους, οὐκ ἄνδρα σακέσπαλον, οὐ μὲν ἀοιδόν·","ἐμπεράμους, οὐκ ἄνδρα σακέσπαλον, οὐ μὲν ἀοιδόν·",tlg0533.tlg015.perseus-grc3.xml
Hymn to Zeus,tlg015,1,72,ἀλλὰ τὰ μὲν μακάρεσσιν ὀλίζοσιν αὖθι παρῆκας,ἀλλὰ τὰ μὲν μακάρεσσιν ὀλίζοσιν αὖθι παρῆκας,tlg0533.tlg015.perseus-grc3.xml
Hymn to Zeus,tlg015,1,73,"ἄλλα μέλειν ἑτέροισι, σὺ δʼ ἐξέλεο πτολιάρχους","ἄλλα μέλειν ἑτέροισι, σὺ δ’ ἐξέλεο πτολιάρχους",tlg0533.tlg015.perseus-grc3.xml
Hymn to Zeus,tlg015,1,74,"αὐτούς, ὧν ὑπὸ χεῖρα γεωμόρος, ὧν ἴδρις αἰχμῆς,","αὐτούς, ὧν ὑπὸ χεῖρα γεωμόρος, ὧν ἴδρις αἰχμῆς,",tlg0533.tlg015.perseus-grc3.xml
Hymn to Zeus,tlg015,1,75,"ὧν ἐρέτης, ὧν πάντα· τί δʼ οὐ κρατέοντος ὑπʼ ἰοχύν;","ὧν ἐρέτης, ὧν πάντα· τί δ’ οὐ κρατέοντος ὑπ’ ἰοχύν;",tlg0533.tlg015.perseus-grc3.xml
Hymn to Zeus,tlg015,1,76,"αὐτίκα χαλκῆας μὲν ὑδείομεν Ἡφαίστοιο,","αὐτίκα χαλκῆας μὲν ὑδείομεν Ἡφαίστοιο,",tlg0533.tlg015.perseus-grc3.xml
Hymn to Zeus,tlg015,1,77,"τευχηστὰς δʼ Ἄρηος, ἐπακτῆρας δὲ Χιτώνης","τευχηστὰς δ’ Ἄρηος, ἐπακτῆρας δὲ Χιτώνης",tlg0533.tlg015.perseus-grc3.xml
Hymn to Zeus,tlg015,1,78,"Ἀρτέμιδος, Φοίβου δὲ λύρης εὖ εἰδότας οἴμους·","Ἀρτέμιδος, Φοίβου δὲ λύρης εὖ εἰδότας οἴμους·",tlg0533.tlg015.perseus-grc3.xml
Hymn to Zeus,tlg015,1,79,"ἐκ δὲ Διὸς βασιλῆες, ἐπεὶ Διὸς οὐδὲν ἀνάκτων","ἐκ δὲ Διὸς βασιλῆες, ἐπεὶ Διὸς οὐδὲν ἀνάκτων",tlg0533.tlg015.perseus-grc3.xml
Hymn to Zeus,tlg015,1,80,θειότερον· τῶ καί σφε τεὴν ἐκρίναο λάξιν.,θειότερον· τῶ καί σφε τεὴν ἐκρίναο λάξιν.,tlg0533.tlg015.perseus-grc3.xml
Hymn to Zeus,tlg015,1,81,"δῶκας δὲ πτολίεθρα φυλασσέμεν, ἵζεο δʼ αὐτὸς","δῶκας δὲ πτολίεθρα φυλασσέμεν, ἵζεο δ’ αὐτὸς",tlg0533.tlg015.perseus-grc3.xml
Hymn to Zeus,tlg015,1,82,"ἄκρῃσʼ ἐν πολίεσσιν, ἐπόψιος οἵ τε δίκῃσι","ἄκρῃσ’ ἐν πολίεσσιν, ἐπόψιος οἵ τε δίκῃσι",tlg0533.tlg015.perseus-grc3.xml
Hymn to Zeus,tlg015,1,83,λαὸν ὑπὸ σκολιῇσʼ οἵ τʼ ἔμπαλιν ἰθύνουσιν·,λαὸν ὑπὸ σκολιῇσ’ οἵ τ’ ἔμπαλιν ἰθύνουσιν·,tlg0533.tlg015.perseus-grc3.xml
Hymn to Zeus,tlg015,1,84,"ἐν δὲ ῥυηφενίην ἔβαλές σφισιν, ἐν δʼ ἅλις ὄλβον·","ἐν δὲ ῥυηφενίην ἔβαλές σφισιν, ἐν δ’ ἅλις ὄλβον·",tlg0533.tlg015.perseus-grc3.xml
Hymn to Zeus,tlg015,1,85,"πᾶσι μέν, οὐ μάλα δʼ ἶσον. ἔοικε δὲ τεκμήρασθαι","πᾶσι μέν, οὐ μάλα δ’ ἶσον. ἔοικε δὲ τεκμήρασθαι",tlg0533.tlg015.perseus-grc3.xml
Hymn to Zeus,tlg015,1,86,ἡμετέρῳ μεδέοντι· περιπρὸ γὰρ εὐρὺ βέβηκεν.,ἡμετέρῳ μεδέοντι· περιπρὸ γὰρ εὐρὺ βέβηκεν.,tlg0533.tlg015.perseus-grc3.xml
Hymn to Zeus,tlg015,1,87,ἑσπέριος κεῖνός γε τελεῖ τά κεν ἦρι νοήσῃ·,ἑσπέριος κεῖνός γε τελεῖ τά κεν ἦρι νοήσῃ·,tlg0533.tlg015.perseus-grc3.xml
Hymn to Zeus,tlg015,1,88,"ἑσπέριος τὰ μέγιστα, τὰ μείονα δʼ, εὖτε νοήσῃ.","ἑσπέριος τὰ μέγιστα, τὰ μείονα δ’, εὖτε νοήσῃ.",tlg0533.tlg015.perseus-grc3.xml
Hymn to Zeus,tlg015,1,89,"οἱ δὲ τὰ μὲν πλειῶνι, τὰ δʼ οὐχ ἑνί, τῶν δʼ ἀπὸ πάμπαν","οἱ δὲ τὰ μὲν πλειῶνι, τὰ δ’ οὐχ ἑνί, τῶν δ’ ἀπὸ πάμπαν",tlg0533.tlg015.perseus-grc3.xml
Hymn to Zeus,tlg015,1,90,"αὐτὸς ἄνην ἐκόλουσας, ἐνέκλασσας δὲ μενοινήν.","αὐτὸς ἄνην ἐκόλουσας, ἐνέκλασσας δὲ μενοινήν.",tlg0533.tlg015.perseus-grc3.xml
Hymn to Zeus,tlg015,1,91,"χαῖρε μέγα, Κρονίδη πανυπέρτατε, δῶτορ ἐάων,","χαῖρε μέγα, Κρονίδη πανυπέρτατε, δῶτορ ἐάων,",tlg0533.tlg015.perseus-grc3.xml
Hymn to Zeus,tlg015,1,92,δῶτορ ἀπημονίης. τεὰ δʼ ἔργματα τίς κεν ἀείδοι;,δῶτορ ἀπημονίης. τεὰ δ’ ἔργματα τίς κεν ἀείδοι;,tlg0533.tlg015.perseus-grc3.xml
Hymn to Zeus,tlg015,1,93,"οὐ γένετʼ, οὐκ ἔσται, τίς κεν Διὸς ἔργματʼ ἀείσαι.","οὐ γένετ’, οὐκ ἔσται, τίς κεν Διὸς ἔργματ’ ἀείσαι.",tlg0533.tlg015.perseus-grc3.xml
Hymn to Zeus,tlg015,1,94,"χαῖρε πάτερ, χαῖρʼ αὖθι· δίδου δʼ ἀρετήν τʼ ἄφενός τε.","χαῖρε πάτερ, χαῖρ’ αὖθι· δίδου δ’ ἀρετήν τ’ ἄφενός τε.",tlg0533.tlg015.perseus-grc3.xml
Hymn to Zeus,tlg015,1,95,οὔτʼ ἀρετῆς ἄτερ ὄλβος ἐπίσταται ἄνδρας ἀέξειν,οὔτ’ ἀρετῆς ἄτερ ὄλβος ἐπίσταται ἄνδρας ἀέξειν,tlg0533.tlg015.perseus-grc3.xml
Hymn to Zeus,tlg015,1,96,οὔτʼ ἀρετὴ ἀφένοιο· δίδου δʼ ἀρετήν τε καὶ ὄλβον.,οὔτ’ ἀρετὴ ἀφένοιο· δίδου δ’ ἀρετήν τε καὶ ὄλβον.,tlg0533.tlg015.perseus-grc3.xml
Hymn to Apollo,tlg016,1,1,"οἷον ὁ τὠπόλλωνος ἐσείσατο δάφνινος ὅρπηξ,","οἷον ὁ τὠπόλλωνος ἐσείσατο δάφνινος ὅρπηξ,",tlg0533.tlg016.perseus-grc3.xml
Hymn to Apollo,tlg016,1,2,"οἷα δʼ ὅλον τὸ μέλαθρον· ἑκάς, ἑκὰς ὅστις ἀλιτρός.","οἷα δ’ ὅλον τὸ μέλαθρον· ἑκάς, ἑκὰς ὅστις ἀλιτρός.",tlg0533.tlg016.perseus-grc3.xml
Hymn to Apollo,tlg016,1,3,καὶ δή που τὰ θύρετρα καλῷ ποδὶ Φοῖβος ἀράσσει·,καὶ δή που τὰ θύρετρα καλῷ ποδὶ Φοῖβος ἀράσσει·,tlg0533.tlg016.perseus-grc3.xml
Hymn to Apollo,tlg016,1,4,οὐχ ὁράᾳς; ἐπένευσεν ὁ Δήλιος ἡδύ τι φοῖνιξ,οὐχ ὁράᾳς; ἐπένευσεν ὁ Δήλιος ἡδύ τι φοῖνιξ,tlg0533.tlg016.perseus-grc3.xml
Hymn to Apollo,tlg016,1,5,"ἐξαπίνης, ὁ δὲ κύκνος ἐν ἠέρι καλὸν ἀείδει.","ἐξαπίνης, ὁ δὲ κύκνος ἐν ἠέρι καλὸν ἀείδει.",tlg0533.tlg016.perseus-grc3.xml
Hymn to Apollo,tlg016,1,6,"αὐτοὶ νῦν κατοχῆες ἀνακλίνεσθε πυλάων,","αὐτοὶ νῦν κατοχῆες ἀνακλίνεσθε πυλάων,",tlg0533.tlg016.perseus-grc3.xml
Hymn to Apollo,tlg016,1,7,αὐταὶ δὲ κληῖδες· ὁ γὰρ θεὸς οὐκέτι μακρήν·,αὐταὶ δὲ κληῖδες· ὁ γὰρ θεὸς οὐκέτι μακρήν·,tlg0533.tlg016.perseus-grc3.xml
Hymn to Apollo,tlg016,1,8,οἱ δὲ νέοι μολπήν τε καὶ ἐς χορὸν ἐντύνεσθε.,οἱ δὲ νέοι μολπήν τε καὶ ἐς χορὸν ἐντύνεσθε.,tlg0533.tlg016.perseus-grc3.xml
Hymn to Apollo,tlg016,1,9,"ὡπόλλων οὐ παντὶ φαείνεται, ἀλλʼ ὅ τις ἐσθλός·","ὡπόλλων οὐ παντὶ φαείνεται, ἀλλ’ ὅ τις ἐσθλός·",tlg0533.tlg016.perseus-grc3.xml
Hymn to Apollo,tlg016,1,10,"ὅς μιν ἴδῃ, μέγας οὗτος, ὃς οὐκ ἴδε, λιτὸς ἐκεῖνος.","ὅς μιν ἴδῃ, μέγας οὗτος, ὃς οὐκ ἴδε, λιτὸς ἐκεῖνος.",tlg0533.tlg016.perseus-grc3.xml
Hymn to Apollo,tlg016,1,11,"ὀψόμεθʼ, ὦ Ἑκάεργε, καὶ ἐσσόμεθʼ οὔποτε λιτοί.","ὀψόμεθ’, ὦ Ἑκάεργε, καὶ ἐσσόμεθ’ οὔποτε λιτοί.",tlg0533.tlg016.perseus-grc3.xml
Hymn to Apollo,tlg016,1,12,μήτε σιωπηλὴν κίθαριν μήτʼ ἄψοφον ἴχνος,μήτε σιωπηλὴν κίθαριν μήτ’ ἄψοφον ἴχνος,tlg0533.tlg016.perseus-grc3.xml
Hymn to Apollo,tlg016,1,13,"τοῦ Φοίβου τοὺς παῖδας ἔχειν ἐπιδημήσαντος,","τοῦ Φοίβου τοὺς παῖδας ἔχειν ἐπιδημήσαντος,",tlg0533.tlg016.perseus-grc3.xml
Hymn to Apollo,tlg016,1,14,"εἰ τελέειν μέλλουσι γάμον πολιήν τε κερεῖσθαι,","εἰ τελέειν μέλλουσι γάμον πολιήν τε κερεῖσθαι,",tlg0533.tlg016.perseus-grc3.xml
Hymn to Apollo,tlg016,1,15,ἑστήξειν δὲ τὸ τεῖχος ἐπʼ ἀρχαίοισι θεμέθλοις.,ἑστήξειν δὲ τὸ τεῖχος ἐπ’ ἀρχαίοισι θεμέθλοις.,tlg0533.tlg016.perseus-grc3.xml
Hymn to Apollo,tlg016,1,16,"ἠγασάμην τοὺς παῖδας, ἐπεὶ χέλυς οὐκέτʼ ἀεργός.","ἠγασάμην τοὺς παῖδας, ἐπεὶ χέλυς οὐκέτ’ ἀεργός.",tlg0533.tlg016.perseus-grc3.xml
Hymn to Apollo,tlg016,1,17,εὐφημεῖτʼ ἀίοντες ἐπʼ Ἀπόλλωνος ἀοιδῇ.,εὐφημεῖτ’ ἀίοντες ἐπ’ Ἀπόλλωνος ἀοιδῇ.,tlg0533.tlg016.perseus-grc3.xml
Hymn to Apollo,tlg016,1,18,"εὐφημεῖ καὶ πόντος, ὅτε κλείουσιν ἀοιδοὶ","εὐφημεῖ καὶ πόντος, ὅτε κλείουσιν ἀοιδοὶ",tlg0533.tlg016.perseus-grc3.xml
Hymn to Apollo,tlg016,1,19,"ἢ κίθαριν ἢ τόξα, Λυκωρέος ἔντεα Φοίβου.","ἢ κίθαριν ἢ τόξα, Λυκωρέος ἔντεα Φοίβου.",tlg0533.tlg016.perseus-grc3.xml
Hymn to Apollo,tlg016,1,20,"οὐδὲ Θέτις Ἀχιλῆα κινύρεται αἴλινα μήτηρ,","οὐδὲ Θέτις Ἀχιλῆα κινύρεται αἴλινα μήτηρ,",tlg0533.tlg016.perseus-grc3.xml
Hymn to Apollo,tlg016,1,21,ὁππόθʼ ἱὴ παιῆον ἱὴ παιῆον ἀκούσῃ.,ὁππόθ’ ἱὴ παιῆον ἱὴ παιῆον ἀκούσῃ.,tlg0533.tlg016.perseus-grc3.xml
Hymn to Apollo,tlg016,1,22,"καὶ μὲν ὁ δακρυόεις ἀναβάλλεται ἄλγεα πέτρος,","καὶ μὲν ὁ δακρυόεις ἀναβάλλεται ἄλγεα πέτρος,",tlg0533.tlg016.perseus-grc3.xml
Hymn to Apollo,tlg016,1,23,"ὅστις ἐνὶ Φρυγίῃ διερὸς λίθος ἐστήρικται,","ὅστις ἐνὶ Φρυγίῃ διερὸς λίθος ἐστήρικται,",tlg0533.tlg016.perseus-grc3.xml
Hymn to Apollo,tlg016,1,24,μάρμαρον ἀντὶ γυναικὸς ὀιζυρόν τι χανούσης.,μάρμαρον ἀντὶ γυναικὸς ὀιζυρόν τι χανούσης.,tlg0533.tlg016.perseus-grc3.xml
Hymn to Apollo,tlg016,1,25,ἱὴ ἱὴ φθέγγεσθε· κακὸν μακάρεσσιν ἐρίζειν.,ἱὴ ἱὴ φθέγγεσθε· κακὸν μακάρεσσιν ἐρίζειν.,tlg0533.tlg016.perseus-grc3.xml
Hymn to Apollo,tlg016,1,26,"ὃς μάχεται μακάρεσσιν, ἐμῷ βασιλῆι μάχοιτο·","ὃς μάχεται μακάρεσσιν, ἐμῷ βασιλῆι μάχοιτο·",tlg0533.tlg016.perseus-grc3.xml
Hymn to Apollo,tlg016,1,27,"ὅστις ἐμῷ βασιλῆι, καὶ Ἀπόλλωνι μάχοιτο.","ὅστις ἐμῷ βασιλῆι, καὶ Ἀπόλλωνι μάχοιτο.",tlg0533.tlg016.perseus-grc3.xml
Hymn to Apollo,tlg016,1,28,"τὸν χορὸν ὡπόλλων, ὅ τι οἱ κατὰ θυμὸν ἀείδει,","τὸν χορὸν ὡπόλλων, ὅ τι οἱ κατὰ θυμὸν ἀείδει,",tlg0533.tlg016.perseus-grc3.xml
Hymn to Apollo,tlg016,1,29,"τιμήσει· δύναται γάρ, ἐπεὶ Διὶ δεξιὸς ἧσται.","τιμήσει· δύναται γάρ, ἐπεὶ Διὶ δεξιὸς ἧσται.",tlg0533.tlg016.perseus-grc3.xml
Hymn to Apollo,tlg016,1,30,"οὐδʼ ὁ χορὸς τὸν Φοῖβον ἐφʼ ἓν μόνον ἦμαρ ἀείσει,","οὐδ’ ὁ χορὸς τὸν Φοῖβον ἐφ’ ἓν μόνον ἦμαρ ἀείσει,",tlg0533.tlg016.perseus-grc3.xml
Hymn to Apollo,tlg016,1,31,ἔστι γὰρ εὔυμνος· τίς ἂν οὐ ῥέα Φοῖβον ἀείδοι;,ἔστι γὰρ εὔυμνος· τίς ἂν οὐ ῥέα Φοῖβον ἀείδοι;,tlg0533.tlg016.perseus-grc3.xml
Hymn to Apollo,tlg016,1,32,χρύσεα τὠπόλλωνι τό τʼ. ἐνδυτὸν ἥ τʼ ἐπιπορπὶς,χρύσεα τὠπόλλωνι τό τ’. ἐνδυτὸν ἥ τ’ ἐπιπορπὶς,tlg0533.tlg016.perseus-grc3.xml
Hymn to Apollo,tlg016,1,33,"ἥ τε λύρη τό τʼ ἄεμμα τὸ Λύκτιον ἥ τε φαρέτρη,","ἥ τε λύρη τό τ’ ἄεμμα τὸ Λύκτιον ἥ τε φαρέτρη,",tlg0533.tlg016.perseus-grc3.xml
Hymn to Apollo,tlg016,1,34,χρύσεα καὶ τὰ πέδιλα· πολύχρυσος γὰρ Ἀπόλλων.,χρύσεα καὶ τὰ πέδιλα· πολύχρυσος γὰρ Ἀπόλλων.,tlg0533.tlg016.perseus-grc3.xml
Hymn to Apollo,tlg016,1,35,καὶ δὲ πολυκτέανος· Πυθῶνί κε τεκμήραιο.,καὶ δὲ πολυκτέανος· Πυθῶνί κε τεκμήραιο.,tlg0533.tlg016.perseus-grc3.xml
Hymn to Apollo,tlg016,1,36,καὶ μὲν ἀεὶ καλὸς καὶ ἀεὶ νέος· οὔποτε Θοίβου,καὶ μὲν ἀεὶ καλὸς καὶ ἀεὶ νέος· οὔποτε Θοίβου,tlg0533.tlg016.perseus-grc3.xml
Hymn to Apollo,tlg016,1,37,θηλείῃσʼ οὐδʼ ὅσσον ἐπὶ χνόος ἦλθε παρειαῖς.,θηλείῃσ’ οὐδ’ ὅσσον ἐπὶ χνόος ἦλθε παρειαῖς.,tlg0533.tlg016.perseus-grc3.xml
Hymn to Apollo,tlg016,1,38,αἱ δὲ κόμαι θυόεντα πέδῳ λείβουσιν ἔλαια·,αἱ δὲ κόμαι θυόεντα πέδῳ λείβουσιν ἔλαια·,tlg0533.tlg016.perseus-grc3.xml
Hymn to Apollo,tlg016,1,39,"οὐ λίπος Ἀπόλλωνος ἀποστάζουσιν ἔθειραι,","οὐ λίπος Ἀπόλλωνος ἀποστάζουσιν ἔθειραι,",tlg0533.tlg016.perseus-grc3.xml
Hymn to Apollo,tlg016,1,40,ἀλλʼ αὐτὴν πανάκειαν· ἐν ἄστεϊ δʼ ᾧ κεν ἐκεῖναι,ἀλλ’ αὐτὴν πανάκειαν· ἐν ἄστεϊ δ’ ᾧ κεν ἐκεῖναι,tlg0533.tlg016.perseus-grc3.xml
Hymn to Apollo,tlg016,1,41,πρῶκες ἔραζε πέσωσιν ἀκήρια πάντʼ ἐγένοντο.,πρῶκες ἔραζε πέσωσιν ἀκήρια πάντ’ ἐγένοντο.,tlg0533.tlg016.perseus-grc3.xml
Hymn to Apollo,tlg016,1,42,τέχνῃ δʼ ἀμφιλαφὴς οὔ τις τόσον ὅσσον Ἀπόλλων·,τέχνῃ δ’ ἀμφιλαφὴς οὔ τις τόσον ὅσσον Ἀπόλλων·,tlg0533.tlg016.perseus-grc3.xml
Hymn to Apollo,tlg016,1,43,"κεῖνος ὀιστευτὴν ἔλαχʼ ἀνέρα, κεῖνος ἀοιδὸν","κεῖνος ὀιστευτὴν ἔλαχ’ ἀνέρα, κεῖνος ἀοιδὸν",tlg0533.tlg016.perseus-grc3.xml
Hymn to Apollo,tlg016,1,44,"Φοίβῳ γὰρ καὶ τόξον ἐπιτρέπεται καὶ ἀοιδή,","Φοίβῳ γὰρ καὶ τόξον ἐπιτρέπεται καὶ ἀοιδή,",tlg0533.tlg016.perseus-grc3.xml
Hymn to Apollo,tlg016,1,45,κείνου δὲ θριαὶ καὶ μάντιες· ἐκ δέ νυ Φοίβου,κείνου δὲ θριαὶ καὶ μάντιες· ἐκ δέ νυ Φοίβου,tlg0533.tlg016.perseus-grc3.xml
Hymn to Apollo,tlg016,1,46,ἰητροὶ δεδάασιν ἀνάβλησιν θανάτοιο.,ἰητροὶ δεδάασιν ἀνάβλησιν θανάτοιο.,tlg0533.tlg016.perseus-grc3.xml
Hymn to Apollo,tlg016,1,47,"Φοῖβον καὶ Νόμιον κικλήσκομεν ἐξέτι κείνου,","Φοῖβον καὶ Νόμιον κικλήσκομεν ἐξέτι κείνου,",tlg0533.tlg016.perseus-grc3.xml
Hymn to Apollo,tlg016,1,48,ἐξότʼ ἐπʼ Ἀμφρυσσῷ ζευγίτιδας ἔτρεφεν ἵππους,ἐξότ’ ἐπ’ Ἀμφρυσσῷ ζευγίτιδας ἔτρεφεν ἵππους,tlg0533.tlg016.perseus-grc3.xml
Hymn to Apollo,tlg016,1,49,ἠιθέου ὑπʼ ἔρωτι κεκαυμένος Ἀδμήτοιο.,ἠιθέου ὑπ’ ἔρωτι κεκαυμένος Ἀδμήτοιο.,tlg0533.tlg016.perseus-grc3.xml
Hymn to Apollo,tlg016,1,50,"ῥεῖά κε βουβόσιον τελέθοι πλέον, οὐδέ κεν αἶγες","ῥεῖά κε βουβόσιον τελέθοι πλέον, οὐδέ κεν αἶγες",tlg0533.tlg016.perseus-grc3.xml
Hymn to Apollo,tlg016,1,51,δεύοιντο βρεφέων ἐπιμηλάδες ᾗδιν Ἀπόλλων,δεύοιντο βρεφέων ἐπιμηλάδες ᾗδιν Ἀπόλλων,tlg0533.tlg016.perseus-grc3.xml
Hymn to Apollo,tlg016,1,52,βοσκομένῃσʼ ὀφθαλμὸν ἐπήγαγεν· οὐδʼ ἀγάλακτες,βοσκομένῃσ’ ὀφθαλμὸν ἐπήγαγεν· οὐδ’ ἀγάλακτες,tlg0533.tlg016.perseus-grc3.xml
Hymn to Apollo,tlg016,1,53,"οἴιες οὐδʼ ἄκυθοι, πᾶσαι δέ κεν εἶεν ὕπαρνοι,","οἴιες οὐδ’ ἄκυθοι, πᾶσαι δέ κεν εἶεν ὕπαρνοι,",tlg0533.tlg016.perseus-grc3.xml
Hymn to Apollo,tlg016,1,54,ἡ δέ κε μουνοτόκος διδυμητόκος αἶψα γένοιτο.,ἡ δέ κε μουνοτόκος διδυμητόκος αἶψα γένοιτο.,tlg0533.tlg016.perseus-grc3.xml
Hymn to Apollo,tlg016,1,55,Φοίβῳ δʼ ἑσπόμενοι πόλιας διεμετρήσαντο,Φοίβῳ δ’ ἑσπόμενοι πόλιας διεμετρήσαντο,tlg0533.tlg016.perseus-grc3.xml
Hymn to Apollo,tlg016,1,56,ἄνθρωποι· Φοῖβος γὰρ ἀεὶ πολίεσσι φιληδεῖ,ἄνθρωποι· Φοῖβος γὰρ ἀεὶ πολίεσσι φιληδεῖ,tlg0533.tlg016.perseus-grc3.xml
Hymn to Apollo,tlg016,1,57,"κτιζομένῃσʼ, αὐτὸς δὲ θεμείλια Φοῖβος ὑφαίνει.","κτιζομένῃσ’, αὐτὸς δὲ θεμείλια Φοῖβος ὑφαίνει.",tlg0533.tlg016.perseus-grc3.xml
Hymn to Apollo,tlg016,1,58,τετραέτης τὰ πρῶτα θεμείλια Φοῖβος ἔπηξε,τετραέτης τὰ πρῶτα θεμείλια Φοῖβος ἔπηξε,tlg0533.tlg016.perseus-grc3.xml
Hymn to Apollo,tlg016,1,59,καλῇ ἐν Ὀρτυγίῃ περιηγέος ἐγγύθι λίμνης.,καλῇ ἐν Ὀρτυγίῃ περιηγέος ἐγγύθι λίμνης.,tlg0533.tlg016.perseus-grc3.xml
Hymn to Apollo,tlg016,1,60,Ἄρτεμις ἀγρώσσουσα καρήατα συνεχὲς αἰγῶν,Ἄρτεμις ἀγρώσσουσα καρήατα συνεχὲς αἰγῶν,tlg0533.tlg016.perseus-grc3.xml
Hymn to Apollo,tlg016,1,61,"Κυνθιάδων φορέεσκεν, ὁ δʼ ἔπλεκε βωμὸν Ἀπόλλων.","Κυνθιάδων φορέεσκεν, ὁ δ’ ἔπλεκε βωμὸν Ἀπόλλων.",tlg0533.tlg016.perseus-grc3.xml
Hymn to Apollo,tlg016,1,62,"δείματο μὲν κεράεσσιν ἐδέθλια, πῆξε δὲ βωμὸν","δείματο μὲν κεράεσσιν ἐδέθλια, πῆξε δὲ βωμὸν",tlg0533.tlg016.perseus-grc3.xml
Hymn to Apollo,tlg016,1,63,"ἐκ κεράων, κεραοὺς δὲ πέριξ ὑπεβάλλετο τοίχους.","ἐκ κεράων, κεραοὺς δὲ πέριξ ὑπεβάλλετο τοίχους.",tlg0533.tlg016.perseus-grc3.xml
Hymn to Apollo,tlg016,1,64,ὧδʼ ἔμαθεν τὰ πρῶτα θεμείλια Φοῖβος ἐγείρειν.,ὧδ’ ἔμαθεν τὰ πρῶτα θεμείλια Φοῖβος ἐγείρειν.,tlg0533.tlg016.perseus-grc3.xml
Hymn to Apollo,tlg016,1,65,Φοῖβος καὶ βαθύγειον ἐμὴν πόλιν ἔφρασε Βάττῳ,Φοῖβος καὶ βαθύγειον ἐμὴν πόλιν ἔφρασε Βάττῳ,tlg0533.tlg016.perseus-grc3.xml
Hymn to Apollo,tlg016,1,66,καὶ Λιβύην ἐσιόντι κόραξ ἡγήσατο λαῷ,καὶ Λιβύην ἐσιόντι κόραξ ἡγήσατο λαῷ,tlg0533.tlg016.perseus-grc3.xml
Hymn to Apollo,tlg016,1,67,δεξιὸς οἰκιστῆρι καὶ ὤμοσε τείχεα δώσειν,δεξιὸς οἰκιστῆρι καὶ ὤμοσε τείχεα δώσειν,tlg0533.tlg016.perseus-grc3.xml
Hymn to Apollo,tlg016,1,68,ἡμετέροις βασιλεῦσιν· ἀεὶ δʼ εὔορκος Ἀπόλλων.,ἡμετέροις βασιλεῦσιν· ἀεὶ δ’ εὔορκος Ἀπόλλων.,tlg0533.tlg016.perseus-grc3.xml
Hymn to Apollo,tlg016,1,69,"ὤπολλον, πολλοί σε Βοηδρόμιον καλέουσι,","ὤπολλον, πολλοί σε Βοηδρόμιον καλέουσι,",tlg0533.tlg016.perseus-grc3.xml
Hymn to Apollo,tlg016,1,70,"πολλοὶ δὲ Κλάριον, πάντη δέ τοι οὔνομα πογλύ·","πολλοὶ δὲ Κλάριον, πάντη δέ τοι οὔνομα πογλύ·",tlg0533.tlg016.perseus-grc3.xml
Hymn to Apollo,tlg016,1,71,αὐτὰρ ἐγὼ Καρνεῖον· ἐμοὶ πατρώιον οὕτω.,αὐτὰρ ἐγὼ Καρνεῖον· ἐμοὶ πατρώιον οὕτω.,tlg0533.tlg016.perseus-grc3.xml
Hymn to Apollo,tlg016,1,72,"Σπάρτη τοι, Καρνεῖε, τὸ δὴ πρώτιστον ἔδεθλον,","Σπάρτη τοι, Καρνεῖε, τὸ δὴ πρώτιστον ἔδεθλον,",tlg0533.tlg016.perseus-grc3.xml
Hymn to Apollo,tlg016,1,73,"δεύτερον αὖ Θήρη, τρίτατόν γε μὲν ἄστυ Κυρήνης.","δεύτερον αὖ Θήρη, τρίτατόν γε μὲν ἄστυ Κυρήνης.",tlg0533.tlg016.perseus-grc3.xml
Hymn to Apollo,tlg016,1,74,ἐκ μέν σε Σπάρτης ἕκτον γένος Οἰδιπόδαο,ἐκ μέν σε Σπάρτης ἕκτον γένος Οἰδιπόδαο,tlg0533.tlg016.perseus-grc3.xml
Hymn to Apollo,tlg016,1,75,ἤγαγε Θηραίην ἐς ἀπόκτισιν· ἐκ δέ σε Θήρης,ἤγαγε Θηραίην ἐς ἀπόκτισιν· ἐκ δέ σε Θήρης,tlg0533.tlg016.perseus-grc3.xml
Hymn to Apollo,tlg016,1,76,"οὖλος Ἀριστοτέλης Ἀσβυστίδι πάρθετο γαίῃ,","οὖλος Ἀριστοτέλης Ἀσβυστίδι πάρθετο γαίῃ,",tlg0533.tlg016.perseus-grc3.xml
Hymn to Apollo,tlg016,1,77,"δεῖμε δέ τοι μάλα καλὸν ἀνάκτορον, ἐν δὲ πόληι","δεῖμε δέ τοι μάλα καλὸν ἀνάκτορον, ἐν δὲ πόληι",tlg0533.tlg016.perseus-grc3.xml
Hymn to Apollo,tlg016,1,78,"θῆκε τελεσφορίην ἐπετήσιον, ᾗ ἐνὶ πολλοὶ","θῆκε τελεσφορίην ἐπετήσιον, ᾗ ἐνὶ πολλοὶ",tlg0533.tlg016.perseus-grc3.xml
Hymn to Apollo,tlg016,1,79,"ὑστάτιον πίπτουσιν ἐπʼ ἰσχίον, ὦ ἄνα, ταῦροι.","ὑστάτιον πίπτουσιν ἐπ’ ἰσχίον, ὦ ἄνα, ταῦροι.",tlg0533.tlg016.perseus-grc3.xml
Hymn to Apollo,tlg016,1,80,"ἱὴ ἱὴ Καρνεῖε πολύλλιτε, σεῖο δὲ βωμοὶ","ἱὴ ἱὴ Καρνεῖε πολύλλιτε, σεῖο δὲ βωμοὶ",tlg0533.tlg016.perseus-grc3.xml
Hymn to Apollo,tlg016,1,81,ἄνθεα μὲν φορέουσιν ἐν εἴαρι τόσσα περ Ὧραι,ἄνθεα μὲν φορέουσιν ἐν εἴαρι τόσσα περ Ὧραι,tlg0533.tlg016.perseus-grc3.xml
Hymn to Apollo,tlg016,1,82,"ποικίλʼ ἀγινεῦσι ζεφύρου πνείοντος ἐέρσην,","ποικίλ’ ἀγινεῦσι ζεφύρου πνείοντος ἐέρσην,",tlg0533.tlg016.perseus-grc3.xml
Hymn to Apollo,tlg016,1,83,"χείματι δὲ κρόκον ἡδύν· ἀεὶ δέ τοι ἀέναον πῦρ,","χείματι δὲ κρόκον ἡδύν· ἀεὶ δέ τοι ἀέναον πῦρ,",tlg0533.tlg016.perseus-grc3.xml
Hymn to Apollo,tlg016,1,84,οὐδέ ποτε χθιζὸν περιβόσκεται ἄνθρακα τέφρη.,οὐδέ ποτε χθιζὸν περιβόσκεται ἄνθρακα τέφρη.,tlg0533.tlg016.perseus-grc3.xml
Hymn to Apollo,tlg016,1,85,"ἦ ῥʼ ἐχάρη μέγα Φοῖβος, ὅτε ζωστῆρες Ἐνυοῦς","ἦ ῥ’ ἐχάρη μέγα Φοῖβος, ὅτε ζωστῆρες Ἐνυοῦς",tlg0533.tlg016.perseus-grc3.xml
Hymn to Apollo,tlg016,1,86,"ἀνέρες ὠρχήσαντο μετὰ ξανθῇσι Λιβύσσαις,","ἀνέρες ὠρχήσαντο μετὰ ξανθῇσι Λιβύσσαις,",tlg0533.tlg016.perseus-grc3.xml
Hymn to Apollo,tlg016,1,87,τέθμιαι εὖτέ σφιν Καρνειάδες ἤλυθον ὧραι.,τέθμιαι εὖτέ σφιν Καρνειάδες ἤλυθον ὧραι.,tlg0533.tlg016.perseus-grc3.xml
Hymn to Apollo,tlg016,1,88,οἱ δʼ οὔπω πηγῇσι Καρνειάδες ἤλυθον ὧραι.,οἱ δ’ οὔπω πηγῇσι Καρνειάδες ἤλυθον ὧραι.,tlg0533.tlg016.perseus-grc3.xml
Hymn to Apollo,tlg016,1,89,"Δωριέες, πυκινὴν δὲ νάπαις Ἄζιλιν ἔναιον.","Δωριέες, πυκινὴν δὲ νάπαις Ἄζιλιν ἔναιον.",tlg0533.tlg016.perseus-grc3.xml
Hymn to Apollo,tlg016,1,90,"τοὺς μὲν ἄναξ ἴδεν αὐτός, ἑῇ δʼ ἐπεδείξατο νύμφῃ","τοὺς μὲν ἄναξ ἴδεν αὐτός, ἑῇ δ’ ἐπεδείξατο νύμφῃ",tlg0533.tlg016.perseus-grc3.xml
Hymn to Apollo,tlg016,1,91,"στὰς ἐπὶ Μυρτούσσης κερατώδεος, ἧχι λέοντα","στὰς ἐπὶ Μυρτούσσης κερατώδεος, ἧχι λέοντα",tlg0533.tlg016.perseus-grc3.xml
Hymn to Apollo,tlg016,1,92,Ὑψηὶς κατέπεφνε βοῶν σίνιν Εὐρυπύλοιο.,Ὑψηὶς κατέπεφνε βοῶν σίνιν Εὐρυπύλοιο.,tlg0533.tlg016.perseus-grc3.xml
Hymn to Apollo,tlg016,1,93,"οὐ κείνου χορὸν εἶδε θεώτερον ἄλλον Ἀπόλλων,","οὐ κείνου χορὸν εἶδε θεώτερον ἄλλον Ἀπόλλων,",tlg0533.tlg016.perseus-grc3.xml
Hymn to Apollo,tlg016,1,94,"οὐδὲ πόλει τόσʼ ἔνειμεν ὀφέλσιμα, τόσσα Κυρήνῃ,","οὐδὲ πόλει τόσ’ ἔνειμεν ὀφέλσιμα, τόσσα Κυρήνῃ,",tlg0533.tlg016.perseus-grc3.xml
Hymn to Apollo,tlg016,1,95,μνωόμενος προτέρης ἁρπακτύος. οὐδὲ μὲν αὐτοὶ,μνωόμενος προτέρης ἁρπακτύος. οὐδὲ μὲν αὐτοὶ,tlg0533.tlg016.perseus-grc3.xml
Hymn to Apollo,tlg016,1,96,Βαττιάδαι Φοίβοιο πλέον θεὸν ἄλλον ἔτεισαν.,Βαττιάδαι Φοίβοιο πλέον θεὸν ἄλλον ἔτεισαν.,tlg0533.tlg016.perseus-grc3.xml
Hymn to Apollo,tlg016,1,97,"ἱὴ ἱὴ παιῆον ἀκούομεν, οὕνεκα τοῦτο","ἱὴ ἱὴ παιῆον ἀκούομεν, οὕνεκα τοῦτο",tlg0533.tlg016.perseus-grc3.xml
Hymn to Apollo,tlg016,1,98,"Δελφός τοι πρώτιστον ἐφύμνιον εὕρετο λαός,","Δελφός τοι πρώτιστον ἐφύμνιον εὕρετο λαός,",tlg0533.tlg016.perseus-grc3.xml
Hymn to Apollo,tlg016,1,99,ἦμος ἑκηβολίην χρυσέων ἐπεδείκνυσο τόξων.,ἦμος ἑκηβολίην χρυσέων ἐπεδείκνυσο τόξων.,tlg0533.tlg016.perseus-grc3.xml
Hymn to Apollo,tlg016,1,100,"Πυθώ τοι κατιόντι συνήντετο δαιμόνιος θήρ,","Πυθώ τοι κατιόντι συνήντετο δαιμόνιος θήρ,",tlg0533.tlg016.perseus-grc3.xml
Hymn to Apollo,tlg016,1,101,αἰνὸς ὄφις. τὸν μὲν σὺ κατήναρες ἄλλον ἐπʼ ἄλλῳ,αἰνὸς ὄφις. τὸν μὲν σὺ κατήναρες ἄλλον ἐπ’ ἄλλῳ,tlg0533.tlg016.perseus-grc3.xml
Hymn to Apollo,tlg016,1,102,"βάλλων ὠκὺν ὀιστόν, ἐπηύτησε δὲ λαός,","βάλλων ὠκὺν ὀιστόν, ἐπηύτησε δὲ λαός,",tlg0533.tlg016.perseus-grc3.xml
Hymn to Apollo,tlg016,1,103,"ἱὴ ἱὴ παιῆον, ἵει βέλος. εὐθύ σε μήτηρ","ἱὴ ἱὴ παιῆον, ἵει βέλος. εὐθύ σε μήτηρ",tlg0533.tlg016.perseus-grc3.xml
Hymn to Apollo,tlg016,1,104,"γείνατʼ ἀοσσητῦρα, τὸ δʼ ἐξέτι κεῖθεν ἀείδῃ.","γείνατ’ ἀοσσητῦρα, τὸ δ’ ἐξέτι κεῖθεν ἀείδῃ.",tlg0533.tlg016.perseus-grc3.xml
Hymn to Apollo,tlg016,1,105,ὁ Φθόνος Ἀπόλλωνος ἐπʼ οὔατα λάθριος εἶπεν,ὁ Φθόνος Ἀπόλλωνος ἐπ’ οὔατα λάθριος εἶπεν,tlg0533.tlg016.perseus-grc3.xml
Hymn to Apollo,tlg016,1,106,οὐκ ἄγαμαι τὸν ἀοιδὸν ὃς οὐδʼ ὅσα πόντος ἀείδει.,οὐκ ἄγαμαι τὸν ἀοιδὸν ὃς οὐδ’ ὅσα πόντος ἀείδει.,tlg0533.tlg016.perseus-grc3.xml
Hymn to Apollo,tlg016,1,107,τὸν Φθόνον ὡπόλλων ποδί τʼ ἤλασεν ὧδέ τʼ ἔειπεν·,τὸν Φθόνον ὡπόλλων ποδί τ’ ἤλασεν ὧδέ τ’ ἔειπεν·,tlg0533.tlg016.perseus-grc3.xml
Hymn to Apollo,tlg016,1,108,"Ἀσσυρίου ποταμοῖο μέγας ῥόος, ἀλλὰ τὰ πολλὰ","Ἀσσυρίου ποταμοῖο μέγας ῥόος, ἀλλὰ τὰ πολλὰ",tlg0533.tlg016.perseus-grc3.xml
Hymn to Apollo,tlg016,1,109,λύματα γῆς καὶ πολλὸν ἐφʼ ὕδατι συρφετὸν ἕλκει.,λύματα γῆς καὶ πολλὸν ἐφ’ ὕδατι συρφετὸν ἕλκει.,tlg0533.tlg016.perseus-grc3.xml
Hymn to Apollo,tlg016,1,110,"Δηοῖ δʼ οὐκ ἀπὸ παντὸς ὕδωρ φορέουσι Μέλισσαι,","Δηοῖ δ’ οὐκ ἀπὸ παντὸς ὕδωρ φορέουσι Μέλισσαι,",tlg0533.tlg016.perseus-grc3.xml
Hymn to Apollo,tlg016,1,111,ἀλλʼ ἥτις καθαρή τε καὶ ἀχράαντος ἀνέρπει,ἀλλ’ ἥτις καθαρή τε καὶ ἀχράαντος ἀνέρπει,tlg0533.tlg016.perseus-grc3.xml
Hymn to Apollo,tlg016,1,112,πίδακος ἐξ ἱερῆς ὀλίγη λιβὰς ἄκρον ἄωτον.,πίδακος ἐξ ἱερῆς ὀλίγη λιβὰς ἄκρον ἄωτον.,tlg0533.tlg016.perseus-grc3.xml
Hymn to Apollo,tlg016,1,113,"χαῖρε ἄναξ· ὁ δὲ Μῶμος, ἵνʼ ὁ Φθόνος, ἔνθα νέοιτο.","χαῖρε ἄναξ· ὁ δὲ Μῶμος, ἵν’ ὁ Φθόνος, ἔνθα νέοιτο.",tlg0533.tlg016.perseus-grc3.xml
Hymn to Artemis,tlg017,1,1,Ἄρτεμιν οὐ γὰρ ἐλαφρὸν ἀειδόντεσσι λαθέσθαι,Ἄρτεμιν οὐ γὰρ ἐλαφρὸν ἀειδόντεσσι λαθέσθαι,tlg0533.tlg017.perseus-grc3.xml
Hymn to Artemis,tlg017,1,2,"ὑμνέομεν, τῇ τόξα λαγωβολίαι τε μέλονται","ὑμνέομεν, τῇ τόξα λαγωβολίαι τε μέλονται",tlg0533.tlg017.perseus-grc3.xml
Hymn to Artemis,tlg017,1,3,"καὶ χορὸς ἀμφιλαφὴς καὶ ἐν οὔρεσιν ἑψιάασθαι,","καὶ χορὸς ἀμφιλαφὴς καὶ ἐν οὔρεσιν ἑψιάασθαι,",tlg0533.tlg017.perseus-grc3.xml
Hymn to Artemis,tlg017,1,4,"ἄρχμενοι, ὡς ὅτε πατρὸς ἐφεζομένη γονάτεσσι","ἄρχμενοι, ὡς ὅτε πατρὸς ἐφεζομένη γονάτεσσι",tlg0533.tlg017.perseus-grc3.xml
Hymn to Artemis,tlg017,1,5,παῖς ἔτι κουρίζουσα τάδε προσέειπε γονῆα,παῖς ἔτι κουρίζουσα τάδε προσέειπε γονῆα,tlg0533.tlg017.perseus-grc3.xml
Hymn to Artemis,tlg017,1,6,"δός μοι παρθενίην αἰώνιον, ἄππα, φυλάσσειν,","δός μοι παρθενίην αἰώνιον, ἄππα, φυλάσσειν,",tlg0533.tlg017.perseus-grc3.xml
Hymn to Artemis,tlg017,1,7,"καὶ πολυωνυμίην, ἵνα μή μοι Φοῖβος ἐρίζῃ.","καὶ πολυωνυμίην, ἵνα μή μοι Φοῖβος ἐρίζῃ.",tlg0533.tlg017.perseus-grc3.xml
Hymn to Artemis,tlg017,1,8,"δὸς δʼ ἰοὺς καὶ τόξα—ἔα, πάτερ, οὔ σε Φαρέτρην","δὸς δ’ ἰοὺς καὶ τόξα—ἔα, πάτερ, οὔ σε Φαρέτρην",tlg0533.tlg017.perseus-grc3.xml
Hymn to Artemis,tlg017,1,9,οὐδʼ αἰτέω μέγα τόξον· ἐμοὶ Κύκλωπες ὀιστοὺς,οὐδ’ αἰτέω μέγα τόξον· ἐμοὶ Κύκλωπες ὀιστοὺς,tlg0533.tlg017.perseus-grc3.xml
Hymn to Artemis,tlg017,1,10,"αὐτίκα τεχνήσονται, ἐμοὶ δʼ εὐκαμπὲς ἄεμμα·","αὐτίκα τεχνήσονται, ἐμοὶ δ’ εὐκαμπὲς ἄεμμα·",tlg0533.tlg017.perseus-grc3.xml
Hymn to Artemis,tlg017,1,11,ἀλλὰ φαεσφορίην τε καὶ ἐς γόνυ μέχρι χιτῶνα,ἀλλὰ φαεσφορίην τε καὶ ἐς γόνυ μέχρι χιτῶνα,tlg0533.tlg017.perseus-grc3.xml
Hymn to Artemis,tlg017,1,12,"ζώννυσθαι λεγνωτόν, ἵνʼ ἄγρια θηρία καίνω.","ζώννυσθαι λεγνωτόν, ἵν’ ἄγρια θηρία καίνω.",tlg0533.tlg017.perseus-grc3.xml
Hymn to Artemis,tlg017,1,13,"δὸς δέ μοι ἑξήκοντα χορίτιδας Ὠκεανίνας,","δὸς δέ μοι ἑξήκοντα χορίτιδας Ὠκεανίνας,",tlg0533.tlg017.perseus-grc3.xml
Hymn to Artemis,tlg017,1,14,"πάσας εἰνέτεας, πάσας ἔτι παῖδας ἀμίτρους.","πάσας εἰνέτεας, πάσας ἔτι παῖδας ἀμίτρους.",tlg0533.tlg017.perseus-grc3.xml
Hymn to Artemis,tlg017,1,15,"δὸς δέ μοι ἀμφιπόλους Ἀμνισίδας εἴκοσι νύμφας,","δὸς δέ μοι ἀμφιπόλους Ἀμνισίδας εἴκοσι νύμφας,",tlg0533.tlg017.perseus-grc3.xml
Hymn to Artemis,tlg017,1,16,αἵ τέ μοι ἐνδρομίδας τε καὶ ὁππότε μηκέτι λύγκας,αἵ τέ μοι ἐνδρομίδας τε καὶ ὁππότε μηκέτι λύγκας,tlg0533.tlg017.perseus-grc3.xml
Hymn to Artemis,tlg017,1,17,"μήτʼ ἐλάφους βάλλοιμι, θοοὺς κύνας εὖ κομέοιεν,","μήτ’ ἐλάφους βάλλοιμι, θοοὺς κύνας εὖ κομέοιεν,",tlg0533.tlg017.perseus-grc3.xml
Hymn to Artemis,tlg017,1,18,δὸς δέ μοι οὔρεα πάντα· πόλιν δέ μοι ἥντινα νεῖμον,δὸς δέ μοι οὔρεα πάντα· πόλιν δέ μοι ἥντινα νεῖμον,tlg0533.tlg017.perseus-grc3.xml
Hymn to Artemis,tlg017,1,19,ἥντινα λῇς· σπαρνὸν γὰρ ὅτʼ Ἄρτεμις ἄστυ κάτεισιν·,ἥντινα λῇς· σπαρνὸν γὰρ ὅτ’ Ἄρτεμις ἄστυ κάτεισιν·,tlg0533.tlg017.perseus-grc3.xml
Hymn to Artemis,tlg017,1,20,"οὔρεσιν οἰκήσω, πόλεσιν δʼ ἐπιμείξομαι ἀνδρῶν","οὔρεσιν οἰκήσω, πόλεσιν δ’ ἐπιμείξομαι ἀνδρῶν",tlg0533.tlg017.perseus-grc3.xml
Hymn to Artemis,tlg017,1,21,μοῦνον ὅτʼ ἐξείῃσιν ὑπʼ ὠδίνεσσι γυναῖκες,μοῦνον ὅτ’ ἐξείῃσιν ὑπ’ ὠδίνεσσι γυναῖκες,tlg0533.tlg017.perseus-grc3.xml
Hymn to Artemis,tlg017,1,22,"τειρόμεναι καλέουσι βοηθόον, ᾗσί με Μοῖραι","τειρόμεναι καλέουσι βοηθόον, ᾗσί με Μοῖραι",tlg0533.tlg017.perseus-grc3.xml
Hymn to Artemis,tlg017,1,23,"γεινομένην τὸ πρῶτον ἐπεκλήρωσαν ἀρήγειν,","γεινομένην τὸ πρῶτον ἐπεκλήρωσαν ἀρήγειν,",tlg0533.tlg017.perseus-grc3.xml
Hymn to Artemis,tlg017,1,24,ὅττι με καὶ τίκτουσα καὶ οὐκ ἤλγησε φέρουσα,ὅττι με καὶ τίκτουσα καὶ οὐκ ἤλγησε φέρουσα,tlg0533.tlg017.perseus-grc3.xml
Hymn to Artemis,tlg017,1,25,"μήτηρ, ἀλλʼ ἀμογητὶ φίλων ἀπεθήκατο γυίων.","μήτηρ, ἀλλ’ ἀμογητὶ φίλων ἀπεθήκατο γυίων.",tlg0533.tlg017.perseus-grc3.xml
Hymn to Artemis,tlg017,1,26,ὣς ἡ παῖς εἰποῦσα γενειάδος ἤθελε πατρὸς,ὣς ἡ παῖς εἰποῦσα γενειάδος ἤθελε πατρὸς,tlg0533.tlg017.perseus-grc3.xml
Hymn to Artemis,tlg017,1,27,"ἅψασθαι, πολλὰς δὲ μάτην ἐτανὐσσατο χεῖρας,","ἅψασθαι, πολλὰς δὲ μάτην ἐτανὐσσατο χεῖρας,",tlg0533.tlg017.perseus-grc3.xml
Hymn to Artemis,tlg017,1,28,"μέχρις ἵνα ψαύσειε. πατὴρ δʼ ἐπένευσε γελάσσας,","μέχρις ἵνα ψαύσειε. πατὴρ δ’ ἐπένευσε γελάσσας,",tlg0533.tlg017.perseus-grc3.xml
Hymn to Artemis,tlg017,1,29,φῆ δὲ καταρρέζων ὅτε μοι τοιαῦτα θέαιναι,φῆ δὲ καταρρέζων ὅτε μοι τοιαῦτα θέαιναι,tlg0533.tlg017.perseus-grc3.xml
Hymn to Artemis,tlg017,1,30,"τίκτοιεν, τυτθόν κεν ἐγὼ ζηλήμονος Ἥρης","τίκτοιεν, τυτθόν κεν ἐγὼ ζηλήμονος Ἥρης",tlg0533.tlg017.perseus-grc3.xml
Hymn to Artemis,tlg017,1,31,"χωομένης ἀλέγοιμι. φέρευ, τέκος, ὅσσʼ ἐθελημὸς","χωομένης ἀλέγοιμι. φέρευ, τέκος, ὅσσ’ ἐθελημὸς",tlg0533.tlg017.perseus-grc3.xml
Hymn to Artemis,tlg017,1,32,"αἰτίζεις, καὶ δʼ ἄλλα πατὴρ ἔτι μείζονα δώσει.","αἰτίζεις, καὶ δ’ ἄλλα πατὴρ ἔτι μείζονα δώσει.",tlg0533.tlg017.perseus-grc3.xml
Hymn to Artemis,tlg017,1,33,"τρὶς δέκα τοι πτολίεθρα καὶ οὐχ ἕνα πύργον ὀπάσσω,","τρὶς δέκα τοι πτολίεθρα καὶ οὐχ ἕνα πύργον ὀπάσσω,",tlg0533.tlg017.perseus-grc3.xml
Hymn to Artemis,tlg017,1,34,"τρὶς δέκα τοι πτολίεθρα, τὰ μὴ θεὸν ἄλλον ἀέξειν","τρὶς δέκα τοι πτολίεθρα, τὰ μὴ θεὸν ἄλλον ἀέξειν",tlg0533.tlg017.perseus-grc3.xml
Hymn to Artemis,tlg017,1,35,"εἴσεται, ἀλλὰ μόνην σὲ καὶ Ἀρτέμιδος καλέεσθαι·","εἴσεται, ἀλλὰ μόνην σὲ καὶ Ἀρτέμιδος καλέεσθαι·",tlg0533.tlg017.perseus-grc3.xml
Hymn to Artemis,tlg017,1,36,πολλὰς δὲ ξυνῇ πόλιας διαμετρήσασθαι,πολλὰς δὲ ξυνῇ πόλιας διαμετρήσασθαι,tlg0533.tlg017.perseus-grc3.xml
Hymn to Artemis,tlg017,1,37,μεσσόγεως νήσους τε· καὶ ἐν πάσῃσιν ἔσονται,μεσσόγεως νήσους τε· καὶ ἐν πάσῃσιν ἔσονται,tlg0533.tlg017.perseus-grc3.xml
Hymn to Artemis,tlg017,1,38,Ἀρτέμιδος βωμοί τε καὶ ἄλσεα. καὶ μὲν ἀγυιαῖς,Ἀρτέμιδος βωμοί τε καὶ ἄλσεα. καὶ μὲν ἀγυιαῖς,tlg0533.tlg017.perseus-grc3.xml
Hymn to Artemis,tlg017,1,39,ἔσσῃ καὶ λιμένεσσιν ἐπίσκοπος. ὣς ὁ μὲν εἰπὼν,ἔσσῃ καὶ λιμένεσσιν ἐπίσκοπος. ὣς ὁ μὲν εἰπὼν,tlg0533.tlg017.perseus-grc3.xml
Hymn to Artemis,tlg017,1,40,μῦθον ἐπεκρήηνε καρήατι. βαῖνε δὲ κούρη,μῦθον ἐπεκρήηνε καρήατι. βαῖνε δὲ κούρη,tlg0533.tlg017.perseus-grc3.xml
Hymn to Artemis,tlg017,1,41,λευκὸν ἐπὶ Κρηταῖον ὄρος κεκομημένον ὕλῃ·,λευκὸν ἐπὶ Κρηταῖον ὄρος κεκομημένον ὕλῃ·,tlg0533.tlg017.perseus-grc3.xml
Hymn to Artemis,tlg017,1,42,"ἔνθεν ἐπʼ Ὠκεανόν· πολέας δʼ ἐπελέξατο νύμφας,","ἔνθεν ἐπ’ Ὠκεανόν· πολέας δ’ ἐπελέξατο νύμφας,",tlg0533.tlg017.perseus-grc3.xml
Hymn to Artemis,tlg017,1,43,"πάσας εἰνέτεας, πάσας ἔτι παῖδας ἀμίτρους.","πάσας εἰνέτεας, πάσας ἔτι παῖδας ἀμίτρους.",tlg0533.tlg017.perseus-grc3.xml
Hymn to Artemis,tlg017,1,44,"χαῖρε δὲ Καίρατος ποταμὸς μέγα, χαῖρε δὲ Τηθύς,","χαῖρε δὲ Καίρατος ποταμὸς μέγα, χαῖρε δὲ Τηθύς,",tlg0533.tlg017.perseus-grc3.xml
Hymn to Artemis,tlg017,1,45,οὕνεκα θυγατέρας Λητωίδι πέμπον ἀμορβούς.,οὕνεκα θυγατέρας Λητωίδι πέμπον ἀμορβούς.,tlg0533.tlg017.perseus-grc3.xml
Hymn to Artemis,tlg017,1,46,αὖθι δὲ Κύκλωπας μετεκίαθε· τοὺς μὲν ἔτετμε,αὖθι δὲ Κύκλωπας μετεκίαθε· τοὺς μὲν ἔτετμε,tlg0533.tlg017.perseus-grc3.xml
Hymn to Artemis,tlg017,1,47,"νήσῳ ἐνὶ Λιπάρῃ Λιπάρη νέον, ἀλλὰ τότʼ ἔσκεν","νήσῳ ἐνὶ Λιπάρῃ Λιπάρη νέον, ἀλλὰ τότ’ ἔσκεν",tlg0533.tlg017.perseus-grc3.xml
Hymn to Artemis,tlg017,1,48,οὔνομά οἱ Μελιγουνίς ἐπʼ ἄκμοσιν Ἡφαίστοιο,οὔνομά οἱ Μελιγουνίς ἐπ’ ἄκμοσιν Ἡφαίστοιο,tlg0533.tlg017.perseus-grc3.xml
Hymn to Artemis,tlg017,1,49,ἑσταότας περὶ μύδρον· ἐπείγετο γὰρ μέγα ἔργον·,ἑσταότας περὶ μύδρον· ἐπείγετο γὰρ μέγα ἔργον·,tlg0533.tlg017.perseus-grc3.xml
Hymn to Artemis,tlg017,1,50,ἱππείην τετύκοντο Ποσειδάωνι ποτίστρην.,ἱππείην τετύκοντο Ποσειδάωνι ποτίστρην.,tlg0533.tlg017.perseus-grc3.xml
Hymn to Artemis,tlg017,1,51,"αἱ νύμφαι δʼ ἔδδεισαν, ὅπως ἴδον αἰνὰ πέλωρα","αἱ νύμφαι δ’ ἔδδεισαν, ὅπως ἴδον αἰνὰ πέλωρα",tlg0533.tlg017.perseus-grc3.xml
Hymn to Artemis,tlg017,1,52,"πρηόσιν Ὀσσαίοισιν ἐοικότα, πᾶσι δʼ ὑπʼ ὀφρὺν","πρηόσιν Ὀσσαίοισιν ἐοικότα, πᾶσι δ’ ὑπ’ ὀφρὺν",tlg0533.tlg017.perseus-grc3.xml
Hymn to Artemis,tlg017,1,53,φάεα μουνόγληνα σάκει ἴσα τετραβοείῳ,φάεα μουνόγληνα σάκει ἴσα τετραβοείῳ,tlg0533.tlg017.perseus-grc3.xml
Hymn to Artemis,tlg017,1,54,"δεινὸν ὑπογλαύσσοντα, καὶ ὁππότε δοῦπον ἄκουσαν","δεινὸν ὑπογλαύσσοντα, καὶ ὁππότε δοῦπον ἄκουσαν",tlg0533.tlg017.perseus-grc3.xml
Hymn to Artemis,tlg017,1,55,ἄκμονος ἠχήσαντος ἐπὶ μέγα πουλύ τʼ ἄημα,ἄκμονος ἠχήσαντος ἐπὶ μέγα πουλύ τ’ ἄημα,tlg0533.tlg017.perseus-grc3.xml
Hymn to Artemis,tlg017,1,56,"φυσάων αὐτῶν τε βαρὺν στόνον· αὖε γὰρ Αἴτνη,","φυσάων αὐτῶν τε βαρὺν στόνον· αὖε γὰρ Αἴτνη,",tlg0533.tlg017.perseus-grc3.xml
Hymn to Artemis,tlg017,1,57,"αὖε δὲ Τρινακίη, Σικανῶν ἕδος, αὖε δὲ γείτων","αὖε δὲ Τρινακίη, Σικανῶν ἕδος, αὖε δὲ γείτων",tlg0533.tlg017.perseus-grc3.xml
Hymn to Artemis,tlg017,1,58,"Ἰταλίη, μεγάλην δὲ βοὴν ἐπὶ Κύρνος ἀύτει,","Ἰταλίη, μεγάλην δὲ βοὴν ἐπὶ Κύρνος ἀύτει,",tlg0533.tlg017.perseus-grc3.xml
Hymn to Artemis,tlg017,1,59,εὖθʼ οἵ γε ῥαιστῆρας ἀειράμενοι ὑπὲρ ὤμων,εὖθ’ οἵ γε ῥαιστῆρας ἀειράμενοι ὑπὲρ ὤμων,tlg0533.tlg017.perseus-grc3.xml
Hymn to Artemis,tlg017,1,60,ἢ χαλκὸν ζείοντα καμινόθεν ἠὲ σίδηρον,ἢ χαλκὸν ζείοντα καμινόθεν ἠὲ σίδηρον,tlg0533.tlg017.perseus-grc3.xml
Hymn to Artemis,tlg017,1,61,ἀμβολαδὶς τετυπόντες ἐπὶ μέγα μοχθήσειαν.,ἀμβολαδὶς τετυπόντες ἐπὶ μέγα μοχθήσειαν.,tlg0533.tlg017.perseus-grc3.xml
Hymn to Artemis,tlg017,1,62,τῶ σφέας οὐκ ἐτάλασσαν ἀκηδέες Ὠκεανῖναι,τῶ σφέας οὐκ ἐτάλασσαν ἀκηδέες Ὠκεανῖναι,tlg0533.tlg017.perseus-grc3.xml
Hymn to Artemis,tlg017,1,63,οὔτʼ ἄωτην ἰδέειν οὔτε κτύπον οὔασι δέχθαι.,οὔτ’ ἄωτην ἰδέειν οὔτε κτύπον οὔασι δέχθαι.,tlg0533.tlg017.perseus-grc3.xml
Hymn to Artemis,tlg017,1,64,οὐ νέμεσις· κείνους γε καὶ αἱ μάλα μηκέτι τυτθαὶ,οὐ νέμεσις· κείνους γε καὶ αἱ μάλα μηκέτι τυτθαὶ,tlg0533.tlg017.perseus-grc3.xml
Hymn to Artemis,tlg017,1,65,οὐδέποτʼ ἀφρικτὶ μακάρων ὁρόωσι θύγατρες.,οὐδέποτ’ ἀφρικτὶ μακάρων ὁρόωσι θύγατρες.,tlg0533.tlg017.perseus-grc3.xml
Hymn to Artemis,tlg017,1,66,"ἀλλʼ ὅτε κουράων τις ἀπειθέα μητέρι τεύχοι,","ἀλλ’ ὅτε κουράων τις ἀπειθέα μητέρι τεύχοι,",tlg0533.tlg017.perseus-grc3.xml
Hymn to Artemis,tlg017,1,67,"μήτηρ μὲν Κύκλωπας ἑῇ ἐπὶ παιδὶ καλιστρεῖ,","μήτηρ μὲν Κύκλωπας ἑῇ ἐπὶ παιδὶ καλιστρεῖ,",tlg0533.tlg017.perseus-grc3.xml
Hymn to Artemis,tlg017,1,68,Ἄργην ἢ Στερόπην· ὁ δὲ δώματος ἐκ μυχάτοιο,Ἄργην ἢ Στερόπην· ὁ δὲ δώματος ἐκ μυχάτοιο,tlg0533.tlg017.perseus-grc3.xml
Hymn to Artemis,tlg017,1,69,ἔρχεται Ἑρμείης σποδιῇ κεχρημένος αἰθῇ·,ἔρχεται Ἑρμείης σποδιῇ κεχρημένος αἰθῇ·,tlg0533.tlg017.perseus-grc3.xml
Hymn to Artemis,tlg017,1,70,"αὐτίκα τὴν κούρην μορμύσσεται, ἡ δὲ τεκούσης","αὐτίκα τὴν κούρην μορμύσσεται, ἡ δὲ τεκούσης",tlg0533.tlg017.perseus-grc3.xml
Hymn to Artemis,tlg017,1,71,δύνει ἔσω κόλπους θεμένη ἐπὶ φάεσι χεῖρας.,δύνει ἔσω κόλπους θεμένη ἐπὶ φάεσι χεῖρας.,tlg0533.tlg017.perseus-grc3.xml
Hymn to Artemis,tlg017,1,72,"κοῦρα, σὺ δὲ προτέπω περ, ἔτι τριέτηρος ἐοῦσα,","κοῦρα, σὺ δὲ προτέπω περ, ἔτι τριέτηρος ἐοῦσα,",tlg0533.tlg017.perseus-grc3.xml
Hymn to Artemis,tlg017,1,73,"εὖτʼ ἔμολεν Λητώ σε μετʼ ἀγκαλίδεσσι φέρουσα,","εὖτ’ ἔμολεν Λητώ σε μετ’ ἀγκαλίδεσσι φέρουσα,",tlg0533.tlg017.perseus-grc3.xml
Hymn to Artemis,tlg017,1,74,"Ἡφαίστου καλέοντος ὅπως ὀπτήρια δοίη,","Ἡφαίστου καλέοντος ὅπως ὀπτήρια δοίη,",tlg0533.tlg017.perseus-grc3.xml
Hymn to Artemis,tlg017,1,75,"Βρόντεώ σε στιβαροῖσιν ἐφεσσαμένου γονάτεσσι,","Βρόντεώ σε στιβαροῖσιν ἐφεσσαμένου γονάτεσσι,",tlg0533.tlg017.perseus-grc3.xml
Hymn to Artemis,tlg017,1,76,"στήθεος ἐκ μεγάλου λασίης ἐδράξαο χαίτης,","στήθεος ἐκ μεγάλου λασίης ἐδράξαο χαίτης,",tlg0533.tlg017.perseus-grc3.xml
Hymn to Artemis,tlg017,1,77,ὤλοψας δὲ βίηφι· τὸ δʼ ἄτριχον εἰσέτι καὶ νῦν,ὤλοψας δὲ βίηφι· τὸ δ’ ἄτριχον εἰσέτι καὶ νῦν,tlg0533.tlg017.perseus-grc3.xml
Hymn to Artemis,tlg017,1,78,"μεσσάτιον στέρνοιο μένει μέρος, ὡς ὅτε κόρσην","μεσσάτιον στέρνοιο μένει μέρος, ὡς ὅτε κόρσην",tlg0533.tlg017.perseus-grc3.xml
Hymn to Artemis,tlg017,1,79,φωτὸς ἐνιδρυθεῖσα κόμην ἐπενείματʼ ἀλώπηξ.,φωτὸς ἐνιδρυθεῖσα κόμην ἐπενείματ’ ἀλώπηξ.,tlg0533.tlg017.perseus-grc3.xml
Hymn to Artemis,tlg017,1,80,τῶ μάλα θαρσαλέη σφε τάδε προσελέξαο τῆμος,τῶ μάλα θαρσαλέη σφε τάδε προσελέξαο τῆμος,tlg0533.tlg017.perseus-grc3.xml
Hymn to Artemis,tlg017,1,81,"Κύκλωπες, κἠμοί τι Κυδώνιον εἰ δʼ ἄγε τόξον","Κύκλωπες, κἠμοί τι Κυδώνιον εἰ δ’ ἄγε τόξον",tlg0533.tlg017.perseus-grc3.xml
Hymn to Artemis,tlg017,1,82,ἠδʼ ἰοὺς κοίλην τε κατακληῖδα βελέμνων,ἠδ’ ἰοὺς κοίλην τε κατακληῖδα βελέμνων,tlg0533.tlg017.perseus-grc3.xml
Hymn to Artemis,tlg017,1,83,τεύξατε· καὶ γὰρ ἐγὼ Λητωιὰς ὥσπερ Ἀπόλλων.,τεύξατε· καὶ γὰρ ἐγὼ Λητωιὰς ὥσπερ Ἀπόλλων.,tlg0533.tlg017.perseus-grc3.xml
Hymn to Artemis,tlg017,1,84,αἰ δέ κʼ ἐγὼ τόξοις μονιὸν δάκος ἤ τι πέλωρον,αἰ δέ κ’ ἐγὼ τόξοις μονιὸν δάκος ἤ τι πέλωρον,tlg0533.tlg017.perseus-grc3.xml
Hymn to Artemis,tlg017,1,85,"θηρίον ἀγρεύσω, τὸ δέ κεν Κύκλωπες ἔδοιεν.","θηρίον ἀγρεύσω, τὸ δέ κεν Κύκλωπες ἔδοιεν.",tlg0533.tlg017.perseus-grc3.xml
Hymn to Artemis,tlg017,1,86,"ἔννεπες· οἱ δʼ ἐτέλεσσαν· ἄφαρ δʼ ὡπλίσσαο, δαῖμον,","ἔννεπες· οἱ δ’ ἐτέλεσσαν· ἄφαρ δ’ ὡπλίσσαο, δαῖμον,",tlg0533.tlg017.perseus-grc3.xml
Hymn to Artemis,tlg017,1,87,αἶψα δʼ ἐπὶ σκύλακας πάλιν ἤιες· ἵκεο δʼ αὖλιν,αἶψα δ’ ἐπὶ σκύλακας πάλιν ἤιες· ἵκεο δ’ αὖλιν,tlg0533.tlg017.perseus-grc3.xml
Hymn to Artemis,tlg017,1,88,Ἀρκαδικὴν ἔπι Πανός. ὁ δὲ κρέα λυγκὸς ἔταμνε,Ἀρκαδικὴν ἔπι Πανός. ὁ δὲ κρέα λυγκὸς ἔταμνε,tlg0533.tlg017.perseus-grc3.xml
Hymn to Artemis,tlg017,1,89,"Μαιναλίης, ἵνα οἱ τοκάδες κύνες εἶδαρ ἔδοιεν.","Μαιναλίης, ἵνα οἱ τοκάδες κύνες εἶδαρ ἔδοιεν.",tlg0533.tlg017.perseus-grc3.xml
Hymn to Artemis,tlg017,1,90,τὶν δʼ ὁ γενειήτης δύο μὲν κύνας ἥμισυ πηγοὺς,τὶν δ’ ὁ γενειήτης δύο μὲν κύνας ἥμισυ πηγοὺς,tlg0533.tlg017.perseus-grc3.xml
Hymn to Artemis,tlg017,1,91,"τρεῖς δὲ παρουαίους ἕνα δʼ αἰόλον, οἵ ῥα λέοντας","τρεῖς δὲ παρουαίους ἕνα δ’ αἰόλον, οἵ ῥα λέοντας",tlg0533.tlg017.perseus-grc3.xml
Hymn to Artemis,tlg017,1,92,"αὐτοὺς αὖ ἐρύοντες, ὅτε δράξαιντο δεράων,","αὐτοὺς αὖ ἐρύοντες, ὅτε δράξαιντο δεράων,",tlg0533.tlg017.perseus-grc3.xml
Hymn to Artemis,tlg017,1,93,"εἷλκον ἔτι ζώοντας ἐπʼ αὐλίον, ἑπτὰ δʼ ἔδωκε","εἷλκον ἔτι ζώοντας ἐπ’ αὐλίον, ἑπτὰ δ’ ἔδωκε",tlg0533.tlg017.perseus-grc3.xml
Hymn to Artemis,tlg017,1,94,"θάσσονας αὐράων Κυνοσουρίδας, αἵ ῥα διῶξαι","θάσσονας αὐράων Κυνοσουρίδας, αἵ ῥα διῶξαι",tlg0533.tlg017.perseus-grc3.xml
Hymn to Artemis,tlg017,1,95,"ὤκισται νεβρούς τε καὶ οὐ μύοντα λαγωόν,","ὤκισται νεβρούς τε καὶ οὐ μύοντα λαγωόν,",tlg0533.tlg017.perseus-grc3.xml
Hymn to Artemis,tlg017,1,96,καὶ κοίτην ἐλάφοιο καὶ ὕστριχος ἔνθα καλιαὶ,καὶ κοίτην ἐλάφοιο καὶ ὕστριχος ἔνθα καλιαὶ,tlg0533.tlg017.perseus-grc3.xml
Hymn to Artemis,tlg017,1,97,"σημῆναι, καὶ ζορκὸς ἐπʼ ἴχνιον ἡγήσασθαι.","σημῆναι, καὶ ζορκὸς ἐπ’ ἴχνιον ἡγήσασθαι.",tlg0533.tlg017.perseus-grc3.xml
Hymn to Artemis,tlg017,1,98,ἔνθεν ἀπερχομένη μετὰ καὶ κύνες ἐσσεύοντο,ἔνθεν ἀπερχομένη μετὰ καὶ κύνες ἐσσεύοντο,tlg0533.tlg017.perseus-grc3.xml
Hymn to Artemis,tlg017,1,99,εὗρες ἐτί προμολῇσʼ ὄρεος τοῦ Παρρασίοιο,εὗρες ἐτί προμολῇσ’ ὄρεος τοῦ Παρρασίοιο,tlg0533.tlg017.perseus-grc3.xml
Hymn to Artemis,tlg017,1,100,"σκαιρούσας ἐλάφους, μέγα τι χρέος· αἱ μὲν ἑπʼ ὄχθῃς","σκαιρούσας ἐλάφους, μέγα τι χρέος· αἱ μὲν ἑπ’ ὄχθῃς",tlg0533.tlg017.perseus-grc3.xml
Hymn to Artemis,tlg017,1,101,"αἰὲν ἐβουκολέοντο μελαμψήφιδος Ἀναύρου,","αἰὲν ἐβουκολέοντο μελαμψήφιδος Ἀναύρου,",tlg0533.tlg017.perseus-grc3.xml
Hymn to Artemis,tlg017,1,102,"μάσσονες ἢ ταῦροι, κεράων δʼ ἀπελάμπετο χρυσός·","μάσσονες ἢ ταῦροι, κεράων δ’ ἀπελάμπετο χρυσός·",tlg0533.tlg017.perseus-grc3.xml
Hymn to Artemis,tlg017,1,103,ἐξαπίνης δʼ ἔταφές τε καὶ ὃν ποτὶ θυμὸν ἔειπες,ἐξαπίνης δ’ ἔταφές τε καὶ ὃν ποτὶ θυμὸν ἔειπες,tlg0533.tlg017.perseus-grc3.xml
Hymn to Artemis,tlg017,1,104,τοῦτό κεν Ἀρτέμιδος πρωτάγριον ἄξιον εἴη.,τοῦτό κεν Ἀρτέμιδος πρωτάγριον ἄξιον εἴη.,tlg0533.tlg017.perseus-grc3.xml
Hymn to Artemis,tlg017,1,105,πέντʼ ἔσαν αἱ πᾶσαι· πίσυρας δʼ ἕλες ὦκα θέουσα,πέντ’ ἔσαν αἱ πᾶσαι· πίσυρας δ’ ἕλες ὦκα θέουσα,tlg0533.tlg017.perseus-grc3.xml
Hymn to Artemis,tlg017,1,106,"νόσφι κυνοδρομίης, ἵνα τοι θοὸν ἅρμα φέρωσι.","νόσφι κυνοδρομίης, ἵνα τοι θοὸν ἅρμα φέρωσι.",tlg0533.tlg017.perseus-grc3.xml
Hymn to Artemis,tlg017,1,107,τὴν δὲ μίαν Κελάδοντος ὑπὲρ ποταμοῖο φυγοῦσαν,τὴν δὲ μίαν Κελάδοντος ὑπὲρ ποταμοῖο φυγοῦσαν,tlg0533.tlg017.perseus-grc3.xml
Hymn to Artemis,tlg017,1,108,"Ἡρης ἐννεσίῃσιν, ἀέθλιον Ἡρακλῆι","Ἡρης ἐννεσίῃσιν, ἀέθλιον Ἡρακλῆι",tlg0533.tlg017.perseus-grc3.xml
Hymn to Artemis,tlg017,1,109,"ὕστερον ὄφρα γένοιτο, πάγος Κερύνειος ἔδεκτο.","ὕστερον ὄφρα γένοιτο, πάγος Κερύνειος ἔδεκτο.",tlg0533.tlg017.perseus-grc3.xml
Hymn to Artemis,tlg017,1,110,"Ἄρτεμι Παρθενίη Τιτυοκτόνε, χρύσεα μέν τοι","Ἄρτεμι Παρθενίη Τιτυοκτόνε, χρύσεα μέν τοι",tlg0533.tlg017.perseus-grc3.xml
Hymn to Artemis,tlg017,1,111,"ἔντεα καὶ ζώνη, χρύσεον δʼ ἐζεύξαο δίφρον,","ἔντεα καὶ ζώνη, χρύσεον δ’ ἐζεύξαο δίφρον,",tlg0533.tlg017.perseus-grc3.xml
Hymn to Artemis,tlg017,1,112,"ἐν δʼ ἐβάλευ χρύσεια, θεή, κεμάδεσσι χαλινά.","ἐν δ’ ἐβάλευ χρύσεια, θεή, κεμάδεσσι χαλινά.",tlg0533.tlg017.perseus-grc3.xml
Hymn to Artemis,tlg017,1,113,ποῦ δέ σε τὸ πρῶτον κερόεις ὄχος ἤρξατʼ ἀείρειν;,ποῦ δέ σε τὸ πρῶτον κερόεις ὄχος ἤρξατ’ ἀείρειν;,tlg0533.tlg017.perseus-grc3.xml
Hymn to Artemis,tlg017,1,114,"Αἵμῳ ἐπὶ Θρήικι, τόθεν βορέαο κατᾶιξ","Αἵμῳ ἐπὶ Θρήικι, τόθεν βορέαο κατᾶιξ",tlg0533.tlg017.perseus-grc3.xml
Hymn to Artemis,tlg017,1,115,ἔρχεται ἀχλαίνοισι δυσαέα κρυμὸν ἄγουσα.,ἔρχεται ἀχλαίνοισι δυσαέα κρυμὸν ἄγουσα.,tlg0533.tlg017.perseus-grc3.xml
Hymn to Artemis,tlg017,1,116,"ποῦ δʼ ἔταμες πεύκην, ἀπὸ δὲ φλογὸς ἥψαο ποίης;","ποῦ δ’ ἔταμες πεύκην, ἀπὸ δὲ φλογὸς ἥψαο ποίης;",tlg0533.tlg017.perseus-grc3.xml
Hymn to Artemis,tlg017,1,117,"Μυσῷ ἐν Οὐλύμπῳ, φάεος δʼ ἐνέηκας ἀυτμὴν","Μυσῷ ἐν Οὐλύμπῳ, φάεος δ’ ἐνέηκας ἀυτμὴν",tlg0533.tlg017.perseus-grc3.xml
Hymn to Artemis,tlg017,1,118,"ἀσβέστου, τό ῥα πατρὸς ἀποστάζουσι κεραυνοί.","ἀσβέστου, τό ῥα πατρὸς ἀποστάζουσι κεραυνοί.",tlg0533.tlg017.perseus-grc3.xml
Hymn to Artemis,tlg017,1,119,"ποσσάκι δʼ ἀργυρέοιο, θεή, πειρήσαο τόξου;","ποσσάκι δ’ ἀργυρέοιο, θεή, πειρήσαο τόξου;",tlg0533.tlg017.perseus-grc3.xml
Hymn to Artemis,tlg017,1,120,"πρῶτον ἐπὶ πτελέην, τὸ δὲ δεύτερον ἧκας ἐπὶ δρῦν,","πρῶτον ἐπὶ πτελέην, τὸ δὲ δεύτερον ἧκας ἐπὶ δρῦν,",tlg0533.tlg017.perseus-grc3.xml
Hymn to Artemis,tlg017,1,121,τὸ τρίτον αὖτʼ ἐπὶ θῆρα. τὸ τέτρατον οὐκέτʼ ἐπὶ δὴν,τὸ τρίτον αὖτ’ ἐπὶ θῆρα. τὸ τέτρατον οὐκέτ’ ἐπὶ δὴν,tlg0533.tlg017.perseus-grc3.xml
Hymn to Artemis,tlg017,1,122,"ἀλλά μιν εἰς ἀδίκων ἔβαλες πόλιν, οἵ τε περὶ σφέας","ἀλλά μιν εἰς ἀδίκων ἔβαλες πόλιν, οἵ τε περὶ σφέας",tlg0533.tlg017.perseus-grc3.xml
Hymn to Artemis,tlg017,1,123,"οἵ τε περὶ ξείνους ἀλιτήμονα πολλά τέλεσκον,","οἵ τε περὶ ξείνους ἀλιτήμονα πολλά τέλεσκον,",tlg0533.tlg017.perseus-grc3.xml
Hymn to Artemis,tlg017,1,124,σχέτλιοι· οἷς τύνη χαλεπὴν ἐμμάξεαι ὀργήν·,σχέτλιοι· οἷς τύνη χαλεπὴν ἐμμάξεαι ὀργήν·,tlg0533.tlg017.perseus-grc3.xml
Hymn to Artemis,tlg017,1,125,"κτήνεά φιν λοιμὸς καταβόσκεται, ἔργα δὲ πάχνη,","κτήνεά φιν λοιμὸς καταβόσκεται, ἔργα δὲ πάχνη,",tlg0533.tlg017.perseus-grc3.xml
Hymn to Artemis,tlg017,1,126,"κείρονται δὲ γέροντες ἐφʼ υἱάσιν, αἱ δὲ γυναῖκες","κείρονται δὲ γέροντες ἐφ’ υἱάσιν, αἱ δὲ γυναῖκες",tlg0533.tlg017.perseus-grc3.xml
Hymn to Artemis,tlg017,1,127,ἢ βληταὶ θνῄσκουσι λεχωίδες ἠὲ φυγοῦσαι,ἢ βληταὶ θνῄσκουσι λεχωίδες ἠὲ φυγοῦσαι,tlg0533.tlg017.perseus-grc3.xml
Hymn to Artemis,tlg017,1,128,τίκτουσιν τῶν οὐδὲν ἐπὶ σφυρὸν ὀρθὸν ἀνέστη.,τίκτουσιν τῶν οὐδὲν ἐπὶ σφυρὸν ὀρθὸν ἀνέστη.,tlg0533.tlg017.perseus-grc3.xml
Hymn to Artemis,tlg017,1,129,"οἷς δέ κεν εὐμειδής τε καὶ ἵλαος αὐγάσσηαι,","οἷς δέ κεν εὐμειδής τε καὶ ἵλαος αὐγάσσηαι,",tlg0533.tlg017.perseus-grc3.xml
Hymn to Artemis,tlg017,1,130,"κείνοις εὖ μὲν ἄρουρα φέρει στάχυν, εὖ δὲ γενέθλη","κείνοις εὖ μὲν ἄρουρα φέρει στάχυν, εὖ δὲ γενέθλη",tlg0533.tlg017.perseus-grc3.xml
Hymn to Artemis,tlg017,1,131,"τετραπόδων, εὖ δʼ ὄλβος ἀέξεται· οὐδʼ ἐπὶ σῆμα","τετραπόδων, εὖ δ’ ὄλβος ἀέξεται· οὐδ’ ἐπὶ σῆμα",tlg0533.tlg017.perseus-grc3.xml
Hymn to Artemis,tlg017,1,132,ἔρχονται πλὴν εὖτε πολυχρόνιόν τι φέρωσιν·,ἔρχονται πλὴν εὖτε πολυχρόνιόν τι φέρωσιν·,tlg0533.tlg017.perseus-grc3.xml
Hymn to Artemis,tlg017,1,133,"οὐδὲ διχοστασίη τρώει γένος, ἥ τε καὶ εὖ περ","οὐδὲ διχοστασίη τρώει γένος, ἥ τε καὶ εὖ περ",tlg0533.tlg017.perseus-grc3.xml
Hymn to Artemis,tlg017,1,134,οἴκους ἑστηῶτας ἐσίνατο· ταὶ δὲ θυωρὸν,οἴκους ἑστηῶτας ἐσίνατο· ταὶ δὲ θυωρὸν,tlg0533.tlg017.perseus-grc3.xml
Hymn to Artemis,tlg017,1,135,εἰνάτερες γαλόῳ τε μίαν περὶ δίφρα τίθενται.,εἰνάτερες γαλόῳ τε μίαν περὶ δίφρα τίθενται.,tlg0533.tlg017.perseus-grc3.xml
Hymn to Artemis,tlg017,1,136,"πότνια, τῶν εἴη μὲν ἐμοὶ φίλος ὅστις ἀληθής,","πότνια, τῶν εἴη μὲν ἐμοὶ φίλος ὅστις ἀληθής,",tlg0533.tlg017.perseus-grc3.xml
Hymn to Artemis,tlg017,1,137,"εἴην δʼ αὐτός, ἄνασσα, μέλοι δέ μοι αἰὲν ἀοιδή·","εἴην δ’ αὐτός, ἄνασσα, μέλοι δέ μοι αἰὲν ἀοιδή·",tlg0533.tlg017.perseus-grc3.xml
Hymn to Artemis,tlg017,1,138,"τῇ ἔνι μὲν Λητοῦς γάμος ἔσσεται, ἐν δὲ σὺ πολλή,","τῇ ἔνι μὲν Λητοῦς γάμος ἔσσεται, ἐν δὲ σὺ πολλή,",tlg0533.tlg017.perseus-grc3.xml
Hymn to Artemis,tlg017,1,139,"ἐν δὲ καὶ Ἀπόλλων, ἐν δʼ οἵ σεο πάντες ἄεθλοι,","ἐν δὲ καὶ Ἀπόλλων, ἐν δ’ οἵ σεο πάντες ἄεθλοι,",tlg0533.tlg017.perseus-grc3.xml
Hymn to Artemis,tlg017,1,140,"ἐν δὲ κύνες καὶ τόξα καὶ ἄντυγες, αἵ τέ σε ῥεῖα","ἐν δὲ κύνες καὶ τόξα καὶ ἄντυγες, αἵ τέ σε ῥεῖα",tlg0533.tlg017.perseus-grc3.xml
Hymn to Artemis,tlg017,1,141,"θηητὴν φορέουσιν, ὅτʼ ἐς Διὸς οἶκον ἐλαύνεις.","θηητὴν φορέουσιν, ὅτ’ ἐς Διὸς οἶκον ἐλαύνεις.",tlg0533.tlg017.perseus-grc3.xml
Hymn to Artemis,tlg017,1,142,ἔνθα τοι ἀντιόωντες ἐνὶ προμολῇσι δέχονται,ἔνθα τοι ἀντιόωντες ἐνὶ προμολῇσι δέχονται,tlg0533.tlg017.perseus-grc3.xml
Hymn to Artemis,tlg017,1,143,"ὅπλα μὲν Ἑρμείης Ἀκακήσιος, αὐτὰρ Ἀπόλλων","ὅπλα μὲν Ἑρμείης Ἀκακήσιος, αὐτὰρ Ἀπόλλων",tlg0533.tlg017.perseus-grc3.xml
Hymn to Artemis,tlg017,1,144,"θηρίον ὅττι φέρῃσθα· πάροιθέ γέ, πρίν περ ἱκέσθαι","θηρίον ὅττι φέρῃσθα· πάροιθέ γέ, πρίν περ ἱκέσθαι",tlg0533.tlg017.perseus-grc3.xml
Hymn to Artemis,tlg017,1,145,καρτερὸν Ἀλκεΐδην· νῦν δʼ οὐκέτι τοῦτον ἄεθλον,καρτερὸν Ἀλκεΐδην· νῦν δ’ οὐκέτι τοῦτον ἄεθλον,tlg0533.tlg017.perseus-grc3.xml
Hymn to Artemis,tlg017,1,146,"Φοῖβος ἔχει, τοῖος γὰρ ἀεὶ Τιρύνθιος ἄκμων","Φοῖβος ἔχει, τοῖος γὰρ ἀεὶ Τιρύνθιος ἄκμων",tlg0533.tlg017.perseus-grc3.xml
Hymn to Artemis,tlg017,1,147,"ἕστηκε πρὸ πυλέων ποτιδέγμενος, εἴ τι φέρουσα","ἕστηκε πρὸ πυλέων ποτιδέγμενος, εἴ τι φέρουσα",tlg0533.tlg017.perseus-grc3.xml
Hymn to Artemis,tlg017,1,148,νεῖαι πῖον ἔδεσμα· θεοὶ δʼ ἐπὶ πάντες ἐκείνῳ,νεῖαι πῖον ἔδεσμα· θεοὶ δ’ ἐπὶ πάντες ἐκείνῳ,tlg0533.tlg017.perseus-grc3.xml
Hymn to Artemis,tlg017,1,149,"ἄλληκτον γελόωσι, μάλιστα δὲ πενθερὴ αὐτή,","ἄλληκτον γελόωσι, μάλιστα δὲ πενθερὴ αὐτή,",tlg0533.tlg017.perseus-grc3.xml
Hymn to Artemis,tlg017,1,150,ταῦρον ὅτʼ ἐκ δίφροιο μάλα μέγαν ἢ ὅ γε χλούνην,ταῦρον ὅτ’ ἐκ δίφροιο μάλα μέγαν ἢ ὅ γε χλούνην,tlg0533.tlg017.perseus-grc3.xml
Hymn to Artemis,tlg017,1,151,κάπρον ὀπισθιδίοιο φέροι ποδὸς ἀσπαίροντα·,κάπρον ὀπισθιδίοιο φέροι ποδὸς ἀσπαίροντα·,tlg0533.tlg017.perseus-grc3.xml
Hymn to Artemis,tlg017,1,152,"κερδαλέῳ μύθῳ σε, θεή, μάλα τῷδε πινύσκει","κερδαλέῳ μύθῳ σε, θεή, μάλα τῷδε πινύσκει",tlg0533.tlg017.perseus-grc3.xml
Hymn to Artemis,tlg017,1,153,"βάλλε κακοὺς ἐπὶ θῆρας, ἵνα θνητοί σε βοηθὸν","βάλλε κακοὺς ἐπὶ θῆρας, ἵνα θνητοί σε βοηθὸν",tlg0533.tlg017.perseus-grc3.xml
Hymn to Artemis,tlg017,1,154,ὡς ἐμὲ κικλήσκωσιν. ἔα πρόκας ἠδὲ λαγωοὺς,ὡς ἐμὲ κικλήσκωσιν. ἔα πρόκας ἠδὲ λαγωοὺς,tlg0533.tlg017.perseus-grc3.xml
Hymn to Artemis,tlg017,1,155,οὔρεα βόσκεσθαι· τί δέ κεν πρόκες ἠδὲ λαγωοὶ,οὔρεα βόσκεσθαι· τί δέ κεν πρόκες ἠδὲ λαγωοὶ,tlg0533.tlg017.perseus-grc3.xml
Hymn to Artemis,tlg017,1,156,"ῥέξειαν; σύες ἔργα, σύες φυτὰ λυμαίνονται.","ῥέξειαν; σύες ἔργα, σύες φυτὰ λυμαίνονται.",tlg0533.tlg017.perseus-grc3.xml
Hymn to Artemis,tlg017,1,157,καὶ βόες ἀνθρώποισι κακὸν μέγα· βάλλʼ ἐπὶ καὶ τούς.,καὶ βόες ἀνθρώποισι κακὸν μέγα· βάλλ’ ἐπὶ καὶ τούς.,tlg0533.tlg017.perseus-grc3.xml
Hymn to Artemis,tlg017,1,158,"ὣς ἔνεπεν, ταχινὸς δὲ μέγαν περὶ θῆρα πονεῖτο.","ὣς ἔνεπεν, ταχινὸς δὲ μέγαν περὶ θῆρα πονεῖτο.",tlg0533.tlg017.perseus-grc3.xml
Hymn to Artemis,tlg017,1,159,οὐ γὰρ ὅ γε Φρυγίῃ περ ὑπὸ δρυὶ γυῖα θεωθεὶς,οὐ γὰρ ὅ γε Φρυγίῃ περ ὑπὸ δρυὶ γυῖα θεωθεὶς,tlg0533.tlg017.perseus-grc3.xml
Hymn to Artemis,tlg017,1,160,"παύσατʼ ἀδηφαγίης· ἔτι οἱ πάρα νηδὺς ἐκείνη,","παύσατ’ ἀδηφαγίης· ἔτι οἱ πάρα νηδὺς ἐκείνη,",tlg0533.tlg017.perseus-grc3.xml
Hymn to Artemis,tlg017,1,161,τῇ ποτʼ ἀροτριόωντι συνήντετο Θειοδάμαντι.,τῇ ποτ’ ἀροτριόωντι συνήντετο Θειοδάμαντι.,tlg0533.tlg017.perseus-grc3.xml
Hymn to Artemis,tlg017,1,162,σοὶ δʼ Ἀμνισιάδες μὲν ὑπὸ ζεύγληφι λυθείσας,σοὶ δ’ Ἀμνισιάδες μὲν ὑπὸ ζεύγληφι λυθείσας,tlg0533.tlg017.perseus-grc3.xml
Hymn to Artemis,tlg017,1,163,"ψήχουσιν κεμάδας, παρὰ δέ σφισι πουλὺ νέμεσθαι","ψήχουσιν κεμάδας, παρὰ δέ σφισι πουλὺ νέμεσθαι",tlg0533.tlg017.perseus-grc3.xml
Hymn to Artemis,tlg017,1,164,Ἥρης ἐκ λειμῶνος ἀμησάμεναι φορέουσιν,Ἥρης ἐκ λειμῶνος ἀμησάμεναι φορέουσιν,tlg0533.tlg017.perseus-grc3.xml
Hymn to Artemis,tlg017,1,165,"ὠκύθοον τριπέτηλον, ὃ καὶ Διὸς ἵπποι ἔδονσιν·","ὠκύθοον τριπέτηλον, ὃ καὶ Διὸς ἵπποι ἔδονσιν·",tlg0533.tlg017.perseus-grc3.xml
Hymn to Artemis,tlg017,1,166,ἐν καὶ χρυσείας ὑποληνίδας ἐπλήσαντο,ἐν καὶ χρυσείας ὑποληνίδας ἐπλήσαντο,tlg0533.tlg017.perseus-grc3.xml
Hymn to Artemis,tlg017,1,167,"ὕδατος, ὄφρʼ ἐλάφοισι ποτὸν θυμάρμενον εἴη.","ὕδατος, ὄφρ’ ἐλάφοισι ποτὸν θυμάρμενον εἴη.",tlg0533.tlg017.perseus-grc3.xml
Hymn to Artemis,tlg017,1,168,αὐτὴ δʼ ἐς πατρὸς δόμον ἔρχεαι· οἱ δέ σʼ ἐφʼ ἕδρην,αὐτὴ δ’ ἐς πατρὸς δόμον ἔρχεαι· οἱ δέ σ’ ἐφ’ ἕδρην,tlg0533.tlg017.perseus-grc3.xml
Hymn to Artemis,tlg017,1,169,πάντες ὁμῶς καλέουσι· σὺ δʼ Ἀπόλλωνι παρίζεις.,πάντες ὁμῶς καλέουσι· σὺ δ’ Ἀπόλλωνι παρίζεις.,tlg0533.tlg017.perseus-grc3.xml
Hymn to Artemis,tlg017,1,170,ἡνίκα δʼ αἱ νύμφαι σε χορῷ ἔνι κυκλώσονται,ἡνίκα δ’ αἱ νύμφαι σε χορῷ ἔνι κυκλώσονται,tlg0533.tlg017.perseus-grc3.xml
Hymn to Artemis,tlg017,1,171,ἀγχόθι πηγάων Αἰγυπτίου Ἰνωποῖο,ἀγχόθι πηγάων Αἰγυπτίου Ἰνωποῖο,tlg0533.tlg017.perseus-grc3.xml
Hymn to Artemis,tlg017,1,172,"ἢ Πιτάνης καὶ γὰρ Πιτάνη σέθεν ἢ ἐνὶ Λίμναις,","ἢ Πιτάνης καὶ γὰρ Πιτάνη σέθεν ἢ ἐνὶ Λίμναις,",tlg0533.tlg017.perseus-grc3.xml
Hymn to Artemis,tlg017,1,173,"ἢ ἵνα, δαῖμον, Ἀλὰς Ἀραφηνίδας οἰκήσονσα","ἢ ἵνα, δαῖμον, Ἀλὰς Ἀραφηνίδας οἰκήσονσα",tlg0533.tlg017.perseus-grc3.xml
Hymn to Artemis,tlg017,1,174,"ἦλθες ἀπὸ Σκυθίης, ἀπὸ δʼ εἴπαο τέθμια Ταύρων,","ἦλθες ἀπὸ Σκυθίης, ἀπὸ δ’ εἴπαο τέθμια Ταύρων,",tlg0533.tlg017.perseus-grc3.xml
Hymn to Artemis,tlg017,1,175,μὴ νειὸν τημοῦτος ἐμαὶ βόες εἵνεκα μισθοῦ,μὴ νειὸν τημοῦτος ἐμαὶ βόες εἵνεκα μισθοῦ,tlg0533.tlg017.perseus-grc3.xml
Hymn to Artemis,tlg017,1,176,τετράγυον τέμνοιεν ὑπʼ ἀλλοτρίῳ ἀροτῆρι·,τετράγυον τέμνοιεν ὑπ’ ἀλλοτρίῳ ἀροτῆρι·,tlg0533.tlg017.perseus-grc3.xml
Hymn to Artemis,tlg017,1,177,ἦ γάρ κεν γυιαί τε καὶ αὐχένα κεκμηυῖαι,ἦ γάρ κεν γυιαί τε καὶ αὐχένα κεκμηυῖαι,tlg0533.tlg017.perseus-grc3.xml
Hymn to Artemis,tlg017,1,178,"κόπρον ἔπι προγένοιντο, καὶ εἰ Στυμφαιίδες εἶεν","κόπρον ἔπι προγένοιντο, καὶ εἰ Στυμφαιίδες εἶεν",tlg0533.tlg017.perseus-grc3.xml
Hymn to Artemis,tlg017,1,179,"εἰναετιζόμεναι κεραελκέες, αἳ μέγʼ ἄρισται","εἰναετιζόμεναι κεραελκέες, αἳ μέγ’ ἄρισται",tlg0533.tlg017.perseus-grc3.xml
Hymn to Artemis,tlg017,1,180,τέμνειν ὦλκα βαθεῖαν· ἐπεὶ θεὸς οὔποτʼ ἐκεῖνον,τέμνειν ὦλκα βαθεῖαν· ἐπεὶ θεὸς οὔποτ’ ἐκεῖνον,tlg0533.tlg017.perseus-grc3.xml
Hymn to Artemis,tlg017,1,181,"ἦλθε παρʼ Ἠέλιος καλὸν χορόν, ἀλλὰ θεῆται","ἦλθε παρ’ Ἠέλιος καλὸν χορόν, ἀλλὰ θεῆται",tlg0533.tlg017.perseus-grc3.xml
Hymn to Artemis,tlg017,1,182,"δίφρον ἐπιστήσας, τὰ δὲ φάεα μηκύνονται.","δίφρον ἐπιστήσας, τὰ δὲ φάεα μηκύνονται.",tlg0533.tlg017.perseus-grc3.xml
Hymn to Artemis,tlg017,1,183,"τίς δέ νύ τοι νήσων, ποῖον δʼ ὄρος εὔαδε πλεῖστον,","τίς δέ νύ τοι νήσων, ποῖον δ’ ὄρος εὔαδε πλεῖστον,",tlg0533.tlg017.perseus-grc3.xml
Hymn to Artemis,tlg017,1,184,"τίς δὲ λιμήν, ποίη δὲ πόλις ; τίνα δʼ ἔξοχα νυμφέων","τίς δὲ λιμήν, ποίη δὲ πόλις ; τίνα δ’ ἔξοχα νυμφέων",tlg0533.tlg017.perseus-grc3.xml
Hymn to Artemis,tlg017,1,185,"φίλαο, καὶ ποίας ἡρωίδας ἔσχες ἑταίρας ;","φίλαο, καὶ ποίας ἡρωίδας ἔσχες ἑταίρας ;",tlg0533.tlg017.perseus-grc3.xml
Hymn to Artemis,tlg017,1,186,"εἰπέ, θεή, σὺ μὲν ἄμμιν, ἐγὼ δʼ ἑτέροισιν ἀείσω.","εἰπέ, θεή, σὺ μὲν ἄμμιν, ἐγὼ δ’ ἑτέροισιν ἀείσω.",tlg0533.tlg017.perseus-grc3.xml
Hymn to Artemis,tlg017,1,187,"νήσων μὲν Δολίχη, πολίων δέ τοι εὔαδε Πέργη,","νήσων μὲν Δολίχη, πολίων δέ τοι εὔαδε Πέργη,",tlg0533.tlg017.perseus-grc3.xml
Hymn to Artemis,tlg017,1,188,"Τηύγετον δʼ ὀρέων, λιμένες γε μὲν Εὐρίποιο.","Τηύγετον δ’ ὀρέων, λιμένες γε μὲν Εὐρίποιο.",tlg0533.tlg017.perseus-grc3.xml
Hymn to Artemis,tlg017,1,189,"ἔξοχα δʼ ἀλλάων Γορτυνίδα φίλαο νύμφην,","ἔξοχα δ’ ἀλλάων Γορτυνίδα φίλαο νύμφην,",tlg0533.tlg017.perseus-grc3.xml
Hymn to Artemis,tlg017,1,190,ἐλλοφόνον Βριτόμαρτιν ἐύσκοπον· ἧς ποτε Μίνως,ἐλλοφόνον Βριτόμαρτιν ἐύσκοπον· ἧς ποτε Μίνως,tlg0533.tlg017.perseus-grc3.xml
Hymn to Artemis,tlg017,1,191,πτοιηθεὶς ὑπʼ ἔρωτι κατέδραμεν οὔρεα Κρήτης.,πτοιηθεὶς ὑπ’ ἔρωτι κατέδραμεν οὔρεα Κρήτης.,tlg0533.tlg017.perseus-grc3.xml
Hymn to Artemis,tlg017,1,192,"ἡ δʼ ὁτὲ μὲν λασίῃσιν ὑπὸ δρυσὶ κρύπτετο νύμφη,","ἡ δ’ ὁτὲ μὲν λασίῃσιν ὑπὸ δρυσὶ κρύπτετο νύμφη,",tlg0533.tlg017.perseus-grc3.xml
Hymn to Artemis,tlg017,1,193,ἄλλοτε δʼ εἱαμενῇσιν· ὁ δʼ ἐννέα μῆνας ἐφοίτα,ἄλλοτε δ’ εἱαμενῇσιν· ὁ δ’ ἐννέα μῆνας ἐφοίτα,tlg0533.tlg017.perseus-grc3.xml
Hymn to Artemis,tlg017,1,194,"παίπαλά τε κρημνούς τε καὶ οὐκ ἀνέπαυσε διωκτύν,","παίπαλά τε κρημνούς τε καὶ οὐκ ἀνέπαυσε διωκτύν,",tlg0533.tlg017.perseus-grc3.xml
Hymn to Artemis,tlg017,1,195,μέσφʼ ὅτε μαρπτομένη καὶ δὴ σχεδὸν ἥλατο πόντον,μέσφ’ ὅτε μαρπτομένη καὶ δὴ σχεδὸν ἥλατο πόντον,tlg0533.tlg017.perseus-grc3.xml
Hymn to Artemis,tlg017,1,196,πρηόνος ἐξ ὑπάτοιο καὶ ἔνθορεν εἰς ἁλιήων,πρηόνος ἐξ ὑπάτοιο καὶ ἔνθορεν εἰς ἁλιήων,tlg0533.tlg017.perseus-grc3.xml
Hymn to Artemis,tlg017,1,197,"δίκτυα, τά σφʼ ἐσάωσαν· ὅθεν μετέπειτα Κύδωνες","δίκτυα, τά σφ’ ἐσάωσαν· ὅθεν μετέπειτα Κύδωνες",tlg0533.tlg017.perseus-grc3.xml
Hymn to Artemis,tlg017,1,198,"νύμφην μὲν Δίκτυναν, ὄρος δʼ ὅθεν ἥλατο νύμφη","νύμφην μὲν Δίκτυναν, ὄρος δ’ ὅθεν ἥλατο νύμφη",tlg0533.tlg017.perseus-grc3.xml
Hymn to Artemis,tlg017,1,199,"Δικταῖον καλέουσιν, ἀνεστήσαντο δὲ βωμοὺς","Δικταῖον καλέουσιν, ἀνεστήσαντο δὲ βωμοὺς",tlg0533.tlg017.perseus-grc3.xml
Hymn to Artemis,tlg017,1,200,ἱερά τε ῥέζουσι· τὸ δὲ στέφος ἤματι κείνῳ,ἱερά τε ῥέζουσι· τὸ δὲ στέφος ἤματι κείνῳ,tlg0533.tlg017.perseus-grc3.xml
Hymn to Artemis,tlg017,1,201,"ἢ πίτυς ἢ σχῖνος, μύρτοιο δὲ χεῖρες ἄθικτοι·","ἢ πίτυς ἢ σχῖνος, μύρτοιο δὲ χεῖρες ἄθικτοι·",tlg0533.tlg017.perseus-grc3.xml
Hymn to Artemis,tlg017,1,202,δὴ τότε γὰρ πέπλοισιν ἐνέσχετο μύρσινος ὄζος,δὴ τότε γὰρ πέπλοισιν ἐνέσχετο μύρσινος ὄζος,tlg0533.tlg017.perseus-grc3.xml
Hymn to Artemis,tlg017,1,203,"τῆς κούρης, ὅτʼ ἔφευγεν· ὅθεν μέγα χώσατο μύρτῳ.","τῆς κούρης, ὅτ’ ἔφευγεν· ὅθεν μέγα χώσατο μύρτῳ.",tlg0533.tlg017.perseus-grc3.xml
Hymn to Artemis,tlg017,1,204,"Οὖπι ἄνασσʼ εὐῶπι φαεσφόρε, καὶ δὲ σὲ κείνγς","Οὖπι ἄνασσ’ εὐῶπι φαεσφόρε, καὶ δὲ σὲ κείνγς",tlg0533.tlg017.perseus-grc3.xml
Hymn to Artemis,tlg017,1,205,Κρηταέες καλέουσιν ἐπωνυμίην ἀπὸ νύμφης.,Κρηταέες καλέουσιν ἐπωνυμίην ἀπὸ νύμφης.,tlg0533.tlg017.perseus-grc3.xml
Hymn to Artemis,tlg017,1,206,"καὶ μὴν Κυρήνην ἑταρίσσαο, τῇ ποτʼ ἔδωκας","καὶ μὴν Κυρήνην ἑταρίσσαο, τῇ ποτ’ ἔδωκας",tlg0533.tlg017.perseus-grc3.xml
Hymn to Artemis,tlg017,1,207,"αὐτὴ θηρητῆρε δύω κύνε, τοῖς ἔνι κούρη","αὐτὴ θηρητῆρε δύω κύνε, τοῖς ἔνι κούρη",tlg0533.tlg017.perseus-grc3.xml
Hymn to Artemis,tlg017,1,208,Ὑψηὶς παρὰ τύμβον Ἰώλκιον ἔμμορʼ ἀέθλου.,Ὑψηὶς παρὰ τύμβον Ἰώλκιον ἔμμορ’ ἀέθλου.,tlg0533.tlg017.perseus-grc3.xml
Hymn to Artemis,tlg017,1,209,"καὶ Κεφάλου ξανθὴν ἄλοχον Δηιονίδαο,","καὶ Κεφάλου ξανθὴν ἄλοχον Δηιονίδαο,",tlg0533.tlg017.perseus-grc3.xml
Hymn to Artemis,tlg017,1,210,"πότνια, σὴν ὁμόθηρον ἐθήκαο· καὶ δὲ σὲ φασὶ","πότνια, σὴν ὁμόθηρον ἐθήκαο· καὶ δὲ σὲ φασὶ",tlg0533.tlg017.perseus-grc3.xml
Hymn to Artemis,tlg017,1,211,καλὴν Ἀντίκλειαν ἴσον φαέεσσι φιλῆσαι,καλὴν Ἀντίκλειαν ἴσον φαέεσσι φιλῆσαι,tlg0533.tlg017.perseus-grc3.xml
Hymn to Artemis,tlg017,1,212,αἳ πρῶται θοὰ τόξα καὶ ἀμφʼ ὤμοισι φαρέτρας,αἳ πρῶται θοὰ τόξα καὶ ἀμφ’ ὤμοισι φαρέτρας,tlg0533.tlg017.perseus-grc3.xml
Hymn to Artemis,tlg017,1,213,ἰοδόκους ἐφόρησαν· ἀσίλλωτοι δέ φιν ὦμοι,ἰοδόκους ἐφόρησαν· ἀσίλλωτοι δέ φιν ὦμοι,tlg0533.tlg017.perseus-grc3.xml
Hymn to Artemis,tlg017,1,214,δεξιτεροὶ καὶ γυμνὸς ἀεὶ παρεφαίνετο μαζός.,δεξιτεροὶ καὶ γυμνὸς ἀεὶ παρεφαίνετο μαζός.,tlg0533.tlg017.perseus-grc3.xml
Hymn to Artemis,tlg017,1,215,"ᾔνησας δʼ ἔτι πάγχυ ποδορρώρην Ἀταλάντην,","ᾔνησας δ’ ἔτι πάγχυ ποδορρώρην Ἀταλάντην,",tlg0533.tlg017.perseus-grc3.xml
Hymn to Artemis,tlg017,1,216,"κούρην Ἰασίοιο συοκτόνον Ἀρκασίδαο,","κούρην Ἰασίοιο συοκτόνον Ἀρκασίδαο,",tlg0533.tlg017.perseus-grc3.xml
Hymn to Artemis,tlg017,1,217,καί ἑ κυνηλασίην τε καὶ εὐστοχίην ἐδίδαξας.,καί ἑ κυνηλασίην τε καὶ εὐστοχίην ἐδίδαξας.,tlg0533.tlg017.perseus-grc3.xml
Hymn to Artemis,tlg017,1,218,οὔ μιν ἐπίκλητοι Καλυδωνίου ἀγρευτῆρες,οὔ μιν ἐπίκλητοι Καλυδωνίου ἀγρευτῆρες,tlg0533.tlg017.perseus-grc3.xml
Hymn to Artemis,tlg017,1,219,μέμφονται κάπροιο· τὰ γὰρ σημήια νίκης,μέμφονται κάπροιο· τὰ γὰρ σημήια νίκης,tlg0533.tlg017.perseus-grc3.xml
Hymn to Artemis,tlg017,1,220,"Ἀρκαδίην εἰσῆλθεν, ἔχει δʼ ἔτι θηρὸς ὀδόντας·","Ἀρκαδίην εἰσῆλθεν, ἔχει δ’ ἔτι θηρὸς ὀδόντας·",tlg0533.tlg017.perseus-grc3.xml
Hymn to Artemis,tlg017,1,221,οὐδὲ μὲν Ὑλαῖόν τε καὶ ἄφρονα Ῥοῖκον ἔολπα,οὐδὲ μὲν Ὑλαῖόν τε καὶ ἄφρονα Ῥοῖκον ἔολπα,tlg0533.tlg017.perseus-grc3.xml
Hymn to Artemis,tlg017,1,222,οὐδέ περ ἐχθαίροντας ἐν Ἄιδι μωμήσασθαι,οὐδέ περ ἐχθαίροντας ἐν Ἄιδι μωμήσασθαι,tlg0533.tlg017.perseus-grc3.xml
Hymn to Artemis,tlg017,1,223,"τοξότιν· οὐ γάρ σφιν λαγόνες συνεπιψεύσονται,","τοξότιν· οὐ γάρ σφιν λαγόνες συνεπιψεύσονται,",tlg0533.tlg017.perseus-grc3.xml
Hymn to Artemis,tlg017,1,224,τάων Μαιναλίη νᾶεν φόνῳ ἀκρώρεια.,τάων Μαιναλίη νᾶεν φόνῳ ἀκρώρεια.,tlg0533.tlg017.perseus-grc3.xml
Hymn to Artemis,tlg017,1,225,"πότνια πουλυμέλαθρε, πολύπτολι, χαῖρε Χιτώνη","πότνια πουλυμέλαθρε, πολύπτολι, χαῖρε Χιτώνη",tlg0533.tlg017.perseus-grc3.xml
Hymn to Artemis,tlg017,1,226,Μιλήτῳ ἐπίδημε· σὲ γὰρ ποιήσατο Νηλεὺς,Μιλήτῳ ἐπίδημε· σὲ γὰρ ποιήσατο Νηλεὺς,tlg0533.tlg017.perseus-grc3.xml
Hymn to Artemis,tlg017,1,227,"ἡγεμόνην, ὅτε νηυσὶν ἀνήγετο Κεκροπίηθεν.","ἡγεμόνην, ὅτε νηυσὶν ἀνήγετο Κεκροπίηθεν.",tlg0533.tlg017.perseus-grc3.xml
Hymn to Artemis,tlg017,1,228,"Χησιὰς Ἰμβρασίη πρωτόθρονε, σοὶ δʼ Ἀγαμέμνων","Χησιὰς Ἰμβρασίη πρωτόθρονε, σοὶ δ’ Ἀγαμέμνων",tlg0533.tlg017.perseus-grc3.xml
Hymn to Artemis,tlg017,1,229,πηδάλιον νηὸς σφετέρης ἐγκάτθετο νηῷ,πηδάλιον νηὸς σφετέρης ἐγκάτθετο νηῷ,tlg0533.tlg017.perseus-grc3.xml
Hymn to Artemis,tlg017,1,230,"μείλιον ἀπλοΐης, ὅτε οἱ κατέδησας ἀήτας,","μείλιον ἀπλοΐης, ὅτε οἱ κατέδησας ἀήτας,",tlg0533.tlg017.perseus-grc3.xml
Hymn to Artemis,tlg017,1,231,Τευκρῶν ἡνίκα νῆες Ἀχαιίδες ἄστεα κήδειν,Τευκρῶν ἡνίκα νῆες Ἀχαιίδες ἄστεα κήδειν,tlg0533.tlg017.perseus-grc3.xml
Hymn to Artemis,tlg017,1,232,ἔπλεον ἀμφʼ Ἑλένῃ Ῥαμνουσίδι θυμωθεῖσαι.,ἔπλεον ἀμφ’ Ἑλένῃ Ῥαμνουσίδι θυμωθεῖσαι.,tlg0533.tlg017.perseus-grc3.xml
Hymn to Artemis,tlg017,1,233,"ἦ μέν τοι Προῖτός γε δύω ἐκαθίσσατο νηούς,","ἦ μέν τοι Προῖτός γε δύω ἐκαθίσσατο νηούς,",tlg0533.tlg017.perseus-grc3.xml
Hymn to Artemis,tlg017,1,234,"ἄλλον μὲν Κορίης, ὅτι οἱ συνελέξαο κούρας","ἄλλον μὲν Κορίης, ὅτι οἱ συνελέξαο κούρας",tlg0533.tlg017.perseus-grc3.xml
Hymn to Artemis,tlg017,1,235,"οὔρεα πλαζομένας Ἀζήνια, τὸν δʼ ἐνὶ Λούσοις","οὔρεα πλαζομένας Ἀζήνια, τὸν δ’ ἐνὶ Λούσοις",tlg0533.tlg017.perseus-grc3.xml
Hymn to Artemis,tlg017,1,236,"ἡμέρῃ, οὕνεκα θυμὸν ἀπʼ ἄγριον εἵλεο παίδων.","ἡμέρῃ, οὕνεκα θυμὸν ἀπ’ ἄγριον εἵλεο παίδων.",tlg0533.tlg017.perseus-grc3.xml
Hymn to Artemis,tlg017,1,237,σοὶ καὶ Ἀμαζονίδες πολέμου ἐπιθυμήτειραι,σοὶ καὶ Ἀμαζονίδες πολέμου ἐπιθυμήτειραι,tlg0533.tlg017.perseus-grc3.xml
Hymn to Artemis,tlg017,1,238,ἔν ποτε παρραλίῃ Ἐφέσῳ βρέτας ἱδρύσαντο,ἔν ποτε παρραλίῃ Ἐφέσῳ βρέτας ἱδρύσαντο,tlg0533.tlg017.perseus-grc3.xml
Hymn to Artemis,tlg017,1,239,"φηγῷ ὑπὸ πρέμεῳ, τέλεσεν δέ τοι ἱερὸν Ἱππώ·","φηγῷ ὑπὸ πρέμεῳ, τέλεσεν δέ τοι ἱερὸν Ἱππώ·",tlg0533.tlg017.perseus-grc3.xml
Hymn to Artemis,tlg017,1,240,"αὐταὶ δʼ, Οὖπι ἄνασσα, περὶ πρύλιν ὠρχήσαντο","αὐταὶ δ’, Οὖπι ἄνασσα, περὶ πρύλιν ὠρχήσαντο",tlg0533.tlg017.perseus-grc3.xml
Hymn to Artemis,tlg017,1,241,"πρῶτα μὲν ἐν σακέεσσιν ἐνόπλιον, αὖθι δὲ κύκλῳ","πρῶτα μὲν ἐν σακέεσσιν ἐνόπλιον, αὖθι δὲ κύκλῳ",tlg0533.tlg017.perseus-grc3.xml
Hymn to Artemis,tlg017,1,242,στησάμεναι χορὸν εὐρύν· ὑπήεισαν δὲ λίγειαι,στησάμεναι χορὸν εὐρύν· ὑπήεισαν δὲ λίγειαι,tlg0533.tlg017.perseus-grc3.xml
Hymn to Artemis,tlg017,1,243,"λεπταλέον σύριγγες, ἵνα ῥήσσωσιν ὁμαρτῇ·","λεπταλέον σύριγγες, ἵνα ῥήσσωσιν ὁμαρτῇ·",tlg0533.tlg017.perseus-grc3.xml
Hymn to Artemis,tlg017,1,244,"οὐ γάρ πω νέβρεια διʼ ὀστέα τετρήναντο,","οὐ γάρ πω νέβρεια δι’ ὀστέα τετρήναντο,",tlg0533.tlg017.perseus-grc3.xml
Hymn to Artemis,tlg017,1,245,ἔργονʼ Ἀθηναίης ἐλάφῳ κακόν· ἔδραμε δʼ ἠχὼ,ἔργον’ Ἀθηναίης ἐλάφῳ κακόν· ἔδραμε δ’ ἠχὼ,tlg0533.tlg017.perseus-grc3.xml
Hymn to Artemis,tlg017,1,246,Σάρδιας ἔς τε νομὸν Βερεκύνθιον. αἱ δὲ πόδεσσιν,Σάρδιας ἔς τε νομὸν Βερεκύνθιον. αἱ δὲ πόδεσσιν,tlg0533.tlg017.perseus-grc3.xml
Hymn to Artemis,tlg017,1,247,"οὖλα κατεκροτάλιζον, ἐπεψόφεον δὲ φαρέτραι.","οὖλα κατεκροτάλιζον, ἐπεψόφεον δὲ φαρέτραι.",tlg0533.tlg017.perseus-grc3.xml
Hymn to Artemis,tlg017,1,248,κεῖνο δέ τοι μετέπειτα περὶ βρέτας εὐρὺ θέμειλον,κεῖνο δέ τοι μετέπειτα περὶ βρέτας εὐρὺ θέμειλον,tlg0533.tlg017.perseus-grc3.xml
Hymn to Artemis,tlg017,1,249,"δωμήθη, τοῦ δʼ οὔτε θεώτερον ὄψεται ἠὼς","δωμήθη, τοῦ δ’ οὔτε θεώτερον ὄψεται ἠὼς",tlg0533.tlg017.perseus-grc3.xml
Hymn to Artemis,tlg017,1,250,οὐδʼ ἀφνειότερον· ῥέα κεν Πυθῶνα παρέλθοι.,οὐδ’ ἀφνειότερον· ῥέα κεν Πυθῶνα παρέλθοι.,tlg0533.tlg017.perseus-grc3.xml
Hymn to Artemis,tlg017,1,251,τῶ ῥα καὶ ἠλαίνων ἀλαπαξέμεν ἠπείλησε,τῶ ῥα καὶ ἠλαίνων ἀλαπαξέμεν ἠπείλησε,tlg0533.tlg017.perseus-grc3.xml
Hymn to Artemis,tlg017,1,252,Λύγδαμις ὑβριστής· ἐπὶ δὲ στρατὸν ἱππημολγῶν,Λύγδαμις ὑβριστής· ἐπὶ δὲ στρατὸν ἱππημολγῶν,tlg0533.tlg017.perseus-grc3.xml
Hymn to Artemis,tlg017,1,253,"ἤγαγε Κιμμερίων ψαμάθῳ ἴσον, οἵ ῥα παρʼ αὐτὸν","ἤγαγε Κιμμερίων ψαμάθῳ ἴσον, οἵ ῥα παρ’ αὐτὸν",tlg0533.tlg017.perseus-grc3.xml
Hymn to Artemis,tlg017,1,254,κεκλιμένοι ναίουσι βοὸς πόρον Ἰναχιώνης.,κεκλιμένοι ναίουσι βοὸς πόρον Ἰναχιώνης.,tlg0533.tlg017.perseus-grc3.xml
Hymn to Artemis,tlg017,1,255,"ἆ δειλὸς βασιλέων, ὅσον ἤλιτεν· οὐ γὰρ ἔμελλεν","ἆ δειλὸς βασιλέων, ὅσον ἤλιτεν· οὐ γὰρ ἔμελλεν",tlg0533.tlg017.perseus-grc3.xml
Hymn to Artemis,tlg017,1,256,οὔτʼ αὐτὸς Σκυθίηνδε παλιμπετὲς οὔτε τις ἄλλος,οὔτ’ αὐτὸς Σκυθίηνδε παλιμπετὲς οὔτε τις ἄλλος,tlg0533.tlg017.perseus-grc3.xml
Hymn to Artemis,tlg017,1,257,ὅσσων ἐν λειμῶνι Καϋστρίῳ ἔσταν ἅμαξαι,ὅσσων ἐν λειμῶνι Καϋστρίῳ ἔσταν ἅμαξαι,tlg0533.tlg017.perseus-grc3.xml
Hymn to Artemis,tlg017,1,258,νοστήσειν· Ἐφέσου γὰρ ἀεὶ τεὰ τόξα πρόκειται.,νοστήσειν· Ἐφέσου γὰρ ἀεὶ τεὰ τόξα πρόκειται.,tlg0533.tlg017.perseus-grc3.xml
Hymn to Artemis,tlg017,1,259,"πότνια Μουνιχίη λιμενοσκόπε, χαῖρε Φεραίη.","πότνια Μουνιχίη λιμενοσκόπε, χαῖρε Φεραίη.",tlg0533.tlg017.perseus-grc3.xml
Hymn to Artemis,tlg017,1,260,μή τις ἀτιμήσῃ τὴν Ἄρτεμιν· οὐδὲ γὰρ Οἰνεῖ,μή τις ἀτιμήσῃ τὴν Ἄρτεμιν· οὐδὲ γὰρ Οἰνεῖ,tlg0533.tlg017.perseus-grc3.xml
Hymn to Artemis,tlg017,1,261,βωμὸν ἀτιμήσαντι καλοὶ πόλιν ἦλθον ἀγῶνες·,βωμὸν ἀτιμήσαντι καλοὶ πόλιν ἦλθον ἀγῶνες·,tlg0533.tlg017.perseus-grc3.xml
Hymn to Artemis,tlg017,1,262,μηδʼ ἐλαφηβολίην μηδʼ εὐστοχίην ἐριδαίνειν·,μηδ’ ἐλαφηβολίην μηδ’ εὐστοχίην ἐριδαίνειν·,tlg0533.tlg017.perseus-grc3.xml
Hymn to Artemis,tlg017,1,263,οὐδὲ γὰρ Ἀτρεΐδης ὀλίγῳ ἔπι κόμπασε μισθῷ·,οὐδὲ γὰρ Ἀτρεΐδης ὀλίγῳ ἔπι κόμπασε μισθῷ·,tlg0533.tlg017.perseus-grc3.xml
Hymn to Artemis,tlg017,1,264,"μηδέ τινα μνᾶσθαι τὴν παρθένον· οὐδὲ γὰρ Ὦτος,","μηδέ τινα μνᾶσθαι τὴν παρθένον· οὐδὲ γὰρ Ὦτος,",tlg0533.tlg017.perseus-grc3.xml
Hymn to Artemis,tlg017,1,265,οὐδὲ μὲν Ὠαρίων ἀγαθὸν γάμον ἐμνήστευσαν·,οὐδὲ μὲν Ὠαρίων ἀγαθὸν γάμον ἐμνήστευσαν·,tlg0533.tlg017.perseus-grc3.xml
Hymn to Artemis,tlg017,1,266,μηδὲ χορὸν φεύγειν ἐνιαύσιον· οὐδὲ γὰρ Ἱππὼ,μηδὲ χορὸν φεύγειν ἐνιαύσιον· οὐδὲ γὰρ Ἱππὼ,tlg0533.tlg017.perseus-grc3.xml
Hymn to Artemis,tlg017,1,267,ἀκλαυτεὶ περὶ βωμὸν ἀπείπατο κυκλώσασθαι·,ἀκλαυτεὶ περὶ βωμὸν ἀπείπατο κυκλώσασθαι·,tlg0533.tlg017.perseus-grc3.xml
Hymn to Artemis,tlg017,1,268,χαῖρε μέγα κρείουσα καὶ εὐάντησον ἀοιδῇ.,χαῖρε μέγα κρείουσα καὶ εὐάντησον ἀοιδῇ.,tlg0533.tlg017.perseus-grc3.xml
Hymn to Delos,tlg018,1,1,"τὴν ἱερήν, ὦ θυμέ, τίνα χρόνον ἢ πότʼ ἀείσεις","τὴν ἱερήν, ὦ θυμέ, τίνα χρόνον ἢ πότ’ ἀείσεις",tlg0533.tlg018.perseus-grc3.xml
Hymn to Delos,tlg018,1,2,"δῆλον, Ἀπόλλωνος κουροτρόφον ; ἦ μὲν ἅπασαι","δῆλον, Ἀπόλλωνος κουροτρόφον ; ἦ μὲν ἅπασαι",tlg0533.tlg018.perseus-grc3.xml
Hymn to Delos,tlg018,1,3,"Κυκλάδες, αἳ νήσων ἱερώταται εἰν ἁλὶ κεῖνται,","Κυκλάδες, αἳ νήσων ἱερώταται εἰν ἁλὶ κεῖνται,",tlg0533.tlg018.perseus-grc3.xml
Hymn to Delos,tlg018,1,4,εὔυμνοι· δῆλος δʼ ἐθέλει τὰ πρῶτα φέρεσθαι,εὔυμνοι· δῆλος δ’ ἐθέλει τὰ πρῶτα φέρεσθαι,tlg0533.tlg018.perseus-grc3.xml
Hymn to Delos,tlg018,1,5,"ἐκ Μουσέων, ὅτι Φοῖβον ἀοιδάων μεδέοντα","ἐκ Μουσέων, ὅτι Φοῖβον ἀοιδάων μεδέοντα",tlg0533.tlg018.perseus-grc3.xml
Hymn to Delos,tlg018,1,6,λοῦσέ τε καὶ σπείρωσε καὶ ὡς θεὸν ᾔνεσε πρώτη.,λοῦσέ τε καὶ σπείρωσε καὶ ὡς θεὸν ᾔνεσε πρώτη.,tlg0533.tlg018.perseus-grc3.xml
Hymn to Delos,tlg018,1,7,ὡς Μοῦσαι τὸν ἀοιδὸν ὃ μὴ Πίμπλειαν ἀείσῃ,ὡς Μοῦσαι τὸν ἀοιδὸν ὃ μὴ Πίμπλειαν ἀείσῃ,tlg0533.tlg018.perseus-grc3.xml
Hymn to Delos,tlg018,1,8,"ἔχθουσιν, τὼς Φοῖβος ὅτις Δήλοιο λάθηται.","ἔχθουσιν, τὼς Φοῖβος ὅτις Δήλοιο λάθηται.",tlg0533.tlg018.perseus-grc3.xml
Hymn to Delos,tlg018,1,9,"Δήλῳ νῦν οἴμης ἀποδάσσομαι, ὡς ἂν Ἀπόλλων","Δήλῳ νῦν οἴμης ἀποδάσσομαι, ὡς ἂν Ἀπόλλων",tlg0533.tlg018.perseus-grc3.xml
Hymn to Delos,tlg018,1,10,Κύνθιος αἰνήσῃ με φίλης ἀλέγοντα τιθήνης.,Κύνθιος αἰνήσῃ με φίλης ἀλέγοντα τιθήνης.,tlg0533.tlg018.perseus-grc3.xml
Hymn to Delos,tlg018,1,11,κείνγ δʼ ἠνεμόεσσα καὶ ἄτροπος οἷά θʼ ἁλιπλὴξ,κείνγ δ’ ἠνεμόεσσα καὶ ἄτροπος οἷά θ’ ἁλιπλὴξ,tlg0533.tlg018.perseus-grc3.xml
Hymn to Delos,tlg018,1,12,αἰθυίῃς καὶ μᾶλλον ἐπίδρομος ἠέπερ ἵπποις,αἰθυίῃς καὶ μᾶλλον ἐπίδρομος ἠέπερ ἵπποις,tlg0533.tlg018.perseus-grc3.xml
Hymn to Delos,tlg018,1,13,πόντῳ ἐνεστήρικται· ὁ δʼ ἀμφί ἑ πουλύς ἑλίσσων,πόντῳ ἐνεστήρικται· ὁ δ’ ἀμφί ἑ πουλύς ἑλίσσων,tlg0533.tlg018.perseus-grc3.xml
Hymn to Delos,tlg018,1,14,Ἰκαρίου πολλὴν ἀπομάσσεται ὕδατος ἄχνην·,Ἰκαρίου πολλὴν ἀπομάσσεται ὕδατος ἄχνην·,tlg0533.tlg018.perseus-grc3.xml
Hymn to Delos,tlg018,1,15,τῶ σφε καὶ ἰχθυβολῆες ἁλίπλοοι ἐννάσσαντο.,τῶ σφε καὶ ἰχθυβολῆες ἁλίπλοοι ἐννάσσαντο.,tlg0533.tlg018.perseus-grc3.xml
Hymn to Delos,tlg018,1,16,"ἀλλά οἱ οὐ νεμεσητὸν ἐνὶ πρώτῃσι λέγεσθαι,","ἀλλά οἱ οὐ νεμεσητὸν ἐνὶ πρώτῃσι λέγεσθαι,",tlg0533.tlg018.perseus-grc3.xml
Hymn to Delos,tlg018,1,17,ὀππότʼ ἐς Ὠκεανόν τε καὶ ἐς Τιτηνίδα Τηθὺν,ὀππότ’ ἐς Ὠκεανόν τε καὶ ἐς Τιτηνίδα Τηθὺν,tlg0533.tlg018.perseus-grc3.xml
Hymn to Delos,tlg018,1,18,"νῆσοι ἀολλίζονται, ἀεὶ δʼ ἔξαρχος ὁδεύει.","νῆσοι ἀολλίζονται, ἀεὶ δ’ ἔξαρχος ὁδεύει.",tlg0533.tlg018.perseus-grc3.xml
Hymn to Delos,tlg018,1,19,ἡ δʼ ὄπιθεν Φοίνισσα μετʼ ἴχνια Κύρνος ὀπηδεῖ,ἡ δ’ ὄπιθεν Φοίνισσα μετ’ ἴχνια Κύρνος ὀπηδεῖ,tlg0533.tlg018.perseus-grc3.xml
Hymn to Delos,tlg018,1,20,οὐκ ὀνοτὴ καὶ Μάκρις Ἀβαντιὰς Ἐλλοπιήων,οὐκ ὀνοτὴ καὶ Μάκρις Ἀβαντιὰς Ἐλλοπιήων,tlg0533.tlg018.perseus-grc3.xml
Hymn to Delos,tlg018,1,21,Σαρδώ θʼ ἱμερόεσσα καὶ ἣν ἐπενήξατο Κύπρις,Σαρδώ θ’ ἱμερόεσσα καὶ ἣν ἐπενήξατο Κύπρις,tlg0533.tlg018.perseus-grc3.xml
Hymn to Delos,tlg018,1,22,"ἐξ ὕδατος τὰ πρῶτα, σαοῖ δέ μιν ἀντʼ ἐπιβάθρων.","ἐξ ὕδατος τὰ πρῶτα, σαοῖ δέ μιν ἀντ’ ἐπιβάθρων.",tlg0533.tlg018.perseus-grc3.xml
Hymn to Delos,tlg018,1,23,"κεῖναι μὲν πύργοισι περισκεπέεσσιν ἐρυμναί,","κεῖναι μὲν πύργοισι περισκεπέεσσιν ἐρυμναί,",tlg0533.tlg018.perseus-grc3.xml
Hymn to Delos,tlg018,1,24,δῆλος δʼ Ἀπόλλωνι· τί δὲ στιβαρώτερον ἕρκος;,δῆλος δ’ Ἀπόλλωνι· τί δὲ στιβαρώτερον ἕρκος;,tlg0533.tlg018.perseus-grc3.xml
Hymn to Delos,tlg018,1,25,τείχεα μὲν καὶ λᾶες ὑπαὶ ῥιπῆς κε πέσοιεν,τείχεα μὲν καὶ λᾶες ὑπαὶ ῥιπῆς κε πέσοιεν,tlg0533.tlg018.perseus-grc3.xml
Hymn to Delos,tlg018,1,26,Στρυμονίου βορέαο· θεὸς δʼ ἀεὶ ἀστυφέλικτος·,Στρυμονίου βορέαο· θεὸς δ’ ἀεὶ ἀστυφέλικτος·,tlg0533.tlg018.perseus-grc3.xml
Hymn to Delos,tlg018,1,27,"Δῆλε φίλη, τοῖός σε βοηθόος ἀμφιβέβηκεν.","Δῆλε φίλη, τοῖός σε βοηθόος ἀμφιβέβηκεν.",tlg0533.tlg018.perseus-grc3.xml
Hymn to Delos,tlg018,1,28,"εἰ δὲ λίην πολέες σε περιτροχόωσιν ἀοιδαί,","εἰ δὲ λίην πολέες σε περιτροχόωσιν ἀοιδαί,",tlg0533.tlg018.perseus-grc3.xml
Hymn to Delos,tlg018,1,29,ποίῃ ἐνιπλέξω σε; τί τοι θυμῆρες ἀκοῦσαι;,ποίῃ ἐνιπλέξω σε; τί τοι θυμῆρες ἀκοῦσαι;,tlg0533.tlg018.perseus-grc3.xml
Hymn to Delos,tlg018,1,30,ἢ ὡς τὰ πρώτιστα μέγας θεὸς οὔρεα θείνων,ἢ ὡς τὰ πρώτιστα μέγας θεὸς οὔρεα θείνων,tlg0533.tlg018.perseus-grc3.xml
Hymn to Delos,tlg018,1,31,"ἄορι τριγλώχινι, τό οἱ Τελχῖνες ἔτευξαν,","ἄορι τριγλώχινι, τό οἱ Τελχῖνες ἔτευξαν,",tlg0533.tlg018.perseus-grc3.xml
Hymn to Delos,tlg018,1,32,"νήσους εἰναλίας εἰργάζετο, νέρθε δὲ πάσας","νήσους εἰναλίας εἰργάζετο, νέρθε δὲ πάσας",tlg0533.tlg018.perseus-grc3.xml
Hymn to Delos,tlg018,1,33,ἐκ νεάτων ὤχλισσε καὶ εἰσεκύλισε θαλάσσῃ;,ἐκ νεάτων ὤχλισσε καὶ εἰσεκύλισε θαλάσσῃ;,tlg0533.tlg018.perseus-grc3.xml
Hymn to Delos,tlg018,1,34,"καὶ τὰς μὲν κατὰ βυσσόν, ἵνʼ ἠπείροιο λάθωνται,","καὶ τὰς μὲν κατὰ βυσσόν, ἵν’ ἠπείροιο λάθωνται,",tlg0533.tlg018.perseus-grc3.xml
Hymn to Delos,tlg018,1,35,"πρυμνόθεν ἐρρίζωσε· δὲ δʼ οὐκ ἔθλιψεν ἀνάγκη,","πρυμνόθεν ἐρρίζωσε· δὲ δ’ οὐκ ἔθλιψεν ἀνάγκη,",tlg0533.tlg018.perseus-grc3.xml
Hymn to Delos,tlg018,1,36,"ἀλλʼ ἄφετος πελάγεσσιν ἐπέπλεες, οὔνομα δʼ ἦν σοι","ἀλλ’ ἄφετος πελάγεσσιν ἐπέπλεες, οὔνομα δ’ ἦν σοι",tlg0533.tlg018.perseus-grc3.xml
Hymn to Delos,tlg018,1,37,"Ἀστερίη τὸ παλαιόν, ἐπεὶ βαθὺν ἥλαο τάφρον","Ἀστερίη τὸ παλαιόν, ἐπεὶ βαθὺν ἥλαο τάφρον",tlg0533.tlg018.perseus-grc3.xml
Hymn to Delos,tlg018,1,38,οὐρανόθεν φεύγουσα Διὸς γάμον ἀστέρι ἴση.,οὐρανόθεν φεύγουσα Διὸς γάμον ἀστέρι ἴση.,tlg0533.tlg018.perseus-grc3.xml
Hymn to Delos,tlg018,1,39,"τόφρα μὲν οὔπω σοι χρυσέη ἐπεμίσγετο Λητώ,","τόφρα μὲν οὔπω σοι χρυσέη ἐπεμίσγετο Λητώ,",tlg0533.tlg018.perseus-grc3.xml
Hymn to Delos,tlg018,1,40,τόφρα δʼ ἔτʼ Ἀστερίη σὺ καὶ οὐδέπω ἔκλεο Δῆλος·,τόφρα δ’ ἔτ’ Ἀστερίη σὺ καὶ οὐδέπω ἔκλεο Δῆλος·,tlg0533.tlg018.perseus-grc3.xml
Hymn to Delos,tlg018,1,41,πολλάκι σε Τροιζῆνος ἀπὸ ξανθοῖο πολίχνης,πολλάκι σε Τροιζῆνος ἀπὸ ξανθοῖο πολίχνης,tlg0533.tlg018.perseus-grc3.xml
Hymn to Delos,tlg018,1,42,ἐρχόμενοι Ἐφύρηνδε Σαρωνικοῦ ἔνδοθι κόλπου,ἐρχόμενοι Ἐφύρηνδε Σαρωνικοῦ ἔνδοθι κόλπου,tlg0533.tlg018.perseus-grc3.xml
Hymn to Delos,tlg018,1,43,"ναῦται ἐπεσκέψαντο, καὶ ἐξ Ἐφύρης ἀνιόωτες","ναῦται ἐπεσκέψαντο, καὶ ἐξ Ἐφύρης ἀνιόωτες",tlg0533.tlg018.perseus-grc3.xml
Hymn to Delos,tlg018,1,44,"οἱ μὲν ἔτʼ οὐκ ἴδον αὖθι, σὺ δὲ στεινοῖο παρʼ ὀξὺν","οἱ μὲν ἔτ’ οὐκ ἴδον αὖθι, σὺ δὲ στεινοῖο παρ’ ὀξὺν",tlg0533.tlg018.perseus-grc3.xml
Hymn to Delos,tlg018,1,45,"ἔδραμες Εὐρίποιο πόρον καναχηδὰ ῥέοντος,","ἔδραμες Εὐρίποιο πόρον καναχηδὰ ῥέοντος,",tlg0533.tlg018.perseus-grc3.xml
Hymn to Delos,tlg018,1,46,Χαλκιδικῆς δʼ αὐτῆμαρ ἀνηναμένη ἁλὸς ὕδωρ,Χαλκιδικῆς δ’ αὐτῆμαρ ἀνηναμένη ἁλὸς ὕδωρ,tlg0533.tlg018.perseus-grc3.xml
Hymn to Delos,tlg018,1,47,μέσφʼ ἐς Ἀθηναίων προσενήξαο Σούνιον ἄκρον,μέσφ’ ἐς Ἀθηναίων προσενήξαο Σούνιον ἄκρον,tlg0533.tlg018.perseus-grc3.xml
Hymn to Delos,tlg018,1,48,ἢ Χίον ἢ νήσοιο διάβροχον ὕδατι μαστὸν,ἢ Χίον ἢ νήσοιο διάβροχον ὕδατι μαστὸν,tlg0533.tlg018.perseus-grc3.xml
Hymn to Delos,tlg018,1,49,"παρθενίης οὔπω γὰρ ἔην Σάμος, ἧχι σε νύμφαι","παρθενίης οὔπω γὰρ ἔην Σάμος, ἧχι σε νύμφαι",tlg0533.tlg018.perseus-grc3.xml
Hymn to Delos,tlg018,1,50,γείτονες Ἀγκαίου Μυκαλησσίδες ἐξείνισσαν.,γείτονες Ἀγκαίου Μυκαλησσίδες ἐξείνισσαν.,tlg0533.tlg018.perseus-grc3.xml
Hymn to Delos,tlg018,1,51,"ἡνίκα δʼ Ἀπόλλωνι γενέθλιον οὖδας ὑπέσχες,","ἡνίκα δ’ Ἀπόλλωνι γενέθλιον οὖδας ὑπέσχες,",tlg0533.tlg018.perseus-grc3.xml
Hymn to Delos,tlg018,1,52,"τοῦτό τοι ἀντημοιβὸν ἁλίπλοοι οὔνομʼ ἔθεντο,","τοῦτό τοι ἀντημοιβὸν ἁλίπλοοι οὔνομ’ ἔθεντο,",tlg0533.tlg018.perseus-grc3.xml
Hymn to Delos,tlg018,1,53,"οὕνεκεν οὐκέτʼ ἄδηλος ἐπέπλεες, ἀλλʼ ἐνὶ πόντου","οὕνεκεν οὐκέτ’ ἄδηλος ἐπέπλεες, ἀλλ’ ἐνὶ πόντου",tlg0533.tlg018.perseus-grc3.xml
Hymn to Delos,tlg018,1,54,κύμασιν Αἰγαίοιο ποδῶν ἐνεθήκαο ῥίζας.,κύμασιν Αἰγαίοιο ποδῶν ἐνεθήκαο ῥίζας.,tlg0533.tlg018.perseus-grc3.xml
Hymn to Delos,tlg018,1,55,οὐδʼ Ἥρην κοτέουσαν ὑπέτρεσας· ἡ μὲν ἁπάσαις,οὐδ’ Ἥρην κοτέουσαν ὑπέτρεσας· ἡ μὲν ἁπάσαις,tlg0533.tlg018.perseus-grc3.xml
Hymn to Delos,tlg018,1,56,δεινὸν ἐπεβρωμᾶτο λεχωίσιν αἳ Διὶ παῖδας,δεινὸν ἐπεβρωμᾶτο λεχωίσιν αἳ Διὶ παῖδας,tlg0533.tlg018.perseus-grc3.xml
Hymn to Delos,tlg018,1,57,"ἐξέφερον, Λητοῖ δὲ διακριδόν, οὕνεκα μούνη","ἐξέφερον, Λητοῖ δὲ διακριδόν, οὕνεκα μούνη",tlg0533.tlg018.perseus-grc3.xml
Hymn to Delos,tlg018,1,58,Ζηνὶ τεκεῖν ἤμελλε φιλαίτερον Ἄρεος υἷα.,Ζηνὶ τεκεῖν ἤμελλε φιλαίτερον Ἄρεος υἷα.,tlg0533.tlg018.perseus-grc3.xml
Hymn to Delos,tlg018,1,59,τῶ ῥα καὶ αὐτὴ μὲν σκοπιὴν ἔχεν αἰθέρος εἴσω,τῶ ῥα καὶ αὐτὴ μὲν σκοπιὴν ἔχεν αἰθέρος εἴσω,tlg0533.tlg018.perseus-grc3.xml
Hymn to Delos,tlg018,1,60,"σπερχομένη μέγα δή τι καὶ οὐ φατόν, εἶργε δὲ Λητὼ","σπερχομένη μέγα δή τι καὶ οὐ φατόν, εἶργε δὲ Λητὼ",tlg0533.tlg018.perseus-grc3.xml
Hymn to Delos,tlg018,1,61,τειρομένην ὠδῖσι· δύω δέ οἱ εἵατο φρουροὶ,τειρομένην ὠδῖσι· δύω δέ οἱ εἵατο φρουροὶ,tlg0533.tlg018.perseus-grc3.xml
Hymn to Delos,tlg018,1,62,"γαῖαν ἐποπτεύοντες, ὁ μὲν πέδον ἠπείροιο","γαῖαν ἐποπτεύοντες, ὁ μὲν πέδον ἠπείροιο",tlg0533.tlg018.perseus-grc3.xml
Hymn to Delos,tlg018,1,63,ἥμενος ὑψηλῆς κορυφῆς ἔπι Θρήικος Αἵμου,ἥμενος ὑψηλῆς κορυφῆς ἔπι Θρήικος Αἵμου,tlg0533.tlg018.perseus-grc3.xml
Hymn to Delos,tlg018,1,64,"θοῦρος Ἄρης ἐφύλασσε σὺν ἔντεσι, τὼ δέ οἱ ἵππω","θοῦρος Ἄρης ἐφύλασσε σὺν ἔντεσι, τὼ δέ οἱ ἵππω",tlg0533.tlg018.perseus-grc3.xml
Hymn to Delos,tlg018,1,65,ἑπτάμυχον βορέαο παρὰ σπέος ηὐλίζοντο·,ἑπτάμυχον βορέαο παρὰ σπέος ηὐλίζοντο·,tlg0533.tlg018.perseus-grc3.xml
Hymn to Delos,tlg018,1,66,ἡ δʼ ἐπὶ νησάων ἑτέρη σκοπὸς εὐρειάων,ἡ δ’ ἐπὶ νησάων ἑτέρη σκοπὸς εὐρειάων,tlg0533.tlg018.perseus-grc3.xml
Hymn to Delos,tlg018,1,67,ἧστο κόρη Θαύμαντος ἐπαΐξασα Μίμαντι.,ἧστο κόρη Θαύμαντος ἐπαΐξασα Μίμαντι.,tlg0533.tlg018.perseus-grc3.xml
Hymn to Delos,tlg018,1,68,ἔνθʼ οἱ μὲν πολίεσσιν ὅσαις ἐπεβάλλετο Λητὼ,ἔνθ’ οἱ μὲν πολίεσσιν ὅσαις ἐπεβάλλετο Λητὼ,tlg0533.tlg018.perseus-grc3.xml
Hymn to Delos,tlg018,1,69,"μίμνον ἀπειλητῆρες, ἀπετρώπων δὲ δέχεσθαι.","μίμνον ἀπειλητῆρες, ἀπετρώπων δὲ δέχεσθαι.",tlg0533.tlg018.perseus-grc3.xml
Hymn to Delos,tlg018,1,70,"φεῦγε μὲν Ἀρκαδίη, φεῦγεν δʼ ὄρος ἱερὸν Αὔγης","φεῦγε μὲν Ἀρκαδίη, φεῦγεν δ’ ὄρος ἱερὸν Αὔγης",tlg0533.tlg018.perseus-grc3.xml
Hymn to Delos,tlg018,1,71,"Παρθένιον, φεῦγεν δʼ ὁ γέρων μετόπισθε Φενειός.","Παρθένιον, φεῦγεν δ’ ὁ γέρων μετόπισθε Φενειός.",tlg0533.tlg018.perseus-grc3.xml
Hymn to Delos,tlg018,1,72,"φεῦγε δʼ ὅλη Πελοπηὶς ὅση παρακέκλιται Ἰσθμῷ,","φεῦγε δ’ ὅλη Πελοπηὶς ὅση παρακέκλιται Ἰσθμῷ,",tlg0533.tlg018.perseus-grc3.xml
Hymn to Delos,tlg018,1,73,ἔμπλην Αἰγιαλοῦ τε καὶ Ἄργεος· οὐ γὰρ ἐκείνας,ἔμπλην Αἰγιαλοῦ τε καὶ Ἄργεος· οὐ γὰρ ἐκείνας,tlg0533.tlg018.perseus-grc3.xml
Hymn to Delos,tlg018,1,74,"ἀτραπιτοὺς ἐπάτησεν, ἐπεὶ λάχεν Ἴναχον Ἥρη.","ἀτραπιτοὺς ἐπάτησεν, ἐπεὶ λάχεν Ἴναχον Ἥρη.",tlg0533.tlg018.perseus-grc3.xml
Hymn to Delos,tlg018,1,75,"φεῦγε καὶ Ἀονίη τὸν ἕνα δρόμον, αἱ δʼ ἐφέποντο","φεῦγε καὶ Ἀονίη τὸν ἕνα δρόμον, αἱ δ’ ἐφέποντο",tlg0533.tlg018.perseus-grc3.xml
Hymn to Delos,tlg018,1,76,Δίρκη τε Στροφίη τε μελαμψήφιδος ἔχουσαι,Δίρκη τε Στροφίη τε μελαμψήφιδος ἔχουσαι,tlg0533.tlg018.perseus-grc3.xml
Hymn to Delos,tlg018,1,77,"Ἰσμηνοῦ χέρα πατρός, ὁ δʼ εἵπετο πολλὸν ὄπισθεν","Ἰσμηνοῦ χέρα πατρός, ὁ δ’ εἵπετο πολλὸν ὄπισθεν",tlg0533.tlg018.perseus-grc3.xml
Hymn to Delos,tlg018,1,78,"Ἀσωπὸς βαρύγουνος, ἐπεὶ πεπάλακτο κεραυνῷ.","Ἀσωπὸς βαρύγουνος, ἐπεὶ πεπάλακτο κεραυνῷ.",tlg0533.tlg018.perseus-grc3.xml
Hymn to Delos,tlg018,1,79,ἡ δʼ ὑποδινηθεῖσα χοροῦ ἀπεπαύσατο νύμφη,ἡ δ’ ὑποδινηθεῖσα χοροῦ ἀπεπαύσατο νύμφη,tlg0533.tlg018.perseus-grc3.xml
Hymn to Delos,tlg018,1,80,αὐτόχθων Μελίη καὶ ὑπόχλοον ἔσχε παρειὴν,αὐτόχθων Μελίη καὶ ὑπόχλοον ἔσχε παρειὴν,tlg0533.tlg018.perseus-grc3.xml
Hymn to Delos,tlg018,1,81,"ἥλικος ἀσθμαίνουσα περὶ δρυός, ὡς ἴδε χαίτην","ἥλικος ἀσθμαίνουσα περὶ δρυός, ὡς ἴδε χαίτην",tlg0533.tlg018.perseus-grc3.xml
Hymn to Delos,tlg018,1,82,"σειομένην Ἑλικῶνος. ἐμαὶ θεαί, εἴπατε Μοῦσαι,","σειομένην Ἑλικῶνος. ἐμαὶ θεαί, εἴπατε Μοῦσαι,",tlg0533.tlg018.perseus-grc3.xml
Hymn to Delos,tlg018,1,83,ἦ ῥʼ ἐτεὸν ἐγένοντο τότε δρύες ἡνίκα Νύμφαι;,ἦ ῥ’ ἐτεὸν ἐγένοντο τότε δρύες ἡνίκα Νύμφαι;,tlg0533.tlg018.perseus-grc3.xml
Hymn to Delos,tlg018,1,84,"νύμφαι μὲν χαίρουσιν, ὅτε δρύας ὄμβρος ἀέξει,","νύμφαι μὲν χαίρουσιν, ὅτε δρύας ὄμβρος ἀέξει,",tlg0533.tlg018.perseus-grc3.xml
Hymn to Delos,tlg018,1,85,"νύμφαι δʼ αὖ κλαίουσιν, ὅτε δρυσὶν οὐκέτι φύλλα.","νύμφαι δ’ αὖ κλαίουσιν, ὅτε δρυσὶν οὐκέτι φύλλα.",tlg0533.tlg018.perseus-grc3.xml
Hymn to Delos,tlg018,1,86,"ταῖς μὲν ἔτʼ Ἀπόλλων ὑποκόλπιος αἰνὰ χολώθη,","ταῖς μὲν ἔτ’ Ἀπόλλων ὑποκόλπιος αἰνὰ χολώθη,",tlg0533.tlg018.perseus-grc3.xml
Hymn to Delos,tlg018,1,87,φθέγξατο δʼ οὐκ ἀτέλεστον ἀπειλήσας ἐπὶ Θήβῃ·,φθέγξατο δ’ οὐκ ἀτέλεστον ἀπειλήσας ἐπὶ Θήβῃ·,tlg0533.tlg018.perseus-grc3.xml
Hymn to Delos,tlg018,1,88,"Θήβη, τίπτε τάλαινα τὸν αὐτίκα πότμον ἐλέγχεις;","Θήβη, τίπτε τάλαινα τὸν αὐτίκα πότμον ἐλέγχεις;",tlg0533.tlg018.perseus-grc3.xml
Hymn to Delos,tlg018,1,89,μήπω μή μʼ ἀέκοντα βιάζεο μαντεύεσθαι.,μήπω μή μ’ ἀέκοντα βιάζεο μαντεύεσθαι.,tlg0533.tlg018.perseus-grc3.xml
Hymn to Delos,tlg018,1,90,"οὔπω μοι Πυθῶνι μέλει τριποδήιος ἕδρη,","οὔπω μοι Πυθῶνι μέλει τριποδήιος ἕδρη,",tlg0533.tlg018.perseus-grc3.xml
Hymn to Delos,tlg018,1,91,"οὐδέ τί πω τέθνηκεν ὄφις μέγας, ἀλλʼ ἔτι κεῖνο","οὐδέ τί πω τέθνηκεν ὄφις μέγας, ἀλλ’ ἔτι κεῖνο",tlg0533.tlg018.perseus-grc3.xml
Hymn to Delos,tlg018,1,92,θηρίον αἰνογένειον ἀπὸ Πλειστοῖο καθέρπον,θηρίον αἰνογένειον ἀπὸ Πλειστοῖο καθέρπον,tlg0533.tlg018.perseus-grc3.xml
Hymn to Delos,tlg018,1,93,Παρνησὸν νιφόεντα περιστέφει ἐννέα κύκλοις·,Παρνησὸν νιφόεντα περιστέφει ἐννέα κύκλοις·,tlg0533.tlg018.perseus-grc3.xml
Hymn to Delos,tlg018,1,94,ἀλλʼ ἔμπης ἐρέω τι τομώτερον ἢ ἀπὸ δάφνης.,ἀλλ’ ἔμπης ἐρέω τι τομώτερον ἢ ἀπὸ δάφνης.,tlg0533.tlg018.perseus-grc3.xml
Hymn to Delos,tlg018,1,95,φεῦγε πρόσω· ταχινός σε κιχήσομαι αἵματι λούσων,φεῦγε πρόσω· ταχινός σε κιχήσομαι αἵματι λούσων,tlg0533.tlg018.perseus-grc3.xml
Hymn to Delos,tlg018,1,96,τόξον ἐμόν· σὺ δὲ τέκνα κακογλώσσοιο γυναικὸς,τόξον ἐμόν· σὺ δὲ τέκνα κακογλώσσοιο γυναικὸς,tlg0533.tlg018.perseus-grc3.xml
Hymn to Delos,tlg018,1,97,ἔλλαχεσ. οὐ σύ γʼ ἐμεῖο φίλη τροφὸς οὐδὲ Κιθαιρὼν,ἔλλαχεσ. οὐ σύ γ’ ἐμεῖο φίλη τροφὸς οὐδὲ Κιθαιρὼν,tlg0533.tlg018.perseus-grc3.xml
Hymn to Delos,tlg018,1,98,ἔσσεται· εὐαγέων δὲ καὶ εὐαγέεσσι μελοίμην.,ἔσσεται· εὐαγέων δὲ καὶ εὐαγέεσσι μελοίμην.,tlg0533.tlg018.perseus-grc3.xml
Hymn to Delos,tlg018,1,99,ὣς ἄρʼ ἔφη. Λητὼ δὲ μετάτροπος αὖτις ἐχώρει.,ὣς ἄρ’ ἔφη. Λητὼ δὲ μετάτροπος αὖτις ἐχώρει.,tlg0533.tlg018.perseus-grc3.xml
Hymn to Delos,tlg018,1,100,ἀλλʼ ὅτʼ Ἀχαιιάδες μιν ἀπηρνήσαντο πόληες,ἀλλ’ ὅτ’ Ἀχαιιάδες μιν ἀπηρνήσαντο πόληες,tlg0533.tlg018.perseus-grc3.xml
Hymn to Delos,tlg018,1,101,"ἐρχομένην, Ἑλίκη τε Ποσειδάωνος ἑταίρη","ἐρχομένην, Ἑλίκη τε Ποσειδάωνος ἑταίρη",tlg0533.tlg018.perseus-grc3.xml
Hymn to Delos,tlg018,1,102,"Βοῦρά τε Δεξαμενοῖο βοόστασις Οἰκιάδαο,","Βοῦρά τε Δεξαμενοῖο βοόστασις Οἰκιάδαο,",tlg0533.tlg018.perseus-grc3.xml
Hymn to Delos,tlg018,1,103,"ἂψ δʼ ἐπὶ Θεσσαλίην πόδας ἔτρεπε, φεῦγε δʼ Ἄναυρος","ἂψ δ’ ἐπὶ Θεσσαλίην πόδας ἔτρεπε, φεῦγε δ’ Ἄναυρος",tlg0533.tlg018.perseus-grc3.xml
Hymn to Delos,tlg018,1,104,"καὶ μεγάλη Λάρισα καὶ αἱ Χειρωνίδες ἄκραι,","καὶ μεγάλη Λάρισα καὶ αἱ Χειρωνίδες ἄκραι,",tlg0533.tlg018.perseus-grc3.xml
Hymn to Delos,tlg018,1,105,φεῦγε δὲ καὶ Πηνειὸς ἑλισσόμενος διὰ Τεμπέων.,φεῦγε δὲ καὶ Πηνειὸς ἑλισσόμενος διὰ Τεμπέων.,tlg0533.tlg018.perseus-grc3.xml
Hymn to Delos,tlg018,1,106,"Ἥρη, σοὶ δʼ ἔτι τῆμος ἀνηλεὲς ἦτορ ἔκειτο","Ἥρη, σοὶ δ’ ἔτι τῆμος ἀνηλεὲς ἦτορ ἔκειτο",tlg0533.tlg018.perseus-grc3.xml
Hymn to Delos,tlg018,1,107,"οὐδὲ κατεκλάσθης τε καὶ ᾤκτισας, ἡνίκα πήχεις","οὐδὲ κατεκλάσθης τε καὶ ᾤκτισας, ἡνίκα πήχεις",tlg0533.tlg018.perseus-grc3.xml
Hymn to Delos,tlg018,1,108,ἀμφοτέρους ὀρέγουσα μάτην ἐφθέγξατο τοῖα,ἀμφοτέρους ὀρέγουσα μάτην ἐφθέγξατο τοῖα,tlg0533.tlg018.perseus-grc3.xml
Hymn to Delos,tlg018,1,109,"Νύμφαι Θεσσαλίδες, ποταμοῦ γένος, εἴπατε πατρὶ","Νύμφαι Θεσσαλίδες, ποταμοῦ γένος, εἴπατε πατρὶ",tlg0533.tlg018.perseus-grc3.xml
Hymn to Delos,tlg018,1,110,κοιμῆσαι μέγα χεῦμα· περιπλέξασθε γενείῳ,κοιμῆσαι μέγα χεῦμα· περιπλέξασθε γενείῳ,tlg0533.tlg018.perseus-grc3.xml
Hymn to Delos,tlg018,1,111,λισσόμεναι τὰ Ζηνὸς ἐν ὕδατι τέκνα τεκέσθαι.,λισσόμεναι τὰ Ζηνὸς ἐν ὕδατι τέκνα τεκέσθαι.,tlg0533.tlg018.perseus-grc3.xml
Hymn to Delos,tlg018,1,112,"Πηνειὲ Φθιῶτα, τί νῦν ἀνέμοισιν ἐρίζεις;","Πηνειὲ Φθιῶτα, τί νῦν ἀνέμοισιν ἐρίζεις;",tlg0533.tlg018.perseus-grc3.xml
Hymn to Delos,tlg018,1,113,"ὦ πάτερ, οὐ μὴν ἵππον ἀέθλιον ἀμφιβέβηκας.","ὦ πάτερ, οὐ μὴν ἵππον ἀέθλιον ἀμφιβέβηκας.",tlg0533.tlg018.perseus-grc3.xml
Hymn to Delos,tlg018,1,114,"ἦ ῥά τοι ὧδʼ αἰεὶ ταχινοὶ πόδες, ἢ ἐπʼ ἐμεῖο","ἦ ῥά τοι ὧδ’ αἰεὶ ταχινοὶ πόδες, ἢ ἐπ’ ἐμεῖο",tlg0533.tlg018.perseus-grc3.xml
Hymn to Delos,tlg018,1,115,"μοῦνοι ἐλαφρίζουσι, πεποίησαι δὲ πέτεσθαι","μοῦνοι ἐλαφρίζουσι, πεποίησαι δὲ πέτεσθαι",tlg0533.tlg018.perseus-grc3.xml
Hymn to Delos,tlg018,1,116,"σήμερον ἐξαπίνης; ὁ δʼ ἀνήκοος. ὦ ἐμὸν ἄχθος,","σήμερον ἐξαπίνης; ὁ δ’ ἀνήκοος. ὦ ἐμὸν ἄχθος,",tlg0533.tlg018.perseus-grc3.xml
Hymn to Delos,tlg018,1,117,ποῖ σε φέρω; μέλεοι γὰρ ἀπειρήκασι τένοντες.,ποῖ σε φέρω; μέλεοι γὰρ ἀπειρήκασι τένοντες.,tlg0533.tlg018.perseus-grc3.xml
Hymn to Delos,tlg018,1,118,"Πήλιον ὦ Φιλύρης νυμφήιον, ἀλλὰ σὺ μεῖνον,","Πήλιον ὦ Φιλύρης νυμφήιον, ἀλλὰ σὺ μεῖνον,",tlg0533.tlg018.perseus-grc3.xml
Hymn to Delos,tlg018,1,119,"μεῖνον, ἐπεὶ καὶ θῆρες ἐν οὔρεσι πολλάκι σεῖο","μεῖνον, ἐπεὶ καὶ θῆρες ἐν οὔρεσι πολλάκι σεῖο",tlg0533.tlg018.perseus-grc3.xml
Hymn to Delos,tlg018,1,120,ὠμοτόκους ὠδῖνας ἀπηρείσαντο λέαιναι.,ὠμοτόκους ὠδῖνας ἀπηρείσαντο λέαιναι.,tlg0533.tlg018.perseus-grc3.xml
Hymn to Delos,tlg018,1,121,τὴν δʼ ἄρα καὶ Πηνειὸς ἀμείβετο δάκρυα λείβων,τὴν δ’ ἄρα καὶ Πηνειὸς ἀμείβετο δάκρυα λείβων,tlg0533.tlg018.perseus-grc3.xml
Hymn to Delos,tlg018,1,122,"Λητοῖ, Ἀναγκαίη μεγάλη θεός. οὐ γὰρ ἔγωγε","Λητοῖ, Ἀναγκαίη μεγάλη θεός. οὐ γὰρ ἔγωγε",tlg0533.tlg018.perseus-grc3.xml
Hymn to Delos,tlg018,1,123,πότνια σὰς ὠδῖνας ἀναίνομαι· οἶδα καὶ ἄλλας,πότνια σὰς ὠδῖνας ἀναίνομαι· οἶδα καὶ ἄλλας,tlg0533.tlg018.perseus-grc3.xml
Hymn to Delos,tlg018,1,124,λουσαμένας ἀπʼ ἐμεῖο λεχωίδας· ἀλλά μοι Ἥρη,λουσαμένας ἀπ’ ἐμεῖο λεχωίδας· ἀλλά μοι Ἥρη,tlg0533.tlg018.perseus-grc3.xml
Hymn to Delos,tlg018,1,125,"δαψιλὲς ἠπείλησεν. ἀπαύγασαι, οἷος ἔφεδρος","δαψιλὲς ἠπείλησεν. ἀπαύγασαι, οἷος ἔφεδρος",tlg0533.tlg018.perseus-grc3.xml
Hymn to Delos,tlg018,1,126,"οὔρεος ἐξ ὑπάτου σκοπιὴν ἔχει, ὅς κέ με ῥεῖα","οὔρεος ἐξ ὑπάτου σκοπιὴν ἔχει, ὅς κέ με ῥεῖα",tlg0533.tlg018.perseus-grc3.xml
Hymn to Delos,tlg018,1,127,βυσσόθεν ἐξερύσειε. τί μήσομαι; ἢ ἀπολέσθαι,βυσσόθεν ἐξερύσειε. τί μήσομαι; ἢ ἀπολέσθαι,tlg0533.tlg018.perseus-grc3.xml
Hymn to Delos,tlg018,1,128,ἡδύ τί τοι Πηνειόν; ἴτω πεπρωμένον ἦμαρ·,ἡδύ τί τοι Πηνειόν; ἴτω πεπρωμένον ἦμαρ·,tlg0533.tlg018.perseus-grc3.xml
Hymn to Delos,tlg018,1,129,τλήσομαι εἵνεκα σεῖο καὶ εἰ μέλλοιμι ῥοάων,τλήσομαι εἵνεκα σεῖο καὶ εἰ μέλλοιμι ῥοάων,tlg0533.tlg018.perseus-grc3.xml
Hymn to Delos,tlg018,1,130,διψαλέην ἄμπωτιν ἔχων αἰώνιον ἔρρειν,διψαλέην ἄμπωτιν ἔχων αἰώνιον ἔρρειν,tlg0533.tlg018.perseus-grc3.xml
Hymn to Delos,tlg018,1,131,καὶ μόνος ἐν ποταμοῖσιν ἀτιμότατος καλέεσθαι.,καὶ μόνος ἐν ποταμοῖσιν ἀτιμότατος καλέεσθαι.,tlg0533.tlg018.perseus-grc3.xml
Hymn to Delos,tlg018,1,132,ἠνίδʼ ἐγώ· τί περισσά; κάλει μόνον Εἰλήθυιαν.,ἠνίδ’ ἐγώ· τί περισσά; κάλει μόνον Εἰλήθυιαν.,tlg0533.tlg018.perseus-grc3.xml
Hymn to Delos,tlg018,1,133,εἶπε καὶ ἠρώησε μέμαν ῥόον. ἀλλά οἱ Ἄρης,εἶπε καὶ ἠρώησε μέμαν ῥόον. ἀλλά οἱ Ἄρης,tlg0533.tlg018.perseus-grc3.xml
Hymn to Delos,tlg018,1,134,Παγγαίου προθέλυμνα καρήατα μέλλεν ἀείρας,Παγγαίου προθέλυμνα καρήατα μέλλεν ἀείρας,tlg0533.tlg018.perseus-grc3.xml
Hymn to Delos,tlg018,1,135,"ἐμβαλέειν δίνῃσιν, ἀποκρύψαι δὲ ῥέεθρα·","ἐμβαλέειν δίνῃσιν, ἀποκρύψαι δὲ ῥέεθρα·",tlg0533.tlg018.perseus-grc3.xml
Hymn to Delos,tlg018,1,136,ὑψόθε δʼ ἐσμαράγησε καὶ ἀσπίδα τύψεν ἀκωκῇ,ὑψόθε δ’ ἐσμαράγησε καὶ ἀσπίδα τύψεν ἀκωκῇ,tlg0533.tlg018.perseus-grc3.xml
Hymn to Delos,tlg018,1,137,δούρατος· ἡ δʼ ἐλέλιξεν ἐνόπλιον· ἔτρεμε δʼ Ὄσσης,δούρατος· ἡ δ’ ἐλέλιξεν ἐνόπλιον· ἔτρεμε δ’ Ὄσσης,tlg0533.tlg018.perseus-grc3.xml
Hymn to Delos,tlg018,1,138,οὔρεα καὶ πεδίον Κραννώνιον αἵ τε δυσαεῖς,οὔρεα καὶ πεδίον Κραννώνιον αἵ τε δυσαεῖς,tlg0533.tlg018.perseus-grc3.xml
Hymn to Delos,tlg018,1,139,"ἐσχατιαὶ Πίνδοιο, φόβῳ δʼ ὠρχήσατο πᾶσα","ἐσχατιαὶ Πίνδοιο, φόβῳ δ’ ὠρχήσατο πᾶσα",tlg0533.tlg018.perseus-grc3.xml
Hymn to Delos,tlg018,1,140,Θεσσαλίη· τοῖος γὰρ ἀπʼ ἀσπίδος ἔβρεμεν ἦχος.,Θεσσαλίη· τοῖος γὰρ ἀπ’ ἀσπίδος ἔβρεμεν ἦχος.,tlg0533.tlg018.perseus-grc3.xml
Hymn to Delos,tlg018,1,141,ὡς δʼ ὁπότʼ Αἰτναίου ὄρεος πυρὶ τυφομένοιο,ὡς δ’ ὁπότ’ Αἰτναίου ὄρεος πυρὶ τυφομένοιο,tlg0533.tlg018.perseus-grc3.xml
Hymn to Delos,tlg018,1,142,σείονται μυχὰ πάντα κατουδαίοιο γίγαντος,σείονται μυχὰ πάντα κατουδαίοιο γίγαντος,tlg0533.tlg018.perseus-grc3.xml
Hymn to Delos,tlg018,1,143,"εἰς ἑτέρην Βριαρῆος ἐπωμίδα κινυμένοιο,","εἰς ἑτέρην Βριαρῆος ἐπωμίδα κινυμένοιο,",tlg0533.tlg018.perseus-grc3.xml
Hymn to Delos,tlg018,1,144,θερμάστραι τε βρέμουσιν ὑφʼ Ἡφαίστοιο πυράγρης,θερμάστραι τε βρέμουσιν ὑφ’ Ἡφαίστοιο πυράγρης,tlg0533.tlg018.perseus-grc3.xml
Hymn to Delos,tlg018,1,145,"ἔργα θʼ ὁμοῦ, δεινὸν δὲ πυρίκμητοί τε λέβητες","ἔργα θ’ ὁμοῦ, δεινὸν δὲ πυρίκμητοί τε λέβητες",tlg0533.tlg018.perseus-grc3.xml
Hymn to Delos,tlg018,1,146,καὶ τρίποδες πίπτοντες ἐπʼ ἀλλήλοις ἰαχεῦσι·,καὶ τρίποδες πίπτοντες ἐπ’ ἀλλήλοις ἰαχεῦσι·,tlg0533.tlg018.perseus-grc3.xml
Hymn to Delos,tlg018,1,147,τῆμος ἔγεντʼ ἄραβος σάκεος τόσος εὐκύκλοιο.,τῆμος ἔγεντ’ ἄραβος σάκεος τόσος εὐκύκλοιο.,tlg0533.tlg018.perseus-grc3.xml
Hymn to Delos,tlg018,1,148,"Πηνειὸς δʼ οὐκ αὖτις ἐχάζετο, μίμνε δʼ ὁμοίως","Πηνειὸς δ’ οὐκ αὖτις ἐχάζετο, μίμνε δ’ ὁμοίως",tlg0533.tlg018.perseus-grc3.xml
Hymn to Delos,tlg018,1,149,"καρτερὸς ὡς τὰ πρῶτα, θοὰς δʼ ἐστήσατο δίνας,","καρτερὸς ὡς τὰ πρῶτα, θοὰς δ’ ἐστήσατο δίνας,",tlg0533.tlg018.perseus-grc3.xml
Hymn to Delos,tlg018,1,150,"εἰσόκε οἱ Κοιηὶς ἐκέκλετο σῴζεο χαίρων,","εἰσόκε οἱ Κοιηὶς ἐκέκλετο σῴζεο χαίρων,",tlg0533.tlg018.perseus-grc3.xml
Hymn to Delos,tlg018,1,151,σῴζεο· μὴ σύ γʼ ἐμεῖο πάθῃς κακὸν εἵνεκα τῆσδε,σῴζεο· μὴ σύ γ’ ἐμεῖο πάθῃς κακὸν εἵνεκα τῆσδε,tlg0533.tlg018.perseus-grc3.xml
Hymn to Delos,tlg018,1,152,"ἀντʼ ἐλεημοσύνης, χάριτος δέ τοι ἔσσετʼ ἀμοιβή.","ἀντ’ ἐλεημοσύνης, χάριτος δέ τοι ἔσσετ’ ἀμοιβή.",tlg0533.tlg018.perseus-grc3.xml
Hymn to Delos,tlg018,1,153,ἦ καὶ πολλὰ πάροιθεν ἐπεὶ κάμεν ἔστιχε νήσους,ἦ καὶ πολλὰ πάροιθεν ἐπεὶ κάμεν ἔστιχε νήσους,tlg0533.tlg018.perseus-grc3.xml
Hymn to Delos,tlg018,1,154,"εἰναλίας· αἱ δʼ οὔ μιν ἐπερχομένην ἐδέχοντο,","εἰναλίας· αἱ δ’ οὔ μιν ἐπερχομένην ἐδέχοντο,",tlg0533.tlg018.perseus-grc3.xml
Hymn to Delos,tlg018,1,155,"οὐ λιπαρὸν νήεσσιν Ἐχινάδες ὅρμον ἔχουσαι,","οὐ λιπαρὸν νήεσσιν Ἐχινάδες ὅρμον ἔχουσαι,",tlg0533.tlg018.perseus-grc3.xml
Hymn to Delos,tlg018,1,156,"οὐδʼ ἥτις Κέρκυρα φιλοξεινωτάτη ἄλλων,","οὐδ’ ἥτις Κέρκυρα φιλοξεινωτάτη ἄλλων,",tlg0533.tlg018.perseus-grc3.xml
Hymn to Delos,tlg018,1,157,Ἶρις ἐπεὶ πάσῃσιν ἐφʼ ὑψηλοῖο Μίμαντος,Ἶρις ἐπεὶ πάσῃσιν ἐφ’ ὑψηλοῖο Μίμαντος,tlg0533.tlg018.perseus-grc3.xml
Hymn to Delos,tlg018,1,158,σπερχομένη μάλα πολλὸν ἀπέτραπεν· αἱ δʼ ὑπʼ ὁμοκλῆς,σπερχομένη μάλα πολλὸν ἀπέτραπεν· αἱ δ’ ὑπ’ ὁμοκλῆς,tlg0533.tlg018.perseus-grc3.xml
Hymn to Delos,tlg018,1,159,πανσυδίῃ φοβέοντο κατὰ ῥόον ἥντινα τέτμοι.,πανσυδίῃ φοβέοντο κατὰ ῥόον ἥντινα τέτμοι.,tlg0533.tlg018.perseus-grc3.xml
Hymn to Delos,tlg018,1,160,"ὠγυγίην δἤπειτα Κόων, Μεροπηίδα νῆσον,","ὠγυγίην δἤπειτα Κόων, Μεροπηίδα νῆσον,",tlg0533.tlg018.perseus-grc3.xml
Hymn to Delos,tlg018,1,161,"ἵκετο, Χαλκιόπης ἱερὸν μυχὸν ἡρωίνης.","ἵκετο, Χαλκιόπης ἱερὸν μυχὸν ἡρωίνης.",tlg0533.tlg018.perseus-grc3.xml
Hymn to Delos,tlg018,1,162,"ἀλλά ἑ παιδὸς ἔρυκεν ἔπος τόδε μὴ σύ γε, μῆτερ,","ἀλλά ἑ παιδὸς ἔρυκεν ἔπος τόδε μὴ σύ γε, μῆτερ,",tlg0533.tlg018.perseus-grc3.xml
Hymn to Delos,tlg018,1,163,τῇ με τέκοις. οὔτʼ οὖν ἐπιμέμφομαι οὐδὲ μεγαίρω,τῇ με τέκοις. οὔτ’ οὖν ἐπιμέμφομαι οὐδὲ μεγαίρω,tlg0533.tlg018.perseus-grc3.xml
Hymn to Delos,tlg018,1,164,"νῆσον, ἐπεὶ λιπαρή τε καὶ εὔβοτος, εἴ νύ τις ἄλλη·","νῆσον, ἐπεὶ λιπαρή τε καὶ εὔβοτος, εἴ νύ τις ἄλλη·",tlg0533.tlg018.perseus-grc3.xml
Hymn to Delos,tlg018,1,165,ἀλλά οἱ ἐκ Μοιρέων τις ὀφειλόμενος θεὸς ἄλλος,ἀλλά οἱ ἐκ Μοιρέων τις ὀφειλόμενος θεὸς ἄλλος,tlg0533.tlg018.perseus-grc3.xml
Hymn to Delos,tlg018,1,166,"ἐστί, Σαωτήρων ὕπατον γένος· ᾧ ὑπὸ μίτρην","ἐστί, Σαωτήρων ὕπατον γένος· ᾧ ὑπὸ μίτρην",tlg0533.tlg018.perseus-grc3.xml
Hymn to Delos,tlg018,1,167,ἵξεται οὐκ ἀέκουσα Μακηδόνι κοιρανέεσθαι,ἵξεται οὐκ ἀέκουσα Μακηδόνι κοιρανέεσθαι,tlg0533.tlg018.perseus-grc3.xml
Hymn to Delos,tlg018,1,168,"ἀμφοτέρη μεσόγεια καὶ αἳ πελάγεσσι κάθηνται,","ἀμφοτέρη μεσόγεια καὶ αἳ πελάγεσσι κάθηνται,",tlg0533.tlg018.perseus-grc3.xml
Hymn to Delos,tlg018,1,169,μέχρις ὅπου περάτη τε καὶ ὁππόθεν ὠκέες ἵπποι,μέχρις ὅπου περάτη τε καὶ ὁππόθεν ὠκέες ἵπποι,tlg0533.tlg018.perseus-grc3.xml
Hymn to Delos,tlg018,1,170,ἠέλιον φορέουσιν· ὁ δʼ εἴσεται ἤθεα πατρός.,ἠέλιον φορέουσιν· ὁ δ’ εἴσεται ἤθεα πατρός.,tlg0533.tlg018.perseus-grc3.xml
Hymn to Delos,tlg018,1,171,καί νύ ποτε ξυνός τις ἐλεύσεται ἄμμιν ἄεθλος,καί νύ ποτε ξυνός τις ἐλεύσεται ἄμμιν ἄεθλος,tlg0533.tlg018.perseus-grc3.xml
Hymn to Delos,tlg018,1,172,"ὕστερον, ὁππότʼ ἂν οἱ μὲν ἐφʼ Ἑλλήνεσσι μάχαιραν","ὕστερον, ὁππότ’ ἂν οἱ μὲν ἐφ’ Ἑλλήνεσσι μάχαιραν",tlg0533.tlg018.perseus-grc3.xml
Hymn to Delos,tlg018,1,173,βαρβαρικὴν καὶ Κελτὸν ἀναστήσαντες Ἄρηα,βαρβαρικὴν καὶ Κελτὸν ἀναστήσαντες Ἄρηα,tlg0533.tlg018.perseus-grc3.xml
Hymn to Delos,tlg018,1,174,ὀψίγονοι Τιτῆνες ἀφʼ ἑσπέρου ἐσχατόωντος,ὀψίγονοι Τιτῆνες ἀφ’ ἑσπέρου ἐσχατόωντος,tlg0533.tlg018.perseus-grc3.xml
Hymn to Delos,tlg018,1,175,ῥώσωνται νιφάδεσσιν ἐοικότες ἢ ἰσάριθμοι,ῥώσωνται νιφάδεσσιν ἐοικότες ἢ ἰσάριθμοι,tlg0533.tlg018.perseus-grc3.xml
Hymn to Delos,tlg018,1,176,"τείρεσιν, ἡνίκα πλεῖστα κατʼ ἠέρα βουκολέονται,","τείρεσιν, ἡνίκα πλεῖστα κατ’ ἠέρα βουκολέονται,",tlg0533.tlg018.perseus-grc3.xml
Hymn to Delos,tlg018,1,177,φρούρια καὶ κῶμαι Λοκρῶν καὶ Δελφίδες ἄκραι,φρούρια καὶ κῶμαι Λοκρῶν καὶ Δελφίδες ἄκραι,tlg0533.tlg018.perseus-grc3.xml
Hymn to Delos,tlg018,1,178,καὶ πεδία Κρισσαῖα καὶ ἠπείροιο φάραγγες,καὶ πεδία Κρισσαῖα καὶ ἠπείροιο φάραγγες,tlg0533.tlg018.perseus-grc3.xml
Hymn to Delos,tlg018,1,179,"ἀμφιπεριστείνωνται, ἴδωσι δὲ πίονα καπνὸν","ἀμφιπεριστείνωνται, ἴδωσι δὲ πίονα καπνὸν",tlg0533.tlg018.perseus-grc3.xml
Hymn to Delos,tlg018,1,180,"γείτονος αἰθομένοιο, καὶ οὐκέτι μοῦνον ἀκουῇ,","γείτονος αἰθομένοιο, καὶ οὐκέτι μοῦνον ἀκουῇ,",tlg0533.tlg018.perseus-grc3.xml
Hymn to Delos,tlg018,1,181,ἀλλʼ ἤδη παρὰ νηὸν ἀπαυγάζοιντο φάλαγγας,ἀλλ’ ἤδη παρὰ νηὸν ἀπαυγάζοιντο φάλαγγας,tlg0533.tlg018.perseus-grc3.xml
Hymn to Delos,tlg018,1,182,"δυσμενέων, ἤδη δὲ παρὰ τριπόδεσσιν ἐμεῖο","δυσμενέων, ἤδη δὲ παρὰ τριπόδεσσιν ἐμεῖο",tlg0533.tlg018.perseus-grc3.xml
Hymn to Delos,tlg018,1,183,φάσγανα καὶ ζωστῆρας ἀναιδέας ἐχθομένας τε,φάσγανα καὶ ζωστῆρας ἀναιδέας ἐχθομένας τε,tlg0533.tlg018.perseus-grc3.xml
Hymn to Delos,tlg018,1,184,"ἀσπίδας, αἳ Γαλάτῃσι κακὴν ὁδὸν ἄφρονι φύλῳ","ἀσπίδας, αἳ Γαλάτῃσι κακὴν ὁδὸν ἄφρονι φύλῳ",tlg0533.tlg018.perseus-grc3.xml
Hymn to Delos,tlg018,1,185,"στήσονται· τέων αἱ μὲν ἐμοὶ γέρας, αἱ δʼ ἐπὶ Νείλῳ","στήσονται· τέων αἱ μὲν ἐμοὶ γέρας, αἱ δ’ ἐπὶ Νείλῳ",tlg0533.tlg018.perseus-grc3.xml
Hymn to Delos,tlg018,1,186,ἐν πυρὶ τοὺς φορέοντας ἀποπνεύσαντας ἰδοῦσαι,ἐν πυρὶ τοὺς φορέοντας ἀποπνεύσαντας ἰδοῦσαι,tlg0533.tlg018.perseus-grc3.xml
Hymn to Delos,tlg018,1,187,κείσονται βασιλῆος ἀέθλια πολλὰ καμόντος.,κείσονται βασιλῆος ἀέθλια πολλὰ καμόντος.,tlg0533.tlg018.perseus-grc3.xml
Hymn to Delos,tlg018,1,188,"ἐσσόμενε Πτολεμαῖε, τά τοι μαντήια φαίνω.","ἐσσόμενε Πτολεμαῖε, τά τοι μαντήια φαίνω.",tlg0533.tlg018.perseus-grc3.xml
Hymn to Delos,tlg018,1,189,αἰνήσεις μέγα δή τι τὸν εἰσέτι γαστέρι μάντιν,αἰνήσεις μέγα δή τι τὸν εἰσέτι γαστέρι μάντιν,tlg0533.tlg018.perseus-grc3.xml
Hymn to Delos,tlg018,1,190,"ὕστερον ἤματα πάντα. σὺ δὲ ξυμβάλλεο, μῆτερ·","ὕστερον ἤματα πάντα. σὺ δὲ ξυμβάλλεο, μῆτερ·",tlg0533.tlg018.perseus-grc3.xml
Hymn to Delos,tlg018,1,191,"ἔστι διειδομένη τις ἐν ὕδατι νήσος ἀραιή,","ἔστι διειδομένη τις ἐν ὕδατι νήσος ἀραιή,",tlg0533.tlg018.perseus-grc3.xml
Hymn to Delos,tlg018,1,192,"πλαζομένη πελάγεσσι· πόδες δέ οἱ οὐχ ἑνὶ χώρῳ,","πλαζομένη πελάγεσσι· πόδες δέ οἱ οὐχ ἑνὶ χώρῳ,",tlg0533.tlg018.perseus-grc3.xml
Hymn to Delos,tlg018,1,193,"ἀλλὰ παλιρροίῃ ἐπινήχεται ἀνθέρικος ὥς,","ἀλλὰ παλιρροίῃ ἐπινήχεται ἀνθέρικος ὥς,",tlg0533.tlg018.perseus-grc3.xml
Hymn to Delos,tlg018,1,194,"ἔνθα νότος, ἔνθʼ εὖρος, ὅπη φορέῃσι θάλασσα.","ἔνθα νότος, ἔνθ’ εὖρος, ὅπη φορέῃσι θάλασσα.",tlg0533.tlg018.perseus-grc3.xml
Hymn to Delos,tlg018,1,195,τῇ με φέροις· κείνην γὰρ ἐλεύσεαι εἰς ἐθέλουσαν.,τῇ με φέροις· κείνην γὰρ ἐλεύσεαι εἰς ἐθέλουσαν.,tlg0533.tlg018.perseus-grc3.xml
Hymn to Delos,tlg018,1,196,αἱ μὲν τόσσα λέγοντος ἀπέτρεχον εἰν ἁλὶ νῆσοι·,αἱ μὲν τόσσα λέγοντος ἀπέτρεχον εἰν ἁλὶ νῆσοι·,tlg0533.tlg018.perseus-grc3.xml
Hymn to Delos,tlg018,1,197,"Ἀστερίη φιλόμολπε, σὺ δʼ Εὐβοίηθε κατῄεις,","Ἀστερίη φιλόμολπε, σὺ δ’ Εὐβοίηθε κατῄεις,",tlg0533.tlg018.perseus-grc3.xml
Hymn to Delos,tlg018,1,198,"Κυκλάδας ὀψομένη περιηγέας, οὔ τι παλαιόν,","Κυκλάδας ὀψομένη περιηγέας, οὔ τι παλαιόν,",tlg0533.tlg018.perseus-grc3.xml
Hymn to Delos,tlg018,1,199,ἀλλʼ ἔτι τοι μετόπισθε Γεραίστιον εἵπετο φῦκος·,ἀλλ’ ἔτι τοι μετόπισθε Γεραίστιον εἵπετο φῦκος·,tlg0533.tlg018.perseus-grc3.xml
Hymn to Delos,tlg018,1,200,,,tlg0533.tlg018.perseus-grc3.xml
Hymn to Delos,tlg018,1,201,". φλεξας ἐπεὶ περικαίεο πυρί,",". φλεξας ἐπεὶ περικαίεο πυρί,",tlg0533.tlg018.perseus-grc3.xml
Hymn to Delos,tlg018,1,202,τλήμονʼ ὑπʼ ὠδίνεσσι βαρυνομένην ὁρόωσα·,τλήμον’ ὑπ’ ὠδίνεσσι βαρυνομένην ὁρόωσα·,tlg0533.tlg018.perseus-grc3.xml
Hymn to Delos,tlg018,1,203,"Ἥρη, τοῦτό με ῥέξον ὅ τοι φίλον· οὐ γὰρ ἀπειλὰς","Ἥρη, τοῦτό με ῥέξον ὅ τοι φίλον· οὐ γὰρ ἀπειλὰς",tlg0533.tlg018.perseus-grc3.xml
Hymn to Delos,tlg018,1,204,"ὑμετέρας ἐφύλαξα· πέρα, πέρα εἰς ἐμὲ Λητοῖ.","ὑμετέρας ἐφύλαξα· πέρα, πέρα εἰς ἐμὲ Λητοῖ.",tlg0533.tlg018.perseus-grc3.xml
Hymn to Delos,tlg018,1,205,"ἔννεπες· ἡ δʼ ἀρητὸν ἄλης ἀπεπαύσατο λυγρῆς,","ἔννεπες· ἡ δ’ ἀρητὸν ἄλης ἀπεπαύσατο λυγρῆς,",tlg0533.tlg018.perseus-grc3.xml
Hymn to Delos,tlg018,1,206,"ἕζετο δʼ Ἰνωποῖο παρὰ ῥόον, ὅντε βάθιστον","ἕζετο δ’ Ἰνωποῖο παρὰ ῥόον, ὅντε βάθιστον",tlg0533.tlg018.perseus-grc3.xml
Hymn to Delos,tlg018,1,207,"γαῖα τότʼ ἐξανίησιν, ὅτε πλήθοντι ῥεέθρῳ","γαῖα τότ’ ἐξανίησιν, ὅτε πλήθοντι ῥεέθρῳ",tlg0533.tlg018.perseus-grc3.xml
Hymn to Delos,tlg018,1,208,Νεῖλος ἀπὸ κρημνοῖο κατέρχεται Αἰθιοπῆος·,Νεῖλος ἀπὸ κρημνοῖο κατέρχεται Αἰθιοπῆος·,tlg0533.tlg018.perseus-grc3.xml
Hymn to Delos,tlg018,1,209,"λύσατο δὲ ζώνην, ἀπὸ δʼ ἐκλίθη ἔμπαλιν ὤμοις","λύσατο δὲ ζώνην, ἀπὸ δ’ ἐκλίθη ἔμπαλιν ὤμοις",tlg0533.tlg018.perseus-grc3.xml
Hymn to Delos,tlg018,1,210,φοίνικος ποτὶ πρέμνον ἀμηχανίης ὑπὸ λυγρῆς,φοίνικος ποτὶ πρέμνον ἀμηχανίης ὑπὸ λυγρῆς,tlg0533.tlg018.perseus-grc3.xml
Hymn to Delos,tlg018,1,211,τειρομένη· νότιος δὲ διὰ χροὸς ἔρρεεν ἱδρώς.,τειρομένη· νότιος δὲ διὰ χροὸς ἔρρεεν ἱδρώς.,tlg0533.tlg018.perseus-grc3.xml
Hymn to Delos,tlg018,1,212,"εἶπε δʼ ἀλυσθμαίνουσα τί μητέρα, κοῦρε, βαρύνεις;","εἶπε δ’ ἀλυσθμαίνουσα τί μητέρα, κοῦρε, βαρύνεις;",tlg0533.tlg018.perseus-grc3.xml
Hymn to Delos,tlg018,1,213,"αὕτη τοι, φίλε, νῆσος ἐπιπλώουσα θαλάσσῃ.","αὕτη τοι, φίλε, νῆσος ἐπιπλώουσα θαλάσσῃ.",tlg0533.tlg018.perseus-grc3.xml
Hymn to Delos,tlg018,1,214,"γείνεο, γείνεο, κοῦρε, καὶ ἤπιος ἔξιθι κόλπου.","γείνεο, γείνεο, κοῦρε, καὶ ἤπιος ἔξιθι κόλπου.",tlg0533.tlg018.perseus-grc3.xml
Hymn to Delos,tlg018,1,215,"νύμφα Διὸς βαρύθυμε, σὺ δʼ οὐκ ἄρʼ ἔμελλες ἄπυστος","νύμφα Διὸς βαρύθυμε, σὺ δ’ οὐκ ἄρ’ ἔμελλες ἄπυστος",tlg0533.tlg018.perseus-grc3.xml
Hymn to Delos,tlg018,1,216,"δὴν ἔμεναι· τοίη σε προσέδραμεν ἀγγελιῶτις,","δὴν ἔμεναι· τοίη σε προσέδραμεν ἀγγελιῶτις,",tlg0533.tlg018.perseus-grc3.xml
Hymn to Delos,tlg018,1,217,"εἶπε δʼ ἔτʼ ἀσθμαίνουσα, φόβῳ δʼ ἀνεμίσγετο μῦθος,","εἶπε δ’ ἔτ’ ἀσθμαίνουσα, φόβῳ δ’ ἀνεμίσγετο μῦθος,",tlg0533.tlg018.perseus-grc3.xml
Hymn to Delos,tlg018,1,218,"Ἥρη τιμηέσσα, πολὺ προὔχουσα θεάων","Ἥρη τιμηέσσα, πολὺ προὔχουσα θεάων",tlg0533.tlg018.perseus-grc3.xml
Hymn to Delos,tlg018,1,219,"σὴ μὲν ἐγώ, σὰ δὲ πάντα, σὺ δὲ κρείουσα κάθησαι","σὴ μὲν ἐγώ, σὰ δὲ πάντα, σὺ δὲ κρείουσα κάθησαι",tlg0533.tlg018.perseus-grc3.xml
Hymn to Delos,tlg018,1,220,"γνησίη Οὐλύμποιο, καὶ οὐ χέρα δείδιμεν ἄλλην","γνησίη Οὐλύμποιο, καὶ οὐ χέρα δείδιμεν ἄλλην",tlg0533.tlg018.perseus-grc3.xml
Hymn to Delos,tlg018,1,221,"θηλυτέρην, σὺ δʼ, ἄνασσα, τὸν αἴτιον εἴσεαι ὀργῆς.","θηλυτέρην, σὺ δ’, ἄνασσα, τὸν αἴτιον εἴσεαι ὀργῆς.",tlg0533.tlg018.perseus-grc3.xml
Hymn to Delos,tlg018,1,222,Λητώ τοι μίτρην ἀναλύεται ἔνδοθι νήσου.,Λητώ τοι μίτρην ἀναλύεται ἔνδοθι νήσου.,tlg0533.tlg018.perseus-grc3.xml
Hymn to Delos,tlg018,1,223,ἄλλαι μὲν πᾶσαί μιν ἀπέστυγον οὐδʼ ἐδέχοντο·,ἄλλαι μὲν πᾶσαί μιν ἀπέστυγον οὐδ’ ἐδέχοντο·,tlg0533.tlg018.perseus-grc3.xml
Hymn to Delos,tlg018,1,224,"Ἀστερίη δʼ ὀνομαστὶ παρερχομένην ἐκάλεσσεν,","Ἀστερίη δ’ ὀνομαστὶ παρερχομένην ἐκάλεσσεν,",tlg0533.tlg018.perseus-grc3.xml
Hymn to Delos,tlg018,1,225,"Ἀστερίη, πόντοιο κακὸν σάρον· οἶσθα καὶ αὐτή.","Ἀστερίη, πόντοιο κακὸν σάρον· οἶσθα καὶ αὐτή.",tlg0533.tlg018.perseus-grc3.xml
Hymn to Delos,tlg018,1,226,"ἀλλά, φίλη, δύνασαι γάρ, ἀμύνειν, πότνια, δούλοις","ἀλλά, φίλη, δύνασαι γάρ, ἀμύνειν, πότνια, δούλοις",tlg0533.tlg018.perseus-grc3.xml
Hymn to Delos,tlg018,1,227,"ὑμετέροις, οἳ σεῖο πέδον πατέουσιν ἐφετμῇ.","ὑμετέροις, οἳ σεῖο πέδον πατέουσιν ἐφετμῇ.",tlg0533.tlg018.perseus-grc3.xml
Hymn to Delos,tlg018,1,228,"ἦ καὶ ὑπὸ χρύσειον ἐδέθλιον ἷζε κύων ὥς,","ἦ καὶ ὑπὸ χρύσειον ἐδέθλιον ἷζε κύων ὥς,",tlg0533.tlg018.perseus-grc3.xml
Hymn to Delos,tlg018,1,229,"Ἀρτέμιδος ἥτις τε, θοῆς ὅτε παύσεται ἄγρης,","Ἀρτέμιδος ἥτις τε, θοῆς ὅτε παύσεται ἄγρης,",tlg0533.tlg018.perseus-grc3.xml
Hymn to Delos,tlg018,1,230,"ἵζει θηρήτειρα παρʼ ἴχνεσιν, οὔατα δʼ αὐτῆς","ἵζει θηρήτειρα παρ’ ἴχνεσιν, οὔατα δ’ αὐτῆς",tlg0533.tlg018.perseus-grc3.xml
Hymn to Delos,tlg018,1,231,"ὀρθὰ μάλʼ, αἰὲν ἑτοῖμα θεῆς ὑποδέχθαι ὀμοκλήν·","ὀρθὰ μάλ’, αἰὲν ἑτοῖμα θεῆς ὑποδέχθαι ὀμοκλήν·",tlg0533.tlg018.perseus-grc3.xml
Hymn to Delos,tlg018,1,232,τῇ ἰκέλη Θαύμαντος ὑπὸ θρόνον ἵζετο κούρη.,τῇ ἰκέλη Θαύμαντος ὑπὸ θρόνον ἵζετο κούρη.,tlg0533.tlg018.perseus-grc3.xml
Hymn to Delos,tlg018,1,233,"κείνη δʼ οὐδέποτε σφετέρης ἐπιλήθεται ἕδρης,","κείνη δ’ οὐδέποτε σφετέρης ἐπιλήθεται ἕδρης,",tlg0533.tlg018.perseus-grc3.xml
Hymn to Delos,tlg018,1,234,"οὐδʼ ὅτε οἱ ληθαῖον ἐπὶ πτερὸν ὕπνος ἐρείσῃ,","οὐδ’ ὅτε οἱ ληθαῖον ἐπὶ πτερὸν ὕπνος ἐρείσῃ,",tlg0533.tlg018.perseus-grc3.xml
Hymn to Delos,tlg018,1,235,ἀλλʼ αὐτοῦ μεγάλοιο ποτὶ γλωχῖνα θρόνοιο,ἀλλ’ αὐτοῦ μεγάλοιο ποτὶ γλωχῖνα θρόνοιο,tlg0533.tlg018.perseus-grc3.xml
Hymn to Delos,tlg018,1,236,τυτθὸν ἀποκλίνασα καρήατα λέχριος εὕδει.,τυτθὸν ἀποκλίνασα καρήατα λέχριος εὕδει.,tlg0533.tlg018.perseus-grc3.xml
Hymn to Delos,tlg018,1,237,οὐδέ ποτε ζώνην ἀναλύεται οὐδὲ ταχείας,οὐδέ ποτε ζώνην ἀναλύεται οὐδὲ ταχείας,tlg0533.tlg018.perseus-grc3.xml
Hymn to Delos,tlg018,1,238,"ἐνδρομίδας, μή οἵ τι καὶ αἰφνίδιον ἔπος εἴπῃ","ἐνδρομίδας, μή οἵ τι καὶ αἰφνίδιον ἔπος εἴπῃ",tlg0533.tlg018.perseus-grc3.xml
Hymn to Delos,tlg018,1,239,δεσπότις. ἡ δʼ ἀλεγεινὸν ἀλαστήσασα προσηύδα,δεσπότις. ἡ δ’ ἀλεγεινὸν ἀλαστήσασα προσηύδα,tlg0533.tlg018.perseus-grc3.xml
Hymn to Delos,tlg018,1,240,"οὕτω νῦν, ὦ Ζηνὸς ὀνείδεα, καὶ γαμέοισθε","οὕτω νῦν, ὦ Ζηνὸς ὀνείδεα, καὶ γαμέοισθε",tlg0533.tlg018.perseus-grc3.xml
Hymn to Delos,tlg018,1,241,"λάθρια καὶ τίκτοιτε κεκρυμμένα, μηδʼ ὅθι δειλαὶ","λάθρια καὶ τίκτοιτε κεκρυμμένα, μηδ’ ὅθι δειλαὶ",tlg0533.tlg018.perseus-grc3.xml
Hymn to Delos,tlg018,1,242,"δυστοκέες μογέουσιν ἀλετρίδες, ἀλλʼ ὅθι φῶκαι","δυστοκέες μογέουσιν ἀλετρίδες, ἀλλ’ ὅθι φῶκαι",tlg0533.tlg018.perseus-grc3.xml
Hymn to Delos,tlg018,1,243,"εἰνάλιαι τίκτουσιν, ἐνὶ σπιλάδεσσιν ἐρήμοις.","εἰνάλιαι τίκτουσιν, ἐνὶ σπιλάδεσσιν ἐρήμοις.",tlg0533.tlg018.perseus-grc3.xml
Hymn to Delos,tlg018,1,244,Ἀστερίῃ δʼ οὐδέν τι βαρύνομαι εἵνεκα τῆσδε,Ἀστερίῃ δ’ οὐδέν τι βαρύνομαι εἵνεκα τῆσδε,tlg0533.tlg018.perseus-grc3.xml
Hymn to Delos,tlg018,1,245,"ἀμπλακίης, οὐδʼ ἔστιν ὅπως ἀποθύμια ῥέξω,","ἀμπλακίης, οὐδ’ ἔστιν ὅπως ἀποθύμια ῥέξω,",tlg0533.tlg018.perseus-grc3.xml
Hymn to Delos,tlg018,1,246,τόσσα δέοι μάλα γάρ τε κακῶς ἐχαρίσσατο Λητοῖ·,τόσσα δέοι μάλα γάρ τε κακῶς ἐχαρίσσατο Λητοῖ·,tlg0533.tlg018.perseus-grc3.xml
Hymn to Delos,tlg018,1,247,"ἀλλά μιν ἔκπαγλόν τι σεβίζομαι, οὕνεκʼ ἐμεῖο","ἀλλά μιν ἔκπαγλόν τι σεβίζομαι, οὕνεκ’ ἐμεῖο",tlg0533.tlg018.perseus-grc3.xml
Hymn to Delos,tlg018,1,248,"δέμνιον οὐκ ἐπάτησε, Διὸς δʼ ἀνθείλετο πόντον.","δέμνιον οὐκ ἐπάτησε, Διὸς δ’ ἀνθείλετο πόντον.",tlg0533.tlg018.perseus-grc3.xml
Hymn to Delos,tlg018,1,249,ἡ μὲν ἔφη· κύκνοι δὲ θεοῦ μέλποντες ἀοιδοὶ,ἡ μὲν ἔφη· κύκνοι δὲ θεοῦ μέλποντες ἀοιδοὶ,tlg0533.tlg018.perseus-grc3.xml
Hymn to Delos,tlg018,1,250,Μῃόνιον Πακτωλὸν ἐκυκλώσαντο λιπόντες,Μῃόνιον Πακτωλὸν ἐκυκλώσαντο λιπόντες,tlg0533.tlg018.perseus-grc3.xml
Hymn to Delos,tlg018,1,251,"ἑβδομάκις περὶ Δῆλον, ἐπήεισαν δὲ λοχείῃ","ἑβδομάκις περὶ Δῆλον, ἐπήεισαν δὲ λοχείῃ",tlg0533.tlg018.perseus-grc3.xml
Hymn to Delos,tlg018,1,252,"Μουσάων ὄρνιθες, ἀοιδότατοι πετεηνῶν·","Μουσάων ὄρνιθες, ἀοιδότατοι πετεηνῶν·",tlg0533.tlg018.perseus-grc3.xml
Hymn to Delos,tlg018,1,253,ἔνθεν ὁ παῖς τοσσάσδε λύρῃ ἐνεδήσατο χορδὰς,ἔνθεν ὁ παῖς τοσσάσδε λύρῃ ἐνεδήσατο χορδὰς,tlg0533.tlg018.perseus-grc3.xml
Hymn to Delos,tlg018,1,254,"ὕστερον, ὁσσάκι κύκνοι ἐπʼ ὠδίνεσσιν ἄεισαν.","ὕστερον, ὁσσάκι κύκνοι ἐπ’ ὠδίνεσσιν ἄεισαν.",tlg0533.tlg018.perseus-grc3.xml
Hymn to Delos,tlg018,1,255,"ὄγδοον οὐκέτʼ ἄεισαν, ὁ δʼ ἔκθορεν, αἱ δʼ ἐπὶ μακρὸν","ὄγδοον οὐκέτ’ ἄεισαν, ὁ δ’ ἔκθορεν, αἱ δ’ ἐπὶ μακρὸν",tlg0533.tlg018.perseus-grc3.xml
Hymn to Delos,tlg018,1,256,"νύμφαι Δηλιάδες, ποταμοῦ γένος ἀρχαίοιο,","νύμφαι Δηλιάδες, ποταμοῦ γένος ἀρχαίοιο,",tlg0533.tlg018.perseus-grc3.xml
Hymn to Delos,tlg018,1,257,"εἶπαν Ἐλειθυίης ἱερὸν μέλος, αὐτίκα δʼ αἰθὴρ","εἶπαν Ἐλειθυίης ἱερὸν μέλος, αὐτίκα δ’ αἰθὴρ",tlg0533.tlg018.perseus-grc3.xml
Hymn to Delos,tlg018,1,258,"χάλκεος ἀντήχησε διαπρυσίην ὀλολυγήν,","χάλκεος ἀντήχησε διαπρυσίην ὀλολυγήν,",tlg0533.tlg018.perseus-grc3.xml
Hymn to Delos,tlg018,1,259,"οὐδʼ Ἥρη νεμέσησεν, ἐπεὶ χόλον ἐξέλετο Ζεύς.","οὐδ’ Ἥρη νεμέσησεν, ἐπεὶ χόλον ἐξέλετο Ζεύς.",tlg0533.tlg018.perseus-grc3.xml
Hymn to Delos,tlg018,1,260,"χρύσεά τοι τότε πάντα θεμείλια γείνετο, Δῆλε,","χρύσεά τοι τότε πάντα θεμείλια γείνετο, Δῆλε,",tlg0533.tlg018.perseus-grc3.xml
Hymn to Delos,tlg018,1,261,"χρυσῷ δὲ τροχόεσσα πανήμερος ἔρρεε λίμνη,","χρυσῷ δὲ τροχόεσσα πανήμερος ἔρρεε λίμνη,",tlg0533.tlg018.perseus-grc3.xml
Hymn to Delos,tlg018,1,262,"χρύσειον δʼ ἐκόμησε γενέθλιον ἔρνος ἐλαίης,","χρύσειον δ’ ἐκόμησε γενέθλιον ἔρνος ἐλαίης,",tlg0533.tlg018.perseus-grc3.xml
Hymn to Delos,tlg018,1,263,χρυσῷ δὲ πλήμυρε βαθὺς Ἰνωπὸς ἑλιχθείς.,χρυσῷ δὲ πλήμυρε βαθὺς Ἰνωπὸς ἑλιχθείς.,tlg0533.tlg018.perseus-grc3.xml
Hymn to Delos,tlg018,1,264,"αὐτὴ δὲ χρυσέοιο ἀπʼ οὔδεος εἵλεο παῖδα,","αὐτὴ δὲ χρυσέοιο ἀπ’ οὔδεος εἵλεο παῖδα,",tlg0533.tlg018.perseus-grc3.xml
Hymn to Delos,tlg018,1,265,"ἐν δʼ ἐβάλευ κόλποισιν, ἔπος δʼ ἐφθέγξαο τοῖον·","ἐν δ’ ἐβάλευ κόλποισιν, ἔπος δ’ ἐφθέγξαο τοῖον·",tlg0533.tlg018.perseus-grc3.xml
Hymn to Delos,tlg018,1,266,"ᾦ μεγάλη πολύβωμε πολύπτολι πολλὰ φέρουσα,","ᾦ μεγάλη πολύβωμε πολύπτολι πολλὰ φέρουσα,",tlg0533.tlg018.perseus-grc3.xml
Hymn to Delos,tlg018,1,267,πίονες ἤπειροί τε καὶ αἳ περιναίετε νῆσοι·,πίονες ἤπειροί τε καὶ αἳ περιναίετε νῆσοι·,tlg0533.tlg018.perseus-grc3.xml
Hymn to Delos,tlg018,1,268,"αὐτὴ ἐγὼ τοιήδε, δυσήροτος, ἀλλʼ ἀπʼ ἐμεῖο","αὐτὴ ἐγὼ τοιήδε, δυσήροτος, ἀλλ’ ἀπ’ ἐμεῖο",tlg0533.tlg018.perseus-grc3.xml
Hymn to Delos,tlg018,1,269,"Δήλιος Απόλλων κεκλήσεται, οὐδέ τις ἄλλη","Δήλιος Απόλλων κεκλήσεται, οὐδέ τις ἄλλη",tlg0533.tlg018.perseus-grc3.xml
Hymn to Delos,tlg018,1,270,"γαιάων τοσσόνδε θεῷ πεφιλήσεται ἄλλῳ,","γαιάων τοσσόνδε θεῷ πεφιλήσεται ἄλλῳ,",tlg0533.tlg018.perseus-grc3.xml
Hymn to Delos,tlg018,1,271,"οὐ Κερχνὶς κρείοντι Ποσειδάωνι Λεχαίῳ,","οὐ Κερχνὶς κρείοντι Ποσειδάωνι Λεχαίῳ,",tlg0533.tlg018.perseus-grc3.xml
Hymn to Delos,tlg018,1,272,"οὐ πάγος Ἑρμείῃ Κυλλήνιος, οὐ Διὶ Κρήτη,","οὐ πάγος Ἑρμείῃ Κυλλήνιος, οὐ Διὶ Κρήτη,",tlg0533.tlg018.perseus-grc3.xml
Hymn to Delos,tlg018,1,273,ὡς ἐγὼ Ἀπόλλωνι· καὶ ἔσσομαι οὐκέτι πλαγκτή.,ὡς ἐγὼ Ἀπόλλωνι· καὶ ἔσσομαι οὐκέτι πλαγκτή.,tlg0533.tlg018.perseus-grc3.xml
Hymn to Delos,tlg018,1,274,ὧδε σὺ μὲν κατέλεξας· ὁ δὲ γλυκὺν ἔσπασε μαζόν.,ὧδε σὺ μὲν κατέλεξας· ὁ δὲ γλυκὺν ἔσπασε μαζόν.,tlg0533.tlg018.perseus-grc3.xml
Hymn to Delos,tlg018,1,275,τῶ καὶ νησάων ἁγιωτάτη ἐξέτι κεἰνου,τῶ καὶ νησάων ἁγιωτάτη ἐξέτι κεἰνου,tlg0533.tlg018.perseus-grc3.xml
Hymn to Delos,tlg018,1,276,"κλἠζῃ, Ἀπόλλωνος κουροτρόφος· οὐδέ σʼ Ἐνυὼ","κλἠζῃ, Ἀπόλλωνος κουροτρόφος· οὐδέ σ’ Ἐνυὼ",tlg0533.tlg018.perseus-grc3.xml
Hymn to Delos,tlg018,1,277,οὐδʼ Ἀίδης οὐδʼ ἵπποι ἐπιστείβουσιν Ἄρηος·,οὐδ’ Ἀίδης οὐδ’ ἵπποι ἐπιστείβουσιν Ἄρηος·,tlg0533.tlg018.perseus-grc3.xml
Hymn to Delos,tlg018,1,278,ἀλλά τοι ἀμφιετεῖς δεκατηφόροι αἰὲν ἀπαρχαὶ,ἀλλά τοι ἀμφιετεῖς δεκατηφόροι αἰὲν ἀπαρχαὶ,tlg0533.tlg018.perseus-grc3.xml
Hymn to Delos,tlg018,1,279,"πέμπονται, πᾶσαι δὲ χοροὺς ἀνάγουσι πόληες,","πέμπονται, πᾶσαι δὲ χοροὺς ἀνάγουσι πόληες,",tlg0533.tlg018.perseus-grc3.xml
Hymn to Delos,tlg018,1,280,αἵ τε πρὸς ἠοίην αἵ θʼ ἕσπερον αἵ τʼ ἀνὰ μέσσην,αἵ τε πρὸς ἠοίην αἵ θ’ ἕσπερον αἵ τ’ ἀνὰ μέσσην,tlg0533.tlg018.perseus-grc3.xml
Hymn to Delos,tlg018,1,281,"κλήρονς ἐστήσαντο, καὶ οἳ καθύπερθε βορείης","κλήρονς ἐστήσαντο, καὶ οἳ καθύπερθε βορείης",tlg0533.tlg018.perseus-grc3.xml
Hymn to Delos,tlg018,1,282,"οἰκία θινὸς ἔχουσι, πολυχρνιώτατον αἷμα.","οἰκία θινὸς ἔχουσι, πολυχρνιώτατον αἷμα.",tlg0533.tlg018.perseus-grc3.xml
Hymn to Delos,tlg018,1,283,οἱ μέν τοι καλάμην τε καὶ ἱερὰ δράγματα πρῶτοι,οἱ μέν τοι καλάμην τε καὶ ἱερὰ δράγματα πρῶτοι,tlg0533.tlg018.perseus-grc3.xml
Hymn to Delos,tlg018,1,284,ἀσταχύων φορέουσιν· ἃ Δωδώνηθι Πελασγοὶ,ἀσταχύων φορέουσιν· ἃ Δωδώνηθι Πελασγοὶ,tlg0533.tlg018.perseus-grc3.xml
Hymn to Delos,tlg018,1,285,"τηλόθεν ἐκβαίνοντα πολὺ πρώτιστα δέχονται,","τηλόθεν ἐκβαίνοντα πολὺ πρώτιστα δέχονται,",tlg0533.tlg018.perseus-grc3.xml
Hymn to Delos,tlg018,1,286,γηλεχέες θεράποντες ἀσιγήτοιο λέβητος·,γηλεχέες θεράποντες ἀσιγήτοιο λέβητος·,tlg0533.tlg018.perseus-grc3.xml
Hymn to Delos,tlg018,1,287,δεύτερον Ἱερὸν ἄστυ καὶ οὔτεα Μηλίδος αἴης,δεύτερον Ἱερὸν ἄστυ καὶ οὔτεα Μηλίδος αἴης,tlg0533.tlg018.perseus-grc3.xml
Hymn to Delos,tlg018,1,288,ἔρχονται· κεῖθεν δὲ διαπλώουσιν Ἀβάντων,ἔρχονται· κεῖθεν δὲ διαπλώουσιν Ἀβάντων,tlg0533.tlg018.perseus-grc3.xml
Hymn to Delos,tlg018,1,289,εἰς ἀγαθὸν πεδίον Ληλάντιον· οὐδʼ ἔτι μακρὸς,εἰς ἀγαθὸν πεδίον Ληλάντιον· οὐδ’ ἔτι μακρὸς,tlg0533.tlg018.perseus-grc3.xml
Hymn to Delos,tlg018,1,290,"ὁ πλόος Εὐβοίηθεν, ἐπεὶ σέο γείτονες ὅρμοι.","ὁ πλόος Εὐβοίηθεν, ἐπεὶ σέο γείτονες ὅρμοι.",tlg0533.tlg018.perseus-grc3.xml
Hymn to Delos,tlg018,1,291,πρῶταί τοι τάδʼ ἔνεικαν ἀπὸ ξανθῶν Ἀριμασπῶν,πρῶταί τοι τάδ’ ἔνεικαν ἀπὸ ξανθῶν Ἀριμασπῶν,tlg0533.tlg018.perseus-grc3.xml
Hymn to Delos,tlg018,1,292,"Οὖπίς τε Λοξώ τε καὶ εὐαίων Ἑκαέργη,","Οὖπίς τε Λοξώ τε καὶ εὐαίων Ἑκαέργη,",tlg0533.tlg018.perseus-grc3.xml
Hymn to Delos,tlg018,1,293,"θυγατέρες Βορέαο, καὶ ἄρσενες οἱ τότʼ ἄριστοι","θυγατέρες Βορέαο, καὶ ἄρσενες οἱ τότ’ ἄριστοι",tlg0533.tlg018.perseus-grc3.xml
Hymn to Delos,tlg018,1,294,"ἠιθέων· οὐδʼ οἵ γε παλιμπετὲς οἴκαδʼ ἵκοντο,","ἠιθέων· οὐδ’ οἵ γε παλιμπετὲς οἴκαδ’ ἵκοντο,",tlg0533.tlg018.perseus-grc3.xml
Hymn to Delos,tlg018,1,295,"εὔμοιροι δʼ ἐγένοντο, καὶ ἀκλέες οὔποτʼ ἐκεῖνοι.","εὔμοιροι δ’ ἐγένοντο, καὶ ἀκλέες οὔποτ’ ἐκεῖνοι.",tlg0533.tlg018.perseus-grc3.xml
Hymn to Delos,tlg018,1,296,"ἦ τοι Δηλιάδες μέν, ὅτʼ εὐήχης ὑμέναιος","ἦ τοι Δηλιάδες μέν, ὅτ’ εὐήχης ὑμέναιος",tlg0533.tlg018.perseus-grc3.xml
Hymn to Delos,tlg018,1,297,"ἤθεα κουράων μορμύσσεται, ἥλικα χαίτην","ἤθεα κουράων μορμύσσεται, ἥλικα χαίτην",tlg0533.tlg018.perseus-grc3.xml
Hymn to Delos,tlg018,1,298,"παρθενικαῖς, παῖδες δὲ θέρος τὸ πρῶτον ἰούλων","παρθενικαῖς, παῖδες δὲ θέρος τὸ πρῶτον ἰούλων",tlg0533.tlg018.perseus-grc3.xml
Hymn to Delos,tlg018,1,299,ἄρσενες ἠιθέοισιν ἀπαρχόμενοι φορέουσιν.,ἄρσενες ἠιθέοισιν ἀπαρχόμενοι φορέουσιν.,tlg0533.tlg018.perseus-grc3.xml
Hymn to Delos,tlg018,1,300,"Ἀστερίη θυόεσσα, σὲ μὲν περί τʼ ἀμφί τε νῆσοι","Ἀστερίη θυόεσσα, σὲ μὲν περί τ’ ἀμφί τε νῆσοι",tlg0533.tlg018.perseus-grc3.xml
Hymn to Delos,tlg018,1,301,κύκλον ἐποιήσαντο καὶ ὡς χορὸν ἀμφεβάλοντο·,κύκλον ἐποιήσαντο καὶ ὡς χορὸν ἀμφεβάλοντο·,tlg0533.tlg018.perseus-grc3.xml
Hymn to Delos,tlg018,1,302,οὔτε σιωπηλὴν οὔτʼ ἄψοφον οὖλος ἐθείραις,οὔτε σιωπηλὴν οὔτ’ ἄψοφον οὖλος ἐθείραις,tlg0533.tlg018.perseus-grc3.xml
Hymn to Delos,tlg018,1,303,"ἕσπερος, ἀλλʼ αἰεί σε καταβλέπει ἀμφιβόητον.","ἕσπερος, ἀλλ’ αἰεί σε καταβλέπει ἀμφιβόητον.",tlg0533.tlg018.perseus-grc3.xml
Hymn to Delos,tlg018,1,304,"οἱ μὲν ὑπαείδουσι νόμον Λυκίοιο γέροντος,","οἱ μὲν ὑπαείδουσι νόμον Λυκίοιο γέροντος,",tlg0533.tlg018.perseus-grc3.xml
Hymn to Delos,tlg018,1,305,ὅν τοι ἀπὸ Ξάνθοιο θεοπρόπος ἤγαγεν Ὠλήν·,ὅν τοι ἀπὸ Ξάνθοιο θεοπρόπος ἤγαγεν Ὠλήν·,tlg0533.tlg018.perseus-grc3.xml
Hymn to Delos,tlg018,1,306,αἱ δὲ ποδὶ πλήσσουσι χορίτιδες ἀσφαλἐς οὖδας.,αἱ δὲ ποδὶ πλήσσουσι χορίτιδες ἀσφαλἐς οὖδας.,tlg0533.tlg018.perseus-grc3.xml
Hymn to Delos,tlg018,1,307,δὴ τότε καὶ στεφάνοισι βαρύνεται ἱρὸν ἄγαλμα,δὴ τότε καὶ στεφάνοισι βαρύνεται ἱρὸν ἄγαλμα,tlg0533.tlg018.perseus-grc3.xml
Hymn to Delos,tlg018,1,308,"Κύπριδος ἀρχαίης ἀριήκοον, ἥν ποτε Θησεὺς","Κύπριδος ἀρχαίης ἀριήκοον, ἥν ποτε Θησεὺς",tlg0533.tlg018.perseus-grc3.xml
Hymn to Delos,tlg018,1,309,"εἵσατο σὺν παίδεσσιν, ὅτε Κρήτηθεν ἀνέπλει.","εἵσατο σὺν παίδεσσιν, ὅτε Κρήτηθεν ἀνέπλει.",tlg0533.tlg018.perseus-grc3.xml
Hymn to Delos,tlg018,1,310,οἳ χαλεπὸν μύκημα καὶ ἄγριον υἷα φυγόντες,οἳ χαλεπὸν μύκημα καὶ ἄγριον υἷα φυγόντες,tlg0533.tlg018.perseus-grc3.xml
Hymn to Delos,tlg018,1,311,"Πασιφάης καὶ γναμπτὸν ἕδος σκολιοῦ λαβυρίνθου,","Πασιφάης καὶ γναμπτὸν ἕδος σκολιοῦ λαβυρίνθου,",tlg0533.tlg018.perseus-grc3.xml
Hymn to Delos,tlg018,1,312,"πότνια, σὸν περὶ βωμὸν ἐγειρομένου κιθαρισμοῦ","πότνια, σὸν περὶ βωμὸν ἐγειρομένου κιθαρισμοῦ",tlg0533.tlg018.perseus-grc3.xml
Hymn to Delos,tlg018,1,313,"κύκλιον ὠρχήσαντο, χοροῦ δʼ ἡγήσατο Θησεύς.","κύκλιον ὠρχήσαντο, χοροῦ δ’ ἡγήσατο Θησεύς.",tlg0533.tlg018.perseus-grc3.xml
Hymn to Delos,tlg018,1,314,ἔνθεν ἀειζώοντα θεωρίδος ἱερὰ Φοίβῳ,ἔνθεν ἀειζώοντα θεωρίδος ἱερὰ Φοίβῳ,tlg0533.tlg018.perseus-grc3.xml
Hymn to Delos,tlg018,1,315,"Κεκροπίδαι πέμπουσι, τοπήια νηὸς ἐκείνης.","Κεκροπίδαι πέμπουσι, τοπήια νηὸς ἐκείνης.",tlg0533.tlg018.perseus-grc3.xml
Hymn to Delos,tlg018,1,316,"Ἀστερίη πολύβωμε πολύλλιτε, τίς δέ σε ναύτης","Ἀστερίη πολύβωμε πολύλλιτε, τίς δέ σε ναύτης",tlg0533.tlg018.perseus-grc3.xml
Hymn to Delos,tlg018,1,317,ἔμπορος Αἰγαίοιο παρήλυθε νηὶ θεούσῃ;,ἔμπορος Αἰγαίοιο παρήλυθε νηὶ θεούσῃ;,tlg0533.tlg018.perseus-grc3.xml
Hymn to Delos,tlg018,1,318,"οὐχ οὕτω μεγάλοι μιν ἐπιπνείουσιν ἀῆται,","οὐχ οὕτω μεγάλοι μιν ἐπιπνείουσιν ἀῆται,",tlg0533.tlg018.perseus-grc3.xml
Hymn to Delos,tlg018,1,319,"χρειὼ δʼ ὅττι τάχιστον ἄγει πλόον, ἀλλὰ τὰ λαίφη","χρειὼ δ’ ὅττι τάχιστον ἄγει πλόον, ἀλλὰ τὰ λαίφη",tlg0533.tlg018.perseus-grc3.xml
Hymn to Delos,tlg018,1,320,"ὠκέες ἐστείλαντο καὶ οὐ πάλιν αὖτις ἔβησαν,","ὠκέες ἐστείλαντο καὶ οὐ πάλιν αὖτις ἔβησαν,",tlg0533.tlg018.perseus-grc3.xml
Hymn to Delos,tlg018,1,321,πρὶν μέγαν ἢ σέο βωμὸν ὑπὸ πληγῇσιν ἑλίξαι,πρὶν μέγαν ἢ σέο βωμὸν ὑπὸ πληγῇσιν ἑλίξαι,tlg0533.tlg018.perseus-grc3.xml
Hymn to Delos,tlg018,1,322,ῥησσόμενον καὶ πρέμνον ὀδακτάσαι ἁγνὸν ἐλαίης,ῥησσόμενον καὶ πρέμνον ὀδακτάσαι ἁγνὸν ἐλαίης,tlg0533.tlg018.perseus-grc3.xml
Hymn to Delos,tlg018,1,323,χεῖρας ἀποστρέψαντας· ἃ Δηλιὰς εὕρετο νύμφη,χεῖρας ἀποστρέψαντας· ἃ Δηλιὰς εὕρετο νύμφη,tlg0533.tlg018.perseus-grc3.xml
Hymn to Delos,tlg018,1,324,παίγνια κουρίζοντι καὶ Ἀπόλλωνι γελαστύν.,παίγνια κουρίζοντι καὶ Ἀπόλλωνι γελαστύν.,tlg0533.tlg018.perseus-grc3.xml
Hymn to Delos,tlg018,1,325,"ἱστίη ὦ νήσων εὐέστιε, χαῖρε μὲν αὐτή,","ἱστίη ὦ νήσων εὐέστιε, χαῖρε μὲν αὐτή,",tlg0533.tlg018.perseus-grc3.xml
Hymn to Delos,tlg018,1,326,χαίροι δʼ Ἀπόλλων τε καὶ ἣν ἐλοχεύσατο Λητώ.,χαίροι δ’ Ἀπόλλων τε καὶ ἣν ἐλοχεύσατο Λητώ.,tlg0533.tlg018.perseus-grc3.xml
Hymn to Demeter,tlg020,1,1,"τῶ καλάθω κατιόντος ἐπιφθέγξασθε, γυναῖκες,","τῶ καλάθω κατιόντος ἐπιφθέγξασθε, γυναῖκες,",tlg0533.tlg020.perseus-grc3.xml
Hymn to Demeter,tlg020,1,2,Δάματερ μέγα χαῖρε πολυτρόφε πουλυμέδιμνε.,Δάματερ μέγα χαῖρε πολυτρόφε πουλυμέδιμνε.,tlg0533.tlg020.perseus-grc3.xml
Hymn to Demeter,tlg020,1,3,"τὸν κάλαθον κατιόντα χαμαὶ θασεῖσθε βέβαλοι,","τὸν κάλαθον κατιόντα χαμαὶ θασεῖσθε βέβαλοι,",tlg0533.tlg020.perseus-grc3.xml
Hymn to Demeter,tlg020,1,4,μηδʼ ἀπὸ τῶ τέγεος μηδʼ ὑψόθεν αὐγάσσησθε,μηδ’ ἀπὸ τῶ τέγεος μηδ’ ὑψόθεν αὐγάσσησθε,tlg0533.tlg020.perseus-grc3.xml
Hymn to Demeter,tlg020,1,5,"μὴ παῖς μηδὲ γυνὰ μηδʼ ἃ κατεχεύατο χαίταν,","μὴ παῖς μηδὲ γυνὰ μηδ’ ἃ κατεχεύατο χαίταν,",tlg0533.tlg020.perseus-grc3.xml
Hymn to Demeter,tlg020,1,6,μηδʼ ὅκʼ ἀφʼ αὑαλέων στομάτων πτύωμες ἄπαστοι.,μηδ’ ὅκ’ ἀφ’ αὑαλέων στομάτων πτύωμες ἄπαστοι.,tlg0533.tlg020.perseus-grc3.xml
Hymn to Demeter,tlg020,1,7,"ἕσπερος ἐκ νεφέων ἐσκέψατο πανίκα νεῖται,","ἕσπερος ἐκ νεφέων ἐσκέψατο πανίκα νεῖται,",tlg0533.tlg020.perseus-grc3.xml
Hymn to Demeter,tlg020,1,8,"ἕσπερος, ὅστε πιεῖν Δαμάτερα μῶνος ἔπεισεν,","ἕσπερος, ὅστε πιεῖν Δαμάτερα μῶνος ἔπεισεν,",tlg0533.tlg020.perseus-grc3.xml
Hymn to Demeter,tlg020,1,9,ἁρπαγίμας ὅκʼ ἄπυστα μετέστιχεν ἴχνια κώρας.,ἁρπαγίμας ὅκ’ ἄπυστα μετέστιχεν ἴχνια κώρας.,tlg0533.tlg020.perseus-grc3.xml
Hymn to Demeter,tlg020,1,10,"πότνια, πῶς σε δύναντο πόδες φέρεν ἔστʼ ἐπὶ δυθμάς,","πότνια, πῶς σε δύναντο πόδες φέρεν ἔστ’ ἐπὶ δυθμάς,",tlg0533.tlg020.perseus-grc3.xml
Hymn to Demeter,tlg020,1,11,ἔστʼ ἐπὶ τὼς μέλανας καὶ ὅπα τὰ χρύσεα μᾶλα;,ἔστ’ ἐπὶ τὼς μέλανας καὶ ὅπα τὰ χρύσεα μᾶλα;,tlg0533.tlg020.perseus-grc3.xml
Hymn to Demeter,tlg020,1,12,οὐ πίες οὔτʼ ἄρʼ ἔδες τῆνον χρόνον οὐδὲ λοέσσα.,οὐ πίες οὔτ’ ἄρ’ ἔδες τῆνον χρόνον οὐδὲ λοέσσα.,tlg0533.tlg020.perseus-grc3.xml
Hymn to Demeter,tlg020,1,13,"τρὶς μὲν δὴ διέβας Ἀχελώιον ἀργυροδίναν,","τρὶς μὲν δὴ διέβας Ἀχελώιον ἀργυροδίναν,",tlg0533.tlg020.perseus-grc3.xml
Hymn to Demeter,tlg020,1,14,"τοσσάκι δʼ ἀενάων ποταμῶν ἐπέρασας ἕκαστον,","τοσσάκι δ’ ἀενάων ποταμῶν ἐπέρασας ἕκαστον,",tlg0533.tlg020.perseus-grc3.xml
Hymn to Demeter,tlg020,1,15,τρὶς δʼ ἐπὶ Καλλιχόρῳ χαμάδις ἐκαθίσσαο φρητί,τρὶς δ’ ἐπὶ Καλλιχόρῳ χαμάδις ἐκαθίσσαο φρητί,tlg0533.tlg020.perseus-grc3.xml
Hymn to Demeter,tlg020,1,16,αὐσταλέα ἄποτός τε καὶ οὐ φάγες οὐδὲ λοέσσα.,αὐσταλέα ἄποτός τε καὶ οὐ φάγες οὐδὲ λοέσσα.,tlg0533.tlg020.perseus-grc3.xml
Hymn to Demeter,tlg020,1,17,μὴ μὴ ταῦτα λέγωμες ἃ δάκρυον ἄγαγε Δηοῖ·,μὴ μὴ ταῦτα λέγωμες ἃ δάκρυον ἄγαγε Δηοῖ·,tlg0533.tlg020.perseus-grc3.xml
Hymn to Demeter,tlg020,1,18,"κάλλιον, ὡς πολίεσσιν ἑαδότα τέθμια δῶκε·","κάλλιον, ὡς πολίεσσιν ἑαδότα τέθμια δῶκε·",tlg0533.tlg020.perseus-grc3.xml
Hymn to Demeter,tlg020,1,19,"κάλλιον, ὡς καλάμαν τε καὶ ἱερὰ δράγματα πράτα","κάλλιον, ὡς καλάμαν τε καὶ ἱερὰ δράγματα πράτα",tlg0533.tlg020.perseus-grc3.xml
Hymn to Demeter,tlg020,1,20,"ἀσταχύων ἀπέκοψε καὶ ἐν βόας ἧκε πατῆσαι,","ἀσταχύων ἀπέκοψε καὶ ἐν βόας ἧκε πατῆσαι,",tlg0533.tlg020.perseus-grc3.xml
Hymn to Demeter,tlg020,1,21,ἁνίκα Τριπτόλεμος ἀγαθὰν ἐδιδάσκετο τέχναν·,ἁνίκα Τριπτόλεμος ἀγαθὰν ἐδιδάσκετο τέχναν·,tlg0533.tlg020.perseus-grc3.xml
Hymn to Demeter,tlg020,1,22,"κάλλιον, ὡς, ἵνα καί τις ὑπερβασίας ἀλέηται,","κάλλιον, ὡς, ἵνα καί τις ὑπερβασίας ἀλέηται,",tlg0533.tlg020.perseus-grc3.xml
Hymn to Demeter,tlg020,1,23,π ἰδέσθαι,π ἰδέσθαι,tlg0533.tlg020.perseus-grc3.xml
Hymn to Demeter,tlg020,1,24,"οὔπω τὰν Κνιδίαν, ἔτι Δώτιον ἱρὸν ἔναιον,","οὔπω τὰν Κνιδίαν, ἔτι Δώτιον ἱρὸν ἔναιον,",tlg0533.tlg020.perseus-grc3.xml
Hymn to Demeter,tlg020,1,25,τὶν δʼ αὐτᾷ καλὸν ἄλσος ἐποιήσαντο Πελασγοὶ,τὶν δ’ αὐτᾷ καλὸν ἄλσος ἐποιήσαντο Πελασγοὶ,tlg0533.tlg020.perseus-grc3.xml
Hymn to Demeter,tlg020,1,26,δένδρεσιν ἀμφιλαές· διά κεν μόλις ἦνθεν ὀιστός·,δένδρεσιν ἀμφιλαές· διά κεν μόλις ἦνθεν ὀιστός·,tlg0533.tlg020.perseus-grc3.xml
Hymn to Demeter,tlg020,1,27,"ἐν πίτυς, ἐν μεγάλαι πτελέαι ἔσαν, ἐν δὲ καὶ ὄχναι,","ἐν πίτυς, ἐν μεγάλαι πτελέαι ἔσαν, ἐν δὲ καὶ ὄχναι,",tlg0533.tlg020.perseus-grc3.xml
Hymn to Demeter,tlg020,1,28,ἐν δὲ καλὰ γλυκύμαλα· τὸ δʼ ὥστʼ ἀλέκτρινον ὕδωρ,ἐν δὲ καλὰ γλυκύμαλα· τὸ δ’ ὥστ’ ἀλέκτρινον ὕδωρ,tlg0533.tlg020.perseus-grc3.xml
Hymn to Demeter,tlg020,1,29,ἐξ ἀμαρᾶν ἀνέθυε. θεὰ δʼ ἐπεμαίνετο χώρῳ,ἐξ ἀμαρᾶν ἀνέθυε. θεὰ δ’ ἐπεμαίνετο χώρῳ,tlg0533.tlg020.perseus-grc3.xml
Hymn to Demeter,tlg020,1,30,"ὅσσον Ἐλευσῖνι, Τριόπῳ θʼ ὅσον, ὁκκόσον Ἔννᾳ.","ὅσσον Ἐλευσῖνι, Τριόπῳ θ’ ὅσον, ὁκκόσον Ἔννᾳ.",tlg0533.tlg020.perseus-grc3.xml
Hymn to Demeter,tlg020,1,31,"ἀλλʼ ὅκα Τριοπίδαισιν ὁ δεξιὸς ἄχθετο δαίμων,","ἀλλ’ ὅκα Τριοπίδαισιν ὁ δεξιὸς ἄχθετο δαίμων,",tlg0533.tlg020.perseus-grc3.xml
Hymn to Demeter,tlg020,1,32,τουτάκις ἁ χείρων Ἐρυσίχθονος ἅψατο βωλά·,τουτάκις ἁ χείρων Ἐρυσίχθονος ἅψατο βωλά·,tlg0533.tlg020.perseus-grc3.xml
Hymn to Demeter,tlg020,1,33,"σεύατʼ ἔχων θεράποντας ἐείκοσι, πάντας ἐν ἀκμᾷ,","σεύατ’ ἔχων θεράποντας ἐείκοσι, πάντας ἐν ἀκμᾷ,",tlg0533.tlg020.perseus-grc3.xml
Hymn to Demeter,tlg020,1,34,"πάντας δʼ ἀνδρογίγαντας ὅλαν πόλιν ἀρκίος ἆραι,","πάντας δ’ ἀνδρογίγαντας ὅλαν πόλιν ἀρκίος ἆραι,",tlg0533.tlg020.perseus-grc3.xml
Hymn to Demeter,tlg020,1,35,"ἀμφότερον πελέκεσσι καὶ ἀξίναισιν ὁπλίσσας,","ἀμφότερον πελέκεσσι καὶ ἀξίναισιν ὁπλίσσας,",tlg0533.tlg020.perseus-grc3.xml
Hymn to Demeter,tlg020,1,36,ἐς δὲ τὸ Δάματρος ἀναιδέες ἔδραμον ἄλσος.,ἐς δὲ τὸ Δάματρος ἀναιδέες ἔδραμον ἄλσος.,tlg0533.tlg020.perseus-grc3.xml
Hymn to Demeter,tlg020,1,37,"ἦς δέ τις αἴγειρος, μέγα δένδρεον αἰθέρι κῦρον,","ἦς δέ τις αἴγειρος, μέγα δένδρεον αἰθέρι κῦρον,",tlg0533.tlg020.perseus-grc3.xml
Hymn to Demeter,tlg020,1,38,"τῷ δʼ ἔπι ταὶ νύμφαι ποτὶ τὤνδιον ἑψιόωντο,","τῷ δ’ ἔπι ταὶ νύμφαι ποτὶ τὤνδιον ἑψιόωντο,",tlg0533.tlg020.perseus-grc3.xml
Hymn to Demeter,tlg020,1,39,ἃ πράτα πλαγεῖσα κακὸν μέλος ἴαχεν ἄλλαις.,ἃ πράτα πλαγεῖσα κακὸν μέλος ἴαχεν ἄλλαις.,tlg0533.tlg020.perseus-grc3.xml
Hymn to Demeter,tlg020,1,40,"ᾄσθετο Δαμάτηρ, ὅτι οἱ ξύλον ἱερὸν ἄλγει,","ᾄσθετο Δαμάτηρ, ὅτι οἱ ξύλον ἱερὸν ἄλγει,",tlg0533.tlg020.perseus-grc3.xml
Hymn to Demeter,tlg020,1,41,εἶπε δὲ χωσαμένα τίς μοι καλὰ δένδρεα κόπτει;,εἶπε δὲ χωσαμένα τίς μοι καλὰ δένδρεα κόπτει;,tlg0533.tlg020.perseus-grc3.xml
Hymn to Demeter,tlg020,1,42,"αὐτίκα Νικίππᾳ, τάν οἱ πόλις ἀράτειραν","αὐτίκα Νικίππᾳ, τάν οἱ πόλις ἀράτειραν",tlg0533.tlg020.perseus-grc3.xml
Hymn to Demeter,tlg020,1,43,"δαμοσίαν ἔστασαν, ἐείσατο, γέντο δὲ χειρὶ","δαμοσίαν ἔστασαν, ἐείσατο, γέντο δὲ χειρὶ",tlg0533.tlg020.perseus-grc3.xml
Hymn to Demeter,tlg020,1,44,"στέμματα καὶ μάκωνα, κατωμαδίαν δʼ ἔχε κλᾷδα.","στέμματα καὶ μάκωνα, κατωμαδίαν δ’ ἔχε κλᾷδα.",tlg0533.tlg020.perseus-grc3.xml
Hymn to Demeter,tlg020,1,45,φᾶ δὲ παραψύχοισα κακὸν καὶ ἀναιδέα φῶτα,φᾶ δὲ παραψύχοισα κακὸν καὶ ἀναιδέα φῶτα,tlg0533.tlg020.perseus-grc3.xml
Hymn to Demeter,tlg020,1,46,"τέκνον, ὅτις τὰ θεοῖσιν ἀνειμένα δένδρεα κόπτεις,","τέκνον, ὅτις τὰ θεοῖσιν ἀνειμένα δένδρεα κόπτεις,",tlg0533.tlg020.perseus-grc3.xml
Hymn to Demeter,tlg020,1,47,"τέκνον ἐλίνυσον, τέκνον πολύθεστε τοκεῦσι,","τέκνον ἐλίνυσον, τέκνον πολύθεστε τοκεῦσι,",tlg0533.tlg020.perseus-grc3.xml
Hymn to Demeter,tlg020,1,48,"παύεο καὶ θεράποντας ἀπότρεπε, μή τι χαλεφθῇ","παύεο καὶ θεράποντας ἀπότρεπε, μή τι χαλεφθῇ",tlg0533.tlg020.perseus-grc3.xml
Hymn to Demeter,tlg020,1,49,"πότνια Δαμάτηρ, τᾶς ἱερὸν ἐκκεραΐζεις.","πότνια Δαμάτηρ, τᾶς ἱερὸν ἐκκεραΐζεις.",tlg0533.tlg020.perseus-grc3.xml
Hymn to Demeter,tlg020,1,50,τὰν δʼ ἄρʼ ὑποβλέψας χαλεπώτερον ἠὲ κυναγὸν,τὰν δ’ ἄρ’ ὑποβλέψας χαλεπώτερον ἠὲ κυναγὸν,tlg0533.tlg020.perseus-grc3.xml
Hymn to Demeter,tlg020,1,51,ὤρεσιν ἐν Τμαρίοισιν ὑποβλέπει ἄνδρα λέαινα,ὤρεσιν ἐν Τμαρίοισιν ὑποβλέπει ἄνδρα λέαινα,tlg0533.tlg020.perseus-grc3.xml
Hymn to Demeter,tlg020,1,52,"ὠμοτόκος, τᾶς φαντὶ πέλειν βλοσυρώτατον ὄμμα,","ὠμοτόκος, τᾶς φαντὶ πέλειν βλοσυρώτατον ὄμμα,",tlg0533.tlg020.perseus-grc3.xml
Hymn to Demeter,tlg020,1,53,"χάζευ, ἔφα, μή τοι πέλεκυν μέγαν ἐν χροΐ πάξω.","χάζευ, ἔφα, μή τοι πέλεκυν μέγαν ἐν χροΐ πάξω.",tlg0533.tlg020.perseus-grc3.xml
Hymn to Demeter,tlg020,1,54,"ταῦτα δʼ ἐμὸν θησεῖ στεγανὸν δόμον, ᾧ ἔνι δαῖτας","ταῦτα δ’ ἐμὸν θησεῖ στεγανὸν δόμον, ᾧ ἔνι δαῖτας",tlg0533.tlg020.perseus-grc3.xml
Hymn to Demeter,tlg020,1,55,αἰὲν ἐμοῖς ἑτάροισιν ἄδην θυμαρέας ἀξῶ.,αἰὲν ἐμοῖς ἑτάροισιν ἄδην θυμαρέας ἀξῶ.,tlg0533.tlg020.perseus-grc3.xml
Hymn to Demeter,tlg020,1,56,"εἶπεν ὁ παῖς, Νέμεσις δὲ κακὰν ἐγράψατο φωνάν.","εἶπεν ὁ παῖς, Νέμεσις δὲ κακὰν ἐγράψατο φωνάν.",tlg0533.tlg020.perseus-grc3.xml
Hymn to Demeter,tlg020,1,57,"Δαμάτηρ δʼ ἄφατόν τι κοτέσσατο, γείνατο δʼ ἁ θεύς·","Δαμάτηρ δ’ ἄφατόν τι κοτέσσατο, γείνατο δ’ ἁ θεύς·",tlg0533.tlg020.perseus-grc3.xml
Hymn to Demeter,tlg020,1,58,"ἴθματα μὲν χέρσω, κεφαλὰ δέ οἱ ἅψατʼ Ὀλύμπω.","ἴθματα μὲν χέρσω, κεφαλὰ δέ οἱ ἅψατ’ Ὀλύμπω.",tlg0533.tlg020.perseus-grc3.xml
Hymn to Demeter,tlg020,1,59,"οἱ μὲν ἄρʼ ἡμιθνῆτες, ἐπεὶ τὰν πότνιαν εἶδον,","οἱ μὲν ἄρ’ ἡμιθνῆτες, ἐπεὶ τὰν πότνιαν εἶδον,",tlg0533.tlg020.perseus-grc3.xml
Hymn to Demeter,tlg020,1,60,ἐξαπίνας ἀπόρουσαν ἐνὶ δρυσὶ χαλκὸν ἀφέντες·,ἐξαπίνας ἀπόρουσαν ἐνὶ δρυσὶ χαλκὸν ἀφέντες·,tlg0533.tlg020.perseus-grc3.xml
Hymn to Demeter,tlg020,1,61,"ἁ δʼ ἄλλως μὲν ἔασεν, ἀναγκαίᾳ γὰρ ἕποντο","ἁ δ’ ἄλλως μὲν ἔασεν, ἀναγκαίᾳ γὰρ ἕποντο",tlg0533.tlg020.perseus-grc3.xml
Hymn to Demeter,tlg020,1,62,"δεσποτικὰν ὑπὸ χεῖρα, βαρὺν δʼ ἀπαμείψατʼ ἄνακτα","δεσποτικὰν ὑπὸ χεῖρα, βαρὺν δ’ ἀπαμείψατ’ ἄνακτα",tlg0533.tlg020.perseus-grc3.xml
Hymn to Demeter,tlg020,1,63,"ναὶ ναί, τεύχεο δῶμα, κύον, κύον, ᾧ ἔνι δαῖτας","ναὶ ναί, τεύχεο δῶμα, κύον, κύον, ᾧ ἔνι δαῖτας",tlg0533.tlg020.perseus-grc3.xml
Hymn to Demeter,tlg020,1,64,ποιησεῖς· θαμιναὶ γάρ ἐς ὕστερον εἰλαπίναι τοι.,ποιησεῖς· θαμιναὶ γάρ ἐς ὕστερον εἰλαπίναι τοι.,tlg0533.tlg020.perseus-grc3.xml
Hymn to Demeter,tlg020,1,65,ἁ μὲν τόσσʼ εἰποῖσʼ Ἐρυσίχθονι τεῦχε πονηρά.,ἁ μὲν τόσσ’ εἰποῖσ’ Ἐρυσίχθονι τεῦχε πονηρά.,tlg0533.tlg020.perseus-grc3.xml
Hymn to Demeter,tlg020,1,66,αὐτίκα οἱ χαλεπόν τε καὶ ἄγριον ἔμβαλε λιμὸν,αὐτίκα οἱ χαλεπόν τε καὶ ἄγριον ἔμβαλε λιμὸν,tlg0533.tlg020.perseus-grc3.xml
Hymn to Demeter,tlg020,1,67,"αἴθωνα κρατερόν, μεγάλᾳ δʼ ἐστρεύγετο νούσῳ.","αἴθωνα κρατερόν, μεγάλᾳ δ’ ἐστρεύγετο νούσῳ.",tlg0533.tlg020.perseus-grc3.xml
Hymn to Demeter,tlg020,1,68,"σχέτλιος, ὅσσα πάσαιτο τόσων ἔχεν ἵμερος αὖτις.","σχέτλιος, ὅσσα πάσαιτο τόσων ἔχεν ἵμερος αὖτις.",tlg0533.tlg020.perseus-grc3.xml
Hymn to Demeter,tlg020,1,69,"εἴκατι δαῖτα πένοντο, δυώδεκα δʼ οἶνον ἄφυσσον·","εἴκατι δαῖτα πένοντο, δυώδεκα δ’ οἶνον ἄφυσσον·",tlg0533.tlg020.perseus-grc3.xml
Hymn to Demeter,tlg020,1,70,τόσσα Διώνυσον γὰρ ἃ καὶ Δάματρα χαλέπτελ·,τόσσα Διώνυσον γὰρ ἃ καὶ Δάματρα χαλέπτελ·,tlg0533.tlg020.perseus-grc3.xml
Hymn to Demeter,tlg020,1,71,καὶ γὰρ τᾷ Δάματρι συνωργίσθη Διόνυσος.,καὶ γὰρ τᾷ Δάματρι συνωργίσθη Διόνυσος.,tlg0533.tlg020.perseus-grc3.xml
Hymn to Demeter,tlg020,1,72,οὔτε νιν εἰς ἐράνως οὔτε ξυνδείπνια πέμπον,οὔτε νιν εἰς ἐράνως οὔτε ξυνδείπνια πέμπον,tlg0533.tlg020.perseus-grc3.xml
Hymn to Demeter,tlg020,1,73,"αἰδόμενοι γονέες, προχανὰ δʼ εὑρίσκετο πᾶσα.","αἰδόμενοι γονέες, προχανὰ δ’ εὑρίσκετο πᾶσα.",tlg0533.tlg020.perseus-grc3.xml
Hymn to Demeter,tlg020,1,74,ἦνθον Ἰτωνιάδος νιν Ἀθαναίας ἐπʼ ἄεθλα,ἦνθον Ἰτωνιάδος νιν Ἀθαναίας ἐπ’ ἄεθλα,tlg0533.tlg020.perseus-grc3.xml
Hymn to Demeter,tlg020,1,75,Ὀρμενίδαι καλέοντες· ἀπʼ ὦν ἀρνήσατο μάτηρ,Ὀρμενίδαι καλέοντες· ἀπ’ ὦν ἀρνήσατο μάτηρ,tlg0533.tlg020.perseus-grc3.xml
Hymn to Demeter,tlg020,1,76,"οὐκ ἔνδοι, χθιζὸς γὰρ ἐπὶ Κραννῶνα βέβακε","οὐκ ἔνδοι, χθιζὸς γὰρ ἐπὶ Κραννῶνα βέβακε",tlg0533.tlg020.perseus-grc3.xml
Hymn to Demeter,tlg020,1,77,"τέλθος ἀπαιτησῶν ἑκατὸν βόας. ἦνθε Πολυξώ,","τέλθος ἀπαιτησῶν ἑκατὸν βόας. ἦνθε Πολυξώ,",tlg0533.tlg020.perseus-grc3.xml
Hymn to Demeter,tlg020,1,78,"μάτηρ Ἀκτορίωνος, ἐπεὶ γάμον ἄρτυε παιδί,","μάτηρ Ἀκτορίωνος, ἐπεὶ γάμον ἄρτυε παιδί,",tlg0533.tlg020.perseus-grc3.xml
Hymn to Demeter,tlg020,1,79,ἀμφότερον Τριόπαν τε καὶ υἱέα κικλήσκοισα.,ἀμφότερον Τριόπαν τε καὶ υἱέα κικλήσκοισα.,tlg0533.tlg020.perseus-grc3.xml
Hymn to Demeter,tlg020,1,80,τὰν δὲ γυνὰ βαρύθυμος ἀμείβετο δάκρυ χέοισα,τὰν δὲ γυνὰ βαρύθυμος ἀμείβετο δάκρυ χέοισα,tlg0533.tlg020.perseus-grc3.xml
Hymn to Demeter,tlg020,1,81,"νεῖταί τοι Τριόπας, Ἐρυσίχθονα δʼ ἤλασε κάπρος","νεῖταί τοι Τριόπας, Ἐρυσίχθονα δ’ ἤλασε κάπρος",tlg0533.tlg020.perseus-grc3.xml
Hymn to Demeter,tlg020,1,82,"Πίνδον ἀνʼ εὐάγκειαν, ὁ δʼ ἐννέα φάεα κεῖται.","Πίνδον ἀν’ εὐάγκειαν, ὁ δ’ ἐννέα φάεα κεῖται.",tlg0533.tlg020.perseus-grc3.xml
Hymn to Demeter,tlg020,1,83,"δειλαία φιλότεκνε, τί δʼ οὐκ ἐψεύσαο, μᾶτερ;","δειλαία φιλότεκνε, τί δ’ οὐκ ἐψεύσαο, μᾶτερ;",tlg0533.tlg020.perseus-grc3.xml
Hymn to Demeter,tlg020,1,84,δαίνυεν εἰλαπίναν τις· ἐν ἀλλοτρίοις Ἐρυσίχθων.,δαίνυεν εἰλαπίναν τις· ἐν ἀλλοτρίοις Ἐρυσίχθων.,tlg0533.tlg020.perseus-grc3.xml
Hymn to Demeter,tlg020,1,85,"ἄγετό τις νύμφαν· Ἐρυσίχθονα δίσκος ἔτυψεν,","ἄγετό τις νύμφαν· Ἐρυσίχθονα δίσκος ἔτυψεν,",tlg0533.tlg020.perseus-grc3.xml
Hymn to Demeter,tlg020,1,86,"ἢ ἔπεσʼ ἐξ ἵππων, ἢ ἐν Ὄθρυϊποίμνἰ ἀμιθρεῖ.","ἢ ἔπεσ’ ἐξ ἵππων, ἢ ἐν Ὄθρυϊποίμνἰ ἀμιθρεῖ.",tlg0533.tlg020.perseus-grc3.xml
Hymn to Demeter,tlg020,1,87,ἐνδόμυχος δἤπειτα πανάμερος εἰλαπιναστὰς,ἐνδόμυχος δἤπειτα πανάμερος εἰλαπιναστὰς,tlg0533.tlg020.perseus-grc3.xml
Hymn to Demeter,tlg020,1,88,ἤσθιε μυρία πάντα· κακὰ δʼ ἐξάλλετο γαστὴρ,ἤσθιε μυρία πάντα· κακὰ δ’ ἐξάλλετο γαστὴρ,tlg0533.tlg020.perseus-grc3.xml
Hymn to Demeter,tlg020,1,89,"αἰεὶ μᾶλλον ἔδοντι, τὰ δʼ ἐς βυθὸν οἷα θαλάσσας","αἰεὶ μᾶλλον ἔδοντι, τὰ δ’ ἐς βυθὸν οἷα θαλάσσας",tlg0533.tlg020.perseus-grc3.xml
Hymn to Demeter,tlg020,1,90,ἀλεμάτως ἀχάριστα κατέρρεεν εἴδατα πάντα.,ἀλεμάτως ἀχάριστα κατέρρεεν εἴδατα πάντα.,tlg0533.tlg020.perseus-grc3.xml
Hymn to Demeter,tlg020,1,91,"ὡς δὲ Μίμαντι χιών, ὡς ἀελίῳ ἔνι πλαγγών,","ὡς δὲ Μίμαντι χιών, ὡς ἀελίῳ ἔνι πλαγγών,",tlg0533.tlg020.perseus-grc3.xml
Hymn to Demeter,tlg020,1,92,καὶ τούτων ἔτι μεῖζον ἐτάκετο μέσφʼ ἐπὶ νευράς·,καὶ τούτων ἔτι μεῖζον ἐτάκετο μέσφ’ ἐπὶ νευράς·,tlg0533.tlg020.perseus-grc3.xml
Hymn to Demeter,tlg020,1,93,δειλαίῳ ἶνές τε καὶ ὀστέα μῶνον ἔλειφθεν.,δειλαίῳ ἶνές τε καὶ ὀστέα μῶνον ἔλειφθεν.,tlg0533.tlg020.perseus-grc3.xml
Hymn to Demeter,tlg020,1,94,"κλαῖε μὲν ἁ μάτηρ, βαρὺ δʼ ἔστενον αἱ δύʼ ἀδελφαὶ","κλαῖε μὲν ἁ μάτηρ, βαρὺ δ’ ἔστενον αἱ δύ’ ἀδελφαὶ",tlg0533.tlg020.perseus-grc3.xml
Hymn to Demeter,tlg020,1,95,χὡ μαστὸς τὸν ἔπωνε καὶ αἱ δέκα πολλάκι δῶλαι.,χὡ μαστὸς τὸν ἔπωνε καὶ αἱ δέκα πολλάκι δῶλαι.,tlg0533.tlg020.perseus-grc3.xml
Hymn to Demeter,tlg020,1,96,"καὶ δʼ αὐτὸς Τριόπας πολιαῖς ἐπὶ χεῖρας ἔβαλλε,","καὶ δ’ αὐτὸς Τριόπας πολιαῖς ἐπὶ χεῖρας ἔβαλλε,",tlg0533.tlg020.perseus-grc3.xml
Hymn to Demeter,tlg020,1,97,τοῖα τὸν οὐκ ἀίοντα Ποσειδάωνα καλιστρέων·,τοῖα τὸν οὐκ ἀίοντα Ποσειδάωνα καλιστρέων·,tlg0533.tlg020.perseus-grc3.xml
Hymn to Demeter,tlg020,1,98,"ψευδοπάτωρ ἰδὲ τόνδε τεοῦ τρίτον, εἴπερ ἐγὼ μὲν","ψευδοπάτωρ ἰδὲ τόνδε τεοῦ τρίτον, εἴπερ ἐγὼ μὲν",tlg0533.tlg020.perseus-grc3.xml
Hymn to Demeter,tlg020,1,99,"σεῦ τε καὶ Αἰολίδος Κανάκας γένος, αὐτὰρ ἐμεῖο","σεῦ τε καὶ Αἰολίδος Κανάκας γένος, αὐτὰρ ἐμεῖο",tlg0533.tlg020.perseus-grc3.xml
Hymn to Demeter,tlg020,1,100,τοῦτο τὸ δείλαιον γένετο βρέφος· αἴθε γὰρ αὐτὸν,τοῦτο τὸ δείλαιον γένετο βρέφος· αἴθε γὰρ αὐτὸν,tlg0533.tlg020.perseus-grc3.xml
Hymn to Demeter,tlg020,1,101,βλητὸν ὑπʼ Ἀπόλλωνος ἐμαὶ χέρες ἐκτερέιξαν·,βλητὸν ὑπ’ Ἀπόλλωνος ἐμαὶ χέρες ἐκτερέιξαν·,tlg0533.tlg020.perseus-grc3.xml
Hymn to Demeter,tlg020,1,102,νῦν δὲ κακὰ βούβρωστις ἐν ὀφθαλμοῖσι κάθηται.,νῦν δὲ κακὰ βούβρωστις ἐν ὀφθαλμοῖσι κάθηται.,tlg0533.tlg020.perseus-grc3.xml
Hymn to Demeter,tlg020,1,103,ἤ οἱ ἀπόστασον χαλεπὰν νόσον ἠέ νιν αὐτὸς,ἤ οἱ ἀπόστασον χαλεπὰν νόσον ἠέ νιν αὐτὸς,tlg0533.tlg020.perseus-grc3.xml
Hymn to Demeter,tlg020,1,104,βόσκε λαβών· ἁμαὶ γὰρ ἀπειρήκαντι τράπεζαι.,βόσκε λαβών· ἁμαὶ γὰρ ἀπειρήκαντι τράπεζαι.,tlg0533.tlg020.perseus-grc3.xml
Hymn to Demeter,tlg020,1,105,"χῆραι μὲν μάνδραι, κενεαὶ δέ μοι αὔλιες ἤδη","χῆραι μὲν μάνδραι, κενεαὶ δέ μοι αὔλιες ἤδη",tlg0533.tlg020.perseus-grc3.xml
Hymn to Demeter,tlg020,1,106,"τετραπόδων, ἤδη γὰρ ἀπαρνήσαντο μάγειροι.","τετραπόδων, ἤδη γὰρ ἀπαρνήσαντο μάγειροι.",tlg0533.tlg020.perseus-grc3.xml
Hymn to Demeter,tlg020,1,107,"ἀλλὰ καὶ οὐρῆας μεγαλᾶν ὑπέλυσαν ἁμαξᾶν,","ἀλλὰ καὶ οὐρῆας μεγαλᾶν ὑπέλυσαν ἁμαξᾶν,",tlg0533.tlg020.perseus-grc3.xml
Hymn to Demeter,tlg020,1,108,"καὶ τὰν βῶν ἔφαγεν, τὰν Ἑστίᾳ ἔτρεφε μάτηρ,","καὶ τὰν βῶν ἔφαγεν, τὰν Ἑστίᾳ ἔτρεφε μάτηρ,",tlg0533.tlg020.perseus-grc3.xml
Hymn to Demeter,tlg020,1,109,"καὶ τὰν ἀεθλοφόρον καὶ τὸν πολεμήιον ἵππον,","καὶ τὰν ἀεθλοφόρον καὶ τὸν πολεμήιον ἵππον,",tlg0533.tlg020.perseus-grc3.xml
Hymn to Demeter,tlg020,1,110,"καὶ τὰν αἴλουρον, τὰν ἔτρεμε θηρία μικκά.","καὶ τὰν αἴλουρον, τὰν ἔτρεμε θηρία μικκά.",tlg0533.tlg020.perseus-grc3.xml
Hymn to Demeter,tlg020,1,111,"μέσφʼ ὅκα μὲν Τριόπαο δόμοις ἔνι χρήματα κεῖτο,","μέσφ’ ὅκα μὲν Τριόπαο δόμοις ἔνι χρήματα κεῖτο,",tlg0533.tlg020.perseus-grc3.xml
Hymn to Demeter,tlg020,1,112,μῶνοι ἄρʼ οἰκεῖοι θάλαμοι κακὸν ἠπίσταντο.,μῶνοι ἄρ’ οἰκεῖοι θάλαμοι κακὸν ἠπίσταντο.,tlg0533.tlg020.perseus-grc3.xml
Hymn to Demeter,tlg020,1,113,"ἀλλʼ ὅκα τὸν βαθὺν οἶκον ἀνεξήραναν ὀδόντες,","ἀλλ’ ὅκα τὸν βαθὺν οἶκον ἀνεξήραναν ὀδόντες,",tlg0533.tlg020.perseus-grc3.xml
Hymn to Demeter,tlg020,1,114,καὶ τόχʼ ὁ τῶ βασιλῆος ἐνὶ τριόδοισι καθῆστο,καὶ τόχ’ ὁ τῶ βασιλῆος ἐνὶ τριόδοισι καθῆστο,tlg0533.tlg020.perseus-grc3.xml
Hymn to Demeter,tlg020,1,115,αἰτίζων ἀκόλως τε καὶ ἔκβολα λύματα δαιτός.,αἰτίζων ἀκόλως τε καὶ ἔκβολα λύματα δαιτός.,tlg0533.tlg020.perseus-grc3.xml
Hymn to Demeter,tlg020,1,116,"Δάματερ, μὴ τῆνος ἐμὶν φίλος, ὅς τοι ἀπεχθής,","Δάματερ, μὴ τῆνος ἐμὶν φίλος, ὅς τοι ἀπεχθής,",tlg0533.tlg020.perseus-grc3.xml
Hymn to Demeter,tlg020,1,117,εἴη μηδʼ ὁμότοιχος· ἐμοὶ κακογείτονες ἐχθροί.,εἴη μηδ’ ὁμότοιχος· ἐμοὶ κακογείτονες ἐχθροί.,tlg0533.tlg020.perseus-grc3.xml
Hymn to Demeter,tlg020,1,118,"ᾄσατε παρθενικαί, καὶ ἐπιφθέγξασθε τεκοῖσαι","ᾄσατε παρθενικαί, καὶ ἐπιφθέγξασθε τεκοῖσαι",tlg0533.tlg020.perseus-grc3.xml
Hymn to Demeter,tlg020,1,119,Δάματερ μέγα χαῖρε πολυτρόφε πουλυμέδιμνε.,Δάματερ μέγα χαῖρε πολυτρόφε πουλυμέδιμνε.,tlg0533.tlg020.perseus-grc3.xml
Hymn to Demeter,tlg020,1,120,χὠς αἱ τὸν κάλαθον λευκότριχες ἵπποι ἄγοντι,χὠς αἱ τὸν κάλαθον λευκότριχες ἵπποι ἄγοντι,tlg0533.tlg020.perseus-grc3.xml
Hymn to Demeter,tlg020,1,121,"τέσσαρες, ὣς ἁμὶν μεγάλα θεὸς εὐρυάνασσα","τέσσαρες, ὣς ἁμὶν μεγάλα θεὸς εὐρυάνασσα",tlg0533.tlg020.perseus-grc3.xml
Hymn to Demeter,tlg020,1,122,"λευκὸν ἔαρ, λευκὸν δὲ θέρος καὶ χεῖμα φέροισα","λευκὸν ἔαρ, λευκὸν δὲ θέρος καὶ χεῖμα φέροισα",tlg0533.tlg020.perseus-grc3.xml
Hymn to Demeter,tlg020,1,123,"ἡξεῖ καὶ φθινόπωρον, ἔτος δʼ εἰς ἄλλο φυλαξεῖ.","ἡξεῖ καὶ φθινόπωρον, ἔτος δ’ εἰς ἄλλο φυλαξεῖ.",tlg0533.tlg020.perseus-grc3.xml
Hymn to Demeter,tlg020,1,124,"ὡς δʼ ἀπεδίλωτοι καὶ ἀνάμπυκες ἄστυ πατεῦμες,","ὡς δ’ ἀπεδίλωτοι καὶ ἀνάμπυκες ἄστυ πατεῦμες,",tlg0533.tlg020.perseus-grc3.xml
Hymn to Demeter,tlg020,1,125,"ὣς πόδας, ὣς κεφαλὰς παναπηρέας ἕξομες αἰεί.","ὣς πόδας, ὣς κεφαλὰς παναπηρέας ἕξομες αἰεί.",tlg0533.tlg020.perseus-grc3.xml
Hymn to Demeter,tlg020,1,126,"ὡς δʼ αἱ λικνοφόροι χρυσῶ πλέα λίκνα φέροντι,","ὡς δ’ αἱ λικνοφόροι χρυσῶ πλέα λίκνα φέροντι,",tlg0533.tlg020.perseus-grc3.xml
Hymn to Demeter,tlg020,1,127,ὣς ἁμὲς τὸν χρυσὸν ἀφειδέα πασαίμεσθα.,ὣς ἁμὲς τὸν χρυσὸν ἀφειδέα πασαίμεσθα.,tlg0533.tlg020.perseus-grc3.xml
Hymn to Demeter,tlg020,1,128,"μέσφα τὰ τᾶς πόλιος πρυτανήια τὰς ἀτελέστως,","μέσφα τὰ τᾶς πόλιος πρυτανήια τὰς ἀτελέστως,",tlg0533.tlg020.perseus-grc3.xml
Hymn to Demeter,tlg020,1,129,"τὰς δὲ τελεσφορέας ποτὶ τὰν θεὸν ἄχρις ὁμαρτεῖν,","τὰς δὲ τελεσφορέας ποτὶ τὰν θεὸν ἄχρις ὁμαρτεῖν,",tlg0533.tlg020.perseus-grc3.xml
Hymn to Demeter,tlg020,1,130,αἵτινες ἑξήκοντα κατώτεραι· αἱ δὲ βαρεῖαι,αἵτινες ἑξήκοντα κατώτεραι· αἱ δὲ βαρεῖαι,tlg0533.tlg020.perseus-grc3.xml
Hymn to Demeter,tlg020,1,131,χἄτις Ἐλειθυίᾳ τείνει χέρα χἄτις ἐν ἄλγει.,χἄτις Ἐλειθυίᾳ τείνει χέρα χἄτις ἐν ἄλγει.,tlg0533.tlg020.perseus-grc3.xml
Hymn to Demeter,tlg020,1,132,"ὣς ἅλις, ὡς αὐτᾶν ἱκανὸν γόνυ· ταῖσι δὲ Δηὼ","ὣς ἅλις, ὡς αὐτᾶν ἱκανὸν γόνυ· ταῖσι δὲ Δηὼ",tlg0533.tlg020.perseus-grc3.xml
Hymn to Demeter,tlg020,1,133,δωσεῖ πάντʼ ἐπίμεστα καὶ ὡς ποτὶ ναὸν ἵκωνται.,δωσεῖ πάντ’ ἐπίμεστα καὶ ὡς ποτὶ ναὸν ἵκωνται.,tlg0533.tlg020.perseus-grc3.xml
Hymn to Demeter,tlg020,1,134,χαῖρε θεὰ καὶ τάνδε σάω πόλιν ἔν θʼ ὁμονοίᾳ,χαῖρε θεὰ καὶ τάνδε σάω πόλιν ἔν θ’ ὁμονοίᾳ,tlg0533.tlg020.perseus-grc3.xml
Hymn to Demeter,tlg020,1,135,"ἔν τʼ εὐηπελίᾳ, φέρε δʼ ἀγρόθι νόστιμα πάντα·","ἔν τ’ εὐηπελίᾳ, φέρε δ’ ἀγρόθι νόστιμα πάντα·",tlg0533.tlg020.perseus-grc3.xml
Hymn to Demeter,tlg020,1,136,"φέρβε βόας, φέρε μᾶλα, φέρε στάχυν, οἶσε θερισμόν,","φέρβε βόας, φέρε μᾶλα, φέρε στάχυν, οἶσε θερισμόν,",tlg0533.tlg020.perseus-grc3.xml
Hymn to Demeter,tlg020,1,137,"φέρβε καὶ εἰράναν, ἵνʼ ὃς ἄροσε τῆνος ἀμάσῃ.","φέρβε καὶ εἰράναν, ἵν’ ὃς ἄροσε τῆνος ἀμάσῃ.",tlg0533.tlg020.perseus-grc3.xml
Hymn to Demeter,tlg020,1,138,ἵλαθί μοι τρίλλιστε μέγα κρείοισα θεάων.,ἵλαθί μοι τρίλλιστε μέγα κρείοισα θεάων.,tlg0533.tlg020.perseus-grc3.xml
