work,book,n,ok,pattern,quantities,cost,alternatives,unknown_nuclei,flags,nuclei,text
Hymn to Zeus,1,1,True,LSSLSSLSSLLLSSLL,LSSLSSLSSLLLSSLL,0.0,1,0,,η:L:nature ο:S:nature ε:S:nature οι:L:nature ι:S:lexicon ε:S:nature α:L:paroxytone_short_ultima ο:S:nature α:S:lexicon α:L:lexicon ο:L:position η:L:nature ι:S:properispomenon α:S:lexicon ει:L:nature ει:L:line_final,Ζηνὸς ἔοι τί κεν ἄλλο παρὰ σπονδῇσιν ἀείδειν
Hymn to Zeus,1,2,True,LSSLSSLSSLSSLSSLL,LSSLSSLSSLSSLSSLL,0.0,1,0,,ω:L:nature ι:S:lexicon ο:S:nature η:L:nature ε:S:nature ο:S:nature αυ:L:nature ο:S:nature α:S:lexicon ει:L:nature ε:S:nature α:S:lexicon αι:L:nature ε:S:nature α:S:lexicon α:L:lexicon α:L:lexicon,"λώιον ἢ θεὸν αὐτόν, ἀεὶ μέγαν, αἰὲν ἄνακτα,"
Hymn to Zeus,1,3,True,LSSLSSLSSLSSLSSLL,LSSLSSLSSLSSLSSLL,0.0,1,5,,η:L:nature α:S:unknown ο:S:nature ω:L:nature ε:S:nature α:S:unknown η:L:nature α:S:properispomenon ι:S:unknown α:L:position ο:S:nature ο:S:nature ου:L:nature α:S:unknown ι:S:unknown η:L:nature ι:L:antepenult_accent,"Πηλαγόνων ἐλατῆρα, δικασπόλον οὐρανίδῃσι;"
Hymn to Zeus,1,4,True,LLLLLSSLSSLSSLL,LLLLLSSLSSLSSLL,0.0,1,2,,ω:L:nature+position αι:L:nature ι:L:lexicon ι:L:position αι:L:nature ο:S:nature α:S:unknown ει:L:nature ο:S:nature ε:S:nature η:L:nature ε:S:nature υ:S:unknown αι:L:nature ο:L:line_final,"πῶς καί μιν, Δικταῖον ἀείσομεν ἠὲ Λυκαῖον;"
Hymn to Zeus,1,5,True,LLLSSLSSLSSLLLL,LLLSSLSSLSSLLLL,1.5,1,0,,ε:L:position οι:L:nature η:L:nature α:S:lexicon α:S:lexicon υ:L:lexicon ο:S:nature ε:S:nature ει:L:nature ε:S:nature ο:S:nature α:L:position η:L:nature ι:L:position ο:L:line_final,"ἐν δοιῇ μάλα θυμός, ἐπεὶ γένος ἀμφήριστον."
Hymn to Zeus,1,6,True,LSSLLLSSLSSLSSLL,LSSLLLSSLSSLSSLL,0.0,1,2,,ευ:L:nature ε:S:nature ε:S:nature ι:L:unknown αι:L:nature οι:L:nature ι:S:antepenult_accent ε:S:nature ου:L:nature ε:S:nature ι:S:unknown α:L:lexicon ι:S:lexicon ε:S:nature ε:L:position αι:L:line_final,"Ζεῦ, σὲ μὲν Ἰδαίοισιν ἐν οὔρεσί φασι γενέσθαι,"
Hymn to Zeus,1,7,True,LSSLSSLSSLSSLLLL,LSSLSSLSSLSSLLLL,1.5,1,2,,ευ:L:nature ε:S:nature ε:S:nature α:L:position α:S:unknown ι:S:unknown η:L:nature ο:S:nature ε:S:nature οι:L:nature α:S:lexicon ε:S:nature ε:L:position ευ:L:nature α:L:position ο:L:line_final,"Ζεῦ, σὲ δ’ ἐν Ἀρκαδίῃ· πότεροι, πάτερ, ἐψεύσαντο;"
Hymn to Zeus,1,8,True,LSSLLLLLSSLSSLL,LSSLLLLLSSLSSLL,0.0,1,0,,η:L:nature ε:S:nature α:S:lexicon ει:L:nature+position ευ:L:nature+position αι:L:nature αι:L:nature α:L:lexicon α:S:lexicon ο:S:nature ω:L:nature α:S:lexicon α:S:lexicon ει:L:nature ο:L:line_final,"Κρῆτες ἀεὶ ψεῦσται· καὶ γὰρ τάφον, ὦ ἄνα, σεῖο"
Hymn to Zeus,1,9,True,LSSLLLSSLSSLSSLL,LSSLLLSSLSSLSSLL,0.0,1,1,,η:L:nature ε:S:nature ε:S:nature ε:L:position η:L:nature α:L:position ο:S:nature υ:S:lexicon ου:L:nature α:S:lexicon ε:S:nature ε:L:position ι:S:unknown α:S:lexicon αι:L:nature ει:L:line_final,"Κρῆτες ἐτεκτήναντο· σὺ δ’ οὐ θάνες, ἐσσὶ γὰρ αἰεί."
Hymn to Zeus,1,10,True,LSSLSSLLLSSLSSLL,LSSLSSLLLSSLSSLL,0.0,1,2,,ε:L:position ε:S:nature ε:S:nature α:L:position α:S:unknown ι:S:unknown η:L:nature ει:L:nature η:L:nature ε:S:nature ε:S:nature η:L:nature ι:S:lexicon α:S:lexicon ι:L:position α:L:lexicon,"ἐν δέ σε Παρρασίῃ Ῥείη τέκεν, ἧχι μάλιστα"
Hymn to Zeus,1,11,True,LSSLLLSSLSSLSSLL,LSSLLLSSLSSLSSLL,0.0,1,0,,ε:L:position ε:S:nature ο:S:nature ο:L:position α:L:position οι:L:nature ι:S:antepenult_accent ε:S:nature ι:L:position ε:S:nature ε:S:nature ε:L:position ε:S:nature ο:S:nature ω:L:nature ο:L:line_final,ἔσκεν ὄρος θάμνοισι περισκεπές· ἔνθεν ὁ χῶρος
Hymn to Zeus,1,12,True,LSSLSSLLLSSLLLL,LSSLSSLLLSSLLLL,1.5,1,1,,ι:L:unknown ε:S:nature ο:S:nature ου:L:nature ε:S:nature ι:S:lexicon ι:L:lexicon ε:L:position η:L:nature ε:S:nature ο:S:nature ει:L:nature ει:L:nature υι:L:nature η:L:line_final,"ἱερός, οὐδέ τί μιν κεχρημένον Εἰλειθυίης"
Hymn to Zeus,1,13,True,LSSLSSLSSLSSLSSLL,LSSLSSLSSLSSLSSLL,0.5,1,0,correption,ε:L:position ε:S:nature ο:S:nature ου:L:nature ε:S:nature υ:S:lexicon η:L:nature ε:S:nature ι:S:lexicon ι:L:position ε:S:nature αι:S:nature α:L:position α:S:lexicon ε:S:nature ει:L:nature η:L:line_final,"ἑρπετὸν οὐδὲ γυνὴ ἐπιμίσγεται, ἀλλά ἑ Ῥείης"
Hymn to Zeus,1,14,True,LSSLSSLSSLSSLSSLL,LSSLSSLSSLSSLSSLL,0.0,1,5,,ω:L:nature υ:S:unknown ι:S:lexicon ο:L:position α:S:lexicon ε:S:nature ου:L:nature ι:S:lexicon ε:S:nature ω:L:nature ι:S:unknown ο:S:nature α:L:unknown ι:S:unknown α:S:unknown η:L:nature ε:L:line_final,ὠγύγιον καλέουσι λεχώιον Ἀπιδανῆες.
Hymn to Zeus,1,15,True,LSSLLLSSLSSLSSLL,LSSLLLSSLSSLSSLL,0.0,1,2,,ε:L:position α:S:lexicon ε:S:nature ει:L:nature η:L:nature η:L:nature+position ε:S:nature α:S:lexicon ω:L:nature α:S:unknown ε:S:nature η:L:nature α:S:unknown ο:S:nature ο:L:position ω:L:line_final,ἔνθα σ’ ἐπεὶ μήτηρ μεγάλων ἀπεθήκατο κόλπων
Hymn to Zeus,1,16,True,LSSLLLSSLSSLSSLL,LSSLLLSSLSSLSSLL,1.0,1,0,metrical_lengthening,αυ:L:nature ι:S:lexicon α:S:lexicon ι:L:position η:L:nature ο:L:nature ο:S:nature ο:S:nature υ:L:lexicon α:S:lexicon ο:S:nature ω:L:nature ε:S:nature ο:S:nature οι:L:nature ο:L:line_final,"αὐτίκα δίζητο ῥόον ὕδατος, ᾧ κε τόκοιο"
Hymn to Zeus,1,17,True,LSSLLLSSLSSLSSLL,LSSLLLSSLSSLSSLL,1.0,1,0,lexicon_overridden,υ:L:lexicon α:S:lexicon α:S:lexicon υ:L:position ω:L:nature αι:L:nature ο:S:nature ε:S:nature ο:L:position ε:S:nature ι:S:lexicon ω:L:nature α:S:lexicon ο:S:nature ε:L:position αι:L:line_final,"λύματα χυτλώσαιτο, τεὸν δ’ ἐνὶ χρῶτα λοέσσαι."
Hymn to Zeus,1,18,True,LLLLLSSLSSLSSLL,LLLLLSSLSSLSSLL,0.0,1,2,,α:L:unknown ω:L:nature α:L:position ου:L:nature ω:L:nature ε:S:nature α:S:lexicon ε:L:position ε:S:nature ε:S:nature ου:L:nature ε:S:nature υ:S:unknown α:L:position ο:L:line_final,"Λάδων ἀλλ’ οὔπω μέγας ἔρρεεν οὐδ’ Ἐρύμανθος,"
Hymn to Zeus,1,19,True,LSSLSSLSSLSSLSSLL,LSSLSSLSSLSSLSSLL,0.0,1,1,,ευ:L:nature ο:S:nature α:S:unknown ο:L:position ο:S:nature α:S:lexicon ω:L:nature ε:S:nature ι:S:lexicon α:L:position ο:S:nature ο:S:nature η:L:nature ε:S:nature α:S:lexicon α:L:lexicon α:L:lexicon,"λευκότατος ποταμῶν, ἔτι δ’ ἄβροχος ἦεν ἅπασα"
Hymn to Zeus,1,20,True,LSSLLLSSLLLSSLL,LSSLLLSSLLLSSLL,0.0,1,2,,α:L:position α:S:unknown ι:S:unknown η:L:nature ε:L:position ε:L:position ε:S:nature α:S:lexicon ευ:L:nature υ:L:position ο:L:position α:S:lexicon ε:S:nature ε:L:position αι:L:line_final,Ἀρκαδίη· μέλλεν δὲ μάλ’ εὔυδρος καλέεσθαι
Hymn to Zeus,1,21,True,LSSLLLSSLSSLSSLL,LSSLLLSSLSSLSSLL,0.0,1,0,,αυ:L:nature ι:S:lexicon ε:S:nature ει:L:nature η:L:nature ο:L:position ε:S:nature ε:S:nature η:L:nature ο:S:nature ε:S:nature υ:L:lexicon α:S:lexicon ο:S:nature ι:L:position η:L:line_final,"αὖτις· ἐπεὶ τημόσδε, Ῥέη ὅτ’ ἐλύσατο μίτρην,"
Hymn to Zeus,1,22,True,LLLSSLSSLSSLSSLL,LLLSSLSSLSSLSSLL,0.0,1,5,,η:L:nature ο:L:position α:L:lexicon ε:S:nature υ:S:lexicon ε:L:position ε:S:nature α:S:unknown ω:L:nature ι:S:unknown α:S:unknown υ:L:position ο:S:nature ι:S:unknown α:L:unknown ω:L:line_final,ἦ πολλὰς ἐφύπερθε σαρωνίδας ὑγρὸς Ἰάων
Hymn to Zeus,1,23,True,LLLLLSSLLLSSLL,LLLLLSSLLLSSLL,1.0,1,1,lexicon_overridden,η:L:nature ει:L:nature ε:L:position ο:L:position α:L:lexicon ε:S:nature ε:S:nature α:L:lexicon ω:L:nature+position η:L:nature ε:S:nature α:S:unknown α:L:position α:L:line_final,"ἤειρεν, πολλὰς δὲ Μέλας ὤκχησεν ἁμάξας,"
Hymn to Zeus,1,24,True,LSSLLLSSLSSLSSLL,LSSLLLSSLSSLSSLL,0.0,1,2,,ο:L:position α:S:lexicon ε:S:nature α:L:position ι:L:unknown ω:L:nature ο:S:nature α:S:lexicon ω:L:nature ι:S:unknown ε:S:nature ου:L:nature ε:S:nature ε:S:nature ο:L:position ο:L:line_final,πολλὰ δὲ Καρνίωνος ἄνω διεροῦ περ ἐόντος
Hymn to Zeus,1,25,True,LLLSSLSSLSSLSSLL,LLLSSLSSLSSLSSLL,1.0,1,3,lexicon_overridden,ι:L:unknown υ:L:unknown ου:L:nature ε:S:nature α:S:lexicon ο:L:position ο:S:nature ι:S:unknown ω:L:nature ε:S:nature α:S:antepenult_accent ι:L:position ε:S:nature ο:S:nature α:L:lexicon η:L:line_final,"ἰλυοὺς ἐβάλοντο κινώπετα, νίσσετο δ’ ἀνὴρ"
Hymn to Zeus,1,26,True,LSSLLLSSLLLSSLL,LSSLLLSSLLLSSLL,0.0,1,1,,ε:L:position ο:S:nature υ:S:lexicon ε:L:position α:L:circumflex ι:L:position ε:S:nature ο:S:nature υ:L:position ι:L:unknown ο:L:position ε:S:nature ε:S:nature ω:L:nature η:L:line_final,πεζὸς ὑπὲρ Κρᾶθίν τε πολύστιόν τε Μετώπην
Hymn to Zeus,1,27,True,LSSLSSLSSLSSLSSLL,LSSLSSLSSLSSLSSLL,1.0,1,1,lexicon_overridden,ι:L:position α:S:unknown ε:S:nature ο:L:position ο:S:nature ε:S:nature ο:L:position ο:S:nature υ:S:lexicon ω:L:nature υ:S:lexicon ο:S:nature ο:L:position ι:S:lexicon ε:S:nature ει:L:nature ο:L:line_final,διψαλέος· τὸ δὲ πολλὸν ὕδωρ ὑπὸ ποσσὶν ἔκειτο.
Hymn to Zeus,1,28,True,LSSLSSLSSLSSLSSLL,LSSLSSLSSLSSLSSLL,0.0,1,3,,αι:L:nature υ:S:lexicon α:S:unknown η:L:nature α:S:unknown ι:S:unknown η:L:nature+position ο:S:nature ε:S:nature η:L:nature α:S:lexicon ο:S:nature ο:L:position ι:S:lexicon α:S:lexicon ει:L:nature η:L:line_final,καί ῥ’ ὑπ’ ἀμηχανίης σχομένη φάτο πότνια Ῥείη·
Hymn to Zeus,1,29,True,LSSLSSLSSLLLSSLL,LSSLSSLSSLLLSSLL,0.0,1,0,,αι:L:nature α:S:lexicon ι:S:lexicon η:L:nature ε:S:nature ε:S:nature αι:L:nature υ:S:lexicon ε:S:nature αι:L:nature ω:L:nature ι:L:circumflex ε:S:nature ε:S:nature α:L:position αι:L:line_final,"Γαῖα φίλη, τέκε καὶ σύ· τεαὶ δ’ ὠδῖνες ἐλαφραί."
Hymn to Zeus,1,30,True,LSSLSSLSSLSSLSSLL,LSSLSSLSSLSSLSSLL,0.5,1,4,correption,ει:L:nature ε:S:nature αι:S:nature α:L:position α:S:unknown υ:S:unknown α:L:unknown α:S:antepenult_accent ε:S:nature η:L:nature ε:S:nature α:S:lexicon υ:L:position ο:S:nature ι:S:unknown η:L:nature υ:L:lexicon,εἶπε καὶ ἀντανύσασα θεὴ μέγαν ὑψόθι πῆχυν
Hymn to Zeus,1,31,True,LSSLLLSSLSSLSSLL,LSSLLLSSLSSLSSLL,0.0,1,2,,η:L:nature+position ε:S:nature ο:S:nature ο:L:position η:L:nature+position ω:L:nature ο:S:nature ε:S:nature οι:L:nature ι:S:lexicon α:S:lexicon ου:L:nature υ:S:unknown ι:S:unknown ε:L:position η:L:line_final,"πλῆξεν ὄρος σκήπτρῳ· τὸ δέ οἱ δίχα πουλὺ διέστη,"
Hymn to Zeus,1,32,True,LSSLSSLSSLSSLLLL,LSSLSSLSSLSSLLLL,1.5,1,2,,ε:L:position ε:S:nature ε:S:nature ε:L:position ε:S:nature α:S:lexicon ευ:L:nature α:S:lexicon ο:S:nature ι:L:position ο:S:nature α:S:lexicon αι:L:nature+position υ:L:unknown α:L:unknown α:L:antepenult_accent,"ἐκ δ’ ἔχεεν μέγα χεῦμα· τόθι χρόα φαιδρύνασα,"
Hymn to Zeus,1,33,True,LSSLLLSSLSSLSSLL,LSSLLLSSLSSLSSLL,0.0,1,0,,ω:L:nature α:S:properispomenon ε:S:nature ο:L:position ει:L:nature ω:L:nature ε:S:nature ε:S:nature η:L:nature ε:S:nature ε:S:nature ω:L:nature ε:S:nature ο:S:nature ι:L:position ει:L:line_final,"ὦνα, τεὸν σπείρωσε, Νέδῃ δέ σε δῶκε κομίζειν"
Hymn to Zeus,1,34,True,LSSLLLSSLSSLLLL,LSSLLLSSLSSLLLL,1.5,1,2,,ευ:L:nature+position ο:S:nature ε:S:nature ω:L:nature+position η:L:nature αι:L:nature ο:S:nature ι:S:lexicon α:L:lexicon υ:S:unknown α:S:unknown αι:L:nature ευ:L:nature οι:L:nature ο:L:line_final,"κευθμὸν ἔσω Κρηταῖον, ἵνα κρύφα παιδεύοιο,"
Hymn to Zeus,1,35,True,LSSLLLLLSSLLLL,LSSLLLLLSSLLLL,3.5,1,2,synizesis;synizesis,ε:L:position υ:S:unknown α:S:unknown η:L:nature υ:L:position εω:L:synizesis αι:L:nature ι:L:lexicon ο:S:nature ε:S:nature αι:L:nature ω:L:nature α:L:position ο:L:line_final,"πρεσβυτάτῃ Νυμφέων αἵ μιν τότε μαιώσαντο,"
Hymn to Zeus,1,36,True,LLLSSLSSLSSLSSLL,LLLSSLSSLSSLSSLL,2.0,1,4,metrical_lengthening,ω:L:nature ι:L:position η:L:nature ε:S:nature ε:S:nature η:L:nature ε:S:nature α:S:lexicon ε:L:position υ:S:unknown α:S:unknown ε:L:nature ι:S:unknown υ:S:unknown η:L:nature+position ε:L:line_final,πρωτίστῃ γενεῇ μετά γε Στύγα τε Φιλύρην τε.
Hymn to Zeus,1,37,True,LSSLSSLSSLSSLSSLL,LSSLSSLSSLSSLSSLL,0.0,1,3,,ου:L:nature α:S:unknown ι:S:unknown η:L:nature α:S:unknown ε:S:nature ει:L:nature ε:S:nature ε:S:nature η:L:nature α:S:lexicon ι:S:lexicon α:L:position α:S:lexicon ο:S:nature ευ:L:nature α:L:lexicon,"οὐδ’ ἁλίην ἀπέτεισε θεὴ χάριν, ἀλλὰ τὸ χεῦμα"
Hymn to Zeus,1,38,True,LSSLSSLSSLSSLSSLL,LSSLSSLSSLSSLSSLL,0.0,1,1,,ει:L:nature ο:S:nature ε:S:nature η:L:nature ο:S:nature ο:S:nature η:L:nature ε:S:nature ο:S:nature ε:L:position ο:S:nature ι:S:lexicon ου:L:nature υ:S:unknown α:S:lexicon αυ:L:nature ο:L:line_final,κεῖνο Νέδην ὀνόμηνε· τὸ μέν ποθι πουλὺ κατ’ αὐτὸ
Hymn to Zeus,1,39,True,LLLSSLSSLLLSSLL,LLLSSLSSLLLSSLL,0.0,1,1,,αυ:L:nature ω:L:nature ω:L:nature+position ο:S:nature ι:S:lexicon ε:L:position ο:S:nature ο:S:nature ε:L:position ει:L:nature ο:L:position ε:S:nature α:S:unknown ι:L:position αι:L:line_final,"Καυκώνων πτολίεθρον, ὃ Λέπρειον πεφάτισται,"
Hymn to Zeus,1,40,True,LSSLLLSSLSSLSSLL,LSSLLLSSLSSLSSLL,0.0,1,2,,υ:L:position ε:S:nature ε:S:nature αι:L:nature η:L:nature η:L:nature ι:S:properispomenon α:S:unknown αι:L:nature ο:S:nature α:S:unknown ο:L:position ε:S:nature ι:S:lexicon υ:L:lexicon ω:L:line_final,"συμφέρεται Νηρῆι, παλαιότατον δέ μιν ὕδωρ"
Hymn to Zeus,1,41,True,LLLLLSSLSSLLLL,LLLLLSSLSSLLLL,1.5,1,4,,υι:L:nature ω:L:nature οι:L:nature ι:L:unknown ου:L:nature ι:S:antepenult_accent υ:S:unknown α:L:unknown ο:S:nature ι:S:unknown η:L:nature α:L:position οι:L:nature ο:L:line_final,υἱωνοὶ πίνουσι Λυκαονίης ἄρκτοιο.
Hymn to Zeus,1,42,True,LSSLSSLSSLLLSSLL,LSSLSSLSSLLLSSLL,0.0,1,2,,ευ:L:nature ε:S:nature ε:S:nature α:L:unknown α:S:unknown ε:S:nature ει:L:nature ε:S:nature ε:S:nature ι:L:lexicon ω:L:nature οι:L:nature ο:S:nature ε:S:nature ου:L:nature α:L:lexicon,"εὖτε Θενὰς ἀπέλειπεν ἐπὶ Κνωσοῖο φέρουσα,"
Hymn to Zeus,1,43,True,LSSLLLSSLSSLSSLL,LSSLLLSSLSSLSSLL,1.0,1,0,lexicon_overridden,ευ:L:nature α:S:lexicon ε:S:nature η:L:nature υ:L:position η:L:nature ε:S:nature ε:S:nature αι:L:nature ε:S:nature α:S:lexicon ε:L:position υ:S:lexicon ι:S:lexicon ω:L:nature ου:L:line_final,"Ζεῦ πάτερ, ἡ Νύμφη σε Θεναὶ δ’ ἔσαν ἐγγύθι Κνωσοῦ,"
Hymn to Zeus,1,44,True,LSSLSSLSSLSSLSSLL,LSSLSSLSSLSSLSSLL,0.0,1,4,,ου:L:nature α:S:unknown ι:S:unknown οι:L:nature ε:S:nature ε:S:nature αι:L:nature ο:S:nature α:S:unknown ο:L:position α:S:unknown ο:S:nature ε:L:position ε:S:nature ε:S:nature ει:L:nature ο:L:line_final,"τουτάκι τοι πέσε, δαῖμον, ἄπ’ ὀμφαλός· ἔνθεν ἐκεῖνο"
Hymn to Zeus,1,45,True,LSSLSSLSSLSSLSSLL,LSSLSSLSSLSSLSSLL,0.0,1,3,,ο:L:position α:S:unknown ι:S:unknown ο:L:position ε:S:nature ε:S:nature ει:L:nature α:S:lexicon ε:S:nature ο:L:position α:S:lexicon ε:S:nature ου:L:nature ι:S:lexicon υ:S:unknown ω:L:nature ε:L:line_final,ὀμφάλιον μετέπειτα πέδον καλέουσι Κύδωνες.
Hymn to Zeus,1,46,True,LSSLLLSSLSSLLLL,LSSLLLSSLSSLLLL,1.5,1,1,,ευ:L:nature ε:S:nature ε:S:nature υ:L:position α:L:position ω:L:nature ε:S:nature α:S:paroxytone_short_ultima αι:L:nature+position ο:S:nature ε:S:nature η:L:nature υ:L:unknown α:L:position ο:L:line_final,"Ζεῦ, σὲ δὲ Κυρβάντων ἑτάραι προσεπηχύναντο"
Hymn to Zeus,1,47,True,LLLSSLSSLSSLLLL,LLLSSLSSLSSLLLL,1.5,1,1,,ι:L:position αι:L:nature αι:L:nature ε:S:nature ι:S:paroxytone_short_ultima αι:L:nature ε:S:nature ε:S:nature οι:L:nature ι:S:unknown ε:S:nature α:L:position η:L:nature+position ει:L:nature α:L:antepenult_accent,"Δικταῖαι Μελίαι, σὲ δ’ ἐκοίμισεν Ἀδρήστεια"
Hymn to Zeus,1,48,True,LSSLSSLSSLSSLSSLL,LSSLSSLSSLSSLSSLL,2.5,1,2,correption;lexicon_overridden,ι:L:position ω:S:nature ε:S:nature ι:L:lexicon υ:S:lexicon ε:S:nature ω:L:nature υ:S:unknown ε:S:nature η:L:nature α:S:unknown ο:S:nature ι:L:lexicon ο:S:nature α:S:lexicon α:L:position ο:L:line_final,"λίκνῳ ἐνὶ χρυσέῳ, δὺ δ’ ἐθήσαο πίονα μαζὸν"
Hymn to Zeus,1,49,True,LSSLLLSSLSSLSSLL,LSSLLLSSLSSLSSLL,0.0,1,1,,αι:L:nature ο:S:nature α:S:unknown α:L:position ει:L:nature η:L:nature ε:S:nature ι:S:lexicon ε:L:position υ:S:lexicon υ:S:lexicon η:L:nature ι:S:paroxytone_short_ultima ο:S:nature ε:L:position ω:L:line_final,"αἰγὸς Ἀμαλθείης, ἐπὶ σὲ γλυκὺ κηρίον ἔβρως."
Hymn to Zeus,1,50,True,LSSLSSLSSLSSLSSLL,LSSLSSLSSLSSLSSLL,0.0,1,3,,ε:L:position ο:S:nature α:S:lexicon ε:L:position α:S:unknown ι:S:unknown αι:L:nature α:S:properispomenon α:S:unknown α:L:position ι:S:paroxytone_short_ultima ο:S:nature ε:L:position α:S:lexicon ε:S:nature ι:L:position η:L:line_final,γέντο γὰρ ἐξαπιναῖα Πανακρίδος ἔργα μελίσσης
Hymn to Zeus,1,51,True,LLLSSLSSLLLSSLL,LLLSSLSSLLLSSLL,0.0,1,2,,ι:L:unknown αι:L:nature οι:L:nature ε:S:nature ο:S:nature ε:L:position ι:S:lexicon α:S:lexicon ε:L:position ει:L:nature ου:L:nature ι:S:antepenult_accent α:S:unknown α:L:position α:L:antepenult_accent,"Ἰδαίοις ἐν ὄρεσσι, τά τε κλείουσι Πάνακρα."
Hymn to Zeus,1,52,True,LSSLLLSSLSSLLLL,LSSLLLSSLSSLLLL,1.5,1,2,,ου:L:nature α:S:properispomenon ε:S:nature ου:L:nature η:L:nature ε:L:position ε:S:nature ε:S:nature ι:L:lexicon υ:S:unknown ι:S:unknown ω:L:nature+position η:L:nature α:L:position ο:L:line_final,οὖλα δὲ Κούρητές σε περὶ πρύλιν ὠρχήσαντο
Hymn to Zeus,1,53,True,LSSSLLLSSLSSLSSLL,LSSSLLLSSLSSLSSLL,99.0,0,0,unmetrical,ευ:L:nature ε:S:nature α:S:lexicon ε:S:nature η:L:nature η:L:nature ο:L:position ε:S:nature ι:S:lexicon α:L:lexicon ο:S:nature ο:S:nature ου:L:nature α:S:lexicon ι:S:lexicon η:L:nature η:L:line_final,"τεύχεα πεπηήγοντες, ἵνα Κρόνος οὔασιν ἠχὴν"
Hymn to Zeus,1,54,True,LSSLSSLLLSSLLLL,LSSLSSLLLSSLLLL,1.5,1,1,,α:L:position ι:S:lexicon ο:S:nature ει:L:nature α:S:unknown ι:S:paroxytone_short_ultima οι:L:nature αι:L:nature η:L:nature ε:S:nature ο:S:nature ου:L:nature ι:L:position ο:L:position ο:L:line_final,ἀσπίδος εἰσαΐοι καὶ μή σεο κουρίζοντος.
Hymn to Zeus,1,55,True,LSSLLLSSLSSLSSLL,LSSLLLSSLSSLSSLL,1.0,1,3,lexicon_overridden,α:L:lexicon α:S:lexicon ε:S:nature η:L:nature ε:L:position ευ:L:nature α:S:lexicon α:S:lexicon ε:L:position α:S:unknown ε:S:nature ου:L:nature α:S:unknown ι:S:unknown ε:L:position ευ:L:line_final,"καλὰ μὲν ἠέξευ, καλὰ δ’ ἔτραφες, οὐράνιε Ζεῦ,"
Hymn to Zeus,1,56,True,LSSLLLSSLSSLSSLL,LSSLLLSSLSSLSSLL,0.5,1,4,correption,ο:L:position υ:S:lexicon α:S:unknown η:L:nature η:L:nature α:L:antepenult_accent α:S:unknown ι:S:unknown οι:L:nature ε:S:nature οι:S:nature η:L:nature+position ο:S:nature ι:S:unknown ου:L:nature οι:L:line_final,"ὀξὺ δ’ ἀνήβησας, ταχινοὶ δέ τοι ἦλθον ἴουλοι."
Hymn to Zeus,1,57,True,LSSLSSLLLSSLSSLL,LSSLSSLLLSSLSSLL,0.0,1,1,,α:L:position ε:S:nature ι:S:lexicon αι:L:nature+position ο:S:nature ε:S:nature ω:L:nature ε:L:position α:L:position α:S:unknown ο:S:nature α:L:lexicon α:S:lexicon ε:S:nature ει:L:nature α:L:antepenult_accent,ἀλλ’ ἔτι παιδνὸς ἐὼν ἐφράσσαο πάντα τέλεια·
Hymn to Zeus,1,58,True,LLLLLSSLSSLSSLL,LLLLLSSLSSLSSLL,0.0,1,0,,ω:L:nature οι:L:nature αι:L:nature+position ω:L:nature οι:L:nature+position ο:S:nature ε:S:nature η:L:nature ε:S:nature ε:S:nature ε:L:position ε:S:nature ε:S:nature ο:L:position ε:L:line_final,τῶ τοι καὶ γνωτοὶ προτερηγενέες περ ἐόντες
Hymn to Zeus,1,59,True,LSSLSSLSSLSSLSSLL,LSSLSSLSSLSSLSSLL,0.0,1,2,,ου:L:nature α:S:lexicon ο:S:nature ου:L:nature ε:S:nature ε:S:nature η:L:nature α:S:antepenult_accent ε:S:nature ει:L:nature ε:S:nature ι:S:unknown αι:L:nature ι:S:unknown ο:S:nature οι:L:nature ο:L:line_final,οὐρανὸν οὐκ ἐμέγηραν ἔχειν ἐπιδαίσιον οἶκον.
Hymn to Zeus,1,60,True,LLLLLSSLSSLSSLL,LLLLLSSLSSLSSLL,0.0,1,2,,η:L:nature αι:L:nature οι:L:nature ου:L:nature α:L:paroxytone_short_ultima α:S:lexicon α:S:unknown η:L:nature ε:S:nature ε:S:nature η:L:nature α:S:lexicon α:S:unknown οι:L:nature οι:L:line_final,δηναιοὶ δ’ οὐ πάμπαν ἀληθέες ἦσαν ἀοιδοί.
Hymn to Zeus,1,61,True,LSSLSSLSSLSSLSSLL,LSSLSSLSSLSSLSSLL,0.0,1,3,,α:L:paroxytone_short_ultima ο:S:nature α:S:paroxytone_short_ultima ο:L:position ο:S:nature ι:S:unknown η:L:nature ι:S:antepenult_accent ι:S:unknown α:L:position ι:S:unknown α:S:antepenult_accent ω:L:nature α:S:lexicon α:S:lexicon ει:L:nature αι:L:line_final,φάντο πάλον Κρονίδῃσι διάτριχα δώματα νεῖμαι·
Hymn to Zeus,1,62,True,LSSLLLSSLSSLSSLL,LSSLLLSSLSSLSSLL,1.5,1,2,correption;override,ι:L:lexicon ε:S:nature ε:S:nature ου:L:nature υ:L:position ω:L:nature ε:S:nature αι:S:nature α:L:unknown ι:S:unknown ι:S:antepenult_accent η:L:nature ο:S:nature ε:S:nature υ:L:lexicon αι:L:line_final,"τίς δέ κ’ ἐπ’ Οὐλύμπῳ τε καὶ Ἄιδι κλῆρον ἐρύσσαι,"
Hymn to Zeus,1,63,True,LSSLSSLSSLLLSSLL,LSSLSSLSSLLLSSLL,0.0,1,2,,ο:L:position α:S:lexicon α:S:lexicon η:L:nature ε:S:nature ι:S:unknown η:L:nature ο:S:nature ε:S:nature ι:L:unknown αι:L:nature η:L:nature α:S:lexicon ε:S:nature οι:L:nature ε:L:line_final,ὃς μάλα μὴ νενίηλος; ἐπ’ ἰσαίῃ γὰρ ἔοικε
Hymn to Zeus,1,64,True,LLLSSLSSLSSLSSLL,LLLSSLSSLSSLSSLL,1.0,1,0,lexicon_overridden,η:L:nature α:L:position αι:L:nature α:S:lexicon ε:S:nature ο:L:position ο:S:nature ο:S:nature ο:L:position ι:S:lexicon α:S:lexicon ει:L:nature+position ο:S:nature ε:S:nature ου:L:nature ι:L:lexicon,πήλασθαι· τὰ δὲ τόσσον ὅσον διὰ πλεῖστον ἔχουσι.
Hymn to Zeus,1,65,True,LLLSSLSSLSSLSSLL,LLLSSLSSLSSLSSLL,0.0,1,3,,ευ:L:nature οι:L:nature η:L:nature α:S:unknown ι:S:unknown ο:L:position ο:S:nature α:S:lexicon ε:L:position ε:S:nature ι:S:lexicon οι:L:nature ε:S:nature α:S:unknown ου:L:nature η:L:line_final,ψευδοίμην ἀίοντος ἅ κεν πεπίθοιεν ἀκουήν.
Hymn to Zeus,1,66,True,LSSLLLSSLSSLSSLL,LSSLLLSSLSSLSSLL,0.0,1,0,,ου:L:nature ε:S:nature ε:S:nature ω:L:nature ε:L:position η:L:nature α:S:properispomenon α:S:paroxytone_short_ultima οι:L:nature ε:S:nature α:S:lexicon ε:L:position α:S:lexicon ε:S:nature ει:L:nature ω:L:line_final,"οὔ σε θεῶν ἐσσῆνα πάλοι θέσαν, ἔργα δὲ χειρῶν,"
Hymn to Zeus,1,67,True,LSSLSSLSSLSSLSSLL,LSSLSSLSSLSSLSSLL,0.0,1,2,,η:L:nature ε:S:nature ι:S:lexicon η:L:nature ο:S:nature ε:S:nature α:L:paroxytone_short_ultima ο:S:nature ο:S:nature αι:L:nature ε:S:nature α:S:unknown ει:L:nature α:S:unknown ο:S:nature ι:L:position ου:L:line_final,"σή τε βίη τό τε κάρτος, ὃ καὶ πέλας εἵσαο δίφρου."
Hymn to Zeus,1,68,True,LSSLLLSSLSSLSSLL,LSSLLLSSLSSLSSLL,0.0,1,2,,η:L:nature α:S:unknown ο:S:nature οι:L:nature ω:L:nature ω:L:nature+position ε:S:nature υ:S:lexicon ει:L:nature ο:S:nature ο:S:nature α:L:position ε:S:nature ι:S:unknown ω:L:nature η:L:line_final,θήκαο δ’ οἰωνῶν μέγ’ ὑπείροχον ἀγγελιώτην
Hymn to Zeus,1,69,True,LSSLSSLSSLLLSSLL,LSSLSSLSSLLLSSLL,0.0,1,0,,ω:L:nature+position ε:S:nature α:S:lexicon ω:L:nature α:S:lexicon ε:S:nature οι:L:nature ι:S:lexicon ι:S:lexicon οι:L:nature ε:L:position ε:L:position ι:S:lexicon α:S:lexicon αι:L:nature οι:L:line_final,σῶν τεράων· ἅ τ’ ἐμοῖσι φίλοις ἐνδέξια φαίνοις.
Hymn to Zeus,1,70,True,LSSLLLSSLSSLSSLL,LSSLLLSSLSSLSSLL,0.0,1,0,,ει:L:nature ε:S:nature ο:S:nature αι:L:nature+position η:L:nature ω:L:nature ο:S:nature ι:S:lexicon ε:L:position α:S:lexicon ο:S:nature ου:L:nature υ:S:lexicon ε:S:nature η:L:nature ω:L:line_final,εἵλεο δ’ αἰζηῶν ὅ τι φέρτατον· οὐ σύ γε νηῶν
Hymn to Zeus,1,71,True,LSSLLLSSLSSLSSLL,LSSLLLSSLSSLSSLL,0.0,1,4,,ε:L:position ε:S:nature α:S:unknown ου:L:nature ου:L:nature α:L:lexicon α:S:lexicon α:S:unknown ε:L:position α:S:unknown ο:S:nature ου:L:nature ε:S:nature α:S:unknown οι:L:nature ο:L:line_final,"ἐμπεράμους, οὐκ ἄνδρα σακέσπαλον, οὐ μὲν ἀοιδόν·"
Hymn to Zeus,1,72,True,LSSLSSLSSLSSLSSLL,LSSLSSLSSLSSLSSLL,0.0,1,1,,α:L:position α:S:lexicon α:S:lexicon ε:L:position α:S:lexicon α:S:lexicon ε:L:position ι:S:lexicon ο:S:nature ι:L:position ο:S:nature ι:S:antepenult_accent αυ:L:nature ι:S:lexicon α:S:unknown η:L:nature α:L:properispomenon,ἀλλὰ τὰ μὲν μακάρεσσιν ὀλίζοσιν αὖθι παρῆκας
Hymn to Zeus,1,73,True,LSSLSSLSSLSSLSSLL,LSSLSSLSSLSSLSSLL,0.0,1,1,,α:L:paroxytone_short_ultima α:S:lexicon ε:S:nature ει:L:nature ε:S:nature ε:S:nature οι:L:nature ι:S:lexicon υ:S:lexicon ε:L:position ε:S:nature ε:S:nature ο:L:position ο:S:nature ι:S:unknown α:L:position ου:L:line_final,"ἄλλα μέλειν ἑτέροισι, σὺ δ’ ἐξέλεο πτολιάρχους"
Hymn to Zeus,1,74,True,LLLSSLSSLSSLSSLL,LLLSSLSSLSSLSSLL,1.0,1,1,cluster_short,αυ:L:nature ου:L:nature ω:L:nature υ:S:lexicon ο:S:nature ει:L:nature α:S:lexicon ε:S:nature ω:L:nature ο:S:nature ο:S:nature ω:L:nature ι:S:position ι:S:unknown αι:L:nature+position η:L:line_final,"αὐτούς, ὧν ὑπὸ χεῖρα γεωμόρος, ὧν ἴδρις αἰχμῆς,"
Hymn to Zeus,1,75,True,LSSLLLSSLSSLSSLL,LSSLLLSSLSSLSSLL,2.0,1,1,synizesis;synizesis,ω:L:nature ε:S:nature ε:S:nature η:L:nature ω:L:nature+position α:L:lexicon α:S:lexicon ι:S:lexicon ου:L:nature+position α:S:unknown ε:S:nature ο:L:position ο:S:nature υ:S:lexicon ιο:L:synizesis υ:L:line_final,"ὧν ἐρέτης, ὧν πάντα· τί δ’ οὐ κρατέοντος ὑπ’ ἰοχύν;"
Hymn to Zeus,1,76,True,LSSLLLSSLSSLLLL,LSSLLLSSLSSLLLL,1.5,1,1,,αυ:L:nature ι:S:lexicon α:S:lexicon α:L:position η:L:nature α:L:properispomenon ε:S:nature υ:S:unknown ει:L:nature ο:S:nature ε:S:nature η:L:nature αι:L:nature+position οι:L:nature ο:L:line_final,"αὐτίκα χαλκῆας μὲν ὑδείομεν Ἡφαίστοιο,"
Hymn to Zeus,1,77,True,LLLLLSSLLLSSLL,LLLLLSSLLLSSLL,1.0,1,1,lexicon_overridden,ευ:L:nature η:L:nature+position α:L:position α:L:lexicon η:L:nature ο:S:nature ε:S:nature α:L:position η:L:nature α:L:properispomenon ε:S:nature ι:S:unknown ω:L:nature η:L:line_final,"τευχηστὰς δ’ Ἄρηος, ἐπακτῆρας δὲ Χιτώνης"
Hymn to Zeus,1,78,True,LSSLLLSSLLLSSLL,LSSLLLSSLLLSSLL,0.0,1,2,,α:L:position ε:S:nature ι:S:lexicon ο:L:position οι:L:nature ου:L:nature ε:S:nature υ:S:unknown η:L:nature ευ:L:nature ει:L:nature ο:S:nature α:S:unknown οι:L:nature ου:L:line_final,"Ἀρτέμιδος, Φοίβου δὲ λύρης εὖ εἰδότας οἴμους·"
Hymn to Zeus,1,79,True,LSSLSSLSSLSSLSSLL,LSSLSSLSSLSSLSSLL,0.0,1,0,,ε:L:position ε:S:nature ι:S:lexicon ο:L:position α:S:lexicon ι:S:lexicon η:L:nature ε:S:nature ε:S:nature ει:L:nature ι:S:lexicon ο:S:nature ου:L:nature ε:S:nature α:S:lexicon α:L:lexicon ω:L:line_final,"ἐκ δὲ Διὸς βασιλῆες, ἐπεὶ Διὸς οὐδὲν ἀνάκτων"
Hymn to Zeus,1,80,True,LSSLLLSSLLLSSLL,LSSLLLSSLLLSSLL,0.0,1,2,,ει:L:nature ο:S:nature ε:S:nature ο:L:position ω:L:nature αι:L:nature+position ε:S:nature ε:S:nature η:L:nature ε:L:position ι:L:unknown α:S:unknown ο:S:nature α:L:position ι:L:line_final,θειότερον· τῶ καί σφε τεὴν ἐκρίναο λάξιν.
Hymn to Zeus,1,81,True,LLLSSLSSLSSLSSLL,LLLSSLSSLSSLSSLL,0.0,1,1,,ω:L:nature α:L:properispomenon ε:L:position ο:S:nature ι:S:lexicon ε:L:position α:S:lexicon υ:S:unknown α:L:position ε:S:nature ε:S:nature ι:L:position ε:S:nature ο:S:nature αυ:L:nature ο:L:line_final,"δῶκας δὲ πτολίεθρα φυλασσέμεν, ἵζεο δ’ αὐτὸς"
Hymn to Zeus,1,82,True,LLLSSLSSLSSLSSLL,LLLSSLSSLSSLSSLL,0.0,1,3,,α:L:position η:L:nature ε:L:position ο:S:nature ι:S:unknown ε:L:position ι:S:antepenult_accent ε:S:nature ο:L:position ι:S:unknown ο:S:nature οι:L:nature ε:S:nature ι:S:unknown η:L:nature ι:L:antepenult_accent,"ἄκρῃσ’ ἐν πολίεσσιν, ἐπόψιος οἵ τε δίκῃσι"
Hymn to Zeus,1,83,True,LSSLSSLLLLLSSLL,LSSLSSLLLLLSSLL,1.5,2,4,override,α:L:lexicon ο:S:nature υ:S:lexicon ο:L:position ο:S:nature ι:S:unknown η:L:nature οι:L:nature ε:L:position α:L:unknown ι:L:antepenult_accent ι:S:unknown υ:S:unknown ου:L:nature ι:L:antepenult_accent,λαὸν ὑπὸ σκολιῇσ’ οἵ τ’ ἔμπαλιν ἰθύνουσιν·
Hymn to Zeus,1,84,True,LSSLSSLSSLSSLSSLL,LSSLSSLSSLSSLSSLL,0.0,1,3,,ε:L:position ε:S:nature υ:S:unknown η:L:nature ε:S:nature ι:S:unknown η:L:nature ε:S:nature α:S:unknown ε:L:position ι:S:lexicon ι:S:lexicon ε:L:position α:S:lexicon ι:S:lexicon ο:L:position ο:L:line_final,"ἐν δὲ ῥυηφενίην ἔβαλές σφισιν, ἐν δ’ ἅλις ὄλβον·"
Hymn to Zeus,1,85,True,LSSLSSLSSLSSLLLL,LSSLSSLSSLSSLLLL,1.5,1,0,,α:L:lexicon ι:S:lexicon ε:S:nature ου:L:nature α:S:lexicon α:S:lexicon ι:L:lexicon ο:S:nature ε:S:nature οι:L:nature ε:S:nature ε:S:nature ε:L:position η:L:nature α:L:position αι:L:line_final,"πᾶσι μέν, οὐ μάλα δ’ ἶσον. ἔοικε δὲ τεκμήρασθαι"
Hymn to Zeus,1,86,True,LSSLSSLSSLSSLSSLL,LSSLSSLSSLSSLSSLL,0.0,1,0,,η:L:nature ε:S:nature ε:S:nature ω:L:nature ε:S:nature ε:S:nature ο:L:position ι:S:antepenult_accent ε:S:nature ι:L:position ο:S:nature α:S:lexicon ευ:L:nature υ:S:lexicon ε:S:nature η:L:nature ε:L:line_final,ἡμετέρῳ μεδέοντι· περιπρὸ γὰρ εὐρὺ βέβηκεν.
Hymn to Zeus,1,87,True,LSSLLLSSLSSLSSLL,LSSLLLSSLSSLSSLL,0.0,1,0,,ε:L:position ε:S:nature ι:S:lexicon ο:L:position ει:L:nature ο:L:position ε:S:nature ε:S:nature ει:L:nature α:S:lexicon ε:S:nature η:L:nature ι:S:lexicon ο:S:nature η:L:nature η:L:line_final,ἑσπέριος κεῖνός γε τελεῖ τά κεν ἦρι νοήσῃ·
Hymn to Zeus,1,88,True,LSSLSSLSSLSSLSSLL,LSSLSSLSSLSSLSSLL,0.0,1,0,,ε:L:position ε:S:nature ι:S:lexicon ο:L:position α:S:lexicon ε:S:nature ι:L:position α:S:lexicon α:S:lexicon ει:L:nature ο:S:nature α:S:lexicon ευ:L:nature ε:S:nature ο:S:nature η:L:nature η:L:line_final,"ἑσπέριος τὰ μέγιστα, τὰ μείονα δ’, εὖτε νοήσῃ."
Hymn to Zeus,1,89,True,LSSLLLSSLSSLSSLL,LSSLLLSSLSSLSSLL,0.0,1,1,,οι:L:nature ε:S:nature α:S:lexicon ε:L:position ει:L:nature ω:L:nature ι:S:properispomenon α:S:lexicon ου:L:nature ε:S:nature ι:S:unknown ω:L:nature+position α:S:lexicon ο:S:nature α:L:paroxytone_short_ultima α:L:lexicon,"οἱ δὲ τὰ μὲν πλειῶνι, τὰ δ’ οὐχ ἑνί, τῶν δ’ ἀπὸ πάμπαν"
Hymn to Zeus,1,90,True,LSSLSSLSSLLLSSLL,LSSLSSLSSLLLSSLL,0.0,1,1,,αυ:L:nature ο:S:nature α:S:unknown η:L:nature ε:S:nature ο:S:nature ου:L:nature α:S:antepenult_accent ε:S:nature ε:L:position α:L:position α:L:antepenult_accent ε:S:nature ε:S:nature οι:L:nature η:L:line_final,"αὐτὸς ἄνην ἐκόλουσας, ἐνέκλασσας δὲ μενοινήν."
Hymn to Zeus,1,91,True,LSSLSSLSSLSSLSSLL,LSSLSSLSSLSSLSSLL,0.0,1,3,,αι:L:nature ε:S:nature ε:S:nature α:L:lexicon ο:S:nature ι:S:lexicon η:L:nature α:S:unknown υ:S:unknown ε:L:position α:S:unknown ε:S:nature ω:L:nature ο:S:nature ε:S:nature α:L:lexicon ω:L:line_final,"χαῖρε μέγα, Κρονίδη πανυπέρτατε, δῶτορ ἐάων,"
Hymn to Zeus,1,92,True,LSSLSSLSSLSSLSSLL,LSSLSSLSSLSSLSSLL,0.0,1,5,,ω:L:nature ο:S:nature α:S:unknown η:L:nature ο:S:nature ι:S:unknown η:L:nature+position ε:S:nature α:S:unknown ε:L:position α:S:unknown α:S:antepenult_accent ι:L:lexicon ε:S:nature α:S:unknown ει:L:nature οι:L:line_final,δῶτορ ἀπημονίης. τεὰ δ’ ἔργματα τίς κεν ἀείδοι;
Hymn to Zeus,1,93,True,LSSLLLLLSSLSSLL,LSSLLLLLSSLSSLL,0.0,1,2,,ου:L:nature ε:S:nature ε:S:nature ου:L:nature ε:L:position αι:L:nature ι:L:lexicon ε:L:position ι:S:lexicon ο:S:nature ε:L:position α:S:unknown α:S:unknown ει:L:nature αι:L:line_final,"οὐ γένετ’, οὐκ ἔσται, τίς κεν Διὸς ἔργματ’ ἀείσαι."
Hymn to Zeus,1,94,True,LSSLLLSSLSSLSSLL,LSSLLLSSLSSLSSLL,0.0,1,1,,αι:L:nature ε:S:nature α:S:lexicon ε:L:position αι:L:nature αυ:L:nature ι:S:lexicon ι:S:lexicon ου:L:nature α:S:lexicon ε:S:nature η:L:nature+position α:S:unknown ε:S:nature ο:L:position ε:L:line_final,"χαῖρε πάτερ, χαῖρ’ αὖθι· δίδου δ’ ἀρετήν τ’ ἄφενός τε."
Hymn to Zeus,1,95,True,LSSLSSLSSLSSLSSLL,LSSLSSLSSLSSLSSLL,0.5,1,1,correption,ου:L:nature α:S:lexicon ε:S:nature η:L:nature α:S:lexicon ε:S:nature ο:L:position ο:S:nature ε:S:nature ι:L:position α:S:unknown αι:S:nature α:L:lexicon α:S:lexicon α:S:lexicon ε:L:position ει:L:line_final,οὔτ’ ἀρετῆς ἄτερ ὄλβος ἐπίσταται ἄνδρας ἀέξειν
Hymn to Zeus,1,96,True,LSSLSSLSSLSSLSSLL,LSSLSSLSSLSSLSSLL,0.5,1,1,correption,ου:L:nature α:S:lexicon ε:S:nature η:L:nature α:S:unknown ε:S:nature οι:L:nature ο:S:nature ι:S:lexicon ου:L:nature α:S:lexicon ε:S:nature η:L:nature+position ε:S:nature αι:S:nature ο:L:position ο:L:line_final,οὔτ’ ἀρετὴ ἀφένοιο· δίδου δ’ ἀρετήν τε καὶ ὄλβον.
Hymn to Apollo,1,1,True,LSSLLLSSLSSLSSLL,LSSLLLSSLSSLSSLL,0.0,1,2,,οι:L:nature ο:S:nature ο:S:nature ω:L:nature ο:L:position ω:L:nature ο:S:nature ε:S:nature ει:L:nature α:S:unknown ο:S:nature α:L:position ι:S:unknown ο:S:nature ο:L:position η:L:line_final,"οἷον ὁ τὠπόλλωνος ἐσείσατο δάφνινος ὅρπηξ,"
Hymn to Apollo,1,2,True,LSSLSSLSSLSSLSSLL,LSSLSSLSSLSSLSSLL,0.0,1,1,,οι:L:nature α:S:lexicon ο:S:nature ο:L:position ο:S:nature ε:S:nature α:L:position ο:S:nature ε:S:nature α:L:unknown ε:S:nature α:S:lexicon ο:L:position ι:S:lexicon α:S:lexicon ι:L:position ο:L:line_final,"οἷα δ’ ὅλον τὸ μέλαθρον· ἑκάς, ἑκὰς ὅστις ἀλιτρός."
Hymn to Apollo,1,3,True,LLLSSLSSLSSLSSLL,LLLSSLSSLSSLSSLL,1.0,1,1,lexicon_overridden,αι:L:nature η:L:nature ου:L:nature α:S:lexicon υ:S:lexicon ε:L:position α:S:lexicon α:S:lexicon ω:L:nature ο:S:nature ι:S:lexicon οι:L:nature ο:S:nature α:S:unknown α:L:position ει:L:line_final,καὶ δή που τὰ θύρετρα καλῷ ποδὶ Φοῖβος ἀράσσει·
Hymn to Apollo,1,4,True,LSSLSSLSSLSSLSSLL,LSSLSSLSSLSSLSSLL,0.0,1,2,,ου:L:nature ο:S:nature α:S:lexicon α:L:nature ε:S:nature ε:S:nature ευ:L:nature ε:S:nature ο:S:nature η:L:nature ι:S:unknown ο:S:nature η:L:nature υ:S:unknown ι:S:lexicon οι:L:nature ι:L:lexicon,οὐχ ὁράᾳς; ἐπένευσεν ὁ Δήλιος ἡδύ τι φοῖνιξ
Hymn to Apollo,1,5,True,LSSLSSLSSLSSLSSLL,LSSLSSLSSLSSLSSLL,0.0,1,1,,ε:L:position α:S:lexicon ι:S:lexicon η:L:nature ο:S:nature ε:S:nature υ:L:paroxytone_short_ultima ο:S:nature ε:S:nature η:L:nature ε:S:nature ι:S:lexicon α:L:lexicon ο:S:nature α:S:unknown ει:L:nature ει:L:line_final,"ἐξαπίνης, ὁ δὲ κύκνος ἐν ἠέρι καλὸν ἀείδει."
Hymn to Apollo,1,6,True,LLLSSLSSLLLSSLL,LLLSSLSSLLLSSLL,0.0,1,3,,αυ:L:nature οι:L:nature υ:L:lexicon α:S:unknown ο:S:nature η:L:nature ε:S:nature α:S:unknown α:L:position ι:L:unknown ε:L:position ε:S:nature υ:S:lexicon α:L:lexicon ω:L:line_final,"αὐτοὶ νῦν κατοχῆες ἀνακλίνεσθε πυλάων,"
Hymn to Apollo,1,7,True,LLLLLSSLSSLSSLL,LLLLLSSLSSLSSLL,0.0,1,0,,αυ:L:nature αι:L:nature ε:L:position η:L:nature ι:L:lexicon ε:S:nature ο:S:nature α:L:lexicon ε:S:nature ο:S:nature ου:L:nature ε:S:nature ι:S:lexicon α:L:position η:L:line_final,αὐταὶ δὲ κληῖδες· ὁ γὰρ θεὸς οὐκέτι μακρήν·
Hymn to Apollo,1,8,True,LSSLLLSSLSSLLLL,LSSLLLSSLSSLLLL,3.0,1,1,correption,οι:L:nature ε:S:nature ε:S:nature οι:L:nature ο:L:position η:L:nature+position ε:S:nature αι:S:nature ε:L:position ο:S:nature ο:S:nature ε:L:position υ:L:unknown ε:L:position ε:L:line_final,οἱ δὲ νέοι μολπήν τε καὶ ἐς χορὸν ἐντύνεσθε.
Hymn to Apollo,1,9,True,LLLLLSSLSSLSSLL,LLLLLSSLSSLSSLL,0.5,1,1,correption,ω:L:nature ο:L:position ω:L:nature ου:L:nature α:L:lexicon ι:S:lexicon α:S:unknown ει:L:nature ε:S:nature αι:S:nature α:L:position ο:S:nature ι:S:lexicon ε:L:position ο:L:line_final,"ὡπόλλων οὐ παντὶ φαείνεται, ἀλλ’ ὅ τις ἐσθλός·"
Hymn to Apollo,1,10,True,LSSLSSLSSLSSLSSLL,LSSLSSLSSLSSLSSLL,0.0,1,1,,ο:L:position ι:S:lexicon ι:S:lexicon η:L:nature ε:S:nature α:S:lexicon ου:L:nature ο:S:nature ο:S:nature ου:L:nature ι:S:lexicon ε:S:nature ι:L:unknown ο:S:nature ε:S:nature ει:L:nature ο:L:line_final,"ὅς μιν ἴδῃ, μέγας οὗτος, ὃς οὐκ ἴδε, λιτὸς ἐκεῖνος."
Hymn to Apollo,1,11,True,LSSLSSLSSLSSLSSLL,LSSLSSLSSLSSLSSLL,1.5,1,1,correption,ο:L:position ο:S:nature ε:S:nature ω:L:nature ε:S:nature α:S:lexicon ε:L:position ε:S:nature αι:S:nature ε:L:position ο:S:nature ε:S:nature ου:L:nature ο:S:nature ε:S:nature ι:L:unknown οι:L:line_final,"ὀψόμεθ’, ὦ Ἑκάεργε, καὶ ἐσσόμεθ’ οὔποτε λιτοί."
Hymn to Apollo,1,12,True,LSSLLLSSLLLSSLL,LSSLLLSSLLLSSLL,0.0,1,1,,η:L:nature ε:S:nature ι:S:unknown ω:L:nature η:L:nature η:L:nature+position ι:S:lexicon α:S:lexicon ι:L:lexicon η:L:nature α:L:position ο:S:nature ο:S:nature ι:L:paroxytone_short_ultima ο:L:line_final,μήτε σιωπηλὴν κίθαριν μήτ’ ἄψοφον ἴχνος
Hymn to Apollo,1,13,True,LLLLLSSLSSLLLL,LLLLLSSLSSLLLL,1.5,1,1,,ου:L:nature οι:L:nature ου:L:nature ου:L:nature+position αι:L:nature α:S:lexicon ε:S:nature ει:L:nature ε:S:nature ι:S:unknown η:L:nature η:L:nature α:L:position ο:L:line_final,"τοῦ Φοίβου τοὺς παῖδας ἔχειν ἐπιδημήσαντος,"
Hymn to Apollo,1,14,True,LSSLLLSSLSSLSSLL,LSSLLLSSLSSLSSLL,0.0,1,1,,ει:L:nature ε:S:nature ε:S:nature ει:L:nature+position ε:L:position ου:L:nature ι:S:antepenult_accent α:S:lexicon ο:L:position ο:S:nature ι:S:unknown η:L:nature+position ε:S:nature ε:S:nature ει:L:nature+position αι:L:line_final,"εἰ τελέειν μέλλουσι γάμον πολιήν τε κερεῖσθαι,"
Hymn to Apollo,1,15,True,LLLSSLSSLLLSSLL,LLLSSLSSLLLSSLL,0.0,1,0,,ε:L:position η:L:nature+position ει:L:nature+position ε:S:nature ο:S:nature ει:L:nature ο:S:nature ε:S:nature α:L:position αι:L:nature οι:L:nature ι:S:antepenult_accent ε:S:nature ε:L:position οι:L:line_final,ἑστήξειν δὲ τὸ τεῖχος ἐπ’ ἀρχαίοισι θεμέθλοις.
Hymn to Apollo,1,16,True,LSSLLLSSLSSLSSLL,LSSLLLSSLSSLSSLL,0.0,1,4,,η:L:nature α:S:unknown α:S:unknown η:L:nature+position ου:L:nature+position αι:L:nature α:S:lexicon ε:S:nature ει:L:nature ε:S:nature υ:S:unknown ου:L:nature ε:S:nature α:S:unknown ε:L:position ο:L:line_final,"ἠγασάμην τοὺς παῖδας, ἐπεὶ χέλυς οὐκέτ’ ἀεργός."
Hymn to Apollo,1,17,True,LLLSSLSSLLLSSLL,LLLSSLSSLLLSSLL,1.0,1,2,lexicon_overridden,ευ:L:nature η:L:nature ει:L:nature α:S:unknown ι:S:unknown ο:L:position ε:S:nature ε:S:nature α:L:lexicon ο:L:position ω:L:nature ο:S:nature α:S:lexicon οι:L:nature η:L:line_final,εὐφημεῖτ’ ἀίοντες ἐπ’ Ἀπόλλωνος ἀοιδῇ.
Hymn to Apollo,1,18,True,LLLLLSSLLLSSLL,LLLLLSSLLLSSLL,0.0,1,0,,ευ:L:nature η:L:nature ει:L:nature αι:L:nature ο:L:position ο:S:nature ο:S:nature ε:L:position ει:L:nature ου:L:nature ι:S:lexicon α:S:lexicon οι:L:nature οι:L:line_final,"εὐφημεῖ καὶ πόντος, ὅτε κλείουσιν ἀοιδοὶ"
Hymn to Apollo,1,19,True,LSSLLLSSLSSLSSLL,LSSLLLSSLSSLSSLL,1.0,1,1,lexicon_overridden,η:L:nature ι:S:lexicon α:S:lexicon ι:L:lexicon η:L:nature ο:L:position α:S:lexicon υ:S:unknown ω:L:nature ε:S:nature ο:S:nature ε:L:position ε:S:nature α:S:lexicon οι:L:nature ου:L:line_final,"ἢ κίθαριν ἢ τόξα, Λυκωρέος ἔντεα Φοίβου."
Hymn to Apollo,1,20,True,LSSLSSLSSLSSLSSLL,LSSLSSLSSLSSLSSLL,1.5,1,3,correption;lexicon_overridden,ου:L:nature ε:S:nature ε:S:nature ι:L:lexicon α:S:lexicon ι:S:lexicon η:L:nature α:S:lexicon ι:S:unknown υ:L:unknown ε:S:nature αι:S:nature αι:L:nature ι:S:unknown α:S:antepenult_accent η:L:nature η:L:line_final,"οὐδὲ Θέτις Ἀχιλῆα κινύρεται αἴλινα μήτηρ,"
Hymn to Apollo,1,21,True,LSSLLLSSLLLSSLL,LSSLLLSSLLLSSLL,0.0,1,2,,ο:L:position ο:S:nature ι:S:unknown η:L:nature αι:L:nature η:L:nature ο:S:nature ι:S:unknown η:L:nature αι:L:nature η:L:nature ο:S:nature α:S:lexicon ου:L:nature η:L:line_final,ὁππόθ’ ἱὴ παιῆον ἱὴ παιῆον ἀκούσῃ.
Hymn to Apollo,1,22,True,LSSLSSLSSLSSLSSLL,LSSLSSLSSLSSLSSLL,0.5,1,2,correption,αι:L:nature ε:S:nature ο:S:nature α:L:position υ:S:lexicon ο:S:nature ει:L:nature α:S:unknown α:S:unknown α:L:position ε:S:nature αι:S:nature α:L:position ε:S:nature α:S:lexicon ε:L:position ο:L:line_final,"καὶ μὲν ὁ δακρυόεις ἀναβάλλεται ἄλγεα πέτρος,"
Hymn to Apollo,1,23,True,LSSLSSLSSLSSLLLL,LSSLSSLSSLSSLLLL,1.5,1,1,,ο:L:position ι:S:lexicon ε:S:nature ι:L:lexicon υ:S:lexicon ι:S:lexicon η:L:nature ι:S:unknown ε:S:nature ο:L:position ι:S:lexicon ο:S:nature ε:L:position η:L:nature ι:L:position αι:L:line_final,"ὅστις ἐνὶ Φρυγίῃ διερὸς λίθος ἐστήρικται,"
Hymn to Apollo,1,24,True,LSSLSSLSSLLLSSLL,LSSLSSLSSLLLSSLL,0.0,1,2,,α:L:position α:S:lexicon ο:S:nature α:L:position ι:S:lexicon υ:S:lexicon αι:L:nature ο:S:nature ο:S:nature ι:L:position υ:L:unknown ο:L:position ι:S:lexicon α:S:unknown ου:L:nature η:L:line_final,μάρμαρον ἀντὶ γυναικὸς ὀιζυρόν τι χανούσης.
Hymn to Apollo,1,25,True,LSSLLLSSLSSLSSLL,LSSLLLSSLSSLSSLL,0.5,1,2,correption,ι:L:unknown η:S:nature ι:S:unknown η:L:nature+position ε:L:position ε:L:position ε:S:nature α:S:lexicon ο:L:position α:S:lexicon α:S:lexicon ε:L:position ι:S:lexicon ε:S:nature ι:L:lexicon ει:L:line_final,ἱὴ ἱὴ φθέγγεσθε· κακὸν μακάρεσσιν ἐρίζειν.
Hymn to Apollo,1,26,True,LSSLSSLSSLSSLSSLL,LSSLSSLSSLSSLSSLL,0.0,1,1,,ο:L:position α:S:unknown ε:S:nature αι:L:nature α:S:lexicon α:S:lexicon ε:L:position ι:S:lexicon ε:S:nature ω:L:nature α:S:lexicon ι:S:lexicon η:L:nature ι:S:lexicon α:S:lexicon οι:L:nature ο:L:line_final,"ὃς μάχεται μακάρεσσιν, ἐμῷ βασιλῆι μάχοιτο·"
Hymn to Apollo,1,27,True,LSSLSSLSSLLLSSLL,LSSLSSLSSLLLSSLL,0.5,1,0,correption,ο:L:position ι:S:lexicon ε:S:nature ω:L:nature α:S:lexicon ι:S:lexicon η:L:nature ι:S:lexicon αι:S:nature α:L:lexicon ο:L:position ω:L:nature ι:S:lexicon α:S:lexicon οι:L:nature ο:L:line_final,"ὅστις ἐμῷ βασιλῆι, καὶ Ἀπόλλωνι μάχοιτο."
Hymn to Apollo,1,28,True,LSSLLLSSLSSLSSLL,LSSLLLSSLSSLSSLL,0.0,1,1,,ο:L:position ο:S:nature ο:S:nature ω:L:nature ο:L:position ω:L:nature ο:S:nature ι:S:lexicon οι:L:nature α:S:lexicon α:S:lexicon υ:L:lexicon ο:S:nature α:S:unknown ει:L:nature ει:L:line_final,"τὸν χορὸν ὡπόλλων, ὅ τι οἱ κατὰ θυμὸν ἀείδει,"
Hymn to Apollo,1,29,True,LLLSSLSSLSSLSSLL,LLLSSLSSLSSLSSLL,1.0,1,1,lexicon_overridden,ι:L:unknown η:L:nature ει:L:nature υ:S:lexicon α:S:lexicon αι:L:nature α:S:lexicon ε:S:nature ει:L:nature ι:S:lexicon ι:S:lexicon ε:L:position ι:S:lexicon ο:S:nature η:L:nature+position αι:L:line_final,"τιμήσει· δύναται γάρ, ἐπεὶ Διὶ δεξιὸς ἧσται."
Hymn to Apollo,1,30,True,LSSLLLSSLSSLSSLL,LSSLLLSSLSSLSSLL,0.0,1,1,,ου:L:nature ο:S:nature ο:S:nature ο:L:position ο:L:position οι:L:nature ο:S:nature ε:S:nature ε:L:position ο:S:nature ο:S:nature η:L:nature α:S:lexicon α:S:unknown ει:L:nature ει:L:line_final,"οὐδ’ ὁ χορὸς τὸν Φοῖβον ἐφ’ ἓν μόνον ἦμαρ ἀείσει,"
Hymn to Apollo,1,31,True,LSSLLLSSLSSLSSLL,LSSLLLSSLSSLSSLL,0.0,1,1,,ε:L:position ι:S:lexicon α:S:lexicon ευ:L:nature υ:L:position ο:L:position ι:S:lexicon α:S:lexicon ου:L:nature ε:S:nature α:S:lexicon οι:L:nature ο:S:nature α:S:unknown ει:L:nature οι:L:line_final,ἔστι γὰρ εὔυμνος· τίς ἂν οὐ ῥέα Φοῖβον ἀείδοι;
Hymn to Apollo,1,32,True,LSSLLLSSLSSLSSLL,LSSLLLSSLSSLSSLL,0.0,1,2,,υ:L:lexicon ε:S:nature α:S:lexicon ω:L:nature ο:L:position ω:L:nature ι:S:antepenult_accent ο:S:nature ε:L:position υ:S:unknown ο:S:nature η:L:nature ε:S:nature ι:S:unknown ο:L:position ι:L:line_final,χρύσεα τὠπόλλωνι τό τ’. ἐνδυτὸν ἥ τ’ ἐπιπορπὶς
Hymn to Apollo,1,33,True,LSSLSSLSSLSSLSSLL,LSSLSSLSSLSSLSSLL,0.0,1,4,,η:L:nature ε:S:nature υ:S:unknown η:L:nature ο:S:nature α:S:unknown ε:L:position α:S:antepenult_accent ο:S:nature υ:L:position ι:S:unknown ο:S:nature η:L:nature ε:S:nature α:S:unknown ε:L:position η:L:line_final,"ἥ τε λύρη τό τ’ ἄεμμα τὸ Λύκτιον ἥ τε φαρέτρη,"
Hymn to Apollo,1,34,True,LSSLSSLSSLLLSSLL,LSSLSSLSSLLLSSLL,0.0,1,0,,υ:L:lexicon ε:S:nature α:S:lexicon αι:L:nature α:S:lexicon ε:S:nature ι:L:lexicon α:S:lexicon ο:S:nature υ:L:position υ:L:lexicon ο:L:position α:S:lexicon α:S:lexicon ο:L:position ω:L:line_final,χρύσεα καὶ τὰ πέδιλα· πολύχρυσος γὰρ Ἀπόλλων.
Hymn to Apollo,1,35,True,LSSLSSLLLSSLLLL,LSSLSSLLLSSLLLL,1.5,1,3,,αι:L:nature ε:S:nature ο:S:nature υ:L:position ε:S:nature α:S:unknown ο:L:position υ:L:unknown ω:L:nature ι:S:unknown ε:S:nature ε:L:position η:L:nature αι:L:nature ο:L:line_final,καὶ δὲ πολυκτέανος· Πυθῶνί κε τεκμήραιο.
Hymn to Apollo,1,36,True,LSSLLLSSLSSLSSLL,LSSLLLSSLSSLSSLL,0.5,1,0,correption,αι:L:nature ε:S:nature α:S:lexicon ει:L:nature α:L:lexicon ο:L:position αι:S:nature α:S:lexicon ει:L:nature ε:S:nature ο:S:nature ου:L:nature ο:S:nature ε:S:nature οι:L:nature ου:L:line_final,καὶ μὲν ἀεὶ καλὸς καὶ ἀεὶ νέος· οὔποτε Θοίβου
Hymn to Apollo,1,37,True,LLLLLSSLSSLSSLL,LLLLLSSLSSLSSLL,0.0,1,1,,η:L:nature ει:L:nature η:L:nature ου:L:nature ο:L:position ο:S:nature ε:S:nature ι:L:lexicon ο:S:nature ο:S:nature η:L:nature+position ε:S:nature α:S:unknown ει:L:nature αι:L:line_final,θηλείῃσ’ οὐδ’ ὅσσον ἐπὶ χνόος ἦλθε παρειαῖς.
Hymn to Apollo,1,38,True,LSSLSSLSSLLLSSLL,LSSLSSLSSLLLSSLL,0.0,1,1,,αι:L:nature ε:S:nature ο:S:nature αι:L:nature υ:S:unknown ο:S:nature ε:L:position α:S:antepenult_accent ε:S:nature ω:L:nature ει:L:nature ου:L:nature ι:S:antepenult_accent ε:S:nature αι:L:nature α:L:antepenult_accent,αἱ δὲ κόμαι θυόεντα πέδῳ λείβουσιν ἔλαια·
Hymn to Apollo,1,39,True,LSSLLLSSLLLSSLL,LSSLLLSSLLLSSLL,1.0,1,1,lexicon_overridden,ου:L:nature ι:S:paroxytone_short_ultima ο:S:nature α:L:lexicon ο:L:position ω:L:nature ο:S:nature α:S:unknown ο:L:position α:L:position ου:L:nature ι:S:antepenult_accent ε:S:nature ει:L:nature αι:L:line_final,"οὐ λίπος Ἀπόλλωνος ἀποστάζουσιν ἔθειραι,"
Hymn to Apollo,1,40,True,LLLSSLSSLSSLSSLL,LLLSSLSSLSSLSSLL,0.0,1,2,,α:L:position αυ:L:nature η:L:nature+position α:S:unknown α:S:unknown ει:L:nature α:S:antepenult_accent ε:S:nature α:L:position ε:S:nature ι:S:antepenult_accent ω:L:nature ε:S:nature ε:S:nature ει:L:nature αι:L:line_final,ἀλλ’ αὐτὴν πανάκειαν· ἐν ἄστεϊ δ’ ᾧ κεν ἐκεῖναι
Hymn to Apollo,1,41,True,LSSLSSLSSLSSLSSLL,LSSLSSLSSLSSLSSLL,0.0,1,2,,ω:L:nature ε:S:nature ε:S:nature α:L:position ε:S:nature ε:S:nature ω:L:nature ι:S:antepenult_accent α:S:unknown η:L:nature ι:S:unknown α:S:antepenult_accent α:L:position ε:S:nature ε:S:nature ο:L:position ο:L:line_final,πρῶκες ἔραζε πέσωσιν ἀκήρια πάντ’ ἐγένοντο.
Hymn to Apollo,1,42,True,LLLSSLLLSSLSSLL,LLLSSLLLSSLSSLL,0.0,1,2,,ε:L:position η:L:nature α:L:position ι:S:unknown α:S:unknown η:L:nature ου:L:nature ι:L:lexicon ο:S:nature ο:S:nature ο:L:position ο:S:nature α:S:lexicon ο:L:position ω:L:line_final,τέχνῃ δ’ ἀμφιλαφὴς οὔ τις τόσον ὅσσον Ἀπόλλων·
Hymn to Apollo,1,43,True,LSSLLLSSLSSLSSLL,LSSLLLSSLSSLSSLL,0.0,1,1,,ει:L:nature ο:S:nature ο:S:nature ι:L:position ευ:L:nature η:L:nature ε:S:nature α:S:unknown α:L:lexicon ε:S:nature α:S:lexicon ει:L:nature ο:S:nature α:S:lexicon οι:L:nature ο:L:line_final,"κεῖνος ὀιστευτὴν ἔλαχ’ ἀνέρα, κεῖνος ἀοιδὸν"
Hymn to Apollo,1,44,True,LLLLLSSLSSLSSLL,LLLLLSSLSSLSSLL,0.5,1,1,correption,οι:L:nature ω:L:nature α:L:lexicon αι:L:nature ο:L:position ο:S:nature ε:S:nature ι:L:position ε:S:nature ε:S:nature αι:L:nature αι:S:nature α:S:unknown οι:L:nature η:L:line_final,"Φοίβῳ γὰρ καὶ τόξον ἐπιτρέπεται καὶ ἀοιδή,"
Hymn to Apollo,1,45,True,LLLLLLLSSLSSLL,LLLLLLLSSLSSLL,0.0,1,2,,ει:L:nature ου:L:nature ε:L:position ι:L:unknown αι:L:nature αι:L:nature α:L:position ι:S:unknown ε:S:nature ε:L:position ε:S:nature υ:S:lexicon οι:L:nature ου:L:line_final,κείνου δὲ θριαὶ καὶ μάντιες· ἐκ δέ νυ Φοίβου
Hymn to Apollo,1,46,True,LLLSSLSSLLLSSLL,LLLSSLSSLLLSSLL,0.0,1,3,,ι:L:lexicon η:L:nature+position οι:L:nature ε:S:nature α:S:unknown α:L:unknown ι:S:antepenult_accent α:S:unknown α:L:position η:L:nature ι:L:antepenult_accent α:S:lexicon α:S:lexicon οι:L:nature ο:L:line_final,ἰητροὶ δεδάασιν ἀνάβλησιν θανάτοιο.
Hymn to Apollo,1,47,True,LLLSSLLLSSLSSLL,LLLSSLLLSSLSSLL,0.0,1,2,,οι:L:nature ο:L:position αι:L:nature ο:S:nature ι:S:unknown ο:L:position ι:L:position η:L:nature+position ο:S:nature ε:S:nature ε:L:position ε:S:nature ι:S:unknown ει:L:nature ου:L:line_final,"Φοῖβον καὶ Νόμιον κικλήσκομεν ἐξέτι κείνου,"
Hymn to Apollo,1,48,True,LSSLLLLLSSLSSLL,LSSLLLLLSSLSSLL,0.0,1,2,,ε:L:position ο:S:nature ε:S:nature α:L:position υ:L:position ω:L:nature+position ευ:L:nature ι:L:unknown ι:S:unknown α:S:antepenult_accent ε:L:position ε:S:nature ε:S:nature ι:L:position ου:L:line_final,ἐξότ’ ἐπ’ Ἀμφρυσσῷ ζευγίτιδας ἔτρεφεν ἵππους
Hymn to Apollo,1,49,True,LSSLSSLSSLSSLLLL,LSSLSSLSSLSSLLLL,1.5,1,1,,η:L:nature ι:S:unknown ε:S:nature ου:L:nature υ:S:lexicon ε:S:nature ω:L:nature ι:S:antepenult_accent ε:S:nature αυ:L:nature ε:S:nature ο:S:nature α:L:position η:L:nature οι:L:nature ο:L:line_final,ἠιθέου ὑπ’ ἔρωτι κεκαυμένος Ἀδμήτοιο.
Hymn to Apollo,1,50,True,LSSLSSLSSLSSLSSLL,LSSLSSLSSLSSLSSLL,0.0,1,2,,ει:L:nature α:S:unknown ε:S:nature ου:L:nature ο:S:nature ι:S:unknown ο:L:position ε:S:nature ε:S:nature οι:L:nature+position ε:S:nature ο:S:nature ου:L:nature ε:S:nature ε:S:nature αι:L:nature ε:L:line_final,"ῥεῖά κε βουβόσιον τελέθοι πλέον, οὐδέ κεν αἶγες"
Hymn to Apollo,1,51,True,LLLSSLSSLSSLSSLL,LLLSSLSSLSSLSSLL,0.0,1,1,,ευ:L:nature οι:L:nature+position ο:L:position ε:S:nature ε:S:nature ω:L:nature ε:S:nature ι:S:unknown η:L:nature α:S:paroxytone_short_ultima ε:S:nature η:L:nature ι:S:properispomenon α:S:lexicon ο:L:position ω:L:line_final,δεύοιντο βρεφέων ἐπιμηλάδες ᾗδιν Ἀπόλλων
Hymn to Apollo,1,52,True,LSSLLLSSLSSLSSLL,LSSLLLSSLSSLSSLL,0.0,1,3,,ο:L:position ο:S:nature ε:S:nature η:L:nature ο:L:position α:L:position ο:S:nature ε:S:nature η:L:nature α:S:unknown ε:S:nature ου:L:nature α:S:unknown α:S:unknown α:L:position ε:L:line_final,βοσκομένῃσ’ ὀφθαλμὸν ἐπήγαγεν· οὐδ’ ἀγάλακτες
Hymn to Apollo,1,53,True,LSSLSSLLLSSLSSLL,LSSLSSLLLSSLSSLL,0.0,1,4,,οι:L:nature ι:S:unknown ε:S:nature ου:L:nature α:S:unknown υ:S:unknown οι:L:nature α:L:lexicon αι:L:nature ε:S:nature ε:S:nature ει:L:nature ε:S:nature υ:S:unknown α:L:position οι:L:line_final,"οἴιες οὐδ’ ἄκυθοι, πᾶσαι δέ κεν εἶεν ὕπαρνοι,"
Hymn to Apollo,1,54,True,LSSLSSLSSLSSLSSLL,LSSLSSLSSLSSLSSLL,0.0,1,2,,η:L:nature ε:S:nature ε:S:nature ου:L:nature ο:S:nature ο:S:nature ο:L:position ι:S:unknown υ:S:unknown η:L:nature ο:S:nature ο:S:nature αι:L:nature+position α:S:lexicon ε:S:nature οι:L:nature ο:L:line_final,ἡ δέ κε μουνοτόκος διδυμητόκος αἶψα γένοιτο.
Hymn to Apollo,1,55,True,LLLSSLSSLSSLLLL,LLLSSLSSLSSLLLL,1.5,1,1,,οι:L:nature ω:L:nature ε:L:position ο:S:nature ε:S:nature οι:L:nature ο:S:nature ι:S:lexicon α:L:antepenult_accent ι:S:unknown ε:S:nature ε:L:position η:L:nature α:L:position ο:L:line_final,Φοίβῳ δ’ ἑσπόμενοι πόλιας διεμετρήσαντο
Hymn to Apollo,1,56,True,LLLLLSSLSSLSSLL,LLLLLSSLSSLSSLL,0.0,1,2,,α:L:position ω:L:nature οι:L:nature οι:L:nature ο:L:position α:S:lexicon α:S:lexicon ει:L:nature ο:S:nature ι:S:unknown ε:L:position ι:S:antepenult_accent ι:S:unknown η:L:nature ει:L:line_final,ἄνθρωποι· Φοῖβος γὰρ ἀεὶ πολίεσσι φιληδεῖ
Hymn to Apollo,1,57,True,LSSLLLSSLSSLSSLL,LSSLLLSSLSSLSSLL,0.0,1,1,,ι:L:position ο:S:nature ε:S:nature η:L:nature αυ:L:nature ο:L:position ε:S:nature ε:S:nature ει:L:nature ι:S:lexicon α:S:lexicon οι:L:nature ο:S:nature υ:S:unknown αι:L:nature ει:L:line_final,"κτιζομένῃσ’, αὐτὸς δὲ θεμείλια Φοῖβος ὑφαίνει."
Hymn to Apollo,1,58,True,LSSLLLSSLSSLSSLL,LSSLLLSSLSSLSSLL,0.0,1,1,,ε:L:position α:S:unknown ε:S:nature η:L:nature+position α:L:lexicon ω:L:nature α:S:lexicon ε:S:nature ει:L:nature ι:S:lexicon α:S:lexicon οι:L:nature ο:S:nature ε:S:nature η:L:nature+position ε:L:line_final,τετραέτης τὰ πρῶτα θεμείλια Φοῖβος ἔπηξε
Hymn to Apollo,1,59,True,LSSLSSLSSLSSLSSLL,LSSLSSLSSLSSLSSLL,1.5,1,3,correption,α:L:lexicon η:S:nature ε:S:nature ο:L:position υ:S:unknown ι:S:unknown η:L:nature ε:S:nature ι:S:unknown η:L:nature ε:S:nature ο:S:nature ε:L:position υ:S:lexicon ι:S:lexicon ι:L:position η:L:line_final,καλῇ ἐν Ὀρτυγίῃ περιηγέος ἐγγύθι λίμνης.
Hymn to Apollo,1,60,True,LSSLLLSSLSSLSSLL,LSSLLLSSLSSLSSLL,0.0,1,1,,α:L:position ε:S:nature ι:S:lexicon α:L:position ω:L:nature+position ου:L:nature α:S:antepenult_accent α:S:lexicon η:L:nature α:S:lexicon α:S:lexicon υ:L:unknown ε:S:nature ε:S:nature αι:L:nature ω:L:line_final,Ἄρτεμις ἀγρώσσουσα καρήατα συνεχὲς αἰγῶν
Hymn to Apollo,1,61,True,LSSLSSLSSLSSLSSLL,LSSLSSLSSLSSLSSLL,0.0,1,2,,υ:L:position ι:S:unknown α:S:unknown ω:L:nature+position ο:S:nature ε:S:nature ε:L:position ε:S:nature ο:S:nature ε:L:position ε:S:nature ε:S:nature ω:L:nature ο:S:nature α:S:lexicon ο:L:position ω:L:line_final,"Κυνθιάδων φορέεσκεν, ὁ δ’ ἔπλεκε βωμὸν Ἀπόλλων."
Hymn to Apollo,1,62,True,LSSLSSLSSLSSLSSLL,LSSLSSLSSLSSLSSLL,0.0,1,3,,ει:L:nature α:S:unknown ο:S:nature ε:L:position ε:S:nature α:S:unknown ε:L:position ι:S:antepenult_accent ε:S:nature ε:L:position ι:S:unknown α:S:antepenult_accent η:L:nature+position ε:S:nature ε:S:nature ω:L:nature ο:L:line_final,"δείματο μὲν κεράεσσιν ἐδέθλια, πῆξε δὲ βωμὸν"
Hymn to Apollo,1,63,True,LSSLSSLSSLSSLSSLL,LSSLSSLSSLSSLSSLL,0.0,1,2,,ε:L:position ε:S:nature α:S:lexicon ω:L:nature+position ε:S:nature α:S:unknown ου:L:nature+position ε:S:nature ε:S:nature ι:L:position υ:S:unknown ε:S:nature α:L:position ε:S:nature ο:S:nature οι:L:nature ου:L:line_final,"ἐκ κεράων, κεραοὺς δὲ πέριξ ὑπεβάλλετο τοίχους."
Hymn to Apollo,1,64,True,LSSLLLSSLSSLSSLL,LSSLLLSSLSSLSSLL,0.0,1,1,,ω:L:nature ε:S:nature α:S:unknown ε:L:position α:L:lexicon ω:L:nature α:S:lexicon ε:S:nature ει:L:nature ι:S:lexicon α:S:lexicon οι:L:nature ο:S:nature ε:S:nature ει:L:nature ει:L:line_final,ὧδ’ ἔμαθεν τὰ πρῶτα θεμείλια Φοῖβος ἐγείρειν.
Hymn to Apollo,1,65,True,LLLSSLSSLSSLSSLL,LLLSSLSSLSSLSSLL,0.0,1,3,,οι:L:nature ο:L:position αι:L:nature α:S:unknown υ:S:unknown ει:L:nature ο:S:nature ε:S:nature η:L:nature+position ο:S:nature ι:S:lexicon ε:L:position α:S:unknown ε:S:nature α:L:position ω:L:line_final,Φοῖβος καὶ βαθύγειον ἐμὴν πόλιν ἔφρασε Βάττῳ
Hymn to Apollo,1,66,True,LSSLSSLSSLLLSSLL,LSSLSSLSSLLLSSLL,0.0,1,4,,αι:L:nature ι:S:unknown υ:S:unknown η:L:nature ε:S:nature ι:S:unknown ο:L:position ι:S:unknown ο:S:nature α:L:position η:L:nature η:L:nature α:S:lexicon ο:S:nature α:L:lexicon ω:L:line_final,καὶ Λιβύην ἐσιόντι κόραξ ἡγήσατο λαῷ
Hymn to Apollo,1,67,True,LSSLLLSSLSSLSSLL,LSSLLLSSLSSLSSLL,0.5,1,0,correption,ε:L:position ι:S:lexicon ο:S:nature οι:L:nature ι:L:position η:L:nature ι:S:properispomenon αι:S:nature ω:L:nature ο:S:nature ε:S:nature ει:L:nature ε:S:nature α:S:lexicon ω:L:nature ει:L:line_final,δεξιὸς οἰκιστῆρι καὶ ὤμοσε τείχεα δώσειν
Hymn to Apollo,1,68,True,LSSLSSLSSLLLSSLL,LSSLSSLSSLLLSSLL,0.0,1,0,,η:L:nature ε:S:nature ε:S:nature οι:L:nature+position α:S:lexicon ι:S:lexicon ευ:L:nature ι:S:lexicon α:S:lexicon ει:L:nature ευ:L:nature ο:L:position ο:S:nature α:S:lexicon ο:L:position ω:L:line_final,ἡμετέροις βασιλεῦσιν· ἀεὶ δ’ εὔορκος Ἀπόλλων.
Hymn to Apollo,1,69,True,LLLLLSSLSSLSSLL,LLLLLSSLSSLSSLL,0.0,1,1,,ω:L:nature ο:L:position ο:L:position ο:L:position οι:L:nature ε:S:nature ο:S:nature η:L:nature+position ο:S:nature ι:S:unknown ο:L:position α:S:lexicon ε:S:nature ου:L:nature ι:L:lexicon,"ὤπολλον, πολλοί σε Βοηδρόμιον καλέουσι,"
Hymn to Apollo,1,70,True,LLLSSLLLSSLSSLL,LLLSSLLLSSLSSLL,0.5,1,2,correption,ο:L:position οι:L:nature ε:L:position α:S:unknown ι:S:unknown ο:L:position α:L:position η:L:nature ε:S:nature οι:S:nature ου:L:nature ο:S:nature α:S:lexicon ο:L:position υ:L:line_final,"πολλοὶ δὲ Κλάριον, πάντη δέ τοι οὔνομα πογλύ·"
Hymn to Apollo,1,71,True,LSSLLLSSLLLSSLL,LSSLLLSSLLLSSLL,0.0,1,0,,αυ:L:nature α:S:lexicon ε:S:nature ω:L:nature α:L:position ει:L:nature ο:S:nature ε:S:nature οι:L:nature α:L:position ω:L:nature ι:S:lexicon ο:S:nature ου:L:nature ω:L:line_final,αὐτὰρ ἐγὼ Καρνεῖον· ἐμοὶ πατρώιον οὕτω.
Hymn to Apollo,1,72,True,LLLLLSSLLLSSLL,LLLLLSSLLLSSLL,0.0,1,0,,α:L:position η:L:nature οι:L:nature α:L:position ει:L:nature ε:S:nature ο:S:nature η:L:nature+position ω:L:nature ι:L:position ο:S:nature ε:S:nature ε:L:position ο:L:line_final,"Σπάρτη τοι, Καρνεῖε, τὸ δὴ πρώτιστον ἔδεθλον,"
Hymn to Apollo,1,73,True,LSSLLLSSLSSLSSLL,LSSLLLSSLSSLSSLL,0.0,1,3,,ευ:L:nature ε:S:nature ο:S:nature αυ:L:nature η:L:nature η:L:nature+position ι:S:unknown α:S:unknown ο:L:position ε:S:nature ε:S:nature α:L:paroxytone_short_ultima υ:S:lexicon υ:S:unknown η:L:nature η:L:line_final,"δεύτερον αὖ Θήρη, τρίτατόν γε μὲν ἄστυ Κυρήνης."
Hymn to Apollo,1,74,True,LLLLLLLSSLSSLL,LLLLLLLSSLSSLL,0.0,1,0,,ε:L:position ε:L:position ε:L:position α:L:position η:L:nature ε:L:position ο:L:position ε:S:nature ο:S:nature οι:L:nature ι:S:lexicon ο:S:nature α:L:lexicon ο:L:line_final,ἐκ μέν σε Σπάρτης ἕκτον γένος Οἰδιπόδαο
Hymn to Apollo,1,75,True,LSSLLLSSLSSLSSLL,LSSLLLSSLSSLSSLL,0.0,1,2,,η:L:nature α:S:lexicon ε:S:nature η:L:nature αι:L:nature η:L:nature ε:S:nature α:S:unknown ο:L:position ι:S:unknown ι:S:antepenult_accent ε:L:position ε:S:nature ε:S:nature η:L:nature η:L:line_final,ἤγαγε Θηραίην ἐς ἀπόκτισιν· ἐκ δέ σε Θήρης
Hymn to Apollo,1,76,True,LSSLSSLLLSSLSSLL,LSSLSSLLLSSLSSLL,0.0,1,3,,ου:L:nature ο:S:nature α:S:unknown ι:L:position ο:S:nature ε:S:nature η:L:nature α:L:position υ:L:position ι:S:unknown ι:S:unknown α:L:position ε:S:nature ο:S:nature αι:L:nature η:L:line_final,"οὖλος Ἀριστοτέλης Ἀσβυστίδι πάρθετο γαίῃ,"
Hymn to Apollo,1,77,True,LSSLSSLSSLSSLSSLL,LSSLSSLSSLSSLSSLL,0.0,1,1,,ει:L:nature ε:S:nature ε:S:nature οι:L:nature α:S:lexicon α:S:lexicon α:L:lexicon ο:S:nature α:S:unknown α:L:position ο:S:nature ο:S:nature ε:L:position ε:S:nature ο:S:nature η:L:nature ι:L:antepenult_accent,"δεῖμε δέ τοι μάλα καλὸν ἀνάκτορον, ἐν δὲ πόληι"
Hymn to Apollo,1,78,True,LSSLSSLSSLSSLSSLL,LSSLSSLSSLSSLSSLL,0.0,1,2,,η:L:nature ε:S:nature ε:S:nature ε:L:position ο:S:nature ι:S:unknown η:L:nature ε:S:nature ε:S:nature η:L:nature ι:S:unknown ο:S:nature η:L:nature ε:S:nature ι:S:lexicon ο:L:position οι:L:line_final,"θῆκε τελεσφορίην ἐπετήσιον, ᾗ ἐνὶ πολλοὶ"
Hymn to Apollo,1,79,True,LSSLLLSSLSSLSSLL,LSSLLLSSLSSLSSLL,0.0,1,2,,υ:L:position α:S:unknown ι:S:unknown ο:L:position ι:L:position ου:L:nature ι:S:lexicon ε:S:nature ι:L:position ι:S:lexicon ο:S:nature ω:L:nature α:S:lexicon α:S:lexicon αυ:L:nature οι:L:line_final,"ὑστάτιον πίπτουσιν ἐπ’ ἰσχίον, ὦ ἄνα, ταῦροι."
Hymn to Apollo,1,80,True,LSSLLLSSLSSLSSLL,LSSLLLSSLSSLSSLL,0.5,1,3,correption,ι:L:unknown η:S:nature ι:S:unknown η:L:nature α:L:position ει:L:nature ε:S:nature ο:S:nature υ:L:position ι:S:unknown ε:S:nature ει:L:nature ο:S:nature ε:S:nature ω:L:nature οι:L:line_final,"ἱὴ ἱὴ Καρνεῖε πολύλλιτε, σεῖο δὲ βωμοὶ"
Hymn to Apollo,1,81,True,LSSLSSLSSLSSLSSLL,LSSLSSLSSLSSLSSLL,0.0,1,1,,α:L:position ε:S:nature α:S:lexicon ε:L:position ο:S:nature ε:S:nature ου:L:nature ι:S:lexicon ε:S:nature ει:L:nature α:S:unknown ι:S:antepenult_accent ο:L:position α:S:lexicon ε:S:nature ω:L:nature αι:L:line_final,ἄνθεα μὲν φορέουσιν ἐν εἴαρι τόσσα περ Ὧραι
Hymn to Apollo,1,82,True,LSSLLLSSLLLSSLL,LSSLLLSSLLLSSLL,0.0,1,2,,οι:L:nature ι:S:lexicon α:S:unknown ι:L:unknown ευ:L:nature ι:L:properispomenon ε:S:nature υ:S:lexicon ου:L:nature+position ει:L:nature ο:L:position ο:S:nature ε:S:nature ε:L:position η:L:line_final,"ποικίλ’ ἀγινεῦσι ζεφύρου πνείοντος ἐέρσην,"
Hymn to Apollo,1,83,True,LSSLSSLSSLSSLSSLL,LSSLSSLSSLSSLSSLL,0.5,1,4,correption,ει:L:nature α:S:unknown ι:S:antepenult_accent ε:L:position ο:S:nature ο:S:nature η:L:nature υ:S:unknown α:S:lexicon ει:L:nature ε:S:nature οι:S:nature α:L:unknown ε:S:nature α:S:unknown ο:L:position υ:L:lexicon,"χείματι δὲ κρόκον ἡδύν· ἀεὶ δέ τοι ἀέναον πῦρ,"
Hymn to Apollo,1,84,True,LSSLLLSSLSSLSSLL,LSSLLLSSLSSLSSLL,0.5,1,2,correption,ου:L:nature ε:S:nature ο:S:nature ε:L:position ι:L:position ο:L:position ε:S:nature ι:S:unknown ο:L:position ε:S:nature αι:S:nature α:L:position α:S:unknown α:S:antepenult_accent ε:L:position η:L:line_final,οὐδέ ποτε χθιζὸν περιβόσκεται ἄνθρακα τέφρη.
Hymn to Apollo,1,85,True,LSSLSSLSSLLLSSLL,LSSLSSLSSLLLSSLL,0.0,1,1,,η:L:nature ε:S:nature α:S:lexicon η:L:nature ε:S:nature α:S:lexicon οι:L:nature ο:S:nature ο:S:nature ε:L:position ω:L:nature+position η:L:nature ε:S:nature ε:S:nature υ:L:unknown ου:L:line_final,"ἦ ῥ’ ἐχάρη μέγα Φοῖβος, ὅτε ζωστῆρες Ἐνυοῦς"
Hymn to Apollo,1,86,True,LSSLLLSSLLLSSLL,LSSLLLSSLLLSSLL,0.0,1,1,,α:L:lexicon ε:S:nature ε:S:nature ω:L:nature+position η:L:nature α:L:position ο:S:nature ε:S:nature α:L:lexicon α:L:position η:L:nature ι:S:properispomenon ι:S:unknown υ:L:paroxytone_short_ultima αι:L:line_final,"ἀνέρες ὠρχήσαντο μετὰ ξανθῇσι Λιβύσσαις,"
Hymn to Apollo,1,87,True,LSSLLLLLSSLSSLL,LSSLLLLLSSLSSLL,1.5,1,1,correption,ε:L:position ι:S:unknown αι:S:nature ευ:L:nature ε:L:position ι:L:lexicon α:L:position ει:L:nature α:S:paroxytone_short_ultima ε:S:nature η:L:nature υ:S:lexicon ο:S:nature ω:L:nature αι:L:line_final,τέθμιαι εὖτέ σφιν Καρνειάδες ἤλυθον ὧραι.
Hymn to Apollo,1,88,True,LLLLLSLLSSLSSLL,LLLLLSLLSSLSSLL,99.0,0,0,unmetrical,οι:L:nature ου:L:nature ω:L:nature η:L:nature η:L:nature ι:S:properispomenon α:L:position ει:L:nature α:S:paroxytone_short_ultima ε:S:nature η:L:nature υ:S:lexicon ο:S:nature ω:L:nature αι:L:line_final,οἱ δ’ οὔπω πηγῇσι Καρνειάδες ἤλυθον ὧραι.
Hymn to Apollo,1,89,True,LSSLSSLSSLLLSSLL,LSSLSSLSSLLLSSLL,0.0,1,2,,ω:L:nature ι:S:unknown ε:S:nature ε:L:position υ:S:lexicon ι:S:lexicon η:L:nature+position ε:S:nature α:S:paroxytone_short_ultima αι:L:nature α:L:position ι:L:unknown ι:S:antepenult_accent ε:S:nature αι:L:nature ο:L:line_final,"Δωριέες, πυκινὴν δὲ νάπαις Ἄζιλιν ἔναιον."
Hymn to Apollo,1,90,True,LSSLSSLSSLSSLSSLL,LSSLSSLSSLSSLSSLL,0.0,1,1,,ου:L:nature+position ε:S:nature α:S:lexicon α:L:lexicon ι:S:lexicon ε:S:nature αυ:L:nature ο:S:nature ε:S:nature η:L:nature ε:S:nature ε:S:nature ει:L:nature+position α:S:unknown ο:S:nature υ:L:position η:L:line_final,"τοὺς μὲν ἄναξ ἴδεν αὐτός, ἑῇ δ’ ἐπεδείξατο νύμφῃ"
Hymn to Apollo,1,91,True,LSSLLLSSLSSLSSLL,LSSLLLSSLSSLSSLL,0.0,1,1,,α:L:lexicon ε:S:nature ι:S:lexicon υ:L:position ου:L:nature+position η:L:nature+position ε:S:nature α:S:unknown ω:L:nature ε:S:nature ο:S:nature η:L:nature ι:S:lexicon ε:S:nature ο:L:position α:L:lexicon,"στὰς ἐπὶ Μυρτούσσης κερατώδεος, ἧχι λέοντα"
Hymn to Apollo,1,92,True,LLLSSLSSLSSLSSLL,LLLSSLSSLSSLSSLL,0.0,1,2,,υ:L:position η:L:nature ι:L:position α:S:lexicon ε:S:nature ε:L:position ε:S:nature ο:S:nature ω:L:nature+position ι:S:unknown ι:S:unknown ευ:L:nature υ:S:lexicon υ:S:lexicon οι:L:nature ο:L:line_final,Ὑψηὶς κατέπεφνε βοῶν σίνιν Εὐρυπύλοιο.
Hymn to Apollo,1,93,True,LLLSSLSSLSSLSSLL,LLLSSLSSLSSLSSLL,0.0,1,0,,ου:L:nature ει:L:nature ου:L:nature ο:S:nature ο:S:nature ει:L:nature ε:S:nature ε:S:nature ω:L:nature ε:S:nature ο:S:nature α:L:paroxytone_short_ultima ο:S:nature α:S:lexicon ο:L:position ω:L:line_final,"οὐ κείνου χορὸν εἶδε θεώτερον ἄλλον Ἀπόλλων,"
Hymn to Apollo,1,94,True,LSSLSSLSSLSSLSSLL,LSSLSSLSSLSSLSSLL,0.0,1,2,,ου:L:nature ε:S:nature ο:S:nature ει:L:nature ο:S:nature ε:S:nature ει:L:nature ε:S:nature ο:S:nature ε:L:position ι:S:unknown α:S:antepenult_accent ο:L:position α:S:lexicon υ:S:unknown η:L:nature η:L:line_final,"οὐδὲ πόλει τόσ’ ἔνειμεν ὀφέλσιμα, τόσσα Κυρήνῃ,"
Hymn to Apollo,1,95,True,LSSLSSLLLSSLSSLL,LSSLSSLLLSSLSSLL,0.0,1,0,,ω:L:nature ο:S:nature ε:S:nature ο:L:position ο:S:nature ε:S:nature η:L:nature α:L:position α:L:position υ:S:paroxytone_short_ultima ο:S:nature ου:L:nature ε:S:nature ε:S:nature αυ:L:nature οι:L:line_final,μνωόμενος προτέρης ἁρπακτύος. οὐδὲ μὲν αὐτοὶ
Hymn to Apollo,1,96,True,LSSLLLSSLSSLSSLL,LSSLLLSSLSSLSSLL,1.0,1,1,cluster_short,α:L:position ι:S:unknown α:S:paroxytone_short_ultima αι:L:nature οι:L:nature οι:L:nature ο:S:position ε:S:nature ο:L:position ε:S:nature ο:S:nature α:L:paroxytone_short_ultima ο:S:nature ε:S:nature ει:L:nature α:L:antepenult_accent,Βαττιάδαι Φοίβοιο πλέον θεὸν ἄλλον ἔτεισαν.
Hymn to Apollo,1,97,True,LSSLLLSSLSSLSSLL,LSSLLLSSLSSLSSLL,0.5,1,2,correption,ι:L:unknown η:S:nature ι:S:unknown η:L:nature αι:L:nature η:L:nature ο:S:nature α:S:lexicon ου:L:nature ο:S:nature ε:S:nature ου:L:nature ε:S:nature α:S:lexicon ου:L:nature ο:L:line_final,"ἱὴ ἱὴ παιῆον ἀκούομεν, οὕνεκα τοῦτο"
Hymn to Apollo,1,98,True,LLLLLSSLSSLSSLL,LLLLLSSLSSLSSLL,0.0,1,1,,ε:L:position ο:L:position οι:L:nature+position ω:L:nature ι:L:position ο:S:nature ε:S:nature υ:L:position ι:S:unknown ο:S:nature ευ:L:nature ε:S:nature ο:S:nature α:L:lexicon ο:L:line_final,"Δελφός τοι πρώτιστον ἐφύμνιον εὕρετο λαός,"
Hymn to Apollo,1,99,True,LSSLSSLSSLSSLSSLL,LSSLSSLSSLSSLSSLL,0.0,1,3,,η:L:nature ο:S:nature ε:S:nature η:L:nature ο:S:nature ι:S:unknown η:L:nature+position υ:S:unknown ε:S:nature ω:L:nature ε:S:nature ε:S:nature ει:L:nature+position υ:S:unknown ο:S:nature ο:L:position ω:L:line_final,ἦμος ἑκηβολίην χρυσέων ἐπεδείκνυσο τόξων.
Hymn to Apollo,1,100,True,LLLSSLSSLSSLSSLL,LLLSSLSSLSSLSSLL,0.0,1,5,,υ:L:unknown ω:L:nature οι:L:nature α:S:unknown ι:S:unknown ο:L:position ι:S:unknown υ:S:lexicon η:L:nature+position ε:S:nature ο:S:nature αι:L:nature ο:S:nature ι:S:unknown ο:L:position η:L:line_final,"Πυθώ τοι κατιόντι συνήντετο δαιμόνιος θήρ,"
Hymn to Apollo,1,101,True,LSSLLLSSLSSLSSLL,LSSLLLSSLSSLSSLL,0.0,1,2,,αι:L:nature ο:S:nature ο:S:nature ι:L:position ο:L:position ε:L:position υ:S:lexicon α:S:unknown η:L:nature α:S:unknown ε:S:nature α:L:paroxytone_short_ultima ο:S:nature ε:S:nature α:L:position ω:L:line_final,αἰνὸς ὄφις. τὸν μὲν σὺ κατήναρες ἄλλον ἐπ’ ἄλλῳ
Hymn to Apollo,1,102,True,LLLSSLLLLLSSLL,LLLSSLLLLLSSLL,3.0,1,0,metrical_lengthening,α:L:lexicon ω:L:nature ω:L:nature υ:S:lexicon ο:S:nature ι:L:position ο:L:nature ε:L:nature ηυ:L:nature η:L:nature ε:S:nature ε:S:nature α:L:lexicon ο:L:line_final,"βάλλων ὠκὺν ὀιστόν, ἐπηύτησε δὲ λαός,"
Hymn to Apollo,1,103,True,LSSLLLSSLSSLSSLL,LSSLLLSSLSSLSSLL,0.5,1,3,correption,ι:L:unknown η:S:nature ι:S:unknown η:L:nature αι:L:nature η:L:nature ο:S:nature ι:S:lexicon ει:L:nature ε:S:nature ο:S:nature ευ:L:nature υ:S:unknown ε:S:nature η:L:nature η:L:line_final,"ἱὴ ἱὴ παιῆον, ἵει βέλος. εὐθύ σε μήτηρ"
Hymn to Apollo,1,104,True,LSSLLLSSLSSLSSLL,LSSLLLSSLSSLSSLL,0.0,1,3,,ει:L:nature α:S:lexicon α:S:unknown ο:L:position η:L:nature υ:L:circumflex α:S:properispomenon ο:S:nature ε:L:position ε:S:nature ι:S:unknown ει:L:nature ε:S:nature α:S:unknown ει:L:nature η:L:line_final,"γείνατ’ ἀοσσητῦρα, τὸ δ’ ἐξέτι κεῖθεν ἀείδῃ."
Hymn to Apollo,1,105,True,LSSLLLSSLSSLSSLL,LSSLLLSSLSSLSSLL,1.0,1,1,lexicon_overridden,ο:L:position ο:S:nature ο:S:nature α:L:lexicon ο:L:position ω:L:nature ο:S:nature ε:S:nature ου:L:nature α:S:lexicon α:S:lexicon α:L:position ι:S:unknown ο:S:nature ει:L:nature ε:L:line_final,ὁ Φθόνος Ἀπόλλωνος ἐπ’ οὔατα λάθριος εἶπεν
Hymn to Apollo,1,106,True,LSSLSSLSSLSSLSSLL,LSSLSSLSSLSSLSSLL,0.0,1,3,,ου:L:nature α:S:unknown α:S:unknown αι:L:nature ο:S:nature α:S:lexicon οι:L:nature ο:S:nature ο:S:nature ου:L:nature ο:S:nature α:S:lexicon ο:L:position ο:S:nature α:S:unknown ει:L:nature ει:L:line_final,οὐκ ἄγαμαι τὸν ἀοιδὸν ὃς οὐδ’ ὅσα πόντος ἀείδει.
Hymn to Apollo,1,107,True,LSSLLLSSLSSLSSLL,LSSLLLSSLSSLSSLL,0.0,1,1,,ο:L:position ο:S:nature ο:S:nature ω:L:nature ο:L:position ω:L:nature+position ο:S:nature ι:S:unknown η:L:nature α:S:lexicon ε:S:nature ω:L:nature ε:S:nature ε:S:nature ει:L:nature ε:L:line_final,τὸν Φθόνον ὡπόλλων ποδί τ’ ἤλασεν ὧδέ τ’ ἔειπεν·
Hymn to Apollo,1,108,True,LSSLSSLSSLSSLSSLL,LSSLSSLSSLSSLSSLL,0.0,1,2,,α:L:position υ:S:unknown ι:S:unknown ου:L:nature ο:S:nature α:S:lexicon οι:L:nature ο:S:nature ε:S:nature α:L:lexicon ο:S:nature ο:S:nature α:L:position α:S:lexicon α:S:lexicon ο:L:position α:L:lexicon,"Ἀσσυρίου ποταμοῖο μέγας ῥόος, ἀλλὰ τὰ πολλὰ"
Hymn to Apollo,1,109,True,LSSLLLSSLSSLSSLL,LSSLLLSSLSSLSSLL,2.0,1,0,lexicon_overridden,υ:L:lexicon α:S:lexicon α:S:lexicon η:L:nature+position αι:L:nature ο:L:position ο:S:nature ε:S:nature υ:L:lexicon α:S:lexicon ι:S:lexicon υ:L:position ε:S:nature ο:S:nature ε:L:position ει:L:line_final,λύματα γῆς καὶ πολλὸν ἐφ’ ὕδατι συρφετὸν ἕλκει.
Hymn to Apollo,1,110,True,LLLSSLSSLSSLSSLL,LLLSSLSSLSSLSSLL,1.0,1,0,lexicon_overridden,η:L:nature οι:L:nature ου:L:nature α:S:lexicon ο:S:nature α:L:lexicon ο:S:nature υ:S:lexicon ω:L:nature+position ο:S:nature ε:S:nature ου:L:nature ι:S:lexicon ε:S:nature ι:L:position αι:L:line_final,"Δηοῖ δ’ οὐκ ἀπὸ παντὸς ὕδωρ φορέουσι Μέλισσαι,"
Hymn to Apollo,1,111,True,LLLSSLSSLLLSSLL,LLLSSLSSLLLSSLL,0.5,1,4,correption,α:L:position η:L:nature ι:L:lexicon α:S:unknown α:S:unknown η:L:nature ε:S:nature αι:S:nature α:L:position α:L:unknown α:L:position ο:S:nature α:S:unknown ε:L:position ει:L:line_final,ἀλλ’ ἥτις καθαρή τε καὶ ἀχράαντος ἀνέρπει
Hymn to Apollo,1,112,True,LSSLSSLSSLSSLSSLL,LSSLSSLSSLSSLSSLL,0.0,1,2,,ι:L:lexicon α:S:lexicon ο:S:nature ε:L:position ι:S:lexicon ε:S:nature η:L:nature ο:S:nature ι:S:lexicon η:L:nature ι:S:unknown α:S:unknown α:L:paroxytone_short_ultima ο:S:nature α:S:lexicon ω:L:nature ο:L:line_final,πίδακος ἐξ ἱερῆς ὀλίγη λιβὰς ἄκρον ἄωτον.
Hymn to Apollo,1,113,True,LSSLSSLSSLSSLSSLL,LSSLSSLSSLSSLSSLL,0.0,1,0,,αι:L:nature ε:S:nature α:S:lexicon α:L:lexicon ο:S:nature ε:S:nature ω:L:nature ο:S:nature ι:S:lexicon ο:L:position ο:S:nature ο:S:nature ε:L:position α:S:lexicon ε:S:nature οι:L:nature ο:L:line_final,"χαῖρε ἄναξ· ὁ δὲ Μῶμος, ἵν’ ὁ Φθόνος, ἔνθα νέοιτο."
Hymn to Artemis,1,1,True,LSSLSSLSSLLLSSLL,LSSLSSLSSLLLSSLL,0.0,1,1,,α:L:position ε:S:nature ι:S:lexicon ου:L:nature α:S:lexicon ε:S:nature α:L:position ο:S:nature α:S:unknown ει:L:nature ο:L:position ε:L:position ι:S:antepenult_accent α:S:lexicon ε:L:position αι:L:line_final,Ἄρτεμιν οὐ γὰρ ἐλαφρὸν ἀειδόντεσσι λαθέσθαι
Hymn to Artemis,1,2,True,LSSLLLSSLSSLSSLL,LSSLLLSSLSSLSSLL,0.0,1,1,,υ:L:position ε:S:nature ο:S:nature ε:L:position η:L:nature ο:L:position α:S:lexicon α:S:unknown ω:L:nature ο:S:nature ι:S:paroxytone_short_ultima αι:L:nature ε:S:nature ε:S:nature ο:L:position αι:L:line_final,"ὑμνέομεν, τῇ τόξα λαγωβολίαι τε μέλονται"
Hymn to Artemis,1,3,True,LSSLSSLSSLSSLSSLL,LSSLSSLSSLSSLSSLL,1.5,1,4,correption,αι:L:nature ο:S:nature ο:S:nature α:L:position ι:S:unknown α:S:unknown η:L:nature+position αι:S:nature ε:S:nature ου:L:nature ε:S:nature ι:S:lexicon ε:L:position ι:S:unknown α:S:unknown α:L:position αι:L:line_final,"καὶ χορὸς ἀμφιλαφὴς καὶ ἐν οὔρεσιν ἑψιάασθαι,"
Hymn to Artemis,1,4,True,LSSLSSLSSLSSLSSLL,LSSLSSLSSLSSLSSLL,0.5,1,1,correption,α:L:position ε:S:nature οι:S:nature ω:L:nature ο:S:nature ε:S:nature α:L:lexicon ο:S:nature ε:S:nature ε:L:position ο:S:nature ε:S:nature η:L:nature ο:S:nature α:S:unknown ε:L:position ι:L:antepenult_accent,"ἄρχμενοι, ὡς ὅτε πατρὸς ἐφεζομένη γονάτεσσι"
Hymn to Artemis,1,5,True,LSSLLLSSLSSLSSLL,LSSLLLSSLSSLSSLL,0.0,1,0,,αι:L:nature ε:S:nature ι:S:lexicon ου:L:nature ι:L:position ου:L:nature α:S:antepenult_accent α:S:lexicon ε:L:position ο:S:nature ε:S:nature ει:L:nature ε:S:nature ο:S:nature η:L:nature α:L:lexicon,παῖς ἔτι κουρίζουσα τάδε προσέειπε γονῆα
Hymn to Artemis,1,6,True,LLLSSLLLSSLSSLL,LLLSSLLLSSLSSLL,0.0,1,3,,ο:L:position οι:L:nature α:L:position ε:S:nature ι:S:unknown η:L:nature αι:L:nature ω:L:nature ι:S:unknown ο:S:nature α:L:position α:S:unknown υ:S:lexicon α:L:position ει:L:line_final,"δός μοι παρθενίην αἰώνιον, ἄππα, φυλάσσειν,"
Hymn to Artemis,1,7,True,LSSLSSLSSLLLSSLL,LSSLSSLSSLLLSSLL,0.0,1,3,,αι:L:nature ο:S:nature υ:S:unknown ω:L:nature υ:S:unknown ι:S:unknown η:L:nature ι:S:lexicon α:S:lexicon η:L:nature οι:L:nature οι:L:nature ο:S:nature ε:S:nature ι:L:position η:L:line_final,"καὶ πολυωνυμίην, ἵνα μή μοι Φοῖβος ἐρίζῃ."
Hymn to Artemis,1,8,True,LLLLLSSLSSLSSLL,LLLLLSSLSSLSSLL,0.0,1,2,,ο:L:position ι:L:lexicon ου:L:nature+position αι:L:nature ο:L:position α:S:unknown ε:S:nature α:L:unknown α:S:lexicon ε:S:nature ου:L:nature ε:S:nature α:S:lexicon ε:L:position η:L:line_final,"δὸς δ’ ἰοὺς καὶ τόξα—ἔα, πάτερ, οὔ σε Φαρέτρην"
Hymn to Artemis,1,9,True,LLLSSLSSLLLSSLL,LLLSSLSSLLLSSLL,2.0,1,0,synizesis;synizesis,ου:L:nature αι:L:nature εω:L:synizesis ε:S:nature α:S:lexicon ο:L:position ο:S:nature ε:S:nature οι:L:nature υ:L:position ω:L:nature ε:S:nature ο:S:nature ι:L:position ου:L:line_final,οὐδ’ αἰτέω μέγα τόξον· ἐμοὶ Κύκλωπες ὀιστοὺς
Hymn to Artemis,1,10,True,LSSLLLSSLLLSSLL,LSSLLLSSLLLSSLL,1.5,1,1,correption,αυ:L:nature ι:S:lexicon α:S:lexicon ε:L:position η:L:nature ο:L:position αι:S:nature ε:S:nature οι:L:nature ευ:L:nature α:L:position ε:S:nature α:S:unknown ε:L:position α:L:antepenult_accent,"αὐτίκα τεχνήσονται, ἐμοὶ δ’ εὐκαμπὲς ἄεμμα·"
Hymn to Artemis,1,11,True,LSSLSSLSSLSSLSSLL,LSSLSSLSSLSSLSSLL,1.5,1,2,correption,α:L:position α:S:lexicon α:S:unknown ε:L:position ο:S:nature ι:S:unknown η:L:nature+position ε:S:nature αι:S:nature ε:L:position ο:S:nature υ:S:lexicon ε:L:position ι:S:lexicon ι:S:lexicon ω:L:nature α:L:lexicon,ἀλλὰ φαεσφορίην τε καὶ ἐς γόνυ μέχρι χιτῶνα
Hymn to Artemis,1,12,True,LLLLLSSLSSLSSLL,LLLLLSSLSSLSSLL,0.0,1,2,,ω:L:nature+position υ:L:position αι:L:nature ε:L:position ω:L:nature ο:S:nature ι:S:lexicon α:L:position ι:S:lexicon α:S:lexicon η:L:nature ι:S:unknown α:S:unknown αι:L:nature ω:L:line_final,"ζώννυσθαι λεγνωτόν, ἵν’ ἄγρια θηρία καίνω."
Hymn to Artemis,1,13,True,LSSLLLSSLSSLSSLL,LSSLLLSSLSSLSSLL,1.5,1,4,correption,ο:L:position ε:S:nature οι:S:nature ε:L:position η:L:nature ο:L:position α:S:lexicon ο:S:nature ι:L:unknown ι:S:unknown α:S:antepenult_accent ω:L:nature ε:S:nature α:S:unknown ι:L:unknown α:L:line_final,"δὸς δέ μοι ἑξήκοντα χορίτιδας Ὠκεανίνας,"
Hymn to Artemis,1,14,True,LLLSSLLLSSLSSLL,LLLSSLLLSSLSSLL,0.0,1,1,,α:L:lexicon α:L:lexicon ει:L:nature ε:S:nature ε:S:nature α:L:antepenult_accent α:L:lexicon α:L:lexicon ε:S:nature ι:S:lexicon αι:L:nature α:S:lexicon α:S:unknown ι:L:position ου:L:line_final,"πάσας εἰνέτεας, πάσας ἔτι παῖδας ἀμίτρους."
Hymn to Artemis,1,15,True,LSSLSSLLLSSLSSLL,LSSLSSLLLSSLSSLL,0.5,1,3,correption,ο:L:position ε:S:nature οι:S:nature α:L:position ι:S:lexicon ο:S:nature ου:L:nature α:L:position ι:L:unknown ι:S:unknown α:S:unknown ει:L:nature ο:S:nature ι:S:lexicon υ:L:position α:L:line_final,"δὸς δέ μοι ἀμφιπόλους Ἀμνισίδας εἴκοσι νύμφας,"
Hymn to Artemis,1,16,True,LSSLSSLSSLSSLSSLL,LSSLSSLSSLSSLSSLL,2.0,1,1,correption,αι:L:nature ε:S:nature οι:S:nature ε:L:position ο:S:nature ι:S:unknown α:L:position ε:S:nature αι:S:nature ο:L:position ο:S:nature ε:S:nature η:L:nature ε:S:nature ι:S:lexicon υ:L:position α:L:line_final,αἵ τέ μοι ἐνδρομίδας τε καὶ ὁππότε μηκέτι λύγκας
Hymn to Artemis,1,17,True,LSSLLLSSLSSLSSLL,LSSLLLSSLSSLSSLL,0.0,1,0,,η:L:nature ε:S:nature α:S:lexicon ου:L:nature+position α:L:position οι:L:nature ι:S:antepenult_accent ο:S:nature ου:L:nature+position υ:S:lexicon α:S:lexicon ευ:L:nature ο:S:nature ε:S:nature οι:L:nature ε:L:line_final,"μήτ’ ἐλάφους βάλλοιμι, θοοὺς κύνας εὖ κομέοιεν,"
Hymn to Artemis,1,18,True,LSSLSSLSSLSSLSSLL,LSSLSSLSSLSSLSSLL,1.0,1,1,correption,ο:L:position ε:S:nature οι:S:nature ου:L:nature ε:S:nature α:S:lexicon α:L:lexicon α:S:lexicon ο:S:nature ι:L:lexicon ε:S:nature οι:S:nature η:L:nature+position ι:S:unknown α:S:antepenult_accent ει:L:nature ο:L:line_final,δὸς δέ μοι οὔρεα πάντα· πόλιν δέ μοι ἥντινα νεῖμον
Hymn to Artemis,1,19,True,LSSLLLSSLSSLSSLL,LSSLLLSSLSSLSSLL,0.0,1,2,,η:L:nature+position ι:S:unknown α:S:antepenult_accent η:L:nature+position α:L:position ο:L:position α:S:lexicon ο:S:nature α:L:position ε:S:nature ι:S:lexicon α:L:paroxytone_short_ultima υ:S:lexicon α:S:unknown ει:L:nature ι:L:antepenult_accent,ἥντινα λῇς· σπαρνὸν γὰρ ὅτ’ Ἄρτεμις ἄστυ κάτεισιν·
Hymn to Artemis,1,20,True,LSSLLLSSLSSLSSLL,LSSLLLSSLSSLSSLL,0.5,1,1,correption,ου:L:nature ε:S:nature ι:S:lexicon οι:L:nature η:L:nature ω:L:nature ο:S:nature ε:S:nature ι:L:antepenult_accent ε:S:nature ι:S:unknown ει:L:nature+position ο:S:nature αι:S:nature α:L:lexicon ω:L:line_final,"οὔρεσιν οἰκήσω, πόλεσιν δ’ ἐπιμείξομαι ἀνδρῶν"
Hymn to Artemis,1,21,True,LSSLLLSSLLLSSLL,LSSLLLSSLLLSSLL,0.0,1,1,,ου:L:nature ο:S:nature ο:S:nature ε:L:position ει:L:nature η:L:nature ι:S:antepenult_accent υ:S:lexicon ω:L:nature ι:L:unknown ε:L:position ι:S:antepenult_accent υ:S:lexicon αι:L:nature ε:L:line_final,μοῦνον ὅτ’ ἐξείῃσιν ὑπ’ ὠδίνεσσι γυναῖκες
Hymn to Artemis,1,22,True,LSSLSSLSSLSSLSSLL,LSSLSSLSSLSSLSSLL,0.0,1,1,,ει:L:nature ο:S:nature ε:S:nature αι:L:nature α:S:lexicon ε:S:nature ου:L:nature ι:S:lexicon ο:S:nature η:L:nature ο:S:nature ο:S:nature η:L:nature ι:S:unknown ε:S:nature οι:L:nature αι:L:line_final,"τειρόμεναι καλέουσι βοηθόον, ᾗσί με Μοῖραι"
Hymn to Artemis,1,23,True,LSSLLLSSLLLSSLL,LSSLLLSSLLLSSLL,0.0,1,0,,ει:L:nature ο:S:nature ε:S:nature η:L:nature+position ο:L:position ω:L:nature ο:S:nature ε:S:nature ε:L:position η:L:nature ω:L:nature α:S:antepenult_accent α:S:lexicon η:L:nature ει:L:line_final,"γεινομένην τὸ πρῶτον ἐπεκλήρωσαν ἀρήγειν,"
Hymn to Artemis,1,24,True,LSSLLLSSLLLSSLL,LSSLLLSSLLLSSLL,0.5,1,0,correption,ο:L:position ι:S:lexicon ε:S:nature αι:L:nature ι:L:position ου:L:nature α:S:antepenult_accent αι:S:nature ου:L:nature η:L:nature+position η:L:nature ε:S:nature ε:S:nature ου:L:nature α:L:lexicon,ὅττι με καὶ τίκτουσα καὶ οὐκ ἤλγησε φέρουσα
Hymn to Artemis,1,25,True,LLLSSLSSLSSLSSLL,LLLSSLSSLSSLSSLL,0.0,1,2,,η:L:nature η:L:nature α:L:position α:S:lexicon ο:S:nature η:L:nature ι:S:lexicon ι:S:lexicon ω:L:nature α:S:unknown ε:S:nature η:L:nature α:S:unknown ο:S:nature υι:L:nature ω:L:line_final,"μήτηρ, ἀλλ’ ἀμογητὶ φίλων ἀπεθήκατο γυίων."
Hymn to Artemis,1,26,True,LLLLLSSLSSLSSLL,LLLLLSSLSSLSSLL,0.0,1,0,,ω:L:nature η:L:nature αι:L:nature ει:L:nature ου:L:nature α:S:lexicon ε:S:nature ει:L:nature α:S:paroxytone_short_ultima ο:S:nature η:L:nature ε:S:nature ε:S:nature α:L:lexicon ο:L:line_final,ὣς ἡ παῖς εἰποῦσα γενειάδος ἤθελε πατρὸς
Hymn to Artemis,1,27,True,LLLLLSSLSSLSSLL,LLLLLSSLSSLSSLL,0.0,1,3,,α:L:position α:L:lexicon αι:L:nature ο:L:position α:L:lexicon ε:S:nature α:S:unknown η:L:nature ε:S:nature α:S:unknown υ:L:position α:S:unknown ο:S:nature ει:L:nature α:L:lexicon,"ἅψασθαι, πολλὰς δὲ μάτην ἐτανὐσσατο χεῖρας,"
Hymn to Artemis,1,28,True,LSSLLLSSLSSLSSLL,LSSLLLSSLSSLSSLL,0.0,1,0,,ε:L:position ι:S:lexicon ι:S:lexicon α:L:lexicon αυ:L:nature ει:L:nature ε:S:nature α:S:lexicon η:L:nature+position ε:S:nature ε:S:nature ευ:L:nature ε:S:nature ε:S:nature α:L:lexicon α:L:lexicon,"μέχρις ἵνα ψαύσειε. πατὴρ δ’ ἐπένευσε γελάσσας,"
Hymn to Artemis,1,29,True,LSSLLLSSLLLSSLL,LSSLLLSSLLLSSLL,0.0,1,1,,η:L:nature ε:S:nature α:S:unknown α:L:position ε:L:position ω:L:nature ο:S:nature ε:S:nature οι:L:nature οι:L:nature αυ:L:nature α:S:lexicon ε:S:nature αι:L:nature αι:L:line_final,φῆ δὲ καταρρέζων ὅτε μοι τοιαῦτα θέαιναι
Hymn to Artemis,1,30,True,LLLLLSSLLLSSLL,LLLLLSSLLLSSLL,0.0,1,0,,ι:L:position οι:L:nature ε:L:position υ:L:position ο:L:position ε:S:nature ε:S:nature ω:L:nature+position η:L:nature η:L:nature ο:S:nature ο:S:nature η:L:nature η:L:line_final,"τίκτοιεν, τυτθόν κεν ἐγὼ ζηλήμονος Ἥρης"
Hymn to Artemis,1,31,True,LSSLSSLSSLSSLSSLL,LSSLSSLSSLSSLSSLL,0.0,1,1,,ω:L:nature ο:S:nature ε:S:nature η:L:nature α:S:unknown ε:S:nature οι:L:nature ι:S:antepenult_accent ε:S:nature ευ:L:nature ε:S:nature ο:S:nature ο:L:position ε:S:nature ε:S:nature η:L:nature ο:L:line_final,"χωομένης ἀλέγοιμι. φέρευ, τέκος, ὅσσ’ ἐθελημὸς"
Hymn to Artemis,1,32,True,LLLLLSSLSSLSSLL,LLLLLSSLSSLSSLL,0.0,1,0,,αι:L:nature ι:L:position ει:L:nature+position αι:L:nature α:L:paroxytone_short_ultima α:S:lexicon α:S:lexicon η:L:nature ε:S:nature ι:S:lexicon ει:L:nature+position ο:S:nature α:S:lexicon ω:L:nature ει:L:line_final,"αἰτίζεις, καὶ δ’ ἄλλα πατὴρ ἔτι μείζονα δώσει."
Hymn to Artemis,1,33,True,LSSLSSLSSLSSLSSLL,LSSLSSLSSLSSLSSLL,0.5,1,0,correption,ι:L:lexicon ε:S:nature α:S:lexicon οι:L:nature+position ο:S:nature ι:S:lexicon ε:L:position α:S:lexicon αι:S:nature ου:L:nature ε:S:nature α:S:lexicon υ:L:paroxytone_short_ultima ο:S:nature ο:S:nature α:L:position ω:L:line_final,"τρὶς δέκα τοι πτολίεθρα καὶ οὐχ ἕνα πύργον ὀπάσσω,"
Hymn to Artemis,1,34,True,LSSLSSLSSLSSLSSLL,LSSLSSLSSLSSLSSLL,0.0,1,0,,ι:L:lexicon ε:S:nature α:S:lexicon οι:L:nature+position ο:S:nature ι:S:lexicon ε:L:position α:S:lexicon α:S:lexicon η:L:nature ε:S:nature ο:S:nature α:L:paroxytone_short_ultima ο:S:nature α:S:lexicon ε:L:position ει:L:line_final,"τρὶς δέκα τοι πτολίεθρα, τὰ μὴ θεὸν ἄλλον ἀέξειν"
Hymn to Artemis,1,35,True,LSSLSSLSSLSSLSSLL,LSSLSSLSSLSSLSSLL,1.0,1,0,correption,ει:L:nature ε:S:nature αι:S:nature α:L:position α:S:lexicon ο:S:nature η:L:nature+position ε:S:nature αι:S:nature α:L:position ε:S:nature ι:S:lexicon ο:L:position α:S:lexicon ε:S:nature ε:L:position αι:L:line_final,"εἴσεται, ἀλλὰ μόνην σὲ καὶ Ἀρτέμιδος καλέεσθαι·"
Hymn to Artemis,1,36,True,LLLLLSSLSSLLLL,LLLLLSSLSSLLLL,1.5,1,3,,ο:L:position α:L:lexicon ε:L:position υ:L:unknown η:L:nature ο:S:nature ι:S:lexicon α:L:antepenult_accent ι:S:unknown α:S:unknown ε:L:position η:L:nature α:L:position αι:L:line_final,πολλὰς δὲ ξυνῇ πόλιας διαμετρήσασθαι
Hymn to Artemis,1,37,True,LSSLLLSSLLLSSLL,LSSLLLSSLLLSSLL,1.5,1,0,correption,ε:L:position ο:S:nature ε:S:nature ω:L:nature+position η:L:nature ου:L:nature+position ε:S:nature αι:S:nature ε:L:position α:L:lexicon η:L:nature ι:S:lexicon ε:S:nature ο:L:position αι:L:line_final,μεσσόγεως νήσους τε· καὶ ἐν πάσῃσιν ἔσονται
Hymn to Artemis,1,38,True,LSSLLLSSLSSLSSLL,LSSLLLSSLSSLSSLL,0.5,1,1,correption,α:L:position ε:S:nature ι:S:lexicon ο:L:position ω:L:nature οι:L:nature ε:S:nature αι:S:nature α:L:position ε:S:nature α:S:lexicon αι:L:nature ε:S:nature α:S:unknown υι:L:nature αι:L:line_final,Ἀρτέμιδος βωμοί τε καὶ ἄλσεα. καὶ μὲν ἀγυιαῖς
Hymn to Artemis,1,39,True,LLLSSLSSLSSLSSLL,LLLSSLSSLSSLSSLL,0.0,1,1,,ε:L:position η:L:nature αι:L:nature ι:S:unknown ε:S:nature ε:L:position ι:S:antepenult_accent ε:S:nature ι:L:position ο:S:nature ο:S:nature ω:L:nature ο:S:nature ε:S:nature ει:L:nature ω:L:line_final,ἔσσῃ καὶ λιμένεσσιν ἐπίσκοπος. ὣς ὁ μὲν εἰπὼν
Hymn to Artemis,1,40,True,LSSLLLSSLSSLSSLL,LSSLLLSSLSSLSSLL,0.0,1,0,,υ:L:lexicon ο:S:nature ε:S:nature ε:L:position η:L:nature η:L:nature ε:S:nature α:S:lexicon η:L:nature α:S:lexicon ι:S:lexicon αι:L:nature ε:S:nature ε:S:nature ου:L:nature η:L:line_final,μῦθον ἐπεκρήηνε καρήατι. βαῖνε δὲ κούρη
Hymn to Artemis,1,41,True,LSSLLLSSLSSLSSLL,LSSLLLSSLSSLSSLL,0.0,1,0,,ευ:L:nature ο:S:nature ε:S:nature ι:L:lexicon η:L:nature αι:L:nature ο:S:nature ο:S:nature ο:L:position ε:S:nature ο:S:nature η:L:nature ε:S:nature ο:S:nature υ:L:lexicon η:L:line_final,λευκὸν ἐπὶ Κρηταῖον ὄρος κεκομημένον ὕλῃ·
Hymn to Artemis,1,42,True,LSSLSSLSSLSSLSSLL,LSSLSSLSSLSSLSSLL,0.0,1,1,,ε:L:position ε:S:nature ε:S:nature ω:L:nature ε:S:nature α:S:lexicon ο:L:position ο:S:nature ε:S:nature α:L:lexicon ε:S:nature ε:S:nature ε:L:position α:S:unknown ο:S:nature υ:L:position α:L:line_final,"ἔνθεν ἐπ’ Ὠκεανόν· πολέας δ’ ἐπελέξατο νύμφας,"
Hymn to Artemis,1,43,True,LLLSSLLLSSLSSLL,LLLSSLLLSSLSSLL,0.0,1,1,,α:L:lexicon α:L:lexicon ει:L:nature ε:S:nature ε:S:nature α:L:antepenult_accent α:L:lexicon α:L:lexicon ε:S:nature ι:S:lexicon αι:L:nature α:S:lexicon α:S:unknown ι:L:position ου:L:line_final,"πάσας εἰνέτεας, πάσας ἔτι παῖδας ἀμίτρους."
Hymn to Artemis,1,44,True,LSSLLLSSLSSLSSLL,LSSLLLSSLSSLSSLL,0.0,1,1,,αι:L:nature ε:S:nature ε:S:nature αι:L:nature α:L:unknown ο:L:position ο:S:nature α:S:lexicon ο:L:position ε:S:nature α:S:lexicon αι:L:nature ε:S:nature ε:S:nature η:L:nature υ:L:line_final,"χαῖρε δὲ Καίρατος ποταμὸς μέγα, χαῖρε δὲ Τηθύς,"
Hymn to Artemis,1,45,True,LSSLSSLLLSSLSSLL,LSSLSSLLLSSLSSLL,0.0,1,5,,ου:L:nature ε:S:nature α:S:lexicon υ:L:unknown α:S:unknown ε:S:nature α:L:position η:L:nature ω:L:nature ι:S:unknown ι:S:unknown ε:L:position ο:S:nature α:S:unknown ο:L:position ου:L:line_final,οὕνεκα θυγατέρας Λητωίδι πέμπον ἀμορβούς.
Hymn to Artemis,1,46,True,LSSLLLSSLSSLSSLL,LSSLLLSSLSSLSSLL,0.0,1,0,,αυ:L:nature ι:S:lexicon ε:S:nature υ:L:position ω:L:nature α:L:lexicon ε:S:nature ε:S:nature ι:L:lexicon α:S:lexicon ε:S:nature ου:L:nature+position ε:S:nature ε:S:nature ε:L:position ε:L:line_final,αὖθι δὲ Κύκλωπας μετεκίαθε· τοὺς μὲν ἔτετμε
Hymn to Artemis,1,47,True,LSSLSSLSSLSSLSSLL,LSSLSSLSSLSSLSSLL,2.5,1,4,correption;lexicon_overridden,η:L:nature ω:S:nature ε:S:nature ι:L:lexicon ι:S:unknown α:S:unknown η:L:nature ι:S:unknown α:S:unknown η:L:nature ε:S:nature ο:S:nature α:L:position α:S:lexicon ο:S:nature ε:L:position ε:L:line_final,"νήσῳ ἐνὶ Λιπάρῃ Λιπάρη νέον, ἀλλὰ τότ’ ἔσκεν"
Hymn to Artemis,1,48,True,LSSLSSLSSLSSLLLL,LSSLSSLSSLSSLLLL,1.5,1,3,,ου:L:nature ο:S:nature α:S:unknown οι:L:nature ε:S:nature ι:S:unknown ου:L:nature ι:S:unknown ε:S:nature α:L:position ο:S:nature ι:S:antepenult_accent η:L:nature αι:L:nature+position οι:L:nature ο:L:line_final,οὔνομά οἱ Μελιγουνίς ἐπ’ ἄκμοσιν Ἡφαίστοιο
Hymn to Artemis,1,49,True,LSSLSSLSSLSSLSSLL,LSSLSSLSSLSSLSSLL,0.0,1,0,,ε:L:position α:S:lexicon ο:S:nature α:L:lexicon ε:S:nature ι:S:lexicon υ:L:paroxytone_short_ultima ο:S:nature ε:S:nature ει:L:nature ε:S:nature ο:S:nature α:L:lexicon ε:S:nature α:S:lexicon ε:L:position ο:L:line_final,ἑσταότας περὶ μύδρον· ἐπείγετο γὰρ μέγα ἔργον·
Hymn to Artemis,1,50,True,LLLSSLSSLLLSSLL,LLLSSLSSLLLSSLL,0.0,1,1,,ι:L:position ει:L:nature η:L:nature+position ε:S:nature υ:S:unknown ο:L:position ο:S:nature ο:S:nature ει:L:nature α:L:lexicon ω:L:nature ι:S:lexicon ο:S:nature ι:L:position η:L:line_final,ἱππείην τετύκοντο Ποσειδάωνι ποτίστρην.
Hymn to Artemis,1,51,True,LLLLLSSLSSLSSLL,LLLLLSSLSSLSSLL,0.0,1,0,,αι:L:nature υ:L:paroxytone_short_ultima αι:L:nature ε:L:position ει:L:nature α:S:antepenult_accent ο:S:nature ω:L:nature ι:S:lexicon ο:S:nature αι:L:nature α:S:lexicon ε:S:nature ω:L:nature α:L:lexicon,"αἱ νύμφαι δ’ ἔδδεισαν, ὅπως ἴδον αἰνὰ πέλωρα"
Hymn to Artemis,1,52,True,LSSLLLSSLSSLSSLL,LSSLLLSSLSSLSSLL,0.0,1,1,,η:L:nature ο:S:nature ι:S:unknown ο:L:position αι:L:nature οι:L:nature ι:S:antepenult_accent ε:S:nature οι:L:nature ο:S:nature α:S:lexicon α:L:lexicon ι:S:lexicon υ:S:lexicon ο:L:position υ:L:line_final,"πρηόσιν Ὀσσαίοισιν ἐοικότα, πᾶσι δ’ ὑπ’ ὀφρὺν"
Hymn to Artemis,1,53,True,LSSLLLSSLSSLSSLL,LSSLLLSSLSSLSSLL,0.0,1,4,,α:L:unknown ε:S:nature α:S:antepenult_accent ου:L:nature ο:L:position η:L:nature α:S:antepenult_accent α:S:lexicon ει:L:nature ι:S:unknown α:S:unknown ε:L:position α:S:unknown ο:S:nature ει:L:nature ω:L:line_final,φάεα μουνόγληνα σάκει ἴσα τετραβοείῳ
Hymn to Artemis,1,54,True,LSSLLLSSLSSLSSLL,LSSLLLSSLSSLSSLL,0.5,1,1,correption,ει:L:nature ο:S:nature υ:S:unknown ο:L:position αυ:L:nature+position ο:L:position α:S:antepenult_accent αι:S:nature ο:L:position ο:S:nature ε:S:nature ου:L:nature ο:S:nature α:S:lexicon ου:L:nature α:L:lexicon,"δεινὸν ὑπογλαύσσοντα, καὶ ὁππότε δοῦπον ἄκουσαν"
Hymn to Artemis,1,55,True,LSSLLLSSLSSLSSLL,LSSLLLSSLSSLSSLL,1.0,1,2,lexicon_overridden,α:L:position ο:S:nature ο:S:nature η:L:nature η:L:nature α:L:position ο:S:nature ε:S:nature ι:L:lexicon ε:S:nature α:S:lexicon ου:L:nature υ:S:unknown α:S:unknown η:L:nature α:L:antepenult_accent,ἄκμονος ἠχήσαντος ἐπὶ μέγα πουλύ τ’ ἄημα
Hymn to Artemis,1,56,True,LLLLLSSLSSLSSLL,LLLLLSSLSSLSSLL,0.0,1,2,,υ:L:unknown α:L:unknown ω:L:nature αυ:L:nature ω:L:nature+position ε:S:nature α:S:lexicon υ:L:lexicon ο:S:nature ο:S:nature αυ:L:nature ε:S:nature α:S:lexicon αι:L:nature+position η:L:line_final,"φυσάων αὐτῶν τε βαρὺν στόνον· αὖε γὰρ Αἴτνη,"
Hymn to Artemis,1,57,True,LSSLSSLSSLSSLSSLL,LSSLSSLSSLSSLSSLL,1.0,1,5,cluster_short,αυ:L:nature ε:S:nature ε:S:position ι:L:unknown α:S:unknown ι:S:unknown η:L:nature ι:S:unknown α:S:unknown ω:L:nature ε:S:nature ο:S:nature αυ:L:nature ε:S:nature ε:S:nature ει:L:nature ω:L:line_final,"αὖε δὲ Τρινακίη, Σικανῶν ἕδος, αὖε δὲ γείτων"
Hymn to Artemis,1,58,True,LSSLSSLSSLSSLSSLL,LSSLSSLSSLSSLSSLL,0.0,1,5,,ι:L:unknown α:S:unknown ι:S:unknown η:L:nature ε:S:nature α:S:lexicon η:L:nature+position ε:S:nature ο:S:nature η:L:nature ε:S:nature ι:S:lexicon υ:L:paroxytone_short_ultima ο:S:nature α:S:unknown υ:L:unknown ει:L:line_final,"Ἰταλίη, μεγάλην δὲ βοὴν ἐπὶ Κύρνος ἀύτει,"
Hymn to Artemis,1,59,True,LLLLLSSLSSLSSLL,LLLLLSSLSSLSSLL,1.0,1,2,metrical_lengthening,ευ:L:nature οι:L:nature ε:L:nature αι:L:nature+position η:L:nature α:S:properispomenon α:S:unknown ει:L:nature α:S:unknown ε:S:nature οι:L:nature υ:S:lexicon ε:S:nature ω:L:nature ω:L:line_final,εὖθ’ οἵ γε ῥαιστῆρας ἀειράμενοι ὑπὲρ ὤμων
Hymn to Artemis,1,60,True,LLLLLSSLSSLSSLL,LLLLLSSLSSLSSLL,0.0,1,2,,η:L:nature α:L:position ο:L:position ει:L:nature ο:L:position α:S:antepenult_accent α:S:unknown ι:L:unknown ο:S:nature ε:S:nature η:L:nature ε:S:nature ι:S:lexicon η:L:nature ο:L:line_final,ἢ χαλκὸν ζείοντα καμινόθεν ἠὲ σίδηρον
Hymn to Artemis,1,61,True,LSSLSSLSSLSSLLLL,LSSLSSLSSLSSLLLL,2.5,1,2,lexicon_overridden,α:L:position ο:S:nature α:S:unknown ι:L:position ε:S:nature υ:S:unknown ο:L:position ε:S:nature ε:S:nature ι:L:lexicon ε:S:nature α:S:lexicon ο:L:position η:L:nature ει:L:nature α:L:antepenult_accent,ἀμβολαδὶς τετυπόντες ἐπὶ μέγα μοχθήσειαν.
Hymn to Artemis,1,62,True,LSSLSSLSSLSSLSSLL,LSSLSSLSSLSSLSSLL,0.0,1,2,,ω:L:nature+position ε:S:nature α:S:lexicon ου:L:nature ε:S:nature α:S:unknown α:L:position α:S:antepenult_accent α:S:lexicon η:L:nature ε:S:nature ε:S:nature ω:L:nature ε:S:nature α:S:unknown ι:L:circumflex αι:L:line_final,τῶ σφέας οὐκ ἐτάλασσαν ἀκηδέες Ὠκεανῖναι
Hymn to Artemis,1,63,True,LSLLSSLLLSSLSSLL,LSLLSSLLLSSLSSLL,99.0,0,1,unmetrical,ου:L:nature α:S:unknown ω:L:nature η:L:nature ι:S:lexicon ε:S:nature ει:L:nature ου:L:nature ε:L:position υ:S:lexicon ο:S:nature ου:L:nature α:S:lexicon ι:S:lexicon ε:L:position αι:L:line_final,οὔτ’ ἄωτην ἰδέειν οὔτε κτύπον οὔασι δέχθαι.
Hymn to Artemis,1,64,True,LSSLLLSSLSSLSSLL,LSSLLLSSLSSLSSLL,0.5,1,0,correption,ου:L:nature ε:S:nature ε:S:nature ι:L:lexicon ει:L:nature ου:L:nature+position ε:S:nature αι:S:nature αι:L:nature α:S:lexicon α:S:lexicon η:L:nature ε:S:nature ι:S:lexicon υ:L:position αι:L:line_final,οὐ νέμεσις· κείνους γε καὶ αἱ μάλα μηκέτι τυτθαὶ
Hymn to Artemis,1,65,True,LSSLLLSSLSSLSSLL,LSSLLLSSLSSLSSLL,0.0,1,1,,ου:L:nature ε:S:nature ο:S:nature α:L:position ι:L:position ι:L:unknown α:S:lexicon α:S:lexicon ω:L:nature ο:S:nature ο:S:nature ω:L:nature ι:S:antepenult_accent υ:S:lexicon α:L:lexicon ε:L:line_final,οὐδέποτ’ ἀφρικτὶ μακάρων ὁρόωσι θύγατρες.
Hymn to Artemis,1,66,True,LSSLLLSSLSSLSSLL,LSSLLLSSLSSLSSLL,0.0,1,2,,α:L:position ο:S:nature ε:S:nature ου:L:nature α:L:lexicon ω:L:nature+position ι:S:lexicon α:S:unknown ει:L:nature ε:S:nature α:S:unknown η:L:nature ε:S:nature ι:S:lexicon ευ:L:nature οι:L:line_final,"ἀλλ’ ὅτε κουράων τις ἀπειθέα μητέρι τεύχοι,"
Hymn to Artemis,1,67,True,LLLLLSSLSSLSSLL,LLLLLSSLSSLSSLL,0.0,1,1,,η:L:nature η:L:nature+position ε:L:position υ:L:position ω:L:nature α:S:lexicon ε:S:nature η:L:nature ε:S:nature ι:S:lexicon αι:L:nature ι:S:lexicon α:S:unknown ι:L:position ει:L:line_final,"μήτηρ μὲν Κύκλωπας ἑῇ ἐπὶ παιδὶ καλιστρεῖ,"
Hymn to Artemis,1,68,True,LLLSSLSSLSSLSSLL,LLLSSLSSLSSLSSLL,0.0,1,2,,α:L:position η:L:nature η:L:nature+position ε:S:nature ο:S:nature η:L:nature ο:S:nature ε:S:nature ω:L:nature α:S:lexicon ο:S:nature ε:L:position υ:S:unknown α:S:unknown οι:L:nature ο:L:line_final,Ἄργην ἢ Στερόπην· ὁ δὲ δώματος ἐκ μυχάτοιο
Hymn to Artemis,1,69,True,LSSLLLSSLLLSSLL,LSSLLLSSLLLSSLL,1.5,1,1,correption,ε:L:position ε:S:nature αι:S:nature ε:L:position ει:L:nature η:L:nature+position ο:S:nature ι:S:unknown η:L:nature ε:L:position η:L:nature ε:S:nature ο:S:nature αι:L:nature η:L:line_final,ἔρχεται Ἑρμείης σποδιῇ κεχρημένος αἰθῇ·
Hymn to Artemis,1,70,True,LSSLLLLLSSLSSLL,LSSLLLLLSSLSSLL,0.5,1,0,correption,αυ:L:nature ι:S:lexicon α:S:lexicon η:L:nature+position ου:L:nature η:L:nature+position ο:L:position υ:L:position ε:S:nature αι:S:nature η:L:nature ε:S:nature ε:S:nature ου:L:nature η:L:line_final,"αὐτίκα τὴν κούρην μορμύσσεται, ἡ δὲ τεκούσης"
Hymn to Artemis,1,71,True,LSSLLLSSLSSLSSLL,LSSLLLSSLSSLSSLL,1.5,1,1,correption,υ:L:lexicon ει:S:nature ε:S:nature ω:L:nature ο:L:position ου:L:nature+position ε:S:nature ε:S:nature η:L:nature ε:S:nature ι:S:lexicon α:L:unknown ε:S:nature ι:S:antepenult_accent ει:L:nature α:L:lexicon,δύνει ἔσω κόλπους θεμένη ἐπὶ φάεσι χεῖρας.
Hymn to Artemis,1,72,True,LSSLSSLSSLSSLSSLL,LSSLSSLSSLSSLSSLL,0.0,1,1,,ου:L:nature α:S:properispomenon υ:S:lexicon ε:L:position ο:S:nature ε:S:nature ω:L:nature ε:S:nature ε:S:nature ι:L:lexicon ι:S:unknown ε:S:nature η:L:nature ο:S:nature ε:S:nature ου:L:nature α:L:lexicon,"κοῦρα, σὺ δὲ προτέπω περ, ἔτι τριέτηρος ἐοῦσα,"
Hymn to Artemis,1,73,True,LSSLLLSSLSSLSSLL,LSSLLLSSLSSLSSLL,0.0,1,0,,ευ:L:nature ε:S:nature ο:S:nature ε:L:position η:L:nature ω:L:nature ε:S:nature ε:S:nature α:L:position α:S:lexicon ι:S:lexicon ε:L:position ι:S:lexicon ε:S:nature ου:L:nature α:L:lexicon,"εὖτ’ ἔμολεν Λητώ σε μετ’ ἀγκαλίδεσσι φέρουσα,"
Hymn to Artemis,1,74,True,LLLSSLSSLLLSSLL,LLLSSLSSLLLSSLL,0.0,1,2,,η:L:nature αι:L:nature+position ου:L:nature α:S:unknown ε:S:nature ο:L:position ο:S:nature ο:S:nature ω:L:nature ο:L:position η:L:nature ι:S:unknown α:S:antepenult_accent οι:L:nature η:L:line_final,"Ἡφαίστου καλέοντος ὅπως ὀπτήρια δοίη,"
Hymn to Artemis,1,75,True,LLLSSLSSLSSLSSLL,LLLSSLSSLSSLSSLL,2.0,1,4,synizesis;synizesis,ο:L:position εω:L:synizesis ε:L:position ι:S:unknown α:S:unknown οι:L:nature ι:S:properispomenon ε:S:nature ε:L:position α:S:unknown ε:S:nature ου:L:nature ο:S:nature α:S:unknown ε:L:position ι:L:antepenult_accent,"Βρόντεώ σε στιβαροῖσιν ἐφεσσαμένου γονάτεσσι,"
Hymn to Artemis,1,76,True,LSSLSSLSSLLLSSLL,LSSLSSLSSLLLSSLL,0.0,1,3,,η:L:nature ε:S:nature ο:S:nature ε:L:position ε:S:nature α:S:lexicon ου:L:nature α:S:unknown ι:S:unknown η:L:nature ε:L:position α:L:position α:S:unknown ο:S:nature αι:L:nature η:L:line_final,"στήθεος ἐκ μεγάλου λασίης ἐδράξαο χαίτης,"
Hymn to Artemis,1,77,True,LLLSSLSSLSSLSSLL,LLLSSLSSLSSLSSLL,0.0,1,2,,ω:L:nature ο:L:position α:L:antepenult_accent ε:S:nature ι:S:lexicon η:L:nature ι:S:lexicon ο:S:nature α:L:position ι:S:unknown ο:S:nature ει:L:nature ε:S:nature ι:S:unknown αι:L:nature υ:L:lexicon,ὤλοψας δὲ βίηφι· τὸ δ’ ἄτριχον εἰσέτι καὶ νῦν
Hymn to Artemis,1,78,True,LSSLLLSSLSSLSSLL,LSSLLLSSLSSLSSLL,0.0,1,2,,ε:L:position α:S:unknown ι:S:unknown ο:L:position ε:L:position οι:L:nature ο:S:nature ε:S:nature ει:L:nature ε:S:nature ο:S:nature ω:L:nature ο:S:nature ε:S:nature ο:L:position η:L:line_final,"μεσσάτιον στέρνοιο μένει μέρος, ὡς ὅτε κόρσην"
Hymn to Artemis,1,79,True,LSSLLLSSLSSLSSLL,LSSLLLSSLSSLSSLL,0.0,1,3,,ω:L:nature ο:S:nature ε:S:nature ι:L:position υ:L:unknown ει:L:nature α:S:properispomenon ο:S:nature η:L:nature ε:S:nature ε:S:nature ει:L:nature α:S:unknown α:S:unknown ω:L:nature η:L:line_final,φωτὸς ἐνιδρυθεῖσα κόμην ἐπενείματ’ ἀλώπηξ.
Hymn to Artemis,1,80,True,LSSLSSLSSLSSLSSLL,LSSLSSLSSLSSLSSLL,0.0,1,2,,ω:L:nature α:S:lexicon α:S:lexicon α:L:position α:S:unknown ε:S:nature η:L:nature+position ε:S:nature α:S:lexicon ε:L:position ο:S:nature ε:S:nature ε:L:position α:S:unknown ο:S:nature η:L:nature ο:L:line_final,τῶ μάλα θαρσαλέη σφε τάδε προσελέξαο τῆμος
Hymn to Artemis,1,81,True,LLLLLSSLSSLSSLL,LLLLLSSLSSLSSLL,0.0,1,2,,υ:L:position ω:L:nature ε:L:position η:L:nature οι:L:nature ι:S:lexicon υ:S:unknown ω:L:nature ι:S:unknown ο:S:nature ει:L:nature α:S:lexicon ε:S:nature ο:L:position ο:L:line_final,"Κύκλωπες, κἠμοί τι Κυδώνιον εἰ δ’ ἄγε τόξον"
Hymn to Artemis,1,82,True,LLLLLSSLLLSSLL,LLLLLSSLLLSSLL,0.0,1,1,,η:L:nature ι:L:lexicon ου:L:nature+position οι:L:nature η:L:nature+position ε:S:nature α:S:unknown α:L:position η:L:nature ι:L:circumflex α:S:properispomenon ε:S:nature ε:L:position ω:L:line_final,ἠδ’ ἰοὺς κοίλην τε κατακληῖδα βελέμνων
Hymn to Artemis,1,83,True,LSSLSSLLLSSLSSLL,LSSLSSLLLSSLSSLL,0.0,1,3,,ευ:L:nature+position α:S:unknown ε:S:nature αι:L:nature α:S:lexicon ε:S:nature ω:L:nature η:L:nature ω:L:nature ι:S:unknown α:S:unknown ω:L:nature+position ε:S:nature α:S:lexicon ο:L:position ω:L:line_final,τεύξατε· καὶ γὰρ ἐγὼ Λητωιὰς ὥσπερ Ἀπόλλων.
Hymn to Artemis,1,84,True,LSSLLLSSLSSLSSLL,LSSLLLSSLSSLSSLL,0.0,1,1,,αι:L:nature ε:S:nature ε:S:nature ω:L:nature ο:L:position οι:L:nature+position ο:S:nature ι:S:unknown ο:L:position α:S:paroxytone_short_ultima ο:S:nature η:L:nature ι:S:lexicon ε:S:nature ω:L:nature ο:L:line_final,αἰ δέ κ’ ἐγὼ τόξοις μονιὸν δάκος ἤ τι πέλωρον
Hymn to Artemis,1,85,True,LSSLLLSSLLLSSLL,LSSLLLSSLLLSSLL,0.0,1,0,,η:L:nature ι:S:paroxytone_short_ultima ο:S:nature α:L:position ευ:L:nature ω:L:nature ο:S:nature ε:S:nature ε:L:position υ:L:position ω:L:nature ε:S:nature ε:S:nature οι:L:nature ε:L:line_final,"θηρίον ἀγρεύσω, τὸ δέ κεν Κύκλωπες ἔδοιεν."
Hymn to Artemis,1,86,True,LSSLSSLSSLLLSSLL,LSSLSSLSSLLLSSLL,0.0,1,1,,ε:L:position ε:S:nature ε:S:nature οι:L:nature ε:S:nature ε:S:nature ε:L:position α:S:antepenult_accent α:S:lexicon α:L:lexicon ω:L:nature+position ι:L:position α:S:unknown ο:S:nature αι:L:nature ο:L:line_final,"ἔννεπες· οἱ δ’ ἐτέλεσσαν· ἄφαρ δ’ ὡπλίσσαο, δαῖμον,"
Hymn to Artemis,1,87,True,LSSLSSLSSLSSLSSLL,LSSLSSLSSLSSLSSLL,0.0,1,3,,αι:L:nature+position α:S:lexicon ε:S:nature ι:L:lexicon υ:S:unknown α:S:unknown α:L:antepenult_accent α:S:lexicon ι:S:lexicon η:L:nature ι:S:unknown ε:S:nature ι:L:lexicon ε:S:nature ο:S:nature αυ:L:nature ι:L:lexicon,αἶψα δ’ ἐπὶ σκύλακας πάλιν ἤιες· ἵκεο δ’ αὖλιν
Hymn to Artemis,1,88,True,LSSLSSLSSLSSLSSLL,LSSLSSLSSLSSLSSLL,0.0,1,3,,α:L:position α:S:unknown ι:S:unknown η:L:nature ε:S:nature ι:S:lexicon α:L:unknown ο:S:nature ο:S:nature ε:L:position ε:S:nature α:S:lexicon υ:L:position ο:S:nature ε:S:nature α:L:position ε:L:line_final,Ἀρκαδικὴν ἔπι Πανός. ὁ δὲ κρέα λυγκὸς ἔταμνε
Hymn to Artemis,1,89,True,LSSLSSLSSLSSLSSLL,LSSLSSLSSLSSLSSLL,0.0,1,2,,αι:L:nature α:S:unknown ι:S:unknown η:L:nature ι:S:lexicon α:S:lexicon οι:L:nature ο:S:nature α:S:paroxytone_short_ultima ε:L:position υ:S:lexicon ε:S:nature ει:L:nature α:S:lexicon ε:S:nature οι:L:nature ε:L:line_final,"Μαιναλίης, ἵνα οἱ τοκάδες κύνες εἶδαρ ἔδοιεν."
Hymn to Artemis,1,90,True,LSSLLLSSLSSLSSLL,LSSLLLSSLSSLSSLL,0.0,1,0,,ι:L:position ο:S:nature ε:S:nature ει:L:nature η:L:nature η:L:nature+position υ:S:lexicon ο:S:nature ε:L:position υ:S:lexicon α:S:lexicon η:L:nature ι:S:lexicon υ:S:lexicon η:L:nature ου:L:line_final,τὶν δ’ ὁ γενειήτης δύο μὲν κύνας ἥμισυ πηγοὺς
Hymn to Artemis,1,91,True,LSSLLLSSLSSLSSLL,LSSLLLSSLSSLSSLL,0.0,1,1,,ει:L:nature+position ε:S:nature α:S:unknown ου:L:nature αι:L:nature ου:L:nature ε:S:nature α:S:lexicon αι:L:nature ο:S:nature ο:S:nature οι:L:nature α:S:lexicon ε:S:nature ο:L:position α:L:antepenult_accent,"τρεῖς δὲ παρουαίους ἕνα δ’ αἰόλον, οἵ ῥα λέοντας"
Hymn to Artemis,1,92,True,LLLSSLSSLLLSSLL,LLLSSLSSLLLSSLL,0.0,1,2,,αυ:L:nature ου:L:nature αυ:L:nature ε:S:nature υ:S:unknown ο:L:position ε:S:nature ο:S:nature ε:L:position α:L:position αι:L:nature+position ο:S:nature ε:S:nature α:L:unknown ω:L:line_final,"αὐτοὺς αὖ ἐρύοντες, ὅτε δράξαιντο δεράων,"
Hymn to Artemis,1,93,True,LSSLLLSSLSSLSSLL,LSSLLLSSLSSLSSLL,0.0,1,0,,ει:L:nature+position ο:S:nature ε:S:nature ι:L:lexicon ω:L:nature ο:L:position α:S:antepenult_accent ε:S:nature αυ:L:nature ι:S:paroxytone_short_ultima ο:S:nature ε:L:position α:S:lexicon ε:S:nature ω:L:nature ε:L:line_final,"εἷλκον ἔτι ζώοντας ἐπ’ αὐλίον, ἑπτὰ δ’ ἔδωκε"
Hymn to Artemis,1,94,True,LSSLLLSSLSSLSSLL,LSSLLLSSLSSLSSLL,0.0,1,5,,α:L:position ο:S:nature α:S:lexicon αυ:L:nature α:L:unknown ω:L:nature+position υ:S:unknown ο:S:nature ου:L:nature ι:S:unknown α:S:unknown αι:L:nature α:S:lexicon ι:S:unknown ω:L:nature+position αι:L:line_final,"θάσσονας αὐράων Κυνοσουρίδας, αἵ ῥα διῶξαι"
Hymn to Artemis,1,95,True,LLLLLSSLLLSSLL,LLLLLSSLLLSSLL,0.5,1,1,correption,ω:L:nature ι:L:position αι:L:nature ε:L:position ου:L:nature+position ε:S:nature αι:S:nature ου:L:nature υ:L:unknown ο:L:position α:S:antepenult_accent α:S:lexicon ω:L:nature ο:L:line_final,"ὤκισται νεβρούς τε καὶ οὐ μύοντα λαγωόν,"
Hymn to Artemis,1,96,True,LLLSSLSSLSSLSSLL,LLLSSLSSLSSLSSLL,0.5,1,3,correption,αι:L:nature οι:L:nature η:L:nature ε:S:nature α:S:lexicon οι:L:nature ο:S:nature αι:S:nature υ:L:position ι:S:unknown ο:S:nature ε:L:position α:S:lexicon α:S:unknown ι:L:unknown αι:L:line_final,καὶ κοίτην ἐλάφοιο καὶ ὕστριχος ἔνθα καλιαὶ
Hymn to Artemis,1,97,True,LLLLLSSLSSLLLL,LLLLLSSLSSLLLL,1.5,1,1,,η:L:nature η:L:nature αι:L:nature αι:L:nature+position ο:L:position ο:S:nature ε:S:nature ι:L:position ι:S:unknown ο:S:nature η:L:nature η:L:nature α:L:lexicon αι:L:line_final,"σημῆναι, καὶ ζορκὸς ἐπ’ ἴχνιον ἡγήσασθαι."
Hymn to Artemis,1,98,True,LSSLSSLSSLSSLLLL,LSSLSSLSSLSSLLLL,1.5,1,1,,ε:L:position ε:S:nature α:S:unknown ε:L:position ο:S:nature ε:S:nature η:L:nature ε:S:nature α:S:lexicon αι:L:nature υ:S:lexicon ε:S:nature ε:L:position ευ:L:nature ο:L:position ο:L:line_final,ἔνθεν ἀπερχομένη μετὰ καὶ κύνες ἐσσεύοντο
Hymn to Artemis,1,99,True,LSSLSSLSSLLLSSLL,LSSLSSLSSLLLSSLL,0.0,1,2,,ευ:L:nature ε:S:nature ε:S:nature ι:L:position ο:S:nature ο:S:nature η:L:nature ο:S:nature ε:S:nature ο:L:position ου:L:nature α:L:position α:S:unknown ι:S:unknown οι:L:nature ο:L:line_final,εὗρες ἐτί προμολῇσ’ ὄρεος τοῦ Παρρασίοιο
Hymn to Artemis,1,100,True,LLLSSLSSLSSLSSLL,LLLSSLSSLSSLSSLL,0.0,1,1,,αι:L:nature ου:L:nature α:L:unknown ε:S:nature α:S:lexicon ου:L:nature+position ε:S:nature α:S:lexicon ι:L:lexicon ε:S:nature ο:S:nature αι:L:nature ε:S:nature ε:S:nature ο:L:position η:L:line_final,"σκαιρούσας ἐλάφους, μέγα τι χρέος· αἱ μὲν ἑπ’ ὄχθῃς"
Hymn to Artemis,1,101,True,LSSLSSLSSLLLSSLL,LSSLSSLSSLLLSSLL,0.0,1,2,,αι:L:nature ε:S:nature ε:S:nature ου:L:nature ο:S:nature ε:S:nature ο:L:position ο:S:nature ε:S:nature α:L:position η:L:nature ι:L:unknown ο:S:nature α:S:unknown αυ:L:nature ου:L:line_final,"αἰὲν ἐβουκολέοντο μελαμψήφιδος Ἀναύρου,"
Hymn to Artemis,1,102,True,LSSLLLSSLSSLSSLL,LSSLLLSSLSSLSSLL,1.0,1,0,cluster_short,α:L:position ο:S:nature ε:S:nature η:L:nature αυ:L:nature οι:L:nature ε:S:nature α:S:lexicon ω:L:nature+position α:S:lexicon ε:S:nature α:L:position ε:S:nature ο:S:position υ:L:lexicon ο:L:line_final,"μάσσονες ἢ ταῦροι, κεράων δ’ ἀπελάμπετο χρυσός·"
Hymn to Artemis,1,103,True,LSSLSSLSSLSSLSSLL,LSSLSSLSSLSSLSSLL,0.5,1,1,correption,ε:L:position α:S:lexicon ι:S:lexicon η:L:nature+position ε:S:nature α:S:unknown ε:L:position ε:S:nature αι:S:nature ο:L:position ο:S:nature ι:S:lexicon υ:L:lexicon ο:S:nature ε:S:nature ει:L:nature ε:L:line_final,ἐξαπίνης δ’ ἔταφές τε καὶ ὃν ποτὶ θυμὸν ἔειπες
Hymn to Artemis,1,104,True,LSSLSSLLLSSLSSLL,LSSLSSLLLSSLSSLL,0.0,1,1,,ου:L:nature ο:S:nature ε:S:nature α:L:position ε:S:nature ι:S:lexicon ο:L:position ω:L:nature α:L:position ι:S:unknown ο:S:nature α:L:position ι:S:lexicon ο:S:nature ει:L:nature η:L:line_final,τοῦτό κεν Ἀρτέμιδος πρωτάγριον ἄξιον εἴη.
Hymn to Artemis,1,105,True,LSSLLLSSLSSLSSLL,LSSLLLSSLSSLSSLL,0.0,1,0,,ε:L:position ε:S:nature α:S:lexicon αι:L:nature α:L:lexicon αι:L:nature ι:S:lexicon υ:S:lexicon α:L:lexicon ε:S:nature ε:S:nature ω:L:nature α:S:lexicon ε:S:nature ου:L:nature α:L:lexicon,πέντ’ ἔσαν αἱ πᾶσαι· πίσυρας δ’ ἕλες ὦκα θέουσα
Hymn to Artemis,1,106,True,LSSLSSLSSLSSLSSLL,LSSLSSLSSLSSLSSLL,0.0,1,2,,ο:L:position ι:S:lexicon υ:S:unknown ο:L:position ο:S:nature ι:S:unknown η:L:nature ι:S:lexicon α:S:lexicon οι:L:nature ο:S:nature ο:S:nature α:L:paroxytone_short_ultima α:S:lexicon ε:S:nature ω:L:nature ι:L:antepenult_accent,"νόσφι κυνοδρομίης, ἵνα τοι θοὸν ἅρμα φέρωσι."
Hymn to Artemis,1,107,True,LSSLSSLSSLSSLSSLL,LSSLSSLSSLSSLSSLL,0.0,1,2,,η:L:nature+position ε:S:nature ι:S:lexicon α:L:lexicon ε:S:nature α:S:unknown ο:L:position ο:S:nature υ:S:lexicon ε:L:position ο:S:nature α:S:lexicon οι:L:nature ο:S:nature υ:S:unknown ου:L:nature α:L:properispomenon,τὴν δὲ μίαν Κελάδοντος ὑπὲρ ποταμοῖο φυγοῦσαν
Hymn to Artemis,1,108,True,LLLSSLSSLSSLLLL,LLLSSLSSLSSLLLL,1.5,1,0,,η:L:nature η:L:nature ε:L:position ε:S:nature ι:S:lexicon η:L:nature ι:S:lexicon α:S:lexicon ε:L:position ι:S:lexicon ο:S:nature η:L:nature α:L:position η:L:nature ι:L:properispomenon,"Ἡρης ἐννεσίῃσιν, ἀέθλιον Ἡρακλῆι"
Hymn to Artemis,1,109,True,LSSLSSLSSLSSLSSLL,LSSLSSLSSLSSLSSLL,0.0,1,1,,υ:L:position ε:S:nature ο:S:nature ο:L:position α:S:lexicon ε:S:nature οι:L:nature ο:S:nature α:S:lexicon ο:L:position ε:S:nature υ:S:unknown ει:L:nature ο:S:nature ε:S:nature ε:L:position ο:L:line_final,"ὕστερον ὄφρα γένοιτο, πάγος Κερύνειος ἔδεκτο."
Hymn to Artemis,1,110,True,LSSLSSLSSLSSLSSLL,LSSLSSLSSLSSLSSLL,1.0,1,3,cluster_short,α:L:position ε:S:nature ι:S:antepenult_accent α:L:position ε:S:nature ι:S:unknown η:L:nature ι:S:unknown υ:S:unknown ο:L:position ο:S:nature ε:S:position υ:L:lexicon ε:S:nature α:S:lexicon ε:L:position οι:L:line_final,"Ἄρτεμι Παρθενίη Τιτυοκτόνε, χρύσεα μέν τοι"
Hymn to Artemis,1,111,True,LSSLLLSSLLLSSLL,LSSLLLSSLLLSSLL,1.0,1,1,lexicon_overridden,ε:L:position ε:S:nature α:S:lexicon αι:L:nature+position ω:L:nature η:L:nature+position υ:S:lexicon ε:S:nature ο:L:position ε:L:position ευ:L:nature+position α:S:unknown ο:S:nature ι:L:paroxytone_short_ultima ο:L:line_final,"ἔντεα καὶ ζώνη, χρύσεον δ’ ἐζεύξαο δίφρον,"
Hymn to Artemis,1,112,True,LSSLLLSSLSSLSSLL,LSSLLLSSLSSLSSLL,0.0,1,4,,ε:L:position ε:S:nature α:S:unknown ευ:L:nature+position υ:L:lexicon ει:L:nature α:S:lexicon ε:S:nature η:L:nature ε:S:nature α:S:unknown ε:L:position ι:S:antepenult_accent α:S:unknown ι:L:unknown α:L:line_final,"ἐν δ’ ἐβάλευ χρύσεια, θεή, κεμάδεσσι χαλινά."
Hymn to Artemis,1,113,True,LSSLLLSSLSSLSSLL,LSSLLLSSLSSLSSLL,0.0,1,2,,ου:L:nature ε:S:nature ε:S:nature ο:L:position ω:L:nature ο:L:position ε:S:nature ο:S:nature ει:L:nature ο:S:nature ο:S:nature η:L:nature+position α:S:unknown α:S:unknown ει:L:nature ει:L:line_final,ποῦ δέ σε τὸ πρῶτον κερόεις ὄχος ἤρξατ’ ἀείρειν;
Hymn to Artemis,1,114,True,LSSLLLSSLSSLSSLL,LSSLLLSSLSSLSSLL,1.5,1,2,correption,αι:L:nature ω:S:nature ε:S:nature ι:L:lexicon η:L:nature ι:L:unknown ι:S:antepenult_accent ο:S:nature ε:L:position ο:S:nature ε:S:nature α:L:lexicon ο:S:nature α:S:unknown α:L:circumflex ι:L:properispomenon,"Αἵμῳ ἐπὶ Θρήικι, τόθεν βορέαο κατᾶιξ"
Hymn to Artemis,1,115,True,LSSLLLSSLSSLSSLL,LSSLLLSSLSSLSSLL,1.5,1,4,cluster_short;correption,ε:L:position ε:S:nature αι:S:nature α:L:position αι:L:nature οι:L:nature ι:S:antepenult_accent υ:S:unknown α:L:unknown ε:S:nature α:S:position υ:L:unknown ο:S:nature α:S:unknown ου:L:nature α:L:antepenult_accent,ἔρχεται ἀχλαίνοισι δυσαέα κρυμὸν ἄγουσα.
Hymn to Artemis,1,116,True,LSSLLLSSLSSLSSLL,LSSLLLSSLSSLSSLL,0.0,1,2,,ου:L:nature ε:S:nature α:S:unknown ε:L:position ευ:L:nature η:L:nature α:S:lexicon ο:S:nature ε:L:position ο:S:nature ο:S:nature η:L:nature+position α:S:unknown ο:S:nature οι:L:nature η:L:line_final,"ποῦ δ’ ἔταμες πεύκην, ἀπὸ δὲ φλογὸς ἥψαο ποίης;"
Hymn to Artemis,1,117,True,LSSLLLSSLSSLSSLL,LSSLLLSSLSSLSSLL,1.5,1,3,correption,υ:L:unknown ω:S:nature ε:S:nature ου:L:nature υ:L:position ω:L:nature α:S:unknown ε:S:nature ο:L:position ε:S:nature ε:S:nature η:L:nature α:S:antepenult_accent α:S:unknown υ:L:position η:L:line_final,"Μυσῷ ἐν Οὐλύμπῳ, φάεος δ’ ἐνέηκας ἀυτμὴν"
Hymn to Artemis,1,118,True,LLLSSLSSLLLSSLL,LLLSSLSSLLLSSLL,0.0,1,1,,α:L:position ε:L:position ου:L:nature ο:S:nature α:S:lexicon α:L:lexicon ο:S:nature α:S:unknown ο:L:position α:L:position ου:L:nature ι:S:antepenult_accent ε:S:nature αυ:L:nature οι:L:line_final,"ἀσβέστου, τό ῥα πατρὸς ἀποστάζουσι κεραυνοί."
Hymn to Artemis,1,119,True,LSSLSSLSSLLLSSLL,LSSLSSLSSLLLSSLL,0.0,1,3,,ο:L:position α:S:unknown ι:S:unknown α:L:position υ:S:lexicon ε:S:nature οι:L:nature ο:S:nature ε:S:nature η:L:nature ει:L:nature η:L:nature α:S:unknown ο:S:nature ο:L:position ου:L:line_final,"ποσσάκι δ’ ἀργυρέοιο, θεή, πειρήσαο τόξου;"
Hymn to Artemis,1,120,True,LSSLSSLSSLSSLSSLL,LSSLSSLSSLSSLSSLL,0.0,1,0,,ω:L:nature ο:S:nature ε:S:nature ι:L:lexicon ε:S:nature ε:S:nature η:L:nature+position ο:S:nature ε:S:nature ευ:L:nature ε:S:nature ο:S:nature η:L:nature α:S:properispomenon ε:S:nature ι:L:lexicon υ:L:lexicon,"πρῶτον ἐπὶ πτελέην, τὸ δὲ δεύτερον ἧκας ἐπὶ δρῦν,"
Hymn to Artemis,1,121,True,LSSLSSLSSLSSLSSLL,LSSLSSLSSLSSLSSLL,1.0,1,0,lexicon_overridden,ο:L:position ι:S:lexicon ο:S:nature αυ:L:nature ε:S:nature ι:S:lexicon η:L:nature α:S:properispomenon ο:S:nature ε:L:position α:S:lexicon ο:S:nature ου:L:nature ε:S:nature ε:S:nature ι:L:lexicon η:L:line_final,τὸ τρίτον αὖτ’ ἐπὶ θῆρα. τὸ τέτρατον οὐκέτ’ ἐπὶ δὴν
Hymn to Artemis,1,122,True,LSSLSSLSSLSSLSSLL,LSSLSSLSSLSSLSSLL,2.0,1,3,synizesis;synizesis,α:L:position α:S:lexicon ι:S:lexicon ει:L:nature α:S:unknown ι:S:unknown ω:L:nature ε:S:nature α:S:unknown ε:L:position ο:S:nature ι:S:lexicon οι:L:nature ε:S:nature ε:S:nature ι:L:lexicon εα:L:synizesis,"ἀλλά μιν εἰς ἀδίκων ἔβαλες πόλιν, οἵ τε περὶ σφέας"
Hymn to Artemis,1,123,True,LSSLLLSSLSSLSSLL,LSSLLLSSLSSLSSLL,0.0,1,2,,οι:L:nature ε:S:nature ε:S:nature ι:L:lexicon ει:L:nature ου:L:nature α:S:unknown ι:S:unknown η:L:nature ο:S:nature α:S:antepenult_accent ο:L:position α:S:lexicon ε:S:nature ε:L:position ο:L:line_final,"οἵ τε περὶ ξείνους ἀλιτήμονα πολλά τέλεσκον,"
Hymn to Artemis,1,124,True,LSSLLLSSLLLSSLL,LSSLLLSSLLLSSLL,2.0,1,0,correption,ε:L:position ι:S:lexicon οι:S:nature οι:L:nature+position υ:L:lexicon η:L:nature α:S:lexicon ε:S:nature η:L:nature ε:L:position α:L:position ε:S:nature αι:S:nature ο:L:position η:L:line_final,σχέτλιοι· οἷς τύνη χαλεπὴν ἐμμάξεαι ὀργήν·
Hymn to Artemis,1,125,True,LSSLLLSSLSSLSSLL,LSSLLLSSLSSLSSLL,1.5,1,3,correption,η:L:nature ε:S:nature α:S:unknown ι:L:position οι:L:nature ο:L:position α:S:unknown α:S:unknown ο:L:position ε:S:nature αι:S:nature ε:L:position α:S:lexicon ε:S:nature α:L:position η:L:line_final,"κτήνεά φιν λοιμὸς καταβόσκεται, ἔργα δὲ πάχνη,"
Hymn to Artemis,1,126,True,LLLSSLSSLSSLSSLL,LLLSSLSSLSSLSSLL,0.0,1,0,,ει:L:nature ο:L:position αι:L:nature ε:S:nature ε:S:nature ο:L:position ε:S:nature ε:S:nature υι:L:nature α:S:lexicon ι:S:lexicon αι:L:nature ε:S:nature υ:S:lexicon αι:L:nature ε:L:line_final,"κείρονται δὲ γέροντες ἐφ’ υἱάσιν, αἱ δὲ γυναῖκες"
Hymn to Artemis,1,127,True,LLLLLSSLSSLSSLL,LLLLLSSLSSLSSLL,0.0,1,1,,η:L:nature+position η:L:nature αι:L:nature+position η:L:nature+position ου:L:nature ι:S:antepenult_accent ε:S:nature ω:L:nature ι:S:paroxytone_short_ultima ε:S:nature η:L:nature ε:S:nature υ:S:unknown ου:L:nature αι:L:line_final,ἢ βληταὶ θνῄσκουσι λεχωίδες ἠὲ φυγοῦσαι
Hymn to Artemis,1,128,True,LLLLLSSLSSLSSLL,LLLLLSSLSSLSSLL,0.0,1,0,,ι:L:position ου:L:nature ι:L:lexicon ω:L:nature ου:L:nature ε:S:nature ε:S:nature ι:L:lexicon υ:S:lexicon ο:S:nature ο:L:position ο:S:nature α:S:lexicon ε:L:position η:L:line_final,τίκτουσιν τῶν οὐδὲν ἐπὶ σφυρὸν ὀρθὸν ἀνέστη.
Hymn to Artemis,1,129,True,LSSLLLSSLSSLLLL,LSSLLLSSLSSLLLL,2.0,1,1,correption,οι:L:nature+position ε:S:nature ε:S:nature ευ:L:nature ει:L:nature η:L:nature+position ε:S:nature αι:S:nature ι:L:lexicon α:S:unknown ο:S:nature αυ:L:nature α:L:position η:L:nature αι:L:line_final,"οἷς δέ κεν εὐμειδής τε καὶ ἵλαος αὐγάσσηαι,"
Hymn to Artemis,1,130,True,LLLSSLSSLSSLSSLL,LLLSSLSSLSSLSSLL,0.0,1,2,,ει:L:nature οι:L:nature ευ:L:nature ε:S:nature α:S:lexicon ου:L:nature α:S:lexicon ε:S:nature ει:L:nature+position α:S:unknown υ:S:unknown ευ:L:nature ε:S:nature ε:S:nature ε:L:position η:L:line_final,"κείνοις εὖ μὲν ἄρουρα φέρει στάχυν, εὖ δὲ γενέθλη"
Hymn to Artemis,1,131,True,LSSLLLSSLSSLSSLL,LSSLLLSSLSSLSSLL,0.5,1,1,correption,ε:L:position α:S:unknown ο:S:nature ω:L:nature ευ:L:nature ο:L:position ο:S:nature α:S:lexicon ε:L:position ε:S:nature αι:S:nature ου:L:nature ε:S:nature ι:S:lexicon η:L:nature α:L:lexicon,"τετραπόδων, εὖ δ’ ὄλβος ἀέξεται· οὐδ’ ἐπὶ σῆμα"
Hymn to Artemis,1,132,True,LLLLLSSLSSLSSLL,LLLLLSSLSSLSSLL,0.0,1,1,,ε:L:position ο:L:position αι:L:nature+position η:L:nature ευ:L:nature ε:S:nature ο:S:nature υ:L:position ο:S:nature ι:S:unknown ο:L:position ι:S:lexicon ε:S:nature ω:L:nature ι:L:antepenult_accent,ἔρχονται πλὴν εὖτε πολυχρόνιόν τι φέρωσιν·
Hymn to Artemis,1,133,True,LSSLSSLLLSSLSSLL,LSSLSSLLLSSLSSLL,1.5,1,3,correption,ου:L:nature ε:S:nature ι:S:unknown ο:L:position α:S:unknown ι:S:unknown η:L:nature+position ω:L:nature ει:L:nature ε:S:nature ο:S:nature η:L:nature ε:S:nature αι:S:nature ευ:L:nature ε:L:line_final,"οὐδὲ διχοστασίη τρώει γένος, ἥ τε καὶ εὖ περ"
Hymn to Artemis,1,134,True,LLLLLSSLSSLSSLL,LLLLLSSLSSLSSLL,0.0,1,3,,οι:L:nature ου:L:nature ε:L:position η:L:nature ω:L:nature α:S:properispomenon ε:S:nature ι:L:unknown α:S:unknown ο:S:nature αι:L:nature ε:S:nature υ:S:unknown ω:L:nature ο:L:line_final,οἴκους ἑστηῶτας ἐσίνατο· ταὶ δὲ θυωρὸν
Hymn to Artemis,1,135,True,LSSLSSLSSLSSLSSLL,LSSLSSLSSLSSLSSLL,0.0,1,3,,ει:L:nature α:S:unknown ε:S:nature ε:L:position α:S:lexicon ο:S:nature ω:L:nature ε:S:nature ι:S:lexicon α:L:lexicon ε:S:nature ι:S:lexicon ι:L:position α:S:unknown ι:S:unknown ε:L:position αι:L:line_final,εἰνάτερες γαλόῳ τε μίαν περὶ δίφρα τίθενται.
Hymn to Artemis,1,136,True,LSSLLLSSLSSLSSLL,LSSLLLSSLSSLSSLL,0.0,1,0,,ο:L:position ι:S:lexicon α:S:lexicon ω:L:nature ει:L:nature η:L:nature ε:S:nature ε:S:nature οι:L:nature ι:S:lexicon ο:S:nature ο:L:position ι:S:lexicon α:S:lexicon η:L:nature η:L:line_final,"πότνια, τῶν εἴη μὲν ἐμοὶ φίλος ὅστις ἀληθής,"
Hymn to Artemis,1,137,True,LLLSSLSSLSSLSSLL,LLLSSLSSLSSLSSLL,0.5,1,2,correption,ει:L:nature η:L:nature+position αυ:L:nature ο:S:nature α:S:unknown α:L:position α:S:antepenult_accent ε:S:nature οι:L:nature ε:S:nature οι:S:nature αι:L:nature ε:S:nature α:S:unknown οι:L:nature η:L:line_final,"εἴην δ’ αὐτός, ἄνασσα, μέλοι δέ μοι αἰὲν ἀοιδή·"
Hymn to Artemis,1,138,True,LSSLLLSSLSSLSSLL,LSSLLLSSLSSLSSLL,1.5,1,0,correption,η:L:nature ε:S:nature ι:S:lexicon ε:L:position η:L:nature ου:L:nature+position α:S:lexicon ο:S:nature ε:L:position ε:S:nature αι:S:nature ε:L:position ε:S:nature υ:S:lexicon ο:L:position η:L:line_final,"τῇ ἔνι μὲν Λητοῦς γάμος ἔσσεται, ἐν δὲ σὺ πολλή,"
Hymn to Artemis,1,139,True,LSSLLLLLSSLSSLL,LSSLLLLLSSLSSLL,1.5,1,1,correption;lexicon_overridden,ε:L:position ε:S:nature αι:S:nature α:L:lexicon ο:L:position ω:L:nature ε:L:position οι:L:nature ε:S:nature ο:S:nature α:L:lexicon ε:S:nature α:S:unknown ε:L:position οι:L:line_final,"ἐν δὲ καὶ Ἀπόλλων, ἐν δ’ οἵ σεο πάντες ἄεθλοι,"
Hymn to Artemis,1,140,True,LSSLLLSSLSSLSSLL,LSSLLLSSLSSLSSLL,0.5,1,0,correption,ε:L:position ε:S:nature υ:S:lexicon ε:L:position αι:L:nature ο:L:position α:S:lexicon αι:S:nature α:L:position υ:S:lexicon ε:S:nature αι:L:nature ε:S:nature ε:S:nature ει:L:nature α:L:lexicon,"ἐν δὲ κύνες καὶ τόξα καὶ ἄντυγες, αἵ τέ σε ῥεῖα"
Hymn to Artemis,1,141,True,LLLSSLSSLSSLSSLL,LLLSSLSSLSSLSSLL,0.0,1,0,,η:L:nature η:L:nature η:L:nature+position ο:S:nature ε:S:nature ου:L:nature ι:S:lexicon ο:S:nature ε:L:position ι:S:lexicon ο:S:nature οι:L:nature ο:S:nature ε:S:nature αυ:L:nature ει:L:line_final,"θηητὴν φορέουσιν, ὅτ’ ἐς Διὸς οἶκον ἐλαύνεις."
Hymn to Artemis,1,142,True,LSSLSSLSSLSSLSSLL,LSSLSSLSSLSSLSSLL,0.5,1,0,correption,ε:L:position α:S:lexicon οι:S:nature α:L:position ι:S:lexicon ο:S:nature ω:L:nature+position ε:S:nature ε:S:nature ι:L:lexicon ο:S:nature ο:S:nature η:L:nature ι:S:properispomenon ε:S:nature ο:L:position αι:L:line_final,ἔνθα τοι ἀντιόωντες ἐνὶ προμολῇσι δέχονται
Hymn to Artemis,1,143,True,LSSLLLSSLSSLSSLL,LSSLLLSSLSSLSSLL,0.0,1,3,,ο:L:position α:S:lexicon ε:S:nature ε:L:position ει:L:nature η:L:nature α:S:unknown α:S:unknown η:L:nature ι:S:unknown ο:S:nature αυ:L:nature α:S:lexicon α:S:lexicon ο:L:position ω:L:line_final,"ὅπλα μὲν Ἑρμείης Ἀκακήσιος, αὐτὰρ Ἀπόλλων"
Hymn to Artemis,1,144,True,LSSLSSLSSLSSLSSLL,LSSLSSLSSLSSLSSLL,1.0,1,1,cluster_short,η:L:nature ι:S:paroxytone_short_ultima ο:S:nature ο:L:position ι:S:lexicon ε:S:nature η:L:nature+position α:S:antepenult_accent α:S:unknown οι:L:nature ε:S:nature ε:S:position ι:L:lexicon ε:S:nature ι:S:lexicon ε:L:position αι:L:line_final,"θηρίον ὅττι φέρῃσθα· πάροιθέ γέ, πρίν περ ἱκέσθαι"
Hymn to Artemis,1,145,True,LSSLSSLLLSSLSSLL,LSSLSSLLLSSLSSLL,0.0,1,1,,α:L:position ε:S:nature ο:S:nature α:L:position ε:S:nature ι:S:unknown η:L:nature+position υ:L:lexicon ου:L:nature ε:S:nature ι:S:lexicon ου:L:nature ο:S:nature α:S:lexicon ε:L:position ο:L:line_final,καρτερὸν Ἀλκεΐδην· νῦν δ’ οὐκέτι τοῦτον ἄεθλον
Hymn to Artemis,1,146,True,LSSLLLSSLLLSSLL,LSSLLLSSLLLSSLL,0.0,1,2,,οι:L:nature ο:S:nature ε:S:nature ει:L:nature οι:L:nature ο:L:position α:S:lexicon α:S:lexicon ει:L:nature ι:L:unknown υ:L:position ι:S:unknown ο:S:nature α:L:position ω:L:line_final,"Φοῖβος ἔχει, τοῖος γὰρ ἀεὶ Τιρύνθιος ἄκμων"
Hymn to Artemis,1,147,True,LLLSSLSSLSSLSSLL,LLLSSLSSLSSLSSLL,3.0,1,0,synizesis;lexicon_overridden;synizesis,ε:L:position η:L:nature ε:L:position ο:S:nature υ:S:lexicon εω:L:synizesis ο:S:nature ι:S:lexicon ε:L:position ε:S:nature ο:S:nature ει:L:nature ι:S:lexicon ε:S:nature ου:L:nature α:L:lexicon,"ἕστηκε πρὸ πυλέων ποτιδέγμενος, εἴ τι φέρουσα"
Hymn to Artemis,1,148,True,LLLSSLSSLSSLSSLL,LLLSSLSSLSSLSSLL,0.0,1,0,,ει:L:nature αι:L:nature ι:L:circumflex ο:S:nature ε:S:nature ε:L:position α:S:antepenult_accent ε:S:nature οι:L:nature ε:S:nature ι:S:lexicon α:L:lexicon ε:S:nature ε:S:nature ει:L:nature ω:L:line_final,νεῖαι πῖον ἔδεσμα· θεοὶ δ’ ἐπὶ πάντες ἐκείνῳ
Hymn to Artemis,1,149,True,LLLSSLSSLSSLSSLL,LLLSSLSSLSSLSSLL,0.5,1,0,correption,α:L:lexicon η:L:nature+position ο:L:position ε:S:nature ο:S:nature ω:L:nature ι:S:antepenult_accent α:S:lexicon ι:L:position α:S:lexicon ε:S:nature ε:L:position ε:S:nature η:S:nature αυ:L:nature η:L:line_final,"ἄλληκτον γελόωσι, μάλιστα δὲ πενθερὴ αὐτή,"
Hymn to Artemis,1,150,True,LSSLLLSSLSSLSSLL,LSSLLLSSLSSLSSLL,2.0,1,0,cluster_short;lexicon_overridden,αυ:L:nature ο:S:nature ο:S:nature ε:L:position ι:L:position οι:L:nature ο:S:nature α:S:lexicon α:L:lexicon ε:S:nature α:S:lexicon η:L:nature ο:S:nature ε:S:position ου:L:nature η:L:line_final,ταῦρον ὅτ’ ἐκ δίφροιο μάλα μέγαν ἢ ὅ γε χλούνην
Hymn to Artemis,1,151,True,LSSLSSLSSLSSLLLL,LSSLSSLSSLSSLLLL,1.5,1,2,,α:L:paroxytone_short_ultima ο:S:nature ο:S:nature ι:L:position ι:S:unknown ι:S:unknown οι:L:nature ο:S:nature ε:S:nature οι:L:nature ο:S:nature ο:S:nature α:L:position αι:L:nature ο:L:position α:L:lexicon,κάπρον ὀπισθιδίοιο φέροι ποδὸς ἀσπαίροντα·
Hymn to Artemis,1,152,True,LSSLLLSSLSSLSSLL,LSSLLLSSLSSLSSLL,0.0,1,2,,ε:L:position α:S:unknown ε:S:nature ω:L:nature υ:L:lexicon ω:L:nature ε:S:nature ε:S:nature η:L:nature α:S:lexicon α:S:lexicon ω:L:nature ε:S:nature ι:S:unknown υ:L:position ει:L:line_final,"κερδαλέῳ μύθῳ σε, θεή, μάλα τῷδε πινύσκει"
Hymn to Artemis,1,153,True,LSSLSSLSSLLLSSLL,LSSLSSLSSLLLSSLL,0.0,1,0,,α:L:lexicon ε:S:nature α:S:lexicon ου:L:nature ε:S:nature ι:S:lexicon η:L:nature α:S:lexicon ι:S:lexicon α:L:lexicon η:L:nature οι:L:nature ε:S:nature ο:S:nature η:L:nature ο:L:line_final,"βάλλε κακοὺς ἐπὶ θῆρας, ἵνα θνητοί σε βοηθὸν"
Hymn to Artemis,1,154,True,LSSLLLSSLSSLSSLL,LSSLLLSSLSSLSSLL,0.0,1,2,,ω:L:nature ε:S:nature ε:S:nature ι:L:position η:L:nature+position ω:L:nature ι:S:antepenult_accent ε:S:nature α:L:lexicon ο:S:nature α:S:unknown η:L:nature ε:S:nature α:S:unknown ω:L:nature ου:L:line_final,ὡς ἐμὲ κικλήσκωσιν. ἔα πρόκας ἠδὲ λαγωοὺς
Hymn to Artemis,1,155,True,LSSLLLSSLSSLSSLL,LSSLLLSSLSSLSSLL,0.0,1,1,,ου:L:nature ε:S:nature α:S:lexicon ο:L:position ε:L:position αι:L:nature ι:S:lexicon ε:S:nature ε:L:position ο:S:nature ε:S:nature η:L:nature ε:S:nature α:S:unknown ω:L:nature οι:L:line_final,οὔρεα βόσκεσθαι· τί δέ κεν πρόκες ἠδὲ λαγωοὶ
Hymn to Artemis,1,156,True,LLLSSLSSLSSLLLL,LLLSSLSSLSSLLLL,1.5,1,1,,ε:L:position ει:L:nature α:L:antepenult_accent υ:S:lexicon ε:S:nature ε:L:position α:S:lexicon υ:S:lexicon ε:L:position υ:S:lexicon α:S:lexicon υ:L:unknown αι:L:nature ο:L:position αι:L:line_final,"ῥέξειαν; σύες ἔργα, σύες φυτὰ λυμαίνονται."
Hymn to Artemis,1,157,True,LSSLLLSSLSSLSSLL,LSSLLLSSLSSLSSLL,0.0,1,0,,αι:L:nature ο:S:nature ε:S:nature α:L:position ω:L:nature οι:L:nature ι:S:lexicon α:S:lexicon ο:L:position ε:S:nature α:S:lexicon α:L:position ε:S:nature ι:S:lexicon αι:L:nature ου:L:line_final,καὶ βόες ἀνθρώποισι κακὸν μέγα· βάλλ’ ἐπὶ καὶ τούς.
Hymn to Artemis,1,158,True,LSSLSSLSSLSSLSSLL,LSSLSSLSSLSSLSSLL,0.0,1,2,,ω:L:nature ε:S:nature ε:S:nature ε:L:position α:S:unknown ι:S:unknown ο:L:position ε:S:nature ε:S:nature α:L:lexicon ε:S:nature ι:S:lexicon η:L:nature α:S:properispomenon ο:S:nature ει:L:nature ο:L:line_final,"ὣς ἔνεπεν, ταχινὸς δὲ μέγαν περὶ θῆρα πονεῖτο."
Hymn to Artemis,1,159,True,LSSLSSLSSLLLSSLL,LSSLSSLSSLLLSSLL,0.0,1,0,,ου:L:nature α:S:lexicon ο:S:nature ε:L:position υ:S:lexicon ι:S:lexicon η:L:nature ε:S:nature υ:S:lexicon ο:L:position υι:L:nature υι:L:nature α:S:lexicon ε:S:nature ω:L:nature ει:L:line_final,οὐ γὰρ ὅ γε Φρυγίῃ περ ὑπὸ δρυὶ γυῖα θεωθεὶς
Hymn to Artemis,1,160,True,LSSLSSLSSLSSLSSLL,LSSLSSLSSLSSLSSLL,0.0,1,5,,αυ:L:nature α:S:unknown α:S:unknown η:L:nature α:S:unknown ι:S:unknown η:L:nature ε:S:nature ι:S:lexicon οι:L:nature α:S:lexicon α:S:lexicon η:L:nature υ:S:unknown ε:S:nature ει:L:nature η:L:line_final,"παύσατ’ ἀδηφαγίης· ἔτι οἱ πάρα νηδὺς ἐκείνη,"
Hymn to Artemis,1,161,True,LSSLSSLSSLSSLSSLL,LSSLSSLSSLSSLSSLL,0.0,1,3,,η:L:nature ο:S:nature α:S:unknown ο:L:position ι:S:unknown ο:S:nature ω:L:nature+position ι:S:antepenult_accent υ:S:lexicon η:L:nature+position ε:S:nature ο:S:nature ει:L:nature ο:S:nature α:S:unknown α:L:position ι:L:antepenult_accent,τῇ ποτ’ ἀροτριόωντι συνήντετο Θειοδάμαντι.
Hymn to Artemis,1,162,True,LLLSSLSSLLLSSLL,LLLSSLSSLLLSSLL,0.0,1,3,,οι:L:nature α:L:position ι:L:unknown ι:S:unknown α:S:paroxytone_short_ultima ε:L:position ε:S:nature υ:S:lexicon ο:L:position ευ:L:nature+position η:L:nature ι:S:antepenult_accent υ:S:unknown ει:L:nature α:L:line_final,σοὶ δ’ Ἀμνισιάδες μὲν ὑπὸ ζεύγληφι λυθείσας
Hymn to Artemis,1,163,True,LLLSSLSSLSSLSSLL,LLLSSLSSLSSLSSLL,0.0,1,2,,η:L:nature ου:L:nature ι:L:antepenult_accent ε:S:nature α:S:unknown α:L:position α:S:lexicon α:S:lexicon ε:L:position ι:S:lexicon ι:S:lexicon ου:L:nature υ:S:unknown ε:S:nature ε:L:position αι:L:line_final,"ψήχουσιν κεμάδας, παρὰ δέ σφισι πουλὺ νέμεσθαι"
Hymn to Artemis,1,164,True,LLLLLSSLSSLSSLL,LLLLLSSLSSLSSLL,0.0,1,2,,η:L:nature η:L:nature ε:L:position ει:L:nature ω:L:nature ο:S:nature α:S:unknown η:L:nature α:S:unknown ε:S:nature αι:L:nature ο:S:nature ε:S:nature ου:L:nature ι:L:lexicon,Ἥρης ἐκ λειμῶνος ἀμησάμεναι φορέουσιν
Hymn to Artemis,1,165,True,LSSLSSLSSLSSLSSLL,LSSLSSLSSLSSLSSLL,1.5,1,2,correption,ω:L:nature υ:S:unknown ο:S:nature ο:L:position ι:S:unknown ε:S:nature η:L:nature ο:S:nature ο:S:nature αι:L:nature ι:S:lexicon ο:S:nature ι:L:paroxytone_short_ultima οι:S:nature ε:S:nature ο:L:position ι:L:antepenult_accent,"ὠκύθοον τριπέτηλον, ὃ καὶ Διὸς ἵπποι ἔδονσιν·"
Hymn to Artemis,1,166,True,LLLLLSSLSSLLLL,LLLLLSSLSSLLLL,1.5,1,3,,ε:L:position αι:L:nature+position υ:L:lexicon ει:L:nature α:L:lexicon υ:S:unknown ο:S:nature η:L:nature ι:S:unknown α:S:unknown ε:L:position η:L:nature α:L:position ο:L:line_final,ἐν καὶ χρυσείας ὑποληνίδας ἐπλήσαντο
Hymn to Artemis,1,167,True,LSSLSSLSSLLLSSLL,LSSLSSLSSLLLSSLL,0.0,1,2,,υ:L:lexicon α:S:lexicon ο:S:nature ο:L:position ε:S:nature α:S:unknown οι:L:nature ι:S:antepenult_accent ο:S:nature ο:L:position υ:L:unknown α:L:position ε:S:nature ο:S:nature ει:L:nature η:L:line_final,"ὕδατος, ὄφρ’ ἐλάφοισι ποτὸν θυμάρμενον εἴη."
Hymn to Artemis,1,168,True,LLLLLSSLSSLSSLL,LLLLLSSLSSLSSLL,1.5,1,0,correption,αυ:L:nature η:L:nature ε:L:position α:L:lexicon ο:L:position ο:S:nature ο:S:nature ε:L:position ε:S:nature αι:S:nature οι:L:nature ε:S:nature ε:S:nature ε:L:position η:L:line_final,αὐτὴ δ’ ἐς πατρὸς δόμον ἔρχεαι· οἱ δέ σ’ ἐφ’ ἕδρην
Hymn to Artemis,1,169,True,LSSLSSLSSLLLSSLL,LSSLSSLSSLLLSSLL,0.0,1,1,,α:L:lexicon ε:S:nature ο:S:nature ω:L:nature+position α:S:lexicon ε:S:nature ου:L:nature ι:S:lexicon υ:S:lexicon α:L:lexicon ο:L:position ω:L:nature ι:S:lexicon α:S:unknown ι:L:position ει:L:line_final,πάντες ὁμῶς καλέουσι· σὺ δ’ Ἀπόλλωνι παρίζεις.
Hymn to Artemis,1,170,True,LSSLLLSSLSSLLLL,LSSLLLSSLSSLLLL,1.5,1,2,,η:L:nature ι:S:unknown α:S:unknown αι:L:nature υ:L:paroxytone_short_ultima αι:L:nature ε:S:nature ο:S:nature ω:L:nature ε:S:nature ι:S:lexicon υ:L:position ω:L:nature ο:L:position αι:L:line_final,ἡνίκα δ’ αἱ νύμφαι σε χορῷ ἔνι κυκλώσονται
Hymn to Artemis,1,171,True,LSSLLLLLSSLLLL,LSSLLLLLSSLLLL,2.0,1,3,correption,α:L:position ο:S:nature ι:S:lexicon η:L:nature α:L:unknown ω:L:nature αι:L:nature υ:L:position ι:S:unknown ου:S:nature ι:L:unknown ω:L:nature οι:L:nature ο:L:line_final,ἀγχόθι πηγάων Αἰγυπτίου Ἰνωποῖο
Hymn to Artemis,1,172,True,LSSLLLSSLSSLSSLL,LSSLLLSSLSSLSSLL,0.0,1,4,,η:L:nature ι:S:unknown α:S:unknown η:L:nature+position αι:L:nature α:L:lexicon ι:S:unknown α:S:unknown η:L:nature ε:S:nature ε:S:nature η:L:nature ε:S:nature ι:S:lexicon ι:L:paroxytone_short_ultima αι:L:line_final,"ἢ Πιτάνης καὶ γὰρ Πιτάνη σέθεν ἢ ἐνὶ Λίμναις,"
Hymn to Artemis,1,173,True,LSSLSSLSSLSSLLLL,LSSLSSLSSLSSLLLL,1.5,1,6,,η:L:nature ι:S:lexicon α:S:lexicon αι:L:nature ο:S:nature α:S:unknown α:L:unknown α:S:unknown α:S:unknown η:L:nature ι:S:unknown α:S:unknown οι:L:nature η:L:nature ο:L:position α:L:antepenult_accent,"ἢ ἵνα, δαῖμον, Ἀλὰς Ἀραφηνίδας οἰκήσονσα"
Hymn to Artemis,1,174,True,LSSLSSLSSLSSLSSLL,LSSLSSLSSLSSLSSLL,0.0,1,4,,η:L:nature+position ε:S:nature α:S:lexicon ο:L:position υ:S:unknown ι:S:unknown η:L:nature α:S:lexicon ο:S:nature ει:L:nature α:S:unknown ο:S:nature ε:L:position ι:S:unknown α:S:antepenult_accent αυ:L:nature ω:L:line_final,"ἦλθες ἀπὸ Σκυθίης, ἀπὸ δ’ εἴπαο τέθμια Ταύρων,"
Hymn to Artemis,1,175,True,LLLLLSSLSSLSSLL,LLLLLSSLSSLSSLL,0.0,1,0,,η:L:nature ει:L:nature ο:L:position η:L:nature ου:L:nature ο:S:nature ε:S:nature αι:L:nature ο:S:nature ε:S:nature ει:L:nature ε:S:nature α:S:lexicon ι:L:position ου:L:line_final,μὴ νειὸν τημοῦτος ἐμαὶ βόες εἵνεκα μισθοῦ
Hymn to Artemis,1,176,True,LSSLLLSSLSSLSSLL,LSSLLLSSLSSLSSLL,1.0,1,4,cluster_short,ε:L:position α:S:unknown υ:S:unknown ο:L:position ε:L:position οι:L:nature ε:S:nature υ:S:lexicon α:L:position ο:S:position ι:S:unknown ω:L:nature α:S:unknown ο:S:nature η:L:nature ι:L:properispomenon,τετράγυον τέμνοιεν ὑπ’ ἀλλοτρίῳ ἀροτῆρι·
Hymn to Artemis,1,177,True,LLLLLSSLSSLLLL,LLLLLSSLSSLLLL,2.0,1,0,correption,η:L:nature α:L:lexicon ε:L:position υι:L:nature αι:L:nature ε:S:nature αι:S:nature αυ:L:nature ε:S:nature α:S:lexicon ε:L:position η:L:nature υι:L:nature αι:L:line_final,ἦ γάρ κεν γυιαί τε καὶ αὐχένα κεκμηυῖαι
Hymn to Artemis,1,178,True,LSSLSSLSSLLLSSLL,LSSLSSLSSLLLSSLL,1.5,1,0,correption,ο:L:position ο:S:nature ε:S:nature ι:L:lexicon ο:S:nature ε:S:nature οι:L:nature+position ο:S:nature αι:S:nature ει:L:nature+position υ:L:position αι:L:nature ι:S:paroxytone_short_ultima ε:S:nature ει:L:nature ε:L:line_final,"κόπρον ἔπι προγένοιντο, καὶ εἰ Στυμφαιίδες εἶεν"
Hymn to Artemis,1,179,True,LSSLSSLSSLSSLSSLL,LSSLSSLSSLSSLSSLL,0.0,1,2,,ει:L:nature α:S:unknown ε:S:nature ι:L:position ο:S:nature ε:S:nature αι:L:nature ε:S:nature α:S:unknown ε:L:position ε:S:nature ε:S:nature αι:L:nature ε:S:nature α:S:lexicon ι:L:position αι:L:line_final,"εἰναετιζόμεναι κεραελκέες, αἳ μέγ’ ἄρισται"
Hymn to Artemis,1,180,True,LLLSSLSSLSSLSSLL,LLLSSLSSLSSLSSLL,0.0,1,0,,ε:L:position ει:L:nature ω:L:nature+position α:S:lexicon α:S:lexicon ει:L:nature α:S:lexicon ε:S:nature ει:L:nature ε:S:nature ο:S:nature ου:L:nature ο:S:nature ε:S:nature ει:L:nature ο:L:line_final,τέμνειν ὦλκα βαθεῖαν· ἐπεὶ θεὸς οὔποτ’ ἐκεῖνον
Hymn to Artemis,1,181,True,LSSLSSLLLSSLSSLL,LSSLSSLLLSSLSSLL,0.0,1,0,,η:L:nature+position ε:S:nature α:S:lexicon η:L:nature ε:S:nature ι:S:lexicon ο:L:position α:L:lexicon ο:L:position ο:S:nature ο:S:nature α:L:position α:S:lexicon ε:S:nature η:L:nature αι:L:line_final,"ἦλθε παρ’ Ἠέλιος καλὸν χορόν, ἀλλὰ θεῆται"
Hymn to Artemis,1,182,True,LSSLLLSSLSSLLLL,LSSLLLSSLSSLLLL,1.5,1,2,,ι:L:paroxytone_short_ultima ο:S:nature ε:S:nature ι:L:position η:L:nature α:L:position α:S:lexicon ε:S:nature α:L:unknown ε:S:nature α:S:antepenult_accent η:L:nature υ:L:unknown ο:L:position αι:L:line_final,"δίφρον ἐπιστήσας, τὰ δὲ φάεα μηκύνονται."
Hymn to Artemis,1,183,True,LSSLLLLLSSLSSLL,LSSLLLLLSSLSSLL,1.0,1,1,cluster_short,ι:L:lexicon ε:S:nature υ:S:lexicon οι:L:nature η:L:nature ω:L:nature+position οι:L:nature ο:L:position ο:S:nature ο:S:nature ευ:L:nature α:S:unknown ε:S:position ει:L:nature+position ο:L:line_final,"τίς δέ νύ τοι νήσων, ποῖον δ’ ὄρος εὔαδε πλεῖστον,"
Hymn to Artemis,1,184,True,LSSLLLSSLSSLSSLL,LSSLLLSSLSSLSSLL,2.0,1,1,synizesis;synizesis,ι:L:lexicon ε:S:nature ι:S:unknown η:L:nature+position οι:L:nature η:L:nature ε:S:nature ο:S:nature ι:L:lexicon ι:S:lexicon α:S:lexicon ε:L:position ο:S:nature α:S:lexicon υ:L:position εω:L:synizesis,"τίς δὲ λιμήν, ποίη δὲ πόλις ; τίνα δ’ ἔξοχα νυμφέων"
Hymn to Artemis,1,185,True,LSSLLLLLSSLSSLL,LSSLLLLLSSLSSLL,0.0,1,5,,ι:L:unknown α:S:unknown ο:S:nature αι:L:nature οι:L:nature α:L:unknown η:L:nature ω:L:nature ι:S:unknown α:S:unknown ε:L:position ε:S:nature ε:S:nature αι:L:nature α:L:line_final,"φίλαο, καὶ ποίας ἡρωίδας ἔσχες ἑταίρας ;"
Hymn to Artemis,1,186,True,LSSLSSLSSLSSLSSLL,LSSLSSLSSLSSLSSLL,0.0,1,1,,ει:L:nature ε:S:nature ε:S:nature η:L:nature υ:S:lexicon ε:S:nature α:L:paroxytone_short_ultima ι:S:lexicon ε:S:nature ω:L:nature ε:S:nature ε:S:nature οι:L:nature ι:S:antepenult_accent α:S:unknown ει:L:nature ω:L:line_final,"εἰπέ, θεή, σὺ μὲν ἄμμιν, ἐγὼ δ’ ἑτέροισιν ἀείσω."
Hymn to Artemis,1,187,True,LLLSSLSSLSSLSSLL,LLLSSLSSLSSLSSLL,1.5,1,2,correption,η:L:nature ω:L:nature+position ε:L:position ο:S:nature ι:S:unknown η:L:nature ο:S:nature ι:S:lexicon ω:L:nature+position ε:S:nature οι:S:nature ευ:L:nature α:S:unknown ε:S:nature ε:L:position η:L:line_final,"νήσων μὲν Δολίχη, πολίων δέ τοι εὔαδε Πέργη,"
Hymn to Artemis,1,188,True,LLLSSLSSLSSLLLL,LLLSSLSSLSSLLLL,3.5,1,2,metrical_lengthening,ηυ:L:nature ε:L:nature ο:L:position ο:S:nature ε:S:nature ω:L:nature+position ι:S:unknown ε:S:nature ε:L:position ε:S:nature ε:S:nature ευ:L:nature ι:L:unknown οι:L:nature ο:L:line_final,"Τηύγετον δ’ ὀρέων, λιμένες γε μὲν Εὐρίποιο."
Hymn to Artemis,1,189,True,LSSLLLLLSSLSSLL,LSSLLLLLSSLSSLL,1.0,1,5,lexicon_overridden,ε:L:position ο:S:nature α:S:lexicon α:L:position α:L:lexicon ω:L:nature+position ο:L:position υ:L:unknown ι:S:unknown α:S:unknown ι:L:unknown α:S:unknown ο:S:nature υ:L:position η:L:line_final,"ἔξοχα δ’ ἀλλάων Γορτυνίδα φίλαο νύμφην,"
Hymn to Artemis,1,190,True,LSSLSSLSSLSSLSSLL,LSSLSSLSSLSSLSSLL,0.0,1,1,,ε:L:position ο:S:nature ο:S:nature ο:L:position ι:S:unknown ο:S:nature α:L:position ι:S:antepenult_accent ε:S:nature υ:L:position ο:S:nature ο:S:nature η:L:nature+position ο:S:nature ε:S:nature ι:L:lexicon ω:L:line_final,ἐλλοφόνον Βριτόμαρτιν ἐύσκοπον· ἧς ποτε Μίνως
Hymn to Artemis,1,191,True,LLLSSLSSLSSLSSLL,LLLSSLSSLSSLSSLL,1.0,1,2,lexicon_overridden,οι:L:nature η:L:nature ει:L:nature υ:S:lexicon ε:S:nature ω:L:nature ι:S:antepenult_accent α:S:unknown ε:L:position α:S:unknown ε:S:nature ου:L:nature ε:S:nature α:S:lexicon η:L:nature η:L:line_final,πτοιηθεὶς ὑπ’ ἔρωτι κατέδραμεν οὔρεα Κρήτης.
Hymn to Artemis,1,192,True,LSSLSSLSSLSSLSSLL,LSSLSSLSSLSSLSSLL,1.0,1,3,cluster_short,η:L:nature ο:S:nature ε:S:nature ε:L:position α:S:unknown ι:S:unknown η:L:nature ι:S:antepenult_accent υ:S:lexicon ο:L:position υ:S:unknown ι:S:position υ:L:position ε:S:nature ο:S:nature υ:L:position η:L:line_final,"ἡ δ’ ὁτὲ μὲν λασίῃσιν ὑπὸ δρυσὶ κρύπτετο νύμφη,"
Hymn to Artemis,1,193,True,LSSLSSLSSLSSLSSLL,LSSLSSLSSLSSLSSLL,0.0,1,1,,α:L:position ο:S:nature ε:S:nature ει:L:nature α:S:unknown ε:S:nature η:L:nature ι:S:properispomenon ο:S:nature ε:L:position ε:S:nature α:S:lexicon η:L:nature α:S:lexicon ε:S:nature οι:L:nature α:L:lexicon,ἄλλοτε δ’ εἱαμενῇσιν· ὁ δ’ ἐννέα μῆνας ἐφοίτα
Hymn to Artemis,1,194,True,LSSLLLSSLSSLSSLL,LSSLLLSSLSSLSSLL,0.5,1,4,correption,αι:L:nature α:S:unknown α:S:unknown ε:L:position η:L:nature+position ου:L:nature+position ε:S:nature αι:S:nature ου:L:nature α:S:unknown ε:S:nature αυ:L:nature ε:S:nature ι:S:unknown ω:L:nature+position υ:L:line_final,"παίπαλά τε κρημνούς τε καὶ οὐκ ἀνέπαυσε διωκτύν,"
Hymn to Artemis,1,195,True,LSSLSSLLLSSLSSLL,LSSLSSLLLSSLSSLL,0.0,1,1,,ε:L:position ο:S:nature ε:S:nature α:L:position ο:S:nature ε:S:nature η:L:nature αι:L:nature η:L:nature+position ε:S:nature ο:S:nature η:L:nature α:S:unknown ο:S:nature ο:L:position ο:L:line_final,μέσφ’ ὅτε μαρπτομένη καὶ δὴ σχεδὸν ἥλατο πόντον
Hymn to Artemis,1,196,True,LSSLSSLSSLSSLSSLL,LSSLSSLSSLSSLSSLL,1.5,1,4,correption,η:L:nature ο:S:nature ο:S:nature ε:L:position υ:S:unknown α:S:unknown οι:L:nature ο:S:nature αι:S:nature ε:L:position ο:S:nature ε:S:nature ει:L:nature α:S:unknown ι:S:unknown η:L:nature ω:L:line_final,πρηόνος ἐξ ὑπάτοιο καὶ ἔνθορεν εἰς ἁλιήων
Hymn to Artemis,1,197,True,LSSLSSLSSLSSLSSLL,LSSLSSLSSLSSLSSLL,0.0,1,2,,ι:L:position υ:S:unknown α:S:antepenult_accent α:L:lexicon ε:S:nature α:S:lexicon ω:L:nature α:S:lexicon ο:S:nature ε:L:position ε:S:nature ε:S:nature ει:L:nature α:S:lexicon υ:S:unknown ω:L:nature ε:L:line_final,"δίκτυα, τά σφ’ ἐσάωσαν· ὅθεν μετέπειτα Κύδωνες"
Hymn to Artemis,1,198,True,LLLLLSSLSSLSSLL,LLLLLSSLSSLSSLL,0.0,1,2,,υ:L:position η:L:nature+position ε:L:position ι:L:position υ:L:unknown α:S:antepenult_accent ο:S:nature ο:L:position ο:S:nature ε:S:nature η:L:nature α:S:unknown ο:S:nature υ:L:position η:L:line_final,"νύμφην μὲν Δίκτυναν, ὄρος δ’ ὅθεν ἥλατο νύμφη"
Hymn to Artemis,1,199,True,LLLSSLSSLLLSSLL,LLLSSLSSLLLSSLL,0.0,1,1,,ι:L:position αι:L:nature ο:L:position α:S:lexicon ε:S:nature ου:L:nature ι:S:lexicon α:S:unknown ε:L:position η:L:nature α:L:position ο:S:nature ε:S:nature ω:L:nature ου:L:line_final,"Δικταῖον καλέουσιν, ἀνεστήσαντο δὲ βωμοὺς"
Hymn to Artemis,1,200,True,LSSLLLSSLSSLSSLL,LSSLLLSSLSSLSSLL,1.0,1,2,metrical_lengthening,ι:L:unknown ε:S:nature α:S:unknown ε:L:nature ε:L:position ου:L:nature ι:S:antepenult_accent ο:S:nature ε:L:position ε:S:nature ο:S:nature η:L:nature α:S:lexicon ι:S:lexicon ει:L:nature ω:L:line_final,ἱερά τε ῥέζουσι· τὸ δὲ στέφος ἤματι κείνῳ
Hymn to Artemis,1,201,True,LSSLLLLLSSLSSLL,LSSLLLLLSSLSSLL,0.0,1,2,,η:L:nature ι:S:lexicon υ:S:unknown η:L:nature+position ι:L:circumflex ο:L:position υ:L:position οι:L:nature ο:S:nature ε:S:nature ει:L:nature ε:S:nature α:S:unknown ι:L:position οι:L:line_final,"ἢ πίτυς ἢ σχῖνος, μύρτοιο δὲ χεῖρες ἄθικτοι·"
Hymn to Artemis,1,202,True,LSSLLLSSLSSLSSLL,LSSLLLSSLSSLSSLL,0.0,1,0,,η:L:nature ο:S:nature ε:S:nature α:L:lexicon ε:L:position οι:L:nature ι:S:antepenult_accent ε:S:nature ε:L:position ε:S:nature ο:S:nature υ:L:position ι:S:lexicon ο:S:nature ο:L:position ο:L:line_final,δὴ τότε γὰρ πέπλοισιν ἐνέσχετο μύρσινος ὄζος
Hymn to Artemis,1,203,True,LLLSSLSSLSSLSSLL,LLLSSLSSLSSLSSLL,0.0,1,0,,η:L:nature+position ου:L:nature η:L:nature ο:S:nature ε:S:nature ευ:L:nature ε:S:nature ο:S:nature ε:L:position ε:S:nature α:S:lexicon ω:L:nature α:S:lexicon ο:S:nature υ:L:position ω:L:line_final,"τῆς κούρης, ὅτ’ ἔφευγεν· ὅθεν μέγα χώσατο μύρτῳ."
Hymn to Artemis,1,204,True,LSSLLLSSLSSLLLL,LSSLLLSSLSSLLLL,4.5,1,2,metrical_lengthening,ου:L:nature ι:S:properispomenon α:S:unknown α:L:position ευ:L:nature ω:L:nature ι:S:properispomenon α:S:unknown ε:L:position ο:S:nature ε:S:nature αι:L:nature ε:L:nature ε:L:nature ει:L:line_final,"Οὖπι ἄνασσ’ εὐῶπι φαεσφόρε, καὶ δὲ σὲ κείνγς"
Hymn to Artemis,1,205,True,LSSLSSLSSLSSLSSLL,LSSLSSLSSLSSLSSLL,0.0,1,3,,η:L:nature α:S:unknown ε:S:nature ε:L:position α:S:lexicon ε:S:nature ου:L:nature ι:S:lexicon ε:S:nature ω:L:nature υ:S:unknown ι:S:unknown η:L:nature α:S:lexicon ο:S:nature υ:L:position η:L:line_final,Κρηταέες καλέουσιν ἐπωνυμίην ἀπὸ νύμφης.
Hymn to Artemis,1,206,True,LLLLLSSLSSLSSLL,LLLLLSSLSSLSSLL,0.0,1,3,,αι:L:nature η:L:nature+position υ:L:unknown η:L:nature η:L:nature ε:S:nature α:S:unknown ι:L:position α:S:unknown ο:S:nature η:L:nature ο:S:nature ε:S:nature ω:L:nature α:L:lexicon,"καὶ μὴν Κυρήνην ἑταρίσσαο, τῇ ποτ’ ἔδωκας"
Hymn to Artemis,1,207,True,LLLLLSSLSSLSSLL,LLLLLSSLSSLSSLL,0.0,1,0,,αυ:L:nature η:L:nature η:L:nature η:L:nature η:L:nature ε:S:nature υ:S:lexicon ω:L:nature υ:S:lexicon ε:S:nature οι:L:nature ε:S:nature ι:S:lexicon ου:L:nature η:L:line_final,"αὐτὴ θηρητῆρε δύω κύνε, τοῖς ἔνι κούρη"
Hymn to Artemis,1,208,True,LLLSSLSSLSSLSSLL,LLLSSLSSLSSLSSLL,0.0,1,2,,υ:L:position η:L:nature ι:L:position α:S:lexicon α:S:lexicon υ:L:paroxytone_short_ultima ο:S:nature ι:S:unknown ω:L:nature+position ι:S:unknown ο:S:nature ε:L:position ο:S:nature α:S:lexicon ε:L:position ου:L:line_final,Ὑψηὶς παρὰ τύμβον Ἰώλκιον ἔμμορ’ ἀέθλου.
Hymn to Artemis,1,209,True,LSSLLLSSLLLSSLL,LSSLLLSSLLLSSLL,0.0,1,4,,αι:L:nature ε:S:nature α:S:unknown ου:L:nature+position α:L:position η:L:nature α:S:lexicon ο:S:nature ο:L:position η:L:nature ι:L:unknown ο:S:nature ι:S:unknown α:L:unknown ο:L:line_final,"καὶ Κεφάλου ξανθὴν ἄλοχον Δηιονίδαο,"
Hymn to Artemis,1,210,True,LSSLSSLSSLSSLSSLL,LSSLSSLSSLSSLSSLL,0.0,1,1,,ο:L:position ι:S:lexicon α:S:lexicon η:L:nature ο:S:nature ο:S:nature η:L:nature ο:S:nature ε:S:nature η:L:nature α:S:unknown ο:S:nature αι:L:nature ε:S:nature ε:S:nature α:L:lexicon ι:L:lexicon,"πότνια, σὴν ὁμόθηρον ἐθήκαο· καὶ δὲ σὲ φασὶ"
Hymn to Artemis,1,211,True,LLLLLSSLSSLSSLL,LLLLLSSLSSLSSLL,1.0,1,2,lexicon_overridden,α:L:lexicon η:L:nature α:L:position ι:L:position ει:L:nature α:S:antepenult_accent ι:S:lexicon ο:L:position α:S:unknown ε:S:nature ε:L:position ι:S:antepenult_accent ι:S:unknown η:L:nature αι:L:line_final,καλὴν Ἀντίκλειαν ἴσον φαέεσσι φιλῆσαι
Hymn to Artemis,1,212,True,LLLSSLSSLLLSSLL,LLLSSLSSLLLSSLL,0.5,1,2,correption,αι:L:nature+position ω:L:nature αι:L:nature ο:S:nature α:S:unknown ο:L:position α:S:lexicon αι:S:nature α:L:position ω:L:nature οι:L:nature ι:S:lexicon α:S:unknown ε:L:position α:L:line_final,αἳ πρῶται θοὰ τόξα καὶ ἀμφ’ ὤμοισι φαρέτρας
Hymn to Artemis,1,213,True,LSSLSSLSSLLLSSLL,LSSLSSLSSLLLSSLL,0.0,1,3,,ι:L:unknown ο:S:nature ο:S:nature ου:L:nature ε:S:nature ο:S:nature η:L:nature α:S:antepenult_accent α:S:unknown ι:L:position ω:L:nature οι:L:nature ε:S:nature ι:S:unknown ω:L:nature οι:L:line_final,ἰοδόκους ἐφόρησαν· ἀσίλλωτοι δέ φιν ὦμοι
Hymn to Artemis,1,214,True,LSSLLLSSLSSLSSLL,LSSLLLSSLSSLSSLL,0.0,1,2,,ε:L:position ι:S:unknown ε:S:nature οι:L:nature αι:L:nature υ:L:position ο:S:nature α:S:lexicon ει:L:nature α:S:unknown ε:S:nature αι:L:nature ε:S:nature ο:S:nature α:L:position ο:L:line_final,δεξιτεροὶ καὶ γυμνὸς ἀεὶ παρεφαίνετο μαζός.
Hymn to Artemis,1,215,True,LLLSSLSSLLLSSLL,LLLSSLSSLLLSSLL,0.0,1,2,,η:L:nature η:L:nature α:L:antepenult_accent ε:S:nature ι:S:lexicon α:L:paroxytone_short_ultima υ:S:lexicon ο:S:nature ο:L:position ω:L:nature η:L:nature α:S:unknown α:S:unknown α:L:position η:L:line_final,"ᾔνησας δ’ ἔτι πάγχυ ποδορρώρην Ἀταλάντην,"
Hymn to Artemis,1,216,True,LLLSSLSSLSSLSSLL,LLLSSLSSLSSLSSLL,0.0,1,7,,ου:L:nature η:L:nature ι:L:unknown α:S:unknown ι:S:unknown οι:L:nature ο:S:nature υ:S:unknown ο:L:position ο:S:nature ο:S:nature α:L:position α:S:unknown ι:S:unknown α:L:unknown ο:L:line_final,"κούρην Ἰασίοιο συοκτόνον Ἀρκασίδαο,"
Hymn to Artemis,1,217,True,LSSLSSLSSLSSLSSLL,LSSLSSLSSLSSLSSLL,1.5,1,5,correption,αι:L:nature ε:S:nature υ:S:unknown η:L:nature α:S:unknown ι:S:unknown η:L:nature+position ε:S:nature αι:S:nature ευ:L:nature+position ο:S:nature ι:S:unknown η:L:nature ε:S:nature ι:S:unknown α:L:position α:L:antepenult_accent,καί ἑ κυνηλασίην τε καὶ εὐστοχίην ἐδίδαξας.
Hymn to Artemis,1,218,True,LSSLLLSSLSSLLLL,LSSLLLSSLSSLLLL,2.0,1,3,correption,ου:L:nature ι:S:lexicon ε:S:nature ι:L:position η:L:nature οι:L:nature α:S:unknown υ:S:unknown ω:L:nature ι:S:unknown ου:S:nature α:L:position ευ:L:nature η:L:nature ε:L:line_final,οὔ μιν ἐπίκλητοι Καλυδωνίου ἀγρευτῆρες
Hymn to Artemis,1,219,True,LLLLLSSLLLSSLL,LLLLLSSLLLSSLL,0.0,1,1,,ε:L:position ο:L:position αι:L:nature α:L:position οι:L:nature ο:S:nature α:S:lexicon α:L:lexicon η:L:nature η:L:nature ι:S:unknown α:S:antepenult_accent ι:L:lexicon η:L:line_final,μέμφονται κάπροιο· τὰ γὰρ σημήια νίκης
Hymn to Artemis,1,220,True,LSSLLLSSLSSLSSLL,LSSLLLSSLSSLSSLL,0.0,1,0,,α:L:position α:S:lexicon ι:S:lexicon η:L:nature ει:L:nature η:L:nature+position ε:S:nature ε:S:nature ει:L:nature ε:S:nature ι:S:lexicon η:L:nature ο:S:nature ο:S:nature ο:L:position α:L:lexicon,"Ἀρκαδίην εἰσῆλθεν, ἔχει δ’ ἔτι θηρὸς ὀδόντας·"
Hymn to Artemis,1,221,True,LSSLLLSSLSSLSSLL,LSSLLLSSLSSLSSLL,0.5,1,1,correption,ου:L:nature ε:S:nature ε:S:nature υ:L:unknown αι:L:nature ο:L:position ε:S:nature αι:S:nature α:L:position ο:S:nature α:S:lexicon οι:L:nature ο:S:nature ε:S:nature ο:L:position α:L:lexicon,οὐδὲ μὲν Ὑλαῖόν τε καὶ ἄφρονα Ῥοῖκον ἔολπα
Hymn to Artemis,1,222,True,LSSLLLSSLSSLLLL,LSSLLLSSLSSLLLL,1.5,1,2,,ου:L:nature ε:S:nature ε:S:nature ε:L:position αι:L:nature ο:L:position α:S:antepenult_accent ε:S:nature α:L:unknown ι:S:unknown ι:S:antepenult_accent ω:L:nature η:L:nature α:L:position αι:L:line_final,οὐδέ περ ἐχθαίροντας ἐν Ἄιδι μωμήσασθαι
Hymn to Artemis,1,223,True,LSSLLLSSLSSLLLL,LSSLLLSSLSSLLLL,1.5,1,3,,ο:L:position ο:S:nature ι:S:unknown ου:L:nature α:L:lexicon ι:L:lexicon α:S:unknown ο:S:nature ε:L:position υ:S:unknown ε:S:nature ι:L:position ευ:L:nature ο:L:position αι:L:line_final,"τοξότιν· οὐ γάρ σφιν λαγόνες συνεπιψεύσονται,"
Hymn to Artemis,1,224,True,LLLSSLLLSSLLLL,LLLSSLLLSSLLLL,2.0,1,2,correption,α:L:lexicon ω:L:nature+position αι:L:nature α:S:unknown ι:S:unknown η:L:nature α:L:circumflex ε:L:position ο:S:nature ω:S:nature α:L:position ω:L:nature ει:L:nature α:L:antepenult_accent,τάων Μαιναλίη νᾶεν φόνῳ ἀκρώρεια.
Hymn to Artemis,1,225,True,LSSLSSLSSLSSLSSLL,LSSLSSLSSLSSLSSLL,0.0,1,2,,ο:L:position ι:S:lexicon α:S:lexicon ου:L:nature υ:S:unknown ε:S:nature α:L:position ε:S:nature ο:S:nature υ:L:position ο:S:nature ι:S:antepenult_accent αι:L:nature ε:S:nature ι:S:unknown ω:L:nature η:L:line_final,"πότνια πουλυμέλαθρε, πολύπτολι, χαῖρε Χιτώνη"
Hymn to Artemis,1,226,True,LLLSSLSSLLLSSLL,LLLSSLSSLLLSSLL,0.0,1,2,,ι:L:unknown η:L:nature ω:L:nature ε:S:nature ι:S:unknown η:L:nature ε:S:nature ε:S:nature α:L:lexicon οι:L:nature η:L:nature α:S:lexicon ο:S:nature η:L:nature ευ:L:line_final,Μιλήτῳ ἐπίδημε· σὲ γὰρ ποιήσατο Νηλεὺς
Hymn to Artemis,1,227,True,LSSLSSLSSLSSLSSLL,LSSLSSLSSLSSLSSLL,0.0,1,2,,η:L:nature ε:S:nature ο:S:nature η:L:nature ο:S:nature ε:S:nature ηυ:L:nature ι:S:lexicon α:S:unknown η:L:nature ε:S:nature ο:S:nature ε:L:position ο:S:nature ι:S:unknown η:L:nature ε:L:line_final,"ἡγεμόνην, ὅτε νηυσὶν ἀνήγετο Κεκροπίηθεν."
Hymn to Artemis,1,228,True,LSSLSSLLLSSLSSLL,LSSLSSLLLSSLSSLL,0.0,1,4,,η:L:nature ι:S:unknown α:S:unknown ι:L:position α:S:unknown ι:S:unknown η:L:nature+position ω:L:nature ο:L:position ο:S:nature ε:S:nature οι:L:nature α:S:lexicon α:S:lexicon ε:L:position ω:L:line_final,"Χησιὰς Ἰμβρασίη πρωτόθρονε, σοὶ δ’ Ἀγαμέμνων"
Hymn to Artemis,1,229,True,LSSLLLSSLLLSSLL,LSSLLLSSLLLSSLL,0.0,1,1,,η:L:nature α:S:unknown ι:S:lexicon ο:L:position η:L:nature ο:L:position ε:S:nature ε:S:nature η:L:nature ε:L:position α:L:position ε:S:nature ο:S:nature η:L:nature ω:L:line_final,πηδάλιον νηὸς σφετέρης ἐγκάτθετο νηῷ
Hymn to Artemis,1,230,True,LSSLSSLSSLSSLSSLL,LSSLSSLSSLSSLSSLL,0.0,1,3,,ει:L:nature ι:S:unknown ο:S:nature α:L:position ο:S:nature ι:S:unknown η:L:nature ο:S:nature ε:S:nature οι:L:nature α:S:unknown ε:S:nature η:L:nature α:S:antepenult_accent α:S:lexicon η:L:nature α:L:lexicon,"μείλιον ἀπλοΐης, ὅτε οἱ κατέδησας ἀήτας,"
Hymn to Artemis,1,231,True,LLLSSLSSLSSLSSLL,LLLSSLSSLSSLSSLL,0.0,1,3,,ευ:L:nature+position ω:L:nature η:L:nature ι:S:unknown α:S:unknown η:L:nature ε:S:nature α:S:unknown αι:L:nature ι:S:paroxytone_short_ultima ε:S:nature α:L:position ε:S:nature α:S:lexicon η:L:nature ει:L:line_final,Τευκρῶν ἡνίκα νῆες Ἀχαιίδες ἄστεα κήδειν
Hymn to Artemis,1,232,True,LSSLSSLLLSSLLLL,LSSLSSLLLSSLLLL,1.5,1,3,,ε:L:position ε:S:nature ο:S:nature α:L:position ε:S:nature ε:S:nature η:L:nature α:L:position ου:L:nature ι:S:unknown ι:S:unknown υ:L:unknown ω:L:nature ει:L:nature αι:L:line_final,ἔπλεον ἀμφ’ Ἑλένῃ Ῥαμνουσίδι θυμωθεῖσαι.
Hymn to Artemis,1,233,True,LLLLLSSLSSLSSLL,LLLLLSSLSSLSSLL,0.0,1,2,,η:L:nature ε:L:position οι:L:nature+position οι:L:nature ο:L:position ε:S:nature υ:S:lexicon ω:L:nature ε:S:nature α:S:unknown ι:L:position α:S:unknown ο:S:nature η:L:nature ου:L:line_final,"ἦ μέν τοι Προῖτός γε δύω ἐκαθίσσατο νηούς,"
Hymn to Artemis,1,234,True,LLLSSLSSLSSLSSLL,LLLSSLSSLSSLSSLL,0.0,1,3,,α:L:paroxytone_short_ultima ο:L:position ε:L:position ο:S:nature ι:S:unknown η:L:nature ο:S:nature ι:S:lexicon οι:L:nature υ:S:unknown ε:S:nature ε:L:position α:S:unknown ο:S:nature ου:L:nature α:L:line_final,"ἄλλον μὲν Κορίης, ὅτι οἱ συνελέξαο κούρας"
Hymn to Artemis,1,235,True,LSSLSSLLLSSLSSLL,LSSLSSLLLSSLSSLL,1.0,1,2,lexicon_overridden,ου:L:nature ε:S:nature α:S:lexicon α:L:position ο:S:nature ε:S:nature α:L:unknown α:L:position η:L:nature ι:S:unknown α:S:antepenult_accent ο:L:position ε:S:nature ι:S:lexicon ου:L:nature οι:L:line_final,"οὔρεα πλαζομένας Ἀζήνια, τὸν δ’ ἐνὶ Λούσοις"
Hymn to Artemis,1,236,True,LSSLSSLSSLSSLSSLL,LSSLSSLSSLSSLSSLL,0.5,1,0,correption,η:L:nature ε:S:nature η:S:nature ου:L:nature ε:S:nature α:S:lexicon υ:L:lexicon ο:S:nature α:S:lexicon α:L:position ι:S:lexicon ο:S:nature ει:L:nature ε:S:nature ο:S:nature αι:L:nature ω:L:line_final,"ἡμέρῃ, οὕνεκα θυμὸν ἀπ’ ἄγριον εἵλεο παίδων."
Hymn to Artemis,1,237,True,LSSLSSLSSLSSLLLL,LSSLSSLSSLSSLLLL,2.0,1,3,correption,οι:L:nature αι:S:nature α:S:unknown α:L:position ο:S:nature ι:S:paroxytone_short_ultima ε:L:position ο:S:nature ε:S:nature ου:L:nature ε:S:nature ι:S:unknown υ:L:unknown η:L:nature ει:L:nature αι:L:line_final,σοὶ καὶ Ἀμαζονίδες πολέμου ἐπιθυμήτειραι
Hymn to Artemis,1,238,True,LSSLSSLSSLSSLLLL,LSSLSSLSSLSSLLLL,1.5,1,4,,ε:L:position ο:S:nature ε:S:nature α:L:position α:S:unknown ι:S:unknown η:L:nature ε:S:nature ε:S:nature ω:L:nature+position ε:S:nature α:S:unknown ι:L:position υ:L:unknown α:L:position ο:L:line_final,ἔν ποτε παρραλίῃ Ἐφέσῳ βρέτας ἱδρύσαντο
Hymn to Artemis,1,239,True,LSSLSSLSSLSSLSSLL,LSSLSSLSSLSSLSSLL,1.0,1,0,correption,η:L:nature ω:S:nature υ:S:lexicon ο:L:position ε:S:nature ε:S:nature ω:L:nature ε:S:nature ε:S:nature ε:L:position ε:S:nature οι:S:nature ι:L:lexicon ε:S:nature ο:S:nature ι:L:position ω:L:line_final,"φηγῷ ὑπὸ πρέμεῳ, τέλεσεν δέ τοι ἱερὸν Ἱππώ·"
Hymn to Artemis,1,240,True,LLLSSLSSLSSLLLL,LLLSSLSSLSSLLLL,1.5,1,3,,αυ:L:nature αι:L:nature ου:L:nature ι:S:properispomenon α:S:unknown α:L:position α:S:antepenult_accent ε:S:nature ι:L:lexicon υ:S:unknown ι:S:unknown ω:L:nature+position η:L:nature α:L:position ο:L:line_final,"αὐταὶ δ’, Οὖπι ἄνασσα, περὶ πρύλιν ὠρχήσαντο"
Hymn to Artemis,1,241,True,LSSLSSLSSLSSLSSLL,LSSLSSLSSLSSLSSLL,0.0,1,2,,ω:L:nature α:S:lexicon ε:S:nature ε:L:position α:S:unknown ε:S:nature ε:L:position ι:S:antepenult_accent ε:S:nature ο:L:position ι:S:unknown ο:S:nature αυ:L:nature ι:S:lexicon ε:S:nature υ:L:position ω:L:line_final,"πρῶτα μὲν ἐν σακέεσσιν ἐνόπλιον, αὖθι δὲ κύκλῳ"
Hymn to Artemis,1,242,True,LSSLSSLSSLLLSSLL,LSSLSSLSSLLLSSLL,0.0,1,3,,η:L:nature α:S:unknown ε:S:nature αι:L:nature ο:S:nature ο:S:nature ευ:L:nature υ:S:lexicon υ:S:unknown η:L:nature ει:L:nature α:L:antepenult_accent ε:S:nature ι:S:unknown ει:L:nature αι:L:line_final,στησάμεναι χορὸν εὐρύν· ὑπήεισαν δὲ λίγειαι
Hymn to Artemis,1,243,True,LSSLLLSSLLLSSLL,LSSLLLSSLLLSSLL,1.0,1,2,lexicon_overridden,ε:L:position α:S:unknown ε:S:nature ο:L:position υ:L:unknown ι:L:position ε:S:nature ι:S:lexicon α:L:lexicon η:L:nature+position ω:L:nature ι:S:antepenult_accent ο:S:nature α:L:position η:L:line_final,"λεπταλέον σύριγγες, ἵνα ῥήσσωσιν ὁμαρτῇ·"
Hymn to Artemis,1,244,True,LLLLLSSLSSLLLL,LLLLLSSLSSLLLL,1.5,1,0,,ου:L:nature α:L:lexicon ω:L:nature ε:L:position ει:L:nature α:S:antepenult_accent ι:S:lexicon ο:L:position ε:S:nature α:S:lexicon ε:L:position η:L:nature α:L:position ο:L:line_final,"οὐ γάρ πω νέβρεια δι’ ὀστέα τετρήναντο,"
Hymn to Artemis,1,245,True,LSSLLLSSLSSLSSLL,LSSLLLSSLSSLSSLL,0.0,1,1,,ε:L:position ο:S:nature α:S:lexicon η:L:nature αι:L:nature η:L:nature ε:S:nature α:S:unknown ω:L:nature α:S:lexicon ο:S:nature ε:L:position α:S:lexicon ε:S:nature η:L:nature ω:L:line_final,ἔργον’ Ἀθηναίης ἐλάφῳ κακόν· ἔδραμε δ’ ἠχὼ
Hymn to Artemis,1,246,True,LSSLSSLSSLSSLSSLL,LSSLSSLSSLSSLSSLL,0.0,1,2,,α:L:position ι:S:unknown α:S:antepenult_accent ε:L:position ε:S:nature ο:S:nature ο:L:position ε:S:nature ε:S:nature υ:L:position ι:S:unknown ο:S:nature αι:L:nature ε:S:nature ο:S:nature ε:L:position ι:L:lexicon,Σάρδιας ἔς τε νομὸν Βερεκύνθιον. αἱ δὲ πόδεσσιν
Hymn to Artemis,1,247,True,LSSLSSLSSLSSLSSLL,LSSLSSLSSLSSLSSLL,0.0,1,3,,ου:L:nature α:S:properispomenon α:S:unknown ε:L:position ο:S:nature α:S:unknown ι:L:position ο:S:nature ε:S:nature ε:L:position ο:S:nature ε:S:nature ο:L:position ε:S:nature α:S:unknown ε:L:position αι:L:line_final,"οὖλα κατεκροτάλιζον, ἐπεψόφεον δὲ φαρέτραι."
Hymn to Artemis,1,248,True,LSSLSSLSSLSSLSSLL,LSSLSSLSSLSSLSSLL,0.0,1,1,,ει:L:nature ο:S:nature ε:S:nature οι:L:nature ε:S:nature ε:S:nature ει:L:nature α:S:lexicon ε:S:nature ι:L:lexicon ε:S:nature α:S:unknown ευ:L:nature υ:S:lexicon ε:S:nature ει:L:nature ο:L:line_final,κεῖνο δέ τοι μετέπειτα περὶ βρέτας εὐρὺ θέμειλον
Hymn to Artemis,1,249,True,LLLLLSSLSSLSSLL,LLLLLSSLSSLSSLL,0.5,1,0,correption,ω:L:nature η:L:nature η:L:nature ου:L:nature ου:L:nature ε:S:nature ε:S:nature ω:L:nature ε:S:nature ο:S:nature ο:L:position ε:S:nature αι:S:nature η:L:nature ω:L:line_final,"δωμήθη, τοῦ δ’ οὔτε θεώτερον ὄψεται ἠὼς"
Hymn to Artemis,1,250,True,LLLSSLSSLLLSSLL,LLLSSLSSLLLSSLL,0.0,1,2,,ου:L:nature α:L:position ει:L:nature ο:S:nature ε:S:nature ο:L:position ε:S:nature α:S:lexicon ε:L:position υ:L:unknown ω:L:nature α:S:properispomenon α:S:unknown ε:L:position οι:L:line_final,οὐδ’ ἀφνειότερον· ῥέα κεν Πυθῶνα παρέλθοι.
Hymn to Artemis,1,251,True,LSSLLLSSLSSLLLL,LSSLLLSSLSSLLLL,2.0,1,2,correption,ω:L:nature α:S:lexicon αι:S:nature η:L:nature αι:L:nature ω:L:nature α:S:unknown α:S:unknown α:L:position ε:S:nature ε:S:nature η:L:nature ει:L:nature η:L:nature ε:L:line_final,τῶ ῥα καὶ ἠλαίνων ἀλαπαξέμεν ἠπείλησε
Hymn to Artemis,1,252,True,LSSLLLSSLSSLLLL,LSSLLLSSLSSLLLL,1.5,1,1,,υ:L:position α:S:unknown ι:S:antepenult_accent υ:L:position ι:L:position η:L:nature ε:S:nature ι:S:lexicon ε:L:position α:S:lexicon ο:S:nature ι:L:position η:L:nature ο:L:position ω:L:line_final,Λύγδαμις ὑβριστής· ἐπὶ δὲ στρατὸν ἱππημολγῶν
Hymn to Artemis,1,253,True,LSSLSSLSSLSSLSSLL,LSSLSSLSSLSSLSSLL,1.0,1,3,lexicon_overridden,η:L:nature α:S:lexicon ε:S:nature ι:L:position ε:S:nature ι:S:unknown ω:L:nature+position α:S:unknown α:S:unknown ω:L:nature ι:S:lexicon ο:S:nature οι:L:nature α:S:lexicon α:S:lexicon αυ:L:nature ο:L:line_final,"ἤγαγε Κιμμερίων ψαμάθῳ ἴσον, οἵ ῥα παρ’ αὐτὸν"
Hymn to Artemis,1,254,True,LSSLLLSSLSSLSSLL,LSSLLLSSLSSLSSLL,0.0,1,3,,ε:L:position ι:S:lexicon ε:S:nature οι:L:nature αι:L:nature ου:L:nature ι:S:lexicon ο:S:nature ο:L:position ο:S:nature ο:S:nature ι:L:unknown α:S:unknown ι:S:unknown ω:L:nature η:L:line_final,κεκλιμένοι ναίουσι βοὸς πόρον Ἰναχιώνης.
Hymn to Artemis,1,255,True,LLLSSLSSLSSLSSLL,LLLSSLSSLSSLSSLL,2.0,1,0,synizesis;synizesis,α:L:lexicon ει:L:nature ο:L:position α:S:lexicon ι:S:lexicon εω:L:synizesis ο:S:nature ο:S:nature η:L:nature ι:S:lexicon ε:S:nature ου:L:nature α:S:lexicon ε:S:nature ε:L:position ε:L:line_final,"ἆ δειλὸς βασιλέων, ὅσον ἤλιτεν· οὐ γὰρ ἔμελλεν"
Hymn to Artemis,1,256,True,LLLSSLSSLSSLSSLL,LLLSSLSSLSSLSSLL,0.0,1,3,,ου:L:nature αυ:L:nature ο:L:position υ:S:unknown ι:S:unknown η:L:nature+position ε:S:nature α:S:unknown ι:L:position ε:S:nature ε:S:nature ου:L:nature ε:S:nature ι:S:lexicon α:L:paroxytone_short_ultima ο:L:line_final,οὔτ’ αὐτὸς Σκυθίηνδε παλιμπετὲς οὔτε τις ἄλλος
Hymn to Artemis,1,257,True,LLLLLSSLSSLSSLL,LLLLLSSLSSLSSLL,1.5,1,3,correption,ο:L:position ω:L:nature ε:L:position ει:L:nature ω:L:nature ι:S:lexicon α:S:unknown υ:L:position ι:S:unknown ω:S:nature ε:L:position α:S:lexicon α:S:unknown α:L:position αι:L:line_final,ὅσσων ἐν λειμῶνι Καϋστρίῳ ἔσταν ἅμαξαι
Hymn to Artemis,1,258,True,LLLSSLSSLSSLSSLL,LLLSSLSSLSSLSSLL,1.0,1,1,lexicon_overridden,ο:L:position η:L:nature ει:L:nature ε:S:nature ε:S:nature ου:L:nature α:S:lexicon α:S:lexicon ει:L:nature ε:S:nature α:S:unknown ο:L:position α:S:lexicon ο:S:nature ει:L:nature αι:L:line_final,νοστήσειν· Ἐφέσου γὰρ ἀεὶ τεὰ τόξα πρόκειται.
Hymn to Artemis,1,259,True,LSSLSSLSSLSSLSSLL,LSSLSSLSSLSSLSSLL,0.0,1,3,,ο:L:position ι:S:lexicon α:S:lexicon ου:L:nature ι:S:unknown ι:S:unknown η:L:nature ι:S:unknown ε:S:nature ο:L:position ο:S:nature ε:S:nature αι:L:nature ε:S:nature ε:S:nature αι:L:nature η:L:line_final,"πότνια Μουνιχίη λιμενοσκόπε, χαῖρε Φεραίη."
Hymn to Artemis,1,260,True,LSSLLLLLSSLSSLL,LSSLLLLLSSLSSLL,0.0,1,2,,η:L:nature ι:S:lexicon α:S:unknown ι:L:unknown η:L:nature η:L:nature η:L:nature α:L:position ε:S:nature ι:S:lexicon ου:L:nature ε:S:nature α:S:lexicon οι:L:nature ει:L:line_final,μή τις ἀτιμήσῃ τὴν Ἄρτεμιν· οὐδὲ γὰρ Οἰνεῖ
Hymn to Artemis,1,261,True,LSSLLLSSLSSLSSLL,LSSLLLSSLSSLSSLL,1.0,1,3,lexicon_overridden,ω:L:nature ο:S:nature α:S:unknown ι:L:unknown η:L:nature α:L:position ι:S:antepenult_accent α:S:lexicon οι:L:nature ο:S:nature ι:S:lexicon η:L:nature+position ο:S:nature α:S:unknown ω:L:nature ε:L:line_final,βωμὸν ἀτιμήσαντι καλοὶ πόλιν ἦλθον ἀγῶνες·
Hymn to Artemis,1,262,True,LSSLSSLLLSSLSSLL,LSSLSSLLLSSLSSLL,0.0,1,4,,η:L:nature ε:S:nature α:S:unknown η:L:nature ο:S:nature ι:S:unknown η:L:nature+position η:L:nature ευ:L:nature+position ο:S:nature ι:S:unknown η:L:nature ε:S:nature ι:S:unknown αι:L:nature ει:L:line_final,μηδ’ ἐλαφηβολίην μηδ’ εὐστοχίην ἐριδαίνειν·
Hymn to Artemis,1,263,True,LSSLSSLSSLSSLSSLL,LSSLSSLSSLSSLSSLL,0.0,1,1,,ου:L:nature ε:S:nature α:S:lexicon α:L:position ε:S:nature ι:S:lexicon η:L:nature ο:S:nature ι:S:lexicon ω:L:nature ε:S:nature ι:S:lexicon ο:L:position α:S:unknown ε:S:nature ι:L:position ω:L:line_final,οὐδὲ γὰρ Ἀτρεΐδης ὀλίγῳ ἔπι κόμπασε μισθῷ·
Hymn to Artemis,1,264,True,LSSLLLLLSSLSSLL,LSSLLLLLSSLSSLL,0.0,1,0,,η:L:nature ε:S:nature ι:S:lexicon α:L:lexicon α:L:circumflex αι:L:nature η:L:nature+position α:L:position ε:S:nature ο:S:nature ου:L:nature ε:S:nature α:S:lexicon ω:L:nature ο:L:line_final,"μηδέ τινα μνᾶσθαι τὴν παρθένον· οὐδὲ γὰρ Ὦτος,"
Hymn to Artemis,1,265,True,LSSLSSLSSLSSLLLL,LSSLSSLSSLSSLLLL,1.5,1,2,,ου:L:nature ε:S:nature ε:S:nature ω:L:nature α:S:unknown ι:S:unknown ω:L:nature α:S:lexicon α:S:lexicon ο:L:position α:S:lexicon ο:S:nature ε:L:position η:L:nature+position ευ:L:nature α:L:antepenult_accent,οὐδὲ μὲν Ὠαρίων ἀγαθὸν γάμον ἐμνήστευσαν·
Hymn to Artemis,1,266,True,LSSLLLSSLSSLSSLL,LSSLLLSSLSSLSSLL,0.0,1,2,,η:L:nature ε:S:nature ο:S:nature ο:L:position ευ:L:nature ει:L:nature ε:S:nature ι:S:unknown αυ:L:nature ι:S:unknown ο:S:nature ου:L:nature ε:S:nature α:S:lexicon ι:L:position ω:L:line_final,μηδὲ χορὸν φεύγειν ἐνιαύσιον· οὐδὲ γὰρ Ἱππὼ
Hymn to Artemis,1,267,True,LLLSSLSSLSSLLLL,LLLSSLSSLSSLLLL,1.5,1,2,,α:L:position αυ:L:nature ει:L:nature ε:S:nature ι:S:lexicon ω:L:nature ο:S:nature α:S:unknown ει:L:nature α:S:unknown ο:S:nature υ:L:position ω:L:nature α:L:position αι:L:line_final,ἀκλαυτεὶ περὶ βωμὸν ἀπείπατο κυκλώσασθαι·
Hymn to Artemis,1,268,True,LSSLLLSSLLLSSLL,LSSLLLSSLLLSSLL,1.5,1,0,correption,αι:L:nature ε:S:nature ε:S:nature α:L:lexicon ει:L:nature ου:L:nature α:S:lexicon αι:S:nature ευ:L:nature α:L:position η:L:nature ο:S:nature α:S:lexicon οι:L:nature η:L:line_final,χαῖρε μέγα κρείουσα καὶ εὐάντησον ἀοιδῇ.
Hymn to Delos,1,1,True,LSSLLLSSLSSLSSLL,LSSLLLSSLSSLSSLL,0.0,1,2,,η:L:nature ι:S:lexicon ε:S:nature η:L:nature ω:L:nature υ:L:unknown ε:S:nature ι:S:lexicon α:L:lexicon ο:S:nature ο:S:nature η:L:nature ο:S:nature α:S:unknown ει:L:nature ει:L:line_final,"τὴν ἱερήν, ὦ θυμέ, τίνα χρόνον ἢ πότ’ ἀείσεις"
Hymn to Delos,1,2,True,LSSLLLLLSSLSSLL,LSSLLLLLSSLSSLL,0.0,1,0,,η:L:nature ο:S:nature α:S:lexicon ο:L:position ω:L:nature ο:L:position ου:L:nature ο:L:position ο:S:nature ο:S:nature η:L:nature ε:S:nature α:S:lexicon α:L:lexicon αι:L:line_final,"δῆλον, Ἀπόλλωνος κουροτρόφον ; ἦ μὲν ἅπασαι"
Hymn to Delos,1,3,True,LSSLLLSSLSSLSSLL,LSSLLLSSLSSLSSLL,1.5,1,2,correption,υ:L:position α:S:paroxytone_short_ultima ε:S:nature αι:L:nature η:L:nature ω:L:nature ι:S:unknown ε:S:nature ω:L:nature α:S:unknown αι:S:nature ει:L:nature α:S:lexicon ι:S:lexicon ει:L:nature+position αι:L:line_final,"Κυκλάδες, αἳ νήσων ἱερώταται εἰν ἁλὶ κεῖνται,"
Hymn to Delos,1,4,True,LLLLLSSLLLSSLL,LLLLLSSLLLSSLL,0.0,1,0,,ευ:L:nature υ:L:position οι:L:nature η:L:nature ο:L:position ε:S:nature ε:S:nature ει:L:nature α:L:lexicon ω:L:nature α:S:lexicon ε:S:nature ε:L:position αι:L:line_final,εὔυμνοι· δῆλος δ’ ἐθέλει τὰ πρῶτα φέρεσθαι
Hymn to Delos,1,5,True,LLLSSLSSLLLSSLL,LLLSSLSSLLLSSLL,2.0,1,2,synizesis;synizesis,ε:L:position ου:L:nature εω:L:synizesis ο:S:nature ι:S:lexicon οι:L:nature ο:S:nature α:S:unknown οι:L:nature α:L:unknown ω:L:nature+position ε:S:nature ε:S:nature ο:L:position α:L:antepenult_accent,"ἐκ Μουσέων, ὅτι Φοῖβον ἀοιδάων μεδέοντα"
Hymn to Delos,1,6,True,LSSLLLSSLSSLSSLL,LSSLLLSSLSSLSSLL,1.5,1,0,cluster_short;correption,ου:L:nature ε:S:nature ε:S:nature αι:L:nature+position ει:L:nature ω:L:nature ε:S:nature αι:S:nature ω:L:nature+position ε:S:nature ο:S:nature η:L:nature ε:S:nature ε:S:position ω:L:nature η:L:line_final,λοῦσέ τε καὶ σπείρωσε καὶ ὡς θεὸν ᾔνεσε πρώτη.
Hymn to Delos,1,7,True,LLLSSLSSLLLSSLL,LLLSSLSSLLLSSLL,0.0,1,1,,ω:L:nature+position ου:L:nature αι:L:nature ο:S:nature α:S:lexicon οι:L:nature ο:S:nature ο:S:nature η:L:nature ι:L:position ει:L:nature α:S:antepenult_accent α:S:unknown ει:L:nature η:L:line_final,ὡς Μοῦσαι τὸν ἀοιδὸν ὃ μὴ Πίμπλειαν ἀείσῃ
Hymn to Delos,1,8,True,LLLLLSSLLLSSLL,LLLLLSSLLLSSLL,0.0,1,1,,ε:L:position ου:L:nature ι:L:antepenult_accent ω:L:nature+position οι:L:nature ο:S:nature ο:S:nature ι:L:lexicon η:L:nature οι:L:nature ο:S:nature α:S:unknown η:L:nature αι:L:line_final,"ἔχθουσιν, τὼς Φοῖβος ὅτις Δήλοιο λάθηται."
Hymn to Delos,1,9,True,LLLLLSSLSSLSSLL,LLLLLSSLSSLSSLL,0.5,1,0,correption,η:L:nature ω:L:nature υ:L:lexicon οι:L:nature η:L:nature α:S:lexicon ο:S:nature α:L:position ο:S:nature αι:S:nature ω:L:nature α:S:lexicon α:S:lexicon ο:L:position ω:L:line_final,"Δήλῳ νῦν οἴμης ἀποδάσσομαι, ὡς ἂν Ἀπόλλων"
Hymn to Delos,1,10,True,LSSLLLSSLSSLSSLL,LSSLLLSSLSSLSSLL,0.0,1,2,,υ:L:position ι:S:unknown ο:S:nature αι:L:nature η:L:nature η:L:nature ε:S:nature ι:S:lexicon η:L:nature α:S:unknown ε:S:nature ο:L:position α:S:antepenult_accent ι:S:lexicon η:L:nature η:L:line_final,Κύνθιος αἰνήσῃ με φίλης ἀλέγοντα τιθήνης.
Hymn to Delos,1,11,True,LLLLLSSLSSLSSLL,LLLLLSSLSSLSSLL,4.5,1,1,correption;metrical_lengthening,ει:L:nature+position η:L:nature ε:L:nature ο:L:nature ε:L:position α:S:antepenult_accent αι:S:nature α:L:position ο:S:nature ο:S:nature οι:L:nature α:S:lexicon α:S:unknown ι:L:position η:L:line_final,κείνγ δ’ ἠνεμόεσσα καὶ ἄτροπος οἷά θ’ ἁλιπλὴξ
Hymn to Delos,1,12,True,LLLLLSSLSSLSSLL,LLLLLSSLSSLSSLL,0.0,1,0,,αι:L:nature υι:L:nature η:L:nature+position αι:L:nature α:L:lexicon ο:S:nature ε:S:nature ι:L:position ο:S:nature ο:S:nature η:L:nature ε:S:nature ε:S:nature ι:L:paroxytone_short_ultima οι:L:line_final,αἰθυίῃς καὶ μᾶλλον ἐπίδρομος ἠέπερ ἵπποις
Hymn to Delos,1,13,True,LSSLLLSSLSSLSSLL,LSSLLLSSLSSLSSLL,2.0,1,1,correption,ο:L:position ω:S:nature ε:S:nature ε:L:position η:L:nature ι:L:position αι:S:nature ο:S:nature α:L:position ι:S:lexicon ε:S:nature ου:L:nature υ:S:unknown ε:S:nature ι:L:position ω:L:line_final,πόντῳ ἐνεστήρικται· ὁ δ’ ἀμφί ἑ πουλύς ἑλίσσων
Hymn to Delos,1,14,True,LSSLLLSSLSSLSSLL,LSSLLLSSLSSLSSLL,0.5,1,4,correption,ι:L:unknown α:S:unknown ι:S:unknown ου:L:nature ο:L:position η:L:nature α:S:unknown ο:S:nature α:L:position ε:S:nature αι:S:nature υ:L:lexicon α:S:lexicon ο:S:nature α:L:position η:L:line_final,Ἰκαρίου πολλὴν ἀπομάσσεται ὕδατος ἄχνην·
Hymn to Delos,1,15,True,LSSLSSLSSLSSLLLL,LSSLSSLSSLSSLLLL,3.5,1,2,correption,ω:L:nature+position ε:S:nature αι:S:nature ι:L:position υ:S:unknown ο:S:nature η:L:nature ε:S:nature α:S:unknown ι:L:position ο:S:nature οι:S:nature ε:L:position α:L:position α:L:position ο:L:line_final,τῶ σφε καὶ ἰχθυβολῆες ἁλίπλοοι ἐννάσσαντο.
Hymn to Delos,1,16,True,LSSLSSLSSLLLSSLL,LSSLSSLSSLLLSSLL,0.5,1,0,correption,α:L:position α:S:lexicon οι:S:nature ου:L:nature ε:S:nature ε:S:nature η:L:nature ο:S:nature ε:S:nature ι:L:lexicon ω:L:nature η:L:nature ι:S:lexicon ε:S:nature ε:L:position αι:L:line_final,"ἀλλά οἱ οὐ νεμεσητὸν ἐνὶ πρώτῃσι λέγεσθαι,"
Hymn to Delos,1,17,True,LSSLSSLSSLLLSSLL,LSSLSSLSSLLLSSLL,1.5,1,3,correption,ο:L:position ο:S:nature ε:S:nature ω:L:nature ε:S:nature α:S:lexicon ο:L:position ε:S:nature αι:S:nature ε:L:position ι:L:unknown η:L:nature ι:S:unknown α:S:unknown η:L:nature υ:L:line_final,ὀππότ’ ἐς Ὠκεανόν τε καὶ ἐς Τιτηνίδα Τηθὺν
Hymn to Delos,1,18,True,LSSLLLSSLLLSSLL,LSSLLLSSLLLSSLL,1.0,1,1,correption,η:L:nature οι:S:nature α:S:unknown ο:L:position ι:L:position ο:L:position αι:S:nature α:S:lexicon ει:L:nature ε:L:position α:L:position ο:S:nature ο:S:nature ευ:L:nature ει:L:line_final,"νῆσοι ἀολλίζονται, ἀεὶ δ’ ἔξαρχος ὁδεύει."
Hymn to Delos,1,19,True,LSSLLLSSLSSLSSLL,LSSLLLSSLSSLSSLL,0.0,1,0,,η:L:nature ο:S:nature ι:S:lexicon ε:L:position οι:L:nature ι:L:position α:S:antepenult_accent ε:S:nature ι:L:position ι:S:lexicon α:S:lexicon υ:L:paroxytone_short_ultima ο:S:nature ο:S:nature η:L:nature ει:L:line_final,ἡ δ’ ὄπιθεν Φοίνισσα μετ’ ἴχνια Κύρνος ὀπηδεῖ
Hymn to Delos,1,20,True,LSSLLLSSLSSLSSLL,LSSLLLSSLSSLSSLL,0.0,1,5,,ου:L:nature ο:S:nature ο:S:nature η:L:nature αι:L:nature α:L:position ι:S:unknown α:S:unknown α:L:position ι:S:unknown α:S:unknown ε:L:position ο:S:nature ι:S:unknown η:L:nature ω:L:line_final,οὐκ ὀνοτὴ καὶ Μάκρις Ἀβαντιὰς Ἐλλοπιήων
Hymn to Delos,1,21,True,LLLSSLSSLSSLSSLL,LLLSSLSSLSSLSSLL,0.5,1,1,correption,α:L:position ω:L:nature ι:L:lexicon ε:S:nature ο:S:nature ε:L:position α:S:lexicon αι:S:nature η:L:nature ε:S:nature ε:S:nature η:L:nature+position α:S:unknown ο:S:nature υ:L:paroxytone_short_ultima ι:L:lexicon,Σαρδώ θ’ ἱμερόεσσα καὶ ἣν ἐπενήξατο Κύπρις
Hymn to Delos,1,22,True,LSSLLLSSLSSLSSLL,LSSLLLSSLSSLSSLL,1.0,1,2,lexicon_overridden,ε:L:position υ:S:lexicon α:S:lexicon ο:L:position α:L:lexicon ω:L:nature α:S:lexicon α:S:unknown οι:L:nature ε:S:nature ι:S:lexicon α:L:position ε:S:nature ι:S:unknown α:L:position ω:L:line_final,"ἐξ ὕδατος τὰ πρῶτα, σαοῖ δέ μιν ἀντ’ ἐπιβάθρων."
Hymn to Delos,1,23,True,LLLLLSSLSSLSSLL,LLLLLSSLSSLSSLL,0.0,1,0,,ει:L:nature αι:L:nature ε:L:position υ:L:position οι:L:nature ι:S:antepenult_accent ε:S:nature ι:L:position ε:S:nature ε:S:nature ε:L:position ι:S:antepenult_accent ε:S:nature υ:L:position αι:L:line_final,"κεῖναι μὲν πύργοισι περισκεπέεσσιν ἐρυμναί,"
Hymn to Delos,1,24,True,LLLLLSSLSSLSSLL,LLLLLSSLSSLSSLL,0.0,1,2,,η:L:nature ο:L:position α:L:lexicon ο:L:position ω:L:nature ι:S:lexicon ι:S:lexicon ε:L:position ι:S:unknown α:S:unknown ω:L:nature ε:S:nature ο:S:nature ε:L:position ο:L:line_final,δῆλος δ’ Ἀπόλλωνι· τί δὲ στιβαρώτερον ἕρκος;
Hymn to Delos,1,25,True,LSSLLLSSLLLSSLL,LSSLLLSSLLLSSLL,0.0,1,0,,ει:L:nature ε:S:nature α:S:lexicon ε:L:position αι:L:nature α:L:circumflex ε:S:nature υ:S:lexicon αι:L:nature ι:L:lexicon η:L:nature+position ε:S:nature ε:S:nature οι:L:nature ε:L:line_final,τείχεα μὲν καὶ λᾶες ὑπαὶ ῥιπῆς κε πέσοιεν
Hymn to Delos,1,26,True,LSSLSSLSSLSSLSSLL,LSSLSSLSSLSSLSSLL,1.5,1,3,correption,υ:L:unknown ο:S:nature ι:S:unknown ου:L:nature ο:S:nature ε:S:nature α:L:lexicon ο:S:nature ε:S:nature ο:L:position α:S:lexicon ει:S:nature α:L:position υ:S:unknown ε:S:nature ι:L:position ο:L:line_final,Στρυμονίου βορέαο· θεὸς δ’ ἀεὶ ἀστυφέλικτος·
Hymn to Delos,1,27,True,LSSLLLSSLSSLSSLL,LSSLLLSSLSSLSSLL,0.0,1,0,,η:L:nature ε:S:nature ι:S:lexicon η:L:nature οι:L:nature ο:L:position ε:S:nature ο:S:nature η:L:nature ο:S:nature ο:S:nature α:L:position ι:S:lexicon ε:S:nature η:L:nature ε:L:line_final,"Δῆλε φίλη, τοῖός σε βοηθόος ἀμφιβέβηκεν."
Hymn to Delos,1,28,True,LSSLSSLSSLSSLSSLL,LSSLSSLSSLSSLSSLL,1.0,1,1,lexicon_overridden,ει:L:nature ε:S:nature ι:S:lexicon η:L:nature+position ο:S:nature ε:S:nature ε:L:position ε:S:nature ε:S:nature ι:L:position ο:S:nature ο:S:nature ω:L:nature ι:S:antepenult_accent α:S:unknown οι:L:nature αι:L:line_final,"εἰ δὲ λίην πολέες σε περιτροχόωσιν ἀοιδαί,"
Hymn to Delos,1,29,True,LSSLLLSSLLLSSLL,LSSLLLSSLLLSSLL,1.5,1,1,correption,οι:L:nature η:S:nature ε:S:nature ι:L:position ε:L:position ω:L:nature ε:S:nature ι:S:lexicon οι:L:nature υ:L:unknown η:L:nature ε:S:nature α:S:lexicon ου:L:nature αι:L:line_final,ποίῃ ἐνιπλέξω σε; τί τοι θυμῆρες ἀκοῦσαι;
Hymn to Delos,1,30,True,LLLLLSSLSSLSSLL,LLLLLSSLSSLSSLL,0.0,1,0,,η:L:nature ω:L:nature+position α:L:lexicon ω:L:nature ι:L:position α:S:lexicon ε:S:nature α:L:lexicon ε:S:nature ο:S:nature ου:L:nature ε:S:nature α:S:lexicon ει:L:nature ω:L:line_final,ἢ ὡς τὰ πρώτιστα μέγας θεὸς οὔρεα θείνων
Hymn to Delos,1,31,True,LSSLLLSSLLLSSLL,LSSLLLSSLLLSSLL,1.0,1,0,lexicon_overridden,α:L:lexicon ο:S:nature ι:S:lexicon ι:L:position ω:L:nature ι:L:lexicon ι:S:lexicon ο:S:nature οι:L:nature ε:L:position ι:L:circumflex ε:S:nature ε:S:nature ευ:L:nature+position α:L:antepenult_accent,"ἄορι τριγλώχινι, τό οἱ Τελχῖνες ἔτευξαν,"
Hymn to Delos,1,32,True,LLLSSLLLSSLSSLL,LLLSSLLLSSLSSLL,0.0,1,3,,η:L:nature ου:L:nature ει:L:nature α:S:unknown ι:S:unknown α:L:unknown ει:L:nature+position α:L:position ε:S:nature ο:S:nature ε:L:position ε:S:nature ε:S:nature α:L:lexicon α:L:lexicon,"νήσους εἰναλίας εἰργάζετο, νέρθε δὲ πάσας"
Hymn to Delos,1,33,True,LSSLLLSSLSSLSSLL,LSSLLLSSLSSLSSLL,1.5,1,3,correption,ε:L:position ε:S:nature α:S:unknown ω:L:nature ω:L:nature+position ι:L:position ε:S:nature αι:S:nature ει:L:nature ε:S:nature υ:S:unknown ι:L:unknown ε:S:nature α:S:lexicon α:L:position η:L:line_final,ἐκ νεάτων ὤχλισσε καὶ εἰσεκύλισε θαλάσσῃ;
Hymn to Delos,1,34,True,LLLSSLSSLLLSSLL,LLLSSLSSLLLSSLL,0.0,1,0,,αι:L:nature α:L:lexicon ε:L:position α:S:lexicon α:S:lexicon υ:L:position ο:S:nature ι:S:lexicon η:L:nature ει:L:nature οι:L:nature ο:S:nature α:S:lexicon ω:L:nature+position αι:L:line_final,"καὶ τὰς μὲν κατὰ βυσσόν, ἵν’ ἠπείροιο λάθωνται,"
Hymn to Delos,1,35,True,LSSLLLSSLLLSSLL,LSSLLLSSLLLSSLL,0.0,1,0,,υ:L:position ο:S:nature ε:S:nature ε:L:position ι:L:position ω:L:nature ε:S:nature ε:S:nature ου:L:nature ε:L:position ι:L:position ε:S:nature α:S:lexicon α:L:position η:L:line_final,"πρυμνόθεν ἐρρίζωσε· δὲ δ’ οὐκ ἔθλιψεν ἀνάγκη,"
Hymn to Delos,1,36,True,LSSLSSLSSLSSLSSLL,LSSLSSLSSLSSLSSLL,0.0,1,2,,α:L:position α:S:unknown ε:S:nature ο:L:position ε:S:nature α:S:unknown ε:L:position ι:S:antepenult_accent ε:S:nature ε:L:position ε:S:nature ε:S:nature ου:L:nature ο:S:nature α:S:lexicon η:L:nature+position οι:L:line_final,"ἀλλ’ ἄφετος πελάγεσσιν ἐπέπλεες, οὔνομα δ’ ἦν σοι"
Hymn to Delos,1,37,True,LSSLSSLSSLSSLSSLL,LSSLSSLSSLSSLSSLL,0.0,1,3,,α:L:position ε:S:nature ι:S:unknown η:L:nature ο:S:nature α:S:unknown αι:L:nature ο:S:nature ε:S:nature ει:L:nature α:S:lexicon υ:S:lexicon η:L:nature α:S:unknown ο:S:nature α:L:paroxytone_short_ultima ο:L:line_final,"Ἀστερίη τὸ παλαιόν, ἐπεὶ βαθὺν ἥλαο τάφρον"
Hymn to Delos,1,38,True,LSSLLLSSLSSLSSLL,LSSLLLSSLSSLSSLL,0.0,1,0,,ου:L:nature α:S:lexicon ο:S:nature ε:L:position ευ:L:nature ου:L:nature α:S:antepenult_accent ι:S:lexicon ο:L:position α:S:lexicon ο:S:nature α:L:position ε:S:nature ι:S:lexicon ι:L:lexicon η:L:line_final,οὐρανόθεν φεύγουσα Διὸς γάμον ἀστέρι ἴση.
Hymn to Delos,1,39,True,LSSLLLSSLSSLSSLL,LSSLLLSSLSSLSSLL,0.0,1,0,,ο:L:position α:S:lexicon ε:S:nature ου:L:nature ω:L:nature οι:L:nature+position υ:S:lexicon ε:S:nature η:L:nature ε:S:nature ε:S:nature ι:L:position ε:S:nature ο:S:nature η:L:nature ω:L:line_final,"τόφρα μὲν οὔπω σοι χρυσέη ἐπεμίσγετο Λητώ,"
Hymn to Delos,1,40,True,LSSLSSLSSLSSLSSLL,LSSLSSLSSLSSLSSLL,2.0,1,1,correption,ο:L:position α:S:lexicon ε:S:nature α:L:position ε:S:nature ι:S:unknown η:L:nature υ:S:lexicon αι:S:nature ου:L:nature ε:S:nature ω:S:nature ε:L:position ε:S:nature ο:S:nature η:L:nature ο:L:line_final,τόφρα δ’ ἔτ’ Ἀστερίη σὺ καὶ οὐδέπω ἔκλεο Δῆλος·
Hymn to Delos,1,41,True,LSSLLLSSLLLSSLL,LSSLLLSSLLLSSLL,0.0,1,0,,ο:L:position α:S:lexicon ι:S:lexicon ε:L:position οι:L:nature+position η:L:nature ο:S:nature α:S:lexicon ο:L:position α:L:position οι:L:nature ο:S:nature ο:S:nature ι:L:position η:L:line_final,πολλάκι σε Τροιζῆνος ἀπὸ ξανθοῖο πολίχνης
Hymn to Delos,1,42,True,LSSLSSLSSLSSLSSLL,LSSLSSLSSLSSLSSLL,1.5,1,3,correption,ε:L:position ο:S:nature ε:S:nature οι:L:nature ε:S:nature υ:S:unknown η:L:nature+position ε:S:nature α:S:unknown ω:L:nature ι:S:unknown ου:S:nature ε:L:position ο:S:nature ι:S:lexicon ο:L:position ου:L:line_final,ἐρχόμενοι Ἐφύρηνδε Σαρωνικοῦ ἔνδοθι κόλπου
Hymn to Delos,1,43,True,LSSLLLSSLSSLSSLL,LSSLLLSSLSSLSSLL,5.0,1,2,synizesis;correption;synizesis,αυ:L:nature αι:S:nature ε:S:nature ε:L:position ε:L:position α:L:position ο:S:nature αι:S:nature ε:L:position ε:S:nature υ:S:lexicon η:L:nature α:S:unknown ι:S:unknown οω:L:synizesis ε:L:line_final,"ναῦται ἐπεσκέψαντο, καὶ ἐξ Ἐφύρης ἀνιόωτες"
Hymn to Delos,1,44,True,LSSLSSLSSLLLSSLL,LSSLSSLSSLLLSSLL,0.0,1,0,,οι:L:nature ε:S:nature ε:S:nature ου:L:nature ι:S:lexicon ο:S:nature αυ:L:nature ι:S:lexicon υ:S:lexicon ε:L:position ει:L:nature οι:L:nature ο:S:nature α:S:lexicon ο:L:position υ:L:lexicon,"οἱ μὲν ἔτ’ οὐκ ἴδον αὖθι, σὺ δὲ στεινοῖο παρ’ ὀξὺν"
Hymn to Delos,1,45,True,LSSLLLSSLSSLSSLL,LSSLLLSSLSSLSSLL,0.0,1,4,,ε:L:position α:S:unknown ε:S:nature ευ:L:nature ι:L:unknown οι:L:nature ο:S:nature ο:S:nature ο:L:position α:S:unknown α:S:unknown η:L:nature α:S:lexicon ε:S:nature ο:L:position ο:L:line_final,"ἔδραμες Εὐρίποιο πόρον καναχηδὰ ῥέοντος,"
Hymn to Delos,1,46,True,LSSLLLSSLSSLSSLL,LSSLLLSSLSSLSSLL,0.0,1,4,,α:L:position ι:S:unknown ι:S:unknown η:L:nature+position αυ:L:nature η:L:nature α:S:properispomenon α:S:unknown η:L:nature α:S:unknown ε:S:nature η:L:nature α:S:lexicon ο:S:nature υ:L:lexicon ω:L:line_final,Χαλκιδικῆς δ’ αὐτῆμαρ ἀνηναμένη ἁλὸς ὕδωρ
Hymn to Delos,1,47,True,LSSLLLSSLSSLSSLL,LSSLLLSSLSSLSSLL,0.0,1,2,,ε:L:position ε:S:nature α:S:lexicon η:L:nature αι:L:nature ω:L:nature+position ο:S:nature ε:S:nature η:L:nature+position α:S:unknown ο:S:nature ου:L:nature ι:S:unknown ο:S:nature α:L:paroxytone_short_ultima ο:L:line_final,μέσφ’ ἐς Ἀθηναίων προσενήξαο Σούνιον ἄκρον
Hymn to Delos,1,48,True,LSSLLLSSLSSLSSLL,LSSLLLSSLSSLSSLL,2.0,1,1,lexicon_overridden,η:L:nature ι:S:paroxytone_short_ultima ο:S:nature η:L:nature η:L:nature οι:L:nature ο:S:nature ι:S:unknown α:L:position ο:S:nature ο:S:nature υ:L:lexicon α:S:lexicon ι:S:lexicon α:L:position ο:L:line_final,ἢ Χίον ἢ νήσοιο διάβροχον ὕδατι μαστὸν
Hymn to Delos,1,49,True,LSSLLLSSLSSLSSLL,LSSLLLSSLSSLSSLL,0.0,1,1,,α:L:position ε:S:nature ι:S:unknown η:L:nature ου:L:nature ω:L:nature α:S:lexicon ε:S:nature η:L:nature+position α:S:paroxytone_short_ultima ο:S:nature η:L:nature ι:S:lexicon ε:S:nature υ:L:paroxytone_short_ultima αι:L:line_final,"παρθενίης οὔπω γὰρ ἔην Σάμος, ἧχι σε νύμφαι"
Hymn to Delos,1,50,True,LSSLLLSSLSSLLLL,LSSLLLSSLSSLLLL,1.5,1,2,,ει:L:nature ο:S:nature ε:S:nature α:L:position αι:L:nature ου:L:nature υ:S:unknown α:S:unknown η:L:nature+position ι:S:paroxytone_short_ultima ε:S:nature ε:L:position ει:L:nature ι:L:position α:L:antepenult_accent,γείτονες Ἀγκαίου Μυκαλησσίδες ἐξείνισσαν.
Hymn to Delos,1,51,True,LSSLLLSSLSSLSSLL,LSSLLLSSLSSLSSLL,0.0,1,4,,η:L:nature ι:S:unknown α:S:unknown α:L:lexicon ο:L:position ω:L:nature ι:S:lexicon ε:S:nature ε:L:position ι:S:unknown ο:S:nature ου:L:nature α:S:lexicon υ:S:unknown ε:L:position ε:L:line_final,"ἡνίκα δ’ Ἀπόλλωνι γενέθλιον οὖδας ὑπέσχες,"
Hymn to Delos,1,52,True,LSSLLLSSLSSLSSLL,LSSLLLSSLSSLSSLL,1.0,1,1,correption,ου:L:nature ο:S:nature οι:S:nature α:L:position η:L:nature οι:L:nature ο:S:nature α:S:unknown ι:L:position ο:S:nature οι:S:nature ου:L:nature ο:S:nature ε:S:nature ε:L:position ο:L:line_final,"τοῦτό τοι ἀντημοιβὸν ἁλίπλοοι οὔνομ’ ἔθεντο,"
Hymn to Delos,1,53,True,LSSLSSLSSLSSLSSLL,LSSLSSLSSLSSLSSLL,0.0,1,1,,ου:L:nature ε:S:nature ε:S:nature ου:L:nature ε:S:nature α:S:unknown η:L:nature ο:S:nature ε:S:nature ε:L:position ε:S:nature ε:S:nature α:L:position ε:S:nature ι:S:lexicon ο:L:position ου:L:line_final,"οὕνεκεν οὐκέτ’ ἄδηλος ἐπέπλεες, ἀλλ’ ἐνὶ πόντου"
Hymn to Delos,1,54,True,LSSLLLSSLSSLSSLL,LSSLLLSSLSSLSSLL,0.0,1,1,,υ:L:lexicon α:S:lexicon ι:S:lexicon αι:L:nature αι:L:nature οι:L:nature ο:S:nature ο:S:nature ω:L:nature ε:S:nature ε:S:nature η:L:nature α:S:unknown ο:S:nature ι:L:position α:L:line_final,κύμασιν Αἰγαίοιο ποδῶν ἐνεθήκαο ῥίζας.
Hymn to Delos,1,55,True,LLLSSLSSLSSLSSLL,LLLSSLSSLSSLSSLL,1.5,1,1,override,ου:L:nature η:L:nature η:L:nature+position ο:S:nature ε:S:nature ου:L:nature α:S:antepenult_accent υ:S:lexicon ε:L:position ε:S:nature α:S:lexicon η:L:nature ε:S:nature α:S:unknown α:L:paroxytone_short_ultima αι:L:line_final,οὐδ’ Ἥρην κοτέουσαν ὑπέτρεσας· ἡ μὲν ἁπάσαις
Hymn to Delos,1,56,True,LSSLLLSSLSSLSSLL,LSSLLLSSLSSLSSLL,0.0,1,2,,ει:L:nature ο:S:nature ε:S:nature ε:L:position ω:L:nature α:L:circumflex ο:S:nature ε:S:nature ω:L:nature ι:S:unknown ι:S:unknown αι:L:nature ι:S:lexicon ι:S:lexicon αι:L:nature α:L:lexicon,δεινὸν ἐπεβρωμᾶτο λεχωίσιν αἳ Διὶ παῖδας
Hymn to Delos,1,57,True,LSSLLLSSLSSLSSLL,LSSLLLSSLSSLSSLL,0.0,1,2,,ε:L:position ε:S:nature ε:S:nature ο:L:position η:L:nature οι:L:nature ε:S:nature ι:S:unknown α:L:position ι:S:unknown ο:S:nature ου:L:nature ε:S:nature α:S:lexicon ου:L:nature η:L:line_final,"ἐξέφερον, Λητοῖ δὲ διακριδόν, οὕνεκα μούνη"
Hymn to Delos,1,58,True,LSSLLLSSLSSLSSLL,LSSLLLSSLSSLSSLL,1.0,1,1,lexicon_overridden,η:L:nature ι:S:lexicon ε:S:nature ει:L:nature η:L:nature ε:L:position ε:S:nature ι:S:unknown αι:L:nature ε:S:nature ο:S:nature α:L:lexicon ε:S:nature ο:S:nature υι:L:nature α:L:lexicon,Ζηνὶ τεκεῖν ἤμελλε φιλαίτερον Ἄρεος υἷα.
Hymn to Delos,1,59,True,LSSLLLSSLSSLSSLL,LSSLLLSSLSSLSSLL,0.5,1,0,correption,ω:L:nature α:S:lexicon αι:S:nature αυ:L:nature η:L:nature ε:L:position ο:S:nature ι:S:lexicon η:L:nature ε:S:nature ε:S:nature αι:L:nature ε:S:nature ο:S:nature ει:L:nature ω:L:line_final,τῶ ῥα καὶ αὐτὴ μὲν σκοπιὴν ἔχεν αἰθέρος εἴσω
Hymn to Delos,1,60,True,LSSLSSLSSLSSLSSLL,LSSLSSLSSLSSLSSLL,0.5,1,1,correption,ε:L:position ο:S:nature ε:S:nature η:L:nature ε:S:nature α:S:lexicon η:L:nature ι:S:lexicon αι:S:nature ου:L:nature α:S:unknown ο:S:nature ει:L:nature+position ε:S:nature ε:S:nature η:L:nature ω:L:line_final,"σπερχομένη μέγα δή τι καὶ οὐ φατόν, εἶργε δὲ Λητὼ"
Hymn to Delos,1,61,True,LSSLLLSSLSSLSSLL,LSSLLLSSLSSLSSLL,2.5,1,0,cluster_short;correption,ει:L:nature ο:S:nature ε:S:nature η:L:nature ω:L:nature ι:L:circumflex ι:S:properispomenon υ:S:lexicon ω:L:nature ε:S:nature οι:S:nature ει:L:nature α:S:lexicon ο:S:position ου:L:nature οι:L:line_final,τειρομένην ὠδῖσι· δύω δέ οἱ εἵατο φρουροὶ
Hymn to Delos,1,62,True,LSSLLLSSLSSLLLL,LSSLLLSSLSSLLLL,1.5,1,0,,αι:L:nature α:S:lexicon ε:S:nature ο:L:position ευ:L:nature ο:L:position ε:S:nature ο:S:nature ε:L:position ε:S:nature ο:S:nature η:L:nature ει:L:nature οι:L:nature ο:L:line_final,"γαῖαν ἐποπτεύοντες, ὁ μὲν πέδον ἠπείροιο"
Hymn to Delos,1,63,True,LSSLLLSSLSSLSSLL,LSSLLLSSLSSLSSLL,1.0,1,1,lexicon_overridden,η:L:nature ε:S:nature ο:S:nature υ:L:position η:L:nature η:L:nature+position ο:S:nature υ:S:lexicon η:L:nature ε:S:nature ι:S:lexicon η:L:nature ι:S:unknown ο:S:nature αι:L:nature ου:L:line_final,ἥμενος ὑψηλῆς κορυφῆς ἔπι Θρήικος Αἵμου
Hymn to Delos,1,64,True,LSSLSSLSSLSSLSSLL,LSSLSSLSSLSSLSSLL,0.5,1,1,correption,ου:L:nature ο:S:nature α:S:lexicon η:L:nature ε:S:nature υ:S:unknown α:L:position ε:S:nature υ:S:lexicon ε:L:position ε:S:nature ι:S:lexicon ω:L:nature ε:S:nature οι:S:nature ι:L:position ω:L:line_final,"θοῦρος Ἄρης ἐφύλασσε σὺν ἔντεσι, τὼ δέ οἱ ἵππω"
Hymn to Delos,1,65,True,LSSLSSLSSLSSLLLL,LSSLSSLSSLSSLLLL,1.5,1,2,,ε:L:position α:S:unknown υ:S:unknown ο:L:position ο:S:nature ε:S:nature α:L:lexicon ο:S:nature α:S:lexicon α:L:lexicon ε:S:nature ο:S:nature ηυ:L:nature ι:L:position ο:L:position ο:L:line_final,ἑπτάμυχον βορέαο παρὰ σπέος ηὐλίζοντο·
Hymn to Delos,1,66,True,LSSLLLSSLSSLLLL,LSSLLLSSLSSLLLL,1.5,1,2,,η:L:nature ε:S:nature ι:S:lexicon η:L:nature α:L:unknown ω:L:nature ε:S:nature ε:S:nature η:L:nature+position ο:S:nature ο:S:nature ευ:L:nature ει:L:nature α:L:unknown ω:L:line_final,ἡ δ’ ἐπὶ νησάων ἑτέρη σκοπὸς εὐρειάων
Hymn to Delos,1,67,True,LSSLLLSSLLLSSLL,LSSLLLSSLLLSSLL,0.0,1,3,,η:L:nature+position ο:S:nature ο:S:nature η:L:nature αυ:L:nature α:L:position ο:S:nature ε:S:nature α:L:unknown ι:L:position α:L:unknown α:S:antepenult_accent ι:S:unknown α:L:position ι:L:antepenult_accent,ἧστο κόρη Θαύμαντος ἐπαΐξασα Μίμαντι.
Hymn to Delos,1,68,True,LLLSSLSSLSSLSSLL,LLLSSLSSLSSLSSLL,0.0,1,1,,ε:L:position οι:L:nature ε:L:position ο:S:nature ι:S:unknown ε:L:position ι:S:antepenult_accent ο:S:nature αι:L:nature ε:S:nature ε:S:nature α:L:position ε:S:nature ο:S:nature η:L:nature ω:L:line_final,ἔνθ’ οἱ μὲν πολίεσσιν ὅσαις ἐπεβάλλετο Λητὼ
Hymn to Delos,1,69,True,LSSLLLSSLLLSSLL,LSSLLLSSLLLSSLL,0.0,1,1,,ι:L:paroxytone_short_ultima ο:S:nature α:S:lexicon ει:L:nature η:L:nature η:L:nature ε:S:nature α:S:unknown ε:L:position ω:L:nature ω:L:nature+position ε:S:nature ε:S:nature ε:L:position αι:L:line_final,"μίμνον ἀπειλητῆρες, ἀπετρώπων δὲ δέχεσθαι."
Hymn to Delos,1,70,True,LSSLSSLLLSSLSSLL,LSSLSSLLLSSLSSLL,0.0,1,2,,ευ:L:nature ε:S:nature ε:S:nature α:L:position α:S:unknown ι:S:unknown η:L:nature ευ:L:nature ε:L:position ο:S:nature ο:S:nature ι:L:lexicon ε:S:nature ο:S:nature αυ:L:nature η:L:line_final,"φεῦγε μὲν Ἀρκαδίη, φεῦγεν δ’ ὄρος ἱερὸν Αὔγης"
Hymn to Delos,1,71,True,LSSLLLSSLSSLSSLL,LSSLLLSSLSSLSSLL,0.0,1,0,,α:L:position ε:S:nature ι:S:lexicon ο:L:position ευ:L:nature ε:L:position ο:S:nature ε:S:nature ω:L:nature+position ε:S:nature ο:S:nature ι:L:position ε:S:nature ε:S:nature ει:L:nature ο:L:line_final,"Παρθένιον, φεῦγεν δ’ ὁ γέρων μετόπισθε Φενειός."
Hymn to Delos,1,72,True,LSSLSSLSSLSSLSSLL,LSSLSSLSSLSSLSSLL,0.5,1,4,correption,ευ:L:nature ε:S:nature ο:S:nature η:L:nature ε:S:nature ο:S:nature η:L:nature ι:S:unknown ο:S:nature η:L:nature α:S:unknown α:S:unknown ε:L:position ι:S:unknown αι:S:nature ι:L:position ω:L:line_final,"φεῦγε δ’ ὅλη Πελοπηὶς ὅση παρακέκλιται Ἰσθμῷ,"
Hymn to Delos,1,73,True,LLLSSLSSLSSLSSLL,LLLSSLSSLSSLSSLL,0.5,1,2,correption,ε:L:position η:L:nature αι:L:nature ι:S:unknown α:S:unknown ου:L:nature ε:S:nature αι:S:nature α:L:position ε:S:nature ο:S:nature ου:L:nature α:S:lexicon ε:S:nature ει:L:nature α:L:line_final,ἔμπλην Αἰγιαλοῦ τε καὶ Ἄργεος· οὐ γὰρ ἐκείνας
Hymn to Delos,1,74,True,LSSLSSLSSLSSLSSLL,LSSLSSLSSLSSLSSLL,0.0,1,5,,α:L:position α:S:unknown ι:S:unknown ου:L:nature ε:S:nature α:S:unknown η:L:nature ε:S:nature ε:S:nature ει:L:nature α:S:lexicon ε:S:nature ι:L:unknown α:S:unknown ο:S:nature η:L:nature η:L:line_final,"ἀτραπιτοὺς ἐπάτησεν, ἐπεὶ λάχεν Ἴναχον Ἥρη."
Hymn to Delos,1,75,True,LSSLSSLSSLSSLSSLL,LSSLSSLSSLSSLSSLL,0.5,1,2,correption,ευ:L:nature ε:S:nature αι:S:nature α:L:unknown ο:S:nature ι:S:unknown η:L:nature ο:S:nature ε:S:nature α:L:lexicon ο:S:nature ο:S:nature αι:L:nature ε:S:nature ε:S:nature ο:L:position ο:L:line_final,"φεῦγε καὶ Ἀονίη τὸν ἕνα δρόμον, αἱ δ’ ἐφέποντο"
Hymn to Delos,1,76,True,LLLSSLSSLLLSSLL,LLLSSLSSLLLSSLL,0.0,1,2,,ι:L:position η:L:nature ε:L:position ο:S:nature ι:S:unknown η:L:nature ε:S:nature ε:S:nature α:L:position η:L:nature ι:L:unknown ο:S:nature ε:S:nature ου:L:nature αι:L:line_final,Δίρκη τε Στροφίη τε μελαμψήφιδος ἔχουσαι
Hymn to Delos,1,77,True,LLLSSLSSLSSLSSLL,LLLSSLSSLSSLSSLL,0.0,1,1,,ι:L:position η:L:nature ου:L:nature ε:S:nature α:S:unknown α:L:lexicon ο:S:nature ο:S:nature ει:L:nature ε:S:nature ο:S:nature ο:L:position ο:S:nature ο:S:nature ι:L:lexicon ε:L:line_final,"Ἰσμηνοῦ χέρα πατρός, ὁ δ’ εἵπετο πολλὸν ὄπισθεν"
Hymn to Delos,1,78,True,LLLSSLSSLSSLSSLL,LLLSSLSSLSSLSSLL,0.0,1,3,,α:L:unknown ω:L:nature ο:L:position α:S:unknown υ:S:unknown ου:L:nature ο:S:nature ε:S:nature ει:L:nature ε:S:nature α:S:lexicon α:L:position ο:S:nature ε:S:nature αυ:L:nature ω:L:line_final,"Ἀσωπὸς βαρύγουνος, ἐπεὶ πεπάλακτο κεραυνῷ."
Hymn to Delos,1,79,True,LSSLLLSSLSSLSSLL,LSSLLLSSLSSLSSLL,0.0,1,4,,η:L:nature υ:S:unknown ο:S:nature ι:L:unknown η:L:nature ει:L:nature α:S:properispomenon ο:S:nature ου:L:nature α:S:unknown ε:S:nature αυ:L:nature α:S:unknown ο:S:nature υ:L:position η:L:line_final,ἡ δ’ ὑποδινηθεῖσα χοροῦ ἀπεπαύσατο νύμφη
Hymn to Delos,1,80,True,LLLSSLSSLSSLSSLL,LLLSSLSSLSSLSSLL,0.5,1,2,correption,αυ:L:nature ο:L:position ω:L:nature+position ε:S:nature ι:S:lexicon η:L:nature αι:S:nature υ:S:unknown ο:L:position ο:S:nature ο:S:nature ε:L:position ε:S:nature α:S:unknown ει:L:nature η:L:line_final,αὐτόχθων Μελίη καὶ ὑπόχλοον ἔσχε παρειὴν
Hymn to Delos,1,81,True,LSSLLLSSLSSLSSLL,LSSLLLSSLSSLSSLL,0.0,1,2,,η:L:nature ι:S:unknown ο:S:nature α:L:position αι:L:nature ου:L:nature α:S:antepenult_accent ε:S:nature ι:L:lexicon υ:S:unknown ο:S:nature ω:L:nature ι:S:lexicon ε:S:nature αι:L:nature η:L:line_final,"ἥλικος ἀσθμαίνουσα περὶ δρυός, ὡς ἴδε χαίτην"
Hymn to Delos,1,82,True,LSSLSSLSSLSSLSSLL,LSSLSSLSSLSSLSSLL,2.5,1,1,correption;lexicon_overridden,ει:L:nature ο:S:nature ε:S:nature η:L:nature ε:S:nature ι:S:unknown ω:L:nature ο:S:nature ε:S:nature αι:L:nature ε:S:nature αι:S:nature ει:L:nature α:S:lexicon ε:S:nature ου:L:nature αι:L:line_final,"σειομένην Ἑλικῶνος. ἐμαὶ θεαί, εἴπατε Μοῦσαι,"
Hymn to Delos,1,83,True,LSSLSSLSSLSSLSSLL,LSSLSSLSSLSSLSSLL,1.0,1,2,metrical_lengthening,η:L:nature ε:S:nature ε:S:nature ο:L:nature ε:S:nature ε:S:nature ο:L:position ο:S:nature ο:S:nature ε:L:position υ:S:lexicon ε:S:nature η:L:nature ι:S:unknown α:S:unknown υ:L:paroxytone_short_ultima αι:L:line_final,ἦ ῥ’ ἐτεὸν ἐγένοντο τότε δρύες ἡνίκα Νύμφαι;
Hymn to Delos,1,84,True,LLLLLSSLSSLSSLL,LLLLLSSLSSLSSLL,0.0,1,2,,υ:L:paroxytone_short_ultima αι:L:nature ε:L:position αι:L:nature ου:L:nature ι:S:antepenult_accent ο:S:nature ε:L:position υ:S:unknown α:S:unknown ο:L:position ο:S:nature α:S:lexicon ε:L:position ει:L:line_final,"νύμφαι μὲν χαίρουσιν, ὅτε δρύας ὄμβρος ἀέξει,"
Hymn to Delos,1,85,True,LLLLLSSLSSLSSLL,LLLLLSSLSSLSSLL,0.0,1,0,,υ:L:paroxytone_short_ultima αι:L:nature αυ:L:nature+position αι:L:nature ου:L:nature ι:S:antepenult_accent ο:S:nature ε:L:position υ:S:lexicon ι:S:lexicon ου:L:nature ε:S:nature ι:S:lexicon υ:L:paroxytone_short_ultima α:L:lexicon,"νύμφαι δ’ αὖ κλαίουσιν, ὅτε δρυσὶν οὐκέτι φύλλα."
Hymn to Delos,1,86,True,LSSLLLSSLSSLSSLL,LSSLLLSSLSSLSSLL,1.0,1,2,lexicon_overridden,αι:L:nature+position ε:S:nature ε:S:nature α:L:lexicon ο:L:position ω:L:nature υ:S:unknown ο:S:nature ο:L:position ι:S:unknown ο:S:nature αι:L:nature α:S:lexicon ο:S:nature ω:L:nature η:L:line_final,"ταῖς μὲν ἔτ’ Ἀπόλλων ὑποκόλπιος αἰνὰ χολώθη,"
Hymn to Delos,1,87,True,LSSLSSLSSLLLSSLL,LSSLSSLSSLLLSSLL,0.0,1,0,,ε:L:position α:S:lexicon ο:S:nature ου:L:nature α:S:lexicon ε:S:nature ε:L:position ο:S:nature α:S:lexicon ει:L:nature η:L:nature α:L:lexicon ε:S:nature ι:S:lexicon η:L:nature η:L:line_final,φθέγξατο δ’ οὐκ ἀτέλεστον ἀπειλήσας ἐπὶ Θήβῃ·
Hymn to Delos,1,88,True,LLLSSLSSLSSLSSLL,LLLSSLSSLSSLSSLL,0.0,1,1,,η:L:nature η:L:nature ι:L:paroxytone_short_ultima ε:S:nature α:S:unknown αι:L:nature α:S:antepenult_accent ο:S:nature αυ:L:nature ι:S:lexicon α:S:lexicon ο:L:position ο:S:nature ε:S:nature ε:L:position ει:L:line_final,"Θήβη, τίπτε τάλαινα τὸν αὐτίκα πότμον ἐλέγχεις;"
Hymn to Delos,1,89,True,LLLSSLSSLSSLLLL,LLLSSLSSLSSLLLL,1.5,1,1,,η:L:nature ω:L:nature η:L:nature α:S:lexicon ε:S:nature ο:L:position α:S:lexicon ι:S:unknown α:L:position ε:S:nature ο:S:nature α:L:position ευ:L:nature ε:L:position αι:L:line_final,μήπω μή μ’ ἀέκοντα βιάζεο μαντεύεσθαι.
Hymn to Delos,1,90,True,LLLLLSSLSSLSSLL,LLLLLSSLSSLSSLL,0.0,1,3,,ου:L:nature ω:L:nature οι:L:nature υ:L:unknown ω:L:nature ι:S:properispomenon ε:S:nature ει:L:nature+position ι:S:unknown ο:S:nature η:L:nature ι:S:unknown ο:S:nature ε:L:position η:L:line_final,"οὔπω μοι Πυθῶνι μέλει τριποδήιος ἕδρη,"
Hymn to Delos,1,91,True,LSSLLLSSLSSLSSLL,LSSLLLSSLSSLSSLL,0.0,1,0,,ου:L:nature ε:S:nature ι:S:lexicon ω:L:nature ε:L:position η:L:nature ε:S:nature ο:S:nature ι:L:position ε:S:nature α:S:lexicon α:L:position ε:S:nature ι:S:lexicon ει:L:nature ο:L:line_final,"οὐδέ τί πω τέθνηκεν ὄφις μέγας, ἀλλ’ ἔτι κεῖνο"
Hymn to Delos,1,92,True,LSSLSSLSSLLLSSLL,LSSLSSLSSLLLSSLL,0.0,1,1,,η:L:nature ι:S:paroxytone_short_ultima ο:S:nature αι:L:nature ο:S:nature ε:S:nature ει:L:nature ο:S:nature α:S:lexicon ο:L:position ει:L:nature+position οι:L:nature ο:S:nature α:S:unknown ε:L:position ο:L:line_final,θηρίον αἰνογένειον ἀπὸ Πλειστοῖο καθέρπον
Hymn to Delos,1,93,True,LLLSSLSSLSSLSSLL,LLLSSLSSLSSLSSLL,1.5,1,0,correption,α:L:position η:L:nature ο:L:position ι:S:lexicon ο:S:nature ε:L:position α:S:lexicon ε:S:nature ι:L:position ε:S:nature ει:S:nature ε:L:position ε:S:nature α:S:lexicon υ:L:paroxytone_short_ultima οι:L:line_final,Παρνησὸν νιφόεντα περιστέφει ἐννέα κύκλοις·
Hymn to Delos,1,94,True,LLLSSLSSLSSLSSLL,LLLSSLSSLSSLSSLL,0.0,1,0,,α:L:position ε:L:position η:L:nature ε:S:nature ε:S:nature ω:L:nature ι:S:lexicon ο:S:nature ω:L:nature ε:S:nature ο:S:nature η:L:nature α:S:lexicon ο:S:nature α:L:position η:L:line_final,ἀλλ’ ἔμπης ἐρέω τι τομώτερον ἢ ἀπὸ δάφνης.
Hymn to Delos,1,95,True,LSSLSSLSSLSSLSSLL,LSSLSSLSSLSSLSSLL,1.5,1,2,cluster_short;correption,ευ:L:nature ε:S:position ο:S:nature ω:L:nature α:S:unknown ι:S:unknown ο:L:position ε:S:nature ι:S:lexicon η:L:nature ο:S:nature αι:S:nature αι:L:nature α:S:lexicon ι:S:lexicon ου:L:nature ω:L:line_final,φεῦγε πρόσω· ταχινός σε κιχήσομαι αἵματι λούσων
Hymn to Delos,1,96,True,LSSLSSLSSLLLSSLL,LSSLSSLSSLLLSSLL,0.0,1,1,,ο:L:position ο:S:nature ε:S:nature ο:L:position υ:S:lexicon ε:S:nature ε:L:position α:S:lexicon α:S:unknown ο:L:position ω:L:nature+position οι:L:nature ο:S:nature υ:S:lexicon αι:L:nature ο:L:line_final,τόξον ἐμόν· σὺ δὲ τέκνα κακογλώσσοιο γυναικὸς
Hymn to Delos,1,97,True,LSSLSSLSSLSSLSSLL,LSSLSSLSSLSSLSSLL,0.0,1,2,,ε:L:position α:S:unknown ε:S:nature ου:L:nature υ:S:lexicon ε:S:nature ει:L:nature ο:S:nature ι:S:lexicon η:L:nature+position ο:S:nature ο:S:nature ου:L:nature ε:S:nature ι:S:unknown αι:L:nature ω:L:line_final,ἔλλαχεσ. οὐ σύ γ’ ἐμεῖο φίλη τροφὸς οὐδὲ Κιθαιρὼν
Hymn to Delos,1,98,True,LSSLSSLSSLSSLSSLL,LSSLSSLSSLSSLSSLL,3.0,1,2,correption,ε:L:position ε:S:nature αι:S:nature ευ:L:nature α:S:unknown ε:S:nature ω:L:nature+position ε:S:nature αι:S:nature ευ:L:nature α:S:unknown ε:S:nature ε:L:position ι:S:antepenult_accent ε:S:nature οι:L:nature η:L:line_final,ἔσσεται· εὐαγέων δὲ καὶ εὐαγέεσσι μελοίμην.
Hymn to Delos,1,99,True,LSSLLLSSLSSLSSLL,LSSLLLSSLSSLSSLL,0.0,1,0,,ω:L:nature α:S:lexicon ε:S:nature η:L:nature η:L:nature ω:L:nature ε:S:nature ε:S:nature α:L:position ο:S:nature ο:S:nature αυ:L:nature ι:S:lexicon ε:S:nature ω:L:nature ει:L:line_final,ὣς ἄρ’ ἔφη. Λητὼ δὲ μετάτροπος αὖτις ἐχώρει.
Hymn to Delos,1,100,True,LSSLSSLSSLLLSSLL,LSSLSSLSSLLLSSLL,0.0,1,3,,α:L:position ο:S:nature α:S:unknown αι:L:nature ι:S:unknown α:S:paroxytone_short_ultima ε:L:position ι:S:lexicon α:S:unknown η:L:nature+position η:L:nature α:L:position ο:S:nature ο:S:nature η:L:nature ε:L:line_final,ἀλλ’ ὅτ’ Ἀχαιιάδες μιν ἀπηρνήσαντο πόληες
Hymn to Delos,1,101,True,LSSLSSLSSLLLSSLL,LSSLSSLSSLLLSSLL,0.0,1,0,,ε:L:position ο:S:nature ε:S:nature η:L:nature ε:S:nature ι:S:lexicon η:L:nature ε:S:nature ο:S:nature ει:L:nature α:L:lexicon ω:L:nature ο:S:nature ε:S:nature αι:L:nature η:L:line_final,"ἐρχομένην, Ἑλίκη τε Ποσειδάωνος ἑταίρη"
Hymn to Delos,1,102,True,LSSLSSLSSLSSLSSLL,LSSLSSLSSLSSLSSLL,0.0,1,6,,ου:L:nature α:S:unknown ε:S:nature ε:L:position α:S:unknown ε:S:nature οι:L:nature ο:S:nature ο:S:nature ο:L:position α:S:unknown ι:S:antepenult_accent οι:L:nature ι:S:unknown α:S:unknown α:L:unknown ο:L:line_final,"Βοῦρά τε Δεξαμενοῖο βοόστασις Οἰκιάδαο,"
Hymn to Delos,1,103,True,LSSLSSLSSLSSLSSLL,LSSLSSLSSLSSLSSLL,0.0,1,3,,α:L:position ε:S:nature ι:S:lexicon ε:L:position α:S:unknown ι:S:unknown η:L:nature+position ο:S:nature α:S:lexicon ε:L:position ε:S:nature ε:S:nature ευ:L:nature ε:S:nature α:S:unknown αυ:L:nature ο:L:line_final,"ἂψ δ’ ἐπὶ Θεσσαλίην πόδας ἔτρεπε, φεῦγε δ’ Ἄναυρος"
Hymn to Delos,1,104,True,LSSLLLSSLLLSSLL,LSSLLLSSLLLSSLL,0.5,1,2,correption,αι:L:nature ε:S:nature α:S:lexicon η:L:nature α:L:unknown ι:L:unknown α:S:antepenult_accent αι:S:nature αι:L:nature ει:L:nature ω:L:nature ι:S:paroxytone_short_ultima ε:S:nature α:L:paroxytone_short_ultima αι:L:line_final,"καὶ μεγάλη Λάρισα καὶ αἱ Χειρωνίδες ἄκραι,"
Hymn to Delos,1,105,True,LSSLLLSSLSSLSSLL,LSSLLLSSLSSLSSLL,2.0,1,0,synizesis;synizesis,ευ:L:nature ε:S:nature ε:S:nature αι:L:nature η:L:nature ει:L:nature ο:S:nature ε:S:nature ι:L:position ο:S:nature ε:S:nature ο:L:position ι:S:lexicon α:S:lexicon ε:L:position εω:L:synizesis,φεῦγε δὲ καὶ Πηνειὸς ἑλισσόμενος διὰ Τεμπέων.
Hymn to Delos,1,106,True,LLLSSLSSLSSLSSLL,LLLSSLSSLSSLSSLL,0.0,1,1,,η:L:nature η:L:nature οι:L:nature ε:S:nature ι:S:lexicon η:L:nature ο:S:nature α:S:unknown η:L:nature ε:S:nature ε:S:nature η:L:nature ο:S:nature ε:S:nature ει:L:nature ο:L:line_final,"Ἥρη, σοὶ δ’ ἔτι τῆμος ἀνηλεὲς ἦτορ ἔκειτο"
Hymn to Delos,1,107,True,LSSLLLSSLSSLSSLL,LSSLLLSSLSSLSSLL,0.5,1,4,correption,ου:L:nature ε:S:nature α:S:unknown ε:L:position α:L:position η:L:nature+position ε:S:nature αι:S:nature ω:L:nature+position ι:S:unknown α:S:antepenult_accent η:L:nature ι:S:unknown α:S:unknown η:L:nature ει:L:line_final,"οὐδὲ κατεκλάσθης τε καὶ ᾤκτισας, ἡνίκα πήχεις"
Hymn to Delos,1,108,True,LSSLSSLSSLLLSSLL,LSSLSSLSSLLLSSLL,0.0,1,2,,α:L:position ο:S:nature ε:S:nature ου:L:nature ο:S:nature ε:S:nature ου:L:nature α:S:antepenult_accent α:S:unknown η:L:nature ε:L:position ε:L:position α:S:unknown ο:S:nature οι:L:nature α:L:lexicon,ἀμφοτέρους ὀρέγουσα μάτην ἐφθέγξατο τοῖα
Hymn to Delos,1,109,True,LLLSSLSSLSSLSSLL,LLLSSLSSLSSLSSLL,1.0,1,1,lexicon_overridden,υ:L:paroxytone_short_ultima αι:L:nature ε:L:position α:S:unknown ι:S:paroxytone_short_ultima ε:L:position ο:S:nature α:S:lexicon ου:L:nature ε:S:nature ο:S:nature ει:L:nature α:S:lexicon ε:S:nature α:L:lexicon ι:L:lexicon,"Νύμφαι Θεσσαλίδες, ποταμοῦ γένος, εἴπατε πατρὶ"
Hymn to Delos,1,110,True,LLLSSLSSLLLSSLL,LLLSSLSSLLLSSLL,0.0,1,0,,οι:L:nature η:L:nature αι:L:nature ε:S:nature α:S:lexicon ευ:L:nature α:S:lexicon ε:S:nature ι:L:position ε:L:position α:L:position ε:S:nature ε:S:nature ει:L:nature ω:L:line_final,κοιμῆσαι μέγα χεῦμα· περιπλέξασθε γενείῳ
Hymn to Delos,1,111,True,LSSLLLSSLSSLSSLL,LSSLLLSSLSSLSSLL,2.0,1,0,lexicon_overridden,ι:L:position ο:S:nature ε:S:nature αι:L:nature α:L:lexicon η:L:nature ο:S:nature ε:S:nature υ:L:lexicon α:S:lexicon ι:S:lexicon ε:L:position α:S:lexicon ε:S:nature ε:L:position αι:L:line_final,λισσόμεναι τὰ Ζηνὸς ἐν ὕδατι τέκνα τεκέσθαι.
Hymn to Delos,1,112,True,LLLLLSSLSSLSSLL,LLLLLSSLSSLSSLL,0.0,1,1,,η:L:nature ει:L:nature ε:L:position ι:L:unknown ω:L:nature α:S:properispomenon ι:S:lexicon υ:L:lexicon α:S:lexicon ε:S:nature οι:L:nature ι:S:lexicon ε:S:nature ι:L:position ει:L:line_final,"Πηνειὲ Φθιῶτα, τί νῦν ἀνέμοισιν ἐρίζεις;"
Hymn to Delos,1,113,True,LSSLLLSSLSSLSSLL,LSSLLLSSLSSLSSLL,0.0,1,0,,ω:L:nature α:S:lexicon ε:S:nature ου:L:nature η:L:nature ι:L:paroxytone_short_ultima ο:S:nature α:S:lexicon ε:L:position ι:S:lexicon ο:S:nature α:L:position ι:S:lexicon ε:S:nature η:L:nature α:L:lexicon,"ὦ πάτερ, οὐ μὴν ἵππον ἀέθλιον ἀμφιβέβηκας."
Hymn to Delos,1,114,True,LSSLLLSSLSSLSSLL,LSSLLLSSLSSLSSLL,0.5,1,2,correption,η:L:nature α:S:lexicon οι:S:nature ω:L:nature αι:L:nature ει:L:nature α:S:unknown ι:S:unknown οι:L:nature ο:S:nature ε:S:nature η:L:nature ε:S:nature ε:S:nature ει:L:nature ο:L:line_final,"ἦ ῥά τοι ὧδ’ αἰεὶ ταχινοὶ πόδες, ἢ ἐπ’ ἐμεῖο"
Hymn to Delos,1,115,True,LSSLLLSSLLLSSLL,LSSLLLSSLLLSSLL,1.5,1,0,correption,ου:L:nature οι:S:nature ε:S:nature α:L:position ι:L:position ου:L:nature ι:S:antepenult_accent ε:S:nature οι:L:nature η:L:nature αι:L:nature ε:S:nature ε:S:nature ε:L:position αι:L:line_final,"μοῦνοι ἐλαφρίζουσι, πεποίησαι δὲ πέτεσθαι"
Hymn to Delos,1,116,True,LSSLSSLSSLSSLSSLL,LSSLSSLSSLSSLSSLL,0.0,1,1,,η:L:nature ε:S:nature ο:S:nature ε:L:position α:S:lexicon ι:S:lexicon η:L:nature ο:S:nature α:S:unknown η:L:nature ο:S:nature ο:S:nature ω:L:nature ε:S:nature ο:S:nature α:L:paroxytone_short_ultima ο:L:line_final,"σήμερον ἐξαπίνης; ὁ δ’ ἀνήκοος. ὦ ἐμὸν ἄχθος,"
Hymn to Delos,1,117,True,LSSLSSLSSLLLSSLL,LSSLSSLSSLLLSSLL,0.0,1,2,,οι:L:nature ε:S:nature ε:S:nature ω:L:nature ε:S:nature ε:S:nature οι:L:nature α:S:lexicon α:S:unknown ει:L:nature η:L:nature α:L:unknown ι:S:antepenult_accent ε:S:nature ο:L:position ε:L:line_final,ποῖ σε φέρω; μέλεοι γὰρ ἀπειρήκασι τένοντες.
Hymn to Delos,1,118,True,LSSLSSLLLSSLSSLL,LSSLSSLLLSSLSSLL,0.0,1,3,,η:L:nature ι:S:lexicon ο:S:nature ω:L:nature ι:S:unknown υ:S:unknown η:L:nature+position υ:L:position η:L:nature ι:S:unknown ο:S:nature α:L:position α:S:lexicon υ:S:lexicon ει:L:nature ο:L:line_final,"Πήλιον ὦ Φιλύρης νυμφήιον, ἀλλὰ σὺ μεῖνον,"
Hymn to Delos,1,119,True,LSSLLLSSLSSLSSLL,LSSLLLSSLSSLSSLL,0.0,1,0,,ει:L:nature ο:S:nature ε:S:nature ει:L:nature αι:L:nature η:L:nature ε:S:nature ε:S:nature ου:L:nature ε:S:nature ι:S:lexicon ο:L:position α:S:lexicon ι:S:lexicon ει:L:nature ο:L:line_final,"μεῖνον, ἐπεὶ καὶ θῆρες ἐν οὔρεσι πολλάκι σεῖο"
Hymn to Delos,1,120,True,LSSLLLSSLLLSSLL,LSSLLLSSLLLSSLL,0.0,1,1,,ω:L:nature ο:S:nature ο:S:nature ου:L:nature ω:L:nature ι:L:lexicon α:S:lexicon α:S:unknown η:L:nature ει:L:nature α:L:position ο:S:nature ε:S:nature αι:L:nature αι:L:line_final,ὠμοτόκους ὠδῖνας ἀπηρείσαντο λέαιναι.
Hymn to Delos,1,121,True,LSSLLLSSLSSLSSLL,LSSLLLSSLSSLSSLL,0.0,1,0,,η:L:nature+position α:S:lexicon α:S:lexicon αι:L:nature η:L:nature ει:L:nature ο:S:nature α:S:lexicon ει:L:nature ε:S:nature ο:S:nature α:L:position υ:S:lexicon α:S:lexicon ει:L:nature ω:L:line_final,τὴν δ’ ἄρα καὶ Πηνειὸς ἀμείβετο δάκρυα λείβων
Hymn to Delos,1,122,True,LSSLLLSSLSSLSSLL,LSSLLLSSLSSLSSLL,0.5,1,0,correption,η:L:nature οι:S:nature α:S:lexicon α:L:position αι:L:nature η:L:nature ε:S:nature α:S:lexicon η:L:nature ε:S:nature ο:S:nature ου:L:nature α:S:lexicon ε:S:nature ω:L:nature ε:L:line_final,"Λητοῖ, Ἀναγκαίη μεγάλη θεός. οὐ γὰρ ἔγωγε"
Hymn to Delos,1,123,True,LSSLLLSSLSSLSSLL,LSSLLLSSLSSLSSLL,3.0,1,0,correption;lexicon_overridden,ο:L:position ι:S:lexicon α:S:lexicon α:L:lexicon ω:L:nature ι:L:lexicon α:S:lexicon α:S:lexicon αι:L:nature ο:S:nature αι:S:nature οι:L:nature α:S:lexicon αι:S:nature α:L:paroxytone_short_ultima α:L:lexicon,πότνια σὰς ὠδῖνας ἀναίνομαι· οἶδα καὶ ἄλλας
Hymn to Delos,1,124,True,LSSLSSLSSLSSLSSLL,LSSLSSLSSLSSLSSLL,0.5,1,4,correption,ου:L:nature α:S:unknown ε:S:nature α:L:unknown α:S:lexicon ε:S:nature ει:L:nature ο:S:nature ε:S:nature ω:L:nature ι:S:unknown α:S:unknown α:L:position α:S:lexicon οι:S:nature η:L:nature η:L:line_final,λουσαμένας ἀπ’ ἐμεῖο λεχωίδας· ἀλλά μοι Ἥρη
Hymn to Delos,1,125,True,LSSLLLSSLSSLSSLL,LSSLLLSSLSSLSSLL,1.5,1,3,correption,α:L:position ι:S:unknown ε:S:nature η:L:nature ει:L:nature η:L:nature ε:S:nature α:S:unknown αυ:L:nature α:S:unknown αι:S:nature οι:L:nature ο:S:nature ε:S:nature ε:L:position ο:L:line_final,"δαψιλὲς ἠπείλησεν. ἀπαύγασαι, οἷος ἔφεδρος"
Hymn to Delos,1,126,True,LSSLSSLSSLSSLSSLL,LSSLSSLSSLSSLSSLL,1.5,1,2,correption,ου:L:nature ε:S:nature ο:S:nature ε:L:position υ:S:unknown α:S:unknown ου:L:nature+position ο:S:nature ι:S:lexicon η:L:nature ε:S:nature ει:S:nature ο:L:position ε:S:nature ε:S:nature ει:L:nature α:L:lexicon,"οὔρεος ἐξ ὑπάτου σκοπιὴν ἔχει, ὅς κέ με ῥεῖα"
Hymn to Delos,1,127,True,LSSLSSLSSLSSLSSLL,LSSLSSLSSLSSLSSLL,0.5,1,1,correption,υ:L:position ο:S:nature ε:S:nature ε:L:position ε:S:nature υ:S:unknown ει:L:nature ε:S:nature ι:S:lexicon η:L:nature ο:S:nature αι:S:nature η:L:nature α:S:lexicon ο:S:nature ε:L:position αι:L:line_final,βυσσόθεν ἐξερύσειε. τί μήσομαι; ἢ ἀπολέσθαι
Hymn to Delos,1,128,True,LSSLLLSSLLLSSLL,LSSLLLSSLLLSSLL,0.0,1,1,,η:L:nature υ:S:unknown ι:S:lexicon οι:L:nature η:L:nature ει:L:nature ο:S:nature ι:S:lexicon ω:L:nature ε:L:position ω:L:nature ε:S:nature ο:S:nature η:L:nature α:L:lexicon,ἡδύ τί τοι Πηνειόν; ἴτω πεπρωμένον ἦμαρ·
Hymn to Delos,1,129,True,LSSLSSLSSLLLSSLL,LSSLSSLSSLLLSSLL,3.0,1,0,correption,η:L:nature ο:S:nature αι:S:nature ει:L:nature ε:S:nature α:S:lexicon ει:L:nature ο:S:nature αι:S:nature ει:L:nature ε:L:position οι:L:nature ι:S:antepenult_accent ο:S:nature α:L:lexicon ω:L:line_final,τλήσομαι εἵνεκα σεῖο καὶ εἰ μέλλοιμι ῥοάων
Hymn to Delos,1,130,True,LSSLLLSSLLLSSLL,LSSLLLSSLLLSSLL,0.0,1,2,,ι:L:position α:S:unknown ε:S:nature η:L:nature α:L:position ω:L:nature ι:S:antepenult_accent ε:S:nature ω:L:nature αι:L:nature ω:L:nature ι:S:unknown ο:S:nature ε:L:position ει:L:line_final,διψαλέην ἄμπωτιν ἔχων αἰώνιον ἔρρειν
Hymn to Delos,1,131,True,LSSLSSLSSLSSLSSLL,LSSLSSLSSLSSLSSLL,0.0,1,4,,αι:L:nature ο:S:nature ο:S:nature ε:L:position ο:S:nature α:S:unknown οι:L:nature ι:S:properispomenon α:S:unknown ι:L:unknown ο:S:nature α:S:unknown ο:L:position α:S:lexicon ε:S:nature ε:L:position αι:L:line_final,καὶ μόνος ἐν ποταμοῖσιν ἀτιμότατος καλέεσθαι.
Hymn to Delos,1,132,True,LSSLSSLSSLSSLLLL,LSSLSSLSSLSSLLLL,1.5,1,2,,η:L:nature ι:S:unknown ε:S:nature ω:L:nature ι:S:lexicon ε:S:nature ι:L:position α:S:unknown α:S:lexicon ει:L:nature ο:S:nature ο:S:nature ει:L:nature η:L:nature υι:L:nature α:L:antepenult_accent,ἠνίδ’ ἐγώ· τί περισσά; κάλει μόνον Εἰλήθυιαν.
Hymn to Delos,1,133,True,LSSLLLSSLSSLSSLL,LSSLLLSSLSSLSSLL,2.0,1,0,correption;lexicon_overridden,ει:L:nature ε:S:nature αι:S:nature η:L:nature ω:L:nature η:L:nature ε:S:nature ε:S:nature α:L:position ο:S:nature ο:S:nature α:L:position α:S:lexicon οι:S:nature α:L:lexicon η:L:line_final,εἶπε καὶ ἠρώησε μέμαν ῥόον. ἀλλά οἱ Ἄρης
Hymn to Delos,1,134,True,LLLSSLSSLSSLSSLL,LLLSSLSSLSSLSSLL,0.0,1,0,,α:L:position αι:L:nature ου:L:nature+position ο:S:nature ε:S:nature υ:L:position α:S:lexicon α:S:lexicon η:L:nature α:S:lexicon α:S:lexicon ε:L:position ε:S:nature α:S:lexicon ει:L:nature α:L:lexicon,Παγγαίου προθέλυμνα καρήατα μέλλεν ἀείρας
Hymn to Delos,1,135,True,LSSLLLSSLLLSSLL,LSSLLLSSLLLSSLL,0.0,1,1,,ε:L:position α:S:lexicon ε:S:nature ει:L:nature+position ι:L:unknown η:L:nature ι:S:antepenult_accent α:S:lexicon ο:L:position υ:L:paroxytone_short_ultima αι:L:nature ε:S:nature ε:S:nature ε:L:position α:L:lexicon,"ἐμβαλέειν δίνῃσιν, ἀποκρύψαι δὲ ῥέεθρα·"
Hymn to Delos,1,136,True,LSSLSSLSSLSSLSSLL,LSSLSSLSSLSSLSSLL,0.5,1,2,correption,υ:L:position ο:S:nature ε:S:nature ε:L:position α:S:unknown α:S:unknown η:L:nature ε:S:nature αι:S:nature α:L:position ι:S:lexicon α:S:lexicon υ:L:paroxytone_short_ultima ε:S:nature α:S:lexicon ω:L:nature η:L:line_final,ὑψόθε δ’ ἐσμαράγησε καὶ ἀσπίδα τύψεν ἀκωκῇ
Hymn to Delos,1,137,True,LSSLSSLSSLSSLSSLL,LSSLSSLSSLSSLSSLL,0.0,1,1,,ου:L:nature α:S:lexicon ο:S:nature η:L:nature ε:S:nature ε:S:nature ι:L:position ε:S:nature ε:S:nature ο:L:position ι:S:unknown ο:S:nature ε:L:position ε:S:nature ε:S:nature ο:L:position η:L:line_final,δούρατος· ἡ δ’ ἐλέλιξεν ἐνόπλιον· ἔτρεμε δ’ Ὄσσης
Hymn to Delos,1,138,True,LSSLSSLLLSSLSSLL,LSSLSSLLLSSLSSLL,0.0,1,3,,ου:L:nature ε:S:nature α:S:lexicon αι:L:nature ε:S:nature ι:S:lexicon ο:L:position α:L:position ω:L:nature ι:S:unknown ο:S:nature αι:L:nature ε:S:nature υ:S:unknown α:L:unknown ει:L:line_final,οὔρεα καὶ πεδίον Κραννώνιον αἵ τε δυσαεῖς
Hymn to Delos,1,139,True,LSSLLLSSLLLSSLL,LSSLLLSSLLLSSLL,0.0,1,3,,ε:L:position α:S:unknown ι:S:unknown αι:L:nature ι:L:position οι:L:nature ο:S:nature ο:S:nature ω:L:nature ω:L:nature+position η:L:nature α:S:unknown ο:S:nature α:L:lexicon α:L:lexicon,"ἐσχατιαὶ Πίνδοιο, φόβῳ δ’ ὠρχήσατο πᾶσα"
Hymn to Delos,1,140,True,LSSLLLSSLSSLSSLL,LSSLLLSSLSSLSSLL,0.0,1,2,,ε:L:position α:S:unknown ι:S:unknown η:L:nature οι:L:nature ο:L:position α:S:lexicon α:S:lexicon α:L:position ι:S:lexicon ο:S:nature ε:L:position ε:S:nature ε:S:nature η:L:nature ο:L:line_final,Θεσσαλίη· τοῖος γὰρ ἀπ’ ἀσπίδος ἔβρεμεν ἦχος.
Hymn to Delos,1,141,True,LSSLLLSSLSSLSSLL,LSSLLLSSLSSLSSLL,0.0,1,1,,ω:L:nature+position ο:S:nature ο:S:nature αι:L:nature+position αι:L:nature ου:L:nature ο:S:nature ε:S:nature ο:L:position υ:S:lexicon ι:S:lexicon υ:L:unknown ο:S:nature ε:S:nature οι:L:nature ο:L:line_final,ὡς δ’ ὁπότ’ Αἰτναίου ὄρεος πυρὶ τυφομένοιο
Hymn to Delos,1,142,True,LLLSSLSSLLLSSLL,LLLSSLSSLLLSSLL,0.0,1,4,,ει:L:nature ο:L:position αι:L:nature υ:S:unknown α:S:unknown α:L:lexicon α:S:lexicon α:S:unknown ου:L:nature αι:L:nature οι:L:nature ο:S:nature ι:S:unknown α:L:position ο:L:line_final,σείονται μυχὰ πάντα κατουδαίοιο γίγαντος
Hymn to Delos,1,143,True,LSSLSSLSSLSSLSSLL,LSSLSSLSSLSSLSSLL,0.0,1,4,,ει:L:nature ε:S:nature ε:S:nature η:L:nature+position ι:S:unknown α:S:unknown η:L:nature ο:S:nature ε:S:nature ω:L:nature ι:S:unknown α:S:unknown ι:L:lexicon υ:S:lexicon ε:S:nature οι:L:nature ο:L:line_final,"εἰς ἑτέρην Βριαρῆος ἐπωμίδα κινυμένοιο,"
Hymn to Delos,1,144,True,LLLSSLSSLLLSSLL,LLLSSLSSLLLSSLL,1.0,1,1,cluster_short,ε:L:position α:L:paroxytone_short_ultima αι:L:nature ε:S:position ε:S:nature ου:L:nature ι:S:antepenult_accent υ:S:lexicon η:L:nature αι:L:nature+position οι:L:nature ο:S:nature υ:S:unknown α:L:position η:L:line_final,θερμάστραι τε βρέμουσιν ὑφ’ Ἡφαίστοιο πυράγρης
Hymn to Delos,1,145,True,LSSLLLSSLLLSSLL,LSSLLLSSLLLSSLL,0.0,1,1,,ε:L:position α:S:lexicon ο:S:nature ου:L:nature ει:L:nature ο:L:position ε:S:nature υ:S:unknown ι:L:position η:L:nature οι:L:nature ε:S:nature ε:S:nature η:L:nature ε:L:line_final,"ἔργα θ’ ὁμοῦ, δεινὸν δὲ πυρίκμητοί τε λέβητες"
Hymn to Delos,1,146,True,LSSLLLSSLLLSSLL,LSSLLLSSLLLSSLL,0.0,1,3,,αι:L:nature+position ι:S:unknown ο:S:nature ε:L:position ι:L:position ο:L:position ε:S:nature ε:S:nature α:L:position η:L:nature οι:L:nature ι:S:unknown α:S:unknown ευ:L:nature ι:L:properispomenon,καὶ τρίποδες πίπτοντες ἐπ’ ἀλλήλοις ἰαχεῦσι·
Hymn to Delos,1,147,True,LSSLSSLSSLSSLLLL,LSSLSSLSSLSSLLLL,1.5,1,0,,η:L:nature ο:S:nature ε:S:nature ε:L:position α:S:lexicon α:S:lexicon ο:L:position α:S:lexicon ε:S:nature ο:L:position ο:S:nature ο:S:nature ευ:L:nature υ:L:position οι:L:nature ο:L:line_final,τῆμος ἔγεντ’ ἄραβος σάκεος τόσος εὐκύκλοιο.
Hymn to Delos,1,148,True,LLLLLSSLSSLSSLL,LLLLLSSLSSLSSLL,0.0,1,0,,η:L:nature ει:L:nature ο:L:position ου:L:nature αυ:L:nature ι:S:lexicon ε:S:nature α:L:position ε:S:nature ο:S:nature ι:L:paroxytone_short_ultima ε:S:nature ο:S:nature οι:L:nature ω:L:line_final,"Πηνειὸς δ’ οὐκ αὖτις ἐχάζετο, μίμνε δ’ ὁμοίως"
Hymn to Delos,1,149,True,LSSLLLSSLLLSSLL,LSSLLLSSLLLSSLL,0.0,1,1,,α:L:position ε:S:nature ο:S:nature ω:L:nature+position α:L:lexicon ω:L:nature α:S:lexicon ο:S:nature α:L:lexicon ε:L:position η:L:nature α:S:unknown ο:S:nature ι:L:lexicon α:L:line_final,"καρτερὸς ὡς τὰ πρῶτα, θοὰς δ’ ἐστήσατο δίνας,"
Hymn to Delos,1,150,True,LSSLLLSSLSSLSSLL,LSSLLLSSLSSLSSLL,0.0,1,1,,ει:L:nature ο:S:nature ε:S:nature οι:L:nature οι:L:nature η:L:nature ι:S:unknown ε:S:nature ε:L:position ε:S:nature ο:S:nature ω:L:nature+position ε:S:nature ο:S:nature αι:L:nature ω:L:line_final,"εἰσόκε οἱ Κοιηὶς ἐκέκλετο σῴζεο χαίρων,"
Hymn to Delos,1,151,True,LSSLSSLSSLSSLSSLL,LSSLSSLSSLSSLSSLL,0.0,1,1,,ω:L:nature+position ε:S:nature ο:S:nature η:L:nature υ:S:lexicon ε:S:nature ει:L:nature ο:S:nature α:S:unknown η:L:nature+position α:S:lexicon ο:S:nature ει:L:nature ε:S:nature α:S:lexicon η:L:nature+position ε:L:line_final,σῴζεο· μὴ σύ γ’ ἐμεῖο πάθῃς κακὸν εἵνεκα τῆσδε
Hymn to Delos,1,152,True,LSSLSSLSSLSSLSSLL,LSSLSSLSSLSSLSSLL,1.5,1,4,correption,α:L:position ε:S:nature ε:S:nature η:L:nature ο:S:nature υ:S:unknown η:L:nature+position α:S:unknown ι:S:unknown ο:L:position ε:S:nature οι:S:nature ε:L:position ε:S:nature α:S:unknown οι:L:nature η:L:line_final,"ἀντ’ ἐλεημοσύνης, χάριτος δέ τοι ἔσσετ’ ἀμοιβή."
Hymn to Delos,1,153,True,LLLSSLSSLSSLSSLL,LLLSSLSSLSSLSSLL,0.0,1,1,,η:L:nature αι:L:nature ο:L:position α:S:lexicon α:S:lexicon οι:L:nature ε:S:nature ε:S:nature ει:L:nature α:S:paroxytone_short_ultima ε:S:nature ε:L:position ι:S:unknown ε:S:nature η:L:nature ου:L:line_final,ἦ καὶ πολλὰ πάροιθεν ἐπεὶ κάμεν ἔστιχε νήσους
Hymn to Delos,1,154,True,LSSLLLSSLSSLSSLL,LSSLLLSSLSSLSSLL,0.0,1,3,,ει:L:nature α:S:unknown ι:S:unknown α:L:unknown αι:L:nature ου:L:nature ι:S:lexicon ε:S:nature ε:L:position ο:S:nature ε:S:nature η:L:nature ε:S:nature ε:S:nature ο:L:position ο:L:line_final,"εἰναλίας· αἱ δ’ οὔ μιν ἐπερχομένην ἐδέχοντο,"
Hymn to Delos,1,155,True,LSSLLLSSLSSLSSLL,LSSLLLSSLSSLSSLL,0.0,1,3,,ου:L:nature ι:S:unknown α:S:unknown ο:L:position η:L:nature ε:L:position ι:S:lexicon ε:S:nature ι:L:unknown α:S:paroxytone_short_ultima ε:S:nature ο:L:position ο:S:nature ε:S:nature ου:L:nature αι:L:line_final,"οὐ λιπαρὸν νήεσσιν Ἐχινάδες ὅρμον ἔχουσαι,"
Hymn to Delos,1,156,True,LLLLLSSLLLSSLL,LLLLLSSLLLSSLL,0.5,1,3,correption,ου:L:nature η:L:nature ι:L:lexicon ε:L:position υ:L:unknown α:S:antepenult_accent ι:S:unknown ο:L:position ει:L:nature ω:L:nature α:S:unknown η:S:nature α:L:position ω:L:line_final,"οὐδ’ ἥτις Κέρκυρα φιλοξεινωτάτη ἄλλων,"
Hymn to Delos,1,157,True,LSSLLLSSLLLSSLL,LSSLLLSSLLLSSLL,0.0,1,1,,ι:L:lexicon ι:S:lexicon ε:S:nature ει:L:nature α:L:lexicon η:L:nature ι:S:lexicon ε:S:nature υ:L:position η:L:nature οι:L:nature ο:S:nature ι:S:unknown α:L:position ο:L:line_final,Ἶρις ἐπεὶ πάσῃσιν ἐφ’ ὑψηλοῖο Μίμαντος
Hymn to Delos,1,158,True,LSSLSSLSSLSSLSSLL,LSSLSSLSSLSSLSSLL,0.0,1,2,,ε:L:position ο:S:nature ε:S:nature η:L:nature α:S:lexicon α:S:lexicon ο:L:position ο:S:nature α:S:unknown ε:L:position α:S:unknown ε:S:nature αι:L:nature υ:S:lexicon ο:S:nature ο:L:position η:L:line_final,σπερχομένη μάλα πολλὸν ἀπέτραπεν· αἱ δ’ ὑπ’ ὁμοκλῆς
Hymn to Delos,1,159,True,LSSLSSLSSLSSLSSLL,LSSLSSLSSLSSLSSLL,1.0,1,1,lexicon_overridden,α:L:position υ:S:lexicon ι:S:lexicon η:L:nature ο:S:nature ε:S:nature ο:L:position ο:S:nature α:S:lexicon α:L:lexicon ο:S:nature ο:S:nature η:L:nature+position ι:S:unknown α:S:antepenult_accent ε:L:position οι:L:line_final,πανσυδίῃ φοβέοντο κατὰ ῥόον ἥντινα τέτμοι.
Hymn to Delos,1,160,True,LSSLLLSSLSSLSSLL,LSSLLLSSLSSLSSLL,0.0,1,4,,ω:L:nature υ:S:unknown ι:S:unknown η:L:nature+position η:L:nature ει:L:nature α:S:antepenult_accent ο:S:nature ω:L:nature+position ε:S:nature ο:S:nature η:L:nature ι:S:unknown α:S:unknown η:L:nature ο:L:line_final,"ὠγυγίην δἤπειτα Κόων, Μεροπηίδα νῆσον,"
Hymn to Delos,1,161,True,LSSLSSLSSLSSLLLL,LSSLSSLSSLSSLLLL,2.5,1,3,lexicon_overridden,ι:L:lexicon ε:S:nature ο:S:nature α:L:position ι:S:unknown ο:S:nature η:L:nature ι:S:lexicon ε:S:nature ο:L:position υ:S:unknown ο:S:nature η:L:nature ω:L:nature ι:L:unknown η:L:line_final,"ἵκετο, Χαλκιόπης ἱερὸν μυχὸν ἡρωίνης."
Hymn to Delos,1,162,True,LSSLSSLSSLSSLSSLL,LSSLSSLSSLSSLSSLL,0.0,1,1,,α:L:position α:S:lexicon ε:S:nature αι:L:nature ο:S:nature ε:S:nature υ:L:unknown ε:S:nature ε:S:nature ο:L:position ο:S:nature ε:S:nature η:L:nature υ:S:lexicon ε:S:nature η:L:nature ε:L:line_final,"ἀλλά ἑ παιδὸς ἔρυκεν ἔπος τόδε μὴ σύ γε, μῆτερ,"
Hymn to Delos,1,163,True,LSSLLLSSLSSLSSLL,LSSLLLSSLSSLSSLL,0.5,1,1,correption,η:L:nature ε:S:nature ε:S:nature οι:L:nature ου:L:nature ου:L:nature ε:S:nature ι:S:unknown ε:L:position ο:S:nature αι:S:nature ου:L:nature ε:S:nature ε:S:nature αι:L:nature ω:L:line_final,τῇ με τέκοις. οὔτ’ οὖν ἐπιμέμφομαι οὐδὲ μεγαίρω
Hymn to Delos,1,164,True,LSSLSSLSSLSSLSSLL,LSSLSSLSSLSSLSSLL,1.5,1,2,correption,η:L:nature ο:S:nature ε:S:nature ει:L:nature ι:S:unknown α:S:unknown η:L:nature ε:S:nature αι:S:nature ευ:L:nature ο:S:nature ο:S:nature ει:L:nature υ:S:lexicon ι:S:lexicon α:L:position η:L:line_final,"νῆσον, ἐπεὶ λιπαρή τε καὶ εὔβοτος, εἴ νύ τις ἄλλη·"
Hymn to Delos,1,165,True,LSSLLLSSLSSLSSLL,LSSLLLSSLSSLSSLL,3.5,1,0,synizesis;correption;synizesis,α:L:position α:S:lexicon οι:S:nature ε:L:position οι:L:nature εω:L:synizesis ι:S:lexicon ο:S:nature ει:L:nature ο:S:nature ε:S:nature ο:L:position ε:S:nature ο:S:nature α:L:paroxytone_short_ultima ο:L:line_final,ἀλλά οἱ ἐκ Μοιρέων τις ὀφειλόμενος θεὸς ἄλλος
Hymn to Delos,1,166,True,LSSLLLSSLSSLSSLL,LSSLLLSSLSSLSSLL,0.0,1,1,,ε:L:position ι:S:lexicon α:S:unknown ω:L:nature η:L:nature ω:L:nature υ:S:lexicon α:S:lexicon ο:L:position ε:S:nature ο:S:nature ω:L:nature υ:S:lexicon ο:S:nature ι:L:position η:L:line_final,"ἐστί, Σαωτήρων ὕπατον γένος· ᾧ ὑπὸ μίτρην"
Hymn to Delos,1,167,True,LSSLSSLSSLSSLSSLL,LSSLSSLSSLSSLSSLL,0.5,1,4,correption,ι:L:lexicon ε:S:nature αι:S:nature ου:L:nature α:S:unknown ε:S:nature ου:L:nature α:S:antepenult_accent α:S:unknown η:L:nature ο:S:nature ι:S:unknown οι:L:nature α:S:unknown ε:S:nature ε:L:position αι:L:line_final,ἵξεται οὐκ ἀέκουσα Μακηδόνι κοιρανέεσθαι
Hymn to Delos,1,168,True,LSSLSSLSSLSSLSSLL,LSSLSSLSSLSSLSSLL,0.5,1,2,correption,α:L:position ο:S:nature ε:S:nature η:L:nature ε:S:nature ο:S:nature ει:L:nature α:S:antepenult_accent αι:S:nature αι:L:nature ε:S:nature α:S:unknown ε:L:position ι:S:antepenult_accent α:S:unknown η:L:nature+position αι:L:line_final,"ἀμφοτέρη μεσόγεια καὶ αἳ πελάγεσσι κάθηνται,"
Hymn to Delos,1,169,True,LSSLSSLSSLSSLSSLL,LSSLSSLSSLSSLSSLL,0.5,1,1,correption,ε:L:position ι:S:lexicon ο:S:nature ου:L:nature ε:S:nature α:S:unknown η:L:nature ε:S:nature αι:S:nature ο:L:position ο:S:nature ε:S:nature ω:L:nature ε:S:nature ε:S:nature ι:L:paroxytone_short_ultima οι:L:line_final,μέχρις ὅπου περάτη τε καὶ ὁππόθεν ὠκέες ἵπποι
Hymn to Delos,1,170,True,LSSLSSLSSLSSLSSLL,LSSLSSLSSLSSLSSLL,0.5,1,0,correption,η:L:nature ε:S:nature ι:S:lexicon ο:L:position ο:S:nature ε:S:nature ου:L:nature ι:S:lexicon ο:S:nature ει:L:nature ε:S:nature αι:S:nature η:L:nature ε:S:nature α:S:lexicon α:L:lexicon ο:L:line_final,ἠέλιον φορέουσιν· ὁ δ’ εἴσεται ἤθεα πατρός.
Hymn to Delos,1,171,True,LSSLLLSSLSSLSSLL,LSSLLLSSLSSLSSLL,0.5,1,1,correption,αι:L:nature υ:S:lexicon ο:S:nature ε:L:position υ:L:unknown ο:L:position ι:S:lexicon ε:S:nature ευ:L:nature ε:S:nature αι:S:nature α:L:paroxytone_short_ultima ι:S:lexicon α:S:lexicon ε:L:position ο:L:line_final,καί νύ ποτε ξυνός τις ἐλεύσεται ἄμμιν ἄεθλος
Hymn to Delos,1,172,True,LSSLSSLSSLLLSSLL,LSSLSSLSSLLLSSLL,0.0,1,0,,υ:L:position ε:S:nature ο:S:nature ο:L:position ο:S:nature α:S:lexicon οι:L:nature ε:S:nature ε:S:nature ε:L:position η:L:nature ε:L:position ι:S:antepenult_accent α:S:lexicon αι:L:nature α:L:lexicon,"ὕστερον, ὁππότ’ ἂν οἱ μὲν ἐφ’ Ἑλλήνεσσι μάχαιραν"
Hymn to Delos,1,173,True,LSSLLLSSLLLSSLL,LSSLLLSSLLLSSLL,0.0,1,3,,α:L:position α:S:unknown ι:S:unknown η:L:nature+position αι:L:nature ε:L:position ο:S:nature α:S:unknown α:L:position η:L:nature α:L:position ε:S:nature α:S:lexicon η:L:nature α:L:lexicon,βαρβαρικὴν καὶ Κελτὸν ἀναστήσαντες Ἄρηα
Hymn to Delos,1,174,True,LSSLLLSSLSSLSSLL,LSSLLLSSLSSLSSLL,1.5,1,2,correption,ο:L:position ι:S:unknown ο:S:nature οι:L:nature ι:L:lexicon η:L:nature ε:S:nature α:S:lexicon ε:L:position ε:S:nature ου:S:nature ε:L:position α:S:unknown ο:S:nature ω:L:nature+position ο:L:line_final,ὀψίγονοι Τιτῆνες ἀφ’ ἑσπέρου ἐσχατόωντος
Hymn to Delos,1,175,True,LLLSSLSSLSSLSSLL,LLLSSLSSLSSLSSLL,0.0,1,2,,ω:L:nature ω:L:nature+position αι:L:nature ι:S:lexicon α:S:lexicon ε:L:position ι:S:lexicon ε:S:nature οι:L:nature ο:S:nature ε:S:nature η:L:nature ι:S:unknown α:S:unknown ι:L:position οι:L:line_final,ῥώσωνται νιφάδεσσιν ἐοικότες ἢ ἰσάριθμοι
Hymn to Delos,1,176,True,LSSLSSLSSLSSLSSLL,LSSLSSLSSLSSLSSLL,1.0,1,1,cluster_short,ει:L:nature ε:S:nature ι:S:antepenult_accent η:L:nature ι:S:unknown α:S:position ει:L:nature+position α:S:lexicon α:S:lexicon η:L:nature ε:S:nature α:S:lexicon ου:L:nature ο:S:nature ε:S:nature ο:L:position αι:L:line_final,"τείρεσιν, ἡνίκα πλεῖστα κατ’ ἠέρα βουκολέονται,"
Hymn to Delos,1,177,True,LSSLLLLLLLSSLL,LSSLLLLLLLSSLL,0.0,1,1,,ου:L:nature ι:S:unknown α:S:antepenult_accent αι:L:nature ω:L:nature αι:L:nature ο:L:position ω:L:nature+position αι:L:nature ε:L:position ι:S:paroxytone_short_ultima ε:S:nature α:L:paroxytone_short_ultima αι:L:line_final,φρούρια καὶ κῶμαι Λοκρῶν καὶ Δελφίδες ἄκραι
Hymn to Delos,1,178,True,LSSLLLSSLLLSSLL,LSSLLLSSLLLSSLL,0.5,1,1,correption,αι:L:nature ε:S:nature ι:S:lexicon α:L:lexicon ι:L:position αι:L:nature α:S:properispomenon αι:S:nature η:L:nature ει:L:nature οι:L:nature ο:S:nature α:S:unknown α:L:position ε:L:line_final,καὶ πεδία Κρισσαῖα καὶ ἠπείροιο φάραγγες
Hymn to Delos,1,179,True,LSSLLLSSLSSLSSLL,LSSLLLSSLSSLSSLL,1.5,1,1,correption,α:L:position ι:S:unknown ε:S:nature ι:L:position ει:L:nature ω:L:nature+position αι:S:nature ι:S:lexicon ω:L:nature ι:S:lexicon ε:S:nature ι:L:lexicon ο:S:nature α:S:lexicon α:L:position ο:L:line_final,"ἀμφιπεριστείνωνται, ἴδωσι δὲ πίονα καπνὸν"
Hymn to Delos,1,180,True,LSSLSSLSSLSSLSSLL,LSSLSSLSSLSSLSSLL,0.5,1,1,correption,ει:L:nature ο:S:nature ο:S:nature αι:L:nature ο:S:nature ε:S:nature οι:L:nature ο:S:nature αι:S:nature ου:L:nature ε:S:nature ι:S:lexicon ου:L:nature ο:S:nature α:S:unknown ου:L:nature η:L:line_final,"γείτονος αἰθομένοιο, καὶ οὐκέτι μοῦνον ἀκουῇ,"
Hymn to Delos,1,181,True,LLLSSLSSLLLSSLL,LLLSSLSSLLLSSLL,0.0,1,1,,α:L:position η:L:nature η:L:nature α:S:lexicon α:S:lexicon η:L:nature ο:S:nature α:S:unknown αυ:L:nature α:L:position οι:L:nature+position ο:S:nature α:S:lexicon α:L:position α:L:lexicon,ἀλλ’ ἤδη παρὰ νηὸν ἀπαυγάζοιντο φάλαγγας
Hymn to Delos,1,182,True,LSSLLLSSLSSLSSLL,LSSLLLSSLSSLSSLL,0.0,1,1,,υ:L:position ε:S:nature ε:S:nature ω:L:nature η:L:nature η:L:nature ε:S:nature α:S:lexicon α:L:lexicon ι:S:unknown ο:S:nature ε:L:position ι:S:antepenult_accent ε:S:nature ει:L:nature ο:L:line_final,"δυσμενέων, ἤδη δὲ παρὰ τριπόδεσσιν ἐμεῖο"
Hymn to Delos,1,183,True,LSSLLLSSLSSLSSLL,LSSLLLSSLSSLSSLL,0.0,1,2,,α:L:position α:S:lexicon α:S:lexicon αι:L:nature+position ω:L:nature+position η:L:nature α:S:properispomenon α:S:unknown αι:L:nature ε:S:nature α:S:unknown ε:L:position ο:S:nature ε:S:nature α:L:position ε:L:line_final,φάσγανα καὶ ζωστῆρας ἀναιδέας ἐχθομένας τε
Hymn to Delos,1,184,True,LSSLSSLSSLSSLSSLL,LSSLSSLSSLSSLSSLL,0.0,1,3,,α:L:position ι:S:lexicon α:S:lexicon αι:L:nature α:S:unknown α:S:unknown η:L:nature ι:S:antepenult_accent α:S:lexicon η:L:nature ο:S:nature ο:S:nature α:L:position ο:S:nature ι:S:lexicon υ:L:unknown ω:L:line_final,"ἀσπίδας, αἳ Γαλάτῃσι κακὴν ὁδὸν ἄφρονι φύλῳ"
Hymn to Delos,1,185,True,LLLLLSSLSSLSSLL,LLLLLSSLSSLSSLL,2.0,1,0,synizesis;synizesis,η:L:nature ο:L:position αι:L:nature εω:L:synizesis αι:L:nature ε:S:nature ε:S:nature οι:L:nature ε:S:nature α:S:lexicon αι:L:nature ε:S:nature ι:S:lexicon ει:L:nature ω:L:line_final,"στήσονται· τέων αἱ μὲν ἐμοὶ γέρας, αἱ δ’ ἐπὶ Νείλῳ"
Hymn to Delos,1,186,True,LSSLSSLSSLLLSSLL,LSSLSSLSSLLLSSLL,0.0,1,2,,ε:L:position υ:S:lexicon ι:S:lexicon ου:L:nature+position ο:S:nature ε:S:nature ο:L:position α:S:antepenult_accent α:S:unknown ο:L:position ευ:L:nature α:L:position α:S:antepenult_accent ι:S:unknown ου:L:nature αι:L:line_final,ἐν πυρὶ τοὺς φορέοντας ἀποπνεύσαντας ἰδοῦσαι
Hymn to Delos,1,187,True,LLLSSLSSLSSLSSLL,LLLSSLSSLSSLSSLL,0.0,1,1,,ει:L:nature ο:L:position αι:L:nature α:S:lexicon ι:S:lexicon η:L:nature ο:S:nature α:S:lexicon ε:L:position ι:S:lexicon α:S:lexicon ο:L:position α:S:lexicon α:S:unknown ο:L:position ο:L:line_final,κείσονται βασιλῆος ἀέθλια πολλὰ καμόντος.
Hymn to Delos,1,188,True,LSSLSSLSSLLLSSLL,LSSLSSLSSLLLSSLL,0.0,1,1,,ε:L:position ο:S:nature ε:S:nature ε:L:position ο:S:nature ε:S:nature αι:L:nature ε:S:nature α:S:lexicon οι:L:nature α:L:position η:L:nature ι:S:unknown α:S:antepenult_accent αι:L:nature ω:L:line_final,"ἐσσόμενε Πτολεμαῖε, τά τοι μαντήια φαίνω."
Hymn to Delos,1,189,True,LLLSSLSSLSSLSSLL,LLLSSLSSLSSLSSLL,0.0,1,1,,αι:L:nature η:L:nature ει:L:nature+position ε:S:nature α:S:lexicon η:L:nature ι:S:lexicon ο:S:nature ει:L:nature ε:S:nature ι:S:unknown α:L:position ε:S:nature ι:S:lexicon α:L:paroxytone_short_ultima ι:L:lexicon,αἰνήσεις μέγα δή τι τὸν εἰσέτι γαστέρι μάντιν
Hymn to Delos,1,190,True,LSSLSSLSSLLLSSLL,LSSLSSLSSLLLSSLL,0.0,1,0,,υ:L:position ε:S:nature ο:S:nature η:L:nature α:S:lexicon α:S:lexicon α:L:lexicon α:S:lexicon υ:S:lexicon ε:L:position υ:L:position α:L:position ε:S:nature ο:S:nature η:L:nature ε:L:line_final,"ὕστερον ἤματα πάντα. σὺ δὲ ξυμβάλλεο, μῆτερ·"
Hymn to Delos,1,191,True,LSSLSSLSSLSSLSSLL,LSSLSSLSSLSSLSSLL,2.0,1,2,lexicon_overridden,ε:L:position ι:S:lexicon ι:S:unknown ει:L:nature ο:S:nature ε:S:nature η:L:nature ι:S:lexicon ε:S:nature υ:L:lexicon α:S:lexicon ι:S:lexicon η:L:nature ο:S:nature α:S:unknown αι:L:nature η:L:line_final,"ἔστι διειδομένη τις ἐν ὕδατι νήσος ἀραιή,"
Hymn to Delos,1,192,True,LSSLSSLSSLSSLSSLL,LSSLSSLSSLSSLSSLL,0.5,1,1,correption,α:L:position ο:S:nature ε:S:nature η:L:nature ε:S:nature α:S:unknown ε:L:position ι:S:antepenult_accent ο:S:nature ε:L:position ε:S:nature οι:S:nature ου:L:nature ε:S:nature ι:S:lexicon ω:L:nature ω:L:line_final,"πλαζομένη πελάγεσσι· πόδες δέ οἱ οὐχ ἑνὶ χώρῳ,"
Hymn to Delos,1,193,True,LSSLLLSSLSSLSSLL,LSSLLLSSLSSLSSLL,2.5,1,3,correption;metrical_lengthening,α:L:position α:S:lexicon α:S:unknown ι:L:position οι:L:nature η:L:nature ε:S:nature ι:S:unknown η:L:nature ε:S:nature αι:S:nature α:L:position ε:S:nature ι:S:unknown ο:L:nature ω:L:line_final,"ἀλλὰ παλιρροίῃ ἐπινήχεται ἀνθέρικος ὥς,"
Hymn to Delos,1,194,True,LSSLLLSSLSSLSSLL,LSSLLLSSLSSLSSLL,1.0,1,0,metrical_lengthening,ε:L:position α:S:lexicon ο:S:nature ο:L:nature ε:L:position ευ:L:nature ο:S:nature ο:S:nature η:L:nature ο:S:nature ε:S:nature η:L:nature ι:S:antepenult_accent α:S:lexicon α:L:position α:L:lexicon,"ἔνθα νότος, ἔνθ’ εὖρος, ὅπη φορέῃσι θάλασσα."
Hymn to Delos,1,195,True,LSSLLLSSLSSLSSLL,LSSLLLSSLSSLSSLL,1.5,1,0,correption,η:L:nature ε:S:nature ε:S:nature οι:L:nature+position ει:L:nature η:L:nature+position α:S:lexicon ε:S:nature ευ:L:nature ε:S:nature αι:S:nature ει:L:nature ε:S:nature ε:S:nature ου:L:nature α:L:antepenult_accent,τῇ με φέροις· κείνην γὰρ ἐλεύσεαι εἰς ἐθέλουσαν.
Hymn to Delos,1,196,True,LLLSSLSSLSSLSSLL,LLLSSLSSLSSLSSLL,0.0,1,1,,αι:L:nature ε:L:position ο:L:position α:S:lexicon ε:S:nature ο:L:position ο:S:nature α:S:unknown ε:L:position ε:S:nature ο:S:nature ει:L:nature α:S:lexicon ι:S:lexicon η:L:nature οι:L:line_final,αἱ μὲν τόσσα λέγοντος ἀπέτρεχον εἰν ἁλὶ νῆσοι·
Hymn to Delos,1,197,True,LSSLSSLSSLLLSSLL,LSSLSSLSSLLLSSLL,0.0,1,3,,α:L:position ε:S:nature ι:S:unknown η:L:nature ι:S:unknown ο:S:nature ο:L:position ε:S:nature υ:S:lexicon ευ:L:nature οι:L:nature η:L:nature ε:S:nature α:S:unknown η:L:nature ει:L:line_final,"Ἀστερίη φιλόμολπε, σὺ δ’ Εὐβοίηθε κατῄεις,"
Hymn to Delos,1,198,True,LSSLSSLSSLSSLSSLL,LSSLSSLSSLSSLSSLL,0.0,1,5,,υ:L:position α:S:unknown α:S:unknown ο:L:position ο:S:nature ε:S:nature η:L:nature ε:S:nature ι:S:unknown η:L:nature ε:S:nature α:S:unknown ου:L:nature ι:S:lexicon α:S:unknown αι:L:nature ο:L:line_final,"Κυκλάδας ὀψομένη περιηγέας, οὔ τι παλαιόν,"
Hymn to Delos,1,199,True,LSSLSSLSSLSSLSSLL,LSSLSSLSSLSSLSSLL,0.0,1,1,,α:L:position ε:S:nature ι:S:lexicon οι:L:nature ε:S:nature ο:S:nature ι:L:position ε:S:nature ε:S:nature αι:L:nature+position ι:S:unknown ο:S:nature ει:L:nature ε:S:nature ο:S:nature υ:L:lexicon ο:L:line_final,ἀλλ’ ἔτι τοι μετόπισθε Γεραίστιον εἵπετο φῦκος·
Hymn to Delos,1,200,True,,,99.0,0,0,unmetrical,,
Hymn to Delos,1,201,True,LSSLSSLSSSL,LSSLSSLSSSL,99.0,0,2,unmetrical,ε:L:position α:S:unknown ε:S:nature ει:L:nature ε:S:nature ι:S:unknown αι:L:nature ε:S:nature ο:S:nature υ:S:lexicon ι:L:lexicon,". φλεξας ἐπεὶ περικαίεο πυρί,"
Hymn to Delos,1,202,True,LSSLLLSSLSSLSSLL,LSSLLLSSLSSLSSLL,0.0,1,3,,η:L:nature ο:S:nature υ:S:lexicon ω:L:nature ι:L:unknown ε:L:position ι:S:antepenult_accent α:S:unknown υ:L:unknown ο:S:nature ε:S:nature η:L:nature ο:S:nature ο:S:nature ω:L:nature α:L:antepenult_accent,τλήμον’ ὑπ’ ὠδίνεσσι βαρυνομένην ὁρόωσα·
Hymn to Delos,1,203,True,LLLSSLSSLSSLSSLL,LLLSSLSSLSSLSSLL,0.0,1,0,,η:L:nature η:L:nature ου:L:nature ο:S:nature ε:S:nature ε:L:position ο:S:nature ο:S:nature οι:L:nature ι:S:lexicon ο:S:nature ου:L:nature α:S:lexicon α:S:lexicon ει:L:nature α:L:lexicon,"Ἥρη, τοῦτό με ῥέξον ὅ τοι φίλον· οὐ γὰρ ἀπειλὰς"
Hymn to Delos,1,204,True,LSSLSSLSSLSSLSSLL,LSSLSSLSSLSSLSSLL,0.0,1,5,,υ:L:unknown ε:S:nature ε:S:nature α:L:unknown ε:S:nature υ:S:unknown α:L:position α:S:antepenult_accent ε:S:nature α:L:unknown ε:S:nature α:S:unknown ει:L:nature ε:S:nature ε:S:nature η:L:nature οι:L:line_final,"ὑμετέρας ἐφύλαξα· πέρα, πέρα εἰς ἐμὲ Λητοῖ."
Hymn to Delos,1,205,True,LSSLLLSSLSSLSSLL,LSSLLLSSLSSLSSLL,0.0,1,3,,ε:L:position ε:S:nature ε:S:nature η:L:nature α:L:lexicon η:L:nature ο:S:nature α:S:unknown η:L:nature α:S:unknown ε:S:nature αυ:L:nature α:S:unknown ο:S:nature υ:L:position η:L:line_final,"ἔννεπες· ἡ δ’ ἀρητὸν ἄλης ἀπεπαύσατο λυγρῆς,"
Hymn to Delos,1,206,True,LSSLLLSSLSSLSSLL,LSSLLLSSLSSLSSLL,1.0,1,1,lexicon_overridden,ε:L:position ε:S:nature ο:S:nature ι:L:unknown ω:L:nature οι:L:nature ο:S:nature α:S:lexicon α:L:lexicon ο:S:nature ο:S:nature ο:L:position ε:S:nature α:S:lexicon ι:L:position ο:L:line_final,"ἕζετο δ’ Ἰνωποῖο παρὰ ῥόον, ὅντε βάθιστον"
Hymn to Delos,1,207,True,LSSLSSLSSLLLSSLL,LSSLSSLSSLLLSSLL,0.0,1,2,,αι:L:nature α:S:lexicon ο:S:nature ε:L:position α:S:unknown ι:S:unknown η:L:nature ι:S:antepenult_accent ο:S:nature ε:L:position η:L:nature ο:L:position ι:S:lexicon ε:S:nature ε:L:position ω:L:line_final,"γαῖα τότ’ ἐξανίησιν, ὅτε πλήθοντι ῥεέθρῳ"
Hymn to Delos,1,208,True,LSSLLLSSLSSLSSLL,LSSLLLSSLSSLSSLL,0.5,1,2,correption,ει:L:nature ο:S:nature α:S:lexicon ο:L:position η:L:nature+position οι:L:nature ο:S:nature α:S:unknown ε:L:position ε:S:nature αι:S:nature αι:L:nature ι:S:unknown ο:S:nature η:L:nature ο:L:line_final,Νεῖλος ἀπὸ κρημνοῖο κατέρχεται Αἰθιοπῆος·
Hymn to Delos,1,209,True,LSSLLLSSLSSLSSLL,LSSLLLSSLSSLSSLL,1.5,1,4,correption,υ:L:unknown α:S:unknown ο:S:nature ε:L:position ω:L:nature η:L:nature α:S:lexicon ο:S:nature ε:L:position ι:S:unknown η:S:nature ε:L:position α:S:unknown ι:S:antepenult_accent ω:L:nature οι:L:line_final,"λύσατο δὲ ζώνην, ἀπὸ δ’ ἐκλίθη ἔμπαλιν ὤμοις"
Hymn to Delos,1,210,True,LLLSSLSSLSSLSSLL,LLLSSLSSLSSLSSLL,1.0,1,3,lexicon_overridden,οι:L:nature ι:L:lexicon ο:L:position ο:S:nature ι:S:lexicon ε:L:position ο:S:nature α:S:unknown η:L:nature α:S:unknown ι:S:unknown η:L:nature υ:S:lexicon ο:S:nature υ:L:position η:L:line_final,φοίνικος ποτὶ πρέμνον ἀμηχανίης ὑπὸ λυγρῆς
Hymn to Delos,1,211,True,LSSLSSLSSLSSLSSLL,LSSLSSLSSLSSLSSLL,0.0,1,0,,ει:L:nature ο:S:nature ε:S:nature η:L:nature ο:S:nature ι:S:lexicon ο:L:position ε:S:nature ι:S:lexicon α:L:lexicon ο:S:nature ο:S:nature ε:L:position ε:S:nature ε:S:nature ι:L:position ω:L:line_final,τειρομένη· νότιος δὲ διὰ χροὸς ἔρρεεν ἱδρώς.
Hymn to Delos,1,212,True,LSSLLLSSLSSLSSLL,LSSLLLSSLSSLSSLL,0.0,1,3,,ει:L:nature ε:S:nature α:S:unknown υ:L:position αι:L:nature ου:L:nature α:S:antepenult_accent ι:S:lexicon η:L:nature ε:S:nature α:S:lexicon ου:L:nature ε:S:nature α:S:unknown υ:L:unknown ει:L:line_final,"εἶπε δ’ ἀλυσθμαίνουσα τί μητέρα, κοῦρε, βαρύνεις;"
Hymn to Delos,1,213,True,LLLSSLSSLLLSSLL,LLLSSLSSLLLSSLL,0.0,1,0,,αυ:L:nature η:L:nature οι:L:nature ι:S:lexicon ε:S:nature η:L:nature ο:S:nature ε:S:nature ι:L:position ω:L:nature ου:L:nature α:S:antepenult_accent α:S:lexicon α:L:position η:L:line_final,"αὕτη τοι, φίλε, νῆσος ἐπιπλώουσα θαλάσσῃ."
Hymn to Delos,1,214,True,LSSLSSLSSLSSLSSLL,LSSLSSLSSLSSLSSLL,0.5,1,1,correption,ει:L:nature ε:S:nature ο:S:nature ει:L:nature ε:S:nature ο:S:nature ου:L:nature ε:S:nature αι:S:nature η:L:nature ι:S:lexicon ο:S:nature ε:L:position ι:S:unknown ι:S:antepenult_accent ο:L:position ου:L:line_final,"γείνεο, γείνεο, κοῦρε, καὶ ἤπιος ἔξιθι κόλπου."
Hymn to Delos,1,215,True,LSSLSSLSSLSSLSSLL,LSSLSSLSSLSSLSSLL,0.0,1,4,,υ:L:paroxytone_short_ultima α:S:lexicon ι:S:lexicon ο:L:position α:S:unknown υ:S:unknown υ:L:unknown ε:S:nature υ:S:lexicon ου:L:nature α:S:lexicon ε:S:nature ε:L:position ε:S:nature α:S:unknown υ:L:position ο:L:line_final,"νύμφα Διὸς βαρύθυμε, σὺ δ’ οὐκ ἄρ’ ἔμελλες ἄπυστος"
Hymn to Delos,1,216,True,LSSLLLSSLSSLSSLL,LSSLLLSSLSSLSSLL,1.0,1,2,cluster_short,η:L:nature ε:S:nature ε:S:nature αι:L:nature οι:L:nature η:L:nature ε:S:position ο:S:nature ε:L:position α:S:unknown ε:S:nature α:L:position ε:S:nature ι:S:unknown ω:L:nature ι:L:properispomenon,"δὴν ἔμεναι· τοίη σε προσέδραμεν ἀγγελιῶτις,"
Hymn to Delos,1,217,True,LSSLLLSSLSSLSSLL,LSSLLLSSLSSLSSLL,0.0,1,1,,ει:L:nature ε:S:nature ε:S:nature α:L:position αι:L:nature ου:L:nature α:S:antepenult_accent ο:S:nature ω:L:nature α:S:unknown ε:S:nature ι:L:position ε:S:nature ο:S:nature υ:L:lexicon ο:L:line_final,"εἶπε δ’ ἔτ’ ἀσθμαίνουσα, φόβῳ δ’ ἀνεμίσγετο μῦθος,"
Hymn to Delos,1,218,True,LLLLLSSLLLSSLL,LLLLLSSLLLSSLL,0.0,1,2,,η:L:nature η:L:nature ι:L:unknown η:L:nature ε:L:position α:S:unknown ο:S:nature υ:L:lexicon ου:L:nature ου:L:nature α:S:antepenult_accent ε:S:nature α:L:lexicon ω:L:line_final,"Ἥρη τιμηέσσα, πολὺ προὔχουσα θεάων"
Hymn to Delos,1,219,True,LSSLSSLSSLLLSSLL,LSSLSSLSSLLLSSLL,0.0,1,1,,η:L:nature ε:S:nature ε:S:nature ω:L:nature α:S:lexicon ε:S:nature α:L:lexicon α:S:lexicon υ:S:lexicon ε:L:position ει:L:nature ου:L:nature α:S:lexicon α:S:unknown η:L:nature αι:L:line_final,"σὴ μὲν ἐγώ, σὰ δὲ πάντα, σὺ δὲ κρείουσα κάθησαι"
Hymn to Delos,1,220,True,LSSLLLSSLSSLSSLL,LSSLLLSSLSSLSSLL,1.0,1,2,correption,η:L:nature ι:S:unknown η:S:nature ου:L:nature υ:L:position οι:L:nature ο:S:nature αι:S:nature ου:L:nature ε:S:nature α:S:unknown ει:L:nature ι:S:lexicon ε:S:nature α:L:position η:L:line_final,"γνησίη Οὐλύμποιο, καὶ οὐ χέρα δείδιμεν ἄλλην"
Hymn to Delos,1,221,True,LSSLSSLSSLSSLSSLL,LSSLSSLSSLSSLSSLL,0.5,1,3,correption,η:L:nature υ:S:unknown ε:S:nature η:L:nature+position υ:S:lexicon α:S:unknown α:L:position α:S:antepenult_accent ο:S:nature αι:L:nature ι:S:unknown ο:S:nature ει:L:nature ε:S:nature αι:S:nature ο:L:position η:L:line_final,"θηλυτέρην, σὺ δ’, ἄνασσα, τὸν αἴτιον εἴσεαι ὀργῆς."
Hymn to Delos,1,222,True,LLLLLSSLSSLSSLL,LLLLLSSLSSLSSLL,1.5,1,3,correption,η:L:nature ω:L:nature οι:L:nature ι:L:position η:L:nature α:S:unknown α:S:unknown υ:L:unknown ε:S:nature αι:S:nature ε:L:position ο:S:nature ι:S:lexicon η:L:nature ου:L:line_final,Λητώ τοι μίτρην ἀναλύεται ἔνδοθι νήσου.
Hymn to Delos,1,223,True,LLLLLSSLSSLSSLL,LLLLLSSLSSLSSLL,0.0,1,2,,α:L:paroxytone_short_ultima αι:L:nature ε:L:position α:L:lexicon αι:L:nature ι:S:lexicon α:S:unknown ε:L:position υ:S:unknown ο:S:nature ου:L:nature ε:S:nature ε:S:nature ο:L:position ο:L:line_final,ἄλλαι μὲν πᾶσαί μιν ἀπέστυγον οὐδ’ ἐδέχοντο·
Hymn to Delos,1,224,True,LSSLSSLSSLSSLSSLL,LSSLSSLSSLSSLSSLL,0.0,1,4,,α:L:position ε:S:nature ι:S:unknown η:L:nature ο:S:nature ο:S:nature α:L:position ι:S:unknown α:S:unknown ε:L:position ο:S:nature ε:S:nature η:L:nature ε:S:nature α:S:unknown ε:L:position ε:L:line_final,"Ἀστερίη δ’ ὀνομαστὶ παρερχομένην ἐκάλεσσεν,"
Hymn to Delos,1,225,True,LSSLLLSSLSSLSSLL,LSSLLLSSLSSLSSLL,0.5,1,1,correption,α:L:position ε:S:nature ι:S:unknown η:L:nature ο:L:position οι:L:nature ο:S:nature α:S:lexicon ο:L:position α:S:paroxytone_short_ultima ο:S:nature οι:L:nature+position α:S:lexicon αι:S:nature αυ:L:nature η:L:line_final,"Ἀστερίη, πόντοιο κακὸν σάρον· οἶσθα καὶ αὐτή."
Hymn to Delos,1,226,True,LSSLSSLSSLLLSSLL,LSSLSSLSSLLLSSLL,1.0,1,0,lexicon_overridden,α:L:position α:S:lexicon ι:S:lexicon η:L:nature υ:S:lexicon α:S:lexicon αι:L:nature α:S:lexicon α:S:lexicon υ:L:lexicon ει:L:nature+position ο:L:position ι:S:lexicon α:S:lexicon ου:L:nature οι:L:line_final,"ἀλλά, φίλη, δύνασαι γάρ, ἀμύνειν, πότνια, δούλοις"
Hymn to Delos,1,227,True,LSSLLLSSLSSLSSLL,LSSLLLSSLSSLSSLL,0.0,1,2,,υ:L:unknown ε:S:nature ε:S:nature οι:L:nature οι:L:nature ει:L:nature ο:S:nature ε:S:nature ο:L:position α:S:unknown ε:S:nature ου:L:nature ι:S:antepenult_accent ε:S:nature ε:L:position η:L:line_final,"ὑμετέροις, οἳ σεῖο πέδον πατέουσιν ἐφετμῇ."
Hymn to Delos,1,228,True,LSSLLLSSLSSLSSLL,LSSLLLSSLSSLSSLL,0.5,1,1,correption,η:L:nature αι:S:nature υ:S:lexicon ο:L:position υ:L:lexicon ει:L:nature ο:S:nature ε:S:nature ε:L:position ι:S:unknown ο:S:nature ι:L:circumflex ε:S:nature υ:S:lexicon ω:L:nature ω:L:line_final,"ἦ καὶ ὑπὸ χρύσειον ἐδέθλιον ἷζε κύων ὥς,"
Hymn to Delos,1,229,True,LSSLLLSSLSSLSSLL,LSSLLLSSLSSLSSLL,2.5,1,0,correption;metrical_lengthening,α:L:position ε:S:nature ι:S:lexicon ο:L:nature η:L:nature ι:L:lexicon ε:S:nature ο:S:nature η:L:nature ο:S:nature ε:S:nature αυ:L:nature ε:S:nature αι:S:nature α:L:position η:L:line_final,"Ἀρτέμιδος ἥτις τε, θοῆς ὅτε παύσεται ἄγρης,"
Hymn to Delos,1,230,True,LLLLLSSLSSLSSLL,LLLLLSSLSSLSSLL,0.0,1,0,,ι:L:position ει:L:nature η:L:nature η:L:nature ει:L:nature α:S:antepenult_accent α:S:lexicon ι:L:position ε:S:nature ι:S:antepenult_accent ου:L:nature α:S:lexicon α:S:lexicon αυ:L:nature η:L:line_final,"ἵζει θηρήτειρα παρ’ ἴχνεσιν, οὔατα δ’ αὐτῆς"
Hymn to Delos,1,231,True,LSSLSSLSSLSSLSSLL,LSSLSSLSSLSSLSSLL,0.5,1,1,correption,ο:L:position α:S:unknown α:S:lexicon αι:L:nature ε:S:nature ε:S:nature οι:L:nature α:S:lexicon ε:S:nature η:L:nature υ:S:lexicon ο:S:nature ε:L:position αι:S:nature ο:S:nature ο:L:position η:L:line_final,"ὀρθὰ μάλ’, αἰὲν ἑτοῖμα θεῆς ὑποδέχθαι ὀμοκλήν·"
Hymn to Delos,1,232,True,LSSLLLSSLSSLSSLL,LSSLLLSSLSSLSSLL,0.0,1,0,,η:L:nature ι:S:lexicon ε:S:nature η:L:nature αυ:L:nature α:L:position ο:S:nature υ:S:lexicon ο:L:position ο:S:nature ο:S:nature ι:L:position ε:S:nature ο:S:nature ου:L:nature η:L:line_final,τῇ ἰκέλη Θαύμαντος ὑπὸ θρόνον ἵζετο κούρη.
Hymn to Delos,1,233,True,LLLSSLSSLSSLSSLL,LLLSSLSSLSSLSSLL,1.5,1,0,correption,ει:L:nature η:L:nature ου:L:nature ε:S:nature ο:S:nature ε:L:position ε:S:nature ε:S:nature η:L:nature ε:S:nature ι:S:lexicon η:L:nature ε:S:nature αι:S:nature ε:L:position η:L:line_final,"κείνη δ’ οὐδέποτε σφετέρης ἐπιλήθεται ἕδρης,"
Hymn to Delos,1,234,True,LSSLLLSSLSSLSSLL,LSSLLLSSLSSLSSLL,0.0,1,0,,ου:L:nature ο:S:nature ε:S:nature οι:L:nature η:L:nature αι:L:nature ο:S:nature ε:S:nature ι:L:lexicon ε:S:nature ο:S:nature υ:L:paroxytone_short_ultima ο:S:nature ε:S:nature ει:L:nature η:L:line_final,"οὐδ’ ὅτε οἱ ληθαῖον ἐπὶ πτερὸν ὕπνος ἐρείσῃ,"
Hymn to Delos,1,235,True,LLLSSLSSLLLSSLL,LLLSSLSSLLLSSLL,1.0,1,0,lexicon_overridden,α:L:position αυ:L:nature ου:L:nature ε:S:nature α:S:lexicon οι:L:nature ο:S:nature ο:S:nature ι:L:lexicon ω:L:nature ι:L:lexicon α:S:lexicon ο:S:nature οι:L:nature ο:L:line_final,ἀλλ’ αὐτοῦ μεγάλοιο ποτὶ γλωχῖνα θρόνοιο
Hymn to Delos,1,236,True,LSSLLLSSLSSLSSLL,LSSLLLSSLSSLSSLL,0.0,1,4,,υ:L:position ο:S:nature α:S:unknown ο:L:position ι:L:unknown α:L:unknown α:S:antepenult_accent α:S:lexicon η:L:nature α:S:lexicon α:S:lexicon ε:L:position ι:S:unknown ο:S:nature ευ:L:nature ει:L:line_final,τυτθὸν ἀποκλίνασα καρήατα λέχριος εὕδει.
Hymn to Delos,1,237,True,LSSLLLSSLSSLSSLL,LSSLLLSSLSSLSSLL,0.5,1,4,correption,ου:L:nature ε:S:nature ο:S:nature ε:L:position ω:L:nature η:L:nature α:S:unknown α:S:unknown υ:L:unknown ε:S:nature αι:S:nature ου:L:nature ε:S:nature α:S:unknown ει:L:nature α:L:line_final,οὐδέ ποτε ζώνην ἀναλύεται οὐδὲ ταχείας
Hymn to Delos,1,238,True,LSSLLLSSLSSLSSLL,LSSLLLSSLSSLSSLL,1.5,1,3,correption;metrical_lengthening,ε:L:position ο:S:nature ι:S:unknown α:L:position η:L:nature οι:L:nature ι:S:lexicon αι:S:nature αι:L:nature+position ι:S:unknown ι:S:unknown ο:L:nature ε:S:nature ο:S:nature ει:L:nature η:L:line_final,"ἐνδρομίδας, μή οἵ τι καὶ αἰφνίδιον ἔπος εἴπῃ"
Hymn to Delos,1,239,True,LSSLSSLSSLLLSSLL,LSSLSSLSSLLLSSLL,1.0,1,4,override,ε:L:position ο:S:nature ι:S:unknown η:L:nature α:S:unknown ε:S:nature ει:L:nature ο:S:nature α:S:unknown α:L:position η:L:nature α:L:unknown α:S:antepenult_accent ο:S:nature ηυ:L:nature α:L:lexicon,δεσπότις. ἡ δ’ ἀλεγεινὸν ἀλαστήσασα προσηύδα
Hymn to Delos,1,240,True,LLLLLSSLSSLSSLL,LLLLLSSLSSLSSLL,0.0,1,1,,ου:L:nature ω:L:nature υ:L:lexicon ω:L:nature+position η:L:nature ο:S:nature ο:S:nature ει:L:nature ε:S:nature α:S:lexicon αι:L:nature α:S:unknown ε:S:nature οι:L:nature+position ε:L:line_final,"οὕτω νῦν, ὦ Ζηνὸς ὀνείδεα, καὶ γαμέοισθε"
Hymn to Delos,1,241,True,LSSLLLSSLSSLSSLL,LSSLLLSSLSSLSSLL,1.0,1,2,cluster_short,α:L:position ι:S:unknown α:S:antepenult_accent αι:L:nature ι:L:position οι:L:nature ε:S:nature ε:S:position υ:L:position ε:S:nature α:S:unknown η:L:nature ο:S:nature ι:S:lexicon ει:L:nature αι:L:line_final,"λάθρια καὶ τίκτοιτε κεκρυμμένα, μηδ’ ὅθι δειλαὶ"
Hymn to Delos,1,242,True,LSSLSSLSSLSSLSSLL,LSSLSSLSSLSSLSSLL,0.0,1,1,,υ:L:position ο:S:nature ε:S:nature ε:L:position ο:S:nature ε:S:nature ου:L:nature ι:S:antepenult_accent α:S:unknown ε:L:position ι:S:paroxytone_short_ultima ε:S:nature α:L:position ο:S:nature ι:S:lexicon ω:L:nature αι:L:line_final,"δυστοκέες μογέουσιν ἀλετρίδες, ἀλλ’ ὅθι φῶκαι"
Hymn to Delos,1,243,True,LSSLLLSSLSSLSSLL,LSSLLLSSLSSLSSLL,0.0,1,4,,ει:L:nature α:S:unknown ι:S:unknown αι:L:nature ι:L:position ου:L:nature ι:S:lexicon ε:S:nature ι:L:lexicon ι:S:unknown α:S:unknown ε:L:position ι:S:antepenult_accent ε:S:nature η:L:nature οι:L:line_final,"εἰνάλιαι τίκτουσιν, ἐνὶ σπιλάδεσσιν ἐρήμοις."
Hymn to Delos,1,244,True,LSSLLLSSLSSLSSLL,LSSLLLSSLSSLSSLL,1.5,1,3,correption,α:L:position ε:S:nature ι:S:unknown η:L:nature ου:L:nature ε:L:position ι:S:lexicon α:S:unknown υ:L:unknown ο:S:nature αι:S:nature ει:L:nature ε:S:nature α:S:lexicon η:L:nature+position ε:L:line_final,Ἀστερίῃ δ’ οὐδέν τι βαρύνομαι εἵνεκα τῆσδε
Hymn to Delos,1,245,True,LSSLLLSSLSSLSSLL,LSSLLLSSLSSLSSLL,0.0,1,2,,α:L:position α:S:unknown ι:S:unknown η:L:nature ου:L:nature ε:L:position ι:S:lexicon ο:S:nature ω:L:nature α:S:lexicon ο:S:nature υ:L:lexicon ι:S:lexicon α:S:lexicon ε:L:position ω:L:line_final,"ἀμπλακίης, οὐδ’ ἔστιν ὅπως ἀποθύμια ῥέξω,"
Hymn to Delos,1,246,True,LSSLSSLSSLSSLSSLL,LSSLSSLSSLSSLSSLL,0.0,1,2,,ο:L:position α:S:lexicon ε:S:nature οι:L:nature α:S:lexicon α:S:lexicon α:L:lexicon ε:S:nature α:S:lexicon ω:L:nature ε:S:nature α:S:unknown ι:L:position α:S:unknown ο:S:nature η:L:nature οι:L:line_final,τόσσα δέοι μάλα γάρ τε κακῶς ἐχαρίσσατο Λητοῖ·
Hymn to Delos,1,247,True,LSSLLLSSLSSLSSLL,LSSLLLSSLSSLSSLL,0.5,1,0,correption,α:L:position α:S:lexicon ι:S:lexicon ε:L:position α:L:position ο:L:position ι:S:lexicon ε:S:nature ι:L:position ο:S:nature αι:S:nature ου:L:nature ε:S:nature ε:S:nature ει:L:nature ο:L:line_final,"ἀλλά μιν ἔκπαγλόν τι σεβίζομαι, οὕνεκ’ ἐμεῖο"
Hymn to Delos,1,248,True,LSSLSSLSSLLLSSLL,LSSLSSLSSLLLSSLL,0.0,1,2,,ε:L:position ι:S:unknown ο:S:nature ου:L:nature ε:S:nature α:S:unknown η:L:nature ε:S:nature ι:S:lexicon ο:L:position α:L:position ει:L:nature ε:S:nature ο:S:nature ο:L:position ο:L:line_final,"δέμνιον οὐκ ἐπάτησε, Διὸς δ’ ἀνθείλετο πόντον."
Hymn to Delos,1,249,True,LSSLLLSSLLLSSLL,LSSLLLSSLLLSSLL,0.0,1,0,,η:L:nature ε:S:nature ε:S:nature η:L:nature υ:L:paroxytone_short_ultima οι:L:nature ε:S:nature ε:S:nature ου:L:nature ε:L:position ο:L:position ε:S:nature α:S:lexicon οι:L:nature οι:L:line_final,ἡ μὲν ἔφη· κύκνοι δὲ θεοῦ μέλποντες ἀοιδοὶ
Hymn to Delos,1,250,True,LSSLLLSSLLLSSLL,LSSLLLSSLLLSSLL,0.0,1,2,,η:L:nature ο:S:nature ι:S:unknown ο:L:position α:L:position ω:L:nature ο:S:nature ε:S:nature υ:L:position ω:L:nature α:L:position ο:S:nature ι:S:unknown ο:L:position ε:L:line_final,Μῃόνιον Πακτωλὸν ἐκυκλώσαντο λιπόντες
Hymn to Delos,1,251,True,LSSLSSLSSLLLSSLL,LSSLSSLSSLLLSSLL,0.0,1,1,,ε:L:position ο:S:nature α:S:unknown ι:L:position ε:S:nature ι:S:lexicon η:L:nature ο:S:nature ε:S:nature η:L:nature ει:L:nature α:L:antepenult_accent ε:S:nature ο:S:nature ει:L:nature η:L:line_final,"ἑβδομάκις περὶ Δῆλον, ἐπήεισαν δὲ λοχείῃ"
Hymn to Delos,1,252,True,LLLLLSSLSSLSSLL,LLLLLSSLSSLSSLL,0.0,1,2,,ου:L:nature α:L:lexicon ω:L:nature ο:L:position ι:L:lexicon ε:S:nature α:S:unknown οι:L:nature ο:S:nature α:S:unknown οι:L:nature ε:S:nature ε:S:nature η:L:nature ω:L:line_final,"Μουσάων ὄρνιθες, ἀοιδότατοι πετεηνῶν·"
Hymn to Delos,1,253,True,LSSLLLSSLSSLSSLL,LSSLLLSSLSSLSSLL,0.0,1,2,,ε:L:position ε:S:nature ο:S:nature αι:L:nature+position ο:L:position α:L:paroxytone_short_ultima ε:S:nature υ:S:unknown η:L:nature ε:S:nature ε:S:nature η:L:nature α:S:unknown ο:S:nature ο:L:position α:L:line_final,ἔνθεν ὁ παῖς τοσσάσδε λύρῃ ἐνεδήσατο χορδὰς
Hymn to Delos,1,254,True,LSSLSSLSSLLLSSLL,LSSLSSLSSLLLSSLL,1.5,1,2,correption,υ:L:position ε:S:nature ο:S:nature ο:L:position α:S:lexicon ι:S:lexicon υ:L:paroxytone_short_ultima οι:S:nature ε:S:nature ω:L:nature ι:L:unknown ε:L:position ι:S:antepenult_accent α:S:unknown ει:L:nature α:L:antepenult_accent,"ὕστερον, ὁσσάκι κύκνοι ἐπ’ ὠδίνεσσιν ἄεισαν."
Hymn to Delos,1,255,True,LSSLSSLSSLSSLSSLL,LSSLSSLSSLSSLSSLL,0.0,1,1,,ο:L:position ο:S:nature ο:S:nature ου:L:nature ε:S:nature α:S:unknown ει:L:nature α:S:antepenult_accent ο:S:nature ε:L:position ο:S:nature ε:S:nature αι:L:nature ε:S:nature ι:S:lexicon α:L:position ο:L:line_final,"ὄγδοον οὐκέτ’ ἄεισαν, ὁ δ’ ἔκθορεν, αἱ δ’ ἐπὶ μακρὸν"
Hymn to Delos,1,256,True,LLLSSLSSLSSLLLL,LLLSSLSSLSSLLLL,1.5,1,1,,υ:L:paroxytone_short_ultima αι:L:nature η:L:nature ι:S:unknown α:S:paroxytone_short_ultima ε:L:position ο:S:nature α:S:lexicon ου:L:nature ε:S:nature ο:S:nature α:L:position αι:L:nature οι:L:nature ο:L:line_final,"νύμφαι Δηλιάδες, ποταμοῦ γένος ἀρχαίοιο,"
Hymn to Delos,1,257,True,LSSLLLSSLSSLSSLL,LSSLLLSSLSSLSSLL,1.0,1,0,lexicon_overridden,ει:L:nature α:S:properispomenon ε:S:nature ει:L:nature υι:L:nature η:L:nature ι:S:lexicon ε:S:nature ο:L:position ε:S:nature ο:S:nature αυ:L:nature ι:S:lexicon α:S:lexicon αι:L:nature η:L:line_final,"εἶπαν Ἐλειθυίης ἱερὸν μέλος, αὐτίκα δ’ αἰθὴρ"
Hymn to Delos,1,258,True,LSSLLLSSLSSLSSLL,LSSLLLSSLSSLSSLL,0.0,1,4,,α:L:position ε:S:nature ο:S:nature α:L:position η:L:nature η:L:nature ε:S:nature ι:S:unknown α:L:position υ:S:unknown ι:S:unknown η:L:nature ο:S:nature ο:S:nature υ:L:unknown η:L:line_final,"χάλκεος ἀντήχησε διαπρυσίην ὀλολυγήν,"
Hymn to Delos,1,259,True,LLLSSLSSLSSLSSLL,LLLSSLSSLSSLSSLL,0.0,1,0,,ου:L:nature η:L:nature η:L:nature ε:S:nature ε:S:nature η:L:nature ε:S:nature ε:S:nature ει:L:nature ο:S:nature ο:S:nature ε:L:position ε:S:nature ε:S:nature ο:L:position ευ:L:line_final,"οὐδ’ Ἥρη νεμέσησεν, ἐπεὶ χόλον ἐξέλετο Ζεύς."
Hymn to Delos,1,260,True,LSSLSSLSSLSSLSSLL,LSSLSSLSSLSSLSSLL,0.0,1,2,,υ:L:unknown ε:S:nature α:S:unknown οι:L:nature ο:S:nature ε:S:nature α:L:lexicon α:S:lexicon ε:S:nature ει:L:nature ι:S:lexicon α:S:lexicon ει:L:nature ε:S:nature ο:S:nature η:L:nature ε:L:line_final,"χρύσεά τοι τότε πάντα θεμείλια γείνετο, Δῆλε,"
Hymn to Delos,1,261,True,LLLSSLSSLSSLSSLL,LLLSSLSSLSSLSSLL,0.0,1,1,,υ:L:lexicon ω:L:nature ε:L:position ο:S:nature ο:S:nature ε:L:position α:S:antepenult_accent α:S:unknown η:L:nature ε:S:nature ο:S:nature ε:L:position ε:S:nature ε:S:nature ι:L:position η:L:line_final,"χρυσῷ δὲ τροχόεσσα πανήμερος ἔρρεε λίμνη,"
Hymn to Delos,1,262,True,LLLSSLSSLSSLSSLL,LLLSSLSSLSSLSSLL,0.0,1,1,,υ:L:lexicon ει:L:nature ο:L:position ε:S:nature ο:S:nature η:L:nature ε:S:nature ε:S:nature ε:L:position ι:S:unknown ο:S:nature ε:L:position ο:S:nature ε:S:nature αι:L:nature η:L:line_final,"χρύσειον δ’ ἐκόμησε γενέθλιον ἔρνος ἐλαίης,"
Hymn to Delos,1,263,True,LLLLLSSLLLSSLL,LLLLLSSLLLSSLL,1.0,1,2,lexicon_overridden,υ:L:lexicon ω:L:nature ε:L:position η:L:nature υ:L:unknown ε:S:nature α:S:lexicon υ:L:lexicon ι:L:unknown ω:L:nature ο:S:nature ε:S:nature ι:L:position ει:L:line_final,χρυσῷ δὲ πλήμυρε βαθὺς Ἰνωπὸς ἑλιχθείς.
Hymn to Delos,1,264,True,LLLSSLSSLSSLSSLL,LLLSSLSSLSSLSSLL,0.0,1,1,,αυ:L:nature η:L:nature ε:L:position υ:S:unknown ε:S:nature οι:L:nature ο:S:nature α:S:lexicon ου:L:nature ε:S:nature ο:S:nature ει:L:nature ε:S:nature ο:S:nature αι:L:nature α:L:lexicon,"αὐτὴ δὲ χρυσέοιο ἀπ’ οὔδεος εἵλεο παῖδα,"
Hymn to Delos,1,265,True,LSSLLLSSLLLSSLL,LSSLLLSSLLLSSLL,0.0,1,2,,ε:L:position ε:S:nature α:S:unknown ευ:L:nature ο:L:position οι:L:nature ι:S:antepenult_accent ε:S:nature ο:L:position ε:L:position ε:L:position α:S:unknown ο:S:nature οι:L:nature ο:L:line_final,"ἐν δ’ ἐβάλευ κόλποισιν, ἔπος δ’ ἐφθέγξαο τοῖον·"
Hymn to Delos,1,266,True,LSSLSSLSSLSSLSSLL,LSSLSSLSSLSSLSSLL,0.0,1,1,,ω:L:nature ε:S:nature α:S:lexicon η:L:nature ο:S:nature υ:S:unknown ω:L:nature ε:S:nature ο:S:nature υ:L:position ο:S:nature ι:S:antepenult_accent ο:L:position α:S:lexicon ε:S:nature ου:L:nature α:L:lexicon,"ᾦ μεγάλη πολύβωμε πολύπτολι πολλὰ φέρουσα,"
Hymn to Delos,1,267,True,LSSLLLSSLSSLSSLL,LSSLLLSSLSSLSSLL,0.5,1,1,correption,ι:L:lexicon ο:S:nature ε:S:nature η:L:nature ει:L:nature οι:L:nature ε:S:nature αι:S:nature αι:L:nature ε:S:nature ι:S:unknown αι:L:nature ε:S:nature ε:S:nature η:L:nature οι:L:line_final,πίονες ἤπειροί τε καὶ αἳ περιναίετε νῆσοι·
Hymn to Delos,1,268,True,LSSLLLSSLSSLSSLL,LSSLLLSSLSSLSSLL,1.5,1,1,correption,αυ:L:nature η:S:nature ε:S:nature ω:L:nature οι:L:nature η:L:nature ε:S:nature υ:S:unknown η:L:nature ο:S:nature ο:S:nature α:L:position α:S:lexicon ε:S:nature ει:L:nature ο:L:line_final,"αὐτὴ ἐγὼ τοιήδε, δυσήροτος, ἀλλ’ ἀπ’ ἐμεῖο"
Hymn to Delos,1,269,True,LSSLLLLLSSLSSLL,LSSLLLLLSSLSSLL,0.5,1,2,correption,η:L:nature ι:S:unknown ο:S:nature α:L:unknown ο:L:position ω:L:nature+position ε:L:position η:L:nature ε:S:nature αι:S:nature ου:L:nature ε:S:nature ι:S:lexicon α:L:position η:L:line_final,"Δήλιος Απόλλων κεκλήσεται, οὐδέ τις ἄλλη"
Hymn to Delos,1,270,True,LLLLLSSLSSLSSLL,LLLLLSSLSSLSSLL,0.5,1,2,correption,αι:L:nature α:L:unknown ω:L:nature+position ο:L:position ο:L:position ε:S:nature ε:S:nature ω:L:nature ε:S:nature ι:S:unknown η:L:nature ε:S:nature αι:S:nature α:L:position ω:L:line_final,"γαιάων τοσσόνδε θεῷ πεφιλήσεται ἄλλῳ,"
Hymn to Delos,1,271,True,LLLLLSSLLLSSLL,LLLLLSSLLLSSLL,0.0,1,0,,ου:L:nature ε:L:position ι:L:position ει:L:nature ο:L:position ι:S:antepenult_accent ο:S:nature ει:L:nature α:L:lexicon ω:L:nature ι:S:lexicon ε:S:nature αι:L:nature ω:L:line_final,"οὐ Κερχνὶς κρείοντι Ποσειδάωνι Λεχαίῳ,"
Hymn to Delos,1,272,True,LSSLLLLLSSLSSLL,LSSLLLLLSSLSSLL,1.0,1,1,lexicon_overridden,ου:L:nature α:S:lexicon ο:S:nature ε:L:position ει:L:nature η:L:nature υ:L:position η:L:nature ι:S:unknown ο:S:nature ου:L:nature ι:S:lexicon ι:S:lexicon η:L:nature η:L:line_final,"οὐ πάγος Ἑρμείῃ Κυλλήνιος, οὐ Διὶ Κρήτη,"
Hymn to Delos,1,273,True,LSSLLLSSLSSLSSLL,LSSLLLSSLSSLSSLL,3.5,1,0,correption;lexicon_overridden,ω:L:nature ε:S:nature ω:S:nature α:L:lexicon ο:L:position ω:L:nature ι:S:lexicon αι:S:nature ε:L:position ο:S:nature αι:S:nature ου:L:nature ε:S:nature ι:S:lexicon α:L:position η:L:line_final,ὡς ἐγὼ Ἀπόλλωνι· καὶ ἔσσομαι οὐκέτι πλαγκτή.
Hymn to Delos,1,274,True,LSSLSSLSSLSSLSSLL,LSSLSSLSSLSSLSSLL,0.0,1,1,,ω:L:nature ε:S:nature υ:S:lexicon ε:L:position α:S:lexicon ε:S:nature ε:L:position α:S:lexicon ο:S:nature ε:L:position υ:S:lexicon υ:S:lexicon ε:L:position α:S:unknown ε:S:nature α:L:position ο:L:line_final,ὧδε σὺ μὲν κατέλεξας· ὁ δὲ γλυκὺν ἔσπασε μαζόν.
Hymn to Delos,1,275,True,LLLLLSSLSSLSSLL,LLLLLSSLSSLSSLL,1.5,1,5,correption,ω:L:nature αι:L:nature η:L:nature α:L:unknown ω:L:nature α:S:unknown ι:S:unknown ω:L:nature α:S:unknown η:S:nature ε:L:position ε:S:nature ι:S:unknown ει:L:nature ου:L:line_final,τῶ καὶ νησάων ἁγιωτάτη ἐξέτι κεἰνου
Hymn to Delos,1,276,True,LSSLLLLLSSLSSLL,LSSLLLLLSSLSSLL,0.5,1,1,correption,η:L:nature+position η:S:nature α:S:lexicon ο:L:position ω:L:nature ο:L:position ου:L:nature ο:L:position ο:S:nature ο:S:nature ου:L:nature ε:S:nature ε:S:nature υ:L:unknown ω:L:line_final,"κλἠζῃ, Ἀπόλλωνος κουροτρόφος· οὐδέ σ’ Ἐνυὼ"
Hymn to Delos,1,277,True,LSSLLLSSLLLSSLL,LSSLLLSSLLLSSLL,1.5,1,0,correption,ου:L:nature α:S:lexicon ι:S:lexicon η:L:nature ου:L:nature ι:L:paroxytone_short_ultima οι:S:nature ε:S:nature ι:L:position ει:L:nature ου:L:nature ι:S:antepenult_accent α:S:lexicon η:L:nature ο:L:line_final,οὐδ’ Ἀίδης οὐδ’ ἵπποι ἐπιστείβουσιν Ἄρηος·
Hymn to Delos,1,278,True,LSSLSSLSSLSSLSSLL,LSSLSSLSSLSSLSSLL,1.0,1,3,correption,α:L:position α:S:lexicon οι:S:nature α:L:position ι:S:unknown ε:S:nature ει:L:nature+position ε:S:nature α:S:unknown η:L:nature ο:S:nature οι:S:nature αι:L:nature ε:S:nature α:S:unknown α:L:position αι:L:line_final,ἀλλά τοι ἀμφιετεῖς δεκατηφόροι αἰὲν ἀπαρχαὶ
Hymn to Delos,1,279,True,LLLLLSSLSSLSSLL,LLLLLSSLSSLSSLL,0.0,1,0,,ε:L:position ο:L:position αι:L:nature α:L:lexicon αι:L:nature ε:S:nature ο:S:nature ου:L:nature α:S:lexicon α:S:lexicon ου:L:nature ι:S:lexicon ο:S:nature η:L:nature ε:L:line_final,"πέμπονται, πᾶσαι δὲ χοροὺς ἀνάγουσι πόληες,"
Hymn to Delos,1,280,True,LSSLLLLLSSLSSLL,LSSLLLLLSSLSSLL,1.0,1,0,cluster_short,αι:L:nature ε:S:position ο:S:nature η:L:nature οι:L:nature η:L:nature αι:L:nature ε:L:position ε:S:nature ο:S:nature αι:L:nature α:S:lexicon α:S:lexicon ε:L:position η:L:line_final,αἵ τε πρὸς ἠοίην αἵ θ’ ἕσπερον αἵ τ’ ἀνὰ μέσσην
Hymn to Delos,1,281,True,LLLLLSSLSSLSSLL,LLLLLSSLSSLSSLL,1.5,1,0,correption,η:L:nature ο:L:position ε:L:position η:L:nature α:L:position ο:S:nature αι:S:nature οι:L:nature α:S:lexicon υ:S:lexicon ε:L:position ε:S:nature ο:S:nature ει:L:nature η:L:line_final,"κλήρονς ἐστήσαντο, καὶ οἳ καθύπερθε βορείης"
Hymn to Delos,1,282,True,LSSLSSLSSLLLSSLL,LSSLSSLSSLLLSSLL,0.0,1,3,,οι:L:nature ι:S:lexicon α:S:lexicon ι:L:unknown ο:S:nature ε:S:nature ου:L:nature ι:S:lexicon ο:S:nature υ:L:position ι:L:unknown ω:L:nature α:S:unknown ο:S:nature αι:L:nature α:L:lexicon,"οἰκία θινὸς ἔχουσι, πολυχρνιώτατον αἷμα."
Hymn to Delos,1,283,True,LLLSSLSSLSSLSSLL,LLLSSLSSLSSLSSLL,2.5,1,0,correption;lexicon_overridden,οι:L:nature ε:L:position οι:L:nature α:S:lexicon α:S:lexicon η:L:nature+position ε:S:nature αι:S:nature ι:L:lexicon ε:S:nature α:S:lexicon α:L:position α:S:lexicon α:S:lexicon ω:L:nature οι:L:line_final,οἱ μέν τοι καλάμην τε καὶ ἱερὰ δράγματα πρῶτοι
Hymn to Delos,1,284,True,LSSLSSLSSLLLSSLL,LSSLSSLSSLLLSSLL,0.0,1,2,,α:L:position α:S:unknown υ:S:unknown ω:L:nature+position ο:S:nature ε:S:nature ου:L:nature ι:S:lexicon α:S:lexicon ω:L:nature ω:L:nature η:L:nature ι:S:antepenult_accent ε:S:nature α:L:position οι:L:line_final,ἀσταχύων φορέουσιν· ἃ Δωδώνηθι Πελασγοὶ
Hymn to Delos,1,285,True,LSSLLLSSLLLSSLL,LSSLLLSSLLLSSLL,0.0,1,0,,η:L:nature ο:S:nature ε:S:nature ε:L:position αι:L:nature ο:L:position α:S:lexicon ο:S:nature υ:L:lexicon ω:L:nature ι:L:position α:S:lexicon ε:S:nature ο:L:position αι:L:line_final,"τηλόθεν ἐκβαίνοντα πολὺ πρώτιστα δέχονται,"
Hymn to Delos,1,286,True,LSSLSSLSSLLLSSLL,LSSLSSLSSLLLSSLL,0.0,1,2,,η:L:nature ε:S:nature ε:S:nature ε:L:position ε:S:nature α:S:lexicon ο:L:position ε:S:nature α:S:unknown ι:L:unknown η:L:nature οι:L:nature ο:S:nature ε:S:nature η:L:nature ο:L:line_final,γηλεχέες θεράποντες ἀσιγήτοιο λέβητος·
Hymn to Delos,1,287,True,LSSLSSLSSLSSLSSLL,LSSLSSLSSLSSLSSLL,0.5,1,0,correption,ευ:L:nature ε:S:nature ο:S:nature ι:L:lexicon ε:S:nature ο:S:nature α:L:paroxytone_short_ultima υ:S:lexicon αι:S:nature ου:L:nature ε:S:nature α:S:antepenult_accent η:L:nature ι:S:paroxytone_short_ultima ο:S:nature αι:L:nature η:L:line_final,δεύτερον Ἱερὸν ἄστυ καὶ οὔτεα Μηλίδος αἴης
Hymn to Delos,1,288,True,LLLLLSSLLLSSLL,LLLLLSSLLLSSLL,0.0,1,1,,ε:L:position ο:L:position αι:L:nature ει:L:nature ε:L:position ε:S:nature ι:S:unknown α:L:position ω:L:nature ου:L:nature ι:S:antepenult_accent α:S:lexicon α:L:position ω:L:line_final,ἔρχονται· κεῖθεν δὲ διαπλώουσιν Ἀβάντων
Hymn to Delos,1,289,True,LSSLSSLLLSSLSSLL,LSSLSSLLLSSLSSLL,0.0,1,1,,ει:L:nature α:S:lexicon α:S:lexicon ο:L:position ε:S:nature ι:S:lexicon ο:L:position η:L:nature α:L:position ι:S:unknown ο:S:nature ου:L:nature ε:S:nature ι:S:lexicon α:L:position ο:L:line_final,εἰς ἀγαθὸν πεδίον Ληλάντιον· οὐδ’ ἔτι μακρὸς
Hymn to Delos,1,290,True,LSSLLLSSLSSLSSLL,LSSLLLSSLSSLSSLL,0.0,1,0,,ο:L:position ο:S:nature ο:S:nature ευ:L:nature οι:L:nature η:L:nature ε:S:nature ε:S:nature ει:L:nature ε:S:nature ο:S:nature ει:L:nature ο:S:nature ε:S:nature ο:L:position οι:L:line_final,"ὁ πλόος Εὐβοίηθεν, ἐπεὶ σέο γείτονες ὅρμοι."
Hymn to Delos,1,291,True,LLLSSLSSLLLSSLL,LLLSSLSSLLLSSLL,0.0,1,2,,ω:L:nature αι:L:nature οι:L:nature α:S:lexicon ε:S:nature ει:L:nature α:S:lexicon α:S:lexicon ο:L:position α:L:position ω:L:nature α:S:unknown ι:S:unknown α:L:position ω:L:line_final,πρῶταί τοι τάδ’ ἔνεικαν ἀπὸ ξανθῶν Ἀριμασπῶν
Hymn to Delos,1,292,True,LLLLLSSLLLSSLL,LLLLLSSLLLSSLL,2.5,1,1,correption;metrical_lengthening,ου:L:nature ι:L:position ε:L:nature ο:L:position ω:L:nature ε:S:nature αι:S:nature ευ:L:nature αι:L:nature ω:L:nature ε:S:nature α:S:unknown ε:L:position η:L:line_final,"Οὖπίς τε Λοξώ τε καὶ εὐαίων Ἑκαέργη,"
Hymn to Delos,1,293,True,LSSLSSLSSLSSLSSLL,LSSLSSLSSLSSLSSLL,0.5,1,0,correption,υ:L:lexicon α:S:lexicon ε:S:nature ε:L:position ο:S:nature ε:S:nature α:L:lexicon ο:S:nature αι:S:nature α:L:position ε:S:nature ε:S:nature οι:L:nature ο:S:nature α:S:lexicon ι:L:position οι:L:line_final,"θυγατέρες Βορέαο, καὶ ἄρσενες οἱ τότ’ ἄριστοι"
Hymn to Delos,1,294,True,LSSLLLSSLSSLSSLL,LSSLLLSSLSSLSSLL,0.0,1,2,,η:L:nature ι:S:unknown ε:S:nature ω:L:nature ου:L:nature οι:L:nature ε:S:nature α:S:unknown ι:L:position ε:S:nature ε:S:nature οι:L:nature α:S:lexicon ι:S:lexicon ο:L:position ο:L:line_final,"ἠιθέων· οὐδ’ οἵ γε παλιμπετὲς οἴκαδ’ ἵκοντο,"
Hymn to Delos,1,295,True,LLLSSLSSLSSLSSLL,LLLSSLSSLSSLSSLL,0.5,1,0,correption,ευ:L:nature οι:L:nature οι:L:nature ε:S:nature ε:S:nature ο:L:position ο:S:nature αι:S:nature α:L:position ε:S:nature ε:S:nature ου:L:nature ο:S:nature ε:S:nature ει:L:nature οι:L:line_final,"εὔμοιροι δ’ ἐγένοντο, καὶ ἀκλέες οὔποτ’ ἐκεῖνοι."
Hymn to Delos,1,296,True,LLLSSLSSLLLSSLL,LLLSSLSSLLLSSLL,0.0,1,2,,η:L:nature οι:L:nature η:L:nature ι:S:unknown α:S:paroxytone_short_ultima ε:L:position ε:S:nature ο:S:nature ευ:L:nature η:L:nature η:L:nature υ:S:unknown ε:S:nature αι:L:nature ο:L:line_final,"ἦ τοι Δηλιάδες μέν, ὅτ’ εὐήχης ὑμέναιος"
Hymn to Delos,1,297,True,LSSLLLLLSSLSSLL,LSSLLLLLSSLSSLL,0.5,1,1,correption,η:L:nature ε:S:nature α:S:lexicon ου:L:nature α:L:lexicon ω:L:nature+position ο:L:position υ:L:position ε:S:nature αι:S:nature η:L:nature ι:S:unknown α:S:antepenult_accent αι:L:nature η:L:line_final,"ἤθεα κουράων μορμύσσεται, ἥλικα χαίτην"
Hymn to Delos,1,298,True,LSSLLLSSLLLSSLL,LSSLLLSSLLLSSLL,0.0,1,2,,α:L:position ε:S:nature ι:S:unknown αι:L:nature+position αι:L:nature ε:L:position ε:S:nature ε:S:nature ο:L:position ο:L:position ω:L:nature ο:S:nature ι:S:unknown ου:L:nature ω:L:line_final,"παρθενικαῖς, παῖδες δὲ θέρος τὸ πρῶτον ἰούλων"
Hymn to Delos,1,299,True,LSSLSSLSSLSSLSSLL,LSSLSSLSSLSSLSSLL,0.0,1,2,,α:L:position ε:S:nature ε:S:nature η:L:nature ι:S:unknown ε:S:nature οι:L:nature ι:S:antepenult_accent α:S:unknown α:L:position ο:S:nature ε:S:nature οι:L:nature ο:S:nature ε:S:nature ου:L:nature ι:L:lexicon,ἄρσενες ἠιθέοισιν ἀπαρχόμενοι φορέουσιν.
Hymn to Delos,1,300,True,LSSLSSLSSLSSLSSLL,LSSLSSLSSLSSLSSLL,0.0,1,2,,α:L:position ε:S:nature ι:S:unknown η:L:nature υ:S:unknown ο:S:nature ε:L:position α:S:antepenult_accent ε:S:nature ε:L:position ε:S:nature ι:S:lexicon α:L:position ι:S:lexicon ε:S:nature η:L:nature οι:L:line_final,"Ἀστερίη θυόεσσα, σὲ μὲν περί τ’ ἀμφί τε νῆσοι"
Hymn to Delos,1,301,True,LSSLLLSSLSSLSSLL,LSSLLLSSLSSLSSLL,0.5,1,1,correption,υ:L:paroxytone_short_ultima ο:S:nature ε:S:nature οι:L:nature η:L:nature α:L:position ο:S:nature αι:S:nature ω:L:nature+position ο:S:nature ο:S:nature α:L:position ε:S:nature α:S:unknown ο:L:position ο:L:line_final,κύκλον ἐποιήσαντο καὶ ὡς χορὸν ἀμφεβάλοντο·
Hymn to Delos,1,302,True,LSSLLLLLSSLSSLL,LSSLLLLLSSLSSLL,0.0,1,1,,ου:L:nature ε:S:nature ι:S:unknown ω:L:nature η:L:nature η:L:nature ου:L:nature α:L:position ο:S:nature ο:S:nature ου:L:nature ο:S:nature ε:S:nature ει:L:nature αι:L:line_final,οὔτε σιωπηλὴν οὔτ’ ἄψοφον οὖλος ἐθείραις
Hymn to Delos,1,303,True,LSSLLLSSLSSLSSLL,LSSLLLSSLSSLSSLL,0.5,1,2,correption,ε:L:position ε:S:nature ο:S:nature α:L:position αι:L:nature ει:L:nature ε:S:nature α:S:unknown α:L:position ε:S:nature ει:S:nature α:L:position ι:S:unknown ο:S:nature η:L:nature ο:L:line_final,"ἕσπερος, ἀλλ’ αἰεί σε καταβλέπει ἀμφιβόητον."
Hymn to Delos,1,304,True,LSSLLLSSLSSLSSLL,LSSLLLSSLSSLSSLL,0.0,1,4,,οι:L:nature ε:S:nature υ:S:unknown α:L:unknown ει:L:nature ου:L:nature ι:S:antepenult_accent ο:S:nature ο:L:position υ:S:unknown ι:S:unknown οι:L:nature ο:S:nature ε:S:nature ο:L:position ο:L:line_final,"οἱ μὲν ὑπαείδουσι νόμον Λυκίοιο γέροντος,"
Hymn to Delos,1,305,True,LSSLLLSSLSSLSSLL,LSSLLLSSLSSLSSLL,0.5,1,0,correption,ο:L:position οι:S:nature α:S:lexicon ο:L:position α:L:position οι:L:nature ο:S:nature ε:S:nature ο:L:position ο:S:nature ο:S:nature η:L:nature α:S:lexicon ε:S:nature ω:L:nature η:L:line_final,ὅν τοι ἀπὸ Ξάνθοιο θεοπρόπος ἤγαγεν Ὠλήν·
Hymn to Delos,1,306,True,LSSLLLSSLSSLSSLL,LSSLLLSSLSSLSSLL,0.0,1,3,,αι:L:nature ε:S:nature ο:S:nature ι:L:lexicon η:L:nature+position ου:L:nature ι:S:antepenult_accent ο:S:nature ι:L:unknown ι:S:unknown ε:S:nature α:L:position α:S:unknown ε:S:nature ου:L:nature α:L:lexicon,αἱ δὲ ποδὶ πλήσσουσι χορίτιδες ἀσφαλἐς οὖδας.
Hymn to Delos,1,307,True,LSSLSSLSSLSSLSSLL,LSSLSSLSSLSSLSSLL,0.5,1,1,correption,η:L:nature ο:S:nature ε:S:nature αι:L:nature+position ε:S:nature α:S:unknown οι:L:nature ι:S:antepenult_accent α:S:lexicon υ:L:lexicon ε:S:nature αι:S:nature ι:L:lexicon ο:S:nature α:S:lexicon α:L:position α:L:lexicon,δὴ τότε καὶ στεφάνοισι βαρύνεται ἱρὸν ἄγαλμα
Hymn to Delos,1,308,True,LSSLLLSSLSSLSSLL,LSSLLLSSLSSLSSLL,0.0,1,3,,υ:L:position ι:S:unknown ο:S:nature α:L:position αι:L:nature η:L:nature α:S:unknown ι:S:unknown η:L:nature ο:S:nature ο:S:nature η:L:nature+position ο:S:nature ε:S:nature η:L:nature ευ:L:line_final,"Κύπριδος ἀρχαίης ἀριήκοον, ἥν ποτε Θησεὺς"
Hymn to Delos,1,309,True,LSSLLLSSLLLSSLL,LSSLLLSSLLLSSLL,0.0,1,2,,ει:L:nature α:S:unknown ο:S:nature υ:L:lexicon αι:L:nature ε:L:position ι:S:lexicon ο:S:nature ε:L:position η:L:nature η:L:nature ε:S:nature α:S:unknown ε:L:position ει:L:line_final,"εἵσατο σὺν παίδεσσιν, ὅτε Κρήτηθεν ἀνέπλει."
Hymn to Delos,1,310,True,LSSLLLSSLSSLSSLL,LSSLLLSSLSSLSSLL,0.5,1,2,correption,οι:L:nature α:S:lexicon ε:S:nature ο:L:position υ:L:unknown η:L:nature α:S:antepenult_accent αι:S:nature α:L:position ι:S:lexicon ο:S:nature υι:L:nature α:S:lexicon υ:S:unknown ο:L:position ε:L:line_final,οἳ χαλεπὸν μύκημα καὶ ἄγριον υἷα φυγόντες
Hymn to Delos,1,311,True,LSSLLLSSLSSLSSLL,LSSLLLSSLSSLSSLL,0.0,1,6,,α:L:unknown ι:S:unknown α:S:unknown η:L:nature+position αι:L:nature+position α:L:position ο:S:nature ε:S:nature ο:L:position ο:S:nature ι:S:unknown ου:L:nature α:S:unknown υ:S:unknown ι:L:position ου:L:line_final,"Πασιφάης καὶ γναμπτὸν ἕδος σκολιοῦ λαβυρίνθου,"
Hymn to Delos,1,312,True,LSSLSSLSSLSSLSSLL,LSSLSSLSSLSSLSSLL,0.0,1,2,,ο:L:position ι:S:lexicon α:S:lexicon ο:L:position ε:S:nature ι:S:lexicon ω:L:nature ο:S:nature ε:S:nature ει:L:nature ο:S:nature ε:S:nature ου:L:nature ι:S:unknown α:S:unknown ι:L:position ου:L:line_final,"πότνια, σὸν περὶ βωμὸν ἐγειρομένου κιθαρισμοῦ"
Hymn to Delos,1,313,True,LSSLLLSSLLLSSLL,LSSLLLSSLLLSSLL,0.0,1,1,,υ:L:position ι:S:unknown ο:S:nature ω:L:nature+position η:L:nature α:L:position ο:S:nature ο:S:nature ου:L:nature η:L:nature η:L:nature α:S:lexicon ο:S:nature η:L:nature ευ:L:line_final,"κύκλιον ὠρχήσαντο, χοροῦ δ’ ἡγήσατο Θησεύς."
Hymn to Delos,1,314,True,LSSLLLSSLSSLSSLL,LSSLLLSSLSSLSSLL,0.0,1,1,,ε:L:position ε:S:nature α:S:unknown ει:L:nature+position ω:L:nature ο:L:position α:S:antepenult_accent ε:S:nature ω:L:nature ι:S:paroxytone_short_ultima ο:S:nature ι:L:lexicon ε:S:nature α:S:lexicon οι:L:nature ω:L:line_final,ἔνθεν ἀειζώοντα θεωρίδος ἱερὰ Φοίβῳ
Hymn to Delos,1,315,True,LSSLLLSSLSSLSSLL,LSSLLLSSLSSLSSLL,0.0,1,1,,ε:L:position ο:S:nature ι:S:paroxytone_short_ultima αι:L:nature ε:L:position ου:L:nature ι:S:antepenult_accent ο:S:nature η:L:nature ι:S:unknown α:S:antepenult_accent η:L:nature ο:S:nature ε:S:nature ει:L:nature η:L:line_final,"Κεκροπίδαι πέμπουσι, τοπήια νηὸς ἐκείνης."
Hymn to Delos,1,316,True,LSSLSSLSSLSSLSSLL,LSSLSSLSSLSSLSSLL,0.0,1,3,,α:L:position ε:S:nature ι:S:unknown η:L:nature ο:S:nature υ:S:unknown ω:L:nature ε:S:nature ο:S:nature υ:L:position ι:S:unknown ε:S:nature ι:L:lexicon ε:S:nature ε:S:nature αυ:L:nature η:L:line_final,"Ἀστερίη πολύβωμε πολύλλιτε, τίς δέ σε ναύτης"
Hymn to Delos,1,317,True,LSSLLLSSLSSLSSLL,LSSLLLSSLSSLSSLL,0.0,1,2,,ε:L:position ο:S:nature ο:S:nature αι:L:nature αι:L:nature οι:L:nature ο:S:nature α:S:unknown η:L:nature υ:S:unknown ε:S:nature η:L:nature ι:S:lexicon ε:S:nature ου:L:nature η:L:line_final,ἔμπορος Αἰγαίοιο παρήλυθε νηὶ θεούσῃ;
Hymn to Delos,1,318,True,LLLSSLSSLLLSSLL,LLLSSLSSLLLSSLL,0.0,1,0,,ου:L:nature ου:L:nature ω:L:nature ε:S:nature α:S:lexicon οι:L:nature ι:S:lexicon ε:S:nature ι:L:position ει:L:nature ου:L:nature ι:S:antepenult_accent α:S:lexicon η:L:nature αι:L:line_final,"οὐχ οὕτω μεγάλοι μιν ἐπιπνείουσιν ἀῆται,"
Hymn to Delos,1,319,True,LLLSSLSSLSSLSSLL,LLLSSLSSLSSLSSLL,0.0,1,1,,ει:L:nature ω:L:nature ο:L:position ι:S:lexicon α:S:unknown ι:L:position ο:S:nature α:S:lexicon ει:L:nature+position ο:S:nature ο:S:nature α:L:position α:S:lexicon α:S:lexicon αι:L:nature η:L:line_final,"χρειὼ δ’ ὅττι τάχιστον ἄγει πλόον, ἀλλὰ τὰ λαίφη"
Hymn to Delos,1,320,True,LSSLLLSSLSSLSSLL,LSSLLLSSLSSLSSLL,0.5,1,0,correption,ω:L:nature ε:S:nature ε:S:nature ε:L:position ει:L:nature α:L:position ο:S:nature αι:S:nature ου:L:nature α:S:lexicon ι:S:lexicon αυ:L:nature ι:S:lexicon ε:S:nature η:L:nature α:L:lexicon,"ὠκέες ἐστείλαντο καὶ οὐ πάλιν αὖτις ἔβησαν,"
Hymn to Delos,1,321,True,LSSLSSLSSLLLSSLL,LSSLSSLSSLLLSSLL,0.0,1,0,,ι:L:lexicon ε:S:nature α:S:lexicon η:L:nature ε:S:nature ο:S:nature ω:L:nature ο:S:nature υ:S:lexicon ο:L:position η:L:nature η:L:nature ι:S:lexicon ε:S:nature ι:L:paroxytone_short_ultima αι:L:line_final,πρὶν μέγαν ἢ σέο βωμὸν ὑπὸ πληγῇσιν ἑλίξαι
Hymn to Delos,1,322,True,LSSLLLSSLSSLSSLL,LSSLLLSSLSSLSSLL,0.5,1,0,correption,η:L:nature+position ο:S:nature ε:S:nature ο:L:position αι:L:nature+position ε:L:position ο:S:nature ο:S:nature α:L:position α:S:paroxytone_short_ultima αι:S:nature α:L:position ο:S:nature ε:S:nature αι:L:nature η:L:line_final,ῥησσόμενον καὶ πρέμνον ὀδακτάσαι ἁγνὸν ἐλαίης
Hymn to Delos,1,323,True,LSSLLLSSLSSLSSLL,LSSLLLSSLSSLSSLL,0.0,1,3,,ει:L:nature α:S:lexicon α:S:unknown ο:L:position ε:L:position α:L:position α:S:antepenult_accent α:S:lexicon η:L:nature ι:S:unknown α:S:unknown ευ:L:nature ε:S:nature ο:S:nature υ:L:position η:L:line_final,χεῖρας ἀποστρέψαντας· ἃ Δηλιὰς εὕρετο νύμφη
Hymn to Delos,1,324,True,LSSLLLSSLLLSSLL,LSSLLLSSLLLSSLL,0.5,1,1,correption,αι:L:nature+position ι:S:unknown α:S:antepenult_accent ου:L:nature ι:L:position ο:L:position ι:S:antepenult_accent αι:S:nature α:L:lexicon ο:L:position ω:L:nature ι:S:lexicon ε:S:nature α:L:position υ:L:line_final,παίγνια κουρίζοντι καὶ Ἀπόλλωνι γελαστύν.
Hymn to Delos,1,325,True,LSSLLLLLSSLSSLL,LSSLLLLLSSLSSLL,0.5,1,2,correption,ι:L:position ι:S:unknown η:S:nature ω:L:nature η:L:nature ω:L:nature ευ:L:nature ε:L:position ι:S:unknown ε:S:nature αι:L:nature ε:S:nature ε:S:nature αυ:L:nature η:L:line_final,"ἱστίη ὦ νήσων εὐέστιε, χαῖρε μὲν αὐτή,"
Hymn to Delos,1,326,True,LLLLLSSLSSLSSLL,LLLLLSSLSSLSSLL,1.5,1,1,correption;lexicon_overridden,αι:L:nature οι:L:nature α:L:lexicon ο:L:position ω:L:nature+position ε:S:nature αι:S:nature η:L:nature ε:S:nature ο:S:nature ευ:L:nature α:S:unknown ο:S:nature η:L:nature ω:L:line_final,χαίροι δ’ Ἀπόλλων τε καὶ ἣν ἐλοχεύσατο Λητώ.
Hymn to Demeter,1,1,True,LSSLSSLSSLLLSSLL,LSSLSSLSSLLLSSLL,0.0,1,4,,ω:L:nature α:S:unknown α:S:unknown ω:L:nature α:S:unknown ι:S:unknown ο:L:position ο:S:nature ε:S:nature ι:L:position ε:L:position α:L:position ε:S:nature υ:S:lexicon αι:L:nature ε:L:line_final,"τῶ καλάθω κατιόντος ἐπιφθέγξασθε, γυναῖκες,"
Hymn to Demeter,1,2,True,LLLSSLSSLSSLSSLL,LLLSSLSSLSSLSSLL,0.0,1,3,,α:L:unknown α:L:unknown ε:L:position ε:S:nature α:S:lexicon αι:L:nature ε:S:nature ο:S:nature υ:L:position ο:S:nature ε:S:nature ου:L:nature υ:S:unknown ε:S:nature ι:L:position ε:L:line_final,Δάματερ μέγα χαῖρε πολυτρόφε πουλυμέδιμνε.
Hymn to Demeter,1,3,True,LSSLSSLSSLLLSSLL,LSSLSSLSSLLLSSLL,0.0,1,7,,ο:L:position α:S:unknown α:S:unknown ο:L:position α:S:unknown ι:S:unknown ο:L:position α:S:unknown α:S:lexicon αι:L:nature α:L:unknown ει:L:nature+position ε:S:nature ε:S:nature α:L:unknown οι:L:line_final,"τὸν κάλαθον κατιόντα χαμαὶ θασεῖσθε βέβαλοι,"
Hymn to Demeter,1,4,True,LSSLSSLLLSSLLLL,LSSLSSLLLSSLLLL,1.5,1,0,,η:L:nature α:S:lexicon ο:S:nature ω:L:nature ε:S:nature ε:S:nature ο:L:position η:L:nature υ:L:position ο:S:nature ε:S:nature αυ:L:nature α:L:position η:L:nature+position ε:L:line_final,μηδ’ ἀπὸ τῶ τέγεος μηδ’ ὑψόθεν αὐγάσσησθε
Hymn to Demeter,1,5,True,LLLSSLLLSSLSSLL,LLLSSLLLSSLSSLL,1.0,1,4,lexicon_overridden,η:L:nature αι:L:nature+position η:L:nature ε:S:nature υ:S:unknown α:L:unknown η:L:nature α:L:lexicon α:S:unknown ε:S:nature ευ:L:nature α:S:unknown ο:S:nature αι:L:nature α:L:line_final,"μὴ παῖς μηδὲ γυνὰ μηδ’ ἃ κατεχεύατο χαίταν,"
Hymn to Demeter,1,6,True,LSSLSSLSSLLLSSLL,LSSLSSLSSLLLSSLL,0.0,1,3,,η:L:nature ο:S:nature α:S:lexicon αυ:L:nature α:S:unknown ε:S:nature ω:L:nature+position ο:S:nature α:S:lexicon ω:L:nature+position υ:L:unknown ω:L:nature ε:S:nature α:S:unknown α:L:position οι:L:line_final,μηδ’ ὅκ’ ἀφ’ αὑαλέων στομάτων πτύωμες ἄπαστοι.
Hymn to Demeter,1,7,True,LSSLSSLLLSSLSSLL,LSSLSSLLLSSLSSLL,0.0,1,4,,ε:L:position ε:S:nature ο:S:nature ε:L:position ε:S:nature ε:S:nature ω:L:nature ε:L:position ε:L:position α:S:unknown ο:S:nature α:L:unknown ι:S:unknown α:S:unknown ει:L:nature αι:L:line_final,"ἕσπερος ἐκ νεφέων ἐσκέψατο πανίκα νεῖται,"
Hymn to Demeter,1,8,True,LSSLSSLLLSSLSSLL,LSSLSSLLLSSLSSLL,0.0,1,2,,ε:L:position ε:S:nature ο:S:nature ο:L:position ε:S:nature ι:S:lexicon ει:L:nature+position α:L:unknown α:L:unknown ε:S:nature α:S:antepenult_accent ω:L:nature ο:S:nature ε:S:nature ει:L:nature ε:L:line_final,"ἕσπερος, ὅστε πιεῖν Δαμάτερα μῶνος ἔπεισεν,"
Hymn to Demeter,1,9,True,LSSLSSLSSLSSLSSLL,LSSLSSLSSLSSLSSLL,0.0,1,5,,α:L:position α:S:unknown ι:S:unknown α:L:unknown ο:S:nature α:S:unknown υ:L:position α:S:antepenult_accent ε:S:nature ε:L:position ι:S:unknown ε:S:nature ι:L:position ι:S:lexicon α:S:lexicon ω:L:nature α:L:line_final,ἁρπαγίμας ὅκ’ ἄπυστα μετέστιχεν ἴχνια κώρας.
Hymn to Demeter,1,10,True,LSSLSSLSSLSSLSSLL,LSSLSSLSSLSSLSSLL,0.0,1,0,,ο:L:position ι:S:lexicon α:S:lexicon ω:L:nature+position ε:S:nature υ:S:lexicon α:L:lexicon ο:S:nature ο:S:nature ε:L:position ε:S:nature ε:S:nature ε:L:position ε:S:nature ι:S:lexicon υ:L:position α:L:line_final,"πότνια, πῶς σε δύναντο πόδες φέρεν ἔστ’ ἐπὶ δυθμάς,"
Hymn to Demeter,1,11,True,LSSLSSLSSLLLSSLL,LSSLSSLSSLLLSSLL,0.5,1,1,correption,ε:L:position ε:S:nature ι:S:lexicon ω:L:nature+position ε:S:nature α:S:lexicon α:L:lexicon αι:S:nature ο:S:nature α:L:unknown α:L:lexicon υ:L:lexicon ε:S:nature α:S:lexicon α:L:circumflex α:L:properispomenon,ἔστ’ ἐπὶ τὼς μέλανας καὶ ὅπα τὰ χρύσεα μᾶλα;
Hymn to Demeter,1,12,True,LSSLSSLLLSSLSSLL,LSSLSSLLLSSLSSLL,0.0,1,0,,ου:L:nature ι:S:paroxytone_short_ultima ε:S:nature ου:L:nature α:S:lexicon ε:S:nature ε:L:position η:L:nature ο:L:position ο:S:nature ο:S:nature ου:L:nature ε:S:nature ο:S:nature ε:L:position α:L:line_final,οὐ πίες οὔτ’ ἄρ’ ἔδες τῆνον χρόνον οὐδὲ λοέσσα.
Hymn to Demeter,1,13,True,LLLSSLSSLSSLSSLL,LLLSSLSSLSSLSSLL,0.0,1,6,,ι:L:lexicon ε:L:position η:L:nature ι:S:unknown ε:S:nature α:L:unknown α:S:unknown ε:S:nature ω:L:nature ι:S:unknown ο:S:nature α:L:position υ:S:unknown ο:S:nature ι:L:unknown α:L:line_final,"τρὶς μὲν δὴ διέβας Ἀχελώιον ἀργυροδίναν,"
Hymn to Demeter,1,14,True,LSSLSSLSSLSSLSSLL,LSSLSSLSSLSSLSSLL,0.0,1,3,,ο:L:position α:S:lexicon ι:S:lexicon α:L:unknown ε:S:nature α:S:unknown ω:L:nature+position ο:S:nature α:S:lexicon ω:L:nature ε:S:nature ε:S:nature α:L:unknown α:S:antepenult_accent ε:S:nature α:L:position ο:L:line_final,"τοσσάκι δ’ ἀενάων ποταμῶν ἐπέρασας ἕκαστον,"
Hymn to Demeter,1,15,True,LSSLSSLSSLSSLSSLL,LSSLSSLSSLSSLSSLL,2.0,1,3,cluster_short;lexicon_overridden,ι:L:lexicon ε:S:nature ι:S:lexicon α:L:position ι:S:unknown ο:S:nature ω:L:nature α:S:lexicon α:S:lexicon ι:L:lexicon ε:S:nature α:S:unknown ι:L:position α:S:unknown ο:S:position η:L:nature ι:L:line_final,τρὶς δ’ ἐπὶ Καλλιχόρῳ χαμάδις ἐκαθίσσαο φρητί
Hymn to Demeter,1,16,True,LSSLSSLSSLSSLSSLL,LSSLSSLSSLSSLSSLL,0.5,1,3,correption,αυ:L:nature+position α:S:unknown ε:S:nature α:L:unknown α:S:unknown ο:S:nature ο:L:position ε:S:nature αι:S:nature ου:L:nature α:S:paroxytone_short_ultima ε:S:nature ου:L:nature ε:S:nature ο:S:nature ε:L:position α:L:line_final,αὐσταλέα ἄποτός τε καὶ οὐ φάγες οὐδὲ λοέσσα.
Hymn to Demeter,1,17,True,LLLSSLSSLSSLSSLL,LLLSSLSSLSSLSSLL,1.0,1,0,lexicon_overridden,η:L:nature η:L:nature αυ:L:nature α:S:lexicon ε:S:nature ω:L:nature ε:S:nature α:S:lexicon α:L:position υ:S:lexicon ο:S:nature α:L:lexicon α:S:lexicon ε:S:nature η:L:nature οι:L:line_final,μὴ μὴ ταῦτα λέγωμες ἃ δάκρυον ἄγαγε Δηοῖ·
Hymn to Demeter,1,18,True,LSSLSSLSSLSSLSSLL,LSSLSSLSSLSSLSSLL,0.0,1,2,,α:L:lexicon ι:S:lexicon ο:S:nature ω:L:nature+position ο:S:nature ι:S:unknown ε:L:position ι:S:antepenult_accent ε:S:nature α:L:lexicon ο:S:nature α:S:lexicon ε:L:position ι:S:unknown α:S:antepenult_accent ω:L:nature ε:L:line_final,"κάλλιον, ὡς πολίεσσιν ἑαδότα τέθμια δῶκε·"
Hymn to Demeter,1,19,True,LSSLSSLSSLSSLSSLL,LSSLSSLSSLSSLSSLL,2.5,1,3,correption;lexicon_overridden,α:L:lexicon ι:S:lexicon ο:S:nature ω:L:nature+position α:S:unknown α:S:unknown α:L:position ε:S:nature αι:S:nature ι:L:lexicon ε:S:nature α:S:lexicon α:L:position α:S:lexicon α:S:lexicon α:L:unknown α:L:line_final,"κάλλιον, ὡς καλάμαν τε καὶ ἱερὰ δράγματα πράτα"
Hymn to Demeter,1,20,True,LSSLSSLSSLSSLSSLL,LSSLSSLSSLSSLSSLL,1.5,1,3,correption,α:L:position α:S:unknown υ:S:unknown ω:L:nature α:S:lexicon ε:S:nature ο:L:position ε:S:nature αι:S:nature ε:L:position ο:S:nature α:S:lexicon η:L:nature ε:S:nature α:S:unknown η:L:nature αι:L:line_final,"ἀσταχύων ἀπέκοψε καὶ ἐν βόας ἧκε πατῆσαι,"
Hymn to Demeter,1,21,True,LSSLSSLSSLSSLSSLL,LSSLSSLSSLSSLSSLL,3.0,1,6,cluster_short;metrical_lengthening,α:L:unknown ι:S:unknown α:S:position ι:L:position ο:S:nature ε:S:nature ο:L:nature α:S:unknown α:S:unknown α:L:unknown ε:S:nature ι:S:unknown α:L:position ε:S:nature ο:S:nature ε:L:position α:L:line_final,ἁνίκα Τριπτόλεμος ἀγαθὰν ἐδιδάσκετο τέχναν·
Hymn to Demeter,1,22,True,LSSLSSLSSLSSLSSLL,LSSLSSLSSLSSLSSLL,0.0,1,2,,α:L:lexicon ι:S:lexicon ο:S:nature ω:L:nature ι:S:lexicon α:S:lexicon αι:L:nature ι:S:lexicon υ:S:lexicon ε:L:position α:S:lexicon ι:S:lexicon α:L:unknown α:S:unknown ε:S:nature η:L:nature αι:L:line_final,"κάλλιον, ὡς, ἵνα καί τις ὑπερβασίας ἀλέηται,"
Hymn to Demeter,1,23,True,SLL,SLL,99.0,0,0,unmetrical,ι:S:lexicon ε:L:position αι:L:line_final,π ἰδέσθαι
Hymn to Demeter,1,24,True,LLLSSLSSLSSLSSLL,LLLSSLSSLSSLSSLL,0.0,1,4,,ου:L:nature ω:L:nature α:L:position ι:S:unknown ι:S:unknown α:L:unknown ε:S:nature ι:S:lexicon ω:L:nature ι:S:unknown ο:S:nature ι:L:lexicon ο:S:nature ε:S:nature αι:L:nature ο:L:line_final,"οὔπω τὰν Κνιδίαν, ἔτι Δώτιον ἱρὸν ἔναιον,"
Hymn to Demeter,1,25,True,LLLSSLSSLLLSSLL,LLLSSLSSLLLSSLL,1.0,1,0,lexicon_overridden,ι:L:position αυ:L:nature α:L:nature α:S:lexicon ο:S:nature α:L:paroxytone_short_ultima ο:S:nature ε:S:nature οι:L:nature η:L:nature α:L:position ο:S:nature ε:S:nature α:L:position οι:L:line_final,τὶν δ’ αὐτᾷ καλὸν ἄλσος ἐποιήσαντο Πελασγοὶ
Hymn to Demeter,1,26,True,LSSLSSLSSLSSLSSLL,LSSLSSLSSLSSLSSLL,0.0,1,3,,ε:L:position ε:S:nature ι:S:antepenult_accent α:L:position ι:S:unknown α:S:unknown ε:L:position ι:S:lexicon α:S:lexicon ε:L:position ο:S:nature ι:S:unknown η:L:nature+position ε:S:nature ο:S:nature ι:L:position ο:L:line_final,δένδρεσιν ἀμφιλαές· διά κεν μόλις ἦνθεν ὀιστός·
Hymn to Demeter,1,27,True,LSSLSSLSSLSSLSSLL,LSSLSSLSSLSSLSSLL,0.5,1,1,correption,ε:L:position ι:S:lexicon υ:S:unknown ε:L:position ε:S:nature α:S:paroxytone_short_ultima αι:L:nature+position ε:S:nature ε:S:nature αι:L:nature ε:S:nature α:S:lexicon ε:L:position ε:S:nature αι:S:nature ο:L:position αι:L:line_final,"ἐν πίτυς, ἐν μεγάλαι πτελέαι ἔσαν, ἐν δὲ καὶ ὄχναι,"
Hymn to Demeter,1,28,True,LSSLSSLSSLLLSSLL,LSSLSSLSSLLLSSLL,1.0,1,5,lexicon_overridden,ε:L:position ε:S:nature α:S:lexicon α:L:lexicon υ:S:unknown υ:S:unknown α:L:unknown α:S:antepenult_accent ο:S:nature ω:L:nature+position α:L:unknown ε:L:position ι:S:unknown ο:S:nature υ:L:lexicon ω:L:line_final,ἐν δὲ καλὰ γλυκύμαλα· τὸ δ’ ὥστ’ ἀλέκτρινον ὕδωρ
Hymn to Demeter,1,29,True,LSSLSSLSSLSSLSSLL,LSSLSSLSSLSSLSSLL,0.0,1,4,,ε:L:position α:S:unknown α:S:unknown α:L:circumflex α:S:unknown ε:S:nature υ:L:unknown ε:S:nature ε:S:nature α:L:lexicon ε:S:nature ε:S:nature αι:L:nature ε:S:nature ο:S:nature ω:L:nature ω:L:line_final,ἐξ ἀμαρᾶν ἀνέθυε. θεὰ δ’ ἐπεμαίνετο χώρῳ
Hymn to Demeter,1,30,True,LSSLLLSSLSSLSSLL,LSSLLLSSLSSLSSLL,0.0,1,1,,ο:L:position ο:S:nature ε:S:nature ευ:L:nature ι:L:circumflex ι:L:properispomenon ι:S:unknown ο:S:nature ω:L:nature ο:S:nature ο:S:nature ο:L:position ο:S:nature ο:S:nature ε:L:position α:L:line_final,"ὅσσον Ἐλευσῖνι, Τριόπῳ θ’ ὅσον, ὁκκόσον Ἔννᾳ."
Hymn to Demeter,1,31,True,LSSLSSLSSLSSLSSLL,LSSLSSLSSLSSLSSLL,1.0,1,2,cluster_short,α:L:position ο:S:nature α:S:position ι:L:unknown ο:S:nature ι:S:unknown αι:L:nature ι:S:antepenult_accent ο:S:nature ε:L:position ι:S:lexicon ο:S:nature α:L:position ε:S:nature ο:S:nature αι:L:nature ω:L:line_final,"ἀλλ’ ὅκα Τριοπίδαισιν ὁ δεξιὸς ἄχθετο δαίμων,"
Hymn to Demeter,1,32,True,LSSLLLSSLSSLSSLL,LSSLLLSSLSSLSSLL,0.0,1,4,,ου:L:nature α:S:unknown ι:S:unknown α:L:unknown ει:L:nature ω:L:nature ε:S:nature υ:S:unknown ι:L:position ο:S:nature ο:S:nature α:L:position α:S:lexicon ο:S:nature ω:L:nature α:L:line_final,τουτάκις ἁ χείρων Ἐρυσίχθονος ἅψατο βωλά·
Hymn to Demeter,1,33,True,LSSLSSLSSLSSLSSLL,LSSLSSLSSLSSLSSLL,0.0,1,0,,ευ:L:nature α:S:lexicon ε:S:nature ω:L:nature+position ε:S:nature α:S:lexicon ο:L:position α:S:lexicon ε:S:nature ει:L:nature ο:S:nature ι:S:lexicon α:L:lexicon α:S:lexicon ε:S:nature α:L:position α:L:line_final,"σεύατ’ ἔχων θεράποντας ἐείκοσι, πάντας ἐν ἀκμᾷ,"
Hymn to Demeter,1,34,True,LLLSSLSSLSSLSSLL,LLLSSLSSLSSLSSLL,0.0,1,1,,α:L:lexicon α:L:lexicon α:L:position ο:S:nature ι:S:unknown α:L:position α:S:antepenult_accent ο:S:nature α:L:position ο:S:nature ι:S:lexicon α:L:position ι:S:paroxytone_short_ultima ο:S:nature α:L:circumflex αι:L:line_final,"πάντας δ’ ἀνδρογίγαντας ὅλαν πόλιν ἀρκίος ἆραι,"
Hymn to Demeter,1,35,True,LSSLSSLSSLLLSSLL,LSSLSSLSSLLLSSLL,1.5,1,1,cluster_short;correption,α:L:position ο:S:nature ε:S:nature ο:L:position ε:S:nature ε:S:nature ε:L:position ι:S:lexicon αι:S:nature α:L:position ι:L:unknown αι:L:nature ι:S:antepenult_accent ο:S:position ι:L:position α:L:line_final,"ἀμφότερον πελέκεσσι καὶ ἀξίναισιν ὁπλίσσας,"
Hymn to Demeter,1,36,True,LSSLLLLLSSLSSLL,LSSLLLLLSSLSSLL,2.0,1,2,metrical_lengthening,ε:L:position ε:S:nature ο:S:nature α:L:unknown α:L:position ο:L:nature α:L:unknown αι:L:nature ε:S:nature ε:S:nature ε:L:position α:S:lexicon ο:S:nature α:L:paroxytone_short_ultima ο:L:line_final,ἐς δὲ τὸ Δάματρος ἀναιδέες ἔδραμον ἄλσος.
Hymn to Demeter,1,37,True,LSSLLLSSLSSLSSLL,LSSLLLSSLSSLSSLL,0.0,1,0,,η:L:nature+position ε:S:nature ι:S:lexicon αι:L:nature ει:L:nature ο:L:position ε:S:nature α:S:lexicon ε:L:position ε:S:nature ο:S:nature αι:L:nature ε:S:nature ι:S:lexicon υ:L:circumflex ο:L:line_final,"ἦς δέ τις αἴγειρος, μέγα δένδρεον αἰθέρι κῦρον,"
Hymn to Demeter,1,38,True,LSSLLLSSLSSLSSLL,LSSLLLSSLSSLSSLL,0.0,1,2,,ω:L:nature ε:S:nature ι:S:lexicon αι:L:nature υ:L:paroxytone_short_ultima αι:L:nature ο:S:nature ι:S:lexicon ω:L:nature+position ι:S:unknown ο:S:nature ε:L:position ι:S:unknown ο:S:nature ω:L:nature+position ο:L:line_final,"τῷ δ’ ἔπι ταὶ νύμφαι ποτὶ τὤνδιον ἑψιόωντο,"
Hymn to Demeter,1,39,True,LLLLLSSLSSLSSLL,LLLLLSSLSSLSSLL,0.0,1,2,,α:L:lexicon α:L:unknown α:L:position α:L:unknown ει:L:nature α:S:properispomenon α:S:lexicon ο:L:position ε:S:nature ο:S:nature ι:L:lexicon α:S:lexicon ε:S:nature α:L:paroxytone_short_ultima αι:L:line_final,ἃ πράτα πλαγεῖσα κακὸν μέλος ἴαχεν ἄλλαις.
Hymn to Demeter,1,40,True,LSSLLLSSLSSLSSLL,LSSLLLSSLSSLSSLL,0.0,1,2,,α:L:nature+position ε:S:nature ο:S:nature α:L:unknown α:L:unknown η:L:nature ο:S:nature ι:S:lexicon οι:L:nature+position υ:S:lexicon ο:S:nature ι:L:lexicon ε:S:nature ο:S:nature α:L:position ει:L:line_final,"ᾄσθετο Δαμάτηρ, ὅτι οἱ ξύλον ἱερὸν ἄλγει,"
Hymn to Demeter,1,41,True,LSSLSSLLLSSLSSLL,LSSLSSLLLSSLSSLL,1.0,1,2,lexicon_overridden,ει:L:nature ε:S:nature ε:S:nature ω:L:nature α:S:unknown ε:S:nature α:L:unknown ι:L:lexicon οι:L:nature α:S:lexicon α:S:lexicon ε:L:position ε:S:nature α:S:lexicon ο:L:position ει:L:line_final,εἶπε δὲ χωσαμένα τίς μοι καλὰ δένδρεα κόπτει;
Hymn to Demeter,1,42,True,LSSLLLLLSSLLLL,LSSLLLLLSSLLLL,1.5,1,4,,αυ:L:nature ι:S:lexicon α:S:lexicon ι:L:unknown ι:L:position α:L:nature α:L:unknown οι:L:nature ο:S:nature ι:S:lexicon α:L:unknown α:L:unknown ει:L:nature α:L:antepenult_accent,"αὐτίκα Νικίππᾳ, τάν οἱ πόλις ἀράτειραν"
Hymn to Demeter,1,43,True,LSSLLLSSLSSLSSLL,LSSLLLSSLSSLSSLL,0.0,1,4,,α:L:unknown ο:S:nature ι:S:unknown α:L:unknown ε:L:position α:L:unknown α:S:antepenult_accent ε:S:nature ει:L:nature α:S:lexicon ο:S:nature ε:L:position ο:S:nature ε:S:nature ει:L:nature ι:L:lexicon,"δαμοσίαν ἔστασαν, ἐείσατο, γέντο δὲ χειρὶ"
Hymn to Demeter,1,44,True,LSSLLLSSLSSLSSLL,LSSLLLSSLSSLSSLL,1.0,1,5,cluster_short,ε:L:position α:S:unknown α:S:antepenult_accent αι:L:nature α:L:unknown ω:L:nature α:S:antepenult_accent α:S:unknown ω:L:nature α:S:unknown ι:S:unknown α:L:position ε:S:nature ε:S:position α:L:nature α:L:properispomenon,"στέμματα καὶ μάκωνα, κατωμαδίαν δ’ ἔχε κλᾷδα."
Hymn to Demeter,1,45,True,LSSLLLSSLSSLSSLL,LSSLLLSSLSSLSSLL,0.5,1,2,correption,α:L:circumflex ε:S:nature α:S:unknown α:L:position υ:L:unknown οι:L:nature α:S:antepenult_accent α:S:lexicon ο:L:position αι:S:nature α:S:lexicon αι:L:nature ε:S:nature α:S:lexicon ω:L:nature α:L:lexicon,φᾶ δὲ παραψύχοισα κακὸν καὶ ἀναιδέα φῶτα
Hymn to Demeter,1,46,True,LSSLSSLSSLSSLSSLL,LSSLSSLSSLSSLSSLL,0.0,1,2,,ε:L:position ο:S:nature ο:S:nature ι:L:lexicon α:S:lexicon ε:S:nature οι:L:nature ι:S:lexicon α:S:unknown ει:L:nature ε:S:nature α:S:unknown ε:L:position ε:S:nature α:S:lexicon ο:L:position ει:L:line_final,"τέκνον, ὅτις τὰ θεοῖσιν ἀνειμένα δένδρεα κόπτεις,"
Hymn to Demeter,1,47,True,LSSLLLLLSSLSSLL,LSSLLLLLSSLSSLL,0.0,1,3,,ε:L:position ο:S:nature ε:S:nature ι:L:unknown υ:L:unknown ο:L:position ε:L:position ο:L:position ο:S:nature υ:S:unknown ε:L:position ε:S:nature ο:S:nature ευ:L:nature ι:L:lexicon,"τέκνον ἐλίνυσον, τέκνον πολύθεστε τοκεῦσι,"
Hymn to Demeter,1,48,True,LSSLSSLSSLSSLSSLL,LSSLSSLSSLSSLSSLL,0.0,1,2,,αυ:L:nature ε:S:nature ο:S:nature αι:L:nature ε:S:nature α:S:lexicon ο:L:position α:S:lexicon α:S:unknown ο:L:position ε:S:nature ε:S:nature η:L:nature ι:S:lexicon α:S:unknown ε:L:position η:L:line_final,"παύεο καὶ θεράποντας ἀπότρεπε, μή τι χαλεφθῇ"
Hymn to Demeter,1,49,True,LSSLLLLLSSLSSLL,LSSLLLLLSSLSSLL,0.0,1,3,,ο:L:position ι:S:lexicon α:S:lexicon α:L:unknown α:L:unknown η:L:nature+position α:L:circumflex ι:L:lexicon ε:S:nature ο:S:nature ε:L:position ε:S:nature α:S:unknown ι:L:position ει:L:line_final,"πότνια Δαμάτηρ, τᾶς ἱερὸν ἐκκεραΐζεις."
Hymn to Demeter,1,50,True,LSSLLLSSLSSLSSLL,LSSLLLSSLSSLSSLL,0.0,1,4,,α:L:position α:S:lexicon υ:S:unknown ο:L:position ε:L:position α:L:position α:S:unknown ε:S:nature ω:L:nature ε:S:nature ο:S:nature η:L:nature ε:S:nature υ:S:unknown α:L:unknown ο:L:line_final,τὰν δ’ ἄρ’ ὑποβλέψας χαλεπώτερον ἠὲ κυναγὸν
Hymn to Demeter,1,51,True,LSSLSSLSSLSSLSSLL,LSSLSSLSSLSSLSSLL,0.5,1,3,correption,ω:L:nature ε:S:nature ι:S:antepenult_accent ε:L:position α:S:unknown ι:S:unknown οι:L:nature ι:S:antepenult_accent υ:S:unknown ο:L:position ε:S:nature ει:S:nature α:L:lexicon α:S:lexicon ε:S:nature αι:L:nature α:L:antepenult_accent,ὤρεσιν ἐν Τμαρίοισιν ὑποβλέπει ἄνδρα λέαινα
Hymn to Demeter,1,52,True,LSSLLLSSLSSLSSLL,LSSLLLSSLSSLSSLL,0.0,1,3,,ω:L:nature ο:S:nature ο:S:nature ο:L:position α:L:circumflex α:L:position ι:S:unknown ε:S:nature ει:L:nature+position ο:S:nature υ:S:unknown ω:L:nature α:S:unknown ο:S:nature ο:L:position α:L:line_final,"ὠμοτόκος, τᾶς φαντὶ πέλειν βλοσυρώτατον ὄμμα,"
Hymn to Demeter,1,53,True,LSSLLLSSLSSLSSLL,LSSLLLSSLSSLSSLL,1.5,1,1,correption,α:L:position ευ:S:nature ε:S:nature α:L:unknown η:L:nature οι:L:nature ε:S:nature ε:S:nature υ:L:lexicon ε:S:nature α:S:lexicon ε:L:position ο:S:nature ι:S:lexicon α:L:position ω:L:line_final,"χάζευ, ἔφα, μή τοι πέλεκυν μέγαν ἐν χροΐ πάξω."
Hymn to Demeter,1,54,True,LSSLLLSSLSSLSSLL,LSSLLLSSLSSLSSLL,0.0,1,1,,αυ:L:nature α:S:lexicon ε:S:nature ο:L:position η:L:nature ει:L:nature+position ε:S:nature α:S:unknown ο:L:position ο:S:nature ο:S:nature ω:L:nature ε:S:nature ι:S:lexicon αι:L:nature α:L:lexicon,"ταῦτα δ’ ἐμὸν θησεῖ στεγανὸν δόμον, ᾧ ἔνι δαῖτας"
Hymn to Demeter,1,55,True,LSSLSSLSSLLLSSLL,LSSLSSLSSLLLSSLL,1.0,1,3,lexicon_overridden,αι:L:nature ε:S:nature ε:S:nature οι:L:nature ε:S:nature α:S:lexicon οι:L:nature ι:S:lexicon α:S:lexicon η:L:nature+position υ:L:unknown α:L:unknown ε:S:nature α:S:unknown α:L:position ω:L:line_final,αἰὲν ἐμοῖς ἑτάροισιν ἄδην θυμαρέας ἀξῶ.
Hymn to Demeter,1,56,True,LSSLSSLSSLLLSSLL,LSSLSSLSSLLLSSLL,0.0,1,3,,ει:L:nature ε:S:nature ο:S:nature αι:L:nature+position ε:S:nature ε:S:nature ι:L:lexicon ε:S:nature α:S:unknown α:L:unknown ε:L:position α:L:position α:S:unknown ο:S:nature ω:L:nature α:L:line_final,"εἶπεν ὁ παῖς, Νέμεσις δὲ κακὰν ἐγράψατο φωνάν."
Hymn to Demeter,1,57,True,LLLSSLSSLSSLSSLL,LLLSSLSSLSSLSSLL,0.0,1,5,,α:L:unknown α:L:unknown η:L:nature+position α:S:unknown α:S:unknown ο:L:position ι:S:lexicon ο:S:nature ε:L:position α:S:lexicon ο:S:nature ει:L:nature α:S:lexicon ο:S:nature α:L:unknown ευ:L:line_final,"Δαμάτηρ δ’ ἄφατόν τι κοτέσσατο, γείνατο δ’ ἁ θεύς·"
Hymn to Demeter,1,58,True,LSSLLLSSLSSLSSLL,LSSLLLSSLSSLSSLL,0.5,1,4,correption,ι:L:position α:S:unknown α:S:antepenult_accent ε:L:position ε:L:position ω:L:nature ε:S:nature α:S:unknown α:L:unknown ε:S:nature οι:S:nature α:L:position α:S:unknown ο:S:nature υ:L:position ω:L:line_final,"ἴθματα μὲν χέρσω, κεφαλὰ δέ οἱ ἅψατ’ Ὀλύμπω."
Hymn to Demeter,1,59,True,LSSLLLSSLLLSSLL,LSSLLLSSLLLSSLL,0.0,1,0,,οι:L:nature ε:S:nature α:S:lexicon η:L:nature ι:L:position η:L:nature ε:S:nature ε:S:nature ει:L:nature α:L:position ο:L:position ι:S:lexicon α:S:lexicon ει:L:nature ο:L:line_final,"οἱ μὲν ἄρ’ ἡμιθνῆτες, ἐπεὶ τὰν πότνιαν εἶδον,"
Hymn to Demeter,1,60,True,LSSLSSLSSLSSLSSLL,LSSLSSLSSLSSLSSLL,0.0,1,7,,ε:L:position α:S:unknown ι:S:unknown α:L:unknown α:S:unknown ο:S:nature ου:L:nature α:S:antepenult_accent ε:S:nature ι:L:lexicon υ:S:unknown ι:S:unknown α:L:position ο:S:nature α:S:unknown ε:L:position ε:L:line_final,ἐξαπίνας ἀπόρουσαν ἐνὶ δρυσὶ χαλκὸν ἀφέντες·
Hymn to Demeter,1,61,True,LLLSSLSSLLLSSLL,LLLSSLSSLLLSSLL,0.0,1,2,,α:L:unknown α:L:position ω:L:nature+position ε:S:nature ε:S:nature α:L:lexicon ε:S:nature α:S:unknown α:L:position αι:L:nature α:L:nature α:S:lexicon ε:S:nature ο:L:position ο:L:line_final,"ἁ δ’ ἄλλως μὲν ἔασεν, ἀναγκαίᾳ γὰρ ἕποντο"
Hymn to Demeter,1,62,True,LSSLSSLSSLSSLSSLL,LSSLSSLSSLSSLSSLL,0.0,1,5,,ε:L:position ο:S:nature ι:S:unknown α:L:unknown υ:S:lexicon ο:S:nature ει:L:nature α:S:lexicon α:S:lexicon υ:L:lexicon α:S:unknown α:S:unknown ει:L:nature+position α:S:unknown α:S:lexicon α:L:lexicon α:L:lexicon,"δεσποτικὰν ὑπὸ χεῖρα, βαρὺν δ’ ἀπαμείψατ’ ἄνακτα"
Hymn to Demeter,1,63,True,LLLSSLSSLSSLSSLL,LLLSSLSSLSSLSSLL,0.0,1,0,,αι:L:nature αι:L:nature ευ:L:nature ε:S:nature ο:S:nature ω:L:nature α:S:lexicon υ:S:lexicon ο:L:position υ:S:lexicon ο:S:nature ω:L:nature ε:S:nature ι:S:lexicon αι:L:nature α:L:lexicon,"ναὶ ναί, τεύχεο δῶμα, κύον, κύον, ᾧ ἔνι δαῖτας"
Hymn to Demeter,1,64,True,LLLSSLSSLSSLSSLL,LLLSSLSSLSSLSSLL,1.0,1,2,lexicon_overridden,οι:L:nature η:L:nature ει:L:nature+position α:S:unknown ι:S:unknown αι:L:nature α:S:lexicon ε:S:nature υ:L:position ε:S:nature ο:S:nature ει:L:nature α:S:lexicon ι:S:lexicon αι:L:nature οι:L:line_final,ποιησεῖς· θαμιναὶ γάρ ἐς ὕστερον εἰλαπίναι τοι.
Hymn to Demeter,1,65,True,LLLLLSSLSSLSSLL,LLLLLSSLSSLSSLL,0.0,1,2,,α:L:unknown ε:L:position ο:L:position ει:L:nature οι:L:nature ε:S:nature υ:S:unknown ι:L:position ο:S:nature ι:S:antepenult_accent ευ:L:nature ε:S:nature ο:S:nature η:L:nature α:L:line_final,ἁ μὲν τόσσ’ εἰποῖσ’ Ἐρυσίχθονι τεῦχε πονηρά.
Hymn to Demeter,1,66,True,LSSLSSLSSLSSLSSLL,LSSLSSLSSLSSLSSLL,0.5,1,0,correption,αυ:L:nature ι:S:lexicon α:S:lexicon οι:L:nature α:S:lexicon ε:S:nature ο:L:position ε:S:nature αι:S:nature α:L:position ι:S:lexicon ο:S:nature ε:L:position α:S:lexicon ε:S:nature ι:L:lexicon ο:L:line_final,αὐτίκα οἱ χαλεπόν τε καὶ ἄγριον ἔμβαλε λιμὸν
Hymn to Demeter,1,67,True,LLLSSLSSLLLSSLL,LLLSSLSSLLLSSLL,0.0,1,1,,αι:L:nature ω:L:nature α:L:lexicon α:S:lexicon ε:S:nature ο:L:position ε:S:nature α:S:unknown α:L:nature ε:L:position ευ:L:nature ε:S:nature ο:S:nature ου:L:nature ω:L:line_final,"αἴθωνα κρατερόν, μεγάλᾳ δ’ ἐστρεύγετο νούσῳ."
Hymn to Demeter,1,68,True,LSSLSSLSSLSSLSSLL,LSSLSSLSSLSSLSSLL,0.0,1,1,,ε:L:position ι:S:lexicon ο:S:nature ο:L:position α:S:lexicon α:S:unknown αι:L:nature ο:S:nature ο:S:nature ω:L:nature ε:S:nature ε:S:nature ι:L:lexicon ε:S:nature ο:S:nature αυ:L:nature ι:L:lexicon,"σχέτλιος, ὅσσα πάσαιτο τόσων ἔχεν ἵμερος αὖτις."
Hymn to Demeter,1,69,True,LSSLSSLSSLSSLSSLL,LSSLSSLSSLSSLSSLL,0.0,1,2,,ει:L:nature α:S:unknown ι:S:antepenult_accent αι:L:nature α:S:lexicon ε:S:nature ο:L:position ο:S:nature υ:S:lexicon ω:L:nature ε:S:nature α:S:lexicon οι:L:nature ο:S:nature α:S:unknown υ:L:position ο:L:line_final,"εἴκατι δαῖτα πένοντο, δυώδεκα δ’ οἶνον ἄφυσσον·"
Hymn to Demeter,1,70,True,LSSLLLSSLLLSSLL,LSSLLLSSLLLSSLL,0.0,1,2,,ο:L:position α:S:lexicon ι:S:lexicon ω:L:nature υ:L:lexicon ο:L:position α:S:lexicon α:S:lexicon αι:L:nature α:L:unknown α:L:position α:S:antepenult_accent α:S:unknown ε:L:position ε:L:line_final,τόσσα Διώνυσον γὰρ ἃ καὶ Δάματρα χαλέπτελ·
Hymn to Demeter,1,71,True,LLLLLSSLLLSSLL,LLLLLSSLLLSSLL,0.0,1,4,,αι:L:nature α:L:lexicon α:L:nature α:L:unknown α:L:position ι:S:antepenult_accent υ:S:unknown ω:L:nature+position ι:L:position η:L:nature ι:S:unknown ο:S:nature υ:L:unknown ο:L:line_final,καὶ γὰρ τᾷ Δάματρι συνωργίσθη Διόνυσος.
Hymn to Demeter,1,72,True,LSSLSSLLLLLSSLL,LSSLSSLLLLLSSLL,0.0,1,3,,ου:L:nature ε:S:nature ι:S:unknown ει:L:nature ε:S:nature α:S:unknown ω:L:nature ου:L:nature ε:L:position υ:L:position ει:L:nature+position ι:S:unknown α:S:antepenult_accent ε:L:position ο:L:line_final,οὔτε νιν εἰς ἐράνως οὔτε ξυνδείπνια πέμπον
Hymn to Demeter,1,73,True,LSSLSSLSSLLLSSLL,LSSLSSLSSLLLSSLL,0.0,1,2,,αι:L:nature ο:S:nature ε:S:nature οι:L:nature ο:S:nature ε:S:nature ε:L:position ο:S:nature α:S:unknown α:L:unknown ευ:L:nature ι:L:position ε:S:nature ο:S:nature α:L:lexicon α:L:lexicon,"αἰδόμενοι γονέες, προχανὰ δ’ εὑρίσκετο πᾶσα."
Hymn to Demeter,1,74,True,LSSLSSLSSLLLSSLL,LSSLSSLSSLLLSSLL,0.0,1,6,,η:L:nature+position ο:S:nature ι:S:unknown ω:L:nature ι:S:unknown α:S:paroxytone_short_ultima ο:L:position ι:S:unknown α:S:unknown α:L:unknown αι:L:nature α:L:unknown ε:S:nature α:S:lexicon ε:L:position α:L:lexicon,ἦνθον Ἰτωνιάδος νιν Ἀθαναίας ἐπ’ ἄεθλα
Hymn to Demeter,1,75,True,LSSLSSLSSLLLSSLL,LSSLSSLSSLLLSSLL,0.0,1,3,,ο:L:position ε:S:nature ι:S:paroxytone_short_ultima αι:L:nature α:S:unknown ε:S:nature ο:L:position ε:S:nature α:S:lexicon ω:L:nature α:L:position η:L:nature α:S:unknown ο:S:nature α:L:unknown η:L:line_final,Ὀρμενίδαι καλέοντες· ἀπ’ ὦν ἀρνήσατο μάτηρ
Hymn to Demeter,1,76,True,LLLLLSSLLLSSLL,LLLLLSSLLLSSLL,0.0,1,1,,ου:L:nature ε:L:position οι:L:nature+position ι:L:position ο:L:position α:S:lexicon ε:S:nature ι:L:lexicon α:L:position ω:L:nature α:S:properispomenon ε:S:nature α:L:unknown ε:L:line_final,"οὐκ ἔνδοι, χθιζὸς γὰρ ἐπὶ Κραννῶνα βέβακε"
Hymn to Demeter,1,77,True,LSSLLLSSLSSLSSLL,LSSLLLSSLSSLSSLL,0.0,1,1,,ε:L:position ο:S:nature α:S:unknown αι:L:nature η:L:nature ω:L:nature ε:S:nature α:S:lexicon ο:L:position ο:S:nature α:S:lexicon η:L:nature+position ε:S:nature ο:S:nature υ:L:position ω:L:line_final,"τέλθος ἀπαιτησῶν ἑκατὸν βόας. ἦνθε Πολυξώ,"
Hymn to Demeter,1,78,True,LLLSSLSSLSSLSSLL,LLLSSLSSLSSLSSLL,0.0,1,2,,α:L:unknown η:L:nature α:L:position ο:S:nature ι:S:lexicon ω:L:nature ο:S:nature ε:S:nature ει:L:nature α:S:lexicon ο:S:nature α:L:position υ:S:unknown ε:S:nature αι:L:nature ι:L:lexicon,"μάτηρ Ἀκτορίωνος, ἐπεὶ γάμον ἄρτυε παιδί,"
Hymn to Demeter,1,79,True,LSSLSSLSSLSSLLLL,LSSLSSLSSLSSLLLL,2.0,1,1,correption,α:L:position ο:S:nature ε:S:nature ο:L:position ι:S:unknown ο:S:nature α:L:position ε:S:nature αι:S:nature υι:L:nature ε:S:nature α:S:lexicon ι:L:position η:L:nature+position οι:L:nature α:L:antepenult_accent,ἀμφότερον Τριόπαν τε καὶ υἱέα κικλήσκοισα.
Hymn to Demeter,1,80,True,LSSLSSLSSLSSLSSLL,LSSLSSLSSLSSLSSLL,0.0,1,5,,α:L:position ε:S:nature υ:S:unknown α:L:unknown α:S:unknown υ:S:unknown υ:L:unknown ο:S:nature α:S:lexicon ει:L:nature ε:S:nature ο:S:nature α:L:paroxytone_short_ultima υ:S:lexicon ε:S:nature οι:L:nature α:L:antepenult_accent,τὰν δὲ γυνὰ βαρύθυμος ἀμείβετο δάκρυ χέοισα
Hymn to Demeter,1,81,True,LLLSSLSSLSSLSSLL,LLLSSLSSLSSLSSLL,0.0,1,3,,ει:L:nature αι:L:nature οι:L:nature+position ι:S:unknown ο:S:nature α:L:unknown ε:S:nature υ:S:unknown ι:L:position ο:S:nature α:S:antepenult_accent η:L:nature α:S:lexicon ε:S:nature α:L:paroxytone_short_ultima ο:L:line_final,"νεῖταί τοι Τριόπας, Ἐρυσίχθονα δ’ ἤλασε κάπρος"
Hymn to Demeter,1,82,True,LSSLLLSSLSSLSSLL,LSSLLLSSLSSLSSLL,0.0,1,1,,ι:L:paroxytone_short_ultima ο:S:nature α:S:lexicon ευ:L:nature α:L:position ει:L:nature α:S:antepenult_accent ο:S:nature ε:L:position ε:S:nature α:S:lexicon α:L:unknown ε:S:nature α:S:antepenult_accent ει:L:nature αι:L:line_final,"Πίνδον ἀν’ εὐάγκειαν, ὁ δ’ ἐννέα φάεα κεῖται."
Hymn to Demeter,1,83,True,LLLSSLSSLLLSSLL,LLLSSLSSLLLSSLL,0.0,1,3,,ει:L:nature αι:L:nature α:L:unknown ι:S:unknown ο:S:nature ε:L:position ε:S:nature ι:S:lexicon ου:L:nature ε:L:position ευ:L:nature α:S:unknown ο:S:nature α:L:circumflex ε:L:line_final,"δειλαία φιλότεκνε, τί δ’ οὐκ ἐψεύσαο, μᾶτερ;"
Hymn to Demeter,1,84,True,LSSLSSLSSLSSLSSLL,LSSLSSLSSLSSLSSLL,1.0,1,4,cluster_short,αι:L:nature υ:S:unknown ε:S:nature ει:L:nature α:S:unknown ι:S:unknown α:L:position ι:S:lexicon ε:S:nature α:L:position ο:S:position ι:S:lexicon οι:L:nature ε:S:nature υ:S:unknown ι:L:position ω:L:line_final,δαίνυεν εἰλαπίναν τις· ἐν ἀλλοτρίοις Ἐρυσίχθων.
Hymn to Demeter,1,85,True,LSSLLLSSLSSLSSLL,LSSLLLSSLSSLSSLL,0.0,1,3,,α:L:unknown ε:S:nature ο:S:nature ι:L:lexicon υ:L:position α:L:unknown ε:S:nature υ:S:unknown ι:L:position ο:S:nature α:S:antepenult_accent ι:L:paroxytone_short_ultima ο:S:nature ε:S:nature υ:L:position ε:L:line_final,"ἄγετό τις νύμφαν· Ἐρυσίχθονα δίσκος ἔτυψεν,"
Hymn to Demeter,1,86,True,LSSLLLSSLSSLSSLL,LSSLLLSSLSSLSSLL,1.5,1,4,correption,η:L:nature ε:S:nature ε:S:nature ε:L:position ι:L:position ω:L:nature η:S:nature ε:S:nature ο:L:position υ:S:unknown ι:S:unknown οι:L:nature+position ι:S:unknown α:S:unknown ι:L:position ει:L:line_final,"ἢ ἔπεσ’ ἐξ ἵππων, ἢ ἐν Ὄθρυϊποίμνἰ ἀμιθρεῖ."
Hymn to Demeter,1,87,True,LSSLLLSSLSSLSSLL,LSSLLLSSLSSLSSLL,0.0,1,5,,ε:L:position ο:S:nature υ:S:unknown ο:L:position η:L:nature ει:L:nature α:S:antepenult_accent α:S:unknown α:L:unknown ε:S:nature ο:S:nature ει:L:nature α:S:unknown ι:S:unknown α:L:position α:L:line_final,ἐνδόμυχος δἤπειτα πανάμερος εἰλαπιναστὰς
Hymn to Demeter,1,88,True,LSSLSSLSSLLLSSLL,LSSLSSLSSLLLSSLL,1.0,1,1,lexicon_overridden,η:L:nature+position ι:S:unknown ε:S:nature υ:L:lexicon ι:S:lexicon α:S:lexicon α:L:lexicon α:S:lexicon α:S:lexicon α:L:lexicon ε:L:position α:L:position ε:S:nature ο:S:nature α:L:position η:L:line_final,ἤσθιε μυρία πάντα· κακὰ δ’ ἐξάλλετο γαστὴρ
Hymn to Demeter,1,89,True,LLLSSLSSLSSLSSLL,LLLSSLSSLSSLSSLL,0.0,1,2,,αι:L:nature ει:L:nature α:L:lexicon ο:S:nature ε:S:nature ο:L:position ι:S:antepenult_accent α:S:lexicon ε:L:position υ:S:unknown ο:S:nature οι:L:nature α:S:lexicon α:S:unknown α:L:position α:L:line_final,"αἰεὶ μᾶλλον ἔδοντι, τὰ δ’ ἐς βυθὸν οἷα θαλάσσας"
Hymn to Demeter,1,90,True,LSSLSSLSSLSSLSSLL,LSSLSSLSSLSSLSSLL,0.0,1,6,,α:L:unknown ε:S:nature α:S:unknown ω:L:nature α:S:unknown α:S:unknown ι:L:position α:S:antepenult_accent α:S:unknown ε:L:position ε:S:nature ε:S:nature ει:L:nature α:S:unknown α:S:antepenult_accent α:L:lexicon α:L:lexicon,ἀλεμάτως ἀχάριστα κατέρρεεν εἴδατα πάντα.
Hymn to Demeter,1,91,True,LSSLSSLLLSSLSSLL,LSSLSSLLLSSLSSLL,1.0,1,4,lexicon_overridden,ω:L:nature+position ε:S:nature ι:S:unknown α:L:position ι:S:antepenult_accent ι:S:unknown ω:L:nature ω:L:nature α:L:unknown ε:S:nature ι:S:unknown ω:L:nature ε:S:nature ι:S:lexicon α:L:position ω:L:line_final,"ὡς δὲ Μίμαντι χιών, ὡς ἀελίῳ ἔνι πλαγγών,"
Hymn to Demeter,1,92,True,LLLSSLSSLSSLSSLL,LLLSSLSSLSSLSSLL,0.0,1,1,,αι:L:nature ου:L:nature ω:L:nature ε:S:nature ι:S:lexicon ει:L:nature+position ο:S:nature ε:S:nature α:L:unknown ε:S:nature ο:S:nature ε:L:position ε:S:nature ι:S:lexicon ευ:L:nature α:L:line_final,καὶ τούτων ἔτι μεῖζον ἐτάκετο μέσφ’ ἐπὶ νευράς·
Hymn to Demeter,1,93,True,LLLLLSSLSSLSSLL,LLLLLSSLSSLSSLL,0.5,1,0,correption,ει:L:nature αι:L:nature ω:L:nature ι:L:circumflex ε:L:position ε:S:nature αι:S:nature ο:L:position ε:S:nature α:S:lexicon ω:L:nature ο:S:nature ε:S:nature ει:L:nature+position ε:L:line_final,δειλαίῳ ἶνές τε καὶ ὀστέα μῶνον ἔλειφθεν.
Hymn to Demeter,1,94,True,LSSLLLSSLSSLSSLL,LSSLLLSSLSSLSSLL,0.0,1,3,,αι:L:nature ε:S:nature ε:S:nature α:L:unknown α:L:unknown η:L:nature+position α:S:lexicon υ:S:lexicon ε:L:position ε:S:nature ο:S:nature αι:L:nature υ:S:lexicon α:S:unknown ε:L:position αι:L:line_final,"κλαῖε μὲν ἁ μάτηρ, βαρὺ δ’ ἔστενον αἱ δύ’ ἀδελφαὶ"
Hymn to Demeter,1,95,True,LLLSSLSSLSSLSSLL,LLLSSLSSLSSLSSLL,0.5,1,0,correption,ω:L:nature α:L:position ο:L:position ο:S:nature ε:S:nature ω:L:nature ε:S:nature αι:S:nature αι:L:nature ε:S:nature α:S:lexicon ο:L:position α:S:lexicon ι:S:lexicon ω:L:nature αι:L:line_final,χὡ μαστὸς τὸν ἔπωνε καὶ αἱ δέκα πολλάκι δῶλαι.
Hymn to Demeter,1,96,True,LLLSSLSSLSSLSSLL,LLLSSLSSLSSLSSLL,0.0,1,2,,αι:L:nature αυ:L:nature ο:L:position ι:S:unknown ο:S:nature α:L:position ο:S:nature ι:S:unknown αι:L:nature ε:S:nature ι:S:lexicon ει:L:nature α:S:lexicon ε:S:nature α:L:position ε:L:line_final,"καὶ δ’ αὐτὸς Τριόπας πολιαῖς ἐπὶ χεῖρας ἔβαλλε,"
Hymn to Demeter,1,97,True,LSSLSSLSSLLLSSLL,LSSLSSLSSLLLSSLL,2.0,1,3,synizesis;synizesis,οι:L:nature α:S:lexicon ο:S:nature ου:L:nature α:S:unknown ι:S:unknown ο:L:position α:S:antepenult_accent ο:S:nature ει:L:nature α:L:lexicon ω:L:nature α:S:lexicon α:S:unknown ι:L:position εω:L:synizesis,τοῖα τὸν οὐκ ἀίοντα Ποσειδάωνα καλιστρέων·
Hymn to Demeter,1,98,True,LSSLSSLSSLSSLSSLL,LSSLSSLSSLSSLSSLL,0.0,1,1,,ευ:L:nature ο:S:nature α:S:unknown ω:L:nature ι:S:lexicon ε:S:nature ο:L:position ε:S:nature ε:S:nature ου:L:nature+position ι:S:lexicon ο:S:nature ει:L:nature ε:S:nature ε:S:nature ω:L:nature ε:L:line_final,"ψευδοπάτωρ ἰδὲ τόνδε τεοῦ τρίτον, εἴπερ ἐγὼ μὲν"
Hymn to Demeter,1,99,True,LSSLSSLSSLSSLSSLL,LSSLSSLSSLSSLSSLL,0.5,1,2,correption,ευ:L:nature ε:S:nature αι:S:nature αι:L:nature ο:S:nature ι:S:paroxytone_short_ultima ο:L:position α:S:unknown α:S:unknown α:L:position ε:S:nature ο:S:nature αυ:L:nature α:S:lexicon ε:S:nature ει:L:nature ο:L:line_final,"σεῦ τε καὶ Αἰολίδος Κανάκας γένος, αὐτὰρ ἐμεῖο"
Hymn to Demeter,1,100,True,LSSLLLSSLSSLSSLL,LSSLLLSSLSSLSSLL,0.0,1,0,,ου:L:nature ο:S:nature ο:S:nature ει:L:nature αι:L:nature ο:L:position ε:S:nature ε:S:nature ο:L:position ε:S:nature ο:S:nature αι:L:nature ε:S:nature α:S:lexicon αυ:L:nature ο:L:line_final,τοῦτο τὸ δείλαιον γένετο βρέφος· αἴθε γὰρ αὐτὸν
Hymn to Demeter,1,101,True,LSSLLLSSLSSLSSLL,LSSLLLSSLSSLSSLL,1.0,1,0,lexicon_overridden,η:L:nature ο:S:nature υ:S:lexicon α:L:lexicon ο:L:position ω:L:nature ο:S:nature ε:S:nature αι:L:nature ε:S:nature ε:S:nature ε:L:position ε:S:nature ε:S:nature ι:L:position α:L:antepenult_accent,βλητὸν ὑπ’ Ἀπόλλωνος ἐμαὶ χέρες ἐκτερέιξαν·
Hymn to Demeter,1,102,True,LSSLLLSSLLLSSLL,LSSLLLSSLLLSSLL,1.0,1,1,lexicon_overridden,υ:L:lexicon ε:S:nature α:S:lexicon α:L:lexicon ου:L:nature+position ω:L:nature+position ι:S:lexicon ε:S:nature ο:L:position α:L:position οι:L:nature ι:S:lexicon α:S:unknown η:L:nature αι:L:line_final,νῦν δὲ κακὰ βούβρωστις ἐν ὀφθαλμοῖσι κάθηται.
Hymn to Demeter,1,103,True,LSSLLLSSLSSLSSLL,LSSLLLSSLSSLSSLL,0.5,1,4,correption,η:L:nature οι:S:nature α:S:unknown ο:L:position α:L:unknown ο:L:position α:S:unknown ε:S:nature α:L:position ο:S:nature ο:S:nature η:L:nature ε:S:nature ι:S:unknown αυ:L:nature ο:L:line_final,ἤ οἱ ἀπόστασον χαλεπὰν νόσον ἠέ νιν αὐτὸς
Hymn to Demeter,1,104,True,LSSLLLSSLLLSSLL,LSSLLLSSLLLSSLL,1.0,1,3,override,ο:L:position ε:S:nature α:S:lexicon ω:L:nature α:L:unknown αι:L:nature α:S:lexicon α:S:unknown ει:L:nature η:L:nature α:L:position ι:S:antepenult_accent α:S:unknown ε:L:position αι:L:line_final,βόσκε λαβών· ἁμαὶ γὰρ ἀπειρήκαντι τράπεζαι.
Hymn to Demeter,1,105,True,LLLLLSSLSSLSSLL,LLLLLSSLSSLSSLL,0.5,1,1,correption,η:L:nature αι:L:nature ε:L:position α:L:paroxytone_short_ultima αι:L:nature ε:S:nature ε:S:nature αι:L:nature ε:S:nature οι:S:nature αυ:L:nature ι:S:unknown ε:S:nature η:L:nature η:L:line_final,"χῆραι μὲν μάνδραι, κενεαὶ δέ μοι αὔλιες ἤδη"
Hymn to Demeter,1,106,True,LSSLLLSSLLLSSLL,LSSLLLSSLLLSSLL,0.0,1,3,,ε:L:position α:S:unknown ο:S:nature ω:L:nature η:L:nature η:L:nature α:S:lexicon α:S:unknown α:L:position η:L:nature α:L:position ο:S:nature α:S:unknown ει:L:nature οι:L:line_final,"τετραπόδων, ἤδη γὰρ ἀπαρνήσαντο μάγειροι."
Hymn to Demeter,1,107,True,LSSLLLSSLSSLSSLL,LSSLLLSSLSSLSSLL,0.5,1,4,correption,α:L:position α:S:lexicon αι:S:nature ου:L:nature η:L:nature α:L:lexicon ε:S:nature α:S:unknown α:L:circumflex υ:S:unknown ε:S:nature υ:L:unknown α:S:antepenult_accent α:S:unknown α:L:position α:L:circumflex,"ἀλλὰ καὶ οὐρῆας μεγαλᾶν ὑπέλυσαν ἁμαξᾶν,"
Hymn to Demeter,1,108,True,LLLSSLLLSSLSSLL,LLLSSLLLSSLSSLL,1.5,1,4,correption,αι:L:nature α:L:position ω:L:nature ε:S:nature α:S:unknown ε:L:position α:L:unknown ε:L:position ι:S:unknown α:S:nature ε:L:position ε:S:nature ε:S:nature α:L:unknown η:L:line_final,"καὶ τὰν βῶν ἔφαγεν, τὰν Ἑστίᾳ ἔτρεφε μάτηρ,"
Hymn to Demeter,1,109,True,LSSLSSLLLSSLSSLL,LSSLSSLLLSSLSSLL,0.0,1,3,,αι:L:nature α:S:unknown α:S:unknown ε:L:position ο:S:nature ο:S:nature ο:L:position αι:L:nature ο:L:position ο:S:nature ε:S:nature η:L:nature ι:S:unknown ο:S:nature ι:L:paroxytone_short_ultima ο:L:line_final,"καὶ τὰν ἀεθλοφόρον καὶ τὸν πολεμήιον ἵππον,"
Hymn to Demeter,1,110,True,LLLLLLLSSLSSLL,LLLLLLLSSLSSLL,0.0,1,4,,αι:L:nature α:L:unknown αι:L:nature ου:L:nature ο:L:position α:L:unknown ε:L:position ε:S:nature ε:S:nature η:L:nature ι:S:unknown α:S:unknown ι:L:position α:L:line_final,"καὶ τὰν αἴλουρον, τὰν ἔτρεμε θηρία μικκά."
Hymn to Demeter,1,111,True,LSSLSSLSSLSSLSSLL,LSSLSSLSSLSSLSSLL,1.0,1,3,lexicon_overridden,ε:L:position ο:S:nature α:S:unknown ε:L:position ι:S:unknown ο:S:nature α:L:unknown ο:S:nature ο:S:nature οι:L:nature ε:S:nature ι:S:lexicon η:L:nature α:S:lexicon α:S:lexicon ει:L:nature ο:L:line_final,"μέσφ’ ὅκα μὲν Τριόπαο δόμοις ἔνι χρήματα κεῖτο,"
Hymn to Demeter,1,112,True,LSSLLLSSLSSLLLL,LSSLLLSSLSSLLLL,2.0,1,0,correption,ω:L:nature οι:S:nature α:S:lexicon οι:L:nature ει:L:nature οι:L:nature α:S:lexicon α:S:lexicon οι:L:nature α:S:lexicon ο:S:nature η:L:nature ι:L:position α:L:position ο:L:line_final,μῶνοι ἄρ’ οἰκεῖοι θάλαμοι κακὸν ἠπίσταντο.
Hymn to Demeter,1,113,True,LSSLSSLSSLLLSSLL,LSSLSSLSSLLLSSLL,0.0,1,3,,α:L:position ο:S:nature α:S:unknown ο:L:position α:S:lexicon υ:S:lexicon οι:L:nature ο:S:nature α:S:unknown ε:L:position η:L:nature α:L:unknown α:S:antepenult_accent ο:S:nature ο:L:position ε:L:line_final,"ἀλλ’ ὅκα τὸν βαθὺν οἶκον ἀνεξήραναν ὀδόντες,"
Hymn to Demeter,1,114,True,LSSLSSLSSLSSLSSLL,LSSLSSLSSLSSLSSLL,0.0,1,1,,αι:L:nature ο:S:nature ο:S:nature ω:L:nature α:S:lexicon ι:S:lexicon η:L:nature ο:S:nature ε:S:nature ι:L:lexicon ι:S:unknown ο:S:nature οι:L:nature ι:S:antepenult_accent α:S:lexicon η:L:nature+position ο:L:line_final,καὶ τόχ’ ὁ τῶ βασιλῆος ἐνὶ τριόδοισι καθῆστο
Hymn to Demeter,1,115,True,LLLSSLSSLSSLSSLL,LLLSSLSSLSSLSSLL,1.5,1,1,correption,αι:L:nature ι:L:position ω:L:nature α:S:unknown ο:S:nature ω:L:nature+position ε:S:nature αι:S:nature ε:L:position ο:S:nature α:S:antepenult_accent υ:L:lexicon α:S:lexicon α:S:lexicon αι:L:nature ο:L:line_final,αἰτίζων ἀκόλως τε καὶ ἔκβολα λύματα δαιτός.
Hymn to Demeter,1,116,True,LLLLLSSLSSLSSLL,LLLLLSSLSSLSSLL,0.5,1,3,correption,α:L:unknown α:L:unknown ε:L:position η:L:nature η:L:nature ο:S:nature ε:S:nature ι:L:position ι:S:lexicon ο:S:nature ο:L:position οι:S:nature α:S:unknown ε:L:position η:L:line_final,"Δάματερ, μὴ τῆνος ἐμὶν φίλος, ὅς τοι ἀπεχθής,"
Hymn to Demeter,1,117,True,LLLSSLSSLSSLSSLL,LLLSSLSSLSSLSSLL,0.0,1,1,,ει:L:nature η:L:nature η:L:nature ο:S:nature ο:S:nature οι:L:nature ο:S:nature ε:S:nature οι:L:nature α:S:unknown ο:S:nature ει:L:nature ο:S:nature ε:S:nature ε:L:position οι:L:line_final,εἴη μηδ’ ὁμότοιχος· ἐμοὶ κακογείτονες ἐχθροί.
Hymn to Demeter,1,118,True,LSSLSSLSSLLLSSLL,LSSLSSLSSLLLSSLL,1.5,1,2,correption,α:L:nature α:S:unknown ε:S:nature α:L:position ε:S:nature ι:S:unknown αι:L:nature αι:S:nature ε:S:nature ι:L:position ε:L:position α:L:position ε:S:nature ε:S:nature οι:L:nature αι:L:line_final,"ᾄσατε παρθενικαί, καὶ ἐπιφθέγξασθε τεκοῖσαι"
Hymn to Demeter,1,119,True,LLLSSLSSLSSLSSLL,LLLSSLSSLSSLSSLL,0.0,1,3,,α:L:unknown α:L:unknown ε:L:position ε:S:nature α:S:lexicon αι:L:nature ε:S:nature ο:S:nature υ:L:position ο:S:nature ε:S:nature ου:L:nature υ:S:unknown ε:S:nature ι:L:position ε:L:line_final,Δάματερ μέγα χαῖρε πολυτρόφε πουλυμέδιμνε.
Hymn to Demeter,1,120,True,LLLSSLLLSSLSSLL,LLLSSLLLSSLSSLL,0.5,1,3,correption,ω:L:nature αι:L:nature ο:L:position α:S:unknown α:S:unknown ο:L:position ευ:L:nature ο:L:position ι:S:unknown ε:S:nature ι:L:paroxytone_short_ultima οι:S:nature α:S:lexicon ο:L:position ι:L:lexicon,χὠς αἱ τὸν κάλαθον λευκότριχες ἵπποι ἄγοντι
Hymn to Demeter,1,121,True,LSSLLLSSLSSLSSLL,LSSLLLSSLSSLSSLL,0.0,1,3,,ε:L:position α:S:lexicon ε:S:nature ω:L:nature α:L:unknown ι:L:position ε:S:nature α:S:lexicon α:L:lexicon ε:S:nature ο:S:nature ευ:L:nature υ:S:unknown α:S:unknown α:L:position α:L:antepenult_accent,"τέσσαρες, ὣς ἁμὶν μεγάλα θεὸς εὐρυάνασσα"
Hymn to Demeter,1,122,True,LSSLLLSSLLLSSLL,LSSLLLSSLLLSSLL,0.0,1,0,,ευ:L:nature ο:S:nature ε:S:nature α:L:lexicon ευ:L:nature ο:L:position ε:S:nature ε:S:nature ο:L:position αι:L:nature ει:L:nature α:S:lexicon ε:S:nature οι:L:nature α:L:antepenult_accent,"λευκὸν ἔαρ, λευκὸν δὲ θέρος καὶ χεῖμα φέροισα"
Hymn to Demeter,1,123,True,LLLSSLSSLLLSSLL,LLLSSLSSLLLSSLL,0.0,1,2,,η:L:nature+position ει:L:nature αι:L:nature+position ι:S:unknown ο:S:nature ω:L:nature ο:S:nature ε:S:nature ο:L:position ει:L:nature α:L:paroxytone_short_ultima ο:S:nature υ:S:unknown α:L:position ει:L:line_final,"ἡξεῖ καὶ φθινόπωρον, ἔτος δ’ εἰς ἄλλο φυλαξεῖ."
Hymn to Demeter,1,124,True,LSSLLLSSLSSLSSLL,LSSLLLSSLSSLSSLL,0.5,1,5,correption,ω:L:nature+position α:S:unknown ε:S:nature ι:L:unknown ω:L:nature οι:L:nature αι:S:nature α:S:unknown α:L:position υ:S:unknown ε:S:nature α:L:paroxytone_short_ultima υ:S:lexicon α:S:unknown ευ:L:nature ε:L:line_final,"ὡς δ’ ἀπεδίλωτοι καὶ ἀνάμπυκες ἄστυ πατεῦμες,"
Hymn to Demeter,1,125,True,LSSLSSLSSLSSLSSLL,LSSLSSLSSLSSLSSLL,0.0,1,3,,ω:L:nature+position ο:S:nature α:S:lexicon ω:L:nature+position ε:S:nature α:S:lexicon α:L:lexicon α:S:unknown α:S:unknown η:L:nature ε:S:nature α:S:unknown ε:L:position ο:S:nature ε:S:nature αι:L:nature ει:L:line_final,"ὣς πόδας, ὣς κεφαλὰς παναπηρέας ἕξομες αἰεί."
Hymn to Demeter,1,126,True,LLLSSLLLSSLSSLL,LLLSSLLLSSLSSLL,0.0,1,3,,ω:L:nature+position αι:L:nature ι:L:position ο:S:nature ο:S:nature οι:L:nature+position υ:L:unknown ω:L:nature+position ε:S:nature α:S:unknown ι:L:position α:S:unknown ε:S:nature ο:L:position ι:L:antepenult_accent,"ὡς δ’ αἱ λικνοφόροι χρυσῶ πλέα λίκνα φέροντι,"
Hymn to Demeter,1,127,True,LLLLLSSLSSLLLL,LLLLLSSLSSLLLL,1.5,1,4,,ω:L:nature α:L:unknown ε:L:position ο:L:position υ:L:lexicon ο:S:nature α:S:unknown ει:L:nature ε:S:nature α:S:unknown α:L:unknown αι:L:nature ε:L:position α:L:antepenult_accent,ὣς ἁμὲς τὸν χρυσὸν ἀφειδέα πασαίμεσθα.
Hymn to Demeter,1,128,True,LSSLSSLSSLSSLSSLL,LSSLSSLSSLSSLSSLL,0.0,1,5,,ε:L:position α:S:unknown α:S:lexicon α:L:circumflex ο:S:nature ι:S:lexicon ο:L:position υ:S:unknown α:S:unknown η:L:nature ι:S:unknown α:S:antepenult_accent α:L:lexicon α:S:unknown ε:S:nature ε:L:position ω:L:line_final,"μέσφα τὰ τᾶς πόλιος πρυτανήια τὰς ἀτελέστως,"
Hymn to Demeter,1,129,True,LSSLSSLSSLSSLSSLL,LSSLSSLSSLSSLSSLL,0.0,1,0,,α:L:lexicon ε:S:nature ε:S:nature ε:L:position ο:S:nature ε:S:nature α:L:position ο:S:nature ι:S:lexicon α:L:position ε:S:nature ο:S:nature α:L:paroxytone_short_ultima ι:S:lexicon ο:S:nature α:L:position ει:L:line_final,"τὰς δὲ τελεσφορέας ποτὶ τὰν θεὸν ἄχρις ὁμαρτεῖν,"
Hymn to Demeter,1,130,True,LSSLLLSSLSSLSSLL,LSSLLLSSLSSLSSLL,0.5,1,2,correption,αι:L:nature ι:S:unknown ε:S:nature ε:L:position η:L:nature ο:L:position α:S:lexicon α:S:unknown ω:L:nature ε:S:nature αι:S:nature αι:L:nature ε:S:nature α:S:lexicon ει:L:nature αι:L:line_final,αἵτινες ἑξήκοντα κατώτεραι· αἱ δὲ βαρεῖαι
Hymn to Demeter,1,131,True,LSSLLLLLSSLSSLL,LSSLLLLLSSLSSLL,0.0,1,5,,α:L:unknown ι:S:unknown ε:S:nature ει:L:nature υι:L:nature α:L:nature ει:L:nature ει:L:nature ε:S:nature α:S:unknown α:L:unknown ι:S:unknown ε:S:nature α:L:position ει:L:line_final,χἄτις Ἐλειθυίᾳ τείνει χέρα χἄτις ἐν ἄλγει.
Hymn to Demeter,1,132,True,LSSLLLSSLSSLSSLL,LSSLLLSSLSSLSSLL,0.0,1,2,,ω:L:nature α:S:lexicon ι:S:lexicon ω:L:nature αυ:L:nature α:L:circumflex ι:S:unknown α:S:unknown ο:L:position ο:S:nature υ:S:lexicon αι:L:nature ι:S:properispomenon ε:S:nature η:L:nature ω:L:line_final,"ὣς ἅλις, ὡς αὐτᾶν ἱκανὸν γόνυ· ταῖσι δὲ Δηὼ"
Hymn to Demeter,1,133,True,LLLSSLSSLSSLSSLL,LLLSSLSSLSSLSSLL,0.5,1,2,correption,ω:L:nature ει:L:nature α:L:position ε:S:nature ι:S:unknown ε:L:position α:S:antepenult_accent αι:S:nature ω:L:nature+position ο:S:nature ι:S:lexicon α:L:unknown ο:S:nature ι:S:lexicon ω:L:nature+position αι:L:line_final,δωσεῖ πάντ’ ἐπίμεστα καὶ ὡς ποτὶ ναὸν ἵκωνται.
Hymn to Demeter,1,134,True,LSSLLLSSLSSLSSLL,LSSLLLSSLSSLSSLL,0.0,1,0,,αι:L:nature ε:S:nature ε:S:nature α:L:lexicon αι:L:nature α:L:paroxytone_short_ultima ε:S:nature α:S:lexicon ω:L:nature ο:S:nature ι:S:lexicon ε:L:position ο:S:nature ο:S:nature οι:L:nature α:L:line_final,χαῖρε θεὰ καὶ τάνδε σάω πόλιν ἔν θ’ ὁμονοίᾳ
Hymn to Demeter,1,135,True,LLLSSLSSLSSLSSLL,LLLSSLSSLSSLSSLL,0.0,1,3,,ε:L:position ευ:L:nature η:L:nature ε:S:nature ι:S:unknown α:L:nature ε:S:nature ε:S:nature α:L:position ο:S:nature ι:S:unknown ο:L:position ι:S:unknown α:S:antepenult_accent α:L:lexicon α:L:lexicon,"ἔν τ’ εὐηπελίᾳ, φέρε δ’ ἀγρόθι νόστιμα πάντα·"
Hymn to Demeter,1,136,True,LSSLSSLSSLSSLSSLL,LSSLSSLSSLSSLSSLL,0.0,1,2,,ε:L:position ε:S:nature ο:S:nature α:L:lexicon ε:S:nature ε:S:nature α:L:circumflex α:S:properispomenon ε:S:nature ε:L:position α:S:unknown υ:S:unknown οι:L:nature ε:S:nature ε:S:nature ι:L:position ο:L:line_final,"φέρβε βόας, φέρε μᾶλα, φέρε στάχυν, οἶσε θερισμόν,"
Hymn to Demeter,1,137,True,LSSLLLSSLSSLSSLL,LSSLLLSSLSSLSSLL,1.5,1,5,correption,ε:L:position ε:S:nature αι:S:nature ει:L:nature α:L:unknown α:L:unknown ι:S:lexicon ο:S:nature α:L:unknown ο:S:nature ε:S:nature η:L:nature ο:S:nature α:S:unknown α:L:unknown η:L:line_final,"φέρβε καὶ εἰράναν, ἵν’ ὃς ἄροσε τῆνος ἀμάσῃ."
Hymn to Demeter,1,138,True,LSSLLLSSLLLSSLL,LSSLLLSSLLLSSLL,0.0,1,3,,ι:L:unknown α:S:unknown ι:S:unknown οι:L:nature+position ι:L:position ι:L:position ε:S:nature ε:S:nature α:L:lexicon ει:L:nature οι:L:nature α:S:antepenult_accent ε:S:nature α:L:lexicon ω:L:line_final,ἵλαθί μοι τρίλλιστε μέγα κρείοισα θεάων.
