work,tlg,book,n,text,text_clean,source
Phaenomena,tlg001,1,1,"ἐκ Διὸς ἀρχώμεσθα, τὸν οὐδέποτʼ ἄνδρες ἐῶμεν","ἐκ Διὸς ἀρχώμεσθα, τὸν οὐδέποτ’ ἄνδρες ἐῶμεν",tlg0653.tlg001.perseus-grc2.xml
Phaenomena,tlg001,1,2,"ἄρρητον· μεσταὶ δέ Διὸς πᾶσαι μὲν ἀγυιαί,","ἄρρητον· μεσταὶ δέ Διὸς πᾶσαι μὲν ἀγυιαί,",tlg0653.tlg001.perseus-grc2.xml
Phaenomena,tlg001,1,3,"πᾶσαι δʼ ἀνθρώπων ἀγοραί, μεστὴ δὲ θάλασσα","πᾶσαι δ’ ἀνθρώπων ἀγοραί, μεστὴ δὲ θάλασσα",tlg0653.tlg001.perseus-grc2.xml
Phaenomena,tlg001,1,4,καὶ λιμένες· πάντη δὲ Διὸς κεχρήμεθα πάντες.,καὶ λιμένες· πάντη δὲ Διὸς κεχρήμεθα πάντες.,tlg0653.tlg001.perseus-grc2.xml
Phaenomena,tlg001,1,5,τοῦ γάρ καὶ γένος εἰμέν· ὁ δʼ ἤπιος ἀνθρώποισιν,τοῦ γάρ καὶ γένος εἰμέν· ὁ δ’ ἤπιος ἀνθρώποισιν,tlg0653.tlg001.perseus-grc2.xml
Phaenomena,tlg001,1,6,"δεξιὰ σημαίνει, λαοὺς δʼ ἐπὶ ἔργον ἐγείρει,","δεξιὰ σημαίνει, λαοὺς δ’ ἐπὶ ἔργον ἐγείρει,",tlg0653.tlg001.perseus-grc2.xml
Phaenomena,tlg001,1,7,"μιμνῄσκων βιότοιο, λέγει δʼ ὅτε βῶλος ἀρίστη","μιμνῄσκων βιότοιο, λέγει δ’ ὅτε βῶλος ἀρίστη",tlg0653.tlg001.perseus-grc2.xml
Phaenomena,tlg001,1,8,"βουσί τε καὶ μακέλῃσι, λέγει δʼ ὅτε δεξιαὶ ὧραι","βουσί τε καὶ μακέλῃσι, λέγει δ’ ὅτε δεξιαὶ ὧραι",tlg0653.tlg001.perseus-grc2.xml
Phaenomena,tlg001,1,9,καὶ φυτὰ γυρῶσαι καὶ σπέρματα πάντα βαλέσθαι.,καὶ φυτὰ γυρῶσαι καὶ σπέρματα πάντα βαλέσθαι.,tlg0653.tlg001.perseus-grc2.xml
Phaenomena,tlg001,1,10,"αὐτὸς γὰρ τά γε σήματʼ ἐν οὐρανῷ ἐστήριξεν,","αὐτὸς γὰρ τά γε σήματ’ ἐν οὐρανῷ ἐστήριξεν,",tlg0653.tlg001.perseus-grc2.xml
Phaenomena,tlg001,1,11,"ἄστρα διακρίνας, ἐσκέψατο δʼ εἰς ἐνιαυτὸν","ἄστρα διακρίνας, ἐσκέψατο δ’ εἰς ἐνιαυτὸν",tlg0653.tlg001.perseus-grc2.xml
Phaenomena,tlg001,1,12,ἀστέρας οἵ κε μάλιστα τετυγμένα σημαίνοιεν,ἀστέρας οἵ κε μάλιστα τετυγμένα σημαίνοιεν,tlg0653.tlg001.perseus-grc2.xml
Phaenomena,tlg001,1,13,"ἀνδράσιν ὡράων, ὄφρʼ ἔμπεδα πάντα φύωνται.","ἀνδράσιν ὡράων, ὄφρ’ ἔμπεδα πάντα φύωνται.",tlg0653.tlg001.perseus-grc2.xml
Phaenomena,tlg001,1,14,τῶ μιν ἀεὶ πρῶτόν τε καὶ ὕστατον ἱλάσκονται.,τῶ μιν ἀεὶ πρῶτόν τε καὶ ὕστατον ἱλάσκονται.,tlg0653.tlg001.perseus-grc2.xml
Phaenomena,tlg001,1,15,"χαῖρε, πάτερ, μέγα θαῦμα, μέγʼ ἀνθρώποισιν ὄνειαρ,","χαῖρε, πάτερ, μέγα θαῦμα, μέγ’ ἀνθρώποισιν ὄνειαρ,",tlg0653.tlg001.perseus-grc2.xml
Phaenomena,tlg001,1,16,αὐτὸς καὶ προτέρη γενεή. Χαίροιτε δὲ Μοῦσαι,αὐτὸς καὶ προτέρη γενεή. Χαίροιτε δὲ Μοῦσαι,tlg0653.tlg001.perseus-grc2.xml
Phaenomena,tlg001,1,17,μειλίχιαι μάλα πᾶσαι· ἐμοί γε μὲν ἀστέρας εἰπεῖν,μειλίχιαι μάλα πᾶσαι· ἐμοί γε μὲν ἀστέρας εἰπεῖν,tlg0653.tlg001.perseus-grc2.xml
Phaenomena,tlg001,1,18,ᾗ θέμις εὐχομένῳ τεκμήρατε πᾶσαν ἀοιδήν.,ᾗ θέμις εὐχομένῳ τεκμήρατε πᾶσαν ἀοιδήν.,tlg0653.tlg001.perseus-grc2.xml
Phaenomena,tlg001,1,19,οἱ μὲν ὁμῶς πολέες τε καὶ ἄλλυδις ἄλλοι ἐόντες,οἱ μὲν ὁμῶς πολέες τε καὶ ἄλλυδις ἄλλοι ἐόντες,tlg0653.tlg001.perseus-grc2.xml
Phaenomena,tlg001,1,20,οὐρανῷ ἕλκονται πάντʼ ἤματα συνεχὲς αἰεί·,οὐρανῷ ἕλκονται πάντ’ ἤματα συνεχὲς αἰεί·,tlg0653.tlg001.perseus-grc2.xml
Phaenomena,tlg001,1,21,"αὐτὰρ ὅ γʼ οὐδʼ ὀλίγον μετανίσσεται, ἀλλὰ μάλʼ αὕτως","αὐτὰρ ὅ γ’ οὐδ’ ὀλίγον μετανίσσεται, ἀλλὰ μάλ’ αὕτως",tlg0653.tlg001.perseus-grc2.xml
Phaenomena,tlg001,1,22,"ἄξων αἰὲν ἄρηρεν, ἔχει δʼ ἀτάλαντον ἁπάντη","ἄξων αἰὲν ἄρηρεν, ἔχει δ’ ἀτάλαντον ἁπάντη",tlg0653.tlg001.perseus-grc2.xml
Phaenomena,tlg001,1,23,"μεσσηγὺς γαῖαν, περὶ δʼ οὐρανὸν αὐτὸν ἀγινεῖ.","μεσσηγὺς γαῖαν, περὶ δ’ οὐρανὸν αὐτὸν ἀγινεῖ.",tlg0653.tlg001.perseus-grc2.xml
Phaenomena,tlg001,1,24,καί μιν πειραίνουσι δύω πόλοι ἀμφοτέρωθεν·,καί μιν πειραίνουσι δύω πόλοι ἀμφοτέρωθεν·,tlg0653.tlg001.perseus-grc2.xml
Phaenomena,tlg001,1,25,"ἀλλʼ ὁ μὲν οὐκ ἐπίοπτος, ὁ δʼ ἀντίος ἐκ βορέαο","ἀλλ’ ὁ μὲν οὐκ ἐπίοπτος, ὁ δ’ ἀντίος ἐκ βορέαο",tlg0653.tlg001.perseus-grc2.xml
Phaenomena,tlg001,1,26,ὑψόθεν ὠκεανοῖο· δύω δέ μιν ἀμφὶς ἔχουσαι,ὑψόθεν ὠκεανοῖο· δύω δέ μιν ἀμφὶς ἔχουσαι,tlg0653.tlg001.perseus-grc2.xml
Phaenomena,tlg001,1,27,"Ἄρκτοι ἅμα τροχόωσι, τὸ δὴ καλέονται ἅμαξαι.","Ἄρκτοι ἅμα τροχόωσι, τὸ δὴ καλέονται ἅμαξαι.",tlg0653.tlg001.perseus-grc2.xml
Phaenomena,tlg001,1,28,αἱ δʼ ἤτοι κεφαλὰς μὲν ἐπʼ ἰξύας αἰέν ἔχουσιν,αἱ δ’ ἤτοι κεφαλὰς μὲν ἐπ’ ἰξύας αἰέν ἔχουσιν,tlg0653.tlg001.perseus-grc2.xml
Phaenomena,tlg001,1,29,"ἀλλήλων, αἰεὶ δέ κατωμάδιαι φορέονται,","ἀλλήλων, αἰεὶ δέ κατωμάδιαι φορέονται,",tlg0653.tlg001.perseus-grc2.xml
Phaenomena,tlg001,1,30,"ἔμπαλιν εἰς ὤμους τετραμμέναι. εἰ ἐτεὸν δή,","ἔμπαλιν εἰς ὤμους τετραμμέναι. εἰ ἐτεὸν δή,",tlg0653.tlg001.perseus-grc2.xml
Phaenomena,tlg001,1,31,Κρήτηθεν κεῖναί γε Διὸς μεγάλου ἰότητι,Κρήτηθεν κεῖναί γε Διὸς μεγάλου ἰότητι,tlg0653.tlg001.perseus-grc2.xml
Phaenomena,tlg001,1,32,"οὐρανὸν εἰσανέβησαν, ὅ μιν τότε κουρίζοντα","οὐρανὸν εἰσανέβησαν, ὅ μιν τότε κουρίζοντα",tlg0653.tlg001.perseus-grc2.xml
Phaenomena,tlg001,1,33,"Δίκτῳ ἐν εὐώδει, ὄρεος σχεδὸν Ἰδαίοιο,","Δίκτῳ ἐν εὐώδει, ὄρεος σχεδὸν Ἰδαίοιο,",tlg0653.tlg001.perseus-grc2.xml
Phaenomena,tlg001,1,34,"ἄντρῳ ἐγκατέθεντο καὶ ἔτρεφον εἰς ἐνιαυτόν,","ἄντρῳ ἐγκατέθεντο καὶ ἔτρεφον εἰς ἐνιαυτόν,",tlg0653.tlg001.perseus-grc2.xml
Phaenomena,tlg001,1,35,Δικταῖοι Κούρητες ὅτε Κρόνον ἐψεύδοντο.,Δικταῖοι Κούρητες ὅτε Κρόνον ἐψεύδοντο.,tlg0653.tlg001.perseus-grc2.xml
Phaenomena,tlg001,1,36,"καὶ τὴν μὲν Κυνόσουραν ἐπίκλησιν καλέουσιν,","καὶ τὴν μὲν Κυνόσουραν ἐπίκλησιν καλέουσιν,",tlg0653.tlg001.perseus-grc2.xml
Phaenomena,tlg001,1,37,τὴν δʼ ἑτέρην Ἑλίκην. Ἑλίκῃ γε μὲν ἄνδρες Ἀχαιοὶ,τὴν δ’ ἑτέρην Ἑλίκην. Ἑλίκῃ γε μὲν ἄνδρες Ἀχαιοὶ,tlg0653.tlg001.perseus-grc2.xml
Phaenomena,tlg001,1,38,"εἰν ἁλὶ τεκμαίρονται ἵνα χρὴ νῆας ἀγινεῖν,","εἰν ἁλὶ τεκμαίρονται ἵνα χρὴ νῆας ἀγινεῖν,",tlg0653.tlg001.perseus-grc2.xml
Phaenomena,tlg001,1,39,τῇ δʼ ἄρα Φοίνικες πίσυνοι περόωσι θάλασσαν.,τῇ δ’ ἄρα Φοίνικες πίσυνοι περόωσι θάλασσαν.,tlg0653.tlg001.perseus-grc2.xml
Phaenomena,tlg001,1,40,ἀλλʼ ἡ μὲν καθαρὴ καὶ ἐπιφράσσασθαι ἑτοίμη,ἀλλ’ ἡ μὲν καθαρὴ καὶ ἐπιφράσσασθαι ἑτοίμη,tlg0653.tlg001.perseus-grc2.xml
Phaenomena,tlg001,1,41,πολλὴ φαινομένη Ἑλίκη πρώτης ἀπὸ νυκτός·,πολλὴ φαινομένη Ἑλίκη πρώτης ἀπὸ νυκτός·,tlg0653.tlg001.perseus-grc2.xml
Phaenomena,tlg001,1,42,"ἡ δʼ ἑτέρη ὀλίγη μέν, ἀτὰρ ναύτῃσιν ἀρείων·","ἡ δ’ ἑτέρη ὀλίγη μέν, ἀτὰρ ναύτῃσιν ἀρείων·",tlg0653.tlg001.perseus-grc2.xml
Phaenomena,tlg001,1,43,μειοτέρῃ γὰρ πᾶσα περιστρέφεται στροφάλιγγι·,μειοτέρῃ γὰρ πᾶσα περιστρέφεται στροφάλιγγι·,tlg0653.tlg001.perseus-grc2.xml
Phaenomena,tlg001,1,44,τῇ καὶ Σιδόνιοι ἰθύντατα ναυτίλλονται.,τῇ καὶ Σιδόνιοι ἰθύντατα ναυτίλλονται.,tlg0653.tlg001.perseus-grc2.xml
Phaenomena,tlg001,1,45,τὰς δέ διʼ ἀμφοτέρας οἵη ποταμοῖο ἀπορρώξ,τὰς δέ δι’ ἀμφοτέρας οἵη ποταμοῖο ἀπορρώξ,tlg0653.tlg001.perseus-grc2.xml
Phaenomena,tlg001,1,46,"εἰλεῖται μέγα θαῦμα, δράκων, περί τʼ ἀμφί τʼ ἐαγώς","εἰλεῖται μέγα θαῦμα, δράκων, περί τ’ ἀμφί τ’ ἐαγώς",tlg0653.tlg001.perseus-grc2.xml
Phaenomena,tlg001,1,47,μυρίος· αἱ δʼ ἄρα οἱ σπείρης ἑκάτερθε φέρονται,μυρίος· αἱ δ’ ἄρα οἱ σπείρης ἑκάτερθε φέρονται,tlg0653.tlg001.perseus-grc2.xml
Phaenomena,tlg001,1,48,"ἄρκτοι, κυανέου πεφυλαγμέναι ὠκεανοῖο.","ἄρκτοι, κυανέου πεφυλαγμέναι ὠκεανοῖο.",tlg0653.tlg001.perseus-grc2.xml
Phaenomena,tlg001,1,49,"αὐτὰρ ὅ γʼ ἄλλην μὲν νεάτῃ ἐπιτείνεται οὐρῇ,","αὐτὰρ ὅ γ’ ἄλλην μὲν νεάτῃ ἐπιτείνεται οὐρῇ,",tlg0653.tlg001.perseus-grc2.xml
Phaenomena,tlg001,1,50,ἄλλην δέ σπείρῃ περιτέμνεται. ἡ μέν οἱ ἄκρη,ἄλλην δέ σπείρῃ περιτέμνεται. ἡ μέν οἱ ἄκρη,tlg0653.tlg001.perseus-grc2.xml
Phaenomena,tlg001,1,51,οὐρὴ πὰρ κεφαλὴν Ἑλίκης ἀποπαύεται Ἄρκτου·,οὐρὴ πὰρ κεφαλὴν Ἑλίκης ἀποπαύεται Ἄρκτου·,tlg0653.tlg001.perseus-grc2.xml
Phaenomena,tlg001,1,52,σπείρῃ δʼ ἐν Κυνόσουρα κάρη ἔχει· ἡ δέ κατʼ αὐτὴν,σπείρῃ δ’ ἐν Κυνόσουρα κάρη ἔχει· ἡ δέ κατ’ αὐτὴν,tlg0653.tlg001.perseus-grc2.xml
Phaenomena,tlg001,1,53,"εἰλεῖται κεφαλὴν καί οἱ ποδὸς ἔρχεται ἄχρις,","εἰλεῖται κεφαλὴν καί οἱ ποδὸς ἔρχεται ἄχρις,",tlg0653.tlg001.perseus-grc2.xml
Phaenomena,tlg001,1,54,ἐκ δʼ αὖτις παλίνορσος ἀνατρέχει. οὐ μέν ἐκείνῃ,ἐκ δ’ αὖτις παλίνορσος ἀνατρέχει. οὐ μέν ἐκείνῃ,tlg0653.tlg001.perseus-grc2.xml
Phaenomena,tlg001,1,55,"οἰόθεν οὐδʼ οἶος κεφαλῇ ἐπιλάμπεται ἀστήρ,","οἰόθεν οὐδ’ οἶος κεφαλῇ ἐπιλάμπεται ἀστήρ,",tlg0653.tlg001.perseus-grc2.xml
Phaenomena,tlg001,1,56,"ἀλλὰ δύο κροτάφοις, δύο δʼ ὄμμασιν· εἷς δʼ ὑπένερθεν","ἀλλὰ δύο κροτάφοις, δύο δ’ ὄμμασιν· εἷς δ’ ὑπένερθεν",tlg0653.tlg001.perseus-grc2.xml
Phaenomena,tlg001,1,57,ἐσχατιὴν ἐπέχει γένυος δεινοῖο πελώρου.,ἐσχατιὴν ἐπέχει γένυος δεινοῖο πελώρου.,tlg0653.tlg001.perseus-grc2.xml
Phaenomena,tlg001,1,58,"λοξὸν δʼ ἐστὶ κάρη, νεύοντι δὲ πάμπαν ἔοικεν","λοξὸν δ’ ἐστὶ κάρη, νεύοντι δὲ πάμπαν ἔοικεν",tlg0653.tlg001.perseus-grc2.xml
Phaenomena,tlg001,1,59,ἄκρην εἰς Ἑλίκης οὐρήν· μάλα δʼ ἐστὶ κατʼ ἰθύ,ἄκρην εἰς Ἑλίκης οὐρήν· μάλα δ’ ἐστὶ κατ’ ἰθύ,tlg0653.tlg001.perseus-grc2.xml
Phaenomena,tlg001,1,60,καὶ στόμα καὶ κροτάφοιο τὰ δεξιὰ νειάτῳ οὐρῇ.,καὶ στόμα καὶ κροτάφοιο τὰ δεξιὰ νειάτῳ οὐρῇ.,tlg0653.tlg001.perseus-grc2.xml
Phaenomena,tlg001,1,61,"κείνη που κεφαλὴ τῇ νίσσεται, ἧχί περ ἄκραι","κείνη που κεφαλὴ τῇ νίσσεται, ἧχί περ ἄκραι",tlg0653.tlg001.perseus-grc2.xml
Phaenomena,tlg001,1,62,μίσγονται δύσιές τε καὶ ἀντολαὶ ἀλλήλῃσιν.,μίσγονται δύσιές τε καὶ ἀντολαὶ ἀλλήλῃσιν.,tlg0653.tlg001.perseus-grc2.xml
Phaenomena,tlg001,1,63,Τῇδʼ αὐτοῦ μογέοντι κυλίνδεται ἀνδρὶ ἐοικὸς,Τῇδ’ αὐτοῦ μογέοντι κυλίνδεται ἀνδρὶ ἐοικὸς,tlg0653.tlg001.perseus-grc2.xml
Phaenomena,tlg001,1,64,"εἴδωλον. τὸ μέν οὔτις ἐπίσταται ἀμφαδὸν εἰπεῖν,","εἴδωλον. τὸ μέν οὔτις ἐπίσταται ἀμφαδὸν εἰπεῖν,",tlg0653.tlg001.perseus-grc2.xml
Phaenomena,tlg001,1,65,"οὐδʼ ὅτινι κρέμαται κεῖνος πόνῳ, ἀλλά μιν αὕτως","οὐδ’ ὅτινι κρέμαται κεῖνος πόνῳ, ἀλλά μιν αὕτως",tlg0653.tlg001.perseus-grc2.xml
Phaenomena,tlg001,1,66,ἐγγόνασιν καλέουσι. τὸ δʼ αὖτʼ ἐν γούνασι κάμνον,ἐγγόνασιν καλέουσι. τὸ δ’ αὖτ’ ἐν γούνασι κάμνον,tlg0653.tlg001.perseus-grc2.xml
Phaenomena,tlg001,1,67,ὀκλάζοντι ἔοικεν· ἀπʼ ἀμφοτέρων δέ οἱ ὤμων,ὀκλάζοντι ἔοικεν· ἀπ’ ἀμφοτέρων δέ οἱ ὤμων,tlg0653.tlg001.perseus-grc2.xml
Phaenomena,tlg001,1,68,χεῖρες ἀείρονται· τάνυταί γε μέν ἄλλυδις ἄλλη,χεῖρες ἀείρονται· τάνυταί γε μέν ἄλλυδις ἄλλη,tlg0653.tlg001.perseus-grc2.xml
Phaenomena,tlg001,1,69,ὅσσον ἐς ὀργυιήν· μέσσῳ δʼ ἐφύπερθε καρήνῳ,ὅσσον ἐς ὀργυιήν· μέσσῳ δ’ ἐφύπερθε καρήνῳ,tlg0653.tlg001.perseus-grc2.xml
Phaenomena,tlg001,1,70,δεξιτεροῦ ποδὸς ἄκρον ἔχει σκολιοῖο Δράκοντος.,δεξιτεροῦ ποδὸς ἄκρον ἔχει σκολιοῖο Δράκοντος.,tlg0653.tlg001.perseus-grc2.xml
Phaenomena,tlg001,1,71,"αὐτοῦ κἀκεῖνος στέφανος, τὸν ἀγανὸς ἔθηκεν","αὐτοῦ κἀκεῖνος στέφανος, τὸν ἀγανὸς ἔθηκεν",tlg0653.tlg001.perseus-grc2.xml
Phaenomena,tlg001,1,72,"σῆμʼ ἔμεναι Διόνυσος ἀποιχομένης Ἀριάδνης,","σῆμ’ ἔμεναι Διόνυσος ἀποιχομένης Ἀριάδνης,",tlg0653.tlg001.perseus-grc2.xml
Phaenomena,tlg001,1,73,νώτῳ ὑποστρέφεται κεκμηότος Εἰδώλοιο.,νώτῳ ὑποστρέφεται κεκμηότος Εἰδώλοιο.,tlg0653.tlg001.perseus-grc2.xml
Phaenomena,tlg001,1,74,"νώτῳ μὲν Στέφανος πελάει, κεφαλῇ γε μὲν ἄκρῃ","νώτῳ μὲν Στέφανος πελάει, κεφαλῇ γε μὲν ἄκρῃ",tlg0653.tlg001.perseus-grc2.xml
Phaenomena,tlg001,1,75,"σκέπτεο πὰρ κεφαλὴν Ὀφιούχεον, ἐκ δʼ ἄρʼ ἐκείνης","σκέπτεο πὰρ κεφαλὴν Ὀφιούχεον, ἐκ δ’ ἄρ’ ἐκείνης",tlg0653.tlg001.perseus-grc2.xml
Phaenomena,tlg001,1,76,αὐτὸν ἐπιφράσσαιο φαεινόμενον Ὀφιοῦχον·,αὐτὸν ἐπιφράσσαιο φαεινόμενον Ὀφιοῦχον·,tlg0653.tlg001.perseus-grc2.xml
Phaenomena,tlg001,1,77,τοῖοί οἱ κεφαλῇ ὑποκείμενοι ἀγλαοὶ ὦμοι,τοῖοί οἱ κεφαλῇ ὑποκείμενοι ἀγλαοὶ ὦμοι,tlg0653.tlg001.perseus-grc2.xml
Phaenomena,tlg001,1,78,εἴδονται· κεῖνοί γε καὶ ἂν διχόμηνι σελήνῃ,εἴδονται· κεῖνοί γε καὶ ἂν διχόμηνι σελήνῃ,tlg0653.tlg001.perseus-grc2.xml
Phaenomena,tlg001,1,79,εἰσωποὶ τελέθοιεν· ἀτὰρ χέρες οὐ μάλα ἶσαι·,εἰσωποὶ τελέθοιεν· ἀτὰρ χέρες οὐ μάλα ἶσαι·,tlg0653.tlg001.perseus-grc2.xml
Phaenomena,tlg001,1,80,λεπτὴ γὰρ καὶ τῇ καὶ τῇ ἐπιδέδρομεν αἴγλη.,λεπτὴ γὰρ καὶ τῇ καὶ τῇ ἐπιδέδρομεν αἴγλη.,tlg0653.tlg001.perseus-grc2.xml
Phaenomena,tlg001,1,81,ἀλλʼ ἔμπης κἀκεῖναι ἐπόψιαι· οὐ γὰρ ἐλαφραί·,ἀλλ’ ἔμπης κἀκεῖναι ἐπόψιαι· οὐ γὰρ ἐλαφραί·,tlg0653.tlg001.perseus-grc2.xml
Phaenomena,tlg001,1,82,"ἀμφότεραι δʼ Ὄφιος πεπονήαται, ὅς ῥά τε μέσσον","ἀμφότεραι δ’ Ὄφιος πεπονήαται, ὅς ῥά τε μέσσον",tlg0653.tlg001.perseus-grc2.xml
Phaenomena,tlg001,1,83,δινεύει Ὀφιοῦχον· ὁ δʼ ἐμμενές εὖ ἐπαρηρὼς,δινεύει Ὀφιοῦχον· ὁ δ’ ἐμμενές εὖ ἐπαρηρὼς,tlg0653.tlg001.perseus-grc2.xml
Phaenomena,tlg001,1,84,"ποσσὶν ἐπιθλίβει μέγα θηρίον ἀμφοτέροισιν,","ποσσὶν ἐπιθλίβει μέγα θηρίον ἀμφοτέροισιν,",tlg0653.tlg001.perseus-grc2.xml
Phaenomena,tlg001,1,85,"σκορπίον, ὀφθαλμῷ τε καὶ ἐν θώρηκι βεβηκὼς","σκορπίον, ὀφθαλμῷ τε καὶ ἐν θώρηκι βεβηκὼς",tlg0653.tlg001.perseus-grc2.xml
Phaenomena,tlg001,1,86,"ὀρθός. ἀτάρ οἱ ὄφις γε δύω στρέφεται μετὰ χερσίν,","ὀρθός. ἀτάρ οἱ ὄφις γε δύω στρέφεται μετὰ χερσίν,",tlg0653.tlg001.perseus-grc2.xml
Phaenomena,tlg001,1,87,"δεξιτερῇ ὀλίγος, σκαιῇ γε μὲν ὑψόθι πολλός.","δεξιτερῇ ὀλίγος, σκαιῇ γε μὲν ὑψόθι πολλός.",tlg0653.tlg001.perseus-grc2.xml
Phaenomena,tlg001,1,88,"καὶ δή οἱ Στεφάνῳ παρακέκλιται ἄκρα γένεια,","καὶ δή οἱ Στεφάνῳ παρακέκλιται ἄκρα γένεια,",tlg0653.tlg001.perseus-grc2.xml
Phaenomena,tlg001,1,89,νειόθι δὲ σπείρης μεγάλας ἐπιμαίεο χηλάς.,νειόθι δὲ σπείρης μεγάλας ἐπιμαίεο χηλάς.,tlg0653.tlg001.perseus-grc2.xml
Phaenomena,tlg001,1,90,"ἀλλʼ αἱ μέν φαέων ἐπιδευέες, οὐδὲν ἀγαυαί.","ἀλλ’ αἱ μέν φαέων ἐπιδευέες, οὐδὲν ἀγαυαί.",tlg0653.tlg001.perseus-grc2.xml
Phaenomena,tlg001,1,91,ἐξόπιθεν δʼ Ἑλίκης φέρεται ἐλάοντι ἐοικὼς,ἐξόπιθεν δ’ Ἑλίκης φέρεται ἐλάοντι ἐοικὼς,tlg0653.tlg001.perseus-grc2.xml
Phaenomena,tlg001,1,92,"Ἀρκτοφύλαξ, τόν ῥʼ ἄνδρες ἐπικλείουσι βοώτην,","Ἀρκτοφύλαξ, τόν ῥ’ ἄνδρες ἐπικλείουσι βοώτην,",tlg0653.tlg001.perseus-grc2.xml
Phaenomena,tlg001,1,93,οὕνεχʼ ἁμαξαίης ἐπαφώμενος εἴδεται Ἄρκτου.,οὕνεχ’ ἁμαξαίης ἐπαφώμενος εἴδεται Ἄρκτου.,tlg0653.tlg001.perseus-grc2.xml
Phaenomena,tlg001,1,94,καὶ μάλα πᾶς ἀρίδηλος· ὑπὸ ζώνῃ δέ οἱ αὐτὸς,καὶ μάλα πᾶς ἀρίδηλος· ὑπὸ ζώνῃ δέ οἱ αὐτὸς,tlg0653.tlg001.perseus-grc2.xml
Phaenomena,tlg001,1,95,ἐξ ἄλλων Ἀρκτοῦρος ἑλίσσεται ἀμφαδὸν ἀστήρ.,ἐξ ἄλλων Ἀρκτοῦρος ἑλίσσεται ἀμφαδὸν ἀστήρ.,tlg0653.tlg001.perseus-grc2.xml
Phaenomena,tlg001,1,96,ἀμφοτέροισι δὲ ποσσὶν ὕπο σκέπτοιο Βοώτεω,ἀμφοτέροισι δὲ ποσσὶν ὕπο σκέπτοιο Βοώτεω,tlg0653.tlg001.perseus-grc2.xml
Phaenomena,tlg001,1,97,"παρθένον, ἥ ῥʼ ἐν χερσὶ φέρει Στάχυν αἰγλήεντα.","παρθένον, ἥ ῥ’ ἐν χερσὶ φέρει Στάχυν αἰγλήεντα.",tlg0653.tlg001.perseus-grc2.xml
Phaenomena,tlg001,1,98,"εἴτʼ οὖν Ἀστραίου κείνη γένος, ὅν ῥά τέ φασιν","εἴτ’ οὖν Ἀστραίου κείνη γένος, ὅν ῥά τέ φασιν",tlg0653.tlg001.perseus-grc2.xml
Phaenomena,tlg001,1,99,"ἄστρων ἀρχαῖον πατέρʼ ἔμμεναι, εἴτε τευ ἄλλου,","ἄστρων ἀρχαῖον πατέρ’ ἔμμεναι, εἴτε τευ ἄλλου,",tlg0653.tlg001.perseus-grc2.xml
Phaenomena,tlg001,1,100,εὔκηλος φορέοιτο· λόγος γε μὲν ἐντρέχει ἄλλος,εὔκηλος φορέοιτο· λόγος γε μὲν ἐντρέχει ἄλλος,tlg0653.tlg001.perseus-grc2.xml
Phaenomena,tlg001,1,101,"ἀνθρώποις, ὡς δῆθεν ἐπιχθονίη πάρος ἦεν,","ἀνθρώποις, ὡς δῆθεν ἐπιχθονίη πάρος ἦεν,",tlg0653.tlg001.perseus-grc2.xml
Phaenomena,tlg001,1,102,"ἤρχετο δʼ ἀνθρώπων κατεναντίη, οὐδέ ποτʼ ἀνδρῶν","ἤρχετο δ’ ἀνθρώπων κατεναντίη, οὐδέ ποτ’ ἀνδρῶν",tlg0653.tlg001.perseus-grc2.xml
Phaenomena,tlg001,1,103,"οὐδέ ποτʼ ἀρχαίων ἠνήνατο φῦλα γυναικῶν,","οὐδέ ποτ’ ἀρχαίων ἠνήνατο φῦλα γυναικῶν,",tlg0653.tlg001.perseus-grc2.xml
Phaenomena,tlg001,1,104,"ἀλλʼ ἀναμὶξ ἐκάθητο, καὶ ἀθανάτη περ ἐοῦσα.","ἀλλ’ ἀναμὶξ ἐκάθητο, καὶ ἀθανάτη περ ἐοῦσα.",tlg0653.tlg001.perseus-grc2.xml
Phaenomena,tlg001,1,105,"καί ἑ Δίκην καλέεσκον· ἀγειρομένη δὲ γέροντας,","καί ἑ Δίκην καλέεσκον· ἀγειρομένη δὲ γέροντας,",tlg0653.tlg001.perseus-grc2.xml
Phaenomena,tlg001,1,106,"ἠέ που εἰν ἀγορῇ ἢ εὐρυχόρῳ ἐν ἀγυιῇ,","ἠέ που εἰν ἀγορῇ ἢ εὐρυχόρῳ ἐν ἀγυιῇ,",tlg0653.tlg001.perseus-grc2.xml
Phaenomena,tlg001,1,107,δημοτέρας ἤειδεν ἐπισπέρχουσα θέμιστας.,δημοτέρας ἤειδεν ἐπισπέρχουσα θέμιστας.,tlg0653.tlg001.perseus-grc2.xml
Phaenomena,tlg001,1,108,οὔπω λευγαλέου τότε νείκεος ἠπίσταντο,οὔπω λευγαλέου τότε νείκεος ἠπίσταντο,tlg0653.tlg001.perseus-grc2.xml
Phaenomena,tlg001,1,109,"οὐδέ διακρίσιος πολυμεμφέος οὐδέ κυδοιμοῦ,","οὐδέ διακρίσιος πολυμεμφέος οὐδέ κυδοιμοῦ,",tlg0653.tlg001.perseus-grc2.xml
Phaenomena,tlg001,1,110,"αὕτως δʼ ἔζωον· χαλεπὴ δʼ ἀπέκειτο θάλασσα,","αὕτως δ’ ἔζωον· χαλεπὴ δ’ ἀπέκειτο θάλασσα,",tlg0653.tlg001.perseus-grc2.xml
Phaenomena,tlg001,1,111,"καὶ βίον οὔπω νῆες ἀπόπροθεν ἠγίνεσκον,","καὶ βίον οὔπω νῆες ἀπόπροθεν ἠγίνεσκον,",tlg0653.tlg001.perseus-grc2.xml
Phaenomena,tlg001,1,112,"ἀλλὰ βόες καὶ ἄροτρα καὶ αὐτή, πότνια λαῶν,","ἀλλὰ βόες καὶ ἄροτρα καὶ αὐτή, πότνια λαῶν,",tlg0653.tlg001.perseus-grc2.xml
Phaenomena,tlg001,1,113,"μυρία πάντα παρεῖχε Δίκη, δώτειρα δικαίων.","μυρία πάντα παρεῖχε Δίκη, δώτειρα δικαίων.",tlg0653.tlg001.perseus-grc2.xml
Phaenomena,tlg001,1,114,"τόφρʼ ἦν, ὄφρʼ ἔτι γαῖα γένος χρύσειον ἔφερβεν.","τόφρ’ ἦν, ὄφρ’ ἔτι γαῖα γένος χρύσειον ἔφερβεν.",tlg0653.tlg001.perseus-grc2.xml
Phaenomena,tlg001,1,115,ἀργυρέῳ δʼ ὀλίγη τε καὶ οὐκέτι πάμπαν ἑτοίμη,ἀργυρέῳ δ’ ὀλίγη τε καὶ οὐκέτι πάμπαν ἑτοίμη,tlg0653.tlg001.perseus-grc2.xml
Phaenomena,tlg001,1,116,"ὡμίλει, ποθέουσα παλαιῶν ἤθεα λαῶν.","ὡμίλει, ποθέουσα παλαιῶν ἤθεα λαῶν.",tlg0653.tlg001.perseus-grc2.xml
Phaenomena,tlg001,1,117,ἀλλʼ ἔμπης ἔτι κεῖνο κατʼ ἀργύρεον γένος ἦεν·,ἀλλ’ ἔμπης ἔτι κεῖνο κατ’ ἀργύρεον γένος ἦεν·,tlg0653.tlg001.perseus-grc2.xml
Phaenomena,tlg001,1,118,ἤρχετο δʼ ἐξ ὀρέων ὑποδείελος ἠχηέντων,ἤρχετο δ’ ἐξ ὀρέων ὑποδείελος ἠχηέντων,tlg0653.tlg001.perseus-grc2.xml
Phaenomena,tlg001,1,119,"μουνάξ, οὐδέ τεῳ ἐπεμίσγετο μειλιχίοισιν·","μουνάξ, οὐδέ τεῳ ἐπεμίσγετο μειλιχίοισιν·",tlg0653.tlg001.perseus-grc2.xml
Phaenomena,tlg001,1,120,"ἀλλʼ ὁπότʼ ἀνθρώπων μεγάλας πλήσαιτο κολώνας,","ἀλλ’ ὁπότ’ ἀνθρώπων μεγάλας πλήσαιτο κολώνας,",tlg0653.tlg001.perseus-grc2.xml
Phaenomena,tlg001,1,121,"ἠπείλει δὴ ἔπειτα καθαπτομένη κακότητος,","ἠπείλει δὴ ἔπειτα καθαπτομένη κακότητος,",tlg0653.tlg001.perseus-grc2.xml
Phaenomena,tlg001,1,122,οὐδʼ ἔτʼ ἔφη εἰσωπὸς ἐλεύσεσθαι καλέουσιν·,οὐδ’ ἔτ’ ἔφη εἰσωπὸς ἐλεύσεσθαι καλέουσιν·,tlg0653.tlg001.perseus-grc2.xml
Phaenomena,tlg001,1,123,οἵην χρύσειοι πατέρες γενεὴν ἐλίποντο,οἵην χρύσειοι πατέρες γενεὴν ἐλίποντο,tlg0653.tlg001.perseus-grc2.xml
Phaenomena,tlg001,1,124,χειροτέρην· ὑμεῖς δὲ κακώτερα τεξείεσθε.,χειροτέρην· ὑμεῖς δὲ κακώτερα τεξείεσθε.,tlg0653.tlg001.perseus-grc2.xml
Phaenomena,tlg001,1,125,"καὶ δή που πόλεμοι, καὶ δὴ καὶ ἀνάρσιον αἷμα","καὶ δή που πόλεμοι, καὶ δὴ καὶ ἀνάρσιον αἷμα",tlg0653.tlg001.perseus-grc2.xml
Phaenomena,tlg001,1,126,"ἔσσεται ἀνθρώποισι, κακὸν δʼ ἐπικείσεται ἄλγος.","ἔσσεται ἀνθρώποισι, κακὸν δ’ ἐπικείσεται ἄλγος.",tlg0653.tlg001.perseus-grc2.xml
Phaenomena,tlg001,1,127,"ὣς εἰποῦσʼ ὀρέων ἐπεμαίετο, τοὺς δʼ ἄρα λαοὺς","ὣς εἰποῦσ’ ὀρέων ἐπεμαίετο, τοὺς δ’ ἄρα λαοὺς",tlg0653.tlg001.perseus-grc2.xml
Phaenomena,tlg001,1,128,εἰς αὐτὴν ἔτι πάντας ἐλίμπανε παπταίνοντας.,εἰς αὐτὴν ἔτι πάντας ἐλίμπανε παπταίνοντας.,tlg0653.tlg001.perseus-grc2.xml
Phaenomena,tlg001,1,129,"ἀλλʼ ὅτε δὴ κἀκεῖνοι ἐτέθνασαν, οἱ δʼ ἐγένοντο,","ἀλλ’ ὅτε δὴ κἀκεῖνοι ἐτέθνασαν, οἱ δ’ ἐγένοντο,",tlg0653.tlg001.perseus-grc2.xml
Phaenomena,tlg001,1,130,"χαλκείη γενεή, προτέρων ὀλοώτεροι ἄνδρες,","χαλκείη γενεή, προτέρων ὀλοώτεροι ἄνδρες,",tlg0653.tlg001.perseus-grc2.xml
Phaenomena,tlg001,1,131,οἳ πρῶτοι κακόεργον ἐχαλκεύσαντο μάχαιραν,οἳ πρῶτοι κακόεργον ἐχαλκεύσαντο μάχαιραν,tlg0653.tlg001.perseus-grc2.xml
Phaenomena,tlg001,1,132,"εἰνοδίην, πρῶτοι δὲ βοῶν ἐπάσαντʼ ἀροτήρων,","εἰνοδίην, πρῶτοι δὲ βοῶν ἐπάσαντ’ ἀροτήρων,",tlg0653.tlg001.perseus-grc2.xml
Phaenomena,tlg001,1,133,καὶ τότε μισήσασα Δίκη κείνων γένος ἀνδρῶν,καὶ τότε μισήσασα Δίκη κείνων γένος ἀνδρῶν,tlg0653.tlg001.perseus-grc2.xml
Phaenomena,tlg001,1,134,"ἔπταθʼ ὑπουρανίη· ταύτην δʼ ἄρα νάσσατο χώρην,","ἔπταθ’ ὑπουρανίη· ταύτην δ’ ἄρα νάσσατο χώρην,",tlg0653.tlg001.perseus-grc2.xml
Phaenomena,tlg001,1,135,ἧχί περ ἐννυχίη ἔτι φαίνεται ἀνθρώποισιν,ἧχί περ ἐννυχίη ἔτι φαίνεται ἀνθρώποισιν,tlg0653.tlg001.perseus-grc2.xml
Phaenomena,tlg001,1,136,"παρθένος, ἐγγὺς ἐοῦσα πολυσκέπτοιο Βοώτεω.","παρθένος, ἐγγὺς ἐοῦσα πολυσκέπτοιο Βοώτεω.",tlg0653.tlg001.perseus-grc2.xml
Phaenomena,tlg001,1,137,τῆς ὑπὲρ ἀμφοτέρων ὤμων εἱλίσσεται ἀστὴρ,τῆς ὑπὲρ ἀμφοτέρων ὤμων εἱλίσσεται ἀστὴρ,tlg0653.tlg001.perseus-grc2.xml
Phaenomena,tlg001,1,138,δεξιτερῇ πτέρυγι· Προτρυγητὴρ δʼ αὖτε καλεῖται·,δεξιτερῇ πτέρυγι· Προτρυγητὴρ δ’ αὖτε καλεῖται·,tlg0653.tlg001.perseus-grc2.xml
Phaenomena,tlg001,1,139,"τόσσος μὲν μεγέθει, τοίῃ δʼ ἐγκείμενος αἴγλῃ,","τόσσος μὲν μεγέθει, τοίῃ δ’ ἐγκείμενος αἴγλῃ,",tlg0653.tlg001.perseus-grc2.xml
Phaenomena,tlg001,1,140,οἷος καὶ μεγάλης οὐρὴν ὑποφαίνεται Ἄρκτου.,οἷος καὶ μεγάλης οὐρὴν ὑποφαίνεται Ἄρκτου.,tlg0653.tlg001.perseus-grc2.xml
Phaenomena,tlg001,1,141,"δεινὴ γὰρ κείνη, δεινοὶ δέ οἱ ἐγγύθεν εἰσὶν","δεινὴ γὰρ κείνη, δεινοὶ δέ οἱ ἐγγύθεν εἰσὶν",tlg0653.tlg001.perseus-grc2.xml
Phaenomena,tlg001,1,142,ἀστέρες· οὐκ ἂν τούς γε ἰδὼν ἐπιτεκμήραιο,ἀστέρες· οὐκ ἂν τούς γε ἰδὼν ἐπιτεκμήραιο,tlg0653.tlg001.perseus-grc2.xml
Phaenomena,tlg001,1,142a,"οἵ μιν πᾶσαν ὄπισθεν ἑλισσόμενοι τυπόωσιν,","οἵ μιν πᾶσαν ὄπισθεν ἑλισσόμενοι τυπόωσιν,",tlg0653.tlg001.perseus-grc2.xml
Phaenomena,tlg001,1,143,οἷός οἱ πρὸ ποδῶν φέρεται καλός τε μέγας τε,οἷός οἱ πρὸ ποδῶν φέρεται καλός τε μέγας τε,tlg0653.tlg001.perseus-grc2.xml
Phaenomena,tlg001,1,144,"εἷς μὲυ ὑπωμαίων, εἷς δʼ ἰξυόθεν κατιόντων,","εἷς μὲυ ὑπωμαίων, εἷς δ’ ἰξυόθεν κατιόντων,",tlg0653.tlg001.perseus-grc2.xml
Phaenomena,tlg001,1,145,ἄλλος δʼ οὐραίοις ὑπὸ γούνασιν· ἀλλʼ ἄρα πάντες,ἄλλος δ’ οὐραίοις ὑπὸ γούνασιν· ἀλλ’ ἄρα πάντες,tlg0653.tlg001.perseus-grc2.xml
Phaenomena,tlg001,1,146,ἁπλόοι ἄλλοθεν ἄλλος ἀνωνυμίῃ φορέονται.,ἁπλόοι ἄλλοθεν ἄλλος ἀνωνυμίῃ φορέονται.,tlg0653.tlg001.perseus-grc2.xml
Phaenomena,tlg001,1,147,"Κραιὶ δέ οἱ Δίδυμοι, μέσσῃ δʼ ὕπο κάρκινος ἐστίν·","Κραιὶ δέ οἱ Δίδυμοι, μέσσῃ δ’ ὕπο κάρκινος ἐστίν·",tlg0653.tlg001.perseus-grc2.xml
Phaenomena,tlg001,1,148,ποσσὶ δʼ ὀπισθοτέροισι λέων ὕπο καλὰ φαείνει.,ποσσὶ δ’ ὀπισθοτέροισι λέων ὕπο καλὰ φαείνει.,tlg0653.tlg001.perseus-grc2.xml
Phaenomena,tlg001,1,149,ἔνθα μὲν ἠελίοιο θερείταταί εἰσι κέλευθοι·,ἔνθα μὲν ἠελίοιο θερείταταί εἰσι κέλευθοι·,tlg0653.tlg001.perseus-grc2.xml
Phaenomena,tlg001,1,150,αἱ δέ που ἀσταχύων κενεαὶ φαίνονται ἄρουραι,αἱ δέ που ἀσταχύων κενεαὶ φαίνονται ἄρουραι,tlg0653.tlg001.perseus-grc2.xml
Phaenomena,tlg001,1,151,ἠελίου τὰ πρῶτα συνερχομένοιο Λέοντι.,ἠελίου τὰ πρῶτα συνερχομένοιο Λέοντι.,tlg0653.tlg001.perseus-grc2.xml
Phaenomena,tlg001,1,152,τῆμος καὶ κελάδοντες ἐτησίαι εὐρέϊ πόντῳ,τῆμος καὶ κελάδοντες ἐτησίαι εὐρέϊ πόντῳ,tlg0653.tlg001.perseus-grc2.xml
Phaenomena,tlg001,1,153,"ἀθρόοι ἐμπίπτουσιν, ὁ δὲ πλόος οὐκέτι κώπαις","ἀθρόοι ἐμπίπτουσιν, ὁ δὲ πλόος οὐκέτι κώπαις",tlg0653.tlg001.perseus-grc2.xml
Phaenomena,tlg001,1,154,"ὥριος. εὐρεῖαί μοι ἀρέσκοιεν τότε νῆες,","ὥριος. εὐρεῖαί μοι ἀρέσκοιεν τότε νῆες,",tlg0653.tlg001.perseus-grc2.xml
Phaenomena,tlg001,1,155,εἰς ἄνεμον δὲ τὰ πηδὰ κυβερνητῆρες ἔχοιεν.,εἰς ἄνεμον δὲ τὰ πηδὰ κυβερνητῆρες ἔχοιεν.,tlg0653.tlg001.perseus-grc2.xml
Phaenomena,tlg001,1,156,εἰ δέ τοι ἡνίοχον τε καὶ ἀστέρας Ἡνιόχοιο,εἰ δέ τοι ἡνίοχον τε καὶ ἀστέρας Ἡνιόχοιο,tlg0653.tlg001.perseus-grc2.xml
Phaenomena,tlg001,1,157,"σκέπτεσθαι δοκέει, καί τοι φάτις ἤλυθεν αἰγός","σκέπτεσθαι δοκέει, καί τοι φάτις ἤλυθεν αἰγός",tlg0653.tlg001.perseus-grc2.xml
Phaenomena,tlg001,1,158,"αὐτῆς ἠδʼ Ἐρίφων, οἵ τʼ εἰν ἁλὶ πορφυρούσῃ","αὐτῆς ἠδ’ Ἐρίφων, οἵ τ’ εἰν ἁλὶ πορφυρούσῃ",tlg0653.tlg001.perseus-grc2.xml
Phaenomena,tlg001,1,159,"πολλάκις ἐσκέψαντο κεδαιομένους ἀνθρώπους,","πολλάκις ἐσκέψαντο κεδαιομένους ἀνθρώπους,",tlg0653.tlg001.perseus-grc2.xml
Phaenomena,tlg001,1,160,αὐτὸν μέν μιν ἅπαντα μέγαν Διδύμων ἐπὶ λαιὰ,αὐτὸν μέν μιν ἅπαντα μέγαν Διδύμων ἐπὶ λαιὰ,tlg0653.tlg001.perseus-grc2.xml
Phaenomena,tlg001,1,161,κεκλιμένον δήεις· Ἑλίκης δέ οἱ ἄκρα κάρηνα,κεκλιμένον δήεις· Ἑλίκης δέ οἱ ἄκρα κάρηνα,tlg0653.tlg001.perseus-grc2.xml
Phaenomena,tlg001,1,162,ἀντία δινεύει. σκαιῷ δʼ ἐπελήλαται ὤμῳ,ἀντία δινεύει. σκαιῷ δ’ ἐπελήλαται ὤμῳ,tlg0653.tlg001.perseus-grc2.xml
Phaenomena,tlg001,1,163,"αἲξ ἱερή, τὴν μέν τε λόγος Διὶ μαζὸν ἐπτσχεῖν,","αἲξ ἱερή, τὴν μέν τε λόγος Διὶ μαζὸν ἐπτσχεῖν,",tlg0653.tlg001.perseus-grc2.xml
Phaenomena,tlg001,1,164,Ὠλενίην δέ μιν Αἶγα Διὸς καλέουσʼ ὑποφῆται.,Ὠλενίην δέ μιν Αἶγα Διὸς καλέουσ’ ὑποφῆται.,tlg0653.tlg001.perseus-grc2.xml
Phaenomena,tlg001,1,165,ἀλλʼ ἡ μὲν πολλή τε καὶ ἀγλαή· οἱ δέ οἱ αὐτοῦ,ἀλλ’ ἡ μὲν πολλή τε καὶ ἀγλαή· οἱ δέ οἱ αὐτοῦ,tlg0653.tlg001.perseus-grc2.xml
Phaenomena,tlg001,1,166,λεπτὰ φαείνονται Ἔριφοι καρπὸν κάτα χειρός.,λεπτὰ φαείνονται Ἔριφοι καρπὸν κάτα χειρός.,tlg0653.tlg001.perseus-grc2.xml
Phaenomena,tlg001,1,167,πὰρ ποσὶ δʼ Ἡνιόχου κεραὸν πεπτηότα Ταῦρον,πὰρ ποσὶ δ’ Ἡνιόχου κεραὸν πεπτηότα Ταῦρον,tlg0653.tlg001.perseus-grc2.xml
Phaenomena,tlg001,1,168,μαίεσθαι. τὰ δέ οἱ μάλʼ έοικότα σήματα κεῖται·,μαίεσθαι. τὰ δέ οἱ μάλ’ έοικότα σήματα κεῖται·,tlg0653.tlg001.perseus-grc2.xml
Phaenomena,tlg001,1,169,τοίη οἱ κεφαλὴ διακέκριται· οὐδέ τις ἄλλῳ,τοίη οἱ κεφαλὴ διακέκριται· οὐδέ τις ἄλλῳ,tlg0653.tlg001.perseus-grc2.xml
Phaenomena,tlg001,1,170,"σήματι τεκμήραιτο κάρη βοός, οἷά μιν αὐτοὶ","σήματι τεκμήραιτο κάρη βοός, οἷά μιν αὐτοὶ",tlg0653.tlg001.perseus-grc2.xml
Phaenomena,tlg001,1,171,ἀστέρες ἀμφοτέρωθεν ἑλισσόμενοι τυπόωσιν.,ἀστέρες ἀμφοτέρωθεν ἑλισσόμενοι τυπόωσιν.,tlg0653.tlg001.perseus-grc2.xml
Phaenomena,tlg001,1,172,"καὶ λίην κείνων ὄνομʼ εἴρεται, οὐδέ τοι αὕτως","καὶ λίην κείνων ὄνομ’ εἴρεται, οὐδέ τοι αὕτως",tlg0653.tlg001.perseus-grc2.xml
Phaenomena,tlg001,1,173,νήκουστοι Ὑάδες. ταὶ μέν ῥʼ ἐπὶ παντὶ μετώπῳ,νήκουστοι Ὑάδες. ταὶ μέν ῥ’ ἐπὶ παντὶ μετώπῳ,tlg0653.tlg001.perseus-grc2.xml
Phaenomena,tlg001,1,174,Ταύρου βεβλέαται· λαιοῦ δὲ κεράατος ἄκρον,Ταύρου βεβλέαται· λαιοῦ δὲ κεράατος ἄκρον,tlg0653.tlg001.perseus-grc2.xml
Phaenomena,tlg001,1,175,καὶ πόδα δεξιτερὸν παρακειμένου Ἡνιόχοιο,καὶ πόδα δεξιτερὸν παρακειμένου Ἡνιόχοιο,tlg0653.tlg001.perseus-grc2.xml
Phaenomena,tlg001,1,176,"εἷς ἀστὴρ ἐπέχει· συνεληλάμενοι δὲ φέρονται,","εἷς ἀστὴρ ἐπέχει· συνεληλάμενοι δὲ φέρονται,",tlg0653.tlg001.perseus-grc2.xml
Phaenomena,tlg001,1,177,ἀλλʼ αἰεὶ Ταῦρος προφερέστερος Ἡνιόχοιο,ἀλλ’ αἰεὶ Ταῦρος προφερέστερος Ἡνιόχοιο,tlg0653.tlg001.perseus-grc2.xml
Phaenomena,tlg001,1,178,"εἰς ἑτέρην καταβῆναι, ὁμηλυσίῃ περ ἀνελθών.","εἰς ἑτέρην καταβῆναι, ὁμηλυσίῃ περ ἀνελθών.",tlg0653.tlg001.perseus-grc2.xml
Phaenomena,tlg001,1,179,Οὐδʼ ἄρα Κηφῆος μογερὸν γένος Ἰασίδαο,Οὐδ’ ἄρα Κηφῆος μογερὸν γένος Ἰασίδαο,tlg0653.tlg001.perseus-grc2.xml
Phaenomena,tlg001,1,180,αὕτως ἄρρητον κατακείσεται· ἀλλʼ ἄρα καὶ τῶν,αὕτως ἄρρητον κατακείσεται· ἀλλ’ ἄρα καὶ τῶν,tlg0653.tlg001.perseus-grc2.xml
Phaenomena,tlg001,1,181,"οὐρανὸν εἰς ὄνομʼ ἦλθεν, ἐπεὶ Διὸς ἐγγύθεν ἦσαν.","οὐρανὸν εἰς ὄνομ’ ἦλθεν, ἐπεὶ Διὸς ἐγγύθεν ἦσαν.",tlg0653.tlg001.perseus-grc2.xml
Phaenomena,tlg001,1,182,αὐτὸς μὲν κατόπτσθεν ἐὼν Κυνοσουρίδος Ἄρκτου,αὐτὸς μὲν κατόπτσθεν ἐὼν Κυνοσουρίδος Ἄρκτου,tlg0653.tlg001.perseus-grc2.xml
Phaenomena,tlg001,1,183,Κηφεὺς ἀμφοτέρας χεῖρας τανύοντι ἐοικώς·,Κηφεὺς ἀμφοτέρας χεῖρας τανύοντι ἐοικώς·,tlg0653.tlg001.perseus-grc2.xml
Phaenomena,tlg001,1,184,ἴση οἱ στάθμη νεάτης ἀποτείνεται οὐρῆς,ἴση οἱ στάθμη νεάτης ἀποτείνεται οὐρῆς,tlg0653.tlg001.perseus-grc2.xml
Phaenomena,tlg001,1,185,"ἐς πόδας ἀμφοτέρους, ὅσση ποδὸς ἐς πόδα τείνει.","ἐς πόδας ἀμφοτέρους, ὅσση ποδὸς ἐς πόδα τείνει.",tlg0653.tlg001.perseus-grc2.xml
Phaenomena,tlg001,1,186,αὐτὰρ ἀπὸ ζὠνης ὀλίγον κε μεταβλέψειας,αὐτὰρ ἀπὸ ζὠνης ὀλίγον κε μεταβλέψειας,tlg0653.tlg001.perseus-grc2.xml
Phaenomena,tlg001,1,187,πρώτης ἱέμενος καμπῆς μεγάλοιο Δράκοντος.,πρώτης ἱέμενος καμπῆς μεγάλοιο Δράκοντος.,tlg0653.tlg001.perseus-grc2.xml
Phaenomena,tlg001,1,188,τοῦ δʼ ἄρα δαιμονίη προκυλίνδεται οὐ μάλα πολλὴ,τοῦ δ’ ἄρα δαιμονίη προκυλίνδεται οὐ μάλα πολλὴ,tlg0653.tlg001.perseus-grc2.xml
Phaenomena,tlg001,1,189,νυκτὶ φαεινομένη παμμήνιδι Κασσιέπεια·,νυκτὶ φαεινομένη παμμήνιδι Κασσιέπεια·,tlg0653.tlg001.perseus-grc2.xml
Phaenomena,tlg001,1,190,οὐ γάρ μιν πολλοὶ καὶ ἐπημοιβοὶ γανόωσιν,οὐ γάρ μιν πολλοὶ καὶ ἐπημοιβοὶ γανόωσιν,tlg0653.tlg001.perseus-grc2.xml
Phaenomena,tlg001,1,191,"ἀστέρες, οἵ μιν πᾶσαν ἐπιρρήδην στιχόωσιν.","ἀστέρες, οἵ μιν πᾶσαν ἐπιρρήδην στιχόωσιν.",tlg0653.tlg001.perseus-grc2.xml
Phaenomena,tlg001,1,192,οἵῃ δὲ κληῖδι θύρην ἔντοσθʼ ἀραρυῖαν,οἵῃ δὲ κληῖδι θύρην ἔντοσθ’ ἀραρυῖαν,tlg0653.tlg001.perseus-grc2.xml
Phaenomena,tlg001,1,193,"δικλίδʼ ἐπτπλήσσοντες ἀνακρούουσιν ὀχῆας,","δικλίδ’ ἐπτπλήσσοντες ἀνακρούουσιν ὀχῆας,",tlg0653.tlg001.perseus-grc2.xml
Phaenomena,tlg001,1,194,τοῖοί οἱ μουνὰξ ὑποκείμενοι ἰνδάλλονται,τοῖοί οἱ μουνὰξ ὑποκείμενοι ἰνδάλλονται,tlg0653.tlg001.perseus-grc2.xml
Phaenomena,tlg001,1,195,ἀστέρες. ἡ δʼ αὕτως ὀλίγων ἀποτείνεται ὤμων,ἀστέρες. ἡ δ’ αὕτως ὀλίγων ἀποτείνεται ὤμων,tlg0653.tlg001.perseus-grc2.xml
Phaenomena,tlg001,1,196,ὀργυιήν. φαίης κεν ἀνιάξειν ἐπὶ παιδί.,ὀργυιήν. φαίης κεν ἀνιάξειν ἐπὶ παιδί.,tlg0653.tlg001.perseus-grc2.xml
Phaenomena,tlg001,1,197,αὐτοῦ γὰρ κἀκεῖνο κυλίνδεται αἰνὸν ἄγαλμα,αὐτοῦ γὰρ κἀκεῖνο κυλίνδεται αἰνὸν ἄγαλμα,tlg0653.tlg001.perseus-grc2.xml
Phaenomena,tlg001,1,198,Ἀνδρομέδης ὑπὸ μητρὶ κεκασμένον. οὔ σε μάλʼ οἴω,Ἀνδρομέδης ὑπὸ μητρὶ κεκασμένον. οὔ σε μάλ’ οἴω,tlg0653.tlg001.perseus-grc2.xml
Phaenomena,tlg001,1,199,"νύκτα περισκέψασθαι, ἵνʼ αὐτίκα μᾶλλον ἴδηαι·","νύκτα περισκέψασθαι, ἵν’ αὐτίκα μᾶλλον ἴδηαι·",tlg0653.tlg001.perseus-grc2.xml
Phaenomena,tlg001,1,200,"τοίη οἱ κεφαλή, τοῖοι δέ οἱ ἀμφοτέρωθεν","τοίη οἱ κεφαλή, τοῖοι δέ οἱ ἀμφοτέρωθεν",tlg0653.tlg001.perseus-grc2.xml
Phaenomena,tlg001,1,201,ὦμοι καὶ πόδες ἀκρότατοι καὶ ζώματα πάντα.,ὦμοι καὶ πόδες ἀκρότατοι καὶ ζώματα πάντα.,tlg0653.tlg001.perseus-grc2.xml
Phaenomena,tlg001,1,202,"ἀλλʼ ἔμπης κἀκεῖθι διωλενίη τετάνυσται,","ἀλλ’ ἔμπης κἀκεῖθι διωλενίη τετάνυσται,",tlg0653.tlg001.perseus-grc2.xml
Phaenomena,tlg001,1,203,δεσμὰ δέ οἱ κεῖται καὶ ἐν οὐρανῷ· αἱ δʼ ἀνέχονται,δεσμὰ δέ οἱ κεῖται καὶ ἐν οὐρανῷ· αἱ δ’ ἀνέχονται,tlg0653.tlg001.perseus-grc2.xml
Phaenomena,tlg001,1,204,αὐτοῦ πεπταμέναι πάντʼ ἤματα χεῖρες ἐκεῖναι.,αὐτοῦ πεπταμέναι πάντ’ ἤματα χεῖρες ἐκεῖναι.,tlg0653.tlg001.perseus-grc2.xml
Phaenomena,tlg001,1,205,Ἀλλʼ ἄρα οἱ καὶ κρατὶ πέλωρ ἐπελήλαται ἵππος,Ἀλλ’ ἄρα οἱ καὶ κρατὶ πέλωρ ἐπελήλαται ἵππος,tlg0653.tlg001.perseus-grc2.xml
Phaenomena,tlg001,1,206,γαστέρι νειαίρῃ· ξυνὸς δʼ ἐπιλάμπεται ἀστὴρ,γαστέρι νειαίρῃ· ξυνὸς δ’ ἐπιλάμπεται ἀστὴρ,tlg0653.tlg001.perseus-grc2.xml
Phaenomena,tlg001,1,207,"τοῦ μὲν ἐπʼ ὀμφαλίῳ, τῆς δʼ ἐσχατόωντι καρήνῳ.","τοῦ μὲν ἐπ’ ὀμφαλίῳ, τῆς δ’ ἐσχατόωντι καρήνῳ.",tlg0653.tlg001.perseus-grc2.xml
Phaenomena,tlg001,1,208,οἱ δʼ ἄρʼ ἔτι τρεῖς ἄλλοι ἐπὶ πλευράς τε καὶ ὤμους,οἱ δ’ ἄρ’ ἔτι τρεῖς ἄλλοι ἐπὶ πλευράς τε καὶ ὤμους,tlg0653.tlg001.perseus-grc2.xml
Phaenomena,tlg001,1,209,"ἵππου δεικανόωσι διασταδὸν ἶσα πέλεθρα,","ἵππου δεικανόωσι διασταδὸν ἶσα πέλεθρα,",tlg0653.tlg001.perseus-grc2.xml
Phaenomena,tlg001,1,210,"καλοὶ καὶ μεγάλοι· κεφαλὴ δέ οἱ οὐδὲν ὁμοίη,","καλοὶ καὶ μεγάλοι· κεφαλὴ δέ οἱ οὐδὲν ὁμοίη,",tlg0653.tlg001.perseus-grc2.xml
Phaenomena,tlg001,1,211,οὐδʼ αὐχὴν δολιχός περ ἐών. ἀτὰρ ἔσχατος ἀστὴρ,οὐδ’ αὐχὴν δολιχός περ ἐών. ἀτὰρ ἔσχατος ἀστὴρ,tlg0653.tlg001.perseus-grc2.xml
Phaenomena,tlg001,1,212,αἰθομένης γένυος καί κεν προτέροις ἐρίσειεν,αἰθομένης γένυος καί κεν προτέροις ἐρίσειεν,tlg0653.tlg001.perseus-grc2.xml
Phaenomena,tlg001,1,213,"τέτρασιν, οἵ μιν ἔχουσι περίσκεπτοι μάλʼ ἐόντες.","τέτρασιν, οἵ μιν ἔχουσι περίσκεπτοι μάλ’ ἐόντες.",tlg0653.tlg001.perseus-grc2.xml
Phaenomena,tlg001,1,214,οὐδʼ ὅ γε τετράπος ἐστἰν· ἀπʼ ὀμφαλίοιο γὰρ ἄκρου,οὐδ’ ὅ γε τετράπος ἐστἰν· ἀπ’ ὀμφαλίοιο γὰρ ἄκρου,tlg0653.tlg001.perseus-grc2.xml
Phaenomena,tlg001,1,215,μεσσόθεν ἡμιτελὴς περιτέλλεται ἱερὸς Ἵππος.,μεσσόθεν ἡμιτελὴς περιτέλλεται ἱερὸς Ἵππος.,tlg0653.tlg001.perseus-grc2.xml
Phaenomena,tlg001,1,216,κεῖνον δὴ καί φασι καθʼ ὑψηλοῦ Ἑλικῶνος,κεῖνον δὴ καί φασι καθ’ ὑψηλοῦ Ἑλικῶνος,tlg0653.tlg001.perseus-grc2.xml
Phaenomena,tlg001,1,217,καλὸν ὕδωρ ἀγαγεῖν εὐαλδέος Ἱππουκρήνης.,καλὸν ὕδωρ ἀγαγεῖν εὐαλδέος Ἱππουκρήνης.,tlg0653.tlg001.perseus-grc2.xml
Phaenomena,tlg001,1,218,"οὐ γάρ πω Ἑλικὼν ἄκρος κατελείβετο πηγαῖς,","οὐ γάρ πω Ἑλικὼν ἄκρος κατελείβετο πηγαῖς,",tlg0653.tlg001.perseus-grc2.xml
Phaenomena,tlg001,1,219,ἀλλʼ Ἵππος μιν ἔτυψε· τὸ δʼ ἀθρόον αὐτόθεν ὕδωρ,ἀλλ’ Ἵππος μιν ἔτυψε· τὸ δ’ ἀθρόον αὐτόθεν ὕδωρ,tlg0653.tlg001.perseus-grc2.xml
Phaenomena,tlg001,1,220,ἐξέχυτο πληγῇ προτέρου ποδός· οἱ δὲ νομῆες,ἐξέχυτο πληγῇ προτέρου ποδός· οἱ δὲ νομῆες,tlg0653.tlg001.perseus-grc2.xml
Phaenomena,tlg001,1,221,πρῶτοι κεῖνο ποτὸν διεφήμισαν Ἱππουκρήνην.,πρῶτοι κεῖνο ποτὸν διεφήμισαν Ἱππουκρήνην.,tlg0653.tlg001.perseus-grc2.xml
Phaenomena,tlg001,1,222,"ἀλλὰ τὸ μὲν πέτρης ἀπολείβεται, οὐδέ ποτʼ αὐτὸ","ἀλλὰ τὸ μὲν πέτρης ἀπολείβεται, οὐδέ ποτ’ αὐτὸ",tlg0653.tlg001.perseus-grc2.xml
Phaenomena,tlg001,1,223,Θεσπιέων ἀνδρῶν ἐκὰς ὄψεαι· αὐτὰρ ὁ Ἵππος,Θεσπιέων ἀνδρῶν ἐκὰς ὄψεαι· αὐτὰρ ὁ Ἵππος,tlg0653.tlg001.perseus-grc2.xml
Phaenomena,tlg001,1,224,ἐν Διὸς εἰλεῖται καί τοι πάρα θηήσασθαι.,ἐν Διὸς εἰλεῖται καί τοι πάρα θηήσασθαι.,tlg0653.tlg001.perseus-grc2.xml
Phaenomena,tlg001,1,225,"αὐτοῦ καὶ Κριοῖο θοώταταί εἰσι κέλευθοι,","αὐτοῦ καὶ Κριοῖο θοώταταί εἰσι κέλευθοι,",tlg0653.tlg001.perseus-grc2.xml
Phaenomena,tlg001,1,226,ὅς ῥά τε καὶ μήκιστα διωκόμενος περὶ κύκλα,ὅς ῥά τε καὶ μήκιστα διωκόμενος περὶ κύκλα,tlg0653.tlg001.perseus-grc2.xml
Phaenomena,tlg001,1,227,"οὐδὲν ἀφαυρότερον τροχάει Κυνοσουρίδος Ἄρκτου,","οὐδὲν ἀφαυρότερον τροχάει Κυνοσουρίδος Ἄρκτου,",tlg0653.tlg001.perseus-grc2.xml
Phaenomena,tlg001,1,228,αὐτὸς μὲν νωθὴς καὶ ἀνάστερος οἷα σελήνῃ,αὐτὸς μὲν νωθὴς καὶ ἀνάστερος οἷα σελήνῃ,tlg0653.tlg001.perseus-grc2.xml
Phaenomena,tlg001,1,229,"σκέψασθαι, ζώνῃ δʼ ἂν ὅμως ἐπιτεκμήραιο","σκέψασθαι, ζώνῃ δ’ ἂν ὅμως ἐπιτεκμήραιο",tlg0653.tlg001.perseus-grc2.xml
Phaenomena,tlg001,1,230,Ἀνδρομέδης· ὀλίγον γὰρ ὑπʼ αὐτὴν ἐστήρικται.,Ἀνδρομέδης· ὀλίγον γὰρ ὑπ’ αὐτὴν ἐστήρικται.,tlg0653.tlg001.perseus-grc2.xml
Phaenomena,tlg001,1,231,"μεσσόθι δὲ τρίβει μέγαν οὐρανόν, ἧχί περ ἄκραι","μεσσόθι δὲ τρίβει μέγαν οὐρανόν, ἧχί περ ἄκραι",tlg0653.tlg001.perseus-grc2.xml
Phaenomena,tlg001,1,232,χηλαὶ καὶ ζώνη περιτέλλεται Ὠρίωνος.,χηλαὶ καὶ ζώνη περιτέλλεται Ὠρίωνος.,tlg0653.tlg001.perseus-grc2.xml
Phaenomena,tlg001,1,233,ἔστι δέ τοι καὶ ἔτʼ ἄλλο τετυγμένον ἐγγύθι σῆμα,ἔστι δέ τοι καὶ ἔτ’ ἄλλο τετυγμένον ἐγγύθι σῆμα,tlg0653.tlg001.perseus-grc2.xml
Phaenomena,tlg001,1,234,"νειόθεν Ἀνδρομέδης, τὸ δʼ ἐπὶ τρισὶν ἐστάθμηται","νειόθεν Ἀνδρομέδης, τὸ δ’ ἐπὶ τρισὶν ἐστάθμηται",tlg0653.tlg001.perseus-grc2.xml
Phaenomena,tlg001,1,235,"Δελτωτόν πλευρῇσιν, ἰσαιομένῃσιν ἐοικὸς","Δελτωτόν πλευρῇσιν, ἰσαιομένῃσιν ἐοικὸς",tlg0653.tlg001.perseus-grc2.xml
Phaenomena,tlg001,1,236,"ἀμφοτέρῃς· ἡ δʼ οὔτι τόση, μάλα δʼ ἐστὶν ἑτοίμη","ἀμφοτέρῃς· ἡ δ’ οὔτι τόση, μάλα δ’ ἐστὶν ἑτοίμη",tlg0653.tlg001.perseus-grc2.xml
Phaenomena,tlg001,1,237,εὑρέσθαι· περὶ γὰρ πολέων εὐάστερός ἐστιν.,εὑρέσθαι· περὶ γὰρ πολέων εὐάστερός ἐστιν.,tlg0653.tlg001.perseus-grc2.xml
Phaenomena,tlg001,1,238,τῶν ὀλίγον Κριοῦ νοτιώτεροι ἀστέρες εἰσίν.,τῶν ὀλίγον Κριοῦ νοτιώτεροι ἀστέρες εἰσίν.,tlg0653.tlg001.perseus-grc2.xml
Phaenomena,tlg001,1,239,"οἱ δʼ ἄρʼ ἔτι προτέρω, ἔτι δʼ ἐν προμολῇσι νότοιο,","οἱ δ’ ἄρ’ ἔτι προτέρω, ἔτι δ’ ἐν προμολῇσι νότοιο,",tlg0653.tlg001.perseus-grc2.xml
Phaenomena,tlg001,1,240,"ἰχθύες. ἀλλʼ αἰεὶ ἕτερος προφερέστερος ἄλλου,","ἰχθύες. ἀλλ’ αἰεὶ ἕτερος προφερέστερος ἄλλου,",tlg0653.tlg001.perseus-grc2.xml
Phaenomena,tlg001,1,241,καὶ μᾶλλον βορέαο νέον κατιόντος ἀκούει.,καὶ μᾶλλον βορέαο νέον κατιόντος ἀκούει.,tlg0653.tlg001.perseus-grc2.xml
Phaenomena,tlg001,1,242,ἀμφοτέρων δέ σφεων ἀποτείνεται ἠΰτε δεσμὰ,ἀμφοτέρων δέ σφεων ἀποτείνεται ἠΰτε δεσμὰ,tlg0653.tlg001.perseus-grc2.xml
Phaenomena,tlg001,1,243,οὐραίων ἑκάτερθεν ἐπισχερὼ εἰς ἓν ἰόντων.,οὐραίων ἑκάτερθεν ἐπισχερὼ εἰς ἓν ἰόντων.,tlg0653.tlg001.perseus-grc2.xml
Phaenomena,tlg001,1,244,"καὶ τὰ μὲν εἷς ἀστὴρ ἐπέχει καλός τε μέγας τε,","καὶ τὰ μὲν εἷς ἀστὴρ ἐπέχει καλός τε μέγας τε,",tlg0653.tlg001.perseus-grc2.xml
Phaenomena,tlg001,1,245,ὅν ῥά τε καὶ σύνδεσμον ὑπούραιον καλέουσιν.,ὅν ῥά τε καὶ σύνδεσμον ὑπούραιον καλέουσιν.,tlg0653.tlg001.perseus-grc2.xml
Phaenomena,tlg001,1,246,Ἀνδρομέδης δέ τοι ὦμος ἀριστερὸς Ἰχθύος ἔστω,Ἀνδρομέδης δέ τοι ὦμος ἀριστερὸς Ἰχθύος ἔστω,tlg0653.tlg001.perseus-grc2.xml
Phaenomena,tlg001,1,247,σῆμα βορειοτέρου· μάλα γάρ νύ οἱ ἐγγύθεν ἐστίν.,σῆμα βορειοτέρου· μάλα γάρ νύ οἱ ἐγγύθεν ἐστίν.,tlg0653.tlg001.perseus-grc2.xml
Phaenomena,tlg001,1,248,ἀμφότεροι δὲ πόδες γαμβροῦ ἐπισημαίνοιεν,ἀμφότεροι δὲ πόδες γαμβροῦ ἐπισημαίνοιεν,tlg0653.tlg001.perseus-grc2.xml
Phaenomena,tlg001,1,249,"Περσέος, οἵ ῥά οἱ αἰὲν ἐπωμάδιοι φορέονται.","Περσέος, οἵ ῥά οἱ αἰὲν ἐπωμάδιοι φορέονται.",tlg0653.tlg001.perseus-grc2.xml
Phaenomena,tlg001,1,250,αὐτάρ ὅ γʼ ἐν βορέω φέρεται περιμήκετος ἄλλων.,αὐτάρ ὅ γ’ ἐν βορέω φέρεται περιμήκετος ἄλλων.,tlg0653.tlg001.perseus-grc2.xml
Phaenomena,tlg001,1,251,καί οἱ δεξιτερὴ μὲν ἐπὶ κλισμὸν τετάνυσται,καί οἱ δεξιτερὴ μὲν ἐπὶ κλισμὸν τετάνυσται,tlg0653.tlg001.perseus-grc2.xml
Phaenomena,tlg001,1,252,πενθερίου δίφροιο· τὰ δʼ ἐν ποσὶν οἷα διώκων,πενθερίου δίφροιο· τὰ δ’ ἐν ποσὶν οἷα διώκων,tlg0653.tlg001.perseus-grc2.xml
Phaenomena,tlg001,1,253,ἴχνια μηκύνει κεκονιμένος ἐν Διὶ πατρί.,ἴχνια μηκύνει κεκονιμένος ἐν Διὶ πατρί.,tlg0653.tlg001.perseus-grc2.xml
Phaenomena,tlg001,1,254,ἄγχι δέ οἱ σκαιῆς ἐπιγουνίδος ἤλιθα πᾶσαι,ἄγχι δέ οἱ σκαιῆς ἐπιγουνίδος ἤλιθα πᾶσαι,tlg0653.tlg001.perseus-grc2.xml
Phaenomena,tlg001,1,255,Πληϊάδες φορέονται. ὁ δʼ οὐ μάλα πολλὸς ἁπάσας,Πληϊάδες φορέονται. ὁ δ’ οὐ μάλα πολλὸς ἁπάσας,tlg0653.tlg001.perseus-grc2.xml
Phaenomena,tlg001,1,256,"χῶρος ἔχει, καὶ δʼ αὐταὶ ἐπισκέψασθαι ἀφαυραί.","χῶρος ἔχει, καὶ δ’ αὐταὶ ἐπισκέψασθαι ἀφαυραί.",tlg0653.tlg001.perseus-grc2.xml
Phaenomena,tlg001,1,257,"ἑπτάποροι δὴ ταί γε μετʼ ἀνθρώπους ὑδέονται,","ἑπτάποροι δὴ ταί γε μετ’ ἀνθρώπους ὑδέονται,",tlg0653.tlg001.perseus-grc2.xml
Phaenomena,tlg001,1,258,ἓξ οἶαί περ ἐοῦσαι ἐπόψιαι ὀφθαλμοῖσιν.,ἓξ οἶαί περ ἐοῦσαι ἐπόψιαι ὀφθαλμοῖσιν.,tlg0653.tlg001.perseus-grc2.xml
Phaenomena,tlg001,1,259,"οὐ μέν πως ἀπόλωλεν ἀπευθὴς ἐκ Διὸς ἀστήρ,","οὐ μέν πως ἀπόλωλεν ἀπευθὴς ἐκ Διὸς ἀστήρ,",tlg0653.tlg001.perseus-grc2.xml
Phaenomena,tlg001,1,260,"ἐξ αὗ καὶ γενεῆθεν ἀκούομεν, ἀλλὰ μάλʼ αὕτως","ἐξ αὗ καὶ γενεῆθεν ἀκούομεν, ἀλλὰ μάλ’ αὕτως",tlg0653.tlg001.perseus-grc2.xml
Phaenomena,tlg001,1,261,εἴρεται. ἑπτὰ δʼ ἐκεῖναι ἐπιρρήδην καλέονται,εἴρεται. ἑπτὰ δ’ ἐκεῖναι ἐπιρρήδην καλέονται,tlg0653.tlg001.perseus-grc2.xml
Phaenomena,tlg001,1,262,Ἀλκυόνη Μερόπη τε Κελαινώ τʼ Ἠλέκτρη τε,Ἀλκυόνη Μερόπη τε Κελαινώ τ’ Ἠλέκτρη τε,tlg0653.tlg001.perseus-grc2.xml
Phaenomena,tlg001,1,263,καὶ Στερόπη καὶ Τηϋγέτη καὶ πότνια Μαῖα.,καὶ Στερόπη καὶ Τηϋγέτη καὶ πότνια Μαῖα.,tlg0653.tlg001.perseus-grc2.xml
Phaenomena,tlg001,1,264,"αἱ μὲν ὁμῶς ὀλίγαι καὶ ἀφεγγέες, ἀλλʼ ὀνομασταὶ","αἱ μὲν ὁμῶς ὀλίγαι καὶ ἀφεγγέες, ἀλλ’ ὀνομασταὶ",tlg0653.tlg001.perseus-grc2.xml
Phaenomena,tlg001,1,265,"ἦρι καὶ ἑσπέριαι, Ζεὺς δʼ αἴτιος, εἱλίσσονται,","ἦρι καὶ ἑσπέριαι, Ζεὺς δ’ αἴτιος, εἱλίσσονται,",tlg0653.tlg001.perseus-grc2.xml
Phaenomena,tlg001,1,266,ὅ σφισι καὶ θέρεος καὶ χείματος ἀρχομένοιο,ὅ σφισι καὶ θέρεος καὶ χείματος ἀρχομένοιο,tlg0653.tlg001.perseus-grc2.xml
Phaenomena,tlg001,1,267,σημαίνειν ἐκέλευσεν ἐπερχομένου τʼ ἀρότοιο.,σημαίνειν ἐκέλευσεν ἐπερχομένου τ’ ἀρότοιο.,tlg0653.tlg001.perseus-grc2.xml
Phaenomena,tlg001,1,268,"καὶ χέλυς, ἥτʼ ὀλίγη· τὴν δʼ ἆρʼ ἔτι καὶ παρὰ λίκνῳ","καὶ χέλυς, ἥτ’ ὀλίγη· τὴν δ’ ἆρ’ ἔτι καὶ παρὰ λίκνῳ",tlg0653.tlg001.perseus-grc2.xml
Phaenomena,tlg001,1,269,"Ἑρμείης ἐτόρησε, λύρην δέ μιν εἶπε λέγεσθαι.","Ἑρμείης ἐτόρησε, λύρην δέ μιν εἶπε λέγεσθαι.",tlg0653.tlg001.perseus-grc2.xml
Phaenomena,tlg001,1,270,κὰδ δʼ ἔθετο προπάροιθεν ἀπευθέος Εἰδώλοιο,κὰδ δ’ ἔθετο προπάροιθεν ἀπευθέος Εἰδώλοιο,tlg0653.tlg001.perseus-grc2.xml
Phaenomena,tlg001,1,271,οὐρανὸν εἰσαγαγών. τὸ δʼ ἐπὶ σκελέεσσι πέτηλον,οὐρανὸν εἰσαγαγών. τὸ δ’ ἐπὶ σκελέεσσι πέτηλον,tlg0653.tlg001.perseus-grc2.xml
Phaenomena,tlg001,1,272,γούνατί οἱ σκαιῷ πελάει· κεφαλή γε μὲν ἄκρη,γούνατί οἱ σκαιῷ πελάει· κεφαλή γε μὲν ἄκρη,tlg0653.tlg001.perseus-grc2.xml
Phaenomena,tlg001,1,273,ἀντιπέρην Ὄρνιθος ἑλίσσεται· ἡ δὲ μεσηγὺ,ἀντιπέρην Ὄρνιθος ἑλίσσεται· ἡ δὲ μεσηγὺ,tlg0653.tlg001.perseus-grc2.xml
Phaenomena,tlg001,1,274,ὀρνιθέης κεφαλῆς καὶ γούνατος ἐστήρικται.,ὀρνιθέης κεφαλῆς καὶ γούνατος ἐστήρικται.,tlg0653.tlg001.perseus-grc2.xml
Phaenomena,tlg001,1,275,ἦτοι γὰρ καὶ Ζηνὶ παρατρέχει αἰόλος ὄρνις.,ἦτοι γὰρ καὶ Ζηνὶ παρατρέχει αἰόλος ὄρνις.,tlg0653.tlg001.perseus-grc2.xml
Phaenomena,tlg001,1,276,"ἀλλʼ ὁ μὲν ἠερόεις, τὰ δέ οἱ ἔπι τετρήχυνται","ἀλλ’ ὁ μὲν ἠερόεις, τὰ δέ οἱ ἔπι τετρήχυνται",tlg0653.tlg001.perseus-grc2.xml
Phaenomena,tlg001,1,277,"ἀστράσιν οὔτι λίην μεγάλοις, ἀτὰρ οὐ μὲν ἀφαυροῖς.","ἀστράσιν οὔτι λίην μεγάλοις, ἀτὰρ οὐ μὲν ἀφαυροῖς.",tlg0653.tlg001.perseus-grc2.xml
Phaenomena,tlg001,1,278,αὐτὰρ ὅ γʼ εὐδιόωντι ποτὴν ὄρνιθι ἐοικὼς,αὐτὰρ ὅ γ’ εὐδιόωντι ποτὴν ὄρνιθι ἐοικὼς,tlg0653.tlg001.perseus-grc2.xml
Phaenomena,tlg001,1,279,"οὔριος εἰς ἑτέρην φέρεται, κατὰ δεξιὰ χειρὸς","οὔριος εἰς ἑτέρην φέρεται, κατὰ δεξιὰ χειρὸς",tlg0653.tlg001.perseus-grc2.xml
Phaenomena,tlg001,1,280,"Κηφείης ταρσοῖο τὰ δεξιὰ πείρατα τείνων,","Κηφείης ταρσοῖο τὰ δεξιὰ πείρατα τείνων,",tlg0653.tlg001.perseus-grc2.xml
Phaenomena,tlg001,1,281,λαιῇ δὲ πτέρυγι σκαρθμὸς παρακέκλιται Ἵππου.,λαιῇ δὲ πτέρυγι σκαρθμὸς παρακέκλιται Ἵππου.,tlg0653.tlg001.perseus-grc2.xml
Phaenomena,tlg001,1,282,τὸν δὲ μετασκαίροντα δύʼ Ἰχθύες ἀμφινέμονται,τὸν δὲ μετασκαίροντα δύ’ Ἰχθύες ἀμφινέμονται,tlg0653.tlg001.perseus-grc2.xml
Phaenomena,tlg001,1,283,ἵππον· πὰρ δʼ ἄρα οἱ κεφαλῇ χεὶρ Ὑδροχόοιο,ἵππον· πὰρ δ’ ἄρα οἱ κεφαλῇ χεὶρ Ὑδροχόοιο,tlg0653.tlg001.perseus-grc2.xml
Phaenomena,tlg001,1,284,δεξιτερὴ τετάνυσθʼ· ὁ δʼ ὀπίστερος Αἰγοκερῆος,δεξιτερὴ τετάνυσθ’· ὁ δ’ ὀπίστερος Αἰγοκερῆος,tlg0653.tlg001.perseus-grc2.xml
Phaenomena,tlg001,1,285,τέλλεται. αὐτὰρ ὅ γε πρότερος καὶ νειόθι μᾶλλον,τέλλεται. αὐτὰρ ὅ γε πρότερος καὶ νειόθι μᾶλλον,tlg0653.tlg001.perseus-grc2.xml
Phaenomena,tlg001,1,286,"κέκλιται αἰγόκερως, ἵνα τε τρέπετʼ ἠελίου ἴς.","κέκλιται αἰγόκερως, ἵνα τε τρέπετ’ ἠελίου ἴς.",tlg0653.tlg001.perseus-grc2.xml
Phaenomena,tlg001,1,287,μὴ κείνῳ ἐνὶ μηνὶ περικλύζοιο θαλάσσῃ,μὴ κείνῳ ἐνὶ μηνὶ περικλύζοιο θαλάσσῃ,tlg0653.tlg001.perseus-grc2.xml
Phaenomena,tlg001,1,288,πεπταμένῳ πελάγει κεχρημένος. οὔτε κεν ἠοῖ,πεπταμένῳ πελάγει κεχρημένος. οὔτε κεν ἠοῖ,tlg0653.tlg001.perseus-grc2.xml
Phaenomena,tlg001,1,289,"πολλὴν πειρήνειας, ἐπεὶ ταχινώταταί εἰσιν·","πολλὴν πειρήνειας, ἐπεὶ ταχινώταταί εἰσιν·",tlg0653.tlg001.perseus-grc2.xml
Phaenomena,tlg001,1,290,οὔτʼ ἄν τοι νυκτὸς πεφοβημένῳ ἐγγύθεν ἠὼς,οὔτ’ ἄν τοι νυκτὸς πεφοβημένῳ ἐγγύθεν ἠὼς,tlg0653.tlg001.perseus-grc2.xml
Phaenomena,tlg001,1,291,ἔλθοι καὶ μάλα πολλὰ βοωμένῳ. οἱ δʼ ἀλεγεινοὶ,ἔλθοι καὶ μάλα πολλὰ βοωμένῳ. οἱ δ’ ἀλεγεινοὶ,tlg0653.tlg001.perseus-grc2.xml
Phaenomena,tlg001,1,292,"τῆμος ἐπιρρήσσουσι νότοι, ὁπότʼ Αἰγοκερῆϊ","τῆμος ἐπιρρήσσουσι νότοι, ὁπότ’ Αἰγοκερῆϊ",tlg0653.tlg001.perseus-grc2.xml
Phaenomena,tlg001,1,293,συμφέρετʼ ἠέλιος· τότε δέ κρύος ἐκ Διός ἐστιν,συμφέρετ’ ἠέλιος· τότε δέ κρύος ἐκ Διός ἐστιν,tlg0653.tlg001.perseus-grc2.xml
Phaenomena,tlg001,1,294,ναύτῃ μαλκιόωντι κακώτερον. ἀλλὰ καὶ ἔμπης,ναύτῃ μαλκιόωντι κακώτερον. ἀλλὰ καὶ ἔμπης,tlg0653.tlg001.perseus-grc2.xml
Phaenomena,tlg001,1,295,ἤδη πάντʼ ἐνιαυτὸν ὑπὸ στείρῃσι θάλασσα,ἤδη πάντ’ ἐνιαυτὸν ὑπὸ στείρῃσι θάλασσα,tlg0653.tlg001.perseus-grc2.xml
Phaenomena,tlg001,1,296,πορφύρει· ἴκελοι δὲ κολυμβίσιν αἰθυίῃσιν,πορφύρει· ἴκελοι δὲ κολυμβίσιν αἰθυίῃσιν,tlg0653.tlg001.perseus-grc2.xml
Phaenomena,tlg001,1,297,πολλάκις ἐκ νηῶν πέλαγος περιπαπταίνοντες,πολλάκις ἐκ νηῶν πέλαγος περιπαπταίνοντες,tlg0653.tlg001.perseus-grc2.xml
Phaenomena,tlg001,1,298,ἥμεθʼ ἐπʼ αἰγιαλοὺς τετραμμένοι· οἱ δʼ ἔτι πόρσω,ἥμεθ’ ἐπ’ αἰγιαλοὺς τετραμμένοι· οἱ δ’ ἔτι πόρσω,tlg0653.tlg001.perseus-grc2.xml
Phaenomena,tlg001,1,299,κλύζονται· ὀλίγον δὲ διὰ ξύλον Ἄϊδʼ ἐρύκει.,κλύζονται· ὀλίγον δὲ διὰ ξύλον Ἄϊδ’ ἐρύκει.,tlg0653.tlg001.perseus-grc2.xml
Phaenomena,tlg001,1,300,"καὶ δʼ ἄν ἐπὶ προτέρῳ γε, θαλάσσῃ πολλὰ πεπονθώς,","καὶ δ’ ἄν ἐπὶ προτέρῳ γε, θαλάσσῃ πολλὰ πεπονθώς,",tlg0653.tlg001.perseus-grc2.xml
Phaenomena,tlg001,1,301,"τόξον ὅτʼ ἠέλιος καίει καὶ ῥύτορα Τόξου,","τόξον ὅτ’ ἠέλιος καίει καὶ ῥύτορα Τόξου,",tlg0653.tlg001.perseus-grc2.xml
Phaenomena,tlg001,1,302,"ἑσπέριος κατάγοιο, πεποιθὼς οὐκέτι νυκτί.","ἑσπέριος κατάγοιο, πεποιθὼς οὐκέτι νυκτί.",tlg0653.tlg001.perseus-grc2.xml
Phaenomena,tlg001,1,303,σῆμα δέ τοι κείνης ὥρης καὶ μηνὸς ἐκείνου,σῆμα δέ τοι κείνης ὥρης καὶ μηνὸς ἐκείνου,tlg0653.tlg001.perseus-grc2.xml
Phaenomena,tlg001,1,304,σκορπίος ἀντέλλων εἴη πυμάτης ἐπὶ νυκτός.,σκορπίος ἀντέλλων εἴη πυμάτης ἐπὶ νυκτός.,tlg0653.tlg001.perseus-grc2.xml
Phaenomena,tlg001,1,305,ἤτοι γὰρ μέγα τόξον ἀνέλκεται ἐγγύθι κέντρου,ἤτοι γὰρ μέγα τόξον ἀνέλκεται ἐγγύθι κέντρου,tlg0653.tlg001.perseus-grc2.xml
Phaenomena,tlg001,1,306,τοξευτὴς· ὀλίγον δὲ παροίτερος ἵσταται αὐτοῦ,τοξευτὴς· ὀλίγον δὲ παροίτερος ἵσταται αὐτοῦ,tlg0653.tlg001.perseus-grc2.xml
Phaenomena,tlg001,1,307,"σκορπίος ἀντέλλων, ὁ δʼ ἀνέρχεται αὐτίκα μᾶλλον.","σκορπίος ἀντέλλων, ὁ δ’ ἀνέρχεται αὐτίκα μᾶλλον.",tlg0653.tlg001.perseus-grc2.xml
Phaenomena,tlg001,1,308,τῆμος καὶ κεφαλὴ Κυνοσουρίδος ἀκρόθι νυκτὸς,τῆμος καὶ κεφαλὴ Κυνοσουρίδος ἀκρόθι νυκτὸς,tlg0653.tlg001.perseus-grc2.xml
Phaenomena,tlg001,1,309,"ὕψι μάλα τροχάει, ὁ δὲ δύεται ἠῶθι πρὸ","ὕψι μάλα τροχάει, ὁ δὲ δύεται ἠῶθι πρὸ",tlg0653.tlg001.perseus-grc2.xml
Phaenomena,tlg001,1,310,"ἀθρόος Ὠρίων, Κηφεὺς δʼ ἀπὸ χειρὸς ἐπʼ ἰξύν.","ἀθρόος Ὠρίων, Κηφεὺς δ’ ἀπὸ χειρὸς ἐπ’ ἰξύν.",tlg0653.tlg001.perseus-grc2.xml
Phaenomena,tlg001,1,311,ἔστι δέ τις προτέρω βεβλημένος ἄλλος ὀϊστὸς,ἔστι δέ τις προτέρω βεβλημένος ἄλλος ὀϊστὸς,tlg0653.tlg001.perseus-grc2.xml
Phaenomena,tlg001,1,312,αὐτός ἄτερ τόξου· ὁ δέ οἱ παραπέπταται Ὄρνις,αὐτός ἄτερ τόξου· ὁ δέ οἱ παραπέπταται Ὄρνις,tlg0653.tlg001.perseus-grc2.xml
Phaenomena,tlg001,1,313,ἀσσότερον βορέω. σχεδόθεν δέ οἱ ἄλλος ἄηται,ἀσσότερον βορέω. σχεδόθεν δέ οἱ ἄλλος ἄηται,tlg0653.tlg001.perseus-grc2.xml
Phaenomena,tlg001,1,314,"οὐ τόσσος μεγέθει, χαλεπός γε μὲν ἐξ ἁλὸς ἐλθεῖν","οὐ τόσσος μεγέθει, χαλεπός γε μὲν ἐξ ἁλὸς ἐλθεῖν",tlg0653.tlg001.perseus-grc2.xml
Phaenomena,tlg001,1,315,νυκτὸς ἀπερχομένης· καί μιν καλέουσιν ἄητον.,νυκτὸς ἀπερχομένης· καί μιν καλέουσιν ἄητον.,tlg0653.tlg001.perseus-grc2.xml
Phaenomena,tlg001,1,316,"δελφὶς δʼ, οὐ μάλα πολλός, ἐπιτρέχει Αἰγοκερῆϊ","δελφὶς δ’, οὐ μάλα πολλός, ἐπιτρέχει Αἰγοκερῆϊ",tlg0653.tlg001.perseus-grc2.xml
Phaenomena,tlg001,1,317,μεσσόθεν ἠερόεις· τὰ δέ οἱ περὶ τέσσαρα κεῖται,μεσσόθεν ἠερόεις· τὰ δέ οἱ περὶ τέσσαρα κεῖται,tlg0653.tlg001.perseus-grc2.xml
Phaenomena,tlg001,1,318,"γλήνεα, παρβολάδην δύο πὰρ δύο πεπτηῶτα.","γλήνεα, παρβολάδην δύο πὰρ δύο πεπτηῶτα.",tlg0653.tlg001.perseus-grc2.xml
Phaenomena,tlg001,1,319,καὶ τὰ μὲν οὖν βορέω καὶ ἀλήσιος ἠελίοιο,καὶ τὰ μὲν οὖν βορέω καὶ ἀλήσιος ἠελίοιο,tlg0653.tlg001.perseus-grc2.xml
Phaenomena,tlg001,1,320,μεσσηγὺς κέχυται· τὰ δὲ νειόθι τέλλεται ἄλλα,μεσσηγὺς κέχυται· τὰ δὲ νειόθι τέλλεται ἄλλα,tlg0653.tlg001.perseus-grc2.xml
Phaenomena,tlg001,1,321,πολλὰ μεταξὺ νότοιο καὶ ἠελίοιο κελεύθου.,πολλὰ μεταξὺ νότοιο καὶ ἠελίοιο κελεύθου.,tlg0653.tlg001.perseus-grc2.xml
Phaenomena,tlg001,1,322,λοξὸς μὲν Ταύροιο τομῆ ὑποκέκλιται αὐτὸς,λοξὸς μὲν Ταύροιο τομῆ ὑποκέκλιται αὐτὸς,tlg0653.tlg001.perseus-grc2.xml
Phaenomena,tlg001,1,323,Ὠρίων. μὴ κεῖνον ὅτις καθαρῇ ἐνὶ νυκτὶ,Ὠρίων. μὴ κεῖνον ὅτις καθαρῇ ἐνὶ νυκτὶ,tlg0653.tlg001.perseus-grc2.xml
Phaenomena,tlg001,1,324,ὑψοῦ πεπτηῶτα παρέρχεται ἄλλα πεποίθοι,ὑψοῦ πεπτηῶτα παρέρχεται ἄλλα πεποίθοι,tlg0653.tlg001.perseus-grc2.xml
Phaenomena,tlg001,1,325,οὐρανὸν εἰσανιδὼν προφερέστερα θηήσασθαι.,οὐρανὸν εἰσανιδὼν προφερέστερα θηήσασθαι.,tlg0653.tlg001.perseus-grc2.xml
Phaenomena,tlg001,1,326,τοῖός οἱ καὶ φρουρὸς ἀειρομένῳ ὑπὸ νώτῳ,τοῖός οἱ καὶ φρουρὸς ἀειρομένῳ ὑπὸ νώτῳ,tlg0653.tlg001.perseus-grc2.xml
Phaenomena,tlg001,1,327,"φαίνεται ἀμφοτέροισι κύων ὑπὸ ποσσὶ βεβηκώς,","φαίνεται ἀμφοτέροισι κύων ὑπὸ ποσσὶ βεβηκώς,",tlg0653.tlg001.perseus-grc2.xml
Phaenomena,tlg001,1,328,"ποικίλος, ἀλλʼ οὐ πάντα πεφασμένος· ἀλλὰ κατʼ αὐτὴν","ποικίλος, ἀλλ’ οὐ πάντα πεφασμένος· ἀλλὰ κατ’ αὐτὴν",tlg0653.tlg001.perseus-grc2.xml
Phaenomena,tlg001,1,329,"γαστέρα κυάνεος περιτέλλεται, ἡ δέ αἱ ἄκρη","γαστέρα κυάνεος περιτέλλεται, ἡ δέ αἱ ἄκρη",tlg0653.tlg001.perseus-grc2.xml
Phaenomena,tlg001,1,330,"ἀστέρι βέβληται δεινὴ γένυς, ὅς ῥα μάλιστα","ἀστέρι βέβληται δεινὴ γένυς, ὅς ῥα μάλιστα",tlg0653.tlg001.perseus-grc2.xml
Phaenomena,tlg001,1,331,ὀξέα σειριάει· καί μιν καλέουσʼ ἄνθρωποι,ὀξέα σειριάει· καί μιν καλέουσ’ ἄνθρωποι,tlg0653.tlg001.perseus-grc2.xml
Phaenomena,tlg001,1,332,Σείριον. οὐκέτι κεῖνον ἅμʼ ἠελίῳ ἀνιόντα,Σείριον. οὐκέτι κεῖνον ἅμ’ ἠελίῳ ἀνιόντα,tlg0653.tlg001.perseus-grc2.xml
Phaenomena,tlg001,1,333,φυταλιαὶ ψεύδονται ἀναλδέα φυλλιόωσαι.,φυταλιαὶ ψεύδονται ἀναλδέα φυλλιόωσαι.,tlg0653.tlg001.perseus-grc2.xml
Phaenomena,tlg001,1,334,"ῥεῖα γάρ οὖν ἔκρινε διὰ στίχας ὀξὺς ἀΐξας,","ῥεῖα γάρ οὖν ἔκρινε διὰ στίχας ὀξὺς ἀΐξας,",tlg0653.tlg001.perseus-grc2.xml
Phaenomena,tlg001,1,335,"καὶ τὰ μὲν ἔρρωσεν, τῶν δὲ φλόον ὤλεσε πάντα.","καὶ τὰ μὲν ἔρρωσεν, τῶν δὲ φλόον ὤλεσε πάντα.",tlg0653.tlg001.perseus-grc2.xml
Phaenomena,tlg001,1,336,κείνου καὶ κατιόντος ἀκούομεν· οἱ δὲ δὴ ἄλλοι,κείνου καὶ κατιόντος ἀκούομεν· οἱ δὲ δὴ ἄλλοι,tlg0653.tlg001.perseus-grc2.xml
Phaenomena,tlg001,1,337,σῆμʼ ἔμεναι μελέεσσιν ἐλαφρότεροι περίκεινται.,σῆμ’ ἔμεναι μελέεσσιν ἐλαφρότεροι περίκεινται.,tlg0653.tlg001.perseus-grc2.xml
Phaenomena,tlg001,1,338,ποσσὶν δʼ Ὠρίωνος ὑπʼ ἀμφοτέροισι λαγῳός,ποσσὶν δ’ Ὠρίωνος ὑπ’ ἀμφοτέροισι λαγῳός,tlg0653.tlg001.perseus-grc2.xml
Phaenomena,tlg001,1,339,ἐμμενές ἤματα πάντα διώκεται. αὐτὰρ ὅ γʼ αἰεὶ,ἐμμενές ἤματα πάντα διώκεται. αὐτὰρ ὅ γ’ αἰεὶ,tlg0653.tlg001.perseus-grc2.xml
Phaenomena,tlg001,1,340,"Σείριος ἐξόπιθεν φέρεται μετιόντι ἐοικώς,","Σείριος ἐξόπιθεν φέρεται μετιόντι ἐοικώς,",tlg0653.tlg001.perseus-grc2.xml
Phaenomena,tlg001,1,341,"καί οἱ ἐπαντέλλει, καί μιν κατιόντα δοκεύει.","καί οἱ ἐπαντέλλει, καί μιν κατιόντα δοκεύει.",tlg0653.tlg001.perseus-grc2.xml
Phaenomena,tlg001,1,342,ἡ δὲ Κυνὸς μεγάλοιο κατʼ οὐρὴν ἕλκεται ἀργῷ,ἡ δὲ Κυνὸς μεγάλοιο κατ’ οὐρὴν ἕλκεται ἀργῷ,tlg0653.tlg001.perseus-grc2.xml
Phaenomena,tlg001,1,343,"πρυμνόθεν· οὐ γὰρ τῇ γε κατὰ χρέος εἰσὶ κέλευθοι,","πρυμνόθεν· οὐ γὰρ τῇ γε κατὰ χρέος εἰσὶ κέλευθοι,",tlg0653.tlg001.perseus-grc2.xml
Phaenomena,tlg001,1,344,"ἀλλʼ ὄπιθεν φέρεται τετραμμένη, οἷα καὶ αὐταὶ","ἀλλ’ ὄπιθεν φέρεται τετραμμένη, οἷα καὶ αὐταὶ",tlg0653.tlg001.perseus-grc2.xml
Phaenomena,tlg001,1,345,"νῆες, ὅτʼ ἤδη ναῦται ἐπιστρέψωσι κορώνην","νῆες, ὅτ’ ἤδη ναῦται ἐπιστρέψωσι κορώνην",tlg0653.tlg001.perseus-grc2.xml
Phaenomena,tlg001,1,346,ὅρμον ἐσερχόμενοι· τὴν δʼ αὐτίκα πᾶς ἀνακόπτει,ὅρμον ἐσερχόμενοι· τὴν δ’ αὐτίκα πᾶς ἀνακόπτει,tlg0653.tlg001.perseus-grc2.xml
Phaenomena,tlg001,1,347,"νῆα, παλιρροθίη δὲ καθάπτεται ἠπείροιο·","νῆα, παλιρροθίη δὲ καθάπτεται ἠπείροιο·",tlg0653.tlg001.perseus-grc2.xml
Phaenomena,tlg001,1,348,ὥς ἥ γε πρύμνηθεν Ἰησονὶς ἕλκεται Ἀργώ.,ὥς ἥ γε πρύμνηθεν Ἰησονὶς ἕλκεται Ἀργώ.,tlg0653.tlg001.perseus-grc2.xml
Phaenomena,tlg001,1,349,καὶ τὰ μὲν ἠερίη καὶ ἀνάστερος ἄχρι παρʼ αὐτὸν,καὶ τὰ μὲν ἠερίη καὶ ἀνάστερος ἄχρι παρ’ αὐτὸν,tlg0653.tlg001.perseus-grc2.xml
Phaenomena,tlg001,1,350,"ἱστὸν ἀπὸ πρώρης φέρεται, τὰ δὲ πᾶσα φαεινή.","ἱστὸν ἀπὸ πρώρης φέρεται, τὰ δὲ πᾶσα φαεινή.",tlg0653.tlg001.perseus-grc2.xml
Phaenomena,tlg001,1,351,καί οἱ πηδάλιον κεχαλασμένον ἐστήρικται,καί οἱ πηδάλιον κεχαλασμένον ἐστήρικται,tlg0653.tlg001.perseus-grc2.xml
Phaenomena,tlg001,1,352,ποσσὶν ὑπʼ οὐραίοισι Κυνὸς προπάροιθεν ἰόντος.,ποσσὶν ὑπ’ οὐραίοισι Κυνὸς προπάροιθεν ἰόντος.,tlg0653.tlg001.perseus-grc2.xml
Phaenomena,tlg001,1,353,τὴν δὲ καί οὐκ ὀλίγον περ ἀπόπροθι πεπτηυῖαν,τὴν δὲ καί οὐκ ὀλίγον περ ἀπόπροθι πεπτηυῖαν,tlg0653.tlg001.perseus-grc2.xml
Phaenomena,tlg001,1,354,Ἀνδρομέδην μέγα κῆτος ἐπερχόμενον κατεπείγει.,Ἀνδρομέδην μέγα κῆτος ἐπερχόμενον κατεπείγει.,tlg0653.tlg001.perseus-grc2.xml
Phaenomena,tlg001,1,355,ἡ μὲν γὰρ Θρήϊκος ὑπὸ πνοιῇ βορέαο,ἡ μὲν γὰρ Θρήϊκος ὑπὸ πνοιῇ βορέαο,tlg0653.tlg001.perseus-grc2.xml
Phaenomena,tlg001,1,356,"κεκλιμένη φέρεται, τὸ δέ οἱ νότος ἐχθρὸν ἀγινεῖ","κεκλιμένη φέρεται, τὸ δέ οἱ νότος ἐχθρὸν ἀγινεῖ",tlg0653.tlg001.perseus-grc2.xml
Phaenomena,tlg001,1,357,"κῆτος, ὑπὸ Κριῷ τε καὶ Ἰχθύσιν ἀμφοτέροισιν,","κῆτος, ὑπὸ Κριῷ τε καὶ Ἰχθύσιν ἀμφοτέροισιν,",tlg0653.tlg001.perseus-grc2.xml
Phaenomena,tlg001,1,358,βαιὸν ὑπὲρ Ποταμοῦ βεβλημένον ἀστερόεντος.,βαιὸν ὑπὲρ Ποταμοῦ βεβλημένον ἀστερόεντος.,tlg0653.tlg001.perseus-grc2.xml
Phaenomena,tlg001,1,359,οἶον γὰρ κἀκεῖνο θεῶν ὑπό ποσσὶ φορεῖται,οἶον γὰρ κἀκεῖνο θεῶν ὑπό ποσσὶ φορεῖται,tlg0653.tlg001.perseus-grc2.xml
Phaenomena,tlg001,1,360,"λείψανον Ἠριδανοῖο, πολυκλαύτου ποταμοῖο.","λείψανον Ἠριδανοῖο, πολυκλαύτου ποταμοῖο.",tlg0653.tlg001.perseus-grc2.xml
Phaenomena,tlg001,1,361,καὶ τὸ μὲν Ὠρίωνος ὑπὸ σκαιὸν πόδα τείνει·,καὶ τὸ μὲν Ὠρίωνος ὑπὸ σκαιὸν πόδα τείνει·,tlg0653.tlg001.perseus-grc2.xml
Phaenomena,tlg001,1,362,"δεσμοὶ δʼ οὐραῖοι, τοῖς Ἰχθύες ἄκροι ἔχονται,","δεσμοὶ δ’ οὐραῖοι, τοῖς Ἰχθύες ἄκροι ἔχονται,",tlg0653.tlg001.perseus-grc2.xml
Phaenomena,tlg001,1,363,ἄμφω συμφορέονται ἀπʼ οὐραίων κατιόντες·,ἄμφω συμφορέονται ἀπ’ οὐραίων κατιόντες·,tlg0653.tlg001.perseus-grc2.xml
Phaenomena,tlg001,1,364,Κητείης δʼ ὄπιθεν λοφίης ἐπιμὶξ φορέονται,Κητείης δ’ ὄπιθεν λοφίης ἐπιμὶξ φορέονται,tlg0653.tlg001.perseus-grc2.xml
Phaenomena,tlg001,1,365,εἰς ἓν ἐλαυνόμενοι· ἑνὶ δʼ ἀστέρι πειραίνονται,εἰς ἓν ἐλαυνόμενοι· ἑνὶ δ’ ἀστέρι πειραίνονται,tlg0653.tlg001.perseus-grc2.xml
Phaenomena,tlg001,1,366,"κήτεος, ὃς κείνου πρώτῃ ἐπίκειται ἀκάνθῃ.","κήτεος, ὃς κείνου πρώτῃ ἐπίκειται ἀκάνθῃ.",tlg0653.tlg001.perseus-grc2.xml
Phaenomena,tlg001,1,367,οἱ δʼ ὀλίγῳ μέτρῳ ὀλίγῃ δʼ ἐγκείμενοι αἴγλῃ,οἱ δ’ ὀλίγῳ μέτρῳ ὀλίγῃ δ’ ἐγκείμενοι αἴγλῃ,tlg0653.tlg001.perseus-grc2.xml
Phaenomena,tlg001,1,368,"μεσσόθι πηδαλίου καὶ Κήτεος εἱλίσσονται,","μεσσόθι πηδαλίου καὶ Κήτεος εἱλίσσονται,",tlg0653.tlg001.perseus-grc2.xml
Phaenomena,tlg001,1,369,γλαυκοῦ πεπτηῶτες ὑπὸ πλευρῇσι Λαγωοῦ,γλαυκοῦ πεπτηῶτες ὑπὸ πλευρῇσι Λαγωοῦ,tlg0653.tlg001.perseus-grc2.xml
Phaenomena,tlg001,1,370,νώνυμοι· οὐ γὰρ τοί γε τετυγμένου εἰδώλοιο,νώνυμοι· οὐ γὰρ τοί γε τετυγμένου εἰδώλοιο,tlg0653.tlg001.perseus-grc2.xml
Phaenomena,tlg001,1,371,"βεβλέαται μελέεσσιν ἐοικότες, οἷά τε πολλὰ","βεβλέαται μελέεσσιν ἐοικότες, οἷά τε πολλὰ",tlg0653.tlg001.perseus-grc2.xml
Phaenomena,tlg001,1,372,ἑξείης στιχόωντα παρέρχεται αὐτὰ κέλευθα,ἑξείης στιχόωντα παρέρχεται αὐτὰ κέλευθα,tlg0653.tlg001.perseus-grc2.xml
Phaenomena,tlg001,1,373,ἀνομένων ἐτέων· τά τις ἀνδρῶν οὐκέτʼ ἐόντων,ἀνομένων ἐτέων· τά τις ἀνδρῶν οὐκέτ’ ἐόντων,tlg0653.tlg001.perseus-grc2.xml
Phaenomena,tlg001,1,374,ἐφράσατʼ ἠδʼ ἐνόησεν ἅπαντʼ ὀνομαστὶ καλέσσαι,ἐφράσατ’ ἠδ’ ἐνόησεν ἅπαντ’ ὀνομαστὶ καλέσσαι,tlg0653.tlg001.perseus-grc2.xml
Phaenomena,tlg001,1,375,ἤλιθα μορφώσας. οὐ γάρ κʼ ἐδυνήσατο πάντων,ἤλιθα μορφώσας. οὐ γάρ κ’ ἐδυνήσατο πάντων,tlg0653.tlg001.perseus-grc2.xml
Phaenomena,tlg001,1,376,"οἰόθι κεκριμένων ὄνομʼ εἰπεῖν, οὐδὲ δαῆναι.","οἰόθι κεκριμένων ὄνομ’ εἰπεῖν, οὐδὲ δαῆναι.",tlg0653.tlg001.perseus-grc2.xml
Phaenomena,tlg001,1,377,"πολλοὶ γὰρ πάντη, πολέων δʼ ἐπὶ ἶσα πέλονται","πολλοὶ γὰρ πάντη, πολέων δ’ ἐπὶ ἶσα πέλονται",tlg0653.tlg001.perseus-grc2.xml
Phaenomena,tlg001,1,378,"μέτρα τε καὶ χροιή, πάντες γε μὲν ἀμφιέλικτοι.","μέτρα τε καὶ χροιή, πάντες γε μὲν ἀμφιέλικτοι.",tlg0653.tlg001.perseus-grc2.xml
Phaenomena,tlg001,1,379,τῶ καὶ ὁμηγερέας οἱ ἐείσατο ποιήσασθαι,τῶ καὶ ὁμηγερέας οἱ ἐείσατο ποιήσασθαι,tlg0653.tlg001.perseus-grc2.xml
Phaenomena,tlg001,1,380,"ἀστέρας, ὄφρʼ ἐπιτὰξ ἄλλῳ παρακείμενος ἄλλος","ἀστέρας, ὄφρ’ ἐπιτὰξ ἄλλῳ παρακείμενος ἄλλος",tlg0653.tlg001.perseus-grc2.xml
Phaenomena,tlg001,1,381,εἴδεα σημαίνοιεν. ἄφαρ δʼ ὀνομαστὰ γένοντο,εἴδεα σημαίνοιεν. ἄφαρ δ’ ὀνομαστὰ γένοντο,tlg0653.tlg001.perseus-grc2.xml
Phaenomena,tlg001,1,382,"ἄστρα, καὶ οὐκέτι νῦν ὑπὸ θαύματι τέλλεται ἀστήρ.","ἄστρα, καὶ οὐκέτι νῦν ὑπὸ θαύματι τέλλεται ἀστήρ.",tlg0653.tlg001.perseus-grc2.xml
Phaenomena,tlg001,1,383,ἀλλʼ οἱ μὲν καθαροῖς ἐναρηρότες εἰδώλοισιν,ἀλλ’ οἱ μὲν καθαροῖς ἐναρηρότες εἰδώλοισιν,tlg0653.tlg001.perseus-grc2.xml
Phaenomena,tlg001,1,384,φαίνονται· τὰ δʼ ἔνερθε διωκομένοιο Λαγωοῦ,φαίνονται· τὰ δ’ ἔνερθε διωκομένοιο Λαγωοῦ,tlg0653.tlg001.perseus-grc2.xml
Phaenomena,tlg001,1,385,πάντα μάλʼ ἠερόεντα καὶ οὐκ ὀνομαστὰ φέρονται.,πάντα μάλ’ ἠερόεντα καὶ οὐκ ὀνομαστὰ φέρονται.,tlg0653.tlg001.perseus-grc2.xml
Phaenomena,tlg001,1,386,"νειόθι δʼ Αἰγοκερῆος, ὑπὸ πνοιῇσι νότοιο,","νειόθι δ’ Αἰγοκερῆος, ὑπὸ πνοιῇσι νότοιο,",tlg0653.tlg001.perseus-grc2.xml
Phaenomena,tlg001,1,387,ἰχθὺς ἐς Κῆτος τετραμμένος αἰωρεῖται,ἰχθὺς ἐς Κῆτος τετραμμένος αἰωρεῖται,tlg0653.tlg001.perseus-grc2.xml
Phaenomena,tlg001,1,388,"οἶος ἀπὸ προτέρων, νοτιον δέ ἑ κικλήσκουσιν.","οἶος ἀπὸ προτέρων, νοτιον δέ ἑ κικλήσκουσιν.",tlg0653.tlg001.perseus-grc2.xml
Phaenomena,tlg001,1,389,"ἄλλοι δέ, σποράδην ὑποκείμενοι Ὑδροχοῆϊ,","ἄλλοι δέ, σποράδην ὑποκείμενοι Ὑδροχοῆϊ,",tlg0653.tlg001.perseus-grc2.xml
Phaenomena,tlg001,1,390,κήτεος αἰθερίοιο καὶ Ἰχθύος ἠερέθονται,κήτεος αἰθερίοιο καὶ Ἰχθύος ἠερέθονται,tlg0653.tlg001.perseus-grc2.xml
Phaenomena,tlg001,1,391,"μέσσοι νωχελέες καὶ ἀνώνυμοι· ἐγγύθι δέ σφεων,","μέσσοι νωχελέες καὶ ἀνώνυμοι· ἐγγύθι δέ σφεων,",tlg0653.tlg001.perseus-grc2.xml
Phaenomena,tlg001,1,392,"δεξιτερῆς ἀπὸ χειρὸς ἀγαυοῦ Ὑδροχόοιο,","δεξιτερῆς ἀπὸ χειρὸς ἀγαυοῦ Ὑδροχόοιο,",tlg0653.tlg001.perseus-grc2.xml
Phaenomena,tlg001,1,393,οἵη τίς τʼ ὀλίγη χύσις ὕδατος ἔνθα καὶ ἔνθα,οἵη τίς τ’ ὀλίγη χύσις ὕδατος ἔνθα καὶ ἔνθα,tlg0653.tlg001.perseus-grc2.xml
Phaenomena,tlg001,1,394,"σκιδναμένου, χαροποὶ καὶ ἀναλδέες εἱλίσσονται.","σκιδναμένου, χαροποὶ καὶ ἀναλδέες εἱλίσσονται.",tlg0653.tlg001.perseus-grc2.xml
Phaenomena,tlg001,1,395,ἐν δέ σφιν δύο μᾶλλον ἐειδόμενοι φορέονται,ἐν δέ σφιν δύο μᾶλλον ἐειδόμενοι φορέονται,tlg0653.tlg001.perseus-grc2.xml
Phaenomena,tlg001,1,396,"ἀστέρες, οὔτε τι πολλὸν ἀπήοροι, οὔτε μάλʼ ἐγγύς·","ἀστέρες, οὔτε τι πολλὸν ἀπήοροι, οὔτε μάλ’ ἐγγύς·",tlg0653.tlg001.perseus-grc2.xml
Phaenomena,tlg001,1,397,εἷς μὲν ὑπʼ ἀμφοτέροισι ποσὶν καλός τε μέγας τε,εἷς μὲν ὑπ’ ἀμφοτέροισι ποσὶν καλός τε μέγας τε,tlg0653.tlg001.perseus-grc2.xml
Phaenomena,tlg001,1,398,"Ὑδροχόου, ὁ δὲ κυανέου ὑπὸ Κήτεος οὐρῇ.","Ὑδροχόου, ὁ δὲ κυανέου ὑπὸ Κήτεος οὐρῇ.",tlg0653.tlg001.perseus-grc2.xml
Phaenomena,tlg001,1,399,τοὺς πάντας καλέουσιν ὕδωρ. ὀλίγοι γε μὲν ἄλλοι,τοὺς πάντας καλέουσιν ὕδωρ. ὀλίγοι γε μὲν ἄλλοι,tlg0653.tlg001.perseus-grc2.xml
Phaenomena,tlg001,1,400,νειόθι Τοξευτῆρος ὑπὸ προτέροισι πόδεσσιν,νειόθι Τοξευτῆρος ὑπὸ προτέροισι πόδεσσιν,tlg0653.tlg001.perseus-grc2.xml
Phaenomena,tlg001,1,401,δινωτοὶ κύκλῳ περιηγέες εἱλίσσονται.,δινωτοὶ κύκλῳ περιηγέες εἱλίσσονται.,tlg0653.tlg001.perseus-grc2.xml
Phaenomena,tlg001,1,402,αὐτὰρ ὑπʼ αἰθομένῳ κέντρῳ τέραος μεγάλοιο,αὐτὰρ ὑπ’ αἰθομένῳ κέντρῳ τέραος μεγάλοιο,tlg0653.tlg001.perseus-grc2.xml
Phaenomena,tlg001,1,403,"σκορπίου, ἄγχι νότοιο, Θυτήριον αἰωρεῖται.","σκορπίου, ἄγχι νότοιο, Θυτήριον αἰωρεῖται.",tlg0653.tlg001.perseus-grc2.xml
Phaenomena,tlg001,1,404,τοῦ δʼ ἤτοι ὀλίγον περ ἐπὶ χρόνον ὑψόθʼ ἐόντος,τοῦ δ’ ἤτοι ὀλίγον περ ἐπὶ χρόνον ὑψόθ’ ἐόντος,tlg0653.tlg001.perseus-grc2.xml
Phaenomena,tlg001,1,405,πεύσεαι· ἀντιπέρην γὰρ ἀείρεται Ἀρκτούροιο.,πεύσεαι· ἀντιπέρην γὰρ ἀείρεται Ἀρκτούροιο.,tlg0653.tlg001.perseus-grc2.xml
Phaenomena,tlg001,1,406,καὶ τῷ μὲν μάλα πάγχυ μετήοροί εἰσι κέλευθοι,καὶ τῷ μὲν μάλα πάγχυ μετήοροί εἰσι κέλευθοι,tlg0653.tlg001.perseus-grc2.xml
Phaenomena,tlg001,1,407,"ἀρκτούρῳ, τὸ δὲ θᾶσσον ὑφʼ ἑσπερίην ἅλα νεῖται.","ἀρκτούρῳ, τὸ δὲ θᾶσσον ὑφ’ ἑσπερίην ἅλα νεῖται.",tlg0653.tlg001.perseus-grc2.xml
Phaenomena,tlg001,1,408,"ἀλλʼ ἄρα καὶ περὶ κεῖνο Θυτήριον ἀρχαίη Νύξ,","ἀλλ’ ἄρα καὶ περὶ κεῖνο Θυτήριον ἀρχαίη Νύξ,",tlg0653.tlg001.perseus-grc2.xml
Phaenomena,tlg001,1,409,"ἀνθρώπων κλαίουσα πόνον, χειμῶνος ἔθηκεν","ἀνθρώπων κλαίουσα πόνον, χειμῶνος ἔθηκεν",tlg0653.tlg001.perseus-grc2.xml
Phaenomena,tlg001,1,410,εἰναλίου μέγα σῆμα. κεδαιόμεναι γὰρ ἐκείνῃ,εἰναλίου μέγα σῆμα. κεδαιόμεναι γὰρ ἐκείνῃ,tlg0653.tlg001.perseus-grc2.xml
Phaenomena,tlg001,1,411,"νῆες ἄπο φρενός εἰσι, τὰ δʼ ἄλλοθεν ἄλλα πιφαύσκει","νῆες ἄπο φρενός εἰσι, τὰ δ’ ἄλλοθεν ἄλλα πιφαύσκει",tlg0653.tlg001.perseus-grc2.xml
Phaenomena,tlg001,1,412,"δήματʼ, ἐποικτείρουσα πολυρροθίους ἀνθρώπους.","δήματ’, ἐποικτείρουσα πολυρροθίους ἀνθρώπους.",tlg0653.tlg001.perseus-grc2.xml
Phaenomena,tlg001,1,413,τῶ μή μοι πελάγει νεφέων εἰλυμένον ἄλλων,τῶ μή μοι πελάγει νεφέων εἰλυμένον ἄλλων,tlg0653.tlg001.perseus-grc2.xml
Phaenomena,tlg001,1,414,"εὔχεο μεσσόθι κεῖνο φανήμεναι οὐρανῷ ἄστρον,","εὔχεο μεσσόθι κεῖνο φανήμεναι οὐρανῷ ἄστρον,",tlg0653.tlg001.perseus-grc2.xml
Phaenomena,tlg001,1,415,"αὐτὸ μὲν ἀνέφελόν τε καὶ ἀγλαόν, ὕψι δὲ μᾶλλον","αὐτὸ μὲν ἀνέφελόν τε καὶ ἀγλαόν, ὕψι δὲ μᾶλλον",tlg0653.tlg001.perseus-grc2.xml
Phaenomena,tlg001,1,416,"κυμαίνοντι νέφει πεπιεσμένον, οἷά τε πολλὰ","κυμαίνοντι νέφει πεπιεσμένον, οἷά τε πολλὰ",tlg0653.tlg001.perseus-grc2.xml
Phaenomena,tlg001,1,417,θλίβετʼ ἀναστέλλοντος ὀπωρινοῦ ἀνέμοιο.,θλίβετ’ ἀναστέλλοντος ὀπωρινοῦ ἀνέμοιο.,tlg0653.tlg001.perseus-grc2.xml
Phaenomena,tlg001,1,418,πολλάκι γὰρ καὶ τοῦτο νότῳ ἔπι σῆμα τιτύσκει,πολλάκι γὰρ καὶ τοῦτο νότῳ ἔπι σῆμα τιτύσκει,tlg0653.tlg001.perseus-grc2.xml
Phaenomena,tlg001,1,419,"νὺξ αὐτή, μογεροῖσι χαριζομένη ναύτῃσιν.","νὺξ αὐτή, μογεροῖσι χαριζομένη ναύτῃσιν.",tlg0653.tlg001.perseus-grc2.xml
Phaenomena,tlg001,1,420,"οἱ δʼ εἰ μέν κε πίθωνται ἐναίσιμα σημαινούσῃ,","οἱ δ’ εἰ μέν κε πίθωνται ἐναίσιμα σημαινούσῃ,",tlg0653.tlg001.perseus-grc2.xml
Phaenomena,tlg001,1,421,"αἶψά τε κοῦφά τε πάντα καὶ ἄρτια ποιήσωνται,","αἶψά τε κοῦφά τε πάντα καὶ ἄρτια ποιήσωνται,",tlg0653.tlg001.perseus-grc2.xml
Phaenomena,tlg001,1,422,αὐτίκʼ ἐλαφρότερος πέλεται πόνος· εἰ δέ κε νηῒ,αὐτίκ’ ἐλαφρότερος πέλεται πόνος· εἰ δέ κε νηῒ,tlg0653.tlg001.perseus-grc2.xml
Phaenomena,tlg001,1,423,ὑψόθεν ἐμπλήξῃ δεινὴ ἀνέμοιο θύελλα,ὑψόθεν ἐμπλήξῃ δεινὴ ἀνέμοιο θύελλα,tlg0653.tlg001.perseus-grc2.xml
Phaenomena,tlg001,1,424,"αὕτως ἀπρόφατος, τὰ δὲ λαίφεα πάντα ταράξῃ,","αὕτως ἀπρόφατος, τὰ δὲ λαίφεα πάντα ταράξῃ,",tlg0653.tlg001.perseus-grc2.xml
Phaenomena,tlg001,1,425,"ἄλλοτε μὲν καὶ πάμπαν ὑπόβρυχα ναυτίλλονται,","ἄλλοτε μὲν καὶ πάμπαν ὑπόβρυχα ναυτίλλονται,",tlg0653.tlg001.perseus-grc2.xml
Phaenomena,tlg001,1,426,"ἄλλοτε δʼ, αἴ κε Διὸς παρανισσομένοιο τύχωσιν","ἄλλοτε δ’, αἴ κε Διὸς παρανισσομένοιο τύχωσιν",tlg0653.tlg001.perseus-grc2.xml
Phaenomena,tlg001,1,427,"εὐχόμενοι, βορέω δὲ παραστράψῃ ἀνέμου ἴς,","εὐχόμενοι, βορέω δὲ παραστράψῃ ἀνέμου ἴς,",tlg0653.tlg001.perseus-grc2.xml
Phaenomena,tlg001,1,428,πολλὰ μάλʼ ὀτλήσαντες ὅμως πάλιν ἐσκέψαντο,πολλὰ μάλ’ ὀτλήσαντες ὅμως πάλιν ἐσκέψαντο,tlg0653.tlg001.perseus-grc2.xml
Phaenomena,tlg001,1,429,ἀλλήλους ἐπὶ νηΐ. νότον δʼ ἐπὶ σήματι τούτῳ,ἀλλήλους ἐπὶ νηΐ. νότον δ’ ἐπὶ σήματι τούτῳ,tlg0653.tlg001.perseus-grc2.xml
Phaenomena,tlg001,1,430,"δείδιθι, μέχρι βορῆος ἀπαστράψαντος ἴδηαι.","δείδιθι, μέχρι βορῆος ἀπαστράψαντος ἴδηαι.",tlg0653.tlg001.perseus-grc2.xml
Phaenomena,tlg001,1,431,εἰ δέ κεν ἑσπερίης μὲν ἁλὸς Κενταύρου ἀπείη,εἰ δέ κεν ἑσπερίης μὲν ἁλὸς Κενταύρου ἀπείη,tlg0653.tlg001.perseus-grc2.xml
Phaenomena,tlg001,1,432,"ὦμος ὅσον προτέρης, ὀλίγη δέ μιν εἰλύοι ἀχλὺς","ὦμος ὅσον προτέρης, ὀλίγη δέ μιν εἰλύοι ἀχλὺς",tlg0653.tlg001.perseus-grc2.xml
Phaenomena,tlg001,1,433,"αὐτόν, ἀτὰρ μετόπισθεν ἐοικότα σήματα τεύχοι","αὐτόν, ἀτὰρ μετόπισθεν ἐοικότα σήματα τεύχοι",tlg0653.tlg001.perseus-grc2.xml
Phaenomena,tlg001,1,434,"νὺξ ἐπὶ παμφανόωντι Θυτηρίῳ, οὔ σε μάλα χρὴ","νὺξ ἐπὶ παμφανόωντι Θυτηρίῳ, οὔ σε μάλα χρὴ",tlg0653.tlg001.perseus-grc2.xml
Phaenomena,tlg001,1,435,ἐς νότον ἀλλʼ εὔροιο περισκοπέειν ἀνέμοιο.,ἐς νότον ἀλλ’ εὔροιο περισκοπέειν ἀνέμοιο.,tlg0653.tlg001.perseus-grc2.xml
Phaenomena,tlg001,1,436,δήεις δʼ ἄστρον ἐκεῖνο δύω ὑποκείμενον ἄλλοις·,δήεις δ’ ἄστρον ἐκεῖνο δύω ὑποκείμενον ἄλλοις·,tlg0653.tlg001.perseus-grc2.xml
Phaenomena,tlg001,1,437,τοῦ γάρ τοι τὰ μὲν ἀνδρὶ ἐοικότα νειόθι κεῖται,τοῦ γάρ τοι τὰ μὲν ἀνδρὶ ἐοικότα νειόθι κεῖται,tlg0653.tlg001.perseus-grc2.xml
Phaenomena,tlg001,1,438,"σκορπίου, ἱππούραια δʼ ὑπὸ σφίσι Χηλαὶ ἔχουσιν.","σκορπίου, ἱππούραια δ’ ὑπὸ σφίσι Χηλαὶ ἔχουσιν.",tlg0653.tlg001.perseus-grc2.xml
Phaenomena,tlg001,1,439,αὐτὰρ ὁ δεξιτερὴν αἰεὶ τανύοντι ἔοικεν,αὐτὰρ ὁ δεξιτερὴν αἰεὶ τανύοντι ἔοικεν,tlg0653.tlg001.perseus-grc2.xml
Phaenomena,tlg001,1,440,"ἀντία δινωτοῖο Θυτηρίου, ἐν δέ οἱ ἀπρὶξ","ἀντία δινωτοῖο Θυτηρίου, ἐν δέ οἱ ἀπρὶξ",tlg0653.tlg001.perseus-grc2.xml
Phaenomena,tlg001,1,441,ἄλλο μάλʼ ἐσφήκωται ἐληλάμενον διὰ χειρὸς,ἄλλο μάλ’ ἐσφήκωται ἐληλάμενον διὰ χειρὸς,tlg0653.tlg001.perseus-grc2.xml
Phaenomena,tlg001,1,442,θηρίον· ὣς γάρ μιν πρότεροι ἐπεφημίξαντο.,θηρίον· ὣς γάρ μιν πρότεροι ἐπεφημίξαντο.,tlg0653.tlg001.perseus-grc2.xml
Phaenomena,tlg001,1,443,ἀλλʼ ἔτι γάρ τε καὶ ἄλλο περαιόθεν ἕλκεται ἄστρον·,ἀλλ’ ἔτι γάρ τε καὶ ἄλλο περαιόθεν ἕλκεται ἄστρον·,tlg0653.tlg001.perseus-grc2.xml
Phaenomena,tlg001,1,444,"ὕδρην μιν καλέουσι, τὸ δὲ ζώοντι ἐοικὸς","ὕδρην μιν καλέουσι, τὸ δὲ ζώοντι ἐοικὸς",tlg0653.tlg001.perseus-grc2.xml
Phaenomena,tlg001,1,445,ἠνεκὲς εἰλεῖται· καί οἱ κεφαλὴ ὑπὸ μέσσον,ἠνεκὲς εἰλεῖται· καί οἱ κεφαλὴ ὑπὸ μέσσον,tlg0653.tlg001.perseus-grc2.xml
Phaenomena,tlg001,1,446,"καρκίνον ἱκνεῖται, σπείρη δʼ ὑπὸ σῶμα Λέοντος,","καρκίνον ἱκνεῖται, σπείρη δ’ ὑπὸ σῶμα Λέοντος,",tlg0653.tlg001.perseus-grc2.xml
Phaenomena,tlg001,1,447,οὐρὴ δὲ κρέμαται ὑπὲρ αὐτοῦ Κενταύροιο.,οὐρὴ δὲ κρέμαται ὑπὲρ αὐτοῦ Κενταύροιο.,tlg0653.tlg001.perseus-grc2.xml
Phaenomena,tlg001,1,448,"μέσσῃ δὲ σπείρῃ κρητὴρ, πυμάτῃ δʼ ἐπίκειται","μέσσῃ δὲ σπείρῃ κρητὴρ, πυμάτῃ δ’ ἐπίκειται",tlg0653.tlg001.perseus-grc2.xml
Phaenomena,tlg001,1,449,εἴδωλον κόρακος σπείρην κόπτοντι ἐοικός.,εἴδωλον κόρακος σπείρην κόπτοντι ἐοικός.,tlg0653.tlg001.perseus-grc2.xml
Phaenomena,tlg001,1,450,καὶ μὴν καὶ προκύων Διδύμοις ὕπο καλὰ φαείνει.,καὶ μὴν καὶ προκύων Διδύμοις ὕπο καλὰ φαείνει.,tlg0653.tlg001.perseus-grc2.xml
Phaenomena,tlg001,1,451,ταῦτά κε θηήσαιο παρερχομένων ἐνιαυτῶν,ταῦτά κε θηήσαιο παρερχομένων ἐνιαυτῶν,tlg0653.tlg001.perseus-grc2.xml
Phaenomena,tlg001,1,452,ἑξείης παλίνωρα· τὰ γὰρ καὶ πάντα μάλʼ αὕτως,ἑξείης παλίνωρα· τὰ γὰρ καὶ πάντα μάλ’ αὕτως,tlg0653.tlg001.perseus-grc2.xml
Phaenomena,tlg001,1,453,οὐρανῷ εὖ ἐνάρηρεν ἀγάλματα νυκτὸς ἰούσης.,οὐρανῷ εὖ ἐνάρηρεν ἀγάλματα νυκτὸς ἰούσης.,tlg0653.tlg001.perseus-grc2.xml
Phaenomena,tlg001,1,454,"οἱ δʼ ἐπιμὶξ ἄλλοι πέντʼ ἀστέρες, οὐδὲν ὁμοῖοι,","οἱ δ’ ἐπιμὶξ ἄλλοι πέντ’ ἀστέρες, οὐδὲν ὁμοῖοι,",tlg0653.tlg001.perseus-grc2.xml
Phaenomena,tlg001,1,455,παντόθεν εἰδώλων δυοκαίδεκα δινεύονται.,παντόθεν εἰδώλων δυοκαίδεκα δινεύονται.,tlg0653.tlg001.perseus-grc2.xml
Phaenomena,tlg001,1,456,οὐκ ἂν ἔτʼ εἰς ἄλλους ὁρόων ἐπιτεκμήραιο,οὐκ ἂν ἔτ’ εἰς ἄλλους ὁρόων ἐπιτεκμήραιο,tlg0653.tlg001.perseus-grc2.xml
Phaenomena,tlg001,1,457,"κείνους ἧχι κέονται· ἐπεὶ πάντες μετανάσται,","κείνους ἧχι κέονται· ἐπεὶ πάντες μετανάσται,",tlg0653.tlg001.perseus-grc2.xml
Phaenomena,tlg001,1,458,"μακροὶ δέ σφεων εἰσὶν ἑλισσομένων ἐνιαυτοί,","μακροὶ δέ σφεων εἰσὶν ἑλισσομένων ἐνιαυτοί,",tlg0653.tlg001.perseus-grc2.xml
Phaenomena,tlg001,1,459,μακρὰ δὲ σήματα κεῖται ἀπόπροθεν εἰς ἓν ἰόντων.,μακρὰ δὲ σήματα κεῖται ἀπόπροθεν εἰς ἓν ἰόντων.,tlg0653.tlg001.perseus-grc2.xml
Phaenomena,tlg001,1,460,οὐδʼ ἔτι θαρσαλέος κείνων ἐγώ· ἄρκιος εἴην,οὐδ’ ἔτι θαρσαλέος κείνων ἐγώ· ἄρκιος εἴην,tlg0653.tlg001.perseus-grc2.xml
Phaenomena,tlg001,1,461,ἀπλανέων τά τε κύκλα τά τʼ αἰθέρι σήματʼ ἐνισπεῖν.,ἀπλανέων τά τε κύκλα τά τ’ αἰθέρι σήματ’ ἐνισπεῖν.,tlg0653.tlg001.perseus-grc2.xml
Phaenomena,tlg001,1,462,ἦτοι μὲν τά γε κεῖται ἀλίγκια δινωτοῖσιν,ἦτοι μὲν τά γε κεῖται ἀλίγκια δινωτοῖσιν,tlg0653.tlg001.perseus-grc2.xml
Phaenomena,tlg001,1,463,"τέσσαρα, τῶν κε μάλιστα πόθη ὄφελός τε γένοιτο","τέσσαρα, τῶν κε μάλιστα πόθη ὄφελός τε γένοιτο",tlg0653.tlg001.perseus-grc2.xml
Phaenomena,tlg001,1,464,μέτρα περισκοπέοντι κατανομένων ἐνιαυτῶν.,μέτρα περισκοπέοντι κατανομένων ἐνιαυτῶν.,tlg0653.tlg001.perseus-grc2.xml
Phaenomena,tlg001,1,465,σήματα δʼ εὖ μάλα πᾶσιν ἐπιρρήδην περίκειται,σήματα δ’ εὖ μάλα πᾶσιν ἐπιρρήδην περίκειται,tlg0653.tlg001.perseus-grc2.xml
Phaenomena,tlg001,1,466,πολλά τε καὶ σχεδόθεν πάντη συνεεργμένα πάντα.,πολλά τε καὶ σχεδόθεν πάντη συνεεργμένα πάντα.,tlg0653.tlg001.perseus-grc2.xml
Phaenomena,tlg001,1,467,αὐτοὶ δʼ ἀπλανέες καὶ ἀρηρότες ἀλλήλοισιν,αὐτοὶ δ’ ἀπλανέες καὶ ἀρηρότες ἀλλήλοισιν,tlg0653.tlg001.perseus-grc2.xml
Phaenomena,tlg001,1,468,πάντες· ἀτὰρ μέτρῳ γε δύω δυσὶν ἀντιφέρονται.,πάντες· ἀτὰρ μέτρῳ γε δύω δυσὶν ἀντιφέρονται.,tlg0653.tlg001.perseus-grc2.xml
Phaenomena,tlg001,1,469,"εἴ ποτέ τοι νυκτὸς καθαρῆς, ὅτε πάντας ἀγαυοὺς","εἴ ποτέ τοι νυκτὸς καθαρῆς, ὅτε πάντας ἀγαυοὺς",tlg0653.tlg001.perseus-grc2.xml
Phaenomena,tlg001,1,470,"ἀστέρας ἀνθρώποις ἐπιδείκνυται οὐρανίη Νύξ,","ἀστέρας ἀνθρώποις ἐπιδείκνυται οὐρανίη Νύξ,",tlg0653.tlg001.perseus-grc2.xml
Phaenomena,tlg001,1,471,"οὐδέ τις ἀδρανέων φέρεται διχόμηνι σελήνῃ,","οὐδέ τις ἀδρανέων φέρεται διχόμηνι σελήνῃ,",tlg0653.tlg001.perseus-grc2.xml
Phaenomena,tlg001,1,472,ἀλλὰ τά γε κνέφαος διαφαίνεται ὀξέα πάντα—,ἀλλὰ τά γε κνέφαος διαφαίνεται ὀξέα πάντα—,tlg0653.tlg001.perseus-grc2.xml
Phaenomena,tlg001,1,473,"εἴ ποτέ τοι τημόσδε περὶ φρένας ἵκετο θαῦμα,","εἴ ποτέ τοι τημόσδε περὶ φρένας ἵκετο θαῦμα,",tlg0653.tlg001.perseus-grc2.xml
Phaenomena,tlg001,1,474,σκεψαμένῳ πάντη κεκεασμένον εὐρέϊ κύκλῳ,σκεψαμένῳ πάντη κεκεασμένον εὐρέϊ κύκλῳ,tlg0653.tlg001.perseus-grc2.xml
Phaenomena,tlg001,1,475,"οὐρανόν, ἢ καί τίς τοι ἐπιστὰς ἄλλος ἔδειξεν","οὐρανόν, ἢ καί τίς τοι ἐπιστὰς ἄλλος ἔδειξεν",tlg0653.tlg001.perseus-grc2.xml
Phaenomena,tlg001,1,476,"κεῖνο περιγληνὲς τροχαλόν, γάλα μιν καλέουσιν·","κεῖνο περιγληνὲς τροχαλόν, γάλα μιν καλέουσιν·",tlg0653.tlg001.perseus-grc2.xml
Phaenomena,tlg001,1,477,τῷ δʼ ἤτοι χροιὴν μὲν ἀλίγκιος οὐκέτι κύκλος,τῷ δ’ ἤτοι χροιὴν μὲν ἀλίγκιος οὐκέτι κύκλος,tlg0653.tlg001.perseus-grc2.xml
Phaenomena,tlg001,1,478,"δινεῖται, τὰ δὲ μέτρα τόσοι πισύρων περ ἐόντων","δινεῖται, τὰ δὲ μέτρα τόσοι πισύρων περ ἐόντων",tlg0653.tlg001.perseus-grc2.xml
Phaenomena,tlg001,1,479,"οἱ δύο, τοὶ δέ σφεων μέγα μείονες εἱλίσσονται.","οἱ δύο, τοὶ δέ σφεων μέγα μείονες εἱλίσσονται.",tlg0653.tlg001.perseus-grc2.xml
Phaenomena,tlg001,1,480,τῶν ὁ μὲν ἐγγύθεν ἐστὶ κατερχομένου βορέαο.,τῶν ὁ μὲν ἐγγύθεν ἐστὶ κατερχομένου βορέαο.,tlg0653.tlg001.perseus-grc2.xml
Phaenomena,tlg001,1,481,"ἐν δέ οἱ ἀμφότεραι κεφαλαὶ Διδύμων φορέονται,","ἐν δέ οἱ ἀμφότεραι κεφαλαὶ Διδύμων φορέονται,",tlg0653.tlg001.perseus-grc2.xml
Phaenomena,tlg001,1,482,"ἐν δέ τε γούνατα κεῖται ἀρηρότος Ἡνιόχοιο,","ἐν δέ τε γούνατα κεῖται ἀρηρότος Ἡνιόχοιο,",tlg0653.tlg001.perseus-grc2.xml
Phaenomena,tlg001,1,483,λαιὴ δὲ κνήμη καὶ ἀριστερὸς ὦμος ἐπʼ αὐτῷ,λαιὴ δὲ κνήμη καὶ ἀριστερὸς ὦμος ἐπ’ αὐτῷ,tlg0653.tlg001.perseus-grc2.xml
Phaenomena,tlg001,1,484,"Περσέος, Ἀνδρομέδης δὲ μέσην ἀγκῶνος ὕπερθεν","Περσέος, Ἀνδρομέδης δὲ μέσην ἀγκῶνος ὕπερθεν",tlg0653.tlg001.perseus-grc2.xml
Phaenomena,tlg001,1,485,"δεξιτερὴν ἐπέχει· τὸ μέν οἱ θέναρ ὑψόθι κεῖται,","δεξιτερὴν ἐπέχει· τὸ μέν οἱ θέναρ ὑψόθι κεῖται,",tlg0653.tlg001.perseus-grc2.xml
Phaenomena,tlg001,1,486,"ἀσσότερον βορέαο, νότῳ δʼ ἐπικέκλιται ἀγκών·","ἀσσότερον βορέαο, νότῳ δ’ ἐπικέκλιται ἀγκών·",tlg0653.tlg001.perseus-grc2.xml
Phaenomena,tlg001,1,487,"ὁπλαὶ δʼ Ἵππειοι, καὶ ὑπαύχενον Ὀρνίθειον","ὁπλαὶ δ’ Ἵππειοι, καὶ ὑπαύχενον Ὀρνίθειον",tlg0653.tlg001.perseus-grc2.xml
Phaenomena,tlg001,1,488,"ἄκρῃ σὺν κεφαλῇ, καλοί τʼ Ὀφιούχεοι ὦμοι,","ἄκρῃ σὺν κεφαλῇ, καλοί τ’ Ὀφιούχεοι ὦμοι,",tlg0653.tlg001.perseus-grc2.xml
Phaenomena,tlg001,1,489,αὐτὸν δινεύονται ἐληλάμενοι περὶ κύκλον·,αὐτὸν δινεύονται ἐληλάμενοι περὶ κύκλον·,tlg0653.tlg001.perseus-grc2.xml
Phaenomena,tlg001,1,490,"ἡ δʼ ὀλίγον φέρεται νοτιωτέρη, οὐδʼ ἐπιβάλλει,","ἡ δ’ ὀλίγον φέρεται νοτιωτέρη, οὐδ’ ἐπιβάλλει,",tlg0653.tlg001.perseus-grc2.xml
Phaenomena,tlg001,1,491,παρθένος· ἀλλὰ Λέων καὶ Καρκίνος· οἱ μέν ἄρʼ ἄμφω,παρθένος· ἀλλὰ Λέων καὶ Καρκίνος· οἱ μέν ἄρ’ ἄμφω,tlg0653.tlg001.perseus-grc2.xml
Phaenomena,tlg001,1,492,"ἑξείης κέαται βεβλημένοι, αὐτὰρ ὁ κύκλος","ἑξείης κέαται βεβλημένοι, αὐτὰρ ὁ κύκλος",tlg0653.tlg001.perseus-grc2.xml
Phaenomena,tlg001,1,493,τὸν μὲν ὑπὸ στῆθος καὶ γαστέρα μέχρι παρʼ αἰδῶ,τὸν μὲν ὑπὸ στῆθος καὶ γαστέρα μέχρι παρ’ αἰδῶ,tlg0653.tlg001.perseus-grc2.xml
Phaenomena,tlg001,1,494,"τέμνει, τὸν δὲ διηνεκέως ὑπένερθε χελείου","τέμνει, τὸν δὲ διηνεκέως ὑπένερθε χελείου",tlg0653.tlg001.perseus-grc2.xml
Phaenomena,tlg001,1,495,"καρκίνον, ἧχι μάλιστα διχαιόμενόν κε νοήσαις","καρκίνον, ἧχι μάλιστα διχαιόμενόν κε νοήσαις",tlg0653.tlg001.perseus-grc2.xml
Phaenomena,tlg001,1,496,"ὀρθόν, ἵνʼ ὀφθαλμοὶ κύκλου ἑκάτερθεν ἴοιεν.","ὀρθόν, ἵν’ ὀφθαλμοὶ κύκλου ἑκάτερθεν ἴοιεν.",tlg0653.tlg001.perseus-grc2.xml
Phaenomena,tlg001,1,497,"τοῦ μέν, ὅσον τε μάλιστα, διʼ ὀκτὼ μετρηθέντος,","τοῦ μέν, ὅσον τε μάλιστα, δι’ ὀκτὼ μετρηθέντος,",tlg0653.tlg001.perseus-grc2.xml
Phaenomena,tlg001,1,498,"πέντε μὲν ἔνδια στρέφεται καθʼ ὑκέρτερα γαίης,","πέντε μὲν ἔνδια στρέφεται καθ’ ὑκέρτερα γαίης,",tlg0653.tlg001.perseus-grc2.xml
Phaenomena,tlg001,1,499,τὰ τρία δʼ ἐν περάτῃ· θέρεος δέ οἱ ἐν τροπαί εἰσιν.,τὰ τρία δ’ ἐν περάτῃ· θέρεος δέ οἱ ἐν τροπαί εἰσιν.,tlg0653.tlg001.perseus-grc2.xml
Phaenomena,tlg001,1,500,ἀλλʼ ὁ μὲν ἐν βορἐω περὶ Καρκίνον ἐστήρικται.,ἀλλ’ ὁ μὲν ἐν βορἐω περὶ Καρκίνον ἐστήρικται.,tlg0653.tlg001.perseus-grc2.xml
Phaenomena,tlg001,1,501,ἄλλος δʼ ἀντιόωντι νότῳ μέσον Αἰγοκερῆα,ἄλλος δ’ ἀντιόωντι νότῳ μέσον Αἰγοκερῆα,tlg0653.tlg001.perseus-grc2.xml
Phaenomena,tlg001,1,502,τέμνει καὶ πόδας Ὑδροχόου καὶ Κήτεος οὐρήν·,τέμνει καὶ πόδας Ὑδροχόου καὶ Κήτεος οὐρήν·,tlg0653.tlg001.perseus-grc2.xml
Phaenomena,tlg001,1,503,ἐν δέ οἵ ἐστι Λαγωός· ἀτὰρ Κυνὸς οὐ μάλα πολλὴν,ἐν δέ οἵ ἐστι Λαγωός· ἀτὰρ Κυνὸς οὐ μάλα πολλὴν,tlg0653.tlg001.perseus-grc2.xml
Phaenomena,tlg001,1,504,"αἴνυται, ἀλλʼ ὁπόσην ἐπέχει ποσίν· ἐν δέ οἰ Ἀργώ,","αἴνυται, ἀλλ’ ὁπόσην ἐπέχει ποσίν· ἐν δέ οἰ Ἀργώ,",tlg0653.tlg001.perseus-grc2.xml
Phaenomena,tlg001,1,505,"καὶ μέγα Κενταύροιο μετάφρενον, ἐν δέ τε κέντρον","καὶ μέγα Κενταύροιο μετάφρενον, ἐν δέ τε κέντρον",tlg0653.tlg001.perseus-grc2.xml
Phaenomena,tlg001,1,506,"σκορπίου, ἐν καὶ Τόξον ἀγαυοῦ Τοξευτῆρος.","σκορπίου, ἐν καὶ Τόξον ἀγαυοῦ Τοξευτῆρος.",tlg0653.tlg001.perseus-grc2.xml
Phaenomena,tlg001,1,507,τὸν πύματον καθαροῖο παρερχόμενος βορέαο,τὸν πύματον καθαροῖο παρερχόμενος βορέαο,tlg0653.tlg001.perseus-grc2.xml
Phaenomena,tlg001,1,508,ἐς νότον ἠέλιος φέρεται· τρέπεταί γε μὲν αὐτοῦ,ἐς νότον ἠέλιος φέρεται· τρέπεταί γε μὲν αὐτοῦ,tlg0653.tlg001.perseus-grc2.xml
Phaenomena,tlg001,1,509,χειμέριος. καί οἱ τρία μὲν περιτέλλεται ὑψοῦ,χειμέριος. καί οἱ τρία μὲν περιτέλλεται ὑψοῦ,tlg0653.tlg001.perseus-grc2.xml
Phaenomena,tlg001,1,510,"τῶν ὀκτώ, τὰ δὲ πέντε κατώρυχα δινεύονται.","τῶν ὀκτώ, τὰ δὲ πέντε κατώρυχα δινεύονται.",tlg0653.tlg001.perseus-grc2.xml
Phaenomena,tlg001,1,511,"μεσσόθι δʼ ἀμφοτέρων, ὅσσος πολιοῖο Γάλακτος,","μεσσόθι δ’ ἀμφοτέρων, ὅσσος πολιοῖο Γάλακτος,",tlg0653.tlg001.perseus-grc2.xml
Phaenomena,tlg001,1,512,γαῖαν ὑποστρέφεται κύκλος διχόωντι ἐοικώς·,γαῖαν ὑποστρέφεται κύκλος διχόωντι ἐοικώς·,tlg0653.tlg001.perseus-grc2.xml
Phaenomena,tlg001,1,513,"ἐν δέ οἱ ἤματα νυξὶν ἰσαίεται ἀμφοτέρῃσιν,","ἐν δέ οἱ ἤματα νυξὶν ἰσαίεται ἀμφοτέρῃσιν,",tlg0653.tlg001.perseus-grc2.xml
Phaenomena,tlg001,1,514,"φθίνοντος θέρεος, τοτὲ δʼ εἴαρος ἱσταμένοιο.","φθίνοντος θέρεος, τοτὲ δ’ εἴαρος ἱσταμένοιο.",tlg0653.tlg001.perseus-grc2.xml
Phaenomena,tlg001,1,515,"σῆμα δέ οἱ Κριὸς Ταύροιό τε γούνατα κεῖται,","σῆμα δέ οἱ Κριὸς Ταύροιό τε γούνατα κεῖται,",tlg0653.tlg001.perseus-grc2.xml
Phaenomena,tlg001,1,516,"κριὸς μὲν κατὰ μῆκος ἐληλάμενος διὰ κύκλου,","κριὸς μὲν κατὰ μῆκος ἐληλάμενος διὰ κύκλου,",tlg0653.tlg001.perseus-grc2.xml
Phaenomena,tlg001,1,517,Ταύρου δὲ σκελέων ὅσση περιφαίνεται ὀκλάξ.,Ταύρου δὲ σκελέων ὅσση περιφαίνεται ὀκλάξ.,tlg0653.tlg001.perseus-grc2.xml
Phaenomena,tlg001,1,518,ἐν δέ τέ οἱ ζώνη εὐφεγγέος Ὠρίωνος,ἐν δέ τέ οἱ ζώνη εὐφεγγέος Ὠρίωνος,tlg0653.tlg001.perseus-grc2.xml
Phaenomena,tlg001,1,519,καμπή τʼ αἰθομένης Ὕδρης· ἐνί οἱ καὶ ἐλαφρὸς,καμπή τ’ αἰθομένης Ὕδρης· ἐνί οἱ καὶ ἐλαφρὸς,tlg0653.tlg001.perseus-grc2.xml
Phaenomena,tlg001,1,520,"κρητήρ, ἐν δὲ Κόραξ, ἐνὶ δʼ ἀστέρες οὐ μάλα πολλοὶ","κρητήρ, ἐν δὲ Κόραξ, ἐνὶ δ’ ἀστέρες οὐ μάλα πολλοὶ",tlg0653.tlg001.perseus-grc2.xml
Phaenomena,tlg001,1,521,Χηλάων· ἐν τῷ δʼ Ὀφιούχεα γοῦνα φορεῖται.,Χηλάων· ἐν τῷ δ’ Ὀφιούχεα γοῦνα φορεῖται.,tlg0653.tlg001.perseus-grc2.xml
Phaenomena,tlg001,1,522,"οὐ μὴν Αἰητοῦ ἀπαμείρεται, ἀλλά οἱ ἐγγὺς","οὐ μὴν Αἰητοῦ ἀπαμείρεται, ἀλλά οἱ ἐγγὺς",tlg0653.tlg001.perseus-grc2.xml
Phaenomena,tlg001,1,523,Ζηνὸς ἀητεῖται μέγας ἄγγελος. ἡ δὲ κατʼ αὐτὸν,Ζηνὸς ἀητεῖται μέγας ἄγγελος. ἡ δὲ κατ’ αὐτὸν,tlg0653.tlg001.perseus-grc2.xml
Phaenomena,tlg001,1,524,ἱππείη κεφαλὴ καὶ ὑπαύχενον εἱλίσσονται.,ἱππείη κεφαλὴ καὶ ὑπαύχενον εἱλίσσονται.,tlg0653.tlg001.perseus-grc2.xml
Phaenomena,tlg001,1,525,τοὺς μὲν παρβολάδην ὀρθοὺς περιβάλλεται ἄξων,τοὺς μὲν παρβολάδην ὀρθοὺς περιβάλλεται ἄξων,tlg0653.tlg001.perseus-grc2.xml
Phaenomena,tlg001,1,526,μεσσόθι πάντας ἔχων· ὁ δὲ τέτρατος ἐσφήκωται,μεσσόθι πάντας ἔχων· ὁ δὲ τέτρατος ἐσφήκωται,tlg0653.tlg001.perseus-grc2.xml
Phaenomena,tlg001,1,527,"λοξὸς ἐν ἀμφοτέροις, οἵ μίν ῥʼ ἑκάτερθεν ἔχουσιν","λοξὸς ἐν ἀμφοτέροις, οἵ μίν ῥ’ ἑκάτερθεν ἔχουσιν",tlg0653.tlg001.perseus-grc2.xml
Phaenomena,tlg001,1,528,"ἀντιπέρην τροπικοί, μέσσος δέ ἑ μεσσόθι τέμνει.","ἀντιπέρην τροπικοί, μέσσος δέ ἑ μεσσόθι τέμνει.",tlg0653.tlg001.perseus-grc2.xml
Phaenomena,tlg001,1,529,οὔ κεν Ἀθηναίης χειρῶν δεδιδαγμένος ἀνὴρ,οὔ κεν Ἀθηναίης χειρῶν δεδιδαγμένος ἀνὴρ,tlg0653.tlg001.perseus-grc2.xml
Phaenomena,tlg001,1,530,ἄλλῃ κολλήσαιτο κυλινδόμενα τροχάλεια,ἄλλῃ κολλήσαιτο κυλινδόμενα τροχάλεια,tlg0653.tlg001.perseus-grc2.xml
Phaenomena,tlg001,1,531,"τοῖα τε καὶ τόσα πάντα περισφαιρηδὸν ἑλίσσων,","τοῖα τε καὶ τόσα πάντα περισφαιρηδὸν ἑλίσσων,",tlg0653.tlg001.perseus-grc2.xml
Phaenomena,tlg001,1,532,ὡς τά γʼ ἐναιθέρια πλαγίῳ συναρηρότα κύκλῳ,ὡς τά γ’ ἐναιθέρια πλαγίῳ συναρηρότα κύκλῳ,tlg0653.tlg001.perseus-grc2.xml
Phaenomena,tlg001,1,533,ἐξ ἠοῦς ἐπὶ νύκτα διώκεται ἤματα πάντα.,ἐξ ἠοῦς ἐπὶ νύκτα διώκεται ἤματα πάντα.,tlg0653.tlg001.perseus-grc2.xml
Phaenomena,tlg001,1,534,καὶ τὰ μὲν ἀντέλλει καὶ αὐτίκα νειόθι δύνει,καὶ τὰ μὲν ἀντέλλει καὶ αὐτίκα νειόθι δύνει,tlg0653.tlg001.perseus-grc2.xml
Phaenomena,tlg001,1,535,πάντα παραβλήδην· μία δέ σφεων ἐστὶν ἑκάστου,πάντα παραβλήδην· μία δέ σφεων ἐστὶν ἑκάστου,tlg0653.tlg001.perseus-grc2.xml
Phaenomena,tlg001,1,536,ἑξείης ἑκάτερθε κατηλυσίη τʼ ἄνοδός τε.,ἑξείης ἑκάτερθε κατηλυσίη τ’ ἄνοδός τε.,tlg0653.tlg001.perseus-grc2.xml
Phaenomena,tlg001,1,537,"αὐτὰρ ὅ γʼ ὠκεανοῦ τόσσον παραμείβεται ὕδωρ,","αὐτὰρ ὅ γ’ ὠκεανοῦ τόσσον παραμείβεται ὕδωρ,",tlg0653.tlg001.perseus-grc2.xml
Phaenomena,tlg001,1,538,ὅσσον ἀπʼ Αἰγοκερῆος ἀνερχομένοιο μάλιστα,ὅσσον ἀπ’ Αἰγοκερῆος ἀνερχομένοιο μάλιστα,tlg0653.tlg001.perseus-grc2.xml
Phaenomena,tlg001,1,539,καρκίνον εἰς ἀνιόντα κυλίνδεται· ὅσσον ἁπάντη,καρκίνον εἰς ἀνιόντα κυλίνδεται· ὅσσον ἁπάντη,tlg0653.tlg001.perseus-grc2.xml
Phaenomena,tlg001,1,540,"ἀντέλλων ἐπέχει, τόσσον γε μὲν ἀλλόθι δύνων.","ἀντέλλων ἐπέχει, τόσσον γε μὲν ἀλλόθι δύνων.",tlg0653.tlg001.perseus-grc2.xml
Phaenomena,tlg001,1,541,ὅσσον δʼ ὀφθαλμοῖο βολῆς ἀποτέμνεται αὐγή.,ὅσσον δ’ ὀφθαλμοῖο βολῆς ἀποτέμνεται αὐγή.,tlg0653.tlg001.perseus-grc2.xml
Phaenomena,tlg001,1,542,ἑξάκις ἂν τόσση μιν ὑποδράμοι. αὐτὰρ ἑκάστη,ἑξάκις ἂν τόσση μιν ὑποδράμοι. αὐτὰρ ἑκάστη,tlg0653.tlg001.perseus-grc2.xml
Phaenomena,tlg001,1,543,ἴση μετρηθεῖσα δύω περιτέμνεται ἄστρα.,ἴση μετρηθεῖσα δύω περιτέμνεται ἄστρα.,tlg0653.tlg001.perseus-grc2.xml
Phaenomena,tlg001,1,544,Ζωΐδιον δέ ἑ κύκλον ἐπίκλησιν καλέουσιν.,Ζωΐδιον δέ ἑ κύκλον ἐπίκλησιν καλέουσιν.,tlg0653.tlg001.perseus-grc2.xml
Phaenomena,tlg001,1,545,"τῷ ἔνι Καρκίνος ἐστί, Λέων δʼ ἐπὶ τῷ, καὶ ὑπʼ αὐτὸν","τῷ ἔνι Καρκίνος ἐστί, Λέων δ’ ἐπὶ τῷ, καὶ ὑπ’ αὐτὸν",tlg0653.tlg001.perseus-grc2.xml
Phaenomena,tlg001,1,546,"παρθένος· αἱ δʼ ἐπί οἱ Χηλαὶ καὶ Σκορπίος αὐτός,","παρθένος· αἱ δ’ ἐπί οἱ Χηλαὶ καὶ Σκορπίος αὐτός,",tlg0653.tlg001.perseus-grc2.xml
Phaenomena,tlg001,1,547,"Τοξευτής τε καὶ Αἰγόκερως, ἐπὶ δʼ Αἰγοκερῆϊ","Τοξευτής τε καὶ Αἰγόκερως, ἐπὶ δ’ Αἰγοκερῆϊ",tlg0653.tlg001.perseus-grc2.xml
Phaenomena,tlg001,1,548,Ὑδροχόος· δύο δʼ αὐτὸν ὕπʼ Ἰχθύες ἀστερόωνται·,Ὑδροχόος· δύο δ’ αὐτὸν ὕπ’ Ἰχθύες ἀστερόωνται·,tlg0653.tlg001.perseus-grc2.xml
Phaenomena,tlg001,1,549,"τοὺς δὲ μέτα Κριός, Ταῦρός δʼ ἐπὶ τῷ Δίδυμοί τε.","τοὺς δὲ μέτα Κριός, Ταῦρός δ’ ἐπὶ τῷ Δίδυμοί τε.",tlg0653.tlg001.perseus-grc2.xml
Phaenomena,tlg001,1,550,ἐν τοῖς ἠέλιος φέρεται δυοκαίδεκα πᾶσιν,ἐν τοῖς ἠέλιος φέρεται δυοκαίδεκα πᾶσιν,tlg0653.tlg001.perseus-grc2.xml
Phaenomena,tlg001,1,551,"πάντʼ ἐνιαυτὸν ἄγων, καί οἱ περὶ τοῦτον ἰόντι","πάντ’ ἐνιαυτὸν ἄγων, καί οἱ περὶ τοῦτον ἰόντι",tlg0653.tlg001.perseus-grc2.xml
Phaenomena,tlg001,1,552,κύκλον ἀέξονται πᾶσαι ἐπικάρπιοι ὧραι.,κύκλον ἀέξονται πᾶσαι ἐπικάρπιοι ὧραι.,tlg0653.tlg001.perseus-grc2.xml
Phaenomena,tlg001,1,553,"τοῦ δʼ ὅσσον κοίλοιο κατʼ ὠκεανοῖο δύηται,","τοῦ δ’ ὅσσον κοίλοιο κατ’ ὠκεανοῖο δύηται,",tlg0653.tlg001.perseus-grc2.xml
Phaenomena,tlg001,1,554,τόσσον ὑπὲρ γαίης φέρεται· πάσῃ δʼ ἐπὶ νυκτὶ,τόσσον ὑπὲρ γαίης φέρεται· πάσῃ δ’ ἐπὶ νυκτὶ,tlg0653.tlg001.perseus-grc2.xml
Phaenomena,tlg001,1,555,"ἓξ αἰεὶ δύνουσι δυωδεκάδες κύκλοιο,","ἓξ αἰεὶ δύνουσι δυωδεκάδες κύκλοιο,",tlg0653.tlg001.perseus-grc2.xml
Phaenomena,tlg001,1,556,τόσσαι δʼ ἀντέλλουσι. τόσον δʼ ἐτί μῆκος ἑκάστη,τόσσαι δ’ ἀντέλλουσι. τόσον δ’ ἐτί μῆκος ἑκάστη,tlg0653.tlg001.perseus-grc2.xml
Phaenomena,tlg001,1,557,"νὺξ αἰεὶ τετάνυσται, ὅσον τέ περ ἥμισυ κύκλου","νὺξ αἰεὶ τετάνυσται, ὅσον τέ περ ἥμισυ κύκλου",tlg0653.tlg001.perseus-grc2.xml
Phaenomena,tlg001,1,558,ἀρχομένης ἀπὸ νυκτὸς ἀείρεται ὑψόθι γαίης.,ἀρχομένης ἀπὸ νυκτὸς ἀείρεται ὑψόθι γαίης.,tlg0653.tlg001.perseus-grc2.xml
Phaenomena,tlg001,1,559,οὔ κεν ἀπόβλητον δεδοκημένῳ ἤματος εἴη,οὔ κεν ἀπόβλητον δεδοκημένῳ ἤματος εἴη,tlg0653.tlg001.perseus-grc2.xml
Phaenomena,tlg001,1,560,μοιράων σκέπτεσθαι ὅτʼ ἀντέλλῃσιν ἑκάστη·,μοιράων σκέπτεσθαι ὅτ’ ἀντέλλῃσιν ἑκάστη·,tlg0653.tlg001.perseus-grc2.xml
Phaenomena,tlg001,1,561,αἰεὶ γὰρ τάων γε μιῇ συνανέρχεται αὐτὸς,αἰεὶ γὰρ τάων γε μιῇ συνανέρχεται αὐτὸς,tlg0653.tlg001.perseus-grc2.xml
Phaenomena,tlg001,1,562,ἠέλιος. τὰς δʼ ἄν κε περισκέψαιο μάλιστα,ἠέλιος. τὰς δ’ ἄν κε περισκέψαιο μάλιστα,tlg0653.tlg001.perseus-grc2.xml
Phaenomena,tlg001,1,563,εἰς αὐτὰς ὁρόων· ἀτὰρ εἰ νεφέεσσι μέλαιναι,εἰς αὐτὰς ὁρόων· ἀτὰρ εἰ νεφέεσσι μέλαιναι,tlg0653.tlg001.perseus-grc2.xml
Phaenomena,tlg001,1,564,"γίνοιντʼ ἢ ὄρεος κεκρυμμέναι ἀντέλλοιεν,","γίνοιντ’ ἢ ὄρεος κεκρυμμέναι ἀντέλλοιεν,",tlg0653.tlg001.perseus-grc2.xml
Phaenomena,tlg001,1,565,σήματʼ ἐπερχομένῃσιν ἀρηρότα ποιήσασθαι.,σήματ’ ἐπερχομένῃσιν ἀρηρότα ποιήσασθαι.,tlg0653.tlg001.perseus-grc2.xml
Phaenomena,tlg001,1,566,αὐτὸς δʼ ἂν μάλα τοι κεράων ἑκάτερθε διδοίη,αὐτὸς δ’ ἂν μάλα τοι κεράων ἑκάτερθε διδοίη,tlg0653.tlg001.perseus-grc2.xml
Phaenomena,tlg001,1,567,"Ὠκεανός, τά τε πολλὰ περιστρέφεται ἑοῖ αὐτῷ,","Ὠκεανός, τά τε πολλὰ περιστρέφεται ἑοῖ αὐτῷ,",tlg0653.tlg001.perseus-grc2.xml
Phaenomena,tlg001,1,568,νειόθεν ὁππῆμος κείνων φορέῃσιν ἑκάστην.,νειόθεν ὁππῆμος κείνων φορέῃσιν ἑκάστην.,tlg0653.tlg001.perseus-grc2.xml
Phaenomena,tlg001,1,569,"οὔ οἱ ἀφαυρότατοι, ὅτε κάρκινος ἀντέλλῃσιν,","οὔ οἱ ἀφαυρότατοι, ὅτε κάρκινος ἀντέλλῃσιν,",tlg0653.tlg001.perseus-grc2.xml
Phaenomena,tlg001,1,570,"ἀστέρες ἀμφοτέρωθεν ἑλισσόμενοι περίκεινται,","ἀστέρες ἀμφοτέρωθεν ἑλισσόμενοι περίκεινται,",tlg0653.tlg001.perseus-grc2.xml
Phaenomena,tlg001,1,571,"τοὶ μὲν δύνοντες, τοὶ δʼ ἐξ ἑτέρης ἀνιόντες.","τοὶ μὲν δύνοντες, τοὶ δ’ ἐξ ἑτέρης ἀνιόντες.",tlg0653.tlg001.perseus-grc2.xml
Phaenomena,tlg001,1,572,"σύνει μὲν Στέφανος, δύνει δὲ κατὰ ῥάχιν Ἰχθύς.","σύνει μὲν Στέφανος, δύνει δὲ κατὰ ῥάχιν Ἰχθύς.",tlg0653.tlg001.perseus-grc2.xml
Phaenomena,tlg001,1,573,"ἥμισυ μέν κεν ἴδοιο μετήορον, ἥμισυ δʼ ἤδη","ἥμισυ μέν κεν ἴδοιο μετήορον, ἥμισυ δ’ ἤδη",tlg0653.tlg001.perseus-grc2.xml
Phaenomena,tlg001,1,574,ἐσχατιαὶ βάλλουσι κατερχομένου Στεφάνοιο.,ἐσχατιαὶ βάλλουσι κατερχομένου Στεφάνοιο.,tlg0653.tlg001.perseus-grc2.xml
Phaenomena,tlg001,1,575,αὐτὰρ ὅ γʼ ἐξόπιθεν τετραμμένος ἄλλα μὲν οὔπω,αὐτὰρ ὅ γ’ ἐξόπιθεν τετραμμένος ἄλλα μὲν οὔπω,tlg0653.tlg001.perseus-grc2.xml
Phaenomena,tlg001,1,576,"γαστέρι νειαίρῃ, τὰ δʼ ὑπέρτερα νυκτὶ φορεῖται.","γαστέρι νειαίρῃ, τὰ δ’ ὑπέρτερα νυκτὶ φορεῖται.",tlg0653.tlg001.perseus-grc2.xml
Phaenomena,tlg001,1,577,τὸν δὲ καὶ εἰς ὤμους κατάγει μογερὸν Ὀφιοῦχον,τὸν δὲ καὶ εἰς ὤμους κατάγει μογερὸν Ὀφιοῦχον,tlg0653.tlg001.perseus-grc2.xml
Phaenomena,tlg001,1,578,"Καρκίνος ἐκ γονάτων, κατάγει δʼ Ὄφιν αὐχένος ἐγγύς.","Καρκίνος ἐκ γονάτων, κατάγει δ’ Ὄφιν αὐχένος ἐγγύς.",tlg0653.tlg001.perseus-grc2.xml
Phaenomena,tlg001,1,579,"οὐδʼ ἄν ἔτʼ Ἀρκτοφύλαξ εἴη πολὺς ἀμφοτέρωθεν,","οὐδ’ ἄν ἔτ’ Ἀρκτοφύλαξ εἴη πολὺς ἀμφοτέρωθεν,",tlg0653.tlg001.perseus-grc2.xml
Phaenomena,tlg001,1,580,"μείων ἠμάτιος, τὸ δʼ ἐπὶ πλέον ἔννυχος ἤδη.","μείων ἠμάτιος, τὸ δ’ ἐπὶ πλέον ἔννυχος ἤδη.",tlg0653.tlg001.perseus-grc2.xml
Phaenomena,tlg001,1,581,τέτρασι γὰρ μοίραις ἄμυδις κατιόντα Βοώτην,τέτρασι γὰρ μοίραις ἄμυδις κατιόντα Βοώτην,tlg0653.tlg001.perseus-grc2.xml
Phaenomena,tlg001,1,582,"Ὠκεανὸς δέχεται· ὁ δʼ ἐπὴν φάεος κορέσηται,","Ὠκεανὸς δέχεται· ὁ δ’ ἐπὴν φάεος κορέσηται,",tlg0653.tlg001.perseus-grc2.xml
Phaenomena,tlg001,1,583,"βουλυτῷ ἐπέχει πλεῖον δίχα νυκτὸς ἰούσης,","βουλυτῷ ἐπέχει πλεῖον δίχα νυκτὸς ἰούσης,",tlg0653.tlg001.perseus-grc2.xml
Phaenomena,tlg001,1,584,ἦμος ὅτʼ ἠελίοιο κατερχομένοιο δύηται.,ἦμος ὅτ’ ἠελίοιο κατερχομένοιο δύηται.,tlg0653.tlg001.perseus-grc2.xml
Phaenomena,tlg001,1,585,κεῖναί οἱ καὶ νύκτες ἐπʼ ὀψὲ δύοντι λέγονται.,κεῖναί οἱ καὶ νύκτες ἐπ’ ὀψὲ δύοντι λέγονται.,tlg0653.tlg001.perseus-grc2.xml
Phaenomena,tlg001,1,586,"ὣς οἱ μὲν δύνουσιν, ὁ δʼ ἀντίος, οὐδὲν ἀεικής,","ὣς οἱ μὲν δύνουσιν, ὁ δ’ ἀντίος, οὐδὲν ἀεικής,",tlg0653.tlg001.perseus-grc2.xml
Phaenomena,tlg001,1,587,"ἀλλʼ εὖ μὲν ζώνῃ, εὖ δʼ ἀμφοτέροισι φαεινὸς","ἀλλ’ εὖ μὲν ζώνῃ, εὖ δ’ ἀμφοτέροισι φαεινὸς",tlg0653.tlg001.perseus-grc2.xml
Phaenomena,tlg001,1,588,"ὤμοις Ὠρίων, ξίφεός γε μὲν ἶφι πεποιθώς,","ὤμοις Ὠρίων, ξίφεός γε μὲν ἶφι πεποιθώς,",tlg0653.tlg001.perseus-grc2.xml
Phaenomena,tlg001,1,589,"πάντα φέρων Ποταμόν, κέραος παρατείνεται ἄλλου.","πάντα φέρων Ποταμόν, κέραος παρατείνεται ἄλλου.",tlg0653.tlg001.perseus-grc2.xml
Phaenomena,tlg001,1,590,ἐρχομένῳ δὲ Λέοντι τὰ μὲν κατὰ πάντα φέρονται,ἐρχομένῳ δὲ Λέοντι τὰ μὲν κατὰ πάντα φέρονται,tlg0653.tlg001.perseus-grc2.xml
Phaenomena,tlg001,1,591,"καρκίνῳ ὅσσʼ ἐδύοντο, καὶ Αἰετός. αὐτὰρ ὅ γε Γνὺξ","καρκίνῳ ὅσσ’ ἐδύοντο, καὶ Αἰετός. αὐτὰρ ὅ γε Γνὺξ",tlg0653.tlg001.perseus-grc2.xml
Phaenomena,tlg001,1,592,"ἥμενος ἄλλα μὲν ἤδη, ἀτὰρ γόνυ καὶ πόσα λαιὸν","ἥμενος ἄλλα μὲν ἤδη, ἀτὰρ γόνυ καὶ πόσα λαιὸν",tlg0653.tlg001.perseus-grc2.xml
Phaenomena,tlg001,1,593,οὔπω κυμαίνοντος ὑποστρέφει ὠκεανοῖο.,οὔπω κυμαίνοντος ὑποστρέφει ὠκεανοῖο.,tlg0653.tlg001.perseus-grc2.xml
Phaenomena,tlg001,1,594,ἀντέλλει δʼ Ὕδρης κεφαλὴ χαροπός τε Λαγωὸς,ἀντέλλει δ’ Ὕδρης κεφαλὴ χαροπός τε Λαγωὸς,tlg0653.tlg001.perseus-grc2.xml
Phaenomena,tlg001,1,595,καὶ Προκύων πρότεροί τε πόδες Κυνὸς αἰθομένοιο.,καὶ Προκύων πρότεροί τε πόδες Κυνὸς αἰθομένοιο.,tlg0653.tlg001.perseus-grc2.xml
Phaenomena,tlg001,1,596,οὐ μέν θην ὀλίγους γαίης ὑπὸ νείατα βάλλει,οὐ μέν θην ὀλίγους γαίης ὑπὸ νείατα βάλλει,tlg0653.tlg001.perseus-grc2.xml
Phaenomena,tlg001,1,597,παρθένος ἀντέλλουσα. Λύρη τότε Κυλληναίη,παρθένος ἀντέλλουσα. Λύρη τότε Κυλληναίη,tlg0653.tlg001.perseus-grc2.xml
Phaenomena,tlg001,1,598,καὶ Δελφὶς δύνουσι καὶ εὐποίητος Ὀϊστός·,καὶ Δελφὶς δύνουσι καὶ εὐποίητος Ὀϊστός·,tlg0653.tlg001.perseus-grc2.xml
Phaenomena,tlg001,1,599,σὺν τοῖς Ὄρνιθος πρώτα πτερὰ μέσφα παρʼ αὐτὴν,σὺν τοῖς Ὄρνιθος πρώτα πτερὰ μέσφα παρ’ αὐτὴν,tlg0653.tlg001.perseus-grc2.xml
Phaenomena,tlg001,1,600,οὐρὴν καὶ Ποταμοῖο παρηορίαι σκιόωνται·,οὐρὴν καὶ Ποταμοῖο παρηορίαι σκιόωνται·,tlg0653.tlg001.perseus-grc2.xml
Phaenomena,tlg001,1,601,"δύνει δʼ Ἱππείη κεφαλή, δύνει δὲ καὶ αὐχήν.","δύνει δ’ Ἱππείη κεφαλή, δύνει δὲ καὶ αὐχήν.",tlg0653.tlg001.perseus-grc2.xml
Phaenomena,tlg001,1,602,ἀντέλλει δʼ Ὕδρη μὲν ἐπὶ πλέον ἄχρι παρʼ αὐτὸν,ἀντέλλει δ’ Ὕδρη μὲν ἐπὶ πλέον ἄχρι παρ’ αὐτὸν,tlg0653.tlg001.perseus-grc2.xml
Phaenomena,tlg001,1,603,"κρητῆρα, φθάμενος δὲ Κύων πόδας αἴνυται ἄλλους,","κρητῆρα, φθάμενος δὲ Κύων πόδας αἴνυται ἄλλους,",tlg0653.tlg001.perseus-grc2.xml
Phaenomena,tlg001,1,604,ἕλκων ἐξόπιθεν πρύμνην πολυτειρέος Ἀργοῦς.,ἕλκων ἐξόπιθεν πρύμνην πολυτειρέος Ἀργοῦς.,tlg0653.tlg001.perseus-grc2.xml
Phaenomena,tlg001,1,605,"ἡ δὲ θέει γαίης ἱστὸν διχόωσα κατʼ αὐτόν,","ἡ δὲ θέει γαίης ἱστὸν διχόωσα κατ’ αὐτόν,",tlg0653.tlg001.perseus-grc2.xml
Phaenomena,tlg001,1,606,παρθένος ἦμος ἅπασα περαιόθεν ἄρτι γένηται.,παρθένος ἦμος ἅπασα περαιόθεν ἄρτι γένηται.,tlg0653.tlg001.perseus-grc2.xml
Phaenomena,tlg001,1,607,"Οὐδʼ ἄν ἐπερχόμεναι χηλαὶ, καὶ λεπτὰ φάουσαι,","Οὐδ’ ἄν ἐπερχόμεναι χηλαὶ, καὶ λεπτὰ φάουσαι,",tlg0653.tlg001.perseus-grc2.xml
Phaenomena,tlg001,1,608,"ἄφραστοι παρίοιεν, ἐπεὶ μέγα σῆμα Βοώτης","ἄφραστοι παρίοιεν, ἐπεὶ μέγα σῆμα Βοώτης",tlg0653.tlg001.perseus-grc2.xml
Phaenomena,tlg001,1,609,ἀθρόος ἀντέλλει βεβολημένος Ἀρκτούροιο.,ἀθρόος ἀντέλλει βεβολημένος Ἀρκτούροιο.,tlg0653.tlg001.perseus-grc2.xml
Phaenomena,tlg001,1,610,Ἀργὼ δʼ εὖ μάλα πᾶσα μετήορος ἔσσεται ἤδη·,Ἀργὼ δ’ εὖ μάλα πᾶσα μετήορος ἔσσεται ἤδη·,tlg0653.tlg001.perseus-grc2.xml
Phaenomena,tlg001,1,611,"ἀλλʼ Ὕδρη, κέχυται γὰρ ἐν οὐρανῷ ἤλιθα πολλή,","ἀλλ’ Ὕδρη, κέχυται γὰρ ἐν οὐρανῷ ἤλιθα πολλή,",tlg0653.tlg001.perseus-grc2.xml
Phaenomena,tlg001,1,612,οὐρῆς ἂν δεύοιτο. μόνην δʼ ἐπὶ Χηλαὶ ἄγουσιν,οὐρῆς ἂν δεύοιτο. μόνην δ’ ἐπὶ Χηλαὶ ἄγουσιν,tlg0653.tlg001.perseus-grc2.xml
Phaenomena,tlg001,1,613,δεινὸν ἐφεστηῶτʼ Ὀφιουχέα· τοῦ ἔπειτα,δεινὸν ἐφεστηῶτ’ Ὀφιουχέα· τοῦ ἔπειτα,tlg0653.tlg001.perseus-grc2.xml
Phaenomena,tlg001,1,614,δεξιτερὴν κνήμην αὐτῆς ἐπιγουνίδος ἄχρις,δεξιτερὴν κνήμην αὐτῆς ἐπιγουνίδος ἄχρις,tlg0653.tlg001.perseus-grc2.xml
Phaenomena,tlg001,1,615,"αἰεὶ Γνύξ, αἰεὶ δὲ Λύρῃ παραπεπτηῶτος,","αἰεὶ Γνύξ, αἰεὶ δὲ Λύρῃ παραπεπτηῶτος,",tlg0653.tlg001.perseus-grc2.xml
Phaenomena,tlg001,1,616,ὅντινα τοῦτον ἄϊστον ὑπουρανίων εἰδώλων,ὅντινα τοῦτον ἄϊστον ὑπουρανίων εἰδώλων,tlg0653.tlg001.perseus-grc2.xml
Phaenomena,tlg001,1,617,ἀμφότερον δύνοντα καὶ ἐξ ἑτέρης ἀνιόντα,ἀμφότερον δύνοντα καὶ ἐξ ἑτέρης ἀνιόντα,tlg0653.tlg001.perseus-grc2.xml
Phaenomena,tlg001,1,618,πολλάκις αὐτονυχεὶ θηεύμεθα. τοῦ μὲν ἄρʼ οἴη,πολλάκις αὐτονυχεὶ θηεύμεθα. τοῦ μὲν ἄρ’ οἴη,tlg0653.tlg001.perseus-grc2.xml
Phaenomena,tlg001,1,619,κνήμη σὺν Χηλῇσι φαείνεται ἀμφοτέρῃσιν·,κνήμη σὺν Χηλῇσι φαείνεται ἀμφοτέρῃσιν·,tlg0653.tlg001.perseus-grc2.xml
Phaenomena,tlg001,1,620,αὐτὸς δʼ ἐς κεφαλὴν ἔτι που τετραμμένος ἄλλῃ,αὐτὸς δ’ ἐς κεφαλὴν ἔτι που τετραμμένος ἄλλῃ,tlg0653.tlg001.perseus-grc2.xml
Phaenomena,tlg001,1,621,σκορπίον ἀντέλλοντα μένει καὶ ῥύτορα Τόξου·,σκορπίον ἀντέλλοντα μένει καὶ ῥύτορα Τόξου·,tlg0653.tlg001.perseus-grc2.xml
Phaenomena,tlg001,1,622,"οἱ γάρ μιν φορέουσιν, ὁ μὲν μέσον ἄλλα τε πάντα,","οἱ γάρ μιν φορέουσιν, ὁ μὲν μέσον ἄλλα τε πάντα,",tlg0653.tlg001.perseus-grc2.xml
Phaenomena,tlg001,1,623,χεῖρα δέ οἱ σκαιἠν κεφαλήν θʼ ἅμα Τόξον ἀγινεῖ.,χεῖρα δέ οἱ σκαιἠν κεφαλήν θ’ ἅμα Τόξον ἀγινεῖ.,tlg0653.tlg001.perseus-grc2.xml
Phaenomena,tlg001,1,624,ἀλλʼ ὁ μὲν ὣς τρίχα πάντα καταμελεϊστὶ φορεῖται,ἀλλ’ ὁ μὲν ὣς τρίχα πάντα καταμελεϊστὶ φορεῖται,tlg0653.tlg001.perseus-grc2.xml
Phaenomena,tlg001,1,625,ἥμισυ δὲ Στεφάνοιο καὶ αὐτὴν ἔσχατον οὐρὴν,ἥμισυ δὲ Στεφάνοιο καὶ αὐτὴν ἔσχατον οὐρὴν,tlg0653.tlg001.perseus-grc2.xml
Phaenomena,tlg001,1,626,Κενταύρου φορέουσιν ἀνερχόμεναι ἔτι Χηλαί.,Κενταύρου φορέουσιν ἀνερχόμεναι ἔτι Χηλαί.,tlg0653.tlg001.perseus-grc2.xml
Phaenomena,tlg001,1,627,"τῆμος ἀποιχομένην κεφαλὴν μέτα δύεται Ἵππος,","τῆμος ἀποιχομένην κεφαλὴν μέτα δύεται Ἵππος,",tlg0653.tlg001.perseus-grc2.xml
Phaenomena,tlg001,1,628,καὶ προτέρου Ὄρνιθος ἐφέλκεται ἔσχατος οὐρὴ.,καὶ προτέρου Ὄρνιθος ἐφέλκεται ἔσχατος οὐρὴ.,tlg0653.tlg001.perseus-grc2.xml
Phaenomena,tlg001,1,629,δύνει δʼ Ἀνδρομέδης κεφαλή· τὸ δέ οἱ μέγα δεῖμα,δύνει δ’ Ἀνδρομέδης κεφαλή· τὸ δέ οἱ μέγα δεῖμα,tlg0653.tlg001.perseus-grc2.xml
Phaenomena,tlg001,1,630,κήτεος ἠερόεις ἐπάγει νότος· ἀντία δʼ αὐτὸς,κήτεος ἠερόεις ἐπάγει νότος· ἀντία δ’ αὐτὸς,tlg0653.tlg001.perseus-grc2.xml
Phaenomena,tlg001,1,631,Κηφεὺς ἐκ βορέω μεγάλῃ ἀνὰ χειρὶ κελεύει.,Κηφεὺς ἐκ βορέω μεγάλῃ ἀνὰ χειρὶ κελεύει.,tlg0653.tlg001.perseus-grc2.xml
Phaenomena,tlg001,1,632,καὶ τὸ μὲν ἐς λοφιὴν τετραμμένον ἄχρι παρʼ αὐτὴν,καὶ τὸ μὲν ἐς λοφιὴν τετραμμένον ἄχρι παρ’ αὐτὴν,tlg0653.tlg001.perseus-grc2.xml
Phaenomena,tlg001,1,633,"δύνει, ἀτὰρ Κηφεὺς κεφαλῇ καὶ χειρὶ καὶ ὤμῳ.","δύνει, ἀτὰρ Κηφεὺς κεφαλῇ καὶ χειρὶ καὶ ὤμῳ.",tlg0653.tlg001.perseus-grc2.xml
Phaenomena,tlg001,1,634,Καμπαὶ δʼ ἄν Ποταμοῖο καὶ αὐτίκʼ ἐπερχομένοιο,Καμπαὶ δ’ ἄν Ποταμοῖο καὶ αὐτίκ’ ἐπερχομένοιο,tlg0653.tlg001.perseus-grc2.xml
Phaenomena,tlg001,1,635,σκορπίου ἐμπίπτοιεν ἐϋρρόου ὠκεανοῖο·,σκορπίου ἐμπίπτοιεν ἐϋρρόου ὠκεανοῖο·,tlg0653.tlg001.perseus-grc2.xml
Phaenomena,tlg001,1,636,ὃς καὶ ἐπερχόμενος φοβέει μέγαν Ὠρίωνα.,ὃς καὶ ἐπερχόμενος φοβέει μέγαν Ὠρίωνα.,tlg0653.tlg001.perseus-grc2.xml
Phaenomena,tlg001,1,637,"Ἄρτεμις ἱλήκοι· προτέρων λόγος, οἵ μιν ἔφαντο","Ἄρτεμις ἱλήκοι· προτέρων λόγος, οἵ μιν ἔφαντο",tlg0653.tlg001.perseus-grc2.xml
Phaenomena,tlg001,1,638,"ἑλκῆσαι πέπλοιο, Χίῳ ὅτε θηρία πάντα","ἑλκῆσαι πέπλοιο, Χίῳ ὅτε θηρία πάντα",tlg0653.tlg001.perseus-grc2.xml
Phaenomena,tlg001,1,639,"καρτερὸς Ὠρίων στιβαρῇ ἐπέκοπτε κορύνῃ,","καρτερὸς Ὠρίων στιβαρῇ ἐπέκοπτε κορύνῃ,",tlg0653.tlg001.perseus-grc2.xml
Phaenomena,tlg001,1,640,θήρης ἀρνύμενος κείνῳ χάριν Οἰνοπίωνι.,θήρης ἀρνύμενος κείνῳ χάριν Οἰνοπίωνι.,tlg0653.tlg001.perseus-grc2.xml
Phaenomena,tlg001,1,641,"ἡ δέ οἱ ἐξαυτῆς ἐπετείλατο θηρίον ἄλλο,","ἡ δέ οἱ ἐξαυτῆς ἐπετείλατο θηρίον ἄλλο,",tlg0653.tlg001.perseus-grc2.xml
Phaenomena,tlg001,1,642,"νήσου ἀναρρήξασα μέσας ἑκάτερθε κολώνας,","νήσου ἀναρρήξασα μέσας ἑκάτερθε κολώνας,",tlg0653.tlg001.perseus-grc2.xml
Phaenomena,tlg001,1,643,"σκορπίον, ὅς ῥά μιν οὖτα καὶ ἔκτανε πολλὸν ἐόντα","σκορπίον, ὅς ῥά μιν οὖτα καὶ ἔκτανε πολλὸν ἐόντα",tlg0653.tlg001.perseus-grc2.xml
Phaenomena,tlg001,1,644,"πλειότερος προφανείς, ἐπεὶ Ἄρτεμιν ἤκαχεν αὐτήν.","πλειότερος προφανείς, ἐπεὶ Ἄρτεμιν ἤκαχεν αὐτήν.",tlg0653.tlg001.perseus-grc2.xml
Phaenomena,tlg001,1,645,τούνεκα δὴ καί φασι περαιόθεν ἐρχομένοιο,τούνεκα δὴ καί φασι περαιόθεν ἐρχομένοιο,tlg0653.tlg001.perseus-grc2.xml
Phaenomena,tlg001,1,646,σκορπίου Ὠρίωνα περὶ χθονὸς ἔσχατα φεύγειν.,σκορπίου Ὠρίωνα περὶ χθονὸς ἔσχατα φεύγειν.,tlg0653.tlg001.perseus-grc2.xml
Phaenomena,tlg001,1,647,"οὐδὲ μέν, Ἀνδρομέδης καὶ Κήτεος ὅσσʼ ἐλέλειπτο,","οὐδὲ μέν, Ἀνδρομέδης καὶ Κήτεος ὅσσ’ ἐλέλειπτο,",tlg0653.tlg001.perseus-grc2.xml
Phaenomena,tlg001,1,648,"κείνου ἔτʼ ἀντέλλοντος ἀπευθέες, ἀλλʼ ἄρα καὶ τοὶ","κείνου ἔτ’ ἀντέλλοντος ἀπευθέες, ἀλλ’ ἄρα καὶ τοὶ",tlg0653.tlg001.perseus-grc2.xml
Phaenomena,tlg001,1,649,πανσυδίῃ φεύγουσιν. ὁ δὲ ζώνῃ τότε Κηφεὺς,πανσυδίῃ φεύγουσιν. ὁ δὲ ζώνῃ τότε Κηφεὺς,tlg0653.tlg001.perseus-grc2.xml
Phaenomena,tlg001,1,650,"γαῖαν ἐπιξύει, τὰ μὲν ἐς κεφαλὴν μάλα πάντα","γαῖαν ἐπιξύει, τὰ μὲν ἐς κεφαλὴν μάλα πάντα",tlg0653.tlg001.perseus-grc2.xml
Phaenomena,tlg001,1,651,"βάπτων ὠκεανοῖο, τὰ δʼ οὐ θέμις, ἀλλὰ τά γʼ αὐταὶ","βάπτων ὠκεανοῖο, τὰ δ’ οὐ θέμις, ἀλλὰ τά γ’ αὐταὶ",tlg0653.tlg001.perseus-grc2.xml
Phaenomena,tlg001,1,652,"ἄρκτοι κωλύουσι, πόδας καὶ γοῦνα καὶ ἰξύν.","ἄρκτοι κωλύουσι, πόδας καὶ γοῦνα καὶ ἰξύν.",tlg0653.tlg001.perseus-grc2.xml
Phaenomena,tlg001,1,653,ἡ δὲ καὶ αὐτὴ παιδὸς ἐπείγεται εἰδώλοιο,ἡ δὲ καὶ αὐτὴ παιδὸς ἐπείγεται εἰδώλοιο,tlg0653.tlg001.perseus-grc2.xml
Phaenomena,tlg001,1,654,δειλὴ Κασσιέπεια. τὰ δʼ οὐκέτι οἱ κατὰ κόσμον,δειλὴ Κασσιέπεια. τὰ δ’ οὐκέτι οἱ κατὰ κόσμον,tlg0653.tlg001.perseus-grc2.xml
Phaenomena,tlg001,1,655,"φαίνεται ἐκ δίφροιο, πόδες καὶ γούναθʼ ὕπερθεν,","φαίνεται ἐκ δίφροιο, πόδες καὶ γούναθ’ ὕπερθεν,",tlg0653.tlg001.perseus-grc2.xml
Phaenomena,tlg001,1,656,ἀλλʼ ἥ γʼ ἐς κεφαλὴν ἴση δύετʼ ἀρνευτῆρι,ἀλλ’ ἥ γ’ ἐς κεφαλὴν ἴση δύετ’ ἀρνευτῆρι,tlg0653.tlg001.perseus-grc2.xml
Phaenomena,tlg001,1,657,"μειρομένη γονάτων, ἐπεὶ οὐκ ἄρʼ ἔμελλεν ἐκείνη","μειρομένη γονάτων, ἐπεὶ οὐκ ἄρ’ ἔμελλεν ἐκείνη",tlg0653.tlg001.perseus-grc2.xml
Phaenomena,tlg001,1,658,Δωρίδι καὶ Πανόπῃ μεγάλων ἄτερ ἰσώσασθαι.,Δωρίδι καὶ Πανόπῃ μεγάλων ἄτερ ἰσώσασθαι.,tlg0653.tlg001.perseus-grc2.xml
Phaenomena,tlg001,1,659,ἡ μὲν ἄρʼ εἰς ἑτέρην φέρεται· τὰ δὲ νειόθεν ἄλλα,ἡ μὲν ἄρ’ εἰς ἑτέρην φέρεται· τὰ δὲ νειόθεν ἄλλα,tlg0653.tlg001.perseus-grc2.xml
Phaenomena,tlg001,1,660,"οὐρανὸς ἀντιφέρει, Στεφάνοιό τε δεύτερα κύκλα","οὐρανὸς ἀντιφέρει, Στεφάνοιό τε δεύτερα κύκλα",tlg0653.tlg001.perseus-grc2.xml
Phaenomena,tlg001,1,661,"ὕδρης τʼ ἐσχατιήν, φορέει τʼ ἔπι Κενταύροιο","ὕδρης τ’ ἐσχατιήν, φορέει τ’ ἔπι Κενταύροιο",tlg0653.tlg001.perseus-grc2.xml
Phaenomena,tlg001,1,662,δῶμά τε καὶ κεφαλὴν καὶ Θηρίον ὅ ῥʼ ἐνὶ χειρὶ,δῶμά τε καὶ κεφαλὴν καὶ Θηρίον ὅ ῥ’ ἐνὶ χειρὶ,tlg0653.tlg001.perseus-grc2.xml
Phaenomena,tlg001,1,663,δεξιτερῇ Κένταυρος ἔχει. τοὶ δʼ αὖθι μένουσιν,δεξιτερῇ Κένταυρος ἔχει. τοὶ δ’ αὖθι μένουσιν,tlg0653.tlg001.perseus-grc2.xml
Phaenomena,tlg001,1,664,τόξον ἐπερχόμενον πρότεροι πόδες ἱππότα Φηρός.,τόξον ἐπερχόμενον πρότεροι πόδες ἱππότα Φηρός.,tlg0653.tlg001.perseus-grc2.xml
Phaenomena,tlg001,1,665,τόξῳ καὶ σπείρη Ὄφιος καὶ σῶμʼ Ὀφιούχου,τόξῳ καὶ σπείρη Ὄφιος καὶ σῶμ’ Ὀφιούχου,tlg0653.tlg001.perseus-grc2.xml
Phaenomena,tlg001,1,666,ἀντέλλει ἐπιόντι· καρήατα δʼ αὐτὸς ἀγινεῖ,ἀντέλλει ἐπιόντι· καρήατα δ’ αὐτὸς ἀγινεῖ,tlg0653.tlg001.perseus-grc2.xml
Phaenomena,tlg001,1,667,"σκορπίος ἀντέλλων, ἀνάγει δʼ αὐτὰς Ὀφιούχου","σκορπίος ἀντέλλων, ἀνάγει δ’ αὐτὰς Ὀφιούχου",tlg0653.tlg001.perseus-grc2.xml
Phaenomena,tlg001,1,668,χεῖρας καὶ προτέρην Ὄφιος πολυτειρέος ἀγήν.,χεῖρας καὶ προτέρην Ὄφιος πολυτειρέος ἀγήν.,tlg0653.tlg001.perseus-grc2.xml
Phaenomena,tlg001,1,669,"τοῦ γε μὲν Ἐγγόνασιν, περὶ γὰρ τετραμμένος αἰεὶ","τοῦ γε μὲν Ἐγγόνασιν, περὶ γὰρ τετραμμένος αἰεὶ",tlg0653.tlg001.perseus-grc2.xml
Phaenomena,tlg001,1,670,"ἀντέλλει, τότε μὲν περάτης ἐξέρχεται ἄλλα,","ἀντέλλει, τότε μὲν περάτης ἐξέρχεται ἄλλα,",tlg0653.tlg001.perseus-grc2.xml
Phaenomena,tlg001,1,671,γυῖά τε καὶ ζώνη καὶ στήθεα πάντα καὶ ὦμος,γυῖά τε καὶ ζώνη καὶ στήθεα πάντα καὶ ὦμος,tlg0653.tlg001.perseus-grc2.xml
Phaenomena,tlg001,1,672,δεξιτερῇ σὺν χειρί· κάρη δʼ ἑτέρης μετὰ χειρὸς,δεξιτερῇ σὺν χειρί· κάρη δ’ ἑτέρης μετὰ χειρὸς,tlg0653.tlg001.perseus-grc2.xml
Phaenomena,tlg001,1,673,τόξῳ ἀνέρχονται καὶ Τοξότηι ἀντέλλοντι.,τόξῳ ἀνέρχονται καὶ Τοξότηι ἀντέλλοντι.,tlg0653.tlg001.perseus-grc2.xml
Phaenomena,tlg001,1,674,δὐν τοῖς Ἑρμαίη τε Λύρη καὶ στήθεος ἄχρις,δὐν τοῖς Ἑρμαίη τε Λύρη καὶ στήθεος ἄχρις,tlg0653.tlg001.perseus-grc2.xml
Phaenomena,tlg001,1,675,"Κηφεὺς ἠῴου παρελαύνεται ὠκεανοῖο,","Κηφεὺς ἠῴου παρελαύνεται ὠκεανοῖο,",tlg0653.tlg001.perseus-grc2.xml
Phaenomena,tlg001,1,676,ἦμος καὶ μεγάλοιο Κυνὸς πᾶσαι ἀμαρυγαὶ,ἦμος καὶ μεγάλοιο Κυνὸς πᾶσαι ἀμαρυγαὶ,tlg0653.tlg001.perseus-grc2.xml
Phaenomena,tlg001,1,677,"δύνουσιν, καὶ πάντα κατέρχεται Ὠρίωνος,","δύνουσιν, καὶ πάντα κατέρχεται Ὠρίωνος,",tlg0653.tlg001.perseus-grc2.xml
Phaenomena,tlg001,1,678,πάντα γε μὴν ἀτέλεστα διωκομένοιο Λαγωοῦ.,πάντα γε μὴν ἀτέλεστα διωκομένοιο Λαγωοῦ.,tlg0653.tlg001.perseus-grc2.xml
Phaenomena,tlg001,1,679,ἀλλʼ οὐχ Ἡνιόχῳ Ἔριφοι οὐδʼ Ὠλενίη Αἲξ,ἀλλ’ οὐχ Ἡνιόχῳ Ἔριφοι οὐδ’ Ὠλενίη Αἲξ,tlg0653.tlg001.perseus-grc2.xml
Phaenomena,tlg001,1,680,εὐθὺς ἀπέρχονται· τὰ δέ οἱ μεγάλην ἀνὰ χεῖρα,εὐθὺς ἀπέρχονται· τὰ δέ οἱ μεγάλην ἀνὰ χεῖρα,tlg0653.tlg001.perseus-grc2.xml
Phaenomena,tlg001,1,681,"λάμπονται, καί οἱ μελέων διακέκριται ἄλλων","λάμπονται, καί οἱ μελέων διακέκριται ἄλλων",tlg0653.tlg001.perseus-grc2.xml
Phaenomena,tlg001,1,682,κινῆσαι χειμῶνας ὅτʼ ἠελίῳ συνίωσιν.,κινῆσαι χειμῶνας ὅτ’ ἠελίῳ συνίωσιν.,tlg0653.tlg001.perseus-grc2.xml
Phaenomena,tlg001,1,683,"Ἀλλὰ τὰ μὲν, κεφαλήν τε καὶ ἄλλην χεῖρα καὶ ἰξύν,","Ἀλλὰ τὰ μὲν, κεφαλήν τε καὶ ἄλλην χεῖρα καὶ ἰξύν,",tlg0653.tlg001.perseus-grc2.xml
Phaenomena,tlg001,1,684,αἰγόκερως ἀνιὼν κατάγει· τὰ δὲ νείατα πάντα,αἰγόκερως ἀνιὼν κατάγει· τὰ δὲ νείατα πάντα,tlg0653.tlg001.perseus-grc2.xml
Phaenomena,tlg001,1,685,αὐτῷ Τοξευτῆρι κατέρχεται. οὐδέ τι Περσεὺς,αὐτῷ Τοξευτῆρι κατέρχεται. οὐδέ τι Περσεὺς,tlg0653.tlg001.perseus-grc2.xml
Phaenomena,tlg001,1,686,οὐδέ τι ἄκρα κόρυμβα μένει πολυτείρεος Ἀργοῦς·,οὐδέ τι ἄκρα κόρυμβα μένει πολυτείρεος Ἀργοῦς·,tlg0653.tlg001.perseus-grc2.xml
Phaenomena,tlg001,1,687,ἀλλʼ ἤτοι Περσεὺς μὲν ἄτερ γουνός τε ποδός τε,ἀλλ’ ἤτοι Περσεὺς μὲν ἄτερ γουνός τε ποδός τε,tlg0653.tlg001.perseus-grc2.xml
Phaenomena,tlg001,1,688,"δεξιτεροῦ δύεται, πρύμνης δʼ ὅσον ἐς περιαγήν·","δεξιτεροῦ δύεται, πρύμνης δ’ ὅσον ἐς περιαγήν·",tlg0653.tlg001.perseus-grc2.xml
Phaenomena,tlg001,1,689,"αὐτὴ δʼ Αἰγοκερῆϊ κατέρχεται ἀντέλλοντι,","αὐτὴ δ’ Αἰγοκερῆϊ κατέρχεται ἀντέλλοντι,",tlg0653.tlg001.perseus-grc2.xml
Phaenomena,tlg001,1,690,"ἦμος καὶ Προκύων δύεται, τὰ δʼ ἀνέρχεται· ἄλλα,","ἦμος καὶ Προκύων δύεται, τὰ δ’ ἀνέρχεται· ἄλλα,",tlg0653.tlg001.perseus-grc2.xml
Phaenomena,tlg001,1,691,ὄρνις τʼ Αἰητός τε τά τε πτερόεντος Ὀϊστοῦ,ὄρνις τ’ Αἰητός τε τά τε πτερόεντος Ὀϊστοῦ,tlg0653.tlg001.perseus-grc2.xml
Phaenomena,tlg001,1,692,τείρεα καὶ νοτίοιο Θυτηρίου ἱερὸς ἕδρη.,τείρεα καὶ νοτίοιο Θυτηρίου ἱερὸς ἕδρη.,tlg0653.tlg001.perseus-grc2.xml
Phaenomena,tlg001,1,693,ἵππος δʼ Ὑδροχόοιο νέον περιτελλομένοιο,ἵππος δ’ Ὑδροχόοιο νέον περιτελλομένοιο,tlg0653.tlg001.perseus-grc2.xml
Phaenomena,tlg001,1,694,ποσσί τε καὶ κεφαλῇ ἀνελίσσεται· ἀντία δʼ Ἵππου,ποσσί τε καὶ κεφαλῇ ἀνελίσσεται· ἀντία δ’ Ἵππου,tlg0653.tlg001.perseus-grc2.xml
Phaenomena,tlg001,1,695,ἐξ οὐρῆς Κένταυρον ἐφέλκεται ἀστερίη Νύξ.,ἐξ οὐρῆς Κένταυρον ἐφέλκεται ἀστερίη Νύξ.,tlg0653.tlg001.perseus-grc2.xml
Phaenomena,tlg001,1,696,ἀλλʼ οὔ οἱ δύναται κεφαλὴν οὐδʼ εὐρέας ὤμους,ἀλλ’ οὔ οἱ δύναται κεφαλὴν οὐδ’ εὐρέας ὤμους,tlg0653.tlg001.perseus-grc2.xml
Phaenomena,tlg001,1,697,αὐτῷ σὺν θώρηκι χαδεῖν. ἀλλʼ αἴθοπος Ὕδρης,αὐτῷ σὺν θώρηκι χαδεῖν. ἀλλ’ αἴθοπος Ὕδρης,tlg0653.tlg001.perseus-grc2.xml
Phaenomena,tlg001,1,698,αὐχενίην κατάγει σπείρην καὶ πάντα μέτωπα.,αὐχενίην κατάγει σπείρην καὶ πάντα μέτωπα.,tlg0653.tlg001.perseus-grc2.xml
Phaenomena,tlg001,1,699,ἡ δὲ καὶ ἐξόπιθεν πολλὴ μένει· ἀλλʼ ἄρα καὶ τὴν,ἡ δὲ καὶ ἐξόπιθεν πολλὴ μένει· ἀλλ’ ἄρα καὶ τὴν,tlg0653.tlg001.perseus-grc2.xml
Phaenomena,tlg001,1,700,"αὐτῷ Κενταύρῳ, ὁπότʼ ἰχθύες ἀντέλλωσιν,","αὐτῷ Κενταύρῳ, ὁπότ’ ἰχθύες ἀντέλλωσιν,",tlg0653.tlg001.perseus-grc2.xml
Phaenomena,tlg001,1,701,ἀθρόον ἐμφέρεται. ὁ δʼ ἐπʼ Ἰχθύσιν ἔρχεται Ἰχθὺς,ἀθρόον ἐμφέρεται. ὁ δ’ ἐπ’ Ἰχθύσιν ἔρχεται Ἰχθὺς,tlg0653.tlg001.perseus-grc2.xml
Phaenomena,tlg001,1,702,"αὐτῷ κυανέῳ ὑποκείμενος Αἰγοκερῆϊ,","αὐτῷ κυανέῳ ὑποκείμενος Αἰγοκερῆϊ,",tlg0653.tlg001.perseus-grc2.xml
Phaenomena,tlg001,1,703,"οὐ μὲν ἄδην, ὀλίγον δὲ δυωδεκάδʼ ἀμμένει ἄλλην.","οὐ μὲν ἄδην, ὀλίγον δὲ δυωδεκάδ’ ἀμμένει ἄλλην.",tlg0653.tlg001.perseus-grc2.xml
Phaenomena,tlg001,1,704,οὕτω καὶ μογεραὶ χεῖρες καὶ γοῦνα καὶ ὦμοι,οὕτω καὶ μογεραὶ χεῖρες καὶ γοῦνα καὶ ὦμοι,tlg0653.tlg001.perseus-grc2.xml
Phaenomena,tlg001,1,705,"Ἀνδρομέδης δίχα πάντα, τὰ μὲν πάρος, ἄλλα δʼ ὀπίσσω,","Ἀνδρομέδης δίχα πάντα, τὰ μὲν πάρος, ἄλλα δ’ ὀπίσσω,",tlg0653.tlg001.perseus-grc2.xml
Phaenomena,tlg001,1,706,"τείνεται, ὠκεανοῖο νέον ὁπότε προγένωνται","τείνεται, ὠκεανοῖο νέον ὁπότε προγένωνται",tlg0653.tlg001.perseus-grc2.xml
Phaenomena,tlg001,1,707,Ἰχθύες ἀμφότεροι. τά μέν οἱ κατὰ δεξιὰ χειρὸς,Ἰχθύες ἀμφότεροι. τά μέν οἱ κατὰ δεξιὰ χειρὸς,tlg0653.tlg001.perseus-grc2.xml
Phaenomena,tlg001,1,708,"αὐτοὶ ἐφέλκονται, τὰ δʼ ἀριστερὰ νεόθεν ἕλκει","αὐτοὶ ἐφέλκονται, τὰ δ’ ἀριστερὰ νεόθεν ἕλκει",tlg0653.tlg001.perseus-grc2.xml
Phaenomena,tlg001,1,709,κριός ἀνερχόμενος. τοῦ καὶ περιτελλομένοιο,κριός ἀνερχόμενος. τοῦ καὶ περιτελλομένοιο,tlg0653.tlg001.perseus-grc2.xml
Phaenomena,tlg001,1,710,ἐσπερόθεν κεν ἴδοιο Θυτήριον· αὐτὰρ ἐν ἄλλῃ,ἐσπερόθεν κεν ἴδοιο Θυτήριον· αὐτὰρ ἐν ἄλλῃ,tlg0653.tlg001.perseus-grc2.xml
Phaenomena,tlg001,1,711,Περσέος ἀντέλλοντος ὅσον κεφαλήν τε καὶ ὤμους.,Περσέος ἀντέλλοντος ὅσον κεφαλήν τε καὶ ὤμους.,tlg0653.tlg001.perseus-grc2.xml
Phaenomena,tlg001,1,712,αὐτὴ δὲ ζώνη καί κʼ ἀμφήριστα πέλοιτο,αὐτὴ δὲ ζώνη καί κ’ ἀμφήριστα πέλοιτο,tlg0653.tlg001.perseus-grc2.xml
Phaenomena,tlg001,1,713,"ἢ Κριῷ λήγοντι φαείνεται ἢ ἐπὶ ταύρωι,","ἢ Κριῷ λήγοντι φαείνεται ἢ ἐπὶ ταύρωι,",tlg0653.tlg001.perseus-grc2.xml
Phaenomena,tlg001,1,714,σὺν τῷ πανσυδίῃ ἀνελίσσεται. οὐδʼ ὅ γε Ταύρου,σὺν τῷ πανσυδίῃ ἀνελίσσεται. οὐδ’ ὅ γε Ταύρου,tlg0653.tlg001.perseus-grc2.xml
Phaenomena,tlg001,1,715,"λείπεται ἀντέλλοντος, ἐπεὶ μάλα οἱ συναρηρὼς","λείπεται ἀντέλλοντος, ἐπεὶ μάλα οἱ συναρηρὼς",tlg0653.tlg001.perseus-grc2.xml
Phaenomena,tlg001,1,716,Ἡνίοχος φέρεται· μοίρῃ γε μὲν οὐκ ἐπὶ ταύτῃ,Ἡνίοχος φέρεται· μοίρῃ γε μὲν οὐκ ἐπὶ ταύτῃ,tlg0653.tlg001.perseus-grc2.xml
Phaenomena,tlg001,1,717,"ἀθρόος ἀντέλλει, Δίδυμοι δέ μιν οὖλον ἄγουσιν.","ἀθρόος ἀντέλλει, Δίδυμοι δέ μιν οὖλον ἄγουσιν.",tlg0653.tlg001.perseus-grc2.xml
Phaenomena,tlg001,1,718,ἀλλʼ Ἔριφοι λαιοῦ τε θέναρ ποδὸς Αἰγὶ σὺν αὐτῇ,ἀλλ’ Ἔριφοι λαιοῦ τε θέναρ ποδὸς Αἰγὶ σὺν αὐτῇ,tlg0653.tlg001.perseus-grc2.xml
Phaenomena,tlg001,1,719,"Ταύρῳ συμφορέονται, ὅτε λοφίη τε καὶ οὐρὴ","Ταύρῳ συμφορέονται, ὅτε λοφίη τε καὶ οὐρὴ",tlg0653.tlg001.perseus-grc2.xml
Phaenomena,tlg001,1,720,κήτεος αἰθερίοιο περαιόθεν ἀντέλλωσιν.,κήτεος αἰθερίοιο περαιόθεν ἀντέλλωσιν.,tlg0653.tlg001.perseus-grc2.xml
Phaenomena,tlg001,1,721,δύνει δʼ Ἀρκτοφύλαξ ἤδη πρώτῃ τότε μοίρῃ,δύνει δ’ Ἀρκτοφύλαξ ἤδη πρώτῃ τότε μοίρῃ,tlg0653.tlg001.perseus-grc2.xml
Phaenomena,tlg001,1,722,"τάων, αἳ πίσυρές μιν ἄτερ χειρὸς κατάγουσιν","τάων, αἳ πίσυρές μιν ἄτερ χειρὸς κατάγουσιν",tlg0653.tlg001.perseus-grc2.xml
Phaenomena,tlg001,1,723,λαιῆς· ἡ δʼ αὐτῷ μεγάλῃ ὑποτέλλεται Ἄρκτῳ.,λαιῆς· ἡ δ’ αὐτῷ μεγάλῃ ὑποτέλλεται Ἄρκτῳ.,tlg0653.tlg001.perseus-grc2.xml
Phaenomena,tlg001,1,724,"Ἀμφότεροι δὲ πόδες καταδυομένου Ὀφιούχου,","Ἀμφότεροι δὲ πόδες καταδυομένου Ὀφιούχου,",tlg0653.tlg001.perseus-grc2.xml
Phaenomena,tlg001,1,725,"μέσφʼ αὐτῶν γονάτων, διδύμοις ἔπι σῆμα τετύχθω","μέσφ’ αὐτῶν γονάτων, διδύμοις ἔπι σῆμα τετύχθω",tlg0653.tlg001.perseus-grc2.xml
Phaenomena,tlg001,1,726,ἐξ ἑτέρης ἀνιοῦσι. τότʼ οὐκέτι Κήτεος οὐδὲν,ἐξ ἑτέρης ἀνιοῦσι. τότ’ οὐκέτι Κήτεος οὐδὲν,tlg0653.tlg001.perseus-grc2.xml
Phaenomena,tlg001,1,727,"ἕλκεται ἀμφοτέρωθεν, ὅλον δέ μιν ὄψεαι ἤδη.","ἕλκεται ἀμφοτέρωθεν, ὅλον δέ μιν ὄψεαι ἤδη.",tlg0653.tlg001.perseus-grc2.xml
Phaenomena,tlg001,1,728,ἤδη καὶ Ποταμοῦ πρώτην ἁλὸς ἐξανιοῦσαν,ἤδη καὶ Ποταμοῦ πρώτην ἁλὸς ἐξανιοῦσαν,tlg0653.tlg001.perseus-grc2.xml
Phaenomena,tlg001,1,729,"ἀγὴν ἐν καθαρῷ πελάγει σκέψαιτό κε ναύτης,","ἀγὴν ἐν καθαρῷ πελάγει σκέψαιτό κε ναύτης,",tlg0653.tlg001.perseus-grc2.xml
Phaenomena,tlg001,1,730,"αὐτὸν ἐπʼ Ὠρίωνα μένων, εἴ οἵ ποθι σῆμα","αὐτὸν ἐπ’ Ὠρίωνα μένων, εἴ οἵ ποθι σῆμα",tlg0653.tlg001.perseus-grc2.xml
Phaenomena,tlg001,1,731,ἢ νυκτὸς μέτρων ἠὲ πλόου ἀγγείλειεν.,ἢ νυκτὸς μέτρων ἠὲ πλόου ἀγγείλειεν.,tlg0653.tlg001.perseus-grc2.xml
Phaenomena,tlg001,1,732,πάντη γὰρ τά γε πολλὰ θεοὶ ἄνδρεσσι λέγουσιν.,πάντη γὰρ τά γε πολλὰ θεοὶ ἄνδρεσσι λέγουσιν.,tlg0653.tlg001.perseus-grc2.xml
Phaenomena,tlg001,1,733,οὐχ ὁράᾳς; ὀλίγη μὲν ὅταν κεράεσσι σελήνη,οὐχ ὁράᾳς; ὀλίγη μὲν ὅταν κεράεσσι σελήνη,tlg0653.tlg001.perseus-grc2.xml
Phaenomena,tlg001,1,734,"ἑσπερόθεν φαίνηται, ἀεξομένοιο διδάσκει","ἑσπερόθεν φαίνηται, ἀεξομένοιο διδάσκει",tlg0653.tlg001.perseus-grc2.xml
Phaenomena,tlg001,1,735,"μηνός· ὅτε πρώτη ἀποκίδναται αὐτόθεν αὐγή,","μηνός· ὅτε πρώτη ἀποκίδναται αὐτόθεν αὐγή,",tlg0653.tlg001.perseus-grc2.xml
Phaenomena,tlg001,1,736,"ὅσσον ἐπισκιάειν, ἐπὶ τέτρατον ἦμαρ ἰοῦσα·","ὅσσον ἐπισκιάειν, ἐπὶ τέτρατον ἦμαρ ἰοῦσα·",tlg0653.tlg001.perseus-grc2.xml
Phaenomena,tlg001,1,737,ὀκτὼ δʼ ἐν διχάσει· διχόμηνα δὲ παντὶ προσώπῳ.,ὀκτὼ δ’ ἐν διχάσει· διχόμηνα δὲ παντὶ προσώπῳ.,tlg0653.tlg001.perseus-grc2.xml
Phaenomena,tlg001,1,738,αἰεὶ δʼ ἄλλοθεν ἄλλα παρακλίνουσα μέτωπα,αἰεὶ δ’ ἄλλοθεν ἄλλα παρακλίνουσα μέτωπα,tlg0653.tlg001.perseus-grc2.xml
Phaenomena,tlg001,1,739,εἴρει ὁποσταίη μηνὸς περιτέλλεται ἠώς.,εἴρει ὁποσταίη μηνὸς περιτέλλεται ἠώς.,tlg0653.tlg001.perseus-grc2.xml
Phaenomena,tlg001,1,740,ἄκρα γε μὴν νυκτῶν κεῖναι δυοκαίδεκα μοῖραι,ἄκρα γε μὴν νυκτῶν κεῖναι δυοκαίδεκα μοῖραι,tlg0653.tlg001.perseus-grc2.xml
Phaenomena,tlg001,1,741,"ἄρκιαι ἐξειπεῖν. τὰ δέ που μέγαν εἰς ἐνιαυτόν,","ἄρκιαι ἐξειπεῖν. τὰ δέ που μέγαν εἰς ἐνιαυτόν,",tlg0653.tlg001.perseus-grc2.xml
Phaenomena,tlg001,1,742,"ὥρη μέν τʼ ἀρόσαι νειούς, ὥρη δὲ φυτεῦσαι,","ὥρη μέν τ’ ἀρόσαι νειούς, ὥρη δὲ φυτεῦσαι,",tlg0653.tlg001.perseus-grc2.xml
Phaenomena,tlg001,1,743,ἐκ Διὸς ἤδη πάντα πεφασμένα πάντοθι κεῖται.,ἐκ Διὸς ἤδη πάντα πεφασμένα πάντοθι κεῖται.,tlg0653.tlg001.perseus-grc2.xml
Phaenomena,tlg001,1,744,καὶ μέν τις καὶ νηῒ πολυκλύστου χειμῶνος,καὶ μέν τις καὶ νηῒ πολυκλύστου χειμῶνος,tlg0653.tlg001.perseus-grc2.xml
Phaenomena,tlg001,1,745,ἐφράσατʼ ἢ δεινοῦ μεμνημένος Ἀρκτούροιο,ἐφράσατ’ ἢ δεινοῦ μεμνημένος Ἀρκτούροιο,tlg0653.tlg001.perseus-grc2.xml
Phaenomena,tlg001,1,746,"ἠέ τεων ἄλλων, οἵ τʼ ὠκεανοῦ ἀρύονται","ἠέ τεων ἄλλων, οἵ τ’ ὠκεανοῦ ἀρύονται",tlg0653.tlg001.perseus-grc2.xml
Phaenomena,tlg001,1,747,"ἀστέρες ἀμφιλύκης, οἵ τε πρώτης ἔτι νυκτός.","ἀστέρες ἀμφιλύκης, οἵ τε πρώτης ἔτι νυκτός.",tlg0653.tlg001.perseus-grc2.xml
Phaenomena,tlg001,1,748,ἤτοι γὰρ τοὺς πάντας ἀμείβεται εἰς ἐνιαυτὸν,ἤτοι γὰρ τοὺς πάντας ἀμείβεται εἰς ἐνιαυτὸν,tlg0653.tlg001.perseus-grc2.xml
Phaenomena,tlg001,1,749,"ἠέλιος μέγαν ὄγμον ἐλαύνων, ἄλλοτε δʼ ἄλλῳ","ἠέλιος μέγαν ὄγμον ἐλαύνων, ἄλλοτε δ’ ἄλλῳ",tlg0653.tlg001.perseus-grc2.xml
Phaenomena,tlg001,1,750,"ἐμπλήσει, τοτὲ μέν τʼ ἀνιὼν τοτὲ δʼ αὐτίκα δύνων·","ἐμπλήσει, τοτὲ μέν τ’ ἀνιὼν τοτὲ δ’ αὐτίκα δύνων·",tlg0653.tlg001.perseus-grc2.xml
Phaenomena,tlg001,1,751,ἄλλος δʼ ἀλλοίην ἀστὴρ ἐπιδέρκεται ἠῶ.,ἄλλος δ’ ἀλλοίην ἀστὴρ ἐπιδέρκεται ἠῶ.,tlg0653.tlg001.perseus-grc2.xml
Phaenomena,tlg001,1,752,"γινώσκεις τάδε καὶ σύ, τὰ γὰρ συναείδεται ἤδη","γινώσκεις τάδε καὶ σύ, τὰ γὰρ συναείδεται ἤδη",tlg0653.tlg001.perseus-grc2.xml
Phaenomena,tlg001,1,753,"ἐννεακαίδεκα κύκλα φαεινοῦ ἠελίοιο,","ἐννεακαίδεκα κύκλα φαεινοῦ ἠελίοιο,",tlg0653.tlg001.perseus-grc2.xml
Phaenomena,tlg001,1,754,ὅσσα τʼ ἀπὸ ζώνης εἰς ἔσχατον Ὠρίωνα,ὅσσα τ’ ἀπὸ ζώνης εἰς ἔσχατον Ὠρίωνα,tlg0653.tlg001.perseus-grc2.xml
Phaenomena,tlg001,1,755,"νὺξ ἐπιδινεῖται Κύνα τε θρασὺν Ὠρίωνος,","νὺξ ἐπιδινεῖται Κύνα τε θρασὺν Ὠρίωνος,",tlg0653.tlg001.perseus-grc2.xml
Phaenomena,tlg001,1,756,οἵ τε Ποσειδάωνος ὁρώμενοι ἢ Διὸς αὐτοῦ,οἵ τε Ποσειδάωνος ὁρώμενοι ἢ Διὸς αὐτοῦ,tlg0653.tlg001.perseus-grc2.xml
Phaenomena,tlg001,1,757,ἀστέρες ἀνθρώποισι τετυγμένα σημαίνουσιν.,ἀστέρες ἀνθρώποισι τετυγμένα σημαίνουσιν.,tlg0653.tlg001.perseus-grc2.xml
Phaenomena,tlg001,1,758,"τῶ κείνων πεπόνησο· μέλοι δέ τοι, εἴ ποτε νηῒ","τῶ κείνων πεπόνησο· μέλοι δέ τοι, εἴ ποτε νηῒ",tlg0653.tlg001.perseus-grc2.xml
Phaenomena,tlg001,1,759,"πιστεύεις, εὑρεῖν ὅσα που κεχρημένα κεῖται","πιστεύεις, εὑρεῖν ὅσα που κεχρημένα κεῖται",tlg0653.tlg001.perseus-grc2.xml
Phaenomena,tlg001,1,760,σήματα χειμερίοις ἀνέμοις ἢ λαίλαπι πόντου.,σήματα χειμερίοις ἀνέμοις ἢ λαίλαπι πόντου.,tlg0653.tlg001.perseus-grc2.xml
Phaenomena,tlg001,1,761,"μόχθος μέν τʼ ὀλίγος, τὸ δὲ μυρίον αὺτίκʼ ὄνειαρ","μόχθος μέν τ’ ὀλίγος, τὸ δὲ μυρίον αὺτίκ’ ὄνειαρ",tlg0653.tlg001.perseus-grc2.xml
Phaenomena,tlg001,1,762,γίνετʼ ἐπιφροσύνης αἰεὶ πεφυλαγμένῳ ἀνδρί.,γίνετ’ ἐπιφροσύνης αἰεὶ πεφυλαγμένῳ ἀνδρί.,tlg0653.tlg001.perseus-grc2.xml
Phaenomena,tlg001,1,763,"αὐτὸς μὲν τὰ πρῶτα σαώτερος, εὖ δὲ καὶ ἄλλον","αὐτὸς μὲν τὰ πρῶτα σαώτερος, εὖ δὲ καὶ ἄλλον",tlg0653.tlg001.perseus-grc2.xml
Phaenomena,tlg001,1,764,"παρειπὼν ὤνησεν, ὅτʼ ἐγγύθεν ὤρορε χειμών.","παρειπὼν ὤνησεν, ὅτ’ ἐγγύθεν ὤρορε χειμών.",tlg0653.tlg001.perseus-grc2.xml
Phaenomena,tlg001,1,765,πολλάκι γὰρ καί τίς τε γαληναίῃ ὑπὸ νυκτὶ,πολλάκι γὰρ καί τίς τε γαληναίῃ ὑπὸ νυκτὶ,tlg0653.tlg001.perseus-grc2.xml
Phaenomena,tlg001,1,766,νῆα περιστέλλει πεφοβημένος ἦρι θαλάσσης·,νῆα περιστέλλει πεφοβημένος ἦρι θαλάσσης·,tlg0653.tlg001.perseus-grc2.xml
Phaenomena,tlg001,1,767,"ἄλλοτε δὲ τρίτον ἦμαρ ἐπιτρέχει, ἄλλοτε τέμπτον,","ἄλλοτε δὲ τρίτον ἦμαρ ἐπιτρέχει, ἄλλοτε τέμπτον,",tlg0653.tlg001.perseus-grc2.xml
Phaenomena,tlg001,1,768,ἄλλοτε δʼ ἀπρόφατον κακὸν ἵκετο· πάντα γὰρ οὔπω,ἄλλοτε δ’ ἀπρόφατον κακὸν ἵκετο· πάντα γὰρ οὔπω,tlg0653.tlg001.perseus-grc2.xml
Phaenomena,tlg001,1,769,"ἐκ Διὸς ἄνθρωποι γινώσκομεν, ἀλλʼ ἔτι πολλὰ","ἐκ Διὸς ἄνθρωποι γινώσκομεν, ἀλλ’ ἔτι πολλὰ",tlg0653.tlg001.perseus-grc2.xml
Phaenomena,tlg001,1,770,"κέκπυπται, τῶν αἴ κε θέλῃ καὶ ἐσαυτίκα δώσει","κέκπυπται, τῶν αἴ κε θέλῃ καὶ ἐσαυτίκα δώσει",tlg0653.tlg001.perseus-grc2.xml
Phaenomena,tlg001,1,771,"Ζεύς· ὁ γὰρ οὖν γενεὴν ἀνδρῶν ἀναφανδὸν ὀφέλλει,","Ζεύς· ὁ γὰρ οὖν γενεὴν ἀνδρῶν ἀναφανδὸν ὀφέλλει,",tlg0653.tlg001.perseus-grc2.xml
Phaenomena,tlg001,1,772,"πάντοθεν εἰδόμενος, πάντη δʼ ὅ γε σήματα φαίνων.","πάντοθεν εἰδόμενος, πάντη δ’ ὅ γε σήματα φαίνων.",tlg0653.tlg001.perseus-grc2.xml
Phaenomena,tlg001,1,773,ἄλλα δέ τοι ἐρέει ἤπου διχόωσα σελήνη,ἄλλα δέ τοι ἐρέει ἤπου διχόωσα σελήνη,tlg0653.tlg001.perseus-grc2.xml
Phaenomena,tlg001,1,774,πληθύος ἀμφοτέρωθεν ἢ αὐτίκα πεπληθυῖα·,πληθύος ἀμφοτέρωθεν ἢ αὐτίκα πεπληθυῖα·,tlg0653.tlg001.perseus-grc2.xml
Phaenomena,tlg001,1,775,"ἄλλα δʼ ἀνερχόμενος, τοτὲ δʼ ἄκρῃ νυκτὶ κελεύων","ἄλλα δ’ ἀνερχόμενος, τοτὲ δ’ ἄκρῃ νυκτὶ κελεύων",tlg0653.tlg001.perseus-grc2.xml
Phaenomena,tlg001,1,776,ἠέλιος· τὰ δέ τοι καὶ ἀπʼ ἄλλων ἔσσεται ἄλλα,ἠέλιος· τὰ δέ τοι καὶ ἀπ’ ἄλλων ἔσσεται ἄλλα,tlg0653.tlg001.perseus-grc2.xml
Phaenomena,tlg001,1,777,σήματα καὶ περὶ νυκτὶ καὶ ἤματι ποιήσασθαι.,σήματα καὶ περὶ νυκτὶ καὶ ἤματι ποιήσασθαι.,tlg0653.tlg001.perseus-grc2.xml
Phaenomena,tlg001,1,778,σκέπτεο δέ πρῶτον κεράων ἑκάτερθε σελήνην.,σκέπτεο δέ πρῶτον κεράων ἑκάτερθε σελήνην.,tlg0653.tlg001.perseus-grc2.xml
Phaenomena,tlg001,1,779,"ἄλλοτε γάρ τʼ ἄλλῃ μιν ἐπιγράφει ἕσπερος αἴγλῃ,","ἄλλοτε γάρ τ’ ἄλλῃ μιν ἐπιγράφει ἕσπερος αἴγλῃ,",tlg0653.tlg001.perseus-grc2.xml
Phaenomena,tlg001,1,780,ἄλλοτε δʼ ἀλλοῖαι μορφαὶ κερόωσι σελήνην,ἄλλοτε δ’ ἀλλοῖαι μορφαὶ κερόωσι σελήνην,tlg0653.tlg001.perseus-grc2.xml
Phaenomena,tlg001,1,781,"εὐθὺς ἀεξομένην, αἱ μὲν τρίτῃ, αἱ δὲ τετάρτῃ·","εὐθὺς ἀεξομένην, αἱ μὲν τρίτῃ, αἱ δὲ τετάρτῃ·",tlg0653.tlg001.perseus-grc2.xml
Phaenomena,tlg001,1,782,τάων καὶ πεπὶ μηνὸς ἐφεσταότος κε πύθοιο.,τάων καὶ πεπὶ μηνὸς ἐφεσταότος κε πύθοιο.,tlg0653.tlg001.perseus-grc2.xml
Phaenomena,tlg001,1,783,λεπτὴ μὲν καθαρή τε περὶ τρίτον ἦμαρ ἐοῦσα,λεπτὴ μὲν καθαρή τε περὶ τρίτον ἦμαρ ἐοῦσα,tlg0653.tlg001.perseus-grc2.xml
Phaenomena,tlg001,1,784,εὔδιός κʼ εἴη· λεπτὴ δὲ καὶ εὖ μάλʼ ἐρευθὴς,εὔδιός κ’ εἴη· λεπτὴ δὲ καὶ εὖ μάλ’ ἐρευθὴς,tlg0653.tlg001.perseus-grc2.xml
Phaenomena,tlg001,1,785,πνευματίη· παχίων δέ καὶ ἀμβλείῃσι κεραίαις,πνευματίη· παχίων δέ καὶ ἀμβλείῃσι κεραίαις,tlg0653.tlg001.perseus-grc2.xml
Phaenomena,tlg001,1,786,τέτρατον ἐκ τριτάτοιο φόως ἀμενηνὸν ἔχουσα,τέτρατον ἐκ τριτάτοιο φόως ἀμενηνὸν ἔχουσα,tlg0653.tlg001.perseus-grc2.xml
Phaenomena,tlg001,1,787,ἤ νότῳ ἄμβλυνται ἢ ὕδατος ἐγγὺς ἐόντος.,ἤ νότῳ ἄμβλυνται ἢ ὕδατος ἐγγὺς ἐόντος.,tlg0653.tlg001.perseus-grc2.xml
Phaenomena,tlg001,1,788,"εἰ δέ κʼ ἀπʼ ἀμφοτέρων κεράων, τρίτον ἦμαρ ἄγουσα,","εἰ δέ κ’ ἀπ’ ἀμφοτέρων κεράων, τρίτον ἦμαρ ἄγουσα,",tlg0653.tlg001.perseus-grc2.xml
Phaenomena,tlg001,1,789,"μήτʼ ἐπινευστάζῃ μήθʼ ὑπτιόωσα φαείνῃ,","μήτ’ ἐπινευστάζῃ μήθ’ ὑπτιόωσα φαείνῃ,",tlg0653.tlg001.perseus-grc2.xml
Phaenomena,tlg001,1,790,"ἀλλʼ ὀρθαὶ ἑκάτερθε περιγνάμπτωσι κεραῖαι,","ἀλλ’ ὀρθαὶ ἑκάτερθε περιγνάμπτωσι κεραῖαι,",tlg0653.tlg001.perseus-grc2.xml
Phaenomena,tlg001,1,791,ἑσπέριοί κʼ ἄνεμοι κείνην μετὰ νύκτα φέροιντο.,ἑσπέριοί κ’ ἄνεμοι κείνην μετὰ νύκτα φέροιντο.,tlg0653.tlg001.perseus-grc2.xml
Phaenomena,tlg001,1,792,"εἰ δʼ αὕτως ὀρθὴ καὶ τέτρατον ἦμαρ ἀγινεῖ,","εἰ δ’ αὕτως ὀρθὴ καὶ τέτρατον ἦμαρ ἀγινεῖ,",tlg0653.tlg001.perseus-grc2.xml
Phaenomena,tlg001,1,793,ἦ τʼ ἄν χειμῶνος συναγειρομένοιο διδάσκοι.,ἦ τ’ ἄν χειμῶνος συναγειρομένοιο διδάσκοι.,tlg0653.tlg001.perseus-grc2.xml
Phaenomena,tlg001,1,794,"εἰ δέ κέ οἱ κεράων τὸ μετήορον εὖ ἐπινεύῃ,","εἰ δέ κέ οἱ κεράων τὸ μετήορον εὖ ἐπινεύῃ,",tlg0653.tlg001.perseus-grc2.xml
Phaenomena,tlg001,1,795,"δειδέχθαι βορέω· ὅτε δʼ ὑπτιάῃσι, νότοιο.","δειδέχθαι βορέω· ὅτε δ’ ὑπτιάῃσι, νότοιο.",tlg0653.tlg001.perseus-grc2.xml
Phaenomena,tlg001,1,796,αὐτὰρ ἐπὴν τριτόωσαν ὅλος περὶ κύκλος ἑλίσσῃ,αὐτὰρ ἐπὴν τριτόωσαν ὅλος περὶ κύκλος ἑλίσσῃ,tlg0653.tlg001.perseus-grc2.xml
Phaenomena,tlg001,1,797,"πάντη ἐρευθόμενος, μάλα κεν τότε χείμερος εἴη·","πάντη ἐρευθόμενος, μάλα κεν τότε χείμερος εἴη·",tlg0653.tlg001.perseus-grc2.xml
Phaenomena,tlg001,1,798,μείζονι δʼ ἂν χειμῶνι πυρώτερα φοινίσσοιτο.,μείζονι δ’ ἂν χειμῶνι πυρώτερα φοινίσσοιτο.,tlg0653.tlg001.perseus-grc2.xml
Phaenomena,tlg001,1,799,"σκέπτεο δʼ ἐς πληθύν τε καὶ ἀμφότερον διχόωσαν,","σκέπτεο δ’ ἐς πληθύν τε καὶ ἀμφότερον διχόωσαν,",tlg0653.tlg001.perseus-grc2.xml
Phaenomena,tlg001,1,800,"ἠμὲν ἀεξομένην ἠδʼ ἐς κέρας αὖθις ἰοῦσαν,","ἠμὲν ἀεξομένην ἠδ’ ἐς κέρας αὖθις ἰοῦσαν,",tlg0653.tlg001.perseus-grc2.xml
Phaenomena,tlg001,1,801,καί οἱ ἐπὶ χροιῇ τεκμαίρεο μηνὸς ἑκάστου.,καί οἱ ἐπὶ χροιῇ τεκμαίρεο μηνὸς ἑκάστου.,tlg0653.tlg001.perseus-grc2.xml
Phaenomena,tlg001,1,802,πάντη γὰρ καθαρῇ κε μάλʼ εὔδια τεκμήραιο·,πάντη γὰρ καθαρῇ κε μάλ’ εὔδια τεκμήραιο·,tlg0653.tlg001.perseus-grc2.xml
Phaenomena,tlg001,1,803,πάντα δʼ ἐρευθομένῃ δοκέειν ἀνέμοιο κελεύθους·,πάντα δ’ ἐρευθομένῃ δοκέειν ἀνέμοιο κελεύθους·,tlg0653.tlg001.perseus-grc2.xml
Phaenomena,tlg001,1,804,ἄλλοθι δʼ ἄλλο μελαινομένῃ δοκέειν ὑετοῖο.,ἄλλοθι δ’ ἄλλο μελαινομένῃ δοκέειν ὑετοῖο.,tlg0653.tlg001.perseus-grc2.xml
Phaenomena,tlg001,1,805,σήματα δʼ οὐ μάηα πᾶσιν ἐπʼ ἤμασι πάντα τέτυκται·,σήματα δ’ οὐ μάηα πᾶσιν ἐπ’ ἤμασι πάντα τέτυκται·,tlg0653.tlg001.perseus-grc2.xml
Phaenomena,tlg001,1,806,"ἀλλʼ ὅσα μὲν τριτάτῇ τε τεταρταίῃ τε πέλονται,","ἀλλ’ ὅσα μὲν τριτάτῇ τε τεταρταίῃ τε πέλονται,",tlg0653.tlg001.perseus-grc2.xml
Phaenomena,tlg001,1,807,"μέσφα διχαιομένης, διχάδος γε μὲν ἄχρις ἐπʼ αὐτὴν","μέσφα διχαιομένης, διχάδος γε μὲν ἄχρις ἐπ’ αὐτὴν",tlg0653.tlg001.perseus-grc2.xml
Phaenomena,tlg001,1,808,"σημαίνει διχόμηνον, ἀτὰρ πάλιν ἐκ διχομήνου","σημαίνει διχόμηνον, ἀτὰρ πάλιν ἐκ διχομήνου",tlg0653.tlg001.perseus-grc2.xml
Phaenomena,tlg001,1,809,ἐς διχάδα φθιμένην· ἔχεται δέ οἱ αὐτίκα τετρὰς,ἐς διχάδα φθιμένην· ἔχεται δέ οἱ αὐτίκα τετρὰς,tlg0653.tlg001.perseus-grc2.xml
Phaenomena,tlg001,1,810,"μηνὸς ἀποιχομένου, τῇ δὲ τριτάτη ἐπιόντος.","μηνὸς ἀποιχομένου, τῇ δὲ τριτάτη ἐπιόντος.",tlg0653.tlg001.perseus-grc2.xml
Phaenomena,tlg001,1,811,εἰ δέ κέ μιν πεπὶ πᾶσαν ἀλωαὶ κυκλώσωνται,εἰ δέ κέ μιν πεπὶ πᾶσαν ἀλωαὶ κυκλώσωνται,tlg0653.tlg001.perseus-grc2.xml
Phaenomena,tlg001,1,812,"ἤ τρεῖς ἠὲ δύω περικείμεναι ἠὲ μίʼ οἴη,","ἤ τρεῖς ἠὲ δύω περικείμεναι ἠὲ μί’ οἴη,",tlg0653.tlg001.perseus-grc2.xml
Phaenomena,tlg001,1,813,"τῇ μὲν ἰῇ ἀνέμοιο γαληναίης τε δοκεύειν,","τῇ μὲν ἰῇ ἀνέμοιο γαληναίης τε δοκεύειν,",tlg0653.tlg001.perseus-grc2.xml
Phaenomena,tlg001,1,814,"ῥηγνυμένῃ ἀνέμοιο, μαραινομένῃ δὲ γαλήνης·","ῥηγνυμένῃ ἀνέμοιο, μαραινομένῃ δὲ γαλήνης·",tlg0653.tlg001.perseus-grc2.xml
Phaenomena,tlg001,1,815,ταὶ δύο δʼ ἂν χειμῶνι περιτροχάοιντο σελήνην·,ταὶ δύο δ’ ἂν χειμῶνι περιτροχάοιντο σελήνην·,tlg0653.tlg001.perseus-grc2.xml
Phaenomena,tlg001,1,816,"μείζονα δʼ ἂν χειμῶνα φέροι τριέλικτος ἀλωή,","μείζονα δ’ ἂν χειμῶνα φέροι τριέλικτος ἀλωή,",tlg0653.tlg001.perseus-grc2.xml
Phaenomena,tlg001,1,817,"καὶ μᾶλλον μελανεῦσα, καὶ εἰ ῥηγνύατο μᾶλλον.","καὶ μᾶλλον μελανεῦσα, καὶ εἰ ῥηγνύατο μᾶλλον.",tlg0653.tlg001.perseus-grc2.xml
Phaenomena,tlg001,1,818,καὶ τὰ μὲν οὖν ἐπὶ μηνὶ σεληναίης κε πύθοιο.,καὶ τὰ μὲν οὖν ἐπὶ μηνὶ σεληναίης κε πύθοιο.,tlg0653.tlg001.perseus-grc2.xml
Phaenomena,tlg001,1,819,ἠελίοιο δέ τοι μελέτω ἑκάτερθεν ἰόντος.,ἠελίοιο δέ τοι μελέτω ἑκάτερθεν ἰόντος.,tlg0653.tlg001.perseus-grc2.xml
Phaenomena,tlg001,1,820,"ἠελίῳ καὶ μᾶλλον ἐοικότα σήματα κεῖται,","ἠελίῳ καὶ μᾶλλον ἐοικότα σήματα κεῖται,",tlg0653.tlg001.perseus-grc2.xml
Phaenomena,tlg001,1,821,ἀμφότερον δύνοντι καὶ ἐκ περάτης ἀνιόντι.,ἀμφότερον δύνοντι καὶ ἐκ περάτης ἀνιόντι.,tlg0653.tlg001.perseus-grc2.xml
Phaenomena,tlg001,1,822,μή οἱ ποικίλλοιτο νέον βάλλοντος ἀρούρας,μή οἱ ποικίλλοιτο νέον βάλλοντος ἀρούρας,tlg0653.tlg001.perseus-grc2.xml
Phaenomena,tlg001,1,823,"κύκλος, ὅτʼ εὐδίου κεχρημένος ἤματος εἴης,","κύκλος, ὅτ’ εὐδίου κεχρημένος ἤματος εἴης,",tlg0653.tlg001.perseus-grc2.xml
Phaenomena,tlg001,1,824,"μηδέ τι σῆμα φέροι, φαίνοιτο δὲ λιτὸς ἁπάντη.","μηδέ τι σῆμα φέροι, φαίνοιτο δὲ λιτὸς ἁπάντη.",tlg0653.tlg001.perseus-grc2.xml
Phaenomena,tlg001,1,825,"εἰ δʼ αὕτως καθαρόν μιν ἔχοι βουλύσιος ὥρη,","εἰ δ’ αὕτως καθαρόν μιν ἔχοι βουλύσιος ὥρη,",tlg0653.tlg001.perseus-grc2.xml
Phaenomena,tlg001,1,826,"δύνοι δʼ ἀνέφελος μαλακὴν ὑποδείελος αἴγλην,","δύνοι δ’ ἀνέφελος μαλακὴν ὑποδείελος αἴγλην,",tlg0653.tlg001.perseus-grc2.xml
Phaenomena,tlg001,1,827,καί κεν ἐπερχομένη ἠοῦς ἔθʼ ὑπεύδιος εἴη.,καί κεν ἐπερχομένη ἠοῦς ἔθ’ ὑπεύδιος εἴη.,tlg0653.tlg001.perseus-grc2.xml
Phaenomena,tlg001,1,828,"ἀλλʼ οὐχ ὁππότε κοῖλος ἐειδόμενος περιτέλλῃ,","ἀλλ’ οὐχ ὁππότε κοῖλος ἐειδόμενος περιτέλλῃ,",tlg0653.tlg001.perseus-grc2.xml
Phaenomena,tlg001,1,829,οὐδʼ ὁπότʼ ἀκτίνων αἱ μὲν νότον αἱ δὲ βορῆα,οὐδ’ ὁπότ’ ἀκτίνων αἱ μὲν νότον αἱ δὲ βορῆα,tlg0653.tlg001.perseus-grc2.xml
Phaenomena,tlg001,1,830,"σχιζόμεναι βάλλωσι, τὰ δʼ αὖ περὶ μέσσα φαείνῃ,","σχιζόμεναι βάλλωσι, τὰ δ’ αὖ περὶ μέσσα φαείνῃ,",tlg0653.tlg001.perseus-grc2.xml
Phaenomena,tlg001,1,831,ἀλλά που ἢ ὑετοῖο διέρχεται ἢ ἀνέμοιο.,ἀλλά που ἢ ὑετοῖο διέρχεται ἢ ἀνέμοιο.,tlg0653.tlg001.perseus-grc2.xml
Phaenomena,tlg001,1,832,"σκέπτεο δʼ, εἴ κέ τοι αὐγαὶ ὑπείκωσʼ ἠελίοιο,","σκέπτεο δ’, εἴ κέ τοι αὐγαὶ ὑπείκωσ’ ἠελίοιο,",tlg0653.tlg001.perseus-grc2.xml
Phaenomena,tlg001,1,833,αὐτὸν ἐς ἠέλιον· τοῦ γὰρ σκοπιαὶ ἄρισται·,αὐτὸν ἐς ἠέλιον· τοῦ γὰρ σκοπιαὶ ἄρισται·,tlg0653.tlg001.perseus-grc2.xml
Phaenomena,tlg001,1,834,"εἴ τί οἱ ἤπου ἔρευθος ἐπιτρέχει, οἷά τε πολλὰ","εἴ τί οἱ ἤπου ἔρευθος ἐπιτρέχει, οἷά τε πολλὰ",tlg0653.tlg001.perseus-grc2.xml
Phaenomena,tlg001,1,835,"ἑλκομένων νεφέων ἐρυθαίνεται ἄλλοθεν ἄλλα,","ἑλκομένων νεφέων ἐρυθαίνεται ἄλλοθεν ἄλλα,",tlg0653.tlg001.perseus-grc2.xml
Phaenomena,tlg001,1,836,ἢ εἴ που μελανεῖ· καί τοι τὰ μὲν ὕδατος ἔστω,ἢ εἴ που μελανεῖ· καί τοι τὰ μὲν ὕδατος ἔστω,tlg0653.tlg001.perseus-grc2.xml
Phaenomena,tlg001,1,837,"σήματα μέλλοντος, τὰ δʼ ἐρεύθεα πάντʼ ἀνέμοιο.","σήματα μέλλοντος, τὰ δ’ ἐρεύθεα πάντ’ ἀνέμοιο.",tlg0653.tlg001.perseus-grc2.xml
Phaenomena,tlg001,1,838,"εἴ γε μὲν ἀμφοτέροις ἄμυδις κεχρημένος εἴη,","εἴ γε μὲν ἀμφοτέροις ἄμυδις κεχρημένος εἴη,",tlg0653.tlg001.perseus-grc2.xml
Phaenomena,tlg001,1,839,καί κεν ὕδωρ φορέοι καὶ ὑπηνέμιος τανύοιτο.,καί κεν ὕδωρ φορέοι καὶ ὑπηνέμιος τανύοιτο.,tlg0653.tlg001.perseus-grc2.xml
Phaenomena,tlg001,1,840,εἰ δέ οἱ ἤ ἀνιόντος ἢ αὐτίκα δυομένοιο,εἰ δέ οἱ ἤ ἀνιόντος ἢ αὐτίκα δυομένοιο,tlg0653.tlg001.perseus-grc2.xml
Phaenomena,tlg001,1,841,"ἀκτῖνες συνίωσι καὶ ἀμφʼ ἑνὶ πεπλήθωσιν,","ἀκτῖνες συνίωσι καὶ ἀμφ’ ἑνὶ πεπλήθωσιν,",tlg0653.tlg001.perseus-grc2.xml
Phaenomena,tlg001,1,842,ἤ ποτε καὶ νεφέων πεπιεσμένος ἢ ὅ γʼ ἐς ἠῶ,ἤ ποτε καὶ νεφέων πεπιεσμένος ἢ ὅ γ’ ἐς ἠῶ,tlg0653.tlg001.perseus-grc2.xml
Phaenomena,tlg001,1,843,"ἔρχηται παρὰ νυκτός, ἢ ἐξ ἠοῦς ἐπὶ νύκτα,","ἔρχηται παρὰ νυκτός, ἢ ἐξ ἠοῦς ἐπὶ νύκτα,",tlg0653.tlg001.perseus-grc2.xml
Phaenomena,tlg001,1,844,ὕδατί κεν κατιόντι παρατρέχοι ἤματα κεῖνα.,ὕδατί κεν κατιόντι παρατρέχοι ἤματα κεῖνα.,tlg0653.tlg001.perseus-grc2.xml
Phaenomena,tlg001,1,845,"μηδʼ ὅτε οἱ ὀλίγη νεφέλη πάρος ἀντέλλῃσιν,","μηδ’ ὅτε οἱ ὀλίγη νεφέλη πάρος ἀντέλλῃσιν,",tlg0653.tlg001.perseus-grc2.xml
Phaenomena,tlg001,1,846,"τὴν δὲ μέτʼ ἀκτίνων κεχρημένος αὐτὸς ἀερθῇ,","τὴν δὲ μέτ’ ἀκτίνων κεχρημένος αὐτὸς ἀερθῇ,",tlg0653.tlg001.perseus-grc2.xml
Phaenomena,tlg001,1,847,ἀμνηστεῖν ὑετοῖο. πολὺς δʼ ὅτε οἱ περὶ κύκλος,ἀμνηστεῖν ὑετοῖο. πολὺς δ’ ὅτε οἱ περὶ κύκλος,tlg0653.tlg001.perseus-grc2.xml
Phaenomena,tlg001,1,848,οἷον τηκομένῳ ἐναλίγκιος εὐρύνηται,οἷον τηκομένῳ ἐναλίγκιος εὐρύνηται,tlg0653.tlg001.perseus-grc2.xml
Phaenomena,tlg001,1,849,"πρῶτον ἀνερχομένοιο, καὶ ἄψ ἐπὶ μεῖον ἴῃσιν,","πρῶτον ἀνερχομένοιο, καὶ ἄψ ἐπὶ μεῖον ἴῃσιν,",tlg0653.tlg001.perseus-grc2.xml
Phaenomena,tlg001,1,850,εὔδιός κε φέροιτο· καὶ εἴ ποτε χείματος ὥρῃ,εὔδιός κε φέροιτο· καὶ εἴ ποτε χείματος ὥρῃ,tlg0653.tlg001.perseus-grc2.xml
Phaenomena,tlg001,1,851,ὠχρήσαι κατιών. ἀτὰρ ὕδατος ἡμερινοῖο,ὠχρήσαι κατιών. ἀτὰρ ὕδατος ἡμερινοῖο,tlg0653.tlg001.perseus-grc2.xml
Phaenomena,tlg001,1,852,γινομένου κατότισθε περὶ νέφεα σκοπέεσθαι,γινομένου κατότισθε περὶ νέφεα σκοπέεσθαι,tlg0653.tlg001.perseus-grc2.xml
Phaenomena,tlg001,1,853,κὰδ δὴ δυομένου τετραμμένος ἠελίοιο.,κὰδ δὴ δυομένου τετραμμένος ἠελίοιο.,tlg0653.tlg001.perseus-grc2.xml
Phaenomena,tlg001,1,854,ἢν μὲν ὑποσκιάῃσι μελαινομένῃ εἰκυῖα,ἢν μὲν ὑποσκιάῃσι μελαινομένῃ εἰκυῖα,tlg0653.tlg001.perseus-grc2.xml
Phaenomena,tlg001,1,855,"ἠέλιον νεφέλη, ταὶ δʼ ἀμφί μιν ἔνθα καὶ ἔνθα","ἠέλιον νεφέλη, ταὶ δ’ ἀμφί μιν ἔνθα καὶ ἔνθα",tlg0653.tlg001.perseus-grc2.xml
Phaenomena,tlg001,1,856,"ἀκτῖνες μεσσηγὺς ἐλισσόμεναι διχόωνται,","ἀκτῖνες μεσσηγὺς ἐλισσόμεναι διχόωνται,",tlg0653.tlg001.perseus-grc2.xml
Phaenomena,tlg001,1,857,ἦ τʼ ἂν ἔτʼ εἰς ἠῶ σκέπαος κεχρημένος εἴης.,ἦ τ’ ἂν ἔτ’ εἰς ἠῶ σκέπαος κεχρημένος εἴης.,tlg0653.tlg001.perseus-grc2.xml
Phaenomena,tlg001,1,858,"εἰ δʼ ὁ μὲν ἀνέφελος βάπτοι ῥόου ἑσπερίοιο,","εἰ δ’ ὁ μὲν ἀνέφελος βάπτοι ῥόου ἑσπερίοιο,",tlg0653.tlg001.perseus-grc2.xml
Phaenomena,tlg001,1,859,ταὶ δὲ κατερχομένου νεφέλαι καὶ ἔτʼ οἰχομένοιο,ταὶ δὲ κατερχομένου νεφέλαι καὶ ἔτ’ οἰχομένοιο,tlg0653.tlg001.perseus-grc2.xml
Phaenomena,tlg001,1,860,πλησίαι ἑστήκωσιν ἐρευθέες οὔ σε μάλα χρὴ,πλησίαι ἑστήκωσιν ἐρευθέες οὔ σε μάλα χρὴ,tlg0653.tlg001.perseus-grc2.xml
Phaenomena,tlg001,1,861,αὔριον οὐδʼ ἐπὶ νυκτὶ περιτρομέειν ὑετοῖο·,αὔριον οὐδ’ ἐπὶ νυκτὶ περιτρομέειν ὑετοῖο·,tlg0653.tlg001.perseus-grc2.xml
Phaenomena,tlg001,1,862,ἀλλʼ ὁπότʼ ἠελίοιο μαραινομένῃσιν ὁμοῖαι,ἀλλ’ ὁπότ’ ἠελίοιο μαραινομένῃσιν ὁμοῖαι,tlg0653.tlg001.perseus-grc2.xml
Phaenomena,tlg001,1,863,"ἐξαπίνης ἀκτῖνες ἀπʼ οὐρανόθεν τανύωνται,","ἐξαπίνης ἀκτῖνες ἀπ’ οὐρανόθεν τανύωνται,",tlg0653.tlg001.perseus-grc2.xml
Phaenomena,tlg001,1,864,οἶον ἀμαλδύνονται ὅτε σκιάῃσι κατʼ ἰθὺ,οἶον ἀμαλδύνονται ὅτε σκιάῃσι κατ’ ἰθὺ,tlg0653.tlg001.perseus-grc2.xml
Phaenomena,tlg001,1,865,ἱσταμένη γαίης τε καὶ ἠελίοιο σελήνη.,ἱσταμένη γαίης τε καὶ ἠελίοιο σελήνη.,tlg0653.tlg001.perseus-grc2.xml
Phaenomena,tlg001,1,866,"οὐδʼ, ὅτε οἱ ἐπέχοντι φανήμεναι ἠῶθι πρὸ","οὐδ’, ὅτε οἱ ἐπέχοντι φανήμεναι ἠῶθι πρὸ",tlg0653.tlg001.perseus-grc2.xml
Phaenomena,tlg001,1,867,"φαίνονται νεφέλαι ὑπερευθέες ἄλλοθεν ἄλλαι,","φαίνονται νεφέλαι ὑπερευθέες ἄλλοθεν ἄλλαι,",tlg0653.tlg001.perseus-grc2.xml
Phaenomena,tlg001,1,868,ἄρραντοι γίνονται ἐπʼ ἤματι κείνῳ ἄρουραι.,ἄρραντοι γίνονται ἐπ’ ἤματι κείνῳ ἄρουραι.,tlg0653.tlg001.perseus-grc2.xml
Phaenomena,tlg001,1,869,"μηδʼ αὕτως, ἔτʼ ἐόντι πέρην ὁπότε προταθεῖσαι","μηδ’ αὕτως, ἔτ’ ἐόντι πέρην ὁπότε προταθεῖσαι",tlg0653.tlg001.perseus-grc2.xml
Phaenomena,tlg001,1,870,"ἀκτῖνες φαίνονται ἐπίσκιοι ἠῶθι πρό,","ἀκτῖνες φαίνονται ἐπίσκιοι ἠῶθι πρό,",tlg0653.tlg001.perseus-grc2.xml
Phaenomena,tlg001,1,871,ὕδατος ἢ ἀνέμοιο κατοισομένου λελαθέσθαι.,ὕδατος ἢ ἀνέμοιο κατοισομένου λελαθέσθαι.,tlg0653.tlg001.perseus-grc2.xml
Phaenomena,tlg001,1,872,ἀλλʼ εἰ μὲν κεῖναι μᾶλλον κνέφαος φορέοιντο,ἀλλ’ εἰ μὲν κεῖναι μᾶλλον κνέφαος φορέοιντο,tlg0653.tlg001.perseus-grc2.xml
Phaenomena,tlg001,1,873,"ἀκτῖνες, μᾶλλόν κεν ἐφʼ ὕδατι σημαίνοιεν·","ἀκτῖνες, μᾶλλόν κεν ἐφ’ ὕδατι σημαίνοιεν·",tlg0653.tlg001.perseus-grc2.xml
Phaenomena,tlg001,1,874,"εἰ δʼ ὀλίγος τανύοιτο περὶ δνόφος ἀκτίνεσσιν,","εἰ δ’ ὀλίγος τανύοιτο περὶ δνόφος ἀκτίνεσσιν,",tlg0653.tlg001.perseus-grc2.xml
Phaenomena,tlg001,1,875,"οἷόν που μαλακαὶ νεφέλαι φορέουσι μάλιστα,","οἷόν που μαλακαὶ νεφέλαι φορέουσι μάλιστα,",tlg0653.tlg001.perseus-grc2.xml
Phaenomena,tlg001,1,876,ἦ τʼ ἂν ἐπερχομένοιο περιδνοφέοιντʼ ἀνέμοιο.,ἦ τ’ ἂν ἐπερχομένοιο περιδνοφέοιντ’ ἀνέμοιο.,tlg0653.tlg001.perseus-grc2.xml
Phaenomena,tlg001,1,877,οὐδὲ μὲν ἠελίου σχεδόθεν μελανεῦσαι ἀλωαὶ,οὐδὲ μὲν ἠελίου σχεδόθεν μελανεῦσαι ἀλωαὶ,tlg0653.tlg001.perseus-grc2.xml
Phaenomena,tlg001,1,878,εὔδιοι· ἀσσότεραι δὲ καὶ ἀστεμφὲς μελανεῦσαι,εὔδιοι· ἀσσότεραι δὲ καὶ ἀστεμφὲς μελανεῦσαι,tlg0653.tlg001.perseus-grc2.xml
Phaenomena,tlg001,1,879,μᾶλλον χειμέριαι· δύο δʼ ἂν χαλεπώτεραι εἶεν.,μᾶλλον χειμέριαι· δύο δ’ ἂν χαλεπώτεραι εἶεν.,tlg0653.tlg001.perseus-grc2.xml
Phaenomena,tlg001,1,880,"σκέπτεο δʼ ἢ ἀνιόντος ἢ αὐτίκα δυομένοιο,","σκέπτεο δ’ ἢ ἀνιόντος ἢ αὐτίκα δυομένοιο,",tlg0653.tlg001.perseus-grc2.xml
Phaenomena,tlg001,1,881,εἴ πού οἱ νεφέων τὰ παρήλια κικλήσκονται,εἴ πού οἱ νεφέων τὰ παρήλια κικλήσκονται,tlg0653.tlg001.perseus-grc2.xml
Phaenomena,tlg001,1,882,"ἢ νότον ἠὲ βορῆος ἐρεύθεται ἢ ἑκάτερθεν,","ἢ νότον ἠὲ βορῆος ἐρεύθεται ἢ ἑκάτερθεν,",tlg0653.tlg001.perseus-grc2.xml
Phaenomena,tlg001,1,883,μηδʼ οὕτω σκοπιὴν ταύτην ἀμενηνὰ φυλάσσειν.,μηδ’ οὕτω σκοπιὴν ταύτην ἀμενηνὰ φυλάσσειν.,tlg0653.tlg001.perseus-grc2.xml
Phaenomena,tlg001,1,884,"οὐ γάρ, ὅτʼ ἀμφοτέρωθεν ἁμοῦ περὶ μέσσον ἔχουσιν","οὐ γάρ, ὅτ’ ἀμφοτέρωθεν ἁμοῦ περὶ μέσσον ἔχουσιν",tlg0653.tlg001.perseus-grc2.xml
Phaenomena,tlg001,1,885,"ἠέλιον κεῖναι νεφέλαι σχεδὸν ὠκεανοῖο,","ἠέλιον κεῖναι νεφέλαι σχεδὸν ὠκεανοῖο,",tlg0653.tlg001.perseus-grc2.xml
Phaenomena,tlg001,1,886,γίνεται ἀμβολίη διόθεν χειμῶνος ἰόντος.,γίνεται ἀμβολίη διόθεν χειμῶνος ἰόντος.,tlg0653.tlg001.perseus-grc2.xml
Phaenomena,tlg001,1,887,"εἴ γε μὲν ἐκ βορέαο μίʼ οἴη φοινίσσοιτο,","εἴ γε μὲν ἐκ βορέαο μί’ οἴη φοινίσσοιτο,",tlg0653.tlg001.perseus-grc2.xml
Phaenomena,tlg001,1,888,"ἐκ βορέω πνοιάς κε φέροι, νοτίη δὲ νότοιο,","ἐκ βορέω πνοιάς κε φέροι, νοτίη δὲ νότοιο,",tlg0653.tlg001.perseus-grc2.xml
Phaenomena,tlg001,1,889,ἢ καί που ῥαθάμιγγες ἐπιτροχόωσʼ ὑετοῖο.,ἢ καί που ῥαθάμιγγες ἐπιτροχόωσ’ ὑετοῖο.,tlg0653.tlg001.perseus-grc2.xml
Phaenomena,tlg001,1,890,ἑσπερίοις καὶ μᾶλλον ἐπίτρεπε σήμασι τούτοις·,ἑσπερίοις καὶ μᾶλλον ἐπίτρεπε σήμασι τούτοις·,tlg0653.tlg001.perseus-grc2.xml
Phaenomena,tlg001,1,891,ἑσπερόθεν γὰρ ὁμῶς σημαίνεται ἐμμενὲς αἰεί.,ἑσπερόθεν γὰρ ὁμῶς σημαίνεται ἐμμενὲς αἰεί.,tlg0653.tlg001.perseus-grc2.xml
Phaenomena,tlg001,1,892,σκέπτεο καὶ φάτνην. ἡ μέν τʼ ὀλίγῃ εἰκυῖα,σκέπτεο καὶ φάτνην. ἡ μέν τ’ ὀλίγῃ εἰκυῖα,tlg0653.tlg001.perseus-grc2.xml
Phaenomena,tlg001,1,893,ἀχλύϊ βορραίη ὑπὸ Καρκίνῳ ἡγηλάζει·,ἀχλύϊ βορραίη ὑπὸ Καρκίνῳ ἡγηλάζει·,tlg0653.tlg001.perseus-grc2.xml
Phaenomena,tlg001,1,894,ἀμφὶ δέ μιν δύο λεπτὰ φαεινόμενοι φορέονται,ἀμφὶ δέ μιν δύο λεπτὰ φαεινόμενοι φορέονται,tlg0653.tlg001.perseus-grc2.xml
Phaenomena,tlg001,1,895,"ἀστέρες, οὔτε τι πολλὸν ἀπήοροι, οὔτε μάλʼ ἐγγύς,","ἀστέρες, οὔτε τι πολλὸν ἀπήοροι, οὔτε μάλ’ ἐγγύς,",tlg0653.tlg001.perseus-grc2.xml
Phaenomena,tlg001,1,896,ἀλλʼ ὅσσον τε μάλιστα πυγούσιον οἰίσασθαι·,ἀλλ’ ὅσσον τε μάλιστα πυγούσιον οἰίσασθαι·,tlg0653.tlg001.perseus-grc2.xml
Phaenomena,tlg001,1,897,εἶς μὲν πὰρ βορέαο· νότῳ δʼ ἐπικέκλιται ἄλλος.,εἶς μὲν πὰρ βορέαο· νότῳ δ’ ἐπικέκλιται ἄλλος.,tlg0653.tlg001.perseus-grc2.xml
Phaenomena,tlg001,1,898,καὶ ταὶ μὲν καλέονται ὄνοι· μέσση δέ τε Φάτνη.,καὶ ταὶ μὲν καλέονται ὄνοι· μέσση δέ τε Φάτνη.,tlg0653.tlg001.perseus-grc2.xml
Phaenomena,tlg001,1,899,ἥτε καὶ ἐξαπίνης πάντη Διὸς εὐδιόωντος,ἥτε καὶ ἐξαπίνης πάντη Διὸς εὐδιόωντος,tlg0653.tlg001.perseus-grc2.xml
Phaenomena,tlg001,1,900,γίνετʼ ἄφαντος ὅλη· τοὶ δʼ ἀμφοτέρωθεν ἰόντες,γίνετ’ ἄφαντος ὅλη· τοὶ δ’ ἀμφοτέρωθεν ἰόντες,tlg0653.tlg001.perseus-grc2.xml
Phaenomena,tlg001,1,901,ἀστέρες ἀλλήλων αὐτοσχεδὸν ἰνδάλλονται·,ἀστέρες ἀλλήλων αὐτοσχεδὸν ἰνδάλλονται·,tlg0653.tlg001.perseus-grc2.xml
Phaenomena,tlg001,1,902,οὐκ ὀλίγῳ χειμῶνι τότε κλύζονται ἄρουραι.,οὐκ ὀλίγῳ χειμῶνι τότε κλύζονται ἄρουραι.,tlg0653.tlg001.perseus-grc2.xml
Phaenomena,tlg001,1,903,"εἰ δὲ μελαίνηται, τοὶ δʼ αὐτίκʼ ἐοικότες ὦσιν","εἰ δὲ μελαίνηται, τοὶ δ’ αὐτίκ’ ἐοικότες ὦσιν",tlg0653.tlg001.perseus-grc2.xml
Phaenomena,tlg001,1,904,"ἀστέρες ἀμφότεροι, περί χʼ ὕδατι σημαίνοιεν.","ἀστέρες ἀμφότεροι, περί χ’ ὕδατι σημαίνοιεν.",tlg0653.tlg001.perseus-grc2.xml
Phaenomena,tlg001,1,905,εἰ δʼ ὁ μὲν ἐκ βορέω Φάτνης ἀμενηνὰ φαείνοι,εἰ δ’ ὁ μὲν ἐκ βορέω Φάτνης ἀμενηνὰ φαείνοι,tlg0653.tlg001.perseus-grc2.xml
Phaenomena,tlg001,1,906,"λεπτὸν ἐπαχλύων, νότιος δὌνος ἀγλαὸς εἴη,","λεπτὸν ἐπαχλύων, νότιος δὌνος ἀγλαὸς εἴη,",tlg0653.tlg001.perseus-grc2.xml
Phaenomena,tlg001,1,907,δειδέχθαι ἀνέμοιο νότου· βορέω δὲ μάλα χρή,δειδέχθαι ἀνέμοιο νότου· βορέω δὲ μάλα χρή,tlg0653.tlg001.perseus-grc2.xml
Phaenomena,tlg001,1,908,ἔμπαλιν ἀχλυόεντι φαεινομένῳ τε δοκεύειν.,ἔμπαλιν ἀχλυόεντι φαεινομένῳ τε δοκεύειν.,tlg0653.tlg001.perseus-grc2.xml
Phaenomena,tlg001,1,909,σῆμα δέ τοι ἀνέμοιο καὶ οἰδαίνουσα θάλασσα,σῆμα δέ τοι ἀνέμοιο καὶ οἰδαίνουσα θάλασσα,tlg0653.tlg001.perseus-grc2.xml
Phaenomena,tlg001,1,910,"γινέσθω καὶ μακρὸν ἐπʼ αἰγιαλοὶ βοόωντες,","γινέσθω καὶ μακρὸν ἐπ’ αἰγιαλοὶ βοόωντες,",tlg0653.tlg001.perseus-grc2.xml
Phaenomena,tlg001,1,911,ἀκταί τʼ εἰνάλιοι ὁπότʼ εὔδιοι ἠχήεσσαι,ἀκταί τ’ εἰνάλιοι ὁπότ’ εὔδιοι ἠχήεσσαι,tlg0653.tlg001.perseus-grc2.xml
Phaenomena,tlg001,1,912,"γίνονται, κορυφαί τε βοώμεναι οὔρεος ἄκραι.","γίνονται, κορυφαί τε βοώμεναι οὔρεος ἄκραι.",tlg0653.tlg001.perseus-grc2.xml
Phaenomena,tlg001,1,913,καὶ δʼ ἄν ἐπὶ ξηρὴν ὅτʼ ἐρωδιὸς οὐ κατὰ κόσμον,καὶ δ’ ἄν ἐπὶ ξηρὴν ὅτ’ ἐρωδιὸς οὐ κατὰ κόσμον,tlg0653.tlg001.perseus-grc2.xml
Phaenomena,tlg001,1,914,"ἐξ ἁλὸς ἔρχηται φωνῇ περιπολλὰ λεληκώς,","ἐξ ἁλὸς ἔρχηται φωνῇ περιπολλὰ λεληκώς,",tlg0653.tlg001.perseus-grc2.xml
Phaenomena,tlg001,1,915,κινυμένου κε θάλασσαν ὕπερ φορέοιτʼ ἀνέμοιο.,κινυμένου κε θάλασσαν ὕπερ φορέοιτ’ ἀνέμοιο.,tlg0653.tlg001.perseus-grc2.xml
Phaenomena,tlg001,1,916,"καί ποτε καὶ κέπφοι, ὁπότʼ εὔδιοι ποτέονται,","καί ποτε καὶ κέπφοι, ὁπότ’ εὔδιοι ποτέονται,",tlg0653.tlg001.perseus-grc2.xml
Phaenomena,tlg001,1,917,ἀντία μελλόντων ἀνέμων εἰληδὰ φέρονται.,ἀντία μελλόντων ἀνέμων εἰληδὰ φέρονται.,tlg0653.tlg001.perseus-grc2.xml
Phaenomena,tlg001,1,918,πολλάκι δʼ ἀγριάδες νῆσσαι ἤ εἰναλίδιναι,πολλάκι δ’ ἀγριάδες νῆσσαι ἤ εἰναλίδιναι,tlg0653.tlg001.perseus-grc2.xml
Phaenomena,tlg001,1,919,αἴθυιαι χερσαῖα τινάσσονται πτερύγεσσιν·,αἴθυιαι χερσαῖα τινάσσονται πτερύγεσσιν·,tlg0653.tlg001.perseus-grc2.xml
Phaenomena,tlg001,1,920,ἢ νεφέλη ὄρεος μηκύνεται ἐν κορυφῇσιν.,ἢ νεφέλη ὄρεος μηκύνεται ἐν κορυφῇσιν.,tlg0653.tlg001.perseus-grc2.xml
Phaenomena,tlg001,1,921,"ἤδη καὶ πάπποι, λευκῆς γήρειον ἀκάνθης,","ἤδη καὶ πάπποι, λευκῆς γήρειον ἀκάνθης,",tlg0653.tlg001.perseus-grc2.xml
Phaenomena,tlg001,1,922,"σῆμʼ ἐγένοντʼ ἀνέμου, κωφῆς ἁλὸς ὁππότε πολλοὶ","σῆμ’ ἐγένοντ’ ἀνέμου, κωφῆς ἁλὸς ὁππότε πολλοὶ",tlg0653.tlg001.perseus-grc2.xml
Phaenomena,tlg001,1,923,"ἄκρον ἐπιπλώωσι, τὰ μὲν πάρος, ἄλλα δʼ ὀπίσσω.","ἄκρον ἐπιπλώωσι, τὰ μὲν πάρος, ἄλλα δ’ ὀπίσσω.",tlg0653.tlg001.perseus-grc2.xml
Phaenomena,tlg001,1,924,"καὶ θέρεος βρονταί τε καὶ ἀστραπαὶ ἔνθεν ἴωσιν,","καὶ θέρεος βρονταί τε καὶ ἀστραπαὶ ἔνθεν ἴωσιν,",tlg0653.tlg001.perseus-grc2.xml
Phaenomena,tlg001,1,925,ἔνθεν ἐπερχομένοιο περισκοπέειν ἀνέμοιο.,ἔνθεν ἐπερχομένοιο περισκοπέειν ἀνέμοιο.,tlg0653.tlg001.perseus-grc2.xml
Phaenomena,tlg001,1,926,καὶ διὰ νύκτα μέλαιναν ὅτʼ ἀστέρες ἀΐσσωσιν,καὶ διὰ νύκτα μέλαιναν ὅτ’ ἀστέρες ἀΐσσωσιν,tlg0653.tlg001.perseus-grc2.xml
Phaenomena,tlg001,1,927,"ταρφέα, ταὶ δʼ ὄπιθεν ῥυμοὶ ὑπολευκαίνωνται,","ταρφέα, ταὶ δ’ ὄπιθεν ῥυμοὶ ὑπολευκαίνωνται,",tlg0653.tlg001.perseus-grc2.xml
Phaenomena,tlg001,1,928,δειδέχθαι κείνοις αὐτὴν ὁδὸν ἐρχομένοιο,δειδέχθαι κείνοις αὐτὴν ὁδὸν ἐρχομένοιο,tlg0653.tlg001.perseus-grc2.xml
Phaenomena,tlg001,1,929,"πνεύματος· ἢν δὲ καὶ ἄλλοι ἐναντίοι ἀΐσσωσιν,","πνεύματος· ἢν δὲ καὶ ἄλλοι ἐναντίοι ἀΐσσωσιν,",tlg0653.tlg001.perseus-grc2.xml
Phaenomena,tlg001,1,930,"ἄλλοι δʼ ἐξ ἄλλων μερέων, τότε δὴ πεφύλαξο","ἄλλοι δ’ ἐξ ἄλλων μερέων, τότε δὴ πεφύλαξο",tlg0653.tlg001.perseus-grc2.xml
Phaenomena,tlg001,1,931,"παντοίων ἀνέμων, οἵ τʼ ἄκριτοί εἰσι μάλιστα,","παντοίων ἀνέμων, οἵ τ’ ἄκριτοί εἰσι μάλιστα,",tlg0653.tlg001.perseus-grc2.xml
Phaenomena,tlg001,1,932,ἄκριτα δὲ πνείουσιν ἐπʼ ἀνδράσι τεκμήρασθαι.,ἄκριτα δὲ πνείουσιν ἐπ’ ἀνδράσι τεκμήρασθαι.,tlg0653.tlg001.perseus-grc2.xml
Phaenomena,tlg001,1,933,"αὐτάρ ὅτʼ ἐξ εὔροιο καὶ ἐκ νότου ἀστράπτῃσιν,","αὐτάρ ὅτ’ ἐξ εὔροιο καὶ ἐκ νότου ἀστράπτῃσιν,",tlg0653.tlg001.perseus-grc2.xml
Phaenomena,tlg001,1,934,"ἄλλοτε δʼ ἐκ ζεφύροιο, καὶ ἄλλοτε πὰρ βορέαο,","ἄλλοτε δ’ ἐκ ζεφύροιο, καὶ ἄλλοτε πὰρ βορέαο,",tlg0653.tlg001.perseus-grc2.xml
Phaenomena,tlg001,1,935,"δὴ τότε τις πελάγει ἔνι δείδιε ναυτίλος ἀνήρ,","δὴ τότε τις πελάγει ἔνι δείδιε ναυτίλος ἀνήρ,",tlg0653.tlg001.perseus-grc2.xml
Phaenomena,tlg001,1,936,μή μιν τῇ μὲν ἔχῃ πέλαγος τῇ δʼ ἐκ Διὸς ὕδωρ·,μή μιν τῇ μὲν ἔχῃ πέλαγος τῇ δ’ ἐκ Διὸς ὕδωρ·,tlg0653.tlg001.perseus-grc2.xml
Phaenomena,tlg001,1,937,ὕδατι γὰρ τοσσαίδε περὶ στεροπαὶ φορέονται.,ὕδατι γὰρ τοσσαίδε περὶ στεροπαὶ φορέονται.,tlg0653.tlg001.perseus-grc2.xml
Phaenomena,tlg001,1,938,πολλάκι δʼ ἐρχομένων ὑετῶν νέφεα προπάροιθεν,πολλάκι δ’ ἐρχομένων ὑετῶν νέφεα προπάροιθεν,tlg0653.tlg001.perseus-grc2.xml
Phaenomena,tlg001,1,939,"οἶα μάλιστα πόκοισιν ἐοικότα ἰνδάλλονται,","οἶα μάλιστα πόκοισιν ἐοικότα ἰνδάλλονται,",tlg0653.tlg001.perseus-grc2.xml
Phaenomena,tlg001,1,940,"ἢ διδύμη ἔζωσε διὰ μέγαν οὐρανὸν ἶρις,","ἢ διδύμη ἔζωσε διὰ μέγαν οὐρανὸν ἶρις,",tlg0653.tlg001.perseus-grc2.xml
Phaenomena,tlg001,1,941,ἢ καί πού τις ἅλωα μελαινομένην ἔχει ἀστήρ.,ἢ καί πού τις ἅλωα μελαινομένην ἔχει ἀστήρ.,tlg0653.tlg001.perseus-grc2.xml
Phaenomena,tlg001,1,942,πολλάκι λιμναῖαι ἢ εἰνάλιαι ὄρνιθες,πολλάκι λιμναῖαι ἢ εἰνάλιαι ὄρνιθες,tlg0653.tlg001.perseus-grc2.xml
Phaenomena,tlg001,1,943,"ἄπληστον κλύζονται ἐνιέμεναι ὑδάτεσσιν,","ἄπληστον κλύζονται ἐνιέμεναι ὑδάτεσσιν,",tlg0653.tlg001.perseus-grc2.xml
Phaenomena,tlg001,1,944,ἢ λίμνην πέρι δηθὰ χελιδόνες ἀΐσσονται,ἢ λίμνην πέρι δηθὰ χελιδόνες ἀΐσσονται,tlg0653.tlg001.perseus-grc2.xml
Phaenomena,tlg001,1,945,"γαστέρι τύπτουσαι αὕτως εἰλυμένον ὕδωρ,","γαστέρι τύπτουσαι αὕτως εἰλυμένον ὕδωρ,",tlg0653.tlg001.perseus-grc2.xml
Phaenomena,tlg001,1,946,"ἢ μᾶλλον δειλαὶ γενεαί, ὕδροισιν ὄνειαρ,","ἢ μᾶλλον δειλαὶ γενεαί, ὕδροισιν ὄνειαρ,",tlg0653.tlg001.perseus-grc2.xml
Phaenomena,tlg001,1,947,"αὐτόθεν ἐξ ὕδατος πατέρες βοόωσι γυρίνων,","αὐτόθεν ἐξ ὕδατος πατέρες βοόωσι γυρίνων,",tlg0653.tlg001.perseus-grc2.xml
Phaenomena,tlg001,1,948,"ἢ τρύζει ὀρθρινὸν ἐρημαίη ὀλολυγών,","ἢ τρύζει ὀρθρινὸν ἐρημαίη ὀλολυγών,",tlg0653.tlg001.perseus-grc2.xml
Phaenomena,tlg001,1,949,ἤ που καὶ λακέρυζα παρʼ ἠϊόνι προὐχούσῃ,ἤ που καὶ λακέρυζα παρ’ ἠϊόνι προὐχούσῃ,tlg0653.tlg001.perseus-grc2.xml
Phaenomena,tlg001,1,950,"χείματος ἐρχομένου χέρσῳ ὑπέτυψε κορώνη,","χείματος ἐρχομένου χέρσῳ ὑπέτυψε κορώνη,",tlg0653.tlg001.perseus-grc2.xml
Phaenomena,tlg001,1,951,ἤ που καὶ ποταμοῖο ἐβάψατο μέχρι παρʼ ἄκρους,ἤ που καὶ ποταμοῖο ἐβάψατο μέχρι παρ’ ἄκρους,tlg0653.tlg001.perseus-grc2.xml
Phaenomena,tlg001,1,952,"ὤμους ἐκ κεφαλῆς, ἢ καὶ μάλα πᾶσα κολυμβᾷ,","ὤμους ἐκ κεφαλῆς, ἢ καὶ μάλα πᾶσα κολυμβᾷ,",tlg0653.tlg001.perseus-grc2.xml
Phaenomena,tlg001,1,953,ἢ πολλὴ στρέφεται παρʼ ὕδωρ παχέα κρώζουσα.,ἢ πολλὴ στρέφεται παρ’ ὕδωρ παχέα κρώζουσα.,tlg0653.tlg001.perseus-grc2.xml
Phaenomena,tlg001,1,954,καὶ βόες ἤδη τοι πάρος ὕδατος ἐνδίοιο,καὶ βόες ἤδη τοι πάρος ὕδατος ἐνδίοιο,tlg0653.tlg001.perseus-grc2.xml
Phaenomena,tlg001,1,955,οὐρανὸν εἰσανιδόντες ἀπʼ αἰθέρος ὠσφρήσαντο·,οὐρανὸν εἰσανιδόντες ἀπ’ αἰθέρος ὠσφρήσαντο·,tlg0653.tlg001.perseus-grc2.xml
Phaenomena,tlg001,1,956,καὶ κοίλης μύρμηκες ὀχῆς ἐξ ὤεα πάντα,καὶ κοίλης μύρμηκες ὀχῆς ἐξ ὤεα πάντα,tlg0653.tlg001.perseus-grc2.xml
Phaenomena,tlg001,1,957,θᾶσσον ἀνηνέγκαντο· καὶ ἀθρόοι ὦφθεν ἴουλοι,θᾶσσον ἀνηνέγκαντο· καὶ ἀθρόοι ὦφθεν ἴουλοι,tlg0653.tlg001.perseus-grc2.xml
Phaenomena,tlg001,1,958,"τείχη ἀνέρποντες, καὶ πλαζόμενοι σκώληκες","τείχη ἀνέρποντες, καὶ πλαζόμενοι σκώληκες",tlg0653.tlg001.perseus-grc2.xml
Phaenomena,tlg001,1,959,"κεῖνοι, τοὺς καλέουσι μελαίνης ἔντερα γαίης.","κεῖνοι, τοὺς καλέουσι μελαίνης ἔντερα γαίης.",tlg0653.tlg001.perseus-grc2.xml
Phaenomena,tlg001,1,960,"καὶ τιθαὶ ὄρνιθες, ταὶ ἀλέκτορος ἐξεγένοντο,","καὶ τιθαὶ ὄρνιθες, ταὶ ἀλέκτορος ἐξεγένοντο,",tlg0653.tlg001.perseus-grc2.xml
Phaenomena,tlg001,1,961,"εὖ ἐφθειρίσσαντο καὶ ἔκρωξαν μάλα φωνῇ,","εὖ ἐφθειρίσσαντο καὶ ἔκρωξαν μάλα φωνῇ,",tlg0653.tlg001.perseus-grc2.xml
Phaenomena,tlg001,1,962,οἷόν τε σταλάον ψοφέει ἐπὶ ὕδατι ὕδωρ.,οἷόν τε σταλάον ψοφέει ἐπὶ ὕδατι ὕδωρ.,tlg0653.tlg001.perseus-grc2.xml
Phaenomena,tlg001,1,963,δή ποτε καὶ γενεαὶ κοράκων καὶ φῦλα κολοιῶν,δή ποτε καὶ γενεαὶ κοράκων καὶ φῦλα κολοιῶν,tlg0653.tlg001.perseus-grc2.xml
Phaenomena,tlg001,1,964,"ὕδατος ἐρχομένοιο Διὸς πάρα σῆμʼ ἐγένοντο,","ὕδατος ἐρχομένοιο Διὸς πάρα σῆμ’ ἐγένοντο,",tlg0653.tlg001.perseus-grc2.xml
Phaenomena,tlg001,1,965,φαινόμενοι ἀγεληδὰ καὶ ἱρήκεσσιν ὁμοῖον,φαινόμενοι ἀγεληδὰ καὶ ἱρήκεσσιν ὁμοῖον,tlg0653.tlg001.perseus-grc2.xml
Phaenomena,tlg001,1,966,φθεγξάμενοι. καί που κόρακες δίους σταλαγμοὺς,φθεγξάμενοι. καί που κόρακες δίους σταλαγμοὺς,tlg0653.tlg001.perseus-grc2.xml
Phaenomena,tlg001,1,967,φωνῇ ἐμιμήσαντο σὺν ὕδατος ἐρχομένοιο·,φωνῇ ἐμιμήσαντο σὺν ὕδατος ἐρχομένοιο·,tlg0653.tlg001.perseus-grc2.xml
Phaenomena,tlg001,1,968,ἤ ποτε καὶ κρώξαντε βαρείῃ δισσάκι φωνῇ,ἤ ποτε καὶ κρώξαντε βαρείῃ δισσάκι φωνῇ,tlg0653.tlg001.perseus-grc2.xml
Phaenomena,tlg001,1,969,μακρὸν ἐπιρροιζεῦσι τιναξάμενοι πτερὰ πυκνά·,μακρὸν ἐπιρροιζεῦσι τιναξάμενοι πτερὰ πυκνά·,tlg0653.tlg001.perseus-grc2.xml
Phaenomena,tlg001,1,970,καὶ νῆσσαι οἰκουροὶ ὑπωρόφιοί τε κολοιοὶ,καὶ νῆσσαι οἰκουροὶ ὑπωρόφιοί τε κολοιοὶ,tlg0653.tlg001.perseus-grc2.xml
Phaenomena,tlg001,1,971,"ἐρχόμενοι κατὰ γεῖσα τινάσσονται πτερύγεσσιν,","ἐρχόμενοι κατὰ γεῖσα τινάσσονται πτερύγεσσιν,",tlg0653.tlg001.perseus-grc2.xml
Phaenomena,tlg001,1,972,ἢ ἐπὶ κῦμα διώκει ἐρωδιὸς ὀξὺ λεληκώς.,ἢ ἐπὶ κῦμα διώκει ἐρωδιὸς ὀξὺ λεληκώς.,tlg0653.tlg001.perseus-grc2.xml
Phaenomena,tlg001,1,973,τῶν τοι μηδέν ἀπόβλητον πεφυλαγμένῳ ὕδωρ,τῶν τοι μηδέν ἀπόβλητον πεφυλαγμένῳ ὕδωρ,tlg0653.tlg001.perseus-grc2.xml
Phaenomena,tlg001,1,974,γινέσθω· μηδʼ εἴ κεν ἐπὶ πλέον ἠὲ πάροιθεν,γινέσθω· μηδ’ εἴ κεν ἐπὶ πλέον ἠὲ πάροιθεν,tlg0653.tlg001.perseus-grc2.xml
Phaenomena,tlg001,1,975,"δάκνωσιν μυῖαι καὶ ἐφʼ αἵματος ἱμείρωνται,","δάκνωσιν μυῖαι καὶ ἐφ’ αἵματος ἱμείρωνται,",tlg0653.tlg001.perseus-grc2.xml
Phaenomena,tlg001,1,976,ἢ λύχνοιο μύκητες ἀγείρωνται περὶ μύξαν,ἢ λύχνοιο μύκητες ἀγείρωνται περὶ μύξαν,tlg0653.tlg001.perseus-grc2.xml
Phaenomena,tlg001,1,977,νύκτα κατὰ σκοτίην· μηδʼ ἢν ὑπὸ χείματος ὥρην,νύκτα κατὰ σκοτίην· μηδ’ ἢν ὑπὸ χείματος ὥρην,tlg0653.tlg001.perseus-grc2.xml
Phaenomena,tlg001,1,978,"λύχνων ἄλλοτε μέν τε φάος κατά κόσμον ὀρώρῃ,","λύχνων ἄλλοτε μέν τε φάος κατά κόσμον ὀρώρῃ,",tlg0653.tlg001.perseus-grc2.xml
Phaenomena,tlg001,1,979,ἄλλοτε δʼ ἀΐσσωσιν ἄπο φλόγες ἠΰτε κοῦφαι,ἄλλοτε δ’ ἀΐσσωσιν ἄπο φλόγες ἠΰτε κοῦφαι,tlg0653.tlg001.perseus-grc2.xml
Phaenomena,tlg001,1,980,"πομφόλυγες, μηδʼ εἴ κεν ἐπʼ αὐτόφι μαρμαίρωσιν","πομφόλυγες, μηδ’ εἴ κεν ἐπ’ αὐτόφι μαρμαίρωσιν",tlg0653.tlg001.perseus-grc2.xml
Phaenomena,tlg001,1,981,"ἀκτῖνες, μηδʼ ἢν θέρεος μέγα πεπταμένοιο","ἀκτῖνες, μηδ’ ἢν θέρεος μέγα πεπταμένοιο",tlg0653.tlg001.perseus-grc2.xml
Phaenomena,tlg001,1,982,νησαῖοι ὄρνιθες ἐπασσύτεροι φορέωνται.,νησαῖοι ὄρνιθες ἐπασσύτεροι φορέωνται.,tlg0653.tlg001.perseus-grc2.xml
Phaenomena,tlg001,1,983,"μηδὲ σύ γʼ ἢ χύτρης ἠὲ τρίποδος πυριβήτεω,","μηδὲ σύ γ’ ἢ χύτρης ἠὲ τρίποδος πυριβήτεω,",tlg0653.tlg001.perseus-grc2.xml
Phaenomena,tlg001,1,984,"σπινθῆρες ὅτʼ ἔωσι πέρι πλέονες, λελαθέσθαι·","σπινθῆρες ὅτ’ ἔωσι πέρι πλέονες, λελαθέσθαι·",tlg0653.tlg001.perseus-grc2.xml
Phaenomena,tlg001,1,985,μηδὲ κατὰ σποδιὴν ὁπότʼ ἄνθρακος αἰθομένοιο,μηδὲ κατὰ σποδιὴν ὁπότ’ ἄνθρακος αἰθομένοιο,tlg0653.tlg001.perseus-grc2.xml
Phaenomena,tlg001,1,986,"λάμπηται πέρι σήματʼ ἐοικότα κεγχρείοισιν,","λάμπηται πέρι σήματ’ ἐοικότα κεγχρείοισιν,",tlg0653.tlg001.perseus-grc2.xml
Phaenomena,tlg001,1,987,ἀλλʼ ἐπὶ καὶ τὰ δόκευε περισκοπέων ὑετοῖο.,ἀλλ’ ἐπὶ καὶ τὰ δόκευε περισκοπέων ὑετοῖο.,tlg0653.tlg001.perseus-grc2.xml
Phaenomena,tlg001,1,988,εἴ γε μὲν ἠερόεσσα παρὲξ ὄρεος μεγάλοιο,εἴ γε μὲν ἠερόεσσα παρὲξ ὄρεος μεγάλοιο,tlg0653.tlg001.perseus-grc2.xml
Phaenomena,tlg001,1,989,"πυθμένα τείνηται νεφέλη, ἄκραι δὲ κολῶναι","πυθμένα τείνηται νεφέλη, ἄκραι δὲ κολῶναι",tlg0653.tlg001.perseus-grc2.xml
Phaenomena,tlg001,1,990,"φαίνωνται καθαραί, μάλα κεν τόθʼ ὑπεύδιος εἴης.","φαίνωνται καθαραί, μάλα κεν τόθ’ ὑπεύδιος εἴης.",tlg0653.tlg001.perseus-grc2.xml
Phaenomena,tlg001,1,991,εὔδιός κʼ εἴης καί ὅτε πλατέος παρὰ πόντου,εὔδιός κ’ εἴης καί ὅτε πλατέος παρὰ πόντου,tlg0653.tlg001.perseus-grc2.xml
Phaenomena,tlg001,1,992,"φαίνηται χθαμαλὴ νεφέλη, μηδʼ ὑψόθι κύρῃ,","φαίνηται χθαμαλὴ νεφέλη, μηδ’ ὑψόθι κύρῃ,",tlg0653.tlg001.perseus-grc2.xml
Phaenomena,tlg001,1,993,ἀλλʼ αὐτοῦ πλαταμῶνι παραθλίβηται ὁμοίη.,ἀλλ’ αὐτοῦ πλαταμῶνι παραθλίβηται ὁμοίη.,tlg0653.tlg001.perseus-grc2.xml
Phaenomena,tlg001,1,994,"σκέπτεο δʼ εὔδιος μὲν ἐὼν ἐπὶ χείματι μᾶλλον,","σκέπτεο δ’ εὔδιος μὲν ἐὼν ἐπὶ χείματι μᾶλλον,",tlg0653.tlg001.perseus-grc2.xml
Phaenomena,tlg001,1,995,ἐς δὲ γαληναίην χειμωνόθεν. εὖ δὲ μάλα χρὴ,ἐς δὲ γαληναίην χειμωνόθεν. εὖ δὲ μάλα χρὴ,tlg0653.tlg001.perseus-grc2.xml
Phaenomena,tlg001,1,996,"ἐς Φάτνην ὁράᾳν, τὴν Καρκίνος ἀμφιελίσσει,","ἐς Φάτνην ὁράᾳν, τὴν Καρκίνος ἀμφιελίσσει,",tlg0653.tlg001.perseus-grc2.xml
Phaenomena,tlg001,1,997,πρῶτα καθαιρομένην πάσης ὑπένερθεν ὁμίχλης·,πρῶτα καθαιρομένην πάσης ὑπένερθεν ὁμίχλης·,tlg0653.tlg001.perseus-grc2.xml
Phaenomena,tlg001,1,998,κείνη γὰρ φθίνοντι καθαίρεται ἐν χειμῶνι.,κείνη γὰρ φθίνοντι καθαίρεται ἐν χειμῶνι.,tlg0653.tlg001.perseus-grc2.xml
Phaenomena,tlg001,1,999,καὶ φλόγες ἡσύχιαι λύχνων καὶ νυκτερίη γλαὺξ,καὶ φλόγες ἡσύχιαι λύχνων καὶ νυκτερίη γλαὺξ,tlg0653.tlg001.perseus-grc2.xml
Phaenomena,tlg001,1,1000,ἥσυχον ἀείδουσα μαραινομένου χειμῶνος,ἥσυχον ἀείδουσα μαραινομένου χειμῶνος,tlg0653.tlg001.perseus-grc2.xml
Phaenomena,tlg001,1,1001,"γινέσθω τοι σῆμα, καὶ ἥσυχα ποικίλλουσα","γινέσθω τοι σῆμα, καὶ ἥσυχα ποικίλλουσα",tlg0653.tlg001.perseus-grc2.xml
Phaenomena,tlg001,1,1002,ὥρῃ ἐν ἑσπερίῃ κρώξῃ πολύφωνα κορώνη·,ὥρῃ ἐν ἑσπερίῃ κρώξῃ πολύφωνα κορώνη·,tlg0653.tlg001.perseus-grc2.xml
Phaenomena,tlg001,1,1003,καὶ κόρακες μοῦνοι μὲν ἐρημαῖοι βοοῶντες,καὶ κόρακες μοῦνοι μὲν ἐρημαῖοι βοοῶντες,tlg0653.tlg001.perseus-grc2.xml
Phaenomena,tlg001,1,1004,"δισσάκις, αὐτὰρ ἔπειτα μετʼ ἀθρόα κεκλήγοντες·","δισσάκις, αὐτὰρ ἔπειτα μετ’ ἀθρόα κεκλήγοντες·",tlg0653.tlg001.perseus-grc2.xml
Phaenomena,tlg001,1,1005,"πλειότεροι δʼ ἀγεληδόν, ἐπὴν κοίτοιο μέδωνται,","πλειότεροι δ’ ἀγεληδόν, ἐπὴν κοίτοιο μέδωνται,",tlg0653.tlg001.perseus-grc2.xml
Phaenomena,tlg001,1,1006,"φωνῆς ἔμπλειοι· χαίρειν κέ τις οἰίσσαιτο,","φωνῆς ἔμπλειοι· χαίρειν κέ τις οἰίσσαιτο,",tlg0653.tlg001.perseus-grc2.xml
Phaenomena,tlg001,1,1007,"οἷα τὰ μὲν βοόωσι λιγαινομένοισιν ὁμοῖα,","οἷα τὰ μὲν βοόωσι λιγαινομένοισιν ὁμοῖα,",tlg0653.tlg001.perseus-grc2.xml
Phaenomena,tlg001,1,1008,"πολλὰ δὲ δενδρείοιο περὶ φλόον, ἄλλοτʼ ἐπʼ αὐτοῦ,","πολλὰ δὲ δενδρείοιο περὶ φλόον, ἄλλοτ’ ἐπ’ αὐτοῦ,",tlg0653.tlg001.perseus-grc2.xml
Phaenomena,tlg001,1,1009,ἧχί τε κείουσιν καὶ ὑπότροποι ἀπτερύονται.,ἧχί τε κείουσιν καὶ ὑπότροποι ἀπτερύονται.,tlg0653.tlg001.perseus-grc2.xml
Phaenomena,tlg001,1,1010,καὶ δʼ ἄν που γέρανοι μαλακῆς προπάροιθε γαλήνης,καὶ δ’ ἄν που γέρανοι μαλακῆς προπάροιθε γαλήνης,tlg0653.tlg001.perseus-grc2.xml
Phaenomena,tlg001,1,1011,"ἀσφαλέως τανύσαιεν ἕνα δρόμον ἤλιθα πᾶσαι,","ἀσφαλέως τανύσαιεν ἕνα δρόμον ἤλιθα πᾶσαι,",tlg0653.tlg001.perseus-grc2.xml
Phaenomena,tlg001,1,1012,οὐδὲ παλιρρόθιοί κεν ὑπεύδιοι φορέοιντο.,οὐδὲ παλιρρόθιοί κεν ὑπεύδιοι φορέοιντο.,tlg0653.tlg001.perseus-grc2.xml
Phaenomena,tlg001,1,1013,"ἦμος δʼ ἀστερόθεν καθαρὸν φὰος ἀμβλύνηται,","ἦμος δ’ ἀστερόθεν καθαρὸν φὰος ἀμβλύνηται,",tlg0653.tlg001.perseus-grc2.xml
Phaenomena,tlg001,1,1014,"οὐδέ ποθεν νεφέλαι πεπιεσμέναι ἀντιόωσιν,","οὐδέ ποθεν νεφέλαι πεπιεσμέναι ἀντιόωσιν,",tlg0653.tlg001.perseus-grc2.xml
Phaenomena,tlg001,1,1015,"οὐδέ ποθεν ζόφος ἄλλος ὑποτρέχῃ οὐδὲ σελήνη,","οὐδέ ποθεν ζόφος ἄλλος ὑποτρέχῃ οὐδὲ σελήνη,",tlg0653.tlg001.perseus-grc2.xml
Phaenomena,tlg001,1,1016,"ἀλλὰ τά γʼ ἐξαπίνης αὕτως ἀμενηνὰ φέρωνται,","ἀλλὰ τά γ’ ἐξαπίνης αὕτως ἀμενηνὰ φέρωνται,",tlg0653.tlg001.perseus-grc2.xml
Phaenomena,tlg001,1,1017,"μηκέτι τοι τόδε σῆμα γαληναίης ἐπικείσθω,","μηκέτι τοι τόδε σῆμα γαληναίης ἐπικείσθω,",tlg0653.tlg001.perseus-grc2.xml
Phaenomena,tlg001,1,1018,ἀλλʼ ἐπὶ χεῖμα δόκευε· καὶ ὁππότε ταὶ μὲν ἔωσιν,ἀλλ’ ἐπὶ χεῖμα δόκευε· καὶ ὁππότε ταὶ μὲν ἔωσιν,tlg0653.tlg001.perseus-grc2.xml
Phaenomena,tlg001,1,1019,"αὐτῇ ἐνὶ χώρῃ νεφέλαι, ταὶ δʼ ἄλλαι ὑπʼ αὐταῖς","αὐτῇ ἐνὶ χώρῃ νεφέλαι, ταὶ δ’ ἄλλαι ὑπ’ αὐταῖς",tlg0653.tlg001.perseus-grc2.xml
Phaenomena,tlg001,1,1020,"ταὶ μὲν ἀμειβόμεναι, ταὶ δʼ ἐξόπιθεν φορέωνται.","ταὶ μὲν ἀμειβόμεναι, ταὶ δ’ ἐξόπιθεν φορέωνται.",tlg0653.tlg001.perseus-grc2.xml
Phaenomena,tlg001,1,1021,καὶ χῆνες κλαγγηδὸν ἐπειγόμεναι βρωμοῖο,καὶ χῆνες κλαγγηδὸν ἐπειγόμεναι βρωμοῖο,tlg0653.tlg001.perseus-grc2.xml
Phaenomena,tlg001,1,1022,"χειμῶνος μέγα σῆμα, καὶ ἐννεάγηρα κορώνη","χειμῶνος μέγα σῆμα, καὶ ἐννεάγηρα κορώνη",tlg0653.tlg001.perseus-grc2.xml
Phaenomena,tlg001,1,1023,"νύκτερον ἀείδουσα, καὶ ὀψὲ βοῶντε κολοιοί,","νύκτερον ἀείδουσα, καὶ ὀψὲ βοῶντε κολοιοί,",tlg0653.tlg001.perseus-grc2.xml
Phaenomena,tlg001,1,1024,"καὶ σπίνος ἠῶα σπίζων, καὶ ὄρνεα πάντα","καὶ σπίνος ἠῶα σπίζων, καὶ ὄρνεα πάντα",tlg0653.tlg001.perseus-grc2.xml
Phaenomena,tlg001,1,1025,"ἐκ πελάγους φεύγοντα, καὶ ὀρχίλος ἢ καὶ ἐριθεὺς","ἐκ πελάγους φεύγοντα, καὶ ὀρχίλος ἢ καὶ ἐριθεὺς",tlg0653.tlg001.perseus-grc2.xml
Phaenomena,tlg001,1,1026,"δύνων ἐς κοίλας ὀχεάς, καὶ φῦλα κολοιῶν","δύνων ἐς κοίλας ὀχεάς, καὶ φῦλα κολοιῶν",tlg0653.tlg001.perseus-grc2.xml
Phaenomena,tlg001,1,1027,ἐκ νομοῦ ἐρχόμενα τραφεροῦ ἐπὶ ὄψιον αὖλιν.,ἐκ νομοῦ ἐρχόμενα τραφεροῦ ἐπὶ ὄψιον αὖλιν.,tlg0653.tlg001.perseus-grc2.xml
Phaenomena,tlg001,1,1028,οὐδʼ ἂν ἐπιξουθαὶ μεγάλου χειμῶνος ἰόντος,οὐδ’ ἂν ἐπιξουθαὶ μεγάλου χειμῶνος ἰόντος,tlg0653.tlg001.perseus-grc2.xml
Phaenomena,tlg001,1,1029,"πρόσσω ποιήσαιντο νομὸν κηροῖο μέλισσαι,","πρόσσω ποιήσαιντο νομὸν κηροῖο μέλισσαι,",tlg0653.tlg001.perseus-grc2.xml
Phaenomena,tlg001,1,1030,ἀλλʼ αὐτοῦ μέλιτός τε καὶ ἔργων εἱλίσσονται·,ἀλλ’ αὐτοῦ μέλιτός τε καὶ ἔργων εἱλίσσονται·,tlg0653.tlg001.perseus-grc2.xml
Phaenomena,tlg001,1,1031,οὐδʼ ὑψοῦ γεράνων μακραὶ στίχες αὐτὰ κέλευθα,οὐδ’ ὑψοῦ γεράνων μακραὶ στίχες αὐτὰ κέλευθα,tlg0653.tlg001.perseus-grc2.xml
Phaenomena,tlg001,1,1032,"τείνονται, στροφάδες δὲ παλιμπετὲς ἀπονέονται.","τείνονται, στροφάδες δὲ παλιμπετὲς ἀπονέονται.",tlg0653.tlg001.perseus-grc2.xml
Phaenomena,tlg001,1,1033,"μηδʼ, ὅτε νηνεμίῃ κεν ἀράχνια λεπτὰ φέρηται,","μηδ’, ὅτε νηνεμίῃ κεν ἀράχνια λεπτὰ φέρηται,",tlg0653.tlg001.perseus-grc2.xml
Phaenomena,tlg001,1,1034,"καὶ φλόγες αἰθύσσωσι μαραινόμεναι λύχνοιο,","καὶ φλόγες αἰθύσσωσι μαραινόμεναι λύχνοιο,",tlg0653.tlg001.perseus-grc2.xml
Phaenomena,tlg001,1,1035,"ἢ πῦρ αὔηται σπουδῇ καὶ ὑπεύδια λύχνα,","ἢ πῦρ αὔηται σπουδῇ καὶ ὑπεύδια λύχνα,",tlg0653.tlg001.perseus-grc2.xml
Phaenomena,tlg001,1,1036,πιστεύειν χειμῶνι. τί τοι λέγω ὅσσα πέλονται,πιστεύειν χειμῶνι. τί τοι λέγω ὅσσα πέλονται,tlg0653.tlg001.perseus-grc2.xml
Phaenomena,tlg001,1,1037,σήματʼ ἐπʼ ἀνθρώπους; δὴ γὰρ καὶ ἀεικέϊ τέθρῃ,σήματ’ ἐπ’ ἀνθρώπους; δὴ γὰρ καὶ ἀεικέϊ τέθρῃ,tlg0653.tlg001.perseus-grc2.xml
Phaenomena,tlg001,1,1038,"αὐτοῦ πηγνυμένῃ νιφετοῦ ἐπιτεκμήραιο,","αὐτοῦ πηγνυμένῃ νιφετοῦ ἐπιτεκμήραιο,",tlg0653.tlg001.perseus-grc2.xml
Phaenomena,tlg001,1,1039,"καὶ λύχνῳ χιόνος, κέγχροις ὅτʼ ἐοικότα πάντη","καὶ λύχνῳ χιόνος, κέγχροις ὅτ’ ἐοικότα πάντη",tlg0653.tlg001.perseus-grc2.xml
Phaenomena,tlg001,1,1040,"κύκλῳ σήματʼ ἔχει πυριλαμπέος έγγύθι μύξης,","κύκλῳ σήματ’ ἔχει πυριλαμπέος έγγύθι μύξης,",tlg0653.tlg001.perseus-grc2.xml
Phaenomena,tlg001,1,1041,"ἄνθρακι δὲ ζώοντι χαλάζης, ὁππότε λαμπρὸς","ἄνθρακι δὲ ζώοντι χαλάζης, ὁππότε λαμπρὸς",tlg0653.tlg001.perseus-grc2.xml
Phaenomena,tlg001,1,1042,"αὐτὸς ἐείδηται, μέσσῳ δέ οἱ ἠΰτε λεπρὴ","αὐτὸς ἐείδηται, μέσσῳ δέ οἱ ἠΰτε λεπρὴ",tlg0653.tlg001.perseus-grc2.xml
Phaenomena,tlg001,1,1043,"φαίνηται νεφέλη, πυρὸς ἔνδοθεν αἰθομένοιο.","φαίνηται νεφέλη, πυρὸς ἔνδοθεν αἰθομένοιο.",tlg0653.tlg001.perseus-grc2.xml
Phaenomena,tlg001,1,1044,πρῖνοι δʼ αὖ καρποῖο καταχθέες οὐδὲ μέλαιναι,πρῖνοι δ’ αὖ καρποῖο καταχθέες οὐδὲ μέλαιναι,tlg0653.tlg001.perseus-grc2.xml
Phaenomena,tlg001,1,1045,σχῖνοι ἀπείρητοι· πάντη δέ τε πολλὸς ἀλωεὺς,σχῖνοι ἀπείρητοι· πάντη δέ τε πολλὸς ἀλωεὺς,tlg0653.tlg001.perseus-grc2.xml
Phaenomena,tlg001,1,1046,"αἰεὶ παπταίνει, μή οἱ θέρος ἐκ χερὸς ἔρρῃ.","αἰεὶ παπταίνει, μή οἱ θέρος ἐκ χερὸς ἔρρῃ.",tlg0653.tlg001.perseus-grc2.xml
Phaenomena,tlg001,1,1047,πρῖνοι μὲν θαμινῆς ἀκύλου κατὰ μέτρον ἔχουσαι,πρῖνοι μὲν θαμινῆς ἀκύλου κατὰ μέτρον ἔχουσαι,tlg0653.tlg001.perseus-grc2.xml
Phaenomena,tlg001,1,1048,χειμῶνός κε λέγοιεν ἐπὶ πλέον ἰσχύσοντος.,χειμῶνός κε λέγοιεν ἐπὶ πλέον ἰσχύσοντος.,tlg0653.tlg001.perseus-grc2.xml
Phaenomena,tlg001,1,1049,"μὴ μὲν ἄδην ἔκπαγλα περιβρίθοιεν ἁπάντη,","μὴ μὲν ἄδην ἔκπαγλα περιβρίθοιεν ἁπάντη,",tlg0653.tlg001.perseus-grc2.xml
Phaenomena,tlg001,1,1050,τηλοτέρω δʼ αὐχμοῖο συνασταχύοιεν ἄρουραι.,τηλοτέρω δ’ αὐχμοῖο συνασταχύοιεν ἄρουραι.,tlg0653.tlg001.perseus-grc2.xml
Phaenomena,tlg001,1,1051,"τριπλόα δὲ σχῖνος κυέει, τρισσαὶ δέ οἱ αὖξαι","τριπλόα δὲ σχῖνος κυέει, τρισσαὶ δέ οἱ αὖξαι",tlg0653.tlg001.perseus-grc2.xml
Phaenomena,tlg001,1,1052,"γίνονται καρποῖο, φέρει δέ τε σήμαθʼ ἑκάστη","γίνονται καρποῖο, φέρει δέ τε σήμαθ’ ἑκάστη",tlg0653.tlg001.perseus-grc2.xml
Phaenomena,tlg001,1,1053,ἑξείης ἀρότῳ. καὶ γάρ τʼ ἀροτήσιον ὥρην,ἑξείης ἀρότῳ. καὶ γάρ τ’ ἀροτήσιον ὥρην,tlg0653.tlg001.perseus-grc2.xml
Phaenomena,tlg001,1,1054,"τριπλόα μείρονται, μέσσην καὶ ἐπʼ ἀμφότερʼ ἄκρα·","τριπλόα μείρονται, μέσσην καὶ ἐπ’ ἀμφότερ’ ἄκρα·",tlg0653.tlg001.perseus-grc2.xml
Phaenomena,tlg001,1,1055,"πρῶτος μὲν πρώτην ἄροσιν, μέσσος δέ τε μέσσην","πρῶτος μὲν πρώτην ἄροσιν, μέσσος δέ τε μέσσην",tlg0653.tlg001.perseus-grc2.xml
Phaenomena,tlg001,1,1056,"καρπὸς ἀπαγγέλλει, πυμάτην γε μὲν ἔσχατος ἄλλων.","καρπὸς ἀπαγγέλλει, πυμάτην γε μὲν ἔσχατος ἄλλων.",tlg0653.tlg001.perseus-grc2.xml
Phaenomena,tlg001,1,1057,"ὅντινα γὰρ κάλλιστα λοχαίη σχῖνος ἄρηται,","ὅντινα γὰρ κάλλιστα λοχαίη σχῖνος ἄρηται,",tlg0653.tlg001.perseus-grc2.xml
Phaenomena,tlg001,1,1058,"κείνῳ γʼ ἐξ ἄλλων ἄροσις πολυλήϊος εἴη,","κείνῳ γ’ ἐξ ἄλλων ἄροσις πολυλήϊος εἴη,",tlg0653.tlg001.perseus-grc2.xml
Phaenomena,tlg001,1,1059,"τῷ δέ γʼ ἀφαυροτάτῳ ὀλίγη, μέσσῳ δέ τε μέσση.","τῷ δέ γ’ ἀφαυροτάτῳ ὀλίγη, μέσσῳ δέ τε μέσση.",tlg0653.tlg001.perseus-grc2.xml
Phaenomena,tlg001,1,1060,αὕτως δʼ ἀνθέρικος τριχθὰ σκίλλης ὑπερανθεῖ,αὕτως δ’ ἀνθέρικος τριχθὰ σκίλλης ὑπερανθεῖ,tlg0653.tlg001.perseus-grc2.xml
Phaenomena,tlg001,1,1061,σήματʼ ἐπιφράσσασθαι ὁμοιίου ἀμητοῖο.,σήματ’ ἐπιφράσσασθαι ὁμοιίου ἀμητοῖο.,tlg0653.tlg001.perseus-grc2.xml
Phaenomena,tlg001,1,1062,"ὅσσα δʼ ἐνὶ σχίνου ἀροτὴρ ἐφράσσατο καρπῷ,","ὅσσα δ’ ἐνὶ σχίνου ἀροτὴρ ἐφράσσατο καρπῷ,",tlg0653.tlg001.perseus-grc2.xml
Phaenomena,tlg001,1,1063,τόσσα δὲ καὶ σκίλλης τεκμαίρεται ἄνθεϊ λευκῷ.,τόσσα δὲ καὶ σκίλλης τεκμαίρεται ἄνθεϊ λευκῷ.,tlg0653.tlg001.perseus-grc2.xml
Phaenomena,tlg001,1,1064,αὐτὰρ ὅτε σφῆκες μετοπωρινὸν ἤλιθα πολλοὶ,αὐτὰρ ὅτε σφῆκες μετοπωρινὸν ἤλιθα πολλοὶ,tlg0653.tlg001.perseus-grc2.xml
Phaenomena,tlg001,1,1065,"πάντη βεβρίθωσι, καὶ ἑσπαρίων προπάροιθεν","πάντη βεβρίθωσι, καὶ ἑσπαρίων προπάροιθεν",tlg0653.tlg001.perseus-grc2.xml
Phaenomena,tlg001,1,1066,"πληϊάδων εἴποι τις ἐπερχόμενον χειμῶνα,","πληϊάδων εἴποι τις ἐπερχόμενον χειμῶνα,",tlg0653.tlg001.perseus-grc2.xml
Phaenomena,tlg001,1,1067,οἷος ἐπὶ σφήκεσσιν ἑλίσσεται αὐτίκα δῖνος.,οἷος ἐπὶ σφήκεσσιν ἑλίσσεται αὐτίκα δῖνος.,tlg0653.tlg001.perseus-grc2.xml
Phaenomena,tlg001,1,1068,"θήλειαι δὲ σύες, θήλεια δὲ μῆλα καὶ αἶγες","θήλειαι δὲ σύες, θήλεια δὲ μῆλα καὶ αἶγες",tlg0653.tlg001.perseus-grc2.xml
Phaenomena,tlg001,1,1069,"ὁππότʼ ἀναστρωφῶσιν ὀχῆς, τὰ δέ γʼ ἄρσενα πάντα","ὁππότ’ ἀναστρωφῶσιν ὀχῆς, τὰ δέ γ’ ἄρσενα πάντα",tlg0653.tlg001.perseus-grc2.xml
Phaenomena,tlg001,1,1070,"δεξάμεναι πάλιν αὖτις ἀναβλήδην ὀχέωνται,","δεξάμεναι πάλιν αὖτις ἀναβλήδην ὀχέωνται,",tlg0653.tlg001.perseus-grc2.xml
Phaenomena,tlg001,1,1071,αὕτως κε σφήκεσσι μέγαν χειμῶνα λέγοιεν.,αὕτως κε σφήκεσσι μέγαν χειμῶνα λέγοιεν.,tlg0653.tlg001.perseus-grc2.xml
Phaenomena,tlg001,1,1072,ὀψὲ δὲ μισγομένων αἰγῶν μήλων τε συῶν τε,ὀψὲ δὲ μισγομένων αἰγῶν μήλων τε συῶν τε,tlg0653.tlg001.perseus-grc2.xml
Phaenomena,tlg001,1,1073,"χαίρει ἄνολβος ἀνήρ, ὅ οἱ οὐ μάλα θαλπιόωντι","χαίρει ἄνολβος ἀνήρ, ὅ οἱ οὐ μάλα θαλπιόωντι",tlg0653.tlg001.perseus-grc2.xml
Phaenomena,tlg001,1,1074,εὔδιον φαίνουσι βιβαιόμεναι ἐνιαυτόν.,εὔδιον φαίνουσι βιβαιόμεναι ἐνιαυτόν.,tlg0653.tlg001.perseus-grc2.xml
Phaenomena,tlg001,1,1075,χαίρει καὶ γεράνων ἀγέλαις ὡραῖος ἀροτρεὺς,χαίρει καὶ γεράνων ἀγέλαις ὡραῖος ἀροτρεὺς,tlg0653.tlg001.perseus-grc2.xml
Phaenomena,tlg001,1,1076,"ὥριον ἐρχομέναις, ὁ δʼ ἀώριος αὐτίκα μᾶλλον·","ὥριον ἐρχομέναις, ὁ δ’ ἀώριος αὐτίκα μᾶλλον·",tlg0653.tlg001.perseus-grc2.xml
Phaenomena,tlg001,1,1077,αὕτως γὰρ χειμῶνες ἐπέρχονται γεράνοισιν·,αὕτως γὰρ χειμῶνες ἐπέρχονται γεράνοισιν·,tlg0653.tlg001.perseus-grc2.xml
Phaenomena,tlg001,1,1078,πρώϊα μὲν καὶ μᾶλλον ὁμιλαδὸν ἐρχομένῃσιν,πρώϊα μὲν καὶ μᾶλλον ὁμιλαδὸν ἐρχομένῃσιν,tlg0653.tlg001.perseus-grc2.xml
Phaenomena,tlg001,1,1079,πρώιον· αὐτὰρ ὅτʼ ὀψὲ καὶ οὐκ ἀγεληδὰ φανεῖσαι,πρώιον· αὐτὰρ ὅτ’ ὀψὲ καὶ οὐκ ἀγεληδὰ φανεῖσαι,tlg0653.tlg001.perseus-grc2.xml
Phaenomena,tlg001,1,1080,"πλειότερον φορέονται ἐπὶ χρόνον οὐδʼ ἅμα πολλαί,","πλειότερον φορέονται ἐπὶ χρόνον οὐδ’ ἅμα πολλαί,",tlg0653.tlg001.perseus-grc2.xml
Phaenomena,tlg001,1,1081,ἀμβολίῃ χειμῶνος ὀφέλλεται ὕστερα ἔργα.,ἀμβολίῃ χειμῶνος ὀφέλλεται ὕστερα ἔργα.,tlg0653.tlg001.perseus-grc2.xml
Phaenomena,tlg001,1,1082,εἰ δὲ βόες καὶ μῆλα μετὰ βρίθουσαν ὀπώρην,εἰ δὲ βόες καὶ μῆλα μετὰ βρίθουσαν ὀπώρην,tlg0653.tlg001.perseus-grc2.xml
Phaenomena,tlg001,1,1083,"γαῖαν ἀρύσσωσιν, κεφαλὰς δʼ ἀνέμοιο βορῆος","γαῖαν ἀρύσσωσιν, κεφαλὰς δ’ ἀνέμοιο βορῆος",tlg0653.tlg001.perseus-grc2.xml
Phaenomena,tlg001,1,1084,"ἀντία τείνωσιν, μάλα κεν τότε χείμερον αὐταὶ","ἀντία τείνωσιν, μάλα κεν τότε χείμερον αὐταὶ",tlg0653.tlg001.perseus-grc2.xml
Phaenomena,tlg001,1,1085,Πληϊάδες χειμῶνα κατερχόμεναι φορέοιεν.,Πληϊάδες χειμῶνα κατερχόμεναι φορέοιεν.,tlg0653.tlg001.perseus-grc2.xml
Phaenomena,tlg001,1,1086,μὴ δὲ λίην ὀρύχοιεν· ἐπεὶ μέγας οὐ κατὰ κόσμον,μὴ δὲ λίην ὀρύχοιεν· ἐπεὶ μέγας οὐ κατὰ κόσμον,tlg0653.tlg001.perseus-grc2.xml
Phaenomena,tlg001,1,1087,γίνεται οὔτε φυτοῖς χειμὼν φίλος οὔτʼ ἀρότοισιν.,γίνεται οὔτε φυτοῖς χειμὼν φίλος οὔτ’ ἀρότοισιν.,tlg0653.tlg001.perseus-grc2.xml
Phaenomena,tlg001,1,1088,"ἀλλὰ χιὼν εἴη πολλὴ μεγάλαις ἐν ἀρούραις,","ἀλλὰ χιὼν εἴη πολλὴ μεγάλαις ἐν ἀρούραις,",tlg0653.tlg001.perseus-grc2.xml
Phaenomena,tlg001,1,1089,"μήπω κεκριμένῃ μηδὲ βλωθρῇ ἐπὶ ποίῃ,","μήπω κεκριμένῃ μηδὲ βλωθρῇ ἐπὶ ποίῃ,",tlg0653.tlg001.perseus-grc2.xml
Phaenomena,tlg001,1,1090,ὄφρα τις εὐεστοῖ χαίρῃ ποτιδέγμενος ἀνήρ.,ὄφρα τις εὐεστοῖ χαίρῃ ποτιδέγμενος ἀνήρ.,tlg0653.tlg001.perseus-grc2.xml
Phaenomena,tlg001,1,1091,οἱ δʼ εἶεν καθύπερθεν ἐοικότες ἀστέρες αἰεί·,οἱ δ’ εἶεν καθύπερθεν ἐοικότες ἀστέρες αἰεί·,tlg0653.tlg001.perseus-grc2.xml
Phaenomena,tlg001,1,1092,μηδʼ εἷς μήτε δύω μήτε πλέονες κομόωντες·,μηδ’ εἷς μήτε δύω μήτε πλέονες κομόωντες·,tlg0653.tlg001.perseus-grc2.xml
Phaenomena,tlg001,1,1093,πολλοὶ γὰρ κομόωσιν ἐπʼ αὐχμηρῷ ἐνιαυτῷ.,πολλοὶ γὰρ κομόωσιν ἐπ’ αὐχμηρῷ ἐνιαυτῷ.,tlg0653.tlg001.perseus-grc2.xml
Phaenomena,tlg001,1,1094,"οὐδὲ μὲν ὀρνίθων ἀγέλαις ἠπειρόθεν ἀνήρ,","οὐδὲ μὲν ὀρνίθων ἀγέλαις ἠπειρόθεν ἀνήρ,",tlg0653.tlg001.perseus-grc2.xml
Phaenomena,tlg001,1,1095,"ἐκ νήσων ὅτε πολλαἰ ἐπιπλήσσωσιν ἀρούραις,","ἐκ νήσων ὅτε πολλαἰ ἐπιπλήσσωσιν ἀρούραις,",tlg0653.tlg001.perseus-grc2.xml
Phaenomena,tlg001,1,1096,ἐρχομένου θέρεος χαίρει· περιδείδιε δʼ αἰνῶς,ἐρχομένου θέρεος χαίρει· περιδείδιε δ’ αἰνῶς,tlg0653.tlg001.perseus-grc2.xml
Phaenomena,tlg001,1,1097,"ἀμητῷ, μή οἱ κενεὸς καὶ ἀχύρμιος ἔλθῃ","ἀμητῷ, μή οἱ κενεὸς καὶ ἀχύρμιος ἔλθῃ",tlg0653.tlg001.perseus-grc2.xml
Phaenomena,tlg001,1,1098,αὐχμῷ ἀνιηθείς. χαίρει δέ που αἰπόλος ἀνὴρ,αὐχμῷ ἀνιηθείς. χαίρει δέ που αἰπόλος ἀνὴρ,tlg0653.tlg001.perseus-grc2.xml
Phaenomena,tlg001,1,1099,"αὐταῖς ὀρνίθεσσιν, ἐπὴν κατὰ μέτρον ἴωσιν,","αὐταῖς ὀρνίθεσσιν, ἐπὴν κατὰ μέτρον ἴωσιν,",tlg0653.tlg001.perseus-grc2.xml
Phaenomena,tlg001,1,1100,ἐλπόμενος μετέπειτα πολυγλαγέος ἐνιαυτοῦ.,ἐλπόμενος μετέπειτα πολυγλαγέος ἐνιαυτοῦ.,tlg0653.tlg001.perseus-grc2.xml
Phaenomena,tlg001,1,1101,οὕτω γὰρ μογεροὶ καὶ ἀλήμονες ἄλλοθεν ἄλλοι,οὕτω γὰρ μογεροὶ καὶ ἀλήμονες ἄλλοθεν ἄλλοι,tlg0653.tlg001.perseus-grc2.xml
Phaenomena,tlg001,1,1102,ζώομεν ἄνθρωποι. τὰ δὲ πὰρ ποσὶ πάντες ἑτοῖμοι,ζώομεν ἄνθρωποι. τὰ δὲ πὰρ ποσὶ πάντες ἑτοῖμοι,tlg0653.tlg001.perseus-grc2.xml
Phaenomena,tlg001,1,1103,σήματʼ ἐπιγνῶναι καὶ ἐσαυτίκα ποιήσασθαι.,σήματ’ ἐπιγνῶναι καὶ ἐσαυτίκα ποιήσασθαι.,tlg0653.tlg001.perseus-grc2.xml
Phaenomena,tlg001,1,1104,"Ἀρνάσι μὲν χειμῶνας ἐτεκμήραντο νομῆες,","Ἀρνάσι μὲν χειμῶνας ἐτεκμήραντο νομῆες,",tlg0653.tlg001.perseus-grc2.xml
Phaenomena,tlg001,1,1105,"ἐς νομὸν ὁππότε μᾶλλον ἐπειγόμενοι τροχόωσιν,","ἐς νομὸν ὁππότε μᾶλλον ἐπειγόμενοι τροχόωσιν,",tlg0653.tlg001.perseus-grc2.xml
Phaenomena,tlg001,1,1106,"ἄλλοι δʼ ἐξ ἀγέλης κριοί, ἄλλοι δὲ καὶ ἀμνοὶ","ἄλλοι δ’ ἐξ ἀγέλης κριοί, ἄλλοι δὲ καὶ ἀμνοὶ",tlg0653.tlg001.perseus-grc2.xml
Phaenomena,tlg001,1,1107,εἰνόδιοι παίζωσιν ἐρειδόμενοι κεράεσσιν·,εἰνόδιοι παίζωσιν ἐρειδόμενοι κεράεσσιν·,tlg0653.tlg001.perseus-grc2.xml
Phaenomena,tlg001,1,1108,ἢ ὁπότʼ ἄλλοθεν ἄλλοι ἀναπλήσσωσι πόδεσσιν,ἢ ὁπότ’ ἄλλοθεν ἄλλοι ἀναπλήσσωσι πόδεσσιν,tlg0653.tlg001.perseus-grc2.xml
Phaenomena,tlg001,1,1109,"τέτρασιν οἱ κοῦφοι, κεραοί γε μὲν ἀμφοτέροισιν·","τέτρασιν οἱ κοῦφοι, κεραοί γε μὲν ἀμφοτέροισιν·",tlg0653.tlg001.perseus-grc2.xml
Phaenomena,tlg001,1,1110,ἢ καὶ ὅτʼ ἐξ ἀγἐλης ἀεκούσια κινήσωσιν,ἢ καὶ ὅτ’ ἐξ ἀγἐλης ἀεκούσια κινήσωσιν,tlg0653.tlg001.perseus-grc2.xml
Phaenomena,tlg001,1,1111,"δείελον εἰσελάοντες ὅμως, τὰ δὲ πάντοθι ποίης","δείελον εἰσελάοντες ὅμως, τὰ δὲ πάντοθι ποίης",tlg0653.tlg001.perseus-grc2.xml
Phaenomena,tlg001,1,1112,δάκνωσιν πυκινῇσι κελευόμενα λιθάκεσσιν.,δάκνωσιν πυκινῇσι κελευόμενα λιθάκεσσιν.,tlg0653.tlg001.perseus-grc2.xml
Phaenomena,tlg001,1,1113,ἐκ δὲ βοῶν ἐπύθοντʼ ἀρόται καὶ βουκόλοι ἄνδρες,ἐκ δὲ βοῶν ἐπύθοντ’ ἀρόται καὶ βουκόλοι ἄνδρες,tlg0653.tlg001.perseus-grc2.xml
Phaenomena,tlg001,1,1114,κινυμένου χειμῶνος· ἐπεὶ βόες ὁππότε χηλὰς,κινυμένου χειμῶνος· ἐπεὶ βόες ὁππότε χηλὰς,tlg0653.tlg001.perseus-grc2.xml
Phaenomena,tlg001,1,1115,"γλώσσῃ ὑπωμαίοιο ποδὸς περιλιχμήσωνται,","γλώσσῃ ὑπωμαίοιο ποδὸς περιλιχμήσωνται,",tlg0653.tlg001.perseus-grc2.xml
Phaenomena,tlg001,1,1116,"ἢ κοίτῳ πλευρὰς ἐπὶ δεξιτερὰς τανύσωνται,","ἢ κοίτῳ πλευρὰς ἐπὶ δεξιτερὰς τανύσωνται,",tlg0653.tlg001.perseus-grc2.xml
Phaenomena,tlg001,1,1117,ἀμβολίην ἀρότοιο γέρων ἐπιέλπετʼ ἀροτρεύς.,ἀμβολίην ἀρότοιο γέρων ἐπιέλπετ’ ἀροτρεύς.,tlg0653.tlg001.perseus-grc2.xml
Phaenomena,tlg001,1,1118,οὐδʼ ὅτε μυκηθμοῖο περίπλειοι ἀγέρωνται,οὐδ’ ὅτε μυκηθμοῖο περίπλειοι ἀγέρωνται,tlg0653.tlg001.perseus-grc2.xml
Phaenomena,tlg001,1,1119,"ἐρχόμεναι σταθμόνδε βόες βουλύσιον ὥρην,","ἐρχόμεναι σταθμόνδε βόες βουλύσιον ὥρην,",tlg0653.tlg001.perseus-grc2.xml
Phaenomena,tlg001,1,1120,σκυθραὶ λειμῶνος πόριες καὶ βουβοσίοιο,σκυθραὶ λειμῶνος πόριες καὶ βουβοσίοιο,tlg0653.tlg001.perseus-grc2.xml
Phaenomena,tlg001,1,1121,αὐτίκα τεκμαίρονται ἀχείμεροι ἐμπλήσεσθαι.,αὐτίκα τεκμαίρονται ἀχείμεροι ἐμπλήσεσθαι.,tlg0653.tlg001.perseus-grc2.xml
Phaenomena,tlg001,1,1122,οὐδʼ αἶγες πρίνοιο περισπεύδουσαι ἀκάνθαις,οὐδ’ αἶγες πρίνοιο περισπεύδουσαι ἀκάνθαις,tlg0653.tlg001.perseus-grc2.xml
Phaenomena,tlg001,1,1123,"εὔδιοι, οὐδὲ σύες φορυτῷ ἐπιμαργαίνουσαι.","εὔδιοι, οὐδὲ σύες φορυτῷ ἐπιμαργαίνουσαι.",tlg0653.tlg001.perseus-grc2.xml
Phaenomena,tlg001,1,1124,"καὶ λύκος ὁππότε μακρὰ μονόλυκος ὠρύηται,","καὶ λύκος ὁππότε μακρὰ μονόλυκος ὠρύηται,",tlg0653.tlg001.perseus-grc2.xml
Phaenomena,tlg001,1,1125,ἢ ὅγʼ ἀροτρήων ὀλίγον πεφυλαγμένος ἀνδρῶν,ἢ ὅγ’ ἀροτρήων ὀλίγον πεφυλαγμένος ἀνδρῶν,tlg0653.tlg001.perseus-grc2.xml
Phaenomena,tlg001,1,1126,"ἔργα κατέρχηται, σκέπαος χατέοντι ἐοικώς,","ἔργα κατέρχηται, σκέπαος χατέοντι ἐοικώς,",tlg0653.tlg001.perseus-grc2.xml
Phaenomena,tlg001,1,1127,"ἐγγύθεν ἀνθρώπων, ἵνα οἱ λέχος αὐτόθεν εἴη,","ἐγγύθεν ἀνθρώπων, ἵνα οἱ λέχος αὐτόθεν εἴη,",tlg0653.tlg001.perseus-grc2.xml
Phaenomena,tlg001,1,1128,τρὶς περιτελλομένης ἠοῦς χειμῶνα δοκεύειν.,τρὶς περιτελλομένης ἠοῦς χειμῶνα δοκεύειν.,tlg0653.tlg001.perseus-grc2.xml
Phaenomena,tlg001,1,1129,οὕτω καὶ προτέροις ἐπὶ σήμασι τεκμήραιο,οὕτω καὶ προτέροις ἐπὶ σήμασι τεκμήραιο,tlg0653.tlg001.perseus-grc2.xml
Phaenomena,tlg001,1,1130,"ἐσσομένων ἀνέμων ἢ χείματος ἢ ὑετοῖο,","ἐσσομένων ἀνέμων ἢ χείματος ἢ ὑετοῖο,",tlg0653.tlg001.perseus-grc2.xml
Phaenomena,tlg001,1,1131,αὐτὴν ἢ μετὰ τὴν ἢ καὶ τριτάτην ἔτʼ ἐς ἠῶ.,αὐτὴν ἢ μετὰ τὴν ἢ καὶ τριτάτην ἔτ’ ἐς ἠῶ.,tlg0653.tlg001.perseus-grc2.xml
Phaenomena,tlg001,1,1132,"ἀλλὰ γὰρ οὐδὲ μύες, τετριγότες εἴ ποτε μᾶλλον","ἀλλὰ γὰρ οὐδὲ μύες, τετριγότες εἴ ποτε μᾶλλον",tlg0653.tlg001.perseus-grc2.xml
Phaenomena,tlg001,1,1133,"εὔδιοι ἐσκίρτησαν ἐοικότες ὀρχηθμοῖσιν,","εὔδιοι ἐσκίρτησαν ἐοικότες ὀρχηθμοῖσιν,",tlg0653.tlg001.perseus-grc2.xml
Phaenomena,tlg001,1,1134,ἄσκεπτοι ἐγένοντο παλαιοτέροις ἀνθρώποις·,ἄσκεπτοι ἐγένοντο παλαιοτέροις ἀνθρώποις·,tlg0653.tlg001.perseus-grc2.xml
Phaenomena,tlg001,1,1135,οὐδὲ κύνες· καὶ γάρ τε κύων ὠρύξατο ποσσὶν,οὐδὲ κύνες· καὶ γάρ τε κύων ὠρύξατο ποσσὶν,tlg0653.tlg001.perseus-grc2.xml
Phaenomena,tlg001,1,1136,"ἀμφοτέροις χειμῶνος ἐπερχομένοιο δοκεύων,","ἀμφοτέροις χειμῶνος ἐπερχομένοιο δοκεύων,",tlg0653.tlg001.perseus-grc2.xml
Phaenomena,tlg001,1,1137,καὶ κεῖνοι χειμῶνα μύες τότε μαντεύονται.,καὶ κεῖνοι χειμῶνα μύες τότε μαντεύονται.,tlg0653.tlg001.perseus-grc2.xml
Phaenomena,tlg001,1,1138,"καὶ μὴν ἐξ ὕδατος καὶ καρκίνος ᾤχετο χέρσον,","καὶ μὴν ἐξ ὕδατος καὶ καρκίνος ᾤχετο χέρσον,",tlg0653.tlg001.perseus-grc2.xml
Phaenomena,tlg001,1,1139,χειμῶνος μέλλοντος ἐπαΐσσεσθαι ὁδοῖο.,χειμῶνος μέλλοντος ἐπαΐσσεσθαι ὁδοῖο.,tlg0653.tlg001.perseus-grc2.xml
Phaenomena,tlg001,1,1140,καὶ μύες ἡμέριοι ποσσὶ στιβάδα στρωφῶντες,καὶ μύες ἡμέριοι ποσσὶ στιβάδα στρωφῶντες,tlg0653.tlg001.perseus-grc2.xml
Phaenomena,tlg001,1,1141,"κοίτης ἱμείρονται, ὅτʼ ὄμβρου σήματα φαίνοι.","κοίτης ἱμείρονται, ὅτ’ ὄμβρου σήματα φαίνοι.",tlg0653.tlg001.perseus-grc2.xml
Phaenomena,tlg001,1,1142,τῶν μηδὲν κατόνοσσο· καλὸν δʼ ἐπὶ σήματι σῆμα,τῶν μηδὲν κατόνοσσο· καλὸν δ’ ἐπὶ σήματι σῆμα,tlg0653.tlg001.perseus-grc2.xml
Phaenomena,tlg001,1,1143,σκέπτεσθαι· μᾶλλον δὲ δυοῖν εἰς ταὐτὸν ἰόντων,σκέπτεσθαι· μᾶλλον δὲ δυοῖν εἰς ταὐτὸν ἰόντων,tlg0653.tlg001.perseus-grc2.xml
Phaenomena,tlg001,1,1144,"ἐλπωρὴ τελέθοι, τριτάτῳ δέ κε θαρσήσειας.","ἐλπωρὴ τελέθοι, τριτάτῳ δέ κε θαρσήσειας.",tlg0653.tlg001.perseus-grc2.xml
Phaenomena,tlg001,1,1145,αἰεὶ δʼ ἂν παριόντος ἀριθμοίης ἐνιαυτοῦ,αἰεὶ δ’ ἂν παριόντος ἀριθμοίης ἐνιαυτοῦ,tlg0653.tlg001.perseus-grc2.xml
Phaenomena,tlg001,1,1146,"σήματα, συμβάλλων εἴ που καὶ ἐπʼ ἀστέρι τοίη","σήματα, συμβάλλων εἴ που καὶ ἐπ’ ἀστέρι τοίη",tlg0653.tlg001.perseus-grc2.xml
Phaenomena,tlg001,1,1147,"ἠὼς ἀντέλλοντι φαείνεται ἢ κατιόντι,","ἠὼς ἀντέλλοντι φαείνεται ἢ κατιόντι,",tlg0653.tlg001.perseus-grc2.xml
Phaenomena,tlg001,1,1148,"ὁπποίην καὶ σῆμα λέγοι, μάλα δʼ ἄρκιον εἴη","ὁπποίην καὶ σῆμα λέγοι, μάλα δ’ ἄρκιον εἴη",tlg0653.tlg001.perseus-grc2.xml
Phaenomena,tlg001,1,1149,φράζεσθαι φθίνοντος ἐφισταμένοιό τε μηνὸς,φράζεσθαι φθίνοντος ἐφισταμένοιό τε μηνὸς,tlg0653.tlg001.perseus-grc2.xml
Phaenomena,tlg001,1,1150,τετράδας ἀμφοτέρας· αἱ γάρ τʼ ἄμυδις συνιόντων,τετράδας ἀμφοτέρας· αἱ γάρ τ’ ἄμυδις συνιόντων,tlg0653.tlg001.perseus-grc2.xml
Phaenomena,tlg001,1,1151,"μηνῶν πείρατʼ ἔχουσιν, ὅτε σφαλερώτερος αἰθὴρ","μηνῶν πείρατ’ ἔχουσιν, ὅτε σφαλερώτερος αἰθὴρ",tlg0653.tlg001.perseus-grc2.xml
Phaenomena,tlg001,1,1152,"ὀκτὼ νυξὶ πέλει, χήτει χαροποῖο σελήνης.","ὀκτὼ νυξὶ πέλει, χήτει χαροποῖο σελήνης.",tlg0653.tlg001.perseus-grc2.xml
Phaenomena,tlg001,1,1153,τῶν ἄμυδις πάντων ἐσκεμμένος εἰς ἐνιαυτὸν,τῶν ἄμυδις πάντων ἐσκεμμένος εἰς ἐνιαυτὸν,tlg0653.tlg001.perseus-grc2.xml
Phaenomena,tlg001,1,1154,οὐδέποτε σχεδίως κεν ἐπʼ αἰθέρι τεκμήραιο.,οὐδέποτε σχεδίως κεν ἐπ’ αἰθέρι τεκμήραιο.,tlg0653.tlg001.perseus-grc2.xml
