work,book,n,ok,pattern,quantities,cost,alternatives,unknown_nuclei,flags,nuclei,text
Eros Drapeta,1,1,True,LLLSSLSSLSSLSSLL,LLLSSLSSLSSLSSLL,0.0,1,1,,α:L:unknown υ:L:paroxytone_short_ultima ι:L:lexicon ο:S:nature ε:S:nature ω:L:nature α:S:antepenult_accent ο:S:nature υι:L:nature ε:S:nature α:S:lexicon α:L:position ο:S:nature ε:S:nature ω:L:nature+position ει:L:line_final,Ἁ Κύπρις τὸν Ἔρωτα τὸν υἱέα μακρὸν ἐβώστρει·
Eros Drapeta,1,2,True,LSSLSSLSSLSSLSSLL,LSSLSSLSSLSSLSSLL,1.0,1,2,override,ο:L:position ι:S:lexicon ε:S:nature ι:L:lexicon ι:S:unknown ο:S:nature οι:L:nature ι:S:antepenult_accent α:S:unknown ω:L:nature ε:S:nature ο:S:nature ει:L:nature ε:S:nature ε:S:nature ω:L:nature α:L:antepenult_accent,"’ ὅστις ἐνὶ τριόδοισι πλανώμενον εἶδεν Ἔρωτα,"
Eros Drapeta,1,3,True,LSSLSSLSSLLLSSLL,LSSLSSLSSLLLSSLL,0.0,1,5,,α:L:unknown ε:S:nature ι:S:unknown α:L:unknown ε:S:nature ο:S:nature ε:L:position ι:S:lexicon ο:S:nature α:L:unknown υ:L:unknown α:L:position ε:S:nature α:S:lexicon ε:L:position ει:L:line_final,δραπετίδας ἐμός ἐστιν· ὁ μανύσας γέρας ἑξεῖ·
Eros Drapeta,1,4,True,LLLSSLSSLSSLSSLL,LLLSSLSSLSSLSSLL,0.0,1,4,,ι:L:position ο:L:position οι:L:nature ο:S:nature ι:S:unknown η:L:nature α:S:antepenult_accent ο:S:nature υ:L:position ι:S:unknown ο:S:nature η:L:nature+position α:S:unknown α:S:unknown η:L:nature ι:L:line_final,"μισθός τοι τὸ φίλημα τὸ Κύπριδος· ἢν δ’ ἀγάγῃ νιν,"
Eros Drapeta,1,5,True,LLLSSLSSLSSLSSLL,LLLSSLSSLSSLSSLL,0.0,1,2,,ου:L:nature υ:L:position ο:L:position ο:S:nature ι:S:unknown η:L:nature α:S:antepenult_accent υ:S:unknown ω:L:nature+position ε:S:nature ε:S:nature αι:L:nature+position ε:S:nature ο:S:nature ε:L:position ει:L:line_final,"οὐ γυμνὸν τὸ φίλημα, τὺ δ’ ὦ ξένε καὶ πλέον ἑξεῖς."
Eros Drapeta,1,6,True,LSSLSSLSSLSSLSSLL,LSSLSSLSSLSSLSSLL,0.0,1,2,,ε:L:position ι:S:lexicon ο:S:nature αι:L:nature+position ε:S:nature ι:S:unknown α:L:unknown ο:S:nature ε:S:nature ει:L:nature ο:S:nature ι:S:lexicon αι:L:nature ι:S:lexicon α:S:paroxytone_short_ultima οι:L:nature+position ι:L:line_final,ἔστι δ’ ὁ παῖς περίσαμος· ἐν εἴκοσι παισὶ μάθοις νιν.
Eros Drapeta,1,7,True,LSSLLLSSLSSLSSLL,LSSLLLSSLSSLSSLL,0.0,1,0,,ω:L:nature α:S:lexicon ε:S:nature ου:L:nature ευ:L:nature ο:L:position υ:S:lexicon ι:S:lexicon ει:L:nature ε:S:nature ο:S:nature ο:L:position α:S:lexicon α:S:lexicon αυ:L:nature ω:L:line_final,"χρῶτα μὲν οὐ λεύκος, πυρὶ δ’ εἴκελος· ὄμματα δ’ αὐτῷ"
Eros Drapeta,1,8,True,LSSLSSLSSLSSLSSLL,LSSLSSLSSLSSLSSLL,0.0,1,6,,ι:L:unknown υ:S:unknown α:S:unknown αι:L:nature+position ο:S:nature ο:S:nature ε:L:position α:S:antepenult_accent α:S:lexicon αι:L:nature+position ε:S:nature ε:S:nature α:L:unknown υ:S:unknown α:S:unknown η:L:nature α:L:antepenult_accent,"δριμύλα καὶ φλογόεντα· κακαὶ φρένες, ἁδὺ λάλημα·"
Eros Drapeta,1,9,True,LSSLSSLLLSSLSSLL,LSSLSSLLLSSLSSLL,1.5,1,0,correption;lexicon_overridden,ου:L:nature α:S:lexicon ι:S:lexicon ο:L:position ο:S:nature ε:S:nature ει:L:nature αι:L:nature+position ε:L:position ε:S:nature αι:S:nature ω:L:nature+position ε:S:nature ι:S:lexicon ω:L:nature α:L:line_final,"οὐ γὰρ ἴσον νοέει καὶ φθέγγεται· ὡς μέλι φωνά,"
Eros Drapeta,1,10,True,LSSLSSLSSLSSLSSLL,LSSLSSLSSLSSLSSLL,0.0,1,3,,ω:L:nature+position ε:S:nature ο:S:nature α:L:unknown ο:S:nature ο:S:nature ε:L:position ι:S:lexicon α:S:unknown α:L:unknown ε:S:nature ο:S:nature η:L:nature ε:S:nature ο:S:nature ευ:L:nature α:L:line_final,"ὡς δὲ χολὰ νόος ἐστὶν· ἀνάμερος, ἠπεροπευτάς,"
Eros Drapeta,1,11,True,LSSLLLSSLSSLSSLL,LSSLLLSSLSSLSSLL,0.0,1,3,,ου:L:nature ε:S:nature α:S:unknown α:L:unknown ευ:L:nature ω:L:nature+position ο:S:nature ι:S:unknown ο:L:position ε:S:nature ο:S:nature α:L:position ι:S:lexicon α:S:lexicon αι:L:nature+position ω:L:line_final,"οὐδὲν ἀλαθεύων, δόλιον βρέφος, ἄγρια παίσδων."
Eros Drapeta,1,12,True,LSSLSSLSSLSSLSSLL,LSSLSSLSSLSSLSSLL,0.0,1,5,,ευ:L:nature+position ο:S:nature α:S:unknown ο:L:position ο:S:nature α:S:unknown α:L:unknown ο:S:nature ε:S:nature ει:L:nature ι:S:unknown α:S:unknown ο:L:position ο:S:nature ε:S:nature ω:L:nature ο:L:line_final,"εὐπλόκαμον τὸ κάρανον, ἔχει δ’ ἰταμὸν τὸ μέτωπον."
Eros Drapeta,1,13,True,LSSLLLSSLSSLSSLL,LSSLLLSSLSSLSSLL,0.0,1,3,,ι:L:position υ:S:unknown α:S:unknown ε:L:position η:L:nature ω:L:nature α:S:lexicon ε:S:nature υ:L:position ι:S:unknown α:S:antepenult_accent α:L:position α:S:lexicon ε:S:nature α:L:lexicon ει:L:line_final,"μικκύλα μὲν τήνῳ τὰ χερύδρια, μακρὰ δὲ βάλλει,"
Eros Drapeta,1,14,True,LLLSSLSSLSSLSSLL,LLLSSLSSLSSLSSLL,1.5,1,6,correption,α:L:lexicon ει:L:nature ει:L:nature α:S:unknown ε:S:nature ο:L:position α:S:antepenult_accent αι:S:nature ει:L:nature α:S:unknown ι:S:unknown α:L:unknown α:S:unknown ι:S:unknown ει:L:nature α:L:antepenult_accent,βάλλει κεἰς Ἀχέροντα καὶ εἰς Ἀΐδα βασίλεια.
Eros Drapeta,1,15,True,LSSLSSLSSLSSLSSLL,LSSLSSLSSLSSLSSLL,1.5,1,1,correption,υ:L:position ο:S:nature ο:S:nature ο:L:position ο:S:nature ε:S:nature ω:L:nature α:S:lexicon ο:S:nature ο:L:position ε:S:nature οι:S:nature ευ:L:nature ε:S:nature υ:S:unknown α:L:position αι:L:line_final,"γυμνὸς ὅλος τό γε σῶμα, νόος δέ οἱ εὖ πεπύκασται."
Eros Drapeta,1,16,True,LSSLLLSSLSSLSSLL,LSSLLLSSLSSLSSLL,1.5,1,1,correption;lexicon_overridden,αι:L:nature+position ε:S:nature ο:S:nature ει:L:nature ω:L:nature ο:L:position ι:S:lexicon ε:S:nature ι:L:position α:S:unknown αι:S:nature α:L:paroxytone_short_ultima ο:S:nature ε:S:nature α:L:position ω:L:line_final,"καὶ πτερόεις ὡς ὄρνις ἐφίπταται ἄλλον ἐπ’ ἄλλῳ,"
Eros Drapeta,1,17,True,LSSLSSLSSLLLSSLL,LSSLSSLSSLLLSSLL,0.0,1,1,,α:L:lexicon ε:S:nature α:S:lexicon η:L:nature ε:S:nature υ:S:lexicon αι:L:nature α:S:lexicon ε:S:nature ι:L:lexicon α:L:paroxytone_short_ultima οι:L:nature+position ε:S:nature α:S:unknown η:L:nature αι:L:line_final,"ἀνέρας ἠδὲ γυναῖκας, ἐπὶ σπλάγχνοις δὲ κάθηται."
Eros Drapeta,1,18,True,LSSLSSLSSLLLSSLL,LSSLSSLSSLLLSSLL,0.0,1,0,,ο:L:position ο:S:nature ε:S:nature ει:L:nature α:S:lexicon α:S:lexicon αι:L:nature ο:S:nature υ:S:lexicon ε:L:position ο:L:position ω:L:nature ε:S:nature ε:S:nature ε:L:position ο:L:line_final,"τόξον ἔχει μάλα βαιόν, ὑπὲρ τόξω δὲ βέλεμνον,"
Eros Drapeta,1,19,True,LLLSSLSSLSSLSSLL,LLLSSLSSLSSLSSLL,0.0,1,1,,υ:L:position ο:L:position ε:L:position ο:S:nature ε:S:nature ε:L:position ο:S:nature ε:S:nature αι:L:nature ε:S:nature α:S:lexicon α:L:position ι:S:unknown ο:S:nature ει:L:nature αι:L:line_final,"τυτθὸν μὲν τὸ βέλεμνον, ἐς αἰθέρα δ’ ἄχρι φορεῖται."
Eros Drapeta,1,20,True,LSSLSSLSSLSSLSSLL,LSSLSSLSSLSSLSSLL,1.0,1,2,lexicon_overridden,αι:L:nature+position υ:S:lexicon ε:S:nature ο:L:position ε:S:nature ι:S:lexicon ω:L:nature α:S:lexicon α:S:unknown ε:L:position ι:S:unknown ο:S:nature ε:L:position ο:S:nature ι:S:lexicon ε:L:position ι:L:line_final,"καὶ χρύσεον περὶ νῶτα φαρέτριον, ἔνδοθι δ’ ἐντὶ"
Eros Drapeta,1,21,True,LLLSSLLLSSLSSLL,LLLSSLLLSSLSSLL,1.0,1,3,cluster_short,οι:L:nature ι:L:position οι:L:nature α:S:unknown α:S:unknown οι:L:nature οι:L:nature+position ο:L:position α:S:lexicon ι:S:lexicon α:L:unknown ε:S:nature ι:S:position ω:L:nature+position ει:L:line_final,"τοὶ πικροὶ κάλαμοι, τοῖς πολλάκι κἀμὲ τιτρώσκει."
Eros Drapeta,1,22,True,LSSLSSLSSLSSLSSLL,LSSLSSLSSLSSLSSLL,0.0,1,3,,α:L:lexicon α:S:lexicon ε:S:nature α:L:position ι:S:lexicon α:S:lexicon αυ:L:nature α:S:lexicon ο:S:nature υ:L:lexicon ε:S:nature ο:S:nature α:L:unknown α:S:unknown ι:S:unknown αυ:L:nature ω:L:line_final,πάντα μὲν ἄγρια ταῦτα· πολὺ πλέον ἁ δαῒς αὐτῷ·
Eros Drapeta,1,23,True,LLLSSLSSLSSLSSLL,LLLSSLSSLSSLSSLL,1.0,1,3,lexicon_overridden,αι:L:nature α:L:unknown α:L:position α:S:unknown ε:S:nature οι:L:nature α:S:properispomenon ο:S:nature α:L:lexicon ι:S:lexicon ο:S:nature αυ:L:nature ο:S:nature α:S:unknown αι:L:nature ει:L:line_final,βαιὰ λαμπὰς ἐοῖσα τὸν ἅλιον αὐτὸν ἀναίθει.
Eros Drapeta,1,24,True,LSSLLLLLSSLSSLL,LSSLLLLLSSLSSLL,0.0,1,1,,η:L:nature+position υ:S:unknown ε:S:nature η:L:nature+position η:L:nature ο:L:position η:L:nature α:L:lexicon α:S:lexicon ε:S:nature η:L:nature ε:S:nature ε:S:nature η:L:nature η:L:line_final,"ἤν τύ γ’ ἕλῃς τῆνον, δήσας ἄγε μηδ’ ἐλεήσῃς."
Eros Drapeta,1,25,True,LSSLLLSSLSSLSSLL,LSSLLLSSLSSLSSLL,1.0,1,3,cluster_short,η:L:nature+position ο:S:nature ι:S:unknown η:L:nature+position αι:L:nature ο:L:position α:S:lexicon υ:S:lexicon α:L:position ε:S:nature ο:S:nature η:L:nature ε:S:position α:S:unknown α:L:unknown η:L:line_final,"κἢν ποτίδῃς κλαίοντα, φυλάσσεο μή σε πλανάσῃ."
Eros Drapeta,1,26,True,LSSLSSLSSLSSLSSLL,LSSLSSLSSLSSLSSLL,0.5,1,4,correption,η:L:nature+position ε:S:nature α:S:unknown η:L:nature υ:S:unknown ι:S:unknown ε:L:position ε:S:nature αι:S:nature η:L:nature ε:S:nature ε:S:nature η:L:nature ε:S:nature ι:S:unknown η:L:nature αι:L:line_final,"κἢν γελάῃ, τύ νιν ἕλκε. καὶ ἢν ἐθέλῃ σε φιλῆσαι,"
Eros Drapeta,1,27,True,LSSLSSLSSLSSLSSLL,LSSLSSLSSLSSLSSLL,0.0,1,1,,ευ:L:nature ε:S:nature α:S:lexicon ο:L:position ο:S:nature ι:S:unknown η:L:nature α:S:antepenult_accent α:S:lexicon ει:L:nature ε:S:nature α:S:lexicon α:L:position α:S:lexicon ο:S:nature ε:L:position ι:L:line_final,"φεῦγε· κακὸν τὸ φίλημα, τὰ χείλεα φάρμακον ἐντί."
Eros Drapeta,1,28,True,LSSLSSLSSLSSLSSLL,LSSLSSLSSLSSLSSLL,1.0,1,1,correption,η:L:nature+position ε:S:nature ε:S:nature η:L:nature α:S:lexicon ε:S:nature αυ:L:nature α:S:lexicon α:S:unknown ι:L:position ο:S:nature αι:S:nature ο:L:position α:S:lexicon οι:S:nature ο:L:position α:L:lexicon,"ἢν δὲ λέγῃ λάβε ταῦτα, χαρίζομαι ὅσσα μοι ὅπλα,"
Eros Drapeta,1,29,True,LSSLSSLSSLSSLSSLL,LSSLSSLSSLSSLSSLL,0.0,1,4,,η:L:nature υ:S:unknown ι:S:unknown η:L:nature+position α:S:unknown α:S:unknown ω:L:nature α:S:lexicon α:S:lexicon α:L:lexicon υ:S:lexicon ι:S:lexicon α:L:lexicon α:S:lexicon ε:S:nature α:L:position αι:L:line_final,μὴ τὺ θίγῃς πλάνα δῶρα· τὰ γὰρ πυρὶ πάντα βέβαπται.’
Europa,1,1,True,LLLSSLSSLSSLSSLL,LLLSSLSSLSSLSSLL,0.0,1,0,,ευ:L:nature ω:L:nature η:L:nature ο:S:nature ε:S:nature υ:L:paroxytone_short_ultima ι:S:lexicon ε:S:nature ι:L:lexicon υ:S:lexicon υ:S:lexicon η:L:nature ε:S:nature ο:S:nature ει:L:nature ο:L:line_final,"Εὐρώπῃ ποτὲ Κύπρις ἐπὶ γλυκὺν ἧκεν ὄνειρον,"
Europa,1,2,True,LSSLSSLSSLSSLSSLL,LSSLSSLSSLSSLSSLL,1.5,1,2,correption,υ:L:position ο:S:nature ο:S:nature ε:L:position ι:S:unknown α:S:unknown ο:L:position α:S:paroxytone_short_ultima ο:S:nature ι:L:position α:S:lexicon αι:S:nature ε:L:position υ:S:lexicon ι:S:lexicon η:L:nature ω:L:line_final,"νυκτὸς ὅτε τρίτατον λάχος ἵσταται, ἐγγύθι δ’ ἠώς,"
Europa,1,3,True,LSSLSSLSSLSSLSSLL,LSSLSSLSSLSSLSSLL,0.0,1,0,,υ:L:paroxytone_short_ultima ο:S:nature ο:S:nature ε:L:position υ:S:lexicon ι:S:lexicon ω:L:nature+position ε:S:nature ι:S:lexicon ο:L:position ε:S:nature α:S:lexicon οι:L:nature ι:S:lexicon ε:S:nature ι:L:position ω:L:line_final,ὕπνος ὅτε γλυκίων μέλιτος βλεφάροισιν ἐφίζων
Europa,1,4,True,LSSLSSLSSLSSLSSLL,LSSLSSLSSLSSLSSLL,0.0,1,4,,υ:L:unknown ι:S:unknown ε:S:nature η:L:nature+position ε:S:nature α:S:unknown α:L:nature α:S:lexicon α:S:lexicon ω:L:nature α:S:lexicon α:S:lexicon α:L:unknown ε:S:nature α:S:antepenult_accent ε:L:position ω:L:line_final,"λυσιμελὴς πεδάᾳ μαλακῷ κατὰ φάεα δεσμῷ,"
Europa,1,5,True,LSSLSSLLLSSLSSLL,LSSLSSLLLSSLSSLL,2.0,1,0,correption,ευ:L:nature ε:S:nature αι:S:nature α:L:position ε:S:nature ε:S:nature ω:L:nature+position οι:L:nature αι:L:nature ε:S:nature αι:S:nature ε:L:position ο:S:nature ο:S:nature ει:L:nature ω:L:line_final,εὖτε καὶ ἀτρεκέων ποιμαίνεται ἔθνος ὀνείρων·
Europa,1,6,True,LSSLSSLSSLLLSSLL,LSSLSSLSSLLLSSLL,0.0,1,2,,η:L:nature ο:S:nature υ:S:unknown ω:L:nature ο:S:nature ι:S:unknown οι:L:nature ι:S:antepenult_accent ε:S:nature ι:L:lexicon ω:L:nature+position ου:L:nature α:S:antepenult_accent ο:S:nature οι:L:nature ι:L:lexicon,τῆμος ὑπωροφίοισιν ἐνὶ κνώσσουσα δόμοισι
Europa,1,7,True,LLLSSLSSLSSLLLL,LLLSSLSSLSSLLLL,1.5,1,0,,οι:L:nature ι:L:lexicon ο:L:position υ:S:lexicon α:S:lexicon η:L:nature ε:S:nature ι:S:lexicon α:L:position ε:S:nature ο:S:nature ευ:L:nature ω:L:nature ει:L:nature α:L:antepenult_accent,Φοίνικος θυγάτηρ ἔτι παρθένος Εὐρώπεια
Europa,1,8,True,LSSLLLLLSSLSSLL,LSSLLLLLSSLSSLL,0.0,1,2,,ω:L:nature ι:S:unknown α:S:unknown η:L:nature ει:L:nature ου:L:nature+position οι:L:nature α:L:position ε:S:nature ι:S:lexicon ει:L:nature ο:S:nature α:S:lexicon ε:L:position αι:L:line_final,"ὠίσατ’ ἠπείρους δοιὰς περὶ εἷο μάχεσθαι,"
Europa,1,9,True,LSSLSSLSSLSSLSSLL,LSSLSSLSSLSSLSSLL,0.0,1,2,,α:L:position ι:S:unknown ο:S:nature α:L:position ι:S:unknown ε:S:nature η:L:nature+position ε:S:nature υ:S:lexicon η:L:nature+position ε:S:nature ο:S:nature οι:L:nature α:S:lexicon υ:S:lexicon αι:L:nature ε:L:line_final,ἄσσιον ἀντιπέρην τε· φυὴν δ’ ἔχον οἷα γυναῖκες.
Europa,1,10,True,LLLLLLLSSLSSLL,LLLLLLLSSLSSLL,0.0,1,0,,ω:L:nature+position η:L:nature ε:L:position ει:L:nature η:L:nature+position ο:L:position η:L:nature ε:S:nature ε:S:nature η:L:nature α:S:lexicon ε:S:nature ω:L:nature ει:L:line_final,"τῶν δ’ ἣ μὲν ξείνης μορφὴν ἔχεν, ἣ δ’ ἄρ’ ἐῴκει"
Europa,1,11,True,LSSLLLSSLSSLSSLL,LSSLLLSSLSSLSSLL,0.0,1,3,,ε:L:position α:S:unknown ι:S:unknown η:L:nature αι:L:nature α:L:lexicon ο:S:nature ε:S:nature η:L:nature+position ε:S:nature ι:S:unknown ι:L:position ε:S:nature ο:S:nature ου:L:nature η:L:line_final,"ἐνδαπίῃ, καὶ μᾶλλον ἑῆς περιίσχετο κούρης,"
Europa,1,12,True,LLLSSLSSLSSLSSLL,LLLSSLSSLSSLSSLL,0.5,1,2,correption,α:L:paroxytone_short_ultima ε:L:position ω:L:nature+position ι:S:lexicon ε:S:nature ι:L:position ε:S:nature αι:S:nature ω:L:nature α:S:unknown ι:S:unknown η:L:nature ε:S:nature ι:S:lexicon αυ:L:nature η:L:line_final,φάσκεν δ’ ὥς μιν ἔτικτε καὶ ὡς ἀτίτηλέ μιν αὐτή.
Europa,1,13,True,LSSLSSLSSLSSLSSLL,LSSLSSLSSLSSLSSLL,0.0,1,2,,η:L:nature ε:S:nature ε:S:nature η:L:nature+position α:S:unknown ε:S:nature η:L:nature ι:S:properispomenon ι:S:unknown ω:L:nature ο:S:nature ε:S:nature η:L:nature α:S:lexicon α:S:lexicon η:L:nature ι:L:lexicon,ἡ δ’ ἑτέρη κρατερῇσι βιωομένη παλάμῃσιν
Europa,1,14,True,LSSLSSLSSLSSLSSLL,LSSLSSLSSLSSLSSLL,0.0,1,2,,ει:L:nature υ:S:unknown ε:S:nature ου:L:nature α:S:unknown ε:S:nature ου:L:nature α:S:antepenult_accent ε:S:nature ει:L:nature α:S:lexicon ο:S:nature ο:L:position ι:S:lexicon ο:S:nature ει:L:nature ο:L:line_final,"εἴρυεν οὐκ ἀέκουσαν, ἐπεὶ φάτο μόρσιμον εἷο"
Europa,1,15,True,LSSLSSLSSLSSLLLL,LSSLSSLSSLSSLLLL,3.0,1,0,correption,ε:L:position ι:S:lexicon ο:S:nature αι:L:nature ι:S:lexicon ο:S:nature ου:L:nature ε:S:nature α:S:lexicon ε:L:position ε:S:nature αι:S:nature ευ:L:nature ω:L:nature ει:L:nature α:L:antepenult_accent,ἐκ Διὸς αἰγιόχου γέρας ἔμμεναι Εὐρώπειαν.
Europa,1,16,True,LSSLLLSSLSSLLLL,LSSLLLSSLSSLLLL,1.5,1,0,,η:L:nature α:S:lexicon ο:S:nature ε:L:position ω:L:nature ω:L:nature+position ε:S:nature ε:S:nature ω:L:nature+position ο:S:nature ε:S:nature ει:L:nature αι:L:nature ου:L:nature α:L:antepenult_accent,"ἣ δ’ ἀπὸ μὲν στρωτῶν λεχέων θόρε δειμαίνουσα,"
Europa,1,17,True,LSSLSSLSSLSSLSSLL,LSSLSSLSSLSSLSSLL,0.0,1,2,,α:L:position ο:S:nature ε:S:nature η:L:nature+position α:S:lexicon ι:S:lexicon η:L:nature+position ο:S:nature α:S:lexicon ω:L:nature υ:S:unknown α:S:unknown ει:L:nature ε:S:nature ο:S:nature ει:L:nature ο:L:line_final,παλλομένη κραδίην· τὸ γὰρ ὡς ὕπαρ εἶδεν ὄνειρον.
Europa,1,18,True,LSSLSSLSSLSSLSSLL,LSSLSSLSSLSSLSSLL,0.0,1,0,,ε:L:position ο:S:nature ε:S:nature η:L:nature ε:S:nature ι:S:lexicon η:L:nature ο:S:nature α:S:lexicon η:L:nature ε:S:nature ε:S:nature α:L:position ο:S:nature ε:S:nature α:L:lexicon ε:L:line_final,"ἑζομένη δ’ ἐπὶ δηρὸν ἀκὴν ἔχεν, ἀμφοτέρας δὲ"
Europa,1,19,True,LSSLSSLSSLSSLSSLL,LSSLSSLSSLSSLSSLL,0.0,1,3,,ει:L:nature ε:S:nature ι:S:unknown ε:L:position α:S:unknown ε:S:nature οι:L:nature ι:S:antepenult_accent ε:S:nature ο:L:position α:S:unknown ι:S:antepenult_accent ει:L:nature ε:S:nature υ:S:lexicon αι:L:nature α:L:lexicon,εἰσέτι πεπταμένοισιν ἐν ὄμμασιν εἶχε γυναῖκας.
Europa,1,20,True,LSSLSSLSSLSSLSSLL,LSSLSSLSSLSSLSSLL,0.0,1,1,,ο:L:position ε:S:nature ε:S:nature ει:L:nature α:S:unknown ε:S:nature η:L:nature α:S:lexicon ε:S:nature ει:L:nature α:S:lexicon ο:S:nature α:L:position ε:S:nature ο:S:nature αυ:L:nature η:L:line_final,ὀψὲ δὲ δειμαλέην ἀνενείκατο παρθένον αὐδήν·
Europa,1,21,True,LLLSSLSSLSSLSSLL,LLLSSLSSLSSLSSLL,0.0,1,4,,ι:L:lexicon οι:L:nature οι:L:nature α:S:paroxytone_short_ultima ε:S:nature α:L:position α:S:unknown ε:S:nature ου:L:nature α:S:unknown ι:S:unknown ω:L:nature+position ο:S:nature ι:S:unknown η:L:nature ε:L:line_final,τίς μοι τοιάδε φάσματ’ ἐπουρανίων προΐηλεν;
Europa,1,22,True,LLLLLSSLSSLSSLL,LLLLLSSLSSLSSLL,0.0,1,2,,οι:L:nature οι:L:nature ε:L:position ω:L:nature ω:L:nature+position ε:S:nature ε:S:nature ω:L:nature υ:S:lexicon ε:S:nature ε:L:position α:S:unknown α:S:unknown οι:L:nature ι:L:antepenult_accent,ποῖοί με στρωτῶν λεχέων ὕπερ ἐν θαλάμοισιν
Europa,1,23,True,LSSLLLSSLLLSSLL,LSSLLLSSLLLSSLL,0.0,1,1,,η:L:nature υ:S:lexicon α:S:lexicon α:L:lexicon ω:L:nature+position ου:L:nature α:S:antepenult_accent α:S:unknown ε:L:position οι:L:nature η:L:nature α:S:antepenult_accent ο:S:nature ει:L:nature οι:L:line_final,"ἡδὺ μάλα κνώσσουσαν ἀνεπτοίησαν ὄνειροι,"
Europa,1,24,True,LLLLLLLSSLLLL,LLLLLLLSSLLLL,1.5,1,1,,ι:L:lexicon η:L:nature η:L:nature+position ει:L:nature η:L:nature η:L:nature ει:L:nature ι:S:unknown ο:S:nature υ:L:position ω:L:nature ου:L:nature α:L:antepenult_accent,"τίς δ’ ἦν ἡ ξείνη, τὴν εἴσιδον ὑπνώουσα;"
Europa,1,25,True,LSSLSSLLLSSLSSLL,LSSLSSLLLSSLSSLL,0.5,1,0,correption,ω:L:nature+position ε:S:nature α:S:lexicon ε:L:position α:S:lexicon ι:S:lexicon η:L:nature+position ει:L:nature η:L:nature+position ο:S:nature ο:S:nature ω:L:nature+position ε:S:nature αι:S:nature αυ:L:nature η:L:line_final,"ὥς μ’ ἔλαβε κραδίην κείνης πόθος, ὥς με καὶ αὐτὴ"
Europa,1,26,True,LSSLSSLSSLSSLSSLL,LSSLSSLSSLSSLSSLL,0.5,1,0,correption,α:L:position α:S:lexicon ι:S:lexicon ω:L:nature υ:S:lexicon ε:S:nature ε:L:position ο:S:nature αι:S:nature ω:L:nature+position ε:S:nature ε:S:nature η:L:nature ι:S:lexicon ε:S:nature αι:L:nature α:L:lexicon,ἀσπασίως ὑπέδεκτο καὶ ὡς σφετέρην ἴδε παῖδα.
Europa,1,27,True,LSSLSSLSSLLLSSLL,LSSLSSLSSLLLSSLL,1.5,1,0,correption,α:L:position α:S:lexicon οι:S:nature ει:L:nature α:S:lexicon α:S:lexicon ο:L:position α:S:lexicon α:S:lexicon ε:L:position η:L:nature ει:L:nature α:S:antepenult_accent ο:S:nature ει:L:nature ο:L:line_final,ἀλλά μοι εἰς ἀγαθὸν μάκαρες κρήνειαν ὄνειρον.
Europa,1,28,True,LLLSSLSSLSSLSSLL,LLLSSLSSLSSLSSLL,0.0,1,0,,ω:L:nature ει:L:nature ου:L:nature α:S:lexicon ο:S:nature ου:L:nature ε:S:nature ι:S:lexicon α:L:lexicon ε:S:nature ε:S:nature ι:L:paroxytone_short_ultima ε:S:nature ε:S:nature αι:L:nature α:L:line_final,"ὣς εἰποῦσ’ ἀνόρουσε, φίλας δ’ ἐπεδίζεθ’ ἑταίρας"
Europa,1,29,True,LSSLSSLLLSSLSSLL,LSSLSSLLLSSLSSLL,0.0,1,3,,η:L:nature ι:S:unknown α:S:antepenult_accent οι:L:nature ε:S:nature ε:S:nature α:L:lexicon υ:L:unknown η:L:nature ε:S:nature α:S:antepenult_accent ευ:L:nature α:S:unknown ε:S:nature ει:L:nature α:L:line_final,"ἥλικας οἰέτεας θυμήρεας εὐπατερείας,"
Europa,1,30,True,LSSLSSLSSLSSLLLL,LSSLSSLSSLSSLLLL,1.5,1,4,,η:L:nature ι:S:lexicon α:S:lexicon ει:L:nature υ:S:unknown α:S:unknown υ:L:unknown ε:S:nature ο:S:nature ε:L:position ο:S:nature ο:S:nature ε:L:position υ:L:unknown οι:L:nature ο:L:line_final,"τῇσιν ἀεὶ συνάθυρεν, ὅτ’ ἐς χορὸν ἐντύνοιτο,"
Europa,1,31,True,LSSLLLSSLSSLSSLL,LSSLLLSSLSSLSSLL,1.0,1,2,cluster_short,η:L:nature ο:S:nature ε:S:nature αι:L:nature+position υ:L:unknown οι:L:nature ο:S:position ο:S:nature α:L:lexicon ο:S:nature ο:S:nature η:L:nature ι:S:properispomenon α:S:unknown αυ:L:nature ω:L:line_final,"ἢ ὅτε φαιδρύνοιτο χρόα προχοῇσιν ἀναύρων,"
Europa,1,32,True,LSSLLLSSLSSLSSLL,LSSLLLSSLSSLSSLL,0.0,1,2,,η:L:nature ο:S:nature ο:S:nature ε:L:position ει:L:nature ω:L:nature ο:S:nature ε:S:nature υ:L:position ο:S:nature α:S:antepenult_accent ει:L:nature ι:S:unknown α:S:unknown ε:L:position οι:L:line_final,ἢ ὁπότ’ ἐκ λειμῶνος ἐΰπνοα λείρἰ ἀμέργοι.
Europa,1,33,True,LSSLSSLSSLLLSSLL,LSSLSSLSSLLLSSLL,0.5,1,0,correption,αι:L:nature ε:S:nature οι:S:nature αι:L:nature+position α:S:lexicon α:S:lexicon α:L:position ε:S:nature ε:S:nature ο:L:position ε:L:position ε:L:position ι:S:lexicon ε:S:nature α:L:position η:L:line_final,αἳ δέ οἱ αἶψα φάανθεν· ἔχον δ’ ἐν χερσὶν ἑκάστη
Europa,1,34,True,LSSLSSLSSLLLSSLL,LSSLSSLSSLLLSSLL,1.0,1,2,metrical_lengthening,α:L:position ο:S:nature ο:S:nature ο:L:position α:S:unknown α:S:unknown ο:L:position ο:S:nature ι:S:lexicon ε:L:nature ει:L:nature ω:L:nature α:S:properispomenon ε:S:nature αι:L:nature ο:L:line_final,ἀνθοδόκον τάλαρον· ποτὶ δὲ λειμῶνας ἔβαινον
Europa,1,35,True,LSSLSSLSSLSSLSSLL,LSSLSSLSSLSSLSSLL,0.0,1,2,,α:L:position ι:S:unknown α:S:unknown ου:L:nature ο:S:nature ι:S:lexicon αι:L:nature ε:S:nature ο:S:nature ι:L:lexicon α:S:lexicon ο:S:nature η:L:nature ε:S:nature ε:S:nature ο:L:position ο:L:line_final,"ἀγχιάλους, ὅθι τ’ αἰὲν ὁμιλαδὸν ἠγερέθοντο"
Europa,1,36,True,LSSLSSLSSLLLSSLL,LSSLSSLSSLLLSSLL,0.0,1,3,,ε:L:position ο:S:nature ε:S:nature αι:L:nature ο:S:nature ε:S:nature η:L:nature ε:S:nature υ:S:unknown η:L:nature αι:L:nature υ:L:unknown α:S:unknown ο:S:nature η:L:nature η:L:line_final,τερπόμεναι ῥοδέῃ τε φυῇ καὶ κύματος ἠχῇ.
Europa,1,37,True,LLLSSLSSLSSLLLL,LLLSSLSSLSSLLLL,2.5,1,2,lexicon_overridden,αυ:L:nature η:L:nature ε:L:position υ:S:lexicon ε:S:nature ο:L:position α:S:unknown α:S:unknown ο:L:position ε:S:nature ε:S:nature ευ:L:nature ω:L:nature ει:L:nature α:L:antepenult_accent,"αὐτὴ δὲ χρύσεον τάλαρον φέρεν Εὐρώπεια,"
Europa,1,38,True,LLLSSLSSLSSLLLL,LLLSSLSSLSSLLLL,1.5,1,0,,η:L:nature η:L:nature ο:L:position ε:S:nature α:S:lexicon αυ:L:nature α:S:lexicon ε:S:nature α:L:lexicon ο:S:nature ο:S:nature η:L:nature αι:L:nature+position οι:L:nature ο:L:line_final,"θηητόν, μέγα θαῦμα, μέγαν πόνον Ἡφαίστοιο,"
Europa,1,39,True,LSSLSSLSSLSSLSSLL,LSSLSSLSSLSSLSSLL,0.0,1,2,,ο:L:position ι:S:unknown υ:S:unknown η:L:nature ο:S:nature ε:S:nature ω:L:nature ο:S:nature ο:S:nature ε:L:position ε:S:nature ο:S:nature ε:L:position ο:S:nature ι:S:lexicon αι:L:nature ου:L:line_final,"ὃν Λιβύῃ πόρε δῶρον, ὅτ’ ἐς λέχος Ἐννοσιγαίου"
Europa,1,40,True,LSSLSSLSSLSSLSSLL,LSSLSSLSSLSSLSSLL,0.0,1,1,,η:L:nature ι:S:lexicon ε:S:nature η:L:nature ε:S:nature ο:S:nature ε:L:position ε:S:nature ι:S:lexicon α:L:position ε:S:nature ι:S:lexicon η:L:nature ε:S:nature α:S:unknown α:L:position η:L:line_final,"ἤϊεν· ἣ δὲ πόρεν περικαλλέϊ Τηλεφαάσσῃ,"
Europa,1,41,True,LSSLSSLSSLLLLLL,LSSLSSLSSLLLLLL,2.0,1,1,correption,η:L:nature ε:S:nature οι:S:nature αι:L:nature α:S:lexicon ο:S:nature ε:L:position ε:S:nature α:S:unknown υ:L:position ω:L:nature ευ:L:nature ω:L:nature ει:L:nature η:L:line_final,ἥτε οἱ αἵματος ἔσκεν· ἀνύμφῳ δ’ Εὐρωπείῃ
Europa,1,42,True,LLLLLSSLSSLSSLL,LLLLLSSLSSLSSLL,2.0,1,1,metrical_lengthening,η:L:nature η:L:nature+position η:L:nature ε:L:nature α:L:position α:S:unknown ε:S:nature ι:L:position υ:S:lexicon ο:S:nature ω:L:nature α:S:lexicon ε:S:nature ω:L:nature ο:L:line_final,μήτηρ Τηλεφάσσα περικλυτὸν ὤπασε δῶρον.
Europa,1,43,True,LLLSSLSSLSSLLLL,LLLSSLSSLSSLLLL,1.5,1,0,,ε:L:position ω:L:nature αι:L:nature α:S:lexicon α:S:lexicon ο:L:position α:S:lexicon ε:S:nature ευ:L:nature α:S:lexicon ο:S:nature α:L:position αι:L:nature ο:L:position α:L:lexicon,ἐν τῷ δαίδαλα πολλὰ τετεύχατο μαρμαίροντα.
Europa,1,44,True,LSSLLLSSLSSLSSLL,LSSLLLSSLSSLSSLL,0.5,1,4,correption,ε:L:position ε:S:nature ε:S:nature η:L:nature+position υ:L:lexicon οι:L:nature ο:S:nature ε:S:nature υ:L:position ε:S:nature η:S:nature ι:L:unknown α:S:unknown ι:S:unknown ι:L:unknown ω:L:line_final,"ἐν μὲν ἔην χρυσοῖο τετυγμένη Ἰναχὶς Ἰώ,"
Europa,1,45,True,LSSLSSLSSLLLSSLL,LSSLSSLSSLLLSSLL,0.0,1,3,,ει:L:nature ε:S:nature ι:S:unknown ο:L:position ι:S:unknown ε:S:nature ου:L:nature α:S:lexicon υ:S:lexicon η:L:nature+position ου:L:nature ει:L:nature ε:S:nature υ:S:unknown αι:L:nature η:L:line_final,"εἰσέτι πόρτις ἐοῦσα, φυὴν δ’ οὐκ εἶχε γυναίην."
Europa,1,46,True,LSSLSSLSSLSSLSSLL,LSSLSSLSSLSSLSSLL,0.0,1,3,,οι:L:nature α:S:unknown ε:S:nature η:L:nature ε:S:nature ο:S:nature ε:L:position ι:S:lexicon ε:S:nature α:L:position υ:S:unknown α:S:unknown αι:L:nature ε:S:nature ε:S:nature ευ:L:nature α:L:lexicon,"φοιταλέη δὲ πόδεσσιν ἐφ’ ἁλμυρὰ βαῖνε κέλευθα,"
Europa,1,47,True,LSSLSSLSSLSSLSSLL,LSSLSSLSSLSSLSSLL,0.0,1,2,,η:L:nature ο:S:nature ε:S:nature η:L:nature ι:S:lexicon ε:S:nature η:L:nature υ:S:unknown α:S:unknown η:L:nature ε:S:nature ε:S:nature υ:L:position ο:S:nature α:S:lexicon α:L:position α:L:lexicon,νηχομένῃ ἰκέλη· κυανῆ δ’ ἐτέτυκτο θάλασσα.
Europa,1,48,True,LLLSSLSSLSSLSSLL,LLLSSLSSLSSLSSLL,1.5,1,2,correption,οι:L:nature οι:L:nature ε:L:position α:S:lexicon α:S:lexicon υ:L:position ου:S:nature ε:S:nature ο:L:position υ:S:lexicon ο:S:nature αι:L:nature ι:S:unknown α:S:unknown οι:L:nature ο:L:line_final,δοιοὶ δ’ ἕστασαν ὑψοῦ ἐπ’ ὀφρύος αἰγιαλοῖο
Europa,1,49,True,LSSLLLLLSSLSSLL,LSSLLLLLSSLSSLL,0.0,1,1,,ω:L:nature ε:S:nature α:S:unknown ο:L:position η:L:nature η:L:nature+position η:L:nature ευ:L:nature+position ο:S:nature ε:S:nature ο:L:position ο:S:nature ο:S:nature ο:L:position ου:L:line_final,"φῶτες ἀολλήδην, θηεῦντο δὲ ποντοπόρον βοῦν."
Europa,1,50,True,LLLSSLSSLSSLSSLL,LLLSSLSSLSSLSSLL,0.0,1,2,,ε:L:position η:L:nature+position ευ:L:nature+position ο:S:nature ι:S:lexicon η:L:nature ε:S:nature α:S:unknown ω:L:nature ε:S:nature ο:S:nature η:L:nature ε:S:nature α:S:unknown ε:L:position ι:L:lexicon,ἐν δ’ ἦν Ζεὺς Κρονίδης ἐπαφώμενος ἠρέμα χερσὶ
Europa,1,51,True,LSSLSSLLLSSLSSLL,LSSLSSLLLSSLSSLL,0.0,1,4,,ο:L:position ι:S:lexicon ο:S:nature ι:L:unknown α:S:unknown ι:S:unknown η:L:nature+position η:L:nature+position ε:L:position α:S:unknown ο:S:nature ω:L:nature α:S:lexicon α:S:lexicon ει:L:nature ω:L:line_final,"πόρτιος Ἰναχίης, τὴν δ’ ἑπταπόρῳ παρὰ Νείλῳ"
Europa,1,52,True,LSSLSSLSSLSSLSSLL,LSSLSSLSSLSSLSSLL,0.0,1,2,,ε:L:position ο:S:nature ο:S:nature ευ:L:nature ε:S:nature α:S:unknown οι:L:nature ο:S:nature α:S:lexicon ι:L:lexicon ε:S:nature α:S:unknown ει:L:nature ε:S:nature υ:S:lexicon αι:L:nature α:L:lexicon,ἐκ βοὸς εὐκεράοιο πάλιν μετάμειβε γυναῖκα.
Europa,1,53,True,LSSLSSLLLSSLSSLL,LSSLSSLLLSSLSSLL,0.0,1,0,,α:L:position υ:S:lexicon ε:S:nature ο:L:position ε:S:nature ε:S:nature η:L:nature+position ει:L:nature ου:L:nature ο:S:nature ο:S:nature η:L:nature α:S:lexicon α:S:lexicon ο:L:position ι:L:line_final,"ἀργύρεος μὲν ἔην Νείλου ῥόος, ἡ δ’ ἄρα πόρτις"
Europa,1,54,True,LLLLLSSLSSLSSLL,LLLLLSSLSSLSSLL,0.0,1,0,,α:L:position ει:L:nature η:L:nature+position υ:L:lexicon ου:L:nature ε:S:nature ε:S:nature υ:L:position ε:S:nature ο:S:nature αυ:L:nature ο:S:nature ε:S:nature η:L:nature+position ευ:L:line_final,"χαλκείη, χρυσοῦ δὲ τετυγμένος αὐτὸς ἔην Ζεύς."
Europa,1,55,True,LSSLLLSSLSSLSSLL,LSSLLLSSLSSLSSLL,0.0,1,2,,α:L:position ι:S:lexicon ε:S:nature ι:L:lexicon η:L:nature ε:L:position ο:S:nature υ:S:lexicon ο:L:position ε:S:nature α:S:lexicon η:L:nature+position α:S:unknown α:S:unknown οι:L:nature ο:L:line_final,ἀμφὶ δὲ δινήεντος ὑπὸ στεφάνην ταλάροιο
Europa,1,56,True,LLLLLSSLSSLSSLL,LLLLLSSLSSLSSLL,1.5,1,1,correption,ε:L:position ει:L:nature η:L:nature η:L:nature+position η:L:nature ο:S:nature ε:S:nature α:L:position ε:S:nature οι:S:nature ε:L:position ε:S:nature α:S:unknown υ:L:position ο:L:line_final,Ἑρμείης ἤσκητο· πέλας δέ οἱ ἐκτετάνυστο
Europa,1,57,True,LSSLLLSSLSSLLLL,LSSLLLSSLSSLLLL,1.5,1,1,,α:L:paroxytone_short_ultima ο:S:nature α:S:unknown οι:L:nature η:L:nature οι:L:nature ι:S:antepenult_accent ε:S:nature α:L:position ε:S:nature ο:S:nature ο:L:position α:L:position οι:L:nature ι:L:lexicon,Ἄργος ἀκοιμήτοισι κεκασμένος ὀφθαλμοῖσι.
Europa,1,58,True,LSSLLLSSLSSLSSLL,LSSLLLSSLSSLSSLL,0.0,1,1,,οι:L:nature ο:S:nature ε:S:nature οι:L:nature η:L:nature ε:L:position ο:S:nature α:S:lexicon αι:L:nature α:S:lexicon ο:S:nature ε:L:position α:S:unknown ε:S:nature ε:L:position ε:L:line_final,τοῖο δὲ φοινήεντος ἀφ’ αἵματος ἐξανέτελλεν
Europa,1,59,True,LSSLSSLSSLSSLSSLL,LSSLSSLSSLSSLSSLL,2.0,1,1,cluster_short;lexicon_overridden,ο:L:position ι:S:lexicon α:S:lexicon α:L:position ο:S:nature ε:S:nature ο:L:position ε:S:nature υ:S:lexicon ω:L:nature+position ο:S:nature υ:S:unknown α:L:position ε:S:nature ι:S:position οι:L:nature η:L:line_final,"ὄρνις ἀγαλλόμενος πτερύγων πολυανθέϊ χροιῇ,"
Europa,1,60,True,LSSLLLLLSSLSSLL,LSSLLLLLSSLSSLL,0.0,1,4,,α:L:position ο:S:nature α:S:unknown α:L:position ω:L:nature α:L:unknown ω:L:nature ει:L:nature ε:S:nature ι:S:lexicon ω:L:nature υ:S:unknown α:S:unknown ο:L:position ηυ:L:line_final,ταρσὸν ἀναπλώσας ὡσείτε τις ὠκύαλος νηῦς·
Europa,1,61,True,LLLSSLSSLSSLSSLL,LLLSSLSSLSSLSSLL,0.0,1,3,,υ:L:unknown ει:L:nature ου:L:nature α:S:unknown α:S:unknown οι:L:nature ο:S:nature ε:S:nature ι:L:position ε:S:nature ε:S:nature ει:L:nature ε:S:nature α:S:lexicon α:L:position ο:L:line_final,χρυσείου ταλάροιο περίσκεπε χείλεα ταρσός.
Europa,1,62,True,LSSLSSLSSLSSLLLL,LSSLSSLSSLSSLLLL,1.5,1,2,,οι:L:nature ο:S:nature ε:S:nature η:L:nature+position α:S:unknown α:S:unknown ο:L:position ε:S:nature ι:S:lexicon α:L:position ε:S:nature ο:S:nature ευ:L:nature ω:L:nature ει:L:nature η:L:line_final,τοῖος ἔην τάλαρος περικαλλέος Εὐρωπείης.
Europa,1,63,True,LSSLLLSSLSSLSSLL,LSSLLLSSLSSLSSLL,0.5,1,0,correption,αι:L:nature ε:S:nature ει:S:nature ου:L:nature+position ει:L:nature ω:L:nature α:S:properispomenon ε:S:nature α:L:position ε:S:nature ο:S:nature ε:L:position α:S:antepenult_accent ι:S:lexicon α:L:lexicon ο:L:line_final,"αἳ δ’ ἐπεὶ οὖν λειμῶνας ἐς ἀνθεμόεντας ἵκανον,"
Europa,1,64,True,LSSLLLSSLSSLSSLL,LSSLLLSSLSSLSSLL,1.5,1,0,correption,α:L:position η:S:nature ε:S:nature α:L:position οι:L:nature οι:L:nature ι:S:antepenult_accent ο:S:nature α:L:position ε:S:nature ι:S:lexicon υ:L:lexicon ο:S:nature ε:S:nature ε:L:position ο:L:line_final,ἄλλη ἐπ’ ἀλλοίοισι τότ’ ἄνθεσι θυμὸν ἔτερπον.
Europa,1,65,True,LLLLLSSLSSLSSLL,LLLLLSSLSSLSSLL,0.0,1,0,,ω:L:nature η:L:nature ε:L:position α:L:position ι:L:position ο:S:nature ε:S:nature υ:L:position ο:S:nature ο:S:nature η:L:nature υ:S:lexicon α:S:lexicon ι:L:position ο:L:line_final,"τῶν ἣ μὲν νάρκισσον ἐΰπνοον, ἣ δ’ ὑάκινθον,"
Europa,1,66,True,LSSLLLSSLSSLSSLL,LSSLLLSSLSSLSSLL,0.0,1,0,,η:L:nature ι:S:paroxytone_short_ultima ο:S:nature η:L:nature ε:L:position υ:L:position ο:S:nature α:S:lexicon αι:L:nature υ:S:lexicon ο:S:nature ο:L:position α:S:lexicon ε:S:nature α:L:position ε:L:line_final,"ἣ δ’ ἴον, ἣ δ’ ἕρπυλλον ἀπαίνυτο· πολλὰ δ’ ἔραζε"
Europa,1,67,True,LLLSSLSSLSSLSSLL,LLLSSLSSLSSLSSLL,0.0,1,2,,ει:L:nature ω:L:nature ω:L:nature ε:S:nature α:S:unknown ο:L:position ε:S:nature ε:S:nature ω:L:nature+position α:S:unknown ε:S:nature ε:L:position ε:S:nature ε:S:nature η:L:nature α:L:lexicon,λειμώνων ἐαροτρεφέων θαλέθεσκε πέτηλα.
Europa,1,68,True,LLLLLSSLSSLSSLL,LLLLLSSLSSLSSLL,1.0,1,1,cluster_short,αι:L:nature αυ:L:nature ε:L:position α:L:position οι:L:nature ο:S:position ο:S:nature ου:L:nature υ:S:unknown ο:S:nature ε:L:position α:S:antepenult_accent ε:S:nature ει:L:nature α:L:antepenult_accent,αἳ δ’ αὖτε ξανθοῖο κρόκου θυόεσσαν ἔθειραν
Europa,1,69,True,LSSLLLSSLLLSSLL,LSSLLLSSLLLSSLL,2.0,1,1,correption,ε:L:position ο:S:nature ε:S:nature ι:L:position αι:L:nature ου:L:nature αι:S:nature α:S:lexicon α:L:lexicon ε:L:position ι:L:position η:S:nature α:S:unknown α:L:position α:L:antepenult_accent,"δρέπτον ἐριδμαίνουσαι, ἀτὰρ μεσσίστη ἄνασσα"
Europa,1,70,True,LSSLLLSSLLLSSLL,LSSLLLSSLLLSSLL,0.0,1,0,,α:L:position α:S:lexicon ι:S:lexicon η:L:nature+position υ:L:position οι:L:nature ο:S:nature ο:S:nature ου:L:nature ει:L:nature ε:L:position ι:S:lexicon ε:S:nature ου:L:nature α:L:antepenult_accent,"ἀγλαΐην πυρσοῖο ῥόδου χείρεσσι λέγουσα,"
Europa,1,71,True,LSSLSSLSSLSSLSSLL,LSSLSSLSSLSSLSSLL,0.0,1,3,,οι:L:nature α:S:lexicon ε:S:nature ε:L:position α:S:unknown ι:S:unknown ε:L:position ι:S:antepenult_accent ι:S:unknown ε:L:position ε:S:nature ε:S:nature α:L:position ο:S:nature ε:S:nature ει:L:nature α:L:antepenult_accent,οἷά περ ἐν Χαρίτεσσι διέπρεπεν Ἀφρογένεια.
Europa,1,72,True,LLLSSLSSLSSLSSLL,LLLSSLSSLSSLSSLL,0.0,1,1,,ου:L:nature η:L:nature+position η:L:nature ο:S:nature ε:S:nature ε:L:position ε:S:nature ε:S:nature α:L:position ε:S:nature ι:S:lexicon υ:L:lexicon ο:S:nature ι:S:unknown αι:L:nature ει:L:line_final,"οὐ μὴν δηρὸν ἔμελλεν ἐπ’ ἄνθεσι θυμὸν ἰαίνειν,"
Europa,1,73,True,LSSLSSLLLLLSSLL,LSSLSSLLLLLSSLL,0.0,1,1,,ου:L:nature α:S:lexicon α:S:lexicon α:L:position ε:S:nature ι:S:unknown η:L:nature+position ι:L:position η:L:nature α:L:position α:L:position ο:S:nature ε:S:nature υ:L:position αι:L:line_final,οὐδ’ ἄρα παρθενίην μίτρην ἄχραντον ἔρυσθαι.
Europa,1,74,True,LLLSSLLLSSLSSLL,LLLSSLLLSSLSSLL,0.0,1,2,,η:L:nature α:L:lexicon η:L:nature+position ο:S:nature ι:S:lexicon η:L:nature ω:L:nature+position ι:L:lexicon α:S:unknown α:S:unknown ω:L:nature ε:S:nature ο:S:nature η:L:nature ο:L:line_final,"ἦ γὰρ δὴ Κρονίδης ὥς μιν φράσαθ̓, ὡς ἐόλητο"
Europa,1,75,True,LSSLLLSSLLLSSLL,LSSLLLSSLLLSSLL,0.0,1,2,,υ:L:lexicon ο:S:nature α:S:unknown ω:L:nature ι:L:position οι:L:nature ι:S:antepenult_accent υ:S:unknown ο:L:position η:L:nature ει:L:nature+position ε:S:nature ε:S:nature ε:L:position ι:L:lexicon,θυμὸν ἀνωίστοισιν ὑποδμηθεὶς βελέεσσι
Europa,1,76,True,LSSLLLSSLLLSSLL,LSSLLLSSLLLSSLL,0.0,1,2,,υ:L:position ι:S:unknown ο:S:nature η:L:nature ου:L:nature η:L:nature υ:S:lexicon α:S:lexicon αι:L:nature αι:L:nature+position η:L:nature α:S:lexicon α:S:unknown α:L:paroxytone_short_ultima αι:L:line_final,"Κύπριδος, ἣ μούνη δύναται καὶ Ζῆνα δαμάσσαι."
Europa,1,77,True,LSSLSSLSSLLLSSLL,LSSLSSLSSLLLSSLL,0.0,1,1,,η:L:nature α:S:lexicon α:S:unknown ευ:L:nature ο:S:nature ε:S:nature ο:L:position ε:S:nature ο:S:nature ο:L:position η:L:nature η:L:nature ο:S:nature ο:S:nature η:L:nature η:L:line_final,δὴ γὰρ ἀλευόμενός τε χόλον ζηλήμονος Ἥρης
Europa,1,78,True,LSSLSSLSSLSSLSSLL,LSSLSSLSSLSSLSSLL,0.0,1,4,,α:L:position ε:S:nature ι:S:lexicon η:L:nature+position ε:S:nature ε:S:nature ω:L:nature α:S:unknown α:S:unknown ο:L:position ο:S:nature ο:S:nature ε:L:position α:S:unknown α:S:unknown η:L:nature αι:L:line_final,παρθενικῆς τ’ ἐθέλων ἀταλὸν νόον ἐξαπατῆσαι
Europa,1,79,True,LSSLLLSSLLLSSLL,LSSLLLSSLLLSSLL,0.0,1,0,,υ:L:paroxytone_short_ultima ε:S:nature ε:S:nature ο:L:position αι:L:nature+position ε:L:position ε:S:nature ε:S:nature α:L:lexicon αι:L:nature ει:L:nature ε:S:nature ο:S:nature αυ:L:nature ο:L:line_final,"κρύψε θεὸν καὶ τρέψε δέμας καὶ γείνετο ταῦρος,"
Europa,1,80,True,LLLLLSSLSSLSSLL,LLLLLSSLSSLSSLL,0.5,1,1,correption,ου:L:nature οι:L:nature ο:L:position α:L:position οι:L:nature ε:S:nature ι:S:unknown ε:L:position ε:S:nature αι:S:nature ου:L:nature ε:S:nature ε:S:nature οι:L:nature ο:L:line_final,"οὐχ οἷος σταθμοῖς ἐνιφέρβεται, οὐδὲ μὲν οἷος"
Europa,1,81,True,LSSLLLLLLLSSLL,LSSLLLLLLLSSLL,0.0,1,2,,ω:L:nature+position α:S:lexicon ι:S:unknown α:L:position η:L:nature ει:L:nature υ:L:unknown ω:L:nature ευ:L:nature α:L:position ε:S:nature α:S:lexicon ο:L:position ο:L:line_final,"ὦλκα διατμήγει σύρων εὐκαμπὲς ἄροτρον,"
Europa,1,82,True,LLLLLSSLSSLSSLL,LLLLLSSLSSLSSLL,0.5,1,1,correption,ου:L:nature οι:L:nature ο:L:position οι:L:nature+position η:L:nature ε:S:nature ι:S:unknown ο:L:position ε:S:nature αι:S:nature ου:L:nature ε:S:nature ε:S:nature οι:L:nature ο:L:line_final,"οὐδ’ οἷος ποίμνης ἐπιβόσκεται, οὐδὲ μὲν οἷος"
Europa,1,83,True,LSSLLLSSLSSLSSLL,LSSLLLSSLSSLSSLL,0.0,1,3,,ο:L:position ι:S:lexicon υ:S:unknown ο:L:position η:L:nature ει:L:nature ε:S:nature υ:S:unknown ει:L:nature ο:S:nature υ:S:unknown ο:L:position ο:S:nature α:S:lexicon η:L:nature η:L:line_final,ὅστις ὑποδμηθεὶς ἐρύει πολύφορτον ἀπήνην.
Europa,1,84,True,LLLSSLSSLLLSSLL,LLLSSLSSLLLSSLL,0.0,1,0,,ου:L:nature η:L:nature οι:L:nature ο:S:nature ε:S:nature α:L:paroxytone_short_ultima ο:S:nature ε:S:nature α:L:lexicon α:L:position ο:L:position ο:S:nature ο:S:nature ε:L:position ε:L:line_final,"τοῦ δή τοι τὸ μὲν ἄλλο δέμας ξανθόχροον ἔσκε,"
Europa,1,85,True,LLLSSLLLLLSSLL,LLLSSLLLLLSSLL,0.0,1,1,,υ:L:paroxytone_short_ultima ο:L:position α:L:position υ:S:unknown ε:S:nature ο:L:position ε:L:position ω:L:nature α:L:position αι:L:nature ε:S:nature ε:S:nature ω:L:nature ω:L:line_final,"κύκλος δ’ ἀργύφεος μέσσῳ μάρμαιρε μετώπῳ,"
Europa,1,86,True,LSSLLLSSLSSLLLL,LSSLLLSSLSSLLLL,2.0,1,1,correption,ο:L:position ε:S:nature υ:S:unknown ο:L:position αυ:L:nature+position ε:L:position ε:S:nature αι:S:nature ι:L:lexicon ε:S:nature ο:S:nature α:L:position α:L:position ε:L:position ε:L:line_final,ὄσσε δ’ ὑπογλαύσσεσκε καὶ ἵμερον ἀστράπτεσκεν.
Europa,1,87,True,LSSLLLSSLSSLSSLL,LSSLLLSSLSSLSSLL,1.0,1,3,lexicon_overridden,ι:L:circumflex α:S:unknown ε:S:nature α:L:position η:L:nature οι:L:nature ι:S:lexicon ε:S:nature α:L:lexicon α:S:unknown ε:S:nature ε:L:position ε:S:nature α:S:unknown η:L:nature ου:L:line_final,ἶσά τ’ ἐπ’ ἀλλήλοισι κέρα ἀνέτελλε καρήνου
Europa,1,88,True,LSSLSSLSSLSSLSSLL,LSSLSSLSSLSSLSSLL,0.0,1,2,,α:L:position υ:S:lexicon ο:S:nature η:L:nature ι:S:unknown ο:S:nature ου:L:nature ε:S:nature α:S:unknown η:L:nature α:S:paroxytone_short_ultima ε:S:nature υ:L:paroxytone_short_ultima α:S:lexicon ε:S:nature η:L:nature η:L:line_final,ἄντυγος ἡμιτόμου κεραῆς ἅτε κύκλα σελήνης.
Europa,1,89,True,LSSLLLSSLSSLSSLL,LSSLLLSSLSSLSSLL,0.5,1,1,correption,η:L:nature υ:S:lexicon ε:S:nature ε:L:position ει:L:nature ω:L:nature α:S:properispomenon αι:S:nature ου:L:nature ε:S:nature ο:S:nature η:L:nature ε:S:nature α:S:unknown α:L:position ει:L:line_final,ἤλυθε δ’ ἐς λειμῶνα καὶ οὐκ ἐφόβησε φαανθεὶς
Europa,1,90,True,LSSLLLSSLSSLSSLL,LSSLLLSSLSSLSSLL,0.0,1,2,,α:L:position ε:S:nature ι:S:unknown α:L:position α:L:unknown η:L:nature ι:S:antepenult_accent ε:S:nature ω:L:nature+position ε:S:nature ε:S:nature ε:L:position υ:S:lexicon ι:S:lexicon ε:L:position αι:L:line_final,"παρθενικάς, πάσῃσι δ’ ἔρως γένετ’ ἐγγὺς ἱκέσθαι"
Europa,1,91,True,LLLLLSSLLLSSLL,LLLLLSSLLLSSLL,0.0,1,1,,αυ:L:nature αι:L:nature ι:L:unknown ε:L:position οι:L:nature ο:S:nature ο:S:nature ο:L:position ου:L:nature α:L:position ο:S:nature ο:S:nature ο:L:position η:L:line_final,"ψαῦσαι θ’ ἱμερτοῖο βοός, τοῦ δ’ ἄμβροτος ὀδμὴ"
Europa,1,92,True,LSSLLLSSLSSLSSLL,LSSLLLSSLSSLSSLL,0.0,1,1,,η:L:nature ο:S:nature ι:S:lexicon αι:L:nature ει:L:nature ω:L:nature ο:S:nature ε:S:nature αι:L:nature υ:S:lexicon ο:S:nature α:L:lexicon ο:S:nature α:S:unknown υ:L:position η:L:line_final,τηλόθι καὶ λειμῶνος ἐκαίνυτο λαρὸν ἀϋτμήν.
Europa,1,93,True,LSSLSSLSSLSSLLLL,LSSLSSLSSLSSLLLL,1.5,1,0,,η:L:nature ε:S:nature ο:S:nature ω:L:nature+position ο:S:nature α:S:lexicon οι:L:nature ε:S:nature α:S:lexicon υ:L:lexicon ο:S:nature ο:S:nature ευ:L:nature ω:L:nature ει:L:nature η:L:line_final,"στῆ δὲ ποδῶν προπάροιθεν ἀμύμονος Εὐρωπείης,"
Europa,1,94,True,LLLLLSSLSSLSSLL,LLLLLSSLSSLSSLL,0.0,1,1,,αι:L:nature οι:L:nature ι:L:position α:L:position ε:L:position ε:S:nature ε:S:nature η:L:nature+position α:S:unknown ε:S:nature ε:L:position ε:S:nature ε:S:nature ου:L:nature η:L:line_final,"καί οἱ λιχμάζεσκε δέρην, κατέθελγε δὲ κούρην."
Europa,1,95,True,LSSLSSLSSLSSLSSLL,LSSLSSLSSLSSLSSLL,0.5,1,3,correption,η:L:nature ε:S:nature ι:S:lexicon α:L:position α:S:unknown α:S:unknown α:L:position ε:S:nature αι:S:nature η:L:nature ε:S:nature α:S:unknown ει:L:nature ε:S:nature ι:S:antepenult_accent α:L:position ο:L:line_final,ἣ δέ μιν ἀμφαφάασκε καὶ ἠρέμα χείρεσιν ἀφρὸν
Europa,1,96,True,LSSLSSLSSLSSLSSLL,LSSLSSLSSLSSLSSLL,0.0,1,2,,ο:L:position ο:S:nature α:S:lexicon ο:L:position ο:S:nature α:S:lexicon ω:L:nature α:S:unknown ο:S:nature ο:L:position υ:S:unknown ο:S:nature αι:L:nature υ:S:lexicon ε:S:nature αυ:L:nature ο:L:line_final,"πολλὸν ἀπὸ στομάτων ἀπομόργνυτο, καὶ κύσε ταῦρον."
Europa,1,97,True,LSSLSSLLLSSLSSLL,LSSLSSLLLSSLSSLL,0.0,1,2,,αυ:L:nature α:S:lexicon ο:S:nature ει:L:nature ι:S:lexicon ι:S:lexicon ο:L:position υ:L:unknown η:L:nature α:S:unknown ο:S:nature αι:L:nature ο:S:nature ε:S:nature αυ:L:nature ου:L:line_final,αὐτὰρ ὃ μειλίχιον μυκήσατο· φαῖό κεν αὐλοῦ
Europa,1,98,True,LSSLSSLSSLLLSSLL,LSSLSSLSSLLLSSLL,0.0,1,3,,υ:L:position ο:S:nature ι:S:unknown ου:L:nature+position υ:S:lexicon υ:S:lexicon η:L:nature ο:S:nature α:S:unknown η:L:nature υ:L:unknown ο:L:position ο:S:nature α:S:lexicon ου:L:nature ει:L:line_final,Μυγδονίου γλυκὺν ἦχον ἀνηπύοντος ἀκούειν.
Europa,1,99,True,LSSLSSLSSLSSLLLL,LSSLSSLSSLSSLLLL,2.5,1,1,lexicon_overridden,ω:L:nature+position α:S:unknown ε:S:nature ε:L:position ο:S:nature ο:S:nature οι:L:nature ι:S:lexicon ε:S:nature ε:L:position ε:S:nature ο:S:nature ευ:L:nature ω:L:nature ει:L:nature α:L:antepenult_accent,"ὤκλασε δὲ πρὸ ποδοῖιν, ἐδέρκετο δ’ Εὐρώπειαν"
Europa,1,100,True,LSSLLLLLSSLSSLL,LSSLLLLLSSLSSLL,0.0,1,2,,αυ:L:nature ε:S:nature ε:S:nature ι:L:position ε:L:position α:L:lexicon αι:L:nature οι:L:nature+position α:S:unknown υ:S:unknown ει:L:nature+position υ:S:lexicon ε:S:nature ω:L:nature ο:L:line_final,αὐχέν’ ἐπιστρέψας καί οἱ πλατὺ δείκνυε νῶτον.
Europa,1,101,True,LSSLSSLSSLSSLSSLL,LSSLSSLSSLSSLSSLL,0.0,1,3,,η:L:nature ε:S:nature α:S:unknown υ:L:position ο:S:nature α:S:unknown οι:L:nature ι:S:antepenult_accent ε:S:nature ε:L:position ε:S:nature ε:S:nature α:L:position ε:S:nature ι:S:unknown η:L:nature ι:L:properispomenon,ἣ δὲ βαθυπλοκάμοισι μετέννεπε παρθενικῇσι·
Europa,1,102,True,LSSLSSLSSLSSLSSLL,LSSLSSLSSLSSLSSLL,0.5,1,3,correption,ευ:L:nature ε:S:nature α:S:paroxytone_short_ultima αι:L:nature ι:S:unknown ι:S:unknown αι:L:nature αι:S:nature ο:S:nature η:L:nature ι:S:unknown ε:S:nature ο:L:position ε:S:nature ι:S:lexicon ω:L:nature ε:L:line_final,"δεῦθ’ ἑτάραι φίλιαι καὶ ὁμήλικες, ὄφρ’ ἐπὶ τῷδε"
Europa,1,103,True,LSSLLLLLSSLSSLL,LSSLLLLLSSLSSLL,0.0,1,0,,ε:L:position ο:S:nature ε:S:nature αι:L:nature αυ:L:nature ω:L:nature ε:L:position ω:L:nature ε:S:nature α:S:antepenult_accent η:L:nature α:S:lexicon α:S:lexicon α:L:lexicon α:L:lexicon,ἑζόμεναι ταύρῳ τερπώμεθα· δὴ γὰρ ἁπάσας
Europa,1,104,True,LSSLSSLSSLSSLSSLL,LSSLSSLSSLSSLSSLL,1.5,1,4,correption,ω:L:nature ο:S:nature υ:S:unknown ο:L:position ο:S:nature ε:S:nature α:L:unknown α:S:unknown α:S:unknown ε:L:position ε:S:nature αι:S:nature οι:L:nature α:S:lexicon ε:S:nature η:L:nature η:L:line_final,"νῶτον ὑποστορέσας ἀναδέξεται, οἷά τ’ ἐνηὴς"
Europa,1,105,True,LLLSSLLLSSLSSLL,LLLSSLLLSSLSSLL,0.0,1,0,,η:L:nature υ:L:position ει:L:nature ι:S:lexicon ε:S:nature ει:L:nature+position αι:L:nature ει:L:nature ι:S:lexicon ο:S:nature ου:L:nature ε:S:nature ι:S:lexicon αυ:L:nature οι:L:line_final,"πρηΰς τ’ εἰσιδέειν καὶ μείλιχος, οὐδέ τι ταύροις"
Europa,1,106,True,LLLSSLSSLSSLSSLL,LLLSSLSSLSSLSSLL,0.5,1,0,correption,α:L:position οι:L:nature ι:L:lexicon ο:S:nature ε:S:nature οι:L:nature ε:S:nature ο:S:nature ο:L:position ε:S:nature οι:S:nature η:L:nature υ:S:lexicon ε:S:nature ω:L:nature ο:L:line_final,ἄλλοισι προσέοικε· νόος δέ οἱ ἠΰτε φωτὸς
Europa,1,107,True,LSSLSSLLLSSLSSLL,LSSLSSLLLSSLSSLL,0.5,1,3,correption,αι:L:nature ι:S:unknown ο:S:nature α:L:position ι:S:unknown ε:S:nature ει:L:nature ου:L:nature η:L:nature+position ε:S:nature ι:S:unknown ευ:L:nature ε:S:nature αι:S:nature αυ:L:nature η:L:line_final,"αἴσιμος ἀμφιθέει, μούνης δ’ ἐπιδεύεται αὐδῆς."
Europa,1,108,True,LSSLLLSSLSSLSSLL,LSSLLLSSLSSLSSLL,0.0,1,0,,ω:L:nature+position α:S:lexicon ε:S:nature η:L:nature ω:L:nature οι:L:nature ι:S:lexicon ε:S:nature ι:L:position α:S:lexicon ε:S:nature ει:L:nature ι:S:lexicon ο:S:nature ω:L:nature α:L:lexicon,"ὣς φαμένη νώτοισιν ἐφίζανε μειδιόωσα,"
Europa,1,109,True,LLLLLSSLSSLSSLL,LLLLLSSLSSLSSLL,0.0,1,2,,αι:L:nature α:L:paroxytone_short_ultima αι:L:nature ε:L:position ε:L:position ο:S:nature α:S:lexicon α:L:lexicon α:S:unknown ε:S:nature η:L:nature α:S:unknown ο:S:nature αυ:L:nature ο:L:line_final,"αἱ δ’ ἄλλαι μέλλεσκον. ἄφαρ δ’ ἀνεπήλατο ταῦρος,"
Europa,1,110,True,LSSLLLLLSSLSSLL,LSSLLLLLSSLSSLL,0.0,1,0,,η:L:nature+position ε:S:nature ε:S:nature α:L:position α:L:lexicon α:L:lexicon ω:L:nature υ:L:lexicon ε:S:nature ι:S:lexicon ο:L:position ο:S:nature ι:S:lexicon α:L:lexicon ε:L:line_final,ἣν θέλεν ἁρπάξας· ὠκὺς δ’ ἐπὶ πόντον ἵκανεν.
Europa,1,111,True,LSSLLLSSLSSLSSLL,LSSLLLSSLSSLSSLL,0.0,1,1,,η:L:nature ε:S:nature ε:S:nature α:L:position ε:L:position ει:L:nature α:S:properispomenon ι:S:lexicon α:L:lexicon α:S:unknown ε:S:nature ε:L:position ε:S:nature ε:S:nature αι:L:nature α:L:line_final,ἣ δὲ μεταστρεφθεῖσα φίλας καλέεσκεν ἑταίρας
Europa,1,112,True,LSSLSSLLLSSLSSLL,LSSLSSLLLSSLSSLL,0.0,1,3,,ει:L:nature α:S:lexicon ο:S:nature ε:L:position υ:S:unknown ε:S:nature η:L:nature αι:L:nature ου:L:nature ε:S:nature υ:S:lexicon α:L:position ο:S:nature ι:S:unknown α:L:unknown ει:L:line_final,"χεῖρας ὀρεγνυμένη, ταὶ δ’ οὐκ ἐδύναντο κιχάνειν."
Europa,1,113,True,LLLSSLLLSSLSSLL,LLLSSLLLSSLSSLL,0.0,1,0,,α:L:position α:L:lexicon ω:L:nature+position ε:S:nature ι:S:lexicon α:L:lexicon ο:L:position ω:L:nature ε:S:nature ε:S:nature η:L:nature υ:S:lexicon ε:S:nature ε:L:position ι:L:line_final,ἀκτάων δ’ ἐπιβὰς πρόσσω θέεν ἠΰτε δελφὶς
Europa,1,114,True,LLLLLSSLSSLSSLL,LLLLLSSLSSLSSLL,0.0,1,0,,η:L:nature αι:L:nature α:L:position ε:L:position οι:L:nature ι:S:properispomenon ε:S:nature ευ:L:nature ε:S:nature α:S:lexicon υ:L:lexicon α:S:lexicon α:S:lexicon αι:L:nature ω:L:line_final,χηλαῖς ἀβρεκτοῖσιν ἐπ’ εὐρέα κύματα βαίνων.
Europa,1,115,True,LSSLSSLSSLSSLSSLL,LSSLSSLSSLSSLSSLL,0.0,1,3,,η:L:nature ε:S:nature ο:S:nature ε:L:position ο:S:nature ε:S:nature οι:L:nature ο:S:nature α:S:unknown η:L:nature ι:S:unknown α:S:unknown α:L:position ε:S:nature α:S:lexicon α:L:position α:L:lexicon,"ἣ δὲ τότ’ ἐρχομένοιο γαληνιάασκε θάλασσα,"
Europa,1,116,True,LSSLSSLSSLSSLSSLL,LSSLSSLSSLSSLSSLL,0.0,1,0,,η:L:nature ε:S:nature α:S:antepenult_accent α:L:position ι:S:lexicon α:S:lexicon α:L:position ε:S:nature ι:S:lexicon ο:L:position ο:S:nature α:S:lexicon οι:L:nature ε:S:nature ο:S:nature οι:L:nature ι:L:lexicon,"κήτεα δ’ ἀμφὶς ἄταλλε Διὸς προπάροιθε ποδοῖιν,"
Europa,1,117,True,LSSLSSLSSLSSLSSLL,LSSLSSLSSLSSLSSLL,0.0,1,1,,η:L:nature ο:S:nature υ:S:lexicon ο:L:position υ:S:lexicon ε:S:nature οι:L:nature+position α:S:properispomenon υ:S:unknown ι:L:position ε:S:nature ε:S:nature υ:L:position ο:S:nature ε:S:nature ε:L:position ι:L:line_final,γηθόσυνος δ’ ὑπὲρ οἶδμα κυβίστεε βυσσόθε δελφίς·
Europa,1,118,True,LSSLSSLSSLSSLSSLL,LSSLSSLSSLSSLSSLL,0.0,1,2,,η:L:nature ε:S:nature ι:S:paroxytone_short_ultima ε:L:position α:S:unknown ε:S:nature υ:L:unknown α:S:antepenult_accent υ:S:lexicon ε:L:position α:S:lexicon ο:S:nature αι:L:nature α:S:lexicon α:S:lexicon α:L:lexicon αι:L:line_final,"Νηρεΐδες δ’ ἀνέδυσαν ὑπὲξ ἁλός, αἳ δ’ ἄρα πᾶσαι"
Europa,1,119,True,LLLLLSSLSSLSSLL,LLLLLSSLSSLSSLL,1.5,1,0,correption,η:L:nature ει:L:nature οι:L:nature+position ω:L:nature οι:L:nature ι:S:lexicon ε:S:nature η:L:nature ε:S:nature αι:S:nature ε:L:position ι:S:lexicon ο:S:nature ω:L:nature+position ο:L:line_final,κητείοις νώτοισιν ἐφήμεναι ἐστιχόωντο.
Europa,1,120,True,LLLSSLSSLSSLSSLL,LLLSSLSSLSSLSSLL,0.0,1,4,,αι:L:nature αυ:L:nature ο:L:position α:S:unknown υ:S:unknown ου:L:nature ο:S:nature υ:S:unknown ει:L:nature α:S:unknown ο:S:nature ε:L:position ο:S:nature ι:S:lexicon αι:L:nature ο:L:line_final,καὶ δ’ αὐτὸς βαρύδουπος ὑπείραλος Ἐννοσίγαιος
Europa,1,121,True,LSSLLLSSLLLSSLL,LSSLLLSSLLLSSLL,0.0,1,5,,υ:L:lexicon α:S:lexicon α:S:unknown ι:L:unknown υ:L:unknown ω:L:nature α:S:unknown ι:S:unknown η:L:nature η:L:nature ει:L:nature ο:S:nature ε:S:nature ευ:L:nature ου:L:line_final,κῦμα κατιθύνων ἁλίης ἠγεῖτο κελεύθου
Europa,1,122,True,LSSLLLLLSSLSSLL,LSSLLLLLSSLSSLL,0.0,1,1,,αυ:L:nature ο:S:nature α:S:unknown ι:L:position η:L:nature ω:L:nature οι:L:nature α:L:position ι:S:lexicon ι:S:lexicon η:L:nature ε:S:nature ε:S:nature ο:L:position ο:L:line_final,αὐτοκασιγνήτῳ· τοὶ δ’ ἀμφί μιν ἠγερέθοντο
Europa,1,123,True,LLLLLSSLSSLLLL,LLLLLSSLSSLLLL,2.0,1,2,correption,ι:L:unknown ω:L:nature ε:L:position ο:L:position οι:L:nature ο:S:nature α:S:unknown υ:L:position ο:S:nature οι:S:nature αυ:L:nature η:L:nature η:L:nature ε:L:line_final,"Τρίτωνες, πόντοιο βαρύθροοι αὐλητῆρες,"
Europa,1,124,True,LLLSSLSSLSSLLLL,LLLSSLSSLSSLLLL,1.5,1,5,,ο:L:position οι:L:nature ι:L:antepenult_accent α:S:unknown α:S:unknown οι:L:nature+position α:S:unknown ι:S:unknown ο:L:position ε:S:nature ο:S:nature η:L:nature υ:L:unknown ο:L:position ε:L:line_final,κόχλοισιν ταναοῖς γάμιον μέλος ἠπύοντες.
Europa,1,125,True,LSSLSSLLLSSLSSLL,LSSLSSLLLSSLSSLL,0.0,1,0,,η:L:nature α:S:lexicon ε:S:nature ε:L:position ο:S:nature ε:S:nature η:L:nature+position η:L:nature ο:L:position ο:S:nature ε:S:nature οι:L:nature ε:S:nature ι:S:lexicon ω:L:nature οι:L:line_final,ἣ δ’ ἄρ’ ἐφεζομένη Ζηνὸς βοέοις ἐπὶ νώτοις
Europa,1,126,True,LSSLLLSSLSSLSSLL,LSSLLLSSLSSLSSLL,0.0,1,0,,η:L:nature ε:S:nature ε:S:nature ε:L:position αυ:L:nature ου:L:nature ο:S:nature ι:S:lexicon ο:L:position ε:S:nature α:S:lexicon ε:L:position ε:S:nature ι:S:lexicon α:L:position η:L:line_final,"τῇ μὲν ἔχεν ταύρου δολιχὸν κέρας, ἐν χερὶ δ’ ἄλλῃ"
Europa,1,127,True,LSSLSSLLLSSLSSLL,LSSLSSLLLSSLSSLL,0.0,1,3,,ει:L:nature υ:S:unknown ε:S:nature ο:L:position υ:S:lexicon ε:S:nature η:L:nature+position ο:L:position ου:L:nature+position υ:S:unknown α:S:unknown ο:L:position α:S:lexicon ε:S:nature η:L:nature ι:L:lexicon,"εἴρυε πορφυρέην κολποῦ πτύχα, ὄφρά κε μή μιν"
Europa,1,128,True,LSSLSSLSSLSSLSSLL,LSSLSSLSSLSSLSSLL,1.5,1,0,correption,ευ:L:nature οι:S:nature ε:S:nature ε:L:position ο:S:nature ε:S:nature ο:L:position ο:S:nature ι:S:lexicon η:L:nature α:S:lexicon ο:S:nature α:L:position ε:S:nature ο:S:nature υ:L:lexicon ω:L:line_final,δεύοι ἐφελκόμενον πολιῆς ἁλὸς ἄσπετον ὕδωρ.
Europa,1,129,True,LLLLLSSLSSLLLL,LLLLLSSLSSLLLL,2.5,1,0,cluster_short,ο:L:position ω:L:nature η:L:nature ω:L:nature οι:L:nature ι:S:lexicon ε:S:position ο:L:position α:S:lexicon υ:S:lexicon ευ:L:nature ω:L:nature ει:L:nature η:L:line_final,"κολπώθη δ’ ὤμοισι πέπλος βαθὺς Εὐρωπείης,"
Europa,1,130,True,LSSLSSLSSLLLSSLL,LSSLSSLSSLLLSSLL,0.0,1,0,,ι:L:position ι:S:lexicon ο:S:nature οι:L:nature α:S:lexicon ε:S:nature η:L:nature ο:S:nature ε:S:nature α:L:position ι:L:position ε:L:position ε:S:nature ε:S:nature ου:L:nature η:L:line_final,"ἱστίον οἷά τε νηός, ἐλαφρίζεσκε δὲ κούρην."
Europa,1,131,True,LSSLLLSSLSSLSSLL,LSSLLLSSLSSLSSLL,0.0,1,0,,η:L:nature ο:S:nature ε:S:nature η:L:nature αι:L:nature η:L:nature α:S:lexicon ο:S:nature α:L:position ι:S:lexicon ο:S:nature η:L:nature ε:S:nature α:S:lexicon ευ:L:nature ε:L:line_final,"ἣ δ’ ὅτε δὴ γαίης ἀπὸ πατρίδος ἦεν ἄνευθεν,"
Europa,1,132,True,LSSLLLSSLSSLSSLL,LSSLLLSSLSSLSSLL,0.0,1,1,,αι:L:nature ε:S:nature ο:S:nature ου:L:nature α:L:position η:L:nature ι:S:lexicon α:S:unknown ι:L:position ο:S:nature ο:S:nature ου:L:nature ο:S:nature ο:S:nature αι:L:nature υ:L:lexicon,"φαίνετο δ’ οὔτ’ ἀκτή τις ἁλίρροθος οὔτ’ ὄρος αἰπύ,"
Europa,1,133,True,LLLSSLSSLSSLSSLL,LLLSSLSSLSSLSSLL,0.0,1,1,,α:L:position α:L:lexicon η:L:nature+position ε:S:nature α:S:unknown ω:L:nature ε:S:nature ε:S:nature ε:L:position ε:S:nature ε:S:nature ο:L:position ο:S:nature α:S:lexicon ει:L:nature ω:L:line_final,"ἀλλ’ ἀὴρ μὲν ἄνωθεν, ἔνερθε δὲ πόντος ἀπείρων,"
Europa,1,134,True,LSSLLLSSLSSLSSLL,LSSLLLSSLSSLSSLL,0.0,1,1,,α:L:position ι:S:lexicon ε:S:nature α:L:position η:L:nature α:L:unknown α:S:antepenult_accent ο:S:nature η:L:nature α:S:lexicon ε:S:nature ει:L:nature α:S:lexicon ο:S:nature ω:L:nature η:L:line_final,ἀμφί ἑ παπτήνασα τόσην ἀνενείκατο φωνήν·
Europa,1,135,True,LSSLSSLSSLSSLSSLL,LSSLSSLSSLSSLSSLL,0.0,1,0,,η:L:nature ε:S:nature ε:S:nature ει:L:nature+position ε:S:nature ο:S:nature αυ:L:nature ε:S:nature ι:S:lexicon ε:L:position ε:S:nature ο:S:nature ω:L:nature+position ε:S:nature ε:S:nature ευ:L:nature α:L:lexicon,πῇ με φέρεις θεόταυρε; τίς ἔπλεο; πῶς δὲ κέλευθα
Europa,1,136,True,LSSLSSLSSLSSLSSLL,LSSLSSLSSLSSLSSLL,0.5,1,2,correption,α:L:position α:S:unknown ε:S:nature ει:L:nature ι:S:lexicon ο:S:nature ε:L:position ι:S:lexicon ι:S:unknown ε:L:position ε:S:nature αι:S:nature ου:L:nature ε:S:nature α:S:lexicon α:L:position α:L:lexicon,"ἀργαλἔ εἰλιπόδεσσι διέρχεαι, οὐδὲ θάλασσαν"
Europa,1,137,True,LLLLLSSLSSLSSLL,LLLLLSSLSSLSSLL,0.0,1,0,,ει:L:nature αι:L:nature ει:L:nature+position ηυ:L:nature ι:L:lexicon α:S:lexicon ε:S:nature ι:L:position ο:S:nature ο:S:nature ε:L:position ι:S:lexicon α:S:lexicon α:L:position α:L:lexicon,δειμαίνεις; νηυσὶν γὰρ ἐπίδρομός ἐστι θάλασσα
Europa,1,138,True,LSSLLLSSLSSLSSLL,LSSLLLSSLSSLSSLL,0.0,1,4,,ω:L:nature υ:S:unknown α:S:paroxytone_short_ultima οι:L:nature+position αυ:L:nature οι:L:nature α:S:unknown ι:S:unknown η:L:nature+position ο:S:nature ε:S:nature ου:L:nature ι:S:antepenult_accent α:S:unknown α:L:position ο:L:line_final,"ὠκυάλοις, ταῦροι δ’ ἁλίην τρομέουσιν ἀταρπόν."
Europa,1,139,True,LLLSSLSSLSSLSSLL,LLLSSLSSLSSLSSLL,0.0,1,1,,οι:L:nature ο:L:position οι:L:nature ο:S:nature ο:S:nature η:L:nature υ:S:unknown ι:S:lexicon ε:L:position α:S:lexicon ο:S:nature ε:L:position ε:S:nature ε:S:nature ω:L:nature η:L:line_final,ποῖόν τοι ποτὸν ἡδύ; τίς ἐξ ἁλὸς ἔσσετ’ ἐδωδή;
Europa,1,140,True,LSSLSSLSSLSSLSSLL,LSSLSSLSSLSSLSSLL,0.0,1,1,,η:L:nature α:S:lexicon α:S:lexicon ι:L:lexicon ε:S:nature ο:S:nature ε:L:position ι:S:lexicon ε:S:nature οι:L:nature+position ε:S:nature ε:S:nature οι:L:nature ο:S:nature α:S:unknown ε:L:position ει:L:line_final,ἦ ἄρα τις θεός ἐσσι· θεοῖς γ’ ἐπεοικότα ῥέζεις.
Europa,1,141,True,LSSLLLSSLSSLSSLL,LSSLLLSSLSSLSSLL,0.0,1,2,,ου:L:nature α:S:unknown ι:S:unknown οι:L:nature ε:L:position ι:L:lexicon ε:S:nature ε:S:nature ι:L:lexicon ο:S:nature ο:S:nature ου:L:nature ε:S:nature ι:S:lexicon αυ:L:nature οι:L:line_final,οὔθ’ ἅλιοι δελφῖνες ἐπὶ χθονὸς οὔτε τι ταῦροι
Europa,1,142,True,LLLSSLSSLSSLSSLL,LLLSSLSSLSSLSSLL,0.0,1,1,,ε:L:position ο:L:position ω:L:nature+position ι:S:unknown ο:S:nature ω:L:nature ι:S:antepenult_accent υ:S:lexicon ε:L:position ο:S:nature α:S:lexicon αι:L:nature α:S:lexicon α:S:lexicon ο:L:position ο:L:line_final,"ἐν πόντῳ στιχόωσι, σὺ δὲ χθόνα καὶ κατὰ πόντον"
Europa,1,143,True,LSSLLLLLSSLSSLL,LSSLLLLLSSLSSLL,1.5,1,1,correption,α:L:position ο:S:nature ο:S:nature α:L:unknown ι:L:position ει:L:nature+position η:L:nature αι:L:nature ε:S:nature οι:S:nature ει:L:nature ι:S:lexicon ε:S:nature ε:L:position α:L:line_final,"ἄτρομος ἀΐσσεις, χηλαὶ δέ τοί εἰσιν ἐρετμά."
Europa,1,144,True,LSSLLLSSLSSLSSLL,LSSLLLSSLSSLSSLL,0.0,1,1,,η:L:nature α:S:lexicon α:S:lexicon αι:L:nature+position αυ:L:nature η:L:nature υ:S:lexicon ε:S:nature η:L:nature ε:S:nature ο:S:nature υ:L:position ο:S:nature α:S:unknown ε:L:position ει:L:line_final,ἦ τάχα καὶ γλαυκῆς ὑπὲρ ἠέρος ὑψόσ’ ἀερθεὶς
Europa,1,145,True,LSSLLLSSLSSLLLL,LSSLLLSSLSSLLLL,3.0,1,0,correption,ει:L:nature ε:S:nature ο:S:nature αι:L:nature+position η:L:nature οι:L:nature ι:S:properispomenon ε:S:nature η:L:nature ε:S:nature αι:S:nature οι:L:nature ω:L:nature οι:L:nature ι:L:lexicon,εἴκελος αἰψηροῖσι πετήσεαι οἰωνοῖσιν.
Europa,1,146,True,LSSLSSLSSLSSLSSLL,LSSLSSLSSLSSLSSLL,1.5,1,0,correption,ω:L:nature οι:S:nature ε:S:nature ω:L:nature ε:S:nature α:S:lexicon η:L:nature ι:S:lexicon υ:S:lexicon α:L:position ο:S:nature ο:S:nature η:L:nature α:S:lexicon ε:S:nature ω:L:nature α:L:lexicon,"ὤμοι ἐγὼ μέγα δή τι δυσάμμορος, ἥ ῥά τε δῶμα"
Europa,1,147,True,LSSLSSLSSLSSLSSLL,LSSLSSLSSLSSLSSLL,1.5,1,3,correption,α:L:lexicon ο:S:nature α:S:unknown ο:L:position ο:S:nature ι:S:unknown ου:L:nature α:S:properispomenon αι:S:nature ε:L:position ο:S:nature ε:S:nature η:L:nature ο:S:nature ι:S:unknown ω:L:nature ε:L:line_final,πατρὸς ἀποπρολιποῦσα καὶ ἑσπομένη βοΐ τῷδε
Europa,1,148,True,LLLSSLSSLLLSSLL,LLLSSLSSLLLSSLL,1.5,1,2,correption,ει:L:nature η:L:nature+position αυ:L:nature ι:S:unknown ι:S:unknown η:L:nature ε:S:nature ε:S:nature ω:L:nature αι:L:nature+position α:L:position ο:S:nature αι:S:nature οι:L:nature η:L:line_final,ξείνην ναυτιλίην ἐφέπω καὶ πλάζομαι οἴη.
Europa,1,149,True,LSSLSSLSSLSSLSSLL,LSSLSSLSSLSSLSSLL,0.0,1,0,,α:L:position α:S:lexicon υ:S:lexicon οι:L:nature ε:S:nature ε:S:nature ω:L:nature+position ο:S:nature ι:S:lexicon η:L:nature α:S:lexicon ο:S:nature ε:L:position ο:S:nature ι:S:lexicon αι:L:nature ε:L:line_final,ἀλλὰ σύ μοι μεδέων πολιῆς ἁλὸς Ἐννοσίγαιε
Europa,1,150,True,LSSLSSLSSLSSLSSLL,LSSLSSLSSLSSLSSLL,1.5,1,3,correption,ι:L:lexicon α:S:unknown ο:S:nature α:L:position ι:S:unknown α:S:unknown ει:L:nature α:S:antepenult_accent ο:S:nature ε:L:position ο:S:nature αι:S:nature ει:L:nature ο:S:nature α:S:lexicon α:L:position αι:L:line_final,"ἵλαος ἀντιάσειας, ὃν ἔλπομαι εἰσοράασθαι"
Europa,1,151,True,LSSLLLSSLSSLSSLL,LSSLLLSSLSSLSSLL,0.0,1,3,,ο:L:position ε:S:nature α:S:unknown ι:L:unknown υ:L:unknown ο:L:position α:S:antepenult_accent ο:S:nature ο:L:position ο:S:nature ε:S:nature ευ:L:nature ο:S:nature ε:S:nature ει:L:nature ο:L:line_final,τόνδε κατιθύνοντα πόρον προκέλευθον ἐμεῖο.
Europa,1,152,True,LSSLLLSSLSSLSSLL,LSSLLLSSLSSLSSLL,0.5,1,2,correption,ου:L:nature α:S:unknown ε:S:nature ει:L:nature α:L:lexicon αυ:L:nature α:S:lexicon ι:S:unknown ε:L:position ο:S:nature αι:S:nature υ:L:position α:S:lexicon ε:S:nature ευ:L:nature α:L:lexicon,οὐκ ἀθεεὶ γὰρ ταῦτα διέρχομαι ὑγρὰ κέλευθα.
Europa,1,153,True,LSSLLLSSLSSLSSLL,LSSLLLSSLSSLSSLL,0.0,1,1,,ω:L:nature+position α:S:lexicon ο:S:nature η:L:nature+position ω:L:nature ε:L:position ο:S:nature ε:S:nature ω:L:nature ε:S:nature ε:S:nature η:L:nature υ:S:unknown ε:S:nature ω:L:nature+position ου:L:line_final,ὣς φάτο· τὴν δ’ ὧδε προσεφώνεεν ἠΰκερως βοῦς·
Europa,1,154,True,LLLSSLLLSSLSSLL,LLLSSLLLSSLSSLL,0.0,1,2,,α:L:position ει:L:nature α:L:position ε:S:nature ι:S:unknown η:L:nature η:L:nature ει:L:nature ι:S:lexicon ι:S:lexicon ο:L:position ι:S:unknown ο:S:nature οι:L:nature+position α:L:properispomenon,"θάρσει παρθενική, μὴ δείδιθι πόντιον οἶδμα."
Europa,1,155,True,LLLLLSSLSSLSSLL,LLLLLSSLSSLSSLL,3.0,1,0,correption,αυ:L:nature ο:L:position οι:L:nature+position ευ:L:nature ει:L:nature ι:S:lexicon ει:S:nature ε:L:position υ:S:lexicon ε:S:nature ει:L:nature ο:S:nature αι:S:nature ει:L:nature αι:L:line_final,"αὐτός τοι Ζεύς εἰμι, κεἰ ἐγγύθεν εἴδομαι εἶναι"
Europa,1,156,True,LSSLSSLSSLSSLSSLL,LSSLSSLSSLSSLSSLL,0.5,1,2,correption,αυ:L:nature ο:S:nature ε:S:nature ει:L:nature υ:S:unknown α:S:unknown αι:L:nature ε:S:nature α:S:lexicon η:L:nature ε:S:nature αι:S:nature ο:L:position ι:S:lexicon ε:S:nature οι:L:nature ι:L:antepenult_accent,ταῦρος· ἐπεὶ δύναμαί γε φανήμεναι ὅττι θέλοιμι.
Europa,1,157,True,LSSLSSLSSLSSLLLL,LSSLSSLSSLSSLLLL,1.5,1,0,,ο:L:position ε:S:nature ο:S:nature ο:L:position α:S:lexicon ε:S:nature η:L:nature ε:S:nature ο:S:nature η:L:nature α:S:lexicon α:S:lexicon ε:L:position η:L:nature α:L:position αι:L:line_final,σὸς δὲ πόθος μ’ ἀνέηκε τόσην ἅλα μετρήσασθαι
Europa,1,158,True,LSSLSSLLLSSLSSLL,LSSLSSLLLSSLSSLL,2.0,1,0,correption,αυ:L:nature ω:S:nature ε:S:nature ει:L:nature ο:S:nature ε:S:nature ο:L:position η:L:nature η:L:nature ε:S:nature ε:S:nature ε:L:position ε:S:nature αι:S:nature η:L:nature η:L:line_final,"ταύρῳ ἐειδόμενον· Κρήτη δέ σε δέξεται ἤδη,"
Europa,1,159,True,LLLSSLSSLLLSSLL,LLLSSLSSLLLSSLL,0.5,1,1,correption,η:L:nature ε:L:position ε:L:position ε:S:nature αι:S:nature αυ:L:nature ο:S:nature ο:S:nature η:L:nature υ:L:position η:L:nature ι:S:unknown α:S:antepenult_accent ει:L:nature ο:L:line_final,"ἥ μ’ ἔθρεψε καὶ αὐτόν, ὅπῃ νυμφήϊα σεῖο"
Europa,1,160,True,LSSLSSLSSLLLSSLL,LSSLSSLSSLLLSSLL,3.0,1,3,cluster_short;correption,ε:L:position ε:S:nature αι:S:nature ε:L:position ε:S:nature ε:S:nature ε:L:position ε:S:position υ:S:unknown ου:L:nature+position ι:L:unknown υ:L:unknown ε:S:nature αι:S:nature υι:L:nature α:L:lexicon,"ἔσσεται· ἐξ ἐμέθεν δὲ κλυτοὺς φιτύσεαι υἷας,"
Europa,1,161,True,LLLSSLSSLSSLSSLL,LLLSSLSSLSSLSSLL,1.5,1,2,correption,οι:L:nature+position η:L:nature+position ου:L:nature οι:S:nature α:S:unknown α:L:position ε:S:nature ε:S:nature ι:L:lexicon ο:S:nature ι:S:unknown οι:L:nature ι:S:antepenult_accent ε:S:nature ο:L:position αι:L:line_final,οἳ σκηπτοῦχοι ἄνακτες ἐπὶ χθονίοισιν ἔσονται.
Europa,1,162,True,LSSLSSLSSLSSLSSLL,LSSLSSLSSLSSLSSLL,0.0,1,0,,ω:L:nature+position α:S:lexicon ο:S:nature αι:L:nature ε:S:nature ε:S:nature ε:L:position ο:S:nature α:S:lexicon ε:L:position α:S:lexicon ο:S:nature αι:L:nature ε:S:nature ο:S:nature ε:L:position η:L:line_final,ὣς φάτο· καὶ τετέλεστο τά περ φάτο. Φαίνετο μὲν δὴ
Europa,1,163,True,LLLSSLSSLSSLSSLL,LLLSSLSSLSSLSSLL,0.0,1,1,,η:L:nature η:L:nature+position ευ:L:nature+position ε:S:nature α:S:lexicon ι:L:lexicon ε:S:nature ε:S:nature η:L:nature α:S:unknown ε:S:nature α:L:position ε:S:nature ο:S:nature ο:L:position η:L:line_final,"Κρήτη, Ζεὺς δὲ πάλιν σφετέρην ἀνελάζετο μορφήν,"
Europa,1,164,True,LSSLLLLLSSLSSLL,LSSLLLLLSSLSSLL,0.0,1,1,,υ:L:lexicon ε:S:nature ε:S:nature οι:L:nature ι:L:position η:L:nature+position αι:L:nature οι:L:nature ε:S:nature ο:S:nature ε:L:position υ:S:unknown ο:S:nature ω:L:nature αι:L:line_final,"λῦσε δέ οἱ μίτρην, καί οἱ λέχος ἔντυον Ὧραι."
Europa,1,165,True,LSSLLLLLSSLSSLL,LSSLLLLLSSLSSLL,0.0,1,0,,η:L:nature ε:S:nature α:S:lexicon ο:L:position ου:L:nature η:L:nature+position η:L:nature ο:L:position ε:S:nature ε:S:nature αυ:L:nature ι:S:lexicon α:S:lexicon υ:L:position η:L:line_final,"ἡ δὲ πάρος κούρη Ζηνὸς γένετ’ αὐτίκα νύμφη,"
Europa,1,166,True,LSSLSSLSSLSSLSSLL,LSSLSSLSSLSSLSSLL,1.5,1,1,cluster_short;correption,αι:L:nature+position ο:S:nature ι:S:lexicon η:L:nature ε:S:position α:S:lexicon ι:L:paroxytone_short_ultima ε:S:nature αι:S:nature αυ:L:nature ι:S:lexicon α:S:lexicon ι:L:unknown ε:S:nature ο:S:nature η:L:nature η:L:line_final,καὶ Κρονίδῃ τέκνα τίκτε καὶ αὐτίκα γίνετο μήτηρ.
Epitaphius Bios,1,1,True,LSSLSSLSSLLLSSLL,LSSLSSLSSLLLSSLL,0.0,1,3,,αι:L:nature ι:S:unknown α:S:unknown οι:L:nature+position ο:S:nature α:S:unknown ει:L:nature ε:S:nature α:S:lexicon αι:L:nature αι:L:nature ω:L:nature ι:S:lexicon ο:S:nature υ:L:lexicon ω:L:line_final,"Αἴλινά μοι στοναχεῖτε νάπαι καὶ Δώριον ὕδωρ,"
Epitaphius Bios,1,2,True,LSSLLLSSLSSLSSLL,LSSLLLSSLSSLSSLL,0.0,1,1,,αι:L:nature ο:S:nature α:S:lexicon οι:L:nature+position αι:L:nature οι:L:nature ε:S:nature ο:S:nature ι:L:lexicon ε:S:nature ο:S:nature ε:L:position α:S:lexicon ι:S:unknown ω:L:nature α:L:antepenult_accent,καὶ ποταμοὶ κλαίοιτε τὸν ἱμερόεντα Βίωνα.
Epitaphius Bios,1,3,True,LSSLLLSSLSSLSSLL,LSSLLLSSLSSLSSLL,0.5,1,4,correption,υ:L:lexicon υ:S:unknown α:S:unknown οι:L:nature υ:L:unknown ε:L:position ε:S:nature αι:S:nature α:L:position ε:S:nature α:S:lexicon υ:L:lexicon ο:S:nature α:S:unknown οι:L:nature+position ε:L:line_final,"νῦν φυτά μοι μύρεσθε, καὶ ἄλσεα νῦν γοάοισθε,"
Epitaphius Bios,1,4,True,LSSLLLSSLLLSSLL,LSSLLLSSLLLSSLL,0.0,1,1,,α:L:position ε:S:nature α:S:lexicon υ:L:lexicon υ:L:position οι:L:nature ι:S:properispomenon α:S:unknown ο:L:position ει:L:nature οι:L:nature ε:S:nature ο:S:nature υ:L:paroxytone_short_ultima οι:L:line_final,"ἄνθεα νῦν στυμνοῖσιν ἀποπνείοιτε κορύμβοις,"
Epitaphius Bios,1,5,True,LSSLLLSSLSSLSSLL,LSSLLLSSLSSLSSLL,0.0,1,3,,υ:L:lexicon ο:S:nature α:S:unknown οι:L:nature ι:L:position ε:L:position ε:S:nature α:S:lexicon ε:L:position ι:S:unknown α:S:antepenult_accent υ:L:lexicon α:S:unknown ε:S:nature ω:L:nature αι:L:line_final,"νῦν ῥόδα φοινίσσεσθε τὰ πένθιμα, νῦν ἀνεμῶναι,"
Epitaphius Bios,1,6,True,LSSLSSLSSLSSLSSLL,LSSLSSLSSLSSLSSLL,1.0,1,4,lexicon_overridden,υ:L:lexicon υ:S:unknown α:S:unknown ι:L:position ε:S:nature α:S:unknown ει:L:nature α:S:lexicon α:S:lexicon α:L:position α:S:unknown α:S:antepenult_accent αι:L:nature+position ε:S:nature ο:S:nature αι:L:nature αι:L:line_final,νῦν ὑάκινθε λάλει τὰ σὰ γράμματα καὶ πλέον αἰαῖ
Epitaphius Bios,1,7,True,LSSLSSLSSLLLSSLL,LSSLSSLSSLLLSSLL,1.0,1,2,lexicon_overridden,α:L:position α:S:unknown ε:S:nature οι:L:nature+position ε:S:nature α:S:lexicon οι:L:nature ι:S:lexicon α:S:lexicon ο:L:position ε:L:position α:L:unknown ε:S:nature ε:S:nature ι:L:position α:L:line_final,βάμβανε τοῖς πετάλοισι· καλὸς τέθνακε μελικτάς.
Epitaphius Bios,1,8,True,LSSLSSLLLSSLSSLL,LSSLSSLLLSSLSSLL,0.0,1,2,,α:L:position ε:S:nature ε:S:nature ι:L:unknown ε:S:nature ι:S:unknown αι:L:nature ω:L:nature ε:L:position ε:S:nature ο:S:nature α:L:position ε:S:nature ε:S:nature οι:L:nature αι:L:line_final,ἄρχετε Σικελικαὶ τῶ πένθεος ἄρχετε Μοῖσαι.
Epitaphius Bios,1,9,True,LSSLSSLSSLSSLSSLL,LSSLSSLSSLSSLSSLL,0.0,1,4,,α:L:unknown ο:S:nature ε:S:nature αι:L:nature υ:S:unknown ι:S:unknown οι:L:nature ι:S:properispomenon ο:S:nature υ:L:unknown ο:S:nature ε:S:nature αι:L:nature ο:S:nature ι:S:lexicon υ:L:paroxytone_short_ultima οι:L:line_final,"ἀδόνες αἱ πυκινοῖσιν ὀδυρόμεναι ποτὶ φύλλοις,"
Epitaphius Bios,1,10,True,LSSLSSLLLSSLSSLL,LSSLSSLLLSSLSSLL,0.0,1,5,,α:L:unknown α:S:unknown ι:S:antepenult_accent οι:L:nature+position ι:S:unknown ε:S:nature οι:L:nature α:L:position ει:L:nature α:S:unknown ε:S:nature α:L:circumflex α:S:unknown ε:S:nature οι:L:nature α:L:line_final,"νάμασι τοῖς Σικελοῖς ἀγγείλατε τᾶς Ἀρεθοίσας,"
Epitaphius Bios,1,11,True,LSSLLLSSLSSLSSLL,LSSLLLSSLSSLSSLL,0.0,1,2,,ο:L:position ι:S:lexicon ι:S:unknown ω:L:nature+position ε:L:position α:L:unknown ε:S:nature ο:S:nature ου:L:nature ο:S:nature ο:S:nature ο:L:position ι:S:lexicon υ:S:lexicon αυ:L:nature ω:L:line_final,"ὅττι Βίων τέθνακεν ὁ βουκόλος, ὅττι σὺν αὐτῷ"
Epitaphius Bios,1,12,True,LSSLLLSSLSSLSSLL,LSSLLLSSLSSLSSLL,0.5,1,2,correption,αι:L:nature ο:S:nature ε:S:nature ο:L:position ε:L:position α:L:unknown ε:S:nature αι:S:nature ω:L:nature ε:S:nature ο:S:nature ω:L:nature ι:S:lexicon α:S:unknown οι:L:nature α:L:line_final,καὶ τὸ μέλος τέθνακε καὶ ὤλετο Δωρὶς ἀοιδά.
Epitaphius Bios,1,13,True,LSSLSSLLLSSLSSLL,LSSLSSLLLSSLSSLL,0.0,1,2,,α:L:position ε:S:nature ε:S:nature ι:L:unknown ε:S:nature ι:S:unknown αι:L:nature ω:L:nature ε:L:position ε:S:nature ο:S:nature α:L:position ε:S:nature ε:S:nature οι:L:nature αι:L:line_final,ἄρχετε Σικελικαὶ τῶ πένθεος ἄρχετε Μοῖσαι.
Epitaphius Bios,1,14,True,LSSLLLSSLSSLSSLL,LSSLLLSSLSSLSSLL,0.0,1,6,,υ:L:unknown ο:S:nature ι:S:unknown οι:L:nature υ:L:unknown ε:L:position ε:S:nature α:S:lexicon υ:L:unknown α:S:unknown ι:S:antepenult_accent αι:L:nature ι:S:unknown α:S:antepenult_accent υ:L:paroxytone_short_ultima οι:L:line_final,"Στρυμόνιοι μύρεσθε παρ’ ὕδασιν αἴλινα κύκνοι,"
Epitaphius Bios,1,15,True,LSSLSSLSSLSSLSSLL,LSSLSSLSSLSSLSSLL,0.0,1,2,,αι:L:nature ο:S:nature ε:S:nature οι:L:nature+position ο:S:nature α:S:unknown ε:L:position ι:S:antepenult_accent ε:S:nature ι:L:position ε:S:nature ε:S:nature ε:L:position ι:S:unknown ο:S:nature ω:L:nature α:L:line_final,"καὶ γοεροῖς στομάτεσσι μελίσδετε πένθιμον ᾠδάν,"
Epitaphius Bios,1,16,True,LLLSSLSSLSSLSSLL,LLLSSLSSLSSLSSLL,0.0,1,3,,οι:L:nature α:L:unknown υ:L:unknown ε:S:nature ε:S:nature οι:L:nature+position ο:S:nature ι:S:lexicon ει:L:nature ε:S:nature ι:S:antepenult_accent η:L:nature α:S:lexicon α:S:unknown ει:L:nature ει:L:line_final,"οἵαν ὑμετέροις ποτὶ χείλεσι γῆρας ἀείδει,"
Epitaphius Bios,1,17,True,LSSLLLLLSSLSSLL,LSSLLLLLSSLSSLL,3.5,1,2,lexicon_overridden;override,ει:L:nature α:S:lexicon ε:S:nature αυ:L:nature ου:L:nature αι:L:nature οι:L:nature α:L:position ι:S:unknown ι:S:unknown ει:L:nature α:S:lexicon ε:S:nature α:L:paroxytone_short_ultima αι:L:line_final,"εἴπατε δ’ αὖ κούραις Οἰαγρίσιν, εἴπατε πάσαις"
Epitaphius Bios,1,18,True,LSSLLLSSLSSLSSLL,LSSLLLSSLSSLSSLL,0.0,1,1,,ι:L:position ο:S:nature ι:S:paroxytone_short_ultima αι:L:nature+position υ:L:position αι:L:nature ι:S:antepenult_accent α:S:lexicon ω:L:nature ε:S:nature ο:S:nature ω:L:nature ι:S:unknown ο:S:nature ο:L:position ευ:L:line_final,Βιστονίαις Νύμφαισιν ἀπώλετο Δώριος Ὀρφεύς.
Epitaphius Bios,1,19,True,LSSLSSLLLSSLSSLL,LSSLSSLLLSSLSSLL,0.0,1,2,,α:L:position ε:S:nature ε:S:nature ι:L:unknown ε:S:nature ι:S:unknown αι:L:nature ω:L:nature ε:L:position ε:S:nature ο:S:nature α:L:position ε:S:nature ε:S:nature οι:L:nature αι:L:line_final,ἄρχετε Σικελικαὶ τῶ πένθεος ἄρχετε Μοῖσαι.
Epitaphius Bios,1,20,True,LSSLSSLSSLSSLSSLL,LSSLSSLSSLSSLSSLL,0.0,1,2,,ει:L:nature ο:S:nature ο:S:nature αι:L:nature α:S:unknown ε:S:nature αι:L:nature ι:S:antepenult_accent ε:S:nature α:L:position ι:S:unknown ο:S:nature ου:L:nature ε:S:nature ι:S:lexicon ε:L:position ει:L:line_final,"κεῖνος ὁ ταῖς ἀγέλαισιν ἐράσμιος οὐκέτι μέλπει,"
Epitaphius Bios,1,21,True,LSSLLLSSLSSLSSLL,LSSLLLSSLSSLSSLL,0.0,1,0,,ου:L:nature ε:S:nature ε:S:nature η:L:nature αι:L:nature αι:L:nature ι:S:antepenult_accent υ:S:lexicon ο:L:position υ:S:lexicon ι:S:lexicon η:L:nature ε:S:nature ο:S:nature α:L:nature ει:L:line_final,"οὐκέτ’ ἐρημαίαισιν ὑπὸ δρυσὶν ἥμενος ᾅδει,"
Epitaphius Bios,1,22,True,LSSLLLSSLLLSSLL,LSSLLLSSLLLSSLL,0.0,1,1,,α:L:position α:S:lexicon α:S:lexicon α:L:lexicon ου:L:nature η:L:nature ι:S:properispomenon ε:S:nature ο:L:position η:L:nature αι:L:nature ο:S:nature α:S:unknown ει:L:nature ει:L:line_final,ἀλλὰ παρὰ Πλουτῆϊ μέλος Ληθαῖον ἀείδει.
Epitaphius Bios,1,23,True,LSSLSSLSSLSSLSSLL,LSSLSSLSSLSSLSSLL,0.5,1,1,correption,ω:L:nature ε:S:nature α:S:antepenult_accent ε:L:position ι:S:lexicon α:S:unknown ω:L:nature α:S:antepenult_accent αι:S:nature αι:L:nature ο:S:nature ε:S:nature αι:L:nature ο:S:nature ι:S:lexicon αυ:L:nature οι:L:line_final,"ὤρεα δ’ ἐστὶν ἄφωνα, καὶ αἱ βόες αἱ ποτὶ ταύροις"
Epitaphius Bios,1,24,True,LSSLSSLSSLSSLSSLL,LSSLSSLSSLSSLSSLL,0.5,1,1,correption,α:L:position ο:S:nature ε:S:nature αι:L:nature ο:S:nature α:S:unknown ο:L:position ι:S:antepenult_accent αι:S:nature ου:L:nature ε:S:nature ε:S:nature ο:L:position ι:S:antepenult_accent ε:S:nature ε:L:position αι:L:line_final,πλαζόμεναι γοάοντι καὶ οὐκ ἐθέλοντι νέμεσθαι.
Epitaphius Bios,1,25,True,LSSLSSLLLSSLSSLL,LSSLSSLLLSSLSSLL,0.0,1,2,,α:L:position ε:S:nature ε:S:nature ι:L:unknown ε:S:nature ι:S:unknown αι:L:nature ω:L:nature ε:L:position ε:S:nature ο:S:nature α:L:position ε:S:nature ε:S:nature οι:L:nature αι:L:line_final,ἄρχετε Σικελικαὶ τῶ πένθεος ἄρχετε Μοῖσαι.
Epitaphius Bios,1,26,True,LSSLLLSSLSSLSSLL,LSSLLLSSLSSLSSLL,0.0,1,1,,ει:L:nature ο:S:nature ι:S:unknown ω:L:nature ε:L:position αυ:L:nature ε:S:nature α:S:lexicon υ:L:lexicon ο:S:nature ο:S:nature αυ:L:nature ο:S:nature α:S:lexicon ο:L:position ω:L:line_final,"σεῖο Βίων ἔκλαυσε ταχὺν μόρον αὐτὸς Ἀπόλλων,"
Epitaphius Bios,1,27,True,LSSLLLSSLLLSSLL,LSSLLLSSLLLSSLL,1.0,1,4,cluster_short,αι:L:nature α:S:unknown υ:S:unknown οι:L:nature υ:L:unknown ο:L:position ο:S:nature ε:S:nature α:L:position αι:L:nature οι:L:nature ε:S:position ι:S:unknown η:L:nature οι:L:line_final,καὶ Σάτυροι μύροντο μελάγχλαινοί τε Πρίηποι·
Epitaphius Bios,1,28,True,LLLSSLSSLSSLSSLL,LLLSSLSSLSSLSSLL,0.0,1,2,,αι:L:nature α:L:circumflex ε:L:position ο:S:nature α:S:unknown ευ:L:nature+position ο:S:nature ο:S:nature ο:L:position ε:S:nature ο:S:nature αι:L:nature ε:S:nature α:S:lexicon υ:L:unknown α:L:line_final,"καὶ Πᾶνες στοναχεῦντο τὸ σὸν μέλος, αἵ τε καθ’ ὕλαν"
Epitaphius Bios,1,29,True,LSSLLLSSLSSLSSLL,LSSLLLSSLSSLSSLL,0.5,1,4,correption,α:L:unknown ι:S:paroxytone_short_ultima ε:S:nature ω:L:nature υ:L:unknown α:L:position ο:S:nature αι:S:nature υ:L:unknown α:S:unknown α:S:antepenult_accent α:L:position υ:S:lexicon α:S:lexicon ε:L:position ο:L:line_final,"Κρανίδες ὠδύραντο, καὶ ὕδατα δάκρυα γέντο."
Epitaphius Bios,1,30,True,LLLLLSSLSSLSSLL,LLLLLSSLSSLSSLL,0.5,1,1,correption,α:L:unknown ω:L:nature ε:L:position ε:L:position αι:L:nature ι:S:antepenult_accent ο:S:nature υ:L:lexicon ε:S:nature αι:S:nature ο:L:position ι:S:lexicon ι:S:lexicon ω:L:nature η:L:line_final,"Ἀχὼ δ’ ἐν πέτραισιν ὀδύρεται, ὅττι σιωπῇ"
Epitaphius Bios,1,31,True,LSSLLLSSLSSLSSLL,LSSLLLSSLSSLSSLL,0.0,1,2,,ου:L:nature ε:S:nature ι:S:unknown ι:L:unknown ει:L:nature αι:L:nature α:S:lexicon α:S:lexicon ει:L:nature ε:S:nature α:S:lexicon ω:L:nature ε:S:nature ο:S:nature ε:L:position ω:L:line_final,κοὐκέτι μιμεῖται τὰ σὰ χείλεα. σῷ δ’ ἐπ’ ὀλέθρῳ
Epitaphius Bios,1,32,True,LSSLSSLSSLSSLSSLL,LSSLSSLSSLSSLSSLL,0.0,1,0,,ε:L:position ε:S:nature α:S:lexicon α:L:position ο:S:nature ε:S:nature ι:L:position ε:S:nature α:S:lexicon α:L:position ε:S:nature α:S:lexicon α:L:position ε:S:nature α:S:lexicon α:L:position η:L:line_final,"δένδρεα καρπὸν ἔριψε, τὰ δ’ ἄνθεα πάντ’ ἐμαράνθη."
Epitaphius Bios,1,33,True,LLLLLSSLSSLSSLL,LLLLLSSLSSLSSLL,1.0,1,1,lexicon_overridden,α:L:unknown ω:L:nature ου:L:nature ε:L:position ευ:L:nature ε:S:nature α:S:lexicon ο:L:position α:S:lexicon ο:S:nature ου:L:nature ε:S:nature ι:S:lexicon ι:L:position ω:L:line_final,"μάλων οὐκ ἔρρευσε καλὸν γλάγος, οὐ μέλι σίμβλων,"
Epitaphius Bios,1,34,True,LSSLLLLLSSLSSLL,LSSLLLLLSSLSSLL,0.0,1,1,,α:L:lexicon α:S:lexicon ε:S:nature ε:L:position η:L:nature ω:L:nature υ:L:unknown ευ:L:nature ε:S:nature ο:S:nature ου:L:nature ε:S:nature ι:S:lexicon α:L:lexicon ει:L:line_final,κάτθανε δ’ ἐν κηρῷ λυπεύμενον· οὐκέτι γὰρ δεῖ
Epitaphius Bios,1,35,True,LSSLLLLLSSLSSLL,LSSLLLLLSSLSSLL,1.0,1,2,cluster_short,ω:L:nature ε:S:nature ι:S:lexicon ο:L:position ω:L:nature ω:L:nature ε:L:position α:L:unknown ο:S:nature ο:S:nature αυ:L:nature ο:S:position υ:S:unknown α:L:circumflex αι:L:line_final,τῶ μέλιτος τῶ σῶ τεθνακότος αὐτὸ τρυγᾶσθαι.
Epitaphius Bios,1,36,True,LSSLSSLLLSSLSSLL,LSSLSSLLLSSLSSLL,0.0,1,2,,α:L:position ε:S:nature ε:S:nature ι:L:unknown ε:S:nature ι:S:unknown αι:L:nature ω:L:nature ε:L:position ε:S:nature ο:S:nature α:L:position ε:S:nature ε:S:nature οι:L:nature αι:L:line_final,ἄρχετε Σικελικαὶ τῶ πένθεος ἄρχετε Μοῖσαι.
Epitaphius Bios,1,37,True,LSSLSSLSSLSSLSSLL,LSSLSSLSSLSSLSSLL,0.0,1,5,,ου:L:nature ο:S:nature ο:S:nature ει:L:nature α:S:unknown ι:S:unknown αι:L:nature ι:S:antepenult_accent α:S:lexicon α:L:nature ο:S:nature ι:S:unknown υ:L:unknown α:S:unknown ο:S:nature ει:L:nature η:L:line_final,"οὐ τόσον εἰναλίαισι παρ’ ᾀόσι μύρατο Σειρήν,"
Epitaphius Bios,1,38,True,LSSLSSLSSLSSLSSLL,LSSLSSLSSLSSLSSLL,0.0,1,2,,ου:L:nature ε:S:nature ο:S:nature ο:L:position ο:S:nature α:S:unknown ει:L:nature ε:S:nature ε:S:nature ι:L:lexicon ο:S:nature ε:S:nature οι:L:nature ι:S:antepenult_accent α:S:unknown η:L:nature ω:L:line_final,"οὐδὲ τόσον ποκ’ ἄεισεν ἐνὶ σκοπέλοισιν Ἀηδών,"
Epitaphius Bios,1,39,True,LSSLLLSSLSSLSSLL,LSSLLLSSLSSLSSLL,0.0,1,1,,ου:L:nature ε:S:nature ο:S:nature ο:L:position η:L:nature η:L:nature ε:S:nature α:S:lexicon ω:L:nature ε:S:nature α:S:antepenult_accent α:L:position α:S:lexicon ε:S:nature ι:L:unknown ω:L:line_final,"οὐδὲ τόσον θρήνησεν ἀν’ ὤρεα μακρὰ Χελιδών,"
Epitaphius Bios,1,40,True,LSSLLLSSLSSLSSLL,LSSLLLSSLSSLSSLL,0.0,1,0,,α:L:position υ:S:lexicon ο:S:nature ο:L:position ου:L:nature ο:L:position ο:S:nature ε:S:nature α:L:position ε:S:nature ι:S:antepenult_accent ι:L:lexicon α:S:lexicon ε:S:nature η:L:nature υ:L:properispomenon,"Ἀλκυόνος δ’ οὐ τόσσον ἐπ’ ἄλγεσιν ἴαχε Κῆϋξ,"
Epitaphius Bios,1,42,True,LSSLLLSSLSSLSSLL,LSSLLLSSLSSLSSLL,0.0,1,0,,ου:L:nature ε:S:nature ο:S:nature ο:L:position αυ:L:nature οι:L:nature ε:S:nature ι:S:lexicon υ:L:lexicon α:S:lexicon ι:S:lexicon η:L:nature υ:S:paroxytone_short_ultima ο:S:nature α:L:nature ε:L:line_final,"οὐδὲ τόσον γλαυκοῖς ἐνὶ κύμασι κηρύλος ᾆδεν,"
Epitaphius Bios,1,41,True,LSSLLLSSLSSLSSLL,LSSLLLSSLSSLSSLL,0.0,1,2,,ου:L:nature ο:S:nature ο:S:nature α:L:unknown ω:L:nature οι:L:nature ι:S:antepenult_accent ε:S:nature α:L:position ε:S:nature ι:S:antepenult_accent αι:L:nature α:S:lexicon ο:S:nature α:L:unknown ου:L:line_final,οὐ τόσον ἀῴοισιν ἐν ἄγκεσι παῖδα τὸν Ἀοῦς
Epitaphius Bios,1,43,True,LSSLSSLSSLSSLSSLL,LSSLSSLSSLSSLSSLL,0.0,1,4,,ι:L:position α:S:unknown ε:S:nature ο:L:position ε:S:nature ι:S:lexicon α:L:circumflex α:S:properispomenon ι:S:unknown υ:L:unknown α:S:unknown ο:S:nature ε:L:position ο:S:nature ο:S:nature ο:L:position ι:L:lexicon,"ἱπτάμενος περὶ σᾶμα κινύρατο Μέμνονος ὄρνις,"
Epitaphius Bios,1,44,True,LSSLSSLSSLLLSSLL,LSSLSSLSSLLLSSLL,0.0,1,3,,ο:L:position ο:S:nature α:S:lexicon ο:L:position ι:S:lexicon ε:S:nature οι:L:nature ο:S:nature α:S:unknown ω:L:nature υ:L:unknown α:L:position ο:S:nature ι:S:unknown ω:L:nature ο:L:line_final,ὅσσον ἀποφθιμένοιο κατωδύραντο Βίωνος.
Epitaphius Bios,1,45,True,LSSLSSLLLSSLSSLL,LSSLSSLLLSSLSSLL,0.0,1,2,,α:L:position ε:S:nature ε:S:nature ι:L:unknown ε:S:nature ι:S:unknown αι:L:nature ω:L:nature ε:L:position ε:S:nature ο:S:nature α:L:position ε:S:nature ε:S:nature οι:L:nature αι:L:line_final,ἄρχετε Σικελικαὶ τῶ πένθεος ἄρχετε Μοῖσαι.
Epitaphius Bios,1,46,True,LSSLLLSSLSSLSSLL,LSSLLLSSLSSLSSLL,0.0,1,2,,α:L:unknown ο:S:nature ι:S:paroxytone_short_ultima ε:L:position α:L:lexicon αι:L:nature ε:S:nature ε:S:nature ι:L:unknown ο:S:nature ε:S:nature α:L:lexicon ο:S:nature ε:S:nature ε:L:position ε:L:line_final,"ἀδονίδες πᾶσαί τε χελιδόνες, ἅς ποκ’ ἔτερπεν,"
Epitaphius Bios,1,47,True,LSSLSSLSSLSSLSSLL,LSSLSSLSSLSSLSSLL,1.0,1,3,lexicon_overridden,α:L:lexicon α:S:unknown ε:S:nature ει:L:nature ε:S:nature ι:S:unknown α:L:position ε:S:nature α:S:unknown ε:L:position ο:S:nature ε:S:nature αι:L:nature ο:S:nature ι:S:lexicon ε:L:position οι:L:line_final,"ἃς λαλέειν ἐδίδασκε, καθεζόμεναι ποτὶ πρέμνοις"
Epitaphius Bios,1,48,True,LSSLLLSSLSSLSSLL,LSSLLLSSLSSLSSLL,0.0,1,3,,α:L:position ι:S:lexicon ο:S:nature α:L:position α:L:unknown αι:L:nature ι:S:antepenult_accent ε:S:nature ω:L:nature υ:S:unknown ο:S:nature αι:L:nature υ:S:unknown ε:S:nature ω:L:nature ευ:L:line_final,ἀντίον ἀλλάλαισιν ἐκώκυον· αἳ δ’ ὑπεφώνευν
Epitaphius Bios,1,49,True,LLLLLLLSSLSSLL,LLLLLLLSSLSSLL,0.5,1,1,correption,ο:L:position ι:L:lexicon ε:L:position υ:L:unknown ει:L:nature+position αι:L:nature ε:L:position α:S:paroxytone_short_ultima ε:S:nature α:L:position α:S:lexicon αι:S:nature η:L:nature ει:L:line_final,ὄρνιθες λυπεῖσθ’ αἱ πενθάδες· ἀλλὰ καὶ ἡμεῖς.
Epitaphius Bios,1,50,True,LSSLSSLLLSSLSSLL,LSSLSSLLLSSLSSLL,0.0,1,2,,α:L:position ε:S:nature ε:S:nature ι:L:unknown ε:S:nature ι:S:unknown αι:L:nature ω:L:nature ε:L:position ε:S:nature ο:S:nature α:L:position ε:S:nature ε:S:nature οι:L:nature αι:L:line_final,ἄρχετε Σικελικαὶ τῶ πένθεος ἄρχετε Μοῖσαι.
Epitaphius Bios,1,51,True,LSSLLLSSLSSLSSLL,LSSLLLSSLSSLSSLL,0.5,1,2,correption,ι:L:lexicon ο:S:nature ε:S:nature α:L:nature υ:L:unknown ι:L:position ι:S:antepenult_accent ε:S:nature ι:L:position ε:S:nature αι:S:nature ω:L:nature+position ι:S:unknown ο:S:nature η:L:nature ε:L:line_final,τίς ποτε σᾷ σύριγγι μελίξεται ὦ τριπόθητε;
Epitaphius Bios,1,52,True,LSSLSSLLLSSLSSLL,LSSLSSLLLSSLSSLL,0.0,1,3,,ι:L:lexicon ε:S:nature ι:S:lexicon οι:L:nature+position α:S:unknown α:S:paroxytone_short_ultima οι:L:nature+position η:L:nature ει:L:nature+position ο:S:nature α:S:lexicon ι:L:lexicon α:S:unknown υ:S:unknown ου:L:nature ω:L:line_final,τίς δ’ ἐπὶ σοῖς καλάμοις θήσει στόμα; τίς θρασὺς οὕτως;
Epitaphius Bios,1,53,True,LSSLLLSSLSSLSSLL,LSSLLLSSLSSLSSLL,0.0,1,1,,ει:L:nature ε:S:nature ι:S:unknown α:L:lexicon ει:L:nature ει:L:nature α:S:lexicon α:S:lexicon ει:L:nature ε:S:nature α:S:lexicon αι:L:nature ο:S:nature ο:S:nature α:L:circumflex α:L:lexicon,"εἰσέτι γὰρ πνείει τὰ σὰ χείλεα καὶ τὸ σὸν ἆσθμα,"
Epitaphius Bios,1,54,True,LLLSSLSSLSSLSSLL,LLLSSLSSLSSLSSLL,0.0,1,4,,α:L:unknown α:L:unknown ε:L:position ο:S:nature α:S:unknown ε:L:position ι:S:antepenult_accent ε:S:nature α:L:circumflex ε:S:nature ι:S:lexicon ο:L:position ε:S:nature α:S:unknown οι:L:nature α:L:circumflex,ἀχὰ δ’ ἐν δονάκεσσι τεᾶς ἔτι βόσκετ’ ἀοιδᾶς.
Epitaphius Bios,1,55,True,LSSLSSLSSLLLSSLL,LSSLSSLSSLLLSSLL,0.0,1,2,,α:L:unknown ι:S:unknown ε:S:nature ω:L:nature ο:S:nature ε:S:nature ι:L:position α:S:antepenult_accent α:S:lexicon α:L:lexicon αι:L:nature ει:L:nature ο:S:nature ε:S:nature ει:L:nature αι:L:line_final,Πανὶ φέρω τὸ μέλισμα; τάχ’ ἂν καὶ κεῖνος ἐρεῖσαι
Epitaphius Bios,1,56,True,LSSLLLLLSSLSSLL,LSSLLLLLSSLSSLL,0.0,1,0,,ο:L:position ο:S:nature α:S:lexicon ει:L:nature αι:L:nature οι:L:nature η:L:nature ευ:L:nature ε:S:nature α:S:antepenult_accent ει:L:nature ο:S:nature ε:S:nature η:L:nature αι:L:line_final,"τὸ στόμα δειμαίνοι, μὴ δεύτερα σεῖο φέρηται."
Epitaphius Bios,1,57,True,LSSLSSLLLSSLSSLL,LSSLSSLLLSSLSSLL,0.0,1,2,,α:L:position ε:S:nature ε:S:nature ι:L:unknown ε:S:nature ι:S:unknown αι:L:nature ω:L:nature ε:L:position ε:S:nature ο:S:nature α:L:position ε:S:nature ε:S:nature οι:L:nature αι:L:line_final,ἄρχετε Σικελικαὶ τῶ πένθεος ἄρχετε Μοῖσαι.
Epitaphius Bios,1,58,True,LLLSSLSSLSSLSSLL,LLLSSLSSLSSLSSLL,0.0,1,0,,αι:L:nature ει:L:nature αι:L:nature α:S:lexicon α:S:lexicon ει:L:nature α:S:lexicon ο:S:nature ο:L:position ε:S:nature ο:S:nature α:L:position ο:S:nature ε:S:nature ε:L:position ε:L:line_final,"κλαίει καὶ Γαλάτεια τὸ σὸν μέλος, ἅν ποκ’ ἔτερπες"
Epitaphius Bios,1,59,True,LSSLSSLSSLSSLSSLL,LSSLSSLSSLSSLSSLL,0.0,1,3,,ε:L:position ο:S:nature ε:S:nature α:L:position ε:S:nature α:S:lexicon ει:L:nature ο:S:nature α:S:lexicon α:L:unknown ι:S:unknown ο:S:nature ε:L:position ι:S:antepenult_accent α:S:unknown α:L:position α:L:line_final,ἑζομέναν μετὰ σεῖο παρ’ ἀϊόνεσσι θαλάσσας.
Epitaphius Bios,1,60,True,LSSLLLSSLSSLSSLL,LSSLLLSSLSSLSSLL,1.0,1,0,lexicon_overridden,ου:L:nature α:S:lexicon ι:S:lexicon ο:L:position υ:L:position ω:L:nature ι:S:antepenult_accent ε:S:nature ι:L:position ε:S:nature ο:S:nature ο:L:position ε:S:nature ε:S:nature ευ:L:nature ε:L:line_final,οὐ γὰρ ἴσον Κύκλωπι μελίσδεο· τὸν μὲν ἔφευγεν
Epitaphius Bios,1,61,True,LLLSSLSSLSSLSSLL,LLLSSLSSLSSLSSLL,1.0,1,3,lexicon_overridden,α:L:unknown α:L:lexicon α:L:lexicon α:S:lexicon α:S:lexicon ει:L:nature α:S:lexicon ε:S:nature α:L:unknown ι:S:unknown ο:S:nature ε:L:position ε:S:nature ε:S:nature α:L:position α:L:line_final,"ἁ καλὰ Γαλάτεια, σὲ δ’ ἅδιον ἔβλεπεν ἅλμας."
Epitaphius Bios,1,62,True,LLLSSLLLSSLSSLL,LLLSSLLLSSLSSLL,0.0,1,5,,αι:L:nature υ:L:lexicon α:L:unknown α:S:unknown ε:S:nature α:L:unknown ω:L:nature υ:L:unknown α:S:unknown ο:S:nature ε:L:position α:S:lexicon α:S:lexicon οι:L:nature ι:L:lexicon,καὶ νῦν λασαμένα τῶ κύματος ἐν ψαμάθοισιν
Epitaphius Bios,1,63,True,LSSLLLSSLSSLSSLL,LSSLLLSSLSSLSSLL,0.0,1,0,,ε:L:position ε:S:nature ε:S:nature η:L:nature αι:L:nature αι:L:nature ι:S:antepenult_accent ο:S:nature α:L:lexicon ε:S:nature ι:S:lexicon ει:L:nature ο:S:nature ο:S:nature ευ:L:nature ει:L:line_final,"ἕζετ’ ἐρημαίαισι, βόας δ’ ἔτι σεῖο νομεύει."
Epitaphius Bios,1,64,True,LSSLSSLLLSSLSSLL,LSSLSSLLLSSLSSLL,0.0,1,2,,α:L:position ε:S:nature ε:S:nature ι:L:unknown ε:S:nature ι:S:unknown αι:L:nature ω:L:nature ε:L:position ε:S:nature ο:S:nature α:L:position ε:S:nature ε:S:nature οι:L:nature αι:L:line_final,ἄρχετε Σικελικαὶ τῶ πένθεος ἄρχετε Μοῖσαι.
Epitaphius Bios,1,65,True,LSSLLLLLSSLSSLL,LSSLLLLLSSLSSLL,0.5,1,2,correption,α:L:lexicon α:S:lexicon οι:S:nature ω:L:nature ου:L:nature α:L:unknown υ:L:position α:L:position α:S:unknown ε:S:nature ω:L:nature α:S:lexicon α:S:lexicon οι:L:nature α:L:circumflex,"πάντα τοι ὦ βούτα συγκάτθανε δῶρα τὰ Μοισᾶν,"
Epitaphius Bios,1,66,True,LSSLSSLSSLSSLSSLL,LSSLSSLSSLSSLSSLL,0.0,1,3,,α:L:position ε:S:nature ι:S:unknown α:L:circumflex ε:S:nature ο:S:nature ε:L:position α:S:antepenult_accent ι:S:unknown η:L:nature α:S:unknown α:S:antepenult_accent ει:L:nature ε:S:nature α:S:lexicon αι:L:nature ω:L:line_final,"παρθενικᾶν ἐρόεντα φιλήματα, χείλεα παίδων,"
Epitaphius Bios,1,67,True,LLLSSLSSLLLSSLL,LLLSSLSSLLLSSLL,0.0,1,0,,αι:L:nature+position υ:L:position οι:L:nature ε:S:nature ι:S:lexicon ω:L:nature α:S:lexicon ε:S:nature ο:L:position αι:L:nature ου:L:nature ι:S:antepenult_accent ε:S:nature ω:L:nature ε:L:line_final,καὶ στυμνοὶ περὶ σῶμα τεὸν κλαίουσιν Ἔρωτες.
Epitaphius Bios,1,68,True,LLLSSLSSLSSLSSLL,LLLSSLSSLSSLSSLL,0.0,1,2,,α:L:unknown υ:L:paroxytone_short_ultima ι:L:lexicon ο:S:nature ε:S:nature ει:L:nature ε:S:nature ο:S:nature υ:L:lexicon ε:S:nature ο:S:nature η:L:nature ο:S:nature ι:S:unknown η:L:nature α:L:antepenult_accent,"χἀ Κύπρις ποθέει σε πολὺ πλέον ἢ τὸ φίλημα,"
Epitaphius Bios,1,69,True,LLLSSLSSLLLSSLL,LLLSSLSSLLLSSLL,0.0,1,3,,ο:L:position ω:L:nature α:L:position ο:S:nature α:S:unknown ω:L:nature ι:S:antepenult_accent α:S:unknown ο:L:position α:L:nature+position ο:L:position α:S:antepenult_accent ι:S:unknown η:L:nature ε:L:line_final,τὸ πρώαν τὸν Ἄδωνιν ἀποθνᾴσκοντα φίλησεν.
Epitaphius Bios,1,70,True,LSSLSSLSSLSSLSSLL,LSSLSSLSSLSSLSSLL,0.5,1,3,correption,ου:L:nature ο:S:nature οι:S:nature ω:L:nature ο:S:nature α:S:lexicon ω:L:nature+position ι:S:unknown υ:S:unknown ω:L:nature α:S:unknown ε:S:nature ευ:L:nature ε:S:nature ο:S:nature α:L:paroxytone_short_ultima ο:L:line_final,"τοῦτό τοι ὦ ποταμῶν λιγυρώτατε δεύτερον ἄλγος,"
Epitaphius Bios,1,71,True,LSSLSSLSSLSSLSSLL,LSSLSSLSSLSSLSSLL,1.5,1,0,cluster_short;correption,ου:L:nature ο:S:nature ε:S:nature η:L:nature ε:S:nature ο:S:nature α:L:paroxytone_short_ultima ο:S:nature α:S:lexicon ω:L:nature ε:S:nature ο:S:position α:L:circumflex οι:S:nature ο:S:nature η:L:nature ο:L:line_final,"τοῦτο, Μέλη, νέον ἄλγος. ἀπώλετο πρᾶν τοι Ὅμηρος,"
Epitaphius Bios,1,72,True,LSSLSSLSSLSSLSSLL,LSSLSSLSSLSSLSSLL,0.0,1,2,,η:L:nature ο:S:nature ο:S:nature α:L:position ι:S:unknown ο:S:nature α:L:position υ:S:unknown ε:S:nature ο:L:position ο:S:nature α:S:lexicon αι:L:nature ε:S:nature ε:S:nature ο:L:position ι:L:antepenult_accent,"τῆνο τὸ Καλλιόπας γλυκερὸν στόμα, καί σε λέγοντι"
Epitaphius Bios,1,73,True,LLLSSLSSLLLSSLL,LLLSSLSSLLLSSLL,1.0,1,1,lexicon_overridden,υ:L:unknown α:L:position αι:L:nature α:S:lexicon ο:S:nature υι:L:nature α:S:lexicon ο:S:nature υ:L:position αυ:L:nature οι:L:nature ι:S:antepenult_accent ε:S:nature ε:L:position οι:L:line_final,"μύρασθαι καλὸν υἷα πολυκλαύτοισι ῥεέθροις,"
Epitaphius Bios,1,74,True,LLLLLLLSSLSSLL,LLLLLLLSSLSSLL,0.0,1,0,,α:L:lexicon α:L:lexicon ε:L:position η:L:nature α:L:antepenult_accent ω:L:nature α:L:circumflex α:S:lexicon α:S:lexicon υ:L:lexicon α:S:lexicon ι:S:lexicon α:L:paroxytone_short_ultima ο:L:line_final,πᾶσαν δ’ ἔπλησας φωνᾶς ἅλα· νῦν πάλιν ἄλλον
Epitaphius Bios,1,75,True,LSSLLLLLSSLSSLL,LSSLLLLLSSLSSLL,0.0,1,2,,υι:L:nature ε:S:nature α:S:lexicon α:L:position υ:L:unknown ει:L:nature+position αι:L:nature ω:L:nature ε:S:nature ι:S:lexicon ε:L:position ε:S:nature ι:S:lexicon α:L:unknown η:L:line_final,"υἱέα δακρύεις, καινῷ δ’ ἐπὶ πένθεϊ τάκῃ."
Epitaphius Bios,1,76,True,LSSLLLSSLSSLSSLL,LSSLLLSSLSSLSSLL,1.5,1,3,correption,α:L:position ο:S:nature ε:S:nature οι:L:nature α:L:unknown αι:L:nature+position ε:S:nature ι:S:unknown η:L:nature ε:S:nature οι:S:nature ο:L:position ε:S:nature ε:S:nature ι:L:unknown ε:L:line_final,"ἀμφότεροι παγαῖς πεφιλημένοι, ὃς μὲν ἔπινε"
Epitaphius Bios,1,77,True,LSSLLLSSLSSLSSLL,LSSLLLSSLSSLSSLL,0.0,1,6,,α:L:unknown α:S:unknown ι:S:paroxytone_short_ultima ο:L:position α:L:unknown α:L:unknown ο:S:nature ε:S:nature ε:L:position ο:S:nature α:S:unknown α:L:circumflex α:S:unknown ε:S:nature οι:L:nature α:L:line_final,"Παγασίδος κράνας, ὃ δ’ ἔχεν πόμα τᾶς Ἀρεθοίσας."
Epitaphius Bios,1,78,True,LLLSSLSSLLLSSLL,LLLSSLSSLLLSSLL,0.0,1,4,,ω:L:nature ε:L:position υ:L:position α:S:unknown ε:S:nature οι:L:nature ο:S:nature α:S:unknown α:L:unknown α:L:unknown ει:L:nature ε:S:nature υ:S:lexicon α:L:lexicon α:L:lexicon,χὢ μὲν Τυνδαρέοιο καλὰν ἄεισε θύγατρα
Epitaphius Bios,1,79,True,LSSLSSLSSLLLSSLL,LSSLSSLSSLLLSSLL,0.5,1,0,correption,αι:L:nature ε:S:nature ι:S:lexicon ο:L:position ε:S:nature α:S:lexicon υι:L:nature α:S:lexicon αι:S:nature α:L:position ει:L:nature α:L:position ε:S:nature ε:S:nature α:L:lexicon ο:L:line_final,καὶ Θέτιδος μέγαν υἷα καὶ Ἀτρείδαν Μενέλαον·
Epitaphius Bios,1,80,True,LLLSSLLLSSLSSLL,LLLSSLLLSSLSSLL,0.0,1,0,,η:L:nature ο:L:position ου:L:nature ο:S:nature ε:S:nature ου:L:nature ου:L:nature α:L:position υ:S:lexicon α:S:lexicon α:L:circumflex α:S:properispomenon ε:S:nature ε:L:position ε:L:line_final,"τῆνος δ’ οὐ πολέμους, οὐ δάκρυα, Πᾶνα δ’ ἔμελπε,"
Epitaphius Bios,1,81,True,LLLSSLSSLLLSSLL,LLLSSLSSLLLSSLL,1.5,1,2,correption;lexicon_overridden,αι:L:nature ου:L:nature α:L:unknown ε:S:nature ι:S:unknown αι:L:nature ε:S:nature αι:S:nature α:L:lexicon ει:L:nature ω:L:nature ε:S:nature ο:S:nature ευ:L:nature ε:L:line_final,"καὶ βούτας ἐλίγαινε καὶ ἀείδων ἐνόμευε,"
Epitaphius Bios,1,82,True,LLLSSLSSLSSLSSLL,LLLSSLSSLSSLSSLL,0.5,1,5,correption,αι:L:nature υ:L:unknown ι:L:position α:S:antepenult_accent ε:S:nature ευ:L:nature ε:S:nature αι:S:nature α:L:unknown ε:S:nature α:S:unknown ο:L:position ι:S:unknown α:S:unknown ε:L:position ε:L:line_final,"καὶ σύριγγας ἔτευχε καὶ ἁδέα πόρτιν ἄμελγε,"
Epitaphius Bios,1,83,True,LLLSSLSSLSSLSSLL,LLLSSLSSLSSLSSLL,0.0,1,3,,αι:L:nature αι:L:nature ω:L:nature ε:S:nature ι:S:unknown α:L:position ε:S:nature ι:S:unknown η:L:nature α:S:unknown α:S:antepenult_accent αι:L:nature ο:S:nature ε:S:nature ω:L:nature α:L:antepenult_accent,"καὶ παίδων ἐδίδασκε φιλήματα, καὶ τὸν Ἔρωτα"
Epitaphius Bios,1,84,True,LSSLLLSSLSSLSSLL,LSSLLLSSLSSLSSLL,1.5,1,2,cluster_short;correption,ε:L:position ε:S:nature ε:S:nature ε:L:position ο:L:position οι:L:nature ι:S:antepenult_accent αι:S:nature η:L:nature ε:S:nature ε:S:nature α:L:unknown α:S:position ο:S:nature ι:L:unknown α:L:line_final,ἔτρεφεν ἐν κόλποισι καὶ ἤρεθε τὰν Ἀφροδίταν.
Epitaphius Bios,1,85,True,LSSLSSLLLSSLSSLL,LSSLSSLLLSSLSSLL,0.0,1,2,,α:L:position ε:S:nature ε:S:nature ι:L:unknown ε:S:nature ι:S:unknown αι:L:nature ω:L:nature ε:L:position ε:S:nature ο:S:nature α:L:position ε:S:nature ε:S:nature οι:L:nature αι:L:line_final,ἄρχετε Σικελικαὶ τῶ πένθεος ἄρχετε Μοῖσαι.
Epitaphius Bios,1,86,True,LSSLLLSSLSSLSSLL,LSSLLLSSLSSLSSLL,2.0,1,1,cluster_short;lexicon_overridden,α:L:lexicon α:S:lexicon ι:S:unknown ω:L:nature+position η:L:nature ει:L:nature ε:S:position υ:S:lexicon α:L:lexicon ο:S:nature ι:S:lexicon α:L:position ε:S:nature α:S:lexicon α:L:lexicon α:L:lexicon,"πᾶσα Βίων θρηνεῖ σε κλυτὰ πόλις, ἄστεα πάντα."
Epitaphius Bios,1,87,True,LLLSSLSSLSSLSSLL,LLLSSLSSLSSLSSLL,0.0,1,3,,α:L:position α:L:unknown ε:L:position ο:S:nature α:S:unknown ει:L:nature ε:S:nature ο:S:nature υ:L:lexicon ε:S:nature ο:S:nature η:L:nature ι:S:unknown ο:S:nature οι:L:nature ο:L:line_final,Ἄσκρα μὲν γοάει σε πολὺ πλέον Ἡσιόδοιο·
Epitaphius Bios,1,88,True,LSSLSSLSSLLLSSLL,LSSLSSLSSLLLSSLL,0.0,1,1,,ι:L:position α:S:unknown ο:S:nature ου:L:nature ο:S:nature ε:S:nature ο:L:position ι:S:antepenult_accent ο:S:nature ο:L:position οι:L:nature ω:L:nature ι:S:paroxytone_short_ultima ε:S:nature υ:L:circumflex αι:L:line_final,Πίνδαρον οὐ ποθέοντι τόσον Βοιωτίδες ὗλαι·
Epitaphius Bios,1,89,True,LSSLLLSSLSSLSSLL,LSSLLLSSLSSLSSLL,0.0,1,3,,ου:L:nature ο:S:nature ο:S:nature α:L:position αι:L:nature ω:L:nature ε:S:nature ι:S:unknown υ:L:unknown α:S:unknown ο:S:nature ε:L:position ο:S:nature ε:S:nature α:L:position α:L:line_final,οὐ τόσον Ἀλκαίῳ περιμύρατο Λέσβος ἐραννά·
Epitaphius Bios,1,90,True,LSSLSSLSSLSSLSSLL,LSSLSSLSSLSSLSSLL,2.0,1,3,metrical_lengthening,ου:L:nature ε:S:nature ο:S:nature ο:L:nature ο:S:nature α:S:lexicon οι:L:nature ο:S:nature ο:S:nature υ:L:unknown α:S:unknown ο:S:nature η:L:nature ι:S:unknown ο:S:nature α:L:paroxytone_short_ultima υ:L:lexicon,οὐδὲ τόσον ὃν ἀοιδὸν ὀδύρατο Τήϊον ἄστυ·
Epitaphius Bios,1,91,True,LSSLSSLSSLSSLSSLL,LSSLSSLSSLSSLSSLL,0.0,1,1,,ε:L:position ε:S:nature ο:S:nature α:L:position ι:S:unknown ο:S:nature οι:L:nature ο:S:nature ο:S:nature ει:L:nature α:S:lexicon ο:S:nature α:L:position ι:S:lexicon ε:S:nature α:L:position ω:L:line_final,σὲ πλέον Ἀρχιλόχοιο ποθεῖ Πάρος· ἀντὶ δὲ Σαπφῶς
Epitaphius Bios,1,92,True,LSSLSSLSSLSSLSSLL,LSSLSSLSSLSSLSSLL,0.5,1,7,correption,ει:L:nature ε:S:nature ι:S:unknown ευ:L:nature ο:S:nature ε:S:nature ι:L:position α:S:antepenult_accent ι:S:unknown υ:L:unknown ε:S:nature αι:S:nature α:L:unknown ι:S:unknown υ:S:unknown α:L:unknown α:L:line_final,εἰσέτι σεῦ τὸ μέλισμα κινύρεται ἁ Μιτυλάνα.
Epitaphius Bios,1,93,True,LSSLSSLSSLSSLSSLL,LSSLSSLSSLSSLSSLL,0.0,1,4,,ει:L:nature ε:S:nature υ:S:unknown α:L:unknown ο:S:nature ι:S:unknown οι:L:nature ι:S:antepenult_accent ε:S:nature ο:L:position ι:S:unknown ο:S:nature αυ:L:nature α:S:lexicon ε:S:nature ω:L:nature οι:L:line_final,εἶ δὲ Συρακοσίοισι Θεόκριτος· αὐτὰρ ἐγώ τοι
Epitaphius Bios,1,94,True,LSSLSSLLLSSLSSLL,LSSLSSLLLSSLSSLL,0.0,1,1,,αυ:L:nature ο:S:nature ι:S:unknown α:L:circumflex ο:S:nature υ:S:lexicon α:L:lexicon ε:L:position ω:L:nature ε:S:nature ο:S:nature ου:L:nature+position ε:S:nature ο:S:nature ω:L:nature α:L:circumflex,"Αὐσονικᾶς ὀδύνας μέλπω μέλος, οὐ ξένος ᾠδᾶς"
Epitaphius Bios,1,95,True,LSSLLLSSLSSLSSLL,LSSLLLSSLSSLSSLL,0.0,1,4,,ου:L:nature ο:S:nature ι:S:unknown α:L:circumflex α:L:position α:L:paroxytone_short_ultima ε:S:nature ι:S:unknown α:L:position α:S:unknown ο:S:nature ει:L:nature ο:S:nature α:S:unknown η:L:nature α:L:line_final,"βουκολικᾶς, ἀλλ’ ἅντε διδάξαο σεῖο μαθητὰς"
Epitaphius Bios,1,96,True,LSSLLLLLSSLSSLL,LSSLLLLLSSLSSLL,0.0,1,1,,α:L:unknown ο:S:nature ο:S:nature ο:L:position οι:L:nature α:L:position α:L:circumflex ω:L:nature ι:S:lexicon ο:S:nature α:L:nature ε:S:nature ε:S:nature αι:L:nature ω:L:line_final,"κλαρονόμος Μοίσας τᾶς Δωρίδος, ᾇ με γεραίρων"
Epitaphius Bios,1,97,True,LLLSSLSSLSSLSSLL,LLLSSLSSLSSLSSLL,0.0,1,2,,α:L:paroxytone_short_ultima οι:L:nature+position ε:L:position ε:S:nature ο:S:nature ο:L:position ο:S:nature ε:S:nature οι:L:nature α:S:unknown ε:S:nature ει:L:nature ε:S:nature α:S:unknown οι:L:nature α:L:line_final,"ἄλλοις μὲν τεὸν ὄλβον, ἐμοὶ δ’ ἀπέλειπες ἀοιδάν."
Epitaphius Bios,1,98,True,LSSLSSLLLSSLSSLL,LSSLSSLLLSSLSSLL,0.0,1,2,,α:L:position ε:S:nature ε:S:nature ι:L:unknown ε:S:nature ι:S:unknown αι:L:nature ω:L:nature ε:L:position ε:S:nature ο:S:nature α:L:position ε:S:nature ε:S:nature οι:L:nature αι:L:line_final,ἄρχετε Σικελικαὶ τῶ πένθεος ἄρχετε Μοῖσαι.
Epitaphius Bios,1,99,True,LLLSSLSSLSSLSSLL,LLLSSLSSLSSLSSLL,0.0,1,1,,αι:L:nature αι:L:nature αι:L:nature α:S:unknown α:S:paroxytone_short_ultima αι:L:nature ε:S:nature ε:S:nature α:L:position α:S:lexicon α:S:lexicon α:L:circumflex ο:S:nature ο:S:nature ω:L:nature+position αι:L:line_final,"αἰαῖ ταὶ μαλάχαι μέν, ἐπὰν κατὰ κᾶπον ὄλωνται,"
Epitaphius Bios,1,100,True,LSSLSSLSSLSSLSSLL,LSSLSSLSSLSSLSSLL,1.0,1,4,lexicon_overridden,η:L:nature ε:S:nature α:S:lexicon ω:L:nature α:S:unknown ε:S:nature ι:L:unknown α:S:antepenult_accent ο:S:nature ευ:L:nature α:S:unknown ε:S:nature ου:L:nature ο:S:nature α:S:unknown η:L:nature ο:L:line_final,"ἠδὲ τὰ χλωρὰ σέλινα τό τ’ εὐθαλὲς οὖλον ἄνηθον,"
Epitaphius Bios,1,101,True,LSSLLLSSLSSLSSLL,LSSLLLSSLSSLSSLL,1.5,1,1,correption,υ:L:position ε:S:nature ο:S:nature αυ:L:nature+position ω:L:nature ο:L:position ι:S:lexicon αι:S:nature ει:L:nature ε:S:nature ο:S:nature α:L:paroxytone_short_ultima ο:S:nature υ:S:unknown ο:L:position ι:L:antepenult_accent,ὕστερον αὖ ζώοντι καὶ εἰς ἔτος ἄλλο φύοντι·
Epitaphius Bios,1,102,True,LLLSSLLLSSLSSLL,LLLSSLLLSSLSSLL,2.0,1,0,correption,α:L:paroxytone_short_ultima ε:L:position οι:L:nature ε:S:nature α:S:lexicon οι:L:nature αι:L:nature α:L:position ε:S:nature οι:S:nature οι:L:nature ο:S:nature οι:S:nature α:L:lexicon ε:L:line_final,"ἄμμες δ’ οἱ μεγάλοι καὶ καρτεροί, οἱ σοφοὶ ἄνδρες,"
Epitaphius Bios,1,103,True,LSSLSSLSSLSSLSSLL,LSSLSSLSSLSSLSSLL,2.5,1,3,cluster_short;correption,ο:L:position ο:S:nature ε:S:position α:L:circumflex α:S:properispomenon α:S:unknown ω:L:nature ε:S:nature α:S:unknown α:L:unknown ο:S:nature οι:S:nature ε:L:position ο:S:nature ι:S:lexicon οι:L:nature α:L:line_final,"ὁππότε πρᾶτα θάνωμες, ἀνάκοοι ἐν χθονὶ κοίλᾳ"
Epitaphius Bios,1,104,True,LSSLSSLSSLSSLSSLL,LSSLSSLSSLSSLSSLL,0.0,1,1,,ευ:L:nature ο:S:nature ε:S:nature ευ:L:nature α:S:lexicon α:S:lexicon α:L:position ο:S:nature α:S:unknown ε:L:position ο:S:nature α:S:antepenult_accent η:L:nature+position ε:S:nature ο:S:nature υ:L:paroxytone_short_ultima ο:L:line_final,εὕδομες εὖ μάλα μακρὸν ἀτέρμονα νήγρετον ὕπνον.
Epitaphius Bios,1,105,True,LSSLLLSSLSSLSSLL,LSSLLLSSLSSLSSLL,1.5,1,1,correption,αι:L:nature υ:S:lexicon ε:S:nature ω:L:nature+position ι:L:unknown α:L:nature ε:S:nature υ:S:lexicon α:L:position ε:S:nature ο:S:nature ε:L:position ε:S:nature αι:S:nature ε:L:position α:L:line_final,"καὶ σὺ μὲν ὦν σιγᾷ πεπυκασμένος ἔσσεαι ἐν γᾷ,"
Epitaphius Bios,1,106,True,LLLSSLSSLLLSSLL,LLLSSLSSLLLSSLL,0.0,1,1,,αι:L:nature+position υ:L:position αι:L:nature ι:S:antepenult_accent ε:S:nature ο:L:position ε:S:nature α:S:lexicon ει:L:nature ο:L:position α:L:position α:S:unknown ο:S:nature α:L:nature ει:L:line_final,ταῖς Νύμφαισι δ’ ἔδοξεν ἀεὶ τὸν βάτραχον ᾅδειν.
Epitaphius Bios,1,107,True,LSSLSSLSSLSSLSSLL,LSSLSSLSSLSSLSSLL,1.5,1,0,correption;lexicon_overridden,αι:L:nature+position ε:S:nature ω:S:nature ου:L:nature+position ο:S:nature ε:S:nature οι:L:nature ι:S:antepenult_accent ο:S:nature α:L:lexicon ε:S:nature ο:S:nature ου:L:nature α:S:lexicon ο:S:nature α:L:nature ει:L:line_final,ταῖς δ’ ἐγὼ οὐ φθονέοιμι· τὸ γὰρ μέλος οὐ καλὸν ᾅδει.
Epitaphius Bios,1,108,True,LSSLSSLLLSSLSSLL,LSSLSSLLLSSLSSLL,0.0,1,2,,α:L:position ε:S:nature ε:S:nature ι:L:unknown ε:S:nature ι:S:unknown αι:L:nature ω:L:nature ε:L:position ε:S:nature ο:S:nature α:L:position ε:S:nature ε:S:nature οι:L:nature αι:L:line_final,ἄρχετε Σικελικαὶ τῶ πένθεος ἄρχετε Μοῖσαι.
Epitaphius Bios,1,109,True,LSSLSSLSSLSSLSSLL,LSSLSSLSSLSSLSSLL,0.0,1,1,,α:L:position α:S:lexicon ο:S:nature η:L:nature+position ε:S:nature ι:S:unknown ω:L:nature+position ο:S:nature ι:S:lexicon ο:L:position ο:S:nature α:S:lexicon α:L:position α:S:lexicon ο:S:nature η:L:nature ε:L:line_final,"φάρμακον ἦλθε, Βίων, ποτὶ σὸν στόμα, φάρμακον ἦδες—"
Epitaphius Bios,1,110,True,LLLLLSSLSSLSSLL,LLLLLSSLSSLSSLL,1.0,1,2,cluster_short,οι:L:nature ου:L:nature οι:L:nature+position ει:L:nature ε:L:position ι:S:antepenult_accent ο:S:nature ε:L:position α:S:unknown ε:S:nature ου:L:nature ε:S:position υ:S:unknown α:L:position η:L:line_final,τοιούτοις χείλεσσι ποτέδραμε κοὐκ ἐγλυκάνθη;
Epitaphius Bios,1,111,True,LSSLLLSSLSSLSSLL,LSSLLLSSLSSLSSLL,1.0,1,2,cluster_short,ι:L:lexicon ε:S:position ο:S:nature ο:L:position ο:L:position ου:L:nature ο:S:nature α:S:unknown α:L:unknown ε:S:nature ο:S:nature ω:L:nature+position ε:S:nature α:S:paroxytone_short_ultima αι:L:nature οι:L:line_final,τίς δὲ βροτὸς τοσσοῦτον ἀνάμερος ὡς κεράσαι τοι
Epitaphius Bios,1,112,True,LLLSSLSSLSSLSSLL,LLLSSLSSLSSLSSLL,0.0,1,3,,η:L:nature ου:L:nature αι:L:nature α:S:unknown ε:S:nature ο:L:position ι:S:antepenult_accent ο:S:nature α:L:position α:S:unknown ο:S:nature ε:L:position υ:S:unknown ε:S:nature ω:L:nature α:L:line_final,ἢ δοῦναι καλέοντι τὸ φάρμακον;—ἔκψυγεν ᾠδά.
Epitaphius Bios,1,113,True,LSSLSSLLLSSLSSLL,LSSLSSLLLSSLSSLL,0.0,1,2,,α:L:position ε:S:nature ε:S:nature ι:L:unknown ε:S:nature ι:S:unknown αι:L:nature ω:L:nature ε:L:position ε:S:nature ο:S:nature α:L:position ε:S:nature ε:S:nature οι:L:nature αι:L:line_final,ἄρχετε Σικελικαὶ τῶ πένθεος ἄρχετε Μοῖσαι.
Epitaphius Bios,1,114,True,LSSLSSLSSLSSLSSLL,LSSLSSLSSLSSLSSLL,0.0,1,2,,α:L:position α:S:lexicon ι:S:unknown α:L:unknown ι:S:paroxytone_short_ultima ε:S:nature α:L:lexicon α:S:lexicon ε:S:nature ω:L:nature ε:S:nature ι:S:lexicon ε:L:position ε:S:nature ι:S:lexicon ω:L:nature ε:L:line_final,ἀλλὰ Δίκα κίχε πάντας. ἐγὼ δ’ ἐπὶ πένθεϊ τῷδε
Epitaphius Bios,1,115,True,LSSLSSLSSLSSLSSLL,LSSLSSLSSLSSLSSLL,1.5,1,3,correption,α:L:position υ:S:unknown ε:S:nature ω:L:nature+position ε:S:nature ο:S:nature οι:L:nature ο:S:nature ο:S:nature υ:L:lexicon ο:S:nature αι:S:nature ει:L:nature υ:S:unknown α:S:unknown α:L:position ε:L:line_final,"δακρυχέων τεὸν οἶτον ὀδύρομαι. εἰ δυνάμαν δέ,"
Epitaphius Bios,1,116,True,LLLSSLSSLSSLSSLL,LLLSSLSSLSSLSSLL,0.0,1,2,,ω:L:nature ο:L:position ευ:L:nature+position α:S:unknown α:S:unknown α:L:position ο:S:nature ι:S:lexicon α:L:position α:S:lexicon ο:S:nature ω:L:nature+position ο:S:nature ο:S:nature υ:L:lexicon ευ:L:line_final,"ὡς Ὀρφεὺς καταβὰς ποτὶ Τάρταρον, ὥς ποκ’ Ὀδυσσεύς,"
Epitaphius Bios,1,117,True,LSSLLLLLSSLSSLL,LSSLLLLLSSLSSLL,0.0,1,0,,ω:L:nature+position α:S:lexicon ο:S:nature α:L:position ει:L:nature α:L:position η:L:nature ω:L:nature α:S:lexicon α:S:lexicon ε:L:position ο:S:nature ο:S:nature η:L:nature+position ο:L:line_final,"ὡς πάρος Ἀλκείδας, κἠγὼ τάχ’ ἂν ἐς δόμον ἦνθον"
Epitaphius Bios,1,118,True,LSSLSSLSSLLLSSLL,LSSLSSLSSLLLSSLL,1.5,1,0,correption,ου:L:nature ε:S:nature ο:S:nature ω:L:nature+position ε:S:nature ι:S:lexicon οι:L:nature ι:S:lexicon αι:S:nature ει:L:nature+position ου:L:nature η:L:nature ι:S:properispomenon ε:S:nature ι:L:position ει:L:line_final,"Πλουτέος, ὥς κεν ἴδοιμι, καὶ εἰ Πλουτῆι μελίσδεις,"
Epitaphius Bios,1,119,True,LSSLLLSSLSSLSSLL,LSSLLLSSLSSLSSLL,0.5,1,1,correption,ω:L:nature α:S:lexicon α:S:unknown ου:L:nature αι:L:nature α:L:position ι:S:lexicon ε:S:nature ι:L:position ε:S:nature αι:S:nature α:L:position α:S:lexicon ε:S:nature ω:L:nature α:L:line_final,"ὡς ἂν ἀκουσαίμαν, τί μελίσδεαι. ἀλλ’ ἄγε Κώρᾳ"
Epitaphius Bios,1,120,True,LSSLSSLSSLSSLSSLL,LSSLSSLSSLSSLSSLL,0.5,1,6,correption,ι:L:unknown ε:S:nature ι:S:unknown ο:L:position ι:S:lexicon ι:S:unknown αι:L:nature ε:S:nature αι:S:nature α:L:unknown υ:S:unknown ι:S:lexicon ου:L:nature ο:S:nature ι:S:unknown α:L:position ευ:L:line_final,Σικελικόν τι λίγαινε και ἁδύ τι βουκολιάζευ.
Epitaphius Bios,1,121,True,LLLSSLSSLLLSSLL,LLLSSLSSLLLSSLL,1.5,1,3,correption,αι:L:nature ει:L:nature α:L:unknown ι:S:unknown ε:S:nature α:L:unknown αι:S:nature ε:S:nature αι:L:nature+position αι:L:nature αι:L:nature ι:S:antepenult_accent ε:S:nature αι:L:nature+position ε:L:line_final,"καὶ κείνα Σικελά, καὶ ἐν Αἰτναίαισιν ἔπαιζεν"
Epitaphius Bios,1,122,True,LSSLSSLSSLSSLSSLL,LSSLSSLSSLSSLSSLL,0.0,1,1,,α:L:nature ο:S:nature ι:S:unknown αι:L:nature ε:S:nature ο:S:nature οι:L:nature ε:S:nature ο:S:nature ω:L:nature ι:S:lexicon ο:S:nature ου:L:nature α:S:lexicon ε:S:nature α:L:position ο:L:line_final,"ᾀόσι, καὶ μέλος οἶδε τὸ Δώριον· οὐκ ἀγέραστος"
Epitaphius Bios,1,123,True,LLLLLLLSSLSSLL,LLLLLLLSSLSSLL,1.0,1,2,cluster_short,ε:L:position ει:L:nature α:L:unknown ο:L:position α:L:unknown ω:L:nature ο:L:position ε:S:nature ι:S:position ο:L:position ε:S:nature ε:S:nature ω:L:nature ε:L:line_final,ἐσσεῖθ’ ἁ μολπά. χὠς Ὀρφέϊ πρόσθεν ἔδωκεν
Epitaphius Bios,1,124,True,LSSLLLSSLSSLSSLL,LSSLLLSSLSSLSSLL,0.0,1,6,,α:L:unknown ε:S:nature α:S:unknown ο:L:position ι:L:position ο:L:position ι:S:antepenult_accent α:S:unknown ι:L:position υ:S:unknown ο:S:nature ευ:L:nature υ:S:unknown ι:S:unknown ει:L:nature α:L:antepenult_accent,"ἁδέα φορμίζοντι παλίσσυτον Εὐρυδίκειαν,"
Epitaphius Bios,1,125,True,LSSLLLLLSSLSSLL,LSSLLLLLSSLSSLL,0.0,1,1,,αι:L:nature ε:S:nature ι:S:unknown ω:L:nature+position ε:L:position ει:L:nature οι:L:nature ω:L:nature ε:S:nature ι:S:antepenult_accent ει:L:nature ε:S:nature ι:S:lexicon η:L:nature ω:L:line_final,καὶ σὲ Βίων πέμψει τοῖς ὤρεσιν. εἰ δέ τι κἠγὼν
Epitaphius Bios,1,126,True,LLLSSLSSLSSLSSLL,LLLSSLSSLSSLSSLL,1.0,1,4,lexicon_overridden,υ:L:unknown ι:L:position ω:L:nature+position υ:S:unknown α:S:unknown α:L:position α:S:lexicon α:S:lexicon ου:L:nature ε:S:nature ι:S:unknown αυ:L:nature ο:S:nature α:S:lexicon ει:L:nature ο:L:line_final,"συρίσδων δυνάμαν, παρὰ Πλουτέϊ κ’ αὐτὸς ἄειδον."
Megara,1,1,True,LSSLLLSSLSSLSSLL,LSSLLLSSLSSLSSLL,0.0,1,1,,η:L:nature ε:S:nature ε:S:nature η:L:nature ι:L:position ω:L:nature ε:S:nature ι:S:lexicon ο:L:position α:S:lexicon α:S:lexicon υ:L:lexicon ο:S:nature ι:S:unknown α:L:position ει:L:line_final,"Μῆτερ ἐμή, τίφθ’ ὧδε φίλον κατὰ θυμὸν ἰάπτεις"
Megara,1,2,True,LLLSSLSSLSSLSSLL,LLLSSLSSLSSLSSLL,1.5,1,1,cluster_short;correption,ε:L:position α:L:position ω:L:nature α:S:unknown ε:S:nature ου:L:nature α:S:antepenult_accent ο:S:position ι:L:lexicon ε:S:nature οι:S:nature ου:L:nature ε:S:nature ε:S:nature ευ:L:nature ο:L:line_final,"ἐκπάγλως ἀχέουσα, τὸ πρὶν δέ τοι οὐκέτ’ ἔρευθος"
Megara,1,3,True,LSSLSSLSSLSSLLLL,LSSLSSLSSLSSLLLL,2.5,1,1,lexicon_overridden,ω:L:nature+position ε:S:nature ε:S:nature ι:L:lexicon ε:S:nature ε:S:nature ε:L:position ι:S:antepenult_accent ι:S:lexicon οι:L:nature ο:S:nature ο:S:nature η:L:nature ι:L:unknown η:L:nature αι:L:line_final,σῴζετ’ ἐπὶ ῥεθέεσσι; τί μοι τόσον ἠνίησαι;
Megara,1,4,True,LSSLSSLSSLSSLSSLL,LSSLSSLSSLSSLSSLL,0.5,1,2,correption,η:L:nature ο:S:nature ι:S:lexicon α:L:position ε:S:nature α:S:lexicon α:L:lexicon ει:S:nature α:S:unknown ει:L:nature ι:S:unknown α:S:antepenult_accent αι:L:nature ι:S:lexicon ο:S:nature υι:L:nature ο:L:line_final,ἦρ’ ὅτι ἄλγεα πάσχει ἀπείριτα φαίδιμος υἱὸς
Megara,1,5,True,LSSLSSLSSLLLSSLL,LSSLSSLSSLLLSSLL,0.0,1,1,,α:L:lexicon ο:S:nature υ:S:unknown ου:L:nature ι:S:lexicon α:S:lexicon οι:L:nature ο:S:nature ε:S:nature ω:L:nature ω:L:nature ει:L:nature υ:S:lexicon ο:S:nature ε:L:position ου:L:line_final,"ἀνδρὸς ὕπ’ οὐτιδανοῖο, λέων ὡσείθ’ ὑπὸ νεβροῦ;"
Megara,1,6,True,LSSLSSLSSLSSLLLL,LSSLSSLSSLSSLLLL,3.0,1,1,correption,ω:L:nature οι:S:nature ε:S:nature ω:L:nature ι:S:lexicon υ:S:lexicon η:L:nature ε:S:nature ε:S:nature οι:L:nature ο:S:nature ο:S:nature η:L:nature ι:L:unknown η:L:nature α:L:antepenult_accent,"ὤμοι ἐγώ, τί νυ δή με θεοὶ τόσον ἠτίμησαν"
Megara,1,7,True,LSSLSSLSSLSSLSSLL,LSSLSSLSSLSSLSSLL,0.0,1,0,,α:L:lexicon α:S:lexicon α:S:lexicon οι:L:nature ι:S:lexicon υ:S:lexicon ω:L:nature ε:S:nature α:S:lexicon η:L:nature ο:S:nature ε:S:nature ε:L:position ε:S:nature ο:S:nature αι:L:nature η:L:line_final,ἀθάνατοι; τί νύ μ’ ὧδε κακῇ γονέες τέκον αἴσῃ;
Megara,1,8,True,LSSLSSLSSLSSLSSLL,LSSLSSLSSLSSLSSLL,0.5,1,0,correption,υ:L:position ο:S:nature ο:S:nature η:L:nature ε:S:nature ει:S:nature α:L:lexicon ο:S:nature α:S:lexicon υ:L:lexicon ο:S:nature ο:S:nature ε:L:position ε:S:nature ο:S:nature η:L:nature+position ο:L:line_final,"δύσμορος, ἥτ’ ἐπεὶ ἀνδρὸς ἀμύμονος ἐς λέχος ἦλθον,"
Megara,1,9,True,LSSLLLSSLSSLSSLL,LSSLLLSSLSSLSSLL,1.0,1,2,lexicon_overridden,ο:L:position ε:S:nature ε:S:nature ω:L:nature ι:L:unknown ε:L:position ο:S:nature ι:S:lexicon ο:L:position α:S:unknown ε:S:nature ε:L:position ι:S:antepenult_accent ε:S:nature οι:L:nature ι:L:lexicon,τὸν μὲν ἐγὼ τίεσκον ἴσον φαέεσσιν ἐμοῖσιν
Megara,1,10,True,LSSLSSLSSLSSLSSLL,LSSLSSLSSLSSLSSLL,0.5,1,0,correption,η:L:nature ε:S:nature ι:S:lexicon υ:L:lexicon ε:S:nature ο:S:nature αι:L:nature ε:S:nature αι:S:nature αι:L:nature ε:S:nature ο:S:nature αι:L:nature α:S:lexicon α:S:lexicon υ:L:lexicon ο:L:line_final,ἠδ’ ἔτι νῦν σέβομαί τε καὶ αἰδέομαι κατὰ θυμόν·
Megara,1,11,True,LLLSSLSSLSSLLLL,LLLSSLSSLSSLLLL,1.5,1,1,,ου:L:nature ου:L:nature ι:L:position ε:S:nature ε:S:nature α:L:paroxytone_short_ultima ο:S:nature α:S:unknown ο:L:position ο:S:nature ε:S:nature ο:L:position ω:L:nature ο:L:position ω:L:line_final,"τοῦ δ’ οὔτις γένετ’ ἄλλος ἀποτμότερος ζωόντων,"
Megara,1,12,True,LSSLSSLSSLSSLSSLL,LSSLSSLSSLSSLSSLL,3.0,1,3,synizesis;cluster_short;synizesis,ου:L:nature ε:S:nature ο:S:nature ω:L:nature+position ε:S:nature ε:S:nature η:L:nature ι:S:lexicon ε:S:nature ευ:L:nature α:S:unknown ο:S:position ο:L:position ι:S:unknown ι:S:unknown η:L:nature εω:L:synizesis,οὐδὲ τόσων σφετέρῃσιν ἐγεύσατο φροντίσι κηδέων.
Megara,1,13,True,LSSLLLSSLSSLSSLL,LSSLLLSSLSSLSSLL,0.0,1,0,,ε:L:position ι:S:lexicon ο:S:nature ο:L:position ο:L:position οι:L:nature ι:S:lexicon α:S:lexicon οι:L:nature ο:S:nature ε:S:nature αυ:L:nature ο:S:nature α:S:lexicon ο:L:position ω:L:line_final,"σχέτλιος, ὃς τόξοισιν, ἅ οἱ πόρεν αὐτὸς Ἀπόλλων"
Megara,1,14,True,LSSLLLSSLSSLSSLL,LSSLLLSSLSSLSSLL,1.5,1,2,correption,η:L:nature ε:S:nature ι:S:unknown ο:L:position η:L:nature ω:L:nature η:S:nature ε:S:nature ι:L:unknown υ:S:paroxytone_short_ultima ο:S:nature αι:L:nature α:S:lexicon ε:S:nature ε:L:position α:L:lexicon,"ἠέ τινος Κηρῶν ἢ Ἐρινύος αἰνὰ βέλεμνα,"
Megara,1,15,True,LSSLSSLSSLSSLSSLL,LSSLSSLSSLSSLSSLL,1.5,1,0,correption,αι:L:nature α:S:lexicon ε:S:nature ου:L:nature+position α:S:lexicon ε:S:nature ε:L:position ε:S:nature αι:S:nature ε:L:position ι:S:lexicon ο:S:nature ει:L:nature ε:S:nature ο:S:nature υ:L:lexicon ο:L:line_final,παῖδας ἑοὺς κατέπεφνε καὶ ἐκ φίλον εἵλετο θυμὸν
Megara,1,16,True,LSSLSSLSSLSSLSSLL,LSSLSSLSSLSSLSSLL,0.0,1,0,,αι:L:nature ο:S:nature ε:S:nature ο:L:position α:S:lexicon α:S:lexicon οι:L:nature ο:S:nature ο:S:nature ε:L:position ε:S:nature ο:S:nature ε:L:position ε:S:nature ο:S:nature οι:L:nature ο:L:line_final,"μαινόμενος κατὰ οἶκον, ὃ δ’ ἔμπλεος ἔσκε φόνοιο."
Megara,1,17,True,LSSLLLSSLSSLLLL,LSSLLLSSLSSLLLL,1.5,1,0,,ου:L:nature+position ε:S:nature ε:S:nature ω:L:nature υ:L:position η:L:nature ο:S:nature ε:S:nature οι:L:nature ι:S:lexicon ο:S:nature ο:L:position α:L:position οι:L:nature ι:L:lexicon,τοὺς μὲν ἐγὼ δύστηνος ἐμοῖς ἴδον ὀφθαλμοῖσι
Megara,1,18,True,LSSLSSLSSLSSLSSLL,LSSLSSLSSLSSLSSLL,0.0,1,0,,α:L:position ο:S:nature ε:S:nature ου:L:nature υ:S:lexicon ο:S:nature α:L:lexicon ι:S:lexicon ο:S:nature ου:L:nature ο:S:nature α:S:lexicon η:L:nature υ:S:lexicon ε:S:nature α:L:position ω:L:line_final,"βαλλομένους ὑπὸ πατρί, τὸ δ’ οὐδ’ ὄναρ ἤλυθεν ἄλλῳ."
Megara,1,19,True,LLLSSLSSLSSLSSLL,LLLSSLSSLSSLSSLL,0.0,1,2,,ου:L:nature ε:L:position ι:L:lexicon υ:S:lexicon α:S:lexicon η:L:nature α:S:unknown ι:S:unknown ο:L:position α:S:lexicon ε:S:nature ου:L:nature ι:S:lexicon α:S:lexicon η:L:nature+position αι:L:line_final,οὐδέ σφιν δυνάμην ἀδινὸν καλέουσιν ἀρῆξαι
Megara,1,20,True,LSSLSSLSSLLLSSLL,LSSLSSLSSLLLSSLL,1.5,1,2,correption,η:L:nature ε:S:nature ε:S:nature η:L:nature ε:S:nature ει:S:nature ε:L:position υ:S:lexicon α:S:unknown ι:L:unknown η:L:nature ο:L:position α:S:lexicon ο:S:nature η:L:nature ε:L:line_final,"μητέρ’ ἑήν, ἐπεὶ ἐγγὺς ἀνίκητον κακὸν ἦεν."
Megara,1,21,True,LLLLLSSLSSLSSLL,LLLLLSSLSSLSSLL,1.5,1,1,correption,ω:L:nature+position ο:L:position ι:L:lexicon υ:L:unknown η:L:nature αι:S:nature ε:S:nature ι:L:lexicon ε:S:nature ε:S:nature οι:L:nature ι:S:lexicon ε:S:nature ο:L:position οι:L:line_final,ὡς δ’ ὄρνις δύρηται ἐπὶ σφετέροισι νεοσσοῖς
Megara,1,22,True,LSSLLLSSLSSLSSLL,LSSLLLSSLSSLSSLL,0.0,1,4,,ο:L:position υ:S:unknown ε:S:nature οι:L:nature ου:L:nature+position αι:L:nature ο:S:nature ο:S:nature ι:L:unknown ε:S:nature ι:S:lexicon η:L:nature ι:S:unknown α:S:unknown ο:L:position α:L:antepenult_accent,"ὀλλυμένοις, οὕστ’ αἰνὸς ὄφις ἔτι νηπιάχοντας"
Megara,1,23,True,LLLSSLSSLSSLSSLL,LLLSSLSSLSSLSSLL,0.5,1,0,correption,α:L:paroxytone_short_ultima οι:L:nature ε:L:position υ:S:lexicon ι:S:lexicon οι:L:nature ι:S:lexicon α:S:lexicon ε:L:position ι:S:lexicon ει:S:nature η:L:nature ε:S:nature α:S:lexicon αυ:L:nature ου:L:line_final,θάμνοις ἐν πυκινοῖσι κατεσθίει· ἣ δὲ κατ’ αὐτοὺς
Megara,1,24,True,LLLLLSSLSSLSSLL,LLLLLSSLSSLSSLL,1.0,1,0,lexicon_overridden,ω:L:nature α:L:circumflex αι:L:nature+position α:L:position ου:L:nature α:S:antepenult_accent α:S:lexicon α:L:lexicon ι:S:lexicon υ:S:lexicon ο:L:position ι:S:lexicon α:S:lexicon η:L:nature η:L:line_final,"πωτᾶται κλάζουσα μάλα λιγὺ πότνια μήτηρ,"
Megara,1,25,True,LSSLLLSSLSSLSSLL,LSSLLLSSLSSLSSLL,2.0,1,0,correption;lexicon_overridden,ου:L:nature α:S:lexicon ε:S:nature ει:L:nature ε:L:position οι:L:nature ι:S:antepenult_accent ε:S:nature α:L:position ε:S:nature αι:S:nature η:L:nature α:S:lexicon οι:S:nature αυ:L:nature η:L:line_final,οὐδ’ ἄρ’ ἔχει τέκνοισιν ἐπαρκέσαι· ἦ γάρ οἱ αὐτῇ
Megara,1,26,True,LSSLSSLSSLLLSSLL,LSSLSSLSSLLLSSLL,0.0,1,1,,α:L:circumflex ο:S:nature ι:S:lexicon ε:L:position ε:S:nature α:S:lexicon α:L:paroxytone_short_ultima ο:S:nature α:S:unknown ει:L:nature ι:L:position οι:L:nature ο:S:nature ε:S:nature ω:L:nature ου:L:line_final,ἆσσον ἴμεν μέγα τάρβος ἀμειλίκτοιο πελώρου·
Megara,1,27,True,LSSLSSLSSLSSLLLL,LSSLSSLSSLSSLLLL,2.0,1,0,correption,ω:L:nature ε:S:nature ω:S:nature αι:L:nature ο:S:nature ο:S:nature ει:L:nature α:S:antepenult_accent ι:S:lexicon ο:L:position ο:S:nature ο:S:nature αι:L:nature α:L:position ου:L:nature α:L:antepenult_accent,ὣς ἐγὼ αἰνοτόκεια φίλον γόνον αἰάζουσα
Megara,1,28,True,LSSLSSLSSLSSLSSLL,LSSLSSLSSLSSLSSLL,0.0,1,0,,αι:L:nature ο:S:nature ε:S:nature οι:L:nature ι:S:antepenult_accent ο:S:nature ε:L:position ι:S:lexicon ο:S:nature ο:L:position α:S:lexicon α:S:lexicon ο:L:position ο:S:nature ε:S:nature οι:L:nature ω:L:line_final,μαινομένοισι πόδεσσι δόμον κάτα πολλὸν ἐφοίτων.
Megara,1,29,True,LSSLSSLSSLLLSSLL,LSSLSSLSSLLLSSLL,0.5,1,0,correption,ω:L:nature+position ο:S:nature ε:S:nature ο:L:position ε:S:nature α:S:lexicon αι:L:nature ι:S:lexicon α:S:lexicon α:L:lexicon η:L:nature+position ου:L:nature α:S:antepenult_accent αι:S:nature αυ:L:nature η:L:line_final,ὥς γ’ ὄφελον μετὰ παισὶν ἅμα θνῄσκουσα καὶ αὐτὴ
Megara,1,30,True,LLLSSLSSLSSLSSLL,LLLSSLSSLSSLSSLL,1.0,1,2,lexicon_overridden,ει:L:nature+position αι:L:nature α:L:position α:S:unknown ο:S:nature ε:L:position α:S:antepenult_accent ι:S:lexicon η:L:nature α:S:unknown ο:S:nature ι:L:lexicon ο:S:nature ε:S:nature ου:L:nature α:L:lexicon,"κεῖσθαι φαρμακόεντα δι’ ἥπατος ἰὸν ἔχουσα,"
Megara,1,31,True,LSSLSSLSSLLLSSLL,LSSLSSLSSLLLSSLL,0.0,1,1,,α:L:position ε:S:nature ι:S:antepenult_accent η:L:nature υ:S:unknown ε:S:nature η:L:nature ι:S:antepenult_accent ε:S:nature α:L:lexicon ει:L:nature ου:L:nature α:S:lexicon υ:S:lexicon αι:L:nature+position ι:L:lexicon,Ἄρτεμι θηλυτέρῃσι μέγα κρείουσα γυναιξί.
Megara,1,32,True,LLLLLSSLSSLSSLL,LLLLLSSLSSLSSLL,2.0,1,1,synizesis;synizesis,ω:L:nature η:L:nature εα:L:synizesis αυ:L:nature α:L:position ε:S:nature ι:S:unknown η:L:nature ε:S:nature ι:S:lexicon ε:L:position ι:S:lexicon ο:S:nature η:L:nature ε:L:line_final,τῷ χ’ ἡμέας κλαύσαντε φίλῃσ’ ἐνὶ χερσὶ τοκῆες
Megara,1,33,True,LLLSSLSSLSSLSSLL,LLLSSLSSLSSLSSLL,0.0,1,0,,ο:L:position οι:L:nature+position υ:L:lexicon ε:S:nature ε:S:nature ε:L:position ι:S:antepenult_accent υ:S:lexicon η:L:nature ε:S:nature ε:S:nature η:L:nature α:S:lexicon ο:S:nature οι:L:nature η:L:line_final,"πολλοῖς σὺν κτερέεσσι πυρῆς ἐπέβησαν ὁμοίης,"
Megara,1,34,True,LSSLLLSSLSSLSSLL,LSSLLLSSLSSLSSLL,1.0,1,0,lexicon_overridden,αι:L:nature ε:S:nature ε:S:nature α:L:lexicon υ:L:lexicon ει:L:nature ο:S:nature ε:S:nature ο:L:position ε:S:nature α:S:lexicon ω:L:nature+position ο:S:nature α:S:lexicon α:L:lexicon ω:L:line_final,καί κεν ἕνα χρύσειον ἐς ὀστέα κρωσσὸν ἁπάντων
Megara,1,35,True,LLLSSLSSLLLSSLL,LLLSSLSSLLLSSLL,0.0,1,1,,ε:L:position α:L:position ε:L:position α:S:unknown ε:S:nature α:L:position α:S:antepenult_accent ο:S:nature ι:L:lexicon ω:L:nature ο:L:position ε:S:nature ο:S:nature ε:L:position α:L:lexicon,"λέξαντες κατέθαψαν, ὅθι πρῶτον γενόμεσθα."
Megara,1,36,True,LLLLLLLSSLLLL,LLLLLLLSSLLLL,1.5,1,0,,υ:L:lexicon οι:L:nature ε:L:position η:L:nature η:L:nature ι:L:position ο:L:position ο:S:nature ο:S:nature ε:L:position αι:L:nature ου:L:nature ι:L:antepenult_accent,νῦν δ’ οἳ μὲν Θήβην ἱπποτρόφον ἐνναίουσιν
Megara,1,37,True,LSSLSSLSSLLLSSLL,LSSLSSLSSLLLSSLL,0.0,1,3,,α:L:unknown ο:S:nature ι:S:unknown ου:L:nature ε:S:nature ι:S:lexicon οι:L:nature ο:S:nature α:S:lexicon ει:L:nature α:L:lexicon ω:L:nature ο:S:nature α:S:unknown ου:L:nature+position ε:L:line_final,Ἀονίου πεδίοιο βαθεῖαν βῶλον ἀροῦντες·
Megara,1,38,True,LSSLLLSSLSSLSSLL,LSSLLLSSLSSLSSLL,0.0,1,2,,αυ:L:nature α:S:lexicon ε:S:nature ω:L:nature ι:L:lexicon υ:L:position α:S:lexicon α:S:lexicon α:L:lexicon α:S:unknown α:S:unknown η:L:nature+position ο:S:nature ι:S:lexicon η:L:nature η:L:line_final,αὐτὰρ ἐγὼ Τίρυνθα κάτα κραναὴν πόλιν Ἥρης
Megara,1,39,True,LLLLLSSLSSLSSLL,LLLLLSSLSSLSSLL,0.5,1,1,correption,ο:L:position οι:L:nature ι:L:lexicon υ:L:position η:L:nature ο:S:nature ι:S:unknown α:L:position ο:S:nature αι:S:nature α:L:position ε:S:nature ι:S:antepenult_accent η:L:nature ο:L:line_final,πολλοῖσιν δύστηνος ἰάπτομαι ἄλγεσιν ἦτορ
Megara,1,40,True,LSSLSSLSSLSSLSSLL,LSSLSSLSSLSSLSSLL,1.5,1,4,cluster_short;correption,αι:L:nature ε:S:nature ο:S:nature ω:L:nature+position α:S:position υ:S:unknown ω:L:nature+position ε:S:nature α:S:unknown ε:L:position ι:S:unknown οι:S:nature ου:L:nature ι:S:unknown ε:S:nature ω:L:nature η:L:line_final,αἰὲν ὁμῶς· δακρύων δὲ παρεστί μοι οὐδ’ ἴ ἐρωή.
Megara,1,41,True,LSSLSSLLLSSLLLL,LSSLSSLLLSSLLLL,1.5,1,0,,α:L:position α:S:lexicon ο:S:nature ι:L:lexicon ε:S:nature ο:S:nature ω:L:nature αυ:L:nature ο:L:position ο:S:nature ο:S:nature ο:L:position α:L:position οι:L:nature ι:L:lexicon,ἀλλὰ πόσιν μὲν ὁρῶ παῦρον χρόνον ὀφθαλμοῖσιν
Megara,1,42,True,LSSLSSLSSLSSLSSLL,LSSLSSLSSLSSLSSLL,4.0,1,0,correption;lexicon_overridden,οι:L:nature ω:S:nature ε:S:nature η:L:nature ε:S:nature ε:S:nature ω:L:nature ο:S:nature ε:S:nature ω:L:nature+position α:S:lexicon οι:S:nature ε:L:position ο:S:nature ε:S:nature οι:L:nature ο:L:line_final,οἴκῳ ἐν ἡμετέρῳ· πολέων γάρ οἱ ἔργον ἑτοῖμον
Megara,1,43,True,LLLSSLSSLSSLSSLL,LLLSSLSSLSSLSSLL,0.0,1,0,,ο:L:position ω:L:nature+position ου:L:nature ε:S:nature ι:S:lexicon αι:L:nature α:S:lexicon α:S:lexicon ω:L:nature ε:S:nature ο:S:nature η:L:nature ε:S:nature α:S:lexicon α:L:position α:L:lexicon,"μόχθων, τοὺς ἐπὶ γαῖαν ἀλώμενος ἠδὲ θάλασσαν"
Megara,1,44,True,LLLLLSSLSSLSSLL,LLLLLSSLSSLSSLL,0.0,1,0,,ο:L:position ι:L:position ει:L:nature ε:L:position η:L:nature ο:S:nature ε:S:nature ω:L:nature+position ο:S:nature ο:S:nature η:L:nature ε:S:nature ι:S:lexicon η:L:nature ου:L:line_final,μοχθίζει πέτρης ὅγ’ ἔχων νόον ἠὲ σιδήρου
Megara,1,45,True,LSSLLLSSLSSLSSLL,LSSLLLSSLSSLSSLL,0.5,1,0,correption,α:L:position ε:S:nature ο:S:nature ε:L:position η:L:nature ε:L:position ι:S:lexicon υ:S:lexicon η:L:nature υ:S:paroxytone_short_ultima ε:S:nature ει:L:nature ε:S:nature αι:S:nature υ:L:lexicon ω:L:line_final,"καρτερὸν ἐν στήθεσσι· σὺ δ’ ἠύτε λείβεαι ὕδωρ,"
Megara,1,46,True,LLLLLSSLSSLSSLL,LLLLLSSLSSLSSLL,1.5,1,1,correption,υ:L:paroxytone_short_ultima α:L:lexicon ε:L:position αι:L:nature ου:L:nature α:S:lexicon αι:S:nature ε:L:position ι:S:lexicon ο:S:nature η:L:nature α:S:unknown ο:S:nature ο:L:position α:L:line_final,νύκτας τε κλαίουσα καὶ ἐκ Διὸς ἤμαθ’ ὁπόσσα.
Megara,1,47,True,LLLLLSSLLLSSLL,LLLLLSSLLLSSLL,0.0,1,0,,α:L:paroxytone_short_ultima ο:L:position α:L:lexicon ου:L:nature α:L:lexicon ι:S:lexicon ε:S:nature υ:L:position η:L:nature αι:L:nature ε:S:nature α:S:lexicon α:L:position α:L:lexicon,ἄλλος μὰν οὐκ ἄν τις ἐϋφρήναι με παραστὰς
Megara,1,48,True,LSSLLLSSLSSLSSLL,LSSLLLSSLSSLSSLL,0.0,1,0,,η:L:nature ε:S:nature ο:S:nature ω:L:nature ου:L:nature α:L:lexicon ε:S:nature ο:S:nature ω:L:nature+position α:S:lexicon α:S:lexicon ει:L:nature ο:S:nature ε:S:nature ε:L:position ει:L:line_final,κηδεμόνων· οὐ γάρ σφε δόμων κατὰ τεῖχος ἐέργει·
Megara,1,49,True,LLLLLSSLSSLSSLL,LLLLLSSLSSLSSLL,0.0,1,2,,αι:L:nature ι:L:lexicon η:L:nature+position α:L:lexicon ε:L:position ε:S:nature ε:S:nature η:L:nature+position ι:S:unknown υ:S:unknown ω:L:nature ε:S:nature ο:S:nature ι:L:position ου:L:line_final,καὶ λίην πάντες γε πέρην πιτυώδεος Ἰσθμοῦ
Megara,1,50,True,LLLSSLSSLSSLLLL,LLLSSLSSLSSLLLL,4.0,1,3,correption;lexicon_overridden,αι:L:nature ου:L:nature ου:L:nature ε:S:nature οι:S:nature ε:L:position ι:S:lexicon ο:S:nature ο:L:position ι:S:unknown α:S:unknown ε:L:position ε:L:position α:L:unknown α:L:antepenult_accent,"ναίουσ’ , οὐδέ μοί ἐστι πρὸς ὅντινά κε βλέψασα"
Megara,1,51,True,LSSLSSLSSLLLSSLL,LSSLSSLSSLLLSSLL,0.0,1,1,,οι:L:nature α:S:lexicon υ:S:lexicon η:L:nature α:S:lexicon α:S:lexicon ο:L:position ο:S:nature α:S:unknown α:L:position υ:L:position αι:L:nature ι:S:antepenult_accent ι:S:lexicon ο:L:position η:L:line_final,"οἷα γυνὴ πανάποτμος ἀναψύξαιμι φίλον κῆρ,"
Megara,1,52,True,LSSLLLSSLSSLSSLL,LSSLLLSSLSSLSSLL,0.5,1,1,correption,ο:L:position ι:S:lexicon ε:S:nature η:L:nature υ:L:position η:L:nature+position υ:S:unknown ο:S:nature αι:L:nature ο:S:nature ο:S:nature η:L:nature ε:S:nature αι:S:nature αυ:L:nature η:L:line_final,νόσφι γε δὴ Πύρρης συνομαίμονος· ἣ δὲ καὶ αὐτὴ
Megara,1,53,True,LSSLSSLSSLLLSSLL,LSSLSSLSSLLLSSLL,2.0,1,1,cluster_short;lexicon_overridden,α:L:position ι:S:lexicon ο:S:nature ει:L:nature+position ε:S:nature ε:S:nature ω:L:nature+position ε:S:nature ο:S:nature α:L:lexicon υ:L:lexicon αι:L:nature ι:S:unknown ι:S:position η:L:nature ι:L:properispomenon,"ἀμφὶ πόσει σφετέρῳ πλέον ἄχνυται Ἰφικλῆι,"
Megara,1,54,True,LLLLLSSLLLSSLL,LLLLLSSLLLSSLL,0.0,1,2,,ω:L:nature υι:L:nature ει:L:nature α:L:lexicon ω:L:nature+position α:S:lexicon ο:S:nature ι:L:position υ:L:unknown ω:L:nature α:S:unknown α:S:antepenult_accent ε:L:position α:L:lexicon,σῷ υἱεῖ· πάντων γὰρ ὀϊζυρώτατα τέκνα
Megara,1,55,True,LLLSSLSSLSSLSSLL,LLLSSLSSLSSLSSLL,3.0,1,0,correption;lexicon_overridden,ει:L:nature α:L:position αι:L:nature ε:S:nature ε:S:nature ω:L:nature ε:S:nature αι:S:nature α:L:lexicon ε:S:nature ι:S:lexicon η:L:nature ω:S:nature ε:S:nature ο:L:position α:L:lexicon,γείνασθαί σε θεῷ τε καὶ ἀνέρι θνητῷ ἔολπα.
Megara,1,56,True,LSSLSSLSSLSSLSSLL,LSSLSSLSSLSSLSSLL,0.0,1,1,,ω:L:nature α:S:lexicon ε:S:nature η:L:nature α:S:lexicon ε:S:nature οι:L:nature α:S:unknown ε:S:nature ω:L:nature ε:S:nature α:S:antepenult_accent α:L:position υ:S:lexicon α:S:lexicon η:L:nature ω:L:line_final,ὣς ἄρ’ ἔφη· τὰ δέ οἱ θαλερώτερα δάκρυα μήλων
Megara,1,57,True,LSSLSSLSSLSSLSSLL,LSSLSSLSSLSSLSSLL,0.0,1,0,,ο:L:position ο:S:nature ε:S:nature ι:L:lexicon ε:S:nature ο:S:nature ε:L:position α:S:lexicon α:S:lexicon α:L:lexicon ε:S:nature α:S:lexicon ω:L:nature ε:S:nature ε:S:nature ο:L:position ο:L:line_final,"κόλπον ἐς ἱμερόεντα κατὰ βλεφάρων ἐχέοντο,"
Megara,1,58,True,LSSLLLSSLSSLSSLL,LSSLLLSSLSSLSSLL,0.5,1,1,correption,η:L:nature α:S:unknown ε:S:nature η:L:nature ε:L:position ω:L:nature+position ε:S:nature αι:S:nature ω:L:nature+position ε:S:nature ε:S:nature ει:L:nature α:S:lexicon ο:S:nature η:L:nature ω:L:line_final,μνησαμένῃ τέκνων τε καὶ ὧν μετέπειτα τοκήων.
Megara,1,59,True,LLLSSLSSLSSLSSLL,LLLSSLSSLSSLSSLL,1.0,1,4,cluster_short,ω:L:nature+position αυ:L:nature ω:L:nature+position α:S:position υ:S:unknown οι:L:nature ι:S:antepenult_accent α:S:unknown η:L:nature ι:S:unknown α:S:antepenult_accent ευ:L:nature ε:S:nature ι:S:unknown αι:L:nature ε:L:line_final,ὣς δ’ αὔτως δακρύοισι παρήϊα λεύκ’ ἐδίαινεν
Megara,1,60,True,LLLSSLSSLLLSSLL,LLLSSLSSLLLSSLL,1.5,1,1,correption,α:L:position η:L:nature η:L:nature α:S:lexicon υ:S:lexicon η:L:nature ε:S:nature αι:S:nature ε:L:position υ:L:lexicon ου:L:nature+position ε:S:nature α:S:unknown ου:L:nature α:L:antepenult_accent,Ἀλκμήνη· βαρὺ δ’ ἥγε καὶ ἐκ θυμοῦ στενάχουσα
Megara,1,61,True,LLLSSLSSLSSLSSLL,LLLSSLSSLSSLSSLL,0.0,1,0,,υ:L:lexicon οι:L:nature ι:L:lexicon υ:S:lexicon ι:S:lexicon οι:L:nature ι:S:lexicon ι:S:lexicon η:L:nature+position υ:S:lexicon ο:S:nature ω:L:nature ε:S:nature ε:S:nature ηυ:L:nature α:L:lexicon,μύθοισιν πυκινοῖσι φίλην νυὸν ὧδε μετηύδα·
Megara,1,62,True,LSSLLLSSLSSLSSLL,LSSLLLSSLSSLSSLL,0.0,1,0,,αι:L:nature ο:S:nature ι:S:lexicon η:L:nature αι:L:nature ω:L:nature+position ι:S:lexicon υ:S:lexicon οι:L:nature+position ε:S:nature ι:S:lexicon ε:L:position ε:S:nature ε:S:nature ου:L:nature ο:L:line_final,"δαιμονίη παίδων, τί νύ τοι φρεσὶν ἔμπεσε τοῦτο"
Megara,1,63,True,LSSLLLSSLSSLSSLL,LSSLLLSSLSSLSSLL,0.0,1,2,,ευ:L:nature α:S:unknown ι:S:paroxytone_short_ultima αι:L:nature+position ω:L:nature α:L:position ε:S:nature ε:S:nature ει:L:nature ο:S:nature ο:S:nature υ:L:unknown ε:S:nature ε:S:nature α:L:position ω:L:line_final,πευκαλίμαις; πῶς ἄμμ’ ἐθέλεις ὀροθυνέμεν ἄμφω
Megara,1,64,True,LSSLSSLSSLLLSSLL,LSSLSSLSSLLLSSLL,1.0,1,1,cluster_short,η:L:nature ε:S:nature α:S:unknown α:L:position α:S:antepenult_accent ε:S:nature ου:L:nature α:S:antepenult_accent α:S:lexicon ου:L:nature υ:L:lexicon ω:L:nature α:S:lexicon ε:S:position αυ:L:nature αι:L:line_final,κήδἐ ἄλαστα λέγουσα; τὰ δ’ οὐ νῦν πρῶτα κέκλαυται.
Megara,1,65,True,LLSSLSSLSSLSSLSSLL,LLSSLSSLSSLSSLSSLL,99.0,0,1,unmetrical,η:L:nature ου:L:nature α:S:lexicon ι:S:lexicon οι:L:nature ε:S:nature ο:S:nature ε:L:position α:S:antepenult_accent ο:S:nature ευ:L:nature α:S:unknown ο:S:nature αι:L:nature ε:S:nature ε:S:nature η:L:nature α:L:lexicon,"ἢ οὐκ ἅλις, οἷς ἐχόμεσθα τὸ δεύτατον αἰὲν ἐπ’ ἦμαρ"
Megara,1,66,True,LSSLSSLSSLLLSSLL,LSSLSSLSSLLLSSLL,0.0,1,2,,ι:L:unknown ο:S:nature ε:S:nature οι:L:nature+position α:S:lexicon α:S:lexicon ε:L:position ε:S:nature ι:S:unknown ο:L:position η:L:nature η:L:nature+position ε:S:nature ι:S:lexicon ει:L:nature η:L:line_final,"γινομένοις; μάλα μέν γε φιλοθρηνής κέ τις εἴη,"
Megara,1,67,True,LSSLLLSSLSSLSSLL,LSSLLLSSLSSLSSLL,0.0,1,2,,ο:L:position ι:S:lexicon α:S:unknown ι:L:position η:L:nature ει:L:nature ε:S:nature ε:S:nature η:L:nature ε:S:nature ε:S:nature οι:L:nature α:S:unknown ε:S:nature ε:L:position ι:L:antepenult_accent,ὅστις ἀριθμήσειεν ἐφ’ ἡμετέροις ἀχέεσσι.
Megara,1,68,True,LLLLLSSLSSLSSLL,LLLLLSSLSSLSSLL,0.5,1,2,correption,α:L:position ει:L:nature ου:L:nature οι:L:nature η:L:nature+position ε:S:nature υ:S:unknown η:L:nature α:S:unknown ε:S:nature ε:L:position ε:S:nature ου:S:nature αι:L:nature η:L:line_final,θάρσει· οὐ τοιῆσδ’ ἐκυρήσαμεν ἐκ θεοῦ αἴσης.
Megara,1,69,True,LLLSSLSSLSSLLLL,LLLSSLSSLSSLLLL,1.5,1,1,,αι:L:nature αυ:L:nature η:L:nature ο:S:nature ο:S:nature ω:L:nature ε:S:nature ι:S:lexicon ο:L:position ε:S:nature ο:S:nature α:L:position υ:L:unknown οι:L:nature ι:L:antepenult_accent,καὶ δ’ αὐτὴν ὁρόω σε φίλον τέκος ἀτρύτοισιν
Megara,1,70,True,LSSLLLSSLLLSSLL,LSSLLLSSLLLSSLL,1.5,1,0,correption,α:L:position ε:S:nature ι:S:lexicon ο:L:position ι:L:position ου:L:nature α:S:antepenult_accent ε:S:nature ι:L:position ω:L:nature ω:L:nature+position ε:S:nature οι:S:nature ει:L:nature ι:L:lexicon,ἄλγεσι μοχθίζουσαν. ἐπιγνώμων δέ τοί εἰμι
Megara,1,71,True,LSSLSSLSSLSSLSSLL,LSSLSSLSSLSSLSSLL,1.5,1,1,correption,α:L:position α:S:lexicon α:S:lexicon α:L:lexicon ο:S:nature ε:S:nature η:L:nature ε:S:nature αι:S:nature ευ:L:nature+position ο:S:nature υ:S:unknown η:L:nature+position ο:S:nature ο:S:nature ε:L:position ι:L:lexicon,"ἀσχαλάαν, ὅτε δή γε καὶ εὐφροσύνης κόρος ἐστί·"
Megara,1,72,True,LSSLLLSSLSSLSSLL,LSSLLLSSLSSLSSLL,0.5,1,0,correption,αι:L:nature ε:S:nature α:S:lexicon ε:L:position α:L:position ω:L:nature ο:S:nature ο:S:nature υ:L:lexicon ο:S:nature αι:S:nature η:L:nature ε:S:nature ε:S:nature αι:L:nature ω:L:line_final,"καί σε μάλ’ ἐκπάγλως ὀλοφύρομαι ἠδ’ ἐλεαίρω,"
Megara,1,73,True,LSSLSSLSSLSSLSSLL,LSSLSSLSSLSSLSSLL,1.0,1,0,cluster_short,ου:L:nature ε:S:nature ε:S:nature η:L:nature ε:S:nature ε:S:nature οι:L:nature ο:S:nature υ:S:position ου:L:nature ε:S:nature α:S:lexicon αι:L:nature ο:S:nature ο:S:nature ε:L:position ε:L:line_final,"οὕνεκεν ἡμετέροιο λυγροῦ μετὰ δαίμονος ἔσχες,"
Megara,1,74,True,LLLSSLSSLSSLLLL,LLLSSLSSLSSLLLL,1.5,1,3,,ο:L:position η:L:nature ι:L:lexicon ε:S:nature υ:S:lexicon ε:L:position ε:S:nature α:S:unknown η:L:nature+position α:S:unknown υ:S:unknown αι:L:nature ω:L:nature ει:L:nature αι:L:line_final,ὅσθ’ ἡμῖν ἐφύπερθε κάρης βαρὺς αἰωρεῖται.
Megara,1,75,True,LLLLLSSLSSLLLL,LLLLLSSLSSLLLL,3.0,1,1,correption,ι:L:lexicon ω:L:nature α:L:lexicon ου:L:nature η:L:nature ε:S:nature αι:S:nature ευ:L:nature ε:S:nature α:S:unknown ο:L:position η:L:nature η:L:nature η:L:line_final,"ἴστω γὰρ Κούρη τε καὶ εὐέανος Δημήτηρ,"
Megara,1,76,True,LSSLLLSSLSSLSSLL,LSSLLLSSLSSLSSLL,0.0,1,0,,α:L:lexicon ε:S:nature ε:S:nature α:L:lexicon α:L:position ει:L:nature+position ι:S:lexicon ε:S:nature ω:L:nature ε:S:nature ι:S:lexicon ο:L:position ο:S:nature ο:S:nature ο:L:position αι:L:line_final,ἅς κε μέγα βλαφθείς τις ἑκὼν ἐπίορκον ὀμόσσαι
Megara,1,77,True,LSSLLLSSLSSLSSLL,LSSLLLSSLSSLSSLL,0.0,1,0,,υ:L:position ε:S:nature ε:S:nature ω:L:nature+position η:L:nature ε:L:position ε:S:nature ε:S:nature ει:L:nature ο:S:nature ε:S:nature ο:L:position ε:S:nature ι:S:lexicon η:L:nature ι:L:lexicon,"δυσμενέων, μηθέν σε χερειότερον φρεσὶν ᾗσι"
Megara,1,78,True,LLLLLSSLLLSSLL,LLLLLSSLLLSSLL,0.5,1,1,correption,ε:L:position ει:L:nature η:L:nature ει:L:nature ε:L:position οι:S:nature υ:S:lexicon ε:L:position η:L:nature υι:L:nature ο:S:nature ι:S:unknown η:L:nature+position ε:L:line_final,στέργειν ἢ εἴπερ μοι ὑπὲκ νηδυιόφιν ἦλθες
Megara,1,79,True,LLLSSLSSLSSLSSLL,LLLSSLSSLSSLSSLL,0.0,1,1,,αι:L:nature οι:L:nature η:L:nature υ:S:unknown ε:S:nature η:L:nature ε:S:nature ι:S:lexicon ω:L:nature α:S:lexicon ι:S:lexicon α:L:position ε:S:nature ο:S:nature η:L:nature+position α:L:lexicon,καί μοι τηλυγέτη ἐνὶ δώμασι παρθένος ἦσθα.
Megara,1,80,True,LLLSSLSSLSSLSSLL,LLLSSLSSLSSLSSLL,0.0,1,1,,ου:L:nature αυ:L:nature η:L:nature+position ε:S:nature υ:S:lexicon α:L:paroxytone_short_ultima α:S:lexicon ε:S:nature ο:L:position α:S:unknown ε:S:nature ου:L:nature ο:S:nature ε:S:nature η:L:nature ει:L:line_final,οὐδ’ αὐτήν γέ νυ πάμπαν ἔολπά σε τοῦτό γε λήθειν.
Megara,1,81,True,LLLLLSSLSSLSSLL,LLLLLSSLSSLSSLL,2.5,1,1,synizesis;correption;synizesis,ω:L:nature η:L:nature ε:L:position ει:L:nature η:L:nature+position ο:S:nature ε:S:nature ο:L:position α:S:lexicon ο:S:nature ω:L:nature+position ευ:S:nature α:S:unknown η:L:nature εω:L:synizesis,"τῷ μή μ’ ἐξείπῃς ποτ̓, ἐμὸν θάλος, ὥς σευ ἀκηδέω,"
Megara,1,82,True,LLLSSLSSLSSLSSLL,LLLSSLSSLSSLSSLL,1.0,1,4,override,η:L:nature ει:L:nature η:L:nature υ:S:unknown ο:S:nature ου:L:nature ι:S:unknown ο:S:nature η:L:nature+position υ:S:unknown ι:S:unknown ω:L:nature ε:S:nature α:S:antepenult_accent αι:L:nature ω:L:line_final,μηδ’ εἴ κ’ ἠϋκόμου Νιόβης πυκινώτερα κλαίω.
Megara,1,83,True,LLLSSLSSLLLSSLL,LLLSSLSSLLLSSLL,0.0,1,1,,ου:L:nature ω:L:nature+position α:L:lexicon ε:S:nature ε:S:nature η:L:nature ο:S:nature υ:S:lexicon ε:L:position ε:L:position ου:L:nature ο:S:nature α:S:unknown α:L:position αι:L:line_final,οὐδ’ ὣς γὰρ νεμεσητὸν ὑπὲρ τέκνου γοάασθαι
Megara,1,84,True,LSSLSSLSSLSSLSSLL,LSSLSSLSSLSSLSSLL,0.0,1,1,,η:L:nature ε:S:nature ι:S:lexicon υ:L:position α:S:unknown ε:S:nature ο:L:position ο:S:nature ε:S:nature ει:L:nature ε:S:nature α:S:lexicon η:L:nature α:S:lexicon ε:S:nature α:L:position ο:L:line_final,μητέρι δυσπαθέοντος· ἐπεὶ δέκα μῆνας ἔκαμνον
Megara,1,85,True,LLLSSLSSLSSLSSLL,LLLSSLSSLSSLSSLL,0.0,1,1,,ι:L:lexicon αι:L:nature ε:L:position ι:S:lexicon ε:S:nature ει:L:nature+position ι:S:lexicon ε:S:nature ω:L:nature υ:S:lexicon ο:S:nature η:L:nature α:S:unknown ε:S:nature ου:L:nature α:L:lexicon,"πρὶν καί πέρ τ’ ἰδέειν μιν, ἐμῷ ὑπὸ ἥπατ’ ἔχουσα,"
Megara,1,86,True,LSSLLLSSLSSLLLL,LSSLLLSSLSSLLLL,1.5,1,0,,αι:L:nature ε:S:nature υ:S:lexicon α:L:position α:L:lexicon ο:L:position ε:S:nature ο:S:nature η:L:nature α:S:lexicon ε:S:nature αι:L:nature ω:L:nature η:L:nature ο:L:line_final,καί με πυλάρταο σχεδὸν ἤγαγεν Αἰδωνῆος·
Megara,1,87,True,LSSLSSLSSLLLSSLL,LSSLSSLSSLLLSSLL,0.0,1,1,,ω:L:nature ε:S:nature ε:S:nature υ:L:position ο:S:nature ε:S:nature ου:L:nature α:S:antepenult_accent α:S:lexicon α:L:lexicon ω:L:nature ι:L:lexicon α:S:lexicon α:S:unknown ε:L:position η:L:line_final,ὧδέ ἑ δυστοκέουσα κακὰς ὠδῖνας ἀνέτλην.
Megara,1,88,True,LSSLSSLSSLSSLSSLL,LSSLSSLSSLSSLSSLL,4.0,1,1,cluster_short;correption,υ:L:lexicon ε:S:nature οι:S:nature οι:L:nature ε:S:nature αι:S:nature οι:L:nature ο:S:nature ε:S:nature α:L:position ο:S:position ι:S:unknown η:L:nature+position ε:S:nature ο:S:nature α:L:circumflex ο:L:line_final,νῦν δέ μοι οἴχεται οἶος ἐπ’ ἀλλοτρίης νέον ἆθλον
Megara,1,89,True,LSSLLLSSLSSLSSLL,LSSLLLSSLSSLSSLL,0.0,1,0,,ε:L:position ε:S:nature ε:S:nature ω:L:nature ου:L:nature οι:L:nature α:S:lexicon υ:S:lexicon α:L:position ο:S:nature ο:S:nature ει:L:nature ε:S:nature ι:S:lexicon αυ:L:nature ι:L:lexicon,"ἐκτελέων· οὐδ’ οἶδα δυσάμμορος, εἴτε μιν αὖτις"
Megara,1,90,True,LSSLLLSSLSSLSSLL,LSSLLLSSLSSLSSLL,2.0,1,0,correption,ε:L:position α:S:lexicon ε:S:nature ο:L:position η:L:nature α:L:position υ:S:lexicon ο:S:nature ε:L:position ο:S:nature αι:S:nature ει:L:nature ε:S:nature αι:S:nature ου:L:nature ι:L:lexicon,"ἐνθάδε νοστήσανθ’ ὑποδέξομαι, εἴτε καὶ οὐκί."
Megara,1,91,True,LSSLLLSSLSSLSSLL,LSSLLLSSLSSLSSLL,0.0,1,0,,ο:L:position ε:S:nature ι:S:lexicon ε:L:position οι:L:nature η:L:nature ε:S:nature ι:S:lexicon α:L:lexicon υ:S:lexicon υ:S:lexicon αι:L:nature ο:S:nature ο:S:nature ει:L:nature ο:L:line_final,πρὸς δ’ ἔτι μ’ ἐπτοίησε διὰ γλυκὺν αἰνὸς ὄνειρος
Megara,1,92,True,LLLLLSSLSSLSSLL,LLLLLSSLSSLSSLL,0.0,1,1,,υ:L:paroxytone_short_ultima ο:L:position ει:L:nature αι:L:nature ω:L:nature ε:S:nature α:S:unknown ι:L:position ο:S:nature ο:S:nature ο:L:position ι:S:lexicon ι:S:lexicon ου:L:nature α:L:lexicon,ὕπνον· δειμαίνω δὲ παλιγκοτον ὄψιν ἰδοῦσα
Megara,1,93,True,LLLLLSSLSSLSSLL,LLLLLSSLSSLSSLL,1.0,1,0,cluster_short,ε:L:position α:L:position ω:L:nature+position η:L:nature οι:L:nature ι:S:lexicon ε:S:position οι:L:nature α:S:lexicon ο:S:nature υ:L:lexicon ι:S:lexicon ο:S:nature ε:L:position οι:L:line_final,"ἐκπάγλως, μή μοί τι τέκνοις ἀποθύμιον ἔρδοι."
Megara,1,94,True,LSSLSSLSSLLLSSLL,LSSLSSLSSLLLSSLL,1.5,1,2,correption,ει:L:nature α:S:lexicon ο:S:nature α:L:lexicon οι:S:nature ε:S:nature ω:L:nature+position α:S:unknown ε:S:nature η:L:nature ευ:L:nature ε:L:position ε:S:nature α:S:unknown ε:L:position ι:L:lexicon,εἴσατο γάρ μοι ἔχων μακέλην εὐεργέα χερσὶ
Megara,1,95,True,LSSLSSLSSLLLLLL,LSSLSSLSSLLLLLL,1.5,1,0,,αι:L:nature ε:S:nature ο:S:nature α:L:position ο:S:nature ε:S:nature η:L:nature ι:S:lexicon ι:S:lexicon η:L:nature η:L:nature α:L:position η:L:nature ει:L:nature η:L:line_final,"παῖς ἐμὸς ἀμφοτέρῃσι, βίη Ἡρακληείη·"
Megara,1,96,True,LSSLSSLSSLSSLSSLL,LSSLSSLSSLSSLSSLL,0.0,1,1,,η:L:nature ε:S:nature α:S:lexicon η:L:nature ε:S:nature α:S:unknown αι:L:nature ε:S:nature ε:S:nature ε:L:position ε:S:nature ο:S:nature ω:L:nature ε:S:nature ι:S:lexicon ι:L:position ω:L:line_final,τῇ μεγάλην ἐλάχαινε δεδεγμένος ὡς ἐπὶ μισθῷ
Megara,1,97,True,LLLSSLSSLSSLSSLL,LLLSSLSSLSSLSSLL,0.0,1,2,,α:L:paroxytone_short_ultima ο:L:position η:L:nature ε:S:nature α:S:unknown ο:L:position ο:S:nature ε:S:nature ε:L:position α:S:lexicon ι:S:lexicon η:L:nature ι:S:unknown ο:S:nature α:L:position ου:L:line_final,"τάφρον τηλεθάοντος ἐπ’ ἐσχατιῇ τινος ἀγροῦ,"
Megara,1,98,True,LSSLLLSSLLLSSLL,LSSLLLSSLLLSSLL,1.5,1,0,correption,υ:L:position ο:S:nature α:S:lexicon ε:L:position αι:L:nature η:L:nature+position ε:S:nature αι:S:nature ευ:L:nature ι:L:position οι:L:nature ο:S:nature ι:S:lexicon ω:L:nature ο:L:line_final,γυμνὸς ἄτερ χλαίνης τε καὶ εὐμίτροιο χιτῶνος.
Megara,1,99,True,LSSLLLSSLSSLSSLL,LSSLLLSSLSSLSSLL,1.0,1,0,cluster_short,αυ:L:nature α:S:lexicon ε:S:nature ει:L:nature η:L:nature α:L:lexicon ο:S:nature α:S:lexicon ι:L:lexicon ε:S:nature ο:S:position ο:L:position ε:S:nature ο:S:nature ε:L:position ου:L:line_final,αὐτὰρ ἐπειδὴ παντὸς ἀφίκετο πρὸς τέλος ἔργου
Megara,1,100,True,LSSLSSLSSLSSLSSLL,LSSLSSLSSLSSLSSLL,0.0,1,0,,α:L:position ε:S:nature ο:S:nature οι:L:nature ο:S:nature ο:S:nature οι:L:nature ο:S:nature ο:S:nature ευ:L:nature ε:S:nature ο:S:nature ε:L:position ο:S:nature α:S:lexicon ω:L:nature η:L:line_final,"καρτερὸν οἰνοφόροιο πονεύμενος ἕρκος ἀλωῆς,"
Megara,1,101,True,LSSLSSLSSLLLSSLL,LSSLSSLSSLLLSSLL,0.5,1,0,correption,η:L:nature οι:S:nature ο:S:nature ι:L:paroxytone_short_ultima ο:S:nature ε:S:nature ε:L:position ε:S:nature ε:S:nature ι:L:lexicon ου:L:nature ο:L:position ο:S:nature ε:S:nature ει:L:nature α:L:lexicon,ἤτοι ὃ λίστρον ἔμελλεν ἐπὶ προύχοντος ἐρείσας
Megara,1,102,True,LLLSSLSSLSSLSSLL,LLLSSLSSLSSLSSLL,0.5,1,0,correption,α:L:position η:L:nature ου:L:nature α:S:lexicon α:S:lexicon υ:L:lexicon αι:S:nature α:S:lexicon αι:L:nature α:S:lexicon ο:S:nature ει:L:nature α:S:lexicon α:S:lexicon ε:L:position ο:L:line_final,"ἀνδήρου καταδῦναι, ἃ καὶ πάρος εἵματα ἕστο·"
Megara,1,103,True,LSSLSSLSSLSSLSSLL,LSSLSSLSSLSSLSSLL,0.0,1,1,,ε:L:position α:S:lexicon ι:S:lexicon η:L:nature+position α:S:unknown ε:S:nature α:L:paroxytone_short_ultima ε:S:nature υ:S:lexicon ε:L:position α:S:lexicon ε:S:nature οι:L:nature ο:S:nature α:S:lexicon ει:L:nature η:L:line_final,ἐξαπίνης δ’ ἀνελάμψεν ὑπὲρ καπέτοιο βαθείης
Megara,1,104,True,LSSLSSLSSLSSLLLL,LSSLSSLSSLSSLLLL,1.5,1,2,,υ:L:lexicon α:S:lexicon ο:S:nature ο:L:position ε:S:nature ι:S:lexicon αυ:L:nature ο:S:nature α:S:unknown ε:L:position α:S:unknown ο:S:nature ει:L:nature ει:L:nature ο:L:position ο:L:line_final,"πῦρ ἄμοτον, περὶ δ’ αὐτὸν ἀθέσφατος εἰλεῖτο φλόξ."
Megara,1,105,True,LSSLSSLSSLSSLSSLL,LSSLSSLSSLSSLSSLL,0.0,1,0,,αυ:L:nature α:S:lexicon ο:S:nature αι:L:nature ε:S:nature ο:S:nature ι:L:lexicon ε:S:nature ο:S:nature οι:L:nature α:S:lexicon ε:S:nature α:L:position ε:S:nature ο:S:nature ο:L:position ι:L:lexicon,"αὐτὰρ ὅγ’ αἰὲν ὄπισθε θοοῖς ἀνεχάζετο ποσσίν,"
Megara,1,106,True,LSSLSSLSSLSSLLLL,LSSLSSLSSLSSLLLL,1.5,1,0,,ε:L:position υ:S:lexicon ε:S:nature ει:L:nature+position ε:S:nature α:S:lexicon ω:L:nature ο:S:nature ο:S:nature ο:L:position ε:S:nature ο:S:nature η:L:nature αι:L:nature+position οι:L:nature ο:L:line_final,ἐκφυγέειν μεμαὼς ὀλοὸν μένος Ἡφαίστοιο·
Megara,1,107,True,LLLSSLSSLSSLSSLL,LLLSSLSSLSSLSSLL,0.0,1,0,,αι:L:nature ει:L:nature ε:L:position ο:S:nature α:S:lexicon οι:L:nature ε:S:nature ε:S:nature ου:L:nature+position ο:S:nature ο:S:nature η:L:nature υ:S:lexicon ε:S:nature ε:L:position ο:L:line_final,αἰεὶ δὲ προπάροιθεν ἑοῦ χροὸς ἠΰτε γέρρον
Megara,1,108,True,LLLSSLSSLSSLSSLL,LLLSSLSSLSSLSSLL,1.5,1,2,correption,ω:L:nature α:L:position ε:L:position α:S:unknown ε:S:nature η:L:nature+position ε:S:nature ι:S:lexicon ο:L:position α:S:unknown ι:S:antepenult_accent ε:L:position α:S:lexicon αι:S:nature ε:L:position α:L:lexicon,νώμασκεν μακέλην· περὶ δ’ ὄμμασιν ἔνθα καὶ ἔνθα
Megara,1,109,True,LLLLLSSLLLSSLL,LLLLLSSLLLSSLL,1.5,1,1,correption,α:L:position αι:L:nature ε:L:position η:L:nature η:L:nature ι:S:lexicon ε:S:nature ι:L:position ε:L:position ει:L:nature η:S:nature ι:S:unknown ο:L:position υ:L:lexicon,"πάπταινεν, μὴ δή μιν ἐπιφλέξει δήιον πῦρ."
Megara,1,110,True,LSSLLLSSLSSLSSLL,LSSLLLSSLSSLSSLL,1.5,1,1,correption,ω:L:nature ε:S:nature α:S:unknown ο:L:position η:L:nature αι:L:nature ε:S:nature ι:S:lexicon η:L:nature ε:S:nature ο:S:nature ω:L:nature+position οι:S:nature ε:S:nature ι:L:position ο:L:line_final,"τῷ μὲν ἀοσσῆσαι λελιημένος, ὥς μοι ἔϊκτο,"
Megara,1,111,True,LSSLSSLSSLSSLSSLL,LSSLSSLSSLSSLSSLL,1.0,1,1,cluster_short,ι:L:unknown ι:S:position ε:S:nature η:L:nature+position ε:S:nature α:S:lexicon υ:L:lexicon ο:S:nature ε:S:nature ου:L:nature ε:S:nature ι:S:lexicon α:L:paroxytone_short_ultima ε:S:nature ο:S:nature ι:L:position ω:L:line_final,Ἰφικλέης μεγάθυμος ἐπ’ οὔδεϊ κάππεσ’ ὀλισθὼν
Megara,1,112,True,LLLLLSSLLLSSLL,LLLLLSSLLLSSLL,0.0,1,1,,ι:L:lexicon ε:L:position ει:L:nature ου:L:nature ο:L:position ο:S:nature α:S:unknown α:L:position η:L:nature αι:L:nature υ:S:lexicon α:S:lexicon αυ:L:nature ι:L:lexicon,"πρὶν ἐλθεῖν, οὐδ’ ὀρθὸς ἀναστῆναι δύνατ’ αὖτις,"
Megara,1,113,True,LLLSSLSSLLLSSLL,LLLSSLSSLLLSSLL,0.0,1,1,,α:L:position α:L:position ε:L:position ε:S:nature ε:S:nature ει:L:nature ο:S:nature ε:S:nature ω:L:nature ω:L:nature ει:L:nature α:S:unknown ε:S:nature η:L:nature ο:L:line_final,"ἀλλ’ ἀστεμφὲς ἔκειτο, γέρων ὡσείτ’ ἀμενηνός,"
Megara,1,114,True,LSSLSSLSSLSSLSSLL,LSSLSSLSSLSSLSSLL,0.5,1,1,correption,ο:L:position ε:S:nature αι:S:nature ου:L:nature ε:S:nature ε:S:nature ο:L:position α:S:lexicon ι:S:lexicon η:L:nature α:S:lexicon ο:S:nature η:L:nature α:S:lexicon α:S:unknown ε:L:position ε:L:line_final,ὅντε καὶ οὐκ ἐθέλοντα βιήσατο γῆρας ἀτερπὲς
Megara,1,115,True,LSSLLLSSLSSLSSLL,LSSLLLSSLSSLSSLL,0.0,1,0,,α:L:position ε:S:nature ε:S:nature ει:L:nature+position ει:L:nature αι:L:nature ο:S:nature ε:S:nature ι:L:lexicon ο:S:nature ο:S:nature ε:L:position ε:S:nature ο:S:nature αυ:L:nature ω:L:line_final,"καππεσέειν· κεῖται δ’ ὅγ’ ἐπὶ χθονὸς ἔμπεδον αὔτως,"
Megara,1,116,True,LSSLLLSSLLLSSLL,LSSLLLSSLLLSSLL,0.0,1,3,,ει:L:nature ο:S:nature ε:S:nature ι:L:lexicon ει:L:nature ο:L:position ι:S:lexicon α:S:unknown ει:L:nature υ:L:position η:L:nature α:S:unknown ι:S:unknown ο:L:position ω:L:line_final,εἰσόκε τις χειρός μιν ἀνειρύσσῃ παριόντων
Megara,1,117,True,LLLSSLSSLSSLSSLL,LLLSSLSSLSSLSSLL,0.0,1,1,,αι:L:nature ε:L:position ει:L:nature ο:S:nature ι:S:unknown α:L:antepenult_accent ο:S:nature ε:S:nature η:L:nature+position ο:S:nature ι:S:lexicon οι:L:nature ο:S:nature ε:S:nature ει:L:nature ου:L:line_final,αἰδεσθεὶς ὄπιδα προτέρην πολιοῖο γενείου.
Megara,1,118,True,LLLSSLSSLSSLLLL,LLLSSLSSLSSLLLL,1.5,1,3,,ω:L:nature ε:L:position η:L:nature ε:S:nature ι:S:unknown α:L:position ο:S:nature α:S:unknown ε:L:position α:S:paroxytone_short_ultima ο:S:nature ι:L:unknown ι:L:position ει:L:nature η:L:line_final,ὣς ἐν γῇ λελίαστο σακεσπάλος Ἰφικλείης·
Megara,1,119,True,LSSLLLSSLSSLSSLL,LSSLLLSSLSSLSSLL,0.0,1,2,,αυ:L:nature α:S:lexicon ε:S:nature ω:L:nature+position αι:L:nature ε:L:position ο:S:nature α:S:unknown η:L:nature α:S:unknown ε:S:nature ο:L:position α:S:antepenult_accent ο:S:nature ω:L:nature α:L:properispomenon,αὐτὰρ ἐγὼ κλαίεσκον ἀμηχανέοντας ὁρῶσα
Megara,1,120,True,LSSLSSLSSLSSLSSLL,LSSLSSLSSLSSLSSLL,1.5,1,0,cluster_short;correption,αι:L:nature α:S:lexicon ε:S:nature ου:L:nature+position ε:S:position ι:S:lexicon η:L:nature οι:S:nature α:S:lexicon ε:L:position υ:S:lexicon ο:S:nature η:L:nature υ:S:lexicon ο:S:nature υ:L:paroxytone_short_ultima ο:L:line_final,"παῖδας ἐμούς, μέχρι δή μοι ἀπέσσυτο νήδυμος ὕπνος"
Megara,1,121,True,LLLLLSSLSSLSSLL,LLLLLSSLSSLSSLL,0.0,1,4,,ο:L:position α:L:position ω:L:nature η:L:nature ω:L:nature+position ε:S:nature α:S:unknown αυ:L:nature ι:S:unknown α:S:unknown αι:L:nature ο:S:nature ι:S:unknown η:L:nature+position ε:L:line_final,"ὀφθαλμῶν, ἠὼς δὲ παραυτίκα φαινόλις ἦλθε."
Megara,1,122,True,LSSLSSLSSLSSLLLL,LSSLSSLSSLSSLLLL,2.0,1,0,correption,οι:L:nature α:S:lexicon ι:S:lexicon η:L:nature οι:S:nature ο:S:nature ει:L:nature α:S:antepenult_accent ι:S:lexicon α:L:lexicon ε:S:nature α:S:lexicon ε:L:position οι:L:nature η:L:nature α:L:antepenult_accent,"τοῖα, φίλη, μοι ὄνειρα διὰ φρένας ἐπτοίησαν"
Megara,1,123,True,LSSLSSLSSLLLSSLL,LSSLSSLSSLLLSSLL,2.0,1,2,lexicon_overridden,α:L:position υ:S:unknown ι:S:unknown η:L:nature α:S:lexicon ε:S:nature α:L:lexicon α:S:lexicon ο:S:nature ευ:L:nature υ:L:position η:L:nature α:S:lexicon ε:S:nature οι:L:nature ο:L:line_final,παννυχίῃ· τὰ δὲ πάντα πρὸς Εὐρυσθῆα τρέποιτο
Megara,1,124,True,LSSLSSLSSLSSLSSLL,LSSLSSLSSLSSLSSLL,0.5,1,1,correption,οι:L:nature ου:S:nature α:S:unknown η:L:nature ε:S:nature ε:S:nature οι:L:nature ο:S:nature ε:S:nature οι:L:nature ο:S:nature ε:S:nature α:L:paroxytone_short_ultima ι:S:lexicon ε:S:nature ει:L:nature ω:L:line_final,"οἴκου ἄφ’ ἡμετέροιο, γένοιτο δὲ μάντις ἐκείνῳ"
Megara,1,125,True,LSSLLLSSLSSLSSLL,LSSLLLSSLSSLSSLL,0.0,1,0,,υ:L:lexicon ο:S:nature ε:S:nature ο:L:position η:L:nature α:L:paroxytone_short_ultima ο:S:nature α:S:lexicon ε:L:position ε:S:nature ε:S:nature ει:L:nature ε:S:nature ι:S:lexicon αι:L:nature ω:L:line_final,"θυμὸς ἐμός, μηδ’ ἄλλο παρὲκ τελέσειέ τι δαίμων."
Fragmenta,4,1,True,LSSLLLSSLSSLSSLL,LSSLLLSSLSSLSSLL,0.0,1,3,,α:L:unknown α:S:lexicon α:S:lexicon α:L:position αυ:L:nature α:L:unknown ο:S:nature α:S:unknown ω:L:nature ε:S:nature ο:S:nature α:L:position ε:S:nature α:S:lexicon α:L:position η:L:line_final,"Τὰν ἅλα τὰν γλαυκὰν ὅταν ὥνεμος ἀτρέμα βάλλῃ,"
Fragmenta,4,2,True,LSSLLLSSLSSLSSLL,LSSLLLSSLSSLSSLL,0.5,1,1,correption,α:L:position ε:S:nature α:S:lexicon α:L:position ει:L:nature α:L:unknown ε:S:nature ε:S:nature ι:L:position ο:S:nature αι:S:nature ου:L:nature ε:S:nature ι:S:lexicon οι:L:nature α:L:circumflex,"τὰν φρένα τὰν δειλὰν ἐρεθίζομαι, οὐδ’ ἔτι μοι γᾶ"
Fragmenta,4,3,True,LSSLSSLSSLSSLSSLL,LSSLSSLSSLSSLSSLL,1.0,1,2,lexicon_overridden,ε:L:position ι:S:lexicon ι:S:lexicon α:L:lexicon ο:S:nature ι:S:unknown ει:L:nature ε:S:nature ο:S:nature υ:L:lexicon ε:S:nature ο:S:nature α:L:unknown ε:S:nature α:S:lexicon α:L:lexicon α:L:line_final,"ἐστὶ φίλα, ποθίει δὲ πολὺ πλέον ἁ μεγάλα μ’ ἅλς."
Fragmenta,4,4,True,LSSLLLSSLSSLSSLL,LSSLLLSSLSSLSSLL,0.0,1,5,,α:L:position ο:S:nature α:S:unknown α:L:unknown η:L:nature η:L:nature ο:S:nature ι:S:unknown ο:L:position υ:S:unknown ο:S:nature α:L:unknown ε:S:nature α:S:lexicon α:L:position α:L:lexicon,"ἀλλ’ ὅταν ἀχήσῃ πολιὸς βυθός, ἁ δὲ θάλασσα"
Fragmenta,4,5,True,LSSLLLSSLSSLSSLL,LSSLLLSSLSSLSSLL,0.0,1,0,,υ:L:position ο:S:nature ε:S:nature α:L:position ι:L:position η:L:nature α:S:lexicon ε:S:nature υ:L:lexicon α:S:lexicon α:S:lexicon α:L:position α:S:lexicon ε:S:nature η:L:nature η:L:line_final,"κυρτὸν ἐπαφρίζῃ, τὰ δὲ κύματα μακρὰ μεμήνῃ,"
Fragmenta,4,6,True,LSSLLLLLSSLSSLL,LSSLLLLLSSLSSLL,0.0,1,0,,ε:L:position ο:S:nature α:S:lexicon α:L:position αι:L:nature ω:L:nature αι:L:nature ε:L:position ε:S:nature α:S:lexicon α:L:position α:S:lexicon α:S:lexicon ευ:L:nature ω:L:line_final,"ἐς χθόνα παπταίνω καὶ δένδρεα, τὰν δ’ ἅλα φεύγω,"
Fragmenta,4,7,True,LSSLLLLLSSLSSLL,LSSLLLLLSSLSSLL,0.5,1,3,correption,α:L:circumflex ε:S:nature οι:S:nature α:L:position α:L:position α:L:unknown α:L:unknown α:L:position ι:S:lexicon ο:S:nature ευ:L:nature α:S:lexicon ε:S:nature υ:L:unknown α:L:line_final,"γᾶ δέ μοι ἀσπαστά, χἀ δάσκιος εὔαδεν ὕλα,"
Fragmenta,4,8,True,LSSLLLSSLSSLSSLL,LSSLLLSSLSSLSSLL,0.5,1,2,correption,ε:L:position α:S:lexicon αι:S:nature η:L:nature+position ευ:L:nature η:L:nature ο:S:nature υ:S:lexicon ω:L:nature ε:S:nature ο:S:nature α:L:unknown ι:S:lexicon υ:S:unknown α:L:nature ει:L:line_final,"ἔνθα καὶ ἢν πνεύσῃ πολὺς ὥνεμος, ἁ πίτυς ᾅδει."
Fragmenta,4,9,True,LSSLLLLLSSLSSLL,LSSLLLLLSSLSSLL,0.0,1,2,,η:L:nature α:S:lexicon ο:S:nature ο:L:position ι:L:unknown ευ:L:nature+position ω:L:nature ει:L:nature ι:S:lexicon ο:S:nature ω:L:nature ο:S:nature ο:S:nature α:L:unknown αυ:L:line_final,"ἦ κακὸν ὁ γριπεὺς ζώει βίον, ᾧ δόμος ἁ ναῦς,"
Fragmenta,4,10,True,LSSLSSLSSLSSLSSLL,LSSLSSLSSLSSLSSLL,0.5,1,0,correption,αι:L:nature ο:S:nature ο:S:nature ε:L:position ι:S:lexicon α:S:lexicon α:L:position α:S:lexicon αι:S:nature ι:L:position υ:S:lexicon ε:S:nature α:L:position α:S:paroxytone_short_ultima ο:S:nature α:L:position α:L:line_final,"καὶ πόνος ἐστὶ θάλασσα, καὶ ἰχθύες ἁ πλάνος ἄγρα."
Fragmenta,4,11,True,LSSLSSLSSLSSLSSLL,LSSLSSLSSLSSLSSLL,0.0,1,4,,αυ:L:nature α:S:lexicon ε:S:nature οι:L:nature+position υ:S:lexicon υ:S:lexicon υ:L:paroxytone_short_ultima ο:S:nature υ:S:lexicon ο:L:position α:S:unknown α:S:unknown ω:L:nature α:S:unknown υ:S:unknown υ:L:position ω:L:line_final,"αὐτὰρ ἐμοὶ γλυκὺς ὕπνος ὑπὸ πλατάνῳ βαθυφύλλῳ,"
Fragmenta,4,12,True,LLLSSLSSLSSLSSLL,LLLSSLSSLSSLSSLL,0.0,1,2,,αι:L:nature α:L:unknown α:L:circumflex ι:S:unknown ε:S:nature οι:L:nature ι:S:antepenult_accent ο:S:nature ε:L:position υ:S:lexicon ε:S:nature α:L:circumflex ο:S:nature α:S:lexicon ου:L:nature ει:L:line_final,"καὶ παγᾶς φιλέοιμι τὸν ἐγγύθεν ἆχον ἀκούειν,"
Fragmenta,4,13,True,LLLSSLSSLSSLSSLL,LLLSSLSSLSSLSSLL,1.0,1,2,lexicon_overridden,α:L:lexicon ε:L:position ει:L:nature+position ο:S:nature ε:S:nature οι:L:nature α:S:antepenult_accent ο:S:nature α:L:position ι:S:unknown ο:S:nature ου:L:nature ι:S:lexicon α:S:unknown α:L:position ει:L:line_final,"ἃ τέρπει ψοφέοισα τὸν ἀγρικόν, οὐχὶ ταράσσει."
Fragmenta,5,1,True,LSSLLLLLSSLSSLL,LSSLLLLLSSLSSLL,0.0,1,3,,η:L:nature α:S:lexicon ο:S:nature α:L:unknown α:L:unknown ω:L:nature+position α:L:circumflex ει:L:nature ο:S:nature ο:S:nature η:L:nature α:S:lexicon ο:S:nature α:L:unknown ω:L:line_final,"Ἤρατο Πὰν Ἀχῶς τᾶς γείτονος, ἤρατο δ’ Ἀχὼ"
Fragmenta,5,2,True,LLLSSLSSLSSLSSLL,LLLSSLSSLSSLSSLL,0.0,1,6,,ι:L:position α:L:unknown α:L:circumflex α:S:unknown υ:S:unknown ω:L:nature α:S:unknown υ:S:unknown ο:L:position ε:S:nature ε:S:nature η:L:nature α:S:lexicon ο:S:nature υ:L:unknown α:L:line_final,"σκιρτατᾶ Σατύρω, Σάτυρος δ’ ἐπεμήνατο Λύδᾳ."
Fragmenta,5,3,True,LLLLLSSLSSLSSLL,LLLLLSSLSSLSSLL,0.0,1,4,,ω:L:nature α:L:unknown ω:L:nature ο:L:position α:L:circumflex α:S:properispomenon ο:S:nature ο:L:position α:S:unknown υ:S:unknown ο:L:position ε:S:nature ε:S:nature α:L:unknown ω:L:line_final,"ὡς Ἀχὼ τὸν Πᾶνα, τόσον Σάτυρος φλέγεν Ἀχώ,"
Fragmenta,5,4,True,LLLSSLSSLLLSSLL,LLLSSLSSLLLSSLL,1.5,2,5,override,αι:L:nature υ:L:unknown α:L:unknown α:S:unknown υ:S:unknown ι:L:paroxytone_short_ultima ο:S:nature ε:S:nature ω:L:nature+position ε:L:position υ:L:paroxytone_short_ultima ε:S:nature α:S:unknown οι:L:nature α:L:line_final,καὶ Λύδα Σατυρίσκον· Ἔρως δ’ ἐσμύχετ’ ἀμοιβᾷ.
Fragmenta,5,5,True,LLLLLSSLSSLSSLL,LLLLLSSLSSLSSLL,0.0,1,1,,ο:L:position ο:L:position α:L:lexicon η:L:nature ω:L:nature+position ι:S:lexicon ε:S:nature ι:L:unknown ε:S:nature ε:S:nature ο:L:position ι:S:lexicon ε:S:nature ο:L:position α:L:lexicon,"ὅσσον γὰρ τήνων τις ἐμίσεε τὸν φιλέοντα,"
Fragmenta,5,6,True,LSSLSSLLLSSLSSLL,LSSLSSLLLSSLSSLL,0.0,1,0,,ο:L:position ο:S:nature ο:S:nature ω:L:nature+position ι:S:lexicon ε:S:nature ω:L:nature η:L:nature+position αι:L:nature ε:S:nature ο:S:nature α:L:paroxytone_short_ultima ε:S:nature α:S:lexicon οι:L:nature ει:L:line_final,"τόσσον ὁμῶς φιλέων ἠχθαίρετο, πάσχε δ’ ἃ ποίει."
Fragmenta,5,7,True,LSSLLLSSLSSLSSLL,LSSLLLSSLSSLSSLL,0.0,1,3,,αυ:L:nature α:S:lexicon ε:S:nature ω:L:nature α:L:lexicon ι:L:lexicon α:S:lexicon ι:S:unknown α:L:position α:S:unknown α:S:antepenult_accent οι:L:nature α:S:unknown ε:S:nature α:L:paroxytone_short_ultima οι:L:line_final,ταῦτα λέγω πᾶσιν τὰ διδάγματα τοῖς ἀνεράστοις·
Fragmenta,5,8,True,LSSLSSLSSLSSLSSLL,LSSLSSLSSLSSLSSLL,0.0,1,3,,ε:L:position ε:S:nature ε:S:nature ω:L:nature+position ι:S:unknown ε:S:nature ο:L:position α:S:antepenult_accent ι:S:lexicon η:L:nature+position ι:S:unknown ε:S:nature η:L:nature ε:S:nature ι:S:unknown η:L:nature+position ε:L:line_final,"στέργετε τὼς φιλέοντας, ἵν’ ἢν φιλέητε φιλῆσθε."
Fragmenta,6,1,True,LLLSSLSSLSSLSSLL,LLLSSLSSLSSLSSLL,0.0,1,0,,α:L:position ει:L:nature ο:L:position ε:S:nature α:S:lexicon ι:L:circumflex α:S:properispomenon ε:S:nature η:L:nature+position α:S:lexicon α:S:lexicon ο:L:position ο:S:nature ο:S:nature ευ:L:nature η:L:line_final,"Ἀλφειὸς μετὰ Πῖσαν ἐπὴν κατὰ πόντον ὁδεύῃ,"
Fragmenta,6,2,True,LSSLSSLSSLSSLSSLL,LSSLSSLSSLSSLSSLL,1.5,1,2,correption,ε:L:position ε:S:nature αι:S:nature ει:L:nature α:S:unknown ε:S:nature οι:L:nature α:S:antepenult_accent α:S:lexicon ω:L:nature+position ο:S:nature ι:S:unknown η:L:nature ο:S:nature ο:S:nature υ:L:lexicon ω:L:line_final,"ἔρχεται εἰς Ἀρέθοισαν ἄγων κοτινηφόρον ὕδωρ,"
Fragmenta,6,3,True,LSSLSSLSSLSSLSSLL,LSSLSSLSSLSSLSSLL,1.5,1,1,correption;lexicon_overridden,ε:L:position α:S:lexicon ε:S:nature ω:L:nature+position α:S:lexicon α:S:lexicon υ:L:paroxytone_short_ultima α:S:lexicon αι:S:nature α:L:position ε:S:nature α:S:lexicon αι:L:nature ο:S:nature ι:S:lexicon ι:L:unknown α:L:line_final,"ἕδνα φέρων καλὰ φύλλα καὶ ἄνθεα καὶ κόνιν ἱράν,"
Fragmenta,6,4,True,LSSLLLLLSSLSSLL,LSSLLLLLSSLSSLL,0.0,1,0,,αι:L:nature α:S:lexicon υ:S:lexicon ε:L:position αι:L:nature ει:L:nature οι:L:nature+position υ:L:lexicon α:S:lexicon ι:S:lexicon α:L:position ε:S:nature α:S:lexicon α:L:position α:L:lexicon,"καὶ βαθὺς ἐμβαίνει τοῖς κύμασι, τὰν δὲ θάλασσαν"
Fragmenta,6,5,True,LSSLSSLLLSSLSSLL,LSSLSSLLLSSLSSLL,0.5,1,5,correption,ε:L:position ε:S:nature υ:S:unknown ο:L:position ο:S:nature α:S:unknown ει:L:nature ου:L:nature ι:L:position υ:S:unknown αι:S:nature υ:L:unknown α:S:unknown ι:S:antepenult_accent υ:L:lexicon ω:L:line_final,"νέρθεν ὑποτροχάει, κοὐ μίγνυται ὕδασιν ὕδωρ,"
Fragmenta,6,6,True,LLLSSLSSLSSLSSLL,LLLSSLSSLSSLSSLL,0.0,1,2,,α:L:unknown ου:L:nature οι:L:nature ε:S:nature α:S:lexicon α:L:position α:S:lexicon ι:S:unknown ε:L:position ο:S:nature ε:S:nature ω:L:nature ο:S:nature α:S:lexicon οι:L:nature ο:L:line_final,ἁ δ’ οὐκ οἶδε θάλασσα διερχομένω ποταμοῖο.
Fragmenta,6,7,True,LLLSSLSSLSSLSSLL,LLLSSLSSLSSLSSLL,0.0,1,5,,ω:L:nature ο:L:position ι:L:unknown ο:S:nature ε:S:nature α:L:position α:S:unknown ο:S:nature α:L:unknown α:S:unknown ο:S:nature αι:L:nature α:S:lexicon ι:S:unknown α:L:position ω:L:line_final,κῶρος λινοθέτας κακομάχανος αἰνὰ διδάσκων
Fragmenta,6,8,True,LSSLSSLSSLSSLSSLL,LSSLSSLSSLSSLSSLL,0.0,1,0,,αι:L:nature ο:S:nature α:S:lexicon ο:L:position ι:S:lexicon α:S:lexicon ι:L:paroxytone_short_ultima ο:S:nature ε:S:nature ω:L:nature ε:S:nature ι:S:lexicon α:L:position ε:S:nature ο:S:nature υ:L:position η:L:line_final,καὶ ποταμὸν διὰ φίλτρον Ἔρως ἐδίδαξε κολυμβῆν.
Fragmenta,7,1,True,LSSLLLSSLSSLSSLL,LSSLLLSSLSSLSSLL,0.0,1,4,,α:L:position α:S:unknown α:S:unknown ει:L:nature+position αι:L:nature ο:L:position α:S:lexicon ο:S:nature η:L:nature α:S:unknown ι:S:unknown ει:L:nature ε:S:nature ο:S:nature α:L:paroxytone_short_ultima ο:L:line_final,Λαμπάδα θεὶς καὶ τόξα βοηλάτιν εἵλετο ῥάβδον
Fragmenta,7,2,True,LSSLLLLLLLLLL,LSSLLLLLLLLLL,3.5,1,3,metrical_lengthening,ου:L:nature ο:S:nature ε:S:nature ω:L:nature+position η:L:nature η:L:nature+position ει:L:nature ε:L:nature α:L:unknown ω:L:nature α:L:unknown ι:L:unknown η:L:line_final,"οὖλος Ἔρως, πήρην δ’ εἶχε κατωμαδίην,"
Fragmenta,7,3,True,LLLSSLSSLSSLSSLL,LLLSSLSSLSSLSSLL,0.0,1,0,,αι:L:nature+position ευ:L:nature+position α:L:position α:S:lexicon α:S:lexicon ε:L:position ο:S:nature υ:S:lexicon ο:L:position υ:S:lexicon ο:S:nature αυ:L:nature ε:S:nature α:S:lexicon αυ:L:nature ω:L:line_final,καὶ ζεύξας ταλαεργὸν ὑπὸ ζυγὸν αὐχένα ταύρων
Fragmenta,7,4,True,LLLLLLLLLLLL,LLLLLLLLLLLL,7.0,1,2,metrical_lengthening;override,ε:L:position ει:L:nature ε:L:position η:L:nature ου:L:nature αυ:L:nature α:L:unknown α:L:antepenult_accent υ:L:unknown ο:L:nature ο:L:nature ο:L:line_final,ἔσπειρεν Δηοῦς αὔλακα πυροφόρον.
Fragmenta,7,5,True,LSSLLLLLSSLSSLL,LSSLLLLLSSLSSLL,1.0,1,1,lexicon_overridden,ει:L:nature ε:S:nature α:S:lexicon ω:L:nature+position ε:L:position α:L:unknown αυ:L:nature ω:L:nature ι:S:lexicon ι:S:lexicon η:L:nature ο:S:nature α:S:lexicon ου:L:nature α:L:lexicon,"εἶπε δ’ ἄνω βλέψας αὐτῷ Διί· πλῆσον ἀρούρας,"
Fragmenta,7,6,True,LSSLLLLLLLLLL,LSSLLLLLLLLLL,5.5,1,0,lexicon_overridden,η:L:nature ε:S:nature ο:S:nature ευ:L:nature ω:L:nature η:L:nature+position ου:L:nature υ:L:lexicon α:L:lexicon ο:L:position α:L:lexicon α:L:lexicon ω:L:line_final,μή σε τὸν Εὐρώπης βοῦν ὑπ’ ἄροτρα βάλω.
