work,book,n,ok,pattern,quantities,cost,alternatives,unknown_nuclei,flags,nuclei,text
The Rape of Helen,1,1,True,LLLSSLSSLLLSSLL,LLLSSLSSLLLSSLL,0.0,1,1,,υ:L:paroxytone_short_ultima αι:L:nature+position ω:L:nature ι:S:unknown α:S:paroxytone_short_ultima ε:L:position ο:S:nature α:S:lexicon ου:L:nature+position α:L:position οι:L:nature ο:S:nature ε:S:nature ε:L:position η:L:line_final,"νύμφαι Τρωιάδες, ποταμοῦ Ξάνθοιο γενέθλη,"
The Rape of Helen,1,2,True,LSSLLLSSLSSLSSLL,LSSLLLSSLSSLSSLL,0.5,1,2,correption,αι:L:nature+position ο:S:nature α:S:unknown ω:L:nature+position η:L:nature ε:L:position α:S:lexicon αι:S:nature ι:L:lexicon ε:S:nature α:S:lexicon αι:L:nature+position ι:S:unknown α:S:antepenult_accent ει:L:nature ω:L:line_final,αἳ πλοκάμων κρήδεμνα καὶ ἱερὰ παίγνια χειρῶν
The Rape of Helen,1,3,True,LSSLLLSSLSSLSSLL,LSSLLLSSLSSLSSLL,0.0,1,1,,ο:L:position α:S:lexicon ι:S:lexicon α:L:position ω:L:nature η:L:nature ι:S:antepenult_accent ε:S:nature ι:L:lexicon α:S:lexicon α:S:lexicon οι:L:nature ι:S:lexicon ι:S:unknown ου:L:nature αι:L:line_final,πολλάκι πατρῴῃσιν ἐπὶ ψαμάθοισι λιποῦσαι
The Rape of Helen,1,4,True,LSSLLLSSLLLSSLL,LSSLLLSSLLLSSLL,0.0,1,2,,ε:L:position ο:S:nature ο:S:nature ι:L:unknown αι:L:nature η:L:nature ι:S:antepenult_accent ε:S:nature ε:L:position υ:L:unknown α:L:position ε:S:nature ο:S:nature ει:L:nature αι:L:line_final,"ἐς χορὸν Ἰδαίῃσιν ἐπεντύνασθε χορείαις,"
The Rape of Helen,1,5,True,LSSLSSLSSLSSLSSLL,LSSLSSLSSLSSLSSLL,0.0,1,0,,ευ:L:nature ε:S:nature ε:S:nature ι:L:position ο:S:nature ο:S:nature οι:L:nature ο:S:nature ο:S:nature η:L:nature α:S:lexicon α:S:lexicon η:L:nature ο:S:nature ο:S:nature η:L:nature ο:L:line_final,"δεῦτε, θεμιστοπόλοιο νοήματα μηλοβοτῆρος"
The Rape of Helen,1,6,True,LSSLSSLSSLSSLSSLL,LSSLSSLSSLSSLSSLL,0.0,1,2,,ει:L:nature α:S:unknown ε:S:nature οι:L:nature ε:S:nature α:S:unknown ο:L:position ο:S:nature α:S:lexicon ο:L:position υ:S:lexicon ε:S:nature αι:L:nature ο:S:nature α:S:lexicon οι:L:nature ο:L:line_final,"εἴπατέ μοι, κελάδοντος ἀπορνύμεναι ποταμοῖο,"
The Rape of Helen,1,7,True,LSSLSSLSSLSSLSSLL,LSSLSSLSSLSSLSSLL,0.0,1,1,,ε:L:position ο:S:nature ε:S:nature ω:L:nature+position ο:S:nature ε:S:nature η:L:nature+position ε:S:nature α:S:unknown η:L:nature ε:S:nature α:S:antepenult_accent ο:L:position ο:S:nature ε:S:nature αυ:L:nature ω:L:line_final,ἐξ ὀρέων πόθεν ἦλθεν ἀήθεα πόντον ἐλαύνων
The Rape of Helen,1,8,True,LLLSSLSSLSSLSSLL,LLLSSLSSLSSLSSLL,0.0,1,0,,α:L:position ω:L:nature+position ω:L:nature α:S:lexicon ο:S:nature ε:L:position α:S:lexicon ι:S:lexicon ε:L:position ε:S:nature ο:S:nature ε:L:position ε:S:nature ο:S:nature η:L:nature ω:L:line_final,ἀγνώσσων ἁλὸς ἔργα; τί δὲ χρέος ἔπλετο νηῶν
The Rape of Helen,1,9,True,LSSLSSLSSLLLSSLL,LSSLSSLSSLLLSSLL,0.0,1,2,,α:L:position ε:S:nature α:S:unknown ω:L:nature ι:S:lexicon α:S:lexicon ο:L:position ο:S:nature ο:S:nature ου:L:nature αι:L:nature αι:L:nature α:S:lexicon ο:S:nature ι:L:unknown η:L:line_final,"ἀρχεκάκων, ἵνα πόντον ὁμοῦ καὶ γαῖαν ὀρίνῃ"
The Rape of Helen,1,10,True,LSSLSSLSSLSSLSSLL,LSSLSSLSSLSSLSSLL,0.0,1,2,,ου:L:nature ο:S:nature ο:S:nature ω:L:nature υ:S:unknown ι:S:unknown η:L:nature ε:S:nature ι:S:lexicon ε:L:position ε:S:nature ο:S:nature ει:L:nature ε:S:nature ο:S:nature α:L:position η:L:line_final,"βουκόλος; ὠγυγίη δὲ τίς ἔπλετο νείκεος ἀρχή,"
The Rape of Helen,1,11,True,LSSLSSLSSLLLSSLL,LSSLSSLSSLLLSSLL,0.5,1,0,correption,ο:L:position α:S:lexicon αι:S:nature α:L:lexicon α:S:lexicon α:S:lexicon οι:L:nature ι:S:lexicon ε:S:nature ι:L:position ευ:L:nature ω:L:nature ι:S:antepenult_accent ο:S:nature η:L:nature ε:L:line_final,ὄφρα καὶ ἀθανάτοισι θεμιστεύσωσι νομῆες;
The Rape of Helen,1,12,True,LSSLSSLSSLSSLSSLL,LSSLSSLSSLSSLSSLL,0.0,1,2,,ι:L:lexicon ε:S:nature ι:S:unknown α:L:position ο:S:nature ι:S:unknown η:L:nature ο:S:nature ε:S:nature ε:L:position υ:S:lexicon ε:S:nature ου:L:nature ο:S:nature α:S:lexicon υ:L:position η:L:line_final,τίς δὲ δικασπολίη; πόθεν ἔκλυεν οὔνομα νύμφης
The Rape of Helen,1,13,True,LLLLLSSLLLSSLL,LLLLLSSLLLSSLL,0.0,1,0,,α:L:position ει:L:nature η:L:nature αυ:L:nature αι:L:nature α:S:lexicon ε:S:nature η:L:nature η:L:nature α:L:position ε:S:nature ο:S:nature ου:L:nature αι:L:line_final,Ἀργείης; αὐταὶ γὰρ ἐθηήσασθε μολοῦσαι
The Rape of Helen,1,14,True,LLLSSLSSLLLSSLL,LLLSSLSSLLLSSLL,0.0,1,4,,ι:L:unknown αι:L:nature η:L:nature+position ι:S:unknown α:S:unknown η:L:nature ο:S:nature υ:S:lexicon ο:L:position η:L:nature ω:L:nature α:S:properispomenon α:S:unknown α:L:position η:L:line_final,Ἰδαίης τρικάρηνον ὑπὸ πρηῶνα Φαλάκρης
The Rape of Helen,1,15,True,LSSLSSLSSLSSLSSLL,LSSLSSLSSLSSLSSLL,0.0,1,1,,αι:L:nature α:S:lexicon ι:S:lexicon οι:L:nature ο:S:nature ο:S:nature οι:L:nature ι:S:lexicon ε:S:nature ε:L:position ι:S:unknown ο:S:nature ω:L:nature+position α:S:antepenult_accent ο:S:nature ω:L:nature οι:L:line_final,καὶ Πάριν οἰοπόλοισιν ἐφεδριόωντα θοώκοις
The Rape of Helen,1,16,True,LSSLSSLSSLSSLSSLL,LSSLSSLSSLSSLSSLL,1.0,1,2,lexicon_overridden,αι:L:nature α:S:lexicon ι:S:lexicon ω:L:nature+position α:S:unknown ι:S:unknown ει:L:nature α:S:antepenult_accent α:S:lexicon α:L:position ο:S:nature ε:S:nature η:L:nature α:S:lexicon ο:S:nature ι:L:lexicon η:L:line_final,καὶ Χαρίτων βασίλειαν ἀγαλλομένην Ἀφροδίτην.
The Rape of Helen,1,17,True,LSSLSSLSSLSSLSSLL,LSSLSSLSSLSSLSSLL,0.0,1,2,,ω:L:nature ο:S:nature ε:S:nature υ:L:position ι:S:unknown ο:S:nature οι:L:nature ι:S:antepenult_accent ε:S:nature ου:L:nature ε:S:nature ι:S:lexicon αι:L:nature ο:S:nature ι:S:unknown η:L:nature ω:L:line_final,ὣς ὁ μὲν ὑψιλόφοισιν ἐν οὔρεσιν Αἱμονιήων
The Rape of Helen,1,18,True,LSSLLLSSLSSLSSLL,LSSLLLSSLSSLSSLL,0.0,1,4,,υ:L:position ι:S:unknown ι:S:unknown ω:L:nature+position η:L:nature η:L:nature ο:S:nature α:S:unknown ει:L:nature ο:S:nature ε:S:nature ω:L:nature υ:S:unknown ε:S:nature αι:L:nature ω:L:line_final,νυμφιδίων Πηλῆος ἀειδομένων ὑμεναίων
The Rape of Helen,1,19,True,LSSLSSLSSLSSLSSLL,LSSLSSLSSLSSLSSLL,0.0,1,1,,η:L:nature ο:S:nature ε:S:nature η:L:nature ο:S:nature υ:S:unknown η:L:nature ι:S:antepenult_accent ε:S:nature ω:L:nature ο:S:nature ο:S:nature ει:L:nature α:S:lexicon υ:S:lexicon η:L:nature η:L:line_final,Ζηνὸς ἐφημοσύνῃσιν ἐῳνοχόει Γανυμήδης·
The Rape of Helen,1,20,True,LSSLLLSSLLLSSLL,LSSLLLSSLLLSSLL,0.0,1,1,,α:L:lexicon α:S:lexicon ε:S:nature υ:L:unknown αι:L:nature ου:L:nature α:S:antepenult_accent ε:S:nature ω:L:nature ε:L:position ευ:L:nature ε:S:nature ε:S:nature ε:L:position η:L:line_final,πᾶσα δὲ κυδαίνουσα θεῶν ἔσπευδε γενέθλη
The Rape of Helen,1,21,True,LSSLLLLLSSLLLL,LSSLLLLLSSLLLL,1.5,1,1,,αυ:L:nature ο:S:nature α:S:unknown ι:L:position η:L:nature η:L:nature+position ευ:L:nature ω:L:nature ε:S:nature ο:S:nature α:L:position ι:L:position ι:L:lexicon η:L:line_final,"αὐτοκασιγνήτην λευκώλενον Ἀμφιτρίτης,"
The Rape of Helen,1,22,True,LSSLLLSSLLLSSLL,LSSLLLSSLLLSSLL,0.0,1,0,,ευ:L:nature+position ε:S:nature α:S:lexicon ου:L:nature υ:L:position οι:L:nature ο:S:nature ο:S:nature ει:L:nature α:L:lexicon ω:L:nature+position ε:S:nature α:S:lexicon α:L:position η:L:line_final,"Ζεὺς μὲν ἀπ’ Οὐλύμποιο, Ποσειδάων δὲ θαλάσσης·"
The Rape of Helen,1,23,True,LSSLLLSSLLLSSLL,LSSLLLSSLLLSSLL,0.0,1,1,,ε:L:position ε:S:nature ε:S:nature ι:L:position η:L:nature ε:L:position ο:S:nature α:S:lexicon ευ:L:nature ο:L:position ου:L:nature ε:S:nature ι:S:unknown ω:L:nature ο:L:line_final,ἐκ δὲ Μελισσήεντος ἀπ’ εὐόδμου Ἑλικῶνος
The Rape of Helen,1,24,True,LLLSSLSSLSSLSSLL,LLLSSLSSLSSLSSLL,0.0,1,2,,ου:L:nature α:L:lexicon ω:L:nature+position ι:S:unknown υ:S:unknown ω:L:nature ο:S:nature α:S:lexicon ω:L:nature+position ο:S:nature ο:S:nature η:L:nature+position ε:S:nature α:S:lexicon ο:L:position ω:L:line_final,Μουσάων λιγύφωνον ἄγων χορὸν ἦλθεν Ἀπόλλων·
The Rape of Helen,1,25,True,LLLSSLSSLSSLSSLL,LLLSSLSSLSSLSSLL,0.0,1,2,,υ:L:lexicon ει:L:nature οι:L:nature+position ε:S:nature α:S:lexicon ε:L:position ε:S:nature ι:S:unknown α:L:position ο:S:nature ε:S:nature ο:L:position ο:S:nature α:S:unknown οι:L:nature ι:L:antepenult_accent,χρυσείοις δ’ ἑκάτερθε τινασσόμενος πλοκάμοισι
The Rape of Helen,1,26,True,LSSLSSLSSLSSLSSLL,LSSLSSLSSLSSLSSLL,0.0,1,1,,ο:L:position υ:S:lexicon α:S:lexicon ε:L:position ε:S:nature ο:S:nature η:L:nature+position ε:S:nature υ:S:lexicon ω:L:nature+position υ:S:unknown ε:S:nature ι:L:position ε:S:nature ο:S:nature αι:L:nature η:L:line_final,βότρυς ἀκερσεκόμης ζεφύρῳ στυφελίζετο χαίτης.
The Rape of Helen,1,27,True,LSSLLLSSLLLSSLL,LSSLLLSSLLLSSLL,0.0,1,0,,ο:L:position ε:S:nature ε:S:nature ω:L:nature α:L:position η:L:nature ε:S:nature α:S:lexicon ι:L:position η:L:nature η:L:nature ι:S:lexicon ο:S:nature η:L:nature η:L:line_final,τὸν δὲ μεθ’ ὡμάρτησε κασιγνήτη Διὸς Ἥρη.
The Rape of Helen,1,28,True,LLLSSLSSLSSLSSLL,LLLSSLSSLSSLSSLL,1.5,1,3,correption;lexicon_overridden,ου:L:nature αυ:L:nature η:L:nature α:S:unknown ι:S:unknown ει:L:nature α:S:antepenult_accent αι:S:nature α:L:position ο:S:nature ι:S:unknown η:L:nature α:S:lexicon ο:S:nature ι:L:lexicon η:L:line_final,οὐδ’ αὐτὴ βασίλεια καὶ ἁρμονίης Ἀφροδίτη
The Rape of Helen,1,29,True,LSSLLLSSLSSLLLL,LSSLLLSSLSSLLLL,1.5,1,0,,ε:L:position ο:S:nature ε:S:nature η:L:nature η:L:nature υ:L:lexicon ε:S:nature ε:S:nature α:L:position ε:S:nature α:S:lexicon ε:L:position αυ:L:nature οι:L:nature ο:L:line_final,ἐρχομένη δήθυνεν ἐς ἄλσεα Κενταύροιο.
The Rape of Helen,1,30,True,LSSLLLSSLSSLSSLL,LSSLLLSSLSSLSSLL,0.0,1,2,,αι:L:nature+position ε:S:nature ο:S:nature α:L:position η:L:nature α:L:lexicon α:S:lexicon α:S:unknown η:L:nature ι:S:unknown ο:S:nature η:L:nature υ:S:lexicon ε:S:nature ει:L:nature ω:L:line_final,"καὶ στέφος ἀσκήσασα γαμήλιον ἤλυθε Πειθώ,"
The Rape of Helen,1,31,True,LLLSSLSSLLLSSLL,LLLSSLSSLLLSSLL,0.0,1,0,,ο:L:position ευ:L:nature η:L:nature ο:S:nature ε:S:nature ω:L:nature ο:S:nature ε:S:nature α:L:position ι:L:position ου:L:nature α:S:antepenult_accent α:S:lexicon ε:L:position η:L:line_final,τοξευτῆρος Ἔρωτος ἐλαφρίζουσα φαρέτρην.
The Rape of Helen,1,32,True,LSSLSSLSSLSSLSSLL,LSSLSSLSSLSSLSSLL,0.0,1,0,,αι:L:nature+position ι:S:lexicon α:S:lexicon η:L:nature+position υ:S:lexicon α:S:lexicon ει:L:nature α:S:lexicon α:S:lexicon ο:L:position ο:S:nature α:S:lexicon οι:L:nature ο:S:nature ε:S:nature ει:L:nature α:L:properispomenon,καὶ βριαρὴν τρυφάλειαν ἀπὸ κροτάφοιο μεθεῖσα
The Rape of Helen,1,33,True,LSSLLLSSLSSLSSLL,LSSLLLSSLSSLSSLL,0.0,1,3,,ε:L:position α:S:lexicon ο:S:nature ω:L:nature α:L:position η:L:nature ε:S:nature α:S:unknown ω:L:nature α:S:unknown ι:S:unknown α:L:position ο:S:nature α:S:lexicon η:L:nature η:L:line_final,ἐς γάμον ὡμάρτησε γάμων ἀδίδακτος Ἀθήνη.
The Rape of Helen,1,34,True,LSSLLLLLSSLLLL,LSSLLLLLSSLLLL,2.5,1,2,lexicon_overridden,ου:L:nature ε:S:nature α:S:lexicon ι:L:position η:L:nature η:L:nature η:L:nature ω:L:nature ι:S:unknown α:S:unknown α:L:lexicon ο:L:position ω:L:nature ο:L:line_final,οὐδὲ κασιγνήτη Λητωιὰς Ἀπόλλωνος
The Rape of Helen,1,35,True,LSSLLLSSLSSLSSLL,LSSLLLSSLSSLSSLL,0.5,1,1,correption,α:L:position ε:S:nature ι:S:lexicon η:L:nature ι:L:unknown η:L:nature ε:S:nature αι:S:nature α:L:position ο:S:nature ε:S:nature η:L:nature ε:S:nature ε:S:nature ου:L:nature α:L:lexicon,Ἄρτεμις ἠτίμησε καὶ ἀγροτέρη περ ἐοῦσα.
The Rape of Helen,1,36,True,LLLSSLLLSSLSSLL,LLLSSLLLSSLSSLL,0.0,1,2,,οι:L:nature ο:L:position ου:L:nature υ:S:lexicon ε:S:nature η:L:nature ου:L:nature η:L:nature ι:S:unknown ο:S:nature ε:L:position ο:S:nature α:S:unknown ει:L:nature ω:L:line_final,"οἷος δ’ οὐ κυνέην, οὐ δήιον ἔγχος ἀείρων"
The Rape of Helen,1,37,True,LSSLLLSSLSSLSSLL,LSSLLLSSLSSLSSLL,1.5,1,0,correption;lexicon_overridden,ε:L:position ο:S:nature ο:S:nature η:L:nature αι:L:nature+position οι:L:nature ο:S:nature ι:S:lexicon η:L:nature ε:S:nature ο:S:nature ε:L:position ε:S:nature αι:S:nature α:L:lexicon η:L:line_final,"ἐς δόμον Ἡφαίστοιο σιδήρεος ἔρχεται Ἄρης,"
The Rape of Helen,1,38,True,LSSLLLSSLLLSSLL,LSSLLLSSLLLSSLL,0.0,1,0,,οι:L:nature ο:S:nature α:S:lexicon ε:L:position ω:L:nature η:L:nature ο:S:nature α:S:lexicon ε:L:position η:L:nature+position οι:L:nature ο:S:nature ι:S:lexicon η:L:nature ου:L:line_final,"τοῖος ἄτερ θώρηκος, ἄτερ θηκτοῖο σιδήρου"
The Rape of Helen,1,39,True,LSSLSSLSSLSSLSSLL,LSSLSSLSSLSSLSSLL,0.0,1,2,,ει:L:nature ι:S:lexicon ο:S:nature ω:L:nature ε:S:nature ο:S:nature ευ:L:nature ε:S:nature ε:S:nature ι:L:lexicon α:S:unknown ε:S:nature α:L:position ο:S:nature ε:S:nature α:L:unknown α:L:line_final,μειδιόων ἐχόρευεν. ἔριν δ’ ἀγέραστον ἐάσας
The Rape of Helen,1,40,True,LLLSSLSSLLLSSLL,LLLSSLSSLLLSSLL,0.5,1,0,correption,ου:L:nature ει:L:nature ω:L:nature α:S:lexicon ε:S:nature ι:L:position ε:S:nature αι:S:nature ου:L:nature ε:L:position α:L:position ε:S:nature ο:S:nature η:L:nature ευ:L:line_final,οὐ Χείρων ἀλέγιζε καὶ οὐκ ἐμπάζετο Πηλεύς.
The Rape of Helen,1,41,True,LSSLLLSSLLLSSLL,LSSLLLSSLLLSSLL,0.0,1,0,,η:L:nature α:S:paroxytone_short_ultima ε:S:nature η:L:nature+position η:L:nature ε:L:position ο:S:nature α:S:lexicon ο:L:position α:L:position ει:L:nature α:S:lexicon ο:S:nature οι:L:nature ο:L:line_final,ἡ δ’ ἅτε βησσήεντος ἀποπλαγχθεῖσα νομοῖο
The Rape of Helen,1,42,True,LSSLLLSSLSSLSSLL,LSSLLLSSLSSLSSLL,0.0,1,3,,ο:L:position ι:S:unknown ε:S:nature η:L:nature αι:L:nature η:L:nature ι:S:antepenult_accent ε:S:nature ι:L:lexicon υ:S:unknown ο:S:nature οι:L:nature ι:S:antepenult_accent α:S:unknown α:L:circumflex αι:L:line_final,πόρτις ἐρημαίῃσιν ἐνὶ ξυλόχοισιν ἀλᾶται
The Rape of Helen,1,43,True,LLLSSLSSLSSLSSLL,LLLSSLSSLSSLSSLL,0.0,1,3,,οι:L:nature η:L:nature ε:L:position ι:S:antepenult_accent υ:S:unknown ω:L:nature ι:S:antepenult_accent ο:S:nature ω:L:nature ε:S:nature α:S:unknown η:L:nature ι:S:properispomenon υ:S:unknown ει:L:nature α:L:properispomenon,"φοινήεντι μύωπι, βοῶν ἐλατῆρι, τυπεῖσα·"
The Rape of Helen,1,44,True,LSSLLLSSLLLSSLL,LSSLLLSSLLLSSLL,0.0,1,2,,οι:L:nature α:S:lexicon α:S:unknown υ:L:position η:L:nature οι:L:nature ι:S:antepenult_accent ε:S:nature ι:L:lexicon η:L:nature η:L:nature ι:S:properispomenon α:S:unknown ει:L:nature α:L:properispomenon,τοῖα βαρυζήλοισιν Ἔρις πληγῇσι δαμεῖσα
The Rape of Helen,1,45,True,LSSLLLSSLLLSSLL,LSSLLLSSLLLSSLL,1.5,1,0,override,α:L:position ε:S:nature ο:S:nature α:L:position ευ:L:nature ου:L:nature α:S:antepenult_accent ε:S:nature ω:L:nature+position ω:L:nature+position αι:L:nature α:S:lexicon ο:S:nature ι:L:paroxytone_short_ultima οι:L:line_final,"πλάζετο μαστεύουσα, θεῶν πῶς δαῖτας ὀρίνοι."
The Rape of Helen,1,46,True,LSSLLLSSLLLSSLL,LSSLLLSSLLLSSLL,0.0,1,1,,ο:L:position α:S:lexicon ι:S:lexicon ευ:L:nature α:L:unknown ι:L:position ο:S:nature α:S:lexicon ο:L:position ι:L:position οι:L:nature ο:S:nature ο:S:nature ου:L:nature α:L:properispomenon,πολλάκι δ’ εὐλάιγγος ἀπὸ κλισμοῖο θοροῦσα
The Rape of Helen,1,47,True,LSSLSSLSSLSSLSSLL,LSSLSSLSSLSSLSSLL,0.0,1,0,,ι:L:position α:S:lexicon ο:S:nature αι:L:nature α:S:lexicon ι:S:lexicon ο:L:position ο:S:nature ε:S:nature ε:L:position ε:S:nature ο:S:nature ει:L:nature ι:S:lexicon ε:S:nature αι:L:nature η:L:line_final,ἵστατο καὶ παλίνορσος ἐφέζετο· χειρὶ δὲ γαίης
The Rape of Helen,1,48,True,LSSLSSLSSLLLSSLL,LSSLSSLSSLLLSSLL,2.5,1,0,correption;metrical_lengthening,ου:L:nature ε:S:nature ι:S:lexicon ο:L:position ο:S:nature α:S:lexicon α:L:position ε:S:nature αι:S:nature ου:L:nature ε:L:position α:L:position α:S:lexicon ο:S:nature ε:L:nature η:L:line_final,οὔδεϊ κόλπον ἄραξε καὶ οὐκ ἐφράσσατο πέρην·
The Rape of Helen,1,49,True,LSSLLLSSLLLSSLL,LSSLLLSSLLLSSLL,0.0,1,3,,η:L:nature ε:S:nature ε:S:nature ο:L:position αι:L:nature ω:L:nature+position υ:S:unknown α:S:unknown ω:L:nature+position η:L:nature ι:L:circumflex α:S:properispomenon α:S:unknown ει:L:nature α:L:properispomenon,"ἤθελεν ὀρφναίων γυάλων κληῖδας ἀνεῖσα,"
The Rape of Helen,1,50,True,LSSLLLSSLLLSSLL,LSSLLLSSLLLSSLL,0.0,1,3,,ε:L:position ο:S:nature ι:S:unknown ω:L:nature+position ι:L:lexicon η:L:nature α:S:lexicon α:S:unknown α:L:position η:L:nature α:L:unknown α:S:antepenult_accent ε:S:nature ε:L:position ω:L:line_final,ἐκ χθονίων Τιτῆνας ἀναστήσασα βερέθρων
The Rape of Helen,1,51,True,LSSLSSLSSLLLSSLL,LSSLSSLSSLLLSSLL,0.0,1,2,,ου:L:nature α:S:lexicon ο:S:nature υ:L:position ι:S:unknown ε:S:nature ο:L:position ο:S:nature α:S:unknown ι:L:position ω:L:nature αι:L:nature ι:S:lexicon ο:S:nature ε:L:position η:L:line_final,οὐρανὸν ὑψιμέδοντος ἀιστῶσαι Διὸς ἕδρην.
The Rape of Helen,1,52,True,LSSLLLSSLLLSSLL,LSSLLLSSLLLSSLL,0.0,1,1,,η:L:nature ε:S:nature ε:S:nature η:L:nature η:L:nature ε:L:position α:S:antepenult_accent υ:S:lexicon ο:L:position η:L:nature+position η:L:nature α:S:properispomenon ι:S:unknown α:L:position ει:L:line_final,"ἤθελεν ἠχήεντα πυρὸς πρηστῆρα τινάσσειν,"
The Rape of Helen,1,53,True,LLLSSLSSLSSLSSLL,LLLSSLSSLSSLSSLL,0.0,1,3,,η:L:nature αι:L:nature+position ω:L:nature υ:S:unknown ο:S:nature ει:L:nature ε:S:nature α:S:unknown αι:L:nature α:S:unknown ε:S:nature η:L:nature ε:S:nature ε:S:nature ου:L:nature α:L:lexicon,"Ἡφαίστῳ δ’ ὑπόεικεν ἀμαιμακέτη περ ἐοῦσα,"
The Rape of Helen,1,54,True,LSSLLLSSLLLSSLL,LSSLLLSSLLLSSLL,0.5,1,0,correption,αι:L:nature υ:S:lexicon ο:S:nature α:L:position ε:L:position οι:L:nature ο:S:nature αι:S:nature ο:L:position ευ:L:nature η:L:nature ι:S:properispomenon ι:S:lexicon η:L:nature ου:L:line_final,καὶ πυρὸς ἀσβέστοιο καὶ ὀπτευτῆρι σιδήρου.
The Rape of Helen,1,55,True,LSSLSSLSSLSSLSSLL,LSSLSSLSSLSSLSSLL,0.0,1,3,,αι:L:nature α:S:lexicon ε:S:nature ω:L:nature+position α:S:unknown υ:S:unknown ου:L:nature ο:S:nature ε:S:nature η:L:nature α:S:lexicon ο:S:nature ο:L:position ο:S:nature α:S:unknown α:L:position ει:L:line_final,"καὶ σακέων βαρύδουπον ἐμήσατο κόμπον ἀράσσειν,"
The Rape of Helen,1,56,True,LSSLLLSSLLLSSLL,LSSLLLSSLLLSSLL,0.0,1,1,,ει:L:nature ο:S:nature ε:S:nature ει:L:nature αι:L:nature ο:L:position ε:S:nature α:S:unknown α:L:position ω:L:nature+position οι:L:nature ε:S:nature ι:S:lexicon ω:L:nature η:L:line_final,εἴ ποτε δειμαίνοντες ἀναθρῴσκοιεν ἰωήν·
The Rape of Helen,1,57,True,LSSLSSLSSLSSLSSLL,LSSLSSLSSLSSLSSLL,0.5,1,2,correption,α:L:position α:S:lexicon αι:S:nature ο:L:position ο:S:nature ε:S:nature η:L:nature+position ο:S:nature ι:S:lexicon η:L:nature α:S:unknown ε:S:nature α:L:position α:S:unknown ο:S:nature ου:L:nature η:L:line_final,ἀλλά καὶ ὁπλοτέρης δολίης ἀνεχάσσατο βουλῆς
The Rape of Helen,1,58,True,LSSLLLSSLSSLSSLL,LSSLLLSSLSSLSSLL,0.0,1,3,,α:L:unknown ε:S:nature α:S:antepenult_accent ει:L:nature αι:L:nature ου:L:nature α:S:antepenult_accent ι:S:lexicon η:L:nature ε:S:nature ο:S:nature α:L:position ι:S:unknown ι:S:unknown ω:L:nature η:L:line_final,"Ἄρεα δειμαίνουσα, σιδήρεον ἀσπιδιώτην."
The Rape of Helen,1,59,True,LLLSSLSSLLLSSLL,LLLSSLSSLLLSSLL,0.0,1,2,,η:L:nature η:L:nature ε:L:position ε:S:nature ι:S:unknown ω:L:nature+position υ:S:unknown ε:S:nature ω:L:nature ε:L:position η:L:nature α:S:lexicon ο:S:nature η:L:nature ω:L:line_final,ἤδη δ’ Ἑσπερίδων χρυσέων ἐμνήσατο μήλων·
The Rape of Helen,1,60,True,LSSLSSLSSLSSLSSLL,LSSLSSLSSLSSLSSLL,1.0,1,0,cluster_short,ε:L:position ε:S:nature ε:S:nature ι:L:lexicon ο:S:nature ε:S:nature οι:L:nature ο:S:position ο:S:nature α:L:position ε:S:nature ο:S:nature ε:L:position ο:S:nature ε:S:nature ου:L:nature α:L:lexicon,"ἔνθεν Ἔρις, πολέμοιο προάγγελον ἔρνος ἑλοῦσα"
The Rape of Helen,1,61,True,LSSLLLLLSSLSSLL,LSSLLLLLSSLSSLL,0.0,1,1,,η:L:nature ο:S:nature α:S:unknown ι:L:position η:L:nature ω:L:nature ε:L:position α:L:position α:S:lexicon ο:S:nature η:L:nature ε:S:nature α:S:lexicon ο:L:position ω:L:line_final,"μῆλον, ἀριζήλων ἐφράσσατο δήνεα μόχθων."
The Rape of Helen,1,62,True,LSSLLLSSLLLSSLL,LSSLLLSSLLLSSLL,0.0,1,2,,ει:L:nature ι:S:lexicon ε:S:nature ι:L:unknown η:L:nature α:L:unknown α:S:antepenult_accent ο:S:nature ου:L:nature+position ω:L:nature ο:L:position ο:S:nature ο:S:nature α:L:position η:L:line_final,χειρὶ δὲ δινήσασα μόθου πρωτόσπορον ἀρχὴν
The Rape of Helen,1,63,True,LSSLLLSSLLLSSLL,LSSLLLSSLLLSSLL,0.0,1,0,,ε:L:position α:S:lexicon ι:S:lexicon η:L:nature ε:L:position ι:L:position ε:S:nature ο:S:nature ο:L:position ω:L:nature ι:L:lexicon ε:S:nature ε:S:nature α:L:lexicon ω:L:line_final,"ἐς θαλίην ἔρριψε, χορὸν δ’ ὤρινε θεάων."
The Rape of Helen,1,64,True,LLLSSLSSLSSLSSLL,LLLSSLSSLSSLSSLL,0.0,1,1,,η:L:nature η:L:nature ε:L:position α:S:lexicon α:S:lexicon οι:L:nature ι:S:lexicon α:S:unknown α:L:position ο:S:nature ε:S:nature η:L:nature ι:S:lexicon ο:S:nature ευ:L:nature η:L:line_final,Ἥρη μὲν παράκοιτις ἀγαλλομένη Διὸς εὐνῇ
The Rape of Helen,1,65,True,LSSLLLSSLSSLLLL,LSSLLLSSLSSLLLL,2.0,1,1,correption,ι:L:position α:S:lexicon ο:S:nature α:L:position η:L:nature α:L:unknown α:S:antepenult_accent αι:S:nature η:L:nature ε:S:nature ε:S:nature η:L:nature ι:L:position ε:L:position αι:L:line_final,ἵστατο θαμβήσασα καὶ ἤθελε ληίζεσθαι·
The Rape of Helen,1,66,True,LLLSSLSSLSSLSSLL,LLLSSLSSLSSLSSLL,0.0,1,4,,α:L:unknown α:L:unknown ω:L:nature+position α:S:paroxytone_short_ultima ε:S:nature υ:L:paroxytone_short_ultima ι:S:lexicon α:S:unknown ει:L:nature ο:S:nature ε:S:nature η:L:nature ε:S:nature α:S:unknown υι:L:nature α:L:properispomenon,πασάων δ’ ἅτε Κύπρις ἀρειοτέρη γεγαυῖα
The Rape of Helen,1,67,True,LSSLSSLSSLSSLSSLL,LSSLSSLSSLSSLSSLL,0.0,1,0,,η:L:nature ο:S:nature ε:S:nature ει:L:nature ε:S:nature ο:S:nature η:L:nature ε:S:nature ο:S:nature ι:L:lexicon ε:S:nature α:S:lexicon ε:L:position ι:S:lexicon ε:S:nature ω:L:nature ω:L:line_final,"μῆλον ἔχειν ἐπόθησεν, ὅτι κτέρας ἐστὶν Ἐρώτων·"
The Rape of Helen,1,68,True,LLLSSLSSLSSLSSLL,LLLSSLSSLSSLSSLL,0.5,1,1,correption,η:L:nature η:L:nature ου:L:nature ε:S:nature ε:S:nature η:L:nature ε:S:nature αι:S:nature ου:L:nature υ:S:unknown ο:S:nature ει:L:nature ε:S:nature α:S:lexicon η:L:nature η:L:line_final,Ἥρη δ’ οὐ μεθέηκε καὶ οὐχ ὑπόεικεν Ἀθήνη.
The Rape of Helen,1,69,True,LSSLLLSSLLLSSLL,LSSLLLSSLLLSSLL,0.0,1,1,,ευ:L:nature+position ε:S:nature ε:S:nature ω:L:nature+position αι:L:nature ει:L:nature ο:S:nature ι:S:lexicon ω:L:nature+position αι:L:nature αι:L:nature α:S:lexicon α:S:unknown ε:L:position α:L:line_final,Ζεὺς δὲ θεῶν καὶ νεῖκος ἰδὼν καὶ παῖδα καλέσσας
The Rape of Helen,1,70,True,LSSLLLSSLSSLLLL,LSSLLLSSLSSLLLL,2.5,1,2,override,οι:L:nature ο:S:nature υ:S:unknown ε:L:position η:L:nature+position ο:L:position α:S:antepenult_accent ο:S:nature ε:L:position ε:S:nature ε:S:nature ε:L:position α:L:unknown ω:L:nature α:L:antepenult_accent,τοῖον ὑφεδρήσσοντα προσέννεπεν Ἑρμάωνα·
The Rape of Helen,1,71,True,LSSLLLSSLLLSSLL,LSSLLLSSLLLSSLL,0.0,1,1,,ει:L:nature ι:S:lexicon α:S:lexicon ου:L:nature+position α:L:position οι:L:nature ο:S:nature α:S:lexicon ι:L:unknown αι:L:nature οι:L:nature ο:S:nature ε:S:nature ε:L:position οι:L:line_final,εἴ τινά που Ξάνθοιο παρ’ Ἰδαίοιο ῥεέθροις
The Rape of Helen,1,72,True,LSSLSSLSSLSSLLLL,LSSLSSLSSLSSLLLL,1.5,1,0,,αι:L:nature α:S:lexicon α:S:lexicon ι:L:lexicon ι:S:lexicon α:S:lexicon οι:L:nature ο:S:nature ο:S:nature α:L:position α:S:lexicon ο:S:nature η:L:nature η:L:nature η:L:nature α:L:properispomenon,"παῖδα Πάριν Πριάμοιο, τὸν ἀγλαὸν ἡβητῆρα,"
The Rape of Helen,1,73,True,LLLSSLSSLSSLSSLL,LLLSSLSSLSSLSSLL,0.0,1,0,,οι:L:nature η:L:nature+position ου:L:nature ο:S:nature ε:S:nature ο:L:position α:S:antepenult_accent α:S:lexicon ου:L:nature ε:S:nature α:S:lexicon ε:L:position ο:S:nature α:S:lexicon ου:L:nature ει:L:line_final,"Τροίης βουκολέοντα κατ’ οὔρεα, τέκνον, ἀκούεις,"
The Rape of Helen,1,74,True,LLLSSLSSLLLSSLL,LLLSSLSSLLLSSLL,0.0,1,2,,ει:L:nature ω:L:nature η:L:nature ο:S:nature ο:S:nature α:L:lexicon ε:S:nature ι:S:unknown α:L:position ι:L:unknown ει:L:nature+position ε:S:nature ε:S:nature α:L:lexicon ω:L:line_final,κείνῳ μῆλον ὄπαζε· διακρίνειν δὲ θεάων
The Rape of Helen,1,75,True,LSSLSSLSSLLLSSLL,LSSLSSLSSLLLSSLL,1.0,1,1,lexicon_overridden,ε:L:position ε:S:nature ο:S:nature αι:L:nature+position ε:S:nature α:S:lexicon ω:L:nature+position υ:S:unknown ο:S:nature η:L:nature+position αι:L:nature υ:L:paroxytone_short_ultima α:S:lexicon ο:S:nature ω:L:nature ω:L:line_final,κέκλεο καὶ βλεφάρων ξυνοχὴν καὶ κύκλα προσώπων.
The Rape of Helen,1,76,True,LSSLLLSSLSSLSSLL,LSSLLLSSLSSLSSLL,0.0,1,2,,η:L:nature ε:S:nature ι:S:unknown α:L:position ι:L:position ει:L:nature α:S:properispomenon ε:S:nature ει:L:nature+position ε:S:nature ι:S:unknown υ:L:position ο:S:nature ο:S:nature ω:L:nature η:L:line_final,ἡ δὲ διακρινθεῖσα φέρειν περίπυστον ὀπώρην
The Rape of Helen,1,77,True,LSSLSSLSSLLLSSLL,LSSLSSLSSLLLSSLL,0.0,1,1,,α:L:paroxytone_short_ultima ο:S:nature α:S:unknown ει:L:nature ο:S:nature ε:S:nature η:L:nature ε:S:nature ε:S:nature ω:L:nature αι:L:nature ο:L:position ο:S:nature ε:S:nature ω:L:nature ω:L:line_final,κάρτος ἀρειοτέρης ἐχέτω καὶ κόσμον Ἐρώτων.
The Rape of Helen,1,78,True,LSSLLLSSLSSLSSLL,LSSLLLSSLSSLSSLL,1.0,1,1,cluster_short,ω:L:nature ο:S:nature ε:S:nature ε:L:position α:L:unknown ω:L:nature ι:S:antepenult_accent α:S:lexicon η:L:nature ε:S:nature ε:S:nature ε:L:position ε:S:position ο:S:nature ι:L:lexicon ω:L:line_final,ὣς ὁ μὲν Ἑρμάωνι πατὴρ ἐπέτελλε Κρονίων·
The Rape of Helen,1,79,True,LSSLLLSSLSSLSSLL,LSSLLLSSLSSLSSLL,0.0,1,1,,αυ:L:nature α:S:lexicon ο:S:nature α:L:position ω:L:nature η:L:nature ι:S:antepenult_accent ε:S:nature η:L:nature ο:S:nature υ:S:unknown η:L:nature ι:S:antepenult_accent ι:S:lexicon η:L:nature α:L:lexicon,αὐτὰρ ὁ πατρῴῃσιν ἐφημοσύνῃσι πιθήσας
The Rape of Helen,1,80,True,LSSLSSLSSLSSLSSLL,LSSLSSLSSLSSLSSLL,0.5,1,0,correption,ει:L:nature ο:S:nature ο:S:nature η:L:nature ε:S:nature ο:S:nature ευ:L:nature ε:S:nature αι:S:nature ου:L:nature α:S:lexicon ε:S:nature η:L:nature ε:S:nature ε:S:nature α:L:lexicon ω:L:line_final,εἰς ὁδὸν ἡγεμόνευε καὶ οὐκ ἀμέλησε θεάων.
The Rape of Helen,1,81,True,LSSLSSLSSLSSLSSLL,LSSLSSLSSLSSLSSLL,0.5,1,1,correption,α:L:lexicon α:S:lexicon ε:S:nature ω:L:nature ι:S:unknown ε:S:nature η:L:nature+position αι:S:nature α:S:lexicon ει:L:nature ο:S:nature α:S:lexicon ι:L:position ε:S:nature ο:S:nature ο:L:position η:L:line_final,πᾶσα δὲ λωιτέρην καὶ ἀμείνονα δίζετο μορφήν.
The Rape of Helen,1,82,True,LLLSSLSSLLLSSLL,LLLSSLSSLLLSSLL,0.0,1,2,,υ:L:paroxytone_short_ultima ι:L:lexicon ε:L:position ο:S:nature ο:S:nature η:L:nature ι:S:antepenult_accent α:S:unknown α:L:position υ:L:position α:L:unknown α:S:antepenult_accent α:S:lexicon υ:L:position η:L:line_final,Κύπρις μὲν δολόμητις ἀναπτύξασα καλύπτρην
The Rape of Helen,1,83,True,LSSLSSLSSLLLSSLL,LSSLSSLSSLLLSSLL,0.0,1,4,,αι:L:nature ε:S:nature ο:S:nature η:L:nature+position υ:S:unknown ο:S:nature ε:L:position α:S:antepenult_accent ι:S:unknown α:L:position η:L:nature α:L:unknown α:S:antepenult_accent ο:S:nature α:L:unknown ω:L:line_final,λαὶ περόνην θυόεντα διαστήσασα κομάων
The Rape of Helen,1,84,True,LLLSSLLLLLSSLL,LLLSSLLLLLSSLL,0.0,1,1,,υ:L:lexicon ω:L:nature ε:L:position ο:S:nature α:S:lexicon ου:L:nature+position υ:L:lexicon ω:L:nature ε:L:position ε:L:position α:S:unknown ο:S:nature αι:L:nature η:L:line_final,"χρυσῷ μὲν πλοκάμους, χρυσῷ δ’ ἐστέψατο χαίτην."
The Rape of Helen,1,85,True,LSSLSSLSSLLLSSLL,LSSLSSLSSLLLSSLL,0.0,1,2,,οι:L:nature α:S:lexicon ε:S:nature αι:L:nature α:S:lexicon ε:S:nature ω:L:nature α:S:antepenult_accent α:S:unknown η:L:nature υ:L:unknown η:L:nature ε:S:nature ι:S:lexicon ου:L:nature α:L:lexicon,τοῖα δὲ παῖδας Ἔρωτας ἀνηΰτησεν ἰδοῦσα·
The Rape of Helen,1,86,True,LSSLSSLSSLLLSSLL,LSSLSSLSSLLLSSLL,0.0,1,1,,ε:L:position υ:S:lexicon α:S:lexicon ω:L:nature+position ι:S:lexicon α:S:lexicon ε:L:position α:S:lexicon ε:S:nature ι:L:position υ:L:position α:L:position ε:S:nature ι:S:unknown η:L:nature η:L:line_final,"ἐγγὺς ἀγών, φίλα τέκνα· περιπτύξασθε τιθήνην."
The Rape of Helen,1,87,True,LSSLSSLSSLLLSSLL,LSSLSSLSSLLLSSLL,1.0,1,2,override,η:L:nature ε:S:nature ο:S:nature α:L:position α:S:lexicon ι:S:lexicon αι:L:nature ε:S:nature ι:S:unknown α:L:position ι:L:unknown ου:L:nature ι:S:antepenult_accent ο:S:nature ω:L:nature ω:L:line_final,σήμερον ἀγλαΐαι με διακρίνουσι προσώπων·
The Rape of Helen,1,88,True,LLLSSLSSLSSLSSLL,LLLSSLSSLSSLSSLL,0.0,1,2,,ει:L:nature αι:L:nature ω:L:nature ι:S:unknown ι:S:unknown η:L:nature ο:S:nature ο:S:nature ου:L:nature ο:S:nature ο:S:nature ου:L:nature ο:S:nature ο:S:nature α:L:position ει:L:line_final,"δειμαίνω, τίνι μῆλον ὁ βουκόλος οὗτος ὀπάσσει."
The Rape of Helen,1,89,True,LLLSSLSSLSSLSSLL,LLLSSLSSLSSLSSLL,0.0,1,1,,η:L:nature η:L:nature+position ε:L:position α:S:lexicon ι:S:lexicon ω:L:nature ι:S:lexicon ε:S:nature η:L:nature ε:S:nature ε:S:nature ου:L:nature ι:S:antepenult_accent ι:S:unknown η:L:nature η:L:line_final,"Ἥρην μὲν Χαρίτων ἱερὴν ἐνέπουσι τιθήνην,"
The Rape of Helen,1,90,True,LSSLSSLSSLLLSSLL,LSSLSSLSSLLLSSLL,0.0,1,2,,α:L:lexicon ι:S:lexicon ε:S:nature οι:L:nature α:S:unknown ι:S:unknown η:L:nature+position ε:S:nature ε:S:nature ει:L:nature+position αι:L:nature+position η:L:nature+position α:S:lexicon υ:S:lexicon α:L:position ει:L:line_final,φασὶ δὲ κοιρανίην μεθέπειν καὶ σκῆπτρα φυλάσσειν·
The Rape of Helen,1,91,True,LSSLSSLSSLSSLSSLL,LSSLSSLSSLSSLSSLL,0.0,1,2,,αι:L:nature ο:S:nature ε:S:nature ω:L:nature+position α:S:unknown ι:S:unknown ει:L:nature α:S:antepenult_accent α:S:lexicon ει:L:nature α:S:lexicon ε:S:nature ου:L:nature ι:S:lexicon α:S:lexicon η:L:nature η:L:line_final,καὶ πολέμων βασίλειαν ἀεὶ καλέουσιν Ἀθήνην·
The Rape of Helen,1,92,True,LLLSSLSSLSSLSSLL,LLLSSLSSLSSLSSLL,2.0,1,0,lexicon_overridden,ου:L:nature η:L:nature υ:L:paroxytone_short_ultima ι:S:lexicon α:S:lexicon α:L:position ι:S:lexicon ε:S:nature η:L:nature+position ε:S:nature ο:S:nature ου:L:nature α:S:lexicon ι:S:lexicon η:L:nature ω:L:line_final,μούνη Κύπρις ἄναλκις ἔην θεός. οὐ βασιλήων
The Rape of Helen,1,93,True,LSSLLLSSLSSLSSLL,LSSLLLSSLSSLSSLL,0.0,1,2,,οι:L:nature α:S:unknown ι:S:unknown η:L:nature ου:L:nature ε:L:position ο:S:nature α:S:lexicon η:L:nature ι:S:lexicon ο:S:nature ου:L:nature ε:S:nature ο:S:nature ε:L:position ω:L:line_final,"κοιρανίην, οὐκ ἔγχος ἀρήιον, οὐ βέλος ἕλκω."
The Rape of Helen,1,94,True,LSSLLLSSLSSLSSLL,LSSLLLSSLSSLSSLL,0.0,1,0,,α:L:position α:S:lexicon ι:S:lexicon ει:L:nature αι:L:nature ω:L:nature ε:S:nature ι:S:lexicon ω:L:nature ι:S:lexicon ο:S:nature α:L:position ι:S:lexicon ε:S:nature αι:L:nature+position η:L:line_final,ἀλλὰ τί δειμαίνω περιώσιον ἀντὶ μὲν αἰχμῆς
The Rape of Helen,1,95,True,LSSLSSLSSLSSLSSLL,LSSLSSLSSLSSLSSLL,0.0,1,0,,ω:L:nature+position ο:S:nature ο:S:nature ε:L:position ο:S:nature ε:S:nature ου:L:nature α:S:lexicon ε:S:nature ι:L:position ο:S:nature α:S:lexicon ε:L:position ο:S:nature ε:S:nature ω:L:nature ω:L:line_final,ὡς θοὸν ἔγχος ἔχουσα μελίφρονα δεσμὸν ἐρώτων;
The Rape of Helen,1,96,True,LSSLLLSSLLLSSLL,LSSLLLSSLLLSSLL,0.0,1,1,,ε:L:position ο:S:nature ε:S:nature ω:L:nature αι:L:nature ε:L:position ο:S:nature α:S:lexicon ω:L:nature αι:L:nature ο:L:position ο:S:nature α:S:unknown ει:L:nature ω:L:line_final,"κεστὸν ἔχω καἰ κέντρον ἄγω καὶ τόξον ἀείρω,"
The Rape of Helen,1,97,True,LSSLSSLSSLSSLSSLL,LSSLSSLSSLSSLSSLL,0.0,1,0,,ε:L:position ο:S:nature ο:S:nature ε:L:position ι:S:lexicon ο:S:nature η:L:nature ο:S:nature ε:S:nature η:L:nature ε:S:nature ο:S:nature οι:L:nature+position ο:S:nature ε:S:nature ου:L:nature αι:L:line_final,"κεστόν, ὅθεν φιλότητος ἐμῆς ἐμὸν οἶστρον ἑλοῦσαι"
The Rape of Helen,1,98,True,LSSLLLSSLLLSSLL,LSSLLLSSLLLSSLL,0.5,1,1,correption,ο:L:position α:S:lexicon ι:S:lexicon ω:L:nature ι:L:unknown ου:L:nature ι:S:antepenult_accent αι:S:nature ου:L:nature+position η:L:nature+position ου:L:nature ι:S:antepenult_accent υ:S:lexicon αι:L:nature ε:L:line_final,πολλάκις ὠδίνουσι καὶ οὐ θνῄσκουσι γυναῖκες.
The Rape of Helen,1,99,True,LSSLSSLSSLSSLSSLL,LSSLSSLSSLSSLSSLL,0.0,1,0,,οι:L:nature ο:S:nature ε:S:nature ε:L:position ο:S:nature ε:S:nature η:L:nature ο:S:nature ο:S:nature α:L:position υ:S:lexicon ο:S:nature ε:L:position ε:S:nature ε:S:nature υ:L:paroxytone_short_ultima ι:L:lexicon,τοῖον ἐφεσπομένη ῥοδοδάκτυλος ἔννεπε Κύπρις.
The Rape of Helen,1,100,True,LSSLLLSSLSSLSSLL,LSSLLLSSLSSLSSLL,0.0,1,3,,οι:L:nature α:S:lexicon α:S:lexicon η:L:nature+position ω:L:nature η:L:nature ε:S:nature α:S:unknown η:L:nature α:S:unknown ι:S:unknown ο:L:position ε:S:nature ε:S:nature ε:L:position η:L:line_final,οἱ δ’ ἄρα μητρῴης ἐρατῆς ἀίοντες ἐφετμῆς
The Rape of Helen,1,101,True,LLLSSLSSLLLSSLL,LLLSSLSSLLLSSLL,0.0,1,1,,οι:L:nature η:L:nature η:L:nature ε:S:nature ε:S:nature ω:L:nature ε:S:nature ε:S:nature ε:L:position ω:L:nature ο:L:position ο:S:nature ι:S:unknown η:L:nature η:L:line_final,φοιτητῆρες Ἔρωτες ἐπερρώοντο τιθήνῃ.
The Rape of Helen,1,102,True,LSSLLLSSLSSLSSLL,LSSLLLSSLSSLSSLL,0.0,1,4,,α:L:position ι:S:unknown ε:S:nature ι:L:unknown αι:L:nature η:L:nature υ:S:unknown ε:S:nature ε:L:position α:S:unknown ο:S:nature ου:L:nature ε:S:nature ο:S:nature α:L:position η:L:line_final,"ἄρτι μὲν Ἰδαίην ὑπερέδραμον οὔρεος ἄκρην,"
The Rape of Helen,1,103,True,LSSLLLSSLLLSSLL,LSSLLLSSLLLSSLL,0.0,1,1,,ε:L:position α:S:lexicon ι:S:unknown ο:L:position η:L:nature ε:L:position ο:S:nature υ:S:lexicon ο:L:position η:L:nature ω:L:nature ο:S:nature ε:S:nature ι:L:position η:L:line_final,ἔνθα λιθοκρήδεμνον ὑπὸ πρηῶνος ἐρίπνην
The Rape of Helen,1,104,True,LLLSSLSSLLLSSLL,LLLSSLSSLLLSSLL,0.0,1,1,,ου:L:nature ι:L:position ω:L:nature ε:S:nature ο:S:nature ευ:L:nature ε:S:nature α:S:lexicon ι:L:lexicon α:L:position ω:L:nature ι:S:unknown α:S:antepenult_accent η:L:nature α:L:lexicon,κουρίζων ἐνόμευε Πάρις πατρώια μῆλα.
The Rape of Helen,1,105,True,LLLSSLSSLSSLSSLL,LLLSSLSSLSSLSSLL,0.0,1,1,,οι:L:nature αι:L:nature ω:L:nature+position ε:S:nature α:S:lexicon ε:L:position ε:S:nature ε:S:nature ι:L:lexicon ο:S:nature ο:S:nature η:L:nature ι:S:properispomenon α:S:unknown αυ:L:nature ου:L:line_final,ποιμαίνων δ’ ἑκάτερθεν ἐπὶ προχοῇσιν ἀναύρου
The Rape of Helen,1,106,True,LSSLSSLSSLLLSSLL,LSSLSSLSSLLLSSLL,0.0,1,0,,ο:L:position ι:S:lexicon ε:S:nature α:L:lexicon ο:S:nature ε:S:nature ω:L:nature α:S:lexicon ε:S:nature η:L:nature+position ε:L:position α:L:position ε:S:nature ο:S:nature αυ:L:nature ω:L:line_final,"νόσφι μέν ἀγρομένων ἀγέλην πεμπάζετο ταύρων,"
The Rape of Helen,1,107,True,LSSLSSLSSLSSLSSLL,LSSLSSLSSLSSLSSLL,0.0,1,1,,ο:L:position ι:S:lexicon ε:S:nature ο:L:position ο:S:nature ε:S:nature ω:L:nature+position ι:S:unknown ε:S:nature ε:L:position ε:S:nature ε:S:nature ω:L:nature ε:S:nature α:S:lexicon η:L:nature ω:L:line_final,νόσφι δὲ βοσκομένων διεμέτρεε πώεα μήλων·
The Rape of Helen,1,108,True,LSSLLLSSLSSLSSLL,LSSLLLSSLSSLSSLL,0.0,1,0,,αι:L:nature ι:S:lexicon ο:S:nature ε:L:position αυ:L:nature οι:L:nature ο:S:nature ο:S:nature η:L:nature ε:S:nature ο:S:nature ι:L:position ε:S:nature ι:S:lexicon αι:L:nature η:L:line_final,καί τις ὀρεσσαύλοιο δορὴ μετόπισθε χιμαίρης
The Rape of Helen,1,109,True,LSSLLLSSLLLSSLL,LSSLLLSSLLLSSLL,0.5,1,0,correption,ε:L:position ε:S:nature ε:S:nature η:L:nature ω:L:nature η:L:nature ο:S:nature αι:S:nature αυ:L:nature ω:L:nature η:L:nature+position ε:S:nature ο:S:nature η:L:nature ω:L:line_final,"ἐκκρεμὲς ᾐώρητο καὶ αὐτῶν ἥπτετο μηρῶν,"
The Rape of Helen,1,110,True,LSSLSSLSSLSSLSSLL,LSSLSSLSSLSSLSSLL,0.0,1,4,,οι:L:nature ε:S:nature ι:S:unknown η:L:nature α:S:unknown ε:S:nature ει:L:nature ο:S:nature ο:S:nature ω:L:nature ε:S:nature α:S:unknown ει:L:nature α:S:antepenult_accent α:S:unknown αυ:L:nature ο:L:line_final,"ποιμενίη δ’ ἀπέκειτο, βοῶν ἐλάτειρα, καλαῦροψ,"
The Rape of Helen,1,111,True,LSSLLLSSLSSLSSLL,LSSLLLSSLSSLSSLL,0.0,1,0,,οι:L:nature ο:S:nature ε:S:nature ει:L:nature υ:L:lexicon ι:L:position ο:S:nature ε:S:nature η:L:nature ε:S:nature α:S:lexicon αι:L:nature ο:S:nature ο:S:nature ευ:L:nature ω:L:line_final,"τοῖος ἐπεὶ σύριγγος, ἐς ἤθεα βαιὸν ὁδεύων,"
The Rape of Helen,1,112,True,LSSLSSLSSLSSLSSLL,LSSLSSLSSLSSLSSLL,0.0,1,2,,α:L:position ο:S:nature ε:S:nature ω:L:nature+position α:S:unknown α:S:unknown ω:L:nature+position ι:S:lexicon υ:S:lexicon η:L:nature ε:S:nature ι:S:lexicon ω:L:nature ε:S:nature α:S:lexicon οι:L:nature η:L:line_final,ἀγροτέρων καλάμων λιγυρὴν ἐδίωκεν ἀοιδήν·
The Rape of Helen,1,113,True,LSSLSSLSSLLLSSLL,LSSLSSLSSLLLSSLL,0.0,1,0,,ο:L:position α:S:lexicon ι:S:lexicon οι:L:nature ο:S:nature ο:S:nature οι:L:nature ι:S:lexicon ε:S:nature ι:L:lexicon α:L:position οι:L:nature ι:S:lexicon α:S:lexicon ει:L:nature ω:L:line_final,πολλάκι δ’ οἰοπόλοισιν ἐνὶ σταθμοῖσιν ἀείδων
The Rape of Helen,1,114,True,LLLSSLSSLLLSSLL,LLLSSLSSLLLSSLL,0.5,1,0,correption,αι:L:nature αυ:L:nature ω:L:nature α:S:lexicon ε:S:nature η:L:nature ε:S:nature αι:S:nature ου:L:nature ε:L:position α:L:position ε:S:nature ο:S:nature η:L:nature ω:L:line_final,καὶ ταύρων ἀμέλησε καὶ οὐκ ἐμπάζετο μήλων·
The Rape of Helen,1,115,True,LSSLLLSSLSSLSSLL,LSSLLLSSLSSLSSLL,0.0,1,1,,ε:L:position ε:S:nature ε:S:nature ω:L:nature+position υ:L:unknown ι:L:position α:S:antepenult_accent α:S:lexicon η:L:nature ε:S:nature α:S:lexicon α:L:lexicon α:S:lexicon ο:S:nature η:L:nature ω:L:line_final,ἔνθεν ἔχων σύριγγα κατ’ ἤθεα καλὰ νομήων
The Rape of Helen,1,116,True,LSSLLLSSLSSLSSLL,LSSLLLSSLSSLSSLL,1.5,1,4,correption,α:L:unknown ι:S:unknown αι:S:nature ε:L:position α:L:unknown ω:L:nature ι:S:antepenult_accent ι:S:lexicon η:L:nature α:S:unknown ε:S:nature α:L:position ε:S:nature ο:S:nature ο:L:position η:L:line_final,Πανὶ καὶ Ἑρμάωνι φίλην ἀνεβάλλετο μολπήν·
The Rape of Helen,1,117,True,LSSLLLSSLLLSSLL,LSSLLLSSLLLSSLL,0.5,1,3,correption,ου:L:nature υ:S:lexicon ε:S:nature ω:L:nature υ:L:unknown ο:L:position ο:S:nature αι:S:nature ου:L:nature υ:L:unknown η:L:nature α:S:unknown ο:S:nature αυ:L:nature ο:L:line_final,"οὐ κύνες ὠρύοντο καὶ οὐ μυκήσατο ταῦρος,"
The Rape of Helen,1,118,True,LLLSSLSSLSSLSSLL,LLLSSLSSLSSLSSLL,0.0,1,2,,ου:L:nature η:L:nature η:L:nature ε:S:nature ο:S:nature ε:L:position α:S:antepenult_accent ο:S:nature η:L:nature α:S:unknown ι:S:unknown α:L:position ο:S:nature ε:S:nature ου:L:nature α:L:lexicon,"μούνη δ’ ἠνεμόεσσα, βοῆς ἀδίδακτος ἐοῦσα,"
The Rape of Helen,1,119,True,LLLSSLLLSSLSSLL,LLLSSLLLSSLSSLL,0.0,1,0,,ι:L:lexicon αι:L:nature ω:L:nature ο:S:nature ε:S:nature ω:L:nature α:L:position ι:L:position ο:S:nature ο:S:nature ι:L:lexicon α:S:lexicon ε:S:nature η:L:nature ω:L:line_final,Ἰδαίων ὀρέων ἀντίθροος ἴαχεν Ἠχώ.
The Rape of Helen,1,120,True,LLLSSLSSLSSLSSLL,LLLSSLSSLSSLSSLL,0.0,1,1,,αυ:L:nature οι:L:nature ε:L:position ο:S:nature ε:S:nature η:L:nature+position ε:S:nature ο:S:nature η:L:nature ο:S:nature ε:S:nature υ:L:position ο:S:nature ι:S:unknown οι:L:nature η:L:line_final,"ταῦροι δὲ χλοερῆς κεκορηότες ὑψόθι ποίης,"
The Rape of Helen,1,121,True,LSSLSSLSSLSSLLLL,LSSLSSLSSLSSLLLL,1.5,1,2,,ε:L:position ι:S:lexicon ε:S:nature οι:L:nature α:S:unknown υ:S:unknown ου:L:nature ο:S:nature ε:S:nature ι:L:position ι:S:lexicon ο:S:nature ευ:L:nature α:L:position ο:L:position ο:L:line_final,κεκλιμένοι βαρύγουνον ἐπ’ ἰσχίον εὐνάζοντο.
The Rape of Helen,1,122,True,LSSLSSLSSLSSLSSLL,LSSLSSLSSLSSLSSLL,0.0,1,1,,ω:L:nature ο:S:nature ε:S:nature υ:L:position ο:S:nature ο:S:nature οι:L:nature ο:S:nature υ:S:lexicon ω:L:nature υ:S:lexicon ε:S:nature ε:L:position ε:S:nature α:S:unknown υ:L:position η:L:line_final,ὣς ὁ μὲν ὑψορόφοιο φυτῶν ὑπένερθε καλύπτρης
The Rape of Helen,1,123,True,LSSLLLSSLSSLSSLL,LSSLLLSSLSSLSSLL,0.0,1,2,,η:L:nature ο:S:nature ε:S:nature ε:L:position α:L:unknown ω:L:nature α:S:antepenult_accent ι:S:lexicon α:L:position ο:S:nature ο:S:nature ει:L:nature ε:S:nature ι:S:unknown αι:L:nature ω:L:line_final,τηλόθεν Ἑρμάωνα διάκτορον εἶδε λιγαίνων.
The Rape of Helen,1,124,True,LLLSSLSSLSSLSSLL,LLLSSLSSLSSLSSLL,0.0,1,0,,ει:L:nature αι:L:nature ω:L:nature+position α:S:lexicon ο:S:nature ου:L:nature ε:S:nature ε:S:nature ω:L:nature+position α:S:lexicon ε:S:nature ει:L:nature ε:S:nature ο:S:nature ω:L:nature η:L:line_final,"δειμαίνων δ’ ἀνόρουσε, θεῶν δ’ ἀλέεινεν ὀπωπήν·"
The Rape of Helen,1,125,True,LSSLSSLSSLSSLSSLL,LSSLSSLSSLSSLSSLL,0.0,1,2,,αι:L:nature ο:S:nature ο:S:nature ευ:L:nature ε:S:nature α:S:unknown ω:L:nature+position ο:S:nature α:S:unknown ω:L:nature ε:S:nature ι:S:lexicon η:L:nature ο:S:nature ε:S:nature ει:L:nature α:L:lexicon,καὶ χορὸν εὐκελάδων δονάκων ἐπὶ φηγὸν ἐρείσας
The Rape of Helen,1,126,True,LLLSSLSSLSSLSSLL,LLLSSLSSLSSLSSLL,0.0,1,2,,η:L:nature ω:L:nature ο:L:position α:S:lexicon α:S:unknown ου:L:nature α:S:properispomenon ε:S:nature η:L:nature α:S:unknown ε:S:nature ο:L:position ε:S:nature α:S:lexicon οι:L:nature η:L:line_final,μήπω πολλὰ καμοῦσαν ἑὴν ἀνέκοπτεν ἀοιδήν.
The Rape of Helen,1,127,True,LLLLLLLLLLLL,LLLLLLLLLLLL,9.0,1,0,lexicon_overridden;metrical_lengthening;override,οι:L:nature α:L:lexicon ε:L:nature ει:L:nature αι:L:nature ο:L:position α:L:antepenult_accent ε:L:position ε:L:nature ο:L:nature ε:L:position η:L:line_final,τοῖα δὲ δειμαίνοντα θέσκελος Ἑρμῆς·
The Rape of Helen,1,128,True,LSSLLLLLSSLSSLL,LSSLLLLLSSLSSLL,0.0,1,1,,αυ:L:nature ο:S:nature α:S:unknown ο:L:position ι:L:position α:L:position αι:L:nature ω:L:nature ε:S:nature α:S:lexicon α:L:lexicon α:S:lexicon ε:S:nature η:L:nature α:L:line_final,γαῦλον ἀπορρίψας καὶ πώεα καλὰ μεθήσας
The Rape of Helen,1,129,True,LSSLLLSSLSSLSSLL,LSSLLLSSLSSLSSLL,0.0,1,3,,ευ:L:nature ο:S:nature ε:S:nature ι:L:position ευ:L:nature ει:L:nature α:S:antepenult_accent ε:S:nature ου:L:nature α:S:unknown ι:S:unknown η:L:nature ι:S:antepenult_accent ι:S:unknown α:L:position ω:L:line_final,δεῦρο θεμιστεύσειας ἐπουρανίῃσι δικάζων·
The Rape of Helen,1,130,True,LSSLLLSSLSSLSSLL,LSSLLLSSLSSLSSLL,0.0,1,2,,ευ:L:nature ο:S:nature ι:S:unknown α:L:position ι:L:unknown ω:L:nature+position ο:S:nature ε:S:nature ε:L:position ε:S:nature ο:S:nature ει:L:nature ο:S:nature ο:S:nature ω:L:nature η:L:line_final,δεῦρο διακρίνων προφερέστερον εἶδος ὀπωπῆς
The Rape of Helen,1,131,True,LSSLSSLSSLSSLSSLL,LSSLSSLSSLSSLSSLL,0.0,1,0,,αι:L:nature+position ο:S:nature ε:S:nature η:L:nature ο:S:nature ε:S:nature η:L:nature ο:S:nature ε:S:nature η:L:nature α:S:lexicon ο:S:nature ε:L:position ο:S:nature ο:S:nature α:L:paroxytone_short_ultima αι:L:line_final,"φαιδροτέρῃ τόδε μῆλον, ἐπήρατον ἔρνος, ὀπάσσαις."
The Rape of Helen,1,132,True,LSSLLLSSLSSLSSLL,LSSLLLSSLSSLSSLL,0.0,1,3,,οι:L:nature ο:S:nature α:S:unknown η:L:nature υ:L:unknown η:L:nature ε:S:nature ο:S:nature η:L:nature ι:S:lexicon ο:S:nature ο:L:position α:S:unknown α:S:lexicon υ:L:lexicon α:L:lexicon,τοῖον ἀνηΰτησεν· ὁ δ’ ἤπιον ὄμμα τανύσσας
The Rape of Helen,1,133,True,LSSLLLLLSSLSSLL,LSSLLLLLSSLSSLL,0.0,1,3,,η:L:nature α:S:lexicon ι:S:unknown α:L:position ι:L:unknown ει:L:nature+position ει:L:nature η:L:nature α:S:unknown ο:S:nature α:L:paroxytone_short_ultima ο:S:nature ε:S:nature α:L:position η:L:line_final,ἦκα διακρίνειν πειρήσατο κάλλος ἑκάστης.
The Rape of Helen,1,134,True,LSSLLLSSLSSLSSLL,LSSLLLSSLSSLSSLL,0.0,1,1,,ε:L:position ε:S:nature ο:S:nature ε:L:position αυ:L:nature ω:L:nature+position ε:S:nature α:S:lexicon ω:L:nature+position ε:S:nature α:S:lexicon ε:L:position α:S:unknown ε:S:nature ει:L:nature η:L:line_final,"δέρκετο μὲν γλαυκῶν βλεφάρων σέλας, ἔδρακε δειρὴν"
The Rape of Helen,1,135,True,LLLSSLLLSSLSSLL,LLLSSLLLSSLSSLL,0.0,1,0,,υ:L:lexicon ω:L:nature αι:L:nature α:S:lexicon ε:S:nature η:L:nature ε:L:position α:L:position α:S:lexicon ο:S:nature ο:L:position ο:S:nature ε:S:nature α:L:position η:L:line_final,"χρυσῷ δαιδαλέην, ἐφράσσατο κόσμον ἑκάστης"
The Rape of Helen,1,136,True,LSLLSSLSLLLLSSLL,LSLLSSLSLLLLSSLL,99.0,0,1,unmetrical,αι:L:nature ι:S:unknown ε:L:position η:L:nature+position ε:S:nature ο:S:nature ι:L:position ε:S:nature αι:L:nature αυ:L:nature ω:L:nature ι:L:position ι:S:lexicon α:S:lexicon α:L:position ω:L:line_final,καὶ πιέρνης μετόπισθε καὶ αὐτῶν ἴχνια ταρσῶν.
The Rape of Helen,1,137,True,LLLSSLSSLSSLSSLL,LLLSSLSSLSSLSSLL,0.0,1,1,,ει:L:nature ω:L:nature+position ει:L:nature ι:S:unknown ο:S:nature ω:L:nature+position α:S:antepenult_accent ι:S:lexicon η:L:nature+position ο:S:nature α:S:lexicon οι:L:nature ε:S:nature ε:S:nature ου:L:nature α:L:lexicon,χειρῶν μειδιόωντα δίκης προπάροιθεν ἑλοῦσα
The Rape of Helen,1,138,True,LSSLLLLLSSLSSLL,LSSLLLLLSSLSSLL,0.0,1,0,,οι:L:nature ο:S:nature α:S:lexicon ε:L:position α:L:position ω:L:nature υ:L:lexicon η:L:nature α:S:lexicon ο:S:nature υ:L:lexicon ο:S:nature α:S:lexicon η:L:nature η:L:line_final,τοῖον Ἀλεξάνδρῳ μυθήσατο μῦθον Ἀθήνη·
The Rape of Helen,1,139,True,LSSLSSLSSLSSLSSLL,LSSLSSLSSLSSLSSLL,0.0,1,1,,ευ:L:nature ο:S:nature ε:S:nature ο:L:position ι:S:lexicon α:S:lexicon οι:L:nature ο:S:nature ι:S:lexicon ο:L:position α:S:lexicon α:S:lexicon οι:L:nature ι:S:lexicon ε:S:nature α:L:unknown α:L:line_final,"δεῦρο, τέκος Πριάμοιο, Διὸς παράκοιτιν ἐάσας"
The Rape of Helen,1,140,True,LSSLSSLSSLLLSSLL,LSSLSSLSSLLLSSLL,1.0,1,5,lexicon_overridden,αι:L:nature α:S:lexicon α:S:lexicon ω:L:nature+position α:S:unknown ι:S:unknown ει:L:nature α:S:antepenult_accent α:S:unknown ι:L:unknown η:L:nature α:L:unknown α:S:lexicon ο:S:nature ι:L:lexicon η:L:line_final,καὶ θαλάμων βασίλειαν ἀτιμήσας Ἀφροδίτην
The Rape of Helen,1,141,True,LSSLSSLSSLLLSSLL,LSSLSSLSSLLLSSLL,0.0,1,1,,η:L:nature ο:S:nature ε:S:nature η:L:nature ε:S:nature ι:S:unknown ου:L:nature ο:S:nature ε:S:nature αι:L:nature η:L:nature ει:L:nature α:S:antepenult_accent α:S:lexicon η:L:nature η:L:line_final,ἠνορέης ἐπίκουρον ἐπαινήσειας Ἀθήνην.
The Rape of Helen,1,142,True,LSSLSSLLLSSLSSLL,LSSLSSLLLSSLSSLL,0.0,1,4,,α:L:unknown ι:S:unknown ε:S:nature οι:L:nature α:S:unknown ε:S:nature ει:L:nature+position αι:L:nature+position ω:L:nature ι:S:unknown ο:S:nature α:L:paroxytone_short_ultima υ:S:lexicon υ:S:lexicon α:L:position ει:L:line_final,φασί σε κοιρανέειν καὶ Τρώιον ἄστυ φυλάσσειν·
The Rape of Helen,1,143,True,LSSLSSLSSLSSLSSLL,LSSLSSLSSLSSLSSLL,0.0,1,1,,ευ:L:nature ο:S:nature ε:S:nature ει:L:nature ο:S:nature ε:S:nature οι:L:nature ι:S:antepenult_accent α:S:unknown ο:L:position ο:S:nature ι:S:antepenult_accent α:L:lexicon α:S:lexicon ι:S:lexicon η:L:nature ω:L:line_final,"δεῦρό σε τειρομένοισι σαόπτολιν ἀνδράσι θήσω,"
The Rape of Helen,1,144,True,LSSLSSLSSLLLSSLL,LSSLSSLSSLLLSSLL,0.0,1,3,,η:L:nature ο:S:nature ε:S:nature οι:L:nature α:S:unknown υ:S:unknown η:L:nature ι:S:antepenult_accent ε:S:nature ι:L:position ι:L:unknown ει:L:nature ε:S:nature ε:S:nature υ:L:lexicon ω:L:line_final,μή ποτέ σοι βαρύμηνις ἐπιβρίσειεν Ἐνυώ.
The Rape of Helen,1,145,True,LSSLSSLSSLSSLSSLL,LSSLSSLSSLSSLSSLL,0.5,1,1,correption,ει:L:nature ε:S:nature ο:S:nature αι:L:nature ο:S:nature ε:S:nature ου:L:nature+position ε:S:nature αι:S:nature η:L:nature ο:S:nature ε:S:nature η:L:nature+position ε:S:nature ι:S:unknown α:L:position ω:L:line_final,"πείθεο, καὶ πολέμους τε καὶ ἠνορέην σε διδάξω."
The Rape of Helen,1,146,True,LLLSSLSSLLLSSLL,LLLSSLSSLLLSSLL,0.0,1,2,,ω:L:nature η:L:nature ε:L:position ο:S:nature υ:S:lexicon η:L:nature ι:S:lexicon α:S:unknown η:L:nature υ:L:unknown η:L:nature ε:S:nature α:S:lexicon η:L:nature η:L:line_final,ὣς ἡ μὲν πολύμητις ἀνηΰτησεν Ἀθήνη.
The Rape of Helen,1,147,True,LSSLLLLLSSLSSLL,LSSLLLLLSSLSSLL,0.0,1,0,,οι:L:nature α:S:lexicon υ:S:lexicon ο:L:position η:L:nature η:L:nature+position ευ:L:nature ω:L:nature ε:S:nature ο:S:nature ε:L:position ε:S:nature ε:S:nature η:L:nature η:L:line_final,τοῖα δ’ ὑποβλήδην λευκώλενος ἔννεπεν Ἥρη·
The Rape of Helen,1,148,True,LSSLLLSSLSSLSSLL,LSSLLLSSLSSLSSLL,0.0,1,2,,ει:L:nature ε:S:nature ι:S:unknown α:L:position ι:L:unknown ω:L:nature+position ο:S:nature ε:S:nature ε:L:position ε:S:nature ο:S:nature ε:L:position ο:S:nature ο:S:nature α:L:position η:L:line_final,"εἴ με διακρίνων προφερέστερον ἔρνος ὀπάσσῃς,"
The Rape of Helen,1,149,True,LLLSSLSSLLLSSLL,LLLSSLSSLLLSSLL,0.0,1,2,,α:L:lexicon η:L:nature η:L:nature ε:S:nature ε:S:nature η:L:nature α:S:unknown ι:S:unknown η:L:nature η:L:nature η:L:nature ο:S:nature α:S:lexicon η:L:nature ω:L:line_final,πάσης ἡμετέρης Ἀσίης ἡγήτορα θήσω.
The Rape of Helen,1,150,True,LSSLSSLSSLSSLSSLL,LSSLSSLSSLSSLSSLL,0.0,1,1,,ε:L:position α:S:lexicon ο:S:nature ω:L:nature α:S:unknown ε:S:nature ι:L:position ε:S:nature ι:S:lexicon α:L:lexicon ο:S:nature ε:S:nature ω:L:nature+position α:S:lexicon ι:S:lexicon η:L:nature ι:L:lexicon,ἔργα μόθων ἀθέριζε· τί γὰρ πολέμων βασιλῆι;
The Rape of Helen,1,151,True,LSSLLLSSLSSLSSLL,LSSLLLSSLSSLSSLL,0.5,1,0,correption,οι:L:nature α:S:lexicon ο:S:nature ι:L:position ι:L:lexicon οι:L:nature ι:S:lexicon αι:S:nature α:L:position ο:S:nature ε:S:nature οι:L:nature ι:S:antepenult_accent ε:S:nature ευ:L:nature ει:L:line_final,κοίρανος ἰφθίμοισι καὶ ἀπτολέμοισι κελεύει.
The Rape of Helen,1,152,True,LLLSSLSSLLLSSLL,LLLSSLSSLLLSSLL,0.0,1,1,,ου:L:nature αι:L:nature ει:L:nature ε:S:nature α:S:lexicon ο:L:position ε:S:nature α:S:unknown ι:L:position ευ:L:nature ου:L:nature ι:S:antepenult_accent α:S:lexicon η:L:nature η:L:line_final,οὐκ αἰεὶ θεράποντες ἀριστεύουσιν Ἀθήνης·
The Rape of Helen,1,153,True,LSSLLLSSLLLSSLL,LSSLLLSSLLLSSLL,0.0,1,2,,ω:L:nature υ:S:lexicon ο:S:nature οι:L:nature+position η:L:nature+position ου:L:nature ι:S:antepenult_accent υ:S:unknown ο:L:position η:L:nature+position η:L:nature ε:S:nature ε:S:nature υ:L:unknown ου:L:line_final,ὠκύμοροι θνῄσκουσιν ὑποδρηστῆρες Ἐνυοῦς.
The Rape of Helen,1,154,True,LLLSSLLLSSLSSLL,LLLSSLLLSSLSSLL,0.0,1,2,,οι:L:nature η:L:nature+position οι:L:nature α:S:unknown ι:S:unknown η:L:nature+position ω:L:nature ο:L:position ο:S:nature ο:S:nature ω:L:nature α:S:lexicon ε:S:nature η:L:nature η:L:line_final,τοίην κοιρανίην πρωτόθρονος ὤπασεν Ἥρη.
The Rape of Helen,1,155,True,LSSLSSLSSLSSLLLL,LSSLSSLSSLSSLLLL,2.5,1,3,lexicon_overridden,η:L:nature ε:S:nature α:S:lexicon ο:L:position α:S:unknown υ:S:unknown ο:L:position ο:S:nature ε:S:nature η:L:nature ε:S:nature α:S:lexicon υ:L:position ω:L:nature α:L:unknown α:L:antepenult_accent,"ἡ δ’ ἑανὸν βαθύκολπον, ἐς ἠέρα γυμνώσασα"
The Rape of Helen,1,156,True,LSSLLLSSLLLSSLL,LSSLLLSSLLLSSLL,0.5,1,2,correption,ο:L:position ο:S:nature α:S:unknown η:L:nature ω:L:nature η:L:nature ε:S:nature αι:S:nature ου:L:nature η:L:nature ε:L:position α:S:unknown ο:S:nature υ:L:paroxytone_short_ultima ι:L:lexicon,"κόλπον, ἀνῃώρησε καὶ οὐκ ᾐδέσσατο Κύπρις."
The Rape of Helen,1,157,True,LSSLLLSSLSSLSSLL,LSSLLLSSLSSLSSLL,0.0,1,0,,ει:L:nature ι:S:lexicon ε:S:nature α:L:position ι:L:position ου:L:nature α:S:antepenult_accent ε:S:nature ι:L:position ο:S:nature α:S:lexicon ε:L:position ο:S:nature ε:S:nature ω:L:nature ω:L:line_final,χειρὶ δ’ ἐλαφρίζουσα μελίφρονα δεσμὸν ἐρώτων
The Rape of Helen,1,158,True,LSSLLLSSLLLSSLL,LSSLLLSSLLLSSLL,0.5,1,0,correption,η:L:nature ο:S:nature α:S:lexicon α:L:lexicon υ:L:position ω:L:nature ε:S:nature αι:S:nature ου:L:nature ε:L:position η:L:nature α:S:lexicon ο:S:nature α:L:position ω:L:line_final,στῆθος ἅπαν γύμνωσε καὶ οὐκ ἐμνήσατο μαζῶν.
The Rape of Helen,1,159,True,LSSLSSLSSLSSLSSLL,LSSLSSLSSLSSLSSLL,1.0,1,0,lexicon_overridden,οι:L:nature α:S:lexicon ε:S:nature ει:L:nature ι:S:lexicon ο:S:nature ω:L:nature α:S:lexicon ο:S:nature ε:L:position ε:S:nature ε:S:nature η:L:nature ο:S:nature ο:S:nature η:L:nature α:L:properispomenon,τοῖα δὲ μειδιόωσα προσέννεπε μηλοβοτῆρα·
The Rape of Helen,1,160,True,LSSLSSLSSLSSLSSLL,LSSLSSLSSLSSLSSLL,0.0,1,1,,ε:L:position ο:S:nature ε:S:nature αι:L:nature ο:S:nature ε:S:nature ω:L:nature ε:S:nature ι:S:lexicon η:L:nature ε:S:nature ο:S:nature ε:L:position υ:S:unknown ο:S:nature ο:L:position η:L:line_final,"δέξό με καὶ πολέμων ἐπιλήθεο, δέχνυσο μορφὴν"
The Rape of Helen,1,161,True,LSSLLLSSLSSLSSLL,LSSLLLSSLSSLSSLL,0.5,1,4,correption,η:L:nature ε:S:nature ε:S:nature η:L:nature+position αι:L:nature+position η:L:nature+position α:S:lexicon αι:S:nature α:L:unknown ι:S:unknown α:S:unknown α:L:position ι:S:unknown ε:S:nature αι:L:nature α:L:lexicon,ἡμετέρην καὶ σκῆπτρα καὶ Ἀσίδα κάλλιπε γαῖαν.
The Rape of Helen,1,162,True,LSSLLLSSLSSLSSLL,LSSLLLSSLSSLSSLL,1.0,1,0,lexicon_overridden,ε:L:position α:S:lexicon ο:S:nature ω:L:nature ου:L:nature οι:L:nature α:S:lexicon ι:S:lexicon α:L:lexicon α:S:lexicon ε:S:nature ω:L:nature α:S:lexicon ο:S:nature ι:L:lexicon η:L:line_final,ἔργα μόθων οὐκ οἶδα· τί γὰρ σακέων Ἀφροδίτῃ;
The Rape of Helen,1,163,True,LSSLSSLSSLLLSSLL,LSSLSSLSSLLLSSLL,0.0,1,1,,α:L:position α:S:lexicon ι:S:lexicon η:L:nature ο:S:nature υ:S:lexicon α:L:lexicon ο:S:nature α:S:unknown ι:L:position ευ:L:nature ου:L:nature ι:S:antepenult_accent υ:S:lexicon αι:L:nature ε:L:line_final,ἀγλαΐῃ πολὺ μᾶλλον ἀριστεύουσι γυναῖκες.
The Rape of Helen,1,164,True,LSSLSSLSSLSSLSSLL,LSSLSSLSSLSSLSSLL,0.0,1,0,,α:L:position ι:S:lexicon ε:S:nature η:L:nature ο:S:nature ε:S:nature η:L:nature ε:S:nature α:S:lexicon η:L:nature+position α:S:lexicon α:S:lexicon οι:L:nature ι:S:lexicon ο:S:nature α:L:position ω:L:line_final,"ἀντὶ μὲν ἠνορέης ἐρατὴν παράκοιτιν ὀπάσσω,"
The Rape of Helen,1,165,True,LSSLSSLSSLSSLSSLL,LSSLSSLSSLSSLSSLL,0.0,1,2,,α:L:position ι:S:lexicon ε:S:nature οι:L:nature α:S:unknown ι:S:unknown η:L:nature ε:S:nature ε:S:nature η:L:nature ε:S:nature ι:S:lexicon η:L:nature ε:S:nature ο:S:nature ε:L:position ω:L:line_final,ἀντὶ δὲ κοιρανίης Ἑλένης ἐπιβήσεο λέκτρων·
The Rape of Helen,1,166,True,LSSLLLSSLLLSSLL,LSSLLLSSLLLSSLL,0.0,1,1,,υ:L:position ι:S:paroxytone_short_ultima ο:S:nature α:L:position η:L:nature ει:L:nature ε:S:nature ε:S:nature α:L:lexicon οι:L:nature η:L:nature+position α:S:unknown ε:S:nature αι:L:nature ω:L:line_final,νυμφίον ἀθρήσει σε μετὰ Τροίην Λακεδαίμων
The Rape of Helen,1,167,True,LLLSSLSSLSSLSSLL,LLLSSLSSLSSLSSLL,0.0,1,0,,ου:L:nature ω:L:nature υ:L:lexicon ο:S:nature ε:S:nature η:L:nature ε:S:nature ο:S:nature α:L:position α:S:lexicon ο:S:nature ω:L:nature α:S:lexicon ε:S:nature η:L:nature ο:L:line_final,"οὔπω μῦθος ἔληγεν, ὁ δ’ ἀγλαὸν ὤπασε μῆλον,"
The Rape of Helen,1,168,True,LSSLSSLSSLSSLSSLL,LSSLSSLSSLSSLSSLL,0.0,1,2,,α:L:position α:S:lexicon ι:S:lexicon η:L:nature α:S:unknown α:S:unknown η:L:nature α:S:antepenult_accent ε:S:nature α:L:lexicon ε:S:nature α:S:lexicon α:L:position ο:S:nature ε:S:nature ει:L:nature η:L:line_final,"ἀγλαΐης ἀνάθημα, μέγα κτέρας Ἀφρογενείῃ,"
The Rape of Helen,1,169,True,LSSLSSLSSLSSLSSLL,LSSLSSLSSLSSLSSLL,0.0,1,3,,υ:L:unknown α:S:unknown ι:S:unknown η:L:nature+position ο:S:nature ε:S:nature οι:L:nature ο:S:nature α:S:lexicon η:L:nature+position ο:S:nature ε:S:nature οι:L:nature ο:S:nature ε:S:nature ε:L:position η:L:line_final,"φυταλιὴν πολέμοιο, κακὴν πολέμοιο γενέθλην."
The Rape of Helen,1,170,True,LSSLSSLSSLSSLSSLL,LSSLSSLSSLSSLSSLL,0.0,1,0,,ει:L:nature ι:S:lexicon ε:S:nature η:L:nature ο:S:nature ε:S:nature ου:L:nature α:S:lexicon ο:S:nature η:L:nature α:S:lexicon ε:S:nature ει:L:nature α:S:lexicon ο:S:nature ω:L:nature η:L:line_final,χειρὶ δὲ μῆλον ἔχουσα τόσην ἀνενείκατο φωνὴν
The Rape of Helen,1,171,True,LLLSSLSSLSSLSSLL,LLLSSLSSLSSLSSLL,0.5,1,2,correption,η:L:nature η:L:nature+position ε:L:position ο:S:nature ε:S:nature ου:L:nature α:S:antepenult_accent αι:S:nature α:L:position ι:S:unknown α:S:unknown ει:L:nature α:S:antepenult_accent α:S:lexicon η:L:nature η:L:line_final,Ἥρην κερτομέουσα καὶ ἀντιάνειραν Ἀθήνην·
The Rape of Helen,1,172,True,LSSLSSLSSLSSLSSLL,LSSLSSLSSLSSLSSLL,0.0,1,2,,ει:L:nature+position α:S:lexicon ε:S:nature οι:L:nature ο:S:nature ε:S:nature οι:L:nature ο:S:nature υ:S:unknown η:L:nature ε:S:nature ε:S:nature ει:L:nature+position α:S:unknown ε:S:nature ι:L:lexicon η:L:line_final,"εἴξατέ μοι πολέμοιο συνήθεες, εἴξατε νίκης."
The Rape of Helen,1,173,True,LSSLSSLSSLSSLSSLL,LSSLSSLSSLSSLSSLL,0.5,1,2,correption,α:L:position α:S:lexicon ι:S:lexicon η:L:nature ε:S:nature ι:S:lexicon η:L:nature α:S:lexicon αι:S:nature α:L:position α:S:unknown ι:S:unknown η:L:nature ε:S:nature ι:S:lexicon ω:L:nature ει:L:line_final,"ἀγλαΐην ἐφίλησα, καὶ ἀγλαΐη με διώκει."
The Rape of Helen,1,174,True,LSSLSSLSSLLLSSLL,LSSLSSLSSLLLSSLL,0.0,1,3,,α:L:unknown ι:S:unknown ε:S:nature η:L:nature ε:S:nature α:S:lexicon η:L:nature ο:S:nature υ:S:lexicon ω:L:nature ι:L:unknown ε:L:position ι:S:antepenult_accent α:S:lexicon ε:L:position ει:L:line_final,"φασί σε, μῆτερ Ἄρηος, ὑπ’ ὠδίνεσσιν ἀέξειν"
The Rape of Helen,1,175,True,LSSLSSLSSLSSLSSLL,LSSLSSLSSLSSLSSLL,1.0,1,1,lexicon_overridden,η:L:nature υ:S:unknown ο:S:nature ω:L:nature+position α:S:lexicon ι:S:lexicon ω:L:nature ι:S:lexicon ε:S:nature ο:L:position ο:S:nature ο:S:nature α:L:position α:S:lexicon ε:S:nature α:L:lexicon αι:L:line_final,ἠυκόμων Χαρίτων ἱερὸν χορόν· ἀλλά σε πᾶσαι
The Rape of Helen,1,176,True,LSSLLLSSLSSLSSLL,LSSLLLSSLSSLSSLL,0.5,1,1,correption,η:L:nature ε:S:nature ο:S:nature η:L:nature+position η:L:nature α:L:position ο:S:nature αι:S:nature ου:L:nature ι:S:lexicon α:S:lexicon ευ:L:nature ε:S:nature α:S:unknown ω:L:nature ο:L:line_final,"σήμερον ἠρνήσαντο, καὶ οὐ μίαν εὗρες ἀρωγόν."
The Rape of Helen,1,177,True,LSSLSSLSSLSSLSSLL,LSSLSSLSSLSSLSSLL,0.5,1,2,correption,ου:L:nature α:S:lexicon ε:S:nature ω:L:nature+position α:S:unknown ι:S:unknown ει:L:nature α:S:antepenult_accent αι:S:nature ου:L:nature υ:S:lexicon ο:S:nature ε:L:position ι:S:lexicon ι:S:lexicon η:L:nature η:L:line_final,οὐ σακέων βασίλεια καὶ οὐ πυρός ἐσσι τιθήνη·
The Rape of Helen,1,178,True,LSSLSSLSSLSSLSSLL,LSSLSSLSSLSSLSSLL,3.5,1,2,correption;lexicon_overridden,ου:L:nature οι:S:nature α:S:lexicon η:L:nature ε:S:nature α:S:unknown η:L:nature+position ε:S:nature αι:S:nature ει:L:nature ο:S:nature ι:S:unknown αι:L:nature ε:S:nature αι:S:nature α:L:lexicon η:L:line_final,"οὔ σοι Ἄρης ἐπάρηξε, καὶ εἰ δορὶ μαίνεται Ἄρης,"
The Rape of Helen,1,179,True,LSSLLLSSLSSLSSLL,LSSLLLSSLSSLSSLL,1.5,1,0,correption,ου:L:nature+position ο:S:nature ε:S:nature η:L:nature αι:L:nature+position οι:L:nature ο:S:nature αι:S:nature ει:L:nature+position ο:S:nature ο:S:nature α:L:circumflex α:S:lexicon ο:S:nature ευ:L:nature ει:L:line_final,"οὐ φλόγες Ἡφαίστοιο, καὶ εἰ φλογὸς ἆσθμα λοχεύει."
The Rape of Helen,1,180,True,LSSLSSLSSLSSLLLL,LSSLSSLSSLSSLLLL,1.5,1,5,,οι:L:nature α:S:properispomenon ε:S:nature υ:L:unknown ι:S:unknown α:S:unknown ει:L:nature α:S:unknown ε:S:nature ω:L:nature ι:S:unknown ο:S:nature α:L:position υ:L:lexicon ω:L:nature η:L:line_final,"οἶα δὲ κυδιάεις ἀνεμώλιος, Ἀτρυτώνη,"
The Rape of Helen,1,181,True,LSSLLLSSLLLSSLL,LSSLLLSSLLLSSLL,0.5,1,1,correption,η:L:nature+position α:S:lexicon ο:S:nature ου:L:nature ε:L:position ει:L:nature ε:S:nature αι:S:nature ου:L:nature αι:L:nature ω:L:nature α:S:unknown ο:S:nature η:L:nature η:L:line_final,"ἣν γάμος οὐκ ἔσπειρε καὶ οὐ μαιώσατο μήτηρ,"
The Rape of Helen,1,182,True,LSSLLLSSLLLSSLL,LSSLLLSSLLLSSLL,0.0,1,1,,α:L:position α:S:lexicon ι:S:lexicon η:L:nature ει:L:nature η:L:nature ε:S:nature ο:S:nature η:L:nature αι:L:nature ι:L:position α:S:unknown ι:S:lexicon η:L:nature ου:L:line_final,ἀλλὰ σιδηρείη σε τομὴ καὶ ῥίζα σιδήρου
The Rape of Helen,1,183,True,LLLSSLSSLLLSSLL,LLLSSLSSLLLSSLL,0.0,1,2,,α:L:position ω:L:nature ω:L:nature α:S:unknown ο:S:nature ευ:L:nature ο:S:nature α:S:unknown ε:L:position α:L:position η:L:nature ε:S:nature α:S:lexicon η:L:nature ω:L:line_final,πατρῴων ἀλόχευτον ἀνεβλάστησε καρήνων.
The Rape of Helen,1,184,True,LSSLLLSSLSSLSSLL,LSSLLLSSLSSLSSLL,0.0,1,0,,οι:L:nature α:S:properispomenon ε:S:nature α:L:position ει:L:nature οι:L:nature ι:S:antepenult_accent α:S:lexicon υ:L:position α:S:lexicon ε:S:nature η:L:nature+position ο:S:nature α:S:lexicon ε:L:position οι:L:line_final,οἶα δὲ χαλκείοισι καλυψαμένη χρόα πέπλοις
The Rape of Helen,1,185,True,LLLSSLSSLSSLSSLL,LLLSSLSSLSSLSSLL,1.5,1,0,correption;lexicon_overridden,αι:L:nature ευ:L:nature ει:L:nature+position ι:S:lexicon ο:S:nature η:L:nature α:S:lexicon αι:S:nature α:L:lexicon ε:S:nature ο:S:nature ε:L:position α:S:lexicon ι:S:lexicon ω:L:nature ει:L:line_final,"καὶ φεύγεις φιλότητα καὶ Ἄρεος ἔργα διώκεις,"
The Rape of Helen,1,186,True,LSSLSSLSSLSSLSSLL,LSSLSSLSSLSSLSSLL,0.0,1,6,,α:L:position ο:S:nature ι:S:unknown η:L:nature α:S:unknown ι:S:unknown α:L:position ο:S:nature ο:S:nature ο:L:position ο:S:nature υ:S:unknown η:L:nature α:S:unknown α:S:unknown η:L:nature ω:L:line_final,"ἁρμονίης ἀδίδακτος, ὁμοφροσύνης ἀδαήμων."
The Rape of Helen,1,187,True,LLLSSLSSLSSLSSLL,LLLSSLSSLSSLSSLL,0.0,1,3,,α:L:position ω:L:nature+position ει:L:nature ο:S:nature ι:S:lexicon α:L:lexicon ο:S:nature α:S:unknown α:L:position ι:S:unknown ε:S:nature ει:L:nature ι:S:lexicon α:S:unknown η:L:nature αι:L:line_final,"ἀγνώσσεις, ὅτι μᾶλλον ἀνάλκιδές εἰσιν Ἀθῆναι"
The Rape of Helen,1,188,True,LLLSSLSSLSSLSSLL,LLLSSLSSLSSLSSLL,0.0,1,3,,οι:L:nature αι:L:nature υ:L:unknown α:S:unknown ι:S:unknown οι:L:nature ι:S:antepenult_accent α:S:lexicon α:L:position ο:S:nature ε:S:nature αι:L:nature ο:S:nature ε:S:nature οι:L:nature ι:L:antepenult_accent,"τοῖαι, κυδαλίμοισιν ἀγαλλόμεναι πολέμοισι,"
The Rape of Helen,1,189,True,LSSLSSLLLSSLSSLL,LSSLSSLLLSSLSSLL,0.0,1,1,,ε:L:position ι:S:unknown ε:S:nature ω:L:nature+position ε:S:nature ε:S:nature ω:L:nature ου:L:nature α:L:position ε:S:nature ε:S:nature ου:L:nature ε:S:nature υ:S:lexicon αι:L:nature ε:L:line_final,κεκριμένων μελέων οὔτ’ ἄρσενες οὔτε γυναῖκες;
The Rape of Helen,1,190,True,LSSLLLSSLSSLSSLL,LSSLLLSSLSSLSSLL,1.0,1,0,override,οι:L:nature ο:S:nature ε:S:nature υ:L:position ι:L:position ου:L:nature α:S:antepenult_accent ο:S:nature ε:L:position ε:S:nature ε:S:nature υ:L:paroxytone_short_ultima ι:S:lexicon α:S:lexicon η:L:nature η:L:line_final,"τοῖον ἐφυβρίζουσα προσέννεπε Κύπρις Ἀθήνην,"
The Rape of Helen,1,191,True,LLLSSLSSLSSLSSLL,LLLSSLSSLSSLSSLL,0.0,1,1,,ω:L:nature η:L:nature ε:L:position ο:S:nature ι:S:lexicon ο:L:position ο:S:nature α:S:lexicon ε:L:position ι:S:lexicon ο:S:nature ε:L:position α:S:unknown ε:S:nature ο:L:position η:L:line_final,ὣς ἡ μὲν πτολίπορθον ἀέθλιον ἔλλαχε μορφῆς
The Rape of Helen,1,192,True,LLLSSLSSLSSLSSLL,LLLSSLSSLSSLSSLL,0.5,1,3,correption,η:L:nature η:L:nature ε:L:position ε:S:nature α:S:unknown α:L:unknown α:S:antepenult_accent αι:S:nature α:L:position α:S:unknown ο:S:nature ω:L:nature α:S:antepenult_accent α:S:lexicon η:L:nature η:L:line_final,Ἥρην ἐξελάσασα καὶ ἀσχαλόωσαν Ἀθήνην·
The Rape of Helen,1,193,True,LLLSSLSSLLLSSLL,LLLSSLSSLLLSSLL,0.5,1,0,correption,ι:L:lexicon ει:L:nature ω:L:nature+position υ:S:lexicon ε:S:nature ω:L:nature ι:S:antepenult_accent αι:S:nature η:L:nature ου:L:nature ει:L:nature ε:S:nature ι:S:lexicon ω:L:nature ω:L:line_final,"ἱμείρων δ’ ὑπ’ ἔρωτι καὶ ἣν οὐκ εἶδε διώκων,"
The Rape of Helen,1,194,True,LSSLLLSSLSSLSSLL,LSSLLLSSLSSLSSLL,0.0,1,3,,υ:L:position α:S:unknown ι:S:antepenult_accent α:L:position οι:L:nature α:L:unknown ε:S:nature ι:S:lexicon α:L:position ι:S:unknown ο:S:nature η:L:nature α:S:lexicon ε:S:nature υ:L:lexicon η:L:line_final,Δύσπαρις ἀθροίσας ἐπὶ δάσκιον ἤγαγεν ὕλην
The Rape of Helen,1,195,True,LSSLSSLSSLSSLLLL,LSSLSSLSSLSSLLLL,1.5,1,2,,α:L:lexicon ε:S:nature α:S:lexicon ε:L:position ο:S:nature ο:S:nature οι:L:nature ο:S:nature α:S:unknown η:L:nature ο:S:nature α:S:antepenult_accent α:L:position υ:L:unknown ω:L:nature η:L:line_final,ἀνέρας ἐργοπόνοιο δαήμονας Ἀτρυτώνης.
The Rape of Helen,1,196,True,LSSLLLSSLSSLSSLL,LSSLLLSSLSSLSSLL,0.0,1,1,,ε:L:position α:S:lexicon ο:S:nature υ:L:position ε:L:position οι:L:nature ο:S:nature α:S:unknown ι:L:position ο:S:nature ε:S:nature αι:L:nature+position υ:S:lexicon ε:S:nature ι:L:lexicon η:L:line_final,ἔνθα πολυπρέμνοιο δαϊζόμεναι δρύες Ἴδης
The Rape of Helen,1,197,True,LSSLSSLSSLSSLSSLL,LSSLSSLSSLSSLSSLL,0.0,1,3,,η:L:nature ι:S:unknown ο:S:nature α:L:position ε:S:nature α:S:unknown οι:L:nature ο:S:nature ε:S:nature ι:L:position ο:S:nature υ:S:unknown η:L:nature ι:S:antepenult_accent ε:S:nature ε:L:position ου:L:line_final,"ἤριπον ἀρχεκάκοιο περιφροσύνῃσι Φερέκλου,"
The Rape of Helen,1,198,True,LSSLLLSSLSSLSSLL,LSSLLLSSLSSLSSLL,0.0,1,0,,ο:L:position ο:S:nature ε:S:nature α:L:position αι:L:nature ο:L:position ι:S:antepenult_accent α:S:lexicon ι:L:lexicon ο:S:nature ε:S:nature ο:L:position α:S:lexicon ι:S:lexicon η:L:nature ι:L:lexicon,ὅς τότε μαργαίνοντι χαριζόμενος βασιλῆι
The Rape of Helen,1,199,True,LSSLLLSSLLLSSLL,LSSLLLSSLLLSSLL,0.0,1,1,,η:L:nature α:S:lexicon α:S:lexicon ε:L:position α:L:position ω:L:nature+position υ:S:unknown ο:S:nature ω:L:nature ε:L:position η:L:nature α:S:lexicon ο:S:nature α:L:position ω:L:line_final,νῆας Ἀλεξάνδρῳ δρυτόμῳ τεκτήνατο χαλκῷ.
The Rape of Helen,1,200,True,LLLSSLSSLLLSSLL,LLLSSLSSLLLSSLL,0.5,1,0,correption,αυ:L:nature η:L:nature α:L:properispomenon ο:S:nature ε:S:nature ου:L:nature ε:S:nature αι:S:nature αυ:L:nature η:L:nature α:L:properispomenon α:S:lexicon ε:S:nature η:L:nature α:L:lexicon,"αὐτῆμαρ προβέβουλε καὶ αὐτῆμαρ κάμε νῆας,"
The Rape of Helen,1,201,True,LLLSSLSSLLLSSLL,LLLSSLSSLLLSSLL,0.5,1,0,correption,η:L:nature α:L:lexicon ου:L:nature ε:S:nature ο:S:nature η:L:nature ε:S:nature αι:S:nature ου:L:nature η:L:nature+position η:L:nature ε:S:nature α:S:lexicon η:L:nature η:L:line_final,νῆας δ’ οὐκ ἐνόησε καὶ οὐκ ἤσκησεν Ἀθήνη.
The Rape of Helen,1,202,True,LSSLLLSSLLLSSLL,LSSLLLSSLLLSSLL,0.0,1,2,,α:L:position ι:S:unknown ε:S:nature ι:L:lexicon αι:L:nature ω:L:nature ο:S:nature ε:S:nature ω:L:nature η:L:nature+position α:L:position α:S:unknown ο:S:nature ο:L:position ο:L:line_final,ἄρτι μὲν Ἰδαίων ὀρέων ἠλλάξατο πόντον
The Rape of Helen,1,203,True,LSSLSSLSSLSSLSSLL,LSSLSSLSSLSSLSSLL,1.0,1,1,lexicon_overridden,αι:L:nature ε:S:nature ε:S:nature ω:L:nature ε:S:nature ι:S:unknown ου:L:nature ο:S:nature ε:S:nature ε:L:position ο:S:nature ε:S:nature η:L:nature α:S:lexicon ο:S:nature ι:L:lexicon η:L:line_final,καὶ λεχέων ἐπίκουρον ἐφεσπομένην Ἀφροδίτην
The Rape of Helen,1,204,True,LSSLLLSSLSSLSSLL,LSSLLLSSLSSLSSLL,0.0,1,2,,ο:L:position α:S:lexicon ι:S:lexicon α:L:position αι:L:nature οι:L:nature ι:S:antepenult_accent ι:S:unknown α:L:position α:S:unknown ε:S:nature ο:L:position υ:S:lexicon ε:S:nature ε:L:position ι:L:lexicon,πολλάκις ἀκταίοισιν ἱλασσάμενος θυέεσσιν
The Rape of Helen,1,205,True,LSSLLLSSLSSLSSLL,LSSLLLSSLSSLSSLL,0.0,1,0,,ε:L:position ε:S:nature ε:S:nature ε:L:position η:L:nature+position ο:L:position ο:S:nature ε:S:nature ευ:L:nature ε:S:nature α:S:lexicon ω:L:nature α:S:lexicon α:S:lexicon α:L:position η:L:line_final,"ἔπλεεν Ἑλλήσποντον ἐπ’ εὐρέα νῶτα θαλάσσης,"
The Rape of Helen,1,206,True,LSSLLLLLSSLSSLL,LSSLLLLLSSLSSLL,0.0,1,1,,ω:L:nature ε:S:nature ο:S:nature υ:L:position η:L:nature ω:L:nature+position η:L:nature η:L:nature ι:S:unknown α:S:antepenult_accent αι:L:nature ε:S:nature ο:S:nature ο:L:position ω:L:line_final,τῷ δὲ πολυτλήτων σημήια φαίνετο μόχθων.
The Rape of Helen,1,207,True,LSSLSSLSSLLLSSLL,LSSLSSLSSLLLSSLL,0.0,1,1,,υ:L:lexicon α:S:lexicon ε:S:nature η:L:nature ε:S:nature υ:S:lexicon ε:L:position ε:S:nature α:S:unknown α:L:position ω:L:nature+position ου:L:nature α:S:antepenult_accent α:S:lexicon α:L:position α:L:lexicon,κυανέη μὲν ὕπερθεν ἀναθρώσκουσα θάλασσα
The Rape of Helen,1,208,True,LSSLLLSSLLLSSLL,LSSLLLSSLLLSSLL,0.0,1,2,,ου:L:nature α:S:lexicon ο:S:nature ο:L:position αι:L:nature ω:L:nature ε:S:nature ι:S:unknown ω:L:nature ε:L:position ω:L:nature α:S:unknown ο:S:nature ε:L:position ω:L:line_final,οὐρανὸν ὀρφναίων ἑλίκων ἐζώσατο δεσμῷ
The Rape of Helen,1,209,True,LSSLSSLSSLSSLSSLL,LSSLSSLSSLSSLSSLL,0.0,1,3,,ει:L:nature α:S:properispomenon α:S:unknown ι:L:position α:S:unknown ο:S:nature ε:L:position ο:S:nature α:S:lexicon η:L:nature ε:S:nature ο:S:nature ο:L:position ο:S:nature ι:S:unknown ει:L:nature α:L:properispomenon,"εἶθαρ ἀμιχθαλόεντος ἀπ’ ἠέρος ὄμβρον ἱεῖσα,"
The Rape of Helen,1,210,True,LLLSSLSSLSSLSSLL,LLLSSLSSLSSLSSLL,0.0,1,1,,ε:L:position υ:L:position η:L:nature ε:S:nature ε:S:nature ο:L:position ο:S:nature ε:S:nature ε:L:position ο:S:nature ε:S:nature ω:L:nature ε:S:nature ε:S:nature α:L:unknown ω:L:line_final,ἐκλύσθη δέ τε πόντος ἐρεσσομένων ἐρετάων.
The Rape of Helen,1,211,True,LSSLSSLLLSSLSSLL,LSSLSSLLLSSLSSLL,0.0,1,2,,ο:L:position α:S:lexicon ε:S:nature α:L:position α:S:lexicon ι:S:lexicon η:L:nature+position αι:L:nature+position ω:L:nature ι:S:unknown ο:S:nature ου:L:nature α:S:lexicon α:S:unknown ει:L:nature+position α:L:line_final,τόφρα δὲ Δαρδανίην καὶ Τρώιον οὖδας ἀμείψας
The Rape of Helen,1,212,True,LSSLSSLSSLLLSSLL,LSSLSSLSSLLLSSLL,0.0,1,2,,ι:L:position α:S:unknown ι:S:paroxytone_short_ultima ο:L:position ε:S:nature ε:S:nature η:L:nature ε:S:nature α:S:unknown α:L:position ω:L:nature ω:L:nature+position ο:S:nature α:S:lexicon ι:L:position η:L:line_final,"Ἰσμαρίδος μεθέηκε παραπλώων στόμα λίμνης,"
The Rape of Helen,1,213,True,LSSLSSLSSLSSLLLL,LSSLSSLSSLSSLLLL,2.5,1,2,cluster_short,αι:L:nature+position α:S:lexicon ε:S:position η:L:nature ι:S:unknown ι:S:unknown οι:L:nature ο:S:nature ε:S:nature ου:L:nature ε:S:nature α:S:lexicon α:L:position αι:L:nature οι:L:nature ο:L:line_final,αἶψα δὲ Θρηικίοιο μετ’ οὔρεα Παγγαίοιο
The Rape of Helen,1,214,True,LSSLLLSSLSSLSSLL,LSSLLLSSLSSLSSLL,0.0,1,2,,υ:L:position ι:S:paroxytone_short_ultima ο:S:nature α:L:position ε:L:position ο:L:position α:S:antepenult_accent ι:S:unknown η:L:nature ο:S:nature ο:S:nature ε:L:position α:S:unknown ε:S:nature υ:L:paroxytone_short_ultima ο:L:line_final,Φυλλίδος ἀντέλλοντα φιλήνορος ἔδρακε τύμβον
The Rape of Helen,1,215,True,LSSLSSLSSLSSLSSLL,LSSLSSLSSLSSLSSLL,0.0,1,2,,αι:L:nature+position ο:S:nature ο:S:nature ε:L:position ε:S:nature α:S:unknown υ:L:position ο:S:nature α:S:unknown η:L:nature ο:S:nature ο:S:nature ει:L:nature ε:S:nature ε:S:nature ευ:L:nature ου:L:line_final,"καὶ δρόμον ἐννεάκυκλον ἀλήμονος εἶδε κελεύθου,"
The Rape of Helen,1,216,True,LSSLLLSSLSSLSSLL,LSSLLLSSLSSLSSLL,0.0,1,4,,ε:L:position α:S:lexicon ι:S:unknown α:L:position ει:L:nature ου:L:nature α:S:antepenult_accent ι:S:unknown υ:L:unknown ε:S:nature ο:S:nature υ:L:position ι:S:unknown α:S:lexicon οι:L:nature η:L:line_final,"ἔνθα διαστείχουσα κινύρεο, Φυλλίς, ἀκοίτην"
The Rape of Helen,1,217,True,LSSLSSLSSLSSLSSLL,LSSLSSLSSLSSLSSLL,0.0,1,4,,ε:L:position υ:S:unknown ε:S:nature η:L:nature α:S:unknown ι:S:unknown ο:L:position ο:S:nature α:S:unknown η:L:nature ο:S:nature α:S:antepenult_accent η:L:nature ο:S:nature ο:S:nature ω:L:nature+position α:L:antepenult_accent,"δεχνυμένη παλίνορσον ἀπήμονα Δημοφόωντα,"
The Rape of Helen,1,218,True,LSSLLLSSLLLSSLL,LSSLLLSSLLLSSLL,0.0,1,0,,ο:L:position ο:S:nature ε:S:nature ο:L:position η:L:nature ει:L:nature ε:S:nature α:S:lexicon η:L:nature αι:L:nature η:L:nature α:S:lexicon ο:S:nature η:L:nature ω:L:line_final,ὁππότε νοστήσειεν Ἀθηναίης ἀπὸ δήμων.
The Rape of Helen,1,219,True,LSSLLLSSLSSLSSLL,LSSLLLSSLSSLSSLL,0.0,1,2,,ω:L:nature ε:S:nature α:S:unknown υ:L:position η:L:nature οι:L:nature ο:S:nature ι:S:lexicon α:L:lexicon ο:S:nature ο:S:nature αι:L:nature ο:S:nature ι:S:unknown η:L:nature ω:L:line_final,τῷ δὲ βαθυκλήροιο διὰ χθονὸς Αἱμονιήων
The Rape of Helen,1,220,True,LSSLSSLSSLSSLSSLL,LSSLSSLSSLSSLSSLL,0.0,1,2,,ε:L:position α:S:lexicon ι:S:lexicon η:L:nature α:S:unknown ε:S:nature ε:L:position ε:S:nature α:S:unknown αι:L:nature ι:S:paroxytone_short_ultima ο:S:nature α:L:position ε:S:nature α:S:lexicon αι:L:nature η:L:line_final,"ἐξαπίνης ἀνέτελλεν Ἀχαιίδος ἄνθεα γαίης,"
The Rape of Helen,1,221,True,LLLSSLSSLSSLSSLL,LLLSSLSSLSSLSSLL,1.5,1,3,correption,ι:L:unknown η:L:nature ω:L:nature ι:S:unknown α:S:unknown ει:L:nature α:S:antepenult_accent αι:S:nature ευ:L:nature υ:S:lexicon α:S:lexicon υι:L:nature α:S:lexicon υ:S:lexicon η:L:nature η:L:line_final,Φθίη βωτιάνειρα καὶ εὐρυάγυια Μυκήνη.
The Rape of Helen,1,222,True,LSSLSSLSSLSSLSSLL,LSSLSSLSSLSSLSSLL,0.0,1,4,,ε:L:position ε:S:nature α:S:unknown ε:L:position ο:S:nature ε:S:nature οι:L:nature ο:S:nature α:S:lexicon ει:L:nature α:S:unknown ε:S:nature α:L:unknown ε:S:nature υ:S:unknown α:L:position ου:L:line_final,ἔνθεν ἀνερχομένοιο παρ’ εἰαμενὰς Ἐρυμάνθου
The Rape of Helen,1,223,True,LLLSSLSSLSSLLLL,LLLSSLSSLSSLLLL,1.5,1,0,,α:L:position η:L:nature+position α:L:position ι:S:lexicon υ:S:lexicon αι:L:nature α:S:lexicon ι:S:lexicon η:L:nature+position ο:S:nature ι:S:lexicon α:L:position ει:L:nature ω:L:nature ο:L:line_final,"Σπάρτην καλλιγύναικα, φίλην πόλιν Ἀτρείωνος,"
The Rape of Helen,1,224,True,LSSLSSLSSLLLSSLL,LSSLSSLSSLLLSSLL,0.0,1,2,,ε:L:position ι:S:unknown ε:S:nature η:L:nature ε:S:nature ο:S:nature η:L:nature ε:S:nature ε:S:nature ευ:L:nature ω:L:nature α:L:unknown ο:S:nature ε:S:nature ε:L:position οι:L:line_final,κεκλιμένην ἐνόησεν ἐπ’ Εὐρώταο ῥεέθροις.
The Rape of Helen,1,225,True,LSSLSSLSSLSSLSSLL,LSSLSSLSSLSSLSSLL,0.0,1,1,,α:L:paroxytone_short_ultima ι:S:lexicon ε:S:nature αι:L:nature ο:S:nature ε:S:nature η:L:nature υ:S:lexicon ο:S:nature α:L:position ι:S:unknown ο:S:nature ου:L:nature ε:S:nature ο:S:nature υ:L:lexicon η:L:line_final,ἄγχι δὲ ναιομένην ὑπὸ δάσκιον οὔρεος ὕλην
The Rape of Helen,1,226,True,LSSLLLSSLLLSSLL,LSSLLLSSLLLSSLL,0.0,1,0,,ει:L:nature ο:S:nature α:S:lexicon α:L:position αι:L:nature ω:L:nature ε:S:nature α:S:lexicon η:L:nature+position η:L:nature ει:L:nature ο:S:nature ε:S:nature α:L:position η:L:line_final,γείτονα παπταίνων ἐρατὴν θηεῖτο Θεράπνην.
The Rape of Helen,1,227,True,LLLSSLSSLSSLSSLL,LLLSSLSSLSSLSSLL,0.0,1,2,,ου:L:nature ω:L:nature ει:L:nature ε:S:nature ε:S:nature η:L:nature+position ο:S:nature ι:S:unknown ο:L:position ο:S:nature ο:S:nature ου:L:nature ε:S:nature α:S:unknown η:L:nature η:L:line_final,"οὔπω κεῖθεν ἔην δολιχὸς πλόος, οὐδέ γαλήνης"
The Rape of Helen,1,228,True,LSSLSSLLLSSLSSLL,LSSLSSLLLSSLSSLL,0.0,1,0,,η:L:nature ο:S:nature ε:S:nature ε:L:position ο:S:nature ε:S:nature ω:L:nature η:L:nature ου:L:nature ε:S:nature ο:S:nature ου:L:nature ο:S:nature ε:S:nature ε:L:position ω:L:line_final,"δηρὸν ἐρεσσομένων ἠκούετο δοῦπος ἐρετμῶν,"
The Rape of Helen,1,229,True,LSSLLLSSLSSLSSLL,LSSLLLSSLSSLSSLL,0.0,1,1,,αι:L:nature+position ο:S:nature ο:S:nature ευ:L:nature ο:L:position οι:L:nature ι:S:antepenult_accent ε:S:nature η:L:nature ι:S:unknown ο:S:nature ε:L:position ι:S:antepenult_accent α:S:lexicon ο:L:position ε:L:line_final,καὶ χθονὸς εὐκόλποισιν ἐπ’ ἠιόνεσσι βαλόντες
The Rape of Helen,1,230,True,LSSLSSLSSLSSLSSLL,LSSLSSLSSLSSLSSLL,0.0,1,1,,ει:L:nature+position α:S:unknown α:S:antepenult_accent η:L:nature ο:S:nature ε:S:nature η:L:nature α:S:lexicon ο:S:nature οι:L:nature α:S:lexicon ο:S:nature ε:L:position α:S:lexicon ε:S:nature η:L:nature ει:L:line_final,"πείσματα νηὸς ἔδησαν, ὅσοις ἁλὸς ἔργα μεμήλει."
The Rape of Helen,1,231,True,LSSLSSLSSLSSLSSLL,LSSLSSLSSLSSLSSLL,0.0,1,1,,αυ:L:nature α:S:lexicon ο:S:nature ι:L:unknown ο:S:nature ε:S:nature οι:L:nature ο:S:nature ο:S:nature ε:L:position α:S:lexicon ε:S:nature ο:L:position ο:S:nature α:S:lexicon οι:L:nature ο:L:line_final,αὐτὰρ ὁ χιονέοιο λοεσσάμενος ποταμοῖο
The Rape of Helen,1,232,True,LSSLSSLSSLSSLSSLL,LSSLSSLSSLSSLSSLL,0.0,1,0,,ω:L:nature ε:S:nature ο:S:nature ει:L:nature ο:S:nature ε:S:nature οι:L:nature ι:S:antepenult_accent ε:S:nature ι:L:position ε:S:nature ι:S:antepenult_accent ι:L:paroxytone_short_ultima ο:S:nature ε:S:nature ει:L:nature ω:L:line_final,"ᾤχετο φειδομένοισιν ἐπ’ ἴχνεσιν ἴχνος ἐρείδων,"
The Rape of Helen,1,233,True,LSSLSSLSSLLLSSLL,LSSLSSLSSLLLSSLL,0.0,1,2,,η:L:nature ο:S:nature ε:S:nature ι:L:unknown ε:S:nature ο:S:nature ε:L:position ε:S:nature υ:S:unknown ο:L:position αι:L:nature οι:L:nature+position ο:S:nature ο:S:nature ι:L:lexicon η:L:line_final,"μὴ πόδες ἱμερόεντες ὑποχραίνοιντο κονίης,"
The Rape of Helen,1,234,True,LSSLSSLSSLLLSSLL,LSSLSSLSSLLLSSLL,0.0,1,3,,η:L:nature+position ο:S:nature α:S:unknown ω:L:nature+position υ:S:unknown ε:S:nature η:L:nature ι:S:antepenult_accent ε:S:nature ι:L:position ι:L:unknown α:L:position ε:S:nature ε:S:nature ει:L:nature α:L:line_final,μὴ πλοκάμων κυνέῃσιν ἐπιβρίσαντες ἐθείρας
The Rape of Helen,1,235,True,LSSLLLSSLLLSSLL,LSSLLLSSLLLSSLL,0.0,1,2,,ο:L:position υ:S:unknown ε:S:nature ο:L:position ευ:L:nature ο:L:position ο:S:nature α:S:unknown α:L:position ε:L:position οι:L:nature ε:S:nature α:S:lexicon η:L:nature αι:L:line_final,ὀξύτερον σπεύδοντος ἀναστέλλοιεν ἀῆται.
The Rape of Helen,1,236,True,LSSLLLSSLLLSSLL,LSSLLLSSLLLSSLL,0.0,1,3,,α:L:position ι:S:unknown ε:S:nature αι:L:nature υ:L:position η:L:nature α:S:antepenult_accent ι:S:unknown ο:L:position ει:L:nature ω:L:nature+position α:S:unknown ε:S:nature η:L:nature ω:L:line_final,ἄρτι μὲν αἰπύδμητα φιλοξείνων ναετήρων
The Rape of Helen,1,237,True,LSSLLLLLSSLSSLL,LSSLLLLLSSLSSLL,0.0,1,0,,ω:L:nature α:S:lexicon α:S:lexicon α:L:position αι:L:nature ω:L:nature+position αι:L:nature ει:L:nature ο:S:nature α:S:lexicon ε:L:position υ:S:lexicon ι:S:lexicon η:L:nature ου:L:line_final,δώματα παπταίνων καὶ γείτονας ἐγγύθι νηοὺς
The Rape of Helen,1,238,True,LSSLSSLSSLSSLSSLL,LSSLSSLSSLSSLSSLL,0.0,1,1,,α:L:position ε:S:nature ο:S:nature α:L:position α:S:lexicon ι:S:lexicon η:L:nature+position ι:S:unknown ε:S:nature ε:L:position ε:S:nature ε:S:nature ε:L:position α:S:lexicon ε:S:nature αυ:L:nature η:L:line_final,"ἄστεος ἀγλαΐην διεμέτρεεν, ἔνθα μὲν αὐτῆς"
The Rape of Helen,1,239,True,LSSLSSLLLSSLSSLL,LSSLSSLLLSSLSSLL,0.0,1,2,,υ:L:lexicon ε:S:nature ο:S:nature ε:L:position α:S:unknown ι:S:unknown η:L:nature+position η:L:nature ευ:L:nature ε:S:nature ο:S:nature ει:L:nature ο:S:nature α:S:lexicon η:L:nature η:L:line_final,"χρύσεον ἐνδαπίης θηεύμενος εἶδος Ἀθήνης,"
The Rape of Helen,1,240,True,LSSLLLSSLSSLLLL,LSSLLLSSLSSLLLL,2.5,1,0,lexicon_overridden,ε:L:position α:S:lexicon ε:S:nature α:L:position ει:L:nature οι:L:nature ο:S:nature ι:S:lexicon ο:L:position ε:S:nature α:S:lexicon α:L:lexicon ο:L:position ω:L:nature ο:L:line_final,ἔνθα δὲ Καρνείοιο φίλον κτέρας Ἀπόλλωνος
The Rape of Helen,1,241,True,LSSLLLSSLLLSSLL,LSSLLLSSLLLSSLL,0.0,1,5,,οι:L:nature ο:S:nature α:S:unknown υ:L:position αι:L:nature οι:L:nature ο:S:nature α:S:unknown α:L:position α:L:position α:L:unknown υ:S:unknown α:S:unknown ι:L:position ου:L:line_final,"οἶκον Ἀμυκλαίοιο παραγνάμψας Ὑακίνθου,"
The Rape of Helen,1,242,True,LSSLLLSSLLLSSLL,LSSLLLSSLLLSSLL,0.0,1,0,,ο:L:position ο:S:nature ε:S:nature ου:L:nature ι:L:position ο:L:position α:S:antepenult_accent υ:S:lexicon α:L:lexicon ο:L:position ω:L:nature ι:S:lexicon ο:S:nature η:L:nature α:L:lexicon,ὅν ποτε κουρίζοντα σὺν Ἀπόλλωνι νοήσας
The Rape of Helen,1,243,True,LSSLLLLLSSLSSLL,LSSLLLLLSSLSSLL,0.0,1,1,,η:L:nature ο:S:nature α:S:unknown υ:L:position αι:L:nature ω:L:nature η:L:nature α:L:position α:S:lexicon ο:S:nature η:L:nature ι:S:lexicon ι:S:lexicon η:L:nature ω:L:line_final,"δῆμος Ἀμυκλαίων ἠγάσσατο, μὴ Διὶ Λητὼ"
The Rape of Helen,1,244,True,LSSLLLSSLSSLSSLL,LSSLLLSSLSSLSSLL,0.0,1,2,,υ:L:unknown α:S:unknown ε:S:nature η:L:nature αι:L:nature ου:L:nature ο:S:nature α:S:lexicon η:L:nature α:S:lexicon ε:S:nature αυ:L:nature α:S:lexicon α:S:lexicon ο:L:position ω:L:line_final,κυσαμένη καὶ τοῦτον ἀνήγαγεν· αὐτὰρ Ἀπόλλων
The Rape of Helen,1,245,True,LSSLSSLLLSSLSSLL,LSSLSSLLLSSLSSLL,0.0,1,0,,ου:L:nature ε:S:nature α:S:lexicon η:L:nature+position ε:S:nature υ:S:lexicon ω:L:nature+position η:L:nature η:L:nature ο:S:nature ι:S:antepenult_accent αι:L:nature α:S:lexicon υ:S:lexicon α:L:position ω:L:line_final,οὐκ ἐκάη Ζεφύρῳ ζηλήμονι παῖδα φυλάσσων.
The Rape of Helen,1,246,True,LSSLLLSSLSSLSSLL,LSSLLLSSLSSLSSLL,0.0,1,1,,αι:L:nature α:S:lexicon ε:S:nature α:L:position υ:L:unknown α:L:position ι:S:antepenult_accent α:S:lexicon ι:L:lexicon ο:S:nature ε:S:nature η:L:nature α:S:lexicon ι:S:lexicon η:L:nature ι:L:lexicon,γαῖα δὲ δακρύσαντι χαριζομένη βασιλῆι
The Rape of Helen,1,247,True,LSSLLLSSLSSLLLL,LSSLLLSSLSSLLLL,2.5,1,3,lexicon_overridden,α:L:paroxytone_short_ultima ο:S:nature α:S:unknown η:L:nature ε:L:position η:L:nature ε:S:nature α:S:unknown αι:L:nature α:S:unknown ι:S:antepenult_accent α:L:lexicon ο:L:position ω:L:nature ο:L:line_final,"ἄνθος ἀνηέξησε, παραίφασιν Ἀπόλλωνος,"
The Rape of Helen,1,248,True,LSSLLLSSLSSLLLL,LSSLLLSSLSSLLLL,1.5,1,2,,α:L:paroxytone_short_ultima ο:S:nature α:S:unknown ι:L:position η:L:nature οι:L:nature ο:S:nature ε:S:nature ω:L:nature υ:S:unknown ο:S:nature η:L:nature η:L:nature η:L:nature ο:L:line_final,ἄνθος ἀριζήλοιο φερώνυμον ἡβητῆρος.
The Rape of Helen,1,249,True,LLLSSLSSLLLSSLL,LLLSSLSSLLLSSLL,0.0,1,2,,η:L:nature η:L:nature α:L:position ι:S:unknown ο:S:nature οι:L:nature ι:S:antepenult_accent ε:S:nature α:L:position ει:L:nature α:L:unknown ο:S:nature ε:S:nature α:L:paroxytone_short_ultima οι:L:line_final,ἤδη δ’ ἀγχιδόμοισιν ἐπ’ Ἀτρείδαο μελάθροις
The Rape of Helen,1,250,True,LSSLSSLSSLSSLSSLL,LSSLSSLSSLSSLSSLL,0.0,1,1,,ι:L:position α:S:lexicon ο:S:nature ε:L:position ε:S:nature ι:S:unknown η:L:nature ι:S:antepenult_accent α:S:lexicon α:L:position ο:S:nature ε:S:nature ο:L:position α:S:lexicon ι:S:lexicon ε:L:position ι:L:lexicon,ἵστατο θεσπεσίῃσιν ἀγαλλόμενος χαρίτεσσιν.
The Rape of Helen,1,251,True,LSSLSSLSSLSSLSSLL,LSSLSSLSSLSSLSSLL,0.0,1,1,,ου:L:nature ι:S:lexicon ι:S:lexicon οι:L:nature ο:S:nature ε:S:nature ι:L:position ε:S:nature ε:S:nature η:L:nature α:S:lexicon ο:S:nature υι:L:nature α:S:lexicon υ:S:unknown ω:L:nature η:L:line_final,οὐ Διὶ τοῖον ἔτικτεν ἐπήρατον υἷα Θυώνη·
The Rape of Helen,1,252,True,LLLSSLSSLSSLSSLL,LLLSSLSSLSSLSSLL,1.5,1,3,correption,ι:L:unknown η:L:nature οι:L:nature+position ι:S:unknown ο:S:nature υ:L:unknown ε:S:nature αι:S:nature ει:L:nature ι:S:lexicon ο:S:nature ε:L:position ι:S:lexicon ε:S:nature ε:L:position η:L:line_final,"ἱλήκοις, Διόνυσε· καὶ εἰ Διός ἐσσι γενέθλης,"
The Rape of Helen,1,253,True,LSSLLLLSSLSSLLSLL,LSSLLLLSSLSSLLSLL,99.0,0,2,unmetrical,α:L:lexicon ο:S:nature ε:S:nature η:L:nature+position αι:L:nature αι:L:nature ει:L:nature ο:S:nature ε:S:nature α:L:position α:S:unknown ι:S:unknown η:L:nature ι:L:antepenult_accent ο:S:nature ω:L:nature ω:L:line_final,καλὸς ἔην καὶ καὶ κεῖνος ἐπ’ ἀγλαΐῃσι προσώπων.
The Rape of Helen,1,254,True,LSSLLLSSLLLSSLL,LSSLLLSSLLLSSLL,0.0,1,2,,η:L:nature ε:S:nature ι:S:unknown ο:L:position ει:L:nature ω:L:nature+position α:S:lexicon α:S:lexicon ω:L:nature+position η:L:nature ι:L:circumflex α:S:properispomenon α:S:unknown ει:L:nature α:L:properispomenon,ἡ δὲ φιλοξείνων θαλάμων κληῖδας ἀνεῖσα
The Rape of Helen,1,255,True,LSSLSSLSSLSSLSSLL,LSSLSSLSSLSSLSSLL,0.0,1,0,,ε:L:position α:S:lexicon ι:S:lexicon η:L:nature ε:S:nature ε:S:nature η:L:nature ε:S:nature ε:S:nature ι:L:lexicon α:S:lexicon ε:S:nature ω:L:nature α:S:lexicon ο:S:nature αυ:L:nature η:L:line_final,ἐξαπίνης Ἑλένη μετεκίαθε δώματος αὐλὴν
The Rape of Helen,1,256,True,LSSLSSLSSLLLSSLL,LSSLSSLSSLLLSSLL,0.0,1,1,,αι:L:nature α:S:lexicon ε:S:nature ω:L:nature+position ο:S:nature α:S:lexicon οι:L:nature ε:S:nature ο:S:nature ι:L:unknown ευ:L:nature ου:L:nature α:S:antepenult_accent υ:S:lexicon α:L:lexicon ω:L:line_final,καὶ θαλερῶν προπάροιθεν ὀπιπεύουσα θυράων
The Rape of Helen,1,257,True,LSSLSSLSSLSSLSSLL,LSSLSSLSSLSSLSSLL,1.5,1,1,correption,ω:L:nature ι:S:lexicon ε:S:nature ω:L:nature ε:S:nature α:S:lexicon ε:L:position ε:S:nature αι:S:nature ε:L:position υ:S:unknown ο:S:nature η:L:nature α:S:lexicon ε:S:nature οι:L:nature ου:L:line_final,"ὡς ἴδεν, ὣς ἐκάλεσσε καὶ ἐς μυχὸν ἤγαγεν οἴκου"
The Rape of Helen,1,258,True,LSSLLLSSLSSLSSLL,LSSLLLSSLSSLSSLL,0.0,1,0,,αι:L:nature ι:S:lexicon ε:S:nature ε:L:position η:L:nature+position ει:L:nature+position ε:S:nature ο:S:nature η:L:nature ε:S:nature ο:S:nature υ:L:position ο:S:nature ε:S:nature ε:L:position η:L:line_final,καί μιν ἐφεδρήσσειν νεοπηγέος ὑψόθεν ἕδρης
The Rape of Helen,1,259,True,LSSLSSLSSLLLSSLL,LSSLSSLSSLLLSSLL,0.0,1,1,,α:L:position υ:S:unknown ε:S:nature η:L:nature ε:S:nature ε:S:nature ε:L:position ε:S:nature ο:S:nature ο:L:position ου:L:nature ει:L:nature ε:S:nature ο:S:nature ω:L:nature η:L:line_final,ἀργυρέης ἐπέτελλε· κόρον δ’ οὐκ εἶχεν ὀπωπῆς
The Rape of Helen,1,260,True,LSSLLLSSLSSLSSLL,LSSLLLSSLSSLSSLL,0.0,1,3,,α:L:position ο:S:nature ε:S:nature η:L:nature+position υ:L:lexicon ει:L:nature ο:S:nature ο:S:nature ι:L:unknown α:S:unknown ε:S:nature η:L:nature υ:S:unknown ε:S:nature ει:L:nature η:L:line_final,ἄλλοτε δὴ χρύσειον ὀισαμένη Κυθερείης
The Rape of Helen,1,261,True,LSSLLLSSLSSLSSLL,LSSLLLSSLSSLSSLL,0.0,1,3,,ου:L:nature ο:S:nature ο:S:nature ι:L:unknown ευ:L:nature ει:L:nature+position α:S:unknown α:S:unknown η:L:nature ο:S:nature ο:S:nature ο:L:position ε:S:nature α:S:lexicon ε:L:position ω:L:line_final,"κοῦρον ὀπιπεύειν θαλαμηπόλον—ὀψὲ δ’ ἀνέγνω,"
The Rape of Helen,1,262,True,LLLSSLSSLLLSSLL,LLLSSLSSLLLSSLL,0.0,1,0,,ω:L:nature ου:L:nature ε:L:position ι:S:lexicon ε:S:nature ω:L:nature+position ε:S:nature ε:S:nature ω:L:nature+position ου:L:nature ει:L:nature ε:S:nature α:S:lexicon ε:L:position η:L:line_final,ὡς οὐκ ἔστιν Ἔρως· βελέων δ’ οὐκ εἶδε φαρέτρην—
The Rape of Helen,1,263,True,LSSLSSLSSLLLSSLL,LSSLSSLSSLLLSSLL,1.0,1,2,override,ο:L:position α:S:lexicon ι:S:lexicon α:L:position α:S:unknown ι:S:unknown η:L:nature ι:S:antepenult_accent ε:S:nature υ:L:position η:L:nature οι:L:nature ι:S:antepenult_accent ο:S:nature ω:L:nature ω:L:line_final,πολλάκι δ’ ἀγλαΐῃσιν ἐυγλήνοισι προσώπων
The Rape of Helen,1,264,True,LLLSSLSSLSSLSSLL,LLLSSLSSLSSLSSLL,0.0,1,1,,α:L:position αι:L:nature ει:L:nature ε:S:nature ο:S:nature ευ:L:nature ε:S:nature ο:S:nature η:L:nature ε:S:nature ι:S:unknown ω:L:nature+position α:S:lexicon ι:S:lexicon η:L:nature α:L:lexicon,παπταίνειν ἐδόκευε τὸν ἡμερίδων βασιλῆα·
The Rape of Helen,1,265,True,LLLSSLSSLSSLSSLL,LLLSSLSSLSSLSSLL,0.0,1,1,,α:L:position ου:L:nature η:L:nature ε:S:nature ι:S:unknown ω:L:nature+position α:S:lexicon ε:S:nature η:L:nature ε:S:nature ο:S:nature ευ:L:nature ε:S:nature ο:S:nature ω:L:nature η:L:line_final,ἀλλ’ οὐχ ἡμερίδων θαλερὴν ἐδόκευεν ὀπώρην
The Rape of Helen,1,266,True,LSSLSSLSSLSSLSSLL,LSSLSSLSSLSSLSSLL,0.0,1,5,,ε:L:position α:S:unknown ε:S:nature η:L:nature+position α:S:unknown ι:S:unknown ε:L:position ο:S:nature ε:S:nature ι:L:lexicon υ:S:unknown ο:S:nature η:L:nature ι:S:properispomenon α:S:unknown η:L:nature ου:L:line_final,πεπταμένην χαρίεντος ἐπὶ ξυνοχῇσι καρήνου.
The Rape of Helen,1,267,True,LSSLLLSSLSSLSSLL,LSSLLLSSLSSLSSLL,0.0,1,1,,ο:L:position ε:S:nature ε:S:nature α:L:position η:L:nature α:L:unknown α:S:antepenult_accent ο:S:nature η:L:nature α:S:lexicon ε:S:nature ει:L:nature α:S:lexicon ο:S:nature ω:L:nature η:L:line_final,ὀψὲ δὲ θαμβήσασα τόσην ἀνενείκατο φωνήν·
The Rape of Helen,1,268,True,LSSLSSLSSLSSLSSLL,LSSLSSLSSLSSLSSLL,0.5,1,1,correption,ει:L:nature ε:S:nature ο:S:nature ε:L:position ε:S:nature ε:S:nature ει:L:nature ε:S:nature α:S:unknown ο:L:position ε:S:nature ο:S:nature ει:L:nature ε:S:nature αι:S:nature η:L:nature ι:L:lexicon,"ξεῖνε, πόθεν τελέθεις; ἐρατὸν γένος εἰπὲ καὶ ἡμῖν."
The Rape of Helen,1,269,True,LSSLSSLSSLLLSSLL,LSSLSSLSSLLLSSLL,0.0,1,1,,α:L:position α:S:lexicon ι:S:lexicon η:L:nature+position ε:S:nature ε:S:nature οι:L:nature α:S:lexicon α:S:unknown ι:L:position η:L:nature ω:L:nature α:S:lexicon ι:S:lexicon η:L:nature ι:L:lexicon,"ἀγλαΐην μὲν ἔοικας ἀριζήλῳ βασιλῆι,"
The Rape of Helen,1,270,True,LSSLLLSSLLLSSLL,LSSLLLSSLLLSSLL,0.0,1,0,,α:L:position α:S:lexicon ε:S:nature η:L:nature ου:L:nature οι:L:nature α:S:lexicon α:S:lexicon α:L:position ει:L:nature οι:L:nature ι:S:lexicon ε:S:nature ε:L:position η:L:line_final,ἀλλὰ τεὴν οὐκ οἶδα παρ’ Ἀργείοισι γενέθλην.
The Rape of Helen,1,271,True,LLLSSLSSLSSLSSLL,LLLSSLSSLSSLSSLL,0.0,1,2,,α:L:lexicon α:L:lexicon ευ:L:nature α:S:unknown ι:S:unknown ω:L:nature ο:S:nature α:S:lexicon υ:L:lexicon ο:S:nature ο:S:nature οι:L:nature α:S:lexicon ε:S:nature ε:L:position η:L:line_final,πᾶσαν Δευκαλίωνος ἀμύμονος οἶδα γενέθλην·
The Rape of Helen,1,272,True,LSSLSSLSSLLLSSLL,LSSLSSLSSLLLSSLL,0.0,1,2,,ου:L:nature υ:S:lexicon ο:S:nature η:L:nature α:S:unknown ο:S:nature ε:L:position α:S:antepenult_accent ε:S:nature ει:L:nature+position η:L:nature η:L:nature ι:S:unknown ο:S:nature ου:L:nature α:L:lexicon,"οὐ Πύλον ἠμαθόεσσαν ἔχεις, Νηλήιον οὖδας,"
The Rape of Helen,1,273,True,LSSLSSLSSLLLSSLL,LSSLSSLSSLLLSSLL,0.0,1,1,,α:L:position ι:S:lexicon ο:S:nature ο:L:position ε:S:nature α:S:unknown η:L:nature α:S:antepenult_accent ε:S:nature η:L:nature+position ου:L:nature ει:L:nature ο:S:nature ο:S:nature ω:L:nature η:L:line_final,"—Ἀντίλοχον δεδάηκα, τεὴν δ’ οὐκ εἶδον ὀπωπὴν"
The Rape of Helen,1,274,True,LLLSSLSSLLLSSLL,LLLSSLSSLLLSSLL,1.0,1,2,lexicon_overridden,ου:L:nature+position ι:L:lexicon η:L:nature+position α:S:unknown ι:S:unknown ε:L:position α:S:antepenult_accent α:S:lexicon ι:L:position η:L:nature ω:L:nature+position ο:S:nature ο:S:nature α:L:lexicon ω:L:line_final,"οὐ Φθίην χαρίεσσαν, ἀριστήων τροφὸν ἀνδρῶν·"
The Rape of Helen,1,275,True,LSSLLLSSLSSLSSLL,LSSLLLSSLSSLSSLL,0.0,1,3,,οι:L:nature α:S:lexicon ε:S:nature ι:L:position η:L:nature ι:L:position ο:S:nature ο:S:nature ο:L:position ε:S:nature ο:S:nature αι:L:nature α:S:unknown ι:S:unknown α:L:unknown ω:L:line_final,"οἶδα περικλήιστον ὅλον γένος Αἰακιδάων,"
The Rape of Helen,1,276,True,LSSLLLSSLLLSSLL,LSSLLLSSLLLSSLL,0.0,1,0,,α:L:position α:S:lexicon ι:S:lexicon η:L:nature+position η:L:nature η:L:nature ο:S:nature ε:S:nature υ:L:position ει:L:nature η:L:nature+position ε:S:nature α:S:lexicon ω:L:nature ο:L:line_final,"ἀγλαΐην Πηλῆος, ἐυκλείην Τελαμῶνος,"
The Rape of Helen,1,277,True,LSSLLLSSLSSLSSLL,LSSLLLSSLSSLSSLL,0.5,1,0,correption,η:L:nature ε:S:nature α:S:lexicon α:L:position ο:L:position οι:L:nature ο:S:nature αι:S:nature η:L:nature ο:S:nature ε:S:nature η:L:nature α:S:lexicon ι:S:lexicon η:L:nature ο:L:line_final,ἤθεα Πατρόκλοιο καὶ ἠνορέην Ἀχιλῆος.
The Rape of Helen,1,278,True,LSSLSSLSSLSSLSSLL,LSSLSSLSSLSSLSSLL,0.0,1,1,,οι:L:nature α:S:lexicon α:S:lexicon ι:L:lexicon ο:S:nature ε:S:nature ου:L:nature α:S:lexicon ι:S:unknown υ:L:position ο:S:nature ο:S:nature ε:L:position ε:S:nature ε:S:nature υ:L:position η:L:line_final,τοῖα Πάριν ποθέουσα λιγύθροος ἔννεπε νύμφη·
The Rape of Helen,1,279,True,LSSLSSLLLSSLSSLL,LSSLSSLLLSSLSSLL,0.0,1,1,,αυ:L:nature α:S:lexicon ο:S:nature ει:L:nature ι:S:lexicon ι:S:lexicon η:L:nature η:L:nature ει:L:nature ε:S:nature ο:S:nature η:L:nature υ:S:properispomenon α:S:unknown οι:L:nature+position α:L:line_final,αὐτὰρ ὁ μειλιχίην ἠμείβετο γῆρυν ἀνοίξας·
The Rape of Helen,1,280,True,LSSLSSLSSLSSLSSLL,LSSLSSLSSLSSLSSLL,0.0,1,0,,ει:L:nature ι:S:lexicon α:S:lexicon ου:L:nature+position υ:S:lexicon ι:S:lexicon η:L:nature ε:S:nature ι:S:lexicon ει:L:nature α:S:lexicon ι:S:lexicon αι:L:nature α:S:lexicon α:S:lexicon ου:L:nature ει:L:line_final,"εἴ τινά που Φρυγίης ἐνὶ πείρασι γαῖαν ἀκούεις,"
The Rape of Helen,1,281,True,LSSLLLSSLLLSSLL,LSSLLLSSLLLSSLL,0.5,1,0,correption,ι:L:lexicon ι:S:lexicon ο:S:nature η:L:nature+position υ:L:position ω:L:nature ε:S:nature ο:S:nature ει:L:nature α:L:lexicon ω:L:nature+position αι:S:nature α:S:lexicon ο:L:position ω:L:line_final,"Ἴλιον, ἣν πύργωσε Ποσειδάων καὶ Ἀπόλλων·"
The Rape of Helen,1,282,True,LSSLSSLSSLLLSSLL,LSSLSSLSSLLLSSLL,0.0,1,1,,ει:L:nature ι:S:lexicon α:S:lexicon ου:L:nature ο:S:nature υ:S:unknown ο:L:position ο:S:nature ε:S:nature ι:L:lexicon οι:L:nature η:L:nature α:S:lexicon ι:S:lexicon η:L:nature α:L:lexicon,εἴ τινά που πολύολβον ἐνὶ Τροίῃ βασιλῆα
The Rape of Helen,1,283,True,LSSLLLSSLSSLSSLL,LSSLLLSSLSSLSSLL,0.0,1,3,,ε:L:position υ:S:lexicon ε:S:nature ευ:L:nature ω:L:nature ι:L:unknown ο:S:nature α:S:lexicon ο:L:position ο:S:nature ι:S:unknown α:L:unknown ο:S:nature ε:S:nature ε:L:position η:L:line_final,ἔκλυες εὐώδινος ἀπὸ Κρονίδαο γενέθλης·
The Rape of Helen,1,284,True,LSSLLLLLSSLSSLL,LSSLLLLLSSLSSLL,0.0,1,4,,ε:L:position ε:S:nature α:S:unknown ι:L:position ευ:L:nature ω:L:nature ε:L:position υ:L:unknown ι:S:unknown α:S:antepenult_accent α:L:lexicon α:S:lexicon ι:S:unknown ω:L:nature ω:L:line_final,ἔνθεν ἀριστεύων ἐμφύλια πάντα διώκω.
The Rape of Helen,1,285,True,LSSLSSLSSLLLSSLL,LSSLSSLSSLLLSSLL,0.0,1,0,,ει:L:nature ι:S:lexicon υ:S:lexicon αι:L:nature+position ι:S:lexicon α:S:lexicon οι:L:nature ο:S:nature ο:S:nature υ:L:position υ:L:lexicon ου:L:nature ι:S:lexicon ο:S:nature υι:L:nature ο:L:line_final,"εἰμί, γύναι, Πριάμοιο πολυχρύσου φίλος υἱός,"
The Rape of Helen,1,286,True,LSSLSSLSSLSSLSSLL,LSSLSSLSSLSSLSSLL,0.0,1,0,,ει:L:nature ι:S:lexicon ε:S:nature α:L:position α:S:lexicon ι:S:lexicon η:L:nature ο:S:nature ε:S:nature α:L:position α:S:lexicon ο:S:nature ε:L:position ι:S:lexicon ο:S:nature η:L:nature ε:L:line_final,"εἰμὶ δὲ Δαρδανίδης· ὁ δὲ Δάρδανος ἐκ Διὸς ἦεν,"
The Rape of Helen,1,287,True,LSSLLLSSLLLSSLL,LSSLLLSSLLLSSLL,0.5,1,1,correption,ω:L:nature αι:S:nature α:S:lexicon ου:L:nature υ:L:position οι:L:nature ο:S:nature ε:S:nature οι:L:nature+position υ:L:unknown η:L:nature ο:S:nature ε:S:nature α:L:lexicon ω:L:line_final,ᾧ καὶ ἀπ’ Οὐλύμποιο θεοὶ ξυνήονες ἀνδρῶν
The Rape of Helen,1,288,True,LSSLLLSSLSSLSSLL,LSSLLLSSLSSLSSLL,0.5,1,0,correption,ο:L:position α:S:lexicon ι:S:lexicon η:L:nature ευ:L:nature ου:L:nature ι:S:antepenult_accent αι:S:nature α:L:lexicon α:S:lexicon α:S:lexicon οι:L:nature ε:S:nature ε:S:nature ο:L:position ε:L:line_final,πολλάκι θητεύουσι καὶ ἀθάνατοί περ ἐόντες·
The Rape of Helen,1,289,True,LSSLSSLLLSSLSSLL,LSSLSSLLLSSLSSLL,0.0,1,1,,ω:L:nature ο:S:nature ε:S:nature η:L:nature ε:S:nature ε:S:nature η:L:nature+position ω:L:nature η:L:nature α:S:unknown ο:S:nature ει:L:nature ε:S:nature α:S:lexicon α:L:position η:L:line_final,"ὧν ὁ μὲν ἡμετέρης δωμήσατο τείχεα πάτρης,"
The Rape of Helen,1,290,True,LSSLLLSSLLLSSLL,LSSLLLSSLLLSSLL,0.5,1,0,correption,ει:L:nature ε:S:nature α:S:lexicon α:L:position αι:L:nature ο:L:position α:S:lexicon ο:S:nature ει:L:nature α:L:lexicon ω:L:nature+position αι:S:nature α:S:lexicon ο:L:position ω:L:line_final,"τείχεα μαρμαίροντα, Ποσειδάων καὶ Ἀπόλλων."
The Rape of Helen,1,291,True,LSSLSSLSSLSSLSSLL,LSSLSSLSSLSSLSSLL,0.0,1,3,,αυ:L:nature α:S:lexicon ε:S:nature ω:L:nature α:S:unknown ι:S:unknown ει:L:nature α:S:antepenult_accent ι:S:unknown α:L:position ο:S:nature ο:S:nature ει:L:nature ι:S:lexicon ε:S:nature α:L:lexicon ω:L:line_final,"αὐτὰρ ἐγώ, βασίλεια, δικασπόλος εἰμὶ θεάων·"
The Rape of Helen,1,292,True,LSSLSSLSSLSSLSSLL,LSSLSSLSSLSSLSSLL,0.0,1,4,,αι:L:nature α:S:lexicon α:S:unknown η:L:nature ε:S:nature ε:S:nature η:L:nature ι:S:antepenult_accent ε:S:nature ου:L:nature α:S:unknown ι:S:unknown η:L:nature ι:S:antepenult_accent ι:S:unknown α:L:position ω:L:line_final,καὶ γὰρ ἀκηχεμένῃσιν ἐπουρανίῃσι δικάζων
The Rape of Helen,1,293,True,LSSLSSLSSLSSLSSLL,LSSLSSLSSLSSLSSLL,1.5,1,1,correption,υ:L:position ι:S:unknown ο:S:nature α:L:position α:S:lexicon ι:S:lexicon η:L:nature+position αι:S:nature ε:S:nature η:L:nature α:S:lexicon ο:S:nature η:L:nature ε:S:nature α:S:antepenult_accent ο:L:position η:L:line_final,"Κύπριδος ἀγλαΐην καὶ ἐπήρατον ᾔνεσα μορφήν,"
The Rape of Helen,1,294,True,LSSLLLSSLLLSSLL,LSSLLLSSLLLSSLL,0.0,1,0,,η:L:nature ε:S:nature ε:S:nature ι:L:position η:L:nature ι:L:position ο:S:nature ε:S:nature ω:L:nature α:L:position α:L:position ι:S:lexicon ο:S:nature ε:L:position ω:L:line_final,"ἡ δὲ περικλήιστον, ἐμῶν ἀντάξιον ἔργων,"
The Rape of Helen,1,295,True,LLLSSLSSLSSLSSLL,LLLSSLSSLSSLSSLL,0.0,1,0,,υ:L:position η:L:nature ι:L:lexicon ε:S:nature ο:S:nature ε:L:position α:S:lexicon ε:S:nature οι:L:nature α:S:lexicon ε:S:nature ευ:L:nature ε:S:nature ο:S:nature α:L:paroxytone_short_ultima αι:L:line_final,"νύμφην ἱμερόεσσαν ἐμοὶ κατένευσεν ὀπάσσαι,"
The Rape of Helen,1,296,True,LSSLSSLSSLLLSSLL,LSSLSSLSSLLLSSLL,1.0,1,0,lexicon_overridden,η:L:nature ε:S:nature ε:S:nature η:L:nature ε:S:nature ε:S:nature ου:L:nature ι:S:antepenult_accent α:S:lexicon ι:L:position η:L:nature η:L:nature α:S:lexicon ο:S:nature ι:L:lexicon η:L:line_final,"ἣν Ἑλένην ἐνέπουσι, κασιγνήτην Ἀφροδίτης,"
The Rape of Helen,1,297,True,LSSLLLSSLSSLSSLL,LSSLLLSSLSSLSSLL,1.5,1,1,correption,η:L:nature ε:S:nature ε:S:nature ε:L:position ε:L:position η:L:nature α:S:antepenult_accent αι:S:nature οι:L:nature+position α:S:unknown α:S:antepenult_accent ο:L:position α:S:lexicon ε:S:nature η:L:nature αι:L:line_final,ἧς ἕνεκεν τέτληκα καὶ οἴδματα τόσσα περῆσαι.
The Rape of Helen,1,298,True,LSSLSSLSSLSSLSSLL,LSSLSSLSSLSSLSSLL,0.0,1,2,,ευ:L:nature ο:S:nature α:S:lexicon ο:L:position ε:S:nature α:S:unknown ω:L:nature ε:S:nature ε:S:nature ει:L:nature υ:S:unknown ε:S:nature ει:L:nature α:S:lexicon ε:S:nature ευ:L:nature ει:L:line_final,"δεῦρο γάμον κεράσωμεν, ἐπεὶ Κυθέρεια κελεύει·"
The Rape of Helen,1,299,True,LSSLLLSSLLLSSLL,LSSLLLSSLLLSSLL,0.0,1,2,,η:L:nature ε:S:nature α:S:unknown αι:L:nature+position υ:L:unknown ει:L:nature α:S:antepenult_accent ε:S:nature η:L:nature+position η:L:nature υ:L:paroxytone_short_ultima ι:S:lexicon ε:S:nature ε:L:position η:L:line_final,"μή με καταισχύνειας, ἐμὴν μὴ Κύπριν ἐλέγξῃς."
The Rape of Helen,1,300,True,LSSLSSLSSLSSLSSLL,LSSLSSLSSLSSLSSLL,0.0,1,2,,ου:L:nature ε:S:nature ε:S:nature ω:L:nature ι:S:lexicon ε:S:nature ο:L:position ο:S:nature ε:S:nature ι:L:position α:S:unknown ε:S:nature η:L:nature+position ε:S:nature ι:S:unknown α:L:position ω:L:line_final,οὐκ ἐρέω· τί δὲ τόσσον ἐπισταμένην σε διδάξω;
The Rape of Helen,1,301,True,LSSLSSLSSLSSLSSLL,LSSLSSLSSLSSLSSLL,1.0,1,2,lexicon_overridden,οι:L:nature+position α:S:lexicon α:S:lexicon ω:L:nature+position ε:S:nature ε:S:nature α:L:lexicon ο:S:nature α:S:unknown α:L:position ι:S:unknown ο:S:nature ε:L:position ι:S:lexicon ε:S:nature ε:L:position η:L:line_final,"οἶσθα γάρ, ὡς Μενέλαος ἀνάλκιδός ἐστι γενέθλης·"
The Rape of Helen,1,302,True,LLLSSLSSLLLSSLL,LLLSSLSSLLLSSLL,0.0,1,0,,ου:L:nature οι:L:nature αι:L:nature ε:S:nature α:S:lexicon α:L:lexicon ι:S:lexicon ε:S:nature α:L:position ει:L:nature οι:L:nature ι:S:lexicon υ:S:lexicon αι:L:nature ε:L:line_final,"οὐ τοῖαι γεγάασιν ἐν Ἀργείοισι γυναῖκες,"
The Rape of Helen,1,303,True,LSSLSSLSSLSSLSSLL,LSSLSSLSSLSSLSSLL,0.0,1,2,,αι:L:nature α:S:lexicon α:S:unknown ι:L:position ο:S:nature ε:S:nature οι:L:nature ι:S:antepenult_accent α:S:unknown ε:L:position ο:S:nature ε:S:nature αι:L:nature ε:S:nature ε:S:nature ε:L:position ι:L:antepenult_accent,καὶ γὰρ ἀκιδνοτέροισιν ἀεξόμεναι μελέεσσιν
The Rape of Helen,1,304,True,LLLSSLSSLSSLSSLL,LLLSSLSSLSSLSSLL,0.0,1,0,,α:L:lexicon ω:L:nature ει:L:nature ο:S:nature ε:S:nature ου:L:nature ι:S:lexicon ο:S:nature οι:L:nature ε:S:nature ε:S:nature ο:L:position ο:S:nature υ:S:lexicon αι:L:nature ε:L:line_final,"ἀνδρῶν εἶδος ἔχουσι, νόθοι δ’ ἐγένοντο γυναῖκες."
The Rape of Helen,1,305,True,LSSLSSLSSLSSLSSLL,LSSLSSLSSLSSLSSLL,0.0,1,0,,ε:L:position ε:S:nature ε:S:nature η:L:nature ε:S:nature ο:S:nature ε:L:position α:S:antepenult_accent ε:S:nature ι:L:lexicon ο:S:nature ι:S:lexicon η:L:nature+position ε:S:nature ο:S:nature ω:L:nature η:L:line_final,ἔννεπεν· ἡ δ’ ἐρόεσσαν ἐπὶ χθονὶ πῆξεν ὀπωπὴν
The Rape of Helen,1,306,True,LSSLSSLSSLLLSSLL,LSSLSSLSSLLLSSLL,0.5,1,2,correption,η:L:nature ο:S:nature α:S:unknown η:L:nature α:S:unknown ε:S:nature ου:L:nature α:S:antepenult_accent αι:S:nature ου:L:nature η:L:nature ει:L:nature ε:S:nature ο:S:nature υ:L:position η:L:line_final,δηρὸν ἀμηχανέουσα καὶ οὐκ ἠμείβετο νύμφη.
The Rape of Helen,1,307,True,LSSLLLSSLSSLSSLL,LSSLLLSSLSSLSSLL,0.0,1,1,,ο:L:position ε:S:nature ε:S:nature α:L:position η:L:nature α:L:unknown α:S:antepenult_accent ο:S:nature η:L:nature α:S:lexicon ε:S:nature ει:L:nature α:S:lexicon ο:S:nature ω:L:nature η:L:line_final,ὀψὲ δὲ θαμβήσασα τόσην ἀνενείκατο φωνήν·
The Rape of Helen,1,308,True,LSSLLLSSLSSLSSLL,LSSLLLSSLSSLSSLL,0.0,1,1,,α:L:position ε:S:nature ε:S:nature ω:L:nature ω:L:nature+position ει:L:nature ε:S:nature ε:S:nature η:L:nature+position ο:S:nature ε:S:nature υ:L:position ε:S:nature α:S:unknown α:L:position η:L:line_final,"ἀτρεκέως, ὦ ξεῖνε, τεῆς ποτε πυθμένα πάτρης"
The Rape of Helen,1,309,True,LSSLLLSSLLLSSLL,LSSLLLSSLLLSSLL,1.5,1,0,correption;lexicon_overridden,ο:L:position ι:S:lexicon ε:S:nature ω:L:nature η:L:nature α:L:position ο:S:nature ο:S:nature ει:L:nature α:L:lexicon ω:L:nature+position αι:S:nature α:S:lexicon ο:L:position ω:L:line_final,τὸ πρὶν ἐδωμήσαντο Ποσειδάων καὶ Ἀπόλλων;
The Rape of Helen,1,310,True,LSSLSSLLLSSLSSLL,LSSLSSLLLSSLSSLL,0.0,1,1,,η:L:nature ε:S:nature ο:S:nature α:L:lexicon α:S:lexicon α:S:lexicon ω:L:nature+position αι:L:nature α:L:position α:S:unknown α:S:antepenult_accent ει:L:nature α:S:properispomenon ο:S:nature η:L:nature αι:L:line_final,ἤθελον ἀθανάτων δαιδάλματα κεῖνα νοῆσαι
The Rape of Helen,1,311,True,LSSLSSLSSLSSLLLL,LSSLSSLSSLSSLLLL,2.5,1,1,lexicon_overridden,αι:L:nature ο:S:nature ο:S:nature οι:L:nature ο:S:nature ο:S:nature οι:L:nature ο:S:nature ι:S:unknown υ:L:position ο:S:nature ο:S:nature α:L:lexicon ο:L:position ω:L:nature ο:L:line_final,"καὶ νομὸν οἰοπόλοιο λιγύπνοον Ἀπόλλωνος,"
The Rape of Helen,1,312,True,LSSLLLSSLSSLSSLL,LSSLLLSSLSSLSSLL,0.0,1,0,,ε:L:position α:S:lexicon ε:S:nature ο:L:position η:L:nature οι:L:nature ι:S:antepenult_accent α:S:lexicon α:L:lexicon ο:S:nature υ:S:lexicon οι:L:nature ι:S:lexicon υ:S:lexicon α:L:lexicon ω:L:line_final,ἔνθα θεοδμήτοισι παρὰ προθύροισι πυλάων
The Rape of Helen,1,313,True,LSSLSSLSSLSSLSSLL,LSSLSSLSSLSSLSSLL,0.0,1,1,,ο:L:position α:S:lexicon ι:S:lexicon ει:L:nature ι:S:unknown ο:S:nature ε:L:position ι:S:antepenult_accent ε:S:nature ε:L:position ε:S:nature ο:S:nature ου:L:nature ι:S:lexicon α:S:lexicon ο:L:position ω:L:line_final,πολλάκις εἰλιπόδεσσιν ἐφέσπετο βουσὶν Ἀπόλλων.
The Rape of Helen,1,314,True,LSSLLLSSLLLSSLL,LSSLLLSSLLLSSLL,0.0,1,0,,α:L:position ε:S:nature ο:S:nature η:L:nature+position α:L:position η:L:nature ε:S:nature ε:S:nature ι:L:lexicon οι:L:nature η:L:nature+position ε:S:nature ο:S:nature ι:L:position ω:L:line_final,ἀγρέο νῆν Σπάρτηθεν ἐπὶ Τροίην με κομίζων.
The Rape of Helen,1,315,True,LSSLSSLSSLSSLSSLL,LSSLSSLSSLSSLSSLL,0.5,1,4,correption,ε:L:position ο:S:nature αι:S:nature ω:L:nature+position υ:S:unknown ε:S:nature ει:L:nature α:S:lexicon α:S:unknown ω:L:nature+position α:S:unknown ι:S:unknown ει:L:nature α:S:antepenult_accent ε:S:nature ευ:L:nature ει:L:line_final,"ἕψομαι, ὡς Κυθέρεια γάμων βασίλεια κελεύει."
The Rape of Helen,1,316,True,LSSLSSLSSLLLSSLL,LSSLSSLSSLLLSSLL,0.0,1,0,,ου:L:nature+position ο:S:nature ε:S:nature ω:L:nature ε:S:nature ε:S:nature α:L:lexicon ο:S:nature ο:S:nature α:L:position οι:L:nature η:L:nature ε:S:nature ο:S:nature η:L:nature η:L:line_final,"οὐ τρομέω Μενέλαον, ὅταν Τροίη με νοήσῃ·"
The Rape of Helen,1,317,True,LLLSSLLLSSLSSLL,LLLSSLLLSSLSSLL,0.0,1,2,,οι:L:nature η:L:nature+position υ:L:position ε:S:nature ι:S:unknown η:L:nature+position α:L:position ι:L:position υ:S:unknown ο:S:nature ε:L:position ε:S:nature ε:S:nature υ:L:position η:L:line_final,τοίην συνθεσίην καλλίσφυρος ἔννεπε νύμφη.
The Rape of Helen,1,318,True,LSSLLLSSLSSLSSLL,LSSLLLSSLSSLSSLL,0.0,1,0,,υ:L:position ε:S:nature ο:S:nature ω:L:nature α:L:position αυ:L:nature α:S:antepenult_accent ε:S:nature η:L:nature ε:S:nature ι:S:lexicon οι:L:nature ο:S:nature ε:S:nature ευ:L:nature ου:L:line_final,"νὺξ δέ, πόνων ἄμπαυμα μετ’ ἠελίοιο κελεύθους,"
The Rape of Helen,1,319,True,LSSLLLSSLSSLSSLL,LSSLLLSSLSSLSSLL,0.0,1,0,,υ:L:paroxytone_short_ultima ο:S:nature ε:S:nature α:L:position ι:L:position ου:L:nature α:S:antepenult_accent α:S:lexicon η:L:nature ο:S:nature ο:S:nature ω:L:nature α:S:lexicon ε:S:nature η:L:nature ω:L:line_final,"ὕπνον ἐλαφρίζουσα, παρήορον ὤπασεν ἠῶ"
The Rape of Helen,1,320,True,LSSLLLSSLLLSSLL,LSSLLLSSLLLSSLL,0.0,1,0,,α:L:position ο:S:nature ε:S:nature η:L:nature+position οι:L:nature α:L:position ε:S:nature υ:S:lexicon α:L:lexicon ω:L:nature ι:L:position ε:S:nature ο:S:nature ει:L:nature ω:L:line_final,"ἀρχομένην· δοιὰς δὲ πύλας ὤιξεν ὀνείρων,"
The Rape of Helen,1,321,True,LSSLLLSSLSSLSSLL,LSSLLLSSLSSLSSLL,0.0,1,2,,η:L:nature+position ε:S:nature α:S:unknown η:L:nature ει:L:nature η:L:nature+position ε:S:nature α:S:unknown ω:L:nature α:S:lexicon ε:S:nature α:L:position ε:S:nature ο:S:nature ο:L:position ο:L:line_final,τὴν μὲν ἀληθείης—κεράων ἀπελάμπετο κόσμος—
The Rape of Helen,1,322,True,LSSLLLSSLLLSSLL,LSSLLLSSLLLSSLL,0.0,1,1,,ε:L:position ε:S:nature α:S:unknown α:L:position ω:L:nature+position ου:L:nature ι:S:antepenult_accent ε:S:nature ω:L:nature+position η:L:nature ε:L:position ε:S:nature ε:S:nature ο:L:position αι:L:line_final,"ἔνθεν ἀναθρῴσκουσι θεῶν νημερτέες ὀμφαί,"
The Rape of Helen,1,323,True,LSSLSSLSSLLLSSLL,LSSLSSLSSLLLSSLL,0.0,1,1,,η:L:nature+position ε:S:nature ο:S:nature ο:L:position ο:S:nature υ:S:unknown η:L:nature+position ε:S:nature ε:S:nature ω:L:nature+position ε:L:position ει:L:nature α:S:antepenult_accent ο:S:nature ει:L:nature ω:L:line_final,"τὴν δὲ δολοφροσύνης, κενεῶν θρέπτειραν ὀνείρων."
The Rape of Helen,1,324,True,LSSLSSLSSLSSLSSLL,LSSLSSLSSLSSLSSLL,0.0,1,1,,αυ:L:nature α:S:lexicon ο:S:nature ο:L:position ο:S:nature ο:S:nature ω:L:nature ε:S:nature ε:S:nature η:L:nature ε:S:nature ι:S:lexicon ε:L:position α:S:unknown α:S:antepenult_accent η:L:nature ω:L:line_final,αὐτὰρ ὁ ποντοπόρων Ἑλένην ἐπὶ σέλματα νηῶν
The Rape of Helen,1,325,True,LSSLSSLSSLLLSSLL,LSSLSSLSSLLLSSLL,0.0,1,1,,ε:L:position α:S:lexicon α:S:lexicon ω:L:nature ε:S:nature ο:S:nature ι:L:position ε:S:nature ι:S:unknown ο:L:position ει:L:nature ου:L:nature ε:S:nature ε:S:nature α:L:lexicon ου:L:line_final,"ἐκ θαλάμων ἐκόμισσε φιλοξείνου Μενελάου,"
The Rape of Helen,1,326,True,LSSLSSLSSLSSLSSLL,LSSLSSLSSLSSLSSLL,0.0,1,3,,υ:L:lexicon ι:S:lexicon ο:S:nature ω:L:nature+position υ:S:lexicon ε:S:nature ο:L:position ο:S:nature υ:S:unknown ο:L:position ε:S:nature ι:S:unknown η:L:nature υ:S:unknown ε:S:nature ει:L:nature η:L:line_final,κυδιόων δ’ ὑπέροπλον ὑποσχεσίῃ Κυθερείης
The Rape of Helen,1,327,True,LSSLLLSSLSSLLLL,LSSLLLSSLSSLLLL,1.5,1,0,,ο:L:position ο:S:nature α:S:lexicon ω:L:nature ε:L:position ευ:L:nature ε:S:nature ε:S:nature ι:L:lexicon ι:S:lexicon ο:S:nature ι:L:lexicon ω:L:nature+position οι:L:nature ο:L:line_final,φόρτον ἄγων ἔσπευδεν ἐς Ἴλιον ἰωχμοῖο.
The Rape of Helen,1,328,True,LSSLSSLSSLLLSSLL,LSSLSSLSSLLLSSLL,0.0,1,3,,ε:L:position ι:S:unknown ο:S:nature η:L:nature α:S:lexicon ε:S:nature οι:L:nature ι:S:lexicon α:S:unknown ο:L:position ι:L:position α:L:unknown α:S:antepenult_accent α:S:lexicon υ:L:position η:L:line_final,Ἑρμιόνη δ’ ἀνέμοισιν ἀπορρίψασα καλύπτρην
The Rape of Helen,1,329,True,LSSLSSLSSLSSLSSLL,LSSLSSLSSLSSLSSLL,0.0,1,2,,ι:L:position α:S:unknown ε:S:nature η:L:nature+position ο:S:nature υ:S:lexicon α:L:position υ:S:lexicon α:S:unknown ε:L:position ε:S:nature ε:S:nature η:L:nature ι:S:lexicon ε:S:nature ει:L:nature η:L:line_final,"ἱσταμένης πολύδακρυς ἀνέστενεν ἠριγενείης,"
The Rape of Helen,1,330,True,LSSLSSLSSLLLSSLL,LSSLSSLSSLLLSSLL,0.0,1,0,,ο:L:position α:S:lexicon ι:S:lexicon α:L:position ι:S:lexicon ο:S:nature ου:L:nature+position α:S:lexicon α:S:lexicon ω:L:nature ε:L:position ο:L:position ε:S:nature α:S:lexicon ου:L:nature α:L:lexicon,"πολλάκι δ’ ἀμφιπόλους θαλάμων ἔκτοσθε λαβοῦσα,"
The Rape of Helen,1,331,True,LSSLSSLSSLSSLSSLL,LSSLSSLSSLSSLSSLL,0.0,1,0,,ο:L:position υ:S:lexicon α:S:lexicon ο:L:position ο:S:nature ο:S:nature ω:L:nature α:S:antepenult_accent ο:S:nature η:L:nature α:S:lexicon ε:S:nature ει:L:nature α:S:lexicon ο:S:nature ω:L:nature η:L:line_final,ὀξύτατον βοόωσα τόσην ἀνενείκατο φωνήν·
The Rape of Helen,1,332,True,LLLSSLSSLSSLSSLL,LLLSSLSSLSSLSSLL,0.0,1,0,,αι:L:nature ε:L:position η:L:nature ε:S:nature ι:S:lexicon ου:L:nature α:S:lexicon ο:S:nature υ:L:position ο:S:nature ο:S:nature ω:L:nature ε:S:nature ο:S:nature η:L:nature η:L:line_final,"παῖδες, πῆ με λιποῦσα πολύστονον ᾤχετο μήτηρ,"
The Rape of Helen,1,333,True,LLLSSLSSLLLSSLL,LLLSSLSSLLLSSLL,0.0,1,0,,η:L:nature+position ι:L:position ο:L:position υ:S:lexicon ε:S:nature οι:L:nature α:S:lexicon α:S:lexicon ω:L:nature+position η:L:nature ι:L:circumflex α:S:properispomenon ε:S:nature ου:L:nature α:L:lexicon,ἣ χθιζόν σὺν ἐμοὶ θαλάμων κληῖδας ἑλοῦσα
The Rape of Helen,1,334,True,LSSLLLSSLSSLSSLL,LSSLLLSSLSSLSSLL,1.5,1,1,correption,ε:L:position α:S:unknown ε:S:nature υ:L:position ω:L:nature ου:L:nature α:S:antepenult_accent αι:S:nature ε:L:position ι:S:lexicon α:S:lexicon η:L:nature υ:S:lexicon ε:S:nature ευ:L:nature η:L:line_final,ἔδραθεν ὑπνώουσα καὶ ἐς μίαν ἤλυθεν εὐνήν;
The Rape of Helen,1,335,True,LSSLSSLSSLLLSSLL,LSSLSSLSSLLLSSLL,0.0,1,3,,ε:L:position ε:S:nature ε:S:nature α:L:position υ:S:unknown ε:S:nature ου:L:nature α:S:antepenult_accent υ:S:unknown ω:L:nature υ:L:unknown ο:L:position ο:S:nature ε:S:nature αι:L:nature ε:L:line_final,"ἔννεπε δακρυχέουσα, συνωδύροντο δὲ παῖδες."
The Rape of Helen,1,336,True,LSSLSSLSSLSSLSSLL,LSSLSSLSSLSSLSSLL,0.0,1,1,,α:L:position ο:S:nature ε:S:nature αι:L:nature ε:S:nature α:S:lexicon ε:L:position ε:S:nature ε:S:nature ι:L:lexicon ο:S:nature υ:S:lexicon οι:L:nature ι:S:lexicon ε:S:nature υ:L:unknown ει:L:line_final,ἀγρόμεναι δ’ ἑκάτερθεν ἐπὶ προθύροισιν ἐρύκειν
The Rape of Helen,1,337,True,LSSLSSLSSLLLSSLL,LSSLSSLSSLLLSSLL,0.0,1,1,,ε:L:position ι:S:lexicon ο:S:nature η:L:nature+position ε:S:nature α:S:unknown ου:L:nature α:S:antepenult_accent ε:S:nature ει:L:nature η:L:nature α:L:position ο:S:nature υ:S:lexicon αι:L:nature ε:L:line_final,Ἑρμιόνην στενάχουσαν ἐπειρήσαντο γυναῖκες·
The Rape of Helen,1,338,True,LSSLSSLSSLSSLSSSLL,LSSLSSLSSLSSLSSSLL,99.0,0,2,unmetrical,ε:L:position ο:S:nature ο:S:nature υ:L:lexicon ο:S:nature ε:S:nature η:L:nature ο:S:nature ο:S:nature ευ:L:nature α:S:unknown ο:S:nature ω:L:nature ι:S:unknown ε:S:nature ο:S:nature η:L:nature η:L:line_final,"τέκνον ὀδυρομένη, γόον εὔνασον. Ὤιετο μήτηρ,"
The Rape of Helen,1,339,True,LLLSSLSSLLLSSLL,LLLSSLSSLLLSSLL,0.0,1,0,,ο:L:position η:L:nature ει:L:nature α:S:lexicon ι:S:lexicon ο:L:position ο:S:nature ε:S:nature ι:L:lexicon αι:L:nature ου:L:nature α:S:lexicon ο:S:nature η:L:nature ει:L:line_final,νοστήσει παλίνορσος· ἔτι κλαίουσα νοήσεις.
The Rape of Helen,1,340,True,LSSLSSLSSLLLSSLL,LSSLSSLSSLLLSSLL,0.0,1,2,,ου:L:nature ο:S:nature α:S:lexicon α:L:nature+position ο:S:nature ε:S:nature αι:L:nature ε:S:nature ε:S:nature ι:L:unknown υ:L:unknown ου:L:nature ι:S:antepenult_accent ο:S:nature ω:L:nature αι:L:line_final,"οὐχ ὁράᾳς; γοεραί μὲν ἐπιμύουσιν ὀπωπαί,"
The Rape of Helen,1,341,True,LSSLSSLSSLSSLSSLL,LSSLSSLSSLSSLSSLL,0.0,1,2,,υ:L:lexicon α:S:lexicon ε:S:nature υ:L:unknown ο:S:nature ε:S:nature η:L:nature+position α:S:unknown ε:S:nature αι:L:nature ι:S:lexicon υ:S:lexicon ου:L:nature ι:S:lexicon α:S:lexicon ει:L:nature αι:L:line_final,πυκνὰ δὲ μυρομένης θαλεραὶ μινύθουσι παρειαί.
The Rape of Helen,1,342,True,LSSLLLSSLSSLSSLL,LSSLLLSSLSSLSSLL,0.0,1,1,,η:L:nature α:S:lexicon α:S:lexicon υ:L:position α:L:lexicon ω:L:nature ε:S:nature ο:S:nature η:L:nature υ:S:lexicon ι:S:lexicon α:L:position ο:S:nature ε:S:nature α:L:unknown ω:L:line_final,ἦ τάχα νυμφάων ἐς ὁμήγυριν ἀγρομενάων
The Rape of Helen,1,343,True,LSSLLLSSLLLSSLL,LSSLLLSSLLLSSLL,0.0,1,2,,η:L:nature υ:S:lexicon ε:S:nature ι:L:unknown ει:L:nature η:L:nature+position ε:S:nature α:S:unknown α:L:position α:L:position ου:L:nature α:S:antepenult_accent ε:S:nature ευ:L:nature ου:L:line_final,"ἤλυθεν, ἰθείης δὲ παραπλάζουσα κελεύθου"
The Rape of Helen,1,344,True,LSSLSSLSSLLLSSLL,LSSLSSLSSLLLSSLL,2.0,1,1,correption,ι:L:position α:S:lexicon αι:S:nature α:L:position α:S:unknown ο:S:nature ω:L:nature α:S:antepenult_accent αι:S:nature ε:L:position ει:L:nature ω:L:nature α:S:properispomenon ο:S:nature ου:L:nature α:L:lexicon,"ἵσταται ἀσχαλόωσα, καὶ ἐς λειμῶνα μολοῦσα"
The Rape of Helen,1,345,True,LLLSSLSSLSSLSSLL,LLLSSLSSLSSLSSLL,0.0,1,2,,ω:L:nature α:L:unknown ω:L:nature+position ο:S:nature ο:S:nature ε:L:position ο:S:nature υ:S:lexicon ε:L:position ε:S:nature ι:S:lexicon οι:L:nature ο:S:nature α:S:unknown α:L:position ει:L:line_final,"ὡράων δροσόεντος ὑπὲρ πεδίοιο θαάσσει,"
The Rape of Helen,1,346,True,LSSLLLSSLSSLSSLL,LSSLLLSSLSSLSSLL,0.0,1,0,,η:L:nature+position ο:S:nature α:S:lexicon α:L:position ω:L:nature οι:L:nature ο:S:nature ο:S:nature ε:L:position ο:S:nature ε:S:nature η:L:nature ο:S:nature α:S:lexicon οι:L:nature ο:L:line_final,ἢ χρόα πατρῴοιο λοεσσομένη ποταμοῖο
The Rape of Helen,1,347,True,LSSLLLSSLLLSSLL,LSSLLLSSLLLSSLL,0.0,1,1,,ω:L:nature ε:S:nature ο:S:nature αι:L:nature η:L:nature υ:L:lexicon ε:S:nature ε:S:nature ευ:L:nature ω:L:nature α:L:unknown ο:S:nature ε:S:nature ε:L:position οι:L:line_final,ᾤχετο καὶ δήθυνεν ἐπ’ Εὐρώταο ῥεέθροις.
The Rape of Helen,1,348,True,LSSLLLSSLSSLSSLL,LSSLLLSSLSSLSSLL,0.0,1,2,,οι:L:nature α:S:lexicon ε:S:nature α:L:position υ:L:unknown α:L:unknown α:S:antepenult_accent ο:S:nature υ:L:position ο:S:nature ο:S:nature ε:L:position ε:S:nature ε:S:nature ου:L:nature η:L:line_final,τοῖα δὲ δακρύσασα πολύστονος ἔννεπε κούρη·
The Rape of Helen,1,349,True,LSSLSSLSSLSSLSSLL,LSSLSSLSSLSSLSSLL,0.0,1,1,,οι:L:nature ε:S:nature ο:S:nature ο:L:position ο:S:nature α:S:lexicon ω:L:nature ε:S:nature α:S:unknown η:L:nature ο:S:nature ο:S:nature οι:L:nature ε:S:nature ε:S:nature ευ:L:nature ου:L:line_final,"οἶδεν ὄρος, ποταμῶν ἐδάη ῥόον, οἶδε κελεύθους"
The Rape of Helen,1,350,True,LSSLLLSSLLLSSLL,LSSLLLSSLLLSSLL,0.0,1,0,,ε:L:position ο:S:nature ο:S:nature ε:L:position ει:L:nature ω:L:nature α:S:properispomenon ι:S:lexicon οι:L:nature+position ε:L:position ε:L:position ε:S:nature υ:S:lexicon αι:L:nature ε:L:line_final,"ἐς ῥόδον, ἐς λειμῶνα· τί μοι φθέγγεσθε, γυναῖκες;"
The Rape of Helen,1,351,True,LSSLLLSSLSSLSSLL,LSSLLLSSLSSLSSLL,1.5,1,1,correption,α:L:position ε:S:nature ε:S:nature υ:L:position ω:L:nature ου:L:nature ι:S:antepenult_accent αι:S:nature ε:L:position ο:S:nature ε:S:nature οι:L:nature ι:S:antepenult_accent ι:S:unknown αυ:L:nature ει:L:line_final,"ἀστέρες ὑπνώουσι, καὶ ἐν σκοπέλοισιν ἰαύει·"
The Rape of Helen,1,352,True,LSSLLLSSLSSLSSLL,LSSLLLSSLSSLSSLL,0.5,1,0,correption,α:L:position ε:S:nature ε:S:nature α:L:position ε:L:position ου:L:nature ι:S:antepenult_accent αι:S:nature ου:L:nature α:S:lexicon ι:S:lexicon ο:L:position ο:S:nature ι:S:lexicon α:L:lexicon ει:L:line_final,"ἀστέρες ἀντέλλουσι, καὶ οὐ παλίνορσος ἱκάνει."
The Rape of Helen,1,353,True,LSSLSSLSSLSSLSSLL,LSSLSSLSSLSSLSSLL,0.0,1,0,,η:L:nature ε:S:nature ε:S:nature η:L:nature ι:S:lexicon α:S:lexicon ω:L:nature ο:S:nature ε:S:nature ει:L:nature+position ι:S:lexicon α:S:lexicon ου:L:nature ε:S:nature α:S:lexicon αι:L:nature ει:L:line_final,"μῆτερ ἐμή, τίνα χῶρον ἔχεις; τίνα δ’ οὔρεα ναίεις;"
The Rape of Helen,1,354,True,LSSLLLSSLSSLSSLL,LSSLLLSSLSSLSSLL,0.5,1,0,correption,α:L:position ο:S:nature ε:S:nature η:L:nature+position η:L:nature ε:L:position ε:S:nature α:S:lexicon ε:L:position α:S:lexicon ο:S:nature α:L:position α:S:lexicon αι:S:nature αυ:L:nature οι:L:line_final,πλαζομένην θῆρές σε κατέκτανον; ἀλλὰ καὶ αὐτοὶ
The Rape of Helen,1,355,True,LSSLLLSSLSSLSSLL,LSSLLLSSLSSLSSLL,0.0,1,1,,η:L:nature ε:S:nature α:S:unknown ι:L:position η:L:nature οι:L:nature ο:S:nature ι:S:lexicon ο:L:position ο:S:nature ε:S:nature ου:L:nature ι:S:lexicon ε:S:nature ε:L:position η:L:line_final,θῆρες ἀριζήλοιο Διὸς τρομέουσι γενέθλην
The Rape of Helen,1,356,True,LSSLSSLSSLSSLSSLL,LSSLSSLSSLSSLSSLL,0.0,1,3,,η:L:nature ι:S:unknown ε:S:nature ε:L:position ο:S:nature ε:S:nature ω:L:nature+position α:S:unknown α:S:unknown η:L:nature ε:S:nature ι:S:lexicon ω:L:nature α:S:lexicon ο:S:nature ι:L:lexicon η:L:line_final,ἤριπες ἐξ ὀχέων χθαμαλῆς ἐπὶ νῶτα κονίης
The Rape of Helen,1,357,True,LSSLSSLSSLLLSSLL,LSSLSSLSSLLLSSLL,0.0,1,1,,ο:L:position ε:S:nature α:S:lexicon οι:L:nature ο:S:nature ο:S:nature οι:L:nature ι:S:lexicon ε:S:nature ι:L:lexicon υ:L:unknown οι:L:nature ι:S:properispomenon ι:S:lexicon ου:L:nature α:L:lexicon,σὸν δέμας οἰοπόλοισιν ἐνὶ δρυμοῖσι λιποῦσα;
The Rape of Helen,1,358,True,LSSLLLSSLSSLSSLL,LSSLLLSSLSSLSSLL,0.0,1,2,,α:L:position α:S:lexicon ο:S:nature υ:L:position ε:L:position ω:L:nature+position υ:S:unknown ο:S:nature ω:L:nature υ:S:lexicon ο:S:nature α:L:position ι:S:unknown ο:S:nature υ:L:lexicon η:L:line_final,ἀλλὰ πολυπρέμνων ξυλόχων ὑπὸ δάσκιον ὕλην
The Rape of Helen,1,359,True,LSSLLLSSLLLSSLL,LSSLLLSSLLLSSLL,0.5,1,1,correption,ε:L:position ε:S:nature α:S:lexicon α:L:position η:L:nature α:L:unknown α:S:antepenult_accent αι:S:nature αυ:L:nature ω:L:nature+position ε:L:position ι:S:lexicon ε:S:nature η:L:nature ω:L:line_final,δένδρεα παπτήνασα καὶ αὐτῶν μέχρι πετήλων
The Rape of Helen,1,360,True,LSSLSSLSSLSSLSSLL,LSSLSSLSSLSSLSSLL,1.0,1,0,correption,ο:L:position ε:S:nature α:S:lexicon ου:L:nature ε:S:nature ο:S:nature η:L:nature α:S:lexicon αι:S:nature ου:L:nature ε:S:nature ε:S:nature ι:L:position ο:S:nature αι:S:nature υ:L:lexicon η:L:line_final,σὸν δέμας οὐκ ἐνόησα· καὶ οὐ νεμεσίζομαι ὕλῃ.
The Rape of Helen,1,361,True,LSSLSSLSSLLLSSLL,LSSLSSLSSLLLSSLL,0.0,1,2,,η:L:nature ι:S:unknown ε:S:nature οι:L:nature+position ο:S:nature ο:S:nature ε:L:position ο:S:nature ε:S:nature ευ:L:nature ω:L:nature α:L:unknown ο:S:nature ε:S:nature ε:L:position οι:L:line_final,μὴ διεροῖς στονόεντος ἐπ’ Εὐρώταο ῥεέθροις
The Rape of Helen,1,362,True,LSSLSSLSSLSSLSSLL,LSSLSSLSSLSSLSSLL,0.0,1,4,,η:L:nature ο:S:nature ε:S:nature η:L:nature ε:S:nature α:S:lexicon υ:L:position ε:S:nature υ:S:unknown ο:L:position υ:S:unknown ι:S:unknown η:L:nature+position ε:S:nature α:S:unknown η:L:nature η:L:line_final,νηχομένην ἐκάλυψεν ὑποβρυχίην σε γαλήνη;
The Rape of Helen,1,363,True,LSSLSSLSSLSSLSSLL,LSSLSSLSSLSSLSSLL,3.0,1,2,correption,α:L:position α:S:lexicon αι:S:nature ε:L:position ο:S:nature α:S:unknown οι:L:nature ι:S:properispomenon αι:S:nature ε:L:position ε:S:nature α:S:unknown ε:L:position ι:S:antepenult_accent α:S:lexicon α:L:position η:L:line_final,ἀλλὰ καὶ ἐν ποταμοῖσι καὶ ἐν πελάγεσσι θαλάσσης
The Rape of Helen,1,364,True,LSSLLLSSLLLSSLL,LSSLLLSSLLLSSLL,0.5,1,1,correption,η:L:nature ι:S:unknown α:S:paroxytone_short_ultima ε:L:position ω:L:nature ου:L:nature ι:S:lexicon αι:S:nature ου:L:nature+position ει:L:nature ου:L:nature ι:S:lexicon υ:S:lexicon αι:L:nature α:L:lexicon,νηιάδες ζώουσι καὶ οὐ κτείνουσι γυναῖκας.
The Rape of Helen,1,365,True,LLLSSLSSLLLSSLL,LLLSSLSSLLLSSLL,0.0,1,3,,ω:L:nature η:L:nature ε:L:position ε:S:nature α:S:unknown ι:L:position ε:S:nature α:S:unknown α:L:position ι:L:unknown ου:L:nature α:S:antepenult_accent ε:S:nature ει:L:nature η:L:line_final,ὣς ἡ μὲν στενάχιζεν· ἀνακλίνουσα δὲ δειρὴν
The Rape of Helen,1,366,True,LSSLSSLSSLSSLSSLL,LSSLSSLSSLSSLSSLL,1.0,1,1,cluster_short,υ:L:paroxytone_short_ultima ο:S:nature ε:S:position ει:L:nature α:S:lexicon α:S:lexicon οι:L:nature ο:S:nature υ:S:unknown ε:L:position ο:S:nature ο:S:nature η:L:nature α:S:lexicon ε:S:nature υ:L:position η:L:line_final,"ὕπνον ἔπνει, θανάτοιο συνέμπορον· ἦ γὰρ ἐτύχθη"
The Rape of Helen,1,367,True,LSSLLLLLSSLSSLL,LSSLLLLLSSLSSLL,0.5,1,3,correption,α:L:position ω:S:nature α:S:lexicon α:L:position αι:L:nature η:L:nature+position υ:L:unknown η:L:nature ι:S:unknown α:S:antepenult_accent α:L:lexicon α:S:lexicon α:S:unknown ο:L:position ε:L:line_final,ἄμφω ἀναγκαίη ξυνήια πάντα λαχόντε
The Rape of Helen,1,368,True,LSSLSSLSSLLLSSLL,LSSLSSLSSLLLSSLL,0.0,1,1,,ε:L:position α:S:lexicon α:S:unknown αι:L:nature ο:S:nature ε:S:nature οι:L:nature ο:S:nature α:S:lexicon ι:L:position η:L:nature οι:L:nature ο:S:nature ι:S:lexicon ω:L:nature ει:L:line_final,ἔργα παλαιοτέροιο κασιγνήτοιο διώκειν.
The Rape of Helen,1,369,True,LSSLSSLSSLSSLSSLL,LSSLSSLSSLSSLSSLL,0.0,1,4,,ε:L:position ε:S:nature α:S:unknown η:L:nature ε:S:nature ε:S:nature οι:L:nature ι:S:antepenult_accent α:S:unknown υ:L:unknown ο:S:nature ε:S:nature αι:L:nature+position ε:S:nature α:S:unknown οι:L:nature ι:L:antepenult_accent,ἔνθεν ἀκηχεμένοισι βαρυνόμεναι βλεφάροισι
The Rape of Helen,1,370,True,LSSLLLSSLLLSSLL,LSSLLLSSLLLSSLL,0.0,1,0,,ο:L:position α:S:lexicon ι:S:lexicon υ:L:position ω:L:nature ου:L:nature ι:S:antepenult_accent ο:S:nature ε:L:position αι:L:nature ου:L:nature ι:S:antepenult_accent υ:S:lexicon αι:L:nature ε:L:line_final,"πολλάκις ὑπνώουσιν, ὅτε κλαίουσι, γυναῖκες."
The Rape of Helen,1,371,True,LSSLLLSSLSSLSSLL,LSSLLLSSLSSLSSLL,0.0,1,2,,η:L:nature ε:S:nature α:S:unknown η:L:nature ευ:L:nature ου:L:nature α:S:antepenult_accent ο:S:nature ο:L:position ο:S:nature υ:S:unknown η:L:nature ι:S:antepenult_accent ο:S:nature ει:L:nature ω:L:line_final,ἡ μὲν ἀλητεύουσα δολοφροσύνῃσιν ὀνείρων
The Rape of Helen,1,372,True,LSSLLLLLSSLSSLL,LSSLLLLLSSLSSLL,0.0,1,2,,η:L:nature ε:S:nature α:S:lexicon α:L:position αι:L:nature ει:L:nature ω:L:nature ι:L:unknown α:S:unknown ο:S:nature οι:L:nature α:S:lexicon ε:S:nature ου:L:nature η:L:line_final,"μητέρα παπταίνειν ὠίσατο, τοῖα δὲ κούρη"
The Rape of Helen,1,373,True,LSSLLLSSLSSLSSLL,LSSLLLSSLSSLSSLL,0.5,1,1,correption,ι:L:lexicon α:S:lexicon ε:S:nature α:L:position η:L:nature α:L:unknown α:S:antepenult_accent αι:S:nature α:L:lexicon υ:S:lexicon ε:S:nature η:L:nature ε:S:nature ε:S:nature ου:L:nature α:L:lexicon,ἴαχε θαμβήσασα καὶ ἀχνυμένη περ ἐοῦσα·
The Rape of Helen,1,374,True,LSSLSSLSSLLLSSLL,LSSLSSLSSLLLSSLL,0.0,1,2,,ι:L:position ο:S:nature ο:S:nature υ:L:unknown ο:S:nature ε:S:nature η:L:nature+position ε:S:nature ο:S:nature ω:L:nature ε:L:position ο:L:position ε:S:nature υ:S:unknown ου:L:nature α:L:properispomenon,χθιζὸν ὀδυρομένην με δόμων ἔκτοσθε φυγοῦσα
The Rape of Helen,1,375,True,LSSLLLSSLSSLSSLL,LSSLLLSSLSSLSSLL,0.0,1,0,,α:L:lexicon ι:S:lexicon ε:S:nature υ:L:position ω:L:nature ου:L:nature α:S:antepenult_accent υ:S:lexicon ε:L:position ε:S:nature ε:S:nature ω:L:nature+position ε:S:nature ε:S:nature η:L:nature ο:L:line_final,κάλλιπες ὑπνώουσαν ὑπὲρ λεχέων γενετῆρος.
The Rape of Helen,1,376,True,LSSLSSLSSLSSLSSLL,LSSLSSLSSLSSLSSLL,0.0,1,1,,οι:L:nature ο:S:nature ο:S:nature ο:L:position ε:S:nature ε:S:nature η:L:nature α:S:lexicon ι:S:unknown α:L:position ο:S:nature ε:S:nature οι:L:nature α:S:antepenult_accent ο:S:nature ω:L:nature α:L:line_final,ποῖον ὄρος μεθέηκα; τίνας προλέλοιπα κολώνας;
The Rape of Helen,1,377,True,LLLSSLSSLSSLLSLLLSLL,LLLSSLSSLSSLLSLLLSLL,99.0,0,0,unmetrical,ου:L:nature ω:L:nature α:L:position ι:S:lexicon ο:S:nature οι:L:nature ο:S:nature ε:S:nature α:L:position ο:S:nature ι:S:lexicon η:L:nature α:L:lexicon ο:S:nature ι:L:lexicon η:L:nature α:L:lexicon ο:S:nature ι:L:lexicon η:L:line_final,οὕτω καλλικόμοιο μεθ’ ἁρμονίην Ἀφροδίτην Ἀφροδίτης;
The Rape of Helen,1,378,True,LSSLLLSSLSSLSSLL,LSSLLLSSLSSLSSLL,1.0,1,1,lexicon_overridden,οι:L:nature α:S:lexicon ε:S:nature ω:L:nature η:L:nature α:L:lexicon α:S:lexicon ο:S:nature ε:L:position ε:S:nature ε:S:nature υ:L:position α:S:unknown ε:S:nature ω:L:nature η:L:line_final,τοῖα δὲ φωνήσασα προσέννεπε Τυνδαρεώνη·
The Rape of Helen,1,379,True,LSSLSSLLLSSLSSLL,LSSLSSLLLSSLSSLL,0.0,1,1,,ε:L:position ο:S:nature α:S:lexicon η:L:nature ε:S:nature ε:S:nature η:L:nature η:L:nature ε:L:position ε:S:nature ο:S:nature ει:L:nature α:S:lexicon α:S:unknown ου:L:nature η:L:line_final,"τέκνον ἀκηχεμένη, μὴ μέμφεο δεινὰ παθούσῃ·"
The Rape of Helen,1,380,True,LLLSSLSSLSSLSSLL,LLLSSLSSLSSLSSLL,1.0,1,4,lexicon_overridden,ο:L:position ι:L:position ο:L:position ε:S:nature ο:S:nature ω:L:nature α:S:unknown α:S:unknown η:L:nature ι:S:unknown ο:S:nature η:L:nature+position α:S:unknown ε:S:nature α:L:lexicon η:L:line_final,ὁ χθιζός με μολών ἀπατήλιος ἥρπασεν ἀνήρ.
The Rape of Helen,1,381,True,LSSLSSLSSLSSLSSLL,LSSLSSLSSLSSLSSLL,0.5,1,1,correption,ε:L:position ε:S:nature ε:S:nature η:L:nature α:S:lexicon ο:S:nature ου:L:nature ε:S:nature αι:S:nature ου:L:nature ο:S:nature ο:S:nature ω:L:nature α:S:antepenult_accent ι:S:unknown η:L:nature η:L:line_final,ἔννεπεν. ἡ δ’ ἀνόρουσε καὶ οὐχ ὁρόωσα τιθήνην
The Rape of Helen,1,382,True,LSSLSSLSSLLLSSLL,LSSLSSLSSLLLSSLL,0.0,1,4,,ο:L:position υ:S:unknown ε:S:nature η:L:nature ο:S:nature υ:S:lexicon α:L:lexicon ο:S:nature α:S:unknown ε:L:position υ:L:unknown η:L:nature α:S:unknown ο:S:nature ω:L:nature η:L:line_final,ὀξυτέρῃ πολὺ μᾶλλον ἀνεβρυχήσατο φωνῇ·
The Rape of Helen,1,383,True,LSSLLLSSLSSLSSLL,LSSLLLSSLSSLSSLL,0.0,1,1,,η:L:nature ε:S:nature ι:S:unknown η:L:nature ο:L:position ι:L:lexicon ε:S:nature ε:S:nature υ:L:position ε:S:nature α:S:antepenult_accent ε:L:position α:S:lexicon ε:S:nature ε:L:position η:L:line_final,"ἠερίης, ὄρνιθες, ἐύπτερα τέκνα γενέθλης,"
The Rape of Helen,1,384,True,LSSLLLSSLLLSSLL,LSSLLLSSLLLSSLL,1.0,1,0,lexicon_overridden,ει:L:nature α:S:lexicon ε:S:nature ο:L:position η:L:nature α:L:lexicon ε:S:nature ε:S:nature ι:L:lexicon η:L:nature η:L:nature+position ε:S:nature ε:S:nature α:L:lexicon ω:L:line_final,εἴπατε νοστήσαντες ἐπὶ Κρήτην Μενελάῳ·
The Rape of Helen,1,385,True,LSSLLLSSLSSLSSLL,LSSLLLSSLSSLSSLL,0.0,1,2,,ι:L:position ο:S:nature ε:S:nature ι:L:lexicon α:L:position η:L:nature+position ι:S:lexicon α:S:lexicon η:L:nature α:S:unknown ε:S:nature ι:L:position ι:S:unknown ο:S:nature ε:L:position ω:L:line_final,χθιζὸν ἐπὶ Σπάρτην τις ἀνὴρ ἀθεμίστιος ἐλθὼν
The Rape of Helen,1,386,True,LSSLLLSSLSSLSSLL,LSSLLLSSLSSLSSLL,0.0,1,3,,α:L:position α:S:lexicon ι:S:lexicon η:L:nature+position υ:L:position α:L:unknown α:S:antepenult_accent ε:S:nature ω:L:nature α:S:unknown α:S:unknown α:L:position ε:S:nature ε:S:nature α:L:position ω:L:line_final,ἀγλαΐην ξύμπασαν ἑῶν ἀλάπαξε μελάθρων.
The Rape of Helen,1,387,True,LLLSSLSSLSSLLLL,LLLSSLSSLSSLLLL,1.5,1,0,,ω:L:nature η:L:nature ε:L:position ο:S:nature υ:S:lexicon α:L:position υ:S:lexicon ε:S:nature η:L:nature ε:S:nature α:S:lexicon ω:L:nature η:L:nature α:L:lexicon α:L:lexicon,"ὣς ἡ μὲν πολύδακρυς ἐς ἠέρα φωνήσασα,"
The Rape of Helen,1,388,True,LSSLLLSSLLLSSLL,LSSLLLSSLLLSSLL,0.0,1,1,,η:L:nature ε:S:nature α:S:lexicon α:L:position ευ:L:nature ου:L:nature α:S:antepenult_accent α:S:unknown η:L:nature ε:L:position α:L:position ε:S:nature ο:S:nature ου:L:nature η:L:line_final,"μητέρα μαστεύουσα, μάτην ἐπλάζετο κούρη."
The Rape of Helen,1,389,True,LSSLSSLSSLSSLSSLL,LSSLSSLSSLSSLSSLL,0.5,1,0,correption,αι:L:nature ι:S:lexicon ο:S:nature ω:L:nature+position ο:S:nature ι:S:lexicon ε:L:position α:S:lexicon αι:S:nature αι:L:nature ο:S:nature ι:S:paroxytone_short_ultima ο:L:position ο:S:nature ο:S:nature ε:L:position η:L:line_final,καὶ Κικόνων πτολίεθρα καὶ Αἰολίδος πόρον Ἕλλης
The Rape of Helen,1,390,True,LSSLSSLSSLSSLSSLL,LSSLSSLSSLSSLSSLL,0.0,1,3,,α:L:position α:S:unknown ι:S:unknown η:L:nature+position ι:S:unknown ε:S:nature ε:L:position ι:S:antepenult_accent ο:S:nature υ:L:position ι:S:paroxytone_short_ultima ο:S:nature η:L:nature α:S:lexicon ε:S:nature υ:L:position η:L:line_final,Δαρδανίης λιμένεσσιν ὁ νυμφίος ἤγαγε νύμφην.
The Rape of Helen,1,391,True,LSSLSSLSSLLLSSLL,LSSLSSLSSLLLSSLL,0.0,1,0,,υ:L:lexicon α:S:lexicon ε:S:nature ι:L:paroxytone_short_ultima ε:S:nature ο:S:nature η:L:nature+position υ:S:lexicon ε:S:nature η:L:nature+position ε:L:position ι:L:position ε:S:nature α:S:lexicon υ:L:position η:L:line_final,"πυκνὰ δὲ τίλλε κόμην, χρυσέην δ’ ἔρριψε καλύπτρην"
The Rape of Helen,1,392,True,LLLSSLSSLSSLSSLL,LLLSSLSSLSSLSSLL,0.0,1,0,,α:L:position α:L:position η:L:nature ε:S:nature ο:S:nature οι:L:nature ο:S:nature α:S:lexicon α:L:position ο:S:nature ο:S:nature η:L:nature ο:S:nature ι:S:lexicon ου:L:nature α:L:lexicon,Κασσάνδρη νεόφοιτον ἀπ’ ἀκροπόληος ἰδοῦσα.
The Rape of Helen,1,393,True,LLLSSLSSLLLSSLL,LLLSSLSSLLLSSLL,1.0,1,2,lexicon_overridden,οι:L:nature η:L:nature υ:L:position ι:S:unknown ο:S:nature ω:L:nature+position υ:S:lexicon ε:S:nature ω:L:nature+position η:L:nature ι:L:circumflex α:S:properispomenon α:S:unknown ει:L:nature α:L:properispomenon,Τροίη δ’ ὑψιδόμων πυλέων κληῖδας ἀνεῖσα
The Rape of Helen,1,394,True,LSSLLLSSLSSLSSLL,LSSLLLSSLSSLSSLL,0.0,1,2,,ε:L:position α:S:lexicon ο:S:nature ο:L:position η:L:nature α:L:lexicon α:S:lexicon ο:S:nature α:L:position ε:S:nature α:S:unknown ο:L:position ο:S:nature ι:S:unknown η:L:nature η:L:line_final,δέξατο νοστήσαντα τὸν ἀρχέκακον πολιήτην.
